ISO-10303-21;
HEADER;
FILE_DESCRIPTION((''),'2;1');
FILE_NAME('5015680307','2020-06-23T',('gga'),(''),
'PRO/ENGINEER BY PARAMETRIC TECHNOLOGY CORPORATION, 2016010',
'PRO/ENGINEER BY PARAMETRIC TECHNOLOGY CORPORATION, 2016010','');
FILE_SCHEMA(('CONFIG_CONTROL_DESIGN'));
ENDSEC;
DATA;
#1=DIRECTION('',(-1.E0,0.E0,0.E0));
#2=VECTOR('',#1,6.4E-1);
#3=CARTESIAN_POINT('',(2.3E0,-2.675E0,-6.5E-1));
#4=LINE('',#3,#2);
#5=DIRECTION('',(1.E0,0.E0,0.E0));
#6=VECTOR('',#5,4.6E0);
#7=CARTESIAN_POINT('',(-2.3E0,-2.675E0,-1.05E0));
#8=LINE('',#7,#6);
#9=DIRECTION('',(1.E0,0.E0,0.E0));
#10=VECTOR('',#9,6.4E-1);
#11=CARTESIAN_POINT('',(-2.3E0,-2.675E0,-6.5E-1));
#12=LINE('',#11,#10);
#13=DIRECTION('',(0.E0,0.E0,-1.E0));
#14=VECTOR('',#13,2.2E0);
#15=CARTESIAN_POINT('',(-1.66E0,-2.675E0,1.55E0));
#16=LINE('',#15,#14);
#17=DIRECTION('',(1.E0,0.E0,0.E0));
#18=VECTOR('',#17,3.32E0);
#19=CARTESIAN_POINT('',(-1.66E0,-2.675E0,1.55E0));
#20=LINE('',#19,#18);
#21=DIRECTION('',(0.E0,0.E0,1.E0));
#22=VECTOR('',#21,2.2E0);
#23=CARTESIAN_POINT('',(1.66E0,-2.675E0,-6.5E-1));
#24=LINE('',#23,#22);
#25=DIRECTION('',(2.576626505603E-1,9.662349396012E-1,0.E0));
#26=VECTOR('',#25,7.762087348130E-1);
#27=CARTESIAN_POINT('',(1.66E0,-2.675E0,-6.5E-1));
#28=LINE('',#27,#26);
#29=DIRECTION('',(1.E0,0.E0,0.E0));
#30=VECTOR('',#29,6.4E-1);
#31=CARTESIAN_POINT('',(1.86E0,-1.925E0,-6.5E-1));
#32=LINE('',#31,#30);
#33=CARTESIAN_POINT('',(2.3E0,-2.475E0,-6.5E-1));
#34=DIRECTION('',(0.E0,0.E0,1.E0));
#35=DIRECTION('',(0.E0,-1.E0,0.E0));
#36=AXIS2_PLACEMENT_3D('',#33,#34,#35);
#38=DIRECTION('',(0.E0,-1.E0,0.E0));
#39=VECTOR('',#38,9.E-1);
#40=CARTESIAN_POINT('',(7.5E-1,1.465E0,1.55E0));
#41=LINE('',#40,#39);
#42=CARTESIAN_POINT('',(6.E-1,1.465E0,1.55E0));
#43=DIRECTION('',(0.E0,0.E0,-1.E0));
#44=DIRECTION('',(-4.440892098501E-14,1.E0,0.E0));
#45=AXIS2_PLACEMENT_3D('',#42,#43,#44);
#47=DIRECTION('',(1.E0,0.E0,0.E0));
#48=VECTOR('',#47,1.2E0);
#49=CARTESIAN_POINT('',(-6.E-1,1.615E0,1.55E0));
#50=LINE('',#49,#48);
#51=CARTESIAN_POINT('',(-6.E-1,1.465E0,1.55E0));
#52=DIRECTION('',(0.E0,0.E0,-1.E0));
#53=DIRECTION('',(-1.E0,0.E0,0.E0));
#54=AXIS2_PLACEMENT_3D('',#51,#52,#53);
#56=DIRECTION('',(0.E0,1.E0,0.E0));
#57=VECTOR('',#56,9.E-1);
#58=CARTESIAN_POINT('',(-7.5E-1,5.65E-1,1.55E0));
#59=LINE('',#58,#57);
#60=CARTESIAN_POINT('',(-6.E-1,5.65E-1,1.55E0));
#61=DIRECTION('',(0.E0,0.E0,-1.E0));
#62=DIRECTION('',(2.220446049250E-14,-1.E0,0.E0));
#63=AXIS2_PLACEMENT_3D('',#60,#61,#62);
#65=DIRECTION('',(-1.E0,0.E0,0.E0));
#66=VECTOR('',#65,1.2E0);
#67=CARTESIAN_POINT('',(6.E-1,4.15E-1,1.55E0));
#68=LINE('',#67,#66);
#69=CARTESIAN_POINT('',(6.E-1,5.65E-1,1.55E0));
#70=DIRECTION('',(0.E0,0.E0,-1.E0));
#71=DIRECTION('',(1.E0,0.E0,0.E0));
#72=AXIS2_PLACEMENT_3D('',#69,#70,#71);
#74=DIRECTION('',(2.576626505603E-1,9.662349396012E-1,0.E0));
#75=VECTOR('',#74,7.762087348130E-1);
#76=CARTESIAN_POINT('',(1.66E0,-2.675E0,1.55E0));
#77=LINE('',#76,#75);
#78=DIRECTION('',(-2.576626505603E-1,9.662349396012E-1,0.E0));
#79=VECTOR('',#78,7.762087348130E-1);
#80=CARTESIAN_POINT('',(-1.66E0,-2.675E0,1.55E0));
#81=LINE('',#80,#79);
#82=DIRECTION('',(1.E0,0.E0,0.E0));
#83=VECTOR('',#82,4.4E-1);
#84=CARTESIAN_POINT('',(-2.3E0,-1.925E0,1.55E0));
#85=LINE('',#84,#83);
#86=DIRECTION('',(-1.E0,0.E0,0.E0));
#87=VECTOR('',#86,4.4E-1);
#88=CARTESIAN_POINT('',(2.3E0,-1.925E0,1.55E0));
#89=LINE('',#88,#87);
#90=DIRECTION('',(0.E0,0.E0,1.E0));
#91=VECTOR('',#90,3.8E-1);
#92=CARTESIAN_POINT('',(7.5E-1,1.465E0,1.17E0));
#93=LINE('',#92,#91);
#94=DIRECTION('',(0.E0,0.E0,1.E0));
#95=VECTOR('',#94,3.8E-1);
#96=CARTESIAN_POINT('',(7.5E-1,5.65E-1,1.17E0));
#97=LINE('',#96,#95);
#98=DIRECTION('',(0.E0,0.E0,1.E0));
#99=VECTOR('',#98,3.8E-1);
#100=CARTESIAN_POINT('',(6.E-1,4.15E-1,1.17E0));
#101=LINE('',#100,#99);
#102=DIRECTION('',(0.E0,0.E0,1.E0));
#103=VECTOR('',#102,3.8E-1);
#104=CARTESIAN_POINT('',(-6.E-1,4.15E-1,1.17E0));
#105=LINE('',#104,#103);
#106=DIRECTION('',(0.E0,0.E0,1.E0));
#107=VECTOR('',#106,3.8E-1);
#108=CARTESIAN_POINT('',(-7.5E-1,5.65E-1,1.17E0));
#109=LINE('',#108,#107);
#110=DIRECTION('',(0.E0,0.E0,1.E0));
#111=VECTOR('',#110,3.8E-1);
#112=CARTESIAN_POINT('',(-7.5E-1,1.465E0,1.17E0));
#113=LINE('',#112,#111);
#114=DIRECTION('',(0.E0,0.E0,1.E0));
#115=VECTOR('',#114,3.8E-1);
#116=CARTESIAN_POINT('',(-6.E-1,1.615E0,1.17E0));
#117=LINE('',#116,#115);
#118=DIRECTION('',(0.E0,0.E0,1.E0));
#119=VECTOR('',#118,3.8E-1);
#120=CARTESIAN_POINT('',(6.E-1,1.615E0,1.17E0));
#121=LINE('',#120,#119);
#122=DIRECTION('',(0.E0,-1.E0,0.E0));
#123=VECTOR('',#122,9.E-1);
#124=CARTESIAN_POINT('',(7.5E-1,1.465E0,1.17E0));
#125=LINE('',#124,#123);
#126=CARTESIAN_POINT('',(6.E-1,5.65E-1,1.17E0));
#127=DIRECTION('',(0.E0,0.E0,-1.E0));
#128=DIRECTION('',(1.E0,0.E0,0.E0));
#129=AXIS2_PLACEMENT_3D('',#126,#127,#128);
#131=DIRECTION('',(-1.E0,0.E0,0.E0));
#132=VECTOR('',#131,1.2E0);
#133=CARTESIAN_POINT('',(6.E-1,4.15E-1,1.17E0));
#134=LINE('',#133,#132);
#135=CARTESIAN_POINT('',(-6.E-1,5.65E-1,1.17E0));
#136=DIRECTION('',(0.E0,0.E0,-1.E0));
#137=DIRECTION('',(2.220446049250E-14,-1.E0,0.E0));
#138=AXIS2_PLACEMENT_3D('',#135,#136,#137);
#140=DIRECTION('',(0.E0,1.E0,0.E0));
#141=VECTOR('',#140,9.E-1);
#142=CARTESIAN_POINT('',(-7.5E-1,5.65E-1,1.17E0));
#143=LINE('',#142,#141);
#144=CARTESIAN_POINT('',(-6.E-1,1.465E0,1.17E0));
#145=DIRECTION('',(0.E0,0.E0,-1.E0));
#146=DIRECTION('',(-1.E0,0.E0,0.E0));
#147=AXIS2_PLACEMENT_3D('',#144,#145,#146);
#149=DIRECTION('',(1.E0,0.E0,0.E0));
#150=VECTOR('',#149,1.2E0);
#151=CARTESIAN_POINT('',(-6.E-1,1.615E0,1.17E0));
#152=LINE('',#151,#150);
#153=CARTESIAN_POINT('',(6.E-1,1.465E0,1.17E0));
#154=DIRECTION('',(0.E0,0.E0,-1.E0));
#155=DIRECTION('',(-2.368475785867E-14,1.E0,0.E0));
#156=AXIS2_PLACEMENT_3D('',#153,#154,#155);
#158=DIRECTION('',(0.E0,-1.E0,0.E0));
#159=VECTOR('',#158,3.65E0);
#160=CARTESIAN_POINT('',(-2.075E0,2.525E0,1.17E0));
#161=LINE('',#160,#159);
#162=DIRECTION('',(0.E0,-1.E0,0.E0));
#163=VECTOR('',#162,1.8E-1);
#164=CARTESIAN_POINT('',(-1.725E0,-1.125E0,1.17E0));
#165=LINE('',#164,#163);
#166=DIRECTION('',(0.E0,-7.071067811865E-1,-7.071067811865E-1));
#167=VECTOR('',#166,1.838477631085E-1);
#168=CARTESIAN_POINT('',(-1.725E0,-1.305E0,1.17E0));
#169=LINE('',#168,#167);
#170=DIRECTION('',(-1.E0,0.E0,0.E0));
#171=VECTOR('',#170,3.45E0);
#172=CARTESIAN_POINT('',(1.725E0,-1.435E0,1.04E0));
#173=LINE('',#172,#171);
#174=DIRECTION('',(0.E0,7.071067811865E-1,7.071067811865E-1));
#175=VECTOR('',#174,1.838477631085E-1);
#176=CARTESIAN_POINT('',(1.725E0,-1.435E0,1.04E0));
#177=LINE('',#176,#175);
#178=DIRECTION('',(-1.E0,0.E0,0.E0));
#179=VECTOR('',#178,3.45E0);
#180=CARTESIAN_POINT('',(1.725E0,-1.305E0,1.17E0));
#181=LINE('',#180,#179);
#182=DIRECTION('',(0.E0,0.E0,-1.E0));
#183=VECTOR('',#182,6.E-1);
#184=CARTESIAN_POINT('',(-1.725E0,-1.125E0,1.17E0));
#185=LINE('',#184,#183);
#186=DIRECTION('',(0.E0,-1.E0,0.E0));
#187=VECTOR('',#186,3.65E0);
#188=CARTESIAN_POINT('',(-1.725E0,2.525E0,5.7E-1));
#189=LINE('',#188,#187);
#190=DIRECTION('',(0.E0,-1.E0,0.E0));
#191=VECTOR('',#190,3.96E0);
#192=CARTESIAN_POINT('',(-1.725E0,2.525E0,-1.17E0));
#193=LINE('',#192,#191);
#194=DIRECTION('',(-1.E0,0.E0,0.E0));
#195=VECTOR('',#194,3.5E-1);
#196=CARTESIAN_POINT('',(2.075E0,-1.125E0,5.7E-1));
#197=LINE('',#196,#195);
#198=DIRECTION('',(0.E0,0.E0,-1.E0));
#199=VECTOR('',#198,6.E-1);
#200=CARTESIAN_POINT('',(2.075E0,-1.125E0,1.17E0));
#201=LINE('',#200,#199);
#202=DIRECTION('',(1.E0,0.E0,0.E0));
#203=VECTOR('',#202,3.5E-1);
#204=CARTESIAN_POINT('',(1.725E0,-1.125E0,1.17E0));
#205=LINE('',#204,#203);
#206=DIRECTION('',(1.E0,0.E0,0.E0));
#207=VECTOR('',#206,3.5E-1);
#208=CARTESIAN_POINT('',(-2.075E0,-1.125E0,1.17E0));
#209=LINE('',#208,#207);
#210=DIRECTION('',(0.E0,0.E0,1.E0));
#211=VECTOR('',#210,6.E-1);
#212=CARTESIAN_POINT('',(-2.075E0,-1.125E0,5.7E-1));
#213=LINE('',#212,#211);
#214=DIRECTION('',(-1.E0,0.E0,0.E0));
#215=VECTOR('',#214,3.5E-1);
#216=CARTESIAN_POINT('',(-1.725E0,-1.125E0,5.7E-1));
#217=LINE('',#216,#215);
#218=DIRECTION('',(0.E0,-1.E0,0.E0));
#219=VECTOR('',#218,3.65E0);
#220=CARTESIAN_POINT('',(1.725E0,2.525E0,5.7E-1));
#221=LINE('',#220,#219);
#222=DIRECTION('',(0.E0,0.E0,-1.E0));
#223=VECTOR('',#222,6.E-1);
#224=CARTESIAN_POINT('',(1.725E0,-1.125E0,1.17E0));
#225=LINE('',#224,#223);
#226=DIRECTION('',(0.E0,-1.E0,0.E0));
#227=VECTOR('',#226,1.8E-1);
#228=CARTESIAN_POINT('',(1.725E0,-1.125E0,1.17E0));
#229=LINE('',#228,#227);
#230=DIRECTION('',(0.E0,0.E0,1.E0));
#231=VECTOR('',#230,4.8E-1);
#232=CARTESIAN_POINT('',(-1.125E0,-1.435E0,2.5E-2));
#233=LINE('',#232,#231);
#234=DIRECTION('',(1.E0,0.E0,0.E0));
#235=VECTOR('',#234,2.5E-1);
#236=CARTESIAN_POINT('',(-1.125E0,-1.435E0,5.05E-1));
#237=LINE('',#236,#235);
#238=DIRECTION('',(0.E0,0.E0,1.E0));
#239=VECTOR('',#238,4.8E-1);
#240=CARTESIAN_POINT('',(-8.75E-1,-1.435E0,2.5E-2));
#241=LINE('',#240,#239);
#242=DIRECTION('',(1.E0,0.E0,0.E0));
#243=VECTOR('',#242,2.5E-1);
#244=CARTESIAN_POINT('',(-1.125E0,-1.435E0,2.5E-2));
#245=LINE('',#244,#243);
#246=DIRECTION('',(0.E0,0.E0,1.E0));
#247=VECTOR('',#246,4.8E-1);
#248=CARTESIAN_POINT('',(-1.25E-1,-1.435E0,2.5E-2));
#249=LINE('',#248,#247);
#250=DIRECTION('',(1.E0,0.E0,0.E0));
#251=VECTOR('',#250,2.5E-1);
#252=CARTESIAN_POINT('',(-1.25E-1,-1.435E0,5.05E-1));
#253=LINE('',#252,#251);
#254=DIRECTION('',(0.E0,0.E0,1.E0));
#255=VECTOR('',#254,4.8E-1);
#256=CARTESIAN_POINT('',(1.25E-1,-1.435E0,2.5E-2));
#257=LINE('',#256,#255);
#258=DIRECTION('',(1.E0,0.E0,0.E0));
#259=VECTOR('',#258,2.5E-1);
#260=CARTESIAN_POINT('',(-1.25E-1,-1.435E0,2.5E-2));
#261=LINE('',#260,#259);
#262=DIRECTION('',(0.E0,0.E0,1.E0));
#263=VECTOR('',#262,4.8E-1);
#264=CARTESIAN_POINT('',(8.75E-1,-1.435E0,2.5E-2));
#265=LINE('',#264,#263);
#266=DIRECTION('',(1.E0,0.E0,0.E0));
#267=VECTOR('',#266,2.5E-1);
#268=CARTESIAN_POINT('',(8.75E-1,-1.435E0,5.05E-1));
#269=LINE('',#268,#267);
#270=DIRECTION('',(0.E0,0.E0,1.E0));
#271=VECTOR('',#270,4.8E-1);
#272=CARTESIAN_POINT('',(1.125E0,-1.435E0,2.5E-2));
#273=LINE('',#272,#271);
#274=DIRECTION('',(1.E0,0.E0,0.E0));
#275=VECTOR('',#274,2.5E-1);
#276=CARTESIAN_POINT('',(8.75E-1,-1.435E0,2.5E-2));
#277=LINE('',#276,#275);
#278=DIRECTION('',(0.E0,0.E0,1.E0));
#279=VECTOR('',#278,2.21E0);
#280=CARTESIAN_POINT('',(-1.725E0,-1.435E0,-1.17E0));
#281=LINE('',#280,#279);
#282=DIRECTION('',(-1.E0,0.E0,0.E0));
#283=VECTOR('',#282,5.9E-1);
#284=CARTESIAN_POINT('',(-1.135E0,-1.435E0,-1.17E0));
#285=LINE('',#284,#283);
#286=DIRECTION('',(0.E0,0.E0,1.E0));
#287=VECTOR('',#286,2.7E-1);
#288=CARTESIAN_POINT('',(-1.135E0,-1.435E0,-1.17E0));
#289=LINE('',#288,#287);
#290=DIRECTION('',(-1.E0,0.E0,0.E0));
#291=VECTOR('',#290,2.27E0);
#292=CARTESIAN_POINT('',(1.135E0,-1.435E0,-9.E-1));
#293=LINE('',#292,#291);
#294=DIRECTION('',(0.E0,0.E0,1.E0));
#295=VECTOR('',#294,2.7E-1);
#296=CARTESIAN_POINT('',(1.135E0,-1.435E0,-1.17E0));
#297=LINE('',#296,#295);
#298=DIRECTION('',(-1.E0,0.E0,0.E0));
#299=VECTOR('',#298,5.9E-1);
#300=CARTESIAN_POINT('',(1.725E0,-1.435E0,-1.17E0));
#301=LINE('',#300,#299);
#302=DIRECTION('',(0.E0,0.E0,-1.E0));
#303=VECTOR('',#302,2.21E0);
#304=CARTESIAN_POINT('',(1.725E0,-1.435E0,1.04E0));
#305=LINE('',#304,#303);
#306=DIRECTION('',(0.E0,-1.E0,0.E0));
#307=VECTOR('',#306,4.550252531694E-1);
#308=CARTESIAN_POINT('',(-1.125E0,-2.669974746831E0,-1.3E0));
#309=LINE('',#308,#307);
#310=DIRECTION('',(0.E0,0.E0,-1.E0));
#311=VECTOR('',#310,1.5E-1);
#312=CARTESIAN_POINT('',(-1.125E0,-3.225E0,-1.4E0));
#313=LINE('',#312,#311);
#314=DIRECTION('',(0.E0,1.E0,0.E0));
#315=VECTOR('',#314,6.E-1);
#316=CARTESIAN_POINT('',(-1.125E0,-3.125E0,-1.65E0));
#317=LINE('',#316,#315);
#318=DIRECTION('',(0.E0,7.071067811865E-1,7.071067811865E-1));
#319=VECTOR('',#318,5.515432893255E-1);
#320=CARTESIAN_POINT('',(-1.125E0,-2.525E0,-1.65E0));
#321=LINE('',#320,#319);
#322=DIRECTION('',(0.E0,0.E0,-1.E0));
#323=VECTOR('',#322,1.150252531694E-1);
#324=CARTESIAN_POINT('',(-1.125E0,-2.535E0,-1.05E0));
#325=LINE('',#324,#323);
#326=DIRECTION('',(0.E0,-7.071067811865E-1,-7.071067811865E-1));
#327=VECTOR('',#326,1.908831175457E-1);
#328=CARTESIAN_POINT('',(-1.125E0,-2.535E0,-1.165025253169E0));
#329=LINE('',#328,#327);
#330=DIRECTION('',(0.E0,-1.E0,0.E0));
#331=VECTOR('',#330,1.379309367425E0);
#332=CARTESIAN_POINT('',(-1.125E0,-5.569063257456E-2,5.05E-1));
#333=LINE('',#332,#331);
#334=DIRECTION('',(0.E0,1.E0,0.E0));
#335=VECTOR('',#334,1.379309367425E0);
#336=CARTESIAN_POINT('',(-1.125E0,-1.435E0,2.5E-2));
#337=LINE('',#336,#335);
#338=DIRECTION('',(0.E0,9.863939238321E-1,1.643989873054E-1));
#339=VECTOR('',#338,5.240510888265E-1);
#340=CARTESIAN_POINT('',(-1.125E0,-1.459088574822E-2,2.840151904196E-2));
#341=LINE('',#340,#339);
#342=DIRECTION('',(0.E0,0.E0,1.E0));
#343=VECTOR('',#342,1.529309367425E-1);
#344=CARTESIAN_POINT('',(-1.125E0,5.65E-1,1.885345316287E-1));
#345=LINE('',#344,#343);
#346=DIRECTION('',(0.E0,-9.863939238321E-1,1.643989873054E-1));
#347=VECTOR('',#346,5.240510888265E-1);
#348=CARTESIAN_POINT('',(-1.125E0,5.023299240479E-1,4.154450126587E-1));
#349=LINE('',#348,#347);
#350=DIRECTION('',(1.E0,0.E0,0.E0));
#351=VECTOR('',#350,2.5E-1);
#352=CARTESIAN_POINT('',(-1.125E0,-2.669974746831E0,-1.3E0));
#353=LINE('',#352,#351);
#354=DIRECTION('',(1.E0,0.E0,0.E0));
#355=VECTOR('',#354,2.5E-1);
#356=CARTESIAN_POINT('',(-1.125E0,-2.535E0,-1.165025253169E0));
#357=LINE('',#356,#355);
#358=DIRECTION('',(-1.E0,0.E0,0.E0));
#359=VECTOR('',#358,1.375E0);
#360=CARTESIAN_POINT('',(2.5E0,-2.135E0,-1.05E0));
#361=LINE('',#360,#359);
#362=DIRECTION('',(0.E0,-1.E0,0.E0));
#363=VECTOR('',#362,4.E-1);
#364=CARTESIAN_POINT('',(1.125E0,-2.135E0,-1.05E0));
#365=LINE('',#364,#363);
#366=DIRECTION('',(1.E0,0.E0,0.E0));
#367=VECTOR('',#366,2.5E-1);
#368=CARTESIAN_POINT('',(8.75E-1,-2.535E0,-1.05E0));
#369=LINE('',#368,#367);
#370=DIRECTION('',(0.E0,-1.E0,0.E0));
#371=VECTOR('',#370,4.E-1);
#372=CARTESIAN_POINT('',(8.75E-1,-2.135E0,-1.05E0));
#373=LINE('',#372,#371);
#374=DIRECTION('',(-1.E0,0.E0,0.E0));
#375=VECTOR('',#374,7.5E-1);
#376=CARTESIAN_POINT('',(8.75E-1,-2.135E0,-1.05E0));
#377=LINE('',#376,#375);
#378=DIRECTION('',(0.E0,-1.E0,0.E0));
#379=VECTOR('',#378,4.E-1);
#380=CARTESIAN_POINT('',(1.25E-1,-2.135E0,-1.05E0));
#381=LINE('',#380,#379);
#382=DIRECTION('',(1.E0,0.E0,0.E0));
#383=VECTOR('',#382,2.5E-1);
#384=CARTESIAN_POINT('',(-1.25E-1,-2.535E0,-1.05E0));
#385=LINE('',#384,#383);
#386=DIRECTION('',(0.E0,-1.E0,0.E0));
#387=VECTOR('',#386,4.E-1);
#388=CARTESIAN_POINT('',(-1.25E-1,-2.135E0,-1.05E0));
#389=LINE('',#388,#387);
#390=DIRECTION('',(-1.E0,0.E0,0.E0));
#391=VECTOR('',#390,7.5E-1);
#392=CARTESIAN_POINT('',(-1.25E-1,-2.135E0,-1.05E0));
#393=LINE('',#392,#391);
#394=DIRECTION('',(0.E0,-1.E0,0.E0));
#395=VECTOR('',#394,4.E-1);
#396=CARTESIAN_POINT('',(-8.75E-1,-2.135E0,-1.05E0));
#397=LINE('',#396,#395);
#398=DIRECTION('',(1.E0,0.E0,0.E0));
#399=VECTOR('',#398,2.5E-1);
#400=CARTESIAN_POINT('',(-1.125E0,-2.535E0,-1.05E0));
#401=LINE('',#400,#399);
#402=DIRECTION('',(0.E0,-1.E0,0.E0));
#403=VECTOR('',#402,4.E-1);
#404=CARTESIAN_POINT('',(-1.125E0,-2.135E0,-1.05E0));
#405=LINE('',#404,#403);
#406=DIRECTION('',(-1.E0,0.E0,0.E0));
#407=VECTOR('',#406,1.375E0);
#408=CARTESIAN_POINT('',(-1.125E0,-2.135E0,-1.05E0));
#409=LINE('',#408,#407);
#410=DIRECTION('',(0.E0,0.E0,1.E0));
#411=VECTOR('',#410,4.E-1);
#412=CARTESIAN_POINT('',(2.5E0,-2.475E0,-1.05E0));
#413=LINE('',#412,#411);
#414=CARTESIAN_POINT('',(2.3E0,-2.475E0,-1.05E0));
#415=DIRECTION('',(0.E0,0.E0,-1.E0));
#416=DIRECTION('',(1.E0,0.E0,0.E0));
#417=AXIS2_PLACEMENT_3D('',#414,#415,#416);
#419=DIRECTION('',(0.E0,0.E0,1.E0));
#420=VECTOR('',#419,4.E-1);
#421=CARTESIAN_POINT('',(2.3E0,-2.675E0,-1.05E0));
#422=LINE('',#421,#420);
#423=DIRECTION('',(0.E0,1.E0,0.E0));
#424=VECTOR('',#423,5.5E-1);
#425=CARTESIAN_POINT('',(2.5E0,-2.475E0,-6.5E-1));
#426=LINE('',#425,#424);
#427=DIRECTION('',(0.E0,0.E0,-1.E0));
#428=VECTOR('',#427,2.E0);
#429=CARTESIAN_POINT('',(2.5E0,-1.925E0,1.35E0));
#430=LINE('',#429,#428);
#431=DIRECTION('',(0.E0,-1.E0,0.E0));
#432=VECTOR('',#431,2.2E-1);
#433=CARTESIAN_POINT('',(2.5E0,2.675E0,2.2E-1));
#434=LINE('',#433,#432);
#435=DIRECTION('',(0.E0,-1.E0,0.E0));
#436=VECTOR('',#435,2.7E-1);
#437=CARTESIAN_POINT('',(2.5E0,2.325E0,2.E-2));
#438=LINE('',#437,#436);
#439=DIRECTION('',(0.E0,0.E0,1.E0));
#440=VECTOR('',#439,4.5E-1);
#441=CARTESIAN_POINT('',(2.5E0,2.055E0,-4.3E-1));
#442=LINE('',#441,#440);
#443=DIRECTION('',(0.E0,1.E0,0.E0));
#444=VECTOR('',#443,5.8E-1);
#445=CARTESIAN_POINT('',(2.5E0,1.475E0,-4.3E-1));
#446=LINE('',#445,#444);
#447=DIRECTION('',(0.E0,0.E0,1.E0));
#448=VECTOR('',#447,1.02E0);
#449=CARTESIAN_POINT('',(2.5E0,1.475E0,-1.45E0));
#450=LINE('',#449,#448);
#451=DIRECTION('',(0.E0,-1.E0,0.E0));
#452=VECTOR('',#451,3.51E0);
#453=CARTESIAN_POINT('',(2.5E0,1.475E0,-1.45E0));
#454=LINE('',#453,#452);
#455=DIRECTION('',(0.E0,0.E0,1.E0));
#456=VECTOR('',#455,3.E-1);
#457=CARTESIAN_POINT('',(2.5E0,-2.135E0,-1.35E0));
#458=LINE('',#457,#456);
#459=DIRECTION('',(0.E0,-1.E0,0.E0));
#460=VECTOR('',#459,3.4E-1);
#461=CARTESIAN_POINT('',(2.5E0,-2.135E0,-1.05E0));
#462=LINE('',#461,#460);
#463=CARTESIAN_POINT('',(2.3E0,-1.925E0,1.35E0));
#464=DIRECTION('',(0.E0,-1.E0,0.E0));
#465=DIRECTION('',(1.E0,0.E0,0.E0));
#466=AXIS2_PLACEMENT_3D('',#463,#464,#465);
#468=DIRECTION('',(0.E0,0.E0,-1.E0));
#469=VECTOR('',#468,2.2E0);
#470=CARTESIAN_POINT('',(1.86E0,-1.925E0,1.55E0));
#471=LINE('',#470,#469);
#472=DIRECTION('',(0.E0,-1.E0,0.E0));
#473=VECTOR('',#472,4.6E0);
#474=CARTESIAN_POINT('',(2.3E0,2.675E0,1.55E0));
#475=LINE('',#474,#473);
#476=CARTESIAN_POINT('',(2.3E0,2.675E0,1.35E0));
#477=DIRECTION('',(0.E0,1.E0,0.E0));
#478=DIRECTION('',(0.E0,0.E0,1.E0));
#479=AXIS2_PLACEMENT_3D('',#476,#477,#478);
#481=DIRECTION('',(0.E0,-1.E0,0.E0));
#482=VECTOR('',#481,4.6E0);
#483=CARTESIAN_POINT('',(2.5E0,2.675E0,1.35E0));
#484=LINE('',#483,#482);
#485=DIRECTION('',(-1.E0,0.E0,0.E0));
#486=VECTOR('',#485,2.E-1);
#487=CARTESIAN_POINT('',(-1.875E0,2.675E0,5.7E-1));
#488=LINE('',#487,#486);
#489=DIRECTION('',(-1.E0,0.E0,0.E0));
#490=VECTOR('',#489,2.E-1);
#491=CARTESIAN_POINT('',(2.075E0,2.675E0,5.7E-1));
#492=LINE('',#491,#490);
#493=DIRECTION('',(-1.E0,0.E0,0.E0));
#494=VECTOR('',#493,5.4E-1);
#495=CARTESIAN_POINT('',(2.5E0,2.675E0,2.2E-1));
#496=LINE('',#495,#494);
#497=DIRECTION('',(0.E0,0.E0,-1.E0));
#498=VECTOR('',#497,1.13E0);
#499=CARTESIAN_POINT('',(2.5E0,2.675E0,1.35E0));
#500=LINE('',#499,#498);
#501=DIRECTION('',(1.E0,0.E0,0.E0));
#502=VECTOR('',#501,4.6E0);
#503=CARTESIAN_POINT('',(-2.3E0,2.675E0,1.55E0));
#504=LINE('',#503,#502);
#505=DIRECTION('',(0.E0,0.E0,1.E0));
#506=VECTOR('',#505,1.13E0);
#507=CARTESIAN_POINT('',(-2.5E0,2.675E0,2.2E-1));
#508=LINE('',#507,#506);
#509=DIRECTION('',(1.E0,0.E0,0.E0));
#510=VECTOR('',#509,5.4E-1);
#511=CARTESIAN_POINT('',(-2.5E0,2.675E0,2.2E-1));
#512=LINE('',#511,#510);
#513=DIRECTION('',(0.E0,0.E0,-1.E0));
#514=VECTOR('',#513,1.67E0);
#515=CARTESIAN_POINT('',(-1.96E0,2.675E0,2.2E-1));
#516=LINE('',#515,#514);
#517=DIRECTION('',(1.E0,0.E0,0.E0));
#518=VECTOR('',#517,2.835088935933E-1);
#519=CARTESIAN_POINT('',(-1.96E0,2.675E0,-1.45E0));
#520=LINE('',#519,#518);
#521=DIRECTION('',(-1.E0,0.E0,0.E0));
#522=VECTOR('',#521,3.1E0);
#523=CARTESIAN_POINT('',(1.55E0,2.675E0,-1.55E0));
#524=LINE('',#523,#522);
#525=DIRECTION('',(-1.E0,0.E0,0.E0));
#526=VECTOR('',#525,2.835088935933E-1);
#527=CARTESIAN_POINT('',(1.96E0,2.675E0,-1.45E0));
#528=LINE('',#527,#526);
#529=DIRECTION('',(0.E0,0.E0,-1.E0));
#530=VECTOR('',#529,1.67E0);
#531=CARTESIAN_POINT('',(1.96E0,2.675E0,2.2E-1));
#532=LINE('',#531,#530);
#533=DIRECTION('',(-7.071067811865E-1,7.071067811865E-1,0.E0));
#534=VECTOR('',#533,2.121320343560E-1);
#535=CARTESIAN_POINT('',(-1.725E0,2.525E0,5.7E-1));
#536=LINE('',#535,#534);
#537=DIRECTION('',(0.E0,0.E0,-1.E0));
#538=VECTOR('',#537,1.89E0);
#539=CARTESIAN_POINT('',(-1.875E0,2.675E0,5.7E-1));
#540=LINE('',#539,#538);
#541=DIRECTION('',(5.773502691896E-1,-5.773502691896E-1,5.773502691896E-1));
#542=VECTOR('',#541,2.598076211353E-1);
#543=CARTESIAN_POINT('',(-1.875E0,2.675E0,-1.32E0));
#544=LINE('',#543,#542);
#545=DIRECTION('',(0.E0,0.E0,-1.E0));
#546=VECTOR('',#545,1.74E0);
#547=CARTESIAN_POINT('',(-1.725E0,2.525E0,5.7E-1));
#548=LINE('',#547,#546);
#549=DIRECTION('',(0.E0,0.E0,-1.E0));
#550=VECTOR('',#549,7.5E-1);
#551=CARTESIAN_POINT('',(-2.075E0,2.675E0,1.32E0));
#552=LINE('',#551,#550);
#553=DIRECTION('',(0.E0,-1.E0,0.E0));
#554=VECTOR('',#553,3.8E0);
#555=CARTESIAN_POINT('',(-2.075E0,2.675E0,5.7E-1));
#556=LINE('',#555,#554);
#557=DIRECTION('',(1.E0,0.E0,0.E0));
#558=VECTOR('',#557,4.15E0);
#559=CARTESIAN_POINT('',(-2.075E0,2.675E0,1.32E0));
#560=LINE('',#559,#558);
#561=DIRECTION('',(0.E0,-7.071067811865E-1,-7.071067811865E-1));
#562=VECTOR('',#561,2.121320343560E-1);
#563=CARTESIAN_POINT('',(-2.075E0,2.675E0,1.32E0));
#564=LINE('',#563,#562);
#565=DIRECTION('',(1.E0,0.E0,0.E0));
#566=VECTOR('',#565,4.15E0);
#567=CARTESIAN_POINT('',(-2.075E0,2.525E0,1.17E0));
#568=LINE('',#567,#566);
#569=DIRECTION('',(0.E0,7.071067811865E-1,7.071067811865E-1));
#570=VECTOR('',#569,2.121320343560E-1);
#571=CARTESIAN_POINT('',(2.075E0,2.525E0,1.17E0));
#572=LINE('',#571,#570);
#573=DIRECTION('',(0.E0,0.E0,1.E0));
#574=VECTOR('',#573,7.5E-1);
#575=CARTESIAN_POINT('',(2.075E0,2.675E0,5.7E-1));
#576=LINE('',#575,#574);
#577=DIRECTION('',(0.E0,-1.E0,0.E0));
#578=VECTOR('',#577,3.65E0);
#579=CARTESIAN_POINT('',(2.075E0,2.525E0,1.17E0));
#580=LINE('',#579,#578);
#581=DIRECTION('',(0.E0,-1.E0,0.E0));
#582=VECTOR('',#581,3.8E0);
#583=CARTESIAN_POINT('',(2.075E0,2.675E0,5.7E-1));
#584=LINE('',#583,#582);
#585=DIRECTION('',(-7.071067811865E-1,-7.071067811865E-1,0.E0));
#586=VECTOR('',#585,2.121320343560E-1);
#587=CARTESIAN_POINT('',(1.875E0,2.675E0,5.7E-1));
#588=LINE('',#587,#586);
#589=DIRECTION('',(0.E0,0.E0,1.E0));
#590=VECTOR('',#589,1.74E0);
#591=CARTESIAN_POINT('',(1.725E0,2.525E0,-1.17E0));
#592=LINE('',#591,#590);
#593=DIRECTION('',(0.E0,0.E0,1.E0));
#594=VECTOR('',#593,1.89E0);
#595=CARTESIAN_POINT('',(1.875E0,2.675E0,-1.32E0));
#596=LINE('',#595,#594);
#597=DIRECTION('',(1.E0,0.E0,0.E0));
#598=VECTOR('',#597,3.75E0);
#599=CARTESIAN_POINT('',(-1.875E0,2.675E0,-1.32E0));
#600=LINE('',#599,#598);
#601=DIRECTION('',(-5.773502691896E-1,-5.773502691896E-1,5.773502691896E-1));
#602=VECTOR('',#601,2.598076211353E-1);
#603=CARTESIAN_POINT('',(1.875E0,2.675E0,-1.32E0));
#604=LINE('',#603,#602);
#605=DIRECTION('',(1.E0,0.E0,0.E0));
#606=VECTOR('',#605,3.45E0);
#607=CARTESIAN_POINT('',(-1.725E0,2.525E0,-1.17E0));
#608=LINE('',#607,#606);
#609=DIRECTION('',(0.E0,-1.E0,0.E0));
#610=VECTOR('',#609,3.96E0);
#611=CARTESIAN_POINT('',(1.725E0,2.525E0,-1.17E0));
#612=LINE('',#611,#610);
#613=DIRECTION('',(0.E0,1.E0,0.E0));
#614=VECTOR('',#613,3.E0);
#615=CARTESIAN_POINT('',(1.135E0,-1.435E0,-1.17E0));
#616=LINE('',#615,#614);
#617=DIRECTION('',(-1.E0,0.E0,0.E0));
#618=VECTOR('',#617,2.27E0);
#619=CARTESIAN_POINT('',(1.135E0,1.565E0,-1.17E0));
#620=LINE('',#619,#618);
#621=DIRECTION('',(0.E0,1.E0,0.E0));
#622=VECTOR('',#621,3.E0);
#623=CARTESIAN_POINT('',(-1.135E0,-1.435E0,-1.17E0));
#624=LINE('',#623,#622);
#625=DIRECTION('',(0.E0,7.071067811865E-1,-7.071067811865E-1));
#626=VECTOR('',#625,1.414213562373E-1);
#627=CARTESIAN_POINT('',(-1.135E0,1.465E0,-9.E-1));
#628=LINE('',#627,#626);
#629=DIRECTION('',(-1.E0,0.E0,0.E0));
#630=VECTOR('',#629,2.27E0);
#631=CARTESIAN_POINT('',(1.135E0,1.565E0,-1.E0));
#632=LINE('',#631,#630);
#633=DIRECTION('',(0.E0,-7.071067811865E-1,7.071067811865E-1));
#634=VECTOR('',#633,1.414213562373E-1);
#635=CARTESIAN_POINT('',(1.135E0,1.565E0,-1.E0));
#636=LINE('',#635,#634);
#637=DIRECTION('',(-1.E0,0.E0,0.E0));
#638=VECTOR('',#637,2.27E0);
#639=CARTESIAN_POINT('',(1.135E0,1.465E0,-9.E-1));
#640=LINE('',#639,#638);
#641=DIRECTION('',(0.E0,0.E0,1.E0));
#642=VECTOR('',#641,1.7E-1);
#643=CARTESIAN_POINT('',(-1.135E0,1.565E0,-1.17E0));
#644=LINE('',#643,#642);
#645=DIRECTION('',(0.E0,1.E0,0.E0));
#646=VECTOR('',#645,2.9E0);
#647=CARTESIAN_POINT('',(1.135E0,-1.435E0,-9.E-1));
#648=LINE('',#647,#646);
#649=DIRECTION('',(0.E0,-1.E0,0.E0));
#650=VECTOR('',#649,2.9E0);
#651=CARTESIAN_POINT('',(-1.135E0,1.465E0,-9.E-1));
#652=LINE('',#651,#650);
#653=DIRECTION('',(0.E0,0.E0,1.E0));
#654=VECTOR('',#653,1.7E-1);
#655=CARTESIAN_POINT('',(1.135E0,1.565E0,-1.17E0));
#656=LINE('',#655,#654);
#657=DIRECTION('',(-1.E0,0.E0,0.E0));
#658=VECTOR('',#657,2.E-1);
#659=CARTESIAN_POINT('',(2.25E0,2.325E0,2.E-2));
#660=LINE('',#659,#658);
#661=DIRECTION('',(-1.E0,0.E0,0.E0));
#662=VECTOR('',#661,2.5E-1);
#663=CARTESIAN_POINT('',(2.5E0,2.325E0,2.E-2));
#664=LINE('',#663,#662);
#665=DIRECTION('',(0.E0,5.449883505954E-1,8.384436163006E-1));
#666=VECTOR('',#665,2.385372088375E-1);
#667=CARTESIAN_POINT('',(2.5E0,2.325E0,2.E-2));
#668=LINE('',#667,#666);
#669=DIRECTION('',(-1.E0,0.E0,0.E0));
#670=VECTOR('',#669,5.4E-1);
#671=CARTESIAN_POINT('',(2.5E0,2.455E0,2.2E-1));
#672=LINE('',#671,#670);
#673=DIRECTION('',(4.785366129910E-1,-4.785366129910E-1,-7.362101738323E-1));
#674=VECTOR('',#673,1.567278196985E-1);
#675=CARTESIAN_POINT('',(1.96E0,2.4E0,1.353846153846E-1));
#676=LINE('',#675,#674);
#677=DIRECTION('',(-1.E0,-8.881784197002E-14,2.498001805407E-14));
#678=VECTOR('',#677,4.999999999999E-3);
#679=CARTESIAN_POINT('',(2.04E0,2.325E0,2.E-2));
#680=LINE('',#679,#678);
#681=DIRECTION('',(-1.E0,4.440892098500E-14,2.081668171172E-14));
#682=VECTOR('',#681,1.E-2);
#683=CARTESIAN_POINT('',(2.05E0,2.325E0,2.E-2));
#684=LINE('',#683,#682);
#685=DIRECTION('',(-1.E0,0.E0,0.E0));
#686=VECTOR('',#685,2.E-1);
#687=CARTESIAN_POINT('',(2.25E0,2.375E0,2.E-2));
#688=LINE('',#687,#686);
#689=DIRECTION('',(0.E0,-1.E0,0.E0));
#690=VECTOR('',#689,5.E-2);
#691=CARTESIAN_POINT('',(2.25E0,2.375E0,2.E-2));
#692=LINE('',#691,#690);
#693=DIRECTION('',(0.E0,0.E0,1.E0));
#694=VECTOR('',#693,1.4E0);
#695=CARTESIAN_POINT('',(2.25E0,2.375E0,-1.38E0));
#696=LINE('',#695,#694);
#697=DIRECTION('',(0.E0,1.E0,0.E0));
#698=VECTOR('',#697,6.5E-1);
#699=CARTESIAN_POINT('',(2.25E0,1.725E0,-1.38E0));
#700=LINE('',#699,#698);
#701=DIRECTION('',(0.E0,0.E0,1.E0));
#702=VECTOR('',#701,2.7E-1);
#703=CARTESIAN_POINT('',(2.25E0,1.725E0,-1.65E0));
#704=LINE('',#703,#702);
#705=DIRECTION('',(0.E0,1.E0,0.E0));
#706=VECTOR('',#705,1.3E0);
#707=CARTESIAN_POINT('',(2.25E0,4.25E-1,-1.65E0));
#708=LINE('',#707,#706);
#709=DIRECTION('',(0.E0,0.E0,-1.E0));
#710=VECTOR('',#709,2.E-1);
#711=CARTESIAN_POINT('',(2.25E0,4.25E-1,-1.45E0));
#712=LINE('',#711,#710);
#713=DIRECTION('',(-1.E0,0.E0,0.E0));
#714=VECTOR('',#713,2.E-1);
#715=CARTESIAN_POINT('',(2.25E0,2.375E0,-1.38E0));
#716=LINE('',#715,#714);
#717=DIRECTION('',(0.E0,-1.E0,0.E0));
#718=VECTOR('',#717,5.E-2);
#719=CARTESIAN_POINT('',(2.05E0,2.375E0,2.E-2));
#720=LINE('',#719,#718);
#721=DIRECTION('',(0.E0,0.E0,-1.E0));
#722=VECTOR('',#721,2.E-1);
#723=CARTESIAN_POINT('',(2.05E0,4.25E-1,-1.45E0));
#724=LINE('',#723,#722);
#725=DIRECTION('',(0.E0,1.E0,0.E0));
#726=VECTOR('',#725,1.3E0);
#727=CARTESIAN_POINT('',(2.05E0,4.25E-1,-1.65E0));
#728=LINE('',#727,#726);
#729=DIRECTION('',(0.E0,0.E0,1.E0));
#730=VECTOR('',#729,2.7E-1);
#731=CARTESIAN_POINT('',(2.05E0,1.725E0,-1.65E0));
#732=LINE('',#731,#730);
#733=DIRECTION('',(0.E0,1.E0,0.E0));
#734=VECTOR('',#733,6.5E-1);
#735=CARTESIAN_POINT('',(2.05E0,1.725E0,-1.38E0));
#736=LINE('',#735,#734);
#737=DIRECTION('',(0.E0,0.E0,1.E0));
#738=VECTOR('',#737,1.4E0);
#739=CARTESIAN_POINT('',(2.05E0,2.375E0,-1.38E0));
#740=LINE('',#739,#738);
#741=DIRECTION('',(0.E0,1.E0,0.E0));
#742=VECTOR('',#741,2.7E-1);
#743=CARTESIAN_POINT('',(2.25E0,2.055E0,2.E-2));
#744=LINE('',#743,#742);
#745=DIRECTION('',(-1.E0,0.E0,0.E0));
#746=VECTOR('',#745,2.5E-1);
#747=CARTESIAN_POINT('',(2.5E0,2.055E0,2.E-2));
#748=LINE('',#747,#746);
#749=DIRECTION('',(0.E0,1.E0,0.E0));
#750=VECTOR('',#749,2.7E-1);
#751=CARTESIAN_POINT('',(2.05E0,2.055E0,2.E-2));
#752=LINE('',#751,#750);
#753=DIRECTION('',(-1.E0,0.E0,0.E0));
#754=VECTOR('',#753,1.E-2);
#755=CARTESIAN_POINT('',(2.05E0,2.055E0,2.E-2));
#756=LINE('',#755,#754);
#757=DIRECTION('',(0.E0,0.E0,1.E0));
#758=VECTOR('',#757,4.5E-1);
#759=CARTESIAN_POINT('',(2.25E0,2.055E0,-4.3E-1));
#760=LINE('',#759,#758);
#761=DIRECTION('',(-1.E0,0.E0,0.E0));
#762=VECTOR('',#761,2.5E-1);
#763=CARTESIAN_POINT('',(2.5E0,2.055E0,-4.3E-1));
#764=LINE('',#763,#762);
#765=DIRECTION('',(0.E0,0.E0,1.E0));
#766=VECTOR('',#765,4.5E-1);
#767=CARTESIAN_POINT('',(2.05E0,2.055E0,-4.3E-1));
#768=LINE('',#767,#766);
#769=DIRECTION('',(-1.E0,0.E0,0.E0));
#770=VECTOR('',#769,1.E-2);
#771=CARTESIAN_POINT('',(2.05E0,2.055E0,-4.3E-1));
#772=LINE('',#771,#770);
#773=DIRECTION('',(0.E0,1.E0,0.E0));
#774=VECTOR('',#773,5.8E-1);
#775=CARTESIAN_POINT('',(2.25E0,1.475E0,-4.3E-1));
#776=LINE('',#775,#774);
#777=DIRECTION('',(-1.E0,0.E0,0.E0));
#778=VECTOR('',#777,2.5E-1);
#779=CARTESIAN_POINT('',(2.5E0,1.475E0,-4.3E-1));
#780=LINE('',#779,#778);
#781=DIRECTION('',(0.E0,1.E0,0.E0));
#782=VECTOR('',#781,5.8E-1);
#783=CARTESIAN_POINT('',(2.05E0,1.475E0,-4.3E-1));
#784=LINE('',#783,#782);
#785=DIRECTION('',(-1.E0,0.E0,0.E0));
#786=VECTOR('',#785,1.E-2);
#787=CARTESIAN_POINT('',(2.05E0,1.475E0,-4.3E-1));
#788=LINE('',#787,#786);
#789=DIRECTION('',(0.E0,0.E0,1.E0));
#790=VECTOR('',#789,1.02E0);
#791=CARTESIAN_POINT('',(2.25E0,1.475E0,-1.45E0));
#792=LINE('',#791,#790);
#793=DIRECTION('',(0.E0,0.E0,1.E0));
#794=VECTOR('',#793,1.02E0);
#795=CARTESIAN_POINT('',(2.05E0,1.475E0,-1.45E0));
#796=LINE('',#795,#794);
#797=DIRECTION('',(0.E0,1.E0,0.E0));
#798=VECTOR('',#797,1.05E0);
#799=CARTESIAN_POINT('',(2.25E0,4.25E-1,-1.45E0));
#800=LINE('',#799,#798);
#801=DIRECTION('',(-1.E0,0.E0,0.E0));
#802=VECTOR('',#801,2.E-1);
#803=CARTESIAN_POINT('',(2.25E0,4.25E-1,-1.45E0));
#804=LINE('',#803,#802);
#805=DIRECTION('',(0.E0,1.E0,0.E0));
#806=VECTOR('',#805,1.05E0);
#807=CARTESIAN_POINT('',(2.05E0,4.25E-1,-1.45E0));
#808=LINE('',#807,#806);
#809=DIRECTION('',(-1.E0,0.E0,0.E0));
#810=VECTOR('',#809,1.E-2);
#811=CARTESIAN_POINT('',(2.05E0,1.475E0,-1.45E0));
#812=LINE('',#811,#810);
#813=DIRECTION('',(0.E0,-1.E0,0.E0));
#814=VECTOR('',#813,8.5E-1);
#815=CARTESIAN_POINT('',(2.04E0,2.325E0,-1.45E0));
#816=LINE('',#815,#814);
#817=DIRECTION('',(-1.E0,-8.881784197002E-14,0.E0));
#818=VECTOR('',#817,4.999999999999E-3);
#819=CARTESIAN_POINT('',(2.04E0,2.325E0,-1.45E0));
#820=LINE('',#819,#818);
#821=DIRECTION('',(0.E0,-1.E0,0.E0));
#822=VECTOR('',#821,2.75E-1);
#823=CARTESIAN_POINT('',(1.96E0,2.675E0,-1.45E0));
#824=LINE('',#823,#822);
#825=DIRECTION('',(-1.E0,0.E0,0.E0));
#826=VECTOR('',#825,2.5E-1);
#827=CARTESIAN_POINT('',(2.5E0,1.475E0,-1.45E0));
#828=LINE('',#827,#826);
#829=DIRECTION('',(-1.E0,0.E0,0.E0));
#830=VECTOR('',#829,2.E-1);
#831=CARTESIAN_POINT('',(2.25E0,4.25E-1,-1.65E0));
#832=LINE('',#831,#830);
#833=DIRECTION('',(-1.E0,0.E0,0.E0));
#834=VECTOR('',#833,2.E-1);
#835=CARTESIAN_POINT('',(2.25E0,1.725E0,-1.65E0));
#836=LINE('',#835,#834);
#837=DIRECTION('',(-1.E0,0.E0,0.E0));
#838=VECTOR('',#837,2.E-1);
#839=CARTESIAN_POINT('',(2.25E0,1.725E0,-1.38E0));
#840=LINE('',#839,#838);
#841=DIRECTION('',(0.E0,0.E0,1.E0));
#842=VECTOR('',#841,1.02E0);
#843=CARTESIAN_POINT('',(2.04E0,1.475E0,-1.45E0));
#844=LINE('',#843,#842);
#845=DIRECTION('',(0.E0,1.E0,0.E0));
#846=VECTOR('',#845,5.8E-1);
#847=CARTESIAN_POINT('',(2.04E0,1.475E0,-4.3E-1));
#848=LINE('',#847,#846);
#849=DIRECTION('',(0.E0,0.E0,1.E0));
#850=VECTOR('',#849,4.5E-1);
#851=CARTESIAN_POINT('',(2.04E0,2.055E0,-4.3E-1));
#852=LINE('',#851,#850);
#853=DIRECTION('',(0.E0,1.E0,0.E0));
#854=VECTOR('',#853,2.7E-1);
#855=CARTESIAN_POINT('',(2.04E0,2.055E0,2.E-2));
#856=LINE('',#855,#854);
#857=DIRECTION('',(0.E0,0.E0,1.E0));
#858=VECTOR('',#857,1.47E0);
#859=CARTESIAN_POINT('',(2.04E0,2.325E0,-1.45E0));
#860=LINE('',#859,#858);
#861=DIRECTION('',(0.E0,0.E0,-1.E0));
#862=VECTOR('',#861,1.47E0);
#863=CARTESIAN_POINT('',(2.035E0,2.325E0,2.E-2));
#864=LINE('',#863,#862);
#865=DIRECTION('',(0.E0,0.E0,-1.E0));
#866=VECTOR('',#865,1.585384615385E0);
#867=CARTESIAN_POINT('',(1.96E0,2.4E0,1.353846153846E-1));
#868=LINE('',#867,#866);
#869=DIRECTION('',(7.071067811865E-1,-7.071067811865E-1,0.E0));
#870=VECTOR('',#869,1.060660171780E-1);
#871=CARTESIAN_POINT('',(1.96E0,2.4E0,-1.45E0));
#872=LINE('',#871,#870);
#873=DIRECTION('',(0.E0,5.449883505954E-1,8.384436163006E-1));
#874=VECTOR('',#873,1.009195883543E-1);
#875=CARTESIAN_POINT('',(1.96E0,2.4E0,1.353846153846E-1));
#876=LINE('',#875,#874);
#877=DIRECTION('',(0.E0,-1.E0,0.E0));
#878=VECTOR('',#877,2.2E-1);
#879=CARTESIAN_POINT('',(1.96E0,2.675E0,2.2E-1));
#880=LINE('',#879,#878);
#881=DIRECTION('',(0.E0,-1.E0,0.E0));
#882=VECTOR('',#881,4.71E0);
#883=CARTESIAN_POINT('',(1.676491106407E0,2.675E0,-1.45E0));
#884=LINE('',#883,#882);
#885=DIRECTION('',(-7.844645405527E-1,0.E0,-6.201736729460E-1));
#886=VECTOR('',#885,1.612451549660E-1);
#887=CARTESIAN_POINT('',(1.676491106407E0,2.675E0,-1.45E0));
#888=LINE('',#887,#886);
#889=DIRECTION('',(0.E0,-1.E0,0.E0));
#890=VECTOR('',#889,4.61E0);
#891=CARTESIAN_POINT('',(1.55E0,2.675E0,-1.55E0));
#892=LINE('',#891,#890);
#893=DIRECTION('',(6.666666666667E-1,-5.270462766947E-1,5.270462766947E-1));
#894=VECTOR('',#893,1.897366596101E-1);
#895=CARTESIAN_POINT('',(1.55E0,-1.935E0,-1.55E0));
#896=LINE('',#895,#894);
#897=DIRECTION('',(0.E0,-1.E0,0.E0));
#898=VECTOR('',#897,4.61E0);
#899=CARTESIAN_POINT('',(-1.55E0,2.675E0,-1.55E0));
#900=LINE('',#899,#898);
#901=DIRECTION('',(-7.844645405527E-1,0.E0,6.201736729460E-1));
#902=VECTOR('',#901,1.612451549660E-1);
#903=CARTESIAN_POINT('',(-1.55E0,2.675E0,-1.55E0));
#904=LINE('',#903,#902);
#905=DIRECTION('',(0.E0,-1.E0,0.E0));
#906=VECTOR('',#905,4.71E0);
#907=CARTESIAN_POINT('',(-1.676491106407E0,2.675E0,-1.45E0));
#908=LINE('',#907,#906);
#909=CARTESIAN_POINT('',(-1.676491106407E0,-2.035E0,-1.45E0));
#910=CARTESIAN_POINT('',(-1.634327404271E0,-2.001666666667E0,
-1.483333333333E0));
#911=CARTESIAN_POINT('',(-1.592163702136E0,-1.968333333333E0,
-1.516666666667E0));
#912=CARTESIAN_POINT('',(-1.55E0,-1.935E0,-1.55E0));
#914=DIRECTION('',(0.E0,-1.E0,0.E0));
#915=VECTOR('',#914,2.75E-1);
#916=CARTESIAN_POINT('',(-1.96E0,2.675E0,-1.45E0));
#917=LINE('',#916,#915);
#918=DIRECTION('',(1.E0,-8.881784197002E-14,0.E0));
#919=VECTOR('',#918,4.999999999999E-3);
#920=CARTESIAN_POINT('',(-2.04E0,2.325E0,-1.45E0));
#921=LINE('',#920,#919);
#922=DIRECTION('',(0.E0,-1.E0,0.E0));
#923=VECTOR('',#922,8.5E-1);
#924=CARTESIAN_POINT('',(-2.04E0,2.325E0,-1.45E0));
#925=LINE('',#924,#923);
#926=DIRECTION('',(1.E0,0.E0,0.E0));
#927=VECTOR('',#926,1.E-2);
#928=CARTESIAN_POINT('',(-2.05E0,1.475E0,-1.45E0));
#929=LINE('',#928,#927);
#930=DIRECTION('',(0.E0,1.E0,0.E0));
#931=VECTOR('',#930,1.05E0);
#932=CARTESIAN_POINT('',(-2.05E0,4.25E-1,-1.45E0));
#933=LINE('',#932,#931);
#934=DIRECTION('',(1.E0,0.E0,0.E0));
#935=VECTOR('',#934,2.E-1);
#936=CARTESIAN_POINT('',(-2.25E0,4.25E-1,-1.45E0));
#937=LINE('',#936,#935);
#938=DIRECTION('',(0.E0,1.E0,0.E0));
#939=VECTOR('',#938,1.05E0);
#940=CARTESIAN_POINT('',(-2.25E0,4.25E-1,-1.45E0));
#941=LINE('',#940,#939);
#942=DIRECTION('',(1.E0,0.E0,0.E0));
#943=VECTOR('',#942,2.5E-1);
#944=CARTESIAN_POINT('',(-2.5E0,1.475E0,-1.45E0));
#945=LINE('',#944,#943);
#946=DIRECTION('',(0.E0,-1.E0,0.E0));
#947=VECTOR('',#946,2.2E-1);
#948=CARTESIAN_POINT('',(-1.96E0,2.675E0,2.2E-1));
#949=LINE('',#948,#947);
#950=DIRECTION('',(-1.E0,-4.440892098500E-14,-5.238864897450E-14));
#951=VECTOR('',#950,1.E-2);
#952=CARTESIAN_POINT('',(-2.04E0,2.325E0,2.E-2));
#953=LINE('',#952,#951);
#954=DIRECTION('',(-1.E0,0.E0,2.706168622524E-14));
#955=VECTOR('',#954,4.999999999999E-3);
#956=CARTESIAN_POINT('',(-2.035E0,2.325E0,2.E-2));
#957=LINE('',#956,#955);
#958=DIRECTION('',(0.E0,5.449883505954E-1,8.384436163006E-1));
#959=VECTOR('',#958,1.009195883543E-1);
#960=CARTESIAN_POINT('',(-1.96E0,2.4E0,1.353846153846E-1));
#961=LINE('',#960,#959);
#962=DIRECTION('',(-1.E0,0.E0,0.E0));
#963=VECTOR('',#962,5.4E-1);
#964=CARTESIAN_POINT('',(-1.96E0,2.455E0,2.2E-1));
#965=LINE('',#964,#963);
#966=DIRECTION('',(0.E0,-5.449883505954E-1,-8.384436163006E-1));
#967=VECTOR('',#966,2.385372088375E-1);
#968=CARTESIAN_POINT('',(-2.5E0,2.455E0,2.2E-1));
#969=LINE('',#968,#967);
#970=DIRECTION('',(-1.E0,0.E0,0.E0));
#971=VECTOR('',#970,2.5E-1);
#972=CARTESIAN_POINT('',(-2.25E0,2.325E0,2.E-2));
#973=LINE('',#972,#971);
#974=DIRECTION('',(1.E0,0.E0,0.E0));
#975=VECTOR('',#974,2.E-1);
#976=CARTESIAN_POINT('',(-2.25E0,2.325E0,2.E-2));
#977=LINE('',#976,#975);
#978=DIRECTION('',(0.E0,-1.E0,0.E0));
#979=VECTOR('',#978,2.7E-1);
#980=CARTESIAN_POINT('',(-2.25E0,2.325E0,2.E-2));
#981=LINE('',#980,#979);
#982=DIRECTION('',(1.E0,0.E0,0.E0));
#983=VECTOR('',#982,2.5E-1);
#984=CARTESIAN_POINT('',(-2.5E0,2.055E0,2.E-2));
#985=LINE('',#984,#983);
#986=DIRECTION('',(0.E0,-1.E0,0.E0));
#987=VECTOR('',#986,2.7E-1);
#988=CARTESIAN_POINT('',(-2.05E0,2.325E0,2.E-2));
#989=LINE('',#988,#987);
#990=DIRECTION('',(1.E0,0.E0,0.E0));
#991=VECTOR('',#990,1.E-2);
#992=CARTESIAN_POINT('',(-2.05E0,2.055E0,2.E-2));
#993=LINE('',#992,#991);
#994=DIRECTION('',(0.E0,0.E0,-1.E0));
#995=VECTOR('',#994,2.E-1);
#996=CARTESIAN_POINT('',(-2.25E0,4.25E-1,-1.45E0));
#997=LINE('',#996,#995);
#998=DIRECTION('',(0.E0,1.E0,0.E0));
#999=VECTOR('',#998,1.3E0);
#1000=CARTESIAN_POINT('',(-2.25E0,4.25E-1,-1.65E0));
#1001=LINE('',#1000,#999);
#1002=DIRECTION('',(0.E0,0.E0,1.E0));
#1003=VECTOR('',#1002,2.7E-1);
#1004=CARTESIAN_POINT('',(-2.25E0,1.725E0,-1.65E0));
#1005=LINE('',#1004,#1003);
#1006=DIRECTION('',(0.E0,1.E0,0.E0));
#1007=VECTOR('',#1006,6.5E-1);
#1008=CARTESIAN_POINT('',(-2.25E0,1.725E0,-1.38E0));
#1009=LINE('',#1008,#1007);
#1010=DIRECTION('',(0.E0,0.E0,1.E0));
#1011=VECTOR('',#1010,1.4E0);
#1012=CARTESIAN_POINT('',(-2.25E0,2.375E0,-1.38E0));
#1013=LINE('',#1012,#1011);
#1014=DIRECTION('',(0.E0,-1.E0,0.E0));
#1015=VECTOR('',#1014,5.E-2);
#1016=CARTESIAN_POINT('',(-2.25E0,2.375E0,2.E-2));
#1017=LINE('',#1016,#1015);
#1018=DIRECTION('',(0.E0,0.E0,1.E0));
#1019=VECTOR('',#1018,4.5E-1);
#1020=CARTESIAN_POINT('',(-2.25E0,2.055E0,-4.3E-1));
#1021=LINE('',#1020,#1019);
#1022=DIRECTION('',(1.E0,0.E0,0.E0));
#1023=VECTOR('',#1022,2.5E-1);
#1024=CARTESIAN_POINT('',(-2.5E0,2.055E0,-4.3E-1));
#1025=LINE('',#1024,#1023);
#1026=DIRECTION('',(0.E0,0.E0,1.E0));
#1027=VECTOR('',#1026,4.5E-1);
#1028=CARTESIAN_POINT('',(-2.05E0,2.055E0,-4.3E-1));
#1029=LINE('',#1028,#1027);
#1030=DIRECTION('',(1.E0,0.E0,0.E0));
#1031=VECTOR('',#1030,1.E-2);
#1032=CARTESIAN_POINT('',(-2.05E0,2.055E0,-4.3E-1));
#1033=LINE('',#1032,#1031);
#1034=DIRECTION('',(0.E0,1.E0,0.E0));
#1035=VECTOR('',#1034,5.5E-1);
#1036=CARTESIAN_POINT('',(-2.5E0,-2.475E0,-6.5E-1));
#1037=LINE('',#1036,#1035);
#1038=DIRECTION('',(0.E0,-1.E0,0.E0));
#1039=VECTOR('',#1038,3.4E-1);
#1040=CARTESIAN_POINT('',(-2.5E0,-2.135E0,-1.05E0));
#1041=LINE('',#1040,#1039);
#1042=DIRECTION('',(0.E0,0.E0,1.E0));
#1043=VECTOR('',#1042,3.E-1);
#1044=CARTESIAN_POINT('',(-2.5E0,-2.135E0,-1.35E0));
#1045=LINE('',#1044,#1043);
#1046=DIRECTION('',(0.E0,-1.E0,0.E0));
#1047=VECTOR('',#1046,3.51E0);
#1048=CARTESIAN_POINT('',(-2.5E0,1.475E0,-1.45E0));
#1049=LINE('',#1048,#1047);
#1050=DIRECTION('',(0.E0,0.E0,1.E0));
#1051=VECTOR('',#1050,1.02E0);
#1052=CARTESIAN_POINT('',(-2.5E0,1.475E0,-1.45E0));
#1053=LINE('',#1052,#1051);
#1054=DIRECTION('',(0.E0,1.E0,0.E0));
#1055=VECTOR('',#1054,5.8E-1);
#1056=CARTESIAN_POINT('',(-2.5E0,1.475E0,-4.3E-1));
#1057=LINE('',#1056,#1055);
#1058=DIRECTION('',(0.E0,0.E0,1.E0));
#1059=VECTOR('',#1058,4.5E-1);
#1060=CARTESIAN_POINT('',(-2.5E0,2.055E0,-4.3E-1));
#1061=LINE('',#1060,#1059);
#1062=DIRECTION('',(0.E0,1.E0,0.E0));
#1063=VECTOR('',#1062,2.7E-1);
#1064=CARTESIAN_POINT('',(-2.5E0,2.055E0,2.E-2));
#1065=LINE('',#1064,#1063);
#1066=DIRECTION('',(0.E0,-1.E0,0.E0));
#1067=VECTOR('',#1066,2.2E-1);
#1068=CARTESIAN_POINT('',(-2.5E0,2.675E0,2.2E-1));
#1069=LINE('',#1068,#1067);
#1070=DIRECTION('',(0.E0,0.E0,-1.E0));
#1071=VECTOR('',#1070,2.E0);
#1072=CARTESIAN_POINT('',(-2.5E0,-1.925E0,1.35E0));
#1073=LINE('',#1072,#1071);
#1074=CARTESIAN_POINT('',(-2.3E0,-2.475E0,-6.5E-1));
#1075=DIRECTION('',(0.E0,0.E0,-1.E0));
#1076=DIRECTION('',(0.E0,-1.E0,0.E0));
#1077=AXIS2_PLACEMENT_3D('',#1074,#1075,#1076);
#1079=DIRECTION('',(-1.E0,0.E0,0.E0));
#1080=VECTOR('',#1079,6.4E-1);
#1081=CARTESIAN_POINT('',(-1.86E0,-1.925E0,-6.5E-1));
#1082=LINE('',#1081,#1080);
#1083=DIRECTION('',(-2.576626505603E-1,9.662349396012E-1,0.E0));
#1084=VECTOR('',#1083,7.762087348130E-1);
#1085=CARTESIAN_POINT('',(-1.66E0,-2.675E0,-6.5E-1));
#1086=LINE('',#1085,#1084);
#1087=DIRECTION('',(0.E0,0.E0,-1.E0));
#1088=VECTOR('',#1087,4.E-1);
#1089=CARTESIAN_POINT('',(-2.3E0,-2.675E0,-6.5E-1));
#1090=LINE('',#1089,#1088);
#1091=CARTESIAN_POINT('',(-2.3E0,-2.475E0,-1.05E0));
#1092=DIRECTION('',(0.E0,0.E0,-1.E0));
#1093=DIRECTION('',(0.E0,-1.E0,0.E0));
#1094=AXIS2_PLACEMENT_3D('',#1091,#1092,#1093);
#1096=DIRECTION('',(0.E0,0.E0,-1.E0));
#1097=VECTOR('',#1096,4.E-1);
#1098=CARTESIAN_POINT('',(-2.5E0,-2.475E0,-6.5E-1));
#1099=LINE('',#1098,#1097);
#1100=CARTESIAN_POINT('',(-2.3E0,-1.925E0,1.35E0));
#1101=DIRECTION('',(0.E0,-1.E0,0.E0));
#1102=DIRECTION('',(0.E0,0.E0,1.E0));
#1103=AXIS2_PLACEMENT_3D('',#1100,#1101,#1102);
#1105=DIRECTION('',(0.E0,0.E0,-1.E0));
#1106=VECTOR('',#1105,2.2E0);
#1107=CARTESIAN_POINT('',(-1.86E0,-1.925E0,1.55E0));
#1108=LINE('',#1107,#1106);
#1109=DIRECTION('',(0.E0,-1.E0,0.E0));
#1110=VECTOR('',#1109,4.6E0);
#1111=CARTESIAN_POINT('',(-2.5E0,2.675E0,1.35E0));
#1112=LINE('',#1111,#1110);
#1113=CARTESIAN_POINT('',(-2.3E0,2.675E0,1.35E0));
#1114=DIRECTION('',(0.E0,1.E0,0.E0));
#1115=DIRECTION('',(-1.E0,0.E0,0.E0));
#1116=AXIS2_PLACEMENT_3D('',#1113,#1114,#1115);
#1118=DIRECTION('',(0.E0,-1.E0,0.E0));
#1119=VECTOR('',#1118,4.6E0);
#1120=CARTESIAN_POINT('',(-2.3E0,2.675E0,1.55E0));
#1121=LINE('',#1120,#1119);
#1122=DIRECTION('',(0.E0,0.E0,1.E0));
#1123=VECTOR('',#1122,2.1E-1);
#1124=CARTESIAN_POINT('',(-1.125E0,-2.135E0,-1.26E0));
#1125=LINE('',#1124,#1123);
#1126=DIRECTION('',(1.E0,0.E0,0.E0));
#1127=VECTOR('',#1126,2.5E-1);
#1128=CARTESIAN_POINT('',(-1.125E0,-2.135E0,-1.26E0));
#1129=LINE('',#1128,#1127);
#1130=DIRECTION('',(0.E0,0.E0,1.E0));
#1131=VECTOR('',#1130,2.1E-1);
#1132=CARTESIAN_POINT('',(-8.75E-1,-2.135E0,-1.26E0));
#1133=LINE('',#1132,#1131);
#1134=DIRECTION('',(0.E0,0.E0,1.E0));
#1135=VECTOR('',#1134,2.1E-1);
#1136=CARTESIAN_POINT('',(-1.25E-1,-2.135E0,-1.26E0));
#1137=LINE('',#1136,#1135);
#1138=DIRECTION('',(1.E0,0.E0,0.E0));
#1139=VECTOR('',#1138,2.5E-1);
#1140=CARTESIAN_POINT('',(-1.25E-1,-2.135E0,-1.26E0));
#1141=LINE('',#1140,#1139);
#1142=DIRECTION('',(0.E0,0.E0,1.E0));
#1143=VECTOR('',#1142,2.1E-1);
#1144=CARTESIAN_POINT('',(1.25E-1,-2.135E0,-1.26E0));
#1145=LINE('',#1144,#1143);
#1146=DIRECTION('',(0.E0,0.E0,1.E0));
#1147=VECTOR('',#1146,2.1E-1);
#1148=CARTESIAN_POINT('',(8.75E-1,-2.135E0,-1.26E0));
#1149=LINE('',#1148,#1147);
#1150=DIRECTION('',(1.E0,0.E0,0.E0));
#1151=VECTOR('',#1150,2.5E-1);
#1152=CARTESIAN_POINT('',(8.75E-1,-2.135E0,-1.26E0));
#1153=LINE('',#1152,#1151);
#1154=DIRECTION('',(0.E0,0.E0,1.E0));
#1155=VECTOR('',#1154,2.1E-1);
#1156=CARTESIAN_POINT('',(1.125E0,-2.135E0,-1.26E0));
#1157=LINE('',#1156,#1155);
#1158=DIRECTION('',(-1.E0,0.E0,0.E0));
#1159=VECTOR('',#1158,8.235088935933E-1);
#1160=CARTESIAN_POINT('',(2.5E0,-2.035E0,-1.45E0));
#1161=LINE('',#1160,#1159);
#1162=DIRECTION('',(-1.E0,0.E0,0.E0));
#1163=VECTOR('',#1162,3.1E0);
#1164=CARTESIAN_POINT('',(1.55E0,-1.935E0,-1.55E0));
#1165=LINE('',#1164,#1163);
#1166=DIRECTION('',(1.E0,0.E0,0.E0));
#1167=VECTOR('',#1166,8.235088935933E-1);
#1168=CARTESIAN_POINT('',(-2.5E0,-2.035E0,-1.45E0));
#1169=LINE('',#1168,#1167);
#1170=DIRECTION('',(0.E0,-7.071067811865E-1,7.071067811865E-1));
#1171=VECTOR('',#1170,1.414213562373E-1);
#1172=CARTESIAN_POINT('',(-2.5E0,-2.035E0,-1.45E0));
#1173=LINE('',#1172,#1171);
#1174=DIRECTION('',(-1.E0,0.E0,0.E0));
#1175=VECTOR('',#1174,5.E0);
#1176=CARTESIAN_POINT('',(2.5E0,-2.135E0,-1.35E0));
#1177=LINE('',#1176,#1175);
#1178=DIRECTION('',(0.E0,7.071067811865E-1,-7.071067811865E-1));
#1179=VECTOR('',#1178,1.414213562373E-1);
#1180=CARTESIAN_POINT('',(2.5E0,-2.135E0,-1.35E0));
#1181=LINE('',#1180,#1179);
#1182=DIRECTION('',(1.E0,0.E0,0.E0));
#1183=VECTOR('',#1182,2.5E-1);
#1184=CARTESIAN_POINT('',(-1.125E0,-2.525E0,-1.65E0));
#1185=LINE('',#1184,#1183);
#1186=DIRECTION('',(0.E0,-7.071067811865E-1,7.071067811865E-1));
#1187=VECTOR('',#1186,1.414213562373E-1);
#1188=CARTESIAN_POINT('',(-1.125E0,-3.125E0,-1.65E0));
#1189=LINE('',#1188,#1187);
#1190=DIRECTION('',(-1.E0,0.E0,0.E0));
#1191=VECTOR('',#1190,2.5E-1);
#1192=CARTESIAN_POINT('',(-8.75E-1,-3.225E0,-1.55E0));
#1193=LINE('',#1192,#1191);
#1194=DIRECTION('',(0.E0,7.071067811865E-1,-7.071067811865E-1));
#1195=VECTOR('',#1194,1.414213562373E-1);
#1196=CARTESIAN_POINT('',(-8.75E-1,-3.225E0,-1.55E0));
#1197=LINE('',#1196,#1195);
#1198=DIRECTION('',(-1.E0,0.E0,0.E0));
#1199=VECTOR('',#1198,2.5E-1);
#1200=CARTESIAN_POINT('',(-8.75E-1,-3.125E0,-1.65E0));
#1201=LINE('',#1200,#1199);
#1202=DIRECTION('',(0.E0,7.071067811865E-1,7.071067811865E-1));
#1203=VECTOR('',#1202,1.414213562373E-1);
#1204=CARTESIAN_POINT('',(-1.125E0,-3.225E0,-1.4E0));
#1205=LINE('',#1204,#1203);
#1206=DIRECTION('',(-1.E0,0.E0,0.E0));
#1207=VECTOR('',#1206,2.5E-1);
#1208=CARTESIAN_POINT('',(-8.75E-1,-3.125E0,-1.3E0));
#1209=LINE('',#1208,#1207);
#1210=DIRECTION('',(0.E0,-7.071067811865E-1,-7.071067811865E-1));
#1211=VECTOR('',#1210,1.414213562373E-1);
#1212=CARTESIAN_POINT('',(-8.75E-1,-3.125E0,-1.3E0));
#1213=LINE('',#1212,#1211);
#1214=DIRECTION('',(-1.E0,0.E0,0.E0));
#1215=VECTOR('',#1214,2.5E-1);
#1216=CARTESIAN_POINT('',(-8.75E-1,-3.225E0,-1.4E0));
#1217=LINE('',#1216,#1215);
#1218=DIRECTION('',(0.E0,-1.E0,0.E0));
#1219=VECTOR('',#1218,4.550252531694E-1);
#1220=CARTESIAN_POINT('',(-8.75E-1,-2.669974746831E0,-1.3E0));
#1221=LINE('',#1220,#1219);
#1222=DIRECTION('',(0.E0,-7.071067811865E-1,-7.071067811865E-1));
#1223=VECTOR('',#1222,1.908831175457E-1);
#1224=CARTESIAN_POINT('',(-8.75E-1,-2.535E0,-1.165025253169E0));
#1225=LINE('',#1224,#1223);
#1226=DIRECTION('',(0.E0,0.E0,-1.E0));
#1227=VECTOR('',#1226,1.150252531694E-1);
#1228=CARTESIAN_POINT('',(-8.75E-1,-2.535E0,-1.05E0));
#1229=LINE('',#1228,#1227);
#1230=DIRECTION('',(0.E0,7.071067811865E-1,7.071067811865E-1));
#1231=VECTOR('',#1230,5.515432893255E-1);
#1232=CARTESIAN_POINT('',(-8.75E-1,-2.525E0,-1.65E0));
#1233=LINE('',#1232,#1231);
#1234=DIRECTION('',(0.E0,1.E0,0.E0));
#1235=VECTOR('',#1234,6.E-1);
#1236=CARTESIAN_POINT('',(-8.75E-1,-3.125E0,-1.65E0));
#1237=LINE('',#1236,#1235);
#1238=DIRECTION('',(0.E0,0.E0,-1.E0));
#1239=VECTOR('',#1238,1.5E-1);
#1240=CARTESIAN_POINT('',(-8.75E-1,-3.225E0,-1.4E0));
#1241=LINE('',#1240,#1239);
#1242=DIRECTION('',(0.E0,-9.863939238321E-1,1.643989873054E-1));
#1243=VECTOR('',#1242,5.240510888265E-1);
#1244=CARTESIAN_POINT('',(-8.75E-1,5.023299240479E-1,4.154450126587E-1));
#1245=LINE('',#1244,#1243);
#1246=DIRECTION('',(0.E0,0.E0,1.E0));
#1247=VECTOR('',#1246,1.529309367425E-1);
#1248=CARTESIAN_POINT('',(-8.75E-1,5.65E-1,1.885345316287E-1));
#1249=LINE('',#1248,#1247);
#1250=DIRECTION('',(0.E0,9.863939238321E-1,1.643989873054E-1));
#1251=VECTOR('',#1250,5.240510888265E-1);
#1252=CARTESIAN_POINT('',(-8.75E-1,-1.459088574822E-2,2.840151904196E-2));
#1253=LINE('',#1252,#1251);
#1254=DIRECTION('',(0.E0,1.E0,0.E0));
#1255=VECTOR('',#1254,1.379309367425E0);
#1256=CARTESIAN_POINT('',(-8.75E-1,-1.435E0,2.5E-2));
#1257=LINE('',#1256,#1255);
#1258=DIRECTION('',(0.E0,-1.E0,0.E0));
#1259=VECTOR('',#1258,1.379309367425E0);
#1260=CARTESIAN_POINT('',(-8.75E-1,-5.569063257456E-2,5.05E-1));
#1261=LINE('',#1260,#1259);
#1262=DIRECTION('',(-1.E0,0.E0,0.E0));
#1263=VECTOR('',#1262,2.5E-1);
#1264=CARTESIAN_POINT('',(-8.75E-1,-5.569063257456E-2,5.05E-1));
#1265=LINE('',#1264,#1263);
#1266=CARTESIAN_POINT('',(-1.125E0,-5.569063257456E-2,2.55E-1));
#1267=DIRECTION('',(-1.E0,0.E0,0.E0));
#1268=DIRECTION('',(0.E0,0.E0,1.E0));
#1269=AXIS2_PLACEMENT_3D('',#1266,#1267,#1268);
#1271=DIRECTION('',(-1.E0,0.E0,0.E0));
#1272=VECTOR('',#1271,2.5E-1);
#1273=CARTESIAN_POINT('',(-8.75E-1,-1.459088574822E-2,5.015984809580E-1));
#1274=LINE('',#1273,#1272);
#1275=CARTESIAN_POINT('',(-8.75E-1,-5.569063257456E-2,2.55E-1));
#1276=DIRECTION('',(1.E0,0.E0,0.E0));
#1277=DIRECTION('',(0.E0,1.643989873054E-1,9.863939238321E-1));
#1278=AXIS2_PLACEMENT_3D('',#1275,#1276,#1277);
#1280=CARTESIAN_POINT('',(-1.125E0,4.9E-1,3.414654683713E-1));
#1281=DIRECTION('',(-1.E0,0.E0,0.E0));
#1282=DIRECTION('',(0.E0,1.643989873054E-1,9.863939238321E-1));
#1283=AXIS2_PLACEMENT_3D('',#1280,#1281,#1282);
#1285=DIRECTION('',(-1.E0,0.E0,0.E0));
#1286=VECTOR('',#1285,2.5E-1);
#1287=CARTESIAN_POINT('',(-8.75E-1,5.65E-1,3.414654683713E-1));
#1288=LINE('',#1287,#1286);
#1289=CARTESIAN_POINT('',(-8.75E-1,4.9E-1,3.414654683713E-1));
#1290=DIRECTION('',(1.E0,0.E0,0.E0));
#1291=DIRECTION('',(0.E0,1.E0,0.E0));
#1292=AXIS2_PLACEMENT_3D('',#1289,#1290,#1291);
#1294=DIRECTION('',(-1.E0,0.E0,0.E0));
#1295=VECTOR('',#1294,2.5E-1);
#1296=CARTESIAN_POINT('',(-8.75E-1,5.023299240479E-1,4.154450126587E-1));
#1297=LINE('',#1296,#1295);
#1298=CARTESIAN_POINT('',(-1.125E0,4.9E-1,1.885345316287E-1));
#1299=DIRECTION('',(-1.E0,0.E0,0.E0));
#1300=DIRECTION('',(0.E0,1.E0,0.E0));
#1301=AXIS2_PLACEMENT_3D('',#1298,#1299,#1300);
#1303=DIRECTION('',(-1.E0,0.E0,0.E0));
#1304=VECTOR('',#1303,2.5E-1);
#1305=CARTESIAN_POINT('',(-8.75E-1,5.023299240479E-1,1.145549873413E-1));
#1306=LINE('',#1305,#1304);
#1307=CARTESIAN_POINT('',(-8.75E-1,4.9E-1,1.885345316287E-1));
#1308=DIRECTION('',(1.E0,0.E0,0.E0));
#1309=DIRECTION('',(0.E0,1.643989873054E-1,-9.863939238321E-1));
#1310=AXIS2_PLACEMENT_3D('',#1307,#1308,#1309);
#1312=DIRECTION('',(-1.E0,0.E0,0.E0));
#1313=VECTOR('',#1312,2.5E-1);
#1314=CARTESIAN_POINT('',(-8.75E-1,5.65E-1,1.885345316287E-1));
#1315=LINE('',#1314,#1313);
#1316=DIRECTION('',(-1.E0,0.E0,0.E0));
#1317=VECTOR('',#1316,2.5E-1);
#1318=CARTESIAN_POINT('',(-8.75E-1,-1.459088574822E-2,2.840151904196E-2));
#1319=LINE('',#1318,#1317);
#1320=CARTESIAN_POINT('',(-1.125E0,-5.569063257456E-2,2.75E-1));
#1321=DIRECTION('',(-1.E0,0.E0,0.E0));
#1322=DIRECTION('',(0.E0,1.643989873054E-1,-9.863939238321E-1));
#1323=AXIS2_PLACEMENT_3D('',#1320,#1321,#1322);
#1325=DIRECTION('',(-1.E0,0.E0,0.E0));
#1326=VECTOR('',#1325,2.5E-1);
#1327=CARTESIAN_POINT('',(-8.75E-1,-5.569063257456E-2,2.5E-2));
#1328=LINE('',#1327,#1326);
#1329=CARTESIAN_POINT('',(-8.75E-1,-5.569063257456E-2,2.75E-1));
#1330=DIRECTION('',(1.E0,0.E0,0.E0));
#1331=DIRECTION('',(0.E0,0.E0,-1.E0));
#1332=AXIS2_PLACEMENT_3D('',#1329,#1330,#1331);
#1334=DIRECTION('',(0.E0,1.E0,0.E0));
#1335=VECTOR('',#1334,6.E-1);
#1336=CARTESIAN_POINT('',(-1.25E-1,-3.125E0,-1.65E0));
#1337=LINE('',#1336,#1335);
#1338=DIRECTION('',(0.E0,7.071067811865E-1,7.071067811865E-1));
#1339=VECTOR('',#1338,5.515432893255E-1);
#1340=CARTESIAN_POINT('',(-1.25E-1,-2.525E0,-1.65E0));
#1341=LINE('',#1340,#1339);
#1342=DIRECTION('',(0.E0,0.E0,-1.E0));
#1343=VECTOR('',#1342,1.150252531694E-1);
#1344=CARTESIAN_POINT('',(-1.25E-1,-2.535E0,-1.05E0));
#1345=LINE('',#1344,#1343);
#1346=DIRECTION('',(0.E0,-7.071067811865E-1,-7.071067811865E-1));
#1347=VECTOR('',#1346,1.908831175457E-1);
#1348=CARTESIAN_POINT('',(-1.25E-1,-2.535E0,-1.165025253169E0));
#1349=LINE('',#1348,#1347);
#1350=DIRECTION('',(0.E0,-1.E0,0.E0));
#1351=VECTOR('',#1350,4.550252531694E-1);
#1352=CARTESIAN_POINT('',(-1.25E-1,-2.669974746831E0,-1.3E0));
#1353=LINE('',#1352,#1351);
#1354=DIRECTION('',(0.E0,0.E0,-1.E0));
#1355=VECTOR('',#1354,1.5E-1);
#1356=CARTESIAN_POINT('',(-1.25E-1,-3.225E0,-1.4E0));
#1357=LINE('',#1356,#1355);
#1358=DIRECTION('',(0.E0,-1.E0,0.E0));
#1359=VECTOR('',#1358,1.379309367425E0);
#1360=CARTESIAN_POINT('',(-1.25E-1,-5.569063257456E-2,5.05E-1));
#1361=LINE('',#1360,#1359);
#1362=DIRECTION('',(0.E0,1.E0,0.E0));
#1363=VECTOR('',#1362,1.379309367425E0);
#1364=CARTESIAN_POINT('',(-1.25E-1,-1.435E0,2.5E-2));
#1365=LINE('',#1364,#1363);
#1366=DIRECTION('',(0.E0,9.863939238321E-1,1.643989873054E-1));
#1367=VECTOR('',#1366,5.240510888265E-1);
#1368=CARTESIAN_POINT('',(-1.25E-1,-1.459088574822E-2,2.840151904197E-2));
#1369=LINE('',#1368,#1367);
#1370=DIRECTION('',(0.E0,0.E0,1.E0));
#1371=VECTOR('',#1370,1.529309367425E-1);
#1372=CARTESIAN_POINT('',(-1.25E-1,5.65E-1,1.885345316287E-1));
#1373=LINE('',#1372,#1371);
#1374=DIRECTION('',(0.E0,-9.863939238321E-1,1.643989873054E-1));
#1375=VECTOR('',#1374,5.240510888265E-1);
#1376=CARTESIAN_POINT('',(-1.25E-1,5.023299240479E-1,4.154450126587E-1));
#1377=LINE('',#1376,#1375);
#1378=DIRECTION('',(0.E0,-7.071067811865E-1,7.071067811865E-1));
#1379=VECTOR('',#1378,1.414213562373E-1);
#1380=CARTESIAN_POINT('',(-1.25E-1,-3.125E0,-1.65E0));
#1381=LINE('',#1380,#1379);
#1382=DIRECTION('',(-1.E0,0.E0,0.E0));
#1383=VECTOR('',#1382,2.5E-1);
#1384=CARTESIAN_POINT('',(1.25E-1,-3.225E0,-1.55E0));
#1385=LINE('',#1384,#1383);
#1386=DIRECTION('',(0.E0,7.071067811865E-1,-7.071067811865E-1));
#1387=VECTOR('',#1386,1.414213562373E-1);
#1388=CARTESIAN_POINT('',(1.25E-1,-3.225E0,-1.55E0));
#1389=LINE('',#1388,#1387);
#1390=DIRECTION('',(-1.E0,0.E0,0.E0));
#1391=VECTOR('',#1390,2.5E-1);
#1392=CARTESIAN_POINT('',(1.25E-1,-3.125E0,-1.65E0));
#1393=LINE('',#1392,#1391);
#1394=DIRECTION('',(0.E0,7.071067811865E-1,7.071067811865E-1));
#1395=VECTOR('',#1394,1.414213562373E-1);
#1396=CARTESIAN_POINT('',(-1.25E-1,-3.225E0,-1.4E0));
#1397=LINE('',#1396,#1395);
#1398=DIRECTION('',(-1.E0,0.E0,0.E0));
#1399=VECTOR('',#1398,2.5E-1);
#1400=CARTESIAN_POINT('',(1.25E-1,-3.125E0,-1.3E0));
#1401=LINE('',#1400,#1399);
#1402=DIRECTION('',(0.E0,-7.071067811865E-1,-7.071067811865E-1));
#1403=VECTOR('',#1402,1.414213562373E-1);
#1404=CARTESIAN_POINT('',(1.25E-1,-3.125E0,-1.3E0));
#1405=LINE('',#1404,#1403);
#1406=DIRECTION('',(-1.E0,0.E0,0.E0));
#1407=VECTOR('',#1406,2.5E-1);
#1408=CARTESIAN_POINT('',(1.25E-1,-3.225E0,-1.4E0));
#1409=LINE('',#1408,#1407);
#1410=DIRECTION('',(1.E0,0.E0,0.E0));
#1411=VECTOR('',#1410,2.5E-1);
#1412=CARTESIAN_POINT('',(-1.25E-1,-2.669974746831E0,-1.3E0));
#1413=LINE('',#1412,#1411);
#1414=DIRECTION('',(1.E0,0.E0,0.E0));
#1415=VECTOR('',#1414,2.5E-1);
#1416=CARTESIAN_POINT('',(-1.25E-1,-2.535E0,-1.165025253169E0));
#1417=LINE('',#1416,#1415);
#1418=DIRECTION('',(0.E0,0.E0,-1.E0));
#1419=VECTOR('',#1418,1.5E-1);
#1420=CARTESIAN_POINT('',(1.25E-1,-3.225E0,-1.4E0));
#1421=LINE('',#1420,#1419);
#1422=DIRECTION('',(0.E0,-1.E0,0.E0));
#1423=VECTOR('',#1422,4.550252531694E-1);
#1424=CARTESIAN_POINT('',(1.25E-1,-2.669974746831E0,-1.3E0));
#1425=LINE('',#1424,#1423);
#1426=DIRECTION('',(0.E0,-7.071067811865E-1,-7.071067811865E-1));
#1427=VECTOR('',#1426,1.908831175457E-1);
#1428=CARTESIAN_POINT('',(1.25E-1,-2.535E0,-1.165025253169E0));
#1429=LINE('',#1428,#1427);
#1430=DIRECTION('',(0.E0,0.E0,-1.E0));
#1431=VECTOR('',#1430,1.150252531694E-1);
#1432=CARTESIAN_POINT('',(1.25E-1,-2.535E0,-1.05E0));
#1433=LINE('',#1432,#1431);
#1434=DIRECTION('',(0.E0,7.071067811865E-1,7.071067811865E-1));
#1435=VECTOR('',#1434,5.515432893255E-1);
#1436=CARTESIAN_POINT('',(1.25E-1,-2.525E0,-1.65E0));
#1437=LINE('',#1436,#1435);
#1438=DIRECTION('',(0.E0,1.E0,0.E0));
#1439=VECTOR('',#1438,6.E-1);
#1440=CARTESIAN_POINT('',(1.25E-1,-3.125E0,-1.65E0));
#1441=LINE('',#1440,#1439);
#1442=DIRECTION('',(0.E0,-9.863939238321E-1,1.643989873054E-1));
#1443=VECTOR('',#1442,5.240510888265E-1);
#1444=CARTESIAN_POINT('',(1.25E-1,5.023299240479E-1,4.154450126587E-1));
#1445=LINE('',#1444,#1443);
#1446=DIRECTION('',(0.E0,0.E0,1.E0));
#1447=VECTOR('',#1446,1.529309367425E-1);
#1448=CARTESIAN_POINT('',(1.25E-1,5.65E-1,1.885345316287E-1));
#1449=LINE('',#1448,#1447);
#1450=DIRECTION('',(0.E0,9.863939238321E-1,1.643989873054E-1));
#1451=VECTOR('',#1450,5.240510888265E-1);
#1452=CARTESIAN_POINT('',(1.25E-1,-1.459088574822E-2,2.840151904197E-2));
#1453=LINE('',#1452,#1451);
#1454=DIRECTION('',(0.E0,1.E0,0.E0));
#1455=VECTOR('',#1454,1.379309367425E0);
#1456=CARTESIAN_POINT('',(1.25E-1,-1.435E0,2.5E-2));
#1457=LINE('',#1456,#1455);
#1458=DIRECTION('',(0.E0,-1.E0,0.E0));
#1459=VECTOR('',#1458,1.379309367425E0);
#1460=CARTESIAN_POINT('',(1.25E-1,-5.569063257456E-2,5.05E-1));
#1461=LINE('',#1460,#1459);
#1462=DIRECTION('',(1.E0,0.E0,0.E0));
#1463=VECTOR('',#1462,2.5E-1);
#1464=CARTESIAN_POINT('',(-1.25E-1,-2.525E0,-1.65E0));
#1465=LINE('',#1464,#1463);
#1466=DIRECTION('',(-1.E0,0.E0,0.E0));
#1467=VECTOR('',#1466,2.5E-1);
#1468=CARTESIAN_POINT('',(1.25E-1,-5.569063257456E-2,5.05E-1));
#1469=LINE('',#1468,#1467);
#1470=CARTESIAN_POINT('',(-1.25E-1,-5.569063257456E-2,2.55E-1));
#1471=DIRECTION('',(-1.E0,0.E0,0.E0));
#1472=DIRECTION('',(0.E0,0.E0,1.E0));
#1473=AXIS2_PLACEMENT_3D('',#1470,#1471,#1472);
#1475=CARTESIAN_POINT('',(-1.25E-1,-5.569063257456E-2,2.55E-1));
#1476=DIRECTION('',(-1.E0,0.E0,0.E0));
#1477=DIRECTION('',(0.E0,8.248053154489E-2,9.965926760297E-1));
#1478=AXIS2_PLACEMENT_3D('',#1475,#1476,#1477);
#1480=DIRECTION('',(-1.E0,0.E0,0.E0));
#1481=VECTOR('',#1480,2.5E-1);
#1482=CARTESIAN_POINT('',(1.25E-1,-1.459088574822E-2,5.015984809580E-1));
#1483=LINE('',#1482,#1481);
#1484=CARTESIAN_POINT('',(1.25E-1,-5.569063257456E-2,2.55E-1));
#1485=DIRECTION('',(1.E0,0.E0,0.E0));
#1486=DIRECTION('',(0.E0,1.643989873054E-1,9.863939238321E-1));
#1487=AXIS2_PLACEMENT_3D('',#1484,#1485,#1486);
#1489=CARTESIAN_POINT('',(1.25E-1,-5.569063257456E-2,2.55E-1));
#1490=DIRECTION('',(1.E0,0.E0,0.E0));
#1491=DIRECTION('',(0.E0,8.248053154489E-2,9.965926760297E-1));
#1492=AXIS2_PLACEMENT_3D('',#1489,#1490,#1491);
#1494=CARTESIAN_POINT('',(-1.25E-1,4.9E-1,3.414654683713E-1));
#1495=DIRECTION('',(-1.E0,0.E0,0.E0));
#1496=DIRECTION('',(0.E0,1.643989873054E-1,9.863939238321E-1));
#1497=AXIS2_PLACEMENT_3D('',#1494,#1495,#1496);
#1499=DIRECTION('',(-1.E0,0.E0,0.E0));
#1500=VECTOR('',#1499,2.5E-1);
#1501=CARTESIAN_POINT('',(1.25E-1,5.65E-1,3.414654683713E-1));
#1502=LINE('',#1501,#1500);
#1503=CARTESIAN_POINT('',(1.25E-1,4.9E-1,3.414654683713E-1));
#1504=DIRECTION('',(1.E0,0.E0,0.E0));
#1505=DIRECTION('',(0.E0,1.E0,0.E0));
#1506=AXIS2_PLACEMENT_3D('',#1503,#1504,#1505);
#1508=DIRECTION('',(-1.E0,0.E0,0.E0));
#1509=VECTOR('',#1508,2.5E-1);
#1510=CARTESIAN_POINT('',(1.25E-1,5.023299240479E-1,4.154450126587E-1));
#1511=LINE('',#1510,#1509);
#1512=CARTESIAN_POINT('',(-1.25E-1,4.9E-1,1.885345316287E-1));
#1513=DIRECTION('',(-1.E0,0.E0,0.E0));
#1514=DIRECTION('',(0.E0,1.E0,0.E0));
#1515=AXIS2_PLACEMENT_3D('',#1512,#1513,#1514);
#1517=DIRECTION('',(-1.E0,0.E0,0.E0));
#1518=VECTOR('',#1517,2.5E-1);
#1519=CARTESIAN_POINT('',(1.25E-1,5.023299240479E-1,1.145549873413E-1));
#1520=LINE('',#1519,#1518);
#1521=CARTESIAN_POINT('',(1.25E-1,4.9E-1,1.885345316287E-1));
#1522=DIRECTION('',(1.E0,0.E0,0.E0));
#1523=DIRECTION('',(0.E0,1.643989873054E-1,-9.863939238321E-1));
#1524=AXIS2_PLACEMENT_3D('',#1521,#1522,#1523);
#1526=DIRECTION('',(-1.E0,0.E0,0.E0));
#1527=VECTOR('',#1526,2.5E-1);
#1528=CARTESIAN_POINT('',(1.25E-1,5.65E-1,1.885345316287E-1));
#1529=LINE('',#1528,#1527);
#1530=DIRECTION('',(-1.E0,0.E0,0.E0));
#1531=VECTOR('',#1530,2.5E-1);
#1532=CARTESIAN_POINT('',(1.25E-1,-1.459088574822E-2,2.840151904197E-2));
#1533=LINE('',#1532,#1531);
#1534=CARTESIAN_POINT('',(-1.25E-1,-5.569063257456E-2,2.75E-1));
#1535=DIRECTION('',(-1.E0,0.E0,0.E0));
#1536=DIRECTION('',(0.E0,1.643989873054E-1,-9.863939238321E-1));
#1537=AXIS2_PLACEMENT_3D('',#1534,#1535,#1536);
#1539=CARTESIAN_POINT('',(-1.25E-1,-5.569063257456E-2,2.75E-1));
#1540=DIRECTION('',(-1.E0,0.E0,0.E0));
#1541=DIRECTION('',(0.E0,8.248053154489E-2,-9.965926760297E-1));
#1542=AXIS2_PLACEMENT_3D('',#1539,#1540,#1541);
#1544=DIRECTION('',(-1.E0,0.E0,0.E0));
#1545=VECTOR('',#1544,2.5E-1);
#1546=CARTESIAN_POINT('',(1.25E-1,-5.569063257456E-2,2.5E-2));
#1547=LINE('',#1546,#1545);
#1548=CARTESIAN_POINT('',(1.25E-1,-5.569063257456E-2,2.75E-1));
#1549=DIRECTION('',(1.E0,0.E0,0.E0));
#1550=DIRECTION('',(0.E0,0.E0,-1.E0));
#1551=AXIS2_PLACEMENT_3D('',#1548,#1549,#1550);
#1553=CARTESIAN_POINT('',(1.25E-1,-5.569063257456E-2,2.75E-1));
#1554=DIRECTION('',(1.E0,0.E0,0.E0));
#1555=DIRECTION('',(0.E0,8.248053154489E-2,-9.965926760297E-1));
#1556=AXIS2_PLACEMENT_3D('',#1553,#1554,#1555);
#1558=DIRECTION('',(0.E0,1.E0,0.E0));
#1559=VECTOR('',#1558,6.E-1);
#1560=CARTESIAN_POINT('',(8.75E-1,-3.125E0,-1.65E0));
#1561=LINE('',#1560,#1559);
#1562=DIRECTION('',(0.E0,7.071067811865E-1,7.071067811865E-1));
#1563=VECTOR('',#1562,5.515432893255E-1);
#1564=CARTESIAN_POINT('',(8.75E-1,-2.525E0,-1.65E0));
#1565=LINE('',#1564,#1563);
#1566=DIRECTION('',(0.E0,0.E0,-1.E0));
#1567=VECTOR('',#1566,1.150252531694E-1);
#1568=CARTESIAN_POINT('',(8.75E-1,-2.535E0,-1.05E0));
#1569=LINE('',#1568,#1567);
#1570=DIRECTION('',(0.E0,-7.071067811865E-1,-7.071067811865E-1));
#1571=VECTOR('',#1570,1.908831175457E-1);
#1572=CARTESIAN_POINT('',(8.75E-1,-2.535E0,-1.165025253169E0));
#1573=LINE('',#1572,#1571);
#1574=DIRECTION('',(0.E0,-1.E0,0.E0));
#1575=VECTOR('',#1574,4.550252531694E-1);
#1576=CARTESIAN_POINT('',(8.75E-1,-2.669974746831E0,-1.3E0));
#1577=LINE('',#1576,#1575);
#1578=DIRECTION('',(0.E0,0.E0,-1.E0));
#1579=VECTOR('',#1578,1.5E-1);
#1580=CARTESIAN_POINT('',(8.75E-1,-3.225E0,-1.4E0));
#1581=LINE('',#1580,#1579);
#1582=DIRECTION('',(0.E0,-1.E0,0.E0));
#1583=VECTOR('',#1582,1.379309367425E0);
#1584=CARTESIAN_POINT('',(8.75E-1,-5.569063257456E-2,5.05E-1));
#1585=LINE('',#1584,#1583);
#1586=DIRECTION('',(0.E0,1.E0,0.E0));
#1587=VECTOR('',#1586,1.379309367425E0);
#1588=CARTESIAN_POINT('',(8.75E-1,-1.435E0,2.5E-2));
#1589=LINE('',#1588,#1587);
#1590=DIRECTION('',(0.E0,9.863939238321E-1,1.643989873054E-1));
#1591=VECTOR('',#1590,5.240510888265E-1);
#1592=CARTESIAN_POINT('',(8.75E-1,-1.459088574822E-2,2.840151904197E-2));
#1593=LINE('',#1592,#1591);
#1594=DIRECTION('',(0.E0,0.E0,1.E0));
#1595=VECTOR('',#1594,1.529309367425E-1);
#1596=CARTESIAN_POINT('',(8.75E-1,5.65E-1,1.885345316287E-1));
#1597=LINE('',#1596,#1595);
#1598=DIRECTION('',(0.E0,-9.863939238321E-1,1.643989873054E-1));
#1599=VECTOR('',#1598,5.240510888265E-1);
#1600=CARTESIAN_POINT('',(8.75E-1,5.023299240479E-1,4.154450126587E-1));
#1601=LINE('',#1600,#1599);
#1602=DIRECTION('',(0.E0,-7.071067811865E-1,7.071067811865E-1));
#1603=VECTOR('',#1602,1.414213562373E-1);
#1604=CARTESIAN_POINT('',(8.75E-1,-3.125E0,-1.65E0));
#1605=LINE('',#1604,#1603);
#1606=DIRECTION('',(-1.E0,0.E0,0.E0));
#1607=VECTOR('',#1606,2.5E-1);
#1608=CARTESIAN_POINT('',(1.125E0,-3.225E0,-1.55E0));
#1609=LINE('',#1608,#1607);
#1610=DIRECTION('',(0.E0,7.071067811865E-1,-7.071067811865E-1));
#1611=VECTOR('',#1610,1.414213562373E-1);
#1612=CARTESIAN_POINT('',(1.125E0,-3.225E0,-1.55E0));
#1613=LINE('',#1612,#1611);
#1614=DIRECTION('',(-1.E0,0.E0,0.E0));
#1615=VECTOR('',#1614,2.5E-1);
#1616=CARTESIAN_POINT('',(1.125E0,-3.125E0,-1.65E0));
#1617=LINE('',#1616,#1615);
#1618=DIRECTION('',(0.E0,7.071067811865E-1,7.071067811865E-1));
#1619=VECTOR('',#1618,1.414213562373E-1);
#1620=CARTESIAN_POINT('',(8.75E-1,-3.225E0,-1.4E0));
#1621=LINE('',#1620,#1619);
#1622=DIRECTION('',(-1.E0,0.E0,0.E0));
#1623=VECTOR('',#1622,2.5E-1);
#1624=CARTESIAN_POINT('',(1.125E0,-3.125E0,-1.3E0));
#1625=LINE('',#1624,#1623);
#1626=DIRECTION('',(0.E0,-7.071067811865E-1,-7.071067811865E-1));
#1627=VECTOR('',#1626,1.414213562373E-1);
#1628=CARTESIAN_POINT('',(1.125E0,-3.125E0,-1.3E0));
#1629=LINE('',#1628,#1627);
#1630=DIRECTION('',(-1.E0,0.E0,0.E0));
#1631=VECTOR('',#1630,2.5E-1);
#1632=CARTESIAN_POINT('',(1.125E0,-3.225E0,-1.4E0));
#1633=LINE('',#1632,#1631);
#1634=DIRECTION('',(1.E0,0.E0,0.E0));
#1635=VECTOR('',#1634,2.5E-1);
#1636=CARTESIAN_POINT('',(8.75E-1,-2.669974746831E0,-1.3E0));
#1637=LINE('',#1636,#1635);
#1638=DIRECTION('',(1.E0,0.E0,0.E0));
#1639=VECTOR('',#1638,2.5E-1);
#1640=CARTESIAN_POINT('',(8.75E-1,-2.535E0,-1.165025253169E0));
#1641=LINE('',#1640,#1639);
#1642=DIRECTION('',(0.E0,0.E0,-1.E0));
#1643=VECTOR('',#1642,1.5E-1);
#1644=CARTESIAN_POINT('',(1.125E0,-3.225E0,-1.4E0));
#1645=LINE('',#1644,#1643);
#1646=DIRECTION('',(0.E0,-1.E0,0.E0));
#1647=VECTOR('',#1646,4.550252531694E-1);
#1648=CARTESIAN_POINT('',(1.125E0,-2.669974746831E0,-1.3E0));
#1649=LINE('',#1648,#1647);
#1650=DIRECTION('',(0.E0,-7.071067811865E-1,-7.071067811865E-1));
#1651=VECTOR('',#1650,1.908831175457E-1);
#1652=CARTESIAN_POINT('',(1.125E0,-2.535E0,-1.165025253169E0));
#1653=LINE('',#1652,#1651);
#1654=DIRECTION('',(0.E0,0.E0,-1.E0));
#1655=VECTOR('',#1654,1.150252531694E-1);
#1656=CARTESIAN_POINT('',(1.125E0,-2.535E0,-1.05E0));
#1657=LINE('',#1656,#1655);
#1658=DIRECTION('',(0.E0,7.071067811865E-1,7.071067811865E-1));
#1659=VECTOR('',#1658,5.515432893255E-1);
#1660=CARTESIAN_POINT('',(1.125E0,-2.525E0,-1.65E0));
#1661=LINE('',#1660,#1659);
#1662=DIRECTION('',(0.E0,1.E0,0.E0));
#1663=VECTOR('',#1662,6.E-1);
#1664=CARTESIAN_POINT('',(1.125E0,-3.125E0,-1.65E0));
#1665=LINE('',#1664,#1663);
#1666=DIRECTION('',(0.E0,-9.863939238321E-1,1.643989873054E-1));
#1667=VECTOR('',#1666,5.240510888265E-1);
#1668=CARTESIAN_POINT('',(1.125E0,5.023299240479E-1,4.154450126587E-1));
#1669=LINE('',#1668,#1667);
#1670=DIRECTION('',(0.E0,0.E0,1.E0));
#1671=VECTOR('',#1670,1.529309367425E-1);
#1672=CARTESIAN_POINT('',(1.125E0,5.65E-1,1.885345316287E-1));
#1673=LINE('',#1672,#1671);
#1674=DIRECTION('',(0.E0,9.863939238321E-1,1.643989873054E-1));
#1675=VECTOR('',#1674,5.240510888265E-1);
#1676=CARTESIAN_POINT('',(1.125E0,-1.459088574822E-2,2.840151904197E-2));
#1677=LINE('',#1676,#1675);
#1678=DIRECTION('',(0.E0,1.E0,0.E0));
#1679=VECTOR('',#1678,1.379309367425E0);
#1680=CARTESIAN_POINT('',(1.125E0,-1.435E0,2.5E-2));
#1681=LINE('',#1680,#1679);
#1682=DIRECTION('',(0.E0,-1.E0,0.E0));
#1683=VECTOR('',#1682,1.379309367425E0);
#1684=CARTESIAN_POINT('',(1.125E0,-5.569063257456E-2,5.05E-1));
#1685=LINE('',#1684,#1683);
#1686=DIRECTION('',(1.E0,0.E0,0.E0));
#1687=VECTOR('',#1686,2.5E-1);
#1688=CARTESIAN_POINT('',(8.75E-1,-2.525E0,-1.65E0));
#1689=LINE('',#1688,#1687);
#1690=DIRECTION('',(-1.E0,0.E0,0.E0));
#1691=VECTOR('',#1690,2.5E-1);
#1692=CARTESIAN_POINT('',(1.125E0,-5.569063257456E-2,5.05E-1));
#1693=LINE('',#1692,#1691);
#1694=CARTESIAN_POINT('',(8.75E-1,-5.569063257456E-2,2.55E-1));
#1695=DIRECTION('',(-1.E0,0.E0,0.E0));
#1696=DIRECTION('',(0.E0,0.E0,1.E0));
#1697=AXIS2_PLACEMENT_3D('',#1694,#1695,#1696);
#1699=CARTESIAN_POINT('',(8.75E-1,-5.569063257456E-2,2.55E-1));
#1700=DIRECTION('',(-1.E0,0.E0,0.E0));
#1701=DIRECTION('',(0.E0,8.248053154489E-2,9.965926760297E-1));
#1702=AXIS2_PLACEMENT_3D('',#1699,#1700,#1701);
#1704=DIRECTION('',(-1.E0,0.E0,0.E0));
#1705=VECTOR('',#1704,2.5E-1);
#1706=CARTESIAN_POINT('',(1.125E0,-1.459088574822E-2,5.015984809580E-1));
#1707=LINE('',#1706,#1705);
#1708=CARTESIAN_POINT('',(1.125E0,-5.569063257456E-2,2.55E-1));
#1709=DIRECTION('',(1.E0,0.E0,0.E0));
#1710=DIRECTION('',(0.E0,1.643989873054E-1,9.863939238321E-1));
#1711=AXIS2_PLACEMENT_3D('',#1708,#1709,#1710);
#1713=CARTESIAN_POINT('',(1.125E0,-5.569063257456E-2,2.55E-1));
#1714=DIRECTION('',(1.E0,0.E0,0.E0));
#1715=DIRECTION('',(0.E0,8.248053154489E-2,9.965926760297E-1));
#1716=AXIS2_PLACEMENT_3D('',#1713,#1714,#1715);
#1718=CARTESIAN_POINT('',(8.75E-1,4.9E-1,3.414654683713E-1));
#1719=DIRECTION('',(-1.E0,0.E0,0.E0));
#1720=DIRECTION('',(0.E0,1.643989873054E-1,9.863939238321E-1));
#1721=AXIS2_PLACEMENT_3D('',#1718,#1719,#1720);
#1723=DIRECTION('',(-1.E0,0.E0,0.E0));
#1724=VECTOR('',#1723,2.5E-1);
#1725=CARTESIAN_POINT('',(1.125E0,5.65E-1,3.414654683713E-1));
#1726=LINE('',#1725,#1724);
#1727=CARTESIAN_POINT('',(1.125E0,4.9E-1,3.414654683713E-1));
#1728=DIRECTION('',(1.E0,0.E0,0.E0));
#1729=DIRECTION('',(0.E0,1.E0,0.E0));
#1730=AXIS2_PLACEMENT_3D('',#1727,#1728,#1729);
#1732=DIRECTION('',(-1.E0,0.E0,0.E0));
#1733=VECTOR('',#1732,2.5E-1);
#1734=CARTESIAN_POINT('',(1.125E0,5.023299240479E-1,4.154450126587E-1));
#1735=LINE('',#1734,#1733);
#1736=CARTESIAN_POINT('',(8.75E-1,4.9E-1,1.885345316287E-1));
#1737=DIRECTION('',(-1.E0,0.E0,0.E0));
#1738=DIRECTION('',(0.E0,1.E0,0.E0));
#1739=AXIS2_PLACEMENT_3D('',#1736,#1737,#1738);
#1741=DIRECTION('',(-1.E0,0.E0,0.E0));
#1742=VECTOR('',#1741,2.5E-1);
#1743=CARTESIAN_POINT('',(1.125E0,5.023299240479E-1,1.145549873413E-1));
#1744=LINE('',#1743,#1742);
#1745=CARTESIAN_POINT('',(1.125E0,4.9E-1,1.885345316287E-1));
#1746=DIRECTION('',(1.E0,0.E0,0.E0));
#1747=DIRECTION('',(0.E0,1.643989873054E-1,-9.863939238321E-1));
#1748=AXIS2_PLACEMENT_3D('',#1745,#1746,#1747);
#1750=DIRECTION('',(-1.E0,0.E0,0.E0));
#1751=VECTOR('',#1750,2.5E-1);
#1752=CARTESIAN_POINT('',(1.125E0,5.65E-1,1.885345316287E-1));
#1753=LINE('',#1752,#1751);
#1754=DIRECTION('',(-1.E0,0.E0,0.E0));
#1755=VECTOR('',#1754,2.5E-1);
#1756=CARTESIAN_POINT('',(1.125E0,-1.459088574822E-2,2.840151904197E-2));
#1757=LINE('',#1756,#1755);
#1758=CARTESIAN_POINT('',(8.75E-1,-5.569063257456E-2,2.75E-1));
#1759=DIRECTION('',(-1.E0,0.E0,0.E0));
#1760=DIRECTION('',(0.E0,1.643989873054E-1,-9.863939238321E-1));
#1761=AXIS2_PLACEMENT_3D('',#1758,#1759,#1760);
#1763=CARTESIAN_POINT('',(8.75E-1,-5.569063257456E-2,2.75E-1));
#1764=DIRECTION('',(-1.E0,0.E0,0.E0));
#1765=DIRECTION('',(0.E0,8.248053154489E-2,-9.965926760297E-1));
#1766=AXIS2_PLACEMENT_3D('',#1763,#1764,#1765);
#1768=DIRECTION('',(-1.E0,0.E0,0.E0));
#1769=VECTOR('',#1768,2.5E-1);
#1770=CARTESIAN_POINT('',(1.125E0,-5.569063257456E-2,2.5E-2));
#1771=LINE('',#1770,#1769);
#1772=CARTESIAN_POINT('',(1.125E0,-5.569063257456E-2,2.75E-1));
#1773=DIRECTION('',(1.E0,0.E0,0.E0));
#1774=DIRECTION('',(0.E0,0.E0,-1.E0));
#1775=AXIS2_PLACEMENT_3D('',#1772,#1773,#1774);
#1777=CARTESIAN_POINT('',(1.125E0,-5.569063257456E-2,2.75E-1));
#1778=DIRECTION('',(1.E0,0.E0,0.E0));
#1779=DIRECTION('',(0.E0,8.248053154489E-2,-9.965926760297E-1));
#1780=AXIS2_PLACEMENT_3D('',#1777,#1778,#1779);
#1782=DIRECTION('',(0.E0,0.E0,1.E0));
#1783=VECTOR('',#1782,1.02E0);
#1784=CARTESIAN_POINT('',(-2.25E0,1.475E0,-1.45E0));
#1785=LINE('',#1784,#1783);
#1786=DIRECTION('',(0.E0,0.E0,1.E0));
#1787=VECTOR('',#1786,1.02E0);
#1788=CARTESIAN_POINT('',(-2.05E0,1.475E0,-1.45E0));
#1789=LINE('',#1788,#1787);
#1790=DIRECTION('',(0.E0,1.E0,0.E0));
#1791=VECTOR('',#1790,5.8E-1);
#1792=CARTESIAN_POINT('',(-2.25E0,1.475E0,-4.3E-1));
#1793=LINE('',#1792,#1791);
#1794=DIRECTION('',(1.E0,0.E0,0.E0));
#1795=VECTOR('',#1794,2.5E-1);
#1796=CARTESIAN_POINT('',(-2.5E0,1.475E0,-4.3E-1));
#1797=LINE('',#1796,#1795);
#1798=DIRECTION('',(0.E0,1.E0,0.E0));
#1799=VECTOR('',#1798,5.8E-1);
#1800=CARTESIAN_POINT('',(-2.05E0,1.475E0,-4.3E-1));
#1801=LINE('',#1800,#1799);
#1802=DIRECTION('',(1.E0,0.E0,0.E0));
#1803=VECTOR('',#1802,1.E-2);
#1804=CARTESIAN_POINT('',(-2.05E0,1.475E0,-4.3E-1));
#1805=LINE('',#1804,#1803);
#1806=DIRECTION('',(0.E0,-1.E0,0.E0));
#1807=VECTOR('',#1806,5.E-2);
#1808=CARTESIAN_POINT('',(-2.05E0,2.375E0,2.E-2));
#1809=LINE('',#1808,#1807);
#1810=DIRECTION('',(0.E0,0.E0,1.E0));
#1811=VECTOR('',#1810,1.4E0);
#1812=CARTESIAN_POINT('',(-2.05E0,2.375E0,-1.38E0));
#1813=LINE('',#1812,#1811);
#1814=DIRECTION('',(0.E0,1.E0,0.E0));
#1815=VECTOR('',#1814,6.5E-1);
#1816=CARTESIAN_POINT('',(-2.05E0,1.725E0,-1.38E0));
#1817=LINE('',#1816,#1815);
#1818=DIRECTION('',(0.E0,0.E0,1.E0));
#1819=VECTOR('',#1818,2.7E-1);
#1820=CARTESIAN_POINT('',(-2.05E0,1.725E0,-1.65E0));
#1821=LINE('',#1820,#1819);
#1822=DIRECTION('',(0.E0,1.E0,0.E0));
#1823=VECTOR('',#1822,1.3E0);
#1824=CARTESIAN_POINT('',(-2.05E0,4.25E-1,-1.65E0));
#1825=LINE('',#1824,#1823);
#1826=DIRECTION('',(0.E0,0.E0,-1.E0));
#1827=VECTOR('',#1826,2.E-1);
#1828=CARTESIAN_POINT('',(-2.05E0,4.25E-1,-1.45E0));
#1829=LINE('',#1828,#1827);
#1830=DIRECTION('',(1.E0,0.E0,0.E0));
#1831=VECTOR('',#1830,2.E-1);
#1832=CARTESIAN_POINT('',(-2.25E0,2.375E0,2.E-2));
#1833=LINE('',#1832,#1831);
#1834=DIRECTION('',(1.E0,0.E0,0.E0));
#1835=VECTOR('',#1834,2.E-1);
#1836=CARTESIAN_POINT('',(-2.25E0,2.375E0,-1.38E0));
#1837=LINE('',#1836,#1835);
#1838=DIRECTION('',(1.E0,0.E0,0.E0));
#1839=VECTOR('',#1838,2.E-1);
#1840=CARTESIAN_POINT('',(-2.25E0,1.725E0,-1.38E0));
#1841=LINE('',#1840,#1839);
#1842=DIRECTION('',(1.E0,0.E0,0.E0));
#1843=VECTOR('',#1842,2.E-1);
#1844=CARTESIAN_POINT('',(-2.25E0,1.725E0,-1.65E0));
#1845=LINE('',#1844,#1843);
#1846=DIRECTION('',(1.E0,0.E0,0.E0));
#1847=VECTOR('',#1846,2.E-1);
#1848=CARTESIAN_POINT('',(-2.25E0,4.25E-1,-1.65E0));
#1849=LINE('',#1848,#1847);
#1850=DIRECTION('',(0.E0,1.E0,0.E0));
#1851=VECTOR('',#1850,2.7E-1);
#1852=CARTESIAN_POINT('',(-2.04E0,2.055E0,2.E-2));
#1853=LINE('',#1852,#1851);
#1854=DIRECTION('',(0.E0,0.E0,-1.E0));
#1855=VECTOR('',#1854,4.5E-1);
#1856=CARTESIAN_POINT('',(-2.04E0,2.055E0,2.E-2));
#1857=LINE('',#1856,#1855);
#1858=DIRECTION('',(0.E0,-1.E0,0.E0));
#1859=VECTOR('',#1858,5.8E-1);
#1860=CARTESIAN_POINT('',(-2.04E0,2.055E0,-4.3E-1));
#1861=LINE('',#1860,#1859);
#1862=DIRECTION('',(0.E0,0.E0,1.E0));
#1863=VECTOR('',#1862,1.02E0);
#1864=CARTESIAN_POINT('',(-2.04E0,1.475E0,-1.45E0));
#1865=LINE('',#1864,#1863);
#1866=DIRECTION('',(0.E0,0.E0,1.E0));
#1867=VECTOR('',#1866,1.47E0);
#1868=CARTESIAN_POINT('',(-2.04E0,2.325E0,-1.45E0));
#1869=LINE('',#1868,#1867);
#1870=DIRECTION('',(0.E0,0.E0,1.E0));
#1871=VECTOR('',#1870,1.585384615385E0);
#1872=CARTESIAN_POINT('',(-1.96E0,2.4E0,-1.45E0));
#1873=LINE('',#1872,#1871);
#1874=DIRECTION('',(-4.785366129910E-1,-4.785366129910E-1,-7.362101738323E-1));
#1875=VECTOR('',#1874,1.567278196985E-1);
#1876=CARTESIAN_POINT('',(-1.96E0,2.4E0,1.353846153846E-1));
#1877=LINE('',#1876,#1875);
#1878=DIRECTION('',(0.E0,0.E0,1.E0));
#1879=VECTOR('',#1878,1.47E0);
#1880=CARTESIAN_POINT('',(-2.035E0,2.325E0,-1.45E0));
#1881=LINE('',#1880,#1879);
#1882=DIRECTION('',(7.071067811865E-1,7.071067811865E-1,0.E0));
#1883=VECTOR('',#1882,1.060660171780E-1);
#1884=CARTESIAN_POINT('',(-2.035E0,2.325E0,-1.45E0));
#1885=LINE('',#1884,#1883);
#1886=CARTESIAN_POINT('',(-2.075E0,-1.125E0,5.7E-1));
#1887=CARTESIAN_POINT('',(-2.075E0,-1.125E0,1.17E0));
#1888=VERTEX_POINT('',#1886);
#1889=VERTEX_POINT('',#1887);
#1890=CARTESIAN_POINT('',(2.075E0,-1.125E0,1.17E0));
#1891=CARTESIAN_POINT('',(2.075E0,-1.125E0,5.7E-1));
#1892=VERTEX_POINT('',#1890);
#1893=VERTEX_POINT('',#1891);
#1894=CARTESIAN_POINT('',(1.725E0,-1.125E0,1.17E0));
#1895=CARTESIAN_POINT('',(1.725E0,-1.125E0,5.7E-1));
#1896=VERTEX_POINT('',#1894);
#1897=VERTEX_POINT('',#1895);
#1898=CARTESIAN_POINT('',(-1.725E0,-1.125E0,1.17E0));
#1899=CARTESIAN_POINT('',(-1.725E0,-1.125E0,5.7E-1));
#1900=VERTEX_POINT('',#1898);
#1901=VERTEX_POINT('',#1899);
#1902=CARTESIAN_POINT('',(-2.075E0,2.675E0,5.7E-1));
#1903=VERTEX_POINT('',#1902);
#1904=CARTESIAN_POINT('',(2.075E0,2.675E0,5.7E-1));
#1905=VERTEX_POINT('',#1904);
#1906=CARTESIAN_POINT('',(1.135E0,-1.435E0,-9.E-1));
#1907=CARTESIAN_POINT('',(-1.135E0,-1.435E0,-9.E-1));
#1908=VERTEX_POINT('',#1906);
#1909=VERTEX_POINT('',#1907);
#1910=CARTESIAN_POINT('',(1.135E0,-1.435E0,-1.17E0));
#1911=VERTEX_POINT('',#1910);
#1912=CARTESIAN_POINT('',(-1.135E0,-1.435E0,-1.17E0));
#1913=VERTEX_POINT('',#1912);
#1914=CARTESIAN_POINT('',(1.135E0,1.565E0,-1.17E0));
#1915=VERTEX_POINT('',#1914);
#1916=CARTESIAN_POINT('',(-1.135E0,1.565E0,-1.17E0));
#1917=VERTEX_POINT('',#1916);
#1918=CARTESIAN_POINT('',(1.725E0,-1.435E0,-1.17E0));
#1919=VERTEX_POINT('',#1918);
#1920=CARTESIAN_POINT('',(-1.725E0,-1.435E0,-1.17E0));
#1921=VERTEX_POINT('',#1920);
#1922=CARTESIAN_POINT('',(-1.725E0,2.525E0,5.7E-1));
#1923=CARTESIAN_POINT('',(-1.875E0,2.675E0,5.7E-1));
#1924=VERTEX_POINT('',#1922);
#1925=VERTEX_POINT('',#1923);
#1926=CARTESIAN_POINT('',(-1.875E0,2.675E0,-1.32E0));
#1927=VERTEX_POINT('',#1926);
#1928=CARTESIAN_POINT('',(-1.725E0,2.525E0,-1.17E0));
#1929=VERTEX_POINT('',#1928);
#1930=CARTESIAN_POINT('',(1.875E0,2.675E0,-1.32E0));
#1931=VERTEX_POINT('',#1930);
#1932=CARTESIAN_POINT('',(1.725E0,2.525E0,-1.17E0));
#1933=VERTEX_POINT('',#1932);
#1934=CARTESIAN_POINT('',(1.875E0,2.675E0,5.7E-1));
#1935=CARTESIAN_POINT('',(1.725E0,2.525E0,5.7E-1));
#1936=VERTEX_POINT('',#1934);
#1937=VERTEX_POINT('',#1935);
#1938=CARTESIAN_POINT('',(-2.075E0,2.675E0,1.32E0));
#1939=CARTESIAN_POINT('',(2.075E0,2.675E0,1.32E0));
#1940=VERTEX_POINT('',#1938);
#1941=VERTEX_POINT('',#1939);
#1942=CARTESIAN_POINT('',(-2.075E0,2.525E0,1.17E0));
#1943=CARTESIAN_POINT('',(2.075E0,2.525E0,1.17E0));
#1944=VERTEX_POINT('',#1942);
#1945=VERTEX_POINT('',#1943);
#1946=CARTESIAN_POINT('',(-1.135E0,1.465E0,-9.E-1));
#1947=CARTESIAN_POINT('',(-1.135E0,1.565E0,-1.E0));
#1948=VERTEX_POINT('',#1946);
#1949=VERTEX_POINT('',#1947);
#1950=CARTESIAN_POINT('',(1.135E0,1.565E0,-1.E0));
#1951=VERTEX_POINT('',#1950);
#1952=CARTESIAN_POINT('',(1.135E0,1.465E0,-9.E-1));
#1953=VERTEX_POINT('',#1952);
#1954=CARTESIAN_POINT('',(-1.125E0,-2.535E0,-1.165025253169E0));
#1955=CARTESIAN_POINT('',(-1.125E0,-2.669974746831E0,-1.3E0));
#1956=VERTEX_POINT('',#1954);
#1957=VERTEX_POINT('',#1955);
#1958=CARTESIAN_POINT('',(-8.75E-1,-2.535E0,-1.165025253169E0));
#1959=CARTESIAN_POINT('',(-8.75E-1,-2.669974746831E0,-1.3E0));
#1960=VERTEX_POINT('',#1958);
#1961=VERTEX_POINT('',#1959);
#1962=CARTESIAN_POINT('',(-1.125E0,-1.435E0,2.5E-2));
#1963=CARTESIAN_POINT('',(-1.125E0,-1.435E0,5.05E-1));
#1964=VERTEX_POINT('',#1962);
#1965=VERTEX_POINT('',#1963);
#1966=CARTESIAN_POINT('',(-8.75E-1,-1.435E0,2.5E-2));
#1967=CARTESIAN_POINT('',(-8.75E-1,-1.435E0,5.05E-1));
#1968=VERTEX_POINT('',#1966);
#1969=VERTEX_POINT('',#1967);
#1970=CARTESIAN_POINT('',(-1.125E0,-2.135E0,-1.26E0));
#1971=CARTESIAN_POINT('',(-1.125E0,-2.135E0,-1.05E0));
#1972=VERTEX_POINT('',#1970);
#1973=VERTEX_POINT('',#1971);
#1974=CARTESIAN_POINT('',(-8.75E-1,-2.135E0,-1.26E0));
#1975=CARTESIAN_POINT('',(-8.75E-1,-2.135E0,-1.05E0));
#1976=VERTEX_POINT('',#1974);
#1977=VERTEX_POINT('',#1975);
#1978=CARTESIAN_POINT('',(-8.75E-1,-5.569063257456E-2,5.05E-1));
#1979=CARTESIAN_POINT('',(-1.125E0,-5.569063257456E-2,5.05E-1));
#1980=VERTEX_POINT('',#1978);
#1981=VERTEX_POINT('',#1979);
#1982=CARTESIAN_POINT('',(-1.125E0,-1.459088574822E-2,5.015984809580E-1));
#1983=VERTEX_POINT('',#1982);
#1984=CARTESIAN_POINT('',(-8.75E-1,-1.459088574822E-2,5.015984809580E-1));
#1985=VERTEX_POINT('',#1984);
#1986=CARTESIAN_POINT('',(-1.125E0,5.023299240479E-1,4.154450126587E-1));
#1987=CARTESIAN_POINT('',(-1.125E0,5.65E-1,3.414654683713E-1));
#1988=VERTEX_POINT('',#1986);
#1989=VERTEX_POINT('',#1987);
#1990=CARTESIAN_POINT('',(-8.75E-1,5.65E-1,3.414654683713E-1));
#1991=VERTEX_POINT('',#1990);
#1992=CARTESIAN_POINT('',(-8.75E-1,5.023299240479E-1,4.154450126587E-1));
#1993=VERTEX_POINT('',#1992);
#1994=CARTESIAN_POINT('',(-1.125E0,5.65E-1,1.885345316287E-1));
#1995=CARTESIAN_POINT('',(-1.125E0,5.023299240479E-1,1.145549873413E-1));
#1996=VERTEX_POINT('',#1994);
#1997=VERTEX_POINT('',#1995);
#1998=CARTESIAN_POINT('',(-8.75E-1,5.023299240479E-1,1.145549873413E-1));
#1999=VERTEX_POINT('',#1998);
#2000=CARTESIAN_POINT('',(-8.75E-1,5.65E-1,1.885345316287E-1));
#2001=VERTEX_POINT('',#2000);
#2002=CARTESIAN_POINT('',(-1.125E0,-1.459088574822E-2,2.840151904196E-2));
#2003=VERTEX_POINT('',#2002);
#2004=CARTESIAN_POINT('',(-8.75E-1,-1.459088574822E-2,2.840151904196E-2));
#2005=VERTEX_POINT('',#2004);
#2006=CARTESIAN_POINT('',(-1.125E0,-2.535E0,-1.05E0));
#2007=VERTEX_POINT('',#2006);
#2008=CARTESIAN_POINT('',(-8.75E-1,-2.535E0,-1.05E0));
#2009=VERTEX_POINT('',#2008);
#2010=CARTESIAN_POINT('',(2.5E0,-2.135E0,-1.35E0));
#2011=CARTESIAN_POINT('',(-2.5E0,-2.135E0,-1.35E0));
#2012=VERTEX_POINT('',#2010);
#2013=VERTEX_POINT('',#2011);
#2014=CARTESIAN_POINT('',(-2.5E0,-2.135E0,-1.05E0));
#2015=VERTEX_POINT('',#2014);
#2016=CARTESIAN_POINT('',(2.5E0,-2.135E0,-1.05E0));
#2017=VERTEX_POINT('',#2016);
#2018=CARTESIAN_POINT('',(-2.5E0,-2.035E0,-1.45E0));
#2019=VERTEX_POINT('',#2018);
#2020=CARTESIAN_POINT('',(2.5E0,-2.035E0,-1.45E0));
#2021=VERTEX_POINT('',#2020);
#2022=CARTESIAN_POINT('',(-1.125E0,-2.525E0,-1.65E0));
#2023=CARTESIAN_POINT('',(-8.75E-1,-2.525E0,-1.65E0));
#2024=VERTEX_POINT('',#2022);
#2025=VERTEX_POINT('',#2023);
#2026=CARTESIAN_POINT('',(-1.125E0,-3.125E0,-1.3E0));
#2027=VERTEX_POINT('',#2026);
#2028=CARTESIAN_POINT('',(-1.125E0,-3.125E0,-1.65E0));
#2029=VERTEX_POINT('',#2028);
#2030=CARTESIAN_POINT('',(-8.75E-1,-3.125E0,-1.3E0));
#2031=VERTEX_POINT('',#2030);
#2032=CARTESIAN_POINT('',(-8.75E-1,-3.125E0,-1.65E0));
#2033=VERTEX_POINT('',#2032);
#2034=CARTESIAN_POINT('',(-2.04E0,2.055E0,-4.3E-1));
#2035=CARTESIAN_POINT('',(-2.04E0,1.475E0,-4.3E-1));
#2036=VERTEX_POINT('',#2034);
#2037=VERTEX_POINT('',#2035);
#2038=CARTESIAN_POINT('',(-2.04E0,2.055E0,2.E-2));
#2039=VERTEX_POINT('',#2038);
#2040=CARTESIAN_POINT('',(-2.5E0,1.475E0,-1.45E0));
#2041=CARTESIAN_POINT('',(-2.5E0,1.475E0,-4.3E-1));
#2042=VERTEX_POINT('',#2040);
#2043=VERTEX_POINT('',#2041);
#2044=CARTESIAN_POINT('',(-2.5E0,2.055E0,-4.3E-1));
#2045=VERTEX_POINT('',#2044);
#2046=CARTESIAN_POINT('',(-2.5E0,2.055E0,2.E-2));
#2047=VERTEX_POINT('',#2046);
#2048=CARTESIAN_POINT('',(-2.04E0,2.325E0,-1.45E0));
#2049=CARTESIAN_POINT('',(-2.04E0,1.475E0,-1.45E0));
#2050=VERTEX_POINT('',#2048);
#2051=VERTEX_POINT('',#2049);
#2052=CARTESIAN_POINT('',(-2.5E0,2.675E0,2.2E-1));
#2053=CARTESIAN_POINT('',(-1.96E0,2.675E0,2.2E-1));
#2054=VERTEX_POINT('',#2052);
#2055=VERTEX_POINT('',#2053);
#2056=CARTESIAN_POINT('',(-1.96E0,2.675E0,-1.45E0));
#2057=VERTEX_POINT('',#2056);
#2058=CARTESIAN_POINT('',(-2.04E0,2.325E0,2.E-2));
#2059=VERTEX_POINT('',#2058);
#2060=CARTESIAN_POINT('',(-1.96E0,2.4E0,1.353846153846E-1));
#2061=CARTESIAN_POINT('',(-1.96E0,2.455E0,2.2E-1));
#2062=VERTEX_POINT('',#2060);
#2063=VERTEX_POINT('',#2061);
#2064=CARTESIAN_POINT('',(-2.5E0,2.455E0,2.2E-1));
#2065=VERTEX_POINT('',#2064);
#2066=CARTESIAN_POINT('',(-1.96E0,2.4E0,-1.45E0));
#2067=VERTEX_POINT('',#2066);
#2068=CARTESIAN_POINT('',(-2.035E0,2.325E0,-1.45E0));
#2069=CARTESIAN_POINT('',(-2.035E0,2.325E0,2.E-2));
#2070=VERTEX_POINT('',#2068);
#2071=VERTEX_POINT('',#2069);
#2072=CARTESIAN_POINT('',(-2.5E0,2.325E0,2.E-2));
#2073=VERTEX_POINT('',#2072);
#2074=CARTESIAN_POINT('',(-2.3E0,-2.675E0,-6.5E-1));
#2075=CARTESIAN_POINT('',(-1.66E0,-2.675E0,-6.5E-1));
#2076=VERTEX_POINT('',#2074);
#2077=VERTEX_POINT('',#2075);
#2078=CARTESIAN_POINT('',(-1.66E0,-2.675E0,1.55E0));
#2079=VERTEX_POINT('',#2078);
#2080=CARTESIAN_POINT('',(-2.5E0,-2.475E0,-6.5E-1));
#2081=CARTESIAN_POINT('',(-2.5E0,-1.925E0,-6.5E-1));
#2082=VERTEX_POINT('',#2080);
#2083=VERTEX_POINT('',#2081);
#2084=CARTESIAN_POINT('',(-2.5E0,-1.925E0,1.35E0));
#2085=VERTEX_POINT('',#2084);
#2086=CARTESIAN_POINT('',(-1.86E0,-1.925E0,1.55E0));
#2087=VERTEX_POINT('',#2086);
#2088=CARTESIAN_POINT('',(-2.3E0,-1.925E0,1.55E0));
#2089=VERTEX_POINT('',#2088);
#2090=CARTESIAN_POINT('',(-1.86E0,-1.925E0,-6.5E-1));
#2091=VERTEX_POINT('',#2090);
#2092=CARTESIAN_POINT('',(-2.5E0,2.675E0,1.35E0));
#2093=CARTESIAN_POINT('',(-2.3E0,2.675E0,1.55E0));
#2094=VERTEX_POINT('',#2092);
#2095=VERTEX_POINT('',#2093);
#2096=CARTESIAN_POINT('',(2.3E0,2.675E0,1.55E0));
#2097=CARTESIAN_POINT('',(2.5E0,2.675E0,1.35E0));
#2098=VERTEX_POINT('',#2096);
#2099=VERTEX_POINT('',#2097);
#2100=CARTESIAN_POINT('',(2.5E0,-2.475E0,-1.05E0));
#2101=CARTESIAN_POINT('',(2.3E0,-2.675E0,-1.05E0));
#2102=VERTEX_POINT('',#2100);
#2103=VERTEX_POINT('',#2101);
#2104=CARTESIAN_POINT('',(-2.3E0,-2.675E0,-1.05E0));
#2105=CARTESIAN_POINT('',(-2.5E0,-2.475E0,-1.05E0));
#2106=VERTEX_POINT('',#2104);
#2107=VERTEX_POINT('',#2105);
#2108=CARTESIAN_POINT('',(-1.725E0,-1.305E0,1.17E0));
#2109=CARTESIAN_POINT('',(-1.725E0,-1.435E0,1.04E0));
#2110=VERTEX_POINT('',#2108);
#2111=VERTEX_POINT('',#2109);
#2112=CARTESIAN_POINT('',(1.725E0,-1.435E0,1.04E0));
#2113=VERTEX_POINT('',#2112);
#2114=CARTESIAN_POINT('',(1.725E0,-1.305E0,1.17E0));
#2115=VERTEX_POINT('',#2114);
#2116=CARTESIAN_POINT('',(-1.55E0,2.675E0,-1.55E0));
#2117=CARTESIAN_POINT('',(-1.55E0,-1.935E0,-1.55E0));
#2118=VERTEX_POINT('',#2116);
#2119=VERTEX_POINT('',#2117);
#2120=CARTESIAN_POINT('',(-1.676491106407E0,2.675E0,-1.45E0));
#2121=CARTESIAN_POINT('',(-1.676491106407E0,-2.035E0,-1.45E0));
#2122=VERTEX_POINT('',#2120);
#2123=VERTEX_POINT('',#2121);
#2124=CARTESIAN_POINT('',(1.676491106407E0,2.675E0,-1.45E0));
#2125=CARTESIAN_POINT('',(1.676491106407E0,-2.035E0,-1.45E0));
#2126=VERTEX_POINT('',#2124);
#2127=VERTEX_POINT('',#2125);
#2128=CARTESIAN_POINT('',(1.55E0,2.675E0,-1.55E0));
#2129=CARTESIAN_POINT('',(1.55E0,-1.935E0,-1.55E0));
#2130=VERTEX_POINT('',#2128);
#2131=VERTEX_POINT('',#2129);
#2132=CARTESIAN_POINT('',(-2.25E0,4.25E-1,-1.65E0));
#2133=CARTESIAN_POINT('',(-2.25E0,1.725E0,-1.65E0));
#2134=VERTEX_POINT('',#2132);
#2135=VERTEX_POINT('',#2133);
#2136=CARTESIAN_POINT('',(-2.25E0,1.725E0,-1.38E0));
#2137=VERTEX_POINT('',#2136);
#2138=CARTESIAN_POINT('',(-2.25E0,2.375E0,-1.38E0));
#2139=VERTEX_POINT('',#2138);
#2140=CARTESIAN_POINT('',(-2.25E0,2.375E0,2.E-2));
#2141=VERTEX_POINT('',#2140);
#2142=CARTESIAN_POINT('',(-2.05E0,4.25E-1,-1.65E0));
#2143=CARTESIAN_POINT('',(-2.05E0,1.725E0,-1.65E0));
#2144=VERTEX_POINT('',#2142);
#2145=VERTEX_POINT('',#2143);
#2146=CARTESIAN_POINT('',(-2.05E0,1.725E0,-1.38E0));
#2147=VERTEX_POINT('',#2146);
#2148=CARTESIAN_POINT('',(-2.05E0,2.375E0,-1.38E0));
#2149=VERTEX_POINT('',#2148);
#2150=CARTESIAN_POINT('',(-2.05E0,2.375E0,2.E-2));
#2151=VERTEX_POINT('',#2150);
#2152=CARTESIAN_POINT('',(-2.25E0,2.325E0,2.E-2));
#2153=CARTESIAN_POINT('',(-2.25E0,2.055E0,2.E-2));
#2154=VERTEX_POINT('',#2152);
#2155=VERTEX_POINT('',#2153);
#2156=CARTESIAN_POINT('',(-2.05E0,2.325E0,2.E-2));
#2157=CARTESIAN_POINT('',(-2.05E0,2.055E0,2.E-2));
#2158=VERTEX_POINT('',#2156);
#2159=VERTEX_POINT('',#2157);
#2160=CARTESIAN_POINT('',(7.5E-1,1.465E0,1.55E0));
#2161=CARTESIAN_POINT('',(7.5E-1,5.65E-1,1.55E0));
#2162=VERTEX_POINT('',#2160);
#2163=VERTEX_POINT('',#2161);
#2164=CARTESIAN_POINT('',(6.E-1,4.15E-1,1.55E0));
#2165=CARTESIAN_POINT('',(-6.E-1,4.15E-1,1.55E0));
#2166=VERTEX_POINT('',#2164);
#2167=VERTEX_POINT('',#2165);
#2168=CARTESIAN_POINT('',(-7.5E-1,5.65E-1,1.55E0));
#2169=CARTESIAN_POINT('',(-7.5E-1,1.465E0,1.55E0));
#2170=VERTEX_POINT('',#2168);
#2171=VERTEX_POINT('',#2169);
#2172=CARTESIAN_POINT('',(-6.E-1,1.615E0,1.55E0));
#2173=CARTESIAN_POINT('',(6.E-1,1.615E0,1.55E0));
#2174=VERTEX_POINT('',#2172);
#2175=VERTEX_POINT('',#2173);
#2176=CARTESIAN_POINT('',(7.5E-1,1.465E0,1.17E0));
#2177=CARTESIAN_POINT('',(7.5E-1,5.65E-1,1.17E0));
#2178=VERTEX_POINT('',#2176);
#2179=VERTEX_POINT('',#2177);
#2180=CARTESIAN_POINT('',(6.E-1,4.15E-1,1.17E0));
#2181=CARTESIAN_POINT('',(-6.E-1,4.15E-1,1.17E0));
#2182=VERTEX_POINT('',#2180);
#2183=VERTEX_POINT('',#2181);
#2184=CARTESIAN_POINT('',(-7.5E-1,5.65E-1,1.17E0));
#2185=CARTESIAN_POINT('',(-7.5E-1,1.465E0,1.17E0));
#2186=VERTEX_POINT('',#2184);
#2187=VERTEX_POINT('',#2185);
#2188=CARTESIAN_POINT('',(-6.E-1,1.615E0,1.17E0));
#2189=CARTESIAN_POINT('',(6.E-1,1.615E0,1.17E0));
#2190=VERTEX_POINT('',#2188);
#2191=VERTEX_POINT('',#2189);
#2192=CARTESIAN_POINT('',(2.5E0,2.675E0,2.2E-1));
#2193=CARTESIAN_POINT('',(1.96E0,2.675E0,2.2E-1));
#2194=VERTEX_POINT('',#2192);
#2195=VERTEX_POINT('',#2193);
#2196=CARTESIAN_POINT('',(1.96E0,2.675E0,-1.45E0));
#2197=VERTEX_POINT('',#2196);
#2198=CARTESIAN_POINT('',(2.04E0,1.475E0,-4.3E-1));
#2199=CARTESIAN_POINT('',(2.04E0,2.055E0,-4.3E-1));
#2200=VERTEX_POINT('',#2198);
#2201=VERTEX_POINT('',#2199);
#2202=CARTESIAN_POINT('',(2.04E0,2.055E0,2.E-2));
#2203=VERTEX_POINT('',#2202);
#2204=CARTESIAN_POINT('',(2.5E0,1.475E0,-1.45E0));
#2205=CARTESIAN_POINT('',(2.5E0,1.475E0,-4.3E-1));
#2206=VERTEX_POINT('',#2204);
#2207=VERTEX_POINT('',#2205);
#2208=CARTESIAN_POINT('',(2.5E0,2.055E0,-4.3E-1));
#2209=VERTEX_POINT('',#2208);
#2210=CARTESIAN_POINT('',(2.5E0,2.055E0,2.E-2));
#2211=VERTEX_POINT('',#2210);
#2212=CARTESIAN_POINT('',(2.5E0,2.455E0,2.2E-1));
#2213=CARTESIAN_POINT('',(1.96E0,2.455E0,2.2E-1));
#2214=VERTEX_POINT('',#2212);
#2215=VERTEX_POINT('',#2213);
#2216=CARTESIAN_POINT('',(1.96E0,2.4E0,1.353846153846E-1));
#2217=VERTEX_POINT('',#2216);
#2218=CARTESIAN_POINT('',(2.035E0,2.325E0,2.E-2));
#2219=CARTESIAN_POINT('',(2.035E0,2.325E0,-1.45E0));
#2220=VERTEX_POINT('',#2218);
#2221=VERTEX_POINT('',#2219);
#2222=CARTESIAN_POINT('',(1.96E0,2.4E0,-1.45E0));
#2223=VERTEX_POINT('',#2222);
#2224=CARTESIAN_POINT('',(2.5E0,2.325E0,2.E-2));
#2225=VERTEX_POINT('',#2224);
#2226=CARTESIAN_POINT('',(2.04E0,2.325E0,2.E-2));
#2227=VERTEX_POINT('',#2226);
#2228=CARTESIAN_POINT('',(2.3E0,-2.675E0,-6.5E-1));
#2229=CARTESIAN_POINT('',(1.66E0,-2.675E0,-6.5E-1));
#2230=VERTEX_POINT('',#2228);
#2231=VERTEX_POINT('',#2229);
#2232=CARTESIAN_POINT('',(1.66E0,-2.675E0,1.55E0));
#2233=VERTEX_POINT('',#2232);
#2234=CARTESIAN_POINT('',(1.86E0,-1.925E0,1.55E0));
#2235=VERTEX_POINT('',#2234);
#2236=CARTESIAN_POINT('',(2.3E0,-1.925E0,1.55E0));
#2237=VERTEX_POINT('',#2236);
#2238=CARTESIAN_POINT('',(2.5E0,-2.475E0,-6.5E-1));
#2239=CARTESIAN_POINT('',(2.5E0,-1.925E0,-6.5E-1));
#2240=VERTEX_POINT('',#2238);
#2241=VERTEX_POINT('',#2239);
#2242=CARTESIAN_POINT('',(2.5E0,-1.925E0,1.35E0));
#2243=VERTEX_POINT('',#2242);
#2244=CARTESIAN_POINT('',(1.86E0,-1.925E0,-6.5E-1));
#2245=VERTEX_POINT('',#2244);
#2246=CARTESIAN_POINT('',(-1.125E0,-5.569063257456E-2,2.5E-2));
#2247=VERTEX_POINT('',#2246);
#2248=CARTESIAN_POINT('',(-8.75E-1,-5.569063257456E-2,2.5E-2));
#2249=VERTEX_POINT('',#2248);
#2250=CARTESIAN_POINT('',(2.04E0,2.325E0,-1.45E0));
#2251=CARTESIAN_POINT('',(2.04E0,1.475E0,-1.45E0));
#2252=VERTEX_POINT('',#2250);
#2253=VERTEX_POINT('',#2251);
#2254=CARTESIAN_POINT('',(-2.25E0,4.25E-1,-1.45E0));
#2255=CARTESIAN_POINT('',(-2.25E0,1.475E0,-1.45E0));
#2256=VERTEX_POINT('',#2254);
#2257=VERTEX_POINT('',#2255);
#2258=CARTESIAN_POINT('',(-2.05E0,4.25E-1,-1.45E0));
#2259=CARTESIAN_POINT('',(-2.05E0,1.475E0,-1.45E0));
#2260=VERTEX_POINT('',#2258);
#2261=VERTEX_POINT('',#2259);
#2262=CARTESIAN_POINT('',(-2.25E0,1.475E0,-4.3E-1));
#2263=VERTEX_POINT('',#2262);
#2264=CARTESIAN_POINT('',(-2.05E0,1.475E0,-4.3E-1));
#2265=VERTEX_POINT('',#2264);
#2266=CARTESIAN_POINT('',(-2.25E0,2.055E0,-4.3E-1));
#2267=VERTEX_POINT('',#2266);
#2268=CARTESIAN_POINT('',(-2.05E0,2.055E0,-4.3E-1));
#2269=VERTEX_POINT('',#2268);
#2270=CARTESIAN_POINT('',(-1.125E0,-3.225E0,-1.55E0));
#2271=VERTEX_POINT('',#2270);
#2272=CARTESIAN_POINT('',(-8.75E-1,-3.225E0,-1.55E0));
#2273=VERTEX_POINT('',#2272);
#2274=CARTESIAN_POINT('',(-1.125E0,-3.225E0,-1.4E0));
#2275=VERTEX_POINT('',#2274);
#2276=CARTESIAN_POINT('',(-8.75E-1,-3.225E0,-1.4E0));
#2277=VERTEX_POINT('',#2276);
#2278=CARTESIAN_POINT('',(-1.25E-1,-2.535E0,-1.165025253169E0));
#2279=CARTESIAN_POINT('',(-1.25E-1,-2.669974746831E0,-1.3E0));
#2280=VERTEX_POINT('',#2278);
#2281=VERTEX_POINT('',#2279);
#2282=CARTESIAN_POINT('',(1.25E-1,-2.535E0,-1.165025253169E0));
#2283=CARTESIAN_POINT('',(1.25E-1,-2.669974746831E0,-1.3E0));
#2284=VERTEX_POINT('',#2282);
#2285=VERTEX_POINT('',#2283);
#2286=CARTESIAN_POINT('',(-1.25E-1,-2.525E0,-1.65E0));
#2287=CARTESIAN_POINT('',(1.25E-1,-2.525E0,-1.65E0));
#2288=VERTEX_POINT('',#2286);
#2289=VERTEX_POINT('',#2287);
#2290=CARTESIAN_POINT('',(-1.25E-1,-2.535E0,-1.05E0));
#2291=VERTEX_POINT('',#2290);
#2292=CARTESIAN_POINT('',(1.25E-1,-2.535E0,-1.05E0));
#2293=VERTEX_POINT('',#2292);
#2294=CARTESIAN_POINT('',(-1.25E-1,-2.135E0,-1.26E0));
#2295=VERTEX_POINT('',#2294);
#2296=CARTESIAN_POINT('',(1.25E-1,-2.135E0,-1.26E0));
#2297=VERTEX_POINT('',#2296);
#2298=CARTESIAN_POINT('',(8.75E-1,-2.535E0,-1.165025253169E0));
#2299=CARTESIAN_POINT('',(8.75E-1,-2.669974746831E0,-1.3E0));
#2300=VERTEX_POINT('',#2298);
#2301=VERTEX_POINT('',#2299);
#2302=CARTESIAN_POINT('',(1.125E0,-2.535E0,-1.165025253169E0));
#2303=CARTESIAN_POINT('',(1.125E0,-2.669974746831E0,-1.3E0));
#2304=VERTEX_POINT('',#2302);
#2305=VERTEX_POINT('',#2303);
#2306=CARTESIAN_POINT('',(8.75E-1,-2.525E0,-1.65E0));
#2307=CARTESIAN_POINT('',(1.125E0,-2.525E0,-1.65E0));
#2308=VERTEX_POINT('',#2306);
#2309=VERTEX_POINT('',#2307);
#2310=CARTESIAN_POINT('',(8.75E-1,-2.535E0,-1.05E0));
#2311=VERTEX_POINT('',#2310);
#2312=CARTESIAN_POINT('',(1.125E0,-2.535E0,-1.05E0));
#2313=VERTEX_POINT('',#2312);
#2314=CARTESIAN_POINT('',(8.75E-1,-2.135E0,-1.26E0));
#2315=VERTEX_POINT('',#2314);
#2316=CARTESIAN_POINT('',(1.125E0,-2.135E0,-1.26E0));
#2317=VERTEX_POINT('',#2316);
#2318=CARTESIAN_POINT('',(-1.25E-1,-1.435E0,2.5E-2));
#2319=CARTESIAN_POINT('',(-1.25E-1,-1.435E0,5.05E-1));
#2320=VERTEX_POINT('',#2318);
#2321=VERTEX_POINT('',#2319);
#2322=CARTESIAN_POINT('',(1.25E-1,-1.435E0,2.5E-2));
#2323=CARTESIAN_POINT('',(1.25E-1,-1.435E0,5.05E-1));
#2324=VERTEX_POINT('',#2322);
#2325=VERTEX_POINT('',#2323);
#2326=CARTESIAN_POINT('',(-1.25E-1,-2.135E0,-1.05E0));
#2327=VERTEX_POINT('',#2326);
#2328=CARTESIAN_POINT('',(1.25E-1,-2.135E0,-1.05E0));
#2329=VERTEX_POINT('',#2328);
#2330=CARTESIAN_POINT('',(-1.25E-1,-3.125E0,-1.65E0));
#2331=CARTESIAN_POINT('',(-1.25E-1,-3.225E0,-1.55E0));
#2332=VERTEX_POINT('',#2330);
#2333=VERTEX_POINT('',#2331);
#2334=CARTESIAN_POINT('',(1.25E-1,-3.225E0,-1.55E0));
#2335=VERTEX_POINT('',#2334);
#2336=CARTESIAN_POINT('',(1.25E-1,-3.125E0,-1.65E0));
#2337=VERTEX_POINT('',#2336);
#2338=CARTESIAN_POINT('',(-1.25E-1,-3.225E0,-1.4E0));
#2339=CARTESIAN_POINT('',(-1.25E-1,-3.125E0,-1.3E0));
#2340=VERTEX_POINT('',#2338);
#2341=VERTEX_POINT('',#2339);
#2342=CARTESIAN_POINT('',(1.25E-1,-3.125E0,-1.3E0));
#2343=VERTEX_POINT('',#2342);
#2344=CARTESIAN_POINT('',(1.25E-1,-3.225E0,-1.4E0));
#2345=VERTEX_POINT('',#2344);
#2346=CARTESIAN_POINT('',(1.25E-1,-5.569063257456E-2,5.05E-1));
#2347=CARTESIAN_POINT('',(-1.25E-1,-5.569063257456E-2,5.05E-1));
#2348=VERTEX_POINT('',#2346);
#2349=VERTEX_POINT('',#2347);
#2350=CARTESIAN_POINT('',(-1.25E-1,-3.507049968833E-2,5.041481690074E-1));
#2351=VERTEX_POINT('',#2350);
#2352=CARTESIAN_POINT('',(-1.25E-1,-1.459088574822E-2,5.015984809580E-1));
#2353=VERTEX_POINT('',#2352);
#2354=CARTESIAN_POINT('',(1.25E-1,-1.459088574822E-2,5.015984809580E-1));
#2355=VERTEX_POINT('',#2354);
#2356=CARTESIAN_POINT('',(1.25E-1,-3.507049968833E-2,5.041481690074E-1));
#2357=VERTEX_POINT('',#2356);
#2358=CARTESIAN_POINT('',(1.25E-1,-1.459088574822E-2,2.840151904197E-2));
#2359=CARTESIAN_POINT('',(-1.25E-1,-1.459088574822E-2,2.840151904197E-2));
#2360=VERTEX_POINT('',#2358);
#2361=VERTEX_POINT('',#2359);
#2362=CARTESIAN_POINT('',(-1.25E-1,-3.507049968833E-2,2.585183099257E-2));
#2363=VERTEX_POINT('',#2362);
#2364=CARTESIAN_POINT('',(-1.25E-1,-5.569063257456E-2,2.5E-2));
#2365=VERTEX_POINT('',#2364);
#2366=CARTESIAN_POINT('',(1.25E-1,-5.569063257456E-2,2.5E-2));
#2367=VERTEX_POINT('',#2366);
#2368=CARTESIAN_POINT('',(1.25E-1,-3.507049968833E-2,2.585183099257E-2));
#2369=VERTEX_POINT('',#2368);
#2370=CARTESIAN_POINT('',(-1.25E-1,5.023299240479E-1,4.154450126587E-1));
#2371=CARTESIAN_POINT('',(-1.25E-1,5.65E-1,3.414654683713E-1));
#2372=VERTEX_POINT('',#2370);
#2373=VERTEX_POINT('',#2371);
#2374=CARTESIAN_POINT('',(1.25E-1,5.65E-1,3.414654683713E-1));
#2375=VERTEX_POINT('',#2374);
#2376=CARTESIAN_POINT('',(1.25E-1,5.023299240479E-1,4.154450126587E-1));
#2377=VERTEX_POINT('',#2376);
#2378=CARTESIAN_POINT('',(-1.25E-1,5.65E-1,1.885345316287E-1));
#2379=CARTESIAN_POINT('',(-1.25E-1,5.023299240479E-1,1.145549873413E-1));
#2380=VERTEX_POINT('',#2378);
#2381=VERTEX_POINT('',#2379);
#2382=CARTESIAN_POINT('',(1.25E-1,5.023299240479E-1,1.145549873413E-1));
#2383=VERTEX_POINT('',#2382);
#2384=CARTESIAN_POINT('',(1.25E-1,5.65E-1,1.885345316287E-1));
#2385=VERTEX_POINT('',#2384);
#2386=CARTESIAN_POINT('',(8.75E-1,-1.435E0,2.5E-2));
#2387=CARTESIAN_POINT('',(8.75E-1,-1.435E0,5.05E-1));
#2388=VERTEX_POINT('',#2386);
#2389=VERTEX_POINT('',#2387);
#2390=CARTESIAN_POINT('',(1.125E0,-1.435E0,2.5E-2));
#2391=CARTESIAN_POINT('',(1.125E0,-1.435E0,5.05E-1));
#2392=VERTEX_POINT('',#2390);
#2393=VERTEX_POINT('',#2391);
#2394=CARTESIAN_POINT('',(8.75E-1,-2.135E0,-1.05E0));
#2395=VERTEX_POINT('',#2394);
#2396=CARTESIAN_POINT('',(1.125E0,-2.135E0,-1.05E0));
#2397=VERTEX_POINT('',#2396);
#2398=CARTESIAN_POINT('',(8.75E-1,-3.125E0,-1.65E0));
#2399=CARTESIAN_POINT('',(8.75E-1,-3.225E0,-1.55E0));
#2400=VERTEX_POINT('',#2398);
#2401=VERTEX_POINT('',#2399);
#2402=CARTESIAN_POINT('',(1.125E0,-3.225E0,-1.55E0));
#2403=VERTEX_POINT('',#2402);
#2404=CARTESIAN_POINT('',(1.125E0,-3.125E0,-1.65E0));
#2405=VERTEX_POINT('',#2404);
#2406=CARTESIAN_POINT('',(8.75E-1,-3.225E0,-1.4E0));
#2407=CARTESIAN_POINT('',(8.75E-1,-3.125E0,-1.3E0));
#2408=VERTEX_POINT('',#2406);
#2409=VERTEX_POINT('',#2407);
#2410=CARTESIAN_POINT('',(1.125E0,-3.125E0,-1.3E0));
#2411=VERTEX_POINT('',#2410);
#2412=CARTESIAN_POINT('',(1.125E0,-3.225E0,-1.4E0));
#2413=VERTEX_POINT('',#2412);
#2414=CARTESIAN_POINT('',(1.125E0,-5.569063257456E-2,5.05E-1));
#2415=CARTESIAN_POINT('',(8.75E-1,-5.569063257456E-2,5.05E-1));
#2416=VERTEX_POINT('',#2414);
#2417=VERTEX_POINT('',#2415);
#2418=CARTESIAN_POINT('',(8.75E-1,-3.507049968833E-2,5.041481690074E-1));
#2419=VERTEX_POINT('',#2418);
#2420=CARTESIAN_POINT('',(8.75E-1,-1.459088574822E-2,5.015984809580E-1));
#2421=VERTEX_POINT('',#2420);
#2422=CARTESIAN_POINT('',(1.125E0,-1.459088574822E-2,5.015984809580E-1));
#2423=VERTEX_POINT('',#2422);
#2424=CARTESIAN_POINT('',(1.125E0,-3.507049968833E-2,5.041481690074E-1));
#2425=VERTEX_POINT('',#2424);
#2426=CARTESIAN_POINT('',(1.125E0,-1.459088574822E-2,2.840151904197E-2));
#2427=CARTESIAN_POINT('',(8.75E-1,-1.459088574822E-2,2.840151904197E-2));
#2428=VERTEX_POINT('',#2426);
#2429=VERTEX_POINT('',#2427);
#2430=CARTESIAN_POINT('',(8.75E-1,-3.507049968833E-2,2.585183099257E-2));
#2431=VERTEX_POINT('',#2430);
#2432=CARTESIAN_POINT('',(8.75E-1,-5.569063257456E-2,2.5E-2));
#2433=VERTEX_POINT('',#2432);
#2434=CARTESIAN_POINT('',(1.125E0,-5.569063257456E-2,2.5E-2));
#2435=VERTEX_POINT('',#2434);
#2436=CARTESIAN_POINT('',(1.125E0,-3.507049968833E-2,2.585183099257E-2));
#2437=VERTEX_POINT('',#2436);
#2438=CARTESIAN_POINT('',(8.75E-1,5.023299240479E-1,4.154450126587E-1));
#2439=CARTESIAN_POINT('',(8.75E-1,5.65E-1,3.414654683713E-1));
#2440=VERTEX_POINT('',#2438);
#2441=VERTEX_POINT('',#2439);
#2442=CARTESIAN_POINT('',(1.125E0,5.65E-1,3.414654683713E-1));
#2443=VERTEX_POINT('',#2442);
#2444=CARTESIAN_POINT('',(1.125E0,5.023299240479E-1,4.154450126587E-1));
#2445=VERTEX_POINT('',#2444);
#2446=CARTESIAN_POINT('',(8.75E-1,5.65E-1,1.885345316287E-1));
#2447=CARTESIAN_POINT('',(8.75E-1,5.023299240479E-1,1.145549873413E-1));
#2448=VERTEX_POINT('',#2446);
#2449=VERTEX_POINT('',#2447);
#2450=CARTESIAN_POINT('',(1.125E0,5.023299240479E-1,1.145549873413E-1));
#2451=VERTEX_POINT('',#2450);
#2452=CARTESIAN_POINT('',(1.125E0,5.65E-1,1.885345316287E-1));
#2453=VERTEX_POINT('',#2452);
#2454=CARTESIAN_POINT('',(2.25E0,4.25E-1,-1.65E0));
#2455=CARTESIAN_POINT('',(2.25E0,1.725E0,-1.65E0));
#2456=VERTEX_POINT('',#2454);
#2457=VERTEX_POINT('',#2455);
#2458=CARTESIAN_POINT('',(2.25E0,1.725E0,-1.38E0));
#2459=VERTEX_POINT('',#2458);
#2460=CARTESIAN_POINT('',(2.25E0,2.375E0,-1.38E0));
#2461=VERTEX_POINT('',#2460);
#2462=CARTESIAN_POINT('',(2.25E0,2.375E0,2.E-2));
#2463=VERTEX_POINT('',#2462);
#2464=CARTESIAN_POINT('',(2.05E0,4.25E-1,-1.65E0));
#2465=CARTESIAN_POINT('',(2.05E0,1.725E0,-1.65E0));
#2466=VERTEX_POINT('',#2464);
#2467=VERTEX_POINT('',#2465);
#2468=CARTESIAN_POINT('',(2.05E0,1.725E0,-1.38E0));
#2469=VERTEX_POINT('',#2468);
#2470=CARTESIAN_POINT('',(2.05E0,2.375E0,-1.38E0));
#2471=VERTEX_POINT('',#2470);
#2472=CARTESIAN_POINT('',(2.05E0,2.375E0,2.E-2));
#2473=VERTEX_POINT('',#2472);
#2474=CARTESIAN_POINT('',(2.25E0,2.325E0,2.E-2));
#2475=VERTEX_POINT('',#2474);
#2476=CARTESIAN_POINT('',(2.05E0,2.325E0,2.E-2));
#2477=VERTEX_POINT('',#2476);
#2478=CARTESIAN_POINT('',(2.25E0,4.25E-1,-1.45E0));
#2479=VERTEX_POINT('',#2478);
#2480=CARTESIAN_POINT('',(2.05E0,4.25E-1,-1.45E0));
#2481=VERTEX_POINT('',#2480);
#2482=CARTESIAN_POINT('',(2.25E0,1.475E0,-1.45E0));
#2483=VERTEX_POINT('',#2482);
#2484=CARTESIAN_POINT('',(2.05E0,1.475E0,-1.45E0));
#2485=VERTEX_POINT('',#2484);
#2486=CARTESIAN_POINT('',(2.25E0,1.475E0,-4.3E-1));
#2487=VERTEX_POINT('',#2486);
#2488=CARTESIAN_POINT('',(2.05E0,1.475E0,-4.3E-1));
#2489=VERTEX_POINT('',#2488);
#2490=CARTESIAN_POINT('',(2.25E0,2.055E0,-4.3E-1));
#2491=VERTEX_POINT('',#2490);
#2492=CARTESIAN_POINT('',(2.05E0,2.055E0,-4.3E-1));
#2493=VERTEX_POINT('',#2492);
#2494=CARTESIAN_POINT('',(2.25E0,2.055E0,2.E-2));
#2495=VERTEX_POINT('',#2494);
#2496=CARTESIAN_POINT('',(2.05E0,2.055E0,2.E-2));
#2497=VERTEX_POINT('',#2496);
#2498=CARTESIAN_POINT('',(0.E0,-2.675E0,0.E0));
#2499=DIRECTION('',(0.E0,1.E0,0.E0));
#2500=DIRECTION('',(1.E0,0.E0,0.E0));
#2501=AXIS2_PLACEMENT_3D('',#2498,#2499,#2500);
#2502=PLANE('',#2501);
#2504=ORIENTED_EDGE('',*,*,#2503,.F.);
#2506=ORIENTED_EDGE('',*,*,#2505,.F.);
#2508=ORIENTED_EDGE('',*,*,#2507,.F.);
#2510=ORIENTED_EDGE('',*,*,#2509,.F.);
#2512=ORIENTED_EDGE('',*,*,#2511,.T.);
#2514=ORIENTED_EDGE('',*,*,#2513,.F.);
#2516=ORIENTED_EDGE('',*,*,#2515,.T.);
#2518=ORIENTED_EDGE('',*,*,#2517,.F.);
#2519=EDGE_LOOP('',(#2504,#2506,#2508,#2510,#2512,#2514,#2516,#2518));
#2520=FACE_OUTER_BOUND('',#2519,.F.);
#2521=ADVANCED_FACE('',(#2520),#2502,.F.);
#2522=CARTESIAN_POINT('',(0.E0,-2.675E0,-6.5E-1));
#2523=DIRECTION('',(0.E0,0.E0,-1.E0));
#2524=DIRECTION('',(1.E0,0.E0,0.E0));
#2525=AXIS2_PLACEMENT_3D('',#2522,#2523,#2524);
#2526=PLANE('',#2525);
#2527=ORIENTED_EDGE('',*,*,#2503,.T.);
#2529=ORIENTED_EDGE('',*,*,#2528,.T.);
#2531=ORIENTED_EDGE('',*,*,#2530,.T.);
#2533=ORIENTED_EDGE('',*,*,#2532,.F.);
#2535=ORIENTED_EDGE('',*,*,#2534,.F.);
#2536=EDGE_LOOP('',(#2527,#2529,#2531,#2533,#2535));
#2537=FACE_OUTER_BOUND('',#2536,.F.);
#2538=ADVANCED_FACE('',(#2537),#2526,.F.);
#2539=CARTESIAN_POINT('',(1.66E0,-2.675E0,1.55E0));
#2540=DIRECTION('',(9.662349396012E-1,-2.576626505603E-1,0.E0));
#2541=DIRECTION('',(2.576626505603E-1,9.662349396012E-1,0.E0));
#2542=AXIS2_PLACEMENT_3D('',#2539,#2540,#2541);
#2543=PLANE('',#2542);
#2544=ORIENTED_EDGE('',*,*,#2517,.T.);
#2546=ORIENTED_EDGE('',*,*,#2545,.T.);
#2548=ORIENTED_EDGE('',*,*,#2547,.T.);
#2549=ORIENTED_EDGE('',*,*,#2528,.F.);
#2550=EDGE_LOOP('',(#2544,#2546,#2548,#2549));
#2551=FACE_OUTER_BOUND('',#2550,.F.);
#2552=ADVANCED_FACE('',(#2551),#2543,.T.);
#2553=CARTESIAN_POINT('',(-2.5E0,-2.675E0,1.55E0));
#2554=DIRECTION('',(0.E0,0.E0,1.E0));
#2555=DIRECTION('',(1.E0,0.E0,0.E0));
#2556=AXIS2_PLACEMENT_3D('',#2553,#2554,#2555);
#2557=PLANE('',#2556);
#2558=ORIENTED_EDGE('',*,*,#2545,.F.);
#2559=ORIENTED_EDGE('',*,*,#2515,.F.);
#2561=ORIENTED_EDGE('',*,*,#2560,.T.);
#2563=ORIENTED_EDGE('',*,*,#2562,.F.);
#2565=ORIENTED_EDGE('',*,*,#2564,.F.);
#2567=ORIENTED_EDGE('',*,*,#2566,.T.);
#2569=ORIENTED_EDGE('',*,*,#2568,.T.);
#2571=ORIENTED_EDGE('',*,*,#2570,.T.);
#2572=EDGE_LOOP('',(#2558,#2559,#2561,#2563,#2565,#2567,#2569,#2571));
#2573=FACE_OUTER_BOUND('',#2572,.F.);
#2575=ORIENTED_EDGE('',*,*,#2574,.F.);
#2577=ORIENTED_EDGE('',*,*,#2576,.F.);
#2579=ORIENTED_EDGE('',*,*,#2578,.F.);
#2581=ORIENTED_EDGE('',*,*,#2580,.F.);
#2583=ORIENTED_EDGE('',*,*,#2582,.F.);
#2585=ORIENTED_EDGE('',*,*,#2584,.F.);
#2587=ORIENTED_EDGE('',*,*,#2586,.F.);
#2589=ORIENTED_EDGE('',*,*,#2588,.F.);
#2590=EDGE_LOOP('',(#2575,#2577,#2579,#2581,#2583,#2585,#2587,#2589));
#2591=FACE_BOUND('',#2590,.F.);
#2592=ADVANCED_FACE('',(#2573,#2591),#2557,.T.);
#2593=CARTESIAN_POINT('',(7.5E-1,1.465E0,1.17E0));
#2594=DIRECTION('',(1.E0,0.E0,0.E0));
#2595=DIRECTION('',(0.E0,-1.E0,0.E0));
#2596=AXIS2_PLACEMENT_3D('',#2593,#2594,#2595);
#2597=PLANE('',#2596);
#2598=ORIENTED_EDGE('',*,*,#2574,.T.);
#2600=ORIENTED_EDGE('',*,*,#2599,.F.);
#2602=ORIENTED_EDGE('',*,*,#2601,.F.);
#2604=ORIENTED_EDGE('',*,*,#2603,.T.);
#2605=EDGE_LOOP('',(#2598,#2600,#2602,#2604));
#2606=FACE_OUTER_BOUND('',#2605,.F.);
#2607=ADVANCED_FACE('',(#2606),#2597,.F.);
#2608=CARTESIAN_POINT('',(6.E-1,5.65E-1,1.17E0));
#2609=DIRECTION('',(0.E0,0.E0,-1.E0));
#2610=DIRECTION('',(-1.E0,0.E0,0.E0));
#2611=AXIS2_PLACEMENT_3D('',#2608,#2609,#2610);
#2612=CYLINDRICAL_SURFACE('',#2611,1.5E-1);
#2613=ORIENTED_EDGE('',*,*,#2599,.T.);
#2614=ORIENTED_EDGE('',*,*,#2588,.T.);
#2616=ORIENTED_EDGE('',*,*,#2615,.F.);
#2618=ORIENTED_EDGE('',*,*,#2617,.F.);
#2619=EDGE_LOOP('',(#2613,#2614,#2616,#2618));
#2620=FACE_OUTER_BOUND('',#2619,.F.);
#2621=ADVANCED_FACE('',(#2620),#2612,.F.);
#2622=CARTESIAN_POINT('',(6.E-1,4.15E-1,1.17E0));
#2623=DIRECTION('',(0.E0,-1.E0,0.E0));
#2624=DIRECTION('',(-1.E0,0.E0,0.E0));
#2625=AXIS2_PLACEMENT_3D('',#2622,#2623,#2624);
#2626=PLANE('',#2625);
#2627=ORIENTED_EDGE('',*,*,#2586,.T.);
#2629=ORIENTED_EDGE('',*,*,#2628,.F.);
#2631=ORIENTED_EDGE('',*,*,#2630,.F.);
#2632=ORIENTED_EDGE('',*,*,#2615,.T.);
#2633=EDGE_LOOP('',(#2627,#2629,#2631,#2632));
#2634=FACE_OUTER_BOUND('',#2633,.F.);
#2635=ADVANCED_FACE('',(#2634),#2626,.F.);
#2636=CARTESIAN_POINT('',(-6.E-1,5.65E-1,1.17E0));
#2637=DIRECTION('',(0.E0,0.E0,-1.E0));
#2638=DIRECTION('',(-1.E0,0.E0,0.E0));
#2639=AXIS2_PLACEMENT_3D('',#2636,#2637,#2638);
#2640=CYLINDRICAL_SURFACE('',#2639,1.5E-1);
#2641=ORIENTED_EDGE('',*,*,#2628,.T.);
#2642=ORIENTED_EDGE('',*,*,#2584,.T.);
#2644=ORIENTED_EDGE('',*,*,#2643,.F.);
#2646=ORIENTED_EDGE('',*,*,#2645,.F.);
#2647=EDGE_LOOP('',(#2641,#2642,#2644,#2646));
#2648=FACE_OUTER_BOUND('',#2647,.F.);
#2649=ADVANCED_FACE('',(#2648),#2640,.F.);
#2650=CARTESIAN_POINT('',(-7.5E-1,5.65E-1,1.17E0));
#2651=DIRECTION('',(-1.E0,0.E0,0.E0));
#2652=DIRECTION('',(0.E0,1.E0,0.E0));
#2653=AXIS2_PLACEMENT_3D('',#2650,#2651,#2652);
#2654=PLANE('',#2653);
#2655=ORIENTED_EDGE('',*,*,#2582,.T.);
#2657=ORIENTED_EDGE('',*,*,#2656,.F.);
#2659=ORIENTED_EDGE('',*,*,#2658,.F.);
#2660=ORIENTED_EDGE('',*,*,#2643,.T.);
#2661=EDGE_LOOP('',(#2655,#2657,#2659,#2660));
#2662=FACE_OUTER_BOUND('',#2661,.F.);
#2663=ADVANCED_FACE('',(#2662),#2654,.F.);
#2664=CARTESIAN_POINT('',(-6.E-1,1.465E0,1.17E0));
#2665=DIRECTION('',(0.E0,0.E0,-1.E0));
#2666=DIRECTION('',(-1.E0,0.E0,0.E0));
#2667=AXIS2_PLACEMENT_3D('',#2664,#2665,#2666);
#2668=CYLINDRICAL_SURFACE('',#2667,1.5E-1);
#2669=ORIENTED_EDGE('',*,*,#2656,.T.);
#2670=ORIENTED_EDGE('',*,*,#2580,.T.);
#2672=ORIENTED_EDGE('',*,*,#2671,.F.);
#2674=ORIENTED_EDGE('',*,*,#2673,.F.);
#2675=EDGE_LOOP('',(#2669,#2670,#2672,#2674));
#2676=FACE_OUTER_BOUND('',#2675,.F.);
#2677=ADVANCED_FACE('',(#2676),#2668,.F.);
#2678=CARTESIAN_POINT('',(-6.E-1,1.615E0,1.17E0));
#2679=DIRECTION('',(0.E0,1.E0,0.E0));
#2680=DIRECTION('',(1.E0,0.E0,0.E0));
#2681=AXIS2_PLACEMENT_3D('',#2678,#2679,#2680);
#2682=PLANE('',#2681);
#2683=ORIENTED_EDGE('',*,*,#2578,.T.);
#2685=ORIENTED_EDGE('',*,*,#2684,.F.);
#2687=ORIENTED_EDGE('',*,*,#2686,.F.);
#2688=ORIENTED_EDGE('',*,*,#2671,.T.);
#2689=EDGE_LOOP('',(#2683,#2685,#2687,#2688));
#2690=FACE_OUTER_BOUND('',#2689,.F.);
#2691=ADVANCED_FACE('',(#2690),#2682,.F.);
#2692=CARTESIAN_POINT('',(6.E-1,1.465E0,1.17E0));
#2693=DIRECTION('',(0.E0,0.E0,-1.E0));
#2694=DIRECTION('',(-1.E0,0.E0,0.E0));
#2695=AXIS2_PLACEMENT_3D('',#2692,#2693,#2694);
#2696=CYLINDRICAL_SURFACE('',#2695,1.5E-1);
#2697=ORIENTED_EDGE('',*,*,#2684,.T.);
#2698=ORIENTED_EDGE('',*,*,#2576,.T.);
#2699=ORIENTED_EDGE('',*,*,#2603,.F.);
#2701=ORIENTED_EDGE('',*,*,#2700,.F.);
#2702=EDGE_LOOP('',(#2697,#2698,#2699,#2701));
#2703=FACE_OUTER_BOUND('',#2702,.F.);
#2704=ADVANCED_FACE('',(#2703),#2696,.F.);
#2705=CARTESIAN_POINT('',(-1.725E0,2.675E0,1.17E0));
#2706=DIRECTION('',(0.E0,0.E0,1.E0));
#2707=DIRECTION('',(1.E0,0.E0,0.E0));
#2708=AXIS2_PLACEMENT_3D('',#2705,#2706,#2707);
#2709=PLANE('',#2708);
#2711=ORIENTED_EDGE('',*,*,#2710,.F.);
#2713=ORIENTED_EDGE('',*,*,#2712,.F.);
#2715=ORIENTED_EDGE('',*,*,#2714,.T.);
#2717=ORIENTED_EDGE('',*,*,#2716,.F.);
#2719=ORIENTED_EDGE('',*,*,#2718,.F.);
#2721=ORIENTED_EDGE('',*,*,#2720,.T.);
#2723=ORIENTED_EDGE('',*,*,#2722,.T.);
#2725=ORIENTED_EDGE('',*,*,#2724,.T.);
#2726=EDGE_LOOP('',(#2711,#2713,#2715,#2717,#2719,#2721,#2723,#2725));
#2727=FACE_OUTER_BOUND('',#2726,.F.);
#2728=ORIENTED_EDGE('',*,*,#2601,.T.);
#2729=ORIENTED_EDGE('',*,*,#2617,.T.);
#2730=ORIENTED_EDGE('',*,*,#2630,.T.);
#2731=ORIENTED_EDGE('',*,*,#2645,.T.);
#2732=ORIENTED_EDGE('',*,*,#2658,.T.);
#2733=ORIENTED_EDGE('',*,*,#2673,.T.);
#2734=ORIENTED_EDGE('',*,*,#2686,.T.);
#2735=ORIENTED_EDGE('',*,*,#2700,.T.);
#2736=EDGE_LOOP('',(#2728,#2729,#2730,#2731,#2732,#2733,#2734,#2735));
#2737=FACE_BOUND('',#2736,.F.);
#2738=ADVANCED_FACE('',(#2727,#2737),#2709,.F.);
#2739=CARTESIAN_POINT('',(0.E0,-1.37E0,1.105E0));
#2740=DIRECTION('',(0.E0,7.071067811865E-1,-7.071067811865E-1));
#2741=DIRECTION('',(-1.E0,0.E0,0.E0));
#2742=AXIS2_PLACEMENT_3D('',#2739,#2740,#2741);
#2743=PLANE('',#2742);
#2745=ORIENTED_EDGE('',*,*,#2744,.T.);
#2747=ORIENTED_EDGE('',*,*,#2746,.F.);
#2749=ORIENTED_EDGE('',*,*,#2748,.T.);
#2750=ORIENTED_EDGE('',*,*,#2710,.T.);
#2751=EDGE_LOOP('',(#2745,#2747,#2749,#2750));
#2752=FACE_OUTER_BOUND('',#2751,.F.);
#2753=ADVANCED_FACE('',(#2752),#2743,.T.);
#2754=CARTESIAN_POINT('',(-1.725E0,2.675E0,-1.17E0));
#2755=DIRECTION('',(-1.E0,0.E0,0.E0));
#2756=DIRECTION('',(0.E0,0.E0,1.E0));
#2757=AXIS2_PLACEMENT_3D('',#2754,#2755,#2756);
#2758=PLANE('',#2757);
#2759=ORIENTED_EDGE('',*,*,#2744,.F.);
#2760=ORIENTED_EDGE('',*,*,#2724,.F.);
#2762=ORIENTED_EDGE('',*,*,#2761,.T.);
#2764=ORIENTED_EDGE('',*,*,#2763,.F.);
#2766=ORIENTED_EDGE('',*,*,#2765,.T.);
#2768=ORIENTED_EDGE('',*,*,#2767,.T.);
#2770=ORIENTED_EDGE('',*,*,#2769,.T.);
#2771=EDGE_LOOP('',(#2759,#2760,#2762,#2764,#2766,#2768,#2770));
#2772=FACE_OUTER_BOUND('',#2771,.F.);
#2773=ADVANCED_FACE('',(#2772),#2758,.F.);
#2774=CARTESIAN_POINT('',(0.E0,-1.125E0,0.E0));
#2775=DIRECTION('',(0.E0,1.E0,0.E0));
#2776=DIRECTION('',(-1.E0,0.E0,0.E0));
#2777=AXIS2_PLACEMENT_3D('',#2774,#2775,#2776);
#2778=PLANE('',#2777);
#2780=ORIENTED_EDGE('',*,*,#2779,.T.);
#2782=ORIENTED_EDGE('',*,*,#2781,.F.);
#2784=ORIENTED_EDGE('',*,*,#2783,.F.);
#2785=ORIENTED_EDGE('',*,*,#2714,.F.);
#2786=EDGE_LOOP('',(#2780,#2782,#2784,#2785));
#2787=FACE_OUTER_BOUND('',#2786,.F.);
#2788=ADVANCED_FACE('',(#2787),#2778,.T.);
#2789=CARTESIAN_POINT('',(0.E0,-1.125E0,0.E0));
#2790=DIRECTION('',(0.E0,1.E0,0.E0));
#2791=DIRECTION('',(-1.E0,0.E0,0.E0));
#2792=AXIS2_PLACEMENT_3D('',#2789,#2790,#2791);
#2793=PLANE('',#2792);
#2794=ORIENTED_EDGE('',*,*,#2761,.F.);
#2795=ORIENTED_EDGE('',*,*,#2722,.F.);
#2797=ORIENTED_EDGE('',*,*,#2796,.F.);
#2799=ORIENTED_EDGE('',*,*,#2798,.F.);
#2800=EDGE_LOOP('',(#2794,#2795,#2797,#2799));
#2801=FACE_OUTER_BOUND('',#2800,.F.);
#2802=ADVANCED_FACE('',(#2801),#2793,.T.);
#2803=CARTESIAN_POINT('',(1.725E0,2.675E0,1.17E0));
#2804=DIRECTION('',(1.E0,0.E0,0.E0));
#2805=DIRECTION('',(0.E0,0.E0,-1.E0));
#2806=AXIS2_PLACEMENT_3D('',#2803,#2804,#2805);
#2807=PLANE('',#2806);
#2808=ORIENTED_EDGE('',*,*,#2748,.F.);
#2810=ORIENTED_EDGE('',*,*,#2809,.T.);
#2812=ORIENTED_EDGE('',*,*,#2811,.F.);
#2814=ORIENTED_EDGE('',*,*,#2813,.T.);
#2816=ORIENTED_EDGE('',*,*,#2815,.T.);
#2817=ORIENTED_EDGE('',*,*,#2779,.F.);
#2818=ORIENTED_EDGE('',*,*,#2712,.T.);
#2819=EDGE_LOOP('',(#2808,#2810,#2812,#2814,#2816,#2817,#2818));
#2820=FACE_OUTER_BOUND('',#2819,.F.);
#2821=ADVANCED_FACE('',(#2820),#2807,.F.);
#2822=CARTESIAN_POINT('',(0.E0,-1.435E0,0.E0));
#2823=DIRECTION('',(0.E0,1.E0,0.E0));
#2824=DIRECTION('',(-1.E0,0.E0,0.E0));
#2825=AXIS2_PLACEMENT_3D('',#2822,#2823,#2824);
#2826=PLANE('',#2825);
#2827=ORIENTED_EDGE('',*,*,#2746,.T.);
#2828=ORIENTED_EDGE('',*,*,#2769,.F.);
#2830=ORIENTED_EDGE('',*,*,#2829,.F.);
#2832=ORIENTED_EDGE('',*,*,#2831,.T.);
#2834=ORIENTED_EDGE('',*,*,#2833,.F.);
#2836=ORIENTED_EDGE('',*,*,#2835,.F.);
#2838=ORIENTED_EDGE('',*,*,#2837,.F.);
#2839=ORIENTED_EDGE('',*,*,#2809,.F.);
#2840=EDGE_LOOP('',(#2827,#2828,#2830,#2832,#2834,#2836,#2838,#2839));
#2841=FACE_OUTER_BOUND('',#2840,.F.);
#2843=ORIENTED_EDGE('',*,*,#2842,.T.);
#2845=ORIENTED_EDGE('',*,*,#2844,.T.);
#2847=ORIENTED_EDGE('',*,*,#2846,.F.);
#2849=ORIENTED_EDGE('',*,*,#2848,.F.);
#2850=EDGE_LOOP('',(#2843,#2845,#2847,#2849));
#2851=FACE_BOUND('',#2850,.F.);
#2853=ORIENTED_EDGE('',*,*,#2852,.T.);
#2855=ORIENTED_EDGE('',*,*,#2854,.T.);
#2857=ORIENTED_EDGE('',*,*,#2856,.F.);
#2859=ORIENTED_EDGE('',*,*,#2858,.F.);
#2860=EDGE_LOOP('',(#2853,#2855,#2857,#2859));
#2861=FACE_BOUND('',#2860,.F.);
#2863=ORIENTED_EDGE('',*,*,#2862,.T.);
#2865=ORIENTED_EDGE('',*,*,#2864,.T.);
#2867=ORIENTED_EDGE('',*,*,#2866,.F.);
#2869=ORIENTED_EDGE('',*,*,#2868,.F.);
#2870=EDGE_LOOP('',(#2863,#2865,#2867,#2869));
#2871=FACE_BOUND('',#2870,.F.);
#2872=ADVANCED_FACE('',(#2841,#2851,#2861,#2871),#2826,.T.);
#2873=CARTESIAN_POINT('',(-1.125E0,0.E0,0.E0));
#2874=DIRECTION('',(1.E0,0.E0,0.E0));
#2875=DIRECTION('',(0.E0,1.E0,0.E0));
#2876=AXIS2_PLACEMENT_3D('',#2873,#2874,#2875);
#2877=PLANE('',#2876);
#2879=ORIENTED_EDGE('',*,*,#2878,.T.);
#2881=ORIENTED_EDGE('',*,*,#2880,.F.);
#2883=ORIENTED_EDGE('',*,*,#2882,.T.);
#2885=ORIENTED_EDGE('',*,*,#2884,.F.);
#2887=ORIENTED_EDGE('',*,*,#2886,.T.);
#2889=ORIENTED_EDGE('',*,*,#2888,.T.);
#2891=ORIENTED_EDGE('',*,*,#2890,.T.);
#2893=ORIENTED_EDGE('',*,*,#2892,.T.);
#2895=ORIENTED_EDGE('',*,*,#2894,.T.);
#2897=ORIENTED_EDGE('',*,*,#2896,.T.);
#2898=EDGE_LOOP('',(#2879,#2881,#2883,#2885,#2887,#2889,#2891,#2893,#2895,
#2897));
#2899=FACE_OUTER_BOUND('',#2898,.F.);
#2900=ADVANCED_FACE('',(#2899),#2877,.F.);
#2901=CARTESIAN_POINT('',(-1.125E0,0.E0,0.E0));
#2902=DIRECTION('',(1.E0,0.E0,0.E0));
#2903=DIRECTION('',(0.E0,1.E0,0.E0));
#2904=AXIS2_PLACEMENT_3D('',#2901,#2902,#2903);
#2905=PLANE('',#2904);
#2907=ORIENTED_EDGE('',*,*,#2906,.F.);
#2909=ORIENTED_EDGE('',*,*,#2908,.T.);
#2910=ORIENTED_EDGE('',*,*,#2862,.F.);
#2912=ORIENTED_EDGE('',*,*,#2911,.T.);
#2914=ORIENTED_EDGE('',*,*,#2913,.F.);
#2916=ORIENTED_EDGE('',*,*,#2915,.T.);
#2918=ORIENTED_EDGE('',*,*,#2917,.F.);
#2920=ORIENTED_EDGE('',*,*,#2919,.T.);
#2922=ORIENTED_EDGE('',*,*,#2921,.F.);
#2924=ORIENTED_EDGE('',*,*,#2923,.T.);
#2925=EDGE_LOOP('',(#2907,#2909,#2910,#2912,#2914,#2916,#2918,#2920,#2922,
#2924));
#2926=FACE_OUTER_BOUND('',#2925,.F.);
#2927=ADVANCED_FACE('',(#2926),#2905,.F.);
#2928=CARTESIAN_POINT('',(-1.125E0,-2.669974746831E0,-1.3E0));
#2929=DIRECTION('',(0.E0,0.E0,1.E0));
#2930=DIRECTION('',(0.E0,-1.E0,0.E0));
#2931=AXIS2_PLACEMENT_3D('',#2928,#2929,#2930);
#2932=PLANE('',#2931);
#2933=ORIENTED_EDGE('',*,*,#2878,.F.);
#2935=ORIENTED_EDGE('',*,*,#2934,.T.);
#2937=ORIENTED_EDGE('',*,*,#2936,.T.);
#2939=ORIENTED_EDGE('',*,*,#2938,.T.);
#2940=EDGE_LOOP('',(#2933,#2935,#2937,#2939));
#2941=FACE_OUTER_BOUND('',#2940,.F.);
#2942=ADVANCED_FACE('',(#2941),#2932,.T.);
#2943=CARTESIAN_POINT('',(-1.125E0,-2.535E0,-1.165025253169E0));
#2944=DIRECTION('',(0.E0,-7.071067811865E-1,7.071067811865E-1));
#2945=DIRECTION('',(0.E0,-7.071067811865E-1,-7.071067811865E-1));
#2946=AXIS2_PLACEMENT_3D('',#2943,#2944,#2945);
#2947=PLANE('',#2946);
#2948=ORIENTED_EDGE('',*,*,#2896,.F.);
#2950=ORIENTED_EDGE('',*,*,#2949,.T.);
#2952=ORIENTED_EDGE('',*,*,#2951,.T.);
#2953=ORIENTED_EDGE('',*,*,#2934,.F.);
#2954=EDGE_LOOP('',(#2948,#2950,#2952,#2953));
#2955=FACE_OUTER_BOUND('',#2954,.F.);
#2956=ADVANCED_FACE('',(#2955),#2947,.T.);
#2957=CARTESIAN_POINT('',(-1.125E0,-2.535E0,1.025E0));
#2958=DIRECTION('',(0.E0,-1.E0,0.E0));
#2959=DIRECTION('',(0.E0,0.E0,-1.E0));
#2960=AXIS2_PLACEMENT_3D('',#2957,#2958,#2959);
#2961=PLANE('',#2960);
#2963=ORIENTED_EDGE('',*,*,#2962,.T.);
#2965=ORIENTED_EDGE('',*,*,#2964,.T.);
#2966=ORIENTED_EDGE('',*,*,#2949,.F.);
#2967=ORIENTED_EDGE('',*,*,#2894,.F.);
#2968=EDGE_LOOP('',(#2963,#2965,#2966,#2967));
#2969=FACE_OUTER_BOUND('',#2968,.F.);
#2970=ADVANCED_FACE('',(#2969),#2961,.T.);
#2971=CARTESIAN_POINT('',(2.5E0,-2.135E0,-1.05E0));
#2972=DIRECTION('',(0.E0,0.E0,1.E0));
#2973=DIRECTION('',(0.E0,-1.E0,0.E0));
#2974=AXIS2_PLACEMENT_3D('',#2971,#2972,#2973);
#2975=PLANE('',#2974);
#2977=ORIENTED_EDGE('',*,*,#2976,.F.);
#2979=ORIENTED_EDGE('',*,*,#2978,.F.);
#2981=ORIENTED_EDGE('',*,*,#2980,.T.);
#2983=ORIENTED_EDGE('',*,*,#2982,.T.);
#2985=ORIENTED_EDGE('',*,*,#2984,.F.);
#2987=ORIENTED_EDGE('',*,*,#2986,.F.);
#2989=ORIENTED_EDGE('',*,*,#2988,.T.);
#2991=ORIENTED_EDGE('',*,*,#2990,.T.);
#2993=ORIENTED_EDGE('',*,*,#2992,.F.);
#2995=ORIENTED_EDGE('',*,*,#2994,.F.);
#2997=ORIENTED_EDGE('',*,*,#2996,.T.);
#2999=ORIENTED_EDGE('',*,*,#2998,.T.);
#3000=ORIENTED_EDGE('',*,*,#2962,.F.);
#3001=ORIENTED_EDGE('',*,*,#2892,.F.);
#3003=ORIENTED_EDGE('',*,*,#3002,.T.);
#3005=ORIENTED_EDGE('',*,*,#3004,.T.);
#3007=ORIENTED_EDGE('',*,*,#3006,.F.);
#3008=ORIENTED_EDGE('',*,*,#2507,.T.);
#3009=EDGE_LOOP('',(#2977,#2979,#2981,#2983,#2985,#2987,#2989,#2991,#2993,#2995,
#2997,#2999,#3000,#3001,#3003,#3005,#3007,#3008));
#3010=FACE_OUTER_BOUND('',#3009,.F.);
#3011=ADVANCED_FACE('',(#3010),#2975,.F.);
#3012=CARTESIAN_POINT('',(2.3E0,-2.475E0,-1.063487864008E0));
#3013=DIRECTION('',(0.E0,0.E0,1.E0));
#3014=DIRECTION('',(0.E0,-1.E0,0.E0));
#3015=AXIS2_PLACEMENT_3D('',#3012,#3013,#3014);
#3016=CYLINDRICAL_SURFACE('',#3015,2.E-1);
#3017=ORIENTED_EDGE('',*,*,#2534,.T.);
#3019=ORIENTED_EDGE('',*,*,#3018,.F.);
#3020=ORIENTED_EDGE('',*,*,#2976,.T.);
#3021=ORIENTED_EDGE('',*,*,#2505,.T.);
#3022=EDGE_LOOP('',(#3017,#3019,#3020,#3021));
#3023=FACE_OUTER_BOUND('',#3022,.F.);
#3024=ADVANCED_FACE('',(#3023),#3016,.T.);
#3025=CARTESIAN_POINT('',(2.5E0,-2.675E0,1.55E0));
#3026=DIRECTION('',(1.E0,0.E0,0.E0));
#3027=DIRECTION('',(0.E0,0.E0,-1.E0));
#3028=AXIS2_PLACEMENT_3D('',#3025,#3026,#3027);
#3029=PLANE('',#3028);
#3030=ORIENTED_EDGE('',*,*,#2532,.T.);
#3032=ORIENTED_EDGE('',*,*,#3031,.F.);
#3034=ORIENTED_EDGE('',*,*,#3033,.F.);
#3036=ORIENTED_EDGE('',*,*,#3035,.T.);
#3038=ORIENTED_EDGE('',*,*,#3037,.T.);
#3040=ORIENTED_EDGE('',*,*,#3039,.F.);
#3042=ORIENTED_EDGE('',*,*,#3041,.T.);
#3044=ORIENTED_EDGE('',*,*,#3043,.F.);
#3046=ORIENTED_EDGE('',*,*,#3045,.F.);
#3048=ORIENTED_EDGE('',*,*,#3047,.F.);
#3050=ORIENTED_EDGE('',*,*,#3049,.T.);
#3052=ORIENTED_EDGE('',*,*,#3051,.F.);
#3054=ORIENTED_EDGE('',*,*,#3053,.T.);
#3055=ORIENTED_EDGE('',*,*,#2978,.T.);
#3056=ORIENTED_EDGE('',*,*,#3018,.T.);
#3057=EDGE_LOOP('',(#3030,#3032,#3034,#3036,#3038,#3040,#3042,#3044,#3046,#3048,
#3050,#3052,#3054,#3055,#3056));
#3058=FACE_OUTER_BOUND('',#3057,.F.);
#3059=ADVANCED_FACE('',(#3058),#3029,.T.);
#3060=CARTESIAN_POINT('',(1.86E0,-1.925E0,1.55E0));
#3061=DIRECTION('',(0.E0,-1.E0,0.E0));
#3062=DIRECTION('',(1.E0,0.E0,0.E0));
#3063=AXIS2_PLACEMENT_3D('',#3060,#3061,#3062);
#3064=PLANE('',#3063);
#3065=ORIENTED_EDGE('',*,*,#2570,.F.);
#3067=ORIENTED_EDGE('',*,*,#3066,.F.);
#3068=ORIENTED_EDGE('',*,*,#3031,.T.);
#3069=ORIENTED_EDGE('',*,*,#2530,.F.);
#3070=ORIENTED_EDGE('',*,*,#2547,.F.);
#3071=EDGE_LOOP('',(#3065,#3067,#3068,#3069,#3070));
#3072=FACE_OUTER_BOUND('',#3071,.F.);
#3073=ADVANCED_FACE('',(#3072),#3064,.T.);
#3074=CARTESIAN_POINT('',(2.3E0,2.688487864008E0,1.35E0));
#3075=DIRECTION('',(0.E0,-1.E0,0.E0));
#3076=DIRECTION('',(1.E0,0.E0,0.E0));
#3077=AXIS2_PLACEMENT_3D('',#3074,#3075,#3076);
#3078=CYLINDRICAL_SURFACE('',#3077,2.E-1);
#3079=ORIENTED_EDGE('',*,*,#3066,.T.);
#3080=ORIENTED_EDGE('',*,*,#2568,.F.);
#3082=ORIENTED_EDGE('',*,*,#3081,.T.);
#3083=ORIENTED_EDGE('',*,*,#3033,.T.);
#3084=EDGE_LOOP('',(#3079,#3080,#3082,#3083));
#3085=FACE_OUTER_BOUND('',#3084,.F.);
#3086=ADVANCED_FACE('',(#3085),#3078,.T.);
#3087=CARTESIAN_POINT('',(0.E0,2.675E0,0.E0));
#3088=DIRECTION('',(0.E0,1.E0,0.E0));
#3089=DIRECTION('',(1.E0,0.E0,0.E0));
#3090=AXIS2_PLACEMENT_3D('',#3087,#3088,#3089);
#3091=PLANE('',#3090);
#3093=ORIENTED_EDGE('',*,*,#3092,.F.);
#3094=ORIENTED_EDGE('',*,*,#3035,.F.);
#3095=ORIENTED_EDGE('',*,*,#3081,.F.);
#3096=ORIENTED_EDGE('',*,*,#2566,.F.);
#3098=ORIENTED_EDGE('',*,*,#3097,.F.);
#3100=ORIENTED_EDGE('',*,*,#3099,.F.);
#3102=ORIENTED_EDGE('',*,*,#3101,.T.);
#3104=ORIENTED_EDGE('',*,*,#3103,.T.);
#3106=ORIENTED_EDGE('',*,*,#3105,.T.);
#3108=ORIENTED_EDGE('',*,*,#3107,.F.);
#3110=ORIENTED_EDGE('',*,*,#3109,.F.);
#3112=ORIENTED_EDGE('',*,*,#3111,.F.);
#3114=ORIENTED_EDGE('',*,*,#3113,.F.);
#3116=ORIENTED_EDGE('',*,*,#3115,.F.);
#3117=EDGE_LOOP('',(#3093,#3094,#3095,#3096,#3098,#3100,#3102,#3104,#3106,#3108,
#3110,#3112,#3114,#3116));
#3118=FACE_OUTER_BOUND('',#3117,.F.);
#3120=ORIENTED_EDGE('',*,*,#3119,.F.);
#3122=ORIENTED_EDGE('',*,*,#3121,.T.);
#3124=ORIENTED_EDGE('',*,*,#3123,.F.);
#3126=ORIENTED_EDGE('',*,*,#3125,.T.);
#3128=ORIENTED_EDGE('',*,*,#3127,.F.);
#3130=ORIENTED_EDGE('',*,*,#3129,.T.);
#3132=ORIENTED_EDGE('',*,*,#3131,.F.);
#3134=ORIENTED_EDGE('',*,*,#3133,.F.);
#3135=EDGE_LOOP('',(#3120,#3122,#3124,#3126,#3128,#3130,#3132,#3134));
#3136=FACE_BOUND('',#3135,.F.);
#3137=ADVANCED_FACE('',(#3118,#3136),#3091,.T.);
#3138=CARTESIAN_POINT('',(-1.8E0,2.6E0,-3.E-1));
#3139=DIRECTION('',(7.071067811865E-1,7.071067811865E-1,0.E0));
#3140=DIRECTION('',(0.E0,0.E0,-1.E0));
#3141=AXIS2_PLACEMENT_3D('',#3138,#3139,#3140);
#3142=PLANE('',#3141);
#3144=ORIENTED_EDGE('',*,*,#3143,.T.);
#3145=ORIENTED_EDGE('',*,*,#3119,.T.);
#3147=ORIENTED_EDGE('',*,*,#3146,.T.);
#3148=ORIENTED_EDGE('',*,*,#2765,.F.);
#3149=EDGE_LOOP('',(#3144,#3145,#3147,#3148));
#3150=FACE_OUTER_BOUND('',#3149,.F.);
#3151=ADVANCED_FACE('',(#3150),#3142,.T.);
#3152=CARTESIAN_POINT('',(-1.725E0,2.675E0,5.7E-1));
#3153=DIRECTION('',(0.E0,0.E0,-1.E0));
#3154=DIRECTION('',(-1.E0,0.E0,0.E0));
#3155=AXIS2_PLACEMENT_3D('',#3152,#3153,#3154);
#3156=PLANE('',#3155);
#3157=ORIENTED_EDGE('',*,*,#3143,.F.);
#3158=ORIENTED_EDGE('',*,*,#2763,.T.);
#3159=ORIENTED_EDGE('',*,*,#2798,.T.);
#3161=ORIENTED_EDGE('',*,*,#3160,.F.);
#3162=ORIENTED_EDGE('',*,*,#3121,.F.);
#3163=EDGE_LOOP('',(#3157,#3158,#3159,#3161,#3162));
#3164=FACE_OUTER_BOUND('',#3163,.F.);
#3165=ADVANCED_FACE('',(#3164),#3156,.F.);
#3166=CARTESIAN_POINT('',(-2.075E0,2.675E0,5.7E-1));
#3167=DIRECTION('',(-1.E0,0.E0,0.E0));
#3168=DIRECTION('',(0.E0,0.E0,1.E0));
#3169=AXIS2_PLACEMENT_3D('',#3166,#3167,#3168);
#3170=PLANE('',#3169);
#3171=ORIENTED_EDGE('',*,*,#2720,.F.);
#3173=ORIENTED_EDGE('',*,*,#3172,.F.);
#3174=ORIENTED_EDGE('',*,*,#3123,.T.);
#3175=ORIENTED_EDGE('',*,*,#3160,.T.);
#3176=ORIENTED_EDGE('',*,*,#2796,.T.);
#3177=EDGE_LOOP('',(#3171,#3173,#3174,#3175,#3176));
#3178=FACE_OUTER_BOUND('',#3177,.F.);
#3179=ADVANCED_FACE('',(#3178),#3170,.F.);
#3180=CARTESIAN_POINT('',(0.E0,2.6E0,1.245E0));
#3181=DIRECTION('',(0.E0,7.071067811865E-1,-7.071067811865E-1));
#3182=DIRECTION('',(-1.E0,0.E0,0.E0));
#3183=AXIS2_PLACEMENT_3D('',#3180,#3181,#3182);
#3184=PLANE('',#3183);
#3185=ORIENTED_EDGE('',*,*,#3125,.F.);
#3186=ORIENTED_EDGE('',*,*,#3172,.T.);
#3187=ORIENTED_EDGE('',*,*,#2718,.T.);
#3189=ORIENTED_EDGE('',*,*,#3188,.T.);
#3190=EDGE_LOOP('',(#3185,#3186,#3187,#3189));
#3191=FACE_OUTER_BOUND('',#3190,.F.);
#3192=ADVANCED_FACE('',(#3191),#3184,.T.);
#3193=CARTESIAN_POINT('',(2.075E0,2.675E0,1.17E0));
#3194=DIRECTION('',(1.E0,0.E0,0.E0));
#3195=DIRECTION('',(0.E0,0.E0,-1.E0));
#3196=AXIS2_PLACEMENT_3D('',#3193,#3194,#3195);
#3197=PLANE('',#3196);
#3198=ORIENTED_EDGE('',*,*,#3127,.T.);
#3199=ORIENTED_EDGE('',*,*,#3188,.F.);
#3200=ORIENTED_EDGE('',*,*,#2716,.T.);
#3201=ORIENTED_EDGE('',*,*,#2783,.T.);
#3203=ORIENTED_EDGE('',*,*,#3202,.F.);
#3204=EDGE_LOOP('',(#3198,#3199,#3200,#3201,#3203));
#3205=FACE_OUTER_BOUND('',#3204,.F.);
#3206=ADVANCED_FACE('',(#3205),#3197,.F.);
#3207=CARTESIAN_POINT('',(2.075E0,2.675E0,5.7E-1));
#3208=DIRECTION('',(0.E0,0.E0,-1.E0));
#3209=DIRECTION('',(-1.E0,0.E0,0.E0));
#3210=AXIS2_PLACEMENT_3D('',#3207,#3208,#3209);
#3211=PLANE('',#3210);
#3213=ORIENTED_EDGE('',*,*,#3212,.F.);
#3214=ORIENTED_EDGE('',*,*,#3129,.F.);
#3215=ORIENTED_EDGE('',*,*,#3202,.T.);
#3216=ORIENTED_EDGE('',*,*,#2781,.T.);
#3217=ORIENTED_EDGE('',*,*,#2815,.F.);
#3218=EDGE_LOOP('',(#3213,#3214,#3215,#3216,#3217));
#3219=FACE_OUTER_BOUND('',#3218,.F.);
#3220=ADVANCED_FACE('',(#3219),#3211,.F.);
#3221=CARTESIAN_POINT('',(1.8E0,2.6E0,-3.E-1));
#3222=DIRECTION('',(-7.071067811865E-1,7.071067811865E-1,0.E0));
#3223=DIRECTION('',(0.E0,0.E0,-1.E0));
#3224=AXIS2_PLACEMENT_3D('',#3221,#3222,#3223);
#3225=PLANE('',#3224);
#3226=ORIENTED_EDGE('',*,*,#3212,.T.);
#3227=ORIENTED_EDGE('',*,*,#2813,.F.);
#3229=ORIENTED_EDGE('',*,*,#3228,.F.);
#3230=ORIENTED_EDGE('',*,*,#3131,.T.);
#3231=EDGE_LOOP('',(#3226,#3227,#3229,#3230));
#3232=FACE_OUTER_BOUND('',#3231,.F.);
#3233=ADVANCED_FACE('',(#3232),#3225,.T.);
#3234=CARTESIAN_POINT('',(0.E0,2.6E0,-1.245E0));
#3235=DIRECTION('',(0.E0,7.071067811865E-1,7.071067811865E-1));
#3236=DIRECTION('',(-1.E0,0.E0,0.E0));
#3237=AXIS2_PLACEMENT_3D('',#3234,#3235,#3236);
#3238=PLANE('',#3237);
#3239=ORIENTED_EDGE('',*,*,#3133,.T.);
#3240=ORIENTED_EDGE('',*,*,#3228,.T.);
#3242=ORIENTED_EDGE('',*,*,#3241,.F.);
#3243=ORIENTED_EDGE('',*,*,#3146,.F.);
#3244=EDGE_LOOP('',(#3239,#3240,#3242,#3243));
#3245=FACE_OUTER_BOUND('',#3244,.F.);
#3246=ADVANCED_FACE('',(#3245),#3238,.T.);
#3247=CARTESIAN_POINT('',(1.725E0,2.675E0,-1.17E0));
#3248=DIRECTION('',(0.E0,0.E0,-1.E0));
#3249=DIRECTION('',(-1.E0,0.E0,0.E0));
#3250=AXIS2_PLACEMENT_3D('',#3247,#3248,#3249);
#3251=PLANE('',#3250);
#3252=ORIENTED_EDGE('',*,*,#3241,.T.);
#3253=ORIENTED_EDGE('',*,*,#2811,.T.);
#3254=ORIENTED_EDGE('',*,*,#2837,.T.);
#3256=ORIENTED_EDGE('',*,*,#3255,.T.);
#3258=ORIENTED_EDGE('',*,*,#3257,.T.);
#3260=ORIENTED_EDGE('',*,*,#3259,.F.);
#3261=ORIENTED_EDGE('',*,*,#2829,.T.);
#3262=ORIENTED_EDGE('',*,*,#2767,.F.);
#3263=EDGE_LOOP('',(#3252,#3253,#3254,#3256,#3258,#3260,#3261,#3262));
#3264=FACE_OUTER_BOUND('',#3263,.F.);
#3265=ADVANCED_FACE('',(#3264),#3251,.F.);
#3266=CARTESIAN_POINT('',(1.135E0,-1.435E0,-1.17E0));
#3267=DIRECTION('',(1.E0,0.E0,0.E0));
#3268=DIRECTION('',(0.E0,1.E0,0.E0));
#3269=AXIS2_PLACEMENT_3D('',#3266,#3267,#3268);
#3270=PLANE('',#3269);
#3272=ORIENTED_EDGE('',*,*,#3271,.F.);
#3274=ORIENTED_EDGE('',*,*,#3273,.F.);
#3275=ORIENTED_EDGE('',*,*,#3255,.F.);
#3276=ORIENTED_EDGE('',*,*,#2835,.T.);
#3278=ORIENTED_EDGE('',*,*,#3277,.T.);
#3279=EDGE_LOOP('',(#3272,#3274,#3275,#3276,#3278));
#3280=FACE_OUTER_BOUND('',#3279,.F.);
#3281=ADVANCED_FACE('',(#3280),#3270,.T.);
#3282=CARTESIAN_POINT('',(0.E0,1.515E0,-9.5E-1));
#3283=DIRECTION('',(0.E0,7.071067811865E-1,7.071067811865E-1));
#3284=DIRECTION('',(-1.E0,0.E0,0.E0));
#3285=AXIS2_PLACEMENT_3D('',#3282,#3283,#3284);
#3286=PLANE('',#3285);
#3288=ORIENTED_EDGE('',*,*,#3287,.T.);
#3290=ORIENTED_EDGE('',*,*,#3289,.F.);
#3291=ORIENTED_EDGE('',*,*,#3271,.T.);
#3293=ORIENTED_EDGE('',*,*,#3292,.T.);
#3294=EDGE_LOOP('',(#3288,#3290,#3291,#3293));
#3295=FACE_OUTER_BOUND('',#3294,.F.);
#3296=ADVANCED_FACE('',(#3295),#3286,.T.);
#3297=CARTESIAN_POINT('',(-1.135E0,1.565E0,-1.17E0));
#3298=DIRECTION('',(-1.E0,0.E0,0.E0));
#3299=DIRECTION('',(0.E0,-1.E0,0.E0));
#3300=AXIS2_PLACEMENT_3D('',#3297,#3298,#3299);
#3301=PLANE('',#3300);
#3302=ORIENTED_EDGE('',*,*,#3287,.F.);
#3304=ORIENTED_EDGE('',*,*,#3303,.T.);
#3305=ORIENTED_EDGE('',*,*,#2831,.F.);
#3306=ORIENTED_EDGE('',*,*,#3259,.T.);
#3308=ORIENTED_EDGE('',*,*,#3307,.T.);
#3309=EDGE_LOOP('',(#3302,#3304,#3305,#3306,#3308));
#3310=FACE_OUTER_BOUND('',#3309,.F.);
#3311=ADVANCED_FACE('',(#3310),#3301,.T.);
#3312=CARTESIAN_POINT('',(0.E0,-1.435E0,-9.E-1));
#3313=DIRECTION('',(0.E0,0.E0,1.E0));
#3314=DIRECTION('',(-1.E0,0.E0,0.E0));
#3315=AXIS2_PLACEMENT_3D('',#3312,#3313,#3314);
#3316=PLANE('',#3315);
#3317=ORIENTED_EDGE('',*,*,#3292,.F.);
#3318=ORIENTED_EDGE('',*,*,#3277,.F.);
#3319=ORIENTED_EDGE('',*,*,#2833,.T.);
#3320=ORIENTED_EDGE('',*,*,#3303,.F.);
#3321=EDGE_LOOP('',(#3317,#3318,#3319,#3320));
#3322=FACE_OUTER_BOUND('',#3321,.F.);
#3323=ADVANCED_FACE('',(#3322),#3316,.T.);
#3324=CARTESIAN_POINT('',(1.135E0,1.565E0,-1.17E0));
#3325=DIRECTION('',(0.E0,1.E0,0.E0));
#3326=DIRECTION('',(-1.E0,0.E0,0.E0));
#3327=AXIS2_PLACEMENT_3D('',#3324,#3325,#3326);
#3328=PLANE('',#3327);
#3329=ORIENTED_EDGE('',*,*,#3289,.T.);
#3330=ORIENTED_EDGE('',*,*,#3307,.F.);
#3331=ORIENTED_EDGE('',*,*,#3257,.F.);
#3332=ORIENTED_EDGE('',*,*,#3273,.T.);
#3333=EDGE_LOOP('',(#3329,#3330,#3331,#3332));
#3334=FACE_OUTER_BOUND('',#3333,.F.);
#3335=ADVANCED_FACE('',(#3334),#3328,.T.);
#3336=CARTESIAN_POINT('',(2.5E0,2.675E0,2.2E-1));
#3337=DIRECTION('',(0.E0,0.E0,-1.E0));
#3338=DIRECTION('',(-1.E0,0.E0,0.E0));
#3339=AXIS2_PLACEMENT_3D('',#3336,#3337,#3338);
#3340=PLANE('',#3339);
#3342=ORIENTED_EDGE('',*,*,#3341,.F.);
#3343=ORIENTED_EDGE('',*,*,#3037,.F.);
#3344=ORIENTED_EDGE('',*,*,#3092,.T.);
#3346=ORIENTED_EDGE('',*,*,#3345,.T.);
#3347=EDGE_LOOP('',(#3342,#3343,#3344,#3346));
#3348=FACE_OUTER_BOUND('',#3347,.F.);
#3349=ADVANCED_FACE('',(#3348),#3340,.T.);
#3350=CARTESIAN_POINT('',(2.23E0,2.39E0,1.2E-1));
#3351=DIRECTION('',(0.E0,8.384436163006E-1,-5.449883505954E-1));
#3352=DIRECTION('',(-1.E0,0.E0,0.E0));
#3353=AXIS2_PLACEMENT_3D('',#3350,#3351,#3352);
#3354=PLANE('',#3353);
#3356=ORIENTED_EDGE('',*,*,#3355,.F.);
#3358=ORIENTED_EDGE('',*,*,#3357,.F.);
#3359=ORIENTED_EDGE('',*,*,#3039,.T.);
#3360=ORIENTED_EDGE('',*,*,#3341,.T.);
#3362=ORIENTED_EDGE('',*,*,#3361,.F.);
#3364=ORIENTED_EDGE('',*,*,#3363,.T.);
#3366=ORIENTED_EDGE('',*,*,#3365,.F.);
#3368=ORIENTED_EDGE('',*,*,#3367,.F.);
#3369=EDGE_LOOP('',(#3356,#3358,#3359,#3360,#3362,#3364,#3366,#3368));
#3370=FACE_OUTER_BOUND('',#3369,.F.);
#3371=ADVANCED_FACE('',(#3370),#3354,.T.);
#3372=CARTESIAN_POINT('',(2.25E0,2.375E0,2.E-2));
#3373=DIRECTION('',(0.E0,0.E0,-1.E0));
#3374=DIRECTION('',(0.E0,-1.E0,0.E0));
#3375=AXIS2_PLACEMENT_3D('',#3372,#3373,#3374);
#3376=PLANE('',#3375);
#3378=ORIENTED_EDGE('',*,*,#3377,.T.);
#3379=ORIENTED_EDGE('',*,*,#3355,.T.);
#3381=ORIENTED_EDGE('',*,*,#3380,.F.);
#3383=ORIENTED_EDGE('',*,*,#3382,.F.);
#3384=EDGE_LOOP('',(#3378,#3379,#3381,#3383));
#3385=FACE_OUTER_BOUND('',#3384,.F.);
#3386=ADVANCED_FACE('',(#3385),#3376,.F.);
#3387=CARTESIAN_POINT('',(2.25E0,2.675E0,0.E0));
#3388=DIRECTION('',(1.E0,0.E0,0.E0));
#3389=DIRECTION('',(0.E0,1.E0,0.E0));
#3390=AXIS2_PLACEMENT_3D('',#3387,#3388,#3389);
#3391=PLANE('',#3390);
#3392=ORIENTED_EDGE('',*,*,#3377,.F.);
#3394=ORIENTED_EDGE('',*,*,#3393,.F.);
#3396=ORIENTED_EDGE('',*,*,#3395,.F.);
#3398=ORIENTED_EDGE('',*,*,#3397,.F.);
#3400=ORIENTED_EDGE('',*,*,#3399,.F.);
#3402=ORIENTED_EDGE('',*,*,#3401,.F.);
#3404=ORIENTED_EDGE('',*,*,#3403,.T.);
#3406=ORIENTED_EDGE('',*,*,#3405,.T.);
#3408=ORIENTED_EDGE('',*,*,#3407,.T.);
#3410=ORIENTED_EDGE('',*,*,#3409,.T.);
#3412=ORIENTED_EDGE('',*,*,#3411,.T.);
#3413=EDGE_LOOP('',(#3392,#3394,#3396,#3398,#3400,#3402,#3404,#3406,#3408,#3410,
#3412));
#3414=FACE_OUTER_BOUND('',#3413,.F.);
#3415=ADVANCED_FACE('',(#3414),#3391,.T.);
#3416=CARTESIAN_POINT('',(2.25E0,2.375E0,-1.38E0));
#3417=DIRECTION('',(0.E0,-1.E0,0.E0));
#3418=DIRECTION('',(0.E0,0.E0,1.E0));
#3419=AXIS2_PLACEMENT_3D('',#3416,#3417,#3418);
#3420=PLANE('',#3419);
#3421=ORIENTED_EDGE('',*,*,#3393,.T.);
#3422=ORIENTED_EDGE('',*,*,#3382,.T.);
#3424=ORIENTED_EDGE('',*,*,#3423,.F.);
#3426=ORIENTED_EDGE('',*,*,#3425,.F.);
#3427=EDGE_LOOP('',(#3421,#3422,#3424,#3426));
#3428=FACE_OUTER_BOUND('',#3427,.F.);
#3429=ADVANCED_FACE('',(#3428),#3420,.F.);
#3430=CARTESIAN_POINT('',(2.05E0,2.675E0,0.E0));
#3431=DIRECTION('',(1.E0,0.E0,0.E0));
#3432=DIRECTION('',(0.E0,1.E0,0.E0));
#3433=AXIS2_PLACEMENT_3D('',#3430,#3431,#3432);
#3434=PLANE('',#3433);
#3435=ORIENTED_EDGE('',*,*,#3380,.T.);
#3437=ORIENTED_EDGE('',*,*,#3436,.F.);
#3439=ORIENTED_EDGE('',*,*,#3438,.F.);
#3441=ORIENTED_EDGE('',*,*,#3440,.F.);
#3443=ORIENTED_EDGE('',*,*,#3442,.F.);
#3445=ORIENTED_EDGE('',*,*,#3444,.F.);
#3447=ORIENTED_EDGE('',*,*,#3446,.T.);
#3449=ORIENTED_EDGE('',*,*,#3448,.T.);
#3451=ORIENTED_EDGE('',*,*,#3450,.T.);
#3453=ORIENTED_EDGE('',*,*,#3452,.T.);
#3454=ORIENTED_EDGE('',*,*,#3423,.T.);
#3455=EDGE_LOOP('',(#3435,#3437,#3439,#3441,#3443,#3445,#3447,#3449,#3451,#3453,
#3454));
#3456=FACE_OUTER_BOUND('',#3455,.F.);
#3457=ADVANCED_FACE('',(#3456),#3434,.F.);
#3458=CARTESIAN_POINT('',(2.5E0,2.055E0,2.E-2));
#3459=DIRECTION('',(0.E0,0.E0,-1.E0));
#3460=DIRECTION('',(0.E0,1.E0,0.E0));
#3461=AXIS2_PLACEMENT_3D('',#3458,#3459,#3460);
#3462=PLANE('',#3461);
#3463=ORIENTED_EDGE('',*,*,#3411,.F.);
#3465=ORIENTED_EDGE('',*,*,#3464,.F.);
#3466=ORIENTED_EDGE('',*,*,#3041,.F.);
#3467=ORIENTED_EDGE('',*,*,#3357,.T.);
#3468=EDGE_LOOP('',(#3463,#3465,#3466,#3467));
#3469=FACE_OUTER_BOUND('',#3468,.F.);
#3470=ADVANCED_FACE('',(#3469),#3462,.T.);
#3471=CARTESIAN_POINT('',(2.5E0,2.055E0,2.E-2));
#3472=DIRECTION('',(0.E0,0.E0,-1.E0));
#3473=DIRECTION('',(0.E0,1.E0,0.E0));
#3474=AXIS2_PLACEMENT_3D('',#3471,#3472,#3473);
#3475=PLANE('',#3474);
#3476=ORIENTED_EDGE('',*,*,#3436,.T.);
#3477=ORIENTED_EDGE('',*,*,#3367,.T.);
#3479=ORIENTED_EDGE('',*,*,#3478,.F.);
#3481=ORIENTED_EDGE('',*,*,#3480,.F.);
#3482=EDGE_LOOP('',(#3476,#3477,#3479,#3481));
#3483=FACE_OUTER_BOUND('',#3482,.F.);
#3484=ADVANCED_FACE('',(#3483),#3475,.T.);
#3485=CARTESIAN_POINT('',(2.5E0,2.055E0,-4.3E-1));
#3486=DIRECTION('',(0.E0,1.E0,0.E0));
#3487=DIRECTION('',(0.E0,0.E0,1.E0));
#3488=AXIS2_PLACEMENT_3D('',#3485,#3486,#3487);
#3489=PLANE('',#3488);
#3490=ORIENTED_EDGE('',*,*,#3409,.F.);
#3492=ORIENTED_EDGE('',*,*,#3491,.F.);
#3493=ORIENTED_EDGE('',*,*,#3043,.T.);
#3494=ORIENTED_EDGE('',*,*,#3464,.T.);
#3495=EDGE_LOOP('',(#3490,#3492,#3493,#3494));
#3496=FACE_OUTER_BOUND('',#3495,.F.);
#3497=ADVANCED_FACE('',(#3496),#3489,.T.);
#3498=CARTESIAN_POINT('',(2.5E0,2.055E0,-4.3E-1));
#3499=DIRECTION('',(0.E0,1.E0,0.E0));
#3500=DIRECTION('',(0.E0,0.E0,1.E0));
#3501=AXIS2_PLACEMENT_3D('',#3498,#3499,#3500);
#3502=PLANE('',#3501);
#3503=ORIENTED_EDGE('',*,*,#3438,.T.);
#3504=ORIENTED_EDGE('',*,*,#3480,.T.);
#3506=ORIENTED_EDGE('',*,*,#3505,.F.);
#3508=ORIENTED_EDGE('',*,*,#3507,.F.);
#3509=EDGE_LOOP('',(#3503,#3504,#3506,#3508));
#3510=FACE_OUTER_BOUND('',#3509,.F.);
#3511=ADVANCED_FACE('',(#3510),#3502,.T.);
#3512=CARTESIAN_POINT('',(2.5E0,1.475E0,-4.3E-1));
#3513=DIRECTION('',(0.E0,0.E0,-1.E0));
#3514=DIRECTION('',(0.E0,1.E0,0.E0));
#3515=AXIS2_PLACEMENT_3D('',#3512,#3513,#3514);
#3516=PLANE('',#3515);
#3517=ORIENTED_EDGE('',*,*,#3407,.F.);
#3519=ORIENTED_EDGE('',*,*,#3518,.F.);
#3520=ORIENTED_EDGE('',*,*,#3045,.T.);
#3521=ORIENTED_EDGE('',*,*,#3491,.T.);
#3522=EDGE_LOOP('',(#3517,#3519,#3520,#3521));
#3523=FACE_OUTER_BOUND('',#3522,.F.);
#3524=ADVANCED_FACE('',(#3523),#3516,.T.);
#3525=CARTESIAN_POINT('',(2.5E0,1.475E0,-4.3E-1));
#3526=DIRECTION('',(0.E0,0.E0,-1.E0));
#3527=DIRECTION('',(0.E0,1.E0,0.E0));
#3528=AXIS2_PLACEMENT_3D('',#3525,#3526,#3527);
#3529=PLANE('',#3528);
#3530=ORIENTED_EDGE('',*,*,#3440,.T.);
#3531=ORIENTED_EDGE('',*,*,#3507,.T.);
#3533=ORIENTED_EDGE('',*,*,#3532,.F.);
#3535=ORIENTED_EDGE('',*,*,#3534,.F.);
#3536=EDGE_LOOP('',(#3530,#3531,#3533,#3535));
#3537=FACE_OUTER_BOUND('',#3536,.F.);
#3538=ADVANCED_FACE('',(#3537),#3529,.T.);
#3539=CARTESIAN_POINT('',(2.5E0,1.475E0,-1.45E0));
#3540=DIRECTION('',(0.E0,1.E0,0.E0));
#3541=DIRECTION('',(0.E0,0.E0,1.E0));
#3542=AXIS2_PLACEMENT_3D('',#3539,#3540,#3541);
#3543=PLANE('',#3542);
#3544=ORIENTED_EDGE('',*,*,#3405,.F.);
#3546=ORIENTED_EDGE('',*,*,#3545,.F.);
#3547=ORIENTED_EDGE('',*,*,#3047,.T.);
#3548=ORIENTED_EDGE('',*,*,#3518,.T.);
#3549=EDGE_LOOP('',(#3544,#3546,#3547,#3548));
#3550=FACE_OUTER_BOUND('',#3549,.F.);
#3551=ADVANCED_FACE('',(#3550),#3543,.T.);
#3552=CARTESIAN_POINT('',(2.5E0,1.475E0,-1.45E0));
#3553=DIRECTION('',(0.E0,1.E0,0.E0));
#3554=DIRECTION('',(0.E0,0.E0,1.E0));
#3555=AXIS2_PLACEMENT_3D('',#3552,#3553,#3554);
#3556=PLANE('',#3555);
#3557=ORIENTED_EDGE('',*,*,#3442,.T.);
#3558=ORIENTED_EDGE('',*,*,#3534,.T.);
#3560=ORIENTED_EDGE('',*,*,#3559,.F.);
#3562=ORIENTED_EDGE('',*,*,#3561,.F.);
#3563=EDGE_LOOP('',(#3557,#3558,#3560,#3562));
#3564=FACE_OUTER_BOUND('',#3563,.F.);
#3565=ADVANCED_FACE('',(#3564),#3556,.T.);
#3566=CARTESIAN_POINT('',(1.55E0,2.675E0,-1.45E0));
#3567=DIRECTION('',(0.E0,0.E0,1.E0));
#3568=DIRECTION('',(1.E0,0.E0,0.E0));
#3569=AXIS2_PLACEMENT_3D('',#3566,#3567,#3568);
#3570=PLANE('',#3569);
#3571=ORIENTED_EDGE('',*,*,#3403,.F.);
#3573=ORIENTED_EDGE('',*,*,#3572,.T.);
#3574=ORIENTED_EDGE('',*,*,#3444,.T.);
#3575=ORIENTED_EDGE('',*,*,#3561,.T.);
#3577=ORIENTED_EDGE('',*,*,#3576,.F.);
#3579=ORIENTED_EDGE('',*,*,#3578,.T.);
#3581=ORIENTED_EDGE('',*,*,#3580,.F.);
#3583=ORIENTED_EDGE('',*,*,#3582,.F.);
#3584=ORIENTED_EDGE('',*,*,#3113,.T.);
#3586=ORIENTED_EDGE('',*,*,#3585,.T.);
#3588=ORIENTED_EDGE('',*,*,#3587,.F.);
#3589=ORIENTED_EDGE('',*,*,#3049,.F.);
#3590=ORIENTED_EDGE('',*,*,#3545,.T.);
#3591=EDGE_LOOP('',(#3571,#3573,#3574,#3575,#3577,#3579,#3581,#3583,#3584,#3586,
#3588,#3589,#3590));
#3592=FACE_OUTER_BOUND('',#3591,.F.);
#3593=ADVANCED_FACE('',(#3592),#3570,.F.);
#3594=CARTESIAN_POINT('',(2.25E0,4.25E-1,2.E-2));
#3595=DIRECTION('',(0.E0,1.E0,0.E0));
#3596=DIRECTION('',(0.E0,0.E0,-1.E0));
#3597=AXIS2_PLACEMENT_3D('',#3594,#3595,#3596);
#3598=PLANE('',#3597);
#3599=ORIENTED_EDGE('',*,*,#3401,.T.);
#3601=ORIENTED_EDGE('',*,*,#3600,.T.);
#3602=ORIENTED_EDGE('',*,*,#3446,.F.);
#3603=ORIENTED_EDGE('',*,*,#3572,.F.);
#3604=EDGE_LOOP('',(#3599,#3601,#3602,#3603));
#3605=FACE_OUTER_BOUND('',#3604,.F.);
#3606=ADVANCED_FACE('',(#3605),#3598,.F.);
#3607=CARTESIAN_POINT('',(2.25E0,4.25E-1,-1.65E0));
#3608=DIRECTION('',(0.E0,0.E0,1.E0));
#3609=DIRECTION('',(0.E0,1.E0,0.E0));
#3610=AXIS2_PLACEMENT_3D('',#3607,#3608,#3609);
#3611=PLANE('',#3610);
#3612=ORIENTED_EDGE('',*,*,#3399,.T.);
#3614=ORIENTED_EDGE('',*,*,#3613,.T.);
#3615=ORIENTED_EDGE('',*,*,#3448,.F.);
#3616=ORIENTED_EDGE('',*,*,#3600,.F.);
#3617=EDGE_LOOP('',(#3612,#3614,#3615,#3616));
#3618=FACE_OUTER_BOUND('',#3617,.F.);
#3619=ADVANCED_FACE('',(#3618),#3611,.F.);
#3620=CARTESIAN_POINT('',(2.25E0,1.725E0,-1.65E0));
#3621=DIRECTION('',(0.E0,-1.E0,0.E0));
#3622=DIRECTION('',(0.E0,0.E0,1.E0));
#3623=AXIS2_PLACEMENT_3D('',#3620,#3621,#3622);
#3624=PLANE('',#3623);
#3625=ORIENTED_EDGE('',*,*,#3397,.T.);
#3627=ORIENTED_EDGE('',*,*,#3626,.T.);
#3628=ORIENTED_EDGE('',*,*,#3450,.F.);
#3629=ORIENTED_EDGE('',*,*,#3613,.F.);
#3630=EDGE_LOOP('',(#3625,#3627,#3628,#3629));
#3631=FACE_OUTER_BOUND('',#3630,.F.);
#3632=ADVANCED_FACE('',(#3631),#3624,.F.);
#3633=CARTESIAN_POINT('',(2.25E0,1.725E0,-1.38E0));
#3634=DIRECTION('',(0.E0,0.E0,1.E0));
#3635=DIRECTION('',(0.E0,1.E0,0.E0));
#3636=AXIS2_PLACEMENT_3D('',#3633,#3634,#3635);
#3637=PLANE('',#3636);
#3638=ORIENTED_EDGE('',*,*,#3395,.T.);
#3639=ORIENTED_EDGE('',*,*,#3425,.T.);
#3640=ORIENTED_EDGE('',*,*,#3452,.F.);
#3641=ORIENTED_EDGE('',*,*,#3626,.F.);
#3642=EDGE_LOOP('',(#3638,#3639,#3640,#3641));
#3643=FACE_OUTER_BOUND('',#3642,.F.);
#3644=ADVANCED_FACE('',(#3643),#3637,.F.);
#3645=CARTESIAN_POINT('',(2.04E0,-2.675E0,0.E0));
#3646=DIRECTION('',(-1.E0,0.E0,0.E0));
#3647=DIRECTION('',(0.E0,-1.E0,0.E0));
#3648=AXIS2_PLACEMENT_3D('',#3645,#3646,#3647);
#3649=PLANE('',#3648);
#3650=ORIENTED_EDGE('',*,*,#3576,.T.);
#3651=ORIENTED_EDGE('',*,*,#3559,.T.);
#3652=ORIENTED_EDGE('',*,*,#3532,.T.);
#3653=ORIENTED_EDGE('',*,*,#3505,.T.);
#3654=ORIENTED_EDGE('',*,*,#3478,.T.);
#3656=ORIENTED_EDGE('',*,*,#3655,.F.);
#3657=EDGE_LOOP('',(#3650,#3651,#3652,#3653,#3654,#3656));
#3658=FACE_OUTER_BOUND('',#3657,.F.);
#3659=ADVANCED_FACE('',(#3658),#3649,.F.);
#3660=CARTESIAN_POINT('',(0.E0,2.325E0,0.E0));
#3661=DIRECTION('',(0.E0,-1.E0,0.E0));
#3662=DIRECTION('',(1.E0,0.E0,0.E0));
#3663=AXIS2_PLACEMENT_3D('',#3660,#3661,#3662);
#3664=PLANE('',#3663);
#3665=ORIENTED_EDGE('',*,*,#3365,.T.);
#3667=ORIENTED_EDGE('',*,*,#3666,.T.);
#3668=ORIENTED_EDGE('',*,*,#3578,.F.);
#3669=ORIENTED_EDGE('',*,*,#3655,.T.);
#3670=EDGE_LOOP('',(#3665,#3667,#3668,#3669));
#3671=FACE_OUTER_BOUND('',#3670,.F.);
#3672=ADVANCED_FACE('',(#3671),#3664,.F.);
#3673=CARTESIAN_POINT('',(1.9975E0,2.3625E0,-6.15E-1));
#3674=DIRECTION('',(7.071067811865E-1,7.071067811865E-1,0.E0));
#3675=DIRECTION('',(0.E0,0.E0,-1.E0));
#3676=AXIS2_PLACEMENT_3D('',#3673,#3674,#3675);
#3677=PLANE('',#3676);
#3678=ORIENTED_EDGE('',*,*,#3666,.F.);
#3679=ORIENTED_EDGE('',*,*,#3363,.F.);
#3681=ORIENTED_EDGE('',*,*,#3680,.T.);
#3682=ORIENTED_EDGE('',*,*,#3580,.T.);
#3683=EDGE_LOOP('',(#3678,#3679,#3681,#3682));
#3684=FACE_OUTER_BOUND('',#3683,.F.);
#3685=ADVANCED_FACE('',(#3684),#3677,.T.);
#3686=CARTESIAN_POINT('',(1.96E0,2.675E0,2.2E-1));
#3687=DIRECTION('',(1.E0,0.E0,0.E0));
#3688=DIRECTION('',(0.E0,0.E0,-1.E0));
#3689=AXIS2_PLACEMENT_3D('',#3686,#3687,#3688);
#3690=PLANE('',#3689);
#3691=ORIENTED_EDGE('',*,*,#3361,.T.);
#3692=ORIENTED_EDGE('',*,*,#3345,.F.);
#3693=ORIENTED_EDGE('',*,*,#3115,.T.);
#3694=ORIENTED_EDGE('',*,*,#3582,.T.);
#3695=ORIENTED_EDGE('',*,*,#3680,.F.);
#3696=EDGE_LOOP('',(#3691,#3692,#3693,#3694,#3695));
#3697=FACE_OUTER_BOUND('',#3696,.F.);
#3698=ADVANCED_FACE('',(#3697),#3690,.T.);
#3699=CARTESIAN_POINT('',(1.613245553203E0,3.7E-1,-1.5E0));
#3700=DIRECTION('',(6.201736729460E-1,0.E0,-7.844645405527E-1));
#3701=DIRECTION('',(0.E0,-1.E0,0.E0));
#3702=AXIS2_PLACEMENT_3D('',#3699,#3700,#3701);
#3703=PLANE('',#3702);
#3704=ORIENTED_EDGE('',*,*,#3585,.F.);
#3705=ORIENTED_EDGE('',*,*,#3111,.T.);
#3707=ORIENTED_EDGE('',*,*,#3706,.T.);
#3709=ORIENTED_EDGE('',*,*,#3708,.T.);
#3710=EDGE_LOOP('',(#3704,#3705,#3707,#3709));
#3711=FACE_OUTER_BOUND('',#3710,.F.);
#3712=ADVANCED_FACE('',(#3711),#3703,.T.);
#3713=CARTESIAN_POINT('',(2.5E0,-2.675E0,-1.55E0));
#3714=DIRECTION('',(0.E0,0.E0,-1.E0));
#3715=DIRECTION('',(-1.E0,0.E0,0.E0));
#3716=AXIS2_PLACEMENT_3D('',#3713,#3714,#3715);
#3717=PLANE('',#3716);
#3719=ORIENTED_EDGE('',*,*,#3718,.T.);
#3721=ORIENTED_EDGE('',*,*,#3720,.F.);
#3722=ORIENTED_EDGE('',*,*,#3706,.F.);
#3723=ORIENTED_EDGE('',*,*,#3109,.T.);
#3724=EDGE_LOOP('',(#3719,#3721,#3722,#3723));
#3725=FACE_OUTER_BOUND('',#3724,.F.);
#3726=ADVANCED_FACE('',(#3725),#3717,.T.);
#3727=CARTESIAN_POINT('',(-1.541421226238E0,2.7692E0,-1.556782116155E0));
#3728=CARTESIAN_POINT('',(-1.589304110882E0,2.7692E0,-1.518927372052E0));
#3729=CARTESIAN_POINT('',(-1.637186995525E0,2.7692E0,-1.481072627948E0));
#3730=CARTESIAN_POINT('',(-1.685069880169E0,2.7692E0,-1.443217883845E0));
#3731=CARTESIAN_POINT('',(-1.541421226238E0,2.746012006229E0,
-1.556782116155E0));
#3732=CARTESIAN_POINT('',(-1.589304110882E0,2.746012006229E0,
-1.518927372052E0));
#3733=CARTESIAN_POINT('',(-1.637186995525E0,2.746012006229E0,
-1.481072627948E0));
#3734=CARTESIAN_POINT('',(-1.685069880169E0,2.746012006229E0,
-1.443217883845E0));
#3735=CARTESIAN_POINT('',(-1.541421226238E0,1.139189974324E0,
-1.556782116155E0));
#3736=CARTESIAN_POINT('',(-1.589304110882E0,1.139189974324E0,
-1.518927372052E0));
#3737=CARTESIAN_POINT('',(-1.637186995525E0,1.139189974324E0,
-1.481072627948E0));
#3738=CARTESIAN_POINT('',(-1.685069880169E0,1.139189974324E0,
-1.443217883845E0));
#3739=CARTESIAN_POINT('',(-1.541421226238E0,-4.936100256761E-1,
-1.556782116155E0));
#3740=CARTESIAN_POINT('',(-1.589304110882E0,-4.936100256761E-1,
-1.518927372052E0));
#3741=CARTESIAN_POINT('',(-1.637186995525E0,-4.936100256761E-1,
-1.481072627948E0));
#3742=CARTESIAN_POINT('',(-1.685069880169E0,-4.936100256761E-1,
-1.443217883845E0));
#3743=CARTESIAN_POINT('',(-1.541421226238E0,-2.103222031905E0,
-1.556782116155E0));
#3744=CARTESIAN_POINT('',(-1.589304110882E0,-2.103222031905E0,
-1.518927372052E0));
#3745=CARTESIAN_POINT('',(-1.637186995525E0,-2.103222031905E0,
-1.481072627948E0));
#3746=CARTESIAN_POINT('',(-1.685069880169E0,-2.103222031905E0,
-1.443217883845E0));
#3747=CARTESIAN_POINT('',(-1.541421226238E0,-2.1292E0,-1.556782116155E0));
#3748=CARTESIAN_POINT('',(-1.589304110882E0,-2.1292E0,-1.518927372052E0));
#3749=CARTESIAN_POINT('',(-1.637186995525E0,-2.1292E0,-1.481072627948E0));
#3750=CARTESIAN_POINT('',(-1.685069880169E0,-2.1292E0,-1.443217883845E0));
#3751=B_SPLINE_SURFACE_WITH_KNOTS('',3,3,((#3727,#3728,#3729,#3730),(#3731,
#3732,#3733,#3734),(#3735,#3736,#3737,#3738),(#3739,#3740,#3741,#3742),(#3743,
#3744,#3745,#3746),(#3747,#3748,#3749,#3750)),.UNSPECIFIED.,.F.,.F.,.F.,(4,1,1,
4),(4,4),(-1.464226785508E-2,0.E0,1.E0,1.016404022311E0),(-6.782116154807E-2,
1.067821161548E0),.UNSPECIFIED.);
#3752=ORIENTED_EDGE('',*,*,#3718,.F.);
#3753=ORIENTED_EDGE('',*,*,#3107,.T.);
#3755=ORIENTED_EDGE('',*,*,#3754,.T.);
#3757=ORIENTED_EDGE('',*,*,#3756,.T.);
#3758=EDGE_LOOP('',(#3752,#3753,#3755,#3757));
#3759=FACE_OUTER_BOUND('',#3758,.F.);
#3760=ADVANCED_FACE('',(#3759),#3751,.T.);
#3761=CARTESIAN_POINT('',(-2.5E0,2.675E0,-1.45E0));
#3762=DIRECTION('',(0.E0,0.E0,1.E0));
#3763=DIRECTION('',(1.E0,0.E0,0.E0));
#3764=AXIS2_PLACEMENT_3D('',#3761,#3762,#3763);
#3765=PLANE('',#3764);
#3766=ORIENTED_EDGE('',*,*,#3754,.F.);
#3767=ORIENTED_EDGE('',*,*,#3105,.F.);
#3769=ORIENTED_EDGE('',*,*,#3768,.T.);
#3771=ORIENTED_EDGE('',*,*,#3770,.F.);
#3773=ORIENTED_EDGE('',*,*,#3772,.F.);
#3775=ORIENTED_EDGE('',*,*,#3774,.T.);
#3777=ORIENTED_EDGE('',*,*,#3776,.F.);
#3779=ORIENTED_EDGE('',*,*,#3778,.F.);
#3781=ORIENTED_EDGE('',*,*,#3780,.F.);
#3783=ORIENTED_EDGE('',*,*,#3782,.T.);
#3785=ORIENTED_EDGE('',*,*,#3784,.F.);
#3787=ORIENTED_EDGE('',*,*,#3786,.T.);
#3789=ORIENTED_EDGE('',*,*,#3788,.T.);
#3790=EDGE_LOOP('',(#3766,#3767,#3769,#3771,#3773,#3775,#3777,#3779,#3781,#3783,
#3785,#3787,#3789));
#3791=FACE_OUTER_BOUND('',#3790,.F.);
#3792=ADVANCED_FACE('',(#3791),#3765,.F.);
#3793=CARTESIAN_POINT('',(-1.96E0,2.675E0,2.2E-1));
#3794=DIRECTION('',(1.E0,0.E0,0.E0));
#3795=DIRECTION('',(0.E0,0.E0,-1.E0));
#3796=AXIS2_PLACEMENT_3D('',#3793,#3794,#3795);
#3797=PLANE('',#3796);
#3799=ORIENTED_EDGE('',*,*,#3798,.F.);
#3801=ORIENTED_EDGE('',*,*,#3800,.F.);
#3802=ORIENTED_EDGE('',*,*,#3768,.F.);
#3803=ORIENTED_EDGE('',*,*,#3103,.F.);
#3805=ORIENTED_EDGE('',*,*,#3804,.T.);
#3806=EDGE_LOOP('',(#3799,#3801,#3802,#3803,#3805));
#3807=FACE_OUTER_BOUND('',#3806,.F.);
#3808=ADVANCED_FACE('',(#3807),#3797,.F.);
#3809=CARTESIAN_POINT('',(-2.23E0,2.39E0,1.2E-1));
#3810=DIRECTION('',(0.E0,8.384436163006E-1,-5.449883505954E-1));
#3811=DIRECTION('',(-1.E0,0.E0,0.E0));
#3812=AXIS2_PLACEMENT_3D('',#3809,#3810,#3811);
#3813=PLANE('',#3812);
#3815=ORIENTED_EDGE('',*,*,#3814,.F.);
#3817=ORIENTED_EDGE('',*,*,#3816,.F.);
#3819=ORIENTED_EDGE('',*,*,#3818,.F.);
#3820=ORIENTED_EDGE('',*,*,#3798,.T.);
#3822=ORIENTED_EDGE('',*,*,#3821,.T.);
#3824=ORIENTED_EDGE('',*,*,#3823,.T.);
#3826=ORIENTED_EDGE('',*,*,#3825,.F.);
#3828=ORIENTED_EDGE('',*,*,#3827,.T.);
#3829=EDGE_LOOP('',(#3815,#3817,#3819,#3820,#3822,#3824,#3826,#3828));
#3830=FACE_OUTER_BOUND('',#3829,.F.);
#3831=ADVANCED_FACE('',(#3830),#3813,.T.);
#3832=CARTESIAN_POINT('',(-2.5E0,2.055E0,2.E-2));
#3833=DIRECTION('',(0.E0,0.E0,1.E0));
#3834=DIRECTION('',(0.E0,1.E0,0.E0));
#3835=AXIS2_PLACEMENT_3D('',#3832,#3833,#3834);
#3836=PLANE('',#3835);
#3838=ORIENTED_EDGE('',*,*,#3837,.F.);
#3839=ORIENTED_EDGE('',*,*,#3825,.T.);
#3841=ORIENTED_EDGE('',*,*,#3840,.F.);
#3843=ORIENTED_EDGE('',*,*,#3842,.T.);
#3844=EDGE_LOOP('',(#3838,#3839,#3841,#3843));
#3845=FACE_OUTER_BOUND('',#3844,.F.);
#3846=ADVANCED_FACE('',(#3845),#3836,.F.);
#3847=CARTESIAN_POINT('',(-2.5E0,2.055E0,2.E-2));
#3848=DIRECTION('',(0.E0,0.E0,1.E0));
#3849=DIRECTION('',(0.E0,1.E0,0.E0));
#3850=AXIS2_PLACEMENT_3D('',#3847,#3848,#3849);
#3851=PLANE('',#3850);
#3853=ORIENTED_EDGE('',*,*,#3852,.T.);
#3855=ORIENTED_EDGE('',*,*,#3854,.T.);
#3857=ORIENTED_EDGE('',*,*,#3856,.T.);
#3858=ORIENTED_EDGE('',*,*,#3814,.T.);
#3859=EDGE_LOOP('',(#3853,#3855,#3857,#3858));
#3860=FACE_OUTER_BOUND('',#3859,.F.);
#3861=ADVANCED_FACE('',(#3860),#3851,.F.);
#3862=CARTESIAN_POINT('',(-2.25E0,2.675E0,0.E0));
#3863=DIRECTION('',(1.E0,0.E0,0.E0));
#3864=DIRECTION('',(0.E0,1.E0,0.E0));
#3865=AXIS2_PLACEMENT_3D('',#3862,#3863,#3864);
#3866=PLANE('',#3865);
#3867=ORIENTED_EDGE('',*,*,#3837,.T.);
#3869=ORIENTED_EDGE('',*,*,#3868,.F.);
#3871=ORIENTED_EDGE('',*,*,#3870,.F.);
#3873=ORIENTED_EDGE('',*,*,#3872,.F.);
#3874=ORIENTED_EDGE('',*,*,#3782,.F.);
#3876=ORIENTED_EDGE('',*,*,#3875,.T.);
#3878=ORIENTED_EDGE('',*,*,#3877,.T.);
#3880=ORIENTED_EDGE('',*,*,#3879,.T.);
#3882=ORIENTED_EDGE('',*,*,#3881,.T.);
#3884=ORIENTED_EDGE('',*,*,#3883,.T.);
#3886=ORIENTED_EDGE('',*,*,#3885,.T.);
#3887=EDGE_LOOP('',(#3867,#3869,#3871,#3873,#3874,#3876,#3878,#3880,#3882,#3884,
#3886));
#3888=FACE_OUTER_BOUND('',#3887,.F.);
#3889=ADVANCED_FACE('',(#3888),#3866,.F.);
#3890=CARTESIAN_POINT('',(-2.5E0,2.055E0,-4.3E-1));
#3891=DIRECTION('',(0.E0,-1.E0,0.E0));
#3892=DIRECTION('',(0.E0,0.E0,1.E0));
#3893=AXIS2_PLACEMENT_3D('',#3890,#3891,#3892);
#3894=PLANE('',#3893);
#3895=ORIENTED_EDGE('',*,*,#3868,.T.);
#3896=ORIENTED_EDGE('',*,*,#3842,.F.);
#3898=ORIENTED_EDGE('',*,*,#3897,.F.);
#3900=ORIENTED_EDGE('',*,*,#3899,.T.);
#3901=EDGE_LOOP('',(#3895,#3896,#3898,#3900));
#3902=FACE_OUTER_BOUND('',#3901,.F.);
#3903=ADVANCED_FACE('',(#3902),#3894,.F.);
#3904=CARTESIAN_POINT('',(-2.5E0,2.055E0,-4.3E-1));
#3905=DIRECTION('',(0.E0,-1.E0,0.E0));
#3906=DIRECTION('',(0.E0,0.E0,1.E0));
#3907=AXIS2_PLACEMENT_3D('',#3904,#3905,#3906);
#3908=PLANE('',#3907);
#3910=ORIENTED_EDGE('',*,*,#3909,.F.);
#3912=ORIENTED_EDGE('',*,*,#3911,.T.);
#3914=ORIENTED_EDGE('',*,*,#3913,.F.);
#3915=ORIENTED_EDGE('',*,*,#3854,.F.);
#3916=EDGE_LOOP('',(#3910,#3912,#3914,#3915));
#3917=FACE_OUTER_BOUND('',#3916,.F.);
#3918=ADVANCED_FACE('',(#3917),#3908,.F.);
#3919=CARTESIAN_POINT('',(-2.5E0,-2.675E0,-1.55E0));
#3920=DIRECTION('',(-1.E0,0.E0,0.E0));
#3921=DIRECTION('',(0.E0,0.E0,1.E0));
#3922=AXIS2_PLACEMENT_3D('',#3919,#3920,#3921);
#3923=PLANE('',#3922);
#3925=ORIENTED_EDGE('',*,*,#3924,.F.);
#3927=ORIENTED_EDGE('',*,*,#3926,.T.);
#3928=ORIENTED_EDGE('',*,*,#3004,.F.);
#3930=ORIENTED_EDGE('',*,*,#3929,.F.);
#3932=ORIENTED_EDGE('',*,*,#3931,.F.);
#3933=ORIENTED_EDGE('',*,*,#3786,.F.);
#3935=ORIENTED_EDGE('',*,*,#3934,.T.);
#3937=ORIENTED_EDGE('',*,*,#3936,.T.);
#3938=ORIENTED_EDGE('',*,*,#3897,.T.);
#3939=ORIENTED_EDGE('',*,*,#3840,.T.);
#3940=ORIENTED_EDGE('',*,*,#3823,.F.);
#3942=ORIENTED_EDGE('',*,*,#3941,.F.);
#3943=ORIENTED_EDGE('',*,*,#3099,.T.);
#3945=ORIENTED_EDGE('',*,*,#3944,.T.);
#3947=ORIENTED_EDGE('',*,*,#3946,.T.);
#3948=EDGE_LOOP('',(#3925,#3927,#3928,#3930,#3932,#3933,#3935,#3937,#3938,#3939,
#3940,#3942,#3943,#3945,#3947));
#3949=FACE_OUTER_BOUND('',#3948,.F.);
#3950=ADVANCED_FACE('',(#3949),#3923,.T.);
#3951=CARTESIAN_POINT('',(0.E0,-2.675E0,-6.5E-1));
#3952=DIRECTION('',(0.E0,0.E0,1.E0));
#3953=DIRECTION('',(-1.E0,0.E0,0.E0));
#3954=AXIS2_PLACEMENT_3D('',#3951,#3952,#3953);
#3955=PLANE('',#3954);
#3956=ORIENTED_EDGE('',*,*,#2511,.F.);
#3958=ORIENTED_EDGE('',*,*,#3957,.T.);
#3959=ORIENTED_EDGE('',*,*,#3924,.T.);
#3961=ORIENTED_EDGE('',*,*,#3960,.F.);
#3963=ORIENTED_EDGE('',*,*,#3962,.F.);
#3964=EDGE_LOOP('',(#3956,#3958,#3959,#3961,#3963));
#3965=FACE_OUTER_BOUND('',#3964,.F.);
#3966=ADVANCED_FACE('',(#3965),#3955,.T.);
#3967=CARTESIAN_POINT('',(-2.3E0,-2.475E0,1.562998618634E0));
#3968=DIRECTION('',(0.E0,0.E0,-1.E0));
#3969=DIRECTION('',(0.E0,-1.E0,0.E0));
#3970=AXIS2_PLACEMENT_3D('',#3967,#3968,#3969);
#3971=CYLINDRICAL_SURFACE('',#3970,2.E-1);
#3972=ORIENTED_EDGE('',*,*,#3957,.F.);
#3973=ORIENTED_EDGE('',*,*,#2509,.T.);
#3974=ORIENTED_EDGE('',*,*,#3006,.T.);
#3975=ORIENTED_EDGE('',*,*,#3926,.F.);
#3976=EDGE_LOOP('',(#3972,#3973,#3974,#3975));
#3977=FACE_OUTER_BOUND('',#3976,.F.);
#3978=ADVANCED_FACE('',(#3977),#3971,.T.);
#3979=CARTESIAN_POINT('',(-1.86E0,-1.925E0,1.55E0));
#3980=DIRECTION('',(0.E0,1.E0,0.E0));
#3981=DIRECTION('',(-1.E0,0.E0,0.E0));
#3982=AXIS2_PLACEMENT_3D('',#3979,#3980,#3981);
#3983=PLANE('',#3982);
#3984=ORIENTED_EDGE('',*,*,#3946,.F.);
#3986=ORIENTED_EDGE('',*,*,#3985,.F.);
#3987=ORIENTED_EDGE('',*,*,#2562,.T.);
#3989=ORIENTED_EDGE('',*,*,#3988,.T.);
#3990=ORIENTED_EDGE('',*,*,#3960,.T.);
#3991=EDGE_LOOP('',(#3984,#3986,#3987,#3989,#3990));
#3992=FACE_OUTER_BOUND('',#3991,.F.);
#3993=ADVANCED_FACE('',(#3992),#3983,.F.);
#3994=CARTESIAN_POINT('',(-2.3E0,2.688487864008E0,1.35E0));
#3995=DIRECTION('',(0.E0,-1.E0,0.E0));
#3996=DIRECTION('',(0.E0,0.E0,1.E0));
#3997=AXIS2_PLACEMENT_3D('',#3994,#3995,#3996);
#3998=CYLINDRICAL_SURFACE('',#3997,2.E-1);
#3999=ORIENTED_EDGE('',*,*,#3985,.T.);
#4000=ORIENTED_EDGE('',*,*,#3944,.F.);
#4001=ORIENTED_EDGE('',*,*,#3097,.T.);
#4002=ORIENTED_EDGE('',*,*,#2564,.T.);
#4003=EDGE_LOOP('',(#3999,#4000,#4001,#4002));
#4004=FACE_OUTER_BOUND('',#4003,.F.);
#4005=ADVANCED_FACE('',(#4004),#3998,.T.);
#4006=CARTESIAN_POINT('',(-1.66E0,-2.675E0,1.55E0));
#4007=DIRECTION('',(9.662349396012E-1,2.576626505603E-1,0.E0));
#4008=DIRECTION('',(-2.576626505603E-1,9.662349396012E-1,0.E0));
#4009=AXIS2_PLACEMENT_3D('',#4006,#4007,#4008);
#4010=PLANE('',#4009);
#4011=ORIENTED_EDGE('',*,*,#2513,.T.);
#4012=ORIENTED_EDGE('',*,*,#3962,.T.);
#4013=ORIENTED_EDGE('',*,*,#3988,.F.);
#4014=ORIENTED_EDGE('',*,*,#2560,.F.);
#4015=EDGE_LOOP('',(#4011,#4012,#4013,#4014));
#4016=FACE_OUTER_BOUND('',#4015,.F.);
#4017=ADVANCED_FACE('',(#4016),#4010,.F.);
#4018=CARTESIAN_POINT('',(2.5E0,-2.135E0,-1.55E0));
#4019=DIRECTION('',(0.E0,1.E0,0.E0));
#4020=DIRECTION('',(0.E0,0.E0,1.E0));
#4021=AXIS2_PLACEMENT_3D('',#4018,#4019,#4020);
#4022=PLANE('',#4021);
#4024=ORIENTED_EDGE('',*,*,#4023,.T.);
#4025=ORIENTED_EDGE('',*,*,#3929,.T.);
#4026=ORIENTED_EDGE('',*,*,#3002,.F.);
#4027=ORIENTED_EDGE('',*,*,#2890,.F.);
#4029=ORIENTED_EDGE('',*,*,#4028,.T.);
#4031=ORIENTED_EDGE('',*,*,#4030,.T.);
#4032=ORIENTED_EDGE('',*,*,#2996,.F.);
#4034=ORIENTED_EDGE('',*,*,#4033,.F.);
#4036=ORIENTED_EDGE('',*,*,#4035,.T.);
#4038=ORIENTED_EDGE('',*,*,#4037,.T.);
#4039=ORIENTED_EDGE('',*,*,#2988,.F.);
#4041=ORIENTED_EDGE('',*,*,#4040,.F.);
#4043=ORIENTED_EDGE('',*,*,#4042,.T.);
#4045=ORIENTED_EDGE('',*,*,#4044,.T.);
#4046=ORIENTED_EDGE('',*,*,#2980,.F.);
#4047=ORIENTED_EDGE('',*,*,#3053,.F.);
#4048=EDGE_LOOP('',(#4024,#4025,#4026,#4027,#4029,#4031,#4032,#4034,#4036,#4038,
#4039,#4041,#4043,#4045,#4046,#4047));
#4049=FACE_OUTER_BOUND('',#4048,.F.);
#4050=ADVANCED_FACE('',(#4049),#4022,.F.);
#4051=CARTESIAN_POINT('',(0.E0,-2.035E0,-1.45E0));
#4052=DIRECTION('',(0.E0,-7.071067811865E-1,-7.071067811865E-1));
#4053=DIRECTION('',(-1.E0,0.E0,0.E0));
#4054=AXIS2_PLACEMENT_3D('',#4051,#4052,#4053);
#4055=PLANE('',#4054);
#4056=ORIENTED_EDGE('',*,*,#3587,.T.);
#4057=ORIENTED_EDGE('',*,*,#3708,.F.);
#4058=ORIENTED_EDGE('',*,*,#3720,.T.);
#4059=ORIENTED_EDGE('',*,*,#3756,.F.);
#4060=ORIENTED_EDGE('',*,*,#3788,.F.);
#4061=ORIENTED_EDGE('',*,*,#3931,.T.);
#4062=ORIENTED_EDGE('',*,*,#4023,.F.);
#4063=ORIENTED_EDGE('',*,*,#3051,.T.);
#4064=EDGE_LOOP('',(#4056,#4057,#4058,#4059,#4060,#4061,#4062,#4063));
#4065=FACE_OUTER_BOUND('',#4064,.F.);
#4066=ADVANCED_FACE('',(#4065),#4055,.T.);
#4067=CARTESIAN_POINT('',(-1.125E0,-2.525E0,-1.65E0));
#4068=DIRECTION('',(0.E0,7.071067811865E-1,-7.071067811865E-1));
#4069=DIRECTION('',(0.E0,7.071067811865E-1,7.071067811865E-1));
#4070=AXIS2_PLACEMENT_3D('',#4067,#4068,#4069);
#4071=PLANE('',#4070);
#4072=ORIENTED_EDGE('',*,*,#4028,.F.);
#4073=ORIENTED_EDGE('',*,*,#2888,.F.);
#4075=ORIENTED_EDGE('',*,*,#4074,.T.);
#4077=ORIENTED_EDGE('',*,*,#4076,.T.);
#4078=EDGE_LOOP('',(#4072,#4073,#4075,#4077));
#4079=FACE_OUTER_BOUND('',#4078,.F.);
#4080=ADVANCED_FACE('',(#4079),#4071,.T.);
#4081=CARTESIAN_POINT('',(-1.125E0,-3.225E0,-1.65E0));
#4082=DIRECTION('',(0.E0,0.E0,-1.E0));
#4083=DIRECTION('',(0.E0,1.E0,0.E0));
#4084=AXIS2_PLACEMENT_3D('',#4081,#4082,#4083);
#4085=PLANE('',#4084);
#4086=ORIENTED_EDGE('',*,*,#2886,.F.);
#4088=ORIENTED_EDGE('',*,*,#4087,.F.);
#4090=ORIENTED_EDGE('',*,*,#4089,.T.);
#4091=ORIENTED_EDGE('',*,*,#4074,.F.);
#4092=EDGE_LOOP('',(#4086,#4088,#4090,#4091));
#4093=FACE_OUTER_BOUND('',#4092,.F.);
#4094=ADVANCED_FACE('',(#4093),#4085,.T.);
#4095=CARTESIAN_POINT('',(-1.E0,-3.175E0,-1.6E0));
#4096=DIRECTION('',(0.E0,-7.071067811865E-1,-7.071067811865E-1));
#4097=DIRECTION('',(-1.E0,0.E0,0.E0));
#4098=AXIS2_PLACEMENT_3D('',#4095,#4096,#4097);
#4099=PLANE('',#4098);
#4100=ORIENTED_EDGE('',*,*,#2884,.T.);
#4102=ORIENTED_EDGE('',*,*,#4101,.F.);
#4104=ORIENTED_EDGE('',*,*,#4103,.T.);
#4105=ORIENTED_EDGE('',*,*,#4087,.T.);
#4106=EDGE_LOOP('',(#4100,#4102,#4104,#4105));
#4107=FACE_OUTER_BOUND('',#4106,.F.);
#4108=ADVANCED_FACE('',(#4107),#4099,.T.);
#4109=CARTESIAN_POINT('',(-1.125E0,-3.225E0,-1.3E0));
#4110=DIRECTION('',(0.E0,-1.E0,0.E0));
#4111=DIRECTION('',(0.E0,0.E0,-1.E0));
#4112=AXIS2_PLACEMENT_3D('',#4109,#4110,#4111);
#4113=PLANE('',#4112);
#4114=ORIENTED_EDGE('',*,*,#4101,.T.);
#4115=ORIENTED_EDGE('',*,*,#2882,.F.);
#4117=ORIENTED_EDGE('',*,*,#4116,.F.);
#4119=ORIENTED_EDGE('',*,*,#4118,.T.);
#4120=EDGE_LOOP('',(#4114,#4115,#4117,#4119));
#4121=FACE_OUTER_BOUND('',#4120,.F.);
#4122=ADVANCED_FACE('',(#4121),#4113,.T.);
#4123=CARTESIAN_POINT('',(-1.E0,-3.175E0,-1.35E0));
#4124=DIRECTION('',(0.E0,-7.071067811865E-1,7.071067811865E-1));
#4125=DIRECTION('',(-1.E0,0.E0,0.E0));
#4126=AXIS2_PLACEMENT_3D('',#4123,#4124,#4125);
#4127=PLANE('',#4126);
#4128=ORIENTED_EDGE('',*,*,#2880,.T.);
#4129=ORIENTED_EDGE('',*,*,#2938,.F.);
#4131=ORIENTED_EDGE('',*,*,#4130,.T.);
#4132=ORIENTED_EDGE('',*,*,#4116,.T.);
#4133=EDGE_LOOP('',(#4128,#4129,#4131,#4132));
#4134=FACE_OUTER_BOUND('',#4133,.F.);
#4135=ADVANCED_FACE('',(#4134),#4127,.T.);
#4136=CARTESIAN_POINT('',(-8.75E-1,0.E0,0.E0));
#4137=DIRECTION('',(1.E0,0.E0,0.E0));
#4138=DIRECTION('',(0.E0,1.E0,0.E0));
#4139=AXIS2_PLACEMENT_3D('',#4136,#4137,#4138);
#4140=PLANE('',#4139);
#4141=ORIENTED_EDGE('',*,*,#2936,.F.);
#4142=ORIENTED_EDGE('',*,*,#2951,.F.);
#4143=ORIENTED_EDGE('',*,*,#2964,.F.);
#4144=ORIENTED_EDGE('',*,*,#2998,.F.);
#4145=ORIENTED_EDGE('',*,*,#4030,.F.);
#4146=ORIENTED_EDGE('',*,*,#4076,.F.);
#4147=ORIENTED_EDGE('',*,*,#4089,.F.);
#4148=ORIENTED_EDGE('',*,*,#4103,.F.);
#4149=ORIENTED_EDGE('',*,*,#4118,.F.);
#4150=ORIENTED_EDGE('',*,*,#4130,.F.);
#4151=EDGE_LOOP('',(#4141,#4142,#4143,#4144,#4145,#4146,#4147,#4148,#4149,
#4150));
#4152=FACE_OUTER_BOUND('',#4151,.F.);
#4153=ADVANCED_FACE('',(#4152),#4140,.T.);
#4154=CARTESIAN_POINT('',(-8.75E-1,0.E0,0.E0));
#4155=DIRECTION('',(1.E0,0.E0,0.E0));
#4156=DIRECTION('',(0.E0,1.E0,0.E0));
#4157=AXIS2_PLACEMENT_3D('',#4154,#4155,#4156);
#4158=PLANE('',#4157);
#4160=ORIENTED_EDGE('',*,*,#4159,.F.);
#4162=ORIENTED_EDGE('',*,*,#4161,.F.);
#4164=ORIENTED_EDGE('',*,*,#4163,.F.);
#4166=ORIENTED_EDGE('',*,*,#4165,.F.);
#4168=ORIENTED_EDGE('',*,*,#4167,.F.);
#4170=ORIENTED_EDGE('',*,*,#4169,.F.);
#4172=ORIENTED_EDGE('',*,*,#4171,.F.);
#4174=ORIENTED_EDGE('',*,*,#4173,.F.);
#4175=ORIENTED_EDGE('',*,*,#2866,.T.);
#4177=ORIENTED_EDGE('',*,*,#4176,.F.);
#4178=EDGE_LOOP('',(#4160,#4162,#4164,#4166,#4168,#4170,#4172,#4174,#4175,
#4177));
#4179=FACE_OUTER_BOUND('',#4178,.F.);
#4180=ADVANCED_FACE('',(#4179),#4158,.T.);
#4181=CARTESIAN_POINT('',(-8.619037928744E-1,-5.569063257456E-2,2.55E-1));
#4182=DIRECTION('',(-1.E0,0.E0,0.E0));
#4183=DIRECTION('',(0.E0,0.E0,1.E0));
#4184=AXIS2_PLACEMENT_3D('',#4181,#4182,#4183);
#4185=CYLINDRICAL_SURFACE('',#4184,2.5E-1);
#4187=ORIENTED_EDGE('',*,*,#4186,.T.);
#4188=ORIENTED_EDGE('',*,*,#2906,.T.);
#4190=ORIENTED_EDGE('',*,*,#4189,.F.);
#4191=ORIENTED_EDGE('',*,*,#4159,.T.);
#4192=EDGE_LOOP('',(#4187,#4188,#4190,#4191));
#4193=FACE_OUTER_BOUND('',#4192,.F.);
#4194=ADVANCED_FACE('',(#4193),#4185,.T.);
#4195=CARTESIAN_POINT('',(-1.125E0,-3.5E-2,5.05E-1));
#4196=DIRECTION('',(0.E0,0.E0,1.E0));
#4197=DIRECTION('',(0.E0,-1.E0,0.E0));
#4198=AXIS2_PLACEMENT_3D('',#4195,#4196,#4197);
#4199=PLANE('',#4198);
#4200=ORIENTED_EDGE('',*,*,#4186,.F.);
#4201=ORIENTED_EDGE('',*,*,#4176,.T.);
#4202=ORIENTED_EDGE('',*,*,#2864,.F.);
#4203=ORIENTED_EDGE('',*,*,#2908,.F.);
#4204=EDGE_LOOP('',(#4200,#4201,#4202,#4203));
#4205=FACE_OUTER_BOUND('',#4204,.F.);
#4206=ADVANCED_FACE('',(#4205),#4199,.T.);
#4207=CARTESIAN_POINT('',(-1.125E0,5.65E-1,4.05E-1));
#4208=DIRECTION('',(0.E0,1.643989873054E-1,9.863939238321E-1));
#4209=DIRECTION('',(0.E0,-9.863939238321E-1,1.643989873054E-1));
#4210=AXIS2_PLACEMENT_3D('',#4207,#4208,#4209);
#4211=PLANE('',#4210);
#4212=ORIENTED_EDGE('',*,*,#4189,.T.);
#4213=ORIENTED_EDGE('',*,*,#2923,.F.);
#4215=ORIENTED_EDGE('',*,*,#4214,.F.);
#4216=ORIENTED_EDGE('',*,*,#4161,.T.);
#4217=EDGE_LOOP('',(#4212,#4213,#4215,#4216));
#4218=FACE_OUTER_BOUND('',#4217,.F.);
#4219=ADVANCED_FACE('',(#4218),#4211,.T.);
#4220=CARTESIAN_POINT('',(-8.619037928744E-1,4.9E-1,3.414654683713E-1));
#4221=DIRECTION('',(-1.E0,0.E0,0.E0));
#4222=DIRECTION('',(0.E0,1.643989873054E-1,9.863939238321E-1));
#4223=AXIS2_PLACEMENT_3D('',#4220,#4221,#4222);
#4224=CYLINDRICAL_SURFACE('',#4223,7.5E-2);
#4225=ORIENTED_EDGE('',*,*,#2921,.T.);
#4227=ORIENTED_EDGE('',*,*,#4226,.F.);
#4228=ORIENTED_EDGE('',*,*,#4163,.T.);
#4229=ORIENTED_EDGE('',*,*,#4214,.T.);
#4230=EDGE_LOOP('',(#4225,#4227,#4228,#4229));
#4231=FACE_OUTER_BOUND('',#4230,.F.);
#4232=ADVANCED_FACE('',(#4231),#4224,.T.);
#4233=CARTESIAN_POINT('',(-1.125E0,5.65E-1,1.25E-1));
#4234=DIRECTION('',(0.E0,1.E0,0.E0));
#4235=DIRECTION('',(0.E0,0.E0,1.E0));
#4236=AXIS2_PLACEMENT_3D('',#4233,#4234,#4235);
#4237=PLANE('',#4236);
#4238=ORIENTED_EDGE('',*,*,#4226,.T.);
#4239=ORIENTED_EDGE('',*,*,#2919,.F.);
#4241=ORIENTED_EDGE('',*,*,#4240,.F.);
#4242=ORIENTED_EDGE('',*,*,#4165,.T.);
#4243=EDGE_LOOP('',(#4238,#4239,#4241,#4242));
#4244=FACE_OUTER_BOUND('',#4243,.F.);
#4245=ADVANCED_FACE('',(#4244),#4237,.T.);
#4246=CARTESIAN_POINT('',(-8.619037928744E-1,4.9E-1,1.885345316287E-1));
#4247=DIRECTION('',(-1.E0,0.E0,0.E0));
#4248=DIRECTION('',(0.E0,1.E0,0.E0));
#4249=AXIS2_PLACEMENT_3D('',#4246,#4247,#4248);
#4250=CYLINDRICAL_SURFACE('',#4249,7.5E-2);
#4251=ORIENTED_EDGE('',*,*,#2917,.T.);
#4253=ORIENTED_EDGE('',*,*,#4252,.F.);
#4254=ORIENTED_EDGE('',*,*,#4167,.T.);
#4255=ORIENTED_EDGE('',*,*,#4240,.T.);
#4256=EDGE_LOOP('',(#4251,#4253,#4254,#4255));
#4257=FACE_OUTER_BOUND('',#4256,.F.);
#4258=ADVANCED_FACE('',(#4257),#4250,.T.);
#4259=CARTESIAN_POINT('',(-1.125E0,-3.5E-2,2.5E-2));
#4260=DIRECTION('',(0.E0,1.643989873054E-1,-9.863939238321E-1));
#4261=DIRECTION('',(0.E0,9.863939238321E-1,1.643989873054E-1));
#4262=AXIS2_PLACEMENT_3D('',#4259,#4260,#4261);
#4263=PLANE('',#4262);
#4264=ORIENTED_EDGE('',*,*,#4252,.T.);
#4265=ORIENTED_EDGE('',*,*,#2915,.F.);
#4267=ORIENTED_EDGE('',*,*,#4266,.F.);
#4268=ORIENTED_EDGE('',*,*,#4169,.T.);
#4269=EDGE_LOOP('',(#4264,#4265,#4267,#4268));
#4270=FACE_OUTER_BOUND('',#4269,.F.);
#4271=ADVANCED_FACE('',(#4270),#4263,.T.);
#4272=CARTESIAN_POINT('',(-8.619037928744E-1,-5.569063257456E-2,2.75E-1));
#4273=DIRECTION('',(-1.E0,0.E0,0.E0));
#4274=DIRECTION('',(0.E0,1.643989873054E-1,-9.863939238321E-1));
#4275=AXIS2_PLACEMENT_3D('',#4272,#4273,#4274);
#4276=CYLINDRICAL_SURFACE('',#4275,2.5E-1);
#4277=ORIENTED_EDGE('',*,*,#4266,.T.);
#4278=ORIENTED_EDGE('',*,*,#2913,.T.);
#4280=ORIENTED_EDGE('',*,*,#4279,.F.);
#4281=ORIENTED_EDGE('',*,*,#4171,.T.);
#4282=EDGE_LOOP('',(#4277,#4278,#4280,#4281));
#4283=FACE_OUTER_BOUND('',#4282,.F.);
#4284=ADVANCED_FACE('',(#4283),#4276,.T.);
#4285=CARTESIAN_POINT('',(-1.125E0,-2.135E0,2.5E-2));
#4286=DIRECTION('',(0.E0,0.E0,-1.E0));
#4287=DIRECTION('',(0.E0,1.E0,0.E0));
#4288=AXIS2_PLACEMENT_3D('',#4285,#4286,#4287);
#4289=PLANE('',#4288);
#4290=ORIENTED_EDGE('',*,*,#4279,.T.);
#4291=ORIENTED_EDGE('',*,*,#2911,.F.);
#4292=ORIENTED_EDGE('',*,*,#2868,.T.);
#4293=ORIENTED_EDGE('',*,*,#4173,.T.);
#4294=EDGE_LOOP('',(#4290,#4291,#4292,#4293));
#4295=FACE_OUTER_BOUND('',#4294,.F.);
#4296=ADVANCED_FACE('',(#4295),#4289,.T.);
#4297=CARTESIAN_POINT('',(-1.25E-1,0.E0,0.E0));
#4298=DIRECTION('',(1.E0,0.E0,0.E0));
#4299=DIRECTION('',(0.E0,1.E0,0.E0));
#4300=AXIS2_PLACEMENT_3D('',#4297,#4298,#4299);
#4301=PLANE('',#4300);
#4303=ORIENTED_EDGE('',*,*,#4302,.F.);
#4305=ORIENTED_EDGE('',*,*,#4304,.T.);
#4307=ORIENTED_EDGE('',*,*,#4306,.T.);
#4308=ORIENTED_EDGE('',*,*,#4033,.T.);
#4309=ORIENTED_EDGE('',*,*,#2994,.T.);
#4311=ORIENTED_EDGE('',*,*,#4310,.T.);
#4313=ORIENTED_EDGE('',*,*,#4312,.T.);
#4315=ORIENTED_EDGE('',*,*,#4314,.T.);
#4317=ORIENTED_EDGE('',*,*,#4316,.F.);
#4319=ORIENTED_EDGE('',*,*,#4318,.T.);
#4320=EDGE_LOOP('',(#4303,#4305,#4307,#4308,#4309,#4311,#4313,#4315,#4317,
#4319));
#4321=FACE_OUTER_BOUND('',#4320,.F.);
#4322=ADVANCED_FACE('',(#4321),#4301,.F.);
#4323=CARTESIAN_POINT('',(-1.25E-1,0.E0,0.E0));
#4324=DIRECTION('',(1.E0,0.E0,0.E0));
#4325=DIRECTION('',(0.E0,1.E0,0.E0));
#4326=AXIS2_PLACEMENT_3D('',#4323,#4324,#4325);
#4327=PLANE('',#4326);
#4329=ORIENTED_EDGE('',*,*,#4328,.F.);
#4331=ORIENTED_EDGE('',*,*,#4330,.T.);
#4332=ORIENTED_EDGE('',*,*,#2842,.F.);
#4334=ORIENTED_EDGE('',*,*,#4333,.T.);
#4336=ORIENTED_EDGE('',*,*,#4335,.F.);
#4338=ORIENTED_EDGE('',*,*,#4337,.F.);
#4340=ORIENTED_EDGE('',*,*,#4339,.T.);
#4342=ORIENTED_EDGE('',*,*,#4341,.F.);
#4344=ORIENTED_EDGE('',*,*,#4343,.T.);
#4346=ORIENTED_EDGE('',*,*,#4345,.F.);
#4348=ORIENTED_EDGE('',*,*,#4347,.T.);
#4350=ORIENTED_EDGE('',*,*,#4349,.F.);
#4351=EDGE_LOOP('',(#4329,#4331,#4332,#4334,#4336,#4338,#4340,#4342,#4344,#4346,
#4348,#4350));
#4352=FACE_OUTER_BOUND('',#4351,.F.);
#4353=ADVANCED_FACE('',(#4352),#4327,.F.);
#4354=CARTESIAN_POINT('',(0.E0,-3.175E0,-1.6E0));
#4355=DIRECTION('',(0.E0,-7.071067811865E-1,-7.071067811865E-1));
#4356=DIRECTION('',(-1.E0,0.E0,0.E0));
#4357=AXIS2_PLACEMENT_3D('',#4354,#4355,#4356);
#4358=PLANE('',#4357);
#4359=ORIENTED_EDGE('',*,*,#4302,.T.);
#4361=ORIENTED_EDGE('',*,*,#4360,.F.);
#4363=ORIENTED_EDGE('',*,*,#4362,.T.);
#4365=ORIENTED_EDGE('',*,*,#4364,.T.);
#4366=EDGE_LOOP('',(#4359,#4361,#4363,#4365));
#4367=FACE_OUTER_BOUND('',#4366,.F.);
#4368=ADVANCED_FACE('',(#4367),#4358,.T.);
#4369=CARTESIAN_POINT('',(-1.25E-1,-3.225E0,-1.3E0));
#4370=DIRECTION('',(0.E0,-1.E0,0.E0));
#4371=DIRECTION('',(0.E0,0.E0,-1.E0));
#4372=AXIS2_PLACEMENT_3D('',#4369,#4370,#4371);
#4373=PLANE('',#4372);
#4374=ORIENTED_EDGE('',*,*,#4360,.T.);
#4375=ORIENTED_EDGE('',*,*,#4318,.F.);
#4377=ORIENTED_EDGE('',*,*,#4376,.F.);
#4379=ORIENTED_EDGE('',*,*,#4378,.T.);
#4380=EDGE_LOOP('',(#4374,#4375,#4377,#4379));
#4381=FACE_OUTER_BOUND('',#4380,.F.);
#4382=ADVANCED_FACE('',(#4381),#4373,.T.);
#4383=CARTESIAN_POINT('',(0.E0,-3.175E0,-1.35E0));
#4384=DIRECTION('',(0.E0,-7.071067811865E-1,7.071067811865E-1));
#4385=DIRECTION('',(-1.E0,0.E0,0.E0));
#4386=AXIS2_PLACEMENT_3D('',#4383,#4384,#4385);
#4387=PLANE('',#4386);
#4388=ORIENTED_EDGE('',*,*,#4316,.T.);
#4390=ORIENTED_EDGE('',*,*,#4389,.F.);
#4392=ORIENTED_EDGE('',*,*,#4391,.T.);
#4393=ORIENTED_EDGE('',*,*,#4376,.T.);
#4394=EDGE_LOOP('',(#4388,#4390,#4392,#4393));
#4395=FACE_OUTER_BOUND('',#4394,.F.);
#4396=ADVANCED_FACE('',(#4395),#4387,.T.);
#4397=CARTESIAN_POINT('',(-1.25E-1,-2.669974746831E0,-1.3E0));
#4398=DIRECTION('',(0.E0,0.E0,1.E0));
#4399=DIRECTION('',(0.E0,-1.E0,0.E0));
#4400=AXIS2_PLACEMENT_3D('',#4397,#4398,#4399);
#4401=PLANE('',#4400);
#4402=ORIENTED_EDGE('',*,*,#4389,.T.);
#4403=ORIENTED_EDGE('',*,*,#4314,.F.);
#4405=ORIENTED_EDGE('',*,*,#4404,.T.);
#4407=ORIENTED_EDGE('',*,*,#4406,.T.);
#4408=EDGE_LOOP('',(#4402,#4403,#4405,#4407));
#4409=FACE_OUTER_BOUND('',#4408,.F.);
#4410=ADVANCED_FACE('',(#4409),#4401,.T.);
#4411=CARTESIAN_POINT('',(-1.25E-1,-2.535E0,-1.165025253169E0));
#4412=DIRECTION('',(0.E0,-7.071067811865E-1,7.071067811865E-1));
#4413=DIRECTION('',(0.E0,-7.071067811865E-1,-7.071067811865E-1));
#4414=AXIS2_PLACEMENT_3D('',#4411,#4412,#4413);
#4415=PLANE('',#4414);
#4416=ORIENTED_EDGE('',*,*,#4312,.F.);
#4418=ORIENTED_EDGE('',*,*,#4417,.T.);
#4420=ORIENTED_EDGE('',*,*,#4419,.T.);
#4421=ORIENTED_EDGE('',*,*,#4404,.F.);
#4422=EDGE_LOOP('',(#4416,#4418,#4420,#4421));
#4423=FACE_OUTER_BOUND('',#4422,.F.);
#4424=ADVANCED_FACE('',(#4423),#4415,.T.);
#4425=CARTESIAN_POINT('',(-1.25E-1,-2.535E0,1.025E0));
#4426=DIRECTION('',(0.E0,-1.E0,0.E0));
#4427=DIRECTION('',(0.E0,0.E0,-1.E0));
#4428=AXIS2_PLACEMENT_3D('',#4425,#4426,#4427);
#4429=PLANE('',#4428);
#4430=ORIENTED_EDGE('',*,*,#4310,.F.);
#4431=ORIENTED_EDGE('',*,*,#2992,.T.);
#4433=ORIENTED_EDGE('',*,*,#4432,.T.);
#4434=ORIENTED_EDGE('',*,*,#4417,.F.);
#4435=EDGE_LOOP('',(#4430,#4431,#4433,#4434));
#4436=FACE_OUTER_BOUND('',#4435,.F.);
#4437=ADVANCED_FACE('',(#4436),#4429,.T.);
#4438=CARTESIAN_POINT('',(1.25E-1,0.E0,0.E0));
#4439=DIRECTION('',(1.E0,0.E0,0.E0));
#4440=DIRECTION('',(0.E0,1.E0,0.E0));
#4441=AXIS2_PLACEMENT_3D('',#4438,#4439,#4440);
#4442=PLANE('',#4441);
#4443=ORIENTED_EDGE('',*,*,#4362,.F.);
#4444=ORIENTED_EDGE('',*,*,#4378,.F.);
#4445=ORIENTED_EDGE('',*,*,#4391,.F.);
#4446=ORIENTED_EDGE('',*,*,#4406,.F.);
#4447=ORIENTED_EDGE('',*,*,#4419,.F.);
#4448=ORIENTED_EDGE('',*,*,#4432,.F.);
#4449=ORIENTED_EDGE('',*,*,#2990,.F.);
#4450=ORIENTED_EDGE('',*,*,#4037,.F.);
#4452=ORIENTED_EDGE('',*,*,#4451,.F.);
#4454=ORIENTED_EDGE('',*,*,#4453,.F.);
#4455=EDGE_LOOP('',(#4443,#4444,#4445,#4446,#4447,#4448,#4449,#4450,#4452,
#4454));
#4456=FACE_OUTER_BOUND('',#4455,.F.);
#4457=ADVANCED_FACE('',(#4456),#4442,.T.);
#4458=CARTESIAN_POINT('',(1.25E-1,0.E0,0.E0));
#4459=DIRECTION('',(1.E0,0.E0,0.E0));
#4460=DIRECTION('',(0.E0,1.E0,0.E0));
#4461=AXIS2_PLACEMENT_3D('',#4458,#4459,#4460);
#4462=PLANE('',#4461);
#4464=ORIENTED_EDGE('',*,*,#4463,.F.);
#4466=ORIENTED_EDGE('',*,*,#4465,.F.);
#4468=ORIENTED_EDGE('',*,*,#4467,.F.);
#4470=ORIENTED_EDGE('',*,*,#4469,.F.);
#4472=ORIENTED_EDGE('',*,*,#4471,.F.);
#4474=ORIENTED_EDGE('',*,*,#4473,.F.);
#4476=ORIENTED_EDGE('',*,*,#4475,.F.);
#4478=ORIENTED_EDGE('',*,*,#4477,.F.);
#4480=ORIENTED_EDGE('',*,*,#4479,.F.);
#4481=ORIENTED_EDGE('',*,*,#2846,.T.);
#4483=ORIENTED_EDGE('',*,*,#4482,.F.);
#4485=ORIENTED_EDGE('',*,*,#4484,.F.);
#4486=EDGE_LOOP('',(#4464,#4466,#4468,#4470,#4472,#4474,#4476,#4478,#4480,#4481,
#4483,#4485));
#4487=FACE_OUTER_BOUND('',#4486,.F.);
#4488=ADVANCED_FACE('',(#4487),#4462,.T.);
#4489=CARTESIAN_POINT('',(-1.25E-1,-2.525E0,-1.65E0));
#4490=DIRECTION('',(0.E0,7.071067811865E-1,-7.071067811865E-1));
#4491=DIRECTION('',(0.E0,7.071067811865E-1,7.071067811865E-1));
#4492=AXIS2_PLACEMENT_3D('',#4489,#4490,#4491);
#4493=PLANE('',#4492);
#4494=ORIENTED_EDGE('',*,*,#4306,.F.);
#4496=ORIENTED_EDGE('',*,*,#4495,.T.);
#4497=ORIENTED_EDGE('',*,*,#4451,.T.);
#4498=ORIENTED_EDGE('',*,*,#4035,.F.);
#4499=EDGE_LOOP('',(#4494,#4496,#4497,#4498));
#4500=FACE_OUTER_BOUND('',#4499,.F.);
#4501=ADVANCED_FACE('',(#4500),#4493,.T.);
#4502=CARTESIAN_POINT('',(-1.25E-1,-3.225E0,-1.65E0));
#4503=DIRECTION('',(0.E0,0.E0,-1.E0));
#4504=DIRECTION('',(0.E0,1.E0,0.E0));
#4505=AXIS2_PLACEMENT_3D('',#4502,#4503,#4504);
#4506=PLANE('',#4505);
#4507=ORIENTED_EDGE('',*,*,#4364,.F.);
#4508=ORIENTED_EDGE('',*,*,#4453,.T.);
#4509=ORIENTED_EDGE('',*,*,#4495,.F.);
#4510=ORIENTED_EDGE('',*,*,#4304,.F.);
#4511=EDGE_LOOP('',(#4507,#4508,#4509,#4510));
#4512=FACE_OUTER_BOUND('',#4511,.F.);
#4513=ADVANCED_FACE('',(#4512),#4506,.T.);
#4514=CARTESIAN_POINT('',(1.384878640080E-1,-5.569063257456E-2,2.55E-1));
#4515=DIRECTION('',(-1.E0,0.E0,0.E0));
#4516=DIRECTION('',(0.E0,0.E0,1.E0));
#4517=AXIS2_PLACEMENT_3D('',#4514,#4515,#4516);
#4518=CYLINDRICAL_SURFACE('',#4517,2.5E-1);
#4520=ORIENTED_EDGE('',*,*,#4519,.T.);
#4521=ORIENTED_EDGE('',*,*,#4328,.T.);
#4522=ORIENTED_EDGE('',*,*,#4349,.T.);
#4524=ORIENTED_EDGE('',*,*,#4523,.F.);
#4525=ORIENTED_EDGE('',*,*,#4463,.T.);
#4526=ORIENTED_EDGE('',*,*,#4484,.T.);
#4527=EDGE_LOOP('',(#4520,#4521,#4522,#4524,#4525,#4526));
#4528=FACE_OUTER_BOUND('',#4527,.F.);
#4529=ADVANCED_FACE('',(#4528),#4518,.T.);
#4530=CARTESIAN_POINT('',(-1.25E-1,-3.5E-2,5.05E-1));
#4531=DIRECTION('',(0.E0,0.E0,1.E0));
#4532=DIRECTION('',(0.E0,-1.E0,0.E0));
#4533=AXIS2_PLACEMENT_3D('',#4530,#4531,#4532);
#4534=PLANE('',#4533);
#4535=ORIENTED_EDGE('',*,*,#4519,.F.);
#4536=ORIENTED_EDGE('',*,*,#4482,.T.);
#4537=ORIENTED_EDGE('',*,*,#2844,.F.);
#4538=ORIENTED_EDGE('',*,*,#4330,.F.);
#4539=EDGE_LOOP('',(#4535,#4536,#4537,#4538));
#4540=FACE_OUTER_BOUND('',#4539,.F.);
#4541=ADVANCED_FACE('',(#4540),#4534,.T.);
#4542=CARTESIAN_POINT('',(-1.25E-1,5.65E-1,4.05E-1));
#4543=DIRECTION('',(0.E0,1.643989873054E-1,9.863939238321E-1));
#4544=DIRECTION('',(0.E0,-9.863939238321E-1,1.643989873054E-1));
#4545=AXIS2_PLACEMENT_3D('',#4542,#4543,#4544);
#4546=PLANE('',#4545);
#4547=ORIENTED_EDGE('',*,*,#4523,.T.);
#4548=ORIENTED_EDGE('',*,*,#4347,.F.);
#4550=ORIENTED_EDGE('',*,*,#4549,.F.);
#4551=ORIENTED_EDGE('',*,*,#4465,.T.);
#4552=EDGE_LOOP('',(#4547,#4548,#4550,#4551));
#4553=FACE_OUTER_BOUND('',#4552,.F.);
#4554=ADVANCED_FACE('',(#4553),#4546,.T.);
#4555=CARTESIAN_POINT('',(1.384878640080E-1,4.9E-1,3.414654683713E-1));
#4556=DIRECTION('',(-1.E0,0.E0,0.E0));
#4557=DIRECTION('',(0.E0,1.643989873054E-1,9.863939238321E-1));
#4558=AXIS2_PLACEMENT_3D('',#4555,#4556,#4557);
#4559=CYLINDRICAL_SURFACE('',#4558,7.5E-2);
#4560=ORIENTED_EDGE('',*,*,#4345,.T.);
#4562=ORIENTED_EDGE('',*,*,#4561,.F.);
#4563=ORIENTED_EDGE('',*,*,#4467,.T.);
#4564=ORIENTED_EDGE('',*,*,#4549,.T.);
#4565=EDGE_LOOP('',(#4560,#4562,#4563,#4564));
#4566=FACE_OUTER_BOUND('',#4565,.F.);
#4567=ADVANCED_FACE('',(#4566),#4559,.T.);
#4568=CARTESIAN_POINT('',(-1.25E-1,5.65E-1,1.25E-1));
#4569=DIRECTION('',(0.E0,1.E0,0.E0));
#4570=DIRECTION('',(0.E0,0.E0,1.E0));
#4571=AXIS2_PLACEMENT_3D('',#4568,#4569,#4570);
#4572=PLANE('',#4571);
#4573=ORIENTED_EDGE('',*,*,#4561,.T.);
#4574=ORIENTED_EDGE('',*,*,#4343,.F.);
#4576=ORIENTED_EDGE('',*,*,#4575,.F.);
#4577=ORIENTED_EDGE('',*,*,#4469,.T.);
#4578=EDGE_LOOP('',(#4573,#4574,#4576,#4577));
#4579=FACE_OUTER_BOUND('',#4578,.F.);
#4580=ADVANCED_FACE('',(#4579),#4572,.T.);
#4581=CARTESIAN_POINT('',(1.384878640080E-1,4.9E-1,1.885345316287E-1));
#4582=DIRECTION('',(-1.E0,0.E0,0.E0));
#4583=DIRECTION('',(0.E0,1.E0,0.E0));
#4584=AXIS2_PLACEMENT_3D('',#4581,#4582,#4583);
#4585=CYLINDRICAL_SURFACE('',#4584,7.5E-2);
#4586=ORIENTED_EDGE('',*,*,#4341,.T.);
#4588=ORIENTED_EDGE('',*,*,#4587,.F.);
#4589=ORIENTED_EDGE('',*,*,#4471,.T.);
#4590=ORIENTED_EDGE('',*,*,#4575,.T.);
#4591=EDGE_LOOP('',(#4586,#4588,#4589,#4590));
#4592=FACE_OUTER_BOUND('',#4591,.F.);
#4593=ADVANCED_FACE('',(#4592),#4585,.T.);
#4594=CARTESIAN_POINT('',(-1.25E-1,-3.5E-2,2.5E-2));
#4595=DIRECTION('',(0.E0,1.643989873054E-1,-9.863939238321E-1));
#4596=DIRECTION('',(0.E0,9.863939238321E-1,1.643989873054E-1));
#4597=AXIS2_PLACEMENT_3D('',#4594,#4595,#4596);
#4598=PLANE('',#4597);
#4600=ORIENTED_EDGE('',*,*,#4599,.F.);
#4601=ORIENTED_EDGE('',*,*,#4473,.T.);
#4602=ORIENTED_EDGE('',*,*,#4587,.T.);
#4603=ORIENTED_EDGE('',*,*,#4339,.F.);
#4604=EDGE_LOOP('',(#4600,#4601,#4602,#4603));
#4605=FACE_OUTER_BOUND('',#4604,.F.);
#4606=ADVANCED_FACE('',(#4605),#4598,.T.);
#4607=CARTESIAN_POINT('',(1.384878640080E-1,-5.569063257456E-2,2.75E-1));
#4608=DIRECTION('',(-1.E0,0.E0,0.E0));
#4609=DIRECTION('',(0.E0,1.643989873054E-1,-9.863939238321E-1));
#4610=AXIS2_PLACEMENT_3D('',#4607,#4608,#4609);
#4611=CYLINDRICAL_SURFACE('',#4610,2.5E-1);
#4612=ORIENTED_EDGE('',*,*,#4599,.T.);
#4613=ORIENTED_EDGE('',*,*,#4337,.T.);
#4614=ORIENTED_EDGE('',*,*,#4335,.T.);
#4616=ORIENTED_EDGE('',*,*,#4615,.F.);
#4617=ORIENTED_EDGE('',*,*,#4477,.T.);
#4618=ORIENTED_EDGE('',*,*,#4475,.T.);
#4619=EDGE_LOOP('',(#4612,#4613,#4614,#4616,#4617,#4618));
#4620=FACE_OUTER_BOUND('',#4619,.F.);
#4621=ADVANCED_FACE('',(#4620),#4611,.T.);
#4622=CARTESIAN_POINT('',(-1.25E-1,-2.135E0,2.5E-2));
#4623=DIRECTION('',(0.E0,0.E0,-1.E0));
#4624=DIRECTION('',(0.E0,1.E0,0.E0));
#4625=AXIS2_PLACEMENT_3D('',#4622,#4623,#4624);
#4626=PLANE('',#4625);
#4627=ORIENTED_EDGE('',*,*,#4615,.T.);
#4628=ORIENTED_EDGE('',*,*,#4333,.F.);
#4629=ORIENTED_EDGE('',*,*,#2848,.T.);
#4630=ORIENTED_EDGE('',*,*,#4479,.T.);
#4631=EDGE_LOOP('',(#4627,#4628,#4629,#4630));
#4632=FACE_OUTER_BOUND('',#4631,.F.);
#4633=ADVANCED_FACE('',(#4632),#4626,.T.);
#4634=CARTESIAN_POINT('',(8.75E-1,0.E0,0.E0));
#4635=DIRECTION('',(1.E0,0.E0,0.E0));
#4636=DIRECTION('',(0.E0,1.E0,0.E0));
#4637=AXIS2_PLACEMENT_3D('',#4634,#4635,#4636);
#4638=PLANE('',#4637);
#4640=ORIENTED_EDGE('',*,*,#4639,.F.);
#4642=ORIENTED_EDGE('',*,*,#4641,.T.);
#4644=ORIENTED_EDGE('',*,*,#4643,.T.);
#4645=ORIENTED_EDGE('',*,*,#4040,.T.);
#4646=ORIENTED_EDGE('',*,*,#2986,.T.);
#4648=ORIENTED_EDGE('',*,*,#4647,.T.);
#4650=ORIENTED_EDGE('',*,*,#4649,.T.);
#4652=ORIENTED_EDGE('',*,*,#4651,.T.);
#4654=ORIENTED_EDGE('',*,*,#4653,.F.);
#4656=ORIENTED_EDGE('',*,*,#4655,.T.);
#4657=EDGE_LOOP('',(#4640,#4642,#4644,#4645,#4646,#4648,#4650,#4652,#4654,
#4656));
#4658=FACE_OUTER_BOUND('',#4657,.F.);
#4659=ADVANCED_FACE('',(#4658),#4638,.F.);
#4660=CARTESIAN_POINT('',(8.75E-1,0.E0,0.E0));
#4661=DIRECTION('',(1.E0,0.E0,0.E0));
#4662=DIRECTION('',(0.E0,1.E0,0.E0));
#4663=AXIS2_PLACEMENT_3D('',#4660,#4661,#4662);
#4664=PLANE('',#4663);
#4666=ORIENTED_EDGE('',*,*,#4665,.F.);
#4668=ORIENTED_EDGE('',*,*,#4667,.T.);
#4669=ORIENTED_EDGE('',*,*,#2852,.F.);
#4671=ORIENTED_EDGE('',*,*,#4670,.T.);
#4673=ORIENTED_EDGE('',*,*,#4672,.F.);
#4675=ORIENTED_EDGE('',*,*,#4674,.F.);
#4677=ORIENTED_EDGE('',*,*,#4676,.T.);
#4679=ORIENTED_EDGE('',*,*,#4678,.F.);
#4681=ORIENTED_EDGE('',*,*,#4680,.T.);
#4683=ORIENTED_EDGE('',*,*,#4682,.F.);
#4685=ORIENTED_EDGE('',*,*,#4684,.T.);
#4687=ORIENTED_EDGE('',*,*,#4686,.F.);
#4688=EDGE_LOOP('',(#4666,#4668,#4669,#4671,#4673,#4675,#4677,#4679,#4681,#4683,
#4685,#4687));
#4689=FACE_OUTER_BOUND('',#4688,.F.);
#4690=ADVANCED_FACE('',(#4689),#4664,.F.);
#4691=CARTESIAN_POINT('',(1.E0,-3.175E0,-1.6E0));
#4692=DIRECTION('',(0.E0,-7.071067811865E-1,-7.071067811865E-1));
#4693=DIRECTION('',(-1.E0,0.E0,0.E0));
#4694=AXIS2_PLACEMENT_3D('',#4691,#4692,#4693);
#4695=PLANE('',#4694);
#4696=ORIENTED_EDGE('',*,*,#4639,.T.);
#4698=ORIENTED_EDGE('',*,*,#4697,.F.);
#4700=ORIENTED_EDGE('',*,*,#4699,.T.);
#4702=ORIENTED_EDGE('',*,*,#4701,.T.);
#4703=EDGE_LOOP('',(#4696,#4698,#4700,#4702));
#4704=FACE_OUTER_BOUND('',#4703,.F.);
#4705=ADVANCED_FACE('',(#4704),#4695,.T.);
#4706=CARTESIAN_POINT('',(8.75E-1,-3.225E0,-1.3E0));
#4707=DIRECTION('',(0.E0,-1.E0,0.E0));
#4708=DIRECTION('',(0.E0,0.E0,-1.E0));
#4709=AXIS2_PLACEMENT_3D('',#4706,#4707,#4708);
#4710=PLANE('',#4709);
#4711=ORIENTED_EDGE('',*,*,#4697,.T.);
#4712=ORIENTED_EDGE('',*,*,#4655,.F.);
#4714=ORIENTED_EDGE('',*,*,#4713,.F.);
#4716=ORIENTED_EDGE('',*,*,#4715,.T.);
#4717=EDGE_LOOP('',(#4711,#4712,#4714,#4716));
#4718=FACE_OUTER_BOUND('',#4717,.F.);
#4719=ADVANCED_FACE('',(#4718),#4710,.T.);
#4720=CARTESIAN_POINT('',(1.E0,-3.175E0,-1.35E0));
#4721=DIRECTION('',(0.E0,-7.071067811865E-1,7.071067811865E-1));
#4722=DIRECTION('',(-1.E0,0.E0,0.E0));
#4723=AXIS2_PLACEMENT_3D('',#4720,#4721,#4722);
#4724=PLANE('',#4723);
#4725=ORIENTED_EDGE('',*,*,#4653,.T.);
#4727=ORIENTED_EDGE('',*,*,#4726,.F.);
#4729=ORIENTED_EDGE('',*,*,#4728,.T.);
#4730=ORIENTED_EDGE('',*,*,#4713,.T.);
#4731=EDGE_LOOP('',(#4725,#4727,#4729,#4730));
#4732=FACE_OUTER_BOUND('',#4731,.F.);
#4733=ADVANCED_FACE('',(#4732),#4724,.T.);
#4734=CARTESIAN_POINT('',(8.75E-1,-2.669974746831E0,-1.3E0));
#4735=DIRECTION('',(0.E0,0.E0,1.E0));
#4736=DIRECTION('',(0.E0,-1.E0,0.E0));
#4737=AXIS2_PLACEMENT_3D('',#4734,#4735,#4736);
#4738=PLANE('',#4737);
#4739=ORIENTED_EDGE('',*,*,#4726,.T.);
#4740=ORIENTED_EDGE('',*,*,#4651,.F.);
#4742=ORIENTED_EDGE('',*,*,#4741,.T.);
#4744=ORIENTED_EDGE('',*,*,#4743,.T.);
#4745=EDGE_LOOP('',(#4739,#4740,#4742,#4744));
#4746=FACE_OUTER_BOUND('',#4745,.F.);
#4747=ADVANCED_FACE('',(#4746),#4738,.T.);
#4748=CARTESIAN_POINT('',(8.75E-1,-2.535E0,-1.165025253169E0));
#4749=DIRECTION('',(0.E0,-7.071067811865E-1,7.071067811865E-1));
#4750=DIRECTION('',(0.E0,-7.071067811865E-1,-7.071067811865E-1));
#4751=AXIS2_PLACEMENT_3D('',#4748,#4749,#4750);
#4752=PLANE('',#4751);
#4753=ORIENTED_EDGE('',*,*,#4649,.F.);
#4755=ORIENTED_EDGE('',*,*,#4754,.T.);
#4757=ORIENTED_EDGE('',*,*,#4756,.T.);
#4758=ORIENTED_EDGE('',*,*,#4741,.F.);
#4759=EDGE_LOOP('',(#4753,#4755,#4757,#4758));
#4760=FACE_OUTER_BOUND('',#4759,.F.);
#4761=ADVANCED_FACE('',(#4760),#4752,.T.);
#4762=CARTESIAN_POINT('',(8.75E-1,-2.535E0,1.025E0));
#4763=DIRECTION('',(0.E0,-1.E0,0.E0));
#4764=DIRECTION('',(0.E0,0.E0,-1.E0));
#4765=AXIS2_PLACEMENT_3D('',#4762,#4763,#4764);
#4766=PLANE('',#4765);
#4767=ORIENTED_EDGE('',*,*,#4647,.F.);
#4768=ORIENTED_EDGE('',*,*,#2984,.T.);
#4770=ORIENTED_EDGE('',*,*,#4769,.T.);
#4771=ORIENTED_EDGE('',*,*,#4754,.F.);
#4772=EDGE_LOOP('',(#4767,#4768,#4770,#4771));
#4773=FACE_OUTER_BOUND('',#4772,.F.);
#4774=ADVANCED_FACE('',(#4773),#4766,.T.);
#4775=CARTESIAN_POINT('',(1.125E0,0.E0,0.E0));
#4776=DIRECTION('',(1.E0,0.E0,0.E0));
#4777=DIRECTION('',(0.E0,1.E0,0.E0));
#4778=AXIS2_PLACEMENT_3D('',#4775,#4776,#4777);
#4779=PLANE('',#4778);
#4780=ORIENTED_EDGE('',*,*,#4699,.F.);
#4781=ORIENTED_EDGE('',*,*,#4715,.F.);
#4782=ORIENTED_EDGE('',*,*,#4728,.F.);
#4783=ORIENTED_EDGE('',*,*,#4743,.F.);
#4784=ORIENTED_EDGE('',*,*,#4756,.F.);
#4785=ORIENTED_EDGE('',*,*,#4769,.F.);
#4786=ORIENTED_EDGE('',*,*,#2982,.F.);
#4787=ORIENTED_EDGE('',*,*,#4044,.F.);
#4789=ORIENTED_EDGE('',*,*,#4788,.F.);
#4791=ORIENTED_EDGE('',*,*,#4790,.F.);
#4792=EDGE_LOOP('',(#4780,#4781,#4782,#4783,#4784,#4785,#4786,#4787,#4789,
#4791));
#4793=FACE_OUTER_BOUND('',#4792,.F.);
#4794=ADVANCED_FACE('',(#4793),#4779,.T.);
#4795=CARTESIAN_POINT('',(1.125E0,0.E0,0.E0));
#4796=DIRECTION('',(1.E0,0.E0,0.E0));
#4797=DIRECTION('',(0.E0,1.E0,0.E0));
#4798=AXIS2_PLACEMENT_3D('',#4795,#4796,#4797);
#4799=PLANE('',#4798);
#4801=ORIENTED_EDGE('',*,*,#4800,.F.);
#4803=ORIENTED_EDGE('',*,*,#4802,.F.);
#4805=ORIENTED_EDGE('',*,*,#4804,.F.);
#4807=ORIENTED_EDGE('',*,*,#4806,.F.);
#4809=ORIENTED_EDGE('',*,*,#4808,.F.);
#4811=ORIENTED_EDGE('',*,*,#4810,.F.);
#4813=ORIENTED_EDGE('',*,*,#4812,.F.);
#4815=ORIENTED_EDGE('',*,*,#4814,.F.);
#4817=ORIENTED_EDGE('',*,*,#4816,.F.);
#4818=ORIENTED_EDGE('',*,*,#2856,.T.);
#4820=ORIENTED_EDGE('',*,*,#4819,.F.);
#4822=ORIENTED_EDGE('',*,*,#4821,.F.);
#4823=EDGE_LOOP('',(#4801,#4803,#4805,#4807,#4809,#4811,#4813,#4815,#4817,#4818,
#4820,#4822));
#4824=FACE_OUTER_BOUND('',#4823,.F.);
#4825=ADVANCED_FACE('',(#4824),#4799,.T.);
#4826=CARTESIAN_POINT('',(8.75E-1,-2.525E0,-1.65E0));
#4827=DIRECTION('',(0.E0,7.071067811865E-1,-7.071067811865E-1));
#4828=DIRECTION('',(0.E0,7.071067811865E-1,7.071067811865E-1));
#4829=AXIS2_PLACEMENT_3D('',#4826,#4827,#4828);
#4830=PLANE('',#4829);
#4831=ORIENTED_EDGE('',*,*,#4643,.F.);
#4833=ORIENTED_EDGE('',*,*,#4832,.T.);
#4834=ORIENTED_EDGE('',*,*,#4788,.T.);
#4835=ORIENTED_EDGE('',*,*,#4042,.F.);
#4836=EDGE_LOOP('',(#4831,#4833,#4834,#4835));
#4837=FACE_OUTER_BOUND('',#4836,.F.);
#4838=ADVANCED_FACE('',(#4837),#4830,.T.);
#4839=CARTESIAN_POINT('',(8.75E-1,-3.225E0,-1.65E0));
#4840=DIRECTION('',(0.E0,0.E0,-1.E0));
#4841=DIRECTION('',(0.E0,1.E0,0.E0));
#4842=AXIS2_PLACEMENT_3D('',#4839,#4840,#4841);
#4843=PLANE('',#4842);
#4844=ORIENTED_EDGE('',*,*,#4701,.F.);
#4845=ORIENTED_EDGE('',*,*,#4790,.T.);
#4846=ORIENTED_EDGE('',*,*,#4832,.F.);
#4847=ORIENTED_EDGE('',*,*,#4641,.F.);
#4848=EDGE_LOOP('',(#4844,#4845,#4846,#4847));
#4849=FACE_OUTER_BOUND('',#4848,.F.);
#4850=ADVANCED_FACE('',(#4849),#4843,.T.);
#4851=CARTESIAN_POINT('',(1.138487864008E0,-5.569063257456E-2,2.55E-1));
#4852=DIRECTION('',(-1.E0,0.E0,0.E0));
#4853=DIRECTION('',(0.E0,0.E0,1.E0));
#4854=AXIS2_PLACEMENT_3D('',#4851,#4852,#4853);
#4855=CYLINDRICAL_SURFACE('',#4854,2.5E-1);
#4857=ORIENTED_EDGE('',*,*,#4856,.T.);
#4858=ORIENTED_EDGE('',*,*,#4665,.T.);
#4859=ORIENTED_EDGE('',*,*,#4686,.T.);
#4861=ORIENTED_EDGE('',*,*,#4860,.F.);
#4862=ORIENTED_EDGE('',*,*,#4800,.T.);
#4863=ORIENTED_EDGE('',*,*,#4821,.T.);
#4864=EDGE_LOOP('',(#4857,#4858,#4859,#4861,#4862,#4863));
#4865=FACE_OUTER_BOUND('',#4864,.F.);
#4866=ADVANCED_FACE('',(#4865),#4855,.T.);
#4867=CARTESIAN_POINT('',(8.75E-1,-3.5E-2,5.05E-1));
#4868=DIRECTION('',(0.E0,0.E0,1.E0));
#4869=DIRECTION('',(0.E0,-1.E0,0.E0));
#4870=AXIS2_PLACEMENT_3D('',#4867,#4868,#4869);
#4871=PLANE('',#4870);
#4872=ORIENTED_EDGE('',*,*,#4856,.F.);
#4873=ORIENTED_EDGE('',*,*,#4819,.T.);
#4874=ORIENTED_EDGE('',*,*,#2854,.F.);
#4875=ORIENTED_EDGE('',*,*,#4667,.F.);
#4876=EDGE_LOOP('',(#4872,#4873,#4874,#4875));
#4877=FACE_OUTER_BOUND('',#4876,.F.);
#4878=ADVANCED_FACE('',(#4877),#4871,.T.);
#4879=CARTESIAN_POINT('',(8.75E-1,5.65E-1,4.05E-1));
#4880=DIRECTION('',(0.E0,1.643989873054E-1,9.863939238321E-1));
#4881=DIRECTION('',(0.E0,-9.863939238321E-1,1.643989873054E-1));
#4882=AXIS2_PLACEMENT_3D('',#4879,#4880,#4881);
#4883=PLANE('',#4882);
#4884=ORIENTED_EDGE('',*,*,#4860,.T.);
#4885=ORIENTED_EDGE('',*,*,#4684,.F.);
#4887=ORIENTED_EDGE('',*,*,#4886,.F.);
#4888=ORIENTED_EDGE('',*,*,#4802,.T.);
#4889=EDGE_LOOP('',(#4884,#4885,#4887,#4888));
#4890=FACE_OUTER_BOUND('',#4889,.F.);
#4891=ADVANCED_FACE('',(#4890),#4883,.T.);
#4892=CARTESIAN_POINT('',(1.138487864008E0,4.9E-1,3.414654683713E-1));
#4893=DIRECTION('',(-1.E0,0.E0,0.E0));
#4894=DIRECTION('',(0.E0,1.643989873054E-1,9.863939238321E-1));
#4895=AXIS2_PLACEMENT_3D('',#4892,#4893,#4894);
#4896=CYLINDRICAL_SURFACE('',#4895,7.5E-2);
#4897=ORIENTED_EDGE('',*,*,#4682,.T.);
#4899=ORIENTED_EDGE('',*,*,#4898,.F.);
#4900=ORIENTED_EDGE('',*,*,#4804,.T.);
#4901=ORIENTED_EDGE('',*,*,#4886,.T.);
#4902=EDGE_LOOP('',(#4897,#4899,#4900,#4901));
#4903=FACE_OUTER_BOUND('',#4902,.F.);
#4904=ADVANCED_FACE('',(#4903),#4896,.T.);
#4905=CARTESIAN_POINT('',(8.75E-1,5.65E-1,1.25E-1));
#4906=DIRECTION('',(0.E0,1.E0,0.E0));
#4907=DIRECTION('',(0.E0,0.E0,1.E0));
#4908=AXIS2_PLACEMENT_3D('',#4905,#4906,#4907);
#4909=PLANE('',#4908);
#4910=ORIENTED_EDGE('',*,*,#4898,.T.);
#4911=ORIENTED_EDGE('',*,*,#4680,.F.);
#4913=ORIENTED_EDGE('',*,*,#4912,.F.);
#4914=ORIENTED_EDGE('',*,*,#4806,.T.);
#4915=EDGE_LOOP('',(#4910,#4911,#4913,#4914));
#4916=FACE_OUTER_BOUND('',#4915,.F.);
#4917=ADVANCED_FACE('',(#4916),#4909,.T.);
#4918=CARTESIAN_POINT('',(1.138487864008E0,4.9E-1,1.885345316287E-1));
#4919=DIRECTION('',(-1.E0,0.E0,0.E0));
#4920=DIRECTION('',(0.E0,1.E0,0.E0));
#4921=AXIS2_PLACEMENT_3D('',#4918,#4919,#4920);
#4922=CYLINDRICAL_SURFACE('',#4921,7.5E-2);
#4923=ORIENTED_EDGE('',*,*,#4678,.T.);
#4925=ORIENTED_EDGE('',*,*,#4924,.F.);
#4926=ORIENTED_EDGE('',*,*,#4808,.T.);
#4927=ORIENTED_EDGE('',*,*,#4912,.T.);
#4928=EDGE_LOOP('',(#4923,#4925,#4926,#4927));
#4929=FACE_OUTER_BOUND('',#4928,.F.);
#4930=ADVANCED_FACE('',(#4929),#4922,.T.);
#4931=CARTESIAN_POINT('',(8.75E-1,-3.5E-2,2.5E-2));
#4932=DIRECTION('',(0.E0,1.643989873054E-1,-9.863939238321E-1));
#4933=DIRECTION('',(0.E0,9.863939238321E-1,1.643989873054E-1));
#4934=AXIS2_PLACEMENT_3D('',#4931,#4932,#4933);
#4935=PLANE('',#4934);
#4937=ORIENTED_EDGE('',*,*,#4936,.F.);
#4938=ORIENTED_EDGE('',*,*,#4810,.T.);
#4939=ORIENTED_EDGE('',*,*,#4924,.T.);
#4940=ORIENTED_EDGE('',*,*,#4676,.F.);
#4941=EDGE_LOOP('',(#4937,#4938,#4939,#4940));
#4942=FACE_OUTER_BOUND('',#4941,.F.);
#4943=ADVANCED_FACE('',(#4942),#4935,.T.);
#4944=CARTESIAN_POINT('',(1.138487864008E0,-5.569063257456E-2,2.75E-1));
#4945=DIRECTION('',(-1.E0,0.E0,0.E0));
#4946=DIRECTION('',(0.E0,1.643989873054E-1,-9.863939238321E-1));
#4947=AXIS2_PLACEMENT_3D('',#4944,#4945,#4946);
#4948=CYLINDRICAL_SURFACE('',#4947,2.5E-1);
#4949=ORIENTED_EDGE('',*,*,#4936,.T.);
#4950=ORIENTED_EDGE('',*,*,#4674,.T.);
#4951=ORIENTED_EDGE('',*,*,#4672,.T.);
#4953=ORIENTED_EDGE('',*,*,#4952,.F.);
#4954=ORIENTED_EDGE('',*,*,#4814,.T.);
#4955=ORIENTED_EDGE('',*,*,#4812,.T.);
#4956=EDGE_LOOP('',(#4949,#4950,#4951,#4953,#4954,#4955));
#4957=FACE_OUTER_BOUND('',#4956,.F.);
#4958=ADVANCED_FACE('',(#4957),#4948,.T.);
#4959=CARTESIAN_POINT('',(8.75E-1,-2.135E0,2.5E-2));
#4960=DIRECTION('',(0.E0,0.E0,-1.E0));
#4961=DIRECTION('',(0.E0,1.E0,0.E0));
#4962=AXIS2_PLACEMENT_3D('',#4959,#4960,#4961);
#4963=PLANE('',#4962);
#4964=ORIENTED_EDGE('',*,*,#4952,.T.);
#4965=ORIENTED_EDGE('',*,*,#4670,.F.);
#4966=ORIENTED_EDGE('',*,*,#2858,.T.);
#4967=ORIENTED_EDGE('',*,*,#4816,.T.);
#4968=EDGE_LOOP('',(#4964,#4965,#4966,#4967));
#4969=FACE_OUTER_BOUND('',#4968,.F.);
#4970=ADVANCED_FACE('',(#4969),#4963,.T.);
#4971=CARTESIAN_POINT('',(-2.5E0,1.475E0,-1.45E0));
#4972=DIRECTION('',(0.E0,-1.E0,0.E0));
#4973=DIRECTION('',(0.E0,0.E0,1.E0));
#4974=AXIS2_PLACEMENT_3D('',#4971,#4972,#4973);
#4975=PLANE('',#4974);
#4976=ORIENTED_EDGE('',*,*,#3872,.T.);
#4978=ORIENTED_EDGE('',*,*,#4977,.F.);
#4979=ORIENTED_EDGE('',*,*,#3934,.F.);
#4980=ORIENTED_EDGE('',*,*,#3784,.T.);
#4981=EDGE_LOOP('',(#4976,#4978,#4979,#4980));
#4982=FACE_OUTER_BOUND('',#4981,.F.);
#4983=ADVANCED_FACE('',(#4982),#4975,.F.);
#4984=CARTESIAN_POINT('',(-2.5E0,1.475E0,-1.45E0));
#4985=DIRECTION('',(0.E0,-1.E0,0.E0));
#4986=DIRECTION('',(0.E0,0.E0,1.E0));
#4987=AXIS2_PLACEMENT_3D('',#4984,#4985,#4986);
#4988=PLANE('',#4987);
#4990=ORIENTED_EDGE('',*,*,#4989,.F.);
#4991=ORIENTED_EDGE('',*,*,#3776,.T.);
#4993=ORIENTED_EDGE('',*,*,#4992,.T.);
#4995=ORIENTED_EDGE('',*,*,#4994,.F.);
#4996=EDGE_LOOP('',(#4990,#4991,#4993,#4995));
#4997=FACE_OUTER_BOUND('',#4996,.F.);
#4998=ADVANCED_FACE('',(#4997),#4988,.F.);
#4999=CARTESIAN_POINT('',(-2.5E0,1.475E0,-4.3E-1));
#5000=DIRECTION('',(0.E0,0.E0,1.E0));
#5001=DIRECTION('',(0.E0,1.E0,0.E0));
#5002=AXIS2_PLACEMENT_3D('',#4999,#5000,#5001);
#5003=PLANE('',#5002);
#5004=ORIENTED_EDGE('',*,*,#3870,.T.);
#5005=ORIENTED_EDGE('',*,*,#3899,.F.);
#5006=ORIENTED_EDGE('',*,*,#3936,.F.);
#5007=ORIENTED_EDGE('',*,*,#4977,.T.);
#5008=EDGE_LOOP('',(#5004,#5005,#5006,#5007));
#5009=FACE_OUTER_BOUND('',#5008,.F.);
#5010=ADVANCED_FACE('',(#5009),#5003,.F.);
#5011=CARTESIAN_POINT('',(-2.5E0,1.475E0,-4.3E-1));
#5012=DIRECTION('',(0.E0,0.E0,1.E0));
#5013=DIRECTION('',(0.E0,1.E0,0.E0));
#5014=AXIS2_PLACEMENT_3D('',#5011,#5012,#5013);
#5015=PLANE('',#5014);
#5017=ORIENTED_EDGE('',*,*,#5016,.F.);
#5018=ORIENTED_EDGE('',*,*,#4994,.T.);
#5020=ORIENTED_EDGE('',*,*,#5019,.F.);
#5021=ORIENTED_EDGE('',*,*,#3911,.F.);
#5022=EDGE_LOOP('',(#5017,#5018,#5020,#5021));
#5023=FACE_OUTER_BOUND('',#5022,.F.);
#5024=ADVANCED_FACE('',(#5023),#5015,.F.);
#5025=CARTESIAN_POINT('',(-2.05E0,2.675E0,0.E0));
#5026=DIRECTION('',(1.E0,0.E0,0.E0));
#5027=DIRECTION('',(0.E0,1.E0,0.E0));
#5028=AXIS2_PLACEMENT_3D('',#5025,#5026,#5027);
#5029=PLANE('',#5028);
#5030=ORIENTED_EDGE('',*,*,#3852,.F.);
#5032=ORIENTED_EDGE('',*,*,#5031,.F.);
#5034=ORIENTED_EDGE('',*,*,#5033,.F.);
#5036=ORIENTED_EDGE('',*,*,#5035,.F.);
#5038=ORIENTED_EDGE('',*,*,#5037,.F.);
#5040=ORIENTED_EDGE('',*,*,#5039,.F.);
#5042=ORIENTED_EDGE('',*,*,#5041,.F.);
#5043=ORIENTED_EDGE('',*,*,#3778,.T.);
#5044=ORIENTED_EDGE('',*,*,#4989,.T.);
#5045=ORIENTED_EDGE('',*,*,#5016,.T.);
#5046=ORIENTED_EDGE('',*,*,#3909,.T.);
#5047=EDGE_LOOP('',(#5030,#5032,#5034,#5036,#5038,#5040,#5042,#5043,#5044,#5045,
#5046));
#5048=FACE_OUTER_BOUND('',#5047,.F.);
#5049=ADVANCED_FACE('',(#5048),#5029,.T.);
#5050=CARTESIAN_POINT('',(-2.25E0,2.375E0,2.E-2));
#5051=DIRECTION('',(0.E0,0.E0,1.E0));
#5052=DIRECTION('',(0.E0,-1.E0,0.E0));
#5053=AXIS2_PLACEMENT_3D('',#5050,#5051,#5052);
#5054=PLANE('',#5053);
#5055=ORIENTED_EDGE('',*,*,#3885,.F.);
#5057=ORIENTED_EDGE('',*,*,#5056,.T.);
#5058=ORIENTED_EDGE('',*,*,#5031,.T.);
#5059=ORIENTED_EDGE('',*,*,#3827,.F.);
#5060=EDGE_LOOP('',(#5055,#5057,#5058,#5059));
#5061=FACE_OUTER_BOUND('',#5060,.F.);
#5062=ADVANCED_FACE('',(#5061),#5054,.T.);
#5063=CARTESIAN_POINT('',(-2.25E0,2.375E0,-1.38E0));
#5064=DIRECTION('',(0.E0,1.E0,0.E0));
#5065=DIRECTION('',(0.E0,0.E0,1.E0));
#5066=AXIS2_PLACEMENT_3D('',#5063,#5064,#5065);
#5067=PLANE('',#5066);
#5068=ORIENTED_EDGE('',*,*,#3883,.F.);
#5070=ORIENTED_EDGE('',*,*,#5069,.T.);
#5071=ORIENTED_EDGE('',*,*,#5033,.T.);
#5072=ORIENTED_EDGE('',*,*,#5056,.F.);
#5073=EDGE_LOOP('',(#5068,#5070,#5071,#5072));
#5074=FACE_OUTER_BOUND('',#5073,.F.);
#5075=ADVANCED_FACE('',(#5074),#5067,.T.);
#5076=CARTESIAN_POINT('',(-2.25E0,1.725E0,-1.38E0));
#5077=DIRECTION('',(0.E0,0.E0,-1.E0));
#5078=DIRECTION('',(0.E0,1.E0,0.E0));
#5079=AXIS2_PLACEMENT_3D('',#5076,#5077,#5078);
#5080=PLANE('',#5079);
#5081=ORIENTED_EDGE('',*,*,#3881,.F.);
#5083=ORIENTED_EDGE('',*,*,#5082,.T.);
#5084=ORIENTED_EDGE('',*,*,#5035,.T.);
#5085=ORIENTED_EDGE('',*,*,#5069,.F.);
#5086=EDGE_LOOP('',(#5081,#5083,#5084,#5085));
#5087=FACE_OUTER_BOUND('',#5086,.F.);
#5088=ADVANCED_FACE('',(#5087),#5080,.T.);
#5089=CARTESIAN_POINT('',(-2.25E0,1.725E0,-1.65E0));
#5090=DIRECTION('',(0.E0,1.E0,0.E0));
#5091=DIRECTION('',(0.E0,0.E0,1.E0));
#5092=AXIS2_PLACEMENT_3D('',#5089,#5090,#5091);
#5093=PLANE('',#5092);
#5094=ORIENTED_EDGE('',*,*,#3879,.F.);
#5096=ORIENTED_EDGE('',*,*,#5095,.T.);
#5097=ORIENTED_EDGE('',*,*,#5037,.T.);
#5098=ORIENTED_EDGE('',*,*,#5082,.F.);
#5099=EDGE_LOOP('',(#5094,#5096,#5097,#5098));
#5100=FACE_OUTER_BOUND('',#5099,.F.);
#5101=ADVANCED_FACE('',(#5100),#5093,.T.);
#5102=CARTESIAN_POINT('',(-2.25E0,4.25E-1,-1.65E0));
#5103=DIRECTION('',(0.E0,0.E0,-1.E0));
#5104=DIRECTION('',(0.E0,1.E0,0.E0));
#5105=AXIS2_PLACEMENT_3D('',#5102,#5103,#5104);
#5106=PLANE('',#5105);
#5107=ORIENTED_EDGE('',*,*,#3877,.F.);
#5109=ORIENTED_EDGE('',*,*,#5108,.T.);
#5110=ORIENTED_EDGE('',*,*,#5039,.T.);
#5111=ORIENTED_EDGE('',*,*,#5095,.F.);
#5112=EDGE_LOOP('',(#5107,#5109,#5110,#5111));
#5113=FACE_OUTER_BOUND('',#5112,.F.);
#5114=ADVANCED_FACE('',(#5113),#5106,.T.);
#5115=CARTESIAN_POINT('',(-2.25E0,4.25E-1,2.E-2));
#5116=DIRECTION('',(0.E0,-1.E0,0.E0));
#5117=DIRECTION('',(0.E0,0.E0,-1.E0));
#5118=AXIS2_PLACEMENT_3D('',#5115,#5116,#5117);
#5119=PLANE('',#5118);
#5120=ORIENTED_EDGE('',*,*,#3780,.T.);
#5121=ORIENTED_EDGE('',*,*,#5041,.T.);
#5122=ORIENTED_EDGE('',*,*,#5108,.F.);
#5123=ORIENTED_EDGE('',*,*,#3875,.F.);
#5124=EDGE_LOOP('',(#5120,#5121,#5122,#5123));
#5125=FACE_OUTER_BOUND('',#5124,.F.);
#5126=ADVANCED_FACE('',(#5125),#5119,.T.);
#5127=CARTESIAN_POINT('',(-2.04E0,-2.675E0,0.E0));
#5128=DIRECTION('',(-1.E0,0.E0,0.E0));
#5129=DIRECTION('',(0.E0,-1.E0,0.E0));
#5130=AXIS2_PLACEMENT_3D('',#5127,#5128,#5129);
#5131=PLANE('',#5130);
#5132=ORIENTED_EDGE('',*,*,#3774,.F.);
#5134=ORIENTED_EDGE('',*,*,#5133,.T.);
#5135=ORIENTED_EDGE('',*,*,#3856,.F.);
#5136=ORIENTED_EDGE('',*,*,#3913,.T.);
#5137=ORIENTED_EDGE('',*,*,#5019,.T.);
#5138=ORIENTED_EDGE('',*,*,#4992,.F.);
#5139=EDGE_LOOP('',(#5132,#5134,#5135,#5136,#5137,#5138));
#5140=FACE_OUTER_BOUND('',#5139,.F.);
#5141=ADVANCED_FACE('',(#5140),#5131,.T.);
#5142=CARTESIAN_POINT('',(0.E0,2.325E0,0.E0));
#5143=DIRECTION('',(0.E0,1.E0,0.E0));
#5144=DIRECTION('',(-1.E0,0.E0,0.E0));
#5145=AXIS2_PLACEMENT_3D('',#5142,#5143,#5144);
#5146=PLANE('',#5145);
#5147=ORIENTED_EDGE('',*,*,#5133,.F.);
#5148=ORIENTED_EDGE('',*,*,#3772,.T.);
#5150=ORIENTED_EDGE('',*,*,#5149,.T.);
#5151=ORIENTED_EDGE('',*,*,#3816,.T.);
#5152=EDGE_LOOP('',(#5147,#5148,#5150,#5151));
#5153=FACE_OUTER_BOUND('',#5152,.F.);
#5154=ADVANCED_FACE('',(#5153),#5146,.T.);
#5155=CARTESIAN_POINT('',(-1.9975E0,2.3625E0,-6.15E-1));
#5156=DIRECTION('',(-7.071067811865E-1,7.071067811865E-1,0.E0));
#5157=DIRECTION('',(0.E0,0.E0,-1.E0));
#5158=AXIS2_PLACEMENT_3D('',#5155,#5156,#5157);
#5159=PLANE('',#5158);
#5160=ORIENTED_EDGE('',*,*,#3800,.T.);
#5161=ORIENTED_EDGE('',*,*,#3818,.T.);
#5162=ORIENTED_EDGE('',*,*,#5149,.F.);
#5163=ORIENTED_EDGE('',*,*,#3770,.T.);
#5164=EDGE_LOOP('',(#5160,#5161,#5162,#5163));
#5165=FACE_OUTER_BOUND('',#5164,.F.);
#5166=ADVANCED_FACE('',(#5165),#5159,.T.);
#5167=CARTESIAN_POINT('',(-2.5E0,2.675E0,2.2E-1));
#5168=DIRECTION('',(0.E0,0.E0,1.E0));
#5169=DIRECTION('',(1.E0,0.E0,0.E0));
#5170=AXIS2_PLACEMENT_3D('',#5167,#5168,#5169);
#5171=PLANE('',#5170);
#5172=ORIENTED_EDGE('',*,*,#3821,.F.);
#5173=ORIENTED_EDGE('',*,*,#3804,.F.);
#5174=ORIENTED_EDGE('',*,*,#3101,.F.);
#5175=ORIENTED_EDGE('',*,*,#3941,.T.);
#5176=EDGE_LOOP('',(#5172,#5173,#5174,#5175));
#5177=FACE_OUTER_BOUND('',#5176,.F.);
#5178=ADVANCED_FACE('',(#5177),#5171,.F.);
#5179=CLOSED_SHELL('',(#2521,#2538,#2552,#2592,#2607,#2621,#2635,#2649,#2663,
#2677,#2691,#2704,#2738,#2753,#2773,#2788,#2802,#2821,#2872,#2900,#2927,#2942,
#2956,#2970,#3011,#3024,#3059,#3073,#3086,#3137,#3151,#3165,#3179,#3192,#3206,
#3220,#3233,#3246,#3265,#3281,#3296,#3311,#3323,#3335,#3349,#3371,#3386,#3415,
#3429,#3457,#3470,#3484,#3497,#3511,#3524,#3538,#3551,#3565,#3593,#3606,#3619,
#3632,#3644,#3659,#3672,#3685,#3698,#3712,#3726,#3760,#3792,#3808,#3831,#3846,
#3861,#3889,#3903,#3918,#3950,#3966,#3978,#3993,#4005,#4017,#4050,#4066,#4080,
#4094,#4108,#4122,#4135,#4153,#4180,#4194,#4206,#4219,#4232,#4245,#4258,#4271,
#4284,#4296,#4322,#4353,#4368,#4382,#4396,#4410,#4424,#4437,#4457,#4488,#4501,
#4513,#4529,#4541,#4554,#4567,#4580,#4593,#4606,#4621,#4633,#4659,#4690,#4705,
#4719,#4733,#4747,#4761,#4774,#4794,#4825,#4838,#4850,#4866,#4878,#4891,#4904,
#4917,#4930,#4943,#4958,#4970,#4983,#4998,#5010,#5024,#5049,#5062,#5075,#5088,
#5101,#5114,#5126,#5141,#5154,#5166,#5178));
#5180=MANIFOLD_SOLID_BREP('',#5179);
#5181=CARTESIAN_POINT('',(0.E0,0.E0,0.E0));
#5182=DIRECTION('',(0.E0,0.E0,1.E0));
#5183=DIRECTION('',(1.E0,0.E0,0.E0));
#5184=AXIS2_PLACEMENT_3D('CSYS',#5181,#5182,#5183);
#5185=DIRECTION('',(0.E0,1.E0,0.E0));
#5186=VECTOR('',#5185,1.5E0);
#5187=CARTESIAN_POINT('',(-1.3E0,-3.575E0,-1.65E0));
#5188=LINE('',#5187,#5186);
#5191=DIRECTION('',(1.E0,0.E0,0.E0));
#5192=VECTOR('',#5191,6.E-1);
#5193=CARTESIAN_POINT('',(-1.3E0,-2.075E0,-1.65E0));
#5194=LINE('',#5193,#5192);
#5197=DIRECTION('',(0.E0,-1.E0,0.E0));
#5198=VECTOR('',#5197,1.5E0);
#5199=CARTESIAN_POINT('',(-7.E-1,-2.075E0,-1.65E0));
#5200=LINE('',#5199,#5198);
#5203=DIRECTION('',(-1.E0,0.E0,0.E0));
#5204=VECTOR('',#5203,6.E-1);
#5205=CARTESIAN_POINT('',(-7.E-1,-3.575E0,-1.65E0));
#5206=LINE('',#5205,#5204);
#5211=DIRECTION('',(0.E0,1.E0,0.E0));
#5212=VECTOR('',#5211,1.5E0);
#5213=CARTESIAN_POINT('',(-3.E-1,-3.575E0,-1.65E0));
#5214=LINE('',#5213,#5212);
#5217=DIRECTION('',(1.E0,0.E0,0.E0));
#5218=VECTOR('',#5217,6.E-1);
#5219=CARTESIAN_POINT('',(-3.E-1,-2.075E0,-1.65E0));
#5220=LINE('',#5219,#5218);
#5223=DIRECTION('',(0.E0,-1.E0,0.E0));
#5224=VECTOR('',#5223,1.5E0);
#5225=CARTESIAN_POINT('',(3.E-1,-2.075E0,-1.65E0));
#5226=LINE('',#5225,#5224);
#5229=DIRECTION('',(-1.E0,0.E0,0.E0));
#5230=VECTOR('',#5229,6.E-1);
#5231=CARTESIAN_POINT('',(3.E-1,-3.575E0,-1.65E0));
#5232=LINE('',#5231,#5230);
#5236=DIRECTION('',(0.E0,1.E0,0.E0));
#5237=VECTOR('',#5236,1.5E0);
#5238=CARTESIAN_POINT('',(7.E-1,-3.575E0,-1.65E0));
#5239=LINE('',#5238,#5237);
#5242=DIRECTION('',(1.E0,0.E0,0.E0));
#5243=VECTOR('',#5242,6.E-1);
#5244=CARTESIAN_POINT('',(7.E-1,-2.075E0,-1.65E0));
#5245=LINE('',#5244,#5243);
#5248=DIRECTION('',(0.E0,-1.E0,0.E0));
#5249=VECTOR('',#5248,1.5E0);
#5250=CARTESIAN_POINT('',(1.3E0,-2.075E0,-1.65E0));
#5251=LINE('',#5250,#5249);
#5254=DIRECTION('',(-1.E0,0.E0,0.E0));
#5255=VECTOR('',#5254,6.E-1);
#5256=CARTESIAN_POINT('',(1.3E0,-3.575E0,-1.65E0));
#5257=LINE('',#5256,#5255);
#5261=DIRECTION('',(0.E0,-1.E0,0.E0));
#5262=VECTOR('',#5261,1.8E0);
#5263=CARTESIAN_POINT('',(-1.7E0,1.975E0,-1.65E0));
#5264=LINE('',#5263,#5262);
#5267=DIRECTION('',(-1.E0,0.E0,0.E0));
#5268=VECTOR('',#5267,1.2E0);
#5269=CARTESIAN_POINT('',(-1.7E0,1.75E-1,-1.65E0));
#5270=LINE('',#5269,#5268);
#5273=DIRECTION('',(0.E0,1.E0,0.E0));
#5274=VECTOR('',#5273,1.8E0);
#5275=CARTESIAN_POINT('',(-2.9E0,1.75E-1,-1.65E0));
#5276=LINE('',#5275,#5274);
#5279=DIRECTION('',(1.E0,0.E0,0.E0));
#5280=VECTOR('',#5279,1.2E0);
#5281=CARTESIAN_POINT('',(-2.9E0,1.975E0,-1.65E0));
#5282=LINE('',#5281,#5280);
#5286=DIRECTION('',(0.E0,-1.E0,0.E0));
#5287=VECTOR('',#5286,1.8E0);
#5288=CARTESIAN_POINT('',(2.9E0,1.975E0,-1.65E0));
#5289=LINE('',#5288,#5287);
#5292=DIRECTION('',(-1.E0,0.E0,0.E0));
#5293=VECTOR('',#5292,1.2E0);
#5294=CARTESIAN_POINT('',(2.9E0,1.75E-1,-1.65E0));
#5295=LINE('',#5294,#5293);
#5298=DIRECTION('',(0.E0,1.E0,0.E0));
#5299=VECTOR('',#5298,1.8E0);
#5300=CARTESIAN_POINT('',(1.7E0,1.75E-1,-1.65E0));
#5301=LINE('',#5300,#5299);
#5304=DIRECTION('',(1.E0,0.E0,0.E0));
#5305=VECTOR('',#5304,1.2E0);
#5306=CARTESIAN_POINT('',(1.7E0,1.975E0,-1.65E0));
#5307=LINE('',#5306,#5305);
#5311=DIRECTION('',(0.E0,0.E0,1.E0));
#5312=VECTOR('',#5311,4.5E-1);
#5313=CARTESIAN_POINT('',(2.2275E0,2.675E0,6.5E-1));
#5314=LINE('',#5313,#5312);
#5317=DIRECTION('',(1.E0,0.E0,0.E0));
#5318=VECTOR('',#5317,5.625E-2);
#5319=CARTESIAN_POINT('',(2.2275E0,2.675E0,1.1E0));
#5320=LINE('',#5319,#5318);
#5323=DIRECTION('',(6.428712937139E-1,0.E0,-7.659742160926E-1));
#5324=VECTOR('',#5323,8.749807395356E-2);
#5325=CARTESIAN_POINT('',(2.28375E0,2.675E0,1.1E0));
#5326=LINE('',#5325,#5324);
#5329=DIRECTION('',(0.E0,0.E0,-1.E0));
#5330=VECTOR('',#5329,7.659576237202E-2);
#5331=CARTESIAN_POINT('',(2.34E0,2.675E0,1.032978731394E0));
#5332=LINE('',#5331,#5330);
#5335=DIRECTION('',(-6.428711427642E-1,0.E0,7.659743427825E-1));
#5336=VECTOR('',#5335,8.749809449859E-2);
#5337=CARTESIAN_POINT('',(2.34E0,2.675E0,9.563829690218E-1));
#5338=LINE('',#5337,#5336);
#5341=DIRECTION('',(0.E0,0.E0,-1.E0));
#5342=VECTOR('',#5341,3.734042644501E-1);
#5343=CARTESIAN_POINT('',(2.28375E0,2.675E0,1.023404264450E0));
#5344=LINE('',#5343,#5342);
#5347=DIRECTION('',(-1.E0,0.E0,0.E0));
#5348=VECTOR('',#5347,5.625E-2);
#5349=CARTESIAN_POINT('',(2.28375E0,2.675E0,6.5E-1));
#5350=LINE('',#5349,#5348);
#5355=DIMENSIONAL_EXPONENTS(0.E0,0.E0,0.E0,0.E0,0.E0,0.E0,0.E0);
#5357=PLANE_ANGLE_MEASURE_WITH_UNIT(PLANE_ANGLE_MEASURE(1.745329251994E-2),
#5356);
#5358=(CONVERSION_BASED_UNIT('DEGREE',#5357)NAMED_UNIT(*)PLANE_ANGLE_UNIT());
#5360=UNCERTAINTY_MEASURE_WITH_UNIT(LENGTH_MEASURE(9.112830225368E-4),#5354,
'closure',
'Maximum model space distance between geometric entities at asserted connectivities');
#5361=(GEOMETRIC_REPRESENTATION_CONTEXT(3)GLOBAL_UNCERTAINTY_ASSIGNED_CONTEXT((
#5360))GLOBAL_UNIT_ASSIGNED_CONTEXT((#5354,#5358,#5359))REPRESENTATION_CONTEXT(
'ID1','3'));
#5210=GEOMETRIC_SET('',(#5209,#5235,#5260,#5285,#5310,#5353));
#5365=SHAPE_REPRESENTATION_RELATIONSHIP('','',#5364,#5362);
#5366=SHAPE_REPRESENTATION_RELATIONSHIP('','',#5364,#5363);
#5367=APPLICATION_CONTEXT(
'CONFIGURATION CONTROLLED 3D DESIGNS OF MECHANICAL PARTS AND ASSEMBLIES');
#5368=APPLICATION_PROTOCOL_DEFINITION('international standard',
'config_control_design',1994,#5367);
#5369=DESIGN_CONTEXT('',#5367,'design');
#5370=MECHANICAL_CONTEXT('',#5367,'mechanical');
#5371=PRODUCT('5015680307','5015680307','NOT SPECIFIED',(#5370));
#5372=PRODUCT_DEFINITION_FORMATION_WITH_SPECIFIED_SOURCE('2','LAST_VERSION',
#5371,.MADE.);
#5376=PRODUCT_CATEGORY('part','');
#5377=PRODUCT_RELATED_PRODUCT_CATEGORY('detail','',(#5371));
#5378=PRODUCT_CATEGORY_RELATIONSHIP('','',#5376,#5377);
#5379=SECURITY_CLASSIFICATION_LEVEL('unclassified');
#5380=SECURITY_CLASSIFICATION('','',#5379);
#5381=CC_DESIGN_SECURITY_CLASSIFICATION(#5380,(#5372));
#5382=APPROVAL_STATUS('approved');
#5383=APPROVAL(#5382,'');
#5384=CC_DESIGN_APPROVAL(#5383,(#5380,#5372,#5373));
#5385=CALENDAR_DATE(120,23,6);
#5386=COORDINATED_UNIVERSAL_TIME_OFFSET(5,30,.AHEAD.);
#5387=LOCAL_TIME(14,16,4.E1,#5386);
#5388=DATE_AND_TIME(#5385,#5387);
#5389=APPROVAL_DATE_TIME(#5388,#5383);
#5390=DATE_TIME_ROLE('creation_date');
#5391=CC_DESIGN_DATE_AND_TIME_ASSIGNMENT(#5388,#5390,(#5373));
#5392=DATE_TIME_ROLE('classification_date');
#5393=CC_DESIGN_DATE_AND_TIME_ASSIGNMENT(#5388,#5392,(#5380));
#5394=PERSON('UNSPECIFIED','UNSPECIFIED',$,$,$,$);
#5395=ORGANIZATION('UNSPECIFIED','UNSPECIFIED','UNSPECIFIED');
#5396=PERSON_AND_ORGANIZATION(#5394,#5395);
#5397=APPROVAL_ROLE('approver');
#5398=APPROVAL_PERSON_ORGANIZATION(#5396,#5383,#5397);
#5399=PERSON_AND_ORGANIZATION_ROLE('creator');
#5400=CC_DESIGN_PERSON_AND_ORGANIZATION_ASSIGNMENT(#5396,#5399,(#5372,#5373));
#5401=PERSON_AND_ORGANIZATION_ROLE('design_supplier');
#5402=CC_DESIGN_PERSON_AND_ORGANIZATION_ASSIGNMENT(#5396,#5401,(#5372));
#5403=PERSON_AND_ORGANIZATION_ROLE('classification_officer');
#5404=CC_DESIGN_PERSON_AND_ORGANIZATION_ASSIGNMENT(#5396,#5403,(#5380));
#5405=PERSON_AND_ORGANIZATION_ROLE('design_owner');
#5406=CC_DESIGN_PERSON_AND_ORGANIZATION_ASSIGNMENT(#5396,#5405,(#5371));
#37=CIRCLE('',#36,2.E-1);
#46=CIRCLE('',#45,1.5E-1);
#55=CIRCLE('',#54,1.5E-1);
#64=CIRCLE('',#63,1.5E-1);
#73=CIRCLE('',#72,1.5E-1);
#130=CIRCLE('',#129,1.5E-1);
#139=CIRCLE('',#138,1.5E-1);
#148=CIRCLE('',#147,1.5E-1);
#157=CIRCLE('',#156,1.5E-1);
#418=CIRCLE('',#417,2.E-1);
#467=CIRCLE('',#466,2.E-1);
#480=CIRCLE('',#479,2.E-1);
#913=B_SPLINE_CURVE_WITH_KNOTS('',3,(#909,#910,#911,#912),.UNSPECIFIED.,.F.,.F.,
(4,4),(0.E0,1.E0),.UNSPECIFIED.);
#1078=CIRCLE('',#1077,2.E-1);
#1095=CIRCLE('',#1094,2.E-1);
#1104=CIRCLE('',#1103,2.E-1);
#1117=CIRCLE('',#1116,2.E-1);
#1270=CIRCLE('',#1269,2.5E-1);
#1279=CIRCLE('',#1278,2.5E-1);
#1284=CIRCLE('',#1283,7.5E-2);
#1293=CIRCLE('',#1292,7.5E-2);
#1302=CIRCLE('',#1301,7.5E-2);
#1311=CIRCLE('',#1310,7.5E-2);
#1324=CIRCLE('',#1323,2.5E-1);
#1333=CIRCLE('',#1332,2.5E-1);
#1474=CIRCLE('',#1473,2.5E-1);
#1479=CIRCLE('',#1478,2.5E-1);
#1488=CIRCLE('',#1487,2.5E-1);
#1493=CIRCLE('',#1492,2.5E-1);
#1498=CIRCLE('',#1497,7.5E-2);
#1507=CIRCLE('',#1506,7.5E-2);
#1516=CIRCLE('',#1515,7.5E-2);
#1525=CIRCLE('',#1524,7.5E-2);
#1538=CIRCLE('',#1537,2.5E-1);
#1543=CIRCLE('',#1542,2.5E-1);
#1552=CIRCLE('',#1551,2.5E-1);
#1557=CIRCLE('',#1556,2.5E-1);
#1698=CIRCLE('',#1697,2.5E-1);
#1703=CIRCLE('',#1702,2.5E-1);
#1712=CIRCLE('',#1711,2.5E-1);
#1717=CIRCLE('',#1716,2.5E-1);
#1722=CIRCLE('',#1721,7.5E-2);
#1731=CIRCLE('',#1730,7.5E-2);
#1740=CIRCLE('',#1739,7.5E-2);
#1749=CIRCLE('',#1748,7.5E-2);
#1762=CIRCLE('',#1761,2.5E-1);
#1767=CIRCLE('',#1766,2.5E-1);
#1776=CIRCLE('',#1775,2.5E-1);
#1781=CIRCLE('',#1780,2.5E-1);
#2503=EDGE_CURVE('',#2230,#2231,#4,.T.);
#2505=EDGE_CURVE('',#2103,#2230,#422,.T.);
#2507=EDGE_CURVE('',#2106,#2103,#8,.T.);
#2509=EDGE_CURVE('',#2076,#2106,#1090,.T.);
#2511=EDGE_CURVE('',#2076,#2077,#12,.T.);
#2513=EDGE_CURVE('',#2079,#2077,#16,.T.);
#2515=EDGE_CURVE('',#2079,#2233,#20,.T.);
#2517=EDGE_CURVE('',#2231,#2233,#24,.T.);
#2528=EDGE_CURVE('',#2231,#2245,#28,.T.);
#2530=EDGE_CURVE('',#2245,#2241,#32,.T.);
#2532=EDGE_CURVE('',#2240,#2241,#426,.T.);
#2534=EDGE_CURVE('',#2230,#2240,#37,.T.);
#2545=EDGE_CURVE('',#2233,#2235,#77,.T.);
#2547=EDGE_CURVE('',#2235,#2245,#471,.T.);
#2560=EDGE_CURVE('',#2079,#2087,#81,.T.);
#2562=EDGE_CURVE('',#2089,#2087,#85,.T.);
#2564=EDGE_CURVE('',#2095,#2089,#1121,.T.);
#2566=EDGE_CURVE('',#2095,#2098,#504,.T.);
#2568=EDGE_CURVE('',#2098,#2237,#475,.T.);
#2570=EDGE_CURVE('',#2237,#2235,#89,.T.);
#2574=EDGE_CURVE('',#2162,#2163,#41,.T.);
#2576=EDGE_CURVE('',#2175,#2162,#46,.T.);
#2578=EDGE_CURVE('',#2174,#2175,#50,.T.);
#2580=EDGE_CURVE('',#2171,#2174,#55,.T.);
#2582=EDGE_CURVE('',#2170,#2171,#59,.T.);
#2584=EDGE_CURVE('',#2167,#2170,#64,.T.);
#2586=EDGE_CURVE('',#2166,#2167,#68,.T.);
#2588=EDGE_CURVE('',#2163,#2166,#73,.T.);
#2599=EDGE_CURVE('',#2179,#2163,#97,.T.);
#2601=EDGE_CURVE('',#2178,#2179,#125,.T.);
#2603=EDGE_CURVE('',#2178,#2162,#93,.T.);
#2615=EDGE_CURVE('',#2182,#2166,#101,.T.);
#2617=EDGE_CURVE('',#2179,#2182,#130,.T.);
#2628=EDGE_CURVE('',#2183,#2167,#105,.T.);
#2630=EDGE_CURVE('',#2182,#2183,#134,.T.);
#2643=EDGE_CURVE('',#2186,#2170,#109,.T.);
#2645=EDGE_CURVE('',#2183,#2186,#139,.T.);
#2656=EDGE_CURVE('',#2187,#2171,#113,.T.);
#2658=EDGE_CURVE('',#2186,#2187,#143,.T.);
#2671=EDGE_CURVE('',#2190,#2174,#117,.T.);
#2673=EDGE_CURVE('',#2187,#2190,#148,.T.);
#2684=EDGE_CURVE('',#2191,#2175,#121,.T.);
#2686=EDGE_CURVE('',#2190,#2191,#152,.T.);
#2700=EDGE_CURVE('',#2191,#2178,#157,.T.);
#2710=EDGE_CURVE('',#2115,#2110,#181,.T.);
#2712=EDGE_CURVE('',#1896,#2115,#229,.T.);
#2714=EDGE_CURVE('',#1896,#1892,#205,.T.);
#2716=EDGE_CURVE('',#1945,#1892,#580,.T.);
#2718=EDGE_CURVE('',#1944,#1945,#568,.T.);
#2720=EDGE_CURVE('',#1944,#1889,#161,.T.);
#2722=EDGE_CURVE('',#1889,#1900,#209,.T.);
#2724=EDGE_CURVE('',#1900,#2110,#165,.T.);
#2744=EDGE_CURVE('',#2110,#2111,#169,.T.);
#2746=EDGE_CURVE('',#2113,#2111,#173,.T.);
#2748=EDGE_CURVE('',#2113,#2115,#177,.T.);
#2761=EDGE_CURVE('',#1900,#1901,#185,.T.);
#2763=EDGE_CURVE('',#1924,#1901,#189,.T.);
#2765=EDGE_CURVE('',#1924,#1929,#548,.T.);
#2767=EDGE_CURVE('',#1929,#1921,#193,.T.);
#2769=EDGE_CURVE('',#1921,#2111,#281,.T.);
#2779=EDGE_CURVE('',#1896,#1897,#225,.T.);
#2781=EDGE_CURVE('',#1893,#1897,#197,.T.);
#2783=EDGE_CURVE('',#1892,#1893,#201,.T.);
#2796=EDGE_CURVE('',#1888,#1889,#213,.T.);
#2798=EDGE_CURVE('',#1901,#1888,#217,.T.);
#2809=EDGE_CURVE('',#2113,#1919,#305,.T.);
#2811=EDGE_CURVE('',#1933,#1919,#612,.T.);
#2813=EDGE_CURVE('',#1933,#1937,#592,.T.);
#2815=EDGE_CURVE('',#1937,#1897,#221,.T.);
#2829=EDGE_CURVE('',#1913,#1921,#285,.T.);
#2831=EDGE_CURVE('',#1913,#1909,#289,.T.);
#2833=EDGE_CURVE('',#1908,#1909,#293,.T.);
#2835=EDGE_CURVE('',#1911,#1908,#297,.T.);
#2837=EDGE_CURVE('',#1919,#1911,#301,.T.);
#2842=EDGE_CURVE('',#2320,#2321,#249,.T.);
#2844=EDGE_CURVE('',#2321,#2325,#253,.T.);
#2846=EDGE_CURVE('',#2324,#2325,#257,.T.);
#2848=EDGE_CURVE('',#2320,#2324,#261,.T.);
#2852=EDGE_CURVE('',#2388,#2389,#265,.T.);
#2854=EDGE_CURVE('',#2389,#2393,#269,.T.);
#2856=EDGE_CURVE('',#2392,#2393,#273,.T.);
#2858=EDGE_CURVE('',#2388,#2392,#277,.T.);
#2862=EDGE_CURVE('',#1964,#1965,#233,.T.);
#2864=EDGE_CURVE('',#1965,#1969,#237,.T.);
#2866=EDGE_CURVE('',#1968,#1969,#241,.T.);
#2868=EDGE_CURVE('',#1964,#1968,#245,.T.);
#2878=EDGE_CURVE('',#1957,#2027,#309,.T.);
#2880=EDGE_CURVE('',#2275,#2027,#1205,.T.);
#2882=EDGE_CURVE('',#2275,#2271,#313,.T.);
#2884=EDGE_CURVE('',#2029,#2271,#1189,.T.);
#2886=EDGE_CURVE('',#2029,#2024,#317,.T.);
#2888=EDGE_CURVE('',#2024,#1972,#321,.T.);
#2890=EDGE_CURVE('',#1972,#1973,#1125,.T.);
#2892=EDGE_CURVE('',#1973,#2007,#405,.T.);
#2894=EDGE_CURVE('',#2007,#1956,#325,.T.);
#2896=EDGE_CURVE('',#1956,#1957,#329,.T.);
#2906=EDGE_CURVE('',#1981,#1983,#1270,.T.);
#2908=EDGE_CURVE('',#1981,#1965,#333,.T.);
#2911=EDGE_CURVE('',#1964,#2247,#337,.T.);
#2913=EDGE_CURVE('',#2003,#2247,#1324,.T.);
#2915=EDGE_CURVE('',#2003,#1997,#341,.T.);
#2917=EDGE_CURVE('',#1996,#1997,#1302,.T.);
#2919=EDGE_CURVE('',#1996,#1989,#345,.T.);
#2921=EDGE_CURVE('',#1988,#1989,#1284,.T.);
#2923=EDGE_CURVE('',#1988,#1983,#349,.T.);
#2934=EDGE_CURVE('',#1957,#1961,#353,.T.);
#2936=EDGE_CURVE('',#1961,#2031,#1221,.T.);
#2938=EDGE_CURVE('',#2031,#2027,#1209,.T.);
#2949=EDGE_CURVE('',#1956,#1960,#357,.T.);
#2951=EDGE_CURVE('',#1960,#1961,#1225,.T.);
#2962=EDGE_CURVE('',#2007,#2009,#401,.T.);
#2964=EDGE_CURVE('',#2009,#1960,#1229,.T.);
#2976=EDGE_CURVE('',#2102,#2103,#418,.T.);
#2978=EDGE_CURVE('',#2017,#2102,#462,.T.);
#2980=EDGE_CURVE('',#2017,#2397,#361,.T.);
#2982=EDGE_CURVE('',#2397,#2313,#365,.T.);
#2984=EDGE_CURVE('',#2311,#2313,#369,.T.);
#2986=EDGE_CURVE('',#2395,#2311,#373,.T.);
#2988=EDGE_CURVE('',#2395,#2329,#377,.T.);
#2990=EDGE_CURVE('',#2329,#2293,#381,.T.);
#2992=EDGE_CURVE('',#2291,#2293,#385,.T.);
#2994=EDGE_CURVE('',#2327,#2291,#389,.T.);
#2996=EDGE_CURVE('',#2327,#1977,#393,.T.);
#2998=EDGE_CURVE('',#1977,#2009,#397,.T.);
#3002=EDGE_CURVE('',#1973,#2015,#409,.T.);
#3004=EDGE_CURVE('',#2015,#2107,#1041,.T.);
#3006=EDGE_CURVE('',#2106,#2107,#1095,.T.);
#3018=EDGE_CURVE('',#2102,#2240,#413,.T.);
#3031=EDGE_CURVE('',#2243,#2241,#430,.T.);
#3033=EDGE_CURVE('',#2099,#2243,#484,.T.);
#3035=EDGE_CURVE('',#2099,#2194,#500,.T.);
#3037=EDGE_CURVE('',#2194,#2214,#434,.T.);
#3039=EDGE_CURVE('',#2225,#2214,#668,.T.);
#3041=EDGE_CURVE('',#2225,#2211,#438,.T.);
#3043=EDGE_CURVE('',#2209,#2211,#442,.T.);
#3045=EDGE_CURVE('',#2207,#2209,#446,.T.);
#3047=EDGE_CURVE('',#2206,#2207,#450,.T.);
#3049=EDGE_CURVE('',#2206,#2021,#454,.T.);
#3051=EDGE_CURVE('',#2012,#2021,#1181,.T.);
#3053=EDGE_CURVE('',#2012,#2017,#458,.T.);
#3066=EDGE_CURVE('',#2243,#2237,#467,.T.);
#3081=EDGE_CURVE('',#2098,#2099,#480,.T.);
#3092=EDGE_CURVE('',#2194,#2195,#496,.T.);
#3097=EDGE_CURVE('',#2094,#2095,#1117,.T.);
#3099=EDGE_CURVE('',#2054,#2094,#508,.T.);
#3101=EDGE_CURVE('',#2054,#2055,#512,.T.);
#3103=EDGE_CURVE('',#2055,#2057,#516,.T.);
#3105=EDGE_CURVE('',#2057,#2122,#520,.T.);
#3107=EDGE_CURVE('',#2118,#2122,#904,.T.);
#3109=EDGE_CURVE('',#2130,#2118,#524,.T.);
#3111=EDGE_CURVE('',#2126,#2130,#888,.T.);
#3113=EDGE_CURVE('',#2197,#2126,#528,.T.);
#3115=EDGE_CURVE('',#2195,#2197,#532,.T.);
#3119=EDGE_CURVE('',#1925,#1927,#540,.T.);
#3121=EDGE_CURVE('',#1925,#1903,#488,.T.);
#3123=EDGE_CURVE('',#1940,#1903,#552,.T.);
#3125=EDGE_CURVE('',#1940,#1941,#560,.T.);
#3127=EDGE_CURVE('',#1905,#1941,#576,.T.);
#3129=EDGE_CURVE('',#1905,#1936,#492,.T.);
#3131=EDGE_CURVE('',#1931,#1936,#596,.T.);
#3133=EDGE_CURVE('',#1927,#1931,#600,.T.);
#3143=EDGE_CURVE('',#1924,#1925,#536,.T.);
#3146=EDGE_CURVE('',#1927,#1929,#544,.T.);
#3160=EDGE_CURVE('',#1903,#1888,#556,.T.);
#3172=EDGE_CURVE('',#1940,#1944,#564,.T.);
#3188=EDGE_CURVE('',#1945,#1941,#572,.T.);
#3202=EDGE_CURVE('',#1905,#1893,#584,.T.);
#3212=EDGE_CURVE('',#1936,#1937,#588,.T.);
#3228=EDGE_CURVE('',#1931,#1933,#604,.T.);
#3241=EDGE_CURVE('',#1929,#1933,#608,.T.);
#3255=EDGE_CURVE('',#1911,#1915,#616,.T.);
#3257=EDGE_CURVE('',#1915,#1917,#620,.T.);
#3259=EDGE_CURVE('',#1913,#1917,#624,.T.);
#3271=EDGE_CURVE('',#1951,#1953,#636,.T.);
#3273=EDGE_CURVE('',#1915,#1951,#656,.T.);
#3277=EDGE_CURVE('',#1908,#1953,#648,.T.);
#3287=EDGE_CURVE('',#1948,#1949,#628,.T.);
#3289=EDGE_CURVE('',#1951,#1949,#632,.T.);
#3292=EDGE_CURVE('',#1953,#1948,#640,.T.);
#3303=EDGE_CURVE('',#1948,#1909,#652,.T.);
#3307=EDGE_CURVE('',#1917,#1949,#644,.T.);
#3341=EDGE_CURVE('',#2214,#2215,#672,.T.);
#3345=EDGE_CURVE('',#2195,#2215,#880,.T.);
#3355=EDGE_CURVE('',#2475,#2477,#660,.T.);
#3357=EDGE_CURVE('',#2225,#2475,#664,.T.);
#3361=EDGE_CURVE('',#2217,#2215,#876,.T.);
#3363=EDGE_CURVE('',#2217,#2220,#676,.T.);
#3365=EDGE_CURVE('',#2227,#2220,#680,.T.);
#3367=EDGE_CURVE('',#2477,#2227,#684,.T.);
#3377=EDGE_CURVE('',#2463,#2475,#692,.T.);
#3380=EDGE_CURVE('',#2473,#2477,#720,.T.);
#3382=EDGE_CURVE('',#2463,#2473,#688,.T.);
#3393=EDGE_CURVE('',#2461,#2463,#696,.T.);
#3395=EDGE_CURVE('',#2459,#2461,#700,.T.);
#3397=EDGE_CURVE('',#2457,#2459,#704,.T.);
#3399=EDGE_CURVE('',#2456,#2457,#708,.T.);
#3401=EDGE_CURVE('',#2479,#2456,#712,.T.);
#3403=EDGE_CURVE('',#2479,#2483,#800,.T.);
#3405=EDGE_CURVE('',#2483,#2487,#792,.T.);
#3407=EDGE_CURVE('',#2487,#2491,#776,.T.);
#3409=EDGE_CURVE('',#2491,#2495,#760,.T.);
#3411=EDGE_CURVE('',#2495,#2475,#744,.T.);
#3423=EDGE_CURVE('',#2471,#2473,#740,.T.);
#3425=EDGE_CURVE('',#2461,#2471,#716,.T.);
#3436=EDGE_CURVE('',#2497,#2477,#752,.T.);
#3438=EDGE_CURVE('',#2493,#2497,#768,.T.);
#3440=EDGE_CURVE('',#2489,#2493,#784,.T.);
#3442=EDGE_CURVE('',#2485,#2489,#796,.T.);
#3444=EDGE_CURVE('',#2481,#2485,#808,.T.);
#3446=EDGE_CURVE('',#2481,#2466,#724,.T.);
#3448=EDGE_CURVE('',#2466,#2467,#728,.T.);
#3450=EDGE_CURVE('',#2467,#2469,#732,.T.);
#3452=EDGE_CURVE('',#2469,#2471,#736,.T.);
#3464=EDGE_CURVE('',#2211,#2495,#748,.T.);
#3478=EDGE_CURVE('',#2203,#2227,#856,.T.);
#3480=EDGE_CURVE('',#2497,#2203,#756,.T.);
#3491=EDGE_CURVE('',#2209,#2491,#764,.T.);
#3505=EDGE_CURVE('',#2201,#2203,#852,.T.);
#3507=EDGE_CURVE('',#2493,#2201,#772,.T.);
#3518=EDGE_CURVE('',#2207,#2487,#780,.T.);
#3532=EDGE_CURVE('',#2200,#2201,#848,.T.);
#3534=EDGE_CURVE('',#2489,#2200,#788,.T.);
#3545=EDGE_CURVE('',#2206,#2483,#828,.T.);
#3559=EDGE_CURVE('',#2253,#2200,#844,.T.);
#3561=EDGE_CURVE('',#2485,#2253,#812,.T.);
#3572=EDGE_CURVE('',#2479,#2481,#804,.T.);
#3576=EDGE_CURVE('',#2252,#2253,#816,.T.);
#3578=EDGE_CURVE('',#2252,#2221,#820,.T.);
#3580=EDGE_CURVE('',#2223,#2221,#872,.T.);
#3582=EDGE_CURVE('',#2197,#2223,#824,.T.);
#3585=EDGE_CURVE('',#2126,#2127,#884,.T.);
#3587=EDGE_CURVE('',#2021,#2127,#1161,.T.);
#3600=EDGE_CURVE('',#2456,#2466,#832,.T.);
#3613=EDGE_CURVE('',#2457,#2467,#836,.T.);
#3626=EDGE_CURVE('',#2459,#2469,#840,.T.);
#3655=EDGE_CURVE('',#2252,#2227,#860,.T.);
#3666=EDGE_CURVE('',#2220,#2221,#864,.T.);
#3680=EDGE_CURVE('',#2217,#2223,#868,.T.);
#3706=EDGE_CURVE('',#2130,#2131,#892,.T.);
#3708=EDGE_CURVE('',#2131,#2127,#896,.T.);
#3718=EDGE_CURVE('',#2118,#2119,#900,.T.);
#3720=EDGE_CURVE('',#2131,#2119,#1165,.T.);
#3754=EDGE_CURVE('',#2122,#2123,#908,.T.);
#3756=EDGE_CURVE('',#2123,#2119,#913,.T.);
#3768=EDGE_CURVE('',#2057,#2067,#917,.T.);
#3770=EDGE_CURVE('',#2070,#2067,#1885,.T.);
#3772=EDGE_CURVE('',#2050,#2070,#921,.T.);
#3774=EDGE_CURVE('',#2050,#2051,#925,.T.);
#3776=EDGE_CURVE('',#2261,#2051,#929,.T.);
#3778=EDGE_CURVE('',#2260,#2261,#933,.T.);
#3780=EDGE_CURVE('',#2256,#2260,#937,.T.);
#3782=EDGE_CURVE('',#2256,#2257,#941,.T.);
#3784=EDGE_CURVE('',#2042,#2257,#945,.T.);
#3786=EDGE_CURVE('',#2042,#2019,#1049,.T.);
#3788=EDGE_CURVE('',#2019,#2123,#1169,.T.);
#3798=EDGE_CURVE('',#2062,#2063,#961,.T.);
#3800=EDGE_CURVE('',#2067,#2062,#1873,.T.);
#3804=EDGE_CURVE('',#2055,#2063,#949,.T.);
#3814=EDGE_CURVE('',#2059,#2158,#953,.T.);
#3816=EDGE_CURVE('',#2071,#2059,#957,.T.);
#3818=EDGE_CURVE('',#2062,#2071,#1877,.T.);
#3821=EDGE_CURVE('',#2063,#2065,#965,.T.);
#3823=EDGE_CURVE('',#2065,#2073,#969,.T.);
#3825=EDGE_CURVE('',#2154,#2073,#973,.T.);
#3827=EDGE_CURVE('',#2154,#2158,#977,.T.);
#3837=EDGE_CURVE('',#2154,#2155,#981,.T.);
#3840=EDGE_CURVE('',#2047,#2073,#1065,.T.);
#3842=EDGE_CURVE('',#2047,#2155,#985,.T.);
#3852=EDGE_CURVE('',#2158,#2159,#989,.T.);
#3854=EDGE_CURVE('',#2159,#2039,#993,.T.);
#3856=EDGE_CURVE('',#2039,#2059,#1853,.T.);
#3868=EDGE_CURVE('',#2267,#2155,#1021,.T.);
#3870=EDGE_CURVE('',#2263,#2267,#1793,.T.);
#3872=EDGE_CURVE('',#2257,#2263,#1785,.T.);
#3875=EDGE_CURVE('',#2256,#2134,#997,.T.);
#3877=EDGE_CURVE('',#2134,#2135,#1001,.T.);
#3879=EDGE_CURVE('',#2135,#2137,#1005,.T.);
#3881=EDGE_CURVE('',#2137,#2139,#1009,.T.);
#3883=EDGE_CURVE('',#2139,#2141,#1013,.T.);
#3885=EDGE_CURVE('',#2141,#2154,#1017,.T.);
#3897=EDGE_CURVE('',#2045,#2047,#1061,.T.);
#3899=EDGE_CURVE('',#2045,#2267,#1025,.T.);
#3909=EDGE_CURVE('',#2269,#2159,#1029,.T.);
#3911=EDGE_CURVE('',#2269,#2036,#1033,.T.);
#3913=EDGE_CURVE('',#2039,#2036,#1857,.T.);
#3924=EDGE_CURVE('',#2082,#2083,#1037,.T.);
#3926=EDGE_CURVE('',#2082,#2107,#1099,.T.);
#3929=EDGE_CURVE('',#2013,#2015,#1045,.T.);
#3931=EDGE_CURVE('',#2019,#2013,#1173,.T.);
#3934=EDGE_CURVE('',#2042,#2043,#1053,.T.);
#3936=EDGE_CURVE('',#2043,#2045,#1057,.T.);
#3941=EDGE_CURVE('',#2054,#2065,#1069,.T.);
#3944=EDGE_CURVE('',#2094,#2085,#1112,.T.);
#3946=EDGE_CURVE('',#2085,#2083,#1073,.T.);
#3957=EDGE_CURVE('',#2076,#2082,#1078,.T.);
#3960=EDGE_CURVE('',#2091,#2083,#1082,.T.);
#3962=EDGE_CURVE('',#2077,#2091,#1086,.T.);
#3985=EDGE_CURVE('',#2089,#2085,#1104,.T.);
#3988=EDGE_CURVE('',#2087,#2091,#1108,.T.);
#4023=EDGE_CURVE('',#2012,#2013,#1177,.T.);
#4028=EDGE_CURVE('',#1972,#1976,#1129,.T.);
#4030=EDGE_CURVE('',#1976,#1977,#1133,.T.);
#4033=EDGE_CURVE('',#2295,#2327,#1137,.T.);
#4035=EDGE_CURVE('',#2295,#2297,#1141,.T.);
#4037=EDGE_CURVE('',#2297,#2329,#1145,.T.);
#4040=EDGE_CURVE('',#2315,#2395,#1149,.T.);
#4042=EDGE_CURVE('',#2315,#2317,#1153,.T.);
#4044=EDGE_CURVE('',#2317,#2397,#1157,.T.);
#4074=EDGE_CURVE('',#2024,#2025,#1185,.T.);
#4076=EDGE_CURVE('',#2025,#1976,#1233,.T.);
#4087=EDGE_CURVE('',#2033,#2029,#1201,.T.);
#4089=EDGE_CURVE('',#2033,#2025,#1237,.T.);
#4101=EDGE_CURVE('',#2273,#2271,#1193,.T.);
#4103=EDGE_CURVE('',#2273,#2033,#1197,.T.);
#4116=EDGE_CURVE('',#2277,#2275,#1217,.T.);
#4118=EDGE_CURVE('',#2277,#2273,#1241,.T.);
#4130=EDGE_CURVE('',#2031,#2277,#1213,.T.);
#4159=EDGE_CURVE('',#1985,#1980,#1279,.T.);
#4161=EDGE_CURVE('',#1993,#1985,#1245,.T.);
#4163=EDGE_CURVE('',#1991,#1993,#1293,.T.);
#4165=EDGE_CURVE('',#2001,#1991,#1249,.T.);
#4167=EDGE_CURVE('',#1999,#2001,#1311,.T.);
#4169=EDGE_CURVE('',#2005,#1999,#1253,.T.);
#4171=EDGE_CURVE('',#2249,#2005,#1333,.T.);
#4173=EDGE_CURVE('',#1968,#2249,#1257,.T.);
#4176=EDGE_CURVE('',#1980,#1969,#1261,.T.);
#4186=EDGE_CURVE('',#1980,#1981,#1265,.T.);
#4189=EDGE_CURVE('',#1985,#1983,#1274,.T.);
#4214=EDGE_CURVE('',#1993,#1988,#1297,.T.);
#4226=EDGE_CURVE('',#1991,#1989,#1288,.T.);
#4240=EDGE_CURVE('',#2001,#1996,#1315,.T.);
#4252=EDGE_CURVE('',#1999,#1997,#1306,.T.);
#4266=EDGE_CURVE('',#2005,#2003,#1319,.T.);
#4279=EDGE_CURVE('',#2249,#2247,#1328,.T.);
#4302=EDGE_CURVE('',#2332,#2333,#1381,.T.);
#4304=EDGE_CURVE('',#2332,#2288,#1337,.T.);
#4306=EDGE_CURVE('',#2288,#2295,#1341,.T.);
#4310=EDGE_CURVE('',#2291,#2280,#1345,.T.);
#4312=EDGE_CURVE('',#2280,#2281,#1349,.T.);
#4314=EDGE_CURVE('',#2281,#2341,#1353,.T.);
#4316=EDGE_CURVE('',#2340,#2341,#1397,.T.);
#4318=EDGE_CURVE('',#2340,#2333,#1357,.T.);
#4328=EDGE_CURVE('',#2349,#2351,#1474,.T.);
#4330=EDGE_CURVE('',#2349,#2321,#1361,.T.);
#4333=EDGE_CURVE('',#2320,#2365,#1365,.T.);
#4335=EDGE_CURVE('',#2363,#2365,#1543,.T.);
#4337=EDGE_CURVE('',#2361,#2363,#1538,.T.);
#4339=EDGE_CURVE('',#2361,#2381,#1369,.T.);
#4341=EDGE_CURVE('',#2380,#2381,#1516,.T.);
#4343=EDGE_CURVE('',#2380,#2373,#1373,.T.);
#4345=EDGE_CURVE('',#2372,#2373,#1498,.T.);
#4347=EDGE_CURVE('',#2372,#2353,#1377,.T.);
#4349=EDGE_CURVE('',#2351,#2353,#1479,.T.);
#4360=EDGE_CURVE('',#2335,#2333,#1385,.T.);
#4362=EDGE_CURVE('',#2335,#2337,#1389,.T.);
#4364=EDGE_CURVE('',#2337,#2332,#1393,.T.);
#4376=EDGE_CURVE('',#2345,#2340,#1409,.T.);
#4378=EDGE_CURVE('',#2345,#2335,#1421,.T.);
#4389=EDGE_CURVE('',#2343,#2341,#1401,.T.);
#4391=EDGE_CURVE('',#2343,#2345,#1405,.T.);
#4404=EDGE_CURVE('',#2281,#2285,#1413,.T.);
#4406=EDGE_CURVE('',#2285,#2343,#1425,.T.);
#4417=EDGE_CURVE('',#2280,#2284,#1417,.T.);
#4419=EDGE_CURVE('',#2284,#2285,#1429,.T.);
#4432=EDGE_CURVE('',#2293,#2284,#1433,.T.);
#4451=EDGE_CURVE('',#2289,#2297,#1437,.T.);
#4453=EDGE_CURVE('',#2337,#2289,#1441,.T.);
#4463=EDGE_CURVE('',#2355,#2357,#1488,.T.);
#4465=EDGE_CURVE('',#2377,#2355,#1445,.T.);
#4467=EDGE_CURVE('',#2375,#2377,#1507,.T.);
#4469=EDGE_CURVE('',#2385,#2375,#1449,.T.);
#4471=EDGE_CURVE('',#2383,#2385,#1525,.T.);
#4473=EDGE_CURVE('',#2360,#2383,#1453,.T.);
#4475=EDGE_CURVE('',#2369,#2360,#1557,.T.);
#4477=EDGE_CURVE('',#2367,#2369,#1552,.T.);
#4479=EDGE_CURVE('',#2324,#2367,#1457,.T.);
#4482=EDGE_CURVE('',#2348,#2325,#1461,.T.);
#4484=EDGE_CURVE('',#2357,#2348,#1493,.T.);
#4495=EDGE_CURVE('',#2288,#2289,#1465,.T.);
#4519=EDGE_CURVE('',#2348,#2349,#1469,.T.);
#4523=EDGE_CURVE('',#2355,#2353,#1483,.T.);
#4549=EDGE_CURVE('',#2377,#2372,#1511,.T.);
#4561=EDGE_CURVE('',#2375,#2373,#1502,.T.);
#4575=EDGE_CURVE('',#2385,#2380,#1529,.T.);
#4587=EDGE_CURVE('',#2383,#2381,#1520,.T.);
#4599=EDGE_CURVE('',#2360,#2361,#1533,.T.);
#4615=EDGE_CURVE('',#2367,#2365,#1547,.T.);
#4639=EDGE_CURVE('',#2400,#2401,#1605,.T.);
#4641=EDGE_CURVE('',#2400,#2308,#1561,.T.);
#4643=EDGE_CURVE('',#2308,#2315,#1565,.T.);
#4647=EDGE_CURVE('',#2311,#2300,#1569,.T.);
#4649=EDGE_CURVE('',#2300,#2301,#1573,.T.);
#4651=EDGE_CURVE('',#2301,#2409,#1577,.T.);
#4653=EDGE_CURVE('',#2408,#2409,#1621,.T.);
#4655=EDGE_CURVE('',#2408,#2401,#1581,.T.);
#4665=EDGE_CURVE('',#2417,#2419,#1698,.T.);
#4667=EDGE_CURVE('',#2417,#2389,#1585,.T.);
#4670=EDGE_CURVE('',#2388,#2433,#1589,.T.);
#4672=EDGE_CURVE('',#2431,#2433,#1767,.T.);
#4674=EDGE_CURVE('',#2429,#2431,#1762,.T.);
#4676=EDGE_CURVE('',#2429,#2449,#1593,.T.);
#4678=EDGE_CURVE('',#2448,#2449,#1740,.T.);
#4680=EDGE_CURVE('',#2448,#2441,#1597,.T.);
#4682=EDGE_CURVE('',#2440,#2441,#1722,.T.);
#4684=EDGE_CURVE('',#2440,#2421,#1601,.T.);
#4686=EDGE_CURVE('',#2419,#2421,#1703,.T.);
#4697=EDGE_CURVE('',#2403,#2401,#1609,.T.);
#4699=EDGE_CURVE('',#2403,#2405,#1613,.T.);
#4701=EDGE_CURVE('',#2405,#2400,#1617,.T.);
#4713=EDGE_CURVE('',#2413,#2408,#1633,.T.);
#4715=EDGE_CURVE('',#2413,#2403,#1645,.T.);
#4726=EDGE_CURVE('',#2411,#2409,#1625,.T.);
#4728=EDGE_CURVE('',#2411,#2413,#1629,.T.);
#4741=EDGE_CURVE('',#2301,#2305,#1637,.T.);
#4743=EDGE_CURVE('',#2305,#2411,#1649,.T.);
#4754=EDGE_CURVE('',#2300,#2304,#1641,.T.);
#4756=EDGE_CURVE('',#2304,#2305,#1653,.T.);
#4769=EDGE_CURVE('',#2313,#2304,#1657,.T.);
#4788=EDGE_CURVE('',#2309,#2317,#1661,.T.);
#4790=EDGE_CURVE('',#2405,#2309,#1665,.T.);
#4800=EDGE_CURVE('',#2423,#2425,#1712,.T.);
#4802=EDGE_CURVE('',#2445,#2423,#1669,.T.);
#4804=EDGE_CURVE('',#2443,#2445,#1731,.T.);
#4806=EDGE_CURVE('',#2453,#2443,#1673,.T.);
#4808=EDGE_CURVE('',#2451,#2453,#1749,.T.);
#4810=EDGE_CURVE('',#2428,#2451,#1677,.T.);
#4812=EDGE_CURVE('',#2437,#2428,#1781,.T.);
#4814=EDGE_CURVE('',#2435,#2437,#1776,.T.);
#4816=EDGE_CURVE('',#2392,#2435,#1681,.T.);
#4819=EDGE_CURVE('',#2416,#2393,#1685,.T.);
#4821=EDGE_CURVE('',#2425,#2416,#1717,.T.);
#4832=EDGE_CURVE('',#2308,#2309,#1689,.T.);
#4856=EDGE_CURVE('',#2416,#2417,#1693,.T.);
#4860=EDGE_CURVE('',#2423,#2421,#1707,.T.);
#4886=EDGE_CURVE('',#2445,#2440,#1735,.T.);
#4898=EDGE_CURVE('',#2443,#2441,#1726,.T.);
#4912=EDGE_CURVE('',#2453,#2448,#1753,.T.);
#4924=EDGE_CURVE('',#2451,#2449,#1744,.T.);
#4936=EDGE_CURVE('',#2428,#2429,#1757,.T.);
#4952=EDGE_CURVE('',#2435,#2433,#1771,.T.);
#4977=EDGE_CURVE('',#2043,#2263,#1797,.T.);
#4989=EDGE_CURVE('',#2261,#2265,#1789,.T.);
#4992=EDGE_CURVE('',#2051,#2037,#1865,.T.);
#4994=EDGE_CURVE('',#2265,#2037,#1805,.T.);
#5016=EDGE_CURVE('',#2265,#2269,#1801,.T.);
#5019=EDGE_CURVE('',#2036,#2037,#1861,.T.);
#5031=EDGE_CURVE('',#2151,#2158,#1809,.T.);
#5033=EDGE_CURVE('',#2149,#2151,#1813,.T.);
#5035=EDGE_CURVE('',#2147,#2149,#1817,.T.);
#5037=EDGE_CURVE('',#2145,#2147,#1821,.T.);
#5039=EDGE_CURVE('',#2144,#2145,#1825,.T.);
#5041=EDGE_CURVE('',#2260,#2144,#1829,.T.);
#5056=EDGE_CURVE('',#2141,#2151,#1833,.T.);
#5069=EDGE_CURVE('',#2139,#2149,#1837,.T.);
#5082=EDGE_CURVE('',#2137,#2147,#1841,.T.);
#5095=EDGE_CURVE('',#2135,#2145,#1845,.T.);
#5108=EDGE_CURVE('',#2134,#2144,#1849,.T.);
#5133=EDGE_CURVE('',#2050,#2059,#1869,.T.);
#5149=EDGE_CURVE('',#2070,#2071,#1881,.T.);
#5189=TRIMMED_CURVE('',#5188,(PARAMETER_VALUE(0.E0)),(PARAMETER_VALUE(1.E0)),
.T.,.UNSPECIFIED.);
#5190=COMPOSITE_CURVE_SEGMENT(.CONTINUOUS.,.T.,#5189);
#5195=TRIMMED_CURVE('',#5194,(PARAMETER_VALUE(0.E0)),(PARAMETER_VALUE(1.E0)),
.T.,.UNSPECIFIED.);
#5196=COMPOSITE_CURVE_SEGMENT(.CONTINUOUS.,.T.,#5195);
#5201=TRIMMED_CURVE('',#5200,(PARAMETER_VALUE(0.E0)),(PARAMETER_VALUE(1.E0)),
.T.,.UNSPECIFIED.);
#5202=COMPOSITE_CURVE_SEGMENT(.CONTINUOUS.,.T.,#5201);
#5207=TRIMMED_CURVE('',#5206,(PARAMETER_VALUE(0.E0)),(PARAMETER_VALUE(1.E0)),
.T.,.UNSPECIFIED.);
#5208=COMPOSITE_CURVE_SEGMENT(.CONTINUOUS.,.T.,#5207);
#5209=COMPOSITE_CURVE('',(#5190,#5196,#5202,#5208),.F.);
#5215=TRIMMED_CURVE('',#5214,(PARAMETER_VALUE(0.E0)),(PARAMETER_VALUE(1.E0)),
.T.,.UNSPECIFIED.);
#5216=COMPOSITE_CURVE_SEGMENT(.CONTINUOUS.,.T.,#5215);
#5221=TRIMMED_CURVE('',#5220,(PARAMETER_VALUE(0.E0)),(PARAMETER_VALUE(1.E0)),
.T.,.UNSPECIFIED.);
#5222=COMPOSITE_CURVE_SEGMENT(.CONTINUOUS.,.T.,#5221);
#5227=TRIMMED_CURVE('',#5226,(PARAMETER_VALUE(0.E0)),(PARAMETER_VALUE(1.E0)),
.T.,.UNSPECIFIED.);
#5228=COMPOSITE_CURVE_SEGMENT(.CONTINUOUS.,.T.,#5227);
#5233=TRIMMED_CURVE('',#5232,(PARAMETER_VALUE(0.E0)),(PARAMETER_VALUE(1.E0)),
.T.,.UNSPECIFIED.);
#5234=COMPOSITE_CURVE_SEGMENT(.CONTINUOUS.,.T.,#5233);
#5235=COMPOSITE_CURVE('',(#5216,#5222,#5228,#5234),.F.);
#5240=TRIMMED_CURVE('',#5239,(PARAMETER_VALUE(0.E0)),(PARAMETER_VALUE(1.E0)),
.T.,.UNSPECIFIED.);
#5241=COMPOSITE_CURVE_SEGMENT(.CONTINUOUS.,.T.,#5240);
#5246=TRIMMED_CURVE('',#5245,(PARAMETER_VALUE(0.E0)),(PARAMETER_VALUE(1.E0)),
.T.,.UNSPECIFIED.);
#5247=COMPOSITE_CURVE_SEGMENT(.CONTINUOUS.,.T.,#5246);
#5252=TRIMMED_CURVE('',#5251,(PARAMETER_VALUE(0.E0)),(PARAMETER_VALUE(1.E0)),
.T.,.UNSPECIFIED.);
#5253=COMPOSITE_CURVE_SEGMENT(.CONTINUOUS.,.T.,#5252);
#5258=TRIMMED_CURVE('',#5257,(PARAMETER_VALUE(0.E0)),(PARAMETER_VALUE(1.E0)),
.T.,.UNSPECIFIED.);
#5259=COMPOSITE_CURVE_SEGMENT(.CONTINUOUS.,.T.,#5258);
#5260=COMPOSITE_CURVE('',(#5241,#5247,#5253,#5259),.F.);
#5265=TRIMMED_CURVE('',#5264,(PARAMETER_VALUE(0.E0)),(PARAMETER_VALUE(1.E0)),
.T.,.UNSPECIFIED.);
#5266=COMPOSITE_CURVE_SEGMENT(.CONTINUOUS.,.T.,#5265);
#5271=TRIMMED_CURVE('',#5270,(PARAMETER_VALUE(0.E0)),(PARAMETER_VALUE(1.E0)),
.T.,.UNSPECIFIED.);
#5272=COMPOSITE_CURVE_SEGMENT(.CONTINUOUS.,.T.,#5271);
#5277=TRIMMED_CURVE('',#5276,(PARAMETER_VALUE(0.E0)),(PARAMETER_VALUE(1.E0)),
.T.,.UNSPECIFIED.);
#5278=COMPOSITE_CURVE_SEGMENT(.CONTINUOUS.,.T.,#5277);
#5283=TRIMMED_CURVE('',#5282,(PARAMETER_VALUE(0.E0)),(PARAMETER_VALUE(1.E0)),
.T.,.UNSPECIFIED.);
#5284=COMPOSITE_CURVE_SEGMENT(.CONTINUOUS.,.T.,#5283);
#5285=COMPOSITE_CURVE('',(#5266,#5272,#5278,#5284),.F.);
#5290=TRIMMED_CURVE('',#5289,(PARAMETER_VALUE(0.E0)),(PARAMETER_VALUE(1.E0)),
.T.,.UNSPECIFIED.);
#5291=COMPOSITE_CURVE_SEGMENT(.CONTINUOUS.,.T.,#5290);
#5296=TRIMMED_CURVE('',#5295,(PARAMETER_VALUE(0.E0)),(PARAMETER_VALUE(1.E0)),
.T.,.UNSPECIFIED.);
#5297=COMPOSITE_CURVE_SEGMENT(.CONTINUOUS.,.T.,#5296);
#5302=TRIMMED_CURVE('',#5301,(PARAMETER_VALUE(0.E0)),(PARAMETER_VALUE(1.E0)),
.T.,.UNSPECIFIED.);
#5303=COMPOSITE_CURVE_SEGMENT(.CONTINUOUS.,.T.,#5302);
#5308=TRIMMED_CURVE('',#5307,(PARAMETER_VALUE(0.E0)),(PARAMETER_VALUE(1.E0)),
.T.,.UNSPECIFIED.);
#5309=COMPOSITE_CURVE_SEGMENT(.CONTINUOUS.,.T.,#5308);
#5310=COMPOSITE_CURVE('',(#5291,#5297,#5303,#5309),.F.);
#5315=TRIMMED_CURVE('',#5314,(PARAMETER_VALUE(0.E0)),(PARAMETER_VALUE(1.E0)),
.T.,.UNSPECIFIED.);
#5316=COMPOSITE_CURVE_SEGMENT(.CONTINUOUS.,.T.,#5315);
#5321=TRIMMED_CURVE('',#5320,(PARAMETER_VALUE(0.E0)),(PARAMETER_VALUE(1.E0)),
.T.,.UNSPECIFIED.);
#5322=COMPOSITE_CURVE_SEGMENT(.CONTINUOUS.,.T.,#5321);
#5327=TRIMMED_CURVE('',#5326,(PARAMETER_VALUE(0.E0)),(PARAMETER_VALUE(1.E0)),
.T.,.UNSPECIFIED.);
#5328=COMPOSITE_CURVE_SEGMENT(.CONTINUOUS.,.T.,#5327);
#5333=TRIMMED_CURVE('',#5332,(PARAMETER_VALUE(0.E0)),(PARAMETER_VALUE(1.E0)),
.T.,.UNSPECIFIED.);
#5334=COMPOSITE_CURVE_SEGMENT(.CONTINUOUS.,.T.,#5333);
#5339=TRIMMED_CURVE('',#5338,(PARAMETER_VALUE(0.E0)),(PARAMETER_VALUE(1.E0)),
.T.,.UNSPECIFIED.);
#5340=COMPOSITE_CURVE_SEGMENT(.CONTINUOUS.,.T.,#5339);
#5345=TRIMMED_CURVE('',#5344,(PARAMETER_VALUE(0.E0)),(PARAMETER_VALUE(1.E0)),
.T.,.UNSPECIFIED.);
#5346=COMPOSITE_CURVE_SEGMENT(.CONTINUOUS.,.T.,#5345);
#5351=TRIMMED_CURVE('',#5350,(PARAMETER_VALUE(0.E0)),(PARAMETER_VALUE(1.E0)),
.T.,.UNSPECIFIED.);
#5352=COMPOSITE_CURVE_SEGMENT(.CONTINUOUS.,.T.,#5351);
#5353=COMPOSITE_CURVE('',(#5316,#5322,#5328,#5334,#5340,#5346,#5352),.F.);
#5354=(LENGTH_UNIT()NAMED_UNIT(*)SI_UNIT(.MILLI.,.METRE.));
#5356=(NAMED_UNIT(*)PLANE_ANGLE_UNIT()SI_UNIT($,.RADIAN.));
#5359=(NAMED_UNIT(*)SI_UNIT($,.STERADIAN.)SOLID_ANGLE_UNIT());
#5362=ADVANCED_BREP_SHAPE_REPRESENTATION('',(#5180),#5361);
#5363=GEOMETRICALLY_BOUNDED_SURFACE_SHAPE_REPRESENTATION('',(#5210),#5361);
#5364=SHAPE_REPRESENTATION('',(#5184),#5361);
#5373=PRODUCT_DEFINITION('design','',#5372,#5369);
#5374=PRODUCT_DEFINITION_SHAPE('','SHAPE FOR 5015680307.',#5373);
#5375=SHAPE_DEFINITION_REPRESENTATION(#5374,#5364);
ENDSEC;
END-ISO-10303-21;
