ISO-10303-21;
HEADER;
FILE_DESCRIPTION( ( 'STEP AP214' ), '1' );
FILE_NAME( 'C:/Users/KMIROS~1/AppData/Local/Temp/psolqas1353489093.stp', '2019-07-15T11:53:48', ( '' ), ( '' ), ' ', 'PARTsolutions', ' ' );
FILE_SCHEMA( ( 'AUTOMOTIVE_DESIGN { 1 0 10303 214 1 1 1 1 }' ) );
ENDSEC;
DATA;
#1 = PRODUCT_DEFINITION_CONTEXT( '', #9, 'design' );
#2 = APPLICATION_PROTOCOL_DEFINITION( 'international standard', 'automotive_design', 2001, #9 );
#3 = PRODUCT_CATEGORY_RELATIONSHIP( 'NONE', 'NONE', #10, #11 );
#4 = SHAPE_DEFINITION_REPRESENTATION( #12, #13 );
#5 =  ( GEOMETRIC_REPRESENTATION_CONTEXT( 3 )GLOBAL_UNCERTAINTY_ASSIGNED_CONTEXT( ( #16 ) )GLOBAL_UNIT_ASSIGNED_CONTEXT( ( #18, #19, #20 ) )REPRESENTATION_CONTEXT( 'NONE', 'WORKSPACE' ) );
#9 = APPLICATION_CONTEXT( 'core data for automotive mechanical design processes' );
#10 = PRODUCT_CATEGORY( 'part', 'NONE' );
#11 = PRODUCT_RELATED_PRODUCT_CATEGORY( 'detail', ' ', ( #22 ) );
#12 = PRODUCT_DEFINITION_SHAPE( 'NONE', 'NONE', #23 );
#13 = ADVANCED_BREP_SHAPE_REPRESENTATION( '1', ( #24, #25 ), #5 );
#16 = UNCERTAINTY_MEASURE_WITH_UNIT( LENGTH_MEASURE( 1.00000000000000E-06 ), #18, '', '' );
#18 =  ( CONVERSION_BASED_UNIT( 'METRE', #28 )LENGTH_UNIT(  )NAMED_UNIT( #31 ) );
#19 =  ( NAMED_UNIT( #33 )PLANE_ANGLE_UNIT(  )SI_UNIT( $, .RADIAN. ) );
#20 =  ( NAMED_UNIT( #33 )SI_UNIT( $, .STERADIAN. )SOLID_ANGLE_UNIT(  ) );
#22 = PRODUCT( '1', '1', 'PART-1-DESC', ( #39 ) );
#23 = PRODUCT_DEFINITION( 'NONE', 'NONE', #40, #1 );
#24 = MANIFOLD_SOLID_BREP( '1', #41 );
#25 = AXIS2_PLACEMENT_3D( '', #42, #43, #44 );
#28 = LENGTH_MEASURE_WITH_UNIT( LENGTH_MEASURE( 1.00000000000000 ), #45 );
#31 = DIMENSIONAL_EXPONENTS( 1.00000000000000, 0.000000000000000, 0.000000000000000, 0.000000000000000, 0.000000000000000, 0.000000000000000, 0.000000000000000 );
#33 = DIMENSIONAL_EXPONENTS( 0.000000000000000, 0.000000000000000, 0.000000000000000, 0.000000000000000, 0.000000000000000, 0.000000000000000, 0.000000000000000 );
#39 = PRODUCT_CONTEXT( '', #9, 'mechanical' );
#40 = PRODUCT_DEFINITION_FORMATION_WITH_SPECIFIED_SOURCE( ' ', 'NONE', #22, .NOT_KNOWN. );
#41 = CLOSED_SHELL( '', ( #46, #47, #48, #49, #50, #51, #52, #53, #54, #55, #56, #57, #58, #59, #60, #61, #62, #63, #64, #65, #66, #67, #68, #69, #70, #71, #72, #73, #74, #75, #76, #77, #78, #79, #80, #81, #82, #83, #84, #85, #86, #87, #88, #89, #90, #91, #92, #93, #94, #95, #96, #97, #98, #99, #100, #101, #102, #103, #104, #105, #106, #107, #108, #109, #110, #111, #112, #113, #114, #115, #116, #117, #118, #119, #120, #121, #122, #123, #124, #125, #126, #127, #128, #129, #130, #131, #132, #133, #134, #135, #136, #137, #138, #139, #140, #141, #142, #143, #144, #145, #146, #147, #148, #149, #150, #151, #152, #153, #154, #155, #156, #157, #158, #159, #160, #161, #162, #163, #164, #165, #166, #167, #168, #169, #170, #171, #172, #173, #174, #175, #176, #177, #178, #179, #180 ) );
#42 = CARTESIAN_POINT( '', ( 0.000000000000000, 0.000000000000000, 0.000000000000000 ) );
#43 = DIRECTION( '', ( 0.000000000000000, 0.000000000000000, 1.00000000000000 ) );
#44 = DIRECTION( '', ( 1.00000000000000, 0.000000000000000, 0.000000000000000 ) );
#45 =  ( LENGTH_UNIT(  )NAMED_UNIT( #31 )SI_UNIT( $, .METRE. ) );
#46 = ADVANCED_FACE( '', ( #182 ), #183, .F. );
#47 = ADVANCED_FACE( '', ( #184 ), #185, .F. );
#48 = ADVANCED_FACE( '', ( #186 ), #187, .F. );
#49 = ADVANCED_FACE( '', ( #188 ), #189, .F. );
#50 = ADVANCED_FACE( '', ( #190 ), #191, .T. );
#51 = ADVANCED_FACE( '', ( #192 ), #193, .F. );
#52 = ADVANCED_FACE( '', ( #194 ), #195, .F. );
#53 = ADVANCED_FACE( '', ( #196 ), #197, .F. );
#54 = ADVANCED_FACE( '', ( #198 ), #199, .T. );
#55 = ADVANCED_FACE( '', ( #200 ), #201, .T. );
#56 = ADVANCED_FACE( '', ( #202 ), #203, .F. );
#57 = ADVANCED_FACE( '', ( #204 ), #205, .F. );
#58 = ADVANCED_FACE( '', ( #206 ), #207, .F. );
#59 = ADVANCED_FACE( '', ( #208 ), #209, .F. );
#60 = ADVANCED_FACE( '', ( #210 ), #211, .F. );
#61 = ADVANCED_FACE( '', ( #212 ), #213, .F. );
#62 = ADVANCED_FACE( '', ( #214 ), #215, .F. );
#63 = ADVANCED_FACE( '', ( #216 ), #217, .T. );
#64 = ADVANCED_FACE( '', ( #218 ), #219, .F. );
#65 = ADVANCED_FACE( '', ( #220 ), #221, .F. );
#66 = ADVANCED_FACE( '', ( #222 ), #223, .T. );
#67 = ADVANCED_FACE( '', ( #224 ), #225, .F. );
#68 = ADVANCED_FACE( '', ( #226 ), #227, .T. );
#69 = ADVANCED_FACE( '', ( #228, #229, #230, #231 ), #232, .T. );
#70 = ADVANCED_FACE( '', ( #233 ), #234, .T. );
#71 = ADVANCED_FACE( '', ( #235 ), #236, .F. );
#72 = ADVANCED_FACE( '', ( #237 ), #238, .F. );
#73 = ADVANCED_FACE( '', ( #239 ), #240, .T. );
#74 = ADVANCED_FACE( '', ( #241 ), #242, .F. );
#75 = ADVANCED_FACE( '', ( #243 ), #244, .F. );
#76 = ADVANCED_FACE( '', ( #245 ), #246, .F. );
#77 = ADVANCED_FACE( '', ( #247 ), #248, .F. );
#78 = ADVANCED_FACE( '', ( #249 ), #250, .T. );
#79 = ADVANCED_FACE( '', ( #251 ), #252, .F. );
#80 = ADVANCED_FACE( '', ( #253 ), #254, .T. );
#81 = ADVANCED_FACE( '', ( #255 ), #256, .F. );
#82 = ADVANCED_FACE( '', ( #257 ), #258, .T. );
#83 = ADVANCED_FACE( '', ( #259 ), #260, .F. );
#84 = ADVANCED_FACE( '', ( #261 ), #262, .T. );
#85 = ADVANCED_FACE( '', ( #263 ), #264, .T. );
#86 = ADVANCED_FACE( '', ( #265 ), #266, .F. );
#87 = ADVANCED_FACE( '', ( #267 ), #268, .F. );
#88 = ADVANCED_FACE( '', ( #269 ), #270, .T. );
#89 = ADVANCED_FACE( '', ( #271 ), #272, .F. );
#90 = ADVANCED_FACE( '', ( #273 ), #274, .F. );
#91 = ADVANCED_FACE( '', ( #275 ), #276, .T. );
#92 = ADVANCED_FACE( '', ( #277 ), #278, .T. );
#93 = ADVANCED_FACE( '', ( #279 ), #280, .F. );
#94 = ADVANCED_FACE( '', ( #281 ), #282, .F. );
#95 = ADVANCED_FACE( '', ( #283 ), #284, .T. );
#96 = ADVANCED_FACE( '', ( #285 ), #286, .T. );
#97 = ADVANCED_FACE( '', ( #287 ), #288, .F. );
#98 = ADVANCED_FACE( '', ( #289 ), #290, .F. );
#99 = ADVANCED_FACE( '', ( #291 ), #292, .F. );
#100 = ADVANCED_FACE( '', ( #293 ), #294, .F. );
#101 = ADVANCED_FACE( '', ( #295 ), #296, .F. );
#102 = ADVANCED_FACE( '', ( #297 ), #298, .F. );
#103 = ADVANCED_FACE( '', ( #299 ), #300, .F. );
#104 = ADVANCED_FACE( '', ( #301 ), #302, .F. );
#105 = ADVANCED_FACE( '', ( #303 ), #304, .F. );
#106 = ADVANCED_FACE( '', ( #305 ), #306, .T. );
#107 = ADVANCED_FACE( '', ( #307 ), #308, .T. );
#108 = ADVANCED_FACE( '', ( #309 ), #310, .F. );
#109 = ADVANCED_FACE( '', ( #311 ), #312, .F. );
#110 = ADVANCED_FACE( '', ( #313 ), #314, .F. );
#111 = ADVANCED_FACE( '', ( #315 ), #316, .F. );
#112 = ADVANCED_FACE( '', ( #317 ), #318, .F. );
#113 = ADVANCED_FACE( '', ( #319 ), #320, .F. );
#114 = ADVANCED_FACE( '', ( #321 ), #322, .F. );
#115 = ADVANCED_FACE( '', ( #323 ), #324, .T. );
#116 = ADVANCED_FACE( '', ( #325 ), #326, .F. );
#117 = ADVANCED_FACE( '', ( #327 ), #328, .F. );
#118 = ADVANCED_FACE( '', ( #329 ), #330, .T. );
#119 = ADVANCED_FACE( '', ( #331 ), #332, .T. );
#120 = ADVANCED_FACE( '', ( #333 ), #334, .T. );
#121 = ADVANCED_FACE( '', ( #335 ), #336, .T. );
#122 = ADVANCED_FACE( '', ( #337 ), #338, .F. );
#123 = ADVANCED_FACE( '', ( #339 ), #340, .F. );
#124 = ADVANCED_FACE( '', ( #341 ), #342, .F. );
#125 = ADVANCED_FACE( '', ( #343 ), #344, .T. );
#126 = ADVANCED_FACE( '', ( #345 ), #346, .F. );
#127 = ADVANCED_FACE( '', ( #347 ), #348, .F. );
#128 = ADVANCED_FACE( '', ( #349 ), #350, .F. );
#129 = ADVANCED_FACE( '', ( #351 ), #352, .F. );
#130 = ADVANCED_FACE( '', ( #353 ), #354, .T. );
#131 = ADVANCED_FACE( '', ( #355 ), #356, .T. );
#132 = ADVANCED_FACE( '', ( #357 ), #358, .T. );
#133 = ADVANCED_FACE( '', ( #359 ), #360, .F. );
#134 = ADVANCED_FACE( '', ( #361 ), #362, .F. );
#135 = ADVANCED_FACE( '', ( #363 ), #364, .F. );
#136 = ADVANCED_FACE( '', ( #365 ), #366, .F. );
#137 = ADVANCED_FACE( '', ( #367 ), #368, .F. );
#138 = ADVANCED_FACE( '', ( #369 ), #370, .F. );
#139 = ADVANCED_FACE( '', ( #371 ), #372, .F. );
#140 = ADVANCED_FACE( '', ( #373 ), #374, .T. );
#141 = ADVANCED_FACE( '', ( #375 ), #376, .T. );
#142 = ADVANCED_FACE( '', ( #377 ), #378, .T. );
#143 = ADVANCED_FACE( '', ( #379 ), #380, .F. );
#144 = ADVANCED_FACE( '', ( #381 ), #382, .F. );
#145 = ADVANCED_FACE( '', ( #383 ), #384, .F. );
#146 = ADVANCED_FACE( '', ( #385 ), #386, .T. );
#147 = ADVANCED_FACE( '', ( #387 ), #388, .F. );
#148 = ADVANCED_FACE( '', ( #389 ), #390, .F. );
#149 = ADVANCED_FACE( '', ( #391 ), #392, .F. );
#150 = ADVANCED_FACE( '', ( #393 ), #394, .T. );
#151 = ADVANCED_FACE( '', ( #395 ), #396, .T. );
#152 = ADVANCED_FACE( '', ( #397 ), #398, .T. );
#153 = ADVANCED_FACE( '', ( #399 ), #400, .F. );
#154 = ADVANCED_FACE( '', ( #401 ), #402, .F. );
#155 = ADVANCED_FACE( '', ( #403 ), #404, .T. );
#156 = ADVANCED_FACE( '', ( #405 ), #406, .F. );
#157 = ADVANCED_FACE( '', ( #407 ), #408, .F. );
#158 = ADVANCED_FACE( '', ( #409 ), #410, .F. );
#159 = ADVANCED_FACE( '', ( #411 ), #412, .F. );
#160 = ADVANCED_FACE( '', ( #413 ), #414, .T. );
#161 = ADVANCED_FACE( '', ( #415 ), #416, .F. );
#162 = ADVANCED_FACE( '', ( #417 ), #418, .F. );
#163 = ADVANCED_FACE( '', ( #419 ), #420, .F. );
#164 = ADVANCED_FACE( '', ( #421 ), #422, .F. );
#165 = ADVANCED_FACE( '', ( #423 ), #424, .T. );
#166 = ADVANCED_FACE( '', ( #425 ), #426, .T. );
#167 = ADVANCED_FACE( '', ( #427 ), #428, .F. );
#168 = ADVANCED_FACE( '', ( #429 ), #430, .T. );
#169 = ADVANCED_FACE( '', ( #431 ), #432, .F. );
#170 = ADVANCED_FACE( '', ( #433 ), #434, .T. );
#171 = ADVANCED_FACE( '', ( #435 ), #436, .T. );
#172 = ADVANCED_FACE( '', ( #437 ), #438, .T. );
#173 = ADVANCED_FACE( '', ( #439 ), #440, .T. );
#174 = ADVANCED_FACE( '', ( #441 ), #442, .F. );
#175 = ADVANCED_FACE( '', ( #443 ), #444, .F. );
#176 = ADVANCED_FACE( '', ( #445 ), #446, .F. );
#177 = ADVANCED_FACE( '', ( #447 ), #448, .F. );
#178 = ADVANCED_FACE( '', ( #449 ), #450, .F. );
#179 = ADVANCED_FACE( '', ( #451 ), #452, .F. );
#180 = ADVANCED_FACE( '', ( #453 ), #454, .F. );
#182 = FACE_OUTER_BOUND( '', #455, .T. );
#183 = PLANE( '', #456 );
#184 = FACE_OUTER_BOUND( '', #457, .T. );
#185 = PLANE( '', #458 );
#186 = FACE_OUTER_BOUND( '', #459, .T. );
#187 = PLANE( '', #460 );
#188 = FACE_OUTER_BOUND( '', #461, .T. );
#189 = PLANE( '', #462 );
#190 = FACE_OUTER_BOUND( '', #463, .T. );
#191 = CYLINDRICAL_SURFACE( '', #464, 0.000300000000000000 );
#192 = FACE_OUTER_BOUND( '', #465, .T. );
#193 = PLANE( '', #466 );
#194 = FACE_OUTER_BOUND( '', #467, .T. );
#195 = PLANE( '', #468 );
#196 = FACE_OUTER_BOUND( '', #469, .T. );
#197 = PLANE( '', #470 );
#198 = FACE_OUTER_BOUND( '', #471, .T. );
#199 = PLANE( '', #472 );
#200 = FACE_OUTER_BOUND( '', #473, .T. );
#201 = PLANE( '', #474 );
#202 = FACE_OUTER_BOUND( '', #475, .T. );
#203 = PLANE( '', #476 );
#204 = FACE_OUTER_BOUND( '', #477, .T. );
#205 = PLANE( '', #478 );
#206 = FACE_OUTER_BOUND( '', #479, .T. );
#207 = PLANE( '', #480 );
#208 = FACE_OUTER_BOUND( '', #481, .T. );
#209 = PLANE( '', #482 );
#210 = FACE_OUTER_BOUND( '', #483, .T. );
#211 = PLANE( '', #484 );
#212 = FACE_OUTER_BOUND( '', #485, .T. );
#213 = CYLINDRICAL_SURFACE( '', #486, 0.000500000000000000 );
#214 = FACE_OUTER_BOUND( '', #487, .T. );
#215 = PLANE( '', #488 );
#216 = FACE_OUTER_BOUND( '', #489, .T. );
#217 = PLANE( '', #490 );
#218 = FACE_OUTER_BOUND( '', #491, .T. );
#219 = PLANE( '', #492 );
#220 = FACE_OUTER_BOUND( '', #493, .T. );
#221 = PLANE( '', #494 );
#222 = FACE_OUTER_BOUND( '', #495, .T. );
#223 = PLANE( '', #496 );
#224 = FACE_OUTER_BOUND( '', #497, .T. );
#225 = PLANE( '', #498 );
#226 = FACE_OUTER_BOUND( '', #499, .T. );
#227 = PLANE( '', #500 );
#228 = FACE_OUTER_BOUND( '', #501, .T. );
#229 = FACE_BOUND( '', #502, .T. );
#230 = FACE_BOUND( '', #503, .T. );
#231 = FACE_BOUND( '', #504, .T. );
#232 = PLANE( '', #505 );
#233 = FACE_OUTER_BOUND( '', #506, .T. );
#234 = PLANE( '', #507 );
#235 = FACE_OUTER_BOUND( '', #508, .T. );
#236 = PLANE( '', #509 );
#237 = FACE_OUTER_BOUND( '', #510, .T. );
#238 = PLANE( '', #511 );
#239 = FACE_OUTER_BOUND( '', #512, .T. );
#240 = PLANE( '', #513 );
#241 = FACE_OUTER_BOUND( '', #514, .T. );
#242 = PLANE( '', #515 );
#243 = FACE_OUTER_BOUND( '', #516, .T. );
#244 = PLANE( '', #517 );
#245 = FACE_OUTER_BOUND( '', #518, .T. );
#246 = PLANE( '', #519 );
#247 = FACE_OUTER_BOUND( '', #520, .T. );
#248 = PLANE( '', #521 );
#249 = FACE_OUTER_BOUND( '', #522, .T. );
#250 = PLANE( '', #523 );
#251 = FACE_OUTER_BOUND( '', #524, .T. );
#252 = PLANE( '', #525 );
#253 = FACE_OUTER_BOUND( '', #526, .T. );
#254 = PLANE( '', #527 );
#255 = FACE_OUTER_BOUND( '', #528, .T. );
#256 = PLANE( '', #529 );
#257 = FACE_OUTER_BOUND( '', #530, .T. );
#258 = PLANE( '', #531 );
#259 = FACE_OUTER_BOUND( '', #532, .T. );
#260 = PLANE( '', #533 );
#261 = FACE_OUTER_BOUND( '', #534, .T. );
#262 = PLANE( '', #535 );
#263 = FACE_OUTER_BOUND( '', #536, .T. );
#264 = CYLINDRICAL_SURFACE( '', #537, 0.00100000000000000 );
#265 = FACE_OUTER_BOUND( '', #538, .T. );
#266 = PLANE( '', #539 );
#267 = FACE_OUTER_BOUND( '', #540, .T. );
#268 = PLANE( '', #541 );
#269 = FACE_OUTER_BOUND( '', #542, .T. );
#270 = PLANE( '', #543 );
#271 = FACE_OUTER_BOUND( '', #544, .T. );
#272 = PLANE( '', #545 );
#273 = FACE_OUTER_BOUND( '', #546, .T. );
#274 = PLANE( '', #547 );
#275 = FACE_OUTER_BOUND( '', #548, .T. );
#276 = PLANE( '', #549 );
#277 = FACE_OUTER_BOUND( '', #550, .T. );
#278 = PLANE( '', #551 );
#279 = FACE_OUTER_BOUND( '', #552, .T. );
#280 = PLANE( '', #553 );
#281 = FACE_OUTER_BOUND( '', #554, .T. );
#282 = PLANE( '', #555 );
#283 = FACE_OUTER_BOUND( '', #556, .T. );
#284 = CYLINDRICAL_SURFACE( '', #557, 0.000300000000000000 );
#285 = FACE_OUTER_BOUND( '', #558, .T. );
#286 = PLANE( '', #559 );
#287 = FACE_OUTER_BOUND( '', #560, .T. );
#288 = PLANE( '', #561 );
#289 = FACE_OUTER_BOUND( '', #562, .T. );
#290 = CYLINDRICAL_SURFACE( '', #563, 0.000500000000000000 );
#291 = FACE_OUTER_BOUND( '', #564, .T. );
#292 = PLANE( '', #565 );
#293 = FACE_OUTER_BOUND( '', #566, .T. );
#294 = PLANE( '', #567 );
#295 = FACE_OUTER_BOUND( '', #568, .T. );
#296 = CYLINDRICAL_SURFACE( '', #569, 0.000500000000000000 );
#297 = FACE_OUTER_BOUND( '', #570, .T. );
#298 = PLANE( '', #571 );
#299 = FACE_OUTER_BOUND( '', #572, .T. );
#300 = PLANE( '', #573 );
#301 = FACE_OUTER_BOUND( '', #574, .T. );
#302 = PLANE( '', #575 );
#303 = FACE_OUTER_BOUND( '', #576, .T. );
#304 = PLANE( '', #577 );
#305 = FACE_OUTER_BOUND( '', #578, .T. );
#306 = PLANE( '', #579 );
#307 = FACE_OUTER_BOUND( '', #580, .T. );
#308 = PLANE( '', #581 );
#309 = FACE_OUTER_BOUND( '', #582, .T. );
#310 = PLANE( '', #583 );
#311 = FACE_OUTER_BOUND( '', #584, .T. );
#312 = PLANE( '', #585 );
#313 = FACE_OUTER_BOUND( '', #586, .T. );
#314 = PLANE( '', #587 );
#315 = FACE_OUTER_BOUND( '', #588, .T. );
#316 = PLANE( '', #589 );
#317 = FACE_OUTER_BOUND( '', #590, .T. );
#318 = PLANE( '', #591 );
#319 = FACE_OUTER_BOUND( '', #592, .T. );
#320 = PLANE( '', #593 );
#321 = FACE_OUTER_BOUND( '', #594, .T. );
#322 = PLANE( '', #595 );
#323 = FACE_OUTER_BOUND( '', #596, .T. );
#324 = CYLINDRICAL_SURFACE( '', #597, 0.00100000000000000 );
#325 = FACE_OUTER_BOUND( '', #598, .T. );
#326 = PLANE( '', #599 );
#327 = FACE_OUTER_BOUND( '', #600, .T. );
#328 = PLANE( '', #601 );
#329 = FACE_OUTER_BOUND( '', #602, .T. );
#330 = PLANE( '', #603 );
#331 = FACE_OUTER_BOUND( '', #604, .T. );
#332 = CYLINDRICAL_SURFACE( '', #605, 0.00100000000000000 );
#333 = FACE_OUTER_BOUND( '', #606, .T. );
#334 = PLANE( '', #607 );
#335 = FACE_OUTER_BOUND( '', #608, .T. );
#336 = PLANE( '', #609 );
#337 = FACE_OUTER_BOUND( '', #610, .T. );
#338 = PLANE( '', #611 );
#339 = FACE_OUTER_BOUND( '', #612, .T. );
#340 = PLANE( '', #613 );
#341 = FACE_OUTER_BOUND( '', #614, .T. );
#342 = PLANE( '', #615 );
#343 = FACE_OUTER_BOUND( '', #616, .T. );
#344 = PLANE( '', #617 );
#345 = FACE_OUTER_BOUND( '', #618, .T. );
#346 = PLANE( '', #619 );
#347 = FACE_OUTER_BOUND( '', #620, .T. );
#348 = PLANE( '', #621 );
#349 = FACE_OUTER_BOUND( '', #622, .T. );
#350 = PLANE( '', #623 );
#351 = FACE_OUTER_BOUND( '', #624, .T. );
#352 = PLANE( '', #625 );
#353 = FACE_OUTER_BOUND( '', #626, .T. );
#354 = PLANE( '', #627 );
#355 = FACE_OUTER_BOUND( '', #628, .T. );
#356 = PLANE( '', #629 );
#357 = FACE_OUTER_BOUND( '', #630, .T. );
#358 = PLANE( '', #631 );
#359 = FACE_OUTER_BOUND( '', #632, .T. );
#360 = PLANE( '', #633 );
#361 = FACE_OUTER_BOUND( '', #634, .T. );
#362 = PLANE( '', #635 );
#363 = FACE_OUTER_BOUND( '', #636, .T. );
#364 = PLANE( '', #637 );
#365 = FACE_OUTER_BOUND( '', #638, .T. );
#366 = PLANE( '', #639 );
#367 = FACE_OUTER_BOUND( '', #640, .T. );
#368 = PLANE( '', #641 );
#369 = FACE_OUTER_BOUND( '', #642, .T. );
#370 = PLANE( '', #643 );
#371 = FACE_OUTER_BOUND( '', #644, .T. );
#372 = PLANE( '', #645 );
#373 = FACE_OUTER_BOUND( '', #646, .T. );
#374 = PLANE( '', #647 );
#375 = FACE_OUTER_BOUND( '', #648, .T. );
#376 = PLANE( '', #649 );
#377 = FACE_OUTER_BOUND( '', #650, .T. );
#378 = CYLINDRICAL_SURFACE( '', #651, 0.000300000000000000 );
#379 = FACE_OUTER_BOUND( '', #652, .T. );
#380 = PLANE( '', #653 );
#381 = FACE_OUTER_BOUND( '', #654, .T. );
#382 = PLANE( '', #655 );
#383 = FACE_OUTER_BOUND( '', #656, .T. );
#384 = PLANE( '', #657 );
#385 = FACE_OUTER_BOUND( '', #658, .T. );
#386 = PLANE( '', #659 );
#387 = FACE_OUTER_BOUND( '', #660, .T. );
#388 = PLANE( '', #661 );
#389 = FACE_OUTER_BOUND( '', #662, .T. );
#390 = PLANE( '', #663 );
#391 = FACE_OUTER_BOUND( '', #664, .T. );
#392 = PLANE( '', #665 );
#393 = FACE_OUTER_BOUND( '', #666, .T. );
#394 = PLANE( '', #667 );
#395 = FACE_OUTER_BOUND( '', #668, .T. );
#396 = PLANE( '', #669 );
#397 = FACE_OUTER_BOUND( '', #670, .T. );
#398 = PLANE( '', #671 );
#399 = FACE_OUTER_BOUND( '', #672, .T. );
#400 = PLANE( '', #673 );
#401 = FACE_OUTER_BOUND( '', #674, .T. );
#402 = PLANE( '', #675 );
#403 = FACE_OUTER_BOUND( '', #676, .T. );
#404 = PLANE( '', #677 );
#405 = FACE_OUTER_BOUND( '', #678, .T. );
#406 = PLANE( '', #679 );
#407 = FACE_OUTER_BOUND( '', #680, .T. );
#408 = PLANE( '', #681 );
#409 = FACE_OUTER_BOUND( '', #682, .T. );
#410 = PLANE( '', #683 );
#411 = FACE_OUTER_BOUND( '', #684, .T. );
#412 = PLANE( '', #685 );
#413 = FACE_OUTER_BOUND( '', #686, .T. );
#414 = PLANE( '', #687 );
#415 = FACE_OUTER_BOUND( '', #688, .T. );
#416 = PLANE( '', #689 );
#417 = FACE_OUTER_BOUND( '', #690, .T. );
#418 = PLANE( '', #691 );
#419 = FACE_OUTER_BOUND( '', #692, .T. );
#420 = PLANE( '', #693 );
#421 = FACE_OUTER_BOUND( '', #694, .T. );
#422 = PLANE( '', #695 );
#423 = FACE_OUTER_BOUND( '', #696, .T. );
#424 = PLANE( '', #697 );
#425 = FACE_OUTER_BOUND( '', #698, .T. );
#426 = PLANE( '', #699 );
#427 = FACE_OUTER_BOUND( '', #700, .T. );
#428 = PLANE( '', #701 );
#429 = FACE_OUTER_BOUND( '', #702, .T. );
#430 = PLANE( '', #703 );
#431 = FACE_OUTER_BOUND( '', #704, .T. );
#432 = PLANE( '', #705 );
#433 = FACE_OUTER_BOUND( '', #706, .T. );
#434 = PLANE( '', #707 );
#435 = FACE_OUTER_BOUND( '', #708, .T. );
#436 = PLANE( '', #709 );
#437 = FACE_OUTER_BOUND( '', #710, .T. );
#438 = PLANE( '', #711 );
#439 = FACE_OUTER_BOUND( '', #712, .T. );
#440 = PLANE( '', #713 );
#441 = FACE_OUTER_BOUND( '', #714, .T. );
#442 = PLANE( '', #715 );
#443 = FACE_OUTER_BOUND( '', #716, .T. );
#444 = PLANE( '', #717 );
#445 = FACE_OUTER_BOUND( '', #718, .T. );
#446 = PLANE( '', #719 );
#447 = FACE_OUTER_BOUND( '', #720, .T. );
#448 = PLANE( '', #721 );
#449 = FACE_OUTER_BOUND( '', #722, .T. );
#450 = PLANE( '', #723 );
#451 = FACE_OUTER_BOUND( '', #724, .T. );
#452 = PLANE( '', #725 );
#453 = FACE_OUTER_BOUND( '', #726, .T. );
#454 = PLANE( '', #727 );
#455 = EDGE_LOOP( '', ( #728, #729, #730, #731, #732 ) );
#456 = AXIS2_PLACEMENT_3D( '', #733, #734, #735 );
#457 = EDGE_LOOP( '', ( #736, #737, #738, #739 ) );
#458 = AXIS2_PLACEMENT_3D( '', #740, #741, #742 );
#459 = EDGE_LOOP( '', ( #743, #744, #745, #746 ) );
#460 = AXIS2_PLACEMENT_3D( '', #747, #748, #749 );
#461 = EDGE_LOOP( '', ( #750, #751, #752, #753, #754 ) );
#462 = AXIS2_PLACEMENT_3D( '', #755, #756, #757 );
#463 = EDGE_LOOP( '', ( #758, #759, #760, #761 ) );
#464 = AXIS2_PLACEMENT_3D( '', #762, #763, #764 );
#465 = EDGE_LOOP( '', ( #765, #766, #767, #768 ) );
#466 = AXIS2_PLACEMENT_3D( '', #769, #770, #771 );
#467 = EDGE_LOOP( '', ( #772, #773, #774, #775 ) );
#468 = AXIS2_PLACEMENT_3D( '', #776, #777, #778 );
#469 = EDGE_LOOP( '', ( #779, #780, #781, #782 ) );
#470 = AXIS2_PLACEMENT_3D( '', #783, #784, #785 );
#471 = EDGE_LOOP( '', ( #786, #787, #788, #789 ) );
#472 = AXIS2_PLACEMENT_3D( '', #790, #791, #792 );
#473 = EDGE_LOOP( '', ( #793, #794, #795, #796 ) );
#474 = AXIS2_PLACEMENT_3D( '', #797, #798, #799 );
#475 = EDGE_LOOP( '', ( #800, #801, #802, #803 ) );
#476 = AXIS2_PLACEMENT_3D( '', #804, #805, #806 );
#477 = EDGE_LOOP( '', ( #807, #808, #809, #810, #811 ) );
#478 = AXIS2_PLACEMENT_3D( '', #812, #813, #814 );
#479 = EDGE_LOOP( '', ( #815, #816, #817, #818 ) );
#480 = AXIS2_PLACEMENT_3D( '', #819, #820, #821 );
#481 = EDGE_LOOP( '', ( #822, #823, #824, #825 ) );
#482 = AXIS2_PLACEMENT_3D( '', #826, #827, #828 );
#483 = EDGE_LOOP( '', ( #829, #830, #831, #832, #833 ) );
#484 = AXIS2_PLACEMENT_3D( '', #834, #835, #836 );
#485 = EDGE_LOOP( '', ( #837, #838, #839, #840 ) );
#486 = AXIS2_PLACEMENT_3D( '', #841, #842, #843 );
#487 = EDGE_LOOP( '', ( #844, #845, #846, #847 ) );
#488 = AXIS2_PLACEMENT_3D( '', #848, #849, #850 );
#489 = EDGE_LOOP( '', ( #851, #852, #853, #854 ) );
#490 = AXIS2_PLACEMENT_3D( '', #855, #856, #857 );
#491 = EDGE_LOOP( '', ( #858, #859, #860, #861 ) );
#492 = AXIS2_PLACEMENT_3D( '', #862, #863, #864 );
#493 = EDGE_LOOP( '', ( #865, #866, #867, #868, #869 ) );
#494 = AXIS2_PLACEMENT_3D( '', #870, #871, #872 );
#495 = EDGE_LOOP( '', ( #873, #874, #875, #876 ) );
#496 = AXIS2_PLACEMENT_3D( '', #877, #878, #879 );
#497 = EDGE_LOOP( '', ( #880, #881, #882, #883 ) );
#498 = AXIS2_PLACEMENT_3D( '', #884, #885, #886 );
#499 = EDGE_LOOP( '', ( #887, #888, #889, #890 ) );
#500 = AXIS2_PLACEMENT_3D( '', #891, #892, #893 );
#501 = EDGE_LOOP( '', ( #894, #895, #896, #897, #898, #899, #900, #901, #902, #903, #904, #905, #906, #907, #908, #909, #910, #911 ) );
#502 = EDGE_LOOP( '', ( #912, #913, #914, #915 ) );
#503 = EDGE_LOOP( '', ( #916, #917, #918, #919 ) );
#504 = EDGE_LOOP( '', ( #920, #921, #922, #923 ) );
#505 = AXIS2_PLACEMENT_3D( '', #924, #925, #926 );
#506 = EDGE_LOOP( '', ( #927, #928, #929, #930, #931, #932, #933, #934, #935, #936, #937 ) );
#507 = AXIS2_PLACEMENT_3D( '', #938, #939, #940 );
#508 = EDGE_LOOP( '', ( #941, #942, #943, #944, #945 ) );
#509 = AXIS2_PLACEMENT_3D( '', #946, #947, #948 );
#510 = EDGE_LOOP( '', ( #949, #950, #951, #952 ) );
#511 = AXIS2_PLACEMENT_3D( '', #953, #954, #955 );
#512 = EDGE_LOOP( '', ( #956, #957, #958, #959, #960, #961 ) );
#513 = AXIS2_PLACEMENT_3D( '', #962, #963, #964 );
#514 = EDGE_LOOP( '', ( #965, #966, #967, #968 ) );
#515 = AXIS2_PLACEMENT_3D( '', #969, #970, #971 );
#516 = EDGE_LOOP( '', ( #972, #973, #974, #975 ) );
#517 = AXIS2_PLACEMENT_3D( '', #976, #977, #978 );
#518 = EDGE_LOOP( '', ( #979, #980, #981, #982 ) );
#519 = AXIS2_PLACEMENT_3D( '', #983, #984, #985 );
#520 = EDGE_LOOP( '', ( #986, #987, #988, #989 ) );
#521 = AXIS2_PLACEMENT_3D( '', #990, #991, #992 );
#522 = EDGE_LOOP( '', ( #993, #994, #995, #996 ) );
#523 = AXIS2_PLACEMENT_3D( '', #997, #998, #999 );
#524 = EDGE_LOOP( '', ( #1000, #1001, #1002, #1003 ) );
#525 = AXIS2_PLACEMENT_3D( '', #1004, #1005, #1006 );
#526 = EDGE_LOOP( '', ( #1007, #1008, #1009, #1010 ) );
#527 = AXIS2_PLACEMENT_3D( '', #1011, #1012, #1013 );
#528 = EDGE_LOOP( '', ( #1014, #1015, #1016, #1017 ) );
#529 = AXIS2_PLACEMENT_3D( '', #1018, #1019, #1020 );
#530 = EDGE_LOOP( '', ( #1021, #1022, #1023, #1024, #1025, #1026, #1027, #1028, #1029 ) );
#531 = AXIS2_PLACEMENT_3D( '', #1030, #1031, #1032 );
#532 = EDGE_LOOP( '', ( #1033, #1034, #1035, #1036, #1037 ) );
#533 = AXIS2_PLACEMENT_3D( '', #1038, #1039, #1040 );
#534 = EDGE_LOOP( '', ( #1041, #1042, #1043, #1044 ) );
#535 = AXIS2_PLACEMENT_3D( '', #1045, #1046, #1047 );
#536 = EDGE_LOOP( '', ( #1048, #1049, #1050, #1051 ) );
#537 = AXIS2_PLACEMENT_3D( '', #1052, #1053, #1054 );
#538 = EDGE_LOOP( '', ( #1055, #1056, #1057, #1058, #1059 ) );
#539 = AXIS2_PLACEMENT_3D( '', #1060, #1061, #1062 );
#540 = EDGE_LOOP( '', ( #1063, #1064, #1065, #1066 ) );
#541 = AXIS2_PLACEMENT_3D( '', #1067, #1068, #1069 );
#542 = EDGE_LOOP( '', ( #1070, #1071, #1072, #1073 ) );
#543 = AXIS2_PLACEMENT_3D( '', #1074, #1075, #1076 );
#544 = EDGE_LOOP( '', ( #1077, #1078, #1079, #1080 ) );
#545 = AXIS2_PLACEMENT_3D( '', #1081, #1082, #1083 );
#546 = EDGE_LOOP( '', ( #1084, #1085, #1086, #1087 ) );
#547 = AXIS2_PLACEMENT_3D( '', #1088, #1089, #1090 );
#548 = EDGE_LOOP( '', ( #1091, #1092, #1093, #1094 ) );
#549 = AXIS2_PLACEMENT_3D( '', #1095, #1096, #1097 );
#550 = EDGE_LOOP( '', ( #1098, #1099, #1100, #1101 ) );
#551 = AXIS2_PLACEMENT_3D( '', #1102, #1103, #1104 );
#552 = EDGE_LOOP( '', ( #1105, #1106, #1107, #1108 ) );
#553 = AXIS2_PLACEMENT_3D( '', #1109, #1110, #1111 );
#554 = EDGE_LOOP( '', ( #1112, #1113, #1114, #1115 ) );
#555 = AXIS2_PLACEMENT_3D( '', #1116, #1117, #1118 );
#556 = EDGE_LOOP( '', ( #1119, #1120, #1121, #1122 ) );
#557 = AXIS2_PLACEMENT_3D( '', #1123, #1124, #1125 );
#558 = EDGE_LOOP( '', ( #1126, #1127, #1128, #1129, #1130, #1131, #1132, #1133, #1134, #1135 ) );
#559 = AXIS2_PLACEMENT_3D( '', #1136, #1137, #1138 );
#560 = EDGE_LOOP( '', ( #1139, #1140, #1141, #1142, #1143 ) );
#561 = AXIS2_PLACEMENT_3D( '', #1144, #1145, #1146 );
#562 = EDGE_LOOP( '', ( #1147, #1148, #1149, #1150 ) );
#563 = AXIS2_PLACEMENT_3D( '', #1151, #1152, #1153 );
#564 = EDGE_LOOP( '', ( #1154, #1155, #1156, #1157, #1158, #1159, #1160, #1161, #1162, #1163, #1164, #1165, #1166, #1167, #1168, #1169, #1170, #1171, #1172, #1173, #1174, #1175, #1176, #1177, #1178, #1179, #1180, #1181, #1182, #1183, #1184, #1185 ) );
#565 = AXIS2_PLACEMENT_3D( '', #1186, #1187, #1188 );
#566 = EDGE_LOOP( '', ( #1189, #1190, #1191, #1192 ) );
#567 = AXIS2_PLACEMENT_3D( '', #1193, #1194, #1195 );
#568 = EDGE_LOOP( '', ( #1196, #1197, #1198, #1199 ) );
#569 = AXIS2_PLACEMENT_3D( '', #1200, #1201, #1202 );
#570 = EDGE_LOOP( '', ( #1203, #1204, #1205, #1206 ) );
#571 = AXIS2_PLACEMENT_3D( '', #1207, #1208, #1209 );
#572 = EDGE_LOOP( '', ( #1210, #1211, #1212, #1213 ) );
#573 = AXIS2_PLACEMENT_3D( '', #1214, #1215, #1216 );
#574 = EDGE_LOOP( '', ( #1217, #1218, #1219, #1220, #1221 ) );
#575 = AXIS2_PLACEMENT_3D( '', #1222, #1223, #1224 );
#576 = EDGE_LOOP( '', ( #1225, #1226, #1227, #1228 ) );
#577 = AXIS2_PLACEMENT_3D( '', #1229, #1230, #1231 );
#578 = EDGE_LOOP( '', ( #1232, #1233, #1234, #1235 ) );
#579 = AXIS2_PLACEMENT_3D( '', #1236, #1237, #1238 );
#580 = EDGE_LOOP( '', ( #1239, #1240, #1241, #1242 ) );
#581 = AXIS2_PLACEMENT_3D( '', #1243, #1244, #1245 );
#582 = EDGE_LOOP( '', ( #1246, #1247, #1248, #1249, #1250 ) );
#583 = AXIS2_PLACEMENT_3D( '', #1251, #1252, #1253 );
#584 = EDGE_LOOP( '', ( #1254, #1255, #1256, #1257, #1258, #1259, #1260, #1261, #1262, #1263, #1264 ) );
#585 = AXIS2_PLACEMENT_3D( '', #1265, #1266, #1267 );
#586 = EDGE_LOOP( '', ( #1268, #1269, #1270, #1271 ) );
#587 = AXIS2_PLACEMENT_3D( '', #1272, #1273, #1274 );
#588 = EDGE_LOOP( '', ( #1275, #1276, #1277, #1278 ) );
#589 = AXIS2_PLACEMENT_3D( '', #1279, #1280, #1281 );
#590 = EDGE_LOOP( '', ( #1282, #1283, #1284, #1285 ) );
#591 = AXIS2_PLACEMENT_3D( '', #1286, #1287, #1288 );
#592 = EDGE_LOOP( '', ( #1289, #1290, #1291, #1292, #1293, #1294 ) );
#593 = AXIS2_PLACEMENT_3D( '', #1295, #1296, #1297 );
#594 = EDGE_LOOP( '', ( #1298, #1299, #1300, #1301 ) );
#595 = AXIS2_PLACEMENT_3D( '', #1302, #1303, #1304 );
#596 = EDGE_LOOP( '', ( #1305, #1306, #1307, #1308 ) );
#597 = AXIS2_PLACEMENT_3D( '', #1309, #1310, #1311 );
#598 = EDGE_LOOP( '', ( #1312, #1313, #1314, #1315 ) );
#599 = AXIS2_PLACEMENT_3D( '', #1316, #1317, #1318 );
#600 = EDGE_LOOP( '', ( #1319, #1320, #1321, #1322, #1323, #1324, #1325, #1326 ) );
#601 = AXIS2_PLACEMENT_3D( '', #1327, #1328, #1329 );
#602 = EDGE_LOOP( '', ( #1330, #1331, #1332, #1333 ) );
#603 = AXIS2_PLACEMENT_3D( '', #1334, #1335, #1336 );
#604 = EDGE_LOOP( '', ( #1337, #1338, #1339, #1340 ) );
#605 = AXIS2_PLACEMENT_3D( '', #1341, #1342, #1343 );
#606 = EDGE_LOOP( '', ( #1344, #1345, #1346, #1347 ) );
#607 = AXIS2_PLACEMENT_3D( '', #1348, #1349, #1350 );
#608 = EDGE_LOOP( '', ( #1351, #1352, #1353, #1354, #1355, #1356, #1357, #1358, #1359, #1360, #1361 ) );
#609 = AXIS2_PLACEMENT_3D( '', #1362, #1363, #1364 );
#610 = EDGE_LOOP( '', ( #1365, #1366, #1367, #1368, #1369 ) );
#611 = AXIS2_PLACEMENT_3D( '', #1370, #1371, #1372 );
#612 = EDGE_LOOP( '', ( #1373, #1374, #1375, #1376, #1377 ) );
#613 = AXIS2_PLACEMENT_3D( '', #1378, #1379, #1380 );
#614 = EDGE_LOOP( '', ( #1381, #1382, #1383, #1384 ) );
#615 = AXIS2_PLACEMENT_3D( '', #1385, #1386, #1387 );
#616 = EDGE_LOOP( '', ( #1388, #1389, #1390, #1391 ) );
#617 = AXIS2_PLACEMENT_3D( '', #1392, #1393, #1394 );
#618 = EDGE_LOOP( '', ( #1395, #1396, #1397, #1398 ) );
#619 = AXIS2_PLACEMENT_3D( '', #1399, #1400, #1401 );
#620 = EDGE_LOOP( '', ( #1402, #1403, #1404, #1405, #1406, #1407, #1408, #1409, #1410, #1411, #1412 ) );
#621 = AXIS2_PLACEMENT_3D( '', #1413, #1414, #1415 );
#622 = EDGE_LOOP( '', ( #1416, #1417, #1418, #1419 ) );
#623 = AXIS2_PLACEMENT_3D( '', #1420, #1421, #1422 );
#624 = EDGE_LOOP( '', ( #1423, #1424, #1425, #1426 ) );
#625 = AXIS2_PLACEMENT_3D( '', #1427, #1428, #1429 );
#626 = EDGE_LOOP( '', ( #1430, #1431, #1432, #1433, #1434, #1435, #1436, #1437, #1438, #1439, #1440 ) );
#627 = AXIS2_PLACEMENT_3D( '', #1441, #1442, #1443 );
#628 = EDGE_LOOP( '', ( #1444, #1445, #1446, #1447 ) );
#629 = AXIS2_PLACEMENT_3D( '', #1448, #1449, #1450 );
#630 = EDGE_LOOP( '', ( #1451, #1452, #1453, #1454, #1455, #1456 ) );
#631 = AXIS2_PLACEMENT_3D( '', #1457, #1458, #1459 );
#632 = EDGE_LOOP( '', ( #1460, #1461, #1462, #1463 ) );
#633 = AXIS2_PLACEMENT_3D( '', #1464, #1465, #1466 );
#634 = EDGE_LOOP( '', ( #1467, #1468, #1469, #1470, #1471 ) );
#635 = AXIS2_PLACEMENT_3D( '', #1472, #1473, #1474 );
#636 = EDGE_LOOP( '', ( #1475, #1476, #1477, #1478 ) );
#637 = AXIS2_PLACEMENT_3D( '', #1479, #1480, #1481 );
#638 = EDGE_LOOP( '', ( #1482, #1483, #1484, #1485 ) );
#639 = AXIS2_PLACEMENT_3D( '', #1486, #1487, #1488 );
#640 = EDGE_LOOP( '', ( #1489, #1490, #1491, #1492 ) );
#641 = AXIS2_PLACEMENT_3D( '', #1493, #1494, #1495 );
#642 = EDGE_LOOP( '', ( #1496, #1497, #1498, #1499, #1500 ) );
#643 = AXIS2_PLACEMENT_3D( '', #1501, #1502, #1503 );
#644 = EDGE_LOOP( '', ( #1504, #1505, #1506, #1507 ) );
#645 = AXIS2_PLACEMENT_3D( '', #1508, #1509, #1510 );
#646 = EDGE_LOOP( '', ( #1511, #1512, #1513, #1514 ) );
#647 = AXIS2_PLACEMENT_3D( '', #1515, #1516, #1517 );
#648 = EDGE_LOOP( '', ( #1518, #1519, #1520, #1521 ) );
#649 = AXIS2_PLACEMENT_3D( '', #1522, #1523, #1524 );
#650 = EDGE_LOOP( '', ( #1525, #1526, #1527, #1528 ) );
#651 = AXIS2_PLACEMENT_3D( '', #1529, #1530, #1531 );
#652 = EDGE_LOOP( '', ( #1532, #1533, #1534, #1535 ) );
#653 = AXIS2_PLACEMENT_3D( '', #1536, #1537, #1538 );
#654 = EDGE_LOOP( '', ( #1539, #1540, #1541, #1542 ) );
#655 = AXIS2_PLACEMENT_3D( '', #1543, #1544, #1545 );
#656 = EDGE_LOOP( '', ( #1546, #1547, #1548, #1549 ) );
#657 = AXIS2_PLACEMENT_3D( '', #1550, #1551, #1552 );
#658 = EDGE_LOOP( '', ( #1553, #1554, #1555, #1556 ) );
#659 = AXIS2_PLACEMENT_3D( '', #1557, #1558, #1559 );
#660 = EDGE_LOOP( '', ( #1560, #1561, #1562, #1563 ) );
#661 = AXIS2_PLACEMENT_3D( '', #1564, #1565, #1566 );
#662 = EDGE_LOOP( '', ( #1567, #1568, #1569, #1570 ) );
#663 = AXIS2_PLACEMENT_3D( '', #1571, #1572, #1573 );
#664 = EDGE_LOOP( '', ( #1574, #1575, #1576, #1577 ) );
#665 = AXIS2_PLACEMENT_3D( '', #1578, #1579, #1580 );
#666 = EDGE_LOOP( '', ( #1581, #1582, #1583, #1584 ) );
#667 = AXIS2_PLACEMENT_3D( '', #1585, #1586, #1587 );
#668 = EDGE_LOOP( '', ( #1588, #1589, #1590, #1591 ) );
#669 = AXIS2_PLACEMENT_3D( '', #1592, #1593, #1594 );
#670 = EDGE_LOOP( '', ( #1595, #1596, #1597, #1598, #1599, #1600, #1601, #1602, #1603, #1604, #1605, #1606, #1607, #1608, #1609, #1610, #1611, #1612, #1613, #1614, #1615, #1616, #1617, #1618 ) );
#671 = AXIS2_PLACEMENT_3D( '', #1619, #1620, #1621 );
#672 = EDGE_LOOP( '', ( #1622, #1623, #1624, #1625 ) );
#673 = AXIS2_PLACEMENT_3D( '', #1626, #1627, #1628 );
#674 = EDGE_LOOP( '', ( #1629, #1630, #1631, #1632 ) );
#675 = AXIS2_PLACEMENT_3D( '', #1633, #1634, #1635 );
#676 = EDGE_LOOP( '', ( #1636, #1637, #1638, #1639 ) );
#677 = AXIS2_PLACEMENT_3D( '', #1640, #1641, #1642 );
#678 = EDGE_LOOP( '', ( #1643, #1644, #1645, #1646 ) );
#679 = AXIS2_PLACEMENT_3D( '', #1647, #1648, #1649 );
#680 = EDGE_LOOP( '', ( #1650, #1651, #1652, #1653 ) );
#681 = AXIS2_PLACEMENT_3D( '', #1654, #1655, #1656 );
#682 = EDGE_LOOP( '', ( #1657, #1658, #1659, #1660, #1661 ) );
#683 = AXIS2_PLACEMENT_3D( '', #1662, #1663, #1664 );
#684 = EDGE_LOOP( '', ( #1665, #1666, #1667, #1668 ) );
#685 = AXIS2_PLACEMENT_3D( '', #1669, #1670, #1671 );
#686 = EDGE_LOOP( '', ( #1672, #1673, #1674, #1675 ) );
#687 = AXIS2_PLACEMENT_3D( '', #1676, #1677, #1678 );
#688 = EDGE_LOOP( '', ( #1679, #1680, #1681, #1682 ) );
#689 = AXIS2_PLACEMENT_3D( '', #1683, #1684, #1685 );
#690 = EDGE_LOOP( '', ( #1686, #1687, #1688, #1689 ) );
#691 = AXIS2_PLACEMENT_3D( '', #1690, #1691, #1692 );
#692 = EDGE_LOOP( '', ( #1693, #1694, #1695, #1696 ) );
#693 = AXIS2_PLACEMENT_3D( '', #1697, #1698, #1699 );
#694 = EDGE_LOOP( '', ( #1700, #1701, #1702, #1703 ) );
#695 = AXIS2_PLACEMENT_3D( '', #1704, #1705, #1706 );
#696 = EDGE_LOOP( '', ( #1707, #1708, #1709, #1710 ) );
#697 = AXIS2_PLACEMENT_3D( '', #1711, #1712, #1713 );
#698 = EDGE_LOOP( '', ( #1714, #1715, #1716, #1717 ) );
#699 = AXIS2_PLACEMENT_3D( '', #1718, #1719, #1720 );
#700 = EDGE_LOOP( '', ( #1721, #1722, #1723, #1724 ) );
#701 = AXIS2_PLACEMENT_3D( '', #1725, #1726, #1727 );
#702 = EDGE_LOOP( '', ( #1728, #1729, #1730, #1731, #1732, #1733 ) );
#703 = AXIS2_PLACEMENT_3D( '', #1734, #1735, #1736 );
#704 = EDGE_LOOP( '', ( #1737, #1738, #1739, #1740 ) );
#705 = AXIS2_PLACEMENT_3D( '', #1741, #1742, #1743 );
#706 = EDGE_LOOP( '', ( #1744, #1745, #1746, #1747, #1748, #1749 ) );
#707 = AXIS2_PLACEMENT_3D( '', #1750, #1751, #1752 );
#708 = EDGE_LOOP( '', ( #1753, #1754, #1755, #1756 ) );
#709 = AXIS2_PLACEMENT_3D( '', #1757, #1758, #1759 );
#710 = EDGE_LOOP( '', ( #1760, #1761, #1762, #1763, #1764, #1765, #1766, #1767, #1768 ) );
#711 = AXIS2_PLACEMENT_3D( '', #1769, #1770, #1771 );
#712 = EDGE_LOOP( '', ( #1772, #1773, #1774, #1775, #1776, #1777, #1778, #1779, #1780, #1781, #1782, #1783, #1784, #1785, #1786, #1787 ) );
#713 = AXIS2_PLACEMENT_3D( '', #1788, #1789, #1790 );
#714 = EDGE_LOOP( '', ( #1791, #1792, #1793, #1794 ) );
#715 = AXIS2_PLACEMENT_3D( '', #1795, #1796, #1797 );
#716 = EDGE_LOOP( '', ( #1798, #1799, #1800, #1801, #1802, #1803 ) );
#717 = AXIS2_PLACEMENT_3D( '', #1804, #1805, #1806 );
#718 = EDGE_LOOP( '', ( #1807, #1808, #1809, #1810 ) );
#719 = AXIS2_PLACEMENT_3D( '', #1811, #1812, #1813 );
#720 = EDGE_LOOP( '', ( #1814, #1815, #1816, #1817, #1818, #1819, #1820, #1821, #1822, #1823, #1824, #1825, #1826, #1827, #1828, #1829, #1830, #1831, #1832, #1833 ) );
#721 = AXIS2_PLACEMENT_3D( '', #1834, #1835, #1836 );
#722 = EDGE_LOOP( '', ( #1837, #1838, #1839, #1840 ) );
#723 = AXIS2_PLACEMENT_3D( '', #1841, #1842, #1843 );
#724 = EDGE_LOOP( '', ( #1844, #1845, #1846, #1847, #1848, #1849, #1850, #1851, #1852, #1853, #1854 ) );
#725 = AXIS2_PLACEMENT_3D( '', #1855, #1856, #1857 );
#726 = EDGE_LOOP( '', ( #1858, #1859, #1860, #1861 ) );
#727 = AXIS2_PLACEMENT_3D( '', #1862, #1863, #1864 );
#728 = ORIENTED_EDGE( '', *, *, #1865, .T. );
#729 = ORIENTED_EDGE( '', *, *, #1866, .F. );
#730 = ORIENTED_EDGE( '', *, *, #1867, .F. );
#731 = ORIENTED_EDGE( '', *, *, #1868, .T. );
#732 = ORIENTED_EDGE( '', *, *, #1869, .T. );
#733 = CARTESIAN_POINT( '', ( 0.000000000000000, 0.000000000000000, -0.00365000000000000 ) );
#734 = DIRECTION( '', ( 0.000000000000000, 0.000000000000000, 1.00000000000000 ) );
#735 = DIRECTION( '', ( 1.00000000000000, -0.000000000000000, 0.000000000000000 ) );
#736 = ORIENTED_EDGE( '', *, *, #1870, .T. );
#737 = ORIENTED_EDGE( '', *, *, #1871, .T. );
#738 = ORIENTED_EDGE( '', *, *, #1872, .T. );
#739 = ORIENTED_EDGE( '', *, *, #1873, .F. );
#740 = CARTESIAN_POINT( '', ( 0.000000000000000, 0.000000000000000, -0.00365000000000000 ) );
#741 = DIRECTION( '', ( 0.000000000000000, 0.000000000000000, 1.00000000000000 ) );
#742 = DIRECTION( '', ( 1.00000000000000, -0.000000000000000, 0.000000000000000 ) );
#743 = ORIENTED_EDGE( '', *, *, #1874, .T. );
#744 = ORIENTED_EDGE( '', *, *, #1875, .T. );
#745 = ORIENTED_EDGE( '', *, *, #1876, .T. );
#746 = ORIENTED_EDGE( '', *, *, #1877, .F. );
#747 = CARTESIAN_POINT( '', ( 0.000000000000000, 0.000000000000000, -0.00365000000000000 ) );
#748 = DIRECTION( '', ( 0.000000000000000, 0.000000000000000, 1.00000000000000 ) );
#749 = DIRECTION( '', ( 1.00000000000000, -0.000000000000000, 0.000000000000000 ) );
#750 = ORIENTED_EDGE( '', *, *, #1878, .F. );
#751 = ORIENTED_EDGE( '', *, *, #1879, .F. );
#752 = ORIENTED_EDGE( '', *, *, #1880, .T. );
#753 = ORIENTED_EDGE( '', *, *, #1881, .T. );
#754 = ORIENTED_EDGE( '', *, *, #1882, .F. );
#755 = CARTESIAN_POINT( '', ( 0.000000000000000, 0.000000000000000, -0.00365000000000000 ) );
#756 = DIRECTION( '', ( 0.000000000000000, 0.000000000000000, 1.00000000000000 ) );
#757 = DIRECTION( '', ( 1.00000000000000, -0.000000000000000, 0.000000000000000 ) );
#758 = ORIENTED_EDGE( '', *, *, #1883, .T. );
#759 = ORIENTED_EDGE( '', *, *, #1884, .F. );
#760 = ORIENTED_EDGE( '', *, *, #1885, .F. );
#761 = ORIENTED_EDGE( '', *, *, #1886, .T. );
#762 = CARTESIAN_POINT( '', ( 0.00175000000000000, -0.000100000000000000, -0.00230000000000000 ) );
#763 = DIRECTION( '', ( -1.00000000000000, 0.000000000000000, -0.000000000000000 ) );
#764 = DIRECTION( '', ( 0.000000000000000, 0.000000000000000, -1.00000000000000 ) );
#765 = ORIENTED_EDGE( '', *, *, #1887, .T. );
#766 = ORIENTED_EDGE( '', *, *, #1888, .T. );
#767 = ORIENTED_EDGE( '', *, *, #1889, .T. );
#768 = ORIENTED_EDGE( '', *, *, #1875, .F. );
#769 = CARTESIAN_POINT( '', ( -0.00137500000000000, -0.00210000000000000, -0.00365000000000000 ) );
#770 = DIRECTION( '', ( 0.940553899691682, 0.000000000000000, 0.339644463777594 ) );
#771 = DIRECTION( '', ( 0.000000000000000, -1.00000000000000, 0.000000000000000 ) );
#772 = ORIENTED_EDGE( '', *, *, #1890, .T. );
#773 = ORIENTED_EDGE( '', *, *, #1891, .F. );
#774 = ORIENTED_EDGE( '', *, *, #1892, .F. );
#775 = ORIENTED_EDGE( '', *, *, #1893, .T. );
#776 = CARTESIAN_POINT( '', ( -0.00355000000000000, 0.00210000000000000, 0.00365000000000000 ) );
#777 = DIRECTION( '', ( -1.00000000000000, 0.000000000000000, 0.000000000000000 ) );
#778 = DIRECTION( '', ( 0.000000000000000, 0.000000000000000, 1.00000000000000 ) );
#779 = ORIENTED_EDGE( '', *, *, #1894, .T. );
#780 = ORIENTED_EDGE( '', *, *, #1895, .F. );
#781 = ORIENTED_EDGE( '', *, *, #1896, .F. );
#782 = ORIENTED_EDGE( '', *, *, #1897, .F. );
#783 = CARTESIAN_POINT( '', ( -0.00385000000000000, -0.00210000000000000, -0.00215000000000000 ) );
#784 = DIRECTION( '', ( 0.000000000000000, 0.000000000000000, 1.00000000000000 ) );
#785 = DIRECTION( '', ( 1.00000000000000, -0.000000000000000, 0.000000000000000 ) );
#786 = ORIENTED_EDGE( '', *, *, #1898, .T. );
#787 = ORIENTED_EDGE( '', *, *, #1899, .F. );
#788 = ORIENTED_EDGE( '', *, *, #1900, .F. );
#789 = ORIENTED_EDGE( '', *, *, #1901, .T. );
#790 = CARTESIAN_POINT( '', ( -0.00225000000000000, -0.00320000000000000, -0.00260000000000000 ) );
#791 = DIRECTION( '', ( 0.000000000000000, 0.000000000000000, -1.00000000000000 ) );
#792 = DIRECTION( '', ( 0.000000000000000, -1.00000000000000, 0.000000000000000 ) );
#793 = ORIENTED_EDGE( '', *, *, #1902, .T. );
#794 = ORIENTED_EDGE( '', *, *, #1903, .T. );
#795 = ORIENTED_EDGE( '', *, *, #1904, .T. );
#796 = ORIENTED_EDGE( '', *, *, #1905, .T. );
#797 = CARTESIAN_POINT( '', ( 0.00225000000000000, 0.000000000000000, 0.000000000000000 ) );
#798 = DIRECTION( '', ( 1.00000000000000, 0.000000000000000, 0.000000000000000 ) );
#799 = DIRECTION( '', ( 0.000000000000000, 1.00000000000000, -0.000000000000000 ) );
#800 = ORIENTED_EDGE( '', *, *, #1906, .T. );
#801 = ORIENTED_EDGE( '', *, *, #1907, .T. );
#802 = ORIENTED_EDGE( '', *, *, #1908, .F. );
#803 = ORIENTED_EDGE( '', *, *, #1909, .T. );
#804 = CARTESIAN_POINT( '', ( 0.00171250000000000, -4.99999999999800E-05, -0.000325000000000000 ) );
#805 = DIRECTION( '', ( -0.894427190999896, 0.000000000000000, -0.447213595499998 ) );
#806 = DIRECTION( '', ( -0.447213595499998, 0.000000000000000, 0.894427190999896 ) );
#807 = ORIENTED_EDGE( '', *, *, #1910, .T. );
#808 = ORIENTED_EDGE( '', *, *, #1911, .F. );
#809 = ORIENTED_EDGE( '', *, *, #1888, .F. );
#810 = ORIENTED_EDGE( '', *, *, #1912, .T. );
#811 = ORIENTED_EDGE( '', *, *, #1913, .T. );
#812 = CARTESIAN_POINT( '', ( -0.00170000000000000, -0.00210000000000000, -0.00275000000000000 ) );
#813 = DIRECTION( '', ( 1.00000000000000, 0.000000000000000, 0.000000000000000 ) );
#814 = DIRECTION( '', ( 0.000000000000000, 1.00000000000000, -0.000000000000000 ) );
#815 = ORIENTED_EDGE( '', *, *, #1914, .T. );
#816 = ORIENTED_EDGE( '', *, *, #1915, .T. );
#817 = ORIENTED_EDGE( '', *, *, #1916, .F. );
#818 = ORIENTED_EDGE( '', *, *, #1917, .F. );
#819 = CARTESIAN_POINT( '', ( 0.000000000000000, -0.000337500000000000, -0.000325000000000000 ) );
#820 = DIRECTION( '', ( 0.000000000000000, -0.894427190999896, -0.447213595499998 ) );
#821 = DIRECTION( '', ( 0.000000000000000, 0.447213595499998, -0.894427190999896 ) );
#822 = ORIENTED_EDGE( '', *, *, #1918, .F. );
#823 = ORIENTED_EDGE( '', *, *, #1919, .F. );
#824 = ORIENTED_EDGE( '', *, *, #1920, .T. );
#825 = ORIENTED_EDGE( '', *, *, #1877, .T. );
#826 = CARTESIAN_POINT( '', ( -0.000300000000000000, -0.00210000000000000, -0.00275000000000000 ) );
#827 = DIRECTION( '', ( -0.940553899691682, 0.000000000000000, 0.339644463777594 ) );
#828 = DIRECTION( '', ( 0.000000000000000, 1.00000000000000, 0.000000000000000 ) );
#829 = ORIENTED_EDGE( '', *, *, #1921, .T. );
#830 = ORIENTED_EDGE( '', *, *, #1922, .T. );
#831 = ORIENTED_EDGE( '', *, *, #1923, .F. );
#832 = ORIENTED_EDGE( '', *, *, #1924, .F. );
#833 = ORIENTED_EDGE( '', *, *, #1925, .T. );
#834 = CARTESIAN_POINT( '', ( 0.00331000000000000, -0.000170000000000000, 0.00365000000000000 ) );
#835 = DIRECTION( '', ( -0.707106781186548, 0.707106781186548, 0.000000000000000 ) );
#836 = DIRECTION( '', ( 0.000000000000000, 0.000000000000000, 1.00000000000000 ) );
#837 = ORIENTED_EDGE( '', *, *, #1926, .T. );
#838 = ORIENTED_EDGE( '', *, *, #1927, .F. );
#839 = ORIENTED_EDGE( '', *, *, #1928, .F. );
#840 = ORIENTED_EDGE( '', *, *, #1929, .T. );
#841 = CARTESIAN_POINT( '', ( -0.000250000000000000, -0.00360000000000000, -0.00180000000000000 ) );
#842 = DIRECTION( '', ( -1.00000000000000, 0.000000000000000, -0.000000000000000 ) );
#843 = DIRECTION( '', ( 0.000000000000000, 0.000000000000000, -1.00000000000000 ) );
#844 = ORIENTED_EDGE( '', *, *, #1930, .T. );
#845 = ORIENTED_EDGE( '', *, *, #1931, .F. );
#846 = ORIENTED_EDGE( '', *, *, #1932, .F. );
#847 = ORIENTED_EDGE( '', *, *, #1933, .T. );
#848 = CARTESIAN_POINT( '', ( 0.00400000000000000, -0.00210000000000000, -0.00215000000000000 ) );
#849 = DIRECTION( '', ( 0.000000000000000, 0.000000000000000, 1.00000000000000 ) );
#850 = DIRECTION( '', ( 1.00000000000000, -0.000000000000000, 0.000000000000000 ) );
#851 = ORIENTED_EDGE( '', *, *, #1934, .T. );
#852 = ORIENTED_EDGE( '', *, *, #1935, .F. );
#853 = ORIENTED_EDGE( '', *, *, #1936, .F. );
#854 = ORIENTED_EDGE( '', *, *, #1937, .T. );
#855 = CARTESIAN_POINT( '', ( -0.000250000000000000, -0.00307321731235700, -0.00260000000000000 ) );
#856 = DIRECTION( '', ( 0.000000000000000, 0.000000000000000, -1.00000000000000 ) );
#857 = DIRECTION( '', ( 0.000000000000000, -1.00000000000000, 0.000000000000000 ) );
#858 = ORIENTED_EDGE( '', *, *, #1938, .F. );
#859 = ORIENTED_EDGE( '', *, *, #1939, .T. );
#860 = ORIENTED_EDGE( '', *, *, #1940, .T. );
#861 = ORIENTED_EDGE( '', *, *, #1941, .F. );
#862 = CARTESIAN_POINT( '', ( 0.00200000000000000, -0.00160000000000000, 0.00200000000000000 ) );
#863 = DIRECTION( '', ( 0.000000000000000, 0.000000000000000, 1.00000000000000 ) );
#864 = DIRECTION( '', ( 1.00000000000000, -0.000000000000000, 0.000000000000000 ) );
#865 = ORIENTED_EDGE( '', *, *, #1942, .T. );
#866 = ORIENTED_EDGE( '', *, *, #1919, .T. );
#867 = ORIENTED_EDGE( '', *, *, #1943, .T. );
#868 = ORIENTED_EDGE( '', *, *, #1944, .F. );
#869 = ORIENTED_EDGE( '', *, *, #1945, .F. );
#870 = CARTESIAN_POINT( '', ( -0.000300000000000000, -0.00210000000000000, -0.00215000000000000 ) );
#871 = DIRECTION( '', ( -1.00000000000000, 0.000000000000000, 0.000000000000000 ) );
#872 = DIRECTION( '', ( 0.000000000000000, 0.000000000000000, 1.00000000000000 ) );
#873 = ORIENTED_EDGE( '', *, *, #1946, .T. );
#874 = ORIENTED_EDGE( '', *, *, #1947, .F. );
#875 = ORIENTED_EDGE( '', *, *, #1948, .F. );
#876 = ORIENTED_EDGE( '', *, *, #1949, .T. );
#877 = CARTESIAN_POINT( '', ( 0.00175000000000000, -0.00560000000000000, -0.00210000000000000 ) );
#878 = DIRECTION( '', ( 0.000000000000000, -1.00000000000000, 0.000000000000000 ) );
#879 = DIRECTION( '', ( 0.000000000000000, 0.000000000000000, -1.00000000000000 ) );
#880 = ORIENTED_EDGE( '', *, *, #1950, .T. );
#881 = ORIENTED_EDGE( '', *, *, #1951, .T. );
#882 = ORIENTED_EDGE( '', *, *, #1952, .T. );
#883 = ORIENTED_EDGE( '', *, *, #1869, .F. );
#884 = CARTESIAN_POINT( '', ( 0.00262500000000000, -0.00210000000000000, -0.00365000000000000 ) );
#885 = DIRECTION( '', ( 0.940553899691682, 0.000000000000000, 0.339644463777594 ) );
#886 = DIRECTION( '', ( 0.000000000000000, -1.00000000000000, 0.000000000000000 ) );
#887 = ORIENTED_EDGE( '', *, *, #1953, .T. );
#888 = ORIENTED_EDGE( '', *, *, #1954, .F. );
#889 = ORIENTED_EDGE( '', *, *, #1955, .F. );
#890 = ORIENTED_EDGE( '', *, *, #1956, .T. );
#891 = CARTESIAN_POINT( '', ( -0.00365000000000000, -0.000170000000000000, 0.00365000000000000 ) );
#892 = DIRECTION( '', ( 0.707106781186548, 0.000000000000000, 0.707106781186548 ) );
#893 = DIRECTION( '', ( 0.000000000000000, -1.00000000000000, 0.000000000000000 ) );
#894 = ORIENTED_EDGE( '', *, *, #1957, .T. );
#895 = ORIENTED_EDGE( '', *, *, #1958, .T. );
#896 = ORIENTED_EDGE( '', *, *, #1959, .T. );
#897 = ORIENTED_EDGE( '', *, *, #1960, .T. );
#898 = ORIENTED_EDGE( '', *, *, #1923, .T. );
#899 = ORIENTED_EDGE( '', *, *, #1961, .T. );
#900 = ORIENTED_EDGE( '', *, *, #1962, .T. );
#901 = ORIENTED_EDGE( '', *, *, #1963, .T. );
#902 = ORIENTED_EDGE( '', *, *, #1964, .T. );
#903 = ORIENTED_EDGE( '', *, *, #1965, .F. );
#904 = ORIENTED_EDGE( '', *, *, #1891, .T. );
#905 = ORIENTED_EDGE( '', *, *, #1966, .T. );
#906 = ORIENTED_EDGE( '', *, *, #1967, .T. );
#907 = ORIENTED_EDGE( '', *, *, #1968, .T. );
#908 = ORIENTED_EDGE( '', *, *, #1969, .T. );
#909 = ORIENTED_EDGE( '', *, *, #1970, .T. );
#910 = ORIENTED_EDGE( '', *, *, #1971, .T. );
#911 = ORIENTED_EDGE( '', *, *, #1972, .T. );
#912 = ORIENTED_EDGE( '', *, *, #1973, .F. );
#913 = ORIENTED_EDGE( '', *, *, #1974, .F. );
#914 = ORIENTED_EDGE( '', *, *, #1915, .F. );
#915 = ORIENTED_EDGE( '', *, *, #1975, .F. );
#916 = ORIENTED_EDGE( '', *, *, #1976, .F. );
#917 = ORIENTED_EDGE( '', *, *, #1977, .F. );
#918 = ORIENTED_EDGE( '', *, *, #1978, .F. );
#919 = ORIENTED_EDGE( '', *, *, #1907, .F. );
#920 = ORIENTED_EDGE( '', *, *, #1979, .F. );
#921 = ORIENTED_EDGE( '', *, *, #1980, .F. );
#922 = ORIENTED_EDGE( '', *, *, #1981, .F. );
#923 = ORIENTED_EDGE( '', *, *, #1982, .F. );
#924 = CARTESIAN_POINT( '', ( 0.000000000000000, 0.000000000000000, -0.000250000000000000 ) );
#925 = DIRECTION( '', ( 0.000000000000000, 0.000000000000000, 1.00000000000000 ) );
#926 = DIRECTION( '', ( 1.00000000000000, -0.000000000000000, 0.000000000000000 ) );
#927 = ORIENTED_EDGE( '', *, *, #1983, .T. );
#928 = ORIENTED_EDGE( '', *, *, #1984, .T. );
#929 = ORIENTED_EDGE( '', *, *, #1985, .T. );
#930 = ORIENTED_EDGE( '', *, *, #1927, .T. );
#931 = ORIENTED_EDGE( '', *, *, #1986, .T. );
#932 = ORIENTED_EDGE( '', *, *, #1987, .T. );
#933 = ORIENTED_EDGE( '', *, *, #1988, .T. );
#934 = ORIENTED_EDGE( '', *, *, #1989, .T. );
#935 = ORIENTED_EDGE( '', *, *, #1935, .T. );
#936 = ORIENTED_EDGE( '', *, *, #1990, .T. );
#937 = ORIENTED_EDGE( '', *, *, #1991, .T. );
#938 = CARTESIAN_POINT( '', ( 0.000250000000000000, 0.000000000000000, 0.000000000000000 ) );
#939 = DIRECTION( '', ( 1.00000000000000, 0.000000000000000, 0.000000000000000 ) );
#940 = DIRECTION( '', ( 0.000000000000000, 1.00000000000000, -0.000000000000000 ) );
#941 = ORIENTED_EDGE( '', *, *, #1955, .T. );
#942 = ORIENTED_EDGE( '', *, *, #1992, .T. );
#943 = ORIENTED_EDGE( '', *, *, #1970, .F. );
#944 = ORIENTED_EDGE( '', *, *, #1993, .F. );
#945 = ORIENTED_EDGE( '', *, *, #1994, .T. );
#946 = CARTESIAN_POINT( '', ( -0.00331000000000000, -0.000170000000000000, 0.00365000000000000 ) );
#947 = DIRECTION( '', ( 0.000000000000000, 1.00000000000000, 0.000000000000000 ) );
#948 = DIRECTION( '', ( 1.00000000000000, 0.000000000000000, -0.000000000000000 ) );
#949 = ORIENTED_EDGE( '', *, *, #1916, .T. );
#950 = ORIENTED_EDGE( '', *, *, #1974, .T. );
#951 = ORIENTED_EDGE( '', *, *, #1995, .F. );
#952 = ORIENTED_EDGE( '', *, *, #1996, .F. );
#953 = CARTESIAN_POINT( '', ( 0.000287500000000000, -4.99999999999800E-05, -0.000325000000000000 ) );
#954 = DIRECTION( '', ( 0.894427190999896, 0.000000000000000, -0.447213595499998 ) );
#955 = DIRECTION( '', ( 0.000000000000000, -1.00000000000000, 0.000000000000000 ) );
#956 = ORIENTED_EDGE( '', *, *, #1997, .T. );
#957 = ORIENTED_EDGE( '', *, *, #1998, .T. );
#958 = ORIENTED_EDGE( '', *, *, #1999, .F. );
#959 = ORIENTED_EDGE( '', *, *, #2000, .T. );
#960 = ORIENTED_EDGE( '', *, *, #2001, .T. );
#961 = ORIENTED_EDGE( '', *, *, #2002, .F. );
#962 = CARTESIAN_POINT( '', ( -0.00225000000000000, -0.000600000000000000, -0.00210000000000000 ) );
#963 = DIRECTION( '', ( 0.000000000000000, 0.000000000000000, 1.00000000000000 ) );
#964 = DIRECTION( '', ( 1.00000000000000, -0.000000000000000, 0.000000000000000 ) );
#965 = ORIENTED_EDGE( '', *, *, #2003, .T. );
#966 = ORIENTED_EDGE( '', *, *, #1976, .T. );
#967 = ORIENTED_EDGE( '', *, *, #1906, .F. );
#968 = ORIENTED_EDGE( '', *, *, #2004, .T. );
#969 = CARTESIAN_POINT( '', ( 0.00200000000000000, 0.000237500000000000, -0.000325000000000000 ) );
#970 = DIRECTION( '', ( 0.000000000000000, 0.894427190999896, -0.447213595499998 ) );
#971 = DIRECTION( '', ( -1.00000000000000, 0.000000000000000, 0.000000000000000 ) );
#972 = ORIENTED_EDGE( '', *, *, #2005, .F. );
#973 = ORIENTED_EDGE( '', *, *, #2006, .F. );
#974 = ORIENTED_EDGE( '', *, *, #2007, .T. );
#975 = ORIENTED_EDGE( '', *, *, #1873, .T. );
#976 = CARTESIAN_POINT( '', ( 0.00170000000000000, -0.00210000000000000, -0.00275000000000000 ) );
#977 = DIRECTION( '', ( -0.940553899691682, 0.000000000000000, 0.339644463777594 ) );
#978 = DIRECTION( '', ( 0.000000000000000, 1.00000000000000, 0.000000000000000 ) );
#979 = ORIENTED_EDGE( '', *, *, #2008, .T. );
#980 = ORIENTED_EDGE( '', *, *, #2009, .F. );
#981 = ORIENTED_EDGE( '', *, *, #2010, .F. );
#982 = ORIENTED_EDGE( '', *, *, #2011, .T. );
#983 = CARTESIAN_POINT( '', ( -0.00200000000000000, -0.00160000000000000, -0.00215000000000000 ) );
#984 = DIRECTION( '', ( 0.000000000000000, 0.000000000000000, -1.00000000000000 ) );
#985 = DIRECTION( '', ( 0.000000000000000, -1.00000000000000, 0.000000000000000 ) );
#986 = ORIENTED_EDGE( '', *, *, #2012, .T. );
#987 = ORIENTED_EDGE( '', *, *, #2013, .T. );
#988 = ORIENTED_EDGE( '', *, *, #2014, .F. );
#989 = ORIENTED_EDGE( '', *, *, #2015, .T. );
#990 = CARTESIAN_POINT( '', ( -0.00230000000000000, -0.00210000000000000, -0.00215000000000000 ) );
#991 = DIRECTION( '', ( -1.00000000000000, 0.000000000000000, 0.000000000000000 ) );
#992 = DIRECTION( '', ( 0.000000000000000, 0.000000000000000, 1.00000000000000 ) );
#993 = ORIENTED_EDGE( '', *, *, #2016, .T. );
#994 = ORIENTED_EDGE( '', *, *, #2017, .F. );
#995 = ORIENTED_EDGE( '', *, *, #1946, .F. );
#996 = ORIENTED_EDGE( '', *, *, #2018, .T. );
#997 = CARTESIAN_POINT( '', ( 0.00175000000000000, -0.00560000000000000, -0.00260000000000000 ) );
#998 = DIRECTION( '', ( 0.000000000000000, 0.000000000000000, -1.00000000000000 ) );
#999 = DIRECTION( '', ( 0.000000000000000, -1.00000000000000, 0.000000000000000 ) );
#1000 = ORIENTED_EDGE( '', *, *, #2019, .T. );
#1001 = ORIENTED_EDGE( '', *, *, #1971, .F. );
#1002 = ORIENTED_EDGE( '', *, *, #1992, .F. );
#1003 = ORIENTED_EDGE( '', *, *, #1954, .T. );
#1004 = CARTESIAN_POINT( '', ( -0.00355000000000000, -0.000170000000000000, 0.00365000000000000 ) );
#1005 = DIRECTION( '', ( -1.00000000000000, 0.000000000000000, 0.000000000000000 ) );
#1006 = DIRECTION( '', ( 0.000000000000000, 0.000000000000000, 1.00000000000000 ) );
#1007 = ORIENTED_EDGE( '', *, *, #2020, .T. );
#1008 = ORIENTED_EDGE( '', *, *, #2021, .F. );
#1009 = ORIENTED_EDGE( '', *, *, #1921, .F. );
#1010 = ORIENTED_EDGE( '', *, *, #2022, .T. );
#1011 = CARTESIAN_POINT( '', ( 0.00325000000000000, -0.000230000000000000, 0.00365000000000000 ) );
#1012 = DIRECTION( '', ( -0.707106781186548, 0.000000000000000, 0.707106781186548 ) );
#1013 = DIRECTION( '', ( 0.000000000000000, 1.00000000000000, 0.000000000000000 ) );
#1014 = ORIENTED_EDGE( '', *, *, #2023, .T. );
#1015 = ORIENTED_EDGE( '', *, *, #1903, .F. );
#1016 = ORIENTED_EDGE( '', *, *, #2004, .F. );
#1017 = ORIENTED_EDGE( '', *, *, #2024, .T. );
#1018 = CARTESIAN_POINT( '', ( 0.00400000000000000, 0.000200000000000000, -0.00200000000000000 ) );
#1019 = DIRECTION( '', ( 0.000000000000000, -1.00000000000000, 0.000000000000000 ) );
#1020 = DIRECTION( '', ( 0.000000000000000, 0.000000000000000, -1.00000000000000 ) );
#1021 = ORIENTED_EDGE( '', *, *, #1879, .T. );
#1022 = ORIENTED_EDGE( '', *, *, #2025, .T. );
#1023 = ORIENTED_EDGE( '', *, *, #2026, .F. );
#1024 = ORIENTED_EDGE( '', *, *, #2027, .F. );
#1025 = ORIENTED_EDGE( '', *, *, #2028, .F. );
#1026 = ORIENTED_EDGE( '', *, *, #2029, .F. );
#1027 = ORIENTED_EDGE( '', *, *, #1896, .T. );
#1028 = ORIENTED_EDGE( '', *, *, #2030, .F. );
#1029 = ORIENTED_EDGE( '', *, *, #2031, .F. );
#1030 = CARTESIAN_POINT( '', ( -0.00400000000000000, -0.00210000000000000, -0.00365000000000000 ) );
#1031 = DIRECTION( '', ( 0.000000000000000, -1.00000000000000, 0.000000000000000 ) );
#1032 = DIRECTION( '', ( 0.000000000000000, 0.000000000000000, -1.00000000000000 ) );
#1033 = ORIENTED_EDGE( '', *, *, #2032, .T. );
#1034 = ORIENTED_EDGE( '', *, *, #2033, .F. );
#1035 = ORIENTED_EDGE( '', *, *, #2034, .F. );
#1036 = ORIENTED_EDGE( '', *, *, #2035, .T. );
#1037 = ORIENTED_EDGE( '', *, *, #2010, .T. );
#1038 = CARTESIAN_POINT( '', ( 0.000300000000000000, -0.00210000000000000, -0.00275000000000000 ) );
#1039 = DIRECTION( '', ( 1.00000000000000, 0.000000000000000, 0.000000000000000 ) );
#1040 = DIRECTION( '', ( 0.000000000000000, 1.00000000000000, -0.000000000000000 ) );
#1041 = ORIENTED_EDGE( '', *, *, #2036, .F. );
#1042 = ORIENTED_EDGE( '', *, *, #2037, .F. );
#1043 = ORIENTED_EDGE( '', *, *, #2038, .T. );
#1044 = ORIENTED_EDGE( '', *, *, #2039, .T. );
#1045 = CARTESIAN_POINT( '', ( -0.00225000000000000, -0.000300000000000000, 0.00305000000000000 ) );
#1046 = DIRECTION( '', ( 0.000000000000000, -1.00000000000000, 0.000000000000000 ) );
#1047 = DIRECTION( '', ( 0.000000000000000, 0.000000000000000, -1.00000000000000 ) );
#1048 = ORIENTED_EDGE( '', *, *, #2040, .T. );
#1049 = ORIENTED_EDGE( '', *, *, #2041, .F. );
#1050 = ORIENTED_EDGE( '', *, *, #2042, .F. );
#1051 = ORIENTED_EDGE( '', *, *, #2043, .T. );
#1052 = CARTESIAN_POINT( '', ( 0.00175000000000000, -0.00360000000000000, -0.00295000000000000 ) );
#1053 = DIRECTION( '', ( -1.00000000000000, 0.000000000000000, -0.000000000000000 ) );
#1054 = DIRECTION( '', ( 0.000000000000000, 0.000000000000000, -1.00000000000000 ) );
#1055 = ORIENTED_EDGE( '', *, *, #2044, .T. );
#1056 = ORIENTED_EDGE( '', *, *, #2006, .T. );
#1057 = ORIENTED_EDGE( '', *, *, #2045, .T. );
#1058 = ORIENTED_EDGE( '', *, *, #2046, .F. );
#1059 = ORIENTED_EDGE( '', *, *, #2008, .F. );
#1060 = CARTESIAN_POINT( '', ( 0.00170000000000000, -0.00210000000000000, -0.00215000000000000 ) );
#1061 = DIRECTION( '', ( -1.00000000000000, 0.000000000000000, 0.000000000000000 ) );
#1062 = DIRECTION( '', ( 0.000000000000000, 0.000000000000000, 1.00000000000000 ) );
#1063 = ORIENTED_EDGE( '', *, *, #2047, .T. );
#1064 = ORIENTED_EDGE( '', *, *, #1982, .T. );
#1065 = ORIENTED_EDGE( '', *, *, #2048, .F. );
#1066 = ORIENTED_EDGE( '', *, *, #2049, .T. );
#1067 = CARTESIAN_POINT( '', ( -0.00228750000000000, -4.99999999999800E-05, -0.000325000000000000 ) );
#1068 = DIRECTION( '', ( -0.894427190999896, 0.000000000000000, -0.447213595499998 ) );
#1069 = DIRECTION( '', ( -0.447213595499998, 0.000000000000000, 0.894427190999896 ) );
#1070 = ORIENTED_EDGE( '', *, *, #2050, .T. );
#1071 = ORIENTED_EDGE( '', *, *, #1905, .F. );
#1072 = ORIENTED_EDGE( '', *, *, #2051, .F. );
#1073 = ORIENTED_EDGE( '', *, *, #2052, .T. );
#1074 = CARTESIAN_POINT( '', ( 0.00175000000000000, -0.000300000000000000, 0.00305000000000000 ) );
#1075 = DIRECTION( '', ( 0.000000000000000, -1.00000000000000, 0.000000000000000 ) );
#1076 = DIRECTION( '', ( 0.000000000000000, 0.000000000000000, -1.00000000000000 ) );
#1077 = ORIENTED_EDGE( '', *, *, #2053, .F. );
#1078 = ORIENTED_EDGE( '', *, *, #2054, .F. );
#1079 = ORIENTED_EDGE( '', *, *, #2055, .T. );
#1080 = ORIENTED_EDGE( '', *, *, #2056, .F. );
#1081 = CARTESIAN_POINT( '', ( 0.00230000000000000, -0.00210000000000000, -0.00215000000000000 ) );
#1082 = DIRECTION( '', ( 0.000000000000000, 0.000000000000000, 1.00000000000000 ) );
#1083 = DIRECTION( '', ( 1.00000000000000, -0.000000000000000, 0.000000000000000 ) );
#1084 = ORIENTED_EDGE( '', *, *, #2057, .T. );
#1085 = ORIENTED_EDGE( '', *, *, #1964, .F. );
#1086 = ORIENTED_EDGE( '', *, *, #2058, .F. );
#1087 = ORIENTED_EDGE( '', *, *, #2059, .F. );
#1088 = CARTESIAN_POINT( '', ( 0.00355000000000000, 0.000550000000000000, 0.00365000000000000 ) );
#1089 = DIRECTION( '', ( 1.00000000000000, 0.000000000000000, 0.000000000000000 ) );
#1090 = DIRECTION( '', ( 0.000000000000000, 1.00000000000000, -0.000000000000000 ) );
#1091 = ORIENTED_EDGE( '', *, *, #2060, .T. );
#1092 = ORIENTED_EDGE( '', *, *, #1986, .F. );
#1093 = ORIENTED_EDGE( '', *, *, #1926, .F. );
#1094 = ORIENTED_EDGE( '', *, *, #2061, .T. );
#1095 = CARTESIAN_POINT( '', ( -0.000250000000000000, -0.00400000000000000, -0.00210000000000000 ) );
#1096 = DIRECTION( '', ( 0.000000000000000, 0.000000000000000, 1.00000000000000 ) );
#1097 = DIRECTION( '', ( 1.00000000000000, -0.000000000000000, 0.000000000000000 ) );
#1098 = ORIENTED_EDGE( '', *, *, #2062, .T. );
#1099 = ORIENTED_EDGE( '', *, *, #2063, .F. );
#1100 = ORIENTED_EDGE( '', *, *, #2064, .F. );
#1101 = ORIENTED_EDGE( '', *, *, #2065, .T. );
#1102 = CARTESIAN_POINT( '', ( -0.00225000000000000, -0.00560000000000000, -0.00210000000000000 ) );
#1103 = DIRECTION( '', ( 0.000000000000000, -1.00000000000000, 0.000000000000000 ) );
#1104 = DIRECTION( '', ( 0.000000000000000, 0.000000000000000, -1.00000000000000 ) );
#1105 = ORIENTED_EDGE( '', *, *, #2066, .F. );
#1106 = ORIENTED_EDGE( '', *, *, #2012, .F. );
#1107 = ORIENTED_EDGE( '', *, *, #2067, .T. );
#1108 = ORIENTED_EDGE( '', *, *, #1882, .T. );
#1109 = CARTESIAN_POINT( '', ( -0.00230000000000000, -0.00210000000000000, -0.00275000000000000 ) );
#1110 = DIRECTION( '', ( -0.940553899691682, 0.000000000000000, 0.339644463777594 ) );
#1111 = DIRECTION( '', ( 0.000000000000000, 1.00000000000000, 0.000000000000000 ) );
#1112 = ORIENTED_EDGE( '', *, *, #1881, .F. );
#1113 = ORIENTED_EDGE( '', *, *, #2068, .F. );
#1114 = ORIENTED_EDGE( '', *, *, #2069, .F. );
#1115 = ORIENTED_EDGE( '', *, *, #2066, .T. );
#1116 = CARTESIAN_POINT( '', ( 0.00400000000000000, 0.000200000000000000, -0.00275000000000000 ) );
#1117 = DIRECTION( '', ( 0.000000000000000, -0.707106781186548, 0.707106781186548 ) );
#1118 = DIRECTION( '', ( -1.00000000000000, 0.000000000000000, 0.000000000000000 ) );
#1119 = ORIENTED_EDGE( '', *, *, #2070, .T. );
#1120 = ORIENTED_EDGE( '', *, *, #2071, .F. );
#1121 = ORIENTED_EDGE( '', *, *, #1898, .F. );
#1122 = ORIENTED_EDGE( '', *, *, #2072, .T. );
#1123 = CARTESIAN_POINT( '', ( -0.00225000000000000, -0.000100000000000000, -0.00230000000000000 ) );
#1124 = DIRECTION( '', ( -1.00000000000000, 0.000000000000000, -0.000000000000000 ) );
#1125 = DIRECTION( '', ( 0.000000000000000, 0.000000000000000, -1.00000000000000 ) );
#1126 = ORIENTED_EDGE( '', *, *, #2073, .T. );
#1127 = ORIENTED_EDGE( '', *, *, #2074, .F. );
#1128 = ORIENTED_EDGE( '', *, *, #2075, .T. );
#1129 = ORIENTED_EDGE( '', *, *, #1892, .T. );
#1130 = ORIENTED_EDGE( '', *, *, #1965, .T. );
#1131 = ORIENTED_EDGE( '', *, *, #2057, .F. );
#1132 = ORIENTED_EDGE( '', *, *, #2076, .F. );
#1133 = ORIENTED_EDGE( '', *, *, #2077, .F. );
#1134 = ORIENTED_EDGE( '', *, *, #2078, .F. );
#1135 = ORIENTED_EDGE( '', *, *, #2079, .T. );
#1136 = CARTESIAN_POINT( '', ( 0.00400000000000000, 0.00210000000000000, -0.00365000000000000 ) );
#1137 = DIRECTION( '', ( 0.000000000000000, 1.00000000000000, 0.000000000000000 ) );
#1138 = DIRECTION( '', ( 1.00000000000000, 0.000000000000000, -0.000000000000000 ) );
#1139 = ORIENTED_EDGE( '', *, *, #1993, .T. );
#1140 = ORIENTED_EDGE( '', *, *, #1969, .F. );
#1141 = ORIENTED_EDGE( '', *, *, #2080, .F. );
#1142 = ORIENTED_EDGE( '', *, *, #2081, .F. );
#1143 = ORIENTED_EDGE( '', *, *, #2082, .T. );
#1144 = CARTESIAN_POINT( '', ( -0.00315000000000000, -0.000330000000000000, 0.00365000000000000 ) );
#1145 = DIRECTION( '', ( 0.707106781186548, 0.707106781186548, 0.000000000000000 ) );
#1146 = DIRECTION( '', ( 0.000000000000000, 0.000000000000000, -1.00000000000000 ) );
#1147 = ORIENTED_EDGE( '', *, *, #2083, .T. );
#1148 = ORIENTED_EDGE( '', *, *, #2084, .F. );
#1149 = ORIENTED_EDGE( '', *, *, #2016, .F. );
#1150 = ORIENTED_EDGE( '', *, *, #2085, .T. );
#1151 = CARTESIAN_POINT( '', ( 0.00175000000000000, -0.00360000000000000, -0.00290000000000000 ) );
#1152 = DIRECTION( '', ( -1.00000000000000, 0.000000000000000, -0.000000000000000 ) );
#1153 = DIRECTION( '', ( 0.000000000000000, 0.000000000000000, -1.00000000000000 ) );
#1154 = ORIENTED_EDGE( '', *, *, #1943, .F. );
#1155 = ORIENTED_EDGE( '', *, *, #2086, .T. );
#1156 = ORIENTED_EDGE( '', *, *, #1911, .T. );
#1157 = ORIENTED_EDGE( '', *, *, #2087, .T. );
#1158 = ORIENTED_EDGE( '', *, *, #2088, .F. );
#1159 = ORIENTED_EDGE( '', *, *, #2070, .F. );
#1160 = ORIENTED_EDGE( '', *, *, #2089, .T. );
#1161 = ORIENTED_EDGE( '', *, *, #2090, .T. );
#1162 = ORIENTED_EDGE( '', *, *, #2013, .F. );
#1163 = ORIENTED_EDGE( '', *, *, #2069, .T. );
#1164 = ORIENTED_EDGE( '', *, *, #2091, .F. );
#1165 = ORIENTED_EDGE( '', *, *, #1894, .F. );
#1166 = ORIENTED_EDGE( '', *, *, #2092, .F. );
#1167 = ORIENTED_EDGE( '', *, *, #2093, .F. );
#1168 = ORIENTED_EDGE( '', *, *, #2094, .T. );
#1169 = ORIENTED_EDGE( '', *, *, #1931, .T. );
#1170 = ORIENTED_EDGE( '', *, *, #2095, .T. );
#1171 = ORIENTED_EDGE( '', *, *, #2096, .T. );
#1172 = ORIENTED_EDGE( '', *, *, #2097, .T. );
#1173 = ORIENTED_EDGE( '', *, *, #2053, .T. );
#1174 = ORIENTED_EDGE( '', *, *, #2098, .F. );
#1175 = ORIENTED_EDGE( '', *, *, #1883, .F. );
#1176 = ORIENTED_EDGE( '', *, *, #2099, .T. );
#1177 = ORIENTED_EDGE( '', *, *, #2100, .T. );
#1178 = ORIENTED_EDGE( '', *, *, #2045, .F. );
#1179 = ORIENTED_EDGE( '', *, *, #2101, .T. );
#1180 = ORIENTED_EDGE( '', *, *, #2033, .T. );
#1181 = ORIENTED_EDGE( '', *, *, #2102, .T. );
#1182 = ORIENTED_EDGE( '', *, *, #1991, .F. );
#1183 = ORIENTED_EDGE( '', *, *, #2103, .F. );
#1184 = ORIENTED_EDGE( '', *, *, #2104, .T. );
#1185 = ORIENTED_EDGE( '', *, *, #2105, .T. );
#1186 = CARTESIAN_POINT( '', ( 0.00400000000000000, 0.000200000000000000, -0.00200000000000000 ) );
#1187 = DIRECTION( '', ( 0.000000000000000, -1.00000000000000, 0.000000000000000 ) );
#1188 = DIRECTION( '', ( 0.000000000000000, 0.000000000000000, -1.00000000000000 ) );
#1189 = ORIENTED_EDGE( '', *, *, #2106, .T. );
#1190 = ORIENTED_EDGE( '', *, *, #2107, .T. );
#1191 = ORIENTED_EDGE( '', *, *, #2108, .F. );
#1192 = ORIENTED_EDGE( '', *, *, #2109, .F. );
#1193 = CARTESIAN_POINT( '', ( 0.00365000000000000, -0.000170000000000000, 0.00365000000000000 ) );
#1194 = DIRECTION( '', ( 0.707106781186548, 0.000000000000000, -0.707106781186548 ) );
#1195 = DIRECTION( '', ( 0.000000000000000, -1.00000000000000, 0.000000000000000 ) );
#1196 = ORIENTED_EDGE( '', *, *, #1900, .T. );
#1197 = ORIENTED_EDGE( '', *, *, #2110, .F. );
#1198 = ORIENTED_EDGE( '', *, *, #2111, .F. );
#1199 = ORIENTED_EDGE( '', *, *, #2112, .T. );
#1200 = CARTESIAN_POINT( '', ( -0.00225000000000000, -0.00360000000000000, -0.00290000000000000 ) );
#1201 = DIRECTION( '', ( -1.00000000000000, 0.000000000000000, -0.000000000000000 ) );
#1202 = DIRECTION( '', ( 0.000000000000000, 0.000000000000000, -1.00000000000000 ) );
#1203 = ORIENTED_EDGE( '', *, *, #1876, .F. );
#1204 = ORIENTED_EDGE( '', *, *, #1889, .F. );
#1205 = ORIENTED_EDGE( '', *, *, #2086, .F. );
#1206 = ORIENTED_EDGE( '', *, *, #1918, .T. );
#1207 = CARTESIAN_POINT( '', ( 0.00400000000000000, 0.000200000000000000, -0.00275000000000000 ) );
#1208 = DIRECTION( '', ( 0.000000000000000, -0.707106781186548, 0.707106781186548 ) );
#1209 = DIRECTION( '', ( -1.00000000000000, 0.000000000000000, 0.000000000000000 ) );
#1210 = ORIENTED_EDGE( '', *, *, #2038, .F. );
#1211 = ORIENTED_EDGE( '', *, *, #2113, .F. );
#1212 = ORIENTED_EDGE( '', *, *, #2114, .F. );
#1213 = ORIENTED_EDGE( '', *, *, #2049, .F. );
#1214 = CARTESIAN_POINT( '', ( -0.00225000000000000, 0.000000000000000, 0.000000000000000 ) );
#1215 = DIRECTION( '', ( 1.00000000000000, 0.000000000000000, 0.000000000000000 ) );
#1216 = DIRECTION( '', ( 0.000000000000000, 1.00000000000000, -0.000000000000000 ) );
#1217 = ORIENTED_EDGE( '', *, *, #2115, .T. );
#1218 = ORIENTED_EDGE( '', *, *, #2116, .T. );
#1219 = ORIENTED_EDGE( '', *, *, #1967, .F. );
#1220 = ORIENTED_EDGE( '', *, *, #2117, .F. );
#1221 = ORIENTED_EDGE( '', *, *, #2118, .T. );
#1222 = CARTESIAN_POINT( '', ( -0.00331000000000000, 0.000550000000000000, 0.00365000000000000 ) );
#1223 = DIRECTION( '', ( 0.707106781186548, -0.707106781186548, 0.000000000000000 ) );
#1224 = DIRECTION( '', ( 0.000000000000000, 0.000000000000000, -1.00000000000000 ) );
#1225 = ORIENTED_EDGE( '', *, *, #2114, .T. );
#1226 = ORIENTED_EDGE( '', *, *, #2119, .T. );
#1227 = ORIENTED_EDGE( '', *, *, #2120, .F. );
#1228 = ORIENTED_EDGE( '', *, *, #2121, .F. );
#1229 = CARTESIAN_POINT( '', ( 0.00400000000000000, 0.000200000000000000, -0.00200000000000000 ) );
#1230 = DIRECTION( '', ( 0.000000000000000, -1.00000000000000, 0.000000000000000 ) );
#1231 = DIRECTION( '', ( 0.000000000000000, 0.000000000000000, -1.00000000000000 ) );
#1232 = ORIENTED_EDGE( '', *, *, #2122, .T. );
#1233 = ORIENTED_EDGE( '', *, *, #1987, .F. );
#1234 = ORIENTED_EDGE( '', *, *, #2060, .F. );
#1235 = ORIENTED_EDGE( '', *, *, #2123, .T. );
#1236 = CARTESIAN_POINT( '', ( -0.000250000000000000, -0.00560000000000000, -0.00210000000000000 ) );
#1237 = DIRECTION( '', ( 0.000000000000000, -1.00000000000000, 0.000000000000000 ) );
#1238 = DIRECTION( '', ( 0.000000000000000, 0.000000000000000, -1.00000000000000 ) );
#1239 = ORIENTED_EDGE( '', *, *, #2051, .T. );
#1240 = ORIENTED_EDGE( '', *, *, #1904, .F. );
#1241 = ORIENTED_EDGE( '', *, *, #2023, .F. );
#1242 = ORIENTED_EDGE( '', *, *, #2124, .T. );
#1243 = CARTESIAN_POINT( '', ( 0.00175000000000000, 0.000200000000000000, 0.00305000000000000 ) );
#1244 = DIRECTION( '', ( 0.000000000000000, 0.000000000000000, 1.00000000000000 ) );
#1245 = DIRECTION( '', ( 1.00000000000000, -0.000000000000000, 0.000000000000000 ) );
#1246 = ORIENTED_EDGE( '', *, *, #2125, .F. );
#1247 = ORIENTED_EDGE( '', *, *, #2126, .T. );
#1248 = ORIENTED_EDGE( '', *, *, #1940, .F. );
#1249 = ORIENTED_EDGE( '', *, *, #2127, .T. );
#1250 = ORIENTED_EDGE( '', *, *, #2001, .F. );
#1251 = CARTESIAN_POINT( '', ( -0.00200000000000000, -0.00160000000000000, 0.00200000000000000 ) );
#1252 = DIRECTION( '', ( -1.00000000000000, 0.000000000000000, 0.000000000000000 ) );
#1253 = DIRECTION( '', ( 0.000000000000000, 0.000000000000000, 1.00000000000000 ) );
#1254 = ORIENTED_EDGE( '', *, *, #2128, .F. );
#1255 = ORIENTED_EDGE( '', *, *, #1937, .F. );
#1256 = ORIENTED_EDGE( '', *, *, #2129, .F. );
#1257 = ORIENTED_EDGE( '', *, *, #2130, .F. );
#1258 = ORIENTED_EDGE( '', *, *, #2123, .F. );
#1259 = ORIENTED_EDGE( '', *, *, #2061, .F. );
#1260 = ORIENTED_EDGE( '', *, *, #1929, .F. );
#1261 = ORIENTED_EDGE( '', *, *, #2131, .F. );
#1262 = ORIENTED_EDGE( '', *, *, #2132, .F. );
#1263 = ORIENTED_EDGE( '', *, *, #2133, .T. );
#1264 = ORIENTED_EDGE( '', *, *, #2104, .F. );
#1265 = CARTESIAN_POINT( '', ( -0.000250000000000000, 0.000000000000000, 0.000000000000000 ) );
#1266 = DIRECTION( '', ( 1.00000000000000, 0.000000000000000, 0.000000000000000 ) );
#1267 = DIRECTION( '', ( 0.000000000000000, 1.00000000000000, -0.000000000000000 ) );
#1268 = ORIENTED_EDGE( '', *, *, #2134, .F. );
#1269 = ORIENTED_EDGE( '', *, *, #2135, .F. );
#1270 = ORIENTED_EDGE( '', *, *, #2136, .F. );
#1271 = ORIENTED_EDGE( '', *, *, #2137, .F. );
#1272 = CARTESIAN_POINT( '', ( -0.000250000000000000, 0.000000000000000, 0.000000000000000 ) );
#1273 = DIRECTION( '', ( 1.00000000000000, 0.000000000000000, 0.000000000000000 ) );
#1274 = DIRECTION( '', ( 0.000000000000000, 1.00000000000000, -0.000000000000000 ) );
#1275 = ORIENTED_EDGE( '', *, *, #1872, .F. );
#1276 = ORIENTED_EDGE( '', *, *, #2138, .F. );
#1277 = ORIENTED_EDGE( '', *, *, #2101, .F. );
#1278 = ORIENTED_EDGE( '', *, *, #2005, .T. );
#1279 = CARTESIAN_POINT( '', ( 0.00400000000000000, 0.000200000000000000, -0.00275000000000000 ) );
#1280 = DIRECTION( '', ( 0.000000000000000, -0.707106781186548, 0.707106781186548 ) );
#1281 = DIRECTION( '', ( -1.00000000000000, 0.000000000000000, 0.000000000000000 ) );
#1282 = ORIENTED_EDGE( '', *, *, #2139, .T. );
#1283 = ORIENTED_EDGE( '', *, *, #2034, .T. );
#1284 = ORIENTED_EDGE( '', *, *, #2138, .T. );
#1285 = ORIENTED_EDGE( '', *, *, #1871, .F. );
#1286 = CARTESIAN_POINT( '', ( 0.000625000000000000, -0.00210000000000000, -0.00365000000000000 ) );
#1287 = DIRECTION( '', ( 0.940553899691682, 0.000000000000000, 0.339644463777594 ) );
#1288 = DIRECTION( '', ( 0.000000000000000, -1.00000000000000, 0.000000000000000 ) );
#1289 = ORIENTED_EDGE( '', *, *, #2035, .F. );
#1290 = ORIENTED_EDGE( '', *, *, #2139, .F. );
#1291 = ORIENTED_EDGE( '', *, *, #1870, .F. );
#1292 = ORIENTED_EDGE( '', *, *, #2007, .F. );
#1293 = ORIENTED_EDGE( '', *, *, #2044, .F. );
#1294 = ORIENTED_EDGE( '', *, *, #2011, .F. );
#1295 = CARTESIAN_POINT( '', ( 0.00262500000000000, -0.00160000000000000, 0.00365000000000000 ) );
#1296 = DIRECTION( '', ( 0.000000000000000, 1.00000000000000, 0.000000000000000 ) );
#1297 = DIRECTION( '', ( 1.00000000000000, 0.000000000000000, -0.000000000000000 ) );
#1298 = ORIENTED_EDGE( '', *, *, #2140, .T. );
#1299 = ORIENTED_EDGE( '', *, *, #2141, .F. );
#1300 = ORIENTED_EDGE( '', *, *, #2142, .F. );
#1301 = ORIENTED_EDGE( '', *, *, #2143, .T. );
#1302 = CARTESIAN_POINT( '', ( 0.00262500000000000, -0.00210000000000000, -0.000250000000000000 ) );
#1303 = DIRECTION( '', ( 0.000000000000000, 0.000000000000000, -1.00000000000000 ) );
#1304 = DIRECTION( '', ( 0.000000000000000, -1.00000000000000, 0.000000000000000 ) );
#1305 = ORIENTED_EDGE( '', *, *, #1936, .T. );
#1306 = ORIENTED_EDGE( '', *, *, #1989, .F. );
#1307 = ORIENTED_EDGE( '', *, *, #2144, .F. );
#1308 = ORIENTED_EDGE( '', *, *, #2129, .T. );
#1309 = CARTESIAN_POINT( '', ( -0.000250000000000000, -0.00360000000000000, -0.00175000000000000 ) );
#1310 = DIRECTION( '', ( -1.00000000000000, 0.000000000000000, -0.000000000000000 ) );
#1311 = DIRECTION( '', ( 0.000000000000000, 0.000000000000000, -1.00000000000000 ) );
#1312 = ORIENTED_EDGE( '', *, *, #2027, .T. );
#1313 = ORIENTED_EDGE( '', *, *, #2145, .T. );
#1314 = ORIENTED_EDGE( '', *, *, #2146, .F. );
#1315 = ORIENTED_EDGE( '', *, *, #2147, .F. );
#1316 = CARTESIAN_POINT( '', ( -0.00325000000000000, -0.00210000000000000, 0.00365000000000000 ) );
#1317 = DIRECTION( '', ( -0.999671430909481, 0.000000000000000, -0.0256326007925495 ) );
#1318 = DIRECTION( '', ( -0.0256326007925495, 0.000000000000000, 0.999671430909481 ) );
#1319 = ORIENTED_EDGE( '', *, *, #1941, .T. );
#1320 = ORIENTED_EDGE( '', *, *, #2126, .F. );
#1321 = ORIENTED_EDGE( '', *, *, #1972, .F. );
#1322 = ORIENTED_EDGE( '', *, *, #2019, .F. );
#1323 = ORIENTED_EDGE( '', *, *, #2148, .T. );
#1324 = ORIENTED_EDGE( '', *, *, #2149, .T. );
#1325 = ORIENTED_EDGE( '', *, *, #1958, .F. );
#1326 = ORIENTED_EDGE( '', *, *, #2150, .T. );
#1327 = CARTESIAN_POINT( '', ( -0.00355000000000000, -0.00105000000000000, 0.00365000000000000 ) );
#1328 = DIRECTION( '', ( 0.000000000000000, -1.00000000000000, 0.000000000000000 ) );
#1329 = DIRECTION( '', ( 0.000000000000000, 0.000000000000000, -1.00000000000000 ) );
#1330 = ORIENTED_EDGE( '', *, *, #1996, .T. );
#1331 = ORIENTED_EDGE( '', *, *, #2151, .T. );
#1332 = ORIENTED_EDGE( '', *, *, #2152, .T. );
#1333 = ORIENTED_EDGE( '', *, *, #2153, .T. );
#1334 = CARTESIAN_POINT( '', ( 0.000250000000000000, 0.000000000000000, 0.000000000000000 ) );
#1335 = DIRECTION( '', ( 1.00000000000000, 0.000000000000000, 0.000000000000000 ) );
#1336 = DIRECTION( '', ( 0.000000000000000, 1.00000000000000, -0.000000000000000 ) );
#1337 = ORIENTED_EDGE( '', *, *, #2154, .T. );
#1338 = ORIENTED_EDGE( '', *, *, #2155, .F. );
#1339 = ORIENTED_EDGE( '', *, *, #1998, .F. );
#1340 = ORIENTED_EDGE( '', *, *, #2156, .T. );
#1341 = CARTESIAN_POINT( '', ( -0.00225000000000000, -0.00360000000000000, -0.00295000000000000 ) );
#1342 = DIRECTION( '', ( -1.00000000000000, 0.000000000000000, -0.000000000000000 ) );
#1343 = DIRECTION( '', ( 0.000000000000000, 0.000000000000000, -1.00000000000000 ) );
#1344 = ORIENTED_EDGE( '', *, *, #1885, .T. );
#1345 = ORIENTED_EDGE( '', *, *, #2157, .F. );
#1346 = ORIENTED_EDGE( '', *, *, #2083, .F. );
#1347 = ORIENTED_EDGE( '', *, *, #2158, .T. );
#1348 = CARTESIAN_POINT( '', ( 0.00175000000000000, -0.00320000000000000, -0.00260000000000000 ) );
#1349 = DIRECTION( '', ( 0.000000000000000, 0.000000000000000, -1.00000000000000 ) );
#1350 = DIRECTION( '', ( 0.000000000000000, -1.00000000000000, 0.000000000000000 ) );
#1351 = ORIENTED_EDGE( '', *, *, #2056, .T. );
#1352 = ORIENTED_EDGE( '', *, *, #2159, .F. );
#1353 = ORIENTED_EDGE( '', *, *, #2160, .T. );
#1354 = ORIENTED_EDGE( '', *, *, #2041, .T. );
#1355 = ORIENTED_EDGE( '', *, *, #2161, .T. );
#1356 = ORIENTED_EDGE( '', *, *, #1947, .T. );
#1357 = ORIENTED_EDGE( '', *, *, #2017, .T. );
#1358 = ORIENTED_EDGE( '', *, *, #2084, .T. );
#1359 = ORIENTED_EDGE( '', *, *, #2157, .T. );
#1360 = ORIENTED_EDGE( '', *, *, #1884, .T. );
#1361 = ORIENTED_EDGE( '', *, *, #2098, .T. );
#1362 = CARTESIAN_POINT( '', ( 0.00225000000000000, 0.000000000000000, 0.000000000000000 ) );
#1363 = DIRECTION( '', ( 1.00000000000000, 0.000000000000000, 0.000000000000000 ) );
#1364 = DIRECTION( '', ( 0.000000000000000, 1.00000000000000, -0.000000000000000 ) );
#1365 = ORIENTED_EDGE( '', *, *, #2162, .T. );
#1366 = ORIENTED_EDGE( '', *, *, #1938, .T. );
#1367 = ORIENTED_EDGE( '', *, *, #2150, .F. );
#1368 = ORIENTED_EDGE( '', *, *, #2163, .F. );
#1369 = ORIENTED_EDGE( '', *, *, #2164, .T. );
#1370 = CARTESIAN_POINT( '', ( 0.00200000000000000, -0.00160000000000000, -0.00215000000000000 ) );
#1371 = DIRECTION( '', ( 1.00000000000000, 0.000000000000000, 0.000000000000000 ) );
#1372 = DIRECTION( '', ( 0.000000000000000, 1.00000000000000, -0.000000000000000 ) );
#1373 = ORIENTED_EDGE( '', *, *, #2165, .T. );
#1374 = ORIENTED_EDGE( '', *, *, #1962, .F. );
#1375 = ORIENTED_EDGE( '', *, *, #2166, .F. );
#1376 = ORIENTED_EDGE( '', *, *, #2020, .F. );
#1377 = ORIENTED_EDGE( '', *, *, #2167, .T. );
#1378 = CARTESIAN_POINT( '', ( 0.00315000000000000, 0.000710000000000000, 0.00365000000000000 ) );
#1379 = DIRECTION( '', ( -0.707106781186548, -0.707106781186548, 0.000000000000000 ) );
#1380 = DIRECTION( '', ( -0.707106781186548, 0.707106781186548, 0.000000000000000 ) );
#1381 = ORIENTED_EDGE( '', *, *, #2168, .T. );
#1382 = ORIENTED_EDGE( '', *, *, #1975, .T. );
#1383 = ORIENTED_EDGE( '', *, *, #1914, .F. );
#1384 = ORIENTED_EDGE( '', *, *, #2136, .T. );
#1385 = CARTESIAN_POINT( '', ( -0.000287500000000000, -4.99999999999800E-05, -0.000325000000000000 ) );
#1386 = DIRECTION( '', ( -0.894427190999896, 0.000000000000000, -0.447213595499998 ) );
#1387 = DIRECTION( '', ( -0.447213595499998, 0.000000000000000, 0.894427190999896 ) );
#1388 = ORIENTED_EDGE( '', *, *, #2120, .T. );
#1389 = ORIENTED_EDGE( '', *, *, #2169, .T. );
#1390 = ORIENTED_EDGE( '', *, *, #2036, .T. );
#1391 = ORIENTED_EDGE( '', *, *, #2170, .T. );
#1392 = CARTESIAN_POINT( '', ( -0.00175000000000000, 0.000000000000000, 0.000000000000000 ) );
#1393 = DIRECTION( '', ( 1.00000000000000, 0.000000000000000, 0.000000000000000 ) );
#1394 = DIRECTION( '', ( 0.000000000000000, 1.00000000000000, -0.000000000000000 ) );
#1395 = ORIENTED_EDGE( '', *, *, #1895, .T. );
#1396 = ORIENTED_EDGE( '', *, *, #2091, .T. );
#1397 = ORIENTED_EDGE( '', *, *, #2171, .F. );
#1398 = ORIENTED_EDGE( '', *, *, #2030, .T. );
#1399 = CARTESIAN_POINT( '', ( -0.00385000000000000, -0.00210000000000000, -0.00275000000000000 ) );
#1400 = DIRECTION( '', ( 1.00000000000000, 0.000000000000000, 0.000000000000000 ) );
#1401 = DIRECTION( '', ( 0.000000000000000, 1.00000000000000, -0.000000000000000 ) );
#1402 = ORIENTED_EDGE( '', *, *, #2089, .F. );
#1403 = ORIENTED_EDGE( '', *, *, #2072, .F. );
#1404 = ORIENTED_EDGE( '', *, *, #1901, .F. );
#1405 = ORIENTED_EDGE( '', *, *, #2112, .F. );
#1406 = ORIENTED_EDGE( '', *, *, #2172, .F. );
#1407 = ORIENTED_EDGE( '', *, *, #2065, .F. );
#1408 = ORIENTED_EDGE( '', *, *, #2173, .F. );
#1409 = ORIENTED_EDGE( '', *, *, #2156, .F. );
#1410 = ORIENTED_EDGE( '', *, *, #1997, .F. );
#1411 = ORIENTED_EDGE( '', *, *, #2174, .T. );
#1412 = ORIENTED_EDGE( '', *, *, #2175, .T. );
#1413 = CARTESIAN_POINT( '', ( -0.00225000000000000, 0.000000000000000, 0.000000000000000 ) );
#1414 = DIRECTION( '', ( 1.00000000000000, 0.000000000000000, 0.000000000000000 ) );
#1415 = DIRECTION( '', ( 0.000000000000000, 1.00000000000000, -0.000000000000000 ) );
#1416 = ORIENTED_EDGE( '', *, *, #2176, .T. );
#1417 = ORIENTED_EDGE( '', *, *, #1980, .T. );
#1418 = ORIENTED_EDGE( '', *, *, #2177, .F. );
#1419 = ORIENTED_EDGE( '', *, *, #2170, .F. );
#1420 = CARTESIAN_POINT( '', ( -0.00171250000000000, -4.99999999999800E-05, -0.000325000000000000 ) );
#1421 = DIRECTION( '', ( 0.894427190999896, 0.000000000000000, -0.447213595499998 ) );
#1422 = DIRECTION( '', ( 0.000000000000000, -1.00000000000000, 0.000000000000000 ) );
#1423 = ORIENTED_EDGE( '', *, *, #2177, .T. );
#1424 = ORIENTED_EDGE( '', *, *, #1979, .T. );
#1425 = ORIENTED_EDGE( '', *, *, #2047, .F. );
#1426 = ORIENTED_EDGE( '', *, *, #2121, .T. );
#1427 = CARTESIAN_POINT( '', ( -0.00200000000000000, 0.000237500000000000, -0.000325000000000000 ) );
#1428 = DIRECTION( '', ( 0.000000000000000, 0.894427190999896, -0.447213595499998 ) );
#1429 = DIRECTION( '', ( -1.00000000000000, 0.000000000000000, 0.000000000000000 ) );
#1430 = ORIENTED_EDGE( '', *, *, #2178, .T. );
#1431 = ORIENTED_EDGE( '', *, *, #1999, .T. );
#1432 = ORIENTED_EDGE( '', *, *, #2155, .T. );
#1433 = ORIENTED_EDGE( '', *, *, #2179, .T. );
#1434 = ORIENTED_EDGE( '', *, *, #2063, .T. );
#1435 = ORIENTED_EDGE( '', *, *, #2180, .T. );
#1436 = ORIENTED_EDGE( '', *, *, #2110, .T. );
#1437 = ORIENTED_EDGE( '', *, *, #1899, .T. );
#1438 = ORIENTED_EDGE( '', *, *, #2071, .T. );
#1439 = ORIENTED_EDGE( '', *, *, #2088, .T. );
#1440 = ORIENTED_EDGE( '', *, *, #2181, .T. );
#1441 = CARTESIAN_POINT( '', ( -0.00175000000000000, 0.000000000000000, 0.000000000000000 ) );
#1442 = DIRECTION( '', ( 1.00000000000000, 0.000000000000000, 0.000000000000000 ) );
#1443 = DIRECTION( '', ( 0.000000000000000, 1.00000000000000, -0.000000000000000 ) );
#1444 = ORIENTED_EDGE( '', *, *, #2037, .T. );
#1445 = ORIENTED_EDGE( '', *, *, #2169, .F. );
#1446 = ORIENTED_EDGE( '', *, *, #2119, .F. );
#1447 = ORIENTED_EDGE( '', *, *, #2113, .T. );
#1448 = CARTESIAN_POINT( '', ( -0.00225000000000000, 0.000200000000000000, 0.00305000000000000 ) );
#1449 = DIRECTION( '', ( 0.000000000000000, 0.000000000000000, 1.00000000000000 ) );
#1450 = DIRECTION( '', ( 1.00000000000000, -0.000000000000000, 0.000000000000000 ) );
#1451 = ORIENTED_EDGE( '', *, *, #2042, .T. );
#1452 = ORIENTED_EDGE( '', *, *, #2160, .F. );
#1453 = ORIENTED_EDGE( '', *, *, #2182, .F. );
#1454 = ORIENTED_EDGE( '', *, *, #2164, .F. );
#1455 = ORIENTED_EDGE( '', *, *, #2183, .T. );
#1456 = ORIENTED_EDGE( '', *, *, #2184, .T. );
#1457 = CARTESIAN_POINT( '', ( 0.00175000000000000, -0.000600000000000000, -0.00210000000000000 ) );
#1458 = DIRECTION( '', ( 0.000000000000000, 0.000000000000000, 1.00000000000000 ) );
#1459 = DIRECTION( '', ( 1.00000000000000, -0.000000000000000, 0.000000000000000 ) );
#1460 = ORIENTED_EDGE( '', *, *, #2185, .T. );
#1461 = ORIENTED_EDGE( '', *, *, #2151, .F. );
#1462 = ORIENTED_EDGE( '', *, *, #2186, .F. );
#1463 = ORIENTED_EDGE( '', *, *, #2135, .T. );
#1464 = CARTESIAN_POINT( '', ( 0.00400000000000000, 0.000200000000000000, -0.00200000000000000 ) );
#1465 = DIRECTION( '', ( 0.000000000000000, -1.00000000000000, 0.000000000000000 ) );
#1466 = DIRECTION( '', ( 0.000000000000000, 0.000000000000000, -1.00000000000000 ) );
#1467 = ORIENTED_EDGE( '', *, *, #2187, .T. );
#1468 = ORIENTED_EDGE( '', *, *, #2058, .T. );
#1469 = ORIENTED_EDGE( '', *, *, #1963, .F. );
#1470 = ORIENTED_EDGE( '', *, *, #2165, .F. );
#1471 = ORIENTED_EDGE( '', *, *, #2188, .T. );
#1472 = CARTESIAN_POINT( '', ( 0.00331000000000000, 0.000550000000000000, 0.00365000000000000 ) );
#1473 = DIRECTION( '', ( 0.000000000000000, -1.00000000000000, 0.000000000000000 ) );
#1474 = DIRECTION( '', ( 0.000000000000000, 0.000000000000000, -1.00000000000000 ) );
#1475 = ORIENTED_EDGE( '', *, *, #2031, .T. );
#1476 = ORIENTED_EDGE( '', *, *, #2171, .T. );
#1477 = ORIENTED_EDGE( '', *, *, #2068, .T. );
#1478 = ORIENTED_EDGE( '', *, *, #1880, .F. );
#1479 = CARTESIAN_POINT( '', ( -0.00337500000000000, -0.00210000000000000, -0.00365000000000000 ) );
#1480 = DIRECTION( '', ( 0.884384752846986, 0.000000000000000, 0.466758619558092 ) );
#1481 = DIRECTION( '', ( 0.000000000000000, -1.00000000000000, 0.000000000000000 ) );
#1482 = ORIENTED_EDGE( '', *, *, #1995, .T. );
#1483 = ORIENTED_EDGE( '', *, *, #1973, .T. );
#1484 = ORIENTED_EDGE( '', *, *, #2168, .F. );
#1485 = ORIENTED_EDGE( '', *, *, #2186, .T. );
#1486 = CARTESIAN_POINT( '', ( 0.000000000000000, 0.000237500000000000, -0.000325000000000000 ) );
#1487 = DIRECTION( '', ( 0.000000000000000, 0.894427190999896, -0.447213595499998 ) );
#1488 = DIRECTION( '', ( -1.00000000000000, 0.000000000000000, 0.000000000000000 ) );
#1489 = ORIENTED_EDGE( '', *, *, #2189, .T. );
#1490 = ORIENTED_EDGE( '', *, *, #1944, .T. );
#1491 = ORIENTED_EDGE( '', *, *, #2105, .F. );
#1492 = ORIENTED_EDGE( '', *, *, #2133, .F. );
#1493 = CARTESIAN_POINT( '', ( 0.000300000000000000, -0.00210000000000000, -0.00215000000000000 ) );
#1494 = DIRECTION( '', ( 0.000000000000000, 0.000000000000000, 1.00000000000000 ) );
#1495 = DIRECTION( '', ( 1.00000000000000, -0.000000000000000, 0.000000000000000 ) );
#1496 = ORIENTED_EDGE( '', *, *, #2117, .T. );
#1497 = ORIENTED_EDGE( '', *, *, #1966, .F. );
#1498 = ORIENTED_EDGE( '', *, *, #1890, .F. );
#1499 = ORIENTED_EDGE( '', *, *, #2190, .F. );
#1500 = ORIENTED_EDGE( '', *, *, #2191, .T. );
#1501 = CARTESIAN_POINT( '', ( -0.00355000000000000, 0.000550000000000000, 0.00365000000000000 ) );
#1502 = DIRECTION( '', ( 0.000000000000000, -1.00000000000000, 0.000000000000000 ) );
#1503 = DIRECTION( '', ( 0.000000000000000, 0.000000000000000, -1.00000000000000 ) );
#1504 = ORIENTED_EDGE( '', *, *, #2192, .T. );
#1505 = ORIENTED_EDGE( '', *, *, #2142, .T. );
#1506 = ORIENTED_EDGE( '', *, *, #2193, .T. );
#1507 = ORIENTED_EDGE( '', *, *, #1868, .F. );
#1508 = CARTESIAN_POINT( '', ( 0.00262500000000000, -0.00210000000000000, 0.00365000000000000 ) );
#1509 = DIRECTION( '', ( 1.00000000000000, 0.000000000000000, 0.000000000000000 ) );
#1510 = DIRECTION( '', ( 0.000000000000000, 1.00000000000000, -0.000000000000000 ) );
#1511 = ORIENTED_EDGE( '', *, *, #2108, .T. );
#1512 = ORIENTED_EDGE( '', *, *, #2148, .F. );
#1513 = ORIENTED_EDGE( '', *, *, #1953, .F. );
#1514 = ORIENTED_EDGE( '', *, *, #2194, .T. );
#1515 = CARTESIAN_POINT( '', ( -0.00355000000000000, -0.00115000000000000, 0.00365000000000000 ) );
#1516 = DIRECTION( '', ( 0.000000000000000, 0.707106781186548, 0.707106781186548 ) );
#1517 = DIRECTION( '', ( 1.00000000000000, 0.000000000000000, -0.000000000000000 ) );
#1518 = ORIENTED_EDGE( '', *, *, #2081, .T. );
#1519 = ORIENTED_EDGE( '', *, *, #2195, .F. );
#1520 = ORIENTED_EDGE( '', *, *, #2115, .F. );
#1521 = ORIENTED_EDGE( '', *, *, #2196, .T. );
#1522 = CARTESIAN_POINT( '', ( -0.00325000000000000, 0.000610000000000000, 0.00365000000000000 ) );
#1523 = DIRECTION( '', ( 0.707106781186548, 0.000000000000000, 0.707106781186548 ) );
#1524 = DIRECTION( '', ( 0.000000000000000, -1.00000000000000, 0.000000000000000 ) );
#1525 = ORIENTED_EDGE( '', *, *, #2103, .T. );
#1526 = ORIENTED_EDGE( '', *, *, #1990, .F. );
#1527 = ORIENTED_EDGE( '', *, *, #1934, .F. );
#1528 = ORIENTED_EDGE( '', *, *, #2128, .T. );
#1529 = CARTESIAN_POINT( '', ( -0.000250000000000000, -0.000100000000000000, -0.00230000000000000 ) );
#1530 = DIRECTION( '', ( -1.00000000000000, 0.000000000000000, -0.000000000000000 ) );
#1531 = DIRECTION( '', ( 0.000000000000000, 0.000000000000000, -1.00000000000000 ) );
#1532 = ORIENTED_EDGE( '', *, *, #2087, .F. );
#1533 = ORIENTED_EDGE( '', *, *, #1910, .F. );
#1534 = ORIENTED_EDGE( '', *, *, #2197, .T. );
#1535 = ORIENTED_EDGE( '', *, *, #2181, .F. );
#1536 = CARTESIAN_POINT( '', ( -0.00170000000000000, -0.00210000000000000, -0.00215000000000000 ) );
#1537 = DIRECTION( '', ( 0.000000000000000, 0.000000000000000, 1.00000000000000 ) );
#1538 = DIRECTION( '', ( 1.00000000000000, -0.000000000000000, 0.000000000000000 ) );
#1539 = ORIENTED_EDGE( '', *, *, #2198, .F. );
#1540 = ORIENTED_EDGE( '', *, *, #2140, .F. );
#1541 = ORIENTED_EDGE( '', *, *, #2199, .T. );
#1542 = ORIENTED_EDGE( '', *, *, #2200, .T. );
#1543 = CARTESIAN_POINT( '', ( 0.00315000000000000, -0.00210000000000000, -0.000250000000000000 ) );
#1544 = DIRECTION( '', ( 0.999671430909481, 0.000000000000000, -0.0256326007925495 ) );
#1545 = DIRECTION( '', ( 0.000000000000000, -1.00000000000000, 0.000000000000000 ) );
#1546 = ORIENTED_EDGE( '', *, *, #2166, .T. );
#1547 = ORIENTED_EDGE( '', *, *, #1961, .F. );
#1548 = ORIENTED_EDGE( '', *, *, #1922, .F. );
#1549 = ORIENTED_EDGE( '', *, *, #2021, .T. );
#1550 = CARTESIAN_POINT( '', ( 0.00315000000000000, -0.000330000000000000, 0.00365000000000000 ) );
#1551 = DIRECTION( '', ( 1.00000000000000, 0.000000000000000, 0.000000000000000 ) );
#1552 = DIRECTION( '', ( 0.000000000000000, 1.00000000000000, -0.000000000000000 ) );
#1553 = ORIENTED_EDGE( '', *, *, #2190, .T. );
#1554 = ORIENTED_EDGE( '', *, *, #1893, .F. );
#1555 = ORIENTED_EDGE( '', *, *, #2075, .F. );
#1556 = ORIENTED_EDGE( '', *, *, #2201, .T. );
#1557 = CARTESIAN_POINT( '', ( -0.00365000000000000, 0.00210000000000000, 0.00365000000000000 ) );
#1558 = DIRECTION( '', ( 0.707106781186548, 0.000000000000000, 0.707106781186548 ) );
#1559 = DIRECTION( '', ( 0.000000000000000, -1.00000000000000, 0.000000000000000 ) );
#1560 = ORIENTED_EDGE( '', *, *, #2202, .T. );
#1561 = ORIENTED_EDGE( '', *, *, #1977, .T. );
#1562 = ORIENTED_EDGE( '', *, *, #2003, .F. );
#1563 = ORIENTED_EDGE( '', *, *, #1902, .F. );
#1564 = CARTESIAN_POINT( '', ( 0.00228750000000000, -4.99999999999800E-05, -0.000325000000000000 ) );
#1565 = DIRECTION( '', ( 0.894427190999896, 0.000000000000000, -0.447213595499998 ) );
#1566 = DIRECTION( '', ( 0.000000000000000, -1.00000000000000, 0.000000000000000 ) );
#1567 = ORIENTED_EDGE( '', *, *, #2080, .T. );
#1568 = ORIENTED_EDGE( '', *, *, #1968, .F. );
#1569 = ORIENTED_EDGE( '', *, *, #2116, .F. );
#1570 = ORIENTED_EDGE( '', *, *, #2195, .T. );
#1571 = CARTESIAN_POINT( '', ( -0.00315000000000000, 0.000710000000000000, 0.00365000000000000 ) );
#1572 = DIRECTION( '', ( -1.00000000000000, 0.000000000000000, 0.000000000000000 ) );
#1573 = DIRECTION( '', ( 0.000000000000000, 0.000000000000000, 1.00000000000000 ) );
#1574 = ORIENTED_EDGE( '', *, *, #2054, .T. );
#1575 = ORIENTED_EDGE( '', *, *, #2097, .F. );
#1576 = ORIENTED_EDGE( '', *, *, #1951, .F. );
#1577 = ORIENTED_EDGE( '', *, *, #2203, .T. );
#1578 = CARTESIAN_POINT( '', ( 0.00230000000000000, -0.00210000000000000, -0.00275000000000000 ) );
#1579 = DIRECTION( '', ( 1.00000000000000, 0.000000000000000, 0.000000000000000 ) );
#1580 = DIRECTION( '', ( 0.000000000000000, 1.00000000000000, -0.000000000000000 ) );
#1581 = ORIENTED_EDGE( '', *, *, #2064, .T. );
#1582 = ORIENTED_EDGE( '', *, *, #2179, .F. );
#1583 = ORIENTED_EDGE( '', *, *, #2154, .F. );
#1584 = ORIENTED_EDGE( '', *, *, #2173, .T. );
#1585 = CARTESIAN_POINT( '', ( -0.00225000000000000, -0.00412678268764300, -0.00210000000000000 ) );
#1586 = DIRECTION( '', ( 0.000000000000000, 0.000000000000000, 1.00000000000000 ) );
#1587 = DIRECTION( '', ( 1.00000000000000, -0.000000000000000, 0.000000000000000 ) );
#1588 = ORIENTED_EDGE( '', *, *, #1948, .T. );
#1589 = ORIENTED_EDGE( '', *, *, #2161, .F. );
#1590 = ORIENTED_EDGE( '', *, *, #2040, .F. );
#1591 = ORIENTED_EDGE( '', *, *, #2204, .T. );
#1592 = CARTESIAN_POINT( '', ( 0.00175000000000000, -0.00412678268764300, -0.00210000000000000 ) );
#1593 = DIRECTION( '', ( 0.000000000000000, 0.000000000000000, 1.00000000000000 ) );
#1594 = DIRECTION( '', ( 1.00000000000000, -0.000000000000000, 0.000000000000000 ) );
#1595 = ORIENTED_EDGE( '', *, *, #2200, .F. );
#1596 = ORIENTED_EDGE( '', *, *, #2205, .T. );
#1597 = ORIENTED_EDGE( '', *, *, #2206, .T. );
#1598 = ORIENTED_EDGE( '', *, *, #2077, .T. );
#1599 = ORIENTED_EDGE( '', *, *, #2207, .T. );
#1600 = ORIENTED_EDGE( '', *, *, #2188, .F. );
#1601 = ORIENTED_EDGE( '', *, *, #2167, .F. );
#1602 = ORIENTED_EDGE( '', *, *, #2022, .F. );
#1603 = ORIENTED_EDGE( '', *, *, #1925, .F. );
#1604 = ORIENTED_EDGE( '', *, *, #2208, .F. );
#1605 = ORIENTED_EDGE( '', *, *, #2109, .T. );
#1606 = ORIENTED_EDGE( '', *, *, #2194, .F. );
#1607 = ORIENTED_EDGE( '', *, *, #1956, .F. );
#1608 = ORIENTED_EDGE( '', *, *, #1994, .F. );
#1609 = ORIENTED_EDGE( '', *, *, #2082, .F. );
#1610 = ORIENTED_EDGE( '', *, *, #2196, .F. );
#1611 = ORIENTED_EDGE( '', *, *, #2118, .F. );
#1612 = ORIENTED_EDGE( '', *, *, #2191, .F. );
#1613 = ORIENTED_EDGE( '', *, *, #2201, .F. );
#1614 = ORIENTED_EDGE( '', *, *, #2074, .T. );
#1615 = ORIENTED_EDGE( '', *, *, #2209, .T. );
#1616 = ORIENTED_EDGE( '', *, *, #2028, .T. );
#1617 = ORIENTED_EDGE( '', *, *, #2147, .T. );
#1618 = ORIENTED_EDGE( '', *, *, #2210, .T. );
#1619 = CARTESIAN_POINT( '', ( 0.000000000000000, 0.000000000000000, 0.00365000000000000 ) );
#1620 = DIRECTION( '', ( 0.000000000000000, 0.000000000000000, 1.00000000000000 ) );
#1621 = DIRECTION( '', ( 1.00000000000000, -0.000000000000000, 0.000000000000000 ) );
#1622 = ORIENTED_EDGE( '', *, *, #2211, .F. );
#1623 = ORIENTED_EDGE( '', *, *, #2212, .F. );
#1624 = ORIENTED_EDGE( '', *, *, #2145, .F. );
#1625 = ORIENTED_EDGE( '', *, *, #2026, .T. );
#1626 = CARTESIAN_POINT( '', ( -0.00315000000000000, -0.00210000000000000, -0.000250000000000000 ) );
#1627 = DIRECTION( '', ( 0.000000000000000, 0.000000000000000, -1.00000000000000 ) );
#1628 = DIRECTION( '', ( 0.000000000000000, -1.00000000000000, 0.000000000000000 ) );
#1629 = ORIENTED_EDGE( '', *, *, #2048, .T. );
#1630 = ORIENTED_EDGE( '', *, *, #1981, .T. );
#1631 = ORIENTED_EDGE( '', *, *, #2176, .F. );
#1632 = ORIENTED_EDGE( '', *, *, #2039, .F. );
#1633 = CARTESIAN_POINT( '', ( -0.00200000000000000, -0.000337500000000000, -0.000325000000000000 ) );
#1634 = DIRECTION( '', ( 0.000000000000000, -0.894427190999896, -0.447213595499998 ) );
#1635 = DIRECTION( '', ( 0.000000000000000, 0.447213595499998, -0.894427190999896 ) );
#1636 = ORIENTED_EDGE( '', *, *, #2111, .T. );
#1637 = ORIENTED_EDGE( '', *, *, #2180, .F. );
#1638 = ORIENTED_EDGE( '', *, *, #2062, .F. );
#1639 = ORIENTED_EDGE( '', *, *, #2172, .T. );
#1640 = CARTESIAN_POINT( '', ( -0.00225000000000000, -0.00560000000000000, -0.00260000000000000 ) );
#1641 = DIRECTION( '', ( 0.000000000000000, 0.000000000000000, -1.00000000000000 ) );
#1642 = DIRECTION( '', ( 0.000000000000000, -1.00000000000000, 0.000000000000000 ) );
#1643 = ORIENTED_EDGE( '', *, *, #2124, .F. );
#1644 = ORIENTED_EDGE( '', *, *, #2024, .F. );
#1645 = ORIENTED_EDGE( '', *, *, #1909, .F. );
#1646 = ORIENTED_EDGE( '', *, *, #2052, .F. );
#1647 = CARTESIAN_POINT( '', ( 0.00175000000000000, 0.000000000000000, 0.000000000000000 ) );
#1648 = DIRECTION( '', ( 1.00000000000000, 0.000000000000000, 0.000000000000000 ) );
#1649 = DIRECTION( '', ( 0.000000000000000, 1.00000000000000, -0.000000000000000 ) );
#1650 = ORIENTED_EDGE( '', *, *, #2213, .T. );
#1651 = ORIENTED_EDGE( '', *, *, #1959, .F. );
#1652 = ORIENTED_EDGE( '', *, *, #2149, .F. );
#1653 = ORIENTED_EDGE( '', *, *, #2107, .F. );
#1654 = CARTESIAN_POINT( '', ( 0.00355000000000000, -0.00105000000000000, 0.00365000000000000 ) );
#1655 = DIRECTION( '', ( 1.00000000000000, 0.000000000000000, 0.000000000000000 ) );
#1656 = DIRECTION( '', ( 0.000000000000000, 1.00000000000000, -0.000000000000000 ) );
#1657 = ORIENTED_EDGE( '', *, *, #1924, .T. );
#1658 = ORIENTED_EDGE( '', *, *, #1960, .F. );
#1659 = ORIENTED_EDGE( '', *, *, #2213, .F. );
#1660 = ORIENTED_EDGE( '', *, *, #2106, .F. );
#1661 = ORIENTED_EDGE( '', *, *, #2208, .T. );
#1662 = CARTESIAN_POINT( '', ( 0.00355000000000000, -0.000170000000000000, 0.00365000000000000 ) );
#1663 = DIRECTION( '', ( 0.000000000000000, 1.00000000000000, 0.000000000000000 ) );
#1664 = DIRECTION( '', ( 1.00000000000000, 0.000000000000000, -0.000000000000000 ) );
#1665 = ORIENTED_EDGE( '', *, *, #2214, .F. );
#1666 = ORIENTED_EDGE( '', *, *, #2211, .T. );
#1667 = ORIENTED_EDGE( '', *, *, #2025, .F. );
#1668 = ORIENTED_EDGE( '', *, *, #1878, .T. );
#1669 = CARTESIAN_POINT( '', ( -0.00262500000000000, -0.00160000000000000, 0.00365000000000000 ) );
#1670 = DIRECTION( '', ( -1.00000000000000, 0.000000000000000, 0.000000000000000 ) );
#1671 = DIRECTION( '', ( 0.000000000000000, 0.000000000000000, 1.00000000000000 ) );
#1672 = ORIENTED_EDGE( '', *, *, #2215, .T. );
#1673 = ORIENTED_EDGE( '', *, *, #2152, .F. );
#1674 = ORIENTED_EDGE( '', *, *, #2185, .F. );
#1675 = ORIENTED_EDGE( '', *, *, #2134, .T. );
#1676 = CARTESIAN_POINT( '', ( -0.000250000000000000, 0.000200000000000000, 0.00305000000000000 ) );
#1677 = DIRECTION( '', ( 0.000000000000000, 0.000000000000000, 1.00000000000000 ) );
#1678 = DIRECTION( '', ( 1.00000000000000, -0.000000000000000, 0.000000000000000 ) );
#1679 = ORIENTED_EDGE( '', *, *, #2216, .T. );
#1680 = ORIENTED_EDGE( '', *, *, #2095, .F. );
#1681 = ORIENTED_EDGE( '', *, *, #1930, .F. );
#1682 = ORIENTED_EDGE( '', *, *, #2217, .T. );
#1683 = CARTESIAN_POINT( '', ( 0.00385000000000000, -0.00210000000000000, -0.00215000000000000 ) );
#1684 = DIRECTION( '', ( -1.00000000000000, 0.000000000000000, 0.000000000000000 ) );
#1685 = DIRECTION( '', ( 0.000000000000000, 0.000000000000000, 1.00000000000000 ) );
#1686 = ORIENTED_EDGE( '', *, *, #1908, .T. );
#1687 = ORIENTED_EDGE( '', *, *, #1978, .T. );
#1688 = ORIENTED_EDGE( '', *, *, #2202, .F. );
#1689 = ORIENTED_EDGE( '', *, *, #2050, .F. );
#1690 = CARTESIAN_POINT( '', ( 0.00200000000000000, -0.000337500000000000, -0.000325000000000000 ) );
#1691 = DIRECTION( '', ( 0.000000000000000, -0.894427190999896, -0.447213595499998 ) );
#1692 = DIRECTION( '', ( 0.000000000000000, 0.447213595499998, -0.894427190999896 ) );
#1693 = ORIENTED_EDGE( '', *, *, #2218, .F. );
#1694 = ORIENTED_EDGE( '', *, *, #2216, .F. );
#1695 = ORIENTED_EDGE( '', *, *, #2219, .T. );
#1696 = ORIENTED_EDGE( '', *, *, #1866, .T. );
#1697 = CARTESIAN_POINT( '', ( 0.00385000000000000, -0.00210000000000000, -0.00275000000000000 ) );
#1698 = DIRECTION( '', ( -0.884384752846986, 0.000000000000000, 0.466758619558092 ) );
#1699 = DIRECTION( '', ( 0.000000000000000, 1.00000000000000, 0.000000000000000 ) );
#1700 = ORIENTED_EDGE( '', *, *, #2076, .T. );
#1701 = ORIENTED_EDGE( '', *, *, #2059, .T. );
#1702 = ORIENTED_EDGE( '', *, *, #2187, .F. );
#1703 = ORIENTED_EDGE( '', *, *, #2207, .F. );
#1704 = CARTESIAN_POINT( '', ( 0.00365000000000000, 0.00210000000000000, 0.00365000000000000 ) );
#1705 = DIRECTION( '', ( 0.707106781186548, 0.000000000000000, -0.707106781186548 ) );
#1706 = DIRECTION( '', ( 0.000000000000000, -1.00000000000000, 0.000000000000000 ) );
#1707 = ORIENTED_EDGE( '', *, *, #2144, .T. );
#1708 = ORIENTED_EDGE( '', *, *, #1988, .F. );
#1709 = ORIENTED_EDGE( '', *, *, #2122, .F. );
#1710 = ORIENTED_EDGE( '', *, *, #2130, .T. );
#1711 = CARTESIAN_POINT( '', ( -0.000250000000000000, -0.00560000000000000, -0.00260000000000000 ) );
#1712 = DIRECTION( '', ( 0.000000000000000, 0.000000000000000, -1.00000000000000 ) );
#1713 = DIRECTION( '', ( 0.000000000000000, -1.00000000000000, 0.000000000000000 ) );
#1714 = ORIENTED_EDGE( '', *, *, #1917, .T. );
#1715 = ORIENTED_EDGE( '', *, *, #2153, .F. );
#1716 = ORIENTED_EDGE( '', *, *, #2215, .F. );
#1717 = ORIENTED_EDGE( '', *, *, #2137, .T. );
#1718 = CARTESIAN_POINT( '', ( -0.000250000000000000, -0.000300000000000000, 0.00305000000000000 ) );
#1719 = DIRECTION( '', ( 0.000000000000000, -1.00000000000000, 0.000000000000000 ) );
#1720 = DIRECTION( '', ( 0.000000000000000, 0.000000000000000, -1.00000000000000 ) );
#1721 = ORIENTED_EDGE( '', *, *, #2096, .F. );
#1722 = ORIENTED_EDGE( '', *, *, #2218, .T. );
#1723 = ORIENTED_EDGE( '', *, *, #1865, .F. );
#1724 = ORIENTED_EDGE( '', *, *, #1952, .F. );
#1725 = CARTESIAN_POINT( '', ( 0.00400000000000000, 0.000200000000000000, -0.00275000000000000 ) );
#1726 = DIRECTION( '', ( 0.000000000000000, -0.707106781186548, 0.707106781186548 ) );
#1727 = DIRECTION( '', ( -1.00000000000000, 0.000000000000000, 0.000000000000000 ) );
#1728 = ORIENTED_EDGE( '', *, *, #2029, .T. );
#1729 = ORIENTED_EDGE( '', *, *, #2209, .F. );
#1730 = ORIENTED_EDGE( '', *, *, #2073, .F. );
#1731 = ORIENTED_EDGE( '', *, *, #2220, .T. );
#1732 = ORIENTED_EDGE( '', *, *, #2092, .T. );
#1733 = ORIENTED_EDGE( '', *, *, #1897, .T. );
#1734 = CARTESIAN_POINT( '', ( -0.00400000000000000, 0.00210000000000000, -0.00365000000000000 ) );
#1735 = DIRECTION( '', ( -1.00000000000000, 0.000000000000000, 0.000000000000000 ) );
#1736 = DIRECTION( '', ( 0.000000000000000, 0.000000000000000, 1.00000000000000 ) );
#1737 = ORIENTED_EDGE( '', *, *, #2220, .F. );
#1738 = ORIENTED_EDGE( '', *, *, #2079, .F. );
#1739 = ORIENTED_EDGE( '', *, *, #2221, .T. );
#1740 = ORIENTED_EDGE( '', *, *, #2093, .T. );
#1741 = CARTESIAN_POINT( '', ( 0.00400000000000000, 0.00210000000000000, -0.00200000000000000 ) );
#1742 = DIRECTION( '', ( 0.000000000000000, 0.000000000000000, 1.00000000000000 ) );
#1743 = DIRECTION( '', ( 1.00000000000000, -0.000000000000000, 0.000000000000000 ) );
#1744 = ORIENTED_EDGE( '', *, *, #2094, .F. );
#1745 = ORIENTED_EDGE( '', *, *, #2221, .F. );
#1746 = ORIENTED_EDGE( '', *, *, #2078, .T. );
#1747 = ORIENTED_EDGE( '', *, *, #2206, .F. );
#1748 = ORIENTED_EDGE( '', *, *, #2222, .F. );
#1749 = ORIENTED_EDGE( '', *, *, #1932, .T. );
#1750 = CARTESIAN_POINT( '', ( 0.00400000000000000, -0.00210000000000000, -0.00365000000000000 ) );
#1751 = DIRECTION( '', ( 1.00000000000000, 0.000000000000000, 0.000000000000000 ) );
#1752 = DIRECTION( '', ( 0.000000000000000, 1.00000000000000, -0.000000000000000 ) );
#1753 = ORIENTED_EDGE( '', *, *, #1928, .T. );
#1754 = ORIENTED_EDGE( '', *, *, #1985, .F. );
#1755 = ORIENTED_EDGE( '', *, *, #2223, .F. );
#1756 = ORIENTED_EDGE( '', *, *, #2131, .T. );
#1757 = CARTESIAN_POINT( '', ( -0.000250000000000000, -0.000600000000000000, -0.00210000000000000 ) );
#1758 = DIRECTION( '', ( 0.000000000000000, 0.000000000000000, 1.00000000000000 ) );
#1759 = DIRECTION( '', ( 1.00000000000000, -0.000000000000000, 0.000000000000000 ) );
#1760 = ORIENTED_EDGE( '', *, *, #2222, .T. );
#1761 = ORIENTED_EDGE( '', *, *, #2205, .F. );
#1762 = ORIENTED_EDGE( '', *, *, #2199, .F. );
#1763 = ORIENTED_EDGE( '', *, *, #2143, .F. );
#1764 = ORIENTED_EDGE( '', *, *, #2192, .F. );
#1765 = ORIENTED_EDGE( '', *, *, #1867, .T. );
#1766 = ORIENTED_EDGE( '', *, *, #2219, .F. );
#1767 = ORIENTED_EDGE( '', *, *, #2217, .F. );
#1768 = ORIENTED_EDGE( '', *, *, #1933, .F. );
#1769 = CARTESIAN_POINT( '', ( -0.00400000000000000, -0.00210000000000000, -0.00365000000000000 ) );
#1770 = DIRECTION( '', ( 0.000000000000000, -1.00000000000000, 0.000000000000000 ) );
#1771 = DIRECTION( '', ( 0.000000000000000, 0.000000000000000, -1.00000000000000 ) );
#1772 = ORIENTED_EDGE( '', *, *, #2223, .T. );
#1773 = ORIENTED_EDGE( '', *, *, #1984, .F. );
#1774 = ORIENTED_EDGE( '', *, *, #2224, .F. );
#1775 = ORIENTED_EDGE( '', *, *, #2009, .T. );
#1776 = ORIENTED_EDGE( '', *, *, #2225, .T. );
#1777 = ORIENTED_EDGE( '', *, *, #2226, .T. );
#1778 = ORIENTED_EDGE( '', *, *, #2183, .F. );
#1779 = ORIENTED_EDGE( '', *, *, #2163, .T. );
#1780 = ORIENTED_EDGE( '', *, *, #1957, .F. );
#1781 = ORIENTED_EDGE( '', *, *, #2125, .T. );
#1782 = ORIENTED_EDGE( '', *, *, #2000, .F. );
#1783 = ORIENTED_EDGE( '', *, *, #2178, .F. );
#1784 = ORIENTED_EDGE( '', *, *, #2197, .F. );
#1785 = ORIENTED_EDGE( '', *, *, #2227, .T. );
#1786 = ORIENTED_EDGE( '', *, *, #2189, .F. );
#1787 = ORIENTED_EDGE( '', *, *, #2132, .T. );
#1788 = CARTESIAN_POINT( '', ( -0.00355000000000000, -0.00105000000000000, 0.00365000000000000 ) );
#1789 = DIRECTION( '', ( 0.000000000000000, -1.00000000000000, 0.000000000000000 ) );
#1790 = DIRECTION( '', ( 0.000000000000000, 0.000000000000000, -1.00000000000000 ) );
#1791 = ORIENTED_EDGE( '', *, *, #2228, .T. );
#1792 = ORIENTED_EDGE( '', *, *, #2014, .T. );
#1793 = ORIENTED_EDGE( '', *, *, #2090, .F. );
#1794 = ORIENTED_EDGE( '', *, *, #2175, .F. );
#1795 = CARTESIAN_POINT( '', ( -0.00170000000000000, -0.00210000000000000, -0.00215000000000000 ) );
#1796 = DIRECTION( '', ( 0.000000000000000, 0.000000000000000, 1.00000000000000 ) );
#1797 = DIRECTION( '', ( 1.00000000000000, -0.000000000000000, 0.000000000000000 ) );
#1798 = ORIENTED_EDGE( '', *, *, #1912, .F. );
#1799 = ORIENTED_EDGE( '', *, *, #1887, .F. );
#1800 = ORIENTED_EDGE( '', *, *, #1874, .F. );
#1801 = ORIENTED_EDGE( '', *, *, #1920, .F. );
#1802 = ORIENTED_EDGE( '', *, *, #1942, .F. );
#1803 = ORIENTED_EDGE( '', *, *, #2229, .F. );
#1804 = CARTESIAN_POINT( '', ( 0.00262500000000000, -0.00160000000000000, 0.00365000000000000 ) );
#1805 = DIRECTION( '', ( 0.000000000000000, 1.00000000000000, 0.000000000000000 ) );
#1806 = DIRECTION( '', ( 1.00000000000000, 0.000000000000000, -0.000000000000000 ) );
#1807 = ORIENTED_EDGE( '', *, *, #1945, .T. );
#1808 = ORIENTED_EDGE( '', *, *, #2227, .F. );
#1809 = ORIENTED_EDGE( '', *, *, #1913, .F. );
#1810 = ORIENTED_EDGE( '', *, *, #2229, .T. );
#1811 = CARTESIAN_POINT( '', ( -0.00200000000000000, -0.00160000000000000, -0.00215000000000000 ) );
#1812 = DIRECTION( '', ( 0.000000000000000, 0.000000000000000, -1.00000000000000 ) );
#1813 = DIRECTION( '', ( 0.000000000000000, -1.00000000000000, 0.000000000000000 ) );
#1814 = ORIENTED_EDGE( '', *, *, #2002, .T. );
#1815 = ORIENTED_EDGE( '', *, *, #2127, .F. );
#1816 = ORIENTED_EDGE( '', *, *, #1939, .F. );
#1817 = ORIENTED_EDGE( '', *, *, #2162, .F. );
#1818 = ORIENTED_EDGE( '', *, *, #2182, .T. );
#1819 = ORIENTED_EDGE( '', *, *, #2159, .T. );
#1820 = ORIENTED_EDGE( '', *, *, #2055, .F. );
#1821 = ORIENTED_EDGE( '', *, *, #2203, .F. );
#1822 = ORIENTED_EDGE( '', *, *, #1950, .F. );
#1823 = ORIENTED_EDGE( '', *, *, #2193, .F. );
#1824 = ORIENTED_EDGE( '', *, *, #2141, .T. );
#1825 = ORIENTED_EDGE( '', *, *, #2198, .T. );
#1826 = ORIENTED_EDGE( '', *, *, #2210, .F. );
#1827 = ORIENTED_EDGE( '', *, *, #2146, .T. );
#1828 = ORIENTED_EDGE( '', *, *, #2212, .T. );
#1829 = ORIENTED_EDGE( '', *, *, #2214, .T. );
#1830 = ORIENTED_EDGE( '', *, *, #2067, .F. );
#1831 = ORIENTED_EDGE( '', *, *, #2015, .F. );
#1832 = ORIENTED_EDGE( '', *, *, #2228, .F. );
#1833 = ORIENTED_EDGE( '', *, *, #2174, .F. );
#1834 = CARTESIAN_POINT( '', ( 0.00262500000000000, -0.00160000000000000, 0.00365000000000000 ) );
#1835 = DIRECTION( '', ( 0.000000000000000, 1.00000000000000, 0.000000000000000 ) );
#1836 = DIRECTION( '', ( 1.00000000000000, 0.000000000000000, -0.000000000000000 ) );
#1837 = ORIENTED_EDGE( '', *, *, #2102, .F. );
#1838 = ORIENTED_EDGE( '', *, *, #2032, .F. );
#1839 = ORIENTED_EDGE( '', *, *, #2224, .T. );
#1840 = ORIENTED_EDGE( '', *, *, #1983, .F. );
#1841 = CARTESIAN_POINT( '', ( 0.000300000000000000, -0.00210000000000000, -0.00215000000000000 ) );
#1842 = DIRECTION( '', ( 0.000000000000000, 0.000000000000000, 1.00000000000000 ) );
#1843 = DIRECTION( '', ( 1.00000000000000, -0.000000000000000, 0.000000000000000 ) );
#1844 = ORIENTED_EDGE( '', *, *, #1886, .F. );
#1845 = ORIENTED_EDGE( '', *, *, #2158, .F. );
#1846 = ORIENTED_EDGE( '', *, *, #2085, .F. );
#1847 = ORIENTED_EDGE( '', *, *, #2018, .F. );
#1848 = ORIENTED_EDGE( '', *, *, #1949, .F. );
#1849 = ORIENTED_EDGE( '', *, *, #2204, .F. );
#1850 = ORIENTED_EDGE( '', *, *, #2043, .F. );
#1851 = ORIENTED_EDGE( '', *, *, #2184, .F. );
#1852 = ORIENTED_EDGE( '', *, *, #2226, .F. );
#1853 = ORIENTED_EDGE( '', *, *, #2230, .T. );
#1854 = ORIENTED_EDGE( '', *, *, #2099, .F. );
#1855 = CARTESIAN_POINT( '', ( 0.00175000000000000, 0.000000000000000, 0.000000000000000 ) );
#1856 = DIRECTION( '', ( 1.00000000000000, 0.000000000000000, 0.000000000000000 ) );
#1857 = DIRECTION( '', ( 0.000000000000000, 1.00000000000000, -0.000000000000000 ) );
#1858 = ORIENTED_EDGE( '', *, *, #2225, .F. );
#1859 = ORIENTED_EDGE( '', *, *, #2046, .T. );
#1860 = ORIENTED_EDGE( '', *, *, #2100, .F. );
#1861 = ORIENTED_EDGE( '', *, *, #2230, .F. );
#1862 = CARTESIAN_POINT( '', ( 0.00230000000000000, -0.00210000000000000, -0.00215000000000000 ) );
#1863 = DIRECTION( '', ( 0.000000000000000, 0.000000000000000, 1.00000000000000 ) );
#1864 = DIRECTION( '', ( 1.00000000000000, -0.000000000000000, 0.000000000000000 ) );
#1865 = EDGE_CURVE( '', #2231, #2232, #2233, .T. );
#1866 = EDGE_CURVE( '', #2234, #2232, #2235, .T. );
#1867 = EDGE_CURVE( '', #2236, #2234, #2237, .T. );
#1868 = EDGE_CURVE( '', #2236, #2238, #2239, .T. );
#1869 = EDGE_CURVE( '', #2238, #2231, #2240, .T. );
#1870 = EDGE_CURVE( '', #2241, #2242, #2243, .T. );
#1871 = EDGE_CURVE( '', #2242, #2244, #2245, .T. );
#1872 = EDGE_CURVE( '', #2244, #2246, #2247, .T. );
#1873 = EDGE_CURVE( '', #2241, #2246, #2248, .T. );
#1874 = EDGE_CURVE( '', #2249, #2250, #2251, .T. );
#1875 = EDGE_CURVE( '', #2250, #2252, #2253, .T. );
#1876 = EDGE_CURVE( '', #2252, #2254, #2255, .T. );
#1877 = EDGE_CURVE( '', #2249, #2254, #2256, .T. );
#1878 = EDGE_CURVE( '', #2257, #2258, #2259, .T. );
#1879 = EDGE_CURVE( '', #2260, #2257, #2261, .T. );
#1880 = EDGE_CURVE( '', #2260, #2262, #2263, .T. );
#1881 = EDGE_CURVE( '', #2262, #2264, #2265, .T. );
#1882 = EDGE_CURVE( '', #2258, #2264, #2266, .T. );
#1883 = EDGE_CURVE( '', #2267, #2268, #2269, .T. );
#1884 = EDGE_CURVE( '', #2270, #2268, #2271, .T. );
#1885 = EDGE_CURVE( '', #2272, #2270, #2273, .T. );
#1886 = EDGE_CURVE( '', #2272, #2267, #2274, .T. );
#1887 = EDGE_CURVE( '', #2250, #2275, #2276, .T. );
#1888 = EDGE_CURVE( '', #2275, #2277, #2278, .T. );
#1889 = EDGE_CURVE( '', #2277, #2252, #2279, .T. );
#1890 = EDGE_CURVE( '', #2280, #2281, #2282, .T. );
#1891 = EDGE_CURVE( '', #2283, #2281, #2284, .T. );
#1892 = EDGE_CURVE( '', #2285, #2283, #2286, .T. );
#1893 = EDGE_CURVE( '', #2285, #2280, #2287, .T. );
#1894 = EDGE_CURVE( '', #2288, #2289, #2290, .T. );
#1895 = EDGE_CURVE( '', #2291, #2289, #2292, .T. );
#1896 = EDGE_CURVE( '', #2293, #2291, #2294, .T. );
#1897 = EDGE_CURVE( '', #2288, #2293, #2295, .T. );
#1898 = EDGE_CURVE( '', #2296, #2297, #2298, .T. );
#1899 = EDGE_CURVE( '', #2299, #2297, #2300, .T. );
#1900 = EDGE_CURVE( '', #2301, #2299, #2302, .T. );
#1901 = EDGE_CURVE( '', #2301, #2296, #2303, .T. );
#1902 = EDGE_CURVE( '', #2304, #2305, #2306, .T. );
#1903 = EDGE_CURVE( '', #2305, #2307, #2308, .T. );
#1904 = EDGE_CURVE( '', #2307, #2309, #2310, .T. );
#1905 = EDGE_CURVE( '', #2309, #2304, #2311, .T. );
#1906 = EDGE_CURVE( '', #2312, #2313, #2314, .T. );
#1907 = EDGE_CURVE( '', #2313, #2315, #2316, .T. );
#1908 = EDGE_CURVE( '', #2317, #2315, #2318, .T. );
#1909 = EDGE_CURVE( '', #2317, #2312, #2319, .T. );
#1910 = EDGE_CURVE( '', #2320, #2321, #2322, .T. );
#1911 = EDGE_CURVE( '', #2277, #2321, #2323, .T. );
#1912 = EDGE_CURVE( '', #2275, #2324, #2325, .T. );
#1913 = EDGE_CURVE( '', #2324, #2320, #2326, .T. );
#1914 = EDGE_CURVE( '', #2327, #2328, #2329, .T. );
#1915 = EDGE_CURVE( '', #2328, #2330, #2331, .T. );
#1916 = EDGE_CURVE( '', #2332, #2330, #2333, .T. );
#1917 = EDGE_CURVE( '', #2327, #2332, #2334, .T. );
#1918 = EDGE_CURVE( '', #2335, #2254, #2336, .T. );
#1919 = EDGE_CURVE( '', #2337, #2335, #2338, .T. );
#1920 = EDGE_CURVE( '', #2337, #2249, #2339, .T. );
#1921 = EDGE_CURVE( '', #2340, #2341, #2342, .T. );
#1922 = EDGE_CURVE( '', #2341, #2343, #2344, .T. );
#1923 = EDGE_CURVE( '', #2345, #2343, #2346, .T. );
#1924 = EDGE_CURVE( '', #2347, #2345, #2348, .T. );
#1925 = EDGE_CURVE( '', #2347, #2340, #2349, .T. );
#1926 = EDGE_CURVE( '', #2350, #2351, #2352, .T. );
#1927 = EDGE_CURVE( '', #2353, #2351, #2354, .T. );
#1928 = EDGE_CURVE( '', #2355, #2353, #2356, .T. );
#1929 = EDGE_CURVE( '', #2355, #2350, #2357, .T. );
#1930 = EDGE_CURVE( '', #2358, #2359, #2360, .T. );
#1931 = EDGE_CURVE( '', #2361, #2359, #2362, .T. );
#1932 = EDGE_CURVE( '', #2363, #2361, #2364, .T. );
#1933 = EDGE_CURVE( '', #2363, #2358, #2365, .T. );
#1934 = EDGE_CURVE( '', #2366, #2367, #2368, .T. );
#1935 = EDGE_CURVE( '', #2369, #2367, #2370, .T. );
#1936 = EDGE_CURVE( '', #2371, #2369, #2372, .T. );
#1937 = EDGE_CURVE( '', #2371, #2366, #2373, .T. );
#1938 = EDGE_CURVE( '', #2374, #2375, #2376, .T. );
#1939 = EDGE_CURVE( '', #2374, #2377, #2378, .T. );
#1940 = EDGE_CURVE( '', #2377, #2379, #2380, .T. );
#1941 = EDGE_CURVE( '', #2375, #2379, #2381, .T. );
#1942 = EDGE_CURVE( '', #2382, #2337, #2383, .T. );
#1943 = EDGE_CURVE( '', #2335, #2384, #2385, .T. );
#1944 = EDGE_CURVE( '', #2386, #2384, #2387, .T. );
#1945 = EDGE_CURVE( '', #2382, #2386, #2388, .T. );
#1946 = EDGE_CURVE( '', #2389, #2390, #2391, .T. );
#1947 = EDGE_CURVE( '', #2392, #2390, #2393, .T. );
#1948 = EDGE_CURVE( '', #2394, #2392, #2395, .T. );
#1949 = EDGE_CURVE( '', #2394, #2389, #2396, .T. );
#1950 = EDGE_CURVE( '', #2238, #2397, #2398, .T. );
#1951 = EDGE_CURVE( '', #2397, #2399, #2400, .T. );
#1952 = EDGE_CURVE( '', #2399, #2231, #2401, .T. );
#1953 = EDGE_CURVE( '', #2402, #2403, #2404, .T. );
#1954 = EDGE_CURVE( '', #2405, #2403, #2406, .T. );
#1955 = EDGE_CURVE( '', #2407, #2405, #2408, .T. );
#1956 = EDGE_CURVE( '', #2407, #2402, #2409, .T. );
#1957 = EDGE_CURVE( '', #2410, #2411, #2412, .T. );
#1958 = EDGE_CURVE( '', #2411, #2413, #2414, .T. );
#1959 = EDGE_CURVE( '', #2413, #2415, #2416, .T. );
#1960 = EDGE_CURVE( '', #2415, #2345, #2417, .T. );
#1961 = EDGE_CURVE( '', #2343, #2418, #2419, .T. );
#1962 = EDGE_CURVE( '', #2418, #2420, #2421, .T. );
#1963 = EDGE_CURVE( '', #2420, #2422, #2423, .T. );
#1964 = EDGE_CURVE( '', #2422, #2424, #2425, .T. );
#1965 = EDGE_CURVE( '', #2283, #2424, #2426, .T. );
#1966 = EDGE_CURVE( '', #2281, #2427, #2428, .T. );
#1967 = EDGE_CURVE( '', #2427, #2429, #2430, .T. );
#1968 = EDGE_CURVE( '', #2429, #2431, #2432, .T. );
#1969 = EDGE_CURVE( '', #2431, #2433, #2434, .T. );
#1970 = EDGE_CURVE( '', #2433, #2435, #2436, .T. );
#1971 = EDGE_CURVE( '', #2435, #2437, #2438, .T. );
#1972 = EDGE_CURVE( '', #2437, #2410, #2439, .T. );
#1973 = EDGE_CURVE( '', #2440, #2441, #2442, .T. );
#1974 = EDGE_CURVE( '', #2330, #2440, #2443, .T. );
#1975 = EDGE_CURVE( '', #2441, #2328, #2444, .T. );
#1976 = EDGE_CURVE( '', #2445, #2313, #2446, .T. );
#1977 = EDGE_CURVE( '', #2447, #2445, #2448, .T. );
#1978 = EDGE_CURVE( '', #2315, #2447, #2449, .T. );
#1979 = EDGE_CURVE( '', #2450, #2451, #2452, .T. );
#1980 = EDGE_CURVE( '', #2453, #2450, #2454, .T. );
#1981 = EDGE_CURVE( '', #2455, #2453, #2456, .T. );
#1982 = EDGE_CURVE( '', #2451, #2455, #2457, .T. );
#1983 = EDGE_CURVE( '', #2458, #2459, #2460, .T. );
#1984 = EDGE_CURVE( '', #2459, #2461, #2462, .T. );
#1985 = EDGE_CURVE( '', #2461, #2353, #2463, .T. );
#1986 = EDGE_CURVE( '', #2351, #2464, #2465, .T. );
#1987 = EDGE_CURVE( '', #2464, #2466, #2467, .T. );
#1988 = EDGE_CURVE( '', #2466, #2468, #2469, .T. );
#1989 = EDGE_CURVE( '', #2468, #2369, #2470, .T. );
#1990 = EDGE_CURVE( '', #2367, #2471, #2472, .T. );
#1991 = EDGE_CURVE( '', #2471, #2458, #2473, .T. );
#1992 = EDGE_CURVE( '', #2405, #2435, #2474, .T. );
#1993 = EDGE_CURVE( '', #2475, #2433, #2476, .T. );
#1994 = EDGE_CURVE( '', #2475, #2407, #2477, .T. );
#1995 = EDGE_CURVE( '', #2478, #2440, #2479, .T. );
#1996 = EDGE_CURVE( '', #2332, #2478, #2480, .T. );
#1997 = EDGE_CURVE( '', #2481, #2482, #2483, .T. );
#1998 = EDGE_CURVE( '', #2482, #2484, #2485, .T. );
#1999 = EDGE_CURVE( '', #2486, #2484, #2487, .T. );
#2000 = EDGE_CURVE( '', #2486, #2488, #2489, .T. );
#2001 = EDGE_CURVE( '', #2488, #2490, #2491, .T. );
#2002 = EDGE_CURVE( '', #2481, #2490, #2492, .T. );
#2003 = EDGE_CURVE( '', #2305, #2445, #2493, .T. );
#2004 = EDGE_CURVE( '', #2312, #2305, #2494, .T. );
#2005 = EDGE_CURVE( '', #2495, #2246, #2496, .T. );
#2006 = EDGE_CURVE( '', #2497, #2495, #2498, .T. );
#2007 = EDGE_CURVE( '', #2497, #2241, #2499, .T. );
#2008 = EDGE_CURVE( '', #2500, #2501, #2502, .T. );
#2009 = EDGE_CURVE( '', #2503, #2501, #2504, .T. );
#2010 = EDGE_CURVE( '', #2505, #2503, #2506, .T. );
#2011 = EDGE_CURVE( '', #2505, #2500, #2507, .T. );
#2012 = EDGE_CURVE( '', #2508, #2509, #2510, .T. );
#2013 = EDGE_CURVE( '', #2509, #2511, #2512, .T. );
#2014 = EDGE_CURVE( '', #2513, #2511, #2514, .T. );
#2015 = EDGE_CURVE( '', #2513, #2508, #2515, .T. );
#2016 = EDGE_CURVE( '', #2516, #2517, #2518, .T. );
#2017 = EDGE_CURVE( '', #2390, #2517, #2519, .T. );
#2018 = EDGE_CURVE( '', #2389, #2516, #2520, .T. );
#2019 = EDGE_CURVE( '', #2403, #2437, #2521, .T. );
#2020 = EDGE_CURVE( '', #2522, #2523, #2524, .T. );
#2021 = EDGE_CURVE( '', #2341, #2523, #2525, .T. );
#2022 = EDGE_CURVE( '', #2340, #2522, #2526, .T. );
#2023 = EDGE_CURVE( '', #2527, #2307, #2528, .T. );
#2024 = EDGE_CURVE( '', #2312, #2527, #2529, .T. );
#2025 = EDGE_CURVE( '', #2257, #2530, #2531, .T. );
#2026 = EDGE_CURVE( '', #2532, #2530, #2533, .T. );
#2027 = EDGE_CURVE( '', #2534, #2532, #2535, .T. );
#2028 = EDGE_CURVE( '', #2536, #2534, #2537, .T. );
#2029 = EDGE_CURVE( '', #2293, #2536, #2538, .T. );
#2030 = EDGE_CURVE( '', #2539, #2291, #2540, .T. );
#2031 = EDGE_CURVE( '', #2260, #2539, #2541, .T. );
#2032 = EDGE_CURVE( '', #2503, #2542, #2543, .T. );
#2033 = EDGE_CURVE( '', #2544, #2542, #2545, .T. );
#2034 = EDGE_CURVE( '', #2546, #2544, #2547, .T. );
#2035 = EDGE_CURVE( '', #2546, #2505, #2548, .T. );
#2036 = EDGE_CURVE( '', #2549, #2550, #2551, .T. );
#2037 = EDGE_CURVE( '', #2552, #2549, #2553, .T. );
#2038 = EDGE_CURVE( '', #2552, #2554, #2555, .T. );
#2039 = EDGE_CURVE( '', #2554, #2550, #2556, .T. );
#2040 = EDGE_CURVE( '', #2557, #2558, #2559, .T. );
#2041 = EDGE_CURVE( '', #2560, #2558, #2561, .T. );
#2042 = EDGE_CURVE( '', #2562, #2560, #2563, .T. );
#2043 = EDGE_CURVE( '', #2562, #2557, #2564, .T. );
#2044 = EDGE_CURVE( '', #2500, #2497, #2565, .T. );
#2045 = EDGE_CURVE( '', #2495, #2566, #2567, .T. );
#2046 = EDGE_CURVE( '', #2501, #2566, #2568, .T. );
#2047 = EDGE_CURVE( '', #2569, #2451, #2570, .T. );
#2048 = EDGE_CURVE( '', #2554, #2455, #2571, .T. );
#2049 = EDGE_CURVE( '', #2554, #2569, #2572, .T. );
#2050 = EDGE_CURVE( '', #2317, #2304, #2573, .T. );
#2051 = EDGE_CURVE( '', #2574, #2309, #2575, .T. );
#2052 = EDGE_CURVE( '', #2574, #2317, #2576, .T. );
#2053 = EDGE_CURVE( '', #2577, #2578, #2579, .T. );
#2054 = EDGE_CURVE( '', #2580, #2577, #2581, .T. );
#2055 = EDGE_CURVE( '', #2580, #2582, #2583, .T. );
#2056 = EDGE_CURVE( '', #2578, #2582, #2584, .T. );
#2057 = EDGE_CURVE( '', #2585, #2424, #2586, .T. );
#2058 = EDGE_CURVE( '', #2587, #2422, #2588, .T. );
#2059 = EDGE_CURVE( '', #2585, #2587, #2589, .T. );
#2060 = EDGE_CURVE( '', #2590, #2464, #2591, .T. );
#2061 = EDGE_CURVE( '', #2350, #2590, #2592, .T. );
#2062 = EDGE_CURVE( '', #2593, #2594, #2595, .T. );
#2063 = EDGE_CURVE( '', #2596, #2594, #2597, .T. );
#2064 = EDGE_CURVE( '', #2598, #2596, #2599, .T. );
#2065 = EDGE_CURVE( '', #2598, #2593, #2600, .T. );
#2066 = EDGE_CURVE( '', #2509, #2264, #2601, .T. );
#2067 = EDGE_CURVE( '', #2508, #2258, #2602, .T. );
#2068 = EDGE_CURVE( '', #2603, #2262, #2604, .T. );
#2069 = EDGE_CURVE( '', #2509, #2603, #2605, .T. );
#2070 = EDGE_CURVE( '', #2606, #2607, #2608, .T. );
#2071 = EDGE_CURVE( '', #2297, #2607, #2609, .T. );
#2072 = EDGE_CURVE( '', #2296, #2606, #2610, .T. );
#2073 = EDGE_CURVE( '', #2611, #2612, #2613, .T. );
#2074 = EDGE_CURVE( '', #2614, #2612, #2615, .T. );
#2075 = EDGE_CURVE( '', #2614, #2285, #2616, .T. );
#2076 = EDGE_CURVE( '', #2617, #2585, #2618, .T. );
#2077 = EDGE_CURVE( '', #2619, #2617, #2620, .T. );
#2078 = EDGE_CURVE( '', #2621, #2619, #2622, .T. );
#2079 = EDGE_CURVE( '', #2621, #2611, #2623, .T. );
#2080 = EDGE_CURVE( '', #2624, #2431, #2625, .T. );
#2081 = EDGE_CURVE( '', #2626, #2624, #2627, .T. );
#2082 = EDGE_CURVE( '', #2626, #2475, #2628, .T. );
#2083 = EDGE_CURVE( '', #2629, #2630, #2631, .T. );
#2084 = EDGE_CURVE( '', #2517, #2630, #2632, .T. );
#2085 = EDGE_CURVE( '', #2516, #2629, #2633, .T. );
#2086 = EDGE_CURVE( '', #2335, #2277, #2634, .T. );
#2087 = EDGE_CURVE( '', #2321, #2635, #2636, .T. );
#2088 = EDGE_CURVE( '', #2607, #2635, #2637, .T. );
#2089 = EDGE_CURVE( '', #2606, #2638, #2639, .T. );
#2090 = EDGE_CURVE( '', #2638, #2511, #2640, .T. );
#2091 = EDGE_CURVE( '', #2289, #2603, #2641, .T. );
#2092 = EDGE_CURVE( '', #2642, #2288, #2643, .T. );
#2093 = EDGE_CURVE( '', #2644, #2642, #2645, .T. );
#2094 = EDGE_CURVE( '', #2644, #2361, #2646, .T. );
#2095 = EDGE_CURVE( '', #2359, #2647, #2648, .T. );
#2096 = EDGE_CURVE( '', #2647, #2399, #2649, .T. );
#2097 = EDGE_CURVE( '', #2399, #2577, #2650, .T. );
#2098 = EDGE_CURVE( '', #2268, #2578, #2651, .T. );
#2099 = EDGE_CURVE( '', #2267, #2652, #2653, .T. );
#2100 = EDGE_CURVE( '', #2652, #2566, #2654, .T. );
#2101 = EDGE_CURVE( '', #2495, #2544, #2655, .T. );
#2102 = EDGE_CURVE( '', #2542, #2458, #2656, .T. );
#2103 = EDGE_CURVE( '', #2657, #2471, #2658, .T. );
#2104 = EDGE_CURVE( '', #2657, #2659, #2660, .T. );
#2105 = EDGE_CURVE( '', #2659, #2384, #2661, .T. );
#2106 = EDGE_CURVE( '', #2662, #2663, #2664, .T. );
#2107 = EDGE_CURVE( '', #2663, #2665, #2666, .T. );
#2108 = EDGE_CURVE( '', #2667, #2665, #2668, .T. );
#2109 = EDGE_CURVE( '', #2662, #2667, #2669, .T. );
#2110 = EDGE_CURVE( '', #2670, #2299, #2671, .T. );
#2111 = EDGE_CURVE( '', #2672, #2670, #2673, .T. );
#2112 = EDGE_CURVE( '', #2672, #2301, #2674, .T. );
#2113 = EDGE_CURVE( '', #2675, #2552, #2676, .T. );
#2114 = EDGE_CURVE( '', #2569, #2675, #2677, .T. );
#2115 = EDGE_CURVE( '', #2678, #2679, #2680, .T. );
#2116 = EDGE_CURVE( '', #2679, #2429, #2681, .T. );
#2117 = EDGE_CURVE( '', #2682, #2427, #2683, .T. );
#2118 = EDGE_CURVE( '', #2682, #2678, #2684, .T. );
#2119 = EDGE_CURVE( '', #2675, #2685, #2686, .T. );
#2120 = EDGE_CURVE( '', #2687, #2685, #2688, .T. );
#2121 = EDGE_CURVE( '', #2569, #2687, #2689, .T. );
#2122 = EDGE_CURVE( '', #2690, #2466, #2691, .T. );
#2123 = EDGE_CURVE( '', #2590, #2690, #2692, .T. );
#2124 = EDGE_CURVE( '', #2527, #2574, #2693, .T. );
#2125 = EDGE_CURVE( '', #2410, #2488, #2694, .T. );
#2126 = EDGE_CURVE( '', #2410, #2379, #2695, .T. );
#2127 = EDGE_CURVE( '', #2377, #2490, #2696, .T. );
#2128 = EDGE_CURVE( '', #2366, #2657, #2697, .T. );
#2129 = EDGE_CURVE( '', #2698, #2371, #2699, .T. );
#2130 = EDGE_CURVE( '', #2690, #2698, #2700, .T. );
#2131 = EDGE_CURVE( '', #2701, #2355, #2702, .T. );
#2132 = EDGE_CURVE( '', #2703, #2701, #2704, .T. );
#2133 = EDGE_CURVE( '', #2703, #2659, #2705, .T. );
#2134 = EDGE_CURVE( '', #2706, #2707, #2708, .T. );
#2135 = EDGE_CURVE( '', #2709, #2706, #2710, .T. );
#2136 = EDGE_CURVE( '', #2327, #2709, #2711, .T. );
#2137 = EDGE_CURVE( '', #2707, #2327, #2712, .T. );
#2138 = EDGE_CURVE( '', #2544, #2244, #2713, .T. );
#2139 = EDGE_CURVE( '', #2242, #2546, #2714, .T. );
#2140 = EDGE_CURVE( '', #2715, #2716, #2717, .T. );
#2141 = EDGE_CURVE( '', #2718, #2716, #2719, .T. );
#2142 = EDGE_CURVE( '', #2720, #2718, #2721, .T. );
#2143 = EDGE_CURVE( '', #2720, #2715, #2722, .T. );
#2144 = EDGE_CURVE( '', #2698, #2468, #2723, .T. );
#2145 = EDGE_CURVE( '', #2532, #2724, #2725, .T. );
#2146 = EDGE_CURVE( '', #2726, #2724, #2727, .T. );
#2147 = EDGE_CURVE( '', #2534, #2726, #2728, .T. );
#2148 = EDGE_CURVE( '', #2403, #2665, #2729, .T. );
#2149 = EDGE_CURVE( '', #2665, #2413, #2730, .T. );
#2150 = EDGE_CURVE( '', #2411, #2375, #2731, .T. );
#2151 = EDGE_CURVE( '', #2478, #2732, #2733, .T. );
#2152 = EDGE_CURVE( '', #2732, #2734, #2735, .T. );
#2153 = EDGE_CURVE( '', #2734, #2332, #2736, .T. );
#2154 = EDGE_CURVE( '', #2737, #2738, #2739, .T. );
#2155 = EDGE_CURVE( '', #2484, #2738, #2740, .T. );
#2156 = EDGE_CURVE( '', #2482, #2737, #2741, .T. );
#2157 = EDGE_CURVE( '', #2630, #2270, #2742, .T. );
#2158 = EDGE_CURVE( '', #2629, #2272, #2743, .T. );
#2159 = EDGE_CURVE( '', #2744, #2582, #2745, .T. );
#2160 = EDGE_CURVE( '', #2744, #2560, #2746, .T. );
#2161 = EDGE_CURVE( '', #2558, #2392, #2747, .T. );
#2162 = EDGE_CURVE( '', #2748, #2374, #2749, .T. );
#2163 = EDGE_CURVE( '', #2750, #2411, #2751, .T. );
#2164 = EDGE_CURVE( '', #2750, #2748, #2752, .T. );
#2165 = EDGE_CURVE( '', #2753, #2420, #2754, .T. );
#2166 = EDGE_CURVE( '', #2523, #2418, #2755, .T. );
#2167 = EDGE_CURVE( '', #2522, #2753, #2756, .T. );
#2168 = EDGE_CURVE( '', #2709, #2441, #2757, .T. );
#2169 = EDGE_CURVE( '', #2685, #2549, #2758, .T. );
#2170 = EDGE_CURVE( '', #2550, #2687, #2759, .T. );
#2171 = EDGE_CURVE( '', #2539, #2603, #2760, .T. );
#2172 = EDGE_CURVE( '', #2593, #2672, #2761, .T. );
#2173 = EDGE_CURVE( '', #2737, #2598, #2762, .T. );
#2174 = EDGE_CURVE( '', #2481, #2763, #2764, .T. );
#2175 = EDGE_CURVE( '', #2763, #2638, #2765, .T. );
#2176 = EDGE_CURVE( '', #2550, #2453, #2766, .T. );
#2177 = EDGE_CURVE( '', #2687, #2450, #2767, .T. );
#2178 = EDGE_CURVE( '', #2768, #2486, #2769, .T. );
#2179 = EDGE_CURVE( '', #2738, #2596, #2770, .T. );
#2180 = EDGE_CURVE( '', #2594, #2670, #2771, .T. );
#2181 = EDGE_CURVE( '', #2635, #2768, #2772, .T. );
#2182 = EDGE_CURVE( '', #2748, #2744, #2773, .T. );
#2183 = EDGE_CURVE( '', #2750, #2774, #2775, .T. );
#2184 = EDGE_CURVE( '', #2774, #2562, #2776, .T. );
#2185 = EDGE_CURVE( '', #2706, #2732, #2777, .T. );
#2186 = EDGE_CURVE( '', #2709, #2478, #2778, .T. );
#2187 = EDGE_CURVE( '', #2779, #2587, #2780, .T. );
#2188 = EDGE_CURVE( '', #2753, #2779, #2781, .T. );
#2189 = EDGE_CURVE( '', #2703, #2386, #2782, .T. );
#2190 = EDGE_CURVE( '', #2783, #2280, #2784, .T. );
#2191 = EDGE_CURVE( '', #2783, #2682, #2785, .T. );
#2192 = EDGE_CURVE( '', #2236, #2720, #2786, .T. );
#2193 = EDGE_CURVE( '', #2718, #2238, #2787, .T. );
#2194 = EDGE_CURVE( '', #2402, #2667, #2788, .T. );
#2195 = EDGE_CURVE( '', #2679, #2624, #2789, .T. );
#2196 = EDGE_CURVE( '', #2678, #2626, #2790, .T. );
#2197 = EDGE_CURVE( '', #2320, #2768, #2791, .T. );
#2198 = EDGE_CURVE( '', #2716, #2792, #2793, .T. );
#2199 = EDGE_CURVE( '', #2715, #2794, #2795, .T. );
#2200 = EDGE_CURVE( '', #2794, #2792, #2796, .T. );
#2201 = EDGE_CURVE( '', #2614, #2783, #2797, .T. );
#2202 = EDGE_CURVE( '', #2304, #2447, #2798, .T. );
#2203 = EDGE_CURVE( '', #2397, #2580, #2799, .T. );
#2204 = EDGE_CURVE( '', #2557, #2394, #2800, .T. );
#2205 = EDGE_CURVE( '', #2794, #2801, #2802, .T. );
#2206 = EDGE_CURVE( '', #2801, #2619, #2803, .T. );
#2207 = EDGE_CURVE( '', #2617, #2779, #2804, .T. );
#2208 = EDGE_CURVE( '', #2662, #2347, #2805, .T. );
#2209 = EDGE_CURVE( '', #2612, #2536, #2806, .T. );
#2210 = EDGE_CURVE( '', #2726, #2792, #2807, .T. );
#2211 = EDGE_CURVE( '', #2808, #2530, #2809, .T. );
#2212 = EDGE_CURVE( '', #2724, #2808, #2810, .T. );
#2213 = EDGE_CURVE( '', #2663, #2415, #2811, .T. );
#2214 = EDGE_CURVE( '', #2808, #2258, #2812, .T. );
#2215 = EDGE_CURVE( '', #2707, #2734, #2813, .T. );
#2216 = EDGE_CURVE( '', #2814, #2647, #2815, .T. );
#2217 = EDGE_CURVE( '', #2358, #2814, #2816, .T. );
#2218 = EDGE_CURVE( '', #2647, #2232, #2817, .T. );
#2219 = EDGE_CURVE( '', #2814, #2234, #2818, .T. );
#2220 = EDGE_CURVE( '', #2611, #2642, #2819, .T. );
#2221 = EDGE_CURVE( '', #2621, #2644, #2820, .T. );
#2222 = EDGE_CURVE( '', #2363, #2801, #2821, .T. );
#2223 = EDGE_CURVE( '', #2701, #2461, #2822, .T. );
#2224 = EDGE_CURVE( '', #2503, #2459, #2823, .T. );
#2225 = EDGE_CURVE( '', #2501, #2824, #2825, .T. );
#2226 = EDGE_CURVE( '', #2824, #2774, #2826, .T. );
#2227 = EDGE_CURVE( '', #2320, #2386, #2827, .T. );
#2228 = EDGE_CURVE( '', #2763, #2513, #2828, .T. );
#2229 = EDGE_CURVE( '', #2324, #2382, #2829, .T. );
#2230 = EDGE_CURVE( '', #2824, #2652, #2830, .T. );
#2231 = VERTEX_POINT( '', #2831 );
#2232 = VERTEX_POINT( '', #2832 );
#2233 = LINE( '', #2833, #2834 );
#2234 = VERTEX_POINT( '', #2835 );
#2235 = LINE( '', #2836, #2837 );
#2236 = VERTEX_POINT( '', #2838 );
#2237 = LINE( '', #2839, #2840 );
#2238 = VERTEX_POINT( '', #2841 );
#2239 = LINE( '', #2842, #2843 );
#2240 = LINE( '', #2844, #2845 );
#2241 = VERTEX_POINT( '', #2846 );
#2242 = VERTEX_POINT( '', #2847 );
#2243 = LINE( '', #2848, #2849 );
#2244 = VERTEX_POINT( '', #2850 );
#2245 = LINE( '', #2851, #2852 );
#2246 = VERTEX_POINT( '', #2853 );
#2247 = LINE( '', #2854, #2855 );
#2248 = LINE( '', #2856, #2857 );
#2249 = VERTEX_POINT( '', #2858 );
#2250 = VERTEX_POINT( '', #2859 );
#2251 = LINE( '', #2860, #2861 );
#2252 = VERTEX_POINT( '', #2862 );
#2253 = LINE( '', #2863, #2864 );
#2254 = VERTEX_POINT( '', #2865 );
#2255 = LINE( '', #2866, #2867 );
#2256 = LINE( '', #2868, #2869 );
#2257 = VERTEX_POINT( '', #2870 );
#2258 = VERTEX_POINT( '', #2871 );
#2259 = LINE( '', #2872, #2873 );
#2260 = VERTEX_POINT( '', #2874 );
#2261 = LINE( '', #2875, #2876 );
#2262 = VERTEX_POINT( '', #2877 );
#2263 = LINE( '', #2878, #2879 );
#2264 = VERTEX_POINT( '', #2880 );
#2265 = LINE( '', #2881, #2882 );
#2266 = LINE( '', #2883, #2884 );
#2267 = VERTEX_POINT( '', #2885 );
#2268 = VERTEX_POINT( '', #2886 );
#2269 = LINE( '', #2887, #2888 );
#2270 = VERTEX_POINT( '', #2889 );
#2271 = CIRCLE( '', #2890, 0.000300000000000000 );
#2272 = VERTEX_POINT( '', #2891 );
#2273 = LINE( '', #2892, #2893 );
#2274 = CIRCLE( '', #2894, 0.000300000000000000 );
#2275 = VERTEX_POINT( '', #2895 );
#2276 = LINE( '', #2896, #2897 );
#2277 = VERTEX_POINT( '', #2898 );
#2278 = LINE( '', #2899, #2900 );
#2279 = LINE( '', #2901, #2902 );
#2280 = VERTEX_POINT( '', #2903 );
#2281 = VERTEX_POINT( '', #2904 );
#2282 = LINE( '', #2905, #2906 );
#2283 = VERTEX_POINT( '', #2907 );
#2284 = LINE( '', #2908, #2909 );
#2285 = VERTEX_POINT( '', #2910 );
#2286 = LINE( '', #2911, #2912 );
#2287 = LINE( '', #2913, #2914 );
#2288 = VERTEX_POINT( '', #2915 );
#2289 = VERTEX_POINT( '', #2916 );
#2290 = LINE( '', #2917, #2918 );
#2291 = VERTEX_POINT( '', #2919 );
#2292 = LINE( '', #2920, #2921 );
#2293 = VERTEX_POINT( '', #2922 );
#2294 = LINE( '', #2923, #2924 );
#2295 = LINE( '', #2925, #2926 );
#2296 = VERTEX_POINT( '', #2927 );
#2297 = VERTEX_POINT( '', #2928 );
#2298 = LINE( '', #2929, #2930 );
#2299 = VERTEX_POINT( '', #2931 );
#2300 = LINE( '', #2932, #2933 );
#2301 = VERTEX_POINT( '', #2934 );
#2302 = LINE( '', #2935, #2936 );
#2303 = LINE( '', #2937, #2938 );
#2304 = VERTEX_POINT( '', #2939 );
#2305 = VERTEX_POINT( '', #2940 );
#2306 = LINE( '', #2941, #2942 );
#2307 = VERTEX_POINT( '', #2943 );
#2308 = LINE( '', #2944, #2945 );
#2309 = VERTEX_POINT( '', #2946 );
#2310 = LINE( '', #2947, #2948 );
#2311 = LINE( '', #2949, #2950 );
#2312 = VERTEX_POINT( '', #2951 );
#2313 = VERTEX_POINT( '', #2952 );
#2314 = LINE( '', #2953, #2954 );
#2315 = VERTEX_POINT( '', #2955 );
#2316 = LINE( '', #2956, #2957 );
#2317 = VERTEX_POINT( '', #2958 );
#2318 = LINE( '', #2959, #2960 );
#2319 = LINE( '', #2961, #2962 );
#2320 = VERTEX_POINT( '', #2963 );
#2321 = VERTEX_POINT( '', #2964 );
#2322 = LINE( '', #2965, #2966 );
#2323 = LINE( '', #2967, #2968 );
#2324 = VERTEX_POINT( '', #2969 );
#2325 = LINE( '', #2970, #2971 );
#2326 = LINE( '', #2972, #2973 );
#2327 = VERTEX_POINT( '', #2974 );
#2328 = VERTEX_POINT( '', #2975 );
#2329 = LINE( '', #2976, #2977 );
#2330 = VERTEX_POINT( '', #2978 );
#2331 = LINE( '', #2979, #2980 );
#2332 = VERTEX_POINT( '', #2981 );
#2333 = LINE( '', #2982, #2983 );
#2334 = LINE( '', #2984, #2985 );
#2335 = VERTEX_POINT( '', #2986 );
#2336 = LINE( '', #2987, #2988 );
#2337 = VERTEX_POINT( '', #2989 );
#2338 = LINE( '', #2990, #2991 );
#2339 = LINE( '', #2992, #2993 );
#2340 = VERTEX_POINT( '', #2994 );
#2341 = VERTEX_POINT( '', #2995 );
#2342 = LINE( '', #2996, #2997 );
#2343 = VERTEX_POINT( '', #2998 );
#2344 = LINE( '', #2999, #3000 );
#2345 = VERTEX_POINT( '', #3001 );
#2346 = LINE( '', #3002, #3003 );
#2347 = VERTEX_POINT( '', #3004 );
#2348 = LINE( '', #3005, #3006 );
#2349 = LINE( '', #3007, #3008 );
#2350 = VERTEX_POINT( '', #3009 );
#2351 = VERTEX_POINT( '', #3010 );
#2352 = LINE( '', #3011, #3012 );
#2353 = VERTEX_POINT( '', #3013 );
#2354 = CIRCLE( '', #3014, 0.000500000000000000 );
#2355 = VERTEX_POINT( '', #3015 );
#2356 = LINE( '', #3016, #3017 );
#2357 = CIRCLE( '', #3018, 0.000500000000000000 );
#2358 = VERTEX_POINT( '', #3019 );
#2359 = VERTEX_POINT( '', #3020 );
#2360 = LINE( '', #3021, #3022 );
#2361 = VERTEX_POINT( '', #3023 );
#2362 = LINE( '', #3024, #3025 );
#2363 = VERTEX_POINT( '', #3026 );
#2364 = LINE( '', #3027, #3028 );
#2365 = LINE( '', #3029, #3030 );
#2366 = VERTEX_POINT( '', #3031 );
#2367 = VERTEX_POINT( '', #3032 );
#2368 = LINE( '', #3033, #3034 );
#2369 = VERTEX_POINT( '', #3035 );
#2370 = LINE( '', #3036, #3037 );
#2371 = VERTEX_POINT( '', #3038 );
#2372 = LINE( '', #3039, #3040 );
#2373 = LINE( '', #3041, #3042 );
#2374 = VERTEX_POINT( '', #3043 );
#2375 = VERTEX_POINT( '', #3044 );
#2376 = LINE( '', #3045, #3046 );
#2377 = VERTEX_POINT( '', #3047 );
#2378 = LINE( '', #3048, #3049 );
#2379 = VERTEX_POINT( '', #3050 );
#2380 = LINE( '', #3051, #3052 );
#2381 = LINE( '', #3053, #3054 );
#2382 = VERTEX_POINT( '', #3055 );
#2383 = LINE( '', #3056, #3057 );
#2384 = VERTEX_POINT( '', #3058 );
#2385 = LINE( '', #3059, #3060 );
#2386 = VERTEX_POINT( '', #3061 );
#2387 = LINE( '', #3062, #3063 );
#2388 = LINE( '', #3064, #3065 );
#2389 = VERTEX_POINT( '', #3066 );
#2390 = VERTEX_POINT( '', #3067 );
#2391 = LINE( '', #3068, #3069 );
#2392 = VERTEX_POINT( '', #3070 );
#2393 = LINE( '', #3071, #3072 );
#2394 = VERTEX_POINT( '', #3073 );
#2395 = LINE( '', #3074, #3075 );
#2396 = LINE( '', #3076, #3077 );
#2397 = VERTEX_POINT( '', #3078 );
#2398 = LINE( '', #3079, #3080 );
#2399 = VERTEX_POINT( '', #3081 );
#2400 = LINE( '', #3082, #3083 );
#2401 = LINE( '', #3084, #3085 );
#2402 = VERTEX_POINT( '', #3086 );
#2403 = VERTEX_POINT( '', #3087 );
#2404 = LINE( '', #3088, #3089 );
#2405 = VERTEX_POINT( '', #3090 );
#2406 = LINE( '', #3091, #3092 );
#2407 = VERTEX_POINT( '', #3093 );
#2408 = LINE( '', #3094, #3095 );
#2409 = LINE( '', #3096, #3097 );
#2410 = VERTEX_POINT( '', #3098 );
#2411 = VERTEX_POINT( '', #3099 );
#2412 = LINE( '', #3100, #3101 );
#2413 = VERTEX_POINT( '', #3102 );
#2414 = LINE( '', #3103, #3104 );
#2415 = VERTEX_POINT( '', #3105 );
#2416 = LINE( '', #3106, #3107 );
#2417 = LINE( '', #3108, #3109 );
#2418 = VERTEX_POINT( '', #3110 );
#2419 = LINE( '', #3111, #3112 );
#2420 = VERTEX_POINT( '', #3113 );
#2421 = LINE( '', #3114, #3115 );
#2422 = VERTEX_POINT( '', #3116 );
#2423 = LINE( '', #3117, #3118 );
#2424 = VERTEX_POINT( '', #3119 );
#2425 = LINE( '', #3120, #3121 );
#2426 = LINE( '', #3122, #3123 );
#2427 = VERTEX_POINT( '', #3124 );
#2428 = LINE( '', #3125, #3126 );
#2429 = VERTEX_POINT( '', #3127 );
#2430 = LINE( '', #3128, #3129 );
#2431 = VERTEX_POINT( '', #3130 );
#2432 = LINE( '', #3131, #3132 );
#2433 = VERTEX_POINT( '', #3133 );
#2434 = LINE( '', #3134, #3135 );
#2435 = VERTEX_POINT( '', #3136 );
#2436 = LINE( '', #3137, #3138 );
#2437 = VERTEX_POINT( '', #3139 );
#2438 = LINE( '', #3140, #3141 );
#2439 = LINE( '', #3142, #3143 );
#2440 = VERTEX_POINT( '', #3144 );
#2441 = VERTEX_POINT( '', #3145 );
#2442 = LINE( '', #3146, #3147 );
#2443 = LINE( '', #3148, #3149 );
#2444 = LINE( '', #3150, #3151 );
#2445 = VERTEX_POINT( '', #3152 );
#2446 = LINE( '', #3153, #3154 );
#2447 = VERTEX_POINT( '', #3155 );
#2448 = LINE( '', #3156, #3157 );
#2449 = LINE( '', #3158, #3159 );
#2450 = VERTEX_POINT( '', #3160 );
#2451 = VERTEX_POINT( '', #3161 );
#2452 = LINE( '', #3162, #3163 );
#2453 = VERTEX_POINT( '', #3164 );
#2454 = LINE( '', #3165, #3166 );
#2455 = VERTEX_POINT( '', #3167 );
#2456 = LINE( '', #3168, #3169 );
#2457 = LINE( '', #3170, #3171 );
#2458 = VERTEX_POINT( '', #3172 );
#2459 = VERTEX_POINT( '', #3173 );
#2460 = LINE( '', #3174, #3175 );
#2461 = VERTEX_POINT( '', #3176 );
#2462 = LINE( '', #3177, #3178 );
#2463 = LINE( '', #3179, #3180 );
#2464 = VERTEX_POINT( '', #3181 );
#2465 = LINE( '', #3182, #3183 );
#2466 = VERTEX_POINT( '', #3184 );
#2467 = LINE( '', #3185, #3186 );
#2468 = VERTEX_POINT( '', #3187 );
#2469 = LINE( '', #3188, #3189 );
#2470 = CIRCLE( '', #3190, 0.00100000000000000 );
#2471 = VERTEX_POINT( '', #3191 );
#2472 = CIRCLE( '', #3192, 0.000300000000000000 );
#2473 = LINE( '', #3193, #3194 );
#2474 = LINE( '', #3195, #3196 );
#2475 = VERTEX_POINT( '', #3197 );
#2476 = LINE( '', #3198, #3199 );
#2477 = LINE( '', #3200, #3201 );
#2478 = VERTEX_POINT( '', #3202 );
#2479 = LINE( '', #3203, #3204 );
#2480 = LINE( '', #3205, #3206 );
#2481 = VERTEX_POINT( '', #3207 );
#2482 = VERTEX_POINT( '', #3208 );
#2483 = LINE( '', #3209, #3210 );
#2484 = VERTEX_POINT( '', #3211 );
#2485 = LINE( '', #3212, #3213 );
#2486 = VERTEX_POINT( '', #3214 );
#2487 = LINE( '', #3215, #3216 );
#2488 = VERTEX_POINT( '', #3217 );
#2489 = LINE( '', #3218, #3219 );
#2490 = VERTEX_POINT( '', #3220 );
#2491 = LINE( '', #3221, #3222 );
#2492 = LINE( '', #3223, #3224 );
#2493 = LINE( '', #3225, #3226 );
#2494 = LINE( '', #3227, #3228 );
#2495 = VERTEX_POINT( '', #3229 );
#2496 = LINE( '', #3230, #3231 );
#2497 = VERTEX_POINT( '', #3232 );
#2498 = LINE( '', #3233, #3234 );
#2499 = LINE( '', #3235, #3236 );
#2500 = VERTEX_POINT( '', #3237 );
#2501 = VERTEX_POINT( '', #3238 );
#2502 = LINE( '', #3239, #3240 );
#2503 = VERTEX_POINT( '', #3241 );
#2504 = LINE( '', #3242, #3243 );
#2505 = VERTEX_POINT( '', #3244 );
#2506 = LINE( '', #3245, #3246 );
#2507 = LINE( '', #3247, #3248 );
#2508 = VERTEX_POINT( '', #3249 );
#2509 = VERTEX_POINT( '', #3250 );
#2510 = LINE( '', #3251, #3252 );
#2511 = VERTEX_POINT( '', #3253 );
#2512 = LINE( '', #3254, #3255 );
#2513 = VERTEX_POINT( '', #3256 );
#2514 = LINE( '', #3257, #3258 );
#2515 = LINE( '', #3259, #3260 );
#2516 = VERTEX_POINT( '', #3261 );
#2517 = VERTEX_POINT( '', #3262 );
#2518 = LINE( '', #3263, #3264 );
#2519 = LINE( '', #3265, #3266 );
#2520 = LINE( '', #3267, #3268 );
#2521 = LINE( '', #3269, #3270 );
#2522 = VERTEX_POINT( '', #3271 );
#2523 = VERTEX_POINT( '', #3272 );
#2524 = LINE( '', #3273, #3274 );
#2525 = LINE( '', #3275, #3276 );
#2526 = LINE( '', #3277, #3278 );
#2527 = VERTEX_POINT( '', #3279 );
#2528 = LINE( '', #3280, #3281 );
#2529 = LINE( '', #3282, #3283 );
#2530 = VERTEX_POINT( '', #3284 );
#2531 = LINE( '', #3285, #3286 );
#2532 = VERTEX_POINT( '', #3287 );
#2533 = LINE( '', #3288, #3289 );
#2534 = VERTEX_POINT( '', #3290 );
#2535 = LINE( '', #3291, #3292 );
#2536 = VERTEX_POINT( '', #3293 );
#2537 = LINE( '', #3294, #3295 );
#2538 = LINE( '', #3296, #3297 );
#2539 = VERTEX_POINT( '', #3298 );
#2540 = LINE( '', #3299, #3300 );
#2541 = LINE( '', #3301, #3302 );
#2542 = VERTEX_POINT( '', #3303 );
#2543 = LINE( '', #3304, #3305 );
#2544 = VERTEX_POINT( '', #3306 );
#2545 = LINE( '', #3307, #3308 );
#2546 = VERTEX_POINT( '', #3309 );
#2547 = LINE( '', #3310, #3311 );
#2548 = LINE( '', #3312, #3313 );
#2549 = VERTEX_POINT( '', #3314 );
#2550 = VERTEX_POINT( '', #3315 );
#2551 = LINE( '', #3316, #3317 );
#2552 = VERTEX_POINT( '', #3318 );
#2553 = LINE( '', #3319, #3320 );
#2554 = VERTEX_POINT( '', #3321 );
#2555 = LINE( '', #3322, #3323 );
#2556 = LINE( '', #3324, #3325 );
#2557 = VERTEX_POINT( '', #3326 );
#2558 = VERTEX_POINT( '', #3327 );
#2559 = LINE( '', #3328, #3329 );
#2560 = VERTEX_POINT( '', #3330 );
#2561 = CIRCLE( '', #3331, 0.00100000000000000 );
#2562 = VERTEX_POINT( '', #3332 );
#2563 = LINE( '', #3333, #3334 );
#2564 = CIRCLE( '', #3335, 0.00100000000000000 );
#2565 = LINE( '', #3336, #3337 );
#2566 = VERTEX_POINT( '', #3338 );
#2567 = LINE( '', #3339, #3340 );
#2568 = LINE( '', #3341, #3342 );
#2569 = VERTEX_POINT( '', #3343 );
#2570 = LINE( '', #3344, #3345 );
#2571 = LINE( '', #3346, #3347 );
#2572 = LINE( '', #3348, #3349 );
#2573 = LINE( '', #3350, #3351 );
#2574 = VERTEX_POINT( '', #3352 );
#2575 = LINE( '', #3353, #3354 );
#2576 = LINE( '', #3355, #3356 );
#2577 = VERTEX_POINT( '', #3357 );
#2578 = VERTEX_POINT( '', #3358 );
#2579 = LINE( '', #3359, #3360 );
#2580 = VERTEX_POINT( '', #3361 );
#2581 = LINE( '', #3362, #3363 );
#2582 = VERTEX_POINT( '', #3364 );
#2583 = LINE( '', #3365, #3366 );
#2584 = LINE( '', #3367, #3368 );
#2585 = VERTEX_POINT( '', #3369 );
#2586 = LINE( '', #3370, #3371 );
#2587 = VERTEX_POINT( '', #3372 );
#2588 = LINE( '', #3373, #3374 );
#2589 = LINE( '', #3375, #3376 );
#2590 = VERTEX_POINT( '', #3377 );
#2591 = LINE( '', #3378, #3379 );
#2592 = LINE( '', #3380, #3381 );
#2593 = VERTEX_POINT( '', #3382 );
#2594 = VERTEX_POINT( '', #3383 );
#2595 = LINE( '', #3384, #3385 );
#2596 = VERTEX_POINT( '', #3386 );
#2597 = LINE( '', #3387, #3388 );
#2598 = VERTEX_POINT( '', #3389 );
#2599 = LINE( '', #3390, #3391 );
#2600 = LINE( '', #3392, #3393 );
#2601 = LINE( '', #3394, #3395 );
#2602 = LINE( '', #3396, #3397 );
#2603 = VERTEX_POINT( '', #3398 );
#2604 = LINE( '', #3399, #3400 );
#2605 = LINE( '', #3401, #3402 );
#2606 = VERTEX_POINT( '', #3403 );
#2607 = VERTEX_POINT( '', #3404 );
#2608 = LINE( '', #3405, #3406 );
#2609 = CIRCLE( '', #3407, 0.000300000000000000 );
#2610 = CIRCLE( '', #3408, 0.000300000000000000 );
#2611 = VERTEX_POINT( '', #3409 );
#2612 = VERTEX_POINT( '', #3410 );
#2613 = LINE( '', #3411, #3412 );
#2614 = VERTEX_POINT( '', #3413 );
#2615 = LINE( '', #3414, #3415 );
#2616 = LINE( '', #3416, #3417 );
#2617 = VERTEX_POINT( '', #3418 );
#2618 = LINE( '', #3419, #3420 );
#2619 = VERTEX_POINT( '', #3421 );
#2620 = LINE( '', #3422, #3423 );
#2621 = VERTEX_POINT( '', #3424 );
#2622 = LINE( '', #3425, #3426 );
#2623 = LINE( '', #3427, #3428 );
#2624 = VERTEX_POINT( '', #3429 );
#2625 = LINE( '', #3430, #3431 );
#2626 = VERTEX_POINT( '', #3432 );
#2627 = LINE( '', #3433, #3434 );
#2628 = LINE( '', #3435, #3436 );
#2629 = VERTEX_POINT( '', #3437 );
#2630 = VERTEX_POINT( '', #3438 );
#2631 = LINE( '', #3439, #3440 );
#2632 = CIRCLE( '', #3441, 0.000500000000000000 );
#2633 = CIRCLE( '', #3442, 0.000500000000000000 );
#2634 = LINE( '', #3443, #3444 );
#2635 = VERTEX_POINT( '', #3445 );
#2636 = LINE( '', #3446, #3447 );
#2637 = LINE( '', #3448, #3449 );
#2638 = VERTEX_POINT( '', #3450 );
#2639 = LINE( '', #3451, #3452 );
#2640 = LINE( '', #3453, #3454 );
#2641 = LINE( '', #3455, #3456 );
#2642 = VERTEX_POINT( '', #3457 );
#2643 = LINE( '', #3458, #3459 );
#2644 = VERTEX_POINT( '', #3460 );
#2645 = LINE( '', #3461, #3462 );
#2646 = LINE( '', #3463, #3464 );
#2647 = VERTEX_POINT( '', #3465 );
#2648 = LINE( '', #3466, #3467 );
#2649 = LINE( '', #3468, #3469 );
#2650 = LINE( '', #3470, #3471 );
#2651 = LINE( '', #3472, #3473 );
#2652 = VERTEX_POINT( '', #3474 );
#2653 = LINE( '', #3475, #3476 );
#2654 = LINE( '', #3477, #3478 );
#2655 = LINE( '', #3479, #3480 );
#2656 = LINE( '', #3481, #3482 );
#2657 = VERTEX_POINT( '', #3483 );
#2658 = LINE( '', #3484, #3485 );
#2659 = VERTEX_POINT( '', #3486 );
#2660 = LINE( '', #3487, #3488 );
#2661 = LINE( '', #3489, #3490 );
#2662 = VERTEX_POINT( '', #3491 );
#2663 = VERTEX_POINT( '', #3492 );
#2664 = LINE( '', #3493, #3494 );
#2665 = VERTEX_POINT( '', #3495 );
#2666 = LINE( '', #3496, #3497 );
#2667 = VERTEX_POINT( '', #3498 );
#2668 = LINE( '', #3499, #3500 );
#2669 = LINE( '', #3501, #3502 );
#2670 = VERTEX_POINT( '', #3503 );
#2671 = CIRCLE( '', #3504, 0.000500000000000000 );
#2672 = VERTEX_POINT( '', #3505 );
#2673 = LINE( '', #3506, #3507 );
#2674 = CIRCLE( '', #3508, 0.000500000000000000 );
#2675 = VERTEX_POINT( '', #3509 );
#2676 = LINE( '', #3510, #3511 );
#2677 = LINE( '', #3512, #3513 );
#2678 = VERTEX_POINT( '', #3514 );
#2679 = VERTEX_POINT( '', #3515 );
#2680 = LINE( '', #3516, #3517 );
#2681 = LINE( '', #3518, #3519 );
#2682 = VERTEX_POINT( '', #3520 );
#2683 = LINE( '', #3521, #3522 );
#2684 = LINE( '', #3523, #3524 );
#2685 = VERTEX_POINT( '', #3525 );
#2686 = LINE( '', #3526, #3527 );
#2687 = VERTEX_POINT( '', #3528 );
#2688 = LINE( '', #3529, #3530 );
#2689 = LINE( '', #3531, #3532 );
#2690 = VERTEX_POINT( '', #3533 );
#2691 = LINE( '', #3534, #3535 );
#2692 = LINE( '', #3536, #3537 );
#2693 = LINE( '', #3538, #3539 );
#2694 = LINE( '', #3540, #3541 );
#2695 = LINE( '', #3542, #3543 );
#2696 = LINE( '', #3544, #3545 );
#2697 = CIRCLE( '', #3546, 0.000300000000000000 );
#2698 = VERTEX_POINT( '', #3547 );
#2699 = CIRCLE( '', #3548, 0.00100000000000000 );
#2700 = LINE( '', #3549, #3550 );
#2701 = VERTEX_POINT( '', #3551 );
#2702 = LINE( '', #3552, #3553 );
#2703 = VERTEX_POINT( '', #3554 );
#2704 = LINE( '', #3555, #3556 );
#2705 = LINE( '', #3557, #3558 );
#2706 = VERTEX_POINT( '', #3559 );
#2707 = VERTEX_POINT( '', #3560 );
#2708 = LINE( '', #3561, #3562 );
#2709 = VERTEX_POINT( '', #3563 );
#2710 = LINE( '', #3564, #3565 );
#2711 = LINE( '', #3566, #3567 );
#2712 = LINE( '', #3568, #3569 );
#2713 = LINE( '', #3570, #3571 );
#2714 = LINE( '', #3572, #3573 );
#2715 = VERTEX_POINT( '', #3574 );
#2716 = VERTEX_POINT( '', #3575 );
#2717 = LINE( '', #3576, #3577 );
#2718 = VERTEX_POINT( '', #3578 );
#2719 = LINE( '', #3579, #3580 );
#2720 = VERTEX_POINT( '', #3581 );
#2721 = LINE( '', #3582, #3583 );
#2722 = LINE( '', #3584, #3585 );
#2723 = LINE( '', #3586, #3587 );
#2724 = VERTEX_POINT( '', #3588 );
#2725 = LINE( '', #3589, #3590 );
#2726 = VERTEX_POINT( '', #3591 );
#2727 = LINE( '', #3592, #3593 );
#2728 = LINE( '', #3594, #3595 );
#2729 = LINE( '', #3596, #3597 );
#2730 = LINE( '', #3598, #3599 );
#2731 = LINE( '', #3600, #3601 );
#2732 = VERTEX_POINT( '', #3602 );
#2733 = LINE( '', #3603, #3604 );
#2734 = VERTEX_POINT( '', #3605 );
#2735 = LINE( '', #3606, #3607 );
#2736 = LINE( '', #3608, #3609 );
#2737 = VERTEX_POINT( '', #3610 );
#2738 = VERTEX_POINT( '', #3611 );
#2739 = LINE( '', #3612, #3613 );
#2740 = CIRCLE( '', #3614, 0.00100000000000000 );
#2741 = CIRCLE( '', #3615, 0.00100000000000000 );
#2742 = LINE( '', #3616, #3617 );
#2743 = LINE( '', #3618, #3619 );
#2744 = VERTEX_POINT( '', #3620 );
#2745 = LINE( '', #3621, #3622 );
#2746 = LINE( '', #3623, #3624 );
#2747 = LINE( '', #3625, #3626 );
#2748 = VERTEX_POINT( '', #3627 );
#2749 = LINE( '', #3628, #3629 );
#2750 = VERTEX_POINT( '', #3630 );
#2751 = LINE( '', #3631, #3632 );
#2752 = LINE( '', #3633, #3634 );
#2753 = VERTEX_POINT( '', #3635 );
#2754 = LINE( '', #3636, #3637 );
#2755 = LINE( '', #3638, #3639 );
#2756 = LINE( '', #3640, #3641 );
#2757 = LINE( '', #3642, #3643 );
#2758 = LINE( '', #3644, #3645 );
#2759 = LINE( '', #3646, #3647 );
#2760 = LINE( '', #3648, #3649 );
#2761 = LINE( '', #3650, #3651 );
#2762 = LINE( '', #3652, #3653 );
#2763 = VERTEX_POINT( '', #3654 );
#2764 = LINE( '', #3655, #3656 );
#2765 = LINE( '', #3657, #3658 );
#2766 = LINE( '', #3659, #3660 );
#2767 = LINE( '', #3661, #3662 );
#2768 = VERTEX_POINT( '', #3663 );
#2769 = LINE( '', #3664, #3665 );
#2770 = LINE( '', #3666, #3667 );
#2771 = LINE( '', #3668, #3669 );
#2772 = LINE( '', #3670, #3671 );
#2773 = LINE( '', #3672, #3673 );
#2774 = VERTEX_POINT( '', #3674 );
#2775 = LINE( '', #3675, #3676 );
#2776 = LINE( '', #3677, #3678 );
#2777 = LINE( '', #3679, #3680 );
#2778 = LINE( '', #3681, #3682 );
#2779 = VERTEX_POINT( '', #3683 );
#2780 = LINE( '', #3684, #3685 );
#2781 = LINE( '', #3686, #3687 );
#2782 = LINE( '', #3688, #3689 );
#2783 = VERTEX_POINT( '', #3690 );
#2784 = LINE( '', #3691, #3692 );
#2785 = LINE( '', #3693, #3694 );
#2786 = LINE( '', #3695, #3696 );
#2787 = LINE( '', #3697, #3698 );
#2788 = LINE( '', #3699, #3700 );
#2789 = LINE( '', #3701, #3702 );
#2790 = LINE( '', #3703, #3704 );
#2791 = LINE( '', #3705, #3706 );
#2792 = VERTEX_POINT( '', #3707 );
#2793 = LINE( '', #3708, #3709 );
#2794 = VERTEX_POINT( '', #3710 );
#2795 = LINE( '', #3711, #3712 );
#2796 = LINE( '', #3713, #3714 );
#2797 = LINE( '', #3715, #3716 );
#2798 = LINE( '', #3717, #3718 );
#2799 = LINE( '', #3719, #3720 );
#2800 = LINE( '', #3721, #3722 );
#2801 = VERTEX_POINT( '', #3723 );
#2802 = LINE( '', #3724, #3725 );
#2803 = LINE( '', #3726, #3727 );
#2804 = LINE( '', #3728, #3729 );
#2805 = LINE( '', #3730, #3731 );
#2806 = LINE( '', #3732, #3733 );
#2807 = LINE( '', #3734, #3735 );
#2808 = VERTEX_POINT( '', #3736 );
#2809 = LINE( '', #3737, #3738 );
#2810 = LINE( '', #3739, #3740 );
#2811 = LINE( '', #3741, #3742 );
#2812 = LINE( '', #3743, #3744 );
#2813 = LINE( '', #3745, #3746 );
#2814 = VERTEX_POINT( '', #3747 );
#2815 = LINE( '', #3748, #3749 );
#2816 = LINE( '', #3750, #3751 );
#2817 = LINE( '', #3752, #3753 );
#2818 = LINE( '', #3754, #3755 );
#2819 = LINE( '', #3756, #3757 );
#2820 = LINE( '', #3758, #3759 );
#2821 = LINE( '', #3760, #3761 );
#2822 = LINE( '', #3762, #3763 );
#2823 = LINE( '', #3764, #3765 );
#2824 = VERTEX_POINT( '', #3766 );
#2825 = LINE( '', #3767, #3768 );
#2826 = LINE( '', #3769, #3770 );
#2827 = LINE( '', #3771, #3772 );
#2828 = LINE( '', #3773, #3774 );
#2829 = LINE( '', #3775, #3776 );
#2830 = LINE( '', #3777, #3778 );
#2831 = CARTESIAN_POINT( '', ( 0.00262500000000000, -0.000700000000000000, -0.00365000000000000 ) );
#2832 = CARTESIAN_POINT( '', ( 0.00337500000000000, -0.000700000000000000, -0.00365000000000000 ) );
#2833 = CARTESIAN_POINT( '', ( 0.00262500000001000, -0.000700000000010000, -0.00365000000001000 ) );
#2834 = VECTOR( '', #3779, 1.00000000000000 );
#2835 = CARTESIAN_POINT( '', ( 0.00337500000000000, -0.00210000000000000, -0.00365000000000000 ) );
#2836 = CARTESIAN_POINT( '', ( 0.00337500000001000, -0.00210000000001000, -0.00365000000001000 ) );
#2837 = VECTOR( '', #3780, 1.00000000000000 );
#2838 = CARTESIAN_POINT( '', ( 0.00262500000000000, -0.00210000000000000, -0.00365000000000000 ) );
#2839 = CARTESIAN_POINT( '', ( 0.00262500000001000, -0.00210000000001000, -0.00365000000001000 ) );
#2840 = VECTOR( '', #3781, 1.00000000000000 );
#2841 = CARTESIAN_POINT( '', ( 0.00262500000000000, -0.00160000000000000, -0.00365000000000000 ) );
#2842 = CARTESIAN_POINT( '', ( 0.00262500000001000, -0.00210000000001000, -0.00365000000001000 ) );
#2843 = VECTOR( '', #3782, 1.00000000000000 );
#2844 = CARTESIAN_POINT( '', ( 0.00262500000001000, -0.00160000000001000, -0.00365000000001000 ) );
#2845 = VECTOR( '', #3783, 1.00000000000000 );
#2846 = CARTESIAN_POINT( '', ( 0.00137500000000000, -0.00160000000000000, -0.00365000000000000 ) );
#2847 = CARTESIAN_POINT( '', ( 0.000625000000000000, -0.00160000000000000, -0.00365000000000000 ) );
#2848 = CARTESIAN_POINT( '', ( 0.00137500000001000, -0.00160000000001000, -0.00365000000001000 ) );
#2849 = VECTOR( '', #3784, 1.00000000000000 );
#2850 = CARTESIAN_POINT( '', ( 0.000625000000000000, -0.000700000000000000, -0.00365000000000000 ) );
#2851 = CARTESIAN_POINT( '', ( 0.000625000000010000, -0.00160000000001000, -0.00365000000001000 ) );
#2852 = VECTOR( '', #3785, 1.00000000000000 );
#2853 = CARTESIAN_POINT( '', ( 0.00137500000000000, -0.000700000000000000, -0.00365000000000000 ) );
#2854 = CARTESIAN_POINT( '', ( 0.000625000000010000, -0.000700000000010000, -0.00365000000001000 ) );
#2855 = VECTOR( '', #3786, 1.00000000000000 );
#2856 = CARTESIAN_POINT( '', ( 0.00137500000001000, -0.00160000000001000, -0.00365000000001000 ) );
#2857 = VECTOR( '', #3787, 1.00000000000000 );
#2858 = CARTESIAN_POINT( '', ( -0.000625000000000000, -0.00160000000000000, -0.00365000000000000 ) );
#2859 = CARTESIAN_POINT( '', ( -0.00137500000000000, -0.00160000000000000, -0.00365000000000000 ) );
#2860 = CARTESIAN_POINT( '', ( -0.000625000000010000, -0.00160000000001000, -0.00365000000001000 ) );
#2861 = VECTOR( '', #3788, 1.00000000000000 );
#2862 = CARTESIAN_POINT( '', ( -0.00137500000000000, -0.000700000000000000, -0.00365000000000000 ) );
#2863 = CARTESIAN_POINT( '', ( -0.00137500000001000, -0.00160000000001000, -0.00365000000001000 ) );
#2864 = VECTOR( '', #3789, 1.00000000000000 );
#2865 = CARTESIAN_POINT( '', ( -0.000625000000000000, -0.000700000000000000, -0.00365000000000000 ) );
#2866 = CARTESIAN_POINT( '', ( -0.00137500000001000, -0.000700000000010000, -0.00365000000001000 ) );
#2867 = VECTOR( '', #3790, 1.00000000000000 );
#2868 = CARTESIAN_POINT( '', ( -0.000625000000010000, -0.00160000000001000, -0.00365000000001000 ) );
#2869 = VECTOR( '', #3791, 1.00000000000000 );
#2870 = CARTESIAN_POINT( '', ( -0.00262500000000000, -0.00210000000000000, -0.00365000000000000 ) );
#2871 = CARTESIAN_POINT( '', ( -0.00262500000000000, -0.00160000000000000, -0.00365000000000000 ) );
#2872 = CARTESIAN_POINT( '', ( -0.00262500000001000, -0.00210000000001000, -0.00365000000001000 ) );
#2873 = VECTOR( '', #3792, 1.00000000000000 );
#2874 = CARTESIAN_POINT( '', ( -0.00337500000000000, -0.00210000000000000, -0.00365000000000000 ) );
#2875 = CARTESIAN_POINT( '', ( -0.00337500000001000, -0.00210000000001000, -0.00365000000001000 ) );
#2876 = VECTOR( '', #3793, 1.00000000000000 );
#2877 = CARTESIAN_POINT( '', ( -0.00337500000000000, -0.000700000000000000, -0.00365000000000000 ) );
#2878 = CARTESIAN_POINT( '', ( -0.00337500000001000, -0.00210000000001000, -0.00365000000001000 ) );
#2879 = VECTOR( '', #3794, 1.00000000000000 );
#2880 = CARTESIAN_POINT( '', ( -0.00262500000000000, -0.000700000000000000, -0.00365000000000000 ) );
#2881 = CARTESIAN_POINT( '', ( -0.00337500000001000, -0.000700000000010000, -0.00365000000001000 ) );
#2882 = VECTOR( '', #3795, 1.00000000000000 );
#2883 = CARTESIAN_POINT( '', ( -0.00262500000001000, -0.00160000000001000, -0.00365000000001000 ) );
#2884 = VECTOR( '', #3796, 1.00000000000000 );
#2885 = CARTESIAN_POINT( '', ( 0.00175000000000000, 0.000200000000000000, -0.00230000000000000 ) );
#2886 = CARTESIAN_POINT( '', ( 0.00225000000000000, 0.000200000000000000, -0.00230000000000000 ) );
#2887 = CARTESIAN_POINT( '', ( 0.00175000000001000, 0.000200000000010000, -0.00230000000001000 ) );
#2888 = VECTOR( '', #3797, 1.00000000000000 );
#2889 = CARTESIAN_POINT( '', ( 0.00225000000000000, -0.000100000000000000, -0.00260000000000000 ) );
#2890 = AXIS2_PLACEMENT_3D( '', #3798, #3799, #3800 );
#2891 = CARTESIAN_POINT( '', ( 0.00175000000000000, -0.000100000000000000, -0.00260000000000000 ) );
#2892 = CARTESIAN_POINT( '', ( 0.00175000000001000, -0.000100000000010000, -0.00260000000001000 ) );
#2893 = VECTOR( '', #3801, 1.00000000000000 );
#2894 = AXIS2_PLACEMENT_3D( '', #3802, #3803, #3804 );
#2895 = CARTESIAN_POINT( '', ( -0.00170000000000000, -0.00160000000000000, -0.00275000000000000 ) );
#2896 = CARTESIAN_POINT( '', ( -0.00137500000001000, -0.00160000000001000, -0.00365000000001000 ) );
#2897 = VECTOR( '', #3805, 1.00000000000000 );
#2898 = CARTESIAN_POINT( '', ( -0.00170000000000000, 0.000200000000000000, -0.00275000000000000 ) );
#2899 = CARTESIAN_POINT( '', ( -0.00170000000001000, -0.00160000000001000, -0.00275000000001000 ) );
#2900 = VECTOR( '', #3806, 1.00000000000000 );
#2901 = CARTESIAN_POINT( '', ( -0.00170000000001000, 0.000200000000010000, -0.00275000000001000 ) );
#2902 = VECTOR( '', #3807, 1.00000000000000 );
#2903 = CARTESIAN_POINT( '', ( -0.00355000000000000, 0.000550000000000000, 0.00355000000000000 ) );
#2904 = CARTESIAN_POINT( '', ( -0.00355000000000000, 0.000550000000000000, -0.000250000000000000 ) );
#2905 = CARTESIAN_POINT( '', ( -0.00355000000001000, 0.000550000000010000, 0.00355000000001000 ) );
#2906 = VECTOR( '', #3808, 1.00000000000000 );
#2907 = CARTESIAN_POINT( '', ( -0.00355000000000000, 0.00210000000000000, -0.000250000000000000 ) );
#2908 = CARTESIAN_POINT( '', ( -0.00355000000001000, 0.00210000000001000, -0.000250000000010000 ) );
#2909 = VECTOR( '', #3809, 1.00000000000000 );
#2910 = CARTESIAN_POINT( '', ( -0.00355000000000000, 0.00210000000000000, 0.00355000000000000 ) );
#2911 = CARTESIAN_POINT( '', ( -0.00355000000001000, 0.00210000000001000, 0.00355000000001000 ) );
#2912 = VECTOR( '', #3810, 1.00000000000000 );
#2913 = CARTESIAN_POINT( '', ( -0.00355000000001000, 0.00210000000001000, 0.00355000000001000 ) );
#2914 = VECTOR( '', #3811, 1.00000000000000 );
#2915 = CARTESIAN_POINT( '', ( -0.00400000000000000, 0.000200000000000000, -0.00215000000000000 ) );
#2916 = CARTESIAN_POINT( '', ( -0.00385000000000000, 0.000200000000000000, -0.00215000000000000 ) );
#2917 = CARTESIAN_POINT( '', ( -0.00400000000001000, 0.000200000000010000, -0.00215000000001000 ) );
#2918 = VECTOR( '', #3812, 1.00000000000000 );
#2919 = CARTESIAN_POINT( '', ( -0.00385000000000000, -0.00210000000000000, -0.00215000000000000 ) );
#2920 = CARTESIAN_POINT( '', ( -0.00385000000001000, -0.00210000000001000, -0.00215000000001000 ) );
#2921 = VECTOR( '', #3813, 1.00000000000000 );
#2922 = CARTESIAN_POINT( '', ( -0.00400000000000000, -0.00210000000000000, -0.00215000000000000 ) );
#2923 = CARTESIAN_POINT( '', ( -0.00400000000001000, -0.00210000000001000, -0.00215000000001000 ) );
#2924 = VECTOR( '', #3814, 1.00000000000000 );
#2925 = CARTESIAN_POINT( '', ( -0.00400000000001000, 0.000200000000010000, -0.00215000000001000 ) );
#2926 = VECTOR( '', #3815, 1.00000000000000 );
#2927 = CARTESIAN_POINT( '', ( -0.00225000000000000, -0.000100000000000000, -0.00260000000000000 ) );
#2928 = CARTESIAN_POINT( '', ( -0.00175000000000000, -0.000100000000000000, -0.00260000000000000 ) );
#2929 = CARTESIAN_POINT( '', ( -0.00225000000001000, -0.000100000000010000, -0.00260000000001000 ) );
#2930 = VECTOR( '', #3816, 1.00000000000000 );
#2931 = CARTESIAN_POINT( '', ( -0.00175000000000000, -0.00320000000000000, -0.00260000000000000 ) );
#2932 = CARTESIAN_POINT( '', ( -0.00175000000001000, -0.00320000000001000, -0.00260000000001000 ) );
#2933 = VECTOR( '', #3817, 1.00000000000000 );
#2934 = CARTESIAN_POINT( '', ( -0.00225000000000000, -0.00320000000000000, -0.00260000000000000 ) );
#2935 = CARTESIAN_POINT( '', ( -0.00225000000001000, -0.00320000000001000, -0.00260000000001000 ) );
#2936 = VECTOR( '', #3818, 1.00000000000000 );
#2937 = CARTESIAN_POINT( '', ( -0.00225000000001000, -0.00320000000001000, -0.00260000000001000 ) );
#2938 = VECTOR( '', #3819, 1.00000000000000 );
#2939 = CARTESIAN_POINT( '', ( 0.00225000000000000, -0.000300000000000000, -0.000400000000000000 ) );
#2940 = CARTESIAN_POINT( '', ( 0.00225000000000000, 0.000200000000000000, -0.000400000000000000 ) );
#2941 = CARTESIAN_POINT( '', ( 0.00225000000001000, -0.000300000000010000, -0.000400000000010000 ) );
#2942 = VECTOR( '', #3820, 1.00000000000000 );
#2943 = CARTESIAN_POINT( '', ( 0.00225000000000000, 0.000200000000000000, 0.00305000000000000 ) );
#2944 = CARTESIAN_POINT( '', ( 0.00225000000001000, 0.000200000000010000, -0.000400000000010000 ) );
#2945 = VECTOR( '', #3821, 1.00000000000000 );
#2946 = CARTESIAN_POINT( '', ( 0.00225000000000000, -0.000300000000000000, 0.00305000000000000 ) );
#2947 = CARTESIAN_POINT( '', ( 0.00225000000001000, 0.000200000000010000, 0.00305000000001000 ) );
#2948 = VECTOR( '', #3822, 1.00000000000000 );
#2949 = CARTESIAN_POINT( '', ( 0.00225000000001000, -0.000300000000010000, 0.00305000000001000 ) );
#2950 = VECTOR( '', #3823, 1.00000000000000 );
#2951 = CARTESIAN_POINT( '', ( 0.00175000000000000, 0.000200000000000000, -0.000400000000000000 ) );
#2952 = CARTESIAN_POINT( '', ( 0.00167500000000000, 0.000275000000000000, -0.000250000000000000 ) );
#2953 = CARTESIAN_POINT( '', ( 0.00175000000001000, 0.000200000000010000, -0.000400000000010000 ) );
#2954 = VECTOR( '', #3824, 1.00000000000000 );
#2955 = CARTESIAN_POINT( '', ( 0.00167500000000000, -0.000375000000000000, -0.000250000000000000 ) );
#2956 = CARTESIAN_POINT( '', ( 0.00167500000001000, 0.000275000000010000, -0.000250000000010000 ) );
#2957 = VECTOR( '', #3825, 1.00000000000000 );
#2958 = CARTESIAN_POINT( '', ( 0.00175000000000000, -0.000300000000000000, -0.000400000000000000 ) );
#2959 = CARTESIAN_POINT( '', ( 0.00175000000001000, -0.000300000000010000, -0.000400000000010000 ) );
#2960 = VECTOR( '', #3826, 1.00000000000000 );
#2961 = CARTESIAN_POINT( '', ( 0.00175000000001000, -0.000300000000010000, -0.000400000000010000 ) );
#2962 = VECTOR( '', #3827, 1.00000000000000 );
#2963 = CARTESIAN_POINT( '', ( -0.00170000000000000, -0.00105000000000000, -0.00215000000000000 ) );
#2964 = CARTESIAN_POINT( '', ( -0.00170000000000000, 0.000200000000000000, -0.00215000000000000 ) );
#2965 = CARTESIAN_POINT( '', ( -0.00170000000001000, -0.00105000000001000, -0.00215000000001000 ) );
#2966 = VECTOR( '', #3828, 1.00000000000000 );
#2967 = CARTESIAN_POINT( '', ( -0.00170000000001000, 0.000200000000010000, -0.00275000000001000 ) );
#2968 = VECTOR( '', #3829, 1.00000000000000 );
#2969 = CARTESIAN_POINT( '', ( -0.00170000000000000, -0.00160000000000000, -0.00215000000000000 ) );
#2970 = CARTESIAN_POINT( '', ( -0.00170000000001000, -0.00160000000001000, -0.00275000000001000 ) );
#2971 = VECTOR( '', #3830, 1.00000000000000 );
#2972 = CARTESIAN_POINT( '', ( -0.00170000000001000, -0.00160000000001000, -0.00215000000001000 ) );
#2973 = VECTOR( '', #3831, 1.00000000000000 );
#2974 = CARTESIAN_POINT( '', ( -0.000250000000000000, -0.000300000000000000, -0.000400000000000000 ) );
#2975 = CARTESIAN_POINT( '', ( -0.000325000000000000, -0.000375000000000000, -0.000250000000000000 ) );
#2976 = CARTESIAN_POINT( '', ( -0.000250000000010000, -0.000300000000010000, -0.000400000000010000 ) );
#2977 = VECTOR( '', #3832, 1.00000000000000 );
#2978 = CARTESIAN_POINT( '', ( 0.000325000000000000, -0.000375000000000000, -0.000250000000000000 ) );
#2979 = CARTESIAN_POINT( '', ( -0.000325000000010000, -0.000375000000010000, -0.000250000000010000 ) );
#2980 = VECTOR( '', #3833, 1.00000000000000 );
#2981 = CARTESIAN_POINT( '', ( 0.000250000000000000, -0.000300000000000000, -0.000400000000000000 ) );
#2982 = CARTESIAN_POINT( '', ( 0.000250000000010000, -0.000300000000010000, -0.000400000000010000 ) );
#2983 = VECTOR( '', #3834, 1.00000000000000 );
#2984 = CARTESIAN_POINT( '', ( -0.000250000000010000, -0.000300000000010000, -0.000400000000010000 ) );
#2985 = VECTOR( '', #3835, 1.00000000000000 );
#2986 = CARTESIAN_POINT( '', ( -0.000300000000000000, 0.000200000000000000, -0.00275000000000000 ) );
#2987 = CARTESIAN_POINT( '', ( -0.000300000000010000, 0.000200000000010000, -0.00275000000001000 ) );
#2988 = VECTOR( '', #3836, 1.00000000000000 );
#2989 = CARTESIAN_POINT( '', ( -0.000300000000000000, -0.00160000000000000, -0.00275000000000000 ) );
#2990 = CARTESIAN_POINT( '', ( -0.000300000000010000, -0.00160000000001000, -0.00275000000001000 ) );
#2991 = VECTOR( '', #3837, 1.00000000000000 );
#2992 = CARTESIAN_POINT( '', ( -0.000300000000010000, -0.00160000000001000, -0.00275000000001000 ) );
#2993 = VECTOR( '', #3838, 1.00000000000000 );
#2994 = CARTESIAN_POINT( '', ( 0.00325000000000000, -0.000230000000000000, 0.00365000000000000 ) );
#2995 = CARTESIAN_POINT( '', ( 0.00315000000000000, -0.000330000000000000, 0.00355000000000000 ) );
#2996 = CARTESIAN_POINT( '', ( 0.00325000000001000, -0.000230000000010000, 0.00365000000001000 ) );
#2997 = VECTOR( '', #3839, 1.00000000000000 );
#2998 = CARTESIAN_POINT( '', ( 0.00315000000000000, -0.000330000000000000, -0.000250000000000000 ) );
#2999 = CARTESIAN_POINT( '', ( 0.00315000000001000, -0.000330000000010000, 0.00355000000001000 ) );
#3000 = VECTOR( '', #3840, 1.00000000000000 );
#3001 = CARTESIAN_POINT( '', ( 0.00331000000000000, -0.000170000000000000, -0.000250000000000000 ) );
#3002 = CARTESIAN_POINT( '', ( 0.00331000000001000, -0.000170000000010000, -0.000250000000010000 ) );
#3003 = VECTOR( '', #3841, 1.00000000000000 );
#3004 = CARTESIAN_POINT( '', ( 0.00331000000000000, -0.000170000000000000, 0.00365000000000000 ) );
#3005 = CARTESIAN_POINT( '', ( 0.00331000000001000, -0.000170000000010000, 0.00365000000001000 ) );
#3006 = VECTOR( '', #3842, 1.00000000000000 );
#3007 = CARTESIAN_POINT( '', ( 0.00331000000001000, -0.000170000000010000, 0.00365000000001000 ) );
#3008 = VECTOR( '', #3843, 1.00000000000000 );
#3009 = CARTESIAN_POINT( '', ( -0.000250000000000000, -0.00400000000000000, -0.00210000000000000 ) );
#3010 = CARTESIAN_POINT( '', ( 0.000250000000000000, -0.00400000000000000, -0.00210000000000000 ) );
#3011 = CARTESIAN_POINT( '', ( -0.000250000000010000, -0.00400000000001000, -0.00210000000001000 ) );
#3012 = VECTOR( '', #3844, 1.00000000000000 );
#3013 = CARTESIAN_POINT( '', ( 0.000250000000000000, -0.00320000000000000, -0.00210000000000000 ) );
#3014 = AXIS2_PLACEMENT_3D( '', #3845, #3846, #3847 );
#3015 = CARTESIAN_POINT( '', ( -0.000250000000000000, -0.00320000000000000, -0.00210000000000000 ) );
#3016 = CARTESIAN_POINT( '', ( -0.000250000000010000, -0.00320000000001000, -0.00210000000001000 ) );
#3017 = VECTOR( '', #3848, 1.00000000000000 );
#3018 = AXIS2_PLACEMENT_3D( '', #3849, #3850, #3851 );
#3019 = CARTESIAN_POINT( '', ( 0.00385000000000000, -0.00210000000000000, -0.00215000000000000 ) );
#3020 = CARTESIAN_POINT( '', ( 0.00385000000000000, 0.000200000000000000, -0.00215000000000000 ) );
#3021 = CARTESIAN_POINT( '', ( 0.00385000000001000, -0.00210000000001000, -0.00215000000001000 ) );
#3022 = VECTOR( '', #3852, 1.00000000000000 );
#3023 = CARTESIAN_POINT( '', ( 0.00400000000000000, 0.000200000000000000, -0.00215000000000000 ) );
#3024 = CARTESIAN_POINT( '', ( 0.00400000000001000, 0.000200000000010000, -0.00215000000001000 ) );
#3025 = VECTOR( '', #3853, 1.00000000000000 );
#3026 = CARTESIAN_POINT( '', ( 0.00400000000000000, -0.00210000000000000, -0.00215000000000000 ) );
#3027 = CARTESIAN_POINT( '', ( 0.00400000000001000, -0.00210000000001000, -0.00215000000001000 ) );
#3028 = VECTOR( '', #3854, 1.00000000000000 );
#3029 = CARTESIAN_POINT( '', ( 0.00400000000001000, -0.00210000000001000, -0.00215000000001000 ) );
#3030 = VECTOR( '', #3855, 1.00000000000000 );
#3031 = CARTESIAN_POINT( '', ( -0.000250000000000000, -0.000100000000000000, -0.00260000000000000 ) );
#3032 = CARTESIAN_POINT( '', ( 0.000250000000000000, -0.000100000000000000, -0.00260000000000000 ) );
#3033 = CARTESIAN_POINT( '', ( -0.000250000000010000, -0.000100000000010000, -0.00260000000001000 ) );
#3034 = VECTOR( '', #3856, 1.00000000000000 );
#3035 = CARTESIAN_POINT( '', ( 0.000250000000000000, -0.00307321731235700, -0.00260000000000000 ) );
#3036 = CARTESIAN_POINT( '', ( 0.000250000000010000, -0.00307321731236700, -0.00260000000001000 ) );
#3037 = VECTOR( '', #3857, 1.00000000000000 );
#3038 = CARTESIAN_POINT( '', ( -0.000250000000000000, -0.00307321731235700, -0.00260000000000000 ) );
#3039 = CARTESIAN_POINT( '', ( -0.000250000000010000, -0.00307321731236700, -0.00260000000001000 ) );
#3040 = VECTOR( '', #3858, 1.00000000000000 );
#3041 = CARTESIAN_POINT( '', ( -0.000250000000010000, -0.00307321731236700, -0.00260000000001000 ) );
#3042 = VECTOR( '', #3859, 1.00000000000000 );
#3043 = CARTESIAN_POINT( '', ( 0.00200000000000000, -0.00160000000000000, 0.00200000000000000 ) );
#3044 = CARTESIAN_POINT( '', ( 0.00200000000000000, -0.00105000000000000, 0.00200000000000000 ) );
#3045 = CARTESIAN_POINT( '', ( 0.00200000000001000, -0.00160000000001000, 0.00200000000001000 ) );
#3046 = VECTOR( '', #3860, 1.00000000000000 );
#3047 = CARTESIAN_POINT( '', ( -0.00200000000000000, -0.00160000000000000, 0.00200000000000000 ) );
#3048 = CARTESIAN_POINT( '', ( 0.00200000000001000, -0.00160000000001000, 0.00200000000001000 ) );
#3049 = VECTOR( '', #3861, 1.00000000000000 );
#3050 = CARTESIAN_POINT( '', ( -0.00200000000000000, -0.00105000000000000, 0.00200000000000000 ) );
#3051 = CARTESIAN_POINT( '', ( -0.00200000000001000, -0.00160000000001000, 0.00200000000001000 ) );
#3052 = VECTOR( '', #3862, 1.00000000000000 );
#3053 = CARTESIAN_POINT( '', ( 0.00200000000001000, -0.00105000000001000, 0.00200000000001000 ) );
#3054 = VECTOR( '', #3863, 1.00000000000000 );
#3055 = CARTESIAN_POINT( '', ( -0.000300000000000000, -0.00160000000000000, -0.00215000000000000 ) );
#3056 = CARTESIAN_POINT( '', ( -0.000300000000010000, -0.00160000000001000, -0.00215000000001000 ) );
#3057 = VECTOR( '', #3864, 1.00000000000000 );
#3058 = CARTESIAN_POINT( '', ( -0.000300000000000000, 0.000200000000000000, -0.00215000000000000 ) );
#3059 = CARTESIAN_POINT( '', ( -0.000300000000010000, 0.000200000000010000, -0.00275000000001000 ) );
#3060 = VECTOR( '', #3865, 1.00000000000000 );
#3061 = CARTESIAN_POINT( '', ( -0.000300000000000000, -0.00105000000000000, -0.00215000000000000 ) );
#3062 = CARTESIAN_POINT( '', ( -0.000300000000010000, -0.00105000000001000, -0.00215000000001000 ) );
#3063 = VECTOR( '', #3866, 1.00000000000000 );
#3064 = CARTESIAN_POINT( '', ( -0.000300000000010000, -0.00160000000001000, -0.00215000000001000 ) );
#3065 = VECTOR( '', #3867, 1.00000000000000 );
#3066 = CARTESIAN_POINT( '', ( 0.00175000000000000, -0.00560000000000000, -0.00260000000000000 ) );
#3067 = CARTESIAN_POINT( '', ( 0.00225000000000000, -0.00560000000000000, -0.00260000000000000 ) );
#3068 = CARTESIAN_POINT( '', ( 0.00175000000001000, -0.00560000000001000, -0.00260000000001000 ) );
#3069 = VECTOR( '', #3868, 1.00000000000000 );
#3070 = CARTESIAN_POINT( '', ( 0.00225000000000000, -0.00560000000000000, -0.00210000000000000 ) );
#3071 = CARTESIAN_POINT( '', ( 0.00225000000001000, -0.00560000000001000, -0.00210000000001000 ) );
#3072 = VECTOR( '', #3869, 1.00000000000000 );
#3073 = CARTESIAN_POINT( '', ( 0.00175000000000000, -0.00560000000000000, -0.00210000000000000 ) );
#3074 = CARTESIAN_POINT( '', ( 0.00175000000001000, -0.00560000000001000, -0.00210000000001000 ) );
#3075 = VECTOR( '', #3870, 1.00000000000000 );
#3076 = CARTESIAN_POINT( '', ( 0.00175000000001000, -0.00560000000001000, -0.00210000000001000 ) );
#3077 = VECTOR( '', #3871, 1.00000000000000 );
#3078 = CARTESIAN_POINT( '', ( 0.00230000000000000, -0.00160000000000000, -0.00275000000000000 ) );
#3079 = CARTESIAN_POINT( '', ( 0.00262500000001000, -0.00160000000001000, -0.00365000000001000 ) );
#3080 = VECTOR( '', #3872, 1.00000000000000 );
#3081 = CARTESIAN_POINT( '', ( 0.00230000000000000, 0.000200000000000000, -0.00275000000000000 ) );
#3082 = CARTESIAN_POINT( '', ( 0.00230000000001000, -0.00160000000001000, -0.00275000000001000 ) );
#3083 = VECTOR( '', #3873, 1.00000000000000 );
#3084 = CARTESIAN_POINT( '', ( 0.00230000000001000, 0.000200000000010000, -0.00275000000001000 ) );
#3085 = VECTOR( '', #3874, 1.00000000000000 );
#3086 = CARTESIAN_POINT( '', ( -0.00365000000000000, -0.00115000000000000, 0.00365000000000000 ) );
#3087 = CARTESIAN_POINT( '', ( -0.00355000000000000, -0.00105000000000000, 0.00355000000000000 ) );
#3088 = CARTESIAN_POINT( '', ( -0.00365000000001000, -0.00115000000001000, 0.00365000000001000 ) );
#3089 = VECTOR( '', #3875, 1.00000000000000 );
#3090 = CARTESIAN_POINT( '', ( -0.00355000000000000, -0.000170000000000000, 0.00355000000000000 ) );
#3091 = CARTESIAN_POINT( '', ( -0.00355000000001000, -0.000170000000010000, 0.00355000000001000 ) );
#3092 = VECTOR( '', #3876, 1.00000000000000 );
#3093 = CARTESIAN_POINT( '', ( -0.00365000000000000, -0.000170000000000000, 0.00365000000000000 ) );
#3094 = CARTESIAN_POINT( '', ( -0.00365000000001000, -0.000170000000010000, 0.00365000000001000 ) );
#3095 = VECTOR( '', #3877, 1.00000000000000 );
#3096 = CARTESIAN_POINT( '', ( -0.00365000000001000, -0.000170000000010000, 0.00365000000001000 ) );
#3097 = VECTOR( '', #3878, 1.00000000000000 );
#3098 = CARTESIAN_POINT( '', ( -0.00200000000000000, -0.00105000000000000, -0.000250000000000000 ) );
#3099 = CARTESIAN_POINT( '', ( 0.00200000000000000, -0.00105000000000000, -0.000250000000000000 ) );
#3100 = CARTESIAN_POINT( '', ( -0.00200000000001000, -0.00105000000001000, -0.000250000000010000 ) );
#3101 = VECTOR( '', #3879, 1.00000000000000 );
#3102 = CARTESIAN_POINT( '', ( 0.00355000000000000, -0.00105000000000000, -0.000250000000000000 ) );
#3103 = CARTESIAN_POINT( '', ( 0.00200000000001000, -0.00105000000001000, -0.000250000000010000 ) );
#3104 = VECTOR( '', #3880, 1.00000000000000 );
#3105 = CARTESIAN_POINT( '', ( 0.00355000000000000, -0.000170000000000000, -0.000250000000000000 ) );
#3106 = CARTESIAN_POINT( '', ( 0.00355000000001000, -0.00105000000001000, -0.000250000000010000 ) );
#3107 = VECTOR( '', #3881, 1.00000000000000 );
#3108 = CARTESIAN_POINT( '', ( 0.00355000000001000, -0.000170000000010000, -0.000250000000010000 ) );
#3109 = VECTOR( '', #3882, 1.00000000000000 );
#3110 = CARTESIAN_POINT( '', ( 0.00315000000000000, 0.000710000000000000, -0.000250000000000000 ) );
#3111 = CARTESIAN_POINT( '', ( 0.00315000000001000, -0.000330000000010000, -0.000250000000010000 ) );
#3112 = VECTOR( '', #3883, 1.00000000000000 );
#3113 = CARTESIAN_POINT( '', ( 0.00331000000000000, 0.000550000000000000, -0.000250000000000000 ) );
#3114 = CARTESIAN_POINT( '', ( 0.00315000000001000, 0.000710000000010000, -0.000250000000010000 ) );
#3115 = VECTOR( '', #3884, 1.00000000000000 );
#3116 = CARTESIAN_POINT( '', ( 0.00355000000000000, 0.000550000000000000, -0.000250000000000000 ) );
#3117 = CARTESIAN_POINT( '', ( 0.00331000000001000, 0.000550000000010000, -0.000250000000010000 ) );
#3118 = VECTOR( '', #3885, 1.00000000000000 );
#3119 = CARTESIAN_POINT( '', ( 0.00355000000000000, 0.00210000000000000, -0.000250000000000000 ) );
#3120 = CARTESIAN_POINT( '', ( 0.00355000000001000, 0.000550000000010000, -0.000250000000010000 ) );
#3121 = VECTOR( '', #3886, 1.00000000000000 );
#3122 = CARTESIAN_POINT( '', ( -0.00355000000001000, 0.00210000000001000, -0.000250000000010000 ) );
#3123 = VECTOR( '', #3887, 1.00000000000000 );
#3124 = CARTESIAN_POINT( '', ( -0.00331000000000000, 0.000550000000000000, -0.000250000000000000 ) );
#3125 = CARTESIAN_POINT( '', ( -0.00355000000001000, 0.000550000000010000, -0.000250000000010000 ) );
#3126 = VECTOR( '', #3888, 1.00000000000000 );
#3127 = CARTESIAN_POINT( '', ( -0.00315000000000000, 0.000710000000000000, -0.000250000000000000 ) );
#3128 = CARTESIAN_POINT( '', ( -0.00331000000001000, 0.000550000000010000, -0.000250000000010000 ) );
#3129 = VECTOR( '', #3889, 1.00000000000000 );
#3130 = CARTESIAN_POINT( '', ( -0.00315000000000000, -0.000330000000000000, -0.000250000000000000 ) );
#3131 = CARTESIAN_POINT( '', ( -0.00315000000001000, 0.000710000000010000, -0.000250000000010000 ) );
#3132 = VECTOR( '', #3890, 1.00000000000000 );
#3133 = CARTESIAN_POINT( '', ( -0.00331000000000000, -0.000170000000000000, -0.000250000000000000 ) );
#3134 = CARTESIAN_POINT( '', ( -0.00315000000001000, -0.000330000000010000, -0.000250000000010000 ) );
#3135 = VECTOR( '', #3891, 1.00000000000000 );
#3136 = CARTESIAN_POINT( '', ( -0.00355000000000000, -0.000170000000000000, -0.000250000000000000 ) );
#3137 = CARTESIAN_POINT( '', ( -0.00331000000001000, -0.000170000000010000, -0.000250000000010000 ) );
#3138 = VECTOR( '', #3892, 1.00000000000000 );
#3139 = CARTESIAN_POINT( '', ( -0.00355000000000000, -0.00105000000000000, -0.000250000000000000 ) );
#3140 = CARTESIAN_POINT( '', ( -0.00355000000001000, -0.000170000000010000, -0.000250000000010000 ) );
#3141 = VECTOR( '', #3893, 1.00000000000000 );
#3142 = CARTESIAN_POINT( '', ( -0.00355000000001000, -0.00105000000001000, -0.000250000000010000 ) );
#3143 = VECTOR( '', #3894, 1.00000000000000 );
#3144 = CARTESIAN_POINT( '', ( 0.000325000000000000, 0.000275000000000000, -0.000250000000000000 ) );
#3145 = CARTESIAN_POINT( '', ( -0.000325000000000000, 0.000275000000000000, -0.000250000000000000 ) );
#3146 = CARTESIAN_POINT( '', ( 0.000325000000010000, 0.000275000000010000, -0.000250000000010000 ) );
#3147 = VECTOR( '', #3895, 1.00000000000000 );
#3148 = CARTESIAN_POINT( '', ( 0.000325000000010000, -0.000375000000010000, -0.000250000000010000 ) );
#3149 = VECTOR( '', #3896, 1.00000000000000 );
#3150 = CARTESIAN_POINT( '', ( -0.000325000000010000, 0.000275000000010000, -0.000250000000010000 ) );
#3151 = VECTOR( '', #3897, 1.00000000000000 );
#3152 = CARTESIAN_POINT( '', ( 0.00232500000000000, 0.000275000000000000, -0.000250000000000000 ) );
#3153 = CARTESIAN_POINT( '', ( 0.00232500000001000, 0.000275000000010000, -0.000250000000010000 ) );
#3154 = VECTOR( '', #3898, 1.00000000000000 );
#3155 = CARTESIAN_POINT( '', ( 0.00232500000000000, -0.000375000000000000, -0.000250000000000000 ) );
#3156 = CARTESIAN_POINT( '', ( 0.00232500000001000, -0.000375000000010000, -0.000250000000010000 ) );
#3157 = VECTOR( '', #3899, 1.00000000000000 );
#3158 = CARTESIAN_POINT( '', ( 0.00167500000001000, -0.000375000000010000, -0.000250000000010000 ) );
#3159 = VECTOR( '', #3900, 1.00000000000000 );
#3160 = CARTESIAN_POINT( '', ( -0.00167500000000000, 0.000275000000000000, -0.000250000000000000 ) );
#3161 = CARTESIAN_POINT( '', ( -0.00232500000000000, 0.000275000000000000, -0.000250000000000000 ) );
#3162 = CARTESIAN_POINT( '', ( -0.00167500000001000, 0.000275000000010000, -0.000250000000010000 ) );
#3163 = VECTOR( '', #3901, 1.00000000000000 );
#3164 = CARTESIAN_POINT( '', ( -0.00167500000000000, -0.000375000000000000, -0.000250000000000000 ) );
#3165 = CARTESIAN_POINT( '', ( -0.00167500000001000, -0.000375000000010000, -0.000250000000010000 ) );
#3166 = VECTOR( '', #3902, 1.00000000000000 );
#3167 = CARTESIAN_POINT( '', ( -0.00232500000000000, -0.000375000000000000, -0.000250000000000000 ) );
#3168 = CARTESIAN_POINT( '', ( -0.00232500000001000, -0.000375000000010000, -0.000250000000010000 ) );
#3169 = VECTOR( '', #3903, 1.00000000000000 );
#3170 = CARTESIAN_POINT( '', ( -0.00232500000001000, 0.000275000000010000, -0.000250000000010000 ) );
#3171 = VECTOR( '', #3904, 1.00000000000000 );
#3172 = CARTESIAN_POINT( '', ( 0.000250000000000000, 0.000200000000000000, -0.00215000000000000 ) );
#3173 = CARTESIAN_POINT( '', ( 0.000250000000000000, -0.00105000000000000, -0.00215000000000000 ) );
#3174 = CARTESIAN_POINT( '', ( 0.000250000000010000, 0.000200000000010000, -0.00215000000001000 ) );
#3175 = VECTOR( '', #3905, 1.00000000000000 );
#3176 = CARTESIAN_POINT( '', ( 0.000250000000000000, -0.00105000000000000, -0.00210000000000000 ) );
#3177 = CARTESIAN_POINT( '', ( 0.000250000000010000, -0.00105000000001000, -0.00215000000001000 ) );
#3178 = VECTOR( '', #3906, 1.00000000000000 );
#3179 = CARTESIAN_POINT( '', ( 0.000250000000010000, -0.00105000000001000, -0.00210000000001000 ) );
#3180 = VECTOR( '', #3907, 1.00000000000000 );
#3181 = CARTESIAN_POINT( '', ( 0.000250000000000000, -0.00560000000000000, -0.00210000000000000 ) );
#3182 = CARTESIAN_POINT( '', ( 0.000250000000010000, -0.00400000000001000, -0.00210000000001000 ) );
#3183 = VECTOR( '', #3908, 1.00000000000000 );
#3184 = CARTESIAN_POINT( '', ( 0.000250000000000000, -0.00560000000000000, -0.00260000000000000 ) );
#3185 = CARTESIAN_POINT( '', ( 0.000250000000010000, -0.00560000000001000, -0.00210000000001000 ) );
#3186 = VECTOR( '', #3909, 1.00000000000000 );
#3187 = CARTESIAN_POINT( '', ( 0.000250000000000000, -0.00412678268764300, -0.00260000000000000 ) );
#3188 = CARTESIAN_POINT( '', ( 0.000250000000010000, -0.00560000000001000, -0.00260000000001000 ) );
#3189 = VECTOR( '', #3910, 1.00000000000000 );
#3190 = AXIS2_PLACEMENT_3D( '', #3911, #3912, #3913 );
#3191 = CARTESIAN_POINT( '', ( 0.000250000000000000, 0.000200000000000000, -0.00230000000000000 ) );
#3192 = AXIS2_PLACEMENT_3D( '', #3914, #3915, #3916 );
#3193 = CARTESIAN_POINT( '', ( 0.000250000000010000, 0.000200000000010000, -0.00230000000001000 ) );
#3194 = VECTOR( '', #3917, 1.00000000000000 );
#3195 = CARTESIAN_POINT( '', ( -0.00355000000001000, -0.000170000000010000, 0.00355000000001000 ) );
#3196 = VECTOR( '', #3918, 1.00000000000000 );
#3197 = CARTESIAN_POINT( '', ( -0.00331000000000000, -0.000170000000000000, 0.00365000000000000 ) );
#3198 = CARTESIAN_POINT( '', ( -0.00331000000001000, -0.000170000000010000, 0.00365000000001000 ) );
#3199 = VECTOR( '', #3919, 1.00000000000000 );
#3200 = CARTESIAN_POINT( '', ( -0.00331000000001000, -0.000170000000010000, 0.00365000000001000 ) );
#3201 = VECTOR( '', #3920, 1.00000000000000 );
#3202 = CARTESIAN_POINT( '', ( 0.000250000000000000, 0.000200000000000000, -0.000400000000000000 ) );
#3203 = CARTESIAN_POINT( '', ( 0.000250000000010000, 0.000200000000010000, -0.000400000000010000 ) );
#3204 = VECTOR( '', #3921, 1.00000000000000 );
#3205 = CARTESIAN_POINT( '', ( 0.000250000000010000, -0.000300000000010000, -0.000400000000010000 ) );
#3206 = VECTOR( '', #3922, 1.00000000000000 );
#3207 = CARTESIAN_POINT( '', ( -0.00225000000000000, -0.00160000000000000, -0.00210000000000000 ) );
#3208 = CARTESIAN_POINT( '', ( -0.00225000000000000, -0.00307321731235700, -0.00210000000000000 ) );
#3209 = CARTESIAN_POINT( '', ( -0.00225000000001000, -0.00160000000001000, -0.00210000000001000 ) );
#3210 = VECTOR( '', #3923, 1.00000000000000 );
#3211 = CARTESIAN_POINT( '', ( -0.00175000000000000, -0.00307321731235700, -0.00210000000000000 ) );
#3212 = CARTESIAN_POINT( '', ( -0.00225000000001000, -0.00307321731236700, -0.00210000000001000 ) );
#3213 = VECTOR( '', #3924, 1.00000000000000 );
#3214 = CARTESIAN_POINT( '', ( -0.00175000000000000, -0.00105000000000000, -0.00210000000000000 ) );
#3215 = CARTESIAN_POINT( '', ( -0.00175000000001000, -0.00105000000001000, -0.00210000000001000 ) );
#3216 = VECTOR( '', #3925, 1.00000000000000 );
#3217 = CARTESIAN_POINT( '', ( -0.00200000000000000, -0.00105000000000000, -0.00210000000000000 ) );
#3218 = CARTESIAN_POINT( '', ( -0.00175000000001000, -0.00105000000001000, -0.00210000000001000 ) );
#3219 = VECTOR( '', #3926, 1.00000000000000 );
#3220 = CARTESIAN_POINT( '', ( -0.00200000000000000, -0.00160000000000000, -0.00210000000000000 ) );
#3221 = CARTESIAN_POINT( '', ( -0.00200000000001000, -0.00105000000001000, -0.00210000000001000 ) );
#3222 = VECTOR( '', #3927, 1.00000000000000 );
#3223 = CARTESIAN_POINT( '', ( -0.00225000000001000, -0.00160000000001000, -0.00210000000001000 ) );
#3224 = VECTOR( '', #3928, 1.00000000000000 );
#3225 = CARTESIAN_POINT( '', ( 0.00225000000001000, 0.000200000000010000, -0.000400000000010000 ) );
#3226 = VECTOR( '', #3929, 1.00000000000000 );
#3227 = CARTESIAN_POINT( '', ( 0.00175000000001000, 0.000200000000010000, -0.000400000000010000 ) );
#3228 = VECTOR( '', #3930, 1.00000000000000 );
#3229 = CARTESIAN_POINT( '', ( 0.00170000000000000, 0.000200000000000000, -0.00275000000000000 ) );
#3230 = CARTESIAN_POINT( '', ( 0.00170000000001000, 0.000200000000010000, -0.00275000000001000 ) );
#3231 = VECTOR( '', #3931, 1.00000000000000 );
#3232 = CARTESIAN_POINT( '', ( 0.00170000000000000, -0.00160000000000000, -0.00275000000000000 ) );
#3233 = CARTESIAN_POINT( '', ( 0.00170000000001000, -0.00160000000001000, -0.00275000000001000 ) );
#3234 = VECTOR( '', #3932, 1.00000000000000 );
#3235 = CARTESIAN_POINT( '', ( 0.00170000000001000, -0.00160000000001000, -0.00275000000001000 ) );
#3236 = VECTOR( '', #3933, 1.00000000000000 );
#3237 = CARTESIAN_POINT( '', ( 0.00170000000000000, -0.00160000000000000, -0.00215000000000000 ) );
#3238 = CARTESIAN_POINT( '', ( 0.00170000000000000, -0.00105000000000000, -0.00215000000000000 ) );
#3239 = CARTESIAN_POINT( '', ( 0.00170000000001000, -0.00160000000001000, -0.00215000000001000 ) );
#3240 = VECTOR( '', #3934, 1.00000000000000 );
#3241 = CARTESIAN_POINT( '', ( 0.000300000000000000, -0.00105000000000000, -0.00215000000000000 ) );
#3242 = CARTESIAN_POINT( '', ( 0.000300000000010000, -0.00105000000001000, -0.00215000000001000 ) );
#3243 = VECTOR( '', #3935, 1.00000000000000 );
#3244 = CARTESIAN_POINT( '', ( 0.000300000000000000, -0.00160000000000000, -0.00215000000000000 ) );
#3245 = CARTESIAN_POINT( '', ( 0.000300000000010000, -0.00160000000001000, -0.00215000000001000 ) );
#3246 = VECTOR( '', #3936, 1.00000000000000 );
#3247 = CARTESIAN_POINT( '', ( 0.000300000000010000, -0.00160000000001000, -0.00215000000001000 ) );
#3248 = VECTOR( '', #3937, 1.00000000000000 );
#3249 = CARTESIAN_POINT( '', ( -0.00230000000000000, -0.00160000000000000, -0.00275000000000000 ) );
#3250 = CARTESIAN_POINT( '', ( -0.00230000000000000, 0.000200000000000000, -0.00275000000000000 ) );
#3251 = CARTESIAN_POINT( '', ( -0.00230000000001000, -0.00160000000001000, -0.00275000000001000 ) );
#3252 = VECTOR( '', #3938, 1.00000000000000 );
#3253 = CARTESIAN_POINT( '', ( -0.00230000000000000, 0.000200000000000000, -0.00215000000000000 ) );
#3254 = CARTESIAN_POINT( '', ( -0.00230000000001000, 0.000200000000010000, -0.00275000000001000 ) );
#3255 = VECTOR( '', #3939, 1.00000000000000 );
#3256 = CARTESIAN_POINT( '', ( -0.00230000000000000, -0.00160000000000000, -0.00215000000000000 ) );
#3257 = CARTESIAN_POINT( '', ( -0.00230000000001000, -0.00160000000001000, -0.00215000000001000 ) );
#3258 = VECTOR( '', #3940, 1.00000000000000 );
#3259 = CARTESIAN_POINT( '', ( -0.00230000000001000, -0.00160000000001000, -0.00215000000001000 ) );
#3260 = VECTOR( '', #3941, 1.00000000000000 );
#3261 = CARTESIAN_POINT( '', ( 0.00175000000000000, -0.00400000000000000, -0.00260000000000000 ) );
#3262 = CARTESIAN_POINT( '', ( 0.00225000000000000, -0.00400000000000000, -0.00260000000000000 ) );
#3263 = CARTESIAN_POINT( '', ( 0.00175000000001000, -0.00400000000001000, -0.00260000000001000 ) );
#3264 = VECTOR( '', #3942, 1.00000000000000 );
#3265 = CARTESIAN_POINT( '', ( 0.00225000000001000, -0.00560000000001000, -0.00260000000001000 ) );
#3266 = VECTOR( '', #3943, 1.00000000000000 );
#3267 = CARTESIAN_POINT( '', ( 0.00175000000001000, -0.00560000000001000, -0.00260000000001000 ) );
#3268 = VECTOR( '', #3944, 1.00000000000000 );
#3269 = CARTESIAN_POINT( '', ( -0.00355000000001000, -0.00105000000001000, 0.00355000000001000 ) );
#3270 = VECTOR( '', #3945, 1.00000000000000 );
#3271 = CARTESIAN_POINT( '', ( 0.00325000000000000, 0.000610000000000000, 0.00365000000000000 ) );
#3272 = CARTESIAN_POINT( '', ( 0.00315000000000000, 0.000710000000000000, 0.00355000000000000 ) );
#3273 = CARTESIAN_POINT( '', ( 0.00325000000001000, 0.000610000000010000, 0.00365000000001000 ) );
#3274 = VECTOR( '', #3946, 1.00000000000000 );
#3275 = CARTESIAN_POINT( '', ( 0.00315000000001000, -0.000330000000010000, 0.00355000000001000 ) );
#3276 = VECTOR( '', #3947, 1.00000000000000 );
#3277 = CARTESIAN_POINT( '', ( 0.00325000000001000, -0.000230000000010000, 0.00365000000001000 ) );
#3278 = VECTOR( '', #3948, 1.00000000000000 );
#3279 = CARTESIAN_POINT( '', ( 0.00175000000000000, 0.000200000000000000, 0.00305000000000000 ) );
#3280 = CARTESIAN_POINT( '', ( 0.00175000000001000, 0.000200000000010000, 0.00305000000001000 ) );
#3281 = VECTOR( '', #3949, 1.00000000000000 );
#3282 = CARTESIAN_POINT( '', ( 0.00175000000001000, 0.000200000000010000, -0.000400000000010000 ) );
#3283 = VECTOR( '', #3950, 1.00000000000000 );
#3284 = CARTESIAN_POINT( '', ( -0.00262500000000000, -0.00210000000000000, -0.000250000000000000 ) );
#3285 = CARTESIAN_POINT( '', ( -0.00262500000001000, -0.00210000000001000, -0.00365000000001000 ) );
#3286 = VECTOR( '', #3951, 1.00000000000000 );
#3287 = CARTESIAN_POINT( '', ( -0.00315000000000000, -0.00210000000000000, -0.000250000000000000 ) );
#3288 = CARTESIAN_POINT( '', ( -0.00315000000001000, -0.00210000000001000, -0.000250000000010000 ) );
#3289 = VECTOR( '', #3952, 1.00000000000000 );
#3290 = CARTESIAN_POINT( '', ( -0.00325000000000000, -0.00210000000000000, 0.00365000000000000 ) );
#3291 = CARTESIAN_POINT( '', ( -0.00325000000001000, -0.00210000000001000, 0.00365000000001000 ) );
#3292 = VECTOR( '', #3953, 1.00000000000000 );
#3293 = CARTESIAN_POINT( '', ( -0.00400000000000000, -0.00210000000000000, 0.00365000000000000 ) );
#3294 = CARTESIAN_POINT( '', ( -0.00400000000001000, -0.00210000000001000, 0.00365000000001000 ) );
#3295 = VECTOR( '', #3954, 1.00000000000000 );
#3296 = CARTESIAN_POINT( '', ( -0.00400000000001000, -0.00210000000001000, -0.00215000000001000 ) );
#3297 = VECTOR( '', #3955, 1.00000000000000 );
#3298 = CARTESIAN_POINT( '', ( -0.00385000000000000, -0.00210000000000000, -0.00275000000000000 ) );
#3299 = CARTESIAN_POINT( '', ( -0.00385000000001000, -0.00210000000001000, -0.00275000000001000 ) );
#3300 = VECTOR( '', #3956, 1.00000000000000 );
#3301 = CARTESIAN_POINT( '', ( -0.00337500000001000, -0.00210000000001000, -0.00365000000001000 ) );
#3302 = VECTOR( '', #3957, 1.00000000000000 );
#3303 = CARTESIAN_POINT( '', ( 0.000300000000000000, 0.000200000000000000, -0.00215000000000000 ) );
#3304 = CARTESIAN_POINT( '', ( 0.000300000000010000, -0.00105000000001000, -0.00215000000001000 ) );
#3305 = VECTOR( '', #3958, 1.00000000000000 );
#3306 = CARTESIAN_POINT( '', ( 0.000300000000000000, 0.000200000000000000, -0.00275000000000000 ) );
#3307 = CARTESIAN_POINT( '', ( 0.000300000000010000, 0.000200000000010000, -0.00275000000001000 ) );
#3308 = VECTOR( '', #3959, 1.00000000000000 );
#3309 = CARTESIAN_POINT( '', ( 0.000300000000000000, -0.00160000000000000, -0.00275000000000000 ) );
#3310 = CARTESIAN_POINT( '', ( 0.000300000000010000, -0.00160000000001000, -0.00275000000001000 ) );
#3311 = VECTOR( '', #3960, 1.00000000000000 );
#3312 = CARTESIAN_POINT( '', ( 0.000300000000010000, -0.00160000000001000, -0.00275000000001000 ) );
#3313 = VECTOR( '', #3961, 1.00000000000000 );
#3314 = CARTESIAN_POINT( '', ( -0.00175000000000000, -0.000300000000000000, 0.00305000000000000 ) );
#3315 = CARTESIAN_POINT( '', ( -0.00175000000000000, -0.000300000000000000, -0.000400000000000000 ) );
#3316 = CARTESIAN_POINT( '', ( -0.00175000000001000, -0.000300000000010000, 0.00305000000001000 ) );
#3317 = VECTOR( '', #3962, 1.00000000000000 );
#3318 = CARTESIAN_POINT( '', ( -0.00225000000000000, -0.000300000000000000, 0.00305000000000000 ) );
#3319 = CARTESIAN_POINT( '', ( -0.00225000000001000, -0.000300000000010000, 0.00305000000001000 ) );
#3320 = VECTOR( '', #3963, 1.00000000000000 );
#3321 = CARTESIAN_POINT( '', ( -0.00225000000000000, -0.000300000000000000, -0.000400000000000000 ) );
#3322 = CARTESIAN_POINT( '', ( -0.00225000000001000, -0.000300000000010000, 0.00305000000001000 ) );
#3323 = VECTOR( '', #3964, 1.00000000000000 );
#3324 = CARTESIAN_POINT( '', ( -0.00225000000001000, -0.000300000000010000, -0.000400000000010000 ) );
#3325 = VECTOR( '', #3965, 1.00000000000000 );
#3326 = CARTESIAN_POINT( '', ( 0.00175000000000000, -0.00412678268764300, -0.00210000000000000 ) );
#3327 = CARTESIAN_POINT( '', ( 0.00225000000000000, -0.00412678268764300, -0.00210000000000000 ) );
#3328 = CARTESIAN_POINT( '', ( 0.00175000000001000, -0.00412678268765300, -0.00210000000001000 ) );
#3329 = VECTOR( '', #3966, 1.00000000000000 );
#3330 = CARTESIAN_POINT( '', ( 0.00225000000000000, -0.00307321731235700, -0.00210000000000000 ) );
#3331 = AXIS2_PLACEMENT_3D( '', #3967, #3968, #3969 );
#3332 = CARTESIAN_POINT( '', ( 0.00175000000000000, -0.00307321731235700, -0.00210000000000000 ) );
#3333 = CARTESIAN_POINT( '', ( 0.00175000000001000, -0.00307321731236700, -0.00210000000001000 ) );
#3334 = VECTOR( '', #3970, 1.00000000000000 );
#3335 = AXIS2_PLACEMENT_3D( '', #3971, #3972, #3973 );
#3336 = CARTESIAN_POINT( '', ( 0.00170000000001000, -0.00160000000001000, -0.00215000000001000 ) );
#3337 = VECTOR( '', #3974, 1.00000000000000 );
#3338 = CARTESIAN_POINT( '', ( 0.00170000000000000, 0.000200000000000000, -0.00215000000000000 ) );
#3339 = CARTESIAN_POINT( '', ( 0.00170000000001000, 0.000200000000010000, -0.00275000000001000 ) );
#3340 = VECTOR( '', #3975, 1.00000000000000 );
#3341 = CARTESIAN_POINT( '', ( 0.00170000000001000, -0.00105000000001000, -0.00215000000001000 ) );
#3342 = VECTOR( '', #3976, 1.00000000000000 );
#3343 = CARTESIAN_POINT( '', ( -0.00225000000000000, 0.000200000000000000, -0.000400000000000000 ) );
#3344 = CARTESIAN_POINT( '', ( -0.00225000000001000, 0.000200000000010000, -0.000400000000010000 ) );
#3345 = VECTOR( '', #3977, 1.00000000000000 );
#3346 = CARTESIAN_POINT( '', ( -0.00225000000001000, -0.000300000000010000, -0.000400000000010000 ) );
#3347 = VECTOR( '', #3978, 1.00000000000000 );
#3348 = CARTESIAN_POINT( '', ( -0.00225000000001000, -0.000300000000010000, -0.000400000000010000 ) );
#3349 = VECTOR( '', #3979, 1.00000000000000 );
#3350 = CARTESIAN_POINT( '', ( 0.00175000000001000, -0.000300000000010000, -0.000400000000010000 ) );
#3351 = VECTOR( '', #3980, 1.00000000000000 );
#3352 = CARTESIAN_POINT( '', ( 0.00175000000000000, -0.000300000000000000, 0.00305000000000000 ) );
#3353 = CARTESIAN_POINT( '', ( 0.00175000000001000, -0.000300000000010000, 0.00305000000001000 ) );
#3354 = VECTOR( '', #3981, 1.00000000000000 );
#3355 = CARTESIAN_POINT( '', ( 0.00175000000001000, -0.000300000000010000, 0.00305000000001000 ) );
#3356 = VECTOR( '', #3982, 1.00000000000000 );
#3357 = CARTESIAN_POINT( '', ( 0.00230000000000000, 0.000200000000000000, -0.00215000000000000 ) );
#3358 = CARTESIAN_POINT( '', ( 0.00225000000000000, 0.000200000000000000, -0.00215000000000000 ) );
#3359 = CARTESIAN_POINT( '', ( 0.00230000000001000, 0.000200000000010000, -0.00215000000001000 ) );
#3360 = VECTOR( '', #3983, 1.00000000000000 );
#3361 = CARTESIAN_POINT( '', ( 0.00230000000000000, -0.00160000000000000, -0.00215000000000000 ) );
#3362 = CARTESIAN_POINT( '', ( 0.00230000000001000, -0.00160000000001000, -0.00215000000001000 ) );
#3363 = VECTOR( '', #3984, 1.00000000000000 );
#3364 = CARTESIAN_POINT( '', ( 0.00225000000000000, -0.00160000000000000, -0.00215000000000000 ) );
#3365 = CARTESIAN_POINT( '', ( 0.00230000000001000, -0.00160000000001000, -0.00215000000001000 ) );
#3366 = VECTOR( '', #3985, 1.00000000000000 );
#3367 = CARTESIAN_POINT( '', ( 0.00225000000001000, 0.000200000000010000, -0.00215000000001000 ) );
#3368 = VECTOR( '', #3986, 1.00000000000000 );
#3369 = CARTESIAN_POINT( '', ( 0.00355000000000000, 0.00210000000000000, 0.00355000000000000 ) );
#3370 = CARTESIAN_POINT( '', ( 0.00355000000001000, 0.00210000000001000, 0.00355000000001000 ) );
#3371 = VECTOR( '', #3987, 1.00000000000000 );
#3372 = CARTESIAN_POINT( '', ( 0.00355000000000000, 0.000550000000000000, 0.00355000000000000 ) );
#3373 = CARTESIAN_POINT( '', ( 0.00355000000001000, 0.000550000000010000, 0.00355000000001000 ) );
#3374 = VECTOR( '', #3988, 1.00000000000000 );
#3375 = CARTESIAN_POINT( '', ( 0.00355000000001000, 0.00210000000001000, 0.00355000000001000 ) );
#3376 = VECTOR( '', #3989, 1.00000000000000 );
#3377 = CARTESIAN_POINT( '', ( -0.000250000000000000, -0.00560000000000000, -0.00210000000000000 ) );
#3378 = CARTESIAN_POINT( '', ( -0.000250000000010000, -0.00560000000001000, -0.00210000000001000 ) );
#3379 = VECTOR( '', #3990, 1.00000000000000 );
#3380 = CARTESIAN_POINT( '', ( -0.000250000000010000, -0.00400000000001000, -0.00210000000001000 ) );
#3381 = VECTOR( '', #3991, 1.00000000000000 );
#3382 = CARTESIAN_POINT( '', ( -0.00225000000000000, -0.00560000000000000, -0.00260000000000000 ) );
#3383 = CARTESIAN_POINT( '', ( -0.00175000000000000, -0.00560000000000000, -0.00260000000000000 ) );
#3384 = CARTESIAN_POINT( '', ( -0.00225000000001000, -0.00560000000001000, -0.00260000000001000 ) );
#3385 = VECTOR( '', #3992, 1.00000000000000 );
#3386 = CARTESIAN_POINT( '', ( -0.00175000000000000, -0.00560000000000000, -0.00210000000000000 ) );
#3387 = CARTESIAN_POINT( '', ( -0.00175000000001000, -0.00560000000001000, -0.00210000000001000 ) );
#3388 = VECTOR( '', #3993, 1.00000000000000 );
#3389 = CARTESIAN_POINT( '', ( -0.00225000000000000, -0.00560000000000000, -0.00210000000000000 ) );
#3390 = CARTESIAN_POINT( '', ( -0.00225000000001000, -0.00560000000001000, -0.00210000000001000 ) );
#3391 = VECTOR( '', #3994, 1.00000000000000 );
#3392 = CARTESIAN_POINT( '', ( -0.00225000000001000, -0.00560000000001000, -0.00210000000001000 ) );
#3393 = VECTOR( '', #3995, 1.00000000000000 );
#3394 = CARTESIAN_POINT( '', ( -0.00230000000001000, 0.000200000000010000, -0.00275000000001000 ) );
#3395 = VECTOR( '', #3996, 1.00000000000000 );
#3396 = CARTESIAN_POINT( '', ( -0.00230000000001000, -0.00160000000001000, -0.00275000000001000 ) );
#3397 = VECTOR( '', #3997, 1.00000000000000 );
#3398 = CARTESIAN_POINT( '', ( -0.00385000000000000, 0.000200000000000000, -0.00275000000000000 ) );
#3399 = CARTESIAN_POINT( '', ( -0.00385000000001000, 0.000200000000010000, -0.00275000000001000 ) );
#3400 = VECTOR( '', #3998, 1.00000000000000 );
#3401 = CARTESIAN_POINT( '', ( -0.00230000000001000, 0.000200000000010000, -0.00275000000001000 ) );
#3402 = VECTOR( '', #3999, 1.00000000000000 );
#3403 = CARTESIAN_POINT( '', ( -0.00225000000000000, 0.000200000000000000, -0.00230000000000000 ) );
#3404 = CARTESIAN_POINT( '', ( -0.00175000000000000, 0.000200000000000000, -0.00230000000000000 ) );
#3405 = CARTESIAN_POINT( '', ( -0.00225000000001000, 0.000200000000010000, -0.00230000000001000 ) );
#3406 = VECTOR( '', #4000, 1.00000000000000 );
#3407 = AXIS2_PLACEMENT_3D( '', #4001, #4002, #4003 );
#3408 = AXIS2_PLACEMENT_3D( '', #4004, #4005, #4006 );
#3409 = CARTESIAN_POINT( '', ( -0.00400000000000000, 0.00210000000000000, -0.00200000000000000 ) );
#3410 = CARTESIAN_POINT( '', ( -0.00400000000000000, 0.00210000000000000, 0.00365000000000000 ) );
#3411 = CARTESIAN_POINT( '', ( -0.00400000000001000, 0.00210000000001000, -0.00200000000001000 ) );
#3412 = VECTOR( '', #4007, 1.00000000000000 );
#3413 = CARTESIAN_POINT( '', ( -0.00365000000000000, 0.00210000000000000, 0.00365000000000000 ) );
#3414 = CARTESIAN_POINT( '', ( -0.00365000000001000, 0.00210000000001000, 0.00365000000001000 ) );
#3415 = VECTOR( '', #4008, 1.00000000000000 );
#3416 = CARTESIAN_POINT( '', ( -0.00365000000001000, 0.00210000000001000, 0.00365000000001000 ) );
#3417 = VECTOR( '', #4009, 1.00000000000000 );
#3418 = CARTESIAN_POINT( '', ( 0.00365000000000000, 0.00210000000000000, 0.00365000000000000 ) );
#3419 = CARTESIAN_POINT( '', ( 0.00365000000001000, 0.00210000000001000, 0.00365000000001000 ) );
#3420 = VECTOR( '', #4010, 1.00000000000000 );
#3421 = CARTESIAN_POINT( '', ( 0.00400000000000000, 0.00210000000000000, 0.00365000000000000 ) );
#3422 = CARTESIAN_POINT( '', ( 0.00400000000001000, 0.00210000000001000, 0.00365000000001000 ) );
#3423 = VECTOR( '', #4011, 1.00000000000000 );
#3424 = CARTESIAN_POINT( '', ( 0.00400000000000000, 0.00210000000000000, -0.00200000000000000 ) );
#3425 = CARTESIAN_POINT( '', ( 0.00400000000001000, 0.00210000000001000, -0.00200000000001000 ) );
#3426 = VECTOR( '', #4012, 1.00000000000000 );
#3427 = CARTESIAN_POINT( '', ( 0.00400000000001000, 0.00210000000001000, -0.00200000000001000 ) );
#3428 = VECTOR( '', #4013, 1.00000000000000 );
#3429 = CARTESIAN_POINT( '', ( -0.00315000000000000, -0.000330000000000000, 0.00355000000000000 ) );
#3430 = CARTESIAN_POINT( '', ( -0.00315000000001000, -0.000330000000010000, 0.00355000000001000 ) );
#3431 = VECTOR( '', #4014, 1.00000000000000 );
#3432 = CARTESIAN_POINT( '', ( -0.00325000000000000, -0.000230000000000000, 0.00365000000000000 ) );
#3433 = CARTESIAN_POINT( '', ( -0.00325000000001000, -0.000230000000010000, 0.00365000000001000 ) );
#3434 = VECTOR( '', #4015, 1.00000000000000 );
#3435 = CARTESIAN_POINT( '', ( -0.00325000000001000, -0.000230000000010000, 0.00365000000001000 ) );
#3436 = VECTOR( '', #4016, 1.00000000000000 );
#3437 = CARTESIAN_POINT( '', ( 0.00175000000000000, -0.00320000000000000, -0.00260000000000000 ) );
#3438 = CARTESIAN_POINT( '', ( 0.00225000000000000, -0.00320000000000000, -0.00260000000000000 ) );
#3439 = CARTESIAN_POINT( '', ( 0.00175000000001000, -0.00320000000001000, -0.00260000000001000 ) );
#3440 = VECTOR( '', #4017, 1.00000000000000 );
#3441 = AXIS2_PLACEMENT_3D( '', #4018, #4019, #4020 );
#3442 = AXIS2_PLACEMENT_3D( '', #4021, #4022, #4023 );
#3443 = CARTESIAN_POINT( '', ( -0.000300000000010000, 0.000200000000010000, -0.00275000000001000 ) );
#3444 = VECTOR( '', #4024, 1.00000000000000 );
#3445 = CARTESIAN_POINT( '', ( -0.00175000000000000, 0.000200000000000000, -0.00215000000000000 ) );
#3446 = CARTESIAN_POINT( '', ( -0.00170000000001000, 0.000200000000010000, -0.00215000000001000 ) );
#3447 = VECTOR( '', #4025, 1.00000000000000 );
#3448 = CARTESIAN_POINT( '', ( -0.00175000000001000, 0.000200000000010000, -0.00230000000001000 ) );
#3449 = VECTOR( '', #4026, 1.00000000000000 );
#3450 = CARTESIAN_POINT( '', ( -0.00225000000000000, 0.000200000000000000, -0.00215000000000000 ) );
#3451 = CARTESIAN_POINT( '', ( -0.00225000000001000, 0.000200000000010000, -0.00230000000001000 ) );
#3452 = VECTOR( '', #4027, 1.00000000000000 );
#3453 = CARTESIAN_POINT( '', ( -0.00225000000001000, 0.000200000000010000, -0.00215000000001000 ) );
#3454 = VECTOR( '', #4028, 1.00000000000000 );
#3455 = CARTESIAN_POINT( '', ( -0.00385000000001000, 0.000200000000010000, -0.00215000000001000 ) );
#3456 = VECTOR( '', #4029, 1.00000000000000 );
#3457 = CARTESIAN_POINT( '', ( -0.00400000000000000, 0.000200000000000000, -0.00200000000000000 ) );
#3458 = CARTESIAN_POINT( '', ( -0.00400000000001000, 0.000200000000010000, -0.00200000000001000 ) );
#3459 = VECTOR( '', #4030, 1.00000000000000 );
#3460 = CARTESIAN_POINT( '', ( 0.00400000000000000, 0.000200000000000000, -0.00200000000000000 ) );
#3461 = CARTESIAN_POINT( '', ( 0.00400000000001000, 0.000200000000010000, -0.00200000000001000 ) );
#3462 = VECTOR( '', #4031, 1.00000000000000 );
#3463 = CARTESIAN_POINT( '', ( 0.00400000000001000, 0.000200000000010000, -0.00200000000001000 ) );
#3464 = VECTOR( '', #4032, 1.00000000000000 );
#3465 = CARTESIAN_POINT( '', ( 0.00385000000000000, 0.000200000000000000, -0.00275000000000000 ) );
#3466 = CARTESIAN_POINT( '', ( 0.00385000000001000, 0.000200000000010000, -0.00215000000001000 ) );
#3467 = VECTOR( '', #4033, 1.00000000000000 );
#3468 = CARTESIAN_POINT( '', ( 0.00385000000001000, 0.000200000000010000, -0.00275000000001000 ) );
#3469 = VECTOR( '', #4034, 1.00000000000000 );
#3470 = CARTESIAN_POINT( '', ( 0.00230000000001000, 0.000200000000010000, -0.00275000000001000 ) );
#3471 = VECTOR( '', #4035, 1.00000000000000 );
#3472 = CARTESIAN_POINT( '', ( 0.00225000000001000, 0.000200000000010000, -0.00230000000001000 ) );
#3473 = VECTOR( '', #4036, 1.00000000000000 );
#3474 = CARTESIAN_POINT( '', ( 0.00175000000000000, 0.000200000000000000, -0.00215000000000000 ) );
#3475 = CARTESIAN_POINT( '', ( 0.00175000000001000, 0.000200000000010000, -0.00230000000001000 ) );
#3476 = VECTOR( '', #4037, 1.00000000000000 );
#3477 = CARTESIAN_POINT( '', ( 0.00175000000001000, 0.000200000000010000, -0.00215000000001000 ) );
#3478 = VECTOR( '', #4038, 1.00000000000000 );
#3479 = CARTESIAN_POINT( '', ( 0.00170000000001000, 0.000200000000010000, -0.00275000000001000 ) );
#3480 = VECTOR( '', #4039, 1.00000000000000 );
#3481 = CARTESIAN_POINT( '', ( 0.000300000000010000, 0.000200000000010000, -0.00215000000001000 ) );
#3482 = VECTOR( '', #4040, 1.00000000000000 );
#3483 = CARTESIAN_POINT( '', ( -0.000250000000000000, 0.000200000000000000, -0.00230000000000000 ) );
#3484 = CARTESIAN_POINT( '', ( -0.000250000000010000, 0.000200000000010000, -0.00230000000001000 ) );
#3485 = VECTOR( '', #4041, 1.00000000000000 );
#3486 = CARTESIAN_POINT( '', ( -0.000250000000000000, 0.000200000000000000, -0.00215000000000000 ) );
#3487 = CARTESIAN_POINT( '', ( -0.000250000000010000, 0.000200000000010000, -0.00230000000001000 ) );
#3488 = VECTOR( '', #4042, 1.00000000000000 );
#3489 = CARTESIAN_POINT( '', ( -0.000250000000010000, 0.000200000000010000, -0.00215000000001000 ) );
#3490 = VECTOR( '', #4043, 1.00000000000000 );
#3491 = CARTESIAN_POINT( '', ( 0.00365000000000000, -0.000170000000000000, 0.00365000000000000 ) );
#3492 = CARTESIAN_POINT( '', ( 0.00355000000000000, -0.000170000000000000, 0.00355000000000000 ) );
#3493 = CARTESIAN_POINT( '', ( 0.00365000000001000, -0.000170000000010000, 0.00365000000001000 ) );
#3494 = VECTOR( '', #4044, 1.00000000000000 );
#3495 = CARTESIAN_POINT( '', ( 0.00355000000000000, -0.00105000000000000, 0.00355000000000000 ) );
#3496 = CARTESIAN_POINT( '', ( 0.00355000000001000, -0.000170000000010000, 0.00355000000001000 ) );
#3497 = VECTOR( '', #4045, 1.00000000000000 );
#3498 = CARTESIAN_POINT( '', ( 0.00365000000000000, -0.00115000000000000, 0.00365000000000000 ) );
#3499 = CARTESIAN_POINT( '', ( 0.00365000000001000, -0.00115000000001000, 0.00365000000001000 ) );
#3500 = VECTOR( '', #4046, 1.00000000000000 );
#3501 = CARTESIAN_POINT( '', ( 0.00365000000001000, -0.000170000000010000, 0.00365000000001000 ) );
#3502 = VECTOR( '', #4047, 1.00000000000000 );
#3503 = CARTESIAN_POINT( '', ( -0.00175000000000000, -0.00400000000000000, -0.00260000000000000 ) );
#3504 = AXIS2_PLACEMENT_3D( '', #4048, #4049, #4050 );
#3505 = CARTESIAN_POINT( '', ( -0.00225000000000000, -0.00400000000000000, -0.00260000000000000 ) );
#3506 = CARTESIAN_POINT( '', ( -0.00225000000001000, -0.00400000000001000, -0.00260000000001000 ) );
#3507 = VECTOR( '', #4051, 1.00000000000000 );
#3508 = AXIS2_PLACEMENT_3D( '', #4052, #4053, #4054 );
#3509 = CARTESIAN_POINT( '', ( -0.00225000000000000, 0.000200000000000000, 0.00305000000000000 ) );
#3510 = CARTESIAN_POINT( '', ( -0.00225000000001000, 0.000200000000010000, 0.00305000000001000 ) );
#3511 = VECTOR( '', #4055, 1.00000000000000 );
#3512 = CARTESIAN_POINT( '', ( -0.00225000000001000, 0.000200000000010000, -0.000400000000010000 ) );
#3513 = VECTOR( '', #4056, 1.00000000000000 );
#3514 = CARTESIAN_POINT( '', ( -0.00325000000000000, 0.000610000000000000, 0.00365000000000000 ) );
#3515 = CARTESIAN_POINT( '', ( -0.00315000000000000, 0.000710000000000000, 0.00355000000000000 ) );
#3516 = CARTESIAN_POINT( '', ( -0.00325000000001000, 0.000610000000010000, 0.00365000000001000 ) );
#3517 = VECTOR( '', #4057, 1.00000000000000 );
#3518 = CARTESIAN_POINT( '', ( -0.00315000000001000, 0.000710000000010000, 0.00355000000001000 ) );
#3519 = VECTOR( '', #4058, 1.00000000000000 );
#3520 = CARTESIAN_POINT( '', ( -0.00331000000000000, 0.000550000000000000, 0.00365000000000000 ) );
#3521 = CARTESIAN_POINT( '', ( -0.00331000000001000, 0.000550000000010000, 0.00365000000001000 ) );
#3522 = VECTOR( '', #4059, 1.00000000000000 );
#3523 = CARTESIAN_POINT( '', ( -0.00331000000001000, 0.000550000000010000, 0.00365000000001000 ) );
#3524 = VECTOR( '', #4060, 1.00000000000000 );
#3525 = CARTESIAN_POINT( '', ( -0.00175000000000000, 0.000200000000000000, 0.00305000000000000 ) );
#3526 = CARTESIAN_POINT( '', ( -0.00225000000001000, 0.000200000000010000, 0.00305000000001000 ) );
#3527 = VECTOR( '', #4061, 1.00000000000000 );
#3528 = CARTESIAN_POINT( '', ( -0.00175000000000000, 0.000200000000000000, -0.000400000000000000 ) );
#3529 = CARTESIAN_POINT( '', ( -0.00175000000001000, 0.000200000000010000, -0.000400000000010000 ) );
#3530 = VECTOR( '', #4062, 1.00000000000000 );
#3531 = CARTESIAN_POINT( '', ( -0.00225000000001000, 0.000200000000010000, -0.000400000000010000 ) );
#3532 = VECTOR( '', #4063, 1.00000000000000 );
#3533 = CARTESIAN_POINT( '', ( -0.000250000000000000, -0.00560000000000000, -0.00260000000000000 ) );
#3534 = CARTESIAN_POINT( '', ( -0.000250000000010000, -0.00560000000001000, -0.00260000000001000 ) );
#3535 = VECTOR( '', #4064, 1.00000000000000 );
#3536 = CARTESIAN_POINT( '', ( -0.000250000000010000, -0.00560000000001000, -0.00210000000001000 ) );
#3537 = VECTOR( '', #4065, 1.00000000000000 );
#3538 = CARTESIAN_POINT( '', ( 0.00175000000001000, 0.000200000000010000, 0.00305000000001000 ) );
#3539 = VECTOR( '', #4066, 1.00000000000000 );
#3540 = CARTESIAN_POINT( '', ( -0.00200000000001000, -0.00105000000001000, -0.000250000000010000 ) );
#3541 = VECTOR( '', #4067, 1.00000000000000 );
#3542 = CARTESIAN_POINT( '', ( -0.00200000000001000, -0.00105000000001000, -0.000250000000010000 ) );
#3543 = VECTOR( '', #4068, 1.00000000000000 );
#3544 = CARTESIAN_POINT( '', ( -0.00200000000001000, -0.00160000000001000, 0.00200000000001000 ) );
#3545 = VECTOR( '', #4069, 1.00000000000000 );
#3546 = AXIS2_PLACEMENT_3D( '', #4070, #4071, #4072 );
#3547 = CARTESIAN_POINT( '', ( -0.000250000000000000, -0.00412678268764300, -0.00260000000000000 ) );
#3548 = AXIS2_PLACEMENT_3D( '', #4073, #4074, #4075 );
#3549 = CARTESIAN_POINT( '', ( -0.000250000000010000, -0.00560000000001000, -0.00260000000001000 ) );
#3550 = VECTOR( '', #4076, 1.00000000000000 );
#3551 = CARTESIAN_POINT( '', ( -0.000250000000000000, -0.00105000000000000, -0.00210000000000000 ) );
#3552 = CARTESIAN_POINT( '', ( -0.000250000000010000, -0.00105000000001000, -0.00210000000001000 ) );
#3553 = VECTOR( '', #4077, 1.00000000000000 );
#3554 = CARTESIAN_POINT( '', ( -0.000250000000000000, -0.00105000000000000, -0.00215000000000000 ) );
#3555 = CARTESIAN_POINT( '', ( -0.000250000000010000, -0.00105000000001000, -0.00215000000001000 ) );
#3556 = VECTOR( '', #4078, 1.00000000000000 );
#3557 = CARTESIAN_POINT( '', ( -0.000250000000010000, -0.00105000000001000, -0.00215000000001000 ) );
#3558 = VECTOR( '', #4079, 1.00000000000000 );
#3559 = CARTESIAN_POINT( '', ( -0.000250000000000000, 0.000200000000000000, 0.00305000000000000 ) );
#3560 = CARTESIAN_POINT( '', ( -0.000250000000000000, -0.000300000000000000, 0.00305000000000000 ) );
#3561 = CARTESIAN_POINT( '', ( -0.000250000000010000, 0.000200000000010000, 0.00305000000001000 ) );
#3562 = VECTOR( '', #4080, 1.00000000000000 );
#3563 = CARTESIAN_POINT( '', ( -0.000250000000000000, 0.000200000000000000, -0.000400000000000000 ) );
#3564 = CARTESIAN_POINT( '', ( -0.000250000000010000, 0.000200000000010000, -0.000400000000010000 ) );
#3565 = VECTOR( '', #4081, 1.00000000000000 );
#3566 = CARTESIAN_POINT( '', ( -0.000250000000010000, -0.000300000000010000, -0.000400000000010000 ) );
#3567 = VECTOR( '', #4082, 1.00000000000000 );
#3568 = CARTESIAN_POINT( '', ( -0.000250000000010000, -0.000300000000010000, 0.00305000000001000 ) );
#3569 = VECTOR( '', #4083, 1.00000000000000 );
#3570 = CARTESIAN_POINT( '', ( 0.000300000000010000, 0.000200000000010000, -0.00275000000001000 ) );
#3571 = VECTOR( '', #4084, 1.00000000000000 );
#3572 = CARTESIAN_POINT( '', ( 0.000625000000010000, -0.00160000000001000, -0.00365000000001000 ) );
#3573 = VECTOR( '', #4085, 1.00000000000000 );
#3574 = CARTESIAN_POINT( '', ( 0.00315000000000000, -0.00210000000000000, -0.000250000000000000 ) );
#3575 = CARTESIAN_POINT( '', ( 0.00315000000000000, -0.00160000000000000, -0.000250000000000000 ) );
#3576 = CARTESIAN_POINT( '', ( 0.00315000000001000, -0.00210000000001000, -0.000250000000010000 ) );
#3577 = VECTOR( '', #4086, 1.00000000000000 );
#3578 = CARTESIAN_POINT( '', ( 0.00262500000000000, -0.00160000000000000, -0.000250000000000000 ) );
#3579 = CARTESIAN_POINT( '', ( 0.00262500000001000, -0.00160000000001000, -0.000250000000010000 ) );
#3580 = VECTOR( '', #4087, 1.00000000000000 );
#3581 = CARTESIAN_POINT( '', ( 0.00262500000000000, -0.00210000000000000, -0.000250000000000000 ) );
#3582 = CARTESIAN_POINT( '', ( 0.00262500000001000, -0.00210000000001000, -0.000250000000010000 ) );
#3583 = VECTOR( '', #4088, 1.00000000000000 );
#3584 = CARTESIAN_POINT( '', ( 0.00262500000001000, -0.00210000000001000, -0.000250000000010000 ) );
#3585 = VECTOR( '', #4089, 1.00000000000000 );
#3586 = CARTESIAN_POINT( '', ( -0.000250000000010000, -0.00412678268765300, -0.00260000000001000 ) );
#3587 = VECTOR( '', #4090, 1.00000000000000 );
#3588 = CARTESIAN_POINT( '', ( -0.00315000000000000, -0.00160000000000000, -0.000250000000000000 ) );
#3589 = CARTESIAN_POINT( '', ( -0.00315000000001000, -0.00210000000001000, -0.000250000000010000 ) );
#3590 = VECTOR( '', #4091, 1.00000000000000 );
#3591 = CARTESIAN_POINT( '', ( -0.00325000000000000, -0.00160000000000000, 0.00365000000000000 ) );
#3592 = CARTESIAN_POINT( '', ( -0.00325000000001000, -0.00160000000001000, 0.00365000000001000 ) );
#3593 = VECTOR( '', #4092, 1.00000000000000 );
#3594 = CARTESIAN_POINT( '', ( -0.00325000000001000, -0.00210000000001000, 0.00365000000001000 ) );
#3595 = VECTOR( '', #4093, 1.00000000000000 );
#3596 = CARTESIAN_POINT( '', ( -0.00355000000001000, -0.00105000000001000, 0.00355000000001000 ) );
#3597 = VECTOR( '', #4094, 1.00000000000000 );
#3598 = CARTESIAN_POINT( '', ( 0.00355000000001000, -0.00105000000001000, 0.00355000000001000 ) );
#3599 = VECTOR( '', #4095, 1.00000000000000 );
#3600 = CARTESIAN_POINT( '', ( 0.00200000000001000, -0.00105000000001000, -0.000250000000010000 ) );
#3601 = VECTOR( '', #4096, 1.00000000000000 );
#3602 = CARTESIAN_POINT( '', ( 0.000250000000000000, 0.000200000000000000, 0.00305000000000000 ) );
#3603 = CARTESIAN_POINT( '', ( 0.000250000000010000, 0.000200000000010000, -0.000400000000010000 ) );
#3604 = VECTOR( '', #4097, 1.00000000000000 );
#3605 = CARTESIAN_POINT( '', ( 0.000250000000000000, -0.000300000000000000, 0.00305000000000000 ) );
#3606 = CARTESIAN_POINT( '', ( 0.000250000000010000, 0.000200000000010000, 0.00305000000001000 ) );
#3607 = VECTOR( '', #4098, 1.00000000000000 );
#3608 = CARTESIAN_POINT( '', ( 0.000250000000010000, -0.000300000000010000, 0.00305000000001000 ) );
#3609 = VECTOR( '', #4099, 1.00000000000000 );
#3610 = CARTESIAN_POINT( '', ( -0.00225000000000000, -0.00412678268764300, -0.00210000000000000 ) );
#3611 = CARTESIAN_POINT( '', ( -0.00175000000000000, -0.00412678268764300, -0.00210000000000000 ) );
#3612 = CARTESIAN_POINT( '', ( -0.00225000000001000, -0.00412678268765300, -0.00210000000001000 ) );
#3613 = VECTOR( '', #4100, 1.00000000000000 );
#3614 = AXIS2_PLACEMENT_3D( '', #4101, #4102, #4103 );
#3615 = AXIS2_PLACEMENT_3D( '', #4104, #4105, #4106 );
#3616 = CARTESIAN_POINT( '', ( 0.00225000000001000, -0.00320000000001000, -0.00260000000001000 ) );
#3617 = VECTOR( '', #4107, 1.00000000000000 );
#3618 = CARTESIAN_POINT( '', ( 0.00175000000001000, -0.00320000000001000, -0.00260000000001000 ) );
#3619 = VECTOR( '', #4108, 1.00000000000000 );
#3620 = CARTESIAN_POINT( '', ( 0.00225000000000000, -0.00160000000000000, -0.00210000000000000 ) );
#3621 = CARTESIAN_POINT( '', ( 0.00225000000001000, -0.00160000000001000, -0.00210000000001000 ) );
#3622 = VECTOR( '', #4109, 1.00000000000000 );
#3623 = CARTESIAN_POINT( '', ( 0.00225000000001000, -0.00160000000001000, -0.00210000000001000 ) );
#3624 = VECTOR( '', #4110, 1.00000000000000 );
#3625 = CARTESIAN_POINT( '', ( 0.00225000000001000, -0.00412678268765300, -0.00210000000001000 ) );
#3626 = VECTOR( '', #4111, 1.00000000000000 );
#3627 = CARTESIAN_POINT( '', ( 0.00200000000000000, -0.00160000000000000, -0.00210000000000000 ) );
#3628 = CARTESIAN_POINT( '', ( 0.00200000000001000, -0.00160000000001000, -0.00210000000001000 ) );
#3629 = VECTOR( '', #4112, 1.00000000000000 );
#3630 = CARTESIAN_POINT( '', ( 0.00200000000000000, -0.00105000000000000, -0.00210000000000000 ) );
#3631 = CARTESIAN_POINT( '', ( 0.00200000000001000, -0.00105000000001000, -0.00210000000001000 ) );
#3632 = VECTOR( '', #4113, 1.00000000000000 );
#3633 = CARTESIAN_POINT( '', ( 0.00200000000001000, -0.00105000000001000, -0.00210000000001000 ) );
#3634 = VECTOR( '', #4114, 1.00000000000000 );
#3635 = CARTESIAN_POINT( '', ( 0.00331000000000000, 0.000550000000000000, 0.00365000000000000 ) );
#3636 = CARTESIAN_POINT( '', ( 0.00331000000001000, 0.000550000000010000, 0.00365000000001000 ) );
#3637 = VECTOR( '', #4115, 1.00000000000000 );
#3638 = CARTESIAN_POINT( '', ( 0.00315000000001000, 0.000710000000010000, 0.00355000000001000 ) );
#3639 = VECTOR( '', #4116, 1.00000000000000 );
#3640 = CARTESIAN_POINT( '', ( 0.00325000000001000, 0.000610000000010000, 0.00365000000001000 ) );
#3641 = VECTOR( '', #4117, 1.00000000000000 );
#3642 = CARTESIAN_POINT( '', ( -0.000250000000010000, 0.000200000000010000, -0.000400000000010000 ) );
#3643 = VECTOR( '', #4118, 1.00000000000000 );
#3644 = CARTESIAN_POINT( '', ( -0.00175000000001000, 0.000200000000010000, 0.00305000000001000 ) );
#3645 = VECTOR( '', #4119, 1.00000000000000 );
#3646 = CARTESIAN_POINT( '', ( -0.00175000000001000, -0.000300000000010000, -0.000400000000010000 ) );
#3647 = VECTOR( '', #4120, 1.00000000000000 );
#3648 = CARTESIAN_POINT( '', ( -0.00385000000001000, -0.00210000000001000, -0.00275000000001000 ) );
#3649 = VECTOR( '', #4121, 1.00000000000000 );
#3650 = CARTESIAN_POINT( '', ( -0.00225000000001000, -0.00560000000001000, -0.00260000000001000 ) );
#3651 = VECTOR( '', #4122, 1.00000000000000 );
#3652 = CARTESIAN_POINT( '', ( -0.00225000000001000, -0.00412678268765300, -0.00210000000001000 ) );
#3653 = VECTOR( '', #4123, 1.00000000000000 );
#3654 = CARTESIAN_POINT( '', ( -0.00225000000000000, -0.00160000000000000, -0.00215000000000000 ) );
#3655 = CARTESIAN_POINT( '', ( -0.00225000000001000, -0.00160000000001000, -0.00210000000001000 ) );
#3656 = VECTOR( '', #4124, 1.00000000000000 );
#3657 = CARTESIAN_POINT( '', ( -0.00225000000001000, -0.00160000000001000, -0.00215000000001000 ) );
#3658 = VECTOR( '', #4125, 1.00000000000000 );
#3659 = CARTESIAN_POINT( '', ( -0.00175000000001000, -0.000300000000010000, -0.000400000000010000 ) );
#3660 = VECTOR( '', #4126, 1.00000000000000 );
#3661 = CARTESIAN_POINT( '', ( -0.00175000000001000, 0.000200000000010000, -0.000400000000010000 ) );
#3662 = VECTOR( '', #4127, 1.00000000000000 );
#3663 = CARTESIAN_POINT( '', ( -0.00175000000000000, -0.00105000000000000, -0.00215000000000000 ) );
#3664 = CARTESIAN_POINT( '', ( -0.00175000000001000, -0.00105000000001000, -0.00215000000001000 ) );
#3665 = VECTOR( '', #4128, 1.00000000000000 );
#3666 = CARTESIAN_POINT( '', ( -0.00175000000001000, -0.00412678268765300, -0.00210000000001000 ) );
#3667 = VECTOR( '', #4129, 1.00000000000000 );
#3668 = CARTESIAN_POINT( '', ( -0.00175000000001000, -0.00560000000001000, -0.00260000000001000 ) );
#3669 = VECTOR( '', #4130, 1.00000000000000 );
#3670 = CARTESIAN_POINT( '', ( -0.00175000000001000, 0.000200000000010000, -0.00215000000001000 ) );
#3671 = VECTOR( '', #4131, 1.00000000000000 );
#3672 = CARTESIAN_POINT( '', ( 0.00200000000001000, -0.00160000000001000, -0.00210000000001000 ) );
#3673 = VECTOR( '', #4132, 1.00000000000000 );
#3674 = CARTESIAN_POINT( '', ( 0.00175000000000000, -0.00105000000000000, -0.00210000000000000 ) );
#3675 = CARTESIAN_POINT( '', ( 0.00200000000001000, -0.00105000000001000, -0.00210000000001000 ) );
#3676 = VECTOR( '', #4133, 1.00000000000000 );
#3677 = CARTESIAN_POINT( '', ( 0.00175000000001000, -0.00105000000001000, -0.00210000000001000 ) );
#3678 = VECTOR( '', #4134, 1.00000000000000 );
#3679 = CARTESIAN_POINT( '', ( -0.000250000000010000, 0.000200000000010000, 0.00305000000001000 ) );
#3680 = VECTOR( '', #4135, 1.00000000000000 );
#3681 = CARTESIAN_POINT( '', ( -0.000250000000010000, 0.000200000000010000, -0.000400000000010000 ) );
#3682 = VECTOR( '', #4136, 1.00000000000000 );
#3683 = CARTESIAN_POINT( '', ( 0.00365000000000000, 0.000550000000000000, 0.00365000000000000 ) );
#3684 = CARTESIAN_POINT( '', ( 0.00365000000001000, 0.000550000000010000, 0.00365000000001000 ) );
#3685 = VECTOR( '', #4137, 1.00000000000000 );
#3686 = CARTESIAN_POINT( '', ( 0.00331000000001000, 0.000550000000010000, 0.00365000000001000 ) );
#3687 = VECTOR( '', #4138, 1.00000000000000 );
#3688 = CARTESIAN_POINT( '', ( -0.000250000000010000, -0.00105000000001000, -0.00215000000001000 ) );
#3689 = VECTOR( '', #4139, 1.00000000000000 );
#3690 = CARTESIAN_POINT( '', ( -0.00365000000000000, 0.000550000000000000, 0.00365000000000000 ) );
#3691 = CARTESIAN_POINT( '', ( -0.00365000000001000, 0.000550000000010000, 0.00365000000001000 ) );
#3692 = VECTOR( '', #4140, 1.00000000000000 );
#3693 = CARTESIAN_POINT( '', ( -0.00365000000001000, 0.000550000000010000, 0.00365000000001000 ) );
#3694 = VECTOR( '', #4141, 1.00000000000000 );
#3695 = CARTESIAN_POINT( '', ( 0.00262500000001000, -0.00210000000001000, -0.00365000000001000 ) );
#3696 = VECTOR( '', #4142, 1.00000000000000 );
#3697 = CARTESIAN_POINT( '', ( 0.00262500000001000, -0.00160000000001000, -0.000250000000010000 ) );
#3698 = VECTOR( '', #4143, 1.00000000000000 );
#3699 = CARTESIAN_POINT( '', ( -0.00365000000001000, -0.00115000000001000, 0.00365000000001000 ) );
#3700 = VECTOR( '', #4144, 1.00000000000000 );
#3701 = CARTESIAN_POINT( '', ( -0.00315000000001000, 0.000710000000010000, 0.00355000000001000 ) );
#3702 = VECTOR( '', #4145, 1.00000000000000 );
#3703 = CARTESIAN_POINT( '', ( -0.00325000000001000, 0.000610000000010000, 0.00365000000001000 ) );
#3704 = VECTOR( '', #4146, 1.00000000000000 );
#3705 = CARTESIAN_POINT( '', ( -0.00170000000001000, -0.00105000000001000, -0.00215000000001000 ) );
#3706 = VECTOR( '', #4147, 1.00000000000000 );
#3707 = CARTESIAN_POINT( '', ( 0.00325000000000000, -0.00160000000000000, 0.00365000000000000 ) );
#3708 = CARTESIAN_POINT( '', ( 0.00315000000001000, -0.00160000000001000, -0.000250000000010000 ) );
#3709 = VECTOR( '', #4148, 1.00000000000000 );
#3710 = CARTESIAN_POINT( '', ( 0.00325000000000000, -0.00210000000000000, 0.00365000000000000 ) );
#3711 = CARTESIAN_POINT( '', ( 0.00315000000001000, -0.00210000000001000, -0.000250000000010000 ) );
#3712 = VECTOR( '', #4149, 1.00000000000000 );
#3713 = CARTESIAN_POINT( '', ( 0.00325000000001000, -0.00210000000001000, 0.00365000000001000 ) );
#3714 = VECTOR( '', #4150, 1.00000000000000 );
#3715 = CARTESIAN_POINT( '', ( -0.00365000000001000, 0.00210000000001000, 0.00365000000001000 ) );
#3716 = VECTOR( '', #4151, 1.00000000000000 );
#3717 = CARTESIAN_POINT( '', ( 0.00225000000001000, -0.000300000000010000, -0.000400000000010000 ) );
#3718 = VECTOR( '', #4152, 1.00000000000000 );
#3719 = CARTESIAN_POINT( '', ( 0.00230000000001000, -0.00160000000001000, -0.00275000000001000 ) );
#3720 = VECTOR( '', #4153, 1.00000000000000 );
#3721 = CARTESIAN_POINT( '', ( 0.00175000000001000, -0.00412678268765300, -0.00210000000001000 ) );
#3722 = VECTOR( '', #4154, 1.00000000000000 );
#3723 = CARTESIAN_POINT( '', ( 0.00400000000000000, -0.00210000000000000, 0.00365000000000000 ) );
#3724 = CARTESIAN_POINT( '', ( 0.00325000000001000, -0.00210000000001000, 0.00365000000001000 ) );
#3725 = VECTOR( '', #4155, 1.00000000000000 );
#3726 = CARTESIAN_POINT( '', ( 0.00400000000001000, -0.00210000000001000, 0.00365000000001000 ) );
#3727 = VECTOR( '', #4156, 1.00000000000000 );
#3728 = CARTESIAN_POINT( '', ( 0.00365000000001000, 0.00210000000001000, 0.00365000000001000 ) );
#3729 = VECTOR( '', #4157, 1.00000000000000 );
#3730 = CARTESIAN_POINT( '', ( 0.00365000000001000, -0.000170000000010000, 0.00365000000001000 ) );
#3731 = VECTOR( '', #4158, 1.00000000000000 );
#3732 = CARTESIAN_POINT( '', ( -0.00400000000001000, 0.00210000000001000, 0.00365000000001000 ) );
#3733 = VECTOR( '', #4159, 1.00000000000000 );
#3734 = CARTESIAN_POINT( '', ( -0.00325000000001000, -0.00160000000001000, 0.00365000000001000 ) );
#3735 = VECTOR( '', #4160, 1.00000000000000 );
#3736 = CARTESIAN_POINT( '', ( -0.00262500000000000, -0.00160000000000000, -0.000250000000000000 ) );
#3737 = CARTESIAN_POINT( '', ( -0.00262500000001000, -0.00160000000001000, -0.000250000000010000 ) );
#3738 = VECTOR( '', #4161, 1.00000000000000 );
#3739 = CARTESIAN_POINT( '', ( -0.00315000000001000, -0.00160000000001000, -0.000250000000010000 ) );
#3740 = VECTOR( '', #4162, 1.00000000000000 );
#3741 = CARTESIAN_POINT( '', ( 0.00355000000001000, -0.000170000000010000, 0.00355000000001000 ) );
#3742 = VECTOR( '', #4163, 1.00000000000000 );
#3743 = CARTESIAN_POINT( '', ( -0.00262500000001000, -0.00160000000001000, -0.000250000000010000 ) );
#3744 = VECTOR( '', #4164, 1.00000000000000 );
#3745 = CARTESIAN_POINT( '', ( -0.000250000000010000, -0.000300000000010000, 0.00305000000001000 ) );
#3746 = VECTOR( '', #4165, 1.00000000000000 );
#3747 = CARTESIAN_POINT( '', ( 0.00385000000000000, -0.00210000000000000, -0.00275000000000000 ) );
#3748 = CARTESIAN_POINT( '', ( 0.00385000000001000, -0.00210000000001000, -0.00275000000001000 ) );
#3749 = VECTOR( '', #4166, 1.00000000000000 );
#3750 = CARTESIAN_POINT( '', ( 0.00385000000001000, -0.00210000000001000, -0.00215000000001000 ) );
#3751 = VECTOR( '', #4167, 1.00000000000000 );
#3752 = CARTESIAN_POINT( '', ( 0.00385000000001000, 0.000200000000010000, -0.00275000000001000 ) );
#3753 = VECTOR( '', #4168, 1.00000000000000 );
#3754 = CARTESIAN_POINT( '', ( 0.00385000000001000, -0.00210000000001000, -0.00275000000001000 ) );
#3755 = VECTOR( '', #4169, 1.00000000000000 );
#3756 = CARTESIAN_POINT( '', ( -0.00400000000001000, 0.00210000000001000, -0.00200000000001000 ) );
#3757 = VECTOR( '', #4170, 1.00000000000000 );
#3758 = CARTESIAN_POINT( '', ( 0.00400000000001000, 0.00210000000001000, -0.00200000000001000 ) );
#3759 = VECTOR( '', #4171, 1.00000000000000 );
#3760 = CARTESIAN_POINT( '', ( 0.00400000000001000, -0.00210000000001000, -0.00215000000001000 ) );
#3761 = VECTOR( '', #4172, 1.00000000000000 );
#3762 = CARTESIAN_POINT( '', ( -0.000250000000010000, -0.00105000000001000, -0.00210000000001000 ) );
#3763 = VECTOR( '', #4173, 1.00000000000000 );
#3764 = CARTESIAN_POINT( '', ( 0.000300000000010000, -0.00105000000001000, -0.00215000000001000 ) );
#3765 = VECTOR( '', #4174, 1.00000000000000 );
#3766 = CARTESIAN_POINT( '', ( 0.00175000000000000, -0.00105000000000000, -0.00215000000000000 ) );
#3767 = CARTESIAN_POINT( '', ( 0.00170000000001000, -0.00105000000001000, -0.00215000000001000 ) );
#3768 = VECTOR( '', #4175, 1.00000000000000 );
#3769 = CARTESIAN_POINT( '', ( 0.00175000000001000, -0.00105000000001000, -0.00215000000001000 ) );
#3770 = VECTOR( '', #4176, 1.00000000000000 );
#3771 = CARTESIAN_POINT( '', ( -0.00170000000001000, -0.00105000000001000, -0.00215000000001000 ) );
#3772 = VECTOR( '', #4177, 1.00000000000000 );
#3773 = CARTESIAN_POINT( '', ( -0.00225000000001000, -0.00160000000001000, -0.00215000000001000 ) );
#3774 = VECTOR( '', #4178, 1.00000000000000 );
#3775 = CARTESIAN_POINT( '', ( -0.00170000000001000, -0.00160000000001000, -0.00215000000001000 ) );
#3776 = VECTOR( '', #4179, 1.00000000000000 );
#3777 = CARTESIAN_POINT( '', ( 0.00175000000001000, -0.00105000000001000, -0.00215000000001000 ) );
#3778 = VECTOR( '', #4180, 1.00000000000000 );
#3779 = DIRECTION( '', ( 1.00000000000000, 0.000000000000000, 0.000000000000000 ) );
#3780 = DIRECTION( '', ( 0.000000000000000, 1.00000000000000, 0.000000000000000 ) );
#3781 = DIRECTION( '', ( 1.00000000000000, 0.000000000000000, 0.000000000000000 ) );
#3782 = DIRECTION( '', ( 0.000000000000000, 1.00000000000000, 0.000000000000000 ) );
#3783 = DIRECTION( '', ( 0.000000000000000, 1.00000000000000, 0.000000000000000 ) );
#3784 = DIRECTION( '', ( -1.00000000000000, 0.000000000000000, 0.000000000000000 ) );
#3785 = DIRECTION( '', ( 0.000000000000000, 1.00000000000000, 0.000000000000000 ) );
#3786 = DIRECTION( '', ( 1.00000000000000, 0.000000000000000, 0.000000000000000 ) );
#3787 = DIRECTION( '', ( 0.000000000000000, 1.00000000000000, 0.000000000000000 ) );
#3788 = DIRECTION( '', ( -1.00000000000000, 0.000000000000000, 0.000000000000000 ) );
#3789 = DIRECTION( '', ( 0.000000000000000, 1.00000000000000, 0.000000000000000 ) );
#3790 = DIRECTION( '', ( 1.00000000000000, 0.000000000000000, 0.000000000000000 ) );
#3791 = DIRECTION( '', ( 0.000000000000000, 1.00000000000000, 0.000000000000000 ) );
#3792 = DIRECTION( '', ( 0.000000000000000, 1.00000000000000, 0.000000000000000 ) );
#3793 = DIRECTION( '', ( 1.00000000000000, 0.000000000000000, 0.000000000000000 ) );
#3794 = DIRECTION( '', ( 0.000000000000000, 1.00000000000000, 0.000000000000000 ) );
#3795 = DIRECTION( '', ( 1.00000000000000, 0.000000000000000, 0.000000000000000 ) );
#3796 = DIRECTION( '', ( 0.000000000000000, 1.00000000000000, 0.000000000000000 ) );
#3797 = DIRECTION( '', ( 1.00000000000000, 0.000000000000000, 0.000000000000000 ) );
#3798 = CARTESIAN_POINT( '', ( 0.00225000000001000, -0.000100000000010000, -0.00230000000001000 ) );
#3799 = DIRECTION( '', ( 1.00000000000000, -0.000000000000000, 0.000000000000000 ) );
#3800 = DIRECTION( '', ( 0.000000000000000, 0.000000000000000, -1.00000000000000 ) );
#3801 = DIRECTION( '', ( 1.00000000000000, 0.000000000000000, 0.000000000000000 ) );
#3802 = CARTESIAN_POINT( '', ( 0.00175000000001000, -0.000100000000010000, -0.00230000000001000 ) );
#3803 = DIRECTION( '', ( 1.00000000000000, -0.000000000000000, 0.000000000000000 ) );
#3804 = DIRECTION( '', ( 0.000000000000000, 0.000000000000000, -1.00000000000000 ) );
#3805 = DIRECTION( '', ( -0.339644463783500, 0.000000000000000, 0.940553899689549 ) );
#3806 = DIRECTION( '', ( 0.000000000000000, 1.00000000000000, 0.000000000000000 ) );
#3807 = DIRECTION( '', ( 0.247405955122971, -0.685124183403889, -0.685124183403889 ) );
#3808 = DIRECTION( '', ( 0.000000000000000, 0.000000000000000, -1.00000000000000 ) );
#3809 = DIRECTION( '', ( 0.000000000000000, -1.00000000000000, 0.000000000000000 ) );
#3810 = DIRECTION( '', ( 0.000000000000000, 0.000000000000000, -1.00000000000000 ) );
#3811 = DIRECTION( '', ( 0.000000000000000, -1.00000000000000, 0.000000000000000 ) );
#3812 = DIRECTION( '', ( 1.00000000000000, 0.000000000000000, 0.000000000000000 ) );
#3813 = DIRECTION( '', ( 0.000000000000000, 1.00000000000000, 0.000000000000000 ) );
#3814 = DIRECTION( '', ( 1.00000000000000, 0.000000000000000, 0.000000000000000 ) );
#3815 = DIRECTION( '', ( 0.000000000000000, -1.00000000000000, 0.000000000000000 ) );
#3816 = DIRECTION( '', ( 1.00000000000000, 0.000000000000000, 0.000000000000000 ) );
#3817 = DIRECTION( '', ( 0.000000000000000, 1.00000000000000, 0.000000000000000 ) );
#3818 = DIRECTION( '', ( 1.00000000000000, 0.000000000000000, 0.000000000000000 ) );
#3819 = DIRECTION( '', ( 0.000000000000000, 1.00000000000000, 0.000000000000000 ) );
#3820 = DIRECTION( '', ( 0.000000000000000, 1.00000000000000, 0.000000000000000 ) );
#3821 = DIRECTION( '', ( 0.000000000000000, 0.000000000000000, 1.00000000000000 ) );
#3822 = DIRECTION( '', ( 0.000000000000000, -1.00000000000000, 0.000000000000000 ) );
#3823 = DIRECTION( '', ( 0.000000000000000, 0.000000000000000, -1.00000000000000 ) );
#3824 = DIRECTION( '', ( -0.408248290481957, 0.408248290482057, 0.816496580909582 ) );
#3825 = DIRECTION( '', ( 0.000000000000000, -1.00000000000000, 0.000000000000000 ) );
#3826 = DIRECTION( '', ( -0.408248290482057, -0.408248290481957, 0.816496580909582 ) );
#3827 = DIRECTION( '', ( 0.000000000000000, 1.00000000000000, 0.000000000000000 ) );
#3828 = DIRECTION( '', ( 0.000000000000000, 1.00000000000000, 0.000000000000000 ) );
#3829 = DIRECTION( '', ( 0.000000000000000, 0.000000000000000, 1.00000000000000 ) );
#3830 = DIRECTION( '', ( 0.000000000000000, 0.000000000000000, 1.00000000000000 ) );
#3831 = DIRECTION( '', ( 0.000000000000000, 1.00000000000000, 0.000000000000000 ) );
#3832 = DIRECTION( '', ( -0.408248290482057, -0.408248290481957, 0.816496580909582 ) );
#3833 = DIRECTION( '', ( 1.00000000000000, 0.000000000000000, 0.000000000000000 ) );
#3834 = DIRECTION( '', ( 0.408248290482057, -0.408248290481957, 0.816496580909582 ) );
#3835 = DIRECTION( '', ( 1.00000000000000, 0.000000000000000, 0.000000000000000 ) );
#3836 = DIRECTION( '', ( -0.247405955122971, -0.685124183403889, -0.685124183403889 ) );
#3837 = DIRECTION( '', ( 0.000000000000000, 1.00000000000000, 0.000000000000000 ) );
#3838 = DIRECTION( '', ( -0.339644463783500, 0.000000000000000, -0.940553899689549 ) );
#3839 = DIRECTION( '', ( -0.577350269189626, -0.577350269189626, -0.577350269189626 ) );
#3840 = DIRECTION( '', ( 0.000000000000000, 0.000000000000000, -1.00000000000000 ) );
#3841 = DIRECTION( '', ( -0.707106781186548, -0.707106781186548, 0.000000000000000 ) );
#3842 = DIRECTION( '', ( 0.000000000000000, 0.000000000000000, -1.00000000000000 ) );
#3843 = DIRECTION( '', ( -0.707106781186498, -0.707106781186598, 0.000000000000000 ) );
#3844 = DIRECTION( '', ( 1.00000000000000, 0.000000000000000, 0.000000000000000 ) );
#3845 = CARTESIAN_POINT( '', ( 0.000250000000010000, -0.00360000000001000, -0.00180000000001000 ) );
#3846 = DIRECTION( '', ( -1.00000000000000, 0.000000000000000, -0.000000000000000 ) );
#3847 = DIRECTION( '', ( 0.000000000000000, 0.799999999997600, -0.600000000003200 ) );
#3848 = DIRECTION( '', ( 1.00000000000000, 0.000000000000000, 0.000000000000000 ) );
#3849 = CARTESIAN_POINT( '', ( -0.000250000000010000, -0.00360000000001000, -0.00180000000001000 ) );
#3850 = DIRECTION( '', ( -1.00000000000000, 0.000000000000000, -0.000000000000000 ) );
#3851 = DIRECTION( '', ( 0.000000000000000, 0.799999999997600, -0.600000000003200 ) );
#3852 = DIRECTION( '', ( 0.000000000000000, 1.00000000000000, 0.000000000000000 ) );
#3853 = DIRECTION( '', ( -1.00000000000000, 0.000000000000000, 0.000000000000000 ) );
#3854 = DIRECTION( '', ( 0.000000000000000, 1.00000000000000, 0.000000000000000 ) );
#3855 = DIRECTION( '', ( -1.00000000000000, 0.000000000000000, 0.000000000000000 ) );
#3856 = DIRECTION( '', ( 1.00000000000000, 0.000000000000000, 0.000000000000000 ) );
#3857 = DIRECTION( '', ( 0.000000000000000, 1.00000000000000, 0.000000000000000 ) );
#3858 = DIRECTION( '', ( 1.00000000000000, 0.000000000000000, 0.000000000000000 ) );
#3859 = DIRECTION( '', ( 0.000000000000000, 1.00000000000000, 0.000000000000000 ) );
#3860 = DIRECTION( '', ( 0.000000000000000, 1.00000000000000, 0.000000000000000 ) );
#3861 = DIRECTION( '', ( -1.00000000000000, 0.000000000000000, 0.000000000000000 ) );
#3862 = DIRECTION( '', ( 0.000000000000000, 1.00000000000000, 0.000000000000000 ) );
#3863 = DIRECTION( '', ( -1.00000000000000, 0.000000000000000, 0.000000000000000 ) );
#3864 = DIRECTION( '', ( 0.000000000000000, 0.000000000000000, -1.00000000000000 ) );
#3865 = DIRECTION( '', ( 0.000000000000000, 0.000000000000000, 1.00000000000000 ) );
#3866 = DIRECTION( '', ( 0.000000000000000, 1.00000000000000, 0.000000000000000 ) );
#3867 = DIRECTION( '', ( 0.000000000000000, 1.00000000000000, 0.000000000000000 ) );
#3868 = DIRECTION( '', ( 1.00000000000000, 0.000000000000000, 0.000000000000000 ) );
#3869 = DIRECTION( '', ( 0.000000000000000, 0.000000000000000, -1.00000000000000 ) );
#3870 = DIRECTION( '', ( 1.00000000000000, 0.000000000000000, 0.000000000000000 ) );
#3871 = DIRECTION( '', ( 0.000000000000000, 0.000000000000000, -1.00000000000000 ) );
#3872 = DIRECTION( '', ( -0.339644463783500, 0.000000000000000, 0.940553899689549 ) );
#3873 = DIRECTION( '', ( 0.000000000000000, 1.00000000000000, 0.000000000000000 ) );
#3874 = DIRECTION( '', ( 0.247405955122971, -0.685124183403889, -0.685124183403889 ) );
#3875 = DIRECTION( '', ( 0.577350269189626, 0.577350269189626, -0.577350269189626 ) );
#3876 = DIRECTION( '', ( 0.000000000000000, -1.00000000000000, 0.000000000000000 ) );
#3877 = DIRECTION( '', ( 0.707106781186548, 0.000000000000000, -0.707106781186548 ) );
#3878 = DIRECTION( '', ( 0.000000000000000, -1.00000000000000, 0.000000000000000 ) );
#3879 = DIRECTION( '', ( 1.00000000000000, 0.000000000000000, 0.000000000000000 ) );
#3880 = DIRECTION( '', ( 1.00000000000000, 0.000000000000000, 0.000000000000000 ) );
#3881 = DIRECTION( '', ( 0.000000000000000, 1.00000000000000, 0.000000000000000 ) );
#3882 = DIRECTION( '', ( -1.00000000000000, 0.000000000000000, 0.000000000000000 ) );
#3883 = DIRECTION( '', ( 0.000000000000000, 1.00000000000000, 0.000000000000000 ) );
#3884 = DIRECTION( '', ( 0.707106781186548, -0.707106781186548, 0.000000000000000 ) );
#3885 = DIRECTION( '', ( 1.00000000000000, 0.000000000000000, 0.000000000000000 ) );
#3886 = DIRECTION( '', ( 0.000000000000000, 1.00000000000000, 0.000000000000000 ) );
#3887 = DIRECTION( '', ( 1.00000000000000, 0.000000000000000, 0.000000000000000 ) );
#3888 = DIRECTION( '', ( 1.00000000000000, 0.000000000000000, 0.000000000000000 ) );
#3889 = DIRECTION( '', ( 0.707106781186548, 0.707106781186548, 0.000000000000000 ) );
#3890 = DIRECTION( '', ( 0.000000000000000, -1.00000000000000, 0.000000000000000 ) );
#3891 = DIRECTION( '', ( -0.707106781186548, 0.707106781186548, 0.000000000000000 ) );
#3892 = DIRECTION( '', ( -1.00000000000000, 0.000000000000000, 0.000000000000000 ) );
#3893 = DIRECTION( '', ( 0.000000000000000, -1.00000000000000, 0.000000000000000 ) );
#3894 = DIRECTION( '', ( 1.00000000000000, 0.000000000000000, 0.000000000000000 ) );
#3895 = DIRECTION( '', ( -1.00000000000000, 0.000000000000000, 0.000000000000000 ) );
#3896 = DIRECTION( '', ( 0.000000000000000, 1.00000000000000, 0.000000000000000 ) );
#3897 = DIRECTION( '', ( 0.000000000000000, -1.00000000000000, 0.000000000000000 ) );
#3898 = DIRECTION( '', ( -1.00000000000000, 0.000000000000000, 0.000000000000000 ) );
#3899 = DIRECTION( '', ( 0.000000000000000, 1.00000000000000, 0.000000000000000 ) );
#3900 = DIRECTION( '', ( 1.00000000000000, 0.000000000000000, 0.000000000000000 ) );
#3901 = DIRECTION( '', ( -1.00000000000000, 0.000000000000000, 0.000000000000000 ) );
#3902 = DIRECTION( '', ( 0.000000000000000, 1.00000000000000, 0.000000000000000 ) );
#3903 = DIRECTION( '', ( 1.00000000000000, 0.000000000000000, 0.000000000000000 ) );
#3904 = DIRECTION( '', ( 0.000000000000000, -1.00000000000000, 0.000000000000000 ) );
#3905 = DIRECTION( '', ( 0.000000000000000, -1.00000000000000, 0.000000000000000 ) );
#3906 = DIRECTION( '', ( 0.000000000000000, 0.000000000000000, 1.00000000000000 ) );
#3907 = DIRECTION( '', ( 0.000000000000000, -1.00000000000000, 0.000000000000000 ) );
#3908 = DIRECTION( '', ( 0.000000000000000, -1.00000000000000, 0.000000000000000 ) );
#3909 = DIRECTION( '', ( 0.000000000000000, 0.000000000000000, -1.00000000000000 ) );
#3910 = DIRECTION( '', ( 0.000000000000000, 1.00000000000000, 0.000000000000000 ) );
#3911 = CARTESIAN_POINT( '', ( 0.000250000000010000, -0.00360000000001000, -0.00175000000001000 ) );
#3912 = DIRECTION( '', ( 1.00000000000000, 0.000000000000000, 0.000000000000000 ) );
#3913 = DIRECTION( '', ( 0.000000000000000, -0.526782687645358, -0.849999999998314 ) );
#3914 = CARTESIAN_POINT( '', ( 0.000250000000010000, -0.000100000000010000, -0.00230000000001000 ) );
#3915 = DIRECTION( '', ( 1.00000000000000, -0.000000000000000, 0.000000000000000 ) );
#3916 = DIRECTION( '', ( 0.000000000000000, 0.000000000000000, -1.00000000000000 ) );
#3917 = DIRECTION( '', ( 0.000000000000000, 0.000000000000000, 1.00000000000000 ) );
#3918 = DIRECTION( '', ( 0.000000000000000, 0.000000000000000, -1.00000000000000 ) );
#3919 = DIRECTION( '', ( 0.000000000000000, 0.000000000000000, -1.00000000000000 ) );
#3920 = DIRECTION( '', ( -1.00000000000000, 0.000000000000000, 0.000000000000000 ) );
#3921 = DIRECTION( '', ( 0.408248290481957, 0.408248290482057, 0.816496580909582 ) );
#3922 = DIRECTION( '', ( 0.000000000000000, 1.00000000000000, 0.000000000000000 ) );
#3923 = DIRECTION( '', ( 0.000000000000000, -1.00000000000000, 0.000000000000000 ) );
#3924 = DIRECTION( '', ( 1.00000000000000, 0.000000000000000, 0.000000000000000 ) );
#3925 = DIRECTION( '', ( 0.000000000000000, -1.00000000000000, 0.000000000000000 ) );
#3926 = DIRECTION( '', ( -1.00000000000000, 0.000000000000000, 0.000000000000000 ) );
#3927 = DIRECTION( '', ( 0.000000000000000, -1.00000000000000, 0.000000000000000 ) );
#3928 = DIRECTION( '', ( 1.00000000000000, 0.000000000000000, 0.000000000000000 ) );
#3929 = DIRECTION( '', ( 0.408248290481957, 0.408248290482057, 0.816496580909582 ) );
#3930 = DIRECTION( '', ( 1.00000000000000, 0.000000000000000, 0.000000000000000 ) );
#3931 = DIRECTION( '', ( -0.247405955122971, -0.685124183403889, -0.685124183403889 ) );
#3932 = DIRECTION( '', ( 0.000000000000000, 1.00000000000000, 0.000000000000000 ) );
#3933 = DIRECTION( '', ( -0.339644463783500, 0.000000000000000, -0.940553899689549 ) );
#3934 = DIRECTION( '', ( 0.000000000000000, 1.00000000000000, 0.000000000000000 ) );
#3935 = DIRECTION( '', ( 1.00000000000000, 0.000000000000000, 0.000000000000000 ) );
#3936 = DIRECTION( '', ( 0.000000000000000, 1.00000000000000, 0.000000000000000 ) );
#3937 = DIRECTION( '', ( 1.00000000000000, 0.000000000000000, 0.000000000000000 ) );
#3938 = DIRECTION( '', ( 0.000000000000000, 1.00000000000000, 0.000000000000000 ) );
#3939 = DIRECTION( '', ( 0.000000000000000, 0.000000000000000, 1.00000000000000 ) );
#3940 = DIRECTION( '', ( 0.000000000000000, 1.00000000000000, 0.000000000000000 ) );
#3941 = DIRECTION( '', ( 0.000000000000000, 0.000000000000000, -1.00000000000000 ) );
#3942 = DIRECTION( '', ( 1.00000000000000, 0.000000000000000, 0.000000000000000 ) );
#3943 = DIRECTION( '', ( 0.000000000000000, 1.00000000000000, 0.000000000000000 ) );
#3944 = DIRECTION( '', ( 0.000000000000000, 1.00000000000000, 0.000000000000000 ) );
#3945 = DIRECTION( '', ( 0.000000000000000, 0.000000000000000, -1.00000000000000 ) );
#3946 = DIRECTION( '', ( -0.577350269189626, 0.577350269189626, -0.577350269189626 ) );
#3947 = DIRECTION( '', ( 0.000000000000000, 1.00000000000000, 0.000000000000000 ) );
#3948 = DIRECTION( '', ( 0.000000000000000, 1.00000000000000, 0.000000000000000 ) );
#3949 = DIRECTION( '', ( 1.00000000000000, 0.000000000000000, 0.000000000000000 ) );
#3950 = DIRECTION( '', ( 0.000000000000000, 0.000000000000000, 1.00000000000000 ) );
#3951 = DIRECTION( '', ( 0.000000000000000, 0.000000000000000, 1.00000000000000 ) );
#3952 = DIRECTION( '', ( 1.00000000000000, 0.000000000000000, 0.000000000000000 ) );
#3953 = DIRECTION( '', ( 0.0256326007950454, 0.000000000000000, -0.999671430909417 ) );
#3954 = DIRECTION( '', ( 1.00000000000000, 0.000000000000000, 0.000000000000000 ) );
#3955 = DIRECTION( '', ( 0.000000000000000, 0.000000000000000, 1.00000000000000 ) );
#3956 = DIRECTION( '', ( 0.000000000000000, 0.000000000000000, 1.00000000000000 ) );
#3957 = DIRECTION( '', ( -0.466758619561722, 0.000000000000000, 0.884384752845070 ) );
#3958 = DIRECTION( '', ( 0.000000000000000, 1.00000000000000, 0.000000000000000 ) );
#3959 = DIRECTION( '', ( 0.000000000000000, 0.000000000000000, 1.00000000000000 ) );
#3960 = DIRECTION( '', ( 0.000000000000000, 1.00000000000000, 0.000000000000000 ) );
#3961 = DIRECTION( '', ( 0.000000000000000, 0.000000000000000, 1.00000000000000 ) );
#3962 = DIRECTION( '', ( 0.000000000000000, 0.000000000000000, -1.00000000000000 ) );
#3963 = DIRECTION( '', ( 1.00000000000000, 0.000000000000000, 0.000000000000000 ) );
#3964 = DIRECTION( '', ( 0.000000000000000, 0.000000000000000, -1.00000000000000 ) );
#3965 = DIRECTION( '', ( 1.00000000000000, 0.000000000000000, 0.000000000000000 ) );
#3966 = DIRECTION( '', ( 1.00000000000000, 0.000000000000000, 0.000000000000000 ) );
#3967 = CARTESIAN_POINT( '', ( 0.00225000000001000, -0.00360000000001000, -0.00295000000001000 ) );
#3968 = DIRECTION( '', ( 1.00000000000000, 0.000000000000000, -0.000000000000000 ) );
#3969 = DIRECTION( '', ( 0.000000000000000, 0.526782687645358, 0.849999999998314 ) );
#3970 = DIRECTION( '', ( 1.00000000000000, 0.000000000000000, 0.000000000000000 ) );
#3971 = CARTESIAN_POINT( '', ( 0.00175000000001000, -0.00360000000001000, -0.00295000000001000 ) );
#3972 = DIRECTION( '', ( 1.00000000000000, 0.000000000000000, -0.000000000000000 ) );
#3973 = DIRECTION( '', ( 0.000000000000000, 0.526782687645358, 0.849999999998314 ) );
#3974 = DIRECTION( '', ( 0.000000000000000, 0.000000000000000, -1.00000000000000 ) );
#3975 = DIRECTION( '', ( 0.000000000000000, 0.000000000000000, 1.00000000000000 ) );
#3976 = DIRECTION( '', ( 0.000000000000000, 1.00000000000000, 0.000000000000000 ) );
#3977 = DIRECTION( '', ( -0.408248290481957, 0.408248290482057, 0.816496580909582 ) );
#3978 = DIRECTION( '', ( -0.408248290482057, -0.408248290481957, 0.816496580909582 ) );
#3979 = DIRECTION( '', ( 0.000000000000000, 1.00000000000000, 0.000000000000000 ) );
#3980 = DIRECTION( '', ( 1.00000000000000, 0.000000000000000, 0.000000000000000 ) );
#3981 = DIRECTION( '', ( 1.00000000000000, 0.000000000000000, 0.000000000000000 ) );
#3982 = DIRECTION( '', ( 0.000000000000000, 0.000000000000000, -1.00000000000000 ) );
#3983 = DIRECTION( '', ( -1.00000000000000, 0.000000000000000, 0.000000000000000 ) );
#3984 = DIRECTION( '', ( 0.000000000000000, 1.00000000000000, 0.000000000000000 ) );
#3985 = DIRECTION( '', ( -1.00000000000000, 0.000000000000000, 0.000000000000000 ) );
#3986 = DIRECTION( '', ( 0.000000000000000, -1.00000000000000, 0.000000000000000 ) );
#3987 = DIRECTION( '', ( 0.000000000000000, 0.000000000000000, -1.00000000000000 ) );
#3988 = DIRECTION( '', ( 0.000000000000000, 0.000000000000000, -1.00000000000000 ) );
#3989 = DIRECTION( '', ( 0.000000000000000, -1.00000000000000, 0.000000000000000 ) );
#3990 = DIRECTION( '', ( 1.00000000000000, 0.000000000000000, 0.000000000000000 ) );
#3991 = DIRECTION( '', ( 0.000000000000000, -1.00000000000000, 0.000000000000000 ) );
#3992 = DIRECTION( '', ( 1.00000000000000, 0.000000000000000, 0.000000000000000 ) );
#3993 = DIRECTION( '', ( 0.000000000000000, 0.000000000000000, -1.00000000000000 ) );
#3994 = DIRECTION( '', ( 1.00000000000000, 0.000000000000000, 0.000000000000000 ) );
#3995 = DIRECTION( '', ( 0.000000000000000, 0.000000000000000, -1.00000000000000 ) );
#3996 = DIRECTION( '', ( -0.247405955122971, -0.685124183403889, -0.685124183403889 ) );
#3997 = DIRECTION( '', ( -0.339644463783500, 0.000000000000000, -0.940553899689549 ) );
#3998 = DIRECTION( '', ( 0.349640616616241, -0.662476957792577, -0.662476957792577 ) );
#3999 = DIRECTION( '', ( -1.00000000000000, 0.000000000000000, 0.000000000000000 ) );
#4000 = DIRECTION( '', ( 1.00000000000000, 0.000000000000000, 0.000000000000000 ) );
#4001 = CARTESIAN_POINT( '', ( -0.00175000000001000, -0.000100000000010000, -0.00230000000001000 ) );
#4002 = DIRECTION( '', ( 1.00000000000000, -0.000000000000000, 0.000000000000000 ) );
#4003 = DIRECTION( '', ( 0.000000000000000, 0.000000000000000, -1.00000000000000 ) );
#4004 = CARTESIAN_POINT( '', ( -0.00225000000001000, -0.000100000000010000, -0.00230000000001000 ) );
#4005 = DIRECTION( '', ( 1.00000000000000, -0.000000000000000, 0.000000000000000 ) );
#4006 = DIRECTION( '', ( 0.000000000000000, 0.000000000000000, -1.00000000000000 ) );
#4007 = DIRECTION( '', ( 0.000000000000000, 0.000000000000000, 1.00000000000000 ) );
#4008 = DIRECTION( '', ( -1.00000000000000, 0.000000000000000, 0.000000000000000 ) );
#4009 = DIRECTION( '', ( 0.707106781186548, 0.000000000000000, -0.707106781186548 ) );
#4010 = DIRECTION( '', ( -0.707106781186548, 0.000000000000000, -0.707106781186548 ) );
#4011 = DIRECTION( '', ( -1.00000000000000, 0.000000000000000, 0.000000000000000 ) );
#4012 = DIRECTION( '', ( 0.000000000000000, 0.000000000000000, 1.00000000000000 ) );
#4013 = DIRECTION( '', ( -1.00000000000000, 0.000000000000000, 0.000000000000000 ) );
#4014 = DIRECTION( '', ( 0.000000000000000, 0.000000000000000, -1.00000000000000 ) );
#4015 = DIRECTION( '', ( 0.577350269189626, -0.577350269189626, -0.577350269189626 ) );
#4016 = DIRECTION( '', ( -0.707106781186498, 0.707106781186598, 0.000000000000000 ) );
#4017 = DIRECTION( '', ( 1.00000000000000, 0.000000000000000, 0.000000000000000 ) );
#4018 = CARTESIAN_POINT( '', ( 0.00225000000001000, -0.00360000000001000, -0.00290000000001000 ) );
#4019 = DIRECTION( '', ( -1.00000000000000, 0.000000000000000, 0.000000000000000 ) );
#4020 = DIRECTION( '', ( 0.000000000000000, -0.799999999997600, 0.600000000003200 ) );
#4021 = CARTESIAN_POINT( '', ( 0.00175000000001000, -0.00360000000001000, -0.00290000000001000 ) );
#4022 = DIRECTION( '', ( -1.00000000000000, 0.000000000000000, 0.000000000000000 ) );
#4023 = DIRECTION( '', ( 0.000000000000000, -0.799999999997600, 0.600000000003200 ) );
#4024 = DIRECTION( '', ( -1.00000000000000, 0.000000000000000, 0.000000000000000 ) );
#4025 = DIRECTION( '', ( -1.00000000000000, 0.000000000000000, 0.000000000000000 ) );
#4026 = DIRECTION( '', ( 0.000000000000000, 0.000000000000000, 1.00000000000000 ) );
#4027 = DIRECTION( '', ( 0.000000000000000, 0.000000000000000, 1.00000000000000 ) );
#4028 = DIRECTION( '', ( -1.00000000000000, 0.000000000000000, 0.000000000000000 ) );
#4029 = DIRECTION( '', ( 0.000000000000000, 0.000000000000000, -1.00000000000000 ) );
#4030 = DIRECTION( '', ( 0.000000000000000, 0.000000000000000, -1.00000000000000 ) );
#4031 = DIRECTION( '', ( -1.00000000000000, 0.000000000000000, 0.000000000000000 ) );
#4032 = DIRECTION( '', ( 0.000000000000000, 0.000000000000000, -1.00000000000000 ) );
#4033 = DIRECTION( '', ( 0.000000000000000, 0.000000000000000, -1.00000000000000 ) );
#4034 = DIRECTION( '', ( -1.00000000000000, 0.000000000000000, 0.000000000000000 ) );
#4035 = DIRECTION( '', ( 0.000000000000000, 0.000000000000000, 1.00000000000000 ) );
#4036 = DIRECTION( '', ( 0.000000000000000, 0.000000000000000, 1.00000000000000 ) );
#4037 = DIRECTION( '', ( 0.000000000000000, 0.000000000000000, 1.00000000000000 ) );
#4038 = DIRECTION( '', ( -1.00000000000000, 0.000000000000000, 0.000000000000000 ) );
#4039 = DIRECTION( '', ( -1.00000000000000, 0.000000000000000, 0.000000000000000 ) );
#4040 = DIRECTION( '', ( -1.00000000000000, 0.000000000000000, 0.000000000000000 ) );
#4041 = DIRECTION( '', ( 1.00000000000000, 0.000000000000000, 0.000000000000000 ) );
#4042 = DIRECTION( '', ( 0.000000000000000, 0.000000000000000, 1.00000000000000 ) );
#4043 = DIRECTION( '', ( -1.00000000000000, 0.000000000000000, 0.000000000000000 ) );
#4044 = DIRECTION( '', ( -0.707106781186548, 0.000000000000000, -0.707106781186548 ) );
#4045 = DIRECTION( '', ( 0.000000000000000, -1.00000000000000, 0.000000000000000 ) );
#4046 = DIRECTION( '', ( -0.577350269189626, 0.577350269189626, -0.577350269189626 ) );
#4047 = DIRECTION( '', ( 0.000000000000000, -1.00000000000000, 0.000000000000000 ) );
#4048 = CARTESIAN_POINT( '', ( -0.00175000000001000, -0.00360000000001000, -0.00290000000001000 ) );
#4049 = DIRECTION( '', ( -1.00000000000000, 0.000000000000000, 0.000000000000000 ) );
#4050 = DIRECTION( '', ( 0.000000000000000, -0.799999999997600, 0.600000000003200 ) );
#4051 = DIRECTION( '', ( 1.00000000000000, 0.000000000000000, 0.000000000000000 ) );
#4052 = CARTESIAN_POINT( '', ( -0.00225000000001000, -0.00360000000001000, -0.00290000000001000 ) );
#4053 = DIRECTION( '', ( -1.00000000000000, 0.000000000000000, 0.000000000000000 ) );
#4054 = DIRECTION( '', ( 0.000000000000000, -0.799999999997600, 0.600000000003200 ) );
#4055 = DIRECTION( '', ( 0.000000000000000, -1.00000000000000, 0.000000000000000 ) );
#4056 = DIRECTION( '', ( 0.000000000000000, 0.000000000000000, 1.00000000000000 ) );
#4057 = DIRECTION( '', ( 0.577350269189626, 0.577350269189626, -0.577350269189626 ) );
#4058 = DIRECTION( '', ( 0.000000000000000, 0.000000000000000, -1.00000000000000 ) );
#4059 = DIRECTION( '', ( 0.000000000000000, 0.000000000000000, -1.00000000000000 ) );
#4060 = DIRECTION( '', ( 0.707106781186498, 0.707106781186598, 0.000000000000000 ) );
#4061 = DIRECTION( '', ( 1.00000000000000, 0.000000000000000, 0.000000000000000 ) );
#4062 = DIRECTION( '', ( 0.000000000000000, 0.000000000000000, 1.00000000000000 ) );
#4063 = DIRECTION( '', ( 1.00000000000000, 0.000000000000000, 0.000000000000000 ) );
#4064 = DIRECTION( '', ( 1.00000000000000, 0.000000000000000, 0.000000000000000 ) );
#4065 = DIRECTION( '', ( 0.000000000000000, 0.000000000000000, -1.00000000000000 ) );
#4066 = DIRECTION( '', ( 0.000000000000000, -1.00000000000000, 0.000000000000000 ) );
#4067 = DIRECTION( '', ( 0.000000000000000, 0.000000000000000, -1.00000000000000 ) );
#4068 = DIRECTION( '', ( 0.000000000000000, 0.000000000000000, 1.00000000000000 ) );
#4069 = DIRECTION( '', ( 0.000000000000000, 0.000000000000000, -1.00000000000000 ) );
#4070 = CARTESIAN_POINT( '', ( -0.000250000000010000, -0.000100000000010000, -0.00230000000001000 ) );
#4071 = DIRECTION( '', ( 1.00000000000000, -0.000000000000000, 0.000000000000000 ) );
#4072 = DIRECTION( '', ( 0.000000000000000, 0.000000000000000, -1.00000000000000 ) );
#4073 = CARTESIAN_POINT( '', ( -0.000250000000010000, -0.00360000000001000, -0.00175000000001000 ) );
#4074 = DIRECTION( '', ( 1.00000000000000, 0.000000000000000, 0.000000000000000 ) );
#4075 = DIRECTION( '', ( 0.000000000000000, -0.526782687645358, -0.849999999998314 ) );
#4076 = DIRECTION( '', ( 0.000000000000000, 1.00000000000000, 0.000000000000000 ) );
#4077 = DIRECTION( '', ( 0.000000000000000, -1.00000000000000, 0.000000000000000 ) );
#4078 = DIRECTION( '', ( 0.000000000000000, 0.000000000000000, 1.00000000000000 ) );
#4079 = DIRECTION( '', ( 0.000000000000000, 1.00000000000000, 0.000000000000000 ) );
#4080 = DIRECTION( '', ( 0.000000000000000, -1.00000000000000, 0.000000000000000 ) );
#4081 = DIRECTION( '', ( 0.000000000000000, 0.000000000000000, 1.00000000000000 ) );
#4082 = DIRECTION( '', ( 0.000000000000000, 1.00000000000000, 0.000000000000000 ) );
#4083 = DIRECTION( '', ( 0.000000000000000, 0.000000000000000, -1.00000000000000 ) );
#4084 = DIRECTION( '', ( 0.247405955122971, -0.685124183403889, -0.685124183403889 ) );
#4085 = DIRECTION( '', ( -0.339644463783500, 0.000000000000000, 0.940553899689549 ) );
#4086 = DIRECTION( '', ( 0.000000000000000, 1.00000000000000, 0.000000000000000 ) );
#4087 = DIRECTION( '', ( 1.00000000000000, 0.000000000000000, 0.000000000000000 ) );
#4088 = DIRECTION( '', ( 0.000000000000000, 1.00000000000000, 0.000000000000000 ) );
#4089 = DIRECTION( '', ( 1.00000000000000, 0.000000000000000, 0.000000000000000 ) );
#4090 = DIRECTION( '', ( 1.00000000000000, 0.000000000000000, 0.000000000000000 ) );
#4091 = DIRECTION( '', ( 0.000000000000000, 1.00000000000000, 0.000000000000000 ) );
#4092 = DIRECTION( '', ( 0.0256326007950454, 0.000000000000000, -0.999671430909417 ) );
#4093 = DIRECTION( '', ( 0.000000000000000, 1.00000000000000, 0.000000000000000 ) );
#4094 = DIRECTION( '', ( 1.00000000000000, 0.000000000000000, 0.000000000000000 ) );
#4095 = DIRECTION( '', ( 0.000000000000000, 0.000000000000000, -1.00000000000000 ) );
#4096 = DIRECTION( '', ( 0.000000000000000, 0.000000000000000, 1.00000000000000 ) );
#4097 = DIRECTION( '', ( 0.000000000000000, 0.000000000000000, 1.00000000000000 ) );
#4098 = DIRECTION( '', ( 0.000000000000000, -1.00000000000000, 0.000000000000000 ) );
#4099 = DIRECTION( '', ( 0.000000000000000, 0.000000000000000, -1.00000000000000 ) );
#4100 = DIRECTION( '', ( 1.00000000000000, 0.000000000000000, 0.000000000000000 ) );
#4101 = CARTESIAN_POINT( '', ( -0.00175000000001000, -0.00360000000001000, -0.00295000000001000 ) );
#4102 = DIRECTION( '', ( 1.00000000000000, 0.000000000000000, -0.000000000000000 ) );
#4103 = DIRECTION( '', ( 0.000000000000000, 0.526782687645358, 0.849999999998314 ) );
#4104 = CARTESIAN_POINT( '', ( -0.00225000000001000, -0.00360000000001000, -0.00295000000001000 ) );
#4105 = DIRECTION( '', ( 1.00000000000000, 0.000000000000000, -0.000000000000000 ) );
#4106 = DIRECTION( '', ( 0.000000000000000, 0.526782687645358, 0.849999999998314 ) );
#4107 = DIRECTION( '', ( 0.000000000000000, 1.00000000000000, 0.000000000000000 ) );
#4108 = DIRECTION( '', ( 0.000000000000000, 1.00000000000000, 0.000000000000000 ) );
#4109 = DIRECTION( '', ( 0.000000000000000, 0.000000000000000, -1.00000000000000 ) );
#4110 = DIRECTION( '', ( 0.000000000000000, -1.00000000000000, 0.000000000000000 ) );
#4111 = DIRECTION( '', ( 0.000000000000000, -1.00000000000000, 0.000000000000000 ) );
#4112 = DIRECTION( '', ( 0.000000000000000, 0.000000000000000, 1.00000000000000 ) );
#4113 = DIRECTION( '', ( 0.000000000000000, 0.000000000000000, 1.00000000000000 ) );
#4114 = DIRECTION( '', ( 0.000000000000000, -1.00000000000000, 0.000000000000000 ) );
#4115 = DIRECTION( '', ( 0.000000000000000, 0.000000000000000, -1.00000000000000 ) );
#4116 = DIRECTION( '', ( 0.000000000000000, 0.000000000000000, -1.00000000000000 ) );
#4117 = DIRECTION( '', ( 0.707106781186498, -0.707106781186598, 0.000000000000000 ) );
#4118 = DIRECTION( '', ( -0.408248290481957, 0.408248290482057, 0.816496580909582 ) );
#4119 = DIRECTION( '', ( 0.000000000000000, -1.00000000000000, 0.000000000000000 ) );
#4120 = DIRECTION( '', ( 0.000000000000000, 1.00000000000000, 0.000000000000000 ) );
#4121 = DIRECTION( '', ( 0.000000000000000, 1.00000000000000, 0.000000000000000 ) );
#4122 = DIRECTION( '', ( 0.000000000000000, 1.00000000000000, 0.000000000000000 ) );
#4123 = DIRECTION( '', ( 0.000000000000000, -1.00000000000000, 0.000000000000000 ) );
#4124 = DIRECTION( '', ( 0.000000000000000, 0.000000000000000, -1.00000000000000 ) );
#4125 = DIRECTION( '', ( 0.000000000000000, 1.00000000000000, 0.000000000000000 ) );
#4126 = DIRECTION( '', ( 0.408248290482057, -0.408248290481957, 0.816496580909582 ) );
#4127 = DIRECTION( '', ( 0.408248290481957, 0.408248290482057, 0.816496580909582 ) );
#4128 = DIRECTION( '', ( 0.000000000000000, 0.000000000000000, 1.00000000000000 ) );
#4129 = DIRECTION( '', ( 0.000000000000000, -1.00000000000000, 0.000000000000000 ) );
#4130 = DIRECTION( '', ( 0.000000000000000, 1.00000000000000, 0.000000000000000 ) );
#4131 = DIRECTION( '', ( 0.000000000000000, -1.00000000000000, 0.000000000000000 ) );
#4132 = DIRECTION( '', ( 1.00000000000000, 0.000000000000000, 0.000000000000000 ) );
#4133 = DIRECTION( '', ( -1.00000000000000, 0.000000000000000, 0.000000000000000 ) );
#4134 = DIRECTION( '', ( 0.000000000000000, -1.00000000000000, 0.000000000000000 ) );
#4135 = DIRECTION( '', ( 1.00000000000000, 0.000000000000000, 0.000000000000000 ) );
#4136 = DIRECTION( '', ( 1.00000000000000, 0.000000000000000, 0.000000000000000 ) );
#4137 = DIRECTION( '', ( -0.707106781186548, 0.000000000000000, -0.707106781186548 ) );
#4138 = DIRECTION( '', ( 1.00000000000000, 0.000000000000000, 0.000000000000000 ) );
#4139 = DIRECTION( '', ( -1.00000000000000, 0.000000000000000, 0.000000000000000 ) );
#4140 = DIRECTION( '', ( 0.707106781186548, 0.000000000000000, -0.707106781186548 ) );
#4141 = DIRECTION( '', ( 1.00000000000000, 0.000000000000000, 0.000000000000000 ) );
#4142 = DIRECTION( '', ( 0.000000000000000, 0.000000000000000, 1.00000000000000 ) );
#4143 = DIRECTION( '', ( 0.000000000000000, 0.000000000000000, -1.00000000000000 ) );
#4144 = DIRECTION( '', ( 1.00000000000000, 0.000000000000000, 0.000000000000000 ) );
#4145 = DIRECTION( '', ( 0.000000000000000, -1.00000000000000, 0.000000000000000 ) );
#4146 = DIRECTION( '', ( 0.000000000000000, -1.00000000000000, 0.000000000000000 ) );
#4147 = DIRECTION( '', ( -1.00000000000000, 0.000000000000000, 0.000000000000000 ) );
#4148 = DIRECTION( '', ( 0.0256326007950454, 0.000000000000000, 0.999671430909417 ) );
#4149 = DIRECTION( '', ( 0.0256326007950454, 0.000000000000000, 0.999671430909417 ) );
#4150 = DIRECTION( '', ( 0.000000000000000, 1.00000000000000, 0.000000000000000 ) );
#4151 = DIRECTION( '', ( 0.000000000000000, -1.00000000000000, 0.000000000000000 ) );
#4152 = DIRECTION( '', ( 0.408248290482057, -0.408248290481957, 0.816496580909582 ) );
#4153 = DIRECTION( '', ( 0.000000000000000, 0.000000000000000, 1.00000000000000 ) );
#4154 = DIRECTION( '', ( 0.000000000000000, -1.00000000000000, 0.000000000000000 ) );
#4155 = DIRECTION( '', ( 1.00000000000000, 0.000000000000000, 0.000000000000000 ) );
#4156 = DIRECTION( '', ( 0.000000000000000, 1.00000000000000, 0.000000000000000 ) );
#4157 = DIRECTION( '', ( 0.000000000000000, -1.00000000000000, 0.000000000000000 ) );
#4158 = DIRECTION( '', ( -1.00000000000000, 0.000000000000000, 0.000000000000000 ) );
#4159 = DIRECTION( '', ( 0.000000000000000, -1.00000000000000, 0.000000000000000 ) );
#4160 = DIRECTION( '', ( 1.00000000000000, 0.000000000000000, 0.000000000000000 ) );
#4161 = DIRECTION( '', ( 0.000000000000000, -1.00000000000000, 0.000000000000000 ) );
#4162 = DIRECTION( '', ( 1.00000000000000, 0.000000000000000, 0.000000000000000 ) );
#4163 = DIRECTION( '', ( 0.000000000000000, 0.000000000000000, -1.00000000000000 ) );
#4164 = DIRECTION( '', ( 0.000000000000000, 0.000000000000000, -1.00000000000000 ) );
#4165 = DIRECTION( '', ( 1.00000000000000, 0.000000000000000, 0.000000000000000 ) );
#4166 = DIRECTION( '', ( 0.000000000000000, 1.00000000000000, 0.000000000000000 ) );
#4167 = DIRECTION( '', ( 0.000000000000000, 0.000000000000000, -1.00000000000000 ) );
#4168 = DIRECTION( '', ( -0.349640616616241, -0.662476957792577, -0.662476957792577 ) );
#4169 = DIRECTION( '', ( -0.466758619561722, 0.000000000000000, -0.884384752845070 ) );
#4170 = DIRECTION( '', ( 0.000000000000000, -1.00000000000000, 0.000000000000000 ) );
#4171 = DIRECTION( '', ( 0.000000000000000, -1.00000000000000, 0.000000000000000 ) );
#4172 = DIRECTION( '', ( 0.000000000000000, 0.000000000000000, 1.00000000000000 ) );
#4173 = DIRECTION( '', ( 1.00000000000000, 0.000000000000000, 0.000000000000000 ) );
#4174 = DIRECTION( '', ( -1.00000000000000, 0.000000000000000, 0.000000000000000 ) );
#4175 = DIRECTION( '', ( 1.00000000000000, 0.000000000000000, 0.000000000000000 ) );
#4176 = DIRECTION( '', ( 0.000000000000000, 0.000000000000000, 1.00000000000000 ) );
#4177 = DIRECTION( '', ( 1.00000000000000, 0.000000000000000, 0.000000000000000 ) );
#4178 = DIRECTION( '', ( -1.00000000000000, 0.000000000000000, 0.000000000000000 ) );
#4179 = DIRECTION( '', ( 1.00000000000000, 0.000000000000000, 0.000000000000000 ) );
#4180 = DIRECTION( '', ( 0.000000000000000, 1.00000000000000, 0.000000000000000 ) );
ENDSEC;
END-ISO-10303-21;
