ISO-10303-21;
HEADER;
FILE_DESCRIPTION((''),'2;1');
FILE_NAME('559350330','2016-09-16T',('gsharma'),(''),
'PRO/ENGINEER BY PARAMETRIC TECHNOLOGY CORPORATION, 2012310',
'PRO/ENGINEER BY PARAMETRIC TECHNOLOGY CORPORATION, 2012310','');
FILE_SCHEMA(('CONFIG_CONTROL_DESIGN'));
ENDSEC;
DATA;
#1=DIRECTION('',(0.E0,1.E0,0.E0));
#2=VECTOR('',#1,1.125E1);
#3=CARTESIAN_POINT('',(-5.E0,0.E0,-2.E-1));
#4=LINE('',#3,#2);
#5=DIRECTION('',(0.E0,0.E0,-1.E0));
#6=VECTOR('',#5,8.E-1);
#7=CARTESIAN_POINT('',(-5.E0,0.E0,-2.E-1));
#8=LINE('',#7,#6);
#9=DIRECTION('',(0.E0,1.E0,0.E0));
#10=VECTOR('',#9,5.4E0);
#11=CARTESIAN_POINT('',(-5.E0,0.E0,-1.E0));
#12=LINE('',#11,#10);
#13=DIRECTION('',(0.E0,0.E0,-1.E0));
#14=VECTOR('',#13,1.75E0);
#15=CARTESIAN_POINT('',(-5.E0,5.4E0,-1.E0));
#16=LINE('',#15,#14);
#17=DIRECTION('',(0.E0,1.E0,0.E0));
#18=VECTOR('',#17,1.85E0);
#19=CARTESIAN_POINT('',(-5.E0,5.4E0,-2.75E0));
#20=LINE('',#19,#18);
#21=DIRECTION('',(0.E0,0.E0,-1.E0));
#22=VECTOR('',#21,1.85E0);
#23=CARTESIAN_POINT('',(-5.E0,7.25E0,-2.75E0));
#24=LINE('',#23,#22);
#25=DIRECTION('',(0.E0,-1.E0,0.E0));
#26=VECTOR('',#25,5.2E0);
#27=CARTESIAN_POINT('',(-5.E0,7.25E0,-4.6E0));
#28=LINE('',#27,#26);
#29=DIRECTION('',(0.E0,0.E0,-1.E0));
#30=VECTOR('',#29,1.E0);
#31=CARTESIAN_POINT('',(-5.E0,2.05E0,-4.6E0));
#32=LINE('',#31,#30);
#33=DIRECTION('',(0.E0,-1.E0,0.E0));
#34=VECTOR('',#33,9.2E0);
#35=CARTESIAN_POINT('',(-5.E0,1.125E1,-5.6E0));
#36=LINE('',#35,#34);
#37=DIRECTION('',(0.E0,0.E0,1.E0));
#38=VECTOR('',#37,1.55E0);
#39=CARTESIAN_POINT('',(-5.E0,1.125E1,-5.6E0));
#40=LINE('',#39,#38);
#41=DIRECTION('',(0.E0,-1.E0,0.E0));
#42=VECTOR('',#41,1.5E0);
#43=CARTESIAN_POINT('',(-5.E0,1.125E1,-4.05E0));
#44=LINE('',#43,#42);
#45=CARTESIAN_POINT('',(-5.E0,9.75E0,-3.55E0));
#46=DIRECTION('',(-1.E0,0.E0,0.E0));
#47=DIRECTION('',(0.E0,0.E0,-1.E0));
#48=AXIS2_PLACEMENT_3D('',#45,#46,#47);
#50=DIRECTION('',(0.E0,0.E0,1.E0));
#51=VECTOR('',#50,1.8E0);
#52=CARTESIAN_POINT('',(-5.E0,9.25E0,-3.55E0));
#53=LINE('',#52,#51);
#54=CARTESIAN_POINT('',(-5.E0,9.75E0,-1.75E0));
#55=DIRECTION('',(-1.E0,0.E0,0.E0));
#56=DIRECTION('',(0.E0,-1.E0,0.E0));
#57=AXIS2_PLACEMENT_3D('',#54,#55,#56);
#59=DIRECTION('',(0.E0,1.E0,0.E0));
#60=VECTOR('',#59,1.5E0);
#61=CARTESIAN_POINT('',(-5.E0,9.75E0,-1.25E0));
#62=LINE('',#61,#60);
#63=DIRECTION('',(0.E0,0.E0,1.E0));
#64=VECTOR('',#63,1.05E0);
#65=CARTESIAN_POINT('',(-5.E0,1.125E1,-1.25E0));
#66=LINE('',#65,#64);
#67=CARTESIAN_POINT('',(-4.8E0,1.125E1,-2.E-1));
#68=DIRECTION('',(0.E0,1.E0,0.E0));
#69=DIRECTION('',(-1.E0,0.E0,0.E0));
#70=AXIS2_PLACEMENT_3D('',#67,#68,#69);
#72=DIRECTION('',(1.E0,0.E0,0.E0));
#73=VECTOR('',#72,8.E-1);
#74=CARTESIAN_POINT('',(-5.E0,1.125E1,-1.25E0));
#75=LINE('',#74,#73);
#76=DIRECTION('',(0.E0,0.E0,1.E0));
#77=VECTOR('',#76,4.E-1);
#78=CARTESIAN_POINT('',(-4.2E0,1.125E1,-1.25E0));
#79=LINE('',#78,#77);
#80=CARTESIAN_POINT('',(-4.1E0,1.125E1,-8.5E-1));
#81=DIRECTION('',(0.E0,1.E0,0.E0));
#82=DIRECTION('',(-1.E0,0.E0,-6.439293542826E-14));
#83=AXIS2_PLACEMENT_3D('',#80,#81,#82);
#85=DIRECTION('',(1.E0,0.E0,0.E0));
#86=VECTOR('',#85,2.1E0);
#87=CARTESIAN_POINT('',(-4.1E0,1.125E1,-7.5E-1));
#88=LINE('',#87,#86);
#89=DIRECTION('',(0.E0,0.E0,1.E0));
#90=VECTOR('',#89,6.5E-1);
#91=CARTESIAN_POINT('',(-2.E0,1.125E1,-7.5E-1));
#92=LINE('',#91,#90);
#93=DIRECTION('',(-1.E0,0.E0,0.E0));
#94=VECTOR('',#93,1.25E0);
#95=CARTESIAN_POINT('',(-2.E0,1.125E1,-1.E-1));
#96=LINE('',#95,#94);
#97=DIRECTION('',(0.E0,0.E0,1.E0));
#98=VECTOR('',#97,1.E-1);
#99=CARTESIAN_POINT('',(-3.25E0,1.125E1,-1.E-1));
#100=LINE('',#99,#98);
#101=CARTESIAN_POINT('',(4.8E0,1.125E1,-2.E-1));
#102=DIRECTION('',(0.E0,1.E0,0.E0));
#103=DIRECTION('',(0.E0,0.E0,1.E0));
#104=AXIS2_PLACEMENT_3D('',#101,#102,#103);
#106=DIRECTION('',(0.E0,0.E0,1.E0));
#107=VECTOR('',#106,1.E-1);
#108=CARTESIAN_POINT('',(3.25E0,1.125E1,-1.E-1));
#109=LINE('',#108,#107);
#110=DIRECTION('',(-1.E0,0.E0,0.E0));
#111=VECTOR('',#110,1.25E0);
#112=CARTESIAN_POINT('',(3.25E0,1.125E1,-1.E-1));
#113=LINE('',#112,#111);
#114=DIRECTION('',(0.E0,0.E0,1.E0));
#115=VECTOR('',#114,6.5E-1);
#116=CARTESIAN_POINT('',(2.E0,1.125E1,-7.5E-1));
#117=LINE('',#116,#115);
#118=DIRECTION('',(1.E0,0.E0,0.E0));
#119=VECTOR('',#118,2.1E0);
#120=CARTESIAN_POINT('',(2.E0,1.125E1,-7.5E-1));
#121=LINE('',#120,#119);
#122=CARTESIAN_POINT('',(4.1E0,1.125E1,-8.5E-1));
#123=DIRECTION('',(0.E0,1.E0,0.E0));
#124=DIRECTION('',(-7.105427357601E-14,0.E0,1.E0));
#125=AXIS2_PLACEMENT_3D('',#122,#123,#124);
#127=DIRECTION('',(0.E0,0.E0,1.E0));
#128=VECTOR('',#127,4.E-1);
#129=CARTESIAN_POINT('',(4.2E0,1.125E1,-1.25E0));
#130=LINE('',#129,#128);
#131=DIRECTION('',(1.E0,0.E0,0.E0));
#132=VECTOR('',#131,8.E-1);
#133=CARTESIAN_POINT('',(4.2E0,1.125E1,-1.25E0));
#134=LINE('',#133,#132);
#135=DIRECTION('',(0.E0,1.E0,0.E0));
#136=VECTOR('',#135,1.5E0);
#137=CARTESIAN_POINT('',(4.2E0,9.75E0,-1.25E0));
#138=LINE('',#137,#136);
#139=DIRECTION('',(1.E0,0.E0,0.E0));
#140=VECTOR('',#139,8.E-1);
#141=CARTESIAN_POINT('',(4.2E0,9.75E0,-1.25E0));
#142=LINE('',#141,#140);
#143=DIRECTION('',(0.E0,1.E0,0.E0));
#144=VECTOR('',#143,1.5E0);
#145=CARTESIAN_POINT('',(-4.2E0,9.75E0,-1.25E0));
#146=LINE('',#145,#144);
#147=DIRECTION('',(1.E0,0.E0,0.E0));
#148=VECTOR('',#147,8.E-1);
#149=CARTESIAN_POINT('',(-5.E0,9.75E0,-1.25E0));
#150=LINE('',#149,#148);
#151=CARTESIAN_POINT('',(4.2E0,9.75E0,-1.75E0));
#152=DIRECTION('',(1.E0,0.E0,0.E0));
#153=DIRECTION('',(0.E0,0.E0,1.E0));
#154=AXIS2_PLACEMENT_3D('',#151,#152,#153);
#156=DIRECTION('',(0.E0,-1.E0,0.E0));
#157=VECTOR('',#156,7.E0);
#158=CARTESIAN_POINT('',(4.2E0,1.125E1,-8.5E-1));
#159=LINE('',#158,#157);
#160=DIRECTION('',(1.E0,0.E0,0.E0));
#161=VECTOR('',#160,8.E-1);
#162=CARTESIAN_POINT('',(4.2E0,9.25E0,-1.75E0));
#163=LINE('',#162,#161);
#164=DIRECTION('',(1.E0,0.E0,0.E0));
#165=VECTOR('',#164,8.E-1);
#166=CARTESIAN_POINT('',(-5.E0,9.25E0,-1.75E0));
#167=LINE('',#166,#165);
#168=DIRECTION('',(0.E0,0.E0,1.E0));
#169=VECTOR('',#168,1.6E0);
#170=CARTESIAN_POINT('',(3.5E0,9.25E0,-3.55E0));
#171=LINE('',#170,#169);
#172=DIRECTION('',(1.E0,0.E0,0.E0));
#173=VECTOR('',#172,1.5E0);
#174=CARTESIAN_POINT('',(3.5E0,9.25E0,-3.55E0));
#175=LINE('',#174,#173);
#176=DIRECTION('',(0.E0,0.E0,-1.E0));
#177=VECTOR('',#176,1.E-1);
#178=CARTESIAN_POINT('',(4.2E0,9.25E0,-1.75E0));
#179=LINE('',#178,#177);
#180=CARTESIAN_POINT('',(4.1E0,9.25E0,-1.85E0));
#181=DIRECTION('',(0.E0,1.E0,0.E0));
#182=DIRECTION('',(1.E0,0.E0,1.332267629550E-13));
#183=AXIS2_PLACEMENT_3D('',#180,#181,#182);
#185=DIRECTION('',(-1.E0,0.E0,0.E0));
#186=VECTOR('',#185,6.E-1);
#187=CARTESIAN_POINT('',(4.1E0,9.25E0,-1.95E0));
#188=LINE('',#187,#186);
#189=DIRECTION('',(0.E0,0.E0,1.E0));
#190=VECTOR('',#189,1.6E0);
#191=CARTESIAN_POINT('',(-3.5E0,9.25E0,-3.55E0));
#192=LINE('',#191,#190);
#193=DIRECTION('',(-1.E0,0.E0,0.E0));
#194=VECTOR('',#193,6.E-1);
#195=CARTESIAN_POINT('',(-3.5E0,9.25E0,-1.95E0));
#196=LINE('',#195,#194);
#197=CARTESIAN_POINT('',(-4.1E0,9.25E0,-1.85E0));
#198=DIRECTION('',(0.E0,1.E0,0.E0));
#199=DIRECTION('',(0.E0,0.E0,-1.E0));
#200=AXIS2_PLACEMENT_3D('',#197,#198,#199);
#202=DIRECTION('',(0.E0,0.E0,-1.E0));
#203=VECTOR('',#202,1.E-1);
#204=CARTESIAN_POINT('',(-4.2E0,9.25E0,-1.75E0));
#205=LINE('',#204,#203);
#206=DIRECTION('',(1.E0,0.E0,0.E0));
#207=VECTOR('',#206,1.5E0);
#208=CARTESIAN_POINT('',(-5.E0,9.25E0,-3.55E0));
#209=LINE('',#208,#207);
#210=DIRECTION('',(0.E0,-9.993394979464E-1,3.633961810714E-2));
#211=VECTOR('',#210,5.237330235117E0);
#212=CARTESIAN_POINT('',(3.5E0,1.098387096774E1,-4.940322580645E0));
#213=LINE('',#212,#211);
#214=DIRECTION('',(0.E0,8.574929257125E-1,-5.144957554275E-1));
#215=VECTOR('',#214,3.103571169837E-1);
#216=CARTESIAN_POINT('',(3.5E0,1.098387096774E1,-4.940322580645E0));
#217=LINE('',#216,#215);
#218=DIRECTION('',(0.E0,0.E0,1.E0));
#219=VECTOR('',#218,1.05E0);
#220=CARTESIAN_POINT('',(3.5E0,1.125E1,-5.1E0));
#221=LINE('',#220,#219);
#222=CARTESIAN_POINT('',(3.5E0,9.75E0,-3.55E0));
#223=DIRECTION('',(1.E0,0.E0,0.E0));
#224=DIRECTION('',(0.E0,-1.E0,0.E0));
#225=AXIS2_PLACEMENT_3D('',#222,#223,#224);
#227=DIRECTION('',(0.E0,-1.E0,0.E0));
#228=VECTOR('',#227,5.E0);
#229=CARTESIAN_POINT('',(3.5E0,9.25E0,-1.95E0));
#230=LINE('',#229,#228);
#231=DIRECTION('',(0.E0,1.E0,0.E0));
#232=VECTOR('',#231,1.5E0);
#233=CARTESIAN_POINT('',(3.5E0,4.25E0,-4.75E0));
#234=LINE('',#233,#232);
#235=DIRECTION('',(1.E0,0.E0,0.E0));
#236=VECTOR('',#235,7.1E-1);
#237=CARTESIAN_POINT('',(2.79E0,1.098387096774E1,-4.940322580645E0));
#238=LINE('',#237,#236);
#239=DIRECTION('',(1.E0,0.E0,0.E0));
#240=VECTOR('',#239,2.E-1);
#241=CARTESIAN_POINT('',(-3.19E0,1.175E1,-5.4E0));
#242=LINE('',#241,#240);
#243=DIRECTION('',(1.E0,0.E0,0.E0));
#244=VECTOR('',#243,2.E-1);
#245=CARTESIAN_POINT('',(2.99E0,1.175E1,-5.4E0));
#246=LINE('',#245,#244);
#247=DIRECTION('',(0.E0,0.E0,-1.E0));
#248=VECTOR('',#247,1.15E0);
#249=CARTESIAN_POINT('',(-2.79E0,1.125E1,-5.1E0));
#250=LINE('',#249,#248);
#251=DIRECTION('',(3.244428422615E-1,-8.111071056538E-1,4.866642633923E-1));
#252=VECTOR('',#251,6.164414002969E-1);
#253=CARTESIAN_POINT('',(-2.99E0,1.175E1,-5.4E0));
#254=LINE('',#253,#252);
#255=DIRECTION('',(0.E0,0.E0,-1.E0));
#256=VECTOR('',#255,1.05E0);
#257=CARTESIAN_POINT('',(-2.99E0,1.175E1,-5.4E0));
#258=LINE('',#257,#256);
#259=DIRECTION('',(0.E0,8.574929257125E-1,-5.144957554275E-1));
#260=VECTOR('',#259,3.103571169837E-1);
#261=CARTESIAN_POINT('',(-2.79E0,1.098387096774E1,-4.940322580645E0));
#262=LINE('',#261,#260);
#263=DIRECTION('',(0.E0,-1.E0,0.E0));
#264=VECTOR('',#263,7.E0);
#265=CARTESIAN_POINT('',(-2.79E0,1.125E1,-6.25E0));
#266=LINE('',#265,#264);
#267=DIRECTION('',(0.E0,0.E0,1.E0));
#268=VECTOR('',#267,1.5E0);
#269=CARTESIAN_POINT('',(-2.79E0,4.25E0,-6.25E0));
#270=LINE('',#269,#268);
#271=DIRECTION('',(0.E0,1.E0,0.E0));
#272=VECTOR('',#271,1.5E0);
#273=CARTESIAN_POINT('',(-2.79E0,4.25E0,-4.75E0));
#274=LINE('',#273,#272);
#275=DIRECTION('',(0.E0,9.993394979464E-1,-3.633961810714E-2));
#276=VECTOR('',#275,5.237330235117E0);
#277=CARTESIAN_POINT('',(-2.79E0,5.75E0,-4.75E0));
#278=LINE('',#277,#276);
#279=DIRECTION('',(0.E0,1.E0,0.E0));
#280=VECTOR('',#279,5.125E0);
#281=CARTESIAN_POINT('',(1.05E0,4.25E0,-6.25E0));
#282=LINE('',#281,#280);
#283=DIRECTION('',(0.E0,-1.E0,0.E0));
#284=VECTOR('',#283,1.875E0);
#285=CARTESIAN_POINT('',(1.05E0,1.125E1,-6.25E0));
#286=LINE('',#285,#284);
#287=DIRECTION('',(0.E0,-1.E0,0.E0));
#288=VECTOR('',#287,7.E0);
#289=CARTESIAN_POINT('',(2.79E0,1.125E1,-6.25E0));
#290=LINE('',#289,#288);
#291=DIRECTION('',(0.E0,1.E0,0.E0));
#292=VECTOR('',#291,5.125E0);
#293=CARTESIAN_POINT('',(-1.05E0,4.25E0,-6.25E0));
#294=LINE('',#293,#292);
#295=DIRECTION('',(0.E0,-1.E0,0.E0));
#296=VECTOR('',#295,1.875E0);
#297=CARTESIAN_POINT('',(-1.05E0,1.125E1,-6.25E0));
#298=LINE('',#297,#296);
#299=DIRECTION('',(0.E0,-1.E0,0.E0));
#300=VECTOR('',#299,1.E0);
#301=CARTESIAN_POINT('',(1.05E0,4.25E0,-6.25E0));
#302=LINE('',#301,#300);
#303=DIRECTION('',(0.E0,0.E0,-1.E0));
#304=VECTOR('',#303,5.E-1);
#305=CARTESIAN_POINT('',(1.05E0,3.15E0,-5.8E0));
#306=LINE('',#305,#304);
#307=CARTESIAN_POINT('',(1.05E0,3.55E0,-6.3E0));
#308=DIRECTION('',(1.E0,0.E0,0.E0));
#309=DIRECTION('',(0.E0,-1.E0,0.E0));
#310=AXIS2_PLACEMENT_3D('',#307,#308,#309);
#312=DIRECTION('',(0.E0,-2.576626505603E-1,9.662349396012E-1));
#313=VECTOR('',#312,4.657252408878E-1);
#314=CARTESIAN_POINT('',(1.05E0,9.495E0,-6.7E0));
#315=LINE('',#314,#313);
#316=DIRECTION('',(1.E0,0.E0,0.E0));
#317=VECTOR('',#316,2.1E0);
#318=CARTESIAN_POINT('',(-1.05E0,3.25E0,-6.25E0));
#319=LINE('',#318,#317);
#320=DIRECTION('',(0.E0,0.E0,-1.E0));
#321=VECTOR('',#320,4.5E-1);
#322=CARTESIAN_POINT('',(-1.05E0,3.25E0,-5.8E0));
#323=LINE('',#322,#321);
#324=DIRECTION('',(-1.E0,0.E0,0.E0));
#325=VECTOR('',#324,2.1E0);
#326=CARTESIAN_POINT('',(1.05E0,3.25E0,-5.8E0));
#327=LINE('',#326,#325);
#328=DIRECTION('',(0.E0,0.E0,1.E0));
#329=VECTOR('',#328,4.5E-1);
#330=CARTESIAN_POINT('',(1.05E0,3.25E0,-6.25E0));
#331=LINE('',#330,#329);
#332=DIRECTION('',(0.E0,0.E0,1.E0));
#333=VECTOR('',#332,5.E-1);
#334=CARTESIAN_POINT('',(-1.05E0,3.15E0,-6.3E0));
#335=LINE('',#334,#333);
#336=DIRECTION('',(0.E0,1.E0,0.E0));
#337=VECTOR('',#336,1.E-1);
#338=CARTESIAN_POINT('',(-1.05E0,3.15E0,-5.8E0));
#339=LINE('',#338,#337);
#340=DIRECTION('',(0.E0,-1.E0,0.E0));
#341=VECTOR('',#340,1.E0);
#342=CARTESIAN_POINT('',(-1.05E0,4.25E0,-6.25E0));
#343=LINE('',#342,#341);
#344=DIRECTION('',(0.E0,-2.576626505603E-1,9.662349396012E-1));
#345=VECTOR('',#344,4.657252408878E-1);
#346=CARTESIAN_POINT('',(-1.05E0,9.495E0,-6.7E0));
#347=LINE('',#346,#345);
#348=CARTESIAN_POINT('',(-1.05E0,3.55E0,-6.3E0));
#349=DIRECTION('',(1.E0,0.E0,0.E0));
#350=DIRECTION('',(0.E0,-1.E0,0.E0));
#351=AXIS2_PLACEMENT_3D('',#348,#349,#350);
#353=DIRECTION('',(0.E0,0.E0,1.E0));
#354=VECTOR('',#353,1.9E0);
#355=CARTESIAN_POINT('',(-3.25E0,3.15E0,-5.8E0));
#356=LINE('',#355,#354);
#357=DIRECTION('',(1.E0,0.E0,0.E0));
#358=VECTOR('',#357,1.15E0);
#359=CARTESIAN_POINT('',(1.05E0,3.15E0,-5.8E0));
#360=LINE('',#359,#358);
#361=DIRECTION('',(-1.E0,0.E0,0.E0));
#362=VECTOR('',#361,4.4E0);
#363=CARTESIAN_POINT('',(2.2E0,3.15E0,-4.9E0));
#364=LINE('',#363,#362);
#365=DIRECTION('',(1.E0,0.E0,0.E0));
#366=VECTOR('',#365,1.15E0);
#367=CARTESIAN_POINT('',(-2.2E0,3.15E0,-5.8E0));
#368=LINE('',#367,#366);
#369=DIRECTION('',(1.E0,0.E0,0.E0));
#370=VECTOR('',#369,2.34E0);
#371=CARTESIAN_POINT('',(1.05E0,3.15E0,-6.3E0));
#372=LINE('',#371,#370);
#373=DIRECTION('',(1.E0,0.E0,0.E0));
#374=VECTOR('',#373,2.34E0);
#375=CARTESIAN_POINT('',(-3.39E0,3.15E0,-6.3E0));
#376=LINE('',#375,#374);
#377=DIRECTION('',(0.E0,1.E0,0.E0));
#378=VECTOR('',#377,7.7E0);
#379=CARTESIAN_POINT('',(3.39E0,3.55E0,-6.7E0));
#380=LINE('',#379,#378);
#381=CARTESIAN_POINT('',(3.39E0,3.55E0,-6.3E0));
#382=DIRECTION('',(1.E0,0.E0,0.E0));
#383=DIRECTION('',(0.E0,-1.E0,0.E0));
#384=AXIS2_PLACEMENT_3D('',#381,#382,#383);
#386=DIRECTION('',(0.E0,0.E0,-1.E0));
#387=VECTOR('',#386,5.E-1);
#388=CARTESIAN_POINT('',(3.39E0,3.15E0,-5.8E0));
#389=LINE('',#388,#387);
#390=DIRECTION('',(-3.244428422615E-1,8.111071056538E-1,-4.866642633923E-1));
#391=VECTOR('',#390,6.164414002969E-1);
#392=CARTESIAN_POINT('',(3.39E0,1.125E1,-5.1E0));
#393=LINE('',#392,#391);
#394=DIRECTION('',(0.E0,0.E0,1.E0));
#395=VECTOR('',#394,1.3E0);
#396=CARTESIAN_POINT('',(3.19E0,1.175E1,-6.7E0));
#397=LINE('',#396,#395);
#398=DIRECTION('',(-3.713906763541E-1,9.284766908853E-1,0.E0));
#399=VECTOR('',#398,5.385164807135E-1);
#400=CARTESIAN_POINT('',(3.39E0,1.125E1,-6.7E0));
#401=LINE('',#400,#399);
#402=DIRECTION('',(0.E0,0.E0,1.E0));
#403=VECTOR('',#402,9.E-1);
#404=CARTESIAN_POINT('',(3.39E0,1.125E1,-6.7E0));
#405=LINE('',#404,#403);
#406=DIRECTION('',(0.E0,0.E0,1.E0));
#407=VECTOR('',#406,7.E-1);
#408=CARTESIAN_POINT('',(3.39E0,1.125E1,-5.8E0));
#409=LINE('',#408,#407);
#410=DIRECTION('',(1.E0,0.E0,0.E0));
#411=VECTOR('',#410,6.38E0);
#412=CARTESIAN_POINT('',(-3.19E0,1.175E1,-6.7E0));
#413=LINE('',#412,#411);
#414=DIRECTION('',(0.E0,0.E0,-1.E0));
#415=VECTOR('',#414,1.15E0);
#416=CARTESIAN_POINT('',(2.79E0,1.125E1,-5.1E0));
#417=LINE('',#416,#415);
#418=DIRECTION('',(-3.481553119114E-1,-8.703882797785E-1,3.481553119114E-1));
#419=VECTOR('',#418,5.744562646538E-1);
#420=CARTESIAN_POINT('',(2.99E0,1.175E1,-6.45E0));
#421=LINE('',#420,#419);
#422=DIRECTION('',(0.E0,0.E0,-1.E0));
#423=VECTOR('',#422,1.05E0);
#424=CARTESIAN_POINT('',(2.99E0,1.175E1,-5.4E0));
#425=LINE('',#424,#423);
#426=DIRECTION('',(-3.244428422615E-1,-8.111071056538E-1,4.866642633923E-1));
#427=VECTOR('',#426,6.164414002969E-1);
#428=CARTESIAN_POINT('',(2.99E0,1.175E1,-5.4E0));
#429=LINE('',#428,#427);
#430=DIRECTION('',(0.E0,8.574929257125E-1,-5.144957554275E-1));
#431=VECTOR('',#430,3.103571169837E-1);
#432=CARTESIAN_POINT('',(2.79E0,1.098387096774E1,-4.940322580645E0));
#433=LINE('',#432,#431);
#434=DIRECTION('',(0.E0,-9.993394979464E-1,3.633961810714E-2));
#435=VECTOR('',#434,5.237330235117E0);
#436=CARTESIAN_POINT('',(2.79E0,1.098387096774E1,-4.940322580645E0));
#437=LINE('',#436,#435);
#438=DIRECTION('',(0.E0,-1.E0,0.E0));
#439=VECTOR('',#438,1.5E0);
#440=CARTESIAN_POINT('',(2.79E0,5.75E0,-4.75E0));
#441=LINE('',#440,#439);
#442=DIRECTION('',(0.E0,0.E0,-1.E0));
#443=VECTOR('',#442,1.5E0);
#444=CARTESIAN_POINT('',(2.79E0,4.25E0,-4.75E0));
#445=LINE('',#444,#443);
#446=DIRECTION('',(1.E0,0.E0,0.E0));
#447=VECTOR('',#446,7.1E-1);
#448=CARTESIAN_POINT('',(2.79E0,5.75E0,-4.75E0));
#449=LINE('',#448,#447);
#450=DIRECTION('',(0.E0,0.E0,-1.E0));
#451=VECTOR('',#450,3.4E0);
#452=CARTESIAN_POINT('',(-2.75E0,4.25E0,-7.5E-1));
#453=LINE('',#452,#451);
#454=DIRECTION('',(-1.E0,0.E0,0.E0));
#455=VECTOR('',#454,5.E-1);
#456=CARTESIAN_POINT('',(-2.75E0,4.25E0,-4.15E0));
#457=LINE('',#456,#455);
#458=DIRECTION('',(0.E0,0.E0,-1.E0));
#459=VECTOR('',#458,3.4E0);
#460=CARTESIAN_POINT('',(-3.25E0,4.25E0,-7.5E-1));
#461=LINE('',#460,#459);
#462=DIRECTION('',(1.E0,0.E0,0.E0));
#463=VECTOR('',#462,8.5E-1);
#464=CARTESIAN_POINT('',(-4.1E0,4.25E0,-7.5E-1));
#465=LINE('',#464,#463);
#466=CARTESIAN_POINT('',(-4.1E0,4.25E0,-8.5E-1));
#467=DIRECTION('',(0.E0,1.E0,0.E0));
#468=DIRECTION('',(-1.E0,0.E0,0.E0));
#469=AXIS2_PLACEMENT_3D('',#466,#467,#468);
#471=DIRECTION('',(0.E0,0.E0,1.E0));
#472=VECTOR('',#471,1.E0);
#473=CARTESIAN_POINT('',(-4.2E0,4.25E0,-1.85E0));
#474=LINE('',#473,#472);
#475=CARTESIAN_POINT('',(-4.1E0,4.25E0,-1.85E0));
#476=DIRECTION('',(0.E0,1.E0,0.E0));
#477=DIRECTION('',(0.E0,0.E0,-1.E0));
#478=AXIS2_PLACEMENT_3D('',#475,#476,#477);
#480=DIRECTION('',(-1.E0,0.E0,0.E0));
#481=VECTOR('',#480,6.E-1);
#482=CARTESIAN_POINT('',(-3.5E0,4.25E0,-1.95E0));
#483=LINE('',#482,#481);
#484=DIRECTION('',(0.E0,0.E0,1.E0));
#485=VECTOR('',#484,2.8E0);
#486=CARTESIAN_POINT('',(-3.5E0,4.25E0,-4.75E0));
#487=LINE('',#486,#485);
#488=DIRECTION('',(-1.E0,0.E0,0.E0));
#489=VECTOR('',#488,7.1E-1);
#490=CARTESIAN_POINT('',(-2.79E0,4.25E0,-4.75E0));
#491=LINE('',#490,#489);
#492=DIRECTION('',(-1.E0,0.E0,0.E0));
#493=VECTOR('',#492,1.74E0);
#494=CARTESIAN_POINT('',(-1.05E0,4.25E0,-6.25E0));
#495=LINE('',#494,#493);
#496=DIRECTION('',(1.E0,0.E0,0.E0));
#497=VECTOR('',#496,2.1E0);
#498=CARTESIAN_POINT('',(-1.05E0,4.25E0,-6.25E0));
#499=LINE('',#498,#497);
#500=DIRECTION('',(-1.E0,0.E0,0.E0));
#501=VECTOR('',#500,1.74E0);
#502=CARTESIAN_POINT('',(2.79E0,4.25E0,-6.25E0));
#503=LINE('',#502,#501);
#504=DIRECTION('',(1.E0,0.E0,0.E0));
#505=VECTOR('',#504,7.1E-1);
#506=CARTESIAN_POINT('',(2.79E0,4.25E0,-4.75E0));
#507=LINE('',#506,#505);
#508=DIRECTION('',(0.E0,0.E0,-1.E0));
#509=VECTOR('',#508,2.8E0);
#510=CARTESIAN_POINT('',(3.5E0,4.25E0,-1.95E0));
#511=LINE('',#510,#509);
#512=DIRECTION('',(-1.E0,0.E0,0.E0));
#513=VECTOR('',#512,6.E-1);
#514=CARTESIAN_POINT('',(4.1E0,4.25E0,-1.95E0));
#515=LINE('',#514,#513);
#516=CARTESIAN_POINT('',(4.1E0,4.25E0,-1.85E0));
#517=DIRECTION('',(0.E0,1.E0,0.E0));
#518=DIRECTION('',(1.E0,0.E0,1.088018564133E-13));
#519=AXIS2_PLACEMENT_3D('',#516,#517,#518);
#521=DIRECTION('',(0.E0,0.E0,-1.E0));
#522=VECTOR('',#521,1.E0);
#523=CARTESIAN_POINT('',(4.2E0,4.25E0,-8.5E-1));
#524=LINE('',#523,#522);
#525=CARTESIAN_POINT('',(4.1E0,4.25E0,-8.5E-1));
#526=DIRECTION('',(0.E0,1.E0,0.E0));
#527=DIRECTION('',(0.E0,0.E0,1.E0));
#528=AXIS2_PLACEMENT_3D('',#525,#526,#527);
#530=DIRECTION('',(1.E0,0.E0,0.E0));
#531=VECTOR('',#530,8.5E-1);
#532=CARTESIAN_POINT('',(3.25E0,4.25E0,-7.5E-1));
#533=LINE('',#532,#531);
#534=DIRECTION('',(0.E0,0.E0,-1.E0));
#535=VECTOR('',#534,3.4E0);
#536=CARTESIAN_POINT('',(3.25E0,4.25E0,-7.5E-1));
#537=LINE('',#536,#535);
#538=DIRECTION('',(-1.E0,0.E0,0.E0));
#539=VECTOR('',#538,5.E-1);
#540=CARTESIAN_POINT('',(3.25E0,4.25E0,-4.15E0));
#541=LINE('',#540,#539);
#542=DIRECTION('',(0.E0,0.E0,-1.E0));
#543=VECTOR('',#542,3.4E0);
#544=CARTESIAN_POINT('',(2.75E0,4.25E0,-7.5E-1));
#545=LINE('',#544,#543);
#546=DIRECTION('',(1.E0,0.E0,0.E0));
#547=VECTOR('',#546,1.5E0);
#548=CARTESIAN_POINT('',(1.25E0,4.25E0,-7.5E-1));
#549=LINE('',#548,#547);
#550=DIRECTION('',(0.E0,0.E0,-1.E0));
#551=VECTOR('',#550,3.4E0);
#552=CARTESIAN_POINT('',(1.25E0,4.25E0,-7.5E-1));
#553=LINE('',#552,#551);
#554=DIRECTION('',(-1.E0,0.E0,0.E0));
#555=VECTOR('',#554,5.E-1);
#556=CARTESIAN_POINT('',(1.25E0,4.25E0,-4.15E0));
#557=LINE('',#556,#555);
#558=DIRECTION('',(0.E0,0.E0,-1.E0));
#559=VECTOR('',#558,3.4E0);
#560=CARTESIAN_POINT('',(7.5E-1,4.25E0,-7.5E-1));
#561=LINE('',#560,#559);
#562=DIRECTION('',(1.E0,0.E0,0.E0));
#563=VECTOR('',#562,1.5E0);
#564=CARTESIAN_POINT('',(-7.5E-1,4.25E0,-7.5E-1));
#565=LINE('',#564,#563);
#566=DIRECTION('',(0.E0,0.E0,-1.E0));
#567=VECTOR('',#566,3.4E0);
#568=CARTESIAN_POINT('',(-7.5E-1,4.25E0,-7.5E-1));
#569=LINE('',#568,#567);
#570=DIRECTION('',(-1.E0,0.E0,0.E0));
#571=VECTOR('',#570,5.E-1);
#572=CARTESIAN_POINT('',(-7.5E-1,4.25E0,-4.15E0));
#573=LINE('',#572,#571);
#574=DIRECTION('',(0.E0,0.E0,-1.E0));
#575=VECTOR('',#574,3.4E0);
#576=CARTESIAN_POINT('',(-1.25E0,4.25E0,-7.5E-1));
#577=LINE('',#576,#575);
#578=DIRECTION('',(1.E0,0.E0,0.E0));
#579=VECTOR('',#578,1.5E0);
#580=CARTESIAN_POINT('',(-2.75E0,4.25E0,-7.5E-1));
#581=LINE('',#580,#579);
#582=DIRECTION('',(0.E0,0.E0,-1.E0));
#583=VECTOR('',#582,5.E-1);
#584=CARTESIAN_POINT('',(-2.5E-1,4.25E0,-2.75E0));
#585=LINE('',#584,#583);
#586=DIRECTION('',(1.E0,0.E0,0.E0));
#587=VECTOR('',#586,5.E-1);
#588=CARTESIAN_POINT('',(-2.5E-1,4.25E0,-2.75E0));
#589=LINE('',#588,#587);
#590=DIRECTION('',(0.E0,0.E0,-1.E0));
#591=VECTOR('',#590,5.E-1);
#592=CARTESIAN_POINT('',(2.5E-1,4.25E0,-2.75E0));
#593=LINE('',#592,#591);
#594=DIRECTION('',(1.E0,0.E0,0.E0));
#595=VECTOR('',#594,5.E-1);
#596=CARTESIAN_POINT('',(-2.5E-1,4.25E0,-3.25E0));
#597=LINE('',#596,#595);
#598=DIRECTION('',(0.E0,0.E0,-1.E0));
#599=VECTOR('',#598,5.E-1);
#600=CARTESIAN_POINT('',(1.75E0,4.25E0,-2.75E0));
#601=LINE('',#600,#599);
#602=DIRECTION('',(1.E0,0.E0,0.E0));
#603=VECTOR('',#602,5.E-1);
#604=CARTESIAN_POINT('',(1.75E0,4.25E0,-2.75E0));
#605=LINE('',#604,#603);
#606=DIRECTION('',(0.E0,0.E0,-1.E0));
#607=VECTOR('',#606,5.E-1);
#608=CARTESIAN_POINT('',(2.25E0,4.25E0,-2.75E0));
#609=LINE('',#608,#607);
#610=DIRECTION('',(1.E0,0.E0,0.E0));
#611=VECTOR('',#610,5.E-1);
#612=CARTESIAN_POINT('',(1.75E0,4.25E0,-3.25E0));
#613=LINE('',#612,#611);
#614=DIRECTION('',(0.E0,0.E0,-1.E0));
#615=VECTOR('',#614,5.E-1);
#616=CARTESIAN_POINT('',(-1.75E0,4.25E0,-2.75E0));
#617=LINE('',#616,#615);
#618=DIRECTION('',(-1.E0,0.E0,0.E0));
#619=VECTOR('',#618,5.E-1);
#620=CARTESIAN_POINT('',(-1.75E0,4.25E0,-3.25E0));
#621=LINE('',#620,#619);
#622=DIRECTION('',(0.E0,0.E0,-1.E0));
#623=VECTOR('',#622,5.E-1);
#624=CARTESIAN_POINT('',(-2.25E0,4.25E0,-2.75E0));
#625=LINE('',#624,#623);
#626=DIRECTION('',(-1.E0,0.E0,0.E0));
#627=VECTOR('',#626,5.E-1);
#628=CARTESIAN_POINT('',(-1.75E0,4.25E0,-2.75E0));
#629=LINE('',#628,#627);
#630=DIRECTION('',(1.E0,0.E0,0.E0));
#631=VECTOR('',#630,5.E-1);
#632=CARTESIAN_POINT('',(-3.25E0,4.35E0,-7.5E-1));
#633=LINE('',#632,#631);
#634=DIRECTION('',(0.E0,1.E0,0.E0));
#635=VECTOR('',#634,1.E-1);
#636=CARTESIAN_POINT('',(-2.75E0,4.25E0,-7.5E-1));
#637=LINE('',#636,#635);
#638=DIRECTION('',(0.E0,1.E0,0.E0));
#639=VECTOR('',#638,1.E-1);
#640=CARTESIAN_POINT('',(-1.25E0,4.25E0,-7.5E-1));
#641=LINE('',#640,#639);
#642=DIRECTION('',(1.E0,0.E0,0.E0));
#643=VECTOR('',#642,5.E-1);
#644=CARTESIAN_POINT('',(-1.25E0,4.35E0,-7.5E-1));
#645=LINE('',#644,#643);
#646=DIRECTION('',(0.E0,1.E0,0.E0));
#647=VECTOR('',#646,1.E-1);
#648=CARTESIAN_POINT('',(-7.5E-1,4.25E0,-7.5E-1));
#649=LINE('',#648,#647);
#650=DIRECTION('',(0.E0,1.E0,0.E0));
#651=VECTOR('',#650,1.E-1);
#652=CARTESIAN_POINT('',(7.5E-1,4.25E0,-7.5E-1));
#653=LINE('',#652,#651);
#654=DIRECTION('',(1.E0,0.E0,0.E0));
#655=VECTOR('',#654,5.E-1);
#656=CARTESIAN_POINT('',(7.5E-1,4.35E0,-7.5E-1));
#657=LINE('',#656,#655);
#658=DIRECTION('',(0.E0,1.E0,0.E0));
#659=VECTOR('',#658,1.E-1);
#660=CARTESIAN_POINT('',(1.25E0,4.25E0,-7.5E-1));
#661=LINE('',#660,#659);
#662=DIRECTION('',(0.E0,1.E0,0.E0));
#663=VECTOR('',#662,1.E-1);
#664=CARTESIAN_POINT('',(2.75E0,4.25E0,-7.5E-1));
#665=LINE('',#664,#663);
#666=DIRECTION('',(1.E0,0.E0,0.E0));
#667=VECTOR('',#666,5.E-1);
#668=CARTESIAN_POINT('',(2.75E0,4.35E0,-7.5E-1));
#669=LINE('',#668,#667);
#670=DIRECTION('',(0.E0,1.E0,0.E0));
#671=VECTOR('',#670,1.E-1);
#672=CARTESIAN_POINT('',(3.25E0,4.25E0,-7.5E-1));
#673=LINE('',#672,#671);
#674=DIRECTION('',(0.E0,-1.E0,0.E0));
#675=VECTOR('',#674,3.E-1);
#676=CARTESIAN_POINT('',(2.E0,1.125E1,-7.5E-1));
#677=LINE('',#676,#675);
#678=DIRECTION('',(1.E0,0.E0,0.E0));
#679=VECTOR('',#678,4.E0);
#680=CARTESIAN_POINT('',(-2.E0,1.095E1,-7.5E-1));
#681=LINE('',#680,#679);
#682=DIRECTION('',(0.E0,-1.E0,0.E0));
#683=VECTOR('',#682,3.E-1);
#684=CARTESIAN_POINT('',(-2.E0,1.125E1,-7.5E-1));
#685=LINE('',#684,#683);
#686=DIRECTION('',(0.E0,-1.E0,0.E0));
#687=VECTOR('',#686,7.E0);
#688=CARTESIAN_POINT('',(-4.1E0,1.125E1,-7.5E-1));
#689=LINE('',#688,#687);
#690=DIRECTION('',(0.E0,1.E0,0.E0));
#691=VECTOR('',#690,1.E-1);
#692=CARTESIAN_POINT('',(-3.25E0,4.25E0,-7.5E-1));
#693=LINE('',#692,#691);
#694=DIRECTION('',(0.E0,0.E0,1.E0));
#695=VECTOR('',#694,3.4E0);
#696=CARTESIAN_POINT('',(-3.25E0,4.35E0,-4.15E0));
#697=LINE('',#696,#695);
#698=DIRECTION('',(-1.E0,0.E0,0.E0));
#699=VECTOR('',#698,5.E-1);
#700=CARTESIAN_POINT('',(-2.75E0,4.35E0,-4.15E0));
#701=LINE('',#700,#699);
#702=DIRECTION('',(0.E0,0.E0,-1.E0));
#703=VECTOR('',#702,3.4E0);
#704=CARTESIAN_POINT('',(-2.75E0,4.35E0,-7.5E-1));
#705=LINE('',#704,#703);
#706=DIRECTION('',(0.E0,1.E0,0.E0));
#707=VECTOR('',#706,1.E-1);
#708=CARTESIAN_POINT('',(-3.25E0,4.25E0,-4.15E0));
#709=LINE('',#708,#707);
#710=DIRECTION('',(0.E0,1.E0,0.E0));
#711=VECTOR('',#710,1.E-1);
#712=CARTESIAN_POINT('',(-2.75E0,4.25E0,-4.15E0));
#713=LINE('',#712,#711);
#714=DIRECTION('',(0.E0,1.E0,0.E0));
#715=VECTOR('',#714,1.E-1);
#716=CARTESIAN_POINT('',(-1.25E0,4.25E0,-4.15E0));
#717=LINE('',#716,#715);
#718=DIRECTION('',(0.E0,1.E0,0.E0));
#719=VECTOR('',#718,1.E-1);
#720=CARTESIAN_POINT('',(-7.5E-1,4.25E0,-4.15E0));
#721=LINE('',#720,#719);
#722=DIRECTION('',(0.E0,0.E0,1.E0));
#723=VECTOR('',#722,3.4E0);
#724=CARTESIAN_POINT('',(-1.25E0,4.35E0,-4.15E0));
#725=LINE('',#724,#723);
#726=DIRECTION('',(-1.E0,0.E0,0.E0));
#727=VECTOR('',#726,5.E-1);
#728=CARTESIAN_POINT('',(-7.5E-1,4.35E0,-4.15E0));
#729=LINE('',#728,#727);
#730=DIRECTION('',(0.E0,0.E0,-1.E0));
#731=VECTOR('',#730,3.4E0);
#732=CARTESIAN_POINT('',(-7.5E-1,4.35E0,-7.5E-1));
#733=LINE('',#732,#731);
#734=DIRECTION('',(0.E0,1.E0,0.E0));
#735=VECTOR('',#734,1.E-1);
#736=CARTESIAN_POINT('',(7.5E-1,4.25E0,-4.15E0));
#737=LINE('',#736,#735);
#738=DIRECTION('',(0.E0,1.E0,0.E0));
#739=VECTOR('',#738,1.E-1);
#740=CARTESIAN_POINT('',(1.25E0,4.25E0,-4.15E0));
#741=LINE('',#740,#739);
#742=DIRECTION('',(0.E0,0.E0,1.E0));
#743=VECTOR('',#742,3.4E0);
#744=CARTESIAN_POINT('',(7.5E-1,4.35E0,-4.15E0));
#745=LINE('',#744,#743);
#746=DIRECTION('',(-1.E0,0.E0,0.E0));
#747=VECTOR('',#746,5.E-1);
#748=CARTESIAN_POINT('',(1.25E0,4.35E0,-4.15E0));
#749=LINE('',#748,#747);
#750=DIRECTION('',(0.E0,0.E0,-1.E0));
#751=VECTOR('',#750,3.4E0);
#752=CARTESIAN_POINT('',(1.25E0,4.35E0,-7.5E-1));
#753=LINE('',#752,#751);
#754=DIRECTION('',(0.E0,1.E0,0.E0));
#755=VECTOR('',#754,1.E-1);
#756=CARTESIAN_POINT('',(2.75E0,4.25E0,-4.15E0));
#757=LINE('',#756,#755);
#758=DIRECTION('',(0.E0,1.E0,0.E0));
#759=VECTOR('',#758,1.E-1);
#760=CARTESIAN_POINT('',(3.25E0,4.25E0,-4.15E0));
#761=LINE('',#760,#759);
#762=DIRECTION('',(0.E0,0.E0,1.E0));
#763=VECTOR('',#762,3.4E0);
#764=CARTESIAN_POINT('',(2.75E0,4.35E0,-4.15E0));
#765=LINE('',#764,#763);
#766=DIRECTION('',(-1.E0,0.E0,0.E0));
#767=VECTOR('',#766,5.E-1);
#768=CARTESIAN_POINT('',(3.25E0,4.35E0,-4.15E0));
#769=LINE('',#768,#767);
#770=DIRECTION('',(0.E0,0.E0,-1.E0));
#771=VECTOR('',#770,3.4E0);
#772=CARTESIAN_POINT('',(3.25E0,4.35E0,-7.5E-1));
#773=LINE('',#772,#771);
#774=DIRECTION('',(0.E0,-1.E0,0.E0));
#775=VECTOR('',#774,7.E0);
#776=CARTESIAN_POINT('',(4.1E0,1.125E1,-7.5E-1));
#777=LINE('',#776,#775);
#778=DIRECTION('',(0.E0,0.E0,-1.E0));
#779=VECTOR('',#778,6.5E-1);
#780=CARTESIAN_POINT('',(2.E0,1.095E1,-1.E-1));
#781=LINE('',#780,#779);
#782=DIRECTION('',(0.E0,-1.E0,0.E0));
#783=VECTOR('',#782,3.E-1);
#784=CARTESIAN_POINT('',(-2.E0,1.125E1,-1.E-1));
#785=LINE('',#784,#783);
#786=DIRECTION('',(1.E0,0.E0,0.E0));
#787=VECTOR('',#786,4.E0);
#788=CARTESIAN_POINT('',(-2.E0,1.095E1,-1.E-1));
#789=LINE('',#788,#787);
#790=DIRECTION('',(0.E0,-1.E0,0.E0));
#791=VECTOR('',#790,3.E-1);
#792=CARTESIAN_POINT('',(2.E0,1.125E1,-1.E-1));
#793=LINE('',#792,#791);
#794=DIRECTION('',(-1.E0,0.E0,0.E0));
#795=VECTOR('',#794,6.5E0);
#796=CARTESIAN_POINT('',(3.25E0,3.15E0,-1.E-1));
#797=LINE('',#796,#795);
#798=DIRECTION('',(0.E0,0.E0,-1.E0));
#799=VECTOR('',#798,6.5E-1);
#800=CARTESIAN_POINT('',(-2.E0,1.095E1,-1.E-1));
#801=LINE('',#800,#799);
#802=DIRECTION('',(0.E0,0.E0,1.E0));
#803=VECTOR('',#802,9.E-1);
#804=CARTESIAN_POINT('',(3.25E0,2.35E0,-5.8E0));
#805=LINE('',#804,#803);
#806=DIRECTION('',(0.E0,-1.E0,0.E0));
#807=VECTOR('',#806,2.E-1);
#808=CARTESIAN_POINT('',(3.25E0,2.55E0,-4.9E0));
#809=LINE('',#808,#807);
#810=DIRECTION('',(0.E0,0.E0,1.E0));
#811=VECTOR('',#810,9.E-1);
#812=CARTESIAN_POINT('',(3.25E0,2.55E0,-5.8E0));
#813=LINE('',#812,#811);
#814=DIRECTION('',(0.E0,0.E0,1.E0));
#815=VECTOR('',#814,1.9E0);
#816=CARTESIAN_POINT('',(3.25E0,3.15E0,-5.8E0));
#817=LINE('',#816,#815);
#818=DIRECTION('',(0.E0,-1.E0,0.E0));
#819=VECTOR('',#818,8.E-1);
#820=CARTESIAN_POINT('',(3.25E0,3.15E0,-3.9E0));
#821=LINE('',#820,#819);
#822=DIRECTION('',(0.E0,0.E0,1.E0));
#823=VECTOR('',#822,1.E-1);
#824=CARTESIAN_POINT('',(3.25E0,2.35E0,-3.9E0));
#825=LINE('',#824,#823);
#826=DIRECTION('',(0.E0,-1.E0,0.E0));
#827=VECTOR('',#826,3.E-1);
#828=CARTESIAN_POINT('',(3.25E0,2.35E0,-3.8E0));
#829=LINE('',#828,#827);
#830=DIRECTION('',(0.E0,0.E0,-1.E0));
#831=VECTOR('',#830,2.3E0);
#832=CARTESIAN_POINT('',(3.25E0,2.05E0,-1.5E0));
#833=LINE('',#832,#831);
#834=DIRECTION('',(0.E0,-1.E0,0.E0));
#835=VECTOR('',#834,3.E-1);
#836=CARTESIAN_POINT('',(3.25E0,2.35E0,-1.5E0));
#837=LINE('',#836,#835);
#838=DIRECTION('',(0.E0,0.E0,1.E0));
#839=VECTOR('',#838,2.E-1);
#840=CARTESIAN_POINT('',(3.25E0,2.35E0,-1.5E0));
#841=LINE('',#840,#839);
#842=DIRECTION('',(0.E0,1.E0,0.E0));
#843=VECTOR('',#842,8.E-1);
#844=CARTESIAN_POINT('',(3.25E0,2.35E0,-1.3E0));
#845=LINE('',#844,#843);
#846=DIRECTION('',(0.E0,0.E0,1.E0));
#847=VECTOR('',#846,1.2E0);
#848=CARTESIAN_POINT('',(3.25E0,3.15E0,-1.3E0));
#849=LINE('',#848,#847);
#850=DIRECTION('',(0.E0,1.E0,0.E0));
#851=VECTOR('',#850,8.1E0);
#852=CARTESIAN_POINT('',(3.25E0,3.15E0,-1.E-1));
#853=LINE('',#852,#851);
#854=DIRECTION('',(-1.E0,0.E0,0.E0));
#855=VECTOR('',#854,1.4E-1);
#856=CARTESIAN_POINT('',(-3.25E0,2.35E0,-4.9E0));
#857=LINE('',#856,#855);
#858=DIRECTION('',(0.E0,0.E0,-1.E0));
#859=VECTOR('',#858,9.E-1);
#860=CARTESIAN_POINT('',(-3.39E0,2.35E0,-4.9E0));
#861=LINE('',#860,#859);
#862=DIRECTION('',(0.E0,0.E0,1.E0));
#863=VECTOR('',#862,9.E-1);
#864=CARTESIAN_POINT('',(3.39E0,2.35E0,-5.8E0));
#865=LINE('',#864,#863);
#866=DIRECTION('',(-1.E0,0.E0,0.E0));
#867=VECTOR('',#866,1.4E-1);
#868=CARTESIAN_POINT('',(3.39E0,2.35E0,-4.9E0));
#869=LINE('',#868,#867);
#870=DIRECTION('',(0.E0,-1.E0,0.E0));
#871=VECTOR('',#870,9.2E0);
#872=CARTESIAN_POINT('',(-4.8E0,1.125E1,-5.8E0));
#873=LINE('',#872,#871);
#874=DIRECTION('',(1.E0,0.E0,0.E0));
#875=VECTOR('',#874,1.55E0);
#876=CARTESIAN_POINT('',(-4.8E0,2.05E0,-5.8E0));
#877=LINE('',#876,#875);
#878=DIRECTION('',(0.E0,1.E0,0.E0));
#879=VECTOR('',#878,3.E-1);
#880=CARTESIAN_POINT('',(-3.25E0,2.05E0,-5.8E0));
#881=LINE('',#880,#879);
#882=DIRECTION('',(1.E0,0.E0,0.E0));
#883=VECTOR('',#882,1.4E-1);
#884=CARTESIAN_POINT('',(-3.39E0,2.35E0,-5.8E0));
#885=LINE('',#884,#883);
#886=DIRECTION('',(0.E0,-1.E0,0.E0));
#887=VECTOR('',#886,2.E-1);
#888=CARTESIAN_POINT('',(-3.39E0,2.55E0,-5.8E0));
#889=LINE('',#888,#887);
#890=DIRECTION('',(1.E0,0.E0,0.E0));
#891=VECTOR('',#890,1.4E-1);
#892=CARTESIAN_POINT('',(-3.39E0,2.55E0,-5.8E0));
#893=LINE('',#892,#891);
#894=DIRECTION('',(0.E0,1.E0,0.E0));
#895=VECTOR('',#894,6.E-1);
#896=CARTESIAN_POINT('',(-3.25E0,2.55E0,-5.8E0));
#897=LINE('',#896,#895);
#898=DIRECTION('',(1.E0,0.E0,0.E0));
#899=VECTOR('',#898,1.4E-1);
#900=CARTESIAN_POINT('',(-3.39E0,3.15E0,-5.8E0));
#901=LINE('',#900,#899);
#902=DIRECTION('',(0.E0,-1.E0,0.E0));
#903=VECTOR('',#902,8.1E0);
#904=CARTESIAN_POINT('',(-3.39E0,1.125E1,-5.8E0));
#905=LINE('',#904,#903);
#906=DIRECTION('',(0.E0,1.E0,0.E0));
#907=VECTOR('',#906,9.2E0);
#908=CARTESIAN_POINT('',(4.8E0,2.05E0,-5.8E0));
#909=LINE('',#908,#907);
#910=DIRECTION('',(0.E0,-1.E0,0.E0));
#911=VECTOR('',#910,8.1E0);
#912=CARTESIAN_POINT('',(3.39E0,1.125E1,-5.8E0));
#913=LINE('',#912,#911);
#914=DIRECTION('',(1.E0,0.E0,0.E0));
#915=VECTOR('',#914,1.4E-1);
#916=CARTESIAN_POINT('',(3.25E0,3.15E0,-5.8E0));
#917=LINE('',#916,#915);
#918=DIRECTION('',(0.E0,1.E0,0.E0));
#919=VECTOR('',#918,6.E-1);
#920=CARTESIAN_POINT('',(3.25E0,2.55E0,-5.8E0));
#921=LINE('',#920,#919);
#922=DIRECTION('',(1.E0,0.E0,0.E0));
#923=VECTOR('',#922,1.4E-1);
#924=CARTESIAN_POINT('',(3.25E0,2.55E0,-5.8E0));
#925=LINE('',#924,#923);
#926=DIRECTION('',(0.E0,-1.E0,0.E0));
#927=VECTOR('',#926,2.E-1);
#928=CARTESIAN_POINT('',(3.39E0,2.55E0,-5.8E0));
#929=LINE('',#928,#927);
#930=DIRECTION('',(1.E0,0.E0,0.E0));
#931=VECTOR('',#930,1.4E-1);
#932=CARTESIAN_POINT('',(3.25E0,2.35E0,-5.8E0));
#933=LINE('',#932,#931);
#934=DIRECTION('',(0.E0,1.E0,0.E0));
#935=VECTOR('',#934,3.E-1);
#936=CARTESIAN_POINT('',(3.25E0,2.05E0,-5.8E0));
#937=LINE('',#936,#935);
#938=DIRECTION('',(1.E0,0.E0,0.E0));
#939=VECTOR('',#938,1.55E0);
#940=CARTESIAN_POINT('',(3.25E0,2.05E0,-5.8E0));
#941=LINE('',#940,#939);
#942=CARTESIAN_POINT('',(-4.8E0,2.05E0,-5.6E0));
#943=DIRECTION('',(0.E0,-1.E0,0.E0));
#944=DIRECTION('',(-1.E0,0.E0,0.E0));
#945=AXIS2_PLACEMENT_3D('',#942,#943,#944);
#947=DIRECTION('',(1.E0,0.E0,0.E0));
#948=VECTOR('',#947,6.E-1);
#949=CARTESIAN_POINT('',(-5.E0,2.05E0,-4.6E0));
#950=LINE('',#949,#948);
#951=DIRECTION('',(1.E0,0.E0,0.E0));
#952=VECTOR('',#951,1.15E0);
#953=CARTESIAN_POINT('',(-4.4E0,2.05E0,-4.6E0));
#954=LINE('',#953,#952);
#955=DIRECTION('',(0.E0,0.E0,-1.E0));
#956=VECTOR('',#955,1.2E0);
#957=CARTESIAN_POINT('',(-3.25E0,2.05E0,-4.6E0));
#958=LINE('',#957,#956);
#959=CARTESIAN_POINT('',(4.8E0,2.05E0,-5.6E0));
#960=DIRECTION('',(0.E0,-1.E0,0.E0));
#961=DIRECTION('',(0.E0,0.E0,-1.E0));
#962=AXIS2_PLACEMENT_3D('',#959,#960,#961);
#964=DIRECTION('',(0.E0,0.E0,-1.E0));
#965=VECTOR('',#964,1.2E0);
#966=CARTESIAN_POINT('',(3.25E0,2.05E0,-4.6E0));
#967=LINE('',#966,#965);
#968=DIRECTION('',(1.E0,0.E0,0.E0));
#969=VECTOR('',#968,1.15E0);
#970=CARTESIAN_POINT('',(3.25E0,2.05E0,-4.6E0));
#971=LINE('',#970,#969);
#972=DIRECTION('',(-1.E0,0.E0,0.E0));
#973=VECTOR('',#972,6.E-1);
#974=CARTESIAN_POINT('',(5.E0,2.05E0,-4.6E0));
#975=LINE('',#974,#973);
#976=DIRECTION('',(1.E0,0.E0,0.E0));
#977=VECTOR('',#976,6.E-1);
#978=CARTESIAN_POINT('',(-5.E0,7.25E0,-4.6E0));
#979=LINE('',#978,#977);
#980=DIRECTION('',(1.E0,0.E0,0.E0));
#981=VECTOR('',#980,6.E-1);
#982=CARTESIAN_POINT('',(-5.E0,7.25E0,-2.75E0));
#983=LINE('',#982,#981);
#984=DIRECTION('',(1.E0,0.E0,0.E0));
#985=VECTOR('',#984,6.E-1);
#986=CARTESIAN_POINT('',(-5.E0,5.4E0,-2.75E0));
#987=LINE('',#986,#985);
#988=DIRECTION('',(1.E0,0.E0,0.E0));
#989=VECTOR('',#988,6.E-1);
#990=CARTESIAN_POINT('',(-5.E0,5.4E0,-1.E0));
#991=LINE('',#990,#989);
#992=CARTESIAN_POINT('',(-4.8E0,0.E0,-2.E-1));
#993=DIRECTION('',(0.E0,-1.E0,0.E0));
#994=DIRECTION('',(0.E0,0.E0,1.E0));
#995=AXIS2_PLACEMENT_3D('',#992,#993,#994);
#997=DIRECTION('',(1.E0,0.E0,0.E0));
#998=VECTOR('',#997,1.55E0);
#999=CARTESIAN_POINT('',(-4.8E0,0.E0,0.E0));
#1000=LINE('',#999,#998);
#1001=DIRECTION('',(0.E0,0.E0,-1.E0));
#1002=VECTOR('',#1001,1.E0);
#1003=CARTESIAN_POINT('',(-3.25E0,0.E0,0.E0));
#1004=LINE('',#1003,#1002);
#1005=DIRECTION('',(1.E0,0.E0,0.E0));
#1006=VECTOR('',#1005,6.E-1);
#1007=CARTESIAN_POINT('',(-5.E0,0.E0,-1.E0));
#1008=LINE('',#1007,#1006);
#1009=CARTESIAN_POINT('',(4.8E0,0.E0,-2.E-1));
#1010=DIRECTION('',(0.E0,-1.E0,0.E0));
#1011=DIRECTION('',(1.E0,0.E0,0.E0));
#1012=AXIS2_PLACEMENT_3D('',#1009,#1010,#1011);
#1014=DIRECTION('',(-1.E0,0.E0,0.E0));
#1015=VECTOR('',#1014,6.E-1);
#1016=CARTESIAN_POINT('',(5.E0,0.E0,-1.E0));
#1017=LINE('',#1016,#1015);
#1018=DIRECTION('',(0.E0,0.E0,-1.E0));
#1019=VECTOR('',#1018,1.E0);
#1020=CARTESIAN_POINT('',(3.25E0,0.E0,0.E0));
#1021=LINE('',#1020,#1019);
#1022=DIRECTION('',(1.E0,0.E0,0.E0));
#1023=VECTOR('',#1022,1.55E0);
#1024=CARTESIAN_POINT('',(3.25E0,0.E0,0.E0));
#1025=LINE('',#1024,#1023);
#1026=DIRECTION('',(0.E0,1.E0,0.E0));
#1027=VECTOR('',#1026,1.125E1);
#1028=CARTESIAN_POINT('',(-4.8E0,0.E0,0.E0));
#1029=LINE('',#1028,#1027);
#1030=DIRECTION('',(1.E0,0.E0,0.E0));
#1031=VECTOR('',#1030,1.55E0);
#1032=CARTESIAN_POINT('',(-4.8E0,1.125E1,0.E0));
#1033=LINE('',#1032,#1031);
#1034=DIRECTION('',(0.E0,-1.E0,0.E0));
#1035=VECTOR('',#1034,1.125E1);
#1036=CARTESIAN_POINT('',(-3.25E0,1.125E1,0.E0));
#1037=LINE('',#1036,#1035);
#1038=DIRECTION('',(0.E0,-1.E0,0.E0));
#1039=VECTOR('',#1038,1.125E1);
#1040=CARTESIAN_POINT('',(4.8E0,1.125E1,0.E0));
#1041=LINE('',#1040,#1039);
#1042=DIRECTION('',(0.E0,-1.E0,0.E0));
#1043=VECTOR('',#1042,1.125E1);
#1044=CARTESIAN_POINT('',(3.25E0,1.125E1,0.E0));
#1045=LINE('',#1044,#1043);
#1046=DIRECTION('',(1.E0,0.E0,0.E0));
#1047=VECTOR('',#1046,1.55E0);
#1048=CARTESIAN_POINT('',(3.25E0,1.125E1,0.E0));
#1049=LINE('',#1048,#1047);
#1050=DIRECTION('',(0.E0,0.E0,1.E0));
#1051=VECTOR('',#1050,9.E-1);
#1052=CARTESIAN_POINT('',(-3.25E0,2.35E0,-5.8E0));
#1053=LINE('',#1052,#1051);
#1054=DIRECTION('',(0.E0,1.E0,0.E0));
#1055=VECTOR('',#1054,8.1E0);
#1056=CARTESIAN_POINT('',(-3.25E0,3.15E0,-1.E-1));
#1057=LINE('',#1056,#1055);
#1058=DIRECTION('',(0.E0,0.E0,1.E0));
#1059=VECTOR('',#1058,1.2E0);
#1060=CARTESIAN_POINT('',(-3.25E0,3.15E0,-1.3E0));
#1061=LINE('',#1060,#1059);
#1062=DIRECTION('',(0.E0,1.E0,0.E0));
#1063=VECTOR('',#1062,8.E-1);
#1064=CARTESIAN_POINT('',(-3.25E0,2.35E0,-1.3E0));
#1065=LINE('',#1064,#1063);
#1066=DIRECTION('',(0.E0,0.E0,1.E0));
#1067=VECTOR('',#1066,2.E-1);
#1068=CARTESIAN_POINT('',(-3.25E0,2.35E0,-1.5E0));
#1069=LINE('',#1068,#1067);
#1070=DIRECTION('',(0.E0,-1.E0,0.E0));
#1071=VECTOR('',#1070,3.E-1);
#1072=CARTESIAN_POINT('',(-3.25E0,2.35E0,-1.5E0));
#1073=LINE('',#1072,#1071);
#1074=DIRECTION('',(0.E0,0.E0,-1.E0));
#1075=VECTOR('',#1074,2.3E0);
#1076=CARTESIAN_POINT('',(-3.25E0,2.05E0,-1.5E0));
#1077=LINE('',#1076,#1075);
#1078=DIRECTION('',(0.E0,-1.E0,0.E0));
#1079=VECTOR('',#1078,3.E-1);
#1080=CARTESIAN_POINT('',(-3.25E0,2.35E0,-3.8E0));
#1081=LINE('',#1080,#1079);
#1082=DIRECTION('',(0.E0,0.E0,1.E0));
#1083=VECTOR('',#1082,1.E-1);
#1084=CARTESIAN_POINT('',(-3.25E0,2.35E0,-3.9E0));
#1085=LINE('',#1084,#1083);
#1086=DIRECTION('',(0.E0,-1.E0,0.E0));
#1087=VECTOR('',#1086,8.E-1);
#1088=CARTESIAN_POINT('',(-3.25E0,3.15E0,-3.9E0));
#1089=LINE('',#1088,#1087);
#1090=DIRECTION('',(0.E0,0.E0,1.E0));
#1091=VECTOR('',#1090,9.E-1);
#1092=CARTESIAN_POINT('',(-3.25E0,2.55E0,-5.8E0));
#1093=LINE('',#1092,#1091);
#1094=DIRECTION('',(0.E0,-1.E0,0.E0));
#1095=VECTOR('',#1094,2.E-1);
#1096=CARTESIAN_POINT('',(-3.25E0,2.55E0,-4.9E0));
#1097=LINE('',#1096,#1095);
#1098=DIRECTION('',(0.E0,4.948386187010E-1,-8.689848913773E-1));
#1099=VECTOR('',#1098,4.142764777295E0);
#1100=CARTESIAN_POINT('',(4.4E0,0.E0,-1.E0));
#1101=LINE('',#1100,#1099);
#1102=DIRECTION('',(0.E0,4.948386187010E-1,-8.689848913773E-1));
#1103=VECTOR('',#1102,4.142764777295E0);
#1104=CARTESIAN_POINT('',(3.25E0,0.E0,-1.E0));
#1105=LINE('',#1104,#1103);
#1106=DIRECTION('',(1.E0,0.E0,0.E0));
#1107=VECTOR('',#1106,1.15E0);
#1108=CARTESIAN_POINT('',(3.25E0,0.E0,-1.E0));
#1109=LINE('',#1108,#1107);
#1110=DIRECTION('',(0.E0,4.948386187010E-1,-8.689848913773E-1));
#1111=VECTOR('',#1110,4.142764777295E0);
#1112=CARTESIAN_POINT('',(-4.4E0,0.E0,-1.E0));
#1113=LINE('',#1112,#1111);
#1114=DIRECTION('',(1.E0,0.E0,0.E0));
#1115=VECTOR('',#1114,1.15E0);
#1116=CARTESIAN_POINT('',(-4.4E0,0.E0,-1.E0));
#1117=LINE('',#1116,#1115);
#1118=DIRECTION('',(0.E0,4.948386187010E-1,-8.689848913773E-1));
#1119=VECTOR('',#1118,4.142764777295E0);
#1120=CARTESIAN_POINT('',(-3.25E0,0.E0,-1.E0));
#1121=LINE('',#1120,#1119);
#1122=DIRECTION('',(0.E0,-1.E0,0.E0));
#1123=VECTOR('',#1122,5.4E0);
#1124=CARTESIAN_POINT('',(4.4E0,5.4E0,-1.E0));
#1125=LINE('',#1124,#1123);
#1126=DIRECTION('',(0.E0,0.E0,1.E0));
#1127=VECTOR('',#1126,1.75E0);
#1128=CARTESIAN_POINT('',(4.4E0,5.4E0,-2.75E0));
#1129=LINE('',#1128,#1127);
#1130=DIRECTION('',(0.E0,-1.E0,0.E0));
#1131=VECTOR('',#1130,1.85E0);
#1132=CARTESIAN_POINT('',(4.4E0,7.25E0,-2.75E0));
#1133=LINE('',#1132,#1131);
#1134=DIRECTION('',(0.E0,0.E0,1.E0));
#1135=VECTOR('',#1134,1.85E0);
#1136=CARTESIAN_POINT('',(4.4E0,7.25E0,-4.6E0));
#1137=LINE('',#1136,#1135);
#1138=DIRECTION('',(0.E0,1.E0,0.E0));
#1139=VECTOR('',#1138,5.2E0);
#1140=CARTESIAN_POINT('',(4.4E0,2.05E0,-4.6E0));
#1141=LINE('',#1140,#1139);
#1142=DIRECTION('',(-1.E0,0.E0,0.E0));
#1143=VECTOR('',#1142,6.E-1);
#1144=CARTESIAN_POINT('',(5.E0,5.4E0,-1.E0));
#1145=LINE('',#1144,#1143);
#1146=DIRECTION('',(0.E0,-1.E0,0.E0));
#1147=VECTOR('',#1146,1.125E1);
#1148=CARTESIAN_POINT('',(5.E0,1.125E1,-2.E-1));
#1149=LINE('',#1148,#1147);
#1150=DIRECTION('',(0.E0,0.E0,1.E0));
#1151=VECTOR('',#1150,1.05E0);
#1152=CARTESIAN_POINT('',(5.E0,1.125E1,-1.25E0));
#1153=LINE('',#1152,#1151);
#1154=DIRECTION('',(0.E0,1.E0,0.E0));
#1155=VECTOR('',#1154,1.5E0);
#1156=CARTESIAN_POINT('',(5.E0,9.75E0,-1.25E0));
#1157=LINE('',#1156,#1155);
#1158=CARTESIAN_POINT('',(5.E0,9.75E0,-1.75E0));
#1159=DIRECTION('',(-1.E0,0.E0,0.E0));
#1160=DIRECTION('',(0.E0,-1.E0,0.E0));
#1161=AXIS2_PLACEMENT_3D('',#1158,#1159,#1160);
#1163=DIRECTION('',(0.E0,0.E0,1.E0));
#1164=VECTOR('',#1163,1.8E0);
#1165=CARTESIAN_POINT('',(5.E0,9.25E0,-3.55E0));
#1166=LINE('',#1165,#1164);
#1167=CARTESIAN_POINT('',(5.E0,9.75E0,-3.55E0));
#1168=DIRECTION('',(-1.E0,0.E0,0.E0));
#1169=DIRECTION('',(0.E0,0.E0,-1.E0));
#1170=AXIS2_PLACEMENT_3D('',#1167,#1168,#1169);
#1172=DIRECTION('',(0.E0,-1.E0,0.E0));
#1173=VECTOR('',#1172,1.5E0);
#1174=CARTESIAN_POINT('',(5.E0,1.125E1,-4.05E0));
#1175=LINE('',#1174,#1173);
#1176=DIRECTION('',(0.E0,0.E0,1.E0));
#1177=VECTOR('',#1176,1.55E0);
#1178=CARTESIAN_POINT('',(5.E0,1.125E1,-5.6E0));
#1179=LINE('',#1178,#1177);
#1180=DIRECTION('',(0.E0,1.E0,0.E0));
#1181=VECTOR('',#1180,9.2E0);
#1182=CARTESIAN_POINT('',(5.E0,2.05E0,-5.6E0));
#1183=LINE('',#1182,#1181);
#1184=DIRECTION('',(0.E0,0.E0,-1.E0));
#1185=VECTOR('',#1184,1.E0);
#1186=CARTESIAN_POINT('',(5.E0,2.05E0,-4.6E0));
#1187=LINE('',#1186,#1185);
#1188=DIRECTION('',(0.E0,1.E0,0.E0));
#1189=VECTOR('',#1188,5.2E0);
#1190=CARTESIAN_POINT('',(5.E0,2.05E0,-4.6E0));
#1191=LINE('',#1190,#1189);
#1192=DIRECTION('',(0.E0,0.E0,1.E0));
#1193=VECTOR('',#1192,1.85E0);
#1194=CARTESIAN_POINT('',(5.E0,7.25E0,-4.6E0));
#1195=LINE('',#1194,#1193);
#1196=DIRECTION('',(0.E0,-1.E0,0.E0));
#1197=VECTOR('',#1196,1.85E0);
#1198=CARTESIAN_POINT('',(5.E0,7.25E0,-2.75E0));
#1199=LINE('',#1198,#1197);
#1200=DIRECTION('',(0.E0,0.E0,1.E0));
#1201=VECTOR('',#1200,1.75E0);
#1202=CARTESIAN_POINT('',(5.E0,5.4E0,-2.75E0));
#1203=LINE('',#1202,#1201);
#1204=DIRECTION('',(0.E0,1.E0,0.E0));
#1205=VECTOR('',#1204,5.4E0);
#1206=CARTESIAN_POINT('',(5.E0,0.E0,-1.E0));
#1207=LINE('',#1206,#1205);
#1208=DIRECTION('',(0.E0,0.E0,-1.E0));
#1209=VECTOR('',#1208,8.E-1);
#1210=CARTESIAN_POINT('',(5.E0,0.E0,-2.E-1));
#1211=LINE('',#1210,#1209);
#1212=DIRECTION('',(1.E0,0.E0,0.E0));
#1213=VECTOR('',#1212,1.5E0);
#1214=CARTESIAN_POINT('',(3.5E0,9.75E0,-4.05E0));
#1215=LINE('',#1214,#1213);
#1216=DIRECTION('',(1.E0,0.E0,0.E0));
#1217=VECTOR('',#1216,1.5E0);
#1218=CARTESIAN_POINT('',(-5.E0,9.75E0,-4.05E0));
#1219=LINE('',#1218,#1217);
#1220=DIRECTION('',(0.E0,-1.E0,0.E0));
#1221=VECTOR('',#1220,1.5E0);
#1222=CARTESIAN_POINT('',(3.5E0,1.125E1,-4.05E0));
#1223=LINE('',#1222,#1221);
#1224=DIRECTION('',(1.E0,0.E0,0.E0));
#1225=VECTOR('',#1224,1.5E0);
#1226=CARTESIAN_POINT('',(3.5E0,1.125E1,-4.05E0));
#1227=LINE('',#1226,#1225);
#1228=DIRECTION('',(0.E0,-1.E0,0.E0));
#1229=VECTOR('',#1228,1.5E0);
#1230=CARTESIAN_POINT('',(-3.5E0,1.125E1,-4.05E0));
#1231=LINE('',#1230,#1229);
#1232=DIRECTION('',(1.E0,0.E0,0.E0));
#1233=VECTOR('',#1232,1.5E0);
#1234=CARTESIAN_POINT('',(-5.E0,1.125E1,-4.05E0));
#1235=LINE('',#1234,#1233);
#1236=CARTESIAN_POINT('',(-4.8E0,1.125E1,-5.6E0));
#1237=DIRECTION('',(0.E0,1.E0,0.E0));
#1238=DIRECTION('',(0.E0,0.E0,-1.E0));
#1239=AXIS2_PLACEMENT_3D('',#1236,#1237,#1238);
#1241=DIRECTION('',(1.E0,0.E0,0.E0));
#1242=VECTOR('',#1241,1.41E0);
#1243=CARTESIAN_POINT('',(-4.8E0,1.125E1,-5.8E0));
#1244=LINE('',#1243,#1242);
#1245=DIRECTION('',(1.E0,0.E0,0.E0));
#1246=VECTOR('',#1245,1.1E-1);
#1247=CARTESIAN_POINT('',(-3.5E0,1.125E1,-5.1E0));
#1248=LINE('',#1247,#1246);
#1249=CARTESIAN_POINT('',(4.8E0,1.125E1,-5.6E0));
#1250=DIRECTION('',(0.E0,1.E0,0.E0));
#1251=DIRECTION('',(1.E0,0.E0,0.E0));
#1252=AXIS2_PLACEMENT_3D('',#1249,#1250,#1251);
#1254=DIRECTION('',(1.E0,0.E0,0.E0));
#1255=VECTOR('',#1254,1.1E-1);
#1256=CARTESIAN_POINT('',(3.39E0,1.125E1,-5.1E0));
#1257=LINE('',#1256,#1255);
#1258=DIRECTION('',(1.E0,0.E0,0.E0));
#1259=VECTOR('',#1258,1.41E0);
#1260=CARTESIAN_POINT('',(3.39E0,1.125E1,-5.8E0));
#1261=LINE('',#1260,#1259);
#1262=DIRECTION('',(3.244428422615E-1,8.111071056538E-1,-4.866642633923E-1));
#1263=VECTOR('',#1262,6.164414002969E-1);
#1264=CARTESIAN_POINT('',(-3.39E0,1.125E1,-5.1E0));
#1265=LINE('',#1264,#1263);
#1266=DIRECTION('',(0.E0,0.E0,1.E0));
#1267=VECTOR('',#1266,7.E-1);
#1268=CARTESIAN_POINT('',(-3.39E0,1.125E1,-5.8E0));
#1269=LINE('',#1268,#1267);
#1270=DIRECTION('',(0.E0,0.E0,1.E0));
#1271=VECTOR('',#1270,9.E-1);
#1272=CARTESIAN_POINT('',(-3.39E0,1.125E1,-6.7E0));
#1273=LINE('',#1272,#1271);
#1274=DIRECTION('',(3.713906763541E-1,9.284766908853E-1,0.E0));
#1275=VECTOR('',#1274,5.385164807135E-1);
#1276=CARTESIAN_POINT('',(-3.39E0,1.125E1,-6.7E0));
#1277=LINE('',#1276,#1275);
#1278=DIRECTION('',(0.E0,0.E0,1.E0));
#1279=VECTOR('',#1278,1.3E0);
#1280=CARTESIAN_POINT('',(-3.19E0,1.175E1,-6.7E0));
#1281=LINE('',#1280,#1279);
#1282=DIRECTION('',(0.E0,0.E0,-1.E0));
#1283=VECTOR('',#1282,5.E-1);
#1284=CARTESIAN_POINT('',(-3.39E0,3.15E0,-5.8E0));
#1285=LINE('',#1284,#1283);
#1286=CARTESIAN_POINT('',(-3.39E0,3.55E0,-6.3E0));
#1287=DIRECTION('',(1.E0,0.E0,0.E0));
#1288=DIRECTION('',(0.E0,-1.E0,0.E0));
#1289=AXIS2_PLACEMENT_3D('',#1286,#1287,#1288);
#1291=DIRECTION('',(0.E0,1.E0,0.E0));
#1292=VECTOR('',#1291,7.7E0);
#1293=CARTESIAN_POINT('',(-3.39E0,3.55E0,-6.7E0));
#1294=LINE('',#1293,#1292);
#1295=DIRECTION('',(0.E0,1.E0,0.E0));
#1296=VECTOR('',#1295,5.945E0);
#1297=CARTESIAN_POINT('',(1.05E0,3.55E0,-6.7E0));
#1298=LINE('',#1297,#1296);
#1299=DIRECTION('',(1.E0,0.E0,0.E0));
#1300=VECTOR('',#1299,2.34E0);
#1301=CARTESIAN_POINT('',(1.05E0,3.55E0,-6.7E0));
#1302=LINE('',#1301,#1300);
#1303=DIRECTION('',(1.E0,0.E0,0.E0));
#1304=VECTOR('',#1303,2.34E0);
#1305=CARTESIAN_POINT('',(-3.39E0,3.55E0,-6.7E0));
#1306=LINE('',#1305,#1304);
#1307=DIRECTION('',(0.E0,1.E0,0.E0));
#1308=VECTOR('',#1307,5.945E0);
#1309=CARTESIAN_POINT('',(-1.05E0,3.55E0,-6.7E0));
#1310=LINE('',#1309,#1308);
#1311=DIRECTION('',(1.E0,0.E0,0.E0));
#1312=VECTOR('',#1311,2.1E0);
#1313=CARTESIAN_POINT('',(-1.05E0,9.495E0,-6.7E0));
#1314=LINE('',#1313,#1312);
#1315=DIRECTION('',(1.E0,0.E0,0.E0));
#1316=VECTOR('',#1315,2.1E0);
#1317=CARTESIAN_POINT('',(-1.05E0,9.375E0,-6.25E0));
#1318=LINE('',#1317,#1316);
#1319=DIRECTION('',(1.E0,0.E0,0.E0));
#1320=VECTOR('',#1319,2.1E0);
#1321=CARTESIAN_POINT('',(-1.05E0,9.375E0,-5.8E0));
#1322=LINE('',#1321,#1320);
#1323=DIRECTION('',(0.E0,-9.284766908853E-1,3.713906763541E-1));
#1324=VECTOR('',#1323,1.211662081605E0);
#1325=CARTESIAN_POINT('',(-1.05E0,1.125E1,-6.25E0));
#1326=LINE('',#1325,#1324);
#1327=DIRECTION('',(0.E0,-1.E0,0.E0));
#1328=VECTOR('',#1327,7.5E-1);
#1329=CARTESIAN_POINT('',(-1.05E0,1.0125E1,-5.8E0));
#1330=LINE('',#1329,#1328);
#1331=DIRECTION('',(0.E0,0.E0,-1.E0));
#1332=VECTOR('',#1331,4.5E-1);
#1333=CARTESIAN_POINT('',(-1.05E0,9.375E0,-5.8E0));
#1334=LINE('',#1333,#1332);
#1335=DIRECTION('',(-1.E0,0.E0,0.E0));
#1336=VECTOR('',#1335,1.74E0);
#1337=CARTESIAN_POINT('',(2.79E0,1.125E1,-6.25E0));
#1338=LINE('',#1337,#1336);
#1339=DIRECTION('',(-1.E0,0.E0,0.E0));
#1340=VECTOR('',#1339,1.74E0);
#1341=CARTESIAN_POINT('',(-1.05E0,1.125E1,-6.25E0));
#1342=LINE('',#1341,#1340);
#1343=DIRECTION('',(3.481553119114E-1,-8.703882797785E-1,3.481553119114E-1));
#1344=VECTOR('',#1343,5.744562646538E-1);
#1345=CARTESIAN_POINT('',(-2.99E0,1.175E1,-6.45E0));
#1346=LINE('',#1345,#1344);
#1347=DIRECTION('',(-1.E0,0.E0,0.E0));
#1348=VECTOR('',#1347,5.98E0);
#1349=CARTESIAN_POINT('',(2.99E0,1.175E1,-6.45E0));
#1350=LINE('',#1349,#1348);
#1351=DIRECTION('',(0.E0,0.E0,-1.E0));
#1352=VECTOR('',#1351,4.5E-1);
#1353=CARTESIAN_POINT('',(1.05E0,9.375E0,-5.8E0));
#1354=LINE('',#1353,#1352);
#1355=DIRECTION('',(0.E0,-1.E0,0.E0));
#1356=VECTOR('',#1355,7.5E-1);
#1357=CARTESIAN_POINT('',(1.05E0,1.0125E1,-5.8E0));
#1358=LINE('',#1357,#1356);
#1359=DIRECTION('',(0.E0,-9.284766908853E-1,3.713906763541E-1));
#1360=VECTOR('',#1359,1.211662081605E0);
#1361=CARTESIAN_POINT('',(1.05E0,1.125E1,-6.25E0));
#1362=LINE('',#1361,#1360);
#1363=DIRECTION('',(1.E0,0.E0,0.E0));
#1364=VECTOR('',#1363,2.1E0);
#1365=CARTESIAN_POINT('',(-1.05E0,1.0125E1,-5.8E0));
#1366=LINE('',#1365,#1364);
#1367=DIRECTION('',(0.E0,0.E0,-1.E0));
#1368=VECTOR('',#1367,1.05E0);
#1369=CARTESIAN_POINT('',(-3.5E0,1.125E1,-4.05E0));
#1370=LINE('',#1369,#1368);
#1371=DIRECTION('',(0.E0,8.574929257125E-1,-5.144957554275E-1));
#1372=VECTOR('',#1371,3.103571169837E-1);
#1373=CARTESIAN_POINT('',(-3.5E0,1.098387096774E1,-4.940322580645E0));
#1374=LINE('',#1373,#1372);
#1375=DIRECTION('',(0.E0,9.993394979464E-1,-3.633961810714E-2));
#1376=VECTOR('',#1375,5.237330235117E0);
#1377=CARTESIAN_POINT('',(-3.5E0,5.75E0,-4.75E0));
#1378=LINE('',#1377,#1376);
#1379=DIRECTION('',(0.E0,1.E0,0.E0));
#1380=VECTOR('',#1379,1.5E0);
#1381=CARTESIAN_POINT('',(-3.5E0,4.25E0,-4.75E0));
#1382=LINE('',#1381,#1380);
#1383=CARTESIAN_POINT('',(-3.5E0,9.75E0,-3.55E0));
#1384=DIRECTION('',(1.E0,0.E0,0.E0));
#1385=DIRECTION('',(0.E0,-1.E0,0.E0));
#1386=AXIS2_PLACEMENT_3D('',#1383,#1384,#1385);
#1388=DIRECTION('',(-1.E0,0.E0,0.E0));
#1389=VECTOR('',#1388,7.1E-1);
#1390=CARTESIAN_POINT('',(-2.79E0,1.098387096774E1,-4.940322580645E0));
#1391=LINE('',#1390,#1389);
#1392=DIRECTION('',(-1.E0,0.E0,0.E0));
#1393=VECTOR('',#1392,7.1E-1);
#1394=CARTESIAN_POINT('',(-2.79E0,5.75E0,-4.75E0));
#1395=LINE('',#1394,#1393);
#1396=DIRECTION('',(0.E0,-1.E0,0.E0));
#1397=VECTOR('',#1396,5.E0);
#1398=CARTESIAN_POINT('',(-3.5E0,9.25E0,-1.95E0));
#1399=LINE('',#1398,#1397);
#1400=DIRECTION('',(0.E0,-1.E0,0.E0));
#1401=VECTOR('',#1400,5.E0);
#1402=CARTESIAN_POINT('',(-4.1E0,9.25E0,-1.95E0));
#1403=LINE('',#1402,#1401);
#1404=CARTESIAN_POINT('',(-4.2E0,9.75E0,-1.75E0));
#1405=DIRECTION('',(1.E0,0.E0,0.E0));
#1406=DIRECTION('',(0.E0,0.E0,1.E0));
#1407=AXIS2_PLACEMENT_3D('',#1404,#1405,#1406);
#1409=DIRECTION('',(0.E0,-1.E0,0.E0));
#1410=VECTOR('',#1409,5.E0);
#1411=CARTESIAN_POINT('',(-4.2E0,9.25E0,-1.85E0));
#1412=LINE('',#1411,#1410);
#1413=DIRECTION('',(0.E0,-1.E0,0.E0));
#1414=VECTOR('',#1413,7.E0);
#1415=CARTESIAN_POINT('',(-4.2E0,1.125E1,-8.5E-1));
#1416=LINE('',#1415,#1414);
#1417=DIRECTION('',(-1.E0,0.E0,0.E0));
#1418=VECTOR('',#1417,6.E-1);
#1419=CARTESIAN_POINT('',(5.E0,7.25E0,-4.6E0));
#1420=LINE('',#1419,#1418);
#1421=DIRECTION('',(-1.E0,0.E0,0.E0));
#1422=VECTOR('',#1421,6.E-1);
#1423=CARTESIAN_POINT('',(5.E0,7.25E0,-2.75E0));
#1424=LINE('',#1423,#1422);
#1425=DIRECTION('',(-1.E0,0.E0,0.E0));
#1426=VECTOR('',#1425,6.E-1);
#1427=CARTESIAN_POINT('',(5.E0,5.4E0,-2.75E0));
#1428=LINE('',#1427,#1426);
#1429=DIRECTION('',(0.E0,-1.E0,0.E0));
#1430=VECTOR('',#1429,5.2E0);
#1431=CARTESIAN_POINT('',(-4.4E0,7.25E0,-4.6E0));
#1432=LINE('',#1431,#1430);
#1433=DIRECTION('',(0.E0,0.E0,-1.E0));
#1434=VECTOR('',#1433,1.85E0);
#1435=CARTESIAN_POINT('',(-4.4E0,7.25E0,-2.75E0));
#1436=LINE('',#1435,#1434);
#1437=DIRECTION('',(0.E0,1.E0,0.E0));
#1438=VECTOR('',#1437,1.85E0);
#1439=CARTESIAN_POINT('',(-4.4E0,5.4E0,-2.75E0));
#1440=LINE('',#1439,#1438);
#1441=DIRECTION('',(0.E0,0.E0,-1.E0));
#1442=VECTOR('',#1441,1.75E0);
#1443=CARTESIAN_POINT('',(-4.4E0,5.4E0,-1.E0));
#1444=LINE('',#1443,#1442);
#1445=DIRECTION('',(0.E0,1.E0,0.E0));
#1446=VECTOR('',#1445,5.4E0);
#1447=CARTESIAN_POINT('',(-4.4E0,0.E0,-1.E0));
#1448=LINE('',#1447,#1446);
#1449=DIRECTION('',(-1.E0,0.E0,0.E0));
#1450=VECTOR('',#1449,6.5E0);
#1451=CARTESIAN_POINT('',(3.25E0,3.15E0,-1.3E0));
#1452=LINE('',#1451,#1450);
#1453=DIRECTION('',(-1.E0,0.E0,0.E0));
#1454=VECTOR('',#1453,6.5E0);
#1455=CARTESIAN_POINT('',(3.25E0,2.35E0,-1.3E0));
#1456=LINE('',#1455,#1454);
#1457=DIRECTION('',(0.E0,0.E0,-1.E0));
#1458=VECTOR('',#1457,2.3E0);
#1459=CARTESIAN_POINT('',(7.5E-1,2.35E0,-1.5E0));
#1460=LINE('',#1459,#1458);
#1461=DIRECTION('',(1.E0,0.E0,0.E0));
#1462=VECTOR('',#1461,5.E-1);
#1463=CARTESIAN_POINT('',(7.5E-1,2.35E0,-3.8E0));
#1464=LINE('',#1463,#1462);
#1465=DIRECTION('',(0.E0,0.E0,1.E0));
#1466=VECTOR('',#1465,2.3E0);
#1467=CARTESIAN_POINT('',(1.25E0,2.35E0,-3.8E0));
#1468=LINE('',#1467,#1466);
#1469=DIRECTION('',(-1.E0,0.E0,0.E0));
#1470=VECTOR('',#1469,5.E-1);
#1471=CARTESIAN_POINT('',(1.25E0,2.35E0,-1.5E0));
#1472=LINE('',#1471,#1470);
#1473=DIRECTION('',(0.E0,0.E0,-1.E0));
#1474=VECTOR('',#1473,2.3E0);
#1475=CARTESIAN_POINT('',(-1.25E0,2.35E0,-1.5E0));
#1476=LINE('',#1475,#1474);
#1477=DIRECTION('',(1.E0,0.E0,0.E0));
#1478=VECTOR('',#1477,5.E-1);
#1479=CARTESIAN_POINT('',(-1.25E0,2.35E0,-3.8E0));
#1480=LINE('',#1479,#1478);
#1481=DIRECTION('',(0.E0,0.E0,1.E0));
#1482=VECTOR('',#1481,2.3E0);
#1483=CARTESIAN_POINT('',(-7.5E-1,2.35E0,-3.8E0));
#1484=LINE('',#1483,#1482);
#1485=DIRECTION('',(-1.E0,0.E0,0.E0));
#1486=VECTOR('',#1485,5.E-1);
#1487=CARTESIAN_POINT('',(-7.5E-1,2.35E0,-1.5E0));
#1488=LINE('',#1487,#1486);
#1489=DIRECTION('',(1.E0,0.E0,0.E0));
#1490=VECTOR('',#1489,5.E-1);
#1491=CARTESIAN_POINT('',(-3.25E0,2.35E0,-3.8E0));
#1492=LINE('',#1491,#1490);
#1493=DIRECTION('',(0.E0,0.E0,1.E0));
#1494=VECTOR('',#1493,2.3E0);
#1495=CARTESIAN_POINT('',(-2.75E0,2.35E0,-3.8E0));
#1496=LINE('',#1495,#1494);
#1497=DIRECTION('',(-1.E0,0.E0,0.E0));
#1498=VECTOR('',#1497,5.E-1);
#1499=CARTESIAN_POINT('',(-2.75E0,2.35E0,-1.5E0));
#1500=LINE('',#1499,#1498);
#1501=DIRECTION('',(-1.E0,0.E0,0.E0));
#1502=VECTOR('',#1501,5.E-1);
#1503=CARTESIAN_POINT('',(3.25E0,2.35E0,-1.5E0));
#1504=LINE('',#1503,#1502);
#1505=DIRECTION('',(0.E0,0.E0,-1.E0));
#1506=VECTOR('',#1505,2.3E0);
#1507=CARTESIAN_POINT('',(2.75E0,2.35E0,-1.5E0));
#1508=LINE('',#1507,#1506);
#1509=DIRECTION('',(-1.E0,0.E0,0.E0));
#1510=VECTOR('',#1509,5.E-1);
#1511=CARTESIAN_POINT('',(3.25E0,2.35E0,-3.8E0));
#1512=LINE('',#1511,#1510);
#1513=DIRECTION('',(-1.E0,0.E0,0.E0));
#1514=VECTOR('',#1513,6.5E0);
#1515=CARTESIAN_POINT('',(3.25E0,2.35E0,-3.9E0));
#1516=LINE('',#1515,#1514);
#1517=DIRECTION('',(0.E0,0.E0,-1.E0));
#1518=VECTOR('',#1517,5.276466421253E-1);
#1519=CARTESIAN_POINT('',(-2.5E-1,2.35E0,-2.682287565553E0));
#1520=LINE('',#1519,#1518);
#1521=DIRECTION('',(1.E0,0.E0,0.E0));
#1522=VECTOR('',#1521,5.E-1);
#1523=CARTESIAN_POINT('',(-2.5E-1,2.35E0,-3.209934207679E0));
#1524=LINE('',#1523,#1522);
#1525=DIRECTION('',(0.E0,0.E0,1.E0));
#1526=VECTOR('',#1525,5.276466421253E-1);
#1527=CARTESIAN_POINT('',(2.5E-1,2.35E0,-3.209934207679E0));
#1528=LINE('',#1527,#1526);
#1529=DIRECTION('',(1.E0,0.E0,0.E0));
#1530=VECTOR('',#1529,5.E-1);
#1531=CARTESIAN_POINT('',(-2.5E-1,2.35E0,-2.682287565553E0));
#1532=LINE('',#1531,#1530);
#1533=DIRECTION('',(0.E0,0.E0,-1.E0));
#1534=VECTOR('',#1533,5.276466421253E-1);
#1535=CARTESIAN_POINT('',(1.75E0,2.35E0,-2.682287565553E0));
#1536=LINE('',#1535,#1534);
#1537=DIRECTION('',(1.E0,0.E0,0.E0));
#1538=VECTOR('',#1537,5.E-1);
#1539=CARTESIAN_POINT('',(1.75E0,2.35E0,-3.209934207679E0));
#1540=LINE('',#1539,#1538);
#1541=DIRECTION('',(0.E0,0.E0,1.E0));
#1542=VECTOR('',#1541,5.276466421253E-1);
#1543=CARTESIAN_POINT('',(2.25E0,2.35E0,-3.209934207679E0));
#1544=LINE('',#1543,#1542);
#1545=DIRECTION('',(1.E0,0.E0,0.E0));
#1546=VECTOR('',#1545,5.E-1);
#1547=CARTESIAN_POINT('',(1.75E0,2.35E0,-2.682287565553E0));
#1548=LINE('',#1547,#1546);
#1549=DIRECTION('',(0.E0,0.E0,1.E0));
#1550=VECTOR('',#1549,5.276466421253E-1);
#1551=CARTESIAN_POINT('',(-1.75E0,2.35E0,-3.209934207679E0));
#1552=LINE('',#1551,#1550);
#1553=DIRECTION('',(1.E0,0.E0,0.E0));
#1554=VECTOR('',#1553,5.E-1);
#1555=CARTESIAN_POINT('',(-2.25E0,2.35E0,-2.682287565553E0));
#1556=LINE('',#1555,#1554);
#1557=DIRECTION('',(0.E0,0.E0,-1.E0));
#1558=VECTOR('',#1557,5.276466421253E-1);
#1559=CARTESIAN_POINT('',(-2.25E0,2.35E0,-2.682287565553E0));
#1560=LINE('',#1559,#1558);
#1561=DIRECTION('',(1.E0,0.E0,0.E0));
#1562=VECTOR('',#1561,5.E-1);
#1563=CARTESIAN_POINT('',(-2.25E0,2.35E0,-3.209934207679E0));
#1564=LINE('',#1563,#1562);
#1565=DIRECTION('',(0.E0,-1.E0,0.E0));
#1566=VECTOR('',#1565,3.E-1);
#1567=CARTESIAN_POINT('',(7.5E-1,2.35E0,-1.5E0));
#1568=LINE('',#1567,#1566);
#1569=DIRECTION('',(0.E0,-1.E0,0.E0));
#1570=VECTOR('',#1569,3.E-1);
#1571=CARTESIAN_POINT('',(1.25E0,2.35E0,-1.5E0));
#1572=LINE('',#1571,#1570);
#1573=DIRECTION('',(0.E0,-1.E0,0.E0));
#1574=VECTOR('',#1573,3.E-1);
#1575=CARTESIAN_POINT('',(1.25E0,2.35E0,-3.8E0));
#1576=LINE('',#1575,#1574);
#1577=DIRECTION('',(0.E0,-1.E0,0.E0));
#1578=VECTOR('',#1577,3.E-1);
#1579=CARTESIAN_POINT('',(7.5E-1,2.35E0,-3.8E0));
#1580=LINE('',#1579,#1578);
#1581=DIRECTION('',(0.E0,0.E0,-1.E0));
#1582=VECTOR('',#1581,2.3E0);
#1583=CARTESIAN_POINT('',(7.5E-1,2.05E0,-1.5E0));
#1584=LINE('',#1583,#1582);
#1585=DIRECTION('',(-1.E0,0.E0,0.E0));
#1586=VECTOR('',#1585,5.E-1);
#1587=CARTESIAN_POINT('',(1.25E0,2.05E0,-1.5E0));
#1588=LINE('',#1587,#1586);
#1589=DIRECTION('',(0.E0,0.E0,1.E0));
#1590=VECTOR('',#1589,2.3E0);
#1591=CARTESIAN_POINT('',(1.25E0,2.05E0,-3.8E0));
#1592=LINE('',#1591,#1590);
#1593=DIRECTION('',(1.E0,0.E0,0.E0));
#1594=VECTOR('',#1593,5.E-1);
#1595=CARTESIAN_POINT('',(7.5E-1,2.05E0,-3.8E0));
#1596=LINE('',#1595,#1594);
#1597=DIRECTION('',(0.E0,-1.E0,0.E0));
#1598=VECTOR('',#1597,3.E-1);
#1599=CARTESIAN_POINT('',(-1.25E0,2.35E0,-1.5E0));
#1600=LINE('',#1599,#1598);
#1601=DIRECTION('',(0.E0,-1.E0,0.E0));
#1602=VECTOR('',#1601,3.E-1);
#1603=CARTESIAN_POINT('',(-7.5E-1,2.35E0,-1.5E0));
#1604=LINE('',#1603,#1602);
#1605=DIRECTION('',(0.E0,-1.E0,0.E0));
#1606=VECTOR('',#1605,3.E-1);
#1607=CARTESIAN_POINT('',(-7.5E-1,2.35E0,-3.8E0));
#1608=LINE('',#1607,#1606);
#1609=DIRECTION('',(0.E0,-1.E0,0.E0));
#1610=VECTOR('',#1609,3.E-1);
#1611=CARTESIAN_POINT('',(-1.25E0,2.35E0,-3.8E0));
#1612=LINE('',#1611,#1610);
#1613=DIRECTION('',(0.E0,0.E0,-1.E0));
#1614=VECTOR('',#1613,2.3E0);
#1615=CARTESIAN_POINT('',(-1.25E0,2.05E0,-1.5E0));
#1616=LINE('',#1615,#1614);
#1617=DIRECTION('',(-1.E0,0.E0,0.E0));
#1618=VECTOR('',#1617,5.E-1);
#1619=CARTESIAN_POINT('',(-7.5E-1,2.05E0,-1.5E0));
#1620=LINE('',#1619,#1618);
#1621=DIRECTION('',(0.E0,0.E0,1.E0));
#1622=VECTOR('',#1621,2.3E0);
#1623=CARTESIAN_POINT('',(-7.5E-1,2.05E0,-3.8E0));
#1624=LINE('',#1623,#1622);
#1625=DIRECTION('',(1.E0,0.E0,0.E0));
#1626=VECTOR('',#1625,5.E-1);
#1627=CARTESIAN_POINT('',(-1.25E0,2.05E0,-3.8E0));
#1628=LINE('',#1627,#1626);
#1629=DIRECTION('',(-1.E0,0.E0,0.E0));
#1630=VECTOR('',#1629,5.E-1);
#1631=CARTESIAN_POINT('',(-2.75E0,2.05E0,-1.5E0));
#1632=LINE('',#1631,#1630);
#1633=DIRECTION('',(0.E0,0.E0,1.E0));
#1634=VECTOR('',#1633,2.3E0);
#1635=CARTESIAN_POINT('',(-2.75E0,2.05E0,-3.8E0));
#1636=LINE('',#1635,#1634);
#1637=DIRECTION('',(1.E0,0.E0,0.E0));
#1638=VECTOR('',#1637,5.E-1);
#1639=CARTESIAN_POINT('',(-3.25E0,2.05E0,-3.8E0));
#1640=LINE('',#1639,#1638);
#1641=DIRECTION('',(0.E0,-1.E0,0.E0));
#1642=VECTOR('',#1641,3.E-1);
#1643=CARTESIAN_POINT('',(-2.75E0,2.35E0,-1.5E0));
#1644=LINE('',#1643,#1642);
#1645=DIRECTION('',(0.E0,-1.E0,0.E0));
#1646=VECTOR('',#1645,3.E-1);
#1647=CARTESIAN_POINT('',(-2.75E0,2.35E0,-3.8E0));
#1648=LINE('',#1647,#1646);
#1649=DIRECTION('',(1.E0,0.E0,0.E0));
#1650=VECTOR('',#1649,5.E-1);
#1651=CARTESIAN_POINT('',(2.75E0,2.05E0,-3.8E0));
#1652=LINE('',#1651,#1650);
#1653=DIRECTION('',(0.E0,0.E0,-1.E0));
#1654=VECTOR('',#1653,2.3E0);
#1655=CARTESIAN_POINT('',(2.75E0,2.05E0,-1.5E0));
#1656=LINE('',#1655,#1654);
#1657=DIRECTION('',(-1.E0,0.E0,0.E0));
#1658=VECTOR('',#1657,5.E-1);
#1659=CARTESIAN_POINT('',(3.25E0,2.05E0,-1.5E0));
#1660=LINE('',#1659,#1658);
#1661=DIRECTION('',(0.E0,-1.E0,0.E0));
#1662=VECTOR('',#1661,3.E-1);
#1663=CARTESIAN_POINT('',(2.75E0,2.35E0,-3.8E0));
#1664=LINE('',#1663,#1662);
#1665=DIRECTION('',(0.E0,-1.E0,0.E0));
#1666=VECTOR('',#1665,3.E-1);
#1667=CARTESIAN_POINT('',(2.75E0,2.35E0,-1.5E0));
#1668=LINE('',#1667,#1666);
#1669=DIRECTION('',(-1.E0,0.E0,0.E0));
#1670=VECTOR('',#1669,6.5E0);
#1671=CARTESIAN_POINT('',(3.25E0,3.15E0,-3.9E0));
#1672=LINE('',#1671,#1670);
#1673=DIRECTION('',(0.E0,1.E0,0.E0));
#1674=VECTOR('',#1673,5.E-1);
#1675=CARTESIAN_POINT('',(-2.5E-1,1.8E0,2.8E0));
#1676=LINE('',#1675,#1674);
#1677=DIRECTION('',(0.E0,0.E0,-1.E0));
#1678=VECTOR('',#1677,5.25E0);
#1679=CARTESIAN_POINT('',(-2.5E-1,1.8E0,2.8E0));
#1680=LINE('',#1679,#1678);
#1681=CARTESIAN_POINT('',(-2.5E-1,2.6E0,-2.45E0));
#1682=DIRECTION('',(1.E0,0.E0,0.E0));
#1683=DIRECTION('',(0.E0,-1.E0,-1.165734175856E-14));
#1684=AXIS2_PLACEMENT_3D('',#1681,#1682,#1683);
#1686=CARTESIAN_POINT('',(-2.5E-1,2.5E0,-2.55E0));
#1687=DIRECTION('',(-1.E0,0.E0,0.E0));
#1688=DIRECTION('',(0.E0,-7.5E-1,-6.614378277661E-1));
#1689=AXIS2_PLACEMENT_3D('',#1686,#1687,#1688);
#1691=DIRECTION('',(0.E0,0.E0,1.E0));
#1692=VECTOR('',#1691,5.35E0);
#1693=CARTESIAN_POINT('',(-2.5E-1,2.3E0,-2.55E0));
#1694=LINE('',#1693,#1692);
#1695=DIRECTION('',(0.E0,0.E0,-1.E0));
#1696=VECTOR('',#1695,5.E-1);
#1697=CARTESIAN_POINT('',(-2.5E-1,7.6E0,-2.75E0));
#1698=LINE('',#1697,#1696);
#1699=DIRECTION('',(0.E0,-1.E0,0.E0));
#1700=VECTOR('',#1699,3.35E0);
#1701=CARTESIAN_POINT('',(-2.5E-1,7.6E0,-2.75E0));
#1702=LINE('',#1701,#1700);
#1703=DIRECTION('',(0.E0,1.E0,0.E0));
#1704=VECTOR('',#1703,3.35E0);
#1705=CARTESIAN_POINT('',(-2.5E-1,4.25E0,-3.25E0));
#1706=LINE('',#1705,#1704);
#1707=DIRECTION('',(-3.312945782245E-1,3.312945782245E-1,-8.834522085988E-1));
#1708=VECTOR('',#1707,4.527692569069E-1);
#1709=CARTESIAN_POINT('',(-1.E-1,2.15E0,3.2E0));
#1710=LINE('',#1709,#1708);
#1711=DIRECTION('',(3.312945782245E-1,3.312945782245E-1,-8.834522085988E-1));
#1712=VECTOR('',#1711,4.527692569069E-1);
#1713=CARTESIAN_POINT('',(1.E-1,2.15E0,3.2E0));
#1714=LINE('',#1713,#1712);
#1715=DIRECTION('',(-1.E0,0.E0,0.E0));
#1716=VECTOR('',#1715,5.E-1);
#1717=CARTESIAN_POINT('',(2.5E-1,2.3E0,2.8E0));
#1718=LINE('',#1717,#1716);
#1719=DIRECTION('',(1.E0,0.E0,0.E0));
#1720=VECTOR('',#1719,5.E-1);
#1721=CARTESIAN_POINT('',(-2.5E-1,2.3E0,-2.55E0));
#1722=LINE('',#1721,#1720);
#1723=DIRECTION('',(0.E0,-1.E0,0.E0));
#1724=VECTOR('',#1723,5.E-1);
#1725=CARTESIAN_POINT('',(2.5E-1,2.3E0,2.8E0));
#1726=LINE('',#1725,#1724);
#1727=DIRECTION('',(0.E0,0.E0,1.E0));
#1728=VECTOR('',#1727,5.35E0);
#1729=CARTESIAN_POINT('',(2.5E-1,2.3E0,-2.55E0));
#1730=LINE('',#1729,#1728);
#1731=CARTESIAN_POINT('',(2.5E-1,2.5E0,-2.55E0));
#1732=DIRECTION('',(-1.E0,0.E0,0.E0));
#1733=DIRECTION('',(0.E0,-7.5E-1,-6.614378277661E-1));
#1734=AXIS2_PLACEMENT_3D('',#1731,#1732,#1733);
#1736=CARTESIAN_POINT('',(2.5E-1,2.6E0,-2.45E0));
#1737=DIRECTION('',(1.E0,0.E0,0.E0));
#1738=DIRECTION('',(0.E0,-1.E0,-1.165734175856E-14));
#1739=AXIS2_PLACEMENT_3D('',#1736,#1737,#1738);
#1741=DIRECTION('',(0.E0,0.E0,-1.E0));
#1742=VECTOR('',#1741,5.25E0);
#1743=CARTESIAN_POINT('',(2.5E-1,1.8E0,2.8E0));
#1744=LINE('',#1743,#1742);
#1745=DIRECTION('',(0.E0,0.E0,1.E0));
#1746=VECTOR('',#1745,5.E-1);
#1747=CARTESIAN_POINT('',(2.5E-1,7.6E0,-3.25E0));
#1748=LINE('',#1747,#1746);
#1749=DIRECTION('',(0.E0,1.E0,0.E0));
#1750=VECTOR('',#1749,3.35E0);
#1751=CARTESIAN_POINT('',(2.5E-1,4.25E0,-3.25E0));
#1752=LINE('',#1751,#1750);
#1753=DIRECTION('',(0.E0,-1.E0,0.E0));
#1754=VECTOR('',#1753,3.35E0);
#1755=CARTESIAN_POINT('',(2.5E-1,7.6E0,-2.75E0));
#1756=LINE('',#1755,#1754);
#1757=DIRECTION('',(-3.312945782245E-1,-3.312945782245E-1,-8.834522085988E-1));
#1758=VECTOR('',#1757,4.527692569069E-1);
#1759=CARTESIAN_POINT('',(-1.E-1,1.95E0,3.2E0));
#1760=LINE('',#1759,#1758);
#1761=DIRECTION('',(-3.312945782245E-1,3.312945782245E-1,8.834522085988E-1));
#1762=VECTOR('',#1761,4.527692569069E-1);
#1763=CARTESIAN_POINT('',(2.5E-1,1.8E0,2.8E0));
#1764=LINE('',#1763,#1762);
#1765=DIRECTION('',(-1.E0,0.E0,0.E0));
#1766=VECTOR('',#1765,2.E-1);
#1767=CARTESIAN_POINT('',(1.E-1,1.95E0,3.2E0));
#1768=LINE('',#1767,#1766);
#1769=DIRECTION('',(0.E0,1.E0,0.E0));
#1770=VECTOR('',#1769,2.E-1);
#1771=CARTESIAN_POINT('',(-1.E-1,1.95E0,3.2E0));
#1772=LINE('',#1771,#1770);
#1773=DIRECTION('',(-1.E0,0.E0,0.E0));
#1774=VECTOR('',#1773,2.E-1);
#1775=CARTESIAN_POINT('',(1.E-1,2.15E0,3.2E0));
#1776=LINE('',#1775,#1774);
#1777=DIRECTION('',(0.E0,-1.E0,0.E0));
#1778=VECTOR('',#1777,2.E-1);
#1779=CARTESIAN_POINT('',(1.E-1,2.15E0,3.2E0));
#1780=LINE('',#1779,#1778);
#1781=DIRECTION('',(-1.E0,0.E0,0.E0));
#1782=VECTOR('',#1781,5.E-1);
#1783=CARTESIAN_POINT('',(2.5E-1,1.8E0,2.8E0));
#1784=LINE('',#1783,#1782);
#1785=DIRECTION('',(1.E0,0.E0,0.E0));
#1786=VECTOR('',#1785,5.E-1);
#1787=CARTESIAN_POINT('',(-2.5E-1,1.8E0,-2.45E0));
#1788=LINE('',#1787,#1786);
#1789=DIRECTION('',(3.312945782245E-1,-8.834522085988E-1,3.312945782245E-1));
#1790=VECTOR('',#1789,4.527692569069E-1);
#1791=CARTESIAN_POINT('',(1.E-1,8.E0,-2.9E0));
#1792=LINE('',#1791,#1790);
#1793=DIRECTION('',(3.312945782245E-1,-8.834522085988E-1,-3.312945782245E-1));
#1794=VECTOR('',#1793,4.527692569069E-1);
#1795=CARTESIAN_POINT('',(1.E-1,8.E0,-3.1E0));
#1796=LINE('',#1795,#1794);
#1797=DIRECTION('',(-3.312945782245E-1,-8.834522085988E-1,-3.312945782245E-1));
#1798=VECTOR('',#1797,4.527692569069E-1);
#1799=CARTESIAN_POINT('',(-1.E-1,8.E0,-3.1E0));
#1800=LINE('',#1799,#1798);
#1801=DIRECTION('',(-1.E0,0.E0,0.E0));
#1802=VECTOR('',#1801,2.E-1);
#1803=CARTESIAN_POINT('',(1.E-1,8.E0,-2.9E0));
#1804=LINE('',#1803,#1802);
#1805=DIRECTION('',(0.E0,0.E0,-1.E0));
#1806=VECTOR('',#1805,2.E-1);
#1807=CARTESIAN_POINT('',(-1.E-1,8.E0,-2.9E0));
#1808=LINE('',#1807,#1806);
#1809=DIRECTION('',(-1.E0,0.E0,0.E0));
#1810=VECTOR('',#1809,2.E-1);
#1811=CARTESIAN_POINT('',(1.E-1,8.E0,-3.1E0));
#1812=LINE('',#1811,#1810);
#1813=DIRECTION('',(0.E0,0.E0,1.E0));
#1814=VECTOR('',#1813,2.E-1);
#1815=CARTESIAN_POINT('',(1.E-1,8.E0,-3.1E0));
#1816=LINE('',#1815,#1814);
#1817=DIRECTION('',(-3.312945782245E-1,-8.834522085988E-1,3.312945782245E-1));
#1818=VECTOR('',#1817,4.527692569069E-1);
#1819=CARTESIAN_POINT('',(-1.E-1,8.E0,-2.9E0));
#1820=LINE('',#1819,#1818);
#1821=DIRECTION('',(-1.E0,0.E0,0.E0));
#1822=VECTOR('',#1821,5.E-1);
#1823=CARTESIAN_POINT('',(2.5E-1,7.6E0,-2.75E0));
#1824=LINE('',#1823,#1822);
#1825=DIRECTION('',(-1.E0,0.E0,0.E0));
#1826=VECTOR('',#1825,5.E-1);
#1827=CARTESIAN_POINT('',(2.5E-1,7.6E0,-3.25E0));
#1828=LINE('',#1827,#1826);
#1829=DIRECTION('',(0.E0,0.E0,1.E0));
#1830=VECTOR('',#1829,3.2E0);
#1831=CARTESIAN_POINT('',(1.75E0,2.3E0,-2.55E0));
#1832=LINE('',#1831,#1830);
#1833=DIRECTION('',(0.E0,-1.E0,0.E0));
#1834=VECTOR('',#1833,5.E-1);
#1835=CARTESIAN_POINT('',(1.75E0,2.3E0,6.5E-1));
#1836=LINE('',#1835,#1834);
#1837=CARTESIAN_POINT('',(1.75E0,2.6E0,-2.45E0));
#1838=DIRECTION('',(1.E0,0.E0,0.E0));
#1839=DIRECTION('',(0.E0,-1.E0,0.E0));
#1840=AXIS2_PLACEMENT_3D('',#1837,#1838,#1839);
#1842=CARTESIAN_POINT('',(1.75E0,2.5E0,-2.55E0));
#1843=DIRECTION('',(-1.E0,0.E0,0.E0));
#1844=DIRECTION('',(0.E0,-7.5E-1,-6.614378277661E-1));
#1845=AXIS2_PLACEMENT_3D('',#1842,#1843,#1844);
#1847=DIRECTION('',(0.E0,0.E0,-1.E0));
#1848=VECTOR('',#1847,5.E-1);
#1849=CARTESIAN_POINT('',(1.75E0,7.6E0,-2.75E0));
#1850=LINE('',#1849,#1848);
#1851=DIRECTION('',(0.E0,-1.E0,0.E0));
#1852=VECTOR('',#1851,3.35E0);
#1853=CARTESIAN_POINT('',(1.75E0,7.6E0,-2.75E0));
#1854=LINE('',#1853,#1852);
#1855=DIRECTION('',(0.E0,1.E0,0.E0));
#1856=VECTOR('',#1855,3.35E0);
#1857=CARTESIAN_POINT('',(1.75E0,4.25E0,-3.25E0));
#1858=LINE('',#1857,#1856);
#1859=DIRECTION('',(9.396926207859E-1,0.E0,3.420201433257E-1));
#1860=VECTOR('',#1859,5.E-1);
#1861=CARTESIAN_POINT('',(1.796063530199E0,2.3E0,2.703112880023E0));
#1862=LINE('',#1861,#1860);
#1863=DIRECTION('',(3.420201433257E-1,0.E0,-9.396926207859E-1));
#1864=VECTOR('',#1863,8.488681381748E-1);
#1865=CARTESIAN_POINT('',(1.796063530199E0,2.3E0,2.703112880023E0));
#1866=LINE('',#1865,#1864);
#1867=DIRECTION('',(-2.588190451025E-1,0.E0,-9.659258262891E-1));
#1868=VECTOR('',#1867,1.299724803283E0);
#1869=CARTESIAN_POINT('',(2.086393532482E0,2.3E0,1.905437754560E0));
#1870=LINE('',#1869,#1868);
#1871=DIRECTION('',(1.E0,0.E0,0.E0));
#1872=VECTOR('',#1871,5.E-1);
#1873=CARTESIAN_POINT('',(1.75E0,2.3E0,-2.55E0));
#1874=LINE('',#1873,#1872);
#1875=DIRECTION('',(2.588190451025E-1,0.E0,9.659258262891E-1));
#1876=VECTOR('',#1875,1.352296156805E0);
#1877=CARTESIAN_POINT('',(2.25E0,2.3E0,6.5E-1));
#1878=LINE('',#1877,#1876);
#1879=DIRECTION('',(-3.420201433257E-1,0.E0,9.396926207859E-1));
#1880=VECTOR('',#1879,9.768142781294E-1);
#1881=CARTESIAN_POINT('',(2.6E0,2.3E0,1.956217782649E0));
#1882=LINE('',#1881,#1880);
#1883=DIRECTION('',(6.134735214703E-1,3.312945782245E-1,-7.168641021099E-1));
#1884=VECTOR('',#1883,4.527692569069E-1);
#1885=CARTESIAN_POINT('',(1.988147890143E0,2.15E0,3.198696978501E0));
#1886=LINE('',#1885,#1884);
#1887=DIRECTION('',(6.134735214703E-1,-3.312945782245E-1,-7.168641021099E-1));
#1888=VECTOR('',#1887,4.527692569069E-1);
#1889=CARTESIAN_POINT('',(1.988147890143E0,1.95E0,3.198696978501E0));
#1890=LINE('',#1889,#1888);
#1891=DIRECTION('',(0.E0,1.E0,0.E0));
#1892=VECTOR('',#1891,5.E-1);
#1893=CARTESIAN_POINT('',(2.265909840592E0,1.8E0,2.874122951686E0));
#1894=LINE('',#1893,#1892);
#1895=DIRECTION('',(0.E0,-1.E0,0.E0));
#1896=VECTOR('',#1895,5.E-1);
#1897=CARTESIAN_POINT('',(2.6E0,2.3E0,1.956217782649E0));
#1898=LINE('',#1897,#1896);
#1899=DIRECTION('',(0.E0,-1.E0,0.E0));
#1900=VECTOR('',#1899,5.E-1);
#1901=CARTESIAN_POINT('',(2.25E0,2.3E0,6.5E-1));
#1902=LINE('',#1901,#1900);
#1903=DIRECTION('',(0.E0,0.E0,-1.E0));
#1904=VECTOR('',#1903,3.2E0);
#1905=CARTESIAN_POINT('',(2.25E0,2.3E0,6.5E-1));
#1906=LINE('',#1905,#1904);
#1907=CARTESIAN_POINT('',(2.25E0,2.5E0,-2.55E0));
#1908=DIRECTION('',(-1.E0,0.E0,0.E0));
#1909=DIRECTION('',(0.E0,-7.5E-1,-6.614378277661E-1));
#1910=AXIS2_PLACEMENT_3D('',#1907,#1908,#1909);
#1912=CARTESIAN_POINT('',(2.25E0,2.6E0,-2.45E0));
#1913=DIRECTION('',(1.E0,0.E0,0.E0));
#1914=DIRECTION('',(0.E0,-1.E0,0.E0));
#1915=AXIS2_PLACEMENT_3D('',#1912,#1913,#1914);
#1917=DIRECTION('',(0.E0,0.E0,1.E0));
#1918=VECTOR('',#1917,5.E-1);
#1919=CARTESIAN_POINT('',(2.25E0,7.6E0,-3.25E0));
#1920=LINE('',#1919,#1918);
#1921=DIRECTION('',(0.E0,1.E0,0.E0));
#1922=VECTOR('',#1921,3.35E0);
#1923=CARTESIAN_POINT('',(2.25E0,4.25E0,-3.25E0));
#1924=LINE('',#1923,#1922);
#1925=DIRECTION('',(0.E0,-1.E0,0.E0));
#1926=VECTOR('',#1925,3.35E0);
#1927=CARTESIAN_POINT('',(2.25E0,7.6E0,-2.75E0));
#1928=LINE('',#1927,#1926);
#1929=DIRECTION('',(-9.396926207859E-1,0.E0,-3.420201433257E-1));
#1930=VECTOR('',#1929,5.E-1);
#1931=CARTESIAN_POINT('',(2.265909840592E0,1.8E0,2.874122951686E0));
#1932=LINE('',#1931,#1930);
#1933=DIRECTION('',(-3.420201433257E-1,0.E0,9.396926207859E-1));
#1934=VECTOR('',#1933,9.768142781294E-1);
#1935=CARTESIAN_POINT('',(2.6E0,1.8E0,1.956217782649E0));
#1936=LINE('',#1935,#1934);
#1937=DIRECTION('',(2.588190451025E-1,0.E0,9.659258262891E-1));
#1938=VECTOR('',#1937,1.352296156805E0);
#1939=CARTESIAN_POINT('',(2.25E0,1.8E0,6.5E-1));
#1940=LINE('',#1939,#1938);
#1941=DIRECTION('',(0.E0,0.E0,-1.E0));
#1942=VECTOR('',#1941,3.1E0);
#1943=CARTESIAN_POINT('',(2.25E0,1.8E0,6.5E-1));
#1944=LINE('',#1943,#1942);
#1945=DIRECTION('',(0.E0,0.E0,1.E0));
#1946=VECTOR('',#1945,3.1E0);
#1947=CARTESIAN_POINT('',(1.75E0,1.8E0,-2.45E0));
#1948=LINE('',#1947,#1946);
#1949=DIRECTION('',(-2.588190451025E-1,0.E0,-9.659258262891E-1));
#1950=VECTOR('',#1949,1.299724803283E0);
#1951=CARTESIAN_POINT('',(2.086393532482E0,1.8E0,1.905437754560E0));
#1952=LINE('',#1951,#1950);
#1953=DIRECTION('',(3.420201433257E-1,0.E0,-9.396926207859E-1));
#1954=VECTOR('',#1953,8.488681381748E-1);
#1955=CARTESIAN_POINT('',(1.796063530199E0,1.8E0,2.703112880023E0));
#1956=LINE('',#1955,#1954);
#1957=DIRECTION('',(0.E0,1.E0,0.E0));
#1958=VECTOR('',#1957,2.E-1);
#1959=CARTESIAN_POINT('',(1.800209365986E0,1.95E0,3.130292949836E0));
#1960=LINE('',#1959,#1958);
#1961=DIRECTION('',(9.396926207859E-1,0.E0,3.420201433257E-1));
#1962=VECTOR('',#1961,2.E-1);
#1963=CARTESIAN_POINT('',(1.800209365986E0,2.15E0,3.130292949836E0));
#1964=LINE('',#1963,#1962);
#1965=DIRECTION('',(0.E0,1.E0,0.E0));
#1966=VECTOR('',#1965,2.E-1);
#1967=CARTESIAN_POINT('',(1.988147890143E0,1.95E0,3.198696978501E0));
#1968=LINE('',#1967,#1966);
#1969=DIRECTION('',(-9.396926207859E-1,0.E0,-3.420201433257E-1));
#1970=VECTOR('',#1969,2.E-1);
#1971=CARTESIAN_POINT('',(1.988147890143E0,1.95E0,3.198696978501E0));
#1972=LINE('',#1971,#1970);
#1973=DIRECTION('',(-9.156619457648E-3,3.312945782245E-1,-9.434829403647E-1));
#1974=VECTOR('',#1973,4.527692569069E-1);
#1975=CARTESIAN_POINT('',(1.800209365986E0,2.15E0,3.130292949836E0));
#1976=LINE('',#1975,#1974);
#1977=DIRECTION('',(9.156619457648E-3,3.312945782245E-1,9.434829403647E-1));
#1978=VECTOR('',#1977,4.527692569069E-1);
#1979=CARTESIAN_POINT('',(1.796063530199E0,1.8E0,2.703112880023E0));
#1980=LINE('',#1979,#1978);
#1981=DIRECTION('',(0.E0,1.E0,0.E0));
#1982=VECTOR('',#1981,5.E-1);
#1983=CARTESIAN_POINT('',(1.796063530199E0,1.8E0,2.703112880023E0));
#1984=LINE('',#1983,#1982);
#1985=DIRECTION('',(0.E0,-1.E0,0.E0));
#1986=VECTOR('',#1985,5.E-1);
#1987=CARTESIAN_POINT('',(2.086393532482E0,2.3E0,1.905437754560E0));
#1988=LINE('',#1987,#1986);
#1989=DIRECTION('',(1.E0,0.E0,0.E0));
#1990=VECTOR('',#1989,5.E-1);
#1991=CARTESIAN_POINT('',(1.75E0,1.8E0,-2.45E0));
#1992=LINE('',#1991,#1990);
#1993=DIRECTION('',(3.312945782245E-1,-8.834522085988E-1,3.312945782245E-1));
#1994=VECTOR('',#1993,4.527692569069E-1);
#1995=CARTESIAN_POINT('',(2.1E0,8.E0,-2.9E0));
#1996=LINE('',#1995,#1994);
#1997=DIRECTION('',(-1.E0,0.E0,0.E0));
#1998=VECTOR('',#1997,2.E-1);
#1999=CARTESIAN_POINT('',(2.1E0,8.E0,-2.9E0));
#2000=LINE('',#1999,#1998);
#2001=DIRECTION('',(0.E0,0.E0,-1.E0));
#2002=VECTOR('',#2001,2.E-1);
#2003=CARTESIAN_POINT('',(1.9E0,8.E0,-2.9E0));
#2004=LINE('',#2003,#2002);
#2005=DIRECTION('',(-1.E0,0.E0,-1.332267629550E-14));
#2006=VECTOR('',#2005,2.E-1);
#2007=CARTESIAN_POINT('',(2.1E0,8.E0,-3.1E0));
#2008=LINE('',#2007,#2006);
#2009=DIRECTION('',(0.E0,0.E0,1.E0));
#2010=VECTOR('',#2009,2.E-1);
#2011=CARTESIAN_POINT('',(2.1E0,8.E0,-3.1E0));
#2012=LINE('',#2011,#2010);
#2013=DIRECTION('',(-3.312945782245E-1,-8.834522085988E-1,3.312945782245E-1));
#2014=VECTOR('',#2013,4.527692569069E-1);
#2015=CARTESIAN_POINT('',(1.9E0,8.E0,-2.9E0));
#2016=LINE('',#2015,#2014);
#2017=DIRECTION('',(-1.E0,0.E0,0.E0));
#2018=VECTOR('',#2017,5.E-1);
#2019=CARTESIAN_POINT('',(2.25E0,7.6E0,-2.75E0));
#2020=LINE('',#2019,#2018);
#2021=DIRECTION('',(-3.312945782245E-1,-8.834522085988E-1,-3.312945782245E-1));
#2022=VECTOR('',#2021,4.527692569069E-1);
#2023=CARTESIAN_POINT('',(1.9E0,8.E0,-3.1E0));
#2024=LINE('',#2023,#2022);
#2025=DIRECTION('',(3.312945782245E-1,-8.834522085988E-1,-3.312945782245E-1));
#2026=VECTOR('',#2025,4.527692569069E-1);
#2027=CARTESIAN_POINT('',(2.1E0,8.E0,-3.1E0));
#2028=LINE('',#2027,#2026);
#2029=DIRECTION('',(-1.E0,0.E0,0.E0));
#2030=VECTOR('',#2029,5.E-1);
#2031=CARTESIAN_POINT('',(2.25E0,7.6E0,-3.25E0));
#2032=LINE('',#2031,#2030);
#2033=DIRECTION('',(0.E0,-1.E0,0.E0));
#2034=VECTOR('',#2033,5.E-1);
#2035=CARTESIAN_POINT('',(-1.75E0,2.3E0,6.5E-1));
#2036=LINE('',#2035,#2034);
#2037=DIRECTION('',(0.E0,0.E0,-1.E0));
#2038=VECTOR('',#2037,3.2E0);
#2039=CARTESIAN_POINT('',(-1.75E0,2.3E0,6.5E-1));
#2040=LINE('',#2039,#2038);
#2041=CARTESIAN_POINT('',(-1.75E0,2.5E0,-2.55E0));
#2042=DIRECTION('',(-1.E0,0.E0,0.E0));
#2043=DIRECTION('',(0.E0,-7.5E-1,-6.614378277661E-1));
#2044=AXIS2_PLACEMENT_3D('',#2041,#2042,#2043);
#2046=CARTESIAN_POINT('',(-1.75E0,2.6E0,-2.45E0));
#2047=DIRECTION('',(1.E0,0.E0,0.E0));
#2048=DIRECTION('',(0.E0,-1.E0,0.E0));
#2049=AXIS2_PLACEMENT_3D('',#2046,#2047,#2048);
#2051=DIRECTION('',(0.E0,0.E0,1.E0));
#2052=VECTOR('',#2051,5.E-1);
#2053=CARTESIAN_POINT('',(-1.75E0,7.6E0,-3.25E0));
#2054=LINE('',#2053,#2052);
#2055=DIRECTION('',(0.E0,1.E0,0.E0));
#2056=VECTOR('',#2055,3.35E0);
#2057=CARTESIAN_POINT('',(-1.75E0,4.25E0,-3.25E0));
#2058=LINE('',#2057,#2056);
#2059=DIRECTION('',(0.E0,-1.E0,0.E0));
#2060=VECTOR('',#2059,3.35E0);
#2061=CARTESIAN_POINT('',(-1.75E0,7.6E0,-2.75E0));
#2062=LINE('',#2061,#2060);
#2063=DIRECTION('',(-9.396926207859E-1,0.E0,3.420201433257E-1));
#2064=VECTOR('',#2063,5.E-1);
#2065=CARTESIAN_POINT('',(-1.796063530199E0,1.8E0,2.703112880023E0));
#2066=LINE('',#2065,#2064);
#2067=DIRECTION('',(-3.420201433257E-1,0.E0,-9.396926207859E-1));
#2068=VECTOR('',#2067,8.488681381748E-1);
#2069=CARTESIAN_POINT('',(-1.796063530199E0,1.8E0,2.703112880023E0));
#2070=LINE('',#2069,#2068);
#2071=DIRECTION('',(2.588190451025E-1,0.E0,-9.659258262891E-1));
#2072=VECTOR('',#2071,1.299724803283E0);
#2073=CARTESIAN_POINT('',(-2.086393532482E0,1.8E0,1.905437754560E0));
#2074=LINE('',#2073,#2072);
#2075=DIRECTION('',(0.E0,0.E0,-1.E0));
#2076=VECTOR('',#2075,3.1E0);
#2077=CARTESIAN_POINT('',(-1.75E0,1.8E0,6.5E-1));
#2078=LINE('',#2077,#2076);
#2079=DIRECTION('',(0.E0,0.E0,1.E0));
#2080=VECTOR('',#2079,3.1E0);
#2081=CARTESIAN_POINT('',(-2.25E0,1.8E0,-2.45E0));
#2082=LINE('',#2081,#2080);
#2083=DIRECTION('',(-2.588190451025E-1,0.E0,9.659258262891E-1));
#2084=VECTOR('',#2083,1.352296156805E0);
#2085=CARTESIAN_POINT('',(-2.25E0,1.8E0,6.5E-1));
#2086=LINE('',#2085,#2084);
#2087=DIRECTION('',(3.420201433257E-1,0.E0,9.396926207859E-1));
#2088=VECTOR('',#2087,9.768142781294E-1);
#2089=CARTESIAN_POINT('',(-2.6E0,1.8E0,1.956217782649E0));
#2090=LINE('',#2089,#2088);
#2091=DIRECTION('',(-6.134735214703E-1,-3.312945782245E-1,-7.168641021099E-1));
#2092=VECTOR('',#2091,4.527692569069E-1);
#2093=CARTESIAN_POINT('',(-1.988147890143E0,1.95E0,3.198696978501E0));
#2094=LINE('',#2093,#2092);
#2095=DIRECTION('',(-6.134735214703E-1,3.312945782245E-1,-7.168641021099E-1));
#2096=VECTOR('',#2095,4.527692569069E-1);
#2097=CARTESIAN_POINT('',(-1.988147890143E0,2.15E0,3.198696978501E0));
#2098=LINE('',#2097,#2096);
#2099=DIRECTION('',(0.E0,-1.E0,0.E0));
#2100=VECTOR('',#2099,5.E-1);
#2101=CARTESIAN_POINT('',(-2.265909840592E0,2.3E0,2.874122951686E0));
#2102=LINE('',#2101,#2100);
#2103=DIRECTION('',(0.E0,-1.E0,0.E0));
#2104=VECTOR('',#2103,5.E-1);
#2105=CARTESIAN_POINT('',(-2.6E0,2.3E0,1.956217782649E0));
#2106=LINE('',#2105,#2104);
#2107=DIRECTION('',(0.E0,-1.E0,0.E0));
#2108=VECTOR('',#2107,5.E-1);
#2109=CARTESIAN_POINT('',(-2.25E0,2.3E0,6.5E-1));
#2110=LINE('',#2109,#2108);
#2111=DIRECTION('',(9.396926207859E-1,0.E0,-3.420201433257E-1));
#2112=VECTOR('',#2111,5.E-1);
#2113=CARTESIAN_POINT('',(-2.265909840592E0,2.3E0,2.874122951686E0));
#2114=LINE('',#2113,#2112);
#2115=DIRECTION('',(3.420201433257E-1,0.E0,9.396926207859E-1));
#2116=VECTOR('',#2115,9.768142781294E-1);
#2117=CARTESIAN_POINT('',(-2.6E0,2.3E0,1.956217782649E0));
#2118=LINE('',#2117,#2116);
#2119=DIRECTION('',(-2.588190451025E-1,0.E0,9.659258262891E-1));
#2120=VECTOR('',#2119,1.352296156805E0);
#2121=CARTESIAN_POINT('',(-2.25E0,2.3E0,6.5E-1));
#2122=LINE('',#2121,#2120);
#2123=DIRECTION('',(-1.E0,0.E0,0.E0));
#2124=VECTOR('',#2123,5.E-1);
#2125=CARTESIAN_POINT('',(-1.75E0,2.3E0,-2.55E0));
#2126=LINE('',#2125,#2124);
#2127=DIRECTION('',(2.588190451025E-1,0.E0,-9.659258262891E-1));
#2128=VECTOR('',#2127,1.299724803283E0);
#2129=CARTESIAN_POINT('',(-2.086393532482E0,2.3E0,1.905437754560E0));
#2130=LINE('',#2129,#2128);
#2131=DIRECTION('',(-3.420201433257E-1,0.E0,-9.396926207859E-1));
#2132=VECTOR('',#2131,8.488681381748E-1);
#2133=CARTESIAN_POINT('',(-1.796063530199E0,2.3E0,2.703112880023E0));
#2134=LINE('',#2133,#2132);
#2135=DIRECTION('',(0.E0,-1.E0,0.E0));
#2136=VECTOR('',#2135,2.E-1);
#2137=CARTESIAN_POINT('',(-1.800209365986E0,2.15E0,3.130292949836E0));
#2138=LINE('',#2137,#2136);
#2139=DIRECTION('',(-9.396926207859E-1,0.E0,3.420201433257E-1));
#2140=VECTOR('',#2139,2.E-1);
#2141=CARTESIAN_POINT('',(-1.800209365986E0,1.95E0,3.130292949836E0));
#2142=LINE('',#2141,#2140);
#2143=DIRECTION('',(0.E0,-1.E0,0.E0));
#2144=VECTOR('',#2143,2.E-1);
#2145=CARTESIAN_POINT('',(-1.988147890143E0,2.15E0,3.198696978501E0));
#2146=LINE('',#2145,#2144);
#2147=DIRECTION('',(9.396926207859E-1,0.E0,-3.420201433257E-1));
#2148=VECTOR('',#2147,2.E-1);
#2149=CARTESIAN_POINT('',(-1.988147890143E0,2.15E0,3.198696978501E0));
#2150=LINE('',#2149,#2148);
#2151=DIRECTION('',(-9.156619457648E-3,-3.312945782245E-1,9.434829403647E-1));
#2152=VECTOR('',#2151,4.527692569069E-1);
#2153=CARTESIAN_POINT('',(-1.796063530199E0,2.3E0,2.703112880023E0));
#2154=LINE('',#2153,#2152);
#2155=DIRECTION('',(9.156619457648E-3,-3.312945782245E-1,-9.434829403647E-1));
#2156=VECTOR('',#2155,4.527692569069E-1);
#2157=CARTESIAN_POINT('',(-1.800209365986E0,1.95E0,3.130292949836E0));
#2158=LINE('',#2157,#2156);
#2159=DIRECTION('',(0.E0,-1.E0,0.E0));
#2160=VECTOR('',#2159,5.E-1);
#2161=CARTESIAN_POINT('',(-1.796063530199E0,2.3E0,2.703112880023E0));
#2162=LINE('',#2161,#2160);
#2163=DIRECTION('',(0.E0,-1.E0,0.E0));
#2164=VECTOR('',#2163,5.E-1);
#2165=CARTESIAN_POINT('',(-2.086393532482E0,2.3E0,1.905437754560E0));
#2166=LINE('',#2165,#2164);
#2167=DIRECTION('',(0.E0,0.E0,1.E0));
#2168=VECTOR('',#2167,3.2E0);
#2169=CARTESIAN_POINT('',(-2.25E0,2.3E0,-2.55E0));
#2170=LINE('',#2169,#2168);
#2171=CARTESIAN_POINT('',(-2.25E0,2.6E0,-2.45E0));
#2172=DIRECTION('',(1.E0,0.E0,0.E0));
#2173=DIRECTION('',(0.E0,-1.E0,0.E0));
#2174=AXIS2_PLACEMENT_3D('',#2171,#2172,#2173);
#2176=CARTESIAN_POINT('',(-2.25E0,2.5E0,-2.55E0));
#2177=DIRECTION('',(-1.E0,0.E0,0.E0));
#2178=DIRECTION('',(0.E0,-7.5E-1,-6.614378277661E-1));
#2179=AXIS2_PLACEMENT_3D('',#2176,#2177,#2178);
#2181=DIRECTION('',(0.E0,0.E0,-1.E0));
#2182=VECTOR('',#2181,5.E-1);
#2183=CARTESIAN_POINT('',(-2.25E0,7.6E0,-2.75E0));
#2184=LINE('',#2183,#2182);
#2185=DIRECTION('',(0.E0,-1.E0,0.E0));
#2186=VECTOR('',#2185,3.35E0);
#2187=CARTESIAN_POINT('',(-2.25E0,7.6E0,-2.75E0));
#2188=LINE('',#2187,#2186);
#2189=DIRECTION('',(0.E0,1.E0,0.E0));
#2190=VECTOR('',#2189,3.35E0);
#2191=CARTESIAN_POINT('',(-2.25E0,4.25E0,-3.25E0));
#2192=LINE('',#2191,#2190);
#2193=DIRECTION('',(-1.E0,0.E0,0.E0));
#2194=VECTOR('',#2193,5.E-1);
#2195=CARTESIAN_POINT('',(-1.75E0,1.8E0,-2.45E0));
#2196=LINE('',#2195,#2194);
#2197=DIRECTION('',(-3.312945782245E-1,-8.834522085988E-1,-3.312945782245E-1));
#2198=VECTOR('',#2197,4.527692569069E-1);
#2199=CARTESIAN_POINT('',(-2.1E0,8.E0,-3.1E0));
#2200=LINE('',#2199,#2198);
#2201=DIRECTION('',(3.312945782245E-1,-8.834522085988E-1,-3.312945782245E-1));
#2202=VECTOR('',#2201,4.527692569069E-1);
#2203=CARTESIAN_POINT('',(-1.9E0,8.E0,-3.1E0));
#2204=LINE('',#2203,#2202);
#2205=DIRECTION('',(-1.E0,0.E0,0.E0));
#2206=VECTOR('',#2205,5.E-1);
#2207=CARTESIAN_POINT('',(-1.75E0,7.6E0,-3.25E0));
#2208=LINE('',#2207,#2206);
#2209=DIRECTION('',(3.312945782245E-1,-8.834522085988E-1,3.312945782245E-1));
#2210=VECTOR('',#2209,4.527692569069E-1);
#2211=CARTESIAN_POINT('',(-1.9E0,8.E0,-2.9E0));
#2212=LINE('',#2211,#2210);
#2213=DIRECTION('',(-1.E0,0.E0,0.E0));
#2214=VECTOR('',#2213,2.E-1);
#2215=CARTESIAN_POINT('',(-1.9E0,8.E0,-2.9E0));
#2216=LINE('',#2215,#2214);
#2217=DIRECTION('',(0.E0,0.E0,-1.E0));
#2218=VECTOR('',#2217,2.E-1);
#2219=CARTESIAN_POINT('',(-2.1E0,8.E0,-2.9E0));
#2220=LINE('',#2219,#2218);
#2221=DIRECTION('',(-1.E0,0.E0,0.E0));
#2222=VECTOR('',#2221,2.E-1);
#2223=CARTESIAN_POINT('',(-1.9E0,8.E0,-3.1E0));
#2224=LINE('',#2223,#2222);
#2225=DIRECTION('',(0.E0,0.E0,1.E0));
#2226=VECTOR('',#2225,2.E-1);
#2227=CARTESIAN_POINT('',(-1.9E0,8.E0,-3.1E0));
#2228=LINE('',#2227,#2226);
#2229=DIRECTION('',(-3.312945782245E-1,-8.834522085988E-1,3.312945782245E-1));
#2230=VECTOR('',#2229,4.527692569069E-1);
#2231=CARTESIAN_POINT('',(-2.1E0,8.E0,-2.9E0));
#2232=LINE('',#2231,#2230);
#2233=DIRECTION('',(-1.E0,0.E0,0.E0));
#2234=VECTOR('',#2233,5.E-1);
#2235=CARTESIAN_POINT('',(-1.75E0,7.6E0,-2.75E0));
#2236=LINE('',#2235,#2234);
#2237=DIRECTION('',(0.E0,0.E0,-1.E0));
#2238=VECTOR('',#2237,9.E-1);
#2239=CARTESIAN_POINT('',(-3.39E0,2.55E0,-4.9E0));
#2240=LINE('',#2239,#2238);
#2241=DIRECTION('',(-1.E0,0.E0,0.E0));
#2242=VECTOR('',#2241,1.4E-1);
#2243=CARTESIAN_POINT('',(-3.25E0,2.55E0,-4.9E0));
#2244=LINE('',#2243,#2242);
#2245=DIRECTION('',(0.E0,0.E0,1.E0));
#2246=VECTOR('',#2245,9.E-1);
#2247=CARTESIAN_POINT('',(3.39E0,2.55E0,-5.8E0));
#2248=LINE('',#2247,#2246);
#2249=DIRECTION('',(-1.E0,0.E0,0.E0));
#2250=VECTOR('',#2249,1.4E-1);
#2251=CARTESIAN_POINT('',(3.39E0,2.55E0,-4.9E0));
#2252=LINE('',#2251,#2250);
#2253=DIRECTION('',(0.E0,1.E0,0.E0));
#2254=VECTOR('',#2253,2.E-1);
#2255=CARTESIAN_POINT('',(-3.39E0,2.35E0,-4.9E0));
#2256=LINE('',#2255,#2254);
#2257=DIRECTION('',(0.E0,1.E0,0.E0));
#2258=VECTOR('',#2257,2.E-1);
#2259=CARTESIAN_POINT('',(3.39E0,2.35E0,-4.9E0));
#2260=LINE('',#2259,#2258);
#2261=DIRECTION('',(1.E0,0.E0,0.E0));
#2262=VECTOR('',#2261,4.4E0);
#2263=CARTESIAN_POINT('',(-2.2E0,2.55E0,-4.9E0));
#2264=LINE('',#2263,#2262);
#2265=DIRECTION('',(0.E0,1.E0,0.E0));
#2266=VECTOR('',#2265,6.E-1);
#2267=CARTESIAN_POINT('',(-2.2E0,2.55E0,-4.9E0));
#2268=LINE('',#2267,#2266);
#2269=DIRECTION('',(0.E0,1.E0,0.E0));
#2270=VECTOR('',#2269,6.E-1);
#2271=CARTESIAN_POINT('',(2.2E0,2.55E0,-4.9E0));
#2272=LINE('',#2271,#2270);
#2273=DIRECTION('',(0.E0,0.E0,1.E0));
#2274=VECTOR('',#2273,9.E-1);
#2275=CARTESIAN_POINT('',(-2.2E0,2.55E0,-5.8E0));
#2276=LINE('',#2275,#2274);
#2277=DIRECTION('',(0.E0,1.E0,0.E0));
#2278=VECTOR('',#2277,6.E-1);
#2279=CARTESIAN_POINT('',(-2.2E0,2.55E0,-5.8E0));
#2280=LINE('',#2279,#2278);
#2281=DIRECTION('',(0.E0,0.E0,1.E0));
#2282=VECTOR('',#2281,9.E-1);
#2283=CARTESIAN_POINT('',(-2.2E0,3.15E0,-5.8E0));
#2284=LINE('',#2283,#2282);
#2285=DIRECTION('',(0.E0,1.E0,0.E0));
#2286=VECTOR('',#2285,1.E-1);
#2287=CARTESIAN_POINT('',(1.05E0,3.15E0,-5.8E0));
#2288=LINE('',#2287,#2286);
#2289=DIRECTION('',(1.E0,0.E0,0.E0));
#2290=VECTOR('',#2289,4.4E0);
#2291=CARTESIAN_POINT('',(-2.2E0,2.55E0,-5.8E0));
#2292=LINE('',#2291,#2290);
#2293=DIRECTION('',(0.E0,0.E0,-1.E0));
#2294=VECTOR('',#2293,9.E-1);
#2295=CARTESIAN_POINT('',(2.2E0,2.55E0,-4.9E0));
#2296=LINE('',#2295,#2294);
#2297=DIRECTION('',(0.E0,0.E0,-1.E0));
#2298=VECTOR('',#2297,9.E-1);
#2299=CARTESIAN_POINT('',(2.2E0,3.15E0,-4.9E0));
#2300=LINE('',#2299,#2298);
#2301=DIRECTION('',(0.E0,1.E0,0.E0));
#2302=VECTOR('',#2301,6.E-1);
#2303=CARTESIAN_POINT('',(2.2E0,2.55E0,-5.8E0));
#2304=LINE('',#2303,#2302);
#2305=DIRECTION('',(0.E0,-1.E0,0.E0));
#2306=VECTOR('',#2305,5.E0);
#2307=CARTESIAN_POINT('',(4.1E0,9.25E0,-1.95E0));
#2308=LINE('',#2307,#2306);
#2309=DIRECTION('',(0.E0,-1.E0,0.E0));
#2310=VECTOR('',#2309,5.E0);
#2311=CARTESIAN_POINT('',(4.2E0,9.25E0,-1.85E0));
#2312=LINE('',#2311,#2310);
#2313=CARTESIAN_POINT('',(-5.E0,1.125E1,-4.05E0));
#2314=CARTESIAN_POINT('',(-5.E0,9.75E0,-4.05E0));
#2315=VERTEX_POINT('',#2313);
#2316=VERTEX_POINT('',#2314);
#2317=CARTESIAN_POINT('',(-5.E0,9.25E0,-3.55E0));
#2318=VERTEX_POINT('',#2317);
#2319=CARTESIAN_POINT('',(-5.E0,9.25E0,-1.75E0));
#2320=VERTEX_POINT('',#2319);
#2321=CARTESIAN_POINT('',(-5.E0,9.75E0,-1.25E0));
#2322=VERTEX_POINT('',#2321);
#2323=CARTESIAN_POINT('',(-5.E0,1.125E1,-1.25E0));
#2324=VERTEX_POINT('',#2323);
#2325=CARTESIAN_POINT('',(5.E0,1.125E1,-4.05E0));
#2326=CARTESIAN_POINT('',(5.E0,9.75E0,-4.05E0));
#2327=VERTEX_POINT('',#2325);
#2328=VERTEX_POINT('',#2326);
#2329=CARTESIAN_POINT('',(5.E0,9.25E0,-3.55E0));
#2330=VERTEX_POINT('',#2329);
#2331=CARTESIAN_POINT('',(5.E0,9.25E0,-1.75E0));
#2332=VERTEX_POINT('',#2331);
#2333=CARTESIAN_POINT('',(5.E0,9.75E0,-1.25E0));
#2334=VERTEX_POINT('',#2333);
#2335=CARTESIAN_POINT('',(5.E0,1.125E1,-1.25E0));
#2336=VERTEX_POINT('',#2335);
#2337=CARTESIAN_POINT('',(4.1E0,4.25E0,-7.5E-1));
#2338=CARTESIAN_POINT('',(4.2E0,4.25E0,-8.5E-1));
#2339=VERTEX_POINT('',#2337);
#2340=VERTEX_POINT('',#2338);
#2341=CARTESIAN_POINT('',(4.2E0,4.25E0,-1.85E0));
#2342=VERTEX_POINT('',#2341);
#2343=CARTESIAN_POINT('',(4.1E0,4.25E0,-1.95E0));
#2344=VERTEX_POINT('',#2343);
#2345=CARTESIAN_POINT('',(3.5E0,4.25E0,-1.95E0));
#2346=VERTEX_POINT('',#2345);
#2347=CARTESIAN_POINT('',(-3.5E0,4.25E0,-1.95E0));
#2348=CARTESIAN_POINT('',(-4.1E0,4.25E0,-1.95E0));
#2349=VERTEX_POINT('',#2347);
#2350=VERTEX_POINT('',#2348);
#2351=CARTESIAN_POINT('',(-4.2E0,4.25E0,-1.85E0));
#2352=VERTEX_POINT('',#2351);
#2353=CARTESIAN_POINT('',(-4.2E0,4.25E0,-8.5E-1));
#2354=VERTEX_POINT('',#2353);
#2355=CARTESIAN_POINT('',(-4.1E0,4.25E0,-7.5E-1));
#2356=VERTEX_POINT('',#2355);
#2357=CARTESIAN_POINT('',(3.5E0,1.125E1,-4.05E0));
#2358=CARTESIAN_POINT('',(3.5E0,9.75E0,-4.05E0));
#2359=VERTEX_POINT('',#2357);
#2360=VERTEX_POINT('',#2358);
#2361=CARTESIAN_POINT('',(-3.5E0,1.125E1,-4.05E0));
#2362=CARTESIAN_POINT('',(-3.5E0,9.75E0,-4.05E0));
#2363=VERTEX_POINT('',#2361);
#2364=VERTEX_POINT('',#2362);
#2365=CARTESIAN_POINT('',(3.5E0,9.25E0,-3.55E0));
#2366=VERTEX_POINT('',#2365);
#2367=CARTESIAN_POINT('',(-3.5E0,9.25E0,-3.55E0));
#2368=VERTEX_POINT('',#2367);
#2369=CARTESIAN_POINT('',(3.5E0,9.25E0,-1.95E0));
#2370=VERTEX_POINT('',#2369);
#2371=CARTESIAN_POINT('',(-3.5E0,9.25E0,-1.95E0));
#2372=VERTEX_POINT('',#2371);
#2373=CARTESIAN_POINT('',(4.2E0,9.75E0,-1.25E0));
#2374=CARTESIAN_POINT('',(4.2E0,9.25E0,-1.75E0));
#2375=VERTEX_POINT('',#2373);
#2376=VERTEX_POINT('',#2374);
#2377=CARTESIAN_POINT('',(-4.2E0,9.75E0,-1.25E0));
#2378=CARTESIAN_POINT('',(-4.2E0,9.25E0,-1.75E0));
#2379=VERTEX_POINT('',#2377);
#2380=VERTEX_POINT('',#2378);
#2381=CARTESIAN_POINT('',(4.2E0,1.125E1,-1.25E0));
#2382=VERTEX_POINT('',#2381);
#2383=CARTESIAN_POINT('',(-4.2E0,1.125E1,-1.25E0));
#2384=VERTEX_POINT('',#2383);
#2385=CARTESIAN_POINT('',(4.1E0,1.125E1,-7.5E-1));
#2386=CARTESIAN_POINT('',(4.2E0,1.125E1,-8.5E-1));
#2387=VERTEX_POINT('',#2385);
#2388=VERTEX_POINT('',#2386);
#2389=CARTESIAN_POINT('',(-4.2E0,1.125E1,-8.5E-1));
#2390=VERTEX_POINT('',#2389);
#2391=CARTESIAN_POINT('',(-4.1E0,1.125E1,-7.5E-1));
#2392=VERTEX_POINT('',#2391);
#2393=CARTESIAN_POINT('',(4.2E0,9.25E0,-1.85E0));
#2394=VERTEX_POINT('',#2393);
#2395=CARTESIAN_POINT('',(4.1E0,9.25E0,-1.95E0));
#2396=VERTEX_POINT('',#2395);
#2397=CARTESIAN_POINT('',(-4.1E0,9.25E0,-1.95E0));
#2398=VERTEX_POINT('',#2397);
#2399=CARTESIAN_POINT('',(-4.2E0,9.25E0,-1.85E0));
#2400=VERTEX_POINT('',#2399);
#2401=CARTESIAN_POINT('',(3.25E0,3.15E0,-1.3E0));
#2402=CARTESIAN_POINT('',(3.25E0,3.15E0,-1.E-1));
#2403=VERTEX_POINT('',#2401);
#2404=VERTEX_POINT('',#2402);
#2405=CARTESIAN_POINT('',(3.25E0,2.35E0,-1.3E0));
#2406=VERTEX_POINT('',#2405);
#2407=CARTESIAN_POINT('',(3.25E0,3.15E0,-3.9E0));
#2408=CARTESIAN_POINT('',(3.25E0,2.35E0,-3.9E0));
#2409=VERTEX_POINT('',#2407);
#2410=VERTEX_POINT('',#2408);
#2411=CARTESIAN_POINT('',(-3.25E0,3.15E0,-1.3E0));
#2412=CARTESIAN_POINT('',(-3.25E0,3.15E0,-1.E-1));
#2413=VERTEX_POINT('',#2411);
#2414=VERTEX_POINT('',#2412);
#2415=CARTESIAN_POINT('',(-3.25E0,2.35E0,-1.3E0));
#2416=VERTEX_POINT('',#2415);
#2417=CARTESIAN_POINT('',(-3.25E0,3.15E0,-3.9E0));
#2418=CARTESIAN_POINT('',(-3.25E0,2.35E0,-3.9E0));
#2419=VERTEX_POINT('',#2417);
#2420=VERTEX_POINT('',#2418);
#2421=CARTESIAN_POINT('',(-3.25E0,1.125E1,-1.E-1));
#2422=CARTESIAN_POINT('',(-3.25E0,1.125E1,0.E0));
#2423=VERTEX_POINT('',#2421);
#2424=VERTEX_POINT('',#2422);
#2425=CARTESIAN_POINT('',(3.25E0,1.125E1,-1.E-1));
#2426=CARTESIAN_POINT('',(3.25E0,1.125E1,0.E0));
#2427=VERTEX_POINT('',#2425);
#2428=VERTEX_POINT('',#2426);
#2429=CARTESIAN_POINT('',(-3.25E0,2.05E0,-4.6E0));
#2430=CARTESIAN_POINT('',(-3.25E0,2.05E0,-5.8E0));
#2431=VERTEX_POINT('',#2429);
#2432=VERTEX_POINT('',#2430);
#2433=CARTESIAN_POINT('',(-3.25E0,0.E0,-1.E0));
#2434=VERTEX_POINT('',#2433);
#2435=CARTESIAN_POINT('',(-3.25E0,0.E0,0.E0));
#2436=VERTEX_POINT('',#2435);
#2437=CARTESIAN_POINT('',(3.25E0,0.E0,0.E0));
#2438=VERTEX_POINT('',#2437);
#2439=CARTESIAN_POINT('',(3.25E0,0.E0,-1.E0));
#2440=VERTEX_POINT('',#2439);
#2441=CARTESIAN_POINT('',(3.25E0,2.05E0,-4.6E0));
#2442=VERTEX_POINT('',#2441);
#2443=CARTESIAN_POINT('',(3.25E0,2.05E0,-5.8E0));
#2444=VERTEX_POINT('',#2443);
#2445=CARTESIAN_POINT('',(-3.39E0,1.125E1,-5.8E0));
#2446=CARTESIAN_POINT('',(-3.39E0,3.15E0,-5.8E0));
#2447=VERTEX_POINT('',#2445);
#2448=VERTEX_POINT('',#2446);
#2449=CARTESIAN_POINT('',(3.39E0,1.125E1,-5.8E0));
#2450=CARTESIAN_POINT('',(3.39E0,3.15E0,-5.8E0));
#2451=VERTEX_POINT('',#2449);
#2452=VERTEX_POINT('',#2450);
#2453=CARTESIAN_POINT('',(-3.39E0,3.15E0,-6.3E0));
#2454=VERTEX_POINT('',#2453);
#2455=CARTESIAN_POINT('',(3.39E0,3.15E0,-6.3E0));
#2456=VERTEX_POINT('',#2455);
#2457=CARTESIAN_POINT('',(-2.99E0,1.175E1,-5.4E0));
#2458=CARTESIAN_POINT('',(-2.99E0,1.175E1,-6.45E0));
#2459=VERTEX_POINT('',#2457);
#2460=VERTEX_POINT('',#2458);
#2461=CARTESIAN_POINT('',(-2.79E0,1.125E1,-6.25E0));
#2462=CARTESIAN_POINT('',(-2.79E0,4.25E0,-6.25E0));
#2463=VERTEX_POINT('',#2461);
#2464=VERTEX_POINT('',#2462);
#2465=CARTESIAN_POINT('',(-3.19E0,1.175E1,-5.4E0));
#2466=VERTEX_POINT('',#2465);
#2467=CARTESIAN_POINT('',(2.99E0,1.175E1,-5.4E0));
#2468=CARTESIAN_POINT('',(2.99E0,1.175E1,-6.45E0));
#2469=VERTEX_POINT('',#2467);
#2470=VERTEX_POINT('',#2468);
#2471=CARTESIAN_POINT('',(2.79E0,1.125E1,-6.25E0));
#2472=VERTEX_POINT('',#2471);
#2473=CARTESIAN_POINT('',(-3.19E0,1.175E1,-6.7E0));
#2474=VERTEX_POINT('',#2473);
#2475=CARTESIAN_POINT('',(-3.39E0,1.125E1,-6.7E0));
#2476=VERTEX_POINT('',#2475);
#2477=CARTESIAN_POINT('',(3.19E0,1.175E1,-6.7E0));
#2478=CARTESIAN_POINT('',(3.19E0,1.175E1,-5.4E0));
#2479=VERTEX_POINT('',#2477);
#2480=VERTEX_POINT('',#2478);
#2481=CARTESIAN_POINT('',(3.39E0,1.125E1,-6.7E0));
#2482=VERTEX_POINT('',#2481);
#2483=CARTESIAN_POINT('',(2.79E0,4.25E0,-6.25E0));
#2484=VERTEX_POINT('',#2483);
#2485=CARTESIAN_POINT('',(-3.39E0,3.55E0,-6.7E0));
#2486=VERTEX_POINT('',#2485);
#2487=CARTESIAN_POINT('',(3.39E0,3.55E0,-6.7E0));
#2488=VERTEX_POINT('',#2487);
#2489=CARTESIAN_POINT('',(2.79E0,4.25E0,-4.75E0));
#2490=CARTESIAN_POINT('',(3.5E0,4.25E0,-4.75E0));
#2491=VERTEX_POINT('',#2489);
#2492=VERTEX_POINT('',#2490);
#2493=CARTESIAN_POINT('',(3.5E0,5.75E0,-4.75E0));
#2494=VERTEX_POINT('',#2493);
#2495=CARTESIAN_POINT('',(2.79E0,5.75E0,-4.75E0));
#2496=VERTEX_POINT('',#2495);
#2497=CARTESIAN_POINT('',(-2.79E0,4.25E0,-4.75E0));
#2498=CARTESIAN_POINT('',(-3.5E0,4.25E0,-4.75E0));
#2499=VERTEX_POINT('',#2497);
#2500=VERTEX_POINT('',#2498);
#2501=CARTESIAN_POINT('',(-3.5E0,5.75E0,-4.75E0));
#2502=VERTEX_POINT('',#2501);
#2503=CARTESIAN_POINT('',(-2.79E0,5.75E0,-4.75E0));
#2504=VERTEX_POINT('',#2503);
#2505=CARTESIAN_POINT('',(-1.05E0,1.0125E1,-5.8E0));
#2506=CARTESIAN_POINT('',(-1.05E0,9.375E0,-5.8E0));
#2507=VERTEX_POINT('',#2505);
#2508=VERTEX_POINT('',#2506);
#2509=CARTESIAN_POINT('',(1.05E0,1.0125E1,-5.8E0));
#2510=CARTESIAN_POINT('',(1.05E0,9.375E0,-5.8E0));
#2511=VERTEX_POINT('',#2509);
#2512=VERTEX_POINT('',#2510);
#2513=CARTESIAN_POINT('',(1.05E0,1.125E1,-6.25E0));
#2514=VERTEX_POINT('',#2513);
#2515=CARTESIAN_POINT('',(-1.05E0,1.125E1,-6.25E0));
#2516=VERTEX_POINT('',#2515);
#2517=CARTESIAN_POINT('',(-1.05E0,4.25E0,-6.25E0));
#2518=CARTESIAN_POINT('',(1.05E0,4.25E0,-6.25E0));
#2519=VERTEX_POINT('',#2517);
#2520=VERTEX_POINT('',#2518);
#2521=CARTESIAN_POINT('',(1.05E0,3.55E0,-6.7E0));
#2522=CARTESIAN_POINT('',(1.05E0,9.495E0,-6.7E0));
#2523=VERTEX_POINT('',#2521);
#2524=VERTEX_POINT('',#2522);
#2525=CARTESIAN_POINT('',(-1.05E0,3.55E0,-6.7E0));
#2526=CARTESIAN_POINT('',(-1.05E0,9.495E0,-6.7E0));
#2527=VERTEX_POINT('',#2525);
#2528=VERTEX_POINT('',#2526);
#2529=CARTESIAN_POINT('',(1.05E0,9.375E0,-6.25E0));
#2530=VERTEX_POINT('',#2529);
#2531=CARTESIAN_POINT('',(-1.05E0,9.375E0,-6.25E0));
#2532=VERTEX_POINT('',#2531);
#2533=CARTESIAN_POINT('',(-2.E0,1.125E1,-7.5E-1));
#2534=CARTESIAN_POINT('',(-2.E0,1.125E1,-1.E-1));
#2535=VERTEX_POINT('',#2533);
#2536=VERTEX_POINT('',#2534);
#2537=CARTESIAN_POINT('',(2.E0,1.125E1,-7.5E-1));
#2538=CARTESIAN_POINT('',(2.E0,1.125E1,-1.E-1));
#2539=VERTEX_POINT('',#2537);
#2540=VERTEX_POINT('',#2538);
#2541=CARTESIAN_POINT('',(-2.E0,1.095E1,-7.5E-1));
#2542=VERTEX_POINT('',#2541);
#2543=CARTESIAN_POINT('',(2.E0,1.095E1,-7.5E-1));
#2544=VERTEX_POINT('',#2543);
#2545=CARTESIAN_POINT('',(-2.E0,1.095E1,-1.E-1));
#2546=VERTEX_POINT('',#2545);
#2547=CARTESIAN_POINT('',(2.E0,1.095E1,-1.E-1));
#2548=VERTEX_POINT('',#2547);
#2549=CARTESIAN_POINT('',(2.75E0,2.05E0,-1.5E0));
#2550=CARTESIAN_POINT('',(2.75E0,2.05E0,-3.8E0));
#2551=VERTEX_POINT('',#2549);
#2552=VERTEX_POINT('',#2550);
#2553=CARTESIAN_POINT('',(3.25E0,2.05E0,-1.5E0));
#2554=CARTESIAN_POINT('',(3.25E0,2.05E0,-3.8E0));
#2555=VERTEX_POINT('',#2553);
#2556=VERTEX_POINT('',#2554);
#2557=CARTESIAN_POINT('',(3.25E0,2.35E0,-3.8E0));
#2558=VERTEX_POINT('',#2557);
#2559=CARTESIAN_POINT('',(3.25E0,2.35E0,-1.5E0));
#2560=VERTEX_POINT('',#2559);
#2561=CARTESIAN_POINT('',(2.75E0,2.35E0,-1.5E0));
#2562=CARTESIAN_POINT('',(2.75E0,2.35E0,-3.8E0));
#2563=VERTEX_POINT('',#2561);
#2564=VERTEX_POINT('',#2562);
#2565=CARTESIAN_POINT('',(3.25E0,4.35E0,-4.15E0));
#2566=CARTESIAN_POINT('',(2.75E0,4.35E0,-4.15E0));
#2567=VERTEX_POINT('',#2565);
#2568=VERTEX_POINT('',#2566);
#2569=CARTESIAN_POINT('',(3.25E0,4.25E0,-7.5E-1));
#2570=CARTESIAN_POINT('',(3.25E0,4.25E0,-4.15E0));
#2571=VERTEX_POINT('',#2569);
#2572=VERTEX_POINT('',#2570);
#2573=CARTESIAN_POINT('',(2.75E0,4.25E0,-4.15E0));
#2574=VERTEX_POINT('',#2573);
#2575=CARTESIAN_POINT('',(2.75E0,4.25E0,-7.5E-1));
#2576=VERTEX_POINT('',#2575);
#2577=CARTESIAN_POINT('',(2.75E0,4.35E0,-7.5E-1));
#2578=CARTESIAN_POINT('',(3.25E0,4.35E0,-7.5E-1));
#2579=VERTEX_POINT('',#2577);
#2580=VERTEX_POINT('',#2578);
#2581=CARTESIAN_POINT('',(-3.5E0,1.125E1,-5.1E0));
#2582=CARTESIAN_POINT('',(-3.39E0,1.125E1,-5.1E0));
#2583=VERTEX_POINT('',#2581);
#2584=VERTEX_POINT('',#2582);
#2585=CARTESIAN_POINT('',(3.39E0,1.125E1,-5.1E0));
#2586=CARTESIAN_POINT('',(3.5E0,1.125E1,-5.1E0));
#2587=VERTEX_POINT('',#2585);
#2588=VERTEX_POINT('',#2586);
#2589=CARTESIAN_POINT('',(2.79E0,1.098387096774E1,-4.940322580645E0));
#2590=CARTESIAN_POINT('',(2.79E0,1.125E1,-5.1E0));
#2591=VERTEX_POINT('',#2589);
#2592=VERTEX_POINT('',#2590);
#2593=CARTESIAN_POINT('',(-2.79E0,1.098387096774E1,-4.940322580645E0));
#2594=CARTESIAN_POINT('',(-2.79E0,1.125E1,-5.1E0));
#2595=VERTEX_POINT('',#2593);
#2596=VERTEX_POINT('',#2594);
#2597=CARTESIAN_POINT('',(3.5E0,1.098387096774E1,-4.940322580645E0));
#2598=VERTEX_POINT('',#2597);
#2599=CARTESIAN_POINT('',(-3.5E0,1.098387096774E1,-4.940322580645E0));
#2600=VERTEX_POINT('',#2599);
#2601=CARTESIAN_POINT('',(-2.5E-1,2.3E0,-2.55E0));
#2602=CARTESIAN_POINT('',(2.5E-1,2.3E0,-2.55E0));
#2603=VERTEX_POINT('',#2601);
#2604=VERTEX_POINT('',#2602);
#2605=CARTESIAN_POINT('',(-2.5E-1,1.8E0,-2.45E0));
#2606=CARTESIAN_POINT('',(2.5E-1,1.8E0,-2.45E0));
#2607=VERTEX_POINT('',#2605);
#2608=VERTEX_POINT('',#2606);
#2609=CARTESIAN_POINT('',(-2.5E-1,2.35E0,-2.682287565553E0));
#2610=VERTEX_POINT('',#2609);
#2611=CARTESIAN_POINT('',(-2.5E-1,2.35E0,-3.209934207679E0));
#2612=VERTEX_POINT('',#2611);
#2613=CARTESIAN_POINT('',(2.5E-1,2.35E0,-2.682287565553E0));
#2614=VERTEX_POINT('',#2613);
#2615=CARTESIAN_POINT('',(2.5E-1,2.35E0,-3.209934207679E0));
#2616=VERTEX_POINT('',#2615);
#2617=CARTESIAN_POINT('',(1.75E0,2.3E0,-2.55E0));
#2618=CARTESIAN_POINT('',(2.25E0,2.3E0,-2.55E0));
#2619=VERTEX_POINT('',#2617);
#2620=VERTEX_POINT('',#2618);
#2621=CARTESIAN_POINT('',(1.75E0,1.8E0,-2.45E0));
#2622=CARTESIAN_POINT('',(2.25E0,1.8E0,-2.45E0));
#2623=VERTEX_POINT('',#2621);
#2624=VERTEX_POINT('',#2622);
#2625=CARTESIAN_POINT('',(1.75E0,2.35E0,-2.682287565553E0));
#2626=VERTEX_POINT('',#2625);
#2627=CARTESIAN_POINT('',(1.75E0,2.35E0,-3.209934207679E0));
#2628=VERTEX_POINT('',#2627);
#2629=CARTESIAN_POINT('',(2.25E0,2.35E0,-2.682287565553E0));
#2630=VERTEX_POINT('',#2629);
#2631=CARTESIAN_POINT('',(2.25E0,2.35E0,-3.209934207679E0));
#2632=VERTEX_POINT('',#2631);
#2633=CARTESIAN_POINT('',(2.25E0,2.3E0,6.5E-1));
#2634=CARTESIAN_POINT('',(2.6E0,2.3E0,1.956217782649E0));
#2635=VERTEX_POINT('',#2633);
#2636=VERTEX_POINT('',#2634);
#2637=CARTESIAN_POINT('',(2.086393532482E0,2.3E0,1.905437754560E0));
#2638=CARTESIAN_POINT('',(1.75E0,2.3E0,6.5E-1));
#2639=VERTEX_POINT('',#2637);
#2640=VERTEX_POINT('',#2638);
#2641=CARTESIAN_POINT('',(2.25E0,1.8E0,6.5E-1));
#2642=CARTESIAN_POINT('',(2.6E0,1.8E0,1.956217782649E0));
#2643=VERTEX_POINT('',#2641);
#2644=VERTEX_POINT('',#2642);
#2645=CARTESIAN_POINT('',(2.086393532482E0,1.8E0,1.905437754560E0));
#2646=CARTESIAN_POINT('',(1.75E0,1.8E0,6.5E-1));
#2647=VERTEX_POINT('',#2645);
#2648=VERTEX_POINT('',#2646);
#2649=CARTESIAN_POINT('',(-1.75E0,2.3E0,-2.55E0));
#2650=CARTESIAN_POINT('',(-2.25E0,2.3E0,-2.55E0));
#2651=VERTEX_POINT('',#2649);
#2652=VERTEX_POINT('',#2650);
#2653=CARTESIAN_POINT('',(-1.75E0,1.8E0,-2.45E0));
#2654=CARTESIAN_POINT('',(-2.25E0,1.8E0,-2.45E0));
#2655=VERTEX_POINT('',#2653);
#2656=VERTEX_POINT('',#2654);
#2657=CARTESIAN_POINT('',(-1.75E0,2.35E0,-2.682287565553E0));
#2658=VERTEX_POINT('',#2657);
#2659=CARTESIAN_POINT('',(-1.75E0,2.35E0,-3.209934207679E0));
#2660=VERTEX_POINT('',#2659);
#2661=CARTESIAN_POINT('',(-2.25E0,2.35E0,-2.682287565553E0));
#2662=VERTEX_POINT('',#2661);
#2663=CARTESIAN_POINT('',(-2.25E0,2.35E0,-3.209934207679E0));
#2664=VERTEX_POINT('',#2663);
#2665=CARTESIAN_POINT('',(-2.25E0,2.3E0,6.5E-1));
#2666=CARTESIAN_POINT('',(-2.6E0,2.3E0,1.956217782649E0));
#2667=VERTEX_POINT('',#2665);
#2668=VERTEX_POINT('',#2666);
#2669=CARTESIAN_POINT('',(-2.086393532482E0,2.3E0,1.905437754560E0));
#2670=CARTESIAN_POINT('',(-1.75E0,2.3E0,6.5E-1));
#2671=VERTEX_POINT('',#2669);
#2672=VERTEX_POINT('',#2670);
#2673=CARTESIAN_POINT('',(-2.25E0,1.8E0,6.5E-1));
#2674=CARTESIAN_POINT('',(-2.6E0,1.8E0,1.956217782649E0));
#2675=VERTEX_POINT('',#2673);
#2676=VERTEX_POINT('',#2674);
#2677=CARTESIAN_POINT('',(-2.086393532482E0,1.8E0,1.905437754560E0));
#2678=CARTESIAN_POINT('',(-1.75E0,1.8E0,6.5E-1));
#2679=VERTEX_POINT('',#2677);
#2680=VERTEX_POINT('',#2678);
#2681=CARTESIAN_POINT('',(-2.5E-1,4.25E0,-2.75E0));
#2682=CARTESIAN_POINT('',(-2.5E-1,4.25E0,-3.25E0));
#2683=VERTEX_POINT('',#2681);
#2684=VERTEX_POINT('',#2682);
#2685=CARTESIAN_POINT('',(2.5E-1,4.25E0,-2.75E0));
#2686=CARTESIAN_POINT('',(2.5E-1,4.25E0,-3.25E0));
#2687=VERTEX_POINT('',#2685);
#2688=VERTEX_POINT('',#2686);
#2689=CARTESIAN_POINT('',(1.05E0,3.15E0,-6.3E0));
#2690=VERTEX_POINT('',#2689);
#2691=CARTESIAN_POINT('',(-1.05E0,3.15E0,-6.3E0));
#2692=VERTEX_POINT('',#2691);
#2693=CARTESIAN_POINT('',(-3.25E0,3.15E0,-5.8E0));
#2694=VERTEX_POINT('',#2693);
#2695=CARTESIAN_POINT('',(3.25E0,3.15E0,-5.8E0));
#2696=VERTEX_POINT('',#2695);
#2697=CARTESIAN_POINT('',(4.4E0,7.25E0,-4.6E0));
#2698=CARTESIAN_POINT('',(4.4E0,7.25E0,-2.75E0));
#2699=VERTEX_POINT('',#2697);
#2700=VERTEX_POINT('',#2698);
#2701=CARTESIAN_POINT('',(4.4E0,5.4E0,-2.75E0));
#2702=VERTEX_POINT('',#2701);
#2703=CARTESIAN_POINT('',(4.4E0,5.4E0,-1.E0));
#2704=VERTEX_POINT('',#2703);
#2705=CARTESIAN_POINT('',(5.E0,2.05E0,-4.6E0));
#2706=CARTESIAN_POINT('',(5.E0,7.25E0,-4.6E0));
#2707=VERTEX_POINT('',#2705);
#2708=VERTEX_POINT('',#2706);
#2709=CARTESIAN_POINT('',(5.E0,7.25E0,-2.75E0));
#2710=VERTEX_POINT('',#2709);
#2711=CARTESIAN_POINT('',(5.E0,5.4E0,-2.75E0));
#2712=VERTEX_POINT('',#2711);
#2713=CARTESIAN_POINT('',(5.E0,5.4E0,-1.E0));
#2714=VERTEX_POINT('',#2713);
#2715=CARTESIAN_POINT('',(5.E0,0.E0,-1.E0));
#2716=VERTEX_POINT('',#2715);
#2717=CARTESIAN_POINT('',(4.4E0,0.E0,-1.E0));
#2718=VERTEX_POINT('',#2717);
#2719=CARTESIAN_POINT('',(4.4E0,2.05E0,-4.6E0));
#2720=VERTEX_POINT('',#2719);
#2721=CARTESIAN_POINT('',(-4.4E0,5.4E0,-1.E0));
#2722=CARTESIAN_POINT('',(-4.4E0,5.4E0,-2.75E0));
#2723=VERTEX_POINT('',#2721);
#2724=VERTEX_POINT('',#2722);
#2725=CARTESIAN_POINT('',(-4.4E0,7.25E0,-2.75E0));
#2726=VERTEX_POINT('',#2725);
#2727=CARTESIAN_POINT('',(-4.4E0,7.25E0,-4.6E0));
#2728=VERTEX_POINT('',#2727);
#2729=CARTESIAN_POINT('',(-5.E0,7.25E0,-4.6E0));
#2730=CARTESIAN_POINT('',(-5.E0,2.05E0,-4.6E0));
#2731=VERTEX_POINT('',#2729);
#2732=VERTEX_POINT('',#2730);
#2733=CARTESIAN_POINT('',(-5.E0,0.E0,-1.E0));
#2734=CARTESIAN_POINT('',(-5.E0,5.4E0,-1.E0));
#2735=VERTEX_POINT('',#2733);
#2736=VERTEX_POINT('',#2734);
#2737=CARTESIAN_POINT('',(-5.E0,5.4E0,-2.75E0));
#2738=VERTEX_POINT('',#2737);
#2739=CARTESIAN_POINT('',(-5.E0,7.25E0,-2.75E0));
#2740=VERTEX_POINT('',#2739);
#2741=CARTESIAN_POINT('',(-4.4E0,0.E0,-1.E0));
#2742=VERTEX_POINT('',#2741);
#2743=CARTESIAN_POINT('',(-4.4E0,2.05E0,-4.6E0));
#2744=VERTEX_POINT('',#2743);
#2745=CARTESIAN_POINT('',(-1.75E0,4.25E0,-2.75E0));
#2746=CARTESIAN_POINT('',(-1.75E0,4.25E0,-3.25E0));
#2747=VERTEX_POINT('',#2745);
#2748=VERTEX_POINT('',#2746);
#2749=CARTESIAN_POINT('',(-2.25E0,4.25E0,-2.75E0));
#2750=CARTESIAN_POINT('',(-2.25E0,4.25E0,-3.25E0));
#2751=VERTEX_POINT('',#2749);
#2752=VERTEX_POINT('',#2750);
#2753=CARTESIAN_POINT('',(2.2E0,3.15E0,-4.9E0));
#2754=CARTESIAN_POINT('',(-2.2E0,3.15E0,-4.9E0));
#2755=VERTEX_POINT('',#2753);
#2756=VERTEX_POINT('',#2754);
#2757=CARTESIAN_POINT('',(-2.2E0,3.15E0,-5.8E0));
#2758=VERTEX_POINT('',#2757);
#2759=CARTESIAN_POINT('',(2.2E0,3.15E0,-5.8E0));
#2760=VERTEX_POINT('',#2759);
#2761=CARTESIAN_POINT('',(-3.39E0,2.35E0,-4.9E0));
#2762=CARTESIAN_POINT('',(-3.39E0,2.55E0,-4.9E0));
#2763=VERTEX_POINT('',#2761);
#2764=VERTEX_POINT('',#2762);
#2765=CARTESIAN_POINT('',(3.39E0,2.35E0,-4.9E0));
#2766=CARTESIAN_POINT('',(3.39E0,2.55E0,-4.9E0));
#2767=VERTEX_POINT('',#2765);
#2768=VERTEX_POINT('',#2766);
#2769=CARTESIAN_POINT('',(-3.39E0,2.55E0,-5.8E0));
#2770=CARTESIAN_POINT('',(-3.25E0,2.55E0,-5.8E0));
#2771=VERTEX_POINT('',#2769);
#2772=VERTEX_POINT('',#2770);
#2773=CARTESIAN_POINT('',(-3.39E0,2.35E0,-5.8E0));
#2774=VERTEX_POINT('',#2773);
#2775=CARTESIAN_POINT('',(3.39E0,2.55E0,-5.8E0));
#2776=CARTESIAN_POINT('',(3.39E0,2.35E0,-5.8E0));
#2777=VERTEX_POINT('',#2775);
#2778=VERTEX_POINT('',#2776);
#2779=CARTESIAN_POINT('',(-2.2E0,2.55E0,-4.9E0));
#2780=CARTESIAN_POINT('',(2.2E0,2.55E0,-4.9E0));
#2781=VERTEX_POINT('',#2779);
#2782=VERTEX_POINT('',#2780);
#2783=CARTESIAN_POINT('',(1.05E0,3.25E0,-5.8E0));
#2784=CARTESIAN_POINT('',(-1.05E0,3.25E0,-5.8E0));
#2785=VERTEX_POINT('',#2783);
#2786=VERTEX_POINT('',#2784);
#2787=CARTESIAN_POINT('',(-1.05E0,3.15E0,-5.8E0));
#2788=VERTEX_POINT('',#2787);
#2789=CARTESIAN_POINT('',(1.05E0,3.15E0,-5.8E0));
#2790=VERTEX_POINT('',#2789);
#2791=CARTESIAN_POINT('',(-1.05E0,3.25E0,-6.25E0));
#2792=CARTESIAN_POINT('',(1.05E0,3.25E0,-6.25E0));
#2793=VERTEX_POINT('',#2791);
#2794=VERTEX_POINT('',#2792);
#2795=CARTESIAN_POINT('',(-5.E0,1.125E1,-2.E-1));
#2796=CARTESIAN_POINT('',(-4.8E0,1.125E1,0.E0));
#2797=VERTEX_POINT('',#2795);
#2798=VERTEX_POINT('',#2796);
#2799=CARTESIAN_POINT('',(-4.8E0,0.E0,0.E0));
#2800=VERTEX_POINT('',#2799);
#2801=CARTESIAN_POINT('',(-5.E0,0.E0,-2.E-1));
#2802=VERTEX_POINT('',#2801);
#2803=CARTESIAN_POINT('',(-5.E0,2.05E0,-5.6E0));
#2804=CARTESIAN_POINT('',(-4.8E0,2.05E0,-5.8E0));
#2805=VERTEX_POINT('',#2803);
#2806=VERTEX_POINT('',#2804);
#2807=CARTESIAN_POINT('',(-4.8E0,1.125E1,-5.8E0));
#2808=VERTEX_POINT('',#2807);
#2809=CARTESIAN_POINT('',(-5.E0,1.125E1,-5.6E0));
#2810=VERTEX_POINT('',#2809);
#2811=CARTESIAN_POINT('',(5.E0,0.E0,-2.E-1));
#2812=CARTESIAN_POINT('',(4.8E0,0.E0,0.E0));
#2813=VERTEX_POINT('',#2811);
#2814=VERTEX_POINT('',#2812);
#2815=CARTESIAN_POINT('',(4.8E0,1.125E1,0.E0));
#2816=VERTEX_POINT('',#2815);
#2817=CARTESIAN_POINT('',(5.E0,1.125E1,-2.E-1));
#2818=VERTEX_POINT('',#2817);
#2819=CARTESIAN_POINT('',(5.E0,1.125E1,-5.6E0));
#2820=CARTESIAN_POINT('',(4.8E0,1.125E1,-5.8E0));
#2821=VERTEX_POINT('',#2819);
#2822=VERTEX_POINT('',#2820);
#2823=CARTESIAN_POINT('',(4.8E0,2.05E0,-5.8E0));
#2824=VERTEX_POINT('',#2823);
#2825=CARTESIAN_POINT('',(5.E0,2.05E0,-5.6E0));
#2826=VERTEX_POINT('',#2825);
#2827=CARTESIAN_POINT('',(-3.25E0,2.35E0,-5.8E0));
#2828=VERTEX_POINT('',#2827);
#2829=CARTESIAN_POINT('',(3.25E0,2.35E0,-5.8E0));
#2830=VERTEX_POINT('',#2829);
#2831=CARTESIAN_POINT('',(3.25E0,2.55E0,-5.8E0));
#2832=VERTEX_POINT('',#2831);
#2833=CARTESIAN_POINT('',(3.25E0,2.35E0,-4.9E0));
#2834=VERTEX_POINT('',#2833);
#2835=CARTESIAN_POINT('',(3.25E0,2.55E0,-4.9E0));
#2836=VERTEX_POINT('',#2835);
#2837=CARTESIAN_POINT('',(-3.25E0,2.35E0,-4.9E0));
#2838=VERTEX_POINT('',#2837);
#2839=CARTESIAN_POINT('',(-3.25E0,2.55E0,-4.9E0));
#2840=VERTEX_POINT('',#2839);
#2841=CARTESIAN_POINT('',(-2.2E0,2.55E0,-5.8E0));
#2842=VERTEX_POINT('',#2841);
#2843=CARTESIAN_POINT('',(2.2E0,2.55E0,-5.8E0));
#2844=VERTEX_POINT('',#2843);
#2845=CARTESIAN_POINT('',(1.75E0,4.25E0,-2.75E0));
#2846=CARTESIAN_POINT('',(1.75E0,4.25E0,-3.25E0));
#2847=VERTEX_POINT('',#2845);
#2848=VERTEX_POINT('',#2846);
#2849=CARTESIAN_POINT('',(2.25E0,4.25E0,-2.75E0));
#2850=CARTESIAN_POINT('',(2.25E0,4.25E0,-3.25E0));
#2851=VERTEX_POINT('',#2849);
#2852=VERTEX_POINT('',#2850);
#2853=CARTESIAN_POINT('',(-1.E-1,2.15E0,3.2E0));
#2854=CARTESIAN_POINT('',(-2.5E-1,2.3E0,2.8E0));
#2855=VERTEX_POINT('',#2853);
#2856=VERTEX_POINT('',#2854);
#2857=CARTESIAN_POINT('',(1.E-1,2.15E0,3.2E0));
#2858=CARTESIAN_POINT('',(2.5E-1,2.3E0,2.8E0));
#2859=VERTEX_POINT('',#2857);
#2860=VERTEX_POINT('',#2858);
#2861=CARTESIAN_POINT('',(-1.E-1,1.95E0,3.2E0));
#2862=CARTESIAN_POINT('',(-2.5E-1,1.8E0,2.8E0));
#2863=VERTEX_POINT('',#2861);
#2864=VERTEX_POINT('',#2862);
#2865=CARTESIAN_POINT('',(2.5E-1,1.8E0,2.8E0));
#2866=CARTESIAN_POINT('',(1.E-1,1.95E0,3.2E0));
#2867=VERTEX_POINT('',#2865);
#2868=VERTEX_POINT('',#2866);
#2869=CARTESIAN_POINT('',(-1.E-1,8.E0,-3.1E0));
#2870=CARTESIAN_POINT('',(-2.5E-1,7.6E0,-3.25E0));
#2871=VERTEX_POINT('',#2869);
#2872=VERTEX_POINT('',#2870);
#2873=CARTESIAN_POINT('',(1.E-1,8.E0,-3.1E0));
#2874=CARTESIAN_POINT('',(2.5E-1,7.6E0,-3.25E0));
#2875=VERTEX_POINT('',#2873);
#2876=VERTEX_POINT('',#2874);
#2877=CARTESIAN_POINT('',(-1.E-1,8.E0,-2.9E0));
#2878=CARTESIAN_POINT('',(-2.5E-1,7.6E0,-2.75E0));
#2879=VERTEX_POINT('',#2877);
#2880=VERTEX_POINT('',#2878);
#2881=CARTESIAN_POINT('',(1.E-1,8.E0,-2.9E0));
#2882=CARTESIAN_POINT('',(2.5E-1,7.6E0,-2.75E0));
#2883=VERTEX_POINT('',#2881);
#2884=VERTEX_POINT('',#2882);
#2885=CARTESIAN_POINT('',(-1.9E0,8.E0,-2.9E0));
#2886=CARTESIAN_POINT('',(-2.1E0,8.E0,-2.9E0));
#2887=VERTEX_POINT('',#2885);
#2888=VERTEX_POINT('',#2886);
#2889=CARTESIAN_POINT('',(-1.75E0,7.6E0,-2.75E0));
#2890=CARTESIAN_POINT('',(-2.25E0,7.6E0,-2.75E0));
#2891=VERTEX_POINT('',#2889);
#2892=VERTEX_POINT('',#2890);
#2893=CARTESIAN_POINT('',(-2.25E0,7.6E0,-3.25E0));
#2894=VERTEX_POINT('',#2893);
#2895=CARTESIAN_POINT('',(-2.1E0,8.E0,-3.1E0));
#2896=VERTEX_POINT('',#2895);
#2897=CARTESIAN_POINT('',(-1.75E0,7.6E0,-3.25E0));
#2898=VERTEX_POINT('',#2897);
#2899=CARTESIAN_POINT('',(-1.9E0,8.E0,-3.1E0));
#2900=VERTEX_POINT('',#2899);
#2901=CARTESIAN_POINT('',(-1.800209365986E0,2.15E0,3.130292949836E0));
#2902=CARTESIAN_POINT('',(-1.800209365986E0,1.95E0,3.130292949836E0));
#2903=VERTEX_POINT('',#2901);
#2904=VERTEX_POINT('',#2902);
#2905=CARTESIAN_POINT('',(-1.796063530199E0,2.3E0,2.703112880023E0));
#2906=CARTESIAN_POINT('',(-1.796063530199E0,1.8E0,2.703112880023E0));
#2907=VERTEX_POINT('',#2905);
#2908=VERTEX_POINT('',#2906);
#2909=CARTESIAN_POINT('',(-2.265909840592E0,1.8E0,2.874122951686E0));
#2910=VERTEX_POINT('',#2909);
#2911=CARTESIAN_POINT('',(-1.988147890143E0,1.95E0,3.198696978501E0));
#2912=VERTEX_POINT('',#2911);
#2913=CARTESIAN_POINT('',(-2.265909840592E0,2.3E0,2.874122951686E0));
#2914=VERTEX_POINT('',#2913);
#2915=CARTESIAN_POINT('',(-1.988147890143E0,2.15E0,3.198696978501E0));
#2916=VERTEX_POINT('',#2915);
#2917=CARTESIAN_POINT('',(1.796063530199E0,1.8E0,2.703112880023E0));
#2918=CARTESIAN_POINT('',(1.796063530199E0,2.3E0,2.703112880023E0));
#2919=VERTEX_POINT('',#2917);
#2920=VERTEX_POINT('',#2918);
#2921=CARTESIAN_POINT('',(1.800209365986E0,1.95E0,3.130292949836E0));
#2922=CARTESIAN_POINT('',(1.800209365986E0,2.15E0,3.130292949836E0));
#2923=VERTEX_POINT('',#2921);
#2924=VERTEX_POINT('',#2922);
#2925=CARTESIAN_POINT('',(1.988147890143E0,1.95E0,3.198696978501E0));
#2926=VERTEX_POINT('',#2925);
#2927=CARTESIAN_POINT('',(2.265909840592E0,1.8E0,2.874122951686E0));
#2928=VERTEX_POINT('',#2927);
#2929=CARTESIAN_POINT('',(2.265909840592E0,2.3E0,2.874122951686E0));
#2930=VERTEX_POINT('',#2929);
#2931=CARTESIAN_POINT('',(1.988147890143E0,2.15E0,3.198696978501E0));
#2932=VERTEX_POINT('',#2931);
#2933=CARTESIAN_POINT('',(2.25E0,7.6E0,-2.75E0));
#2934=CARTESIAN_POINT('',(1.75E0,7.6E0,-2.75E0));
#2935=VERTEX_POINT('',#2933);
#2936=VERTEX_POINT('',#2934);
#2937=CARTESIAN_POINT('',(2.1E0,8.E0,-2.9E0));
#2938=CARTESIAN_POINT('',(1.9E0,8.E0,-2.9E0));
#2939=VERTEX_POINT('',#2937);
#2940=VERTEX_POINT('',#2938);
#2941=CARTESIAN_POINT('',(2.1E0,8.E0,-3.1E0));
#2942=VERTEX_POINT('',#2941);
#2943=CARTESIAN_POINT('',(2.25E0,7.6E0,-3.25E0));
#2944=VERTEX_POINT('',#2943);
#2945=CARTESIAN_POINT('',(1.75E0,7.6E0,-3.25E0));
#2946=VERTEX_POINT('',#2945);
#2947=CARTESIAN_POINT('',(1.9E0,8.E0,-3.1E0));
#2948=VERTEX_POINT('',#2947);
#2949=CARTESIAN_POINT('',(7.5E-1,2.05E0,-1.5E0));
#2950=CARTESIAN_POINT('',(7.5E-1,2.05E0,-3.8E0));
#2951=VERTEX_POINT('',#2949);
#2952=VERTEX_POINT('',#2950);
#2953=CARTESIAN_POINT('',(1.25E0,2.05E0,-3.8E0));
#2954=VERTEX_POINT('',#2953);
#2955=CARTESIAN_POINT('',(1.25E0,2.05E0,-1.5E0));
#2956=VERTEX_POINT('',#2955);
#2957=CARTESIAN_POINT('',(7.5E-1,2.35E0,-1.5E0));
#2958=CARTESIAN_POINT('',(7.5E-1,2.35E0,-3.8E0));
#2959=VERTEX_POINT('',#2957);
#2960=VERTEX_POINT('',#2958);
#2961=CARTESIAN_POINT('',(1.25E0,2.35E0,-3.8E0));
#2962=VERTEX_POINT('',#2961);
#2963=CARTESIAN_POINT('',(1.25E0,2.35E0,-1.5E0));
#2964=VERTEX_POINT('',#2963);
#2965=CARTESIAN_POINT('',(-1.25E0,2.05E0,-1.5E0));
#2966=CARTESIAN_POINT('',(-1.25E0,2.05E0,-3.8E0));
#2967=VERTEX_POINT('',#2965);
#2968=VERTEX_POINT('',#2966);
#2969=CARTESIAN_POINT('',(-7.5E-1,2.05E0,-3.8E0));
#2970=VERTEX_POINT('',#2969);
#2971=CARTESIAN_POINT('',(-7.5E-1,2.05E0,-1.5E0));
#2972=VERTEX_POINT('',#2971);
#2973=CARTESIAN_POINT('',(-1.25E0,2.35E0,-1.5E0));
#2974=CARTESIAN_POINT('',(-1.25E0,2.35E0,-3.8E0));
#2975=VERTEX_POINT('',#2973);
#2976=VERTEX_POINT('',#2974);
#2977=CARTESIAN_POINT('',(-7.5E-1,2.35E0,-3.8E0));
#2978=VERTEX_POINT('',#2977);
#2979=CARTESIAN_POINT('',(-7.5E-1,2.35E0,-1.5E0));
#2980=VERTEX_POINT('',#2979);
#2981=CARTESIAN_POINT('',(-2.75E0,2.05E0,-3.8E0));
#2982=CARTESIAN_POINT('',(-2.75E0,2.05E0,-1.5E0));
#2983=VERTEX_POINT('',#2981);
#2984=VERTEX_POINT('',#2982);
#2985=CARTESIAN_POINT('',(-3.25E0,2.35E0,-3.8E0));
#2986=CARTESIAN_POINT('',(-2.75E0,2.35E0,-3.8E0));
#2987=VERTEX_POINT('',#2985);
#2988=VERTEX_POINT('',#2986);
#2989=CARTESIAN_POINT('',(-2.75E0,2.35E0,-1.5E0));
#2990=VERTEX_POINT('',#2989);
#2991=CARTESIAN_POINT('',(-3.25E0,2.35E0,-1.5E0));
#2992=VERTEX_POINT('',#2991);
#2993=CARTESIAN_POINT('',(1.25E0,4.35E0,-4.15E0));
#2994=CARTESIAN_POINT('',(7.5E-1,4.35E0,-4.15E0));
#2995=VERTEX_POINT('',#2993);
#2996=VERTEX_POINT('',#2994);
#2997=CARTESIAN_POINT('',(1.25E0,4.25E0,-7.5E-1));
#2998=CARTESIAN_POINT('',(1.25E0,4.25E0,-4.15E0));
#2999=VERTEX_POINT('',#2997);
#3000=VERTEX_POINT('',#2998);
#3001=CARTESIAN_POINT('',(7.5E-1,4.25E0,-4.15E0));
#3002=VERTEX_POINT('',#3001);
#3003=CARTESIAN_POINT('',(7.5E-1,4.25E0,-7.5E-1));
#3004=VERTEX_POINT('',#3003);
#3005=CARTESIAN_POINT('',(7.5E-1,4.35E0,-7.5E-1));
#3006=CARTESIAN_POINT('',(1.25E0,4.35E0,-7.5E-1));
#3007=VERTEX_POINT('',#3005);
#3008=VERTEX_POINT('',#3006);
#3009=CARTESIAN_POINT('',(-7.5E-1,4.35E0,-4.15E0));
#3010=CARTESIAN_POINT('',(-1.25E0,4.35E0,-4.15E0));
#3011=VERTEX_POINT('',#3009);
#3012=VERTEX_POINT('',#3010);
#3013=CARTESIAN_POINT('',(-7.5E-1,4.25E0,-7.5E-1));
#3014=CARTESIAN_POINT('',(-7.5E-1,4.25E0,-4.15E0));
#3015=VERTEX_POINT('',#3013);
#3016=VERTEX_POINT('',#3014);
#3017=CARTESIAN_POINT('',(-1.25E0,4.25E0,-4.15E0));
#3018=VERTEX_POINT('',#3017);
#3019=CARTESIAN_POINT('',(-1.25E0,4.25E0,-7.5E-1));
#3020=VERTEX_POINT('',#3019);
#3021=CARTESIAN_POINT('',(-1.25E0,4.35E0,-7.5E-1));
#3022=CARTESIAN_POINT('',(-7.5E-1,4.35E0,-7.5E-1));
#3023=VERTEX_POINT('',#3021);
#3024=VERTEX_POINT('',#3022);
#3025=CARTESIAN_POINT('',(-2.75E0,4.35E0,-4.15E0));
#3026=CARTESIAN_POINT('',(-3.25E0,4.35E0,-4.15E0));
#3027=VERTEX_POINT('',#3025);
#3028=VERTEX_POINT('',#3026);
#3029=CARTESIAN_POINT('',(-2.75E0,4.25E0,-7.5E-1));
#3030=CARTESIAN_POINT('',(-2.75E0,4.25E0,-4.15E0));
#3031=VERTEX_POINT('',#3029);
#3032=VERTEX_POINT('',#3030);
#3033=CARTESIAN_POINT('',(-3.25E0,4.25E0,-4.15E0));
#3034=VERTEX_POINT('',#3033);
#3035=CARTESIAN_POINT('',(-3.25E0,4.25E0,-7.5E-1));
#3036=VERTEX_POINT('',#3035);
#3037=CARTESIAN_POINT('',(-3.25E0,4.35E0,-7.5E-1));
#3038=CARTESIAN_POINT('',(-2.75E0,4.35E0,-7.5E-1));
#3039=VERTEX_POINT('',#3037);
#3040=VERTEX_POINT('',#3038);
#3041=CARTESIAN_POINT('',(-3.25E0,2.05E0,-1.5E0));
#3042=CARTESIAN_POINT('',(-3.25E0,2.05E0,-3.8E0));
#3043=VERTEX_POINT('',#3041);
#3044=VERTEX_POINT('',#3042);
#3045=CARTESIAN_POINT('',(-5.E0,0.E0,0.E0));
#3046=DIRECTION('',(1.E0,0.E0,0.E0));
#3047=DIRECTION('',(0.E0,0.E0,-1.E0));
#3048=AXIS2_PLACEMENT_3D('',#3045,#3046,#3047);
#3049=PLANE('',#3048);
#3051=ORIENTED_EDGE('',*,*,#3050,.F.);
#3053=ORIENTED_EDGE('',*,*,#3052,.T.);
#3055=ORIENTED_EDGE('',*,*,#3054,.T.);
#3057=ORIENTED_EDGE('',*,*,#3056,.T.);
#3059=ORIENTED_EDGE('',*,*,#3058,.T.);
#3061=ORIENTED_EDGE('',*,*,#3060,.T.);
#3063=ORIENTED_EDGE('',*,*,#3062,.T.);
#3065=ORIENTED_EDGE('',*,*,#3064,.T.);
#3067=ORIENTED_EDGE('',*,*,#3066,.F.);
#3069=ORIENTED_EDGE('',*,*,#3068,.T.);
#3071=ORIENTED_EDGE('',*,*,#3070,.T.);
#3073=ORIENTED_EDGE('',*,*,#3072,.T.);
#3075=ORIENTED_EDGE('',*,*,#3074,.T.);
#3077=ORIENTED_EDGE('',*,*,#3076,.T.);
#3079=ORIENTED_EDGE('',*,*,#3078,.T.);
#3081=ORIENTED_EDGE('',*,*,#3080,.T.);
#3082=EDGE_LOOP('',(#3051,#3053,#3055,#3057,#3059,#3061,#3063,#3065,#3067,#3069,
#3071,#3073,#3075,#3077,#3079,#3081));
#3083=FACE_OUTER_BOUND('',#3082,.F.);
#3084=ADVANCED_FACE('',(#3083),#3049,.F.);
#3085=CARTESIAN_POINT('',(-4.8E0,-1.50804E-2,-2.E-1));
#3086=DIRECTION('',(0.E0,1.E0,0.E0));
#3087=DIRECTION('',(-1.E0,0.E0,0.E0));
#3088=AXIS2_PLACEMENT_3D('',#3085,#3086,#3087);
#3089=CYLINDRICAL_SURFACE('',#3088,2.E-1);
#3091=ORIENTED_EDGE('',*,*,#3090,.T.);
#3093=ORIENTED_EDGE('',*,*,#3092,.F.);
#3095=ORIENTED_EDGE('',*,*,#3094,.T.);
#3096=ORIENTED_EDGE('',*,*,#3050,.T.);
#3097=EDGE_LOOP('',(#3091,#3093,#3095,#3096));
#3098=FACE_OUTER_BOUND('',#3097,.F.);
#3099=ADVANCED_FACE('',(#3098),#3089,.T.);
#3100=CARTESIAN_POINT('',(-5.E0,1.125E1,-1.25E0));
#3101=DIRECTION('',(0.E0,1.E0,0.E0));
#3102=DIRECTION('',(0.E0,0.E0,1.E0));
#3103=AXIS2_PLACEMENT_3D('',#3100,#3101,#3102);
#3104=PLANE('',#3103);
#3105=ORIENTED_EDGE('',*,*,#3090,.F.);
#3106=ORIENTED_EDGE('',*,*,#3080,.F.);
#3108=ORIENTED_EDGE('',*,*,#3107,.T.);
#3110=ORIENTED_EDGE('',*,*,#3109,.T.);
#3112=ORIENTED_EDGE('',*,*,#3111,.T.);
#3114=ORIENTED_EDGE('',*,*,#3113,.T.);
#3116=ORIENTED_EDGE('',*,*,#3115,.T.);
#3118=ORIENTED_EDGE('',*,*,#3117,.T.);
#3120=ORIENTED_EDGE('',*,*,#3119,.T.);
#3122=ORIENTED_EDGE('',*,*,#3121,.F.);
#3123=EDGE_LOOP('',(#3105,#3106,#3108,#3110,#3112,#3114,#3116,#3118,#3120,
#3122));
#3124=FACE_OUTER_BOUND('',#3123,.F.);
#3125=ADVANCED_FACE('',(#3124),#3104,.T.);
#3126=CARTESIAN_POINT('',(-5.E0,1.125E1,-1.25E0));
#3127=DIRECTION('',(0.E0,1.E0,0.E0));
#3128=DIRECTION('',(0.E0,0.E0,1.E0));
#3129=AXIS2_PLACEMENT_3D('',#3126,#3127,#3128);
#3130=PLANE('',#3129);
#3132=ORIENTED_EDGE('',*,*,#3131,.F.);
#3134=ORIENTED_EDGE('',*,*,#3133,.F.);
#3136=ORIENTED_EDGE('',*,*,#3135,.F.);
#3138=ORIENTED_EDGE('',*,*,#3137,.T.);
#3140=ORIENTED_EDGE('',*,*,#3139,.F.);
#3142=ORIENTED_EDGE('',*,*,#3141,.T.);
#3144=ORIENTED_EDGE('',*,*,#3143,.T.);
#3146=ORIENTED_EDGE('',*,*,#3145,.F.);
#3148=ORIENTED_EDGE('',*,*,#3147,.T.);
#3150=ORIENTED_EDGE('',*,*,#3149,.T.);
#3151=EDGE_LOOP('',(#3132,#3134,#3136,#3138,#3140,#3142,#3144,#3146,#3148,
#3150));
#3152=FACE_OUTER_BOUND('',#3151,.F.);
#3153=ADVANCED_FACE('',(#3152),#3130,.T.);
#3154=CARTESIAN_POINT('',(-5.E0,9.75E0,-1.25E0));
#3155=DIRECTION('',(0.E0,0.E0,-1.E0));
#3156=DIRECTION('',(0.E0,1.E0,0.E0));
#3157=AXIS2_PLACEMENT_3D('',#3154,#3155,#3156);
#3158=PLANE('',#3157);
#3160=ORIENTED_EDGE('',*,*,#3159,.F.);
#3162=ORIENTED_EDGE('',*,*,#3161,.T.);
#3164=ORIENTED_EDGE('',*,*,#3163,.T.);
#3165=ORIENTED_EDGE('',*,*,#3147,.F.);
#3166=EDGE_LOOP('',(#3160,#3162,#3164,#3165));
#3167=FACE_OUTER_BOUND('',#3166,.F.);
#3168=ADVANCED_FACE('',(#3167),#3158,.T.);
#3169=CARTESIAN_POINT('',(-5.E0,9.75E0,-1.25E0));
#3170=DIRECTION('',(0.E0,0.E0,-1.E0));
#3171=DIRECTION('',(0.E0,1.E0,0.E0));
#3172=AXIS2_PLACEMENT_3D('',#3169,#3170,#3171);
#3173=PLANE('',#3172);
#3175=ORIENTED_EDGE('',*,*,#3174,.T.);
#3176=ORIENTED_EDGE('',*,*,#3107,.F.);
#3177=ORIENTED_EDGE('',*,*,#3078,.F.);
#3179=ORIENTED_EDGE('',*,*,#3178,.T.);
#3180=EDGE_LOOP('',(#3175,#3176,#3177,#3179));
#3181=FACE_OUTER_BOUND('',#3180,.F.);
#3182=ADVANCED_FACE('',(#3181),#3173,.T.);
#3183=CARTESIAN_POINT('',(4.2E0,1.125E1,-8.5E-1));
#3184=DIRECTION('',(1.E0,0.E0,0.E0));
#3185=DIRECTION('',(0.E0,0.E0,-1.E0));
#3186=AXIS2_PLACEMENT_3D('',#3183,#3184,#3185);
#3187=PLANE('',#3186);
#3189=ORIENTED_EDGE('',*,*,#3188,.F.);
#3190=ORIENTED_EDGE('',*,*,#3159,.T.);
#3191=ORIENTED_EDGE('',*,*,#3145,.T.);
#3193=ORIENTED_EDGE('',*,*,#3192,.T.);
#3195=ORIENTED_EDGE('',*,*,#3194,.T.);
#3197=ORIENTED_EDGE('',*,*,#3196,.F.);
#3199=ORIENTED_EDGE('',*,*,#3198,.F.);
#3200=EDGE_LOOP('',(#3189,#3190,#3191,#3193,#3195,#3197,#3199));
#3201=FACE_OUTER_BOUND('',#3200,.F.);
#3202=ADVANCED_FACE('',(#3201),#3187,.F.);
#3203=CARTESIAN_POINT('',(-5.E0,9.75E0,-1.75E0));
#3204=DIRECTION('',(1.E0,0.E0,0.E0));
#3205=DIRECTION('',(0.E0,0.E0,-1.E0));
#3206=AXIS2_PLACEMENT_3D('',#3203,#3204,#3205);
#3207=CYLINDRICAL_SURFACE('',#3206,5.E-1);
#3208=ORIENTED_EDGE('',*,*,#3188,.T.);
#3210=ORIENTED_EDGE('',*,*,#3209,.T.);
#3212=ORIENTED_EDGE('',*,*,#3211,.T.);
#3213=ORIENTED_EDGE('',*,*,#3161,.F.);
#3214=EDGE_LOOP('',(#3208,#3210,#3212,#3213));
#3215=FACE_OUTER_BOUND('',#3214,.F.);
#3216=ADVANCED_FACE('',(#3215),#3207,.F.);
#3217=CARTESIAN_POINT('',(-5.E0,9.75E0,-1.75E0));
#3218=DIRECTION('',(1.E0,0.E0,0.E0));
#3219=DIRECTION('',(0.E0,0.E0,-1.E0));
#3220=AXIS2_PLACEMENT_3D('',#3217,#3218,#3219);
#3221=CYLINDRICAL_SURFACE('',#3220,5.E-1);
#3223=ORIENTED_EDGE('',*,*,#3222,.F.);
#3224=ORIENTED_EDGE('',*,*,#3178,.F.);
#3225=ORIENTED_EDGE('',*,*,#3076,.F.);
#3227=ORIENTED_EDGE('',*,*,#3226,.T.);
#3228=EDGE_LOOP('',(#3223,#3224,#3225,#3227));
#3229=FACE_OUTER_BOUND('',#3228,.F.);
#3230=ADVANCED_FACE('',(#3229),#3221,.F.);
#3231=CARTESIAN_POINT('',(-5.E0,9.25E0,-3.55E0));
#3232=DIRECTION('',(0.E0,1.E0,0.E0));
#3233=DIRECTION('',(0.E0,0.E0,1.E0));
#3234=AXIS2_PLACEMENT_3D('',#3231,#3232,#3233);
#3235=PLANE('',#3234);
#3237=ORIENTED_EDGE('',*,*,#3236,.F.);
#3239=ORIENTED_EDGE('',*,*,#3238,.T.);
#3241=ORIENTED_EDGE('',*,*,#3240,.T.);
#3242=ORIENTED_EDGE('',*,*,#3209,.F.);
#3243=ORIENTED_EDGE('',*,*,#3198,.T.);
#3245=ORIENTED_EDGE('',*,*,#3244,.T.);
#3247=ORIENTED_EDGE('',*,*,#3246,.T.);
#3248=EDGE_LOOP('',(#3237,#3239,#3241,#3242,#3243,#3245,#3247));
#3249=FACE_OUTER_BOUND('',#3248,.F.);
#3250=ADVANCED_FACE('',(#3249),#3235,.T.);
#3251=CARTESIAN_POINT('',(-5.E0,9.25E0,-3.55E0));
#3252=DIRECTION('',(0.E0,1.E0,0.E0));
#3253=DIRECTION('',(0.E0,0.E0,1.E0));
#3254=AXIS2_PLACEMENT_3D('',#3251,#3252,#3253);
#3255=PLANE('',#3254);
#3257=ORIENTED_EDGE('',*,*,#3256,.T.);
#3259=ORIENTED_EDGE('',*,*,#3258,.T.);
#3261=ORIENTED_EDGE('',*,*,#3260,.T.);
#3263=ORIENTED_EDGE('',*,*,#3262,.F.);
#3264=ORIENTED_EDGE('',*,*,#3226,.F.);
#3265=ORIENTED_EDGE('',*,*,#3074,.F.);
#3267=ORIENTED_EDGE('',*,*,#3266,.T.);
#3268=EDGE_LOOP('',(#3257,#3259,#3261,#3263,#3264,#3265,#3267));
#3269=FACE_OUTER_BOUND('',#3268,.F.);
#3270=ADVANCED_FACE('',(#3269),#3255,.T.);
#3271=CARTESIAN_POINT('',(3.5E0,1.125E1,-1.95E0));
#3272=DIRECTION('',(1.E0,0.E0,0.E0));
#3273=DIRECTION('',(0.E0,0.E0,-1.E0));
#3274=AXIS2_PLACEMENT_3D('',#3271,#3272,#3273);
#3275=PLANE('',#3274);
#3277=ORIENTED_EDGE('',*,*,#3276,.F.);
#3279=ORIENTED_EDGE('',*,*,#3278,.T.);
#3281=ORIENTED_EDGE('',*,*,#3280,.T.);
#3283=ORIENTED_EDGE('',*,*,#3282,.T.);
#3285=ORIENTED_EDGE('',*,*,#3284,.F.);
#3286=ORIENTED_EDGE('',*,*,#3236,.T.);
#3288=ORIENTED_EDGE('',*,*,#3287,.T.);
#3290=ORIENTED_EDGE('',*,*,#3289,.T.);
#3292=ORIENTED_EDGE('',*,*,#3291,.T.);
#3293=EDGE_LOOP('',(#3277,#3279,#3281,#3283,#3285,#3286,#3288,#3290,#3292));
#3294=FACE_OUTER_BOUND('',#3293,.F.);
#3295=ADVANCED_FACE('',(#3294),#3275,.F.);
#3296=CARTESIAN_POINT('',(2.79E0,1.125E1,-4.95E0));
#3297=DIRECTION('',(0.E0,3.633961810714E-2,9.993394979464E-1));
#3298=DIRECTION('',(0.E0,-9.993394979464E-1,3.633961810714E-2));
#3299=AXIS2_PLACEMENT_3D('',#3296,#3297,#3298);
#3300=PLANE('',#3299);
#3302=ORIENTED_EDGE('',*,*,#3301,.T.);
#3303=ORIENTED_EDGE('',*,*,#3276,.T.);
#3305=ORIENTED_EDGE('',*,*,#3304,.F.);
#3307=ORIENTED_EDGE('',*,*,#3306,.F.);
#3308=EDGE_LOOP('',(#3302,#3303,#3305,#3307));
#3309=FACE_OUTER_BOUND('',#3308,.F.);
#3310=ADVANCED_FACE('',(#3309),#3300,.T.);
#3311=CARTESIAN_POINT('',(-3.39E0,1.175E1,-5.4E0));
#3312=DIRECTION('',(0.E0,5.144957554275E-1,8.574929257125E-1));
#3313=DIRECTION('',(0.E0,-8.574929257125E-1,5.144957554275E-1));
#3314=AXIS2_PLACEMENT_3D('',#3311,#3312,#3313);
#3315=PLANE('',#3314);
#3317=ORIENTED_EDGE('',*,*,#3316,.T.);
#3319=ORIENTED_EDGE('',*,*,#3318,.F.);
#3321=ORIENTED_EDGE('',*,*,#3320,.T.);
#3323=ORIENTED_EDGE('',*,*,#3322,.T.);
#3325=ORIENTED_EDGE('',*,*,#3324,.T.);
#3327=ORIENTED_EDGE('',*,*,#3326,.T.);
#3329=ORIENTED_EDGE('',*,*,#3328,.T.);
#3330=EDGE_LOOP('',(#3317,#3319,#3321,#3323,#3325,#3327,#3329));
#3331=FACE_OUTER_BOUND('',#3330,.F.);
#3332=ADVANCED_FACE('',(#3331),#3315,.T.);
#3333=CARTESIAN_POINT('',(-3.39E0,1.175E1,-5.4E0));
#3334=DIRECTION('',(0.E0,5.144957554275E-1,8.574929257125E-1));
#3335=DIRECTION('',(0.E0,-8.574929257125E-1,5.144957554275E-1));
#3336=AXIS2_PLACEMENT_3D('',#3333,#3334,#3335);
#3337=PLANE('',#3336);
#3339=ORIENTED_EDGE('',*,*,#3338,.F.);
#3341=ORIENTED_EDGE('',*,*,#3340,.T.);
#3342=ORIENTED_EDGE('',*,*,#3278,.F.);
#3343=ORIENTED_EDGE('',*,*,#3301,.F.);
#3345=ORIENTED_EDGE('',*,*,#3344,.T.);
#3347=ORIENTED_EDGE('',*,*,#3346,.F.);
#3349=ORIENTED_EDGE('',*,*,#3348,.T.);
#3350=EDGE_LOOP('',(#3339,#3341,#3342,#3343,#3345,#3347,#3349));
#3351=FACE_OUTER_BOUND('',#3350,.F.);
#3352=ADVANCED_FACE('',(#3351),#3337,.T.);
#3353=CARTESIAN_POINT('',(-2.99E0,1.175E1,-5.4E0));
#3354=DIRECTION('',(-9.284766908853E-1,-3.713906763541E-1,0.E0));
#3355=DIRECTION('',(0.E0,0.E0,-1.E0));
#3356=AXIS2_PLACEMENT_3D('',#3353,#3354,#3355);
#3357=PLANE('',#3356);
#3359=ORIENTED_EDGE('',*,*,#3358,.F.);
#3360=ORIENTED_EDGE('',*,*,#3316,.F.);
#3362=ORIENTED_EDGE('',*,*,#3361,.T.);
#3364=ORIENTED_EDGE('',*,*,#3363,.T.);
#3365=EDGE_LOOP('',(#3359,#3360,#3362,#3364));
#3366=FACE_OUTER_BOUND('',#3365,.F.);
#3367=ADVANCED_FACE('',(#3366),#3357,.F.);
#3368=CARTESIAN_POINT('',(-2.79E0,1.175E1,-6.25E0));
#3369=DIRECTION('',(-1.E0,0.E0,0.E0));
#3370=DIRECTION('',(0.E0,0.E0,1.E0));
#3371=AXIS2_PLACEMENT_3D('',#3368,#3369,#3370);
#3372=PLANE('',#3371);
#3373=ORIENTED_EDGE('',*,*,#3318,.T.);
#3374=ORIENTED_EDGE('',*,*,#3358,.T.);
#3376=ORIENTED_EDGE('',*,*,#3375,.T.);
#3378=ORIENTED_EDGE('',*,*,#3377,.T.);
#3380=ORIENTED_EDGE('',*,*,#3379,.T.);
#3382=ORIENTED_EDGE('',*,*,#3381,.T.);
#3383=EDGE_LOOP('',(#3373,#3374,#3376,#3378,#3380,#3382));
#3384=FACE_OUTER_BOUND('',#3383,.F.);
#3385=ADVANCED_FACE('',(#3384),#3372,.F.);
#3386=CARTESIAN_POINT('',(2.79E0,1.175E1,-6.25E0));
#3387=DIRECTION('',(0.E0,0.E0,-1.E0));
#3388=DIRECTION('',(-1.E0,0.E0,0.E0));
#3389=AXIS2_PLACEMENT_3D('',#3386,#3387,#3388);
#3390=PLANE('',#3389);
#3392=ORIENTED_EDGE('',*,*,#3391,.T.);
#3394=ORIENTED_EDGE('',*,*,#3393,.F.);
#3396=ORIENTED_EDGE('',*,*,#3395,.F.);
#3398=ORIENTED_EDGE('',*,*,#3397,.T.);
#3400=ORIENTED_EDGE('',*,*,#3399,.T.);
#3401=EDGE_LOOP('',(#3392,#3394,#3396,#3398,#3400));
#3402=FACE_OUTER_BOUND('',#3401,.F.);
#3403=ADVANCED_FACE('',(#3402),#3390,.F.);
#3404=CARTESIAN_POINT('',(2.79E0,1.175E1,-6.25E0));
#3405=DIRECTION('',(0.E0,0.E0,-1.E0));
#3406=DIRECTION('',(-1.E0,0.E0,0.E0));
#3407=AXIS2_PLACEMENT_3D('',#3404,#3405,#3406);
#3408=PLANE('',#3407);
#3410=ORIENTED_EDGE('',*,*,#3409,.F.);
#3412=ORIENTED_EDGE('',*,*,#3411,.T.);
#3413=ORIENTED_EDGE('',*,*,#3375,.F.);
#3415=ORIENTED_EDGE('',*,*,#3414,.F.);
#3417=ORIENTED_EDGE('',*,*,#3416,.T.);
#3418=EDGE_LOOP('',(#3410,#3412,#3413,#3415,#3417));
#3419=FACE_OUTER_BOUND('',#3418,.F.);
#3420=ADVANCED_FACE('',(#3419),#3408,.F.);
#3421=CARTESIAN_POINT('',(1.05E0,0.E0,0.E0));
#3422=DIRECTION('',(1.E0,0.E0,0.E0));
#3423=DIRECTION('',(0.E0,0.E0,-1.E0));
#3424=AXIS2_PLACEMENT_3D('',#3421,#3422,#3423);
#3425=PLANE('',#3424);
#3427=ORIENTED_EDGE('',*,*,#3426,.T.);
#3429=ORIENTED_EDGE('',*,*,#3428,.T.);
#3431=ORIENTED_EDGE('',*,*,#3430,.F.);
#3433=ORIENTED_EDGE('',*,*,#3432,.T.);
#3435=ORIENTED_EDGE('',*,*,#3434,.T.);
#3437=ORIENTED_EDGE('',*,*,#3436,.T.);
#3439=ORIENTED_EDGE('',*,*,#3438,.T.);
#3440=ORIENTED_EDGE('',*,*,#3391,.F.);
#3441=EDGE_LOOP('',(#3427,#3429,#3431,#3433,#3435,#3437,#3439,#3440));
#3442=FACE_OUTER_BOUND('',#3441,.F.);
#3443=ADVANCED_FACE('',(#3442),#3425,.F.);
#3444=CARTESIAN_POINT('',(1.05E0,9.375E0,-6.25E0));
#3445=DIRECTION('',(0.E0,0.E0,1.E0));
#3446=DIRECTION('',(0.E0,-1.E0,0.E0));
#3447=AXIS2_PLACEMENT_3D('',#3444,#3445,#3446);
#3448=PLANE('',#3447);
#3450=ORIENTED_EDGE('',*,*,#3449,.T.);
#3451=ORIENTED_EDGE('',*,*,#3426,.F.);
#3453=ORIENTED_EDGE('',*,*,#3452,.F.);
#3455=ORIENTED_EDGE('',*,*,#3454,.T.);
#3456=EDGE_LOOP('',(#3450,#3451,#3453,#3455));
#3457=FACE_OUTER_BOUND('',#3456,.F.);
#3458=ADVANCED_FACE('',(#3457),#3448,.F.);
#3459=CARTESIAN_POINT('',(3.25E0,3.25E0,0.E0));
#3460=DIRECTION('',(0.E0,-1.E0,0.E0));
#3461=DIRECTION('',(1.E0,0.E0,0.E0));
#3462=AXIS2_PLACEMENT_3D('',#3459,#3460,#3461);
#3463=PLANE('',#3462);
#3464=ORIENTED_EDGE('',*,*,#3449,.F.);
#3466=ORIENTED_EDGE('',*,*,#3465,.F.);
#3468=ORIENTED_EDGE('',*,*,#3467,.F.);
#3469=ORIENTED_EDGE('',*,*,#3428,.F.);
#3470=EDGE_LOOP('',(#3464,#3466,#3468,#3469));
#3471=FACE_OUTER_BOUND('',#3470,.F.);
#3472=ADVANCED_FACE('',(#3471),#3463,.T.);
#3473=CARTESIAN_POINT('',(-1.05E0,0.E0,0.E0));
#3474=DIRECTION('',(1.E0,0.E0,0.E0));
#3475=DIRECTION('',(0.E0,0.E0,-1.E0));
#3476=AXIS2_PLACEMENT_3D('',#3473,#3474,#3475);
#3477=PLANE('',#3476);
#3479=ORIENTED_EDGE('',*,*,#3478,.T.);
#3481=ORIENTED_EDGE('',*,*,#3480,.T.);
#3482=ORIENTED_EDGE('',*,*,#3465,.T.);
#3483=ORIENTED_EDGE('',*,*,#3454,.F.);
#3484=ORIENTED_EDGE('',*,*,#3409,.T.);
#3486=ORIENTED_EDGE('',*,*,#3485,.F.);
#3488=ORIENTED_EDGE('',*,*,#3487,.F.);
#3490=ORIENTED_EDGE('',*,*,#3489,.F.);
#3491=EDGE_LOOP('',(#3479,#3481,#3482,#3483,#3484,#3486,#3488,#3490));
#3492=FACE_OUTER_BOUND('',#3491,.F.);
#3493=ADVANCED_FACE('',(#3492),#3477,.T.);
#3494=CARTESIAN_POINT('',(3.25E0,3.15E0,-4.9E0));
#3495=DIRECTION('',(0.E0,1.E0,0.E0));
#3496=DIRECTION('',(0.E0,0.E0,1.E0));
#3497=AXIS2_PLACEMENT_3D('',#3494,#3495,#3496);
#3498=PLANE('',#3497);
#3499=ORIENTED_EDGE('',*,*,#3478,.F.);
#3501=ORIENTED_EDGE('',*,*,#3500,.F.);
#3503=ORIENTED_EDGE('',*,*,#3502,.F.);
#3505=ORIENTED_EDGE('',*,*,#3504,.T.);
#3507=ORIENTED_EDGE('',*,*,#3506,.T.);
#3509=ORIENTED_EDGE('',*,*,#3508,.F.);
#3511=ORIENTED_EDGE('',*,*,#3510,.F.);
#3513=ORIENTED_EDGE('',*,*,#3512,.T.);
#3515=ORIENTED_EDGE('',*,*,#3514,.T.);
#3517=ORIENTED_EDGE('',*,*,#3516,.F.);
#3518=ORIENTED_EDGE('',*,*,#3432,.F.);
#3520=ORIENTED_EDGE('',*,*,#3519,.T.);
#3522=ORIENTED_EDGE('',*,*,#3521,.F.);
#3524=ORIENTED_EDGE('',*,*,#3523,.T.);
#3526=ORIENTED_EDGE('',*,*,#3525,.F.);
#3528=ORIENTED_EDGE('',*,*,#3527,.T.);
#3529=EDGE_LOOP('',(#3499,#3501,#3503,#3505,#3507,#3509,#3511,#3513,#3515,#3517,
#3518,#3520,#3522,#3524,#3526,#3528));
#3530=FACE_OUTER_BOUND('',#3529,.F.);
#3531=ADVANCED_FACE('',(#3530),#3498,.F.);
#3532=CARTESIAN_POINT('',(-3.39E0,3.55E0,-6.3E0));
#3533=DIRECTION('',(1.E0,0.E0,0.E0));
#3534=DIRECTION('',(0.E0,0.E0,-1.E0));
#3535=AXIS2_PLACEMENT_3D('',#3532,#3533,#3534);
#3536=CYLINDRICAL_SURFACE('',#3535,4.E-1);
#3537=ORIENTED_EDGE('',*,*,#3434,.F.);
#3538=ORIENTED_EDGE('',*,*,#3516,.T.);
#3540=ORIENTED_EDGE('',*,*,#3539,.T.);
#3542=ORIENTED_EDGE('',*,*,#3541,.F.);
#3543=EDGE_LOOP('',(#3537,#3538,#3540,#3542));
#3544=FACE_OUTER_BOUND('',#3543,.F.);
#3545=ADVANCED_FACE('',(#3544),#3536,.T.);
#3546=CARTESIAN_POINT('',(-3.39E0,3.55E0,-6.3E0));
#3547=DIRECTION('',(1.E0,0.E0,0.E0));
#3548=DIRECTION('',(0.E0,0.E0,-1.E0));
#3549=AXIS2_PLACEMENT_3D('',#3546,#3547,#3548);
#3550=CYLINDRICAL_SURFACE('',#3549,4.E-1);
#3551=ORIENTED_EDGE('',*,*,#3489,.T.);
#3553=ORIENTED_EDGE('',*,*,#3552,.F.);
#3555=ORIENTED_EDGE('',*,*,#3554,.F.);
#3556=ORIENTED_EDGE('',*,*,#3500,.T.);
#3557=EDGE_LOOP('',(#3551,#3553,#3555,#3556));
#3558=FACE_OUTER_BOUND('',#3557,.F.);
#3559=ADVANCED_FACE('',(#3558),#3550,.T.);
#3560=CARTESIAN_POINT('',(3.39E0,0.E0,0.E0));
#3561=DIRECTION('',(1.E0,0.E0,0.E0));
#3562=DIRECTION('',(0.E0,0.E0,-1.E0));
#3563=AXIS2_PLACEMENT_3D('',#3560,#3561,#3562);
#3564=PLANE('',#3563);
#3566=ORIENTED_EDGE('',*,*,#3565,.F.);
#3568=ORIENTED_EDGE('',*,*,#3567,.F.);
#3569=ORIENTED_EDGE('',*,*,#3539,.F.);
#3570=ORIENTED_EDGE('',*,*,#3514,.F.);
#3572=ORIENTED_EDGE('',*,*,#3571,.F.);
#3573=EDGE_LOOP('',(#3566,#3568,#3569,#3570,#3572));
#3574=FACE_OUTER_BOUND('',#3573,.F.);
#3575=ADVANCED_FACE('',(#3574),#3564,.T.);
#3576=CARTESIAN_POINT('',(3.39E0,1.125E1,-6.7E0));
#3577=DIRECTION('',(-9.284766908853E-1,-3.713906763541E-1,0.E0));
#3578=DIRECTION('',(0.E0,0.E0,1.E0));
#3579=AXIS2_PLACEMENT_3D('',#3576,#3577,#3578);
#3580=PLANE('',#3579);
#3581=ORIENTED_EDGE('',*,*,#3338,.T.);
#3583=ORIENTED_EDGE('',*,*,#3582,.F.);
#3585=ORIENTED_EDGE('',*,*,#3584,.F.);
#3586=ORIENTED_EDGE('',*,*,#3565,.T.);
#3588=ORIENTED_EDGE('',*,*,#3587,.T.);
#3589=EDGE_LOOP('',(#3581,#3583,#3585,#3586,#3588));
#3590=FACE_OUTER_BOUND('',#3589,.F.);
#3591=ADVANCED_FACE('',(#3590),#3580,.F.);
#3592=CARTESIAN_POINT('',(-3.39E0,1.175E1,-6.7E0));
#3593=DIRECTION('',(0.E0,1.E0,0.E0));
#3594=DIRECTION('',(0.E0,0.E0,1.E0));
#3595=AXIS2_PLACEMENT_3D('',#3592,#3593,#3594);
#3596=PLANE('',#3595);
#3598=ORIENTED_EDGE('',*,*,#3597,.T.);
#3600=ORIENTED_EDGE('',*,*,#3599,.T.);
#3601=ORIENTED_EDGE('',*,*,#3361,.F.);
#3602=ORIENTED_EDGE('',*,*,#3328,.F.);
#3604=ORIENTED_EDGE('',*,*,#3603,.F.);
#3606=ORIENTED_EDGE('',*,*,#3605,.T.);
#3607=ORIENTED_EDGE('',*,*,#3582,.T.);
#3608=ORIENTED_EDGE('',*,*,#3348,.F.);
#3609=EDGE_LOOP('',(#3598,#3600,#3601,#3602,#3604,#3606,#3607,#3608));
#3610=FACE_OUTER_BOUND('',#3609,.F.);
#3611=ADVANCED_FACE('',(#3610),#3596,.T.);
#3612=CARTESIAN_POINT('',(2.99E0,1.175E1,-5.4E0));
#3613=DIRECTION('',(-9.284766908853E-1,3.713906763541E-1,0.E0));
#3614=DIRECTION('',(0.E0,0.E0,-1.E0));
#3615=AXIS2_PLACEMENT_3D('',#3612,#3613,#3614);
#3616=PLANE('',#3615);
#3618=ORIENTED_EDGE('',*,*,#3617,.T.);
#3620=ORIENTED_EDGE('',*,*,#3619,.F.);
#3621=ORIENTED_EDGE('',*,*,#3597,.F.);
#3622=ORIENTED_EDGE('',*,*,#3346,.T.);
#3623=EDGE_LOOP('',(#3618,#3620,#3621,#3622));
#3624=FACE_OUTER_BOUND('',#3623,.F.);
#3625=ADVANCED_FACE('',(#3624),#3616,.T.);
#3626=CARTESIAN_POINT('',(2.79E0,1.175E1,-4.95E0));
#3627=DIRECTION('',(1.E0,0.E0,0.E0));
#3628=DIRECTION('',(0.E0,0.E0,-1.E0));
#3629=AXIS2_PLACEMENT_3D('',#3626,#3627,#3628);
#3630=PLANE('',#3629);
#3631=ORIENTED_EDGE('',*,*,#3344,.F.);
#3632=ORIENTED_EDGE('',*,*,#3306,.T.);
#3634=ORIENTED_EDGE('',*,*,#3633,.T.);
#3636=ORIENTED_EDGE('',*,*,#3635,.T.);
#3637=ORIENTED_EDGE('',*,*,#3397,.F.);
#3638=ORIENTED_EDGE('',*,*,#3617,.F.);
#3639=EDGE_LOOP('',(#3631,#3632,#3634,#3636,#3637,#3638));
#3640=FACE_OUTER_BOUND('',#3639,.F.);
#3641=ADVANCED_FACE('',(#3640),#3630,.F.);
#3642=CARTESIAN_POINT('',(2.79E0,5.75E0,-4.75E0));
#3643=DIRECTION('',(0.E0,0.E0,1.E0));
#3644=DIRECTION('',(0.E0,-1.E0,0.E0));
#3645=AXIS2_PLACEMENT_3D('',#3642,#3643,#3644);
#3646=PLANE('',#3645);
#3648=ORIENTED_EDGE('',*,*,#3647,.F.);
#3649=ORIENTED_EDGE('',*,*,#3633,.F.);
#3650=ORIENTED_EDGE('',*,*,#3304,.T.);
#3651=ORIENTED_EDGE('',*,*,#3291,.F.);
#3652=EDGE_LOOP('',(#3648,#3649,#3650,#3651));
#3653=FACE_OUTER_BOUND('',#3652,.F.);
#3654=ADVANCED_FACE('',(#3653),#3646,.T.);
#3655=CARTESIAN_POINT('',(-5.E0,4.25E0,-5.8E0));
#3656=DIRECTION('',(0.E0,1.E0,0.E0));
#3657=DIRECTION('',(1.E0,0.E0,0.E0));
#3658=AXIS2_PLACEMENT_3D('',#3655,#3656,#3657);
#3659=PLANE('',#3658);
#3661=ORIENTED_EDGE('',*,*,#3660,.T.);
#3663=ORIENTED_EDGE('',*,*,#3662,.T.);
#3665=ORIENTED_EDGE('',*,*,#3664,.F.);
#3667=ORIENTED_EDGE('',*,*,#3666,.F.);
#3669=ORIENTED_EDGE('',*,*,#3668,.F.);
#3671=ORIENTED_EDGE('',*,*,#3670,.F.);
#3673=ORIENTED_EDGE('',*,*,#3672,.F.);
#3675=ORIENTED_EDGE('',*,*,#3674,.F.);
#3677=ORIENTED_EDGE('',*,*,#3676,.F.);
#3679=ORIENTED_EDGE('',*,*,#3678,.F.);
#3680=ORIENTED_EDGE('',*,*,#3377,.F.);
#3681=ORIENTED_EDGE('',*,*,#3411,.F.);
#3682=ORIENTED_EDGE('',*,*,#3452,.T.);
#3683=ORIENTED_EDGE('',*,*,#3399,.F.);
#3684=ORIENTED_EDGE('',*,*,#3635,.F.);
#3685=ORIENTED_EDGE('',*,*,#3647,.T.);
#3686=ORIENTED_EDGE('',*,*,#3289,.F.);
#3688=ORIENTED_EDGE('',*,*,#3687,.F.);
#3690=ORIENTED_EDGE('',*,*,#3689,.F.);
#3691=ORIENTED_EDGE('',*,*,#3194,.F.);
#3693=ORIENTED_EDGE('',*,*,#3692,.F.);
#3695=ORIENTED_EDGE('',*,*,#3694,.F.);
#3697=ORIENTED_EDGE('',*,*,#3696,.T.);
#3699=ORIENTED_EDGE('',*,*,#3698,.T.);
#3701=ORIENTED_EDGE('',*,*,#3700,.F.);
#3703=ORIENTED_EDGE('',*,*,#3702,.F.);
#3705=ORIENTED_EDGE('',*,*,#3704,.T.);
#3707=ORIENTED_EDGE('',*,*,#3706,.T.);
#3709=ORIENTED_EDGE('',*,*,#3708,.F.);
#3711=ORIENTED_EDGE('',*,*,#3710,.F.);
#3713=ORIENTED_EDGE('',*,*,#3712,.T.);
#3715=ORIENTED_EDGE('',*,*,#3714,.T.);
#3717=ORIENTED_EDGE('',*,*,#3716,.F.);
#3719=ORIENTED_EDGE('',*,*,#3718,.F.);
#3720=EDGE_LOOP('',(#3661,#3663,#3665,#3667,#3669,#3671,#3673,#3675,#3677,#3679,
#3680,#3681,#3682,#3683,#3684,#3685,#3686,#3688,#3690,#3691,#3693,#3695,#3697,
#3699,#3701,#3703,#3705,#3707,#3709,#3711,#3713,#3715,#3717,#3719));
#3721=FACE_OUTER_BOUND('',#3720,.F.);
#3723=ORIENTED_EDGE('',*,*,#3722,.F.);
#3725=ORIENTED_EDGE('',*,*,#3724,.T.);
#3727=ORIENTED_EDGE('',*,*,#3726,.T.);
#3729=ORIENTED_EDGE('',*,*,#3728,.F.);
#3730=EDGE_LOOP('',(#3723,#3725,#3727,#3729));
#3731=FACE_BOUND('',#3730,.F.);
#3733=ORIENTED_EDGE('',*,*,#3732,.F.);
#3735=ORIENTED_EDGE('',*,*,#3734,.T.);
#3737=ORIENTED_EDGE('',*,*,#3736,.T.);
#3739=ORIENTED_EDGE('',*,*,#3738,.F.);
#3740=EDGE_LOOP('',(#3733,#3735,#3737,#3739));
#3741=FACE_BOUND('',#3740,.F.);
#3743=ORIENTED_EDGE('',*,*,#3742,.T.);
#3745=ORIENTED_EDGE('',*,*,#3744,.T.);
#3747=ORIENTED_EDGE('',*,*,#3746,.F.);
#3749=ORIENTED_EDGE('',*,*,#3748,.F.);
#3750=EDGE_LOOP('',(#3743,#3745,#3747,#3749));
#3751=FACE_BOUND('',#3750,.F.);
#3752=ADVANCED_FACE('',(#3721,#3731,#3741,#3751),#3659,.T.);
#3753=CARTESIAN_POINT('',(-2.75E0,4.25E0,-7.5E-1));
#3754=DIRECTION('',(1.E0,0.E0,0.E0));
#3755=DIRECTION('',(0.E0,0.E0,-1.E0));
#3756=AXIS2_PLACEMENT_3D('',#3753,#3754,#3755);
#3757=PLANE('',#3756);
#3758=ORIENTED_EDGE('',*,*,#3660,.F.);
#3760=ORIENTED_EDGE('',*,*,#3759,.T.);
#3762=ORIENTED_EDGE('',*,*,#3761,.T.);
#3764=ORIENTED_EDGE('',*,*,#3763,.F.);
#3765=EDGE_LOOP('',(#3758,#3760,#3762,#3764));
#3766=FACE_OUTER_BOUND('',#3765,.F.);
#3767=ADVANCED_FACE('',(#3766),#3757,.T.);
#3768=CARTESIAN_POINT('',(-4.1E0,1.125E1,-7.5E-1));
#3769=DIRECTION('',(0.E0,0.E0,1.E0));
#3770=DIRECTION('',(1.E0,0.E0,0.E0));
#3771=AXIS2_PLACEMENT_3D('',#3768,#3769,#3770);
#3772=PLANE('',#3771);
#3774=ORIENTED_EDGE('',*,*,#3773,.T.);
#3775=ORIENTED_EDGE('',*,*,#3759,.F.);
#3776=ORIENTED_EDGE('',*,*,#3718,.T.);
#3778=ORIENTED_EDGE('',*,*,#3777,.T.);
#3780=ORIENTED_EDGE('',*,*,#3779,.T.);
#3782=ORIENTED_EDGE('',*,*,#3781,.F.);
#3783=ORIENTED_EDGE('',*,*,#3710,.T.);
#3785=ORIENTED_EDGE('',*,*,#3784,.T.);
#3787=ORIENTED_EDGE('',*,*,#3786,.T.);
#3789=ORIENTED_EDGE('',*,*,#3788,.F.);
#3790=ORIENTED_EDGE('',*,*,#3702,.T.);
#3792=ORIENTED_EDGE('',*,*,#3791,.T.);
#3794=ORIENTED_EDGE('',*,*,#3793,.T.);
#3796=ORIENTED_EDGE('',*,*,#3795,.F.);
#3797=ORIENTED_EDGE('',*,*,#3694,.T.);
#3799=ORIENTED_EDGE('',*,*,#3798,.F.);
#3800=ORIENTED_EDGE('',*,*,#3141,.F.);
#3802=ORIENTED_EDGE('',*,*,#3801,.T.);
#3804=ORIENTED_EDGE('',*,*,#3803,.F.);
#3806=ORIENTED_EDGE('',*,*,#3805,.F.);
#3807=ORIENTED_EDGE('',*,*,#3113,.F.);
#3809=ORIENTED_EDGE('',*,*,#3808,.T.);
#3810=ORIENTED_EDGE('',*,*,#3666,.T.);
#3812=ORIENTED_EDGE('',*,*,#3811,.T.);
#3813=EDGE_LOOP('',(#3774,#3775,#3776,#3778,#3780,#3782,#3783,#3785,#3787,#3789,
#3790,#3792,#3794,#3796,#3797,#3799,#3800,#3802,#3804,#3806,#3807,#3809,#3810,
#3812));
#3814=FACE_OUTER_BOUND('',#3813,.F.);
#3815=ADVANCED_FACE('',(#3814),#3772,.F.);
#3816=CARTESIAN_POINT('',(-5.E0,4.35E0,-5.8E0));
#3817=DIRECTION('',(0.E0,1.E0,0.E0));
#3818=DIRECTION('',(1.E0,0.E0,0.E0));
#3819=AXIS2_PLACEMENT_3D('',#3816,#3817,#3818);
#3820=PLANE('',#3819);
#3821=ORIENTED_EDGE('',*,*,#3773,.F.);
#3823=ORIENTED_EDGE('',*,*,#3822,.F.);
#3825=ORIENTED_EDGE('',*,*,#3824,.F.);
#3826=ORIENTED_EDGE('',*,*,#3761,.F.);
#3827=EDGE_LOOP('',(#3821,#3823,#3825,#3826));
#3828=FACE_OUTER_BOUND('',#3827,.F.);
#3829=ADVANCED_FACE('',(#3828),#3820,.T.);
#3830=CARTESIAN_POINT('',(-3.25E0,4.25E0,-4.15E0));
#3831=DIRECTION('',(-1.E0,0.E0,0.E0));
#3832=DIRECTION('',(0.E0,0.E0,1.E0));
#3833=AXIS2_PLACEMENT_3D('',#3830,#3831,#3832);
#3834=PLANE('',#3833);
#3835=ORIENTED_EDGE('',*,*,#3664,.T.);
#3837=ORIENTED_EDGE('',*,*,#3836,.T.);
#3838=ORIENTED_EDGE('',*,*,#3822,.T.);
#3839=ORIENTED_EDGE('',*,*,#3811,.F.);
#3840=EDGE_LOOP('',(#3835,#3837,#3838,#3839));
#3841=FACE_OUTER_BOUND('',#3840,.F.);
#3842=ADVANCED_FACE('',(#3841),#3834,.T.);
#3843=CARTESIAN_POINT('',(-2.75E0,4.25E0,-4.15E0));
#3844=DIRECTION('',(0.E0,0.E0,-1.E0));
#3845=DIRECTION('',(-1.E0,0.E0,0.E0));
#3846=AXIS2_PLACEMENT_3D('',#3843,#3844,#3845);
#3847=PLANE('',#3846);
#3848=ORIENTED_EDGE('',*,*,#3662,.F.);
#3849=ORIENTED_EDGE('',*,*,#3763,.T.);
#3850=ORIENTED_EDGE('',*,*,#3824,.T.);
#3851=ORIENTED_EDGE('',*,*,#3836,.F.);
#3852=EDGE_LOOP('',(#3848,#3849,#3850,#3851));
#3853=FACE_OUTER_BOUND('',#3852,.F.);
#3854=ADVANCED_FACE('',(#3853),#3847,.T.);
#3855=CARTESIAN_POINT('',(-1.25E0,4.25E0,-4.15E0));
#3856=DIRECTION('',(-1.E0,0.E0,0.E0));
#3857=DIRECTION('',(0.E0,0.E0,1.E0));
#3858=AXIS2_PLACEMENT_3D('',#3855,#3856,#3857);
#3859=PLANE('',#3858);
#3860=ORIENTED_EDGE('',*,*,#3716,.T.);
#3862=ORIENTED_EDGE('',*,*,#3861,.T.);
#3864=ORIENTED_EDGE('',*,*,#3863,.T.);
#3865=ORIENTED_EDGE('',*,*,#3777,.F.);
#3866=EDGE_LOOP('',(#3860,#3862,#3864,#3865));
#3867=FACE_OUTER_BOUND('',#3866,.F.);
#3868=ADVANCED_FACE('',(#3867),#3859,.T.);
#3869=CARTESIAN_POINT('',(-7.5E-1,4.25E0,-4.15E0));
#3870=DIRECTION('',(0.E0,0.E0,-1.E0));
#3871=DIRECTION('',(-1.E0,0.E0,0.E0));
#3872=AXIS2_PLACEMENT_3D('',#3869,#3870,#3871);
#3873=PLANE('',#3872);
#3874=ORIENTED_EDGE('',*,*,#3714,.F.);
#3876=ORIENTED_EDGE('',*,*,#3875,.T.);
#3878=ORIENTED_EDGE('',*,*,#3877,.T.);
#3879=ORIENTED_EDGE('',*,*,#3861,.F.);
#3880=EDGE_LOOP('',(#3874,#3876,#3878,#3879));
#3881=FACE_OUTER_BOUND('',#3880,.F.);
#3882=ADVANCED_FACE('',(#3881),#3873,.T.);
#3883=CARTESIAN_POINT('',(-7.5E-1,4.25E0,-7.5E-1));
#3884=DIRECTION('',(1.E0,0.E0,0.E0));
#3885=DIRECTION('',(0.E0,0.E0,-1.E0));
#3886=AXIS2_PLACEMENT_3D('',#3883,#3884,#3885);
#3887=PLANE('',#3886);
#3888=ORIENTED_EDGE('',*,*,#3712,.F.);
#3889=ORIENTED_EDGE('',*,*,#3781,.T.);
#3891=ORIENTED_EDGE('',*,*,#3890,.T.);
#3892=ORIENTED_EDGE('',*,*,#3875,.F.);
#3893=EDGE_LOOP('',(#3888,#3889,#3891,#3892));
#3894=FACE_OUTER_BOUND('',#3893,.F.);
#3895=ADVANCED_FACE('',(#3894),#3887,.T.);
#3896=CARTESIAN_POINT('',(-5.E0,4.35E0,-5.8E0));
#3897=DIRECTION('',(0.E0,1.E0,0.E0));
#3898=DIRECTION('',(1.E0,0.E0,0.E0));
#3899=AXIS2_PLACEMENT_3D('',#3896,#3897,#3898);
#3900=PLANE('',#3899);
#3901=ORIENTED_EDGE('',*,*,#3779,.F.);
#3902=ORIENTED_EDGE('',*,*,#3863,.F.);
#3903=ORIENTED_EDGE('',*,*,#3877,.F.);
#3904=ORIENTED_EDGE('',*,*,#3890,.F.);
#3905=EDGE_LOOP('',(#3901,#3902,#3903,#3904));
#3906=FACE_OUTER_BOUND('',#3905,.F.);
#3907=ADVANCED_FACE('',(#3906),#3900,.T.);
#3908=CARTESIAN_POINT('',(7.5E-1,4.25E0,-4.15E0));
#3909=DIRECTION('',(-1.E0,0.E0,0.E0));
#3910=DIRECTION('',(0.E0,0.E0,1.E0));
#3911=AXIS2_PLACEMENT_3D('',#3908,#3909,#3910);
#3912=PLANE('',#3911);
#3913=ORIENTED_EDGE('',*,*,#3708,.T.);
#3915=ORIENTED_EDGE('',*,*,#3914,.T.);
#3917=ORIENTED_EDGE('',*,*,#3916,.T.);
#3918=ORIENTED_EDGE('',*,*,#3784,.F.);
#3919=EDGE_LOOP('',(#3913,#3915,#3917,#3918));
#3920=FACE_OUTER_BOUND('',#3919,.F.);
#3921=ADVANCED_FACE('',(#3920),#3912,.T.);
#3922=CARTESIAN_POINT('',(1.25E0,4.25E0,-4.15E0));
#3923=DIRECTION('',(0.E0,0.E0,-1.E0));
#3924=DIRECTION('',(-1.E0,0.E0,0.E0));
#3925=AXIS2_PLACEMENT_3D('',#3922,#3923,#3924);
#3926=PLANE('',#3925);
#3927=ORIENTED_EDGE('',*,*,#3706,.F.);
#3929=ORIENTED_EDGE('',*,*,#3928,.T.);
#3931=ORIENTED_EDGE('',*,*,#3930,.T.);
#3932=ORIENTED_EDGE('',*,*,#3914,.F.);
#3933=EDGE_LOOP('',(#3927,#3929,#3931,#3932));
#3934=FACE_OUTER_BOUND('',#3933,.F.);
#3935=ADVANCED_FACE('',(#3934),#3926,.T.);
#3936=CARTESIAN_POINT('',(1.25E0,4.25E0,-7.5E-1));
#3937=DIRECTION('',(1.E0,0.E0,0.E0));
#3938=DIRECTION('',(0.E0,0.E0,-1.E0));
#3939=AXIS2_PLACEMENT_3D('',#3936,#3937,#3938);
#3940=PLANE('',#3939);
#3941=ORIENTED_EDGE('',*,*,#3704,.F.);
#3942=ORIENTED_EDGE('',*,*,#3788,.T.);
#3944=ORIENTED_EDGE('',*,*,#3943,.T.);
#3945=ORIENTED_EDGE('',*,*,#3928,.F.);
#3946=EDGE_LOOP('',(#3941,#3942,#3944,#3945));
#3947=FACE_OUTER_BOUND('',#3946,.F.);
#3948=ADVANCED_FACE('',(#3947),#3940,.T.);
#3949=CARTESIAN_POINT('',(-5.E0,4.35E0,-5.8E0));
#3950=DIRECTION('',(0.E0,1.E0,0.E0));
#3951=DIRECTION('',(1.E0,0.E0,0.E0));
#3952=AXIS2_PLACEMENT_3D('',#3949,#3950,#3951);
#3953=PLANE('',#3952);
#3954=ORIENTED_EDGE('',*,*,#3786,.F.);
#3955=ORIENTED_EDGE('',*,*,#3916,.F.);
#3956=ORIENTED_EDGE('',*,*,#3930,.F.);
#3957=ORIENTED_EDGE('',*,*,#3943,.F.);
#3958=EDGE_LOOP('',(#3954,#3955,#3956,#3957));
#3959=FACE_OUTER_BOUND('',#3958,.F.);
#3960=ADVANCED_FACE('',(#3959),#3953,.T.);
#3961=CARTESIAN_POINT('',(2.75E0,4.25E0,-4.15E0));
#3962=DIRECTION('',(-1.E0,0.E0,0.E0));
#3963=DIRECTION('',(0.E0,0.E0,1.E0));
#3964=AXIS2_PLACEMENT_3D('',#3961,#3962,#3963);
#3965=PLANE('',#3964);
#3966=ORIENTED_EDGE('',*,*,#3700,.T.);
#3968=ORIENTED_EDGE('',*,*,#3967,.T.);
#3970=ORIENTED_EDGE('',*,*,#3969,.T.);
#3971=ORIENTED_EDGE('',*,*,#3791,.F.);
#3972=EDGE_LOOP('',(#3966,#3968,#3970,#3971));
#3973=FACE_OUTER_BOUND('',#3972,.F.);
#3974=ADVANCED_FACE('',(#3973),#3965,.T.);
#3975=CARTESIAN_POINT('',(3.25E0,4.25E0,-4.15E0));
#3976=DIRECTION('',(0.E0,0.E0,-1.E0));
#3977=DIRECTION('',(-1.E0,0.E0,0.E0));
#3978=AXIS2_PLACEMENT_3D('',#3975,#3976,#3977);
#3979=PLANE('',#3978);
#3980=ORIENTED_EDGE('',*,*,#3698,.F.);
#3982=ORIENTED_EDGE('',*,*,#3981,.T.);
#3984=ORIENTED_EDGE('',*,*,#3983,.T.);
#3985=ORIENTED_EDGE('',*,*,#3967,.F.);
#3986=EDGE_LOOP('',(#3980,#3982,#3984,#3985));
#3987=FACE_OUTER_BOUND('',#3986,.F.);
#3988=ADVANCED_FACE('',(#3987),#3979,.T.);
#3989=CARTESIAN_POINT('',(3.25E0,4.25E0,-7.5E-1));
#3990=DIRECTION('',(1.E0,0.E0,0.E0));
#3991=DIRECTION('',(0.E0,0.E0,-1.E0));
#3992=AXIS2_PLACEMENT_3D('',#3989,#3990,#3991);
#3993=PLANE('',#3992);
#3994=ORIENTED_EDGE('',*,*,#3696,.F.);
#3995=ORIENTED_EDGE('',*,*,#3795,.T.);
#3997=ORIENTED_EDGE('',*,*,#3996,.T.);
#3998=ORIENTED_EDGE('',*,*,#3981,.F.);
#3999=EDGE_LOOP('',(#3994,#3995,#3997,#3998));
#4000=FACE_OUTER_BOUND('',#3999,.F.);
#4001=ADVANCED_FACE('',(#4000),#3993,.T.);
#4002=CARTESIAN_POINT('',(-5.E0,4.35E0,-5.8E0));
#4003=DIRECTION('',(0.E0,1.E0,0.E0));
#4004=DIRECTION('',(1.E0,0.E0,0.E0));
#4005=AXIS2_PLACEMENT_3D('',#4002,#4003,#4004);
#4006=PLANE('',#4005);
#4007=ORIENTED_EDGE('',*,*,#3793,.F.);
#4008=ORIENTED_EDGE('',*,*,#3969,.F.);
#4009=ORIENTED_EDGE('',*,*,#3983,.F.);
#4010=ORIENTED_EDGE('',*,*,#3996,.F.);
#4011=EDGE_LOOP('',(#4007,#4008,#4009,#4010));
#4012=FACE_OUTER_BOUND('',#4011,.F.);
#4013=ADVANCED_FACE('',(#4012),#4006,.T.);
#4014=CARTESIAN_POINT('',(4.1E0,1.125E1,-8.5E-1));
#4015=DIRECTION('',(0.E0,1.E0,0.E0));
#4016=DIRECTION('',(1.E0,0.E0,0.E0));
#4017=AXIS2_PLACEMENT_3D('',#4014,#4015,#4016);
#4018=CYLINDRICAL_SURFACE('',#4017,1.E-1);
#4019=ORIENTED_EDGE('',*,*,#3143,.F.);
#4020=ORIENTED_EDGE('',*,*,#3798,.T.);
#4021=ORIENTED_EDGE('',*,*,#3692,.T.);
#4022=ORIENTED_EDGE('',*,*,#3192,.F.);
#4023=EDGE_LOOP('',(#4019,#4020,#4021,#4022));
#4024=FACE_OUTER_BOUND('',#4023,.F.);
#4025=ADVANCED_FACE('',(#4024),#4018,.F.);
#4026=CARTESIAN_POINT('',(2.E0,1.095E1,-1.E-1));
#4027=DIRECTION('',(1.E0,0.E0,0.E0));
#4028=DIRECTION('',(0.E0,1.E0,0.E0));
#4029=AXIS2_PLACEMENT_3D('',#4026,#4027,#4028);
#4030=PLANE('',#4029);
#4031=ORIENTED_EDGE('',*,*,#3139,.T.);
#4033=ORIENTED_EDGE('',*,*,#4032,.T.);
#4035=ORIENTED_EDGE('',*,*,#4034,.T.);
#4036=ORIENTED_EDGE('',*,*,#3801,.F.);
#4037=EDGE_LOOP('',(#4031,#4033,#4035,#4036));
#4038=FACE_OUTER_BOUND('',#4037,.F.);
#4039=ADVANCED_FACE('',(#4038),#4030,.F.);
#4040=CARTESIAN_POINT('',(3.25E0,3.15E0,-1.E-1));
#4041=DIRECTION('',(0.E0,0.E0,-1.E0));
#4042=DIRECTION('',(0.E0,1.E0,0.E0));
#4043=AXIS2_PLACEMENT_3D('',#4040,#4041,#4042);
#4044=PLANE('',#4043);
#4046=ORIENTED_EDGE('',*,*,#4045,.T.);
#4048=ORIENTED_EDGE('',*,*,#4047,.T.);
#4049=ORIENTED_EDGE('',*,*,#4032,.F.);
#4050=ORIENTED_EDGE('',*,*,#3137,.F.);
#4052=ORIENTED_EDGE('',*,*,#4051,.F.);
#4054=ORIENTED_EDGE('',*,*,#4053,.T.);
#4056=ORIENTED_EDGE('',*,*,#4055,.T.);
#4057=ORIENTED_EDGE('',*,*,#3117,.F.);
#4058=EDGE_LOOP('',(#4046,#4048,#4049,#4050,#4052,#4054,#4056,#4057));
#4059=FACE_OUTER_BOUND('',#4058,.F.);
#4060=ADVANCED_FACE('',(#4059),#4044,.F.);
#4061=CARTESIAN_POINT('',(-2.E0,1.125E1,-1.E-1));
#4062=DIRECTION('',(-1.E0,0.E0,0.E0));
#4063=DIRECTION('',(0.E0,-1.E0,0.E0));
#4064=AXIS2_PLACEMENT_3D('',#4061,#4062,#4063);
#4065=PLANE('',#4064);
#4066=ORIENTED_EDGE('',*,*,#3115,.F.);
#4067=ORIENTED_EDGE('',*,*,#3805,.T.);
#4069=ORIENTED_EDGE('',*,*,#4068,.F.);
#4070=ORIENTED_EDGE('',*,*,#4045,.F.);
#4071=EDGE_LOOP('',(#4066,#4067,#4069,#4070));
#4072=FACE_OUTER_BOUND('',#4071,.F.);
#4073=ADVANCED_FACE('',(#4072),#4065,.F.);
#4074=CARTESIAN_POINT('',(-2.E0,1.095E1,-1.E-1));
#4075=DIRECTION('',(0.E0,-1.E0,0.E0));
#4076=DIRECTION('',(1.E0,0.E0,0.E0));
#4077=AXIS2_PLACEMENT_3D('',#4074,#4075,#4076);
#4078=PLANE('',#4077);
#4079=ORIENTED_EDGE('',*,*,#3803,.T.);
#4080=ORIENTED_EDGE('',*,*,#4034,.F.);
#4081=ORIENTED_EDGE('',*,*,#4047,.F.);
#4082=ORIENTED_EDGE('',*,*,#4068,.T.);
#4083=EDGE_LOOP('',(#4079,#4080,#4081,#4082));
#4084=FACE_OUTER_BOUND('',#4083,.F.);
#4085=ADVANCED_FACE('',(#4084),#4078,.F.);
#4086=CARTESIAN_POINT('',(3.25E0,0.E0,0.E0));
#4087=DIRECTION('',(1.E0,0.E0,0.E0));
#4088=DIRECTION('',(0.E0,0.E0,-1.E0));
#4089=AXIS2_PLACEMENT_3D('',#4086,#4087,#4088);
#4090=PLANE('',#4089);
#4092=ORIENTED_EDGE('',*,*,#4091,.T.);
#4094=ORIENTED_EDGE('',*,*,#4093,.F.);
#4096=ORIENTED_EDGE('',*,*,#4095,.F.);
#4098=ORIENTED_EDGE('',*,*,#4097,.T.);
#4099=ORIENTED_EDGE('',*,*,#3510,.T.);
#4101=ORIENTED_EDGE('',*,*,#4100,.T.);
#4103=ORIENTED_EDGE('',*,*,#4102,.T.);
#4105=ORIENTED_EDGE('',*,*,#4104,.T.);
#4107=ORIENTED_EDGE('',*,*,#4106,.F.);
#4109=ORIENTED_EDGE('',*,*,#4108,.F.);
#4111=ORIENTED_EDGE('',*,*,#4110,.T.);
#4113=ORIENTED_EDGE('',*,*,#4112,.T.);
#4115=ORIENTED_EDGE('',*,*,#4114,.T.);
#4116=ORIENTED_EDGE('',*,*,#4051,.T.);
#4117=ORIENTED_EDGE('',*,*,#3135,.T.);
#4119=ORIENTED_EDGE('',*,*,#4118,.T.);
#4121=ORIENTED_EDGE('',*,*,#4120,.T.);
#4123=ORIENTED_EDGE('',*,*,#4122,.T.);
#4125=ORIENTED_EDGE('',*,*,#4124,.T.);
#4127=ORIENTED_EDGE('',*,*,#4126,.T.);
#4128=EDGE_LOOP('',(#4092,#4094,#4096,#4098,#4099,#4101,#4103,#4105,#4107,#4109,
#4111,#4113,#4115,#4116,#4117,#4119,#4121,#4123,#4125,#4127));
#4129=FACE_OUTER_BOUND('',#4128,.F.);
#4130=ADVANCED_FACE('',(#4129),#4090,.F.);
#4131=CARTESIAN_POINT('',(3.25E0,2.35E0,0.E0));
#4132=DIRECTION('',(0.E0,-1.E0,0.E0));
#4133=DIRECTION('',(1.E0,0.E0,0.E0));
#4134=AXIS2_PLACEMENT_3D('',#4131,#4132,#4133);
#4135=PLANE('',#4134);
#4137=ORIENTED_EDGE('',*,*,#4136,.T.);
#4139=ORIENTED_EDGE('',*,*,#4138,.T.);
#4141=ORIENTED_EDGE('',*,*,#4140,.T.);
#4143=ORIENTED_EDGE('',*,*,#4142,.T.);
#4144=EDGE_LOOP('',(#4137,#4139,#4141,#4143));
#4145=FACE_OUTER_BOUND('',#4144,.F.);
#4146=ADVANCED_FACE('',(#4145),#4135,.F.);
#4147=CARTESIAN_POINT('',(3.25E0,2.35E0,0.E0));
#4148=DIRECTION('',(0.E0,-1.E0,0.E0));
#4149=DIRECTION('',(1.E0,0.E0,0.E0));
#4150=AXIS2_PLACEMENT_3D('',#4147,#4148,#4149);
#4151=PLANE('',#4150);
#4153=ORIENTED_EDGE('',*,*,#4152,.T.);
#4155=ORIENTED_EDGE('',*,*,#4154,.T.);
#4157=ORIENTED_EDGE('',*,*,#4156,.T.);
#4158=ORIENTED_EDGE('',*,*,#4091,.F.);
#4159=EDGE_LOOP('',(#4153,#4155,#4157,#4158));
#4160=FACE_OUTER_BOUND('',#4159,.F.);
#4161=ADVANCED_FACE('',(#4160),#4151,.F.);
#4162=CARTESIAN_POINT('',(-5.E0,2.05E0,-5.8E0));
#4163=DIRECTION('',(0.E0,0.E0,-1.E0));
#4164=DIRECTION('',(0.E0,1.E0,0.E0));
#4165=AXIS2_PLACEMENT_3D('',#4162,#4163,#4164);
#4166=PLANE('',#4165);
#4168=ORIENTED_EDGE('',*,*,#4167,.T.);
#4170=ORIENTED_EDGE('',*,*,#4169,.T.);
#4172=ORIENTED_EDGE('',*,*,#4171,.T.);
#4173=ORIENTED_EDGE('',*,*,#4136,.F.);
#4175=ORIENTED_EDGE('',*,*,#4174,.F.);
#4177=ORIENTED_EDGE('',*,*,#4176,.T.);
#4179=ORIENTED_EDGE('',*,*,#4178,.T.);
#4180=ORIENTED_EDGE('',*,*,#3504,.F.);
#4182=ORIENTED_EDGE('',*,*,#4181,.F.);
#4184=ORIENTED_EDGE('',*,*,#4183,.F.);
#4185=EDGE_LOOP('',(#4168,#4170,#4172,#4173,#4175,#4177,#4179,#4180,#4182,
#4184));
#4186=FACE_OUTER_BOUND('',#4185,.F.);
#4187=ADVANCED_FACE('',(#4186),#4166,.T.);
#4188=CARTESIAN_POINT('',(-5.E0,2.05E0,-5.8E0));
#4189=DIRECTION('',(0.E0,0.E0,-1.E0));
#4190=DIRECTION('',(0.E0,1.E0,0.E0));
#4191=AXIS2_PLACEMENT_3D('',#4188,#4189,#4190);
#4192=PLANE('',#4191);
#4194=ORIENTED_EDGE('',*,*,#4193,.T.);
#4196=ORIENTED_EDGE('',*,*,#4195,.F.);
#4197=ORIENTED_EDGE('',*,*,#3571,.T.);
#4198=ORIENTED_EDGE('',*,*,#3512,.F.);
#4199=ORIENTED_EDGE('',*,*,#4097,.F.);
#4201=ORIENTED_EDGE('',*,*,#4200,.T.);
#4203=ORIENTED_EDGE('',*,*,#4202,.T.);
#4204=ORIENTED_EDGE('',*,*,#4152,.F.);
#4205=ORIENTED_EDGE('',*,*,#4126,.F.);
#4207=ORIENTED_EDGE('',*,*,#4206,.T.);
#4208=EDGE_LOOP('',(#4194,#4196,#4197,#4198,#4199,#4201,#4203,#4204,#4205,
#4207));
#4209=FACE_OUTER_BOUND('',#4208,.F.);
#4210=ADVANCED_FACE('',(#4209),#4192,.T.);
#4211=CARTESIAN_POINT('',(-4.8E0,1.1265648E1,-5.6E0));
#4212=DIRECTION('',(0.E0,-1.E0,0.E0));
#4213=DIRECTION('',(-1.E0,0.E0,0.E0));
#4214=AXIS2_PLACEMENT_3D('',#4211,#4212,#4213);
#4215=CYLINDRICAL_SURFACE('',#4214,2.E-1);
#4217=ORIENTED_EDGE('',*,*,#4216,.T.);
#4218=ORIENTED_EDGE('',*,*,#4167,.F.);
#4220=ORIENTED_EDGE('',*,*,#4219,.T.);
#4221=ORIENTED_EDGE('',*,*,#3066,.T.);
#4222=EDGE_LOOP('',(#4217,#4218,#4220,#4221));
#4223=FACE_OUTER_BOUND('',#4222,.F.);
#4224=ADVANCED_FACE('',(#4223),#4215,.T.);
#4225=CARTESIAN_POINT('',(-5.E0,2.05E0,-4.6E0));
#4226=DIRECTION('',(0.E0,-1.E0,0.E0));
#4227=DIRECTION('',(0.E0,0.E0,-1.E0));
#4228=AXIS2_PLACEMENT_3D('',#4225,#4226,#4227);
#4229=PLANE('',#4228);
#4230=ORIENTED_EDGE('',*,*,#4216,.F.);
#4231=ORIENTED_EDGE('',*,*,#3064,.F.);
#4233=ORIENTED_EDGE('',*,*,#4232,.T.);
#4235=ORIENTED_EDGE('',*,*,#4234,.T.);
#4237=ORIENTED_EDGE('',*,*,#4236,.T.);
#4238=ORIENTED_EDGE('',*,*,#4169,.F.);
#4239=EDGE_LOOP('',(#4230,#4231,#4233,#4235,#4237,#4238));
#4240=FACE_OUTER_BOUND('',#4239,.F.);
#4241=ADVANCED_FACE('',(#4240),#4229,.T.);
#4242=CARTESIAN_POINT('',(-5.E0,2.05E0,-4.6E0));
#4243=DIRECTION('',(0.E0,-1.E0,0.E0));
#4244=DIRECTION('',(0.E0,0.E0,-1.E0));
#4245=AXIS2_PLACEMENT_3D('',#4242,#4243,#4244);
#4246=PLANE('',#4245);
#4248=ORIENTED_EDGE('',*,*,#4247,.F.);
#4249=ORIENTED_EDGE('',*,*,#4206,.F.);
#4250=ORIENTED_EDGE('',*,*,#4124,.F.);
#4252=ORIENTED_EDGE('',*,*,#4251,.T.);
#4254=ORIENTED_EDGE('',*,*,#4253,.F.);
#4256=ORIENTED_EDGE('',*,*,#4255,.T.);
#4257=EDGE_LOOP('',(#4248,#4249,#4250,#4252,#4254,#4256));
#4258=FACE_OUTER_BOUND('',#4257,.F.);
#4259=ADVANCED_FACE('',(#4258),#4246,.T.);
#4260=CARTESIAN_POINT('',(-5.E0,7.25E0,-4.6E0));
#4261=DIRECTION('',(0.E0,0.E0,-1.E0));
#4262=DIRECTION('',(0.E0,-1.E0,0.E0));
#4263=AXIS2_PLACEMENT_3D('',#4260,#4261,#4262);
#4264=PLANE('',#4263);
#4265=ORIENTED_EDGE('',*,*,#3062,.F.);
#4267=ORIENTED_EDGE('',*,*,#4266,.T.);
#4269=ORIENTED_EDGE('',*,*,#4268,.T.);
#4270=ORIENTED_EDGE('',*,*,#4232,.F.);
#4271=EDGE_LOOP('',(#4265,#4267,#4269,#4270));
#4272=FACE_OUTER_BOUND('',#4271,.F.);
#4273=ADVANCED_FACE('',(#4272),#4264,.F.);
#4274=CARTESIAN_POINT('',(-5.E0,7.25E0,-2.75E0));
#4275=DIRECTION('',(0.E0,1.E0,0.E0));
#4276=DIRECTION('',(0.E0,0.E0,-1.E0));
#4277=AXIS2_PLACEMENT_3D('',#4274,#4275,#4276);
#4278=PLANE('',#4277);
#4279=ORIENTED_EDGE('',*,*,#3060,.F.);
#4281=ORIENTED_EDGE('',*,*,#4280,.T.);
#4283=ORIENTED_EDGE('',*,*,#4282,.T.);
#4284=ORIENTED_EDGE('',*,*,#4266,.F.);
#4285=EDGE_LOOP('',(#4279,#4281,#4283,#4284));
#4286=FACE_OUTER_BOUND('',#4285,.F.);
#4287=ADVANCED_FACE('',(#4286),#4278,.F.);
#4288=CARTESIAN_POINT('',(-5.E0,5.4E0,-2.75E0));
#4289=DIRECTION('',(0.E0,0.E0,1.E0));
#4290=DIRECTION('',(0.E0,1.E0,0.E0));
#4291=AXIS2_PLACEMENT_3D('',#4288,#4289,#4290);
#4292=PLANE('',#4291);
#4293=ORIENTED_EDGE('',*,*,#3058,.F.);
#4295=ORIENTED_EDGE('',*,*,#4294,.T.);
#4297=ORIENTED_EDGE('',*,*,#4296,.T.);
#4298=ORIENTED_EDGE('',*,*,#4280,.F.);
#4299=EDGE_LOOP('',(#4293,#4295,#4297,#4298));
#4300=FACE_OUTER_BOUND('',#4299,.F.);
#4301=ADVANCED_FACE('',(#4300),#4292,.F.);
#4302=CARTESIAN_POINT('',(-5.E0,5.4E0,-1.E0));
#4303=DIRECTION('',(0.E0,1.E0,0.E0));
#4304=DIRECTION('',(0.E0,0.E0,-1.E0));
#4305=AXIS2_PLACEMENT_3D('',#4302,#4303,#4304);
#4306=PLANE('',#4305);
#4307=ORIENTED_EDGE('',*,*,#3056,.F.);
#4309=ORIENTED_EDGE('',*,*,#4308,.T.);
#4311=ORIENTED_EDGE('',*,*,#4310,.T.);
#4312=ORIENTED_EDGE('',*,*,#4294,.F.);
#4313=EDGE_LOOP('',(#4307,#4309,#4311,#4312));
#4314=FACE_OUTER_BOUND('',#4313,.F.);
#4315=ADVANCED_FACE('',(#4314),#4306,.F.);
#4316=CARTESIAN_POINT('',(-5.E0,0.E0,-1.E0));
#4317=DIRECTION('',(0.E0,0.E0,1.E0));
#4318=DIRECTION('',(0.E0,1.E0,0.E0));
#4319=AXIS2_PLACEMENT_3D('',#4316,#4317,#4318);
#4320=PLANE('',#4319);
#4321=ORIENTED_EDGE('',*,*,#3054,.F.);
#4323=ORIENTED_EDGE('',*,*,#4322,.T.);
#4325=ORIENTED_EDGE('',*,*,#4324,.T.);
#4326=ORIENTED_EDGE('',*,*,#4308,.F.);
#4327=EDGE_LOOP('',(#4321,#4323,#4325,#4326));
#4328=FACE_OUTER_BOUND('',#4327,.F.);
#4329=ADVANCED_FACE('',(#4328),#4320,.F.);
#4330=CARTESIAN_POINT('',(-5.E0,0.E0,0.E0));
#4331=DIRECTION('',(0.E0,-1.E0,0.E0));
#4332=DIRECTION('',(0.E0,0.E0,-1.E0));
#4333=AXIS2_PLACEMENT_3D('',#4330,#4331,#4332);
#4334=PLANE('',#4333);
#4335=ORIENTED_EDGE('',*,*,#3094,.F.);
#4337=ORIENTED_EDGE('',*,*,#4336,.T.);
#4339=ORIENTED_EDGE('',*,*,#4338,.T.);
#4341=ORIENTED_EDGE('',*,*,#4340,.F.);
#4342=ORIENTED_EDGE('',*,*,#4322,.F.);
#4343=ORIENTED_EDGE('',*,*,#3052,.F.);
#4344=EDGE_LOOP('',(#4335,#4337,#4339,#4341,#4342,#4343));
#4345=FACE_OUTER_BOUND('',#4344,.F.);
#4346=ADVANCED_FACE('',(#4345),#4334,.T.);
#4347=CARTESIAN_POINT('',(-5.E0,0.E0,0.E0));
#4348=DIRECTION('',(0.E0,-1.E0,0.E0));
#4349=DIRECTION('',(0.E0,0.E0,-1.E0));
#4350=AXIS2_PLACEMENT_3D('',#4347,#4348,#4349);
#4351=PLANE('',#4350);
#4353=ORIENTED_EDGE('',*,*,#4352,.F.);
#4355=ORIENTED_EDGE('',*,*,#4354,.T.);
#4357=ORIENTED_EDGE('',*,*,#4356,.T.);
#4359=ORIENTED_EDGE('',*,*,#4358,.F.);
#4360=ORIENTED_EDGE('',*,*,#4120,.F.);
#4362=ORIENTED_EDGE('',*,*,#4361,.T.);
#4363=EDGE_LOOP('',(#4353,#4355,#4357,#4359,#4360,#4362));
#4364=FACE_OUTER_BOUND('',#4363,.F.);
#4365=ADVANCED_FACE('',(#4364),#4351,.T.);
#4366=CARTESIAN_POINT('',(-5.E0,1.125E1,0.E0));
#4367=DIRECTION('',(0.E0,0.E0,1.E0));
#4368=DIRECTION('',(0.E0,-1.E0,0.E0));
#4369=AXIS2_PLACEMENT_3D('',#4366,#4367,#4368);
#4370=PLANE('',#4369);
#4371=ORIENTED_EDGE('',*,*,#3092,.T.);
#4372=ORIENTED_EDGE('',*,*,#3121,.T.);
#4374=ORIENTED_EDGE('',*,*,#4373,.T.);
#4375=ORIENTED_EDGE('',*,*,#4336,.F.);
#4376=EDGE_LOOP('',(#4371,#4372,#4374,#4375));
#4377=FACE_OUTER_BOUND('',#4376,.F.);
#4378=ADVANCED_FACE('',(#4377),#4370,.T.);
#4379=CARTESIAN_POINT('',(-5.E0,1.125E1,0.E0));
#4380=DIRECTION('',(0.E0,0.E0,1.E0));
#4381=DIRECTION('',(0.E0,-1.E0,0.E0));
#4382=AXIS2_PLACEMENT_3D('',#4379,#4380,#4381);
#4383=PLANE('',#4382);
#4385=ORIENTED_EDGE('',*,*,#4384,.T.);
#4386=ORIENTED_EDGE('',*,*,#4361,.F.);
#4387=ORIENTED_EDGE('',*,*,#4118,.F.);
#4388=ORIENTED_EDGE('',*,*,#3133,.T.);
#4389=EDGE_LOOP('',(#4385,#4386,#4387,#4388));
#4390=FACE_OUTER_BOUND('',#4389,.F.);
#4391=ADVANCED_FACE('',(#4390),#4383,.T.);
#4392=CARTESIAN_POINT('',(-3.25E0,0.E0,0.E0));
#4393=DIRECTION('',(1.E0,0.E0,0.E0));
#4394=DIRECTION('',(0.E0,0.E0,-1.E0));
#4395=AXIS2_PLACEMENT_3D('',#4392,#4393,#4394);
#4396=PLANE('',#4395);
#4397=ORIENTED_EDGE('',*,*,#4138,.F.);
#4398=ORIENTED_EDGE('',*,*,#4171,.F.);
#4399=ORIENTED_EDGE('',*,*,#4236,.F.);
#4401=ORIENTED_EDGE('',*,*,#4400,.F.);
#4402=ORIENTED_EDGE('',*,*,#4338,.F.);
#4403=ORIENTED_EDGE('',*,*,#4373,.F.);
#4404=ORIENTED_EDGE('',*,*,#3119,.F.);
#4405=ORIENTED_EDGE('',*,*,#4055,.F.);
#4407=ORIENTED_EDGE('',*,*,#4406,.F.);
#4409=ORIENTED_EDGE('',*,*,#4408,.F.);
#4411=ORIENTED_EDGE('',*,*,#4410,.F.);
#4413=ORIENTED_EDGE('',*,*,#4412,.T.);
#4415=ORIENTED_EDGE('',*,*,#4414,.T.);
#4417=ORIENTED_EDGE('',*,*,#4416,.F.);
#4419=ORIENTED_EDGE('',*,*,#4418,.F.);
#4421=ORIENTED_EDGE('',*,*,#4420,.F.);
#4422=ORIENTED_EDGE('',*,*,#3506,.F.);
#4423=ORIENTED_EDGE('',*,*,#4178,.F.);
#4425=ORIENTED_EDGE('',*,*,#4424,.T.);
#4427=ORIENTED_EDGE('',*,*,#4426,.T.);
#4428=EDGE_LOOP('',(#4397,#4398,#4399,#4401,#4402,#4403,#4404,#4405,#4407,#4409,
#4411,#4413,#4415,#4417,#4419,#4421,#4422,#4423,#4425,#4427));
#4429=FACE_OUTER_BOUND('',#4428,.F.);
#4430=ADVANCED_FACE('',(#4429),#4396,.T.);
#4431=CARTESIAN_POINT('',(-5.E0,0.E0,-1.E0));
#4432=DIRECTION('',(0.E0,-8.689848913773E-1,-4.948386187010E-1));
#4433=DIRECTION('',(0.E0,4.948386187010E-1,-8.689848913773E-1));
#4434=AXIS2_PLACEMENT_3D('',#4431,#4432,#4433);
#4435=PLANE('',#4434);
#4437=ORIENTED_EDGE('',*,*,#4436,.T.);
#4438=ORIENTED_EDGE('',*,*,#4251,.F.);
#4439=ORIENTED_EDGE('',*,*,#4122,.F.);
#4440=ORIENTED_EDGE('',*,*,#4358,.T.);
#4441=EDGE_LOOP('',(#4437,#4438,#4439,#4440));
#4442=FACE_OUTER_BOUND('',#4441,.F.);
#4443=ADVANCED_FACE('',(#4442),#4435,.T.);
#4444=CARTESIAN_POINT('',(-5.E0,0.E0,-1.E0));
#4445=DIRECTION('',(0.E0,-8.689848913773E-1,-4.948386187010E-1));
#4446=DIRECTION('',(0.E0,4.948386187010E-1,-8.689848913773E-1));
#4447=AXIS2_PLACEMENT_3D('',#4444,#4445,#4446);
#4448=PLANE('',#4447);
#4450=ORIENTED_EDGE('',*,*,#4449,.F.);
#4451=ORIENTED_EDGE('',*,*,#4340,.T.);
#4452=ORIENTED_EDGE('',*,*,#4400,.T.);
#4453=ORIENTED_EDGE('',*,*,#4234,.F.);
#4454=EDGE_LOOP('',(#4450,#4451,#4452,#4453));
#4455=FACE_OUTER_BOUND('',#4454,.F.);
#4456=ADVANCED_FACE('',(#4455),#4448,.T.);
#4457=CARTESIAN_POINT('',(4.4E0,1.125E1,-5.8E0));
#4458=DIRECTION('',(1.E0,0.E0,0.E0));
#4459=DIRECTION('',(0.E0,0.E0,-1.E0));
#4460=AXIS2_PLACEMENT_3D('',#4457,#4458,#4459);
#4461=PLANE('',#4460);
#4462=ORIENTED_EDGE('',*,*,#4436,.F.);
#4464=ORIENTED_EDGE('',*,*,#4463,.F.);
#4466=ORIENTED_EDGE('',*,*,#4465,.F.);
#4468=ORIENTED_EDGE('',*,*,#4467,.F.);
#4470=ORIENTED_EDGE('',*,*,#4469,.F.);
#4472=ORIENTED_EDGE('',*,*,#4471,.F.);
#4473=EDGE_LOOP('',(#4462,#4464,#4466,#4468,#4470,#4472));
#4474=FACE_OUTER_BOUND('',#4473,.F.);
#4475=ADVANCED_FACE('',(#4474),#4461,.T.);
#4476=CARTESIAN_POINT('',(5.E0,5.4E0,-1.E0));
#4477=DIRECTION('',(0.E0,0.E0,1.E0));
#4478=DIRECTION('',(0.E0,-1.E0,0.E0));
#4479=AXIS2_PLACEMENT_3D('',#4476,#4477,#4478);
#4480=PLANE('',#4479);
#4482=ORIENTED_EDGE('',*,*,#4481,.T.);
#4484=ORIENTED_EDGE('',*,*,#4483,.T.);
#4485=ORIENTED_EDGE('',*,*,#4463,.T.);
#4486=ORIENTED_EDGE('',*,*,#4356,.F.);
#4487=EDGE_LOOP('',(#4482,#4484,#4485,#4486));
#4488=FACE_OUTER_BOUND('',#4487,.F.);
#4489=ADVANCED_FACE('',(#4488),#4480,.F.);
#4490=CARTESIAN_POINT('',(5.E0,0.E0,0.E0));
#4491=DIRECTION('',(1.E0,0.E0,0.E0));
#4492=DIRECTION('',(0.E0,0.E0,-1.E0));
#4493=AXIS2_PLACEMENT_3D('',#4490,#4491,#4492);
#4494=PLANE('',#4493);
#4496=ORIENTED_EDGE('',*,*,#4495,.F.);
#4497=ORIENTED_EDGE('',*,*,#3149,.F.);
#4498=ORIENTED_EDGE('',*,*,#3163,.F.);
#4499=ORIENTED_EDGE('',*,*,#3211,.F.);
#4500=ORIENTED_EDGE('',*,*,#3240,.F.);
#4502=ORIENTED_EDGE('',*,*,#4501,.F.);
#4504=ORIENTED_EDGE('',*,*,#4503,.F.);
#4506=ORIENTED_EDGE('',*,*,#4505,.F.);
#4508=ORIENTED_EDGE('',*,*,#4507,.F.);
#4509=ORIENTED_EDGE('',*,*,#4255,.F.);
#4511=ORIENTED_EDGE('',*,*,#4510,.T.);
#4513=ORIENTED_EDGE('',*,*,#4512,.T.);
#4515=ORIENTED_EDGE('',*,*,#4514,.T.);
#4517=ORIENTED_EDGE('',*,*,#4516,.T.);
#4518=ORIENTED_EDGE('',*,*,#4481,.F.);
#4519=ORIENTED_EDGE('',*,*,#4354,.F.);
#4520=EDGE_LOOP('',(#4496,#4497,#4498,#4499,#4500,#4502,#4504,#4506,#4508,#4509,
#4511,#4513,#4515,#4517,#4518,#4519));
#4521=FACE_OUTER_BOUND('',#4520,.F.);
#4522=ADVANCED_FACE('',(#4521),#4494,.T.);
#4523=CARTESIAN_POINT('',(4.8E0,1.12653768E1,-2.E-1));
#4524=DIRECTION('',(0.E0,-1.E0,0.E0));
#4525=DIRECTION('',(1.E0,0.E0,0.E0));
#4526=AXIS2_PLACEMENT_3D('',#4523,#4524,#4525);
#4527=CYLINDRICAL_SURFACE('',#4526,2.E-1);
#4528=ORIENTED_EDGE('',*,*,#4352,.T.);
#4529=ORIENTED_EDGE('',*,*,#4384,.F.);
#4530=ORIENTED_EDGE('',*,*,#3131,.T.);
#4531=ORIENTED_EDGE('',*,*,#4495,.T.);
#4532=EDGE_LOOP('',(#4528,#4529,#4530,#4531));
#4533=FACE_OUTER_BOUND('',#4532,.F.);
#4534=ADVANCED_FACE('',(#4533),#4527,.T.);
#4535=CARTESIAN_POINT('',(-5.E0,9.75E0,-3.55E0));
#4536=DIRECTION('',(1.E0,0.E0,0.E0));
#4537=DIRECTION('',(0.E0,0.E0,-1.E0));
#4538=AXIS2_PLACEMENT_3D('',#4535,#4536,#4537);
#4539=CYLINDRICAL_SURFACE('',#4538,5.E-1);
#4540=ORIENTED_EDGE('',*,*,#3284,.T.);
#4542=ORIENTED_EDGE('',*,*,#4541,.T.);
#4543=ORIENTED_EDGE('',*,*,#4501,.T.);
#4544=ORIENTED_EDGE('',*,*,#3238,.F.);
#4545=EDGE_LOOP('',(#4540,#4542,#4543,#4544));
#4546=FACE_OUTER_BOUND('',#4545,.F.);
#4547=ADVANCED_FACE('',(#4546),#4539,.F.);
#4548=CARTESIAN_POINT('',(-5.E0,9.75E0,-3.55E0));
#4549=DIRECTION('',(1.E0,0.E0,0.E0));
#4550=DIRECTION('',(0.E0,0.E0,-1.E0));
#4551=AXIS2_PLACEMENT_3D('',#4548,#4549,#4550);
#4552=CYLINDRICAL_SURFACE('',#4551,5.E-1);
#4554=ORIENTED_EDGE('',*,*,#4553,.F.);
#4555=ORIENTED_EDGE('',*,*,#3266,.F.);
#4556=ORIENTED_EDGE('',*,*,#3072,.F.);
#4558=ORIENTED_EDGE('',*,*,#4557,.T.);
#4559=EDGE_LOOP('',(#4554,#4555,#4556,#4558));
#4560=FACE_OUTER_BOUND('',#4559,.F.);
#4561=ADVANCED_FACE('',(#4560),#4552,.F.);
#4562=CARTESIAN_POINT('',(-5.E0,1.125E1,-4.05E0));
#4563=DIRECTION('',(0.E0,0.E0,1.E0));
#4564=DIRECTION('',(0.E0,-1.E0,0.E0));
#4565=AXIS2_PLACEMENT_3D('',#4562,#4563,#4564);
#4566=PLANE('',#4565);
#4567=ORIENTED_EDGE('',*,*,#3282,.F.);
#4569=ORIENTED_EDGE('',*,*,#4568,.T.);
#4570=ORIENTED_EDGE('',*,*,#4503,.T.);
#4571=ORIENTED_EDGE('',*,*,#4541,.F.);
#4572=EDGE_LOOP('',(#4567,#4569,#4570,#4571));
#4573=FACE_OUTER_BOUND('',#4572,.F.);
#4574=ADVANCED_FACE('',(#4573),#4566,.T.);
#4575=CARTESIAN_POINT('',(-5.E0,1.125E1,-4.05E0));
#4576=DIRECTION('',(0.E0,0.E0,1.E0));
#4577=DIRECTION('',(0.E0,-1.E0,0.E0));
#4578=AXIS2_PLACEMENT_3D('',#4575,#4576,#4577);
#4579=PLANE('',#4578);
#4581=ORIENTED_EDGE('',*,*,#4580,.T.);
#4582=ORIENTED_EDGE('',*,*,#4557,.F.);
#4583=ORIENTED_EDGE('',*,*,#3070,.F.);
#4585=ORIENTED_EDGE('',*,*,#4584,.T.);
#4586=EDGE_LOOP('',(#4581,#4582,#4583,#4585));
#4587=FACE_OUTER_BOUND('',#4586,.F.);
#4588=ADVANCED_FACE('',(#4587),#4579,.T.);
#4589=CARTESIAN_POINT('',(-5.E0,1.125E1,-5.8E0));
#4590=DIRECTION('',(0.E0,1.E0,0.E0));
#4591=DIRECTION('',(0.E0,0.E0,1.E0));
#4592=AXIS2_PLACEMENT_3D('',#4589,#4590,#4591);
#4593=PLANE('',#4592);
#4594=ORIENTED_EDGE('',*,*,#4219,.F.);
#4595=ORIENTED_EDGE('',*,*,#4183,.T.);
#4597=ORIENTED_EDGE('',*,*,#4596,.T.);
#4598=ORIENTED_EDGE('',*,*,#3324,.F.);
#4600=ORIENTED_EDGE('',*,*,#4599,.F.);
#4601=ORIENTED_EDGE('',*,*,#4584,.F.);
#4602=ORIENTED_EDGE('',*,*,#3068,.F.);
#4603=EDGE_LOOP('',(#4594,#4595,#4597,#4598,#4600,#4601,#4602));
#4604=FACE_OUTER_BOUND('',#4603,.F.);
#4605=ADVANCED_FACE('',(#4604),#4593,.T.);
#4606=CARTESIAN_POINT('',(-5.E0,1.125E1,-5.8E0));
#4607=DIRECTION('',(0.E0,1.E0,0.E0));
#4608=DIRECTION('',(0.E0,0.E0,1.E0));
#4609=AXIS2_PLACEMENT_3D('',#4606,#4607,#4608);
#4610=PLANE('',#4609);
#4612=ORIENTED_EDGE('',*,*,#4611,.F.);
#4613=ORIENTED_EDGE('',*,*,#4505,.T.);
#4614=ORIENTED_EDGE('',*,*,#4568,.F.);
#4615=ORIENTED_EDGE('',*,*,#3280,.F.);
#4616=ORIENTED_EDGE('',*,*,#3340,.F.);
#4617=ORIENTED_EDGE('',*,*,#3587,.F.);
#4618=ORIENTED_EDGE('',*,*,#4195,.T.);
#4619=EDGE_LOOP('',(#4612,#4613,#4614,#4615,#4616,#4617,#4618));
#4620=FACE_OUTER_BOUND('',#4619,.F.);
#4621=ADVANCED_FACE('',(#4620),#4610,.T.);
#4622=CARTESIAN_POINT('',(-3.39E0,1.125E1,-6.7E0));
#4623=DIRECTION('',(-9.284766908853E-1,3.713906763541E-1,0.E0));
#4624=DIRECTION('',(0.E0,0.E0,1.E0));
#4625=AXIS2_PLACEMENT_3D('',#4622,#4623,#4624);
#4626=PLANE('',#4625);
#4627=ORIENTED_EDGE('',*,*,#3326,.F.);
#4628=ORIENTED_EDGE('',*,*,#4596,.F.);
#4630=ORIENTED_EDGE('',*,*,#4629,.F.);
#4632=ORIENTED_EDGE('',*,*,#4631,.T.);
#4633=ORIENTED_EDGE('',*,*,#3603,.T.);
#4634=EDGE_LOOP('',(#4627,#4628,#4630,#4632,#4633));
#4635=FACE_OUTER_BOUND('',#4634,.F.);
#4636=ADVANCED_FACE('',(#4635),#4626,.T.);
#4637=CARTESIAN_POINT('',(-3.39E0,0.E0,0.E0));
#4638=DIRECTION('',(1.E0,0.E0,0.E0));
#4639=DIRECTION('',(0.E0,0.E0,-1.E0));
#4640=AXIS2_PLACEMENT_3D('',#4637,#4638,#4639);
#4641=PLANE('',#4640);
#4642=ORIENTED_EDGE('',*,*,#4181,.T.);
#4643=ORIENTED_EDGE('',*,*,#3502,.T.);
#4644=ORIENTED_EDGE('',*,*,#3554,.T.);
#4646=ORIENTED_EDGE('',*,*,#4645,.T.);
#4647=ORIENTED_EDGE('',*,*,#4629,.T.);
#4648=EDGE_LOOP('',(#4642,#4643,#4644,#4646,#4647));
#4649=FACE_OUTER_BOUND('',#4648,.F.);
#4650=ADVANCED_FACE('',(#4649),#4641,.F.);
#4651=CARTESIAN_POINT('',(-3.39E0,3.55E0,-6.7E0));
#4652=DIRECTION('',(0.E0,0.E0,-1.E0));
#4653=DIRECTION('',(0.E0,1.E0,0.E0));
#4654=AXIS2_PLACEMENT_3D('',#4651,#4652,#4653);
#4655=PLANE('',#4654);
#4656=ORIENTED_EDGE('',*,*,#3436,.F.);
#4657=ORIENTED_EDGE('',*,*,#3541,.T.);
#4658=ORIENTED_EDGE('',*,*,#3567,.T.);
#4659=ORIENTED_EDGE('',*,*,#3584,.T.);
#4660=ORIENTED_EDGE('',*,*,#3605,.F.);
#4661=ORIENTED_EDGE('',*,*,#4631,.F.);
#4662=ORIENTED_EDGE('',*,*,#4645,.F.);
#4663=ORIENTED_EDGE('',*,*,#3552,.T.);
#4664=ORIENTED_EDGE('',*,*,#3487,.T.);
#4666=ORIENTED_EDGE('',*,*,#4665,.T.);
#4667=EDGE_LOOP('',(#4656,#4657,#4658,#4659,#4660,#4661,#4662,#4663,#4664,
#4666));
#4668=FACE_OUTER_BOUND('',#4667,.F.);
#4669=ADVANCED_FACE('',(#4668),#4655,.T.);
#4670=CARTESIAN_POINT('',(1.05E0,9.495E0,-6.7E0));
#4671=DIRECTION('',(0.E0,9.662349396012E-1,2.576626505603E-1));
#4672=DIRECTION('',(0.E0,-2.576626505603E-1,9.662349396012E-1));
#4673=AXIS2_PLACEMENT_3D('',#4670,#4671,#4672);
#4674=PLANE('',#4673);
#4675=ORIENTED_EDGE('',*,*,#4665,.F.);
#4676=ORIENTED_EDGE('',*,*,#3485,.T.);
#4678=ORIENTED_EDGE('',*,*,#4677,.T.);
#4679=ORIENTED_EDGE('',*,*,#3438,.F.);
#4680=EDGE_LOOP('',(#4675,#4676,#4678,#4679));
#4681=FACE_OUTER_BOUND('',#4680,.F.);
#4682=ADVANCED_FACE('',(#4681),#4674,.F.);
#4683=CARTESIAN_POINT('',(-1.05E0,9.375E0,-5.8E0));
#4684=DIRECTION('',(0.E0,-1.E0,0.E0));
#4685=DIRECTION('',(0.E0,0.E0,-1.E0));
#4686=AXIS2_PLACEMENT_3D('',#4683,#4684,#4685);
#4687=PLANE('',#4686);
#4688=ORIENTED_EDGE('',*,*,#4677,.F.);
#4690=ORIENTED_EDGE('',*,*,#4689,.F.);
#4692=ORIENTED_EDGE('',*,*,#4691,.T.);
#4694=ORIENTED_EDGE('',*,*,#4693,.T.);
#4695=EDGE_LOOP('',(#4688,#4690,#4692,#4694));
#4696=FACE_OUTER_BOUND('',#4695,.F.);
#4697=ADVANCED_FACE('',(#4696),#4687,.T.);
#4698=CARTESIAN_POINT('',(-1.05E0,0.E0,0.E0));
#4699=DIRECTION('',(1.E0,0.E0,0.E0));
#4700=DIRECTION('',(0.E0,0.E0,-1.E0));
#4701=AXIS2_PLACEMENT_3D('',#4698,#4699,#4700);
#4702=PLANE('',#4701);
#4703=ORIENTED_EDGE('',*,*,#3416,.F.);
#4705=ORIENTED_EDGE('',*,*,#4704,.T.);
#4707=ORIENTED_EDGE('',*,*,#4706,.T.);
#4708=ORIENTED_EDGE('',*,*,#4689,.T.);
#4709=EDGE_LOOP('',(#4703,#4705,#4707,#4708));
#4710=FACE_OUTER_BOUND('',#4709,.F.);
#4711=ADVANCED_FACE('',(#4710),#4702,.F.);
#4712=CARTESIAN_POINT('',(2.79E0,1.175E1,-6.45E0));
#4713=DIRECTION('',(0.E0,3.713906763541E-1,9.284766908853E-1));
#4714=DIRECTION('',(-1.E0,0.E0,0.E0));
#4715=AXIS2_PLACEMENT_3D('',#4712,#4713,#4714);
#4716=PLANE('',#4715);
#4717=ORIENTED_EDGE('',*,*,#3395,.T.);
#4719=ORIENTED_EDGE('',*,*,#4718,.T.);
#4721=ORIENTED_EDGE('',*,*,#4720,.F.);
#4722=ORIENTED_EDGE('',*,*,#4704,.F.);
#4723=ORIENTED_EDGE('',*,*,#3414,.T.);
#4724=ORIENTED_EDGE('',*,*,#3363,.F.);
#4725=ORIENTED_EDGE('',*,*,#3599,.F.);
#4726=ORIENTED_EDGE('',*,*,#3619,.T.);
#4727=EDGE_LOOP('',(#4717,#4719,#4721,#4722,#4723,#4724,#4725,#4726));
#4728=FACE_OUTER_BOUND('',#4727,.F.);
#4729=ADVANCED_FACE('',(#4728),#4716,.T.);
#4730=CARTESIAN_POINT('',(1.05E0,0.E0,0.E0));
#4731=DIRECTION('',(1.E0,0.E0,0.E0));
#4732=DIRECTION('',(0.E0,0.E0,-1.E0));
#4733=AXIS2_PLACEMENT_3D('',#4730,#4731,#4732);
#4734=PLANE('',#4733);
#4735=ORIENTED_EDGE('',*,*,#3393,.T.);
#4736=ORIENTED_EDGE('',*,*,#4693,.F.);
#4738=ORIENTED_EDGE('',*,*,#4737,.F.);
#4739=ORIENTED_EDGE('',*,*,#4718,.F.);
#4740=EDGE_LOOP('',(#4735,#4736,#4738,#4739));
#4741=FACE_OUTER_BOUND('',#4740,.F.);
#4742=ADVANCED_FACE('',(#4741),#4734,.T.);
#4743=CARTESIAN_POINT('',(-1.05E0,1.0125E1,-5.8E0));
#4744=DIRECTION('',(0.E0,0.E0,1.E0));
#4745=DIRECTION('',(0.E0,-1.E0,0.E0));
#4746=AXIS2_PLACEMENT_3D('',#4743,#4744,#4745);
#4747=PLANE('',#4746);
#4748=ORIENTED_EDGE('',*,*,#4706,.F.);
#4749=ORIENTED_EDGE('',*,*,#4720,.T.);
#4750=ORIENTED_EDGE('',*,*,#4737,.T.);
#4751=ORIENTED_EDGE('',*,*,#4691,.F.);
#4752=EDGE_LOOP('',(#4748,#4749,#4750,#4751));
#4753=FACE_OUTER_BOUND('',#4752,.F.);
#4754=ADVANCED_FACE('',(#4753),#4747,.T.);
#4755=CARTESIAN_POINT('',(-3.5E0,1.125E1,-4.95E0));
#4756=DIRECTION('',(-1.E0,0.E0,0.E0));
#4757=DIRECTION('',(0.E0,0.E0,1.E0));
#4758=AXIS2_PLACEMENT_3D('',#4755,#4756,#4757);
#4759=PLANE('',#4758);
#4760=ORIENTED_EDGE('',*,*,#4599,.T.);
#4761=ORIENTED_EDGE('',*,*,#3322,.F.);
#4763=ORIENTED_EDGE('',*,*,#4762,.F.);
#4765=ORIENTED_EDGE('',*,*,#4764,.F.);
#4766=ORIENTED_EDGE('',*,*,#3676,.T.);
#4768=ORIENTED_EDGE('',*,*,#4767,.F.);
#4769=ORIENTED_EDGE('',*,*,#3256,.F.);
#4770=ORIENTED_EDGE('',*,*,#4553,.T.);
#4771=ORIENTED_EDGE('',*,*,#4580,.F.);
#4772=EDGE_LOOP('',(#4760,#4761,#4763,#4765,#4766,#4768,#4769,#4770,#4771));
#4773=FACE_OUTER_BOUND('',#4772,.F.);
#4774=ADVANCED_FACE('',(#4773),#4759,.F.);
#4775=CARTESIAN_POINT('',(-2.79E0,5.75E0,-4.75E0));
#4776=DIRECTION('',(0.E0,3.633961810714E-2,9.993394979464E-1));
#4777=DIRECTION('',(0.E0,9.993394979464E-1,-3.633961810714E-2));
#4778=AXIS2_PLACEMENT_3D('',#4775,#4776,#4777);
#4779=PLANE('',#4778);
#4780=ORIENTED_EDGE('',*,*,#3320,.F.);
#4781=ORIENTED_EDGE('',*,*,#3381,.F.);
#4783=ORIENTED_EDGE('',*,*,#4782,.T.);
#4784=ORIENTED_EDGE('',*,*,#4762,.T.);
#4785=EDGE_LOOP('',(#4780,#4781,#4783,#4784));
#4786=FACE_OUTER_BOUND('',#4785,.F.);
#4787=ADVANCED_FACE('',(#4786),#4779,.T.);
#4788=CARTESIAN_POINT('',(-2.79E0,4.25E0,-4.75E0));
#4789=DIRECTION('',(0.E0,0.E0,1.E0));
#4790=DIRECTION('',(0.E0,1.E0,0.E0));
#4791=AXIS2_PLACEMENT_3D('',#4788,#4789,#4790);
#4792=PLANE('',#4791);
#4793=ORIENTED_EDGE('',*,*,#3678,.T.);
#4794=ORIENTED_EDGE('',*,*,#4764,.T.);
#4795=ORIENTED_EDGE('',*,*,#4782,.F.);
#4796=ORIENTED_EDGE('',*,*,#3379,.F.);
#4797=EDGE_LOOP('',(#4793,#4794,#4795,#4796));
#4798=FACE_OUTER_BOUND('',#4797,.F.);
#4799=ADVANCED_FACE('',(#4798),#4792,.T.);
#4800=CARTESIAN_POINT('',(-3.5E0,1.125E1,-1.95E0));
#4801=DIRECTION('',(0.E0,0.E0,-1.E0));
#4802=DIRECTION('',(-1.E0,0.E0,0.E0));
#4803=AXIS2_PLACEMENT_3D('',#4800,#4801,#4802);
#4804=PLANE('',#4803);
#4805=ORIENTED_EDGE('',*,*,#4767,.T.);
#4806=ORIENTED_EDGE('',*,*,#3674,.T.);
#4808=ORIENTED_EDGE('',*,*,#4807,.F.);
#4809=ORIENTED_EDGE('',*,*,#3258,.F.);
#4810=EDGE_LOOP('',(#4805,#4806,#4808,#4809));
#4811=FACE_OUTER_BOUND('',#4810,.F.);
#4812=ADVANCED_FACE('',(#4811),#4804,.F.);
#4813=CARTESIAN_POINT('',(-4.1E0,1.125E1,-1.85E0));
#4814=DIRECTION('',(0.E0,1.E0,0.E0));
#4815=DIRECTION('',(1.E0,0.E0,0.E0));
#4816=AXIS2_PLACEMENT_3D('',#4813,#4814,#4815);
#4817=CYLINDRICAL_SURFACE('',#4816,1.E-1);
#4818=ORIENTED_EDGE('',*,*,#4807,.T.);
#4819=ORIENTED_EDGE('',*,*,#3672,.T.);
#4821=ORIENTED_EDGE('',*,*,#4820,.F.);
#4822=ORIENTED_EDGE('',*,*,#3260,.F.);
#4823=EDGE_LOOP('',(#4818,#4819,#4821,#4822));
#4824=FACE_OUTER_BOUND('',#4823,.F.);
#4825=ADVANCED_FACE('',(#4824),#4817,.F.);
#4826=CARTESIAN_POINT('',(-4.2E0,1.125E1,-1.85E0));
#4827=DIRECTION('',(-1.E0,0.E0,0.E0));
#4828=DIRECTION('',(0.E0,0.E0,1.E0));
#4829=AXIS2_PLACEMENT_3D('',#4826,#4827,#4828);
#4830=PLANE('',#4829);
#4831=ORIENTED_EDGE('',*,*,#3222,.T.);
#4832=ORIENTED_EDGE('',*,*,#3262,.T.);
#4833=ORIENTED_EDGE('',*,*,#4820,.T.);
#4834=ORIENTED_EDGE('',*,*,#3670,.T.);
#4836=ORIENTED_EDGE('',*,*,#4835,.F.);
#4837=ORIENTED_EDGE('',*,*,#3109,.F.);
#4838=ORIENTED_EDGE('',*,*,#3174,.F.);
#4839=EDGE_LOOP('',(#4831,#4832,#4833,#4834,#4836,#4837,#4838));
#4840=FACE_OUTER_BOUND('',#4839,.F.);
#4841=ADVANCED_FACE('',(#4840),#4830,.F.);
#4842=CARTESIAN_POINT('',(-4.1E0,1.125E1,-8.5E-1));
#4843=DIRECTION('',(0.E0,1.E0,0.E0));
#4844=DIRECTION('',(1.E0,0.E0,0.E0));
#4845=AXIS2_PLACEMENT_3D('',#4842,#4843,#4844);
#4846=CYLINDRICAL_SURFACE('',#4845,1.E-1);
#4847=ORIENTED_EDGE('',*,*,#3111,.F.);
#4848=ORIENTED_EDGE('',*,*,#4835,.T.);
#4849=ORIENTED_EDGE('',*,*,#3668,.T.);
#4850=ORIENTED_EDGE('',*,*,#3808,.F.);
#4851=EDGE_LOOP('',(#4847,#4848,#4849,#4850));
#4852=FACE_OUTER_BOUND('',#4851,.F.);
#4853=ADVANCED_FACE('',(#4852),#4846,.F.);
#4854=CARTESIAN_POINT('',(4.8E0,2.0346232E0,-5.6E0));
#4855=DIRECTION('',(0.E0,1.E0,0.E0));
#4856=DIRECTION('',(1.E0,0.E0,0.E0));
#4857=AXIS2_PLACEMENT_3D('',#4854,#4855,#4856);
#4858=CYLINDRICAL_SURFACE('',#4857,2.E-1);
#4859=ORIENTED_EDGE('',*,*,#4611,.T.);
#4860=ORIENTED_EDGE('',*,*,#4193,.F.);
#4861=ORIENTED_EDGE('',*,*,#4247,.T.);
#4862=ORIENTED_EDGE('',*,*,#4507,.T.);
#4863=EDGE_LOOP('',(#4859,#4860,#4861,#4862));
#4864=FACE_OUTER_BOUND('',#4863,.F.);
#4865=ADVANCED_FACE('',(#4864),#4858,.T.);
#4866=CARTESIAN_POINT('',(5.E0,2.05E0,-4.6E0));
#4867=DIRECTION('',(0.E0,0.E0,-1.E0));
#4868=DIRECTION('',(0.E0,1.E0,0.E0));
#4869=AXIS2_PLACEMENT_3D('',#4866,#4867,#4868);
#4870=PLANE('',#4869);
#4871=ORIENTED_EDGE('',*,*,#4510,.F.);
#4872=ORIENTED_EDGE('',*,*,#4253,.T.);
#4873=ORIENTED_EDGE('',*,*,#4471,.T.);
#4875=ORIENTED_EDGE('',*,*,#4874,.F.);
#4876=EDGE_LOOP('',(#4871,#4872,#4873,#4875));
#4877=FACE_OUTER_BOUND('',#4876,.F.);
#4878=ADVANCED_FACE('',(#4877),#4870,.F.);
#4879=CARTESIAN_POINT('',(5.E0,7.25E0,-4.6E0));
#4880=DIRECTION('',(0.E0,1.E0,0.E0));
#4881=DIRECTION('',(0.E0,0.E0,1.E0));
#4882=AXIS2_PLACEMENT_3D('',#4879,#4880,#4881);
#4883=PLANE('',#4882);
#4884=ORIENTED_EDGE('',*,*,#4512,.F.);
#4885=ORIENTED_EDGE('',*,*,#4874,.T.);
#4886=ORIENTED_EDGE('',*,*,#4469,.T.);
#4888=ORIENTED_EDGE('',*,*,#4887,.F.);
#4889=EDGE_LOOP('',(#4884,#4885,#4886,#4888));
#4890=FACE_OUTER_BOUND('',#4889,.F.);
#4891=ADVANCED_FACE('',(#4890),#4883,.F.);
#4892=CARTESIAN_POINT('',(5.E0,7.25E0,-2.75E0));
#4893=DIRECTION('',(0.E0,0.E0,1.E0));
#4894=DIRECTION('',(0.E0,-1.E0,0.E0));
#4895=AXIS2_PLACEMENT_3D('',#4892,#4893,#4894);
#4896=PLANE('',#4895);
#4897=ORIENTED_EDGE('',*,*,#4514,.F.);
#4898=ORIENTED_EDGE('',*,*,#4887,.T.);
#4899=ORIENTED_EDGE('',*,*,#4467,.T.);
#4901=ORIENTED_EDGE('',*,*,#4900,.F.);
#4902=EDGE_LOOP('',(#4897,#4898,#4899,#4901));
#4903=FACE_OUTER_BOUND('',#4902,.F.);
#4904=ADVANCED_FACE('',(#4903),#4896,.F.);
#4905=CARTESIAN_POINT('',(5.E0,5.4E0,-2.75E0));
#4906=DIRECTION('',(0.E0,1.E0,0.E0));
#4907=DIRECTION('',(0.E0,0.E0,1.E0));
#4908=AXIS2_PLACEMENT_3D('',#4905,#4906,#4907);
#4909=PLANE('',#4908);
#4910=ORIENTED_EDGE('',*,*,#4516,.F.);
#4911=ORIENTED_EDGE('',*,*,#4900,.T.);
#4912=ORIENTED_EDGE('',*,*,#4465,.T.);
#4913=ORIENTED_EDGE('',*,*,#4483,.F.);
#4914=EDGE_LOOP('',(#4910,#4911,#4912,#4913));
#4915=FACE_OUTER_BOUND('',#4914,.F.);
#4916=ADVANCED_FACE('',(#4915),#4909,.F.);
#4917=CARTESIAN_POINT('',(-4.4E0,1.125E1,-1.25E0));
#4918=DIRECTION('',(-1.E0,0.E0,0.E0));
#4919=DIRECTION('',(0.E0,0.E0,1.E0));
#4920=AXIS2_PLACEMENT_3D('',#4917,#4918,#4919);
#4921=PLANE('',#4920);
#4922=ORIENTED_EDGE('',*,*,#4449,.T.);
#4923=ORIENTED_EDGE('',*,*,#4268,.F.);
#4924=ORIENTED_EDGE('',*,*,#4282,.F.);
#4925=ORIENTED_EDGE('',*,*,#4296,.F.);
#4926=ORIENTED_EDGE('',*,*,#4310,.F.);
#4927=ORIENTED_EDGE('',*,*,#4324,.F.);
#4928=EDGE_LOOP('',(#4922,#4923,#4924,#4925,#4926,#4927));
#4929=FACE_OUTER_BOUND('',#4928,.F.);
#4930=ADVANCED_FACE('',(#4929),#4921,.T.);
#4931=CARTESIAN_POINT('',(3.25E0,3.15E0,-1.3E0));
#4932=DIRECTION('',(0.E0,1.E0,0.E0));
#4933=DIRECTION('',(0.E0,0.E0,1.E0));
#4934=AXIS2_PLACEMENT_3D('',#4931,#4932,#4933);
#4935=PLANE('',#4934);
#4936=ORIENTED_EDGE('',*,*,#4114,.F.);
#4938=ORIENTED_EDGE('',*,*,#4937,.T.);
#4939=ORIENTED_EDGE('',*,*,#4406,.T.);
#4940=ORIENTED_EDGE('',*,*,#4053,.F.);
#4941=EDGE_LOOP('',(#4936,#4938,#4939,#4940));
#4942=FACE_OUTER_BOUND('',#4941,.F.);
#4943=ADVANCED_FACE('',(#4942),#4935,.F.);
#4944=CARTESIAN_POINT('',(3.25E0,2.35E0,-1.3E0));
#4945=DIRECTION('',(0.E0,0.E0,-1.E0));
#4946=DIRECTION('',(0.E0,1.E0,0.E0));
#4947=AXIS2_PLACEMENT_3D('',#4944,#4945,#4946);
#4948=PLANE('',#4947);
#4949=ORIENTED_EDGE('',*,*,#4112,.F.);
#4951=ORIENTED_EDGE('',*,*,#4950,.T.);
#4952=ORIENTED_EDGE('',*,*,#4408,.T.);
#4953=ORIENTED_EDGE('',*,*,#4937,.F.);
#4954=EDGE_LOOP('',(#4949,#4951,#4952,#4953));
#4955=FACE_OUTER_BOUND('',#4954,.F.);
#4956=ADVANCED_FACE('',(#4955),#4948,.F.);
#4957=CARTESIAN_POINT('',(3.25E0,2.35E0,-3.9E0));
#4958=DIRECTION('',(0.E0,1.E0,0.E0));
#4959=DIRECTION('',(0.E0,0.E0,1.E0));
#4960=AXIS2_PLACEMENT_3D('',#4957,#4958,#4959);
#4961=PLANE('',#4960);
#4963=ORIENTED_EDGE('',*,*,#4962,.T.);
#4965=ORIENTED_EDGE('',*,*,#4964,.T.);
#4967=ORIENTED_EDGE('',*,*,#4966,.T.);
#4968=ORIENTED_EDGE('',*,*,#4410,.T.);
#4969=ORIENTED_EDGE('',*,*,#4950,.F.);
#4970=ORIENTED_EDGE('',*,*,#4110,.F.);
#4972=ORIENTED_EDGE('',*,*,#4971,.T.);
#4974=ORIENTED_EDGE('',*,*,#4973,.T.);
#4976=ORIENTED_EDGE('',*,*,#4975,.F.);
#4977=ORIENTED_EDGE('',*,*,#4102,.F.);
#4979=ORIENTED_EDGE('',*,*,#4978,.T.);
#4980=ORIENTED_EDGE('',*,*,#4418,.T.);
#4981=EDGE_LOOP('',(#4963,#4965,#4967,#4968,#4969,#4970,#4972,#4974,#4976,#4977,
#4979,#4980));
#4982=FACE_OUTER_BOUND('',#4981,.F.);
#4984=ORIENTED_EDGE('',*,*,#4983,.T.);
#4986=ORIENTED_EDGE('',*,*,#4985,.T.);
#4988=ORIENTED_EDGE('',*,*,#4987,.T.);
#4990=ORIENTED_EDGE('',*,*,#4989,.T.);
#4991=EDGE_LOOP('',(#4984,#4986,#4988,#4990));
#4992=FACE_BOUND('',#4991,.F.);
#4994=ORIENTED_EDGE('',*,*,#4993,.T.);
#4996=ORIENTED_EDGE('',*,*,#4995,.T.);
#4998=ORIENTED_EDGE('',*,*,#4997,.T.);
#5000=ORIENTED_EDGE('',*,*,#4999,.T.);
#5001=EDGE_LOOP('',(#4994,#4996,#4998,#5000));
#5002=FACE_BOUND('',#5001,.F.);
#5004=ORIENTED_EDGE('',*,*,#5003,.T.);
#5006=ORIENTED_EDGE('',*,*,#5005,.T.);
#5008=ORIENTED_EDGE('',*,*,#5007,.T.);
#5010=ORIENTED_EDGE('',*,*,#5009,.F.);
#5011=EDGE_LOOP('',(#5004,#5006,#5008,#5010));
#5012=FACE_BOUND('',#5011,.F.);
#5014=ORIENTED_EDGE('',*,*,#5013,.T.);
#5016=ORIENTED_EDGE('',*,*,#5015,.T.);
#5018=ORIENTED_EDGE('',*,*,#5017,.T.);
#5020=ORIENTED_EDGE('',*,*,#5019,.F.);
#5021=EDGE_LOOP('',(#5014,#5016,#5018,#5020));
#5022=FACE_BOUND('',#5021,.F.);
#5024=ORIENTED_EDGE('',*,*,#5023,.T.);
#5026=ORIENTED_EDGE('',*,*,#5025,.F.);
#5028=ORIENTED_EDGE('',*,*,#5027,.T.);
#5030=ORIENTED_EDGE('',*,*,#5029,.T.);
#5031=EDGE_LOOP('',(#5024,#5026,#5028,#5030));
#5032=FACE_BOUND('',#5031,.F.);
#5033=ADVANCED_FACE('',(#4982,#4992,#5002,#5012,#5022,#5032),#4961,.F.);
#5034=CARTESIAN_POINT('',(7.5E-1,2.35E0,-1.5E0));
#5035=DIRECTION('',(-1.E0,0.E0,0.E0));
#5036=DIRECTION('',(0.E0,0.E0,-1.E0));
#5037=AXIS2_PLACEMENT_3D('',#5034,#5035,#5036);
#5038=PLANE('',#5037);
#5039=ORIENTED_EDGE('',*,*,#4993,.F.);
#5041=ORIENTED_EDGE('',*,*,#5040,.T.);
#5043=ORIENTED_EDGE('',*,*,#5042,.T.);
#5045=ORIENTED_EDGE('',*,*,#5044,.F.);
#5046=EDGE_LOOP('',(#5039,#5041,#5043,#5045));
#5047=FACE_OUTER_BOUND('',#5046,.F.);
#5048=ADVANCED_FACE('',(#5047),#5038,.T.);
#5049=CARTESIAN_POINT('',(1.25E0,2.35E0,-1.5E0));
#5050=DIRECTION('',(0.E0,0.E0,1.E0));
#5051=DIRECTION('',(-1.E0,0.E0,0.E0));
#5052=AXIS2_PLACEMENT_3D('',#5049,#5050,#5051);
#5053=PLANE('',#5052);
#5054=ORIENTED_EDGE('',*,*,#4999,.F.);
#5056=ORIENTED_EDGE('',*,*,#5055,.T.);
#5058=ORIENTED_EDGE('',*,*,#5057,.T.);
#5059=ORIENTED_EDGE('',*,*,#5040,.F.);
#5060=EDGE_LOOP('',(#5054,#5056,#5058,#5059));
#5061=FACE_OUTER_BOUND('',#5060,.F.);
#5062=ADVANCED_FACE('',(#5061),#5053,.T.);
#5063=CARTESIAN_POINT('',(1.25E0,2.35E0,-3.8E0));
#5064=DIRECTION('',(1.E0,0.E0,0.E0));
#5065=DIRECTION('',(0.E0,0.E0,1.E0));
#5066=AXIS2_PLACEMENT_3D('',#5063,#5064,#5065);
#5067=PLANE('',#5066);
#5068=ORIENTED_EDGE('',*,*,#4997,.F.);
#5070=ORIENTED_EDGE('',*,*,#5069,.T.);
#5072=ORIENTED_EDGE('',*,*,#5071,.T.);
#5073=ORIENTED_EDGE('',*,*,#5055,.F.);
#5074=EDGE_LOOP('',(#5068,#5070,#5072,#5073));
#5075=FACE_OUTER_BOUND('',#5074,.F.);
#5076=ADVANCED_FACE('',(#5075),#5067,.T.);
#5077=CARTESIAN_POINT('',(7.5E-1,2.35E0,-3.8E0));
#5078=DIRECTION('',(0.E0,0.E0,-1.E0));
#5079=DIRECTION('',(1.E0,0.E0,0.E0));
#5080=AXIS2_PLACEMENT_3D('',#5077,#5078,#5079);
#5081=PLANE('',#5080);
#5082=ORIENTED_EDGE('',*,*,#4995,.F.);
#5083=ORIENTED_EDGE('',*,*,#5044,.T.);
#5085=ORIENTED_EDGE('',*,*,#5084,.T.);
#5086=ORIENTED_EDGE('',*,*,#5069,.F.);
#5087=EDGE_LOOP('',(#5082,#5083,#5085,#5086));
#5088=FACE_OUTER_BOUND('',#5087,.F.);
#5089=ADVANCED_FACE('',(#5088),#5081,.T.);
#5090=CARTESIAN_POINT('',(-5.E0,2.05E0,-4.6E0));
#5091=DIRECTION('',(0.E0,-1.E0,0.E0));
#5092=DIRECTION('',(0.E0,0.E0,-1.E0));
#5093=AXIS2_PLACEMENT_3D('',#5090,#5091,#5092);
#5094=PLANE('',#5093);
#5095=ORIENTED_EDGE('',*,*,#5042,.F.);
#5096=ORIENTED_EDGE('',*,*,#5057,.F.);
#5097=ORIENTED_EDGE('',*,*,#5071,.F.);
#5098=ORIENTED_EDGE('',*,*,#5084,.F.);
#5099=EDGE_LOOP('',(#5095,#5096,#5097,#5098));
#5100=FACE_OUTER_BOUND('',#5099,.F.);
#5101=ADVANCED_FACE('',(#5100),#5094,.T.);
#5102=CARTESIAN_POINT('',(-1.25E0,2.35E0,-1.5E0));
#5103=DIRECTION('',(-1.E0,0.E0,0.E0));
#5104=DIRECTION('',(0.E0,0.E0,-1.E0));
#5105=AXIS2_PLACEMENT_3D('',#5102,#5103,#5104);
#5106=PLANE('',#5105);
#5107=ORIENTED_EDGE('',*,*,#4983,.F.);
#5109=ORIENTED_EDGE('',*,*,#5108,.T.);
#5111=ORIENTED_EDGE('',*,*,#5110,.T.);
#5113=ORIENTED_EDGE('',*,*,#5112,.F.);
#5114=EDGE_LOOP('',(#5107,#5109,#5111,#5113));
#5115=FACE_OUTER_BOUND('',#5114,.F.);
#5116=ADVANCED_FACE('',(#5115),#5106,.T.);
#5117=CARTESIAN_POINT('',(-7.5E-1,2.35E0,-1.5E0));
#5118=DIRECTION('',(0.E0,0.E0,1.E0));
#5119=DIRECTION('',(-1.E0,0.E0,0.E0));
#5120=AXIS2_PLACEMENT_3D('',#5117,#5118,#5119);
#5121=PLANE('',#5120);
#5122=ORIENTED_EDGE('',*,*,#4989,.F.);
#5124=ORIENTED_EDGE('',*,*,#5123,.T.);
#5126=ORIENTED_EDGE('',*,*,#5125,.T.);
#5127=ORIENTED_EDGE('',*,*,#5108,.F.);
#5128=EDGE_LOOP('',(#5122,#5124,#5126,#5127));
#5129=FACE_OUTER_BOUND('',#5128,.F.);
#5130=ADVANCED_FACE('',(#5129),#5121,.T.);
#5131=CARTESIAN_POINT('',(-7.5E-1,2.35E0,-3.8E0));
#5132=DIRECTION('',(1.E0,0.E0,0.E0));
#5133=DIRECTION('',(0.E0,0.E0,1.E0));
#5134=AXIS2_PLACEMENT_3D('',#5131,#5132,#5133);
#5135=PLANE('',#5134);
#5136=ORIENTED_EDGE('',*,*,#4987,.F.);
#5138=ORIENTED_EDGE('',*,*,#5137,.T.);
#5140=ORIENTED_EDGE('',*,*,#5139,.T.);
#5141=ORIENTED_EDGE('',*,*,#5123,.F.);
#5142=EDGE_LOOP('',(#5136,#5138,#5140,#5141));
#5143=FACE_OUTER_BOUND('',#5142,.F.);
#5144=ADVANCED_FACE('',(#5143),#5135,.T.);
#5145=CARTESIAN_POINT('',(-1.25E0,2.35E0,-3.8E0));
#5146=DIRECTION('',(0.E0,0.E0,-1.E0));
#5147=DIRECTION('',(1.E0,0.E0,0.E0));
#5148=AXIS2_PLACEMENT_3D('',#5145,#5146,#5147);
#5149=PLANE('',#5148);
#5150=ORIENTED_EDGE('',*,*,#4985,.F.);
#5151=ORIENTED_EDGE('',*,*,#5112,.T.);
#5153=ORIENTED_EDGE('',*,*,#5152,.T.);
#5154=ORIENTED_EDGE('',*,*,#5137,.F.);
#5155=EDGE_LOOP('',(#5150,#5151,#5153,#5154));
#5156=FACE_OUTER_BOUND('',#5155,.F.);
#5157=ADVANCED_FACE('',(#5156),#5149,.T.);
#5158=CARTESIAN_POINT('',(-5.E0,2.05E0,-4.6E0));
#5159=DIRECTION('',(0.E0,-1.E0,0.E0));
#5160=DIRECTION('',(0.E0,0.E0,-1.E0));
#5161=AXIS2_PLACEMENT_3D('',#5158,#5159,#5160);
#5162=PLANE('',#5161);
#5163=ORIENTED_EDGE('',*,*,#5110,.F.);
#5164=ORIENTED_EDGE('',*,*,#5125,.F.);
#5165=ORIENTED_EDGE('',*,*,#5139,.F.);
#5166=ORIENTED_EDGE('',*,*,#5152,.F.);
#5167=EDGE_LOOP('',(#5163,#5164,#5165,#5166));
#5168=FACE_OUTER_BOUND('',#5167,.F.);
#5169=ADVANCED_FACE('',(#5168),#5162,.T.);
#5170=CARTESIAN_POINT('',(-3.25E0,2.35E0,-3.8E0));
#5171=DIRECTION('',(0.E0,0.E0,-1.E0));
#5172=DIRECTION('',(1.E0,0.E0,0.E0));
#5173=AXIS2_PLACEMENT_3D('',#5170,#5171,#5172);
#5174=PLANE('',#5173);
#5175=ORIENTED_EDGE('',*,*,#4962,.F.);
#5176=ORIENTED_EDGE('',*,*,#4416,.T.);
#5178=ORIENTED_EDGE('',*,*,#5177,.T.);
#5180=ORIENTED_EDGE('',*,*,#5179,.F.);
#5181=EDGE_LOOP('',(#5175,#5176,#5178,#5180));
#5182=FACE_OUTER_BOUND('',#5181,.F.);
#5183=ADVANCED_FACE('',(#5182),#5174,.T.);
#5184=CARTESIAN_POINT('',(-5.E0,2.05E0,-4.6E0));
#5185=DIRECTION('',(0.E0,-1.E0,0.E0));
#5186=DIRECTION('',(0.E0,0.E0,-1.E0));
#5187=AXIS2_PLACEMENT_3D('',#5184,#5185,#5186);
#5188=PLANE('',#5187);
#5189=ORIENTED_EDGE('',*,*,#4414,.F.);
#5191=ORIENTED_EDGE('',*,*,#5190,.F.);
#5193=ORIENTED_EDGE('',*,*,#5192,.F.);
#5194=ORIENTED_EDGE('',*,*,#5177,.F.);
#5195=EDGE_LOOP('',(#5189,#5191,#5193,#5194));
#5196=FACE_OUTER_BOUND('',#5195,.F.);
#5197=ADVANCED_FACE('',(#5196),#5188,.T.);
#5198=CARTESIAN_POINT('',(-2.75E0,2.35E0,-1.5E0));
#5199=DIRECTION('',(0.E0,0.E0,1.E0));
#5200=DIRECTION('',(-1.E0,0.E0,0.E0));
#5201=AXIS2_PLACEMENT_3D('',#5198,#5199,#5200);
#5202=PLANE('',#5201);
#5203=ORIENTED_EDGE('',*,*,#4966,.F.);
#5205=ORIENTED_EDGE('',*,*,#5204,.T.);
#5206=ORIENTED_EDGE('',*,*,#5190,.T.);
#5207=ORIENTED_EDGE('',*,*,#4412,.F.);
#5208=EDGE_LOOP('',(#5203,#5205,#5206,#5207));
#5209=FACE_OUTER_BOUND('',#5208,.F.);
#5210=ADVANCED_FACE('',(#5209),#5202,.T.);
#5211=CARTESIAN_POINT('',(-2.75E0,2.35E0,-3.8E0));
#5212=DIRECTION('',(1.E0,0.E0,0.E0));
#5213=DIRECTION('',(0.E0,0.E0,1.E0));
#5214=AXIS2_PLACEMENT_3D('',#5211,#5212,#5213);
#5215=PLANE('',#5214);
#5216=ORIENTED_EDGE('',*,*,#4964,.F.);
#5217=ORIENTED_EDGE('',*,*,#5179,.T.);
#5218=ORIENTED_EDGE('',*,*,#5192,.T.);
#5219=ORIENTED_EDGE('',*,*,#5204,.F.);
#5220=EDGE_LOOP('',(#5216,#5217,#5218,#5219));
#5221=FACE_OUTER_BOUND('',#5220,.F.);
#5222=ADVANCED_FACE('',(#5221),#5215,.T.);
#5223=CARTESIAN_POINT('',(3.25E0,2.35E0,-1.5E0));
#5224=DIRECTION('',(0.E0,0.E0,1.E0));
#5225=DIRECTION('',(-1.E0,0.E0,0.E0));
#5226=AXIS2_PLACEMENT_3D('',#5223,#5224,#5225);
#5227=PLANE('',#5226);
#5228=ORIENTED_EDGE('',*,*,#4108,.T.);
#5230=ORIENTED_EDGE('',*,*,#5229,.T.);
#5232=ORIENTED_EDGE('',*,*,#5231,.F.);
#5233=ORIENTED_EDGE('',*,*,#4971,.F.);
#5234=EDGE_LOOP('',(#5228,#5230,#5232,#5233));
#5235=FACE_OUTER_BOUND('',#5234,.F.);
#5236=ADVANCED_FACE('',(#5235),#5227,.T.);
#5237=CARTESIAN_POINT('',(-5.E0,2.05E0,-4.6E0));
#5238=DIRECTION('',(0.E0,-1.E0,0.E0));
#5239=DIRECTION('',(0.E0,0.E0,-1.E0));
#5240=AXIS2_PLACEMENT_3D('',#5237,#5238,#5239);
#5241=PLANE('',#5240);
#5242=ORIENTED_EDGE('',*,*,#4106,.T.);
#5244=ORIENTED_EDGE('',*,*,#5243,.F.);
#5246=ORIENTED_EDGE('',*,*,#5245,.F.);
#5247=ORIENTED_EDGE('',*,*,#5229,.F.);
#5248=EDGE_LOOP('',(#5242,#5244,#5246,#5247));
#5249=FACE_OUTER_BOUND('',#5248,.F.);
#5250=ADVANCED_FACE('',(#5249),#5241,.T.);
#5251=CARTESIAN_POINT('',(2.75E0,2.35E0,-3.8E0));
#5252=DIRECTION('',(0.E0,0.E0,-1.E0));
#5253=DIRECTION('',(1.E0,0.E0,0.E0));
#5254=AXIS2_PLACEMENT_3D('',#5251,#5252,#5253);
#5255=PLANE('',#5254);
#5256=ORIENTED_EDGE('',*,*,#4104,.F.);
#5257=ORIENTED_EDGE('',*,*,#4975,.T.);
#5259=ORIENTED_EDGE('',*,*,#5258,.T.);
#5260=ORIENTED_EDGE('',*,*,#5243,.T.);
#5261=EDGE_LOOP('',(#5256,#5257,#5259,#5260));
#5262=FACE_OUTER_BOUND('',#5261,.F.);
#5263=ADVANCED_FACE('',(#5262),#5255,.T.);
#5264=CARTESIAN_POINT('',(2.75E0,2.35E0,-1.5E0));
#5265=DIRECTION('',(-1.E0,0.E0,0.E0));
#5266=DIRECTION('',(0.E0,0.E0,-1.E0));
#5267=AXIS2_PLACEMENT_3D('',#5264,#5265,#5266);
#5268=PLANE('',#5267);
#5269=ORIENTED_EDGE('',*,*,#4973,.F.);
#5270=ORIENTED_EDGE('',*,*,#5231,.T.);
#5271=ORIENTED_EDGE('',*,*,#5245,.T.);
#5272=ORIENTED_EDGE('',*,*,#5258,.F.);
#5273=EDGE_LOOP('',(#5269,#5270,#5271,#5272));
#5274=FACE_OUTER_BOUND('',#5273,.F.);
#5275=ADVANCED_FACE('',(#5274),#5268,.T.);
#5276=CARTESIAN_POINT('',(3.25E0,3.15E0,-3.9E0));
#5277=DIRECTION('',(0.E0,0.E0,1.E0));
#5278=DIRECTION('',(0.E0,-1.E0,0.E0));
#5279=AXIS2_PLACEMENT_3D('',#5276,#5277,#5278);
#5280=PLANE('',#5279);
#5281=ORIENTED_EDGE('',*,*,#4100,.F.);
#5282=ORIENTED_EDGE('',*,*,#3508,.T.);
#5283=ORIENTED_EDGE('',*,*,#4420,.T.);
#5284=ORIENTED_EDGE('',*,*,#4978,.F.);
#5285=EDGE_LOOP('',(#5281,#5282,#5283,#5284));
#5286=FACE_OUTER_BOUND('',#5285,.F.);
#5287=ADVANCED_FACE('',(#5286),#5280,.F.);
#5288=CARTESIAN_POINT('',(-2.5E-1,0.E0,0.E0));
#5289=DIRECTION('',(1.E0,0.E0,0.E0));
#5290=DIRECTION('',(0.E0,0.E0,-1.E0));
#5291=AXIS2_PLACEMENT_3D('',#5288,#5289,#5290);
#5292=PLANE('',#5291);
#5294=ORIENTED_EDGE('',*,*,#5293,.F.);
#5296=ORIENTED_EDGE('',*,*,#5295,.T.);
#5298=ORIENTED_EDGE('',*,*,#5297,.T.);
#5299=ORIENTED_EDGE('',*,*,#5003,.F.);
#5301=ORIENTED_EDGE('',*,*,#5300,.T.);
#5303=ORIENTED_EDGE('',*,*,#5302,.T.);
#5304=EDGE_LOOP('',(#5294,#5296,#5298,#5299,#5301,#5303));
#5305=FACE_OUTER_BOUND('',#5304,.F.);
#5306=ADVANCED_FACE('',(#5305),#5292,.F.);
#5307=CARTESIAN_POINT('',(-2.5E-1,0.E0,0.E0));
#5308=DIRECTION('',(1.E0,0.E0,0.E0));
#5309=DIRECTION('',(0.E0,0.E0,-1.E0));
#5310=AXIS2_PLACEMENT_3D('',#5307,#5308,#5309);
#5311=PLANE('',#5310);
#5313=ORIENTED_EDGE('',*,*,#5312,.F.);
#5315=ORIENTED_EDGE('',*,*,#5314,.T.);
#5316=ORIENTED_EDGE('',*,*,#3722,.T.);
#5318=ORIENTED_EDGE('',*,*,#5317,.T.);
#5319=EDGE_LOOP('',(#5313,#5315,#5316,#5318));
#5320=FACE_OUTER_BOUND('',#5319,.F.);
#5321=ADVANCED_FACE('',(#5320),#5311,.F.);
#5322=CARTESIAN_POINT('',(-1.75E-1,2.05E0,3.E0));
#5323=DIRECTION('',(-9.363291775690E-1,0.E0,3.511234415884E-1));
#5324=DIRECTION('',(3.511234415884E-1,0.E0,9.363291775690E-1));
#5325=AXIS2_PLACEMENT_3D('',#5322,#5323,#5324);
#5326=PLANE('',#5325);
#5328=ORIENTED_EDGE('',*,*,#5327,.F.);
#5330=ORIENTED_EDGE('',*,*,#5329,.F.);
#5332=ORIENTED_EDGE('',*,*,#5331,.T.);
#5333=ORIENTED_EDGE('',*,*,#5293,.T.);
#5334=EDGE_LOOP('',(#5328,#5330,#5332,#5333));
#5335=FACE_OUTER_BOUND('',#5334,.F.);
#5336=ADVANCED_FACE('',(#5335),#5326,.T.);
#5337=CARTESIAN_POINT('',(0.E0,2.225E0,3.E0));
#5338=DIRECTION('',(0.E0,9.363291775690E-1,3.511234415884E-1));
#5339=DIRECTION('',(0.E0,3.511234415884E-1,-9.363291775690E-1));
#5340=AXIS2_PLACEMENT_3D('',#5337,#5338,#5339);
#5341=PLANE('',#5340);
#5342=ORIENTED_EDGE('',*,*,#5327,.T.);
#5344=ORIENTED_EDGE('',*,*,#5343,.F.);
#5346=ORIENTED_EDGE('',*,*,#5345,.F.);
#5348=ORIENTED_EDGE('',*,*,#5347,.T.);
#5349=EDGE_LOOP('',(#5342,#5344,#5346,#5348));
#5350=FACE_OUTER_BOUND('',#5349,.F.);
#5351=ADVANCED_FACE('',(#5350),#5341,.T.);
#5352=CARTESIAN_POINT('',(-2.5E-1,2.3E0,-2.55E0));
#5353=DIRECTION('',(0.E0,1.E0,0.E0));
#5354=DIRECTION('',(0.E0,0.E0,1.E0));
#5355=AXIS2_PLACEMENT_3D('',#5352,#5353,#5354);
#5356=PLANE('',#5355);
#5357=ORIENTED_EDGE('',*,*,#5343,.T.);
#5358=ORIENTED_EDGE('',*,*,#5302,.F.);
#5360=ORIENTED_EDGE('',*,*,#5359,.T.);
#5362=ORIENTED_EDGE('',*,*,#5361,.T.);
#5363=EDGE_LOOP('',(#5357,#5358,#5360,#5362));
#5364=FACE_OUTER_BOUND('',#5363,.F.);
#5365=ADVANCED_FACE('',(#5364),#5356,.T.);
#5366=CARTESIAN_POINT('',(-2.5E-1,2.5E0,-2.55E0));
#5367=DIRECTION('',(1.E0,0.E0,0.E0));
#5368=DIRECTION('',(0.E0,0.E0,-1.E0));
#5369=AXIS2_PLACEMENT_3D('',#5366,#5367,#5368);
#5370=CYLINDRICAL_SURFACE('',#5369,2.E-1);
#5371=ORIENTED_EDGE('',*,*,#5300,.F.);
#5372=ORIENTED_EDGE('',*,*,#5009,.T.);
#5374=ORIENTED_EDGE('',*,*,#5373,.T.);
#5375=ORIENTED_EDGE('',*,*,#5359,.F.);
#5376=EDGE_LOOP('',(#5371,#5372,#5374,#5375));
#5377=FACE_OUTER_BOUND('',#5376,.F.);
#5378=ADVANCED_FACE('',(#5377),#5370,.F.);
#5379=CARTESIAN_POINT('',(2.5E-1,0.E0,0.E0));
#5380=DIRECTION('',(1.E0,0.E0,0.E0));
#5381=DIRECTION('',(0.E0,0.E0,-1.E0));
#5382=AXIS2_PLACEMENT_3D('',#5379,#5380,#5381);
#5383=PLANE('',#5382);
#5385=ORIENTED_EDGE('',*,*,#5384,.F.);
#5386=ORIENTED_EDGE('',*,*,#5361,.F.);
#5387=ORIENTED_EDGE('',*,*,#5373,.F.);
#5388=ORIENTED_EDGE('',*,*,#5007,.F.);
#5390=ORIENTED_EDGE('',*,*,#5389,.F.);
#5392=ORIENTED_EDGE('',*,*,#5391,.F.);
#5393=EDGE_LOOP('',(#5385,#5386,#5387,#5388,#5390,#5392));
#5394=FACE_OUTER_BOUND('',#5393,.F.);
#5395=ADVANCED_FACE('',(#5394),#5383,.T.);
#5396=CARTESIAN_POINT('',(2.5E-1,0.E0,0.E0));
#5397=DIRECTION('',(1.E0,0.E0,0.E0));
#5398=DIRECTION('',(0.E0,0.E0,-1.E0));
#5399=AXIS2_PLACEMENT_3D('',#5396,#5397,#5398);
#5400=PLANE('',#5399);
#5402=ORIENTED_EDGE('',*,*,#5401,.F.);
#5404=ORIENTED_EDGE('',*,*,#5403,.F.);
#5405=ORIENTED_EDGE('',*,*,#3726,.F.);
#5407=ORIENTED_EDGE('',*,*,#5406,.F.);
#5408=EDGE_LOOP('',(#5402,#5404,#5405,#5407));
#5409=FACE_OUTER_BOUND('',#5408,.F.);
#5410=ADVANCED_FACE('',(#5409),#5400,.T.);
#5411=CARTESIAN_POINT('',(1.75E-1,2.05E0,3.E0));
#5412=DIRECTION('',(9.363291775690E-1,0.E0,3.511234415884E-1));
#5413=DIRECTION('',(-3.511234415884E-1,0.E0,9.363291775690E-1));
#5414=AXIS2_PLACEMENT_3D('',#5411,#5412,#5413);
#5415=PLANE('',#5414);
#5416=ORIENTED_EDGE('',*,*,#5345,.T.);
#5417=ORIENTED_EDGE('',*,*,#5384,.T.);
#5419=ORIENTED_EDGE('',*,*,#5418,.T.);
#5421=ORIENTED_EDGE('',*,*,#5420,.F.);
#5422=EDGE_LOOP('',(#5416,#5417,#5419,#5421));
#5423=FACE_OUTER_BOUND('',#5422,.F.);
#5424=ADVANCED_FACE('',(#5423),#5415,.T.);
#5425=CARTESIAN_POINT('',(0.E0,1.875E0,3.E0));
#5426=DIRECTION('',(0.E0,-9.363291775690E-1,3.511234415884E-1));
#5427=DIRECTION('',(0.E0,3.511234415884E-1,9.363291775690E-1));
#5428=AXIS2_PLACEMENT_3D('',#5425,#5426,#5427);
#5429=PLANE('',#5428);
#5430=ORIENTED_EDGE('',*,*,#5331,.F.);
#5432=ORIENTED_EDGE('',*,*,#5431,.F.);
#5433=ORIENTED_EDGE('',*,*,#5418,.F.);
#5435=ORIENTED_EDGE('',*,*,#5434,.T.);
#5436=EDGE_LOOP('',(#5430,#5432,#5433,#5435));
#5437=FACE_OUTER_BOUND('',#5436,.F.);
#5438=ADVANCED_FACE('',(#5437),#5429,.T.);
#5439=CARTESIAN_POINT('',(-2.5E-1,2.3E0,3.2E0));
#5440=DIRECTION('',(0.E0,0.E0,1.E0));
#5441=DIRECTION('',(0.E0,-1.E0,0.E0));
#5442=AXIS2_PLACEMENT_3D('',#5439,#5440,#5441);
#5443=PLANE('',#5442);
#5444=ORIENTED_EDGE('',*,*,#5431,.T.);
#5445=ORIENTED_EDGE('',*,*,#5329,.T.);
#5446=ORIENTED_EDGE('',*,*,#5347,.F.);
#5447=ORIENTED_EDGE('',*,*,#5420,.T.);
#5448=EDGE_LOOP('',(#5444,#5445,#5446,#5447));
#5449=FACE_OUTER_BOUND('',#5448,.F.);
#5450=ADVANCED_FACE('',(#5449),#5443,.T.);
#5451=CARTESIAN_POINT('',(-2.5E-1,1.8E0,3.2E0));
#5452=DIRECTION('',(0.E0,-1.E0,0.E0));
#5453=DIRECTION('',(0.E0,0.E0,-1.E0));
#5454=AXIS2_PLACEMENT_3D('',#5451,#5452,#5453);
#5455=PLANE('',#5454);
#5456=ORIENTED_EDGE('',*,*,#5434,.F.);
#5457=ORIENTED_EDGE('',*,*,#5391,.T.);
#5459=ORIENTED_EDGE('',*,*,#5458,.F.);
#5460=ORIENTED_EDGE('',*,*,#5295,.F.);
#5461=EDGE_LOOP('',(#5456,#5457,#5459,#5460));
#5462=FACE_OUTER_BOUND('',#5461,.F.);
#5463=ADVANCED_FACE('',(#5462),#5455,.T.);
#5464=CARTESIAN_POINT('',(-2.5E-1,2.6E0,-2.45E0));
#5465=DIRECTION('',(1.E0,0.E0,0.E0));
#5466=DIRECTION('',(0.E0,0.E0,-1.E0));
#5467=AXIS2_PLACEMENT_3D('',#5464,#5465,#5466);
#5468=CYLINDRICAL_SURFACE('',#5467,8.E-1);
#5469=ORIENTED_EDGE('',*,*,#5297,.F.);
#5470=ORIENTED_EDGE('',*,*,#5458,.T.);
#5471=ORIENTED_EDGE('',*,*,#5389,.T.);
#5472=ORIENTED_EDGE('',*,*,#5005,.F.);
#5473=EDGE_LOOP('',(#5469,#5470,#5471,#5472));
#5474=FACE_OUTER_BOUND('',#5473,.F.);
#5475=ADVANCED_FACE('',(#5474),#5468,.T.);
#5476=CARTESIAN_POINT('',(1.75E-1,7.8E0,-3.E0));
#5477=DIRECTION('',(9.363291775690E-1,3.511234415884E-1,0.E0));
#5478=DIRECTION('',(-3.511234415884E-1,9.363291775690E-1,0.E0));
#5479=AXIS2_PLACEMENT_3D('',#5476,#5477,#5478);
#5480=PLANE('',#5479);
#5482=ORIENTED_EDGE('',*,*,#5481,.T.);
#5483=ORIENTED_EDGE('',*,*,#5401,.T.);
#5485=ORIENTED_EDGE('',*,*,#5484,.F.);
#5487=ORIENTED_EDGE('',*,*,#5486,.F.);
#5488=EDGE_LOOP('',(#5482,#5483,#5485,#5487));
#5489=FACE_OUTER_BOUND('',#5488,.F.);
#5490=ADVANCED_FACE('',(#5489),#5480,.T.);
#5491=CARTESIAN_POINT('',(0.E0,7.8E0,-3.175E0));
#5492=DIRECTION('',(0.E0,3.511234415884E-1,-9.363291775690E-1));
#5493=DIRECTION('',(0.E0,-9.363291775690E-1,-3.511234415884E-1));
#5494=AXIS2_PLACEMENT_3D('',#5491,#5492,#5493);
#5495=PLANE('',#5494);
#5497=ORIENTED_EDGE('',*,*,#5496,.T.);
#5499=ORIENTED_EDGE('',*,*,#5498,.F.);
#5500=ORIENTED_EDGE('',*,*,#5481,.F.);
#5502=ORIENTED_EDGE('',*,*,#5501,.T.);
#5503=EDGE_LOOP('',(#5497,#5499,#5500,#5502));
#5504=FACE_OUTER_BOUND('',#5503,.F.);
#5505=ADVANCED_FACE('',(#5504),#5495,.T.);
#5506=CARTESIAN_POINT('',(-1.75E-1,7.8E0,-3.E0));
#5507=DIRECTION('',(-9.363291775690E-1,3.511234415884E-1,0.E0));
#5508=DIRECTION('',(3.511234415884E-1,9.363291775690E-1,0.E0));
#5509=AXIS2_PLACEMENT_3D('',#5506,#5507,#5508);
#5510=PLANE('',#5509);
#5511=ORIENTED_EDGE('',*,*,#5496,.F.);
#5513=ORIENTED_EDGE('',*,*,#5512,.F.);
#5515=ORIENTED_EDGE('',*,*,#5514,.T.);
#5516=ORIENTED_EDGE('',*,*,#5312,.T.);
#5517=EDGE_LOOP('',(#5511,#5513,#5515,#5516));
#5518=FACE_OUTER_BOUND('',#5517,.F.);
#5519=ADVANCED_FACE('',(#5518),#5510,.T.);
#5520=CARTESIAN_POINT('',(-2.5E-1,8.E0,-3.25E0));
#5521=DIRECTION('',(0.E0,1.E0,0.E0));
#5522=DIRECTION('',(0.E0,0.E0,1.E0));
#5523=AXIS2_PLACEMENT_3D('',#5520,#5521,#5522);
#5524=PLANE('',#5523);
#5526=ORIENTED_EDGE('',*,*,#5525,.T.);
#5527=ORIENTED_EDGE('',*,*,#5512,.T.);
#5528=ORIENTED_EDGE('',*,*,#5501,.F.);
#5529=ORIENTED_EDGE('',*,*,#5486,.T.);
#5530=EDGE_LOOP('',(#5526,#5527,#5528,#5529));
#5531=FACE_OUTER_BOUND('',#5530,.F.);
#5532=ADVANCED_FACE('',(#5531),#5524,.T.);
#5533=CARTESIAN_POINT('',(0.E0,7.8E0,-2.825E0));
#5534=DIRECTION('',(0.E0,3.511234415884E-1,9.363291775690E-1));
#5535=DIRECTION('',(0.E0,9.363291775690E-1,-3.511234415884E-1));
#5536=AXIS2_PLACEMENT_3D('',#5533,#5534,#5535);
#5537=PLANE('',#5536);
#5538=ORIENTED_EDGE('',*,*,#5514,.F.);
#5539=ORIENTED_EDGE('',*,*,#5525,.F.);
#5540=ORIENTED_EDGE('',*,*,#5484,.T.);
#5542=ORIENTED_EDGE('',*,*,#5541,.T.);
#5543=EDGE_LOOP('',(#5538,#5539,#5540,#5542));
#5544=FACE_OUTER_BOUND('',#5543,.F.);
#5545=ADVANCED_FACE('',(#5544),#5537,.T.);
#5546=CARTESIAN_POINT('',(-2.5E-1,8.E0,-2.75E0));
#5547=DIRECTION('',(0.E0,0.E0,1.E0));
#5548=DIRECTION('',(0.E0,-1.E0,0.E0));
#5549=AXIS2_PLACEMENT_3D('',#5546,#5547,#5548);
#5550=PLANE('',#5549);
#5551=ORIENTED_EDGE('',*,*,#5541,.F.);
#5552=ORIENTED_EDGE('',*,*,#5406,.T.);
#5553=ORIENTED_EDGE('',*,*,#3724,.F.);
#5554=ORIENTED_EDGE('',*,*,#5314,.F.);
#5555=EDGE_LOOP('',(#5551,#5552,#5553,#5554));
#5556=FACE_OUTER_BOUND('',#5555,.F.);
#5557=ADVANCED_FACE('',(#5556),#5550,.T.);
#5558=CARTESIAN_POINT('',(-2.5E-1,2.6E0,-3.25E0));
#5559=DIRECTION('',(0.E0,0.E0,-1.E0));
#5560=DIRECTION('',(0.E0,1.E0,0.E0));
#5561=AXIS2_PLACEMENT_3D('',#5558,#5559,#5560);
#5562=PLANE('',#5561);
#5563=ORIENTED_EDGE('',*,*,#5498,.T.);
#5564=ORIENTED_EDGE('',*,*,#5317,.F.);
#5565=ORIENTED_EDGE('',*,*,#3728,.T.);
#5566=ORIENTED_EDGE('',*,*,#5403,.T.);
#5567=EDGE_LOOP('',(#5563,#5564,#5565,#5566));
#5568=FACE_OUTER_BOUND('',#5567,.F.);
#5569=ADVANCED_FACE('',(#5568),#5562,.T.);
#5570=CARTESIAN_POINT('',(1.75E0,0.E0,0.E0));
#5571=DIRECTION('',(1.E0,0.E0,0.E0));
#5572=DIRECTION('',(0.E0,0.E0,-1.E0));
#5573=AXIS2_PLACEMENT_3D('',#5570,#5571,#5572);
#5574=PLANE('',#5573);
#5576=ORIENTED_EDGE('',*,*,#5575,.T.);
#5578=ORIENTED_EDGE('',*,*,#5577,.T.);
#5580=ORIENTED_EDGE('',*,*,#5579,.F.);
#5582=ORIENTED_EDGE('',*,*,#5581,.T.);
#5583=ORIENTED_EDGE('',*,*,#5013,.F.);
#5585=ORIENTED_EDGE('',*,*,#5584,.T.);
#5586=EDGE_LOOP('',(#5576,#5578,#5580,#5582,#5583,#5585));
#5587=FACE_OUTER_BOUND('',#5586,.F.);
#5588=ADVANCED_FACE('',(#5587),#5574,.F.);
#5589=CARTESIAN_POINT('',(1.75E0,0.E0,0.E0));
#5590=DIRECTION('',(1.E0,0.E0,0.E0));
#5591=DIRECTION('',(0.E0,0.E0,-1.E0));
#5592=AXIS2_PLACEMENT_3D('',#5589,#5590,#5591);
#5593=PLANE('',#5592);
#5595=ORIENTED_EDGE('',*,*,#5594,.F.);
#5597=ORIENTED_EDGE('',*,*,#5596,.T.);
#5598=ORIENTED_EDGE('',*,*,#3732,.T.);
#5600=ORIENTED_EDGE('',*,*,#5599,.T.);
#5601=EDGE_LOOP('',(#5595,#5597,#5598,#5600));
#5602=FACE_OUTER_BOUND('',#5601,.F.);
#5603=ADVANCED_FACE('',(#5602),#5593,.F.);
#5604=CARTESIAN_POINT('',(1.75E0,2.3E0,-2.55E0));
#5605=DIRECTION('',(0.E0,1.E0,0.E0));
#5606=DIRECTION('',(0.E0,0.E0,1.E0));
#5607=AXIS2_PLACEMENT_3D('',#5604,#5605,#5606);
#5608=PLANE('',#5607);
#5610=ORIENTED_EDGE('',*,*,#5609,.F.);
#5612=ORIENTED_EDGE('',*,*,#5611,.T.);
#5614=ORIENTED_EDGE('',*,*,#5613,.T.);
#5615=ORIENTED_EDGE('',*,*,#5575,.F.);
#5617=ORIENTED_EDGE('',*,*,#5616,.T.);
#5619=ORIENTED_EDGE('',*,*,#5618,.F.);
#5621=ORIENTED_EDGE('',*,*,#5620,.T.);
#5623=ORIENTED_EDGE('',*,*,#5622,.T.);
#5624=EDGE_LOOP('',(#5610,#5612,#5614,#5615,#5617,#5619,#5621,#5623));
#5625=FACE_OUTER_BOUND('',#5624,.F.);
#5626=ADVANCED_FACE('',(#5625),#5608,.T.);
#5627=CARTESIAN_POINT('',(1.962582656730E0,2.225E0,2.976556440011E0));
#5628=DIRECTION('',(-1.200912898171E-1,9.363291775690E-1,3.299481070456E-1));
#5629=DIRECTION('',(-3.202434395122E-1,-3.511234415884E-1,8.798616187882E-1));
#5630=AXIS2_PLACEMENT_3D('',#5627,#5628,#5629);
#5631=PLANE('',#5630);
#5632=ORIENTED_EDGE('',*,*,#5609,.T.);
#5634=ORIENTED_EDGE('',*,*,#5633,.F.);
#5636=ORIENTED_EDGE('',*,*,#5635,.F.);
#5638=ORIENTED_EDGE('',*,*,#5637,.T.);
#5639=EDGE_LOOP('',(#5632,#5634,#5636,#5638));
#5640=FACE_OUTER_BOUND('',#5639,.F.);
#5641=ADVANCED_FACE('',(#5640),#5631,.T.);
#5642=CARTESIAN_POINT('',(2.127028865368E0,2.05E0,3.036409965093E0));
#5643=DIRECTION('',(7.597703289711E-1,0.E0,6.501915465577E-1));
#5644=DIRECTION('',(6.501915465577E-1,0.E0,-7.597703289711E-1));
#5645=AXIS2_PLACEMENT_3D('',#5642,#5643,#5644);
#5646=PLANE('',#5645);
#5648=ORIENTED_EDGE('',*,*,#5647,.F.);
#5650=ORIENTED_EDGE('',*,*,#5649,.F.);
#5652=ORIENTED_EDGE('',*,*,#5651,.T.);
#5653=ORIENTED_EDGE('',*,*,#5633,.T.);
#5654=EDGE_LOOP('',(#5648,#5650,#5652,#5653));
#5655=FACE_OUTER_BOUND('',#5654,.F.);
#5656=ADVANCED_FACE('',(#5655),#5646,.T.);
#5657=CARTESIAN_POINT('',(2.6E0,2.3E0,1.956217782649E0));
#5658=DIRECTION('',(9.396926207859E-1,0.E0,3.420201433257E-1));
#5659=DIRECTION('',(-3.420201433257E-1,0.E0,9.396926207859E-1));
#5660=AXIS2_PLACEMENT_3D('',#5657,#5658,#5659);
#5661=PLANE('',#5660);
#5662=ORIENTED_EDGE('',*,*,#5647,.T.);
#5663=ORIENTED_EDGE('',*,*,#5622,.F.);
#5665=ORIENTED_EDGE('',*,*,#5664,.T.);
#5667=ORIENTED_EDGE('',*,*,#5666,.T.);
#5668=EDGE_LOOP('',(#5662,#5663,#5665,#5667));
#5669=FACE_OUTER_BOUND('',#5668,.F.);
#5670=ADVANCED_FACE('',(#5669),#5661,.T.);
#5671=CARTESIAN_POINT('',(2.25E0,2.3E0,6.5E-1));
#5672=DIRECTION('',(9.659258262891E-1,0.E0,-2.588190451025E-1));
#5673=DIRECTION('',(2.588190451025E-1,0.E0,9.659258262891E-1));
#5674=AXIS2_PLACEMENT_3D('',#5671,#5672,#5673);
#5675=PLANE('',#5674);
#5676=ORIENTED_EDGE('',*,*,#5620,.F.);
#5678=ORIENTED_EDGE('',*,*,#5677,.T.);
#5680=ORIENTED_EDGE('',*,*,#5679,.T.);
#5681=ORIENTED_EDGE('',*,*,#5664,.F.);
#5682=EDGE_LOOP('',(#5676,#5678,#5680,#5681));
#5683=FACE_OUTER_BOUND('',#5682,.F.);
#5684=ADVANCED_FACE('',(#5683),#5675,.T.);
#5685=CARTESIAN_POINT('',(2.25E0,0.E0,0.E0));
#5686=DIRECTION('',(1.E0,0.E0,0.E0));
#5687=DIRECTION('',(0.E0,0.E0,-1.E0));
#5688=AXIS2_PLACEMENT_3D('',#5685,#5686,#5687);
#5689=PLANE('',#5688);
#5691=ORIENTED_EDGE('',*,*,#5690,.F.);
#5692=ORIENTED_EDGE('',*,*,#5677,.F.);
#5693=ORIENTED_EDGE('',*,*,#5618,.T.);
#5695=ORIENTED_EDGE('',*,*,#5694,.F.);
#5696=ORIENTED_EDGE('',*,*,#5017,.F.);
#5698=ORIENTED_EDGE('',*,*,#5697,.F.);
#5699=EDGE_LOOP('',(#5691,#5692,#5693,#5695,#5696,#5698));
#5700=FACE_OUTER_BOUND('',#5699,.F.);
#5701=ADVANCED_FACE('',(#5700),#5689,.T.);
#5702=CARTESIAN_POINT('',(2.25E0,0.E0,0.E0));
#5703=DIRECTION('',(1.E0,0.E0,0.E0));
#5704=DIRECTION('',(0.E0,0.E0,-1.E0));
#5705=AXIS2_PLACEMENT_3D('',#5702,#5703,#5704);
#5706=PLANE('',#5705);
#5708=ORIENTED_EDGE('',*,*,#5707,.F.);
#5710=ORIENTED_EDGE('',*,*,#5709,.F.);
#5711=ORIENTED_EDGE('',*,*,#3736,.F.);
#5713=ORIENTED_EDGE('',*,*,#5712,.F.);
#5714=EDGE_LOOP('',(#5708,#5710,#5711,#5713));
#5715=FACE_OUTER_BOUND('',#5714,.F.);
#5716=ADVANCED_FACE('',(#5715),#5706,.T.);
#5717=CARTESIAN_POINT('',(1.75E0,1.8E0,3.5E-1));
#5718=DIRECTION('',(0.E0,-1.E0,0.E0));
#5719=DIRECTION('',(0.E0,0.E0,-1.E0));
#5720=AXIS2_PLACEMENT_3D('',#5717,#5718,#5719);
#5721=PLANE('',#5720);
#5723=ORIENTED_EDGE('',*,*,#5722,.F.);
#5724=ORIENTED_EDGE('',*,*,#5666,.F.);
#5725=ORIENTED_EDGE('',*,*,#5679,.F.);
#5726=ORIENTED_EDGE('',*,*,#5690,.T.);
#5728=ORIENTED_EDGE('',*,*,#5727,.F.);
#5729=ORIENTED_EDGE('',*,*,#5579,.T.);
#5731=ORIENTED_EDGE('',*,*,#5730,.F.);
#5733=ORIENTED_EDGE('',*,*,#5732,.F.);
#5734=EDGE_LOOP('',(#5723,#5724,#5725,#5726,#5728,#5729,#5731,#5733));
#5735=FACE_OUTER_BOUND('',#5734,.F.);
#5736=ADVANCED_FACE('',(#5735),#5721,.T.);
#5737=CARTESIAN_POINT('',(1.962582656730E0,1.875E0,2.976556440011E0));
#5738=DIRECTION('',(-1.200912898171E-1,-9.363291775690E-1,3.299481070456E-1));
#5739=DIRECTION('',(-3.202434395122E-1,3.511234415884E-1,8.798616187882E-1));
#5740=AXIS2_PLACEMENT_3D('',#5737,#5738,#5739);
#5741=PLANE('',#5740);
#5743=ORIENTED_EDGE('',*,*,#5742,.F.);
#5744=ORIENTED_EDGE('',*,*,#5649,.T.);
#5745=ORIENTED_EDGE('',*,*,#5722,.T.);
#5747=ORIENTED_EDGE('',*,*,#5746,.T.);
#5748=EDGE_LOOP('',(#5743,#5744,#5745,#5747));
#5749=FACE_OUTER_BOUND('',#5748,.F.);
#5750=ADVANCED_FACE('',(#5749),#5741,.T.);
#5751=CARTESIAN_POINT('',(2.129101783261E0,2.3E0,3.25E0));
#5752=DIRECTION('',(-3.420201433257E-1,0.E0,9.396926207859E-1));
#5753=DIRECTION('',(-9.396926207859E-1,0.E0,-3.420201433257E-1));
#5754=AXIS2_PLACEMENT_3D('',#5751,#5752,#5753);
#5755=PLANE('',#5754);
#5757=ORIENTED_EDGE('',*,*,#5756,.T.);
#5758=ORIENTED_EDGE('',*,*,#5635,.T.);
#5759=ORIENTED_EDGE('',*,*,#5651,.F.);
#5760=ORIENTED_EDGE('',*,*,#5742,.T.);
#5761=EDGE_LOOP('',(#5757,#5758,#5759,#5760));
#5762=FACE_OUTER_BOUND('',#5761,.F.);
#5763=ADVANCED_FACE('',(#5762),#5755,.T.);
#5764=CARTESIAN_POINT('',(1.798136448092E0,2.05E0,2.916702914929E0));
#5765=DIRECTION('',(-9.999529086052E-1,0.E0,9.704667533393E-3));
#5766=DIRECTION('',(9.704667533393E-3,0.E0,9.999529086052E-1));
#5767=AXIS2_PLACEMENT_3D('',#5764,#5765,#5766);
#5768=PLANE('',#5767);
#5770=ORIENTED_EDGE('',*,*,#5769,.T.);
#5771=ORIENTED_EDGE('',*,*,#5637,.F.);
#5772=ORIENTED_EDGE('',*,*,#5756,.F.);
#5773=ORIENTED_EDGE('',*,*,#5746,.F.);
#5774=EDGE_LOOP('',(#5770,#5771,#5772,#5773));
#5775=FACE_OUTER_BOUND('',#5774,.F.);
#5776=ADVANCED_FACE('',(#5775),#5768,.T.);
#5777=CARTESIAN_POINT('',(1.659255472868E0,2.3E0,3.078989928337E0));
#5778=DIRECTION('',(-9.396926207859E-1,0.E0,-3.420201433257E-1));
#5779=DIRECTION('',(3.420201433257E-1,0.E0,-9.396926207859E-1));
#5780=AXIS2_PLACEMENT_3D('',#5777,#5778,#5779);
#5781=PLANE('',#5780);
#5782=ORIENTED_EDGE('',*,*,#5769,.F.);
#5783=ORIENTED_EDGE('',*,*,#5732,.T.);
#5785=ORIENTED_EDGE('',*,*,#5784,.F.);
#5786=ORIENTED_EDGE('',*,*,#5611,.F.);
#5787=EDGE_LOOP('',(#5782,#5783,#5785,#5786));
#5788=FACE_OUTER_BOUND('',#5787,.F.);
#5789=ADVANCED_FACE('',(#5788),#5781,.T.);
#5790=CARTESIAN_POINT('',(2.086393532482E0,2.3E0,1.905437754560E0));
#5791=DIRECTION('',(-9.659258262891E-1,0.E0,2.588190451025E-1));
#5792=DIRECTION('',(-2.588190451025E-1,0.E0,-9.659258262891E-1));
#5793=AXIS2_PLACEMENT_3D('',#5790,#5791,#5792);
#5794=PLANE('',#5793);
#5795=ORIENTED_EDGE('',*,*,#5613,.F.);
#5796=ORIENTED_EDGE('',*,*,#5784,.T.);
#5797=ORIENTED_EDGE('',*,*,#5730,.T.);
#5798=ORIENTED_EDGE('',*,*,#5577,.F.);
#5799=EDGE_LOOP('',(#5795,#5796,#5797,#5798));
#5800=FACE_OUTER_BOUND('',#5799,.F.);
#5801=ADVANCED_FACE('',(#5800),#5794,.T.);
#5802=CARTESIAN_POINT('',(1.75E0,2.6E0,-2.45E0));
#5803=DIRECTION('',(1.E0,0.E0,0.E0));
#5804=DIRECTION('',(0.E0,0.E0,-1.E0));
#5805=AXIS2_PLACEMENT_3D('',#5802,#5803,#5804);
#5806=CYLINDRICAL_SURFACE('',#5805,8.E-1);
#5807=ORIENTED_EDGE('',*,*,#5581,.F.);
#5808=ORIENTED_EDGE('',*,*,#5727,.T.);
#5809=ORIENTED_EDGE('',*,*,#5697,.T.);
#5810=ORIENTED_EDGE('',*,*,#5015,.F.);
#5811=EDGE_LOOP('',(#5807,#5808,#5809,#5810));
#5812=FACE_OUTER_BOUND('',#5811,.F.);
#5813=ADVANCED_FACE('',(#5812),#5806,.T.);
#5814=CARTESIAN_POINT('',(1.75E0,2.5E0,-2.55E0));
#5815=DIRECTION('',(1.E0,0.E0,0.E0));
#5816=DIRECTION('',(0.E0,0.E0,-1.E0));
#5817=AXIS2_PLACEMENT_3D('',#5814,#5815,#5816);
#5818=CYLINDRICAL_SURFACE('',#5817,2.E-1);
#5819=ORIENTED_EDGE('',*,*,#5584,.F.);
#5820=ORIENTED_EDGE('',*,*,#5019,.T.);
#5821=ORIENTED_EDGE('',*,*,#5694,.T.);
#5822=ORIENTED_EDGE('',*,*,#5616,.F.);
#5823=EDGE_LOOP('',(#5819,#5820,#5821,#5822));
#5824=FACE_OUTER_BOUND('',#5823,.F.);
#5825=ADVANCED_FACE('',(#5824),#5818,.F.);
#5826=CARTESIAN_POINT('',(2.175E0,7.8E0,-3.E0));
#5827=DIRECTION('',(9.363291775690E-1,3.511234415884E-1,0.E0));
#5828=DIRECTION('',(-3.511234415884E-1,9.363291775690E-1,0.E0));
#5829=AXIS2_PLACEMENT_3D('',#5826,#5827,#5828);
#5830=PLANE('',#5829);
#5832=ORIENTED_EDGE('',*,*,#5831,.F.);
#5834=ORIENTED_EDGE('',*,*,#5833,.T.);
#5835=ORIENTED_EDGE('',*,*,#5707,.T.);
#5837=ORIENTED_EDGE('',*,*,#5836,.F.);
#5838=EDGE_LOOP('',(#5832,#5834,#5835,#5837));
#5839=FACE_OUTER_BOUND('',#5838,.F.);
#5840=ADVANCED_FACE('',(#5839),#5830,.T.);
#5841=CARTESIAN_POINT('',(1.75E0,8.E0,-3.25E0));
#5842=DIRECTION('',(0.E0,1.E0,0.E0));
#5843=DIRECTION('',(0.E0,0.E0,1.E0));
#5844=AXIS2_PLACEMENT_3D('',#5841,#5842,#5843);
#5845=PLANE('',#5844);
#5847=ORIENTED_EDGE('',*,*,#5846,.T.);
#5849=ORIENTED_EDGE('',*,*,#5848,.T.);
#5851=ORIENTED_EDGE('',*,*,#5850,.F.);
#5852=ORIENTED_EDGE('',*,*,#5831,.T.);
#5853=EDGE_LOOP('',(#5847,#5849,#5851,#5852));
#5854=FACE_OUTER_BOUND('',#5853,.F.);
#5855=ADVANCED_FACE('',(#5854),#5845,.T.);
#5856=CARTESIAN_POINT('',(2.E0,7.8E0,-2.825E0));
#5857=DIRECTION('',(0.E0,3.511234415884E-1,9.363291775690E-1));
#5858=DIRECTION('',(0.E0,9.363291775690E-1,-3.511234415884E-1));
#5859=AXIS2_PLACEMENT_3D('',#5856,#5857,#5858);
#5860=PLANE('',#5859);
#5862=ORIENTED_EDGE('',*,*,#5861,.T.);
#5864=ORIENTED_EDGE('',*,*,#5863,.F.);
#5865=ORIENTED_EDGE('',*,*,#5846,.F.);
#5866=ORIENTED_EDGE('',*,*,#5836,.T.);
#5867=EDGE_LOOP('',(#5862,#5864,#5865,#5866));
#5868=FACE_OUTER_BOUND('',#5867,.F.);
#5869=ADVANCED_FACE('',(#5868),#5860,.T.);
#5870=CARTESIAN_POINT('',(1.75E0,8.E0,-2.75E0));
#5871=DIRECTION('',(0.E0,0.E0,1.E0));
#5872=DIRECTION('',(0.E0,-1.E0,0.E0));
#5873=AXIS2_PLACEMENT_3D('',#5870,#5871,#5872);
#5874=PLANE('',#5873);
#5875=ORIENTED_EDGE('',*,*,#5861,.F.);
#5876=ORIENTED_EDGE('',*,*,#5712,.T.);
#5877=ORIENTED_EDGE('',*,*,#3734,.F.);
#5878=ORIENTED_EDGE('',*,*,#5596,.F.);
#5879=EDGE_LOOP('',(#5875,#5876,#5877,#5878));
#5880=FACE_OUTER_BOUND('',#5879,.F.);
#5881=ADVANCED_FACE('',(#5880),#5874,.T.);
#5882=CARTESIAN_POINT('',(1.825E0,7.8E0,-3.E0));
#5883=DIRECTION('',(-9.363291775690E-1,3.511234415884E-1,0.E0));
#5884=DIRECTION('',(3.511234415884E-1,9.363291775690E-1,0.E0));
#5885=AXIS2_PLACEMENT_3D('',#5882,#5883,#5884);
#5886=PLANE('',#5885);
#5887=ORIENTED_EDGE('',*,*,#5594,.T.);
#5889=ORIENTED_EDGE('',*,*,#5888,.F.);
#5890=ORIENTED_EDGE('',*,*,#5848,.F.);
#5891=ORIENTED_EDGE('',*,*,#5863,.T.);
#5892=EDGE_LOOP('',(#5887,#5889,#5890,#5891));
#5893=FACE_OUTER_BOUND('',#5892,.F.);
#5894=ADVANCED_FACE('',(#5893),#5886,.T.);
#5895=CARTESIAN_POINT('',(2.E0,7.8E0,-3.175E0));
#5896=DIRECTION('',(0.E0,3.511234415884E-1,-9.363291775690E-1));
#5897=DIRECTION('',(0.E0,-9.363291775690E-1,-3.511234415884E-1));
#5898=AXIS2_PLACEMENT_3D('',#5895,#5896,#5897);
#5899=PLANE('',#5898);
#5901=ORIENTED_EDGE('',*,*,#5900,.F.);
#5902=ORIENTED_EDGE('',*,*,#5833,.F.);
#5903=ORIENTED_EDGE('',*,*,#5850,.T.);
#5904=ORIENTED_EDGE('',*,*,#5888,.T.);
#5905=EDGE_LOOP('',(#5901,#5902,#5903,#5904));
#5906=FACE_OUTER_BOUND('',#5905,.F.);
#5907=ADVANCED_FACE('',(#5906),#5899,.T.);
#5908=CARTESIAN_POINT('',(1.75E0,2.6E0,-3.25E0));
#5909=DIRECTION('',(0.E0,0.E0,-1.E0));
#5910=DIRECTION('',(0.E0,1.E0,0.E0));
#5911=AXIS2_PLACEMENT_3D('',#5908,#5909,#5910);
#5912=PLANE('',#5911);
#5913=ORIENTED_EDGE('',*,*,#5900,.T.);
#5914=ORIENTED_EDGE('',*,*,#5599,.F.);
#5915=ORIENTED_EDGE('',*,*,#3738,.T.);
#5916=ORIENTED_EDGE('',*,*,#5709,.T.);
#5917=EDGE_LOOP('',(#5913,#5914,#5915,#5916));
#5918=FACE_OUTER_BOUND('',#5917,.F.);
#5919=ADVANCED_FACE('',(#5918),#5912,.T.);
#5920=CARTESIAN_POINT('',(-1.75E0,0.E0,0.E0));
#5921=DIRECTION('',(1.E0,0.E0,0.E0));
#5922=DIRECTION('',(0.E0,0.E0,-1.E0));
#5923=AXIS2_PLACEMENT_3D('',#5920,#5921,#5922);
#5924=PLANE('',#5923);
#5926=ORIENTED_EDGE('',*,*,#5925,.F.);
#5928=ORIENTED_EDGE('',*,*,#5927,.F.);
#5930=ORIENTED_EDGE('',*,*,#5929,.T.);
#5932=ORIENTED_EDGE('',*,*,#5931,.F.);
#5933=ORIENTED_EDGE('',*,*,#5023,.F.);
#5935=ORIENTED_EDGE('',*,*,#5934,.F.);
#5936=EDGE_LOOP('',(#5926,#5928,#5930,#5932,#5933,#5935));
#5937=FACE_OUTER_BOUND('',#5936,.F.);
#5938=ADVANCED_FACE('',(#5937),#5924,.T.);
#5939=CARTESIAN_POINT('',(-1.75E0,0.E0,0.E0));
#5940=DIRECTION('',(1.E0,0.E0,0.E0));
#5941=DIRECTION('',(0.E0,0.E0,-1.E0));
#5942=AXIS2_PLACEMENT_3D('',#5939,#5940,#5941);
#5943=PLANE('',#5942);
#5945=ORIENTED_EDGE('',*,*,#5944,.F.);
#5947=ORIENTED_EDGE('',*,*,#5946,.F.);
#5948=ORIENTED_EDGE('',*,*,#3742,.F.);
#5950=ORIENTED_EDGE('',*,*,#5949,.F.);
#5951=EDGE_LOOP('',(#5945,#5947,#5948,#5950));
#5952=FACE_OUTER_BOUND('',#5951,.F.);
#5953=ADVANCED_FACE('',(#5952),#5943,.T.);
#5954=CARTESIAN_POINT('',(-1.75E0,1.8E0,3.5E-1));
#5955=DIRECTION('',(0.E0,1.E0,0.E0));
#5956=DIRECTION('',(0.E0,0.E0,-1.E0));
#5957=AXIS2_PLACEMENT_3D('',#5954,#5955,#5956);
#5958=PLANE('',#5957);
#5960=ORIENTED_EDGE('',*,*,#5959,.F.);
#5962=ORIENTED_EDGE('',*,*,#5961,.T.);
#5964=ORIENTED_EDGE('',*,*,#5963,.T.);
#5965=ORIENTED_EDGE('',*,*,#5925,.T.);
#5967=ORIENTED_EDGE('',*,*,#5966,.T.);
#5969=ORIENTED_EDGE('',*,*,#5968,.T.);
#5971=ORIENTED_EDGE('',*,*,#5970,.T.);
#5973=ORIENTED_EDGE('',*,*,#5972,.T.);
#5974=EDGE_LOOP('',(#5960,#5962,#5964,#5965,#5967,#5969,#5971,#5973));
#5975=FACE_OUTER_BOUND('',#5974,.F.);
#5976=ADVANCED_FACE('',(#5975),#5958,.F.);
#5977=CARTESIAN_POINT('',(-1.962582656730E0,1.875E0,2.976556440011E0));
#5978=DIRECTION('',(1.200912898171E-1,-9.363291775690E-1,3.299481070456E-1));
#5979=DIRECTION('',(3.202434395122E-1,3.511234415884E-1,8.798616187882E-1));
#5980=AXIS2_PLACEMENT_3D('',#5977,#5978,#5979);
#5981=PLANE('',#5980);
#5982=ORIENTED_EDGE('',*,*,#5959,.T.);
#5984=ORIENTED_EDGE('',*,*,#5983,.F.);
#5986=ORIENTED_EDGE('',*,*,#5985,.F.);
#5988=ORIENTED_EDGE('',*,*,#5987,.T.);
#5989=EDGE_LOOP('',(#5982,#5984,#5986,#5988));
#5990=FACE_OUTER_BOUND('',#5989,.F.);
#5991=ADVANCED_FACE('',(#5990),#5981,.T.);
#5992=CARTESIAN_POINT('',(-2.127028865368E0,2.05E0,3.036409965093E0));
#5993=DIRECTION('',(-7.597703289711E-1,0.E0,6.501915465577E-1));
#5994=DIRECTION('',(-6.501915465577E-1,0.E0,-7.597703289711E-1));
#5995=AXIS2_PLACEMENT_3D('',#5992,#5993,#5994);
#5996=PLANE('',#5995);
#5998=ORIENTED_EDGE('',*,*,#5997,.F.);
#6000=ORIENTED_EDGE('',*,*,#5999,.F.);
#6002=ORIENTED_EDGE('',*,*,#6001,.T.);
#6003=ORIENTED_EDGE('',*,*,#5983,.T.);
#6004=EDGE_LOOP('',(#5998,#6000,#6002,#6003));
#6005=FACE_OUTER_BOUND('',#6004,.F.);
#6006=ADVANCED_FACE('',(#6005),#5996,.T.);
#6007=CARTESIAN_POINT('',(-2.6E0,2.3E0,1.956217782649E0));
#6008=DIRECTION('',(9.396926207859E-1,0.E0,-3.420201433257E-1));
#6009=DIRECTION('',(3.420201433257E-1,0.E0,9.396926207859E-1));
#6010=AXIS2_PLACEMENT_3D('',#6007,#6008,#6009);
#6011=PLANE('',#6010);
#6012=ORIENTED_EDGE('',*,*,#5997,.T.);
#6013=ORIENTED_EDGE('',*,*,#5972,.F.);
#6015=ORIENTED_EDGE('',*,*,#6014,.F.);
#6017=ORIENTED_EDGE('',*,*,#6016,.T.);
#6018=EDGE_LOOP('',(#6012,#6013,#6015,#6017));
#6019=FACE_OUTER_BOUND('',#6018,.F.);
#6020=ADVANCED_FACE('',(#6019),#6011,.F.);
#6021=CARTESIAN_POINT('',(-2.25E0,2.3E0,6.5E-1));
#6022=DIRECTION('',(9.659258262891E-1,0.E0,2.588190451025E-1));
#6023=DIRECTION('',(-2.588190451025E-1,0.E0,9.659258262891E-1));
#6024=AXIS2_PLACEMENT_3D('',#6021,#6022,#6023);
#6025=PLANE('',#6024);
#6027=ORIENTED_EDGE('',*,*,#6026,.T.);
#6028=ORIENTED_EDGE('',*,*,#6014,.T.);
#6029=ORIENTED_EDGE('',*,*,#5970,.F.);
#6031=ORIENTED_EDGE('',*,*,#6030,.F.);
#6032=EDGE_LOOP('',(#6027,#6028,#6029,#6031));
#6033=FACE_OUTER_BOUND('',#6032,.F.);
#6034=ADVANCED_FACE('',(#6033),#6025,.F.);
#6035=CARTESIAN_POINT('',(-1.75E0,2.3E0,-2.55E0));
#6036=DIRECTION('',(0.E0,-1.E0,0.E0));
#6037=DIRECTION('',(0.E0,0.E0,1.E0));
#6038=AXIS2_PLACEMENT_3D('',#6035,#6036,#6037);
#6039=PLANE('',#6038);
#6041=ORIENTED_EDGE('',*,*,#6040,.F.);
#6042=ORIENTED_EDGE('',*,*,#6016,.F.);
#6043=ORIENTED_EDGE('',*,*,#6026,.F.);
#6045=ORIENTED_EDGE('',*,*,#6044,.F.);
#6047=ORIENTED_EDGE('',*,*,#6046,.F.);
#6048=ORIENTED_EDGE('',*,*,#5929,.F.);
#6050=ORIENTED_EDGE('',*,*,#6049,.F.);
#6052=ORIENTED_EDGE('',*,*,#6051,.F.);
#6053=EDGE_LOOP('',(#6041,#6042,#6043,#6045,#6047,#6048,#6050,#6052));
#6054=FACE_OUTER_BOUND('',#6053,.F.);
#6055=ADVANCED_FACE('',(#6054),#6039,.F.);
#6056=CARTESIAN_POINT('',(-1.962582656730E0,2.225E0,2.976556440011E0));
#6057=DIRECTION('',(1.200912898171E-1,9.363291775690E-1,3.299481070456E-1));
#6058=DIRECTION('',(3.202434395122E-1,-3.511234415884E-1,8.798616187882E-1));
#6059=AXIS2_PLACEMENT_3D('',#6056,#6057,#6058);
#6060=PLANE('',#6059);
#6062=ORIENTED_EDGE('',*,*,#6061,.F.);
#6063=ORIENTED_EDGE('',*,*,#5999,.T.);
#6064=ORIENTED_EDGE('',*,*,#6040,.T.);
#6066=ORIENTED_EDGE('',*,*,#6065,.T.);
#6067=EDGE_LOOP('',(#6062,#6063,#6064,#6066));
#6068=FACE_OUTER_BOUND('',#6067,.F.);
#6069=ADVANCED_FACE('',(#6068),#6060,.T.);
#6070=CARTESIAN_POINT('',(-2.129101783261E0,2.3E0,3.25E0));
#6071=DIRECTION('',(-3.420201433257E-1,0.E0,-9.396926207859E-1));
#6072=DIRECTION('',(9.396926207859E-1,0.E0,-3.420201433257E-1));
#6073=AXIS2_PLACEMENT_3D('',#6070,#6071,#6072);
#6074=PLANE('',#6073);
#6076=ORIENTED_EDGE('',*,*,#6075,.T.);
#6077=ORIENTED_EDGE('',*,*,#5985,.T.);
#6078=ORIENTED_EDGE('',*,*,#6001,.F.);
#6079=ORIENTED_EDGE('',*,*,#6061,.T.);
#6080=EDGE_LOOP('',(#6076,#6077,#6078,#6079));
#6081=FACE_OUTER_BOUND('',#6080,.F.);
#6082=ADVANCED_FACE('',(#6081),#6074,.F.);
#6083=CARTESIAN_POINT('',(-1.798136448092E0,2.05E0,2.916702914929E0));
#6084=DIRECTION('',(9.999529086052E-1,0.E0,9.704667533393E-3));
#6085=DIRECTION('',(-9.704667533393E-3,0.E0,9.999529086052E-1));
#6086=AXIS2_PLACEMENT_3D('',#6083,#6084,#6085);
#6087=PLANE('',#6086);
#6088=ORIENTED_EDGE('',*,*,#6075,.F.);
#6089=ORIENTED_EDGE('',*,*,#6065,.F.);
#6091=ORIENTED_EDGE('',*,*,#6090,.T.);
#6092=ORIENTED_EDGE('',*,*,#5987,.F.);
#6093=EDGE_LOOP('',(#6088,#6089,#6091,#6092));
#6094=FACE_OUTER_BOUND('',#6093,.F.);
#6095=ADVANCED_FACE('',(#6094),#6087,.T.);
#6096=CARTESIAN_POINT('',(-1.659255472868E0,2.3E0,3.078989928337E0));
#6097=DIRECTION('',(-9.396926207859E-1,0.E0,3.420201433257E-1));
#6098=DIRECTION('',(-3.420201433257E-1,0.E0,-9.396926207859E-1));
#6099=AXIS2_PLACEMENT_3D('',#6096,#6097,#6098);
#6100=PLANE('',#6099);
#6101=ORIENTED_EDGE('',*,*,#6090,.F.);
#6102=ORIENTED_EDGE('',*,*,#6051,.T.);
#6104=ORIENTED_EDGE('',*,*,#6103,.T.);
#6105=ORIENTED_EDGE('',*,*,#5961,.F.);
#6106=EDGE_LOOP('',(#6101,#6102,#6104,#6105));
#6107=FACE_OUTER_BOUND('',#6106,.F.);
#6108=ADVANCED_FACE('',(#6107),#6100,.F.);
#6109=CARTESIAN_POINT('',(-2.086393532482E0,2.3E0,1.905437754560E0));
#6110=DIRECTION('',(-9.659258262891E-1,0.E0,-2.588190451025E-1));
#6111=DIRECTION('',(2.588190451025E-1,0.E0,-9.659258262891E-1));
#6112=AXIS2_PLACEMENT_3D('',#6109,#6110,#6111);
#6113=PLANE('',#6112);
#6114=ORIENTED_EDGE('',*,*,#6049,.T.);
#6115=ORIENTED_EDGE('',*,*,#5927,.T.);
#6116=ORIENTED_EDGE('',*,*,#5963,.F.);
#6117=ORIENTED_EDGE('',*,*,#6103,.F.);
#6118=EDGE_LOOP('',(#6114,#6115,#6116,#6117));
#6119=FACE_OUTER_BOUND('',#6118,.F.);
#6120=ADVANCED_FACE('',(#6119),#6113,.F.);
#6121=CARTESIAN_POINT('',(-2.25E0,0.E0,0.E0));
#6122=DIRECTION('',(1.E0,0.E0,0.E0));
#6123=DIRECTION('',(0.E0,0.E0,-1.E0));
#6124=AXIS2_PLACEMENT_3D('',#6121,#6122,#6123);
#6125=PLANE('',#6124);
#6126=ORIENTED_EDGE('',*,*,#6044,.T.);
#6127=ORIENTED_EDGE('',*,*,#6030,.T.);
#6128=ORIENTED_EDGE('',*,*,#5968,.F.);
#6130=ORIENTED_EDGE('',*,*,#6129,.T.);
#6131=ORIENTED_EDGE('',*,*,#5027,.F.);
#6133=ORIENTED_EDGE('',*,*,#6132,.T.);
#6134=EDGE_LOOP('',(#6126,#6127,#6128,#6130,#6131,#6133));
#6135=FACE_OUTER_BOUND('',#6134,.F.);
#6136=ADVANCED_FACE('',(#6135),#6125,.F.);
#6137=CARTESIAN_POINT('',(-2.25E0,0.E0,0.E0));
#6138=DIRECTION('',(1.E0,0.E0,0.E0));
#6139=DIRECTION('',(0.E0,0.E0,-1.E0));
#6140=AXIS2_PLACEMENT_3D('',#6137,#6138,#6139);
#6141=PLANE('',#6140);
#6143=ORIENTED_EDGE('',*,*,#6142,.F.);
#6145=ORIENTED_EDGE('',*,*,#6144,.T.);
#6146=ORIENTED_EDGE('',*,*,#3746,.T.);
#6148=ORIENTED_EDGE('',*,*,#6147,.T.);
#6149=EDGE_LOOP('',(#6143,#6145,#6146,#6148));
#6150=FACE_OUTER_BOUND('',#6149,.F.);
#6151=ADVANCED_FACE('',(#6150),#6141,.F.);
#6152=CARTESIAN_POINT('',(-1.75E0,2.6E0,-2.45E0));
#6153=DIRECTION('',(1.E0,0.E0,0.E0));
#6154=DIRECTION('',(0.E0,0.E0,-1.E0));
#6155=AXIS2_PLACEMENT_3D('',#6152,#6153,#6154);
#6156=CYLINDRICAL_SURFACE('',#6155,8.E-1);
#6157=ORIENTED_EDGE('',*,*,#5934,.T.);
#6158=ORIENTED_EDGE('',*,*,#5029,.F.);
#6159=ORIENTED_EDGE('',*,*,#6129,.F.);
#6160=ORIENTED_EDGE('',*,*,#5966,.F.);
#6161=EDGE_LOOP('',(#6157,#6158,#6159,#6160));
#6162=FACE_OUTER_BOUND('',#6161,.F.);
#6163=ADVANCED_FACE('',(#6162),#6156,.T.);
#6164=CARTESIAN_POINT('',(-1.75E0,2.5E0,-2.55E0));
#6165=DIRECTION('',(1.E0,0.E0,0.E0));
#6166=DIRECTION('',(0.E0,0.E0,-1.E0));
#6167=AXIS2_PLACEMENT_3D('',#6164,#6165,#6166);
#6168=CYLINDRICAL_SURFACE('',#6167,2.E-1);
#6169=ORIENTED_EDGE('',*,*,#5931,.T.);
#6170=ORIENTED_EDGE('',*,*,#6046,.T.);
#6171=ORIENTED_EDGE('',*,*,#6132,.F.);
#6172=ORIENTED_EDGE('',*,*,#5025,.T.);
#6173=EDGE_LOOP('',(#6169,#6170,#6171,#6172));
#6174=FACE_OUTER_BOUND('',#6173,.F.);
#6175=ADVANCED_FACE('',(#6174),#6168,.F.);
#6176=CARTESIAN_POINT('',(-2.175E0,7.8E0,-3.E0));
#6177=DIRECTION('',(-9.363291775690E-1,3.511234415884E-1,0.E0));
#6178=DIRECTION('',(3.511234415884E-1,9.363291775690E-1,0.E0));
#6179=AXIS2_PLACEMENT_3D('',#6176,#6177,#6178);
#6180=PLANE('',#6179);
#6181=ORIENTED_EDGE('',*,*,#6142,.T.);
#6183=ORIENTED_EDGE('',*,*,#6182,.F.);
#6185=ORIENTED_EDGE('',*,*,#6184,.F.);
#6187=ORIENTED_EDGE('',*,*,#6186,.T.);
#6188=EDGE_LOOP('',(#6181,#6183,#6185,#6187));
#6189=FACE_OUTER_BOUND('',#6188,.F.);
#6190=ADVANCED_FACE('',(#6189),#6180,.T.);
#6191=CARTESIAN_POINT('',(-2.E0,7.8E0,-3.175E0));
#6192=DIRECTION('',(0.E0,3.511234415884E-1,-9.363291775690E-1));
#6193=DIRECTION('',(0.E0,-9.363291775690E-1,-3.511234415884E-1));
#6194=AXIS2_PLACEMENT_3D('',#6191,#6192,#6193);
#6195=PLANE('',#6194);
#6197=ORIENTED_EDGE('',*,*,#6196,.F.);
#6199=ORIENTED_EDGE('',*,*,#6198,.F.);
#6201=ORIENTED_EDGE('',*,*,#6200,.T.);
#6202=ORIENTED_EDGE('',*,*,#6182,.T.);
#6203=EDGE_LOOP('',(#6197,#6199,#6201,#6202));
#6204=FACE_OUTER_BOUND('',#6203,.F.);
#6205=ADVANCED_FACE('',(#6204),#6195,.T.);
#6206=CARTESIAN_POINT('',(-1.75E0,2.6E0,-3.25E0));
#6207=DIRECTION('',(0.E0,0.E0,1.E0));
#6208=DIRECTION('',(0.E0,1.E0,0.E0));
#6209=AXIS2_PLACEMENT_3D('',#6206,#6207,#6208);
#6210=PLANE('',#6209);
#6211=ORIENTED_EDGE('',*,*,#6196,.T.);
#6212=ORIENTED_EDGE('',*,*,#6147,.F.);
#6213=ORIENTED_EDGE('',*,*,#3744,.F.);
#6214=ORIENTED_EDGE('',*,*,#5946,.T.);
#6215=EDGE_LOOP('',(#6211,#6212,#6213,#6214));
#6216=FACE_OUTER_BOUND('',#6215,.F.);
#6217=ADVANCED_FACE('',(#6216),#6210,.F.);
#6218=CARTESIAN_POINT('',(-1.825E0,7.8E0,-3.E0));
#6219=DIRECTION('',(9.363291775690E-1,3.511234415884E-1,0.E0));
#6220=DIRECTION('',(-3.511234415884E-1,9.363291775690E-1,0.E0));
#6221=AXIS2_PLACEMENT_3D('',#6218,#6219,#6220);
#6222=PLANE('',#6221);
#6224=ORIENTED_EDGE('',*,*,#6223,.F.);
#6225=ORIENTED_EDGE('',*,*,#6198,.T.);
#6226=ORIENTED_EDGE('',*,*,#5944,.T.);
#6228=ORIENTED_EDGE('',*,*,#6227,.F.);
#6229=EDGE_LOOP('',(#6224,#6225,#6226,#6228));
#6230=FACE_OUTER_BOUND('',#6229,.F.);
#6231=ADVANCED_FACE('',(#6230),#6222,.T.);
#6232=CARTESIAN_POINT('',(-1.75E0,8.E0,-3.25E0));
#6233=DIRECTION('',(0.E0,-1.E0,0.E0));
#6234=DIRECTION('',(0.E0,0.E0,1.E0));
#6235=AXIS2_PLACEMENT_3D('',#6232,#6233,#6234);
#6236=PLANE('',#6235);
#6238=ORIENTED_EDGE('',*,*,#6237,.T.);
#6239=ORIENTED_EDGE('',*,*,#6184,.T.);
#6240=ORIENTED_EDGE('',*,*,#6200,.F.);
#6241=ORIENTED_EDGE('',*,*,#6223,.T.);
#6242=EDGE_LOOP('',(#6238,#6239,#6240,#6241));
#6243=FACE_OUTER_BOUND('',#6242,.F.);
#6244=ADVANCED_FACE('',(#6243),#6236,.F.);
#6245=CARTESIAN_POINT('',(-2.E0,7.8E0,-2.825E0));
#6246=DIRECTION('',(0.E0,3.511234415884E-1,9.363291775690E-1));
#6247=DIRECTION('',(0.E0,9.363291775690E-1,-3.511234415884E-1));
#6248=AXIS2_PLACEMENT_3D('',#6245,#6246,#6247);
#6249=PLANE('',#6248);
#6250=ORIENTED_EDGE('',*,*,#6237,.F.);
#6251=ORIENTED_EDGE('',*,*,#6227,.T.);
#6253=ORIENTED_EDGE('',*,*,#6252,.T.);
#6254=ORIENTED_EDGE('',*,*,#6186,.F.);
#6255=EDGE_LOOP('',(#6250,#6251,#6253,#6254));
#6256=FACE_OUTER_BOUND('',#6255,.F.);
#6257=ADVANCED_FACE('',(#6256),#6249,.T.);
#6258=CARTESIAN_POINT('',(-1.75E0,8.E0,-2.75E0));
#6259=DIRECTION('',(0.E0,0.E0,-1.E0));
#6260=DIRECTION('',(0.E0,-1.E0,0.E0));
#6261=AXIS2_PLACEMENT_3D('',#6258,#6259,#6260);
#6262=PLANE('',#6261);
#6263=ORIENTED_EDGE('',*,*,#6252,.F.);
#6264=ORIENTED_EDGE('',*,*,#5949,.T.);
#6265=ORIENTED_EDGE('',*,*,#3748,.T.);
#6266=ORIENTED_EDGE('',*,*,#6144,.F.);
#6267=EDGE_LOOP('',(#6263,#6264,#6265,#6266));
#6268=FACE_OUTER_BOUND('',#6267,.F.);
#6269=ADVANCED_FACE('',(#6268),#6262,.F.);
#6270=CARTESIAN_POINT('',(3.25E0,2.55E0,0.E0));
#6271=DIRECTION('',(0.E0,-1.E0,0.E0));
#6272=DIRECTION('',(1.E0,0.E0,0.E0));
#6273=AXIS2_PLACEMENT_3D('',#6270,#6271,#6272);
#6274=PLANE('',#6273);
#6275=ORIENTED_EDGE('',*,*,#4176,.F.);
#6277=ORIENTED_EDGE('',*,*,#6276,.F.);
#6279=ORIENTED_EDGE('',*,*,#6278,.F.);
#6280=ORIENTED_EDGE('',*,*,#4424,.F.);
#6281=EDGE_LOOP('',(#6275,#6277,#6279,#6280));
#6282=FACE_OUTER_BOUND('',#6281,.F.);
#6283=ADVANCED_FACE('',(#6282),#6274,.T.);
#6284=CARTESIAN_POINT('',(3.25E0,2.55E0,0.E0));
#6285=DIRECTION('',(0.E0,-1.E0,0.E0));
#6286=DIRECTION('',(1.E0,0.E0,0.E0));
#6287=AXIS2_PLACEMENT_3D('',#6284,#6285,#6286);
#6288=PLANE('',#6287);
#6290=ORIENTED_EDGE('',*,*,#6289,.T.);
#6292=ORIENTED_EDGE('',*,*,#6291,.T.);
#6294=ORIENTED_EDGE('',*,*,#6293,.F.);
#6296=ORIENTED_EDGE('',*,*,#6295,.T.);
#6297=EDGE_LOOP('',(#6290,#6292,#6294,#6296));
#6298=FACE_OUTER_BOUND('',#6297,.F.);
#6299=ADVANCED_FACE('',(#6298),#6288,.T.);
#6300=CARTESIAN_POINT('',(3.25E0,2.55E0,0.E0));
#6301=DIRECTION('',(0.E0,-1.E0,0.E0));
#6302=DIRECTION('',(1.E0,0.E0,0.E0));
#6303=AXIS2_PLACEMENT_3D('',#6300,#6301,#6302);
#6304=PLANE('',#6303);
#6306=ORIENTED_EDGE('',*,*,#6305,.F.);
#6307=ORIENTED_EDGE('',*,*,#4200,.F.);
#6308=ORIENTED_EDGE('',*,*,#4095,.T.);
#6310=ORIENTED_EDGE('',*,*,#6309,.F.);
#6311=EDGE_LOOP('',(#6306,#6307,#6308,#6310));
#6312=FACE_OUTER_BOUND('',#6311,.F.);
#6313=ADVANCED_FACE('',(#6312),#6304,.T.);
#6314=CARTESIAN_POINT('',(-3.39E0,2.35E0,-4.9E0));
#6315=DIRECTION('',(-1.E0,0.E0,0.E0));
#6316=DIRECTION('',(0.E0,0.E0,-1.E0));
#6317=AXIS2_PLACEMENT_3D('',#6314,#6315,#6316);
#6318=PLANE('',#6317);
#6319=ORIENTED_EDGE('',*,*,#4174,.T.);
#6320=ORIENTED_EDGE('',*,*,#4142,.F.);
#6322=ORIENTED_EDGE('',*,*,#6321,.T.);
#6323=ORIENTED_EDGE('',*,*,#6276,.T.);
#6324=EDGE_LOOP('',(#6319,#6320,#6322,#6323));
#6325=FACE_OUTER_BOUND('',#6324,.F.);
#6326=ADVANCED_FACE('',(#6325),#6318,.F.);
#6327=CARTESIAN_POINT('',(3.39E0,2.35E0,-4.9E0));
#6328=DIRECTION('',(0.E0,0.E0,1.E0));
#6329=DIRECTION('',(-1.E0,0.E0,0.E0));
#6330=AXIS2_PLACEMENT_3D('',#6327,#6328,#6329);
#6331=PLANE('',#6330);
#6332=ORIENTED_EDGE('',*,*,#4093,.T.);
#6333=ORIENTED_EDGE('',*,*,#4156,.F.);
#6335=ORIENTED_EDGE('',*,*,#6334,.T.);
#6336=ORIENTED_EDGE('',*,*,#6309,.T.);
#6337=EDGE_LOOP('',(#6332,#6333,#6335,#6336));
#6338=FACE_OUTER_BOUND('',#6337,.F.);
#6339=ADVANCED_FACE('',(#6338),#6331,.F.);
#6340=CARTESIAN_POINT('',(3.39E0,2.35E0,-4.9E0));
#6341=DIRECTION('',(0.E0,0.E0,1.E0));
#6342=DIRECTION('',(-1.E0,0.E0,0.E0));
#6343=AXIS2_PLACEMENT_3D('',#6340,#6341,#6342);
#6344=PLANE('',#6343);
#6345=ORIENTED_EDGE('',*,*,#4426,.F.);
#6346=ORIENTED_EDGE('',*,*,#6278,.T.);
#6347=ORIENTED_EDGE('',*,*,#6321,.F.);
#6348=ORIENTED_EDGE('',*,*,#4140,.F.);
#6349=EDGE_LOOP('',(#6345,#6346,#6347,#6348));
#6350=FACE_OUTER_BOUND('',#6349,.F.);
#6351=ADVANCED_FACE('',(#6350),#6344,.F.);
#6352=CARTESIAN_POINT('',(3.39E0,2.35E0,-5.8E0));
#6353=DIRECTION('',(1.E0,0.E0,0.E0));
#6354=DIRECTION('',(0.E0,0.E0,1.E0));
#6355=AXIS2_PLACEMENT_3D('',#6352,#6353,#6354);
#6356=PLANE('',#6355);
#6357=ORIENTED_EDGE('',*,*,#4202,.F.);
#6358=ORIENTED_EDGE('',*,*,#6305,.T.);
#6359=ORIENTED_EDGE('',*,*,#6334,.F.);
#6360=ORIENTED_EDGE('',*,*,#4154,.F.);
#6361=EDGE_LOOP('',(#6357,#6358,#6359,#6360));
#6362=FACE_OUTER_BOUND('',#6361,.F.);
#6363=ADVANCED_FACE('',(#6362),#6356,.F.);
#6364=CARTESIAN_POINT('',(3.25E0,2.35E0,-4.9E0));
#6365=DIRECTION('',(0.E0,0.E0,-1.E0));
#6366=DIRECTION('',(0.E0,1.E0,0.E0));
#6367=AXIS2_PLACEMENT_3D('',#6364,#6365,#6366);
#6368=PLANE('',#6367);
#6369=ORIENTED_EDGE('',*,*,#6289,.F.);
#6371=ORIENTED_EDGE('',*,*,#6370,.T.);
#6372=ORIENTED_EDGE('',*,*,#3523,.F.);
#6374=ORIENTED_EDGE('',*,*,#6373,.F.);
#6375=EDGE_LOOP('',(#6369,#6371,#6372,#6374));
#6376=FACE_OUTER_BOUND('',#6375,.F.);
#6377=ADVANCED_FACE('',(#6376),#6368,.F.);
#6378=CARTESIAN_POINT('',(-2.2E0,2.35E0,-5.8E0));
#6379=DIRECTION('',(1.E0,0.E0,0.E0));
#6380=DIRECTION('',(0.E0,0.E0,1.E0));
#6381=AXIS2_PLACEMENT_3D('',#6378,#6379,#6380);
#6382=PLANE('',#6381);
#6383=ORIENTED_EDGE('',*,*,#6295,.F.);
#6385=ORIENTED_EDGE('',*,*,#6384,.T.);
#6386=ORIENTED_EDGE('',*,*,#3525,.T.);
#6387=ORIENTED_EDGE('',*,*,#6370,.F.);
#6388=EDGE_LOOP('',(#6383,#6385,#6386,#6387));
#6389=FACE_OUTER_BOUND('',#6388,.F.);
#6390=ADVANCED_FACE('',(#6389),#6382,.F.);
#6391=CARTESIAN_POINT('',(-2.2E0,2.35E0,-5.8E0));
#6392=DIRECTION('',(0.E0,0.E0,-1.E0));
#6393=DIRECTION('',(0.E0,1.E0,0.E0));
#6394=AXIS2_PLACEMENT_3D('',#6391,#6392,#6393);
#6395=PLANE('',#6394);
#6396=ORIENTED_EDGE('',*,*,#3519,.F.);
#6397=ORIENTED_EDGE('',*,*,#3430,.T.);
#6398=ORIENTED_EDGE('',*,*,#3467,.T.);
#6399=ORIENTED_EDGE('',*,*,#3480,.F.);
#6400=ORIENTED_EDGE('',*,*,#3527,.F.);
#6401=ORIENTED_EDGE('',*,*,#6384,.F.);
#6402=ORIENTED_EDGE('',*,*,#6293,.T.);
#6404=ORIENTED_EDGE('',*,*,#6403,.T.);
#6405=EDGE_LOOP('',(#6396,#6397,#6398,#6399,#6400,#6401,#6402,#6404));
#6406=FACE_OUTER_BOUND('',#6405,.F.);
#6407=ADVANCED_FACE('',(#6406),#6395,.T.);
#6408=CARTESIAN_POINT('',(2.2E0,2.35E0,-4.6E0));
#6409=DIRECTION('',(-1.E0,0.E0,0.E0));
#6410=DIRECTION('',(0.E0,0.E0,-1.E0));
#6411=AXIS2_PLACEMENT_3D('',#6408,#6409,#6410);
#6412=PLANE('',#6411);
#6413=ORIENTED_EDGE('',*,*,#6291,.F.);
#6414=ORIENTED_EDGE('',*,*,#6373,.T.);
#6415=ORIENTED_EDGE('',*,*,#3521,.T.);
#6416=ORIENTED_EDGE('',*,*,#6403,.F.);
#6417=EDGE_LOOP('',(#6413,#6414,#6415,#6416));
#6418=FACE_OUTER_BOUND('',#6417,.F.);
#6419=ADVANCED_FACE('',(#6418),#6412,.F.);
#6420=CARTESIAN_POINT('',(4.1E0,1.125E1,-1.95E0));
#6421=DIRECTION('',(0.E0,0.E0,-1.E0));
#6422=DIRECTION('',(-1.E0,0.E0,0.E0));
#6423=AXIS2_PLACEMENT_3D('',#6420,#6421,#6422);
#6424=PLANE('',#6423);
#6426=ORIENTED_EDGE('',*,*,#6425,.T.);
#6427=ORIENTED_EDGE('',*,*,#3687,.T.);
#6428=ORIENTED_EDGE('',*,*,#3287,.F.);
#6429=ORIENTED_EDGE('',*,*,#3246,.F.);
#6430=EDGE_LOOP('',(#6426,#6427,#6428,#6429));
#6431=FACE_OUTER_BOUND('',#6430,.F.);
#6432=ADVANCED_FACE('',(#6431),#6424,.F.);
#6433=CARTESIAN_POINT('',(4.1E0,1.125E1,-1.85E0));
#6434=DIRECTION('',(0.E0,1.E0,0.E0));
#6435=DIRECTION('',(1.E0,0.E0,0.E0));
#6436=AXIS2_PLACEMENT_3D('',#6433,#6434,#6435);
#6437=CYLINDRICAL_SURFACE('',#6436,1.E-1);
#6438=ORIENTED_EDGE('',*,*,#3196,.T.);
#6439=ORIENTED_EDGE('',*,*,#3689,.T.);
#6440=ORIENTED_EDGE('',*,*,#6425,.F.);
#6441=ORIENTED_EDGE('',*,*,#3244,.F.);
#6442=EDGE_LOOP('',(#6438,#6439,#6440,#6441));
#6443=FACE_OUTER_BOUND('',#6442,.F.);
#6444=ADVANCED_FACE('',(#6443),#6437,.F.);
#6445=CLOSED_SHELL('',(#3084,#3099,#3125,#3153,#3168,#3182,#3202,#3216,#3230,
#3250,#3270,#3295,#3310,#3332,#3352,#3367,#3385,#3403,#3420,#3443,#3458,#3472,
#3493,#3531,#3545,#3559,#3575,#3591,#3611,#3625,#3641,#3654,#3752,#3767,#3815,
#3829,#3842,#3854,#3868,#3882,#3895,#3907,#3921,#3935,#3948,#3960,#3974,#3988,
#4001,#4013,#4025,#4039,#4060,#4073,#4085,#4130,#4146,#4161,#4187,#4210,#4224,
#4241,#4259,#4273,#4287,#4301,#4315,#4329,#4346,#4365,#4378,#4391,#4430,#4443,
#4456,#4475,#4489,#4522,#4534,#4547,#4561,#4574,#4588,#4605,#4621,#4636,#4650,
#4669,#4682,#4697,#4711,#4729,#4742,#4754,#4774,#4787,#4799,#4812,#4825,#4841,
#4853,#4865,#4878,#4891,#4904,#4916,#4930,#4943,#4956,#5033,#5048,#5062,#5076,
#5089,#5101,#5116,#5130,#5144,#5157,#5169,#5183,#5197,#5210,#5222,#5236,#5250,
#5263,#5275,#5287,#5306,#5321,#5336,#5351,#5365,#5378,#5395,#5410,#5424,#5438,
#5450,#5463,#5475,#5490,#5505,#5519,#5532,#5545,#5557,#5569,#5588,#5603,#5626,
#5641,#5656,#5670,#5684,#5701,#5716,#5736,#5750,#5763,#5776,#5789,#5801,#5813,
#5825,#5840,#5855,#5869,#5881,#5894,#5907,#5919,#5938,#5953,#5976,#5991,#6006,
#6020,#6034,#6055,#6069,#6082,#6095,#6108,#6120,#6136,#6151,#6163,#6175,#6190,
#6205,#6217,#6231,#6244,#6257,#6269,#6283,#6299,#6313,#6326,#6339,#6351,#6363,
#6377,#6390,#6407,#6419,#6432,#6444));
#6446=MANIFOLD_SOLID_BREP('',#6445);
#6447=CARTESIAN_POINT('',(0.E0,0.E0,0.E0));
#6448=DIRECTION('',(0.E0,0.E0,1.E0));
#6449=DIRECTION('',(1.E0,0.E0,0.E0));
#6450=AXIS2_PLACEMENT_3D('CSYS',#6447,#6448,#6449);
#6451=CARTESIAN_POINT('',(2.E0,2.05E0,0.E0));
#6452=DIRECTION('',(0.E0,0.E0,1.E0));
#6453=DIRECTION('',(1.E0,0.E0,0.E0));
#6454=AXIS2_PLACEMENT_3D('',#6451,#6452,#6453);
#6458=CARTESIAN_POINT('',(2.E0,2.05E0,0.E0));
#6459=DIRECTION('',(0.E0,0.E0,1.E0));
#6460=DIRECTION('',(-1.E0,0.E0,0.E0));
#6461=AXIS2_PLACEMENT_3D('',#6458,#6459,#6460);
#6467=CARTESIAN_POINT('',(0.E0,2.05E0,0.E0));
#6468=DIRECTION('',(0.E0,0.E0,1.E0));
#6469=DIRECTION('',(1.E0,0.E0,0.E0));
#6470=AXIS2_PLACEMENT_3D('',#6467,#6468,#6469);
#6474=CARTESIAN_POINT('',(0.E0,2.05E0,0.E0));
#6475=DIRECTION('',(0.E0,0.E0,1.E0));
#6476=DIRECTION('',(-1.E0,0.E0,0.E0));
#6477=AXIS2_PLACEMENT_3D('',#6474,#6475,#6476);
#6482=CARTESIAN_POINT('',(-2.E0,2.05E0,0.E0));
#6483=DIRECTION('',(0.E0,0.E0,1.E0));
#6484=DIRECTION('',(1.E0,0.E0,0.E0));
#6485=AXIS2_PLACEMENT_3D('',#6482,#6483,#6484);
#6489=CARTESIAN_POINT('',(-2.E0,2.05E0,0.E0));
#6490=DIRECTION('',(0.E0,0.E0,1.E0));
#6491=DIRECTION('',(-1.E0,0.E0,0.E0));
#6492=AXIS2_PLACEMENT_3D('',#6489,#6490,#6491);
#6497=DIRECTION('',(0.E0,0.E0,-1.E0));
#6498=VECTOR('',#6497,8.E-1);
#6499=CARTESIAN_POINT('',(-4.2E0,9.25E0,-2.4E0));
#6500=LINE('',#6499,#6498);
#6502=DIRECTION('',(-1.E0,0.E0,0.E0));
#6503=VECTOR('',#6502,1.E-1);
#6504=CARTESIAN_POINT('',(-4.2E0,9.25E0,-3.2E0));
#6505=LINE('',#6504,#6503);
#6507=DIRECTION('',(-6.428712937139E-1,0.E0,7.659742160926E-1));
#6508=VECTOR('',#6507,1.555521314730E-1);
#6509=CARTESIAN_POINT('',(-4.3E0,9.25E0,-3.2E0));
#6510=LINE('',#6509,#6508);
#6512=DIRECTION('',(0.E0,0.E0,1.E0));
#6513=VECTOR('',#6512,1.361702442169E-1);
#6514=CARTESIAN_POINT('',(-4.4E0,9.25E0,-3.080851078033E0));
#6515=LINE('',#6514,#6513);
#6517=DIRECTION('',(6.428711427642E-1,0.E0,-7.659743427825E-1));
#6518=VECTOR('',#6517,1.555521679975E-1);
#6519=CARTESIAN_POINT('',(-4.4E0,9.25E0,-2.944680833817E0));
#6520=LINE('',#6519,#6518);
#6522=DIRECTION('',(0.E0,0.E0,1.E0));
#6523=VECTOR('',#6522,6.638298034668E-1);
#6524=CARTESIAN_POINT('',(-4.3E0,9.25E0,-3.063829803467E0));
#6525=LINE('',#6524,#6523);
#6527=DIRECTION('',(1.E0,0.E0,0.E0));
#6528=VECTOR('',#6527,1.E-1);
#6529=CARTESIAN_POINT('',(-4.3E0,9.25E0,-2.4E0));
#6530=LINE('',#6529,#6528);
#6533=DIMENSIONAL_EXPONENTS(0.E0,0.E0,0.E0,0.E0,0.E0,0.E0,0.E0);
#6535=PLANE_ANGLE_MEASURE_WITH_UNIT(PLANE_ANGLE_MEASURE(1.745329251994E-2),
#6534);
#6536=(CONVERSION_BASED_UNIT('DEGREE',#6535)NAMED_UNIT(*)PLANE_ANGLE_UNIT());
#6538=UNCERTAINTY_MEASURE_WITH_UNIT(LENGTH_MEASURE(1.E-3),#6532,'closure',
'Maximum model space distance between geometric entities at asserted connectivities');
#6539=(GEOMETRIC_REPRESENTATION_CONTEXT(3)GLOBAL_UNCERTAINTY_ASSIGNED_CONTEXT((
#6538))GLOBAL_UNIT_ASSIGNED_CONTEXT((#6532,#6536,#6537))REPRESENTATION_CONTEXT(
'ID1','3'));
#6466=GEOMETRIC_SET('',(#6465,#6481,#6496,#6501,#6506,#6511,#6516,#6521,#6526,
#6531));
#6543=SHAPE_REPRESENTATION_RELATIONSHIP('','',#6542,#6540);
#6544=SHAPE_REPRESENTATION_RELATIONSHIP('','',#6542,#6541);
#6545=APPLICATION_CONTEXT(
'CONFIGURATION CONTROLLED 3D DESIGNS OF MECHANICAL PARTS AND ASSEMBLIES');
#6546=APPLICATION_PROTOCOL_DEFINITION('international standard',
'config_control_design',1994,#6545);
#6547=DESIGN_CONTEXT('',#6545,'design');
#6548=MECHANICAL_CONTEXT('',#6545,'mechanical');
#6549=PRODUCT('559350330','559350330','NOT SPECIFIED',(#6548));
#6550=PRODUCT_DEFINITION_FORMATION_WITH_SPECIFIED_SOURCE('3','LAST_VERSION',
#6549,.MADE.);
#6554=PRODUCT_CATEGORY('part','');
#6555=PRODUCT_RELATED_PRODUCT_CATEGORY('detail','',(#6549));
#6556=PRODUCT_CATEGORY_RELATIONSHIP('','',#6554,#6555);
#6557=SECURITY_CLASSIFICATION_LEVEL('unclassified');
#6558=SECURITY_CLASSIFICATION('','',#6557);
#6559=CC_DESIGN_SECURITY_CLASSIFICATION(#6558,(#6550));
#6560=APPROVAL_STATUS('approved');
#6561=APPROVAL(#6560,'');
#6562=CC_DESIGN_APPROVAL(#6561,(#6558,#6550,#6551));
#6563=CALENDAR_DATE(116,16,9);
#6564=COORDINATED_UNIVERSAL_TIME_OFFSET(5,30,.AHEAD.);
#6565=LOCAL_TIME(13,48,3.5E1,#6564);
#6566=DATE_AND_TIME(#6563,#6565);
#6567=APPROVAL_DATE_TIME(#6566,#6561);
#6568=DATE_TIME_ROLE('creation_date');
#6569=CC_DESIGN_DATE_AND_TIME_ASSIGNMENT(#6566,#6568,(#6551));
#6570=DATE_TIME_ROLE('classification_date');
#6571=CC_DESIGN_DATE_AND_TIME_ASSIGNMENT(#6566,#6570,(#6558));
#6572=PERSON('UNSPECIFIED','UNSPECIFIED',$,$,$,$);
#6573=ORGANIZATION('UNSPECIFIED','UNSPECIFIED','UNSPECIFIED');
#6574=PERSON_AND_ORGANIZATION(#6572,#6573);
#6575=APPROVAL_ROLE('approver');
#6576=APPROVAL_PERSON_ORGANIZATION(#6574,#6561,#6575);
#6577=PERSON_AND_ORGANIZATION_ROLE('creator');
#6578=CC_DESIGN_PERSON_AND_ORGANIZATION_ASSIGNMENT(#6574,#6577,(#6550,#6551));
#6579=PERSON_AND_ORGANIZATION_ROLE('design_supplier');
#6580=CC_DESIGN_PERSON_AND_ORGANIZATION_ASSIGNMENT(#6574,#6579,(#6550));
#6581=PERSON_AND_ORGANIZATION_ROLE('classification_officer');
#6582=CC_DESIGN_PERSON_AND_ORGANIZATION_ASSIGNMENT(#6574,#6581,(#6558));
#6583=PERSON_AND_ORGANIZATION_ROLE('design_owner');
#6584=CC_DESIGN_PERSON_AND_ORGANIZATION_ASSIGNMENT(#6574,#6583,(#6549));
#49=CIRCLE('',#48,5.E-1);
#58=CIRCLE('',#57,5.E-1);
#71=CIRCLE('',#70,2.E-1);
#84=CIRCLE('',#83,1.E-1);
#105=CIRCLE('',#104,2.E-1);
#126=CIRCLE('',#125,1.E-1);
#155=CIRCLE('',#154,5.E-1);
#184=CIRCLE('',#183,1.E-1);
#201=CIRCLE('',#200,1.E-1);
#226=CIRCLE('',#225,5.E-1);
#311=CIRCLE('',#310,4.E-1);
#352=CIRCLE('',#351,4.E-1);
#385=CIRCLE('',#384,4.E-1);
#470=CIRCLE('',#469,1.E-1);
#479=CIRCLE('',#478,1.E-1);
#520=CIRCLE('',#519,1.E-1);
#529=CIRCLE('',#528,1.E-1);
#946=CIRCLE('',#945,2.E-1);
#963=CIRCLE('',#962,2.E-1);
#996=CIRCLE('',#995,2.E-1);
#1013=CIRCLE('',#1012,2.E-1);
#1162=CIRCLE('',#1161,5.E-1);
#1171=CIRCLE('',#1170,5.E-1);
#1240=CIRCLE('',#1239,2.E-1);
#1253=CIRCLE('',#1252,2.E-1);
#1290=CIRCLE('',#1289,4.E-1);
#1387=CIRCLE('',#1386,5.E-1);
#1408=CIRCLE('',#1407,5.E-1);
#1685=CIRCLE('',#1684,8.E-1);
#1690=CIRCLE('',#1689,2.E-1);
#1735=CIRCLE('',#1734,2.E-1);
#1740=CIRCLE('',#1739,8.E-1);
#1841=CIRCLE('',#1840,8.E-1);
#1846=CIRCLE('',#1845,2.E-1);
#1911=CIRCLE('',#1910,2.E-1);
#1916=CIRCLE('',#1915,8.E-1);
#2045=CIRCLE('',#2044,2.E-1);
#2050=CIRCLE('',#2049,8.E-1);
#2175=CIRCLE('',#2174,8.E-1);
#2180=CIRCLE('',#2179,2.E-1);
#3050=EDGE_CURVE('',#2802,#2797,#4,.T.);
#3052=EDGE_CURVE('',#2802,#2735,#8,.T.);
#3054=EDGE_CURVE('',#2735,#2736,#12,.T.);
#3056=EDGE_CURVE('',#2736,#2738,#16,.T.);
#3058=EDGE_CURVE('',#2738,#2740,#20,.T.);
#3060=EDGE_CURVE('',#2740,#2731,#24,.T.);
#3062=EDGE_CURVE('',#2731,#2732,#28,.T.);
#3064=EDGE_CURVE('',#2732,#2805,#32,.T.);
#3066=EDGE_CURVE('',#2810,#2805,#36,.T.);
#3068=EDGE_CURVE('',#2810,#2315,#40,.T.);
#3070=EDGE_CURVE('',#2315,#2316,#44,.T.);
#3072=EDGE_CURVE('',#2316,#2318,#49,.T.);
#3074=EDGE_CURVE('',#2318,#2320,#53,.T.);
#3076=EDGE_CURVE('',#2320,#2322,#58,.T.);
#3078=EDGE_CURVE('',#2322,#2324,#62,.T.);
#3080=EDGE_CURVE('',#2324,#2797,#66,.T.);
#3090=EDGE_CURVE('',#2797,#2798,#71,.T.);
#3092=EDGE_CURVE('',#2800,#2798,#1029,.T.);
#3094=EDGE_CURVE('',#2800,#2802,#996,.T.);
#3107=EDGE_CURVE('',#2324,#2384,#75,.T.);
#3109=EDGE_CURVE('',#2384,#2390,#79,.T.);
#3111=EDGE_CURVE('',#2390,#2392,#84,.T.);
#3113=EDGE_CURVE('',#2392,#2535,#88,.T.);
#3115=EDGE_CURVE('',#2535,#2536,#92,.T.);
#3117=EDGE_CURVE('',#2536,#2423,#96,.T.);
#3119=EDGE_CURVE('',#2423,#2424,#100,.T.);
#3121=EDGE_CURVE('',#2798,#2424,#1033,.T.);
#3131=EDGE_CURVE('',#2816,#2818,#105,.T.);
#3133=EDGE_CURVE('',#2428,#2816,#1049,.T.);
#3135=EDGE_CURVE('',#2427,#2428,#109,.T.);
#3137=EDGE_CURVE('',#2427,#2540,#113,.T.);
#3139=EDGE_CURVE('',#2539,#2540,#117,.T.);
#3141=EDGE_CURVE('',#2539,#2387,#121,.T.);
#3143=EDGE_CURVE('',#2387,#2388,#126,.T.);
#3145=EDGE_CURVE('',#2382,#2388,#130,.T.);
#3147=EDGE_CURVE('',#2382,#2336,#134,.T.);
#3149=EDGE_CURVE('',#2336,#2818,#1153,.T.);
#3159=EDGE_CURVE('',#2375,#2382,#138,.T.);
#3161=EDGE_CURVE('',#2375,#2334,#142,.T.);
#3163=EDGE_CURVE('',#2334,#2336,#1157,.T.);
#3174=EDGE_CURVE('',#2379,#2384,#146,.T.);
#3178=EDGE_CURVE('',#2322,#2379,#150,.T.);
#3188=EDGE_CURVE('',#2375,#2376,#155,.T.);
#3192=EDGE_CURVE('',#2388,#2340,#159,.T.);
#3194=EDGE_CURVE('',#2340,#2342,#524,.T.);
#3196=EDGE_CURVE('',#2394,#2342,#2312,.T.);
#3198=EDGE_CURVE('',#2376,#2394,#179,.T.);
#3209=EDGE_CURVE('',#2376,#2332,#163,.T.);
#3211=EDGE_CURVE('',#2332,#2334,#1162,.T.);
#3222=EDGE_CURVE('',#2379,#2380,#1408,.T.);
#3226=EDGE_CURVE('',#2320,#2380,#167,.T.);
#3236=EDGE_CURVE('',#2366,#2370,#171,.T.);
#3238=EDGE_CURVE('',#2366,#2330,#175,.T.);
#3240=EDGE_CURVE('',#2330,#2332,#1166,.T.);
#3244=EDGE_CURVE('',#2394,#2396,#184,.T.);
#3246=EDGE_CURVE('',#2396,#2370,#188,.T.);
#3256=EDGE_CURVE('',#2368,#2372,#192,.T.);
#3258=EDGE_CURVE('',#2372,#2398,#196,.T.);
#3260=EDGE_CURVE('',#2398,#2400,#201,.T.);
#3262=EDGE_CURVE('',#2380,#2400,#205,.T.);
#3266=EDGE_CURVE('',#2318,#2368,#209,.T.);
#3276=EDGE_CURVE('',#2598,#2494,#213,.T.);
#3278=EDGE_CURVE('',#2598,#2588,#217,.T.);
#3280=EDGE_CURVE('',#2588,#2359,#221,.T.);
#3282=EDGE_CURVE('',#2359,#2360,#1223,.T.);
#3284=EDGE_CURVE('',#2366,#2360,#226,.T.);
#3287=EDGE_CURVE('',#2370,#2346,#230,.T.);
#3289=EDGE_CURVE('',#2346,#2492,#511,.T.);
#3291=EDGE_CURVE('',#2492,#2494,#234,.T.);
#3301=EDGE_CURVE('',#2591,#2598,#238,.T.);
#3304=EDGE_CURVE('',#2496,#2494,#449,.T.);
#3306=EDGE_CURVE('',#2591,#2496,#437,.T.);
#3316=EDGE_CURVE('',#2459,#2596,#254,.T.);
#3318=EDGE_CURVE('',#2595,#2596,#262,.T.);
#3320=EDGE_CURVE('',#2595,#2600,#1391,.T.);
#3322=EDGE_CURVE('',#2600,#2583,#1374,.T.);
#3324=EDGE_CURVE('',#2583,#2584,#1248,.T.);
#3326=EDGE_CURVE('',#2584,#2466,#1265,.T.);
#3328=EDGE_CURVE('',#2466,#2459,#242,.T.);
#3338=EDGE_CURVE('',#2587,#2480,#393,.T.);
#3340=EDGE_CURVE('',#2587,#2588,#1257,.T.);
#3344=EDGE_CURVE('',#2591,#2592,#433,.T.);
#3346=EDGE_CURVE('',#2469,#2592,#429,.T.);
#3348=EDGE_CURVE('',#2469,#2480,#246,.T.);
#3358=EDGE_CURVE('',#2596,#2463,#250,.T.);
#3361=EDGE_CURVE('',#2459,#2460,#258,.T.);
#3363=EDGE_CURVE('',#2460,#2463,#1346,.T.);
#3375=EDGE_CURVE('',#2463,#2464,#266,.T.);
#3377=EDGE_CURVE('',#2464,#2499,#270,.T.);
#3379=EDGE_CURVE('',#2499,#2504,#274,.T.);
#3381=EDGE_CURVE('',#2504,#2595,#278,.T.);
#3391=EDGE_CURVE('',#2520,#2530,#282,.T.);
#3393=EDGE_CURVE('',#2514,#2530,#286,.T.);
#3395=EDGE_CURVE('',#2472,#2514,#1338,.T.);
#3397=EDGE_CURVE('',#2472,#2484,#290,.T.);
#3399=EDGE_CURVE('',#2484,#2520,#503,.T.);
#3409=EDGE_CURVE('',#2519,#2532,#294,.T.);
#3411=EDGE_CURVE('',#2519,#2464,#495,.T.);
#3414=EDGE_CURVE('',#2516,#2463,#1342,.T.);
#3416=EDGE_CURVE('',#2516,#2532,#298,.T.);
#3426=EDGE_CURVE('',#2520,#2794,#302,.T.);
#3428=EDGE_CURVE('',#2794,#2785,#331,.T.);
#3430=EDGE_CURVE('',#2790,#2785,#2288,.T.);
#3432=EDGE_CURVE('',#2790,#2690,#306,.T.);
#3434=EDGE_CURVE('',#2690,#2523,#311,.T.);
#3436=EDGE_CURVE('',#2523,#2524,#1298,.T.);
#3438=EDGE_CURVE('',#2524,#2530,#315,.T.);
#3449=EDGE_CURVE('',#2793,#2794,#319,.T.);
#3452=EDGE_CURVE('',#2519,#2520,#499,.T.);
#3454=EDGE_CURVE('',#2519,#2793,#343,.T.);
#3465=EDGE_CURVE('',#2786,#2793,#323,.T.);
#3467=EDGE_CURVE('',#2785,#2786,#327,.T.);
#3478=EDGE_CURVE('',#2692,#2788,#335,.T.);
#3480=EDGE_CURVE('',#2788,#2786,#339,.T.);
#3485=EDGE_CURVE('',#2528,#2532,#347,.T.);
#3487=EDGE_CURVE('',#2527,#2528,#1310,.T.);
#3489=EDGE_CURVE('',#2692,#2527,#352,.T.);
#3500=EDGE_CURVE('',#2454,#2692,#376,.T.);
#3502=EDGE_CURVE('',#2448,#2454,#1285,.T.);
#3504=EDGE_CURVE('',#2448,#2694,#901,.T.);
#3506=EDGE_CURVE('',#2694,#2419,#356,.T.);
#3508=EDGE_CURVE('',#2409,#2419,#1672,.T.);
#3510=EDGE_CURVE('',#2696,#2409,#817,.T.);
#3512=EDGE_CURVE('',#2696,#2452,#917,.T.);
#3514=EDGE_CURVE('',#2452,#2456,#389,.T.);
#3516=EDGE_CURVE('',#2690,#2456,#372,.T.);
#3519=EDGE_CURVE('',#2790,#2760,#360,.T.);
#3521=EDGE_CURVE('',#2755,#2760,#2300,.T.);
#3523=EDGE_CURVE('',#2755,#2756,#364,.T.);
#3525=EDGE_CURVE('',#2758,#2756,#2284,.T.);
#3527=EDGE_CURVE('',#2758,#2788,#368,.T.);
#3539=EDGE_CURVE('',#2456,#2488,#385,.T.);
#3541=EDGE_CURVE('',#2523,#2488,#1302,.T.);
#3552=EDGE_CURVE('',#2486,#2527,#1306,.T.);
#3554=EDGE_CURVE('',#2454,#2486,#1290,.T.);
#3565=EDGE_CURVE('',#2482,#2451,#405,.T.);
#3567=EDGE_CURVE('',#2488,#2482,#380,.T.);
#3571=EDGE_CURVE('',#2451,#2452,#913,.T.);
#3582=EDGE_CURVE('',#2479,#2480,#397,.T.);
#3584=EDGE_CURVE('',#2482,#2479,#401,.T.);
#3587=EDGE_CURVE('',#2451,#2587,#409,.T.);
#3597=EDGE_CURVE('',#2469,#2470,#425,.T.);
#3599=EDGE_CURVE('',#2470,#2460,#1350,.T.);
#3603=EDGE_CURVE('',#2474,#2466,#1281,.T.);
#3605=EDGE_CURVE('',#2474,#2479,#413,.T.);
#3617=EDGE_CURVE('',#2592,#2472,#417,.T.);
#3619=EDGE_CURVE('',#2470,#2472,#421,.T.);
#3633=EDGE_CURVE('',#2496,#2491,#441,.T.);
#3635=EDGE_CURVE('',#2491,#2484,#445,.T.);
#3647=EDGE_CURVE('',#2491,#2492,#507,.T.);
#3660=EDGE_CURVE('',#3031,#3032,#453,.T.);
#3662=EDGE_CURVE('',#3032,#3034,#457,.T.);
#3664=EDGE_CURVE('',#3036,#3034,#461,.T.);
#3666=EDGE_CURVE('',#2356,#3036,#465,.T.);
#3668=EDGE_CURVE('',#2354,#2356,#470,.T.);
#3670=EDGE_CURVE('',#2352,#2354,#474,.T.);
#3672=EDGE_CURVE('',#2350,#2352,#479,.T.);
#3674=EDGE_CURVE('',#2349,#2350,#483,.T.);
#3676=EDGE_CURVE('',#2500,#2349,#487,.T.);
#3678=EDGE_CURVE('',#2499,#2500,#491,.T.);
#3687=EDGE_CURVE('',#2344,#2346,#515,.T.);
#3689=EDGE_CURVE('',#2342,#2344,#520,.T.);
#3692=EDGE_CURVE('',#2339,#2340,#529,.T.);
#3694=EDGE_CURVE('',#2571,#2339,#533,.T.);
#3696=EDGE_CURVE('',#2571,#2572,#537,.T.);
#3698=EDGE_CURVE('',#2572,#2574,#541,.T.);
#3700=EDGE_CURVE('',#2576,#2574,#545,.T.);
#3702=EDGE_CURVE('',#2999,#2576,#549,.T.);
#3704=EDGE_CURVE('',#2999,#3000,#553,.T.);
#3706=EDGE_CURVE('',#3000,#3002,#557,.T.);
#3708=EDGE_CURVE('',#3004,#3002,#561,.T.);
#3710=EDGE_CURVE('',#3015,#3004,#565,.T.);
#3712=EDGE_CURVE('',#3015,#3016,#569,.T.);
#3714=EDGE_CURVE('',#3016,#3018,#573,.T.);
#3716=EDGE_CURVE('',#3020,#3018,#577,.T.);
#3718=EDGE_CURVE('',#3031,#3020,#581,.T.);
#3722=EDGE_CURVE('',#2683,#2684,#585,.T.);
#3724=EDGE_CURVE('',#2683,#2687,#589,.T.);
#3726=EDGE_CURVE('',#2687,#2688,#593,.T.);
#3728=EDGE_CURVE('',#2684,#2688,#597,.T.);
#3732=EDGE_CURVE('',#2847,#2848,#601,.T.);
#3734=EDGE_CURVE('',#2847,#2851,#605,.T.);
#3736=EDGE_CURVE('',#2851,#2852,#609,.T.);
#3738=EDGE_CURVE('',#2848,#2852,#613,.T.);
#3742=EDGE_CURVE('',#2747,#2748,#617,.T.);
#3744=EDGE_CURVE('',#2748,#2752,#621,.T.);
#3746=EDGE_CURVE('',#2751,#2752,#625,.T.);
#3748=EDGE_CURVE('',#2747,#2751,#629,.T.);
#3759=EDGE_CURVE('',#3031,#3040,#637,.T.);
#3761=EDGE_CURVE('',#3040,#3027,#705,.T.);
#3763=EDGE_CURVE('',#3032,#3027,#713,.T.);
#3773=EDGE_CURVE('',#3039,#3040,#633,.T.);
#3777=EDGE_CURVE('',#3020,#3023,#641,.T.);
#3779=EDGE_CURVE('',#3023,#3024,#645,.T.);
#3781=EDGE_CURVE('',#3015,#3024,#649,.T.);
#3784=EDGE_CURVE('',#3004,#3007,#653,.T.);
#3786=EDGE_CURVE('',#3007,#3008,#657,.T.);
#3788=EDGE_CURVE('',#2999,#3008,#661,.T.);
#3791=EDGE_CURVE('',#2576,#2579,#665,.T.);
#3793=EDGE_CURVE('',#2579,#2580,#669,.T.);
#3795=EDGE_CURVE('',#2571,#2580,#673,.T.);
#3798=EDGE_CURVE('',#2387,#2339,#777,.T.);
#3801=EDGE_CURVE('',#2539,#2544,#677,.T.);
#3803=EDGE_CURVE('',#2542,#2544,#681,.T.);
#3805=EDGE_CURVE('',#2535,#2542,#685,.T.);
#3808=EDGE_CURVE('',#2392,#2356,#689,.T.);
#3811=EDGE_CURVE('',#3036,#3039,#693,.T.);
#3822=EDGE_CURVE('',#3028,#3039,#697,.T.);
#3824=EDGE_CURVE('',#3027,#3028,#701,.T.);
#3836=EDGE_CURVE('',#3034,#3028,#709,.T.);
#3861=EDGE_CURVE('',#3018,#3012,#717,.T.);
#3863=EDGE_CURVE('',#3012,#3023,#725,.T.);
#3875=EDGE_CURVE('',#3016,#3011,#721,.T.);
#3877=EDGE_CURVE('',#3011,#3012,#729,.T.);
#3890=EDGE_CURVE('',#3024,#3011,#733,.T.);
#3914=EDGE_CURVE('',#3002,#2996,#737,.T.);
#3916=EDGE_CURVE('',#2996,#3007,#745,.T.);
#3928=EDGE_CURVE('',#3000,#2995,#741,.T.);
#3930=EDGE_CURVE('',#2995,#2996,#749,.T.);
#3943=EDGE_CURVE('',#3008,#2995,#753,.T.);
#3967=EDGE_CURVE('',#2574,#2568,#757,.T.);
#3969=EDGE_CURVE('',#2568,#2579,#765,.T.);
#3981=EDGE_CURVE('',#2572,#2567,#761,.T.);
#3983=EDGE_CURVE('',#2567,#2568,#769,.T.);
#3996=EDGE_CURVE('',#2580,#2567,#773,.T.);
#4032=EDGE_CURVE('',#2540,#2548,#793,.T.);
#4034=EDGE_CURVE('',#2548,#2544,#781,.T.);
#4045=EDGE_CURVE('',#2536,#2546,#785,.T.);
#4047=EDGE_CURVE('',#2546,#2548,#789,.T.);
#4051=EDGE_CURVE('',#2404,#2427,#853,.T.);
#4053=EDGE_CURVE('',#2404,#2414,#797,.T.);
#4055=EDGE_CURVE('',#2414,#2423,#1057,.T.);
#4068=EDGE_CURVE('',#2546,#2542,#801,.T.);
#4091=EDGE_CURVE('',#2830,#2834,#805,.T.);
#4093=EDGE_CURVE('',#2836,#2834,#809,.T.);
#4095=EDGE_CURVE('',#2832,#2836,#813,.T.);
#4097=EDGE_CURVE('',#2832,#2696,#921,.T.);
#4100=EDGE_CURVE('',#2409,#2410,#821,.T.);
#4102=EDGE_CURVE('',#2410,#2558,#825,.T.);
#4104=EDGE_CURVE('',#2558,#2556,#829,.T.);
#4106=EDGE_CURVE('',#2555,#2556,#833,.T.);
#4108=EDGE_CURVE('',#2560,#2555,#837,.T.);
#4110=EDGE_CURVE('',#2560,#2406,#841,.T.);
#4112=EDGE_CURVE('',#2406,#2403,#845,.T.);
#4114=EDGE_CURVE('',#2403,#2404,#849,.T.);
#4118=EDGE_CURVE('',#2428,#2438,#1045,.T.);
#4120=EDGE_CURVE('',#2438,#2440,#1021,.T.);
#4122=EDGE_CURVE('',#2440,#2442,#1105,.T.);
#4124=EDGE_CURVE('',#2442,#2444,#967,.T.);
#4126=EDGE_CURVE('',#2444,#2830,#937,.T.);
#4136=EDGE_CURVE('',#2774,#2828,#885,.T.);
#4138=EDGE_CURVE('',#2828,#2838,#1053,.T.);
#4140=EDGE_CURVE('',#2838,#2763,#857,.T.);
#4142=EDGE_CURVE('',#2763,#2774,#861,.T.);
#4152=EDGE_CURVE('',#2830,#2778,#933,.T.);
#4154=EDGE_CURVE('',#2778,#2767,#865,.T.);
#4156=EDGE_CURVE('',#2767,#2834,#869,.T.);
#4167=EDGE_CURVE('',#2808,#2806,#873,.T.);
#4169=EDGE_CURVE('',#2806,#2432,#877,.T.);
#4171=EDGE_CURVE('',#2432,#2828,#881,.T.);
#4174=EDGE_CURVE('',#2771,#2774,#889,.T.);
#4176=EDGE_CURVE('',#2771,#2772,#893,.T.);
#4178=EDGE_CURVE('',#2772,#2694,#897,.T.);
#4181=EDGE_CURVE('',#2447,#2448,#905,.T.);
#4183=EDGE_CURVE('',#2808,#2447,#1244,.T.);
#4193=EDGE_CURVE('',#2824,#2822,#909,.T.);
#4195=EDGE_CURVE('',#2451,#2822,#1261,.T.);
#4200=EDGE_CURVE('',#2832,#2777,#925,.T.);
#4202=EDGE_CURVE('',#2777,#2778,#929,.T.);
#4206=EDGE_CURVE('',#2444,#2824,#941,.T.);
#4216=EDGE_CURVE('',#2805,#2806,#946,.T.);
#4219=EDGE_CURVE('',#2808,#2810,#1240,.T.);
#4232=EDGE_CURVE('',#2732,#2744,#950,.T.);
#4234=EDGE_CURVE('',#2744,#2431,#954,.T.);
#4236=EDGE_CURVE('',#2431,#2432,#958,.T.);
#4247=EDGE_CURVE('',#2824,#2826,#963,.T.);
#4251=EDGE_CURVE('',#2442,#2720,#971,.T.);
#4253=EDGE_CURVE('',#2707,#2720,#975,.T.);
#4255=EDGE_CURVE('',#2707,#2826,#1187,.T.);
#4266=EDGE_CURVE('',#2731,#2728,#979,.T.);
#4268=EDGE_CURVE('',#2728,#2744,#1432,.T.);
#4280=EDGE_CURVE('',#2740,#2726,#983,.T.);
#4282=EDGE_CURVE('',#2726,#2728,#1436,.T.);
#4294=EDGE_CURVE('',#2738,#2724,#987,.T.);
#4296=EDGE_CURVE('',#2724,#2726,#1440,.T.);
#4308=EDGE_CURVE('',#2736,#2723,#991,.T.);
#4310=EDGE_CURVE('',#2723,#2724,#1444,.T.);
#4322=EDGE_CURVE('',#2735,#2742,#1008,.T.);
#4324=EDGE_CURVE('',#2742,#2723,#1448,.T.);
#4336=EDGE_CURVE('',#2800,#2436,#1000,.T.);
#4338=EDGE_CURVE('',#2436,#2434,#1004,.T.);
#4340=EDGE_CURVE('',#2742,#2434,#1117,.T.);
#4352=EDGE_CURVE('',#2813,#2814,#1013,.T.);
#4354=EDGE_CURVE('',#2813,#2716,#1211,.T.);
#4356=EDGE_CURVE('',#2716,#2718,#1017,.T.);
#4358=EDGE_CURVE('',#2440,#2718,#1109,.T.);
#4361=EDGE_CURVE('',#2438,#2814,#1025,.T.);
#4373=EDGE_CURVE('',#2424,#2436,#1037,.T.);
#4384=EDGE_CURVE('',#2816,#2814,#1041,.T.);
#4400=EDGE_CURVE('',#2434,#2431,#1121,.T.);
#4406=EDGE_CURVE('',#2413,#2414,#1061,.T.);
#4408=EDGE_CURVE('',#2416,#2413,#1065,.T.);
#4410=EDGE_CURVE('',#2992,#2416,#1069,.T.);
#4412=EDGE_CURVE('',#2992,#3043,#1073,.T.);
#4414=EDGE_CURVE('',#3043,#3044,#1077,.T.);
#4416=EDGE_CURVE('',#2987,#3044,#1081,.T.);
#4418=EDGE_CURVE('',#2420,#2987,#1085,.T.);
#4420=EDGE_CURVE('',#2419,#2420,#1089,.T.);
#4424=EDGE_CURVE('',#2772,#2840,#1093,.T.);
#4426=EDGE_CURVE('',#2840,#2838,#1097,.T.);
#4436=EDGE_CURVE('',#2718,#2720,#1101,.T.);
#4449=EDGE_CURVE('',#2742,#2744,#1113,.T.);
#4463=EDGE_CURVE('',#2704,#2718,#1125,.T.);
#4465=EDGE_CURVE('',#2702,#2704,#1129,.T.);
#4467=EDGE_CURVE('',#2700,#2702,#1133,.T.);
#4469=EDGE_CURVE('',#2699,#2700,#1137,.T.);
#4471=EDGE_CURVE('',#2720,#2699,#1141,.T.);
#4481=EDGE_CURVE('',#2716,#2714,#1207,.T.);
#4483=EDGE_CURVE('',#2714,#2704,#1145,.T.);
#4495=EDGE_CURVE('',#2818,#2813,#1149,.T.);
#4501=EDGE_CURVE('',#2328,#2330,#1171,.T.);
#4503=EDGE_CURVE('',#2327,#2328,#1175,.T.);
#4505=EDGE_CURVE('',#2821,#2327,#1179,.T.);
#4507=EDGE_CURVE('',#2826,#2821,#1183,.T.);
#4510=EDGE_CURVE('',#2707,#2708,#1191,.T.);
#4512=EDGE_CURVE('',#2708,#2710,#1195,.T.);
#4514=EDGE_CURVE('',#2710,#2712,#1199,.T.);
#4516=EDGE_CURVE('',#2712,#2714,#1203,.T.);
#4541=EDGE_CURVE('',#2360,#2328,#1215,.T.);
#4553=EDGE_CURVE('',#2368,#2364,#1387,.T.);
#4557=EDGE_CURVE('',#2316,#2364,#1219,.T.);
#4568=EDGE_CURVE('',#2359,#2327,#1227,.T.);
#4580=EDGE_CURVE('',#2363,#2364,#1231,.T.);
#4584=EDGE_CURVE('',#2315,#2363,#1235,.T.);
#4596=EDGE_CURVE('',#2447,#2584,#1269,.T.);
#4599=EDGE_CURVE('',#2363,#2583,#1370,.T.);
#4611=EDGE_CURVE('',#2821,#2822,#1253,.T.);
#4629=EDGE_CURVE('',#2476,#2447,#1273,.T.);
#4631=EDGE_CURVE('',#2476,#2474,#1277,.T.);
#4645=EDGE_CURVE('',#2486,#2476,#1294,.T.);
#4665=EDGE_CURVE('',#2528,#2524,#1314,.T.);
#4677=EDGE_CURVE('',#2532,#2530,#1318,.T.);
#4689=EDGE_CURVE('',#2508,#2532,#1334,.T.);
#4691=EDGE_CURVE('',#2508,#2512,#1322,.T.);
#4693=EDGE_CURVE('',#2512,#2530,#1354,.T.);
#4704=EDGE_CURVE('',#2516,#2507,#1326,.T.);
#4706=EDGE_CURVE('',#2507,#2508,#1330,.T.);
#4718=EDGE_CURVE('',#2514,#2511,#1362,.T.);
#4720=EDGE_CURVE('',#2507,#2511,#1366,.T.);
#4737=EDGE_CURVE('',#2511,#2512,#1358,.T.);
#4762=EDGE_CURVE('',#2502,#2600,#1378,.T.);
#4764=EDGE_CURVE('',#2500,#2502,#1382,.T.);
#4767=EDGE_CURVE('',#2372,#2349,#1399,.T.);
#4782=EDGE_CURVE('',#2504,#2502,#1395,.T.);
#4807=EDGE_CURVE('',#2398,#2350,#1403,.T.);
#4820=EDGE_CURVE('',#2400,#2352,#1412,.T.);
#4835=EDGE_CURVE('',#2390,#2354,#1416,.T.);
#4874=EDGE_CURVE('',#2708,#2699,#1420,.T.);
#4887=EDGE_CURVE('',#2710,#2700,#1424,.T.);
#4900=EDGE_CURVE('',#2712,#2702,#1428,.T.);
#4937=EDGE_CURVE('',#2403,#2413,#1452,.T.);
#4950=EDGE_CURVE('',#2406,#2416,#1456,.T.);
#4962=EDGE_CURVE('',#2987,#2988,#1492,.T.);
#4964=EDGE_CURVE('',#2988,#2990,#1496,.T.);
#4966=EDGE_CURVE('',#2990,#2992,#1500,.T.);
#4971=EDGE_CURVE('',#2560,#2563,#1504,.T.);
#4973=EDGE_CURVE('',#2563,#2564,#1508,.T.);
#4975=EDGE_CURVE('',#2558,#2564,#1512,.T.);
#4978=EDGE_CURVE('',#2410,#2420,#1516,.T.);
#4983=EDGE_CURVE('',#2975,#2976,#1476,.T.);
#4985=EDGE_CURVE('',#2976,#2978,#1480,.T.);
#4987=EDGE_CURVE('',#2978,#2980,#1484,.T.);
#4989=EDGE_CURVE('',#2980,#2975,#1488,.T.);
#4993=EDGE_CURVE('',#2959,#2960,#1460,.T.);
#4995=EDGE_CURVE('',#2960,#2962,#1464,.T.);
#4997=EDGE_CURVE('',#2962,#2964,#1468,.T.);
#4999=EDGE_CURVE('',#2964,#2959,#1472,.T.);
#5003=EDGE_CURVE('',#2610,#2612,#1520,.T.);
#5005=EDGE_CURVE('',#2612,#2616,#1524,.T.);
#5007=EDGE_CURVE('',#2616,#2614,#1528,.T.);
#5009=EDGE_CURVE('',#2610,#2614,#1532,.T.);
#5013=EDGE_CURVE('',#2626,#2628,#1536,.T.);
#5015=EDGE_CURVE('',#2628,#2632,#1540,.T.);
#5017=EDGE_CURVE('',#2632,#2630,#1544,.T.);
#5019=EDGE_CURVE('',#2626,#2630,#1548,.T.);
#5023=EDGE_CURVE('',#2660,#2658,#1552,.T.);
#5025=EDGE_CURVE('',#2662,#2658,#1556,.T.);
#5027=EDGE_CURVE('',#2662,#2664,#1560,.T.);
#5029=EDGE_CURVE('',#2664,#2660,#1564,.T.);
#5040=EDGE_CURVE('',#2959,#2951,#1568,.T.);
#5042=EDGE_CURVE('',#2951,#2952,#1584,.T.);
#5044=EDGE_CURVE('',#2960,#2952,#1580,.T.);
#5055=EDGE_CURVE('',#2964,#2956,#1572,.T.);
#5057=EDGE_CURVE('',#2956,#2951,#1588,.T.);
#5069=EDGE_CURVE('',#2962,#2954,#1576,.T.);
#5071=EDGE_CURVE('',#2954,#2956,#1592,.T.);
#5084=EDGE_CURVE('',#2952,#2954,#1596,.T.);
#5108=EDGE_CURVE('',#2975,#2967,#1600,.T.);
#5110=EDGE_CURVE('',#2967,#2968,#1616,.T.);
#5112=EDGE_CURVE('',#2976,#2968,#1612,.T.);
#5123=EDGE_CURVE('',#2980,#2972,#1604,.T.);
#5125=EDGE_CURVE('',#2972,#2967,#1620,.T.);
#5137=EDGE_CURVE('',#2978,#2970,#1608,.T.);
#5139=EDGE_CURVE('',#2970,#2972,#1624,.T.);
#5152=EDGE_CURVE('',#2968,#2970,#1628,.T.);
#5177=EDGE_CURVE('',#3044,#2983,#1640,.T.);
#5179=EDGE_CURVE('',#2988,#2983,#1648,.T.);
#5190=EDGE_CURVE('',#2984,#3043,#1632,.T.);
#5192=EDGE_CURVE('',#2983,#2984,#1636,.T.);
#5204=EDGE_CURVE('',#2990,#2984,#1644,.T.);
#5229=EDGE_CURVE('',#2555,#2551,#1660,.T.);
#5231=EDGE_CURVE('',#2563,#2551,#1668,.T.);
#5243=EDGE_CURVE('',#2552,#2556,#1652,.T.);
#5245=EDGE_CURVE('',#2551,#2552,#1656,.T.);
#5258=EDGE_CURVE('',#2564,#2552,#1664,.T.);
#5293=EDGE_CURVE('',#2864,#2856,#1676,.T.);
#5295=EDGE_CURVE('',#2864,#2607,#1680,.T.);
#5297=EDGE_CURVE('',#2607,#2612,#1685,.T.);
#5300=EDGE_CURVE('',#2610,#2603,#1690,.T.);
#5302=EDGE_CURVE('',#2603,#2856,#1694,.T.);
#5312=EDGE_CURVE('',#2880,#2872,#1698,.T.);
#5314=EDGE_CURVE('',#2880,#2683,#1702,.T.);
#5317=EDGE_CURVE('',#2684,#2872,#1706,.T.);
#5327=EDGE_CURVE('',#2855,#2856,#1710,.T.);
#5329=EDGE_CURVE('',#2863,#2855,#1772,.T.);
#5331=EDGE_CURVE('',#2863,#2864,#1760,.T.);
#5343=EDGE_CURVE('',#2860,#2856,#1718,.T.);
#5345=EDGE_CURVE('',#2859,#2860,#1714,.T.);
#5347=EDGE_CURVE('',#2859,#2855,#1776,.T.);
#5359=EDGE_CURVE('',#2603,#2604,#1722,.T.);
#5361=EDGE_CURVE('',#2604,#2860,#1730,.T.);
#5373=EDGE_CURVE('',#2614,#2604,#1735,.T.);
#5384=EDGE_CURVE('',#2860,#2867,#1726,.T.);
#5389=EDGE_CURVE('',#2608,#2616,#1740,.T.);
#5391=EDGE_CURVE('',#2867,#2608,#1744,.T.);
#5401=EDGE_CURVE('',#2876,#2884,#1748,.T.);
#5403=EDGE_CURVE('',#2688,#2876,#1752,.T.);
#5406=EDGE_CURVE('',#2884,#2687,#1756,.T.);
#5418=EDGE_CURVE('',#2867,#2868,#1764,.T.);
#5420=EDGE_CURVE('',#2859,#2868,#1780,.T.);
#5431=EDGE_CURVE('',#2868,#2863,#1768,.T.);
#5434=EDGE_CURVE('',#2867,#2864,#1784,.T.);
#5458=EDGE_CURVE('',#2607,#2608,#1788,.T.);
#5481=EDGE_CURVE('',#2875,#2876,#1796,.T.);
#5484=EDGE_CURVE('',#2883,#2884,#1792,.T.);
#5486=EDGE_CURVE('',#2875,#2883,#1816,.T.);
#5496=EDGE_CURVE('',#2871,#2872,#1800,.T.);
#5498=EDGE_CURVE('',#2876,#2872,#1828,.T.);
#5501=EDGE_CURVE('',#2875,#2871,#1812,.T.);
#5512=EDGE_CURVE('',#2879,#2871,#1808,.T.);
#5514=EDGE_CURVE('',#2879,#2880,#1820,.T.);
#5525=EDGE_CURVE('',#2883,#2879,#1804,.T.);
#5541=EDGE_CURVE('',#2884,#2880,#1824,.T.);
#5575=EDGE_CURVE('',#2619,#2640,#1832,.T.);
#5577=EDGE_CURVE('',#2640,#2648,#1836,.T.);
#5579=EDGE_CURVE('',#2623,#2648,#1948,.T.);
#5581=EDGE_CURVE('',#2623,#2628,#1841,.T.);
#5584=EDGE_CURVE('',#2626,#2619,#1846,.T.);
#5594=EDGE_CURVE('',#2936,#2946,#1850,.T.);
#5596=EDGE_CURVE('',#2936,#2847,#1854,.T.);
#5599=EDGE_CURVE('',#2848,#2946,#1858,.T.);
#5609=EDGE_CURVE('',#2920,#2930,#1862,.T.);
#5611=EDGE_CURVE('',#2920,#2639,#1866,.T.);
#5613=EDGE_CURVE('',#2639,#2640,#1870,.T.);
#5616=EDGE_CURVE('',#2619,#2620,#1874,.T.);
#5618=EDGE_CURVE('',#2635,#2620,#1906,.T.);
#5620=EDGE_CURVE('',#2635,#2636,#1878,.T.);
#5622=EDGE_CURVE('',#2636,#2930,#1882,.T.);
#5633=EDGE_CURVE('',#2932,#2930,#1886,.T.);
#5635=EDGE_CURVE('',#2924,#2932,#1964,.T.);
#5637=EDGE_CURVE('',#2924,#2920,#1976,.T.);
#5647=EDGE_CURVE('',#2928,#2930,#1894,.T.);
#5649=EDGE_CURVE('',#2926,#2928,#1890,.T.);
#5651=EDGE_CURVE('',#2926,#2932,#1968,.T.);
#5664=EDGE_CURVE('',#2636,#2644,#1898,.T.);
#5666=EDGE_CURVE('',#2644,#2928,#1936,.T.);
#5677=EDGE_CURVE('',#2635,#2643,#1902,.T.);
#5679=EDGE_CURVE('',#2643,#2644,#1940,.T.);
#5690=EDGE_CURVE('',#2643,#2624,#1944,.T.);
#5694=EDGE_CURVE('',#2630,#2620,#1911,.T.);
#5697=EDGE_CURVE('',#2624,#2632,#1916,.T.);
#5707=EDGE_CURVE('',#2944,#2935,#1920,.T.);
#5709=EDGE_CURVE('',#2852,#2944,#1924,.T.);
#5712=EDGE_CURVE('',#2935,#2851,#1928,.T.);
#5722=EDGE_CURVE('',#2928,#2919,#1932,.T.);
#5727=EDGE_CURVE('',#2623,#2624,#1992,.T.);
#5730=EDGE_CURVE('',#2647,#2648,#1952,.T.);
#5732=EDGE_CURVE('',#2919,#2647,#1956,.T.);
#5742=EDGE_CURVE('',#2926,#2923,#1972,.T.);
#5746=EDGE_CURVE('',#2919,#2923,#1980,.T.);
#5756=EDGE_CURVE('',#2923,#2924,#1960,.T.);
#5769=EDGE_CURVE('',#2919,#2920,#1984,.T.);
#5784=EDGE_CURVE('',#2639,#2647,#1988,.T.);
#5831=EDGE_CURVE('',#2942,#2939,#2012,.T.);
#5833=EDGE_CURVE('',#2942,#2944,#2028,.T.);
#5836=EDGE_CURVE('',#2939,#2935,#1996,.T.);
#5846=EDGE_CURVE('',#2939,#2940,#2000,.T.);
#5848=EDGE_CURVE('',#2940,#2948,#2004,.T.);
#5850=EDGE_CURVE('',#2942,#2948,#2008,.T.);
#5861=EDGE_CURVE('',#2935,#2936,#2020,.T.);
#5863=EDGE_CURVE('',#2940,#2936,#2016,.T.);
#5888=EDGE_CURVE('',#2948,#2946,#2024,.T.);
#5900=EDGE_CURVE('',#2944,#2946,#2032,.T.);
#5925=EDGE_CURVE('',#2680,#2655,#2078,.T.);
#5927=EDGE_CURVE('',#2672,#2680,#2036,.T.);
#5929=EDGE_CURVE('',#2672,#2651,#2040,.T.);
#5931=EDGE_CURVE('',#2658,#2651,#2045,.T.);
#5934=EDGE_CURVE('',#2655,#2660,#2050,.T.);
#5944=EDGE_CURVE('',#2898,#2891,#2054,.T.);
#5946=EDGE_CURVE('',#2748,#2898,#2058,.T.);
#5949=EDGE_CURVE('',#2891,#2747,#2062,.T.);
#5959=EDGE_CURVE('',#2908,#2910,#2066,.T.);
#5961=EDGE_CURVE('',#2908,#2679,#2070,.T.);
#5963=EDGE_CURVE('',#2679,#2680,#2074,.T.);
#5966=EDGE_CURVE('',#2655,#2656,#2196,.T.);
#5968=EDGE_CURVE('',#2656,#2675,#2082,.T.);
#5970=EDGE_CURVE('',#2675,#2676,#2086,.T.);
#5972=EDGE_CURVE('',#2676,#2910,#2090,.T.);
#5983=EDGE_CURVE('',#2912,#2910,#2094,.T.);
#5985=EDGE_CURVE('',#2904,#2912,#2142,.T.);
#5987=EDGE_CURVE('',#2904,#2908,#2158,.T.);
#5997=EDGE_CURVE('',#2914,#2910,#2102,.T.);
#5999=EDGE_CURVE('',#2916,#2914,#2098,.T.);
#6001=EDGE_CURVE('',#2916,#2912,#2146,.T.);
#6014=EDGE_CURVE('',#2668,#2676,#2106,.T.);
#6016=EDGE_CURVE('',#2668,#2914,#2118,.T.);
#6026=EDGE_CURVE('',#2667,#2668,#2122,.T.);
#6030=EDGE_CURVE('',#2667,#2675,#2110,.T.);
#6040=EDGE_CURVE('',#2914,#2907,#2114,.T.);
#6044=EDGE_CURVE('',#2652,#2667,#2170,.T.);
#6046=EDGE_CURVE('',#2651,#2652,#2126,.T.);
#6049=EDGE_CURVE('',#2671,#2672,#2130,.T.);
#6051=EDGE_CURVE('',#2907,#2671,#2134,.T.);
#6061=EDGE_CURVE('',#2916,#2903,#2150,.T.);
#6065=EDGE_CURVE('',#2907,#2903,#2154,.T.);
#6075=EDGE_CURVE('',#2903,#2904,#2138,.T.);
#6090=EDGE_CURVE('',#2907,#2908,#2162,.T.);
#6103=EDGE_CURVE('',#2671,#2679,#2166,.T.);
#6129=EDGE_CURVE('',#2656,#2664,#2175,.T.);
#6132=EDGE_CURVE('',#2662,#2652,#2180,.T.);
#6142=EDGE_CURVE('',#2892,#2894,#2184,.T.);
#6144=EDGE_CURVE('',#2892,#2751,#2188,.T.);
#6147=EDGE_CURVE('',#2752,#2894,#2192,.T.);
#6182=EDGE_CURVE('',#2896,#2894,#2200,.T.);
#6184=EDGE_CURVE('',#2888,#2896,#2220,.T.);
#6186=EDGE_CURVE('',#2888,#2892,#2232,.T.);
#6196=EDGE_CURVE('',#2898,#2894,#2208,.T.);
#6198=EDGE_CURVE('',#2900,#2898,#2204,.T.);
#6200=EDGE_CURVE('',#2900,#2896,#2224,.T.);
#6223=EDGE_CURVE('',#2900,#2887,#2228,.T.);
#6227=EDGE_CURVE('',#2887,#2891,#2212,.T.);
#6237=EDGE_CURVE('',#2887,#2888,#2216,.T.);
#6252=EDGE_CURVE('',#2891,#2892,#2236,.T.);
#6276=EDGE_CURVE('',#2764,#2771,#2240,.T.);
#6278=EDGE_CURVE('',#2840,#2764,#2244,.T.);
#6289=EDGE_CURVE('',#2781,#2782,#2264,.T.);
#6291=EDGE_CURVE('',#2782,#2844,#2296,.T.);
#6293=EDGE_CURVE('',#2842,#2844,#2292,.T.);
#6295=EDGE_CURVE('',#2842,#2781,#2276,.T.);
#6305=EDGE_CURVE('',#2777,#2768,#2248,.T.);
#6309=EDGE_CURVE('',#2768,#2836,#2252,.T.);
#6321=EDGE_CURVE('',#2763,#2764,#2256,.T.);
#6334=EDGE_CURVE('',#2767,#2768,#2260,.T.);
#6370=EDGE_CURVE('',#2781,#2756,#2268,.T.);
#6373=EDGE_CURVE('',#2782,#2755,#2272,.T.);
#6384=EDGE_CURVE('',#2842,#2758,#2280,.T.);
#6403=EDGE_CURVE('',#2844,#2760,#2304,.T.);
#6425=EDGE_CURVE('',#2396,#2344,#2308,.T.);
#6455=CIRCLE('',#6454,4.E-1);
#6456=TRIMMED_CURVE('',#6455,(PARAMETER_VALUE(0.E0)),(PARAMETER_VALUE(1.8E2)),
.T.,.UNSPECIFIED.);
#6457=COMPOSITE_CURVE_SEGMENT(.CONTINUOUS.,.T.,#6456);
#6462=CIRCLE('',#6461,4.E-1);
#6463=TRIMMED_CURVE('',#6462,(PARAMETER_VALUE(0.E0)),(PARAMETER_VALUE(1.8E2)),
.T.,.UNSPECIFIED.);
#6464=COMPOSITE_CURVE_SEGMENT(.CONTINUOUS.,.T.,#6463);
#6465=COMPOSITE_CURVE('',(#6457,#6464),.F.);
#6471=CIRCLE('',#6470,4.E-1);
#6472=TRIMMED_CURVE('',#6471,(PARAMETER_VALUE(0.E0)),(PARAMETER_VALUE(1.8E2)),
.T.,.UNSPECIFIED.);
#6473=COMPOSITE_CURVE_SEGMENT(.CONTINUOUS.,.T.,#6472);
#6478=CIRCLE('',#6477,4.E-1);
#6479=TRIMMED_CURVE('',#6478,(PARAMETER_VALUE(0.E0)),(PARAMETER_VALUE(1.8E2)),
.T.,.UNSPECIFIED.);
#6480=COMPOSITE_CURVE_SEGMENT(.CONTINUOUS.,.T.,#6479);
#6481=COMPOSITE_CURVE('',(#6473,#6480),.F.);
#6486=CIRCLE('',#6485,4.E-1);
#6487=TRIMMED_CURVE('',#6486,(PARAMETER_VALUE(0.E0)),(PARAMETER_VALUE(1.8E2)),
.T.,.UNSPECIFIED.);
#6488=COMPOSITE_CURVE_SEGMENT(.CONTINUOUS.,.T.,#6487);
#6493=CIRCLE('',#6492,4.E-1);
#6494=TRIMMED_CURVE('',#6493,(PARAMETER_VALUE(0.E0)),(PARAMETER_VALUE(1.8E2)),
.T.,.UNSPECIFIED.);
#6495=COMPOSITE_CURVE_SEGMENT(.CONTINUOUS.,.T.,#6494);
#6496=COMPOSITE_CURVE('',(#6488,#6495),.F.);
#6501=TRIMMED_CURVE('',#6500,(PARAMETER_VALUE(0.E0)),(PARAMETER_VALUE(1.E0)),
.T.,.UNSPECIFIED.);
#6506=TRIMMED_CURVE('',#6505,(PARAMETER_VALUE(0.E0)),(PARAMETER_VALUE(1.E0)),
.T.,.UNSPECIFIED.);
#6511=TRIMMED_CURVE('',#6510,(PARAMETER_VALUE(0.E0)),(PARAMETER_VALUE(1.E0)),
.T.,.UNSPECIFIED.);
#6516=TRIMMED_CURVE('',#6515,(PARAMETER_VALUE(0.E0)),(PARAMETER_VALUE(1.E0)),
.T.,.UNSPECIFIED.);
#6521=TRIMMED_CURVE('',#6520,(PARAMETER_VALUE(0.E0)),(PARAMETER_VALUE(1.E0)),
.T.,.UNSPECIFIED.);
#6526=TRIMMED_CURVE('',#6525,(PARAMETER_VALUE(0.E0)),(PARAMETER_VALUE(1.E0)),
.T.,.UNSPECIFIED.);
#6531=TRIMMED_CURVE('',#6530,(PARAMETER_VALUE(0.E0)),(PARAMETER_VALUE(1.E0)),
.T.,.UNSPECIFIED.);
#6532=(LENGTH_UNIT()NAMED_UNIT(*)SI_UNIT(.MILLI.,.METRE.));
#6534=(NAMED_UNIT(*)PLANE_ANGLE_UNIT()SI_UNIT($,.RADIAN.));
#6537=(NAMED_UNIT(*)SI_UNIT($,.STERADIAN.)SOLID_ANGLE_UNIT());
#6540=ADVANCED_BREP_SHAPE_REPRESENTATION('',(#6446),#6539);
#6541=GEOMETRICALLY_BOUNDED_SURFACE_SHAPE_REPRESENTATION('',(#6466),#6539);
#6542=SHAPE_REPRESENTATION('',(#6450),#6539);
#6551=PRODUCT_DEFINITION('design','',#6550,#6547);
#6552=PRODUCT_DEFINITION_SHAPE('','SHAPE FOR 559350330.',#6551);
#6553=SHAPE_DEFINITION_REPRESENTATION(#6552,#6542);
ENDSEC;
END-ISO-10303-21;
