ISO-10303-21;
HEADER;
FILE_DESCRIPTION (( 'STEP AP214' ),
    '1' );
FILE_NAME ('resized_LED.STEP',
    '2022-04-22T17:32:45',
    ( '' ),
    ( '' ),
    'SwSTEP 2.0',
    'SolidWorks 2020',
    '' );
FILE_SCHEMA (( 'AUTOMOTIVE_DESIGN' ));
ENDSEC;

DATA;
#1 = ORIENTED_EDGE ( 'NONE', *, *, #2442, .F. ) ;
#2 = CARTESIAN_POINT ( 'NONE',  ( 0.8317985182056709670, -0.9249999999999999334, -1.735372488711899974 ) ) ;
#3 = EDGE_CURVE ( 'NONE', #2857, #4952, #5519, .T. ) ;
#4 = LINE ( 'NONE', #5676, #1905 ) ;
#5 = ADVANCED_FACE ( 'NONE', ( #964 ), #5272, .F. ) ;
#6 = ORIENTED_EDGE ( 'NONE', *, *, #5211, .T. ) ;
#7 = DIRECTION ( 'NONE',  ( -1.000000000000000000, 0.000000000000000000, -1.224606000000000123E-16 ) ) ;
#8 = LINE ( 'NONE', #968, #1243 ) ;
#9 = DIRECTION ( 'NONE',  ( -1.000000000000000000, 0.000000000000000000, 4.779941525138720225E-23 ) ) ;
#10 = ADVANCED_FACE ( 'NONE', ( #2489 ), #2372, .F. ) ;
#11 = LINE ( 'NONE', #5102, #4087 ) ;
#12 = CARTESIAN_POINT ( 'NONE',  ( -0.3148469896508799826, -0.6500000000000000222, -1.499967589430000192 ) ) ;
#13 = B_SPLINE_CURVE_WITH_KNOTS ( 'NONE', 3,
 ( #2719, #4563, #4601, #3148 ),
 .UNSPECIFIED., .F., .F.,
 ( 4, 4 ),
 ( 0.7900391278230272096, 1.000000000000000000 ),
 .UNSPECIFIED. ) ;
#14 = EDGE_LOOP ( 'NONE', ( #2176, #2787, #3638, #61 ) ) ;
#15 = VECTOR ( 'NONE', #4715, 1000.000000000000000 ) ;
#16 = ORIENTED_EDGE ( 'NONE', *, *, #168, .T. ) ;
#17 = FACE_OUTER_BOUND ( 'NONE', #1077, .T. ) ;
#18 = DIRECTION ( 'NONE',  ( -1.000000000000000000, -3.366872316660000075E-49, 1.050293330588519981E-64 ) ) ;
#19 = CARTESIAN_POINT ( 'NONE',  ( 1.178447708059189969, -1.050000000000000044, -1.499967590878610091 ) ) ;
#20 = ADVANCED_FACE ( 'NONE', ( #1495 ), #3792, .T. ) ;
#21 = VERTEX_POINT ( 'NONE', #129 ) ;
#22 = DIRECTION ( 'NONE',  ( -1.224606000000000123E-16, 0.000000000000000000, 1.000000000000000000 ) ) ;
#23 = AXIS2_PLACEMENT_3D ( 'NONE', #4287, #5829, #5280 ) ;
#24 = FACE_OUTER_BOUND ( 'NONE', #1917, .T. ) ;
#25 = VECTOR ( 'NONE', #2791, 1000.000000000000227 ) ;
#26 = ORIENTED_EDGE ( 'NONE', *, *, #41, .T. ) ;
#27 = CARTESIAN_POINT ( 'NONE',  ( 1.100346185370000063, -0.4442092950935300211, -1.607419514159599938 ) ) ;
#28 = DIRECTION ( 'NONE',  ( 0.000000000000000000, -0.000000000000000000, 1.000000000000000000 ) ) ;
#29 = AXIS2_PLACEMENT_3D ( 'NONE', #5290, #5346, #2902 ) ;
#30 = AXIS2_PLACEMENT_3D ( 'NONE', #5114, #3723, #2698 ) ;
#31 = DIRECTION ( 'NONE',  ( -1.000000000000000000, 0.000000000000000000, -0.000000000000000000 ) ) ;
#32 = ORIENTED_EDGE ( 'NONE', *, *, #279, .F. ) ;
#33 = ORIENTED_EDGE ( 'NONE', *, *, #4250, .F. ) ;
#34 = VECTOR ( 'NONE', #1540, 1000.000000000000000 ) ;
#35 = VECTOR ( 'NONE', #223, 1000.000000000000000 ) ;
#36 = LINE ( 'NONE', #2397, #2904 ) ;
#37 = VECTOR ( 'NONE', #3592, 1000.000000000000114 ) ;
#38 = CARTESIAN_POINT ( 'NONE',  ( 0.8546355072513410756, -0.8781046715210900633, -1.753190540813799991 ) ) ;
#39 = ORIENTED_EDGE ( 'NONE', *, *, #5097, .F. ) ;
#40 = VECTOR ( 'NONE', #2867, 1000.000000000000000 ) ;
#41 = EDGE_CURVE ( 'NONE', #2188, #1496, #3388, .T. ) ;
#42 = VECTOR ( 'NONE', #4133, 1000.000000000000114 ) ;
#43 = LINE ( 'NONE', #2927, #5770 ) ;
#44 = DIRECTION ( 'NONE',  ( -0.08683102911525207579, 0.000000000000000000, 0.9962230535290709232 ) ) ;
#45 = CARTESIAN_POINT ( 'NONE',  ( 1.361330218410530035, -0.4286777624438626311, 1.447866841346278743 ) ) ;
#46 = CARTESIAN_POINT ( 'NONE',  ( -1.099653814629999893, -0.4387691941217105596, 1.607008363466520873 ) ) ;
#47 = DIRECTION ( 'NONE',  ( 1.000000000000000000, 0.000000000000000000, 1.224606000000000123E-16 ) ) ;
#48 = VERTEX_POINT ( 'NONE', #3361 ) ;
#49 = ADVANCED_FACE ( 'NONE', ( #495 ), #3847, .F. ) ;
#50 = EDGE_CURVE ( 'NONE', #5309, #5118, #1532, .T. ) ;
#51 = ORIENTED_EDGE ( 'NONE', *, *, #5526, .F. ) ;
#52 = LINE ( 'NONE', #4323, #1818 ) ;
#53 = CARTESIAN_POINT ( 'NONE',  ( -0.8410867045850084489, -0.8916366511450810606, -1.746030748686185019 ) ) ;
#54 = CARTESIAN_POINT ( 'NONE',  ( 0.8588621040985998656, -1.035255832108360030, 1.625399957906499937 ) ) ;
#55 = EDGE_CURVE ( 'NONE', #5623, #2977, #1903, .T. ) ;
#56 = ORIENTED_EDGE ( 'NONE', *, *, #1424, .T. ) ;
#57 = AXIS2_PLACEMENT_3D ( 'NONE', #176, #5472, #3535 ) ;
#58 = CARTESIAN_POINT ( 'NONE',  ( -1.094192931204807984, 3.579848725887760263, -1.732250313779239326 ) ) ;
#59 = CARTESIAN_POINT ( 'NONE',  ( -1.099653814629999893, -0.1930181182222899805, -1.585441994027900092 ) ) ;
#60 = EDGE_CURVE ( 'NONE', #2428, #3362, #1966, .T. ) ;
#61 = ORIENTED_EDGE ( 'NONE', *, *, #738, .T. ) ;
#62 = LINE ( 'NONE', #2390, #5369 ) ;
#63 = CARTESIAN_POINT ( 'NONE',  ( -1.094275277259783463, -0.6387691941217051861, -1.731305547384399679 ) ) ;
#64 = DIRECTION ( 'NONE',  ( 0.000000000000000000, -0.000000000000000000, -1.000000000000000000 ) ) ;
#65 = EDGE_LOOP ( 'NONE', ( #56, #1, #2781, #4799 ) ) ;
#66 = ORIENTED_EDGE ( 'NONE', *, *, #1658, .T. ) ;
#67 = CARTESIAN_POINT ( 'NONE',  ( -1.099653814629999893, -0.4333290931498799958, 1.731839163086200006 ) ) ;
#68 = CARTESIAN_POINT ( 'NONE',  ( -0.3697599608643299951, -1.050000000000000044, 1.304769632872699869 ) ) ;
#69 = ORIENTED_EDGE ( 'NONE', *, *, #1795, .T. ) ;
#70 =( NAMED_UNIT ( * ) SI_UNIT ( $, .STERADIAN. ) SOLID_ANGLE_UNIT ( ) );
#71 = DIRECTION ( 'NONE',  ( -0.7087801582446935367, -0.000000000000000000, 0.7054294346556764239 ) ) ;
#72 = CARTESIAN_POINT ( 'NONE',  ( 0.8546355072513410756, -0.8903354500379099257, 1.613464173914199939 ) ) ;
#73 = DIRECTION ( 'NONE',  ( 0.7071067811865530128, 0.7044157488815080415, 0.06163158871631112257 ) ) ;
#74 = ADVANCED_FACE ( 'NONE', ( #4830 ), #1442, .F. ) ;
#75 = FACE_OUTER_BOUND ( 'NONE', #4870, .T. ) ;
#76 = ORIENTED_EDGE ( 'NONE', *, *, #5947, .T. ) ;
#77 = ORIENTED_EDGE ( 'NONE', *, *, #4123, .T. ) ;
#78 = CARTESIAN_POINT ( 'NONE',  ( -0.8246538146299998706, -0.9853672334559260282, -1.671049408285677274 ) ) ;
#79 = LINE ( 'NONE', #1975, #1934 ) ;
#80 = CARTESIAN_POINT ( 'NONE',  ( 1.100346185370000063, -0.4387691941217052305, 1.732315134934123702 ) ) ;
#81 = ORIENTED_EDGE ( 'NONE', *, *, #3401, .T. ) ;
#82 = EDGE_CURVE ( 'NONE', #4809, #3205, #5220, .T. ) ;
#83 = LINE ( 'NONE', #5141, #2425 ) ;
#84 = PLANE ( 'NONE',  #999 ) ;
#85 = EDGE_CURVE ( 'NONE', #345, #5003, #2885, .T. ) ;
#86 = ORIENTED_EDGE ( 'NONE', *, *, #3796, .T. ) ;
#87 = CARTESIAN_POINT ( 'NONE',  ( -1.399653814629999937, -0.1800000000000000211, 0.6600324105699999500 ) ) ;
#88 = CARTESIAN_POINT ( 'NONE',  ( -1.399653814629999937, -0.9249999999999999334, 1.500032410570000030 ) ) ;
#89 = DIRECTION ( 'NONE',  ( 0.07855673849245517482, 0.9914484689297579090, -0.1042054331321879967 ) ) ;
#90 = EDGE_CURVE ( 'NONE', #4561, #1990, #3875, .T. ) ;
#91 = LINE ( 'NONE', #5182, #5475 ) ;
#92 = VERTEX_POINT ( 'NONE', #3427 ) ;
#93 = ORIENTED_EDGE ( 'NONE', *, *, #4024, .F. ) ;
#94 = CARTESIAN_POINT ( 'NONE',  ( -1.332238369996336935, -0.06542524460388492169, -0.6479252973833103946 ) ) ;
#95 = CARTESIAN_POINT ( 'NONE',  ( 1.362116468611263898, -0.4387691941217055636, 1.469948340608704829 ) ) ;
#96 = DIRECTION ( 'NONE',  ( 0.000000000000000000, -1.000000000000000000, 0.000000000000000000 ) ) ;
#97 = VERTEX_POINT ( 'NONE', #5308 ) ;
#98 = LINE ( 'NONE', #2463, #2116 ) ;
#99 = CARTESIAN_POINT ( 'NONE',  ( -0.9246538146299999594, -1.043632083895880136, -1.600033643681100015 ) ) ;
#100 = CARTESIAN_POINT ( 'NONE',  ( -0.2971786224989639291, -0.8499973106150077173, -1.625155594456942021 ) ) ;
#101 = CARTESIAN_POINT ( 'NONE',  ( -1.400346185369999885, -0.9249999999999999334, 1.599967589430000059 ) ) ;
#102 = DIRECTION ( 'NONE',  ( 7.055493693894560455E-15, 0.9961943056174379363, -0.08716022863319299041 ) ) ;
#103 = ORIENTED_EDGE ( 'NONE', *, *, #5526, .T. ) ;
#104 = EDGE_LOOP ( 'NONE', ( #2739, #1204, #3120, #69 ) ) ;
#105 = DIRECTION ( 'NONE',  ( 0.000000000000000000, -0.6755885476259970712, 0.7372788579069630144 ) ) ;
#106 = CYLINDRICAL_SURFACE ( 'NONE', #2527, 0.07517010780874895659 ) ;
#107 = DIRECTION ( 'NONE',  ( -1.224606000000000123E-16, 0.000000000000000000, 1.000000000000000000 ) ) ;
#108 = ORIENTED_EDGE ( 'NONE', *, *, #3992, .F. ) ;
#109 = DIRECTION ( 'NONE',  ( -0.000000000000000000, 1.000000000000000000, 0.000000000000000000 ) ) ;
#110 =( BOUNDED_CURVE ( )  B_SPLINE_CURVE ( 3, ( #582, #2048, #3994, #1587 ),
 .UNSPECIFIED., .F., .T. ) 
 B_SPLINE_CURVE_WITH_KNOTS ( ( 4, 4 ),
 ( 1.145421135850682059, 1.251810588226305976 ),
 .UNSPECIFIED. ) 
 CURVE ( )  GEOMETRIC_REPRESENTATION_ITEM ( )  RATIONAL_B_SPLINE_CURVE ( ( 1.000000000000000000, 0.9990569960999187149, 0.9990569960999187149, 1.000000000000000000 ) ) 
 REPRESENTATION_ITEM ( '' )  );
#111 = ORIENTED_EDGE ( 'NONE', *, *, #1726, .F. ) ;
#112 = AXIS2_PLACEMENT_3D ( 'NONE', #2577, #3571, #5885 ) ;
#113 = ORIENTED_EDGE ( 'NONE', *, *, #4842, .T. ) ;
#114 = DIRECTION ( 'NONE',  ( -2.957639852800354504E-32, 1.000000000000000000, 0.000000000000000000 ) ) ;
#115 = EDGE_CURVE ( 'NONE', #3653, #1450, #1058, .T. ) ;
#116 = CARTESIAN_POINT ( 'NONE',  ( 1.050953614932312430, 3.554970553928588295, -1.469883519468700106 ) ) ;
#117 = VECTOR ( 'NONE', #3375, 1000.000000000000000 ) ;
#118 = LINE ( 'NONE', #1898, #3108 ) ;
#119 = FACE_OUTER_BOUND ( 'NONE', #5166, .T. ) ;
#120 = VECTOR ( 'NONE', #3136, 1000.000000000000000 ) ;
#121 = ORIENTED_EDGE ( 'NONE', *, *, #1145, .F. ) ;
#122 = ORIENTED_EDGE ( 'NONE', *, *, #5394, .F. ) ;
#123 = CARTESIAN_POINT ( 'NONE',  ( 0.3151530103492009571, -0.9939373499163199899, -1.688827309405799948 ) ) ;
#124 = ADVANCED_FACE ( 'NONE', ( #4005 ), #3021, .F. ) ;
#125 = VECTOR ( 'NONE', #5443, 1000.000000000000000 ) ;
#126 = CARTESIAN_POINT ( 'NONE',  ( -0.2250075614531600043, -0.9446464678184699482, 1.656148018638100128 ) ) ;
#127 = EDGE_CURVE ( 'NONE', #1279, #440, #1180, .T. ) ;
#128 = VECTOR ( 'NONE', #4615, 1000.000000000000000 ) ;
#129 = CARTESIAN_POINT ( 'NONE',  ( -0.8295919216459435308, -0.9851210358989060945, -1.697428775879692431 ) ) ;
#130 = COLOUR_RGB ( '',1.000000000000000000, 1.000000000000000000, 1.000000000000000000 ) ;
#131 = VECTOR ( 'NONE', #4004, 1000.000000000000114 ) ;
#132 = VERTEX_POINT ( 'NONE', #4058 ) ;
#133 = EDGE_CURVE ( 'NONE', #3153, #3774, #5919, .T. ) ;
#134 = DIRECTION ( 'NONE',  ( -1.000000000000000000, 0.000000000000000000, -1.224606000000000123E-16 ) ) ;
#135 = PLANE ( 'NONE',  #843 ) ;
#136 = FACE_OUTER_BOUND ( 'NONE', #808, .T. ) ;
#137 = VECTOR ( 'NONE', #234, 1000.000000000000000 ) ;
#138 = AXIS2_PLACEMENT_3D ( 'NONE', #477, #3339, #4656 ) ;
#139 = LINE ( 'NONE', #4439, #5080 ) ;
#140 = LINE ( 'NONE', #4869, #4695 ) ;
#141 = ORIENTED_EDGE ( 'NONE', *, *, #457, .F. ) ;
#142 = VECTOR ( 'NONE', #3308, 1000.000000000000000 ) ;
#143 = B_SPLINE_CURVE_WITH_KNOTS ( 'NONE', 3,
 ( #3071, #1203, #5452, #2051 ),
 .UNSPECIFIED., .F., .F.,
 ( 4, 4 ),
 ( 0.8985558820676114999, 1.000000000000000000 ),
 .UNSPECIFIED. ) ;
#144 = ORIENTED_EDGE ( 'NONE', *, *, #5013, .F. ) ;
#145 = DIRECTION ( 'NONE',  ( 0.1354752932544650290, -0.3791553685417410891, -0.9153620329812642842 ) ) ;
#146 = CARTESIAN_POINT ( 'NONE',  ( -1.338084194258480020, -0.1392041924772199901, -0.6556797772782434475 ) ) ;
#147 = CYLINDRICAL_SURFACE ( 'NONE', #3895, 0.1000000000000000056 ) ;
#148 = ORIENTED_EDGE ( 'NONE', *, *, #3541, .F. ) ;
#149 = CARTESIAN_POINT ( 'NONE',  ( 0.8286644459357510595, -0.9249999999999999334, -1.735372488711899974 ) ) ;
#150 = ORIENTED_EDGE ( 'NONE', *, *, #375, .F. ) ;
#151 = VERTEX_POINT ( 'NONE', #1564 ) ;
#152 = LINE ( 'NONE', #4848, #517 ) ;
#153 = CARTESIAN_POINT ( 'NONE',  ( -1.178382580480351161, -0.9249999999999999334, 1.500032410570000030 ) ) ;
#154 = VECTOR ( 'NONE', #4654, 1000.000000000000000 ) ;
#155 = FILL_AREA_STYLE ('',( #4396 ) ) ;
#156 =( BOUNDED_CURVE ( )  B_SPLINE_CURVE ( 3, ( #575, #2871, #4324, #1509 ),
 .UNSPECIFIED., .F., .T. ) 
 B_SPLINE_CURVE_WITH_KNOTS ( ( 4, 4 ),
 ( 4.287013789440549338, 4.393403241816264959 ),
 .UNSPECIFIED. ) 
 CURVE ( )  GEOMETRIC_REPRESENTATION_ITEM ( )  RATIONAL_B_SPLINE_CURVE ( ( 1.000000000000000000, 0.9990569960999172716, 0.9990569960999172716, 1.000000000000000000 ) ) 
 REPRESENTATION_ITEM ( '' )  );
#157 = SURFACE_STYLE_FILL_AREA ( #2516 ) ;
#158 = CARTESIAN_POINT ( 'NONE',  ( 0.000000000000000000, -1.350000000000000089, 0.000000000000000000 ) ) ;
#159 = EDGE_CURVE ( 'NONE', #3662, #214, #1055, .T. ) ;
#160 = VERTEX_POINT ( 'NONE', #5890 ) ;
#161 = EDGE_LOOP ( 'NONE', ( #2743, #2795, #3101, #3415 ) ) ;
#162 = CARTESIAN_POINT ( 'NONE',  ( -1.099653814629999893, -0.1821379162786600225, 1.709861642954599859 ) ) ;
#163 = LINE ( 'NONE', #3333, #2809 ) ;
#164 = EDGE_CURVE ( 'NONE', #1019, #3293, #5287, .T. ) ;
#165 = ORIENTED_EDGE ( 'NONE', *, *, #3039, .T. ) ;
#166 = EDGE_CURVE ( 'NONE', #2599, #1496, #3939, .T. ) ;
#167 = ORIENTED_EDGE ( 'NONE', *, *, #875, .F. ) ;
#168 = EDGE_CURVE ( 'NONE', #5222, #1019, #4057, .T. ) ;
#169 = SURFACE_SIDE_STYLE ('',( #593 ) ) ;
#170 = FACE_OUTER_BOUND ( 'NONE', #2202, .T. ) ;
#171 = DIRECTION ( 'NONE',  ( 0.000000000000000000, 0.7071067811865475727, -0.7071067811865475727 ) ) ;
#172 = FACE_OUTER_BOUND ( 'NONE', #3473, .T. ) ;
#173 = ORIENTED_EDGE ( 'NONE', *, *, #981, .T. ) ;
#174 = ORIENTED_EDGE ( 'NONE', *, *, #3082, .F. ) ;
#175 = FACE_OUTER_BOUND ( 'NONE', #1840, .T. ) ;
#176 = CARTESIAN_POINT ( 'NONE',  ( 0.9253461853700110096, -0.9249999999999999334, -1.700033643681099882 ) ) ;
#177 = PLANE ( 'NONE',  #2915 ) ;
#178 = ORIENTED_EDGE ( 'NONE', *, *, #396, .T. ) ;
#179 = CARTESIAN_POINT ( 'NONE',  ( -1.077972718902663773, -0.9249999999999999334, 1.599967589430000281 ) ) ;
#180 = ORIENTED_EDGE ( 'NONE', *, *, #2056, .T. ) ;
#181 = ORIENTED_EDGE ( 'NONE', *, *, #4842, .F. ) ;
#182 = DIRECTION ( 'NONE',  ( -0.7054117662287059387, -2.086353952432307942E-32, 0.7087977427066890490 ) ) ;
#183 = DIRECTION ( 'NONE',  ( 0.07767724310006517141, -0.9969785583975079302, -1.081988957279584223E-15 ) ) ;
#184 =( NAMED_UNIT ( * ) PLANE_ANGLE_UNIT ( ) SI_UNIT ( $, .RADIAN. ) );
#185 = DIRECTION ( 'NONE',  ( 0.08682659386424700088, -0.9924325091389669673, 0.08682659386424800008 ) ) ;
#186 = CARTESIAN_POINT ( 'NONE',  ( -1.399653814629999937, -0.9249999999999999334, -1.499967589430000192 ) ) ;
#187 = ORIENTED_EDGE ( 'NONE', *, *, #1072, .T. ) ;
#188 = FACE_OUTER_BOUND ( 'NONE', #2322, .T. ) ;
#189 = EDGE_CURVE ( 'NONE', #1864, #5545, #2981, .T. ) ;
#190 = CARTESIAN_POINT ( 'NONE',  ( 0.2966753156763528576, -0.8483181405746588188, -1.625137593296517968 ) ) ;
#191 = ORIENTED_EDGE ( 'NONE', *, *, #3273, .T. ) ;
#192 = VERTEX_POINT ( 'NONE', #2526 ) ;
#193 = PRESENTATION_STYLE_ASSIGNMENT (( #4437 ) ) ;
#194 = EDGE_CURVE ( 'NONE', #160, #2210, #2163, .T. ) ;
#195 = DIRECTION ( 'NONE',  ( 4.356451344437639886E-33, -1.000000000000000000, 0.000000000000000000 ) ) ;
#196 = LINE ( 'NONE', #3366, #4876 ) ;
#197 = DIRECTION ( 'NONE',  ( -0.000000000000000000, 0.1044170797297347131, 0.9945335959437037188 ) ) ;
#198 = ORIENTED_EDGE ( 'NONE', *, *, #2369, .F. ) ;
#199 = ORIENTED_EDGE ( 'NONE', *, *, #3376, .T. ) ;
#200 = FACE_BOUND ( 'NONE', #3423, .T. ) ;
#201 = FACE_OUTER_BOUND ( 'NONE', #6057, .T. ) ;
#202 = ORIENTED_EDGE ( 'NONE', *, *, #2511, .F. ) ;
#203 = DIRECTION ( 'NONE',  ( -0.08683102911525210355, 0.000000000000000000, 0.9962230535290709232 ) ) ;
#204 = ORIENTED_EDGE ( 'NONE', *, *, #1757, .F. ) ;
#205 = UNCERTAINTY_MEASURE_WITH_UNIT (LENGTH_MEASURE( 1.000000000000000082E-05 ), #2426, 'distance_accuracy_value', 'NONE');
#206 = EDGE_LOOP ( 'NONE', ( #3047, #5805, #1010, #2564, #4892, #1182, #4420 ) ) ;
#207 = DIRECTION ( 'NONE',  ( -0.000000000000000000, -0.000000000000000000, -1.000000000000000000 ) ) ;
#208 = ADVANCED_FACE ( 'NONE', ( #253 ), #5578, .F. ) ;
#209 = LINE ( 'NONE', #116, #2520 ) ;
#210 = CARTESIAN_POINT ( 'NONE',  ( 0.3317672660514700000, -0.9249999999999999334, 1.555086564540699934 ) ) ;
#211 = LINE ( 'NONE', #4456, #5568 ) ;
#212 = VECTOR ( 'NONE', #4251, 1000.000000000000000 ) ;
#213 = CARTESIAN_POINT ( 'NONE',  ( 0.9003461853700099882, -0.8325679542733599448, 1.749271208812799960 ) ) ;
#214 = VERTEX_POINT ( 'NONE', #6075 ) ;
#215 = CARTESIAN_POINT ( 'NONE',  ( 1.400346185369999885, -0.9249999999999999334, -1.499967589430000192 ) ) ;
#216 = PLANE ( 'NONE',  #5764 ) ;
#217 = ORIENTED_EDGE ( 'NONE', *, *, #249, .F. ) ;
#218 = VERTEX_POINT ( 'NONE', #2674 ) ;
#219 = AXIS2_PLACEMENT_3D ( 'NONE', #2510, #2913, #3041 ) ;
#220 = DIRECTION ( 'NONE',  ( 0.000000000000000000, 1.000000000000000000, 0.000000000000000000 ) ) ;
#221 = CARTESIAN_POINT ( 'NONE',  ( -0.3334606109494699933, -0.9251701078087301022, 1.550032410577399933 ) ) ;
#222 = DIRECTION ( 'NONE',  ( 0.000000000000000000, 0.000000000000000000, -1.000000000000000000 ) ) ;
#223 = DIRECTION ( 'NONE',  ( 1.000000000000000000, 0.000000000000000000, -4.779941525138721401E-23 ) ) ;
#224 = VECTOR ( 'NONE', #1548, 1000.000000000000114 ) ;
#225 = VECTOR ( 'NONE', #3911, 1000.000000000000000 ) ;
#226 = LINE ( 'NONE', #4506, #3486 ) ;
#227 = ORIENTED_EDGE ( 'NONE', *, *, #6133, .T. ) ;
#228 = ADVANCED_FACE ( 'NONE', ( #3195 ), #1245, .T. ) ;
#229 = VERTEX_POINT ( 'NONE', #4644 ) ;
#230 = AXIS2_PLACEMENT_3D ( 'NONE', #5705, #2983, #1471 ) ;
#231 = FACE_OUTER_BOUND ( 'NONE', #2395, .T. ) ;
#232 = PLANE ( 'NONE',  #4301 ) ;
#233 = MECHANICAL_DESIGN_GEOMETRIC_PRESENTATION_REPRESENTATION (  '', ( #3697 ), #3801 ) ;
#234 = DIRECTION ( 'NONE',  ( -1.000000000000000000, -0.000000000000000000, -0.000000000000000000 ) ) ;
#235 = VECTOR ( 'NONE', #2408, 1000.000000000000000 ) ;
#236 = ORIENTED_EDGE ( 'NONE', *, *, #5766, .T. ) ;
#237 = FACE_OUTER_BOUND ( 'NONE', #1366, .T. ) ;
#238 = VECTOR ( 'NONE', #5993, 1000.000000000000000 ) ;
#239 = ORIENTED_EDGE ( 'NONE', *, *, #914, .F. ) ;
#240 = ADVANCED_FACE ( 'NONE', ( #5146 ), #3688, .F. ) ;
#241 = VECTOR ( 'NONE', #3029, 1000.000000000000114 ) ;
#242 = ORIENTED_EDGE ( 'NONE', *, *, #4175, .T. ) ;
#243 = ADVANCED_FACE ( 'NONE', ( #3164 ), #1334, .T. ) ;
#244 = DIRECTION ( 'NONE',  ( 0.000000000000000000, -0.000000000000000000, 1.000000000000000000 ) ) ;
#245 = VECTOR ( 'NONE', #4232, 1000.000000000000114 ) ;
#246 = CARTESIAN_POINT ( 'NONE',  ( 0.3322657135374705306, -0.9251701063979517192, 1.551718718691055932 ) ) ;
#247 = CARTESIAN_POINT ( 'NONE',  ( 1.100346185370000063, 0.0004300379947000390005, 1.510622781831099992 ) ) ;
#248 = FACE_OUTER_BOUND ( 'NONE', #617, .T. ) ;
#249 = EDGE_CURVE ( 'NONE', #4957, #2959, #3642, .T. ) ;
#250 = EDGE_LOOP ( 'NONE', ( #3140, #4035, #3226, #4235 ) ) ;
#251 = LINE ( 'NONE', #2234, #4077 ) ;
#252 = FACE_OUTER_BOUND ( 'NONE', #737, .T. ) ;
#253 = FACE_OUTER_BOUND ( 'NONE', #4763, .T. ) ;
#254 = AXIS2_PLACEMENT_3D ( 'NONE', #897, #2800, #3203 ) ;
#255 = EDGE_LOOP ( 'NONE', ( #328, #3402, #4196, #4943, #5349, #362, #3038 ) ) ;
#256 = EDGE_LOOP ( 'NONE', ( #5549, #6037, #2329 ) ) ;
#257 =( NAMED_UNIT ( * ) SI_UNIT ( $, .STERADIAN. ) SOLID_ANGLE_UNIT ( ) );
#258 = CARTESIAN_POINT ( 'NONE',  ( 1.100346185370000063, 3.579848725887760263, 1.669661749200294310 ) ) ;
#259 = CARTESIAN_POINT ( 'NONE',  ( -1.399999999999999911, -0.9206308655165803545, -1.599199747900825974 ) ) ;
#260 = CARTESIAN_POINT ( 'NONE',  ( -1.399999999999999911, -0.9249999999999999334, -1.600098464836000156 ) ) ;
#261 = CARTESIAN_POINT ( 'NONE',  ( 1.100346185370000063, -0.1930181182223099923, 1.585506815182800011 ) ) ;
#262 =( BOUNDED_CURVE ( )  B_SPLINE_CURVE ( 3, ( #1128, #2465, #3917, #504 ),
 .UNSPECIFIED., .F., .T. ) 
 B_SPLINE_CURVE_WITH_KNOTS ( ( 4, 4 ),
 ( 6.062195174880200099, 6.240523645007669984 ),
 .UNSPECIFIED. ) 
 CURVE ( )  GEOMETRIC_REPRESENTATION_ITEM ( )  RATIONAL_B_SPLINE_CURVE ( ( 1.000000000000000000, 0.9973516683368075508, 0.9973516683368075508, 1.000000000000000000 ) ) 
 REPRESENTATION_ITEM ( '' )  );
#263 = EDGE_LOOP ( 'NONE', ( #3347, #217, #3331, #3173 ) ) ;
#264 = ORIENTED_EDGE ( 'NONE', *, *, #3346, .T. ) ;
#265 = DIRECTION ( 'NONE',  ( -8.659272068817960727E-17, -0.7071067811864961694, 0.7071067811865989761 ) ) ;
#266 = DIRECTION ( 'NONE',  ( 0.000000000000000000, -0.9986295347545737222, 0.05233595624294698490 ) ) ;
#267 = CARTESIAN_POINT ( 'NONE',  ( -1.077142607443590139, -0.9249999999999999334, 1.600098464836000156 ) ) ;
#268 = ADVANCED_FACE ( 'NONE', ( #3660 ), #5083, .F. ) ;
#269 = CARTESIAN_POINT ( 'NONE',  ( 1.094885301944805933, 3.579848725887760263, -1.732250313779179152 ) ) ;
#270 = ORIENTED_EDGE ( 'NONE', *, *, #3165, .F. ) ;
#271 = ORIENTED_EDGE ( 'NONE', *, *, #3239, .F. ) ;
#272 = CARTESIAN_POINT ( 'NONE',  ( 0.5464260600913909416, -0.8499999999999999778, -1.549967526534500095 ) ) ;
#273 = ADVANCED_FACE ( 'NONE', ( #5514 ), #837, .T. ) ;
#274 = CARTESIAN_POINT ( 'NONE',  ( 1.100346185370000063, -0.6387691941217051861, -1.732250313779239548 ) ) ;
#275 = EDGE_CURVE ( 'NONE', #4269, #2358, #5539, .T. ) ;
#276 = CARTESIAN_POINT ( 'NONE',  ( -1.077972718902663773, -0.9249999999999999334, 1.599967589430000281 ) ) ;
#277 = VERTEX_POINT ( 'NONE', #1801 ) ;
#278 = LINE ( 'NONE', #4055, #5269 ) ;
#279 = EDGE_CURVE ( 'NONE', #4837, #4449, #342, .T. ) ;
#280 = EDGE_CURVE ( 'NONE', #2074, #5556, #406, .T. ) ;
#281 = DIRECTION ( 'NONE',  ( -0.9969785583975080412, -0.07767724310006518529, 0.000000000000000000 ) ) ;
#282 = DIRECTION ( 'NONE',  ( 0.9968756652439707544, -0.07898675866492370357, 0.000000000000000000 ) ) ;
#283 = VERTEX_POINT ( 'NONE', #1272 ) ;
#284 = ORIENTED_EDGE ( 'NONE', *, *, #4775, .F. ) ;
#285 = LINE ( 'NONE', #1127, #4797 ) ;
#286 = FACE_OUTER_BOUND ( 'NONE', #5548, .T. ) ;
#287 = CARTESIAN_POINT ( 'NONE',  ( 1.077773610167350071, -0.9249999999999999334, 1.600098464836000156 ) ) ;
#288 = CARTESIAN_POINT ( 'NONE',  ( 1.100346185370000063, -0.4950029523449699376, -1.450301913699300060 ) ) ;
#289 = EDGE_LOOP ( 'NONE', ( #472, #6102, #4879, #6009 ) ) ;
#290 = ORIENTED_EDGE ( 'NONE', *, *, #3046, .F. ) ;
#291 = CARTESIAN_POINT ( 'NONE',  ( 0.8253461853700010398, -0.9537363479935599964, -1.700033643681099882 ) ) ;
#292 = DIRECTION ( 'NONE',  ( 0.000000000000000000, 0.000000000000000000, -1.000000000000000000 ) ) ;
#293 = LINE ( 'NONE', #2186, #4198 ) ;
#294 = DIRECTION ( 'NONE',  ( 0.1039620511844979722, 0.9891328443778537594, -0.1039620511844979722 ) ) ;
#295 = VERTEX_POINT ( 'NONE', #5048 ) ;
#296 = VERTEX_POINT ( 'NONE', #372 ) ;
#297 = CARTESIAN_POINT ( 'NONE',  ( 1.399999999999999911, -0.6387691941217048530, -1.469948340608704829 ) ) ;
#298 = CARTESIAN_POINT ( 'NONE',  ( 1.200346185370000152, -1.849949999999999983, 3.241057000081484123E-05 ) ) ;
#299 = DIRECTION ( 'NONE',  ( -1.000000000000000000, 0.000000000000000000, 4.779941525138721401E-23 ) ) ;
#300 = DIRECTION ( 'NONE',  ( 0.000000000000000000, 0.000000000000000000, 1.000000000000000000 ) ) ;
#301 = EDGE_CURVE ( 'NONE', #218, #21, #2642, .T. ) ;
#302 = ORIENTED_EDGE ( 'NONE', *, *, #5493, .T. ) ;
#303 = CARTESIAN_POINT ( 'NONE',  ( -0.8335654176488410672, -0.9249999999999999334, -1.555021743385800015 ) ) ;
#304 = MANIFOLD_SOLID_BREP ( 'Split2[2]', #319 ) ;
#305 = DIRECTION ( 'NONE',  ( -0.7071067811865521247, 0.7044157488815090407, 0.06163158871631090746 ) ) ;
#306 = ORIENTED_EDGE ( 'NONE', *, *, #1869, .T. ) ;
#307 = ORIENTED_EDGE ( 'NONE', *, *, #1941, .F. ) ;
#308 = EDGE_CURVE ( 'NONE', #4156, #638, #437, .T. ) ;
#309 = EDGE_CURVE ( 'NONE', #935, #580, #466, .T. ) ;
#310 = EDGE_CURVE ( 'NONE', #1279, #972, #5669, .T. ) ;
#311 = DIRECTION ( 'NONE',  ( -8.830121000000003553E-34, 0.1045284632676540537, -0.9945218953682734009 ) ) ;
#312 = APPLICATION_PROTOCOL_DEFINITION ( 'draft international standard', 'automotive_design', 1998, #1401 ) ;
#313 = CARTESIAN_POINT ( 'NONE',  ( -0.9246538146299999594, -0.9249999999999999334, -1.700033643681099882 ) ) ;
#314 = DIRECTION ( 'NONE',  ( 1.000000000000000000, 0.000000000000000000, 0.000000000000000000 ) ) ;
#315 = VECTOR ( 'NONE', #222, 1000.000000000000000 ) ;
#316 = LINE ( 'NONE', #5986, #4958 ) ;
#317 = VECTOR ( 'NONE', #2264, 1000.000000000000000 ) ;
#318 = ORIENTED_EDGE ( 'NONE', *, *, #4222, .F. ) ;
#319 = CLOSED_SHELL ( 'NONE', ( #273, #2433, #1538, #4505, #845, #4298, #4587, #1384, #2171, #4314, #5802, #5715 ) ) ;
#320 = EDGE_LOOP ( 'NONE', ( #4121, #343, #1285, #2767, #1256 ) ) ;
#321 = CARTESIAN_POINT ( 'NONE',  ( 1.178382580480351161, -1.050000000000000044, 1.500032410570000030 ) ) ;
#322 = DIRECTION ( 'NONE',  ( -1.000000000000000000, 0.000000000000000000, -6.726373509374157437E-16 ) ) ;
#323 = DIRECTION ( 'NONE',  ( 0.000000000000000000, 0.000000000000000000, -1.000000000000000000 ) ) ;
#324 = AXIS2_PLACEMENT_3D ( 'NONE', #1280, #3212, #2776 ) ;
#325 = VECTOR ( 'NONE', #1363, 1000.000000000000000 ) ;
#326 = DIRECTION ( 'NONE',  ( -8.659272068817339499E-17, -0.7071067811865470176, 0.7071067811865480168 ) ) ;
#327 = AXIS2_PLACEMENT_3D ( 'NONE', #1437, #985, #31 ) ;
#328 = ORIENTED_EDGE ( 'NONE', *, *, #1623, .F. ) ;
#329 = AXIS2_PLACEMENT_3D ( 'NONE', #1556, #1520, #2972 ) ;
#330 = VERTEX_POINT ( 'NONE', #2830 ) ;
#331 = VECTOR ( 'NONE', #2142, 1000.000000000000000 ) ;
#332 = CYLINDRICAL_SURFACE ( 'NONE', #4780, 0.1999999999999999556 ) ;
#333 = VECTOR ( 'NONE', #3090, 1000.000000000000114 ) ;
#334 = DIRECTION ( 'NONE',  ( -1.000000000000000000, -0.000000000000000000, -0.000000000000000000 ) ) ;
#335 = CYLINDRICAL_SURFACE ( 'NONE', #4661, 0.1000000000000000472 ) ;
#336 = VECTOR ( 'NONE', #294, 1000.000000000000227 ) ;
#337 = ORIENTED_EDGE ( 'NONE', *, *, #5507, .T. ) ;
#338 = VECTOR ( 'NONE', #4381, 1000.000000000000114 ) ;
#339 = CARTESIAN_POINT ( 'NONE',  ( 0.8660551565205752977, -0.8781968339590294770, -1.621118136397135423 ) ) ;
#340 = CARTESIAN_POINT ( 'NONE',  ( 1.399999999999999911, -0.9249999999999999334, -1.600098464836000156 ) ) ;
#341 = EDGE_CURVE ( 'NONE', #1948, #824, #91, .T. ) ;
#342 = LINE ( 'NONE', #5605, #2416 ) ;
#343 = ORIENTED_EDGE ( 'NONE', *, *, #127, .F. ) ;
#344 = ORIENTED_EDGE ( 'NONE', *, *, #4025, .T. ) ;
#345 = VERTEX_POINT ( 'NONE', #3817 ) ;
#346 = DIRECTION ( 'NONE',  ( -1.000000000000000000, 0.000000000000000000, 8.878759775047679252E-34 ) ) ;
#347 = DIRECTION ( 'NONE',  ( 0.7071067811865441310, -0.000000000000000000, 0.7071067811865510144 ) ) ;
#348 = MECHANICAL_DESIGN_GEOMETRIC_PRESENTATION_REPRESENTATION (  '', ( #2641 ), #3818 ) ;
#349 = EDGE_CURVE ( 'NONE', #5623, #3822, #6134, .T. ) ;
#350 = ORIENTED_EDGE ( 'NONE', *, *, #1460, .F. ) ;
#351 = EDGE_CURVE ( 'NONE', #2301, #2188, #5699, .T. ) ;
#352 = CARTESIAN_POINT ( 'NONE',  ( 0.3229846837006900007, -0.9592471301521000582, 1.550032410577399933 ) ) ;
#353 = ADVANCED_FACE ( 'NONE', ( #3355 ), #1987, .T. ) ;
#354 = EDGE_LOOP ( 'NONE', ( #757, #3336, #670, #1906, #5899, #2201, #16, #2590, #4831, #3350 ) ) ;
#355 = ORIENTED_EDGE ( 'NONE', *, *, #2447, .T. ) ;
#356 = CARTESIAN_POINT ( 'NONE',  ( 1.330355254549260069, -1.850000000000000089, -1.430041479749299960 ) ) ;
#357 = DIRECTION ( 'NONE',  ( 0.000000000000000000, 0.9781772164068283093, 0.2077723112028858898 ) ) ;
#358 = LINE ( 'NONE', #2685, #137 ) ;
#359 = EDGE_CURVE ( 'NONE', #2093, #4240, #1249, .T. ) ;
#360 = CARTESIAN_POINT ( 'NONE',  ( -1.377666884054282059, -0.6387691941217048530, -1.469948340608704829 ) ) ;
#361 = CARTESIAN_POINT ( 'NONE',  ( 0.8342577883888300239, -0.9249999999999599654, -1.555021743386900024 ) ) ;
#362 = ORIENTED_EDGE ( 'NONE', *, *, #5839, .F. ) ;
#363 = ORIENTED_EDGE ( 'NONE', *, *, #3051, .F. ) ;
#364 = CARTESIAN_POINT ( 'NONE',  ( -1.099653814629999893, -0.6387691941217051861, -1.669596928045519402 ) ) ;
#365 = CARTESIAN_POINT ( 'NONE',  ( 1.330355254549260069, -1.850000000000000089, 1.430041479749299960 ) ) ;
#366 = CARTESIAN_POINT ( 'NONE',  ( 0.8270420687759996170, -0.9342911121776814598, -1.678812796607180413 ) ) ;
#367 = DIRECTION ( 'NONE',  ( 1.000000000000000000, 0.000000000000000000, 1.224606000000000123E-16 ) ) ;
#368 = DIRECTION ( 'NONE',  ( 0.7071067811865480168, 0.7044157488815139256, -0.06163158871629990931 ) ) ;
#369 = ORIENTED_EDGE ( 'NONE', *, *, #1545, .T. ) ;
#370 = CARTESIAN_POINT ( 'NONE',  ( 1.399999999999999911, -1.050000000000000044, 1.500032410569999808 ) ) ;
#371 = CARTESIAN_POINT ( 'NONE',  ( -1.369569744668681421, 3.579848725887760263, 1.469948340608683512 ) ) ;
#372 = CARTESIAN_POINT ( 'NONE',  ( 1.100346185370000063, -0.1930181182222899805, -1.585441994027900092 ) ) ;
#373 = EDGE_LOOP ( 'NONE', ( #5212, #6093, #5268, #4273, #4243, #4261 ) ) ;
#374 = ORIENTED_EDGE ( 'NONE', *, *, #4636, .F. ) ;
#375 = EDGE_CURVE ( 'NONE', #5294, #3435, #3329, .T. ) ;
#376 = CARTESIAN_POINT ( 'NONE',  ( 0.8290833539330159097, -0.9811180437289167555, 1.701153175917638372 ) ) ;
#377 = DIRECTION ( 'NONE',  ( 0.000000000000000000, -0.9986295347545739443, -0.05233595624294400117 ) ) ;
#378 = ORIENTED_EDGE ( 'NONE', *, *, #1901, .F. ) ;
#379 = CARTESIAN_POINT ( 'NONE',  ( 0.8546355072513410756, -0.8785660737170098988, 1.747981784244200032 ) ) ;
#380 = ORIENTED_EDGE ( 'NONE', *, *, #5467, .F. ) ;
#381 = EDGE_CURVE ( 'NONE', #4126, #4449, #4825, .T. ) ;
#382 = ORIENTED_EDGE ( 'NONE', *, *, #4285, .T. ) ;
#383 = DIRECTION ( 'NONE',  ( -1.224606000000000123E-16, 0.000000000000000000, 1.000000000000000000 ) ) ;
#384 = DIRECTION ( 'NONE',  ( -1.000000000000000000, 0.000000000000000000, -1.224606000000000123E-16 ) ) ;
#385 = DIRECTION ( 'NONE',  ( -3.604641231665999851E-48, 1.000000000000000000, 2.943510999999999877E-32 ) ) ;
#386 = DIRECTION ( 'NONE',  ( 1.000000000000000000, 0.000000000000000000, 0.000000000000000000 ) ) ;
#387 = DIRECTION ( 'NONE',  ( -1.000000000000000000, 0.000000000000000000, 6.726373509374157437E-16 ) ) ;
#388 = ORIENTED_EDGE ( 'NONE', *, *, #5827, .T. ) ;
#389 = ADVANCED_FACE ( 'NONE', ( #1489 ), #3292, .F. ) ;
#390 = ORIENTED_EDGE ( 'NONE', *, *, #3019, .F. ) ;
#391 = LINE ( 'NONE', #6060, #4974 ) ;
#392 = CARTESIAN_POINT ( 'NONE',  ( -1.400346185369999885, -0.9249999999999999334, 1.599967589430000059 ) ) ;
#393 = CARTESIAN_POINT ( 'NONE',  ( 1.400000000000002576, -0.9217062662211369384, -1.499621404060025087 ) ) ;
#394 = CARTESIAN_POINT ( 'NONE',  ( -1.369569744668682976, 3.579848725887760263, -1.469883519468666355 ) ) ;
#395 = DIRECTION ( 'NONE',  ( -3.604641231665999851E-48, 1.000000000000000000, 2.943510999999999877E-32 ) ) ;
#396 = EDGE_CURVE ( 'NONE', #3553, #5557, #1961, .T. ) ;
#397 = VERTEX_POINT ( 'NONE', #958 ) ;
#398 = CARTESIAN_POINT ( 'NONE',  ( 1.100346185370000063, -0.1821379162786400108, -1.709796821799699940 ) ) ;
#399 = PLANE ( 'NONE',  #5186 ) ;
#400 = CARTESIAN_POINT ( 'NONE',  ( 0.000000000000000000, -0.4387691941217052305, 0.000000000000000000 ) ) ;
#401 = ORIENTED_EDGE ( 'NONE', *, *, #2133, .F. ) ;
#402 = VERTEX_POINT ( 'NONE', #1397 ) ;
#403 = PLANE ( 'NONE',  #5185 ) ;
#404 = DIRECTION ( 'NONE',  ( 0.000000000000000000, 2.943510999999999877E-32, -1.000000000000000000 ) ) ;
#405 = VERTEX_POINT ( 'NONE', #932 ) ;
#406 = B_SPLINE_CURVE_WITH_KNOTS ( 'NONE', 3,
 ( #1365, #2298, #4181, #1747, #5116, #2794, #5977, #1839 ),
 .UNSPECIFIED., .F., .F.,
 ( 4, 2, 2, 4 ),
 ( 0.2163368338718310302, 0.4122526254038733073, 0.6081684169359155012, 1.000000000000000000 ),
 .UNSPECIFIED. ) ;
#407 = VECTOR ( 'NONE', #5971, 1000.000000000000000 ) ;
#408 = VERTEX_POINT ( 'NONE', #4709 ) ;
#409 = FACE_OUTER_BOUND ( 'NONE', #2295, .T. ) ;
#410 = CARTESIAN_POINT ( 'NONE',  ( 1.100346185370000063, -0.1995699620052900081, -1.510557960676199851 ) ) ;
#411 = CIRCLE ( 'NONE', #2101, 0.1000000000000000472 ) ;
#412 = CARTESIAN_POINT ( 'NONE',  ( 1.339141960022916411, -0.1438939959533691026, 1.438955708406407075 ) ) ;
#413 = AXIS2_PLACEMENT_3D ( 'NONE', #2979, #5334, #2169 ) ;
#414 = EDGE_CURVE ( 'NONE', #4430, #2663, #2365, .T. ) ;
#415 = LINE ( 'NONE', #4259, #1322 ) ;
#416 = VERTEX_POINT ( 'NONE', #4734 ) ;
#417 = AXIS2_PLACEMENT_3D ( 'NONE', #4368, #96, #4277 ) ;
#418 = EDGE_LOOP ( 'NONE', ( #3650, #812, #4743 ) ) ;
#419 = VECTOR ( 'NONE', #5523, 1000.000000000000000 ) ;
#420 = CARTESIAN_POINT ( 'NONE',  ( 1.399999999999999911, -1.050000000000000044, 1.500000000000000000 ) ) ;
#421 = LINE ( 'NONE', #5137, #2224 ) ;
#422 = DIRECTION ( 'NONE',  ( 1.000000000000000000, 0.000000000000000000, 6.528255230898268933E-09 ) ) ;
#423 = ORIENTED_EDGE ( 'NONE', *, *, #3826, .F. ) ;
#424 = EDGE_CURVE ( 'NONE', #1887, #3645, #490, .T. ) ;
#425 = CARTESIAN_POINT ( 'NONE',  ( -0.8279720751957500013, -0.9249999999999999334, -1.735372488711899974 ) ) ;
#426 = EDGE_CURVE ( 'NONE', #5594, #2568, #5911, .T. ) ;
#427 = MECHANICAL_DESIGN_GEOMETRIC_PRESENTATION_REPRESENTATION (  '', ( #3103 ), #5763 ) ;
#428 = AXIS2_PLACEMENT_3D ( 'NONE', #3846, #1024, #5727 ) ;
#429 = CARTESIAN_POINT ( 'NONE',  ( 0.9253461853700110096, -1.050000000000000044, -1.700033643681099882 ) ) ;
#430 = ADVANCED_FACE ( 'NONE', ( #119 ), #3570, .F. ) ;
#431 = ORIENTED_EDGE ( 'NONE', *, *, #1268, .F. ) ;
#432 = CARTESIAN_POINT ( 'NONE',  ( 0.9253461853700110096, -1.050000000000000044, -1.700033643681099882 ) ) ;
#433 = CIRCLE ( 'NONE', #3211, 0.09999999999999993616 ) ;
#434 = AXIS2_PLACEMENT_3D ( 'NONE', #2088, #2466, #171 ) ;
#435 = LINE ( 'NONE', #1396, #3200 ) ;
#436 = VECTOR ( 'NONE', #1391, 1000.000000000000000 ) ;
#437 = LINE ( 'NONE', #3868, #4282 ) ;
#438 = EDGE_CURVE ( 'NONE', #277, #1679, #2018, .T. ) ;
#439 = VECTOR ( 'NONE', #107, 1000.000000000000000 ) ;
#440 = VERTEX_POINT ( 'NONE', #4428 ) ;
#441 = ORIENTED_EDGE ( 'NONE', *, *, #955, .T. ) ;
#442 = AXIS2_PLACEMENT_3D ( 'NONE', #6122, #452, #47 ) ;
#443 = FACE_OUTER_BOUND ( 'NONE', #104, .T. ) ;
#444 = CARTESIAN_POINT ( 'NONE',  ( -1.329662883809260121, -1.350000000000000089, -0.9299766586093038967 ) ) ;
#445 = ORIENTED_EDGE ( 'NONE', *, *, #2525, .T. ) ;
#446 = CARTESIAN_POINT ( 'NONE',  ( 0.9253461853700208906, -0.9249999999999999334, 1.600098464836000156 ) ) ;
#447 = ORIENTED_EDGE ( 'NONE', *, *, #4619, .T. ) ;
#448 = CARTESIAN_POINT ( 'NONE',  ( -1.099653814629999449, -0.4387691941217055636, -1.606943542311669804 ) ) ;
#449 = DIRECTION ( 'NONE',  ( 0.000000000000000000, 0.2077723112028859176, -0.9781772164068284203 ) ) ;
#450 = CARTESIAN_POINT ( 'NONE',  ( 0.3041156530006948189, -0.8646073320999849710, -1.623758420870152097 ) ) ;
#451 = PLANE ( 'NONE',  #3896 ) ;
#452 = DIRECTION ( 'NONE',  ( -1.224606000000000123E-16, -2.943510999999999877E-32, 1.000000000000000000 ) ) ;
#453 = ORIENTED_EDGE ( 'NONE', *, *, #5036, .F. ) ;
#454 = ORIENTED_EDGE ( 'NONE', *, *, #1646, .T. ) ;
#455 = DIRECTION ( 'NONE',  ( -1.000000000000000000, 0.000000000000000000, 0.000000000000000000 ) ) ;
#456 = CARTESIAN_POINT ( 'NONE',  ( -1.099653814630001891, -0.6387691941217034097, 1.669661749200343603 ) ) ;
#457 = EDGE_CURVE ( 'NONE', #4155, #763, #211, .T. ) ;
#458 = CYLINDRICAL_SURFACE ( 'NONE', #1637, 0.1000000000000000056 ) ;
#459 = ORIENTED_EDGE ( 'NONE', *, *, #424, .F. ) ;
#460 = DIRECTION ( 'NONE',  ( -0.000000000000000000, -1.000000000000000000, -0.000000000000000000 ) ) ;
#461 = CARTESIAN_POINT ( 'NONE',  ( -0.3239300043572699850, -0.9592471301520900662, 1.550032410577399933 ) ) ;
#462 = ORIENTED_EDGE ( 'NONE', *, *, #4777, .T. ) ;
#463 = DIRECTION ( 'NONE',  ( 1.000000000000000000, -0.000000000000000000, -6.726373509374157437E-16 ) ) ;
#464 = EDGE_CURVE ( 'NONE', #2189, #1900, #4397, .T. ) ;
#465 = EDGE_CURVE ( 'NONE', #4480, #1677, #4027, .T. ) ;
#466 = LINE ( 'NONE', #3786, #3887 ) ;
#467 = ORIENTED_EDGE ( 'NONE', *, *, #2283, .F. ) ;
#468 = ADVANCED_FACE ( 'NONE', ( #3963 ), #613, .F. ) ;
#469 = CARTESIAN_POINT ( 'NONE',  ( -0.2971786224989639291, -0.8499973106150077173, -1.625155594456942021 ) ) ;
#470 = CARTESIAN_POINT ( 'NONE',  ( -1.400346185369999885, -0.9249999999999999334, -1.599967589430000059 ) ) ;
#471 = MANIFOLD_SOLID_BREP ( 'Cut-Extrude1[4]', #4572 ) ;
#472 = ORIENTED_EDGE ( 'NONE', *, *, #1294, .F. ) ;
#473 = ADVANCED_FACE ( 'NONE', ( #1589 ), #4950, .F. ) ;
#474 = CARTESIAN_POINT ( 'NONE',  ( -0.3172000791068700365, -0.9251701078087301022, 1.550032410577399933 ) ) ;
#475 = CARTESIAN_POINT ( 'NONE',  ( -0.3121680216226156990, -1.850000000000000089, -1.169311844951808066 ) ) ;
#476 = PLANE ( 'NONE',  #2724 ) ;
#477 = CARTESIAN_POINT ( 'NONE',  ( 1.399999999999999911, -0.4387691941217055636, 1.469948340608704829 ) ) ;
#478 = CARTESIAN_POINT ( 'NONE',  ( -0.8539431365113500094, -0.8785660737170098988, 1.747981784244200032 ) ) ;
#479 = ORIENTED_EDGE ( 'NONE', *, *, #309, .F. ) ;
#480 = ORIENTED_EDGE ( 'NONE', *, *, #194, .F. ) ;
#481 = CARTESIAN_POINT ( 'NONE',  ( 1.077906346199869914, -0.9249999999999999334, -1.600033643681100015 ) ) ;
#482 = CARTESIAN_POINT ( 'NONE',  ( 1.100346185370000063, -0.9007840407764108326, 1.605453700166579623 ) ) ;
#483 = CARTESIAN_POINT ( 'NONE',  ( -0.8689422590826559878, -0.8633171155266975427, -1.750117539516134579 ) ) ;
#484 = ORIENTED_EDGE ( 'NONE', *, *, #5754, .T. ) ;
#485 = PLANE ( 'NONE',  #4883 ) ;
#486 = DIRECTION ( 'NONE',  ( 0.7071067811865441310, -0.000000000000000000, 0.7071067811865510144 ) ) ;
#487 = ORIENTED_EDGE ( 'NONE', *, *, #1646, .F. ) ;
#488 = DIRECTION ( 'NONE',  ( -1.000000000000000000, 0.000000000000000000, 0.000000000000000000 ) ) ;
#489 = FACE_OUTER_BOUND ( 'NONE', #1336, .T. ) ;
#490 = LINE ( 'NONE', #2393, #3197 ) ;
#491 = ADVANCED_FACE ( 'NONE', ( #3477 ), #3544, .F. ) ;
#492 = ORIENTED_EDGE ( 'NONE', *, *, #3124, .F. ) ;
#493 = ORIENTED_EDGE ( 'NONE', *, *, #2336, .T. ) ;
#494 = CARTESIAN_POINT ( 'NONE',  ( -0.3239787811749814672, -1.042165068639381076, 1.614098018189486394 ) ) ;
#495 = FACE_OUTER_BOUND ( 'NONE', #3106, .T. ) ;
#496 = EDGE_CURVE ( 'NONE', #2485, #295, #2078, .T. ) ;
#497 = LINE ( 'NONE', #871, #15 ) ;
#498 = ADVANCED_FACE ( 'NONE', ( #5396 ), #1148, .F. ) ;
#499 = MANIFOLD_SOLID_BREP ( 'Cut-Extrude1[2]', #2305 ) ;
#500 = ORIENTED_EDGE ( 'NONE', *, *, #5833, .F. ) ;
#501 = EDGE_CURVE ( 'NONE', #2997, #3040, #3070, .T. ) ;
#502 = DIRECTION ( 'NONE',  ( -1.224606000000000123E-16, 0.000000000000000000, 1.000000000000000000 ) ) ;
#503 = FACE_OUTER_BOUND ( 'NONE', #1390, .T. ) ;
#504 = CARTESIAN_POINT ( 'NONE',  ( 0.3229846837006900007, -1.023642306690880188, 1.614427587116199936 ) ) ;
#505 = CARTESIAN_POINT ( 'NONE',  ( 1.077972716491063743, -1.043649151657340513, -1.599967587158386495 ) ) ;
#506 = CARTESIAN_POINT ( 'NONE',  ( -0.3697599608643299951, -1.050000000000000044, 1.304769632872699869 ) ) ;
#507 = ADVANCED_FACE ( 'NONE', ( #4545 ), #4116, .F. ) ;
#508 = ORIENTED_EDGE ( 'NONE', *, *, #3548, .F. ) ;
#509 = AXIS2_PLACEMENT_3D ( 'NONE', #2956, #1542, #3432 ) ;
#510 = ORIENTED_EDGE ( 'NONE', *, *, #1678, .T. ) ;
#511 = CARTESIAN_POINT ( 'NONE',  ( 1.100346185369999175, -0.6387691941217051861, 1.607008363466563949 ) ) ;
#512 = CARTESIAN_POINT ( 'NONE',  ( 1.100346185370000063, -0.4333290931498899878, -1.731774341931300087 ) ) ;
#513 = CARTESIAN_POINT ( 'NONE',  ( 1.338776564998479968, -0.1392041924772199901, 1.438462790198413943 ) ) ;
#514 = ORIENTED_EDGE ( 'NONE', *, *, #2203, .T. ) ;
#515 = FACE_OUTER_BOUND ( 'NONE', #3312, .T. ) ;
#516 = CARTESIAN_POINT ( 'NONE',  ( -0.3327125867080690247, -0.9249999999999999334, 1.555086564540699934 ) ) ;
#517 = VECTOR ( 'NONE', #3900, 1000.000000000000000 ) ;
#518 = ORIENTED_EDGE ( 'NONE', *, *, #2327, .T. ) ;
#519 = DIRECTION ( 'NONE',  ( -3.604641231665999851E-48, 1.000000000000000000, 2.943510999999999877E-32 ) ) ;
#520 = CARTESIAN_POINT ( 'NONE',  ( 0.3324025016371400243, -1.049237924120839827, 1.550032410577399933 ) ) ;
#521 = VECTOR ( 'NONE', #4044, 1000.000000000000000 ) ;
#522 = VECTOR ( 'NONE', #2735, 1000.000000000000227 ) ;
#523 = CARTESIAN_POINT ( 'NONE',  ( -1.093662331759600592, -1.047865991543709185, -1.583658889504129474 ) ) ;
#524 = VERTEX_POINT ( 'NONE', #4171 ) ;
#525 = ORIENTED_EDGE ( 'NONE', *, *, #5686, .F. ) ;
#526 = AXIS2_PLACEMENT_3D ( 'NONE', #6017, #1851, #4230 ) ;
#527 = AXIS2_PLACEMENT_3D ( 'NONE', #2957, #73, #2561 ) ;
#528 = EDGE_CURVE ( 'NONE', #5447, #524, #2291, .T. ) ;
#529 = COLOUR_RGB ( '',1.000000000000000000, 1.000000000000000000, 1.000000000000000000 ) ;
#530 = PLANE ( 'NONE',  #428 ) ;
#531 = DIRECTION ( 'NONE',  ( -3.604641231665999851E-48, 1.000000000000000000, 2.943510999999999877E-32 ) ) ;
#532 = VECTOR ( 'NONE', #2132, 1000.000000000000114 ) ;
#533 = EDGE_LOOP ( 'NONE', ( #2682, #1517, #5913, #5122, #1006, #5038, #3587 ) ) ;
#534 = AXIS2_PLACEMENT_3D ( 'NONE', #4631, #6021, #5103 ) ;
#535 = AXIS2_PLACEMENT_3D ( 'NONE', #4418, #1699, #1644 ) ;
#536 = CARTESIAN_POINT ( 'NONE',  ( 1.100346185370000063, -0.4387691941217052305, -1.450301913699300060 ) ) ;
#537 = DIRECTION ( 'NONE',  ( -0.9945218953682734009, 0.1045284632676540537, 1.538403000000002537E-33 ) ) ;
#538 = ADVANCED_FACE ( 'NONE', ( #3157 ), #2760, .F. ) ;
#539 = EDGE_CURVE ( 'NONE', #2126, #3109, #5072, .T. ) ;
#540 = CARTESIAN_POINT ( 'NONE',  ( 1.111083937905236851, -1.049999999999999600, 1.566945613143674754 ) ) ;
#541 = DIRECTION ( 'NONE',  ( 0.000000000000000000, 0.000000000000000000, -1.000000000000000000 ) ) ;
#542 = EDGE_CURVE ( 'NONE', #4458, #4059, #4610, .T. ) ;
#543 = LINE ( 'NONE', #4234, #5292 ) ;
#544 = VERTEX_POINT ( 'NONE', #829 ) ;
#545 = EDGE_LOOP ( 'NONE', ( #2161, #2352 ) ) ;
#546 = CARTESIAN_POINT ( 'NONE',  ( -0.2148469896508999888, -0.7832755502498399691, -1.619586865976599954 ) ) ;
#547 = LINE ( 'NONE', #2445, #637 ) ;
#548 = EDGE_CURVE ( 'NONE', #5594, #2474, #1831, .T. ) ;
#549 = LINE ( 'NONE', #601, #828 ) ;
#550 = ORIENTED_EDGE ( 'NONE', *, *, #4400, .F. ) ;
#551 = VECTOR ( 'NONE', #292, 1000.000000000000000 ) ;
#552 = DIRECTION ( 'NONE',  ( 6.528255230898268933E-09, 0.000000000000000000, -1.000000000000000000 ) ) ;
#553 = DIRECTION ( 'NONE',  ( 0.7087801582446944249, -0.000000000000000000, -0.7054294346556754247 ) ) ;
#554 = ORIENTED_EDGE ( 'NONE', *, *, #115, .T. ) ;
#555 = DIRECTION ( 'NONE',  ( 0.7071067811865427988, 0.7044157488815236956, 0.06163158871624908192 ) ) ;
#556 = FACE_OUTER_BOUND ( 'NONE', #5840, .T. ) ;
#557 = DIRECTION ( 'NONE',  ( 0.08683102911526544010, 0.000000000000000000, -0.9962230535290698130 ) ) ;
#558 = DIRECTION ( 'NONE',  ( 0.000000000000000000, 0.000000000000000000, 1.000000000000000000 ) ) ;
#559 = ORIENTED_EDGE ( 'NONE', *, *, #4712, .F. ) ;
#560 = VERTEX_POINT ( 'NONE', #2191 ) ;
#561 = DIRECTION ( 'NONE',  ( 1.000000000000000000, 0.000000000000000000, 0.000000000000000000 ) ) ;
#562 = DIRECTION ( 'NONE',  ( -1.000000000000000000, -0.000000000000000000, -0.000000000000000000 ) ) ;
#563 = DIRECTION ( 'NONE',  ( 0.07609362964333737933, -0.9766530602446772402, -0.2008943987332879877 ) ) ;
#564 = ORIENTED_EDGE ( 'NONE', *, *, #5036, .T. ) ;
#565 = ADVANCED_FACE ( 'NONE', ( #743 ), #4051, .F. ) ;
#566 = CARTESIAN_POINT ( 'NONE',  ( 0.8253461853700010398, -0.9577411783747772356, -1.704404168877168724 ) ) ;
#567 = CARTESIAN_POINT ( 'NONE',  ( 0.6062165230094863633, -1.850000000000000311, -1.047799757032613854 ) ) ;
#568 = CARTESIAN_POINT ( 'NONE',  ( -1.400346185369999885, -0.9249999999999999334, -1.599967589430000059 ) ) ;
#569 = DIRECTION ( 'NONE',  ( -3.604641231665999851E-48, 1.000000000000000000, 2.943510999999999877E-32 ) ) ;
#570 = CARTESIAN_POINT ( 'NONE',  ( -0.2354959480133909655, -0.8971378302914950753, 1.608586352556380605 ) ) ;
#571 = VERTEX_POINT ( 'NONE', #2231 ) ;
#572 = EDGE_CURVE ( 'NONE', #1039, #3504, #586, .T. ) ;
#573 = EDGE_LOOP ( 'NONE', ( #3279, #4522, #2650, #3588, #77 ) ) ;
#574 = CARTESIAN_POINT ( 'NONE',  ( -1.094192931204805763, -0.6387691941217032987, 1.732315134934079515 ) ) ;
#575 = CARTESIAN_POINT ( 'NONE',  ( 0.8342577883888400159, -0.9249999999999999334, 1.555086564540699934 ) ) ;
#576 = DIRECTION ( 'NONE',  ( 1.000000000000000000, 0.000000000000000000, -4.779941512765678277E-23 ) ) ;
#577 = VERTEX_POINT ( 'NONE', #4573 ) ;
#578 = DIRECTION ( 'NONE',  ( 1.000000000000000000, 0.000000000000000000, 1.224606000000000123E-16 ) ) ;
#579 = LINE ( 'NONE', #3324, #906 ) ;
#580 = VERTEX_POINT ( 'NONE', #6030 ) ;
#581 = CARTESIAN_POINT ( 'NONE',  ( -1.077142607443590139, -1.050000000000000044, 1.600098464836000156 ) ) ;
#582 = CARTESIAN_POINT ( 'NONE',  ( -0.8335654176488410672, -0.9249999999999999334, -1.555021743385800015 ) ) ;
#583 = DIRECTION ( 'NONE',  ( 1.000000000000000000, 0.000000000000000000, 0.000000000000000000 ) ) ;
#584 = CARTESIAN_POINT ( 'NONE',  ( 1.100346185370000063, -0.3930181182223100311, 1.585506815182800011 ) ) ;
#585 = ADVANCED_FACE ( 'NONE', ( #1794 ), #1325, .T. ) ;
#586 = B_SPLINE_CURVE_WITH_KNOTS ( 'NONE', 3,
 ( #4142, #3716, #793, #767 ),
 .UNSPECIFIED., .F., .F.,
 ( 4, 4 ),
 ( 0.000000000000000000, 0.3953546134495347086 ),
 .UNSPECIFIED. ) ;
#587 = ORIENTED_EDGE ( 'NONE', *, *, #2241, .T. ) ;
#588 = ORIENTED_EDGE ( 'NONE', *, *, #85, .F. ) ;
#589 = CARTESIAN_POINT ( 'NONE',  ( -1.379441953812042598, -1.283823020349123878, 1.550301794177852743 ) ) ;
#590 = FACE_OUTER_BOUND ( 'NONE', #945, .T. ) ;
#591 = DIRECTION ( 'NONE',  ( 0.1039620511844979722, -0.9891328443778537594, 0.1039620511844979722 ) ) ;
#592 = ORIENTED_EDGE ( 'NONE', *, *, #465, .F. ) ;
#593 = SURFACE_STYLE_FILL_AREA ( #2031 ) ;
#594 = DIRECTION ( 'NONE',  ( 0.000000000000000000, -0.000000000000000000, 1.000000000000000000 ) ) ;
#595 = CARTESIAN_POINT ( 'NONE',  ( 1.399999999999999911, -1.050000000000000044, -1.499967589430000192 ) ) ;
#596 = DIRECTION ( 'NONE',  ( -0.000000000000000000, 0.1045284632676534708, 0.9945218953682734009 ) ) ;
#597 = ORIENTED_EDGE ( 'NONE', *, *, #3765, .F. ) ;
#598 = ORIENTED_EDGE ( 'NONE', *, *, #4019, .T. ) ;
#599 = CARTESIAN_POINT ( 'NONE',  ( -0.8246538146299998706, -0.9537363479935599964, -1.700033643681099882 ) ) ;
#600 = CARTESIAN_POINT ( 'NONE',  ( 1.399999999999999911, -1.450000000000000178, -1.464972124019600086 ) ) ;
#601 = CARTESIAN_POINT ( 'NONE',  ( 1.338323521436174834, -0.1333894300112508924, -1.549350246478247373 ) ) ;
#602 = ADVANCED_FACE ( 'NONE', ( #5483 ), #1741, .T. ) ;
#603 = ORIENTED_EDGE ( 'NONE', *, *, #1797, .F. ) ;
#604 = DIRECTION ( 'NONE',  ( -6.726373509374157437E-16, 0.000000000000000000, 1.000000000000000000 ) ) ;
#605 = ORIENTED_EDGE ( 'NONE', *, *, #962, .T. ) ;
#606 = VECTOR ( 'NONE', #5641, 1000.000000000000000 ) ;
#607 = ORIENTED_EDGE ( 'NONE', *, *, #1836, .F. ) ;
#608 = FACE_OUTER_BOUND ( 'NONE', #5616, .T. ) ;
#609 = DIRECTION ( 'NONE',  ( 1.000000000000000000, 0.000000000000000000, 0.000000000000000000 ) ) ;
#610 = AXIS2_PLACEMENT_3D ( 'NONE', #568, #2033, #3489 ) ;
#611 = EDGE_CURVE ( 'NONE', #5433, #2007, #83, .T. ) ;
#612 = DIRECTION ( 'NONE',  ( 0.000000000000000000, 0.000000000000000000, -1.000000000000000000 ) ) ;
#613 = PLANE ( 'NONE',  #2715 ) ;
#614 = EDGE_CURVE ( 'NONE', #2210, #1574, #1701, .T. ) ;
#615 = AXIS2_PLACEMENT_3D ( 'NONE', #5850, #2112, #5822 ) ;
#616 = LINE ( 'NONE', #3933, #5743 ) ;
#617 = EDGE_LOOP ( 'NONE', ( #3260, #5458, #2065, #5323 ) ) ;
#618 = ORIENTED_EDGE ( 'NONE', *, *, #5810, .F. ) ;
#619 = LINE ( 'NONE', #4431, #1009 ) ;
#620 = VECTOR ( 'NONE', #3922, 1000.000000000000000 ) ;
#621 = AXIS2_PLACEMENT_3D ( 'NONE', #1080, #5239, #4733 ) ;
#622 =( BOUNDED_CURVE ( )  B_SPLINE_CURVE ( 3, ( #352, #4041, #1191, #1305 ),
 .UNSPECIFIED., .F., .T. ) 
 B_SPLINE_CURVE_WITH_KNOTS ( ( 4, 4 ),
 ( 4.859324196825610009, 5.110163961409610600 ),
 .UNSPECIFIED. ) 
 CURVE ( )  GEOMETRIC_REPRESENTATION_ITEM ( )  RATIONAL_B_SPLINE_CURVE ( ( 1.000000000000000000, 0.9947634873701804992, 0.9947634873701804992, 1.000000000000000000 ) ) 
 REPRESENTATION_ITEM ( '' )  );
#623 = DIRECTION ( 'NONE',  ( 1.224606793118269567E-16, 0.7071067811865475727, 0.7071067811865475727 ) ) ;
#624 = CARTESIAN_POINT ( 'NONE',  ( 0.2942587117118909967, -0.8434481562170000890, -1.624851559886199892 ) ) ;
#625 = ORIENTED_EDGE ( 'NONE', *, *, #542, .F. ) ;
#626 = VECTOR ( 'NONE', #5436, 1000.000000000000000 ) ;
#627 = VECTOR ( 'NONE', #908, 1000.000000000000114 ) ;
#628 = ORIENTED_EDGE ( 'NONE', *, *, #3426, .F. ) ;
#629 = CARTESIAN_POINT ( 'NONE',  ( 1.400346185369999885, -1.050000000000000044, -1.599967589430000059 ) ) ;
#630 = FACE_OUTER_BOUND ( 'NONE', #3085, .T. ) ;
#631 = DIRECTION ( 'NONE',  ( -0.000000000000000000, -0.000000000000000000, 1.000000000000000000 ) ) ;
#632 = AXIS2_PLACEMENT_3D ( 'NONE', #2042, #2939, #4815 ) ;
#633 = DIRECTION ( 'NONE',  ( -1.000000000000000000, -3.366872316660000075E-49, -3.883759441479614959E-96 ) ) ;
#634 = DIRECTION ( 'NONE',  ( -3.533083693894559292E-15, 0.9961943056174366040, 0.08716022863320897762 ) ) ;
#635 = VECTOR ( 'NONE', #326, 1000.000000000000000 ) ;
#636 = EDGE_LOOP ( 'NONE', ( #2344, #2790, #3464, #5407 ) ) ;
#637 = VECTOR ( 'NONE', #2501, 1000.000000000000000 ) ;
#638 = VERTEX_POINT ( 'NONE', #4327 ) ;
#639 = CARTESIAN_POINT ( 'NONE',  ( 1.330355254549260069, -1.850000000000000089, -1.429976658609300122 ) ) ;
#640 = CARTESIAN_POINT ( 'NONE',  ( -0.8272399069292739604, -0.9506289529610200129, -1.723048963505499964 ) ) ;
#641 = PRODUCT ( 'resized_LED', 'resized_LED', '', ( #4682 ) ) ;
#642 = CARTESIAN_POINT ( 'NONE',  ( -0.3148469896508799826, -1.050000000000000044, -1.549967526534500095 ) ) ;
#643 = ORIENTED_EDGE ( 'NONE', *, *, #5576, .T. ) ;
#644 = CARTESIAN_POINT ( 'NONE',  ( -0.6996538146299989824, -0.1150000000000000050, -0.6531358141377020532 ) ) ;
#645 = EDGE_LOOP ( 'NONE', ( #2991, #3758, #2583, #3618, #5098 ) ) ;
#646 = EDGE_CURVE ( 'NONE', #5333, #4606, #978, .T. ) ;
#647 = ORIENTED_EDGE ( 'NONE', *, *, #1586, .T. ) ;
#648 = DIRECTION ( 'NONE',  ( -1.219945523824950070E-16, 0.08716022863319299041, 0.9961943056174379363 ) ) ;
#649 = LINE ( 'NONE', #3005, #3800 ) ;
#650 =( LENGTH_UNIT ( ) NAMED_UNIT ( * ) SI_UNIT ( .MILLI., .METRE. ) );
#651 = DIRECTION ( 'NONE',  ( 1.000000000000000000, 0.000000000000000000, 0.000000000000000000 ) ) ;
#652 = DIRECTION ( 'NONE',  ( 1.000000000000000000, -5.463214806653409922E-22, 0.000000000000000000 ) ) ;
#653 = ADVANCED_FACE ( 'NONE', ( #1955 ), #1513, .T. ) ;
#654 = ORIENTED_EDGE ( 'NONE', *, *, #1338, .T. ) ;
#655 = DIRECTION ( 'NONE',  ( 0.000000000000000000, 0.000000000000000000, 1.000000000000000000 ) ) ;
#656 = CARTESIAN_POINT ( 'NONE',  ( -1.373407215572222562, -1.350000000000000089, -0.8862323268463419002 ) ) ;
#657 = ORIENTED_EDGE ( 'NONE', *, *, #4927, .T. ) ;
#658 = ORIENTED_EDGE ( 'NONE', *, *, #3, .F. ) ;
#659 = SURFACE_STYLE_FILL_AREA ( #5408 ) ;
#660 = DIRECTION ( 'NONE',  ( 0.000000000000000000, 2.943510999999999877E-32, -1.000000000000000000 ) ) ;
#661 = CARTESIAN_POINT ( 'NONE',  ( -0.007494065187219070383, -0.9249999999999999334, -0.8883155190558998937 ) ) ;
#662 = CARTESIAN_POINT ( 'NONE',  ( -1.028348927233651677, 3.769901024445819537, -1.469883519468671240 ) ) ;
#663 = DIRECTION ( 'NONE',  ( -0.9892244290411188468, 0.1035254292149339755, 0.1035254292149341698 ) ) ;
#664 = ORIENTED_EDGE ( 'NONE', *, *, #3685, .F. ) ;
#665 = EDGE_CURVE ( 'NONE', #3196, #1679, #5629, .T. ) ;
#666 = ORIENTED_EDGE ( 'NONE', *, *, #5393, .T. ) ;
#667 = LINE ( 'NONE', #2565, #1516 ) ;
#668 = CARTESIAN_POINT ( 'NONE',  ( -1.399653814629999937, -1.050000000000000044, -1.499967589430000192 ) ) ;
#669 = DIRECTION ( 'NONE',  ( -3.604641231665999851E-48, 1.000000000000000000, 2.943510999999999877E-32 ) ) ;
#670 = ORIENTED_EDGE ( 'NONE', *, *, #688, .T. ) ;
#671 = DIRECTION ( 'NONE',  ( 0.000000000000000000, 1.000000000000000000, 0.000000000000000000 ) ) ;
#672 = ORIENTED_EDGE ( 'NONE', *, *, #4440, .T. ) ;
#673 = ORIENTED_EDGE ( 'NONE', *, *, #959, .T. ) ;
#674 = CARTESIAN_POINT ( 'NONE',  ( -1.094192931204805763, -0.4387691941217055636, 1.732315134934079515 ) ) ;
#675 = CARTESIAN_POINT ( 'NONE',  ( -0.8401335567719319108, -1.010183509263284263, 1.670011314822242410 ) ) ;
#676 = DIRECTION ( 'NONE',  ( 0.07767724310006517141, -0.9969785583975079302, 0.000000000000000000 ) ) ;
#677 = PLANE ( 'NONE',  #112 ) ;
#678 = ORIENTED_EDGE ( 'NONE', *, *, #2960, .T. ) ;
#679 = LINE ( 'NONE', #215, #2108 ) ;
#680 = LINE ( 'NONE', #4925, #2314 ) ;
#681 = EDGE_CURVE ( 'NONE', #2059, #3109, #745, .T. ) ;
#682 = VERTEX_POINT ( 'NONE', #4728 ) ;
#683 = ORIENTED_EDGE ( 'NONE', *, *, #2037, .T. ) ;
#684 = CARTESIAN_POINT ( 'NONE',  ( -1.099653814629999893, -0.6442092950935299767, 1.607484335314399937 ) ) ;
#685 = CARTESIAN_POINT ( 'NONE',  ( 1.399999999999999911, -1.050000000000000044, -1.500000000000000000 ) ) ;
#686 = EDGE_CURVE ( 'NONE', #2474, #1477, #1924, .T. ) ;
#687 = CARTESIAN_POINT ( 'NONE',  ( -0.3148469896508999666, -0.9939373499163199899, -1.688827309405799948 ) ) ;
#688 = EDGE_CURVE ( 'NONE', #4658, #5066, #2848, .T. ) ;
#689 = CARTESIAN_POINT ( 'NONE',  ( -0.2457217716898669191, -0.8984301063805500975, 1.607610669915691126 ) ) ;
#690 = EDGE_CURVE ( 'NONE', #1743, #4262, #3323, .T. ) ;
#691 = ORIENTED_EDGE ( 'NONE', *, *, #2477, .F. ) ;
#692 = VERTEX_POINT ( 'NONE', #2874 ) ;
#693 = CARTESIAN_POINT ( 'NONE',  ( 1.399999999999999911, -0.1392041924772199901, 1.438462790198500096 ) ) ;
#694 = CARTESIAN_POINT ( 'NONE',  ( 1.399999999999999911, -1.050000000000000044, -1.599967589430000059 ) ) ;
#695 = LINE ( 'NONE', #4108, #238 ) ;
#696 = EDGE_CURVE ( 'NONE', #5595, #1743, #1483, .T. ) ;
#697 = ORIENTED_EDGE ( 'NONE', *, *, #1153, .T. ) ;
#698 = FACE_OUTER_BOUND ( 'NONE', #2702, .T. ) ;
#699 = EDGE_LOOP ( 'NONE', ( #1163, #2282, #2676, #2967 ) ) ;
#700 = ORIENTED_EDGE ( 'NONE', *, *, #3134, .F. ) ;
#701 = CARTESIAN_POINT ( 'NONE',  ( 1.100346185370000063, -0.8500000000000099698, -1.549967526534500095 ) ) ;
#702 = CARTESIAN_POINT ( 'NONE',  ( 1.178382580480350716, -0.2500000000000000000, 1.500032410570000030 ) ) ;
#703 = FACE_OUTER_BOUND ( 'NONE', #1814, .T. ) ;
#704 = DIRECTION ( 'NONE',  ( 1.000000000000000000, 0.000000000000000000, -1.392929143849437388E-14 ) ) ;
#705 = VECTOR ( 'NONE', #4226, 1000.000000000000114 ) ;
#706 = LINE ( 'NONE', #2975, #5653 ) ;
#707 = VERTEX_POINT ( 'NONE', #425 ) ;
#708 = CARTESIAN_POINT ( 'NONE',  ( -1.077208978762580260, -1.043632083895880136, -1.600033643681100015 ) ) ;
#709 = CIRCLE ( 'NONE', #2001, 0.07517010780874895659 ) ;
#710 = DIRECTION ( 'NONE',  ( -1.000000000000000000, 0.000000000000000000, -1.224606000000000123E-16 ) ) ;
#711 = VECTOR ( 'NONE', #555, 1000.000000000000114 ) ;
#712 = CARTESIAN_POINT ( 'NONE',  ( -1.399653814629999937, -0.9249999999999999334, 1.500032410570000030 ) ) ;
#713 = ORIENTED_EDGE ( 'NONE', *, *, #4931, .T. ) ;
#714 = ORIENTED_EDGE ( 'NONE', *, *, #4712, .T. ) ;
#715 = AXIS2_PLACEMENT_3D ( 'NONE', #1771, #5046, #2697 ) ;
#716 = ADVANCED_FACE ( 'NONE', ( #515 ), #3286, .T. ) ;
#717 = SURFACE_STYLE_USAGE ( .BOTH. , #1186 ) ;
#718 = DIRECTION ( 'NONE',  ( -1.000000000000000000, 0.000000000000000000, -1.224606000000000123E-16 ) ) ;
#719 = CARTESIAN_POINT ( 'NONE',  ( -0.8671824569568558072, -0.8762625985654592942, 1.622412911972744842 ) ) ;
#720 = LINE ( 'NONE', #4504, #1208 ) ;
#721 = AXIS2_PLACEMENT_3D ( 'NONE', #974, #5202, #4699 ) ;
#722 = LINE ( 'NONE', #4012, #3591 ) ;
#723 = EDGE_LOOP ( 'NONE', ( #5368, #1345, #6084, #5687 ) ) ;
#724 = VECTOR ( 'NONE', #3516, 1000.000000000000000 ) ;
#725 = EDGE_CURVE ( 'NONE', #2367, #4059, #3812, .T. ) ;
#726 = EDGE_CURVE ( 'NONE', #4689, #2301, #1894, .T. ) ;
#727 = ORIENTED_EDGE ( 'NONE', *, *, #4983, .F. ) ;
#728 = PRESENTATION_LAYER_ASSIGNMENT (  '', '', ( #4488 ) ) ;
#729 = CARTESIAN_POINT ( 'NONE',  ( 0.8253461853700009287, -0.9853672334559258061, -1.671049408285677274 ) ) ;
#730 = PLANE ( 'NONE',  #834 ) ;
#731 = AXIS2_PLACEMENT_3D ( 'NONE', #3328, #4272, #28 ) ;
#732 = DIRECTION ( 'NONE',  ( 1.000000000000000000, 4.747783872879610602E-64, 1.224606000000000123E-16 ) ) ;
#733 = ADVANCED_FACE ( 'NONE', ( #3835 ), #5717, .T. ) ;
#734 = VECTOR ( 'NONE', #2281, 1000.000000000000000 ) ;
#735 = LINE ( 'NONE', #2723, #734 ) ;
#736 = AXIS2_PLACEMENT_3D ( 'NONE', #1675, #732, #2596 ) ;
#737 = EDGE_LOOP ( 'NONE', ( #5491, #2628, #3485, #3643 ) ) ;
#738 = EDGE_CURVE ( 'NONE', #855, #5447, #1457, .T. ) ;
#739 = AXIS2_PLACEMENT_3D ( 'NONE', #5621, #1999, #1573 ) ;
#740 = EDGE_LOOP ( 'NONE', ( #1536, #2725, #5521, #525, #6038 ) ) ;
#741 = CARTESIAN_POINT ( 'NONE',  ( -0.3140752015264230979, -0.9850847623428392597, -1.697386305648695970 ) ) ;
#742 = DIRECTION ( 'NONE',  ( -1.000000000000000000, 0.000000000000000000, -1.224606000000000123E-16 ) ) ;
#743 = FACE_OUTER_BOUND ( 'NONE', #5387, .T. ) ;
#744 = LINE ( 'NONE', #3518, #1406 ) ;
#745 = B_SPLINE_CURVE_WITH_KNOTS ( 'NONE', 3,
 ( #2823, #2387, #888, #4303 ),
 .UNSPECIFIED., .F., .F.,
 ( 4, 4 ),
 ( 0.2099636628640126623, 1.000000000000000000 ),
 .UNSPECIFIED. ) ;
#746 = ORIENTED_EDGE ( 'NONE', *, *, #3730, .T. ) ;
#747 = CARTESIAN_POINT ( 'NONE',  ( 0.8546355072513410756, -0.8903354500379199177, -1.613399352759300021 ) ) ;
#748 = PLANE ( 'NONE',  #1819 ) ;
#749 = ORIENTED_EDGE ( 'NONE', *, *, #5209, .F. ) ;
#750 = VERTEX_POINT ( 'NONE', #2907 ) ;
#751 = FACE_OUTER_BOUND ( 'NONE', #3977, .T. ) ;
#752 = LINE ( 'NONE', #3026, #1847 ) ;
#753 = DIRECTION ( 'NONE',  ( -1.000000000000000000, 0.000000000000000000, -0.000000000000000000 ) ) ;
#754 = CARTESIAN_POINT ( 'NONE',  ( 0.2240622407965709995, -1.015357145937120009, 1.585437340519500138 ) ) ;
#755 = DIRECTION ( 'NONE',  ( -1.000000000000000000, 0.000000000000000000, -1.224606000000000123E-16 ) ) ;
#756 = ORIENTED_EDGE ( 'NONE', *, *, #2880, .F. ) ;
#757 = ORIENTED_EDGE ( 'NONE', *, *, #3193, .F. ) ;
#758 = CARTESIAN_POINT ( 'NONE',  ( 0.9253461853700110096, -1.043632083895880136, -1.600033643681100015 ) ) ;
#759 = DIRECTION ( 'NONE',  ( -1.396914964150708898E-24, 0.9986295347545737222, -0.05233595624294698490 ) ) ;
#760 = CARTESIAN_POINT ( 'NONE',  ( -1.399653814629999937, -0.9249999999999999334, 1.500032410570000030 ) ) ;
#761 = ADVANCED_FACE ( 'NONE', ( #951 ), #485, .T. ) ;
#762 = LINE ( 'NONE', #2159, #635 ) ;
#763 = VERTEX_POINT ( 'NONE', #4421 ) ;
#764 = EDGE_LOOP ( 'NONE', ( #5162, #2090, #5752, #493 ) ) ;
#765 = CARTESIAN_POINT ( 'NONE',  ( 0.9253461853700208906, -1.043632083895880136, 1.600098464836000156 ) ) ;
#766 = CARTESIAN_POINT ( 'NONE',  ( 1.094967647999773641, -0.4387691941217052305, 1.731370368539298710 ) ) ;
#767 = CARTESIAN_POINT ( 'NONE',  ( -0.8246353672982800198, -0.9518088554381181066, 1.722173181524730534 ) ) ;
#768 = CARTESIAN_POINT ( 'NONE',  ( 0.2151530103492109991, -0.7318019484660600593, -1.568113264192799949 ) ) ;
#769 = ADVANCED_FACE ( 'NONE', ( #3470 ), #4880, .T. ) ;
#770 = ORIENTED_EDGE ( 'NONE', *, *, #6072, .F. ) ;
#771 = DIRECTION ( 'NONE',  ( -1.224606000000000123E-16, 0.000000000000000000, 1.000000000000000000 ) ) ;
#772 = DIRECTION ( 'NONE',  ( -2.957492677250100023E-32, -1.000000000000000000, 0.000000000000000000 ) ) ;
#773 = DIRECTION ( 'NONE',  ( 0.000000000000000000, -1.000000000000000000, 0.000000000000000000 ) ) ;
#774 = ADVANCED_FACE ( 'NONE', ( #5350 ), #3927, .T. ) ;
#775 = ORIENTED_EDGE ( 'NONE', *, *, #5394, .T. ) ;
#776 = ORIENTED_EDGE ( 'NONE', *, *, #2811, .F. ) ;
#777 = DIRECTION ( 'NONE',  ( -1.000000000000000000, 0.000000000000000000, -1.224606000000000123E-16 ) ) ;
#778 = CYLINDRICAL_SURFACE ( 'NONE', #2600, 0.07517010780874895659 ) ;
#779 = CARTESIAN_POINT ( 'NONE',  ( 0.9253461853700208906, -1.043632083895880136, 1.600098464836000156 ) ) ;
#780 =( BOUNDED_CURVE ( )  B_SPLINE_CURVE ( 3, ( #785, #4107, #4625, #2348 ),
 .UNSPECIFIED., .F., .T. ) 
 B_SPLINE_CURVE_WITH_KNOTS ( ( 4, 4 ),
 ( 1.304335392711493791, 1.570796326794896558 ),
 .UNSPECIFIED. ) 
 CURVE ( )  GEOMETRIC_REPRESENTATION_ITEM ( )  RATIONAL_B_SPLINE_CURVE ( ( 1.000000000000000000, 0.9940919611290006674, 0.9940919611290006674, 1.000000000000000000 ) ) 
 REPRESENTATION_ITEM ( '' )  );
#781 = CARTESIAN_POINT ( 'NONE',  ( -0.8308110784678556238, -0.9249999999999999334, 1.630085074896530095 ) ) ;
#782 = ORIENTED_EDGE ( 'NONE', *, *, #3693, .T. ) ;
#783 = EDGE_LOOP ( 'NONE', ( #2452, #2039, #2135, #993, #1665 ) ) ;
#784 = LINE ( 'NONE', #693, #125 ) ;
#785 = CARTESIAN_POINT ( 'NONE',  ( 0.8288753014771099714, -0.9249999999999999334, -1.726365536148700031 ) ) ;
#786 = CARTESIAN_POINT ( 'NONE',  ( 0.8303907871193809687, -0.9249999999999999334, -1.668673281070500058 ) ) ;
#787 = DIRECTION ( 'NONE',  ( 1.000000000000000000, 0.000000000000000000, 0.000000000000000000 ) ) ;
#788 = VERTEX_POINT ( 'NONE', #2071 ) ;
#789 = ORIENTED_EDGE ( 'NONE', *, *, #1016, .T. ) ;
#790 = PLANE ( 'NONE',  #4768 ) ;
#791 = ADVANCED_FACE ( 'NONE', ( #4944 ), #2545, .F. ) ;
#792 = CARTESIAN_POINT ( 'NONE',  ( 0.3128603923624576066, -1.850000000000000533, 1.169376666091901606 ) ) ;
#793 = CARTESIAN_POINT ( 'NONE',  ( -0.8245090937972061607, -0.9243462646708858754, 1.738422551058878218 ) ) ;
#794 = DIRECTION ( 'NONE',  ( 7.362546999999995869E-34, -0.08715574274765794383, -0.9961946980917455452 ) ) ;
#795 = ORIENTED_EDGE ( 'NONE', *, *, #5999, .F. ) ;
#796 = LINE ( 'NONE', #4119, #2798 ) ;
#797 = EDGE_CURVE ( 'NONE', #2856, #5434, #1610, .T. ) ;
#798 = EDGE_CURVE ( 'NONE', #283, #3050, #3894, .T. ) ;
#799 = VECTOR ( 'NONE', #1590, 1000.000000000000227 ) ;
#800 = LINE ( 'NONE', #6104, #1523 ) ;
#801 = EDGE_CURVE ( 'NONE', #2389, #5740, #3503, .T. ) ;
#802 = CARTESIAN_POINT ( 'NONE',  ( -0.8581697333585999177, -1.035255832108370022, -1.625335136751600018 ) ) ;
#803 = ORIENTED_EDGE ( 'NONE', *, *, #4471, .T. ) ;
#804 = ORIENTED_EDGE ( 'NONE', *, *, #3391, .F. ) ;
#805 = AXIS2_PLACEMENT_3D ( 'NONE', #5440, #4964, #3116 ) ;
#806 = CARTESIAN_POINT ( 'NONE',  ( 1.399999999999999911, -1.053956916885544048, 0.7500324105699980315 ) ) ;
#807 = VECTOR ( 'NONE', #5544, 1000.000000000000227 ) ;
#808 = EDGE_LOOP ( 'NONE', ( #5569, #5253, #4104, #3024 ) ) ;
#809 = DIRECTION ( 'NONE',  ( 0.000000000000000000, 0.000000000000000000, -1.000000000000000000 ) ) ;
#810 = VECTOR ( 'NONE', #648, 1000.000000000000227 ) ;
#811 = ORIENTED_EDGE ( 'NONE', *, *, #3960, .T. ) ;
#812 = ORIENTED_EDGE ( 'NONE', *, *, #5397, .F. ) ;
#813 = CARTESIAN_POINT ( 'NONE',  ( 0.8546355072513410756, -0.8785660737170098988, -1.747916963089400033 ) ) ;
#814 = DIRECTION ( 'NONE',  ( -0.000000000000000000, -1.000000000000000000, -0.000000000000000000 ) ) ;
#815 = DIRECTION ( 'NONE',  ( 1.000000000000000000, 0.000000000000000000, 0.000000000000000000 ) ) ;
#816 = VECTOR ( 'NONE', #4349, 1000.000000000000000 ) ;
#817 = VECTOR ( 'NONE', #1965, 1000.000000000000000 ) ;
#818 = LINE ( 'NONE', #5425, #5966 ) ;
#819 = DIRECTION ( 'NONE',  ( -0.9962230535290709232, 0.000000000000000000, 0.08683102911525399092 ) ) ;
#820 = VECTOR ( 'NONE', #1993, 1000.000000000000227 ) ;
#821 = ORIENTED_EDGE ( 'NONE', *, *, #2638, .F. ) ;
#822 =( GEOMETRIC_REPRESENTATION_CONTEXT ( 3 ) GLOBAL_UNCERTAINTY_ASSIGNED_CONTEXT ( ( #4423 ) ) GLOBAL_UNIT_ASSIGNED_CONTEXT ( ( #4903, #2621, #257 ) ) REPRESENTATION_CONTEXT ( 'NONE', 'WORKASPACE' ) );
#823 = COLOUR_RGB ( '',1.000000000000000000, 1.000000000000000000, 0.000000000000000000 ) ;
#824 = VERTEX_POINT ( 'NONE', #2966 ) ;
#825 = DIRECTION ( 'NONE',  ( 0.000000000000000000, 0.1044170797297347131, -0.9945335959437037188 ) ) ;
#826 = DIRECTION ( 'NONE',  ( -1.000000000000000000, -0.000000000000000000, -0.000000000000000000 ) ) ;
#827 = CARTESIAN_POINT ( 'NONE',  ( 1.400346185369999885, -0.9249999999999999334, -1.499967589430000192 ) ) ;
#828 = VECTOR ( 'NONE', #5293, 999.9999999999998863 ) ;
#829 = CARTESIAN_POINT ( 'NONE',  ( -0.8295980764724216749, -0.9851398261836675774, 1.697512367058539695 ) ) ;
#830 = DIRECTION ( 'NONE',  ( 1.000000000000000000, 0.000000000000000000, 1.224606522663847868E-16 ) ) ;
#831 = EDGE_CURVE ( 'NONE', #4484, #6078, #3442, .T. ) ;
#832 = AXIS2_PLACEMENT_3D ( 'NONE', #5446, #4975, #4515 ) ;
#833 = ORIENTED_EDGE ( 'NONE', *, *, #3304, .T. ) ;
#834 = AXIS2_PLACEMENT_3D ( 'NONE', #4875, #759, #5958 ) ;
#835 = CARTESIAN_POINT ( 'NONE',  ( -0.8246353672982800198, -0.9518088554381181066, 1.722173181524730534 ) ) ;
#836 = CARTESIAN_POINT ( 'NONE',  ( 1.100346185370000063, -0.1821379162786400108, -1.709796821799699940 ) ) ;
#837 = PLANE ( 'NONE',  #2014 ) ;
#838 = ADVANCED_FACE ( 'NONE', ( #698 ), #5324, .T. ) ;
#839 = ORIENTED_EDGE ( 'NONE', *, *, #3551, .F. ) ;
#840 = ORIENTED_EDGE ( 'NONE', *, *, #1880, .T. ) ;
#841 = CARTESIAN_POINT ( 'NONE',  ( -0.2148469896508999888, -0.7832755502498399691, -1.619586865976599954 ) ) ;
#842 = CARTESIAN_POINT ( 'NONE',  ( 0.3276485583613384933, -1.049876296672169751, 1.582915318802308402 ) ) ;
#843 = AXIS2_PLACEMENT_3D ( 'NONE', #1968, #5311, #5279 ) ;
#844 = ORIENTED_EDGE ( 'NONE', *, *, #5042, .T. ) ;
#845 = ADVANCED_FACE ( 'NONE', ( #4913 ), #2998, .F. ) ;
#846 = CARTESIAN_POINT ( 'NONE',  ( -0.2939526910135789595, -0.8434481562170000890, -1.624851559886199892 ) ) ;
#847 = ORIENTED_EDGE ( 'NONE', *, *, #3515, .T. ) ;
#848 = EDGE_LOOP ( 'NONE', ( #3658, #1426, #1856, #1989 ) ) ;
#849 = LINE ( 'NONE', #813, #2711 ) ;
#850 = PLANE ( 'NONE',  #5206 ) ;
#851 = LINE ( 'NONE', #5619, #4788 ) ;
#852 = DIRECTION ( 'NONE',  ( -0.000000000000000000, -0.000000000000000000, -1.000000000000000000 ) ) ;
#853 = CARTESIAN_POINT ( 'NONE',  ( -0.2397462232363417878, -0.9058614938238374048, -1.742007916083258667 ) ) ;
#854 = ORIENTED_EDGE ( 'NONE', *, *, #959, .F. ) ;
#855 = VERTEX_POINT ( 'NONE', #2044 ) ;
#856 = DIRECTION ( 'NONE',  ( 0.9945218953682734009, 0.1045284632676540537, 1.538403000000000655E-33 ) ) ;
#857 = LINE ( 'NONE', #2758, #5093 ) ;
#858 = DIRECTION ( 'NONE',  ( -1.000000000000000000, 0.000000000000000000, 0.000000000000000000 ) ) ;
#859 = CARTESIAN_POINT ( 'NONE',  ( 0.5464260600913909416, -0.8499999999999999778, -1.549967526534500095 ) ) ;
#860 = CARTESIAN_POINT ( 'NONE',  ( -0.8281115821720089754, -0.9249999999999998224, -1.729364567925431917 ) ) ;
#861 = EDGE_LOOP ( 'NONE', ( #770, #4219, #2319, #1647 ) ) ;
#862 = CARTESIAN_POINT ( 'NONE',  ( 0.2240622407965709995, -0.9855704384896400994, 1.697071989309300033 ) ) ;
#863 = CARTESIAN_POINT ( 'NONE',  ( 1.399999999999999911, -1.050000000000000044, 1.500000000000000000 ) ) ;
#864 = CARTESIAN_POINT ( 'NONE',  ( 1.100346185370000063, 0.0004300379947100309535, -1.510557960676199851 ) ) ;
#865 = EDGE_LOOP ( 'NONE', ( #1546, #550, #4855 ) ) ;
#866 = ORIENTED_EDGE ( 'NONE', *, *, #5355, .F. ) ;
#867 = DIRECTION ( 'NONE',  ( -1.219946000000000457E-16, -0.08715574274765794383, 0.9961946980917455452 ) ) ;
#868 = ADVANCED_FACE ( 'NONE', ( #2099 ), #4387, .F. ) ;
#869 = CARTESIAN_POINT ( 'NONE',  ( 1.399999999999999911, -0.9249999999999999334, 1.500000000000000000 ) ) ;
#870 = ORIENTED_EDGE ( 'NONE', *, *, #3426, .T. ) ;
#871 = CARTESIAN_POINT ( 'NONE',  ( 1.399999999999999911, -1.350000000000000089, -1.536245298299737660 ) ) ;
#872 = ORIENTED_EDGE ( 'NONE', *, *, #6053, .F. ) ;
#873 = DIRECTION ( 'NONE',  ( 0.1354752932545029986, 0.3791553685416658714, 0.9153620329812898193 ) ) ;
#874 = CARTESIAN_POINT ( 'NONE',  ( -0.3148469896508799826, -1.050000000000000044, -1.549967526534500095 ) ) ;
#875 = EDGE_CURVE ( 'NONE', #2457, #692, #2476, .T. ) ;
#876 = ADVANCED_FACE ( 'NONE', ( #1648, #4479 ), #4843, .T. ) ;
#877 = CARTESIAN_POINT ( 'NONE',  ( -1.337670828258052058, -0.1339871850492538874, -1.537944400892334640 ) ) ;
#878 = CARTESIAN_POINT ( 'NONE',  ( 0.8773082897063493313, -1.041935043371447600, -1.608917436405186141 ) ) ;
#879 = EDGE_CURVE ( 'NONE', #1990, #4500, #1169, .T. ) ;
#880 = CYLINDRICAL_SURFACE ( 'NONE', #2627, 0.07517010780874895659 ) ;
#881 = ORIENTED_EDGE ( 'NONE', *, *, #5657, .T. ) ;
#882 = EDGE_LOOP ( 'NONE', ( #1199, #198, #1373, #5821 ) ) ;
#883 = LINE ( 'NONE', #2757, #5667 ) ;
#884 = CARTESIAN_POINT ( 'NONE',  ( -1.399999999999999911, -0.9206308655165803545, 0.000000000000000000 ) ) ;
#885 = ADVANCED_FACE ( 'NONE', ( #237 ), #4020, .T. ) ;
#886 = LINE ( 'NONE', #19, #2023 ) ;
#887 = ORIENTED_EDGE ( 'NONE', *, *, #4960, .T. ) ;
#888 = CARTESIAN_POINT ( 'NONE',  ( 0.8340543634385444438, -0.9234890642648502235, 1.577507482255639859 ) ) ;
#889 = CARTESIAN_POINT ( 'NONE',  ( 0.7003461853700000406, -1.350000000000000089, -1.473720990372192396 ) ) ;
#890 = EDGE_LOOP ( 'NONE', ( #5171, #4649, #4928, #3666 ) ) ;
#891 = DIRECTION ( 'NONE',  ( 0.000000000000000000, -1.000000000000000000, 0.000000000000000000 ) ) ;
#892 = CARTESIAN_POINT ( 'NONE',  ( 1.094885301944805933, 3.579848725887760263, -1.732250313779179152 ) ) ;
#893 = CARTESIAN_POINT ( 'NONE',  ( 0.8546355072513410756, -0.6781046715210899967, -1.753190540813799991 ) ) ;
#894 = ORIENTED_EDGE ( 'NONE', *, *, #1844, .F. ) ;
#895 = EDGE_LOOP ( 'NONE', ( #1709, #4821, #1116, #369 ) ) ;
#896 = CARTESIAN_POINT ( 'NONE',  ( 0.5464260600913909416, -0.9851177095251981708, -1.697423298115893653 ) ) ;
#897 = CARTESIAN_POINT ( 'NONE',  ( 0.000000000000000000, 0.000000000000000000, 0.000000000000000000 ) ) ;
#898 = LINE ( 'NONE', #869, #4963 ) ;
#899 = ORIENTED_EDGE ( 'NONE', *, *, #2056, .F. ) ;
#900 = DIRECTION ( 'NONE',  ( 8.659272068817359220E-17, -0.7071067811865450192, -0.7071067811865500152 ) ) ;
#901 = AXIS2_PLACEMENT_3D ( 'NONE', #1240, #794, #4174 ) ;
#902 = ORIENTED_EDGE ( 'NONE', *, *, #3007, .F. ) ;
#903 = ADVANCED_FACE ( 'NONE', ( #2254 ), #3125, .T. ) ;
#904 = CARTESIAN_POINT ( 'NONE',  ( 1.362116468611263453, -0.4387691941217051195, 1.469948340608704829 ) ) ;
#905 = DIRECTION ( 'NONE',  ( 0.000000000000000000, 2.943510999999999877E-32, -1.000000000000000000 ) ) ;
#906 = VECTOR ( 'NONE', #5718, 1000.000000000000227 ) ;
#907 = CARTESIAN_POINT ( 'NONE',  ( 0.2974866494246176107, -0.8500014463638696505, -1.625155614959486572 ) ) ;
#908 = DIRECTION ( 'NONE',  ( -0.07767724310006517141, 0.9969785583975079302, -6.086187884697663719E-16 ) ) ;
#909 = VECTOR ( 'NONE', #463, 1000.000000000000000 ) ;
#910 = CARTESIAN_POINT ( 'NONE',  ( 0.2240622407965709995, -0.8971084386471399608, 1.608609989466800005 ) ) ;
#911 = ORIENTED_EDGE ( 'NONE', *, *, #2200, .F. ) ;
#912 = ADVANCED_FACE ( 'NONE', ( #4047 ), #2222, .F. ) ;
#913 = ORIENTED_EDGE ( 'NONE', *, *, #2852, .T. ) ;
#914 = EDGE_CURVE ( 'NONE', #5447, #4567, #1231, .T. ) ;
#915 = VECTOR ( 'NONE', #4874, 1000.000000000000227 ) ;
#916 = DIRECTION ( 'NONE',  ( 0.000000000000000000, 0.000000000000000000, -1.000000000000000000 ) ) ;
#917 = DIRECTION ( 'NONE',  ( 0.000000000000000000, 0.000000000000000000, -1.000000000000000000 ) ) ;
#918 = LINE ( 'NONE', #5109, #5675 ) ;
#919 = VECTOR ( 'NONE', #2174, 1000.000000000000000 ) ;
#920 = ORIENTED_EDGE ( 'NONE', *, *, #3156, .T. ) ;
#921 = DIRECTION ( 'NONE',  ( 1.000000000000000000, 0.000000000000000000, 1.224606000000000123E-16 ) ) ;
#922 = VECTOR ( 'NONE', #5610, 1000.000000000000000 ) ;
#923 = VECTOR ( 'NONE', #3938, 1000.000000000000000 ) ;
#924 = LINE ( 'NONE', #2421, #1206 ) ;
#925 = ADVANCED_FACE ( 'NONE', ( #5934 ), #1260, .F. ) ;
#926 = ORIENTED_EDGE ( 'NONE', *, *, #2558, .T. ) ;
#927 = LINE ( 'NONE', #4642, #909 ) ;
#928 = AXIS2_PLACEMENT_3D ( 'NONE', #2606, #4078, #5041 ) ;
#929 = VECTOR ( 'NONE', #1110, 1000.000000000000114 ) ;
#930 = FACE_OUTER_BOUND ( 'NONE', #14, .T. ) ;
#931 = AXIS2_PLACEMENT_3D ( 'NONE', #5564, #1706, #2643 ) ;
#932 = CARTESIAN_POINT ( 'NONE',  ( -1.400346185369999885, -0.9249999999999999334, 1.499967589430000192 ) ) ;
#933 = VECTOR ( 'NONE', #5101, 1000.000000000000114 ) ;
#934 = ORIENTED_EDGE ( 'NONE', *, *, #5088, .F. ) ;
#935 = VERTEX_POINT ( 'NONE', #1284 ) ;
#936 = DIRECTION ( 'NONE',  ( 1.224606000000000123E-16, 2.943510999999999877E-32, -1.000000000000000000 ) ) ;
#937 = CARTESIAN_POINT ( 'NONE',  ( 0.8696346298226531601, -0.8633171155267014285, -1.750117539516134357 ) ) ;
#938 = VERTEX_POINT ( 'NONE', #2686 ) ;
#939 = CARTESIAN_POINT ( 'NONE',  ( 0.5003461853700004180, -0.05000000000000000278, 3.241057000114010188E-05 ) ) ;
#940 = CARTESIAN_POINT ( 'NONE',  ( -1.364181135227829911, -0.3875000000000000111, -0.7499675894300009693 ) ) ;
#941 = VECTOR ( 'NONE', #4959, 1000.000000000000000 ) ;
#942 = CARTESIAN_POINT ( 'NONE',  ( 0.3151530103492110602, -0.8997163251073776458, -1.607030561248859346 ) ) ;
#943 = LINE ( 'NONE', #2897, #2911 ) ;
#944 = EDGE_LOOP ( 'NONE', ( #4363, #5228, #4122, #4547, #2847 ) ) ;
#945 = EDGE_LOOP ( 'NONE', ( #390, #607, #3341 ) ) ;
#946 = DIRECTION ( 'NONE',  ( -1.000000000000000000, -3.366872316660000075E-49, -3.883759441479614959E-96 ) ) ;
#947 = DIRECTION ( 'NONE',  ( -0.000000000000000000, 0.000000000000000000, 1.000000000000000000 ) ) ;
#948 = CARTESIAN_POINT ( 'NONE',  ( -1.369569744668682976, 3.579848725887760263, -1.469883519468666355 ) ) ;
#949 = EDGE_CURVE ( 'NONE', #2007, #1900, #3217, .T. ) ;
#950 = ORIENTED_EDGE ( 'NONE', *, *, #1941, .T. ) ;
#951 = FACE_OUTER_BOUND ( 'NONE', #545, .T. ) ;
#952 = CARTESIAN_POINT ( 'NONE',  ( -0.2981057963151231283, -0.8518818109044815623, -1.625137783959640814 ) ) ;
#953 = ORIENTED_EDGE ( 'NONE', *, *, #1786, .T. ) ;
#954 = LINE ( 'NONE', #2851, #1511 ) ;
#955 = EDGE_CURVE ( 'NONE', #2663, #5692, #5404, .T. ) ;
#956 = EDGE_CURVE ( 'NONE', #2738, #3288, #3018, .T. ) ;
#957 = CYLINDRICAL_SURFACE ( 'NONE', #2508, 0.09999999999999999167 ) ;
#958 = CARTESIAN_POINT ( 'NONE',  ( 1.362116468611263898, -0.4387691941217055636, -1.469948340608704829 ) ) ;
#959 = EDGE_CURVE ( 'NONE', #330, #2921, #762, .T. ) ;
#960 = ORIENTED_EDGE ( 'NONE', *, *, #5992, .F. ) ;
#961 = VERTEX_POINT ( 'NONE', #5064 ) ;
#962 = EDGE_CURVE ( 'NONE', #3422, #4210, #735, .T. ) ;
#963 = DIRECTION ( 'NONE',  ( 1.000000000000000000, 0.000000000000000000, -1.731855535402079858E-16 ) ) ;
#964 = FACE_OUTER_BOUND ( 'NONE', #4451, .T. ) ;
#965 = DIRECTION ( 'NONE',  ( -0.7071067811865521247, 0.7044157488815090407, 0.06163158871631090746 ) ) ;
#966 = ORIENTED_EDGE ( 'NONE', *, *, #5646, .T. ) ;
#967 = FILL_AREA_STYLE_COLOUR ( '', #1925 ) ;
#968 = CARTESIAN_POINT ( 'NONE',  ( -0.3172000791068700365, -0.9251701078087301022, 1.550032410577399933 ) ) ;
#969 = CARTESIAN_POINT ( 'NONE',  ( 0.3151530103492110046, -0.9056314113743599847, -1.600521370863799975 ) ) ;
#970 =( NAMED_UNIT ( * ) SI_UNIT ( $, .STERADIAN. ) SOLID_ANGLE_UNIT ( ) );
#971 = FACE_OUTER_BOUND ( 'NONE', #5389, .T. ) ;
#972 = VERTEX_POINT ( 'NONE', #3092 ) ;
#973 = ORIENTED_EDGE ( 'NONE', *, *, #1949, .T. ) ;
#974 = CARTESIAN_POINT ( 'NONE',  ( -0.6996538146299989824, -0.5875000000000000222, 1.464559731167800027 ) ) ;
#975 = CARTESIAN_POINT ( 'NONE',  ( 1.399999999999999911, -1.050000000000000044, -1.500000000000000000 ) ) ;
#976 = FACE_OUTER_BOUND ( 'NONE', #1193, .T. ) ;
#977 = EDGE_LOOP ( 'NONE', ( #1630, #605, #2504, #2366, #178, #5135, #2570, #1958, #4492, #5894 ) ) ;
#978 = LINE ( 'NONE', #3348, #2819 ) ;
#979 =( BOUNDED_CURVE ( )  B_SPLINE_CURVE ( 3, ( #3204, #5092, #842, #2741 ),
 .UNSPECIFIED., .F., .T. ) 
 B_SPLINE_CURVE_WITH_KNOTS ( ( 4, 4 ),
 ( 1.089745860985382064, 1.566990367022200070 ),
 .UNSPECIFIED. ) 
 CURVE ( )  GEOMETRIC_REPRESENTATION_ITEM ( )  RATIONAL_B_SPLINE_CURVE ( ( 1.000000000000000000, 0.9811096979561396703, 0.9811096979561396703, 1.000000000000000000 ) ) 
 REPRESENTATION_ITEM ( '' )  );
#980 = CARTESIAN_POINT ( 'NONE',  ( 0.9253461853700110096, -0.9249999999999999334, -1.700033643681099882 ) ) ;
#981 = EDGE_CURVE ( 'NONE', #2772, #132, #5908, .T. ) ;
#982 = ORIENTED_EDGE ( 'NONE', *, *, #1914, .T. ) ;
#983 = LINE ( 'NONE', #398, #4862 ) ;
#984 = DIRECTION ( 'NONE',  ( -2.931182660036640115E-23, -0.7071067811865470176, -0.7071067811865480168 ) ) ;
#985 = DIRECTION ( 'NONE',  ( 0.000000000000000000, 0.000000000000000000, -1.000000000000000000 ) ) ;
#986 = ORIENTED_EDGE ( 'NONE', *, *, #696, .F. ) ;
#987 = ADVANCED_FACE ( 'NONE', ( #1787 ), #4162, .T. ) ;
#988 = ADVANCED_FACE ( 'NONE', ( #3564 ), #1315, .T. ) ;
#989 = ORIENTED_EDGE ( 'NONE', *, *, #3836, .F. ) ;
#990 = EDGE_CURVE ( 'NONE', #1075, #1679, #1702, .T. ) ;
#991 = CARTESIAN_POINT ( 'NONE',  ( 0.8546355072513410756, -0.8785660737170098988, 1.747981784244200032 ) ) ;
#992 = DIRECTION ( 'NONE',  ( 0.07767724310006517141, -0.9969785583975079302, 0.000000000000000000 ) ) ;
#993 = ORIENTED_EDGE ( 'NONE', *, *, #6133, .F. ) ;
#994 = EDGE_CURVE ( 'NONE', #763, #2529, #2662, .T. ) ;
#995 = CARTESIAN_POINT ( 'NONE',  ( 0.3151530103492009571, -1.050000000000000044, -1.499967589430000192 ) ) ;
#996 = DIRECTION ( 'NONE',  ( 1.000000000000000000, 0.000000000000000000, 0.000000000000000000 ) ) ;
#997 = PLANE ( 'NONE',  #509 ) ;
#998 = DIRECTION ( 'NONE',  ( 2.390186279962339260E-16, -0.05233595624296796811, 0.9986295347545725010 ) ) ;
#999 = AXIS2_PLACEMENT_3D ( 'NONE', #1980, #4304, #3413 ) ;
#1000 = DIRECTION ( 'NONE',  ( -1.000000000000000000, 0.000000000000000000, -1.224606000000000123E-16 ) ) ;
#1001 = ORIENTED_EDGE ( 'NONE', *, *, #5606, .F. ) ;
#1002 = ORIENTED_EDGE ( 'NONE', *, *, #3809, .T. ) ;
#1003 = LINE ( 'NONE', #3890, #5960 ) ;
#1004 = CARTESIAN_POINT ( 'NONE',  ( 1.100346185370000063, -0.1995699620053000001, 1.510622781831099992 ) ) ;
#1005 = LINE ( 'NONE', #642, #4388 ) ;
#1006 = ORIENTED_EDGE ( 'NONE', *, *, #2102, .F. ) ;
#1007 = DIRECTION ( 'NONE',  ( -0.08640065223680021278, -0.9924728899803273441, -0.08678991846494947537 ) ) ;
#1008 = LINE ( 'NONE', #1926, #5173 ) ;
#1009 = VECTOR ( 'NONE', #3048, 1000.000000000000000 ) ;
#1010 = ORIENTED_EDGE ( 'NONE', *, *, #3770, .T. ) ;
#1011 = CARTESIAN_POINT ( 'NONE',  ( 1.399999999999999911, -0.9249999999999999334, 1.600098464836000156 ) ) ;
#1012 = VECTOR ( 'NONE', #2461, 1000.000000000000000 ) ;
#1013 = DIRECTION ( 'NONE',  ( -2.931182660826263163E-23, -0.7071067811865475727, -0.7071067811865475727 ) ) ;
#1014 = DIRECTION ( 'NONE',  ( -0.9962230535290652611, 0.000000000000000000, -0.08683102911531755119 ) ) ;
#1015 = VECTOR ( 'NONE', #2354, 1000.000000000000114 ) ;
#1016 = EDGE_CURVE ( 'NONE', #3262, #1192, #1530, .T. ) ;
#1017 = CARTESIAN_POINT ( 'NONE',  ( 1.399999999999999911, -1.050000000000000044, -1.500000000000000000 ) ) ;
#1018 = ORIENTED_EDGE ( 'NONE', *, *, #6032, .F. ) ;
#1019 = VERTEX_POINT ( 'NONE', #1821 ) ;
#1020 = VECTOR ( 'NONE', #3025, 1000.000000000000000 ) ;
#1021 = CARTESIAN_POINT ( 'NONE',  ( 0.3151530103492009571, -0.8499999999999999778, -1.549967526534500095 ) ) ;
#1022 = CIRCLE ( 'NONE', #4986, 0.2000000000000070333 ) ;
#1023 = AXIS2_PLACEMENT_3D ( 'NONE', #5418, #109, #4354 ) ;
#1024 = DIRECTION ( 'NONE',  ( 0.7071067811865480168, 0.7044157488815139256, -0.06163158871630090851 ) ) ;
#1025 = EDGE_CURVE ( 'NONE', #577, #408, #2812, .T. ) ;
#1026 = DIRECTION ( 'NONE',  ( -0.000000000000000000, 1.000000000000000000, 0.000000000000000000 ) ) ;
#1027 = AXIS2_PLACEMENT_3D ( 'NONE', #2138, #3568, #5969 ) ;
#1028 = B_SPLINE_CURVE_WITH_KNOTS ( 'NONE', 3,
 ( #1032, #5730, #4341, #4744 ),
 .UNSPECIFIED., .F., .F.,
 ( 4, 4 ),
 ( 0.000000000000000000, 1.000000000000000000 ),
 .UNSPECIFIED. ) ;
#1029 = ORIENTED_EDGE ( 'NONE', *, *, #831, .T. ) ;
#1030 = VECTOR ( 'NONE', #3434, 1000.000000000000000 ) ;
#1031 = AXIS2_PLACEMENT_3D ( 'NONE', #4207, #6096, #3713 ) ;
#1032 = CARTESIAN_POINT ( 'NONE',  ( -0.8539431365113500094, -0.8903354500379199177, -1.613399352759300021 ) ) ;
#1033 = CARTESIAN_POINT ( 'NONE',  ( -1.099653814629999893, -0.4387691941217055636, -1.669596928045519402 ) ) ;
#1034 = PLANE ( 'NONE',  #4172 ) ;
#1035 = EDGE_CURVE ( 'NONE', #1679, #3653, #415, .T. ) ;
#1036 = CARTESIAN_POINT ( 'NONE',  ( -1.099653814629999893, -0.1562211005236600059, -0.9033724099348989789 ) ) ;
#1037 = CARTESIAN_POINT ( 'NONE',  ( -1.099653814629999893, -0.4333290931498899878, -1.731774341931300087 ) ) ;
#1038 = ORIENTED_EDGE ( 'NONE', *, *, #3629, .T. ) ;
#1039 = VERTEX_POINT ( 'NONE', #478 ) ;
#1040 = DIRECTION ( 'NONE',  ( 2.468610206881730123E-16, -0.7071067811865480168, -0.7071067811865470176 ) ) ;
#1041 = CARTESIAN_POINT ( 'NONE',  ( -0.8255109250102399265, -0.9657079226522899962, -1.713098383932700086 ) ) ;
#1042 = FACE_OUTER_BOUND ( 'NONE', #4153, .T. ) ;
#1043 = ORIENTED_EDGE ( 'NONE', *, *, #5873, .F. ) ;
#1044 = AXIS2_PLACEMENT_3D ( 'NONE', #1635, #1213, #1693 ) ;
#1045 = CARTESIAN_POINT ( 'NONE',  ( 1.100346185370000063, -0.4333290931498799958, 1.731839163086200006 ) ) ;
#1046 = PLANE ( 'NONE',  #2887 ) ;
#1047 = ORIENTED_EDGE ( 'NONE', *, *, #82, .T. ) ;
#1048 = CARTESIAN_POINT ( 'NONE',  ( 1.077773610167350071, -1.043632083895880136, 1.600098464836000156 ) ) ;
#1049 = CARTESIAN_POINT ( 'NONE',  ( -0.8309612519054805357, -0.9896990434636193656, 1.693290030811992031 ) ) ;
#1050 = DIRECTION ( 'NONE',  ( 1.000000000000000000, 0.000000000000000000, 0.000000000000000000 ) ) ;
#1051 = DIRECTION ( 'NONE',  ( -0.000000000000000000, -1.000000000000000000, -0.000000000000000000 ) ) ;
#1052 = ORIENTED_EDGE ( 'NONE', *, *, #3051, .T. ) ;
#1053 = ORIENTED_EDGE ( 'NONE', *, *, #301, .T. ) ;
#1054 = CARTESIAN_POINT ( 'NONE',  ( -1.099653814629999893, 3.579848725887760263, 1.607008363466520873 ) ) ;
#1055 =( BOUNDED_CURVE ( )  B_SPLINE_CURVE ( 3, ( #4405, #3453, #5336, #4434 ),
 .UNSPECIFIED., .F., .T. ) 
 B_SPLINE_CURVE_WITH_KNOTS ( ( 4, 4 ),
 ( 4.581367029285770442, 4.712388980384689674 ),
 .UNSPECIFIED. ) 
 CURVE ( )  GEOMETRIC_REPRESENTATION_ITEM ( )  RATIONAL_B_SPLINE_CURVE ( ( 1.000000000000000000, 0.9985699489150328123, 0.9985699489150328123, 1.000000000000000000 ) ) 
 REPRESENTATION_ITEM ( '' )  );
#1056 = DIRECTION ( 'NONE',  ( 0.000000000000000000, -0.000000000000000000, -1.000000000000000000 ) ) ;
#1057 = PRODUCT_DEFINITION ( 'UNKNOWN', '', #5496, #3066 ) ;
#1058 = LINE ( 'NONE', #2952, #5563 ) ;
#1059 = ORIENTED_EDGE ( 'NONE', *, *, #3492, .F. ) ;
#1060 = EDGE_CURVE ( 'NONE', #402, #1887, #1385, .T. ) ;
#1061 = CARTESIAN_POINT ( 'NONE',  ( -0.8766159189663137452, -1.041935043371437386, -1.608917436405211232 ) ) ;
#1062 = CARTESIAN_POINT ( 'NONE',  ( -1.399653814629999937, -0.9249999999999999334, -1.499967589430000192 ) ) ;
#1063 = CARTESIAN_POINT ( 'NONE',  ( 1.200346185370000152, -1.849949999999999983, 3.241057000081484123E-05 ) ) ;
#1064 = CARTESIAN_POINT ( 'NONE',  ( -0.2250075614531600043, -0.8971084386471399608, 1.608609989466800005 ) ) ;
#1065 = ORIENTED_EDGE ( 'NONE', *, *, #50, .F. ) ;
#1066 = EDGE_CURVE ( 'NONE', #3577, #4689, #1414, .T. ) ;
#1067 = ADVANCED_FACE ( 'NONE', ( #2316 ), #880, .F. ) ;
#1068 = EDGE_LOOP ( 'NONE', ( #2747, #960, #5376, #2934, #3537, #4163, #1810, #5536, #5286, #6076 ) ) ;
#1069 = PLANE ( 'NONE',  #2113 ) ;
#1070 = LINE ( 'NONE', #3857, #4594 ) ;
#1071 = FACE_OUTER_BOUND ( 'NONE', #5849, .T. ) ;
#1072 = EDGE_CURVE ( 'NONE', #5613, #682, #943, .T. ) ;
#1073 = ORIENTED_EDGE ( 'NONE', *, *, #3276, .T. ) ;
#1074 = DIRECTION ( 'NONE',  ( -1.000000000000000000, 0.000000000000000000, 0.000000000000000000 ) ) ;
#1075 = VERTEX_POINT ( 'NONE', #3708 ) ;
#1076 = EDGE_CURVE ( 'NONE', #5636, #935, #2840, .T. ) ;
#1077 = EDGE_LOOP ( 'NONE', ( #5587, #3368, #4680, #1651 ) ) ;
#1078 = LINE ( 'NONE', #1616, #810 ) ;
#1079 = DIRECTION ( 'NONE',  ( 0.000000000000000000, -1.000000000000000000, 0.000000000000000000 ) ) ;
#1080 = CARTESIAN_POINT ( 'NONE',  ( 1.100346185370000063, -0.1995699620052900081, -1.510557960676199851 ) ) ;
#1081 = APPLICATION_CONTEXT ( 'automotive_design' ) ;
#1082 = DIRECTION ( 'NONE',  ( 1.224606000000000123E-16, 2.943510999999999877E-32, -1.000000000000000000 ) ) ;
#1083 = CARTESIAN_POINT ( 'NONE',  ( 1.077972718902663773, -0.9249999999999999334, -1.599967589430000059 ) ) ;
#1084 = ORIENTED_EDGE ( 'NONE', *, *, #4483, .T. ) ;
#1085 = ORIENTED_EDGE ( 'NONE', *, *, #6108, .T. ) ;
#1086 = FACE_OUTER_BOUND ( 'NONE', #1068, .T. ) ;
#1087 = FACE_OUTER_BOUND ( 'NONE', #2689, .T. ) ;
#1088 = CARTESIAN_POINT ( 'NONE',  ( 0.2955969484024438820, -0.8461301082293058995, -1.625086212452753642 ) ) ;
#1089 = VERTEX_POINT ( 'NONE', #4721 ) ;
#1090 = CARTESIAN_POINT ( 'NONE',  ( -0.3172000791068700365, -0.9251701078087301022, 1.550032410577399933 ) ) ;
#1091 = CARTESIAN_POINT ( 'NONE',  ( -1.399999999999999911, -1.050000000000000044, -1.599967589430000059 ) ) ;
#1092 = CARTESIAN_POINT ( 'NONE',  ( 0.3324025016371400243, -1.049998553363469922, 1.550793039820100194 ) ) ;
#1093 = EDGE_CURVE ( 'NONE', #2374, #4430, #1565, .T. ) ;
#1094 = CARTESIAN_POINT ( 'NONE',  ( -1.399999999999999911, -0.9206308655165803545, 0.000000000000000000 ) ) ;
#1095 = VERTEX_POINT ( 'NONE', #5684 ) ;
#1096 = VERTEX_POINT ( 'NONE', #1449 ) ;
#1097 = DIRECTION ( 'NONE',  ( -1.224606000000000123E-16, 0.000000000000000000, 1.000000000000000000 ) ) ;
#1098 = CARTESIAN_POINT ( 'NONE',  ( 0.8303907871193809687, -0.9249999999999999334, 1.668738102225499897 ) ) ;
#1099 = CARTESIAN_POINT ( 'NONE',  ( 0.8959734338049828439, -0.8478125831419950353, -1.625137634343248871 ) ) ;
#1100 = ORIENTED_EDGE ( 'NONE', *, *, #4028, .T. ) ;
#1101 = ADVANCED_FACE ( 'NONE', ( #5226 ), #4657, .T. ) ;
#1102 = DIRECTION ( 'NONE',  ( 1.219945523824950070E-16, -0.08716022863319299041, -0.9961943056174379363 ) ) ;
#1103 = ORIENTED_EDGE ( 'NONE', *, *, #5121, .T. ) ;
#1104 = VECTOR ( 'NONE', #4890, 1000.000000000000000 ) ;
#1105 = ADVANCED_FACE ( 'NONE', ( #971 ), #4748, .T. ) ;
#1106 = VERTEX_POINT ( 'NONE', #5709 ) ;
#1107 = DIRECTION ( 'NONE',  ( 0.000000000000000000, -0.9986295347545739443, 0.05233595624294400117 ) ) ;
#1108 = LINE ( 'NONE', #5747, #1224 ) ;
#1109 = VECTOR ( 'NONE', #4713, 1000.000000000000000 ) ;
#1110 = DIRECTION ( 'NONE',  ( 0.7071067811865460184, 0.000000000000000000, -0.7071067811865489050 ) ) ;
#1111 = EDGE_CURVE ( 'NONE', #2978, #5595, #2351, .T. ) ;
#1112 = CARTESIAN_POINT ( 'NONE',  ( -0.8335654176488289657, -0.9249999999999599654, 1.555086564541799721 ) ) ;
#1113 = EDGE_CURVE ( 'NONE', #1307, #2367, #543, .T. ) ;
#1114 = VECTOR ( 'NONE', #5537, 1000.000000000000000 ) ;
#1115 = PLANE ( 'NONE',  #2987 ) ;
#1116 = ORIENTED_EDGE ( 'NONE', *, *, #1493, .T. ) ;
#1117 = ORIENTED_EDGE ( 'NONE', *, *, #5429, .F. ) ;
#1118 = FACE_OUTER_BOUND ( 'NONE', #5793, .T. ) ;
#1119 = VECTOR ( 'NONE', #3154, 1000.000000000000114 ) ;
#1120 = AXIS2_PLACEMENT_3D ( 'NONE', #5264, #1014, #1986 ) ;
#1121 = FACE_OUTER_BOUND ( 'NONE', #3067, .T. ) ;
#1122 = EDGE_CURVE ( 'NONE', #2772, #560, #6056, .T. ) ;
#1123 = ORIENTED_EDGE ( 'NONE', *, *, #539, .T. ) ;
#1124 = AXIS2_PLACEMENT_3D ( 'NONE', #5879, #5391, #3931 ) ;
#1125 = VERTEX_POINT ( 'NONE', #3247 ) ;
#1126 = FILL_AREA_STYLE_COLOUR ( '', #4774 ) ;
#1127 = CARTESIAN_POINT ( 'NONE',  ( 1.077972718902663773, -1.050000000000000044, 1.599967589430000059 ) ) ;
#1128 = CARTESIAN_POINT ( 'NONE',  ( 0.3188188903998199764, -1.027301870048620058, 1.642574483375000005 ) ) ;
#1129 = VECTOR ( 'NONE', #4394, 1000.000000000000000 ) ;
#1130 = LINE ( 'NONE', #662, #1823 ) ;
#1131 = PLANE ( 'NONE',  #2030 ) ;
#1132 = AXIS2_PLACEMENT_3D ( 'NONE', #5172, #921, #4704 ) ;
#1133 = ORIENTED_EDGE ( 'NONE', *, *, #548, .F. ) ;
#1134 = VECTOR ( 'NONE', #5168, 1000.000000000000000 ) ;
#1135 = ORIENTED_EDGE ( 'NONE', *, *, #4024, .T. ) ;
#1136 = LINE ( 'NONE', #3534, #2308 ) ;
#1137 = DIRECTION ( 'NONE',  ( -0.7071067811865420216, 0.7044157488815189216, 0.06163158871631090746 ) ) ;
#1138 = CARTESIAN_POINT ( 'NONE',  ( -0.8996538146300200323, -0.8434481562170000890, -1.624851559886199892 ) ) ;
#1139 = EDGE_LOOP ( 'NONE', ( #982, #2401, #2538, #6016, #2701, #2272 ) ) ;
#1140 = DIRECTION ( 'NONE',  ( -0.7071067811865411334, 0.7044157488815209200, -0.06163158871629911134 ) ) ;
#1141 = VERTEX_POINT ( 'NONE', #5133 ) ;
#1142 = UNCERTAINTY_MEASURE_WITH_UNIT (LENGTH_MEASURE( 1.000000000000000082E-05 ), #5823, 'distance_accuracy_value', 'NONE');
#1143 = ORIENTED_EDGE ( 'NONE', *, *, #3276, .F. ) ;
#1144 = LINE ( 'NONE', #5327, #2407 ) ;
#1145 = EDGE_CURVE ( 'NONE', #408, #3210, #2780, .T. ) ;
#1146 = CARTESIAN_POINT ( 'NONE',  ( 0.8260088083758875266, -0.9650196279397232901, 1.713771357391667527 ) ) ;
#1147 = CARTESIAN_POINT ( 'NONE',  ( 1.400346185369999885, -1.050000000000000044, 1.500032410570000030 ) ) ;
#1148 = CYLINDRICAL_SURFACE ( 'NONE', #1222, 0.09999999999999993616 ) ;
#1149 = CARTESIAN_POINT ( 'NONE',  ( 0.9253461853700110096, -0.9249999999999999334, -1.600033643681100015 ) ) ;
#1150 = ORIENTED_EDGE ( 'NONE', *, *, #5755, .T. ) ;
#1151 = CARTESIAN_POINT ( 'NONE',  ( 0.3143812528053603894, -0.9850849539136979915, -1.697386157010023711 ) ) ;
#1152 = ADVANCED_FACE ( 'NONE', ( #1855 ), #3742, .T. ) ;
#1153 = EDGE_CURVE ( 'NONE', #4517, #1075, #1601, .T. ) ;
#1154 = LINE ( 'NONE', #1179, #6066 ) ;
#1155 = EDGE_CURVE ( 'NONE', #2457, #5696, #2988, .T. ) ;
#1156 = DIRECTION ( 'NONE',  ( 0.07898675866492370357, 0.9968756652439707544, 0.000000000000000000 ) ) ;
#1157 = ORIENTED_EDGE ( 'NONE', *, *, #5507, .F. ) ;
#1158 = ORIENTED_EDGE ( 'NONE', *, *, #1977, .T. ) ;
#1159 = LINE ( 'NONE', #3457, #3031 ) ;
#1160 = DIRECTION ( 'NONE',  ( 0.000000000000000000, -1.000000000000000000, 0.000000000000000000 ) ) ;
#1161 = DIRECTION ( 'NONE',  ( 0.000000000000000000, 0.9794929268841856551, 0.2014785501830195502 ) ) ;
#1162 = DIRECTION ( 'NONE',  ( 0.000000000000000000, -0.9945335959437037188, 0.1044170797297347131 ) ) ;
#1163 = ORIENTED_EDGE ( 'NONE', *, *, #3356, .F. ) ;
#1164 = ORIENTED_EDGE ( 'NONE', *, *, #3515, .F. ) ;
#1165 = LINE ( 'NONE', #1731, #4867 ) ;
#1166 = DIRECTION ( 'NONE',  ( 0.000000000000000000, 0.000000000000000000, -1.000000000000000000 ) ) ;
#1167 = CARTESIAN_POINT ( 'NONE',  ( 1.377698998936674135, -0.6387691941217048530, -1.469948340608704829 ) ) ;
#1168 = ORIENTED_EDGE ( 'NONE', *, *, #4390, .T. ) ;
#1169 = LINE ( 'NONE', #3410, #5577 ) ;
#1170 = ORIENTED_EDGE ( 'NONE', *, *, #3976, .F. ) ;
#1171 = VERTEX_POINT ( 'NONE', #5412 ) ;
#1172 = LINE ( 'NONE', #4518, #1119 ) ;
#1173 = FACE_OUTER_BOUND ( 'NONE', #3567, .T. ) ;
#1174 = DIRECTION ( 'NONE',  ( -0.9969785583975080412, -0.07767724310006518529, 0.000000000000000000 ) ) ;
#1175 = CARTESIAN_POINT ( 'NONE',  ( 0.8417790753250099511, -0.8916366511450730670, -1.746030748686185907 ) ) ;
#1176 = EDGE_CURVE ( 'NONE', #5240, #3949, #2537, .T. ) ;
#1177 = VERTEX_POINT ( 'NONE', #2468 ) ;
#1178 = DIRECTION ( 'NONE',  ( 4.432301068355277964E-33, -5.688807883951369170E-32, 1.000000000000000000 ) ) ;
#1179 = CARTESIAN_POINT ( 'NONE',  ( 1.100346185370000063, -0.6442092950935299767, 1.607484335314399937 ) ) ;
#1180 = LINE ( 'NONE', #2057, #919 ) ;
#1181 = EDGE_CURVE ( 'NONE', #5434, #2155, #5342, .T. ) ;
#1182 = ORIENTED_EDGE ( 'NONE', *, *, #4173, .F. ) ;
#1183 = EDGE_CURVE ( 'NONE', #4540, #707, #3947, .T. ) ;
#1184 = EDGE_LOOP ( 'NONE', ( #2873, #683, #3146 ) ) ;
#1185 = EDGE_CURVE ( 'NONE', #6078, #5399, #140, .T. ) ;
#1186 = SURFACE_SIDE_STYLE ('',( #3555 ) ) ;
#1187 = CARTESIAN_POINT ( 'NONE',  ( -0.8766159189663436102, -1.041935043371447822, 1.608982257560085172 ) ) ;
#1188 = CARTESIAN_POINT ( 'NONE',  ( -1.178447708059189969, -0.9249999999999999334, 1.499967590878610091 ) ) ;
#1189 = DIRECTION ( 'NONE',  ( 0.7054294015432049925, 2.086302289381145376E-32, -0.7087801912006258531 ) ) ;
#1190 = ADVANCED_FACE ( 'NONE', ( #75 ), #1131, .T. ) ;
#1191 = CARTESIAN_POINT ( 'NONE',  ( 0.3195021888616668138, -0.9361002744431544675, 1.550032410577399933 ) ) ;
#1192 = VERTEX_POINT ( 'NONE', #5316 ) ;
#1193 = EDGE_LOOP ( 'NONE', ( #872, #6012, #1554, #2989, #3929 ) ) ;
#1194 = CARTESIAN_POINT ( 'NONE',  ( -1.177622607443610026, -1.050000000000000044, -1.500099697939599963 ) ) ;
#1195 = CARTESIAN_POINT ( 'NONE',  ( -1.099653814629999893, -0.1995699620053000001, 1.510622781831099992 ) ) ;
#1196 = LINE ( 'NONE', #267, #3804 ) ;
#1197 = CARTESIAN_POINT ( 'NONE',  ( -0.2250075614531600043, -1.015357145937120009, 1.585437340519500138 ) ) ;
#1198 = ORIENTED_EDGE ( 'NONE', *, *, #351, .F. ) ;
#1199 = ORIENTED_EDGE ( 'NONE', *, *, #414, .F. ) ;
#1200 = CARTESIAN_POINT ( 'NONE',  ( 0.9611883074387724823, -1.849999999999999867, 0.7363494706761655184 ) ) ;
#1201 = DIRECTION ( 'NONE',  ( 0.000000000000000000, 0.000000000000000000, 1.000000000000000000 ) ) ;
#1202 = SURFACE_SIDE_STYLE ('',( #157 ) ) ;
#1203 = CARTESIAN_POINT ( 'NONE',  ( -0.2963548428017374614, -0.8482890396355866613, -1.625137498762770250 ) ) ;
#1204 = ORIENTED_EDGE ( 'NONE', *, *, #4019, .F. ) ;
#1205 = FACE_OUTER_BOUND ( 'NONE', #4348, .T. ) ;
#1206 = VECTOR ( 'NONE', #2825, 1000.000000000000114 ) ;
#1207 = CARTESIAN_POINT ( 'NONE',  ( 1.178447708059189969, -0.9249999999999999334, 1.499967590878610091 ) ) ;
#1208 = VECTOR ( 'NONE', #1991, 1000.000000000000000 ) ;
#1209 = ORIENTED_EDGE ( 'NONE', *, *, #2467, .F. ) ;
#1210 = ORIENTED_EDGE ( 'NONE', *, *, #3160, .F. ) ;
#1211 = VECTOR ( 'NONE', #1420, 1000.000000000000000 ) ;
#1212 = CARTESIAN_POINT ( 'NONE',  ( -1.099653814629999893, -0.3135117487342199416, 1.461542789848099932 ) ) ;
#1213 = DIRECTION ( 'NONE',  ( 0.9968756652439707544, -0.07898675866492370357, 0.000000000000000000 ) ) ;
#1214 = EDGE_CURVE ( 'NONE', #1467, #3234, #5831, .T. ) ;
#1215 = MECHANICAL_DESIGN_GEOMETRIC_PRESENTATION_REPRESENTATION (  '', ( #5761 ), #3602 ) ;
#1216 = CARTESIAN_POINT ( 'NONE',  ( -1.127515413271490186, -1.050000000000000044, -1.549967526534500095 ) ) ;
#1217 = CYLINDRICAL_SURFACE ( 'NONE', #2815, 0.1000000000000000194 ) ;
#1218 = AXIS2_PLACEMENT_3D ( 'NONE', #4223, #867, #1402 ) ;
#1219 = AXIS2_PLACEMENT_3D ( 'NONE', #863, #1297, #5513 ) ;
#1220 = CARTESIAN_POINT ( 'NONE',  ( -0.8335654176488289657, -0.9249999999999599654, 1.555086564541799721 ) ) ;
#1221 = ORIENTED_EDGE ( 'NONE', *, *, #4032, .F. ) ;
#1222 = AXIS2_PLACEMENT_3D ( 'NONE', #3044, #2107, #1657 ) ;
#1223 = ORIENTED_EDGE ( 'NONE', *, *, #4352, .T. ) ;
#1224 = VECTOR ( 'NONE', #5357, 1000.000000000000000 ) ;
#1225 = DIRECTION ( 'NONE',  ( 1.000000000000000000, 0.000000000000000000, 1.224606000000000123E-16 ) ) ;
#1226 = LINE ( 'NONE', #5415, #551 ) ;
#1227 = VECTOR ( 'NONE', #1571, 999.9999999999998863 ) ;
#1228 = EDGE_CURVE ( 'NONE', #5595, #5337, #1395, .T. ) ;
#1229 = CARTESIAN_POINT ( 'NONE',  ( -1.099653814629999893, -0.03173312393769969764, 0.8969130926894000044 ) ) ;
#1230 = VECTOR ( 'NONE', #4241, 1000.000000000000114 ) ;
#1231 = LINE ( 'NONE', #4135, #1828 ) ;
#1232 = VECTOR ( 'NONE', #917, 1000.000000000000000 ) ;
#1233 = ORIENTED_EDGE ( 'NONE', *, *, #5130, .F. ) ;
#1234 = AXIS2_PLACEMENT_3D ( 'NONE', #506, #5161, #1947 ) ;
#1235 = ORIENTED_EDGE ( 'NONE', *, *, #1339, .T. ) ;
#1236 = LINE ( 'NONE', #765, #3884 ) ;
#1237 = ADVANCED_FACE ( 'NONE', ( #172 ), #2063, .F. ) ;
#1238 = FACE_OUTER_BOUND ( 'NONE', #848, .T. ) ;
#1239 =( LENGTH_UNIT ( ) NAMED_UNIT ( * ) SI_UNIT ( .MILLI., .METRE. ) );
#1240 = CARTESIAN_POINT ( 'NONE',  ( 0.7003461853700000406, -1.450000000000000178, -1.464972124019600086 ) ) ;
#1241 = ORIENTED_EDGE ( 'NONE', *, *, #4285, .F. ) ;
#1242 = CARTESIAN_POINT ( 'NONE',  ( 1.399999999999999911, -0.6387691941217048530, -1.469948340608704829 ) ) ;
#1243 = VECTOR ( 'NONE', #1908, 1000.000000000000000 ) ;
#1244 = CARTESIAN_POINT ( 'NONE',  ( -1.379441953812042598, -1.283823020349123878, -1.550301794177852743 ) ) ;
#1245 = PLANE ( 'NONE',  #2708 ) ;
#1246 = VECTOR ( 'NONE', #4446, 1000.000000000000000 ) ;
#1247 = VERTEX_POINT ( 'NONE', #2933 ) ;
#1248 = EDGE_LOOP ( 'NONE', ( #803, #1043, #1566, #4534 ) ) ;
#1249 =( BOUNDED_CURVE ( )  B_SPLINE_CURVE ( 3, ( #3421, #2879, #523, #4308 ),
 .UNSPECIFIED., .F., .T. ) 
 B_SPLINE_CURVE_WITH_KNOTS ( ( 4, 4 ),
 ( 4.712388980384689674, 4.965410678061110694 ),
 .UNSPECIFIED. ) 
 CURVE ( )  GEOMETRIC_REPRESENTATION_ITEM ( )  RATIONAL_B_SPLINE_CURVE ( ( 1.000000000000000000, 0.9946721134653762064, 0.9946721134653762064, 1.000000000000000000 ) ) 
 REPRESENTATION_ITEM ( '' )  );
#1250 = CARTESIAN_POINT ( 'NONE',  ( 0.3325152902928709686, -0.9251701078087301022, 1.550032410577399933 ) ) ;
#1251 = LINE ( 'NONE', #5896, #3495 ) ;
#1252 = CARTESIAN_POINT ( 'NONE',  ( 1.399999999999999911, -1.050000000000000044, -1.752467526534499997 ) ) ;
#1253 = CARTESIAN_POINT ( 'NONE',  ( 0.8253461853700210238, -0.9537363479935498933, 1.700098464836000023 ) ) ;
#1254 = ORIENTED_EDGE ( 'NONE', *, *, #798, .F. ) ;
#1255 = EDGE_CURVE ( 'NONE', #3715, #1125, #2958, .T. ) ;
#1256 = ORIENTED_EDGE ( 'NONE', *, *, #2923, .T. ) ;
#1257 = LINE ( 'NONE', #3147, #4978 ) ;
#1258 = FACE_OUTER_BOUND ( 'NONE', #4150, .T. ) ;
#1259 = LINE ( 'NONE', #3123, #37 ) ;
#1260 = PLANE ( 'NONE',  #1932 ) ;
#1261 = ORIENTED_EDGE ( 'NONE', *, *, #696, .T. ) ;
#1262 = ADVANCED_FACE ( 'NONE', ( #5773 ), #5734, .F. ) ;
#1263 = EDGE_CURVE ( 'NONE', #3594, #5153, #2089, .T. ) ;
#1264 = ORIENTED_EDGE ( 'NONE', *, *, #686, .F. ) ;
#1265 = ADVANCED_FACE ( 'NONE', ( #3974 ), #5863, .F. ) ;
#1266 = SURFACE_STYLE_FILL_AREA ( #3631 ) ;
#1267 = CARTESIAN_POINT ( 'NONE',  ( -1.353696476636152557, -0.3362436031870840170, 1.459172466778304367 ) ) ;
#1268 = EDGE_CURVE ( 'NONE', #214, #92, #4227, .T. ) ;
#1269 = ORIENTED_EDGE ( 'NONE', *, *, #5231, .F. ) ;
#1270 = CARTESIAN_POINT ( 'NONE',  ( 1.400346185369999885, -1.050000000000000044, 1.599967589430000059 ) ) ;
#1271 = DIRECTION ( 'NONE',  ( -1.000000000000000000, -5.463214820794249613E-22, 0.000000000000000000 ) ) ;
#1272 = CARTESIAN_POINT ( 'NONE',  ( 0.8286644459357510595, -0.9249999999999999334, -1.735372488711899974 ) ) ;
#1273 = VERTEX_POINT ( 'NONE', #3056 ) ;
#1274 = ORIENTED_EDGE ( 'NONE', *, *, #1615, .F. ) ;
#1275 = DIRECTION ( 'NONE',  ( -1.219945523824949577E-16, -0.08716022863320797842, 0.9961943056174366040 ) ) ;
#1276 = ORIENTED_EDGE ( 'NONE', *, *, #797, .T. ) ;
#1277 = CARTESIAN_POINT ( 'NONE',  ( -1.077142607443590139, -1.043632083895880136, 1.600098464836000156 ) ) ;
#1278 = EDGE_LOOP ( 'NONE', ( #1223, #4013, #3373, #4084 ) ) ;
#1279 = VERTEX_POINT ( 'NONE', #2035 ) ;
#1280 = CARTESIAN_POINT ( 'NONE',  ( 1.100346185370000063, -0.3135117487342199416, 1.461542789848099932 ) ) ;
#1281 = CARTESIAN_POINT ( 'NONE',  ( 1.399999999999999911, -1.050000000000000044, 1.599967589430000059 ) ) ;
#1282 = CARTESIAN_POINT ( 'NONE',  ( -1.399653814629999937, -0.9249999999999999334, 1.500032410570000030 ) ) ;
#1283 = ADVANCED_FACE ( 'NONE', ( #3617 ), #1725, .F. ) ;
#1284 = CARTESIAN_POINT ( 'NONE',  ( -1.399999999999999911, -0.9206308655165803545, 1.599199747900825974 ) ) ;
#1285 = ORIENTED_EDGE ( 'NONE', *, *, #310, .T. ) ;
#1286 = ORIENTED_EDGE ( 'NONE', *, *, #2213, .T. ) ;
#1287 = DIRECTION ( 'NONE',  ( 0.9961946980917455452, -0.08715574274765794383, -1.282718999999999001E-33 ) ) ;
#1288 = CARTESIAN_POINT ( 'NONE',  ( 0.7365603381489406187, -1.850000000000000089, 0.9607716253115509142 ) ) ;
#1289 = EDGE_CURVE ( 'NONE', #2243, #3303, #2244, .T. ) ;
#1290 = DIRECTION ( 'NONE',  ( -1.000000000000000000, -0.000000000000000000, -0.000000000000000000 ) ) ;
#1291 = CARTESIAN_POINT ( 'NONE',  ( -0.8281829307371200155, -0.9249999999999999334, -1.726365536148700031 ) ) ;
#1292 = EDGE_LOOP ( 'NONE', ( #3787, #264, #3626, #2245 ) ) ;
#1293 = CARTESIAN_POINT ( 'NONE',  ( 1.100346185369999619, -0.6387691941217051861, -1.606943542311669804 ) ) ;
#1294 = EDGE_CURVE ( 'NONE', #4606, #4130, #5498, .T. ) ;
#1295 = AXIS2_PLACEMENT_3D ( 'NONE', #2588, #1670, #4468 ) ;
#1296 = EDGE_CURVE ( 'NONE', #296, #1633, #4533, .T. ) ;
#1297 = DIRECTION ( 'NONE',  ( 0.000000000000000000, -0.08711569006112669655, 0.9961982014364278992 ) ) ;
#1298 = CARTESIAN_POINT ( 'NONE',  ( -0.8365743453389410389, -1.008441766073988610, -1.676051001953404285 ) ) ;
#1299 = VERTEX_POINT ( 'NONE', #1253 ) ;
#1300 = ORIENTED_EDGE ( 'NONE', *, *, #4032, .T. ) ;
#1301 = AXIS2_PLACEMENT_3D ( 'NONE', #2524, #4312, #1056 ) ;
#1302 = DIRECTION ( 'NONE',  ( 1.584889429448049119E-15, 0.000000000000000000, -1.000000000000000000 ) ) ;
#1303 = CARTESIAN_POINT ( 'NONE',  ( -0.8273417950228466600, -0.9776154176131753859, 1.704362816835702565 ) ) ;
#1304 = ORIENTED_EDGE ( 'NONE', *, *, #4543, .T. ) ;
#1305 = CARTESIAN_POINT ( 'NONE',  ( 0.3162547584502809483, -0.9251701078087301022, 1.550032410577399933 ) ) ;
#1306 = VECTOR ( 'NONE', #3509, 1000.000000000000000 ) ;
#1307 = VERTEX_POINT ( 'NONE', #3586 ) ;
#1308 = VECTOR ( 'NONE', #4852, 1000.000000000000114 ) ;
#1309 = ORIENTED_EDGE ( 'NONE', *, *, #6023, .F. ) ;
#1310 = LINE ( 'NONE', #1348, #4288 ) ;
#1311 = DIRECTION ( 'NONE',  ( 0.07898675866492370357, 0.9968756652439707544, 0.000000000000000000 ) ) ;
#1312 = CARTESIAN_POINT ( 'NONE',  ( -0.8689422590826386683, -0.8633171155267063135, 1.750182360671033832 ) ) ;
#1313 = AXIS2_PLACEMENT_3D ( 'NONE', #4982, #2104, #2639 ) ;
#1314 = FACE_OUTER_BOUND ( 'NONE', #5522, .T. ) ;
#1315 = PLANE ( 'NONE',  #832 ) ;
#1316 = ORIENTED_EDGE ( 'NONE', *, *, #4787, .T. ) ;
#1317 = AXIS2_PLACEMENT_3D ( 'NONE', #5948, #220, #2651 ) ;
#1318 = AXIS2_PLACEMENT_3D ( 'NONE', #4345, #569, #5859 ) ;
#1319 = ORIENTED_EDGE ( 'NONE', *, *, #5097, .T. ) ;
#1320 = CARTESIAN_POINT ( 'NONE',  ( 0.8678748276968497599, -0.8762625985654564076, 1.622412911972745508 ) ) ;
#1321 = DIRECTION ( 'NONE',  ( 0.9945218953682734009, 0.1045284632676540537, 1.538403000000000655E-33 ) ) ;
#1322 = VECTOR ( 'NONE', #4696, 1000.000000000000000 ) ;
#1323 = CARTESIAN_POINT ( 'NONE',  ( -1.400346185369999885, -1.050000000000000044, 1.499967589430000192 ) ) ;
#1324 = VECTOR ( 'NONE', #422, 1000.000000000000000 ) ;
#1325 = CYLINDRICAL_SURFACE ( 'NONE', #1327, 0.1999999999999999556 ) ;
#1326 = DIRECTION ( 'NONE',  ( -1.000000000000000000, 0.000000000000000000, 4.145318290164894831E-23 ) ) ;
#1327 = AXIS2_PLACEMENT_3D ( 'NONE', #859, #3599, #4079 ) ;
#1328 = EDGE_CURVE ( 'NONE', #5613, #5964, #4127, .T. ) ;
#1329 = VERTEX_POINT ( 'NONE', #2214 ) ;
#1330 = CIRCLE ( 'NONE', #57, 0.1000000000000000472 ) ;
#1331 = DIRECTION ( 'NONE',  ( -0.000000000000000000, -0.000000000000000000, -1.000000000000000000 ) ) ;
#1332 = B_SPLINE_CURVE_WITH_KNOTS ( 'NONE', 3,
 ( #2837, #1500, #2892, #2435, #2492, #3850, #567, #5768, #3916, #4805, #475, #4316, #1996, #1445, #5223, #4284, #4256, #5706 ),
 .UNSPECIFIED., .F., .F.,
 ( 4, 2, 2, 2, 2, 2, 2, 2, 4 ),
 ( 0.5000000000000000000, 0.5625000000000000000, 0.6250000000000000000, 0.6875000000000000000, 0.7500000000000000000, 0.8125000000000000000, 0.8750000000000000000, 0.9375000000000000000, 1.000000000000000000 ),
 .UNSPECIFIED. ) ;
#1333 = LINE ( 'NONE', #5081, #325 ) ;
#1334 = PLANE ( 'NONE',  #3305 ) ;
#1335 = ORIENTED_EDGE ( 'NONE', *, *, #994, .F. ) ;
#1336 = EDGE_LOOP ( 'NONE', ( #714, #3573, #1286, #3152, #3975, #3072, #1788, #4731, #2306, #3763 ) ) ;
#1337 = EDGE_CURVE ( 'NONE', #1574, #2189, #3860, .T. ) ;
#1338 = EDGE_CURVE ( 'NONE', #4112, #2074, #5820, .T. ) ;
#1339 = EDGE_CURVE ( 'NONE', #4945, #3682, #316, .T. ) ;
#1340 = DIRECTION ( 'NONE',  ( -1.000000000000000000, -3.366872316660000075E-49, -5.852095443364900286E-96 ) ) ;
#1341 = DIRECTION ( 'NONE',  ( -0.000000000000000000, -1.471754998077242370E-32, 1.000000000000000000 ) ) ;
#1342 = VECTOR ( 'NONE', #2622, 1000.000000000000000 ) ;
#1343 = ORIENTED_EDGE ( 'NONE', *, *, #2370, .F. ) ;
#1344 = DIRECTION ( 'NONE',  ( 6.409092603083811623E-18, 0.9986295347545742773, -0.05233595624293701370 ) ) ;
#1345 = ORIENTED_EDGE ( 'NONE', *, *, #1545, .F. ) ;
#1346 = EDGE_CURVE ( 'NONE', #5978, #3443, #722, .T. ) ;
#1347 = ORIENTED_EDGE ( 'NONE', *, *, #1914, .F. ) ;
#1348 = CARTESIAN_POINT ( 'NONE',  ( -0.7833967240259941400, -1.321175373828577415, -1.476242818392564660 ) ) ;
#1349 = DIRECTION ( 'NONE',  ( -1.016439536705160022E-18, -0.08716022863319299041, -0.9961943056174379363 ) ) ;
#1350 = DIRECTION ( 'NONE',  ( -1.219946000000000457E-16, -0.08715574274765794383, 0.9961946980917455452 ) ) ;
#1351 = DIRECTION ( 'NONE',  ( 0.000000000000000000, -0.000000000000000000, 1.000000000000000000 ) ) ;
#1352 = DIRECTION ( 'NONE',  ( -1.000000000000000000, -6.929472999999999467E-14, 2.056262539400000157E-12 ) ) ;
#1353 = ORIENTED_EDGE ( 'NONE', *, *, #496, .T. ) ;
#1354 = ORIENTED_EDGE ( 'NONE', *, *, #1957, .F. ) ;
#1355 = LINE ( 'NONE', #4206, #1211 ) ;
#1356 = DIRECTION ( 'NONE',  ( 0.07767724310006517141, -0.9969785583975079302, 0.000000000000000000 ) ) ;
#1357 = DIRECTION ( 'NONE',  ( 0.000000000000000000, 0.000000000000000000, -1.000000000000000000 ) ) ;
#1358 = ORIENTED_EDGE ( 'NONE', *, *, #4552, .F. ) ;
#1359 = CARTESIAN_POINT ( 'NONE',  ( 1.399999999999999911, -0.9249999999999999334, -1.500000000000000000 ) ) ;
#1360 = CARTESIAN_POINT ( 'NONE',  ( 1.400000000000000133, -1.053956916885544048, -1.499621404060039742 ) ) ;
#1361 = ORIENTED_EDGE ( 'NONE', *, *, #1750, .F. ) ;
#1362 = CARTESIAN_POINT ( 'NONE',  ( 1.399999999999999911, -0.1392041924772199901, -1.438462790198500096 ) ) ;
#1363 = DIRECTION ( 'NONE',  ( 0.000000000000000000, -1.000000000000000000, 0.000000000000000000 ) ) ;
#1364 = ADVANCED_FACE ( 'NONE', ( #6013 ), #1755, .F. ) ;
#1365 = CARTESIAN_POINT ( 'NONE',  ( 0.8302850904925674902, -0.9851236832524746800, -1.697426538692231146 ) ) ;
#1366 = EDGE_LOOP ( 'NONE', ( #1451, #93, #2256, #3921, #2009, #3957 ) ) ;
#1367 = ORIENTED_EDGE ( 'NONE', *, *, #5285, .T. ) ;
#1368 = ORIENTED_EDGE ( 'NONE', *, *, #875, .T. ) ;
#1369 = PLANE ( 'NONE',  #3889 ) ;
#1370 =( LENGTH_UNIT ( ) NAMED_UNIT ( * ) SI_UNIT ( .MILLI., .METRE. ) );
#1371 = CARTESIAN_POINT ( 'NONE',  ( 0.2446826052048690914, -0.8984079246997636048, 1.607630998020647795 ) ) ;
#1372 = EDGE_CURVE ( 'NONE', #440, #638, #2713, .T. ) ;
#1373 = ORIENTED_EDGE ( 'NONE', *, *, #4803, .F. ) ;
#1374 = EDGE_CURVE ( 'NONE', #3166, #3710, #5546, .T. ) ;
#1375 = DIRECTION ( 'NONE',  ( 0.7071067811865530128, 0.7044157488815080415, 0.06163158871631112257 ) ) ;
#1376 = EDGE_CURVE ( 'NONE', #750, #1660, #5953, .T. ) ;
#1377 = ORIENTED_EDGE ( 'NONE', *, *, #2525, .F. ) ;
#1378 = B_SPLINE_CURVE_WITH_KNOTS ( 'NONE', 3,
 ( #123, #3966, #3017, #1151 ),
 .UNSPECIFIED., .F., .F.,
 ( 4, 4 ),
 ( 0.000000000000000000, 0.07957887984146007343 ),
 .UNSPECIFIED. ) ;
#1379 = CARTESIAN_POINT ( 'NONE',  ( -0.8931019708470158136, -0.8500000000000099698, -1.625137634343248871 ) ) ;
#1380 = CARTESIAN_POINT ( 'NONE',  ( 1.100346185370000063, -0.1930181182222899805, -1.585441994027900092 ) ) ;
#1381 = LINE ( 'NONE', #2838, #142 ) ;
#1382 = EDGE_CURVE ( 'NONE', #5905, #3782, #622, .T. ) ;
#1383 = LINE ( 'NONE', #5592, #3997 ) ;
#1384 = ADVANCED_FACE ( 'NONE', ( #1779 ), #3208, .T. ) ;
#1385 = LINE ( 'NONE', #5199, #4299 ) ;
#1386 = ORIENTED_EDGE ( 'NONE', *, *, #4247, .F. ) ;
#1387 = ORIENTED_EDGE ( 'NONE', *, *, #4442, .F. ) ;
#1388 = PLANE ( 'NONE',  #5373 ) ;
#1389 = DIRECTION ( 'NONE',  ( -1.000000000000000000, 0.000000000000000000, -0.000000000000000000 ) ) ;
#1390 = EDGE_LOOP ( 'NONE', ( #2881, #1274, #5685, #4716 ) ) ;
#1391 = DIRECTION ( 'NONE',  ( -1.000000000000000000, 0.000000000000000000, 4.779941525138721401E-23 ) ) ;
#1392 = CARTESIAN_POINT ( 'NONE',  ( 1.178447708059189969, -0.9249999999999999334, -1.499967590878610091 ) ) ;
#1393 = ORIENTED_EDGE ( 'NONE', *, *, #280, .F. ) ;
#1394 = DIRECTION ( 'NONE',  ( -1.000000000000000000, 0.000000000000000000, 4.779941512765678277E-23 ) ) ;
#1395 = B_SPLINE_CURVE_WITH_KNOTS ( 'NONE', 3,
 ( #1064, #570, #689, #3885 ),
 .UNSPECIFIED., .F., .F.,
 ( 4, 4 ),
 ( 0.000000000000000000, 0.2553700950185667784 ),
 .UNSPECIFIED. ) ;
#1396 = CARTESIAN_POINT ( 'NONE',  ( -0.8246538146299998706, -0.9485462464092400126, 1.759418520840300149 ) ) ;
#1397 = CARTESIAN_POINT ( 'NONE',  ( 1.100346185370000063, -0.4387691941217055636, 1.669661749200294310 ) ) ;
#1398 = ORIENTED_EDGE ( 'NONE', *, *, #3440, .T. ) ;
#1399 = ORIENTED_EDGE ( 'NONE', *, *, #3468, .T. ) ;
#1400 = ORIENTED_EDGE ( 'NONE', *, *, #6117, .T. ) ;
#1401 = APPLICATION_CONTEXT ( 'automotive_design' ) ;
#1402 = DIRECTION ( 'NONE',  ( -1.000000000000000000, 1.399731057920199950E-15, 0.000000000000000000 ) ) ;
#1403 = FACE_OUTER_BOUND ( 'NONE', #2827, .T. ) ;
#1404 = ORIENTED_EDGE ( 'NONE', *, *, #4182, .T. ) ;
#1405 = LINE ( 'NONE', #4688, #212 ) ;
#1406 = VECTOR ( 'NONE', #2109, 1000.000000000000000 ) ;
#1407 = ORIENTED_EDGE ( 'NONE', *, *, #4137, .F. ) ;
#1408 = EDGE_CURVE ( 'NONE', #1609, #2912, #226, .T. ) ;
#1409 = PLANE ( 'NONE',  #5965 ) ;
#1410 = CARTESIAN_POINT ( 'NONE',  ( 1.400346185369999885, -1.050000000000000044, 1.500000000000000000 ) ) ;
#1411 = CARTESIAN_POINT ( 'NONE',  ( -0.4996538146299995820, -0.05000000000000000278, 3.241057000120133220E-05 ) ) ;
#1412 = LINE ( 'NONE', #5197, #2909 ) ;
#1413 = VECTOR ( 'NONE', #5914, 1000.000000000000227 ) ;
#1414 = LINE ( 'NONE', #12, #235 ) ;
#1415 = VERTEX_POINT ( 'NONE', #3083 ) ;
#1416 = EDGE_CURVE ( 'NONE', #4253, #5177, #5927, .T. ) ;
#1417 = ADVANCED_FACE ( 'NONE', ( #1811 ), #3906, .F. ) ;
#1418 = ORIENTED_EDGE ( 'NONE', *, *, #2960, .F. ) ;
#1419 = AXIS2_PLACEMENT_3D ( 'NONE', #2836, #2310, #2347 ) ;
#1420 = DIRECTION ( 'NONE',  ( 0.000000000000000000, 0.000000000000000000, -1.000000000000000000 ) ) ;
#1421 = CARTESIAN_POINT ( 'NONE',  ( 1.362345048523937452, -0.4417029912380935341, 1.469948340608704829 ) ) ;
#1422 = VECTOR ( 'NONE', #4245, 1000.000000000000000 ) ;
#1423 = PLANE ( 'NONE',  #4991 ) ;
#1424 = EDGE_CURVE ( 'NONE', #3667, #3172, #5221, .T. ) ;
#1425 = VECTOR ( 'NONE', #4339, 1000.000000000000000 ) ;
#1426 = ORIENTED_EDGE ( 'NONE', *, *, #4663, .F. ) ;
#1427 = DIRECTION ( 'NONE',  ( 0.08725309389913202263, -0.9923988770027980522, 0.08678344616696535840 ) ) ;
#1428 = AXIS2_PLACEMENT_3D ( 'NONE', #3459, #596, #5801 ) ;
#1429 =( BOUNDED_CURVE ( )  B_SPLINE_CURVE ( 3, ( #3387, #1992, #494, #4404 ),
 .UNSPECIFIED., .F., .T. ) 
 B_SPLINE_CURVE_WITH_KNOTS ( ( 4, 4 ),
 ( 4.716194944420149859, 5.193439446193699460 ),
 .UNSPECIFIED. ) 
 CURVE ( )  GEOMETRIC_REPRESENTATION_ITEM ( )  RATIONAL_B_SPLINE_CURVE ( ( 1.000000000000000000, 0.9811096982920342047, 0.9811096982920342047, 1.000000000000000000 ) ) 
 REPRESENTATION_ITEM ( '' )  );
#1430 = CARTESIAN_POINT ( 'NONE',  ( -0.3035515447999135863, -0.8637216782323686726, -1.623916163487265196 ) ) ;
#1431 = EDGE_CURVE ( 'NONE', #1273, #4472, #3698, .T. ) ;
#1432 = VERTEX_POINT ( 'NONE', #2745 ) ;
#1433 = DIRECTION ( 'NONE',  ( 0.000000000000000000, -1.000000000000000000, 0.000000000000000000 ) ) ;
#1434 = AXIS2_PLACEMENT_3D ( 'NONE', #2633, #2158, #3149 ) ;
#1435 = PLANE ( 'NONE',  #731 ) ;
#1436 = VECTOR ( 'NONE', #460, 1000.000000000000000 ) ;
#1437 = CARTESIAN_POINT ( 'NONE',  ( 1.077972718902663773, -0.9249999999999999334, -1.599967589430000059 ) ) ;
#1438 = AXIS2_PLACEMENT_3D ( 'NONE', #6019, #4655, #5647 ) ;
#1439 = ORIENTED_EDGE ( 'NONE', *, *, #3644, .T. ) ;
#1440 = ORIENTED_EDGE ( 'NONE', *, *, #1572, .F. ) ;
#1441 = CARTESIAN_POINT ( 'NONE',  ( -1.177755344232600088, -0.9249999999999999334, -1.499967590806019935 ) ) ;
#1442 = PLANE ( 'NONE',  #4083 ) ;
#1443 = ORIENTED_EDGE ( 'NONE', *, *, #2970, .T. ) ;
#1444 = CARTESIAN_POINT ( 'NONE',  ( 0.8262032957502399855, -0.9657079226522899962, -1.713098383932700086 ) ) ;
#1445 = CARTESIAN_POINT ( 'NONE',  ( -0.9604959366988097269, -1.849999999999999867, -0.7362846495361885513 ) ) ;
#1446 = FACE_OUTER_BOUND ( 'NONE', #4499, .T. ) ;
#1447 = LINE ( 'NONE', #6090, #2602 ) ;
#1448 = EDGE_CURVE ( 'NONE', #283, #4914, #5132, .T. ) ;
#1449 = CARTESIAN_POINT ( 'NONE',  ( 0.8546355072513410756, -0.8785660737170098988, -1.747916963089400033 ) ) ;
#1450 = VERTEX_POINT ( 'NONE', #4195 ) ;
#1451 = ORIENTED_EDGE ( 'NONE', *, *, #2661, .F. ) ;
#1452 = CARTESIAN_POINT ( 'NONE',  ( 1.128210277402919903, -1.050000000000000044, -1.549967526534500095 ) ) ;
#1453 = DIRECTION ( 'NONE',  ( 0.000000000000000000, 0.000000000000000000, -1.000000000000000000 ) ) ;
#1454 = DIRECTION ( 'NONE',  ( -0.000000000000000000, -1.000000000000000000, -0.000000000000000000 ) ) ;
#1455 = EDGE_LOOP ( 'NONE', ( #4281, #1133, #3219 ) ) ;
#1456 = EDGE_CURVE ( 'NONE', #5153, #1096, #3236, .T. ) ;
#1457 = LINE ( 'NONE', #3780, #1734 ) ;
#1458 = ADVANCED_FACE ( 'NONE', ( #3764 ), #2834, .F. ) ;
#1459 = CARTESIAN_POINT ( 'NONE',  ( -0.3148469896509000221, -0.8986889225835499317, -1.608161154840867413 ) ) ;
#1460 = EDGE_CURVE ( 'NONE', #4500, #5978, #2860, .T. ) ;
#1461 = ORIENTED_EDGE ( 'NONE', *, *, #4359, .F. ) ;
#1462 = CARTESIAN_POINT ( 'NONE',  ( 1.399999999999999689, -0.5875000000000000222, 1.464559731167800249 ) ) ;
#1463 = DIRECTION ( 'NONE',  ( -0.000000000000000000, 1.000000000000000000, 0.000000000000000000 ) ) ;
#1464 =( BOUNDED_CURVE ( )  B_SPLINE_CURVE ( 3, ( #1712, #5489, #5022, #2146 ),
 .UNSPECIFIED., .F., .T. ) 
 B_SPLINE_CURVE_WITH_KNOTS ( ( 4, 4 ),
 ( 3.184254315761899878, 3.362582785888470038 ),
 .UNSPECIFIED. ) 
 CURVE ( )  GEOMETRIC_REPRESENTATION_ITEM ( )  RATIONAL_B_SPLINE_CURVE ( ( 1.000000000000000000, 0.9973516683368341962, 0.9973516683368341962, 1.000000000000000000 ) ) 
 REPRESENTATION_ITEM ( '' )  );
#1465 =( NAMED_UNIT ( * ) SI_UNIT ( $, .STERADIAN. ) SOLID_ANGLE_UNIT ( ) );
#1466 = ORIENTED_EDGE ( 'NONE', *, *, #4275, .F. ) ;
#1467 = VERTEX_POINT ( 'NONE', #4278 ) ;
#1468 = DIRECTION ( 'NONE',  ( 0.08683102911526527357, 0.000000000000000000, 0.9962230535290698130 ) ) ;
#1469 = CARTESIAN_POINT ( 'NONE',  ( -1.178447708059189969, -0.9249999999999999334, -1.499967590878610091 ) ) ;
#1470 = ORIENTED_EDGE ( 'NONE', *, *, #1122, .T. ) ;
#1471 = DIRECTION ( 'NONE',  ( 1.000000000000000000, 0.000000000000000000, 2.753745383665969108E-14 ) ) ;
#1472 = CARTESIAN_POINT ( 'NONE',  ( -1.399653814629999937, -0.2500000000000000000, 1.500032410570000030 ) ) ;
#1473 = DIRECTION ( 'NONE',  ( -0.07855673849245517482, -0.9914484689297579090, -0.1042054331321879967 ) ) ;
#1474 = LINE ( 'NONE', #2315, #4583 ) ;
#1475 = CARTESIAN_POINT ( 'NONE',  ( 0.2626135359883447484, -0.9155086942534825800, -1.739767551187494599 ) ) ;
#1476 = VERTEX_POINT ( 'NONE', #446 ) ;
#1477 = VERTEX_POINT ( 'NONE', #5154 ) ;
#1478 = LINE ( 'NONE', #639, #5073 ) ;
#1479 = CARTESIAN_POINT ( 'NONE',  ( -0.8454213533042047590, -0.9007822285051194644, 1.605455677846740592 ) ) ;
#1480 = EDGE_CURVE ( 'NONE', #3715, #3553, #4, .T. ) ;
#1481 = CARTESIAN_POINT ( 'NONE',  ( 0.8588621040985998656, -1.035255832108360030, 1.625399957906499937 ) ) ;
#1482 = ORIENTED_EDGE ( 'NONE', *, *, #2746, .T. ) ;
#1483 = LINE ( 'NONE', #2788, #1230 ) ;
#1484 = DIRECTION ( 'NONE',  ( 0.7071067811865510144, 0.000000000000000000, -0.7071067811865441310 ) ) ;
#1485 = ORIENTED_EDGE ( 'NONE', *, *, #2193, .T. ) ;
#1486 = PLANE ( 'NONE',  #4180 ) ;
#1487 = EDGE_CURVE ( 'NONE', #4091, #3242, #2373, .T. ) ;
#1488 = DIRECTION ( 'NONE',  ( -8.659272068813699645E-17, -0.7071067811868440023, 0.7071067811862510322 ) ) ;
#1489 = FACE_OUTER_BOUND ( 'NONE', #1967, .T. ) ;
#1490 = ORIENTED_EDGE ( 'NONE', *, *, #4129, .T. ) ;
#1491 = ORIENTED_EDGE ( 'NONE', *, *, #1346, .F. ) ;
#1492 = EDGE_CURVE ( 'NONE', #4130, #3531, #497, .T. ) ;
#1493 = EDGE_CURVE ( 'NONE', #4749, #571, #2773, .T. ) ;
#1494 = LINE ( 'NONE', #1531, #5374 ) ;
#1495 = FACE_OUTER_BOUND ( 'NONE', #2432, .T. ) ;
#1496 = VERTEX_POINT ( 'NONE', #1849 ) ;
#1497 = B_SPLINE_CURVE_WITH_KNOTS ( 'NONE', 3,
 ( #3475, #5328, #4887, #5816 ),
 .UNSPECIFIED., .F., .F.,
 ( 4, 4 ),
 ( 0.000000000000000000, 0.2099636628640126623 ),
 .UNSPECIFIED. ) ;
#1498 = EDGE_CURVE ( 'NONE', #1329, #3262, #4154, .T. ) ;
#1499 = CARTESIAN_POINT ( 'NONE',  ( 0.3151530103492009571, -0.9939373499163199899, -1.688827309405799948 ) ) ;
#1500 = CARTESIAN_POINT ( 'NONE',  ( 1.200418951838953641, -1.850000000000000311, -0.1587307832900149707 ) ) ;
#1501 = CARTESIAN_POINT ( 'NONE',  ( 1.370262115408682035, 3.579848725887760263, 1.469948340608704829 ) ) ;
#1502 = FACE_OUTER_BOUND ( 'NONE', #4225, .T. ) ;
#1503 = AXIS2_PLACEMENT_3D ( 'NONE', #288, #4066, #5520 ) ;
#1504 = CARTESIAN_POINT ( 'NONE',  ( -0.8281829307371200155, -0.9249999999999999334, -1.726365536148700031 ) ) ;
#1505 = ORIENTED_EDGE ( 'NONE', *, *, #1374, .T. ) ;
#1506 = AXIS2_PLACEMENT_3D ( 'NONE', #313, #2087, #1636 ) ;
#1507 = VERTEX_POINT ( 'NONE', #3448 ) ;
#1508 = CARTESIAN_POINT ( 'NONE',  ( 0.3229846837006900007, -1.023642306690880188, 1.614427587116199936 ) ) ;
#1509 = CARTESIAN_POINT ( 'NONE',  ( 0.8303907871193809687, -0.9249999999999999334, 1.668738102225499897 ) ) ;
#1510 = CARTESIAN_POINT ( 'NONE',  ( -1.099653814629999449, -0.4387691941217052305, -1.606943542311669804 ) ) ;
#1511 = VECTOR ( 'NONE', #5632, 1000.000000000000000 ) ;
#1512 = EDGE_LOOP ( 'NONE', ( #33, #6123, #1309, #1756, #3209, #1157 ) ) ;
#1513 = PLANE ( 'NONE',  #2620 ) ;
#1514 = CLOSED_SHELL ( 'NONE', ( #5994, #389, #2164, #5796, #2898, #1838, #1562 ) ) ;
#1515 = DIRECTION ( 'NONE',  ( -1.000000000000000000, 0.000000000000000000, 0.000000000000000000 ) ) ;
#1516 = VECTOR ( 'NONE', #2591, 1000.000000000000000 ) ;
#1517 = ORIENTED_EDGE ( 'NONE', *, *, #5467, .T. ) ;
#1518 = CARTESIAN_POINT ( 'NONE',  ( -1.099653814629999893, -0.4387691941217052305, -1.461477968693200014 ) ) ;
#1519 = VECTOR ( 'NONE', #4497, 1000.000000000000000 ) ;
#1520 = DIRECTION ( 'NONE',  ( 1.000000000000000000, -0.000000000000000000, 0.000000000000000000 ) ) ;
#1521 = CARTESIAN_POINT ( 'NONE',  ( -0.3333478222937290014, -1.049237924120839827, 1.550032410577399933 ) ) ;
#1522 = VECTOR ( 'NONE', #2184, 1000.000000000000000 ) ;
#1523 = VECTOR ( 'NONE', #2793, 1000.000000000000000 ) ;
#1524 = EDGE_CURVE ( 'NONE', #2429, #3358, #4846, .T. ) ;
#1525 = ORIENTED_EDGE ( 'NONE', *, *, #166, .F. ) ;
#1526 = ORIENTED_EDGE ( 'NONE', *, *, #4526, .F. ) ;
#1527 = VECTOR ( 'NONE', #502, 1000.000000000000000 ) ;
#1528 = FACE_OUTER_BOUND ( 'NONE', #3985, .T. ) ;
#1529 = VECTOR ( 'NONE', #541, 1000.000000000000000 ) ;
#1530 = CIRCLE ( 'NONE', #2722, 0.1999999999999999556 ) ;
#1531 = CARTESIAN_POINT ( 'NONE',  ( -0.8996538146300200323, -0.8325679542733599448, -1.749206387657999962 ) ) ;
#1532 = LINE ( 'NONE', #2399, #3797 ) ;
#1533 = AXIS2_PLACEMENT_3D ( 'NONE', #5070, #5562, #244 ) ;
#1534 = EDGE_CURVE ( 'NONE', #4841, #5066, #2803, .T. ) ;
#1535 = EDGE_CURVE ( 'NONE', #1887, #3242, #1405, .T. ) ;
#1536 = ORIENTED_EDGE ( 'NONE', *, *, #2294, .F. ) ;
#1537 = VECTOR ( 'NONE', #3919, 1000.000000000000000 ) ;
#1538 = ADVANCED_FACE ( 'NONE', ( #3545 ), #4521, .T. ) ;
#1539 =( BOUNDED_CURVE ( )  B_SPLINE_CURVE ( 3, ( #4064, #719, #2623, #2121 ),
 .UNSPECIFIED., .F., .T. ) 
 B_SPLINE_CURVE_WITH_KNOTS ( ( 4, 4 ),
 ( 4.058728388854724756, 4.712388980384689674 ),
 .UNSPECIFIED. ) 
 CURVE ( )  GEOMETRIC_REPRESENTATION_ITEM ( )  RATIONAL_B_SPLINE_CURVE ( ( 1.000000000000000000, 0.9647098066109143222, 0.9647098066109143222, 1.000000000000000000 ) ) 
 REPRESENTATION_ITEM ( '' )  );
#1540 = DIRECTION ( 'NONE',  ( -1.000000000000000000, 0.000000000000000000, -1.224606000000000123E-16 ) ) ;
#1541 = DIRECTION ( 'NONE',  ( 1.000000000000000000, -5.463214806653409922E-22, 0.000000000000000000 ) ) ;
#1542 = DIRECTION ( 'NONE',  ( -0.7054294346556754247, 0.000000000000000000, -0.7087801582446945359 ) ) ;
#1543 = CARTESIAN_POINT ( 'NONE',  ( 1.341909490312789943, -0.1794149316689344908, 0.6711961793667220455 ) ) ;
#1544 = CARTESIAN_POINT ( 'NONE',  ( -0.8996538146300200323, -0.8325679542733599448, -1.749206387657999962 ) ) ;
#1545 = EDGE_CURVE ( 'NONE', #571, #972, #5848, .T. ) ;
#1546 = ORIENTED_EDGE ( 'NONE', *, *, #3346, .F. ) ;
#1547 = ORIENTED_EDGE ( 'NONE', *, *, #4736, .F. ) ;
#1548 = DIRECTION ( 'NONE',  ( -0.08682659386424736170, 0.9924325091389671893, 0.08682659386424654291 ) ) ;
#1549 = LINE ( 'NONE', #482, #5487 ) ;
#1550 = DIRECTION ( 'NONE',  ( -1.016439536705160214E-18, -0.08716022863319301817, -0.9961943056174381583 ) ) ;
#1551 = ORIENTED_EDGE ( 'NONE', *, *, #5246, .F. ) ;
#1552 = CARTESIAN_POINT ( 'NONE',  ( 0.0003461853700004179925, -0.2500000000000000000, 3.241057000114010188E-05 ) ) ;
#1553 = ORIENTED_EDGE ( 'NONE', *, *, #725, .F. ) ;
#1554 = ORIENTED_EDGE ( 'NONE', *, *, #614, .T. ) ;
#1555 = PLANE ( 'NONE',  #219 ) ;
#1556 = CARTESIAN_POINT ( 'NONE',  ( 1.399999999999999911, -1.850000000000000089, -1.752467526534499997 ) ) ;
#1557 = CARTESIAN_POINT ( 'NONE',  ( 1.338776564998479968, -0.3392041924772200012, 1.438462790198500096 ) ) ;
#1558 = CARTESIAN_POINT ( 'NONE',  ( -1.178447708059189969, -0.9249999999999999334, 1.499967590878610091 ) ) ;
#1559 = ORIENTED_EDGE ( 'NONE', *, *, #6109, .T. ) ;
#1560 = ORIENTED_EDGE ( 'NONE', *, *, #3613, .F. ) ;
#1561 = FACE_OUTER_BOUND ( 'NONE', #2861, .T. ) ;
#1562 = ADVANCED_FACE ( 'NONE', ( #5398 ), #4921, .T. ) ;
#1563 = CARTESIAN_POINT ( 'NONE',  ( 0.8546355072513410756, -0.8785660737170098988, 1.747981784244200032 ) ) ;
#1564 = CARTESIAN_POINT ( 'NONE',  ( -0.8295980626692592841, -1.850000000000000089, -1.430041479749299738 ) ) ;
#1565 = B_SPLINE_CURVE_WITH_KNOTS ( 'NONE', 3,
 ( #1885, #3772, #3277, #1475, #3367, #2380 ),
 .UNSPECIFIED., .F., .F.,
 ( 4, 2, 4 ),
 ( 0.07957887984146007343, 0.5397894399207300298, 1.000000000000000000 ),
 .UNSPECIFIED. ) ;
#1566 = ORIENTED_EDGE ( 'NONE', *, *, #4028, .F. ) ;
#1567 = FACE_OUTER_BOUND ( 'NONE', #3743, .T. ) ;
#1568 = LINE ( 'NONE', #2652, #5983 ) ;
#1569 = EDGE_CURVE ( 'NONE', #3358, #3242, #3013, .T. ) ;
#1570 = CARTESIAN_POINT ( 'NONE',  ( 0.8461135486791488969, -0.9007824518310990625, 1.605455743179975414 ) ) ;
#1571 = DIRECTION ( 'NONE',  ( 0.004077599227157457235, -0.05233552115099233265, -0.9986212327055723481 ) ) ;
#1572 = EDGE_CURVE ( 'NONE', #4517, #277, #1622, .T. ) ;
#1573 = DIRECTION ( 'NONE',  ( 0.000000000000000000, -0.6755885476259970712, 0.7372788579069630144 ) ) ;
#1574 = VERTEX_POINT ( 'NONE', #4988 ) ;
#1575 = EDGE_LOOP ( 'NONE', ( #700, #4100, #2519, #973 ) ) ;
#1576 = CARTESIAN_POINT ( 'NONE',  ( 0.2041860371233409910, -0.8499999999999999778, 1.550032347689399792 ) ) ;
#1577 = FACE_OUTER_BOUND ( 'NONE', #1248, .T. ) ;
#1578 = EDGE_CURVE ( 'NONE', #4022, #5003, #1683, .T. ) ;
#1579 = CARTESIAN_POINT ( 'NONE',  ( -1.099653814629999893, -0.4387691941217052305, 1.461542789848099932 ) ) ;
#1580 = ORIENTED_EDGE ( 'NONE', *, *, #1337, .T. ) ;
#1581 = CARTESIAN_POINT ( 'NONE',  ( -1.399999999999999911, -0.6387691941217048530, 1.469948340608704829 ) ) ;
#1582 = ORIENTED_EDGE ( 'NONE', *, *, #2932, .F. ) ;
#1583 = ORIENTED_EDGE ( 'NONE', *, *, #3472, .T. ) ;
#1584 = CARTESIAN_POINT ( 'NONE',  ( 0.3162547584502809483, -0.9251701078087301022, 1.550032410577399933 ) ) ;
#1585 = B_SPLINE_CURVE_WITH_KNOTS ( 'NONE', 3,
 ( #4023, #4115, #4141, #5909, #5016, #4544, #1680, #1792, #4050, #6000, #792, #3184, #1288, #1200, #3068, #4486, #2691, #298 ),
 .UNSPECIFIED., .F., .F.,
 ( 4, 2, 2, 2, 2, 2, 2, 2, 4 ),
 ( 0.000000000000000000, 0.06250000000000002776, 0.1250000000000000278, 0.1875000000000000278, 0.2500000000000000000, 0.3124999999999999445, 0.3749999999999999445, 0.4374999999999999445, 0.5000000000000000000 ),
 .UNSPECIFIED. ) ;
#1586 = EDGE_CURVE ( 'NONE', #2238, #4841, #143, .T. ) ;
#1587 = CARTESIAN_POINT ( 'NONE',  ( -0.8296984163793900136, -0.9249999999999999334, -1.668673281070500058 ) ) ;
#1588 = LINE ( 'NONE', #5910, #2117 ) ;
#1589 = FACE_OUTER_BOUND ( 'NONE', #255, .T. ) ;
#1590 = DIRECTION ( 'NONE',  ( 0.1039620511844979722, -0.9891328443778537594, -0.1039620511844979722 ) ) ;
#1591 = VERTEX_POINT ( 'NONE', #4398 ) ;
#1592 = EDGE_LOOP ( 'NONE', ( #4939, #847, #950, #3726 ) ) ;
#1593 = DIRECTION ( 'NONE',  ( -1.000000000000000000, 0.000000000000000000, 0.000000000000000000 ) ) ;
#1594 = CARTESIAN_POINT ( 'NONE',  ( 0.3317672660514700000, -0.9249999999999999334, 1.555086564540699934 ) ) ;
#1595 = EDGE_LOOP ( 'NONE', ( #5832, #1440, #697, #3674 ) ) ;
#1596 = ORIENTED_EDGE ( 'NONE', *, *, #5582, .T. ) ;
#1597 = CARTESIAN_POINT ( 'NONE',  ( 1.330355254549260069, -1.850000000000000089, -1.429976658609299900 ) ) ;
#1598 = CARTESIAN_POINT ( 'NONE',  ( -0.9246538146299999594, -1.043632083895880136, 1.600098464836000156 ) ) ;
#1599 = DIRECTION ( 'NONE',  ( 0.000000000000000000, 0.000000000000000000, -1.000000000000000000 ) ) ;
#1600 = CARTESIAN_POINT ( 'NONE',  ( 0.9253461853700110096, -1.043632083895880136, -1.600033643681100015 ) ) ;
#1601 = LINE ( 'NONE', #3460, #1537 ) ;
#1602 = VERTEX_POINT ( 'NONE', #3964 ) ;
#1603 = EDGE_CURVE ( 'NONE', #4022, #277, #744, .T. ) ;
#1604 = ORIENTED_EDGE ( 'NONE', *, *, #1337, .F. ) ;
#1605 = LINE ( 'NONE', #5712, #4186 ) ;
#1606 = DIRECTION ( 'NONE',  ( 1.000000000000000000, 0.000000000000000000, 1.961420293860140815E-14 ) ) ;
#1607 = VECTOR ( 'NONE', #3657, 1000.000000000000000 ) ;
#1608 = CARTESIAN_POINT ( 'NONE',  ( 1.100346185370000063, -0.03173312393769969764, -0.8968482715346000056 ) ) ;
#1609 = VERTEX_POINT ( 'NONE', #1149 ) ;
#1610 = LINE ( 'NONE', #3064, #3216 ) ;
#1611 = ORIENTED_EDGE ( 'NONE', *, *, #1145, .T. ) ;
#1612 = ADVANCED_FACE ( 'NONE', ( #3999 ), #677, .T. ) ;
#1613 = AXIS2_PLACEMENT_3D ( 'NONE', #1777, #3237, #404 ) ;
#1614 = ORIENTED_EDGE ( 'NONE', *, *, #3193, .T. ) ;
#1615 = EDGE_CURVE ( 'NONE', #2007, #577, #3478, .T. ) ;
#1616 = CARTESIAN_POINT ( 'NONE',  ( -1.099653814629999893, -0.4442092950935300211, 1.607484335314399937 ) ) ;
#1617 = DIRECTION ( 'NONE',  ( 1.000000000000000000, 0.000000000000000000, 0.000000000000000000 ) ) ;
#1618 = AXIS2_PLACEMENT_3D ( 'NONE', #444, #347, #4191 ) ;
#1619 = DIRECTION ( 'NONE',  ( -0.9962320361928593826, 0.08672790821315509713, 0.000000000000000000 ) ) ;
#1620 = DIRECTION ( 'NONE',  ( 5.163162771627929810E-16, 0.000000000000000000, 1.000000000000000000 ) ) ;
#1621 = AXIS2_PLACEMENT_3D ( 'NONE', #581, #182, #114 ) ;
#1622 = LINE ( 'NONE', #186, #4462 ) ;
#1623 = EDGE_CURVE ( 'NONE', #1096, #283, #5464, .T. ) ;
#1624 = VECTOR ( 'NONE', #563, 1000.000000000000114 ) ;
#1625 = ORIENTED_EDGE ( 'NONE', *, *, #5156, .F. ) ;
#1626 = DIRECTION ( 'NONE',  ( -3.604641231665999851E-48, 1.000000000000000000, 2.943510999999999877E-32 ) ) ;
#1627 = VECTOR ( 'NONE', #2581, 1000.000000000000000 ) ;
#1628 = VECTOR ( 'NONE', #6105, 1000.000000000000114 ) ;
#1629 = CARTESIAN_POINT ( 'NONE',  ( 0.2942587117118909967, -0.8434481562170000890, -1.624851559886199892 ) ) ;
#1630 = ORIENTED_EDGE ( 'NONE', *, *, #4144, .F. ) ;
#1631 = VECTOR ( 'NONE', #5026, 1000.000000000000000 ) ;
#1632 = AXIS2_PLACEMENT_3D ( 'NONE', #4850, #2364, #1050 ) ;
#1633 = VERTEX_POINT ( 'NONE', #4951 ) ;
#1634 =( LENGTH_UNIT ( ) NAMED_UNIT ( * ) SI_UNIT ( .MILLI., .METRE. ) );
#1635 = CARTESIAN_POINT ( 'NONE',  ( -1.400346185369999885, -0.9249999999999999334, -1.752467526534499997 ) ) ;
#1636 = DIRECTION ( 'NONE',  ( -1.000000000000000000, 0.000000000000000000, 0.000000000000000000 ) ) ;
#1637 = AXIS2_PLACEMENT_3D ( 'NONE', #2385, #5658, #2356 ) ;
#1638 = DIRECTION ( 'NONE',  ( 2.931182659073673379E-23, -0.7071067811865475727, 0.7071067811865475727 ) ) ;
#1639 = DIRECTION ( 'NONE',  ( -3.604641231665999851E-48, 1.000000000000000000, 2.943510999999999877E-32 ) ) ;
#1640 = ORIENTED_EDGE ( 'NONE', *, *, #1572, .T. ) ;
#1641 = CIRCLE ( 'NONE', #2427, 0.07517010780874895659 ) ;
#1642 = ORIENTED_EDGE ( 'NONE', *, *, #1035, .F. ) ;
#1643 = DIRECTION ( 'NONE',  ( -0.000000000000000000, 1.000000000000000000, 0.000000000000000000 ) ) ;
#1644 = DIRECTION ( 'NONE',  ( 1.000000000000000000, 1.165135276964198079E-15, 0.000000000000000000 ) ) ;
#1645 = CARTESIAN_POINT ( 'NONE',  ( 0.2151530103492109991, -0.7832755502498399691, -1.619586865976599954 ) ) ;
#1646 = EDGE_CURVE ( 'NONE', #5819, #2943, #3099, .T. ) ;
#1647 = ORIENTED_EDGE ( 'NONE', *, *, #5991, .F. ) ;
#1648 = FACE_BOUND ( 'NONE', #2597, .T. ) ;
#1649 = EDGE_LOOP ( 'NONE', ( #2619, #4452, #5105, #5117, #840, #4036, #4386, #1407, #3814, #3968, #5677, #2448 ) ) ;
#1650 = UNCERTAINTY_MEASURE_WITH_UNIT (LENGTH_MEASURE( 1.000000000000000082E-05 ), #1634, 'distance_accuracy_value', 'NONE');
#1651 = ORIENTED_EDGE ( 'NONE', *, *, #2744, .F. ) ;
#1652 = CARTESIAN_POINT ( 'NONE',  ( -0.9246538146299999594, -1.043632083895880136, 1.600098464836000156 ) ) ;
#1653 = VECTOR ( 'NONE', #4502, 1000.000000000000000 ) ;
#1654 = EDGE_CURVE ( 'NONE', #1177, #6047, #706, .T. ) ;
#1655 = EDGE_CURVE ( 'NONE', #2997, #5227, #616, .T. ) ;
#1656 = LINE ( 'NONE', #1147, #2618 ) ;
#1657 = DIRECTION ( 'NONE',  ( -1.000000000000000000, 0.000000000000000000, 0.000000000000000000 ) ) ;
#1658 = EDGE_CURVE ( 'NONE', #1299, #3559, #1888, .T. ) ;
#1659 = DIRECTION ( 'NONE',  ( 4.761750516201565368E-23, 0.08716022863319300429, 0.9961943056174380473 ) ) ;
#1660 = VERTEX_POINT ( 'NONE', #5360 ) ;
#1661 = DIRECTION ( 'NONE',  ( 1.224606000000000123E-16, 2.943510999999999877E-32, -1.000000000000000000 ) ) ;
#1662 = ADVANCED_FACE ( 'NONE', ( #248 ), #1115, .T. ) ;
#1663 = PRESENTATION_STYLE_ASSIGNMENT (( #4551 ) ) ;
#1664 = ORIENTED_EDGE ( 'NONE', *, *, #3134, .T. ) ;
#1665 = ORIENTED_EDGE ( 'NONE', *, *, #1346, .T. ) ;
#1666 = DIRECTION ( 'NONE',  ( -1.000000000000000000, 0.000000000000000000, -1.224606000000000123E-16 ) ) ;
#1667 = DIRECTION ( 'NONE',  ( -1.000000000000000000, -0.000000000000000000, -0.000000000000000000 ) ) ;
#1668 = DIRECTION ( 'NONE',  ( 1.000000000000000000, 0.000000000000000000, 0.000000000000000000 ) ) ;
#1669 = LINE ( 'NONE', #260, #2503 ) ;
#1670 = DIRECTION ( 'NONE',  ( -4.761750516201572421E-23, -0.08716022863319203284, -0.9961943056174381583 ) ) ;
#1671 = ORIENTED_EDGE ( 'NONE', *, *, #4954, .F. ) ;
#1672 = VERTEX_POINT ( 'NONE', #3717 ) ;
#1673 = CARTESIAN_POINT ( 'NONE',  ( 0.2240622407965709995, -0.9855704384896400994, 1.697071989309300033 ) ) ;
#1674 = DIRECTION ( 'NONE',  ( 0.000000000000000000, 0.000000000000000000, 1.000000000000000000 ) ) ;
#1675 = CARTESIAN_POINT ( 'NONE',  ( -1.099653814629999893, -0.1995699620053000001, 1.510622781831099992 ) ) ;
#1676 = CARTESIAN_POINT ( 'NONE',  ( 0.7003461853700000406, -0.3875000000000000111, -1.464494910027799968 ) ) ;
#1677 = VERTEX_POINT ( 'NONE', #4611 ) ;
#1678 = EDGE_CURVE ( 'NONE', #1075, #440, #4546, .T. ) ;
#1679 = VERTEX_POINT ( 'NONE', #3255 ) ;
#1680 = CARTESIAN_POINT ( 'NONE',  ( -0.6055241522694558842, -1.850000000000000311, 1.047864578172585492 ) ) ;
#1681 = CARTESIAN_POINT ( 'NONE',  ( -1.329662883809260121, -1.850000000000000089, -0.9299766586093038967 ) ) ;
#1682 = DIRECTION ( 'NONE',  ( -1.000000000000000000, 0.000000000000000000, -1.584889429448049119E-15 ) ) ;
#1683 = LINE ( 'NONE', #2079, #799 ) ;
#1684 = ADVANCED_FACE ( 'NONE', ( #3224 ), #5142, .T. ) ;
#1685 = ORIENTED_EDGE ( 'NONE', *, *, #60, .F. ) ;
#1686 = LINE ( 'NONE', #5079, #3095 ) ;
#1687 = FACE_OUTER_BOUND ( 'NONE', #2103, .T. ) ;
#1688 = EDGE_LOOP ( 'NONE', ( #1551, #804, #727, #1580, #2246, #3250, #4560 ) ) ;
#1689 = EDGE_LOOP ( 'NONE', ( #290, #462, #191, #2045, #3941, #920 ) ) ;
#1690 = ADVANCED_FACE ( 'NONE', ( #6031 ), #335, .F. ) ;
#1691 = EDGE_CURVE ( 'NONE', #5945, #5996, #4640, .T. ) ;
#1692 = CARTESIAN_POINT ( 'NONE',  ( -0.8996538146300200323, -0.8434481562170000890, -1.624851559886199892 ) ) ;
#1693 = DIRECTION ( 'NONE',  ( 0.07898675866492370357, 0.9968756652439707544, 0.000000000000000000 ) ) ;
#1694 = DIRECTION ( 'NONE',  ( 0.000000000000000000, -1.000000000000000000, 0.000000000000000000 ) ) ;
#1695 = FACE_OUTER_BOUND ( 'NONE', #2118, .T. ) ;
#1696 = CARTESIAN_POINT ( 'NONE',  ( 0.8262032957502399855, -0.9657079226522899962, -1.713098383932700086 ) ) ;
#1697 = EDGE_LOOP ( 'NONE', ( #5664, #3991, #1353, #1559 ) ) ;
#1698 = ORIENTED_EDGE ( 'NONE', *, *, #5076, .F. ) ;
#1699 = DIRECTION ( 'NONE',  ( -1.217898000000001129E-16, 0.1045284632676540537, 0.9945218953682734009 ) ) ;
#1700 = LINE ( 'NONE', #1853, #1930 ) ;
#1701 =( BOUNDED_CURVE ( )  B_SPLINE_CURVE ( 3, ( #4211, #2449, #4790, #4755 ),
 .UNSPECIFIED., .F., .F. ) 
 B_SPLINE_CURVE_WITH_KNOTS ( ( 4, 4 ),
 ( 1.570796326794896558, 1.889782065363498020 ),
 .UNSPECIFIED. ) 
 CURVE ( )  GEOMETRIC_REPRESENTATION_ITEM ( )  RATIONAL_B_SPLINE_CURVE ( ( 1.000000000000000000, 0.9915386343866552377, 0.9915386343866552377, 1.000000000000000000 ) ) 
 REPRESENTATION_ITEM ( '' )  );
#1702 = LINE ( 'NONE', #3593, #336 ) ;
#1703 = ORIENTED_EDGE ( 'NONE', *, *, #3834, .F. ) ;
#1704 = ORIENTED_EDGE ( 'NONE', *, *, #3273, .F. ) ;
#1705 = DIRECTION ( 'NONE',  ( -1.000000000000000000, -1.802320231665999787E-48, 1.899113549151960289E-63 ) ) ;
#1706 = DIRECTION ( 'NONE',  ( 0.9961571790822475458, 0.08758352906168470620, 0.000000000000000000 ) ) ;
#1707 = VECTOR ( 'NONE', #3045, 1000.000000000000114 ) ;
#1708 = CARTESIAN_POINT ( 'NONE',  ( 0.8546355072513410756, -0.8785660737170098988, -1.747916963089400033 ) ) ;
#1709 = ORIENTED_EDGE ( 'NONE', *, *, #310, .F. ) ;
#1710 = LINE ( 'NONE', #5020, #3878 ) ;
#1711 = AXIS2_PLACEMENT_3D ( 'NONE', #5000, #4039, #753 ) ;
#1712 = CARTESIAN_POINT ( 'NONE',  ( -0.3239300043572699850, -1.023642306690990100, 1.614427587116299856 ) ) ;
#1713 = VECTOR ( 'NONE', #2647, 1000.000000000000000 ) ;
#1714 = EDGE_CURVE ( 'NONE', #3553, #577, #4212, .T. ) ;
#1715 = DIRECTION ( 'NONE',  ( 0.000000000000000000, -0.000000000000000000, -1.000000000000000000 ) ) ;
#1716 = ORIENTED_EDGE ( 'NONE', *, *, #4123, .F. ) ;
#1717 = CLOSED_SHELL ( 'NONE', ( #4851, #1237, #2976, #3110, #4810, #1827, #6024, #2531 ) ) ;
#1718 = ORIENTED_EDGE ( 'NONE', *, *, #1487, .F. ) ;
#1719 = LINE ( 'NONE', #1250, #2211 ) ;
#1720 = DIRECTION ( 'NONE',  ( -1.000000000000000000, -3.366872316660000075E-49, -3.883759441479614959E-96 ) ) ;
#1721 = LINE ( 'NONE', #4962, #3296 ) ;
#1722 = ADVANCED_FACE ( 'NONE', ( #1742 ), #2192, .F. ) ;
#1723 = AXIS2_PLACEMENT_3D ( 'NONE', #5637, #2799, #3761 ) ;
#1724 =( GEOMETRIC_REPRESENTATION_CONTEXT ( 3 ) GLOBAL_UNCERTAINTY_ASSIGNED_CONTEXT ( ( #1142 ) ) GLOBAL_UNIT_ASSIGNED_CONTEXT ( ( #5823, #5852, #4120 ) ) REPRESENTATION_CONTEXT ( 'NONE', 'WORKASPACE' ) );
#1725 = CYLINDRICAL_SURFACE ( 'NONE', #805, 0.1000000000000000472 ) ;
#1726 = EDGE_CURVE ( 'NONE', #4923, #2977, #5510, .T. ) ;
#1727 = ORIENTED_EDGE ( 'NONE', *, *, #4476, .F. ) ;
#1728 = COLOUR_RGB ( '',1.000000000000000000, 1.000000000000000000, 1.000000000000000000 ) ;
#1729 = ORIENTED_EDGE ( 'NONE', *, *, #5873, .T. ) ;
#1730 = VECTOR ( 'NONE', #1733, 1000.000000000000000 ) ;
#1731 = CARTESIAN_POINT ( 'NONE',  ( -0.3148469896508999666, -0.9249999999999999334, -1.555021743385800015 ) ) ;
#1732 = DIRECTION ( 'NONE',  ( -1.961420293860140815E-14, 0.000000000000000000, 1.000000000000000000 ) ) ;
#1733 = DIRECTION ( 'NONE',  ( 1.000000000000000000, 0.000000000000000000, 0.000000000000000000 ) ) ;
#1734 = VECTOR ( 'NONE', #1007, 1000.000000000000000 ) ;
#1735 = DIRECTION ( 'NONE',  ( -1.000000000000000000, -4.814824860968089633E-32, -1.224606000000000123E-16 ) ) ;
#1736 = VECTOR ( 'NONE', #2228, 1000.000000000000227 ) ;
#1737 = ORIENTED_EDGE ( 'NONE', *, *, #426, .T. ) ;
#1738 = ORIENTED_EDGE ( 'NONE', *, *, #572, .T. ) ;
#1739 = CARTESIAN_POINT ( 'NONE',  ( 1.400000000000000133, -1.053956916885544048, 1.499686225200000722 ) ) ;
#1740 = CARTESIAN_POINT ( 'NONE',  ( 0.8303907871193809687, -0.9249999999999999334, -1.668673281070500058 ) ) ;
#1741 = PLANE ( 'NONE',  #4391 ) ;
#1742 = FACE_OUTER_BOUND ( 'NONE', #3848, .T. ) ;
#1743 = VERTEX_POINT ( 'NONE', #1769 ) ;
#1744 = CARTESIAN_POINT ( 'NONE',  ( -0.6919741111233190800, -1.050000000000000044, 0.8109592403554979345 ) ) ;
#1745 = AXIS2_PLACEMENT_3D ( 'NONE', #3562, #5444, #266 ) ;
#1746 = CARTESIAN_POINT ( 'NONE',  ( -0.8996538146300090411, -0.8325679542733599448, 1.749271208812799960 ) ) ;
#1747 = CARTESIAN_POINT ( 'NONE',  ( 0.8377966443621999160, -1.004417526877007250, -1.677287674045591315 ) ) ;
#1748 = ORIENTED_EDGE ( 'NONE', *, *, #3644, .F. ) ;
#1749 = VERTEX_POINT ( 'NONE', #5600 ) ;
#1750 = EDGE_CURVE ( 'NONE', #2920, #2457, #4117, .T. ) ;
#1751 = PLANE ( 'NONE',  #3309 ) ;
#1752 = CARTESIAN_POINT ( 'NONE',  ( 1.400346185369999885, -0.9249999999999999334, -1.499967589430000192 ) ) ;
#1753 = CARTESIAN_POINT ( 'NONE',  ( -1.399653814629999937, -1.050000000000000044, -1.499967589430000192 ) ) ;
#1754 = VERTEX_POINT ( 'NONE', #1360 ) ;
#1755 = PLANE ( 'NONE',  #1503 ) ;
#1756 = ORIENTED_EDGE ( 'NONE', *, *, #4286, .F. ) ;
#1757 = EDGE_CURVE ( 'NONE', #92, #707, #2604, .T. ) ;
#1758 = ORIENTED_EDGE ( 'NONE', *, *, #1183, .T. ) ;
#1759 = DIRECTION ( 'NONE',  ( 0.1039620511844979722, -0.9891328443778537594, -0.1039620511844979722 ) ) ;
#1760 = CARTESIAN_POINT ( 'NONE',  ( 0.3229846837006900007, -0.9592471301521000582, 1.550032410577399933 ) ) ;
#1761 = LINE ( 'NONE', #760, #5580 ) ;
#1762 = EDGE_CURVE ( 'NONE', #4923, #4407, #2262, .T. ) ;
#1763 = CARTESIAN_POINT ( 'NONE',  ( -0.2616821766821368356, -0.9148220506855504475, -1.740027261965627625 ) ) ;
#1764 = ORIENTED_EDGE ( 'NONE', *, *, #5535, .T. ) ;
#1765 = ORIENTED_EDGE ( 'NONE', *, *, #1338, .F. ) ;
#1766 = CARTESIAN_POINT ( 'NONE',  ( -1.099653814629999893, 0.0004300379947000390005, 1.510622781831099992 ) ) ;
#1767 = CARTESIAN_POINT ( 'NONE',  ( -0.2939526910135789595, -0.8434481562170000890, -1.624851559886199892 ) ) ;
#1768 = SURFACE_STYLE_USAGE ( .BOTH. , #4639 ) ;
#1769 = CARTESIAN_POINT ( 'NONE',  ( -0.2250075614531600043, -0.9855704384896400994, 1.697071989309300033 ) ) ;
#1770 = ORIENTED_EDGE ( 'NONE', *, *, #5238, .F. ) ;
#1771 = CARTESIAN_POINT ( 'NONE',  ( 0.5464260600913909416, -0.8499999999999999778, -1.549967526534500095 ) ) ;
#1772 = CARTESIAN_POINT ( 'NONE',  ( 1.400346185369999885, -0.9249999999999999334, -1.599967589430000059 ) ) ;
#1773 = DIRECTION ( 'NONE',  ( 0.7054294015432379661, -2.086302289381050132E-32, 0.7087801912005929905 ) ) ;
#1774 = ORIENTED_EDGE ( 'NONE', *, *, #1654, .F. ) ;
#1775 = ORIENTED_EDGE ( 'NONE', *, *, #1296, .T. ) ;
#1776 = FACE_OUTER_BOUND ( 'NONE', #2149, .T. ) ;
#1777 = CARTESIAN_POINT ( 'NONE',  ( -0.007494065187219070383, -1.050000000000000044, -0.8883155190558998937 ) ) ;
#1778 = ORIENTED_EDGE ( 'NONE', *, *, #3239, .T. ) ;
#1779 = FACE_OUTER_BOUND ( 'NONE', #5056, .T. ) ;
#1780 = ORIENTED_EDGE ( 'NONE', *, *, #4845, .F. ) ;
#1781 = ORIENTED_EDGE ( 'NONE', *, *, #1424, .F. ) ;
#1782 = LINE ( 'NONE', #5060, #5759 ) ;
#1783 = DIRECTION ( 'NONE',  ( 0.000000000000000000, 0.000000000000000000, -1.000000000000000000 ) ) ;
#1784 = CARTESIAN_POINT ( 'NONE',  ( -1.329662883809260121, -1.350000000000000089, -0.9299766586093038967 ) ) ;
#1785 = DIRECTION ( 'NONE',  ( -1.000000000000000000, 0.000000000000000000, 0.000000000000000000 ) ) ;
#1786 = EDGE_CURVE ( 'NONE', #3811, #763, #2761, .T. ) ;
#1787 = FACE_OUTER_BOUND ( 'NONE', #890, .T. ) ;
#1788 = ORIENTED_EDGE ( 'NONE', *, *, #5884, .T. ) ;
#1789 = ORIENTED_EDGE ( 'NONE', *, *, #1535, .F. ) ;
#1790 = CARTESIAN_POINT ( 'NONE',  ( 0.3324025016371400243, -1.049237924120839827, 1.550032410577399933 ) ) ;
#1791 = LINE ( 'NONE', #1859, #4498 ) ;
#1792 = CARTESIAN_POINT ( 'NONE',  ( -0.3122237146667612429, -1.850000000000000533, 1.169511120994505271 ) ) ;
#1793 = EDGE_CURVE ( 'NONE', #4478, #1177, #1796, .T. ) ;
#1794 = FACE_OUTER_BOUND ( 'NONE', #4356, .T. ) ;
#1795 = EDGE_CURVE ( 'NONE', #2485, #5508, #2293, .T. ) ;
#1796 = LINE ( 'NONE', #3133, #4365 ) ;
#1797 = EDGE_CURVE ( 'NONE', #5337, #5642, #2331, .T. ) ;
#1798 = ORIENTED_EDGE ( 'NONE', *, *, #2467, .T. ) ;
#1799 = CARTESIAN_POINT ( 'NONE',  ( -1.338084194258480020, -0.1392041924772199901, -1.438462790198500096 ) ) ;
#1800 = CARTESIAN_POINT ( 'NONE',  ( 1.077972718902663773, -0.9249999999999999334, 1.599967589430000059 ) ) ;
#1801 = CARTESIAN_POINT ( 'NONE',  ( -1.369569744668682976, -0.6387691941217051861, -1.469883519468666355 ) ) ;
#1802 = ADVANCED_FACE ( 'NONE', ( #6100 ), #5018, .F. ) ;
#1803 = VERTEX_POINT ( 'NONE', #5111 ) ;
#1804 = ORIENTED_EDGE ( 'NONE', *, *, #2695, .T. ) ;
#1805 = VECTOR ( 'NONE', #631, 1000.000000000000000 ) ;
#1806 = ORIENTED_EDGE ( 'NONE', *, *, #41, .F. ) ;
#1807 = AXIS2_PLACEMENT_3D ( 'NONE', #2513, #6020, #3512 ) ;
#1808 = LINE ( 'NONE', #896, #922 ) ;
#1809 = CARTESIAN_POINT ( 'NONE',  ( -1.399653814629999937, -0.1339737330720700281, -1.538201079907699942 ) ) ;
#1810 = ORIENTED_EDGE ( 'NONE', *, *, #1382, .T. ) ;
#1811 = FACE_OUTER_BOUND ( 'NONE', #5631, .T. ) ;
#1812 = VECTOR ( 'NONE', #1178, 1000.000000000000000 ) ;
#1813 = ORIENTED_EDGE ( 'NONE', *, *, #6108, .F. ) ;
#1814 = EDGE_LOOP ( 'NONE', ( #181, #5598 ) ) ;
#1815 = LINE ( 'NONE', #1907, #6070 ) ;
#1816 = LINE ( 'NONE', #3768, #154 ) ;
#1817 = CARTESIAN_POINT ( 'NONE',  ( -1.328708455825670098, -0.05000000000000000278, -0.6463040388454999174 ) ) ;
#1818 = VECTOR ( 'NONE', #1974, 1000.000000000000114 ) ;
#1819 = AXIS2_PLACEMENT_3D ( 'NONE', #2648, #281, #4056 ) ;
#1820 = CARTESIAN_POINT ( 'NONE',  ( 0.2240622407965709995, -0.8971084386471399608, 1.608609989466800005 ) ) ;
#1821 = CARTESIAN_POINT ( 'NONE',  ( 0.2942587117118909967, -0.8434481562170000890, -1.624851559886199892 ) ) ;
#1822 = VERTEX_POINT ( 'NONE', #4328 ) ;
#1823 = VECTOR ( 'NONE', #1998, 999.9999999999998863 ) ;
#1824 = EDGE_LOOP ( 'NONE', ( #4049, #5866, #5806, #1972 ) ) ;
#1825 = DIRECTION ( 'NONE',  ( 0.08683102911520648726, 0.000000000000000000, -0.9962230535290749200 ) ) ;
#1826 = DIRECTION ( 'NONE',  ( 1.000000000000000000, 0.000000000000000000, -2.669125337337894885E-23 ) ) ;
#1827 = ADVANCED_FACE ( 'NONE', ( #2388 ), #84, .F. ) ;
#1828 = VECTOR ( 'NONE', #3624, 1000.000000000000000 ) ;
#1829 = DIRECTION ( 'NONE',  ( -1.000000000000000000, 0.000000000000000000, 0.000000000000000000 ) ) ;
#1830 = EDGE_LOOP ( 'NONE', ( #2657, #4990, #1443, #1047 ) ) ;
#1831 = LINE ( 'NONE', #2166, #5877 ) ;
#1832 = DIRECTION ( 'NONE',  ( 1.000000000000000000, 0.000000000000000000, 0.000000000000000000 ) ) ;
#1833 = VERTEX_POINT ( 'NONE', #59 ) ;
#1834 = FACE_OUTER_BOUND ( 'NONE', #4907, .T. ) ;
#1835 = EDGE_CURVE ( 'NONE', #5843, #4293, #3757, .T. ) ;
#1836 = EDGE_CURVE ( 'NONE', #2346, #2469, #924, .T. ) ;
#1837 = FACE_OUTER_BOUND ( 'NONE', #5430, .T. ) ;
#1838 = ADVANCED_FACE ( 'NONE', ( #4729 ), #1956, .F. ) ;
#1839 = CARTESIAN_POINT ( 'NONE',  ( 0.8588621040985998656, -1.035255832108370022, -1.625335136751600018 ) ) ;
#1840 = EDGE_LOOP ( 'NONE', ( #5528, #3695, #4891, #4703, #1059, #1781, #6039, #1861, #6008 ) ) ;
#1841 = B_SPLINE_CURVE_WITH_KNOTS ( 'NONE', 3,
 ( #2832, #1874, #1303, #2709 ),
 .UNSPECIFIED., .F., .F.,
 ( 4, 4 ),
 ( 0.3953546134495347086, 0.5710569854580710425 ),
 .UNSPECIFIED. ) ;
#1842 = VERTEX_POINT ( 'NONE', #1863 ) ;
#1843 = EDGE_LOOP ( 'NONE', ( #144, #4735, #3469, #3065, #66, #3869 ) ) ;
#1844 = EDGE_CURVE ( 'NONE', #1476, #1591, #411, .T. ) ;
#1845 = CARTESIAN_POINT ( 'NONE',  ( -0.2746686262411456303, -0.8048010792937777547, -1.621470203416220945 ) ) ;
#1846 = CARTESIAN_POINT ( 'NONE',  ( 0.2547411529116004325, -0.9007823281990021691, 1.605457786783702545 ) ) ;
#1847 = VECTOR ( 'NONE', #3053, 1000.000000000000227 ) ;
#1848 = ORIENTED_EDGE ( 'NONE', *, *, #168, .F. ) ;
#1849 = CARTESIAN_POINT ( 'NONE',  ( -1.178447709514680586, -1.050000000000000044, -1.499967589430000192 ) ) ;
#1850 = ORIENTED_EDGE ( 'NONE', *, *, #4886, .F. ) ;
#1851 = DIRECTION ( 'NONE',  ( -1.000000000000000000, 0.000000000000000000, -1.224606000000000123E-16 ) ) ;
#1852 = DIRECTION ( 'NONE',  ( 0.08683102911526544010, 0.000000000000000000, -0.9962230535290698130 ) ) ;
#1853 = CARTESIAN_POINT ( 'NONE',  ( 1.100346185370000063, -0.03173312393769969764, 0.8969130926894000044 ) ) ;
#1854 = LINE ( 'NONE', #3741, #4194 ) ;
#1855 = FACE_OUTER_BOUND ( 'NONE', #2160, .T. ) ;
#1856 = ORIENTED_EDGE ( 'NONE', *, *, #1835, .F. ) ;
#1857 = ORIENTED_EDGE ( 'NONE', *, *, #5622, .T. ) ;
#1858 = CARTESIAN_POINT ( 'NONE',  ( 1.077972716491063743, -1.043649151657340513, -1.599967587158386495 ) ) ;
#1859 = CARTESIAN_POINT ( 'NONE',  ( -1.090570143230609634, -0.6387691941217051861, 1.773879825975039015 ) ) ;
#1860 = DIRECTION ( 'NONE',  ( -3.511736306105439878E-15, -0.9961943056174368261, -0.08716022863320700698 ) ) ;
#1861 = ORIENTED_EDGE ( 'NONE', *, *, #3006, .F. ) ;
#1862 = DIRECTION ( 'NONE',  ( -0.000000000000000000, -1.000000000000000000, -0.000000000000000000 ) ) ;
#1863 = CARTESIAN_POINT ( 'NONE',  ( -0.8539431365113500094, -0.8903354500379199177, 1.613464173914199939 ) ) ;
#1864 = VERTEX_POINT ( 'NONE', #3750 ) ;
#1865 = DIRECTION ( 'NONE',  ( -1.000000000000000000, -0.000000000000000000, -0.000000000000000000 ) ) ;
#1866 = FACE_OUTER_BOUND ( 'NONE', #354, .T. ) ;
#1867 = B_SPLINE_CURVE_WITH_KNOTS ( 'NONE', 3,
 ( #5808, #5255, #53, #1921 ),
 .UNSPECIFIED., .F., .F.,
 ( 4, 4 ),
 ( 0.000000000000000000, 1.000000000000000000 ),
 .UNSPECIFIED. ) ;
#1868 = DIRECTION ( 'NONE',  ( -1.222927720037659678E-16, 0.05233595624294698490, 0.9986295347545737222 ) ) ;
#1869 = EDGE_CURVE ( 'NONE', #4727, #1141, #579, .T. ) ;
#1870 = VERTEX_POINT ( 'NONE', #5259 ) ;
#1871 = EDGE_LOOP ( 'NONE', ( #3519, #1377, #1123, #2410, #894, #2497, #121 ) ) ;
#1872 = ORIENTED_EDGE ( 'NONE', *, *, #1678, .F. ) ;
#1873 = CARTESIAN_POINT ( 'NONE',  ( 0.3324025016371400243, -1.050000000000000044, 1.550794486456600119 ) ) ;
#1874 = CARTESIAN_POINT ( 'NONE',  ( -0.8246648397653616458, -0.9640182783539207323, 1.714959423992564957 ) ) ;
#1875 = EDGE_LOOP ( 'NONE', ( #5792, #1038, #1737, #2382, #2589, #5515, #306, #1100, #1775 ) ) ;
#1876 = EDGE_CURVE ( 'NONE', #3050, #4914, #5552, .T. ) ;
#1877 = CARTESIAN_POINT ( 'NONE',  ( 0.8546355072513410756, -0.8785660737170098988, -1.747916963089400033 ) ) ;
#1878 = ADVANCED_FACE ( 'NONE', ( #5296 ), #1046, .T. ) ;
#1879 = EDGE_LOOP ( 'NONE', ( #5826, #5058, #180, #1813 ) ) ;
#1880 = EDGE_CURVE ( 'NONE', #4762, #750, #1008, .T. ) ;
#1881 = LINE ( 'NONE', #2247, #4080 ) ;
#1882 = LINE ( 'NONE', #874, #6092 ) ;
#1883 = DIRECTION ( 'NONE',  ( -4.761750528527518775E-23, 0.08716022863320799230, -0.9961943056174367150 ) ) ;
#1884 = DIRECTION ( 'NONE',  ( -0.1040846963609479842, 0.9945684370537049013, -1.274627436717949926E-17 ) ) ;
#1885 = CARTESIAN_POINT ( 'NONE',  ( 0.3143812528053603894, -0.9850849539136979915, -1.697386157010023711 ) ) ;
#1886 = EDGE_CURVE ( 'NONE', #1507, #4210, #4705, .T. ) ;
#1887 = VERTEX_POINT ( 'NONE', #4756 ) ;
#1888 =( BOUNDED_CURVE ( )  B_SPLINE_CURVE ( 3, ( #2517, #5912, #4029, #5818 ),
 .UNSPECIFIED., .F., .T. ) 
 B_SPLINE_CURVE_WITH_KNOTS ( ( 4, 4 ),
 ( 4.712388980384689674, 4.741447716381870237 ),
 .UNSPECIFIED. ) 
 CURVE ( )  GEOMETRIC_REPRESENTATION_ITEM ( )  RATIONAL_B_SPLINE_CURVE ( ( 1.000000000000000000, 0.9999296337264083068, 0.9999296337264083068, 1.000000000000000000 ) ) 
 REPRESENTATION_ITEM ( '' )  );
#1889 = ORIENTED_EDGE ( 'NONE', *, *, #2173, .F. ) ;
#1890 = CARTESIAN_POINT ( 'NONE',  ( 0.8253774262444100174, -0.9548900323960690661, 1.720314219224130525 ) ) ;
#1891 = LINE ( 'NONE', #1421, #4006 ) ;
#1892 = CARTESIAN_POINT ( 'NONE',  ( 0.8380011006434114895, -1.014993452526793849, 1.643966924049826028 ) ) ;
#1893 = ORIENTED_EDGE ( 'NONE', *, *, #1072, .F. ) ;
#1894 = LINE ( 'NONE', #5208, #5192 ) ;
#1895 = CARTESIAN_POINT ( 'NONE',  ( -0.3081476807434341270, -0.8747817166993637761, -1.621147455422018213 ) ) ;
#1896 = ORIENTED_EDGE ( 'NONE', *, *, #4520, .F. ) ;
#1897 = CARTESIAN_POINT ( 'NONE',  ( 0.8253884029060202243, -0.9569071206078192393, 1.697193000177203759 ) ) ;
#1898 = CARTESIAN_POINT ( 'NONE',  ( 0.5464260600913909416, -0.9851177095251981708, -1.697423298115893653 ) ) ;
#1899 = EDGE_LOOP ( 'NONE', ( #1233, #4589, #4646, #4069, #2732 ) ) ;
#1900 = VERTEX_POINT ( 'NONE', #516 ) ;
#1901 = EDGE_CURVE ( 'NONE', #330, #2774, #2875, .T. ) ;
#1902 = CARTESIAN_POINT ( 'NONE',  ( 0.8292075697188249217, -0.9416913849898079780, -1.727943989364620014 ) ) ;
#1903 = LINE ( 'NONE', #2027, #2110 ) ;
#1904 = CARTESIAN_POINT ( 'NONE',  ( 0.8849392628187822130, -0.8479162427859916473, -1.750549258550087472 ) ) ;
#1905 = VECTOR ( 'NONE', #4622, 999.9999999999998863 ) ;
#1906 = ORIENTED_EDGE ( 'NONE', *, *, #1534, .F. ) ;
#1907 = CARTESIAN_POINT ( 'NONE',  ( -1.399999999999999911, -1.050000000000000044, 1.500000000000000000 ) ) ;
#1908 = DIRECTION ( 'NONE',  ( -1.000000000000000000, 0.000000000000000000, -1.224606000000000123E-16 ) ) ;
#1909 = ADVANCED_FACE ( 'NONE', ( #24 ), #2450, .T. ) ;
#1910 = AXIS2_PLACEMENT_3D ( 'NONE', #1809, #377, #5673 ) ;
#1911 = EDGE_CURVE ( 'NONE', #5227, #397, #3813, .T. ) ;
#1912 = DIRECTION ( 'NONE',  ( -6.409092603083811623E-18, -0.9986295347545742773, 0.05233595624293701370 ) ) ;
#1913 = LINE ( 'NONE', #3771, #4289 ) ;
#1914 = EDGE_CURVE ( 'NONE', #1329, #2238, #2357, .T. ) ;
#1915 = CIRCLE ( 'NONE', #2608, 0.1999999999999999556 ) ;
#1916 = DIRECTION ( 'NONE',  ( 0.000000000000000000, 0.000000000000000000, -1.000000000000000000 ) ) ;
#1917 = EDGE_LOOP ( 'NONE', ( #2899, #811, #643 ) ) ;
#1918 = ORIENTED_EDGE ( 'NONE', *, *, #3907, .F. ) ;
#1919 = VECTOR ( 'NONE', #4263, 1000.000000000000000 ) ;
#1920 = CARTESIAN_POINT ( 'NONE',  ( -1.099653814629999893, 3.579848725887760263, -1.669596928045519402 ) ) ;
#1921 = CARTESIAN_POINT ( 'NONE',  ( -0.8539431365113500094, -0.8785660737170098988, -1.747916963089400033 ) ) ;
#1922 = CARTESIAN_POINT ( 'NONE',  ( -1.077972718902663773, -0.9249999999999999334, -1.599967589430000281 ) ) ;
#1923 = EDGE_LOOP ( 'NONE', ( #870, #2333, #657, #2183 ) ) ;
#1924 = LINE ( 'NONE', #1979, #436 ) ;
#1925 = COLOUR_RGB ( '',1.000000000000000000, 1.000000000000000000, 1.000000000000000000 ) ;
#1926 = CARTESIAN_POINT ( 'NONE',  ( -0.9246538146299999594, -1.043632083895880136, 1.600098464836000156 ) ) ;
#1927 = VECTOR ( 'NONE', #1082, 1000.000000000000000 ) ;
#1928 = ORIENTED_EDGE ( 'NONE', *, *, #5622, .F. ) ;
#1929 = DIRECTION ( 'NONE',  ( 1.219945523824949577E-16, 0.08716022863320797842, -0.9961943056174366040 ) ) ;
#1930 = VECTOR ( 'NONE', #1912, 1000.000000000000114 ) ;
#1931 = CARTESIAN_POINT ( 'NONE',  ( 0.8342577883888300239, -0.9249999999999599654, -1.555021743386900024 ) ) ;
#1932 = AXIS2_PLACEMENT_3D ( 'NONE', #269, #819, #3151 ) ;
#1933 = DIRECTION ( 'NONE',  ( 0.000000000000000000, -1.000000000000000000, 0.000000000000000000 ) ) ;
#1934 = VECTOR ( 'NONE', #5347, 1000.000000000000000 ) ;
#1935 = ORIENTED_EDGE ( 'NONE', *, *, #3313, .T. ) ;
#1936 = ORIENTED_EDGE ( 'NONE', *, *, #3325, .F. ) ;
#1937 = CARTESIAN_POINT ( 'NONE',  ( -1.099653814629999893, -0.4387691941217052305, -1.669596928045519402 ) ) ;
#1938 = DIRECTION ( 'NONE',  ( 0.9892244290411289498, 4.309508093846779041E-33, -0.1464070660461870010 ) ) ;
#1939 = CARTESIAN_POINT ( 'NONE',  ( -1.099653814629999893, -0.1562211005236600059, 0.9034372310898010072 ) ) ;
#1940 = ORIENTED_EDGE ( 'NONE', *, *, #1153, .F. ) ;
#1941 = EDGE_CURVE ( 'NONE', #1450, #5545, #2894, .T. ) ;
#1942 = DIRECTION ( 'NONE',  ( 0.000000000000000000, -1.000000000000000000, 0.000000000000000000 ) ) ;
#1943 = CARTESIAN_POINT ( 'NONE',  ( 1.094967647999773641, -0.6387691941217051861, 1.731370368539298710 ) ) ;
#1944 = VECTOR ( 'NONE', #2750, 1000.000000000000000 ) ;
#1945 = LINE ( 'NONE', #4806, #5062 ) ;
#1946 = CARTESIAN_POINT ( 'NONE',  ( 1.077773610167350071, -0.9249999999999999334, 1.600098464836000156 ) ) ;
#1947 = DIRECTION ( 'NONE',  ( 0.000000000000000000, -1.000000000000000000, -2.943510999999999877E-32 ) ) ;
#1948 = VERTEX_POINT ( 'NONE', #4343 ) ;
#1949 = EDGE_CURVE ( 'NONE', #3461, #3118, #3882, .T. ) ;
#1950 = VERTEX_POINT ( 'NONE', #5313 ) ;
#1951 = DIRECTION ( 'NONE',  ( -1.000000000000000000, 0.000000000000000000, -1.224606000000000123E-16 ) ) ;
#1952 = CARTESIAN_POINT ( 'NONE',  ( -0.3332110341940802689, -0.9251701063979516082, 1.551718718691057486 ) ) ;
#1953 = LINE ( 'NONE', #1323, #1324 ) ;
#1954 = ORIENTED_EDGE ( 'NONE', *, *, #1793, .F. ) ;
#1955 = FACE_OUTER_BOUND ( 'NONE', #4378, .T. ) ;
#1956 = PLANE ( 'NONE',  #2797 ) ;
#1957 = EDGE_CURVE ( 'NONE', #4517, #4155, #5707, .T. ) ;
#1958 = ORIENTED_EDGE ( 'NONE', *, *, #127, .T. ) ;
#1959 = LINE ( 'NONE', #4331, #4176 ) ;
#1960 = CARTESIAN_POINT ( 'NONE',  ( -1.400346185369999885, -0.9249999999999999334, 1.599967589430000059 ) ) ;
#1961 = LINE ( 'NONE', #3755, #5865 ) ;
#1962 = EDGE_CURVE ( 'NONE', #1125, #229, #5751, .T. ) ;
#1963 = EDGE_LOOP ( 'NONE', ( #2965, #337, #5906, #3342 ) ) ;
#1964 = ORIENTED_EDGE ( 'NONE', *, *, #726, .T. ) ;
#1965 = DIRECTION ( 'NONE',  ( 2.468610206881730123E-16, -0.7071067811865470176, -0.7071067811865480168 ) ) ;
#1966 = LINE ( 'NONE', #5244, #1012 ) ;
#1967 = EDGE_LOOP ( 'NONE', ( #2940, #51, #2766, #1300 ) ) ;
#1968 = CARTESIAN_POINT ( 'NONE',  ( -1.329662883809260121, -1.850000000000000089, -1.752467526534499997 ) ) ;
#1969 = CARTESIAN_POINT ( 'NONE',  ( -0.3408607044858690260, -0.9249999999999999334, 1.500032410570000030 ) ) ;
#1970 = CARTESIAN_POINT ( 'NONE',  ( -0.8539431365113500094, -0.8903354500379199177, -1.613399352759300021 ) ) ;
#1971 = CARTESIAN_POINT ( 'NONE',  ( 1.399999999999999911, -0.6387691941217048530, 1.469948340608704829 ) ) ;
#1972 = ORIENTED_EDGE ( 'NONE', *, *, #249, .T. ) ;
#1973 = ORIENTED_EDGE ( 'NONE', *, *, #5678, .F. ) ;
#1974 = DIRECTION ( 'NONE',  ( -0.08640035065859552610, -0.9924694257912893836, -0.08682982365282089499 ) ) ;
#1975 = CARTESIAN_POINT ( 'NONE',  ( 1.400346185369999885, -1.050000000000000044, 1.500032410570000030 ) ) ;
#1976 = CARTESIAN_POINT ( 'NONE',  ( 0.8773082897063081420, -1.041935043371434721, 1.608982257560119367 ) ) ;
#1977 = EDGE_CURVE ( 'NONE', #345, #5545, #4374, .T. ) ;
#1978 = ORIENTED_EDGE ( 'NONE', *, *, #1268, .T. ) ;
#1979 = CARTESIAN_POINT ( 'NONE',  ( 1.100346185370000063, -0.4387691941217052305, -1.732250313779239548 ) ) ;
#1980 = CARTESIAN_POINT ( 'NONE',  ( -1.399999999999999911, 0.000000000000000000, 0.000000000000000000 ) ) ;
#1981 = EDGE_LOOP ( 'NONE', ( #363, #3526, #5414, #484, #318 ) ) ;
#1982 = DIRECTION ( 'NONE',  ( 1.219945523824949577E-16, 0.08716022863320797842, -0.9961943056174366040 ) ) ;
#1983 = CARTESIAN_POINT ( 'NONE',  ( -1.400346185369999885, -1.050000000000000044, -1.499967589430000192 ) ) ;
#1984 = ADVANCED_FACE ( 'NONE', ( #136 ), #997, .T. ) ;
#1985 = ADVANCED_FACE ( 'NONE', ( #4865 ), #1034, .F. ) ;
#1986 = DIRECTION ( 'NONE',  ( -0.08683102911531755119, 0.000000000000000000, 0.9962230535290652611 ) ) ;
#1987 = PLANE ( 'NONE',  #327 ) ;
#1988 = ADVANCED_FACE ( 'NONE', ( #5371 ), #3944, .T. ) ;
#1989 = ORIENTED_EDGE ( 'NONE', *, *, #4971, .F. ) ;
#1990 = VERTEX_POINT ( 'NONE', #595 ) ;
#1991 = DIRECTION ( 'NONE',  ( -0.000000000000000000, -1.000000000000000000, -0.000000000000000000 ) ) ;
#1992 = CARTESIAN_POINT ( 'NONE',  ( -0.3285938789351332545, -1.049876296533111208, 1.582915319361856810 ) ) ;
#1993 = DIRECTION ( 'NONE',  ( -0.07725426560925727215, 0.9915496905310593467, 0.1042160719511857347 ) ) ;
#1994 = ORIENTED_EDGE ( 'NONE', *, *, #5465, .F. ) ;
#1995 = CARTESIAN_POINT ( 'NONE',  ( -1.099653814629999893, -0.1995699620052900081, -1.510557960676199851 ) ) ;
#1996 = CARTESIAN_POINT ( 'NONE',  ( -0.7358679674089056988, -1.850000000000000089, -0.9607068041715230988 ) ) ;
#1997 = CARTESIAN_POINT ( 'NONE',  ( -1.321187035419020495, 0.07405138027360988473, -1.416048726308380301 ) ) ;
#1998 = DIRECTION ( 'NONE',  ( 0.07898675866492370357, 0.9968756652439707544, -1.100229581225743325E-15 ) ) ;
#1999 = DIRECTION ( 'NONE',  ( -1.000000000000000000, -1.112647000000040018E-34, 1.670477943807620142E-50 ) ) ;
#2000 = ORIENTED_EDGE ( 'NONE', *, *, #5054, .F. ) ;
#2001 = AXIS2_PLACEMENT_3D ( 'NONE', #2534, #3395, #1599 ) ;
#2002 = EDGE_LOOP ( 'NONE', ( #795, #3220, #4977, #6058 ) ) ;
#2003 = CARTESIAN_POINT ( 'NONE',  ( -1.094192931204807984, -0.6387691941217057412, -1.732250313779239326 ) ) ;
#2004 = DIRECTION ( 'NONE',  ( -1.000000000000000000, -3.366872316660000075E-49, -3.883759441479614959E-96 ) ) ;
#2005 = DIRECTION ( 'NONE',  ( -1.000000000000000000, 0.000000000000000000, -1.224606000000000123E-16 ) ) ;
#2006 = AXIS2_PLACEMENT_3D ( 'NONE', #2458, #655, #2553 ) ;
#2007 = VERTEX_POINT ( 'NONE', #1969 ) ;
#2008 = DIRECTION ( 'NONE',  ( 1.000000000000000000, 0.000000000000000000, 0.000000000000000000 ) ) ;
#2009 = ORIENTED_EDGE ( 'NONE', *, *, #5231, .T. ) ;
#2010 = AXIS2_PLACEMENT_3D ( 'NONE', #1576, #3856, #105 ) ;
#2011 = EDGE_CURVE ( 'NONE', #2066, #560, #709, .T. ) ;
#2012 = ORIENTED_EDGE ( 'NONE', *, *, #275, .T. ) ;
#2013 = PLANE ( 'NONE',  #1621 ) ;
#2014 = AXIS2_PLACEMENT_3D ( 'NONE', #400, #773, #1715 ) ;
#2015 = DIRECTION ( 'NONE',  ( 1.000000000000000000, 0.000000000000000000, 1.224606000000000123E-16 ) ) ;
#2016 = DIRECTION ( 'NONE',  ( -0.7071067811865507924, 0.000000000000000000, 0.7071067811865441310 ) ) ;
#2017 = AXIS2_PLACEMENT_3D ( 'NONE', #1212, #1666, #4464 ) ;
#2018 = LINE ( 'NONE', #5883, #2318 ) ;
#2019 = MECHANICAL_DESIGN_GEOMETRIC_PRESENTATION_REPRESENTATION (  '', ( #4683 ), #3612 ) ;
#2020 = VERTEX_POINT ( 'NONE', #4412 ) ;
#2021 = ADVANCED_FACE ( 'NONE', ( #170 ), #4317, .F. ) ;
#2022 = ORIENTED_EDGE ( 'NONE', *, *, #5646, .F. ) ;
#2023 = VECTOR ( 'NONE', #2786, 1000.000000000000114 ) ;
#2024 = DIRECTION ( 'NONE',  ( 0.000000000000000000, -1.000000000000000000, -2.943510999999999877E-32 ) ) ;
#2025 = AXIS2_PLACEMENT_3D ( 'NONE', #5812, #3956, #4818 ) ;
#2026 = CARTESIAN_POINT ( 'NONE',  ( -1.399999999999999911, -0.9249999999999999334, 1.500000000000000000 ) ) ;
#2027 = CARTESIAN_POINT ( 'NONE',  ( -1.341317625196239760, -0.1800126605240436328, 0.6597908333801857372 ) ) ;
#2028 = ORIENTED_EDGE ( 'NONE', *, *, #164, .F. ) ;
#2029 = ADVANCED_FACE ( 'NONE', ( #2060 ), #2493, .T. ) ;
#2030 = AXIS2_PLACEMENT_3D ( 'NONE', #4808, #4319, #3853 ) ;
#2031 = FILL_AREA_STYLE ('',( #967 ) ) ;
#2032 = DIRECTION ( 'NONE',  ( 1.000000000000000000, -0.000000000000000000, -6.726373509374157437E-16 ) ) ;
#2033 = DIRECTION ( 'NONE',  ( -1.000000000000000000, 0.000000000000000000, 0.000000000000000000 ) ) ;
#2034 = PLANE ( 'NONE',  #527 ) ;
#2035 = CARTESIAN_POINT ( 'NONE',  ( -1.178382580480351161, -1.050000000000000044, 1.500032410570000030 ) ) ;
#2036 = VERTEX_POINT ( 'NONE', #72 ) ;
#2037 = EDGE_CURVE ( 'NONE', #2906, #5872, #262, .T. ) ;
#2038 = AXIS2_PLACEMENT_3D ( 'NONE', #3307, #5681, #1541 ) ;
#2039 = ORIENTED_EDGE ( 'NONE', *, *, #1886, .T. ) ;
#2040 = CARTESIAN_POINT ( 'NONE',  ( -1.373623581428472740, -1.350000000000000089, -1.536245298299737438 ) ) ;
#2041 = CARTESIAN_POINT ( 'NONE',  ( 1.077972718902663773, -0.9249999999999999334, -1.599967589430000059 ) ) ;
#2042 = CARTESIAN_POINT ( 'NONE',  ( -0.007494065187219070383, -0.9249999999999999334, -0.8883155190558998937 ) ) ;
#2043 = ORIENTED_EDGE ( 'NONE', *, *, #3987, .F. ) ;
#2044 = CARTESIAN_POINT ( 'NONE',  ( 1.399999999999999911, -1.050000000000000044, 1.500000000000000000 ) ) ;
#2045 = ORIENTED_EDGE ( 'NONE', *, *, #1603, .T. ) ;
#2046 = EDGE_LOOP ( 'NONE', ( #4555, #2339, #227 ) ) ;
#2047 = DIRECTION ( 'NONE',  ( -3.604641231665999851E-48, 1.000000000000000000, 2.943510999999999877E-32 ) ) ;
#2048 = CARTESIAN_POINT ( 'NONE',  ( -0.8321012955707788317, -0.9249999999999999334, -1.592100649511730914 ) ) ;
#2049 = SURFACE_SIDE_STYLE ('',( #3962 ) ) ;
#2050 = SURFACE_STYLE_USAGE ( .BOTH. , #1202 ) ;
#2051 = CARTESIAN_POINT ( 'NONE',  ( -0.2939526910135789595, -0.8434481562170000890, -1.624851559886199892 ) ) ;
#2052 = ORIENTED_EDGE ( 'NONE', *, *, #351, .T. ) ;
#2053 = VERTEX_POINT ( 'NONE', #1091 ) ;
#2054 = PLANE ( 'NONE',  #615 ) ;
#2055 = CARTESIAN_POINT ( 'NONE',  ( 1.400346185369999885, -1.050000000000000044, 1.500032410570000030 ) ) ;
#2056 = EDGE_CURVE ( 'NONE', #4981, #192, #1945, .T. ) ;
#2057 = CARTESIAN_POINT ( 'NONE',  ( 1.400346185369999885, -1.050000000000000044, 1.500032410570000030 ) ) ;
#2058 = ORIENTED_EDGE ( 'NONE', *, *, #5266, .F. ) ;
#2059 = VERTEX_POINT ( 'NONE', #1570 ) ;
#2060 = FACE_OUTER_BOUND ( 'NONE', #1830, .T. ) ;
#2061 = ADVANCED_FACE ( 'NONE', ( #3458 ), #5340, .T. ) ;
#2062 = CARTESIAN_POINT ( 'NONE',  ( 1.100346185370000063, -0.8500000000000099698, -1.549967526534500095 ) ) ;
#2063 = PLANE ( 'NONE',  #3904 ) ;
#2064 = ADVANCED_FACE ( 'NONE', ( #2653 ), #3971, .F. ) ;
#2065 = ORIENTED_EDGE ( 'NONE', *, *, #2522, .T. ) ;
#2066 = VERTEX_POINT ( 'NONE', #5982 ) ;
#2067 = CARTESIAN_POINT ( 'NONE',  ( -1.365751586099803960, -1.437504245280305737, -0.8938879563187603905 ) ) ;
#2068 = PLANE ( 'NONE',  #5586 ) ;
#2069 = DIRECTION ( 'NONE',  ( 0.000000000000000000, 0.1045284632676534708, -0.9945218953682734009 ) ) ;
#2070 = ORIENTED_EDGE ( 'NONE', *, *, #5090, .F. ) ;
#2071 = CARTESIAN_POINT ( 'NONE',  ( -0.7858739875125714258, -1.350000000000000089, -1.473765554905987152 ) ) ;
#2072 = ORIENTED_EDGE ( 'NONE', *, *, #5274, .T. ) ;
#2073 = UNCERTAINTY_MEASURE_WITH_UNIT (LENGTH_MEASURE( 1.000000000000000082E-05 ), #1370, 'distance_accuracy_value', 'NONE');
#2074 = VERTEX_POINT ( 'NONE', #5462 ) ;
#2075 = LINE ( 'NONE', #5786, #3981 ) ;
#2076 = CARTESIAN_POINT ( 'NONE',  ( -1.199653814629999760, -1.849949999999999983, 3.241057000141115243E-05 ) ) ;
#2077 = LINE ( 'NONE', #3215, #3010 ) ;
#2078 = LINE ( 'NONE', #247, #724 ) ;
#2079 = CARTESIAN_POINT ( 'NONE',  ( 1.338776564998479968, -0.3392041924772200012, -1.438397969058500037 ) ) ;
#2080 = ORIENTED_EDGE ( 'NONE', *, *, #2880, .T. ) ;
#2081 = CYLINDRICAL_SURFACE ( 'NONE', #5558, 0.1000000000000000472 ) ;
#2082 = CARTESIAN_POINT ( 'NONE',  ( 1.100346185370000063, 0.0004300379947000390005, 1.510622781831099992 ) ) ;
#2083 = ORIENTED_EDGE ( 'NONE', *, *, #4144, .T. ) ;
#2084 = ORIENTED_EDGE ( 'NONE', *, *, #572, .F. ) ;
#2085 = EDGE_CURVE ( 'NONE', #440, #4155, #3079, .T. ) ;
#2086 = CARTESIAN_POINT ( 'NONE',  ( -0.8581697333585999177, -1.035255832108360030, 1.625399957906499937 ) ) ;
#2087 = DIRECTION ( 'NONE',  ( -3.604641231665999851E-48, 1.000000000000000000, 2.943510999999999877E-32 ) ) ;
#2088 = CARTESIAN_POINT ( 'NONE',  ( 0.3229846837006900007, -1.005004603015629883, 1.595789883441000034 ) ) ;
#2089 = LINE ( 'NONE', #1544, #1030 ) ;
#2090 = ORIENTED_EDGE ( 'NONE', *, *, #3834, .T. ) ;
#2091 = EDGE_CURVE ( 'NONE', #4111, #4689, #4096, .T. ) ;
#2092 = EDGE_CURVE ( 'NONE', #5326, #3288, #1251, .T. ) ;
#2093 = VERTEX_POINT ( 'NONE', #1216 ) ;
#2094 = CARTESIAN_POINT ( 'NONE',  ( -0.8539431365113500094, -0.8903354500379199177, -1.613399352759300021 ) ) ;
#2095 = CARTESIAN_POINT ( 'NONE',  ( 1.100346185369999175, -0.4387691941217057856, -1.669596928045476103 ) ) ;
#2096 = VECTOR ( 'NONE', #2731, 1000.000000000000000 ) ;
#2097 = CARTESIAN_POINT ( 'NONE',  ( -1.077142607443590139, -1.043632083895880136, 1.600098464836000156 ) ) ;
#2098 = EDGE_LOOP ( 'NONE', ( #3926, #3326, #5478, #2546, #887, #5920, #913 ) ) ;
#2099 = FACE_OUTER_BOUND ( 'NONE', #573, .T. ) ;
#2100 = ORIENTED_EDGE ( 'NONE', *, *, #4250, .T. ) ;
#2101 = AXIS2_PLACEMENT_3D ( 'NONE', #3862, #3837, #5662 ) ;
#2102 = EDGE_CURVE ( 'NONE', #1842, #4484, #1539, .T. ) ;
#2103 = EDGE_LOOP ( 'NONE', ( #3409, #1354, #5147, #4093 ) ) ;
#2104 = DIRECTION ( 'NONE',  ( 0.000000000000000000, 0.000000000000000000, -1.000000000000000000 ) ) ;
#2105 = CARTESIAN_POINT ( 'NONE',  ( -0.8477355180797824241, -1.022710707175829681, 1.651943330431609347 ) ) ;
#2106 = FACE_OUTER_BOUND ( 'NONE', #256, .T. ) ;
#2107 = DIRECTION ( 'NONE',  ( -3.604641231665999851E-48, 1.000000000000000000, 2.943510999999999877E-32 ) ) ;
#2108 = VECTOR ( 'NONE', #1593, 1000.000000000000000 ) ;
#2109 = DIRECTION ( 'NONE',  ( -1.000000000000000000, 0.000000000000000000, 1.392929143849437388E-14 ) ) ;
#2110 = VECTOR ( 'NONE', #5797, 1000.000000000000114 ) ;
#2111 = EDGE_LOOP ( 'NONE', ( #5201, #1158, #3285, #514 ) ) ;
#2112 = DIRECTION ( 'NONE',  ( 1.224606000000000123E-16, 2.943510999999999877E-32, -1.000000000000000000 ) ) ;
#2113 = AXIS2_PLACEMENT_3D ( 'NONE', #3950, #2962, #1097 ) ;
#2114 = DIRECTION ( 'NONE',  ( 0.000000000000000000, -1.000000000000000000, 0.000000000000000000 ) ) ;
#2115 = ORIENTED_EDGE ( 'NONE', *, *, #4777, .F. ) ;
#2116 = VECTOR ( 'NONE', #2434, 1000.000000000000227 ) ;
#2117 = VECTOR ( 'NONE', #3097, 1000.000000000000114 ) ;
#2118 = EDGE_LOOP ( 'NONE', ( #1748, #4461, #4599, #1210, #3135, #1547, #3619 ) ) ;
#2119 = AXIS2_PLACEMENT_3D ( 'NONE', #2598, #2569, #203 ) ;
#2120 = CARTESIAN_POINT ( 'NONE',  ( 1.077928468655163341, -1.043637776905313563, -1.600011625810688232 ) ) ;
#2121 = CARTESIAN_POINT ( 'NONE',  ( -0.8996538146300090411, -0.8434481562170199620, 1.624916381041099811 ) ) ;
#2122 = DIRECTION ( 'NONE',  ( -4.761750528527518775E-23, 0.08716022863320799230, -0.9961943056174367150 ) ) ;
#2123 = ADVANCED_FACE ( 'NONE', ( #4503 ), #3142, .F. ) ;
#2124 = CARTESIAN_POINT ( 'NONE',  ( 0.8270018220061788883, -0.9721932243933839590, -1.708498390993328453 ) ) ;
#2125 = VECTOR ( 'NONE', #6091, 999.9999999999998863 ) ;
#2126 = VERTEX_POINT ( 'NONE', #3583 ) ;
#2127 = VECTOR ( 'NONE', #1137, 1000.000000000000114 ) ;
#2128 = B_SPLINE_CURVE_WITH_KNOTS ( 'NONE', 3,
 ( #5733, #4375, #5830, #3490 ),
 .UNSPECIFIED., .F., .F.,
 ( 4, 4 ),
 ( 0.7841861325327991183, 1.000000000000000000 ),
 .UNSPECIFIED. ) ;
#2129 = VERTEX_POINT ( 'NONE', #5495 ) ;
#2130 = CARTESIAN_POINT ( 'NONE',  ( -0.8787718059219959965, -0.8643849094942860356, -1.625137634343248649 ) ) ;
#2131 = PLANE ( 'NONE',  #1745 ) ;
#2132 = DIRECTION ( 'NONE',  ( -0.7087801912006018723, -2.076439203165909699E-32, 0.7054294015432289733 ) ) ;
#2133 = EDGE_CURVE ( 'NONE', #3899, #4658, #3556, .T. ) ;
#2134 = CARTESIAN_POINT ( 'NONE',  ( 0.000000000000000000, -0.9249999999999999334, 0.000000000000000000 ) ) ;
#2135 = ORIENTED_EDGE ( 'NONE', *, *, #962, .F. ) ;
#2136 = ORIENTED_EDGE ( 'NONE', *, *, #2862, .F. ) ;
#2137 = CARTESIAN_POINT ( 'NONE',  ( -1.341316622048312590, -0.1800000000000002154, -0.6599675894300019996 ) ) ;
#2138 = CARTESIAN_POINT ( 'NONE',  ( 1.399999999999999911, -0.9249999999999999334, 1.600098464836000156 ) ) ;
#2139 = PRESENTATION_LAYER_ASSIGNMENT (  '', '', ( #2641 ) ) ;
#2140 = LINE ( 'NONE', #2575, #5265 ) ;
#2141 = ADVANCED_FACE ( 'NONE', ( #2560 ), #5949, .F. ) ;
#2142 = DIRECTION ( 'NONE',  ( 1.000000000000000000, -7.184765999999999650E-14, -2.133196539399999797E-12 ) ) ;
#2143 = CARTESIAN_POINT ( 'NONE',  ( 0.8286644459357510595, -0.9249999999999999334, -1.735372488711899974 ) ) ;
#2144 = EDGE_LOOP ( 'NONE', ( #2268, #2084, #2175, #2935, #618, #1604, #2714 ) ) ;
#2145 = DIRECTION ( 'NONE',  ( 0.000000000000000000, 2.943510999999999877E-32, -1.000000000000000000 ) ) ;
#2146 = CARTESIAN_POINT ( 'NONE',  ( -0.3197642110564300477, -1.027301870048650034, 1.642574483374899863 ) ) ;
#2147 = CARTESIAN_POINT ( 'NONE',  ( -0.8365189422732839386, -1.014226328510693387, 1.644669860522679494 ) ) ;
#2148 = EDGE_LOOP ( 'NONE', ( #902, #3701, #4340, #1264, #5893, #672 ) ) ;
#2149 = EDGE_LOOP ( 'NONE', ( #1789, #3940, #3454, #2762 ) ) ;
#2150 = CARTESIAN_POINT ( 'NONE',  ( 1.077906346199869914, -1.043632083895880136, -1.600033643681100015 ) ) ;
#2151 = DIRECTION ( 'NONE',  ( 0.000000000000000000, 2.943510999999999877E-32, -1.000000000000000000 ) ) ;
#2152 = LINE ( 'NONE', #3529, #35 ) ;
#2153 = DIRECTION ( 'NONE',  ( 0.08682659386424800008, -0.9924325091389669673, -0.08682659386424700088 ) ) ;
#2154 = ORIENTED_EDGE ( 'NONE', *, *, #990, .F. ) ;
#2155 = VERTEX_POINT ( 'NONE', #259 ) ;
#2156 = CARTESIAN_POINT ( 'NONE',  ( 1.399999999999999689, -1.450000000000000178, 1.465036945159600146 ) ) ;
#2157 = LINE ( 'NONE', #4045, #1944 ) ;
#2158 = DIRECTION ( 'NONE',  ( -1.217898000000001129E-16, 0.1045284632676540537, 0.9945218953682734009 ) ) ;
#2159 = CARTESIAN_POINT ( 'NONE',  ( -0.3239300043572699850, -0.9592471301520900662, 1.550032410577399933 ) ) ;
#2160 = EDGE_LOOP ( 'NONE', ( #508, #5930, #4042, #3751, #5241, #2072, #1738, #2868 ) ) ;
#2161 = ORIENTED_EDGE ( 'NONE', *, *, #956, .T. ) ;
#2162 = FACE_OUTER_BOUND ( 'NONE', #4812, .T. ) ;
#2163 =( BOUNDED_CURVE ( )  B_SPLINE_CURVE ( 3, ( #5824, #2147, #3483, #4034 ),
 .UNSPECIFIED., .F., .T. ) 
 B_SPLINE_CURVE_WITH_KNOTS ( ( 4, 4 ),
 ( 0.7272806914032430292, 1.570796326794895004 ),
 .UNSPECIFIED. ) 
 CURVE ( )  GEOMETRIC_REPRESENTATION_ITEM ( )  RATIONAL_B_SPLINE_CURVE ( ( 1.000000000000000000, 0.9415805076363128467, 0.9415805076363128467, 1.000000000000000000 ) ) 
 REPRESENTATION_ITEM ( '' )  );
#2164 = ADVANCED_FACE ( 'NONE', ( #4531 ), #3640, .F. ) ;
#2165 = PLANE ( 'NONE',  #928 ) ;
#2166 = CARTESIAN_POINT ( 'NONE',  ( 1.100346185370000063, -0.4333290931498899878, -1.731774341931300087 ) ) ;
#2167 = DIRECTION ( 'NONE',  ( 0.1039620511844979722, 0.9891328443778537594, 0.1039620511844979722 ) ) ;
#2168 = VERTEX_POINT ( 'NONE', #5518 ) ;
#2169 = DIRECTION ( 'NONE',  ( 0.000000000000000000, -0.9961946980917455452, 0.08715574274765794383 ) ) ;
#2170 = ADVANCED_FACE ( 'NONE', ( #5925 ), #5028, .T. ) ;
#2171 = ADVANCED_FACE ( 'NONE', ( #286 ), #778, .F. ) ;
#2172 = CARTESIAN_POINT ( 'NONE',  ( -1.094192931204805763, -0.4387691941217032321, 1.732315134934079515 ) ) ;
#2173 = EDGE_CURVE ( 'NONE', #2007, #5557, #2678, .T. ) ;
#2174 = DIRECTION ( 'NONE',  ( -1.000000000000000000, 0.000000000000000000, 0.000000000000000000 ) ) ;
#2175 = ORIENTED_EDGE ( 'NONE', *, *, #4470, .T. ) ;
#2176 = ORIENTED_EDGE ( 'NONE', *, *, #528, .T. ) ;
#2177 = EDGE_CURVE ( 'NONE', #5118, #3471, #2990, .T. ) ;
#2178 = LINE ( 'NONE', #3141, #1631 ) ;
#2179 = LINE ( 'NONE', #5799, #3330 ) ;
#2180 = LINE ( 'NONE', #1753, #5482 ) ;
#2181 = CARTESIAN_POINT ( 'NONE',  ( -1.399653814629999937, -1.050000000000000044, 1.500032410570000030 ) ) ;
#2182 = ORIENTED_EDGE ( 'NONE', *, *, #5125, .T. ) ;
#2183 = ORIENTED_EDGE ( 'NONE', *, *, #4765, .F. ) ;
#2184 = DIRECTION ( 'NONE',  ( 1.000000000000000000, 0.000000000000000000, 2.753745383665969108E-14 ) ) ;
#2185 = CARTESIAN_POINT ( 'NONE',  ( -0.8301914163500190291, -0.9309859647177010089, -1.732951046758250069 ) ) ;
#2186 = CARTESIAN_POINT ( 'NONE',  ( 1.400346185369999885, -0.9249999999999999334, -1.499967589430000192 ) ) ;
#2187 = CARTESIAN_POINT ( 'NONE',  ( -1.373407215572222562, -1.350000000000000089, -0.7499675894300009693 ) ) ;
#2188 = VERTEX_POINT ( 'NONE', #3528 ) ;
#2189 = VERTEX_POINT ( 'NONE', #6011 ) ;
#2190 = CARTESIAN_POINT ( 'NONE',  ( 1.400346185369999885, -1.050000000000000044, 1.500032410570000030 ) ) ;
#2191 = CARTESIAN_POINT ( 'NONE',  ( 0.3151530103492110046, -0.9249999999999999334, -1.555021743385800015 ) ) ;
#2192 = CYLINDRICAL_SURFACE ( 'NONE', #4564, 0.1000000000000000472 ) ;
#2193 = EDGE_CURVE ( 'NONE', #5545, #5078, #4152, .T. ) ;
#2194 = ORIENTED_EDGE ( 'NONE', *, *, #3091, .T. ) ;
#2195 = CYLINDRICAL_SURFACE ( 'NONE', #715, 0.1999999999999999556 ) ;
#2196 = VECTOR ( 'NONE', #3614, 1000.000000000000000 ) ;
#2197 = CARTESIAN_POINT ( 'NONE',  ( 1.100346185370000063, -0.1562211005236600059, -0.9033724099348989789 ) ) ;
#2198 = AXIS2_PLACEMENT_3D ( 'NONE', #432, #519, #488 ) ;
#2199 = DIRECTION ( 'NONE',  ( -1.000000000000000000, -3.366872316660000075E-49, 1.050293330588519981E-64 ) ) ;
#2200 = EDGE_CURVE ( 'NONE', #682, #2389, #898, .T. ) ;
#2201 = ORIENTED_EDGE ( 'NONE', *, *, #4803, .T. ) ;
#2202 = EDGE_LOOP ( 'NONE', ( #1560, #5967, #1084, #4854 ) ) ;
#2203 = EDGE_CURVE ( 'NONE', #5112, #4916, #6041, .T. ) ;
#2204 = VECTOR ( 'NONE', #4157, 1000.000000000000114 ) ;
#2205 = VECTOR ( 'NONE', #2980, 1000.000000000000227 ) ;
#2206 = DIRECTION ( 'NONE',  ( -0.9969785583975080412, -0.07767724310006518529, 0.000000000000000000 ) ) ;
#2207 = VECTOR ( 'NONE', #2947, 1000.000000000000114 ) ;
#2208 = DIRECTION ( 'NONE',  ( 0.000000000000000000, 0.9961982014364277882, -0.08711569006112668268 ) ) ;
#2209 = PLANE ( 'NONE',  #3610 ) ;
#2210 = VERTEX_POINT ( 'NONE', #4125 ) ;
#2211 = VECTOR ( 'NONE', #777, 1000.000000000000000 ) ;
#2212 = VECTOR ( 'NONE', #5708, 1000.000000000000000 ) ;
#2213 = EDGE_CURVE ( 'NONE', #2020, #2978, #4485, .T. ) ;
#2214 = CARTESIAN_POINT ( 'NONE',  ( -0.3148469896508999666, -0.9056314113743599847, -1.600521370863799975 ) ) ;
#2215 = ORIENTED_EDGE ( 'NONE', *, *, #4737, .T. ) ;
#2216 = ORIENTED_EDGE ( 'NONE', *, *, #2811, .T. ) ;
#2217 = VECTOR ( 'NONE', #3155, 1000.000000000000000 ) ;
#2218 = CARTESIAN_POINT ( 'NONE',  ( -1.329662883809260787, -1.850000000000000089, -0.9299766586093032306 ) ) ;
#2219 = LINE ( 'NONE', #2311, #3431 ) ;
#2220 = CARTESIAN_POINT ( 'NONE',  ( 0.8327936663107569082, -0.9249999999999999334, -1.592100649512401045 ) ) ;
#2221 = VECTOR ( 'NONE', #367, 1000.000000000000000 ) ;
#2222 = CYLINDRICAL_SURFACE ( 'NONE', #4003, 0.09999999999999999167 ) ;
#2223 = ADVANCED_FACE ( 'NONE', ( #1403 ), #3694, .F. ) ;
#2224 = VECTOR ( 'NONE', #5108, 1000.000000000000000 ) ;
#2225 = ORIENTED_EDGE ( 'NONE', *, *, #457, .T. ) ;
#2226 = ORIENTED_EDGE ( 'NONE', *, *, #2782, .F. ) ;
#2227 = DIRECTION ( 'NONE',  ( -3.604641231665999851E-48, 1.000000000000000000, 2.943510999999999877E-32 ) ) ;
#2228 = DIRECTION ( 'NONE',  ( 0.08683102911525397705, 0.000000000000000000, 0.9962230535290707012 ) ) ;
#2229 = LINE ( 'NONE', #4948, #3702 ) ;
#2230 = PRODUCT_DEFINITION_SHAPE ( 'NONE', 'NONE',  #1057 ) ;
#2231 = CARTESIAN_POINT ( 'NONE',  ( -1.077972718902663773, -0.9249999999999999334, 1.599967589430000281 ) ) ;
#2232 = DIRECTION ( 'NONE',  ( 4.761750528480578935E-23, -0.08716022863320799230, 0.9961943056174367150 ) ) ;
#2233 = ORIENTED_EDGE ( 'NONE', *, *, #4089, .T. ) ;
#2234 = CARTESIAN_POINT ( 'NONE',  ( -0.9246538146299999594, -0.9249999999999999334, 1.600098464836000156 ) ) ;
#2235 = COLOUR_RGB ( '',1.000000000000000000, 1.000000000000000000, 1.000000000000000000 ) ;
#2236 = DIRECTION ( 'NONE',  ( -0.07725426560925728603, 0.9915496905310594578, 0.1042160719511847494 ) ) ;
#2237 = SURFACE_STYLE_FILL_AREA ( #2338 ) ;
#2238 = VERTEX_POINT ( 'NONE', #469 ) ;
#2239 = ORIENTED_EDGE ( 'NONE', *, *, #159, .F. ) ;
#2240 = CARTESIAN_POINT ( 'NONE',  ( 0.000000000000000000, -1.350000000000000089, 0.000000000000000000 ) ) ;
#2241 = EDGE_CURVE ( 'NONE', #3627, #3822, #5639, .T. ) ;
#2242 = LINE ( 'NONE', #4620, #3973 ) ;
#2243 = VERTEX_POINT ( 'NONE', #4249 ) ;
#2244 = LINE ( 'NONE', #261, #3179 ) ;
#2245 = ORIENTED_EDGE ( 'NONE', *, *, #914, .T. ) ;
#2246 = ORIENTED_EDGE ( 'NONE', *, *, #464, .T. ) ;
#2247 = CARTESIAN_POINT ( 'NONE',  ( 1.100346185370000063, 0.0004300379947100309535, -1.510557960676199851 ) ) ;
#2248 = CARTESIAN_POINT ( 'NONE',  ( -0.007494065187219070383, -0.9249999999999999334, -0.8883155190558998937 ) ) ;
#2249 = EDGE_CURVE ( 'NONE', #1467, #2386, #2801, .T. ) ;
#2250 = ADVANCED_FACE ( 'NONE', ( #2371 ), #5055, .F. ) ;
#2251 = CARTESIAN_POINT ( 'NONE',  ( 0.3029199392879389219, -0.8617813338217592545, -1.624265974147388158 ) ) ;
#2252 = CARTESIAN_POINT ( 'NONE',  ( 1.338776564998479968, -0.1392041924772199901, -1.438462790198500096 ) ) ;
#2253 = EDGE_CURVE ( 'NONE', #1754, #3845, #2343, .T. ) ;
#2254 = FACE_OUTER_BOUND ( 'NONE', #2002, .T. ) ;
#2255 = ORIENTED_EDGE ( 'NONE', *, *, #4217, .F. ) ;
#2256 = ORIENTED_EDGE ( 'NONE', *, *, #3313, .F. ) ;
#2257 = DIRECTION ( 'NONE',  ( 0.9962230535290750311, -0.000000000000000000, 0.08683102911520650113 ) ) ;
#2258 = PLANE ( 'NONE',  #1031 ) ;
#2259 = ADVANCED_FACE ( 'NONE', ( #4648 ), #4684, .F. ) ;
#2260 = CARTESIAN_POINT ( 'NONE',  ( -1.400346185369999885, -0.9249999999999999334, -1.599967589430000059 ) ) ;
#2261 = DIRECTION ( 'NONE',  ( 1.000000000000000000, 0.000000000000000000, 0.000000000000000000 ) ) ;
#2262 = LINE ( 'NONE', #5075, #2396 ) ;
#2263 = ORIENTED_EDGE ( 'NONE', *, *, #501, .T. ) ;
#2264 = DIRECTION ( 'NONE',  ( -1.000000000000000000, -0.000000000000000000, -0.000000000000000000 ) ) ;
#2265 = DIRECTION ( 'NONE',  ( -1.000000000000000000, 0.000000000000000000, -7.835226434153089945E-15 ) ) ;
#2266 = CARTESIAN_POINT ( 'NONE',  ( -0.8484473307148387988, -1.024189611261440369, -1.652536237401957431 ) ) ;
#2267 = ORIENTED_EDGE ( 'NONE', *, *, #166, .T. ) ;
#2268 = ORIENTED_EDGE ( 'NONE', *, *, #2558, .F. ) ;
#2269 = FACE_OUTER_BOUND ( 'NONE', #2046, .T. ) ;
#2270 = SURFACE_STYLE_FILL_AREA ( #6082 ) ;
#2271 = CARTESIAN_POINT ( 'NONE',  ( -1.399653814629999937, -0.9249999999999999334, 1.500032410570000030 ) ) ;
#2272 = ORIENTED_EDGE ( 'NONE', *, *, #2554, .T. ) ;
#2273 = CARTESIAN_POINT ( 'NONE',  ( 0.8696346298226368399, -0.8633171155267090890, 1.750182360671033832 ) ) ;
#2274 = ORIENTED_EDGE ( 'NONE', *, *, #4922, .F. ) ;
#2275 = ADVANCED_FACE ( 'NONE', ( #2304 ), #6083, .T. ) ;
#2276 = ORIENTED_EDGE ( 'NONE', *, *, #3019, .T. ) ;
#2277 = CARTESIAN_POINT ( 'NONE',  ( 0.9003461853700001072, -0.8434481562170199620, 1.624916381041099811 ) ) ;
#2278 = LINE ( 'NONE', #4158, #3721 ) ;
#2279 = CARTESIAN_POINT ( 'NONE',  ( 0.0003461853700004179925, -0.05000000000000000278, 3.241057000114010188E-05 ) ) ;
#2280 = CARTESIAN_POINT ( 'NONE',  ( -1.399999999999999911, -0.9249999999999999334, -1.500000000000000000 ) ) ;
#2281 = DIRECTION ( 'NONE',  ( -1.000000000000000000, 0.000000000000000000, 0.000000000000000000 ) ) ;
#2282 = ORIENTED_EDGE ( 'NONE', *, *, #2398, .T. ) ;
#2283 = EDGE_CURVE ( 'NONE', #3504, #544, #1841, .T. ) ;
#2284 = EDGE_CURVE ( 'NONE', #3050, #4112, #4638, .T. ) ;
#2285 = ORIENTED_EDGE ( 'NONE', *, *, #2854, .F. ) ;
#2286 = EDGE_CURVE ( 'NONE', #2906, #5607, #979, .T. ) ;
#2287 = CARTESIAN_POINT ( 'NONE',  ( 0.9003461853700001072, -0.8434481562170199620, 1.624916381041099811 ) ) ;
#2288 = DIRECTION ( 'NONE',  ( 1.000000000000000000, 0.000000000000000000, 0.000000000000000000 ) ) ;
#2289 = CARTESIAN_POINT ( 'NONE',  ( -1.361820021417586846, -0.4387691941217064517, 1.469948340608683512 ) ) ;
#2290 = ORIENTED_EDGE ( 'NONE', *, *, #2661, .T. ) ;
#2291 = LINE ( 'NONE', #5532, #3700 ) ;
#2292 =( BOUNDED_CURVE ( )  B_SPLINE_CURVE ( 3, ( #3467, #1099, #4877, #4046 ),
 .UNSPECIFIED., .F., .T. ) 
 B_SPLINE_CURVE_WITH_KNOTS ( ( 4, 4 ),
 ( 1.483525361173388957, 1.570796326795095066 ),
 .UNSPECIFIED. ) 
 CURVE ( )  GEOMETRIC_REPRESENTATION_ITEM ( )  RATIONAL_B_SPLINE_CURVE ( ( 1.000000000000000000, 0.9993654155798635808, 0.9993654155798635808, 1.000000000000000000 ) ) 
 REPRESENTATION_ITEM ( '' )  );
#2293 = LINE ( 'NONE', #3601, #5547 ) ;
#2294 = EDGE_CURVE ( 'NONE', #2155, #3461, #2242, .T. ) ;
#2295 = EDGE_LOOP ( 'NONE', ( #3241, #3982, #5417, #344 ) ) ;
#2296 = CARTESIAN_POINT ( 'NONE',  ( 0.2676487836724721903, -0.9856872564172108886, 1.696964283268393547 ) ) ;
#2297 = VECTOR ( 'NONE', #5938, 1000.000000000000000 ) ;
#2298 = CARTESIAN_POINT ( 'NONE',  ( 0.8316576978732409531, -0.9897063965110433070, -1.693218446663989685 ) ) ;
#2299 = ORIENTED_EDGE ( 'NONE', *, *, #2736, .T. ) ;
#2300 = ADVANCED_FACE ( 'NONE', ( #4276 ), #5760, .F. ) ;
#2301 = VERTEX_POINT ( 'NONE', #1441 ) ;
#2302 = AXIS2_PLACEMENT_3D ( 'NONE', #3113, #4466, #4010 ) ;
#2303 = CARTESIAN_POINT ( 'NONE',  ( -0.8539431365113500094, -0.8781046715210900633, 1.753255361968599990 ) ) ;
#2304 = FACE_OUTER_BOUND ( 'NONE', #3603, .T. ) ;
#2305 = CLOSED_SHELL ( 'NONE', ( #2605, #2300, #5834, #507, #4816 ) ) ;
#2306 = ORIENTED_EDGE ( 'NONE', *, *, #3383, .F. ) ;
#2307 = CARTESIAN_POINT ( 'NONE',  ( 0.8288039529120093674, -0.9249999999999998224, -1.729364567925453011 ) ) ;
#2308 = VECTOR ( 'NONE', #1225, 1000.000000000000000 ) ;
#2309 = ORIENTED_EDGE ( 'NONE', *, *, #4929, .T. ) ;
#2310 = DIRECTION ( 'NONE',  ( 1.396914964150709816E-24, -0.9986295347545737222, 0.05233595624294698490 ) ) ;
#2311 = CARTESIAN_POINT ( 'NONE',  ( -0.3333478222937290014, -1.049237924120839827, 1.550032410577399933 ) ) ;
#2312 = DIRECTION ( 'NONE',  ( -1.000000000000000000, 1.399731057920199950E-15, 0.000000000000000000 ) ) ;
#2313 = VECTOR ( 'NONE', #5157, 1000.000000000000000 ) ;
#2314 = VECTOR ( 'NONE', #3137, 1000.000000000000000 ) ;
#2315 = CARTESIAN_POINT ( 'NONE',  ( 0.3324025016371400243, -1.049237924120839827, 1.550032410577399933 ) ) ;
#2316 = FACE_OUTER_BOUND ( 'NONE', #5671, .T. ) ;
#2317 = B_SPLINE_CURVE_WITH_KNOTS ( 'NONE', 3,
 ( #3647, #6049, #6018, #5524 ),
 .UNSPECIFIED., .F., .F.,
 ( 4, 4 ),
 ( 0.000000000000000000, 0.7900391278230272096 ),
 .UNSPECIFIED. ) ;
#2318 = VECTOR ( 'NONE', #1620, 1000.000000000000000 ) ;
#2319 = ORIENTED_EDGE ( 'NONE', *, *, #1535, .T. ) ;
#2320 = AXIS2_PLACEMENT_3D ( 'NONE', #5584, #1340, #5150 ) ;
#2321 = VECTOR ( 'NONE', #998, 1000.000000000000227 ) ;
#2322 = EDGE_LOOP ( 'NONE', ( #4792, #2285, #5218, #5039 ) ) ;
#2323 = CARTESIAN_POINT ( 'NONE',  ( 1.370262115408682035, -0.5433176419965056736, 1.469948340608704829 ) ) ;
#2324 = FACE_OUTER_BOUND ( 'NONE', #1824, .T. ) ;
#2325 = VECTOR ( 'NONE', #299, 1000.000000000000000 ) ;
#2326 = CARTESIAN_POINT ( 'NONE',  ( 1.329400826565670046, -0.05000000000000000278, -0.6463040388454999174 ) ) ;
#2327 = EDGE_CURVE ( 'NONE', #3594, #4059, #1494, .T. ) ;
#2328 = AXIS2_PLACEMENT_3D ( 'NONE', #4209, #3223, #858 ) ;
#2329 = ORIENTED_EDGE ( 'NONE', *, *, #275, .F. ) ;
#2330 = CARTESIAN_POINT ( 'NONE',  ( -1.400346185369999885, -0.9249999999999999334, 1.499967589430000192 ) ) ;
#2331 = LINE ( 'NONE', #3681, #2883 ) ;
#2332 = VECTOR ( 'NONE', #102, 1000.000000000000227 ) ;
#2333 = ORIENTED_EDGE ( 'NONE', *, *, #2241, .F. ) ;
#2334 = LINE ( 'NONE', #1362, #3397 ) ;
#2335 = EDGE_CURVE ( 'NONE', #4274, #1870, #1429, .T. ) ;
#2336 = EDGE_CURVE ( 'NONE', #5978, #3845, #3425, .T. ) ;
#2337 = FACE_OUTER_BOUND ( 'NONE', #5798, .T. ) ;
#2338 = FILL_AREA_STYLE ('',( #2700 ) ) ;
#2339 = ORIENTED_EDGE ( 'NONE', *, *, #2336, .F. ) ;
#2340 = ORIENTED_EDGE ( 'NONE', *, *, #3727, .T. ) ;
#2341 = DIRECTION ( 'NONE',  ( 0.7071067811865480168, 0.7044157488815139256, -0.06163158871630090851 ) ) ;
#2342 = EDGE_CURVE ( 'NONE', #2429, #2036, #2884, .T. ) ;
#2343 = LINE ( 'NONE', #806, #4271 ) ;
#2344 = ORIENTED_EDGE ( 'NONE', *, *, #1880, .F. ) ;
#2345 = DIRECTION ( 'NONE',  ( 1.000000000000000000, 0.000000000000000000, -4.779941512765678277E-23 ) ) ;
#2346 = VERTEX_POINT ( 'NONE', #67 ) ;
#2347 = DIRECTION ( 'NONE',  ( -1.000000000000000000, -1.398832014811198132E-24, 0.000000000000000000 ) ) ;
#2348 = CARTESIAN_POINT ( 'NONE',  ( 0.8253461853700010398, -0.9537363479935599964, -1.700033643681099882 ) ) ;
#2349 = LINE ( 'NONE', #2778, #42 ) ;
#2350 = CARTESIAN_POINT ( 'NONE',  ( -1.099653814629999893, -0.1995699620052900081, -1.510557960676199851 ) ) ;
#2351 = LINE ( 'NONE', #910, #5583 ) ;
#2352 = ORIENTED_EDGE ( 'NONE', *, *, #4526, .T. ) ;
#2353 = ORIENTED_EDGE ( 'NONE', *, *, #2477, .T. ) ;
#2354 = DIRECTION ( 'NONE',  ( 0.7087801912006262972, -2.076439203165841277E-32, 0.7054294015432043263 ) ) ;
#2355 = FACE_OUTER_BOUND ( 'NONE', #2710, .T. ) ;
#2356 = DIRECTION ( 'NONE',  ( -0.9995778246398077105, -0.02894407348262681423, 0.002532409639460341672 ) ) ;
#2357 = B_SPLINE_CURVE_WITH_KNOTS ( 'NONE', 3,
 ( #5235, #1459, #6129, #1895, #3781, #1430, #3349, #5210, #952, #100 ),
 .UNSPECIFIED., .F., .F.,
 ( 4, 2, 2, 2, 4 ),
 ( 0.000000000000000000, 0.4492779410338044732, 0.6739169115507078756, 0.7862363968091597988, 0.8985558820676114999 ),
 .UNSPECIFIED. ) ;
#2358 = VERTEX_POINT ( 'NONE', #4367 ) ;
#2359 = DIRECTION ( 'NONE',  ( -1.000000000000000000, 0.000000000000000000, 0.000000000000000000 ) ) ;
#2360 = CARTESIAN_POINT ( 'NONE',  ( 1.362345048523937452, -0.4417029912380935341, -1.469948340608704829 ) ) ;
#2361 = EDGE_CURVE ( 'NONE', #4651, #5294, #36, .T. ) ;
#2362 = VERTEX_POINT ( 'NONE', #2460 ) ;
#2363 = CARTESIAN_POINT ( 'NONE',  ( -1.399653814629999937, -0.2500000000000000000, -1.499967589430000192 ) ) ;
#2364 = DIRECTION ( 'NONE',  ( 0.000000000000000000, -1.000000000000000000, 0.000000000000000000 ) ) ;
#2365 = LINE ( 'NONE', #5215, #5857 ) ;
#2366 = ORIENTED_EDGE ( 'NONE', *, *, #3986, .T. ) ;
#2367 = VERTEX_POINT ( 'NONE', #5335 ) ;
#2368 = EDGE_CURVE ( 'NONE', #5740, #5964, #2430, .T. ) ;
#2369 = EDGE_CURVE ( 'NONE', #5222, #4430, #4338, .T. ) ;
#2370 = EDGE_CURVE ( 'NONE', #4952, #2440, #163, .T. ) ;
#2371 = FACE_OUTER_BOUND ( 'NONE', #1278, .T. ) ;
#2372 = PLANE ( 'NONE',  #417 ) ;
#2373 = LINE ( 'NONE', #5588, #2792 ) ;
#2374 = VERTEX_POINT ( 'NONE', #5703 ) ;
#2375 = ADVANCED_FACE ( 'NONE', ( #1087 ), #5219, .F. ) ;
#2376 = FACE_OUTER_BOUND ( 'NONE', #4580, .T. ) ;
#2377 = PLANE ( 'NONE',  #4508 ) ;
#2378 = DIRECTION ( 'NONE',  ( 0.000000000000000000, -1.000000000000000000, 0.000000000000000000 ) ) ;
#2379 = CARTESIAN_POINT ( 'NONE',  ( -0.5996538146300000038, -1.849900000000000100, 3.241057000114010188E-05 ) ) ;
#2380 = CARTESIAN_POINT ( 'NONE',  ( 0.2151530103492109991, -0.9057336855331299397, -1.742045001259900028 ) ) ;
#2381 = ORIENTED_EDGE ( 'NONE', *, *, #2342, .F. ) ;
#2382 = ORIENTED_EDGE ( 'NONE', *, *, #2742, .T. ) ;
#2383 = CARTESIAN_POINT ( 'NONE',  ( 0.8244879537492282306, -0.9263218996120050619, 1.737917993082804147 ) ) ;
#2384 = CARTESIAN_POINT ( 'NONE',  ( 0.8588621040985998656, -1.035255832108370022, -1.625335136751600018 ) ) ;
#2385 = CARTESIAN_POINT ( 'NONE',  ( 0.9253461853700010176, -0.9485462464092400126, 1.759418520840300149 ) ) ;
#2386 = VERTEX_POINT ( 'NONE', #1937 ) ;
#2387 = CARTESIAN_POINT ( 'NONE',  ( 0.8380080240497388422, -0.9123607613418126538, 1.594845601040492777 ) ) ;
#2388 = FACE_OUTER_BOUND ( 'NONE', #5956, .T. ) ;
#2389 = VERTEX_POINT ( 'NONE', #2026 ) ;
#2390 = CARTESIAN_POINT ( 'NONE',  ( 1.100346185370000063, -0.8500000000000099698, -1.625137634343248871 ) ) ;
#2391 = DIRECTION ( 'NONE',  ( -1.000000000000000000, -3.366872316660000075E-49, 1.050293330588519981E-64 ) ) ;
#2392 = EDGE_CURVE ( 'NONE', #2474, #5765, #2858, .T. ) ;
#2393 = CARTESIAN_POINT ( 'NONE',  ( -1.094192931204805763, -0.4387691941217055636, 1.732315134934079515 ) ) ;
#2394 = ORIENTED_EDGE ( 'NONE', *, *, #2668, .T. ) ;
#2395 = EDGE_LOOP ( 'NONE', ( #4228, #5811, #3795, #2756, #4075 ) ) ;
#2396 = VECTOR ( 'NONE', #830, 1000.000000000000000 ) ;
#2397 = CARTESIAN_POINT ( 'NONE',  ( 1.100346185369999175, -0.4387691941217055636, -1.669596928045476103 ) ) ;
#2398 = EDGE_CURVE ( 'NONE', #4067, #5245, #5307, .T. ) ;
#2399 = CARTESIAN_POINT ( 'NONE',  ( -0.9246538146299999594, -1.043632083895880136, -1.600033643681100015 ) ) ;
#2400 = DIRECTION ( 'NONE',  ( 0.08683102911526527357, 0.000000000000000000, 0.9962230535290698130 ) ) ;
#2401 = ORIENTED_EDGE ( 'NONE', *, *, #3554, .T. ) ;
#2402 = CARTESIAN_POINT ( 'NONE',  ( 1.094885301944805933, -0.6387691941217065184, -1.732250313779179152 ) ) ;
#2403 = LINE ( 'NONE', #1943, #2539 ) ;
#2404 = CARTESIAN_POINT ( 'NONE',  ( 1.128077541370410053, -1.050000000000000044, 1.550032347689399792 ) ) ;
#2405 = EDGE_CURVE ( 'NONE', #5177, #5508, #5243, .T. ) ;
#2406 = CARTESIAN_POINT ( 'NONE',  ( -1.099653814629999893, 0.0004300379947100309535, -1.510557960676199851 ) ) ;
#2407 = VECTOR ( 'NONE', #2481, 1000.000000000000000 ) ;
#2408 = DIRECTION ( 'NONE',  ( 0.000000000000000000, 1.000000000000000000, 0.000000000000000000 ) ) ;
#2409 = ORIENTED_EDGE ( 'NONE', *, *, #1962, .F. ) ;
#2410 = ORIENTED_EDGE ( 'NONE', *, *, #5540, .T. ) ;
#2411 = VECTOR ( 'NONE', #5931, 1000.000000000000000 ) ;
#2412 = CARTESIAN_POINT ( 'NONE',  ( 0.3151530103492009571, -0.6500000000000000222, -1.499967589430000192 ) ) ;
#2413 = CARTESIAN_POINT ( 'NONE',  ( -0.3408607044858690260, -1.050000000000000044, 1.500032410570000030 ) ) ;
#2414 = VECTOR ( 'NONE', #3360, 1000.000000000000000 ) ;
#2415 = CARTESIAN_POINT ( 'NONE',  ( 0.8253884029060202243, -0.9569071206078192393, 1.697193000177203759 ) ) ;
#2416 = VECTOR ( 'NONE', #3138, 1000.000000000000227 ) ;
#2417 = ORIENTED_EDGE ( 'NONE', *, *, #1524, .F. ) ;
#2418 = CARTESIAN_POINT ( 'NONE',  ( -1.099653814629999893, -0.5135117487342198972, 1.461542789848099932 ) ) ;
#2419 = STYLED_ITEM ( 'NONE', ( #3111 ), #4513 ) ;
#2420 = CIRCLE ( 'NONE', #4764, 0.5000000000000000000 ) ;
#2421 = CARTESIAN_POINT ( 'NONE',  ( -1.099653814629999893, -0.4333290931498799958, 1.731839163086200006 ) ) ;
#2422 = ORIENTED_EDGE ( 'NONE', *, *, #308, .T. ) ;
#2423 = CARTESIAN_POINT ( 'NONE',  ( 1.400346185369999885, -0.2500000000000000000, -1.499967589430000192 ) ) ;
#2424 = DIRECTION ( 'NONE',  ( -1.224606000000000123E-16, 0.000000000000000000, 1.000000000000000000 ) ) ;
#2425 = VECTOR ( 'NONE', #4267, 1000.000000000000000 ) ;
#2426 =( LENGTH_UNIT ( ) NAMED_UNIT ( * ) SI_UNIT ( .MILLI., .METRE. ) );
#2427 = AXIS2_PLACEMENT_3D ( 'NONE', #1195, #2566, #1166 ) ;
#2428 = VERTEX_POINT ( 'NONE', #95 ) ;
#2429 = VERTEX_POINT ( 'NONE', #991 ) ;
#2430 = LINE ( 'NONE', #4858, #923 ) ;
#2431 = DIRECTION ( 'NONE',  ( 0.000000000000000000, -0.000000000000000000, 1.000000000000000000 ) ) ;
#2432 = EDGE_LOOP ( 'NONE', ( #3479, #382, #2353 ) ) ;
#2433 = ADVANCED_FACE ( 'NONE', ( #590 ), #530, .F. ) ;
#2434 = DIRECTION ( 'NONE',  ( 1.219945523824950070E-16, -0.08716022863319299041, -0.9961943056174379363 ) ) ;
#2435 = CARTESIAN_POINT ( 'NONE',  ( 1.048312807875294350, -1.850000000000000311, -0.6058936201135700639 ) ) ;
#2436 = AXIS2_PLACEMENT_3D ( 'NONE', #5932, #2632, #1674 ) ;
#2437 = DIRECTION ( 'NONE',  ( -0.9945218953682734009, 0.1045284632676540537, 1.538403000000002537E-33 ) ) ;
#2438 = CARTESIAN_POINT ( 'NONE',  ( -1.338084194258480020, -0.1392041924772199901, -1.438397969058420101 ) ) ;
#2439 = DIRECTION ( 'NONE',  ( 0.08683102911520648726, 0.000000000000000000, -0.9962230535290749200 ) ) ;
#2440 = VERTEX_POINT ( 'NONE', #3874 ) ;
#2441 = EDGE_CURVE ( 'NONE', #1307, #3899, #2951, .T. ) ;
#2442 = EDGE_CURVE ( 'NONE', #4727, #3172, #3105, .T. ) ;
#2443 = ORIENTED_EDGE ( 'NONE', *, *, #1185, .T. ) ;
#2444 = LINE ( 'NONE', #2412, #2804 ) ;
#2445 = CARTESIAN_POINT ( 'NONE',  ( 0.3151530103492009571, -0.9939373499163199899, -1.688827309405799948 ) ) ;
#2446 = LINE ( 'NONE', #3925, #2717 ) ;
#2447 = EDGE_CURVE ( 'NONE', #97, #1415, #4033, .T. ) ;
#2448 = ORIENTED_EDGE ( 'NONE', *, *, #5013, .T. ) ;
#2449 = CARTESIAN_POINT ( 'NONE',  ( -0.8246538146299997596, -0.9439516360668359640, 1.689420277262178249 ) ) ;
#2450 = PLANE ( 'NONE',  #3788 ) ;
#2451 = ADVANCED_FACE ( 'NONE', ( #252 ), #216, .T. ) ;
#2452 = ORIENTED_EDGE ( 'NONE', *, *, #6101, .T. ) ;
#2453 = LINE ( 'NONE', #4917, #3794 ) ;
#2454 = CARTESIAN_POINT ( 'NONE',  ( -0.8327370006538161729, -0.9945348837135959963, 1.688469391099772343 ) ) ;
#2455 = LINE ( 'NONE', #63, #4081 ) ;
#2456 = EDGE_LOOP ( 'NONE', ( #1804, #1335, #2664 ) ) ;
#2457 = VERTEX_POINT ( 'NONE', #4524 ) ;
#2458 = CARTESIAN_POINT ( 'NONE',  ( -1.399653814629999937, -0.2500000000000000000, 1.500032410570000030 ) ) ;
#2459 = B_SPLINE_CURVE_WITH_KNOTS ( 'NONE', 3,
 ( #1041, #5779, #640, #3034, #5008, #2185, #3621 ),
 .UNSPECIFIED., .F., .F.,
 ( 4, 3, 4 ),
 ( 0.1870245818430950058, 0.2132478638868899878, 0.2317872711685430021 ),
 .UNSPECIFIED. ) ;
#2460 = CARTESIAN_POINT ( 'NONE',  ( 1.338776564998479968, -0.1392041924772199901, 1.438462790198499874 ) ) ;
#2461 = DIRECTION ( 'NONE',  ( -1.000000000000000000, -0.000000000000000000, -0.000000000000000000 ) ) ;
#2462 = EDGE_LOOP ( 'NONE', ( #4817, #3063, #6025, #3450, #598, #1319 ) ) ;
#2463 = CARTESIAN_POINT ( 'NONE',  ( -0.8539431365113500094, -0.8785660737170098988, 1.747981784244200032 ) ) ;
#2464 = FACE_OUTER_BOUND ( 'NONE', #3036, .T. ) ;
#2465 = CARTESIAN_POINT ( 'NONE',  ( 0.3207209586091603337, -1.022426496635577164, 1.629722833593356235 ) ) ;
#2466 = DIRECTION ( 'NONE',  ( 0.9892244290411257301, 0.1035254292149010019, 0.1035254292149010019 ) ) ;
#2467 = EDGE_CURVE ( 'NONE', #4449, #4389, #1154, .T. ) ;
#2468 = CARTESIAN_POINT ( 'NONE',  ( -1.127449041952520048, -1.050000000000000044, 1.550032347689399792 ) ) ;
#2469 = VERTEX_POINT ( 'NONE', #2172 ) ;
#2470 = ORIENTED_EDGE ( 'NONE', *, *, #1534, .T. ) ;
#2471 = DIRECTION ( 'NONE',  ( 1.000000000000000000, 0.000000000000000000, 0.000000000000000000 ) ) ;
#2472 = CARTESIAN_POINT ( 'NONE',  ( 1.399999999999999689, -0.9249999999999999334, 1.500032410569965613 ) ) ;
#2473 = CARTESIAN_POINT ( 'NONE',  ( -0.9246538146299999594, -0.9249999999999999334, -1.600033643681100015 ) ) ;
#2474 = VERTEX_POINT ( 'NONE', #4496 ) ;
#2475 = EDGE_CURVE ( 'NONE', #4130, #2053, #5942, .T. ) ;
#2476 = LINE ( 'NONE', #1045, #2523 ) ;
#2477 = EDGE_CURVE ( 'NONE', #2921, #1870, #1464, .T. ) ;
#2478 = CARTESIAN_POINT ( 'NONE',  ( 0.8302842846746131267, -0.9851226637075353176, 1.697492169218743463 ) ) ;
#2479 = ADVANCED_FACE ( 'NONE', ( #1687 ), #3482, .T. ) ;
#2480 = ORIENTED_EDGE ( 'NONE', *, *, #2746, .F. ) ;
#2481 = DIRECTION ( 'NONE',  ( 0.000000000000000000, -1.000000000000000000, 0.000000000000000000 ) ) ;
#2482 = PLANE ( 'NONE',  #329 ) ;
#2483 = CARTESIAN_POINT ( 'NONE',  ( 1.100346185370000063, -0.8500000000000099698, 1.550032347689399792 ) ) ;
#2484 = EDGE_CURVE ( 'NONE', #2301, #2129, #680, .T. ) ;
#2485 = VERTEX_POINT ( 'NONE', #2082 ) ;
#2486 = EDGE_LOOP ( 'NONE', ( #4444, #239, #4662 ) ) ;
#2487 = PLANE ( 'NONE',  #5067 ) ;
#2488 = DIRECTION ( 'NONE',  ( -0.08682659386424800008, -0.9924325091389669673, -0.08682659386424700088 ) ) ;
#2489 = FACE_OUTER_BOUND ( 'NONE', #1512, .T. ) ;
#2490 = ORIENTED_EDGE ( 'NONE', *, *, #2782, .T. ) ;
#2491 = LINE ( 'NONE', #5767, #34 ) ;
#2492 = CARTESIAN_POINT ( 'NONE',  ( 0.9610854001114964573, -1.850000000000000089, -0.7361817422089140805 ) ) ;
#2493 = PLANE ( 'NONE',  #610 ) ;
#2494 = CARTESIAN_POINT ( 'NONE',  ( -1.099653814629999893, 0.0004300379947100309535, -1.510557960676199851 ) ) ;
#2495 = VECTOR ( 'NONE', #5030, 1000.000000000000000 ) ;
#2496 = CARTESIAN_POINT ( 'NONE',  ( -0.8246538146299998706, -0.9440144814266098194, -1.708942052817942647 ) ) ;
#2497 = ORIENTED_EDGE ( 'NONE', *, *, #2996, .F. ) ;
#2498 = AXIS2_PLACEMENT_3D ( 'NONE', #5410, #1694, #1668 ) ;
#2499 = ORIENTED_EDGE ( 'NONE', *, *, #4352, .F. ) ;
#2500 = LINE ( 'NONE', #3830, #816 ) ;
#2501 = DIRECTION ( 'NONE',  ( 5.947689727931180353E-14, 0.7071067811865450192, 0.7071067811865500152 ) ) ;
#2502 = CARTESIAN_POINT ( 'NONE',  ( 0.7003461853700000406, -0.5875000000000000222, -1.464494910027799968 ) ) ;
#2503 = VECTOR ( 'NONE', #1161, 999.9999999999998863 ) ;
#2504 = ORIENTED_EDGE ( 'NONE', *, *, #5650, .T. ) ;
#2505 = DIRECTION ( 'NONE',  ( 0.000000000000000000, -0.000000000000000000, 1.000000000000000000 ) ) ;
#2506 = ORIENTED_EDGE ( 'NONE', *, *, #3440, .F. ) ;
#2507 = VECTOR ( 'NONE', #455, 1000.000000000000000 ) ;
#2508 = AXIS2_PLACEMENT_3D ( 'NONE', #4307, #984, #583 ) ;
#2509 = ORIENTED_EDGE ( 'NONE', *, *, #4886, .T. ) ;
#2510 = CARTESIAN_POINT ( 'NONE',  ( 0.000000000000000000, -0.9249999999999999334, 0.000000000000000000 ) ) ;
#2511 = EDGE_CURVE ( 'NONE', #4666, #1864, #5455, .T. ) ;
#2512 = LINE ( 'NONE', #4358, #3314 ) ;
#2513 = CARTESIAN_POINT ( 'NONE',  ( -0.6996538146299989824, -0.1150000000000000050, 0.6532006352777000036 ) ) ;
#2514 = AXIS2_PLACEMENT_3D ( 'NONE', #2914, #311, #346 ) ;
#2515 = AXIS2_PLACEMENT_3D ( 'NONE', #126, #623, #963 ) ;
#2516 = FILL_AREA_STYLE ('',( #2576 ) ) ;
#2517 = CARTESIAN_POINT ( 'NONE',  ( 0.8253461853700210238, -0.9537363479935498933, 1.700098464836000023 ) ) ;
#2518 = ORIENTED_EDGE ( 'NONE', *, *, #1060, .F. ) ;
#2519 = ORIENTED_EDGE ( 'NONE', *, *, #3652, .T. ) ;
#2520 = VECTOR ( 'NONE', #183, 1000.000000000000114 ) ;
#2521 = CARTESIAN_POINT ( 'NONE',  ( -0.4996538146299995820, -0.2500000000000000000, 3.241057000120133220E-05 ) ) ;
#2522 = EDGE_CURVE ( 'NONE', #408, #5094, #4896, .T. ) ;
#2523 = VECTOR ( 'NONE', #1102, 1000.000000000000227 ) ;
#2524 = CARTESIAN_POINT ( 'NONE',  ( 1.399999999999999911, -1.050000000000000044, 1.500000000000000000 ) ) ;
#2525 = EDGE_CURVE ( 'NONE', #2126, #577, #3550, .T. ) ;
#2526 = CARTESIAN_POINT ( 'NONE',  ( 1.329400826565670046, -0.05000000000000000278, 0.6463688599854979788 ) ) ;
#2527 = AXIS2_PLACEMENT_3D ( 'NONE', #3831, #2004, #1453 ) ;
#2528 = ORIENTED_EDGE ( 'NONE', *, *, #688, .F. ) ;
#2529 = VERTEX_POINT ( 'NONE', #656 ) ;
#2530 = B_SPLINE_CURVE_WITH_KNOTS ( 'NONE', 3,
 ( #99, #4342, #1061, #4373 ),
 .UNSPECIFIED., .F., .F.,
 ( 4, 4 ),
 ( 0.000000000000000000, 1.000000000000000000 ),
 .UNSPECIFIED. ) ;
#2531 = ADVANCED_FACE ( 'NONE', ( #1121 ), #748, .F. ) ;
#2532 = CARTESIAN_POINT ( 'NONE',  ( 1.400346185369999885, -1.050000000000000044, -1.499967589430000192 ) ) ;
#2533 = CARTESIAN_POINT ( 'NONE',  ( -0.8987772793901457336, -1.043617866584426679, 1.600153450678758915 ) ) ;
#2534 = CARTESIAN_POINT ( 'NONE',  ( 0.3151530103492110046, -0.8500000000000099698, -1.549967526534500095 ) ) ;
#2535 = CARTESIAN_POINT ( 'NONE',  ( 0.8342577883888400159, -0.9249999999999999334, 1.555086564540699934 ) ) ;
#2536 = MANIFOLD_SOLID_BREP ( 'Cut-Extrude2[1]', #2893 ) ;
#2537 = LINE ( 'NONE', #4414, #4993 ) ;
#2538 = ORIENTED_EDGE ( 'NONE', *, *, #4170, .T. ) ;
#2539 = VECTOR ( 'NONE', #44, 1000.000000000000114 ) ;
#2540 = ORIENTED_EDGE ( 'NONE', *, *, #5754, .F. ) ;
#2541 = LINE ( 'NONE', #2067, #224 ) ;
#2542 = FACE_OUTER_BOUND ( 'NONE', #699, .T. ) ;
#2543 = CARTESIAN_POINT ( 'NONE',  ( 0.8994696501301138181, -1.043617866584418463, 1.600153450678790445 ) ) ;
#2544 = ORIENTED_EDGE ( 'NONE', *, *, #5465, .T. ) ;
#2545 = PLANE ( 'NONE',  #2025 ) ;
#2546 = ORIENTED_EDGE ( 'NONE', *, *, #4390, .F. ) ;
#2547 = ORIENTED_EDGE ( 'NONE', *, *, #4761, .F. ) ;
#2548 = DIRECTION ( 'NONE',  ( 0.08683102911526527357, 0.000000000000000000, 0.9962230535290698130 ) ) ;
#2549 = CARTESIAN_POINT ( 'NONE',  ( 1.370262115408682035, 3.579848725887760263, -1.469883519468704547 ) ) ;
#2550 = CARTESIAN_POINT ( 'NONE',  ( -1.399653814629999937, -0.2500000000000000000, 1.500032410570000030 ) ) ;
#2551 = EDGE_CURVE ( 'NONE', #3269, #4458, #3523, .T. ) ;
#2552 = ORIENTED_EDGE ( 'NONE', *, *, #426, .F. ) ;
#2553 = DIRECTION ( 'NONE',  ( 1.000000000000000000, 0.000000000000000000, 0.000000000000000000 ) ) ;
#2554 = EDGE_CURVE ( 'NONE', #961, #1329, #4187, .T. ) ;
#2555 = ORIENTED_EDGE ( 'NONE', *, *, #501, .F. ) ;
#2556 = ADVANCED_FACE ( 'NONE', ( #1866 ), #399, .T. ) ;
#2557 = ORIENTED_EDGE ( 'NONE', *, *, #646, .T. ) ;
#2558 = EDGE_CURVE ( 'NONE', #3504, #2210, #435, .T. ) ;
#2559 = SURFACE_SIDE_STYLE ('',( #659 ) ) ;
#2560 = FACE_OUTER_BOUND ( 'NONE', #2630, .T. ) ;
#2561 = DIRECTION ( 'NONE',  ( 0.000000000000000000, 0.08716022863320847802, -0.9961943056174367150 ) ) ;
#2562 = DIRECTION ( 'NONE',  ( 0.1040846963609820264, 0.000000000000000000, 0.9945684370537013486 ) ) ;
#2563 = VERTEX_POINT ( 'NONE', #1746 ) ;
#2564 = ORIENTED_EDGE ( 'NONE', *, *, #4761, .T. ) ;
#2565 = CARTESIAN_POINT ( 'NONE',  ( 1.400346185369999885, -0.9249999999999999334, 1.599967589430000059 ) ) ;
#2566 = DIRECTION ( 'NONE',  ( -1.000000000000000000, 0.000000000000000000, -1.224606000000000123E-16 ) ) ;
#2567 = LINE ( 'NONE', #80, #3114 ) ;
#2568 = VERTEX_POINT ( 'NONE', #836 ) ;
#2569 = DIRECTION ( 'NONE',  ( -0.7071067811865481278, 0.7044157488815139256, -0.06163158871630115138 ) ) ;
#2570 = ORIENTED_EDGE ( 'NONE', *, *, #2854, .T. ) ;
#2571 = UNCERTAINTY_MEASURE_WITH_UNIT (LENGTH_MEASURE( 1.000000000000000082E-05 ), #1239, 'distance_accuracy_value', 'NONE');
#2572 = ORIENTED_EDGE ( 'NONE', *, *, #2595, .T. ) ;
#2573 = DIRECTION ( 'NONE',  ( -0.08683102911525313050, 0.000000000000000000, -0.9962230535290708122 ) ) ;
#2574 = DIRECTION ( 'NONE',  ( 8.659272068817308684E-17, 0.7071067811865489050, -0.7071067811865460184 ) ) ;
#2575 = CARTESIAN_POINT ( 'NONE',  ( -0.7433731759093556990, -0.8639884439989697906, -1.516266366509202879 ) ) ;
#2576 = FILL_AREA_STYLE_COLOUR ( '', #529 ) ;
#2577 = CARTESIAN_POINT ( 'NONE',  ( 0.3029051399978400227, -1.050000000000000044, 1.750098464836000067 ) ) ;
#2578 = ORIENTED_EDGE ( 'NONE', *, *, #3304, .F. ) ;
#2579 = DIRECTION ( 'NONE',  ( 1.000000000000000000, 4.814824860968089633E-32, 1.224606000000000123E-16 ) ) ;
#2580 = EDGE_CURVE ( 'NONE', #6078, #1822, #5976, .T. ) ;
#2581 = DIRECTION ( 'NONE',  ( 1.000000000000000000, 0.000000000000000000, 1.224606000000000123E-16 ) ) ;
#2582 = ORIENTED_EDGE ( 'NONE', *, *, #1263, .F. ) ;
#2583 = ORIENTED_EDGE ( 'NONE', *, *, #4215, .T. ) ;
#2584 = DIRECTION ( 'NONE',  ( 0.000000000000000000, -0.000000000000000000, -1.000000000000000000 ) ) ;
#2585 = EDGE_CURVE ( 'NONE', #4666, #1507, #1333, .T. ) ;
#2586 = DIRECTION ( 'NONE',  ( -3.604641231665999851E-48, 1.000000000000000000, 2.943510999999999877E-32 ) ) ;
#2587 = FACE_OUTER_BOUND ( 'NONE', #5579, .T. ) ;
#2588 = CARTESIAN_POINT ( 'NONE',  ( 1.100346185370000063, -0.6434481562170200064, 1.624916381041099811 ) ) ;
#2589 = ORIENTED_EDGE ( 'NONE', *, *, #4291, .T. ) ;
#2590 = ORIENTED_EDGE ( 'NONE', *, *, #4483, .F. ) ;
#2591 = DIRECTION ( 'NONE',  ( -0.000000000000000000, -0.000000000000000000, 1.000000000000000000 ) ) ;
#2592 = DIRECTION ( 'NONE',  ( 0.000000000000000000, -0.9781772164068283093, 0.2077723112028858898 ) ) ;
#2593 = ADVANCED_FACE ( 'NONE', ( #2337 ), #4614, .F. ) ;
#2594 = VECTOR ( 'NONE', #1344, 1000.000000000000114 ) ;
#2595 = EDGE_CURVE ( 'NONE', #1990, #3422, #800, .T. ) ;
#2596 = DIRECTION ( 'NONE',  ( 0.000000000000000000, 0.000000000000000000, -1.000000000000000000 ) ) ;
#2597 = EDGE_LOOP ( 'NONE', ( #1778, #5345 ) ) ;
#2598 = CARTESIAN_POINT ( 'NONE',  ( 1.100346185370000063, -0.4333290931498799958, 1.731839163086200006 ) ) ;
#2599 = VERTEX_POINT ( 'NONE', #4585 ) ;
#2600 = AXIS2_PLACEMENT_3D ( 'NONE', #5858, #1720, #4904 ) ;
#2601 = VERTEX_POINT ( 'NONE', #3635 ) ;
#2602 = VECTOR ( 'NONE', #3246, 1000.000000000000000 ) ;
#2603 = CARTESIAN_POINT ( 'NONE',  ( -0.7859185520463665142, -1.350000000000000089, -1.473720990372192174 ) ) ;
#2604 =( BOUNDED_CURVE ( )  B_SPLINE_CURVE ( 3, ( #1291, #860, #2789, #3187 ),
 .UNSPECIFIED., .F., .T. ) 
 B_SPLINE_CURVE_WITH_KNOTS ( ( 4, 4 ),
 ( 1.304335392711436059, 1.312464132651989912 ),
 .UNSPECIFIED. ) 
 CURVE ( )  GEOMETRIC_REPRESENTATION_ITEM ( )  RATIONAL_B_SPLINE_CURVE ( ( 1.000000000000000000, 0.9999944936398282858, 0.9999944936398282858, 1.000000000000000000 ) ) 
 REPRESENTATION_ITEM ( '' )  );
#2605 = ADVANCED_FACE ( 'NONE', ( #930 ), #5575, .F. ) ;
#2606 = CARTESIAN_POINT ( 'NONE',  ( 1.399999999999999911, -1.050000000000000044, -1.752467526534499997 ) ) ;
#2607 = PRESENTATION_STYLE_ASSIGNMENT (( #2050 ) ) ;
#2608 = AXIS2_PLACEMENT_3D ( 'NONE', #1021, #2579, #3871 ) ;
#2609 = DIRECTION ( 'NONE',  ( -0.07725516908305771202, 0.9915612865142735544, 0.1041050139815889730 ) ) ;
#2610 = ORIENTED_EDGE ( 'NONE', *, *, #5500, .T. ) ;
#2611 = CARTESIAN_POINT ( 'NONE',  ( 0.8794641766619955003, -0.8643849094942873679, -1.625137634343248649 ) ) ;
#2612 = AXIS2_PLACEMENT_3D ( 'NONE', #3978, #1643, #3589 ) ;
#2613 = CARTESIAN_POINT ( 'NONE',  ( 0.9253461853700110096, -1.043632083895880136, -1.600033643681100015 ) ) ;
#2614 = MECHANICAL_DESIGN_GEOMETRIC_PRESENTATION_REPRESENTATION (  '', ( #4878 ), #3993 ) ;
#2615 = CARTESIAN_POINT ( 'NONE',  ( -1.178447708059189969, -1.050000000000000044, -1.499967590878610091 ) ) ;
#2616 = ORIENTED_EDGE ( 'NONE', *, *, #611, .T. ) ;
#2617 = VECTOR ( 'NONE', #7, 1000.000000000000000 ) ;
#2618 = VECTOR ( 'NONE', #1785, 1000.000000000000000 ) ;
#2619 = ORIENTED_EDGE ( 'NONE', *, *, #1835, .T. ) ;
#2620 = AXIS2_PLACEMENT_3D ( 'NONE', #2418, #6099, #22 ) ;
#2621 =( NAMED_UNIT ( * ) PLANE_ANGLE_UNIT ( ) SI_UNIT ( $, .RADIAN. ) );
#2622 = DIRECTION ( 'NONE',  ( 0.000000000000000000, -1.000000000000000000, 0.000000000000000000 ) ) ;
#2623 = CARTESIAN_POINT ( 'NONE',  ( -0.8829767327088088313, -0.8600617702612327609, 1.626369959314311053 ) ) ;
#2624 = AXIS2_PLACEMENT_3D ( 'NONE', #5525, #4538, #323 ) ;
#2625 = CARTESIAN_POINT ( 'NONE',  ( -1.099653814629999893, -0.1821379162786400108, -1.709796821799699940 ) ) ;
#2626 = DIRECTION ( 'NONE',  ( -0.000000000000000000, -0.000000000000000000, 1.000000000000000000 ) ) ;
#2627 = AXIS2_PLACEMENT_3D ( 'NONE', #3311, #5251, #1916 ) ;
#2628 = ORIENTED_EDGE ( 'NONE', *, *, #5165, .F. ) ;
#2629 = EDGE_CURVE ( 'NONE', #4111, #560, #3686, .T. ) ;
#2630 = EDGE_LOOP ( 'NONE', ( #150, #3533, #4685, #1614 ) ) ;
#2631 = CARTESIAN_POINT ( 'NONE',  ( -1.077208978762580260, -1.043632083895880136, -1.600033643681100015 ) ) ;
#2632 = DIRECTION ( 'NONE',  ( 0.000000000000000000, 1.000000000000000000, -0.000000000000000000 ) ) ;
#2633 = CARTESIAN_POINT ( 'NONE',  ( -0.6996538146299989824, -0.5875000000000000222, 1.464559731167800027 ) ) ;
#2634 = CARTESIAN_POINT ( 'NONE',  ( 0.8339906231772457046, -0.9230156344380672229, -1.584467930894428056 ) ) ;
#2635 = ORIENTED_EDGE ( 'NONE', *, *, #5991, .T. ) ;
#2636 = ADVANCED_FACE ( 'NONE', ( #2764 ), #4147, .F. ) ;
#2637 = ORIENTED_EDGE ( 'NONE', *, *, #2249, .F. ) ;
#2638 = EDGE_CURVE ( 'NONE', #3249, #4666, #6035, .T. ) ;
#2639 = DIRECTION ( 'NONE',  ( -1.000000000000000000, 0.000000000000000000, -0.000000000000000000 ) ) ;
#2640 = LINE ( 'NONE', #766, #6077 ) ;
#2641 = STYLED_ITEM ( 'NONE', ( #5151 ), #3043 ) ;
#2642 = B_SPLINE_CURVE_WITH_KNOTS ( 'NONE', 3,
 ( #802, #2266, #1298, #4676 ),
 .UNSPECIFIED., .F., .F.,
 ( 4, 4 ),
 ( 0.000000000000000000, 0.7841861325327991183 ),
 .UNSPECIFIED. ) ;
#2643 = DIRECTION ( 'NONE',  ( -0.08758352906168469232, 0.9961571790822474348, 0.000000000000000000 ) ) ;
#2644 = DIRECTION ( 'NONE',  ( 0.000000000000000000, -1.000000000000000000, 0.000000000000000000 ) ) ;
#2645 = EDGE_CURVE ( 'NONE', #1749, #4884, #5633, .T. ) ;
#2646 = EDGE_LOOP ( 'NONE', ( #5236, #5486, #3711, #5987 ) ) ;
#2647 = DIRECTION ( 'NONE',  ( 1.000000000000000000, 0.000000000000000000, 1.224606000000000123E-16 ) ) ;
#2648 = CARTESIAN_POINT ( 'NONE',  ( 1.399999999999999911, -0.9249999999999999334, -1.752467526534499997 ) ) ;
#2649 = VERTEX_POINT ( 'NONE', #2829 ) ;
#2650 = ORIENTED_EDGE ( 'NONE', *, *, #2177, .T. ) ;
#2651 = DIRECTION ( 'NONE',  ( 1.000000000000000000, 0.000000000000000000, 0.000000000000000000 ) ) ;
#2652 = CARTESIAN_POINT ( 'NONE',  ( 1.100346185370000063, -0.03173312393769969764, 0.8969130926894000044 ) ) ;
#2653 = FACE_OUTER_BOUND ( 'NONE', #6022, .T. ) ;
#2654 = CARTESIAN_POINT ( 'NONE',  ( -1.400346185369999885, -1.050000000000000044, -1.599967589430000059 ) ) ;
#2655 = CARTESIAN_POINT ( 'NONE',  ( 1.399999999999999911, -0.6387691941217048530, 1.469948340608704829 ) ) ;
#2656 = EDGE_LOOP ( 'NONE', ( #866, #4722, #5726, #4248 ) ) ;
#2657 = ORIENTED_EDGE ( 'NONE', *, *, #3623, .F. ) ;
#2658 = DIRECTION ( 'NONE',  ( -3.604641231665999851E-48, 1.000000000000000000, 2.943510999999999877E-32 ) ) ;
#2659 = FACE_OUTER_BOUND ( 'NONE', #5702, .T. ) ;
#2660 = CARTESIAN_POINT ( 'NONE',  ( 0.8315034492078576811, -0.9249999999999999334, -1.630020253741661707 ) ) ;
#2661 = EDGE_CURVE ( 'NONE', #5261, #938, #4643, .T. ) ;
#2662 = LINE ( 'NONE', #2187, #4591 ) ;
#2663 = VERTEX_POINT ( 'NONE', #4088 ) ;
#2664 = ORIENTED_EDGE ( 'NONE', *, *, #1786, .F. ) ;
#2665 = LINE ( 'NONE', #702, #2217 ) ;
#2666 = ADVANCED_FACE ( 'NONE', ( #1837 ), #3659, .F. ) ;
#2667 = CARTESIAN_POINT ( 'NONE',  ( 0.3317672660514700000, -0.9249999999999999334, 1.555086564540699934 ) ) ;
#2668 = EDGE_CURVE ( 'NONE', #4008, #5607, #3903, .T. ) ;
#2669 = DIRECTION ( 'NONE',  ( -2.931182673152219510E-23, 0.7071067811865480168, -0.7071067811865470176 ) ) ;
#2670 = ORIENTED_EDGE ( 'NONE', *, *, #2580, .F. ) ;
#2671 = DIRECTION ( 'NONE',  ( -3.604641231665999851E-48, 1.000000000000000000, 2.943510999999999877E-32 ) ) ;
#2672 = ADVANCED_FACE ( 'NONE', ( #2853 ), #957, .F. ) ;
#2673 = FILL_AREA_STYLE ('',( #5402 ) ) ;
#2674 = CARTESIAN_POINT ( 'NONE',  ( -0.8581697333585999177, -1.035255832108370022, -1.625335136751600018 ) ) ;
#2675 = VERTEX_POINT ( 'NONE', #3379 ) ;
#2676 = ORIENTED_EDGE ( 'NONE', *, *, #3737, .T. ) ;
#2677 = LINE ( 'NONE', #4556, #626 ) ;
#2678 = LINE ( 'NONE', #4557, #3389 ) ;
#2679 = DIRECTION ( 'NONE',  ( 0.1039620511844960016, -0.9891328443778539814, -0.1039620511844980000 ) ) ;
#2680 = CARTESIAN_POINT ( 'NONE',  ( 0.8287648975038316435, -0.9800548999656493177, -1.702062612680105058 ) ) ;
#2681 = EDGE_LOOP ( 'NONE', ( #122, #4966, #5384, #1170, #4169 ) ) ;
#2682 = ORIENTED_EDGE ( 'NONE', *, *, #4448, .F. ) ;
#2683 = LINE ( 'NONE', #758, #4376 ) ;
#2684 = LINE ( 'NONE', #1380, #5405 ) ;
#2685 = CARTESIAN_POINT ( 'NONE',  ( 1.399999999999999911, -1.050000000000000044, 1.599967589430000059 ) ) ;
#2686 = CARTESIAN_POINT ( 'NONE',  ( 1.338776564998479968, -0.1392041924772199901, -0.6556797772782434475 ) ) ;
#2687 = B_SPLINE_CURVE_WITH_KNOTS ( 'NONE', 3,
 ( #4618, #376, #4151, #1146, #5300, #3901 ),
 .UNSPECIFIED., .F., .F.,
 ( 4, 2, 4 ),
 ( 0.4289482627141389948, 0.5035016388356088335, 0.5780550149570787832 ),
 .UNSPECIFIED. ) ;
#2688 = ORIENTED_EDGE ( 'NONE', *, *, #1289, .T. ) ;
#2689 = EDGE_LOOP ( 'NONE', ( #3756, #986, #4528, #5501 ) ) ;
#2690 = CARTESIAN_POINT ( 'NONE',  ( 1.100346185370000063, -0.03173312393769969764, -0.8968482715346000056 ) ) ;
#2691 = CARTESIAN_POINT ( 'NONE',  ( 1.200273418901046885, -1.850000000000000089, 0.1587956044300167235 ) ) ;
#2692 = DIRECTION ( 'NONE',  ( -0.7071067811865430208, -0.7044157488815179224, -0.06163158871631210095 ) ) ;
#2693 = VECTOR ( 'NONE', #3558, 1000.000000000000114 ) ;
#2694 = CARTESIAN_POINT ( 'NONE',  ( -1.099653814629999449, 3.579848725887760263, -1.606943542311669804 ) ) ;
#2695 = EDGE_CURVE ( 'NONE', #3811, #2529, #5788, .T. ) ;
#2696 = ORIENTED_EDGE ( 'NONE', *, *, #4229, .F. ) ;
#2697 = DIRECTION ( 'NONE',  ( 0.000000000000000000, -0.6755885476259909650, -0.7372788579069687875 ) ) ;
#2698 = DIRECTION ( 'NONE',  ( 0.000000000000000000, 0.000000000000000000, -1.000000000000000000 ) ) ;
#2699 = AXIS2_PLACEMENT_3D ( 'NONE', #5178, #5603, #891 ) ;
#2700 = FILL_AREA_STYLE_COLOUR ( '', #3984 ) ;
#2701 = ORIENTED_EDGE ( 'NONE', *, *, #3770, .F. ) ;
#2702 = EDGE_LOOP ( 'NONE', ( #1625, #284, #2480, #6007, #3086 ) ) ;
#2703 = EDGE_CURVE ( 'NONE', #5112, #5078, #5214, .T. ) ;
#2704 = VECTOR ( 'NONE', #5229, 1000.000000000000000 ) ;
#2705 = VECTOR ( 'NONE', #3967, 1000.000000000000000 ) ;
#2706 = ADVANCED_FACE ( 'NONE', ( #3447 ), #5722, .F. ) ;
#2707 = CARTESIAN_POINT ( 'NONE',  ( 1.399999999999999911, -0.9249999999999999334, -1.752467526534499997 ) ) ;
#2708 = AXIS2_PLACEMENT_3D ( 'NONE', #6036, #3636, #4090 ) ;
#2709 = CARTESIAN_POINT ( 'NONE',  ( -0.8295980764724216749, -0.9851398261836675774, 1.697512367058539695 ) ) ;
#2710 = EDGE_LOOP ( 'NONE', ( #5973, #4469, #1482, #5354 ) ) ;
#2711 = VECTOR ( 'NONE', #5194, 1000.000000000000114 ) ;
#2712 = AXIS2_PLACEMENT_3D ( 'NONE', #3616, #1189, #5926 ) ;
#2713 = LINE ( 'NONE', #2181, #6045 ) ;
#2714 = ORIENTED_EDGE ( 'NONE', *, *, #614, .F. ) ;
#2715 = AXIS2_PLACEMENT_3D ( 'NONE', #2549, #3011, #704 ) ;
#2716 = ORIENTED_EDGE ( 'NONE', *, *, #3165, .T. ) ;
#2717 = VECTOR ( 'NONE', #3859, 1000.000000000000114 ) ;
#2718 = FACE_OUTER_BOUND ( 'NONE', #1875, .T. ) ;
#2719 = CARTESIAN_POINT ( 'NONE',  ( -0.8454213533042047590, -0.9007822285051194644, 1.605455677846740592 ) ) ;
#2720 = LINE ( 'NONE', #4602, #333 ) ;
#2721 = CARTESIAN_POINT ( 'NONE',  ( -1.400346185369999885, -0.9249999999999999334, -1.499967589430000192 ) ) ;
#2722 = AXIS2_PLACEMENT_3D ( 'NONE', #5962, #1735, #4292 ) ;
#2723 = CARTESIAN_POINT ( 'NONE',  ( 1.400346185369999885, -1.050000000000000044, 1.500032410570000030 ) ) ;
#2724 = AXIS2_PLACEMENT_3D ( 'NONE', #4257, #1350, #2312 ) ;
#2725 = ORIENTED_EDGE ( 'NONE', *, *, #1181, .F. ) ;
#2726 = B_SPLINE_CURVE_WITH_KNOTS ( 'NONE', 3,
 ( #4776, #5772, #5314, #3972 ),
 .UNSPECIFIED., .F., .F.,
 ( 4, 4 ),
 ( 0.000000000000000000, 0.7446287743654607105 ),
 .UNSPECIFIED. ) ;
#2727 = ORIENTED_EDGE ( 'NONE', *, *, #5992, .T. ) ;
#2728 = CARTESIAN_POINT ( 'NONE',  ( -1.399999999999999911, -0.9249999999999999334, 1.500000000000000000 ) ) ;
#2729 = FACE_OUTER_BOUND ( 'NONE', #1879, .T. ) ;
#2730 = FACE_OUTER_BOUND ( 'NONE', #3779, .T. ) ;
#2731 = DIRECTION ( 'NONE',  ( -1.000000000000000000, 0.000000000000000000, -7.390670733445256474E-34 ) ) ;
#2732 = ORIENTED_EDGE ( 'NONE', *, *, #2133, .T. ) ;
#2733 = CARTESIAN_POINT ( 'NONE',  ( 0.8937943415870166497, -0.8500000000000099698, -1.625137634343248871 ) ) ;
#2734 = AXIS2_PLACEMENT_3D ( 'NONE', #1281, #449, #357 ) ;
#2735 = DIRECTION ( 'NONE',  ( 1.067369389455800133E-17, 0.9961943056174379363, -0.08716022863319299041 ) ) ;
#2736 = EDGE_CURVE ( 'NONE', #2243, #1106, #5329, .T. ) ;
#2737 = DIRECTION ( 'NONE',  ( 0.000000000000000000, -0.6755882392188107266, 0.7372791405086861483 ) ) ;
#2738 = VERTEX_POINT ( 'NONE', #3867 ) ;
#2739 = ORIENTED_EDGE ( 'NONE', *, *, #5198, .T. ) ;
#2740 = DIRECTION ( 'NONE',  ( -1.000000000000000000, 0.000000000000000000, -1.584889429448049119E-15 ) ) ;
#2741 = CARTESIAN_POINT ( 'NONE',  ( 0.3324025732157850355, -1.049999094770386998, 1.550793529688060168 ) ) ;
#2742 = EDGE_CURVE ( 'NONE', #2568, #4957, #3302, .T. ) ;
#2743 = ORIENTED_EDGE ( 'NONE', *, *, #1416, .T. ) ;
#2744 = EDGE_CURVE ( 'NONE', #3899, #4059, #2455, .T. ) ;
#2745 = CARTESIAN_POINT ( 'NONE',  ( -1.177755344243549995, -1.050000000000000044, -1.499967590803439998 ) ) ;
#2746 = EDGE_CURVE ( 'NONE', #3153, #405, #6132, .T. ) ;
#2747 = ORIENTED_EDGE ( 'NONE', *, *, #4549, .F. ) ;
#2748 = ORIENTED_EDGE ( 'NONE', *, *, #5042, .F. ) ;
#2749 = PLANE ( 'NONE',  #324 ) ;
#2750 = DIRECTION ( 'NONE',  ( -0.000000000000000000, -0.000000000000000000, 1.000000000000000000 ) ) ;
#2751 = LINE ( 'NONE', #412, #933 ) ;
#2752 = ADVANCED_FACE ( 'NONE', ( #489 ), #4360, .F. ) ;
#2753 = CARTESIAN_POINT ( 'NONE',  ( -1.090570143230609634, -0.4387691941217052305, 1.773879825975039015 ) ) ;
#2754 = DIRECTION ( 'NONE',  ( -1.000000000000000000, 0.000000000000000000, 8.878759775047679252E-34 ) ) ;
#2755 = ORIENTED_EDGE ( 'NONE', *, *, #4161, .T. ) ;
#2756 = ORIENTED_EDGE ( 'NONE', *, *, #2484, .T. ) ;
#2757 = CARTESIAN_POINT ( 'NONE',  ( -1.344589280268804643, -0.2213035475288844811, 1.469948340608704829 ) ) ;
#2758 = CARTESIAN_POINT ( 'NONE',  ( 1.077972718902663773, -0.9249999999999999334, -1.599967589430000059 ) ) ;
#2759 = CARTESIAN_POINT ( 'NONE',  ( 1.399008067331080074, -0.9122686572949599837, -1.498629471391102808 ) ) ;
#2760 = PLANE ( 'NONE',  #4094 ) ;
#2761 = LINE ( 'NONE', #889, #2096 ) ;
#2762 = ORIENTED_EDGE ( 'NONE', *, *, #1487, .T. ) ;
#2763 = CARTESIAN_POINT ( 'NONE',  ( -0.8996538146300200323, -0.8325679542733599448, -1.749206387657999962 ) ) ;
#2764 = FACE_OUTER_BOUND ( 'NONE', #373, .T. ) ;
#2765 = DIRECTION ( 'NONE',  ( -1.000000000000000000, 0.000000000000000000, -1.224606000000000123E-16 ) ) ;
#2766 = ORIENTED_EDGE ( 'NONE', *, *, #5561, .F. ) ;
#2767 = ORIENTED_EDGE ( 'NONE', *, *, #4403, .T. ) ;
#2768 = EDGE_CURVE ( 'NONE', #3362, #5636, #4795, .T. ) ;
#2769 = FACE_OUTER_BOUND ( 'NONE', #2148, .T. ) ;
#2770 = FILL_AREA_STYLE_COLOUR ( '', #2235 ) ;
#2771 = DIRECTION ( 'NONE',  ( -1.219945523824949577E-16, -0.08716022863320797842, 0.9961943056174366040 ) ) ;
#2772 = VERTEX_POINT ( 'NONE', #1931 ) ;
#2773 = LINE ( 'NONE', #1558, #705 ) ;
#2774 = VERTEX_POINT ( 'NONE', #1521 ) ;
#2775 = ADVANCED_FACE ( 'NONE', ( #4760 ), #3419, .F. ) ;
#2776 = DIRECTION ( 'NONE',  ( -1.224606000000000123E-16, 0.000000000000000000, 1.000000000000000000 ) ) ;
#2777 = CARTESIAN_POINT ( 'NONE',  ( 1.077972716566784950, -0.9249999999999999334, -1.599967587083025888 ) ) ;
#2778 = CARTESIAN_POINT ( 'NONE',  ( -1.099653814629999893, -0.1930181182222899805, -1.585441994027900092 ) ) ;
#2779 = FACE_OUTER_BOUND ( 'NONE', #3180, .T. ) ;
#2780 = LINE ( 'NONE', #4203, #2125 ) ;
#2781 = ORIENTED_EDGE ( 'NONE', *, *, #5216, .F. ) ;
#2782 = EDGE_CURVE ( 'NONE', #3579, #48, #5301, .T. ) ;
#2783 = ORIENTED_EDGE ( 'NONE', *, *, #1155, .F. ) ;
#2784 = CARTESIAN_POINT ( 'NONE',  ( 0.8546355072513410756, -0.8903354500379099257, 1.613464173914199939 ) ) ;
#2785 = FACE_OUTER_BOUND ( 'NONE', #4415, .T. ) ;
#2786 = DIRECTION ( 'NONE',  ( -0.7087801582446944249, 0.000000000000000000, -0.7054294346556754247 ) ) ;
#2787 = ORIENTED_EDGE ( 'NONE', *, *, #3654, .T. ) ;
#2788 = CARTESIAN_POINT ( 'NONE',  ( -0.2250075614531600043, -0.8971084386471399608, 1.608609989466800005 ) ) ;
#2789 = CARTESIAN_POINT ( 'NONE',  ( -0.8280412966045369583, -0.9249999999999998224, -1.732366901978439344 ) ) ;
#2790 = ORIENTED_EDGE ( 'NONE', *, *, #3671, .T. ) ;
#2791 = DIRECTION ( 'NONE',  ( -0.08725309389913202263, 0.9923988770027980522, 0.08678344616696535840 ) ) ;
#2792 = VECTOR ( 'NONE', #2345, 1000.000000000000000 ) ;
#2793 = DIRECTION ( 'NONE',  ( -0.000000000000000000, -0.000000000000000000, 1.000000000000000000 ) ) ;
#2794 = CARTESIAN_POINT ( 'NONE',  ( 0.8484325480106309492, -1.022716682374327668, -1.651867486127757356 ) ) ;
#2795 = ORIENTED_EDGE ( 'NONE', *, *, #6109, .F. ) ;
#2796 = ORIENTED_EDGE ( 'NONE', *, *, #3987, .T. ) ;
#2797 = AXIS2_PLACEMENT_3D ( 'NONE', #2942, #486, #1484 ) ;
#2798 = VECTOR ( 'NONE', #6004, 1000.000000000000000 ) ;
#2799 = DIRECTION ( 'NONE',  ( 0.000000000000000000, -1.000000000000000000, 0.000000000000000000 ) ) ;
#2800 = DIRECTION ( 'NONE',  ( 0.000000000000000000, 0.000000000000000000, 1.000000000000000000 ) ) ;
#2801 = LINE ( 'NONE', #5152, #5851 ) ;
#2802 = ORIENTED_EDGE ( 'NONE', *, *, #1726, .T. ) ;
#2803 = LINE ( 'NONE', #846, #606 ) ;
#2804 = VECTOR ( 'NONE', #4813, 1000.000000000000000 ) ;
#2805 = ORIENTED_EDGE ( 'NONE', *, *, #1498, .F. ) ;
#2806 = LINE ( 'NONE', #4653, #3098 ) ;
#2807 = CARTESIAN_POINT ( 'NONE',  ( 1.370262115408682035, 3.579848725887760263, 1.469948340608704829 ) ) ;
#2808 = CARTESIAN_POINT ( 'NONE',  ( -0.8842468920787719400, -0.8479162427859924245, 1.750614079704987391 ) ) ;
#2809 = VECTOR ( 'NONE', #562, 1000.000000000000000 ) ;
#2810 = FACE_OUTER_BOUND ( 'NONE', #3560, .T. ) ;
#2811 = EDGE_CURVE ( 'NONE', #5692, #21, #118, .T. ) ;
#2812 = LINE ( 'NONE', #5651, #40 ) ;
#2813 = EDGE_LOOP ( 'NONE', ( #2490, #5997, #1398, #5441, #5143, #2115, #1235, #453, #2290, #2233 ) ) ;
#2814 = VECTOR ( 'NONE', #1617, 1000.000000000000000 ) ;
#2815 = AXIS2_PLACEMENT_3D ( 'NONE', #754, #1638, #4558 ) ;
#2816 = ORIENTED_EDGE ( 'NONE', *, *, #1658, .F. ) ;
#2817 = CARTESIAN_POINT ( 'NONE',  ( 1.128210277402919903, -1.050000000000000044, -1.549967526534500095 ) ) ;
#2818 = LINE ( 'NONE', #5998, #4097 ) ;
#2819 = VECTOR ( 'NONE', #1427, 1000.000000000000227 ) ;
#2820 = CARTESIAN_POINT ( 'NONE',  ( 0.8261998101319137922, -0.9873712932591386382, 1.669277855269129196 ) ) ;
#2821 = CIRCLE ( 'NONE', #3810, 0.07517010780874895659 ) ;
#2822 = ORIENTED_EDGE ( 'NONE', *, *, #2447, .F. ) ;
#2823 = CARTESIAN_POINT ( 'NONE',  ( 0.8461135486791488969, -0.9007824518310990625, 1.605455743179975414 ) ) ;
#2824 = ADVANCED_FACE ( 'NONE', ( #5666 ), #1435, .F. ) ;
#2825 = DIRECTION ( 'NONE',  ( 0.7071067811865410224, -0.7044157488815208090, 0.06163158871630209507 ) ) ;
#2826 = EDGE_CURVE ( 'NONE', #1279, #4749, #3816, .T. ) ;
#2827 = EDGE_LOOP ( 'NONE', ( #1135, #564, #5233, #1367 ) ) ;
#2828 = PLANE ( 'NONE',  #4371 ) ;
#2829 = CARTESIAN_POINT ( 'NONE',  ( -1.369569744668682976, -0.5365768602669440668, -1.469883519468666355 ) ) ;
#2830 = CARTESIAN_POINT ( 'NONE',  ( -0.3239300043572699850, -0.9592471301520900662, 1.550032410577399933 ) ) ;
#2831 = ORIENTED_EDGE ( 'NONE', *, *, #4129, .F. ) ;
#2832 = CARTESIAN_POINT ( 'NONE',  ( -0.8246353672982800198, -0.9518088554381181066, 1.722173181524730534 ) ) ;
#2833 = CARTESIAN_POINT ( 'NONE',  ( 1.399999999999999911, -0.9249999999999999334, -1.600098464836000156 ) ) ;
#2834 = PLANE ( 'NONE',  #3784 ) ;
#2835 = ORIENTED_EDGE ( 'NONE', *, *, #1957, .T. ) ;
#2836 = CARTESIAN_POINT ( 'NONE',  ( 1.100346185370000063, -0.1243998541965500026, 1.510622781831099992 ) ) ;
#2837 = CARTESIAN_POINT ( 'NONE',  ( 1.200346185370000152, -1.849949999999999983, 3.241057000081484123E-05 ) ) ;
#2838 = CARTESIAN_POINT ( 'NONE',  ( 1.338776564998479968, -0.1392041924772199901, 1.438462790198500096 ) ) ;
#2839 = LINE ( 'NONE', #4720, #627 ) ;
#2840 = LINE ( 'NONE', #3340, #6080 ) ;
#2841 = ORIENTED_EDGE ( 'NONE', *, *, #4400, .T. ) ;
#2842 = ORIENTED_EDGE ( 'NONE', *, *, #5277, .F. ) ;
#2843 = FACE_OUTER_BOUND ( 'NONE', #3369, .T. ) ;
#2844 = CARTESIAN_POINT ( 'NONE',  ( 1.399999999999999911, -1.850000000000000089, -1.430041479749299960 ) ) ;
#2845 = ADVANCED_FACE ( 'NONE', ( #3354 ), #5450, .F. ) ;
#2846 = CARTESIAN_POINT ( 'NONE',  ( -0.8539431365113500094, -0.8785660737170098988, -1.747916963089400033 ) ) ;
#2847 = ORIENTED_EDGE ( 'NONE', *, *, #308, .F. ) ;
#2848 = LINE ( 'NONE', #3749, #5485 ) ;
#2849 = DIRECTION ( 'NONE',  ( -0.07767724310006517141, 0.9969785583975079302, 0.000000000000000000 ) ) ;
#2850 = EDGE_LOOP ( 'NONE', ( #1698, #1002, #6107, #989 ) ) ;
#2851 = CARTESIAN_POINT ( 'NONE',  ( 1.100346185370000063, -0.8500000000000099698, -1.625137634343248871 ) ) ;
#2852 = EDGE_CURVE ( 'NONE', #4472, #4500, #818, .T. ) ;
#2853 = FACE_OUTER_BOUND ( 'NONE', #5442, .T. ) ;
#2854 = EDGE_CURVE ( 'NONE', #4478, #1279, #1656, .T. ) ;
#2855 = CARTESIAN_POINT ( 'NONE',  ( -1.332238369996336935, -0.06542524460388492169, 0.6479901185233083449 ) ) ;
#2856 = VERTEX_POINT ( 'NONE', #360 ) ;
#2857 = VERTEX_POINT ( 'NONE', #2252 ) ;
#2858 = LINE ( 'NONE', #3821, #3507 ) ;
#2859 = DIRECTION ( 'NONE',  ( 1.000000000000000000, 0.000000000000000000, 0.000000000000000000 ) ) ;
#2860 = LINE ( 'NONE', #4742, #3385 ) ;
#2861 = EDGE_LOOP ( 'NONE', ( #2499, #953, #141, #1150, #5541, #5652, #165, #1400, #5011, #4509 ) ) ;
#2862 = EDGE_CURVE ( 'NONE', #5434, #3040, #1588, .T. ) ;
#2863 = CARTESIAN_POINT ( 'NONE',  ( 0.2151530103492109991, -0.9057336855331299397, -1.742045001259900028 ) ) ;
#2864 = CARTESIAN_POINT ( 'NONE',  ( -1.099653814629999449, -0.6387691941217051861, -1.606943542311669804 ) ) ;
#2865 = LINE ( 'NONE', #877, #3615 ) ;
#2866 = DIRECTION ( 'NONE',  ( 0.000000000000000000, 0.000000000000000000, -1.000000000000000000 ) ) ;
#2867 = DIRECTION ( 'NONE',  ( 1.000000000000000000, 0.000000000000000000, 0.000000000000000000 ) ) ;
#2868 = ORIENTED_EDGE ( 'NONE', *, *, #2283, .T. ) ;
#2869 = ORIENTED_EDGE ( 'NONE', *, *, #2595, .F. ) ;
#2870 = CARTESIAN_POINT ( 'NONE',  ( -0.8365189422732837166, -1.014226328510704267, -1.644605039367779575 ) ) ;
#2871 = CARTESIAN_POINT ( 'NONE',  ( 0.8327936663107757820, -0.9249999999999998224, 1.592165470666665028 ) ) ;
#2872 = CARTESIAN_POINT ( 'NONE',  ( -1.177755350074060070, -0.6500000000000000222, -1.499967589430000192 ) ) ;
#2873 = ORIENTED_EDGE ( 'NONE', *, *, #2286, .F. ) ;
#2874 = CARTESIAN_POINT ( 'NONE',  ( 1.100346185370000063, -0.4387691941217052305, 1.669661749200294310 ) ) ;
#2875 = LINE ( 'NONE', #461, #117 ) ;
#2876 = VERTEX_POINT ( 'NONE', #2721 ) ;
#2877 = CYLINDRICAL_SURFACE ( 'NONE', #2198, 0.1000000000000000472 ) ;
#2878 = DIRECTION ( 'NONE',  ( -7.055493693894561243E-15, -0.9961943056174380473, 0.08716022863319200509 ) ) ;
#2879 = CARTESIAN_POINT ( 'NONE',  ( -1.110520964143039357, -1.050000000000000044, -1.566880791988767507 ) ) ;
#2880 = EDGE_CURVE ( 'NONE', #1950, #2126, #3089, .T. ) ;
#2881 = ORIENTED_EDGE ( 'NONE', *, *, #1714, .T. ) ;
#2882 = ORIENTED_EDGE ( 'NONE', *, *, #542, .T. ) ;
#2883 = VECTOR ( 'NONE', #5567, 1000.000000000000000 ) ;
#2884 = LINE ( 'NONE', #1563, #2205 ) ;
#2885 = LINE ( 'NONE', #4767, #820 ) ;
#2886 = ADVANCED_FACE ( 'NONE', ( #4985 ), #3476, .T. ) ;
#2887 = AXIS2_PLACEMENT_3D ( 'NONE', #4791, #4242, #5630 ) ;
#2888 = ADVANCED_FACE ( 'NONE', ( #1314 ), #4026, .F. ) ;
#2889 = ORIENTED_EDGE ( 'NONE', *, *, #3353, .F. ) ;
#2890 = EDGE_CURVE ( 'NONE', #4156, #5289, #3672, .T. ) ;
#2891 =( NAMED_UNIT ( * ) PLANE_ANGLE_UNIT ( ) SI_UNIT ( $, .RADIAN. ) );
#2892 = CARTESIAN_POINT ( 'NONE',  ( 1.169690440891790528, -1.850000000000000089, -0.3124817964226457856 ) ) ;
#2893 = CLOSED_SHELL ( 'NONE', ( #1067, #3462, #4894, #3150, #2752, #2123, #1283, #4053, #5047, #2775, #5383, #3386, #4652, #3953, #3915, #5744, #5939, #987, #5533, #3762, #2223, #2886, #876, #885, #761, #2064, #2636, #538, #468, #1985, #1458, #5273, #1364, #2556, #2021, #473, #585, #1417, #4329, #3352, #3865, #5, #1802, #2672, #4630, #5944, #653, #5435, #268, #491, #1152, #791, #2666, #4895, #228, #5242, #3265, #5015, #5916, #3651, #5700, #3580, #3754, #1988, #3578, #838, #3359, #1878, #6015, #3946, #1662, #2938, #1612, #3382, #3201, #2375, #912, #1105, #4902, #20, #988, #4578, #3684, #1265, #3502, #243, #1101, #3128, #774, #3455, #3549, #1690, #5115, #565, #2275, #3191, #1909, #2259, #716, #6026, #4260, #3316, #868, #1722, #498, #2061, #4897, #2824, #5401, #353, #1684, #4710, #903, #2029, #2479, #602, #1190, #5456, #769, #2170, #4626, #1984, #1262, #3058, #4221, #5758, #5981, #2930, #430, #5721, #2706, #4660, #4514, #2141, #3937, #4463, #925, #10, #2845, #4597, #3183, #4702, #74, #124, #2250, #4659 ) ) ;
#2894 = LINE ( 'NONE', #45, #4369 ) ;
#2895 = PLANE ( 'NONE',  #1428 ) ;
#2896 = VECTOR ( 'NONE', #2944, 1000.000000000000000 ) ;
#2897 = CARTESIAN_POINT ( 'NONE',  ( 1.377832099365027707, -0.6404775229434569450, 1.470127699765110485 ) ) ;
#2898 = ADVANCED_FACE ( 'NONE', ( #2106 ), #5554, .F. ) ;
#2899 = ORIENTED_EDGE ( 'NONE', *, *, #4960, .F. ) ;
#2900 = ORIENTED_EDGE ( 'NONE', *, *, #1498, .T. ) ;
#2901 = VECTOR ( 'NONE', #1982, 1000.000000000000114 ) ;
#2902 = DIRECTION ( 'NONE',  ( 0.000000000000000000, 0.000000000000000000, -1.000000000000000000 ) ) ;
#2903 = DIRECTION ( 'NONE',  ( -0.000000000000000000, -0.9961946980917455452, 0.08715574274765794383 ) ) ;
#2904 = VECTOR ( 'NONE', #4801, 1000.000000000000000 ) ;
#2905 = DIRECTION ( 'NONE',  ( -1.000000000000000000, 0.000000000000000000, -1.224606000000000123E-16 ) ) ;
#2906 = VERTEX_POINT ( 'NONE', #5881 ) ;
#2907 = CARTESIAN_POINT ( 'NONE',  ( -1.077142607443590139, -1.043632083895880136, 1.600098464836000156 ) ) ;
#2908 = AXIS2_PLACEMENT_3D ( 'NONE', #1873, #1013, #6112 ) ;
#2909 = VECTOR ( 'NONE', #5683, 1000.000000000000000 ) ;
#2910 = CARTESIAN_POINT ( 'NONE',  ( 0.8371763764247259765, -1.008137487201235194, 1.676394159606470868 ) ) ;
#2911 = VECTOR ( 'NONE', #4778, 1000.000000000000114 ) ;
#2912 = VERTEX_POINT ( 'NONE', #4455 ) ;
#2913 = DIRECTION ( 'NONE',  ( 0.000000000000000000, 1.000000000000000000, -0.000000000000000000 ) ) ;
#2914 = CARTESIAN_POINT ( 'NONE',  ( 0.7003461853700000406, -0.5875000000000000222, -1.464494910027799968 ) ) ;
#2915 = AXIS2_PLACEMENT_3D ( 'NONE', #2502, #5838, #5348 ) ;
#2916 = DIRECTION ( 'NONE',  ( 0.000000000000000000, -0.6755882392188107266, 0.7372791405086861483 ) ) ;
#2917 = VECTOR ( 'NONE', #4346, 1000.000000000000000 ) ;
#2918 = CARTESIAN_POINT ( 'NONE',  ( 1.400346185369999885, -0.9249999999999999334, -1.499967589430000192 ) ) ;
#2919 = AXIS2_PLACEMENT_3D ( 'NONE', #392, #1389, #947 ) ;
#2920 = VERTEX_POINT ( 'NONE', #3069 ) ;
#2921 = VERTEX_POINT ( 'NONE', #3008 ) ;
#2922 = DIRECTION ( 'NONE',  ( 4.761750528480578935E-23, -0.08716022863320799230, 0.9961943056174367150 ) ) ;
#2923 = EDGE_CURVE ( 'NONE', #3774, #4590, #2077, .T. ) ;
#2924 = CARTESIAN_POINT ( 'NONE',  ( -1.099653814629999893, -0.03173312393769969764, 0.8969130926894000044 ) ) ;
#2925 = DIRECTION ( 'NONE',  ( -0.9969785583975080412, -0.07767724310006518529, 0.000000000000000000 ) ) ;
#2926 = EDGE_LOOP ( 'NONE', ( #6086, #510, #4779, #664 ) ) ;
#2927 = CARTESIAN_POINT ( 'NONE',  ( 0.5003461853700004180, -0.05000000000000000278, 3.241057000114010188E-05 ) ) ;
#2928 = DIRECTION ( 'NONE',  ( -6.921906356928102629E-15, 0.000000000000000000, -1.000000000000000000 ) ) ;
#2929 = EDGE_CURVE ( 'NONE', #788, #151, #2140, .T. ) ;
#2930 = ADVANCED_FACE ( 'NONE', ( #703 ), #4487, .T. ) ;
#2931 = FACE_OUTER_BOUND ( 'NONE', #4598, .T. ) ;
#2932 = EDGE_CURVE ( 'NONE', #4517, #2876, #1854, .T. ) ;
#2933 = CARTESIAN_POINT ( 'NONE',  ( 0.8937943415870166497, -0.8500000000000099698, -1.625137634343248871 ) ) ;
#2934 = ORIENTED_EDGE ( 'NONE', *, *, #1901, .T. ) ;
#2935 = ORIENTED_EDGE ( 'NONE', *, *, #5884, .F. ) ;
#2936 = LINE ( 'NONE', #546, #3505 ) ;
#2937 = CARTESIAN_POINT ( 'NONE',  ( -0.3329615986784160153, -0.9251133823953855417, 1.553404072494183774 ) ) ;
#2938 = ADVANCED_FACE ( 'NONE', ( #2810 ), #451, .T. ) ;
#2939 = DIRECTION ( 'NONE',  ( -3.604641231665999851E-48, 1.000000000000000000, 2.943510999999999877E-32 ) ) ;
#2940 = ORIENTED_EDGE ( 'NONE', *, *, #5804, .T. ) ;
#2941 = CARTESIAN_POINT ( 'NONE',  ( -0.9246538146299999594, -1.050000000000000044, 1.600098464836000156 ) ) ;
#2942 = CARTESIAN_POINT ( 'NONE',  ( -1.329662883809260121, -1.350000000000000089, -0.9299766586093038967 ) ) ;
#2943 = VERTEX_POINT ( 'NONE', #505 ) ;
#2944 = DIRECTION ( 'NONE',  ( 0.000000000000000000, -1.000000000000000000, 0.000000000000000000 ) ) ;
#2945 = CARTESIAN_POINT ( 'NONE',  ( -0.8370963909408142278, -1.004403273342787006, 1.677369603743315452 ) ) ;
#2946 = CARTESIAN_POINT ( 'NONE',  ( 1.324736203001076751, 0.04100225287148224346, 0.6368041377899202882 ) ) ;
#2947 = DIRECTION ( 'NONE',  ( 0.7087801582446935367, 0.000000000000000000, 0.7054294346556764239 ) ) ;
#2948 = ORIENTED_EDGE ( 'NONE', *, *, #4954, .T. ) ;
#2949 = ORIENTED_EDGE ( 'NONE', *, *, #2580, .T. ) ;
#2950 = CARTESIAN_POINT ( 'NONE',  ( 0.9003461853700099882, -0.8325679542733599448, 1.749271208812799960 ) ) ;
#2951 = LINE ( 'NONE', #4829, #4280 ) ;
#2952 = CARTESIAN_POINT ( 'NONE',  ( 1.338776564998479968, -0.3392041924772200012, 1.438462790198500096 ) ) ;
#2953 = ORIENTED_EDGE ( 'NONE', *, *, #2398, .F. ) ;
#2954 =( LENGTH_UNIT ( ) NAMED_UNIT ( * ) SI_UNIT ( .MILLI., .METRE. ) );
#2955 = LINE ( 'NONE', #4745, #4014 ) ;
#2956 = CARTESIAN_POINT ( 'NONE',  ( 1.178447708059189969, -0.9249999999999999334, 1.499967590878610091 ) ) ;
#2957 = CARTESIAN_POINT ( 'NONE',  ( -1.099653814629999893, -0.4333290931498899878, -1.731774341931300087 ) ) ;
#2958 = LINE ( 'NONE', #3493, #241 ) ;
#2959 = VERTEX_POINT ( 'NONE', #2406 ) ;
#2960 = EDGE_CURVE ( 'NONE', #1749, #4472, #1447, .T. ) ;
#2961 = VERTEX_POINT ( 'NONE', #46 ) ;
#2962 = DIRECTION ( 'NONE',  ( -1.000000000000000000, 0.000000000000000000, -1.224606000000000123E-16 ) ) ;
#2963 = CARTESIAN_POINT ( 'NONE',  ( -1.341316622048312590, -0.1800000000000000211, 0.6600324105699999500 ) ) ;
#2964 = DIRECTION ( 'NONE',  ( -1.067369389455800133E-17, -0.9961943056174379363, 0.08716022863319299041 ) ) ;
#2965 = ORIENTED_EDGE ( 'NONE', *, *, #2551, .F. ) ;
#2966 = CARTESIAN_POINT ( 'NONE',  ( 1.100346185370000063, -0.1243998541965500026, 1.510622781831099992 ) ) ;
#2967 = ORIENTED_EDGE ( 'NONE', *, *, #3551, .T. ) ;
#2968 = EDGE_CURVE ( 'NONE', #3949, #4407, #2839, .T. ) ;
#2969 = ORIENTED_EDGE ( 'NONE', *, *, #5493, .F. ) ;
#2970 = EDGE_CURVE ( 'NONE', #2876, #4809, #11, .T. ) ;
#2971 = CARTESIAN_POINT ( 'NONE',  ( 1.400346185369999885, -0.9249999999999999334, 1.599967589430000059 ) ) ;
#2972 = DIRECTION ( 'NONE',  ( 0.000000000000000000, 0.000000000000000000, -1.000000000000000000 ) ) ;
#2973 = CARTESIAN_POINT ( 'NONE',  ( -1.321187035419020495, 0.07405138027360988473, 1.416048726308380301 ) ) ;
#2974 = CARTESIAN_POINT ( 'NONE',  ( 1.100346185370000063, -0.4333290931498899878, -1.731774341931300087 ) ) ;
#2975 = CARTESIAN_POINT ( 'NONE',  ( -1.127449041952520048, -1.050000000000000044, 1.550032347689399792 ) ) ;
#2976 = ADVANCED_FACE ( 'NONE', ( #2779 ), #4233, .F. ) ;
#2977 = VERTEX_POINT ( 'NONE', #5649 ) ;
#2978 = VERTEX_POINT ( 'NONE', #1820 ) ;
#2979 = CARTESIAN_POINT ( 'NONE',  ( 0.7003461853700000406, -1.450000000000000178, -1.464972124019600086 ) ) ;
#2980 = DIRECTION ( 'NONE',  ( 1.219945523824950070E-16, -0.08716022863319299041, -0.9961943056174379363 ) ) ;
#2981 = LINE ( 'NONE', #712, #1519 ) ;
#2982 = VERTEX_POINT ( 'NONE', #5620 ) ;
#2983 = DIRECTION ( 'NONE',  ( -2.753745383665969108E-14, 0.000000000000000000, 1.000000000000000000 ) ) ;
#2984 =( LENGTH_UNIT ( ) NAMED_UNIT ( * ) SI_UNIT ( .MILLI., .METRE. ) );
#2985 = CARTESIAN_POINT ( 'NONE',  ( -1.364181135227829911, -0.5875000000000000222, -0.7499675894300009693 ) ) ;
#2986 = DIRECTION ( 'NONE',  ( -1.000000000000000000, 0.000000000000000000, -1.224606000000000123E-16 ) ) ;
#2987 = AXIS2_PLACEMENT_3D ( 'NONE', #2550, #300, #4143 ) ;
#2988 = LINE ( 'NONE', #5375, #2332 ) ;
#2989 = ORIENTED_EDGE ( 'NONE', *, *, #4983, .T. ) ;
#2990 = CIRCLE ( 'NONE', #1506, 0.09999999999999993616 ) ;
#2991 = ORIENTED_EDGE ( 'NONE', *, *, #3718, .F. ) ;
#2992 = CARTESIAN_POINT ( 'NONE',  ( -1.099653814629999893, -0.4442092950935300211, 1.607484335314399937 ) ) ;
#2993 = CARTESIAN_POINT ( 'NONE',  ( 0.3324025732157850355, -1.049999094770386998, 1.550793529688060168 ) ) ;
#2994 = CARTESIAN_POINT ( 'NONE',  ( -1.099653814629999893, -0.1821379162786600225, 1.709861642954599859 ) ) ;
#2995 = VECTOR ( 'NONE', #1626, 1000.000000000000000 ) ;
#2996 = EDGE_CURVE ( 'NONE', #3210, #1476, #3706, .T. ) ;
#2997 = VERTEX_POINT ( 'NONE', #5225 ) ;
#2998 = PLANE ( 'NONE',  #2119 ) ;
#2999 = EDGE_LOOP ( 'NONE', ( #4507, #5602, #4847, #1387 ) ) ;
#3000 = VECTOR ( 'NONE', #265, 999.9999999999998863 ) ;
#3001 = VECTOR ( 'NONE', #3229, 1000.000000000000000 ) ;
#3002 = ORIENTED_EDGE ( 'NONE', *, *, #2085, .T. ) ;
#3003 = LINE ( 'NONE', #3378, #711 ) ;
#3004 = VECTOR ( 'NONE', #3380, 1000.000000000000000 ) ;
#3005 = CARTESIAN_POINT ( 'NONE',  ( -1.077972718902663773, -0.9249999999999999334, -1.599967589430000281 ) ) ;
#3006 = EDGE_CURVE ( 'NONE', #3234, #2959, #1022, .T. ) ;
#3007 = EDGE_CURVE ( 'NONE', #5084, #1633, #1383, .T. ) ;
#3008 = CARTESIAN_POINT ( 'NONE',  ( -0.3239300043572699850, -1.023642306690990100, 1.614427587116299856 ) ) ;
#3009 = AXIS2_PLACEMENT_3D ( 'NONE', #5543, #1302, #2740 ) ;
#3010 = VECTOR ( 'NONE', #612, 1000.000000000000000 ) ;
#3011 = DIRECTION ( 'NONE',  ( 1.392929143849437388E-14, -0.000000000000000000, 1.000000000000000000 ) ) ;
#3012 = EDGE_CURVE ( 'NONE', #4008, #5905, #1474, .T. ) ;
#3013 = LINE ( 'NONE', #213, #1707 ) ;
#3014 = ORIENTED_EDGE ( 'NONE', *, *, #3225, .F. ) ;
#3015 = EDGE_LOOP ( 'NONE', ( #307, #4000, #1642, #2154, #5775, #1316, #2616, #5940, #5825, #6, #3729 ) ) ;
#3016 = AXIS2_PLACEMENT_3D ( 'NONE', #3777, #2069, #5781 ) ;
#3017 = CARTESIAN_POINT ( 'NONE',  ( 0.3148920384212262058, -0.9881646356626025973, -1.694631269487904657 ) ) ;
#3018 = CIRCLE ( 'NONE', #534, 0.5000000000000000000 ) ;
#3019 = EDGE_CURVE ( 'NONE', #2469, #1089, #3310, .T. ) ;
#3020 = DIRECTION ( 'NONE',  ( -0.7071067811865470176, -0.7044157488815149248, 0.06163158871629990931 ) ) ;
#3021 = PLANE ( 'NONE',  #5377 ) ;
#3022 = VECTOR ( 'NONE', #4752, 1000.000000000000000 ) ;
#3023 = ORIENTED_EDGE ( 'NONE', *, *, #3907, .T. ) ;
#3024 = ORIENTED_EDGE ( 'NONE', *, *, #2585, .F. ) ;
#3025 = DIRECTION ( 'NONE',  ( 3.604641231665999851E-48, -1.000000000000000000, -2.943510999999999877E-32 ) ) ;
#3026 = CARTESIAN_POINT ( 'NONE',  ( 1.343064377150209765, -0.1800000000000000211, 0.6600324105699999500 ) ) ;
#3027 = DIRECTION ( 'NONE',  ( 0.000000000000000000, 0.000000000000000000, 1.000000000000000000 ) ) ;
#3028 = FACE_OUTER_BOUND ( 'NONE', #1139, .T. ) ;
#3029 = DIRECTION ( 'NONE',  ( 0.9999999999999967804, 5.582079999999981440E-16, -7.904860487753914471E-08 ) ) ;
#3030 = ORIENTED_EDGE ( 'NONE', *, *, #1911, .T. ) ;
#3031 = VECTOR ( 'NONE', #5895, 1000.000000000000000 ) ;
#3032 = EDGE_LOOP ( 'NONE', ( #1850, #167, #1361 ) ) ;
#3033 = FACE_OUTER_BOUND ( 'NONE', #944, .T. ) ;
#3034 = CARTESIAN_POINT ( 'NONE',  ( -0.8284322128885229786, -0.9425576230643689657, -1.727262366719550135 ) ) ;
#3035 = CARTESIAN_POINT ( 'NONE',  ( -0.9246538146299999594, -0.9249999999999999334, -1.700033643681099882 ) ) ;
#3036 = EDGE_LOOP ( 'NONE', ( #1718, #4218, #2274, #3664 ) ) ;
#3037 = DIRECTION ( 'NONE',  ( 1.000000000000000000, 0.000000000000000000, 1.224606000000000123E-16 ) ) ;
#3038 = ORIENTED_EDGE ( 'NONE', *, *, #1448, .F. ) ;
#3039 = EDGE_CURVE ( 'NONE', #3577, #4480, #1913, .T. ) ;
#3040 = VERTEX_POINT ( 'NONE', #2280 ) ;
#3041 = DIRECTION ( 'NONE',  ( 0.000000000000000000, 0.000000000000000000, 1.000000000000000000 ) ) ;
#3042 = CARTESIAN_POINT ( 'NONE',  ( -0.3148469896508999666, -0.9249999999999999334, -1.499967589430000192 ) ) ;
#3043 = ADVANCED_BREP_SHAPE_REPRESENTATION ( 'resized_LED', ( #4575, #304, #499, #4501, #471, #2536, #4513, #254 ), #5104 ) ;
#3044 = CARTESIAN_POINT ( 'NONE',  ( -0.9246538146299999594, -1.050000000000000044, -1.700033643681099882 ) ) ;
#3045 = DIRECTION ( 'NONE',  ( 0.7071067811865480168, 0.7044157488815139256, -0.06163158871629990931 ) ) ;
#3046 = EDGE_CURVE ( 'NONE', #4945, #3710, #1412, .T. ) ;
#3047 = ORIENTED_EDGE ( 'NONE', *, *, #726, .F. ) ;
#3048 = DIRECTION ( 'NONE',  ( -3.604641231665999851E-48, 1.000000000000000000, 2.943510999999999877E-32 ) ) ;
#3049 = ORIENTED_EDGE ( 'NONE', *, *, #4409, .T. ) ;
#3050 = VERTEX_POINT ( 'NONE', #3275 ) ;
#3051 = EDGE_CURVE ( 'NONE', #5556, #97, #4781, .T. ) ;
#3052 = LINE ( 'NONE', #5923, #1020 ) ;
#3053 = DIRECTION ( 'NONE',  ( -0.1039620511844960016, 0.9891328443778539814, -0.1039620511844980000 ) ) ;
#3054 = CARTESIAN_POINT ( 'NONE',  ( -1.399653814629999937, -1.050000000000000044, 1.500032410570000030 ) ) ;
#3055 = CARTESIAN_POINT ( 'NONE',  ( 1.400346185369999885, -0.9249999999999999334, 1.599967589430000059 ) ) ;
#3056 = CARTESIAN_POINT ( 'NONE',  ( 1.077972718902663773, -1.050000000000000044, -1.599967589430000059 ) ) ;
#3057 = ORIENTED_EDGE ( 'NONE', *, *, #1066, .F. ) ;
#3058 = ADVANCED_FACE ( 'NONE', ( #5131 ), #4318, .F. ) ;
#3059 = VERTEX_POINT ( 'NONE', #1970 ) ;
#3060 = CARTESIAN_POINT ( 'NONE',  ( 0.8372113130132844416, -1.014226328510703601, -1.644605039367780019 ) ) ;
#3061 = CARTESIAN_POINT ( 'NONE',  ( -1.344589280268804643, -0.2213035475288844811, -1.469948340608704829 ) ) ;
#3062 = LINE ( 'NONE', #4475, #4092 ) ;
#3063 = ORIENTED_EDGE ( 'NONE', *, *, #5054, .T. ) ;
#3064 = CARTESIAN_POINT ( 'NONE',  ( -1.360525053204891144, -0.4224256661643469024, -1.447234216621470226 ) ) ;
#3065 = ORIENTED_EDGE ( 'NONE', *, *, #5601, .T. ) ;
#3066 = PRODUCT_DEFINITION_CONTEXT ( 'detailed design', #1401, 'design' ) ;
#3067 = EDGE_LOOP ( 'NONE', ( #5777, #5855, #2696, #4908, #1893 ) ) ;
#3068 = CARTESIAN_POINT ( 'NONE',  ( 1.048178352972613192, -1.850000000000000089, 0.6059027482093729544 ) ) ;
#3069 = CARTESIAN_POINT ( 'NONE',  ( 1.094885301944795275, -0.4387691941217087832, 1.732315134934082845 ) ) ;
#3070 = LINE ( 'NONE', #1359, #5774 ) ;
#3071 = CARTESIAN_POINT ( 'NONE',  ( -0.2971786224989639291, -0.8499973106150077173, -1.625155594456942021 ) ) ;
#3072 = ORIENTED_EDGE ( 'NONE', *, *, #1797, .T. ) ;
#3073 = LINE ( 'NONE', #708, #1713 ) ;
#3074 = SURFACE_STYLE_FILL_AREA ( #2673 ) ;
#3075 = EDGE_CURVE ( 'NONE', #1432, #2093, #139, .T. ) ;
#3076 = ORIENTED_EDGE ( 'NONE', *, *, #5576, .F. ) ;
#3077 = ORIENTED_EDGE ( 'NONE', *, *, #5198, .F. ) ;
#3078 = APPLICATION_PROTOCOL_DEFINITION ( 'draft international standard', 'automotive_design', 1998, #1081 ) ;
#3079 = LINE ( 'NONE', #3054, #315 ) ;
#3080 = ADVANCED_FACE ( 'NONE', ( #2931 ), #2034, .F. ) ;
#3081 = DIRECTION ( 'NONE',  ( 1.000000000000000000, 0.000000000000000000, 0.000000000000000000 ) ) ;
#3082 = EDGE_CURVE ( 'NONE', #5078, #4884, #4807, .T. ) ;
#3083 = CARTESIAN_POINT ( 'NONE',  ( 1.077906346199869914, -1.043632083895880136, -1.600033643681100015 ) ) ;
#3084 = EDGE_CURVE ( 'NONE', #2959, #3667, #3918, .T. ) ;
#3085 = EDGE_LOOP ( 'NONE', ( #3934, #2070, #6110, #3014 ) ) ;
#3086 = ORIENTED_EDGE ( 'NONE', *, *, #1493, .F. ) ;
#3087 = LINE ( 'NONE', #4562, #2411 ) ;
#3088 = DIRECTION ( 'NONE',  ( -0.07898675866492370357, -0.9968756652439707544, 0.000000000000000000 ) ) ;
#3089 =( BOUNDED_CURVE ( )  B_SPLINE_CURVE ( 3, ( #4134, #246, #4919, #210 ),
 .UNSPECIFIED., .F., .T. ) 
 B_SPLINE_CURVE_WITH_KNOTS ( ( 4, 4 ),
 ( 1.570797163404062724, 1.638084148634020965 ),
 .UNSPECIFIED. ) 
 CURVE ( )  GEOMETRIC_REPRESENTATION_ITEM ( )  RATIONAL_B_SPLINE_CURVE ( ( 1.000000000000000000, 0.9996227407213995608, 0.9996227407213995608, 1.000000000000000000 ) ) 
 REPRESENTATION_ITEM ( '' )  );
#3090 = DIRECTION ( 'NONE',  ( 6.409092603087733587E-18, -0.9986295347545725010, -0.05233595624296903670 ) ) ;
#3091 = EDGE_CURVE ( 'NONE', #21, #3662, #2128, .T. ) ;
#3092 = CARTESIAN_POINT ( 'NONE',  ( -1.077972718902663773, -1.050000000000000044, 1.599967589430000281 ) ) ;
#3093 = ORIENTED_EDGE ( 'NONE', *, *, #2405, .F. ) ;
#3094 = ORIENTED_EDGE ( 'NONE', *, *, #1255, .F. ) ;
#3095 = VECTOR ( 'NONE', #3102, 1000.000000000000000 ) ;
#3096 = CARTESIAN_POINT ( 'NONE',  ( -1.399999999999999911, -1.050000000000000044, 1.500000000000000222 ) ) ;
#3097 = DIRECTION ( 'NONE',  ( 0.000000000000000000, -0.9945335959437037188, -0.1044170797297347131 ) ) ;
#3098 = VECTOR ( 'NONE', #873, 1000.000000000000000 ) ;
#3099 = LINE ( 'NONE', #1083, #1104 ) ;
#3100 = PRESENTATION_LAYER_ASSIGNMENT (  '', '', ( #5761 ) ) ;
#3101 = ORIENTED_EDGE ( 'NONE', *, *, #5266, .T. ) ;
#3102 = DIRECTION ( 'NONE',  ( -5.163162771627929810E-16, -6.516321735095049685E-15, -1.000000000000000000 ) ) ;
#3103 = STYLED_ITEM ( 'NONE', ( #5310 ), #4501 ) ;
#3104 = AXIS2_PLACEMENT_3D ( 'NONE', #5145, #5604, #2424 ) ;
#3105 = LINE ( 'NONE', #2197, #4576 ) ;
#3106 = EDGE_LOOP ( 'NONE', ( #1596, #1343, #1918, #2263 ) ) ;
#3107 = VECTOR ( 'NONE', #1357, 1000.000000000000000 ) ;
#3108 = VECTOR ( 'NONE', #3785, 1000.000000000000000 ) ;
#3109 = VERTEX_POINT ( 'NONE', #2535 ) ;
#3110 = ADVANCED_FACE ( 'NONE', ( #1502 ), #2895, .F. ) ;
#3111 = PRESENTATION_STYLE_ASSIGNMENT (( #717 ) ) ;
#3112 = DIRECTION ( 'NONE',  ( -3.604641231665999851E-48, 1.000000000000000000, 2.943510999999999877E-32 ) ) ;
#3113 = CARTESIAN_POINT ( 'NONE',  ( 1.100346185370000063, -0.8500000000000099698, 1.550032347689399792 ) ) ;
#3114 = VECTOR ( 'NONE', #576, 1000.000000000000000 ) ;
#3115 = CARTESIAN_POINT ( 'NONE',  ( 1.100346185370000063, -0.6325679542733499972, -1.749206387657999962 ) ) ;
#3116 = DIRECTION ( 'NONE',  ( 1.000000000000000000, 0.000000000000000000, 0.000000000000000000 ) ) ;
#3117 = VECTOR ( 'NONE', #634, 1000.000000000000114 ) ;
#3118 = VERTEX_POINT ( 'NONE', #5282 ) ;
#3119 = EDGE_CURVE ( 'NONE', #4938, #48, #4905, .T. ) ;
#3120 = ORIENTED_EDGE ( 'NONE', *, *, #5170, .T. ) ;
#3121 = CARTESIAN_POINT ( 'NONE',  ( -1.094192931204805763, 3.579848725887760263, 1.732315134934079515 ) ) ;
#3122 = DIRECTION ( 'NONE',  ( -0.000000000000000000, 0.2077723112028859176, 0.9781772164068284203 ) ) ;
#3123 = CARTESIAN_POINT ( 'NONE',  ( -1.099653814629999893, -0.3930181182222899916, -1.585441994027900092 ) ) ;
#3124 = EDGE_CURVE ( 'NONE', #5607, #4274, #5341, .T. ) ;
#3125 = PLANE ( 'NONE',  #5972 ) ;
#3126 = ORIENTED_EDGE ( 'NONE', *, *, #5645, .F. ) ;
#3127 =( BOUNDED_CURVE ( )  B_SPLINE_CURVE ( 3, ( #2415, #2820, #1892, #54 ),
 .UNSPECIFIED., .F., .T. ) 
 B_SPLINE_CURVE_WITH_KNOTS ( ( 4, 4 ),
 ( 4.741447716381870237, 5.555904615776340094 ),
 .UNSPECIFIED. ) 
 CURVE ( )  GEOMETRIC_REPRESENTATION_ITEM ( )  RATIONAL_B_SPLINE_CURVE ( ( 1.000000000000000000, 0.9454813765202905174, 0.9454813765202905174, 1.000000000000000000 ) ) 
 REPRESENTATION_ITEM ( '' )  );
#3128 = ADVANCED_FACE ( 'NONE', ( #5372 ), #3883, .F. ) ;
#3129 = ORIENTED_EDGE ( 'NONE', *, *, #4409, .F. ) ;
#3130 = PLANE ( 'NONE',  #1313 ) ;
#3131 = CARTESIAN_POINT ( 'NONE',  ( 0.8253461853700010398, -0.9439516360668459560, -1.689355456107277442 ) ) ;
#3132 =( NAMED_UNIT ( * ) PLANE_ANGLE_UNIT ( ) SI_UNIT ( $, .RADIAN. ) );
#3133 = CARTESIAN_POINT ( 'NONE',  ( -1.177622607443590041, -1.050000000000000044, 1.500098464836000067 ) ) ;
#3134 = EDGE_CURVE ( 'NONE', #397, #3118, #3396, .T. ) ;
#3135 = ORIENTED_EDGE ( 'NONE', *, *, #1382, .F. ) ;
#3136 = DIRECTION ( 'NONE',  ( -1.000000000000000000, -1.112647000000040018E-34, 1.670477943807620142E-50 ) ) ;
#3137 = DIRECTION ( 'NONE',  ( 0.7087977427067079228, 2.076387293423569518E-32, -0.7054117662286868429 ) ) ;
#3138 = DIRECTION ( 'NONE',  ( 1.219945523824950070E-16, -0.08716022863319299041, -0.9961943056174379363 ) ) ;
#3139 = ORIENTED_EDGE ( 'NONE', *, *, #5724, .F. ) ;
#3140 = ORIENTED_EDGE ( 'NONE', *, *, #2203, .F. ) ;
#3141 = CARTESIAN_POINT ( 'NONE',  ( -1.099653814629999893, -0.1243998541965500026, 1.510622781831099992 ) ) ;
#3142 = CYLINDRICAL_SURFACE ( 'NONE', #2302, 0.07517010780874902598 ) ;
#3143 = DIRECTION ( 'NONE',  ( 0.000000000000000000, 1.000000000000000000, 0.000000000000000000 ) ) ;
#3144 = CARTESIAN_POINT ( 'NONE',  ( -1.373623581428472518, -1.350000000000000089, -1.752467526534499997 ) ) ;
#3145 = ORIENTED_EDGE ( 'NONE', *, *, #359, .T. ) ;
#3146 = ORIENTED_EDGE ( 'NONE', *, *, #4101, .T. ) ;
#3147 = CARTESIAN_POINT ( 'NONE',  ( 1.338776564998479968, -0.3392041924772200012, -1.438397969058500037 ) ) ;
#3148 = CARTESIAN_POINT ( 'NONE',  ( -0.8539431365113500094, -0.8903354500379199177, 1.613464173914199939 ) ) ;
#3149 = DIRECTION ( 'NONE',  ( 1.000000000000000000, 1.165135276964198079E-15, 0.000000000000000000 ) ) ;
#3150 = ADVANCED_FACE ( 'NONE', ( #3028 ), #4866, .F. ) ;
#3151 = DIRECTION ( 'NONE',  ( 0.08683102911525397705, 0.000000000000000000, 0.9962230535290707012 ) ) ;
#3152 = ORIENTED_EDGE ( 'NONE', *, *, #1111, .T. ) ;
#3153 = VERTEX_POINT ( 'NONE', #101 ) ;
#3154 = DIRECTION ( 'NONE',  ( 0.08682659386424800008, 0.9924325091389669673, -0.08682659386424800008 ) ) ;
#3155 = DIRECTION ( 'NONE',  ( 0.000000000000000000, -1.000000000000000000, 0.000000000000000000 ) ) ;
#3156 = EDGE_CURVE ( 'NONE', #2649, #3710, #1130, .T. ) ;
#3157 = FACE_OUTER_BOUND ( 'NONE', #4145, .T. ) ;
#3158 =( BOUNDED_CURVE ( )  B_SPLINE_CURVE ( 3, ( #5449, #3131, #366, #1740 ),
 .UNSPECIFIED., .F., .T. ) 
 B_SPLINE_CURVE_WITH_KNOTS ( ( 4, 4 ),
 ( 4.712388980384689674, 5.031374718953307124 ),
 .UNSPECIFIED. ) 
 CURVE ( )  GEOMETRIC_REPRESENTATION_ITEM ( )  RATIONAL_B_SPLINE_CURVE ( ( 1.000000000000000000, 0.9915386343866543495, 0.9915386343866543495, 1.000000000000000000 ) ) 
 REPRESENTATION_ITEM ( '' )  );
#3159 = DIRECTION ( 'NONE',  ( 0.07855673849245517482, 0.9914484689297577980, -0.1042054331321885380 ) ) ;
#3160 = EDGE_CURVE ( 'NONE', #3782, #2020, #2726, .T. ) ;
#3161 = VERTEX_POINT ( 'NONE', #1063 ) ;
#3162 = DIRECTION ( 'NONE',  ( -1.000000000000000000, 0.000000000000000000, -1.224606000000000123E-16 ) ) ;
#3163 = CARTESIAN_POINT ( 'NONE',  ( -1.099653814629999893, -0.6442092950935299767, 1.607484335314399937 ) ) ;
#3164 = FACE_OUTER_BOUND ( 'NONE', #4060, .T. ) ;
#3165 = EDGE_CURVE ( 'NONE', #788, #4606, #196, .T. ) ;
#3166 = VERTEX_POINT ( 'NONE', #2438 ) ;
#3167 = ORIENTED_EDGE ( 'NONE', *, *, #3728, .T. ) ;
#3168 = PLANE ( 'NONE',  #3009 ) ;
#3169 = CARTESIAN_POINT ( 'NONE',  ( 0.2345506737926903174, -0.8971378304216224286, 1.608586352451731427 ) ) ;
#3170 = ORIENTED_EDGE ( 'NONE', *, *, #1408, .F. ) ;
#3171 = DIRECTION ( 'NONE',  ( -3.604641231665999851E-48, 1.000000000000000000, 2.943510999999999877E-32 ) ) ;
#3172 = VERTEX_POINT ( 'NONE', #1036 ) ;
#3173 = ORIENTED_EDGE ( 'NONE', *, *, #3576, .T. ) ;
#3174 = DIRECTION ( 'NONE',  ( 2.390186279962339260E-16, -0.05233595624296796811, 0.9986295347545725010 ) ) ;
#3175 = LINE ( 'NONE', #3704, #3912 ) ;
#3176 = CARTESIAN_POINT ( 'NONE',  ( -0.3197642110564300477, -1.027301870048650034, 1.642574483374899863 ) ) ;
#3177 = CARTESIAN_POINT ( 'NONE',  ( -0.2996275232944322631, -0.9477452936985731879, -1.725382630921237226 ) ) ;
#3178 = EDGE_LOOP ( 'NONE', ( #5719, #1485, #3539 ) ) ;
#3179 = VECTOR ( 'NONE', #755, 1000.000000000000000 ) ;
#3180 = EDGE_LOOP ( 'NONE', ( #1685, #666, #5267, #5297 ) ) ;
#3181 = DIRECTION ( 'NONE',  ( -3.604641231665999851E-48, 1.000000000000000000, 2.943510999999999877E-32 ) ) ;
#3182 = DIRECTION ( 'NONE',  ( -0.08683102911525177048, 0.000000000000000000, -0.9962230535290709232 ) ) ;
#3183 = ADVANCED_FACE ( 'NONE', ( #4935 ), #4532, .F. ) ;
#3184 = CARTESIAN_POINT ( 'NONE',  ( 0.6062722160537574734, -1.849999999999999867, 1.047999033075189157 ) ) ;
#3185 = DIRECTION ( 'NONE',  ( -5.163162771627929810E-16, 0.000000000000000000, -1.000000000000000000 ) ) ;
#3186 = AXIS2_PLACEMENT_3D ( 'NONE', #4224, #936, #5612 ) ;
#3187 = CARTESIAN_POINT ( 'NONE',  ( -0.8279720751957500013, -0.9249999999999999334, -1.735372488711899974 ) ) ;
#3188 = ORIENTED_EDGE ( 'NONE', *, *, #1456, .F. ) ;
#3189 = CARTESIAN_POINT ( 'NONE',  ( -0.8296984163793900136, -0.9249999999999999334, -1.668673281070500058 ) ) ;
#3190 = EDGE_CURVE ( 'NONE', #4981, #938, #4467, .T. ) ;
#3191 = ADVANCED_FACE ( 'NONE', ( #4040 ), #4099, .T. ) ;
#3192 = DIRECTION ( 'NONE',  ( -4.761750516187730387E-23, -0.08716022863319299041, -0.9961943056174379363 ) ) ;
#3193 = EDGE_CURVE ( 'NONE', #5996, #3435, #2152, .T. ) ;
#3194 = VECTOR ( 'NONE', #2548, 1000.000000000000000 ) ;
#3195 = FACE_OUTER_BOUND ( 'NONE', #250, .T. ) ;
#3196 = VERTEX_POINT ( 'NONE', #3584 ) ;
#3197 = VECTOR ( 'NONE', #1682, 1000.000000000000000 ) ;
#3198 = EDGE_LOOP ( 'NONE', ( #5729, #4827, #5469, #2080, #445 ) ) ;
#3199 = VECTOR ( 'NONE', #4969, 1000.000000000000114 ) ;
#3200 = VECTOR ( 'NONE', #3192, 1000.000000000000227 ) ;
#3201 = ADVANCED_FACE ( 'NONE', ( #1695 ), #1217, .F. ) ;
#3202 =( NAMED_UNIT ( * ) SI_UNIT ( $, .STERADIAN. ) SOLID_ANGLE_UNIT ( ) );
#3203 = DIRECTION ( 'NONE',  ( 1.000000000000000000, 0.000000000000000000, 0.000000000000000000 ) ) ;
#3204 = CARTESIAN_POINT ( 'NONE',  ( 0.3188188903998199764, -1.027301870048620058, 1.642574483375000005 ) ) ;
#3205 = VERTEX_POINT ( 'NONE', #2654 ) ;
#3206 = CIRCLE ( 'NONE', #1317, 0.5000000000000000000 ) ;
#3207 = AXIS2_PLACEMENT_3D ( 'NONE', #3932, #3569, #3543 ) ;
#3208 = PLANE ( 'NONE',  #1295 ) ;
#3209 = ORIENTED_EDGE ( 'NONE', *, *, #2361, .F. ) ;
#3210 = VERTEX_POINT ( 'NONE', #287 ) ;
#3211 = AXIS2_PLACEMENT_3D ( 'NONE', #3035, #669, #4447 ) ;
#3212 = DIRECTION ( 'NONE',  ( -1.000000000000000000, 0.000000000000000000, -1.224606000000000123E-16 ) ) ;
#3213 = FACE_OUTER_BOUND ( 'NONE', #1923, .T. ) ;
#3214 = CARTESIAN_POINT ( 'NONE',  ( 1.339141960022916411, -0.1438939959533691026, -1.438955708406407075 ) ) ;
#3215 = CARTESIAN_POINT ( 'NONE',  ( -1.400346185369999885, -1.050000000000000044, 1.599967589430000059 ) ) ;
#3216 = VECTOR ( 'NONE', #5874, 1000.000000000000000 ) ;
#3217 = LINE ( 'NONE', #4566, #3414 ) ;
#3218 = VECTOR ( 'NONE', #826, 1000.000000000000000 ) ;
#3219 = ORIENTED_EDGE ( 'NONE', *, *, #3629, .F. ) ;
#3220 = ORIENTED_EDGE ( 'NONE', *, *, #82, .F. ) ;
#3221 = DIRECTION ( 'NONE',  ( 0.000000000000000000, 2.943510999999999877E-32, -1.000000000000000000 ) ) ;
#3222 = DIRECTION ( 'NONE',  ( 0.000000000000000000, 1.471755110434168018E-32, -1.000000000000000000 ) ) ;
#3223 = DIRECTION ( 'NONE',  ( -3.604641231665999851E-48, 1.000000000000000000, 2.943510999999999877E-32 ) ) ;
#3224 = FACE_OUTER_BOUND ( 'NONE', #5506, .T. ) ;
#3225 = EDGE_CURVE ( 'NONE', #1432, #3577, #2180, .T. ) ;
#3226 = ORIENTED_EDGE ( 'NONE', *, *, #3082, .T. ) ;
#3227 = LINE ( 'NONE', #27, #4570 ) ;
#3228 = AXIS2_PLACEMENT_3D ( 'NONE', #4411, #3112, #660 ) ;
#3229 = DIRECTION ( 'NONE',  ( 0.000000000000000000, 0.000000000000000000, 1.000000000000000000 ) ) ;
#3230 = DIRECTION ( 'NONE',  ( 0.08683102911526527357, 0.000000000000000000, 0.9962230535290698130 ) ) ;
#3231 = ADVANCED_FACE ( 'NONE', ( #5463 ), #2209, .T. ) ;
#3232 = ORIENTED_EDGE ( 'NONE', *, *, #5678, .T. ) ;
#3233 = ORIENTED_EDGE ( 'NONE', *, *, #5355, .T. ) ;
#3234 = VERTEX_POINT ( 'NONE', #2625 ) ;
#3235 = CARTESIAN_POINT ( 'NONE',  ( -1.400346185369999885, -1.050000000000000044, 1.499967589430000192 ) ) ;
#3236 =( BOUNDED_CURVE ( )  B_SPLINE_CURVE ( 3, ( #6115, #1904, #937, #1877 ),
 .UNSPECIFIED., .F., .T. ) 
 B_SPLINE_CURVE_WITH_KNOTS ( ( 4, 4 ),
 ( 4.712388980384700332, 4.942980463231280375 ),
 .UNSPECIFIED. ) 
 CURVE ( )  GEOMETRIC_REPRESENTATION_ITEM ( )  RATIONAL_B_SPLINE_CURVE ( ( 1.000000000000000000, 0.9955738703487524432, 0.9955738703487524432, 1.000000000000000000 ) ) 
 REPRESENTATION_ITEM ( '' )  );
#3237 = DIRECTION ( 'NONE',  ( -3.604641231665999851E-48, 1.000000000000000000, 2.943510999999999877E-32 ) ) ;
#3238 = ORIENTED_EDGE ( 'NONE', *, *, #1408, .T. ) ;
#3239 = EDGE_CURVE ( 'NONE', #4305, #5326, #2420, .T. ) ;
#3240 = DIRECTION ( 'NONE',  ( 0.000000000000000000, 0.08716022863320847802, -0.9961943056174367150 ) ) ;
#3241 = ORIENTED_EDGE ( 'NONE', *, *, #4520, .T. ) ;
#3242 = VERTEX_POINT ( 'NONE', #3641 ) ;
#3243 = DIRECTION ( 'NONE',  ( 0.000000000000000000, 0.000000000000000000, 1.000000000000000000 ) ) ;
#3244 = PLANE ( 'NONE',  #3625 ) ;
#3245 = PLANE ( 'NONE',  #1438 ) ;
#3246 = DIRECTION ( 'NONE',  ( 0.000000000000000000, -1.000000000000000000, 0.000000000000000000 ) ) ;
#3247 = CARTESIAN_POINT ( 'NONE',  ( 1.128077541370410053, -1.050000000000000044, 1.550032347689399792 ) ) ;
#3248 = EDGE_CURVE ( 'NONE', #2440, #2155, #1669, .T. ) ;
#3249 = VERTEX_POINT ( 'NONE', #3055 ) ;
#3250 = ORIENTED_EDGE ( 'NONE', *, *, #949, .F. ) ;
#3251 = CARTESIAN_POINT ( 'NONE',  ( 0.8836691034488014518, -0.8600617702612313176, 1.626369959314310609 ) ) ;
#3252 = CARTESIAN_POINT ( 'NONE',  ( -0.3327125867080690247, -0.9249999999999999334, 1.555086564540699934 ) ) ;
#3253 = LINE ( 'NONE', #4300, #5085 ) ;
#3254 = VERTEX_POINT ( 'NONE', #779 ) ;
#3255 = CARTESIAN_POINT ( 'NONE',  ( -1.369569744668681421, -0.6387691941217049640, 1.469948340608683512 ) ) ;
#3256 = ORIENTED_EDGE ( 'NONE', *, *, #2011, .T. ) ;
#3257 = CARTESIAN_POINT ( 'NONE',  ( 1.370262115408682035, -0.6387691941217048530, 1.469948340608704829 ) ) ;
#3258 = DIRECTION ( 'NONE',  ( 1.224606000000000123E-16, 2.943510999999999877E-32, -1.000000000000000000 ) ) ;
#3259 = CARTESIAN_POINT ( 'NONE',  ( 1.399999999999999911, -1.050000000000000044, -1.500000000000000000 ) ) ;
#3260 = ORIENTED_EDGE ( 'NONE', *, *, #4820, .F. ) ;
#3261 = ORIENTED_EDGE ( 'NONE', *, *, #5277, .T. ) ;
#3262 = VERTEX_POINT ( 'NONE', #687 ) ;
#3263 = PLANE ( 'NONE',  #2514 ) ;
#3264 = SURFACE_STYLE_USAGE ( .BOTH. , #3732 ) ;
#3265 = ADVANCED_FACE ( 'NONE', ( #2587 ), #3557, .T. ) ;
#3266 = CARTESIAN_POINT ( 'NONE',  ( 0.8305047816683169826, -0.9334661614044460487, -1.731947757799229937 ) ) ;
#3267 = ORIENTED_EDGE ( 'NONE', *, *, #2551, .T. ) ;
#3268 = CARTESIAN_POINT ( 'NONE',  ( 0.9003461853700099882, -0.8325679542733599448, 1.749271208812799960 ) ) ;
#3269 = VERTEX_POINT ( 'NONE', #5950 ) ;
#3270 = CARTESIAN_POINT ( 'NONE',  ( -1.077972718902663773, -1.050000000000000044, 1.599967589430000281 ) ) ;
#3271 = LINE ( 'NONE', #5990, #3532 ) ;
#3272 = EDGE_CURVE ( 'NONE', #4326, #4561, #1721, .T. ) ;
#3273 = EDGE_CURVE ( 'NONE', #5240, #4022, #720, .T. ) ;
#3274 = PLANE ( 'NONE',  #5193 ) ;
#3275 = CARTESIAN_POINT ( 'NONE',  ( 0.8317985182056709670, -0.9249999999999999334, -1.735372488711899974 ) ) ;
#3276 = EDGE_CURVE ( 'NONE', #1677, #4435, #1915, .T. ) ;
#3277 = CARTESIAN_POINT ( 'NONE',  ( 0.3002252087796563607, -0.9479294226686343361, -1.725253768313087743 ) ) ;
#3278 = ORIENTED_EDGE ( 'NONE', *, *, #3039, .F. ) ;
#3279 = ORIENTED_EDGE ( 'NONE', *, *, #5947, .F. ) ;
#3280 = PLANE ( 'NONE',  #3403 ) ;
#3281 = PLANE ( 'NONE',  #4395 ) ;
#3282 = EDGE_CURVE ( 'NONE', #1415, #2912, #4924, .T. ) ;
#3283 = CARTESIAN_POINT ( 'NONE',  ( -0.8996538146300200323, -0.8325679542733599448, -1.749206387657999962 ) ) ;
#3284 = B_SPLINE_CURVE_WITH_KNOTS ( 'NONE', 3,
 ( #3176, #4942, #5416, #5903 ),
 .UNSPECIFIED., .F., .F.,
 ( 4, 4 ),
 ( 0.000000000000000000, 1.000000000000000000 ),
 .UNSPECIFIED. ) ;
#3285 = ORIENTED_EDGE ( 'NONE', *, *, #3585, .T. ) ;
#3286 = PLANE ( 'NONE',  #1132 ) ;
#3287 = DIRECTION ( 'NONE',  ( -0.7054294346556754247, 0.000000000000000000, 0.7087801582446945359 ) ) ;
#3288 = VERTEX_POINT ( 'NONE', #2521 ) ;
#3289 = DIRECTION ( 'NONE',  ( -1.000000000000000000, 0.000000000000000000, -1.224606000000000123E-16 ) ) ;
#3290 = VECTOR ( 'NONE', #900, 1000.000000000000000 ) ;
#3291 = DIRECTION ( 'NONE',  ( 0.000000000000000000, -0.2014785501830195502, 0.9794929268841855441 ) ) ;
#3292 = PLANE ( 'NONE',  #5077 ) ;
#3293 = VERTEX_POINT ( 'NONE', #4337 ) ;
#3294 = AXIS2_PLACEMENT_3D ( 'NONE', #2985, #2437, #5732 ) ;
#3295 = ORIENTED_EDGE ( 'NONE', *, *, #879, .T. ) ;
#3296 = VECTOR ( 'NONE', #5029, 1000.000000000000000 ) ;
#3297 = CARTESIAN_POINT ( 'NONE',  ( -0.2939526910135789595, -0.8434481562170000890, -1.624851559886199892 ) ) ;
#3298 = DIRECTION ( 'NONE',  ( -1.000000000000000000, -0.000000000000000000, -0.000000000000000000 ) ) ;
#3299 = CARTESIAN_POINT ( 'NONE',  ( 1.360214646869320809, -1.507009100953000891, -1.459984473968407581 ) ) ;
#3300 = DIRECTION ( 'NONE',  ( 6.409092603087733587E-18, -0.9986295347545725010, -0.05233595624296903670 ) ) ;
#3301 = AXIS2_PLACEMENT_3D ( 'NONE', #1194, #4473, #5901 ) ;
#3302 = CIRCLE ( 'NONE', #621, 0.2000000000000070333 ) ;
#3303 = VERTEX_POINT ( 'NONE', #5757 ) ;
#3304 = EDGE_CURVE ( 'NONE', #4435, #2374, #1378, .T. ) ;
#3305 = AXIS2_PLACEMENT_3D ( 'NONE', #4148, #1773, #3724 ) ;
#3306 = CARTESIAN_POINT ( 'NONE',  ( 1.128210277402919903, -1.050000000000000044, -1.549967526534500095 ) ) ;
#3307 = CARTESIAN_POINT ( 'NONE',  ( 1.100346185370000063, -0.3821379162786600059, 1.709861642954599859 ) ) ;
#3308 = DIRECTION ( 'NONE',  ( -1.000000000000000000, 0.000000000000000000, 0.000000000000000000 ) ) ;
#3309 = AXIS2_PLACEMENT_3D ( 'NONE', #2240, #3639, #5517 ) ;
#3310 = LINE ( 'NONE', #2753, #6055 ) ;
#3311 = CARTESIAN_POINT ( 'NONE',  ( 1.100346185370000063, -0.8500000000000099698, -1.549967526534500095 ) ) ;
#3312 = EDGE_LOOP ( 'NONE', ( #3057, #5854, #3759, #2805, #5842, #242 ) ) ;
#3313 = EDGE_CURVE ( 'NONE', #5608, #3820, #3521, .T. ) ;
#3314 = VECTOR ( 'NONE', #4427, 1000.000000000000227 ) ;
#3315 = VERTEX_POINT ( 'NONE', #162 ) ;
#3316 = ADVANCED_FACE ( 'NONE', ( #1528 ), #2054, .T. ) ;
#3317 = FACE_OUTER_BOUND ( 'NONE', #1871, .T. ) ;
#3318 = LINE ( 'NONE', #4608, #3709 ) ;
#3319 = AXIS2_PLACEMENT_3D ( 'NONE', #2134, #671, #2505 ) ;
#3320 = DIRECTION ( 'NONE',  ( -1.000000000000000000, 0.000000000000000000, -1.224606000000000123E-16 ) ) ;
#3321 = VECTOR ( 'NONE', #2903, 1000.000000000000114 ) ;
#3322 = EDGE_LOOP ( 'NONE', ( #3441, #5317, #5257, #1439, #4330, #3725 ) ) ;
#3323 = LINE ( 'NONE', #6128, #3898 ) ;
#3324 = CARTESIAN_POINT ( 'NONE',  ( 1.100346185370000063, -0.1562211005236600059, -0.9033724099348989789 ) ) ;
#3325 = EDGE_CURVE ( 'NONE', #4884, #345, #679, .T. ) ;
#3326 = ORIENTED_EDGE ( 'NONE', *, *, #6117, .F. ) ;
#3327 = DIRECTION ( 'NONE',  ( 0.000000000000000000, 0.000000000000000000, 1.000000000000000000 ) ) ;
#3328 = CARTESIAN_POINT ( 'NONE',  ( 0.000000000000000000, -1.050000000000000044, 0.000000000000000000 ) ) ;
#3329 = LINE ( 'NONE', #5723, #3510 ) ;
#3330 = VECTOR ( 'NONE', #5339, 1000.000000000000000 ) ;
#3331 = ORIENTED_EDGE ( 'NONE', *, *, #2742, .F. ) ;
#3332 =( BOUNDED_CURVE ( )  B_SPLINE_CURVE ( 3, ( #1692, #3581, #5460, #3942 ),
 .UNSPECIFIED., .F., .T. ) 
 B_SPLINE_CURVE_WITH_KNOTS ( ( 4, 4 ),
 ( 4.712388980384489834, 4.799659946006196165 ),
 .UNSPECIFIED. ) 
 CURVE ( )  GEOMETRIC_REPRESENTATION_ITEM ( )  RATIONAL_B_SPLINE_CURVE ( ( 1.000000000000000000, 0.9993654155798635808, 0.9993654155798635808, 1.000000000000000000 ) ) 
 REPRESENTATION_ITEM ( '' )  );
#3333 = CARTESIAN_POINT ( 'NONE',  ( 1.399999999999999911, -0.9249999999999999334, -1.600098464836000156 ) ) ;
#3334 = CARTESIAN_POINT ( 'NONE',  ( 1.399999999999999911, -0.9249999999999999334, -1.752467526534499997 ) ) ;
#3335 = CARTESIAN_POINT ( 'NONE',  ( -1.099653814629999893, -0.6333290931498900544, -1.731774341931300087 ) ) ;
#3336 = ORIENTED_EDGE ( 'NONE', *, *, #5130, .T. ) ;
#3337 = FACE_OUTER_BOUND ( 'NONE', #320, .T. ) ;
#3338 = CARTESIAN_POINT ( 'NONE',  ( -0.8539431365113500094, -0.8785660737170098988, 1.747981784244200032 ) ) ;
#3339 = DIRECTION ( 'NONE',  ( -0.000000000000000000, 0.000000000000000000, 1.000000000000000000 ) ) ;
#3340 = CARTESIAN_POINT ( 'NONE',  ( -1.383580051887911777, -0.7133980713852456912, 1.556572627514387186 ) ) ;
#3341 = ORIENTED_EDGE ( 'NONE', *, *, #3679, .F. ) ;
#3342 = ORIENTED_EDGE ( 'NONE', *, *, #3727, .F. ) ;
#3343 = CARTESIAN_POINT ( 'NONE',  ( 0.8546355072513410756, -0.8785660737170098988, 1.747981784244200032 ) ) ;
#3344 = CARTESIAN_POINT ( 'NONE',  ( -0.3334606109494699933, -1.050000000000000044, 1.550032410577399933 ) ) ;
#3345 = CARTESIAN_POINT ( 'NONE',  ( 1.100346185370000063, 0.0004300379947100309535, -1.510557960676199851 ) ) ;
#3346 = EDGE_CURVE ( 'NONE', #2601, #524, #4364, .T. ) ;
#3347 = ORIENTED_EDGE ( 'NONE', *, *, #3006, .T. ) ;
#3348 = CARTESIAN_POINT ( 'NONE',  ( -1.378683313294081669, -1.292451642721451188, -1.478798052303569754 ) ) ;
#3349 = CARTESIAN_POINT ( 'NONE',  ( -0.3024209361026026777, -0.8611598687870550828, -1.624354102401809330 ) ) ;
#3350 = ORIENTED_EDGE ( 'NONE', *, *, #5004, .F. ) ;
#3351 = CARTESIAN_POINT ( 'NONE',  ( 0.3399153838292699459, -1.050000000000000044, 1.500032410570000030 ) ) ;
#3352 = ADVANCED_FACE ( 'NONE', ( #1118 ), #2081, .F. ) ;
#3353 = EDGE_CURVE ( 'NONE', #3471, #214, #3566, .T. ) ;
#3354 = FACE_OUTER_BOUND ( 'NONE', #2111, .T. ) ;
#3355 = FACE_OUTER_BOUND ( 'NONE', #4370, .T. ) ;
#3356 = EDGE_CURVE ( 'NONE', #4067, #1822, #5400, .T. ) ;
#3357 = ORIENTED_EDGE ( 'NONE', *, *, #464, .F. ) ;
#3358 = VERTEX_POINT ( 'NONE', #2950 ) ;
#3359 = ADVANCED_FACE ( 'NONE', ( #188 ), #4800, .T. ) ;
#3360 = DIRECTION ( 'NONE',  ( 1.000000000000000000, 0.000000000000000000, 1.961420293860140815E-14 ) ) ;
#3361 = CARTESIAN_POINT ( 'NONE',  ( 1.341955074537846349, -0.1800000000000000211, 0.6600324105699999500 ) ) ;
#3362 = VERTEX_POINT ( 'NONE', #3547 ) ;
#3363 = CARTESIAN_POINT ( 'NONE',  ( -0.2847367581235616951, -0.9076477353195822051, 1.599164322891376777 ) ) ;
#3364 = LINE ( 'NONE', #4832, #4309 ) ;
#3365 = DIRECTION ( 'NONE',  ( 0.000000000000000000, -1.000000000000000000, 0.000000000000000000 ) ) ;
#3366 = CARTESIAN_POINT ( 'NONE',  ( 1.399999999999999911, -1.350000000000000089, -1.473765554905987374 ) ) ;
#3367 = CARTESIAN_POINT ( 'NONE',  ( 0.2399162512016601023, -0.9058607957702720093, -1.742008118632245361 ) ) ;
#3368 = ORIENTED_EDGE ( 'NONE', *, *, #1113, .T. ) ;
#3369 = EDGE_LOOP ( 'NONE', ( #1164, #6094, #5753, #554 ) ) ;
#3370 = CARTESIAN_POINT ( 'NONE',  ( 0.3151530103492009571, -0.9249999999999999334, -1.499967589430000192 ) ) ;
#3371 = LINE ( 'NONE', #2041, #4691 ) ;
#3372 = DIRECTION ( 'NONE',  ( -0.9995778246398077105, -0.02894407348262681423, 0.002532409639460341672 ) ) ;
#3373 = ORIENTED_EDGE ( 'NONE', *, *, #4062, .T. ) ;
#3374 = DIRECTION ( 'NONE',  ( 2.799623413076947736E-23, -0.05233595624296898119, 0.9986295347545725010 ) ) ;
#3375 = DIRECTION ( 'NONE',  ( -0.1040846963609789594, -0.9945684370537015706, -1.274627436718329257E-17 ) ) ;
#3376 = EDGE_CURVE ( 'NONE', #4240, #2129, #619, .T. ) ;
#3377 = ORIENTED_EDGE ( 'NONE', *, *, #3718, .T. ) ;
#3378 = CARTESIAN_POINT ( 'NONE',  ( 0.9003461853700209794, -0.8434481562170000890, -1.624851559886199892 ) ) ;
#3379 = CARTESIAN_POINT ( 'NONE',  ( 0.9003461853700209794, -0.8434481562170000890, -1.624851559886199892 ) ) ;
#3380 = DIRECTION ( 'NONE',  ( -1.000000000000000000, 0.000000000000000000, 0.000000000000000000 ) ) ;
#3381 = EDGE_LOOP ( 'NONE', ( #492, #5985, #5453, #3806 ) ) ;
#3382 = ADVANCED_FACE ( 'NONE', ( #1086 ), #2487, .T. ) ;
#3383 = EDGE_CURVE ( 'NONE', #4389, #4484, #4828, .T. ) ;
#3384 = ORIENTED_EDGE ( 'NONE', *, *, #3986, .F. ) ;
#3385 = VECTOR ( 'NONE', #5790, 1000.000000000000000 ) ;
#3386 = ADVANCED_FACE ( 'NONE', ( #1561 ), #3451, .T. ) ;
#3387 = CARTESIAN_POINT ( 'NONE',  ( -0.3333478937252479790, -1.049999094810424971, 1.550793530537669884 ) ) ;
#3388 = LINE ( 'NONE', #1469, #3881 ) ;
#3389 = VECTOR ( 'NONE', #195, 1000.000000000000000 ) ;
#3390 = ORIENTED_EDGE ( 'NONE', *, *, #1456, .T. ) ;
#3391 = EDGE_CURVE ( 'NONE', #416, #1660, #251, .T. ) ;
#3392 = AXIS2_PLACEMENT_3D ( 'NONE', #5817, #1174, #676 ) ;
#3393 = LINE ( 'NONE', #536, #1527 ) ;
#3394 = DIRECTION ( 'NONE',  ( 1.546876953805354788E-33, 0.000000000000000000, 1.000000000000000000 ) ) ;
#3395 = DIRECTION ( 'NONE',  ( -1.000000000000000000, 0.000000000000000000, -1.224606000000000123E-16 ) ) ;
#3396 = LINE ( 'NONE', #3433, #4489 ) ;
#3397 = VECTOR ( 'NONE', #1865, 1000.000000000000000 ) ;
#3398 = DIRECTION ( 'NONE',  ( -1.219945523824950070E-16, 0.08716022863319299041, 0.9961943056174379363 ) ) ;
#3399 = ORIENTED_EDGE ( 'NONE', *, *, #3468, .F. ) ;
#3400 = VECTOR ( 'NONE', #2114, 1000.000000000000000 ) ;
#3401 = EDGE_CURVE ( 'NONE', #3527, #5399, #796, .T. ) ;
#3402 = ORIENTED_EDGE ( 'NONE', *, *, #4359, .T. ) ;
#3403 = AXIS2_PLACEMENT_3D ( 'NONE', #4607, #5688, #3221 ) ;
#3404 = DIRECTION ( 'NONE',  ( -1.000000000000000000, 0.000000000000000000, 0.000000000000000000 ) ) ;
#3405 = DIRECTION ( 'NONE',  ( 0.000000000000000000, 0.000000000000000000, -1.000000000000000000 ) ) ;
#3406 = VECTOR ( 'NONE', #5365, 1000.000000000000114 ) ;
#3407 = CARTESIAN_POINT ( 'NONE',  ( 1.178314978183609973, -1.050000000000000044, 1.500032410577400110 ) ) ;
#3408 = AXIS2_PLACEMENT_3D ( 'NONE', #4490, #4920, #3905 ) ;
#3409 = ORIENTED_EDGE ( 'NONE', *, *, #4182, .F. ) ;
#3410 = CARTESIAN_POINT ( 'NONE',  ( -1.399653814629999937, -1.050000000000000044, -1.499967589430000192 ) ) ;
#3411 = CIRCLE ( 'NONE', #4086, 0.07517010780874895659 ) ;
#3412 = VECTOR ( 'NONE', #1463, 1000.000000000000000 ) ;
#3413 = DIRECTION ( 'NONE',  ( -0.000000000000000000, 0.000000000000000000, -1.000000000000000000 ) ) ;
#3414 = VECTOR ( 'NONE', #4110, 999.9999999999998863 ) ;
#3415 = ORIENTED_EDGE ( 'NONE', *, *, #4860, .T. ) ;
#3416 = DIRECTION ( 'NONE',  ( -1.224606000000000123E-16, 0.000000000000000000, 1.000000000000000000 ) ) ;
#3417 = CARTESIAN_POINT ( 'NONE',  ( -0.8581697333585999177, -1.035255832108360030, 1.625399957906499937 ) ) ;
#3418 = VECTOR ( 'NONE', #2964, 1000.000000000000227 ) ;
#3419 = CYLINDRICAL_SURFACE ( 'NONE', #1632, 0.5000000000000000000 ) ;
#3420 = VECTOR ( 'NONE', #1352, 1000.000000000000000 ) ;
#3421 = CARTESIAN_POINT ( 'NONE',  ( -1.127515413271490186, -1.050000000000000044, -1.549967526534500095 ) ) ;
#3422 = VERTEX_POINT ( 'NONE', #370 ) ;
#3423 = EDGE_LOOP ( 'NONE', ( #113, #3829 ) ) ;
#3424 = DIRECTION ( 'NONE',  ( 0.08568640121303962298, -0.9745796342366448428, -0.2070081572748409815 ) ) ;
#3425 = LINE ( 'NONE', #2055, #5477 ) ;
#3426 = EDGE_CURVE ( 'NONE', #5608, #3822, #3634, .T. ) ;
#3427 = CARTESIAN_POINT ( 'NONE',  ( -0.8281829307371200155, -0.9249999999999999334, -1.726365536148700031 ) ) ;
#3428 = ORIENTED_EDGE ( 'NONE', *, *, #438, .T. ) ;
#3429 = PLANE ( 'NONE',  #2017 ) ;
#3430 = FACE_OUTER_BOUND ( 'NONE', #289, .T. ) ;
#3431 = VECTOR ( 'NONE', #5061, 1000.000000000000000 ) ;
#3432 = DIRECTION ( 'NONE',  ( -0.7087801582446945359, 0.000000000000000000, 0.7054294346556754247 ) ) ;
#3433 = CARTESIAN_POINT ( 'NONE',  ( 1.399999999999999911, -0.4387691941217055636, -1.469948340608704829 ) ) ;
#3434 = DIRECTION ( 'NONE',  ( 1.000000000000000000, 0.000000000000000000, 1.224606000000000123E-16 ) ) ;
#3435 = VERTEX_POINT ( 'NONE', #1293 ) ;
#3436 = ORIENTED_EDGE ( 'NONE', *, *, #949, .T. ) ;
#3437 = CARTESIAN_POINT ( 'NONE',  ( -1.099653814629999893, -0.1243998541965500026, 1.510622781831099992 ) ) ;
#3438 = CARTESIAN_POINT ( 'NONE',  ( -0.2250075614531600043, -0.8971084386471399608, 1.608609989466800005 ) ) ;
#3439 = CARTESIAN_POINT ( 'NONE',  ( 1.400000000000002576, -0.9217062662211369384, 1.499686225200025369 ) ) ;
#3440 = EDGE_CURVE ( 'NONE', #4938, #4407, #1710, .T. ) ;
#3441 = ORIENTED_EDGE ( 'NONE', *, *, #2335, .T. ) ;
#3442 = LINE ( 'NONE', #5841, #4989 ) ;
#3443 = VERTEX_POINT ( 'NONE', #1270 ) ;
#3444 = ORIENTED_EDGE ( 'NONE', *, *, #2085, .F. ) ;
#3445 = CARTESIAN_POINT ( 'NONE',  ( 1.338776564998479968, -0.1392041924772199901, -1.438397969058420101 ) ) ;
#3446 = LINE ( 'NONE', #4849, #5379 ) ;
#3447 = FACE_OUTER_BOUND ( 'NONE', #861, .T. ) ;
#3448 = CARTESIAN_POINT ( 'NONE',  ( 1.077972718902663773, -1.050000000000000044, 1.599967589430000059 ) ) ;
#3449 = ORIENTED_EDGE ( 'NONE', *, *, #5090, .T. ) ;
#3450 = ORIENTED_EDGE ( 'NONE', *, *, #1155, .T. ) ;
#3451 = PLANE ( 'NONE',  #413 ) ;
#3452 = CARTESIAN_POINT ( 'NONE',  ( 0.2151530103492109991, -0.7832755502498399691, -1.619586865976599954 ) ) ;
#3453 = CARTESIAN_POINT ( 'NONE',  ( -0.8249399272457339505, -0.9617374180879469936, -1.708765318961790181 ) ) ;
#3454 = ORIENTED_EDGE ( 'NONE', *, *, #4208, .T. ) ;
#3455 = ADVANCED_FACE ( 'NONE', ( #4581 ), #5431, .T. ) ;
#3456 = CARTESIAN_POINT ( 'NONE',  ( 0.8256322979857351196, -0.9617374180879468826, -1.708765318961789736 ) ) ;
#3457 = CARTESIAN_POINT ( 'NONE',  ( -1.399653814629999937, -1.050000000000000044, -1.499967589430000192 ) ) ;
#3458 = FACE_OUTER_BOUND ( 'NONE', #5635, .T. ) ;
#3459 = CARTESIAN_POINT ( 'NONE',  ( 1.399999999999999911, -0.1392041924772199901, 1.438462790198500096 ) ) ;
#3460 = CARTESIAN_POINT ( 'NONE',  ( -1.399653814629999937, -0.9249999999999999334, -1.499967589430000192 ) ) ;
#3461 = VERTEX_POINT ( 'NONE', #1799 ) ;
#3462 = ADVANCED_FACE ( 'NONE', ( #1205 ), #2195, .T. ) ;
#3463 = EDGE_CURVE ( 'NONE', #132, #1247, #3722, .T. ) ;
#3464 = ORIENTED_EDGE ( 'NONE', *, *, #3391, .T. ) ;
#3465 = LINE ( 'NONE', #4417, #4675 ) ;
#3466 = LINE ( 'NONE', #600, #3321 ) ;
#3467 = CARTESIAN_POINT ( 'NONE',  ( 0.8937943415870166497, -0.8500000000000099698, -1.625137634343248871 ) ) ;
#3468 = EDGE_CURVE ( 'NONE', #5227, #2856, #4613, .T. ) ;
#3469 = ORIENTED_EDGE ( 'NONE', *, *, #1844, .T. ) ;
#3470 = FACE_OUTER_BOUND ( 'NONE', #723, .T. ) ;
#3471 = VERTEX_POINT ( 'NONE', #3189 ) ;
#3472 = EDGE_CURVE ( 'NONE', #3196, #2649, #1686, .T. ) ;
#3473 = EDGE_LOOP ( 'NONE', ( #5184, #187, #3608, #4770, #5946 ) ) ;
#3474 = LINE ( 'NONE', #4885, #2901 ) ;
#3475 = CARTESIAN_POINT ( 'NONE',  ( 0.8546355072513410756, -0.8903354500379099257, 1.613464173914199939 ) ) ;
#3476 = PLANE ( 'NONE',  #1807 ) ;
#3477 = FACE_OUTER_BOUND ( 'NONE', #2144, .T. ) ;
#3478 = LINE ( 'NONE', #5428, #2297 ) ;
#3479 = ORIENTED_EDGE ( 'NONE', *, *, #2335, .F. ) ;
#3480 = ORIENTED_EDGE ( 'NONE', *, *, #4549, .T. ) ;
#3481 = DIRECTION ( 'NONE',  ( -0.000000000000000000, -1.000000000000000000, -0.000000000000000000 ) ) ;
#3482 = PLANE ( 'NONE',  #3605 ) ;
#3483 = CARTESIAN_POINT ( 'NONE',  ( -0.8246538146299999816, -0.9853672334559160362, 1.671114229440576970 ) ) ;
#3484 = ORIENTED_EDGE ( 'NONE', *, *, #5963, .F. ) ;
#3485 = ORIENTED_EDGE ( 'NONE', *, *, #1869, .F. ) ;
#3486 = VECTOR ( 'NONE', #5898, 1000.000000000000000 ) ;
#3487 = CARTESIAN_POINT ( 'NONE',  ( 1.399999999999999911, -1.050000000000000044, 1.599967589430000059 ) ) ;
#3488 = CARTESIAN_POINT ( 'NONE',  ( 1.077950592085777037, -1.043643466159187350, -1.599989606969570266 ) ) ;
#3489 = DIRECTION ( 'NONE',  ( 0.000000000000000000, 0.000000000000000000, 1.000000000000000000 ) ) ;
#3490 = CARTESIAN_POINT ( 'NONE',  ( -0.8255109250102399265, -0.9657079226522899962, -1.713098383932700086 ) ) ;
#3491 = AXIS2_PLACEMENT_3D ( 'NONE', #158, #4052, #4429 ) ;
#3492 = EDGE_CURVE ( 'NONE', #3172, #1672, #4085, .T. ) ;
#3493 = CARTESIAN_POINT ( 'NONE',  ( 0.3325152902928709686, -1.050000000000000044, 1.550032410577399933 ) ) ;
#3494 = ORIENTED_EDGE ( 'NONE', *, *, #4098, .F. ) ;
#3495 = VECTOR ( 'NONE', #1160, 1000.000000000000000 ) ;
#3496 = ORIENTED_EDGE ( 'NONE', *, *, #3796, .F. ) ;
#3497 = LINE ( 'NONE', #1508, #5473 ) ;
#3498 = LINE ( 'NONE', #668, #1246 ) ;
#3499 = DIRECTION ( 'NONE',  ( -1.000000000000000000, 0.000000000000000000, -1.224606000000000123E-16 ) ) ;
#3500 = AXIS2_PLACEMENT_3D ( 'NONE', #2423, #3683, #1433 ) ;
#3501 = ORIENTED_EDGE ( 'NONE', *, *, #4254, .T. ) ;
#3502 = ADVANCED_FACE ( 'NONE', ( #4992 ), #5975, .F. ) ;
#3503 = LINE ( 'NONE', #1581, #5679 ) ;
#3504 = VERTEX_POINT ( 'NONE', #835 ) ;
#3505 = VECTOR ( 'NONE', #1040, 1000.000000000000000 ) ;
#3506 = UNCERTAINTY_MEASURE_WITH_UNIT (LENGTH_MEASURE( 1.000000000000000082E-05 ), #4987, 'distance_accuracy_value', 'NONE');
#3507 = VECTOR ( 'NONE', #1468, 1000.000000000000000 ) ;
#3508 = ORIENTED_EDGE ( 'NONE', *, *, #3943, .F. ) ;
#3509 = DIRECTION ( 'NONE',  ( -0.000000000000000000, -1.000000000000000000, -0.000000000000000000 ) ) ;
#3510 = VECTOR ( 'NONE', #1051, 1000.000000000000000 ) ;
#3511 = LINE ( 'NONE', #3866, #4686 ) ;
#3512 = DIRECTION ( 'NONE',  ( 1.000000000000000000, 8.447575640129529714E-33, 0.000000000000000000 ) ) ;
#3513 = MECHANICAL_DESIGN_GEOMETRIC_PRESENTATION_REPRESENTATION (  '', ( #2419 ), #822 ) ;
#3514 = AXIS2_PLACEMENT_3D ( 'NONE', #2483, #2391, #2916 ) ;
#3515 = EDGE_CURVE ( 'NONE', #5003, #1450, #6034, .T. ) ;
#3516 = DIRECTION ( 'NONE',  ( 1.222927720037659678E-16, -0.05233595624294698490, -0.9986295347545737222 ) ) ;
#3517 = EDGE_CURVE ( 'NONE', #4240, #5309, #3073, .T. ) ;
#3518 = CARTESIAN_POINT ( 'NONE',  ( 1.370262115408682035, -0.6387691941217051861, -1.469883519468704547 ) ) ;
#3519 = ORIENTED_EDGE ( 'NONE', *, *, #1025, .F. ) ;
#3520 = VECTOR ( 'NONE', #1454, 1000.000000000000000 ) ;
#3521 = LINE ( 'NONE', #94, #4671 ) ;
#3522 = AXIS2_PLACEMENT_3D ( 'NONE', #179, #604, #5295 ) ;
#3523 = LINE ( 'NONE', #892, #4482 ) ;
#3524 = DIRECTION ( 'NONE',  ( -0.7087801582446935367, -0.000000000000000000, 0.7054294346556764239 ) ) ;
#3525 = AXIS2_PLACEMENT_3D ( 'NONE', #2279, #2378, #4159 ) ;
#3526 = ORIENTED_EDGE ( 'NONE', *, *, #4247, .T. ) ;
#3527 = VERTEX_POINT ( 'NONE', #4031 ) ;
#3528 = CARTESIAN_POINT ( 'NONE',  ( -1.178447708059189969, -0.9249999999999999334, -1.499967590878610091 ) ) ;
#3529 = CARTESIAN_POINT ( 'NONE',  ( 1.100346185370000063, -0.6387691941217051861, -1.606943542311669804 ) ) ;
#3530 = DIRECTION ( 'NONE',  ( 0.000000000000000000, 2.943510999999999877E-32, -1.000000000000000000 ) ) ;
#3531 = VERTEX_POINT ( 'NONE', #3574 ) ;
#3532 = VECTOR ( 'NONE', #322, 1000.000000000000000 ) ;
#3533 = ORIENTED_EDGE ( 'NONE', *, *, #4286, .T. ) ;
#3534 = CARTESIAN_POINT ( 'NONE',  ( -1.077208978762580260, -0.9249999999999999334, -1.600033643681100015 ) ) ;
#3535 = DIRECTION ( 'NONE',  ( -1.000000000000000000, 0.000000000000000000, 0.000000000000000000 ) ) ;
#3536 = CARTESIAN_POINT ( 'NONE',  ( 1.178314978183609973, -1.050000000000000044, 1.500032410577400110 ) ) ;
#3537 = ORIENTED_EDGE ( 'NONE', *, *, #5915, .T. ) ;
#3538 = DIRECTION ( 'NONE',  ( -0.000000000000000000, 1.000000000000000000, 0.000000000000000000 ) ) ;
#3539 = ORIENTED_EDGE ( 'NONE', *, *, #2703, .F. ) ;
#3540 = ORIENTED_EDGE ( 'NONE', *, *, #5163, .F. ) ;
#3541 = EDGE_CURVE ( 'NONE', #4458, #5153, #278, .T. ) ;
#3542 = CARTESIAN_POINT ( 'NONE',  ( 1.100346185370000063, -0.1562211005236600059, -0.9033724099348989789 ) ) ;
#3543 = DIRECTION ( 'NONE',  ( 0.000000000000000000, 0.000000000000000000, -1.000000000000000000 ) ) ;
#3544 = CYLINDRICAL_SURFACE ( 'NONE', #4190, 0.1000000000000000472 ) ;
#3545 = FACE_OUTER_BOUND ( 'NONE', #2462, .T. ) ;
#3546 = VERTEX_POINT ( 'NONE', #303 ) ;
#3547 = CARTESIAN_POINT ( 'NONE',  ( -1.361820021417587512, -0.4387691941217054525, 1.469948340608704829 ) ) ;
#3548 = EDGE_CURVE ( 'NONE', #4293, #544, #3604, .T. ) ;
#3549 = ADVANCED_FACE ( 'NONE', ( #4548 ), #2877, .F. ) ;
#3550 = LINE ( 'NONE', #1594, #2705 ) ;
#3551 = EDGE_CURVE ( 'NONE', #4126, #1822, #3815, .T. ) ;
#3552 = VERTEX_POINT ( 'NONE', #5237 ) ;
#3553 = VERTEX_POINT ( 'NONE', #3351 ) ;
#3554 = EDGE_CURVE ( 'NONE', #2238, #4401, #62, .T. ) ;
#3555 = SURFACE_STYLE_FILL_AREA ( #5494 ) ;
#3556 = LINE ( 'NONE', #4934, #6051 ) ;
#3557 = PLANE ( 'NONE',  #5954 ) ;
#3558 = DIRECTION ( 'NONE',  ( -3.511736306105439878E-15, -0.9961943056174368261, -0.08716022863320700698 ) ) ;
#3559 = VERTEX_POINT ( 'NONE', #1897 ) ;
#3560 = EDGE_LOOP ( 'NONE', ( #5785, #4165, #202, #821, #3965 ) ) ;
#3561 = CARTESIAN_POINT ( 'NONE',  ( -0.3172000791068700365, -0.9251701078087301022, 1.550032410577399933 ) ) ;
#3562 = CARTESIAN_POINT ( 'NONE',  ( 1.100346185370000063, -0.1562211005236600059, 0.9034372310898010072 ) ) ;
#3563 = PLANE ( 'NONE',  #1434 ) ;
#3564 = FACE_OUTER_BOUND ( 'NONE', #1184, .T. ) ;
#3565 = ORIENTED_EDGE ( 'NONE', *, *, #159, .T. ) ;
#3566 =( BOUNDED_CURVE ( )  B_SPLINE_CURVE ( 3, ( #4002, #5887, #4402, #4893 ),
 .UNSPECIFIED., .F., .T. ) 
 B_SPLINE_CURVE_WITH_KNOTS ( ( 4, 4 ),
 ( 1.251810588226247800, 1.570796326794896558 ),
 .UNSPECIFIED. ) 
 CURVE ( )  GEOMETRIC_REPRESENTATION_ITEM ( )  RATIONAL_B_SPLINE_CURVE ( ( 1.000000000000000000, 0.9915386343866527952, 0.9915386343866527952, 1.000000000000000000 ) ) 
 REPRESENTATION_ITEM ( '' )  );
#3567 = EDGE_LOOP ( 'NONE', ( #1525, #5609, #4645, #26 ) ) ;
#3568 = DIRECTION ( 'NONE',  ( 0.000000000000000000, -0.2014785501830195502, -0.9794929268841855441 ) ) ;
#3569 = DIRECTION ( 'NONE',  ( 1.000000000000000000, 0.000000000000000000, 0.000000000000000000 ) ) ;
#3570 = PLANE ( 'NONE',  #4766 ) ;
#3571 = DIRECTION ( 'NONE',  ( -0.9892244290411341678, 4.309508093845751331E-33, -0.1464070660461520568 ) ) ;
#3572 = EDGE_CURVE ( 'NONE', #4809, #4968, #927, .T. ) ;
#3573 = ORIENTED_EDGE ( 'NONE', *, *, #5572, .T. ) ;
#3574 = CARTESIAN_POINT ( 'NONE',  ( -0.7233942441188204731, -1.350000000000000089, -1.536245298299737660 ) ) ;
#3575 = DIRECTION ( 'NONE',  ( 1.000000000000000000, 0.000000000000000000, -6.528255230898268933E-09 ) ) ;
#3576 = EDGE_CURVE ( 'NONE', #2568, #3234, #983, .T. ) ;
#3577 = VERTEX_POINT ( 'NONE', #3783 ) ;
#3578 = ADVANCED_FACE ( 'NONE', ( #4759 ), #2828, .T. ) ;
#3579 = VERTEX_POINT ( 'NONE', #6131 ) ;
#3580 = ADVANCED_FACE ( 'NONE', ( #5665 ), #5697, .T. ) ;
#3581 = CARTESIAN_POINT ( 'NONE',  ( -0.8974663977720092056, -0.8456272484349675045, -1.625042215639684429 ) ) ;
#3582 = FACE_OUTER_BOUND ( 'NONE', #2681, .T. ) ;
#3583 = CARTESIAN_POINT ( 'NONE',  ( 0.3317672660514700000, -0.9249999999999999334, 1.555086564540699934 ) ) ;
#3584 = CARTESIAN_POINT ( 'NONE',  ( -1.369569744668681421, -0.5365768602669235277, 1.469948340608683290 ) ) ;
#3585 = EDGE_CURVE ( 'NONE', #5545, #5112, #5213, .T. ) ;
#3586 = CARTESIAN_POINT ( 'NONE',  ( -1.099653814629999893, -0.4387691941217055636, -1.669596928045519402 ) ) ;
#3587 = ORIENTED_EDGE ( 'NONE', *, *, #5274, .F. ) ;
#3588 = ORIENTED_EDGE ( 'NONE', *, *, #3353, .T. ) ;
#3589 = DIRECTION ( 'NONE',  ( 1.000000000000000000, 0.000000000000000000, 0.000000000000000000 ) ) ;
#3590 = DIRECTION ( 'NONE',  ( -3.604641231665999851E-48, 1.000000000000000000, 2.943510999999999877E-32 ) ) ;
#3591 = VECTOR ( 'NONE', #2626, 1000.000000000000000 ) ;
#3592 = DIRECTION ( 'NONE',  ( 3.533083693894560081E-15, -0.9961943056174368261, -0.08716022863320700698 ) ) ;
#3593 = CARTESIAN_POINT ( 'NONE',  ( -1.399653814629999937, -0.9249999999999999334, 1.500032410570000030 ) ) ;
#3594 = VERTEX_POINT ( 'NONE', #2763 ) ;
#3595 = AXIS2_PLACEMENT_3D ( 'NONE', #661, #2586, #2151 ) ;
#3596 = ORIENTED_EDGE ( 'NONE', *, *, #280, .T. ) ;
#3597 = DIRECTION ( 'NONE',  ( 0.000000000000000000, -0.6755885476259909650, -0.7372788579069687875 ) ) ;
#3598 = AXIS2_PLACEMENT_3D ( 'NONE', #4714, #1026, #2431 ) ;
#3599 = DIRECTION ( 'NONE',  ( -1.000000000000000000, -1.802320231665999787E-48, 1.899113549151960289E-63 ) ) ;
#3600 = AXIS2_PLACEMENT_3D ( 'NONE', #3807, #856, #5136 ) ;
#3601 = CARTESIAN_POINT ( 'NONE',  ( 1.100346185370000063, 0.0004300379947000390005, 1.510622781831099992 ) ) ;
#3602 =( GEOMETRIC_REPRESENTATION_CONTEXT ( 3 ) GLOBAL_UNCERTAINTY_ASSIGNED_CONTEXT ( ( #205 ) ) GLOBAL_UNIT_ASSIGNED_CONTEXT ( ( #2426, #4796, #1465 ) ) REPRESENTATION_CONTEXT ( 'NONE', 'WORKASPACE' ) );
#3603 = EDGE_LOOP ( 'NONE', ( #2822, #5900, #3238, #4900 ) ) ;
#3604 = LINE ( 'NONE', #5488, #120 ) ;
#3605 = AXIS2_PLACEMENT_3D ( 'NONE', #4459, #5889, #3575 ) ;
#3606 = DIRECTION ( 'NONE',  ( 0.000000000000000000, 0.05233595624296797505, -0.9986295347545725010 ) ) ;
#3607 = SURFACE_STYLE_USAGE ( .BOTH. , #5943 ) ;
#3608 = ORIENTED_EDGE ( 'NONE', *, *, #2200, .T. ) ;
#3609 = VECTOR ( 'NONE', #815, 1000.000000000000000 ) ;
#3610 = AXIS2_PLACEMENT_3D ( 'NONE', #3115, #2122, #5497 ) ;
#3611 = ORIENTED_EDGE ( 'NONE', *, *, #1603, .F. ) ;
#3612 =( GEOMETRIC_REPRESENTATION_CONTEXT ( 3 ) GLOBAL_UNCERTAINTY_ASSIGNED_CONTEXT ( ( #2571 ) ) GLOBAL_UNIT_ASSIGNED_CONTEXT ( ( #1239, #3132, #5110 ) ) REPRESENTATION_CONTEXT ( 'NONE', 'WORKASPACE' ) );
#3613 = EDGE_CURVE ( 'NONE', #1247, #3293, #954, .T. ) ;
#3614 = DIRECTION ( 'NONE',  ( -1.000000000000000000, 0.000000000000000000, 0.000000000000000000 ) ) ;
#3615 = VECTOR ( 'NONE', #3769, 1000.000000000000114 ) ;
#3616 = CARTESIAN_POINT ( 'NONE',  ( 1.077906346199869914, -1.050000000000000044, -1.600033643681100015 ) ) ;
#3617 = FACE_OUTER_BOUND ( 'NONE', #5148, .T. ) ;
#3618 = ORIENTED_EDGE ( 'NONE', *, *, #1076, .T. ) ;
#3619 = ORIENTED_EDGE ( 'NONE', *, *, #2037, .F. ) ;
#3620 = LINE ( 'NONE', #4510, #3000 ) ;
#3621 = CARTESIAN_POINT ( 'NONE',  ( -0.8311061474656700199, -0.9249999999999999334, -1.735372488711899974 ) ) ;
#3622 = CARTESIAN_POINT ( 'NONE',  ( 0.8342577883888300239, -0.9249999999999599654, -1.555021743386900024 ) ) ;
#3623 = EDGE_CURVE ( 'NONE', #4789, #3205, #4732, .T. ) ;
#3624 = DIRECTION ( 'NONE',  ( 0.08484904054336070423, 0.9746497312234392307, 0.2070230464101738554 ) ) ;
#3625 = AXIS2_PLACEMENT_3D ( 'NONE', #4200, #6088, #1311 ) ;
#3626 = ORIENTED_EDGE ( 'NONE', *, *, #528, .F. ) ;
#3627 = VERTEX_POINT ( 'NONE', #4270 ) ;
#3628 = LINE ( 'NONE', #2728, #5180 ) ;
#3629 = EDGE_CURVE ( 'NONE', #5765, #5594, #3227, .T. ) ;
#3630 = DIRECTION ( 'NONE',  ( -1.000000000000000000, 0.000000000000000000, 0.000000000000000000 ) ) ;
#3631 = FILL_AREA_STYLE ('',( #6001 ) ) ;
#3632 = CARTESIAN_POINT ( 'NONE',  ( -1.399653814629999937, -0.2500000000000000000, 1.499967589434519910 ) ) ;
#3633 = ORIENTED_EDGE ( 'NONE', *, *, #4025, .F. ) ;
#3634 = LINE ( 'NONE', #5512, #1114 ) ;
#3635 = CARTESIAN_POINT ( 'NONE',  ( -1.399999999999999911, -1.050000000000000044, 1.599967589430000059 ) ) ;
#3636 = DIRECTION ( 'NONE',  ( 0.9945218953682734009, 0.1045284632676540537, 1.538403000000000655E-33 ) ) ;
#3637 = ORIENTED_EDGE ( 'NONE', *, *, #2929, .T. ) ;
#3638 = ORIENTED_EDGE ( 'NONE', *, *, #4739, .F. ) ;
#3639 = DIRECTION ( 'NONE',  ( 0.000000000000000000, -1.000000000000000000, -0.000000000000000000 ) ) ;
#3640 = PLANE ( 'NONE',  #5951 ) ;
#3641 = CARTESIAN_POINT ( 'NONE',  ( 1.094885301944795275, -0.6387691941217088498, 1.732315134934082845 ) ) ;
#3642 = LINE ( 'NONE', #864, #4976 ) ;
#3643 = ORIENTED_EDGE ( 'NONE', *, *, #2442, .T. ) ;
#3644 = EDGE_CURVE ( 'NONE', #4262, #2906, #5299, .T. ) ;
#3645 = VERTEX_POINT ( 'NONE', #5113 ) ;
#3646 = CARTESIAN_POINT ( 'NONE',  ( -1.099653814629999893, -0.1562211005236600059, 0.9034372310898010072 ) ) ;
#3647 = CARTESIAN_POINT ( 'NONE',  ( -0.8335654176488289657, -0.9249999999999599654, 1.555086564541799721 ) ) ;
#3648 = CARTESIAN_POINT ( 'NONE',  ( 0.9003461853700209794, -0.8325679542733599448, -1.749206387657999962 ) ) ;
#3649 = CARTESIAN_POINT ( 'NONE',  ( -0.3110253032642443793, -0.9673014527590256817, -1.713749055951410583 ) ) ;
#3650 = ORIENTED_EDGE ( 'NONE', *, *, #5321, .F. ) ;
#3651 = ADVANCED_FACE ( 'NONE', ( #1834 ), #3720, .T. ) ;
#3652 = EDGE_CURVE ( 'NONE', #2857, #3461, #2334, .T. ) ;
#3653 = VERTEX_POINT ( 'NONE', #3257 ) ;
#3654 = EDGE_CURVE ( 'NONE', #524, #4844, #5144, .T. ) ;
#3655 = LINE ( 'NONE', #5530, #3218 ) ;
#3656 = FACE_OUTER_BOUND ( 'NONE', #645, .T. ) ;
#3657 = DIRECTION ( 'NONE',  ( -0.000000000000000000, -1.000000000000000000, -0.000000000000000000 ) ) ;
#3658 = ORIENTED_EDGE ( 'NONE', *, *, #5918, .F. ) ;
#3659 = PLANE ( 'NONE',  #3104 ) ;
#3660 = FACE_OUTER_BOUND ( 'NONE', #3766, .T. ) ;
#3661 = ORIENTED_EDGE ( 'NONE', *, *, #4619, .F. ) ;
#3662 = VERTEX_POINT ( 'NONE', #6103 ) ;
#3663 = CARTESIAN_POINT ( 'NONE',  ( 1.399999999999999911, -0.9217062662211372714, 0.7500324105699980315 ) ) ;
#3664 = ORIENTED_EDGE ( 'NONE', *, *, #1569, .T. ) ;
#3665 = CARTESIAN_POINT ( 'NONE',  ( -0.8321012955707540737, -0.9249999999999999334, 1.592165470667276317 ) ) ;
#3666 = ORIENTED_EDGE ( 'NONE', *, *, #4550, .T. ) ;
#3667 = VERTEX_POINT ( 'NONE', #3752 ) ;
#3668 = DIRECTION ( 'NONE',  ( -0.07898675866492370357, -0.9968756652439707544, -6.188791394394808667E-16 ) ) ;
#3669 = DIRECTION ( 'NONE',  ( -3.604641231665999851E-48, 1.000000000000000000, 2.943510999999999877E-32 ) ) ;
#3670 = DIRECTION ( 'NONE',  ( -0.7071067811865507924, 0.000000000000000000, 0.7071067811865441310 ) ) ;
#3671 = EDGE_CURVE ( 'NONE', #4762, #416, #1959, .T. ) ;
#3672 = LINE ( 'NONE', #1681, #929 ) ;
#3673 = DIRECTION ( 'NONE',  ( -1.000000000000000000, 0.000000000000000000, 8.878759775047679252E-34 ) ) ;
#3674 = ORIENTED_EDGE ( 'NONE', *, *, #990, .T. ) ;
#3675 = AXIS2_PLACEMENT_3D ( 'NONE', #768, #2669, #1326 ) ;
#3676 = ORIENTED_EDGE ( 'NONE', *, *, #2091, .T. ) ;
#3677 = DIRECTION ( 'NONE',  ( -1.224606000000000123E-16, 0.000000000000000000, 1.000000000000000000 ) ) ;
#3678 = PLANE ( 'NONE',  #1027 ) ;
#3679 = EDGE_CURVE ( 'NONE', #1089, #2346, #1078, .T. ) ;
#3680 = VECTOR ( 'NONE', #1473, 1000.000000000000114 ) ;
#3681 = CARTESIAN_POINT ( 'NONE',  ( 1.100346185370000063, -0.9007840407764108326, 1.605453700166579623 ) ) ;
#3682 = VERTEX_POINT ( 'NONE', #3445 ) ;
#3683 = DIRECTION ( 'NONE',  ( 0.000000000000000000, 0.000000000000000000, -1.000000000000000000 ) ) ;
#3684 = ADVANCED_FACE ( 'NONE', ( #608 ), #2013, .T. ) ;
#3685 = EDGE_CURVE ( 'NONE', #405, #4590, #1144, .T. ) ;
#3686 = LINE ( 'NONE', #4674, #4868 ) ;
#3687 = AXIS2_PLACEMENT_3D ( 'NONE', #1744, #2671, #2145 ) ;
#3688 = PLANE ( 'NONE',  #4871 ) ;
#3689 = ORIENTED_EDGE ( 'NONE', *, *, #4845, .T. ) ;
#3690 = ORIENTED_EDGE ( 'NONE', *, *, #1876, .F. ) ;
#3691 = VECTOR ( 'NONE', #3181, 1000.000000000000000 ) ;
#3692 = COLOUR_RGB ( '',1.000000000000000000, 1.000000000000000000, 1.000000000000000000 ) ;
#3693 = EDGE_CURVE ( 'NONE', #3249, #3443, #4357, .T. ) ;
#3694 = PLANE ( 'NONE',  #1910 ) ;
#3695 = ORIENTED_EDGE ( 'NONE', *, *, #3805, .T. ) ;
#3696 = PRESENTATION_LAYER_ASSIGNMENT (  '', '', ( #3103 ) ) ;
#3697 = STYLED_ITEM ( 'NONE', ( #5358 ), #2930 ) ;
#3698 = LINE ( 'NONE', #3793, #5260 ) ;
#3699 = EDGE_LOOP ( 'NONE', ( #2831, #4336, #4930, #2022, #1143, #592 ) ) ;
#3700 = VECTOR ( 'NONE', #1290, 1000.000000000000000 ) ;
#3701 = ORIENTED_EDGE ( 'NONE', *, *, #3805, .F. ) ;
#3702 = VECTOR ( 'NONE', #5480, 1000.000000000000000 ) ;
#3703 = CARTESIAN_POINT ( 'NONE',  ( 1.100346185370000063, -0.2950029523449699820, -1.450301913699300060 ) ) ;
#3704 = CARTESIAN_POINT ( 'NONE',  ( -1.094275277259783463, -0.4387691941217052305, -1.731305547384399679 ) ) ;
#3705 = CARTESIAN_POINT ( 'NONE',  ( 1.100346185370000063, -0.6442092950935299767, -1.607419514159599938 ) ) ;
#3706 = LINE ( 'NONE', #1946, #2212 ) ;
#3707 = AXIS2_PLACEMENT_3D ( 'NONE', #4906, #663, #2562 ) ;
#3708 = CARTESIAN_POINT ( 'NONE',  ( -1.399653814629999937, -0.9249999999999999334, 1.500000000002259970 ) ) ;
#3709 = VECTOR ( 'NONE', #5626, 999.9999999999998863 ) ;
#3710 = VERTEX_POINT ( 'NONE', #4426 ) ;
#3711 = ORIENTED_EDGE ( 'NONE', *, *, #2638, .T. ) ;
#3712 = PLANE ( 'NONE',  #721 ) ;
#3713 = DIRECTION ( 'NONE',  ( 0.000000000000000000, -0.9961943056174380473, 0.08716022863319201897 ) ) ;
#3714 = CYLINDRICAL_SURFACE ( 'NONE', #4881, 0.09999999999999993616 ) ;
#3715 = VERTEX_POINT ( 'NONE', #5720 ) ;
#3716 = CARTESIAN_POINT ( 'NONE',  ( -0.8342844993122423558, -0.8985521585898182950, 1.745097593292653348 ) ) ;
#3717 = CARTESIAN_POINT ( 'NONE',  ( -1.099653814629999893, -0.1243998541965399968, -1.510557960676199851 ) ) ;
#3718 = EDGE_CURVE ( 'NONE', #5499, #580, #3840, .T. ) ;
#3719 = ORIENTED_EDGE ( 'NONE', *, *, #1296, .F. ) ;
#3720 = PLANE ( 'NONE',  #2699 ) ;
#3721 = VECTOR ( 'NONE', #1349, 1000.000000000000227 ) ;
#3722 =( BOUNDED_CURVE ( )  B_SPLINE_CURVE ( 3, ( #747, #339, #2611, #2733 ),
 .UNSPECIFIED., .F., .T. ) 
 B_SPLINE_CURVE_WITH_KNOTS ( ( 4, 4 ),
 ( 0.9171357352648660255, 1.483525361173388957 ),
 .UNSPECIFIED. ) 
 CURVE ( )  GEOMETRIC_REPRESENTATION_ITEM ( )  RATIONAL_B_SPLINE_CURVE ( ( 1.000000000000000000, 0.9734450870308126724, 0.9734450870308126724, 1.000000000000000000 ) ) 
 REPRESENTATION_ITEM ( '' )  );
#3723 = DIRECTION ( 'NONE',  ( 1.000000000000000000, 0.000000000000000000, 1.224606000000000123E-16 ) ) ;
#3724 = DIRECTION ( 'NONE',  ( -2.957492677250104950E-32, -1.000000000000000000, 0.000000000000000000 ) ) ;
#3725 = ORIENTED_EDGE ( 'NONE', *, *, #3124, .T. ) ;
#3726 = ORIENTED_EDGE ( 'NONE', *, *, #1977, .F. ) ;
#3727 = EDGE_CURVE ( 'NONE', #4458, #2982, #5262, .T. ) ;
#3728 = EDGE_CURVE ( 'NONE', #2188, #4517, #152, .T. ) ;
#3729 = ORIENTED_EDGE ( 'NONE', *, *, #189, .T. ) ;
#3730 = EDGE_CURVE ( 'NONE', #1803, #4269, #2075, .T. ) ;
#3731 = CARTESIAN_POINT ( 'NONE',  ( 1.100346185369999175, -0.4387691941217055636, -1.669596928045476103 ) ) ;
#3732 = SURFACE_SIDE_STYLE ('',( #2270 ) ) ;
#3733 = CARTESIAN_POINT ( 'NONE',  ( 0.8281200001405280009, -0.9495665961581629677, -1.723423147859739935 ) ) ;
#3734 = ORIENTED_EDGE ( 'NONE', *, *, #4936, .T. ) ;
#3735 = CARTESIAN_POINT ( 'NONE',  ( -0.3148469896508999666, -0.9056314113743599847, -1.600521370863799975 ) ) ;
#3736 = ORIENTED_EDGE ( 'NONE', *, *, #5601, .F. ) ;
#3737 = EDGE_CURVE ( 'NONE', #5245, #4126, #3959, .T. ) ;
#3738 = CARTESIAN_POINT ( 'NONE',  ( -0.3239300043572699850, -0.9592471301520900662, 1.550032410577399933 ) ) ;
#3739 = PLANE ( 'NONE',  #4406 ) ;
#3740 = LINE ( 'NONE', #1784, #5880 ) ;
#3741 = CARTESIAN_POINT ( 'NONE',  ( -1.400346185369999885, -0.9249999999999999334, -1.499967589430000192 ) ) ;
#3742 = CYLINDRICAL_SURFACE ( 'NONE', #739, 0.2000000000000000666 ) ;
#3743 = EDGE_LOOP ( 'NONE', ( #3494, #1103, #4054, #39, #3077, #3093, #5031, #1896, #3139 ) ) ;
#3744 = ORIENTED_EDGE ( 'NONE', *, *, #1793, .T. ) ;
#3745 = DIRECTION ( 'NONE',  ( 0.000000000000000000, 0.000000000000000000, 1.000000000000000000 ) ) ;
#3746 = LINE ( 'NONE', #2844, #1134 ) ;
#3747 = DIRECTION ( 'NONE',  ( 1.000000000000000000, 0.000000000000000000, 0.000000000000000000 ) ) ;
#3748 = ORIENTED_EDGE ( 'NONE', *, *, #5638, .T. ) ;
#3749 = CARTESIAN_POINT ( 'NONE',  ( -1.099653814629999893, -0.6442092950935299767, -1.607419514159599938 ) ) ;
#3750 = CARTESIAN_POINT ( 'NONE',  ( 1.178382580480351161, -0.9249999999999999334, 1.500032410570000030 ) ) ;
#3751 = ORIENTED_EDGE ( 'NONE', *, *, #1524, .T. ) ;
#3752 = CARTESIAN_POINT ( 'NONE',  ( -1.099653814629999893, -0.03173312393769969764, -0.8968482715346000056 ) ) ;
#3753 = DIRECTION ( 'NONE',  ( 7.835226434153089945E-15, 0.000000000000000000, -1.000000000000000000 ) ) ;
#3754 = ADVANCED_FACE ( 'NONE', ( #5390 ), #1555, .T. ) ;
#3755 = CARTESIAN_POINT ( 'NONE',  ( 1.400346185369999885, -1.050000000000000044, 1.500032410570000030 ) ) ;
#3756 = ORIENTED_EDGE ( 'NONE', *, *, #690, .F. ) ;
#3757 = B_SPLINE_CURVE_WITH_KNOTS ( 'NONE', 3,
 ( #4268, #4355, #2910, #2478 ),
 .UNSPECIFIED., .F., .F.,
 ( 4, 4 ),
 ( 0.000000000000000000, 0.4289482627141389948 ),
 .UNSPECIFIED. ) ;
#3758 = ORIENTED_EDGE ( 'NONE', *, *, #4229, .T. ) ;
#3759 = ORIENTED_EDGE ( 'NONE', *, *, #1016, .F. ) ;
#3760 =( BOUNDED_CURVE ( )  B_SPLINE_CURVE ( 3, ( #1098, #5689, #4297, #5291 ),
 .UNSPECIFIED., .F., .T. ) 
 B_SPLINE_CURVE_WITH_KNOTS ( ( 4, 4 ),
 ( 4.393403241816635330, 4.712388980384689674 ),
 .UNSPECIFIED. ) 
 CURVE ( )  GEOMETRIC_REPRESENTATION_ITEM ( )  RATIONAL_B_SPLINE_CURVE ( ( 1.000000000000000000, 0.9915386343866841035, 0.9915386343866841035, 1.000000000000000000 ) ) 
 REPRESENTATION_ITEM ( '' )  );
#3761 = DIRECTION ( 'NONE',  ( 0.000000000000000000, -0.000000000000000000, -1.000000000000000000 ) ) ;
#3762 = ADVANCED_FACE ( 'NONE', ( #4393 ), #1486, .F. ) ;
#3763 = ORIENTED_EDGE ( 'NONE', *, *, #3943, .T. ) ;
#3764 = FACE_OUTER_BOUND ( 'NONE', #4392, .T. ) ;
#3765 = EDGE_CURVE ( 'NONE', #2675, #5366, #3003, .T. ) ;
#3766 = EDGE_LOOP ( 'NONE', ( #603, #5406, #2727, #5276, #3357, #5701 ) ) ;
#3767 = CARTESIAN_POINT ( 'NONE',  ( 0.2240622407965709995, -0.8971084386471399608, 1.608609989466800005 ) ) ;
#3768 = CARTESIAN_POINT ( 'NONE',  ( -1.177688978770079942, -0.6500000000000000222, 1.500032410570000030 ) ) ;
#3769 = DIRECTION ( 'NONE',  ( -0.004146767893995048117, -0.05233550626472773665, 0.9986209486587229733 ) ) ;
#3770 = EDGE_CURVE ( 'NONE', #961, #3546, #2453, .T. ) ;
#3771 = CARTESIAN_POINT ( 'NONE',  ( -1.399653814629999937, -1.050000000000000044, -1.499967589430000192 ) ) ;
#3772 = CARTESIAN_POINT ( 'NONE',  ( 0.3113516545625282239, -0.9675056487116088233, -1.713561982145675566 ) ) ;
#3773 = ORIENTED_EDGE ( 'NONE', *, *, #665, .F. ) ;
#3774 = VERTEX_POINT ( 'NONE', #3930 ) ;
#3775 = CARTESIAN_POINT ( 'NONE',  ( 0.8342443296148353005, -0.8992969007207257670, 1.744990119591379063 ) ) ;
#3776 = CARTESIAN_POINT ( 'NONE',  ( 1.100346185370000063, 0.0004300379947100309535, -1.510557960676199851 ) ) ;
#3777 = CARTESIAN_POINT ( 'NONE',  ( 1.399999999999999911, -0.1392041924772199901, -1.438462790198500096 ) ) ;
#3778 = EDGE_CURVE ( 'NONE', #3645, #3527, #5815, .T. ) ;
#3779 = EDGE_LOOP ( 'NONE', ( #3661, #3596, #1052, #355, #5589, #5126, #1168, #1073, #833 ) ) ;
#3780 = CARTESIAN_POINT ( 'NONE',  ( 1.399999999999999911, -1.050000000000000044, 1.500000000000000000 ) ) ;
#3781 = CARTESIAN_POINT ( 'NONE',  ( -0.3066372179768486750, -0.8709821199918998946, -1.622319836514526825 ) ) ;
#3782 = VERTEX_POINT ( 'NONE', #1584 ) ;
#3783 = CARTESIAN_POINT ( 'NONE',  ( -0.3148469896508799826, -1.050000000000000044, -1.499967589430000192 ) ) ;
#3784 = AXIS2_PLACEMENT_3D ( 'NONE', #38, #965, #2400 ) ;
#3785 = DIRECTION ( 'NONE',  ( -1.000000000000000000, -1.802320231665999787E-48, 1.899113549151960289E-63 ) ) ;
#3786 = CARTESIAN_POINT ( 'NONE',  ( -1.399999999999999911, -0.9249999999999999334, 1.600098464836000156 ) ) ;
#3787 = ORIENTED_EDGE ( 'NONE', *, *, #5209, .T. ) ;
#3788 = AXIS2_PLACEMENT_3D ( 'NONE', #1392, #3287, #5174 ) ;
#3789 = VECTOR ( 'NONE', #3424, 1000.000000000000114 ) ;
#3790 = CARTESIAN_POINT ( 'NONE',  ( 0.8273510186780098641, -0.9551348756712429999, -1.720226622891030122 ) ) ;
#3791 = CLOSED_SHELL ( 'NONE', ( #4627, #240, #3231, #4366, #3080, #4068, #5862, #5312, #5614, #2451, #733, #5421 ) ) ;
#3792 = PLANE ( 'NONE',  #5179 ) ;
#3793 = CARTESIAN_POINT ( 'NONE',  ( 1.077972718902663773, -1.050000000000000044, -1.599967589430000059 ) ) ;
#3794 = VECTOR ( 'NONE', #5356, 1000.000000000000000 ) ;
#3795 = ORIENTED_EDGE ( 'NONE', *, *, #4929, .F. ) ;
#3796 = EDGE_CURVE ( 'NONE', #5366, #2982, #3474, .T. ) ;
#3797 = VECTOR ( 'NONE', #531, 1000.000000000000000 ) ;
#3798 = PLANE ( 'NONE',  #2038 ) ;
#3799 = CARTESIAN_POINT ( 'NONE',  ( 1.100346185369999619, -0.4387691941217055636, -1.606943542311669804 ) ) ;
#3800 = VECTOR ( 'NONE', #1079, 1000.000000000000000 ) ;
#3801 =( GEOMETRIC_REPRESENTATION_CONTEXT ( 3 ) GLOBAL_UNCERTAINTY_ASSIGNED_CONTEXT ( ( #4979 ) ) GLOBAL_UNIT_ASSIGNED_CONTEXT ( ( #650, #184, #970 ) ) REPRESENTATION_CONTEXT ( 'NONE', 'WORKASPACE' ) );
#3802 = DIRECTION ( 'NONE',  ( -0.07737677026201142394, -0.9765563321390792195, 0.2008745020725332397 ) ) ;
#3803 = EDGE_LOOP ( 'NONE', ( #1553, #2100, #3267, #2882 ) ) ;
#3804 = VECTOR ( 'NONE', #5933, 1000.000000000000114 ) ;
#3805 = EDGE_CURVE ( 'NONE', #2386, #5084, #4453, .T. ) ;
#3806 = ORIENTED_EDGE ( 'NONE', *, *, #4217, .T. ) ;
#3807 = CARTESIAN_POINT ( 'NONE',  ( 1.364873505967830081, -0.5875000000000000222, 0.7500324105699980315 ) ) ;
#3808 = DIRECTION ( 'NONE',  ( -3.604641231665999851E-48, 1.000000000000000000, 2.943510999999999877E-32 ) ) ;
#3809 = EDGE_CURVE ( 'NONE', #229, #3210, #5298, .T. ) ;
#3810 = AXIS2_PLACEMENT_3D ( 'NONE', #1004, #5713, #3405 ) ;
#3811 = VERTEX_POINT ( 'NONE', #2603 ) ;
#3812 = LINE ( 'NONE', #58, #1436 ) ;
#3813 = LINE ( 'NONE', #2360, #5661 ) ;
#3814 = ORIENTED_EDGE ( 'NONE', *, *, #1255, .T. ) ;
#3815 = LINE ( 'NONE', #4707, #5175 ) ;
#3816 = LINE ( 'NONE', #5698, #3412 ) ;
#3817 = CARTESIAN_POINT ( 'NONE',  ( 1.399999999999999911, -0.9250000000000000444, -1.499967589429966219 ) ) ;
#3818 =( GEOMETRIC_REPRESENTATION_CONTEXT ( 3 ) GLOBAL_UNCERTAINTY_ASSIGNED_CONTEXT ( ( #2073 ) ) GLOBAL_UNIT_ASSIGNED_CONTEXT ( ( #1370, #5611, #5053 ) ) REPRESENTATION_CONTEXT ( 'NONE', 'WORKASPACE' ) );
#3819 = ORIENTED_EDGE ( 'NONE', *, *, #2862, .T. ) ;
#3820 = VERTEX_POINT ( 'NONE', #2137 ) ;
#3821 = CARTESIAN_POINT ( 'NONE',  ( 1.091262513970596926, -0.4387691941217052305, -1.773815004820241681 ) ) ;
#3822 = VERTEX_POINT ( 'NONE', #5068 ) ;
#3823 = DIRECTION ( 'NONE',  ( 0.7071067811865410224, -0.7044157488815208090, 0.06163158871630209507 ) ) ;
#3824 = PLANE ( 'NONE',  #5302 ) ;
#3825 = DIRECTION ( 'NONE',  ( 0.000000000000000000, 0.000000000000000000, 1.000000000000000000 ) ) ;
#3826 = EDGE_CURVE ( 'NONE', #5692, #3262, #5071, .T. ) ;
#3827 = DIRECTION ( 'NONE',  ( -0.08683102911531755119, 0.000000000000000000, 0.9962230535290652611 ) ) ;
#3828 = VERTEX_POINT ( 'NONE', #2690 ) ;
#3829 = ORIENTED_EDGE ( 'NONE', *, *, #5952, .T. ) ;
#3830 = CARTESIAN_POINT ( 'NONE',  ( 1.399999999999999911, -1.050000000000000044, -1.599967589430000059 ) ) ;
#3831 = CARTESIAN_POINT ( 'NONE',  ( 1.100346185370000063, -0.1995699620052900081, -1.510557960676199851 ) ) ;
#3832 = CARTESIAN_POINT ( 'NONE',  ( 1.399999999999999911, -0.9249999999999999334, -1.600098464836000156 ) ) ;
#3833 = ORIENTED_EDGE ( 'NONE', *, *, #1586, .F. ) ;
#3834 = EDGE_CURVE ( 'NONE', #1754, #4500, #1172, .T. ) ;
#3835 = FACE_OUTER_BOUND ( 'NONE', #65, .T. ) ;
#3836 = EDGE_CURVE ( 'NONE', #3254, #1476, #1236, .T. ) ;
#3837 = DIRECTION ( 'NONE',  ( -3.604641231665999851E-48, 1.000000000000000000, 2.943510999999999877E-32 ) ) ;
#3838 = ADVANCED_FACE ( 'NONE', ( #2162 ), #3130, .F. ) ;
#3839 = EDGE_LOOP ( 'NONE', ( #5935, #6098, #1774, #1954 ) ) ;
#3840 = LINE ( 'NONE', #1011, #5856 ) ;
#3841 = CARTESIAN_POINT ( 'NONE',  ( 1.100346185370000063, -0.1930181182223099923, 1.585506815182800011 ) ) ;
#3842 = ADVANCED_FACE ( 'NONE', ( #5040 ), #790, .F. ) ;
#3843 = CARTESIAN_POINT ( 'NONE',  ( -1.178447708059189969, -1.050000000000000044, 1.499967590878610091 ) ) ;
#3844 = ORIENTED_EDGE ( 'NONE', *, *, #5170, .F. ) ;
#3845 = VERTEX_POINT ( 'NONE', #1739 ) ;
#3846 = CARTESIAN_POINT ( 'NONE',  ( -0.8539431365113500094, -0.6781046715210899967, 1.753255361968599990 ) ) ;
#3847 = PLANE ( 'NONE',  #3598 ) ;
#3848 = EDGE_LOOP ( 'NONE', ( #5332, #1716, #2239, #5025 ) ) ;
#3849 = DIRECTION ( 'NONE',  ( 0.000000000000000000, 0.000000000000000000, -1.000000000000000000 ) ) ;
#3850 = CARTESIAN_POINT ( 'NONE',  ( 0.7366632454762165327, -1.850000000000000755, -0.9608097114987980136 ) ) ;
#3851 = DIRECTION ( 'NONE',  ( -1.000000000000000000, 0.000000000000000000, 0.000000000000000000 ) ) ;
#3852 = DIRECTION ( 'NONE',  ( 0.7087977427067109204, 2.076387293423559392E-32, -0.7054117662286838453 ) ) ;
#3853 = DIRECTION ( 'NONE',  ( -0.08715574274765794383, 0.9961946980917455452, 0.000000000000000000 ) ) ;
#3854 = ORIENTED_EDGE ( 'NONE', *, *, #5315, .F. ) ;
#3855 = ORIENTED_EDGE ( 'NONE', *, *, #3826, .T. ) ;
#3856 = DIRECTION ( 'NONE',  ( -1.000000000000000000, -1.112647000000040018E-34, 1.670477943807620142E-50 ) ) ;
#3857 = CARTESIAN_POINT ( 'NONE',  ( -1.399999999999999911, -0.9249999999999999334, -1.500000000000000000 ) ) ;
#3858 = EDGE_CURVE ( 'NONE', #580, #2389, #3628, .T. ) ;
#3859 = DIRECTION ( 'NONE',  ( -9.441901523824928940E-16, -0.08716022863320797842, 0.9961943056174366040 ) ) ;
#3860 =( BOUNDED_CURVE ( )  B_SPLINE_CURVE ( 3, ( #4102, #781, #3665, #1220 ),
 .UNSPECIFIED., .F., .T. ) 
 B_SPLINE_CURVE_WITH_KNOTS ( ( 4, 4 ),
 ( 1.889782065363434960, 1.996171517738124956 ),
 .UNSPECIFIED. ) 
 CURVE ( )  GEOMETRIC_REPRESENTATION_ITEM ( )  RATIONAL_B_SPLINE_CURVE ( ( 1.000000000000000000, 0.9990569960999353682, 0.9990569960999353682, 1.000000000000000000 ) ) 
 REPRESENTATION_ITEM ( '' )  );
#3861 = ORIENTED_EDGE ( 'NONE', *, *, #3858, .T. ) ;
#3862 = CARTESIAN_POINT ( 'NONE',  ( 0.9253461853700208906, -0.9249999999999999334, 1.700098464836000023 ) ) ;
#3863 = ORIENTED_EDGE ( 'NONE', *, *, #5121, .F. ) ;
#3864 = CARTESIAN_POINT ( 'NONE',  ( 1.091262513970596926, -0.6387691941217051861, -1.773815004820241681 ) ) ;
#3865 = ADVANCED_FACE ( 'NONE', ( #5423 ), #4947, .F. ) ;
#3866 = CARTESIAN_POINT ( 'NONE',  ( -0.2148469896508999888, -0.7832755502498399691, -1.619586865976599954 ) ) ;
#3867 = CARTESIAN_POINT ( 'NONE',  ( 0.5003461853700004180, -0.2500000000000000000, 3.241057000114010188E-05 ) ) ;
#3868 = CARTESIAN_POINT ( 'NONE',  ( -1.329662883809260121, -1.850000000000000089, -0.9299766586093038967 ) ) ;
#3869 = ORIENTED_EDGE ( 'NONE', *, *, #4971, .T. ) ;
#3870 = ORIENTED_EDGE ( 'NONE', *, *, #349, .T. ) ;
#3871 = DIRECTION ( 'NONE',  ( 0.000000000000000000, -0.6755885476259909650, -0.7372788579069687875 ) ) ;
#3872 = EDGE_CURVE ( 'NONE', #5499, #682, #5107, .T. ) ;
#3873 = AXIS2_PLACEMENT_3D ( 'NONE', #3335, #1375, #3240 ) ;
#3874 = CARTESIAN_POINT ( 'NONE',  ( -1.399999999999999911, -0.9249999999999999334, -1.600098464836000156 ) ) ;
#3875 = LINE ( 'NONE', #3299, #6063 ) ;
#3876 = VECTOR ( 'NONE', #553, 1000.000000000000114 ) ;
#3877 = ORIENTED_EDGE ( 'NONE', *, *, #681, .T. ) ;
#3878 = VECTOR ( 'NONE', #5454, 1000.000000000000227 ) ;
#3879 = CARTESIAN_POINT ( 'NONE',  ( -0.3082086823792804520, -0.9251700824903280607, 1.580295532442846040 ) ) ;
#3880 = CARTESIAN_POINT ( 'NONE',  ( 0.000000000000000000, -1.050000000000000044, 0.000000000000000000 ) ) ;
#3881 = VECTOR ( 'NONE', #4741, 1000.000000000000000 ) ;
#3882 = LINE ( 'NONE', #1997, #3680 ) ;
#3883 = CYLINDRICAL_SURFACE ( 'NONE', #1318, 0.1000000000000000472 ) ;
#3884 = VECTOR ( 'NONE', #2227, 1000.000000000000000 ) ;
#3885 = CARTESIAN_POINT ( 'NONE',  ( -0.2556863204146244128, -0.9007839149129427403, 1.605459443108841810 ) ) ;
#3886 = ORIENTED_EDGE ( 'NONE', *, *, #3517, .F. ) ;
#3887 = VECTOR ( 'NONE', #4334, 999.9999999999998863 ) ;
#3888 = ORIENTED_EDGE ( 'NONE', *, *, #2092, .F. ) ;
#3889 = AXIS2_PLACEMENT_3D ( 'NONE', #2707, #2206, #4592 ) ;
#3890 = CARTESIAN_POINT ( 'NONE',  ( -1.329662883809260121, -1.850000000000000089, 1.430041479749299960 ) ) ;
#3891 = CARTESIAN_POINT ( 'NONE',  ( -1.338084194258480020, -0.1392041924772199901, 1.438462790198499874 ) ) ;
#3892 = VECTOR ( 'NONE', #2236, 1000.000000000000114 ) ;
#3893 = ORIENTED_EDGE ( 'NONE', *, *, #5087, .F. ) ;
#3894 = LINE ( 'NONE', #149, #6074 ) ;
#3895 = AXIS2_PLACEMENT_3D ( 'NONE', #5382, #1550, #3372 ) ;
#3896 = AXIS2_PLACEMENT_3D ( 'NONE', #6054, #4290, #1351 ) ;
#3897 = ORIENTED_EDGE ( 'NONE', *, *, #1448, .T. ) ;
#3898 = VECTOR ( 'NONE', #5741, 1000.000000000000000 ) ;
#3899 = VERTEX_POINT ( 'NONE', #364 ) ;
#3900 = DIRECTION ( 'NONE',  ( -1.000000000000000000, -0.000000000000000000, 6.528255230898268933E-09 ) ) ;
#3901 = CARTESIAN_POINT ( 'NONE',  ( 0.8253774262444100174, -0.9548900323960690661, 1.720314219224130525 ) ) ;
#3902 = CIRCLE ( 'NONE', #3525, 0.5000000000000000000 ) ;
#3903 = LINE ( 'NONE', #520, #4681 ) ;
#3904 = AXIS2_PLACEMENT_3D ( 'NONE', #1971, #197, #1162 ) ;
#3905 = DIRECTION ( 'NONE',  ( 1.000000000000000000, 0.000000000000000000, 0.000000000000000000 ) ) ;
#3906 = PLANE ( 'NONE',  #3873 ) ;
#3907 = EDGE_CURVE ( 'NONE', #2997, #4952, #1355, .T. ) ;
#3908 = ORIENTED_EDGE ( 'NONE', *, *, #1183, .F. ) ;
#3909 = EDGE_LOOP ( 'NONE', ( #270, #3637, #2969, #2012, #103, #2557 ) ) ;
#3910 = CARTESIAN_POINT ( 'NONE',  ( 0.9003461853700001072, -0.8434481562170199620, 1.624916381041099811 ) ) ;
#3911 = DIRECTION ( 'NONE',  ( -1.222927720037659678E-16, 0.05233595624294698490, 0.9986295347545737222 ) ) ;
#3912 = VECTOR ( 'NONE', #1852, 1000.000000000000000 ) ;
#3913 = EDGE_CURVE ( 'NONE', #855, #4567, #4664, .T. ) ;
#3914 = ORIENTED_EDGE ( 'NONE', *, *, #5207, .T. ) ;
#3915 = ADVANCED_FACE ( 'NONE', ( #2843 ), #5559, .T. ) ;
#3916 = CARTESIAN_POINT ( 'NONE',  ( 0.1591093792300232734, -1.850000000000000089, -1.199894822961045326 ) ) ;
#3917 = CARTESIAN_POINT ( 'NONE',  ( 0.3221132436085639150, -1.021203403025470857, 1.620315621422576235 ) ) ;
#3918 = LINE ( 'NONE', #2494, #2321 ) ;
#3919 = DIRECTION ( 'NONE',  ( 0.000000000000000000, 0.000000000000000000, 1.000000000000000000 ) ) ;
#3920 = ORIENTED_EDGE ( 'NONE', *, *, #3012, .F. ) ;
#3921 = ORIENTED_EDGE ( 'NONE', *, *, #4765, .T. ) ;
#3922 = DIRECTION ( 'NONE',  ( -1.000000000000000000, 0.000000000000000000, -1.224606000000000123E-16 ) ) ;
#3923 = LINE ( 'NONE', #975, #3022 ) ;
#3924 = B_SPLINE_CURVE_WITH_KNOTS ( 'NONE', 3,
 ( #2086, #1187, #2533, #1598 ),
 .UNSPECIFIED., .F., .F.,
 ( 4, 4 ),
 ( 0.000000000000000000, 1.000000000000000000 ),
 .UNSPECIFIED. ) ;
#3925 = CARTESIAN_POINT ( 'NONE',  ( -0.8539431365113500094, -0.8785660737170098988, -1.747916963089400033 ) ) ;
#3926 = ORIENTED_EDGE ( 'NONE', *, *, #879, .F. ) ;
#3927 = PLANE ( 'NONE',  #5284 ) ;
#3928 = ORIENTED_EDGE ( 'NONE', *, *, #375, .T. ) ;
#3929 = ORIENTED_EDGE ( 'NONE', *, *, #3671, .F. ) ;
#3930 = CARTESIAN_POINT ( 'NONE',  ( -1.400346185369999885, -1.050000000000000044, 1.599967589430000059 ) ) ;
#3931 = DIRECTION ( 'NONE',  ( 0.7087801582446935367, 0.000000000000000000, -0.7054294346556763129 ) ) ;
#3932 = CARTESIAN_POINT ( 'NONE',  ( 1.399999999999999911, -0.1392041924772199901, -1.752467526534499997 ) ) ;
#3933 = CARTESIAN_POINT ( 'NONE',  ( 1.377832099365027707, -0.6404775229434569450, -1.470127699765110485 ) ) ;
#3934 = ORIENTED_EDGE ( 'NONE', *, *, #3075, .T. ) ;
#3935 = ORIENTED_EDGE ( 'NONE', *, *, #5176, .T. ) ;
#3936 = CARTESIAN_POINT ( 'NONE',  ( 1.077906346199869914, -1.043632083895880136, -1.600033643681100015 ) ) ;
#3937 = ADVANCED_FACE ( 'NONE', ( #17 ), #1388, .F. ) ;
#3938 = DIRECTION ( 'NONE',  ( 0.07855765701086132868, 0.9914600613619914959, -0.1040943862513246526 ) ) ;
#3939 = LINE ( 'NONE', #2615, #4184 ) ;
#3940 = ORIENTED_EDGE ( 'NONE', *, *, #424, .T. ) ;
#3941 = ORIENTED_EDGE ( 'NONE', *, *, #4931, .F. ) ;
#3942 = CARTESIAN_POINT ( 'NONE',  ( -0.8931019708470158136, -0.8500000000000099698, -1.625137634343248871 ) ) ;
#3943 = EDGE_CURVE ( 'NONE', #4389, #2036, #4383, .T. ) ;
#3944 = PLANE ( 'NONE',  #3294 ) ;
#3945 = DIRECTION ( 'NONE',  ( 0.000000000000000000, 0.000000000000000000, -1.000000000000000000 ) ) ;
#3946 = ADVANCED_FACE ( 'NONE', ( #3317 ), #3280, .T. ) ;
#3947 = LINE ( 'NONE', #5283, #5780 ) ;
#3948 = VERTEX_POINT ( 'NONE', #2817 ) ;
#3949 = VERTEX_POINT ( 'NONE', #2323 ) ;
#3950 = CARTESIAN_POINT ( 'NONE',  ( -1.099653814629999893, -0.3135117487342199416, -1.461477968693200014 ) ) ;
#3951 = PLANE ( 'NONE',  #535 ) ;
#3952 =( BOUNDED_CURVE ( )  B_SPLINE_CURVE ( 3, ( #3297, #1845, #5263, #841 ),
 .UNSPECIFIED., .F., .T. ) 
 B_SPLINE_CURVE_WITH_KNOTS ( ( 4, 4 ),
 ( 2.229057707711964653, 3.141592653589795336 ),
 .UNSPECIFIED. ) 
 CURVE ( )  GEOMETRIC_REPRESENTATION_ITEM ( )  RATIONAL_B_SPLINE_CURVE ( ( 1.000000000000000000, 0.9318022001431656154, 0.9318022001431656154, 1.000000000000000000 ) ) 
 REPRESENTATION_ITEM ( '' )  );
#3953 = ADVANCED_FACE ( 'NONE', ( #5625 ), #3712, .T. ) ;
#3954 = CARTESIAN_POINT ( 'NONE',  ( 0.9253461853700208906, -1.043632083895880136, 1.600098464836000156 ) ) ;
#3955 = ORIENTED_EDGE ( 'NONE', *, *, #1762, .T. ) ;
#3956 = DIRECTION ( 'NONE',  ( -0.7071067811865481278, 0.7044157488815139256, -0.06163158871630115138 ) ) ;
#3957 = ORIENTED_EDGE ( 'NONE', *, *, #3190, .T. ) ;
#3958 = ORIENTED_EDGE ( 'NONE', *, *, #4098, .T. ) ;
#3959 = LINE ( 'NONE', #5844, #1306 ) ;
#3960 = EDGE_CURVE ( 'NONE', #3948, #2943, #4424, .T. ) ;
#3961 = LINE ( 'NONE', #88, #2814 ) ;
#3962 = SURFACE_STYLE_FILL_AREA ( #155 ) ;
#3963 = FACE_OUTER_BOUND ( 'NONE', #1689, .T. ) ;
#3964 = CARTESIAN_POINT ( 'NONE',  ( 0.8253774262444100174, -0.9548900323960690661, 1.720314219224130525 ) ) ;
#3965 = ORIENTED_EDGE ( 'NONE', *, *, #4254, .F. ) ;
#3966 = CARTESIAN_POINT ( 'NONE',  ( 0.3151530103492110046, -0.9911048510089534025, -1.691763381880767136 ) ) ;
#3967 = DIRECTION ( 'NONE',  ( 0.1464070660461430640, 2.911792988351300768E-32, -0.9892244290411353891 ) ) ;
#3968 = ORIENTED_EDGE ( 'NONE', *, *, #1962, .T. ) ;
#3969 = EDGE_LOOP ( 'NONE', ( #3863, #5654, #2610, #2509, #2000, #2276 ) ) ;
#3970 = CARTESIAN_POINT ( 'NONE',  ( 1.077972716491063743, -1.043649151657340513, -1.599967587158386495 ) ) ;
#3971 = CYLINDRICAL_SURFACE ( 'NONE', #2498, 0.5000000000000000000 ) ;
#3972 = CARTESIAN_POINT ( 'NONE',  ( 0.2547411529116004325, -0.9007823281990021691, 1.605457786783702545 ) ) ;
#3973 = VECTOR ( 'NONE', #5270, 1000.000000000000114 ) ;
#3974 = FACE_OUTER_BOUND ( 'NONE', #3839, .T. ) ;
#3975 = ORIENTED_EDGE ( 'NONE', *, *, #1228, .T. ) ;
#3976 = EDGE_CURVE ( 'NONE', #5964, #3362, #883, .T. ) ;
#3977 = EDGE_LOOP ( 'NONE', ( #2518, #6106, #2953, #1780, #5362, #459 ) ) ;
#3978 = CARTESIAN_POINT ( 'NONE',  ( 0.0003461853700004179925, -1.850000000000000089, 3.241057000114010188E-05 ) ) ;
#3979 = CARTESIAN_POINT ( 'NONE',  ( -0.3140752015264230979, -0.9850847623428392597, -1.697386305648695970 ) ) ;
#3980 = LINE ( 'NONE', #5009, #4001 ) ;
#3981 = VECTOR ( 'NONE', #5746, 1000.000000000000000 ) ;
#3982 = ORIENTED_EDGE ( 'NONE', *, *, #4860, .F. ) ;
#3983 = DIRECTION ( 'NONE',  ( -1.224606000000000123E-16, -2.943510999999999877E-32, 1.000000000000000000 ) ) ;
#3984 = COLOUR_RGB ( '',1.000000000000000000, 1.000000000000000000, 1.000000000000000000 ) ;
#3985 = EDGE_LOOP ( 'NONE', ( #3886, #199, #4460, #1065 ) ) ;
#3986 = EDGE_CURVE ( 'NONE', #5094, #3553, #5167, .T. ) ;
#3987 = EDGE_CURVE ( 'NONE', #2912, #5819, #6027, .T. ) ;
#3988 = VECTOR ( 'NONE', #5502, 1000.000000000000114 ) ;
#3989 = VECTOR ( 'NONE', #2878, 1000.000000000000114 ) ;
#3990 =( BOUNDED_CURVE ( )  B_SPLINE_CURVE ( 3, ( #474, #4255, #6087, #3738 ),
 .UNSPECIFIED., .F., .T. ) 
 B_SPLINE_CURVE_WITH_KNOTS ( ( 4, 4 ),
 ( 1.173021345769980073, 1.423861110353894066 ),
 .UNSPECIFIED. ) 
 CURVE ( )  GEOMETRIC_REPRESENTATION_ITEM ( )  RATIONAL_B_SPLINE_CURVE ( ( 1.000000000000000000, 0.9947634873701840519, 0.9947634873701840519, 1.000000000000000000 ) ) 
 REPRESENTATION_ITEM ( '' )  );
#3991 = ORIENTED_EDGE ( 'NONE', *, *, #1795, .F. ) ;
#3992 = EDGE_CURVE ( 'NONE', #1602, #2429, #6050, .T. ) ;
#3993 =( GEOMETRIC_REPRESENTATION_CONTEXT ( 3 ) GLOBAL_UNCERTAINTY_ASSIGNED_CONTEXT ( ( #3506 ) ) GLOBAL_UNIT_ASSIGNED_CONTEXT ( ( #4987, #5789, #5330 ) ) REPRESENTATION_CONTEXT ( 'NONE', 'WORKASPACE' ) );
#3994 = CARTESIAN_POINT ( 'NONE',  ( -0.8308110784678673921, -0.9249999999999999334, -1.630020253741303549 ) ) ;
#3995 = DIRECTION ( 'NONE',  ( -0.08672790821315508325, -0.9962320361928592716, 0.000000000000000000 ) ) ;
#3996 = VECTOR ( 'NONE', #3823, 1000.000000000000114 ) ;
#3997 = VECTOR ( 'NONE', #6121, 1000.000000000000000 ) ;
#3998 = DIRECTION ( 'NONE',  ( -4.761750516187731562E-23, -0.08716022863319301817, -0.9961943056174381583 ) ) ;
#3999 = FACE_OUTER_BOUND ( 'NONE', #3198, .T. ) ;
#4000 = ORIENTED_EDGE ( 'NONE', *, *, #115, .F. ) ;
#4001 = VECTOR ( 'NONE', #5063, 1000.000000000000000 ) ;
#4002 = CARTESIAN_POINT ( 'NONE',  ( -0.8296984163793900136, -0.9249999999999999334, -1.668673281070500058 ) ) ;
#4003 = AXIS2_PLACEMENT_3D ( 'NONE', #1197, #5527, #787 ) ;
#4004 = DIRECTION ( 'NONE',  ( -0.08568640121303962298, 0.9745796342366448428, -0.2070081572748409815 ) ) ;
#4005 = FACE_OUTER_BOUND ( 'NONE', #4353, .T. ) ;
#4006 = VECTOR ( 'NONE', #1356, 1000.000000000000114 ) ;
#4007 = ORIENTED_EDGE ( 'NONE', *, *, #5087, .T. ) ;
#4008 = VERTEX_POINT ( 'NONE', #1790 ) ;
#4009 = FILL_AREA_STYLE_COLOUR ( '', #130 ) ;
#4010 = DIRECTION ( 'NONE',  ( 0.000000000000000000, -0.6755882392188107266, 0.7372791405086861483 ) ) ;
#4011 = DIRECTION ( 'NONE',  ( 0.000000000000000000, -1.000000000000000000, 0.000000000000000000 ) ) ;
#4012 = CARTESIAN_POINT ( 'NONE',  ( 1.400346185369999885, -1.050000000000000044, 1.599967589430000059 ) ) ;
#4013 = ORIENTED_EDGE ( 'NONE', *, *, #2890, .F. ) ;
#4014 = VECTOR ( 'NONE', #2032, 1000.000000000000000 ) ;
#4015 = ORIENTED_EDGE ( 'NONE', *, *, #3325, .T. ) ;
#4016 = DIRECTION ( 'NONE',  ( -1.224606000000000123E-16, -2.943510999999999877E-32, 1.000000000000000000 ) ) ;
#4017 = PLANE ( 'NONE',  #2436 ) ;
#4018 = DIRECTION ( 'NONE',  ( -1.000000000000000000, 0.000000000000000000, 0.000000000000000000 ) ) ;
#4019 = EDGE_CURVE ( 'NONE', #5696, #3315, #5655, .T. ) ;
#4020 = PLANE ( 'NONE',  #4491 ) ;
#4021 = ORIENTED_EDGE ( 'NONE', *, *, #381, .F. ) ;
#4022 = VERTEX_POINT ( 'NONE', #4634 ) ;
#4023 = CARTESIAN_POINT ( 'NONE',  ( -1.199653814629999760, -1.849949999999999983, 3.241057000141115243E-05 ) ) ;
#4024 = EDGE_CURVE ( 'NONE', #3820, #5261, #391, .T. ) ;
#4025 = EDGE_CURVE ( 'NONE', #824, #4043, #3465, .T. ) ;
#4026 = PLANE ( 'NONE',  #3392 ) ;
#4027 = LINE ( 'NONE', #5846, #1927 ) ;
#4028 = EDGE_CURVE ( 'NONE', #1141, #296, #4481, .T. ) ;
#4029 = CARTESIAN_POINT ( 'NONE',  ( 0.8253602588723074618, -0.9558504567345196268, 1.698161249848051613 ) ) ;
#4030 = ORIENTED_EDGE ( 'NONE', *, *, #1569, .F. ) ;
#4031 = CARTESIAN_POINT ( 'NONE',  ( -1.099653814630001891, -0.4387691941217055636, 1.669661749200343603 ) ) ;
#4032 = EDGE_CURVE ( 'NONE', #1803, #2053, #2500, .T. ) ;
#4033 = LINE ( 'NONE', #2613, #1627 ) ;
#4034 = CARTESIAN_POINT ( 'NONE',  ( -0.8246538146299998706, -0.9537363479935498933, 1.700098464836000023 ) ) ;
#4035 = ORIENTED_EDGE ( 'NONE', *, *, #2703, .T. ) ;
#4036 = ORIENTED_EDGE ( 'NONE', *, *, #5088, .T. ) ;
#4037 = CARTESIAN_POINT ( 'NONE',  ( 0.000000000000000000, -0.4387691941217052305, 0.000000000000000000 ) ) ;
#4038 = CARTESIAN_POINT ( 'NONE',  ( -1.400346185369999885, -0.9249999999999999334, -1.499967589430000192 ) ) ;
#4039 = DIRECTION ( 'NONE',  ( 0.000000000000000000, 0.000000000000000000, -1.000000000000000000 ) ) ;
#4040 = FACE_OUTER_BOUND ( 'NONE', #5864, .T. ) ;
#4041 = CARTESIAN_POINT ( 'NONE',  ( 0.3217573062290439712, -0.9475190765926180259, 1.550032410577399933 ) ) ;
#4042 = ORIENTED_EDGE ( 'NONE', *, *, #3992, .T. ) ;
#4043 = VERTEX_POINT ( 'NONE', #3437 ) ;
#4044 = DIRECTION ( 'NONE',  ( -0.000000000000000000, -1.000000000000000000, -0.000000000000000000 ) ) ;
#4045 = CARTESIAN_POINT ( 'NONE',  ( -1.399999999999999911, -1.050000000000000044, -1.500000000000000000 ) ) ;
#4046 = CARTESIAN_POINT ( 'NONE',  ( 0.9003461853700209794, -0.8434481562170000890, -1.624851559886199892 ) ) ;
#4047 = FACE_OUTER_BOUND ( 'NONE', #5149, .T. ) ;
#4048 = ORIENTED_EDGE ( 'NONE', *, *, #1623, .T. ) ;
#4049 = ORIENTED_EDGE ( 'NONE', *, *, #3084, .T. ) ;
#4050 = CARTESIAN_POINT ( 'NONE',  ( -0.1584170084901679043, -1.849999999999999867, 1.199959644101079581 ) ) ;
#4051 = CYLINDRICAL_SURFACE ( 'NONE', #5089, 0.09999999999999993616 ) ;
#4052 = DIRECTION ( 'NONE',  ( 0.000000000000000000, -1.000000000000000000, -0.000000000000000000 ) ) ;
#4053 = ADVANCED_FACE ( 'NONE', ( #5807, #5319 ), #5836, .T. ) ;
#4054 = ORIENTED_EDGE ( 'NONE', *, *, #3679, .T. ) ;
#4055 = CARTESIAN_POINT ( 'NONE',  ( 1.100346185370000063, -0.6333290931498900544, -1.731774341931300087 ) ) ;
#4056 = DIRECTION ( 'NONE',  ( 0.07767724310006517141, -0.9969785583975079302, 0.000000000000000000 ) ) ;
#4057 =( BOUNDED_CURVE ( )  B_SPLINE_CURVE ( 3, ( #5403, #4926, #4859, #624 ),
 .UNSPECIFIED., .F., .T. ) 
 B_SPLINE_CURVE_WITH_KNOTS ( ( 4, 4 ),
 ( 3.141592653589795336, 4.054127599467630461 ),
 .UNSPECIFIED. ) 
 CURVE ( )  GEOMETRIC_REPRESENTATION_ITEM ( )  RATIONAL_B_SPLINE_CURVE ( ( 1.000000000000000000, 0.9318022001431650603, 0.9318022001431650603, 1.000000000000000000 ) ) 
 REPRESENTATION_ITEM ( '' )  );
#4058 = CARTESIAN_POINT ( 'NONE',  ( 0.8546355072513410756, -0.8903354500379199177, -1.613399352759300021 ) ) ;
#4059 = VERTEX_POINT ( 'NONE', #2003 ) ;
#4060 = EDGE_LOOP ( 'NONE', ( #2409, #4128, #4754, #1611, #4436 ) ) ;
#4061 = EDGE_CURVE ( 'NONE', #638, #4326, #1003, .T. ) ;
#4062 = EDGE_CURVE ( 'NONE', #4156, #2529, #2541, .T. ) ;
#4063 = CARTESIAN_POINT ( 'NONE',  ( -0.8311061474656700199, -0.9249999999999999334, -1.735372488711899974 ) ) ;
#4064 = CARTESIAN_POINT ( 'NONE',  ( -0.8539431365113500094, -0.8903354500379199177, 1.613464173914199939 ) ) ;
#4065 = DIRECTION ( 'NONE',  ( 1.000000000000000000, 0.000000000000000000, 0.000000000000000000 ) ) ;
#4066 = DIRECTION ( 'NONE',  ( -1.000000000000000000, 0.000000000000000000, -1.224606000000000123E-16 ) ) ;
#4067 = VERTEX_POINT ( 'NONE', #5254 ) ;
#4068 = ADVANCED_FACE ( 'NONE', ( #175 ), #1069, .T. ) ;
#4069 = ORIENTED_EDGE ( 'NONE', *, *, #2441, .T. ) ;
#4070 = CARTESIAN_POINT ( 'NONE',  ( -0.8931019708470158136, -0.8500000000000099698, -1.625137634343248871 ) ) ;
#4071 = LINE ( 'NONE', #5380, #2127 ) ;
#4072 = VECTOR ( 'NONE', #4596, 1000.000000000000114 ) ;
#4073 = DIRECTION ( 'NONE',  ( -1.000000000000000000, 0.000000000000000000, 0.000000000000000000 ) ) ;
#4074 = DIRECTION ( 'NONE',  ( -1.287618778193764479E-33, 0.000000000000000000, 1.000000000000000000 ) ) ;
#4075 = ORIENTED_EDGE ( 'NONE', *, *, #3376, .F. ) ;
#4076 = ORIENTED_EDGE ( 'NONE', *, *, #1066, .T. ) ;
#4077 = VECTOR ( 'NONE', #4523, 1000.000000000000000 ) ;
#4078 = DIRECTION ( 'NONE',  ( -0.9962320361928593826, 0.08672790821315509713, 0.000000000000000000 ) ) ;
#4079 = DIRECTION ( 'NONE',  ( 0.000000000000000000, -0.6755885476259909650, -0.7372788579069687875 ) ) ;
#4080 = VECTOR ( 'NONE', #3174, 1000.000000000000227 ) ;
#4081 = VECTOR ( 'NONE', #557, 1000.000000000000000 ) ;
#4082 = DIRECTION ( 'NONE',  ( 4.356451344436569753E-33, 1.000000000000000000, 0.000000000000000000 ) ) ;
#4083 = AXIS2_PLACEMENT_3D ( 'NONE', #3334, #2925, #992 ) ;
#4084 = ORIENTED_EDGE ( 'NONE', *, *, #2695, .F. ) ;
#4085 = LINE ( 'NONE', #4146, #1413 ) ;
#4086 = AXIS2_PLACEMENT_3D ( 'NONE', #1995, #134, #3849 ) ;
#4087 = VECTOR ( 'NONE', #852, 1000.000000000000000 ) ;
#4088 = CARTESIAN_POINT ( 'NONE',  ( -0.2148469896508999888, -0.9057336855331299397, -1.742045001259900028 ) ) ;
#4089 = EDGE_CURVE ( 'NONE', #938, #3579, #1605, .T. ) ;
#4090 = DIRECTION ( 'NONE',  ( 0.000000000000000000, 1.471755110434168018E-32, -1.000000000000000000 ) ) ;
#4091 = VERTEX_POINT ( 'NONE', #574 ) ;
#4092 = VECTOR ( 'NONE', #4018, 1000.000000000000000 ) ;
#4093 = ORIENTED_EDGE ( 'NONE', *, *, #6062, .T. ) ;
#4094 = AXIS2_PLACEMENT_3D ( 'NONE', #394, #6065, #3185 ) ;
#4095 = FACE_OUTER_BOUND ( 'NONE', #4595, .T. ) ;
#4096 = LINE ( 'NONE', #1752, #2196 ) ;
#4097 = VECTOR ( 'NONE', #3677, 1000.000000000000000 ) ;
#4098 = EDGE_CURVE ( 'NONE', #2961, #3303, #4380, .T. ) ;
#4099 = PLANE ( 'NONE',  #2712 ) ;
#4100 = ORIENTED_EDGE ( 'NONE', *, *, #5315, .T. ) ;
#4101 = EDGE_CURVE ( 'NONE', #5872, #5607, #3497, .T. ) ;
#4102 = CARTESIAN_POINT ( 'NONE',  ( -0.8296984163793900136, -0.9249999999999999334, 1.668738102225399977 ) ) ;
#4103 = EDGE_CURVE ( 'NONE', #4561, #5289, #1478, .T. ) ;
#4104 = ORIENTED_EDGE ( 'NONE', *, *, #1886, .F. ) ;
#4105 = ORIENTED_EDGE ( 'NONE', *, *, #994, .T. ) ;
#4106 = CARTESIAN_POINT ( 'NONE',  ( 0.8588621040985998656, -1.035255832108370022, -1.625335136751600018 ) ) ;
#4107 = CARTESIAN_POINT ( 'NONE',  ( 0.8265295487626277415, -0.9343787706080260991, -1.717771515113594605 ) ) ;
#4108 = CARTESIAN_POINT ( 'NONE',  ( 1.100346185370000063, -0.1243998541965399968, -1.510557960676199851 ) ) ;
#4109 = EDGE_CURVE ( 'NONE', #2168, #2663, #2936, .T. ) ;
#4110 = DIRECTION ( 'NONE',  ( 0.1464070660461879725, -2.911792988351279420E-32, 0.9892244290411288388 ) ) ;
#4111 = VERTEX_POINT ( 'NONE', #3370 ) ;
#4112 = VERTEX_POINT ( 'NONE', #4838 ) ;
#4113 = CARTESIAN_POINT ( 'NONE',  ( -0.3148469896508999666, -0.9939373499163199899, -1.688827309405799948 ) ) ;
#4114 = LINE ( 'NONE', #4238, #1736 ) ;
#4115 = CARTESIAN_POINT ( 'NONE',  ( -1.199653814629999538, -1.850000000000000311, 0.1589715062155418190 ) ) ;
#4116 = PLANE ( 'NONE',  #931 ) ;
#4117 = LINE ( 'NONE', #6002, #5057 ) ;
#4118 = ORIENTED_EDGE ( 'NONE', *, *, #4433, .F. ) ;
#4119 = CARTESIAN_POINT ( 'NONE',  ( -1.099653814630001891, 3.579848725887760263, 1.669661749200343603 ) ) ;
#4120 =( NAMED_UNIT ( * ) SI_UNIT ( $, .STERADIAN. ) SOLID_ANGLE_UNIT ( ) );
#4121 = ORIENTED_EDGE ( 'NONE', *, *, #4972, .T. ) ;
#4122 = ORIENTED_EDGE ( 'NONE', *, *, #3272, .F. ) ;
#4123 = EDGE_CURVE ( 'NONE', #214, #218, #5021, .T. ) ;
#4124 = FACE_OUTER_BOUND ( 'NONE', #533, .T. ) ;
#4125 = CARTESIAN_POINT ( 'NONE',  ( -0.8246538146299998706, -0.9537363479935498933, 1.700098464836000023 ) ) ;
#4126 = VERTEX_POINT ( 'NONE', #511 ) ;
#4127 = LINE ( 'NONE', #2655, #2495 ) ;
#4128 = ORIENTED_EDGE ( 'NONE', *, *, #5125, .F. ) ;
#4129 = EDGE_CURVE ( 'NONE', #4111, #4480, #2444, .T. ) ;
#4130 = VERTEX_POINT ( 'NONE', #2040 ) ;
#4131 = LINE ( 'NONE', #3767, #2204 ) ;
#4132 = CYLINDRICAL_SURFACE ( 'NONE', #5005, 0.2000000000000070333 ) ;
#4133 = DIRECTION ( 'NONE',  ( 3.533083693894560081E-15, -0.9961943056174368261, -0.08716022863320700698 ) ) ;
#4134 = CARTESIAN_POINT ( 'NONE',  ( 0.3325152902928709686, -0.9251701078087301022, 1.550032410577399933 ) ) ;
#4135 = CARTESIAN_POINT ( 'NONE',  ( 1.399999999999999911, -1.050000000000000044, 1.599967589430000059 ) ) ;
#4136 = ORIENTED_EDGE ( 'NONE', *, *, #4170, .F. ) ;
#4137 = EDGE_CURVE ( 'NONE', #3715, #6047, #4783, .T. ) ;
#4138 = ORIENTED_EDGE ( 'NONE', *, *, #3472, .F. ) ;
#4139 = CARTESIAN_POINT ( 'NONE',  ( 1.399999999999999911, -0.9249999999999999334, 1.500000000000000000 ) ) ;
#4140 = PLANE ( 'NONE',  #5680 ) ;
#4141 = CARTESIAN_POINT ( 'NONE',  ( -1.168998070151856083, -1.850000000000000311, 0.3125466175625817300 ) ) ;
#4142 = CARTESIAN_POINT ( 'NONE',  ( -0.8539431365113500094, -0.8785660737170098988, 1.747981784244200032 ) ) ;
#4143 = DIRECTION ( 'NONE',  ( 1.000000000000000000, 0.000000000000000000, 0.000000000000000000 ) ) ;
#4144 = EDGE_CURVE ( 'NONE', #3422, #4326, #52, .T. ) ;
#4145 = EDGE_LOOP ( 'NONE', ( #3773, #1583, #713, #3428 ) ) ;
#4146 = CARTESIAN_POINT ( 'NONE',  ( -1.099653814629999893, -0.1562211005236600059, -0.9033724099348989789 ) ) ;
#4147 = PLANE ( 'NONE',  #4980 ) ;
#4148 = CARTESIAN_POINT ( 'NONE',  ( 1.178314978183609973, -1.050000000000000044, 1.500032410577400110 ) ) ;
#4149 = ORIENTED_EDGE ( 'NONE', *, *, #3356, .T. ) ;
#4150 = EDGE_LOOP ( 'NONE', ( #2506, #3233, #111, #3955 ) ) ;
#4151 = CARTESIAN_POINT ( 'NONE',  ( 0.8276472698624804947, -0.9751325374229353748, 1.706179157415918635 ) ) ;
#4152 = LINE ( 'NONE', #2271, #1109 ) ;
#4153 = EDGE_LOOP ( 'NONE', ( #108, #4826, #2816, #3736, #4220, #4798, #559, #2381 ) ) ;
#4154 = LINE ( 'NONE', #3735, #3290 ) ;
#4155 = VERTEX_POINT ( 'NONE', #5471 ) ;
#4156 = VERTEX_POINT ( 'NONE', #2218 ) ;
#4157 = DIRECTION ( 'NONE',  ( -9.740316206881741279E-16, -0.7071067811865460184, 0.7071067811865489050 ) ) ;
#4158 = CARTESIAN_POINT ( 'NONE',  ( 0.8253884029060202243, -0.9514406537575026412, 1.759671761804246115 ) ) ;
#4159 = DIRECTION ( 'NONE',  ( 1.000000000000000000, 0.000000000000000000, 0.000000000000000000 ) ) ;
#4160 = CARTESIAN_POINT ( 'NONE',  ( 0.8588621040985998656, -1.035255832108370022, -1.625335136751600018 ) ) ;
#4161 = EDGE_CURVE ( 'NONE', #3845, #3422, #4940, .T. ) ;
#4162 = PLANE ( 'NONE',  #4197 ) ;
#4163 = ORIENTED_EDGE ( 'NONE', *, *, #3012, .T. ) ;
#4164 = VECTOR ( 'NONE', #2644, 1000.000000000000000 ) ;
#4165 = ORIENTED_EDGE ( 'NONE', *, *, #189, .F. ) ;
#4166 = CARTESIAN_POINT ( 'NONE',  ( 1.400346185369999885, -1.050000000000000044, 1.500032410570000030 ) ) ;
#4167 = DIRECTION ( 'NONE',  ( 0.000000000000000000, 1.471754998077241823E-32, -1.000000000000000000 ) ) ;
#4168 = LINE ( 'NONE', #2872, #5386 ) ;
#4169 = ORIENTED_EDGE ( 'NONE', *, *, #2368, .F. ) ;
#4170 = EDGE_CURVE ( 'NONE', #4401, #3059, #5051, .T. ) ;
#4171 = CARTESIAN_POINT ( 'NONE',  ( -1.329662883809260121, -1.850000000000000089, 1.430041479749299960 ) ) ;
#4172 = AXIS2_PLACEMENT_3D ( 'NONE', #1501, #3851, #3027 ) ;
#4173 = EDGE_CURVE ( 'NONE', #2129, #5118, #1136, .T. ) ;
#4174 = DIRECTION ( 'NONE',  ( 0.000000000000000000, -0.9961946980917455452, 0.08715574274765794383 ) ) ;
#4175 = EDGE_CURVE ( 'NONE', #961, #4689, #1165, .T. ) ;
#4176 = VECTOR ( 'NONE', #2047, 1000.000000000000000 ) ;
#4177 = ORIENTED_EDGE ( 'NONE', *, *, #1376, .T. ) ;
#4178 = CARTESIAN_POINT ( 'NONE',  ( 0.3055838825453356944, -1.008268089729634109, 1.679041383772902574 ) ) ;
#4179 = DIRECTION ( 'NONE',  ( 4.761750528527518187E-23, -0.08716022863320700698, 0.9961943056174368261 ) ) ;
#4180 = AXIS2_PLACEMENT_3D ( 'NONE', #87, #1107, #4793 ) ;
#4181 = CARTESIAN_POINT ( 'NONE',  ( 0.8334353881193282687, -0.9945461821095001875, -1.688392935353201452 ) ) ;
#4182 = EDGE_CURVE ( 'NONE', #4155, #4789, #3087, .T. ) ;
#4183 = ORIENTED_EDGE ( 'NONE', *, *, #1093, .T. ) ;
#4184 = VECTOR ( 'NONE', #3524, 1000.000000000000114 ) ;
#4185 = ORIENTED_EDGE ( 'NONE', *, *, #3383, .T. ) ;
#4186 = VECTOR ( 'NONE', #5737, 1000.000000000000000 ) ;
#4187 = CIRCLE ( 'NONE', #30, 0.07517010780874895659 ) ;
#4188 =( BOUNDED_CURVE ( )  B_SPLINE_CURVE ( 3, ( #4201, #2808, #1312, #3338 ),
 .UNSPECIFIED., .F., .T. ) 
 B_SPLINE_CURVE_WITH_KNOTS ( ( 4, 4 ),
 ( 4.712388980384670134, 4.942980463231310573 ),
 .UNSPECIFIED. ) 
 CURVE ( )  GEOMETRIC_REPRESENTATION_ITEM ( )  RATIONAL_B_SPLINE_CURVE ( ( 1.000000000000000000, 0.9955738703487500008, 0.9955738703487500008, 1.000000000000000000 ) ) 
 REPRESENTATION_ITEM ( '' )  );
#4189 = FACE_OUTER_BOUND ( 'NONE', #3381, .T. ) ;
#4190 = AXIS2_PLACEMENT_3D ( 'NONE', #4889, #3998, #651 ) ;
#4191 = DIRECTION ( 'NONE',  ( 0.7071067811865510144, 0.000000000000000000, -0.7071067811865441310 ) ) ;
#4192 = ORIENTED_EDGE ( 'NONE', *, *, #1214, .T. ) ;
#4193 =( GEOMETRIC_REPRESENTATION_CONTEXT ( 3 ) GLOBAL_UNCERTAINTY_ASSIGNED_CONTEXT ( ( #1650 ) ) GLOBAL_UNIT_ASSIGNED_CONTEXT ( ( #1634, #4932, #3202 ) ) REPRESENTATION_CONTEXT ( 'NONE', 'WORKASPACE' ) );
#4194 = VECTOR ( 'NONE', #5160, 1000.000000000000000 ) ;
#4195 = CARTESIAN_POINT ( 'NONE',  ( 1.399008067331080074, -0.9122686572949599837, 1.498694292531102867 ) ) ;
#4196 = ORIENTED_EDGE ( 'NONE', *, *, #981, .F. ) ;
#4197 = AXIS2_PLACEMENT_3D ( 'NONE', #1676, #4604, #3673 ) ;
#4198 = VECTOR ( 'NONE', #4073, 1000.000000000000000 ) ;
#4199 = LINE ( 'NONE', #448, #419 ) ;
#4200 = CARTESIAN_POINT ( 'NONE',  ( -1.400346185369999885, -0.9249999999999999334, -1.752467526534499997 ) ) ;
#4201 = CARTESIAN_POINT ( 'NONE',  ( -0.8996538146300090411, -0.8325679542733599448, 1.749271208812799960 ) ) ;
#4202 = CARTESIAN_POINT ( 'NONE',  ( 0.8994696501301530089, -1.043617866584426679, -1.600088629523859662 ) ) ;
#4203 = CARTESIAN_POINT ( 'NONE',  ( 1.178314978183609973, -0.9249999999999999334, 1.500032410577400110 ) ) ;
#4204 = ORIENTED_EDGE ( 'NONE', *, *, #4109, .F. ) ;
#4205 = ORIENTED_EDGE ( 'NONE', *, *, #5207, .F. ) ;
#4206 = CARTESIAN_POINT ( 'NONE',  ( 1.399999999999999911, -0.9249999999999999334, -1.500000000000000000 ) ) ;
#4207 = CARTESIAN_POINT ( 'NONE',  ( 1.100346185370000063, -0.8434481562170199620, 1.624916381041099811 ) ) ;
#4208 = EDGE_CURVE ( 'NONE', #3645, #4091, #5957, .T. ) ;
#4209 = CARTESIAN_POINT ( 'NONE',  ( -0.9246538146299999594, -0.9249999999999999334, 1.700098464836000023 ) ) ;
#4210 = VERTEX_POINT ( 'NONE', #321 ) ;
#4211 = CARTESIAN_POINT ( 'NONE',  ( -0.8246538146299998706, -0.9537363479935498933, 1.700098464836000023 ) ) ;
#4212 = LINE ( 'NONE', #6067, #5164 ) ;
#4213 = ORIENTED_EDGE ( 'NONE', *, *, #5839, .T. ) ;
#4214 = DIRECTION ( 'NONE',  ( 0.000000000000000000, 0.9945218953682732899, -0.1045284632676540398 ) ) ;
#4215 = EDGE_CURVE ( 'NONE', #2362, #5636, #784, .T. ) ;
#4216 = DIRECTION ( 'NONE',  ( 0.000000000000000000, -0.9794929268841855441, -0.2014785501830195502 ) ) ;
#4217 = EDGE_CURVE ( 'NONE', #2774, #4274, #3620, .T. ) ;
#4218 = ORIENTED_EDGE ( 'NONE', *, *, #4448, .T. ) ;
#4219 = ORIENTED_EDGE ( 'NONE', *, *, #1060, .T. ) ;
#4220 = ORIENTED_EDGE ( 'NONE', *, *, #5540, .F. ) ;
#4221 = ADVANCED_FACE ( 'NONE', ( #200, #3033 ), #5007, .F. ) ;
#4222 = EDGE_CURVE ( 'NONE', #97, #1609, #2683, .T. ) ;
#4223 = CARTESIAN_POINT ( 'NONE',  ( -0.6996538146299989824, -1.450000000000000178, 1.465036945159599924 ) ) ;
#4224 = CARTESIAN_POINT ( 'NONE',  ( 0.9253461853700110096, -1.050000000000000044, -1.600033643681100015 ) ) ;
#4225 = EDGE_LOOP ( 'NONE', ( #5351, #5448, #4641, #6046 ) ) ;
#4226 = DIRECTION ( 'NONE',  ( 0.7087801582446935367, 0.000000000000000000, 0.7054294346556764239 ) ) ;
#4227 =( BOUNDED_CURVE ( )  B_SPLINE_CURVE ( 3, ( #4937, #2496, #4377, #1504 ),
 .UNSPECIFIED., .F., .T. ) 
 B_SPLINE_CURVE_WITH_KNOTS ( ( 4, 4 ),
 ( 4.712388980384689674, 4.978849914468121085 ),
 .UNSPECIFIED. ) 
 CURVE ( )  GEOMETRIC_REPRESENTATION_ITEM ( )  RATIONAL_B_SPLINE_CURVE ( ( 1.000000000000000000, 0.9940919611289995572, 0.9940919611289995572, 1.000000000000000000 ) ) 
 REPRESENTATION_ITEM ( '' )  );
#4228 = ORIENTED_EDGE ( 'NONE', *, *, #359, .F. ) ;
#4229 = EDGE_CURVE ( 'NONE', #5499, #2362, #5033, .T. ) ;
#4230 = DIRECTION ( 'NONE',  ( -1.224606000000000123E-16, 0.000000000000000000, 1.000000000000000000 ) ) ;
#4231 = DIRECTION ( 'NONE',  ( -1.000000000000000000, -3.366872316660000075E-49, -4.389071582523629891E-96 ) ) ;
#4232 = DIRECTION ( 'NONE',  ( -0.07725426560925728603, 0.9915496905310593467, 0.1042160719511851380 ) ) ;
#4233 = PLANE ( 'NONE',  #138 ) ;
#4234 = CARTESIAN_POINT ( 'NONE',  ( -1.099653814629999893, -0.4387691941217055636, -1.669596928045519402 ) ) ;
#4235 = ORIENTED_EDGE ( 'NONE', *, *, #4252, .F. ) ;
#4236 = ORIENTED_EDGE ( 'NONE', *, *, #2475, .T. ) ;
#4237 = CARTESIAN_POINT ( 'NONE',  ( 1.100346185370000063, -0.1821379162786600225, 1.709861642954599859 ) ) ;
#4238 = CARTESIAN_POINT ( 'NONE',  ( 1.094885301944805933, -0.4387691941217055636, -1.732250313779179152 ) ) ;
#4239 = CARTESIAN_POINT ( 'NONE',  ( 1.077972718902663773, -0.9249999999999999334, 1.599967589430000059 ) ) ;
#4240 = VERTEX_POINT ( 'NONE', #2631 ) ;
#4241 = DIRECTION ( 'NONE',  ( -5.303122206881728958E-16, -0.7071067811865460184, 0.7071067811865489050 ) ) ;
#4242 = DIRECTION ( 'NONE',  ( -3.604641231665999851E-48, 1.000000000000000000, 2.943510999999999877E-32 ) ) ;
#4243 = ORIENTED_EDGE ( 'NONE', *, *, #665, .T. ) ;
#4244 = DIRECTION ( 'NONE',  ( -1.000000000000000000, 0.000000000000000000, 0.000000000000000000 ) ) ;
#4245 = DIRECTION ( 'NONE',  ( 0.000000000000000000, 0.000000000000000000, -1.000000000000000000 ) ) ;
#4246 = DIRECTION ( 'NONE',  ( -1.000000000000000000, 0.000000000000000000, -1.224606000000000123E-16 ) ) ;
#4247 = EDGE_CURVE ( 'NONE', #5556, #1095, #4584, .T. ) ;
#4248 = ORIENTED_EDGE ( 'NONE', *, *, #55, .T. ) ;
#4249 = CARTESIAN_POINT ( 'NONE',  ( 1.100346185370000063, -0.1930181182223099923, 1.585506815182800011 ) ) ;
#4250 = EDGE_CURVE ( 'NONE', #2367, #3269, #5868, .T. ) ;
#4251 = DIRECTION ( 'NONE',  ( -0.000000000000000000, -1.000000000000000000, -0.000000000000000000 ) ) ;
#4252 = EDGE_CURVE ( 'NONE', #4916, #4884, #1257, .T. ) ;
#4253 = VERTEX_POINT ( 'NONE', #3646 ) ;
#4254 = EDGE_CURVE ( 'NONE', #5078, #3249, #667, .T. ) ;
#4255 = CARTESIAN_POINT ( 'NONE',  ( -0.3204475095182548472, -0.9361002744431512479, 1.550032410577399933 ) ) ;
#4256 = CARTESIAN_POINT ( 'NONE',  ( -1.199653814629999538, -1.850000000000000089, -0.1592878598164853554 ) ) ;
#4257 = CARTESIAN_POINT ( 'NONE',  ( -0.6996538146299989824, -1.450000000000000178, 1.465036945159599924 ) ) ;
#4258 = DIRECTION ( 'NONE',  ( 1.000000000000000000, -4.747783872879570120E-64, 1.224606000000000123E-16 ) ) ;
#4259 = CARTESIAN_POINT ( 'NONE',  ( -1.369569744668681421, -0.6387691941217051861, 1.469948340608683512 ) ) ;
#4260 = ADVANCED_FACE ( 'NONE', ( #231 ), #4445, .T. ) ;
#4261 = ORIENTED_EDGE ( 'NONE', *, *, #1035, .T. ) ;
#4262 = VERTEX_POINT ( 'NONE', #1673 ) ;
#4263 = DIRECTION ( 'NONE',  ( -0.000000000000000000, -0.000000000000000000, -1.000000000000000000 ) ) ;
#4264 = CARTESIAN_POINT ( 'NONE',  ( 1.399999999999999911, -0.5875000000000000222, -1.464494910027799968 ) ) ;
#4265 = CARTESIAN_POINT ( 'NONE',  ( -0.8842468920787834863, -0.8479162427859893159, -1.750549258550087250 ) ) ;
#4266 = VERTEX_POINT ( 'NONE', #3561 ) ;
#4267 = DIRECTION ( 'NONE',  ( 1.000000000000000000, 0.000000000000000000, 0.000000000000000000 ) ) ;
#4268 = CARTESIAN_POINT ( 'NONE',  ( 0.8588621040985998656, -1.035255832108360030, 1.625399957906499937 ) ) ;
#4269 = VERTEX_POINT ( 'NONE', #356 ) ;
#4270 = CARTESIAN_POINT ( 'NONE',  ( -1.328708455825670098, -0.05000000000000000278, 0.6463688599854979788 ) ) ;
#4271 = VECTOR ( 'NONE', #1341, 1000.000000000000000 ) ;
#4272 = DIRECTION ( 'NONE',  ( -0.000000000000000000, 1.000000000000000000, 0.000000000000000000 ) ) ;
#4273 = ORIENTED_EDGE ( 'NONE', *, *, #4275, .T. ) ;
#4274 = VERTEX_POINT ( 'NONE', #5127 ) ;
#4275 = EDGE_CURVE ( 'NONE', #4923, #3196, #1782, .T. ) ;
#4276 = FACE_OUTER_BOUND ( 'NONE', #4861, .T. ) ;
#4277 = DIRECTION ( 'NONE',  ( 0.000000000000000000, -0.000000000000000000, -1.000000000000000000 ) ) ;
#4278 = CARTESIAN_POINT ( 'NONE',  ( -1.099653814629999893, -0.4333290931498899878, -1.731774341931300087 ) ) ;
#4279 = AXIS2_PLACEMENT_3D ( 'NONE', #701, #946, #916 ) ;
#4280 = VECTOR ( 'NONE', #5432, 1000.000000000000000 ) ;
#4281 = ORIENTED_EDGE ( 'NONE', *, *, #2392, .F. ) ;
#4282 = VECTOR ( 'NONE', #558, 1000.000000000000000 ) ;
#4283 = CARTESIAN_POINT ( 'NONE',  ( 0.8253461853700010398, -0.9537363479935599964, -1.700033643681099882 ) ) ;
#4284 = CARTESIAN_POINT ( 'NONE',  ( -1.169205627634514411, -1.850000000000000311, -0.3123612327625217011 ) ) ;
#4285 = EDGE_CURVE ( 'NONE', #4274, #2921, #2806, .T. ) ;
#4286 = EDGE_CURVE ( 'NONE', #5294, #5945, #4199, .T. ) ;
#4287 = CARTESIAN_POINT ( 'NONE',  ( 1.100346185370000063, -0.8500000000000099698, -1.549967526534500095 ) ) ;
#4288 = VECTOR ( 'NONE', #5643, 1000.000000000000114 ) ;
#4289 = VECTOR ( 'NONE', #386, 1000.000000000000000 ) ;
#4290 = DIRECTION ( 'NONE',  ( -0.000000000000000000, 1.000000000000000000, 0.000000000000000000 ) ) ;
#4291 = EDGE_CURVE ( 'NONE', #4957, #3828, #1881, .T. ) ;
#4292 = DIRECTION ( 'NONE',  ( 0.000000000000000000, -0.6755885476259909650, -0.7372788579069687875 ) ) ;
#4293 = VERTEX_POINT ( 'NONE', #4717 ) ;
#4294 = VECTOR ( 'NONE', #3499, 1000.000000000000000 ) ;
#4295 = ORIENTED_EDGE ( 'NONE', *, *, #1122, .F. ) ;
#4296 = CARTESIAN_POINT ( 'NONE',  ( 0.3325152902928709686, -1.050000000000000044, 1.550032410577399933 ) ) ;
#4297 = CARTESIAN_POINT ( 'NONE',  ( 0.8253461853700009287, -0.9439516360668528394, 1.689420277262196679 ) ) ;
#4298 = ADVANCED_FACE ( 'NONE', ( #2376 ), #2749, .F. ) ;
#4299 = VECTOR ( 'NONE', #3827, 1000.000000000000000 ) ;
#4300 = CARTESIAN_POINT ( 'NONE',  ( 1.100346185370000063, -0.4387691941217052305, 1.607008363466581491 ) ) ;
#4301 = AXIS2_PLACEMENT_3D ( 'NONE', #5837, #1732, #1606 ) ;
#4302 = ORIENTED_EDGE ( 'NONE', *, *, #5582, .F. ) ;
#4303 = CARTESIAN_POINT ( 'NONE',  ( 0.8342577883888400159, -0.9249999999999999334, 1.555086564540699934 ) ) ;
#4304 = DIRECTION ( 'NONE',  ( 1.000000000000000000, 0.000000000000000000, -0.000000000000000000 ) ) ;
#4305 = VERTEX_POINT ( 'NONE', #939 ) ;
#4306 = DIRECTION ( 'NONE',  ( -1.000000000000000000, -3.366872316660000075E-49, -3.883759441479614959E-96 ) ) ;
#4307 = CARTESIAN_POINT ( 'NONE',  ( 0.2151530103492109991, -0.8025126265847200013, -1.497402586074199959 ) ) ;
#4308 = CARTESIAN_POINT ( 'NONE',  ( -1.077208978762580260, -1.043632083895880136, -1.600033643681100015 ) ) ;
#4309 = VECTOR ( 'NONE', #71, 1000.000000000000114 ) ;
#4310 = ORIENTED_EDGE ( 'NONE', *, *, #2645, .T. ) ;
#4311 = ORIENTED_EDGE ( 'NONE', *, *, #1181, .T. ) ;
#4312 = DIRECTION ( 'NONE',  ( 0.000000000000000000, -1.000000000000000000, 0.000000000000000000 ) ) ;
#4313 = ORIENTED_EDGE ( 'NONE', *, *, #4062, .F. ) ;
#4314 = ADVANCED_FACE ( 'NONE', ( #409 ), #5591, .T. ) ;
#4315 = CARTESIAN_POINT ( 'NONE',  ( -0.2556863204146244128, -0.9007839149129427403, 1.605459443108841810 ) ) ;
#4316 = CARTESIAN_POINT ( 'NONE',  ( -0.6055798453136035375, -1.849999999999999867, -1.047934211935277249 ) ) ;
#4317 = CYLINDRICAL_SURFACE ( 'NONE', #23, 0.07517010780874895659 ) ;
#4318 = PLANE ( 'NONE',  #434 ) ;
#4319 = DIRECTION ( 'NONE',  ( -0.9961946980917455452, -0.08715574274765794383, -1.282718999999999343E-33 ) ) ;
#4320 = ORIENTED_EDGE ( 'NONE', *, *, #1757, .T. ) ;
#4321 = EDGE_CURVE ( 'NONE', #2978, #4262, #4131, .T. ) ;
#4322 = EDGE_LOOP ( 'NONE', ( #1704, #5059, #388, #236 ) ) ;
#4323 = CARTESIAN_POINT ( 'NONE',  ( 1.349763618037821411, -1.627058689921824008, 1.449546317012688768 ) ) ;
#4324 = CARTESIAN_POINT ( 'NONE',  ( 0.8315034492078634543, -0.9249999999999998224, 1.630085074896278741 ) ) ;
#4325 = LINE ( 'NONE', #1608, #4294 ) ;
#4326 = VERTEX_POINT ( 'NONE', #5550 ) ;
#4327 = CARTESIAN_POINT ( 'NONE',  ( -1.329662883809260121, -1.850000000000000089, 1.430041479749299960 ) ) ;
#4328 = CARTESIAN_POINT ( 'NONE',  ( -1.099653814629999893, -0.6387691941217051861, 1.607008363466520873 ) ) ;
#4329 = ADVANCED_FACE ( 'NONE', ( #6048 ), #5099, .T. ) ;
#4330 = ORIENTED_EDGE ( 'NONE', *, *, #2286, .T. ) ;
#4331 = CARTESIAN_POINT ( 'NONE',  ( -0.9246538146299999594, -1.043632083895880136, 1.600098464836000156 ) ) ;
#4332 = LINE ( 'NONE', #4454, #1129 ) ;
#4333 = CARTESIAN_POINT ( 'NONE',  ( -1.329662883809260121, -1.350000000000000089, -0.9299766586093038967 ) ) ;
#4334 = DIRECTION ( 'NONE',  ( -0.000000000000000000, -0.9794929268841856551, 0.2014785501830195502 ) ) ;
#4335 = EDGE_LOOP ( 'NONE', ( #4758, #5096, #4015 ) ) ;
#4336 = ORIENTED_EDGE ( 'NONE', *, *, #2629, .T. ) ;
#4337 = CARTESIAN_POINT ( 'NONE',  ( 0.2974866494246176107, -0.8500014463638696505, -1.625155614959486572 ) ) ;
#4338 = LINE ( 'NONE', #3452, #817 ) ;
#4339 = DIRECTION ( 'NONE',  ( 0.000000000000000000, -1.000000000000000000, 0.000000000000000000 ) ) ;
#4340 = ORIENTED_EDGE ( 'NONE', *, *, #5891, .T. ) ;
#4341 = CARTESIAN_POINT ( 'NONE',  ( -0.8332982524370450284, -0.9230156344385411771, -1.584467930893832532 ) ) ;
#4342 = CARTESIAN_POINT ( 'NONE',  ( -0.8987772793901149804, -1.043617866584419795, -1.600088629523886086 ) ) ;
#4343 = CARTESIAN_POINT ( 'NONE',  ( 1.100346185370000063, -0.1562211005236600059, 0.9034372310898010072 ) ) ;
#4344 =( BOUNDED_CURVE ( )  B_SPLINE_CURVE ( 3, ( #2846, #483, #4265, #3283 ),
 .UNSPECIFIED., .F., .F. ) 
 B_SPLINE_CURVE_WITH_KNOTS ( ( 4, 4 ),
 ( 1.340204843948334057, 1.570796326794889897 ),
 .UNSPECIFIED. ) 
 CURVE ( )  GEOMETRIC_REPRESENTATION_ITEM ( )  RATIONAL_B_SPLINE_CURVE ( ( 1.000000000000000000, 0.9955738703487533314, 0.9955738703487533314, 1.000000000000000000 ) ) 
 REPRESENTATION_ITEM ( '' )  );
#4345 = CARTESIAN_POINT ( 'NONE',  ( 0.9253461853700208906, -1.050000000000000044, 1.700098464836000023 ) ) ;
#4346 = DIRECTION ( 'NONE',  ( 0.000000000000000000, 0.000000000000000000, -1.000000000000000000 ) ) ;
#4347 = ORIENTED_EDGE ( 'NONE', *, *, #1492, .F. ) ;
#4348 = EDGE_LOOP ( 'NONE', ( #654, #447, #4183, #5736, #441, #2216, #2194, #881, #1758, #5019, #2948, #4723, #3390, #4048, #5413, #4633 ) ) ;
#4349 = DIRECTION ( 'NONE',  ( -1.000000000000000000, -0.000000000000000000, -0.000000000000000000 ) ) ;
#4350 = LINE ( 'NONE', #4264, #338 ) ;
#4351 = LINE ( 'NONE', #1579, #439 ) ;
#4352 = EDGE_CURVE ( 'NONE', #3811, #5289, #1310, .T. ) ;
#4353 = EDGE_LOOP ( 'NONE', ( #3870, #628, #1935, #5378, #1505, #6003, #4138, #1466, #2802, #4738 ) ) ;
#4354 = DIRECTION ( 'NONE',  ( 1.000000000000000000, 0.000000000000000000, 0.000000000000000000 ) ) ;
#4355 = CARTESIAN_POINT ( 'NONE',  ( 0.8491565878238793719, -1.024208831643070416, 1.652553814285981248 ) ) ;
#4356 = EDGE_LOOP ( 'NONE', ( #776, #3855, #789, #3449, #3145, #5725, #76, #1053 ) ) ;
#4357 = LINE ( 'NONE', #2971, #2896 ) ;
#4358 = CARTESIAN_POINT ( 'NONE',  ( -1.342372006410210039, -0.1800000000000000211, -0.6599675894300019996 ) ) ;
#4359 = EDGE_CURVE ( 'NONE', #1096, #132, #849, .T. ) ;
#4360 = CYLINDRICAL_SURFACE ( 'NONE', #3514, 0.07517010780874902598 ) ;
#4361 = EDGE_CURVE ( 'NONE', #4266, #330, #3990, .T. ) ;
#4362 = EDGE_LOOP ( 'NONE', ( #5516, #5134, #1582, #4956, #3484 ) ) ;
#4363 = ORIENTED_EDGE ( 'NONE', *, *, #2890, .T. ) ;
#4364 = LINE ( 'NONE', #589, #3789 ) ;
#4365 = VECTOR ( 'NONE', #4669, 1000.000000000000000 ) ;
#4366 = ADVANCED_FACE ( 'NONE', ( #2718 ), #1409, .F. ) ;
#4367 = CARTESIAN_POINT ( 'NONE',  ( 1.399999999999999911, -1.050000000000000044, -1.499999999999999556 ) ) ;
#4368 = CARTESIAN_POINT ( 'NONE',  ( 0.000000000000000000, -0.4387691941217052305, 0.000000000000000000 ) ) ;
#4369 = VECTOR ( 'NONE', #4773, 1000.000000000000227 ) ;
#4370 = EDGE_LOOP ( 'NONE', ( #4416, #3076, #487, #2544, #678 ) ) ;
#4371 = AXIS2_PLACEMENT_3D ( 'NONE', #2363, #4244, #3327 ) ;
#4372 = CARTESIAN_POINT ( 'NONE',  ( -1.099653814629999893, -0.6333290931498800624, 1.731839163086200006 ) ) ;
#4373 = CARTESIAN_POINT ( 'NONE',  ( -0.8581697333585999177, -1.035255832108370022, -1.625335136751600018 ) ) ;
#4374 = LINE ( 'NONE', #5769, #1805 ) ;
#4375 = CARTESIAN_POINT ( 'NONE',  ( -0.8276676113846926919, -0.9786980219817459359, -1.703305785290612384 ) ) ;
#4376 = VECTOR ( 'NONE', #2658, 1000.000000000000000 ) ;
#4377 = CARTESIAN_POINT ( 'NONE',  ( -0.8258371780226269054, -0.9343787706080241007, -1.717771515113596825 ) ) ;
#4378 = EDGE_LOOP ( 'NONE', ( #2443, #4443, #3689, #4149, #2670 ) ) ;
#4379 = ORIENTED_EDGE ( 'NONE', *, *, #1578, .T. ) ;
#4380 = LINE ( 'NONE', #2992, #915 ) ;
#4381 = DIRECTION ( 'NONE',  ( 0.000000000000000000, -0.9945218953682732899, -0.1045284632676540398 ) ) ;
#4382 = AXIS2_PLACEMENT_3D ( 'NONE', #340, #3291, #4216 ) ;
#4383 =( BOUNDED_CURVE ( )  B_SPLINE_CURVE ( 3, ( #2287, #3251, #1320, #2784 ),
 .UNSPECIFIED., .F., .T. ) 
 B_SPLINE_CURVE_WITH_KNOTS ( ( 4, 4 ),
 ( 1.570796326794899889, 2.224456918324799748 ),
 .UNSPECIFIED. ) 
 CURVE ( )  GEOMETRIC_REPRESENTATION_ITEM ( )  RATIONAL_B_SPLINE_CURVE ( ( 1.000000000000000000, 0.9647098066109213166, 0.9647098066109213166, 1.000000000000000000 ) ) 
 REPRESENTATION_ITEM ( '' )  );
#4384 = CARTESIAN_POINT ( 'NONE',  ( 1.400346185369999885, -0.9249999999999999334, 1.500000000000000000 ) ) ;
#4385 = PRESENTATION_LAYER_ASSIGNMENT (  '', '', ( #4878 ) ) ;
#4386 = ORIENTED_EDGE ( 'NONE', *, *, #1654, .T. ) ;
#4387 = CYLINDRICAL_SURFACE ( 'NONE', #4785, 0.09999999999999993616 ) ;
#4388 = VECTOR ( 'NONE', #2905, 1000.000000000000000 ) ;
#4389 = VERTEX_POINT ( 'NONE', #2277 ) ;
#4390 = EDGE_CURVE ( 'NONE', #3948, #1677, #6118, .T. ) ;
#4391 = AXIS2_PLACEMENT_3D ( 'NONE', #2330, #552, #5660 ) ;
#4392 = EDGE_LOOP ( 'NONE', ( #148, #2340, #3496, #597, #5878, #5024, #1461, #3188 ) ) ;
#4393 = FACE_OUTER_BOUND ( 'NONE', #2656, .T. ) ;
#4394 = DIRECTION ( 'NONE',  ( -1.000000000000000000, -0.000000000000000000, -0.000000000000000000 ) ) ;
#4395 = AXIS2_PLACEMENT_3D ( 'NONE', #5203, #1287, #4167 ) ;
#4396 = FILL_AREA_STYLE_COLOUR ( '', #823 ) ;
#4397 = LINE ( 'NONE', #1112, #331 ) ;
#4398 = CARTESIAN_POINT ( 'NONE',  ( 0.8303907871193809687, -0.9249999999999999334, 1.668738102225499897 ) ) ;
#4399 = ORIENTED_EDGE ( 'NONE', *, *, #3872, .F. ) ;
#4400 = EDGE_CURVE ( 'NONE', #4844, #2601, #1815, .T. ) ;
#4401 = VERTEX_POINT ( 'NONE', #1379 ) ;
#4402 = CARTESIAN_POINT ( 'NONE',  ( -0.8246538146299999816, -0.9439516360668448458, -1.689355456107276332 ) ) ;
#4403 = EDGE_CURVE ( 'NONE', #972, #3774, #4600, .T. ) ;
#4404 = CARTESIAN_POINT ( 'NONE',  ( -0.3197642110564300477, -1.027301870048650034, 1.642574483374899863 ) ) ;
#4405 = CARTESIAN_POINT ( 'NONE',  ( -0.8255109250102399265, -0.9657079226522899962, -1.713098383932700086 ) ) ;
#4406 = AXIS2_PLACEMENT_3D ( 'NONE', #2248, #3669, #905 ) ;
#4407 = VERTEX_POINT ( 'NONE', #904 ) ;
#4408 = ORIENTED_EDGE ( 'NONE', *, *, #2744, .T. ) ;
#4409 = EDGE_CURVE ( 'NONE', #1095, #4112, #5426, .T. ) ;
#4410 = LINE ( 'NONE', #4372, #3996 ) ;
#4411 = CARTESIAN_POINT ( 'NONE',  ( -0.007494065187219070383, -1.050000000000000044, -0.8883155190558998937 ) ) ;
#4412 = CARTESIAN_POINT ( 'NONE',  ( 0.2547411529116004325, -0.9007823281990021691, 1.605457786783702545 ) ) ;
#4413 = DIRECTION ( 'NONE',  ( -1.000000000000000000, -0.000000000000000000, -0.000000000000000000 ) ) ;
#4414 = CARTESIAN_POINT ( 'NONE',  ( 1.370262115408682035, -0.5433176419965056736, 1.469948340608704829 ) ) ;
#4415 = EDGE_LOOP ( 'NONE', ( #839, #4541, #1798, #4185, #1029, #2949 ) ) ;
#4416 = ORIENTED_EDGE ( 'NONE', *, *, #1431, .F. ) ;
#4417 = CARTESIAN_POINT ( 'NONE',  ( 1.100346185370000063, -0.1243998541965500026, 1.510622781831099992 ) ) ;
#4418 = CARTESIAN_POINT ( 'NONE',  ( -0.6996538146299989824, -0.3875000000000000111, 1.464559731167800027 ) ) ;
#4419 = FACE_OUTER_BOUND ( 'NONE', #4335, .T. ) ;
#4420 = ORIENTED_EDGE ( 'NONE', *, *, #2484, .F. ) ;
#4421 = CARTESIAN_POINT ( 'NONE',  ( -1.373407215572222784, -1.350000000000000089, -1.473720990372222817 ) ) ;
#4422 = ORIENTED_EDGE ( 'NONE', *, *, #5500, .F. ) ;
#4423 = UNCERTAINTY_MEASURE_WITH_UNIT (LENGTH_MEASURE( 1.000000000000000082E-05 ), #4903, 'distance_accuracy_value', 'NONE');
#4424 =( BOUNDED_CURVE ( )  B_SPLINE_CURVE ( 3, ( #1452, #4724, #5596, #1858 ),
 .UNSPECIFIED., .F., .T. ) 
 B_SPLINE_CURVE_WITH_KNOTS ( ( 4, 4 ),
 ( 4.712388980384689674, 4.965069560317747488 ),
 .UNSPECIFIED. ) 
 CURVE ( )  GEOMETRIC_REPRESENTATION_ITEM ( )  RATIONAL_B_SPLINE_CURVE ( ( 1.000000000000000000, 0.9946864505364164666, 0.9946864505364164666, 1.000000000000000000 ) ) 
 REPRESENTATION_ITEM ( '' )  );
#4425 = ORIENTED_EDGE ( 'NONE', *, *, #2645, .F. ) ;
#4426 = CARTESIAN_POINT ( 'NONE',  ( -1.361820021417586180, -0.4387691941217056191, -1.469883519468658140 ) ) ;
#4427 = DIRECTION ( 'NONE',  ( 0.1039620511844979722, 0.9891328443778537594, 0.1039620511844979722 ) ) ;
#4428 = CARTESIAN_POINT ( 'NONE',  ( -1.399653814629999937, -1.050000000000000044, 1.500000000000000000 ) ) ;
#4429 = DIRECTION ( 'NONE',  ( 0.000000000000000000, 0.000000000000000000, -1.000000000000000000 ) ) ;
#4430 = VERTEX_POINT ( 'NONE', #2863 ) ;
#4431 = CARTESIAN_POINT ( 'NONE',  ( -1.077208978762580260, -1.043632083895880136, -1.600033643681100015 ) ) ;
#4432 = SURFACE_SIDE_STYLE ('',( #3074 ) ) ;
#4433 = EDGE_CURVE ( 'NONE', #3059, #3546, #1028, .T. ) ;
#4434 = CARTESIAN_POINT ( 'NONE',  ( -0.8246538146299998706, -0.9537363479935599964, -1.700033643681099882 ) ) ;
#4435 = VERTEX_POINT ( 'NONE', #1499 ) ;
#4436 = ORIENTED_EDGE ( 'NONE', *, *, #3809, .F. ) ;
#4437 = SURFACE_STYLE_USAGE ( .BOTH. , #2559 ) ;
#4438 = DIRECTION ( 'NONE',  ( -0.7087801582446935367, 0.000000000000000000, -0.7054294346556763129 ) ) ;
#4439 = CARTESIAN_POINT ( 'NONE',  ( -1.177622607443610026, -1.050000000000000044, -1.500099697939599963 ) ) ;
#4440 = EDGE_CURVE ( 'NONE', #5765, #1633, #3393, .T. ) ;
#4441 = DIRECTION ( 'NONE',  ( 0.000000000000000000, 0.000000000000000000, 1.000000000000000000 ) ) ;
#4442 = EDGE_CURVE ( 'NONE', #4305, #2738, #43, .T. ) ;
#4443 = ORIENTED_EDGE ( 'NONE', *, *, #3401, .F. ) ;
#4444 = ORIENTED_EDGE ( 'NONE', *, *, #3913, .T. ) ;
#4445 = PLANE ( 'NONE',  #3301 ) ;
#4446 = DIRECTION ( 'NONE',  ( 1.000000000000000000, 0.000000000000000000, 0.000000000000000000 ) ) ;
#4447 = DIRECTION ( 'NONE',  ( -1.000000000000000000, 0.000000000000000000, 0.000000000000000000 ) ) ;
#4448 = EDGE_CURVE ( 'NONE', #4091, #2563, #4410, .T. ) ;
#4449 = VERTEX_POINT ( 'NONE', #5338 ) ;
#4450 = DIRECTION ( 'NONE',  ( 1.000000000000000000, 0.000000000000000000, 0.000000000000000000 ) ) ;
#4451 = EDGE_LOOP ( 'NONE', ( #5006, #4204, #374, #3833, #1347, #2900, #423 ) ) ;
#4452 = ORIENTED_EDGE ( 'NONE', *, *, #3548, .T. ) ;
#4453 = LINE ( 'NONE', #1518, #5860 ) ;
#4454 = CARTESIAN_POINT ( 'NONE',  ( 1.399999999999999911, -1.050000000000000044, 1.500000000000000000 ) ) ;
#4455 = CARTESIAN_POINT ( 'NONE',  ( 1.077906346199869914, -0.9249999999999999334, -1.600033643681100015 ) ) ;
#4456 = CARTESIAN_POINT ( 'NONE',  ( -1.399653814629999937, -1.050000000000000044, -1.499967589430000192 ) ) ;
#4457 = CARTESIAN_POINT ( 'NONE',  ( 1.100346185370000063, -0.1821379162786600225, 1.709861642954599859 ) ) ;
#4458 = VERTEX_POINT ( 'NONE', #2402 ) ;
#4459 = CARTESIAN_POINT ( 'NONE',  ( -1.400346185369999885, -0.9249999999999999334, -1.499967589430000192 ) ) ;
#4460 = ORIENTED_EDGE ( 'NONE', *, *, #4173, .T. ) ;
#4461 = ORIENTED_EDGE ( 'NONE', *, *, #4321, .F. ) ;
#4462 = VECTOR ( 'NONE', #2167, 1000.000000000000227 ) ;
#4463 = ADVANCED_FACE ( 'NONE', ( #5278 ), #4804, .F. ) ;
#4464 = DIRECTION ( 'NONE',  ( -1.224606000000000123E-16, 0.000000000000000000, 1.000000000000000000 ) ) ;
#4465 =( NAMED_UNIT ( * ) PLANE_ANGLE_UNIT ( ) SI_UNIT ( $, .RADIAN. ) );
#4466 = DIRECTION ( 'NONE',  ( -1.000000000000000000, -3.366872316660000075E-49, 1.050293330588519981E-64 ) ) ;
#4467 = LINE ( 'NONE', #5411, #4687 ) ;
#4468 = DIRECTION ( 'NONE',  ( 0.000000000000000000, -0.9961943056174380473, 0.08716022863319201897 ) ) ;
#4469 = ORIENTED_EDGE ( 'NONE', *, *, #133, .F. ) ;
#4470 = EDGE_CURVE ( 'NONE', #1039, #1842, #98, .T. ) ;
#4471 = EDGE_CURVE ( 'NONE', #1672, #1833, #3411, .T. ) ;
#4472 = VERTEX_POINT ( 'NONE', #629 ) ;
#4473 = DIRECTION ( 'NONE',  ( -0.7054117662286878421, 2.086353952432359396E-32, -0.7087977427067068126 ) ) ;
#4474 = FACE_OUTER_BOUND ( 'NONE', #1697, .T. ) ;
#4475 = CARTESIAN_POINT ( 'NONE',  ( 1.329400826565670046, -0.05000000000000000278, 0.6463688599854979788 ) ) ;
#4476 = EDGE_CURVE ( 'NONE', #5337, #4266, #5695, .T. ) ;
#4477 = VECTOR ( 'NONE', #5794, 1000.000000000000000 ) ;
#4478 = VERTEX_POINT ( 'NONE', #5247 ) ;
#4479 = FACE_OUTER_BOUND ( 'NONE', #4554, .T. ) ;
#4480 = VERTEX_POINT ( 'NONE', #995 ) ;
#4481 = CIRCLE ( 'NONE', #29, 0.07517010780874895659 ) ;
#4482 = VECTOR ( 'NONE', #4708, 1000.000000000000000 ) ;
#4483 = EDGE_CURVE ( 'NONE', #2675, #1019, #2491, .T. ) ;
#4484 = VERTEX_POINT ( 'NONE', #4863 ) ;
#4485 = B_SPLINE_CURVE_WITH_KNOTS ( 'NONE', 3,
 ( #1846, #1371, #3169, #5187 ),
 .UNSPECIFIED., .F., .F.,
 ( 4, 4 ),
 ( 0.7446287743654607105, 1.000000000000000000 ),
 .UNSPECIFIED. ) ;
#4486 = CARTESIAN_POINT ( 'NONE',  ( 1.169824895794471686, -1.849999999999999867, 0.3126023106068452351 ) ) ;
#4487 = PLANE ( 'NONE',  #5574 ) ;
#4488 = STYLED_ITEM ( 'NONE', ( #193 ), #4575 ) ;
#4489 = VECTOR ( 'NONE', #4413, 1000.000000000000000 ) ;
#4490 = CARTESIAN_POINT ( 'NONE',  ( 0.9253461853700010176, -0.9485462464092400126, -1.759353699685400008 ) ) ;
#4491 = AXIS2_PLACEMENT_3D ( 'NONE', #644, #5995, #2754 ) ;
#4492 = ORIENTED_EDGE ( 'NONE', *, *, #1372, .T. ) ;
#4493 = VECTOR ( 'NONE', #742, 1000.000000000000000 ) ;
#4494 = CARTESIAN_POINT ( 'NONE',  ( 1.399008067331077632, -0.9122686572949602057, 0.7500324105699980315 ) ) ;
#4495 = AXIS2_PLACEMENT_3D ( 'NONE', #4835, #1639, #3530 ) ;
#4496 = CARTESIAN_POINT ( 'NONE',  ( 1.094885301944805933, -0.4387691941217065628, -1.732250313779179152 ) ) ;
#4497 = DIRECTION ( 'NONE',  ( 1.000000000000000000, 0.000000000000000000, 0.000000000000000000 ) ) ;
#4498 = VECTOR ( 'NONE', #3182, 1000.000000000000114 ) ;
#4499 = EDGE_LOOP ( 'NONE', ( #5304, #5921, #3719, #1729 ) ) ;
#4500 = VERTEX_POINT ( 'NONE', #2532 ) ;
#4501 = MANIFOLD_SOLID_BREP ( 'Cut-Extrude1[3]', #1717 ) ;
#4502 = DIRECTION ( 'NONE',  ( 1.000000000000000000, 0.000000000000000000, 0.000000000000000000 ) ) ;
#4503 = FACE_OUTER_BOUND ( 'NONE', #4527, .T. ) ;
#4504 = CARTESIAN_POINT ( 'NONE',  ( 1.370262115408682035, 3.579848725887760263, -1.469883519468704547 ) ) ;
#4505 = ADVANCED_FACE ( 'NONE', ( #1567 ), #3429, .T. ) ;
#4506 = CARTESIAN_POINT ( 'NONE',  ( 0.9253461853700110096, -0.9249999999999999334, -1.600033643681100015 ) ) ;
#4507 = ORIENTED_EDGE ( 'NONE', *, *, #5353, .F. ) ;
#4508 = AXIS2_PLACEMENT_3D ( 'NONE', #3880, #5731, #594 ) ;
#4509 = ORIENTED_EDGE ( 'NONE', *, *, #4103, .T. ) ;
#4510 = CARTESIAN_POINT ( 'NONE',  ( -0.3333478222937290014, -1.049237924120839827, 1.550032410577399933 ) ) ;
#4511 = FACE_OUTER_BOUND ( 'NONE', #161, .T. ) ;
#4512 = LINE ( 'NONE', #5871, #1730 ) ;
#4513 = MANIFOLD_SOLID_BREP ( 'Cut-Extrude2[2]', #1514 ) ;
#4514 = ADVANCED_FACE ( 'NONE', ( #751 ), #4998, .F. ) ;
#4515 = DIRECTION ( 'NONE',  ( -0.1464070660461520568, 0.000000000000000000, 0.9892244290411341678 ) ) ;
#4516 = ORIENTED_EDGE ( 'NONE', *, *, #3913, .F. ) ;
#4517 = VERTEX_POINT ( 'NONE', #5828 ) ;
#4518 = CARTESIAN_POINT ( 'NONE',  ( 1.330355254549260069, -1.850000000000000089, -1.429976658609300122 ) ) ;
#4519 = DIRECTION ( 'NONE',  ( -0.08683102911525207579, 0.000000000000000000, 0.9962230535290709232 ) ) ;
#4520 = EDGE_CURVE ( 'NONE', #4043, #4253, #2178, .T. ) ;
#4521 = PLANE ( 'NONE',  #4857 ) ;
#4522 = ORIENTED_EDGE ( 'NONE', *, *, #50, .T. ) ;
#4523 = DIRECTION ( 'NONE',  ( -1.000000000000000000, 0.000000000000000000, -1.224606000000000123E-16 ) ) ;
#4524 = CARTESIAN_POINT ( 'NONE',  ( 1.100346185370000063, -0.4333290931498799958, 1.731839163086200006 ) ) ;
#4525 = CARTESIAN_POINT ( 'NONE',  ( -1.400346185369999885, -0.9249999999999999334, -1.752467526534499997 ) ) ;
#4526 = EDGE_CURVE ( 'NONE', #3288, #2738, #3206, .T. ) ;
#4527 = EDGE_LOOP ( 'NONE', ( #5716, #3877, #5032, #756, #1304, #5936 ) ) ;
#4528 = ORIENTED_EDGE ( 'NONE', *, *, #1111, .F. ) ;
#4529 = DIRECTION ( 'NONE',  ( 0.000000000000000000, -1.000000000000000000, 0.000000000000000000 ) ) ;
#4530 = PLANE ( 'NONE',  #3228 ) ;
#4531 = FACE_OUTER_BOUND ( 'NONE', #3909, .T. ) ;
#4532 = PLANE ( 'NONE',  #5381 ) ;
#4533 = LINE ( 'NONE', #5466, #2693 ) ;
#4534 = ORIENTED_EDGE ( 'NONE', *, *, #5165, .T. ) ;
#4535 = ORIENTED_EDGE ( 'NONE', *, *, #5397, .T. ) ;
#4536 = CARTESIAN_POINT ( 'NONE',  ( 1.399999999999999911, -0.9249999999999999334, 1.600098464836000156 ) ) ;
#4537 = FACE_OUTER_BOUND ( 'NONE', #206, .T. ) ;
#4538 = DIRECTION ( 'NONE',  ( -1.000000000000000000, -4.747783872879610602E-64, -1.224606000000000123E-16 ) ) ;
#4539 = CARTESIAN_POINT ( 'NONE',  ( -1.077972718902663773, -0.9249999999999999334, -1.599967589430000281 ) ) ;
#4540 = VERTEX_POINT ( 'NONE', #4063 ) ;
#4541 = ORIENTED_EDGE ( 'NONE', *, *, #381, .T. ) ;
#4542 = CARTESIAN_POINT ( 'NONE',  ( -0.3145860072304130228, -0.9881792775509883331, -1.694617859314130559 ) ) ;
#4543 = EDGE_CURVE ( 'NONE', #1950, #3782, #1719, .T. ) ;
#4544 = CARTESIAN_POINT ( 'NONE',  ( -0.7359708747362936343, -1.849999999999999867, 0.9608745326387237995 ) ) ;
#4545 = FACE_OUTER_BOUND ( 'NONE', #865, .T. ) ;
#4546 = LINE ( 'NONE', #3632, #407 ) ;
#4547 = ORIENTED_EDGE ( 'NONE', *, *, #4061, .F. ) ;
#4548 = FACE_OUTER_BOUND ( 'NONE', #1981, .T. ) ;
#4549 = EDGE_CURVE ( 'NONE', #6114, #6047, #3052, .T. ) ;
#4550 = EDGE_CURVE ( 'NONE', #3166, #3682, #2677, .T. ) ;
#4551 = SURFACE_STYLE_USAGE ( .BOTH. , #4432 ) ;
#4552 = EDGE_CURVE ( 'NONE', #5066, #4401, #3332, .T. ) ;
#4553 = CARTESIAN_POINT ( 'NONE',  ( -1.399999999999999911, 0.000000000000000000, 0.000000000000000000 ) ) ;
#4554 = EDGE_LOOP ( 'NONE', ( #1269, #5205, #1770, #899 ) ) ;
#4555 = ORIENTED_EDGE ( 'NONE', *, *, #4161, .F. ) ;
#4556 = CARTESIAN_POINT ( 'NONE',  ( -1.338084194258480020, -0.1392041924772199901, -1.438397969058500037 ) ) ;
#4557 = CARTESIAN_POINT ( 'NONE',  ( -0.3408607044858690260, -0.6500000000000000222, 1.500032410570000030 ) ) ;
#4558 = DIRECTION ( 'NONE',  ( 1.000000000000000000, 0.000000000000000000, 0.000000000000000000 ) ) ;
#4559 = CARTESIAN_POINT ( 'NONE',  ( 0.8302850904925674902, -0.9851236832524746800, -1.697426538692231146 ) ) ;
#4560 = ORIENTED_EDGE ( 'NONE', *, *, #611, .F. ) ;
#4561 = VERTEX_POINT ( 'NONE', #1597 ) ;
#4562 = CARTESIAN_POINT ( 'NONE',  ( -1.400346185369999885, -1.050000000000000044, -1.499967589430000192 ) ) ;
#4563 = CARTESIAN_POINT ( 'NONE',  ( -0.8478463484557501317, -0.8973301386371097532, 1.608618601035223250 ) ) ;
#4564 = AXIS2_PLACEMENT_3D ( 'NONE', #5534, #2232, #1832 ) ;
#4565 = DIRECTION ( 'NONE',  ( 1.000000000000000000, 0.000000000000000000, 0.000000000000000000 ) ) ;
#4566 = CARTESIAN_POINT ( 'NONE',  ( -0.3697599608643299951, -0.9249999999999999334, 1.304769632872699869 ) ) ;
#4567 = VERTEX_POINT ( 'NONE', #3487 ) ;
#4568 = VECTOR ( 'NONE', #5120, 1000.000000000000000 ) ;
#4569 = ORIENTED_EDGE ( 'NONE', *, *, #4208, .F. ) ;
#4570 = VECTOR ( 'NONE', #1929, 1000.000000000000114 ) ;
#4571 = FACE_OUTER_BOUND ( 'NONE', #6130, .T. ) ;
#4572 = CLOSED_SHELL ( 'NONE', ( #3842, #49, #2593, #5012, #3838, #208, #5922, #2888 ) ) ;
#4573 = CARTESIAN_POINT ( 'NONE',  ( 0.3399153838292699459, -0.9249999999999999334, 1.500032410570000030 ) ) ;
#4574 = VECTOR ( 'NONE', #3745, 1000.000000000000000 ) ;
#4575 = MANIFOLD_SOLID_BREP ( 'Split2[1]', #3791 ) ;
#4576 = VECTOR ( 'NONE', #710, 1000.000000000000000 ) ;
#4577 = DIRECTION ( 'NONE',  ( -1.000000000000000000, 0.000000000000000000, 0.000000000000000000 ) ) ;
#4578 = ADVANCED_FACE ( 'NONE', ( #4189 ), #5370, .F. ) ;
#4579 = AXIS2_PLACEMENT_3D ( 'NONE', #5023, #2199, #2737 ) ;
#4580 = EDGE_LOOP ( 'NONE', ( #4422, #5782, #1928, #6079, #2058, #5343, #3844, #2783, #1368 ) ) ;
#4581 = FACE_OUTER_BOUND ( 'NONE', #3699, .T. ) ;
#4582 = VECTOR ( 'NONE', #2574, 1000.000000000000114 ) ;
#4583 = VECTOR ( 'NONE', #1884, 1000.000000000000114 ) ;
#4584 =( BOUNDED_CURVE ( )  B_SPLINE_CURVE ( 3, ( #4106, #3060, #729, #291 ),
 .UNSPECIFIED., .F., .T. ) 
 B_SPLINE_CURVE_WITH_KNOTS ( ( 4, 4 ),
 ( 3.868873344993045027, 4.712388980384689674 ),
 .UNSPECIFIED. ) 
 CURVE ( )  GEOMETRIC_REPRESENTATION_ITEM ( )  RATIONAL_B_SPLINE_CURVE ( ( 1.000000000000000000, 0.9415805076363139570, 0.9415805076363139570, 1.000000000000000000 ) ) 
 REPRESENTATION_ITEM ( '' )  );
#4585 = CARTESIAN_POINT ( 'NONE',  ( -1.077972718902663773, -1.050000000000000044, -1.599967589430000281 ) ) ;
#4586 = DIRECTION ( 'NONE',  ( 0.000000000000000000, 0.000000000000000000, -1.000000000000000000 ) ) ;
#4587 = ADVANCED_FACE ( 'NONE', ( #443 ), #6040, .T. ) ;
#4588 = ORIENTED_EDGE ( 'NONE', *, *, #5246, .T. ) ;
#4589 = ORIENTED_EDGE ( 'NONE', *, *, #1691, .F. ) ;
#4590 = VERTEX_POINT ( 'NONE', #3235 ) ;
#4591 = VECTOR ( 'NONE', #4074, 1000.000000000000000 ) ;
#4592 = DIRECTION ( 'NONE',  ( 0.07767724310006517141, -0.9969785583975079302, 0.000000000000000000 ) ) ;
#4593 = CARTESIAN_POINT ( 'NONE',  ( 0.8262032957502399855, -0.9657079226522899962, -1.713098383932700086 ) ) ;
#4594 = VECTOR ( 'NONE', #5738, 1000.000000000000000 ) ;
#4595 = EDGE_LOOP ( 'NONE', ( #588, #3914, #3676, #1964, #2052, #3167, #1640, #3611, #4379 ) ) ;
#4596 = DIRECTION ( 'NONE',  ( -0.07855673849245517482, -0.9914484689297577980, -0.1042054331321885519 ) ) ;
#4597 = ADVANCED_FACE ( 'NONE', ( #5091 ), #1369, .F. ) ;
#4598 = EDGE_LOOP ( 'NONE', ( #5191, #2637, #1973 ) ) ;
#4599 = ORIENTED_EDGE ( 'NONE', *, *, #2213, .F. ) ;
#4600 = LINE ( 'NONE', #3270, #2313 ) ;
#4601 = CARTESIAN_POINT ( 'NONE',  ( -0.8506852320663759182, -0.8937984680647224067, 1.611262087061096970 ) ) ;
#4602 = CARTESIAN_POINT ( 'NONE',  ( 1.100346185370000063, -0.03173312393769969764, -0.8968482715346000056 ) ) ;
#4603 = CARTESIAN_POINT ( 'NONE',  ( 1.399999999999999911, -1.050000000000000044, -1.752467526534499997 ) ) ;
#4604 = DIRECTION ( 'NONE',  ( -8.830121000000003553E-34, 0.1045284632676540537, -0.9945218953682734009 ) ) ;
#4605 = ORIENTED_EDGE ( 'NONE', *, *, #1093, .F. ) ;
#4606 = VERTEX_POINT ( 'NONE', #5119 ) ;
#4607 = CARTESIAN_POINT ( 'NONE',  ( 0.6924885914724800973, -0.9249999999999999334, 0.8158059366625990405 ) ) ;
#4608 = CARTESIAN_POINT ( 'NONE',  ( -0.5744368313318822805, -0.6487191288409511758, -1.685202711086674299 ) ) ;
#4609 = LINE ( 'NONE', #2190, #5481 ) ;
#4610 = LINE ( 'NONE', #274, #2325 ) ;
#4611 = CARTESIAN_POINT ( 'NONE',  ( 0.3151530103492009571, -1.050000000000000044, -1.549967526534500095 ) ) ;
#4612 = ORIENTED_EDGE ( 'NONE', *, *, #1228, .F. ) ;
#4613 = LINE ( 'NONE', #1242, #317 ) ;
#4614 = PLANE ( 'NONE',  #4382 ) ;
#4615 = DIRECTION ( 'NONE',  ( 0.08640065223680021278, 0.9924728899803273441, -0.08678991846494947537 ) ) ;
#4616 = ORIENTED_EDGE ( 'NONE', *, *, #5238, .T. ) ;
#4617 = ORIENTED_EDGE ( 'NONE', *, *, #5999, .T. ) ;
#4618 = CARTESIAN_POINT ( 'NONE',  ( 0.8302842846746131267, -0.9851226637075353176, 1.697492169218743463 ) ) ;
#4619 = EDGE_CURVE ( 'NONE', #2074, #2374, #1808, .T. ) ;
#4620 = CARTESIAN_POINT ( 'NONE',  ( -1.383580051887911777, -0.7133980713852456912, -1.556572627514387186 ) ) ;
#4621 = ORIENTED_EDGE ( 'NONE', *, *, #1480, .T. ) ;
#4622 = DIRECTION ( 'NONE',  ( 0.1464070660461419537, 1.791155999999999636E-15, -0.9892244290411356111 ) ) ;
#4623 = ORIENTED_EDGE ( 'NONE', *, *, #5139, .T. ) ;
#4624 = EDGE_LOOP ( 'NONE', ( #32, #2635, #4030, #2417, #5511, #3508, #1209 ) ) ;
#4625 = CARTESIAN_POINT ( 'NONE',  ( 0.8253461853700008177, -0.9440144814266110407, -1.708942052817941537 ) ) ;
#4626 = ADVANCED_FACE ( 'NONE', ( #2269 ), #6081, .T. ) ;
#4627 = ADVANCED_FACE ( 'NONE', ( #2769 ), #4647, .T. ) ;
#4628 = CARTESIAN_POINT ( 'NONE',  ( 0.3074268602052496191, -0.8728248697933940203, -1.621809512494768457 ) ) ;
#4629 = DIRECTION ( 'NONE',  ( -0.08683102911525177048, 0.000000000000000000, -0.9962230535290709232 ) ) ;
#4630 = ADVANCED_FACE ( 'NONE', ( #4124 ), #403, .F. ) ;
#4631 = CARTESIAN_POINT ( 'NONE',  ( 0.0003461853700004179925, -0.2500000000000000000, 3.241057000114010188E-05 ) ) ;
#4632 = EDGE_LOOP ( 'NONE', ( #5050, #3565, #1978, #4007 ) ) ;
#4633 = ORIENTED_EDGE ( 'NONE', *, *, #2284, .T. ) ;
#4634 = CARTESIAN_POINT ( 'NONE',  ( 1.370262115408682035, -0.6387691941217048530, -1.469883519468704547 ) ) ;
#4635 = PLANE ( 'NONE',  #4888 ) ;
#4636 = EDGE_CURVE ( 'NONE', #4841, #2168, #3952, .T. ) ;
#4637 = LINE ( 'NONE', #6097, #5875 ) ;
#4638 = B_SPLINE_CURVE_WITH_KNOTS ( 'NONE', 3,
 ( #2, #3266, #1902, #3733, #3790, #6113, #4593 ),
 .UNSPECIFIED., .F., .F.,
 ( 4, 3, 4 ),
 ( 0.9932446400371459649, 1.019466671149039882, 1.038007329362550024 ),
 .UNSPECIFIED. ) ;
#4639 = SURFACE_SIDE_STYLE ('',( #1266 ) ) ;
#4640 = LINE ( 'NONE', #2694, #1607 ) ;
#4641 = ORIENTED_EDGE ( 'NONE', *, *, #60, .T. ) ;
#4642 = CARTESIAN_POINT ( 'NONE',  ( -1.077972718902663773, -0.9249999999999999334, -1.599967589430000281 ) ) ;
#4643 = LINE ( 'NONE', #6073, #3892 ) ;
#4644 = CARTESIAN_POINT ( 'NONE',  ( 1.077773610167350071, -1.043632083895880136, 1.600098464836000156 ) ) ;
#4645 = ORIENTED_EDGE ( 'NONE', *, *, #5963, .T. ) ;
#4646 = ORIENTED_EDGE ( 'NONE', *, *, #6023, .T. ) ;
#4647 = PLANE ( 'NONE',  #1723 ) ;
#4648 = FACE_OUTER_BOUND ( 'NONE', #2098, .T. ) ;
#4649 = ORIENTED_EDGE ( 'NONE', *, *, #3046, .T. ) ;
#4650 = CARTESIAN_POINT ( 'NONE',  ( 0.8287336673445375723, -0.9249999999999998224, -1.732366901978448226 ) ) ;
#4651 = VERTEX_POINT ( 'NONE', #3731 ) ;
#4652 = ADVANCED_FACE ( 'NONE', ( #4095 ), #3263, .T. ) ;
#4653 = CARTESIAN_POINT ( 'NONE',  ( -0.3333472986017589901, -1.049998534340759848, 1.550798024871200109 ) ) ;
#4654 = DIRECTION ( 'NONE',  ( -2.957639852800359430E-32, 1.000000000000000000, 0.000000000000000000 ) ) ;
#4655 = DIRECTION ( 'NONE',  ( 4.761750528527518187E-23, -0.08716022863320700698, 0.9961943056174368261 ) ) ;
#4656 = DIRECTION ( 'NONE',  ( 1.000000000000000000, 0.000000000000000000, 0.000000000000000000 ) ) ;
#4657 = PLANE ( 'NONE',  #442 ) ;
#4658 = VERTEX_POINT ( 'NONE', #5052 ) ;
#4659 = ADVANCED_FACE ( 'NONE', ( #5980 ), #1751, .T. ) ;
#4660 = ADVANCED_FACE ( 'NONE', ( #1776 ), #3168, .F. ) ;
#4661 = AXIS2_PLACEMENT_3D ( 'NONE', #429, #395, #4577 ) ;
#4662 = ORIENTED_EDGE ( 'NONE', *, *, #738, .F. ) ;
#4663 = EDGE_CURVE ( 'NONE', #4293, #1602, #2687, .T. ) ;
#4664 = LINE ( 'NONE', #420, #4574 ) ;
#4665 = FACE_OUTER_BOUND ( 'NONE', #764, .T. ) ;
#4666 = VERTEX_POINT ( 'NONE', #5787 ) ;
#4667 = CARTESIAN_POINT ( 'NONE',  ( -1.369569744668681421, 3.579848725887760263, 1.469948340608683512 ) ) ;
#4668 = VECTOR ( 'NONE', #3365, 1000.000000000000000 ) ;
#4669 = DIRECTION ( 'NONE',  ( 0.7087977427066969316, -2.076387293423599351E-32, 0.7054117662286978341 ) ) ;
#4670 = EDGE_CURVE ( 'NONE', #4968, #2599, #649, .T. ) ;
#4671 = VECTOR ( 'NONE', #5363, 1000.000000000000227 ) ;
#4672 = EDGE_LOOP ( 'NONE', ( #5590, #5628, #3920, #2394 ) ) ;
#4673 = CARTESIAN_POINT ( 'NONE',  ( -1.378683313294081669, -1.292451642721451188, 1.478798052303569754 ) ) ;
#4674 = CARTESIAN_POINT ( 'NONE',  ( 0.3151530103492009571, -0.9249999999999999334, -1.249915212658899932 ) ) ;
#4675 = VECTOR ( 'NONE', #1951, 1000.000000000000000 ) ;
#4676 = CARTESIAN_POINT ( 'NONE',  ( -0.8295919216459435308, -0.9851210358989060945, -1.697428775879692431 ) ) ;
#4677 = ORIENTED_EDGE ( 'NONE', *, *, #3858, .F. ) ;
#4678 = B_SPLINE_CURVE_WITH_KNOTS ( 'NONE', 3,
 ( #5845, #1049, #2454, #2945, #675, #2105, #5424, #3417 ),
 .UNSPECIFIED., .F., .F.,
 ( 4, 2, 2, 4 ),
 ( 0.5710569854580710425, 0.6782927390935532541, 0.7855284927290355768, 1.000000000000000000 ),
 .UNSPECIFIED. ) ;
#4679 = AXIS2_PLACEMENT_3D ( 'NONE', #4553, #6006, #4586 ) ;
#4680 = ORIENTED_EDGE ( 'NONE', *, *, #725, .T. ) ;
#4681 = VECTOR ( 'NONE', #1488, 1000.000000000000000 ) ;
#4682 = PRODUCT_CONTEXT ( 'NONE', #1081, 'mechanical' ) ;
#4683 = STYLED_ITEM ( 'NONE', ( #5599 ), #499 ) ;
#4684 = PLANE ( 'NONE',  #1613 ) ;
#4685 = ORIENTED_EDGE ( 'NONE', *, *, #1691, .T. ) ;
#4686 = VECTOR ( 'NONE', #2015, 1000.000000000000000 ) ;
#4687 = VECTOR ( 'NONE', #2679, 1000.000000000000227 ) ;
#4688 = CARTESIAN_POINT ( 'NONE',  ( 1.094885301944795275, 3.579848725887760263, 1.732315134934082845 ) ) ;
#4689 = VERTEX_POINT ( 'NONE', #3042 ) ;
#4690 = AXIS2_PLACEMENT_3D ( 'NONE', #5693, #3374, #5258 ) ;
#4691 = VECTOR ( 'NONE', #4784, 1000.000000000000000 ) ;
#4692 = FACE_OUTER_BOUND ( 'NONE', #1292, .T. ) ;
#4693 = CARTESIAN_POINT ( 'NONE',  ( 0.3136813627027422724, -0.8920560334432051652, -1.613140346614876819 ) ) ;
#4694 = DIRECTION ( 'NONE',  ( 0.000000000000000000, 0.000000000000000000, -1.000000000000000000 ) ) ;
#4695 = VECTOR ( 'NONE', #3398, 1000.000000000000227 ) ;
#4696 = DIRECTION ( 'NONE',  ( 1.000000000000000000, 0.000000000000000000, 7.835226434153089945E-15 ) ) ;
#4697 = ORIENTED_EDGE ( 'NONE', *, *, #3282, .T. ) ;
#4698 = ORIENTED_EDGE ( 'NONE', *, *, #1289, .F. ) ;
#4699 = DIRECTION ( 'NONE',  ( 1.000000000000000000, 1.165135276964198079E-15, 0.000000000000000000 ) ) ;
#4700 = LINE ( 'NONE', #884, #1232 ) ;
#4701 = FACE_OUTER_BOUND ( 'NONE', #2646, .T. ) ;
#4702 = ADVANCED_FACE ( 'NONE', ( #556 ), #2482, .F. ) ;
#4703 = ORIENTED_EDGE ( 'NONE', *, *, #4471, .F. ) ;
#4704 = DIRECTION ( 'NONE',  ( -1.224606000000000123E-16, 0.000000000000000000, 1.000000000000000000 ) ) ;
#4705 = LINE ( 'NONE', #4819, #3876 ) ;
#4706 = ORIENTED_EDGE ( 'NONE', *, *, #2284, .F. ) ;
#4707 = CARTESIAN_POINT ( 'NONE',  ( 1.100346185370000063, -0.6387691941217051861, 1.607008363466581491 ) ) ;
#4708 = DIRECTION ( 'NONE',  ( -0.000000000000000000, -1.000000000000000000, -0.000000000000000000 ) ) ;
#4709 = CARTESIAN_POINT ( 'NONE',  ( 1.178314978183609973, -0.9249999999999999334, 1.500032410577400110 ) ) ;
#4710 = ADVANCED_FACE ( 'NONE', ( #1173 ), #4918, .T. ) ;
#4711 = EDGE_LOOP ( 'NONE', ( #2226, #1085, #4616, #587, #4901, #2215 ) ) ;
#4712 = EDGE_CURVE ( 'NONE', #2036, #2059, #1497, .T. ) ;
#4713 = DIRECTION ( 'NONE',  ( 1.000000000000000000, 0.000000000000000000, 0.000000000000000000 ) ) ;
#4714 = CARTESIAN_POINT ( 'NONE',  ( 1.399999999999999911, -0.9249999999999999334, -1.500000000000000000 ) ) ;
#4715 = DIRECTION ( 'NONE',  ( 1.000000000000000000, 0.000000000000000000, 0.000000000000000000 ) ) ;
#4716 = ORIENTED_EDGE ( 'NONE', *, *, #396, .F. ) ;
#4717 = CARTESIAN_POINT ( 'NONE',  ( 0.8302842846746131267, -0.9851226637075353176, 1.697492169218743463 ) ) ;
#4718 = CARTESIAN_POINT ( 'NONE',  ( -1.099653814629999449, -0.4387691941217055636, -1.606943542311669804 ) ) ;
#4719 = LINE ( 'NONE', #3214, #245 ) ;
#4720 = CARTESIAN_POINT ( 'NONE',  ( 1.034422143225242063, 3.767150108363497285, 1.469948340608702164 ) ) ;
#4721 = CARTESIAN_POINT ( 'NONE',  ( -1.099653814630001891, -0.4387691941217033431, 1.669661749200343603 ) ) ;
#4722 = ORIENTED_EDGE ( 'NONE', *, *, #3119, .T. ) ;
#4723 = ORIENTED_EDGE ( 'NONE', *, *, #1263, .T. ) ;
#4724 = CARTESIAN_POINT ( 'NONE',  ( 1.111239708390497904, -1.050000000000000044, -1.566857868010573140 ) ) ;
#4725 = CARTESIAN_POINT ( 'NONE',  ( 1.399999999999999911, -0.9249999999999999334, 1.600098464836000156 ) ) ;
#4726 = DIRECTION ( 'NONE',  ( -2.957639852800499560E-32, -1.000000000000000000, 0.000000000000000000 ) ) ;
#4727 = VERTEX_POINT ( 'NONE', #3542 ) ;
#4728 = CARTESIAN_POINT ( 'NONE',  ( 1.399999999999999911, -0.9249999999999999334, 1.500000000000000222 ) ) ;
#4729 = FACE_OUTER_BOUND ( 'NONE', #418, .T. ) ;
#4730 = EDGE_CURVE ( 'NONE', #544, #160, #4678, .T. ) ;
#4731 = ORIENTED_EDGE ( 'NONE', *, *, #2102, .T. ) ;
#4732 = LINE ( 'NONE', #5570, #4965 ) ;
#4733 = DIRECTION ( 'NONE',  ( 0.000000000000000000, 0.000000000000000000, -1.000000000000000000 ) ) ;
#4734 = CARTESIAN_POINT ( 'NONE',  ( -0.9246538146299999594, -0.9249999999999999334, 1.600098464836000156 ) ) ;
#4735 = ORIENTED_EDGE ( 'NONE', *, *, #3836, .T. ) ;
#4736 = EDGE_CURVE ( 'NONE', #5872, #5905, #4823, .T. ) ;
#4737 = EDGE_CURVE ( 'NONE', #5623, #48, #3446, .T. ) ;
#4738 = ORIENTED_EDGE ( 'NONE', *, *, #55, .F. ) ;
#4739 = EDGE_CURVE ( 'NONE', #855, #4844, #4332, .T. ) ;
#4740 = CARTESIAN_POINT ( 'NONE',  ( 1.100346185369999175, -0.4387691941217055636, 1.607008363466563949 ) ) ;
#4741 = DIRECTION ( 'NONE',  ( 0.000000000000000000, -1.000000000000000000, 0.000000000000000000 ) ) ;
#4742 = CARTESIAN_POINT ( 'NONE',  ( 1.400346185369999885, -1.050000000000000044, -1.499967589430000192 ) ) ;
#4743 = ORIENTED_EDGE ( 'NONE', *, *, #2929, .F. ) ;
#4744 = CARTESIAN_POINT ( 'NONE',  ( -0.8335654176488410672, -0.9249999999999999334, -1.555021743385800015 ) ) ;
#4745 = CARTESIAN_POINT ( 'NONE',  ( -1.077972718902663773, -1.050000000000000044, -1.599967589430000281 ) ) ;
#4746 = CARTESIAN_POINT ( 'NONE',  ( 0.3003445559066184600, -0.8559864681760201988, -1.624955667884197652 ) ) ;
#4747 = DIRECTION ( 'NONE',  ( 0.000000000000000000, -1.000000000000000000, 0.000000000000000000 ) ) ;
#4748 = PLANE ( 'NONE',  #1234 ) ;
#4749 = VERTEX_POINT ( 'NONE', #153 ) ;
#4750 = EDGE_LOOP ( 'NONE', ( #4425, #1994, #2043, #3170, #2540, #3935, #1470, #4802, #4205, #1936 ) ) ;
#4751 = CARTESIAN_POINT ( 'NONE',  ( -0.8581697333585999177, -1.035255832108370022, -1.625335136751600018 ) ) ;
#4752 = DIRECTION ( 'NONE',  ( -0.000000000000000000, -0.000000000000000000, 1.000000000000000000 ) ) ;
#4753 = CARTESIAN_POINT ( 'NONE',  ( -0.9246538146299999594, -1.050000000000000044, 1.700098464836000023 ) ) ;
#4754 = ORIENTED_EDGE ( 'NONE', *, *, #2522, .F. ) ;
#4755 = CARTESIAN_POINT ( 'NONE',  ( -0.8296984163793900136, -0.9249999999999999334, 1.668738102225399977 ) ) ;
#4756 = CARTESIAN_POINT ( 'NONE',  ( 1.094885301944795275, -0.4387691941217055636, 1.732315134934082845 ) ) ;
#4757 = VECTOR ( 'NONE', #3171, 1000.000000000000000 ) ;
#4758 = ORIENTED_EDGE ( 'NONE', *, *, #5571, .F. ) ;
#4759 = FACE_OUTER_BOUND ( 'NONE', #5640, .T. ) ;
#4760 = FACE_OUTER_BOUND ( 'NONE', #2999, .T. ) ;
#4761 = EDGE_CURVE ( 'NONE', #3546, #3471, #110, .T. ) ;
#4762 = VERTEX_POINT ( 'NONE', #1652 ) ;
#4763 = EDGE_LOOP ( 'NONE', ( #2136, #4311, #5876, #4302 ) ) ;
#4764 = AXIS2_PLACEMENT_3D ( 'NONE', #5984, #4011, #4065 ) ;
#4765 = EDGE_CURVE ( 'NONE', #5608, #5361, #2512, .T. ) ;
#4766 = AXIS2_PLACEMENT_3D ( 'NONE', #5359, #5451, #5427 ) ;
#4767 = CARTESIAN_POINT ( 'NONE',  ( 1.369685728587285878, -0.5359197828637511929, -1.459073610750857064 ) ) ;
#4768 = AXIS2_PLACEMENT_3D ( 'NONE', #297, #825, #5968 ) ;
#4769 = VECTOR ( 'NONE', #5749, 1000.000000000000227 ) ;
#4770 = ORIENTED_EDGE ( 'NONE', *, *, #801, .T. ) ;
#4771 = SURFACE_STYLE_USAGE ( .BOTH. , #169 ) ;
#4772 = LINE ( 'NONE', #1033, #5791 ) ;
#4773 = DIRECTION ( 'NONE',  ( 0.07725426560925727215, -0.9915496905310593467, 0.1042160719511857486 ) ) ;
#4774 = COLOUR_RGB ( '',1.000000000000000000, 1.000000000000000000, 1.000000000000000000 ) ;
#4775 = EDGE_CURVE ( 'NONE', #405, #1075, #1108, .T. ) ;
#4776 = CARTESIAN_POINT ( 'NONE',  ( 0.3162547584502809483, -0.9251701078087301022, 1.550032410577399933 ) ) ;
#4777 = EDGE_CURVE ( 'NONE', #4945, #5240, #209, .T. ) ;
#4778 = DIRECTION ( 'NONE',  ( 0.07725516908305771202, -0.9915612865142735544, 0.1041050139815889730 ) ) ;
#4779 = ORIENTED_EDGE ( 'NONE', *, *, #4972, .F. ) ;
#4780 = AXIS2_PLACEMENT_3D ( 'NONE', #272, #1705, #3597 ) ;
#4781 = B_SPLINE_CURVE_WITH_KNOTS ( 'NONE', 3,
 ( #4160, #878, #4202, #1600 ),
 .UNSPECIFIED., .F., .F.,
 ( 4, 4 ),
 ( 0.000000000000000000, 1.000000000000000000 ),
 .UNSPECIFIED. ) ;
#4782 = VERTEX_POINT ( 'NONE', #2076 ) ;
#4783 = LINE ( 'NONE', #4296, #620 ) ;
#4784 = DIRECTION ( 'NONE',  ( 0.000000000000000000, -1.000000000000000000, 0.000000000000000000 ) ) ;
#4785 = AXIS2_PLACEMENT_3D ( 'NONE', #5783, #5904, #1074 ) ;
#4786 = PLANE ( 'NONE',  #632 ) ;
#4787 = EDGE_CURVE ( 'NONE', #4749, #5433, #3961, .T. ) ;
#4788 = VECTOR ( 'NONE', #385, 1000.000000000000000 ) ;
#4789 = VERTEX_POINT ( 'NONE', #1983 ) ;
#4790 = CARTESIAN_POINT ( 'NONE',  ( -0.8263496980359981148, -0.9342911121776719119, 1.678877617762081220 ) ) ;
#4791 = CARTESIAN_POINT ( 'NONE',  ( -0.6919741111233190800, -0.9249999999999999334, 0.8109592403554979345 ) ) ;
#4792 = ORIENTED_EDGE ( 'NONE', *, *, #2826, .F. ) ;
#4793 = DIRECTION ( 'NONE',  ( -1.000000000000000000, 0.000000000000000000, 0.000000000000000000 ) ) ;
#4794 = CARTESIAN_POINT ( 'NONE',  ( 0.3229846837006900007, -1.023642306690880188, 1.614427587116199936 ) ) ;
#4795 = LINE ( 'NONE', #2973, #5566 ) ;
#4796 =( NAMED_UNIT ( * ) PLANE_ANGLE_UNIT ( ) SI_UNIT ( $, .RADIAN. ) );
#4797 = VECTOR ( 'NONE', #1667, 1000.000000000000000 ) ;
#4798 = ORIENTED_EDGE ( 'NONE', *, *, #681, .F. ) ;
#4799 = ORIENTED_EDGE ( 'NONE', *, *, #5044, .T. ) ;
#4800 = PLANE ( 'NONE',  #2006 ) ;
#4801 = DIRECTION ( 'NONE',  ( 6.921906356932869716E-15, 0.000000000000000000, 1.000000000000000000 ) ) ;
#4802 = ORIENTED_EDGE ( 'NONE', *, *, #2629, .F. ) ;
#4803 = EDGE_CURVE ( 'NONE', #2168, #5222, #3511, .T. ) ;
#4804 = PLANE ( 'NONE',  #230 ) ;
#4805 = CARTESIAN_POINT ( 'NONE',  ( -0.1584170084900250186, -1.849999999999999867, -1.200040355898951860 ) ) ;
#4806 = CARTESIAN_POINT ( 'NONE',  ( 1.329400826565670046, -0.05000000000000000278, -0.6463040388454999174 ) ) ;
#4807 = LINE ( 'NONE', #4833, #1529 ) ;
#4808 = CARTESIAN_POINT ( 'NONE',  ( -1.364658349219630029, -1.450000000000000178, -0.7499675894300009693 ) ) ;
#4809 = VERTEX_POINT ( 'NONE', #2260 ) ;
#4810 = ADVANCED_FACE ( 'NONE', ( #3656 ), #3678, .F. ) ;
#4811 = EDGE_CURVE ( 'NONE', #5557, #4478, #4609, .T. ) ;
#4812 = EDGE_LOOP ( 'NONE', ( #3399, #3030, #1664, #4882 ) ) ;
#4813 = DIRECTION ( 'NONE',  ( 0.000000000000000000, -1.000000000000000000, 0.000000000000000000 ) ) ;
#4814 = CARTESIAN_POINT ( 'NONE',  ( -0.3334606109494699933, -0.9251701078087301022, 1.550032410577399933 ) ) ;
#4815 = DIRECTION ( 'NONE',  ( 0.000000000000000000, 2.943510999999999877E-32, -1.000000000000000000 ) ) ;
#4816 = ADVANCED_FACE ( 'NONE', ( #5531 ), #2165, .F. ) ;
#4817 = ORIENTED_EDGE ( 'NONE', *, *, #1836, .T. ) ;
#4818 = DIRECTION ( 'NONE',  ( -0.08683102911525210355, 0.000000000000000000, 0.9962230535290709232 ) ) ;
#4819 = CARTESIAN_POINT ( 'NONE',  ( 1.178447708059189969, -1.050000000000000044, 1.499967590878610091 ) ) ;
#4820 = EDGE_CURVE ( 'NONE', #1864, #4210, #2665, .T. ) ;
#4821 = ORIENTED_EDGE ( 'NONE', *, *, #2826, .T. ) ;
#4822 = DIRECTION ( 'NONE',  ( -1.000000000000000000, -0.000000000000000000, -0.000000000000000000 ) ) ;
#4823 = LINE ( 'NONE', #4794, #4582 ) ;
#4824 = DIRECTION ( 'NONE',  ( 0.07725426560925728603, -0.9915496905310594578, 0.1042160719511847494 ) ) ;
#4825 = LINE ( 'NONE', #584, #1628 ) ;
#4826 = ORIENTED_EDGE ( 'NONE', *, *, #5918, .T. ) ;
#4827 = ORIENTED_EDGE ( 'NONE', *, *, #1480, .F. ) ;
#4828 = LINE ( 'NONE', #3910, #4477 ) ;
#4829 = CARTESIAN_POINT ( 'NONE',  ( -1.099653814629999893, 3.579848725887760263, -1.669596928045519402 ) ) ;
#4830 = FACE_OUTER_BOUND ( 'NONE', #2813, .T. ) ;
#4831 = ORIENTED_EDGE ( 'NONE', *, *, #3765, .T. ) ;
#4832 = CARTESIAN_POINT ( 'NONE',  ( -1.178447708059189969, -0.9249999999999999334, -1.499967590878610091 ) ) ;
#4833 = CARTESIAN_POINT ( 'NONE',  ( 1.400346185369999885, -0.9249999999999999334, 1.500032410570000030 ) ) ;
#4834 = EDGE_CURVE ( 'NONE', #1095, #3552, #3158, .T. ) ;
#4835 = CARTESIAN_POINT ( 'NONE',  ( -0.6919741111233190800, -1.050000000000000044, 0.8109592403554979345 ) ) ;
#4836 = ORIENTED_EDGE ( 'NONE', *, *, #5724, .T. ) ;
#4837 = VERTEX_POINT ( 'NONE', #5509 ) ;
#4838 = CARTESIAN_POINT ( 'NONE',  ( 0.8262032957502399855, -0.9657079226522899962, -1.713098383932700086 ) ) ;
#4839 = LINE ( 'NONE', #3344, #5974 ) ;
#4840 = LINE ( 'NONE', #3536, #532 ) ;
#4841 = VERTEX_POINT ( 'NONE', #1767 ) ;
#4842 = EDGE_CURVE ( 'NONE', #4782, #3161, #1585, .T. ) ;
#4843 = PLANE ( 'NONE',  #1023 ) ;
#4844 = VERTEX_POINT ( 'NONE', #3096 ) ;
#4845 = EDGE_CURVE ( 'NONE', #3527, #4067, #2229, .T. ) ;
#4846 =( BOUNDED_CURVE ( )  B_SPLINE_CURVE ( 3, ( #379, #2273, #5615, #3268 ),
 .UNSPECIFIED., .F., .T. ) 
 B_SPLINE_CURVE_WITH_KNOTS ( ( 4, 4 ),
 ( 1.340204843948253899, 1.570796326794919873 ),
 .UNSPECIFIED. ) 
 CURVE ( )  GEOMETRIC_REPRESENTATION_ITEM ( )  RATIONAL_B_SPLINE_CURVE ( ( 1.000000000000000000, 0.9955738703487491126, 0.9955738703487491126, 1.000000000000000000 ) ) 
 REPRESENTATION_ITEM ( '' )  );
#4847 = ORIENTED_EDGE ( 'NONE', *, *, #956, .F. ) ;
#4848 = CARTESIAN_POINT ( 'NONE',  ( -1.400346185369999885, -0.9249999999999999334, -1.499967589430000192 ) ) ;
#4849 = CARTESIAN_POINT ( 'NONE',  ( -1.342372006410210039, -0.1800000000000000211, 0.6600324105699999500 ) ) ;
#4850 = CARTESIAN_POINT ( 'NONE',  ( 0.0003461853700004179925, -0.05000000000000000278, 3.241057000114010188E-05 ) ) ;
#4851 = ADVANCED_FACE ( 'NONE', ( #4571 ), #6029, .F. ) ;
#4852 = DIRECTION ( 'NONE',  ( 3.511736306105447372E-15, 0.9961943056174364930, 0.08716022863320924130 ) ) ;
#4853 = DIRECTION ( 'NONE',  ( 0.9999999999999967804, -5.593144999999981157E-16, 7.920529212246034483E-08 ) ) ;
#4854 = ORIENTED_EDGE ( 'NONE', *, *, #164, .T. ) ;
#4855 = ORIENTED_EDGE ( 'NONE', *, *, #3654, .F. ) ;
#4856 = CARTESIAN_POINT ( 'NONE',  ( 1.100346185370000063, -1.050000000000000044, 1.550032410577399933 ) ) ;
#4857 = AXIS2_PLACEMENT_3D ( 'NONE', #4457, #1659, #652 ) ;
#4858 = CARTESIAN_POINT ( 'NONE',  ( -1.360525053204891144, -0.4224256661643469024, 1.447234216621470226 ) ) ;
#4859 = CARTESIAN_POINT ( 'NONE',  ( 0.2749746469394572790, -0.8048010792937784208, -1.621470203416220723 ) ) ;
#4860 = EDGE_CURVE ( 'NONE', #1948, #4253, #5937, .T. ) ;
#4861 = EDGE_LOOP ( 'NONE', ( #2841, #749, #4516, #5835 ) ) ;
#4862 = VECTOR ( 'NONE', #3289, 1000.000000000000000 ) ;
#4863 = CARTESIAN_POINT ( 'NONE',  ( -0.8996538146300090411, -0.8434481562170199620, 1.624916381041099811 ) ) ;
#4864 = LINE ( 'NONE', #4038, #1342 ) ;
#4865 = FACE_OUTER_BOUND ( 'NONE', #4322, .T. ) ;
#4866 = CYLINDRICAL_SURFACE ( 'NONE', #5281, 0.07517010780874895659 ) ;
#4867 = VECTOR ( 'NONE', #4016, 1000.000000000000000 ) ;
#4868 = VECTOR ( 'NONE', #3258, 1000.000000000000000 ) ;
#4869 = CARTESIAN_POINT ( 'NONE',  ( -1.099653814629999893, -0.6442092950935299767, 1.607484335314399937 ) ) ;
#4870 = EDGE_LOOP ( 'NONE', ( #4313, #2422, #5049, #3002, #2225, #4105 ) ) ;
#4871 = AXIS2_PLACEMENT_3D ( 'NONE', #893, #305, #3230 ) ;
#4872 = ORIENTED_EDGE ( 'NONE', *, *, #2091, .F. ) ;
#4873 = AXIS2_PLACEMENT_3D ( 'NONE', #4037, #4529, #2584 ) ;
#4874 = DIRECTION ( 'NONE',  ( 1.067369389455800133E-17, 0.9961943056174379363, -0.08716022863319299041 ) ) ;
#4875 = CARTESIAN_POINT ( 'NONE',  ( 1.100346185370000063, -0.03173312393769969764, 0.8969130926894000044 ) ) ;
#4876 = VECTOR ( 'NONE', #5250, 1000.000000000000000 ) ;
#4877 = CARTESIAN_POINT ( 'NONE',  ( 0.8981587685120100417, -0.8456272484349676155, -1.625042215639684429 ) ) ;
#4878 = STYLED_ITEM ( 'NONE', ( #2607 ), #471 ) ;
#4879 = ORIENTED_EDGE ( 'NONE', *, *, #5804, .F. ) ;
#4880 = PLANE ( 'NONE',  #3522 ) ;
#4881 = AXIS2_PLACEMENT_3D ( 'NONE', #4753, #3808, #1829 ) ;
#4882 = ORIENTED_EDGE ( 'NONE', *, *, #5686, .T. ) ;
#4883 = AXIS2_PLACEMENT_3D ( 'NONE', #1552, #3538, #4450 ) ;
#4884 = VERTEX_POINT ( 'NONE', #827 ) ;
#4885 = CARTESIAN_POINT ( 'NONE',  ( 1.100346185370000063, -0.6442092950935299767, -1.607419514159599938 ) ) ;
#4886 = EDGE_CURVE ( 'NONE', #692, #2920, #2640, .T. ) ;
#4887 = CARTESIAN_POINT ( 'NONE',  ( 0.8482743191445750730, -0.8977075103267893041, 1.608272818050018760 ) ) ;
#4888 = AXIS2_PLACEMENT_3D ( 'NONE', #3776, #5656, #1826 ) ;
#4889 = CARTESIAN_POINT ( 'NONE',  ( -0.9246538146299999594, -0.9485462464092400126, 1.759418520840300149 ) ) ;
#4890 = DIRECTION ( 'NONE',  ( 0.000000000000000000, -1.000000000000000000, 0.000000000000000000 ) ) ;
#4891 = ORIENTED_EDGE ( 'NONE', *, *, #5306, .F. ) ;
#4892 = ORIENTED_EDGE ( 'NONE', *, *, #2177, .F. ) ;
#4893 = CARTESIAN_POINT ( 'NONE',  ( -0.8246538146299998706, -0.9537363479935599964, -1.700033643681099882 ) ) ;
#4894 = ADVANCED_FACE ( 'NONE', ( #2730 ), #332, .T. ) ;
#4895 = ADVANCED_FACE ( 'NONE', ( #1238 ), #458, .F. ) ;
#4896 = LINE ( 'NONE', #4994, #5668 ) ;
#4897 = ADVANCED_FACE ( 'NONE', ( #4701 ), #1423, .T. ) ;
#4898 = CARTESIAN_POINT ( 'NONE',  ( -1.400346185369999885, -0.9249999999999999334, 1.599967589430000059 ) ) ;
#4899 = VECTOR ( 'NONE', #814, 1000.000000000000000 ) ;
#4900 = ORIENTED_EDGE ( 'NONE', *, *, #3282, .F. ) ;
#4901 = ORIENTED_EDGE ( 'NONE', *, *, #349, .F. ) ;
#4902 = ADVANCED_FACE ( 'NONE', ( #976 ), #3714, .F. ) ;
#4903 =( LENGTH_UNIT ( ) NAMED_UNIT ( * ) SI_UNIT ( .MILLI., .METRE. ) );
#4904 = DIRECTION ( 'NONE',  ( 0.000000000000000000, 0.000000000000000000, -1.000000000000000000 ) ) ;
#4905 = LINE ( 'NONE', #1543, #1227 ) ;
#4906 = CARTESIAN_POINT ( 'NONE',  ( -0.3333478222937290014, -1.050000000000000044, 1.550794486456600119 ) ) ;
#4907 = EDGE_LOOP ( 'NONE', ( #4076, #4872, #1490, #3278 ) ) ;
#4908 = ORIENTED_EDGE ( 'NONE', *, *, #3872, .T. ) ;
#4909 = CARTESIAN_POINT ( 'NONE',  ( -0.8653627857805767931, -0.8781968339590270345, -1.621118136397136311 ) ) ;
#4910 = DIRECTION ( 'NONE',  ( 0.000000000000000000, 2.943510999999999877E-32, -1.000000000000000000 ) ) ;
#4911 = LINE ( 'NONE', #5739, #5970 ) ;
#4912 = EDGE_LOOP ( 'NONE', ( #1806, #1198, #2309, #1018 ) ) ;
#4913 = FACE_OUTER_BOUND ( 'NONE', #3032, .T. ) ;
#4914 = VERTEX_POINT ( 'NONE', #6061 ) ;
#4915 = UNCERTAINTY_MEASURE_WITH_UNIT (LENGTH_MEASURE( 1.000000000000000082E-05 ), #2954, 'distance_accuracy_value', 'NONE');
#4916 = VERTEX_POINT ( 'NONE', #393 ) ;
#4917 = CARTESIAN_POINT ( 'NONE',  ( -0.3148469896508999666, -0.9249999999999999334, -1.555021743385800015 ) ) ;
#4918 = PLANE ( 'NONE',  #1124 ) ;
#4919 = CARTESIAN_POINT ( 'NONE',  ( 0.3320162780218063325, -0.9251133823953855417, 1.553404072494182220 ) ) ;
#4920 = DIRECTION ( 'NONE',  ( 4.761750528480578935E-23, -0.08716022863320799230, 0.9961943056174367150 ) ) ;
#4921 = PLANE ( 'NONE',  #3491 ) ;
#4922 = EDGE_CURVE ( 'NONE', #3358, #2563, #918, .T. ) ;
#4923 = VERTEX_POINT ( 'NONE', #2289 ) ;
#4924 = LINE ( 'NONE', #3936, #2995 ) ;
#4925 = CARTESIAN_POINT ( 'NONE',  ( -1.177622607443610026, -0.9249999999999999334, -1.500099697939599963 ) ) ;
#4926 = CARTESIAN_POINT ( 'NONE',  ( 0.2466761871195085609, -0.7832755502498357503, -1.619586865976585521 ) ) ;
#4927 = EDGE_CURVE ( 'NONE', #3627, #5361, #5691, .T. ) ;
#4928 = ORIENTED_EDGE ( 'NONE', *, *, #1374, .F. ) ;
#4929 = EDGE_CURVE ( 'NONE', #2301, #1432, #4168, .T. ) ;
#4930 = ORIENTED_EDGE ( 'NONE', *, *, #2011, .F. ) ;
#4931 = EDGE_CURVE ( 'NONE', #2649, #277, #5204, .T. ) ;
#4932 =( NAMED_UNIT ( * ) PLANE_ANGLE_UNIT ( ) SI_UNIT ( $, .RADIAN. ) );
#4933 = LINE ( 'NONE', #4999, #1653 ) ;
#4934 = CARTESIAN_POINT ( 'NONE',  ( -1.099653814629999893, -0.6333290931498900544, -1.731774341931300087 ) ) ;
#4935 = FACE_OUTER_BOUND ( 'NONE', #5470, .T. ) ;
#4936 = EDGE_CURVE ( 'NONE', #1106, #2961, #3253, .T. ) ;
#4937 = CARTESIAN_POINT ( 'NONE',  ( -0.8246538146299998706, -0.9537363479935599964, -1.700033643681099882 ) ) ;
#4938 = VERTEX_POINT ( 'NONE', #513 ) ;
#4939 = ORIENTED_EDGE ( 'NONE', *, *, #85, .T. ) ;
#4940 = LINE ( 'NONE', #2156, #3199 ) ;
#4941 = PLANE ( 'NONE',  #5892 ) ;
#4942 = CARTESIAN_POINT ( 'NONE',  ( -0.3065319401878821015, -1.008272025895709634, 1.679033842455677883 ) ) ;
#4943 = ORIENTED_EDGE ( 'NONE', *, *, #5176, .F. ) ;
#4944 = FACE_OUTER_BOUND ( 'NONE', #4624, .T. ) ;
#4945 = VERTEX_POINT ( 'NONE', #5138 ) ;
#4946 = ORIENTED_EDGE ( 'NONE', *, *, #3613, .T. ) ;
#4947 = CYLINDRICAL_SURFACE ( 'NONE', #4279, 0.07517010780874895659 ) ;
#4948 = CARTESIAN_POINT ( 'NONE',  ( -1.099653814629999893, -0.4387691941217055636, 1.607008363466520873 ) ) ;
#4949 = DIRECTION ( 'NONE',  ( -0.08678699304447691498, -0.9924394367801976369, 0.08678699304447606844 ) ) ;
#4950 = CYLINDRICAL_SURFACE ( 'NONE', #3408, 0.09999999999999993616 ) ;
#4951 = CARTESIAN_POINT ( 'NONE',  ( 1.100346185369999619, -0.4387691941217052305, -1.606943542311669804 ) ) ;
#4952 = VERTEX_POINT ( 'NONE', #3832 ) ;
#4953 = CARTESIAN_POINT ( 'NONE',  ( 0.3151530103492009571, -1.050000000000000044, -1.249915212658899932 ) ) ;
#4954 = EDGE_CURVE ( 'NONE', #1171, #3594, #4344, .T. ) ;
#4955 = DIRECTION ( 'NONE',  ( -1.396912391878669848E-24, -0.9986295347545726120, -0.05233595624296798199 ) ) ;
#4956 = ORIENTED_EDGE ( 'NONE', *, *, #3728, .F. ) ;
#4957 = VERTEX_POINT ( 'NONE', #3345 ) ;
#4958 = VECTOR ( 'NONE', #5002, 1000.000000000000227 ) ;
#4959 = DIRECTION ( 'NONE',  ( -0.000000000000000000, -1.000000000000000000, -0.000000000000000000 ) ) ;
#4960 = EDGE_CURVE ( 'NONE', #3948, #1273, #886, .T. ) ;
#4961 = DIRECTION ( 'NONE',  ( 0.7054294346556763129, 0.000000000000000000, -0.7087801582446935367 ) ) ;
#4962 = CARTESIAN_POINT ( 'NONE',  ( 1.330355254549260069, -1.850000000000000089, 1.430041479749299960 ) ) ;
#4963 = VECTOR ( 'NONE', #3298, 1000.000000000000000 ) ;
#4964 = DIRECTION ( 'NONE',  ( -4.761750516187731562E-23, -0.08716022863319301817, -0.9961943056174381583 ) ) ;
#4965 = VECTOR ( 'NONE', #1331, 1000.000000000000000 ) ;
#4966 = ORIENTED_EDGE ( 'NONE', *, *, #1076, .F. ) ;
#4967 = AXIS2_PLACEMENT_3D ( 'NONE', #5762, #5728, #2859 ) ;
#4968 = VERTEX_POINT ( 'NONE', #1922 ) ;
#4969 = DIRECTION ( 'NONE',  ( 0.000000000000000000, 0.9961946980917455452, 0.08715574274765794383 ) ) ;
#4970 = LINE ( 'NONE', #3061, #5392 ) ;
#4971 = EDGE_CURVE ( 'NONE', #3559, #5843, #3127, .T. ) ;
#4972 = EDGE_CURVE ( 'NONE', #4590, #440, #1953, .T. ) ;
#4973 = CARTESIAN_POINT ( 'NONE',  ( 1.370262115408682035, -0.5433176419965056736, -1.469883519468704547 ) ) ;
#4974 = VECTOR ( 'NONE', #2471, 1000.000000000000000 ) ;
#4975 = DIRECTION ( 'NONE',  ( -0.9892244290411341678, 4.309508093845751331E-33, -0.1464070660461520568 ) ) ;
#4976 = VECTOR ( 'NONE', #2765, 1000.000000000000000 ) ;
#4977 = ORIENTED_EDGE ( 'NONE', *, *, #3572, .T. ) ;
#4978 = VECTOR ( 'NONE', #1759, 1000.000000000000227 ) ;
#4979 = UNCERTAINTY_MEASURE_WITH_UNIT (LENGTH_MEASURE( 1.000000000000000082E-05 ), #650, 'distance_accuracy_value', 'NONE');
#4980 = AXIS2_PLACEMENT_3D ( 'NONE', #371, #3753, #2265 ) ;
#4981 = VERTEX_POINT ( 'NONE', #2326 ) ;
#4982 = CARTESIAN_POINT ( 'NONE',  ( 1.399999999999999911, -0.4387691941217055636, -1.469948340608704829 ) ) ;
#4983 = EDGE_CURVE ( 'NONE', #1574, #416, #5776, .T. ) ;
#4984 = CARTESIAN_POINT ( 'NONE',  ( 1.100346185370000063, -0.1562211005236600059, 0.9034372310898010072 ) ) ;
#4985 = FACE_OUTER_BOUND ( 'NONE', #4711, .T. ) ;
#4986 = AXIS2_PLACEMENT_3D ( 'NONE', #2350, #4258, #2866 ) ;
#4987 =( LENGTH_UNIT ( ) NAMED_UNIT ( * ) SI_UNIT ( .MILLI., .METRE. ) );
#4988 = CARTESIAN_POINT ( 'NONE',  ( -0.8296984163793900136, -0.9249999999999999334, 1.668738102225399977 ) ) ;
#4989 = VECTOR ( 'NONE', #1140, 1000.000000000000114 ) ;
#4990 = ORIENTED_EDGE ( 'NONE', *, *, #6062, .F. ) ;
#4991 = AXIS2_PLACEMENT_3D ( 'NONE', #4239, #5232, #3747 ) ;
#4992 = FACE_OUTER_BOUND ( 'NONE', #5106, .T. ) ;
#4993 = VECTOR ( 'NONE', #4441, 1000.000000000000000 ) ;
#4994 = CARTESIAN_POINT ( 'NONE',  ( 1.178314978191089990, -0.6500000000000000222, 1.500032410570000030 ) ) ;
#4995 = ORIENTED_EDGE ( 'NONE', *, *, #3737, .F. ) ;
#4996 = ORIENTED_EDGE ( 'NONE', *, *, #3541, .T. ) ;
#4997 = PRODUCT_RELATED_PRODUCT_CATEGORY ( 'part', '', ( #641 ) ) ;
#4998 = PLANE ( 'NONE',  #4873 ) ;
#4999 = CARTESIAN_POINT ( 'NONE',  ( -1.399653814629999937, -1.050000000000000044, -1.499967589430000192 ) ) ;
#5000 = CARTESIAN_POINT ( 'NONE',  ( -1.099653814629999449, 3.579848725887760263, -1.606943542311669804 ) ) ;
#5001 = DIRECTION ( 'NONE',  ( -0.9962320361928593826, 0.08672790821315509713, 0.000000000000000000 ) ) ;
#5002 = DIRECTION ( 'NONE',  ( -0.07725426560925727215, 0.9915496905310593467, 0.1042160719511857347 ) ) ;
#5003 = VERTEX_POINT ( 'NONE', #2759 ) ;
#5004 = EDGE_CURVE ( 'NONE', #3435, #5366, #4637, .T. ) ;
#5005 = AXIS2_PLACEMENT_3D ( 'NONE', #410, #4231, #1783 ) ;
#5006 = ORIENTED_EDGE ( 'NONE', *, *, #955, .F. ) ;
#5007 = PLANE ( 'NONE',  #2612 ) ;
#5008 = CARTESIAN_POINT ( 'NONE',  ( -0.8292751525993470318, -0.9368513322953990752, -1.730241169986689753 ) ) ;
#5009 = CARTESIAN_POINT ( 'NONE',  ( 1.100346185369999175, -0.4387691941217055636, 1.607008363466563949 ) ) ;
#5010 = CARTESIAN_POINT ( 'NONE',  ( 0.8546355072513410756, -0.8903354500379199177, -1.613399352759300021 ) ) ;
#5011 = ORIENTED_EDGE ( 'NONE', *, *, #90, .F. ) ;
#5012 = ADVANCED_FACE ( 'NONE', ( #5627 ), #5169, .F. ) ;
#5013 = EDGE_CURVE ( 'NONE', #3254, #5843, #5271, .T. ) ;
#5014 = ORIENTED_EDGE ( 'NONE', *, *, #3554, .F. ) ;
#5015 = ADVANCED_FACE ( 'NONE', ( #4419 ), #177, .T. ) ;
#5016 = CARTESIAN_POINT ( 'NONE',  ( -0.9603930293714215694, -1.849999999999999867, 0.7362465633489921890 ) ) ;
#5017 = DIRECTION ( 'NONE',  ( 4.761750528480578935E-23, -0.08716022863320799230, 0.9961943056174367150 ) ) ;
#5018 = PLANE ( 'NONE',  #3675 ) ;
#5019 = ORIENTED_EDGE ( 'NONE', *, *, #5606, .T. ) ;
#5020 = CARTESIAN_POINT ( 'NONE',  ( 1.345840688078486114, -0.2298714067548277840, 1.447992298418761870 ) ) ;
#5021 =( BOUNDED_CURVE ( )  B_SPLINE_CURVE ( 3, ( #599, #78, #2870, #4751 ),
 .UNSPECIFIED., .F., .T. ) 
 B_SPLINE_CURVE_WITH_KNOTS ( ( 4, 4 ),
 ( 1.570796326794895004, 2.414311962186550087 ),
 .UNSPECIFIED. ) 
 CURVE ( )  GEOMETRIC_REPRESENTATION_ITEM ( )  RATIONAL_B_SPLINE_CURVE ( ( 1.000000000000000000, 0.9415805076363126247, 0.9415805076363126247, 1.000000000000000000 ) ) 
 REPRESENTATION_ITEM ( '' )  );
#5022 = CARTESIAN_POINT ( 'NONE',  ( -0.3216662792657574710, -1.022426496635673310, 1.629722833593359788 ) ) ;
#5023 = CARTESIAN_POINT ( 'NONE',  ( 1.100346185370000063, -0.8500000000000099698, 1.550032347689399792 ) ) ;
#5024 = ORIENTED_EDGE ( 'NONE', *, *, #3463, .F. ) ;
#5025 = ORIENTED_EDGE ( 'NONE', *, *, #3091, .F. ) ;
#5026 = DIRECTION ( 'NONE',  ( 1.222927720037659678E-16, -0.05233595624294698490, -0.9986295347545737222 ) ) ;
#5027 = SHAPE_DEFINITION_REPRESENTATION ( #2230, #3043 ) ;
#5028 = PLANE ( 'NONE',  #5367 ) ;
#5029 = DIRECTION ( 'NONE',  ( 0.000000000000000000, 0.000000000000000000, -1.000000000000000000 ) ) ;
#5030 = DIRECTION ( 'NONE',  ( -1.000000000000000000, -0.000000000000000000, -0.000000000000000000 ) ) ;
#5031 = ORIENTED_EDGE ( 'NONE', *, *, #1416, .F. ) ;
#5032 = ORIENTED_EDGE ( 'NONE', *, *, #539, .F. ) ;
#5033 = LINE ( 'NONE', #4536, #3988 ) ;
#5034 = FACE_OUTER_BOUND ( 'NONE', #263, .T. ) ;
#5035 = CARTESIAN_POINT ( 'NONE',  ( 1.341955074537846571, -0.1800000000000002154, -0.6599675894300019996 ) ) ;
#5036 = EDGE_CURVE ( 'NONE', #5261, #3682, #549, .T. ) ;
#5037 = CARTESIAN_POINT ( 'NONE',  ( -0.2148469896508999888, -0.9057336855331299397, -1.742045001259900028 ) ) ;
#5038 = ORIENTED_EDGE ( 'NONE', *, *, #4470, .F. ) ;
#5039 = ORIENTED_EDGE ( 'NONE', *, *, #4787, .F. ) ;
#5040 = FACE_OUTER_BOUND ( 'NONE', #6127, .T. ) ;
#5041 = DIRECTION ( 'NONE',  ( -0.08672790821315508325, -0.9962320361928592716, 0.000000000000000000 ) ) ;
#5042 = EDGE_CURVE ( 'NONE', #1171, #3059, #2446, .T. ) ;
#5043 = CARTESIAN_POINT ( 'NONE',  ( 0.9253461853700010176, -0.9485462464092400126, -1.759353699685400008 ) ) ;
#5044 = EDGE_CURVE ( 'NONE', #3828, #3667, #4325, .T. ) ;
#5045 = ORIENTED_EDGE ( 'NONE', *, *, #5645, .T. ) ;
#5046 = DIRECTION ( 'NONE',  ( -1.000000000000000000, -1.802320231665999787E-48, 1.899113549151960289E-63 ) ) ;
#5047 = ADVANCED_FACE ( 'NONE', ( #1042 ), #147, .F. ) ;
#5048 = CARTESIAN_POINT ( 'NONE',  ( 1.100346185370000063, -0.03173312393769969764, 0.8969130926894000044 ) ) ;
#5049 = ORIENTED_EDGE ( 'NONE', *, *, #1372, .F. ) ;
#5050 = ORIENTED_EDGE ( 'NONE', *, *, #5657, .F. ) ;
#5051 =( BOUNDED_CURVE ( )  B_SPLINE_CURVE ( 3, ( #4070, #2130, #4909, #2094 ),
 .UNSPECIFIED., .F., .T. ) 
 B_SPLINE_CURVE_WITH_KNOTS ( ( 4, 4 ),
 ( 4.799659946006196165, 5.366049571914670580 ),
 .UNSPECIFIED. ) 
 CURVE ( )  GEOMETRIC_REPRESENTATION_ITEM ( )  RATIONAL_B_SPLINE_CURVE ( ( 1.000000000000000000, 0.9734450870308172243, 0.9734450870308172243, 1.000000000000000000 ) ) 
 REPRESENTATION_ITEM ( '' )  );
#5052 = CARTESIAN_POINT ( 'NONE',  ( -1.099653814629999893, -0.6442092950935299767, -1.607419514159599938 ) ) ;
#5053 =( NAMED_UNIT ( * ) SI_UNIT ( $, .STERADIAN. ) SOLID_ANGLE_UNIT ( ) );
#5054 = EDGE_CURVE ( 'NONE', #2469, #2920, #2567, .T. ) ;
#5055 = PLANE ( 'NONE',  #1618 ) ;
#5056 = EDGE_LOOP ( 'NONE', ( #2299, #3734, #3958, #4698 ) ) ;
#5057 = VECTOR ( 'NONE', #368, 1000.000000000000114 ) ;
#5058 = ORIENTED_EDGE ( 'NONE', *, *, #3190, .F. ) ;
#5059 = ORIENTED_EDGE ( 'NONE', *, *, #1176, .T. ) ;
#5060 = CARTESIAN_POINT ( 'NONE',  ( -1.045442486265767190, 3.554166725184163322, 1.469948340608685955 ) ) ;
#5061 = DIRECTION ( 'NONE',  ( 1.000000000000000000, 0.000000000000000000, 1.224606000000000123E-16 ) ) ;
#5062 = VECTOR ( 'NONE', #3825, 1000.000000000000000 ) ;
#5063 = DIRECTION ( 'NONE',  ( 1.384381271388255795E-14, 0.000000000000000000, 1.000000000000000000 ) ) ;
#5064 = CARTESIAN_POINT ( 'NONE',  ( -0.3148469896508999666, -0.9249999999999999334, -1.555021743385800015 ) ) ;
#5065 = ORIENTED_EDGE ( 'NONE', *, *, #3623, .T. ) ;
#5066 = VERTEX_POINT ( 'NONE', #1138 ) ;
#5067 = AXIS2_PLACEMENT_3D ( 'NONE', #4856, #1661, #2024 ) ;
#5068 = CARTESIAN_POINT ( 'NONE',  ( -1.338084194258480020, -0.1392041924772199901, 0.6557445984182416199 ) ) ;
#5069 = PLANE ( 'NONE',  #2919 ) ;
#5070 = CARTESIAN_POINT ( 'NONE',  ( 1.399999999999999911, -0.9249999999999999334, 1.500000000000000000 ) ) ;
#5071 = B_SPLINE_CURVE_WITH_KNOTS ( 'NONE', 3,
 ( #741, #4542, #5479, #4113 ),
 .UNSPECIFIED., .F., .F.,
 ( 4, 4 ),
 ( 0.9209077442220866550, 1.000000000000000000 ),
 .UNSPECIFIED. ) ;
#5072 = LINE ( 'NONE', #2667, #2221 ) ;
#5073 = VECTOR ( 'NONE', #3404, 1000.000000000000000 ) ;
#5074 = PRESENTATION_LAYER_ASSIGNMENT (  '', '', ( #5275 ) ) ;
#5075 = CARTESIAN_POINT ( 'NONE',  ( -0.6996538146299989824, -0.4387691941217052305, 1.469948340608649318 ) ) ;
#5076 = EDGE_CURVE ( 'NONE', #229, #3254, #4911, .T. ) ;
#5077 = AXIS2_PLACEMENT_3D ( 'NONE', #1017, #1933, #64 ) ;
#5078 = VERTEX_POINT ( 'NONE', #4384 ) ;
#5079 = CARTESIAN_POINT ( 'NONE',  ( -1.369569744668682976, -0.5365768602669427345, -1.469883519468639488 ) ) ;
#5080 = VECTOR ( 'NONE', #3852, 1000.000000000000000 ) ;
#5081 = CARTESIAN_POINT ( 'NONE',  ( 1.077972718902663773, -0.9249999999999999334, 1.599967589430000059 ) ) ;
#5082 = PRESENTATION_LAYER_ASSIGNMENT (  '', '', ( #4683 ) ) ;
#5083 = CYLINDRICAL_SURFACE ( 'NONE', #4579, 0.07517010780874902598 ) ;
#5084 = VERTEX_POINT ( 'NONE', #1510 ) ;
#5085 = VECTOR ( 'NONE', #6126, 1000.000000000000000 ) ;
#5086 = ORIENTED_EDGE ( 'NONE', *, *, #5321, .T. ) ;
#5087 = EDGE_CURVE ( 'NONE', #92, #4540, #433, .T. ) ;
#5088 = EDGE_CURVE ( 'NONE', #750, #1177, #5888, .T. ) ;
#5089 = AXIS2_PLACEMENT_3D ( 'NONE', #5043, #5017, #2261 ) ;
#5090 = EDGE_CURVE ( 'NONE', #1192, #2093, #1005, .T. ) ;
#5091 = FACE_OUTER_BOUND ( 'NONE', #1592, .T. ) ;
#5092 = CARTESIAN_POINT ( 'NONE',  ( 0.3230334605567339867, -1.042165068774681291, 1.614098017930297946 ) ) ;
#5093 = VECTOR ( 'NONE', #2288, 1000.000000000000000 ) ;
#5094 = VERTEX_POINT ( 'NONE', #3407 ) ;
#5095 = CARTESIAN_POINT ( 'NONE',  ( -1.345056851008551435, -0.2272046618436400212, -1.447647191094222796 ) ) ;
#5096 = ORIENTED_EDGE ( 'NONE', *, *, #4252, .T. ) ;
#5097 = EDGE_CURVE ( 'NONE', #3315, #2346, #5322, .T. ) ;
#5098 = ORIENTED_EDGE ( 'NONE', *, *, #309, .T. ) ;
#5099 = PLANE ( 'NONE',  #526 ) ;
#5100 = CARTESIAN_POINT ( 'NONE',  ( 0.3229846837006900007, -1.023642306690880188, 1.614427587116199936 ) ) ;
#5101 = DIRECTION ( 'NONE',  ( 0.07725426560925728603, -0.9915496905310593467, 0.1042160719511851380 ) ) ;
#5102 = CARTESIAN_POINT ( 'NONE',  ( -1.400346185369999885, -0.9249999999999999334, -1.599967589430000059 ) ) ;
#5103 = DIRECTION ( 'NONE',  ( 1.000000000000000000, 0.000000000000000000, 0.000000000000000000 ) ) ;
#5104 =( GEOMETRIC_REPRESENTATION_CONTEXT ( 3 ) GLOBAL_UNCERTAINTY_ASSIGNED_CONTEXT ( ( #5420 ) ) GLOBAL_UNIT_ASSIGNED_CONTEXT ( ( #2984, #4465, #5437 ) ) REPRESENTATION_CONTEXT ( 'NONE', 'WORKASPACE' ) );
#5105 = ORIENTED_EDGE ( 'NONE', *, *, #4730, .T. ) ;
#5106 = EDGE_LOOP ( 'NONE', ( #3384, #2182, #3094, #4621 ) ) ;
#5107 = LINE ( 'NONE', #4139, #1919 ) ;
#5108 = DIRECTION ( 'NONE',  ( -0.000000000000000000, -1.000000000000000000, -0.000000000000000000 ) ) ;
#5109 = CARTESIAN_POINT ( 'NONE',  ( 0.9003461853700099882, -0.8325679542733599448, 1.749271208812799960 ) ) ;
#5110 =( NAMED_UNIT ( * ) SI_UNIT ( $, .STERADIAN. ) SOLID_ANGLE_UNIT ( ) );
#5111 = CARTESIAN_POINT ( 'NONE',  ( 1.399999999999999911, -1.050000000000000044, -1.599967589430000059 ) ) ;
#5112 = VERTEX_POINT ( 'NONE', #3439 ) ;
#5113 = CARTESIAN_POINT ( 'NONE',  ( -1.094192931204805763, -0.4387691941217055636, 1.732315134934079515 ) ) ;
#5114 = CARTESIAN_POINT ( 'NONE',  ( -0.3148469896508999666, -0.8500000000000099698, -1.549967526534500095 ) ) ;
#5115 = ADVANCED_FACE ( 'NONE', ( #1071 ), #4786, .T. ) ;
#5116 = CARTESIAN_POINT ( 'NONE',  ( 0.8408336502567697046, -1.010196498775766338, -1.669928959144574288 ) ) ;
#5117 = ORIENTED_EDGE ( 'NONE', *, *, #6053, .T. ) ;
#5118 = VERTEX_POINT ( 'NONE', #2473 ) ;
#5119 = CARTESIAN_POINT ( 'NONE',  ( -1.373623581428472518, -1.350000000000000089, -1.473765554905987374 ) ) ;
#5120 = DIRECTION ( 'NONE',  ( 0.000000000000000000, 1.471755110434168292E-32, -1.000000000000000000 ) ) ;
#5121 = EDGE_CURVE ( 'NONE', #2961, #1089, #4351, .T. ) ;
#5122 = ORIENTED_EDGE ( 'NONE', *, *, #831, .F. ) ;
#5123 = EDGE_CURVE ( 'NONE', #1247, #2675, #2292, .T. ) ;
#5124 = CARTESIAN_POINT ( 'NONE',  ( 0.8288753014771099714, -0.9249999999999999334, -1.726365536148700031 ) ) ;
#5125 = EDGE_CURVE ( 'NONE', #5094, #1125, #4840, .T. ) ;
#5126 = ORIENTED_EDGE ( 'NONE', *, *, #3960, .F. ) ;
#5127 = CARTESIAN_POINT ( 'NONE',  ( -0.3333478937252479790, -1.049999094810424971, 1.550793530537669884 ) ) ;
#5128 = LINE ( 'NONE', #2807, #4899 ) ;
#5129 = FACE_OUTER_BOUND ( 'NONE', #5457, .T. ) ;
#5130 = EDGE_CURVE ( 'NONE', #5996, #4658, #1259, .T. ) ;
#5131 = FACE_OUTER_BOUND ( 'NONE', #4672, .T. ) ;
#5132 =( BOUNDED_CURVE ( )  B_SPLINE_CURVE ( 3, ( #5190, #4650, #2307, #5124 ),
 .UNSPECIFIED., .F., .F. ) 
 B_SPLINE_CURVE_WITH_KNOTS ( ( 4, 4 ),
 ( 4.970721174527599651, 4.978849914468120197 ),
 .UNSPECIFIED. ) 
 CURVE ( )  GEOMETRIC_REPRESENTATION_ITEM ( )  RATIONAL_B_SPLINE_CURVE ( ( 1.000000000000000000, 0.9999944936398282858, 0.9999944936398282858, 1.000000000000000000 ) ) 
 REPRESENTATION_ITEM ( '' )  );
#5133 = CARTESIAN_POINT ( 'NONE',  ( 1.100346185370000063, -0.1243998541965399968, -1.510557960676199851 ) ) ;
#5134 = ORIENTED_EDGE ( 'NONE', *, *, #2970, .F. ) ;
#5135 = ORIENTED_EDGE ( 'NONE', *, *, #4811, .T. ) ;
#5136 = DIRECTION ( 'NONE',  ( 0.000000000000000000, 1.471755110434168018E-32, -1.000000000000000000 ) ) ;
#5137 = CARTESIAN_POINT ( 'NONE',  ( 1.100346185369999175, 3.579848725887760263, -1.669596928045476103 ) ) ;
#5138 = CARTESIAN_POINT ( 'NONE',  ( 1.362116468611263675, -0.4387691941217046754, -1.469883519468704325 ) ) ;
#5139 = EDGE_CURVE ( 'NONE', #5245, #402, #3980, .T. ) ;
#5140 = ORIENTED_EDGE ( 'NONE', *, *, #3248, .T. ) ;
#5141 = CARTESIAN_POINT ( 'NONE',  ( -1.399653814629999937, -0.9249999999999999334, 1.500032410570000030 ) ) ;
#5142 = PLANE ( 'NONE',  #901 ) ;
#5143 = ORIENTED_EDGE ( 'NONE', *, *, #1176, .F. ) ;
#5144 = LINE ( 'NONE', #4673, #25 ) ;
#5145 = CARTESIAN_POINT ( 'NONE',  ( 1.100346185370000063, -0.5135117487342198972, 1.461542789848099932 ) ) ;
#5146 = FACE_OUTER_BOUND ( 'NONE', #1455, .T. ) ;
#5147 = ORIENTED_EDGE ( 'NONE', *, *, #2932, .T. ) ;
#5148 = EDGE_LOOP ( 'NONE', ( #467, #926, #480, #6124 ) ) ;
#5149 = EDGE_LOOP ( 'NONE', ( #3540, #691, #854, #5814, #1727, #4612, #1261 ) ) ;
#5150 = DIRECTION ( 'NONE',  ( 0.000000000000000000, 0.000000000000000000, -1.000000000000000000 ) ) ;
#5151 = PRESENTATION_STYLE_ASSIGNMENT (( #3264 ) ) ;
#5152 = CARTESIAN_POINT ( 'NONE',  ( -1.099653814629999893, -0.4333290931498899878, -1.731774341931300087 ) ) ;
#5153 = VERTEX_POINT ( 'NONE', #3648 ) ;
#5154 = CARTESIAN_POINT ( 'NONE',  ( -1.094192931204807984, -0.4387691941217057856, -1.732250313779239326 ) ) ;
#5155 = EDGE_LOOP ( 'NONE', ( #5014, #647, #2470, #6064 ) ) ;
#5156 = EDGE_CURVE ( 'NONE', #1075, #4749, #1761, .T. ) ;
#5157 = DIRECTION ( 'NONE',  ( -1.000000000000000000, 0.000000000000000000, -6.726373509374157437E-16 ) ) ;
#5158 = FACE_OUTER_BOUND ( 'NONE', #4750, .T. ) ;
#5159 = CARTESIAN_POINT ( 'NONE',  ( 1.100346185370000063, -0.8325679542733499527, -1.749206387657999962 ) ) ;
#5160 = DIRECTION ( 'NONE',  ( -1.000000000000000000, -0.000000000000000000, 6.528255230898268933E-09 ) ) ;
#5161 = DIRECTION ( 'NONE',  ( 0.9892244290411289498, 4.309508093846779041E-33, -0.1464070660461870010 ) ) ;
#5162 = ORIENTED_EDGE ( 'NONE', *, *, #2253, .F. ) ;
#5163 = EDGE_CURVE ( 'NONE', #1870, #1743, #3284, .T. ) ;
#5164 = VECTOR ( 'NONE', #4082, 1000.000000000000000 ) ;
#5165 = EDGE_CURVE ( 'NONE', #1141, #1672, #695, .T. ) ;
#5166 = EDGE_LOOP ( 'NONE', ( #4569, #5886, #81, #380 ) ) ;
#5167 = LINE ( 'NONE', #4166, #2507 ) ;
#5168 = DIRECTION ( 'NONE',  ( -1.000000000000000000, -0.000000000000000000, -0.000000000000000000 ) ) ;
#5169 = PLANE ( 'NONE',  #3016 ) ;
#5170 = EDGE_CURVE ( 'NONE', #5696, #2485, #5288, .T. ) ;
#5171 = ORIENTED_EDGE ( 'NONE', *, *, #1339, .F. ) ;
#5172 = CARTESIAN_POINT ( 'NONE',  ( -0.3148469896508799826, -1.050000000000000044, -1.750033643681099926 ) ) ;
#5173 = VECTOR ( 'NONE', #5694, 1000.000000000000000 ) ;
#5174 = DIRECTION ( 'NONE',  ( 0.7087801582446945359, 0.000000000000000000, 0.7054294346556754247 ) ) ;
#5175 = VECTOR ( 'NONE', #1394, 1000.000000000000000 ) ;
#5176 = EDGE_CURVE ( 'NONE', #3552, #2772, #5648, .T. ) ;
#5177 = VERTEX_POINT ( 'NONE', #1229 ) ;
#5178 = CARTESIAN_POINT ( 'NONE',  ( 1.400346185369999885, -0.2500000000000000000, -1.499967589430000192 ) ) ;
#5179 = AXIS2_PLACEMENT_3D ( 'NONE', #68, #1938, #5674 ) ;
#5180 = VECTOR ( 'NONE', #207, 1000.000000000000000 ) ;
#5181 = VECTOR ( 'NONE', #6005, 1000.000000000000000 ) ;
#5182 = CARTESIAN_POINT ( 'NONE',  ( 1.100346185370000063, -0.1562211005236600059, 0.9034372310898010072 ) ) ;
#5183 = ORIENTED_EDGE ( 'NONE', *, *, #3272, .T. ) ;
#5184 = ORIENTED_EDGE ( 'NONE', *, *, #1328, .F. ) ;
#5185 = AXIS2_PLACEMENT_3D ( 'NONE', #2303, #2341, #6010 ) ;
#5186 = AXIS2_PLACEMENT_3D ( 'NONE', #5538, #4179, #1271 ) ;
#5187 = CARTESIAN_POINT ( 'NONE',  ( 0.2240622407965709995, -0.8971084386471399608, 1.608609989466800005 ) ) ;
#5188 = DIRECTION ( 'NONE',  ( 0.08640035065859552610, 0.9924694257912893836, -0.08682982365282088111 ) ) ;
#5189 = CIRCLE ( 'NONE', #736, 0.2000000000000059508 ) ;
#5190 = CARTESIAN_POINT ( 'NONE',  ( 0.8286644459357510595, -0.9249999999999999334, -1.735372488711899974 ) ) ;
#5191 = ORIENTED_EDGE ( 'NONE', *, *, #5891, .F. ) ;
#5192 = VECTOR ( 'NONE', #2359, 1000.000000000000000 ) ;
#5193 = AXIS2_PLACEMENT_3D ( 'NONE', #5159, #1883, #9 ) ;
#5194 = DIRECTION ( 'NONE',  ( -1.219945523824949577E-16, -0.08716022863320797842, 0.9961943056174366040 ) ) ;
#5195 = CARTESIAN_POINT ( 'NONE',  ( -1.377666884054281171, -0.6387691941217048530, 1.469948340608704829 ) ) ;
#5196 = FACE_OUTER_BOUND ( 'NONE', #977, .T. ) ;
#5197 = CARTESIAN_POINT ( 'NONE',  ( 0.7003461853700000406, -0.4387691941217052305, -1.469883519468649480 ) ) ;
#5198 = EDGE_CURVE ( 'NONE', #5508, #3315, #5189, .T. ) ;
#5199 = CARTESIAN_POINT ( 'NONE',  ( 1.100346185370000063, -0.4387691941217055636, 1.669661749200294310 ) ) ;
#5200 = ORIENTED_EDGE ( 'NONE', *, *, #90, .T. ) ;
#5201 = ORIENTED_EDGE ( 'NONE', *, *, #5571, .T. ) ;
#5202 = DIRECTION ( 'NONE',  ( -1.217898000000001129E-16, 0.1045284632676540537, 0.9945218953682734009 ) ) ;
#5203 = CARTESIAN_POINT ( 'NONE',  ( 1.365350719959629977, -1.450000000000000178, 0.7500324105699980315 ) ) ;
#5204 = LINE ( 'NONE', #948, #3520 ) ;
#5205 = ORIENTED_EDGE ( 'NONE', *, *, #4927, .F. ) ;
#5206 = AXIS2_PLACEMENT_3D ( 'NONE', #940, #537, #3394 ) ;
#5207 = EDGE_CURVE ( 'NONE', #345, #4111, #293, .T. ) ;
#5208 = CARTESIAN_POINT ( 'NONE',  ( 1.400346185369999885, -0.9249999999999999334, -1.499967589430000192 ) ) ;
#5209 = EDGE_CURVE ( 'NONE', #4567, #2601, #358, .T. ) ;
#5210 = CARTESIAN_POINT ( 'NONE',  ( -0.2999556167646474925, -0.8557684258799317378, -1.624965063850567715 ) ) ;
#5211 = EDGE_CURVE ( 'NONE', #408, #1864, #5959, .T. ) ;
#5212 = ORIENTED_EDGE ( 'NONE', *, *, #5827, .F. ) ;
#5213 = LINE ( 'NONE', #1462, #5663 ) ;
#5214 = LINE ( 'NONE', #1557, #4769 ) ;
#5215 = CARTESIAN_POINT ( 'NONE',  ( 0.2151530103492109991, -0.9057336855331299397, -1.742045001259900028 ) ) ;
#5216 = EDGE_CURVE ( 'NONE', #3828, #4727, #2720, .T. ) ;
#5217 = ORIENTED_EDGE ( 'NONE', *, *, #2369, .T. ) ;
#5218 = ORIENTED_EDGE ( 'NONE', *, *, #5833, .T. ) ;
#5219 = PLANE ( 'NONE',  #2515 ) ;
#5220 = LINE ( 'NONE', #470, #1425 ) ;
#5221 = LINE ( 'NONE', #6044, #5364 ) ;
#5222 = VERTEX_POINT ( 'NONE', #1645 ) ;
#5223 = CARTESIAN_POINT ( 'NONE',  ( -1.047412879652573237, -1.850000000000000089, -0.6060141837736924275 ) ) ;
#5224 = CARTESIAN_POINT ( 'NONE',  ( 0.2983896525951123535, -0.8518369364920242992, -1.625137679221612341 ) ) ;
#5225 = CARTESIAN_POINT ( 'NONE',  ( 1.399999999999999911, -0.9249999999999999334, -1.500000000000000000 ) ) ;
#5226 = FACE_OUTER_BOUND ( 'NONE', #2850, .T. ) ;
#5227 = VERTEX_POINT ( 'NONE', #1167 ) ;
#5228 = ORIENTED_EDGE ( 'NONE', *, *, #4103, .F. ) ;
#5229 = DIRECTION ( 'NONE',  ( -1.000000000000000000, 0.000000000000000000, -1.224606000000000123E-16 ) ) ;
#5230 = DIRECTION ( 'NONE',  ( -0.1464070660461870010, 1.791156000000000030E-15, -0.9892244290411289498 ) ) ;
#5231 = EDGE_CURVE ( 'NONE', #5361, #4981, #4512, .T. ) ;
#5232 = DIRECTION ( 'NONE',  ( -0.000000000000000000, 0.000000000000000000, 1.000000000000000000 ) ) ;
#5233 = ORIENTED_EDGE ( 'NONE', *, *, #4550, .F. ) ;
#5234 = DIRECTION ( 'NONE',  ( 0.7071067811865422437, -0.7044157488815241397, -0.06163158871624892232 ) ) ;
#5235 = CARTESIAN_POINT ( 'NONE',  ( -0.3148469896508999666, -0.9056314113743599847, -1.600521370863799975 ) ) ;
#5236 = ORIENTED_EDGE ( 'NONE', *, *, #6101, .F. ) ;
#5237 = CARTESIAN_POINT ( 'NONE',  ( 0.8303907871193809687, -0.9249999999999999334, -1.668673281070500058 ) ) ;
#5238 = EDGE_CURVE ( 'NONE', #192, #3627, #3062, .T. ) ;
#5239 = DIRECTION ( 'NONE',  ( 1.000000000000000000, -4.747783872879570120E-64, 1.224606000000000123E-16 ) ) ;
#5240 = VERTEX_POINT ( 'NONE', #4973 ) ;
#5241 = ORIENTED_EDGE ( 'NONE', *, *, #4922, .T. ) ;
#5242 = ADVANCED_FACE ( 'NONE', ( #5504 ), #3563, .T. ) ;
#5243 = LINE ( 'NONE', #2924, #225 ) ;
#5244 = CARTESIAN_POINT ( 'NONE',  ( 1.399999999999999911, -0.4387691941217055636, 1.469948340608704829 ) ) ;
#5245 = VERTEX_POINT ( 'NONE', #5445 ) ;
#5246 = EDGE_CURVE ( 'NONE', #1660, #5433, #1196, .T. ) ;
#5247 = CARTESIAN_POINT ( 'NONE',  ( -1.177688975694330065, -1.050000000000000044, 1.500032411294530021 ) ) ;
#5248 = DIRECTION ( 'NONE',  ( 0.000000000000000000, 0.000000000000000000, 1.000000000000000000 ) ) ;
#5249 = CARTESIAN_POINT ( 'NONE',  ( 1.077773610167350071, -1.043632083895880136, 1.600098464836000156 ) ) ;
#5250 = DIRECTION ( 'NONE',  ( -1.000000000000000000, 0.000000000000000000, 0.000000000000000000 ) ) ;
#5251 = DIRECTION ( 'NONE',  ( -1.000000000000000000, -3.366872316660000075E-49, -3.883759441479614959E-96 ) ) ;
#5252 = ORIENTED_EDGE ( 'NONE', *, *, #801, .F. ) ;
#5253 = ORIENTED_EDGE ( 'NONE', *, *, #4820, .T. ) ;
#5254 = CARTESIAN_POINT ( 'NONE',  ( -1.099653814629999893, -0.4387691941217055636, 1.607008363466520873 ) ) ;
#5255 = CARTESIAN_POINT ( 'NONE',  ( -0.8324296841464764452, -0.9074444443900580026, -1.742474060618504295 ) ) ;
#5256 = CARTESIAN_POINT ( 'NONE',  ( -1.127449041952520048, -1.050000000000000044, 1.550032347689399792 ) ) ;
#5257 = ORIENTED_EDGE ( 'NONE', *, *, #690, .T. ) ;
#5258 = DIRECTION ( 'NONE',  ( -1.000000000000000000, -5.349330773817780310E-22, 0.000000000000000000 ) ) ;
#5259 = CARTESIAN_POINT ( 'NONE',  ( -0.3197642110564300477, -1.027301870048650034, 1.642574483374899863 ) ) ;
#5260 = VECTOR ( 'NONE', #6085, 1000.000000000000000 ) ;
#5261 = VERTEX_POINT ( 'NONE', #5035 ) ;
#5262 = LINE ( 'NONE', #3864, #3194 ) ;
#5263 = CARTESIAN_POINT ( 'NONE',  ( -0.2463701664211968567, -0.7832755502498355282, -1.619586865976585521 ) ) ;
#5264 = CARTESIAN_POINT ( 'NONE',  ( 1.100346185370000063, 3.579848725887760263, 1.669661749200294310 ) ) ;
#5265 = VECTOR ( 'NONE', #4949, 1000.000000000000114 ) ;
#5266 = EDGE_CURVE ( 'NONE', #295, #1948, #1700, .T. ) ;
#5267 = ORIENTED_EDGE ( 'NONE', *, *, #1328, .T. ) ;
#5268 = ORIENTED_EDGE ( 'NONE', *, *, #1762, .F. ) ;
#5269 = VECTOR ( 'NONE', #5941, 1000.000000000000000 ) ;
#5270 = DIRECTION ( 'NONE',  ( 0.07737677026201142394, 0.9765563321390792195, 0.2008745020725332397 ) ) ;
#5271 = B_SPLINE_CURVE_WITH_KNOTS ( 'NONE', 3,
 ( #3954, #2543, #1976, #1481 ),
 .UNSPECIFIED., .F., .F.,
 ( 4, 4 ),
 ( 0.000000000000000000, 1.000000000000000000 ),
 .UNSPECIFIED. ) ;
#5272 = CYLINDRICAL_SURFACE ( 'NONE', #4967, 0.1000000000000000056 ) ;
#5273 = ADVANCED_FACE ( 'NONE', ( #5129 ), #3274, .T. ) ;
#5274 = EDGE_CURVE ( 'NONE', #2563, #1039, #4188, .T. ) ;
#5275 = STYLED_ITEM ( 'NONE', ( #1663 ), #2536 ) ;
#5276 = ORIENTED_EDGE ( 'NONE', *, *, #5535, .F. ) ;
#5277 = EDGE_CURVE ( 'NONE', #3293, #2066, #5929, .T. ) ;
#5278 = FACE_OUTER_BOUND ( 'NONE', #3803, .T. ) ;
#5279 = DIRECTION ( 'NONE',  ( -0.08758352906168469232, 0.9961571790822474348, 0.000000000000000000 ) ) ;
#5280 = DIRECTION ( 'NONE',  ( 0.000000000000000000, 0.000000000000000000, -1.000000000000000000 ) ) ;
#5281 = AXIS2_PLACEMENT_3D ( 'NONE', #2062, #633, #3945 ) ;
#5282 = CARTESIAN_POINT ( 'NONE',  ( -1.361820021417586846, -0.4387691941217055636, -1.469948340608704829 ) ) ;
#5283 = CARTESIAN_POINT ( 'NONE',  ( -0.8311061474656700199, -0.9249999999999999334, -1.735372488711899974 ) ) ;
#5284 = AXIS2_PLACEMENT_3D ( 'NONE', #2941, #3983, #3037 ) ;
#5285 = EDGE_CURVE ( 'NONE', #3166, #3820, #2865, .T. ) ;
#5286 = ORIENTED_EDGE ( 'NONE', *, *, #5352, .F. ) ;
#5287 = B_SPLINE_CURVE_WITH_KNOTS ( 'NONE', 3,
 ( #1629, #1088, #190, #5853 ),
 .UNSPECIFIED., .F., .F.,
 ( 4, 4 ),
 ( 0.000000000000000000, 0.1025017277500166191 ),
 .UNSPECIFIED. ) ;
#5288 = CIRCLE ( 'NONE', #2624, 0.2000000000000059508 ) ;
#5289 = VERTEX_POINT ( 'NONE', #6052 ) ;
#5290 = CARTESIAN_POINT ( 'NONE',  ( 1.100346185370000063, -0.1995699620052900081, -1.510557960676199851 ) ) ;
#5291 = CARTESIAN_POINT ( 'NONE',  ( 0.8253461853700210238, -0.9537363479935498933, 1.700098464836000023 ) ) ;
#5292 = VECTOR ( 'NONE', #2439, 1000.000000000000227 ) ;
#5293 = DIRECTION ( 'NONE',  ( -0.004077599227157457235, 0.05233552115099233265, -0.9986212327055723481 ) ) ;
#5294 = VERTEX_POINT ( 'NONE', #3799 ) ;
#5295 = DIRECTION ( 'NONE',  ( 1.000000000000000000, 0.000000000000000000, 6.726373509374157437E-16 ) ) ;
#5296 = FACE_OUTER_BOUND ( 'NONE', #1688, .T. ) ;
#5297 = ORIENTED_EDGE ( 'NONE', *, *, #3976, .T. ) ;
#5298 = LINE ( 'NONE', #1048, #3691 ) ;
#5299 = B_SPLINE_CURVE_WITH_KNOTS ( 'NONE', 3,
 ( #862, #2296, #4178, #6069 ),
 .UNSPECIFIED., .F., .F.,
 ( 4, 4 ),
 ( 0.000000000000000000, 1.000000000000000000 ),
 .UNSPECIFIED. ) ;
#5300 = CARTESIAN_POINT ( 'NONE',  ( 0.8255215885543316645, -0.9599413257464137761, 1.717209078460645078 ) ) ;
#5301 = LINE ( 'NONE', #2946, #5771 ) ;
#5302 = AXIS2_PLACEMENT_3D ( 'NONE', #1472, #5248, #996 ) ;
#5303 = EDGE_LOOP ( 'NONE', ( #2716, #5542, #6116, #5086 ) ) ;
#5304 = ORIENTED_EDGE ( 'NONE', *, *, #5306, .T. ) ;
#5305 = CARTESIAN_POINT ( 'NONE',  ( -0.9246538146299999594, -0.9485462464092400126, -1.759353699685400008 ) ) ;
#5306 = EDGE_CURVE ( 'NONE', #1833, #5084, #2349, .T. ) ;
#5307 = LINE ( 'NONE', #4740, #2414 ) ;
#5308 = CARTESIAN_POINT ( 'NONE',  ( 0.9253461853700110096, -1.043632083895880136, -1.600033643681100015 ) ) ;
#5309 = VERTEX_POINT ( 'NONE', #5682 ) ;
#5310 = PRESENTATION_STYLE_ASSIGNMENT (( #4771 ) ) ;
#5311 = DIRECTION ( 'NONE',  ( 0.9961571790822475458, 0.08758352906168470620, 0.000000000000000000 ) ) ;
#5312 = ADVANCED_FACE ( 'NONE', ( #1446 ), #3245, .T. ) ;
#5313 = CARTESIAN_POINT ( 'NONE',  ( 0.3325152902928709686, -0.9251701078087301022, 1.550032410577399933 ) ) ;
#5314 = CARTESIAN_POINT ( 'NONE',  ( 0.2840654255463695987, -0.9077124959259440518, 1.599104973908067162 ) ) ;
#5315 = EDGE_CURVE ( 'NONE', #397, #2857, #4719, .T. ) ;
#5316 = CARTESIAN_POINT ( 'NONE',  ( -0.3148469896508799826, -1.050000000000000044, -1.549967526534500095 ) ) ;
#5317 = ORIENTED_EDGE ( 'NONE', *, *, #5163, .T. ) ;
#5318 = ORIENTED_EDGE ( 'NONE', *, *, #686, .T. ) ;
#5319 = FACE_OUTER_BOUND ( 'NONE', #1649, .T. ) ;
#5320 = CARTESIAN_POINT ( 'NONE',  ( 1.377698998936674135, -0.6387691941217048530, 1.469948340608704829 ) ) ;
#5321 = EDGE_CURVE ( 'NONE', #3531, #788, #3740, .T. ) ;
#5322 = LINE ( 'NONE', #2994, #3418 ) ;
#5323 = ORIENTED_EDGE ( 'NONE', *, *, #5650, .F. ) ;
#5324 = PLANE ( 'NONE',  #3319 ) ;
#5325 = ORIENTED_EDGE ( 'NONE', *, *, #2852, .F. ) ;
#5326 = VERTEX_POINT ( 'NONE', #1411 ) ;
#5327 = CARTESIAN_POINT ( 'NONE',  ( -1.400346185369999885, -0.9249999999999999334, 1.499967589430000192 ) ) ;
#5328 = CARTESIAN_POINT ( 'NONE',  ( 0.8513775595038145516, -0.8937985140935622574, 1.611262057791973179 ) ) ;
#5329 = LINE ( 'NONE', #3841, #3989 ) ;
#5330 =( NAMED_UNIT ( * ) SI_UNIT ( $, .STERADIAN. ) SOLID_ANGLE_UNIT ( ) );
#5331 = CARTESIAN_POINT ( 'NONE',  ( 0.8331220548864796127, -0.9074444443900494539, -1.742474060618507847 ) ) ;
#5332 = ORIENTED_EDGE ( 'NONE', *, *, #301, .F. ) ;
#5333 = VERTEX_POINT ( 'NONE', #5553 ) ;
#5334 = DIRECTION ( 'NONE',  ( 7.362546999999995869E-34, -0.08715574274765794383, -0.9961946980917455452 ) ) ;
#5335 = CARTESIAN_POINT ( 'NONE',  ( -1.094192931204807984, -0.4387691941217055636, -1.732250313779239326 ) ) ;
#5336 = CARTESIAN_POINT ( 'NONE',  ( -0.8246538146299998706, -0.9577411783747772356, -1.704404168877168946 ) ) ;
#5337 = VERTEX_POINT ( 'NONE', #6120 ) ;
#5338 = CARTESIAN_POINT ( 'NONE',  ( 1.100346185370000063, -0.6442092950935299767, 1.607484335314399937 ) ) ;
#5339 = DIRECTION ( 'NONE',  ( -1.000000000000000000, 0.000000000000000000, 0.000000000000000000 ) ) ;
#5340 = PLANE ( 'NONE',  #3595 ) ;
#5341 = LINE ( 'NONE', #1092, #6071 ) ;
#5342 = LINE ( 'NONE', #1094, #2917 ) ;
#5343 = ORIENTED_EDGE ( 'NONE', *, *, #496, .F. ) ;
#5344 = EDGE_CURVE ( 'NONE', #2362, #2428, #2751, .T. ) ;
#5345 = ORIENTED_EDGE ( 'NONE', *, *, #5353, .T. ) ;
#5346 = DIRECTION ( 'NONE',  ( -1.000000000000000000, 0.000000000000000000, -1.224606000000000123E-16 ) ) ;
#5347 = DIRECTION ( 'NONE',  ( -1.000000000000000000, 0.000000000000000000, 0.000000000000000000 ) ) ;
#5348 = DIRECTION ( 'NONE',  ( -1.000000000000000000, 0.000000000000000000, 8.878759775047679252E-34 ) ) ;
#5349 = ORIENTED_EDGE ( 'NONE', *, *, #4834, .F. ) ;
#5350 = FACE_OUTER_BOUND ( 'NONE', #636, .T. ) ;
#5351 = ORIENTED_EDGE ( 'NONE', *, *, #4215, .F. ) ;
#5352 = EDGE_CURVE ( 'NONE', #3715, #1950, #851, .T. ) ;
#5353 = EDGE_CURVE ( 'NONE', #5326, #4305, #3902, .T. ) ;
#5354 = ORIENTED_EDGE ( 'NONE', *, *, #3685, .T. ) ;
#5355 = EDGE_CURVE ( 'NONE', #4938, #2977, #1381, .T. ) ;
#5356 = DIRECTION ( 'NONE',  ( -1.000000000000000000, 0.000000000000000000, -1.224606000000000123E-16 ) ) ;
#5357 = DIRECTION ( 'NONE',  ( 1.000000000000000000, 0.000000000000000000, 6.528255230898268933E-09 ) ) ;
#5358 = PRESENTATION_STYLE_ASSIGNMENT (( #5395 ) ) ;
#5359 = CARTESIAN_POINT ( 'NONE',  ( -1.094192931204805763, 3.579848725887760263, 1.732315134934079515 ) ) ;
#5360 = CARTESIAN_POINT ( 'NONE',  ( -1.077142607443590139, -0.9249999999999999334, 1.600098464836000156 ) ) ;
#5361 = VERTEX_POINT ( 'NONE', #1817 ) ;
#5362 = ORIENTED_EDGE ( 'NONE', *, *, #3778, .F. ) ;
#5363 = DIRECTION ( 'NONE',  ( -0.07855673849245517482, -0.9914484689297579090, -0.1042054331321875804 ) ) ;
#5364 = VECTOR ( 'NONE', #3300, 1000.000000000000114 ) ;
#5365 = DIRECTION ( 'NONE',  ( 0.7087801582446944249, -0.000000000000000000, -0.7054294346556754247 ) ) ;
#5366 = VERTEX_POINT ( 'NONE', #3705 ) ;
#5367 = AXIS2_PLACEMENT_3D ( 'NONE', #1188, #4961, #4438 ) ;
#5368 = ORIENTED_EDGE ( 'NONE', *, *, #4403, .F. ) ;
#5369 = VECTOR ( 'NONE', #4306, 1000.000000000000000 ) ;
#5370 = PLANE ( 'NONE',  #2908 ) ;
#5371 = FACE_OUTER_BOUND ( 'NONE', #1595, .T. ) ;
#5372 = FACE_OUTER_BOUND ( 'NONE', #1843, .T. ) ;
#5373 = AXIS2_PLACEMENT_3D ( 'NONE', #1920, #2257, #1825 ) ;
#5374 = VECTOR ( 'NONE', #5795, 1000.000000000000114 ) ;
#5375 = CARTESIAN_POINT ( 'NONE',  ( 1.100346185370000063, -0.4333290931498799958, 1.731839163086200006 ) ) ;
#5376 = ORIENTED_EDGE ( 'NONE', *, *, #4361, .T. ) ;
#5377 = AXIS2_PLACEMENT_3D ( 'NONE', #4525, #282, #1156 ) ;
#5378 = ORIENTED_EDGE ( 'NONE', *, *, #5285, .F. ) ;
#5379 = VECTOR ( 'NONE', #609, 1000.000000000000000 ) ;
#5380 = CARTESIAN_POINT ( 'NONE',  ( -0.8996538146300200323, -0.6325679542733599892, -1.749206387657999962 ) ) ;
#5381 = AXIS2_PLACEMENT_3D ( 'NONE', #1252, #5001, #5897 ) ;
#5382 = CARTESIAN_POINT ( 'NONE',  ( 0.9253461853700010176, -0.9485462464092400126, 1.759418520840300149 ) ) ;
#5383 = ADVANCED_FACE ( 'NONE', ( #5196 ), #476, .T. ) ;
#5384 = ORIENTED_EDGE ( 'NONE', *, *, #2768, .F. ) ;
#5385 = DIRECTION ( 'NONE',  ( -0.000000000000000000, 0.9945335959437037188, -0.1044170797297347131 ) ) ;
#5386 = VECTOR ( 'NONE', #4726, 1000.000000000000000 ) ;
#5387 = EDGE_LOOP ( 'NONE', ( #1765, #3129, #1386, #1393 ) ) ;
#5388 = VECTOR ( 'NONE', #1862, 1000.000000000000000 ) ;
#5389 = EDGE_LOOP ( 'NONE', ( #1889, #3436, #1764, #3480, #3748 ) ) ;
#5390 = FACE_OUTER_BOUND ( 'NONE', #4362, .T. ) ;
#5391 = DIRECTION ( 'NONE',  ( 0.7054294346556763129, 0.000000000000000000, 0.7087801582446935367 ) ) ;
#5392 = VECTOR ( 'NONE', #3088, 999.9999999999998863 ) ;
#5393 = EDGE_CURVE ( 'NONE', #2428, #5613, #1891, .T. ) ;
#5394 = EDGE_CURVE ( 'NONE', #935, #5740, #4700, .T. ) ;
#5395 = SURFACE_STYLE_USAGE ( .BOTH. , #2049 ) ;
#5396 = FACE_OUTER_BOUND ( 'NONE', #4632, .T. ) ;
#5397 = EDGE_CURVE ( 'NONE', #151, #3531, #3318, .T. ) ;
#5398 = FACE_OUTER_BOUND ( 'NONE', #5303, .T. ) ;
#5399 = VERTEX_POINT ( 'NONE', #456 ) ;
#5400 = LINE ( 'NONE', #1054, #6059 ) ;
#5401 = ADVANCED_FACE ( 'NONE', ( #4665 ), #3281, .T. ) ;
#5402 = FILL_AREA_STYLE_COLOUR ( '', #3692 ) ;
#5403 = CARTESIAN_POINT ( 'NONE',  ( 0.2151530103492109991, -0.7832755502498399691, -1.619586865976599954 ) ) ;
#5404 = B_SPLINE_CURVE_WITH_KNOTS ( 'NONE', 3,
 ( #5037, #853, #1763, #3177, #3649, #5505 ),
 .UNSPECIFIED., .F., .F.,
 ( 4, 2, 4 ),
 ( 0.000000000000000000, 0.4604538721110433275, 0.9209077442220866550 ),
 .UNSPECIFIED. ) ;
#5405 = VECTOR ( 'NONE', #384, 1000.000000000000000 ) ;
#5406 = ORIENTED_EDGE ( 'NONE', *, *, #4476, .T. ) ;
#5407 = ORIENTED_EDGE ( 'NONE', *, *, #1376, .F. ) ;
#5408 = FILL_AREA_STYLE ('',( #1126 ) ) ;
#5409 = LINE ( 'NONE', #258, #941 ) ;
#5410 = CARTESIAN_POINT ( 'NONE',  ( 0.0003461853700004179925, -0.05000000000000000278, 3.241057000114010188E-05 ) ) ;
#5411 = CARTESIAN_POINT ( 'NONE',  ( 1.329400826565670046, -0.05000000000000000278, -0.6463040388454999174 ) ) ;
#5412 = CARTESIAN_POINT ( 'NONE',  ( -0.8539431365113500094, -0.8785660737170098988, -1.747916963089400033 ) ) ;
#5413 = ORIENTED_EDGE ( 'NONE', *, *, #798, .T. ) ;
#5414 = ORIENTED_EDGE ( 'NONE', *, *, #4834, .T. ) ;
#5415 = CARTESIAN_POINT ( 'NONE',  ( 1.370262115408682035, -0.6387691941217051861, 1.469948340608704829 ) ) ;
#5416 = CARTESIAN_POINT ( 'NONE',  ( -0.2686031880319586507, -0.9856872807627919952, 1.696964260821786308 ) ) ;
#5417 = ORIENTED_EDGE ( 'NONE', *, *, #341, .T. ) ;
#5418 = CARTESIAN_POINT ( 'NONE',  ( 0.0003461853700004179925, -0.05000000000000000278, 3.241057000114010188E-05 ) ) ;
#5419 = ORIENTED_EDGE ( 'NONE', *, *, #3463, .T. ) ;
#5420 = UNCERTAINTY_MEASURE_WITH_UNIT (LENGTH_MEASURE( 1.000000000000000082E-05 ), #2984, 'distance_accuracy_value', 'NONE');
#5421 = ADVANCED_FACE ( 'NONE', ( #2324 ), #4635, .T. ) ;
#5422 = ORIENTED_EDGE ( 'NONE', *, *, #2294, .T. ) ;
#5423 = FACE_OUTER_BOUND ( 'NONE', #5155, .T. ) ;
#5424 = CARTESIAN_POINT ( 'NONE',  ( -0.8529029145744677631, -1.029732399457817804, 1.638976719977426999 ) ) ;
#5425 = CARTESIAN_POINT ( 'NONE',  ( 1.400346185369999885, -1.050000000000000044, -1.599967589430000059 ) ) ;
#5426 =( BOUNDED_CURVE ( )  B_SPLINE_CURVE ( 3, ( #4283, #566, #3456, #1444 ),
 .UNSPECIFIED., .F., .T. ) 
 B_SPLINE_CURVE_WITH_KNOTS ( ( 4, 4 ),
 ( 1.570796326794895004, 1.701818277893815123 ),
 .UNSPECIFIED. ) 
 CURVE ( )  GEOMETRIC_REPRESENTATION_ITEM ( )  RATIONAL_B_SPLINE_CURVE ( ( 1.000000000000000000, 0.9985699489150328123, 0.9985699489150328123, 1.000000000000000000 ) ) 
 REPRESENTATION_ITEM ( '' )  );
#5427 = DIRECTION ( 'NONE',  ( -0.08683102911525313050, 0.000000000000000000, -0.9962230535290708122 ) ) ;
#5428 = CARTESIAN_POINT ( 'NONE',  ( -1.399653814629999937, -0.9249999999999999334, 1.500032410570000030 ) ) ;
#5429 = EDGE_CURVE ( 'NONE', #4651, #2982, #421, .T. ) ;
#5430 = EDGE_LOOP ( 'NONE', ( #4021, #4995, #4623, #5659, #5979 ) ) ;
#5431 = PLANE ( 'NONE',  #5468 ) ;
#5432 = DIRECTION ( 'NONE',  ( -0.000000000000000000, -1.000000000000000000, -0.000000000000000000 ) ) ;
#5433 = VERTEX_POINT ( 'NONE', #6028 ) ;
#5434 = VERTEX_POINT ( 'NONE', #6125 ) ;
#5435 = ADVANCED_FACE ( 'NONE', ( #2785 ), #2258, .T. ) ;
#5436 = DIRECTION ( 'NONE',  ( 1.000000000000000000, 0.000000000000000000, 0.000000000000000000 ) ) ;
#5437 =( NAMED_UNIT ( * ) SI_UNIT ( $, .STERADIAN. ) SOLID_ANGLE_UNIT ( ) );
#5438 = DIRECTION ( 'NONE',  ( 0.000000000000000000, -0.08711569006112669655, -0.9961982014364278992 ) ) ;
#5439 = CARTESIAN_POINT ( 'NONE',  ( 1.400346185369999885, -0.2500000000000000000, 1.500032410570000030 ) ) ;
#5440 = CARTESIAN_POINT ( 'NONE',  ( -0.9246538146299999594, -0.9485462464092400126, 1.759418520840300149 ) ) ;
#5441 = ORIENTED_EDGE ( 'NONE', *, *, #2968, .F. ) ;
#5442 = EDGE_LOOP ( 'NONE', ( #2578, #966, #2842, #2028, #1848, #5217, #4605 ) ) ;
#5443 = DIRECTION ( 'NONE',  ( -1.000000000000000000, -0.000000000000000000, -0.000000000000000000 ) ) ;
#5444 = DIRECTION ( 'NONE',  ( -2.799623400751000206E-23, -0.05233595624294698490, -0.9986295347545737222 ) ) ;
#5445 = CARTESIAN_POINT ( 'NONE',  ( 1.100346185369999175, -0.4387691941217055636, 1.607008363466563949 ) ) ;
#5446 = CARTESIAN_POINT ( 'NONE',  ( 0.3029051399978400227, -1.050000000000000044, 1.750098464836000067 ) ) ;
#5447 = VERTEX_POINT ( 'NONE', #365 ) ;
#5448 = ORIENTED_EDGE ( 'NONE', *, *, #5344, .T. ) ;
#5449 = CARTESIAN_POINT ( 'NONE',  ( 0.8253461853700010398, -0.9537363479935599964, -1.700033643681099882 ) ) ;
#5450 = PLANE ( 'NONE',  #3207 ) ;
#5451 = DIRECTION ( 'NONE',  ( 0.9962230535290709232, 0.000000000000000000, -0.08683102911525314438 ) ) ;
#5452 = CARTESIAN_POINT ( 'NONE',  ( -0.2952771467767193458, -0.8461024899564930646, -1.625083796041658868 ) ) ;
#5453 = ORIENTED_EDGE ( 'NONE', *, *, #5915, .F. ) ;
#5454 = DIRECTION ( 'NONE',  ( 0.07725426560925727215, -0.9915496905310593467, 0.1042160719511857486 ) ) ;
#5455 = LINE ( 'NONE', #1207, #3406 ) ;
#5456 = ADVANCED_FACE ( 'NONE', ( #2355 ), #5069, .T. ) ;
#5457 = EDGE_LOOP ( 'NONE', ( #625, #4996, #2582, #518 ) ) ;
#5458 = ORIENTED_EDGE ( 'NONE', *, *, #5211, .F. ) ;
#5459 = VECTOR ( 'NONE', #3159, 1000.000000000000114 ) ;
#5460 = CARTESIAN_POINT ( 'NONE',  ( -0.8952810630649818968, -0.8478125831419949243, -1.625137634343248871 ) ) ;
#5461 = PLANE ( 'NONE',  #1044 ) ;
#5462 = CARTESIAN_POINT ( 'NONE',  ( 0.8302850904925674902, -0.9851236832524746800, -1.697426538692231146 ) ) ;
#5463 = FACE_OUTER_BOUND ( 'NONE', #5735, .T. ) ;
#5464 = B_SPLINE_CURVE_WITH_KNOTS ( 'NONE', 3,
 ( #1708, #1175, #5331, #2143 ),
 .UNSPECIFIED., .F., .F.,
 ( 4, 4 ),
 ( 0.000000000000000000, 1.000000000000000000 ),
 .UNSPECIFIED. ) ;
#5465 = EDGE_CURVE ( 'NONE', #5819, #1749, #857, .T. ) ;
#5466 = CARTESIAN_POINT ( 'NONE',  ( 1.100346185370000063, -0.1930181182222899805, -1.585441994027900092 ) ) ;
#5467 = EDGE_CURVE ( 'NONE', #4091, #5399, #1791, .T. ) ;
#5468 = AXIS2_PLACEMENT_3D ( 'NONE', #4953, #3162, #771 ) ;
#5469 = ORIENTED_EDGE ( 'NONE', *, *, #5352, .T. ) ;
#5470 = EDGE_LOOP ( 'NONE', ( #2083, #5183, #5200, #2572 ) ) ;
#5471 = CARTESIAN_POINT ( 'NONE',  ( -1.399653814629999937, -1.050000000000000044, -1.499967589434520132 ) ) ;
#5472 = DIRECTION ( 'NONE',  ( -3.604641231665999851E-48, 1.000000000000000000, 2.943510999999999877E-32 ) ) ;
#5473 = VECTOR ( 'NONE', #145, 1000.000000000000114 ) ;
#5474 = CARTESIAN_POINT ( 'NONE',  ( 0.8407831961314133906, -0.9050598853096292196, -1.604036281276367326 ) ) ;
#5475 = VECTOR ( 'NONE', #1868, 1000.000000000000000 ) ;
#5476 = EDGE_LOOP ( 'NONE', ( #4706, #6068, #4213, #3049 ) ) ;
#5477 = VECTOR ( 'NONE', #2488, 1000.000000000000114 ) ;
#5478 = ORIENTED_EDGE ( 'NONE', *, *, #465, .T. ) ;
#5479 = CARTESIAN_POINT ( 'NONE',  ( -0.3148469896508999666, -0.9911186922762890150, -1.691749034491634385 ) ) ;
#5480 = DIRECTION ( 'NONE',  ( 3.114857860618982750E-14, 0.000000000000000000, -1.000000000000000000 ) ) ;
#5481 = VECTOR ( 'NONE', #3630, 1000.000000000000000 ) ;
#5482 = VECTOR ( 'NONE', #314, 1000.000000000000000 ) ;
#5483 = FACE_OUTER_BOUND ( 'NONE', #2926, .T. ) ;
#5484 = DIRECTION ( 'NONE',  ( -1.000000000000000000, 0.000000000000000000, -1.224606000000000123E-16 ) ) ;
#5485 = VECTOR ( 'NONE', #5234, 1000.000000000000114 ) ;
#5486 = ORIENTED_EDGE ( 'NONE', *, *, #3693, .F. ) ;
#5487 = VECTOR ( 'NONE', #18, 1000.000000000000000 ) ;
#5488 = CARTESIAN_POINT ( 'NONE',  ( 0.2041860371233409910, -0.9851177095251993920, 1.697488119270792462 ) ) ;
#5489 = CARTESIAN_POINT ( 'NONE',  ( -0.3230585642651526146, -1.021203403025584766, 1.620315621422638630 ) ) ;
#5490 = PRESENTATION_STYLE_ASSIGNMENT (( #3607 ) ) ;
#5491 = ORIENTED_EDGE ( 'NONE', *, *, #3492, .T. ) ;
#5492 = ORIENTED_EDGE ( 'NONE', *, *, #5004, .T. ) ;
#5493 = EDGE_CURVE ( 'NONE', #4269, #151, #3746, .T. ) ;
#5494 = FILL_AREA_STYLE ('',( #4009 ) ) ;
#5495 = CARTESIAN_POINT ( 'NONE',  ( -1.077208978762580260, -0.9249999999999999334, -1.600033643681100015 ) ) ;
#5496 = PRODUCT_DEFINITION_FORMATION_WITH_SPECIFIED_SOURCE ( 'ANY', '', #641, .NOT_KNOWN. ) ;
#5497 = DIRECTION ( 'NONE',  ( -1.000000000000000000, 0.000000000000000000, 4.779941525138720225E-23 ) ) ;
#5498 = LINE ( 'NONE', #3144, #5847 ) ;
#5499 = VERTEX_POINT ( 'NONE', #4725 ) ;
#5500 = EDGE_CURVE ( 'NONE', #1106, #692, #2818, .T. ) ;
#5501 = ORIENTED_EDGE ( 'NONE', *, *, #4321, .T. ) ;
#5502 = DIRECTION ( 'NONE',  ( -0.07609362964333737933, 0.9766530602446772402, -0.2008943987332879877 ) ) ;
#5503 = CARTESIAN_POINT ( 'NONE',  ( 1.100346185370000063, -0.1821379162786600225, 1.709861642954599859 ) ) ;
#5504 = FACE_OUTER_BOUND ( 'NONE', #3178, .T. ) ;
#5505 = CARTESIAN_POINT ( 'NONE',  ( -0.3140752015264230979, -0.9850847623428392597, -1.697386305648695970 ) ) ;
#5506 = EDGE_LOOP ( 'NONE', ( #3126, #3295, #1703 ) ) ;
#5507 = EDGE_CURVE ( 'NONE', #3269, #4651, #4114, .T. ) ;
#5508 = VERTEX_POINT ( 'NONE', #1766 ) ;
#5509 = CARTESIAN_POINT ( 'NONE',  ( 1.100346185370000063, -0.6387691941217051861, 1.669661749200294310 ) ) ;
#5510 = LINE ( 'NONE', #1267, #5459 ) ;
#5511 = ORIENTED_EDGE ( 'NONE', *, *, #2342, .T. ) ;
#5512 = CARTESIAN_POINT ( 'NONE',  ( -1.338084194258480020, -0.1392041924772199901, -1.752467526534499997 ) ) ;
#5513 = DIRECTION ( 'NONE',  ( 0.000000000000000000, -0.9961982014364277882, -0.08711569006112668268 ) ) ;
#5514 = FACE_OUTER_BOUND ( 'NONE', #3969, .T. ) ;
#5515 = ORIENTED_EDGE ( 'NONE', *, *, #5216, .T. ) ;
#5516 = ORIENTED_EDGE ( 'NONE', *, *, #3572, .F. ) ;
#5517 = DIRECTION ( 'NONE',  ( 0.000000000000000000, 0.000000000000000000, -1.000000000000000000 ) ) ;
#5518 = CARTESIAN_POINT ( 'NONE',  ( -0.2148469896508999888, -0.7832755502498399691, -1.619586865976599954 ) ) ;
#5519 = LINE ( 'NONE', #2833, #1624 ) ;
#5520 = DIRECTION ( 'NONE',  ( -1.224606000000000123E-16, 0.000000000000000000, 1.000000000000000000 ) ) ;
#5521 = ORIENTED_EDGE ( 'NONE', *, *, #797, .F. ) ;
#5522 = EDGE_LOOP ( 'NONE', ( #3023, #658, #3854, #6042, #5711 ) ) ;
#5523 = DIRECTION ( 'NONE',  ( -1.000000000000000000, 0.000000000000000000, 0.000000000000000000 ) ) ;
#5524 = CARTESIAN_POINT ( 'NONE',  ( -0.8454213533042047590, -0.9007822285051194644, 1.605455677846740592 ) ) ;
#5525 = CARTESIAN_POINT ( 'NONE',  ( 1.100346185370000063, -0.1995699620053000001, 1.510622781831099992 ) ) ;
#5526 = EDGE_CURVE ( 'NONE', #2358, #5333, #3655, .T. ) ;
#5527 = DIRECTION ( 'NONE',  ( 2.931182659073673379E-23, -0.7071067811865475727, 0.7071067811865475727 ) ) ;
#5528 = ORIENTED_EDGE ( 'NONE', *, *, #2249, .T. ) ;
#5529 = ORIENTED_EDGE ( 'NONE', *, *, #2370, .T. ) ;
#5530 = CARTESIAN_POINT ( 'NONE',  ( 1.399999999999999911, -1.050000000000000044, -1.500000000000000000 ) ) ;
#5531 = FACE_OUTER_BOUND ( 'NONE', #2486, .T. ) ;
#5532 = CARTESIAN_POINT ( 'NONE',  ( 1.399999999999999911, -1.850000000000000089, 1.430041479749299960 ) ) ;
#5533 = ADVANCED_FACE ( 'NONE', ( #2729 ), #4140, .T. ) ;
#5534 = CARTESIAN_POINT ( 'NONE',  ( -0.9246538146299999594, -0.9485462464092400126, -1.759353699685400008 ) ) ;
#5535 = EDGE_CURVE ( 'NONE', #1900, #6114, #5690, .T. ) ;
#5536 = ORIENTED_EDGE ( 'NONE', *, *, #4543, .F. ) ;
#5537 = DIRECTION ( 'NONE',  ( -0.000000000000000000, -0.000000000000000000, 1.000000000000000000 ) ) ;
#5538 = CARTESIAN_POINT ( 'NONE',  ( 1.100346185370000063, -0.3930181182222899916, -1.585441994027900092 ) ) ;
#5539 = LINE ( 'NONE', #3259, #128 ) ;
#5540 = EDGE_CURVE ( 'NONE', #3109, #1591, #156, .T. ) ;
#5541 = ORIENTED_EDGE ( 'NONE', *, *, #6032, .T. ) ;
#5542 = ORIENTED_EDGE ( 'NONE', *, *, #1294, .T. ) ;
#5543 = CARTESIAN_POINT ( 'NONE',  ( -1.094192931204805763, 3.579848725887760263, 1.732315134934079515 ) ) ;
#5544 = DIRECTION ( 'NONE',  ( -0.1039620511844979722, -0.9891328443778537594, 0.1039620511844979722 ) ) ;
#5545 = VERTEX_POINT ( 'NONE', #2472 ) ;
#5546 = LINE ( 'NONE', #5095, #4072 ) ;
#5547 = VECTOR ( 'NONE', #5484, 1000.000000000000000 ) ;
#5548 = EDGE_LOOP ( 'NONE', ( #4836, #3633, #1857, #2688 ) ) ;
#5549 = ORIENTED_EDGE ( 'NONE', *, *, #3730, .F. ) ;
#5550 = CARTESIAN_POINT ( 'NONE',  ( 1.330355254549260069, -1.850000000000000089, 1.430041479749299960 ) ) ;
#5551 = FACE_OUTER_BOUND ( 'NONE', #740, .T. ) ;
#5552 = CIRCLE ( 'NONE', #5748, 0.1000000000000000472 ) ;
#5553 = CARTESIAN_POINT ( 'NONE',  ( -1.399999999999999911, -1.050000000000000044, -1.500000000000000000 ) ) ;
#5554 = PLANE ( 'NONE',  #5672 ) ;
#5555 = DIRECTION ( 'NONE',  ( -6.726373509374157437E-16, 0.000000000000000000, -1.000000000000000000 ) ) ;
#5556 = VERTEX_POINT ( 'NONE', #2384 ) ;
#5557 = VERTEX_POINT ( 'NONE', #2413 ) ;
#5558 = AXIS2_PLACEMENT_3D ( 'NONE', #5305, #2922, #561 ) ;
#5559 = PLANE ( 'NONE',  #3600 ) ;
#5560 = CARTESIAN_POINT ( 'NONE',  ( 1.364873505967830081, -0.3875000000000000111, 0.7500324105699980315 ) ) ;
#5561 = EDGE_CURVE ( 'NONE', #1803, #2358, #3923, .T. ) ;
#5562 = DIRECTION ( 'NONE',  ( 0.000000000000000000, 1.000000000000000000, 0.000000000000000000 ) ) ;
#5563 = VECTOR ( 'NONE', #591, 1000.000000000000227 ) ;
#5564 = CARTESIAN_POINT ( 'NONE',  ( -1.329662883809260121, -1.850000000000000089, -1.752467526534499997 ) ) ;
#5565 = VECTOR ( 'NONE', #2573, 1000.000000000000114 ) ;
#5566 = VECTOR ( 'NONE', #89, 1000.000000000000114 ) ;
#5567 = DIRECTION ( 'NONE',  ( -1.000000000000000000, -3.366872316660000075E-49, 1.050293330588519981E-64 ) ) ;
#5568 = VECTOR ( 'NONE', #185, 1000.000000000000114 ) ;
#5569 = ORIENTED_EDGE ( 'NONE', *, *, #2511, .T. ) ;
#5570 = CARTESIAN_POINT ( 'NONE',  ( -1.400346185369999885, -1.050000000000000044, -1.599967589430000059 ) ) ;
#5571 = EDGE_CURVE ( 'NONE', #4916, #345, #4350, .T. ) ;
#5572 = EDGE_CURVE ( 'NONE', #2059, #2020, #1549, .T. ) ;
#5573 = MECHANICAL_DESIGN_GEOMETRIC_PRESENTATION_REPRESENTATION (  '', ( #4488 ), #4193 ) ;
#5574 = AXIS2_PLACEMENT_3D ( 'NONE', #2379, #4747, #4694 ) ;
#5575 = PLANE ( 'NONE',  #1219 ) ;
#5576 = EDGE_CURVE ( 'NONE', #2943, #1273, #3371, .T. ) ;
#5577 = VECTOR ( 'NONE', #2008, 1000.000000000000000 ) ;
#5578 = PLANE ( 'NONE',  #4679 ) ;
#5579 = EDGE_LOOP ( 'NONE', ( #174, #3501, #782, #1491, #350, #5325, #1418, #4310 ) ) ;
#5580 = VECTOR ( 'NONE', #4565, 1000.000000000000000 ) ;
#5581 = EDGE_LOOP ( 'NONE', ( #2255, #378, #673, #1241 ) ) ;
#5582 = EDGE_CURVE ( 'NONE', #3040, #2440, #1070, .T. ) ;
#5583 = VECTOR ( 'NONE', #1000, 1000.000000000000000 ) ;
#5584 = CARTESIAN_POINT ( 'NONE',  ( 1.100346185370000063, -0.1995699620053000001, 1.510622781831099992 ) ) ;
#5585 = CARTESIAN_POINT ( 'NONE',  ( -1.328708455825670098, -0.05000000000000000278, 0.6463688599854979788 ) ) ;
#5586 = AXIS2_PLACEMENT_3D ( 'NONE', #5902, #3590, #4910 ) ;
#5587 = ORIENTED_EDGE ( 'NONE', *, *, #2441, .F. ) ;
#5588 = CARTESIAN_POINT ( 'NONE',  ( 1.100346185370000063, -0.6387691941217051861, 1.732315134934123702 ) ) ;
#5589 = ORIENTED_EDGE ( 'NONE', *, *, #6111, .T. ) ;
#5590 = ORIENTED_EDGE ( 'NONE', *, *, #4101, .F. ) ;
#5591 = PLANE ( 'NONE',  #1419 ) ;
#5592 = CARTESIAN_POINT ( 'NONE',  ( 1.100346185370000063, -0.4387691941217052305, -1.606943542311669804 ) ) ;
#5593 = CARTESIAN_POINT ( 'NONE',  ( 0.8342577883888300239, -0.9249999999999599654, -1.555021743386900024 ) ) ;
#5594 = VERTEX_POINT ( 'NONE', #512 ) ;
#5595 = VERTEX_POINT ( 'NONE', #3438 ) ;
#5596 = CARTESIAN_POINT ( 'NONE',  ( 1.094404400314884507, -1.047871741751462249, -1.583613587989311844 ) ) ;
#5597 = CARTESIAN_POINT ( 'NONE',  ( -1.328708455825670098, -0.05000000000000000278, 0.6463688599854979788 ) ) ;
#5598 = ORIENTED_EDGE ( 'NONE', *, *, #5952, .F. ) ;
#5599 = PRESENTATION_STYLE_ASSIGNMENT (( #1768 ) ) ;
#5600 = CARTESIAN_POINT ( 'NONE',  ( 1.400346185369999885, -0.9249999999999999334, -1.599967589430000059 ) ) ;
#5601 = EDGE_CURVE ( 'NONE', #1591, #1299, #3760, .T. ) ;
#5602 = ORIENTED_EDGE ( 'NONE', *, *, #2092, .T. ) ;
#5603 = DIRECTION ( 'NONE',  ( 0.000000000000000000, 0.000000000000000000, -1.000000000000000000 ) ) ;
#5604 = DIRECTION ( 'NONE',  ( -1.000000000000000000, 0.000000000000000000, -1.224606000000000123E-16 ) ) ;
#5605 = CARTESIAN_POINT ( 'NONE',  ( 1.100346185370000063, -0.6333290931498800624, 1.731839163086200006 ) ) ;
#5606 = EDGE_CURVE ( 'NONE', #707, #1171, #1867, .T. ) ;
#5607 = VERTEX_POINT ( 'NONE', #2993 ) ;
#5608 = VERTEX_POINT ( 'NONE', #146 ) ;
#5609 = ORIENTED_EDGE ( 'NONE', *, *, #4670, .F. ) ;
#5610 = DIRECTION ( 'NONE',  ( -1.000000000000000000, -1.802320231665999787E-48, 1.899113549151960289E-63 ) ) ;
#5611 =( NAMED_UNIT ( * ) PLANE_ANGLE_UNIT ( ) SI_UNIT ( $, .RADIAN. ) );
#5612 = DIRECTION ( 'NONE',  ( 0.000000000000000000, -1.000000000000000000, -2.943510999999999877E-32 ) ) ;
#5613 = VERTEX_POINT ( 'NONE', #5320 ) ;
#5614 = ADVANCED_FACE ( 'NONE', ( #1577 ), #106, .F. ) ;
#5615 = CARTESIAN_POINT ( 'NONE',  ( 0.8849392628187718879, -0.8479162427859935347, 1.750614079704987613 ) ) ;
#5616 = EDGE_LOOP ( 'NONE', ( #934, #4177, #4588, #500, #3744 ) ) ;
#5617 = DIRECTION ( 'NONE',  ( -1.000000000000000000, 0.000000000000000000, -1.224606000000000123E-16 ) ) ;
#5618 = CARTESIAN_POINT ( 'NONE',  ( 0.8588621040985998656, -1.035255832108360030, 1.625399957906499937 ) ) ;
#5619 = CARTESIAN_POINT ( 'NONE',  ( 0.3325152902928709686, -1.050000000000000044, 1.550032410577399933 ) ) ;
#5620 = CARTESIAN_POINT ( 'NONE',  ( 1.100346185369999175, -0.6387691941217057412, -1.669596928045476103 ) ) ;
#5621 = CARTESIAN_POINT ( 'NONE',  ( 0.2041860371233409910, -0.8499999999999999778, 1.550032347689399792 ) ) ;
#5622 = EDGE_CURVE ( 'NONE', #824, #2243, #2821, .T. ) ;
#5623 = VERTEX_POINT ( 'NONE', #2963 ) ;
#5624 = ORIENTED_EDGE ( 'NONE', *, *, #548, .T. ) ;
#5625 = FACE_OUTER_BOUND ( 'NONE', #3015, .T. ) ;
#5626 = DIRECTION ( 'NONE',  ( 0.2034277825403344453, 0.9577234854494515170, -0.2034277825403324469 ) ) ;
#5627 = FACE_OUTER_BOUND ( 'NONE', #1575, .T. ) ;
#5628 = ORIENTED_EDGE ( 'NONE', *, *, #4736, .T. ) ;
#5629 = LINE ( 'NONE', #4667, #5388 ) ;
#5630 = DIRECTION ( 'NONE',  ( 0.000000000000000000, 2.943510999999999877E-32, -1.000000000000000000 ) ) ;
#5631 = EDGE_LOOP ( 'NONE', ( #401, #4408, #5955, #1671, #844, #4136, #1358, #2528 ) ) ;
#5632 = DIRECTION ( 'NONE',  ( -1.000000000000000000, -3.366872316660000075E-49, -3.883759441479614959E-96 ) ) ;
#5633 = LINE ( 'NONE', #1772, #3001 ) ;
#5634 = DIRECTION ( 'NONE',  ( -1.000000000000000000, 0.000000000000000000, 0.000000000000000000 ) ) ;
#5635 = EDGE_LOOP ( 'NONE', ( #3908, #3893, #4320 ) ) ;
#5636 = VERTEX_POINT ( 'NONE', #3891 ) ;
#5637 = CARTESIAN_POINT ( 'NONE',  ( 0.000000000000000000, -0.4387691941217052305, 0.000000000000000000 ) ) ;
#5638 = EDGE_CURVE ( 'NONE', #6047, #5557, #4839, .T. ) ;
#5639 = LINE ( 'NONE', #5585, #807 ) ;
#5640 = EDGE_LOOP ( 'NONE', ( #1872, #1940, #2835, #3444 ) ) ;
#5641 = DIRECTION ( 'NONE',  ( -1.000000000000000000, 0.000000000000000000, -1.224606000000000123E-16 ) ) ;
#5642 = VERTEX_POINT ( 'NONE', #1479 ) ;
#5643 = DIRECTION ( 'NONE',  ( -0.08682659386424820824, -0.9924325091389669673, 0.08682659386424736170 ) ) ;
#5644 = DIRECTION ( 'NONE',  ( -1.224606000000000123E-16, -2.943510999999999877E-32, 1.000000000000000000 ) ) ;
#5645 = EDGE_CURVE ( 'NONE', #1990, #1754, #3466, .T. ) ;
#5646 = EDGE_CURVE ( 'NONE', #4435, #2066, #547, .T. ) ;
#5647 = DIRECTION ( 'NONE',  ( -1.000000000000000000, -5.463214820794249613E-22, 0.000000000000000000 ) ) ;
#5648 =( BOUNDED_CURVE ( )  B_SPLINE_CURVE ( 3, ( #786, #2660, #2220, #3622 ),
 .UNSPECIFIED., .F., .F. ) 
 B_SPLINE_CURVE_WITH_KNOTS ( ( 4, 4 ),
 ( 5.031374718953249392, 5.137764171327980023 ),
 .UNSPECIFIED. ) 
 CURVE ( )  GEOMETRIC_REPRESENTATION_ITEM ( )  RATIONAL_B_SPLINE_CURVE ( ( 1.000000000000000000, 0.9990569960999345911, 0.9990569960999345911, 1.000000000000000000 ) ) 
 REPRESENTATION_ITEM ( '' )  );
#5649 = CARTESIAN_POINT ( 'NONE',  ( -1.338084194258480020, -0.1392041924772199901, 1.438462790198413943 ) ) ;
#5650 = EDGE_CURVE ( 'NONE', #4210, #5094, #79, .T. ) ;
#5651 = CARTESIAN_POINT ( 'NONE',  ( -1.399653814629999937, -0.9249999999999999334, 1.500032410570000030 ) ) ;
#5652 = ORIENTED_EDGE ( 'NONE', *, *, #3225, .T. ) ;
#5653 = VECTOR ( 'NONE', #4853, 1000.000000000000114 ) ;
#5654 = ORIENTED_EDGE ( 'NONE', *, *, #4936, .F. ) ;
#5655 = LINE ( 'NONE', #4237, #2704 ) ;
#5656 = DIRECTION ( 'NONE',  ( 1.396912268619158917E-24, 0.9986295347545725010, 0.05233595624296898119 ) ) ;
#5657 = EDGE_CURVE ( 'NONE', #3662, #4540, #2459, .T. ) ;
#5658 = DIRECTION ( 'NONE',  ( -1.016439536705160214E-18, -0.08716022863319301817, -0.9961943056174381583 ) ) ;
#5659 = ORIENTED_EDGE ( 'NONE', *, *, #6072, .T. ) ;
#5660 = DIRECTION ( 'NONE',  ( -1.000000000000000000, 0.000000000000000000, -6.528255230898268933E-09 ) ) ;
#5661 = VECTOR ( 'NONE', #2849, 1000.000000000000114 ) ;
#5662 = DIRECTION ( 'NONE',  ( -1.000000000000000000, 0.000000000000000000, 0.000000000000000000 ) ) ;
#5663 = VECTOR ( 'NONE', #4214, 1000.000000000000114 ) ;
#5664 = ORIENTED_EDGE ( 'NONE', *, *, #2405, .T. ) ;
#5665 = FACE_OUTER_BOUND ( 'NONE', #4912, .T. ) ;
#5666 = FACE_OUTER_BOUND ( 'NONE', #783, .T. ) ;
#5667 = VECTOR ( 'NONE', #6095, 999.9999999999998863 ) ;
#5668 = VECTOR ( 'NONE', #772, 1000.000000000000000 ) ;
#5669 = LINE ( 'NONE', #3843, #2207 ) ;
#5670 = VECTOR ( 'NONE', #5750, 1000.000000000000227 ) ;
#5671 = EDGE_LOOP ( 'NONE', ( #5419, #4946, #3261, #3256, #4295, #173 ) ) ;
#5672 = AXIS2_PLACEMENT_3D ( 'NONE', #4603, #1619, #3995 ) ;
#5673 = DIRECTION ( 'NONE',  ( 0.000000000000000000, 0.05233595624294400117, -0.9986295347545739443 ) ) ;
#5674 = DIRECTION ( 'NONE',  ( 0.000000000000000000, -1.000000000000000000, -2.943510999999999877E-32 ) ) ;
#5675 = VECTOR ( 'NONE', #3320, 1000.000000000000000 ) ;
#5676 = CARTESIAN_POINT ( 'NONE',  ( 0.3325152902928709686, -1.050000000000000044, 1.550032410577399933 ) ) ;
#5677 = ORIENTED_EDGE ( 'NONE', *, *, #5076, .T. ) ;
#5678 = EDGE_CURVE ( 'NONE', #1477, #1467, #4071, .T. ) ;
#5679 = VECTOR ( 'NONE', #5385, 1000.000000000000114 ) ;
#5680 = AXIS2_PLACEMENT_3D ( 'NONE', #5560, #1321, #3222 ) ;
#5681 = DIRECTION ( 'NONE',  ( 4.761750516201565368E-23, 0.08716022863319300429, 0.9961943056174380473 ) ) ;
#5682 = CARTESIAN_POINT ( 'NONE',  ( -0.9246538146299999594, -1.043632083895880136, -1.600033643681100015 ) ) ;
#5683 = DIRECTION ( 'NONE',  ( -1.000000000000000000, 0.000000000000000000, 8.878759775047680963E-34 ) ) ;
#5684 = CARTESIAN_POINT ( 'NONE',  ( 0.8253461853700010398, -0.9537363479935599964, -1.700033643681099882 ) ) ;
#5685 = ORIENTED_EDGE ( 'NONE', *, *, #2173, .T. ) ;
#5686 = EDGE_CURVE ( 'NONE', #3118, #2856, #4970, .T. ) ;
#5687 = ORIENTED_EDGE ( 'NONE', *, *, #133, .T. ) ;
#5688 = DIRECTION ( 'NONE',  ( -3.604641231665999851E-48, 1.000000000000000000, 2.943510999999999877E-32 ) ) ;
#5689 = CARTESIAN_POINT ( 'NONE',  ( 0.8270420687759935108, -0.9342911121777052186, 1.678877617762117858 ) ) ;
#5690 =( BOUNDED_CURVE ( )  B_SPLINE_CURVE ( 3, ( #3252, #2937, #1952, #4814 ),
 .UNSPECIFIED., .F., .T. ) 
 B_SPLINE_CURVE_WITH_KNOTS ( ( 4, 4 ),
 ( 4.645101158545544173, 4.712388143775502414 ),
 .UNSPECIFIED. ) 
 CURVE ( )  GEOMETRIC_REPRESENTATION_ITEM ( )  RATIONAL_B_SPLINE_CURVE ( ( 1.000000000000000000, 0.9996227407213995608, 0.9996227407213995608, 1.000000000000000000 ) ) 
 REPRESENTATION_ITEM ( '' )  );
#5691 = LINE ( 'NONE', #5597, #3107 ) ;
#5692 = VERTEX_POINT ( 'NONE', #3979 ) ;
#5693 = CARTESIAN_POINT ( 'NONE',  ( 1.100346185370000063, -0.03173312393769969764, -0.8968482715346000056 ) ) ;
#5694 = DIRECTION ( 'NONE',  ( -1.000000000000000000, 0.000000000000000000, -1.224606000000000123E-16 ) ) ;
#5695 = B_SPLINE_CURVE_WITH_KNOTS ( 'NONE', 3,
 ( #4315, #3363, #3879, #1090 ),
 .UNSPECIFIED., .F., .F.,
 ( 4, 4 ),
 ( 0.2553700950185667784, 1.000000000000000000 ),
 .UNSPECIFIED. ) ;
#5696 = VERTEX_POINT ( 'NONE', #5503 ) ;
#5697 = PLANE ( 'NONE',  #3500 ) ;
#5698 = CARTESIAN_POINT ( 'NONE',  ( -1.178382580480351161, -0.2500000000000000000, 1.500032410570000030 ) ) ;
#5699 = LINE ( 'NONE', #2918, #3004 ) ;
#5700 = ADVANCED_FACE ( 'NONE', ( #4537 ), #2068, .T. ) ;
#5701 = ORIENTED_EDGE ( 'NONE', *, *, #5810, .T. ) ;
#5702 = EDGE_LOOP ( 'NONE', ( #302, #4535, #4347, #4236, #1221, #746 ) ) ;
#5703 = CARTESIAN_POINT ( 'NONE',  ( 0.3143812528053603894, -0.9850849539136979915, -1.697386157010023711 ) ) ;
#5704 = ORIENTED_EDGE ( 'NONE', *, *, #5755, .F. ) ;
#5705 = CARTESIAN_POINT ( 'NONE',  ( 1.094885301944805933, 3.579848725887760263, -1.732250313779179152 ) ) ;
#5706 = CARTESIAN_POINT ( 'NONE',  ( -1.199653814629999760, -1.849949999999999983, 3.241057000141115243E-05 ) ) ;
#5707 = LINE ( 'NONE', #1062, #4668 ) ;
#5708 = DIRECTION ( 'NONE',  ( -1.000000000000000000, 0.000000000000000000, -1.224606000000000123E-16 ) ) ;
#5709 = CARTESIAN_POINT ( 'NONE',  ( 1.100346185369999175, -0.4387691941217052305, 1.607008363466563949 ) ) ;
#5710 = ORIENTED_EDGE ( 'NONE', *, *, #6111, .F. ) ;
#5711 = ORIENTED_EDGE ( 'NONE', *, *, #1655, .F. ) ;
#5712 = CARTESIAN_POINT ( 'NONE',  ( 1.338776564998479968, -0.1392041924772199901, -1.752467526534499997 ) ) ;
#5713 = DIRECTION ( 'NONE',  ( 1.000000000000000000, 0.000000000000000000, 1.224606000000000123E-16 ) ) ;
#5714 = CARTESIAN_POINT ( 'NONE',  ( -1.093595960440624903, -1.047865991543708519, 1.583723710659036499 ) ) ;
#5715 = ADVANCED_FACE ( 'NONE', ( #4474 ), #730, .T. ) ;
#5716 = ORIENTED_EDGE ( 'NONE', *, *, #5572, .F. ) ;
#5717 = PLANE ( 'NONE',  #4690 ) ;
#5718 = DIRECTION ( 'NONE',  ( -2.429008279962339007E-16, 0.05233595624296796811, -0.9986295347545725010 ) ) ;
#5719 = ORIENTED_EDGE ( 'NONE', *, *, #3585, .F. ) ;
#5720 = CARTESIAN_POINT ( 'NONE',  ( 0.3325152902928709686, -1.050000000000000044, 1.550032410577399933 ) ) ;
#5721 = ADVANCED_FACE ( 'NONE', ( #2542 ), #232, .F. ) ;
#5722 = PLANE ( 'NONE',  #1120 ) ;
#5723 = CARTESIAN_POINT ( 'NONE',  ( 1.100346185369999619, 3.579848725887760263, -1.606943542311669804 ) ) ;
#5724 = EDGE_CURVE ( 'NONE', #3303, #4043, #1641, .T. ) ;
#5725 = ORIENTED_EDGE ( 'NONE', *, *, #3517, .T. ) ;
#5726 = ORIENTED_EDGE ( 'NONE', *, *, #4737, .F. ) ;
#5727 = DIRECTION ( 'NONE',  ( 0.000000000000000000, -0.08716022863319340674, -0.9961943056174379363 ) ) ;
#5728 = DIRECTION ( 'NONE',  ( -2.931182660036640115E-23, -0.7071067811865470176, -0.7071067811865480168 ) ) ;
#5729 = ORIENTED_EDGE ( 'NONE', *, *, #1714, .F. ) ;
#5730 = CARTESIAN_POINT ( 'NONE',  ( -0.8400908253912118262, -0.9050598853098470453, -1.604036281276229881 ) ) ;
#5731 = DIRECTION ( 'NONE',  ( 0.000000000000000000, 1.000000000000000000, 0.000000000000000000 ) ) ;
#5732 = DIRECTION ( 'NONE',  ( 1.546876953805354788E-33, 0.000000000000000000, 1.000000000000000000 ) ) ;
#5733 = CARTESIAN_POINT ( 'NONE',  ( -0.8295919216459435308, -0.9851210358989060945, -1.697428775879692431 ) ) ;
#5734 = PLANE ( 'NONE',  #3707 ) ;
#5735 = EDGE_LOOP ( 'NONE', ( #5624, #5318, #3232, #4192, #6033, #2552 ) ) ;
#5736 = ORIENTED_EDGE ( 'NONE', *, *, #414, .T. ) ;
#5737 = DIRECTION ( 'NONE',  ( -0.000000000000000000, -0.000000000000000000, 1.000000000000000000 ) ) ;
#5738 = DIRECTION ( 'NONE',  ( 0.000000000000000000, 0.000000000000000000, -1.000000000000000000 ) ) ;
#5739 = CARTESIAN_POINT ( 'NONE',  ( 1.077773610167350071, -1.043632083895880136, 1.600098464836000156 ) ) ;
#5740 = VERTEX_POINT ( 'NONE', #5869 ) ;
#5741 = DIRECTION ( 'NONE',  ( 1.000000000000000000, 0.000000000000000000, 1.224606000000000123E-16 ) ) ;
#5742 = DIRECTION ( 'NONE',  ( -3.604641231665999851E-48, 1.000000000000000000, 2.943510999999999877E-32 ) ) ;
#5743 = VECTOR ( 'NONE', #2609, 1000.000000000000114 ) ;
#5744 = ADVANCED_FACE ( 'NONE', ( #1258 ), #3951, .T. ) ;
#5745 = ORIENTED_EDGE ( 'NONE', *, *, #2361, .T. ) ;
#5746 = DIRECTION ( 'NONE',  ( -0.08484904054336070423, -0.9746497312234392307, 0.2070230464101738554 ) ) ;
#5747 = CARTESIAN_POINT ( 'NONE',  ( -1.400346185369999885, -0.9249999999999999334, 1.499967589430000192 ) ) ;
#5748 = AXIS2_PLACEMENT_3D ( 'NONE', #980, #5742, #1515 ) ;
#5749 = DIRECTION ( 'NONE',  ( 0.1039620511844979722, -0.9891328443778537594, 0.1039620511844979722 ) ) ;
#5750 = DIRECTION ( 'NONE',  ( 0.07855673849245517482, 0.9914484689297579090, -0.1042054331321875804 ) ) ;
#5751 =( BOUNDED_CURVE ( )  B_SPLINE_CURVE ( 3, ( #2404, #540, #5800, #5249 ),
 .UNSPECIFIED., .F., .T. ) 
 B_SPLINE_CURVE_WITH_KNOTS ( ( 4, 4 ),
 ( 4.712388980384714543, 4.965410678061170202 ),
 .UNSPECIFIED. ) 
 CURVE ( )  GEOMETRIC_REPRESENTATION_ITEM ( )  RATIONAL_B_SPLINE_CURVE ( ( 1.000000000000000000, 0.9946721134653746521, 0.9946721134653746521, 1.000000000000000000 ) ) 
 REPRESENTATION_ITEM ( '' )  );
#5752 = ORIENTED_EDGE ( 'NONE', *, *, #1460, .T. ) ;
#5753 = ORIENTED_EDGE ( 'NONE', *, *, #5766, .F. ) ;
#5754 = EDGE_CURVE ( 'NONE', #3552, #1609, #1330, .T. ) ;
#5755 = EDGE_CURVE ( 'NONE', #4155, #1496, #3498, .T. ) ;
#5756 = ORIENTED_EDGE ( 'NONE', *, *, #3652, .F. ) ;
#5757 = CARTESIAN_POINT ( 'NONE',  ( -1.099653814629999893, -0.1930181182223099923, 1.585506815182800011 ) ) ;
#5758 = ADVANCED_FACE ( 'NONE', ( #201 ), #4017, .F. ) ;
#5759 = VECTOR ( 'NONE', #3668, 999.9999999999998863 ) ;
#5760 = PLANE ( 'NONE',  #1301 ) ;
#5761 = STYLED_ITEM ( 'NONE', ( #5490 ), #304 ) ;
#5762 = CARTESIAN_POINT ( 'NONE',  ( -0.2148469896508999888, -0.8025126265847200013, -1.497402586074199959 ) ) ;
#5763 =( GEOMETRIC_REPRESENTATION_CONTEXT ( 3 ) GLOBAL_UNCERTAINTY_ASSIGNED_CONTEXT ( ( #4915 ) ) GLOBAL_UNIT_ASSIGNED_CONTEXT ( ( #2954, #2891, #70 ) ) REPRESENTATION_CONTEXT ( 'NONE', 'WORKASPACE' ) );
#5764 = AXIS2_PLACEMENT_3D ( 'NONE', #5917, #4955, #3606 ) ;
#5765 = VERTEX_POINT ( 'NONE', #2095 ) ;
#5766 = EDGE_CURVE ( 'NONE', #3653, #4022, #1226, .T. ) ;
#5767 = CARTESIAN_POINT ( 'NONE',  ( 0.9003461853700209794, -0.8434481562170000890, -1.624851559886199892 ) ) ;
#5768 = CARTESIAN_POINT ( 'NONE',  ( 0.3129160854067287723, -1.850000000000000311, -1.169446299854472571 ) ) ;
#5769 = CARTESIAN_POINT ( 'NONE',  ( 1.399999999999999911, -0.9249999999999999334, -1.752467526534499997 ) ) ;
#5770 = VECTOR ( 'NONE', #1942, 1000.000000000000000 ) ;
#5771 = VECTOR ( 'NONE', #4824, 1000.000000000000114 ) ;
#5772 = CARTESIAN_POINT ( 'NONE',  ( 0.3071783364149251461, -0.9251700822509095756, 1.580581709477242081 ) ) ;
#5773 = FACE_OUTER_BOUND ( 'NONE', #5581, .T. ) ;
#5774 = VECTOR ( 'NONE', #334, 1000.000000000000000 ) ;
#5775 = ORIENTED_EDGE ( 'NONE', *, *, #5156, .T. ) ;
#5776 = CIRCLE ( 'NONE', #2328, 0.09999999999999993616 ) ;
#5777 = ORIENTED_EDGE ( 'NONE', *, *, #5393, .F. ) ;
#5778 = DIRECTION ( 'NONE',  ( 1.000000000000000000, 0.000000000000000000, 0.000000000000000000 ) ) ;
#5779 = CARTESIAN_POINT ( 'NONE',  ( -0.8261956678066288973, -0.9583820175718650303, -1.718294612726699810 ) ) ;
#5780 = VECTOR ( 'NONE', #5803, 1000.000000000000000 ) ;
#5781 = DIRECTION ( 'NONE',  ( 0.000000000000000000, 0.9945218953682734009, 0.1045284632676534708 ) ) ;
#5782 = ORIENTED_EDGE ( 'NONE', *, *, #2736, .F. ) ;
#5783 = CARTESIAN_POINT ( 'NONE',  ( -0.9246538146299999594, -1.050000000000000044, -1.700033643681099882 ) ) ;
#5784 = EDGE_LOOP ( 'NONE', ( #86, #1117, #5745, #3928, #5492 ) ) ;
#5785 = ORIENTED_EDGE ( 'NONE', *, *, #2193, .F. ) ;
#5786 = CARTESIAN_POINT ( 'NONE',  ( 1.399999999999999911, -1.050000000000000044, -1.599967589430000059 ) ) ;
#5787 = CARTESIAN_POINT ( 'NONE',  ( 1.077972718902663773, -0.9249999999999999334, 1.599967589430000059 ) ) ;
#5788 = LINE ( 'NONE', #4333, #5961 ) ;
#5789 =( NAMED_UNIT ( * ) PLANE_ANGLE_UNIT ( ) SI_UNIT ( $, .RADIAN. ) );
#5790 = DIRECTION ( 'NONE',  ( 0.000000000000000000, 0.000000000000000000, 1.000000000000000000 ) ) ;
#5791 = VECTOR ( 'NONE', #2928, 1000.000000000000000 ) ;
#5792 = ORIENTED_EDGE ( 'NONE', *, *, #4440, .F. ) ;
#5793 = EDGE_LOOP ( 'NONE', ( #1001, #204, #431, #2889, #2547, #4118, #2748 ) ) ;
#5794 = DIRECTION ( 'NONE',  ( -1.000000000000000000, 0.000000000000000000, -1.224606000000000123E-16 ) ) ;
#5795 = DIRECTION ( 'NONE',  ( -0.7071067811865420216, 0.7044157488815189216, 0.06163158871631090746 ) ) ;
#5796 = ADVANCED_FACE ( 'NONE', ( #2659 ), #4941, .F. ) ;
#5797 = DIRECTION ( 'NONE',  ( 0.004146767893995048117, 0.05233550626472773665, 0.9986209486587229733 ) ) ;
#5798 = EDGE_LOOP ( 'NONE', ( #5756, #5988, #5529, #5140, #5422 ) ) ;
#5799 = CARTESIAN_POINT ( 'NONE',  ( 1.400346185369999885, -1.050000000000000044, 1.500032410570000030 ) ) ;
#5800 = CARTESIAN_POINT ( 'NONE',  ( 1.094226144426673875, -1.047865991543707631, 1.583723710659038719 ) ) ;
#5801 = DIRECTION ( 'NONE',  ( 0.000000000000000000, -0.9945218953682734009, 0.1045284632676534708 ) ) ;
#5802 = ADVANCED_FACE ( 'NONE', ( #4511 ), #2131, .T. ) ;
#5803 = DIRECTION ( 'NONE',  ( 1.000000000000000000, 0.000000000000000000, 1.224606000000000123E-16 ) ) ;
#5804 = EDGE_CURVE ( 'NONE', #2053, #5333, #2157, .T. ) ;
#5805 = ORIENTED_EDGE ( 'NONE', *, *, #4175, .F. ) ;
#5806 = ORIENTED_EDGE ( 'NONE', *, *, #4291, .F. ) ;
#5807 = FACE_BOUND ( 'NONE', #3322, .T. ) ;
#5808 = CARTESIAN_POINT ( 'NONE',  ( -0.8279720751957500013, -0.9249999999999999334, -1.735372488711899974 ) ) ;
#5809 = CARTESIAN_POINT ( 'NONE',  ( -1.110454592824066111, -1.050000000000000044, 1.566945613143670757 ) ) ;
#5810 = EDGE_CURVE ( 'NONE', #2189, #5642, #2317, .T. ) ;
#5811 = ORIENTED_EDGE ( 'NONE', *, *, #3075, .F. ) ;
#5812 = CARTESIAN_POINT ( 'NONE',  ( 1.100346185370000063, -0.6333290931498800624, 1.731839163086200006 ) ) ;
#5813 = ORIENTED_EDGE ( 'NONE', *, *, #2253, .T. ) ;
#5814 = ORIENTED_EDGE ( 'NONE', *, *, #4361, .F. ) ;
#5815 = LINE ( 'NONE', #674, #5565 ) ;
#5816 = CARTESIAN_POINT ( 'NONE',  ( 0.8461135486791488969, -0.9007824518310990625, 1.605455743179975414 ) ) ;
#5817 = CARTESIAN_POINT ( 'NONE',  ( 1.399999999999999911, -0.9249999999999999334, -1.752467526534499997 ) ) ;
#5818 = CARTESIAN_POINT ( 'NONE',  ( 0.8253884029060202243, -0.9569071206078192393, 1.697193000177203759 ) ) ;
#5819 = VERTEX_POINT ( 'NONE', #2777 ) ;
#5820 = B_SPLINE_CURVE_WITH_KNOTS ( 'NONE', 3,
 ( #1696, #2124, #2680, #4559 ),
 .UNSPECIFIED., .F., .F.,
 ( 4, 4 ),
 ( 0.000000000000000000, 0.2163368338718310302 ),
 .UNSPECIFIED. ) ;
#5821 = ORIENTED_EDGE ( 'NONE', *, *, #4109, .T. ) ;
#5822 = DIRECTION ( 'NONE',  ( 0.000000000000000000, -1.000000000000000000, -2.943510999999999877E-32 ) ) ;
#5823 =( LENGTH_UNIT ( ) NAMED_UNIT ( * ) SI_UNIT ( .MILLI., .METRE. ) );
#5824 = CARTESIAN_POINT ( 'NONE',  ( -0.8581697333585999177, -1.035255832108360030, 1.625399957906499937 ) ) ;
#5825 = ORIENTED_EDGE ( 'NONE', *, *, #1025, .T. ) ;
#5826 = ORIENTED_EDGE ( 'NONE', *, *, #4089, .F. ) ;
#5827 = EDGE_CURVE ( 'NONE', #3949, #3653, #5128, .T. ) ;
#5828 = CARTESIAN_POINT ( 'NONE',  ( -1.399653814629999937, -0.9249999999999999334, -1.499967589434520132 ) ) ;
#5829 = DIRECTION ( 'NONE',  ( -1.000000000000000000, -3.366872316660000075E-49, -3.883759441479614959E-96 ) ) ;
#5830 = CARTESIAN_POINT ( 'NONE',  ( -0.8263079836928193256, -0.9721813053663242998, -1.708506845101172233 ) ) ;
#5831 = LINE ( 'NONE', #1037, #3117 ) ;
#5832 = ORIENTED_EDGE ( 'NONE', *, *, #438, .F. ) ;
#5833 = EDGE_CURVE ( 'NONE', #4478, #5433, #1816, .T. ) ;
#5834 = ADVANCED_FACE ( 'NONE', ( #4692 ), #6119, .F. ) ;
#5835 = ORIENTED_EDGE ( 'NONE', *, *, #4739, .T. ) ;
#5836 = CYLINDRICAL_SURFACE ( 'NONE', #2010, 0.2000000000000000666 ) ;
#5837 = CARTESIAN_POINT ( 'NONE',  ( 1.100346185369999175, 3.579848725887760263, 1.607008363466563949 ) ) ;
#5838 = DIRECTION ( 'NONE',  ( -8.830121000000003553E-34, 0.1045284632676540537, -0.9945218953682734009 ) ) ;
#5839 = EDGE_CURVE ( 'NONE', #4914, #1095, #780, .T. ) ;
#5840 = EDGE_LOOP ( 'NONE', ( #2755, #2869, #5045, #5813 ) ) ;
#5841 = CARTESIAN_POINT ( 'NONE',  ( -0.8996538146300090411, -0.8434481562170199620, 1.624916381041099811 ) ) ;
#5842 = ORIENTED_EDGE ( 'NONE', *, *, #2554, .F. ) ;
#5843 = VERTEX_POINT ( 'NONE', #5618 ) ;
#5844 = CARTESIAN_POINT ( 'NONE',  ( 1.100346185369999175, 3.579848725887760263, 1.607008363466563949 ) ) ;
#5845 = CARTESIAN_POINT ( 'NONE',  ( -0.8295980764724216749, -0.9851398261836675774, 1.697512367058539695 ) ) ;
#5846 = CARTESIAN_POINT ( 'NONE',  ( 0.3151530103492009571, -1.050000000000000044, -1.249915212658899932 ) ) ;
#5847 = VECTOR ( 'NONE', #809, 1000.000000000000000 ) ;
#5848 = LINE ( 'NONE', #276, #4164 ) ;
#5849 = EDGE_LOOP ( 'NONE', ( #1254, #3897, #3690 ) ) ;
#5850 = CARTESIAN_POINT ( 'NONE',  ( -1.077208978762580260, -1.050000000000000044, -1.600033643681100015 ) ) ;
#5851 = VECTOR ( 'NONE', #2771, 1000.000000000000114 ) ;
#5852 =( NAMED_UNIT ( * ) PLANE_ANGLE_UNIT ( ) SI_UNIT ( $, .RADIAN. ) );
#5853 = CARTESIAN_POINT ( 'NONE',  ( 0.2974866494246176107, -0.8500014463638696505, -1.625155614959486572 ) ) ;
#5854 = ORIENTED_EDGE ( 'NONE', *, *, #5882, .F. ) ;
#5855 = ORIENTED_EDGE ( 'NONE', *, *, #5344, .F. ) ;
#5856 = VECTOR ( 'NONE', #4822, 1000.000000000000000 ) ;
#5857 = VECTOR ( 'NONE', #4246, 1000.000000000000000 ) ;
#5858 = CARTESIAN_POINT ( 'NONE',  ( 1.100346185370000063, -0.1995699620053000001, 1.510622781831099992 ) ) ;
#5859 = DIRECTION ( 'NONE',  ( -1.000000000000000000, 0.000000000000000000, 0.000000000000000000 ) ) ;
#5860 = VECTOR ( 'NONE', #3416, 1000.000000000000000 ) ;
#5861 = MECHANICAL_DESIGN_GEOMETRIC_PRESENTATION_REPRESENTATION (  '', ( #5275 ), #1724 ) ;
#5862 = ADVANCED_FACE ( 'NONE', ( #5034 ), #4132, .T. ) ;
#5863 = PLANE ( 'NONE',  #4495 ) ;
#5864 = EDGE_LOOP ( 'NONE', ( #454, #5710, #4697, #2796 ) ) ;
#5865 = VECTOR ( 'NONE', #5634, 1000.000000000000000 ) ;
#5866 = ORIENTED_EDGE ( 'NONE', *, *, #5044, .F. ) ;
#5867 = PRESENTATION_LAYER_ASSIGNMENT (  '', '', ( #2419 ) ) ;
#5868 = LINE ( 'NONE', #5989, #1522 ) ;
#5869 = CARTESIAN_POINT ( 'NONE',  ( -1.399999999999999911, -0.9206308655165803545, 1.499541280188456227 ) ) ;
#5870 = PRESENTATION_LAYER_ASSIGNMENT (  '', '', ( #3697 ) ) ;
#5871 = CARTESIAN_POINT ( 'NONE',  ( -1.328708455825670098, -0.05000000000000000278, -0.6463040388454999174 ) ) ;
#5872 = VERTEX_POINT ( 'NONE', #5100 ) ;
#5873 = EDGE_CURVE ( 'NONE', #296, #1833, #2684, .T. ) ;
#5874 = DIRECTION ( 'NONE',  ( -0.07855765701086132868, -0.9914600613619914959, -0.1040943862513246526 ) ) ;
#5875 = VECTOR ( 'NONE', #1860, 1000.000000000000114 ) ;
#5876 = ORIENTED_EDGE ( 'NONE', *, *, #3248, .F. ) ;
#5877 = VECTOR ( 'NONE', #2692, 1000.000000000000000 ) ;
#5878 = ORIENTED_EDGE ( 'NONE', *, *, #5123, .F. ) ;
#5879 = CARTESIAN_POINT ( 'NONE',  ( -1.178447708059189969, -0.9249999999999999334, -1.499967590878610091 ) ) ;
#5880 = VECTOR ( 'NONE', #3670, 1000.000000000000114 ) ;
#5881 = CARTESIAN_POINT ( 'NONE',  ( 0.3188188903998199764, -1.027301870048620058, 1.642574483375000005 ) ) ;
#5882 = EDGE_CURVE ( 'NONE', #1192, #3577, #1882, .T. ) ;
#5883 = CARTESIAN_POINT ( 'NONE',  ( -1.369569744668682976, -0.6387691941217051861, -1.469883519468666355 ) ) ;
#5884 = EDGE_CURVE ( 'NONE', #5642, #1842, #13, .T. ) ;
#5885 = DIRECTION ( 'NONE',  ( -0.1464070660461520568, 0.000000000000000000, 0.9892244290411341678 ) ) ;
#5886 = ORIENTED_EDGE ( 'NONE', *, *, #3778, .T. ) ;
#5887 = CARTESIAN_POINT ( 'NONE',  ( -0.8263496980359987809, -0.9342911121776796834, -1.678812796607178193 ) ) ;
#5888 =( BOUNDED_CURVE ( )  B_SPLINE_CURVE ( 3, ( #2097, #5714, #5809, #5256 ),
 .UNSPECIFIED., .F., .T. ) 
 B_SPLINE_CURVE_WITH_KNOTS ( ( 4, 4 ),
 ( 1.317774629118419805, 1.570796326794896558 ),
 .UNSPECIFIED. ) 
 CURVE ( )  GEOMETRIC_REPRESENTATION_ITEM ( )  RATIONAL_B_SPLINE_CURVE ( ( 1.000000000000000000, 0.9946721134653737639, 0.9946721134653737639, 1.000000000000000000 ) ) 
 REPRESENTATION_ITEM ( '' )  );
#5889 = DIRECTION ( 'NONE',  ( 6.528255230898268933E-09, 0.000000000000000000, 1.000000000000000000 ) ) ;
#5890 = CARTESIAN_POINT ( 'NONE',  ( -0.8581697333585999177, -1.035255832108360030, 1.625399957906499937 ) ) ;
#5891 = EDGE_CURVE ( 'NONE', #2386, #1477, #3175, .T. ) ;
#5892 = AXIS2_PLACEMENT_3D ( 'NONE', #694, #3122, #2592 ) ;
#5893 = ORIENTED_EDGE ( 'NONE', *, *, #2392, .T. ) ;
#5894 = ORIENTED_EDGE ( 'NONE', *, *, #4061, .T. ) ;
#5895 = DIRECTION ( 'NONE',  ( 1.000000000000000000, 0.000000000000000000, 0.000000000000000000 ) ) ;
#5896 = CARTESIAN_POINT ( 'NONE',  ( -0.4996538146299995820, -0.05000000000000000278, 3.241057000120133220E-05 ) ) ;
#5897 = DIRECTION ( 'NONE',  ( -0.08672790821315508325, -0.9962320361928592716, 0.000000000000000000 ) ) ;
#5898 = DIRECTION ( 'NONE',  ( 1.000000000000000000, 0.000000000000000000, 1.224606000000000123E-16 ) ) ;
#5899 = ORIENTED_EDGE ( 'NONE', *, *, #4636, .T. ) ;
#5900 = ORIENTED_EDGE ( 'NONE', *, *, #4222, .T. ) ;
#5901 = DIRECTION ( 'NONE',  ( -0.7087977427067068126, 0.000000000000000000, 0.7054117662286878421 ) ) ;
#5902 = CARTESIAN_POINT ( 'NONE',  ( -0.007494065187219070383, -0.9249999999999999334, -0.8883155190558998937 ) ) ;
#5903 = CARTESIAN_POINT ( 'NONE',  ( -0.2250075614531600043, -0.9855704384896400994, 1.697071989309300033 ) ) ;
#5904 = DIRECTION ( 'NONE',  ( -3.604641231665999851E-48, 1.000000000000000000, 2.943510999999999877E-32 ) ) ;
#5905 = VERTEX_POINT ( 'NONE', #1760 ) ;
#5906 = ORIENTED_EDGE ( 'NONE', *, *, #5429, .T. ) ;
#5907 = EDGE_CURVE ( 'NONE', #571, #3153, #3271, .T. ) ;
#5908 = B_SPLINE_CURVE_WITH_KNOTS ( 'NONE', 3,
 ( #361, #2634, #5474, #5010 ),
 .UNSPECIFIED., .F., .F.,
 ( 4, 4 ),
 ( 0.000000000000000000, 1.000000000000000000 ),
 .UNSPECIFIED. ) ;
#5909 = CARTESIAN_POINT ( 'NONE',  ( -1.047620437135231564, -1.850000000000000089, 0.6059584412536364040 ) ) ;
#5910 = CARTESIAN_POINT ( 'NONE',  ( -1.399999999999999911, -0.6387691941217048530, -1.469948340608704829 ) ) ;
#5911 = LINE ( 'NONE', #2974, #1308 ) ;
#5912 = CARTESIAN_POINT ( 'NONE',  ( 0.8253461853700011508, -0.9547934581527118825, 1.699129806221353123 ) ) ;
#5913 = ORIENTED_EDGE ( 'NONE', *, *, #1185, .F. ) ;
#5914 = DIRECTION ( 'NONE',  ( -2.429008279962339007E-16, 0.05233595624296796811, -0.9986295347545725010 ) ) ;
#5915 = EDGE_CURVE ( 'NONE', #2774, #4008, #2219, .T. ) ;
#5916 = ADVANCED_FACE ( 'NONE', ( #5158 ), #3739, .T. ) ;
#5917 = CARTESIAN_POINT ( 'NONE',  ( 1.100346185370000063, -0.1562211005236600059, -0.9033724099348989789 ) ) ;
#5918 = EDGE_CURVE ( 'NONE', #1602, #3559, #2278, .T. ) ;
#5919 = LINE ( 'NONE', #4898, #3400 ) ;
#5920 = ORIENTED_EDGE ( 'NONE', *, *, #1431, .T. ) ;
#5921 = ORIENTED_EDGE ( 'NONE', *, *, #3007, .T. ) ;
#5922 = ADVANCED_FACE ( 'NONE', ( #5551 ), #3244, .F. ) ;
#5923 = CARTESIAN_POINT ( 'NONE',  ( -0.3334606109494699933, -0.9251701078087301022, 1.550032410577399933 ) ) ;
#5924 = CARTESIAN_POINT ( 'NONE',  ( -0.3334606109494699933, -1.050000000000000044, 1.550032410577399933 ) ) ;
#5925 = FACE_OUTER_BOUND ( 'NONE', #895, .T. ) ;
#5926 = DIRECTION ( 'NONE',  ( 0.000000000000000000, -1.000000000000000000, -2.943510999999999877E-32 ) ) ;
#5927 = LINE ( 'NONE', #1939, #2594 ) ;
#5928 = ORIENTED_EDGE ( 'NONE', *, *, #4442, .T. ) ;
#5929 = B_SPLINE_CURVE_WITH_KNOTS ( 'NONE', 3,
 ( #907, #5224, #4746, #2251, #450, #4628, #6089, #4693, #942, #969 ),
 .UNSPECIFIED., .F., .F.,
 ( 4, 2, 2, 2, 4 ),
 ( 0.1025017277500166191, 0.2146890117812648713, 0.3268762958125131513, 0.5512508638750088785, 1.000000000000000000 ),
 .UNSPECIFIED. ) ;
#5930 = ORIENTED_EDGE ( 'NONE', *, *, #4663, .T. ) ;
#5931 = DIRECTION ( 'NONE',  ( -1.000000000000000000, -0.000000000000000000, 6.528255230898268933E-09 ) ) ;
#5932 = CARTESIAN_POINT ( 'NONE',  ( 0.000000000000000000, -1.050000000000000044, 0.000000000000000000 ) ) ;
#5933 = DIRECTION ( 'NONE',  ( -0.7087977427066950442, 2.076387293423609751E-32, -0.7054117662286998325 ) ) ;
#5934 = FACE_OUTER_BOUND ( 'NONE', #1963, .T. ) ;
#5935 = ORIENTED_EDGE ( 'NONE', *, *, #4811, .F. ) ;
#5936 = ORIENTED_EDGE ( 'NONE', *, *, #3160, .T. ) ;
#5937 = LINE ( 'NONE', #4984, #4493 ) ;
#5938 = DIRECTION ( 'NONE',  ( 1.000000000000000000, 0.000000000000000000, 0.000000000000000000 ) ) ;
#5939 = ADVANCED_FACE ( 'NONE', ( #3213 ), #850, .T. ) ;
#5940 = ORIENTED_EDGE ( 'NONE', *, *, #1615, .T. ) ;
#5941 = DIRECTION ( 'NONE',  ( -0.7071067811865430208, -0.7044157488815179224, -0.06163158871631210095 ) ) ;
#5942 = LINE ( 'NONE', #1244, #131 ) ;
#5943 = SURFACE_SIDE_STYLE ('',( #2237 ) ) ;
#5944 = ADVANCED_FACE ( 'NONE', ( #2464 ), #3798, .T. ) ;
#5945 = VERTEX_POINT ( 'NONE', #4718 ) ;
#5946 = ORIENTED_EDGE ( 'NONE', *, *, #2368, .T. ) ;
#5947 = EDGE_CURVE ( 'NONE', #5309, #218, #2530, .T. ) ;
#5948 = CARTESIAN_POINT ( 'NONE',  ( 0.0003461853700004179925, -0.2500000000000000000, 3.241057000114010188E-05 ) ) ;
#5949 = PLANE ( 'NONE',  #1711 ) ;
#5950 = CARTESIAN_POINT ( 'NONE',  ( 1.094885301944805933, -0.4387691941217055636, -1.732250313779179152 ) ) ;
#5951 = AXIS2_PLACEMENT_3D ( 'NONE', #685, #5438, #2208 ) ;
#5952 = EDGE_CURVE ( 'NONE', #3161, #4782, #1332, .T. ) ;
#5953 = LINE ( 'NONE', #1277, #4757 ) ;
#5954 = AXIS2_PLACEMENT_3D ( 'NONE', #5439, #3081, #3143 ) ;
#5955 = ORIENTED_EDGE ( 'NONE', *, *, #2327, .F. ) ;
#5956 = EDGE_LOOP ( 'NONE', ( #479, #775, #5252, #4677 ) ) ;
#5957 = LINE ( 'NONE', #3121, #521 ) ;
#5958 = DIRECTION ( 'NONE',  ( -1.000000000000000000, 0.000000000000000000, 2.669130487778109753E-23 ) ) ;
#5959 = LINE ( 'NONE', #1282, #3609 ) ;
#5960 = VECTOR ( 'NONE', #5778, 1000.000000000000000 ) ;
#5961 = VECTOR ( 'NONE', #2016, 1000.000000000000114 ) ;
#5962 = CARTESIAN_POINT ( 'NONE',  ( -0.3148469896508799826, -0.8499999999999999778, -1.549967526534500095 ) ) ;
#5963 = EDGE_CURVE ( 'NONE', #4968, #2188, #3364, .T. ) ;
#5964 = VERTEX_POINT ( 'NONE', #5195 ) ;
#5965 = AXIS2_PLACEMENT_3D ( 'NONE', #3703, #5617, #383 ) ;
#5966 = VECTOR ( 'NONE', #1201, 1000.000000000000000 ) ;
#5967 = ORIENTED_EDGE ( 'NONE', *, *, #5123, .T. ) ;
#5968 = DIRECTION ( 'NONE',  ( 0.000000000000000000, 0.9945335959437037188, 0.1044170797297347131 ) ) ;
#5969 = DIRECTION ( 'NONE',  ( 0.000000000000000000, 0.9794929268841855441, -0.2014785501830195502 ) ) ;
#5970 = VECTOR ( 'NONE', #2005, 1000.000000000000000 ) ;
#5971 = DIRECTION ( 'NONE',  ( 0.000000000000000000, -1.000000000000000000, 0.000000000000000000 ) ) ;
#5972 = AXIS2_PLACEMENT_3D ( 'NONE', #4539, #5555, #387 ) ;
#5973 = ORIENTED_EDGE ( 'NONE', *, *, #2923, .F. ) ;
#5974 = VECTOR ( 'NONE', #5230, 1000.000000000000000 ) ;
#5975 = PLANE ( 'NONE',  #3687 ) ;
#5976 = LINE ( 'NONE', #3163, #522 ) ;
#5977 = CARTESIAN_POINT ( 'NONE',  ( 0.8535977106519249125, -1.029734747800215011, -1.638906126526926688 ) ) ;
#5978 = VERTEX_POINT ( 'NONE', #1410 ) ;
#5979 = ORIENTED_EDGE ( 'NONE', *, *, #279, .T. ) ;
#5980 = FACE_OUTER_BOUND ( 'NONE', #2456, .T. ) ;
#5981 = ADVANCED_FACE ( 'NONE', ( #3337 ), #2377, .F. ) ;
#5982 = CARTESIAN_POINT ( 'NONE',  ( 0.3151530103492110046, -0.9056314113743599847, -1.600521370863799975 ) ) ;
#5983 = VECTOR ( 'NONE', #718, 1000.000000000000000 ) ;
#5984 = CARTESIAN_POINT ( 'NONE',  ( 0.0003461853700004179925, -0.05000000000000000278, 3.241057000114010188E-05 ) ) ;
#5985 = ORIENTED_EDGE ( 'NONE', *, *, #2668, .F. ) ;
#5986 = CARTESIAN_POINT ( 'NONE',  ( 1.354196198255242400, -0.3371134271747163180, -1.459199067823340190 ) ) ;
#5987 = ORIENTED_EDGE ( 'NONE', *, *, #2585, .T. ) ;
#5988 = ORIENTED_EDGE ( 'NONE', *, *, #3, .T. ) ;
#5989 = CARTESIAN_POINT ( 'NONE',  ( 1.094885301944805933, -0.4387691941217055636, -1.732250313779179152 ) ) ;
#5990 = CARTESIAN_POINT ( 'NONE',  ( -1.077972718902663773, -0.9249999999999999334, 1.599967589430000281 ) ) ;
#5991 = EDGE_CURVE ( 'NONE', #4837, #3242, #2403, .T. ) ;
#5992 = EDGE_CURVE ( 'NONE', #4266, #6114, #8, .T. ) ;
#5993 = DIRECTION ( 'NONE',  ( -1.000000000000000000, 0.000000000000000000, -1.224606000000000123E-16 ) ) ;
#5994 = ADVANCED_FACE ( 'NONE', ( #3430 ), #135, .F. ) ;
#5995 = DIRECTION ( 'NONE',  ( -8.830121000000003553E-34, 0.1045284632676530545, -0.9945218953682735119 ) ) ;
#5996 = VERTEX_POINT ( 'NONE', #2864 ) ;
#5997 = ORIENTED_EDGE ( 'NONE', *, *, #3119, .F. ) ;
#5998 = CARTESIAN_POINT ( 'NONE',  ( 1.100346185370000063, -0.4387691941217052305, 1.461542789848099932 ) ) ;
#5999 = EDGE_CURVE ( 'NONE', #3205, #2599, #2955, .T. ) ;
#6000 = CARTESIAN_POINT ( 'NONE',  ( 0.1591093792301670196, -1.850000000000000533, 1.200105177038922610 ) ) ;
#6001 = FILL_AREA_STYLE_COLOUR ( '', #1728 ) ;
#6002 = CARTESIAN_POINT ( 'NONE',  ( 0.9003461853700099882, -0.6325679542733599892, 1.749271208812799960 ) ) ;
#6003 = ORIENTED_EDGE ( 'NONE', *, *, #3156, .F. ) ;
#6004 = DIRECTION ( 'NONE',  ( -0.000000000000000000, -1.000000000000000000, -0.000000000000000000 ) ) ;
#6005 = DIRECTION ( 'NONE',  ( -1.000000000000000000, -0.000000000000000000, -0.000000000000000000 ) ) ;
#6006 = DIRECTION ( 'NONE',  ( 1.000000000000000000, 0.000000000000000000, 0.000000000000000000 ) ) ;
#6007 = ORIENTED_EDGE ( 'NONE', *, *, #5907, .F. ) ;
#6008 = ORIENTED_EDGE ( 'NONE', *, *, #1214, .F. ) ;
#6009 = ORIENTED_EDGE ( 'NONE', *, *, #2475, .F. ) ;
#6010 = DIRECTION ( 'NONE',  ( 0.000000000000000000, -0.08716022863319340674, -0.9961943056174379363 ) ) ;
#6011 = CARTESIAN_POINT ( 'NONE',  ( -0.8335654176488289657, -0.9249999999999599654, 1.555086564541799721 ) ) ;
#6012 = ORIENTED_EDGE ( 'NONE', *, *, #194, .T. ) ;
#6013 = FACE_OUTER_BOUND ( 'NONE', #5784, .T. ) ;
#6014 = ORIENTED_EDGE ( 'NONE', *, *, #1655, .T. ) ;
#6015 = ADVANCED_FACE ( 'NONE', ( #503 ), #3824, .T. ) ;
#6016 = ORIENTED_EDGE ( 'NONE', *, *, #4433, .T. ) ;
#6017 = CARTESIAN_POINT ( 'NONE',  ( -1.099653814629999893, -0.5135117487342198972, -1.461477968693200014 ) ) ;
#6018 = CARTESIAN_POINT ( 'NONE',  ( -0.8363210449494026255, -0.9137803413808791575, 1.593544849998474566 ) ) ;
#6019 = CARTESIAN_POINT ( 'NONE',  ( 1.100346185370000063, -0.1930181182222899805, -1.585441994027900092 ) ) ;
#6020 = DIRECTION ( 'NONE',  ( -8.830121000000003553E-34, 0.1045284632676530545, 0.9945218953682735119 ) ) ;
#6021 = DIRECTION ( 'NONE',  ( 0.000000000000000000, 1.000000000000000000, 0.000000000000000000 ) ) ;
#6022 = EDGE_LOOP ( 'NONE', ( #3888, #271, #5928, #1526 ) ) ;
#6023 = EDGE_CURVE ( 'NONE', #5945, #1307, #4772, .T. ) ;
#6024 = ADVANCED_FACE ( 'NONE', ( #3582 ), #5461, .F. ) ;
#6025 = ORIENTED_EDGE ( 'NONE', *, *, #1750, .T. ) ;
#6026 = ADVANCED_FACE ( 'NONE', ( #630 ), #4530, .F. ) ;
#6027 = LINE ( 'NONE', #481, #1015 ) ;
#6028 = CARTESIAN_POINT ( 'NONE',  ( -1.177688975688570228, -0.9249999999999999334, 1.500032411295890045 ) ) ;
#6029 = PLANE ( 'NONE',  #1533 ) ;
#6030 = CARTESIAN_POINT ( 'NONE',  ( -1.399999999999999911, -0.9249999999999999334, 1.600098464836000156 ) ) ;
#6031 = FACE_OUTER_BOUND ( 'NONE', #5476, .T. ) ;
#6032 = EDGE_CURVE ( 'NONE', #1496, #1432, #4933, .T. ) ;
#6033 = ORIENTED_EDGE ( 'NONE', *, *, #3576, .F. ) ;
#6034 = LINE ( 'NONE', #4494, #1812 ) ;
#6035 = LINE ( 'NONE', #1800, #5181 ) ;
#6036 = CARTESIAN_POINT ( 'NONE',  ( 1.364873505967830081, -0.5875000000000000222, 0.7500324105699980315 ) ) ;
#6037 = ORIENTED_EDGE ( 'NONE', *, *, #5561, .T. ) ;
#6038 = ORIENTED_EDGE ( 'NONE', *, *, #1949, .F. ) ;
#6039 = ORIENTED_EDGE ( 'NONE', *, *, #3084, .F. ) ;
#6040 = CYLINDRICAL_SURFACE ( 'NONE', #2320, 0.2000000000000059508 ) ;
#6041 = LINE ( 'NONE', #3663, #4568 ) ;
#6042 = ORIENTED_EDGE ( 'NONE', *, *, #1911, .F. ) ;
#6043 =( BOUNDED_CURVE ( )  B_SPLINE_CURVE ( 3, ( #2150, #2120, #3488, #3970 ),
 .UNSPECIFIED., .F., .F. ) 
 B_SPLINE_CURVE_WITH_KNOTS ( ( 4, 4 ),
 ( 1.317774629118476204, 1.318115758592401932 ),
 .UNSPECIFIED. ) 
 CURVE ( )  GEOMETRIC_REPRESENTATION_ITEM ( )  RATIONAL_B_SPLINE_CURVE ( ( 1.000000000000000000, 0.9999999903025568182, 0.9999999903025568182, 1.000000000000000000 ) ) 
 REPRESENTATION_ITEM ( '' )  );
#6044 = CARTESIAN_POINT ( 'NONE',  ( -1.099653814629999893, -0.03173312393769969764, -0.8968482715346000056 ) ) ;
#6045 = VECTOR ( 'NONE', #2153, 1000.000000000000114 ) ;
#6046 = ORIENTED_EDGE ( 'NONE', *, *, #2768, .T. ) ;
#6047 = VERTEX_POINT ( 'NONE', #5924 ) ;
#6048 = FACE_OUTER_BOUND ( 'NONE', #1899, .T. ) ;
#6049 = CARTESIAN_POINT ( 'NONE',  ( -0.8333718286603963854, -0.9235621207209079309, 1.576423390617133657 ) ) ;
#6050 = B_SPLINE_CURVE_WITH_KNOTS ( 'NONE', 3,
 ( #1890, #2383, #3775, #3343 ),
 .UNSPECIFIED., .F., .F.,
 ( 4, 4 ),
 ( 0.5780550149570787832, 1.000000000000000000 ),
 .UNSPECIFIED. ) ;
#6051 = VECTOR ( 'NONE', #1275, 1000.000000000000114 ) ;
#6052 = CARTESIAN_POINT ( 'NONE',  ( -0.8296628838092591218, -1.850000000000000089, -1.429976658609299900 ) ) ;
#6053 = EDGE_CURVE ( 'NONE', #160, #4762, #3924, .T. ) ;
#6054 = CARTESIAN_POINT ( 'NONE',  ( 0.000000000000000000, -0.9249999999999999334, 0.000000000000000000 ) ) ;
#6055 = VECTOR ( 'NONE', #4629, 1000.000000000000114 ) ;
#6056 = LINE ( 'NONE', #5593, #3420 ) ;
#6057 = EDGE_LOOP ( 'NONE', ( #4617, #2267, #5704, #1404, #5065 ) ) ;
#6058 = ORIENTED_EDGE ( 'NONE', *, *, #4670, .T. ) ;
#6059 = VECTOR ( 'NONE', #3481, 1000.000000000000000 ) ;
#6060 = CARTESIAN_POINT ( 'NONE',  ( -1.342372006410210039, -0.1800000000000000211, -0.6599675894300019996 ) ) ;
#6061 = CARTESIAN_POINT ( 'NONE',  ( 0.8288753014771099714, -0.9249999999999999334, -1.726365536148700031 ) ) ;
#6062 = EDGE_CURVE ( 'NONE', #2876, #4789, #4864, .T. ) ;
#6063 = VECTOR ( 'NONE', #5188, 1000.000000000000114 ) ;
#6064 = ORIENTED_EDGE ( 'NONE', *, *, #4552, .T. ) ;
#6065 = DIRECTION ( 'NONE',  ( 1.000000000000000000, 0.000000000000000000, -5.163162771627929810E-16 ) ) ;
#6066 = VECTOR ( 'NONE', #3020, 1000.000000000000114 ) ;
#6067 = CARTESIAN_POINT ( 'NONE',  ( 0.3399153838292699459, -0.6500000000000000222, 1.500032410570000030 ) ) ;
#6068 = ORIENTED_EDGE ( 'NONE', *, *, #1876, .T. ) ;
#6069 = CARTESIAN_POINT ( 'NONE',  ( 0.3188188903998199764, -1.027301870048620058, 1.642574483375000005 ) ) ;
#6070 = VECTOR ( 'NONE', #3243, 1000.000000000000000 ) ;
#6071 = VECTOR ( 'NONE', #2986, 1000.000000000000000 ) ;
#6072 = EDGE_CURVE ( 'NONE', #402, #4837, #5409, .T. ) ;
#6073 = CARTESIAN_POINT ( 'NONE',  ( 1.324736203001076751, 0.04100225287148224346, -0.6367393166499223378 ) ) ;
#6074 = VECTOR ( 'NONE', #578, 1000.000000000000000 ) ;
#6075 = CARTESIAN_POINT ( 'NONE',  ( -0.8246538146299998706, -0.9537363479935599964, -1.700033643681099882 ) ) ;
#6076 = ORIENTED_EDGE ( 'NONE', *, *, #4137, .T. ) ;
#6077 = VECTOR ( 'NONE', #4519, 1000.000000000000114 ) ;
#6078 = VERTEX_POINT ( 'NONE', #684 ) ;
#6079 = ORIENTED_EDGE ( 'NONE', *, *, #341, .F. ) ;
#6080 = VECTOR ( 'NONE', #3802, 1000.000000000000114 ) ;
#6081 = PLANE ( 'NONE',  #1218 ) ;
#6082 = FILL_AREA_STYLE ('',( #2770 ) ) ;
#6083 = PLANE ( 'NONE',  #3186 ) ;
#6084 = ORIENTED_EDGE ( 'NONE', *, *, #5907, .T. ) ;
#6085 = DIRECTION ( 'NONE',  ( 1.000000000000000000, 0.000000000000000000, 0.000000000000000000 ) ) ;
#6086 = ORIENTED_EDGE ( 'NONE', *, *, #4775, .T. ) ;
#6087 = CARTESIAN_POINT ( 'NONE',  ( -0.3227026268856315050, -0.9475190765926108094, 1.550032410577399933 ) ) ;
#6088 = DIRECTION ( 'NONE',  ( 0.9968756652439707544, -0.07898675866492370357, 0.000000000000000000 ) ) ;
#6089 = CARTESIAN_POINT ( 'NONE',  ( 0.3092664197633357426, -0.8779522428764562347, -1.619942234362621969 ) ) ;
#6090 = CARTESIAN_POINT ( 'NONE',  ( 1.400346185369999885, -0.9249999999999999334, -1.599967589430000059 ) ) ;
#6091 = DIRECTION ( 'NONE',  ( -0.7087801912005959881, -2.076439203165929952E-32, 0.7054294015432349685 ) ) ;
#6092 = VECTOR ( 'NONE', #5644, 1000.000000000000000 ) ;
#6093 = ORIENTED_EDGE ( 'NONE', *, *, #2968, .T. ) ;
#6094 = ORIENTED_EDGE ( 'NONE', *, *, #1578, .F. ) ;
#6095 = DIRECTION ( 'NONE',  ( 0.07898675866492370357, 0.9968756652439707544, 0.000000000000000000 ) ) ;
#6096 = DIRECTION ( 'NONE',  ( -4.761750516201572421E-23, -0.08716022863319203284, -0.9961943056174381583 ) ) ;
#6097 = CARTESIAN_POINT ( 'NONE',  ( 1.100346185370000063, -0.3930181182222899916, -1.585441994027900092 ) ) ;
#6098 = ORIENTED_EDGE ( 'NONE', *, *, #5638, .F. ) ;
#6099 = DIRECTION ( 'NONE',  ( -1.000000000000000000, 0.000000000000000000, -1.224606000000000123E-16 ) ) ;
#6100 = FACE_OUTER_BOUND ( 'NONE', #882, .T. ) ;
#6101 = EDGE_CURVE ( 'NONE', #3443, #1507, #285, .T. ) ;
#6102 = ORIENTED_EDGE ( 'NONE', *, *, #646, .F. ) ;
#6103 = CARTESIAN_POINT ( 'NONE',  ( -0.8255109250102399265, -0.9657079226522899962, -1.713098383932700086 ) ) ;
#6104 = CARTESIAN_POINT ( 'NONE',  ( 1.399999999999999911, -1.050000000000000044, -1.752467526534499997 ) ) ;
#6105 = DIRECTION ( 'NONE',  ( -7.055493693894561243E-15, -0.9961943056174380473, 0.08716022863319200509 ) ) ;
#6106 = ORIENTED_EDGE ( 'NONE', *, *, #5139, .F. ) ;
#6107 = ORIENTED_EDGE ( 'NONE', *, *, #2996, .T. ) ;
#6108 = EDGE_CURVE ( 'NONE', #3579, #192, #752, .T. ) ;
#6109 = EDGE_CURVE ( 'NONE', #295, #5177, #1568, .T. ) ;
#6110 = ORIENTED_EDGE ( 'NONE', *, *, #5882, .T. ) ;
#6111 = EDGE_CURVE ( 'NONE', #1415, #2943, #6043, .T. ) ;
#6112 = DIRECTION ( 'NONE',  ( 0.000000000000000000, -0.7071067811865475727, 0.7071067811865475727 ) ) ;
#6113 = CARTESIAN_POINT ( 'NONE',  ( 0.8266874404702299062, -0.9605281700758939722, -1.716772357208069977 ) ) ;
#6114 = VERTEX_POINT ( 'NONE', #221 ) ;
#6115 = CARTESIAN_POINT ( 'NONE',  ( 0.9003461853700209794, -0.8325679542733599448, -1.749206387657999962 ) ) ;
#6116 = ORIENTED_EDGE ( 'NONE', *, *, #1492, .T. ) ;
#6117 = EDGE_CURVE ( 'NONE', #4480, #1990, #1159, .T. ) ;
#6118 = LINE ( 'NONE', #3306, #2617 ) ;
#6119 = PLANE ( 'NONE',  #2734 ) ;
#6120 = CARTESIAN_POINT ( 'NONE',  ( -0.2556863204146244128, -0.9007839149129427403, 1.605459443108841810 ) ) ;
#6121 = DIRECTION ( 'NONE',  ( 1.000000000000000000, 0.000000000000000000, -4.779941525138721401E-23 ) ) ;
#6122 = CARTESIAN_POINT ( 'NONE',  ( 1.077773610167350071, -1.050000000000000044, 1.600098464836000156 ) ) ;
#6123 = ORIENTED_EDGE ( 'NONE', *, *, #1113, .F. ) ;
#6124 = ORIENTED_EDGE ( 'NONE', *, *, #4730, .F. ) ;
#6125 = CARTESIAN_POINT ( 'NONE',  ( -1.399999999999999911, -0.9206308655165803545, -1.499541280188456227 ) ) ;
#6126 = DIRECTION ( 'NONE',  ( -1.000000000000000000, 0.000000000000000000, 4.779941512765678277E-23 ) ) ;
#6127 = EDGE_LOOP ( 'NONE', ( #2555, #6014, #1399, #1276, #3819 ) ) ;
#6128 = CARTESIAN_POINT ( 'NONE',  ( -0.2250075614531600043, -0.9855704384896400994, 1.697071989309300033 ) ) ;
#6129 = CARTESIAN_POINT ( 'NONE',  ( -0.3131721624240334512, -0.8899076346168263152, -1.614609683145728614 ) ) ;
#6130 = EDGE_LOOP ( 'NONE', ( #3861, #911, #4399, #3377 ) ) ;
#6131 = CARTESIAN_POINT ( 'NONE',  ( 1.338776564998479968, -0.1392041924772199901, 0.6557445984182416199 ) ) ;
#6132 = LINE ( 'NONE', #1960, #1422 ) ;
#6133 = EDGE_CURVE ( 'NONE', #5978, #3422, #2179, .T. ) ;
#6134 = LINE ( 'NONE', #2855, #5670 ) ;
ENDSEC;
END-ISO-10303-21;
