ISO-10303-21;
HEADER;
FILE_DESCRIPTION(('FreeCAD Model'),'2;1');
FILE_NAME('Open CASCADE Shape Model','2022-10-10T22:38:26',('Author'),(
    ''),'Open CASCADE STEP processor 7.6','FreeCAD','Unknown');
FILE_SCHEMA(('AUTOMOTIVE_DESIGN { 1 0 10303 214 1 1 1 1 }'));
ENDSEC;
DATA;
#1 = APPLICATION_PROTOCOL_DEFINITION('international standard',
  'automotive_design',2000,#2);
#2 = APPLICATION_CONTEXT(
  'core data for automotive mechanical design processes');
#3 = SHAPE_DEFINITION_REPRESENTATION(#4,#10);
#4 = PRODUCT_DEFINITION_SHAPE('','',#5);
#5 = PRODUCT_DEFINITION('design','',#6,#9);
#6 = PRODUCT_DEFINITION_FORMATION('','',#7);
#7 = PRODUCT('KLDX_SMT2_0202_BTR_rB5','KLDX_SMT2_0202_BTR_rB5','',(#8));
#8 = PRODUCT_CONTEXT('',#2,'mechanical');
#9 = PRODUCT_DEFINITION_CONTEXT('part definition',#2,'design');
#10 = SHAPE_REPRESENTATION('',(#11,#15,#73,#120,#167,#225,#272,#319,#366
    ,#413,#460,#507,#605,#647,#1171,#1218,#1260,#1307,#1719,#2165,#2271,
    #2318,#2512,#2559,#2739,#2802,#2858,#2924,#3470,#3770,#3812,#4038,
    #4080,#4186,#4422,#4464,#4506,#4548,#4590,#4664,#4705,#4752,#4799,
    #4840,#4890,#4937,#4984,#5034,#5081,#5128,#5266,#5308,#5355,#5397,
    #5444,#5486,#5640,#5687,#5734,#6258,#6305,#6443,#6490,#6548,#6595,
    #6637,#6735,#6777,#7373,#7424,#7546,#7668,#7790,#7837,#7879,#7921,
    #7963,#8010,#8132,#8179,#8221,#8263,#8305,#8352,#8474,#8596,#8862,
    #8920,#8967,#9009,#9056,#9098,#9140,#9182,#9229,#9271,#9318,#9504,
    #9690,#9756,#9798,#9888,#9930,#10052,#10142,#10193,#10235,#10277,
    #10324,#10380,#10427,#10474,#10521,#10568,#10615,#10662,#10709),
  #10756);
#11 = AXIS2_PLACEMENT_3D('',#12,#13,#14);
#12 = CARTESIAN_POINT('',(0.,0.,0.));
#13 = DIRECTION('',(0.,0.,1.));
#14 = DIRECTION('',(1.,0.,-0.));
#15 = SHELL_BASED_SURFACE_MODEL('',(#16));
#16 = OPEN_SHELL('',(#17));
#17 = ADVANCED_FACE('',(#18),#56,.T.);
#18 = FACE_BOUND('',#19,.T.);
#19 = EDGE_LOOP('',(#20,#31,#40,#49));
#20 = ORIENTED_EDGE('',*,*,#21,.T.);
#21 = EDGE_CURVE('',#22,#24,#26,.T.);
#22 = VERTEX_POINT('',#23);
#23 = CARTESIAN_POINT('',(1.15,6.5,-14.05));
#24 = VERTEX_POINT('',#25);
#25 = CARTESIAN_POINT('',(-1.15,6.5,-14.05));
#26 = CIRCLE('',#27,1.15);
#27 = AXIS2_PLACEMENT_3D('',#28,#29,#30);
#28 = CARTESIAN_POINT('',(0.,6.5,-14.05));
#29 = DIRECTION('',(0.,0.,1.));
#30 = DIRECTION('',(1.,0.,-0.));
#31 = ORIENTED_EDGE('',*,*,#32,.T.);
#32 = EDGE_CURVE('',#24,#33,#35,.T.);
#33 = VERTEX_POINT('',#34);
#34 = CARTESIAN_POINT('',(-1.4,6.5,-13.8));
#35 = CIRCLE('',#36,0.25);
#36 = AXIS2_PLACEMENT_3D('',#37,#38,#39);
#37 = CARTESIAN_POINT('',(-1.15,6.5,-13.8));
#38 = DIRECTION('',(1.224646799147E-16,1.,6.123233995737E-17));
#39 = DIRECTION('',(-6.123233995737E-17,6.123233995737E-17,-1.));
#40 = ORIENTED_EDGE('',*,*,#41,.T.);
#41 = EDGE_CURVE('',#33,#42,#44,.T.);
#42 = VERTEX_POINT('',#43);
#43 = CARTESIAN_POINT('',(1.4,6.5,-13.8));
#44 = CIRCLE('',#45,1.4);
#45 = AXIS2_PLACEMENT_3D('',#46,#47,#48);
#46 = CARTESIAN_POINT('',(8.673617379883E-16,6.5,-13.8));
#47 = DIRECTION('',(0.,-6.982962677686E-15,-1.));
#48 = DIRECTION('',(-1.,-6.982962677686E-15,4.876176775796E-29));
#49 = ORIENTED_EDGE('',*,*,#50,.T.);
#50 = EDGE_CURVE('',#42,#22,#51,.T.);
#51 = CIRCLE('',#52,0.25);
#52 = AXIS2_PLACEMENT_3D('',#53,#54,#55);
#53 = CARTESIAN_POINT('',(1.15,6.5,-13.8));
#54 = DIRECTION('',(0.,1.,6.123233995737E-17));
#55 = DIRECTION('',(1.,0.,-0.));
#56 = ( BOUNDED_SURFACE() B_SPLINE_SURFACE(3,3,(
    (#57,#58,#59,#60)
    ,(#61,#62,#63,#64)
    ,(#65,#66,#67,#68)
    ,(#69,#70,#71,#72
)),.UNSPECIFIED.,.F.,.F.,.F.) B_SPLINE_SURFACE_WITH_KNOTS((4,4),(4,4),(
    0.,1.),(0.,1.),.PIECEWISE_BEZIER_KNOTS.) 
GEOMETRIC_REPRESENTATION_ITEM() RATIONAL_B_SPLINE_SURFACE((
    (1.,0.333333333333,0.333333333333,1.)
    ,(0.755320871118,0.251773623706,0.251773623706,0.755320871118)
    ,(0.755320871118,0.251773623706,0.251773623706,0.755320871118)
,(1.,0.333333333333,0.333333333333,1.
))) REPRESENTATION_ITEM('') SURFACE() );
#57 = CARTESIAN_POINT('',(1.398751041,6.5,-13.775041646));
#58 = CARTESIAN_POINT('',(1.398751041,9.297502083,-13.775041646));
#59 = CARTESIAN_POINT('',(-1.398751041,9.297502083,-13.775041646));
#60 = CARTESIAN_POINT('',(-1.398751041,6.5,-13.775041646));
#61 = CARTESIAN_POINT('',(1.415805106,6.5,-13.945013441));
#62 = CARTESIAN_POINT('',(1.415805106,9.331610211,-13.945013441));
#63 = CARTESIAN_POINT('',(-1.415805106,9.331610211,-13.945013441));
#64 = CARTESIAN_POINT('',(-1.415805106,6.5,-13.945013441));
#65 = CARTESIAN_POINT('',(1.295013441,6.5,-14.065805106));
#66 = CARTESIAN_POINT('',(1.295013441,9.090026883,-14.065805106));
#67 = CARTESIAN_POINT('',(-1.295013441,9.090026883,-14.065805106));
#68 = CARTESIAN_POINT('',(-1.295013441,6.5,-14.065805106));
#69 = CARTESIAN_POINT('',(1.125041646,6.5,-14.048751041));
#70 = CARTESIAN_POINT('',(1.125041646,8.750083292,-14.048751041));
#71 = CARTESIAN_POINT('',(-1.125041646,8.750083292,-14.048751041));
#72 = CARTESIAN_POINT('',(-1.125041646,6.5,-14.048751041));
#73 = SHELL_BASED_SURFACE_MODEL('',(#74));
#74 = OPEN_SHELL('',(#75));
#75 = ADVANCED_FACE('',(#76),#112,.T.);
#76 = FACE_BOUND('',#77,.T.);
#77 = EDGE_LOOP('',(#78,#88,#97,#105));
#78 = ORIENTED_EDGE('',*,*,#79,.F.);
#79 = EDGE_CURVE('',#80,#82,#84,.T.);
#80 = VERTEX_POINT('',#81);
#81 = CARTESIAN_POINT('',(2.42,6.5,-13.4));
#82 = VERTEX_POINT('',#83);
#83 = CARTESIAN_POINT('',(2.42,6.5,-13.8));
#84 = LINE('',#85,#86);
#85 = CARTESIAN_POINT('',(2.42,6.5,-13.4));
#86 = VECTOR('',#87,1.);
#87 = DIRECTION('',(0.,0.,-1.));
#88 = ORIENTED_EDGE('',*,*,#89,.F.);
#89 = EDGE_CURVE('',#90,#80,#92,.T.);
#90 = VERTEX_POINT('',#91);
#91 = CARTESIAN_POINT('',(-2.42,6.5,-13.4));
#92 = CIRCLE('',#93,2.42);
#93 = AXIS2_PLACEMENT_3D('',#94,#95,#96);
#94 = CARTESIAN_POINT('',(-8.673617379885E-16,6.5,-13.4));
#95 = DIRECTION('',(0.,-6.982962677686E-15,-1.));
#96 = DIRECTION('',(-1.,-6.982962677686E-15,4.876176775796E-29));
#97 = ORIENTED_EDGE('',*,*,#98,.F.);
#98 = EDGE_CURVE('',#99,#90,#101,.T.);
#99 = VERTEX_POINT('',#100);
#100 = CARTESIAN_POINT('',(-2.42,6.5,-13.8));
#101 = LINE('',#102,#103);
#102 = CARTESIAN_POINT('',(-2.42,6.5,-13.8));
#103 = VECTOR('',#104,1.);
#104 = DIRECTION('',(0.,0.,1.));
#105 = ORIENTED_EDGE('',*,*,#106,.F.);
#106 = EDGE_CURVE('',#82,#99,#107,.T.);
#107 = CIRCLE('',#108,2.42);
#108 = AXIS2_PLACEMENT_3D('',#109,#110,#111);
#109 = CARTESIAN_POINT('',(0.,6.5,-13.8));
#110 = DIRECTION('',(0.,0.,1.));
#111 = DIRECTION('',(1.,0.,-0.));
#112 = SURFACE_OF_REVOLUTION('',#113,#117);
#113 = LINE('',#114,#115);
#114 = CARTESIAN_POINT('',(2.42,6.5,-13.8));
#115 = VECTOR('',#116,1.);
#116 = DIRECTION('',(0.,0.,1.));
#117 = AXIS1_PLACEMENT('',#118,#119);
#118 = CARTESIAN_POINT('',(0.,6.5,-13.8));
#119 = DIRECTION('',(0.,0.,-1.));
#120 = SHELL_BASED_SURFACE_MODEL('',(#121));
#121 = OPEN_SHELL('',(#122));
#122 = ADVANCED_FACE('',(#123),#159,.T.);
#123 = FACE_BOUND('',#124,.T.);
#124 = EDGE_LOOP('',(#125,#135,#144,#152));
#125 = ORIENTED_EDGE('',*,*,#126,.F.);
#126 = EDGE_CURVE('',#127,#129,#131,.T.);
#127 = VERTEX_POINT('',#128);
#128 = CARTESIAN_POINT('',(1.65195035503,4.731537383968,-13.4));
#129 = VERTEX_POINT('',#130);
#130 = CARTESIAN_POINT('',(1.651950355,4.731537384,-13.8));
#131 = LINE('',#132,#133);
#132 = CARTESIAN_POINT('',(1.651950355,4.731537384,-13.4));
#133 = VECTOR('',#134,1.);
#134 = DIRECTION('',(0.,0.,-1.));
#135 = ORIENTED_EDGE('',*,*,#136,.F.);
#136 = EDGE_CURVE('',#137,#127,#139,.T.);
#137 = VERTEX_POINT('',#138);
#138 = CARTESIAN_POINT('',(2.42,6.5,-13.4));
#139 = CIRCLE('',#140,2.42);
#140 = AXIS2_PLACEMENT_3D('',#141,#142,#143);
#141 = CARTESIAN_POINT('',(3.608224830035E-16,6.5,-13.4));
#142 = DIRECTION('',(-5.102937375123E-15,-4.766738707286E-15,-1.));
#143 = DIRECTION('',(1.,-1.360023205166E-14,-5.102937375122E-15));
#144 = ORIENTED_EDGE('',*,*,#145,.F.);
#145 = EDGE_CURVE('',#146,#137,#148,.T.);
#146 = VERTEX_POINT('',#147);
#147 = CARTESIAN_POINT('',(2.419999999956,6.5,-13.8));
#148 = LINE('',#149,#150);
#149 = CARTESIAN_POINT('',(2.42,6.5,-13.8));
#150 = VECTOR('',#151,1.);
#151 = DIRECTION('',(0.,0.,1.));
#152 = ORIENTED_EDGE('',*,*,#153,.F.);
#153 = EDGE_CURVE('',#129,#146,#154,.T.);
#154 = CIRCLE('',#155,2.419999999912);
#155 = AXIS2_PLACEMENT_3D('',#156,#157,#158);
#156 = CARTESIAN_POINT('',(0.,6.5,-13.8));
#157 = DIRECTION('',(0.,0.,1.));
#158 = DIRECTION('',(1.,0.,-0.));
#159 = SURFACE_OF_REVOLUTION('',#160,#164);
#160 = LINE('',#161,#162);
#161 = CARTESIAN_POINT('',(2.42,6.5,-13.8));
#162 = VECTOR('',#163,1.);
#163 = DIRECTION('',(0.,0.,1.));
#164 = AXIS1_PLACEMENT('',#165,#166);
#165 = CARTESIAN_POINT('',(0.,6.5,-13.8));
#166 = DIRECTION('',(0.,0.,-1.));
#167 = SHELL_BASED_SURFACE_MODEL('',(#168));
#168 = OPEN_SHELL('',(#169));
#169 = ADVANCED_FACE('',(#170),#208,.T.);
#170 = FACE_BOUND('',#171,.T.);
#171 = EDGE_LOOP('',(#172,#183,#192,#201));
#172 = ORIENTED_EDGE('',*,*,#173,.T.);
#173 = EDGE_CURVE('',#174,#176,#178,.T.);
#174 = VERTEX_POINT('',#175);
#175 = CARTESIAN_POINT('',(-0.85,6.5,-0.85));
#176 = VERTEX_POINT('',#177);
#177 = CARTESIAN_POINT('',(0.85,6.5,-0.85));
#178 = CIRCLE('',#179,0.85);
#179 = AXIS2_PLACEMENT_3D('',#180,#181,#182);
#180 = CARTESIAN_POINT('',(-8.673617379885E-16,6.5,-0.85));
#181 = DIRECTION('',(0.,-6.982962677686E-15,-1.));
#182 = DIRECTION('',(-1.,-6.982962677686E-15,4.876176775796E-29));
#183 = ORIENTED_EDGE('',*,*,#184,.T.);
#184 = EDGE_CURVE('',#176,#185,#187,.T.);
#185 = VERTEX_POINT('',#186);
#186 = CARTESIAN_POINT('',(1.25,6.5,-1.25));
#187 = CIRCLE('',#188,0.4);
#188 = AXIS2_PLACEMENT_3D('',#189,#190,#191);
#189 = CARTESIAN_POINT('',(0.85,6.5,-1.25));
#190 = DIRECTION('',(-1.224646799147E-16,1.,6.123233995737E-17));
#191 = DIRECTION('',(1.390469301542E-14,-6.123233995737E-17,1.));
#192 = ORIENTED_EDGE('',*,*,#193,.T.);
#193 = EDGE_CURVE('',#185,#194,#196,.T.);
#194 = VERTEX_POINT('',#195);
#195 = CARTESIAN_POINT('',(-1.25,6.5,-1.25));
#196 = CIRCLE('',#197,1.25);
#197 = AXIS2_PLACEMENT_3D('',#198,#199,#200);
#198 = CARTESIAN_POINT('',(0.,6.5,-1.25));
#199 = DIRECTION('',(0.,0.,1.));
#200 = DIRECTION('',(1.,0.,-0.));
#201 = ORIENTED_EDGE('',*,*,#202,.T.);
#202 = EDGE_CURVE('',#194,#174,#203,.T.);
#203 = CIRCLE('',#204,0.4);
#204 = AXIS2_PLACEMENT_3D('',#205,#206,#207);
#205 = CARTESIAN_POINT('',(-0.85,6.5,-1.25));
#206 = DIRECTION('',(0.,1.,6.123233995737E-17));
#207 = DIRECTION('',(-1.,-4.275831445897E-31,6.982962677686E-15));
#208 = ( BOUNDED_SURFACE() B_SPLINE_SURFACE(3,3,(
    (#209,#210,#211,#212)
    ,(#213,#214,#215,#216)
    ,(#217,#218,#219,#220)
    ,(#221,#222,#223,#224
)),.UNSPECIFIED.,.F.,.F.,.F.) B_SPLINE_SURFACE_WITH_KNOTS((4,4),(4,4),(
    0.,1.),(0.,1.),.PIECEWISE_BEZIER_KNOTS.) 
GEOMETRIC_REPRESENTATION_ITEM() RATIONAL_B_SPLINE_SURFACE((
    (1.,0.333333333333,0.333333333333,1.)
    ,(0.755320871118,0.251773623706,0.251773623706,0.755320871118)
    ,(0.755320871118,0.251773623706,0.251773623706,0.755320871118)
,(1.,0.333333333333,0.333333333333,1.
))) REPRESENTATION_ITEM('') SURFACE() );
#209 = CARTESIAN_POINT('',(-1.248001666,6.5,-1.289933367));
#210 = CARTESIAN_POINT('',(-1.248001666,8.996003332,-1.289933367));
#211 = CARTESIAN_POINT('',(1.248001666,8.996003332,-1.289933367));
#212 = CARTESIAN_POINT('',(1.248001666,6.5,-1.289933367));
#213 = CARTESIAN_POINT('',(-1.275288169,6.5,-1.017978494));
#214 = CARTESIAN_POINT('',(-1.275288169,9.050576338,-1.017978494));
#215 = CARTESIAN_POINT('',(1.275288169,9.050576338,-1.017978494));
#216 = CARTESIAN_POINT('',(1.275288169,6.5,-1.017978494));
#217 = CARTESIAN_POINT('',(-1.082021506,6.5,-0.824711831));
#218 = CARTESIAN_POINT('',(-1.082021506,8.664043012,-0.824711831));
#219 = CARTESIAN_POINT('',(1.082021506,8.664043012,-0.824711831));
#220 = CARTESIAN_POINT('',(1.082021506,6.5,-0.824711831));
#221 = CARTESIAN_POINT('',(-0.810066633,6.5,-0.851998334));
#222 = CARTESIAN_POINT('',(-0.810066633,8.120133267,-0.851998334));
#223 = CARTESIAN_POINT('',(0.810066633,8.120133267,-0.851998334));
#224 = CARTESIAN_POINT('',(0.810066633,6.5,-0.851998334));
#225 = SHELL_BASED_SURFACE_MODEL('',(#226));
#226 = OPEN_SHELL('',(#227));
#227 = ADVANCED_FACE('',(#228),#264,.T.);
#228 = FACE_BOUND('',#229,.T.);
#229 = EDGE_LOOP('',(#230,#240,#249,#257));
#230 = ORIENTED_EDGE('',*,*,#231,.F.);
#231 = EDGE_CURVE('',#232,#234,#236,.T.);
#232 = VERTEX_POINT('',#233);
#233 = CARTESIAN_POINT('',(-1.25,6.5,-9.15));
#234 = VERTEX_POINT('',#235);
#235 = CARTESIAN_POINT('',(-1.25,6.5,-1.25));
#236 = LINE('',#237,#238);
#237 = CARTESIAN_POINT('',(-1.25,6.5,-9.15));
#238 = VECTOR('',#239,1.);
#239 = DIRECTION('',(0.,0.,1.));
#240 = ORIENTED_EDGE('',*,*,#241,.F.);
#241 = EDGE_CURVE('',#242,#232,#244,.T.);
#242 = VERTEX_POINT('',#243);
#243 = CARTESIAN_POINT('',(1.25,6.5,-9.15));
#244 = CIRCLE('',#245,1.25);
#245 = AXIS2_PLACEMENT_3D('',#246,#247,#248);
#246 = CARTESIAN_POINT('',(0.,6.5,-9.15));
#247 = DIRECTION('',(0.,0.,1.));
#248 = DIRECTION('',(1.,0.,-0.));
#249 = ORIENTED_EDGE('',*,*,#250,.F.);
#250 = EDGE_CURVE('',#251,#242,#253,.T.);
#251 = VERTEX_POINT('',#252);
#252 = CARTESIAN_POINT('',(1.25,6.5,-1.25));
#253 = LINE('',#254,#255);
#254 = CARTESIAN_POINT('',(1.25,6.5,-1.25));
#255 = VECTOR('',#256,1.);
#256 = DIRECTION('',(0.,0.,-1.));
#257 = ORIENTED_EDGE('',*,*,#258,.F.);
#258 = EDGE_CURVE('',#234,#251,#259,.T.);
#259 = CIRCLE('',#260,1.25);
#260 = AXIS2_PLACEMENT_3D('',#261,#262,#263);
#261 = CARTESIAN_POINT('',(-8.673617379885E-16,6.5,-1.25));
#262 = DIRECTION('',(0.,-6.982962677686E-15,-1.));
#263 = DIRECTION('',(-1.,-6.982962677686E-15,4.876176775796E-29));
#264 = SURFACE_OF_REVOLUTION('',#265,#269);
#265 = LINE('',#266,#267);
#266 = CARTESIAN_POINT('',(-1.25,6.5,-1.25));
#267 = VECTOR('',#268,1.);
#268 = DIRECTION('',(0.,0.,-1.));
#269 = AXIS1_PLACEMENT('',#270,#271);
#270 = CARTESIAN_POINT('',(0.,6.5,3.535533906));
#271 = DIRECTION('',(0.,0.,1.));
#272 = SHELL_BASED_SURFACE_MODEL('',(#273));
#273 = OPEN_SHELL('',(#274));
#274 = ADVANCED_FACE('',(#275),#311,.T.);
#275 = FACE_BOUND('',#276,.T.);
#276 = EDGE_LOOP('',(#277,#287,#296,#304));
#277 = ORIENTED_EDGE('',*,*,#278,.F.);
#278 = EDGE_CURVE('',#279,#281,#283,.T.);
#279 = VERTEX_POINT('',#280);
#280 = CARTESIAN_POINT('',(-1.6,6.5,-9.6));
#281 = VERTEX_POINT('',#282);
#282 = CARTESIAN_POINT('',(-1.6,6.5,-9.15));
#283 = LINE('',#284,#285);
#284 = CARTESIAN_POINT('',(-1.6,6.5,-9.6));
#285 = VECTOR('',#286,1.);
#286 = DIRECTION('',(0.,0.,1.));
#287 = ORIENTED_EDGE('',*,*,#288,.F.);
#288 = EDGE_CURVE('',#289,#279,#291,.T.);
#289 = VERTEX_POINT('',#290);
#290 = CARTESIAN_POINT('',(1.6,6.5,-9.6));
#291 = CIRCLE('',#292,1.6);
#292 = AXIS2_PLACEMENT_3D('',#293,#294,#295);
#293 = CARTESIAN_POINT('',(0.,6.5,-9.6));
#294 = DIRECTION('',(0.,0.,1.));
#295 = DIRECTION('',(1.,0.,-0.));
#296 = ORIENTED_EDGE('',*,*,#297,.F.);
#297 = EDGE_CURVE('',#298,#289,#300,.T.);
#298 = VERTEX_POINT('',#299);
#299 = CARTESIAN_POINT('',(1.6,6.5,-9.15));
#300 = LINE('',#301,#302);
#301 = CARTESIAN_POINT('',(1.6,6.5,-9.15));
#302 = VECTOR('',#303,1.);
#303 = DIRECTION('',(0.,0.,-1.));
#304 = ORIENTED_EDGE('',*,*,#305,.F.);
#305 = EDGE_CURVE('',#281,#298,#306,.T.);
#306 = CIRCLE('',#307,1.6);
#307 = AXIS2_PLACEMENT_3D('',#308,#309,#310);
#308 = CARTESIAN_POINT('',(-8.673617379885E-16,6.5,-9.15));
#309 = DIRECTION('',(0.,-6.982962677686E-15,-1.));
#310 = DIRECTION('',(-1.,-6.982962677686E-15,4.876176775796E-29));
#311 = SURFACE_OF_REVOLUTION('',#312,#316);
#312 = LINE('',#313,#314);
#313 = CARTESIAN_POINT('',(-1.6,6.5,-9.15));
#314 = VECTOR('',#315,1.);
#315 = DIRECTION('',(0.,0.,-1.));
#316 = AXIS1_PLACEMENT('',#317,#318);
#317 = CARTESIAN_POINT('',(0.,6.5,-9.15));
#318 = DIRECTION('',(0.,0.,1.));
#319 = SHELL_BASED_SURFACE_MODEL('',(#320));
#320 = OPEN_SHELL('',(#321));
#321 = ADVANCED_FACE('',(#322),#358,.T.);
#322 = FACE_BOUND('',#323,.T.);
#323 = EDGE_LOOP('',(#324,#335,#343,#352));
#324 = ORIENTED_EDGE('',*,*,#325,.F.);
#325 = EDGE_CURVE('',#326,#328,#330,.T.);
#326 = VERTEX_POINT('',#327);
#327 = CARTESIAN_POINT('',(-3.25,6.5,-9.6));
#328 = VERTEX_POINT('',#329);
#329 = CARTESIAN_POINT('',(3.25,6.5,-9.6));
#330 = CIRCLE('',#331,3.25);
#331 = AXIS2_PLACEMENT_3D('',#332,#333,#334);
#332 = CARTESIAN_POINT('',(0.,6.5,-9.6));
#333 = DIRECTION('',(0.,0.,1.));
#334 = DIRECTION('',(1.,0.,-0.));
#335 = ORIENTED_EDGE('',*,*,#336,.F.);
#336 = EDGE_CURVE('',#337,#326,#339,.T.);
#337 = VERTEX_POINT('',#338);
#338 = CARTESIAN_POINT('',(-3.25,6.5,5.399432363961E-29));
#339 = LINE('',#340,#341);
#340 = CARTESIAN_POINT('',(-3.25,6.5,0.));
#341 = VECTOR('',#342,1.);
#342 = DIRECTION('',(0.,0.,-1.));
#343 = ORIENTED_EDGE('',*,*,#344,.F.);
#344 = EDGE_CURVE('',#345,#337,#347,.T.);
#345 = VERTEX_POINT('',#346);
#346 = CARTESIAN_POINT('',(3.25,6.5,-1.058710667937E-28));
#347 = CIRCLE('',#348,3.25);
#348 = AXIS2_PLACEMENT_3D('',#349,#350,#351);
#349 = CARTESIAN_POINT('',(0.,6.5,-5.048709793414E-29));
#350 = DIRECTION('',(0.,6.982962677686E-15,-1.));
#351 = DIRECTION('',(1.,-7.105427357601E-15,-4.961693404714E-29));
#352 = ORIENTED_EDGE('',*,*,#353,.F.);
#353 = EDGE_CURVE('',#328,#345,#354,.T.);
#354 = LINE('',#355,#356);
#355 = CARTESIAN_POINT('',(3.25,6.5,-9.6));
#356 = VECTOR('',#357,1.);
#357 = DIRECTION('',(0.,0.,1.));
#358 = SURFACE_OF_REVOLUTION('',#359,#363);
#359 = LINE('',#360,#361);
#360 = CARTESIAN_POINT('',(3.25,6.5,-9.6));
#361 = VECTOR('',#362,1.);
#362 = DIRECTION('',(0.,0.,1.));
#363 = AXIS1_PLACEMENT('',#364,#365);
#364 = CARTESIAN_POINT('',(0.,6.5,-9.6));
#365 = DIRECTION('',(0.,0.,-1.));
#366 = SHELL_BASED_SURFACE_MODEL('',(#367));
#367 = OPEN_SHELL('',(#368));
#368 = ADVANCED_FACE('',(#369),#405,.T.);
#369 = FACE_BOUND('',#370,.T.);
#370 = EDGE_LOOP('',(#371,#381,#390,#398));
#371 = ORIENTED_EDGE('',*,*,#372,.F.);
#372 = EDGE_CURVE('',#373,#375,#377,.T.);
#373 = VERTEX_POINT('',#374);
#374 = CARTESIAN_POINT('',(-1.01861082232E-02,-0.3,-8.650000000223));
#375 = VERTEX_POINT('',#376);
#376 = CARTESIAN_POINT('',(-1.018610822318E-02,-1.1,-8.899999999777));
#377 = LINE('',#378,#379);
#378 = CARTESIAN_POINT('',(-1.0186108E-02,-0.3,-8.65));
#379 = VECTOR('',#380,1.);
#380 = DIRECTION('',(0.,-0.954479978035,-0.298274993136));
#381 = ORIENTED_EDGE('',*,*,#382,.F.);
#382 = EDGE_CURVE('',#383,#373,#385,.T.);
#383 = VERTEX_POINT('',#384);
#384 = CARTESIAN_POINT('',(-1.018610822319E-02,-0.3,-10.35000000022));
#385 = CIRCLE('',#386,0.85);
#386 = AXIS2_PLACEMENT_3D('',#387,#388,#389);
#387 = CARTESIAN_POINT('',(-1.018610844638E-02,-0.3,-9.500000000446));
#388 = DIRECTION('',(0.,-1.,6.123233995737E-17));
#389 = DIRECTION('',(1.402715769533E-14,-6.123233995737E-17,-1.));
#390 = ORIENTED_EDGE('',*,*,#391,.F.);
#391 = EDGE_CURVE('',#392,#383,#394,.T.);
#392 = VERTEX_POINT('',#393);
#393 = CARTESIAN_POINT('',(-1.018610822319E-02,-1.1,-10.09999999977));
#394 = LINE('',#395,#396);
#395 = CARTESIAN_POINT('',(-1.0186108E-02,-1.1,-10.1));
#396 = VECTOR('',#397,1.);
#397 = DIRECTION('',(0.,0.954479978035,-0.298274993136));
#398 = ORIENTED_EDGE('',*,*,#399,.F.);
#399 = EDGE_CURVE('',#375,#392,#400,.T.);
#400 = CIRCLE('',#401,0.6);
#401 = AXIS2_PLACEMENT_3D('',#402,#403,#404);
#402 = CARTESIAN_POINT('',(-1.018610844637E-02,-1.1,-9.499999999554));
#403 = DIRECTION('',(0.,1.,6.123233995737E-17));
#404 = DIRECTION('',(1.402715769533E-14,-6.123233995737E-17,1.));
#405 = SURFACE_OF_REVOLUTION('',#406,#410);
#406 = LINE('',#407,#408);
#407 = CARTESIAN_POINT('',(-1.0186108E-02,-1.1,-8.9));
#408 = VECTOR('',#409,1.);
#409 = DIRECTION('',(1.059685648158E-15,0.954479978035,0.298274993136));
#410 = AXIS1_PLACEMENT('',#411,#412);
#411 = CARTESIAN_POINT('',(-1.0186108E-02,-1.0011E+03,-9.5));
#412 = DIRECTION('',(0.,-1.,0.));
#413 = SHELL_BASED_SURFACE_MODEL('',(#414));
#414 = OPEN_SHELL('',(#415));
#415 = ADVANCED_FACE('',(#416),#452,.T.);
#416 = FACE_BOUND('',#417,.T.);
#417 = EDGE_LOOP('',(#418,#428,#437,#445));
#418 = ORIENTED_EDGE('',*,*,#419,.F.);
#419 = EDGE_CURVE('',#420,#422,#424,.T.);
#420 = VERTEX_POINT('',#421);
#421 = CARTESIAN_POINT('',(-1.018610822319E-02,2.602374448188E-17,
    -8.650000000223));
#422 = VERTEX_POINT('',#423);
#423 = CARTESIAN_POINT('',(-1.018610822319E-02,-0.3,-8.649999999777));
#424 = LINE('',#425,#426);
#425 = CARTESIAN_POINT('',(-1.0186108E-02,0.,-8.65));
#426 = VECTOR('',#427,1.);
#427 = DIRECTION('',(0.,-1.,0.));
#428 = ORIENTED_EDGE('',*,*,#429,.F.);
#429 = EDGE_CURVE('',#430,#420,#432,.T.);
#430 = VERTEX_POINT('',#431);
#431 = CARTESIAN_POINT('',(-1.018610822318E-02,-2.602374448188E-17,
    -10.35000000022));
#432 = CIRCLE('',#433,0.85);
#433 = AXIS2_PLACEMENT_3D('',#434,#435,#436);
#434 = CARTESIAN_POINT('',(-1.018610844637E-02,0.,-9.500000000446));
#435 = DIRECTION('',(0.,-1.,6.123233995737E-17));
#436 = DIRECTION('',(1.402715769533E-14,-6.123233995737E-17,-1.));
#437 = ORIENTED_EDGE('',*,*,#438,.F.);
#438 = EDGE_CURVE('',#439,#430,#441,.T.);
#439 = VERTEX_POINT('',#440);
#440 = CARTESIAN_POINT('',(-1.01861082232E-02,-0.3,-10.34999999977));
#441 = LINE('',#442,#443);
#442 = CARTESIAN_POINT('',(-1.0186108E-02,-0.3,-10.35));
#443 = VECTOR('',#444,1.);
#444 = DIRECTION('',(0.,1.,0.));
#445 = ORIENTED_EDGE('',*,*,#446,.F.);
#446 = EDGE_CURVE('',#422,#439,#447,.T.);
#447 = CIRCLE('',#448,0.85);
#448 = AXIS2_PLACEMENT_3D('',#449,#450,#451);
#449 = CARTESIAN_POINT('',(-1.018610844638E-02,-0.3,-9.499999999554));
#450 = DIRECTION('',(0.,1.,6.123233995737E-17));
#451 = DIRECTION('',(1.402715769533E-14,-6.123233995737E-17,1.));
#452 = SURFACE_OF_REVOLUTION('',#453,#457);
#453 = LINE('',#454,#455);
#454 = CARTESIAN_POINT('',(-1.0186108E-02,-0.3,-8.65));
#455 = VECTOR('',#456,1.);
#456 = DIRECTION('',(0.,1.,0.));
#457 = AXIS1_PLACEMENT('',#458,#459);
#458 = CARTESIAN_POINT('',(-1.0186108E-02,-4.604163056,-9.5));
#459 = DIRECTION('',(0.,-1.,0.));
#460 = SHELL_BASED_SURFACE_MODEL('',(#461));
#461 = OPEN_SHELL('',(#462));
#462 = ADVANCED_FACE('',(#463),#499,.T.);
#463 = FACE_BOUND('',#464,.T.);
#464 = EDGE_LOOP('',(#465,#476,#484,#493));
#465 = ORIENTED_EDGE('',*,*,#466,.F.);
#466 = EDGE_CURVE('',#467,#469,#471,.T.);
#467 = VERTEX_POINT('',#468);
#468 = CARTESIAN_POINT('',(5.432284033009E-16,0.3,-3.575));
#469 = VERTEX_POINT('',#470);
#470 = CARTESIAN_POINT('',(3.687162344224E-16,0.3,-6.425));
#471 = CIRCLE('',#472,1.425);
#472 = AXIS2_PLACEMENT_3D('',#473,#474,#475);
#473 = CARTESIAN_POINT('',(9.992007221626E-16,0.3,-5.));
#474 = DIRECTION('',(0.,-1.,6.123233995737E-17));
#475 = DIRECTION('',(6.123233995737E-17,6.123233995737E-17,1.));
#476 = ORIENTED_EDGE('',*,*,#477,.F.);
#477 = EDGE_CURVE('',#478,#467,#480,.T.);
#478 = VERTEX_POINT('',#479);
#479 = CARTESIAN_POINT('',(1.752674617967E-16,-4.362804221962E-17,-3.575
    ));
#480 = LINE('',#481,#482);
#481 = CARTESIAN_POINT('',(0.,0.,-3.575));
#482 = VECTOR('',#483,1.);
#483 = DIRECTION('',(0.,1.,0.));
#484 = ORIENTED_EDGE('',*,*,#485,.F.);
#485 = EDGE_CURVE('',#486,#478,#488,.T.);
#486 = VERTEX_POINT('',#487);
#487 = CARTESIAN_POINT('',(3.497796306752E-16,4.362804221962E-17,-6.425)
  );
#488 = CIRCLE('',#489,1.425);
#489 = AXIS2_PLACEMENT_3D('',#490,#491,#492);
#490 = CARTESIAN_POINT('',(6.123031769112E-16,0.,-5.));
#491 = DIRECTION('',(0.,1.,6.123233995737E-17));
#492 = DIRECTION('',(6.123233995737E-17,6.123233995737E-17,-1.));
#493 = ORIENTED_EDGE('',*,*,#494,.F.);
#494 = EDGE_CURVE('',#469,#486,#495,.T.);
#495 = LINE('',#496,#497);
#496 = CARTESIAN_POINT('',(0.,0.3,-6.425));
#497 = VECTOR('',#498,1.);
#498 = DIRECTION('',(0.,-1.,0.));
#499 = SURFACE_OF_REVOLUTION('',#500,#504);
#500 = LINE('',#501,#502);
#501 = CARTESIAN_POINT('',(5.062616992291E-15,0.3,-6.425));
#502 = VECTOR('',#503,1.);
#503 = DIRECTION('',(0.,-1.,0.));
#504 = AXIS1_PLACEMENT('',#505,#506);
#505 = CARTESIAN_POINT('',(0.,0.3,-5.));
#506 = DIRECTION('',(0.,1.,0.));
#507 = SHELL_BASED_SURFACE_MODEL('',(#508));
#508 = OPEN_SHELL('',(#509));
#509 = ADVANCED_FACE('',(#510),#600,.T.);
#510 = FACE_BOUND('',#511,.T.);
#511 = EDGE_LOOP('',(#512,#522,#530,#538,#546,#554,#562,#570,#578,#586,
    #594));
#512 = ORIENTED_EDGE('',*,*,#513,.T.);
#513 = EDGE_CURVE('',#514,#516,#518,.T.);
#514 = VERTEX_POINT('',#515);
#515 = CARTESIAN_POINT('',(-4.550000001213,0.5,-13.8));
#516 = VERTEX_POINT('',#517);
#517 = CARTESIAN_POINT('',(1.125,0.5,-13.8));
#518 = LINE('',#519,#520);
#519 = CARTESIAN_POINT('',(-4.55,0.5,-13.8));
#520 = VECTOR('',#521,1.);
#521 = DIRECTION('',(1.,0.,0.));
#522 = ORIENTED_EDGE('',*,*,#523,.T.);
#523 = EDGE_CURVE('',#516,#524,#526,.T.);
#524 = VERTEX_POINT('',#525);
#525 = CARTESIAN_POINT('',(1.125,0.5,-13.4));
#526 = LINE('',#527,#528);
#527 = CARTESIAN_POINT('',(1.125,0.5,-13.8));
#528 = VECTOR('',#529,1.);
#529 = DIRECTION('',(0.,0.,1.));
#530 = ORIENTED_EDGE('',*,*,#531,.T.);
#531 = EDGE_CURVE('',#524,#532,#534,.T.);
#532 = VERTEX_POINT('',#533);
#533 = CARTESIAN_POINT('',(-4.491607978,0.5,-13.4));
#534 = LINE('',#535,#536);
#535 = CARTESIAN_POINT('',(1.125,0.5,-13.4));
#536 = VECTOR('',#537,1.);
#537 = DIRECTION('',(-1.,0.,0.));
#538 = ORIENTED_EDGE('',*,*,#539,.T.);
#539 = EDGE_CURVE('',#532,#540,#542,.T.);
#540 = VERTEX_POINT('',#541);
#541 = CARTESIAN_POINT('',(-4.55,0.5,-13.4));
#542 = LINE('',#543,#544);
#543 = CARTESIAN_POINT('',(-4.491607978,0.5,-13.4));
#544 = VECTOR('',#545,1.);
#545 = DIRECTION('',(-1.,0.,0.));
#546 = ORIENTED_EDGE('',*,*,#547,.T.);
#547 = EDGE_CURVE('',#540,#548,#550,.T.);
#548 = VERTEX_POINT('',#549);
#549 = CARTESIAN_POINT('',(-4.55,0.5,-11.85));
#550 = LINE('',#551,#552);
#551 = CARTESIAN_POINT('',(-4.55,0.5,-13.4));
#552 = VECTOR('',#553,1.);
#553 = DIRECTION('',(0.,0.,1.));
#554 = ORIENTED_EDGE('',*,*,#555,.T.);
#555 = EDGE_CURVE('',#548,#556,#558,.T.);
#556 = VERTEX_POINT('',#557);
#557 = CARTESIAN_POINT('',(-4.95,0.5,-11.85));
#558 = LINE('',#559,#560);
#559 = CARTESIAN_POINT('',(-4.55,0.5,-11.85));
#560 = VECTOR('',#561,1.);
#561 = DIRECTION('',(-1.,0.,0.));
#562 = ORIENTED_EDGE('',*,*,#563,.T.);
#563 = EDGE_CURVE('',#556,#564,#566,.T.);
#564 = VERTEX_POINT('',#565);
#565 = CARTESIAN_POINT('',(-4.95,0.5,-13.40000000012));
#566 = LINE('',#567,#568);
#567 = CARTESIAN_POINT('',(-4.95,0.5,-11.85));
#568 = VECTOR('',#569,1.);
#569 = DIRECTION('',(0.,0.,-1.));
#570 = ORIENTED_EDGE('',*,*,#571,.T.);
#571 = EDGE_CURVE('',#564,#572,#574,.T.);
#572 = VERTEX_POINT('',#573);
#573 = CARTESIAN_POINT('',(-4.919551814475,0.5,-13.553073372));
#574 = B_SPLINE_CURVE_WITH_KNOTS('',2,(#575,#576,#577),.UNSPECIFIED.,.F.
  ,.F.,(3,3),(0.,0.25),.PIECEWISE_BEZIER_KNOTS.);
#575 = CARTESIAN_POINT('',(-4.95,0.5,-13.40000000025));
#576 = CARTESIAN_POINT('',(-4.95,0.5,-13.4795649474));
#577 = CARTESIAN_POINT('',(-4.919551814475,0.5,-13.553073372));
#578 = ORIENTED_EDGE('',*,*,#579,.T.);
#579 = EDGE_CURVE('',#572,#580,#582,.T.);
#580 = VERTEX_POINT('',#581);
#581 = CARTESIAN_POINT('',(-4.83284271375,0.5,-13.682842713));
#582 = B_SPLINE_CURVE_WITH_KNOTS('',2,(#583,#584,#585),.UNSPECIFIED.,.F.
  ,.F.,(3,3),(0.25,0.5),.PIECEWISE_BEZIER_KNOTS.);
#583 = CARTESIAN_POINT('',(-4.919551814475,0.5,-13.553073372));
#584 = CARTESIAN_POINT('',(-4.88910362895,0.5,-13.62658179855));
#585 = CARTESIAN_POINT('',(-4.83284271375,0.5,-13.682842713));
#586 = ORIENTED_EDGE('',*,*,#587,.T.);
#587 = EDGE_CURVE('',#580,#588,#590,.T.);
#588 = VERTEX_POINT('',#589);
#589 = CARTESIAN_POINT('',(-4.70307337515,0.5,-13.76955181275));
#590 = B_SPLINE_CURVE_WITH_KNOTS('',2,(#591,#592,#593),.UNSPECIFIED.,.F.
  ,.F.,(3,3),(0.5,0.75),.PIECEWISE_BEZIER_KNOTS.);
#591 = CARTESIAN_POINT('',(-4.83284271375,0.5,-13.682842713));
#592 = CARTESIAN_POINT('',(-4.77658179855,0.5,-13.7391036255));
#593 = CARTESIAN_POINT('',(-4.70307337515,0.5,-13.76955181275));
#594 = ORIENTED_EDGE('',*,*,#595,.T.);
#595 = EDGE_CURVE('',#588,#514,#596,.T.);
#596 = B_SPLINE_CURVE_WITH_KNOTS('',2,(#597,#598,#599),.UNSPECIFIED.,.F.
  ,.F.,(3,3),(0.75,1.),.PIECEWISE_BEZIER_KNOTS.);
#597 = CARTESIAN_POINT('',(-4.70307337515,0.5,-13.76955181275));
#598 = CARTESIAN_POINT('',(-4.629564945675,0.5,-13.8));
#599 = CARTESIAN_POINT('',(-4.550000002425,0.5,-13.8));
#600 = B_SPLINE_SURFACE_WITH_KNOTS('',1,1,(
    (#601,#602)
    ,(#603,#604)),.UNSPECIFIED.,.F.,.F.,.F.,(2,2),(2,2),(0.,1.),(0.,1.),
  .PIECEWISE_BEZIER_KNOTS.);
#601 = CARTESIAN_POINT('',(-4.95,0.5,-11.85));
#602 = CARTESIAN_POINT('',(1.125,0.5,-11.85));
#603 = CARTESIAN_POINT('',(-4.95,0.5,-13.8));
#604 = CARTESIAN_POINT('',(1.125,0.5,-13.8));
#605 = SHELL_BASED_SURFACE_MODEL('',(#606));
#606 = OPEN_SHELL('',(#607));
#607 = ADVANCED_FACE('',(#608),#642,.T.);
#608 = FACE_BOUND('',#609,.T.);
#609 = EDGE_LOOP('',(#610,#620,#628,#636));
#610 = ORIENTED_EDGE('',*,*,#611,.T.);
#611 = EDGE_CURVE('',#612,#614,#616,.T.);
#612 = VERTEX_POINT('',#613);
#613 = CARTESIAN_POINT('',(-4.95,0.5,-10.35));
#614 = VERTEX_POINT('',#615);
#615 = CARTESIAN_POINT('',(-4.55,0.5,-10.35));
#616 = LINE('',#617,#618);
#617 = CARTESIAN_POINT('',(-4.95,0.5,-10.35));
#618 = VECTOR('',#619,1.);
#619 = DIRECTION('',(1.,0.,0.));
#620 = ORIENTED_EDGE('',*,*,#621,.T.);
#621 = EDGE_CURVE('',#614,#622,#624,.T.);
#622 = VERTEX_POINT('',#623);
#623 = CARTESIAN_POINT('',(-4.55,0.5,-5.75));
#624 = LINE('',#625,#626);
#625 = CARTESIAN_POINT('',(-4.55,0.5,-10.35));
#626 = VECTOR('',#627,1.);
#627 = DIRECTION('',(0.,0.,1.));
#628 = ORIENTED_EDGE('',*,*,#629,.T.);
#629 = EDGE_CURVE('',#622,#630,#632,.T.);
#630 = VERTEX_POINT('',#631);
#631 = CARTESIAN_POINT('',(-4.95,0.5,-5.75));
#632 = LINE('',#633,#634);
#633 = CARTESIAN_POINT('',(-4.55,0.5,-5.75));
#634 = VECTOR('',#635,1.);
#635 = DIRECTION('',(-1.,0.,0.));
#636 = ORIENTED_EDGE('',*,*,#637,.T.);
#637 = EDGE_CURVE('',#630,#612,#638,.T.);
#638 = LINE('',#639,#640);
#639 = CARTESIAN_POINT('',(-4.95,0.5,-5.75));
#640 = VECTOR('',#641,1.);
#641 = DIRECTION('',(0.,0.,-1.));
#642 = B_SPLINE_SURFACE_WITH_KNOTS('',1,1,(
    (#643,#644)
    ,(#645,#646)),.UNSPECIFIED.,.F.,.F.,.F.,(2,2),(2,2),(0.,1.),(0.,1.),
  .PIECEWISE_BEZIER_KNOTS.);
#643 = CARTESIAN_POINT('',(-4.95,0.5,-5.75));
#644 = CARTESIAN_POINT('',(-4.55,0.5,-5.75));
#645 = CARTESIAN_POINT('',(-4.95,0.5,-10.35));
#646 = CARTESIAN_POINT('',(-4.55,0.5,-10.35));
#647 = SHELL_BASED_SURFACE_MODEL('',(#648));
#648 = OPEN_SHELL('',(#649));
#649 = ADVANCED_FACE('',(#650,#908),#1166,.T.);
#650 = FACE_BOUND('',#651,.T.);
#651 = EDGE_LOOP('',(#652,#662,#670,#678,#686,#694,#702,#710,#718,#726,
    #734,#742,#750,#758,#766,#774,#782,#790,#798,#806,#814,#822,#830,
    #838,#846,#854,#862,#870,#878,#886,#894,#902));
#652 = ORIENTED_EDGE('',*,*,#653,.T.);
#653 = EDGE_CURVE('',#654,#656,#658,.T.);
#654 = VERTEX_POINT('',#655);
#655 = CARTESIAN_POINT('',(3.249999998388,6.5,-9.6));
#656 = VERTEX_POINT('',#657);
#657 = CARTESIAN_POINT('',(3.187552163224,7.134043546422,-9.6));
#658 = B_SPLINE_CURVE_WITH_KNOTS('',2,(#659,#660,#661),.UNSPECIFIED.,.F.
  ,.F.,(3,3),(0.,6.25E-02),.PIECEWISE_BEZIER_KNOTS.);
#659 = CARTESIAN_POINT('',(3.249999998388,6.5,-9.6));
#660 = CARTESIAN_POINT('',(3.249999998388,6.820097063858,-9.6));
#661 = CARTESIAN_POINT('',(3.187552163224,7.134043546422,-9.6));
#662 = ORIENTED_EDGE('',*,*,#663,.T.);
#663 = EDGE_CURVE('',#656,#664,#666,.T.);
#664 = VERTEX_POINT('',#665);
#665 = CARTESIAN_POINT('',(3.00260848316,7.743721154676,-9.6));
#666 = B_SPLINE_CURVE_WITH_KNOTS('',2,(#667,#668,#669),.UNSPECIFIED.,.F.
  ,.F.,(3,3),(6.25E-02,0.125),.PIECEWISE_BEZIER_KNOTS.);
#667 = CARTESIAN_POINT('',(3.187552163224,7.134043546422,-9.6));
#668 = CARTESIAN_POINT('',(3.125104321482,7.447990028986,-9.6));
#669 = CARTESIAN_POINT('',(3.00260848316,7.743721154676,-9.6));
#670 = ORIENTED_EDGE('',*,*,#671,.T.);
#671 = EDGE_CURVE('',#664,#672,#674,.T.);
#672 = VERTEX_POINT('',#673);
#673 = CARTESIAN_POINT('',(2.702276237232,8.305603258316,-9.6));
#674 = B_SPLINE_CURVE_WITH_KNOTS('',2,(#675,#676,#677),.UNSPECIFIED.,.F.
  ,.F.,(3,3),(0.125,0.1875),.PIECEWISE_BEZIER_KNOTS.);
#675 = CARTESIAN_POINT('',(3.00260848316,7.743721154676,-9.6));
#676 = CARTESIAN_POINT('',(2.88011263826,8.039452280366,-9.6));
#677 = CARTESIAN_POINT('',(2.702276237232,8.305603258316,-9.6));
#678 = ORIENTED_EDGE('',*,*,#679,.T.);
#679 = EDGE_CURVE('',#672,#680,#682,.T.);
#680 = VERTEX_POINT('',#681);
#681 = CARTESIAN_POINT('',(2.298097039524,8.798097039524,-9.6));
#682 = B_SPLINE_CURVE_WITH_KNOTS('',2,(#683,#684,#685),.UNSPECIFIED.,.F.
  ,.F.,(3,3),(0.1875,0.25),.PIECEWISE_BEZIER_KNOTS.);
#683 = CARTESIAN_POINT('',(2.702276237232,8.305603258316,-9.6));
#684 = CARTESIAN_POINT('',(2.524439842782,8.571754236266,-9.6));
#685 = CARTESIAN_POINT('',(2.298097039524,8.798097039524,-9.6));
#686 = ORIENTED_EDGE('',*,*,#687,.T.);
#687 = EDGE_CURVE('',#680,#688,#690,.T.);
#688 = VERTEX_POINT('',#689);
#689 = CARTESIAN_POINT('',(1.805603258316,9.202276237232,-9.6));
#690 = B_SPLINE_CURVE_WITH_KNOTS('',2,(#691,#692,#693),.UNSPECIFIED.,.F.
  ,.F.,(3,3),(0.25,0.3125),.PIECEWISE_BEZIER_KNOTS.);
#691 = CARTESIAN_POINT('',(2.298097039524,8.798097039524,-9.6));
#692 = CARTESIAN_POINT('',(2.071754236266,9.024439842782,-9.6));
#693 = CARTESIAN_POINT('',(1.805603258316,9.202276237232,-9.6));
#694 = ORIENTED_EDGE('',*,*,#695,.T.);
#695 = EDGE_CURVE('',#688,#696,#698,.T.);
#696 = VERTEX_POINT('',#697);
#697 = CARTESIAN_POINT('',(1.243721154676,9.50260848316,-9.6));
#698 = B_SPLINE_CURVE_WITH_KNOTS('',2,(#699,#700,#701),.UNSPECIFIED.,.F.
  ,.F.,(3,3),(0.3125,0.375),.PIECEWISE_BEZIER_KNOTS.);
#699 = CARTESIAN_POINT('',(1.805603258316,9.202276237232,-9.6));
#700 = CARTESIAN_POINT('',(1.539452280366,9.38011263826,-9.6));
#701 = CARTESIAN_POINT('',(1.243721154676,9.50260848316,-9.6));
#702 = ORIENTED_EDGE('',*,*,#703,.T.);
#703 = EDGE_CURVE('',#696,#704,#706,.T.);
#704 = VERTEX_POINT('',#705);
#705 = CARTESIAN_POINT('',(0.634043546422,9.687552163224,-9.6));
#706 = B_SPLINE_CURVE_WITH_KNOTS('',2,(#707,#708,#709),.UNSPECIFIED.,.F.
  ,.F.,(3,3),(0.375,0.4375),.PIECEWISE_BEZIER_KNOTS.);
#707 = CARTESIAN_POINT('',(1.243721154676,9.50260848316,-9.6));
#708 = CARTESIAN_POINT('',(0.947990028986,9.625104321482,-9.6));
#709 = CARTESIAN_POINT('',(0.634043546422,9.687552163224,-9.6));
#710 = ORIENTED_EDGE('',*,*,#711,.T.);
#711 = EDGE_CURVE('',#704,#712,#714,.T.);
#712 = VERTEX_POINT('',#713);
#713 = CARTESIAN_POINT('',(0.,9.749999998388,-9.6));
#714 = B_SPLINE_CURVE_WITH_KNOTS('',2,(#715,#716,#717),.UNSPECIFIED.,.F.
  ,.F.,(3,3),(0.4375,0.5),.PIECEWISE_BEZIER_KNOTS.);
#715 = CARTESIAN_POINT('',(0.634043546422,9.687552163224,-9.6));
#716 = CARTESIAN_POINT('',(0.320097063858,9.749999998388,-9.6));
#717 = CARTESIAN_POINT('',(0.,9.749999998388,-9.6));
#718 = ORIENTED_EDGE('',*,*,#719,.T.);
#719 = EDGE_CURVE('',#712,#720,#722,.T.);
#720 = VERTEX_POINT('',#721);
#721 = CARTESIAN_POINT('',(-0.634043546422,9.687552163224,-9.6));
#722 = B_SPLINE_CURVE_WITH_KNOTS('',2,(#723,#724,#725),.UNSPECIFIED.,.F.
  ,.F.,(3,3),(0.5,0.5625),.PIECEWISE_BEZIER_KNOTS.);
#723 = CARTESIAN_POINT('',(0.,9.749999998388,-9.6));
#724 = CARTESIAN_POINT('',(-0.320097063858,9.749999998388,-9.6));
#725 = CARTESIAN_POINT('',(-0.634043546422,9.687552163224,-9.6));
#726 = ORIENTED_EDGE('',*,*,#727,.T.);
#727 = EDGE_CURVE('',#720,#728,#730,.T.);
#728 = VERTEX_POINT('',#729);
#729 = CARTESIAN_POINT('',(-1.243721154676,9.50260848316,-9.6));
#730 = B_SPLINE_CURVE_WITH_KNOTS('',2,(#731,#732,#733),.UNSPECIFIED.,.F.
  ,.F.,(3,3),(0.5625,0.625),.PIECEWISE_BEZIER_KNOTS.);
#731 = CARTESIAN_POINT('',(-0.634043546422,9.687552163224,-9.6));
#732 = CARTESIAN_POINT('',(-0.947990028986,9.625104321482,-9.6));
#733 = CARTESIAN_POINT('',(-1.243721154676,9.50260848316,-9.6));
#734 = ORIENTED_EDGE('',*,*,#735,.T.);
#735 = EDGE_CURVE('',#728,#736,#738,.T.);
#736 = VERTEX_POINT('',#737);
#737 = CARTESIAN_POINT('',(-1.805603258316,9.202276237232,-9.6));
#738 = B_SPLINE_CURVE_WITH_KNOTS('',2,(#739,#740,#741),.UNSPECIFIED.,.F.
  ,.F.,(3,3),(0.625,0.6875),.PIECEWISE_BEZIER_KNOTS.);
#739 = CARTESIAN_POINT('',(-1.243721154676,9.50260848316,-9.6));
#740 = CARTESIAN_POINT('',(-1.539452280366,9.38011263826,-9.6));
#741 = CARTESIAN_POINT('',(-1.805603258316,9.202276237232,-9.6));
#742 = ORIENTED_EDGE('',*,*,#743,.T.);
#743 = EDGE_CURVE('',#736,#744,#746,.T.);
#744 = VERTEX_POINT('',#745);
#745 = CARTESIAN_POINT('',(-2.298097039524,8.798097039524,-9.6));
#746 = B_SPLINE_CURVE_WITH_KNOTS('',2,(#747,#748,#749),.UNSPECIFIED.,.F.
  ,.F.,(3,3),(0.6875,0.75),.PIECEWISE_BEZIER_KNOTS.);
#747 = CARTESIAN_POINT('',(-1.805603258316,9.202276237232,-9.6));
#748 = CARTESIAN_POINT('',(-2.071754236266,9.024439842782,-9.6));
#749 = CARTESIAN_POINT('',(-2.298097039524,8.798097039524,-9.6));
#750 = ORIENTED_EDGE('',*,*,#751,.T.);
#751 = EDGE_CURVE('',#744,#752,#754,.T.);
#752 = VERTEX_POINT('',#753);
#753 = CARTESIAN_POINT('',(-2.702276237232,8.305603258316,-9.6));
#754 = B_SPLINE_CURVE_WITH_KNOTS('',2,(#755,#756,#757),.UNSPECIFIED.,.F.
  ,.F.,(3,3),(0.75,0.8125),.PIECEWISE_BEZIER_KNOTS.);
#755 = CARTESIAN_POINT('',(-2.298097039524,8.798097039524,-9.6));
#756 = CARTESIAN_POINT('',(-2.524439842782,8.571754236266,-9.6));
#757 = CARTESIAN_POINT('',(-2.702276237232,8.305603258316,-9.6));
#758 = ORIENTED_EDGE('',*,*,#759,.T.);
#759 = EDGE_CURVE('',#752,#760,#762,.T.);
#760 = VERTEX_POINT('',#761);
#761 = CARTESIAN_POINT('',(-3.00260848316,7.743721154676,-9.6));
#762 = B_SPLINE_CURVE_WITH_KNOTS('',2,(#763,#764,#765),.UNSPECIFIED.,.F.
  ,.F.,(3,3),(0.8125,0.875),.PIECEWISE_BEZIER_KNOTS.);
#763 = CARTESIAN_POINT('',(-2.702276237232,8.305603258316,-9.6));
#764 = CARTESIAN_POINT('',(-2.88011263826,8.039452280366,-9.6));
#765 = CARTESIAN_POINT('',(-3.00260848316,7.743721154676,-9.6));
#766 = ORIENTED_EDGE('',*,*,#767,.T.);
#767 = EDGE_CURVE('',#760,#768,#770,.T.);
#768 = VERTEX_POINT('',#769);
#769 = CARTESIAN_POINT('',(-3.187552163224,7.134043546422,-9.6));
#770 = B_SPLINE_CURVE_WITH_KNOTS('',2,(#771,#772,#773),.UNSPECIFIED.,.F.
  ,.F.,(3,3),(0.875,0.9375),.PIECEWISE_BEZIER_KNOTS.);
#771 = CARTESIAN_POINT('',(-3.00260848316,7.743721154676,-9.6));
#772 = CARTESIAN_POINT('',(-3.125104321482,7.447990028986,-9.6));
#773 = CARTESIAN_POINT('',(-3.187552163224,7.134043546422,-9.6));
#774 = ORIENTED_EDGE('',*,*,#775,.T.);
#775 = EDGE_CURVE('',#768,#776,#778,.T.);
#776 = VERTEX_POINT('',#777);
#777 = CARTESIAN_POINT('',(-3.249999998388,6.5,-9.6));
#778 = B_SPLINE_CURVE_WITH_KNOTS('',2,(#779,#780,#781),.UNSPECIFIED.,.F.
  ,.F.,(3,3),(0.9375,1.),.PIECEWISE_BEZIER_KNOTS.);
#779 = CARTESIAN_POINT('',(-3.187552163224,7.134043546422,-9.6));
#780 = CARTESIAN_POINT('',(-3.249999998388,6.820097063858,-9.6));
#781 = CARTESIAN_POINT('',(-3.249999998388,6.5,-9.6));
#782 = ORIENTED_EDGE('',*,*,#783,.T.);
#783 = EDGE_CURVE('',#776,#784,#786,.T.);
#784 = VERTEX_POINT('',#785);
#785 = CARTESIAN_POINT('',(-3.187552163224,5.865956453578,-9.6));
#786 = B_SPLINE_CURVE_WITH_KNOTS('',2,(#787,#788,#789),.UNSPECIFIED.,.F.
  ,.F.,(3,3),(0.,6.25E-02),.PIECEWISE_BEZIER_KNOTS.);
#787 = CARTESIAN_POINT('',(-3.249999998388,6.5,-9.6));
#788 = CARTESIAN_POINT('',(-3.249999998388,6.179902936142,-9.6));
#789 = CARTESIAN_POINT('',(-3.187552163224,5.865956453578,-9.6));
#790 = ORIENTED_EDGE('',*,*,#791,.T.);
#791 = EDGE_CURVE('',#784,#792,#794,.T.);
#792 = VERTEX_POINT('',#793);
#793 = CARTESIAN_POINT('',(-3.00260848316,5.256278845324,-9.6));
#794 = B_SPLINE_CURVE_WITH_KNOTS('',2,(#795,#796,#797),.UNSPECIFIED.,.F.
  ,.F.,(3,3),(6.25E-02,0.125),.PIECEWISE_BEZIER_KNOTS.);
#795 = CARTESIAN_POINT('',(-3.187552163224,5.865956453578,-9.6));
#796 = CARTESIAN_POINT('',(-3.125104321482,5.552009971014,-9.6));
#797 = CARTESIAN_POINT('',(-3.00260848316,5.256278845324,-9.6));
#798 = ORIENTED_EDGE('',*,*,#799,.T.);
#799 = EDGE_CURVE('',#792,#800,#802,.T.);
#800 = VERTEX_POINT('',#801);
#801 = CARTESIAN_POINT('',(-2.702276237232,4.694396741684,-9.6));
#802 = B_SPLINE_CURVE_WITH_KNOTS('',2,(#803,#804,#805),.UNSPECIFIED.,.F.
  ,.F.,(3,3),(0.125,0.1875),.PIECEWISE_BEZIER_KNOTS.);
#803 = CARTESIAN_POINT('',(-3.00260848316,5.256278845324,-9.6));
#804 = CARTESIAN_POINT('',(-2.88011263826,4.960547719634,-9.6));
#805 = CARTESIAN_POINT('',(-2.702276237232,4.694396741684,-9.6));
#806 = ORIENTED_EDGE('',*,*,#807,.T.);
#807 = EDGE_CURVE('',#800,#808,#810,.T.);
#808 = VERTEX_POINT('',#809);
#809 = CARTESIAN_POINT('',(-2.298097039524,4.201902960476,-9.6));
#810 = B_SPLINE_CURVE_WITH_KNOTS('',2,(#811,#812,#813),.UNSPECIFIED.,.F.
  ,.F.,(3,3),(0.1875,0.25),.PIECEWISE_BEZIER_KNOTS.);
#811 = CARTESIAN_POINT('',(-2.702276237232,4.694396741684,-9.6));
#812 = CARTESIAN_POINT('',(-2.524439842782,4.428245763734,-9.6));
#813 = CARTESIAN_POINT('',(-2.298097039524,4.201902960476,-9.6));
#814 = ORIENTED_EDGE('',*,*,#815,.T.);
#815 = EDGE_CURVE('',#808,#816,#818,.T.);
#816 = VERTEX_POINT('',#817);
#817 = CARTESIAN_POINT('',(-1.805603258316,3.797723762768,-9.6));
#818 = B_SPLINE_CURVE_WITH_KNOTS('',2,(#819,#820,#821),.UNSPECIFIED.,.F.
  ,.F.,(3,3),(0.25,0.3125),.PIECEWISE_BEZIER_KNOTS.);
#819 = CARTESIAN_POINT('',(-2.298097039524,4.201902960476,-9.6));
#820 = CARTESIAN_POINT('',(-2.071754236266,3.975560157218,-9.6));
#821 = CARTESIAN_POINT('',(-1.805603258316,3.797723762768,-9.6));
#822 = ORIENTED_EDGE('',*,*,#823,.T.);
#823 = EDGE_CURVE('',#816,#824,#826,.T.);
#824 = VERTEX_POINT('',#825);
#825 = CARTESIAN_POINT('',(-1.243721154676,3.49739151684,-9.6));
#826 = B_SPLINE_CURVE_WITH_KNOTS('',2,(#827,#828,#829),.UNSPECIFIED.,.F.
  ,.F.,(3,3),(0.3125,0.375),.PIECEWISE_BEZIER_KNOTS.);
#827 = CARTESIAN_POINT('',(-1.805603258316,3.797723762768,-9.6));
#828 = CARTESIAN_POINT('',(-1.539452280366,3.61988736174,-9.6));
#829 = CARTESIAN_POINT('',(-1.243721154676,3.49739151684,-9.6));
#830 = ORIENTED_EDGE('',*,*,#831,.T.);
#831 = EDGE_CURVE('',#824,#832,#834,.T.);
#832 = VERTEX_POINT('',#833);
#833 = CARTESIAN_POINT('',(-0.634043546422,3.312447836776,-9.6));
#834 = B_SPLINE_CURVE_WITH_KNOTS('',2,(#835,#836,#837),.UNSPECIFIED.,.F.
  ,.F.,(3,3),(0.375,0.4375),.PIECEWISE_BEZIER_KNOTS.);
#835 = CARTESIAN_POINT('',(-1.243721154676,3.49739151684,-9.6));
#836 = CARTESIAN_POINT('',(-0.947990028986,3.374895678518,-9.6));
#837 = CARTESIAN_POINT('',(-0.634043546422,3.312447836776,-9.6));
#838 = ORIENTED_EDGE('',*,*,#839,.T.);
#839 = EDGE_CURVE('',#832,#840,#842,.T.);
#840 = VERTEX_POINT('',#841);
#841 = CARTESIAN_POINT('',(0.,3.250000001612,-9.6));
#842 = B_SPLINE_CURVE_WITH_KNOTS('',2,(#843,#844,#845),.UNSPECIFIED.,.F.
  ,.F.,(3,3),(0.4375,0.5),.PIECEWISE_BEZIER_KNOTS.);
#843 = CARTESIAN_POINT('',(-0.634043546422,3.312447836776,-9.6));
#844 = CARTESIAN_POINT('',(-0.320097063858,3.250000001612,-9.6));
#845 = CARTESIAN_POINT('',(0.,3.250000001612,-9.6));
#846 = ORIENTED_EDGE('',*,*,#847,.T.);
#847 = EDGE_CURVE('',#840,#848,#850,.T.);
#848 = VERTEX_POINT('',#849);
#849 = CARTESIAN_POINT('',(0.634043546422,3.312447836776,-9.6));
#850 = B_SPLINE_CURVE_WITH_KNOTS('',2,(#851,#852,#853),.UNSPECIFIED.,.F.
  ,.F.,(3,3),(0.5,0.5625),.PIECEWISE_BEZIER_KNOTS.);
#851 = CARTESIAN_POINT('',(0.,3.250000001612,-9.6));
#852 = CARTESIAN_POINT('',(0.320097063858,3.250000001612,-9.6));
#853 = CARTESIAN_POINT('',(0.634043546422,3.312447836776,-9.6));
#854 = ORIENTED_EDGE('',*,*,#855,.T.);
#855 = EDGE_CURVE('',#848,#856,#858,.T.);
#856 = VERTEX_POINT('',#857);
#857 = CARTESIAN_POINT('',(1.243721154676,3.49739151684,-9.6));
#858 = B_SPLINE_CURVE_WITH_KNOTS('',2,(#859,#860,#861),.UNSPECIFIED.,.F.
  ,.F.,(3,3),(0.5625,0.625),.PIECEWISE_BEZIER_KNOTS.);
#859 = CARTESIAN_POINT('',(0.634043546422,3.312447836776,-9.6));
#860 = CARTESIAN_POINT('',(0.947990028986,3.374895678518,-9.6));
#861 = CARTESIAN_POINT('',(1.243721154676,3.49739151684,-9.6));
#862 = ORIENTED_EDGE('',*,*,#863,.T.);
#863 = EDGE_CURVE('',#856,#864,#866,.T.);
#864 = VERTEX_POINT('',#865);
#865 = CARTESIAN_POINT('',(1.805603258316,3.797723762768,-9.6));
#866 = B_SPLINE_CURVE_WITH_KNOTS('',2,(#867,#868,#869),.UNSPECIFIED.,.F.
  ,.F.,(3,3),(0.625,0.6875),.PIECEWISE_BEZIER_KNOTS.);
#867 = CARTESIAN_POINT('',(1.243721154676,3.49739151684,-9.6));
#868 = CARTESIAN_POINT('',(1.539452280366,3.61988736174,-9.6));
#869 = CARTESIAN_POINT('',(1.805603258316,3.797723762768,-9.6));
#870 = ORIENTED_EDGE('',*,*,#871,.T.);
#871 = EDGE_CURVE('',#864,#872,#874,.T.);
#872 = VERTEX_POINT('',#873);
#873 = CARTESIAN_POINT('',(2.298097039524,4.201902960476,-9.6));
#874 = B_SPLINE_CURVE_WITH_KNOTS('',2,(#875,#876,#877),.UNSPECIFIED.,.F.
  ,.F.,(3,3),(0.6875,0.75),.PIECEWISE_BEZIER_KNOTS.);
#875 = CARTESIAN_POINT('',(1.805603258316,3.797723762768,-9.6));
#876 = CARTESIAN_POINT('',(2.071754236266,3.975560157218,-9.6));
#877 = CARTESIAN_POINT('',(2.298097039524,4.201902960476,-9.6));
#878 = ORIENTED_EDGE('',*,*,#879,.T.);
#879 = EDGE_CURVE('',#872,#880,#882,.T.);
#880 = VERTEX_POINT('',#881);
#881 = CARTESIAN_POINT('',(2.702276237232,4.694396741684,-9.6));
#882 = B_SPLINE_CURVE_WITH_KNOTS('',2,(#883,#884,#885),.UNSPECIFIED.,.F.
  ,.F.,(3,3),(0.75,0.8125),.PIECEWISE_BEZIER_KNOTS.);
#883 = CARTESIAN_POINT('',(2.298097039524,4.201902960476,-9.6));
#884 = CARTESIAN_POINT('',(2.524439842782,4.428245763734,-9.6));
#885 = CARTESIAN_POINT('',(2.702276237232,4.694396741684,-9.6));
#886 = ORIENTED_EDGE('',*,*,#887,.T.);
#887 = EDGE_CURVE('',#880,#888,#890,.T.);
#888 = VERTEX_POINT('',#889);
#889 = CARTESIAN_POINT('',(3.00260848316,5.256278845324,-9.6));
#890 = B_SPLINE_CURVE_WITH_KNOTS('',2,(#891,#892,#893),.UNSPECIFIED.,.F.
  ,.F.,(3,3),(0.8125,0.875),.PIECEWISE_BEZIER_KNOTS.);
#891 = CARTESIAN_POINT('',(2.702276237232,4.694396741684,-9.6));
#892 = CARTESIAN_POINT('',(2.88011263826,4.960547719634,-9.6));
#893 = CARTESIAN_POINT('',(3.00260848316,5.256278845324,-9.6));
#894 = ORIENTED_EDGE('',*,*,#895,.T.);
#895 = EDGE_CURVE('',#888,#896,#898,.T.);
#896 = VERTEX_POINT('',#897);
#897 = CARTESIAN_POINT('',(3.187552163224,5.865956453578,-9.6));
#898 = B_SPLINE_CURVE_WITH_KNOTS('',2,(#899,#900,#901),.UNSPECIFIED.,.F.
  ,.F.,(3,3),(0.875,0.9375),.PIECEWISE_BEZIER_KNOTS.);
#899 = CARTESIAN_POINT('',(3.00260848316,5.256278845324,-9.6));
#900 = CARTESIAN_POINT('',(3.125104321482,5.552009971014,-9.6));
#901 = CARTESIAN_POINT('',(3.187552163224,5.865956453578,-9.6));
#902 = ORIENTED_EDGE('',*,*,#903,.T.);
#903 = EDGE_CURVE('',#896,#654,#904,.T.);
#904 = B_SPLINE_CURVE_WITH_KNOTS('',2,(#905,#906,#907),.UNSPECIFIED.,.F.
  ,.F.,(3,3),(0.9375,1.),.PIECEWISE_BEZIER_KNOTS.);
#905 = CARTESIAN_POINT('',(3.187552163224,5.865956453578,-9.6));
#906 = CARTESIAN_POINT('',(3.249999998388,6.179902936142,-9.6));
#907 = CARTESIAN_POINT('',(3.249999998388,6.5,-9.6));
#908 = FACE_BOUND('',#909,.T.);
#909 = EDGE_LOOP('',(#910,#920,#928,#936,#944,#952,#960,#968,#976,#984,
    #992,#1000,#1008,#1016,#1024,#1032,#1040,#1048,#1056,#1064,#1072,
    #1080,#1088,#1096,#1104,#1112,#1120,#1128,#1136,#1144,#1152,#1160));
#910 = ORIENTED_EDGE('',*,*,#911,.T.);
#911 = EDGE_CURVE('',#912,#914,#916,.T.);
#912 = VERTEX_POINT('',#913);
#913 = CARTESIAN_POINT('',(1.600000001028,6.5,-9.6));
#914 = VERTEX_POINT('',#915);
#915 = CARTESIAN_POINT('',(1.569256448474,6.1878554816,-9.6));
#916 = B_SPLINE_CURVE_WITH_KNOTS('',2,(#917,#918,#919),.UNSPECIFIED.,.F.
  ,.F.,(3,3),(0.,6.25E-02),.PIECEWISE_BEZIER_KNOTS.);
#917 = CARTESIAN_POINT('',(1.600000001028,6.5,-9.6));
#918 = CARTESIAN_POINT('',(1.600000001028,6.342413754898,-9.6));
#919 = CARTESIAN_POINT('',(1.569256448474,6.1878554816,-9.6));
#920 = ORIENTED_EDGE('',*,*,#921,.T.);
#921 = EDGE_CURVE('',#914,#922,#924,.T.);
#922 = VERTEX_POINT('',#923);
#923 = CARTESIAN_POINT('',(1.478207252236,5.88770650533,-9.6));
#924 = B_SPLINE_CURVE_WITH_KNOTS('',2,(#925,#926,#927),.UNSPECIFIED.,.F.
  ,.F.,(3,3),(6.25E-02,0.125),.PIECEWISE_BEZIER_KNOTS.);
#925 = CARTESIAN_POINT('',(1.569256448474,6.1878554816,-9.6));
#926 = CARTESIAN_POINT('',(1.53851289592,6.03329721488,-9.6));
#927 = CARTESIAN_POINT('',(1.478207252236,5.88770650533,-9.6));
#928 = ORIENTED_EDGE('',*,*,#929,.T.);
#929 = EDGE_CURVE('',#922,#930,#932,.T.);
#930 = VERTEX_POINT('',#931);
#931 = CARTESIAN_POINT('',(1.330351382074,5.61108762708,-9.6));
#932 = B_SPLINE_CURVE_WITH_KNOTS('',2,(#933,#934,#935),.UNSPECIFIED.,.F.
  ,.F.,(3,3),(0.125,0.1875),.PIECEWISE_BEZIER_KNOTS.);
#933 = CARTESIAN_POINT('',(1.478207252236,5.88770650533,-9.6));
#934 = CARTESIAN_POINT('',(1.417901608552,5.742115802358,-9.6));
#935 = CARTESIAN_POINT('',(1.330351382074,5.61108762708,-9.6));
#936 = ORIENTED_EDGE('',*,*,#937,.T.);
#937 = EDGE_CURVE('',#930,#938,#940,.T.);
#938 = VERTEX_POINT('',#939);
#939 = CARTESIAN_POINT('',(1.131370848608,5.368629151392,-9.6));
#940 = B_SPLINE_CURVE_WITH_KNOTS('',2,(#941,#942,#943),.UNSPECIFIED.,.F.
  ,.F.,(3,3),(0.1875,0.25),.PIECEWISE_BEZIER_KNOTS.);
#941 = CARTESIAN_POINT('',(1.330351382074,5.61108762708,-9.6));
#942 = CARTESIAN_POINT('',(1.242801155596,5.480059451802,-9.6));
#943 = CARTESIAN_POINT('',(1.131370848608,5.368629151392,-9.6));
#944 = ORIENTED_EDGE('',*,*,#945,.T.);
#945 = EDGE_CURVE('',#938,#946,#948,.T.);
#946 = VERTEX_POINT('',#947);
#947 = CARTESIAN_POINT('',(0.88891237292,5.169648617926,-9.6));
#948 = B_SPLINE_CURVE_WITH_KNOTS('',2,(#949,#950,#951),.UNSPECIFIED.,.F.
  ,.F.,(3,3),(0.25,0.3125),.PIECEWISE_BEZIER_KNOTS.);
#949 = CARTESIAN_POINT('',(1.131370848608,5.368629151392,-9.6));
#950 = CARTESIAN_POINT('',(1.019940548198,5.257198844404,-9.6));
#951 = CARTESIAN_POINT('',(0.88891237292,5.169648617926,-9.6));
#952 = ORIENTED_EDGE('',*,*,#953,.T.);
#953 = EDGE_CURVE('',#946,#954,#956,.T.);
#954 = VERTEX_POINT('',#955);
#955 = CARTESIAN_POINT('',(0.61229349467,5.021792747764,-9.6));
#956 = B_SPLINE_CURVE_WITH_KNOTS('',2,(#957,#958,#959),.UNSPECIFIED.,.F.
  ,.F.,(3,3),(0.3125,0.375),.PIECEWISE_BEZIER_KNOTS.);
#957 = CARTESIAN_POINT('',(0.88891237292,5.169648617926,-9.6));
#958 = CARTESIAN_POINT('',(0.757884197642,5.082098391448,-9.6));
#959 = CARTESIAN_POINT('',(0.61229349467,5.021792747764,-9.6));
#960 = ORIENTED_EDGE('',*,*,#961,.T.);
#961 = EDGE_CURVE('',#954,#962,#964,.T.);
#962 = VERTEX_POINT('',#963);
#963 = CARTESIAN_POINT('',(0.3121445184,4.930743551526,-9.6));
#964 = B_SPLINE_CURVE_WITH_KNOTS('',2,(#965,#966,#967),.UNSPECIFIED.,.F.
  ,.F.,(3,3),(0.375,0.4375),.PIECEWISE_BEZIER_KNOTS.);
#965 = CARTESIAN_POINT('',(0.61229349467,5.021792747764,-9.6));
#966 = CARTESIAN_POINT('',(0.46670278512,4.96148710408,-9.6));
#967 = CARTESIAN_POINT('',(0.3121445184,4.930743551526,-9.6));
#968 = ORIENTED_EDGE('',*,*,#969,.T.);
#969 = EDGE_CURVE('',#962,#970,#972,.T.);
#970 = VERTEX_POINT('',#971);
#971 = CARTESIAN_POINT('',(0.,4.899999998972,-9.6));
#972 = B_SPLINE_CURVE_WITH_KNOTS('',2,(#973,#974,#975),.UNSPECIFIED.,.F.
  ,.F.,(3,3),(0.4375,0.5),.PIECEWISE_BEZIER_KNOTS.);
#973 = CARTESIAN_POINT('',(0.3121445184,4.930743551526,-9.6));
#974 = CARTESIAN_POINT('',(0.157586245102,4.899999998972,-9.6));
#975 = CARTESIAN_POINT('',(0.,4.899999998972,-9.6));
#976 = ORIENTED_EDGE('',*,*,#977,.T.);
#977 = EDGE_CURVE('',#970,#978,#980,.T.);
#978 = VERTEX_POINT('',#979);
#979 = CARTESIAN_POINT('',(-0.3121445184,4.930743551526,-9.6));
#980 = B_SPLINE_CURVE_WITH_KNOTS('',2,(#981,#982,#983),.UNSPECIFIED.,.F.
  ,.F.,(3,3),(0.5,0.5625),.PIECEWISE_BEZIER_KNOTS.);
#981 = CARTESIAN_POINT('',(0.,4.899999998972,-9.6));
#982 = CARTESIAN_POINT('',(-0.157586245102,4.899999998972,-9.6));
#983 = CARTESIAN_POINT('',(-0.3121445184,4.930743551526,-9.6));
#984 = ORIENTED_EDGE('',*,*,#985,.T.);
#985 = EDGE_CURVE('',#978,#986,#988,.T.);
#986 = VERTEX_POINT('',#987);
#987 = CARTESIAN_POINT('',(-0.61229349467,5.021792747764,-9.6));
#988 = B_SPLINE_CURVE_WITH_KNOTS('',2,(#989,#990,#991),.UNSPECIFIED.,.F.
  ,.F.,(3,3),(0.5625,0.625),.PIECEWISE_BEZIER_KNOTS.);
#989 = CARTESIAN_POINT('',(-0.3121445184,4.930743551526,-9.6));
#990 = CARTESIAN_POINT('',(-0.46670278512,4.96148710408,-9.6));
#991 = CARTESIAN_POINT('',(-0.61229349467,5.021792747764,-9.6));
#992 = ORIENTED_EDGE('',*,*,#993,.T.);
#993 = EDGE_CURVE('',#986,#994,#996,.T.);
#994 = VERTEX_POINT('',#995);
#995 = CARTESIAN_POINT('',(-0.88891237292,5.169648617926,-9.6));
#996 = B_SPLINE_CURVE_WITH_KNOTS('',2,(#997,#998,#999),.UNSPECIFIED.,.F.
  ,.F.,(3,3),(0.625,0.6875),.PIECEWISE_BEZIER_KNOTS.);
#997 = CARTESIAN_POINT('',(-0.61229349467,5.021792747764,-9.6));
#998 = CARTESIAN_POINT('',(-0.757884197642,5.082098391448,-9.6));
#999 = CARTESIAN_POINT('',(-0.88891237292,5.169648617926,-9.6));
#1000 = ORIENTED_EDGE('',*,*,#1001,.T.);
#1001 = EDGE_CURVE('',#994,#1002,#1004,.T.);
#1002 = VERTEX_POINT('',#1003);
#1003 = CARTESIAN_POINT('',(-1.131370848608,5.368629151392,-9.6));
#1004 = B_SPLINE_CURVE_WITH_KNOTS('',2,(#1005,#1006,#1007),
  .UNSPECIFIED.,.F.,.F.,(3,3),(0.6875,0.75),.PIECEWISE_BEZIER_KNOTS.);
#1005 = CARTESIAN_POINT('',(-0.88891237292,5.169648617926,-9.6));
#1006 = CARTESIAN_POINT('',(-1.019940548198,5.257198844404,-9.6));
#1007 = CARTESIAN_POINT('',(-1.131370848608,5.368629151392,-9.6));
#1008 = ORIENTED_EDGE('',*,*,#1009,.T.);
#1009 = EDGE_CURVE('',#1002,#1010,#1012,.T.);
#1010 = VERTEX_POINT('',#1011);
#1011 = CARTESIAN_POINT('',(-1.330351382074,5.61108762708,-9.6));
#1012 = B_SPLINE_CURVE_WITH_KNOTS('',2,(#1013,#1014,#1015),
  .UNSPECIFIED.,.F.,.F.,(3,3),(0.75,0.8125),.PIECEWISE_BEZIER_KNOTS.);
#1013 = CARTESIAN_POINT('',(-1.131370848608,5.368629151392,-9.6));
#1014 = CARTESIAN_POINT('',(-1.242801155596,5.480059451802,-9.6));
#1015 = CARTESIAN_POINT('',(-1.330351382074,5.61108762708,-9.6));
#1016 = ORIENTED_EDGE('',*,*,#1017,.T.);
#1017 = EDGE_CURVE('',#1010,#1018,#1020,.T.);
#1018 = VERTEX_POINT('',#1019);
#1019 = CARTESIAN_POINT('',(-1.478207252236,5.88770650533,-9.6));
#1020 = B_SPLINE_CURVE_WITH_KNOTS('',2,(#1021,#1022,#1023),
  .UNSPECIFIED.,.F.,.F.,(3,3),(0.8125,0.875),.PIECEWISE_BEZIER_KNOTS.);
#1021 = CARTESIAN_POINT('',(-1.330351382074,5.61108762708,-9.6));
#1022 = CARTESIAN_POINT('',(-1.417901608552,5.742115802358,-9.6));
#1023 = CARTESIAN_POINT('',(-1.478207252236,5.88770650533,-9.6));
#1024 = ORIENTED_EDGE('',*,*,#1025,.T.);
#1025 = EDGE_CURVE('',#1018,#1026,#1028,.T.);
#1026 = VERTEX_POINT('',#1027);
#1027 = CARTESIAN_POINT('',(-1.569256448474,6.1878554816,-9.6));
#1028 = B_SPLINE_CURVE_WITH_KNOTS('',2,(#1029,#1030,#1031),
  .UNSPECIFIED.,.F.,.F.,(3,3),(0.875,0.9375),.PIECEWISE_BEZIER_KNOTS.);
#1029 = CARTESIAN_POINT('',(-1.478207252236,5.88770650533,-9.6));
#1030 = CARTESIAN_POINT('',(-1.53851289592,6.03329721488,-9.6));
#1031 = CARTESIAN_POINT('',(-1.569256448474,6.1878554816,-9.6));
#1032 = ORIENTED_EDGE('',*,*,#1033,.T.);
#1033 = EDGE_CURVE('',#1026,#1034,#1036,.T.);
#1034 = VERTEX_POINT('',#1035);
#1035 = CARTESIAN_POINT('',(-1.600000001028,6.5,-9.6));
#1036 = B_SPLINE_CURVE_WITH_KNOTS('',2,(#1037,#1038,#1039),
  .UNSPECIFIED.,.F.,.F.,(3,3),(0.9375,1.),.PIECEWISE_BEZIER_KNOTS.);
#1037 = CARTESIAN_POINT('',(-1.569256448474,6.1878554816,-9.6));
#1038 = CARTESIAN_POINT('',(-1.600000001028,6.342413754898,-9.6));
#1039 = CARTESIAN_POINT('',(-1.600000001028,6.5,-9.6));
#1040 = ORIENTED_EDGE('',*,*,#1041,.T.);
#1041 = EDGE_CURVE('',#1034,#1042,#1044,.T.);
#1042 = VERTEX_POINT('',#1043);
#1043 = CARTESIAN_POINT('',(-1.569256448474,6.8121445184,-9.6));
#1044 = B_SPLINE_CURVE_WITH_KNOTS('',2,(#1045,#1046,#1047),
  .UNSPECIFIED.,.F.,.F.,(3,3),(0.,6.25E-02),.PIECEWISE_BEZIER_KNOTS.);
#1045 = CARTESIAN_POINT('',(-1.600000001028,6.5,-9.6));
#1046 = CARTESIAN_POINT('',(-1.600000001028,6.657586245102,-9.6));
#1047 = CARTESIAN_POINT('',(-1.569256448474,6.8121445184,-9.6));
#1048 = ORIENTED_EDGE('',*,*,#1049,.T.);
#1049 = EDGE_CURVE('',#1042,#1050,#1052,.T.);
#1050 = VERTEX_POINT('',#1051);
#1051 = CARTESIAN_POINT('',(-1.478207252236,7.11229349467,-9.6));
#1052 = B_SPLINE_CURVE_WITH_KNOTS('',2,(#1053,#1054,#1055),
  .UNSPECIFIED.,.F.,.F.,(3,3),(6.25E-02,0.125),
  .PIECEWISE_BEZIER_KNOTS.);
#1053 = CARTESIAN_POINT('',(-1.569256448474,6.8121445184,-9.6));
#1054 = CARTESIAN_POINT('',(-1.53851289592,6.96670278512,-9.6));
#1055 = CARTESIAN_POINT('',(-1.478207252236,7.11229349467,-9.6));
#1056 = ORIENTED_EDGE('',*,*,#1057,.T.);
#1057 = EDGE_CURVE('',#1050,#1058,#1060,.T.);
#1058 = VERTEX_POINT('',#1059);
#1059 = CARTESIAN_POINT('',(-1.330351382074,7.38891237292,-9.6));
#1060 = B_SPLINE_CURVE_WITH_KNOTS('',2,(#1061,#1062,#1063),
  .UNSPECIFIED.,.F.,.F.,(3,3),(0.125,0.1875),.PIECEWISE_BEZIER_KNOTS.);
#1061 = CARTESIAN_POINT('',(-1.478207252236,7.11229349467,-9.6));
#1062 = CARTESIAN_POINT('',(-1.417901608552,7.257884197642,-9.6));
#1063 = CARTESIAN_POINT('',(-1.330351382074,7.38891237292,-9.6));
#1064 = ORIENTED_EDGE('',*,*,#1065,.T.);
#1065 = EDGE_CURVE('',#1058,#1066,#1068,.T.);
#1066 = VERTEX_POINT('',#1067);
#1067 = CARTESIAN_POINT('',(-1.131370848608,7.631370848608,-9.6));
#1068 = B_SPLINE_CURVE_WITH_KNOTS('',2,(#1069,#1070,#1071),
  .UNSPECIFIED.,.F.,.F.,(3,3),(0.1875,0.25),.PIECEWISE_BEZIER_KNOTS.);
#1069 = CARTESIAN_POINT('',(-1.330351382074,7.38891237292,-9.6));
#1070 = CARTESIAN_POINT('',(-1.242801155596,7.519940548198,-9.6));
#1071 = CARTESIAN_POINT('',(-1.131370848608,7.631370848608,-9.6));
#1072 = ORIENTED_EDGE('',*,*,#1073,.T.);
#1073 = EDGE_CURVE('',#1066,#1074,#1076,.T.);
#1074 = VERTEX_POINT('',#1075);
#1075 = CARTESIAN_POINT('',(-0.88891237292,7.830351382074,-9.6));
#1076 = B_SPLINE_CURVE_WITH_KNOTS('',2,(#1077,#1078,#1079),
  .UNSPECIFIED.,.F.,.F.,(3,3),(0.25,0.3125),.PIECEWISE_BEZIER_KNOTS.);
#1077 = CARTESIAN_POINT('',(-1.131370848608,7.631370848608,-9.6));
#1078 = CARTESIAN_POINT('',(-1.019940548198,7.742801155596,-9.6));
#1079 = CARTESIAN_POINT('',(-0.88891237292,7.830351382074,-9.6));
#1080 = ORIENTED_EDGE('',*,*,#1081,.T.);
#1081 = EDGE_CURVE('',#1074,#1082,#1084,.T.);
#1082 = VERTEX_POINT('',#1083);
#1083 = CARTESIAN_POINT('',(-0.61229349467,7.978207252236,-9.6));
#1084 = B_SPLINE_CURVE_WITH_KNOTS('',2,(#1085,#1086,#1087),
  .UNSPECIFIED.,.F.,.F.,(3,3),(0.3125,0.375),.PIECEWISE_BEZIER_KNOTS.);
#1085 = CARTESIAN_POINT('',(-0.88891237292,7.830351382074,-9.6));
#1086 = CARTESIAN_POINT('',(-0.757884197642,7.917901608552,-9.6));
#1087 = CARTESIAN_POINT('',(-0.61229349467,7.978207252236,-9.6));
#1088 = ORIENTED_EDGE('',*,*,#1089,.T.);
#1089 = EDGE_CURVE('',#1082,#1090,#1092,.T.);
#1090 = VERTEX_POINT('',#1091);
#1091 = CARTESIAN_POINT('',(-0.3121445184,8.069256448474,-9.6));
#1092 = B_SPLINE_CURVE_WITH_KNOTS('',2,(#1093,#1094,#1095),
  .UNSPECIFIED.,.F.,.F.,(3,3),(0.375,0.4375),.PIECEWISE_BEZIER_KNOTS.);
#1093 = CARTESIAN_POINT('',(-0.61229349467,7.978207252236,-9.6));
#1094 = CARTESIAN_POINT('',(-0.46670278512,8.03851289592,-9.6));
#1095 = CARTESIAN_POINT('',(-0.3121445184,8.069256448474,-9.6));
#1096 = ORIENTED_EDGE('',*,*,#1097,.T.);
#1097 = EDGE_CURVE('',#1090,#1098,#1100,.T.);
#1098 = VERTEX_POINT('',#1099);
#1099 = CARTESIAN_POINT('',(0.,8.100000001028,-9.6));
#1100 = B_SPLINE_CURVE_WITH_KNOTS('',2,(#1101,#1102,#1103),
  .UNSPECIFIED.,.F.,.F.,(3,3),(0.4375,0.5),.PIECEWISE_BEZIER_KNOTS.);
#1101 = CARTESIAN_POINT('',(-0.3121445184,8.069256448474,-9.6));
#1102 = CARTESIAN_POINT('',(-0.157586245102,8.100000001028,-9.6));
#1103 = CARTESIAN_POINT('',(0.,8.100000001028,-9.6));
#1104 = ORIENTED_EDGE('',*,*,#1105,.T.);
#1105 = EDGE_CURVE('',#1098,#1106,#1108,.T.);
#1106 = VERTEX_POINT('',#1107);
#1107 = CARTESIAN_POINT('',(0.3121445184,8.069256448474,-9.6));
#1108 = B_SPLINE_CURVE_WITH_KNOTS('',2,(#1109,#1110,#1111),
  .UNSPECIFIED.,.F.,.F.,(3,3),(0.5,0.5625),.PIECEWISE_BEZIER_KNOTS.);
#1109 = CARTESIAN_POINT('',(0.,8.100000001028,-9.6));
#1110 = CARTESIAN_POINT('',(0.157586245102,8.100000001028,-9.6));
#1111 = CARTESIAN_POINT('',(0.3121445184,8.069256448474,-9.6));
#1112 = ORIENTED_EDGE('',*,*,#1113,.T.);
#1113 = EDGE_CURVE('',#1106,#1114,#1116,.T.);
#1114 = VERTEX_POINT('',#1115);
#1115 = CARTESIAN_POINT('',(0.61229349467,7.978207252236,-9.6));
#1116 = B_SPLINE_CURVE_WITH_KNOTS('',2,(#1117,#1118,#1119),
  .UNSPECIFIED.,.F.,.F.,(3,3),(0.5625,0.625),.PIECEWISE_BEZIER_KNOTS.);
#1117 = CARTESIAN_POINT('',(0.3121445184,8.069256448474,-9.6));
#1118 = CARTESIAN_POINT('',(0.46670278512,8.03851289592,-9.6));
#1119 = CARTESIAN_POINT('',(0.61229349467,7.978207252236,-9.6));
#1120 = ORIENTED_EDGE('',*,*,#1121,.T.);
#1121 = EDGE_CURVE('',#1114,#1122,#1124,.T.);
#1122 = VERTEX_POINT('',#1123);
#1123 = CARTESIAN_POINT('',(0.88891237292,7.830351382074,-9.6));
#1124 = B_SPLINE_CURVE_WITH_KNOTS('',2,(#1125,#1126,#1127),
  .UNSPECIFIED.,.F.,.F.,(3,3),(0.625,0.6875),.PIECEWISE_BEZIER_KNOTS.);
#1125 = CARTESIAN_POINT('',(0.61229349467,7.978207252236,-9.6));
#1126 = CARTESIAN_POINT('',(0.757884197642,7.917901608552,-9.6));
#1127 = CARTESIAN_POINT('',(0.88891237292,7.830351382074,-9.6));
#1128 = ORIENTED_EDGE('',*,*,#1129,.T.);
#1129 = EDGE_CURVE('',#1122,#1130,#1132,.T.);
#1130 = VERTEX_POINT('',#1131);
#1131 = CARTESIAN_POINT('',(1.131370848608,7.631370848608,-9.6));
#1132 = B_SPLINE_CURVE_WITH_KNOTS('',2,(#1133,#1134,#1135),
  .UNSPECIFIED.,.F.,.F.,(3,3),(0.6875,0.75),.PIECEWISE_BEZIER_KNOTS.);
#1133 = CARTESIAN_POINT('',(0.88891237292,7.830351382074,-9.6));
#1134 = CARTESIAN_POINT('',(1.019940548198,7.742801155596,-9.6));
#1135 = CARTESIAN_POINT('',(1.131370848608,7.631370848608,-9.6));
#1136 = ORIENTED_EDGE('',*,*,#1137,.T.);
#1137 = EDGE_CURVE('',#1130,#1138,#1140,.T.);
#1138 = VERTEX_POINT('',#1139);
#1139 = CARTESIAN_POINT('',(1.330351382074,7.38891237292,-9.6));
#1140 = B_SPLINE_CURVE_WITH_KNOTS('',2,(#1141,#1142,#1143),
  .UNSPECIFIED.,.F.,.F.,(3,3),(0.75,0.8125),.PIECEWISE_BEZIER_KNOTS.);
#1141 = CARTESIAN_POINT('',(1.131370848608,7.631370848608,-9.6));
#1142 = CARTESIAN_POINT('',(1.242801155596,7.519940548198,-9.6));
#1143 = CARTESIAN_POINT('',(1.330351382074,7.38891237292,-9.6));
#1144 = ORIENTED_EDGE('',*,*,#1145,.T.);
#1145 = EDGE_CURVE('',#1138,#1146,#1148,.T.);
#1146 = VERTEX_POINT('',#1147);
#1147 = CARTESIAN_POINT('',(1.478207252236,7.11229349467,-9.6));
#1148 = B_SPLINE_CURVE_WITH_KNOTS('',2,(#1149,#1150,#1151),
  .UNSPECIFIED.,.F.,.F.,(3,3),(0.8125,0.875),.PIECEWISE_BEZIER_KNOTS.);
#1149 = CARTESIAN_POINT('',(1.330351382074,7.38891237292,-9.6));
#1150 = CARTESIAN_POINT('',(1.417901608552,7.257884197642,-9.6));
#1151 = CARTESIAN_POINT('',(1.478207252236,7.11229349467,-9.6));
#1152 = ORIENTED_EDGE('',*,*,#1153,.T.);
#1153 = EDGE_CURVE('',#1146,#1154,#1156,.T.);
#1154 = VERTEX_POINT('',#1155);
#1155 = CARTESIAN_POINT('',(1.569256448474,6.8121445184,-9.6));
#1156 = B_SPLINE_CURVE_WITH_KNOTS('',2,(#1157,#1158,#1159),
  .UNSPECIFIED.,.F.,.F.,(3,3),(0.875,0.9375),.PIECEWISE_BEZIER_KNOTS.);
#1157 = CARTESIAN_POINT('',(1.478207252236,7.11229349467,-9.6));
#1158 = CARTESIAN_POINT('',(1.53851289592,6.96670278512,-9.6));
#1159 = CARTESIAN_POINT('',(1.569256448474,6.8121445184,-9.6));
#1160 = ORIENTED_EDGE('',*,*,#1161,.T.);
#1161 = EDGE_CURVE('',#1154,#912,#1162,.T.);
#1162 = B_SPLINE_CURVE_WITH_KNOTS('',2,(#1163,#1164,#1165),
  .UNSPECIFIED.,.F.,.F.,(3,3),(0.9375,1.),.PIECEWISE_BEZIER_KNOTS.);
#1163 = CARTESIAN_POINT('',(1.569256448474,6.8121445184,-9.6));
#1164 = CARTESIAN_POINT('',(1.600000001028,6.657586245102,-9.6));
#1165 = CARTESIAN_POINT('',(1.600000001028,6.5,-9.6));
#1166 = B_SPLINE_SURFACE_WITH_KNOTS('',1,1,(
    (#1167,#1168)
    ,(#1169,#1170
    )),.UNSPECIFIED.,.F.,.F.,.F.,(2,2),(2,2),(0.,1.),(0.,1.),
  .PIECEWISE_BEZIER_KNOTS.);
#1167 = CARTESIAN_POINT('',(-3.289,3.211,-9.6));
#1168 = CARTESIAN_POINT('',(-3.289,9.789,-9.6));
#1169 = CARTESIAN_POINT('',(3.289,3.211,-9.6));
#1170 = CARTESIAN_POINT('',(3.289,9.789,-9.6));
#1171 = SHELL_BASED_SURFACE_MODEL('',(#1172));
#1172 = OPEN_SHELL('',(#1173));
#1173 = ADVANCED_FACE('',(#1174),#1210,.T.);
#1174 = FACE_BOUND('',#1175,.T.);
#1175 = EDGE_LOOP('',(#1176,#1186,#1195,#1203));
#1176 = ORIENTED_EDGE('',*,*,#1177,.F.);
#1177 = EDGE_CURVE('',#1178,#1180,#1182,.T.);
#1178 = VERTEX_POINT('',#1179);
#1179 = CARTESIAN_POINT('',(-0.15,0.3,-5.6));
#1180 = VERTEX_POINT('',#1181);
#1181 = CARTESIAN_POINT('',(-0.15,-0.3,-5.6));
#1182 = LINE('',#1183,#1184);
#1183 = CARTESIAN_POINT('',(-0.15,0.3,-5.6));
#1184 = VECTOR('',#1185,1.);
#1185 = DIRECTION('',(0.,-1.,0.));
#1186 = ORIENTED_EDGE('',*,*,#1187,.F.);
#1187 = EDGE_CURVE('',#1188,#1178,#1190,.T.);
#1188 = VERTEX_POINT('',#1189);
#1189 = CARTESIAN_POINT('',(-0.15,0.3,-4.4));
#1190 = CIRCLE('',#1191,0.6);
#1191 = AXIS2_PLACEMENT_3D('',#1192,#1193,#1194);
#1192 = CARTESIAN_POINT('',(-0.15,0.3,-5.));
#1193 = DIRECTION('',(0.,-1.,6.123233995737E-17));
#1194 = DIRECTION('',(-1.608122649677E-16,6.123233995737E-17,1.));
#1195 = ORIENTED_EDGE('',*,*,#1196,.F.);
#1196 = EDGE_CURVE('',#1197,#1188,#1199,.T.);
#1197 = VERTEX_POINT('',#1198);
#1198 = CARTESIAN_POINT('',(-0.15,-0.3,-4.4));
#1199 = LINE('',#1200,#1201);
#1200 = CARTESIAN_POINT('',(-0.15,-0.3,-4.4));
#1201 = VECTOR('',#1202,1.);
#1202 = DIRECTION('',(0.,1.,0.));
#1203 = ORIENTED_EDGE('',*,*,#1204,.F.);
#1204 = EDGE_CURVE('',#1180,#1197,#1205,.T.);
#1205 = CIRCLE('',#1206,0.6);
#1206 = AXIS2_PLACEMENT_3D('',#1207,#1208,#1209);
#1207 = CARTESIAN_POINT('',(-0.15,-0.3,-5.));
#1208 = DIRECTION('',(0.,1.,6.123233995737E-17));
#1209 = DIRECTION('',(-3.828568698927E-16,6.123233995737E-17,-1.));
#1210 = SURFACE_OF_REVOLUTION('',#1211,#1215);
#1211 = LINE('',#1212,#1213);
#1212 = CARTESIAN_POINT('',(-0.15,-0.3,-4.4));
#1213 = VECTOR('',#1214,1.);
#1214 = DIRECTION('',(0.,1.,0.));
#1215 = AXIS1_PLACEMENT('',#1216,#1217);
#1216 = CARTESIAN_POINT('',(-0.15,-4.604163056,-5.));
#1217 = DIRECTION('',(0.,-1.,0.));
#1218 = SHELL_BASED_SURFACE_MODEL('',(#1219));
#1219 = OPEN_SHELL('',(#1220));
#1220 = ADVANCED_FACE('',(#1221),#1255,.T.);
#1221 = FACE_BOUND('',#1222,.T.);
#1222 = EDGE_LOOP('',(#1223,#1233,#1241,#1249));
#1223 = ORIENTED_EDGE('',*,*,#1224,.T.);
#1224 = EDGE_CURVE('',#1225,#1227,#1229,.T.);
#1225 = VERTEX_POINT('',#1226);
#1226 = CARTESIAN_POINT('',(0.15,-0.3,-5.6));
#1227 = VERTEX_POINT('',#1228);
#1228 = CARTESIAN_POINT('',(0.15,0.3,-5.6));
#1229 = LINE('',#1230,#1231);
#1230 = CARTESIAN_POINT('',(0.15,-0.3,-5.6));
#1231 = VECTOR('',#1232,1.);
#1232 = DIRECTION('',(0.,1.,0.));
#1233 = ORIENTED_EDGE('',*,*,#1234,.T.);
#1234 = EDGE_CURVE('',#1227,#1235,#1237,.T.);
#1235 = VERTEX_POINT('',#1236);
#1236 = CARTESIAN_POINT('',(-0.15,0.3,-5.6));
#1237 = LINE('',#1238,#1239);
#1238 = CARTESIAN_POINT('',(0.15,0.3,-5.6));
#1239 = VECTOR('',#1240,1.);
#1240 = DIRECTION('',(-1.,0.,0.));
#1241 = ORIENTED_EDGE('',*,*,#1242,.T.);
#1242 = EDGE_CURVE('',#1235,#1243,#1245,.T.);
#1243 = VERTEX_POINT('',#1244);
#1244 = CARTESIAN_POINT('',(-0.15,-0.3,-5.6));
#1245 = LINE('',#1246,#1247);
#1246 = CARTESIAN_POINT('',(-0.15,0.3,-5.6));
#1247 = VECTOR('',#1248,1.);
#1248 = DIRECTION('',(0.,-1.,0.));
#1249 = ORIENTED_EDGE('',*,*,#1250,.T.);
#1250 = EDGE_CURVE('',#1243,#1225,#1251,.T.);
#1251 = LINE('',#1252,#1253);
#1252 = CARTESIAN_POINT('',(-0.15,-0.3,-5.6));
#1253 = VECTOR('',#1254,1.);
#1254 = DIRECTION('',(1.,0.,0.));
#1255 = B_SPLINE_SURFACE_WITH_KNOTS('',1,1,(
    (#1256,#1257)
    ,(#1258,#1259
    )),.UNSPECIFIED.,.F.,.F.,.F.,(2,2),(2,2),(0.,1.),(0.,1.),
  .PIECEWISE_BEZIER_KNOTS.);
#1256 = CARTESIAN_POINT('',(-0.15,-0.3,-5.6));
#1257 = CARTESIAN_POINT('',(-0.15,0.3,-5.6));
#1258 = CARTESIAN_POINT('',(0.15,-0.3,-5.6));
#1259 = CARTESIAN_POINT('',(0.15,0.3,-5.6));
#1260 = SHELL_BASED_SURFACE_MODEL('',(#1261));
#1261 = OPEN_SHELL('',(#1262));
#1262 = ADVANCED_FACE('',(#1263),#1299,.T.);
#1263 = FACE_BOUND('',#1264,.T.);
#1264 = EDGE_LOOP('',(#1265,#1275,#1284,#1292));
#1265 = ORIENTED_EDGE('',*,*,#1266,.F.);
#1266 = EDGE_CURVE('',#1267,#1269,#1271,.T.);
#1267 = VERTEX_POINT('',#1268);
#1268 = CARTESIAN_POINT('',(0.15,0.3,-4.4));
#1269 = VERTEX_POINT('',#1270);
#1270 = CARTESIAN_POINT('',(0.15,-0.3,-4.4));
#1271 = LINE('',#1272,#1273);
#1272 = CARTESIAN_POINT('',(0.15,0.3,-4.4));
#1273 = VECTOR('',#1274,1.);
#1274 = DIRECTION('',(0.,-1.,0.));
#1275 = ORIENTED_EDGE('',*,*,#1276,.F.);
#1276 = EDGE_CURVE('',#1277,#1267,#1279,.T.);
#1277 = VERTEX_POINT('',#1278);
#1278 = CARTESIAN_POINT('',(0.15,0.3,-5.6));
#1279 = CIRCLE('',#1280,0.6);
#1280 = AXIS2_PLACEMENT_3D('',#1281,#1282,#1283);
#1281 = CARTESIAN_POINT('',(0.15,0.3,-5.));
#1282 = DIRECTION('',(0.,-1.,6.123233995737E-17));
#1283 = DIRECTION('',(1.402715769533E-14,-6.123233995737E-17,-1.));
#1284 = ORIENTED_EDGE('',*,*,#1285,.F.);
#1285 = EDGE_CURVE('',#1286,#1277,#1288,.T.);
#1286 = VERTEX_POINT('',#1287);
#1287 = CARTESIAN_POINT('',(0.15,-0.3,-5.6));
#1288 = LINE('',#1289,#1290);
#1289 = CARTESIAN_POINT('',(0.15,-0.3,-5.6));
#1290 = VECTOR('',#1291,1.);
#1291 = DIRECTION('',(0.,1.,0.));
#1292 = ORIENTED_EDGE('',*,*,#1293,.F.);
#1293 = EDGE_CURVE('',#1269,#1286,#1294,.T.);
#1294 = CIRCLE('',#1295,0.6);
#1295 = AXIS2_PLACEMENT_3D('',#1296,#1297,#1298);
#1296 = CARTESIAN_POINT('',(0.15,-0.3,-5.));
#1297 = DIRECTION('',(0.,1.,6.123233995737E-17));
#1298 = DIRECTION('',(1.402715769533E-14,-6.123233995737E-17,1.));
#1299 = SURFACE_OF_REVOLUTION('',#1300,#1304);
#1300 = LINE('',#1301,#1302);
#1301 = CARTESIAN_POINT('',(0.15,-0.3,-4.4));
#1302 = VECTOR('',#1303,1.);
#1303 = DIRECTION('',(0.,1.,0.));
#1304 = AXIS1_PLACEMENT('',#1305,#1306);
#1305 = CARTESIAN_POINT('',(0.15,-4.604163056,-5.));
#1306 = DIRECTION('',(0.,-1.,0.));
#1307 = SHELL_BASED_SURFACE_MODEL('',(#1308));
#1308 = OPEN_SHELL('',(#1309));
#1309 = ADVANCED_FACE('',(#1310,#1568),#1714,.T.);
#1310 = FACE_BOUND('',#1311,.T.);
#1311 = EDGE_LOOP('',(#1312,#1322,#1330,#1338,#1346,#1354,#1362,#1370,
    #1378,#1386,#1394,#1402,#1410,#1418,#1426,#1434,#1442,#1450,#1458,
    #1466,#1474,#1482,#1490,#1498,#1506,#1514,#1522,#1530,#1538,#1546,
    #1554,#1562));
#1312 = ORIENTED_EDGE('',*,*,#1313,.T.);
#1313 = EDGE_CURVE('',#1314,#1316,#1318,.T.);
#1314 = VERTEX_POINT('',#1315);
#1315 = CARTESIAN_POINT('',(0.,0.3,-6.424999999293));
#1316 = VERTEX_POINT('',#1317);
#1317 = CARTESIAN_POINT('',(0.278003708816,0.3,-6.397619025414));
#1318 = B_SPLINE_CURVE_WITH_KNOTS('',2,(#1319,#1320,#1321),
  .UNSPECIFIED.,.F.,.F.,(3,3),(0.,6.25E-02),.PIECEWISE_BEZIER_KNOTS.);
#1319 = CARTESIAN_POINT('',(0.,0.3,-6.424999999293));
#1320 = CARTESIAN_POINT('',(0.140350251076,0.3,-6.424999999293));
#1321 = CARTESIAN_POINT('',(0.278003708816,0.3,-6.397619025414));
#1322 = ORIENTED_EDGE('',*,*,#1323,.T.);
#1323 = EDGE_CURVE('',#1316,#1324,#1326,.T.);
#1324 = VERTEX_POINT('',#1325);
#1325 = CARTESIAN_POINT('',(0.545323890896,0.3,-6.316528334924));
#1326 = B_SPLINE_CURVE_WITH_KNOTS('',2,(#1327,#1328,#1329),
  .UNSPECIFIED.,.F.,.F.,(3,3),(6.25E-02,0.125),
  .PIECEWISE_BEZIER_KNOTS.);
#1327 = CARTESIAN_POINT('',(0.278003708816,0.3,-6.397619025414));
#1328 = CARTESIAN_POINT('',(0.415657166555,0.3,-6.37023804865));
#1329 = CARTESIAN_POINT('',(0.545323890896,0.3,-6.316528334924));
#1330 = ORIENTED_EDGE('',*,*,#1331,.T.);
#1331 = EDGE_CURVE('',#1324,#1332,#1334,.T.);
#1332 = VERTEX_POINT('',#1333);
#1333 = CARTESIAN_POINT('',(0.791687582492,0.3,-6.184844196325));
#1334 = B_SPLINE_CURVE_WITH_KNOTS('',2,(#1335,#1336,#1337),
  .UNSPECIFIED.,.F.,.F.,(3,3),(0.125,0.1875),.PIECEWISE_BEZIER_KNOTS.);
#1335 = CARTESIAN_POINT('',(0.545323890896,0.3,-6.316528334924));
#1336 = CARTESIAN_POINT('',(0.674990615237,0.3,-6.262818618314));
#1337 = CARTESIAN_POINT('',(0.791687582492,0.3,-6.184844196325));
#1338 = ORIENTED_EDGE('',*,*,#1339,.T.);
#1339 = EDGE_CURVE('',#1332,#1340,#1342,.T.);
#1340 = VERTEX_POINT('',#1341);
#1341 = CARTESIAN_POINT('',(1.007627163484,0.3,-6.007627163484));
#1342 = B_SPLINE_CURVE_WITH_KNOTS('',2,(#1343,#1344,#1345),
  .UNSPECIFIED.,.F.,.F.,(3,3),(0.1875,0.25),.PIECEWISE_BEZIER_KNOTS.);
#1343 = CARTESIAN_POINT('',(0.791687582492,0.3,-6.184844196325));
#1344 = CARTESIAN_POINT('',(0.908384549747,0.3,-6.10686977722));
#1345 = CARTESIAN_POINT('',(1.007627163484,0.3,-6.007627163484));
#1346 = ORIENTED_EDGE('',*,*,#1347,.T.);
#1347 = EDGE_CURVE('',#1340,#1348,#1350,.T.);
#1348 = VERTEX_POINT('',#1349);
#1349 = CARTESIAN_POINT('',(1.184844196325,0.3,-5.791687582492));
#1350 = B_SPLINE_CURVE_WITH_KNOTS('',2,(#1351,#1352,#1353),
  .UNSPECIFIED.,.F.,.F.,(3,3),(0.25,0.3125),.PIECEWISE_BEZIER_KNOTS.);
#1351 = CARTESIAN_POINT('',(1.007627163484,0.3,-6.007627163484));
#1352 = CARTESIAN_POINT('',(1.10686977722,0.3,-5.908384549747));
#1353 = CARTESIAN_POINT('',(1.184844196325,0.3,-5.791687582492));
#1354 = ORIENTED_EDGE('',*,*,#1355,.T.);
#1355 = EDGE_CURVE('',#1348,#1356,#1358,.T.);
#1356 = VERTEX_POINT('',#1357);
#1357 = CARTESIAN_POINT('',(1.316528334924,0.3,-5.545323890896));
#1358 = B_SPLINE_CURVE_WITH_KNOTS('',2,(#1359,#1360,#1361),
  .UNSPECIFIED.,.F.,.F.,(3,3),(0.3125,0.375),.PIECEWISE_BEZIER_KNOTS.);
#1359 = CARTESIAN_POINT('',(1.184844196325,0.3,-5.791687582492));
#1360 = CARTESIAN_POINT('',(1.262818618314,0.3,-5.674990615237));
#1361 = CARTESIAN_POINT('',(1.316528334924,0.3,-5.545323890896));
#1362 = ORIENTED_EDGE('',*,*,#1363,.T.);
#1363 = EDGE_CURVE('',#1356,#1364,#1366,.T.);
#1364 = VERTEX_POINT('',#1365);
#1365 = CARTESIAN_POINT('',(1.397619025414,0.3,-5.278003708816));
#1366 = B_SPLINE_CURVE_WITH_KNOTS('',2,(#1367,#1368,#1369),
  .UNSPECIFIED.,.F.,.F.,(3,3),(0.375,0.4375),.PIECEWISE_BEZIER_KNOTS.);
#1367 = CARTESIAN_POINT('',(1.316528334924,0.3,-5.545323890896));
#1368 = CARTESIAN_POINT('',(1.37023804865,0.3,-5.415657166555));
#1369 = CARTESIAN_POINT('',(1.397619025414,0.3,-5.278003708816));
#1370 = ORIENTED_EDGE('',*,*,#1371,.T.);
#1371 = EDGE_CURVE('',#1364,#1372,#1374,.T.);
#1372 = VERTEX_POINT('',#1373);
#1373 = CARTESIAN_POINT('',(1.424999999293,0.3,-5.));
#1374 = B_SPLINE_CURVE_WITH_KNOTS('',2,(#1375,#1376,#1377),
  .UNSPECIFIED.,.F.,.F.,(3,3),(0.4375,0.5),.PIECEWISE_BEZIER_KNOTS.);
#1375 = CARTESIAN_POINT('',(1.397619025414,0.3,-5.278003708816));
#1376 = CARTESIAN_POINT('',(1.424999999293,0.3,-5.140350251076));
#1377 = CARTESIAN_POINT('',(1.424999999293,0.3,-5.));
#1378 = ORIENTED_EDGE('',*,*,#1379,.T.);
#1379 = EDGE_CURVE('',#1372,#1380,#1382,.T.);
#1380 = VERTEX_POINT('',#1381);
#1381 = CARTESIAN_POINT('',(1.397619025414,0.3,-4.721996291184));
#1382 = B_SPLINE_CURVE_WITH_KNOTS('',2,(#1383,#1384,#1385),
  .UNSPECIFIED.,.F.,.F.,(3,3),(0.5,0.5625),.PIECEWISE_BEZIER_KNOTS.);
#1383 = CARTESIAN_POINT('',(1.424999999293,0.3,-5.));
#1384 = CARTESIAN_POINT('',(1.424999999293,0.3,-4.859649748924));
#1385 = CARTESIAN_POINT('',(1.397619025414,0.3,-4.721996291184));
#1386 = ORIENTED_EDGE('',*,*,#1387,.T.);
#1387 = EDGE_CURVE('',#1380,#1388,#1390,.T.);
#1388 = VERTEX_POINT('',#1389);
#1389 = CARTESIAN_POINT('',(1.316528334924,0.3,-4.454676109104));
#1390 = B_SPLINE_CURVE_WITH_KNOTS('',2,(#1391,#1392,#1393),
  .UNSPECIFIED.,.F.,.F.,(3,3),(0.5625,0.625),.PIECEWISE_BEZIER_KNOTS.);
#1391 = CARTESIAN_POINT('',(1.397619025414,0.3,-4.721996291184));
#1392 = CARTESIAN_POINT('',(1.37023804865,0.3,-4.584342833445));
#1393 = CARTESIAN_POINT('',(1.316528334924,0.3,-4.454676109104));
#1394 = ORIENTED_EDGE('',*,*,#1395,.T.);
#1395 = EDGE_CURVE('',#1388,#1396,#1398,.T.);
#1396 = VERTEX_POINT('',#1397);
#1397 = CARTESIAN_POINT('',(1.184844196325,0.3,-4.208312417508));
#1398 = B_SPLINE_CURVE_WITH_KNOTS('',2,(#1399,#1400,#1401),
  .UNSPECIFIED.,.F.,.F.,(3,3),(0.625,0.6875),.PIECEWISE_BEZIER_KNOTS.);
#1399 = CARTESIAN_POINT('',(1.316528334924,0.3,-4.454676109104));
#1400 = CARTESIAN_POINT('',(1.262818618314,0.3,-4.325009384763));
#1401 = CARTESIAN_POINT('',(1.184844196325,0.3,-4.208312417508));
#1402 = ORIENTED_EDGE('',*,*,#1403,.T.);
#1403 = EDGE_CURVE('',#1396,#1404,#1406,.T.);
#1404 = VERTEX_POINT('',#1405);
#1405 = CARTESIAN_POINT('',(1.007627163484,0.3,-3.992372836516));
#1406 = B_SPLINE_CURVE_WITH_KNOTS('',2,(#1407,#1408,#1409),
  .UNSPECIFIED.,.F.,.F.,(3,3),(0.6875,0.75),.PIECEWISE_BEZIER_KNOTS.);
#1407 = CARTESIAN_POINT('',(1.184844196325,0.3,-4.208312417508));
#1408 = CARTESIAN_POINT('',(1.10686977722,0.3,-4.091615450253));
#1409 = CARTESIAN_POINT('',(1.007627163484,0.3,-3.992372836516));
#1410 = ORIENTED_EDGE('',*,*,#1411,.T.);
#1411 = EDGE_CURVE('',#1404,#1412,#1414,.T.);
#1412 = VERTEX_POINT('',#1413);
#1413 = CARTESIAN_POINT('',(0.791687582492,0.3,-3.815155803675));
#1414 = B_SPLINE_CURVE_WITH_KNOTS('',2,(#1415,#1416,#1417),
  .UNSPECIFIED.,.F.,.F.,(3,3),(0.75,0.8125),.PIECEWISE_BEZIER_KNOTS.);
#1415 = CARTESIAN_POINT('',(1.007627163484,0.3,-3.992372836516));
#1416 = CARTESIAN_POINT('',(0.908384549747,0.3,-3.89313022278));
#1417 = CARTESIAN_POINT('',(0.791687582492,0.3,-3.815155803675));
#1418 = ORIENTED_EDGE('',*,*,#1419,.T.);
#1419 = EDGE_CURVE('',#1412,#1420,#1422,.T.);
#1420 = VERTEX_POINT('',#1421);
#1421 = CARTESIAN_POINT('',(0.545323890896,0.3,-3.683471665076));
#1422 = B_SPLINE_CURVE_WITH_KNOTS('',2,(#1423,#1424,#1425),
  .UNSPECIFIED.,.F.,.F.,(3,3),(0.8125,0.875),.PIECEWISE_BEZIER_KNOTS.);
#1423 = CARTESIAN_POINT('',(0.791687582492,0.3,-3.815155803675));
#1424 = CARTESIAN_POINT('',(0.674990615237,0.3,-3.737181381686));
#1425 = CARTESIAN_POINT('',(0.545323890896,0.3,-3.683471665076));
#1426 = ORIENTED_EDGE('',*,*,#1427,.T.);
#1427 = EDGE_CURVE('',#1420,#1428,#1430,.T.);
#1428 = VERTEX_POINT('',#1429);
#1429 = CARTESIAN_POINT('',(0.278003708816,0.3,-3.602380974586));
#1430 = B_SPLINE_CURVE_WITH_KNOTS('',2,(#1431,#1432,#1433),
  .UNSPECIFIED.,.F.,.F.,(3,3),(0.875,0.9375),.PIECEWISE_BEZIER_KNOTS.);
#1431 = CARTESIAN_POINT('',(0.545323890896,0.3,-3.683471665076));
#1432 = CARTESIAN_POINT('',(0.415657166555,0.3,-3.62976195135));
#1433 = CARTESIAN_POINT('',(0.278003708816,0.3,-3.602380974586));
#1434 = ORIENTED_EDGE('',*,*,#1435,.T.);
#1435 = EDGE_CURVE('',#1428,#1436,#1438,.T.);
#1436 = VERTEX_POINT('',#1437);
#1437 = CARTESIAN_POINT('',(0.,0.3,-3.575000000707));
#1438 = B_SPLINE_CURVE_WITH_KNOTS('',2,(#1439,#1440,#1441),
  .UNSPECIFIED.,.F.,.F.,(3,3),(0.9375,1.),.PIECEWISE_BEZIER_KNOTS.);
#1439 = CARTESIAN_POINT('',(0.278003708816,0.3,-3.602380974586));
#1440 = CARTESIAN_POINT('',(0.140350251076,0.3,-3.575000000707));
#1441 = CARTESIAN_POINT('',(0.,0.3,-3.575000000707));
#1442 = ORIENTED_EDGE('',*,*,#1443,.T.);
#1443 = EDGE_CURVE('',#1436,#1444,#1446,.T.);
#1444 = VERTEX_POINT('',#1445);
#1445 = CARTESIAN_POINT('',(-0.278003708816,0.3,-3.602380974586));
#1446 = B_SPLINE_CURVE_WITH_KNOTS('',2,(#1447,#1448,#1449),
  .UNSPECIFIED.,.F.,.F.,(3,3),(0.,6.25E-02),.PIECEWISE_BEZIER_KNOTS.);
#1447 = CARTESIAN_POINT('',(0.,0.3,-3.575000000707));
#1448 = CARTESIAN_POINT('',(-0.140350251076,0.3,-3.575000000707));
#1449 = CARTESIAN_POINT('',(-0.278003708816,0.3,-3.602380974586));
#1450 = ORIENTED_EDGE('',*,*,#1451,.T.);
#1451 = EDGE_CURVE('',#1444,#1452,#1454,.T.);
#1452 = VERTEX_POINT('',#1453);
#1453 = CARTESIAN_POINT('',(-0.545323890896,0.3,-3.683471665076));
#1454 = B_SPLINE_CURVE_WITH_KNOTS('',2,(#1455,#1456,#1457),
  .UNSPECIFIED.,.F.,.F.,(3,3),(6.25E-02,0.125),
  .PIECEWISE_BEZIER_KNOTS.);
#1455 = CARTESIAN_POINT('',(-0.278003708816,0.3,-3.602380974586));
#1456 = CARTESIAN_POINT('',(-0.415657166555,0.3,-3.62976195135));
#1457 = CARTESIAN_POINT('',(-0.545323890896,0.3,-3.683471665076));
#1458 = ORIENTED_EDGE('',*,*,#1459,.T.);
#1459 = EDGE_CURVE('',#1452,#1460,#1462,.T.);
#1460 = VERTEX_POINT('',#1461);
#1461 = CARTESIAN_POINT('',(-0.791687582492,0.3,-3.815155803675));
#1462 = B_SPLINE_CURVE_WITH_KNOTS('',2,(#1463,#1464,#1465),
  .UNSPECIFIED.,.F.,.F.,(3,3),(0.125,0.1875),.PIECEWISE_BEZIER_KNOTS.);
#1463 = CARTESIAN_POINT('',(-0.545323890896,0.3,-3.683471665076));
#1464 = CARTESIAN_POINT('',(-0.674990615237,0.3,-3.737181381686));
#1465 = CARTESIAN_POINT('',(-0.791687582492,0.3,-3.815155803675));
#1466 = ORIENTED_EDGE('',*,*,#1467,.T.);
#1467 = EDGE_CURVE('',#1460,#1468,#1470,.T.);
#1468 = VERTEX_POINT('',#1469);
#1469 = CARTESIAN_POINT('',(-1.007627163484,0.3,-3.992372836516));
#1470 = B_SPLINE_CURVE_WITH_KNOTS('',2,(#1471,#1472,#1473),
  .UNSPECIFIED.,.F.,.F.,(3,3),(0.1875,0.25),.PIECEWISE_BEZIER_KNOTS.);
#1471 = CARTESIAN_POINT('',(-0.791687582492,0.3,-3.815155803675));
#1472 = CARTESIAN_POINT('',(-0.908384549747,0.3,-3.89313022278));
#1473 = CARTESIAN_POINT('',(-1.007627163484,0.3,-3.992372836516));
#1474 = ORIENTED_EDGE('',*,*,#1475,.T.);
#1475 = EDGE_CURVE('',#1468,#1476,#1478,.T.);
#1476 = VERTEX_POINT('',#1477);
#1477 = CARTESIAN_POINT('',(-1.184844196325,0.3,-4.208312417508));
#1478 = B_SPLINE_CURVE_WITH_KNOTS('',2,(#1479,#1480,#1481),
  .UNSPECIFIED.,.F.,.F.,(3,3),(0.25,0.3125),.PIECEWISE_BEZIER_KNOTS.);
#1479 = CARTESIAN_POINT('',(-1.007627163484,0.3,-3.992372836516));
#1480 = CARTESIAN_POINT('',(-1.10686977722,0.3,-4.091615450253));
#1481 = CARTESIAN_POINT('',(-1.184844196325,0.3,-4.208312417508));
#1482 = ORIENTED_EDGE('',*,*,#1483,.T.);
#1483 = EDGE_CURVE('',#1476,#1484,#1486,.T.);
#1484 = VERTEX_POINT('',#1485);
#1485 = CARTESIAN_POINT('',(-1.316528334924,0.3,-4.454676109104));
#1486 = B_SPLINE_CURVE_WITH_KNOTS('',2,(#1487,#1488,#1489),
  .UNSPECIFIED.,.F.,.F.,(3,3),(0.3125,0.375),.PIECEWISE_BEZIER_KNOTS.);
#1487 = CARTESIAN_POINT('',(-1.184844196325,0.3,-4.208312417508));
#1488 = CARTESIAN_POINT('',(-1.262818618314,0.3,-4.325009384763));
#1489 = CARTESIAN_POINT('',(-1.316528334924,0.3,-4.454676109104));
#1490 = ORIENTED_EDGE('',*,*,#1491,.T.);
#1491 = EDGE_CURVE('',#1484,#1492,#1494,.T.);
#1492 = VERTEX_POINT('',#1493);
#1493 = CARTESIAN_POINT('',(-1.397619025414,0.3,-4.721996291184));
#1494 = B_SPLINE_CURVE_WITH_KNOTS('',2,(#1495,#1496,#1497),
  .UNSPECIFIED.,.F.,.F.,(3,3),(0.375,0.4375),.PIECEWISE_BEZIER_KNOTS.);
#1495 = CARTESIAN_POINT('',(-1.316528334924,0.3,-4.454676109104));
#1496 = CARTESIAN_POINT('',(-1.37023804865,0.3,-4.584342833445));
#1497 = CARTESIAN_POINT('',(-1.397619025414,0.3,-4.721996291184));
#1498 = ORIENTED_EDGE('',*,*,#1499,.T.);
#1499 = EDGE_CURVE('',#1492,#1500,#1502,.T.);
#1500 = VERTEX_POINT('',#1501);
#1501 = CARTESIAN_POINT('',(-1.424999999293,0.3,-5.));
#1502 = B_SPLINE_CURVE_WITH_KNOTS('',2,(#1503,#1504,#1505),
  .UNSPECIFIED.,.F.,.F.,(3,3),(0.4375,0.5),.PIECEWISE_BEZIER_KNOTS.);
#1503 = CARTESIAN_POINT('',(-1.397619025414,0.3,-4.721996291184));
#1504 = CARTESIAN_POINT('',(-1.424999999293,0.3,-4.859649748924));
#1505 = CARTESIAN_POINT('',(-1.424999999293,0.3,-5.));
#1506 = ORIENTED_EDGE('',*,*,#1507,.T.);
#1507 = EDGE_CURVE('',#1500,#1508,#1510,.T.);
#1508 = VERTEX_POINT('',#1509);
#1509 = CARTESIAN_POINT('',(-1.397619025414,0.3,-5.278003708816));
#1510 = B_SPLINE_CURVE_WITH_KNOTS('',2,(#1511,#1512,#1513),
  .UNSPECIFIED.,.F.,.F.,(3,3),(0.5,0.5625),.PIECEWISE_BEZIER_KNOTS.);
#1511 = CARTESIAN_POINT('',(-1.424999999293,0.3,-5.));
#1512 = CARTESIAN_POINT('',(-1.424999999293,0.3,-5.140350251076));
#1513 = CARTESIAN_POINT('',(-1.397619025414,0.3,-5.278003708816));
#1514 = ORIENTED_EDGE('',*,*,#1515,.T.);
#1515 = EDGE_CURVE('',#1508,#1516,#1518,.T.);
#1516 = VERTEX_POINT('',#1517);
#1517 = CARTESIAN_POINT('',(-1.316528334924,0.3,-5.545323890896));
#1518 = B_SPLINE_CURVE_WITH_KNOTS('',2,(#1519,#1520,#1521),
  .UNSPECIFIED.,.F.,.F.,(3,3),(0.5625,0.625),.PIECEWISE_BEZIER_KNOTS.);
#1519 = CARTESIAN_POINT('',(-1.397619025414,0.3,-5.278003708816));
#1520 = CARTESIAN_POINT('',(-1.37023804865,0.3,-5.415657166555));
#1521 = CARTESIAN_POINT('',(-1.316528334924,0.3,-5.545323890896));
#1522 = ORIENTED_EDGE('',*,*,#1523,.T.);
#1523 = EDGE_CURVE('',#1516,#1524,#1526,.T.);
#1524 = VERTEX_POINT('',#1525);
#1525 = CARTESIAN_POINT('',(-1.184844196325,0.3,-5.791687582492));
#1526 = B_SPLINE_CURVE_WITH_KNOTS('',2,(#1527,#1528,#1529),
  .UNSPECIFIED.,.F.,.F.,(3,3),(0.625,0.6875),.PIECEWISE_BEZIER_KNOTS.);
#1527 = CARTESIAN_POINT('',(-1.316528334924,0.3,-5.545323890896));
#1528 = CARTESIAN_POINT('',(-1.262818618314,0.3,-5.674990615237));
#1529 = CARTESIAN_POINT('',(-1.184844196325,0.3,-5.791687582492));
#1530 = ORIENTED_EDGE('',*,*,#1531,.T.);
#1531 = EDGE_CURVE('',#1524,#1532,#1534,.T.);
#1532 = VERTEX_POINT('',#1533);
#1533 = CARTESIAN_POINT('',(-1.007627163484,0.3,-6.007627163484));
#1534 = B_SPLINE_CURVE_WITH_KNOTS('',2,(#1535,#1536,#1537),
  .UNSPECIFIED.,.F.,.F.,(3,3),(0.6875,0.75),.PIECEWISE_BEZIER_KNOTS.);
#1535 = CARTESIAN_POINT('',(-1.184844196325,0.3,-5.791687582492));
#1536 = CARTESIAN_POINT('',(-1.10686977722,0.3,-5.908384549747));
#1537 = CARTESIAN_POINT('',(-1.007627163484,0.3,-6.007627163484));
#1538 = ORIENTED_EDGE('',*,*,#1539,.T.);
#1539 = EDGE_CURVE('',#1532,#1540,#1542,.T.);
#1540 = VERTEX_POINT('',#1541);
#1541 = CARTESIAN_POINT('',(-0.791687582492,0.3,-6.184844196325));
#1542 = B_SPLINE_CURVE_WITH_KNOTS('',2,(#1543,#1544,#1545),
  .UNSPECIFIED.,.F.,.F.,(3,3),(0.75,0.8125),.PIECEWISE_BEZIER_KNOTS.);
#1543 = CARTESIAN_POINT('',(-1.007627163484,0.3,-6.007627163484));
#1544 = CARTESIAN_POINT('',(-0.908384549747,0.3,-6.10686977722));
#1545 = CARTESIAN_POINT('',(-0.791687582492,0.3,-6.184844196325));
#1546 = ORIENTED_EDGE('',*,*,#1547,.T.);
#1547 = EDGE_CURVE('',#1540,#1548,#1550,.T.);
#1548 = VERTEX_POINT('',#1549);
#1549 = CARTESIAN_POINT('',(-0.545323890896,0.3,-6.316528334924));
#1550 = B_SPLINE_CURVE_WITH_KNOTS('',2,(#1551,#1552,#1553),
  .UNSPECIFIED.,.F.,.F.,(3,3),(0.8125,0.875),.PIECEWISE_BEZIER_KNOTS.);
#1551 = CARTESIAN_POINT('',(-0.791687582492,0.3,-6.184844196325));
#1552 = CARTESIAN_POINT('',(-0.674990615237,0.3,-6.262818618314));
#1553 = CARTESIAN_POINT('',(-0.545323890896,0.3,-6.316528334924));
#1554 = ORIENTED_EDGE('',*,*,#1555,.T.);
#1555 = EDGE_CURVE('',#1548,#1556,#1558,.T.);
#1556 = VERTEX_POINT('',#1557);
#1557 = CARTESIAN_POINT('',(-0.278003708816,0.3,-6.397619025414));
#1558 = B_SPLINE_CURVE_WITH_KNOTS('',2,(#1559,#1560,#1561),
  .UNSPECIFIED.,.F.,.F.,(3,3),(0.875,0.9375),.PIECEWISE_BEZIER_KNOTS.);
#1559 = CARTESIAN_POINT('',(-0.545323890896,0.3,-6.316528334924));
#1560 = CARTESIAN_POINT('',(-0.415657166555,0.3,-6.37023804865));
#1561 = CARTESIAN_POINT('',(-0.278003708816,0.3,-6.397619025414));
#1562 = ORIENTED_EDGE('',*,*,#1563,.T.);
#1563 = EDGE_CURVE('',#1556,#1314,#1564,.T.);
#1564 = B_SPLINE_CURVE_WITH_KNOTS('',2,(#1565,#1566,#1567),
  .UNSPECIFIED.,.F.,.F.,(3,3),(0.9375,1.),.PIECEWISE_BEZIER_KNOTS.);
#1565 = CARTESIAN_POINT('',(-0.278003708816,0.3,-6.397619025414));
#1566 = CARTESIAN_POINT('',(-0.140350251076,0.3,-6.424999999293));
#1567 = CARTESIAN_POINT('',(0.,0.3,-6.424999999293));
#1568 = FACE_BOUND('',#1569,.T.);
#1569 = EDGE_LOOP('',(#1570,#1580,#1588,#1596,#1604,#1612,#1620,#1628,
    #1636,#1644,#1652,#1660,#1668,#1676,#1684,#1692,#1700,#1708));
#1570 = ORIENTED_EDGE('',*,*,#1571,.T.);
#1571 = EDGE_CURVE('',#1572,#1574,#1576,.T.);
#1572 = VERTEX_POINT('',#1573);
#1573 = CARTESIAN_POINT('',(0.149999999887,0.3,-5.599999999548));
#1574 = VERTEX_POINT('',#1575);
#1575 = CARTESIAN_POINT('',(-0.149999999887,0.3,-5.599999999548));
#1576 = LINE('',#1577,#1578);
#1577 = CARTESIAN_POINT('',(0.15,0.3,-5.6));
#1578 = VECTOR('',#1579,1.);
#1579 = DIRECTION('',(-1.,0.,0.));
#1580 = ORIENTED_EDGE('',*,*,#1581,.T.);
#1581 = EDGE_CURVE('',#1574,#1582,#1584,.T.);
#1582 = VERTEX_POINT('',#1583);
#1583 = CARTESIAN_POINT('',(-0.379610060009,0.3,-5.55432772012));
#1584 = B_SPLINE_CURVE_WITH_KNOTS('',2,(#1585,#1586,#1587),
  .UNSPECIFIED.,.F.,.F.,(3,3),(0.,0.125),.PIECEWISE_BEZIER_KNOTS.);
#1585 = CARTESIAN_POINT('',(-0.149999999774,0.3,-5.599999999095));
#1586 = CARTESIAN_POINT('',(-0.269347419924,0.3,-5.599999999095));
#1587 = CARTESIAN_POINT('',(-0.379610060009,0.3,-5.55432772012));
#1588 = ORIENTED_EDGE('',*,*,#1589,.T.);
#1589 = EDGE_CURVE('',#1582,#1590,#1592,.T.);
#1590 = VERTEX_POINT('',#1591);
#1591 = CARTESIAN_POINT('',(-0.574264069064,0.3,-5.424264069291));
#1592 = B_SPLINE_CURVE_WITH_KNOTS('',2,(#1593,#1594,#1595),
  .UNSPECIFIED.,.F.,.F.,(3,3),(0.125,0.25),.PIECEWISE_BEZIER_KNOTS.);
#1593 = CARTESIAN_POINT('',(-0.379610060009,0.3,-5.55432772012));
#1594 = CARTESIAN_POINT('',(-0.489872697211,0.3,-5.50865543826));
#1595 = CARTESIAN_POINT('',(-0.574264069064,0.3,-5.424264069291));
#1596 = ORIENTED_EDGE('',*,*,#1597,.T.);
#1597 = EDGE_CURVE('',#1590,#1598,#1600,.T.);
#1598 = VERTEX_POINT('',#1599);
#1599 = CARTESIAN_POINT('',(-0.704327719894,0.3,-5.229610060236));
#1600 = B_SPLINE_CURVE_WITH_KNOTS('',2,(#1601,#1602,#1603),
  .UNSPECIFIED.,.F.,.F.,(3,3),(0.25,0.375),.PIECEWISE_BEZIER_KNOTS.);
#1601 = CARTESIAN_POINT('',(-0.574264069064,0.3,-5.424264069291));
#1602 = CARTESIAN_POINT('',(-0.658655438034,0.3,-5.339872697437));
#1603 = CARTESIAN_POINT('',(-0.704327719894,0.3,-5.229610060236));
#1604 = ORIENTED_EDGE('',*,*,#1605,.T.);
#1605 = EDGE_CURVE('',#1598,#1606,#1608,.T.);
#1606 = VERTEX_POINT('',#1607);
#1607 = CARTESIAN_POINT('',(-0.749999998869,0.3,-5.));
#1608 = B_SPLINE_CURVE_WITH_KNOTS('',2,(#1609,#1610,#1611),
  .UNSPECIFIED.,.F.,.F.,(3,3),(0.375,0.5),.PIECEWISE_BEZIER_KNOTS.);
#1609 = CARTESIAN_POINT('',(-0.704327719894,0.3,-5.229610060236));
#1610 = CARTESIAN_POINT('',(-0.749999998869,0.3,-5.11934742015));
#1611 = CARTESIAN_POINT('',(-0.749999998869,0.3,-5.));
#1612 = ORIENTED_EDGE('',*,*,#1613,.T.);
#1613 = EDGE_CURVE('',#1606,#1614,#1616,.T.);
#1614 = VERTEX_POINT('',#1615);
#1615 = CARTESIAN_POINT('',(-0.704327719894,0.3,-4.770389939764));
#1616 = B_SPLINE_CURVE_WITH_KNOTS('',2,(#1617,#1618,#1619),
  .UNSPECIFIED.,.F.,.F.,(3,3),(0.5,0.625),.PIECEWISE_BEZIER_KNOTS.);
#1617 = CARTESIAN_POINT('',(-0.749999998869,0.3,-5.));
#1618 = CARTESIAN_POINT('',(-0.749999998869,0.3,-4.88065257985));
#1619 = CARTESIAN_POINT('',(-0.704327719894,0.3,-4.770389939764));
#1620 = ORIENTED_EDGE('',*,*,#1621,.T.);
#1621 = EDGE_CURVE('',#1614,#1622,#1624,.T.);
#1622 = VERTEX_POINT('',#1623);
#1623 = CARTESIAN_POINT('',(-0.574264069064,0.3,-4.575735930709));
#1624 = B_SPLINE_CURVE_WITH_KNOTS('',2,(#1625,#1626,#1627),
  .UNSPECIFIED.,.F.,.F.,(3,3),(0.625,0.75),.PIECEWISE_BEZIER_KNOTS.);
#1625 = CARTESIAN_POINT('',(-0.704327719894,0.3,-4.770389939764));
#1626 = CARTESIAN_POINT('',(-0.658655438034,0.3,-4.660127302563));
#1627 = CARTESIAN_POINT('',(-0.574264069064,0.3,-4.575735930709));
#1628 = ORIENTED_EDGE('',*,*,#1629,.T.);
#1629 = EDGE_CURVE('',#1622,#1630,#1632,.T.);
#1630 = VERTEX_POINT('',#1631);
#1631 = CARTESIAN_POINT('',(-0.379610060009,0.3,-4.44567227988));
#1632 = B_SPLINE_CURVE_WITH_KNOTS('',2,(#1633,#1634,#1635),
  .UNSPECIFIED.,.F.,.F.,(3,3),(0.75,0.875),.PIECEWISE_BEZIER_KNOTS.);
#1633 = CARTESIAN_POINT('',(-0.574264069064,0.3,-4.575735930709));
#1634 = CARTESIAN_POINT('',(-0.489872697211,0.3,-4.49134456174));
#1635 = CARTESIAN_POINT('',(-0.379610060009,0.3,-4.44567227988));
#1636 = ORIENTED_EDGE('',*,*,#1637,.T.);
#1637 = EDGE_CURVE('',#1630,#1638,#1640,.T.);
#1638 = VERTEX_POINT('',#1639);
#1639 = CARTESIAN_POINT('',(-0.149999999887,0.3,-4.400000000452));
#1640 = B_SPLINE_CURVE_WITH_KNOTS('',2,(#1641,#1642,#1643),
  .UNSPECIFIED.,.F.,.F.,(3,3),(0.875,1.),.PIECEWISE_BEZIER_KNOTS.);
#1641 = CARTESIAN_POINT('',(-0.379610060009,0.3,-4.44567227988));
#1642 = CARTESIAN_POINT('',(-0.269347419924,0.3,-4.400000000905));
#1643 = CARTESIAN_POINT('',(-0.149999999774,0.3,-4.400000000905));
#1644 = ORIENTED_EDGE('',*,*,#1645,.T.);
#1645 = EDGE_CURVE('',#1638,#1646,#1648,.T.);
#1646 = VERTEX_POINT('',#1647);
#1647 = CARTESIAN_POINT('',(0.149999999887,0.3,-4.400000000452));
#1648 = LINE('',#1649,#1650);
#1649 = CARTESIAN_POINT('',(-0.15,0.3,-4.4));
#1650 = VECTOR('',#1651,1.);
#1651 = DIRECTION('',(1.,0.,0.));
#1652 = ORIENTED_EDGE('',*,*,#1653,.T.);
#1653 = EDGE_CURVE('',#1646,#1654,#1656,.T.);
#1654 = VERTEX_POINT('',#1655);
#1655 = CARTESIAN_POINT('',(0.379610060009,0.3,-4.44567227988));
#1656 = B_SPLINE_CURVE_WITH_KNOTS('',2,(#1657,#1658,#1659),
  .UNSPECIFIED.,.F.,.F.,(3,3),(0.,0.125),.PIECEWISE_BEZIER_KNOTS.);
#1657 = CARTESIAN_POINT('',(0.149999999774,0.3,-4.400000000905));
#1658 = CARTESIAN_POINT('',(0.269347419924,0.3,-4.400000000905));
#1659 = CARTESIAN_POINT('',(0.379610060009,0.3,-4.44567227988));
#1660 = ORIENTED_EDGE('',*,*,#1661,.T.);
#1661 = EDGE_CURVE('',#1654,#1662,#1664,.T.);
#1662 = VERTEX_POINT('',#1663);
#1663 = CARTESIAN_POINT('',(0.574264069064,0.3,-4.575735930709));
#1664 = B_SPLINE_CURVE_WITH_KNOTS('',2,(#1665,#1666,#1667),
  .UNSPECIFIED.,.F.,.F.,(3,3),(0.125,0.25),.PIECEWISE_BEZIER_KNOTS.);
#1665 = CARTESIAN_POINT('',(0.379610060009,0.3,-4.44567227988));
#1666 = CARTESIAN_POINT('',(0.489872697211,0.3,-4.49134456174));
#1667 = CARTESIAN_POINT('',(0.574264069064,0.3,-4.575735930709));
#1668 = ORIENTED_EDGE('',*,*,#1669,.T.);
#1669 = EDGE_CURVE('',#1662,#1670,#1672,.T.);
#1670 = VERTEX_POINT('',#1671);
#1671 = CARTESIAN_POINT('',(0.704327719894,0.3,-4.770389939764));
#1672 = B_SPLINE_CURVE_WITH_KNOTS('',2,(#1673,#1674,#1675),
  .UNSPECIFIED.,.F.,.F.,(3,3),(0.25,0.375),.PIECEWISE_BEZIER_KNOTS.);
#1673 = CARTESIAN_POINT('',(0.574264069064,0.3,-4.575735930709));
#1674 = CARTESIAN_POINT('',(0.658655438034,0.3,-4.660127302563));
#1675 = CARTESIAN_POINT('',(0.704327719894,0.3,-4.770389939764));
#1676 = ORIENTED_EDGE('',*,*,#1677,.T.);
#1677 = EDGE_CURVE('',#1670,#1678,#1680,.T.);
#1678 = VERTEX_POINT('',#1679);
#1679 = CARTESIAN_POINT('',(0.749999998869,0.3,-5.));
#1680 = B_SPLINE_CURVE_WITH_KNOTS('',2,(#1681,#1682,#1683),
  .UNSPECIFIED.,.F.,.F.,(3,3),(0.375,0.5),.PIECEWISE_BEZIER_KNOTS.);
#1681 = CARTESIAN_POINT('',(0.704327719894,0.3,-4.770389939764));
#1682 = CARTESIAN_POINT('',(0.749999998869,0.3,-4.88065257985));
#1683 = CARTESIAN_POINT('',(0.749999998869,0.3,-5.));
#1684 = ORIENTED_EDGE('',*,*,#1685,.T.);
#1685 = EDGE_CURVE('',#1678,#1686,#1688,.T.);
#1686 = VERTEX_POINT('',#1687);
#1687 = CARTESIAN_POINT('',(0.704327719894,0.3,-5.229610060236));
#1688 = B_SPLINE_CURVE_WITH_KNOTS('',2,(#1689,#1690,#1691),
  .UNSPECIFIED.,.F.,.F.,(3,3),(0.5,0.625),.PIECEWISE_BEZIER_KNOTS.);
#1689 = CARTESIAN_POINT('',(0.749999998869,0.3,-5.));
#1690 = CARTESIAN_POINT('',(0.749999998869,0.3,-5.11934742015));
#1691 = CARTESIAN_POINT('',(0.704327719894,0.3,-5.229610060236));
#1692 = ORIENTED_EDGE('',*,*,#1693,.T.);
#1693 = EDGE_CURVE('',#1686,#1694,#1696,.T.);
#1694 = VERTEX_POINT('',#1695);
#1695 = CARTESIAN_POINT('',(0.574264069064,0.3,-5.424264069291));
#1696 = B_SPLINE_CURVE_WITH_KNOTS('',2,(#1697,#1698,#1699),
  .UNSPECIFIED.,.F.,.F.,(3,3),(0.625,0.75),.PIECEWISE_BEZIER_KNOTS.);
#1697 = CARTESIAN_POINT('',(0.704327719894,0.3,-5.229610060236));
#1698 = CARTESIAN_POINT('',(0.658655438034,0.3,-5.339872697437));
#1699 = CARTESIAN_POINT('',(0.574264069064,0.3,-5.424264069291));
#1700 = ORIENTED_EDGE('',*,*,#1701,.T.);
#1701 = EDGE_CURVE('',#1694,#1702,#1704,.T.);
#1702 = VERTEX_POINT('',#1703);
#1703 = CARTESIAN_POINT('',(0.379610060009,0.3,-5.55432772012));
#1704 = B_SPLINE_CURVE_WITH_KNOTS('',2,(#1705,#1706,#1707),
  .UNSPECIFIED.,.F.,.F.,(3,3),(0.75,0.875),.PIECEWISE_BEZIER_KNOTS.);
#1705 = CARTESIAN_POINT('',(0.574264069064,0.3,-5.424264069291));
#1706 = CARTESIAN_POINT('',(0.489872697211,0.3,-5.50865543826));
#1707 = CARTESIAN_POINT('',(0.379610060009,0.3,-5.55432772012));
#1708 = ORIENTED_EDGE('',*,*,#1709,.T.);
#1709 = EDGE_CURVE('',#1702,#1572,#1710,.T.);
#1710 = B_SPLINE_CURVE_WITH_KNOTS('',2,(#1711,#1712,#1713),
  .UNSPECIFIED.,.F.,.F.,(3,3),(0.875,1.),.PIECEWISE_BEZIER_KNOTS.);
#1711 = CARTESIAN_POINT('',(0.379610060009,0.3,-5.55432772012));
#1712 = CARTESIAN_POINT('',(0.269347419924,0.3,-5.599999999095));
#1713 = CARTESIAN_POINT('',(0.149999999774,0.3,-5.599999999095));
#1714 = B_SPLINE_SURFACE_WITH_KNOTS('',1,1,(
    (#1715,#1716)
    ,(#1717,#1718
    )),.UNSPECIFIED.,.F.,.F.,.F.,(2,2),(2,2),(0.,1.),(0.,1.),
  .PIECEWISE_BEZIER_KNOTS.);
#1715 = CARTESIAN_POINT('',(-1.4421,0.3,-3.5579));
#1716 = CARTESIAN_POINT('',(1.4421,0.3,-3.5579));
#1717 = CARTESIAN_POINT('',(-1.4421,0.3,-6.4421));
#1718 = CARTESIAN_POINT('',(1.4421,0.3,-6.4421));
#1719 = SHELL_BASED_SURFACE_MODEL('',(#1720));
#1720 = OPEN_SHELL('',(#1721));
#1721 = ADVANCED_FACE('',(#1722,#1772,#2030),#2160,.T.);
#1722 = FACE_BOUND('',#1723,.T.);
#1723 = EDGE_LOOP('',(#1724,#1734,#1742,#1750,#1758,#1766));
#1724 = ORIENTED_EDGE('',*,*,#1725,.T.);
#1725 = EDGE_CURVE('',#1726,#1728,#1730,.T.);
#1726 = VERTEX_POINT('',#1727);
#1727 = CARTESIAN_POINT('',(3.9,0.,-14.8));
#1728 = VERTEX_POINT('',#1729);
#1729 = CARTESIAN_POINT('',(3.9,0.,-0.6));
#1730 = LINE('',#1731,#1732);
#1731 = CARTESIAN_POINT('',(3.9,0.,-14.8));
#1732 = VECTOR('',#1733,1.);
#1733 = DIRECTION('',(0.,0.,1.));
#1734 = ORIENTED_EDGE('',*,*,#1735,.T.);
#1735 = EDGE_CURVE('',#1728,#1736,#1738,.T.);
#1736 = VERTEX_POINT('',#1737);
#1737 = CARTESIAN_POINT('',(-3.9,0.,-0.6));
#1738 = LINE('',#1739,#1740);
#1739 = CARTESIAN_POINT('',(3.9,0.,-0.6));
#1740 = VECTOR('',#1741,1.);
#1741 = DIRECTION('',(-1.,0.,0.));
#1742 = ORIENTED_EDGE('',*,*,#1743,.T.);
#1743 = EDGE_CURVE('',#1736,#1744,#1746,.T.);
#1744 = VERTEX_POINT('',#1745);
#1745 = CARTESIAN_POINT('',(-3.9,0.,-13.4));
#1746 = LINE('',#1747,#1748);
#1747 = CARTESIAN_POINT('',(-3.9,0.,-0.6));
#1748 = VECTOR('',#1749,1.);
#1749 = DIRECTION('',(0.,0.,-1.));
#1750 = ORIENTED_EDGE('',*,*,#1751,.T.);
#1751 = EDGE_CURVE('',#1744,#1752,#1754,.T.);
#1752 = VERTEX_POINT('',#1753);
#1753 = CARTESIAN_POINT('',(1.6,0.,-13.4));
#1754 = LINE('',#1755,#1756);
#1755 = CARTESIAN_POINT('',(-3.9,0.,-13.4));
#1756 = VECTOR('',#1757,1.);
#1757 = DIRECTION('',(1.,0.,0.));
#1758 = ORIENTED_EDGE('',*,*,#1759,.T.);
#1759 = EDGE_CURVE('',#1752,#1760,#1762,.T.);
#1760 = VERTEX_POINT('',#1761);
#1761 = CARTESIAN_POINT('',(1.6,0.,-14.8));
#1762 = LINE('',#1763,#1764);
#1763 = CARTESIAN_POINT('',(1.6,0.,-13.4));
#1764 = VECTOR('',#1765,1.);
#1765 = DIRECTION('',(0.,0.,-1.));
#1766 = ORIENTED_EDGE('',*,*,#1767,.T.);
#1767 = EDGE_CURVE('',#1760,#1726,#1768,.T.);
#1768 = LINE('',#1769,#1770);
#1769 = CARTESIAN_POINT('',(1.6,0.,-14.8));
#1770 = VECTOR('',#1771,1.);
#1771 = DIRECTION('',(1.,0.,0.));
#1772 = FACE_BOUND('',#1773,.T.);
#1773 = EDGE_LOOP('',(#1774,#1784,#1792,#1800,#1808,#1816,#1824,#1832,
    #1840,#1848,#1856,#1864,#1872,#1880,#1888,#1896,#1904,#1912,#1920,
    #1928,#1936,#1944,#1952,#1960,#1968,#1976,#1984,#1992,#2000,#2008,
    #2016,#2024));
#1774 = ORIENTED_EDGE('',*,*,#1775,.T.);
#1775 = EDGE_CURVE('',#1776,#1778,#1780,.T.);
#1776 = VERTEX_POINT('',#1777);
#1777 = CARTESIAN_POINT('',(0.,0.,-3.5749999964));
#1778 = VERTEX_POINT('',#1779);
#1779 = CARTESIAN_POINT('',(0.2780037078,0.,-3.602380976));
#1780 = B_SPLINE_CURVE_WITH_KNOTS('',2,(#1781,#1782,#1783),
  .UNSPECIFIED.,.F.,.F.,(3,3),(0.,6.25E-02),.PIECEWISE_BEZIER_KNOTS.);
#1781 = CARTESIAN_POINT('',(0.,0.,-3.5749999964));
#1782 = CARTESIAN_POINT('',(0.1403502516,0.,-3.5749999964));
#1783 = CARTESIAN_POINT('',(0.2780037078,0.,-3.602380976));
#1784 = ORIENTED_EDGE('',*,*,#1785,.T.);
#1785 = EDGE_CURVE('',#1778,#1786,#1788,.T.);
#1786 = VERTEX_POINT('',#1787);
#1787 = CARTESIAN_POINT('',(0.5453238882,0.,-3.6834716664));
#1788 = B_SPLINE_CURVE_WITH_KNOTS('',2,(#1789,#1790,#1791),
  .UNSPECIFIED.,.F.,.F.,(3,3),(6.25E-02,0.125),
  .PIECEWISE_BEZIER_KNOTS.);
#1789 = CARTESIAN_POINT('',(0.2780037078,0.,-3.602380976));
#1790 = CARTESIAN_POINT('',(0.4156571718,0.,-3.6297619556));
#1791 = CARTESIAN_POINT('',(0.5453238882,0.,-3.6834716664));
#1792 = ORIENTED_EDGE('',*,*,#1793,.T.);
#1793 = EDGE_CURVE('',#1786,#1794,#1796,.T.);
#1794 = VERTEX_POINT('',#1795);
#1795 = CARTESIAN_POINT('',(0.7916875824,0.,-3.8151558066));
#1796 = B_SPLINE_CURVE_WITH_KNOTS('',2,(#1797,#1798,#1799),
  .UNSPECIFIED.,.F.,.F.,(3,3),(0.125,0.1875),.PIECEWISE_BEZIER_KNOTS.);
#1797 = CARTESIAN_POINT('',(0.5453238882,0.,-3.6834716664));
#1798 = CARTESIAN_POINT('',(0.6749906124,0.,-3.7371813772));
#1799 = CARTESIAN_POINT('',(0.7916875824,0.,-3.8151558066));
#1800 = ORIENTED_EDGE('',*,*,#1801,.T.);
#1801 = EDGE_CURVE('',#1794,#1802,#1804,.T.);
#1802 = VERTEX_POINT('',#1803);
#1803 = CARTESIAN_POINT('',(1.007627166,0.,-3.9923728432));
#1804 = B_SPLINE_CURVE_WITH_KNOTS('',2,(#1805,#1806,#1807),
  .UNSPECIFIED.,.F.,.F.,(3,3),(0.1875,0.25),.PIECEWISE_BEZIER_KNOTS.);
#1805 = CARTESIAN_POINT('',(0.7916875824,0.,-3.8151558066));
#1806 = CARTESIAN_POINT('',(0.9083845524,0.,-3.8931302218));
#1807 = CARTESIAN_POINT('',(1.007627166,0.,-3.9923728432));
#1808 = ORIENTED_EDGE('',*,*,#1809,.T.);
#1809 = EDGE_CURVE('',#1802,#1810,#1812,.T.);
#1810 = VERTEX_POINT('',#1811);
#1811 = CARTESIAN_POINT('',(1.1848441956,0.,-4.2083124136));
#1812 = B_SPLINE_CURVE_WITH_KNOTS('',2,(#1813,#1814,#1815),
  .UNSPECIFIED.,.F.,.F.,(3,3),(0.25,0.3125),.PIECEWISE_BEZIER_KNOTS.);
#1813 = CARTESIAN_POINT('',(1.007627166,0.,-3.9923728432));
#1814 = CARTESIAN_POINT('',(1.1068697796,0.,-4.0916154504));
#1815 = CARTESIAN_POINT('',(1.1848441956,0.,-4.2083124136));
#1816 = ORIENTED_EDGE('',*,*,#1817,.T.);
#1817 = EDGE_CURVE('',#1810,#1818,#1820,.T.);
#1818 = VERTEX_POINT('',#1819);
#1819 = CARTESIAN_POINT('',(1.3165283352,0.,-4.4546761088));
#1820 = B_SPLINE_CURVE_WITH_KNOTS('',2,(#1821,#1822,#1823),
  .UNSPECIFIED.,.F.,.F.,(3,3),(0.3125,0.375),.PIECEWISE_BEZIER_KNOTS.);
#1821 = CARTESIAN_POINT('',(1.1848441956,0.,-4.2083124136));
#1822 = CARTESIAN_POINT('',(1.2628186194,0.,-4.325009391));
#1823 = CARTESIAN_POINT('',(1.3165283352,0.,-4.4546761088));
#1824 = ORIENTED_EDGE('',*,*,#1825,.T.);
#1825 = EDGE_CURVE('',#1818,#1826,#1828,.T.);
#1826 = VERTEX_POINT('',#1827);
#1827 = CARTESIAN_POINT('',(1.3976190228,0.,-4.7219962918));
#1828 = B_SPLINE_CURVE_WITH_KNOTS('',2,(#1829,#1830,#1831),
  .UNSPECIFIED.,.F.,.F.,(3,3),(0.375,0.4375),.PIECEWISE_BEZIER_KNOTS.);
#1829 = CARTESIAN_POINT('',(1.3165283352,0.,-4.4546761088));
#1830 = CARTESIAN_POINT('',(1.370238051,0.,-4.5843428266));
#1831 = CARTESIAN_POINT('',(1.3976190228,0.,-4.7219962918));
#1832 = ORIENTED_EDGE('',*,*,#1833,.T.);
#1833 = EDGE_CURVE('',#1826,#1834,#1836,.T.);
#1834 = VERTEX_POINT('',#1835);
#1835 = CARTESIAN_POINT('',(1.4250000024,0.,-5.000000001));
#1836 = B_SPLINE_CURVE_WITH_KNOTS('',2,(#1837,#1838,#1839),
  .UNSPECIFIED.,.F.,.F.,(3,3),(0.4375,0.5),.PIECEWISE_BEZIER_KNOTS.);
#1837 = CARTESIAN_POINT('',(1.3976190228,0.,-4.7219962918));
#1838 = CARTESIAN_POINT('',(1.4250000024,0.,-4.859649757));
#1839 = CARTESIAN_POINT('',(1.4250000024,0.,-5.000000001));
#1840 = ORIENTED_EDGE('',*,*,#1841,.T.);
#1841 = EDGE_CURVE('',#1834,#1842,#1844,.T.);
#1842 = VERTEX_POINT('',#1843);
#1843 = CARTESIAN_POINT('',(1.3976190228,0.,-5.2780037102));
#1844 = B_SPLINE_CURVE_WITH_KNOTS('',2,(#1845,#1846,#1847),
  .UNSPECIFIED.,.F.,.F.,(3,3),(0.5,0.5625),.PIECEWISE_BEZIER_KNOTS.);
#1845 = CARTESIAN_POINT('',(1.4250000024,0.,-5.000000001));
#1846 = CARTESIAN_POINT('',(1.4250000024,0.,-5.140350245));
#1847 = CARTESIAN_POINT('',(1.3976190228,0.,-5.2780037102));
#1848 = ORIENTED_EDGE('',*,*,#1849,.T.);
#1849 = EDGE_CURVE('',#1842,#1850,#1852,.T.);
#1850 = VERTEX_POINT('',#1851);
#1851 = CARTESIAN_POINT('',(1.3165283352,0.,-5.5453238932));
#1852 = B_SPLINE_CURVE_WITH_KNOTS('',2,(#1853,#1854,#1855),
  .UNSPECIFIED.,.F.,.F.,(3,3),(0.5625,0.625),.PIECEWISE_BEZIER_KNOTS.);
#1853 = CARTESIAN_POINT('',(1.3976190228,0.,-5.2780037102));
#1854 = CARTESIAN_POINT('',(1.370238051,0.,-5.4156571612));
#1855 = CARTESIAN_POINT('',(1.3165283352,0.,-5.5453238932));
#1856 = ORIENTED_EDGE('',*,*,#1857,.T.);
#1857 = EDGE_CURVE('',#1850,#1858,#1860,.T.);
#1858 = VERTEX_POINT('',#1859);
#1859 = CARTESIAN_POINT('',(1.1848441956,0.,-5.7916875884));
#1860 = B_SPLINE_CURVE_WITH_KNOTS('',2,(#1861,#1862,#1863),
  .UNSPECIFIED.,.F.,.F.,(3,3),(0.625,0.6875),.PIECEWISE_BEZIER_KNOTS.);
#1861 = CARTESIAN_POINT('',(1.3165283352,0.,-5.5453238932));
#1862 = CARTESIAN_POINT('',(1.2628186194,0.,-5.674990611));
#1863 = CARTESIAN_POINT('',(1.1848441956,0.,-5.7916875884));
#1864 = ORIENTED_EDGE('',*,*,#1865,.T.);
#1865 = EDGE_CURVE('',#1858,#1866,#1868,.T.);
#1866 = VERTEX_POINT('',#1867);
#1867 = CARTESIAN_POINT('',(1.007627166,0.,-6.0076271588));
#1868 = B_SPLINE_CURVE_WITH_KNOTS('',2,(#1869,#1870,#1871),
  .UNSPECIFIED.,.F.,.F.,(3,3),(0.6875,0.75),.PIECEWISE_BEZIER_KNOTS.);
#1869 = CARTESIAN_POINT('',(1.1848441956,0.,-5.7916875884));
#1870 = CARTESIAN_POINT('',(1.1068697796,0.,-5.9083845516));
#1871 = CARTESIAN_POINT('',(1.007627166,0.,-6.0076271588));
#1872 = ORIENTED_EDGE('',*,*,#1873,.T.);
#1873 = EDGE_CURVE('',#1866,#1874,#1876,.T.);
#1874 = VERTEX_POINT('',#1875);
#1875 = CARTESIAN_POINT('',(0.7916875824,0.,-6.1848441954));
#1876 = B_SPLINE_CURVE_WITH_KNOTS('',2,(#1877,#1878,#1879),
  .UNSPECIFIED.,.F.,.F.,(3,3),(0.75,0.8125),.PIECEWISE_BEZIER_KNOTS.);
#1877 = CARTESIAN_POINT('',(1.007627166,0.,-6.0076271588));
#1878 = CARTESIAN_POINT('',(0.9083845524,0.,-6.1068697802));
#1879 = CARTESIAN_POINT('',(0.7916875824,0.,-6.1848441954));
#1880 = ORIENTED_EDGE('',*,*,#1881,.T.);
#1881 = EDGE_CURVE('',#1874,#1882,#1884,.T.);
#1882 = VERTEX_POINT('',#1883);
#1883 = CARTESIAN_POINT('',(0.5453238882,0.,-6.3165283356));
#1884 = B_SPLINE_CURVE_WITH_KNOTS('',2,(#1885,#1886,#1887),
  .UNSPECIFIED.,.F.,.F.,(3,3),(0.8125,0.875),.PIECEWISE_BEZIER_KNOTS.);
#1885 = CARTESIAN_POINT('',(0.7916875824,0.,-6.1848441954));
#1886 = CARTESIAN_POINT('',(0.6749906124,0.,-6.2628186248));
#1887 = CARTESIAN_POINT('',(0.5453238882,0.,-6.3165283356));
#1888 = ORIENTED_EDGE('',*,*,#1889,.T.);
#1889 = EDGE_CURVE('',#1882,#1890,#1892,.T.);
#1890 = VERTEX_POINT('',#1891);
#1891 = CARTESIAN_POINT('',(0.2780037078,0.,-6.397619026));
#1892 = B_SPLINE_CURVE_WITH_KNOTS('',2,(#1893,#1894,#1895),
  .UNSPECIFIED.,.F.,.F.,(3,3),(0.875,0.9375),.PIECEWISE_BEZIER_KNOTS.);
#1893 = CARTESIAN_POINT('',(0.5453238882,0.,-6.3165283356));
#1894 = CARTESIAN_POINT('',(0.4156571718,0.,-6.3702380464));
#1895 = CARTESIAN_POINT('',(0.2780037078,0.,-6.397619026));
#1896 = ORIENTED_EDGE('',*,*,#1897,.T.);
#1897 = EDGE_CURVE('',#1890,#1898,#1900,.T.);
#1898 = VERTEX_POINT('',#1899);
#1899 = CARTESIAN_POINT('',(0.,0.,-6.4250000056));
#1900 = B_SPLINE_CURVE_WITH_KNOTS('',2,(#1901,#1902,#1903),
  .UNSPECIFIED.,.F.,.F.,(3,3),(0.9375,1.),.PIECEWISE_BEZIER_KNOTS.);
#1901 = CARTESIAN_POINT('',(0.2780037078,0.,-6.397619026));
#1902 = CARTESIAN_POINT('',(0.1403502516,0.,-6.4250000056));
#1903 = CARTESIAN_POINT('',(0.,0.,-6.4250000056));
#1904 = ORIENTED_EDGE('',*,*,#1905,.T.);
#1905 = EDGE_CURVE('',#1898,#1906,#1908,.T.);
#1906 = VERTEX_POINT('',#1907);
#1907 = CARTESIAN_POINT('',(-0.2780037078,0.,-6.397619026));
#1908 = B_SPLINE_CURVE_WITH_KNOTS('',2,(#1909,#1910,#1911),
  .UNSPECIFIED.,.F.,.F.,(3,3),(0.,6.25E-02),.PIECEWISE_BEZIER_KNOTS.);
#1909 = CARTESIAN_POINT('',(0.,0.,-6.4250000056));
#1910 = CARTESIAN_POINT('',(-0.1403502516,0.,-6.4250000056));
#1911 = CARTESIAN_POINT('',(-0.2780037078,0.,-6.397619026));
#1912 = ORIENTED_EDGE('',*,*,#1913,.T.);
#1913 = EDGE_CURVE('',#1906,#1914,#1916,.T.);
#1914 = VERTEX_POINT('',#1915);
#1915 = CARTESIAN_POINT('',(-0.5453238882,0.,-6.3165283356));
#1916 = B_SPLINE_CURVE_WITH_KNOTS('',2,(#1917,#1918,#1919),
  .UNSPECIFIED.,.F.,.F.,(3,3),(6.25E-02,0.125),
  .PIECEWISE_BEZIER_KNOTS.);
#1917 = CARTESIAN_POINT('',(-0.2780037078,0.,-6.397619026));
#1918 = CARTESIAN_POINT('',(-0.4156571718,0.,-6.3702380464));
#1919 = CARTESIAN_POINT('',(-0.5453238882,0.,-6.3165283356));
#1920 = ORIENTED_EDGE('',*,*,#1921,.T.);
#1921 = EDGE_CURVE('',#1914,#1922,#1924,.T.);
#1922 = VERTEX_POINT('',#1923);
#1923 = CARTESIAN_POINT('',(-0.7916875824,0.,-6.1848441954));
#1924 = B_SPLINE_CURVE_WITH_KNOTS('',2,(#1925,#1926,#1927),
  .UNSPECIFIED.,.F.,.F.,(3,3),(0.125,0.1875),.PIECEWISE_BEZIER_KNOTS.);
#1925 = CARTESIAN_POINT('',(-0.5453238882,0.,-6.3165283356));
#1926 = CARTESIAN_POINT('',(-0.6749906124,0.,-6.2628186248));
#1927 = CARTESIAN_POINT('',(-0.7916875824,0.,-6.1848441954));
#1928 = ORIENTED_EDGE('',*,*,#1929,.T.);
#1929 = EDGE_CURVE('',#1922,#1930,#1932,.T.);
#1930 = VERTEX_POINT('',#1931);
#1931 = CARTESIAN_POINT('',(-1.007627166,0.,-6.0076271588));
#1932 = B_SPLINE_CURVE_WITH_KNOTS('',2,(#1933,#1934,#1935),
  .UNSPECIFIED.,.F.,.F.,(3,3),(0.1875,0.25),.PIECEWISE_BEZIER_KNOTS.);
#1933 = CARTESIAN_POINT('',(-0.7916875824,0.,-6.1848441954));
#1934 = CARTESIAN_POINT('',(-0.9083845524,0.,-6.1068697802));
#1935 = CARTESIAN_POINT('',(-1.007627166,0.,-6.0076271588));
#1936 = ORIENTED_EDGE('',*,*,#1937,.T.);
#1937 = EDGE_CURVE('',#1930,#1938,#1940,.T.);
#1938 = VERTEX_POINT('',#1939);
#1939 = CARTESIAN_POINT('',(-1.1848441956,0.,-5.7916875884));
#1940 = B_SPLINE_CURVE_WITH_KNOTS('',2,(#1941,#1942,#1943),
  .UNSPECIFIED.,.F.,.F.,(3,3),(0.25,0.3125),.PIECEWISE_BEZIER_KNOTS.);
#1941 = CARTESIAN_POINT('',(-1.007627166,0.,-6.0076271588));
#1942 = CARTESIAN_POINT('',(-1.1068697796,0.,-5.9083845516));
#1943 = CARTESIAN_POINT('',(-1.1848441956,0.,-5.7916875884));
#1944 = ORIENTED_EDGE('',*,*,#1945,.T.);
#1945 = EDGE_CURVE('',#1938,#1946,#1948,.T.);
#1946 = VERTEX_POINT('',#1947);
#1947 = CARTESIAN_POINT('',(-1.3165283352,0.,-5.5453238932));
#1948 = B_SPLINE_CURVE_WITH_KNOTS('',2,(#1949,#1950,#1951),
  .UNSPECIFIED.,.F.,.F.,(3,3),(0.3125,0.375),.PIECEWISE_BEZIER_KNOTS.);
#1949 = CARTESIAN_POINT('',(-1.1848441956,0.,-5.7916875884));
#1950 = CARTESIAN_POINT('',(-1.2628186194,0.,-5.674990611));
#1951 = CARTESIAN_POINT('',(-1.3165283352,0.,-5.5453238932));
#1952 = ORIENTED_EDGE('',*,*,#1953,.T.);
#1953 = EDGE_CURVE('',#1946,#1954,#1956,.T.);
#1954 = VERTEX_POINT('',#1955);
#1955 = CARTESIAN_POINT('',(-1.3976190228,0.,-5.2780037102));
#1956 = B_SPLINE_CURVE_WITH_KNOTS('',2,(#1957,#1958,#1959),
  .UNSPECIFIED.,.F.,.F.,(3,3),(0.375,0.4375),.PIECEWISE_BEZIER_KNOTS.);
#1957 = CARTESIAN_POINT('',(-1.3165283352,0.,-5.5453238932));
#1958 = CARTESIAN_POINT('',(-1.370238051,0.,-5.4156571612));
#1959 = CARTESIAN_POINT('',(-1.3976190228,0.,-5.2780037102));
#1960 = ORIENTED_EDGE('',*,*,#1961,.T.);
#1961 = EDGE_CURVE('',#1954,#1962,#1964,.T.);
#1962 = VERTEX_POINT('',#1963);
#1963 = CARTESIAN_POINT('',(-1.4250000024,0.,-5.000000001));
#1964 = B_SPLINE_CURVE_WITH_KNOTS('',2,(#1965,#1966,#1967),
  .UNSPECIFIED.,.F.,.F.,(3,3),(0.4375,0.5),.PIECEWISE_BEZIER_KNOTS.);
#1965 = CARTESIAN_POINT('',(-1.3976190228,0.,-5.2780037102));
#1966 = CARTESIAN_POINT('',(-1.4250000024,0.,-5.140350245));
#1967 = CARTESIAN_POINT('',(-1.4250000024,0.,-5.000000001));
#1968 = ORIENTED_EDGE('',*,*,#1969,.T.);
#1969 = EDGE_CURVE('',#1962,#1970,#1972,.T.);
#1970 = VERTEX_POINT('',#1971);
#1971 = CARTESIAN_POINT('',(-1.3976190228,0.,-4.7219962918));
#1972 = B_SPLINE_CURVE_WITH_KNOTS('',2,(#1973,#1974,#1975),
  .UNSPECIFIED.,.F.,.F.,(3,3),(0.5,0.5625),.PIECEWISE_BEZIER_KNOTS.);
#1973 = CARTESIAN_POINT('',(-1.4250000024,0.,-5.000000001));
#1974 = CARTESIAN_POINT('',(-1.4250000024,0.,-4.859649757));
#1975 = CARTESIAN_POINT('',(-1.3976190228,0.,-4.7219962918));
#1976 = ORIENTED_EDGE('',*,*,#1977,.T.);
#1977 = EDGE_CURVE('',#1970,#1978,#1980,.T.);
#1978 = VERTEX_POINT('',#1979);
#1979 = CARTESIAN_POINT('',(-1.3165283352,0.,-4.4546761088));
#1980 = B_SPLINE_CURVE_WITH_KNOTS('',2,(#1981,#1982,#1983),
  .UNSPECIFIED.,.F.,.F.,(3,3),(0.5625,0.625),.PIECEWISE_BEZIER_KNOTS.);
#1981 = CARTESIAN_POINT('',(-1.3976190228,0.,-4.7219962918));
#1982 = CARTESIAN_POINT('',(-1.370238051,0.,-4.5843428266));
#1983 = CARTESIAN_POINT('',(-1.3165283352,0.,-4.4546761088));
#1984 = ORIENTED_EDGE('',*,*,#1985,.T.);
#1985 = EDGE_CURVE('',#1978,#1986,#1988,.T.);
#1986 = VERTEX_POINT('',#1987);
#1987 = CARTESIAN_POINT('',(-1.1848441956,0.,-4.2083124136));
#1988 = B_SPLINE_CURVE_WITH_KNOTS('',2,(#1989,#1990,#1991),
  .UNSPECIFIED.,.F.,.F.,(3,3),(0.625,0.6875),.PIECEWISE_BEZIER_KNOTS.);
#1989 = CARTESIAN_POINT('',(-1.3165283352,0.,-4.4546761088));
#1990 = CARTESIAN_POINT('',(-1.2628186194,0.,-4.325009391));
#1991 = CARTESIAN_POINT('',(-1.1848441956,0.,-4.2083124136));
#1992 = ORIENTED_EDGE('',*,*,#1993,.T.);
#1993 = EDGE_CURVE('',#1986,#1994,#1996,.T.);
#1994 = VERTEX_POINT('',#1995);
#1995 = CARTESIAN_POINT('',(-1.007627166,0.,-3.9923728432));
#1996 = B_SPLINE_CURVE_WITH_KNOTS('',2,(#1997,#1998,#1999),
  .UNSPECIFIED.,.F.,.F.,(3,3),(0.6875,0.75),.PIECEWISE_BEZIER_KNOTS.);
#1997 = CARTESIAN_POINT('',(-1.1848441956,0.,-4.2083124136));
#1998 = CARTESIAN_POINT('',(-1.1068697796,0.,-4.0916154504));
#1999 = CARTESIAN_POINT('',(-1.007627166,0.,-3.9923728432));
#2000 = ORIENTED_EDGE('',*,*,#2001,.T.);
#2001 = EDGE_CURVE('',#1994,#2002,#2004,.T.);
#2002 = VERTEX_POINT('',#2003);
#2003 = CARTESIAN_POINT('',(-0.7916875824,0.,-3.8151558066));
#2004 = B_SPLINE_CURVE_WITH_KNOTS('',2,(#2005,#2006,#2007),
  .UNSPECIFIED.,.F.,.F.,(3,3),(0.75,0.8125),.PIECEWISE_BEZIER_KNOTS.);
#2005 = CARTESIAN_POINT('',(-1.007627166,0.,-3.9923728432));
#2006 = CARTESIAN_POINT('',(-0.9083845524,0.,-3.8931302218));
#2007 = CARTESIAN_POINT('',(-0.7916875824,0.,-3.8151558066));
#2008 = ORIENTED_EDGE('',*,*,#2009,.T.);
#2009 = EDGE_CURVE('',#2002,#2010,#2012,.T.);
#2010 = VERTEX_POINT('',#2011);
#2011 = CARTESIAN_POINT('',(-0.5453238882,0.,-3.6834716664));
#2012 = B_SPLINE_CURVE_WITH_KNOTS('',2,(#2013,#2014,#2015),
  .UNSPECIFIED.,.F.,.F.,(3,3),(0.8125,0.875),.PIECEWISE_BEZIER_KNOTS.);
#2013 = CARTESIAN_POINT('',(-0.7916875824,0.,-3.8151558066));
#2014 = CARTESIAN_POINT('',(-0.6749906124,0.,-3.7371813772));
#2015 = CARTESIAN_POINT('',(-0.5453238882,0.,-3.6834716664));
#2016 = ORIENTED_EDGE('',*,*,#2017,.T.);
#2017 = EDGE_CURVE('',#2010,#2018,#2020,.T.);
#2018 = VERTEX_POINT('',#2019);
#2019 = CARTESIAN_POINT('',(-0.2780037078,0.,-3.602380976));
#2020 = B_SPLINE_CURVE_WITH_KNOTS('',2,(#2021,#2022,#2023),
  .UNSPECIFIED.,.F.,.F.,(3,3),(0.875,0.9375),.PIECEWISE_BEZIER_KNOTS.);
#2021 = CARTESIAN_POINT('',(-0.5453238882,0.,-3.6834716664));
#2022 = CARTESIAN_POINT('',(-0.4156571718,0.,-3.6297619556));
#2023 = CARTESIAN_POINT('',(-0.2780037078,0.,-3.602380976));
#2024 = ORIENTED_EDGE('',*,*,#2025,.T.);
#2025 = EDGE_CURVE('',#2018,#1776,#2026,.T.);
#2026 = B_SPLINE_CURVE_WITH_KNOTS('',2,(#2027,#2028,#2029),
  .UNSPECIFIED.,.F.,.F.,(3,3),(0.9375,1.),.PIECEWISE_BEZIER_KNOTS.);
#2027 = CARTESIAN_POINT('',(-0.2780037078,0.,-3.602380976));
#2028 = CARTESIAN_POINT('',(-0.1403502516,0.,-3.5749999964));
#2029 = CARTESIAN_POINT('',(0.,0.,-3.5749999964));
#2030 = FACE_BOUND('',#2031,.T.);
#2031 = EDGE_LOOP('',(#2032,#2042,#2050,#2058,#2066,#2074,#2082,#2090,
    #2098,#2106,#2114,#2122,#2130,#2138,#2146,#2154));
#2032 = ORIENTED_EDGE('',*,*,#2033,.T.);
#2033 = EDGE_CURVE('',#2034,#2036,#2038,.T.);
#2034 = VERTEX_POINT('',#2035);
#2035 = CARTESIAN_POINT('',(-1.01861058E-02,0.,-8.6499999936));
#2036 = VERTEX_POINT('',#2037);
#2037 = CARTESIAN_POINT('',(0.315094806,0.,-8.714702393));
#2038 = B_SPLINE_CURVE_WITH_KNOTS('',2,(#2039,#2040,#2041),
  .UNSPECIFIED.,.F.,.F.,(3,3),(0.,0.125),.PIECEWISE_BEZIER_KNOTS.);
#2039 = CARTESIAN_POINT('',(-1.01861058E-02,0.,-8.6499999936));
#2040 = CARTESIAN_POINT('',(0.1588894008,0.,-8.6499999936));
#2041 = CARTESIAN_POINT('',(0.315094806,0.,-8.714702393));
#2042 = ORIENTED_EDGE('',*,*,#2043,.T.);
#2043 = EDGE_CURVE('',#2036,#2044,#2046,.T.);
#2044 = VERTEX_POINT('',#2045);
#2045 = CARTESIAN_POINT('',(0.5908546566,0.,-8.8989592358));
#2046 = B_SPLINE_CURVE_WITH_KNOTS('',2,(#2047,#2048,#2049),
  .UNSPECIFIED.,.F.,.F.,(3,3),(0.125,0.25),.PIECEWISE_BEZIER_KNOTS.);
#2047 = CARTESIAN_POINT('',(0.315094806,0.,-8.714702393));
#2048 = CARTESIAN_POINT('',(0.4713002112,0.,-8.7794047924));
#2049 = CARTESIAN_POINT('',(0.5908546566,0.,-8.8989592358));
#2050 = ORIENTED_EDGE('',*,*,#2051,.T.);
#2051 = EDGE_CURVE('',#2044,#2052,#2054,.T.);
#2052 = VERTEX_POINT('',#2053);
#2053 = CARTESIAN_POINT('',(0.7751114904,0.,-9.1747190894));
#2054 = B_SPLINE_CURVE_WITH_KNOTS('',2,(#2055,#2056,#2057),
  .UNSPECIFIED.,.F.,.F.,(3,3),(0.25,0.375),.PIECEWISE_BEZIER_KNOTS.);
#2055 = CARTESIAN_POINT('',(0.5908546566,0.,-8.8989592358));
#2056 = CARTESIAN_POINT('',(0.7104090942,0.,-9.0185136792));
#2057 = CARTESIAN_POINT('',(0.7751114904,0.,-9.1747190894));
#2058 = ORIENTED_EDGE('',*,*,#2059,.T.);
#2059 = EDGE_CURVE('',#2052,#2060,#2062,.T.);
#2060 = VERTEX_POINT('',#2061);
#2061 = CARTESIAN_POINT('',(0.8398138944,0.,-9.4999999946));
#2062 = B_SPLINE_CURVE_WITH_KNOTS('',2,(#2063,#2064,#2065),
  .UNSPECIFIED.,.F.,.F.,(3,3),(0.375,0.5),.PIECEWISE_BEZIER_KNOTS.);
#2063 = CARTESIAN_POINT('',(0.7751114904,0.,-9.1747190894));
#2064 = CARTESIAN_POINT('',(0.8398138944,0.,-9.3309244854));
#2065 = CARTESIAN_POINT('',(0.8398138944,0.,-9.4999999946));
#2066 = ORIENTED_EDGE('',*,*,#2067,.T.);
#2067 = EDGE_CURVE('',#2060,#2068,#2070,.T.);
#2068 = VERTEX_POINT('',#2069);
#2069 = CARTESIAN_POINT('',(0.7751114904,0.,-9.825280914));
#2070 = B_SPLINE_CURVE_WITH_KNOTS('',2,(#2071,#2072,#2073),
  .UNSPECIFIED.,.F.,.F.,(3,3),(0.5,0.625),.PIECEWISE_BEZIER_KNOTS.);
#2071 = CARTESIAN_POINT('',(0.8398138944,0.,-9.4999999946));
#2072 = CARTESIAN_POINT('',(0.8398138944,0.,-9.669075518));
#2073 = CARTESIAN_POINT('',(0.7751114904,0.,-9.825280914));
#2074 = ORIENTED_EDGE('',*,*,#2075,.T.);
#2075 = EDGE_CURVE('',#2068,#2076,#2078,.T.);
#2076 = VERTEX_POINT('',#2077);
#2077 = CARTESIAN_POINT('',(0.5908546566,0.,-10.1010407676));
#2078 = B_SPLINE_CURVE_WITH_KNOTS('',2,(#2079,#2080,#2081),
  .UNSPECIFIED.,.F.,.F.,(3,3),(0.625,0.75),.PIECEWISE_BEZIER_KNOTS.);
#2079 = CARTESIAN_POINT('',(0.7751114904,0.,-9.825280914));
#2080 = CARTESIAN_POINT('',(0.7104090942,0.,-9.9814863242));
#2081 = CARTESIAN_POINT('',(0.5908546566,0.,-10.1010407676));
#2082 = ORIENTED_EDGE('',*,*,#2083,.T.);
#2083 = EDGE_CURVE('',#2076,#2084,#2086,.T.);
#2084 = VERTEX_POINT('',#2085);
#2085 = CARTESIAN_POINT('',(0.315094806,0.,-10.2852975962));
#2086 = B_SPLINE_CURVE_WITH_KNOTS('',2,(#2087,#2088,#2089),
  .UNSPECIFIED.,.F.,.F.,(3,3),(0.75,0.875),.PIECEWISE_BEZIER_KNOTS.);
#2087 = CARTESIAN_POINT('',(0.5908546566,0.,-10.1010407676));
#2088 = CARTESIAN_POINT('',(0.4713002112,0.,-10.220595211));
#2089 = CARTESIAN_POINT('',(0.315094806,0.,-10.2852975962));
#2090 = ORIENTED_EDGE('',*,*,#2091,.T.);
#2091 = EDGE_CURVE('',#2084,#2092,#2094,.T.);
#2092 = VERTEX_POINT('',#2093);
#2093 = CARTESIAN_POINT('',(-1.01861058E-02,0.,-10.3499999956));
#2094 = B_SPLINE_CURVE_WITH_KNOTS('',2,(#2095,#2096,#2097),
  .UNSPECIFIED.,.F.,.F.,(3,3),(0.875,1.),.PIECEWISE_BEZIER_KNOTS.);
#2095 = CARTESIAN_POINT('',(0.315094806,0.,-10.2852975962));
#2096 = CARTESIAN_POINT('',(0.1588894008,0.,-10.3499999956));
#2097 = CARTESIAN_POINT('',(-1.01861058E-02,0.,-10.3499999956));
#2098 = ORIENTED_EDGE('',*,*,#2099,.T.);
#2099 = EDGE_CURVE('',#2092,#2100,#2102,.T.);
#2100 = VERTEX_POINT('',#2101);
#2101 = CARTESIAN_POINT('',(-0.3354670254,0.,-10.2852975962));
#2102 = B_SPLINE_CURVE_WITH_KNOTS('',2,(#2103,#2104,#2105),
  .UNSPECIFIED.,.F.,.F.,(3,3),(0.,0.125),.PIECEWISE_BEZIER_KNOTS.);
#2103 = CARTESIAN_POINT('',(-1.01861058E-02,0.,-10.3499999956));
#2104 = CARTESIAN_POINT('',(-0.1792616202,0.,-10.3499999956));
#2105 = CARTESIAN_POINT('',(-0.3354670254,0.,-10.2852975962));
#2106 = ORIENTED_EDGE('',*,*,#2107,.T.);
#2107 = EDGE_CURVE('',#2100,#2108,#2110,.T.);
#2108 = VERTEX_POINT('',#2109);
#2109 = CARTESIAN_POINT('',(-0.611226876,0.,-10.1010407676));
#2110 = B_SPLINE_CURVE_WITH_KNOTS('',2,(#2111,#2112,#2113),
  .UNSPECIFIED.,.F.,.F.,(3,3),(0.125,0.25),.PIECEWISE_BEZIER_KNOTS.);
#2111 = CARTESIAN_POINT('',(-0.3354670254,0.,-10.2852975962));
#2112 = CARTESIAN_POINT('',(-0.4916724306,0.,-10.220595211));
#2113 = CARTESIAN_POINT('',(-0.611226876,0.,-10.1010407676));
#2114 = ORIENTED_EDGE('',*,*,#2115,.T.);
#2115 = EDGE_CURVE('',#2108,#2116,#2118,.T.);
#2116 = VERTEX_POINT('',#2117);
#2117 = CARTESIAN_POINT('',(-0.7954837098,0.,-9.825280914));
#2118 = B_SPLINE_CURVE_WITH_KNOTS('',2,(#2119,#2120,#2121),
  .UNSPECIFIED.,.F.,.F.,(3,3),(0.25,0.375),.PIECEWISE_BEZIER_KNOTS.);
#2119 = CARTESIAN_POINT('',(-0.611226876,0.,-10.1010407676));
#2120 = CARTESIAN_POINT('',(-0.7307813136,0.,-9.9814863242));
#2121 = CARTESIAN_POINT('',(-0.7954837098,0.,-9.825280914));
#2122 = ORIENTED_EDGE('',*,*,#2123,.T.);
#2123 = EDGE_CURVE('',#2116,#2124,#2126,.T.);
#2124 = VERTEX_POINT('',#2125);
#2125 = CARTESIAN_POINT('',(-0.860186106,0.,-9.4999999946));
#2126 = B_SPLINE_CURVE_WITH_KNOTS('',2,(#2127,#2128,#2129),
  .UNSPECIFIED.,.F.,.F.,(3,3),(0.375,0.5),.PIECEWISE_BEZIER_KNOTS.);
#2127 = CARTESIAN_POINT('',(-0.7954837098,0.,-9.825280914));
#2128 = CARTESIAN_POINT('',(-0.860186106,0.,-9.669075518));
#2129 = CARTESIAN_POINT('',(-0.860186106,0.,-9.4999999946));
#2130 = ORIENTED_EDGE('',*,*,#2131,.T.);
#2131 = EDGE_CURVE('',#2124,#2132,#2134,.T.);
#2132 = VERTEX_POINT('',#2133);
#2133 = CARTESIAN_POINT('',(-0.7954837098,0.,-9.1747190894));
#2134 = B_SPLINE_CURVE_WITH_KNOTS('',2,(#2135,#2136,#2137),
  .UNSPECIFIED.,.F.,.F.,(3,3),(0.5,0.625),.PIECEWISE_BEZIER_KNOTS.);
#2135 = CARTESIAN_POINT('',(-0.860186106,0.,-9.4999999946));
#2136 = CARTESIAN_POINT('',(-0.860186106,0.,-9.3309244854));
#2137 = CARTESIAN_POINT('',(-0.7954837098,0.,-9.1747190894));
#2138 = ORIENTED_EDGE('',*,*,#2139,.T.);
#2139 = EDGE_CURVE('',#2132,#2140,#2142,.T.);
#2140 = VERTEX_POINT('',#2141);
#2141 = CARTESIAN_POINT('',(-0.611226876,0.,-8.8989592358));
#2142 = B_SPLINE_CURVE_WITH_KNOTS('',2,(#2143,#2144,#2145),
  .UNSPECIFIED.,.F.,.F.,(3,3),(0.625,0.75),.PIECEWISE_BEZIER_KNOTS.);
#2143 = CARTESIAN_POINT('',(-0.7954837098,0.,-9.1747190894));
#2144 = CARTESIAN_POINT('',(-0.7307813136,0.,-9.0185136792));
#2145 = CARTESIAN_POINT('',(-0.611226876,0.,-8.8989592358));
#2146 = ORIENTED_EDGE('',*,*,#2147,.T.);
#2147 = EDGE_CURVE('',#2140,#2148,#2150,.T.);
#2148 = VERTEX_POINT('',#2149);
#2149 = CARTESIAN_POINT('',(-0.3354670254,0.,-8.714702393));
#2150 = B_SPLINE_CURVE_WITH_KNOTS('',2,(#2151,#2152,#2153),
  .UNSPECIFIED.,.F.,.F.,(3,3),(0.75,0.875),.PIECEWISE_BEZIER_KNOTS.);
#2151 = CARTESIAN_POINT('',(-0.611226876,0.,-8.8989592358));
#2152 = CARTESIAN_POINT('',(-0.4916724306,0.,-8.7794047924));
#2153 = CARTESIAN_POINT('',(-0.3354670254,0.,-8.714702393));
#2154 = ORIENTED_EDGE('',*,*,#2155,.T.);
#2155 = EDGE_CURVE('',#2148,#2034,#2156,.T.);
#2156 = B_SPLINE_CURVE_WITH_KNOTS('',2,(#2157,#2158,#2159),
  .UNSPECIFIED.,.F.,.F.,(3,3),(0.875,1.),.PIECEWISE_BEZIER_KNOTS.);
#2157 = CARTESIAN_POINT('',(-0.3354670254,0.,-8.714702393));
#2158 = CARTESIAN_POINT('',(-0.1792616202,0.,-8.6499999936));
#2159 = CARTESIAN_POINT('',(-1.01861058E-02,0.,-8.6499999936));
#2160 = B_SPLINE_SURFACE_WITH_KNOTS('',1,1,(
    (#2161,#2162)
    ,(#2163,#2164
    )),.UNSPECIFIED.,.F.,.F.,.F.,(2,2),(2,2),(0.,1.),(0.,1.),
  .PIECEWISE_BEZIER_KNOTS.);
#2161 = CARTESIAN_POINT('',(-3.9,0.,-0.6));
#2162 = CARTESIAN_POINT('',(3.9,0.,-0.6));
#2163 = CARTESIAN_POINT('',(-3.9,0.,-14.8));
#2164 = CARTESIAN_POINT('',(3.9,0.,-14.8));
#2165 = SHELL_BASED_SURFACE_MODEL('',(#2166));
#2166 = OPEN_SHELL('',(#2167));
#2167 = ADVANCED_FACE('',(#2168),#2266,.T.);
#2168 = FACE_BOUND('',#2169,.T.);
#2169 = EDGE_LOOP('',(#2170,#2180,#2188,#2196,#2204,#2212,#2220,#2228,
    #2236,#2244,#2252,#2260));
#2170 = ORIENTED_EDGE('',*,*,#2171,.T.);
#2171 = EDGE_CURVE('',#2172,#2174,#2176,.T.);
#2172 = VERTEX_POINT('',#2173);
#2173 = CARTESIAN_POINT('',(-3.,11.,-3.55));
#2174 = VERTEX_POINT('',#2175);
#2175 = CARTESIAN_POINT('',(-3.,9.1457513115,-3.55));
#2176 = LINE('',#2177,#2178);
#2177 = CARTESIAN_POINT('',(-3.,11.,-3.55));
#2178 = VECTOR('',#2179,1.);
#2179 = DIRECTION('',(0.,-1.,0.));
#2180 = ORIENTED_EDGE('',*,*,#2181,.T.);
#2181 = EDGE_CURVE('',#2174,#2182,#2184,.T.);
#2182 = VERTEX_POINT('',#2183);
#2183 = CARTESIAN_POINT('',(-3.4266101895,8.5635752015,-3.55));
#2184 = B_SPLINE_CURVE_WITH_KNOTS('',2,(#2185,#2186,#2187),
  .UNSPECIFIED.,.F.,.F.,(3,3),(0.,0.25),.PIECEWISE_BEZIER_KNOTS.);
#2185 = CARTESIAN_POINT('',(-3.,9.145751312,-3.55));
#2186 = CARTESIAN_POINT('',(-3.2396742855,8.873986214,-3.55));
#2187 = CARTESIAN_POINT('',(-3.4266101895,8.5635752015,-3.55));
#2188 = ORIENTED_EDGE('',*,*,#2189,.T.);
#2189 = EDGE_CURVE('',#2182,#2190,#2192,.T.);
#2190 = VERTEX_POINT('',#2191);
#2191 = CARTESIAN_POINT('',(-3.741657387,7.9142135645,-3.55));
#2192 = B_SPLINE_CURVE_WITH_KNOTS('',2,(#2193,#2194,#2195),
  .UNSPECIFIED.,.F.,.F.,(3,3),(0.25,0.5),.PIECEWISE_BEZIER_KNOTS.);
#2193 = CARTESIAN_POINT('',(-3.4266101895,8.5635752015,-3.55));
#2194 = CARTESIAN_POINT('',(-3.613546092,8.253164189,-3.55));
#2195 = CARTESIAN_POINT('',(-3.741657387,7.9142135645,-3.55));
#2196 = ORIENTED_EDGE('',*,*,#2197,.T.);
#2197 = EDGE_CURVE('',#2190,#2198,#2200,.T.);
#2198 = VERTEX_POINT('',#2199);
#2199 = CARTESIAN_POINT('',(-3.9348843405,7.2188081975,-3.55));
#2200 = B_SPLINE_CURVE_WITH_KNOTS('',2,(#2201,#2202,#2203),
  .UNSPECIFIED.,.F.,.F.,(3,3),(0.5,0.75),.PIECEWISE_BEZIER_KNOTS.);
#2201 = CARTESIAN_POINT('',(-3.741657387,7.9142135645,-3.55));
#2202 = CARTESIAN_POINT('',(-3.8697686805,7.5752629355,-3.55));
#2203 = CARTESIAN_POINT('',(-3.9348843405,7.2188081975,-3.55));
#2204 = ORIENTED_EDGE('',*,*,#2205,.T.);
#2205 = EDGE_CURVE('',#2198,#2206,#2208,.T.);
#2206 = VERTEX_POINT('',#2207);
#2207 = CARTESIAN_POINT('',(-4.00000000025,6.5,-3.55));
#2208 = B_SPLINE_CURVE_WITH_KNOTS('',2,(#2209,#2210,#2211),
  .UNSPECIFIED.,.F.,.F.,(3,3),(0.75,1.),.PIECEWISE_BEZIER_KNOTS.);
#2209 = CARTESIAN_POINT('',(-3.9348843405,7.2188081975,-3.55));
#2210 = CARTESIAN_POINT('',(-4.0000000005,6.8623534595,-3.55));
#2211 = CARTESIAN_POINT('',(-4.0000000005,6.5,-3.55));
#2212 = ORIENTED_EDGE('',*,*,#2213,.T.);
#2213 = EDGE_CURVE('',#2206,#2214,#2216,.T.);
#2214 = VERTEX_POINT('',#2215);
#2215 = CARTESIAN_POINT('',(-4.5,6.5,-3.55));
#2216 = LINE('',#2217,#2218);
#2217 = CARTESIAN_POINT('',(-4.,6.5,-3.55));
#2218 = VECTOR('',#2219,1.);
#2219 = DIRECTION('',(-1.,0.,0.));
#2220 = ORIENTED_EDGE('',*,*,#2221,.T.);
#2221 = EDGE_CURVE('',#2214,#2222,#2224,.T.);
#2222 = VERTEX_POINT('',#2223);
#2223 = CARTESIAN_POINT('',(-4.5,10.40000000075,-3.55));
#2224 = LINE('',#2225,#2226);
#2225 = CARTESIAN_POINT('',(-4.5,6.5,-3.55));
#2226 = VECTOR('',#2227,1.);
#2227 = DIRECTION('',(0.,1.,0.));
#2228 = ORIENTED_EDGE('',*,*,#2229,.T.);
#2229 = EDGE_CURVE('',#2222,#2230,#2232,.T.);
#2230 = VERTEX_POINT('',#2231);
#2231 = CARTESIAN_POINT('',(-4.4543277195,10.629610058,-3.55));
#2232 = B_SPLINE_CURVE_WITH_KNOTS('',2,(#2233,#2234,#2235),
  .UNSPECIFIED.,.F.,.F.,(3,3),(0.,0.25),.PIECEWISE_BEZIER_KNOTS.);
#2233 = CARTESIAN_POINT('',(-4.5,10.4000000015,-3.55));
#2234 = CARTESIAN_POINT('',(-4.5,10.519347422,-3.55));
#2235 = CARTESIAN_POINT('',(-4.4543277195,10.629610058,-3.55));
#2236 = ORIENTED_EDGE('',*,*,#2237,.T.);
#2237 = EDGE_CURVE('',#2230,#2238,#2240,.T.);
#2238 = VERTEX_POINT('',#2239);
#2239 = CARTESIAN_POINT('',(-4.324264068,10.8242640695,-3.55));
#2240 = B_SPLINE_CURVE_WITH_KNOTS('',2,(#2241,#2242,#2243),
  .UNSPECIFIED.,.F.,.F.,(3,3),(0.25,0.5),.PIECEWISE_BEZIER_KNOTS.);
#2241 = CARTESIAN_POINT('',(-4.4543277195,10.629610058,-3.55));
#2242 = CARTESIAN_POINT('',(-4.408655439,10.7398726985,-3.55));
#2243 = CARTESIAN_POINT('',(-4.324264068,10.8242640695,-3.55));
#2244 = ORIENTED_EDGE('',*,*,#2245,.T.);
#2245 = EDGE_CURVE('',#2238,#2246,#2248,.T.);
#2246 = VERTEX_POINT('',#2247);
#2247 = CARTESIAN_POINT('',(-4.1296100595,10.954327718,-3.55));
#2248 = B_SPLINE_CURVE_WITH_KNOTS('',2,(#2249,#2250,#2251),
  .UNSPECIFIED.,.F.,.F.,(3,3),(0.5,0.75),.PIECEWISE_BEZIER_KNOTS.);
#2249 = CARTESIAN_POINT('',(-4.324264068,10.8242640695,-3.55));
#2250 = CARTESIAN_POINT('',(-4.2398726985,10.9086554405,-3.55));
#2251 = CARTESIAN_POINT('',(-4.1296100595,10.954327718,-3.55));
#2252 = ORIENTED_EDGE('',*,*,#2253,.T.);
#2253 = EDGE_CURVE('',#2246,#2254,#2256,.T.);
#2254 = VERTEX_POINT('',#2255);
#2255 = CARTESIAN_POINT('',(-3.9,11.,-3.55));
#2256 = B_SPLINE_CURVE_WITH_KNOTS('',2,(#2257,#2258,#2259),
  .UNSPECIFIED.,.F.,.F.,(3,3),(0.75,1.),.PIECEWISE_BEZIER_KNOTS.);
#2257 = CARTESIAN_POINT('',(-4.1296100595,10.954327718,-3.55));
#2258 = CARTESIAN_POINT('',(-4.0193474205,11.,-3.55));
#2259 = CARTESIAN_POINT('',(-3.9,11.,-3.55));
#2260 = ORIENTED_EDGE('',*,*,#2261,.T.);
#2261 = EDGE_CURVE('',#2254,#2172,#2262,.T.);
#2262 = LINE('',#2263,#2264);
#2263 = CARTESIAN_POINT('',(-3.9,11.,-3.55));
#2264 = VECTOR('',#2265,1.);
#2265 = DIRECTION('',(1.,0.,0.));
#2266 = B_SPLINE_SURFACE_WITH_KNOTS('',1,1,(
    (#2267,#2268)
    ,(#2269,#2270
    )),.UNSPECIFIED.,.F.,.F.,.F.,(2,2),(2,2),(0.,1.),(0.,1.),
  .PIECEWISE_BEZIER_KNOTS.);
#2267 = CARTESIAN_POINT('',(-3.,6.5,-3.55));
#2268 = CARTESIAN_POINT('',(-3.,11.,-3.55));
#2269 = CARTESIAN_POINT('',(-4.5,6.5,-3.55));
#2270 = CARTESIAN_POINT('',(-4.5,11.,-3.55));
#2271 = SHELL_BASED_SURFACE_MODEL('',(#2272));
#2272 = OPEN_SHELL('',(#2273));
#2273 = ADVANCED_FACE('',(#2274),#2310,.T.);
#2274 = FACE_BOUND('',#2275,.T.);
#2275 = EDGE_LOOP('',(#2276,#2287,#2295,#2304));
#2276 = ORIENTED_EDGE('',*,*,#2277,.F.);
#2277 = EDGE_CURVE('',#2278,#2280,#2282,.T.);
#2278 = VERTEX_POINT('',#2279);
#2279 = CARTESIAN_POINT('',(-3.9,11.,-3.55));
#2280 = VERTEX_POINT('',#2281);
#2281 = CARTESIAN_POINT('',(-4.5,10.4,-3.55));
#2282 = CIRCLE('',#2283,0.6);
#2283 = AXIS2_PLACEMENT_3D('',#2284,#2285,#2286);
#2284 = CARTESIAN_POINT('',(-3.9,10.4,-3.55));
#2285 = DIRECTION('',(0.,0.,1.));
#2286 = DIRECTION('',(1.,0.,-0.));
#2287 = ORIENTED_EDGE('',*,*,#2288,.F.);
#2288 = EDGE_CURVE('',#2289,#2278,#2291,.T.);
#2289 = VERTEX_POINT('',#2290);
#2290 = CARTESIAN_POINT('',(-3.9,11.,-0.6));
#2291 = LINE('',#2292,#2293);
#2292 = CARTESIAN_POINT('',(-3.9,11.,-0.6));
#2293 = VECTOR('',#2294,1.);
#2294 = DIRECTION('',(0.,0.,-1.));
#2295 = ORIENTED_EDGE('',*,*,#2296,.F.);
#2296 = EDGE_CURVE('',#2297,#2289,#2299,.T.);
#2297 = VERTEX_POINT('',#2298);
#2298 = CARTESIAN_POINT('',(-4.5,10.4,-0.6));
#2299 = CIRCLE('',#2300,0.6);
#2300 = AXIS2_PLACEMENT_3D('',#2301,#2302,#2303);
#2301 = CARTESIAN_POINT('',(-3.9,10.4,-0.6));
#2302 = DIRECTION('',(6.982962677686E-15,0.,-1.));
#2303 = DIRECTION('',(-1.,0.,-6.982962677686E-15));
#2304 = ORIENTED_EDGE('',*,*,#2305,.F.);
#2305 = EDGE_CURVE('',#2280,#2297,#2306,.T.);
#2306 = LINE('',#2307,#2308);
#2307 = CARTESIAN_POINT('',(-4.5,10.4,-3.55));
#2308 = VECTOR('',#2309,1.);
#2309 = DIRECTION('',(0.,0.,1.));
#2310 = SURFACE_OF_REVOLUTION('',#2311,#2315);
#2311 = LINE('',#2312,#2313);
#2312 = CARTESIAN_POINT('',(-3.3,10.4,-3.55));
#2313 = VECTOR('',#2314,1.);
#2314 = DIRECTION('',(0.,0.,1.));
#2315 = AXIS1_PLACEMENT('',#2316,#2317);
#2316 = CARTESIAN_POINT('',(-3.9,10.4,-13.4));
#2317 = DIRECTION('',(0.,0.,-1.));
#2318 = SHELL_BASED_SURFACE_MODEL('',(#2319));
#2319 = OPEN_SHELL('',(#2320));
#2320 = ADVANCED_FACE('',(#2321),#2507,.T.);
#2321 = FACE_BOUND('',#2322,.T.);
#2322 = EDGE_LOOP('',(#2323,#2333,#2341,#2349,#2357,#2365,#2373,#2381,
    #2389,#2397,#2405,#2413,#2421,#2429,#2437,#2445,#2453,#2461,#2469,
    #2477,#2485,#2493,#2501));
#2323 = ORIENTED_EDGE('',*,*,#2324,.T.);
#2324 = EDGE_CURVE('',#2325,#2327,#2329,.T.);
#2325 = VERTEX_POINT('',#2326);
#2326 = CARTESIAN_POINT('',(-3.9,11.,-3.55));
#2327 = VERTEX_POINT('',#2328);
#2328 = CARTESIAN_POINT('',(-3.9,11.,-0.6));
#2329 = LINE('',#2330,#2331);
#2330 = CARTESIAN_POINT('',(-3.9,11.,-3.55));
#2331 = VECTOR('',#2332,1.);
#2332 = DIRECTION('',(0.,0.,1.));
#2333 = ORIENTED_EDGE('',*,*,#2334,.T.);
#2334 = EDGE_CURVE('',#2327,#2335,#2337,.T.);
#2335 = VERTEX_POINT('',#2336);
#2336 = CARTESIAN_POINT('',(3.9,11.,-0.6));
#2337 = LINE('',#2338,#2339);
#2338 = CARTESIAN_POINT('',(-3.9,11.,-0.6));
#2339 = VECTOR('',#2340,1.);
#2340 = DIRECTION('',(1.,0.,0.));
#2341 = ORIENTED_EDGE('',*,*,#2342,.T.);
#2342 = EDGE_CURVE('',#2335,#2343,#2345,.T.);
#2343 = VERTEX_POINT('',#2344);
#2344 = CARTESIAN_POINT('',(3.9,11.,-3.55));
#2345 = LINE('',#2346,#2347);
#2346 = CARTESIAN_POINT('',(3.9,11.,-0.6));
#2347 = VECTOR('',#2348,1.);
#2348 = DIRECTION('',(0.,0.,-1.));
#2349 = ORIENTED_EDGE('',*,*,#2350,.T.);
#2350 = EDGE_CURVE('',#2343,#2351,#2353,.T.);
#2351 = VERTEX_POINT('',#2352);
#2352 = CARTESIAN_POINT('',(3.,11.,-3.55));
#2353 = LINE('',#2354,#2355);
#2354 = CARTESIAN_POINT('',(3.9,11.,-3.55));
#2355 = VECTOR('',#2356,1.);
#2356 = DIRECTION('',(-1.,0.,0.));
#2357 = ORIENTED_EDGE('',*,*,#2358,.T.);
#2358 = EDGE_CURVE('',#2351,#2359,#2361,.T.);
#2359 = VERTEX_POINT('',#2360);
#2360 = CARTESIAN_POINT('',(3.0000000015,11.,-7.999999998022));
#2361 = LINE('',#2362,#2363);
#2362 = CARTESIAN_POINT('',(3.,11.,-3.55));
#2363 = VECTOR('',#2364,1.);
#2364 = DIRECTION('',(0.,0.,-1.));
#2365 = ORIENTED_EDGE('',*,*,#2366,.T.);
#2366 = EDGE_CURVE('',#2359,#2367,#2369,.T.);
#2367 = VERTEX_POINT('',#2368);
#2368 = CARTESIAN_POINT('',(2.9423558424,11.,-8.585270962552));
#2369 = B_SPLINE_CURVE_WITH_KNOTS('',2,(#2370,#2371,#2372),
  .UNSPECIFIED.,.F.,.F.,(3,3),(0.,6.25E-02),.PIECEWISE_BEZIER_KNOTS.);
#2370 = CARTESIAN_POINT('',(3.000000003,11.,-7.999999996043));
#2371 = CARTESIAN_POINT('',(3.000000003,11.,-8.295474210902));
#2372 = CARTESIAN_POINT('',(2.9423558424,11.,-8.585270962552));
#2373 = ORIENTED_EDGE('',*,*,#2374,.T.);
#2374 = EDGE_CURVE('',#2367,#2375,#2377,.T.);
#2375 = VERTEX_POINT('',#2376);
#2376 = CARTESIAN_POINT('',(2.7716385996,11.,-9.148050300962));
#2377 = B_SPLINE_CURVE_WITH_KNOTS('',2,(#2378,#2379,#2380),
  .UNSPECIFIED.,.F.,.F.,(3,3),(6.25E-02,0.125),
  .PIECEWISE_BEZIER_KNOTS.);
#2378 = CARTESIAN_POINT('',(2.9423558424,11.,-8.585270962552));
#2379 = CARTESIAN_POINT('',(2.8847116818,11.,-8.875067724664));
#2380 = CARTESIAN_POINT('',(2.7716385996,11.,-9.148050300962));
#2381 = ORIENTED_EDGE('',*,*,#2382,.T.);
#2382 = EDGE_CURVE('',#2375,#2383,#2385,.T.);
#2383 = VERTEX_POINT('',#2384);
#2384 = CARTESIAN_POINT('',(2.494408839,11.,-9.666710702962));
#2385 = B_SPLINE_CURVE_WITH_KNOTS('',2,(#2386,#2387,#2388),
  .UNSPECIFIED.,.F.,.F.,(3,3),(0.125,0.1875),.PIECEWISE_BEZIER_KNOTS.);
#2386 = CARTESIAN_POINT('',(2.7716385996,11.,-9.148050300962));
#2387 = CARTESIAN_POINT('',(2.6585655096,11.,-9.421032877259));
#2388 = CARTESIAN_POINT('',(2.494408839,11.,-9.666710702962));
#2389 = ORIENTED_EDGE('',*,*,#2390,.T.);
#2390 = EDGE_CURVE('',#2383,#2391,#2393,.T.);
#2391 = VERTEX_POINT('',#2392);
#2392 = CARTESIAN_POINT('',(2.1213203466,11.,-10.12132034447));
#2393 = B_SPLINE_CURVE_WITH_KNOTS('',2,(#2394,#2395,#2396),
  .UNSPECIFIED.,.F.,.F.,(3,3),(0.1875,0.25),.PIECEWISE_BEZIER_KNOTS.);
#2394 = CARTESIAN_POINT('',(2.494408839,11.,-9.666710702962));
#2395 = CARTESIAN_POINT('',(2.3302521606,11.,-9.912388528664));
#2396 = CARTESIAN_POINT('',(2.1213203466,11.,-10.12132034447));
#2397 = ORIENTED_EDGE('',*,*,#2398,.T.);
#2398 = EDGE_CURVE('',#2391,#2399,#2401,.T.);
#2399 = VERTEX_POINT('',#2400);
#2400 = CARTESIAN_POINT('',(1.6667107002,11.,-10.49440883795));
#2401 = B_SPLINE_CURVE_WITH_KNOTS('',2,(#2402,#2403,#2404),
  .UNSPECIFIED.,.F.,.F.,(3,3),(0.25,0.3125),.PIECEWISE_BEZIER_KNOTS.);
#2402 = CARTESIAN_POINT('',(2.1213203466,11.,-10.12132034447));
#2403 = CARTESIAN_POINT('',(1.9123885248,11.,-10.33025216028));
#2404 = CARTESIAN_POINT('',(1.6667107002,11.,-10.49440883795));
#2405 = ORIENTED_EDGE('',*,*,#2406,.T.);
#2406 = EDGE_CURVE('',#2399,#2407,#2409,.T.);
#2407 = VERTEX_POINT('',#2408);
#2408 = CARTESIAN_POINT('',(1.1480503008,11.,-10.77163859414));
#2409 = B_SPLINE_CURVE_WITH_KNOTS('',2,(#2410,#2411,#2412),
  .UNSPECIFIED.,.F.,.F.,(3,3),(0.3125,0.375),.PIECEWISE_BEZIER_KNOTS.);
#2410 = CARTESIAN_POINT('',(1.6667107002,11.,-10.49440883795));
#2411 = CARTESIAN_POINT('',(1.4210328756,11.,-10.65856551562));
#2412 = CARTESIAN_POINT('',(1.1480503008,11.,-10.77163859414));
#2413 = ORIENTED_EDGE('',*,*,#2414,.T.);
#2414 = EDGE_CURVE('',#2407,#2415,#2417,.T.);
#2415 = VERTEX_POINT('',#2416);
#2416 = CARTESIAN_POINT('',(0.5852709642,11.,-10.94235584528));
#2417 = B_SPLINE_CURVE_WITH_KNOTS('',2,(#2418,#2419,#2420),
  .UNSPECIFIED.,.F.,.F.,(3,3),(0.375,0.4375),.PIECEWISE_BEZIER_KNOTS.);
#2418 = CARTESIAN_POINT('',(1.1480503008,11.,-10.77163859414));
#2419 = CARTESIAN_POINT('',(0.8750677182,11.,-10.88471168312));
#2420 = CARTESIAN_POINT('',(0.5852709642,11.,-10.94235584528));
#2421 = ORIENTED_EDGE('',*,*,#2422,.T.);
#2422 = EDGE_CURVE('',#2415,#2423,#2425,.T.);
#2423 = VERTEX_POINT('',#2424);
#2424 = CARTESIAN_POINT('',(0.,11.,-10.99999999698));
#2425 = B_SPLINE_CURVE_WITH_KNOTS('',2,(#2426,#2427,#2428),
  .UNSPECIFIED.,.F.,.F.,(3,3),(0.4375,0.5),.PIECEWISE_BEZIER_KNOTS.);
#2426 = CARTESIAN_POINT('',(0.5852709642,11.,-10.94235584528));
#2427 = CARTESIAN_POINT('',(0.2954742102,11.,-10.99999999698));
#2428 = CARTESIAN_POINT('',(0.,11.,-10.99999999698));
#2429 = ORIENTED_EDGE('',*,*,#2430,.T.);
#2430 = EDGE_CURVE('',#2423,#2431,#2433,.T.);
#2431 = VERTEX_POINT('',#2432);
#2432 = CARTESIAN_POINT('',(-0.5852709642,11.,-10.94235584528));
#2433 = B_SPLINE_CURVE_WITH_KNOTS('',2,(#2434,#2435,#2436),
  .UNSPECIFIED.,.F.,.F.,(3,3),(0.5,0.5625),.PIECEWISE_BEZIER_KNOTS.);
#2434 = CARTESIAN_POINT('',(0.,11.,-10.99999999698));
#2435 = CARTESIAN_POINT('',(-0.2954742102,11.,-10.99999999698));
#2436 = CARTESIAN_POINT('',(-0.5852709642,11.,-10.94235584528));
#2437 = ORIENTED_EDGE('',*,*,#2438,.T.);
#2438 = EDGE_CURVE('',#2431,#2439,#2441,.T.);
#2439 = VERTEX_POINT('',#2440);
#2440 = CARTESIAN_POINT('',(-1.1480503008,11.,-10.77163859414));
#2441 = B_SPLINE_CURVE_WITH_KNOTS('',2,(#2442,#2443,#2444),
  .UNSPECIFIED.,.F.,.F.,(3,3),(0.5625,0.625),.PIECEWISE_BEZIER_KNOTS.);
#2442 = CARTESIAN_POINT('',(-0.5852709642,11.,-10.94235584528));
#2443 = CARTESIAN_POINT('',(-0.8750677182,11.,-10.88471168312));
#2444 = CARTESIAN_POINT('',(-1.1480503008,11.,-10.77163859414));
#2445 = ORIENTED_EDGE('',*,*,#2446,.T.);
#2446 = EDGE_CURVE('',#2439,#2447,#2449,.T.);
#2447 = VERTEX_POINT('',#2448);
#2448 = CARTESIAN_POINT('',(-1.6667107002,11.,-10.49440883795));
#2449 = B_SPLINE_CURVE_WITH_KNOTS('',2,(#2450,#2451,#2452),
  .UNSPECIFIED.,.F.,.F.,(3,3),(0.625,0.6875),.PIECEWISE_BEZIER_KNOTS.);
#2450 = CARTESIAN_POINT('',(-1.1480503008,11.,-10.77163859414));
#2451 = CARTESIAN_POINT('',(-1.4210328756,11.,-10.65856551562));
#2452 = CARTESIAN_POINT('',(-1.6667107002,11.,-10.49440883795));
#2453 = ORIENTED_EDGE('',*,*,#2454,.T.);
#2454 = EDGE_CURVE('',#2447,#2455,#2457,.T.);
#2455 = VERTEX_POINT('',#2456);
#2456 = CARTESIAN_POINT('',(-2.1213203466,11.,-10.12132034447));
#2457 = B_SPLINE_CURVE_WITH_KNOTS('',2,(#2458,#2459,#2460),
  .UNSPECIFIED.,.F.,.F.,(3,3),(0.6875,0.75),.PIECEWISE_BEZIER_KNOTS.);
#2458 = CARTESIAN_POINT('',(-1.6667107002,11.,-10.49440883795));
#2459 = CARTESIAN_POINT('',(-1.9123885248,11.,-10.33025216028));
#2460 = CARTESIAN_POINT('',(-2.1213203466,11.,-10.12132034447));
#2461 = ORIENTED_EDGE('',*,*,#2462,.T.);
#2462 = EDGE_CURVE('',#2455,#2463,#2465,.T.);
#2463 = VERTEX_POINT('',#2464);
#2464 = CARTESIAN_POINT('',(-2.494408839,11.,-9.666710702962));
#2465 = B_SPLINE_CURVE_WITH_KNOTS('',2,(#2466,#2467,#2468),
  .UNSPECIFIED.,.F.,.F.,(3,3),(0.75,0.8125),.PIECEWISE_BEZIER_KNOTS.);
#2466 = CARTESIAN_POINT('',(-2.1213203466,11.,-10.12132034447));
#2467 = CARTESIAN_POINT('',(-2.3302521606,11.,-9.912388528664));
#2468 = CARTESIAN_POINT('',(-2.494408839,11.,-9.666710702962));
#2469 = ORIENTED_EDGE('',*,*,#2470,.T.);
#2470 = EDGE_CURVE('',#2463,#2471,#2473,.T.);
#2471 = VERTEX_POINT('',#2472);
#2472 = CARTESIAN_POINT('',(-2.7716385996,11.,-9.148050300962));
#2473 = B_SPLINE_CURVE_WITH_KNOTS('',2,(#2474,#2475,#2476),
  .UNSPECIFIED.,.F.,.F.,(3,3),(0.8125,0.875),.PIECEWISE_BEZIER_KNOTS.);
#2474 = CARTESIAN_POINT('',(-2.494408839,11.,-9.666710702962));
#2475 = CARTESIAN_POINT('',(-2.6585655096,11.,-9.421032877259));
#2476 = CARTESIAN_POINT('',(-2.7716385996,11.,-9.148050300962));
#2477 = ORIENTED_EDGE('',*,*,#2478,.T.);
#2478 = EDGE_CURVE('',#2471,#2479,#2481,.T.);
#2479 = VERTEX_POINT('',#2480);
#2480 = CARTESIAN_POINT('',(-2.9423558424,11.,-8.585270962552));
#2481 = B_SPLINE_CURVE_WITH_KNOTS('',2,(#2482,#2483,#2484),
  .UNSPECIFIED.,.F.,.F.,(3,3),(0.875,0.9375),.PIECEWISE_BEZIER_KNOTS.);
#2482 = CARTESIAN_POINT('',(-2.7716385996,11.,-9.148050300962));
#2483 = CARTESIAN_POINT('',(-2.8847116818,11.,-8.875067724664));
#2484 = CARTESIAN_POINT('',(-2.9423558424,11.,-8.585270962552));
#2485 = ORIENTED_EDGE('',*,*,#2486,.T.);
#2486 = EDGE_CURVE('',#2479,#2487,#2489,.T.);
#2487 = VERTEX_POINT('',#2488);
#2488 = CARTESIAN_POINT('',(-3.0000000015,11.,-7.999999998022));
#2489 = B_SPLINE_CURVE_WITH_KNOTS('',2,(#2490,#2491,#2492),
  .UNSPECIFIED.,.F.,.F.,(3,3),(0.9375,1.),.PIECEWISE_BEZIER_KNOTS.);
#2490 = CARTESIAN_POINT('',(-2.9423558424,11.,-8.585270962552));
#2491 = CARTESIAN_POINT('',(-3.000000003,11.,-8.295474210902));
#2492 = CARTESIAN_POINT('',(-3.000000003,11.,-7.999999996043));
#2493 = ORIENTED_EDGE('',*,*,#2494,.T.);
#2494 = EDGE_CURVE('',#2487,#2495,#2497,.T.);
#2495 = VERTEX_POINT('',#2496);
#2496 = CARTESIAN_POINT('',(-3.,11.,-3.55));
#2497 = LINE('',#2498,#2499);
#2498 = CARTESIAN_POINT('',(-3.,11.,-8.));
#2499 = VECTOR('',#2500,1.);
#2500 = DIRECTION('',(0.,0.,1.));
#2501 = ORIENTED_EDGE('',*,*,#2502,.T.);
#2502 = EDGE_CURVE('',#2495,#2325,#2503,.T.);
#2503 = LINE('',#2504,#2505);
#2504 = CARTESIAN_POINT('',(-3.,11.,-3.55));
#2505 = VECTOR('',#2506,1.);
#2506 = DIRECTION('',(-1.,0.,0.));
#2507 = B_SPLINE_SURFACE_WITH_KNOTS('',1,1,(
    (#2508,#2509)
    ,(#2510,#2511
    )),.UNSPECIFIED.,.F.,.F.,.F.,(2,2),(2,2),(0.,1.),(0.,1.),
  .PIECEWISE_BEZIER_KNOTS.);
#2508 = CARTESIAN_POINT('',(-3.9,11.,-11.0624));
#2509 = CARTESIAN_POINT('',(3.9,11.,-11.0624));
#2510 = CARTESIAN_POINT('',(-3.9,11.,-0.6));
#2511 = CARTESIAN_POINT('',(3.9,11.,-0.6));
#2512 = SHELL_BASED_SURFACE_MODEL('',(#2513));
#2513 = OPEN_SHELL('',(#2514));
#2514 = ADVANCED_FACE('',(#2515),#2551,.T.);
#2515 = FACE_BOUND('',#2516,.T.);
#2516 = EDGE_LOOP('',(#2517,#2528,#2536,#2545));
#2517 = ORIENTED_EDGE('',*,*,#2518,.F.);
#2518 = EDGE_CURVE('',#2519,#2521,#2523,.T.);
#2519 = VERTEX_POINT('',#2520);
#2520 = CARTESIAN_POINT('',(4.5,10.4,-3.55));
#2521 = VERTEX_POINT('',#2522);
#2522 = CARTESIAN_POINT('',(3.9,11.,-3.55));
#2523 = CIRCLE('',#2524,0.6);
#2524 = AXIS2_PLACEMENT_3D('',#2525,#2526,#2527);
#2525 = CARTESIAN_POINT('',(3.9,10.4,-3.55));
#2526 = DIRECTION('',(0.,0.,1.));
#2527 = DIRECTION('',(1.,0.,-0.));
#2528 = ORIENTED_EDGE('',*,*,#2529,.F.);
#2529 = EDGE_CURVE('',#2530,#2519,#2532,.T.);
#2530 = VERTEX_POINT('',#2531);
#2531 = CARTESIAN_POINT('',(4.5,10.4,-0.6));
#2532 = LINE('',#2533,#2534);
#2533 = CARTESIAN_POINT('',(4.5,10.4,-0.6));
#2534 = VECTOR('',#2535,1.);
#2535 = DIRECTION('',(0.,0.,-1.));
#2536 = ORIENTED_EDGE('',*,*,#2537,.F.);
#2537 = EDGE_CURVE('',#2538,#2530,#2540,.T.);
#2538 = VERTEX_POINT('',#2539);
#2539 = CARTESIAN_POINT('',(3.9,11.,-0.6));
#2540 = CIRCLE('',#2541,0.6);
#2541 = AXIS2_PLACEMENT_3D('',#2542,#2543,#2544);
#2542 = CARTESIAN_POINT('',(3.9,10.4,-0.6));
#2543 = DIRECTION('',(0.,-6.982962677686E-15,-1.));
#2544 = DIRECTION('',(6.123233995737E-17,1.,-6.982962677686E-15));
#2545 = ORIENTED_EDGE('',*,*,#2546,.F.);
#2546 = EDGE_CURVE('',#2521,#2538,#2547,.T.);
#2547 = LINE('',#2548,#2549);
#2548 = CARTESIAN_POINT('',(3.9,11.,-3.55));
#2549 = VECTOR('',#2550,1.);
#2550 = DIRECTION('',(0.,0.,1.));
#2551 = SURFACE_OF_REVOLUTION('',#2552,#2556);
#2552 = LINE('',#2553,#2554);
#2553 = CARTESIAN_POINT('',(4.5,10.4,-3.55));
#2554 = VECTOR('',#2555,1.);
#2555 = DIRECTION('',(0.,0.,1.));
#2556 = AXIS1_PLACEMENT('',#2557,#2558);
#2557 = CARTESIAN_POINT('',(3.9,10.4,-13.4));
#2558 = DIRECTION('',(0.,0.,-1.));
#2559 = SHELL_BASED_SURFACE_MODEL('',(#2560));
#2560 = OPEN_SHELL('',(#2561));
#2561 = ADVANCED_FACE('',(#2562,#2700),#2734,.T.);
#2562 = FACE_BOUND('',#2563,.T.);
#2563 = EDGE_LOOP('',(#2564,#2574,#2582,#2590,#2598,#2606,#2614,#2622,
    #2630,#2638,#2646,#2654,#2662,#2670,#2678,#2686,#2694));
#2564 = ORIENTED_EDGE('',*,*,#2565,.T.);
#2565 = EDGE_CURVE('',#2566,#2568,#2570,.T.);
#2566 = VERTEX_POINT('',#2567);
#2567 = CARTESIAN_POINT('',(4.5,0.6,-0.6));
#2568 = VERTEX_POINT('',#2569);
#2569 = CARTESIAN_POINT('',(4.5,0.6,-10.3445699269));
#2570 = LINE('',#2571,#2572);
#2571 = CARTESIAN_POINT('',(4.5,0.6,-0.6));
#2572 = VECTOR('',#2573,1.);
#2573 = DIRECTION('',(0.,0.,-1.));
#2574 = ORIENTED_EDGE('',*,*,#2575,.T.);
#2575 = EDGE_CURVE('',#2568,#2576,#2578,.T.);
#2576 = VERTEX_POINT('',#2577);
#2577 = CARTESIAN_POINT('',(4.5,0.7173137812,-10.3056842522));
#2578 = B_SPLINE_CURVE_WITH_KNOTS('',2,(#2579,#2580,#2581),
  .UNSPECIFIED.,.F.,.F.,(3,3),(0.,0.5),.PIECEWISE_BEZIER_KNOTS.);
#2579 = CARTESIAN_POINT('',(4.5,0.6,-10.3445699298));
#2580 = CARTESIAN_POINT('',(4.5,0.661697076,-10.3342989988));
#2581 = CARTESIAN_POINT('',(4.5,0.7173137812,-10.3056842522));
#2582 = ORIENTED_EDGE('',*,*,#2583,.T.);
#2583 = EDGE_CURVE('',#2576,#2584,#2586,.T.);
#2584 = VERTEX_POINT('',#2585);
#2585 = CARTESIAN_POINT('',(4.5,0.8171572883,-10.2328427115));
#2586 = B_SPLINE_CURVE_WITH_KNOTS('',2,(#2587,#2588,#2589),
  .UNSPECIFIED.,.F.,.F.,(3,3),(0.5,1.),.PIECEWISE_BEZIER_KNOTS.);
#2587 = CARTESIAN_POINT('',(4.5,0.7173137812,-10.3056842522));
#2588 = CARTESIAN_POINT('',(4.5,0.7729304766,-10.2770695198));
#2589 = CARTESIAN_POINT('',(4.5,0.8171572886,-10.232842711));
#2590 = ORIENTED_EDGE('',*,*,#2591,.T.);
#2591 = EDGE_CURVE('',#2584,#2592,#2594,.T.);
#2592 = VERTEX_POINT('',#2593);
#2593 = CARTESIAN_POINT('',(4.5,1.0828427145,-9.9671572884));
#2594 = LINE('',#2595,#2596);
#2595 = CARTESIAN_POINT('',(4.5,0.817157288,-10.232842712));
#2596 = VECTOR('',#2597,1.);
#2597 = DIRECTION('',(0.,0.707106781187,0.707106781187));
#2598 = ORIENTED_EDGE('',*,*,#2599,.T.);
#2599 = EDGE_CURVE('',#2592,#2600,#2602,.T.);
#2600 = VERTEX_POINT('',#2601);
#2601 = CARTESIAN_POINT('',(4.5,1.2126120532,-9.8804481838));
#2602 = B_SPLINE_CURVE_WITH_KNOTS('',2,(#2603,#2604,#2605),
  .UNSPECIFIED.,.F.,.F.,(3,3),(0.,0.5),.PIECEWISE_BEZIER_KNOTS.);
#2603 = CARTESIAN_POINT('',(4.5,1.082842717,-9.9671572888));
#2604 = CARTESIAN_POINT('',(4.5,1.1391036252,-9.9108963776));
#2605 = CARTESIAN_POINT('',(4.5,1.2126120532,-9.8804481838));
#2606 = ORIENTED_EDGE('',*,*,#2607,.T.);
#2607 = EDGE_CURVE('',#2600,#2608,#2610,.T.);
#2608 = VERTEX_POINT('',#2609);
#2609 = CARTESIAN_POINT('',(4.5,1.3656854259,-9.8500000021));
#2610 = B_SPLINE_CURVE_WITH_KNOTS('',2,(#2611,#2612,#2613),
  .UNSPECIFIED.,.F.,.F.,(3,3),(0.5,1.),.PIECEWISE_BEZIER_KNOTS.);
#2611 = CARTESIAN_POINT('',(4.5,1.2126120532,-9.8804481838));
#2612 = CARTESIAN_POINT('',(4.5,1.2861204812,-9.8500000042));
#2613 = CARTESIAN_POINT('',(4.5,1.3656854268,-9.8500000042));
#2614 = ORIENTED_EDGE('',*,*,#2615,.T.);
#2615 = EDGE_CURVE('',#2608,#2616,#2618,.T.);
#2616 = VERTEX_POINT('',#2617);
#2617 = CARTESIAN_POINT('',(4.5,4.,-9.85));
#2618 = LINE('',#2619,#2620);
#2619 = CARTESIAN_POINT('',(4.5,1.365685425,-9.85));
#2620 = VECTOR('',#2621,1.);
#2621 = DIRECTION('',(0.,1.,0.));
#2622 = ORIENTED_EDGE('',*,*,#2623,.T.);
#2623 = EDGE_CURVE('',#2616,#2624,#2626,.T.);
#2624 = VERTEX_POINT('',#2625);
#2625 = CARTESIAN_POINT('',(4.5,4.,-11.85));
#2626 = LINE('',#2627,#2628);
#2627 = CARTESIAN_POINT('',(4.5,4.,-9.85));
#2628 = VECTOR('',#2629,1.);
#2629 = DIRECTION('',(0.,0.,-1.));
#2630 = ORIENTED_EDGE('',*,*,#2631,.T.);
#2631 = EDGE_CURVE('',#2624,#2632,#2634,.T.);
#2632 = VERTEX_POINT('',#2633);
#2633 = CARTESIAN_POINT('',(4.5,0.6,-11.85));
#2634 = LINE('',#2635,#2636);
#2635 = CARTESIAN_POINT('',(4.5,4.,-11.85));
#2636 = VECTOR('',#2637,1.);
#2637 = DIRECTION('',(0.,-1.,0.));
#2638 = ORIENTED_EDGE('',*,*,#2639,.T.);
#2639 = EDGE_CURVE('',#2632,#2640,#2642,.T.);
#2640 = VERTEX_POINT('',#2641);
#2641 = CARTESIAN_POINT('',(4.5,0.6,-14.8));
#2642 = LINE('',#2643,#2644);
#2643 = CARTESIAN_POINT('',(4.5,0.6,-11.85));
#2644 = VECTOR('',#2645,1.);
#2645 = DIRECTION('',(0.,0.,-1.));
#2646 = ORIENTED_EDGE('',*,*,#2647,.T.);
#2647 = EDGE_CURVE('',#2640,#2648,#2650,.T.);
#2648 = VERTEX_POINT('',#2649);
#2649 = CARTESIAN_POINT('',(4.5,3.4,-14.8));
#2650 = LINE('',#2651,#2652);
#2651 = CARTESIAN_POINT('',(4.5,0.6,-14.8));
#2652 = VECTOR('',#2653,1.);
#2653 = DIRECTION('',(0.,1.,0.));
#2654 = ORIENTED_EDGE('',*,*,#2655,.T.);
#2655 = EDGE_CURVE('',#2648,#2656,#2658,.T.);
#2656 = VERTEX_POINT('',#2657);
#2657 = CARTESIAN_POINT('',(4.5,3.4,-13.4));
#2658 = LINE('',#2659,#2660);
#2659 = CARTESIAN_POINT('',(4.5,3.4,-14.8));
#2660 = VECTOR('',#2661,1.);
#2661 = DIRECTION('',(0.,0.,1.));
#2662 = ORIENTED_EDGE('',*,*,#2663,.T.);
#2663 = EDGE_CURVE('',#2656,#2664,#2666,.T.);
#2664 = VERTEX_POINT('',#2665);
#2665 = CARTESIAN_POINT('',(4.5,6.5,-13.4));
#2666 = LINE('',#2667,#2668);
#2667 = CARTESIAN_POINT('',(4.5,3.4,-13.4));
#2668 = VECTOR('',#2669,1.);
#2669 = DIRECTION('',(0.,1.,0.));
#2670 = ORIENTED_EDGE('',*,*,#2671,.T.);
#2671 = EDGE_CURVE('',#2664,#2672,#2674,.T.);
#2672 = VERTEX_POINT('',#2673);
#2673 = CARTESIAN_POINT('',(4.5,6.5,-3.55));
#2674 = LINE('',#2675,#2676);
#2675 = CARTESIAN_POINT('',(4.5,6.5,-13.4));
#2676 = VECTOR('',#2677,1.);
#2677 = DIRECTION('',(0.,0.,1.));
#2678 = ORIENTED_EDGE('',*,*,#2679,.T.);
#2679 = EDGE_CURVE('',#2672,#2680,#2682,.T.);
#2680 = VERTEX_POINT('',#2681);
#2681 = CARTESIAN_POINT('',(4.5,10.4,-3.55));
#2682 = LINE('',#2683,#2684);
#2683 = CARTESIAN_POINT('',(4.5,6.5,-3.55));
#2684 = VECTOR('',#2685,1.);
#2685 = DIRECTION('',(0.,1.,0.));
#2686 = ORIENTED_EDGE('',*,*,#2687,.T.);
#2687 = EDGE_CURVE('',#2680,#2688,#2690,.T.);
#2688 = VERTEX_POINT('',#2689);
#2689 = CARTESIAN_POINT('',(4.5,10.4,-0.6));
#2690 = LINE('',#2691,#2692);
#2691 = CARTESIAN_POINT('',(4.5,10.4,-3.55));
#2692 = VECTOR('',#2693,1.);
#2693 = DIRECTION('',(0.,0.,1.));
#2694 = ORIENTED_EDGE('',*,*,#2695,.T.);
#2695 = EDGE_CURVE('',#2688,#2566,#2696,.T.);
#2696 = LINE('',#2697,#2698);
#2697 = CARTESIAN_POINT('',(4.5,10.4,-0.6));
#2698 = VECTOR('',#2699,1.);
#2699 = DIRECTION('',(0.,-1.,0.));
#2700 = FACE_BOUND('',#2701,.T.);
#2701 = EDGE_LOOP('',(#2702,#2712,#2720,#2728));
#2702 = ORIENTED_EDGE('',*,*,#2703,.T.);
#2703 = EDGE_CURVE('',#2704,#2706,#2708,.T.);
#2704 = VERTEX_POINT('',#2705);
#2705 = CARTESIAN_POINT('',(4.5,1.35,-5.75));
#2706 = VERTEX_POINT('',#2707);
#2707 = CARTESIAN_POINT('',(4.5,1.05,-5.75));
#2708 = LINE('',#2709,#2710);
#2709 = CARTESIAN_POINT('',(4.5,1.35,-5.75));
#2710 = VECTOR('',#2711,1.);
#2711 = DIRECTION('',(0.,-1.,0.));
#2712 = ORIENTED_EDGE('',*,*,#2713,.T.);
#2713 = EDGE_CURVE('',#2706,#2714,#2716,.T.);
#2714 = VERTEX_POINT('',#2715);
#2715 = CARTESIAN_POINT('',(4.5,1.05,-4.25));
#2716 = LINE('',#2717,#2718);
#2717 = CARTESIAN_POINT('',(4.5,1.05,-5.75));
#2718 = VECTOR('',#2719,1.);
#2719 = DIRECTION('',(0.,0.,1.));
#2720 = ORIENTED_EDGE('',*,*,#2721,.T.);
#2721 = EDGE_CURVE('',#2714,#2722,#2724,.T.);
#2722 = VERTEX_POINT('',#2723);
#2723 = CARTESIAN_POINT('',(4.5,1.35,-4.25));
#2724 = LINE('',#2725,#2726);
#2725 = CARTESIAN_POINT('',(4.5,1.05,-4.25));
#2726 = VECTOR('',#2727,1.);
#2727 = DIRECTION('',(0.,1.,0.));
#2728 = ORIENTED_EDGE('',*,*,#2729,.T.);
#2729 = EDGE_CURVE('',#2722,#2704,#2730,.T.);
#2730 = LINE('',#2731,#2732);
#2731 = CARTESIAN_POINT('',(4.5,1.35,-4.25));
#2732 = VECTOR('',#2733,1.);
#2733 = DIRECTION('',(0.,0.,-1.));
#2734 = B_SPLINE_SURFACE_WITH_KNOTS('',1,1,(
    (#2735,#2736)
    ,(#2737,#2738
    )),.UNSPECIFIED.,.F.,.F.,.F.,(2,2),(2,2),(0.,1.),(0.,1.),
  .PIECEWISE_BEZIER_KNOTS.);
#2735 = CARTESIAN_POINT('',(4.5,0.6,-14.8));
#2736 = CARTESIAN_POINT('',(4.5,0.6,-0.6));
#2737 = CARTESIAN_POINT('',(4.5,10.4,-14.8));
#2738 = CARTESIAN_POINT('',(4.5,10.4,-0.6));
#2739 = SHELL_BASED_SURFACE_MODEL('',(#2740));
#2740 = OPEN_SHELL('',(#2741));
#2741 = ADVANCED_FACE('',(#2742),#2794,.T.);
#2742 = FACE_BOUND('',#2743,.T.);
#2743 = EDGE_LOOP('',(#2744,#2755,#2763,#2772,#2780,#2788));
#2744 = ORIENTED_EDGE('',*,*,#2745,.F.);
#2745 = EDGE_CURVE('',#2746,#2748,#2750,.T.);
#2746 = VERTEX_POINT('',#2747);
#2747 = CARTESIAN_POINT('',(3.9,0.,-14.8));
#2748 = VERTEX_POINT('',#2749);
#2749 = CARTESIAN_POINT('',(4.5,0.6,-14.8));
#2750 = CIRCLE('',#2751,0.6);
#2751 = AXIS2_PLACEMENT_3D('',#2752,#2753,#2754);
#2752 = CARTESIAN_POINT('',(3.9,0.6,-14.8));
#2753 = DIRECTION('',(0.,0.,1.));
#2754 = DIRECTION('',(1.,0.,-0.));
#2755 = ORIENTED_EDGE('',*,*,#2756,.F.);
#2756 = EDGE_CURVE('',#2757,#2746,#2759,.T.);
#2757 = VERTEX_POINT('',#2758);
#2758 = CARTESIAN_POINT('',(3.9,-8.326672684689E-16,-0.6));
#2759 = LINE('',#2760,#2761);
#2760 = CARTESIAN_POINT('',(3.9,0.,-0.6));
#2761 = VECTOR('',#2762,1.);
#2762 = DIRECTION('',(0.,0.,-1.));
#2763 = ORIENTED_EDGE('',*,*,#2764,.F.);
#2764 = EDGE_CURVE('',#2765,#2757,#2767,.T.);
#2765 = VERTEX_POINT('',#2766);
#2766 = CARTESIAN_POINT('',(4.5,0.6,-0.6));
#2767 = CIRCLE('',#2768,0.6);
#2768 = AXIS2_PLACEMENT_3D('',#2769,#2770,#2771);
#2769 = CARTESIAN_POINT('',(3.9,0.6,-0.6));
#2770 = DIRECTION('',(-6.982962677686E-15,0.,-1.));
#2771 = DIRECTION('',(1.,-1.320021161559E-14,-6.982962677686E-15));
#2772 = ORIENTED_EDGE('',*,*,#2773,.F.);
#2773 = EDGE_CURVE('',#2774,#2765,#2776,.T.);
#2774 = VERTEX_POINT('',#2775);
#2775 = CARTESIAN_POINT('',(4.5,0.6,-10.344569924));
#2776 = LINE('',#2777,#2778);
#2777 = CARTESIAN_POINT('',(4.5,0.6,-10.344569924));
#2778 = VECTOR('',#2779,1.);
#2779 = DIRECTION('',(0.,0.,1.));
#2780 = ORIENTED_EDGE('',*,*,#2781,.F.);
#2781 = EDGE_CURVE('',#2782,#2774,#2784,.T.);
#2782 = VERTEX_POINT('',#2783);
#2783 = CARTESIAN_POINT('',(4.5,0.6,-11.85));
#2784 = LINE('',#2785,#2786);
#2785 = CARTESIAN_POINT('',(4.5,0.6,-11.85));
#2786 = VECTOR('',#2787,1.);
#2787 = DIRECTION('',(0.,0.,1.));
#2788 = ORIENTED_EDGE('',*,*,#2789,.F.);
#2789 = EDGE_CURVE('',#2748,#2782,#2790,.T.);
#2790 = LINE('',#2791,#2792);
#2791 = CARTESIAN_POINT('',(4.5,0.6,-14.8));
#2792 = VECTOR('',#2793,1.);
#2793 = DIRECTION('',(0.,0.,1.));
#2794 = SURFACE_OF_REVOLUTION('',#2795,#2799);
#2795 = LINE('',#2796,#2797);
#2796 = CARTESIAN_POINT('',(4.5,0.6,-14.8));
#2797 = VECTOR('',#2798,1.);
#2798 = DIRECTION('',(0.,0.,1.));
#2799 = AXIS1_PLACEMENT('',#2800,#2801);
#2800 = CARTESIAN_POINT('',(3.9,0.6,-13.4));
#2801 = DIRECTION('',(0.,0.,-1.));
#2802 = SHELL_BASED_SURFACE_MODEL('',(#2803));
#2803 = OPEN_SHELL('',(#2804));
#2804 = ADVANCED_FACE('',(#2805),#2850,.T.);
#2805 = FACE_BOUND('',#2806,.T.);
#2806 = EDGE_LOOP('',(#2807,#2818,#2827,#2835,#2844));
#2807 = ORIENTED_EDGE('',*,*,#2808,.F.);
#2808 = EDGE_CURVE('',#2809,#2811,#2813,.T.);
#2809 = VERTEX_POINT('',#2810);
#2810 = CARTESIAN_POINT('',(-4.491607978151,0.499999999975,-13.4));
#2811 = VERTEX_POINT('',#2812);
#2812 = CARTESIAN_POINT('',(-3.9,1.528129844885E-10,-13.4));
#2813 = CIRCLE('',#2814,0.599999999694);
#2814 = AXIS2_PLACEMENT_3D('',#2815,#2816,#2817);
#2815 = CARTESIAN_POINT('',(-3.9,0.6,-13.4));
#2816 = DIRECTION('',(0.,0.,1.));
#2817 = DIRECTION('',(1.,0.,-0.));
#2818 = ORIENTED_EDGE('',*,*,#2819,.F.);
#2819 = EDGE_CURVE('',#2820,#2809,#2822,.T.);
#2820 = VERTEX_POINT('',#2821);
#2821 = CARTESIAN_POINT('',(-4.5,0.6,-13.4));
#2822 = CIRCLE('',#2823,0.6);
#2823 = AXIS2_PLACEMENT_3D('',#2824,#2825,#2826);
#2824 = CARTESIAN_POINT('',(-3.9,0.6,-13.4));
#2825 = DIRECTION('',(0.,0.,1.));
#2826 = DIRECTION('',(1.,0.,-0.));
#2827 = ORIENTED_EDGE('',*,*,#2828,.F.);
#2828 = EDGE_CURVE('',#2829,#2820,#2831,.T.);
#2829 = VERTEX_POINT('',#2830);
#2830 = CARTESIAN_POINT('',(-4.5,0.6,-0.6));
#2831 = LINE('',#2832,#2833);
#2832 = CARTESIAN_POINT('',(-4.5,0.6,-0.6));
#2833 = VECTOR('',#2834,1.);
#2834 = DIRECTION('',(0.,0.,-1.));
#2835 = ORIENTED_EDGE('',*,*,#2836,.F.);
#2836 = EDGE_CURVE('',#2837,#2829,#2839,.T.);
#2837 = VERTEX_POINT('',#2838);
#2838 = CARTESIAN_POINT('',(-3.9,2.22044604925E-16,-0.6));
#2839 = CIRCLE('',#2840,0.6);
#2840 = AXIS2_PLACEMENT_3D('',#2841,#2842,#2843);
#2841 = CARTESIAN_POINT('',(-3.9,0.6,-0.6));
#2842 = DIRECTION('',(0.,6.982962677686E-15,-1.));
#2843 = DIRECTION('',(-7.044195017644E-15,-1.,-6.982962677686E-15));
#2844 = ORIENTED_EDGE('',*,*,#2845,.F.);
#2845 = EDGE_CURVE('',#2811,#2837,#2846,.T.);
#2846 = LINE('',#2847,#2848);
#2847 = CARTESIAN_POINT('',(-3.9,0.,-13.4));
#2848 = VECTOR('',#2849,1.);
#2849 = DIRECTION('',(0.,0.,1.));
#2850 = SURFACE_OF_REVOLUTION('',#2851,#2855);
#2851 = LINE('',#2852,#2853);
#2852 = CARTESIAN_POINT('',(-3.3,0.6,-13.4));
#2853 = VECTOR('',#2854,1.);
#2854 = DIRECTION('',(0.,0.,1.));
#2855 = AXIS1_PLACEMENT('',#2856,#2857);
#2856 = CARTESIAN_POINT('',(-3.9,0.6,-13.4));
#2857 = DIRECTION('',(0.,0.,-1.));
#2858 = SHELL_BASED_SURFACE_MODEL('',(#2859));
#2859 = OPEN_SHELL('',(#2860));
#2860 = ADVANCED_FACE('',(#2861),#2919,.T.);
#2861 = FACE_BOUND('',#2862,.T.);
#2862 = EDGE_LOOP('',(#2863,#2873,#2881,#2889,#2897,#2905,#2913));
#2863 = ORIENTED_EDGE('',*,*,#2864,.T.);
#2864 = EDGE_CURVE('',#2865,#2867,#2869,.T.);
#2865 = VERTEX_POINT('',#2866);
#2866 = CARTESIAN_POINT('',(-4.5,0.6,-13.4));
#2867 = VERTEX_POINT('',#2868);
#2868 = CARTESIAN_POINT('',(-4.5,0.6,-0.6));
#2869 = LINE('',#2870,#2871);
#2870 = CARTESIAN_POINT('',(-4.5,0.6,-13.4));
#2871 = VECTOR('',#2872,1.);
#2872 = DIRECTION('',(0.,0.,1.));
#2873 = ORIENTED_EDGE('',*,*,#2874,.T.);
#2874 = EDGE_CURVE('',#2867,#2875,#2877,.T.);
#2875 = VERTEX_POINT('',#2876);
#2876 = CARTESIAN_POINT('',(-4.5,10.4,-0.6));
#2877 = LINE('',#2878,#2879);
#2878 = CARTESIAN_POINT('',(-4.5,0.6,-0.6));
#2879 = VECTOR('',#2880,1.);
#2880 = DIRECTION('',(0.,1.,0.));
#2881 = ORIENTED_EDGE('',*,*,#2882,.T.);
#2882 = EDGE_CURVE('',#2875,#2883,#2885,.T.);
#2883 = VERTEX_POINT('',#2884);
#2884 = CARTESIAN_POINT('',(-4.5,10.4,-3.55));
#2885 = LINE('',#2886,#2887);
#2886 = CARTESIAN_POINT('',(-4.5,10.4,-0.6));
#2887 = VECTOR('',#2888,1.);
#2888 = DIRECTION('',(0.,0.,-1.));
#2889 = ORIENTED_EDGE('',*,*,#2890,.T.);
#2890 = EDGE_CURVE('',#2883,#2891,#2893,.T.);
#2891 = VERTEX_POINT('',#2892);
#2892 = CARTESIAN_POINT('',(-4.5,6.5,-3.55));
#2893 = LINE('',#2894,#2895);
#2894 = CARTESIAN_POINT('',(-4.5,10.4,-3.55));
#2895 = VECTOR('',#2896,1.);
#2896 = DIRECTION('',(0.,-1.,0.));
#2897 = ORIENTED_EDGE('',*,*,#2898,.T.);
#2898 = EDGE_CURVE('',#2891,#2899,#2901,.T.);
#2899 = VERTEX_POINT('',#2900);
#2900 = CARTESIAN_POINT('',(-4.5,6.5,-13.4));
#2901 = LINE('',#2902,#2903);
#2902 = CARTESIAN_POINT('',(-4.5,6.5,-3.55));
#2903 = VECTOR('',#2904,1.);
#2904 = DIRECTION('',(0.,0.,-1.));
#2905 = ORIENTED_EDGE('',*,*,#2906,.T.);
#2906 = EDGE_CURVE('',#2899,#2907,#2909,.T.);
#2907 = VERTEX_POINT('',#2908);
#2908 = CARTESIAN_POINT('',(-4.5,3.5,-13.4));
#2909 = LINE('',#2910,#2911);
#2910 = CARTESIAN_POINT('',(-4.5,6.5,-13.4));
#2911 = VECTOR('',#2912,1.);
#2912 = DIRECTION('',(0.,-1.,0.));
#2913 = ORIENTED_EDGE('',*,*,#2914,.T.);
#2914 = EDGE_CURVE('',#2907,#2865,#2915,.T.);
#2915 = LINE('',#2916,#2917);
#2916 = CARTESIAN_POINT('',(-4.5,3.5,-13.4));
#2917 = VECTOR('',#2918,1.);
#2918 = DIRECTION('',(0.,-1.,0.));
#2919 = B_SPLINE_SURFACE_WITH_KNOTS('',1,1,(
    (#2920,#2921)
    ,(#2922,#2923
    )),.UNSPECIFIED.,.F.,.F.,.F.,(2,2),(2,2),(0.,1.),(0.,1.),
  .PIECEWISE_BEZIER_KNOTS.);
#2920 = CARTESIAN_POINT('',(-4.5,10.4,-13.4));
#2921 = CARTESIAN_POINT('',(-4.5,10.4,-0.6));
#2922 = CARTESIAN_POINT('',(-4.5,0.6,-13.4));
#2923 = CARTESIAN_POINT('',(-4.5,0.6,-0.6));
#2924 = SHELL_BASED_SURFACE_MODEL('',(#2925));
#2925 = OPEN_SHELL('',(#2926));
#2926 = ADVANCED_FACE('',(#2927),#3465,.T.);
#2927 = FACE_BOUND('',#2928,.T.);
#2928 = EDGE_LOOP('',(#2929,#2939,#2947,#2955,#2963,#2971,#2979,#2987,
    #2995,#3003,#3011,#3019,#3027,#3035,#3043,#3051,#3059,#3067,#3075,
    #3083,#3091,#3099,#3107,#3115,#3123,#3131,#3139,#3147,#3155,#3163,
    #3171,#3179,#3187,#3195,#3203,#3211,#3219,#3227,#3235,#3243,#3251,
    #3259,#3267,#3275,#3283,#3291,#3299,#3307,#3315,#3323,#3331,#3339,
    #3347,#3355,#3363,#3371,#3379,#3387,#3395,#3403,#3411,#3419,#3427,
    #3435,#3443,#3451,#3459));
#2929 = ORIENTED_EDGE('',*,*,#2930,.T.);
#2930 = EDGE_CURVE('',#2931,#2933,#2935,.T.);
#2931 = VERTEX_POINT('',#2932);
#2932 = CARTESIAN_POINT('',(1.651950351,4.731537383874,-13.4));
#2933 = VERTEX_POINT('',#2934);
#2934 = CARTESIAN_POINT('',(1.97716878,5.104577619435,-13.4));
#2935 = B_SPLINE_CURVE_WITH_KNOTS('',2,(#2936,#2937,#2938),
  .UNSPECIFIED.,.F.,.F.,(3,3),(0.,0.25),.PIECEWISE_BEZIER_KNOTS.);
#2936 = CARTESIAN_POINT('',(1.651950351,4.731537383874,-13.4));
#2937 = CARTESIAN_POINT('',(1.833732126,4.901342763618,-13.4));
#2938 = CARTESIAN_POINT('',(1.97716878,5.104577619435,-13.4));
#2939 = ORIENTED_EDGE('',*,*,#2940,.T.);
#2940 = EDGE_CURVE('',#2933,#2941,#2943,.T.);
#2941 = VERTEX_POINT('',#2942);
#2942 = CARTESIAN_POINT('',(2.219698161,5.53597714131,-13.4));
#2943 = B_SPLINE_CURVE_WITH_KNOTS('',2,(#2944,#2945,#2946),
  .UNSPECIFIED.,.F.,.F.,(3,3),(0.25,0.5),.PIECEWISE_BEZIER_KNOTS.);
#2944 = CARTESIAN_POINT('',(1.97716878,5.104577619435,-13.4));
#2945 = CARTESIAN_POINT('',(2.120605434,5.307812485815,-13.4));
#2946 = CARTESIAN_POINT('',(2.219698161,5.53597714131,-13.4));
#2947 = ORIENTED_EDGE('',*,*,#2948,.T.);
#2948 = EDGE_CURVE('',#2941,#2949,#2951,.T.);
#2949 = VERTEX_POINT('',#2950);
#2950 = CARTESIAN_POINT('',(2.369395449,6.007693975794,-13.4));
#2951 = B_SPLINE_CURVE_WITH_KNOTS('',2,(#2952,#2953,#2954),
  .UNSPECIFIED.,.F.,.F.,(3,3),(0.5,0.75),.PIECEWISE_BEZIER_KNOTS.);
#2952 = CARTESIAN_POINT('',(2.219698161,5.53597714131,-13.4));
#2953 = CARTESIAN_POINT('',(2.318790888,5.764141796805,-13.4));
#2954 = CARTESIAN_POINT('',(2.369395449,6.007693975794,-13.4));
#2955 = ORIENTED_EDGE('',*,*,#2956,.T.);
#2956 = EDGE_CURVE('',#2949,#2957,#2959,.T.);
#2957 = VERTEX_POINT('',#2958);
#2958 = CARTESIAN_POINT('',(2.420000001,6.499999998618,-13.4));
#2959 = B_SPLINE_CURVE_WITH_KNOTS('',2,(#2960,#2961,#2962),
  .UNSPECIFIED.,.F.,.F.,(3,3),(0.75,1.),.PIECEWISE_BEZIER_KNOTS.);
#2960 = CARTESIAN_POINT('',(2.369395449,6.007693975794,-13.4));
#2961 = CARTESIAN_POINT('',(2.420000001,6.25124614422,-13.4));
#2962 = CARTESIAN_POINT('',(2.420000001,6.499999998618,-13.4));
#2963 = ORIENTED_EDGE('',*,*,#2964,.T.);
#2964 = EDGE_CURVE('',#2957,#2965,#2967,.T.);
#2965 = VERTEX_POINT('',#2966);
#2966 = CARTESIAN_POINT('',(2.373500376,6.972118575681,-13.4));
#2967 = B_SPLINE_CURVE_WITH_KNOTS('',2,(#2968,#2969,#2970),
  .UNSPECIFIED.,.F.,.F.,(3,3),(0.,6.25E-02),.PIECEWISE_BEZIER_KNOTS.);
#2968 = CARTESIAN_POINT('',(2.420000001,6.499999998618,-13.4));
#2969 = CARTESIAN_POINT('',(2.420000001,6.738349192386,-13.4));
#2970 = CARTESIAN_POINT('',(2.373500376,6.972118575681,-13.4));
#2971 = ORIENTED_EDGE('',*,*,#2972,.T.);
#2972 = EDGE_CURVE('',#2965,#2973,#2975,.T.);
#2973 = VERTEX_POINT('',#2974);
#2974 = CARTESIAN_POINT('',(2.235788469,7.426093911558,-13.4));
#2975 = B_SPLINE_CURVE_WITH_KNOTS('',2,(#2976,#2977,#2978),
  .UNSPECIFIED.,.F.,.F.,(3,3),(6.25E-02,0.125),
  .PIECEWISE_BEZIER_KNOTS.);
#2976 = CARTESIAN_POINT('',(2.373500376,6.972118575681,-13.4));
#2977 = CARTESIAN_POINT('',(2.32700076,7.205887958976,-13.4));
#2978 = CARTESIAN_POINT('',(2.235788469,7.426093911558,-13.4));
#2979 = ORIENTED_EDGE('',*,*,#2980,.T.);
#2980 = EDGE_CURVE('',#2973,#2981,#2983,.T.);
#2981 = VERTEX_POINT('',#2982);
#2982 = CARTESIAN_POINT('',(2.01215646,7.844479965315,-13.4));
#2983 = B_SPLINE_CURVE_WITH_KNOTS('',2,(#2984,#2985,#2986),
  .UNSPECIFIED.,.F.,.F.,(3,3),(0.125,0.1875),.PIECEWISE_BEZIER_KNOTS.);
#2984 = CARTESIAN_POINT('',(2.235788469,7.426093911558,-13.4));
#2985 = CARTESIAN_POINT('',(2.144576178,7.646299853577,-13.4));
#2986 = CARTESIAN_POINT('',(2.01215646,7.844479965315,-13.4));
#2987 = ORIENTED_EDGE('',*,*,#2988,.T.);
#2988 = EDGE_CURVE('',#2981,#2989,#2991,.T.);
#2989 = VERTEX_POINT('',#2990);
#2990 = CARTESIAN_POINT('',(1.711198413,8.211198414384,-13.4));
#2991 = B_SPLINE_CURVE_WITH_KNOTS('',2,(#2992,#2993,#2994),
  .UNSPECIFIED.,.F.,.F.,(3,3),(0.1875,0.25),.PIECEWISE_BEZIER_KNOTS.);
#2992 = CARTESIAN_POINT('',(2.01215646,7.844479965315,-13.4));
#2993 = CARTESIAN_POINT('',(1.879736742,8.042660077053,-13.4));
#2994 = CARTESIAN_POINT('',(1.711198413,8.211198414384,-13.4));
#2995 = ORIENTED_EDGE('',*,*,#2996,.T.);
#2996 = EDGE_CURVE('',#2989,#2997,#2999,.T.);
#2997 = VERTEX_POINT('',#2998);
#2998 = CARTESIAN_POINT('',(1.344479967,8.512156463307,-13.4));
#2999 = B_SPLINE_CURVE_WITH_KNOTS('',2,(#3000,#3001,#3002),
  .UNSPECIFIED.,.F.,.F.,(3,3),(0.25,0.3125),.PIECEWISE_BEZIER_KNOTS.);
#3000 = CARTESIAN_POINT('',(1.711198413,8.211198414384,-13.4));
#3001 = CARTESIAN_POINT('',(1.542660075,8.379736741152,-13.4));
#3002 = CARTESIAN_POINT('',(1.344479967,8.512156463307,-13.4));
#3003 = ORIENTED_EDGE('',*,*,#3004,.T.);
#3004 = EDGE_CURVE('',#2997,#3005,#3007,.T.);
#3005 = VERTEX_POINT('',#3006);
#3006 = CARTESIAN_POINT('',(0.926093907,8.735788472124,-13.4));
#3007 = B_SPLINE_CURVE_WITH_KNOTS('',2,(#3008,#3009,#3010),
  .UNSPECIFIED.,.F.,.F.,(3,3),(0.3125,0.375),.PIECEWISE_BEZIER_KNOTS.);
#3008 = CARTESIAN_POINT('',(1.344479967,8.512156463307,-13.4));
#3009 = CARTESIAN_POINT('',(1.14629985,8.644576185462,-13.4));
#3010 = CARTESIAN_POINT('',(0.926093907,8.735788472124,-13.4));
#3011 = ORIENTED_EDGE('',*,*,#3012,.T.);
#3012 = EDGE_CURVE('',#3005,#3013,#3015,.T.);
#3013 = VERTEX_POINT('',#3014);
#3014 = CARTESIAN_POINT('',(0.47211858,8.873500373472,-13.4));
#3015 = B_SPLINE_CURVE_WITH_KNOTS('',2,(#3016,#3017,#3018),
  .UNSPECIFIED.,.F.,.F.,(3,3),(0.375,0.4375),.PIECEWISE_BEZIER_KNOTS.);
#3016 = CARTESIAN_POINT('',(0.926093907,8.735788472124,-13.4));
#3017 = CARTESIAN_POINT('',(0.705887964,8.827000758786,-13.4));
#3018 = CARTESIAN_POINT('',(0.47211858,8.873500373472,-13.4));
#3019 = ORIENTED_EDGE('',*,*,#3020,.T.);
#3020 = EDGE_CURVE('',#3013,#3021,#3023,.T.);
#3021 = VERTEX_POINT('',#3022);
#3022 = CARTESIAN_POINT('',(0.,8.919999998721,-13.4));
#3023 = B_SPLINE_CURVE_WITH_KNOTS('',2,(#3024,#3025,#3026),
  .UNSPECIFIED.,.F.,.F.,(3,3),(0.4375,0.5),.PIECEWISE_BEZIER_KNOTS.);
#3024 = CARTESIAN_POINT('',(0.47211858,8.873500373472,-13.4));
#3025 = CARTESIAN_POINT('',(0.238349196,8.919999998721,-13.4));
#3026 = CARTESIAN_POINT('',(0.,8.919999998721,-13.4));
#3027 = ORIENTED_EDGE('',*,*,#3028,.T.);
#3028 = EDGE_CURVE('',#3021,#3029,#3031,.T.);
#3029 = VERTEX_POINT('',#3030);
#3030 = CARTESIAN_POINT('',(-0.47211858,8.873500373472,-13.4));
#3031 = B_SPLINE_CURVE_WITH_KNOTS('',2,(#3032,#3033,#3034),
  .UNSPECIFIED.,.F.,.F.,(3,3),(0.5,0.5625),.PIECEWISE_BEZIER_KNOTS.);
#3032 = CARTESIAN_POINT('',(0.,8.919999998721,-13.4));
#3033 = CARTESIAN_POINT('',(-0.238349196,8.919999998721,-13.4));
#3034 = CARTESIAN_POINT('',(-0.47211858,8.873500373472,-13.4));
#3035 = ORIENTED_EDGE('',*,*,#3036,.T.);
#3036 = EDGE_CURVE('',#3029,#3037,#3039,.T.);
#3037 = VERTEX_POINT('',#3038);
#3038 = CARTESIAN_POINT('',(-0.926093907,8.735788472124,-13.4));
#3039 = B_SPLINE_CURVE_WITH_KNOTS('',2,(#3040,#3041,#3042),
  .UNSPECIFIED.,.F.,.F.,(3,3),(0.5625,0.625),.PIECEWISE_BEZIER_KNOTS.);
#3040 = CARTESIAN_POINT('',(-0.47211858,8.873500373472,-13.4));
#3041 = CARTESIAN_POINT('',(-0.705887964,8.827000758786,-13.4));
#3042 = CARTESIAN_POINT('',(-0.926093907,8.735788472124,-13.4));
#3043 = ORIENTED_EDGE('',*,*,#3044,.T.);
#3044 = EDGE_CURVE('',#3037,#3045,#3047,.T.);
#3045 = VERTEX_POINT('',#3046);
#3046 = CARTESIAN_POINT('',(-1.344479967,8.512156463307,-13.4));
#3047 = B_SPLINE_CURVE_WITH_KNOTS('',2,(#3048,#3049,#3050),
  .UNSPECIFIED.,.F.,.F.,(3,3),(0.625,0.6875),.PIECEWISE_BEZIER_KNOTS.);
#3048 = CARTESIAN_POINT('',(-0.926093907,8.735788472124,-13.4));
#3049 = CARTESIAN_POINT('',(-1.14629985,8.644576185462,-13.4));
#3050 = CARTESIAN_POINT('',(-1.344479967,8.512156463307,-13.4));
#3051 = ORIENTED_EDGE('',*,*,#3052,.T.);
#3052 = EDGE_CURVE('',#3045,#3053,#3055,.T.);
#3053 = VERTEX_POINT('',#3054);
#3054 = CARTESIAN_POINT('',(-1.711198413,8.211198414384,-13.4));
#3055 = B_SPLINE_CURVE_WITH_KNOTS('',2,(#3056,#3057,#3058),
  .UNSPECIFIED.,.F.,.F.,(3,3),(0.6875,0.75),.PIECEWISE_BEZIER_KNOTS.);
#3056 = CARTESIAN_POINT('',(-1.344479967,8.512156463307,-13.4));
#3057 = CARTESIAN_POINT('',(-1.542660075,8.379736741152,-13.4));
#3058 = CARTESIAN_POINT('',(-1.711198413,8.211198414384,-13.4));
#3059 = ORIENTED_EDGE('',*,*,#3060,.T.);
#3060 = EDGE_CURVE('',#3053,#3061,#3063,.T.);
#3061 = VERTEX_POINT('',#3062);
#3062 = CARTESIAN_POINT('',(-2.01215646,7.844479965315,-13.4));
#3063 = B_SPLINE_CURVE_WITH_KNOTS('',2,(#3064,#3065,#3066),
  .UNSPECIFIED.,.F.,.F.,(3,3),(0.75,0.8125),.PIECEWISE_BEZIER_KNOTS.);
#3064 = CARTESIAN_POINT('',(-1.711198413,8.211198414384,-13.4));
#3065 = CARTESIAN_POINT('',(-1.879736742,8.042660077053,-13.4));
#3066 = CARTESIAN_POINT('',(-2.01215646,7.844479965315,-13.4));
#3067 = ORIENTED_EDGE('',*,*,#3068,.T.);
#3068 = EDGE_CURVE('',#3061,#3069,#3071,.T.);
#3069 = VERTEX_POINT('',#3070);
#3070 = CARTESIAN_POINT('',(-2.235788469,7.426093911558,-13.4));
#3071 = B_SPLINE_CURVE_WITH_KNOTS('',2,(#3072,#3073,#3074),
  .UNSPECIFIED.,.F.,.F.,(3,3),(0.8125,0.875),.PIECEWISE_BEZIER_KNOTS.);
#3072 = CARTESIAN_POINT('',(-2.01215646,7.844479965315,-13.4));
#3073 = CARTESIAN_POINT('',(-2.144576178,7.646299853577,-13.4));
#3074 = CARTESIAN_POINT('',(-2.235788469,7.426093911558,-13.4));
#3075 = ORIENTED_EDGE('',*,*,#3076,.T.);
#3076 = EDGE_CURVE('',#3069,#3077,#3079,.T.);
#3077 = VERTEX_POINT('',#3078);
#3078 = CARTESIAN_POINT('',(-2.373500376,6.972118575681,-13.4));
#3079 = B_SPLINE_CURVE_WITH_KNOTS('',2,(#3080,#3081,#3082),
  .UNSPECIFIED.,.F.,.F.,(3,3),(0.875,0.9375),.PIECEWISE_BEZIER_KNOTS.);
#3080 = CARTESIAN_POINT('',(-2.235788469,7.426093911558,-13.4));
#3081 = CARTESIAN_POINT('',(-2.32700076,7.205887958976,-13.4));
#3082 = CARTESIAN_POINT('',(-2.373500376,6.972118575681,-13.4));
#3083 = ORIENTED_EDGE('',*,*,#3084,.T.);
#3084 = EDGE_CURVE('',#3077,#3085,#3087,.T.);
#3085 = VERTEX_POINT('',#3086);
#3086 = CARTESIAN_POINT('',(-2.420000001,6.499999998618,-13.4));
#3087 = B_SPLINE_CURVE_WITH_KNOTS('',2,(#3088,#3089,#3090),
  .UNSPECIFIED.,.F.,.F.,(3,3),(0.9375,1.),.PIECEWISE_BEZIER_KNOTS.);
#3088 = CARTESIAN_POINT('',(-2.373500376,6.972118575681,-13.4));
#3089 = CARTESIAN_POINT('',(-2.420000001,6.738349192386,-13.4));
#3090 = CARTESIAN_POINT('',(-2.420000001,6.499999998618,-13.4));
#3091 = ORIENTED_EDGE('',*,*,#3092,.T.);
#3092 = EDGE_CURVE('',#3085,#3093,#3095,.T.);
#3093 = VERTEX_POINT('',#3094);
#3094 = CARTESIAN_POINT('',(-2.369395449,6.007693975794,-13.4));
#3095 = B_SPLINE_CURVE_WITH_KNOTS('',2,(#3096,#3097,#3098),
  .UNSPECIFIED.,.F.,.F.,(3,3),(0.,0.25),.PIECEWISE_BEZIER_KNOTS.);
#3096 = CARTESIAN_POINT('',(-2.420000001,6.499999998618,-13.4));
#3097 = CARTESIAN_POINT('',(-2.420000001,6.25124614422,-13.4));
#3098 = CARTESIAN_POINT('',(-2.369395449,6.007693975794,-13.4));
#3099 = ORIENTED_EDGE('',*,*,#3100,.T.);
#3100 = EDGE_CURVE('',#3093,#3101,#3103,.T.);
#3101 = VERTEX_POINT('',#3102);
#3102 = CARTESIAN_POINT('',(-2.219698161,5.53597714131,-13.4));
#3103 = B_SPLINE_CURVE_WITH_KNOTS('',2,(#3104,#3105,#3106),
  .UNSPECIFIED.,.F.,.F.,(3,3),(0.25,0.5),.PIECEWISE_BEZIER_KNOTS.);
#3104 = CARTESIAN_POINT('',(-2.369395449,6.007693975794,-13.4));
#3105 = CARTESIAN_POINT('',(-2.318790888,5.764141796805,-13.4));
#3106 = CARTESIAN_POINT('',(-2.219698161,5.53597714131,-13.4));
#3107 = ORIENTED_EDGE('',*,*,#3108,.T.);
#3108 = EDGE_CURVE('',#3101,#3109,#3111,.T.);
#3109 = VERTEX_POINT('',#3110);
#3110 = CARTESIAN_POINT('',(-1.97716878,5.104577619435,-13.4));
#3111 = B_SPLINE_CURVE_WITH_KNOTS('',2,(#3112,#3113,#3114),
  .UNSPECIFIED.,.F.,.F.,(3,3),(0.5,0.75),.PIECEWISE_BEZIER_KNOTS.);
#3112 = CARTESIAN_POINT('',(-2.219698161,5.53597714131,-13.4));
#3113 = CARTESIAN_POINT('',(-2.120605434,5.307812485815,-13.4));
#3114 = CARTESIAN_POINT('',(-1.97716878,5.104577619435,-13.4));
#3115 = ORIENTED_EDGE('',*,*,#3116,.T.);
#3116 = EDGE_CURVE('',#3109,#3117,#3119,.T.);
#3117 = VERTEX_POINT('',#3118);
#3118 = CARTESIAN_POINT('',(-1.651950351,4.731537383874,-13.4));
#3119 = B_SPLINE_CURVE_WITH_KNOTS('',2,(#3120,#3121,#3122),
  .UNSPECIFIED.,.F.,.F.,(3,3),(0.75,1.),.PIECEWISE_BEZIER_KNOTS.);
#3120 = CARTESIAN_POINT('',(-1.97716878,5.104577619435,-13.4));
#3121 = CARTESIAN_POINT('',(-1.833732126,4.901342763618,-13.4));
#3122 = CARTESIAN_POINT('',(-1.651950351,4.731537383874,-13.4));
#3123 = ORIENTED_EDGE('',*,*,#3124,.T.);
#3124 = EDGE_CURVE('',#3117,#3125,#3127,.T.);
#3125 = VERTEX_POINT('',#3126);
#3126 = CARTESIAN_POINT('',(-1.558107738,4.598572135584,-13.4));
#3127 = B_SPLINE_CURVE_WITH_KNOTS('',2,(#3128,#3129,#3130),
  .UNSPECIFIED.,.F.,.F.,(3,3),(0.,0.5),.PIECEWISE_BEZIER_KNOTS.);
#3128 = CARTESIAN_POINT('',(-1.651950351,4.731537383874,-13.4));
#3129 = CARTESIAN_POINT('',(-1.59121548,4.674803933394,-13.4));
#3130 = CARTESIAN_POINT('',(-1.558107738,4.598572135584,-13.4));
#3131 = ORIENTED_EDGE('',*,*,#3132,.T.);
#3132 = EDGE_CURVE('',#3125,#3133,#3135,.T.);
#3133 = VERTEX_POINT('',#3134);
#3134 = CARTESIAN_POINT('',(-1.524999998,4.439229512985,-13.4));
#3135 = B_SPLINE_CURVE_WITH_KNOTS('',2,(#3136,#3137,#3138),
  .UNSPECIFIED.,.F.,.F.,(3,3),(0.5,1.),.PIECEWISE_BEZIER_KNOTS.);
#3136 = CARTESIAN_POINT('',(-1.558107738,4.598572135584,-13.4));
#3137 = CARTESIAN_POINT('',(-1.524999996,4.522340337774,-13.4));
#3138 = CARTESIAN_POINT('',(-1.524999996,4.43922951297,-13.4));
#3139 = ORIENTED_EDGE('',*,*,#3140,.T.);
#3140 = EDGE_CURVE('',#3133,#3141,#3143,.T.);
#3141 = VERTEX_POINT('',#3142);
#3142 = CARTESIAN_POINT('',(-1.524999998,3.900000001698,-13.4));
#3143 = LINE('',#3144,#3145);
#3144 = CARTESIAN_POINT('',(-1.525,4.439229513,-13.4));
#3145 = VECTOR('',#3146,1.);
#3146 = DIRECTION('',(0.,-1.,0.));
#3147 = ORIENTED_EDGE('',*,*,#3148,.T.);
#3148 = EDGE_CURVE('',#3141,#3149,#3151,.T.);
#3149 = VERTEX_POINT('',#3150);
#3150 = CARTESIAN_POINT('',(-1.555448184,3.746926626912,-13.4));
#3151 = B_SPLINE_CURVE_WITH_KNOTS('',2,(#3152,#3153,#3154),
  .UNSPECIFIED.,.F.,.F.,(3,3),(0.,0.25),.PIECEWISE_BEZIER_KNOTS.);
#3152 = CARTESIAN_POINT('',(-1.524999996,3.900000003396,-13.4));
#3153 = CARTESIAN_POINT('',(-1.524999996,3.820435050936,-13.4));
#3154 = CARTESIAN_POINT('',(-1.555448184,3.746926626912,-13.4));
#3155 = ORIENTED_EDGE('',*,*,#3156,.T.);
#3156 = EDGE_CURVE('',#3149,#3157,#3159,.T.);
#3157 = VERTEX_POINT('',#3158);
#3158 = CARTESIAN_POINT('',(-1.642157289,3.617157288213,-13.4));
#3159 = B_SPLINE_CURVE_WITH_KNOTS('',2,(#3160,#3161,#3162),
  .UNSPECIFIED.,.F.,.F.,(3,3),(0.25,0.5),.PIECEWISE_BEZIER_KNOTS.);
#3160 = CARTESIAN_POINT('',(-1.555448184,3.746926626912,-13.4));
#3161 = CARTESIAN_POINT('',(-1.585896372,3.673418202888,-13.4));
#3162 = CARTESIAN_POINT('',(-1.642157289,3.617157288213,-13.4));
#3163 = ORIENTED_EDGE('',*,*,#3164,.T.);
#3164 = EDGE_CURVE('',#3157,#3165,#3167,.T.);
#3165 = VERTEX_POINT('',#3166);
#3166 = CARTESIAN_POINT('',(-1.771926624,3.530448188022,-13.4));
#3167 = B_SPLINE_CURVE_WITH_KNOTS('',2,(#3168,#3169,#3170),
  .UNSPECIFIED.,.F.,.F.,(3,3),(0.5,0.75),.PIECEWISE_BEZIER_KNOTS.);
#3168 = CARTESIAN_POINT('',(-1.642157289,3.617157288213,-13.4));
#3169 = CARTESIAN_POINT('',(-1.698418197,3.560896373538,-13.4));
#3170 = CARTESIAN_POINT('',(-1.771926624,3.530448188022,-13.4));
#3171 = ORIENTED_EDGE('',*,*,#3172,.T.);
#3172 = EDGE_CURVE('',#3165,#3173,#3175,.T.);
#3173 = VERTEX_POINT('',#3174);
#3174 = CARTESIAN_POINT('',(-1.9250000005,3.500000001253,-13.4));
#3175 = B_SPLINE_CURVE_WITH_KNOTS('',2,(#3176,#3177,#3178),
  .UNSPECIFIED.,.F.,.F.,(3,3),(0.75,1.),.PIECEWISE_BEZIER_KNOTS.);
#3176 = CARTESIAN_POINT('',(-1.771926624,3.530448188022,-13.4));
#3177 = CARTESIAN_POINT('',(-1.845435051,3.500000002506,-13.4));
#3178 = CARTESIAN_POINT('',(-1.925000001,3.500000002506,-13.4));
#3179 = ORIENTED_EDGE('',*,*,#3180,.T.);
#3180 = EDGE_CURVE('',#3173,#3181,#3183,.T.);
#3181 = VERTEX_POINT('',#3182);
#3182 = CARTESIAN_POINT('',(-4.5,3.5,-13.4));
#3183 = LINE('',#3184,#3185);
#3184 = CARTESIAN_POINT('',(-1.925,3.5,-13.4));
#3185 = VECTOR('',#3186,1.);
#3186 = DIRECTION('',(-1.,0.,0.));
#3187 = ORIENTED_EDGE('',*,*,#3188,.T.);
#3188 = EDGE_CURVE('',#3181,#3189,#3191,.T.);
#3189 = VERTEX_POINT('',#3190);
#3190 = CARTESIAN_POINT('',(-4.5,6.5,-13.4));
#3191 = LINE('',#3192,#3193);
#3192 = CARTESIAN_POINT('',(-4.5,3.5,-13.4));
#3193 = VECTOR('',#3194,1.);
#3194 = DIRECTION('',(0.,1.,0.));
#3195 = ORIENTED_EDGE('',*,*,#3196,.T.);
#3196 = EDGE_CURVE('',#3189,#3197,#3199,.T.);
#3197 = VERTEX_POINT('',#3198);
#3198 = CARTESIAN_POINT('',(-3.999999998,6.499999999309,-13.4));
#3199 = LINE('',#3200,#3201);
#3200 = CARTESIAN_POINT('',(-4.5,6.5,-13.4));
#3201 = VECTOR('',#3202,1.);
#3202 = DIRECTION('',(1.,0.,0.));
#3203 = ORIENTED_EDGE('',*,*,#3204,.T.);
#3204 = EDGE_CURVE('',#3197,#3205,#3207,.T.);
#3205 = VERTEX_POINT('',#3206);
#3206 = CARTESIAN_POINT('',(-3.923141121,7.280361291924,-13.4));
#3207 = B_SPLINE_CURVE_WITH_KNOTS('',2,(#3208,#3209,#3210),
  .UNSPECIFIED.,.F.,.F.,(3,3),(0.,6.25E-02),.PIECEWISE_BEZIER_KNOTS.);
#3208 = CARTESIAN_POINT('',(-3.999999996,6.499999998618,-13.4));
#3209 = CARTESIAN_POINT('',(-3.999999996,6.89396561112,-13.4));
#3210 = CARTESIAN_POINT('',(-3.923141121,7.280361291924,-13.4));
#3211 = ORIENTED_EDGE('',*,*,#3212,.T.);
#3212 = EDGE_CURVE('',#3205,#3213,#3215,.T.);
#3213 = VERTEX_POINT('',#3214);
#3214 = CARTESIAN_POINT('',(-3.695518134,8.030733731769,-13.4));
#3215 = B_SPLINE_CURVE_WITH_KNOTS('',2,(#3216,#3217,#3218),
  .UNSPECIFIED.,.F.,.F.,(3,3),(6.25E-02,0.125),
  .PIECEWISE_BEZIER_KNOTS.);
#3216 = CARTESIAN_POINT('',(-3.923141121,7.280361291924,-13.4));
#3217 = CARTESIAN_POINT('',(-3.846282246,7.666756962165,-13.4));
#3218 = CARTESIAN_POINT('',(-3.695518134,8.030733731769,-13.4));
#3219 = ORIENTED_EDGE('',*,*,#3220,.T.);
#3220 = EDGE_CURVE('',#3213,#3221,#3223,.T.);
#3221 = VERTEX_POINT('',#3222);
#3222 = CARTESIAN_POINT('',(-3.32587845,8.722280930244,-13.4));
#3223 = B_SPLINE_CURVE_WITH_KNOTS('',2,(#3224,#3225,#3226),
  .UNSPECIFIED.,.F.,.F.,(3,3),(0.125,0.1875),.PIECEWISE_BEZIER_KNOTS.);
#3224 = CARTESIAN_POINT('',(-3.695518134,8.030733731769,-13.4));
#3225 = CARTESIAN_POINT('',(-3.544754013,8.394710501373,-13.4));
#3226 = CARTESIAN_POINT('',(-3.32587845,8.722280930244,-13.4));
#3227 = ORIENTED_EDGE('',*,*,#3228,.T.);
#3228 = EDGE_CURVE('',#3221,#3229,#3231,.T.);
#3229 = VERTEX_POINT('',#3230);
#3230 = CARTESIAN_POINT('',(-2.828427129,9.328427129322,-13.4));
#3231 = B_SPLINE_CURVE_WITH_KNOTS('',2,(#3232,#3233,#3234),
  .UNSPECIFIED.,.F.,.F.,(3,3),(0.1875,0.25),.PIECEWISE_BEZIER_KNOTS.);
#3232 = CARTESIAN_POINT('',(-3.32587845,8.722280930244,-13.4));
#3233 = CARTESIAN_POINT('',(-3.107002878,9.049851369678,-13.4));
#3234 = CARTESIAN_POINT('',(-2.828427129,9.328427129322,-13.4));
#3235 = ORIENTED_EDGE('',*,*,#3236,.T.);
#3236 = EDGE_CURVE('',#3229,#3237,#3239,.T.);
#3237 = VERTEX_POINT('',#3238);
#3238 = CARTESIAN_POINT('',(-2.222280936,9.825878452824,-13.4));
#3239 = B_SPLINE_CURVE_WITH_KNOTS('',2,(#3240,#3241,#3242),
  .UNSPECIFIED.,.F.,.F.,(3,3),(0.25,0.3125),.PIECEWISE_BEZIER_KNOTS.);
#3240 = CARTESIAN_POINT('',(-2.828427129,9.328427129322,-13.4));
#3241 = CARTESIAN_POINT('',(-2.549851371,9.607002878403,-13.4));
#3242 = CARTESIAN_POINT('',(-2.222280936,9.825878452824,-13.4));
#3243 = ORIENTED_EDGE('',*,*,#3244,.T.);
#3244 = EDGE_CURVE('',#3237,#3245,#3247,.T.);
#3245 = VERTEX_POINT('',#3246);
#3246 = CARTESIAN_POINT('',(-1.530733725,10.195518131232,-13.4));
#3247 = B_SPLINE_CURVE_WITH_KNOTS('',2,(#3248,#3249,#3250),
  .UNSPECIFIED.,.F.,.F.,(3,3),(0.3125,0.375),.PIECEWISE_BEZIER_KNOTS.);
#3248 = CARTESIAN_POINT('',(-2.222280936,9.825878452824,-13.4));
#3249 = CARTESIAN_POINT('',(-1.894710492,10.044754016682,-13.4));
#3250 = CARTESIAN_POINT('',(-1.530733725,10.195518131232,-13.4));
#3251 = ORIENTED_EDGE('',*,*,#3252,.T.);
#3252 = EDGE_CURVE('',#3245,#3253,#3255,.T.);
#3253 = VERTEX_POINT('',#3254);
#3254 = CARTESIAN_POINT('',(-0.78036129,10.42314112665,-13.4));
#3255 = B_SPLINE_CURVE_WITH_KNOTS('',2,(#3256,#3257,#3258),
  .UNSPECIFIED.,.F.,.F.,(3,3),(0.375,0.4375),.PIECEWISE_BEZIER_KNOTS.);
#3256 = CARTESIAN_POINT('',(-1.530733725,10.195518131232,-13.4));
#3257 = CARTESIAN_POINT('',(-1.166756967,10.346282245782,-13.4));
#3258 = CARTESIAN_POINT('',(-0.78036129,10.42314112665,-13.4));
#3259 = ORIENTED_EDGE('',*,*,#3260,.T.);
#3260 = EDGE_CURVE('',#3253,#3261,#3263,.T.);
#3261 = VERTEX_POINT('',#3262);
#3262 = CARTESIAN_POINT('',(0.,10.499999996955,-13.4));
#3263 = B_SPLINE_CURVE_WITH_KNOTS('',2,(#3264,#3265,#3266),
  .UNSPECIFIED.,.F.,.F.,(3,3),(0.4375,0.5),.PIECEWISE_BEZIER_KNOTS.);
#3264 = CARTESIAN_POINT('',(-0.78036129,10.42314112665,-13.4));
#3265 = CARTESIAN_POINT('',(-0.393965613,10.499999996955,-13.4));
#3266 = CARTESIAN_POINT('',(0.,10.499999996955,-13.4));
#3267 = ORIENTED_EDGE('',*,*,#3268,.T.);
#3268 = EDGE_CURVE('',#3261,#3269,#3271,.T.);
#3269 = VERTEX_POINT('',#3270);
#3270 = CARTESIAN_POINT('',(0.78036129,10.42314112665,-13.4));
#3271 = B_SPLINE_CURVE_WITH_KNOTS('',2,(#3272,#3273,#3274),
  .UNSPECIFIED.,.F.,.F.,(3,3),(0.5,0.5625),.PIECEWISE_BEZIER_KNOTS.);
#3272 = CARTESIAN_POINT('',(0.,10.499999996955,-13.4));
#3273 = CARTESIAN_POINT('',(0.393965613,10.499999996955,-13.4));
#3274 = CARTESIAN_POINT('',(0.78036129,10.42314112665,-13.4));
#3275 = ORIENTED_EDGE('',*,*,#3276,.T.);
#3276 = EDGE_CURVE('',#3269,#3277,#3279,.T.);
#3277 = VERTEX_POINT('',#3278);
#3278 = CARTESIAN_POINT('',(1.530733725,10.195518131232,-13.4));
#3279 = B_SPLINE_CURVE_WITH_KNOTS('',2,(#3280,#3281,#3282),
  .UNSPECIFIED.,.F.,.F.,(3,3),(0.5625,0.625),.PIECEWISE_BEZIER_KNOTS.);
#3280 = CARTESIAN_POINT('',(0.78036129,10.42314112665,-13.4));
#3281 = CARTESIAN_POINT('',(1.166756967,10.346282245782,-13.4));
#3282 = CARTESIAN_POINT('',(1.530733725,10.195518131232,-13.4));
#3283 = ORIENTED_EDGE('',*,*,#3284,.T.);
#3284 = EDGE_CURVE('',#3277,#3285,#3287,.T.);
#3285 = VERTEX_POINT('',#3286);
#3286 = CARTESIAN_POINT('',(2.222280936,9.825878452824,-13.4));
#3287 = B_SPLINE_CURVE_WITH_KNOTS('',2,(#3288,#3289,#3290),
  .UNSPECIFIED.,.F.,.F.,(3,3),(0.625,0.6875),.PIECEWISE_BEZIER_KNOTS.);
#3288 = CARTESIAN_POINT('',(1.530733725,10.195518131232,-13.4));
#3289 = CARTESIAN_POINT('',(1.894710492,10.044754016682,-13.4));
#3290 = CARTESIAN_POINT('',(2.222280936,9.825878452824,-13.4));
#3291 = ORIENTED_EDGE('',*,*,#3292,.T.);
#3292 = EDGE_CURVE('',#3285,#3293,#3295,.T.);
#3293 = VERTEX_POINT('',#3294);
#3294 = CARTESIAN_POINT('',(2.828427129,9.328427129322,-13.4));
#3295 = B_SPLINE_CURVE_WITH_KNOTS('',2,(#3296,#3297,#3298),
  .UNSPECIFIED.,.F.,.F.,(3,3),(0.6875,0.75),.PIECEWISE_BEZIER_KNOTS.);
#3296 = CARTESIAN_POINT('',(2.222280936,9.825878452824,-13.4));
#3297 = CARTESIAN_POINT('',(2.549851371,9.607002878403,-13.4));
#3298 = CARTESIAN_POINT('',(2.828427129,9.328427129322,-13.4));
#3299 = ORIENTED_EDGE('',*,*,#3300,.T.);
#3300 = EDGE_CURVE('',#3293,#3301,#3303,.T.);
#3301 = VERTEX_POINT('',#3302);
#3302 = CARTESIAN_POINT('',(3.32587845,8.722280930244,-13.4));
#3303 = B_SPLINE_CURVE_WITH_KNOTS('',2,(#3304,#3305,#3306),
  .UNSPECIFIED.,.F.,.F.,(3,3),(0.75,0.8125),.PIECEWISE_BEZIER_KNOTS.);
#3304 = CARTESIAN_POINT('',(2.828427129,9.328427129322,-13.4));
#3305 = CARTESIAN_POINT('',(3.107002878,9.049851369678,-13.4));
#3306 = CARTESIAN_POINT('',(3.32587845,8.722280930244,-13.4));
#3307 = ORIENTED_EDGE('',*,*,#3308,.T.);
#3308 = EDGE_CURVE('',#3301,#3309,#3311,.T.);
#3309 = VERTEX_POINT('',#3310);
#3310 = CARTESIAN_POINT('',(3.695518134,8.030733731769,-13.4));
#3311 = B_SPLINE_CURVE_WITH_KNOTS('',2,(#3312,#3313,#3314),
  .UNSPECIFIED.,.F.,.F.,(3,3),(0.8125,0.875),.PIECEWISE_BEZIER_KNOTS.);
#3312 = CARTESIAN_POINT('',(3.32587845,8.722280930244,-13.4));
#3313 = CARTESIAN_POINT('',(3.544754013,8.394710501373,-13.4));
#3314 = CARTESIAN_POINT('',(3.695518134,8.030733731769,-13.4));
#3315 = ORIENTED_EDGE('',*,*,#3316,.T.);
#3316 = EDGE_CURVE('',#3309,#3317,#3319,.T.);
#3317 = VERTEX_POINT('',#3318);
#3318 = CARTESIAN_POINT('',(3.923141121,7.280361291924,-13.4));
#3319 = B_SPLINE_CURVE_WITH_KNOTS('',2,(#3320,#3321,#3322),
  .UNSPECIFIED.,.F.,.F.,(3,3),(0.875,0.9375),.PIECEWISE_BEZIER_KNOTS.);
#3320 = CARTESIAN_POINT('',(3.695518134,8.030733731769,-13.4));
#3321 = CARTESIAN_POINT('',(3.846282246,7.666756962165,-13.4));
#3322 = CARTESIAN_POINT('',(3.923141121,7.280361291924,-13.4));
#3323 = ORIENTED_EDGE('',*,*,#3324,.T.);
#3324 = EDGE_CURVE('',#3317,#3325,#3327,.T.);
#3325 = VERTEX_POINT('',#3326);
#3326 = CARTESIAN_POINT('',(3.999999998,6.499999999309,-13.4));
#3327 = B_SPLINE_CURVE_WITH_KNOTS('',2,(#3328,#3329,#3330),
  .UNSPECIFIED.,.F.,.F.,(3,3),(0.9375,1.),.PIECEWISE_BEZIER_KNOTS.);
#3328 = CARTESIAN_POINT('',(3.923141121,7.280361291924,-13.4));
#3329 = CARTESIAN_POINT('',(3.999999996,6.89396561112,-13.4));
#3330 = CARTESIAN_POINT('',(3.999999996,6.499999998618,-13.4));
#3331 = ORIENTED_EDGE('',*,*,#3332,.T.);
#3332 = EDGE_CURVE('',#3325,#3333,#3335,.T.);
#3333 = VERTEX_POINT('',#3334);
#3334 = CARTESIAN_POINT('',(4.5,6.5,-13.4));
#3335 = LINE('',#3336,#3337);
#3336 = CARTESIAN_POINT('',(4.,6.5,-13.4));
#3337 = VECTOR('',#3338,1.);
#3338 = DIRECTION('',(1.,0.,0.));
#3339 = ORIENTED_EDGE('',*,*,#3340,.T.);
#3340 = EDGE_CURVE('',#3333,#3341,#3343,.T.);
#3341 = VERTEX_POINT('',#3342);
#3342 = CARTESIAN_POINT('',(4.5,3.4,-13.4));
#3343 = LINE('',#3344,#3345);
#3344 = CARTESIAN_POINT('',(4.5,6.5,-13.4));
#3345 = VECTOR('',#3346,1.);
#3346 = DIRECTION('',(0.,-1.,0.));
#3347 = ORIENTED_EDGE('',*,*,#3348,.T.);
#3348 = EDGE_CURVE('',#3341,#3349,#3351,.T.);
#3349 = VERTEX_POINT('',#3350);
#3350 = CARTESIAN_POINT('',(1.6,3.4,-13.4));
#3351 = LINE('',#3352,#3353);
#3352 = CARTESIAN_POINT('',(4.5,3.4,-13.4));
#3353 = VECTOR('',#3354,1.);
#3354 = DIRECTION('',(-1.,0.,0.));
#3355 = ORIENTED_EDGE('',*,*,#3356,.T.);
#3356 = EDGE_CURVE('',#3349,#3357,#3359,.T.);
#3357 = VERTEX_POINT('',#3358);
#3358 = CARTESIAN_POINT('',(1.6,0.,-13.4));
#3359 = LINE('',#3360,#3361);
#3360 = CARTESIAN_POINT('',(1.6,3.4,-13.4));
#3361 = VECTOR('',#3362,1.);
#3362 = DIRECTION('',(0.,-1.,0.));
#3363 = ORIENTED_EDGE('',*,*,#3364,.T.);
#3364 = EDGE_CURVE('',#3357,#3365,#3367,.T.);
#3365 = VERTEX_POINT('',#3366);
#3366 = CARTESIAN_POINT('',(-3.8999999985,0.,-13.4));
#3367 = LINE('',#3368,#3369);
#3368 = CARTESIAN_POINT('',(1.6,0.,-13.4));
#3369 = VECTOR('',#3370,1.);
#3370 = DIRECTION('',(-1.,0.,0.));
#3371 = ORIENTED_EDGE('',*,*,#3372,.T.);
#3372 = EDGE_CURVE('',#3365,#3373,#3375,.T.);
#3373 = VERTEX_POINT('',#3374);
#3374 = CARTESIAN_POINT('',(-4.1062104,3.6548782788E-02,-13.4));
#3375 = B_SPLINE_CURVE_WITH_KNOTS('',2,(#3376,#3377,#3378),
  .UNSPECIFIED.,.F.,.F.,(3,3),(0.,0.25),.PIECEWISE_BEZIER_KNOTS.);
#3376 = CARTESIAN_POINT('',(-3.899999997,1.110223024625E-16,-13.4));
#3377 = CARTESIAN_POINT('',(-4.006344159,-2.22044604925E-16,-13.4));
#3378 = CARTESIAN_POINT('',(-4.1062104,3.6548782788E-02,-13.4));
#3379 = ORIENTED_EDGE('',*,*,#3380,.T.);
#3380 = EDGE_CURVE('',#3373,#3381,#3383,.T.);
#3381 = VERTEX_POINT('',#3382);
#3382 = CARTESIAN_POINT('',(-4.287298338,0.141742425258,-13.4));
#3383 = B_SPLINE_CURVE_WITH_KNOTS('',2,(#3384,#3385,#3386),
  .UNSPECIFIED.,.F.,.F.,(3,3),(0.25,0.5),.PIECEWISE_BEZIER_KNOTS.);
#3384 = CARTESIAN_POINT('',(-4.1062104,3.6548782788E-02,-13.4));
#3385 = CARTESIAN_POINT('',(-4.206076641,7.3097576139E-02,-13.4));
#3386 = CARTESIAN_POINT('',(-4.287298338,0.141742425258,-13.4));
#3387 = ORIENTED_EDGE('',*,*,#3388,.T.);
#3388 = EDGE_CURVE('',#3381,#3389,#3391,.T.);
#3389 = VERTEX_POINT('',#3390);
#3390 = CARTESIAN_POINT('',(-4.421201994,0.302765272593,-13.4));
#3391 = B_SPLINE_CURVE_WITH_KNOTS('',2,(#3392,#3393,#3394),
  .UNSPECIFIED.,.F.,.F.,(3,3),(0.5,0.75),.PIECEWISE_BEZIER_KNOTS.);
#3392 = CARTESIAN_POINT('',(-4.287298338,0.141742425258,-13.4));
#3393 = CARTESIAN_POINT('',(-4.368520026,0.21038728494,-13.4));
#3394 = CARTESIAN_POINT('',(-4.421201994,0.302765272593,-13.4));
#3395 = ORIENTED_EDGE('',*,*,#3396,.T.);
#3396 = EDGE_CURVE('',#3389,#3397,#3399,.T.);
#3397 = VERTEX_POINT('',#3398);
#3398 = CARTESIAN_POINT('',(-4.4916079775,0.499999997915,-13.4));
#3399 = B_SPLINE_CURVE_WITH_KNOTS('',2,(#3400,#3401,#3402),
  .UNSPECIFIED.,.F.,.F.,(3,3),(0.75,1.),.PIECEWISE_BEZIER_KNOTS.);
#3400 = CARTESIAN_POINT('',(-4.421201994,0.302765272593,-13.4));
#3401 = CARTESIAN_POINT('',(-4.473883953,0.395143249683,-13.4));
#3402 = CARTESIAN_POINT('',(-4.491607977,0.499999995831,-13.4));
#3403 = ORIENTED_EDGE('',*,*,#3404,.T.);
#3404 = EDGE_CURVE('',#3397,#3405,#3407,.T.);
#3405 = VERTEX_POINT('',#3406);
#3406 = CARTESIAN_POINT('',(1.125,0.499999997915,-13.4));
#3407 = LINE('',#3408,#3409);
#3408 = CARTESIAN_POINT('',(-4.491607978,0.5,-13.4));
#3409 = VECTOR('',#3410,1.);
#3410 = DIRECTION('',(1.,0.,0.));
#3411 = ORIENTED_EDGE('',*,*,#3412,.T.);
#3412 = EDGE_CURVE('',#3405,#3413,#3415,.T.);
#3413 = VERTEX_POINT('',#3414);
#3414 = CARTESIAN_POINT('',(1.278073377,0.53044819191,-13.4));
#3415 = B_SPLINE_CURVE_WITH_KNOTS('',2,(#3416,#3417,#3418),
  .UNSPECIFIED.,.F.,.F.,(3,3),(0.,0.25),.PIECEWISE_BEZIER_KNOTS.);
#3416 = CARTESIAN_POINT('',(1.125,0.499999995831,-13.4));
#3417 = CARTESIAN_POINT('',(1.20456495,0.499999995831,-13.4));
#3418 = CARTESIAN_POINT('',(1.278073377,0.53044819191,-13.4));
#3419 = ORIENTED_EDGE('',*,*,#3420,.T.);
#3420 = EDGE_CURVE('',#3413,#3421,#3423,.T.);
#3421 = VERTEX_POINT('',#3422);
#3422 = CARTESIAN_POINT('',(1.407842712,0.617157292101,-13.4));
#3423 = B_SPLINE_CURVE_WITH_KNOTS('',2,(#3424,#3425,#3426),
  .UNSPECIFIED.,.F.,.F.,(3,3),(0.25,0.5),.PIECEWISE_BEZIER_KNOTS.);
#3424 = CARTESIAN_POINT('',(1.278073377,0.53044819191,-13.4));
#3425 = CARTESIAN_POINT('',(1.351581795,0.560896377426,-13.4));
#3426 = CARTESIAN_POINT('',(1.407842712,0.617157292101,-13.4));
#3427 = ORIENTED_EDGE('',*,*,#3428,.T.);
#3428 = EDGE_CURVE('',#3421,#3429,#3431,.T.);
#3429 = VERTEX_POINT('',#3430);
#3430 = CARTESIAN_POINT('',(1.494551817,0.7469266308,-13.4));
#3431 = B_SPLINE_CURVE_WITH_KNOTS('',2,(#3432,#3433,#3434),
  .UNSPECIFIED.,.F.,.F.,(3,3),(0.5,0.75),.PIECEWISE_BEZIER_KNOTS.);
#3432 = CARTESIAN_POINT('',(1.407842712,0.617157292101,-13.4));
#3433 = CARTESIAN_POINT('',(1.464103629,0.673418196213,-13.4));
#3434 = CARTESIAN_POINT('',(1.494551817,0.7469266308,-13.4));
#3435 = ORIENTED_EDGE('',*,*,#3436,.T.);
#3436 = EDGE_CURVE('',#3429,#3437,#3439,.T.);
#3437 = VERTEX_POINT('',#3438);
#3438 = CARTESIAN_POINT('',(1.524999998,0.899999998361,-13.4));
#3439 = B_SPLINE_CURVE_WITH_KNOTS('',2,(#3440,#3441,#3442),
  .UNSPECIFIED.,.F.,.F.,(3,3),(0.75,1.),.PIECEWISE_BEZIER_KNOTS.);
#3440 = CARTESIAN_POINT('',(1.494551817,0.7469266308,-13.4));
#3441 = CARTESIAN_POINT('',(1.524999996,0.820435054824,-13.4));
#3442 = CARTESIAN_POINT('',(1.524999996,0.899999996721,-13.4));
#3443 = ORIENTED_EDGE('',*,*,#3444,.T.);
#3444 = EDGE_CURVE('',#3437,#3445,#3447,.T.);
#3445 = VERTEX_POINT('',#3446);
#3446 = CARTESIAN_POINT('',(1.524999998,4.439229512985,-13.4));
#3447 = LINE('',#3448,#3449);
#3448 = CARTESIAN_POINT('',(1.525,0.9,-13.4));
#3449 = VECTOR('',#3450,1.);
#3450 = DIRECTION('',(0.,1.,0.));
#3451 = ORIENTED_EDGE('',*,*,#3452,.T.);
#3452 = EDGE_CURVE('',#3445,#3453,#3455,.T.);
#3453 = VERTEX_POINT('',#3454);
#3454 = CARTESIAN_POINT('',(1.558107738,4.598572135584,-13.4));
#3455 = B_SPLINE_CURVE_WITH_KNOTS('',2,(#3456,#3457,#3458),
  .UNSPECIFIED.,.F.,.F.,(3,3),(0.,0.5),.PIECEWISE_BEZIER_KNOTS.);
#3456 = CARTESIAN_POINT('',(1.524999996,4.43922951297,-13.4));
#3457 = CARTESIAN_POINT('',(1.524999996,4.522340337774,-13.4));
#3458 = CARTESIAN_POINT('',(1.558107738,4.598572135584,-13.4));
#3459 = ORIENTED_EDGE('',*,*,#3460,.T.);
#3460 = EDGE_CURVE('',#3453,#2931,#3461,.T.);
#3461 = B_SPLINE_CURVE_WITH_KNOTS('',2,(#3462,#3463,#3464),
  .UNSPECIFIED.,.F.,.F.,(3,3),(0.5,1.),.PIECEWISE_BEZIER_KNOTS.);
#3462 = CARTESIAN_POINT('',(1.558107738,4.598572135584,-13.4));
#3463 = CARTESIAN_POINT('',(1.59121548,4.674803933394,-13.4));
#3464 = CARTESIAN_POINT('',(1.651950351,4.731537383874,-13.4));
#3465 = B_SPLINE_SURFACE_WITH_KNOTS('',1,1,(
    (#3466,#3467)
    ,(#3468,#3469
    )),.UNSPECIFIED.,.F.,.F.,.F.,(2,2),(2,2),(0.,1.),(0.,1.),
  .PIECEWISE_BEZIER_KNOTS.);
#3466 = CARTESIAN_POINT('',(4.5,0.,-13.4));
#3467 = CARTESIAN_POINT('',(4.5,10.563,-13.4));
#3468 = CARTESIAN_POINT('',(-4.5,0.,-13.4));
#3469 = CARTESIAN_POINT('',(-4.5,10.563,-13.4));
#3470 = SHELL_BASED_SURFACE_MODEL('',(#3471));
#3471 = OPEN_SHELL('',(#3472));
#3472 = ADVANCED_FACE('',(#3473,#3507),#3765,.T.);
#3473 = FACE_BOUND('',#3474,.T.);
#3474 = EDGE_LOOP('',(#3475,#3485,#3493,#3501));
#3475 = ORIENTED_EDGE('',*,*,#3476,.T.);
#3476 = EDGE_CURVE('',#3477,#3479,#3481,.T.);
#3477 = VERTEX_POINT('',#3478);
#3478 = CARTESIAN_POINT('',(-3.9,0.6,0.));
#3479 = VERTEX_POINT('',#3480);
#3480 = CARTESIAN_POINT('',(-3.9,10.4,0.));
#3481 = LINE('',#3482,#3483);
#3482 = CARTESIAN_POINT('',(-3.9,0.6,0.));
#3483 = VECTOR('',#3484,1.);
#3484 = DIRECTION('',(0.,1.,0.));
#3485 = ORIENTED_EDGE('',*,*,#3486,.T.);
#3486 = EDGE_CURVE('',#3479,#3487,#3489,.T.);
#3487 = VERTEX_POINT('',#3488);
#3488 = CARTESIAN_POINT('',(3.9,10.4,0.));
#3489 = LINE('',#3490,#3491);
#3490 = CARTESIAN_POINT('',(-3.9,10.4,0.));
#3491 = VECTOR('',#3492,1.);
#3492 = DIRECTION('',(1.,0.,0.));
#3493 = ORIENTED_EDGE('',*,*,#3494,.T.);
#3494 = EDGE_CURVE('',#3487,#3495,#3497,.T.);
#3495 = VERTEX_POINT('',#3496);
#3496 = CARTESIAN_POINT('',(3.9,0.6,0.));
#3497 = LINE('',#3498,#3499);
#3498 = CARTESIAN_POINT('',(3.9,10.4,0.));
#3499 = VECTOR('',#3500,1.);
#3500 = DIRECTION('',(0.,-1.,0.));
#3501 = ORIENTED_EDGE('',*,*,#3502,.T.);
#3502 = EDGE_CURVE('',#3495,#3477,#3503,.T.);
#3503 = LINE('',#3504,#3505);
#3504 = CARTESIAN_POINT('',(3.9,0.6,0.));
#3505 = VECTOR('',#3506,1.);
#3506 = DIRECTION('',(-1.,0.,0.));
#3507 = FACE_BOUND('',#3508,.T.);
#3508 = EDGE_LOOP('',(#3509,#3519,#3527,#3535,#3543,#3551,#3559,#3567,
    #3575,#3583,#3591,#3599,#3607,#3615,#3623,#3631,#3639,#3647,#3655,
    #3663,#3671,#3679,#3687,#3695,#3703,#3711,#3719,#3727,#3735,#3743,
    #3751,#3759));
#3509 = ORIENTED_EDGE('',*,*,#3510,.T.);
#3510 = EDGE_CURVE('',#3511,#3513,#3515,.T.);
#3511 = VERTEX_POINT('',#3512);
#3512 = CARTESIAN_POINT('',(-3.2500000026,6.4999999968,0.));
#3513 = VERTEX_POINT('',#3514);
#3514 = CARTESIAN_POINT('',(-3.1875521652,5.865956451,0.));
#3515 = B_SPLINE_CURVE_WITH_KNOTS('',2,(#3516,#3517,#3518),
  .UNSPECIFIED.,.F.,.F.,(3,3),(0.,6.25E-02),.PIECEWISE_BEZIER_KNOTS.);
#3516 = CARTESIAN_POINT('',(-3.2500000026,6.4999999968,0.));
#3517 = CARTESIAN_POINT('',(-3.2500000026,6.1799029398,0.));
#3518 = CARTESIAN_POINT('',(-3.1875521652,5.865956451,0.));
#3519 = ORIENTED_EDGE('',*,*,#3520,.T.);
#3520 = EDGE_CURVE('',#3513,#3521,#3523,.T.);
#3521 = VERTEX_POINT('',#3522);
#3522 = CARTESIAN_POINT('',(-3.002608479,5.2562788412,0.));
#3523 = B_SPLINE_CURVE_WITH_KNOTS('',2,(#3524,#3525,#3526),
  .UNSPECIFIED.,.F.,.F.,(3,3),(6.25E-02,0.125),
  .PIECEWISE_BEZIER_KNOTS.);
#3524 = CARTESIAN_POINT('',(-3.1875521652,5.865956451,0.));
#3525 = CARTESIAN_POINT('',(-3.12510432,5.552009972,0.));
#3526 = CARTESIAN_POINT('',(-3.002608479,5.2562788412,0.));
#3527 = ORIENTED_EDGE('',*,*,#3528,.T.);
#3528 = EDGE_CURVE('',#3521,#3529,#3531,.T.);
#3529 = VERTEX_POINT('',#3530);
#3530 = CARTESIAN_POINT('',(-2.7022762416,4.6943967428,0.));
#3531 = B_SPLINE_CURVE_WITH_KNOTS('',2,(#3532,#3533,#3534),
  .UNSPECIFIED.,.F.,.F.,(3,3),(0.125,0.1875),.PIECEWISE_BEZIER_KNOTS.);
#3532 = CARTESIAN_POINT('',(-3.002608479,5.2562788412,0.));
#3533 = CARTESIAN_POINT('',(-2.880112638,4.9605477202,0.));
#3534 = CARTESIAN_POINT('',(-2.7022762416,4.6943967428,0.));
#3535 = ORIENTED_EDGE('',*,*,#3536,.T.);
#3536 = EDGE_CURVE('',#3529,#3537,#3539,.T.);
#3537 = VERTEX_POINT('',#3538);
#3538 = CARTESIAN_POINT('',(-2.298097035,4.2019029564,0.));
#3539 = B_SPLINE_CURVE_WITH_KNOTS('',2,(#3540,#3541,#3542),
  .UNSPECIFIED.,.F.,.F.,(3,3),(0.1875,0.25),.PIECEWISE_BEZIER_KNOTS.);
#3540 = CARTESIAN_POINT('',(-2.7022762416,4.6943967428,0.));
#3541 = CARTESIAN_POINT('',(-2.5244398374,4.4282457654,0.));
#3542 = CARTESIAN_POINT('',(-2.298097035,4.2019029564,0.));
#3543 = ORIENTED_EDGE('',*,*,#3544,.T.);
#3544 = EDGE_CURVE('',#3537,#3545,#3547,.T.);
#3545 = VERTEX_POINT('',#3546);
#3546 = CARTESIAN_POINT('',(-1.8056032566,3.7977237614,0.));
#3547 = B_SPLINE_CURVE_WITH_KNOTS('',2,(#3548,#3549,#3550),
  .UNSPECIFIED.,.F.,.F.,(3,3),(0.25,0.3125),.PIECEWISE_BEZIER_KNOTS.);
#3548 = CARTESIAN_POINT('',(-2.298097035,4.2019029564,0.));
#3549 = CARTESIAN_POINT('',(-2.0717542326,3.9755601572,0.));
#3550 = CARTESIAN_POINT('',(-1.8056032566,3.7977237614,0.));
#3551 = ORIENTED_EDGE('',*,*,#3552,.T.);
#3552 = EDGE_CURVE('',#3545,#3553,#3555,.T.);
#3553 = VERTEX_POINT('',#3554);
#3554 = CARTESIAN_POINT('',(-1.243721154,3.4973915208,0.));
#3555 = B_SPLINE_CURVE_WITH_KNOTS('',2,(#3556,#3557,#3558),
  .UNSPECIFIED.,.F.,.F.,(3,3),(0.3125,0.375),.PIECEWISE_BEZIER_KNOTS.);
#3556 = CARTESIAN_POINT('',(-1.8056032566,3.7977237614,0.));
#3557 = CARTESIAN_POINT('',(-1.5394522806,3.6198873656,0.));
#3558 = CARTESIAN_POINT('',(-1.243721154,3.4973915208,0.));
#3559 = ORIENTED_EDGE('',*,*,#3560,.T.);
#3560 = EDGE_CURVE('',#3553,#3561,#3563,.T.);
#3561 = VERTEX_POINT('',#3562);
#3562 = CARTESIAN_POINT('',(-0.6340435452,3.3124478416,0.));
#3563 = B_SPLINE_CURVE_WITH_KNOTS('',2,(#3564,#3565,#3566),
  .UNSPECIFIED.,.F.,.F.,(3,3),(0.375,0.4375),.PIECEWISE_BEZIER_KNOTS.);
#3564 = CARTESIAN_POINT('',(-1.243721154,3.4973915208,0.));
#3565 = CARTESIAN_POINT('',(-0.9479900352,3.374895676,0.));
#3566 = CARTESIAN_POINT('',(-0.6340435452,3.3124478416,0.));
#3567 = ORIENTED_EDGE('',*,*,#3568,.T.);
#3568 = EDGE_CURVE('',#3561,#3569,#3571,.T.);
#3569 = VERTEX_POINT('',#3570);
#3570 = CARTESIAN_POINT('',(0.,3.2499999974,0.));
#3571 = B_SPLINE_CURVE_WITH_KNOTS('',2,(#3572,#3573,#3574),
  .UNSPECIFIED.,.F.,.F.,(3,3),(0.4375,0.5),.PIECEWISE_BEZIER_KNOTS.);
#3572 = CARTESIAN_POINT('',(-0.6340435452,3.3124478416,0.));
#3573 = CARTESIAN_POINT('',(-0.320097063,3.2499999974,0.));
#3574 = CARTESIAN_POINT('',(0.,3.2499999974,0.));
#3575 = ORIENTED_EDGE('',*,*,#3576,.T.);
#3576 = EDGE_CURVE('',#3569,#3577,#3579,.T.);
#3577 = VERTEX_POINT('',#3578);
#3578 = CARTESIAN_POINT('',(0.6340435452,3.3124478416,0.));
#3579 = B_SPLINE_CURVE_WITH_KNOTS('',2,(#3580,#3581,#3582),
  .UNSPECIFIED.,.F.,.F.,(3,3),(0.5,0.5625),.PIECEWISE_BEZIER_KNOTS.);
#3580 = CARTESIAN_POINT('',(0.,3.2499999974,0.));
#3581 = CARTESIAN_POINT('',(0.320097063,3.2499999974,0.));
#3582 = CARTESIAN_POINT('',(0.6340435452,3.3124478416,0.));
#3583 = ORIENTED_EDGE('',*,*,#3584,.T.);
#3584 = EDGE_CURVE('',#3577,#3585,#3587,.T.);
#3585 = VERTEX_POINT('',#3586);
#3586 = CARTESIAN_POINT('',(1.243721154,3.4973915208,0.));
#3587 = B_SPLINE_CURVE_WITH_KNOTS('',2,(#3588,#3589,#3590),
  .UNSPECIFIED.,.F.,.F.,(3,3),(0.5625,0.625),.PIECEWISE_BEZIER_KNOTS.);
#3588 = CARTESIAN_POINT('',(0.6340435452,3.3124478416,0.));
#3589 = CARTESIAN_POINT('',(0.9479900352,3.374895676,0.));
#3590 = CARTESIAN_POINT('',(1.243721154,3.4973915208,0.));
#3591 = ORIENTED_EDGE('',*,*,#3592,.T.);
#3592 = EDGE_CURVE('',#3585,#3593,#3595,.T.);
#3593 = VERTEX_POINT('',#3594);
#3594 = CARTESIAN_POINT('',(1.8056032566,3.7977237614,0.));
#3595 = B_SPLINE_CURVE_WITH_KNOTS('',2,(#3596,#3597,#3598),
  .UNSPECIFIED.,.F.,.F.,(3,3),(0.625,0.6875),.PIECEWISE_BEZIER_KNOTS.);
#3596 = CARTESIAN_POINT('',(1.243721154,3.4973915208,0.));
#3597 = CARTESIAN_POINT('',(1.5394522806,3.6198873656,0.));
#3598 = CARTESIAN_POINT('',(1.8056032566,3.7977237614,0.));
#3599 = ORIENTED_EDGE('',*,*,#3600,.T.);
#3600 = EDGE_CURVE('',#3593,#3601,#3603,.T.);
#3601 = VERTEX_POINT('',#3602);
#3602 = CARTESIAN_POINT('',(2.298097035,4.2019029564,0.));
#3603 = B_SPLINE_CURVE_WITH_KNOTS('',2,(#3604,#3605,#3606),
  .UNSPECIFIED.,.F.,.F.,(3,3),(0.6875,0.75),.PIECEWISE_BEZIER_KNOTS.);
#3604 = CARTESIAN_POINT('',(1.8056032566,3.7977237614,0.));
#3605 = CARTESIAN_POINT('',(2.0717542326,3.9755601572,0.));
#3606 = CARTESIAN_POINT('',(2.298097035,4.2019029564,0.));
#3607 = ORIENTED_EDGE('',*,*,#3608,.T.);
#3608 = EDGE_CURVE('',#3601,#3609,#3611,.T.);
#3609 = VERTEX_POINT('',#3610);
#3610 = CARTESIAN_POINT('',(2.7022762416,4.6943967428,0.));
#3611 = B_SPLINE_CURVE_WITH_KNOTS('',2,(#3612,#3613,#3614),
  .UNSPECIFIED.,.F.,.F.,(3,3),(0.75,0.8125),.PIECEWISE_BEZIER_KNOTS.);
#3612 = CARTESIAN_POINT('',(2.298097035,4.2019029564,0.));
#3613 = CARTESIAN_POINT('',(2.5244398374,4.4282457654,0.));
#3614 = CARTESIAN_POINT('',(2.7022762416,4.6943967428,0.));
#3615 = ORIENTED_EDGE('',*,*,#3616,.T.);
#3616 = EDGE_CURVE('',#3609,#3617,#3619,.T.);
#3617 = VERTEX_POINT('',#3618);
#3618 = CARTESIAN_POINT('',(3.002608479,5.2562788412,0.));
#3619 = B_SPLINE_CURVE_WITH_KNOTS('',2,(#3620,#3621,#3622),
  .UNSPECIFIED.,.F.,.F.,(3,3),(0.8125,0.875),.PIECEWISE_BEZIER_KNOTS.);
#3620 = CARTESIAN_POINT('',(2.7022762416,4.6943967428,0.));
#3621 = CARTESIAN_POINT('',(2.880112638,4.9605477202,0.));
#3622 = CARTESIAN_POINT('',(3.002608479,5.2562788412,0.));
#3623 = ORIENTED_EDGE('',*,*,#3624,.T.);
#3624 = EDGE_CURVE('',#3617,#3625,#3627,.T.);
#3625 = VERTEX_POINT('',#3626);
#3626 = CARTESIAN_POINT('',(3.1875521652,5.865956451,0.));
#3627 = B_SPLINE_CURVE_WITH_KNOTS('',2,(#3628,#3629,#3630),
  .UNSPECIFIED.,.F.,.F.,(3,3),(0.875,0.9375),.PIECEWISE_BEZIER_KNOTS.);
#3628 = CARTESIAN_POINT('',(3.002608479,5.2562788412,0.));
#3629 = CARTESIAN_POINT('',(3.12510432,5.552009972,0.));
#3630 = CARTESIAN_POINT('',(3.1875521652,5.865956451,0.));
#3631 = ORIENTED_EDGE('',*,*,#3632,.T.);
#3632 = EDGE_CURVE('',#3625,#3633,#3635,.T.);
#3633 = VERTEX_POINT('',#3634);
#3634 = CARTESIAN_POINT('',(3.2500000026,6.4999999968,0.));
#3635 = B_SPLINE_CURVE_WITH_KNOTS('',2,(#3636,#3637,#3638),
  .UNSPECIFIED.,.F.,.F.,(3,3),(0.9375,1.),.PIECEWISE_BEZIER_KNOTS.);
#3636 = CARTESIAN_POINT('',(3.1875521652,5.865956451,0.));
#3637 = CARTESIAN_POINT('',(3.2500000026,6.1799029398,0.));
#3638 = CARTESIAN_POINT('',(3.2500000026,6.4999999968,0.));
#3639 = ORIENTED_EDGE('',*,*,#3640,.T.);
#3640 = EDGE_CURVE('',#3633,#3641,#3643,.T.);
#3641 = VERTEX_POINT('',#3642);
#3642 = CARTESIAN_POINT('',(3.1875521652,7.1340435426,0.));
#3643 = B_SPLINE_CURVE_WITH_KNOTS('',2,(#3644,#3645,#3646),
  .UNSPECIFIED.,.F.,.F.,(3,3),(0.,6.25E-02),.PIECEWISE_BEZIER_KNOTS.);
#3644 = CARTESIAN_POINT('',(3.2500000026,6.4999999968,0.));
#3645 = CARTESIAN_POINT('',(3.2500000026,6.8200970636,0.));
#3646 = CARTESIAN_POINT('',(3.1875521652,7.1340435426,0.));
#3647 = ORIENTED_EDGE('',*,*,#3648,.T.);
#3648 = EDGE_CURVE('',#3641,#3649,#3651,.T.);
#3649 = VERTEX_POINT('',#3650);
#3650 = CARTESIAN_POINT('',(3.002608479,7.7437211524,0.));
#3651 = B_SPLINE_CURVE_WITH_KNOTS('',2,(#3652,#3653,#3654),
  .UNSPECIFIED.,.F.,.F.,(3,3),(6.25E-02,0.125),
  .PIECEWISE_BEZIER_KNOTS.);
#3652 = CARTESIAN_POINT('',(3.1875521652,7.1340435426,0.));
#3653 = CARTESIAN_POINT('',(3.12510432,7.4479900314,0.));
#3654 = CARTESIAN_POINT('',(3.002608479,7.7437211524,0.));
#3655 = ORIENTED_EDGE('',*,*,#3656,.T.);
#3656 = EDGE_CURVE('',#3649,#3657,#3659,.T.);
#3657 = VERTEX_POINT('',#3658);
#3658 = CARTESIAN_POINT('',(2.7022762416,8.3056032606,0.));
#3659 = B_SPLINE_CURVE_WITH_KNOTS('',2,(#3660,#3661,#3662),
  .UNSPECIFIED.,.F.,.F.,(3,3),(0.125,0.1875),.PIECEWISE_BEZIER_KNOTS.);
#3660 = CARTESIAN_POINT('',(3.002608479,7.7437211524,0.));
#3661 = CARTESIAN_POINT('',(2.880112638,8.0394522734,0.));
#3662 = CARTESIAN_POINT('',(2.7022762416,8.3056032606,0.));
#3663 = ORIENTED_EDGE('',*,*,#3664,.T.);
#3664 = EDGE_CURVE('',#3657,#3665,#3667,.T.);
#3665 = VERTEX_POINT('',#3666);
#3666 = CARTESIAN_POINT('',(2.298097035,8.7980970372,0.));
#3667 = B_SPLINE_CURVE_WITH_KNOTS('',2,(#3668,#3669,#3670),
  .UNSPECIFIED.,.F.,.F.,(3,3),(0.1875,0.25),.PIECEWISE_BEZIER_KNOTS.);
#3668 = CARTESIAN_POINT('',(2.7022762416,8.3056032606,0.));
#3669 = CARTESIAN_POINT('',(2.5244398374,8.571754238,0.));
#3670 = CARTESIAN_POINT('',(2.298097035,8.7980970372,0.));
#3671 = ORIENTED_EDGE('',*,*,#3672,.T.);
#3672 = EDGE_CURVE('',#3665,#3673,#3675,.T.);
#3673 = VERTEX_POINT('',#3674);
#3674 = CARTESIAN_POINT('',(1.8056032566,9.202276242,0.));
#3675 = B_SPLINE_CURVE_WITH_KNOTS('',2,(#3676,#3677,#3678),
  .UNSPECIFIED.,.F.,.F.,(3,3),(0.25,0.3125),.PIECEWISE_BEZIER_KNOTS.);
#3676 = CARTESIAN_POINT('',(2.298097035,8.7980970372,0.));
#3677 = CARTESIAN_POINT('',(2.0717542326,9.0244398364,0.));
#3678 = CARTESIAN_POINT('',(1.8056032566,9.202276242,0.));
#3679 = ORIENTED_EDGE('',*,*,#3680,.T.);
#3680 = EDGE_CURVE('',#3673,#3681,#3683,.T.);
#3681 = VERTEX_POINT('',#3682);
#3682 = CARTESIAN_POINT('',(1.243721154,9.5026084826,0.));
#3683 = B_SPLINE_CURVE_WITH_KNOTS('',2,(#3684,#3685,#3686),
  .UNSPECIFIED.,.F.,.F.,(3,3),(0.3125,0.375),.PIECEWISE_BEZIER_KNOTS.);
#3684 = CARTESIAN_POINT('',(1.8056032566,9.202276242,0.));
#3685 = CARTESIAN_POINT('',(1.5394522806,9.3801126378,0.));
#3686 = CARTESIAN_POINT('',(1.243721154,9.5026084826,0.));
#3687 = ORIENTED_EDGE('',*,*,#3688,.T.);
#3688 = EDGE_CURVE('',#3681,#3689,#3691,.T.);
#3689 = VERTEX_POINT('',#3690);
#3690 = CARTESIAN_POINT('',(0.6340435452,9.6875521618,0.));
#3691 = B_SPLINE_CURVE_WITH_KNOTS('',2,(#3692,#3693,#3694),
  .UNSPECIFIED.,.F.,.F.,(3,3),(0.375,0.4375),.PIECEWISE_BEZIER_KNOTS.);
#3692 = CARTESIAN_POINT('',(1.243721154,9.5026084826,0.));
#3693 = CARTESIAN_POINT('',(0.9479900352,9.6251043274,0.));
#3694 = CARTESIAN_POINT('',(0.6340435452,9.6875521618,0.));
#3695 = ORIENTED_EDGE('',*,*,#3696,.T.);
#3696 = EDGE_CURVE('',#3689,#3697,#3699,.T.);
#3697 = VERTEX_POINT('',#3698);
#3698 = CARTESIAN_POINT('',(0.,9.7499999962,0.));
#3699 = B_SPLINE_CURVE_WITH_KNOTS('',2,(#3700,#3701,#3702),
  .UNSPECIFIED.,.F.,.F.,(3,3),(0.4375,0.5),.PIECEWISE_BEZIER_KNOTS.);
#3700 = CARTESIAN_POINT('',(0.6340435452,9.6875521618,0.));
#3701 = CARTESIAN_POINT('',(0.320097063,9.7499999962,0.));
#3702 = CARTESIAN_POINT('',(0.,9.7499999962,0.));
#3703 = ORIENTED_EDGE('',*,*,#3704,.T.);
#3704 = EDGE_CURVE('',#3697,#3705,#3707,.T.);
#3705 = VERTEX_POINT('',#3706);
#3706 = CARTESIAN_POINT('',(-0.6340435452,9.6875521618,0.));
#3707 = B_SPLINE_CURVE_WITH_KNOTS('',2,(#3708,#3709,#3710),
  .UNSPECIFIED.,.F.,.F.,(3,3),(0.5,0.5625),.PIECEWISE_BEZIER_KNOTS.);
#3708 = CARTESIAN_POINT('',(0.,9.7499999962,0.));
#3709 = CARTESIAN_POINT('',(-0.320097063,9.7499999962,0.));
#3710 = CARTESIAN_POINT('',(-0.6340435452,9.6875521618,0.));
#3711 = ORIENTED_EDGE('',*,*,#3712,.T.);
#3712 = EDGE_CURVE('',#3705,#3713,#3715,.T.);
#3713 = VERTEX_POINT('',#3714);
#3714 = CARTESIAN_POINT('',(-1.243721154,9.5026084826,0.));
#3715 = B_SPLINE_CURVE_WITH_KNOTS('',2,(#3716,#3717,#3718),
  .UNSPECIFIED.,.F.,.F.,(3,3),(0.5625,0.625),.PIECEWISE_BEZIER_KNOTS.);
#3716 = CARTESIAN_POINT('',(-0.6340435452,9.6875521618,0.));
#3717 = CARTESIAN_POINT('',(-0.9479900352,9.6251043274,0.));
#3718 = CARTESIAN_POINT('',(-1.243721154,9.5026084826,0.));
#3719 = ORIENTED_EDGE('',*,*,#3720,.T.);
#3720 = EDGE_CURVE('',#3713,#3721,#3723,.T.);
#3721 = VERTEX_POINT('',#3722);
#3722 = CARTESIAN_POINT('',(-1.8056032566,9.202276242,0.));
#3723 = B_SPLINE_CURVE_WITH_KNOTS('',2,(#3724,#3725,#3726),
  .UNSPECIFIED.,.F.,.F.,(3,3),(0.625,0.6875),.PIECEWISE_BEZIER_KNOTS.);
#3724 = CARTESIAN_POINT('',(-1.243721154,9.5026084826,0.));
#3725 = CARTESIAN_POINT('',(-1.5394522806,9.3801126378,0.));
#3726 = CARTESIAN_POINT('',(-1.8056032566,9.202276242,0.));
#3727 = ORIENTED_EDGE('',*,*,#3728,.T.);
#3728 = EDGE_CURVE('',#3721,#3729,#3731,.T.);
#3729 = VERTEX_POINT('',#3730);
#3730 = CARTESIAN_POINT('',(-2.298097035,8.7980970372,0.));
#3731 = B_SPLINE_CURVE_WITH_KNOTS('',2,(#3732,#3733,#3734),
  .UNSPECIFIED.,.F.,.F.,(3,3),(0.6875,0.75),.PIECEWISE_BEZIER_KNOTS.);
#3732 = CARTESIAN_POINT('',(-1.8056032566,9.202276242,0.));
#3733 = CARTESIAN_POINT('',(-2.0717542326,9.0244398364,0.));
#3734 = CARTESIAN_POINT('',(-2.298097035,8.7980970372,0.));
#3735 = ORIENTED_EDGE('',*,*,#3736,.T.);
#3736 = EDGE_CURVE('',#3729,#3737,#3739,.T.);
#3737 = VERTEX_POINT('',#3738);
#3738 = CARTESIAN_POINT('',(-2.7022762416,8.3056032606,0.));
#3739 = B_SPLINE_CURVE_WITH_KNOTS('',2,(#3740,#3741,#3742),
  .UNSPECIFIED.,.F.,.F.,(3,3),(0.75,0.8125),.PIECEWISE_BEZIER_KNOTS.);
#3740 = CARTESIAN_POINT('',(-2.298097035,8.7980970372,0.));
#3741 = CARTESIAN_POINT('',(-2.5244398374,8.571754238,0.));
#3742 = CARTESIAN_POINT('',(-2.7022762416,8.3056032606,0.));
#3743 = ORIENTED_EDGE('',*,*,#3744,.T.);
#3744 = EDGE_CURVE('',#3737,#3745,#3747,.T.);
#3745 = VERTEX_POINT('',#3746);
#3746 = CARTESIAN_POINT('',(-3.002608479,7.7437211524,0.));
#3747 = B_SPLINE_CURVE_WITH_KNOTS('',2,(#3748,#3749,#3750),
  .UNSPECIFIED.,.F.,.F.,(3,3),(0.8125,0.875),.PIECEWISE_BEZIER_KNOTS.);
#3748 = CARTESIAN_POINT('',(-2.7022762416,8.3056032606,0.));
#3749 = CARTESIAN_POINT('',(-2.880112638,8.0394522734,0.));
#3750 = CARTESIAN_POINT('',(-3.002608479,7.7437211524,0.));
#3751 = ORIENTED_EDGE('',*,*,#3752,.T.);
#3752 = EDGE_CURVE('',#3745,#3753,#3755,.T.);
#3753 = VERTEX_POINT('',#3754);
#3754 = CARTESIAN_POINT('',(-3.1875521652,7.1340435426,0.));
#3755 = B_SPLINE_CURVE_WITH_KNOTS('',2,(#3756,#3757,#3758),
  .UNSPECIFIED.,.F.,.F.,(3,3),(0.875,0.9375),.PIECEWISE_BEZIER_KNOTS.);
#3756 = CARTESIAN_POINT('',(-3.002608479,7.7437211524,0.));
#3757 = CARTESIAN_POINT('',(-3.12510432,7.4479900314,0.));
#3758 = CARTESIAN_POINT('',(-3.1875521652,7.1340435426,0.));
#3759 = ORIENTED_EDGE('',*,*,#3760,.T.);
#3760 = EDGE_CURVE('',#3753,#3511,#3761,.T.);
#3761 = B_SPLINE_CURVE_WITH_KNOTS('',2,(#3762,#3763,#3764),
  .UNSPECIFIED.,.F.,.F.,(3,3),(0.9375,1.),.PIECEWISE_BEZIER_KNOTS.);
#3762 = CARTESIAN_POINT('',(-3.1875521652,7.1340435426,0.));
#3763 = CARTESIAN_POINT('',(-3.2500000026,6.8200970636,0.));
#3764 = CARTESIAN_POINT('',(-3.2500000026,6.4999999968,0.));
#3765 = B_SPLINE_SURFACE_WITH_KNOTS('',1,1,(
    (#3766,#3767)
    ,(#3768,#3769
    )),.UNSPECIFIED.,.F.,.F.,.F.,(2,2),(2,2),(0.,1.),(0.,1.),
  .PIECEWISE_BEZIER_KNOTS.);
#3766 = CARTESIAN_POINT('',(3.9,0.6,0.));
#3767 = CARTESIAN_POINT('',(3.9,10.4,0.));
#3768 = CARTESIAN_POINT('',(-3.9,0.6,0.));
#3769 = CARTESIAN_POINT('',(-3.9,10.4,0.));
#3770 = SHELL_BASED_SURFACE_MODEL('',(#3771));
#3771 = OPEN_SHELL('',(#3772));
#3772 = ADVANCED_FACE('',(#3773),#3807,.T.);
#3773 = FACE_BOUND('',#3774,.T.);
#3774 = EDGE_LOOP('',(#3775,#3785,#3793,#3801));
#3775 = ORIENTED_EDGE('',*,*,#3776,.T.);
#3776 = EDGE_CURVE('',#3777,#3779,#3781,.T.);
#3777 = VERTEX_POINT('',#3778);
#3778 = CARTESIAN_POINT('',(-4.,6.5,-13.4));
#3779 = VERTEX_POINT('',#3780);
#3780 = CARTESIAN_POINT('',(-4.,6.5,-3.55));
#3781 = LINE('',#3782,#3783);
#3782 = CARTESIAN_POINT('',(-4.,6.5,-13.4));
#3783 = VECTOR('',#3784,1.);
#3784 = DIRECTION('',(0.,0.,1.));
#3785 = ORIENTED_EDGE('',*,*,#3786,.T.);
#3786 = EDGE_CURVE('',#3779,#3787,#3789,.T.);
#3787 = VERTEX_POINT('',#3788);
#3788 = CARTESIAN_POINT('',(-4.5,6.5,-3.55));
#3789 = LINE('',#3790,#3791);
#3790 = CARTESIAN_POINT('',(-4.,6.5,-3.55));
#3791 = VECTOR('',#3792,1.);
#3792 = DIRECTION('',(-1.,0.,0.));
#3793 = ORIENTED_EDGE('',*,*,#3794,.T.);
#3794 = EDGE_CURVE('',#3787,#3795,#3797,.T.);
#3795 = VERTEX_POINT('',#3796);
#3796 = CARTESIAN_POINT('',(-4.5,6.5,-13.4));
#3797 = LINE('',#3798,#3799);
#3798 = CARTESIAN_POINT('',(-4.5,6.5,-3.55));
#3799 = VECTOR('',#3800,1.);
#3800 = DIRECTION('',(0.,0.,-1.));
#3801 = ORIENTED_EDGE('',*,*,#3802,.T.);
#3802 = EDGE_CURVE('',#3795,#3777,#3803,.T.);
#3803 = LINE('',#3804,#3805);
#3804 = CARTESIAN_POINT('',(-4.5,6.5,-13.4));
#3805 = VECTOR('',#3806,1.);
#3806 = DIRECTION('',(1.,0.,0.));
#3807 = B_SPLINE_SURFACE_WITH_KNOTS('',1,1,(
    (#3808,#3809)
    ,(#3810,#3811
    )),.UNSPECIFIED.,.F.,.F.,.F.,(2,2),(2,2),(0.,1.),(0.,1.),
  .PIECEWISE_BEZIER_KNOTS.);
#3808 = CARTESIAN_POINT('',(-4.5,6.5,-13.4));
#3809 = CARTESIAN_POINT('',(-4.5,6.5,-3.55));
#3810 = CARTESIAN_POINT('',(-4.,6.5,-13.4));
#3811 = CARTESIAN_POINT('',(-4.,6.5,-3.55));
#3812 = SHELL_BASED_SURFACE_MODEL('',(#3813));
#3813 = OPEN_SHELL('',(#3814));
#3814 = ADVANCED_FACE('',(#3815),#4030,.T.);
#3815 = FACE_BOUND('',#3816,.T.);
#3816 = EDGE_LOOP('',(#3817,#3827,#3836,#3844,#3853,#3861,#3871,#3881,
    #3891,#3901,#3911,#3920,#3929,#3938,#3947,#3956,#3965,#3975,#3985,
    #3995,#4005,#4015,#4023));
#3817 = ORIENTED_EDGE('',*,*,#3818,.F.);
#3818 = EDGE_CURVE('',#3819,#3821,#3823,.T.);
#3819 = VERTEX_POINT('',#3820);
#3820 = CARTESIAN_POINT('',(-4.,6.5,-13.4));
#3821 = VERTEX_POINT('',#3822);
#3822 = CARTESIAN_POINT('',(-4.,6.5,-3.55));
#3823 = LINE('',#3824,#3825);
#3824 = CARTESIAN_POINT('',(-4.,6.5,-13.4));
#3825 = VECTOR('',#3826,1.);
#3826 = DIRECTION('',(0.,0.,1.));
#3827 = ORIENTED_EDGE('',*,*,#3828,.F.);
#3828 = EDGE_CURVE('',#3829,#3819,#3831,.T.);
#3829 = VERTEX_POINT('',#3830);
#3830 = CARTESIAN_POINT('',(4.,6.5,-13.4));
#3831 = CIRCLE('',#3832,4.);
#3832 = AXIS2_PLACEMENT_3D('',#3833,#3834,#3835);
#3833 = CARTESIAN_POINT('',(0.,6.5,-13.4));
#3834 = DIRECTION('',(0.,0.,1.));
#3835 = DIRECTION('',(1.,0.,-0.));
#3836 = ORIENTED_EDGE('',*,*,#3837,.F.);
#3837 = EDGE_CURVE('',#3838,#3829,#3840,.T.);
#3838 = VERTEX_POINT('',#3839);
#3839 = CARTESIAN_POINT('',(4.,6.500000000024,-3.55));
#3840 = LINE('',#3841,#3842);
#3841 = CARTESIAN_POINT('',(4.,6.5,-3.55));
#3842 = VECTOR('',#3843,1.);
#3843 = DIRECTION('',(0.,0.,-1.));
#3844 = ORIENTED_EDGE('',*,*,#3845,.F.);
#3845 = EDGE_CURVE('',#3846,#3838,#3848,.T.);
#3846 = VERTEX_POINT('',#3847);
#3847 = CARTESIAN_POINT('',(3.,9.145751311032,-3.55));
#3848 = CIRCLE('',#3849,4.);
#3849 = AXIS2_PLACEMENT_3D('',#3850,#3851,#3852);
#3850 = CARTESIAN_POINT('',(2.6645352591E-15,6.5,-3.55));
#3851 = DIRECTION('',(1.183291357832E-30,-6.982962677686E-15,-1.));
#3852 = DIRECTION('',(0.75,0.661437827766,-4.618795664901E-15));
#3853 = ORIENTED_EDGE('',*,*,#3854,.F.);
#3854 = EDGE_CURVE('',#3855,#3846,#3857,.T.);
#3855 = VERTEX_POINT('',#3856);
#3856 = CARTESIAN_POINT('',(3.000000000296,9.145751310697,-8.00000000125
    ));
#3857 = LINE('',#3858,#3859);
#3858 = CARTESIAN_POINT('',(3.,9.145751311,-8.));
#3859 = VECTOR('',#3860,1.);
#3860 = DIRECTION('',(0.,0.,1.));
#3861 = ORIENTED_EDGE('',*,*,#3862,.F.);
#3862 = EDGE_CURVE('',#3863,#3855,#3865,.T.);
#3863 = VERTEX_POINT('',#3864);
#3864 = CARTESIAN_POINT('',(2.938123959646,9.214300572477,-8.606158069)
  );
#3865 = B_SPLINE_CURVE_WITH_KNOTS('',4,(#3866,#3867,#3868,#3869,#3870),
  .UNSPECIFIED.,.F.,.F.,(5,5),(0.9375,1.),.PIECEWISE_BEZIER_KNOTS.);
#3866 = CARTESIAN_POINT('',(2.938123959646,9.214300572477,-8.606158069)
  );
#3867 = CARTESIAN_POINT('',(2.969456252161,9.180384594166,
    -8.454286528575));
#3868 = CARTESIAN_POINT('',(2.989820837242,9.157293435317,-8.30263633735
    ));
#3869 = CARTESIAN_POINT('',(3.000000000592,9.145751310394,
    -8.151207495325));
#3870 = CARTESIAN_POINT('',(3.000000000592,9.145751310394,-8.0000000025)
  );
#3871 = ORIENTED_EDGE('',*,*,#3872,.F.);
#3872 = EDGE_CURVE('',#3873,#3863,#3875,.T.);
#3873 = VERTEX_POINT('',#3874);
#3874 = CARTESIAN_POINT('',(2.762358069405,9.392987711069,-9.1702042138)
  );
#3875 = B_SPLINE_CURVE_WITH_KNOTS('',4,(#3876,#3877,#3878,#3879,#3880),
  .UNSPECIFIED.,.F.,.F.,(5,5),(0.875,0.9375),.PIECEWISE_BEZIER_KNOTS.);
#3876 = CARTESIAN_POINT('',(2.762358069405,9.392987711069,-9.1702042138)
  );
#3877 = CARTESIAN_POINT('',(2.821908715637,9.336126008018,
    -9.029630278625));
#3878 = CARTESIAN_POINT('',(2.870413050548,9.28668698277,-8.888764609433
    ));
#3879 = CARTESIAN_POINT('',(2.908941889903,9.245889018936,
    -8.747607206225));
#3880 = CARTESIAN_POINT('',(2.938123959646,9.214300572477,-8.606158069)
  );
#3881 = ORIENTED_EDGE('',*,*,#3882,.F.);
#3882 = EDGE_CURVE('',#3883,#3873,#3885,.T.);
#3883 = VERTEX_POINT('',#3884);
#3884 = CARTESIAN_POINT('',(2.490792602675,9.629848592258,-9.67211010685
    ));
#3885 = B_SPLINE_CURVE_WITH_KNOTS('',4,(#3886,#3887,#3888,#3889,#3890),
  .UNSPECIFIED.,.F.,.F.,(5,5),(0.8125,0.875),.PIECEWISE_BEZIER_KNOTS.);
#3886 = CARTESIAN_POINT('',(2.490792602675,9.629848592258,-9.67211010685
    ));
#3887 = CARTESIAN_POINT('',(2.572775934947,9.564604708554,-9.5499868814)
  );
#3888 = CARTESIAN_POINT('',(2.644831189628,9.502584416713,
    -9.425628157408));
#3889 = CARTESIAN_POINT('',(2.707782565017,9.445098919271,
    -9.299033934875));
#3890 = CARTESIAN_POINT('',(2.762358069405,9.392987711069,-9.1702042138)
  );
#3891 = ORIENTED_EDGE('',*,*,#3892,.F.);
#3892 = EDGE_CURVE('',#3893,#3883,#3895,.T.);
#3893 = VERTEX_POINT('',#3894);
#3894 = CARTESIAN_POINT('',(2.135502264753,9.882252219636,
    -10.10704296385));
#3895 = B_SPLINE_CURVE_WITH_KNOTS('',4,(#3896,#3897,#3898,#3899,#3900),
  .UNSPECIFIED.,.F.,.F.,(5,5),(0.75,0.8125),.PIECEWISE_BEZIER_KNOTS.);
#3896 = CARTESIAN_POINT('',(2.135502264753,9.882252219636,
    -10.10704296385));
#3897 = CARTESIAN_POINT('',(2.235922004531,9.818848733498,-10.0052668834
    ));
#3898 = CARTESIAN_POINT('',(2.328332746389,9.754941183896,-9.89885271375
    ));
#3899 = CARTESIAN_POINT('',(2.413127766634,9.691655735127,-9.7878004549)
  );
#3900 = CARTESIAN_POINT('',(2.490792602675,9.629848592258,-9.67211010685
    ));
#3901 = ORIENTED_EDGE('',*,*,#3902,.F.);
#3902 = EDGE_CURVE('',#3903,#3893,#3905,.T.);
#3903 = VERTEX_POINT('',#3904);
#3904 = CARTESIAN_POINT('',(1.699691564027,10.120918196698,
    -10.4720535175));
#3905 = B_SPLINE_CURVE_WITH_KNOTS('',4,(#3906,#3907,#3908,#3909,#3910),
  .UNSPECIFIED.,.F.,.F.,(5,5),(0.6875,0.75),.PIECEWISE_BEZIER_KNOTS.);
#3906 = CARTESIAN_POINT('',(1.699691564027,10.120918196698,
    -10.4720535175));
#3907 = CARTESIAN_POINT('',(1.817550608282,10.065594101431,
    -10.39101804522));
#3908 = CARTESIAN_POINT('',(1.929448826951,10.006825332981,
    -10.30317112885));
#3909 = CARTESIAN_POINT('',(2.035384725829,9.945464900782,-10.2085127684
    ));
#3910 = CARTESIAN_POINT('',(2.135502264753,9.882252219636,
    -10.10704296385));
#3911 = ORIENTED_EDGE('',*,*,#3912,.F.);
#3912 = EDGE_CURVE('',#3913,#3903,#3915,.T.);
#3913 = VERTEX_POINT('',#3914);
#3914 = CARTESIAN_POINT('',(1.193557720462,10.317776835794,
    -10.75234808235));
#3915 = B_SPLINE_CURVE_WITH_KNOTS('',3,(#3916,#3917,#3918,#3919),
  .UNSPECIFIED.,.F.,.F.,(4,4),(0.625,0.6875),.PIECEWISE_BEZIER_KNOTS.);
#3916 = CARTESIAN_POINT('',(1.193557720462,10.317776835794,
    -10.75234808235));
#3917 = CARTESIAN_POINT('',(1.37047387063,10.262467254855,
    -10.67562826445));
#3918 = CARTESIAN_POINT('',(1.539497819629,10.196114580922,
    -10.58219674283));
#3919 = CARTESIAN_POINT('',(1.699691564027,10.120918196698,
    -10.4720535175));
#3920 = ORIENTED_EDGE('',*,*,#3921,.F.);
#3921 = EDGE_CURVE('',#3922,#3913,#3924,.T.);
#3922 = VERTEX_POINT('',#3923);
#3923 = CARTESIAN_POINT('',(0.619265031737,10.451773123608,
    -10.9353893814));
#3924 = B_SPLINE_CURVE_WITH_KNOTS('',3,(#3925,#3926,#3927,#3928),
  .UNSPECIFIED.,.F.,.F.,(4,4),(0.5625,0.625),.PIECEWISE_BEZIER_KNOTS.);
#3925 = CARTESIAN_POINT('',(0.619265031737,10.451773123608,
    -10.9353893814));
#3926 = CARTESIAN_POINT('',(0.81563456064,10.421000916109,
    -10.89396224483));
#3927 = CARTESIAN_POINT('',(1.007692943184,10.375884040438,
    -10.83294847848));
#3928 = CARTESIAN_POINT('',(1.193557720462,10.317776835794,
    -10.75234808235));
#3929 = ORIENTED_EDGE('',*,*,#3930,.F.);
#3930 = EDGE_CURVE('',#3931,#3922,#3933,.T.);
#3931 = VERTEX_POINT('',#3932);
#3932 = CARTESIAN_POINT('',(6.926781358449E-03,10.499994002458,
    -10.9999920051));
#3933 = B_SPLINE_CURVE_WITH_KNOTS('',3,(#3934,#3935,#3936,#3937),
  .UNSPECIFIED.,.F.,.F.,(4,4),(0.5,0.5625),.PIECEWISE_BEZIER_KNOTS.);
#3934 = CARTESIAN_POINT('',(6.926781358449E-03,10.499994002458,
    -10.9999920051));
#3935 = CARTESIAN_POINT('',(0.212455294525,10.499638089156,
    -10.9995174518));
#3936 = CARTESIAN_POINT('',(0.417365091191,10.483411977656,
    -10.9779832439));
#3937 = CARTESIAN_POINT('',(0.619265031737,10.451773123608,
    -10.9353893814));
#3938 = ORIENTED_EDGE('',*,*,#3939,.F.);
#3939 = EDGE_CURVE('',#3940,#3931,#3942,.T.);
#3940 = VERTEX_POINT('',#3941);
#3941 = CARTESIAN_POINT('',(-0.603795589211,10.454166269449,
    -10.9386103708));
#3942 = B_SPLINE_CURVE_WITH_KNOTS('',3,(#3943,#3944,#3945,#3946),
  .UNSPECIFIED.,.F.,.F.,(4,4),(0.4375,0.5),.PIECEWISE_BEZIER_KNOTS.);
#3943 = CARTESIAN_POINT('',(-0.603795589211,10.454166269449,
    -10.9386103708));
#3944 = CARTESIAN_POINT('',(-0.40233440553,10.484929106876,
    -10.98000454926));
#3945 = CARTESIAN_POINT('',(-0.197969327423,10.500348820627,
    -11.00046509403));
#3946 = CARTESIAN_POINT('',(6.926781358449E-03,10.499994002458,
    -10.9999920051));
#3947 = ORIENTED_EDGE('',*,*,#3948,.F.);
#3948 = EDGE_CURVE('',#3949,#3940,#3951,.T.);
#3949 = VERTEX_POINT('',#3950);
#3950 = CARTESIAN_POINT('',(-1.179436527104,10.322162931971,
    -10.75842880255));
#3951 = B_SPLINE_CURVE_WITH_KNOTS('',3,(#3952,#3953,#3954,#3955),
  .UNSPECIFIED.,.F.,.F.,(4,4),(0.375,0.4375),.PIECEWISE_BEZIER_KNOTS.);
#3952 = CARTESIAN_POINT('',(-1.179436527104,10.322162931971,
    -10.75842880255));
#3953 = CARTESIAN_POINT('',(-0.993038648476,10.379681271859,
    -10.83812796965));
#3954 = CARTESIAN_POINT('',(-0.800524663951,10.424126018356,
    -10.8981884924));
#3955 = CARTESIAN_POINT('',(-0.603795589211,10.454166269449,
    -10.9386103708));
#3956 = ORIENTED_EDGE('',*,*,#3957,.F.);
#3957 = EDGE_CURVE('',#3958,#3949,#3960,.T.);
#3958 = VERTEX_POINT('',#3959);
#3959 = CARTESIAN_POINT('',(-1.693324883542,10.123899948781,
    -10.4764189587));
#3960 = B_SPLINE_CURVE_WITH_KNOTS('',3,(#3961,#3962,#3963,#3964),
  .UNSPECIFIED.,.F.,.F.,(4,4),(0.3125,0.375),.PIECEWISE_BEZIER_KNOTS.);
#3961 = CARTESIAN_POINT('',(-1.693324883542,10.123899948781,
    -10.4764189587));
#3962 = CARTESIAN_POINT('',(-1.530703059465,10.199887582328,
    -10.58761644923));
#3963 = CARTESIAN_POINT('',(-1.359075157753,10.266730349311,
    -10.68161973051));
#3964 = CARTESIAN_POINT('',(-1.179436527104,10.322162931971,
    -10.75842880255));
#3965 = ORIENTED_EDGE('',*,*,#3966,.F.);
#3966 = EDGE_CURVE('',#3967,#3958,#3969,.T.);
#3967 = VERTEX_POINT('',#3968);
#3968 = CARTESIAN_POINT('',(-2.131447646284,9.884808847062,
    -10.1111444546));
#3969 = B_SPLINE_CURVE_WITH_KNOTS('',4,(#3970,#3971,#3972,#3973,#3974),
  .UNSPECIFIED.,.F.,.F.,(5,5),(0.25,0.3125),.PIECEWISE_BEZIER_KNOTS.);
#3970 = CARTESIAN_POINT('',(-2.131447646284,9.884808847062,
    -10.1111444546));
#3971 = CARTESIAN_POINT('',(-2.030780293455,9.948200075914,
    -10.21277994107));
#3972 = CARTESIAN_POINT('',(-1.924273788574,10.009694197535,
    -10.30753752058));
#3973 = CARTESIAN_POINT('',(-1.811786673992,10.068546793244,
    -10.39541719312));
#3974 = CARTESIAN_POINT('',(-1.693324883542,10.123899948781,
    -10.4764189587));
#3975 = ORIENTED_EDGE('',*,*,#3976,.F.);
#3976 = EDGE_CURVE('',#3977,#3967,#3979,.T.);
#3977 = VERTEX_POINT('',#3978);
#3978 = CARTESIAN_POINT('',(-2.487776494368,9.632246496377,
    -9.67659420115));
#3979 = B_SPLINE_CURVE_WITH_KNOTS('',4,(#3980,#3981,#3982,#3983,#3984),
  .UNSPECIFIED.,.F.,.F.,(5,5),(0.1875,0.25),.PIECEWISE_BEZIER_KNOTS.);
#3980 = CARTESIAN_POINT('',(-2.487776494368,9.632246496377,
    -9.67659420115));
#3981 = CARTESIAN_POINT('',(-2.409843727064,9.694144340901,
    -9.792232979525));
#3982 = CARTESIAN_POINT('',(-2.32478462866,9.75748691366,-9.903204281225
    ));
#3983 = CARTESIAN_POINT('',(-2.23211585547,9.821417078953,
    -10.00950810625));
#3984 = CARTESIAN_POINT('',(-2.131447646284,9.884808847062,
    -10.1111444546));
#3985 = ORIENTED_EDGE('',*,*,#3986,.F.);
#3986 = EDGE_CURVE('',#3987,#3977,#3989,.T.);
#3987 = VERTEX_POINT('',#3988);
#3988 = CARTESIAN_POINT('',(-2.760502849667,9.394758023908,-9.1745739693
    ));
#3989 = B_SPLINE_CURVE_WITH_KNOTS('',4,(#3990,#3991,#3992,#3993,#3994),
  .UNSPECIFIED.,.F.,.F.,(5,5),(0.125,0.1875),.PIECEWISE_BEZIER_KNOTS.);
#3990 = CARTESIAN_POINT('',(-2.760502849667,9.394758023908,-9.1745739693
    ));
#3991 = CARTESIAN_POINT('',(-2.705657180713,9.447060020893,
    -9.303473152575));
#3992 = CARTESIAN_POINT('',(-2.642423219485,9.504716715047,
    -9.430109585642));
#3993 = CARTESIAN_POINT('',(-2.570071057436,9.566884309892,-9.5544832685
    ));
#3994 = CARTESIAN_POINT('',(-2.487776494368,9.632246496377,
    -9.67659420115));
#3995 = ORIENTED_EDGE('',*,*,#3996,.F.);
#3996 = EDGE_CURVE('',#3997,#3987,#3999,.T.);
#3997 = VERTEX_POINT('',#3998);
#3998 = CARTESIAN_POINT('',(-2.937103687063,9.215404561284,
    -8.61108258635));
#3999 = B_SPLINE_CURVE_WITH_KNOTS('',4,(#4000,#4001,#4002,#4003,#4004),
  .UNSPECIFIED.,.F.,.F.,(5,5),(6.25E-02,0.125),
  .PIECEWISE_BEZIER_KNOTS.);
#4000 = CARTESIAN_POINT('',(-2.937103687063,9.215404561284,
    -8.61108258635));
#4001 = CARTESIAN_POINT('',(-2.907699744123,9.247209188282,
    -8.75240951955));
#4002 = CARTESIAN_POINT('',(-2.868958985986,9.288192202043,
    -8.893433727775));
#4003 = CARTESIAN_POINT('',(-2.820250014091,9.337781856543,
    -9.034155211025));
#4004 = CARTESIAN_POINT('',(-2.760502849667,9.394758023908,-9.1745739693
    ));
#4005 = ORIENTED_EDGE('',*,*,#4006,.F.);
#4006 = EDGE_CURVE('',#4007,#3997,#4009,.T.);
#4007 = VERTEX_POINT('',#4008);
#4008 = CARTESIAN_POINT('',(-2.999999999753,9.145751311312,
    -8.00000000125));
#4009 = B_SPLINE_CURVE_WITH_KNOTS('',4,(#4010,#4011,#4012,#4013,#4014),
  .UNSPECIFIED.,.F.,.F.,(5,5),(0.,6.25E-02),.PIECEWISE_BEZIER_KNOTS.);
#4010 = CARTESIAN_POINT('',(-2.999999999506,9.145751311624,-8.0000000025
    ));
#4011 = CARTESIAN_POINT('',(-2.999999999506,9.145751311624,
    -8.15243228865));
#4012 = CARTESIAN_POINT('',(-2.989655177472,9.157481278405,
    -8.305090148008));
#4013 = CARTESIAN_POINT('',(-2.968958962828,9.180948462464,
    -8.457973580575));
#4014 = CARTESIAN_POINT('',(-2.937103687063,9.215404561284,
    -8.61108258635));
#4015 = ORIENTED_EDGE('',*,*,#4016,.F.);
#4016 = EDGE_CURVE('',#4017,#4007,#4019,.T.);
#4017 = VERTEX_POINT('',#4018);
#4018 = CARTESIAN_POINT('',(-3.000000000016,9.145751311014,-3.55));
#4019 = LINE('',#4020,#4021);
#4020 = CARTESIAN_POINT('',(-3.,9.145751311,-3.55));
#4021 = VECTOR('',#4022,1.);
#4022 = DIRECTION('',(0.,0.,-1.));
#4023 = ORIENTED_EDGE('',*,*,#4024,.F.);
#4024 = EDGE_CURVE('',#3821,#4017,#4025,.T.);
#4025 = CIRCLE('',#4026,4.);
#4026 = AXIS2_PLACEMENT_3D('',#4027,#4028,#4029);
#4027 = CARTESIAN_POINT('',(-1.082467449009E-15,6.5,-3.55));
#4028 = DIRECTION('',(4.618795664901E-15,5.237222008265E-15,-1.));
#4029 = DIRECTION('',(-1.,1.665334536938E-16,-4.618795664901E-15));
#4030 = SURFACE_OF_REVOLUTION('',#4031,#4035);
#4031 = LINE('',#4032,#4033);
#4032 = CARTESIAN_POINT('',(-4.,6.5,-3.55));
#4033 = VECTOR('',#4034,1.);
#4034 = DIRECTION('',(0.,0.,-1.));
#4035 = AXIS1_PLACEMENT('',#4036,#4037);
#4036 = CARTESIAN_POINT('',(0.,6.5,-3.55));
#4037 = DIRECTION('',(0.,0.,1.));
#4038 = SHELL_BASED_SURFACE_MODEL('',(#4039));
#4039 = OPEN_SHELL('',(#4040));
#4040 = ADVANCED_FACE('',(#4041),#4075,.T.);
#4041 = FACE_BOUND('',#4042,.T.);
#4042 = EDGE_LOOP('',(#4043,#4053,#4061,#4069));
#4043 = ORIENTED_EDGE('',*,*,#4044,.T.);
#4044 = EDGE_CURVE('',#4045,#4047,#4049,.T.);
#4045 = VERTEX_POINT('',#4046);
#4046 = CARTESIAN_POINT('',(4.5,6.5,-13.4));
#4047 = VERTEX_POINT('',#4048);
#4048 = CARTESIAN_POINT('',(4.5,6.5,-3.55));
#4049 = LINE('',#4050,#4051);
#4050 = CARTESIAN_POINT('',(4.5,6.5,-13.4));
#4051 = VECTOR('',#4052,1.);
#4052 = DIRECTION('',(0.,0.,1.));
#4053 = ORIENTED_EDGE('',*,*,#4054,.T.);
#4054 = EDGE_CURVE('',#4047,#4055,#4057,.T.);
#4055 = VERTEX_POINT('',#4056);
#4056 = CARTESIAN_POINT('',(4.,6.5,-3.55));
#4057 = LINE('',#4058,#4059);
#4058 = CARTESIAN_POINT('',(4.5,6.5,-3.55));
#4059 = VECTOR('',#4060,1.);
#4060 = DIRECTION('',(-1.,0.,0.));
#4061 = ORIENTED_EDGE('',*,*,#4062,.T.);
#4062 = EDGE_CURVE('',#4055,#4063,#4065,.T.);
#4063 = VERTEX_POINT('',#4064);
#4064 = CARTESIAN_POINT('',(4.,6.5,-13.4));
#4065 = LINE('',#4066,#4067);
#4066 = CARTESIAN_POINT('',(4.,6.5,-3.55));
#4067 = VECTOR('',#4068,1.);
#4068 = DIRECTION('',(0.,0.,-1.));
#4069 = ORIENTED_EDGE('',*,*,#4070,.T.);
#4070 = EDGE_CURVE('',#4063,#4045,#4071,.T.);
#4071 = LINE('',#4072,#4073);
#4072 = CARTESIAN_POINT('',(4.,6.5,-13.4));
#4073 = VECTOR('',#4074,1.);
#4074 = DIRECTION('',(1.,0.,0.));
#4075 = B_SPLINE_SURFACE_WITH_KNOTS('',1,1,(
    (#4076,#4077)
    ,(#4078,#4079
    )),.UNSPECIFIED.,.F.,.F.,.F.,(2,2),(2,2),(0.,1.),(0.,1.),
  .PIECEWISE_BEZIER_KNOTS.);
#4076 = CARTESIAN_POINT('',(4.,6.5,-13.4));
#4077 = CARTESIAN_POINT('',(4.,6.5,-3.55));
#4078 = CARTESIAN_POINT('',(4.5,6.5,-13.4));
#4079 = CARTESIAN_POINT('',(4.5,6.5,-3.55));
#4080 = SHELL_BASED_SURFACE_MODEL('',(#4081));
#4081 = OPEN_SHELL('',(#4082));
#4082 = ADVANCED_FACE('',(#4083),#4181,.T.);
#4083 = FACE_BOUND('',#4084,.T.);
#4084 = EDGE_LOOP('',(#4085,#4095,#4103,#4111,#4119,#4127,#4135,#4143,
    #4151,#4159,#4167,#4175));
#4085 = ORIENTED_EDGE('',*,*,#4086,.T.);
#4086 = EDGE_CURVE('',#4087,#4089,#4091,.T.);
#4087 = VERTEX_POINT('',#4088);
#4088 = CARTESIAN_POINT('',(3.,9.1457513115,-3.55));
#4089 = VERTEX_POINT('',#4090);
#4090 = CARTESIAN_POINT('',(3.,11.,-3.55));
#4091 = LINE('',#4092,#4093);
#4092 = CARTESIAN_POINT('',(3.,9.145751311,-3.55));
#4093 = VECTOR('',#4094,1.);
#4094 = DIRECTION('',(0.,1.,0.));
#4095 = ORIENTED_EDGE('',*,*,#4096,.T.);
#4096 = EDGE_CURVE('',#4089,#4097,#4099,.T.);
#4097 = VERTEX_POINT('',#4098);
#4098 = CARTESIAN_POINT('',(3.9,11.,-3.55));
#4099 = LINE('',#4100,#4101);
#4100 = CARTESIAN_POINT('',(3.,11.,-3.55));
#4101 = VECTOR('',#4102,1.);
#4102 = DIRECTION('',(1.,0.,0.));
#4103 = ORIENTED_EDGE('',*,*,#4104,.T.);
#4104 = EDGE_CURVE('',#4097,#4105,#4107,.T.);
#4105 = VERTEX_POINT('',#4106);
#4106 = CARTESIAN_POINT('',(4.1296100595,10.954327718,-3.55));
#4107 = B_SPLINE_CURVE_WITH_KNOTS('',2,(#4108,#4109,#4110),
  .UNSPECIFIED.,.F.,.F.,(3,3),(0.,0.25),.PIECEWISE_BEZIER_KNOTS.);
#4108 = CARTESIAN_POINT('',(3.9,11.,-3.55));
#4109 = CARTESIAN_POINT('',(4.0193474205,11.,-3.55));
#4110 = CARTESIAN_POINT('',(4.1296100595,10.954327718,-3.55));
#4111 = ORIENTED_EDGE('',*,*,#4112,.T.);
#4112 = EDGE_CURVE('',#4105,#4113,#4115,.T.);
#4113 = VERTEX_POINT('',#4114);
#4114 = CARTESIAN_POINT('',(4.324264068,10.8242640695,-3.55));
#4115 = B_SPLINE_CURVE_WITH_KNOTS('',2,(#4116,#4117,#4118),
  .UNSPECIFIED.,.F.,.F.,(3,3),(0.25,0.5),.PIECEWISE_BEZIER_KNOTS.);
#4116 = CARTESIAN_POINT('',(4.1296100595,10.954327718,-3.55));
#4117 = CARTESIAN_POINT('',(4.2398726985,10.9086554405,-3.55));
#4118 = CARTESIAN_POINT('',(4.324264068,10.8242640695,-3.55));
#4119 = ORIENTED_EDGE('',*,*,#4120,.T.);
#4120 = EDGE_CURVE('',#4113,#4121,#4123,.T.);
#4121 = VERTEX_POINT('',#4122);
#4122 = CARTESIAN_POINT('',(4.4543277195,10.629610058,-3.55));
#4123 = B_SPLINE_CURVE_WITH_KNOTS('',2,(#4124,#4125,#4126),
  .UNSPECIFIED.,.F.,.F.,(3,3),(0.5,0.75),.PIECEWISE_BEZIER_KNOTS.);
#4124 = CARTESIAN_POINT('',(4.324264068,10.8242640695,-3.55));
#4125 = CARTESIAN_POINT('',(4.408655439,10.7398726985,-3.55));
#4126 = CARTESIAN_POINT('',(4.4543277195,10.629610058,-3.55));
#4127 = ORIENTED_EDGE('',*,*,#4128,.T.);
#4128 = EDGE_CURVE('',#4121,#4129,#4131,.T.);
#4129 = VERTEX_POINT('',#4130);
#4130 = CARTESIAN_POINT('',(4.5,10.40000000075,-3.55));
#4131 = B_SPLINE_CURVE_WITH_KNOTS('',2,(#4132,#4133,#4134),
  .UNSPECIFIED.,.F.,.F.,(3,3),(0.75,1.),.PIECEWISE_BEZIER_KNOTS.);
#4132 = CARTESIAN_POINT('',(4.4543277195,10.629610058,-3.55));
#4133 = CARTESIAN_POINT('',(4.5,10.519347422,-3.55));
#4134 = CARTESIAN_POINT('',(4.5,10.4000000015,-3.55));
#4135 = ORIENTED_EDGE('',*,*,#4136,.T.);
#4136 = EDGE_CURVE('',#4129,#4137,#4139,.T.);
#4137 = VERTEX_POINT('',#4138);
#4138 = CARTESIAN_POINT('',(4.5,6.5,-3.55));
#4139 = LINE('',#4140,#4141);
#4140 = CARTESIAN_POINT('',(4.5,10.4,-3.55));
#4141 = VECTOR('',#4142,1.);
#4142 = DIRECTION('',(0.,-1.,0.));
#4143 = ORIENTED_EDGE('',*,*,#4144,.T.);
#4144 = EDGE_CURVE('',#4137,#4145,#4147,.T.);
#4145 = VERTEX_POINT('',#4146);
#4146 = CARTESIAN_POINT('',(4.00000000025,6.5,-3.55));
#4147 = LINE('',#4148,#4149);
#4148 = CARTESIAN_POINT('',(4.5,6.5,-3.55));
#4149 = VECTOR('',#4150,1.);
#4150 = DIRECTION('',(-1.,0.,0.));
#4151 = ORIENTED_EDGE('',*,*,#4152,.T.);
#4152 = EDGE_CURVE('',#4145,#4153,#4155,.T.);
#4153 = VERTEX_POINT('',#4154);
#4154 = CARTESIAN_POINT('',(3.9348843405,7.2188081975,-3.55));
#4155 = B_SPLINE_CURVE_WITH_KNOTS('',2,(#4156,#4157,#4158),
  .UNSPECIFIED.,.F.,.F.,(3,3),(0.,0.25),.PIECEWISE_BEZIER_KNOTS.);
#4156 = CARTESIAN_POINT('',(4.0000000005,6.5,-3.55));
#4157 = CARTESIAN_POINT('',(4.0000000005,6.8623534595,-3.55));
#4158 = CARTESIAN_POINT('',(3.9348843405,7.2188081975,-3.55));
#4159 = ORIENTED_EDGE('',*,*,#4160,.T.);
#4160 = EDGE_CURVE('',#4153,#4161,#4163,.T.);
#4161 = VERTEX_POINT('',#4162);
#4162 = CARTESIAN_POINT('',(3.741657387,7.9142135645,-3.55));
#4163 = B_SPLINE_CURVE_WITH_KNOTS('',2,(#4164,#4165,#4166),
  .UNSPECIFIED.,.F.,.F.,(3,3),(0.25,0.5),.PIECEWISE_BEZIER_KNOTS.);
#4164 = CARTESIAN_POINT('',(3.9348843405,7.2188081975,-3.55));
#4165 = CARTESIAN_POINT('',(3.8697686805,7.5752629355,-3.55));
#4166 = CARTESIAN_POINT('',(3.741657387,7.9142135645,-3.55));
#4167 = ORIENTED_EDGE('',*,*,#4168,.T.);
#4168 = EDGE_CURVE('',#4161,#4169,#4171,.T.);
#4169 = VERTEX_POINT('',#4170);
#4170 = CARTESIAN_POINT('',(3.4266101895,8.5635752015,-3.55));
#4171 = B_SPLINE_CURVE_WITH_KNOTS('',2,(#4172,#4173,#4174),
  .UNSPECIFIED.,.F.,.F.,(3,3),(0.5,0.75),.PIECEWISE_BEZIER_KNOTS.);
#4172 = CARTESIAN_POINT('',(3.741657387,7.9142135645,-3.55));
#4173 = CARTESIAN_POINT('',(3.613546092,8.253164189,-3.55));
#4174 = CARTESIAN_POINT('',(3.4266101895,8.5635752015,-3.55));
#4175 = ORIENTED_EDGE('',*,*,#4176,.T.);
#4176 = EDGE_CURVE('',#4169,#4087,#4177,.T.);
#4177 = B_SPLINE_CURVE_WITH_KNOTS('',2,(#4178,#4179,#4180),
  .UNSPECIFIED.,.F.,.F.,(3,3),(0.75,1.),.PIECEWISE_BEZIER_KNOTS.);
#4178 = CARTESIAN_POINT('',(3.4266101895,8.5635752015,-3.55));
#4179 = CARTESIAN_POINT('',(3.2396742855,8.873986214,-3.55));
#4180 = CARTESIAN_POINT('',(3.,9.145751312,-3.55));
#4181 = B_SPLINE_SURFACE_WITH_KNOTS('',1,1,(
    (#4182,#4183)
    ,(#4184,#4185
    )),.UNSPECIFIED.,.F.,.F.,.F.,(2,2),(2,2),(0.,1.),(0.,1.),
  .PIECEWISE_BEZIER_KNOTS.);
#4182 = CARTESIAN_POINT('',(4.5,6.5,-3.55));
#4183 = CARTESIAN_POINT('',(4.5,11.,-3.55));
#4184 = CARTESIAN_POINT('',(3.,6.5,-3.55));
#4185 = CARTESIAN_POINT('',(3.,11.,-3.55));
#4186 = SHELL_BASED_SURFACE_MODEL('',(#4187));
#4187 = OPEN_SHELL('',(#4188));
#4188 = ADVANCED_FACE('',(#4189),#4414,.T.);
#4189 = FACE_BOUND('',#4190,.T.);
#4190 = EDGE_LOOP('',(#4191,#4202,#4210,#4220,#4230,#4239,#4249,#4259,
    #4269,#4279,#4289,#4299,#4309,#4319,#4329,#4339,#4349,#4359,#4369,
    #4379,#4388,#4398,#4408));
#4191 = ORIENTED_EDGE('',*,*,#4192,.F.);
#4192 = EDGE_CURVE('',#4193,#4195,#4197,.T.);
#4193 = VERTEX_POINT('',#4194);
#4194 = CARTESIAN_POINT('',(-3.,11.,-8.));
#4195 = VERTEX_POINT('',#4196);
#4196 = CARTESIAN_POINT('',(3.,11.,-8.));
#4197 = CIRCLE('',#4198,3.);
#4198 = AXIS2_PLACEMENT_3D('',#4199,#4200,#4201);
#4199 = CARTESIAN_POINT('',(-1.775381057445E-15,11.,-8.));
#4200 = DIRECTION('',(0.,-1.,6.123233995737E-17));
#4201 = DIRECTION('',(-1.,-4.275831445897E-31,-6.982962677686E-15));
#4202 = ORIENTED_EDGE('',*,*,#4203,.F.);
#4203 = EDGE_CURVE('',#4204,#4193,#4206,.T.);
#4204 = VERTEX_POINT('',#4205);
#4205 = CARTESIAN_POINT('',(-3.,9.145751311335,-8.000000000577));
#4206 = LINE('',#4207,#4208);
#4207 = CARTESIAN_POINT('',(-3.,9.145751311,-8.));
#4208 = VECTOR('',#4209,1.);
#4209 = DIRECTION('',(0.,1.,0.));
#4210 = ORIENTED_EDGE('',*,*,#4211,.F.);
#4211 = EDGE_CURVE('',#4212,#4204,#4214,.T.);
#4212 = VERTEX_POINT('',#4213);
#4213 = CARTESIAN_POINT('',(-2.937103687639,9.2154045608,-8.611082586939
    ));
#4214 = B_SPLINE_CURVE_WITH_KNOTS('',4,(#4215,#4216,#4217,#4218,#4219),
  .UNSPECIFIED.,.F.,.F.,(5,5),(0.9375,1.),.PIECEWISE_BEZIER_KNOTS.);
#4215 = CARTESIAN_POINT('',(-2.937103687639,9.2154045608,-8.611082586939
    ));
#4216 = CARTESIAN_POINT('',(-2.969301521288,9.180577936235,
    -8.456327112036));
#4217 = CARTESIAN_POINT('',(-2.990051912084,9.157360186526,
    -8.302065198194));
#4218 = CARTESIAN_POINT('',(-2.999999999942,9.145751311671,
    -8.149625161654));
#4219 = CARTESIAN_POINT('',(-3.,9.145751311671,-8.000000001154));
#4220 = ORIENTED_EDGE('',*,*,#4221,.F.);
#4221 = EDGE_CURVE('',#4222,#4212,#4224,.T.);
#4222 = VERTEX_POINT('',#4223);
#4223 = CARTESIAN_POINT('',(-2.760502849613,9.394758023739,
    -9.174573972673));
#4224 = B_SPLINE_CURVE_WITH_KNOTS('',4,(#4225,#4226,#4227,#4228,#4229),
  .UNSPECIFIED.,.F.,.F.,(5,5),(0.875,0.9375),.PIECEWISE_BEZIER_KNOTS.);
#4225 = CARTESIAN_POINT('',(-2.760502849613,9.394758023739,
    -9.174573972673));
#4226 = CARTESIAN_POINT('',(-2.823228255834,9.334941741411,
    -9.027155703033));
#4227 = CARTESIAN_POINT('',(-2.872229081188,9.285110736813,
    -8.882844790903));
#4228 = CARTESIAN_POINT('',(-2.909497171369,9.245265009942,
    -8.74377038147));
#4229 = CARTESIAN_POINT('',(-2.937103687639,9.2154045608,-8.611082586939
    ));
#4230 = ORIENTED_EDGE('',*,*,#4231,.F.);
#4231 = EDGE_CURVE('',#4232,#4222,#4234,.T.);
#4232 = VERTEX_POINT('',#4233);
#4233 = CARTESIAN_POINT('',(-2.635088171675,9.509370420648,
    -9.433984075051));
#4234 = B_SPLINE_CURVE_WITH_KNOTS('',3,(#4235,#4236,#4237,#4238),
  .UNSPECIFIED.,.F.,.F.,(4,4),(0.84375,0.875),.PIECEWISE_BEZIER_KNOTS.);
#4235 = CARTESIAN_POINT('',(-2.635088171675,9.509370420648,
    -9.433984075051));
#4236 = CARTESIAN_POINT('',(-2.684395756159,9.466195332901,
    -9.343376490972));
#4237 = CARTESIAN_POINT('',(-2.725653400368,9.427991200598,
    -9.256477714952));
#4238 = CARTESIAN_POINT('',(-2.760502849613,9.394758023739,
    -9.174573972673));
#4239 = ORIENTED_EDGE('',*,*,#4240,.F.);
#4240 = EDGE_CURVE('',#4241,#4232,#4243,.T.);
#4241 = VERTEX_POINT('',#4242);
#4242 = CARTESIAN_POINT('',(-2.487776493891,9.632246496064,
    -9.676594201482));
#4243 = B_SPLINE_CURVE_WITH_KNOTS('',4,(#4244,#4245,#4246,#4247,#4248),
  .UNSPECIFIED.,.F.,.F.,(5,5),(0.8125,0.84375),
  .PIECEWISE_BEZIER_KNOTS.);
#4244 = CARTESIAN_POINT('',(-2.487776493891,9.632246496064,
    -9.676594201482));
#4245 = CARTESIAN_POINT('',(-2.532290655072,9.596891270158,
    -9.610542867335));
#4246 = CARTESIAN_POINT('',(-2.57123637853,9.564626848953,
    -9.547708099891));
#4247 = CARTESIAN_POINT('',(-2.605300613436,9.53545323245,
    -9.488721672032));
#4248 = CARTESIAN_POINT('',(-2.635088171675,9.509370420648,
    -9.433984075051));
#4249 = ORIENTED_EDGE('',*,*,#4250,.F.);
#4250 = EDGE_CURVE('',#4251,#4241,#4253,.T.);
#4251 = VERTEX_POINT('',#4252);
#4252 = CARTESIAN_POINT('',(-2.320085905153,9.758404730927,
    -9.901894159176));
#4253 = B_SPLINE_CURVE_WITH_KNOTS('',4,(#4254,#4255,#4256,#4257,#4258),
  .UNSPECIFIED.,.F.,.F.,(5,5),(0.78125,0.8125),
  .PIECEWISE_BEZIER_KNOTS.);
#4254 = CARTESIAN_POINT('',(-2.320085905153,9.758404730927,
    -9.901894159176));
#4255 = CARTESIAN_POINT('',(-2.381038045952,9.715004903521,
    -9.827539757237));
#4256 = CARTESIAN_POINT('',(-2.427854565303,9.679511921908,
    -9.763947524868));
#4257 = CARTESIAN_POINT('',(-2.462999192944,9.651925786089,
    -9.713359440693));
#4258 = CARTESIAN_POINT('',(-2.487776493891,9.632246496064,
    -9.676594201482));
#4259 = ORIENTED_EDGE('',*,*,#4260,.F.);
#4260 = EDGE_CURVE('',#4261,#4251,#4263,.T.);
#4261 = VERTEX_POINT('',#4262);
#4262 = CARTESIAN_POINT('',(-2.13144764809,9.884808846358,
    -10.11114445821));
#4263 = B_SPLINE_CURVE_WITH_KNOTS('',4,(#4264,#4265,#4266,#4267,#4268),
  .UNSPECIFIED.,.F.,.F.,(5,5),(0.75,0.78125),.PIECEWISE_BEZIER_KNOTS.);
#4264 = CARTESIAN_POINT('',(-2.13144764809,9.884808846358,
    -10.11114445821));
#4265 = CARTESIAN_POINT('',(-2.166136080131,9.86296519718,
    -10.07612242237));
#4266 = CARTESIAN_POINT('',(-2.209980955064,9.834616628215,
    -10.03032297556));
#4267 = CARTESIAN_POINT('',(-2.26200080038,9.799763139464,
    -9.972751116297));
#4268 = CARTESIAN_POINT('',(-2.320085905153,9.758404730927,
    -9.901894159176));
#4269 = ORIENTED_EDGE('',*,*,#4270,.F.);
#4270 = EDGE_CURVE('',#4271,#4261,#4273,.T.);
#4271 = VERTEX_POINT('',#4272);
#4272 = CARTESIAN_POINT('',(-1.693324884313,10.123899949314,
    -10.47641895408));
#4273 = B_SPLINE_CURVE_WITH_KNOTS('',4,(#4274,#4275,#4276,#4277,#4278),
  .UNSPECIFIED.,.F.,.F.,(5,5),(0.6875,0.75),.PIECEWISE_BEZIER_KNOTS.);
#4274 = CARTESIAN_POINT('',(-1.693324884313,10.123899949314,
    -10.47641895408));
#4275 = CARTESIAN_POINT('',(-1.794417365343,10.076662879333,
    -10.40729397284));
#4276 = CARTESIAN_POINT('',(-1.902940239905,10.021068672181,
    -10.32502359951));
#4277 = CARTESIAN_POINT('',(-2.016619405015,9.957117327855,
    -10.22707702156));
#4278 = CARTESIAN_POINT('',(-2.13144764809,9.884808846358,
    -10.11114445821));
#4279 = ORIENTED_EDGE('',*,*,#4280,.F.);
#4280 = EDGE_CURVE('',#4281,#4271,#4283,.T.);
#4281 = VERTEX_POINT('',#4282);
#4282 = CARTESIAN_POINT('',(-1.179436525319,10.322162932305,
    -10.7584288069));
#4283 = B_SPLINE_CURVE_WITH_KNOTS('',4,(#4284,#4285,#4286,#4287,#4288),
  .UNSPECIFIED.,.F.,.F.,(5,5),(0.625,0.6875),.PIECEWISE_BEZIER_KNOTS.);
#4284 = CARTESIAN_POINT('',(-1.179436525319,10.322162932305,
    -10.7584288069));
#4285 = CARTESIAN_POINT('',(-1.306550968459,10.282938174198,
    -10.70407778766));
#4286 = CARTESIAN_POINT('',(-1.435556099,10.236819424331,-10.63968416981
    ));
#4287 = CARTESIAN_POINT('',(-1.565117939855,10.183806682703,
    -10.56408425362));
#4288 = CARTESIAN_POINT('',(-1.693324884313,10.123899949314,
    -10.47641895408));
#4289 = ORIENTED_EDGE('',*,*,#4290,.F.);
#4290 = EDGE_CURVE('',#4291,#4281,#4293,.T.);
#4291 = VERTEX_POINT('',#4292);
#4292 = CARTESIAN_POINT('',(-0.603795590279,10.454166268665,
    -10.93861036634));
#4293 = B_SPLINE_CURVE_WITH_KNOTS('',4,(#4294,#4295,#4296,#4297,#4298),
  .UNSPECIFIED.,.F.,.F.,(5,5),(0.5625,0.625),.PIECEWISE_BEZIER_KNOTS.);
#4294 = CARTESIAN_POINT('',(-0.603795590279,10.454166268665,
    -10.93861036634));
#4295 = CARTESIAN_POINT('',(-0.747733314663,10.432187182129,
    -10.9090355155));
#4296 = CARTESIAN_POINT('',(-0.892421208798,10.402860263891,
    -10.86951114766));
#4297 = CARTESIAN_POINT('',(-1.036773926504,10.366185513949,
    -10.81942783628));
#4298 = CARTESIAN_POINT('',(-1.179436525319,10.322162932305,
    -10.7584288069));
#4299 = ORIENTED_EDGE('',*,*,#4300,.F.);
#4300 = EDGE_CURVE('',#4301,#4291,#4303,.T.);
#4301 = VERTEX_POINT('',#4302);
#4302 = CARTESIAN_POINT('',(6.926782614746E-03,10.499994001818,
    -10.99999200327));
#4303 = B_SPLINE_CURVE_WITH_KNOTS('',4,(#4304,#4305,#4306,#4307,#4308),
  .UNSPECIFIED.,.F.,.F.,(5,5),(0.5,0.5625),.PIECEWISE_BEZIER_KNOTS.);
#4304 = CARTESIAN_POINT('',(6.926782614746E-03,10.499994001818,
    -10.99999200327));
#4305 = CARTESIAN_POINT('',(-0.145550653444,10.500258047398,
    -11.00034406355));
#4306 = CARTESIAN_POINT('',(-0.298879930179,10.492708107066,
    -10.99036548513));
#4307 = CARTESIAN_POINT('',(-0.452006943673,10.477344180822,
    -10.96979834434));
#4308 = CARTESIAN_POINT('',(-0.603795590279,10.454166268665,
    -10.93861036634));
#4309 = ORIENTED_EDGE('',*,*,#4310,.F.);
#4310 = EDGE_CURVE('',#4311,#4301,#4313,.T.);
#4311 = VERTEX_POINT('',#4312);
#4312 = CARTESIAN_POINT('',(0.619265031055,10.451773124167,
    -10.93538938154));
#4313 = B_SPLINE_CURVE_WITH_KNOTS('',4,(#4314,#4315,#4316,#4317,#4318),
  .UNSPECIFIED.,.F.,.F.,(5,5),(0.4375,0.5),.PIECEWISE_BEZIER_KNOTS.);
#4314 = CARTESIAN_POINT('',(0.619265031055,10.451773124167,
    -10.93538938154));
#4315 = CARTESIAN_POINT('',(0.467096423967,10.475618799243,
    -10.96749166337));
#4316 = CARTESIAN_POINT('',(0.313564220362,10.491604170543,
    -10.98889504388));
#4317 = CARTESIAN_POINT('',(0.159819684566,10.499729238068,
    -10.99963898369));
#4318 = CARTESIAN_POINT('',(6.926782614746E-03,10.499994001818,
    -10.99999200327));
#4319 = ORIENTED_EDGE('',*,*,#4320,.F.);
#4320 = EDGE_CURVE('',#4321,#4311,#4323,.T.);
#4321 = VERTEX_POINT('',#4322);
#4322 = CARTESIAN_POINT('',(1.193557721356,10.31777683509,
    -10.75234808223));
#4323 = B_SPLINE_CURVE_WITH_KNOTS('',4,(#4324,#4325,#4326,#4327,#4328),
  .UNSPECIFIED.,.F.,.F.,(5,5),(0.375,0.4375),.PIECEWISE_BEZIER_KNOTS.);
#4324 = CARTESIAN_POINT('',(1.193557721356,10.31777683509,
    -10.75234808223));
#4325 = CARTESIAN_POINT('',(1.051228904221,10.362273322506,
    -10.81406907594));
#4326 = CARTESIAN_POINT('',(0.907207567644,10.399438199824,
    -10.86486307348));
#4327 = CARTESIAN_POINT('',(0.762856930853,10.429271467045,
    -10.90509648656));
#4328 = CARTESIAN_POINT('',(0.619265031055,10.451773124167,
    -10.93538938154));
#4329 = ORIENTED_EDGE('',*,*,#4330,.F.);
#4330 = EDGE_CURVE('',#4331,#4321,#4333,.T.);
#4331 = VERTEX_POINT('',#4332);
#4332 = CARTESIAN_POINT('',(1.699691563261,10.120918197185,
    -10.47205351677));
#4333 = B_SPLINE_CURVE_WITH_KNOTS('',4,(#4334,#4335,#4336,#4337,#4338),
  .UNSPECIFIED.,.F.,.F.,(5,5),(0.3125,0.375),.PIECEWISE_BEZIER_KNOTS.);
#4334 = CARTESIAN_POINT('',(1.699691563261,10.120918197185,
    -10.47205351677));
#4335 = CARTESIAN_POINT('',(1.573364187564,10.180217403386,
    -10.55891149667));
#4336 = CARTESIAN_POINT('',(1.445755805328,10.232793578437,
    -10.63396971077));
#4337 = CARTESIAN_POINT('',(1.318721369675,10.278646722338,
    -10.6980707763));
#4338 = CARTESIAN_POINT('',(1.193557721356,10.31777683509,
    -10.75234808223));
#4339 = ORIENTED_EDGE('',*,*,#4340,.F.);
#4340 = EDGE_CURVE('',#4341,#4331,#4343,.T.);
#4341 = VERTEX_POINT('',#4342);
#4342 = CARTESIAN_POINT('',(2.135502266382,9.882252218601,-10.1070429683
    ));
#4343 = B_SPLINE_CURVE_WITH_KNOTS('',4,(#4344,#4345,#4346,#4347,#4348),
  .UNSPECIFIED.,.F.,.F.,(5,5),(0.25,0.3125),.PIECEWISE_BEZIER_KNOTS.);
#4344 = CARTESIAN_POINT('',(2.135502266382,9.882252218601,-10.1070429683
    ));
#4345 = CARTESIAN_POINT('',(2.021138348921,9.954459844913,
    -10.22295157036));
#4346 = CARTESIAN_POINT('',(1.907992218757,10.018306716781,
    -10.32083823194));
#4347 = CARTESIAN_POINT('',(1.800084532811,10.073792834205,
    -10.40302706479));
#4348 = CARTESIAN_POINT('',(1.699691563261,10.120918197185,
    -10.47205351677));
#4349 = ORIENTED_EDGE('',*,*,#4350,.F.);
#4350 = EDGE_CURVE('',#4351,#4341,#4353,.T.);
#4351 = VERTEX_POINT('',#4352);
#4352 = CARTESIAN_POINT('',(2.32332577743,9.756095412614,-9.897935017837
    ));
#4353 = B_SPLINE_CURVE_WITH_KNOTS('',4,(#4354,#4355,#4356,#4357,#4358),
  .UNSPECIFIED.,.F.,.F.,(5,5),(0.21875,0.25),.PIECEWISE_BEZIER_KNOTS.);
#4354 = CARTESIAN_POINT('',(2.32332577743,9.756095412614,-9.897935017837
    ));
#4355 = CARTESIAN_POINT('',(2.26501132544,9.797704594595,-9.969319690247
    ));
#4356 = CARTESIAN_POINT('',(2.213007063875,9.832600456253,
    -10.02700986881));
#4357 = CARTESIAN_POINT('',(2.169505657325,9.860782997588,
    -10.07258030213));
#4358 = CARTESIAN_POINT('',(2.135502266382,9.882252218601,-10.1070429683
    ));
#4359 = ORIENTED_EDGE('',*,*,#4360,.F.);
#4360 = EDGE_CURVE('',#4361,#4351,#4363,.T.);
#4361 = VERTEX_POINT('',#4362);
#4362 = CARTESIAN_POINT('',(2.490792604328,9.629848591131,
    -9.672110104696));
#4363 = B_SPLINE_CURVE_WITH_KNOTS('',4,(#4364,#4365,#4366,#4367,#4368),
  .UNSPECIFIED.,.F.,.F.,(5,5),(0.1875,0.21875),
  .PIECEWISE_BEZIER_KNOTS.);
#4364 = CARTESIAN_POINT('',(2.490792604328,9.629848591131,
    -9.672110104696));
#4365 = CARTESIAN_POINT('',(2.465521821219,9.649959557655,
    -9.709753726067));
#4366 = CARTESIAN_POINT('',(2.430221238598,9.677704350077,
    -9.760701258587));
#4367 = CARTESIAN_POINT('',(2.383606872532,9.713082968397,
    -9.824142911771));
#4368 = CARTESIAN_POINT('',(2.32332577743,9.756095412614,-9.897935017837
    ));
#4369 = ORIENTED_EDGE('',*,*,#4370,.F.);
#4370 = EDGE_CURVE('',#4371,#4361,#4373,.T.);
#4371 = VERTEX_POINT('',#4372);
#4372 = CARTESIAN_POINT('',(2.637984347685,9.506831984021,
    -9.428649215647));
#4373 = B_SPLINE_CURVE_WITH_KNOTS('',4,(#4374,#4375,#4376,#4377,#4378),
  .UNSPECIFIED.,.F.,.F.,(5,5),(0.15625,0.1875),
  .PIECEWISE_BEZIER_KNOTS.);
#4374 = CARTESIAN_POINT('',(2.637984347685,9.506831984021,
    -9.428649215647));
#4375 = CARTESIAN_POINT('',(2.608192718448,9.532969078211,
    -9.483659116439));
#4376 = CARTESIAN_POINT('',(2.574144947845,9.562184210793,
    -9.542876346002));
#4377 = CARTESIAN_POINT('',(2.535238909513,9.594477381766,
    -9.605902426186));
#4378 = CARTESIAN_POINT('',(2.490792604328,9.629848591131,
    -9.672110104696));
#4379 = ORIENTED_EDGE('',*,*,#4380,.F.);
#4380 = EDGE_CURVE('',#4381,#4371,#4383,.T.);
#4381 = VERTEX_POINT('',#4382);
#4382 = CARTESIAN_POINT('',(2.762358070362,9.392987710892,
    -9.170204209147));
#4383 = B_SPLINE_CURVE_WITH_KNOTS('',3,(#4384,#4385,#4386,#4387),
  .UNSPECIFIED.,.F.,.F.,(4,4),(0.125,0.15625),.PIECEWISE_BEZIER_KNOTS.);
#4384 = CARTESIAN_POINT('',(2.762358070362,9.392987710892,
    -9.170204209147));
#4385 = CARTESIAN_POINT('',(2.727763253115,9.426020437128,
    -9.251867966522));
#4386 = CARTESIAN_POINT('',(2.686841047834,9.463968528172,
    -9.338435880658));
#4387 = CARTESIAN_POINT('',(2.637984347685,9.506831984021,
    -9.428649215647));
#4388 = ORIENTED_EDGE('',*,*,#4389,.F.);
#4389 = EDGE_CURVE('',#4390,#4381,#4392,.T.);
#4390 = VERTEX_POINT('',#4391);
#4391 = CARTESIAN_POINT('',(2.938123959624,9.214300572668,
    -8.606158063448));
#4392 = B_SPLINE_CURVE_WITH_KNOTS('',4,(#4393,#4394,#4395,#4396,#4397),
  .UNSPECIFIED.,.F.,.F.,(5,5),(6.25E-02,0.125),
  .PIECEWISE_BEZIER_KNOTS.);
#4393 = CARTESIAN_POINT('',(2.938123959624,9.214300572668,
    -8.606158063448));
#4394 = CARTESIAN_POINT('',(2.910711845063,9.243973111476,
    -8.739028011785));
#4395 = CARTESIAN_POINT('',(2.873641661161,9.28364514745,-8.878252735629
    ));
#4396 = CARTESIAN_POINT('',(2.824850893559,9.333316680588,
    -9.022685038433));
#4397 = CARTESIAN_POINT('',(2.762358070362,9.392987710892,
    -9.170204209147));
#4398 = ORIENTED_EDGE('',*,*,#4399,.F.);
#4399 = EDGE_CURVE('',#4400,#4390,#4402,.T.);
#4400 = VERTEX_POINT('',#4401);
#4401 = CARTESIAN_POINT('',(3.,9.145751311335,-8.000000000308));
#4402 = B_SPLINE_CURVE_WITH_KNOTS('',4,(#4403,#4404,#4405,#4406,#4407),
  .UNSPECIFIED.,.F.,.F.,(5,5),(0.,6.25E-02),.PIECEWISE_BEZIER_KNOTS.);
#4403 = CARTESIAN_POINT('',(3.,9.145751311671,-8.000000000615));
#4404 = CARTESIAN_POINT('',(2.99999999997,9.145751311671,-8.148470345615
    ));
#4405 = CARTESIAN_POINT('',(2.99020481369,9.157176188504,-8.299687265415
    ));
#4406 = CARTESIAN_POINT('',(2.969787582586,9.180025942169,
    -8.452680522058));
#4407 = CARTESIAN_POINT('',(2.938123959624,9.214300572668,
    -8.606158063448));
#4408 = ORIENTED_EDGE('',*,*,#4409,.F.);
#4409 = EDGE_CURVE('',#4195,#4400,#4410,.T.);
#4410 = LINE('',#4411,#4412);
#4411 = CARTESIAN_POINT('',(3.,11.,-8.));
#4412 = VECTOR('',#4413,1.);
#4413 = DIRECTION('',(0.,-1.,0.));
#4414 = SURFACE_OF_REVOLUTION('',#4415,#4419);
#4415 = LINE('',#4416,#4417);
#4416 = CARTESIAN_POINT('',(1.06581410364E-14,9.134625819,-5.));
#4417 = VECTOR('',#4418,1.);
#4418 = DIRECTION('',(0.,1.,0.));
#4419 = AXIS1_PLACEMENT('',#4420,#4421);
#4420 = CARTESIAN_POINT('',(0.,-1.E-03,-8.));
#4421 = DIRECTION('',(0.,-1.,0.));
#4422 = SHELL_BASED_SURFACE_MODEL('',(#4423));
#4423 = OPEN_SHELL('',(#4424));
#4424 = ADVANCED_FACE('',(#4425),#4459,.T.);
#4425 = FACE_BOUND('',#4426,.T.);
#4426 = EDGE_LOOP('',(#4427,#4437,#4445,#4453));
#4427 = ORIENTED_EDGE('',*,*,#4428,.T.);
#4428 = EDGE_CURVE('',#4429,#4431,#4433,.T.);
#4429 = VERTEX_POINT('',#4430);
#4430 = CARTESIAN_POINT('',(-3.,11.,-8.));
#4431 = VERTEX_POINT('',#4432);
#4432 = CARTESIAN_POINT('',(-3.,9.145751311,-8.));
#4433 = LINE('',#4434,#4435);
#4434 = CARTESIAN_POINT('',(-3.,11.,-8.));
#4435 = VECTOR('',#4436,1.);
#4436 = DIRECTION('',(0.,-1.,0.));
#4437 = ORIENTED_EDGE('',*,*,#4438,.T.);
#4438 = EDGE_CURVE('',#4431,#4439,#4441,.T.);
#4439 = VERTEX_POINT('',#4440);
#4440 = CARTESIAN_POINT('',(-3.,9.145751311,-3.55));
#4441 = LINE('',#4442,#4443);
#4442 = CARTESIAN_POINT('',(-3.,9.145751311,-8.));
#4443 = VECTOR('',#4444,1.);
#4444 = DIRECTION('',(0.,0.,1.));
#4445 = ORIENTED_EDGE('',*,*,#4446,.T.);
#4446 = EDGE_CURVE('',#4439,#4447,#4449,.T.);
#4447 = VERTEX_POINT('',#4448);
#4448 = CARTESIAN_POINT('',(-3.,11.,-3.55));
#4449 = LINE('',#4450,#4451);
#4450 = CARTESIAN_POINT('',(-3.,9.145751311,-3.55));
#4451 = VECTOR('',#4452,1.);
#4452 = DIRECTION('',(0.,1.,0.));
#4453 = ORIENTED_EDGE('',*,*,#4454,.T.);
#4454 = EDGE_CURVE('',#4447,#4429,#4455,.T.);
#4455 = LINE('',#4456,#4457);
#4456 = CARTESIAN_POINT('',(-3.,11.,-3.55));
#4457 = VECTOR('',#4458,1.);
#4458 = DIRECTION('',(0.,0.,-1.));
#4459 = B_SPLINE_SURFACE_WITH_KNOTS('',1,1,(
    (#4460,#4461)
    ,(#4462,#4463
    )),.UNSPECIFIED.,.F.,.F.,.F.,(2,2),(2,2),(0.,1.),(0.,1.),
  .PIECEWISE_BEZIER_KNOTS.);
#4460 = CARTESIAN_POINT('',(-3.,9.145751311,-8.));
#4461 = CARTESIAN_POINT('',(-3.,11.,-8.));
#4462 = CARTESIAN_POINT('',(-3.,9.145751311,-3.55));
#4463 = CARTESIAN_POINT('',(-3.,11.,-3.55));
#4464 = SHELL_BASED_SURFACE_MODEL('',(#4465));
#4465 = OPEN_SHELL('',(#4466));
#4466 = ADVANCED_FACE('',(#4467),#4501,.T.);
#4467 = FACE_BOUND('',#4468,.T.);
#4468 = EDGE_LOOP('',(#4469,#4479,#4487,#4495));
#4469 = ORIENTED_EDGE('',*,*,#4470,.T.);
#4470 = EDGE_CURVE('',#4471,#4473,#4475,.T.);
#4471 = VERTEX_POINT('',#4472);
#4472 = CARTESIAN_POINT('',(3.,11.,-3.55));
#4473 = VERTEX_POINT('',#4474);
#4474 = CARTESIAN_POINT('',(3.,9.145751311,-3.55));
#4475 = LINE('',#4476,#4477);
#4476 = CARTESIAN_POINT('',(3.,11.,-3.55));
#4477 = VECTOR('',#4478,1.);
#4478 = DIRECTION('',(0.,-1.,0.));
#4479 = ORIENTED_EDGE('',*,*,#4480,.T.);
#4480 = EDGE_CURVE('',#4473,#4481,#4483,.T.);
#4481 = VERTEX_POINT('',#4482);
#4482 = CARTESIAN_POINT('',(3.,9.145751311,-8.));
#4483 = LINE('',#4484,#4485);
#4484 = CARTESIAN_POINT('',(3.,9.145751311,-3.55));
#4485 = VECTOR('',#4486,1.);
#4486 = DIRECTION('',(0.,0.,-1.));
#4487 = ORIENTED_EDGE('',*,*,#4488,.T.);
#4488 = EDGE_CURVE('',#4481,#4489,#4491,.T.);
#4489 = VERTEX_POINT('',#4490);
#4490 = CARTESIAN_POINT('',(3.,11.,-8.));
#4491 = LINE('',#4492,#4493);
#4492 = CARTESIAN_POINT('',(3.,9.145751311,-8.));
#4493 = VECTOR('',#4494,1.);
#4494 = DIRECTION('',(0.,1.,0.));
#4495 = ORIENTED_EDGE('',*,*,#4496,.T.);
#4496 = EDGE_CURVE('',#4489,#4471,#4497,.T.);
#4497 = LINE('',#4498,#4499);
#4498 = CARTESIAN_POINT('',(3.,11.,-8.));
#4499 = VECTOR('',#4500,1.);
#4500 = DIRECTION('',(0.,0.,1.));
#4501 = B_SPLINE_SURFACE_WITH_KNOTS('',1,1,(
    (#4502,#4503)
    ,(#4504,#4505
    )),.UNSPECIFIED.,.F.,.F.,.F.,(2,2),(2,2),(0.,1.),(0.,1.),
  .PIECEWISE_BEZIER_KNOTS.);
#4502 = CARTESIAN_POINT('',(3.,9.145751311,-3.55));
#4503 = CARTESIAN_POINT('',(3.,11.,-3.55));
#4504 = CARTESIAN_POINT('',(3.,9.145751311,-8.));
#4505 = CARTESIAN_POINT('',(3.,11.,-8.));
#4506 = SHELL_BASED_SURFACE_MODEL('',(#4507));
#4507 = OPEN_SHELL('',(#4508));
#4508 = ADVANCED_FACE('',(#4509),#4543,.T.);
#4509 = FACE_BOUND('',#4510,.T.);
#4510 = EDGE_LOOP('',(#4511,#4521,#4529,#4537));
#4511 = ORIENTED_EDGE('',*,*,#4512,.T.);
#4512 = EDGE_CURVE('',#4513,#4515,#4517,.T.);
#4513 = VERTEX_POINT('',#4514);
#4514 = CARTESIAN_POINT('',(1.6,3.4,-14.8));
#4515 = VERTEX_POINT('',#4516);
#4516 = CARTESIAN_POINT('',(1.6,3.4,-13.4));
#4517 = LINE('',#4518,#4519);
#4518 = CARTESIAN_POINT('',(1.6,3.4,-14.8));
#4519 = VECTOR('',#4520,1.);
#4520 = DIRECTION('',(0.,0.,1.));
#4521 = ORIENTED_EDGE('',*,*,#4522,.T.);
#4522 = EDGE_CURVE('',#4515,#4523,#4525,.T.);
#4523 = VERTEX_POINT('',#4524);
#4524 = CARTESIAN_POINT('',(1.6,0.,-13.4));
#4525 = LINE('',#4526,#4527);
#4526 = CARTESIAN_POINT('',(1.6,3.4,-13.4));
#4527 = VECTOR('',#4528,1.);
#4528 = DIRECTION('',(0.,-1.,0.));
#4529 = ORIENTED_EDGE('',*,*,#4530,.T.);
#4530 = EDGE_CURVE('',#4523,#4531,#4533,.T.);
#4531 = VERTEX_POINT('',#4532);
#4532 = CARTESIAN_POINT('',(1.6,0.,-14.8));
#4533 = LINE('',#4534,#4535);
#4534 = CARTESIAN_POINT('',(1.6,0.,-13.4));
#4535 = VECTOR('',#4536,1.);
#4536 = DIRECTION('',(0.,0.,-1.));
#4537 = ORIENTED_EDGE('',*,*,#4538,.T.);
#4538 = EDGE_CURVE('',#4531,#4513,#4539,.T.);
#4539 = LINE('',#4540,#4541);
#4540 = CARTESIAN_POINT('',(1.6,0.,-14.8));
#4541 = VECTOR('',#4542,1.);
#4542 = DIRECTION('',(0.,1.,0.));
#4543 = B_SPLINE_SURFACE_WITH_KNOTS('',1,1,(
    (#4544,#4545)
    ,(#4546,#4547
    )),.UNSPECIFIED.,.F.,.F.,.F.,(2,2),(2,2),(0.,1.),(0.,1.),
  .PIECEWISE_BEZIER_KNOTS.);
#4544 = CARTESIAN_POINT('',(1.6,0.,-13.4));
#4545 = CARTESIAN_POINT('',(1.6,3.4,-13.4));
#4546 = CARTESIAN_POINT('',(1.6,0.,-14.8));
#4547 = CARTESIAN_POINT('',(1.6,3.4,-14.8));
#4548 = SHELL_BASED_SURFACE_MODEL('',(#4549));
#4549 = OPEN_SHELL('',(#4550));
#4550 = ADVANCED_FACE('',(#4551),#4585,.T.);
#4551 = FACE_BOUND('',#4552,.T.);
#4552 = EDGE_LOOP('',(#4553,#4563,#4571,#4579));
#4553 = ORIENTED_EDGE('',*,*,#4554,.T.);
#4554 = EDGE_CURVE('',#4555,#4557,#4559,.T.);
#4555 = VERTEX_POINT('',#4556);
#4556 = CARTESIAN_POINT('',(4.5,3.4,-14.8));
#4557 = VERTEX_POINT('',#4558);
#4558 = CARTESIAN_POINT('',(4.5,3.4,-13.4));
#4559 = LINE('',#4560,#4561);
#4560 = CARTESIAN_POINT('',(4.5,3.4,-14.8));
#4561 = VECTOR('',#4562,1.);
#4562 = DIRECTION('',(0.,0.,1.));
#4563 = ORIENTED_EDGE('',*,*,#4564,.T.);
#4564 = EDGE_CURVE('',#4557,#4565,#4567,.T.);
#4565 = VERTEX_POINT('',#4566);
#4566 = CARTESIAN_POINT('',(1.6,3.4,-13.4));
#4567 = LINE('',#4568,#4569);
#4568 = CARTESIAN_POINT('',(4.5,3.4,-13.4));
#4569 = VECTOR('',#4570,1.);
#4570 = DIRECTION('',(-1.,0.,0.));
#4571 = ORIENTED_EDGE('',*,*,#4572,.T.);
#4572 = EDGE_CURVE('',#4565,#4573,#4575,.T.);
#4573 = VERTEX_POINT('',#4574);
#4574 = CARTESIAN_POINT('',(1.6,3.4,-14.8));
#4575 = LINE('',#4576,#4577);
#4576 = CARTESIAN_POINT('',(1.6,3.4,-13.4));
#4577 = VECTOR('',#4578,1.);
#4578 = DIRECTION('',(0.,0.,-1.));
#4579 = ORIENTED_EDGE('',*,*,#4580,.T.);
#4580 = EDGE_CURVE('',#4573,#4555,#4581,.T.);
#4581 = LINE('',#4582,#4583);
#4582 = CARTESIAN_POINT('',(1.6,3.4,-14.8));
#4583 = VECTOR('',#4584,1.);
#4584 = DIRECTION('',(1.,0.,0.));
#4585 = B_SPLINE_SURFACE_WITH_KNOTS('',1,1,(
    (#4586,#4587)
    ,(#4588,#4589
    )),.UNSPECIFIED.,.F.,.F.,.F.,(2,2),(2,2),(0.,1.),(0.,1.),
  .PIECEWISE_BEZIER_KNOTS.);
#4586 = CARTESIAN_POINT('',(1.6,3.4,-13.4));
#4587 = CARTESIAN_POINT('',(4.5,3.4,-13.4));
#4588 = CARTESIAN_POINT('',(1.6,3.4,-14.8));
#4589 = CARTESIAN_POINT('',(4.5,3.4,-14.8));
#4590 = SHELL_BASED_SURFACE_MODEL('',(#4591));
#4591 = OPEN_SHELL('',(#4592));
#4592 = ADVANCED_FACE('',(#4593),#4659,.T.);
#4593 = FACE_BOUND('',#4594,.T.);
#4594 = EDGE_LOOP('',(#4595,#4605,#4613,#4621,#4629,#4637,#4645,#4653));
#4595 = ORIENTED_EDGE('',*,*,#4596,.T.);
#4596 = EDGE_CURVE('',#4597,#4599,#4601,.T.);
#4597 = VERTEX_POINT('',#4598);
#4598 = CARTESIAN_POINT('',(4.5,0.5999999996,-14.8));
#4599 = VERTEX_POINT('',#4600);
#4600 = CARTESIAN_POINT('',(4.4543277202,0.3703899412,-14.8));
#4601 = B_SPLINE_CURVE_WITH_KNOTS('',2,(#4602,#4603,#4604),
  .UNSPECIFIED.,.F.,.F.,(3,3),(0.,0.25),.PIECEWISE_BEZIER_KNOTS.);
#4602 = CARTESIAN_POINT('',(4.5,0.5999999992,-14.8));
#4603 = CARTESIAN_POINT('',(4.5,0.4806525804,-14.8));
#4604 = CARTESIAN_POINT('',(4.4543277202,0.3703899412,-14.8));
#4605 = ORIENTED_EDGE('',*,*,#4606,.T.);
#4606 = EDGE_CURVE('',#4599,#4607,#4609,.T.);
#4607 = VERTEX_POINT('',#4608);
#4608 = CARTESIAN_POINT('',(4.3242640687,0.1757359326,-14.8));
#4609 = B_SPLINE_CURVE_WITH_KNOTS('',2,(#4610,#4611,#4612),
  .UNSPECIFIED.,.F.,.F.,(3,3),(0.25,0.5),.PIECEWISE_BEZIER_KNOTS.);
#4610 = CARTESIAN_POINT('',(4.4543277202,0.3703899412,-14.8));
#4611 = CARTESIAN_POINT('',(4.4086554404,0.260127302,-14.8));
#4612 = CARTESIAN_POINT('',(4.3242640687,0.1757359326,-14.8));
#4613 = ORIENTED_EDGE('',*,*,#4614,.T.);
#4614 = EDGE_CURVE('',#4607,#4615,#4617,.T.);
#4615 = VERTEX_POINT('',#4616);
#4616 = CARTESIAN_POINT('',(4.1296100599,4.56722816E-02,-14.8));
#4617 = B_SPLINE_CURVE_WITH_KNOTS('',2,(#4618,#4619,#4620),
  .UNSPECIFIED.,.F.,.F.,(3,3),(0.5,0.75),.PIECEWISE_BEZIER_KNOTS.);
#4618 = CARTESIAN_POINT('',(4.3242640687,0.1757359326,-14.8));
#4619 = CARTESIAN_POINT('',(4.239872697,9.13445598E-02,-14.8));
#4620 = CARTESIAN_POINT('',(4.1296100599,4.56722816E-02,-14.8));
#4621 = ORIENTED_EDGE('',*,*,#4622,.T.);
#4622 = EDGE_CURVE('',#4615,#4623,#4625,.T.);
#4623 = VERTEX_POINT('',#4624);
#4624 = CARTESIAN_POINT('',(3.8999999996,0.,-14.8));
#4625 = B_SPLINE_CURVE_WITH_KNOTS('',2,(#4626,#4627,#4628),
  .UNSPECIFIED.,.F.,.F.,(3,3),(0.75,1.),.PIECEWISE_BEZIER_KNOTS.);
#4626 = CARTESIAN_POINT('',(4.1296100599,4.56722816E-02,-14.8));
#4627 = CARTESIAN_POINT('',(4.0193474199,7.025630077706E-17,-14.8));
#4628 = CARTESIAN_POINT('',(3.8999999992,-3.642919299551E-17,-14.8));
#4629 = ORIENTED_EDGE('',*,*,#4630,.T.);
#4630 = EDGE_CURVE('',#4623,#4631,#4633,.T.);
#4631 = VERTEX_POINT('',#4632);
#4632 = CARTESIAN_POINT('',(1.6,0.,-14.8));
#4633 = LINE('',#4634,#4635);
#4634 = CARTESIAN_POINT('',(3.9,0.,-14.8));
#4635 = VECTOR('',#4636,1.);
#4636 = DIRECTION('',(-1.,0.,0.));
#4637 = ORIENTED_EDGE('',*,*,#4638,.T.);
#4638 = EDGE_CURVE('',#4631,#4639,#4641,.T.);
#4639 = VERTEX_POINT('',#4640);
#4640 = CARTESIAN_POINT('',(1.6,3.4,-14.8));
#4641 = LINE('',#4642,#4643);
#4642 = CARTESIAN_POINT('',(1.6,0.,-14.8));
#4643 = VECTOR('',#4644,1.);
#4644 = DIRECTION('',(0.,1.,0.));
#4645 = ORIENTED_EDGE('',*,*,#4646,.T.);
#4646 = EDGE_CURVE('',#4639,#4647,#4649,.T.);
#4647 = VERTEX_POINT('',#4648);
#4648 = CARTESIAN_POINT('',(4.5,3.4,-14.8));
#4649 = LINE('',#4650,#4651);
#4650 = CARTESIAN_POINT('',(1.6,3.4,-14.8));
#4651 = VECTOR('',#4652,1.);
#4652 = DIRECTION('',(1.,0.,0.));
#4653 = ORIENTED_EDGE('',*,*,#4654,.T.);
#4654 = EDGE_CURVE('',#4647,#4597,#4655,.T.);
#4655 = LINE('',#4656,#4657);
#4656 = CARTESIAN_POINT('',(4.5,3.4,-14.8));
#4657 = VECTOR('',#4658,1.);
#4658 = DIRECTION('',(0.,-1.,0.));
#4659 = B_SPLINE_SURFACE_WITH_KNOTS('',1,1,(
    (#4660,#4661)
    ,(#4662,#4663
    )),.UNSPECIFIED.,.F.,.F.,.F.,(2,2),(2,2),(0.,1.),(0.,1.),
  .PIECEWISE_BEZIER_KNOTS.);
#4660 = CARTESIAN_POINT('',(4.5,0.,-14.8));
#4661 = CARTESIAN_POINT('',(4.5,3.4,-14.8));
#4662 = CARTESIAN_POINT('',(1.6,0.,-14.8));
#4663 = CARTESIAN_POINT('',(1.6,3.4,-14.8));
#4664 = SHELL_BASED_SURFACE_MODEL('',(#4665));
#4665 = OPEN_SHELL('',(#4666));
#4666 = ADVANCED_FACE('',(#4667),#4696,.T.);
#4667 = FACE_BOUND('',#4668,.T.);
#4668 = EDGE_LOOP('',(#4669,#4680,#4689));
#4669 = ORIENTED_EDGE('',*,*,#4670,.F.);
#4670 = EDGE_CURVE('',#4671,#4673,#4675,.T.);
#4671 = VERTEX_POINT('',#4672);
#4672 = CARTESIAN_POINT('',(-3.9,-9.436895709314E-16,-0.6));
#4673 = VERTEX_POINT('',#4674);
#4674 = CARTESIAN_POINT('',(-3.9,0.6,2.6645352591E-15));
#4675 = CIRCLE('',#4676,0.6);
#4676 = AXIS2_PLACEMENT_3D('',#4677,#4678,#4679);
#4677 = CARTESIAN_POINT('',(-3.9,0.6,-0.6));
#4678 = DIRECTION('',(-1.,0.,6.123233995737E-17));
#4679 = DIRECTION('',(8.58915688636E-31,-1.,1.402715769533E-14));
#4680 = ORIENTED_EDGE('',*,*,#4681,.F.);
#4681 = EDGE_CURVE('',#4682,#4671,#4684,.T.);
#4682 = VERTEX_POINT('',#4683);
#4683 = CARTESIAN_POINT('',(-4.5,0.6,-0.6));
#4684 = CIRCLE('',#4685,0.6);
#4685 = AXIS2_PLACEMENT_3D('',#4686,#4687,#4688);
#4686 = CARTESIAN_POINT('',(-3.9,0.6,-0.6));
#4687 = DIRECTION('',(0.,0.,1.));
#4688 = DIRECTION('',(1.,0.,-0.));
#4689 = ORIENTED_EDGE('',*,*,#4690,.F.);
#4690 = EDGE_CURVE('',#4673,#4682,#4691,.T.);
#4691 = CIRCLE('',#4692,0.6);
#4692 = AXIS2_PLACEMENT_3D('',#4693,#4694,#4695);
#4693 = CARTESIAN_POINT('',(-3.9,0.6,-0.6));
#4694 = DIRECTION('',(0.,-1.,6.123233995737E-17));
#4695 = DIRECTION('',(6.123233995737E-17,6.123233995737E-17,1.));
#4696 = SURFACE_OF_REVOLUTION('',#4697,#4702);
#4697 = CIRCLE('',#4698,0.6);
#4698 = AXIS2_PLACEMENT_3D('',#4699,#4700,#4701);
#4699 = CARTESIAN_POINT('',(-3.9,0.6,-0.6));
#4700 = DIRECTION('',(3.552713678801E-15,-1.,6.123233995737E-17));
#4701 = DIRECTION('',(1.402715769533E-14,-6.123233995732E-17,-1.));
#4702 = AXIS1_PLACEMENT('',#4703,#4704);
#4703 = CARTESIAN_POINT('',(-3.9,0.6,-0.6));
#4704 = DIRECTION('',(0.,0.,-1.));
#4705 = SHELL_BASED_SURFACE_MODEL('',(#4706));
#4706 = OPEN_SHELL('',(#4707));
#4707 = ADVANCED_FACE('',(#4708),#4744,.T.);
#4708 = FACE_BOUND('',#4709,.T.);
#4709 = EDGE_LOOP('',(#4710,#4720,#4729,#4737));
#4710 = ORIENTED_EDGE('',*,*,#4711,.F.);
#4711 = EDGE_CURVE('',#4712,#4714,#4716,.T.);
#4712 = VERTEX_POINT('',#4713);
#4713 = CARTESIAN_POINT('',(3.9,0.6,2.442490654175E-15));
#4714 = VERTEX_POINT('',#4715);
#4715 = CARTESIAN_POINT('',(-3.9,0.6,3.10862446895E-15));
#4716 = LINE('',#4717,#4718);
#4717 = CARTESIAN_POINT('',(3.9,0.6,0.));
#4718 = VECTOR('',#4719,1.);
#4719 = DIRECTION('',(-1.,0.,0.));
#4720 = ORIENTED_EDGE('',*,*,#4721,.F.);
#4721 = EDGE_CURVE('',#4722,#4712,#4724,.T.);
#4722 = VERTEX_POINT('',#4723);
#4723 = CARTESIAN_POINT('',(3.9,-6.661338147751E-16,-0.6));
#4724 = CIRCLE('',#4725,0.6);
#4725 = AXIS2_PLACEMENT_3D('',#4726,#4727,#4728);
#4726 = CARTESIAN_POINT('',(3.9,0.6,-0.6));
#4727 = DIRECTION('',(-1.,0.,6.123233995737E-17));
#4728 = DIRECTION('',(8.58915688636E-31,-1.,1.402715769533E-14));
#4729 = ORIENTED_EDGE('',*,*,#4730,.F.);
#4730 = EDGE_CURVE('',#4731,#4722,#4733,.T.);
#4731 = VERTEX_POINT('',#4732);
#4732 = CARTESIAN_POINT('',(-3.9,-1.443289932013E-15,-0.6));
#4733 = LINE('',#4734,#4735);
#4734 = CARTESIAN_POINT('',(-3.9,0.,-0.6));
#4735 = VECTOR('',#4736,1.);
#4736 = DIRECTION('',(1.,0.,0.));
#4737 = ORIENTED_EDGE('',*,*,#4738,.F.);
#4738 = EDGE_CURVE('',#4714,#4731,#4739,.T.);
#4739 = CIRCLE('',#4740,0.6);
#4740 = AXIS2_PLACEMENT_3D('',#4741,#4742,#4743);
#4741 = CARTESIAN_POINT('',(-3.9,0.6,-0.6));
#4742 = DIRECTION('',(1.,0.,6.123233995737E-17));
#4743 = DIRECTION('',(-6.123233995737E-17,-6.982962677686E-15,1.));
#4744 = SURFACE_OF_REVOLUTION('',#4745,#4749);
#4745 = LINE('',#4746,#4747);
#4746 = CARTESIAN_POINT('',(3.9,0.6,-2.22044604925E-17));
#4747 = VECTOR('',#4748,1.);
#4748 = DIRECTION('',(-1.,0.,0.));
#4749 = AXIS1_PLACEMENT('',#4750,#4751);
#4750 = CARTESIAN_POINT('',(-3.9,0.6,-0.6));
#4751 = DIRECTION('',(1.,0.,0.));
#4752 = SHELL_BASED_SURFACE_MODEL('',(#4753));
#4753 = OPEN_SHELL('',(#4754));
#4754 = ADVANCED_FACE('',(#4755),#4791,.T.);
#4755 = FACE_BOUND('',#4756,.T.);
#4756 = EDGE_LOOP('',(#4757,#4767,#4776,#4784));
#4757 = ORIENTED_EDGE('',*,*,#4758,.F.);
#4758 = EDGE_CURVE('',#4759,#4761,#4763,.T.);
#4759 = VERTEX_POINT('',#4760);
#4760 = CARTESIAN_POINT('',(-4.5,10.4,-0.6));
#4761 = VERTEX_POINT('',#4762);
#4762 = CARTESIAN_POINT('',(-4.5,0.6,-0.6));
#4763 = LINE('',#4764,#4765);
#4764 = CARTESIAN_POINT('',(-4.5,10.4,-0.6));
#4765 = VECTOR('',#4766,1.);
#4766 = DIRECTION('',(0.,-1.,0.));
#4767 = ORIENTED_EDGE('',*,*,#4768,.F.);
#4768 = EDGE_CURVE('',#4769,#4759,#4771,.T.);
#4769 = VERTEX_POINT('',#4770);
#4770 = CARTESIAN_POINT('',(-3.9,10.4,2.442490654175E-15));
#4771 = CIRCLE('',#4772,0.6);
#4772 = AXIS2_PLACEMENT_3D('',#4773,#4774,#4775);
#4773 = CARTESIAN_POINT('',(-3.9,10.4,-0.6));
#4774 = DIRECTION('',(0.,-1.,6.123233995737E-17));
#4775 = DIRECTION('',(1.393499969508E-15,6.123233995737E-17,1.));
#4776 = ORIENTED_EDGE('',*,*,#4777,.F.);
#4777 = EDGE_CURVE('',#4778,#4769,#4780,.T.);
#4778 = VERTEX_POINT('',#4779);
#4779 = CARTESIAN_POINT('',(-3.9,0.6,1.443289932013E-15));
#4780 = LINE('',#4781,#4782);
#4781 = CARTESIAN_POINT('',(-3.9,0.6,0.));
#4782 = VECTOR('',#4783,1.);
#4783 = DIRECTION('',(0.,1.,0.));
#4784 = ORIENTED_EDGE('',*,*,#4785,.F.);
#4785 = EDGE_CURVE('',#4761,#4778,#4786,.T.);
#4786 = CIRCLE('',#4787,0.6);
#4787 = AXIS2_PLACEMENT_3D('',#4788,#4789,#4790);
#4788 = CARTESIAN_POINT('',(-3.9,0.6,-0.6));
#4789 = DIRECTION('',(0.,1.,6.123233995737E-17));
#4790 = DIRECTION('',(-1.,-4.275831445897E-31,6.982962677686E-15));
#4791 = SURFACE_OF_REVOLUTION('',#4792,#4796);
#4792 = LINE('',#4793,#4794);
#4793 = CARTESIAN_POINT('',(-4.5,0.6,-0.6));
#4794 = VECTOR('',#4795,1.);
#4795 = DIRECTION('',(0.,1.,0.));
#4796 = AXIS1_PLACEMENT('',#4797,#4798);
#4797 = CARTESIAN_POINT('',(-3.9,10.4,-0.6));
#4798 = DIRECTION('',(0.,-1.,0.));
#4799 = SHELL_BASED_SURFACE_MODEL('',(#4800));
#4800 = OPEN_SHELL('',(#4801));
#4801 = ADVANCED_FACE('',(#4802),#4831,.T.);
#4802 = FACE_BOUND('',#4803,.T.);
#4803 = EDGE_LOOP('',(#4804,#4815,#4824));
#4804 = ORIENTED_EDGE('',*,*,#4805,.F.);
#4805 = EDGE_CURVE('',#4806,#4808,#4810,.T.);
#4806 = VERTEX_POINT('',#4807);
#4807 = CARTESIAN_POINT('',(4.5,0.6,-0.6));
#4808 = VERTEX_POINT('',#4809);
#4809 = CARTESIAN_POINT('',(3.9,0.6,-1.942890293094E-15));
#4810 = CIRCLE('',#4811,0.6);
#4811 = AXIS2_PLACEMENT_3D('',#4812,#4813,#4814);
#4812 = CARTESIAN_POINT('',(3.9,0.6,-0.6));
#4813 = DIRECTION('',(0.,-1.,6.123233995737E-17));
#4814 = DIRECTION('',(1.,0.,0.));
#4815 = ORIENTED_EDGE('',*,*,#4816,.F.);
#4816 = EDGE_CURVE('',#4817,#4806,#4819,.T.);
#4817 = VERTEX_POINT('',#4818);
#4818 = CARTESIAN_POINT('',(3.9,1.33226762955E-15,-0.6));
#4819 = CIRCLE('',#4820,0.6);
#4820 = AXIS2_PLACEMENT_3D('',#4821,#4822,#4823);
#4821 = CARTESIAN_POINT('',(3.9,0.6,-0.6));
#4822 = DIRECTION('',(0.,0.,1.));
#4823 = DIRECTION('',(1.,0.,-0.));
#4824 = ORIENTED_EDGE('',*,*,#4825,.F.);
#4825 = EDGE_CURVE('',#4808,#4817,#4826,.T.);
#4826 = CIRCLE('',#4827,0.6);
#4827 = AXIS2_PLACEMENT_3D('',#4828,#4829,#4830);
#4828 = CARTESIAN_POINT('',(3.9,0.6,-0.6));
#4829 = DIRECTION('',(1.,0.,6.123233995737E-17));
#4830 = DIRECTION('',(-6.123233995737E-17,-6.982962677686E-15,1.));
#4831 = SURFACE_OF_REVOLUTION('',#4832,#4837);
#4832 = CIRCLE('',#4833,0.6);
#4833 = AXIS2_PLACEMENT_3D('',#4834,#4835,#4836);
#4834 = CARTESIAN_POINT('',(3.9,0.6,-0.6));
#4835 = DIRECTION('',(3.552713678801E-15,-1.,6.123233995737E-17));
#4836 = DIRECTION('',(1.402715769533E-14,-6.123233995732E-17,-1.));
#4837 = AXIS1_PLACEMENT('',#4838,#4839);
#4838 = CARTESIAN_POINT('',(3.9,0.6,-0.6));
#4839 = DIRECTION('',(0.,0.,-1.));
#4840 = SHELL_BASED_SURFACE_MODEL('',(#4841));
#4841 = OPEN_SHELL('',(#4842));
#4842 = ADVANCED_FACE('',(#4843),#4881,.T.);
#4843 = FACE_BOUND('',#4844,.T.);
#4844 = EDGE_LOOP('',(#4845,#4859,#4871));
#4845 = ORIENTED_EDGE('',*,*,#4846,.F.);
#4846 = EDGE_CURVE('',#4847,#4849,#4851,.T.);
#4847 = VERTEX_POINT('',#4848);
#4848 = CARTESIAN_POINT('',(-3.900000002877,10.400000002877,
    -4.440892098501E-15));
#4849 = VERTEX_POINT('',#4850);
#4850 = CARTESIAN_POINT('',(-3.900000000123,11.,-0.600000005877));
#4851 = ( BOUNDED_CURVE() B_SPLINE_CURVE(6,(#4852,#4853,#4854,#4855,
#4856,#4857,#4858),.UNSPECIFIED.,.F.,.F.) B_SPLINE_CURVE_WITH_KNOTS((7,7
),(0.,1.),.PIECEWISE_BEZIER_KNOTS.) CURVE() 
GEOMETRIC_REPRESENTATION_ITEM() RATIONAL_B_SPLINE_CURVE((1.031393471796,
    1.010025407664,0.997924642724,0.993958444135,0.997924642724,
1.010025407664,1.031393471796)) REPRESENTATION_ITEM('') );
#4852 = CARTESIAN_POINT('',(-3.9,10.400000005754,-4.440892098501E-15));
#4853 = CARTESIAN_POINT('',(-3.900000000033,10.560402075668,
    -1.538226324094E-09));
#4854 = CARTESIAN_POINT('',(-3.900000000065,10.716625148856,
    -5.100261343034E-02));
#4855 = CARTESIAN_POINT('',(-3.900000000093,10.851151712301,
    -0.148848296444));
#4856 = CARTESIAN_POINT('',(-3.900000000113,10.948997392707,
    -0.283374861786));
#4857 = CARTESIAN_POINT('',(-3.900000000123,11.000000001571,
    -0.439597935963));
#4858 = CARTESIAN_POINT('',(-3.900000000123,11.,-0.600000005877));
#4859 = ORIENTED_EDGE('',*,*,#4860,.F.);
#4860 = EDGE_CURVE('',#4861,#4847,#4863,.T.);
#4861 = VERTEX_POINT('',#4862);
#4862 = CARTESIAN_POINT('',(-4.5,10.399999999754,-0.600000005877));
#4863 = ( BOUNDED_CURVE() B_SPLINE_CURVE(6,(#4864,#4865,#4866,#4867,
#4868,#4869,#4870),.UNSPECIFIED.,.F.,.F.) B_SPLINE_CURVE_WITH_KNOTS((7,7
),(0.,1.),.PIECEWISE_BEZIER_KNOTS.) CURVE() 
GEOMETRIC_REPRESENTATION_ITEM() RATIONAL_B_SPLINE_CURVE((1.031393471796,
    1.010025407664,0.997924642724,0.993958444135,0.997924642724,
1.010025407664,1.031393471796)) REPRESENTATION_ITEM('') );
#4864 = CARTESIAN_POINT('',(-4.5,10.399999999754,-0.600000005877));
#4865 = CARTESIAN_POINT('',(-4.500000001571,10.399999999754,
    -0.439597935963));
#4866 = CARTESIAN_POINT('',(-4.448997392707,10.399999999775,
    -0.283374861786));
#4867 = CARTESIAN_POINT('',(-4.351151712301,10.399999999815,
    -0.148848296444));
#4868 = CARTESIAN_POINT('',(-4.216625148856,10.39999999987,
    -5.100261343034E-02));
#4869 = CARTESIAN_POINT('',(-4.060402075668,10.399999999934,
    -1.538225213871E-09));
#4870 = CARTESIAN_POINT('',(-3.900000005754,10.4,-4.329869796038E-15));
#4871 = ORIENTED_EDGE('',*,*,#4872,.F.);
#4872 = EDGE_CURVE('',#4849,#4861,#4873,.T.);
#4873 = ( BOUNDED_CURVE() B_SPLINE_CURVE(6,(#4874,#4875,#4876,#4877,
#4878,#4879,#4880),.UNSPECIFIED.,.F.,.F.) B_SPLINE_CURVE_WITH_KNOTS((7,7
),(0.,1.),.PIECEWISE_BEZIER_KNOTS.) CURVE() 
GEOMETRIC_REPRESENTATION_ITEM() RATIONAL_B_SPLINE_CURVE((1.031393471796,
    1.010025407664,0.997924642724,0.993958444135,0.997924642724,
1.010025407664,1.031393471796)) REPRESENTATION_ITEM('') );
#4874 = CARTESIAN_POINT('',(-3.900000000123,11.,-0.600000005877));
#4875 = CARTESIAN_POINT('',(-4.060402070037,10.999999999967,
    -0.600000005877));
#4876 = CARTESIAN_POINT('',(-4.216625143704,10.948997389541,
    -0.600000005877));
#4877 = CARTESIAN_POINT('',(-4.351151708067,10.85115170779,
    -0.600000005877));
#4878 = CARTESIAN_POINT('',(-4.448997389736,10.716625143366,
    -0.600000005877));
#4879 = CARTESIAN_POINT('',(-4.500000000066,10.560402069667,
    -0.600000005877));
#4880 = CARTESIAN_POINT('',(-4.5,10.399999999754,-0.600000005877));
#4881 = SURFACE_OF_REVOLUTION('',#4882,#4887);
#4882 = CIRCLE('',#4883,0.6);
#4883 = AXIS2_PLACEMENT_3D('',#4884,#4885,#4886);
#4884 = CARTESIAN_POINT('',(-3.9,10.4,-0.6));
#4885 = DIRECTION('',(3.552713678801E-15,-1.,6.123233995737E-17));
#4886 = DIRECTION('',(1.402715769533E-14,-6.123233995732E-17,-1.));
#4887 = AXIS1_PLACEMENT('',#4888,#4889);
#4888 = CARTESIAN_POINT('',(-3.9,10.4,-0.6));
#4889 = DIRECTION('',(0.,0.,-1.));
#4890 = SHELL_BASED_SURFACE_MODEL('',(#4891));
#4891 = OPEN_SHELL('',(#4892));
#4892 = ADVANCED_FACE('',(#4893),#4929,.T.);
#4893 = FACE_BOUND('',#4894,.T.);
#4894 = EDGE_LOOP('',(#4895,#4905,#4914,#4922));
#4895 = ORIENTED_EDGE('',*,*,#4896,.F.);
#4896 = EDGE_CURVE('',#4897,#4899,#4901,.T.);
#4897 = VERTEX_POINT('',#4898);
#4898 = CARTESIAN_POINT('',(3.9,10.4,2.22044604925E-16));
#4899 = VERTEX_POINT('',#4900);
#4900 = CARTESIAN_POINT('',(3.9,0.6,6.661338147751E-16));
#4901 = LINE('',#4902,#4903);
#4902 = CARTESIAN_POINT('',(3.9,10.4,0.));
#4903 = VECTOR('',#4904,1.);
#4904 = DIRECTION('',(0.,-1.,0.));
#4905 = ORIENTED_EDGE('',*,*,#4906,.F.);
#4906 = EDGE_CURVE('',#4907,#4897,#4909,.T.);
#4907 = VERTEX_POINT('',#4908);
#4908 = CARTESIAN_POINT('',(4.5,10.4,-0.6));
#4909 = CIRCLE('',#4910,0.6);
#4910 = AXIS2_PLACEMENT_3D('',#4911,#4912,#4913);
#4911 = CARTESIAN_POINT('',(3.9,10.4,-0.6));
#4912 = DIRECTION('',(0.,-1.,6.123233995737E-17));
#4913 = DIRECTION('',(1.,0.,0.));
#4914 = ORIENTED_EDGE('',*,*,#4915,.F.);
#4915 = EDGE_CURVE('',#4916,#4907,#4918,.T.);
#4916 = VERTEX_POINT('',#4917);
#4917 = CARTESIAN_POINT('',(4.5,0.6,-0.6));
#4918 = LINE('',#4919,#4920);
#4919 = CARTESIAN_POINT('',(4.5,0.6,-0.6));
#4920 = VECTOR('',#4921,1.);
#4921 = DIRECTION('',(0.,1.,0.));
#4922 = ORIENTED_EDGE('',*,*,#4923,.F.);
#4923 = EDGE_CURVE('',#4899,#4916,#4924,.T.);
#4924 = CIRCLE('',#4925,0.6);
#4925 = AXIS2_PLACEMENT_3D('',#4926,#4927,#4928);
#4926 = CARTESIAN_POINT('',(3.9,0.6,-0.6));
#4927 = DIRECTION('',(0.,1.,6.123233995737E-17));
#4928 = DIRECTION('',(1.402715769533E-14,-6.123233995737E-17,1.));
#4929 = SURFACE_OF_REVOLUTION('',#4930,#4934);
#4930 = LINE('',#4931,#4932);
#4931 = CARTESIAN_POINT('',(4.5,10.4,-0.6));
#4932 = VECTOR('',#4933,1.);
#4933 = DIRECTION('',(0.,-1.,0.));
#4934 = AXIS1_PLACEMENT('',#4935,#4936);
#4935 = CARTESIAN_POINT('',(3.9,10.4,-0.6));
#4936 = DIRECTION('',(0.,1.,0.));
#4937 = SHELL_BASED_SURFACE_MODEL('',(#4938));
#4938 = OPEN_SHELL('',(#4939));
#4939 = ADVANCED_FACE('',(#4940),#4976,.T.);
#4940 = FACE_BOUND('',#4941,.T.);
#4941 = EDGE_LOOP('',(#4942,#4952,#4961,#4969));
#4942 = ORIENTED_EDGE('',*,*,#4943,.F.);
#4943 = EDGE_CURVE('',#4944,#4946,#4948,.T.);
#4944 = VERTEX_POINT('',#4945);
#4945 = CARTESIAN_POINT('',(3.9,11.,-0.6));
#4946 = VERTEX_POINT('',#4947);
#4947 = CARTESIAN_POINT('',(-3.9,11.,-0.6));
#4948 = LINE('',#4949,#4950);
#4949 = CARTESIAN_POINT('',(3.9,11.,-0.6));
#4950 = VECTOR('',#4951,1.);
#4951 = DIRECTION('',(-1.,0.,0.));
#4952 = ORIENTED_EDGE('',*,*,#4953,.F.);
#4953 = EDGE_CURVE('',#4954,#4944,#4956,.T.);
#4954 = VERTEX_POINT('',#4955);
#4955 = CARTESIAN_POINT('',(3.9,10.4,0.));
#4956 = CIRCLE('',#4957,0.6);
#4957 = AXIS2_PLACEMENT_3D('',#4958,#4959,#4960);
#4958 = CARTESIAN_POINT('',(3.9,10.4,-0.6));
#4959 = DIRECTION('',(-1.,0.,6.123233995737E-17));
#4960 = DIRECTION('',(6.123233995737E-17,0.,1.));
#4961 = ORIENTED_EDGE('',*,*,#4962,.F.);
#4962 = EDGE_CURVE('',#4963,#4954,#4965,.T.);
#4963 = VERTEX_POINT('',#4964);
#4964 = CARTESIAN_POINT('',(-3.9,10.4,2.22044604925E-16));
#4965 = LINE('',#4966,#4967);
#4966 = CARTESIAN_POINT('',(-3.9,10.4,0.));
#4967 = VECTOR('',#4968,1.);
#4968 = DIRECTION('',(1.,0.,0.));
#4969 = ORIENTED_EDGE('',*,*,#4970,.F.);
#4970 = EDGE_CURVE('',#4946,#4963,#4971,.T.);
#4971 = CIRCLE('',#4972,0.6);
#4972 = AXIS2_PLACEMENT_3D('',#4973,#4974,#4975);
#4973 = CARTESIAN_POINT('',(-3.9,10.4,-0.6));
#4974 = DIRECTION('',(1.,0.,6.123233995737E-17));
#4975 = DIRECTION('',(3.749399456655E-33,1.,-6.123233995737E-17));
#4976 = SURFACE_OF_REVOLUTION('',#4977,#4981);
#4977 = LINE('',#4978,#4979);
#4978 = CARTESIAN_POINT('',(-3.9,10.4,-1.2));
#4979 = VECTOR('',#4980,1.);
#4980 = DIRECTION('',(1.,0.,0.));
#4981 = AXIS1_PLACEMENT('',#4982,#4983);
#4982 = CARTESIAN_POINT('',(-3.9,10.4,-0.6));
#4983 = DIRECTION('',(-1.,0.,0.));
#4984 = SHELL_BASED_SURFACE_MODEL('',(#4985));
#4985 = OPEN_SHELL('',(#4986));
#4986 = ADVANCED_FACE('',(#4987),#5025,.T.);
#4987 = FACE_BOUND('',#4988,.T.);
#4988 = EDGE_LOOP('',(#4989,#5003,#5015));
#4989 = ORIENTED_EDGE('',*,*,#4990,.F.);
#4990 = EDGE_CURVE('',#4991,#4993,#4995,.T.);
#4991 = VERTEX_POINT('',#4992);
#4992 = CARTESIAN_POINT('',(3.899999999877,11.,-0.600000005877));
#4993 = VERTEX_POINT('',#4994);
#4994 = CARTESIAN_POINT('',(3.900000002877,10.400000002877,
    5.773159728051E-15));
#4995 = ( BOUNDED_CURVE() B_SPLINE_CURVE(6,(#4996,#4997,#4998,#4999,
#5000,#5001,#5002),.UNSPECIFIED.,.F.,.F.) B_SPLINE_CURVE_WITH_KNOTS((7,7
),(0.,1.),.PIECEWISE_BEZIER_KNOTS.) CURVE() 
GEOMETRIC_REPRESENTATION_ITEM() RATIONAL_B_SPLINE_CURVE((1.031393471796,
    1.010025407664,0.997924642724,0.993958444135,0.997924642724,
1.010025407664,1.031393471796)) REPRESENTATION_ITEM('') );
#4996 = CARTESIAN_POINT('',(3.899999999877,11.,-0.600000005877));
#4997 = CARTESIAN_POINT('',(3.899999999877,11.000000001571,
    -0.439597935963));
#4998 = CARTESIAN_POINT('',(3.899999999887,10.948997392707,
    -0.283374861786));
#4999 = CARTESIAN_POINT('',(3.899999999907,10.851151712301,
    -0.148848296444));
#5000 = CARTESIAN_POINT('',(3.899999999935,10.716625148856,
    -5.100261343033E-02));
#5001 = CARTESIAN_POINT('',(3.899999999967,10.560402075667,
    -1.538216110042E-09));
#5002 = CARTESIAN_POINT('',(3.9,10.400000005754,5.773159728051E-15));
#5003 = ORIENTED_EDGE('',*,*,#5004,.F.);
#5004 = EDGE_CURVE('',#5005,#4991,#5007,.T.);
#5005 = VERTEX_POINT('',#5006);
#5006 = CARTESIAN_POINT('',(4.5,10.4,-0.600000005877));
#5007 = ( BOUNDED_CURVE() B_SPLINE_CURVE(6,(#5008,#5009,#5010,#5011,
#5012,#5013,#5014),.UNSPECIFIED.,.F.,.F.) B_SPLINE_CURVE_WITH_KNOTS((7,7
),(0.,1.),.PIECEWISE_BEZIER_KNOTS.) CURVE() 
GEOMETRIC_REPRESENTATION_ITEM() RATIONAL_B_SPLINE_CURVE((1.031393471796,
    1.010025407664,0.997924642724,0.993958444135,0.997924642724,
1.010025407664,1.031393471796)) REPRESENTATION_ITEM('') );
#5008 = CARTESIAN_POINT('',(4.5,10.4,-0.600000005877));
#5009 = CARTESIAN_POINT('',(4.5,10.560402069914,-0.600000005877));
#5010 = CARTESIAN_POINT('',(4.448997389606,10.716625143591,
    -0.600000005877));
#5011 = CARTESIAN_POINT('',(4.351151707882,10.851151707975,
    -0.600000005877));
#5012 = CARTESIAN_POINT('',(4.216625143479,10.948997389671,
    -0.600000005877));
#5013 = CARTESIAN_POINT('',(4.060402069791,11.000000000033,
    -0.600000005877));
#5014 = CARTESIAN_POINT('',(3.899999999877,11.,-0.600000005877));
#5015 = ORIENTED_EDGE('',*,*,#5016,.F.);
#5016 = EDGE_CURVE('',#4993,#5005,#5017,.T.);
#5017 = ( BOUNDED_CURVE() B_SPLINE_CURVE(6,(#5018,#5019,#5020,#5021,
#5022,#5023,#5024),.UNSPECIFIED.,.F.,.F.) B_SPLINE_CURVE_WITH_KNOTS((7,7
),(0.,1.),.PIECEWISE_BEZIER_KNOTS.) CURVE() 
GEOMETRIC_REPRESENTATION_ITEM() RATIONAL_B_SPLINE_CURVE((1.031393471796,
    1.010025407664,0.997924642724,0.993958444135,0.997924642724,
1.010025407664,1.031393471796)) REPRESENTATION_ITEM('') );
#5018 = CARTESIAN_POINT('',(3.900000005754,10.4,5.773159728051E-15));
#5019 = CARTESIAN_POINT('',(4.060402075667,10.4,-1.538216110042E-09));
#5020 = CARTESIAN_POINT('',(4.216625148856,10.4,-5.100261343033E-02));
#5021 = CARTESIAN_POINT('',(4.351151712301,10.4,-0.148848296444));
#5022 = CARTESIAN_POINT('',(4.448997392707,10.4,-0.283374861786));
#5023 = CARTESIAN_POINT('',(4.500000001571,10.4,-0.439597935963));
#5024 = CARTESIAN_POINT('',(4.5,10.4,-0.600000005877));
#5025 = SURFACE_OF_REVOLUTION('',#5026,#5031);
#5026 = CIRCLE('',#5027,0.6);
#5027 = AXIS2_PLACEMENT_3D('',#5028,#5029,#5030);
#5028 = CARTESIAN_POINT('',(3.9,10.4,-0.6));
#5029 = DIRECTION('',(3.552713678801E-15,-1.,6.123233995737E-17));
#5030 = DIRECTION('',(1.402715769533E-14,-6.123233995732E-17,-1.));
#5031 = AXIS1_PLACEMENT('',#5032,#5033);
#5032 = CARTESIAN_POINT('',(3.9,10.4,-0.6));
#5033 = DIRECTION('',(0.,0.,-1.));
#5034 = SHELL_BASED_SURFACE_MODEL('',(#5035));
#5035 = OPEN_SHELL('',(#5036));
#5036 = ADVANCED_FACE('',(#5037),#5073,.T.);
#5037 = FACE_BOUND('',#5038,.T.);
#5038 = EDGE_LOOP('',(#5039,#5049,#5058,#5066));
#5039 = ORIENTED_EDGE('',*,*,#5040,.F.);
#5040 = EDGE_CURVE('',#5041,#5043,#5045,.T.);
#5041 = VERTEX_POINT('',#5042);
#5042 = CARTESIAN_POINT('',(-9.407493412402E-15,0.3,-3.575));
#5043 = VERTEX_POINT('',#5044);
#5044 = CARTESIAN_POINT('',(1.030050144638E-14,-4.362804221962E-17,
    -3.575));
#5045 = LINE('',#5046,#5047);
#5046 = CARTESIAN_POINT('',(0.,0.3,-3.575));
#5047 = VECTOR('',#5048,1.);
#5048 = DIRECTION('',(0.,-1.,0.));
#5049 = ORIENTED_EDGE('',*,*,#5050,.F.);
#5050 = EDGE_CURVE('',#5051,#5041,#5053,.T.);
#5051 = VERTEX_POINT('',#5052);
#5052 = CARTESIAN_POINT('',(1.0493950219E-14,0.3,-6.425));
#5053 = CIRCLE('',#5054,1.425);
#5054 = AXIS2_PLACEMENT_3D('',#5055,#5056,#5057);
#5055 = CARTESIAN_POINT('',(9.992007221626E-16,0.3,-5.));
#5056 = DIRECTION('',(0.,-1.,6.123233995737E-17));
#5057 = DIRECTION('',(1.402715769533E-14,-6.123233995737E-17,-1.));
#5058 = ORIENTED_EDGE('',*,*,#5059,.F.);
#5059 = EDGE_CURVE('',#5060,#5051,#5062,.T.);
#5060 = VERTEX_POINT('',#5061);
#5061 = CARTESIAN_POINT('',(-9.600942185028E-15,4.362804221962E-17,
    -6.425));
#5062 = LINE('',#5063,#5064);
#5063 = CARTESIAN_POINT('',(0.,0.,-6.425));
#5064 = VECTOR('',#5065,1.);
#5065 = DIRECTION('',(0.,1.,0.));
#5066 = ORIENTED_EDGE('',*,*,#5067,.F.);
#5067 = EDGE_CURVE('',#5043,#5060,#5068,.T.);
#5068 = CIRCLE('',#5069,1.425);
#5069 = AXIS2_PLACEMENT_3D('',#5070,#5071,#5072);
#5070 = CARTESIAN_POINT('',(6.123031769112E-16,0.,-5.));
#5071 = DIRECTION('',(0.,1.,6.123233995737E-17));
#5072 = DIRECTION('',(1.402715769533E-14,-6.123233995737E-17,1.));
#5073 = SURFACE_OF_REVOLUTION('',#5074,#5078);
#5074 = LINE('',#5075,#5076);
#5075 = CARTESIAN_POINT('',(5.062616992291E-15,0.3,-6.425));
#5076 = VECTOR('',#5077,1.);
#5077 = DIRECTION('',(0.,-1.,0.));
#5078 = AXIS1_PLACEMENT('',#5079,#5080);
#5079 = CARTESIAN_POINT('',(0.,0.3,-5.));
#5080 = DIRECTION('',(0.,1.,0.));
#5081 = SHELL_BASED_SURFACE_MODEL('',(#5082));
#5082 = OPEN_SHELL('',(#5083));
#5083 = ADVANCED_FACE('',(#5084),#5120,.T.);
#5084 = FACE_BOUND('',#5085,.T.);
#5085 = EDGE_LOOP('',(#5086,#5097,#5105,#5114));
#5086 = ORIENTED_EDGE('',*,*,#5087,.F.);
#5087 = EDGE_CURVE('',#5088,#5090,#5092,.T.);
#5088 = VERTEX_POINT('',#5089);
#5089 = CARTESIAN_POINT('',(-1.018610822319E-02,2.602374448188E-17,
    -8.649999999777));
#5090 = VERTEX_POINT('',#5091);
#5091 = CARTESIAN_POINT('',(-1.018610822319E-02,-2.602374448188E-17,
    -10.34999999977));
#5092 = CIRCLE('',#5093,0.85);
#5093 = AXIS2_PLACEMENT_3D('',#5094,#5095,#5096);
#5094 = CARTESIAN_POINT('',(-1.018610844637E-02,0.,-9.499999999554));
#5095 = DIRECTION('',(0.,-1.,6.123233995737E-17));
#5096 = DIRECTION('',(6.123233995737E-17,6.123233995737E-17,1.));
#5097 = ORIENTED_EDGE('',*,*,#5098,.F.);
#5098 = EDGE_CURVE('',#5099,#5088,#5101,.T.);
#5099 = VERTEX_POINT('',#5100);
#5100 = CARTESIAN_POINT('',(-1.018610822318E-02,-0.3,-8.650000000223));
#5101 = LINE('',#5102,#5103);
#5102 = CARTESIAN_POINT('',(-1.0186108E-02,-0.3,-8.65));
#5103 = VECTOR('',#5104,1.);
#5104 = DIRECTION('',(0.,1.,0.));
#5105 = ORIENTED_EDGE('',*,*,#5106,.F.);
#5106 = EDGE_CURVE('',#5107,#5099,#5109,.T.);
#5107 = VERTEX_POINT('',#5108);
#5108 = CARTESIAN_POINT('',(-1.018610822318E-02,-0.3,-10.35000000022));
#5109 = CIRCLE('',#5110,0.85);
#5110 = AXIS2_PLACEMENT_3D('',#5111,#5112,#5113);
#5111 = CARTESIAN_POINT('',(-1.018610844637E-02,-0.3,-9.500000000446));
#5112 = DIRECTION('',(0.,1.,6.123233995737E-17));
#5113 = DIRECTION('',(6.123233995737E-17,6.123233995737E-17,-1.));
#5114 = ORIENTED_EDGE('',*,*,#5115,.F.);
#5115 = EDGE_CURVE('',#5090,#5107,#5116,.T.);
#5116 = LINE('',#5117,#5118);
#5117 = CARTESIAN_POINT('',(-1.0186108E-02,0.,-10.35));
#5118 = VECTOR('',#5119,1.);
#5119 = DIRECTION('',(0.,-1.,0.));
#5120 = SURFACE_OF_REVOLUTION('',#5121,#5125);
#5121 = LINE('',#5122,#5123);
#5122 = CARTESIAN_POINT('',(-1.0186108E-02,-0.3,-8.65));
#5123 = VECTOR('',#5124,1.);
#5124 = DIRECTION('',(0.,1.,0.));
#5125 = AXIS1_PLACEMENT('',#5126,#5127);
#5126 = CARTESIAN_POINT('',(-1.0186108E-02,-4.604163056,-9.5));
#5127 = DIRECTION('',(0.,-1.,0.));
#5128 = SHELL_BASED_SURFACE_MODEL('',(#5129));
#5129 = OPEN_SHELL('',(#5130));
#5130 = ADVANCED_FACE('',(#5131),#5261,.T.);
#5131 = FACE_BOUND('',#5132,.T.);
#5132 = EDGE_LOOP('',(#5133,#5143,#5151,#5159,#5167,#5175,#5183,#5191,
    #5199,#5207,#5215,#5223,#5231,#5239,#5247,#5255));
#5133 = ORIENTED_EDGE('',*,*,#5134,.T.);
#5134 = EDGE_CURVE('',#5135,#5137,#5139,.T.);
#5135 = VERTEX_POINT('',#5136);
#5136 = CARTESIAN_POINT('',(-1.0186108E-02,-1.1,-8.900000000298));
#5137 = VERTEX_POINT('',#5138);
#5138 = CARTESIAN_POINT('',(-0.239796167325,-1.1,-8.945672280032));
#5139 = B_SPLINE_CURVE_WITH_KNOTS('',2,(#5140,#5141,#5142),
  .UNSPECIFIED.,.F.,.F.,(3,3),(0.,0.125),.PIECEWISE_BEZIER_KNOTS.);
#5140 = CARTESIAN_POINT('',(-1.0186108E-02,-1.1,-8.900000000298));
#5141 = CARTESIAN_POINT('',(-0.129533527998,-1.1,-8.900000000298));
#5142 = CARTESIAN_POINT('',(-0.239796167325,-1.1,-8.945672280032));
#5143 = ORIENTED_EDGE('',*,*,#5144,.T.);
#5144 = EDGE_CURVE('',#5137,#5145,#5147,.T.);
#5145 = VERTEX_POINT('',#5146);
#5146 = CARTESIAN_POINT('',(-0.434450176835,-1.1,-9.075735931165));
#5147 = B_SPLINE_CURVE_WITH_KNOTS('',2,(#5148,#5149,#5150),
  .UNSPECIFIED.,.F.,.F.,(3,3),(0.125,0.25),.PIECEWISE_BEZIER_KNOTS.);
#5148 = CARTESIAN_POINT('',(-0.239796167325,-1.1,-8.945672280032));
#5149 = CARTESIAN_POINT('',(-0.350058806651,-1.1,-8.991344560981));
#5150 = CARTESIAN_POINT('',(-0.434450176835,-1.1,-9.075735931165));
#5151 = ORIENTED_EDGE('',*,*,#5152,.T.);
#5152 = EDGE_CURVE('',#5145,#5153,#5155,.T.);
#5153 = VERTEX_POINT('',#5154);
#5154 = CARTESIAN_POINT('',(-0.564513827968,-1.1,-9.270389940675));
#5155 = B_SPLINE_CURVE_WITH_KNOTS('',2,(#5156,#5157,#5158),
  .UNSPECIFIED.,.F.,.F.,(3,3),(0.25,0.375),.PIECEWISE_BEZIER_KNOTS.);
#5156 = CARTESIAN_POINT('',(-0.434450176835,-1.1,-9.075735931165));
#5157 = CARTESIAN_POINT('',(-0.518841547019,-1.1,-9.160127301349));
#5158 = CARTESIAN_POINT('',(-0.564513827968,-1.1,-9.270389940675));
#5159 = ORIENTED_EDGE('',*,*,#5160,.T.);
#5160 = EDGE_CURVE('',#5153,#5161,#5163,.T.);
#5161 = VERTEX_POINT('',#5162);
#5162 = CARTESIAN_POINT('',(-0.610186107702,-1.1,-9.5));
#5163 = B_SPLINE_CURVE_WITH_KNOTS('',2,(#5164,#5165,#5166),
  .UNSPECIFIED.,.F.,.F.,(3,3),(0.375,0.5),.PIECEWISE_BEZIER_KNOTS.);
#5164 = CARTESIAN_POINT('',(-0.564513827968,-1.1,-9.270389940675));
#5165 = CARTESIAN_POINT('',(-0.610186107702,-1.1,-9.380652580002));
#5166 = CARTESIAN_POINT('',(-0.610186107702,-1.1,-9.5));
#5167 = ORIENTED_EDGE('',*,*,#5168,.T.);
#5168 = EDGE_CURVE('',#5161,#5169,#5171,.T.);
#5169 = VERTEX_POINT('',#5170);
#5170 = CARTESIAN_POINT('',(-0.564513827968,-1.1,-9.729610059325));
#5171 = B_SPLINE_CURVE_WITH_KNOTS('',2,(#5172,#5173,#5174),
  .UNSPECIFIED.,.F.,.F.,(3,3),(0.5,0.625),.PIECEWISE_BEZIER_KNOTS.);
#5172 = CARTESIAN_POINT('',(-0.610186107702,-1.1,-9.5));
#5173 = CARTESIAN_POINT('',(-0.610186107702,-1.1,-9.619347419998));
#5174 = CARTESIAN_POINT('',(-0.564513827968,-1.1,-9.729610059325));
#5175 = ORIENTED_EDGE('',*,*,#5176,.T.);
#5176 = EDGE_CURVE('',#5169,#5177,#5179,.T.);
#5177 = VERTEX_POINT('',#5178);
#5178 = CARTESIAN_POINT('',(-0.434450176835,-1.1,-9.924264068835));
#5179 = B_SPLINE_CURVE_WITH_KNOTS('',2,(#5180,#5181,#5182),
  .UNSPECIFIED.,.F.,.F.,(3,3),(0.625,0.75),.PIECEWISE_BEZIER_KNOTS.);
#5180 = CARTESIAN_POINT('',(-0.564513827968,-1.1,-9.729610059325));
#5181 = CARTESIAN_POINT('',(-0.518841547019,-1.1,-9.839872698651));
#5182 = CARTESIAN_POINT('',(-0.434450176835,-1.1,-9.924264068835));
#5183 = ORIENTED_EDGE('',*,*,#5184,.T.);
#5184 = EDGE_CURVE('',#5177,#5185,#5187,.T.);
#5185 = VERTEX_POINT('',#5186);
#5186 = CARTESIAN_POINT('',(-0.239796167325,-1.1,-10.05432771996));
#5187 = B_SPLINE_CURVE_WITH_KNOTS('',2,(#5188,#5189,#5190),
  .UNSPECIFIED.,.F.,.F.,(3,3),(0.75,0.875),.PIECEWISE_BEZIER_KNOTS.);
#5188 = CARTESIAN_POINT('',(-0.434450176835,-1.1,-9.924264068835));
#5189 = CARTESIAN_POINT('',(-0.350058806651,-1.1,-10.00865543901));
#5190 = CARTESIAN_POINT('',(-0.239796167325,-1.1,-10.05432771996));
#5191 = ORIENTED_EDGE('',*,*,#5192,.T.);
#5192 = EDGE_CURVE('',#5185,#5193,#5195,.T.);
#5193 = VERTEX_POINT('',#5194);
#5194 = CARTESIAN_POINT('',(-1.0186108E-02,-1.1,-10.0999999997));
#5195 = B_SPLINE_CURVE_WITH_KNOTS('',2,(#5196,#5197,#5198),
  .UNSPECIFIED.,.F.,.F.,(3,3),(0.875,1.),.PIECEWISE_BEZIER_KNOTS.);
#5196 = CARTESIAN_POINT('',(-0.239796167325,-1.1,-10.05432771996));
#5197 = CARTESIAN_POINT('',(-0.129533527998,-1.1,-10.0999999997));
#5198 = CARTESIAN_POINT('',(-1.0186108E-02,-1.1,-10.0999999997));
#5199 = ORIENTED_EDGE('',*,*,#5200,.T.);
#5200 = EDGE_CURVE('',#5193,#5201,#5203,.T.);
#5201 = VERTEX_POINT('',#5202);
#5202 = CARTESIAN_POINT('',(0.219423951325,-1.1,-10.05432771996));
#5203 = B_SPLINE_CURVE_WITH_KNOTS('',2,(#5204,#5205,#5206),
  .UNSPECIFIED.,.F.,.F.,(3,3),(0.,0.125),.PIECEWISE_BEZIER_KNOTS.);
#5204 = CARTESIAN_POINT('',(-1.0186108E-02,-1.1,-10.0999999997));
#5205 = CARTESIAN_POINT('',(0.109161311998,-1.1,-10.0999999997));
#5206 = CARTESIAN_POINT('',(0.219423951325,-1.1,-10.05432771996));
#5207 = ORIENTED_EDGE('',*,*,#5208,.T.);
#5208 = EDGE_CURVE('',#5201,#5209,#5211,.T.);
#5209 = VERTEX_POINT('',#5210);
#5210 = CARTESIAN_POINT('',(0.414077960835,-1.1,-9.924264068835));
#5211 = B_SPLINE_CURVE_WITH_KNOTS('',2,(#5212,#5213,#5214),
  .UNSPECIFIED.,.F.,.F.,(3,3),(0.125,0.25),.PIECEWISE_BEZIER_KNOTS.);
#5212 = CARTESIAN_POINT('',(0.219423951325,-1.1,-10.05432771996));
#5213 = CARTESIAN_POINT('',(0.329686590651,-1.1,-10.00865543901));
#5214 = CARTESIAN_POINT('',(0.414077960835,-1.1,-9.924264068835));
#5215 = ORIENTED_EDGE('',*,*,#5216,.T.);
#5216 = EDGE_CURVE('',#5209,#5217,#5219,.T.);
#5217 = VERTEX_POINT('',#5218);
#5218 = CARTESIAN_POINT('',(0.544141611968,-1.1,-9.729610059325));
#5219 = B_SPLINE_CURVE_WITH_KNOTS('',2,(#5220,#5221,#5222),
  .UNSPECIFIED.,.F.,.F.,(3,3),(0.25,0.375),.PIECEWISE_BEZIER_KNOTS.);
#5220 = CARTESIAN_POINT('',(0.414077960835,-1.1,-9.924264068835));
#5221 = CARTESIAN_POINT('',(0.498469331019,-1.1,-9.839872698651));
#5222 = CARTESIAN_POINT('',(0.544141611968,-1.1,-9.729610059325));
#5223 = ORIENTED_EDGE('',*,*,#5224,.T.);
#5224 = EDGE_CURVE('',#5217,#5225,#5227,.T.);
#5225 = VERTEX_POINT('',#5226);
#5226 = CARTESIAN_POINT('',(0.589813891702,-1.1,-9.5));
#5227 = B_SPLINE_CURVE_WITH_KNOTS('',2,(#5228,#5229,#5230),
  .UNSPECIFIED.,.F.,.F.,(3,3),(0.375,0.5),.PIECEWISE_BEZIER_KNOTS.);
#5228 = CARTESIAN_POINT('',(0.544141611968,-1.1,-9.729610059325));
#5229 = CARTESIAN_POINT('',(0.589813891702,-1.1,-9.619347419998));
#5230 = CARTESIAN_POINT('',(0.589813891702,-1.1,-9.5));
#5231 = ORIENTED_EDGE('',*,*,#5232,.T.);
#5232 = EDGE_CURVE('',#5225,#5233,#5235,.T.);
#5233 = VERTEX_POINT('',#5234);
#5234 = CARTESIAN_POINT('',(0.544141611968,-1.1,-9.270389940675));
#5235 = B_SPLINE_CURVE_WITH_KNOTS('',2,(#5236,#5237,#5238),
  .UNSPECIFIED.,.F.,.F.,(3,3),(0.5,0.625),.PIECEWISE_BEZIER_KNOTS.);
#5236 = CARTESIAN_POINT('',(0.589813891702,-1.1,-9.5));
#5237 = CARTESIAN_POINT('',(0.589813891702,-1.1,-9.380652580002));
#5238 = CARTESIAN_POINT('',(0.544141611968,-1.1,-9.270389940675));
#5239 = ORIENTED_EDGE('',*,*,#5240,.T.);
#5240 = EDGE_CURVE('',#5233,#5241,#5243,.T.);
#5241 = VERTEX_POINT('',#5242);
#5242 = CARTESIAN_POINT('',(0.414077960835,-1.1,-9.075735931165));
#5243 = B_SPLINE_CURVE_WITH_KNOTS('',2,(#5244,#5245,#5246),
  .UNSPECIFIED.,.F.,.F.,(3,3),(0.625,0.75),.PIECEWISE_BEZIER_KNOTS.);
#5244 = CARTESIAN_POINT('',(0.544141611968,-1.1,-9.270389940675));
#5245 = CARTESIAN_POINT('',(0.498469331019,-1.1,-9.160127301349));
#5246 = CARTESIAN_POINT('',(0.414077960835,-1.1,-9.075735931165));
#5247 = ORIENTED_EDGE('',*,*,#5248,.T.);
#5248 = EDGE_CURVE('',#5241,#5249,#5251,.T.);
#5249 = VERTEX_POINT('',#5250);
#5250 = CARTESIAN_POINT('',(0.219423951325,-1.1,-8.945672280032));
#5251 = B_SPLINE_CURVE_WITH_KNOTS('',2,(#5252,#5253,#5254),
  .UNSPECIFIED.,.F.,.F.,(3,3),(0.75,0.875),.PIECEWISE_BEZIER_KNOTS.);
#5252 = CARTESIAN_POINT('',(0.414077960835,-1.1,-9.075735931165));
#5253 = CARTESIAN_POINT('',(0.329686590651,-1.1,-8.991344560981));
#5254 = CARTESIAN_POINT('',(0.219423951325,-1.1,-8.945672280032));
#5255 = ORIENTED_EDGE('',*,*,#5256,.T.);
#5256 = EDGE_CURVE('',#5249,#5135,#5257,.T.);
#5257 = B_SPLINE_CURVE_WITH_KNOTS('',2,(#5258,#5259,#5260),
  .UNSPECIFIED.,.F.,.F.,(3,3),(0.875,1.),.PIECEWISE_BEZIER_KNOTS.);
#5258 = CARTESIAN_POINT('',(0.219423951325,-1.1,-8.945672280032));
#5259 = CARTESIAN_POINT('',(0.109161311998,-1.1,-8.900000000298));
#5260 = CARTESIAN_POINT('',(-1.0186108E-02,-1.1,-8.900000000298));
#5261 = B_SPLINE_SURFACE_WITH_KNOTS('',1,1,(
    (#5262,#5263)
    ,(#5264,#5265
    )),.UNSPECIFIED.,.F.,.F.,.F.,(2,2),(2,2),(0.,1.),(0.,1.),
  .PIECEWISE_BEZIER_KNOTS.);
#5262 = CARTESIAN_POINT('',(-0.617386108,-1.1,-8.8928));
#5263 = CARTESIAN_POINT('',(0.597013892,-1.1,-8.8928));
#5264 = CARTESIAN_POINT('',(-0.617386108,-1.1,-10.1072));
#5265 = CARTESIAN_POINT('',(0.597013892,-1.1,-10.1072));
#5266 = SHELL_BASED_SURFACE_MODEL('',(#5267));
#5267 = OPEN_SHELL('',(#5268));
#5268 = ADVANCED_FACE('',(#5269),#5303,.T.);
#5269 = FACE_BOUND('',#5270,.T.);
#5270 = EDGE_LOOP('',(#5271,#5281,#5289,#5297));
#5271 = ORIENTED_EDGE('',*,*,#5272,.T.);
#5272 = EDGE_CURVE('',#5273,#5275,#5277,.T.);
#5273 = VERTEX_POINT('',#5274);
#5274 = CARTESIAN_POINT('',(-0.15,0.3,-4.4));
#5275 = VERTEX_POINT('',#5276);
#5276 = CARTESIAN_POINT('',(0.15,0.3,-4.4));
#5277 = LINE('',#5278,#5279);
#5278 = CARTESIAN_POINT('',(-0.15,0.3,-4.4));
#5279 = VECTOR('',#5280,1.);
#5280 = DIRECTION('',(1.,0.,0.));
#5281 = ORIENTED_EDGE('',*,*,#5282,.T.);
#5282 = EDGE_CURVE('',#5275,#5283,#5285,.T.);
#5283 = VERTEX_POINT('',#5284);
#5284 = CARTESIAN_POINT('',(0.15,-0.3,-4.4));
#5285 = LINE('',#5286,#5287);
#5286 = CARTESIAN_POINT('',(0.15,0.3,-4.4));
#5287 = VECTOR('',#5288,1.);
#5288 = DIRECTION('',(0.,-1.,0.));
#5289 = ORIENTED_EDGE('',*,*,#5290,.T.);
#5290 = EDGE_CURVE('',#5283,#5291,#5293,.T.);
#5291 = VERTEX_POINT('',#5292);
#5292 = CARTESIAN_POINT('',(-0.15,-0.3,-4.4));
#5293 = LINE('',#5294,#5295);
#5294 = CARTESIAN_POINT('',(0.15,-0.3,-4.4));
#5295 = VECTOR('',#5296,1.);
#5296 = DIRECTION('',(-1.,0.,0.));
#5297 = ORIENTED_EDGE('',*,*,#5298,.T.);
#5298 = EDGE_CURVE('',#5291,#5273,#5299,.T.);
#5299 = LINE('',#5300,#5301);
#5300 = CARTESIAN_POINT('',(-0.15,-0.3,-4.4));
#5301 = VECTOR('',#5302,1.);
#5302 = DIRECTION('',(0.,1.,0.));
#5303 = B_SPLINE_SURFACE_WITH_KNOTS('',1,1,(
    (#5304,#5305)
    ,(#5306,#5307
    )),.UNSPECIFIED.,.F.,.F.,.F.,(2,2),(2,2),(0.,1.),(0.,1.),
  .PIECEWISE_BEZIER_KNOTS.);
#5304 = CARTESIAN_POINT('',(0.15,-0.3,-4.4));
#5305 = CARTESIAN_POINT('',(0.15,0.3,-4.4));
#5306 = CARTESIAN_POINT('',(-0.15,-0.3,-4.4));
#5307 = CARTESIAN_POINT('',(-0.15,0.3,-4.4));
#5308 = SHELL_BASED_SURFACE_MODEL('',(#5309));
#5309 = OPEN_SHELL('',(#5310));
#5310 = ADVANCED_FACE('',(#5311),#5347,.T.);
#5311 = FACE_BOUND('',#5312,.T.);
#5312 = EDGE_LOOP('',(#5313,#5324,#5332,#5341));
#5313 = ORIENTED_EDGE('',*,*,#5314,.F.);
#5314 = EDGE_CURVE('',#5315,#5317,#5319,.T.);
#5315 = VERTEX_POINT('',#5316);
#5316 = CARTESIAN_POINT('',(0.15,-1.1,-4.65));
#5317 = VERTEX_POINT('',#5318);
#5318 = CARTESIAN_POINT('',(0.15,-1.1,-5.35));
#5319 = CIRCLE('',#5320,0.35);
#5320 = AXIS2_PLACEMENT_3D('',#5321,#5322,#5323);
#5321 = CARTESIAN_POINT('',(0.15,-1.1,-5.));
#5322 = DIRECTION('',(0.,1.,6.123233995737E-17));
#5323 = DIRECTION('',(1.402715769533E-14,-6.123233995737E-17,1.));
#5324 = ORIENTED_EDGE('',*,*,#5325,.F.);
#5325 = EDGE_CURVE('',#5326,#5315,#5328,.T.);
#5326 = VERTEX_POINT('',#5327);
#5327 = CARTESIAN_POINT('',(0.15,-0.3,-4.4));
#5328 = LINE('',#5329,#5330);
#5329 = CARTESIAN_POINT('',(0.15,-0.3,-4.4));
#5330 = VECTOR('',#5331,1.);
#5331 = DIRECTION('',(0.,-0.954479978035,-0.298274993136));
#5332 = ORIENTED_EDGE('',*,*,#5333,.F.);
#5333 = EDGE_CURVE('',#5334,#5326,#5336,.T.);
#5334 = VERTEX_POINT('',#5335);
#5335 = CARTESIAN_POINT('',(0.15,-0.3,-5.6));
#5336 = CIRCLE('',#5337,0.6);
#5337 = AXIS2_PLACEMENT_3D('',#5338,#5339,#5340);
#5338 = CARTESIAN_POINT('',(0.15,-0.3,-5.));
#5339 = DIRECTION('',(0.,-1.,6.123233995737E-17));
#5340 = DIRECTION('',(1.402715769533E-14,-6.123233995737E-17,-1.));
#5341 = ORIENTED_EDGE('',*,*,#5342,.F.);
#5342 = EDGE_CURVE('',#5317,#5334,#5343,.T.);
#5343 = LINE('',#5344,#5345);
#5344 = CARTESIAN_POINT('',(0.15,-1.1,-5.35));
#5345 = VECTOR('',#5346,1.);
#5346 = DIRECTION('',(0.,0.954479978035,-0.298274993136));
#5347 = SURFACE_OF_REVOLUTION('',#5348,#5352);
#5348 = LINE('',#5349,#5350);
#5349 = CARTESIAN_POINT('',(0.15,-1.1,-4.65));
#5350 = VECTOR('',#5351,1.);
#5351 = DIRECTION('',(1.059685648158E-15,0.954479978035,0.298274993136)
  );
#5352 = AXIS1_PLACEMENT('',#5353,#5354);
#5353 = CARTESIAN_POINT('',(0.15,-1.0011E+03,-5.));
#5354 = DIRECTION('',(0.,-1.,0.));
#5355 = SHELL_BASED_SURFACE_MODEL('',(#5356));
#5356 = OPEN_SHELL('',(#5357));
#5357 = ADVANCED_FACE('',(#5358),#5392,.T.);
#5358 = FACE_BOUND('',#5359,.T.);
#5359 = EDGE_LOOP('',(#5360,#5370,#5378,#5386));
#5360 = ORIENTED_EDGE('',*,*,#5361,.T.);
#5361 = EDGE_CURVE('',#5362,#5364,#5366,.T.);
#5362 = VERTEX_POINT('',#5363);
#5363 = CARTESIAN_POINT('',(-0.15,-1.1,-5.35));
#5364 = VERTEX_POINT('',#5365);
#5365 = CARTESIAN_POINT('',(-0.15,-0.3,-5.6));
#5366 = LINE('',#5367,#5368);
#5367 = CARTESIAN_POINT('',(-0.15,-1.1,-5.35));
#5368 = VECTOR('',#5369,1.);
#5369 = DIRECTION('',(0.,0.954479978035,-0.298274993136));
#5370 = ORIENTED_EDGE('',*,*,#5371,.T.);
#5371 = EDGE_CURVE('',#5364,#5372,#5374,.T.);
#5372 = VERTEX_POINT('',#5373);
#5373 = CARTESIAN_POINT('',(0.15,-0.3,-5.6));
#5374 = LINE('',#5375,#5376);
#5375 = CARTESIAN_POINT('',(-0.15,-0.3,-5.6));
#5376 = VECTOR('',#5377,1.);
#5377 = DIRECTION('',(1.,0.,0.));
#5378 = ORIENTED_EDGE('',*,*,#5379,.T.);
#5379 = EDGE_CURVE('',#5372,#5380,#5382,.T.);
#5380 = VERTEX_POINT('',#5381);
#5381 = CARTESIAN_POINT('',(0.15,-1.1,-5.35));
#5382 = LINE('',#5383,#5384);
#5383 = CARTESIAN_POINT('',(0.15,-0.3,-5.6));
#5384 = VECTOR('',#5385,1.);
#5385 = DIRECTION('',(0.,-0.954479978035,0.298274993136));
#5386 = ORIENTED_EDGE('',*,*,#5387,.T.);
#5387 = EDGE_CURVE('',#5380,#5362,#5388,.T.);
#5388 = LINE('',#5389,#5390);
#5389 = CARTESIAN_POINT('',(0.15,-1.1,-5.35));
#5390 = VECTOR('',#5391,1.);
#5391 = DIRECTION('',(-1.,0.,0.));
#5392 = B_SPLINE_SURFACE_WITH_KNOTS('',1,1,(
    (#5393,#5394)
    ,(#5395,#5396
    )),.UNSPECIFIED.,.F.,.F.,.F.,(2,2),(2,2),(0.,1.),(0.,1.),
  .PIECEWISE_BEZIER_KNOTS.);
#5393 = CARTESIAN_POINT('',(-0.15,-1.1,-5.35));
#5394 = CARTESIAN_POINT('',(0.15,-1.1,-5.35));
#5395 = CARTESIAN_POINT('',(-0.15,-0.3,-5.6));
#5396 = CARTESIAN_POINT('',(0.15,-0.3,-5.6));
#5397 = SHELL_BASED_SURFACE_MODEL('',(#5398));
#5398 = OPEN_SHELL('',(#5399));
#5399 = ADVANCED_FACE('',(#5400),#5436,.T.);
#5400 = FACE_BOUND('',#5401,.T.);
#5401 = EDGE_LOOP('',(#5402,#5413,#5421,#5430));
#5402 = ORIENTED_EDGE('',*,*,#5403,.F.);
#5403 = EDGE_CURVE('',#5404,#5406,#5408,.T.);
#5404 = VERTEX_POINT('',#5405);
#5405 = CARTESIAN_POINT('',(-0.15,-1.1,-5.35));
#5406 = VERTEX_POINT('',#5407);
#5407 = CARTESIAN_POINT('',(-0.15,-1.1,-4.65));
#5408 = CIRCLE('',#5409,0.35);
#5409 = AXIS2_PLACEMENT_3D('',#5410,#5411,#5412);
#5410 = CARTESIAN_POINT('',(-0.15,-1.1,-5.));
#5411 = DIRECTION('',(0.,1.,6.123233995737E-17));
#5412 = DIRECTION('',(-1.608122649677E-16,6.123233995737E-17,-1.));
#5413 = ORIENTED_EDGE('',*,*,#5414,.F.);
#5414 = EDGE_CURVE('',#5415,#5404,#5417,.T.);
#5415 = VERTEX_POINT('',#5416);
#5416 = CARTESIAN_POINT('',(-0.15,-0.3,-5.6));
#5417 = LINE('',#5418,#5419);
#5418 = CARTESIAN_POINT('',(-0.15,-0.3,-5.6));
#5419 = VECTOR('',#5420,1.);
#5420 = DIRECTION('',(0.,-0.954479978035,0.298274993136));
#5421 = ORIENTED_EDGE('',*,*,#5422,.F.);
#5422 = EDGE_CURVE('',#5423,#5415,#5425,.T.);
#5423 = VERTEX_POINT('',#5424);
#5424 = CARTESIAN_POINT('',(-0.15,-0.3,-4.4));
#5425 = CIRCLE('',#5426,0.6);
#5426 = AXIS2_PLACEMENT_3D('',#5427,#5428,#5429);
#5427 = CARTESIAN_POINT('',(-0.15,-0.3,-5.));
#5428 = DIRECTION('',(0.,-1.,6.123233995737E-17));
#5429 = DIRECTION('',(-1.608122649677E-16,6.123233995737E-17,1.));
#5430 = ORIENTED_EDGE('',*,*,#5431,.F.);
#5431 = EDGE_CURVE('',#5406,#5423,#5432,.T.);
#5432 = LINE('',#5433,#5434);
#5433 = CARTESIAN_POINT('',(-0.15,-1.1,-4.65));
#5434 = VECTOR('',#5435,1.);
#5435 = DIRECTION('',(0.,0.954479978035,0.298274993136));
#5436 = SURFACE_OF_REVOLUTION('',#5437,#5441);
#5437 = LINE('',#5438,#5439);
#5438 = CARTESIAN_POINT('',(-0.15,-1.1,-4.65));
#5439 = VECTOR('',#5440,1.);
#5440 = DIRECTION('',(1.059685648158E-15,0.954479978035,0.298274993136)
  );
#5441 = AXIS1_PLACEMENT('',#5442,#5443);
#5442 = CARTESIAN_POINT('',(-0.15,-1.0011E+03,-5.));
#5443 = DIRECTION('',(0.,-1.,0.));
#5444 = SHELL_BASED_SURFACE_MODEL('',(#5445));
#5445 = OPEN_SHELL('',(#5446));
#5446 = ADVANCED_FACE('',(#5447),#5481,.T.);
#5447 = FACE_BOUND('',#5448,.T.);
#5448 = EDGE_LOOP('',(#5449,#5459,#5467,#5475));
#5449 = ORIENTED_EDGE('',*,*,#5450,.T.);
#5450 = EDGE_CURVE('',#5451,#5453,#5455,.T.);
#5451 = VERTEX_POINT('',#5452);
#5452 = CARTESIAN_POINT('',(0.15,-0.3,-4.4));
#5453 = VERTEX_POINT('',#5454);
#5454 = CARTESIAN_POINT('',(0.15,-1.1,-4.65));
#5455 = LINE('',#5456,#5457);
#5456 = CARTESIAN_POINT('',(0.15,-0.3,-4.4));
#5457 = VECTOR('',#5458,1.);
#5458 = DIRECTION('',(0.,-0.954479978035,-0.298274993136));
#5459 = ORIENTED_EDGE('',*,*,#5460,.T.);
#5460 = EDGE_CURVE('',#5453,#5461,#5463,.T.);
#5461 = VERTEX_POINT('',#5462);
#5462 = CARTESIAN_POINT('',(-0.15,-1.1,-4.65));
#5463 = LINE('',#5464,#5465);
#5464 = CARTESIAN_POINT('',(0.15,-1.1,-4.65));
#5465 = VECTOR('',#5466,1.);
#5466 = DIRECTION('',(-1.,0.,0.));
#5467 = ORIENTED_EDGE('',*,*,#5468,.T.);
#5468 = EDGE_CURVE('',#5461,#5469,#5471,.T.);
#5469 = VERTEX_POINT('',#5470);
#5470 = CARTESIAN_POINT('',(-0.15,-0.3,-4.4));
#5471 = LINE('',#5472,#5473);
#5472 = CARTESIAN_POINT('',(-0.15,-1.1,-4.65));
#5473 = VECTOR('',#5474,1.);
#5474 = DIRECTION('',(0.,0.954479978035,0.298274993136));
#5475 = ORIENTED_EDGE('',*,*,#5476,.T.);
#5476 = EDGE_CURVE('',#5469,#5451,#5477,.T.);
#5477 = LINE('',#5478,#5479);
#5478 = CARTESIAN_POINT('',(-0.15,-0.3,-4.4));
#5479 = VECTOR('',#5480,1.);
#5480 = DIRECTION('',(1.,0.,0.));
#5481 = B_SPLINE_SURFACE_WITH_KNOTS('',1,1,(
    (#5482,#5483)
    ,(#5484,#5485
    )),.UNSPECIFIED.,.F.,.F.,.F.,(2,2),(2,2),(0.,1.),(0.,1.),
  .PIECEWISE_BEZIER_KNOTS.);
#5482 = CARTESIAN_POINT('',(-0.15,-1.1,-4.65));
#5483 = CARTESIAN_POINT('',(0.15,-1.1,-4.65));
#5484 = CARTESIAN_POINT('',(-0.15,-0.3,-4.4));
#5485 = CARTESIAN_POINT('',(0.15,-0.3,-4.4));
#5486 = SHELL_BASED_SURFACE_MODEL('',(#5487));
#5487 = OPEN_SHELL('',(#5488));
#5488 = ADVANCED_FACE('',(#5489),#5635,.T.);
#5489 = FACE_BOUND('',#5490,.T.);
#5490 = EDGE_LOOP('',(#5491,#5501,#5509,#5517,#5525,#5533,#5541,#5549,
    #5557,#5565,#5573,#5581,#5589,#5597,#5605,#5613,#5621,#5629));
#5491 = ORIENTED_EDGE('',*,*,#5492,.T.);
#5492 = EDGE_CURVE('',#5493,#5495,#5497,.T.);
#5493 = VERTEX_POINT('',#5494);
#5494 = CARTESIAN_POINT('',(-0.150000000064,-1.1,-5.35));
#5495 = VERTEX_POINT('',#5496);
#5496 = CARTESIAN_POINT('',(0.150000000064,-1.1,-5.35));
#5497 = LINE('',#5498,#5499);
#5498 = CARTESIAN_POINT('',(-0.15,-1.1,-5.35));
#5499 = VECTOR('',#5500,1.);
#5500 = DIRECTION('',(1.,0.,0.));
#5501 = ORIENTED_EDGE('',*,*,#5502,.T.);
#5502 = EDGE_CURVE('',#5495,#5503,#5505,.T.);
#5503 = VERTEX_POINT('',#5504);
#5504 = CARTESIAN_POINT('',(0.283939200996,-1.1,-5.3233578362));
#5505 = B_SPLINE_CURVE_WITH_KNOTS('',2,(#5506,#5507,#5508),
  .UNSPECIFIED.,.F.,.F.,(3,3),(0.,0.125),.PIECEWISE_BEZIER_KNOTS.);
#5506 = CARTESIAN_POINT('',(0.150000000128,-1.1,-5.35));
#5507 = CARTESIAN_POINT('',(0.219619328764,-1.1,-5.35));
#5508 = CARTESIAN_POINT('',(0.283939200996,-1.1,-5.3233578362));
#5509 = ORIENTED_EDGE('',*,*,#5510,.T.);
#5510 = EDGE_CURVE('',#5503,#5511,#5513,.T.);
#5511 = VERTEX_POINT('',#5512);
#5512 = CARTESIAN_POINT('',(0.397487373008,-1.1,-5.2474873737));
#5513 = B_SPLINE_CURVE_WITH_KNOTS('',2,(#5514,#5515,#5516),
  .UNSPECIFIED.,.F.,.F.,(3,3),(0.125,0.25),.PIECEWISE_BEZIER_KNOTS.);
#5514 = CARTESIAN_POINT('',(0.283939200996,-1.1,-5.3233578362));
#5515 = CARTESIAN_POINT('',(0.34825907424,-1.1,-5.2967156731));
#5516 = CARTESIAN_POINT('',(0.397487373008,-1.1,-5.2474873737));
#5517 = ORIENTED_EDGE('',*,*,#5518,.T.);
#5518 = EDGE_CURVE('',#5511,#5519,#5521,.T.);
#5519 = VERTEX_POINT('',#5520);
#5520 = CARTESIAN_POINT('',(0.473357836776,-1.1,-5.1339392012));
#5521 = B_SPLINE_CURVE_WITH_KNOTS('',2,(#5522,#5523,#5524),
  .UNSPECIFIED.,.F.,.F.,(3,3),(0.25,0.375),.PIECEWISE_BEZIER_KNOTS.);
#5522 = CARTESIAN_POINT('',(0.397487373008,-1.1,-5.2474873737));
#5523 = CARTESIAN_POINT('',(0.446715672788,-1.1,-5.1982590743));
#5524 = CARTESIAN_POINT('',(0.473357836776,-1.1,-5.1339392012));
#5525 = ORIENTED_EDGE('',*,*,#5526,.T.);
#5526 = EDGE_CURVE('',#5519,#5527,#5529,.T.);
#5527 = VERTEX_POINT('',#5528);
#5528 = CARTESIAN_POINT('',(0.499999999752,-1.1,-5.));
#5529 = B_SPLINE_CURVE_WITH_KNOTS('',2,(#5530,#5531,#5532),
  .UNSPECIFIED.,.F.,.F.,(3,3),(0.375,0.5),.PIECEWISE_BEZIER_KNOTS.);
#5530 = CARTESIAN_POINT('',(0.473357836776,-1.1,-5.1339392012));
#5531 = CARTESIAN_POINT('',(0.499999999752,-1.1,-5.0696193288));
#5532 = CARTESIAN_POINT('',(0.499999999752,-1.1,-5.));
#5533 = ORIENTED_EDGE('',*,*,#5534,.T.);
#5534 = EDGE_CURVE('',#5527,#5535,#5537,.T.);
#5535 = VERTEX_POINT('',#5536);
#5536 = CARTESIAN_POINT('',(0.473357836776,-1.1,-4.8660607988));
#5537 = B_SPLINE_CURVE_WITH_KNOTS('',2,(#5538,#5539,#5540),
  .UNSPECIFIED.,.F.,.F.,(3,3),(0.5,0.625),.PIECEWISE_BEZIER_KNOTS.);
#5538 = CARTESIAN_POINT('',(0.499999999752,-1.1,-5.));
#5539 = CARTESIAN_POINT('',(0.499999999752,-1.1,-4.9303806712));
#5540 = CARTESIAN_POINT('',(0.473357836776,-1.1,-4.8660607988));
#5541 = ORIENTED_EDGE('',*,*,#5542,.T.);
#5542 = EDGE_CURVE('',#5535,#5543,#5545,.T.);
#5543 = VERTEX_POINT('',#5544);
#5544 = CARTESIAN_POINT('',(0.397487373008,-1.1,-4.7525126263));
#5545 = B_SPLINE_CURVE_WITH_KNOTS('',2,(#5546,#5547,#5548),
  .UNSPECIFIED.,.F.,.F.,(3,3),(0.625,0.75),.PIECEWISE_BEZIER_KNOTS.);
#5546 = CARTESIAN_POINT('',(0.473357836776,-1.1,-4.8660607988));
#5547 = CARTESIAN_POINT('',(0.446715672788,-1.1,-4.8017409257));
#5548 = CARTESIAN_POINT('',(0.397487373008,-1.1,-4.7525126263));
#5549 = ORIENTED_EDGE('',*,*,#5550,.T.);
#5550 = EDGE_CURVE('',#5543,#5551,#5553,.T.);
#5551 = VERTEX_POINT('',#5552);
#5552 = CARTESIAN_POINT('',(0.283939200996,-1.1,-4.6766421638));
#5553 = B_SPLINE_CURVE_WITH_KNOTS('',2,(#5554,#5555,#5556),
  .UNSPECIFIED.,.F.,.F.,(3,3),(0.75,0.875),.PIECEWISE_BEZIER_KNOTS.);
#5554 = CARTESIAN_POINT('',(0.397487373008,-1.1,-4.7525126263));
#5555 = CARTESIAN_POINT('',(0.34825907424,-1.1,-4.7032843269));
#5556 = CARTESIAN_POINT('',(0.283939200996,-1.1,-4.6766421638));
#5557 = ORIENTED_EDGE('',*,*,#5558,.T.);
#5558 = EDGE_CURVE('',#5551,#5559,#5561,.T.);
#5559 = VERTEX_POINT('',#5560);
#5560 = CARTESIAN_POINT('',(0.150000000064,-1.1,-4.65));
#5561 = B_SPLINE_CURVE_WITH_KNOTS('',2,(#5562,#5563,#5564),
  .UNSPECIFIED.,.F.,.F.,(3,3),(0.875,1.),.PIECEWISE_BEZIER_KNOTS.);
#5562 = CARTESIAN_POINT('',(0.283939200996,-1.1,-4.6766421638));
#5563 = CARTESIAN_POINT('',(0.219619328764,-1.1,-4.65));
#5564 = CARTESIAN_POINT('',(0.150000000128,-1.1,-4.65));
#5565 = ORIENTED_EDGE('',*,*,#5566,.T.);
#5566 = EDGE_CURVE('',#5559,#5567,#5569,.T.);
#5567 = VERTEX_POINT('',#5568);
#5568 = CARTESIAN_POINT('',(-0.150000000064,-1.1,-4.65));
#5569 = LINE('',#5570,#5571);
#5570 = CARTESIAN_POINT('',(0.15,-1.1,-4.65));
#5571 = VECTOR('',#5572,1.);
#5572 = DIRECTION('',(-1.,0.,0.));
#5573 = ORIENTED_EDGE('',*,*,#5574,.T.);
#5574 = EDGE_CURVE('',#5567,#5575,#5577,.T.);
#5575 = VERTEX_POINT('',#5576);
#5576 = CARTESIAN_POINT('',(-0.283939200996,-1.1,-4.6766421638));
#5577 = B_SPLINE_CURVE_WITH_KNOTS('',2,(#5578,#5579,#5580),
  .UNSPECIFIED.,.F.,.F.,(3,3),(0.,0.125),.PIECEWISE_BEZIER_KNOTS.);
#5578 = CARTESIAN_POINT('',(-0.150000000128,-1.1,-4.65));
#5579 = CARTESIAN_POINT('',(-0.219619328764,-1.1,-4.65));
#5580 = CARTESIAN_POINT('',(-0.283939200996,-1.1,-4.6766421638));
#5581 = ORIENTED_EDGE('',*,*,#5582,.T.);
#5582 = EDGE_CURVE('',#5575,#5583,#5585,.T.);
#5583 = VERTEX_POINT('',#5584);
#5584 = CARTESIAN_POINT('',(-0.397487373008,-1.1,-4.7525126263));
#5585 = B_SPLINE_CURVE_WITH_KNOTS('',2,(#5586,#5587,#5588),
  .UNSPECIFIED.,.F.,.F.,(3,3),(0.125,0.25),.PIECEWISE_BEZIER_KNOTS.);
#5586 = CARTESIAN_POINT('',(-0.283939200996,-1.1,-4.6766421638));
#5587 = CARTESIAN_POINT('',(-0.34825907424,-1.1,-4.7032843269));
#5588 = CARTESIAN_POINT('',(-0.397487373008,-1.1,-4.7525126263));
#5589 = ORIENTED_EDGE('',*,*,#5590,.T.);
#5590 = EDGE_CURVE('',#5583,#5591,#5593,.T.);
#5591 = VERTEX_POINT('',#5592);
#5592 = CARTESIAN_POINT('',(-0.473357836776,-1.1,-4.8660607988));
#5593 = B_SPLINE_CURVE_WITH_KNOTS('',2,(#5594,#5595,#5596),
  .UNSPECIFIED.,.F.,.F.,(3,3),(0.25,0.375),.PIECEWISE_BEZIER_KNOTS.);
#5594 = CARTESIAN_POINT('',(-0.397487373008,-1.1,-4.7525126263));
#5595 = CARTESIAN_POINT('',(-0.446715672788,-1.1,-4.8017409257));
#5596 = CARTESIAN_POINT('',(-0.473357836776,-1.1,-4.8660607988));
#5597 = ORIENTED_EDGE('',*,*,#5598,.T.);
#5598 = EDGE_CURVE('',#5591,#5599,#5601,.T.);
#5599 = VERTEX_POINT('',#5600);
#5600 = CARTESIAN_POINT('',(-0.499999999752,-1.1,-5.));
#5601 = B_SPLINE_CURVE_WITH_KNOTS('',2,(#5602,#5603,#5604),
  .UNSPECIFIED.,.F.,.F.,(3,3),(0.375,0.5),.PIECEWISE_BEZIER_KNOTS.);
#5602 = CARTESIAN_POINT('',(-0.473357836776,-1.1,-4.8660607988));
#5603 = CARTESIAN_POINT('',(-0.499999999752,-1.1,-4.9303806712));
#5604 = CARTESIAN_POINT('',(-0.499999999752,-1.1,-5.));
#5605 = ORIENTED_EDGE('',*,*,#5606,.T.);
#5606 = EDGE_CURVE('',#5599,#5607,#5609,.T.);
#5607 = VERTEX_POINT('',#5608);
#5608 = CARTESIAN_POINT('',(-0.473357836776,-1.1,-5.1339392012));
#5609 = B_SPLINE_CURVE_WITH_KNOTS('',2,(#5610,#5611,#5612),
  .UNSPECIFIED.,.F.,.F.,(3,3),(0.5,0.625),.PIECEWISE_BEZIER_KNOTS.);
#5610 = CARTESIAN_POINT('',(-0.499999999752,-1.1,-5.));
#5611 = CARTESIAN_POINT('',(-0.499999999752,-1.1,-5.0696193288));
#5612 = CARTESIAN_POINT('',(-0.473357836776,-1.1,-5.1339392012));
#5613 = ORIENTED_EDGE('',*,*,#5614,.T.);
#5614 = EDGE_CURVE('',#5607,#5615,#5617,.T.);
#5615 = VERTEX_POINT('',#5616);
#5616 = CARTESIAN_POINT('',(-0.397487373008,-1.1,-5.2474873737));
#5617 = B_SPLINE_CURVE_WITH_KNOTS('',2,(#5618,#5619,#5620),
  .UNSPECIFIED.,.F.,.F.,(3,3),(0.625,0.75),.PIECEWISE_BEZIER_KNOTS.);
#5618 = CARTESIAN_POINT('',(-0.473357836776,-1.1,-5.1339392012));
#5619 = CARTESIAN_POINT('',(-0.446715672788,-1.1,-5.1982590743));
#5620 = CARTESIAN_POINT('',(-0.397487373008,-1.1,-5.2474873737));
#5621 = ORIENTED_EDGE('',*,*,#5622,.T.);
#5622 = EDGE_CURVE('',#5615,#5623,#5625,.T.);
#5623 = VERTEX_POINT('',#5624);
#5624 = CARTESIAN_POINT('',(-0.283939200996,-1.1,-5.3233578362));
#5625 = B_SPLINE_CURVE_WITH_KNOTS('',2,(#5626,#5627,#5628),
  .UNSPECIFIED.,.F.,.F.,(3,3),(0.75,0.875),.PIECEWISE_BEZIER_KNOTS.);
#5626 = CARTESIAN_POINT('',(-0.397487373008,-1.1,-5.2474873737));
#5627 = CARTESIAN_POINT('',(-0.34825907424,-1.1,-5.2967156731));
#5628 = CARTESIAN_POINT('',(-0.283939200996,-1.1,-5.3233578362));
#5629 = ORIENTED_EDGE('',*,*,#5630,.T.);
#5630 = EDGE_CURVE('',#5623,#5493,#5631,.T.);
#5631 = B_SPLINE_CURVE_WITH_KNOTS('',2,(#5632,#5633,#5634),
  .UNSPECIFIED.,.F.,.F.,(3,3),(0.875,1.),.PIECEWISE_BEZIER_KNOTS.);
#5632 = CARTESIAN_POINT('',(-0.283939200996,-1.1,-5.3233578362));
#5633 = CARTESIAN_POINT('',(-0.219619328764,-1.1,-5.35));
#5634 = CARTESIAN_POINT('',(-0.150000000128,-1.1,-5.35));
#5635 = B_SPLINE_SURFACE_WITH_KNOTS('',1,1,(
    (#5636,#5637)
    ,(#5638,#5639
    )),.UNSPECIFIED.,.F.,.F.,.F.,(2,2),(2,2),(0.,1.),(0.,1.),
  .PIECEWISE_BEZIER_KNOTS.);
#5636 = CARTESIAN_POINT('',(-0.506,-1.1,-4.65));
#5637 = CARTESIAN_POINT('',(0.506,-1.1,-4.65));
#5638 = CARTESIAN_POINT('',(-0.506,-1.1,-5.35));
#5639 = CARTESIAN_POINT('',(0.506,-1.1,-5.35));
#5640 = SHELL_BASED_SURFACE_MODEL('',(#5641));
#5641 = OPEN_SHELL('',(#5642));
#5642 = ADVANCED_FACE('',(#5643),#5679,.T.);
#5643 = FACE_BOUND('',#5644,.T.);
#5644 = EDGE_LOOP('',(#5645,#5656,#5664,#5673));
#5645 = ORIENTED_EDGE('',*,*,#5646,.F.);
#5646 = EDGE_CURVE('',#5647,#5649,#5651,.T.);
#5647 = VERTEX_POINT('',#5648);
#5648 = CARTESIAN_POINT('',(-1.018610822318E-02,-0.3,-8.649999999777));
#5649 = VERTEX_POINT('',#5650);
#5650 = CARTESIAN_POINT('',(-1.018610822318E-02,-0.3,-10.34999999977));
#5651 = CIRCLE('',#5652,0.85);
#5652 = AXIS2_PLACEMENT_3D('',#5653,#5654,#5655);
#5653 = CARTESIAN_POINT('',(-1.018610844637E-02,-0.3,-9.499999999554));
#5654 = DIRECTION('',(0.,-1.,6.123233995737E-17));
#5655 = DIRECTION('',(6.123233995737E-17,6.123233995737E-17,1.));
#5656 = ORIENTED_EDGE('',*,*,#5657,.F.);
#5657 = EDGE_CURVE('',#5658,#5647,#5660,.T.);
#5658 = VERTEX_POINT('',#5659);
#5659 = CARTESIAN_POINT('',(-1.018610822319E-02,-1.1,-8.900000000223));
#5660 = LINE('',#5661,#5662);
#5661 = CARTESIAN_POINT('',(-1.0186108E-02,-1.1,-8.9));
#5662 = VECTOR('',#5663,1.);
#5663 = DIRECTION('',(0.,0.954479978035,0.298274993136));
#5664 = ORIENTED_EDGE('',*,*,#5665,.F.);
#5665 = EDGE_CURVE('',#5666,#5658,#5668,.T.);
#5666 = VERTEX_POINT('',#5667);
#5667 = CARTESIAN_POINT('',(-1.018610822318E-02,-1.1,-10.10000000022));
#5668 = CIRCLE('',#5669,0.6);
#5669 = AXIS2_PLACEMENT_3D('',#5670,#5671,#5672);
#5670 = CARTESIAN_POINT('',(-1.018610844637E-02,-1.1,-9.500000000446));
#5671 = DIRECTION('',(0.,1.,6.123233995737E-17));
#5672 = DIRECTION('',(6.123233995737E-17,6.123233995737E-17,-1.));
#5673 = ORIENTED_EDGE('',*,*,#5674,.F.);
#5674 = EDGE_CURVE('',#5649,#5666,#5675,.T.);
#5675 = LINE('',#5676,#5677);
#5676 = CARTESIAN_POINT('',(-1.0186108E-02,-0.3,-10.35));
#5677 = VECTOR('',#5678,1.);
#5678 = DIRECTION('',(0.,-0.954479978035,0.298274993136));
#5679 = SURFACE_OF_REVOLUTION('',#5680,#5684);
#5680 = LINE('',#5681,#5682);
#5681 = CARTESIAN_POINT('',(-1.0186108E-02,-1.1,-8.9));
#5682 = VECTOR('',#5683,1.);
#5683 = DIRECTION('',(1.059685648158E-15,0.954479978035,0.298274993136)
  );
#5684 = AXIS1_PLACEMENT('',#5685,#5686);
#5685 = CARTESIAN_POINT('',(-1.0186108E-02,-1.0011E+03,-9.5));
#5686 = DIRECTION('',(0.,-1.,0.));
#5687 = SHELL_BASED_SURFACE_MODEL('',(#5688));
#5688 = OPEN_SHELL('',(#5689));
#5689 = ADVANCED_FACE('',(#5690),#5726,.T.);
#5690 = FACE_BOUND('',#5691,.T.);
#5691 = EDGE_LOOP('',(#5692,#5702,#5711,#5719));
#5692 = ORIENTED_EDGE('',*,*,#5693,.F.);
#5693 = EDGE_CURVE('',#5694,#5696,#5698,.T.);
#5694 = VERTEX_POINT('',#5695);
#5695 = CARTESIAN_POINT('',(-3.25,6.5,-9.6));
#5696 = VERTEX_POINT('',#5697);
#5697 = CARTESIAN_POINT('',(-3.25,6.5,-2.269462870248E-14));
#5698 = LINE('',#5699,#5700);
#5699 = CARTESIAN_POINT('',(-3.25,6.5,-9.6));
#5700 = VECTOR('',#5701,1.);
#5701 = DIRECTION('',(0.,0.,1.));
#5702 = ORIENTED_EDGE('',*,*,#5703,.F.);
#5703 = EDGE_CURVE('',#5704,#5694,#5706,.T.);
#5704 = VERTEX_POINT('',#5705);
#5705 = CARTESIAN_POINT('',(3.25,6.5,-9.6));
#5706 = CIRCLE('',#5707,3.25);
#5707 = AXIS2_PLACEMENT_3D('',#5708,#5709,#5710);
#5708 = CARTESIAN_POINT('',(0.,6.5,-9.6));
#5709 = DIRECTION('',(0.,0.,1.));
#5710 = DIRECTION('',(1.,0.,-0.));
#5711 = ORIENTED_EDGE('',*,*,#5712,.F.);
#5712 = EDGE_CURVE('',#5713,#5704,#5715,.T.);
#5713 = VERTEX_POINT('',#5714);
#5714 = CARTESIAN_POINT('',(3.25,6.5,-2.269462870248E-14));
#5715 = LINE('',#5716,#5717);
#5716 = CARTESIAN_POINT('',(3.25,6.5,0.));
#5717 = VECTOR('',#5718,1.);
#5718 = DIRECTION('',(0.,0.,-1.));
#5719 = ORIENTED_EDGE('',*,*,#5720,.F.);
#5720 = EDGE_CURVE('',#5696,#5713,#5721,.T.);
#5721 = CIRCLE('',#5722,3.25);
#5722 = AXIS2_PLACEMENT_3D('',#5723,#5724,#5725);
#5723 = CARTESIAN_POINT('',(-4.538925740496E-14,6.5,-4.538925740496E-14)
  );
#5724 = DIRECTION('',(0.,-6.982962677686E-15,-1.));
#5725 = DIRECTION('',(-1.,-6.982962677686E-15,4.876176775796E-29));
#5726 = SURFACE_OF_REVOLUTION('',#5727,#5731);
#5727 = LINE('',#5728,#5729);
#5728 = CARTESIAN_POINT('',(3.25,6.5,-9.6));
#5729 = VECTOR('',#5730,1.);
#5730 = DIRECTION('',(0.,0.,1.));
#5731 = AXIS1_PLACEMENT('',#5732,#5733);
#5732 = CARTESIAN_POINT('',(0.,6.5,-9.6));
#5733 = DIRECTION('',(0.,0.,-1.));
#5734 = SHELL_BASED_SURFACE_MODEL('',(#5735));
#5735 = OPEN_SHELL('',(#5736));
#5736 = ADVANCED_FACE('',(#5737,#5995),#6253,.T.);
#5737 = FACE_BOUND('',#5738,.T.);
#5738 = EDGE_LOOP('',(#5739,#5749,#5757,#5765,#5773,#5781,#5789,#5797,
    #5805,#5813,#5821,#5829,#5837,#5845,#5853,#5861,#5869,#5877,#5885,
    #5893,#5901,#5909,#5917,#5925,#5933,#5941,#5949,#5957,#5965,#5973,
    #5981,#5989));
#5739 = ORIENTED_EDGE('',*,*,#5740,.T.);
#5740 = EDGE_CURVE('',#5741,#5743,#5745,.T.);
#5741 = VERTEX_POINT('',#5742);
#5742 = CARTESIAN_POINT('',(-1.599999999206,6.5,-9.15));
#5743 = VERTEX_POINT('',#5744);
#5744 = CARTESIAN_POINT('',(-1.569256449587,6.187855484838,-9.15));
#5745 = B_SPLINE_CURVE_WITH_KNOTS('',2,(#5746,#5747,#5748),
  .UNSPECIFIED.,.F.,.F.,(3,3),(0.,6.25E-02),.PIECEWISE_BEZIER_KNOTS.);
#5746 = CARTESIAN_POINT('',(-1.599999999206,6.5,-9.15));
#5747 = CARTESIAN_POINT('',(-1.599999999206,6.342413753178,-9.15));
#5748 = CARTESIAN_POINT('',(-1.569256449587,6.187855484838,-9.15));
#5749 = ORIENTED_EDGE('',*,*,#5750,.T.);
#5750 = EDGE_CURVE('',#5743,#5751,#5753,.T.);
#5751 = VERTEX_POINT('',#5752);
#5752 = CARTESIAN_POINT('',(-1.478207253248,5.887706508467,-9.15));
#5753 = B_SPLINE_CURVE_WITH_KNOTS('',2,(#5754,#5755,#5756),
  .UNSPECIFIED.,.F.,.F.,(3,3),(6.25E-02,0.125),
  .PIECEWISE_BEZIER_KNOTS.);
#5754 = CARTESIAN_POINT('',(-1.569256449587,6.187855484838,-9.15));
#5755 = CARTESIAN_POINT('',(-1.53851289673,6.033297216499,-9.15));
#5756 = CARTESIAN_POINT('',(-1.478207253248,5.887706508467,-9.15));
#5757 = ORIENTED_EDGE('',*,*,#5758,.T.);
#5758 = EDGE_CURVE('',#5751,#5759,#5761,.T.);
#5759 = VERTEX_POINT('',#5760);
#5760 = CARTESIAN_POINT('',(-1.33035137833,5.611087626675,-9.15));
#5761 = B_SPLINE_CURVE_WITH_KNOTS('',2,(#5762,#5763,#5764),
  .UNSPECIFIED.,.F.,.F.,(3,3),(0.125,0.1875),.PIECEWISE_BEZIER_KNOTS.);
#5762 = CARTESIAN_POINT('',(-1.478207253248,5.887706508467,-9.15));
#5763 = CARTESIAN_POINT('',(-1.417901606528,5.742115800435,-9.15));
#5764 = CARTESIAN_POINT('',(-1.33035137833,5.611087626675,-9.15));
#5765 = ORIENTED_EDGE('',*,*,#5766,.T.);
#5766 = EDGE_CURVE('',#5759,#5767,#5769,.T.);
#5767 = VERTEX_POINT('',#5768);
#5768 = CARTESIAN_POINT('',(-1.131370850227,5.368629149773,-9.15));
#5769 = B_SPLINE_CURVE_WITH_KNOTS('',2,(#5770,#5771,#5772),
  .UNSPECIFIED.,.F.,.F.,(3,3),(0.1875,0.25),.PIECEWISE_BEZIER_KNOTS.);
#5770 = CARTESIAN_POINT('',(-1.33035137833,5.611087626675,-9.15));
#5771 = CARTESIAN_POINT('',(-1.24280115337,5.480059452915,-9.15));
#5772 = CARTESIAN_POINT('',(-1.131370850227,5.368629149773,-9.15));
#5773 = ORIENTED_EDGE('',*,*,#5774,.T.);
#5774 = EDGE_CURVE('',#5767,#5775,#5777,.T.);
#5775 = VERTEX_POINT('',#5776);
#5776 = CARTESIAN_POINT('',(-0.888912373325,5.16964862167,-9.15));
#5777 = B_SPLINE_CURVE_WITH_KNOTS('',2,(#5778,#5779,#5780),
  .UNSPECIFIED.,.F.,.F.,(3,3),(0.25,0.3125),.PIECEWISE_BEZIER_KNOTS.);
#5778 = CARTESIAN_POINT('',(-1.131370850227,5.368629149773,-9.15));
#5779 = CARTESIAN_POINT('',(-1.019940547085,5.25719884663,-9.15));
#5780 = CARTESIAN_POINT('',(-0.888912373325,5.16964862167,-9.15));
#5781 = ORIENTED_EDGE('',*,*,#5782,.T.);
#5782 = EDGE_CURVE('',#5775,#5783,#5785,.T.);
#5783 = VERTEX_POINT('',#5784);
#5784 = CARTESIAN_POINT('',(-0.612293491533,5.021792746752,-9.15));
#5785 = B_SPLINE_CURVE_WITH_KNOTS('',2,(#5786,#5787,#5788),
  .UNSPECIFIED.,.F.,.F.,(3,3),(0.3125,0.375),.PIECEWISE_BEZIER_KNOTS.);
#5786 = CARTESIAN_POINT('',(-0.888912373325,5.16964862167,-9.15));
#5787 = CARTESIAN_POINT('',(-0.757884199565,5.082098393472,-9.15));
#5788 = CARTESIAN_POINT('',(-0.612293491533,5.021792746752,-9.15));
#5789 = ORIENTED_EDGE('',*,*,#5790,.T.);
#5790 = EDGE_CURVE('',#5783,#5791,#5793,.T.);
#5791 = VERTEX_POINT('',#5792);
#5792 = CARTESIAN_POINT('',(-0.312144515162,4.930743550413,-9.15));
#5793 = B_SPLINE_CURVE_WITH_KNOTS('',2,(#5794,#5795,#5796),
  .UNSPECIFIED.,.F.,.F.,(3,3),(0.375,0.4375),.PIECEWISE_BEZIER_KNOTS.);
#5794 = CARTESIAN_POINT('',(-0.612293491533,5.021792746752,-9.15));
#5795 = CARTESIAN_POINT('',(-0.466702783501,4.96148710327,-9.15));
#5796 = CARTESIAN_POINT('',(-0.312144515162,4.930743550413,-9.15));
#5797 = ORIENTED_EDGE('',*,*,#5798,.T.);
#5798 = EDGE_CURVE('',#5791,#5799,#5801,.T.);
#5799 = VERTEX_POINT('',#5800);
#5800 = CARTESIAN_POINT('',(0.,4.900000000794,-9.15));
#5801 = B_SPLINE_CURVE_WITH_KNOTS('',2,(#5802,#5803,#5804),
  .UNSPECIFIED.,.F.,.F.,(3,3),(0.4375,0.5),.PIECEWISE_BEZIER_KNOTS.);
#5802 = CARTESIAN_POINT('',(-0.312144515162,4.930743550413,-9.15));
#5803 = CARTESIAN_POINT('',(-0.157586246822,4.900000000794,-9.15));
#5804 = CARTESIAN_POINT('',(0.,4.900000000794,-9.15));
#5805 = ORIENTED_EDGE('',*,*,#5806,.T.);
#5806 = EDGE_CURVE('',#5799,#5807,#5809,.T.);
#5807 = VERTEX_POINT('',#5808);
#5808 = CARTESIAN_POINT('',(0.312144515162,4.930743550413,-9.15));
#5809 = B_SPLINE_CURVE_WITH_KNOTS('',2,(#5810,#5811,#5812),
  .UNSPECIFIED.,.F.,.F.,(3,3),(0.5,0.5625),.PIECEWISE_BEZIER_KNOTS.);
#5810 = CARTESIAN_POINT('',(0.,4.900000000794,-9.15));
#5811 = CARTESIAN_POINT('',(0.157586246822,4.900000000794,-9.15));
#5812 = CARTESIAN_POINT('',(0.312144515162,4.930743550413,-9.15));
#5813 = ORIENTED_EDGE('',*,*,#5814,.T.);
#5814 = EDGE_CURVE('',#5807,#5815,#5817,.T.);
#5815 = VERTEX_POINT('',#5816);
#5816 = CARTESIAN_POINT('',(0.612293491533,5.021792746752,-9.15));
#5817 = B_SPLINE_CURVE_WITH_KNOTS('',2,(#5818,#5819,#5820),
  .UNSPECIFIED.,.F.,.F.,(3,3),(0.5625,0.625),.PIECEWISE_BEZIER_KNOTS.);
#5818 = CARTESIAN_POINT('',(0.312144515162,4.930743550413,-9.15));
#5819 = CARTESIAN_POINT('',(0.466702783501,4.96148710327,-9.15));
#5820 = CARTESIAN_POINT('',(0.612293491533,5.021792746752,-9.15));
#5821 = ORIENTED_EDGE('',*,*,#5822,.T.);
#5822 = EDGE_CURVE('',#5815,#5823,#5825,.T.);
#5823 = VERTEX_POINT('',#5824);
#5824 = CARTESIAN_POINT('',(0.888912373325,5.16964862167,-9.15));
#5825 = B_SPLINE_CURVE_WITH_KNOTS('',2,(#5826,#5827,#5828),
  .UNSPECIFIED.,.F.,.F.,(3,3),(0.625,0.6875),.PIECEWISE_BEZIER_KNOTS.);
#5826 = CARTESIAN_POINT('',(0.612293491533,5.021792746752,-9.15));
#5827 = CARTESIAN_POINT('',(0.757884199565,5.082098393472,-9.15));
#5828 = CARTESIAN_POINT('',(0.888912373325,5.16964862167,-9.15));
#5829 = ORIENTED_EDGE('',*,*,#5830,.T.);
#5830 = EDGE_CURVE('',#5823,#5831,#5833,.T.);
#5831 = VERTEX_POINT('',#5832);
#5832 = CARTESIAN_POINT('',(1.131370850227,5.368629149773,-9.15));
#5833 = B_SPLINE_CURVE_WITH_KNOTS('',2,(#5834,#5835,#5836),
  .UNSPECIFIED.,.F.,.F.,(3,3),(0.6875,0.75),.PIECEWISE_BEZIER_KNOTS.);
#5834 = CARTESIAN_POINT('',(0.888912373325,5.16964862167,-9.15));
#5835 = CARTESIAN_POINT('',(1.019940547085,5.25719884663,-9.15));
#5836 = CARTESIAN_POINT('',(1.131370850227,5.368629149773,-9.15));
#5837 = ORIENTED_EDGE('',*,*,#5838,.T.);
#5838 = EDGE_CURVE('',#5831,#5839,#5841,.T.);
#5839 = VERTEX_POINT('',#5840);
#5840 = CARTESIAN_POINT('',(1.33035137833,5.611087626675,-9.15));
#5841 = B_SPLINE_CURVE_WITH_KNOTS('',2,(#5842,#5843,#5844),
  .UNSPECIFIED.,.F.,.F.,(3,3),(0.75,0.8125),.PIECEWISE_BEZIER_KNOTS.);
#5842 = CARTESIAN_POINT('',(1.131370850227,5.368629149773,-9.15));
#5843 = CARTESIAN_POINT('',(1.24280115337,5.480059452915,-9.15));
#5844 = CARTESIAN_POINT('',(1.33035137833,5.611087626675,-9.15));
#5845 = ORIENTED_EDGE('',*,*,#5846,.T.);
#5846 = EDGE_CURVE('',#5839,#5847,#5849,.T.);
#5847 = VERTEX_POINT('',#5848);
#5848 = CARTESIAN_POINT('',(1.478207253248,5.887706508467,-9.15));
#5849 = B_SPLINE_CURVE_WITH_KNOTS('',2,(#5850,#5851,#5852),
  .UNSPECIFIED.,.F.,.F.,(3,3),(0.8125,0.875),.PIECEWISE_BEZIER_KNOTS.);
#5850 = CARTESIAN_POINT('',(1.33035137833,5.611087626675,-9.15));
#5851 = CARTESIAN_POINT('',(1.417901606528,5.742115800435,-9.15));
#5852 = CARTESIAN_POINT('',(1.478207253248,5.887706508467,-9.15));
#5853 = ORIENTED_EDGE('',*,*,#5854,.T.);
#5854 = EDGE_CURVE('',#5847,#5855,#5857,.T.);
#5855 = VERTEX_POINT('',#5856);
#5856 = CARTESIAN_POINT('',(1.569256449587,6.187855484838,-9.15));
#5857 = B_SPLINE_CURVE_WITH_KNOTS('',2,(#5858,#5859,#5860),
  .UNSPECIFIED.,.F.,.F.,(3,3),(0.875,0.9375),.PIECEWISE_BEZIER_KNOTS.);
#5858 = CARTESIAN_POINT('',(1.478207253248,5.887706508467,-9.15));
#5859 = CARTESIAN_POINT('',(1.53851289673,6.033297216499,-9.15));
#5860 = CARTESIAN_POINT('',(1.569256449587,6.187855484838,-9.15));
#5861 = ORIENTED_EDGE('',*,*,#5862,.T.);
#5862 = EDGE_CURVE('',#5855,#5863,#5865,.T.);
#5863 = VERTEX_POINT('',#5864);
#5864 = CARTESIAN_POINT('',(1.599999999206,6.5,-9.15));
#5865 = B_SPLINE_CURVE_WITH_KNOTS('',2,(#5866,#5867,#5868),
  .UNSPECIFIED.,.F.,.F.,(3,3),(0.9375,1.),.PIECEWISE_BEZIER_KNOTS.);
#5866 = CARTESIAN_POINT('',(1.569256449587,6.187855484838,-9.15));
#5867 = CARTESIAN_POINT('',(1.599999999206,6.342413753178,-9.15));
#5868 = CARTESIAN_POINT('',(1.599999999206,6.5,-9.15));
#5869 = ORIENTED_EDGE('',*,*,#5870,.T.);
#5870 = EDGE_CURVE('',#5863,#5871,#5873,.T.);
#5871 = VERTEX_POINT('',#5872);
#5872 = CARTESIAN_POINT('',(1.569256449587,6.812144515162,-9.15));
#5873 = B_SPLINE_CURVE_WITH_KNOTS('',2,(#5874,#5875,#5876),
  .UNSPECIFIED.,.F.,.F.,(3,3),(0.,6.25E-02),.PIECEWISE_BEZIER_KNOTS.);
#5874 = CARTESIAN_POINT('',(1.599999999206,6.5,-9.15));
#5875 = CARTESIAN_POINT('',(1.599999999206,6.657586246822,-9.15));
#5876 = CARTESIAN_POINT('',(1.569256449587,6.812144515162,-9.15));
#5877 = ORIENTED_EDGE('',*,*,#5878,.T.);
#5878 = EDGE_CURVE('',#5871,#5879,#5881,.T.);
#5879 = VERTEX_POINT('',#5880);
#5880 = CARTESIAN_POINT('',(1.478207253248,7.112293491533,-9.15));
#5881 = B_SPLINE_CURVE_WITH_KNOTS('',2,(#5882,#5883,#5884),
  .UNSPECIFIED.,.F.,.F.,(3,3),(6.25E-02,0.125),
  .PIECEWISE_BEZIER_KNOTS.);
#5882 = CARTESIAN_POINT('',(1.569256449587,6.812144515162,-9.15));
#5883 = CARTESIAN_POINT('',(1.53851289673,6.966702783501,-9.15));
#5884 = CARTESIAN_POINT('',(1.478207253248,7.112293491533,-9.15));
#5885 = ORIENTED_EDGE('',*,*,#5886,.T.);
#5886 = EDGE_CURVE('',#5879,#5887,#5889,.T.);
#5887 = VERTEX_POINT('',#5888);
#5888 = CARTESIAN_POINT('',(1.33035137833,7.388912373325,-9.15));
#5889 = B_SPLINE_CURVE_WITH_KNOTS('',2,(#5890,#5891,#5892),
  .UNSPECIFIED.,.F.,.F.,(3,3),(0.125,0.1875),.PIECEWISE_BEZIER_KNOTS.);
#5890 = CARTESIAN_POINT('',(1.478207253248,7.112293491533,-9.15));
#5891 = CARTESIAN_POINT('',(1.417901606528,7.257884199565,-9.15));
#5892 = CARTESIAN_POINT('',(1.33035137833,7.388912373325,-9.15));
#5893 = ORIENTED_EDGE('',*,*,#5894,.T.);
#5894 = EDGE_CURVE('',#5887,#5895,#5897,.T.);
#5895 = VERTEX_POINT('',#5896);
#5896 = CARTESIAN_POINT('',(1.131370850227,7.631370850227,-9.15));
#5897 = B_SPLINE_CURVE_WITH_KNOTS('',2,(#5898,#5899,#5900),
  .UNSPECIFIED.,.F.,.F.,(3,3),(0.1875,0.25),.PIECEWISE_BEZIER_KNOTS.);
#5898 = CARTESIAN_POINT('',(1.33035137833,7.388912373325,-9.15));
#5899 = CARTESIAN_POINT('',(1.24280115337,7.519940547085,-9.15));
#5900 = CARTESIAN_POINT('',(1.131370850227,7.631370850227,-9.15));
#5901 = ORIENTED_EDGE('',*,*,#5902,.T.);
#5902 = EDGE_CURVE('',#5895,#5903,#5905,.T.);
#5903 = VERTEX_POINT('',#5904);
#5904 = CARTESIAN_POINT('',(0.888912373325,7.83035137833,-9.15));
#5905 = B_SPLINE_CURVE_WITH_KNOTS('',2,(#5906,#5907,#5908),
  .UNSPECIFIED.,.F.,.F.,(3,3),(0.25,0.3125),.PIECEWISE_BEZIER_KNOTS.);
#5906 = CARTESIAN_POINT('',(1.131370850227,7.631370850227,-9.15));
#5907 = CARTESIAN_POINT('',(1.019940547085,7.74280115337,-9.15));
#5908 = CARTESIAN_POINT('',(0.888912373325,7.83035137833,-9.15));
#5909 = ORIENTED_EDGE('',*,*,#5910,.T.);
#5910 = EDGE_CURVE('',#5903,#5911,#5913,.T.);
#5911 = VERTEX_POINT('',#5912);
#5912 = CARTESIAN_POINT('',(0.612293491533,7.978207253248,-9.15));
#5913 = B_SPLINE_CURVE_WITH_KNOTS('',2,(#5914,#5915,#5916),
  .UNSPECIFIED.,.F.,.F.,(3,3),(0.3125,0.375),.PIECEWISE_BEZIER_KNOTS.);
#5914 = CARTESIAN_POINT('',(0.888912373325,7.83035137833,-9.15));
#5915 = CARTESIAN_POINT('',(0.757884199565,7.917901606528,-9.15));
#5916 = CARTESIAN_POINT('',(0.612293491533,7.978207253248,-9.15));
#5917 = ORIENTED_EDGE('',*,*,#5918,.T.);
#5918 = EDGE_CURVE('',#5911,#5919,#5921,.T.);
#5919 = VERTEX_POINT('',#5920);
#5920 = CARTESIAN_POINT('',(0.312144515162,8.069256449587,-9.15));
#5921 = B_SPLINE_CURVE_WITH_KNOTS('',2,(#5922,#5923,#5924),
  .UNSPECIFIED.,.F.,.F.,(3,3),(0.375,0.4375),.PIECEWISE_BEZIER_KNOTS.);
#5922 = CARTESIAN_POINT('',(0.612293491533,7.978207253248,-9.15));
#5923 = CARTESIAN_POINT('',(0.466702783501,8.03851289673,-9.15));
#5924 = CARTESIAN_POINT('',(0.312144515162,8.069256449587,-9.15));
#5925 = ORIENTED_EDGE('',*,*,#5926,.T.);
#5926 = EDGE_CURVE('',#5919,#5927,#5929,.T.);
#5927 = VERTEX_POINT('',#5928);
#5928 = CARTESIAN_POINT('',(0.,8.099999999206,-9.15));
#5929 = B_SPLINE_CURVE_WITH_KNOTS('',2,(#5930,#5931,#5932),
  .UNSPECIFIED.,.F.,.F.,(3,3),(0.4375,0.5),.PIECEWISE_BEZIER_KNOTS.);
#5930 = CARTESIAN_POINT('',(0.312144515162,8.069256449587,-9.15));
#5931 = CARTESIAN_POINT('',(0.157586246822,8.099999999206,-9.15));
#5932 = CARTESIAN_POINT('',(0.,8.099999999206,-9.15));
#5933 = ORIENTED_EDGE('',*,*,#5934,.T.);
#5934 = EDGE_CURVE('',#5927,#5935,#5937,.T.);
#5935 = VERTEX_POINT('',#5936);
#5936 = CARTESIAN_POINT('',(-0.312144515162,8.069256449587,-9.15));
#5937 = B_SPLINE_CURVE_WITH_KNOTS('',2,(#5938,#5939,#5940),
  .UNSPECIFIED.,.F.,.F.,(3,3),(0.5,0.5625),.PIECEWISE_BEZIER_KNOTS.);
#5938 = CARTESIAN_POINT('',(0.,8.099999999206,-9.15));
#5939 = CARTESIAN_POINT('',(-0.157586246822,8.099999999206,-9.15));
#5940 = CARTESIAN_POINT('',(-0.312144515162,8.069256449587,-9.15));
#5941 = ORIENTED_EDGE('',*,*,#5942,.T.);
#5942 = EDGE_CURVE('',#5935,#5943,#5945,.T.);
#5943 = VERTEX_POINT('',#5944);
#5944 = CARTESIAN_POINT('',(-0.612293491533,7.978207253248,-9.15));
#5945 = B_SPLINE_CURVE_WITH_KNOTS('',2,(#5946,#5947,#5948),
  .UNSPECIFIED.,.F.,.F.,(3,3),(0.5625,0.625),.PIECEWISE_BEZIER_KNOTS.);
#5946 = CARTESIAN_POINT('',(-0.312144515162,8.069256449587,-9.15));
#5947 = CARTESIAN_POINT('',(-0.466702783501,8.03851289673,-9.15));
#5948 = CARTESIAN_POINT('',(-0.612293491533,7.978207253248,-9.15));
#5949 = ORIENTED_EDGE('',*,*,#5950,.T.);
#5950 = EDGE_CURVE('',#5943,#5951,#5953,.T.);
#5951 = VERTEX_POINT('',#5952);
#5952 = CARTESIAN_POINT('',(-0.888912373325,7.83035137833,-9.15));
#5953 = B_SPLINE_CURVE_WITH_KNOTS('',2,(#5954,#5955,#5956),
  .UNSPECIFIED.,.F.,.F.,(3,3),(0.625,0.6875),.PIECEWISE_BEZIER_KNOTS.);
#5954 = CARTESIAN_POINT('',(-0.612293491533,7.978207253248,-9.15));
#5955 = CARTESIAN_POINT('',(-0.757884199565,7.917901606528,-9.15));
#5956 = CARTESIAN_POINT('',(-0.888912373325,7.83035137833,-9.15));
#5957 = ORIENTED_EDGE('',*,*,#5958,.T.);
#5958 = EDGE_CURVE('',#5951,#5959,#5961,.T.);
#5959 = VERTEX_POINT('',#5960);
#5960 = CARTESIAN_POINT('',(-1.131370850227,7.631370850227,-9.15));
#5961 = B_SPLINE_CURVE_WITH_KNOTS('',2,(#5962,#5963,#5964),
  .UNSPECIFIED.,.F.,.F.,(3,3),(0.6875,0.75),.PIECEWISE_BEZIER_KNOTS.);
#5962 = CARTESIAN_POINT('',(-0.888912373325,7.83035137833,-9.15));
#5963 = CARTESIAN_POINT('',(-1.019940547085,7.74280115337,-9.15));
#5964 = CARTESIAN_POINT('',(-1.131370850227,7.631370850227,-9.15));
#5965 = ORIENTED_EDGE('',*,*,#5966,.T.);
#5966 = EDGE_CURVE('',#5959,#5967,#5969,.T.);
#5967 = VERTEX_POINT('',#5968);
#5968 = CARTESIAN_POINT('',(-1.33035137833,7.388912373325,-9.15));
#5969 = B_SPLINE_CURVE_WITH_KNOTS('',2,(#5970,#5971,#5972),
  .UNSPECIFIED.,.F.,.F.,(3,3),(0.75,0.8125),.PIECEWISE_BEZIER_KNOTS.);
#5970 = CARTESIAN_POINT('',(-1.131370850227,7.631370850227,-9.15));
#5971 = CARTESIAN_POINT('',(-1.24280115337,7.519940547085,-9.15));
#5972 = CARTESIAN_POINT('',(-1.33035137833,7.388912373325,-9.15));
#5973 = ORIENTED_EDGE('',*,*,#5974,.T.);
#5974 = EDGE_CURVE('',#5967,#5975,#5977,.T.);
#5975 = VERTEX_POINT('',#5976);
#5976 = CARTESIAN_POINT('',(-1.478207253248,7.112293491533,-9.15));
#5977 = B_SPLINE_CURVE_WITH_KNOTS('',2,(#5978,#5979,#5980),
  .UNSPECIFIED.,.F.,.F.,(3,3),(0.8125,0.875),.PIECEWISE_BEZIER_KNOTS.);
#5978 = CARTESIAN_POINT('',(-1.33035137833,7.388912373325,-9.15));
#5979 = CARTESIAN_POINT('',(-1.417901606528,7.257884199565,-9.15));
#5980 = CARTESIAN_POINT('',(-1.478207253248,7.112293491533,-9.15));
#5981 = ORIENTED_EDGE('',*,*,#5982,.T.);
#5982 = EDGE_CURVE('',#5975,#5983,#5985,.T.);
#5983 = VERTEX_POINT('',#5984);
#5984 = CARTESIAN_POINT('',(-1.569256449587,6.812144515162,-9.15));
#5985 = B_SPLINE_CURVE_WITH_KNOTS('',2,(#5986,#5987,#5988),
  .UNSPECIFIED.,.F.,.F.,(3,3),(0.875,0.9375),.PIECEWISE_BEZIER_KNOTS.);
#5986 = CARTESIAN_POINT('',(-1.478207253248,7.112293491533,-9.15));
#5987 = CARTESIAN_POINT('',(-1.53851289673,6.966702783501,-9.15));
#5988 = CARTESIAN_POINT('',(-1.569256449587,6.812144515162,-9.15));
#5989 = ORIENTED_EDGE('',*,*,#5990,.T.);
#5990 = EDGE_CURVE('',#5983,#5741,#5991,.T.);
#5991 = B_SPLINE_CURVE_WITH_KNOTS('',2,(#5992,#5993,#5994),
  .UNSPECIFIED.,.F.,.F.,(3,3),(0.9375,1.),.PIECEWISE_BEZIER_KNOTS.);
#5992 = CARTESIAN_POINT('',(-1.569256449587,6.812144515162,-9.15));
#5993 = CARTESIAN_POINT('',(-1.599999999206,6.657586246822,-9.15));
#5994 = CARTESIAN_POINT('',(-1.599999999206,6.5,-9.15));
#5995 = FACE_BOUND('',#5996,.T.);
#5996 = EDGE_LOOP('',(#5997,#6007,#6015,#6023,#6031,#6039,#6047,#6055,
    #6063,#6071,#6079,#6087,#6095,#6103,#6111,#6119,#6127,#6135,#6143,
    #6151,#6159,#6167,#6175,#6183,#6191,#6199,#6207,#6215,#6223,#6231,
    #6239,#6247));
#5997 = ORIENTED_EDGE('',*,*,#5998,.T.);
#5998 = EDGE_CURVE('',#5999,#6001,#6003,.T.);
#5999 = VERTEX_POINT('',#6000);
#6000 = CARTESIAN_POINT('',(1.249999999987,6.5,-9.15));
#6001 = VERTEX_POINT('',#6002);
#6002 = CARTESIAN_POINT('',(1.225981600026,6.256137097024,-9.15));
#6003 = B_SPLINE_CURVE_WITH_KNOTS('',2,(#6004,#6005,#6006),
  .UNSPECIFIED.,.F.,.F.,(3,3),(0.,6.25E-02),.PIECEWISE_BEZIER_KNOTS.);
#6004 = CARTESIAN_POINT('',(1.249999999987,6.5,-9.15));
#6005 = CARTESIAN_POINT('',(1.249999999987,6.3768857472,-9.15));
#6006 = CARTESIAN_POINT('',(1.225981600026,6.256137097024,-9.15));
#6007 = ORIENTED_EDGE('',*,*,#6008,.T.);
#6008 = EDGE_CURVE('',#6001,#6009,#6011,.T.);
#6009 = VERTEX_POINT('',#6010);
#6010 = CARTESIAN_POINT('',(1.154849415386,6.021645709133,-9.15));
#6011 = B_SPLINE_CURVE_WITH_KNOTS('',2,(#6012,#6013,#6014),
  .UNSPECIFIED.,.F.,.F.,(3,3),(6.25E-02,0.125),
  .PIECEWISE_BEZIER_KNOTS.);
#6012 = CARTESIAN_POINT('',(1.225981600026,6.256137097024,-9.15));
#6013 = CARTESIAN_POINT('',(1.201963200064,6.135388450086,-9.15));
#6014 = CARTESIAN_POINT('',(1.154849415386,6.021645709133,-9.15));
#6015 = ORIENTED_EDGE('',*,*,#6016,.T.);
#6016 = EDGE_CURVE('',#6009,#6017,#6019,.T.);
#6017 = VERTEX_POINT('',#6018);
#6018 = CARTESIAN_POINT('',(1.03933701513,5.805537208947,-9.15));
#6019 = B_SPLINE_CURVE_WITH_KNOTS('',2,(#6020,#6021,#6022),
  .UNSPECIFIED.,.F.,.F.,(3,3),(0.125,0.1875),.PIECEWISE_BEZIER_KNOTS.);
#6020 = CARTESIAN_POINT('',(1.154849415386,6.021645709133,-9.15));
#6021 = CARTESIAN_POINT('',(1.107735630707,5.907902971418,-9.15));
#6022 = CARTESIAN_POINT('',(1.03933701513,5.805537208947,-9.15));
#6023 = ORIENTED_EDGE('',*,*,#6024,.T.);
#6024 = EDGE_CURVE('',#6017,#6025,#6027,.T.);
#6025 = VERTEX_POINT('',#6026);
#6026 = CARTESIAN_POINT('',(0.883883474918,5.616116525082,-9.15));
#6027 = B_SPLINE_CURVE_WITH_KNOTS('',2,(#6028,#6029,#6030),
  .UNSPECIFIED.,.F.,.F.,(3,3),(0.1875,0.25),.PIECEWISE_BEZIER_KNOTS.);
#6028 = CARTESIAN_POINT('',(1.03933701513,5.805537208947,-9.15));
#6029 = CARTESIAN_POINT('',(0.970938399552,5.703171446477,-9.15));
#6030 = CARTESIAN_POINT('',(0.883883474918,5.616116525082,-9.15));
#6031 = ORIENTED_EDGE('',*,*,#6032,.T.);
#6032 = EDGE_CURVE('',#6025,#6033,#6035,.T.);
#6033 = VERTEX_POINT('',#6034);
#6034 = CARTESIAN_POINT('',(0.694462791053,5.46066298487,-9.15));
#6035 = B_SPLINE_CURVE_WITH_KNOTS('',2,(#6036,#6037,#6038),
  .UNSPECIFIED.,.F.,.F.,(3,3),(0.25,0.3125),.PIECEWISE_BEZIER_KNOTS.);
#6036 = CARTESIAN_POINT('',(0.883883474918,5.616116525082,-9.15));
#6037 = CARTESIAN_POINT('',(0.796828553523,5.529061600448,-9.15));
#6038 = CARTESIAN_POINT('',(0.694462791053,5.46066298487,-9.15));
#6039 = ORIENTED_EDGE('',*,*,#6040,.T.);
#6040 = EDGE_CURVE('',#6033,#6041,#6043,.T.);
#6041 = VERTEX_POINT('',#6042);
#6042 = CARTESIAN_POINT('',(0.478354290867,5.345150584614,-9.15));
#6043 = B_SPLINE_CURVE_WITH_KNOTS('',2,(#6044,#6045,#6046),
  .UNSPECIFIED.,.F.,.F.,(3,3),(0.3125,0.375),.PIECEWISE_BEZIER_KNOTS.);
#6044 = CARTESIAN_POINT('',(0.694462791053,5.46066298487,-9.15));
#6045 = CARTESIAN_POINT('',(0.592097028582,5.392264369293,-9.15));
#6046 = CARTESIAN_POINT('',(0.478354290867,5.345150584614,-9.15));
#6047 = ORIENTED_EDGE('',*,*,#6048,.T.);
#6048 = EDGE_CURVE('',#6041,#6049,#6051,.T.);
#6049 = VERTEX_POINT('',#6050);
#6050 = CARTESIAN_POINT('',(0.243862902976,5.274018399974,-9.15));
#6051 = B_SPLINE_CURVE_WITH_KNOTS('',2,(#6052,#6053,#6054),
  .UNSPECIFIED.,.F.,.F.,(3,3),(0.375,0.4375),.PIECEWISE_BEZIER_KNOTS.);
#6052 = CARTESIAN_POINT('',(0.478354290867,5.345150584614,-9.15));
#6053 = CARTESIAN_POINT('',(0.364611549914,5.298036799936,-9.15));
#6054 = CARTESIAN_POINT('',(0.243862902976,5.274018399974,-9.15));
#6055 = ORIENTED_EDGE('',*,*,#6056,.T.);
#6056 = EDGE_CURVE('',#6049,#6057,#6059,.T.);
#6057 = VERTEX_POINT('',#6058);
#6058 = CARTESIAN_POINT('',(0.,5.250000000013,-9.15));
#6059 = B_SPLINE_CURVE_WITH_KNOTS('',2,(#6060,#6061,#6062),
  .UNSPECIFIED.,.F.,.F.,(3,3),(0.4375,0.5),.PIECEWISE_BEZIER_KNOTS.);
#6060 = CARTESIAN_POINT('',(0.243862902976,5.274018399974,-9.15));
#6061 = CARTESIAN_POINT('',(0.1231142528,5.250000000013,-9.15));
#6062 = CARTESIAN_POINT('',(0.,5.250000000013,-9.15));
#6063 = ORIENTED_EDGE('',*,*,#6064,.T.);
#6064 = EDGE_CURVE('',#6057,#6065,#6067,.T.);
#6065 = VERTEX_POINT('',#6066);
#6066 = CARTESIAN_POINT('',(-0.243862902976,5.274018399974,-9.15));
#6067 = B_SPLINE_CURVE_WITH_KNOTS('',2,(#6068,#6069,#6070),
  .UNSPECIFIED.,.F.,.F.,(3,3),(0.5,0.5625),.PIECEWISE_BEZIER_KNOTS.);
#6068 = CARTESIAN_POINT('',(0.,5.250000000013,-9.15));
#6069 = CARTESIAN_POINT('',(-0.1231142528,5.250000000013,-9.15));
#6070 = CARTESIAN_POINT('',(-0.243862902976,5.274018399974,-9.15));
#6071 = ORIENTED_EDGE('',*,*,#6072,.T.);
#6072 = EDGE_CURVE('',#6065,#6073,#6075,.T.);
#6073 = VERTEX_POINT('',#6074);
#6074 = CARTESIAN_POINT('',(-0.478354290867,5.345150584614,-9.15));
#6075 = B_SPLINE_CURVE_WITH_KNOTS('',2,(#6076,#6077,#6078),
  .UNSPECIFIED.,.F.,.F.,(3,3),(0.5625,0.625),.PIECEWISE_BEZIER_KNOTS.);
#6076 = CARTESIAN_POINT('',(-0.243862902976,5.274018399974,-9.15));
#6077 = CARTESIAN_POINT('',(-0.364611549914,5.298036799936,-9.15));
#6078 = CARTESIAN_POINT('',(-0.478354290867,5.345150584614,-9.15));
#6079 = ORIENTED_EDGE('',*,*,#6080,.T.);
#6080 = EDGE_CURVE('',#6073,#6081,#6083,.T.);
#6081 = VERTEX_POINT('',#6082);
#6082 = CARTESIAN_POINT('',(-0.694462791053,5.46066298487,-9.15));
#6083 = B_SPLINE_CURVE_WITH_KNOTS('',2,(#6084,#6085,#6086),
  .UNSPECIFIED.,.F.,.F.,(3,3),(0.625,0.6875),.PIECEWISE_BEZIER_KNOTS.);
#6084 = CARTESIAN_POINT('',(-0.478354290867,5.345150584614,-9.15));
#6085 = CARTESIAN_POINT('',(-0.592097028582,5.392264369293,-9.15));
#6086 = CARTESIAN_POINT('',(-0.694462791053,5.46066298487,-9.15));
#6087 = ORIENTED_EDGE('',*,*,#6088,.T.);
#6088 = EDGE_CURVE('',#6081,#6089,#6091,.T.);
#6089 = VERTEX_POINT('',#6090);
#6090 = CARTESIAN_POINT('',(-0.883883474918,5.616116525082,-9.15));
#6091 = B_SPLINE_CURVE_WITH_KNOTS('',2,(#6092,#6093,#6094),
  .UNSPECIFIED.,.F.,.F.,(3,3),(0.6875,0.75),.PIECEWISE_BEZIER_KNOTS.);
#6092 = CARTESIAN_POINT('',(-0.694462791053,5.46066298487,-9.15));
#6093 = CARTESIAN_POINT('',(-0.796828553523,5.529061600448,-9.15));
#6094 = CARTESIAN_POINT('',(-0.883883474918,5.616116525082,-9.15));
#6095 = ORIENTED_EDGE('',*,*,#6096,.T.);
#6096 = EDGE_CURVE('',#6089,#6097,#6099,.T.);
#6097 = VERTEX_POINT('',#6098);
#6098 = CARTESIAN_POINT('',(-1.03933701513,5.805537208947,-9.15));
#6099 = B_SPLINE_CURVE_WITH_KNOTS('',2,(#6100,#6101,#6102),
  .UNSPECIFIED.,.F.,.F.,(3,3),(0.75,0.8125),.PIECEWISE_BEZIER_KNOTS.);
#6100 = CARTESIAN_POINT('',(-0.883883474918,5.616116525082,-9.15));
#6101 = CARTESIAN_POINT('',(-0.970938399552,5.703171446477,-9.15));
#6102 = CARTESIAN_POINT('',(-1.03933701513,5.805537208947,-9.15));
#6103 = ORIENTED_EDGE('',*,*,#6104,.T.);
#6104 = EDGE_CURVE('',#6097,#6105,#6107,.T.);
#6105 = VERTEX_POINT('',#6106);
#6106 = CARTESIAN_POINT('',(-1.154849415386,6.021645709133,-9.15));
#6107 = B_SPLINE_CURVE_WITH_KNOTS('',2,(#6108,#6109,#6110),
  .UNSPECIFIED.,.F.,.F.,(3,3),(0.8125,0.875),.PIECEWISE_BEZIER_KNOTS.);
#6108 = CARTESIAN_POINT('',(-1.03933701513,5.805537208947,-9.15));
#6109 = CARTESIAN_POINT('',(-1.107735630707,5.907902971418,-9.15));
#6110 = CARTESIAN_POINT('',(-1.154849415386,6.021645709133,-9.15));
#6111 = ORIENTED_EDGE('',*,*,#6112,.T.);
#6112 = EDGE_CURVE('',#6105,#6113,#6115,.T.);
#6113 = VERTEX_POINT('',#6114);
#6114 = CARTESIAN_POINT('',(-1.225981600026,6.256137097024,-9.15));
#6115 = B_SPLINE_CURVE_WITH_KNOTS('',2,(#6116,#6117,#6118),
  .UNSPECIFIED.,.F.,.F.,(3,3),(0.875,0.9375),.PIECEWISE_BEZIER_KNOTS.);
#6116 = CARTESIAN_POINT('',(-1.154849415386,6.021645709133,-9.15));
#6117 = CARTESIAN_POINT('',(-1.201963200064,6.135388450086,-9.15));
#6118 = CARTESIAN_POINT('',(-1.225981600026,6.256137097024,-9.15));
#6119 = ORIENTED_EDGE('',*,*,#6120,.T.);
#6120 = EDGE_CURVE('',#6113,#6121,#6123,.T.);
#6121 = VERTEX_POINT('',#6122);
#6122 = CARTESIAN_POINT('',(-1.249999999987,6.5,-9.15));
#6123 = B_SPLINE_CURVE_WITH_KNOTS('',2,(#6124,#6125,#6126),
  .UNSPECIFIED.,.F.,.F.,(3,3),(0.9375,1.),.PIECEWISE_BEZIER_KNOTS.);
#6124 = CARTESIAN_POINT('',(-1.225981600026,6.256137097024,-9.15));
#6125 = CARTESIAN_POINT('',(-1.249999999987,6.3768857472,-9.15));
#6126 = CARTESIAN_POINT('',(-1.249999999987,6.5,-9.15));
#6127 = ORIENTED_EDGE('',*,*,#6128,.T.);
#6128 = EDGE_CURVE('',#6121,#6129,#6131,.T.);
#6129 = VERTEX_POINT('',#6130);
#6130 = CARTESIAN_POINT('',(-1.225981600026,6.743862902976,-9.15));
#6131 = B_SPLINE_CURVE_WITH_KNOTS('',2,(#6132,#6133,#6134),
  .UNSPECIFIED.,.F.,.F.,(3,3),(0.,6.25E-02),.PIECEWISE_BEZIER_KNOTS.);
#6132 = CARTESIAN_POINT('',(-1.249999999987,6.5,-9.15));
#6133 = CARTESIAN_POINT('',(-1.249999999987,6.6231142528,-9.15));
#6134 = CARTESIAN_POINT('',(-1.225981600026,6.743862902976,-9.15));
#6135 = ORIENTED_EDGE('',*,*,#6136,.T.);
#6136 = EDGE_CURVE('',#6129,#6137,#6139,.T.);
#6137 = VERTEX_POINT('',#6138);
#6138 = CARTESIAN_POINT('',(-1.154849415386,6.978354290867,-9.15));
#6139 = B_SPLINE_CURVE_WITH_KNOTS('',2,(#6140,#6141,#6142),
  .UNSPECIFIED.,.F.,.F.,(3,3),(6.25E-02,0.125),
  .PIECEWISE_BEZIER_KNOTS.);
#6140 = CARTESIAN_POINT('',(-1.225981600026,6.743862902976,-9.15));
#6141 = CARTESIAN_POINT('',(-1.201963200064,6.864611549914,-9.15));
#6142 = CARTESIAN_POINT('',(-1.154849415386,6.978354290867,-9.15));
#6143 = ORIENTED_EDGE('',*,*,#6144,.T.);
#6144 = EDGE_CURVE('',#6137,#6145,#6147,.T.);
#6145 = VERTEX_POINT('',#6146);
#6146 = CARTESIAN_POINT('',(-1.03933701513,7.194462791053,-9.15));
#6147 = B_SPLINE_CURVE_WITH_KNOTS('',2,(#6148,#6149,#6150),
  .UNSPECIFIED.,.F.,.F.,(3,3),(0.125,0.1875),.PIECEWISE_BEZIER_KNOTS.);
#6148 = CARTESIAN_POINT('',(-1.154849415386,6.978354290867,-9.15));
#6149 = CARTESIAN_POINT('',(-1.107735630707,7.092097028582,-9.15));
#6150 = CARTESIAN_POINT('',(-1.03933701513,7.194462791053,-9.15));
#6151 = ORIENTED_EDGE('',*,*,#6152,.T.);
#6152 = EDGE_CURVE('',#6145,#6153,#6155,.T.);
#6153 = VERTEX_POINT('',#6154);
#6154 = CARTESIAN_POINT('',(-0.883883474918,7.383883474918,-9.15));
#6155 = B_SPLINE_CURVE_WITH_KNOTS('',2,(#6156,#6157,#6158),
  .UNSPECIFIED.,.F.,.F.,(3,3),(0.1875,0.25),.PIECEWISE_BEZIER_KNOTS.);
#6156 = CARTESIAN_POINT('',(-1.03933701513,7.194462791053,-9.15));
#6157 = CARTESIAN_POINT('',(-0.970938399552,7.296828553523,-9.15));
#6158 = CARTESIAN_POINT('',(-0.883883474918,7.383883474918,-9.15));
#6159 = ORIENTED_EDGE('',*,*,#6160,.T.);
#6160 = EDGE_CURVE('',#6153,#6161,#6163,.T.);
#6161 = VERTEX_POINT('',#6162);
#6162 = CARTESIAN_POINT('',(-0.694462791053,7.53933701513,-9.15));
#6163 = B_SPLINE_CURVE_WITH_KNOTS('',2,(#6164,#6165,#6166),
  .UNSPECIFIED.,.F.,.F.,(3,3),(0.25,0.3125),.PIECEWISE_BEZIER_KNOTS.);
#6164 = CARTESIAN_POINT('',(-0.883883474918,7.383883474918,-9.15));
#6165 = CARTESIAN_POINT('',(-0.796828553523,7.470938399552,-9.15));
#6166 = CARTESIAN_POINT('',(-0.694462791053,7.53933701513,-9.15));
#6167 = ORIENTED_EDGE('',*,*,#6168,.T.);
#6168 = EDGE_CURVE('',#6161,#6169,#6171,.T.);
#6169 = VERTEX_POINT('',#6170);
#6170 = CARTESIAN_POINT('',(-0.478354290867,7.654849415386,-9.15));
#6171 = B_SPLINE_CURVE_WITH_KNOTS('',2,(#6172,#6173,#6174),
  .UNSPECIFIED.,.F.,.F.,(3,3),(0.3125,0.375),.PIECEWISE_BEZIER_KNOTS.);
#6172 = CARTESIAN_POINT('',(-0.694462791053,7.53933701513,-9.15));
#6173 = CARTESIAN_POINT('',(-0.592097028582,7.607735630707,-9.15));
#6174 = CARTESIAN_POINT('',(-0.478354290867,7.654849415386,-9.15));
#6175 = ORIENTED_EDGE('',*,*,#6176,.T.);
#6176 = EDGE_CURVE('',#6169,#6177,#6179,.T.);
#6177 = VERTEX_POINT('',#6178);
#6178 = CARTESIAN_POINT('',(-0.243862902976,7.725981600026,-9.15));
#6179 = B_SPLINE_CURVE_WITH_KNOTS('',2,(#6180,#6181,#6182),
  .UNSPECIFIED.,.F.,.F.,(3,3),(0.375,0.4375),.PIECEWISE_BEZIER_KNOTS.);
#6180 = CARTESIAN_POINT('',(-0.478354290867,7.654849415386,-9.15));
#6181 = CARTESIAN_POINT('',(-0.364611549914,7.701963200064,-9.15));
#6182 = CARTESIAN_POINT('',(-0.243862902976,7.725981600026,-9.15));
#6183 = ORIENTED_EDGE('',*,*,#6184,.T.);
#6184 = EDGE_CURVE('',#6177,#6185,#6187,.T.);
#6185 = VERTEX_POINT('',#6186);
#6186 = CARTESIAN_POINT('',(0.,7.749999999987,-9.15));
#6187 = B_SPLINE_CURVE_WITH_KNOTS('',2,(#6188,#6189,#6190),
  .UNSPECIFIED.,.F.,.F.,(3,3),(0.4375,0.5),.PIECEWISE_BEZIER_KNOTS.);
#6188 = CARTESIAN_POINT('',(-0.243862902976,7.725981600026,-9.15));
#6189 = CARTESIAN_POINT('',(-0.1231142528,7.749999999987,-9.15));
#6190 = CARTESIAN_POINT('',(0.,7.749999999987,-9.15));
#6191 = ORIENTED_EDGE('',*,*,#6192,.T.);
#6192 = EDGE_CURVE('',#6185,#6193,#6195,.T.);
#6193 = VERTEX_POINT('',#6194);
#6194 = CARTESIAN_POINT('',(0.243862902976,7.725981600026,-9.15));
#6195 = B_SPLINE_CURVE_WITH_KNOTS('',2,(#6196,#6197,#6198),
  .UNSPECIFIED.,.F.,.F.,(3,3),(0.5,0.5625),.PIECEWISE_BEZIER_KNOTS.);
#6196 = CARTESIAN_POINT('',(0.,7.749999999987,-9.15));
#6197 = CARTESIAN_POINT('',(0.1231142528,7.749999999987,-9.15));
#6198 = CARTESIAN_POINT('',(0.243862902976,7.725981600026,-9.15));
#6199 = ORIENTED_EDGE('',*,*,#6200,.T.);
#6200 = EDGE_CURVE('',#6193,#6201,#6203,.T.);
#6201 = VERTEX_POINT('',#6202);
#6202 = CARTESIAN_POINT('',(0.478354290867,7.654849415386,-9.15));
#6203 = B_SPLINE_CURVE_WITH_KNOTS('',2,(#6204,#6205,#6206),
  .UNSPECIFIED.,.F.,.F.,(3,3),(0.5625,0.625),.PIECEWISE_BEZIER_KNOTS.);
#6204 = CARTESIAN_POINT('',(0.243862902976,7.725981600026,-9.15));
#6205 = CARTESIAN_POINT('',(0.364611549914,7.701963200064,-9.15));
#6206 = CARTESIAN_POINT('',(0.478354290867,7.654849415386,-9.15));
#6207 = ORIENTED_EDGE('',*,*,#6208,.T.);
#6208 = EDGE_CURVE('',#6201,#6209,#6211,.T.);
#6209 = VERTEX_POINT('',#6210);
#6210 = CARTESIAN_POINT('',(0.694462791053,7.53933701513,-9.15));
#6211 = B_SPLINE_CURVE_WITH_KNOTS('',2,(#6212,#6213,#6214),
  .UNSPECIFIED.,.F.,.F.,(3,3),(0.625,0.6875),.PIECEWISE_BEZIER_KNOTS.);
#6212 = CARTESIAN_POINT('',(0.478354290867,7.654849415386,-9.15));
#6213 = CARTESIAN_POINT('',(0.592097028582,7.607735630707,-9.15));
#6214 = CARTESIAN_POINT('',(0.694462791053,7.53933701513,-9.15));
#6215 = ORIENTED_EDGE('',*,*,#6216,.T.);
#6216 = EDGE_CURVE('',#6209,#6217,#6219,.T.);
#6217 = VERTEX_POINT('',#6218);
#6218 = CARTESIAN_POINT('',(0.883883474918,7.383883474918,-9.15));
#6219 = B_SPLINE_CURVE_WITH_KNOTS('',2,(#6220,#6221,#6222),
  .UNSPECIFIED.,.F.,.F.,(3,3),(0.6875,0.75),.PIECEWISE_BEZIER_KNOTS.);
#6220 = CARTESIAN_POINT('',(0.694462791053,7.53933701513,-9.15));
#6221 = CARTESIAN_POINT('',(0.796828553523,7.470938399552,-9.15));
#6222 = CARTESIAN_POINT('',(0.883883474918,7.383883474918,-9.15));
#6223 = ORIENTED_EDGE('',*,*,#6224,.T.);
#6224 = EDGE_CURVE('',#6217,#6225,#6227,.T.);
#6225 = VERTEX_POINT('',#6226);
#6226 = CARTESIAN_POINT('',(1.03933701513,7.194462791053,-9.15));
#6227 = B_SPLINE_CURVE_WITH_KNOTS('',2,(#6228,#6229,#6230),
  .UNSPECIFIED.,.F.,.F.,(3,3),(0.75,0.8125),.PIECEWISE_BEZIER_KNOTS.);
#6228 = CARTESIAN_POINT('',(0.883883474918,7.383883474918,-9.15));
#6229 = CARTESIAN_POINT('',(0.970938399552,7.296828553523,-9.15));
#6230 = CARTESIAN_POINT('',(1.03933701513,7.194462791053,-9.15));
#6231 = ORIENTED_EDGE('',*,*,#6232,.T.);
#6232 = EDGE_CURVE('',#6225,#6233,#6235,.T.);
#6233 = VERTEX_POINT('',#6234);
#6234 = CARTESIAN_POINT('',(1.154849415386,6.978354290867,-9.15));
#6235 = B_SPLINE_CURVE_WITH_KNOTS('',2,(#6236,#6237,#6238),
  .UNSPECIFIED.,.F.,.F.,(3,3),(0.8125,0.875),.PIECEWISE_BEZIER_KNOTS.);
#6236 = CARTESIAN_POINT('',(1.03933701513,7.194462791053,-9.15));
#6237 = CARTESIAN_POINT('',(1.107735630707,7.092097028582,-9.15));
#6238 = CARTESIAN_POINT('',(1.154849415386,6.978354290867,-9.15));
#6239 = ORIENTED_EDGE('',*,*,#6240,.T.);
#6240 = EDGE_CURVE('',#6233,#6241,#6243,.T.);
#6241 = VERTEX_POINT('',#6242);
#6242 = CARTESIAN_POINT('',(1.225981600026,6.743862902976,-9.15));
#6243 = B_SPLINE_CURVE_WITH_KNOTS('',2,(#6244,#6245,#6246),
  .UNSPECIFIED.,.F.,.F.,(3,3),(0.875,0.9375),.PIECEWISE_BEZIER_KNOTS.);
#6244 = CARTESIAN_POINT('',(1.154849415386,6.978354290867,-9.15));
#6245 = CARTESIAN_POINT('',(1.201963200064,6.864611549914,-9.15));
#6246 = CARTESIAN_POINT('',(1.225981600026,6.743862902976,-9.15));
#6247 = ORIENTED_EDGE('',*,*,#6248,.T.);
#6248 = EDGE_CURVE('',#6241,#5999,#6249,.T.);
#6249 = B_SPLINE_CURVE_WITH_KNOTS('',2,(#6250,#6251,#6252),
  .UNSPECIFIED.,.F.,.F.,(3,3),(0.9375,1.),.PIECEWISE_BEZIER_KNOTS.);
#6250 = CARTESIAN_POINT('',(1.225981600026,6.743862902976,-9.15));
#6251 = CARTESIAN_POINT('',(1.249999999987,6.6231142528,-9.15));
#6252 = CARTESIAN_POINT('',(1.249999999987,6.5,-9.15));
#6253 = B_SPLINE_SURFACE_WITH_KNOTS('',1,1,(
    (#6254,#6255)
    ,(#6256,#6257
    )),.UNSPECIFIED.,.F.,.F.,.F.,(2,2),(2,2),(0.,1.),(0.,1.),
  .PIECEWISE_BEZIER_KNOTS.);
#6254 = CARTESIAN_POINT('',(-1.6192,4.8808,-9.15));
#6255 = CARTESIAN_POINT('',(-1.6192,8.1192,-9.15));
#6256 = CARTESIAN_POINT('',(1.6192,4.8808,-9.15));
#6257 = CARTESIAN_POINT('',(1.6192,8.1192,-9.15));
#6258 = SHELL_BASED_SURFACE_MODEL('',(#6259));
#6259 = OPEN_SHELL('',(#6260));
#6260 = ADVANCED_FACE('',(#6261),#6297,.T.);
#6261 = FACE_BOUND('',#6262,.T.);
#6262 = EDGE_LOOP('',(#6263,#6274,#6282,#6291));
#6263 = ORIENTED_EDGE('',*,*,#6264,.F.);
#6264 = EDGE_CURVE('',#6265,#6267,#6269,.T.);
#6265 = VERTEX_POINT('',#6266);
#6266 = CARTESIAN_POINT('',(-1.6,6.5,-9.6));
#6267 = VERTEX_POINT('',#6268);
#6268 = CARTESIAN_POINT('',(1.6,6.5,-9.6));
#6269 = CIRCLE('',#6270,1.6);
#6270 = AXIS2_PLACEMENT_3D('',#6271,#6272,#6273);
#6271 = CARTESIAN_POINT('',(0.,6.5,-9.6));
#6272 = DIRECTION('',(0.,0.,1.));
#6273 = DIRECTION('',(1.,0.,-0.));
#6274 = ORIENTED_EDGE('',*,*,#6275,.F.);
#6275 = EDGE_CURVE('',#6276,#6265,#6278,.T.);
#6276 = VERTEX_POINT('',#6277);
#6277 = CARTESIAN_POINT('',(-1.6,6.5,-9.15));
#6278 = LINE('',#6279,#6280);
#6279 = CARTESIAN_POINT('',(-1.6,6.5,-9.15));
#6280 = VECTOR('',#6281,1.);
#6281 = DIRECTION('',(0.,0.,-1.));
#6282 = ORIENTED_EDGE('',*,*,#6283,.F.);
#6283 = EDGE_CURVE('',#6284,#6276,#6286,.T.);
#6284 = VERTEX_POINT('',#6285);
#6285 = CARTESIAN_POINT('',(1.6,6.5,-9.15));
#6286 = CIRCLE('',#6287,1.6);
#6287 = AXIS2_PLACEMENT_3D('',#6288,#6289,#6290);
#6288 = CARTESIAN_POINT('',(0.,6.5,-9.15));
#6289 = DIRECTION('',(0.,6.982962677686E-15,-1.));
#6290 = DIRECTION('',(1.,-7.105427357601E-15,-4.961693404714E-29));
#6291 = ORIENTED_EDGE('',*,*,#6292,.F.);
#6292 = EDGE_CURVE('',#6267,#6284,#6293,.T.);
#6293 = LINE('',#6294,#6295);
#6294 = CARTESIAN_POINT('',(1.6,6.5,-9.6));
#6295 = VECTOR('',#6296,1.);
#6296 = DIRECTION('',(0.,0.,1.));
#6297 = SURFACE_OF_REVOLUTION('',#6298,#6302);
#6298 = LINE('',#6299,#6300);
#6299 = CARTESIAN_POINT('',(-1.6,6.5,-9.15));
#6300 = VECTOR('',#6301,1.);
#6301 = DIRECTION('',(0.,0.,-1.));
#6302 = AXIS1_PLACEMENT('',#6303,#6304);
#6303 = CARTESIAN_POINT('',(0.,6.5,-9.15));
#6304 = DIRECTION('',(0.,0.,1.));
#6305 = SHELL_BASED_SURFACE_MODEL('',(#6306));
#6306 = OPEN_SHELL('',(#6307));
#6307 = ADVANCED_FACE('',(#6308),#6438,.T.);
#6308 = FACE_BOUND('',#6309,.T.);
#6309 = EDGE_LOOP('',(#6310,#6320,#6328,#6336,#6344,#6352,#6360,#6368,
    #6376,#6384,#6392,#6400,#6408,#6416,#6424,#6432));
#6310 = ORIENTED_EDGE('',*,*,#6311,.T.);
#6311 = EDGE_CURVE('',#6312,#6314,#6316,.T.);
#6312 = VERTEX_POINT('',#6313);
#6313 = CARTESIAN_POINT('',(-0.849999999578,6.5,-0.85));
#6314 = VERTEX_POINT('',#6315);
#6315 = CARTESIAN_POINT('',(-0.785297603288,6.825280917377,-0.85));
#6316 = B_SPLINE_CURVE_WITH_KNOTS('',2,(#6317,#6318,#6319),
  .UNSPECIFIED.,.F.,.F.,(3,3),(0.,0.125),.PIECEWISE_BEZIER_KNOTS.);
#6317 = CARTESIAN_POINT('',(-0.849999999578,6.5,-0.85));
#6318 = CARTESIAN_POINT('',(-0.849999999578,6.669075511664,-0.85));
#6319 = CARTESIAN_POINT('',(-0.785297603288,6.825280917377,-0.85));
#6320 = ORIENTED_EDGE('',*,*,#6321,.T.);
#6321 = EDGE_CURVE('',#6314,#6322,#6324,.T.);
#6322 = VERTEX_POINT('',#6323);
#6323 = CARTESIAN_POINT('',(-0.601040764183,7.101040764183,-0.85));
#6324 = B_SPLINE_CURVE_WITH_KNOTS('',2,(#6325,#6326,#6327),
  .UNSPECIFIED.,.F.,.F.,(3,3),(0.125,0.25),.PIECEWISE_BEZIER_KNOTS.);
#6325 = CARTESIAN_POINT('',(-0.785297603288,6.825280917377,-0.85));
#6326 = CARTESIAN_POINT('',(-0.720595205277,6.981486323089,-0.85));
#6327 = CARTESIAN_POINT('',(-0.601040764183,7.101040764183,-0.85));
#6328 = ORIENTED_EDGE('',*,*,#6329,.T.);
#6329 = EDGE_CURVE('',#6322,#6330,#6332,.T.);
#6330 = VERTEX_POINT('',#6331);
#6331 = CARTESIAN_POINT('',(-0.325280917377,7.285297603288,-0.85));
#6332 = B_SPLINE_CURVE_WITH_KNOTS('',2,(#6333,#6334,#6335),
  .UNSPECIFIED.,.F.,.F.,(3,3),(0.25,0.375),.PIECEWISE_BEZIER_KNOTS.);
#6333 = CARTESIAN_POINT('',(-0.601040764183,7.101040764183,-0.85));
#6334 = CARTESIAN_POINT('',(-0.481486323089,7.220595205277,-0.85));
#6335 = CARTESIAN_POINT('',(-0.325280917377,7.285297603288,-0.85));
#6336 = ORIENTED_EDGE('',*,*,#6337,.T.);
#6337 = EDGE_CURVE('',#6330,#6338,#6340,.T.);
#6338 = VERTEX_POINT('',#6339);
#6339 = CARTESIAN_POINT('',(0.,7.349999999578,-0.85));
#6340 = B_SPLINE_CURVE_WITH_KNOTS('',2,(#6341,#6342,#6343),
  .UNSPECIFIED.,.F.,.F.,(3,3),(0.375,0.5),.PIECEWISE_BEZIER_KNOTS.);
#6341 = CARTESIAN_POINT('',(-0.325280917377,7.285297603288,-0.85));
#6342 = CARTESIAN_POINT('',(-0.169075511664,7.349999999578,-0.85));
#6343 = CARTESIAN_POINT('',(0.,7.349999999578,-0.85));
#6344 = ORIENTED_EDGE('',*,*,#6345,.T.);
#6345 = EDGE_CURVE('',#6338,#6346,#6348,.T.);
#6346 = VERTEX_POINT('',#6347);
#6347 = CARTESIAN_POINT('',(0.325280917377,7.285297603288,-0.85));
#6348 = B_SPLINE_CURVE_WITH_KNOTS('',2,(#6349,#6350,#6351),
  .UNSPECIFIED.,.F.,.F.,(3,3),(0.5,0.625),.PIECEWISE_BEZIER_KNOTS.);
#6349 = CARTESIAN_POINT('',(0.,7.349999999578,-0.85));
#6350 = CARTESIAN_POINT('',(0.169075511664,7.349999999578,-0.85));
#6351 = CARTESIAN_POINT('',(0.325280917377,7.285297603288,-0.85));
#6352 = ORIENTED_EDGE('',*,*,#6353,.T.);
#6353 = EDGE_CURVE('',#6346,#6354,#6356,.T.);
#6354 = VERTEX_POINT('',#6355);
#6355 = CARTESIAN_POINT('',(0.601040764183,7.101040764183,-0.85));
#6356 = B_SPLINE_CURVE_WITH_KNOTS('',2,(#6357,#6358,#6359),
  .UNSPECIFIED.,.F.,.F.,(3,3),(0.625,0.75),.PIECEWISE_BEZIER_KNOTS.);
#6357 = CARTESIAN_POINT('',(0.325280917377,7.285297603288,-0.85));
#6358 = CARTESIAN_POINT('',(0.481486323089,7.220595205277,-0.85));
#6359 = CARTESIAN_POINT('',(0.601040764183,7.101040764183,-0.85));
#6360 = ORIENTED_EDGE('',*,*,#6361,.T.);
#6361 = EDGE_CURVE('',#6354,#6362,#6364,.T.);
#6362 = VERTEX_POINT('',#6363);
#6363 = CARTESIAN_POINT('',(0.785297603288,6.825280917377,-0.85));
#6364 = B_SPLINE_CURVE_WITH_KNOTS('',2,(#6365,#6366,#6367),
  .UNSPECIFIED.,.F.,.F.,(3,3),(0.75,0.875),.PIECEWISE_BEZIER_KNOTS.);
#6365 = CARTESIAN_POINT('',(0.601040764183,7.101040764183,-0.85));
#6366 = CARTESIAN_POINT('',(0.720595205277,6.981486323089,-0.85));
#6367 = CARTESIAN_POINT('',(0.785297603288,6.825280917377,-0.85));
#6368 = ORIENTED_EDGE('',*,*,#6369,.T.);
#6369 = EDGE_CURVE('',#6362,#6370,#6372,.T.);
#6370 = VERTEX_POINT('',#6371);
#6371 = CARTESIAN_POINT('',(0.849999999578,6.5,-0.85));
#6372 = B_SPLINE_CURVE_WITH_KNOTS('',2,(#6373,#6374,#6375),
  .UNSPECIFIED.,.F.,.F.,(3,3),(0.875,1.),.PIECEWISE_BEZIER_KNOTS.);
#6373 = CARTESIAN_POINT('',(0.785297603288,6.825280917377,-0.85));
#6374 = CARTESIAN_POINT('',(0.849999999578,6.669075511664,-0.85));
#6375 = CARTESIAN_POINT('',(0.849999999578,6.5,-0.85));
#6376 = ORIENTED_EDGE('',*,*,#6377,.T.);
#6377 = EDGE_CURVE('',#6370,#6378,#6380,.T.);
#6378 = VERTEX_POINT('',#6379);
#6379 = CARTESIAN_POINT('',(0.785297603288,6.174719082623,-0.85));
#6380 = B_SPLINE_CURVE_WITH_KNOTS('',2,(#6381,#6382,#6383),
  .UNSPECIFIED.,.F.,.F.,(3,3),(0.,0.125),.PIECEWISE_BEZIER_KNOTS.);
#6381 = CARTESIAN_POINT('',(0.849999999578,6.5,-0.85));
#6382 = CARTESIAN_POINT('',(0.849999999578,6.330924488336,-0.85));
#6383 = CARTESIAN_POINT('',(0.785297603288,6.174719082623,-0.85));
#6384 = ORIENTED_EDGE('',*,*,#6385,.T.);
#6385 = EDGE_CURVE('',#6378,#6386,#6388,.T.);
#6386 = VERTEX_POINT('',#6387);
#6387 = CARTESIAN_POINT('',(0.601040764183,5.898959235817,-0.85));
#6388 = B_SPLINE_CURVE_WITH_KNOTS('',2,(#6389,#6390,#6391),
  .UNSPECIFIED.,.F.,.F.,(3,3),(0.125,0.25),.PIECEWISE_BEZIER_KNOTS.);
#6389 = CARTESIAN_POINT('',(0.785297603288,6.174719082623,-0.85));
#6390 = CARTESIAN_POINT('',(0.720595205277,6.018513676911,-0.85));
#6391 = CARTESIAN_POINT('',(0.601040764183,5.898959235817,-0.85));
#6392 = ORIENTED_EDGE('',*,*,#6393,.T.);
#6393 = EDGE_CURVE('',#6386,#6394,#6396,.T.);
#6394 = VERTEX_POINT('',#6395);
#6395 = CARTESIAN_POINT('',(0.325280917377,5.714702396712,-0.85));
#6396 = B_SPLINE_CURVE_WITH_KNOTS('',2,(#6397,#6398,#6399),
  .UNSPECIFIED.,.F.,.F.,(3,3),(0.25,0.375),.PIECEWISE_BEZIER_KNOTS.);
#6397 = CARTESIAN_POINT('',(0.601040764183,5.898959235817,-0.85));
#6398 = CARTESIAN_POINT('',(0.481486323089,5.779404794723,-0.85));
#6399 = CARTESIAN_POINT('',(0.325280917377,5.714702396712,-0.85));
#6400 = ORIENTED_EDGE('',*,*,#6401,.T.);
#6401 = EDGE_CURVE('',#6394,#6402,#6404,.T.);
#6402 = VERTEX_POINT('',#6403);
#6403 = CARTESIAN_POINT('',(0.,5.650000000422,-0.85));
#6404 = B_SPLINE_CURVE_WITH_KNOTS('',2,(#6405,#6406,#6407),
  .UNSPECIFIED.,.F.,.F.,(3,3),(0.375,0.5),.PIECEWISE_BEZIER_KNOTS.);
#6405 = CARTESIAN_POINT('',(0.325280917377,5.714702396712,-0.85));
#6406 = CARTESIAN_POINT('',(0.169075511664,5.650000000422,-0.85));
#6407 = CARTESIAN_POINT('',(0.,5.650000000422,-0.85));
#6408 = ORIENTED_EDGE('',*,*,#6409,.T.);
#6409 = EDGE_CURVE('',#6402,#6410,#6412,.T.);
#6410 = VERTEX_POINT('',#6411);
#6411 = CARTESIAN_POINT('',(-0.325280917377,5.714702396712,-0.85));
#6412 = B_SPLINE_CURVE_WITH_KNOTS('',2,(#6413,#6414,#6415),
  .UNSPECIFIED.,.F.,.F.,(3,3),(0.5,0.625),.PIECEWISE_BEZIER_KNOTS.);
#6413 = CARTESIAN_POINT('',(0.,5.650000000422,-0.85));
#6414 = CARTESIAN_POINT('',(-0.169075511664,5.650000000422,-0.85));
#6415 = CARTESIAN_POINT('',(-0.325280917377,5.714702396712,-0.85));
#6416 = ORIENTED_EDGE('',*,*,#6417,.T.);
#6417 = EDGE_CURVE('',#6410,#6418,#6420,.T.);
#6418 = VERTEX_POINT('',#6419);
#6419 = CARTESIAN_POINT('',(-0.601040764183,5.898959235817,-0.85));
#6420 = B_SPLINE_CURVE_WITH_KNOTS('',2,(#6421,#6422,#6423),
  .UNSPECIFIED.,.F.,.F.,(3,3),(0.625,0.75),.PIECEWISE_BEZIER_KNOTS.);
#6421 = CARTESIAN_POINT('',(-0.325280917377,5.714702396712,-0.85));
#6422 = CARTESIAN_POINT('',(-0.481486323089,5.779404794723,-0.85));
#6423 = CARTESIAN_POINT('',(-0.601040764183,5.898959235817,-0.85));
#6424 = ORIENTED_EDGE('',*,*,#6425,.T.);
#6425 = EDGE_CURVE('',#6418,#6426,#6428,.T.);
#6426 = VERTEX_POINT('',#6427);
#6427 = CARTESIAN_POINT('',(-0.785297603288,6.174719082623,-0.85));
#6428 = B_SPLINE_CURVE_WITH_KNOTS('',2,(#6429,#6430,#6431),
  .UNSPECIFIED.,.F.,.F.,(3,3),(0.75,0.875),.PIECEWISE_BEZIER_KNOTS.);
#6429 = CARTESIAN_POINT('',(-0.601040764183,5.898959235817,-0.85));
#6430 = CARTESIAN_POINT('',(-0.720595205277,6.018513676911,-0.85));
#6431 = CARTESIAN_POINT('',(-0.785297603288,6.174719082623,-0.85));
#6432 = ORIENTED_EDGE('',*,*,#6433,.T.);
#6433 = EDGE_CURVE('',#6426,#6312,#6434,.T.);
#6434 = B_SPLINE_CURVE_WITH_KNOTS('',2,(#6435,#6436,#6437),
  .UNSPECIFIED.,.F.,.F.,(3,3),(0.875,1.),.PIECEWISE_BEZIER_KNOTS.);
#6435 = CARTESIAN_POINT('',(-0.785297603288,6.174719082623,-0.85));
#6436 = CARTESIAN_POINT('',(-0.849999999578,6.330924488336,-0.85));
#6437 = CARTESIAN_POINT('',(-0.849999999578,6.5,-0.85));
#6438 = B_SPLINE_SURFACE_WITH_KNOTS('',1,1,(
    (#6439,#6440)
    ,(#6441,#6442
    )),.UNSPECIFIED.,.F.,.F.,.F.,(2,2),(2,2),(0.,1.),(0.,1.),
  .PIECEWISE_BEZIER_KNOTS.);
#6439 = CARTESIAN_POINT('',(0.8602,5.6398,-0.85));
#6440 = CARTESIAN_POINT('',(0.8602,7.3602,-0.85));
#6441 = CARTESIAN_POINT('',(-0.8602,5.6398,-0.85));
#6442 = CARTESIAN_POINT('',(-0.8602,7.3602,-0.85));
#6443 = SHELL_BASED_SURFACE_MODEL('',(#6444));
#6444 = OPEN_SHELL('',(#6445));
#6445 = ADVANCED_FACE('',(#6446),#6482,.T.);
#6446 = FACE_BOUND('',#6447,.T.);
#6447 = EDGE_LOOP('',(#6448,#6459,#6467,#6476));
#6448 = ORIENTED_EDGE('',*,*,#6449,.F.);
#6449 = EDGE_CURVE('',#6450,#6452,#6454,.T.);
#6450 = VERTEX_POINT('',#6451);
#6451 = CARTESIAN_POINT('',(-1.25,6.5,-9.15));
#6452 = VERTEX_POINT('',#6453);
#6453 = CARTESIAN_POINT('',(1.25,6.5,-9.15));
#6454 = CIRCLE('',#6455,1.25);
#6455 = AXIS2_PLACEMENT_3D('',#6456,#6457,#6458);
#6456 = CARTESIAN_POINT('',(0.,6.5,-9.15));
#6457 = DIRECTION('',(0.,0.,1.));
#6458 = DIRECTION('',(1.,0.,-0.));
#6459 = ORIENTED_EDGE('',*,*,#6460,.F.);
#6460 = EDGE_CURVE('',#6461,#6450,#6463,.T.);
#6461 = VERTEX_POINT('',#6462);
#6462 = CARTESIAN_POINT('',(-1.25,6.5,-1.25));
#6463 = LINE('',#6464,#6465);
#6464 = CARTESIAN_POINT('',(-1.25,6.5,-1.25));
#6465 = VECTOR('',#6466,1.);
#6466 = DIRECTION('',(0.,0.,-1.));
#6467 = ORIENTED_EDGE('',*,*,#6468,.F.);
#6468 = EDGE_CURVE('',#6469,#6461,#6471,.T.);
#6469 = VERTEX_POINT('',#6470);
#6470 = CARTESIAN_POINT('',(1.25,6.5,-1.25));
#6471 = CIRCLE('',#6472,1.25);
#6472 = AXIS2_PLACEMENT_3D('',#6473,#6474,#6475);
#6473 = CARTESIAN_POINT('',(0.,6.5,-1.25));
#6474 = DIRECTION('',(0.,6.982962677686E-15,-1.));
#6475 = DIRECTION('',(1.,-7.105427357601E-15,-4.961693404714E-29));
#6476 = ORIENTED_EDGE('',*,*,#6477,.F.);
#6477 = EDGE_CURVE('',#6452,#6469,#6478,.T.);
#6478 = LINE('',#6479,#6480);
#6479 = CARTESIAN_POINT('',(1.25,6.5,-9.15));
#6480 = VECTOR('',#6481,1.);
#6481 = DIRECTION('',(0.,0.,1.));
#6482 = SURFACE_OF_REVOLUTION('',#6483,#6487);
#6483 = LINE('',#6484,#6485);
#6484 = CARTESIAN_POINT('',(-1.25,6.5,-1.25));
#6485 = VECTOR('',#6486,1.);
#6486 = DIRECTION('',(0.,0.,-1.));
#6487 = AXIS1_PLACEMENT('',#6488,#6489);
#6488 = CARTESIAN_POINT('',(0.,6.5,3.535533906));
#6489 = DIRECTION('',(0.,0.,1.));
#6490 = SHELL_BASED_SURFACE_MODEL('',(#6491));
#6491 = OPEN_SHELL('',(#6492));
#6492 = ADVANCED_FACE('',(#6493),#6531,.T.);
#6493 = FACE_BOUND('',#6494,.T.);
#6494 = EDGE_LOOP('',(#6495,#6506,#6515,#6524));
#6495 = ORIENTED_EDGE('',*,*,#6496,.T.);
#6496 = EDGE_CURVE('',#6497,#6499,#6501,.T.);
#6497 = VERTEX_POINT('',#6498);
#6498 = CARTESIAN_POINT('',(1.25,6.5,-1.25));
#6499 = VERTEX_POINT('',#6500);
#6500 = CARTESIAN_POINT('',(0.85,6.5,-0.85));
#6501 = CIRCLE('',#6502,0.4);
#6502 = AXIS2_PLACEMENT_3D('',#6503,#6504,#6505);
#6503 = CARTESIAN_POINT('',(0.85,6.5,-1.25));
#6504 = DIRECTION('',(1.224646799147E-16,-1.,6.123233995737E-17));
#6505 = DIRECTION('',(1.,1.224646799147E-16,1.384346067546E-14));
#6506 = ORIENTED_EDGE('',*,*,#6507,.T.);
#6507 = EDGE_CURVE('',#6499,#6508,#6510,.T.);
#6508 = VERTEX_POINT('',#6509);
#6509 = CARTESIAN_POINT('',(-0.85,6.5,-0.85));
#6510 = CIRCLE('',#6511,0.85);
#6511 = AXIS2_PLACEMENT_3D('',#6512,#6513,#6514);
#6512 = CARTESIAN_POINT('',(0.,6.5,-0.85));
#6513 = DIRECTION('',(0.,6.982962677686E-15,-1.));
#6514 = DIRECTION('',(1.,-7.105427357601E-15,-4.961693404714E-29));
#6515 = ORIENTED_EDGE('',*,*,#6516,.T.);
#6516 = EDGE_CURVE('',#6508,#6517,#6519,.T.);
#6517 = VERTEX_POINT('',#6518);
#6518 = CARTESIAN_POINT('',(-1.25,6.5,-1.25));
#6519 = CIRCLE('',#6520,0.4);
#6520 = AXIS2_PLACEMENT_3D('',#6521,#6522,#6523);
#6521 = CARTESIAN_POINT('',(-0.85,6.5,-1.25));
#6522 = DIRECTION('',(0.,-1.,6.123233995737E-17));
#6523 = DIRECTION('',(6.123233995737E-17,6.123233995737E-17,1.));
#6524 = ORIENTED_EDGE('',*,*,#6525,.T.);
#6525 = EDGE_CURVE('',#6517,#6497,#6526,.T.);
#6526 = CIRCLE('',#6527,1.25);
#6527 = AXIS2_PLACEMENT_3D('',#6528,#6529,#6530);
#6528 = CARTESIAN_POINT('',(0.,6.5,-1.25));
#6529 = DIRECTION('',(0.,0.,1.));
#6530 = DIRECTION('',(1.,0.,-0.));
#6531 = ( BOUNDED_SURFACE() B_SPLINE_SURFACE(3,3,(
    (#6532,#6533,#6534,#6535)
    ,(#6536,#6537,#6538,#6539)
    ,(#6540,#6541,#6542,#6543)
    ,(#6544,#6545,#6546,#6547
)),.UNSPECIFIED.,.F.,.F.,.F.) B_SPLINE_SURFACE_WITH_KNOTS((4,4),(4,4),(
    0.,1.),(0.,1.),.PIECEWISE_BEZIER_KNOTS.) 
GEOMETRIC_REPRESENTATION_ITEM() RATIONAL_B_SPLINE_SURFACE((
    (1.,0.333333333333,0.333333333333,1.)
    ,(0.755320871118,0.251773623706,0.251773623706,0.755320871118)
    ,(0.755320871118,0.251773623706,0.251773623706,0.755320871118)
,(1.,0.333333333333,0.333333333333,1.
))) REPRESENTATION_ITEM('') SURFACE() );
#6532 = CARTESIAN_POINT('',(1.248001666,6.5,-1.289933367));
#6533 = CARTESIAN_POINT('',(1.248001666,4.003996668,-1.289933367));
#6534 = CARTESIAN_POINT('',(-1.248001666,4.003996668,-1.289933367));
#6535 = CARTESIAN_POINT('',(-1.248001666,6.5,-1.289933367));
#6536 = CARTESIAN_POINT('',(1.275288169,6.5,-1.017978494));
#6537 = CARTESIAN_POINT('',(1.275288169,3.949423662,-1.017978494));
#6538 = CARTESIAN_POINT('',(-1.275288169,3.949423662,-1.017978494));
#6539 = CARTESIAN_POINT('',(-1.275288169,6.5,-1.017978494));
#6540 = CARTESIAN_POINT('',(1.082021506,6.5,-0.824711831));
#6541 = CARTESIAN_POINT('',(1.082021506,4.335956988,-0.824711831));
#6542 = CARTESIAN_POINT('',(-1.082021506,4.335956988,-0.824711831));
#6543 = CARTESIAN_POINT('',(-1.082021506,6.5,-0.824711831));
#6544 = CARTESIAN_POINT('',(0.810066633,6.5,-0.851998334));
#6545 = CARTESIAN_POINT('',(0.810066633,4.879866733,-0.851998334));
#6546 = CARTESIAN_POINT('',(-0.810066633,4.879866733,-0.851998334));
#6547 = CARTESIAN_POINT('',(-0.810066633,6.5,-0.851998334));
#6548 = SHELL_BASED_SURFACE_MODEL('',(#6549));
#6549 = OPEN_SHELL('',(#6550));
#6550 = ADVANCED_FACE('',(#6551),#6587,.T.);
#6551 = FACE_BOUND('',#6552,.T.);
#6552 = EDGE_LOOP('',(#6553,#6564,#6572,#6581));
#6553 = ORIENTED_EDGE('',*,*,#6554,.F.);
#6554 = EDGE_CURVE('',#6555,#6557,#6559,.T.);
#6555 = VERTEX_POINT('',#6556);
#6556 = CARTESIAN_POINT('',(-1.651950354805,4.731537383758,-13.4));
#6557 = VERTEX_POINT('',#6558);
#6558 = CARTESIAN_POINT('',(-2.42,6.499999999692,-13.4));
#6559 = CIRCLE('',#6560,2.42);
#6560 = AXIS2_PLACEMENT_3D('',#6561,#6562,#6563);
#6561 = CARTESIAN_POINT('',(-4.440892098501E-15,6.5,-13.4));
#6562 = DIRECTION('',(3.944304526105E-31,6.982962677686E-15,-1.));
#6563 = DIRECTION('',(-0.682624113475,-0.730769676233,
    -5.102937375123E-15));
#6564 = ORIENTED_EDGE('',*,*,#6565,.F.);
#6565 = EDGE_CURVE('',#6566,#6555,#6568,.T.);
#6566 = VERTEX_POINT('',#6567);
#6567 = CARTESIAN_POINT('',(-1.65195035503,4.731537383968,-13.8));
#6568 = LINE('',#6569,#6570);
#6569 = CARTESIAN_POINT('',(-1.651950355,4.731537384,-13.8));
#6570 = VECTOR('',#6571,1.);
#6571 = DIRECTION('',(0.,0.,1.));
#6572 = ORIENTED_EDGE('',*,*,#6573,.F.);
#6573 = EDGE_CURVE('',#6574,#6566,#6576,.T.);
#6574 = VERTEX_POINT('',#6575);
#6575 = CARTESIAN_POINT('',(-2.42,6.5,-13.8));
#6576 = CIRCLE('',#6577,2.42);
#6577 = AXIS2_PLACEMENT_3D('',#6578,#6579,#6580);
#6578 = CARTESIAN_POINT('',(0.,6.5,-13.8));
#6579 = DIRECTION('',(0.,0.,1.));
#6580 = DIRECTION('',(1.,0.,-0.));
#6581 = ORIENTED_EDGE('',*,*,#6582,.F.);
#6582 = EDGE_CURVE('',#6557,#6574,#6583,.T.);
#6583 = LINE('',#6584,#6585);
#6584 = CARTESIAN_POINT('',(-2.42,6.5,-13.4));
#6585 = VECTOR('',#6586,1.);
#6586 = DIRECTION('',(0.,0.,-1.));
#6587 = SURFACE_OF_REVOLUTION('',#6588,#6592);
#6588 = LINE('',#6589,#6590);
#6589 = CARTESIAN_POINT('',(2.42,6.5,-13.8));
#6590 = VECTOR('',#6591,1.);
#6591 = DIRECTION('',(0.,0.,1.));
#6592 = AXIS1_PLACEMENT('',#6593,#6594);
#6593 = CARTESIAN_POINT('',(0.,6.5,-13.8));
#6594 = DIRECTION('',(0.,0.,-1.));
#6595 = SHELL_BASED_SURFACE_MODEL('',(#6596));
#6596 = OPEN_SHELL('',(#6597));
#6597 = ADVANCED_FACE('',(#6598),#6632,.T.);
#6598 = FACE_BOUND('',#6599,.T.);
#6599 = EDGE_LOOP('',(#6600,#6610,#6618,#6626));
#6600 = ORIENTED_EDGE('',*,*,#6601,.T.);
#6601 = EDGE_CURVE('',#6602,#6604,#6606,.T.);
#6602 = VERTEX_POINT('',#6603);
#6603 = CARTESIAN_POINT('',(1.525,0.9,-13.8));
#6604 = VERTEX_POINT('',#6605);
#6605 = CARTESIAN_POINT('',(1.525,4.439229513,-13.8));
#6606 = LINE('',#6607,#6608);
#6607 = CARTESIAN_POINT('',(1.525,0.9,-13.8));
#6608 = VECTOR('',#6609,1.);
#6609 = DIRECTION('',(0.,1.,0.));
#6610 = ORIENTED_EDGE('',*,*,#6611,.T.);
#6611 = EDGE_CURVE('',#6604,#6612,#6614,.T.);
#6612 = VERTEX_POINT('',#6613);
#6613 = CARTESIAN_POINT('',(1.525,4.439229513,-13.4));
#6614 = LINE('',#6615,#6616);
#6615 = CARTESIAN_POINT('',(1.525,4.439229513,-13.8));
#6616 = VECTOR('',#6617,1.);
#6617 = DIRECTION('',(0.,0.,1.));
#6618 = ORIENTED_EDGE('',*,*,#6619,.T.);
#6619 = EDGE_CURVE('',#6612,#6620,#6622,.T.);
#6620 = VERTEX_POINT('',#6621);
#6621 = CARTESIAN_POINT('',(1.525,0.9,-13.4));
#6622 = LINE('',#6623,#6624);
#6623 = CARTESIAN_POINT('',(1.525,4.439229513,-13.4));
#6624 = VECTOR('',#6625,1.);
#6625 = DIRECTION('',(0.,-1.,0.));
#6626 = ORIENTED_EDGE('',*,*,#6627,.T.);
#6627 = EDGE_CURVE('',#6620,#6602,#6628,.T.);
#6628 = LINE('',#6629,#6630);
#6629 = CARTESIAN_POINT('',(1.525,0.9,-13.4));
#6630 = VECTOR('',#6631,1.);
#6631 = DIRECTION('',(0.,0.,-1.));
#6632 = B_SPLINE_SURFACE_WITH_KNOTS('',1,1,(
    (#6633,#6634)
    ,(#6635,#6636
    )),.UNSPECIFIED.,.F.,.F.,.F.,(2,2),(2,2),(0.,1.),(0.,1.),
  .PIECEWISE_BEZIER_KNOTS.);
#6633 = CARTESIAN_POINT('',(1.525,0.9,-13.8));
#6634 = CARTESIAN_POINT('',(1.525,0.9,-13.4));
#6635 = CARTESIAN_POINT('',(1.525,4.439229513,-13.8));
#6636 = CARTESIAN_POINT('',(1.525,4.439229513,-13.4));
#6637 = SHELL_BASED_SURFACE_MODEL('',(#6638));
#6638 = OPEN_SHELL('',(#6639));
#6639 = ADVANCED_FACE('',(#6640),#6730,.T.);
#6640 = FACE_BOUND('',#6641,.T.);
#6641 = EDGE_LOOP('',(#6642,#6652,#6660,#6668,#6676,#6684,#6692,#6700,
    #6708,#6716,#6724));
#6642 = ORIENTED_EDGE('',*,*,#6643,.T.);
#6643 = EDGE_CURVE('',#6644,#6646,#6648,.T.);
#6644 = VERTEX_POINT('',#6645);
#6645 = CARTESIAN_POINT('',(-4.95,3.5,-13.39999999997));
#6646 = VERTEX_POINT('',#6647);
#6647 = CARTESIAN_POINT('',(-4.95,3.5,-4.65));
#6648 = LINE('',#6649,#6650);
#6649 = CARTESIAN_POINT('',(-4.95,3.5,-13.4));
#6650 = VECTOR('',#6651,1.);
#6651 = DIRECTION('',(0.,0.,1.));
#6652 = ORIENTED_EDGE('',*,*,#6653,.T.);
#6653 = EDGE_CURVE('',#6646,#6654,#6656,.T.);
#6654 = VERTEX_POINT('',#6655);
#6655 = CARTESIAN_POINT('',(-4.55,3.5,-4.65));
#6656 = LINE('',#6657,#6658);
#6657 = CARTESIAN_POINT('',(-4.95,3.5,-4.65));
#6658 = VECTOR('',#6659,1.);
#6659 = DIRECTION('',(1.,0.,0.));
#6660 = ORIENTED_EDGE('',*,*,#6661,.T.);
#6661 = EDGE_CURVE('',#6654,#6662,#6664,.T.);
#6662 = VERTEX_POINT('',#6663);
#6663 = CARTESIAN_POINT('',(-4.55,3.5,-13.4));
#6664 = LINE('',#6665,#6666);
#6665 = CARTESIAN_POINT('',(-4.55,3.5,-4.65));
#6666 = VECTOR('',#6667,1.);
#6667 = DIRECTION('',(0.,0.,-1.));
#6668 = ORIENTED_EDGE('',*,*,#6669,.T.);
#6669 = EDGE_CURVE('',#6662,#6670,#6672,.T.);
#6670 = VERTEX_POINT('',#6671);
#6671 = CARTESIAN_POINT('',(-4.5,3.5,-13.4));
#6672 = LINE('',#6673,#6674);
#6673 = CARTESIAN_POINT('',(-4.55,3.5,-13.4));
#6674 = VECTOR('',#6675,1.);
#6675 = DIRECTION('',(1.,0.,0.));
#6676 = ORIENTED_EDGE('',*,*,#6677,.T.);
#6677 = EDGE_CURVE('',#6670,#6678,#6680,.T.);
#6678 = VERTEX_POINT('',#6679);
#6679 = CARTESIAN_POINT('',(-1.925,3.5,-13.4));
#6680 = LINE('',#6681,#6682);
#6681 = CARTESIAN_POINT('',(-4.5,3.5,-13.4));
#6682 = VECTOR('',#6683,1.);
#6683 = DIRECTION('',(1.,0.,0.));
#6684 = ORIENTED_EDGE('',*,*,#6685,.T.);
#6685 = EDGE_CURVE('',#6678,#6686,#6688,.T.);
#6686 = VERTEX_POINT('',#6687);
#6687 = CARTESIAN_POINT('',(-1.925,3.5,-13.8));
#6688 = LINE('',#6689,#6690);
#6689 = CARTESIAN_POINT('',(-1.925,3.5,-13.4));
#6690 = VECTOR('',#6691,1.);
#6691 = DIRECTION('',(0.,0.,-1.));
#6692 = ORIENTED_EDGE('',*,*,#6693,.T.);
#6693 = EDGE_CURVE('',#6686,#6694,#6696,.T.);
#6694 = VERTEX_POINT('',#6695);
#6695 = CARTESIAN_POINT('',(-4.549999999937,3.5,-13.8));
#6696 = LINE('',#6697,#6698);
#6697 = CARTESIAN_POINT('',(-1.925,3.5,-13.8));
#6698 = VECTOR('',#6699,1.);
#6699 = DIRECTION('',(-1.,0.,0.));
#6700 = ORIENTED_EDGE('',*,*,#6701,.T.);
#6701 = EDGE_CURVE('',#6694,#6702,#6704,.T.);
#6702 = VERTEX_POINT('',#6703);
#6703 = CARTESIAN_POINT('',(-4.703073373075,3.5,-13.76955181035));
#6704 = B_SPLINE_CURVE_WITH_KNOTS('',2,(#6705,#6706,#6707),
  .UNSPECIFIED.,.F.,.F.,(3,3),(0.,0.25),.PIECEWISE_BEZIER_KNOTS.);
#6705 = CARTESIAN_POINT('',(-4.549999999875,3.5,-13.8));
#6706 = CARTESIAN_POINT('',(-4.629564947425,3.5,-13.8));
#6707 = CARTESIAN_POINT('',(-4.703073373075,3.5,-13.76955181035));
#6708 = ORIENTED_EDGE('',*,*,#6709,.T.);
#6709 = EDGE_CURVE('',#6702,#6710,#6712,.T.);
#6710 = VERTEX_POINT('',#6711);
#6711 = CARTESIAN_POINT('',(-4.83284271195,3.5,-13.68284271375));
#6712 = B_SPLINE_CURVE_WITH_KNOTS('',2,(#6713,#6714,#6715),
  .UNSPECIFIED.,.F.,.F.,(3,3),(0.25,0.5),.PIECEWISE_BEZIER_KNOTS.);
#6713 = CARTESIAN_POINT('',(-4.703073373075,3.5,-13.76955181035));
#6714 = CARTESIAN_POINT('',(-4.776581798725,3.5,-13.73910362985));
#6715 = CARTESIAN_POINT('',(-4.83284271195,3.5,-13.68284271375));
#6716 = ORIENTED_EDGE('',*,*,#6717,.T.);
#6717 = EDGE_CURVE('',#6710,#6718,#6720,.T.);
#6718 = VERTEX_POINT('',#6719);
#6719 = CARTESIAN_POINT('',(-4.9195518141,3.5,-13.55307336945));
#6720 = B_SPLINE_CURVE_WITH_KNOTS('',2,(#6721,#6722,#6723),
  .UNSPECIFIED.,.F.,.F.,(3,3),(0.5,0.75),.PIECEWISE_BEZIER_KNOTS.);
#6721 = CARTESIAN_POINT('',(-4.83284271195,3.5,-13.68284271375));
#6722 = CARTESIAN_POINT('',(-4.889103625175,3.5,-13.62658179765));
#6723 = CARTESIAN_POINT('',(-4.9195518141,3.5,-13.55307336945));
#6724 = ORIENTED_EDGE('',*,*,#6725,.T.);
#6725 = EDGE_CURVE('',#6718,#6644,#6726,.T.);
#6726 = B_SPLINE_CURVE_WITH_KNOTS('',2,(#6727,#6728,#6729),
  .UNSPECIFIED.,.F.,.F.,(3,3),(0.75,1.),.PIECEWISE_BEZIER_KNOTS.);
#6727 = CARTESIAN_POINT('',(-4.9195518141,3.5,-13.55307336945));
#6728 = CARTESIAN_POINT('',(-4.95,3.5,-13.4795649504));
#6729 = CARTESIAN_POINT('',(-4.95,3.5,-13.39999999995));
#6730 = B_SPLINE_SURFACE_WITH_KNOTS('',1,1,(
    (#6731,#6732)
    ,(#6733,#6734
    )),.UNSPECIFIED.,.F.,.F.,.F.,(2,2),(2,2),(0.,1.),(0.,1.),
  .PIECEWISE_BEZIER_KNOTS.);
#6731 = CARTESIAN_POINT('',(-4.95,3.5,-13.8));
#6732 = CARTESIAN_POINT('',(-1.925,3.5,-13.8));
#6733 = CARTESIAN_POINT('',(-4.95,3.5,-4.65));
#6734 = CARTESIAN_POINT('',(-1.925,3.5,-4.65));
#6735 = SHELL_BASED_SURFACE_MODEL('',(#6736));
#6736 = OPEN_SHELL('',(#6737));
#6737 = ADVANCED_FACE('',(#6738),#6772,.T.);
#6738 = FACE_BOUND('',#6739,.T.);
#6739 = EDGE_LOOP('',(#6740,#6750,#6758,#6766));
#6740 = ORIENTED_EDGE('',*,*,#6741,.T.);
#6741 = EDGE_CURVE('',#6742,#6744,#6746,.T.);
#6742 = VERTEX_POINT('',#6743);
#6743 = CARTESIAN_POINT('',(-1.525,3.9,-13.4));
#6744 = VERTEX_POINT('',#6745);
#6745 = CARTESIAN_POINT('',(-1.525,4.439229513,-13.4));
#6746 = LINE('',#6747,#6748);
#6747 = CARTESIAN_POINT('',(-1.525,3.9,-13.4));
#6748 = VECTOR('',#6749,1.);
#6749 = DIRECTION('',(0.,1.,0.));
#6750 = ORIENTED_EDGE('',*,*,#6751,.T.);
#6751 = EDGE_CURVE('',#6744,#6752,#6754,.T.);
#6752 = VERTEX_POINT('',#6753);
#6753 = CARTESIAN_POINT('',(-1.525,4.439229513,-13.8));
#6754 = LINE('',#6755,#6756);
#6755 = CARTESIAN_POINT('',(-1.525,4.439229513,-13.4));
#6756 = VECTOR('',#6757,1.);
#6757 = DIRECTION('',(0.,0.,-1.));
#6758 = ORIENTED_EDGE('',*,*,#6759,.T.);
#6759 = EDGE_CURVE('',#6752,#6760,#6762,.T.);
#6760 = VERTEX_POINT('',#6761);
#6761 = CARTESIAN_POINT('',(-1.525,3.9,-13.8));
#6762 = LINE('',#6763,#6764);
#6763 = CARTESIAN_POINT('',(-1.525,4.439229513,-13.8));
#6764 = VECTOR('',#6765,1.);
#6765 = DIRECTION('',(0.,-1.,0.));
#6766 = ORIENTED_EDGE('',*,*,#6767,.T.);
#6767 = EDGE_CURVE('',#6760,#6742,#6768,.T.);
#6768 = LINE('',#6769,#6770);
#6769 = CARTESIAN_POINT('',(-1.525,3.9,-13.8));
#6770 = VECTOR('',#6771,1.);
#6771 = DIRECTION('',(0.,0.,1.));
#6772 = B_SPLINE_SURFACE_WITH_KNOTS('',1,1,(
    (#6773,#6774)
    ,(#6775,#6776
    )),.UNSPECIFIED.,.F.,.F.,.F.,(2,2),(2,2),(0.,1.),(0.,1.),
  .PIECEWISE_BEZIER_KNOTS.);
#6773 = CARTESIAN_POINT('',(-1.525,3.9,-13.8));
#6774 = CARTESIAN_POINT('',(-1.525,4.439229513,-13.8));
#6775 = CARTESIAN_POINT('',(-1.525,3.9,-13.4));
#6776 = CARTESIAN_POINT('',(-1.525,4.439229513,-13.4));
#6777 = SHELL_BASED_SURFACE_MODEL('',(#6778));
#6778 = OPEN_SHELL('',(#6779));
#6779 = ADVANCED_FACE('',(#6780,#7110),#7368,.T.);
#6780 = FACE_BOUND('',#6781,.T.);
#6781 = EDGE_LOOP('',(#6782,#6792,#6800,#6808,#6816,#6824,#6832,#6840,
    #6848,#6856,#6864,#6872,#6880,#6888,#6896,#6904,#6912,#6920,#6928,
    #6936,#6944,#6952,#6960,#6968,#6976,#6984,#6992,#7000,#7008,#7016,
    #7024,#7032,#7040,#7048,#7056,#7064,#7072,#7080,#7088,#7096,#7104));
#6782 = ORIENTED_EDGE('',*,*,#6783,.T.);
#6783 = EDGE_CURVE('',#6784,#6786,#6788,.T.);
#6784 = VERTEX_POINT('',#6785);
#6785 = CARTESIAN_POINT('',(1.524999998568,4.43922951356,-13.8));
#6786 = VERTEX_POINT('',#6787);
#6787 = CARTESIAN_POINT('',(1.55810774269,4.598572133576,-13.8));
#6788 = B_SPLINE_CURVE_WITH_KNOTS('',2,(#6789,#6790,#6791),
  .UNSPECIFIED.,.F.,.F.,(3,3),(0.,0.5),.PIECEWISE_BEZIER_KNOTS.);
#6789 = CARTESIAN_POINT('',(1.524999997137,4.439229514121,-13.8));
#6790 = CARTESIAN_POINT('',(1.524999997137,4.522340342023,-13.8));
#6791 = CARTESIAN_POINT('',(1.55810774269,4.598572133576,-13.8));
#6792 = ORIENTED_EDGE('',*,*,#6793,.T.);
#6793 = EDGE_CURVE('',#6786,#6794,#6796,.T.);
#6794 = VERTEX_POINT('',#6795);
#6795 = CARTESIAN_POINT('',(1.651950351518,4.731537384341,-13.8));
#6796 = B_SPLINE_CURVE_WITH_KNOTS('',2,(#6797,#6798,#6799),
  .UNSPECIFIED.,.F.,.F.,(3,3),(0.5,1.),.PIECEWISE_BEZIER_KNOTS.);
#6797 = CARTESIAN_POINT('',(1.55810774269,4.598572133576,-13.8));
#6798 = CARTESIAN_POINT('',(1.591215481231,4.674803933599,-13.8));
#6799 = CARTESIAN_POINT('',(1.651950351518,4.731537384341,-13.8));
#6800 = ORIENTED_EDGE('',*,*,#6801,.T.);
#6801 = EDGE_CURVE('',#6794,#6802,#6804,.T.);
#6802 = VERTEX_POINT('',#6803);
#6803 = CARTESIAN_POINT('',(1.97716877934,5.104577619741,-13.8));
#6804 = B_SPLINE_CURVE_WITH_KNOTS('',2,(#6805,#6806,#6807),
  .UNSPECIFIED.,.F.,.F.,(3,3),(0.,0.25),.PIECEWISE_BEZIER_KNOTS.);
#6805 = CARTESIAN_POINT('',(1.651950351518,4.731537384341,-13.8));
#6806 = CARTESIAN_POINT('',(1.833732128597,4.901342764689,-13.8));
#6807 = CARTESIAN_POINT('',(1.97716877934,5.104577619741,-13.8));
#6808 = ORIENTED_EDGE('',*,*,#6809,.T.);
#6809 = EDGE_CURVE('',#6802,#6810,#6812,.T.);
#6810 = VERTEX_POINT('',#6811);
#6811 = CARTESIAN_POINT('',(2.219698160171,5.535977145962,-13.8));
#6812 = B_SPLINE_CURVE_WITH_KNOTS('',2,(#6813,#6814,#6815),
  .UNSPECIFIED.,.F.,.F.,(3,3),(0.25,0.5),.PIECEWISE_BEZIER_KNOTS.);
#6813 = CARTESIAN_POINT('',(1.97716877934,5.104577619741,-13.8));
#6814 = CARTESIAN_POINT('',(2.120605430082,5.307812483264,-13.8));
#6815 = CARTESIAN_POINT('',(2.219698160171,5.535977145962,-13.8));
#6816 = ORIENTED_EDGE('',*,*,#6817,.T.);
#6817 = EDGE_CURVE('',#6810,#6818,#6820,.T.);
#6818 = VERTEX_POINT('',#6819);
#6819 = CARTESIAN_POINT('',(2.369395447625,6.007693975637,-13.8));
#6820 = B_SPLINE_CURVE_WITH_KNOTS('',2,(#6821,#6822,#6823),
  .UNSPECIFIED.,.F.,.F.,(3,3),(0.5,0.75),.PIECEWISE_BEZIER_KNOTS.);
#6821 = CARTESIAN_POINT('',(2.219698160171,5.535977145962,-13.8));
#6822 = CARTESIAN_POINT('',(2.318790890259,5.764141800189,-13.8));
#6823 = CARTESIAN_POINT('',(2.369395447625,6.007693975637,-13.8));
#6824 = ORIENTED_EDGE('',*,*,#6825,.T.);
#6825 = EDGE_CURVE('',#6818,#6826,#6828,.T.);
#6826 = VERTEX_POINT('',#6827);
#6827 = CARTESIAN_POINT('',(2.419999997979,6.49999999663,-13.8));
#6828 = B_SPLINE_CURVE_WITH_KNOTS('',2,(#6829,#6830,#6831),
  .UNSPECIFIED.,.F.,.F.,(3,3),(0.75,1.),.PIECEWISE_BEZIER_KNOTS.);
#6829 = CARTESIAN_POINT('',(2.369395447625,6.007693975637,-13.8));
#6830 = CARTESIAN_POINT('',(2.419999997979,6.251246142615,-13.8));
#6831 = CARTESIAN_POINT('',(2.419999997979,6.49999999663,-13.8));
#6832 = ORIENTED_EDGE('',*,*,#6833,.T.);
#6833 = EDGE_CURVE('',#6826,#6834,#6836,.T.);
#6834 = VERTEX_POINT('',#6835);
#6835 = CARTESIAN_POINT('',(2.373500377408,6.972118583069,-13.8));
#6836 = B_SPLINE_CURVE_WITH_KNOTS('',2,(#6837,#6838,#6839),
  .UNSPECIFIED.,.F.,.F.,(3,3),(0.,6.25E-02),.PIECEWISE_BEZIER_KNOTS.);
#6837 = CARTESIAN_POINT('',(2.419999997979,6.49999999663,-13.8));
#6838 = CARTESIAN_POINT('',(2.419999997979,6.738349197521,-13.8));
#6839 = CARTESIAN_POINT('',(2.373500377408,6.972118583069,-13.8));
#6840 = ORIENTED_EDGE('',*,*,#6841,.T.);
#6841 = EDGE_CURVE('',#6834,#6842,#6844,.T.);
#6842 = VERTEX_POINT('',#6843);
#6843 = CARTESIAN_POINT('',(2.235788471009,7.426093908605,-13.8));
#6844 = B_SPLINE_CURVE_WITH_KNOTS('',2,(#6845,#6846,#6847),
  .UNSPECIFIED.,.F.,.F.,(3,3),(6.25E-02,0.125),
  .PIECEWISE_BEZIER_KNOTS.);
#6845 = CARTESIAN_POINT('',(2.373500377408,6.972118583069,-13.8));
#6846 = CARTESIAN_POINT('',(2.327000756837,7.205887960147,-13.8));
#6847 = CARTESIAN_POINT('',(2.235788471009,7.426093908605,-13.8));
#6848 = ORIENTED_EDGE('',*,*,#6849,.T.);
#6849 = EDGE_CURVE('',#6842,#6850,#6852,.T.);
#6850 = VERTEX_POINT('',#6851);
#6851 = CARTESIAN_POINT('',(2.012156463953,7.844479963186,-13.8));
#6852 = B_SPLINE_CURVE_WITH_KNOTS('',2,(#6853,#6854,#6855),
  .UNSPECIFIED.,.F.,.F.,(3,3),(0.125,0.1875),.PIECEWISE_BEZIER_KNOTS.);
#6853 = CARTESIAN_POINT('',(2.235788471009,7.426093908605,-13.8));
#6854 = CARTESIAN_POINT('',(2.144576178171,7.646299848591,-13.8));
#6855 = CARTESIAN_POINT('',(2.012156463953,7.844479963186,-13.8));
#6856 = ORIENTED_EDGE('',*,*,#6857,.T.);
#6857 = EDGE_CURVE('',#6850,#6858,#6860,.T.);
#6858 = VERTEX_POINT('',#6859);
#6859 = CARTESIAN_POINT('',(1.711198407445,8.211198412336,-13.8));
#6860 = B_SPLINE_CURVE_WITH_KNOTS('',2,(#6861,#6862,#6863),
  .UNSPECIFIED.,.F.,.F.,(3,3),(0.1875,0.25),.PIECEWISE_BEZIER_KNOTS.);
#6861 = CARTESIAN_POINT('',(2.012156463953,7.844479963186,-13.8));
#6862 = CARTESIAN_POINT('',(1.879736742724,8.042660077781,-13.8));
#6863 = CARTESIAN_POINT('',(1.711198407445,8.211198412336,-13.8));
#6864 = ORIENTED_EDGE('',*,*,#6865,.T.);
#6865 = EDGE_CURVE('',#6858,#6866,#6868,.T.);
#6866 = VERTEX_POINT('',#6867);
#6867 = CARTESIAN_POINT('',(1.344479962007,8.512156462285,-13.8));
#6868 = B_SPLINE_CURVE_WITH_KNOTS('',2,(#6869,#6870,#6871),
  .UNSPECIFIED.,.F.,.F.,(3,3),(0.25,0.3125),.PIECEWISE_BEZIER_KNOTS.);
#6869 = CARTESIAN_POINT('',(1.711198407445,8.211198412336,-13.8));
#6870 = CARTESIAN_POINT('',(1.542660079178,8.37973674689,-13.8));
#6871 = CARTESIAN_POINT('',(1.344479962007,8.512156462285,-13.8));
#6872 = ORIENTED_EDGE('',*,*,#6873,.T.);
#6873 = EDGE_CURVE('',#6866,#6874,#6876,.T.);
#6874 = VERTEX_POINT('',#6875);
#6875 = CARTESIAN_POINT('',(0.926093904186,8.735788465026,-13.8));
#6876 = B_SPLINE_CURVE_WITH_KNOTS('',2,(#6877,#6878,#6879),
  .UNSPECIFIED.,.F.,.F.,(3,3),(0.3125,0.375),.PIECEWISE_BEZIER_KNOTS.);
#6877 = CARTESIAN_POINT('',(1.344479962007,8.512156462285,-13.8));
#6878 = CARTESIAN_POINT('',(1.146299851849,8.64457617768,-13.8));
#6879 = CARTESIAN_POINT('',(0.926093904186,8.735788465026,-13.8));
#6880 = ORIENTED_EDGE('',*,*,#6881,.T.);
#6881 = EDGE_CURVE('',#6874,#6882,#6884,.T.);
#6882 = VERTEX_POINT('',#6883);
#6883 = CARTESIAN_POINT('',(0.472118582655,8.873500374965,-13.8));
#6884 = B_SPLINE_CURVE_WITH_KNOTS('',2,(#6885,#6886,#6887),
  .UNSPECIFIED.,.F.,.F.,(3,3),(0.375,0.4375),.PIECEWISE_BEZIER_KNOTS.);
#6885 = CARTESIAN_POINT('',(0.926093904186,8.735788465026,-13.8));
#6886 = CARTESIAN_POINT('',(0.705887963535,8.827000760842,-13.8));
#6887 = CARTESIAN_POINT('',(0.472118582655,8.873500374965,-13.8));
#6888 = ORIENTED_EDGE('',*,*,#6889,.T.);
#6889 = EDGE_CURVE('',#6882,#6890,#6892,.T.);
#6890 = VERTEX_POINT('',#6891);
#6891 = CARTESIAN_POINT('',(1.577780350814E-09,8.919999997558,-13.8));
#6892 = B_SPLINE_CURVE_WITH_KNOTS('',2,(#6893,#6894,#6895),
  .UNSPECIFIED.,.F.,.F.,(3,3),(0.4375,0.5),.PIECEWISE_BEZIER_KNOTS.);
#6893 = CARTESIAN_POINT('',(0.472118582655,8.873500374965,-13.8));
#6894 = CARTESIAN_POINT('',(0.238349194762,8.919999997558,-13.8));
#6895 = CARTESIAN_POINT('',(1.57778062837E-09,8.919999997558,-13.8));
#6896 = ORIENTED_EDGE('',*,*,#6897,.T.);
#6897 = EDGE_CURVE('',#6890,#6898,#6900,.T.);
#6898 = VERTEX_POINT('',#6899);
#6899 = CARTESIAN_POINT('',(-0.472118579499,8.873500374965,-13.8));
#6900 = B_SPLINE_CURVE_WITH_KNOTS('',2,(#6901,#6902,#6903),
  .UNSPECIFIED.,.F.,.F.,(3,3),(0.5,0.5625),.PIECEWISE_BEZIER_KNOTS.);
#6901 = CARTESIAN_POINT('',(1.577780600615E-09,8.919999997558,-13.8));
#6902 = CARTESIAN_POINT('',(-0.238349198619,8.919999997558,-13.8));
#6903 = CARTESIAN_POINT('',(-0.472118579499,8.873500374965,-13.8));
#6904 = ORIENTED_EDGE('',*,*,#6905,.T.);
#6905 = EDGE_CURVE('',#6898,#6906,#6908,.T.);
#6906 = VERTEX_POINT('',#6907);
#6907 = CARTESIAN_POINT('',(-0.926093908042,8.735788465026,-13.8));
#6908 = B_SPLINE_CURVE_WITH_KNOTS('',2,(#6909,#6910,#6911),
  .UNSPECIFIED.,.F.,.F.,(3,3),(0.5625,0.625),.PIECEWISE_BEZIER_KNOTS.);
#6909 = CARTESIAN_POINT('',(-0.472118579499,8.873500374965,-13.8));
#6910 = CARTESIAN_POINT('',(-0.70588796038,8.827000760842,-13.8));
#6911 = CARTESIAN_POINT('',(-0.926093908042,8.735788465026,-13.8));
#6912 = ORIENTED_EDGE('',*,*,#6913,.T.);
#6913 = EDGE_CURVE('',#6906,#6914,#6916,.T.);
#6914 = VERTEX_POINT('',#6915);
#6915 = CARTESIAN_POINT('',(-1.344479965864,8.512156462285,-13.8));
#6916 = B_SPLINE_CURVE_WITH_KNOTS('',2,(#6917,#6918,#6919),
  .UNSPECIFIED.,.F.,.F.,(3,3),(0.625,0.6875),.PIECEWISE_BEZIER_KNOTS.);
#6917 = CARTESIAN_POINT('',(-0.926093908042,8.735788465026,-13.8));
#6918 = CARTESIAN_POINT('',(-1.146299848693,8.64457617768,-13.8));
#6919 = CARTESIAN_POINT('',(-1.344479965864,8.512156462285,-13.8));
#6920 = ORIENTED_EDGE('',*,*,#6921,.T.);
#6921 = EDGE_CURVE('',#6914,#6922,#6924,.T.);
#6922 = VERTEX_POINT('',#6923);
#6923 = CARTESIAN_POINT('',(-1.711198411301,8.211198412336,-13.8));
#6924 = B_SPLINE_CURVE_WITH_KNOTS('',2,(#6925,#6926,#6927),
  .UNSPECIFIED.,.F.,.F.,(3,3),(0.6875,0.75),.PIECEWISE_BEZIER_KNOTS.);
#6925 = CARTESIAN_POINT('',(-1.344479965864,8.512156462285,-13.8));
#6926 = CARTESIAN_POINT('',(-1.542660076022,8.37973674689,-13.8));
#6927 = CARTESIAN_POINT('',(-1.711198411301,8.211198412336,-13.8));
#6928 = ORIENTED_EDGE('',*,*,#6929,.T.);
#6929 = EDGE_CURVE('',#6922,#6930,#6932,.T.);
#6930 = VERTEX_POINT('',#6931);
#6931 = CARTESIAN_POINT('',(-2.012156460797,7.844479963186,-13.8));
#6932 = B_SPLINE_CURVE_WITH_KNOTS('',2,(#6933,#6934,#6935),
  .UNSPECIFIED.,.F.,.F.,(3,3),(0.75,0.8125),.PIECEWISE_BEZIER_KNOTS.);
#6933 = CARTESIAN_POINT('',(-1.711198411301,8.211198412336,-13.8));
#6934 = CARTESIAN_POINT('',(-1.87973674658,8.042660077781,-13.8));
#6935 = CARTESIAN_POINT('',(-2.012156460797,7.844479963186,-13.8));
#6936 = ORIENTED_EDGE('',*,*,#6937,.T.);
#6937 = EDGE_CURVE('',#6930,#6938,#6940,.T.);
#6938 = VERTEX_POINT('',#6939);
#6939 = CARTESIAN_POINT('',(-2.235788467854,7.426093908605,-13.8));
#6940 = B_SPLINE_CURVE_WITH_KNOTS('',2,(#6941,#6942,#6943),
  .UNSPECIFIED.,.F.,.F.,(3,3),(0.8125,0.875),.PIECEWISE_BEZIER_KNOTS.);
#6941 = CARTESIAN_POINT('',(-2.012156460797,7.844479963186,-13.8));
#6942 = CARTESIAN_POINT('',(-2.144576182027,7.646299848591,-13.8));
#6943 = CARTESIAN_POINT('',(-2.235788467854,7.426093908605,-13.8));
#6944 = ORIENTED_EDGE('',*,*,#6945,.T.);
#6945 = EDGE_CURVE('',#6938,#6946,#6948,.T.);
#6946 = VERTEX_POINT('',#6947);
#6947 = CARTESIAN_POINT('',(-2.373500381264,6.972118583069,-13.8));
#6948 = B_SPLINE_CURVE_WITH_KNOTS('',2,(#6949,#6950,#6951),
  .UNSPECIFIED.,.F.,.F.,(3,3),(0.875,0.9375),.PIECEWISE_BEZIER_KNOTS.);
#6949 = CARTESIAN_POINT('',(-2.235788467854,7.426093908605,-13.8));
#6950 = CARTESIAN_POINT('',(-2.327000753681,7.205887960147,-13.8));
#6951 = CARTESIAN_POINT('',(-2.373500381264,6.972118583069,-13.8));
#6952 = ORIENTED_EDGE('',*,*,#6953,.T.);
#6953 = EDGE_CURVE('',#6946,#6954,#6956,.T.);
#6954 = VERTEX_POINT('',#6955);
#6955 = CARTESIAN_POINT('',(-2.420000001835,6.49999999663,-13.8));
#6956 = B_SPLINE_CURVE_WITH_KNOTS('',2,(#6957,#6958,#6959),
  .UNSPECIFIED.,.F.,.F.,(3,3),(0.9375,1.),.PIECEWISE_BEZIER_KNOTS.);
#6957 = CARTESIAN_POINT('',(-2.373500381264,6.972118583069,-13.8));
#6958 = CARTESIAN_POINT('',(-2.420000001835,6.738349197521,-13.8));
#6959 = CARTESIAN_POINT('',(-2.420000001835,6.49999999663,-13.8));
#6960 = ORIENTED_EDGE('',*,*,#6961,.T.);
#6961 = EDGE_CURVE('',#6954,#6962,#6964,.T.);
#6962 = VERTEX_POINT('',#6963);
#6963 = CARTESIAN_POINT('',(-2.369395444469,6.007693975637,-13.8));
#6964 = B_SPLINE_CURVE_WITH_KNOTS('',2,(#6965,#6966,#6967),
  .UNSPECIFIED.,.F.,.F.,(3,3),(0.,0.25),.PIECEWISE_BEZIER_KNOTS.);
#6965 = CARTESIAN_POINT('',(-2.420000001835,6.49999999663,-13.8));
#6966 = CARTESIAN_POINT('',(-2.420000001835,6.251246142615,-13.8));
#6967 = CARTESIAN_POINT('',(-2.369395444469,6.007693975637,-13.8));
#6968 = ORIENTED_EDGE('',*,*,#6969,.T.);
#6969 = EDGE_CURVE('',#6962,#6970,#6972,.T.);
#6970 = VERTEX_POINT('',#6971);
#6971 = CARTESIAN_POINT('',(-2.219698164027,5.535977145962,-13.8));
#6972 = B_SPLINE_CURVE_WITH_KNOTS('',2,(#6973,#6974,#6975),
  .UNSPECIFIED.,.F.,.F.,(3,3),(0.25,0.5),.PIECEWISE_BEZIER_KNOTS.);
#6973 = CARTESIAN_POINT('',(-2.369395444469,6.007693975637,-13.8));
#6974 = CARTESIAN_POINT('',(-2.318790887104,5.764141800189,-13.8));
#6975 = CARTESIAN_POINT('',(-2.219698164027,5.535977145962,-13.8));
#6976 = ORIENTED_EDGE('',*,*,#6977,.T.);
#6977 = EDGE_CURVE('',#6970,#6978,#6980,.T.);
#6978 = VERTEX_POINT('',#6979);
#6979 = CARTESIAN_POINT('',(-1.977168783196,5.104577619741,-13.8));
#6980 = B_SPLINE_CURVE_WITH_KNOTS('',2,(#6981,#6982,#6983),
  .UNSPECIFIED.,.F.,.F.,(3,3),(0.5,0.75),.PIECEWISE_BEZIER_KNOTS.);
#6981 = CARTESIAN_POINT('',(-2.219698164027,5.535977145962,-13.8));
#6982 = CARTESIAN_POINT('',(-2.120605433938,5.307812483264,-13.8));
#6983 = CARTESIAN_POINT('',(-1.977168783196,5.104577619741,-13.8));
#6984 = ORIENTED_EDGE('',*,*,#6985,.T.);
#6985 = EDGE_CURVE('',#6978,#6986,#6988,.T.);
#6986 = VERTEX_POINT('',#6987);
#6987 = CARTESIAN_POINT('',(-1.651950355374,4.731537384341,-13.8));
#6988 = B_SPLINE_CURVE_WITH_KNOTS('',2,(#6989,#6990,#6991),
  .UNSPECIFIED.,.F.,.F.,(3,3),(0.75,1.),.PIECEWISE_BEZIER_KNOTS.);
#6989 = CARTESIAN_POINT('',(-1.977168783196,5.104577619741,-13.8));
#6990 = CARTESIAN_POINT('',(-1.833732132453,4.901342764689,-13.8));
#6991 = CARTESIAN_POINT('',(-1.651950355374,4.731537384341,-13.8));
#6992 = ORIENTED_EDGE('',*,*,#6993,.T.);
#6993 = EDGE_CURVE('',#6986,#6994,#6996,.T.);
#6994 = VERTEX_POINT('',#6995);
#6995 = CARTESIAN_POINT('',(-1.558107739534,4.598572133576,-13.8));
#6996 = B_SPLINE_CURVE_WITH_KNOTS('',2,(#6997,#6998,#6999),
  .UNSPECIFIED.,.F.,.F.,(3,3),(0.,0.5),.PIECEWISE_BEZIER_KNOTS.);
#6997 = CARTESIAN_POINT('',(-1.651950355374,4.731537384341,-13.8));
#6998 = CARTESIAN_POINT('',(-1.591215485087,4.674803933599,-13.8));
#6999 = CARTESIAN_POINT('',(-1.558107739534,4.598572133576,-13.8));
#7000 = ORIENTED_EDGE('',*,*,#7001,.T.);
#7001 = EDGE_CURVE('',#6994,#7002,#7004,.T.);
#7002 = VERTEX_POINT('',#7003);
#7003 = CARTESIAN_POINT('',(-1.525000000496,4.43922951356,-13.8));
#7004 = B_SPLINE_CURVE_WITH_KNOTS('',2,(#7005,#7006,#7007),
  .UNSPECIFIED.,.F.,.F.,(3,3),(0.5,1.),.PIECEWISE_BEZIER_KNOTS.);
#7005 = CARTESIAN_POINT('',(-1.558107739534,4.598572133576,-13.8));
#7006 = CARTESIAN_POINT('',(-1.525000000993,4.522340342023,-13.8));
#7007 = CARTESIAN_POINT('',(-1.525000000993,4.439229514121,-13.8));
#7008 = ORIENTED_EDGE('',*,*,#7009,.T.);
#7009 = EDGE_CURVE('',#7002,#7010,#7012,.T.);
#7010 = VERTEX_POINT('',#7011);
#7011 = CARTESIAN_POINT('',(-1.525000000496,3.899999998622,-13.8));
#7012 = LINE('',#7013,#7014);
#7013 = CARTESIAN_POINT('',(-1.525,4.439229513,-13.8));
#7014 = VECTOR('',#7015,1.);
#7015 = DIRECTION('',(0.,-1.,0.));
#7016 = ORIENTED_EDGE('',*,*,#7017,.T.);
#7017 = EDGE_CURVE('',#7010,#7018,#7020,.T.);
#7018 = VERTEX_POINT('',#7019);
#7019 = CARTESIAN_POINT('',(-1.555448184255,3.746926629874,-13.8));
#7020 = B_SPLINE_CURVE_WITH_KNOTS('',2,(#7021,#7022,#7023),
  .UNSPECIFIED.,.F.,.F.,(3,3),(0.,0.25),.PIECEWISE_BEZIER_KNOTS.);
#7021 = CARTESIAN_POINT('',(-1.525000000993,3.899999997243,-13.8));
#7022 = CARTESIAN_POINT('',(-1.525000000993,3.820435056071,-13.8));
#7023 = CARTESIAN_POINT('',(-1.555448184255,3.746926629874,-13.8));
#7024 = ORIENTED_EDGE('',*,*,#7025,.T.);
#7025 = EDGE_CURVE('',#7018,#7026,#7028,.T.);
#7026 = VERTEX_POINT('',#7027);
#7027 = CARTESIAN_POINT('',(-1.642157289959,3.617157289364,-13.8));
#7028 = B_SPLINE_CURVE_WITH_KNOTS('',2,(#7029,#7030,#7031),
  .UNSPECIFIED.,.F.,.F.,(3,3),(0.25,0.5),.PIECEWISE_BEZIER_KNOTS.);
#7029 = CARTESIAN_POINT('',(-1.555448184255,3.746926629874,-13.8));
#7030 = CARTESIAN_POINT('',(-1.58589637453,3.673418203677,-13.8));
#7031 = CARTESIAN_POINT('',(-1.642157289959,3.617157289364,-13.8));
#7032 = ORIENTED_EDGE('',*,*,#7033,.T.);
#7033 = EDGE_CURVE('',#7026,#7034,#7036,.T.);
#7034 = VERTEX_POINT('',#7035);
#7035 = CARTESIAN_POINT('',(-1.771926627371,3.530448184566,-13.8));
#7036 = B_SPLINE_CURVE_WITH_KNOTS('',2,(#7037,#7038,#7039),
  .UNSPECIFIED.,.F.,.F.,(3,3),(0.5,0.75),.PIECEWISE_BEZIER_KNOTS.);
#7037 = CARTESIAN_POINT('',(-1.642157289959,3.617157289364,-13.8));
#7038 = CARTESIAN_POINT('',(-1.698418198377,3.560896375051,-13.8));
#7039 = CARTESIAN_POINT('',(-1.771926627371,3.530448184566,-13.8));
#7040 = ORIENTED_EDGE('',*,*,#7041,.T.);
#7041 = EDGE_CURVE('',#7034,#7042,#7044,.T.);
#7042 = VERTEX_POINT('',#7043);
#7043 = CARTESIAN_POINT('',(-1.925000000489,3.500000001275,-13.8));
#7044 = B_SPLINE_CURVE_WITH_KNOTS('',2,(#7045,#7046,#7047),
  .UNSPECIFIED.,.F.,.F.,(3,3),(0.75,1.),.PIECEWISE_BEZIER_KNOTS.);
#7045 = CARTESIAN_POINT('',(-1.771926627371,3.530448184566,-13.8));
#7046 = CARTESIAN_POINT('',(-1.845435056364,3.50000000255,-13.8));
#7047 = CARTESIAN_POINT('',(-1.925000000978,3.50000000255,-13.8));
#7048 = ORIENTED_EDGE('',*,*,#7049,.T.);
#7049 = EDGE_CURVE('',#7042,#7050,#7052,.T.);
#7050 = VERTEX_POINT('',#7051);
#7051 = CARTESIAN_POINT('',(-4.55,3.5,-13.8));
#7052 = LINE('',#7053,#7054);
#7053 = CARTESIAN_POINT('',(-1.925,3.5,-13.8));
#7054 = VECTOR('',#7055,1.);
#7055 = DIRECTION('',(-1.,0.,0.));
#7056 = ORIENTED_EDGE('',*,*,#7057,.T.);
#7057 = EDGE_CURVE('',#7050,#7058,#7060,.T.);
#7058 = VERTEX_POINT('',#7059);
#7059 = CARTESIAN_POINT('',(-4.55,0.5,-13.8));
#7060 = LINE('',#7061,#7062);
#7061 = CARTESIAN_POINT('',(-4.55,3.5,-13.8));
#7062 = VECTOR('',#7063,1.);
#7063 = DIRECTION('',(0.,-1.,0.));
#7064 = ORIENTED_EDGE('',*,*,#7065,.T.);
#7065 = EDGE_CURVE('',#7058,#7066,#7068,.T.);
#7066 = VERTEX_POINT('',#7067);
#7067 = CARTESIAN_POINT('',(1.124999998576,0.5,-13.8));
#7068 = LINE('',#7069,#7070);
#7069 = CARTESIAN_POINT('',(-4.55,0.5,-13.8));
#7070 = VECTOR('',#7071,1.);
#7071 = DIRECTION('',(1.,0.,0.));
#7072 = ORIENTED_EDGE('',*,*,#7073,.T.);
#7073 = EDGE_CURVE('',#7066,#7074,#7076,.T.);
#7074 = VERTEX_POINT('',#7075);
#7075 = CARTESIAN_POINT('',(1.278073370759,0.530448190486,-13.8));
#7076 = B_SPLINE_CURVE_WITH_KNOTS('',2,(#7077,#7078,#7079),
  .UNSPECIFIED.,.F.,.F.,(3,3),(0.,0.25),.PIECEWISE_BEZIER_KNOTS.);
#7077 = CARTESIAN_POINT('',(1.124999997152,0.5,-13.8));
#7078 = CARTESIAN_POINT('',(1.204564948777,0.5,-13.8));
#7079 = CARTESIAN_POINT('',(1.278073370759,0.530448190486,-13.8));
#7080 = ORIENTED_EDGE('',*,*,#7081,.T.);
#7081 = EDGE_CURVE('',#7074,#7082,#7084,.T.);
#7082 = VERTEX_POINT('',#7083);
#7083 = CARTESIAN_POINT('',(1.407842715182,0.617157286814,-13.8));
#7084 = B_SPLINE_CURVE_WITH_KNOTS('',2,(#7085,#7086,#7087),
  .UNSPECIFIED.,.F.,.F.,(3,3),(0.25,0.5),.PIECEWISE_BEZIER_KNOTS.);
#7085 = CARTESIAN_POINT('',(1.278073370759,0.530448190486,-13.8));
#7086 = CARTESIAN_POINT('',(1.351581799753,0.560896372501,-13.8));
#7087 = CARTESIAN_POINT('',(1.407842715182,0.617157286814,-13.8));
#7088 = ORIENTED_EDGE('',*,*,#7089,.T.);
#7089 = EDGE_CURVE('',#7082,#7090,#7092,.T.);
#7090 = VERTEX_POINT('',#7091);
#7091 = CARTESIAN_POINT('',(1.494551813874,0.746926627323,-13.8));
#7092 = B_SPLINE_CURVE_WITH_KNOTS('',2,(#7093,#7094,#7095),
  .UNSPECIFIED.,.F.,.F.,(3,3),(0.5,0.75),.PIECEWISE_BEZIER_KNOTS.);
#7093 = CARTESIAN_POINT('',(1.407842715182,0.617157286814,-13.8));
#7094 = CARTESIAN_POINT('',(1.4641036236,0.673418201126,-13.8));
#7095 = CARTESIAN_POINT('',(1.494551813874,0.746926627323,-13.8));
#7096 = ORIENTED_EDGE('',*,*,#7097,.T.);
#7097 = EDGE_CURVE('',#7090,#7098,#7100,.T.);
#7098 = VERTEX_POINT('',#7099);
#7099 = CARTESIAN_POINT('',(1.524999998568,0.900000001582,-13.8));
#7100 = B_SPLINE_CURVE_WITH_KNOTS('',2,(#7101,#7102,#7103),
  .UNSPECIFIED.,.F.,.F.,(3,3),(0.75,1.),.PIECEWISE_BEZIER_KNOTS.);
#7101 = CARTESIAN_POINT('',(1.494551813874,0.746926627323,-13.8));
#7102 = CARTESIAN_POINT('',(1.524999997137,0.82043505352,-13.8));
#7103 = CARTESIAN_POINT('',(1.524999997137,0.900000003164,-13.8));
#7104 = ORIENTED_EDGE('',*,*,#7105,.T.);
#7105 = EDGE_CURVE('',#7098,#6784,#7106,.T.);
#7106 = LINE('',#7107,#7108);
#7107 = CARTESIAN_POINT('',(1.525,0.9,-13.8));
#7108 = VECTOR('',#7109,1.);
#7109 = DIRECTION('',(0.,1.,0.));
#7110 = FACE_BOUND('',#7111,.T.);
#7111 = EDGE_LOOP('',(#7112,#7122,#7130,#7138,#7146,#7154,#7162,#7170,
    #7178,#7186,#7194,#7202,#7210,#7218,#7226,#7234,#7242,#7250,#7258,
    #7266,#7274,#7282,#7290,#7298,#7306,#7314,#7322,#7330,#7338,#7346,
    #7354,#7362));
#7112 = ORIENTED_EDGE('',*,*,#7113,.T.);
#7113 = EDGE_CURVE('',#7114,#7116,#7118,.T.);
#7114 = VERTEX_POINT('',#7115);
#7115 = CARTESIAN_POINT('',(1.400000001524,6.49999999663,-13.8));
#7116 = VERTEX_POINT('',#7117);
#7117 = CARTESIAN_POINT('',(1.373099392496,6.226873551186,-13.8));
#7118 = B_SPLINE_CURVE_WITH_KNOTS('',2,(#7119,#7120,#7121),
  .UNSPECIFIED.,.F.,.F.,(3,3),(0.,6.25E-02),.PIECEWISE_BEZIER_KNOTS.);
#7119 = CARTESIAN_POINT('',(1.400000001524,6.49999999663,-13.8));
#7120 = CARTESIAN_POINT('',(1.400000001524,6.362112035403,-13.8));
#7121 = CARTESIAN_POINT('',(1.373099392496,6.226873551186,-13.8));
#7122 = ORIENTED_EDGE('',*,*,#7123,.T.);
#7123 = EDGE_CURVE('',#7116,#7124,#7126,.T.);
#7124 = VERTEX_POINT('',#7125);
#7125 = CARTESIAN_POINT('',(1.293431346081,5.964243198131,-13.8));
#7126 = B_SPLINE_CURVE_WITH_KNOTS('',2,(#7127,#7128,#7129),
  .UNSPECIFIED.,.F.,.F.,(3,3),(6.25E-02,0.125),
  .PIECEWISE_BEZIER_KNOTS.);
#7127 = CARTESIAN_POINT('',(1.373099392496,6.226873551186,-13.8));
#7128 = CARTESIAN_POINT('',(1.346198783468,6.091635066969,-13.8));
#7129 = CARTESIAN_POINT('',(1.293431346081,5.964243198131,-13.8));
#7130 = ORIENTED_EDGE('',*,*,#7131,.T.);
#7131 = EDGE_CURVE('',#7124,#7132,#7134,.T.);
#7132 = VERTEX_POINT('',#7133);
#7133 = CARTESIAN_POINT('',(1.164057454283,5.722201672161,-13.8));
#7134 = B_SPLINE_CURVE_WITH_KNOTS('',2,(#7135,#7136,#7137),
  .UNSPECIFIED.,.F.,.F.,(3,3),(0.125,0.1875),.PIECEWISE_BEZIER_KNOTS.);
#7135 = CARTESIAN_POINT('',(1.293431346081,5.964243198131,-13.8));
#7136 = CARTESIAN_POINT('',(1.240663908695,5.836851329292,-13.8));
#7137 = CARTESIAN_POINT('',(1.164057454283,5.722201672161,-13.8));
#7138 = ORIENTED_EDGE('',*,*,#7139,.T.);
#7139 = EDGE_CURVE('',#7132,#7140,#7142,.T.);
#7140 = VERTEX_POINT('',#7141);
#7141 = CARTESIAN_POINT('',(0.989949497153,5.510050502111,-13.8));
#7142 = B_SPLINE_CURVE_WITH_KNOTS('',2,(#7143,#7144,#7145),
  .UNSPECIFIED.,.F.,.F.,(3,3),(0.1875,0.25),.PIECEWISE_BEZIER_KNOTS.);
#7143 = CARTESIAN_POINT('',(1.164057454283,5.722201672161,-13.8));
#7144 = CARTESIAN_POINT('',(1.087451006882,5.607552023499,-13.8));
#7145 = CARTESIAN_POINT('',(0.989949497153,5.510050502111,-13.8));
#7146 = ORIENTED_EDGE('',*,*,#7147,.T.);
#7147 = EDGE_CURVE('',#7140,#7148,#7150,.T.);
#7148 = VERTEX_POINT('',#7149);
#7149 = CARTESIAN_POINT('',(0.777798328633,5.335942546541,-13.8));
#7150 = B_SPLINE_CURVE_WITH_KNOTS('',2,(#7151,#7152,#7153),
  .UNSPECIFIED.,.F.,.F.,(3,3),(0.25,0.3125),.PIECEWISE_BEZIER_KNOTS.);
#7151 = CARTESIAN_POINT('',(0.989949497153,5.510050502111,-13.8));
#7152 = CARTESIAN_POINT('',(0.892447980413,5.412548989193,-13.8));
#7153 = CARTESIAN_POINT('',(0.777798328633,5.335942546541,-13.8));
#7154 = ORIENTED_EDGE('',*,*,#7155,.T.);
#7155 = EDGE_CURVE('',#7148,#7156,#7158,.T.);
#7156 = VERTEX_POINT('',#7157);
#7157 = CARTESIAN_POINT('',(0.53575680219,5.206568652258,-13.8));
#7158 = B_SPLINE_CURVE_WITH_KNOTS('',2,(#7159,#7160,#7161),
  .UNSPECIFIED.,.F.,.F.,(3,3),(0.3125,0.375),.PIECEWISE_BEZIER_KNOTS.);
#7159 = CARTESIAN_POINT('',(0.777798328633,5.335942546541,-13.8));
#7160 = CARTESIAN_POINT('',(0.663148676853,5.259336095418,-13.8));
#7161 = CARTESIAN_POINT('',(0.53575680219,5.206568652258,-13.8));
#7162 = ORIENTED_EDGE('',*,*,#7163,.T.);
#7163 = EDGE_CURVE('',#7156,#7164,#7166,.T.);
#7164 = VERTEX_POINT('',#7165);
#7165 = CARTESIAN_POINT('',(0.273126447646,5.126900607915,-13.8));
#7166 = B_SPLINE_CURVE_WITH_KNOTS('',2,(#7167,#7168,#7169),
  .UNSPECIFIED.,.F.,.F.,(3,3),(0.375,0.4375),.PIECEWISE_BEZIER_KNOTS.);
#7167 = CARTESIAN_POINT('',(0.53575680219,5.206568652258,-13.8));
#7168 = CARTESIAN_POINT('',(0.408364934539,5.153801217567,-13.8));
#7169 = CARTESIAN_POINT('',(0.273126447646,5.126900607915,-13.8));
#7170 = ORIENTED_EDGE('',*,*,#7171,.T.);
#7171 = EDGE_CURVE('',#7164,#7172,#7174,.T.);
#7172 = VERTEX_POINT('',#7173);
#7173 = CARTESIAN_POINT('',(1.577780350814E-09,5.099999998264,-13.8));
#7174 = B_SPLINE_CURVE_WITH_KNOTS('',2,(#7175,#7176,#7177),
  .UNSPECIFIED.,.F.,.F.,(3,3),(0.4375,0.5),.PIECEWISE_BEZIER_KNOTS.);
#7175 = CARTESIAN_POINT('',(0.273126447646,5.126900607915,-13.8));
#7176 = CARTESIAN_POINT('',(0.137887967764,5.099999998264,-13.8));
#7177 = CARTESIAN_POINT('',(1.577780572859E-09,5.099999998264,-13.8));
#7178 = ORIENTED_EDGE('',*,*,#7179,.T.);
#7179 = EDGE_CURVE('',#7172,#7180,#7182,.T.);
#7180 = VERTEX_POINT('',#7181);
#7181 = CARTESIAN_POINT('',(-0.273126451502,5.126900607915,-13.8));
#7182 = B_SPLINE_CURVE_WITH_KNOTS('',2,(#7183,#7184,#7185),
  .UNSPECIFIED.,.F.,.F.,(3,3),(0.5,0.5625),.PIECEWISE_BEZIER_KNOTS.);
#7183 = CARTESIAN_POINT('',(1.577780600615E-09,5.099999998264,-13.8));
#7184 = CARTESIAN_POINT('',(-0.137887964609,5.099999998264,-13.8));
#7185 = CARTESIAN_POINT('',(-0.273126451502,5.126900607915,-13.8));
#7186 = ORIENTED_EDGE('',*,*,#7187,.T.);
#7187 = EDGE_CURVE('',#7180,#7188,#7190,.T.);
#7188 = VERTEX_POINT('',#7189);
#7189 = CARTESIAN_POINT('',(-0.535756806046,5.206568652258,-13.8));
#7190 = B_SPLINE_CURVE_WITH_KNOTS('',2,(#7191,#7192,#7193),
  .UNSPECIFIED.,.F.,.F.,(3,3),(0.5625,0.625),.PIECEWISE_BEZIER_KNOTS.);
#7191 = CARTESIAN_POINT('',(-0.273126451502,5.126900607915,-13.8));
#7192 = CARTESIAN_POINT('',(-0.408364938395,5.153801217567,-13.8));
#7193 = CARTESIAN_POINT('',(-0.535756806046,5.206568652258,-13.8));
#7194 = ORIENTED_EDGE('',*,*,#7195,.T.);
#7195 = EDGE_CURVE('',#7188,#7196,#7198,.T.);
#7196 = VERTEX_POINT('',#7197);
#7197 = CARTESIAN_POINT('',(-0.777798325477,5.335942546541,-13.8));
#7198 = B_SPLINE_CURVE_WITH_KNOTS('',2,(#7199,#7200,#7201),
  .UNSPECIFIED.,.F.,.F.,(3,3),(0.625,0.6875),.PIECEWISE_BEZIER_KNOTS.);
#7199 = CARTESIAN_POINT('',(-0.535756806046,5.206568652258,-13.8));
#7200 = CARTESIAN_POINT('',(-0.663148673697,5.259336095418,-13.8));
#7201 = CARTESIAN_POINT('',(-0.777798325477,5.335942546541,-13.8));
#7202 = ORIENTED_EDGE('',*,*,#7203,.T.);
#7203 = EDGE_CURVE('',#7196,#7204,#7206,.T.);
#7204 = VERTEX_POINT('',#7205);
#7205 = CARTESIAN_POINT('',(-0.989949493998,5.510050502111,-13.8));
#7206 = B_SPLINE_CURVE_WITH_KNOTS('',2,(#7207,#7208,#7209),
  .UNSPECIFIED.,.F.,.F.,(3,3),(0.6875,0.75),.PIECEWISE_BEZIER_KNOTS.);
#7207 = CARTESIAN_POINT('',(-0.777798325477,5.335942546541,-13.8));
#7208 = CARTESIAN_POINT('',(-0.892447977257,5.412548989193,-13.8));
#7209 = CARTESIAN_POINT('',(-0.989949493998,5.510050502111,-13.8));
#7210 = ORIENTED_EDGE('',*,*,#7211,.T.);
#7211 = EDGE_CURVE('',#7204,#7212,#7214,.T.);
#7212 = VERTEX_POINT('',#7213);
#7213 = CARTESIAN_POINT('',(-1.164057458139,5.722201672161,-13.8));
#7214 = B_SPLINE_CURVE_WITH_KNOTS('',2,(#7215,#7216,#7217),
  .UNSPECIFIED.,.F.,.F.,(3,3),(0.75,0.8125),.PIECEWISE_BEZIER_KNOTS.);
#7215 = CARTESIAN_POINT('',(-0.989949493998,5.510050502111,-13.8));
#7216 = CARTESIAN_POINT('',(-1.087451010738,5.607552023499,-13.8));
#7217 = CARTESIAN_POINT('',(-1.164057458139,5.722201672161,-13.8));
#7218 = ORIENTED_EDGE('',*,*,#7219,.T.);
#7219 = EDGE_CURVE('',#7212,#7220,#7222,.T.);
#7220 = VERTEX_POINT('',#7221);
#7221 = CARTESIAN_POINT('',(-1.293431342926,5.964243198131,-13.8));
#7222 = B_SPLINE_CURVE_WITH_KNOTS('',2,(#7223,#7224,#7225),
  .UNSPECIFIED.,.F.,.F.,(3,3),(0.8125,0.875),.PIECEWISE_BEZIER_KNOTS.);
#7223 = CARTESIAN_POINT('',(-1.164057458139,5.722201672161,-13.8));
#7224 = CARTESIAN_POINT('',(-1.240663905539,5.836851329292,-13.8));
#7225 = CARTESIAN_POINT('',(-1.293431342926,5.964243198131,-13.8));
#7226 = ORIENTED_EDGE('',*,*,#7227,.T.);
#7227 = EDGE_CURVE('',#7220,#7228,#7230,.T.);
#7228 = VERTEX_POINT('',#7229);
#7229 = CARTESIAN_POINT('',(-1.37309938934,6.226873551186,-13.8));
#7230 = B_SPLINE_CURVE_WITH_KNOTS('',2,(#7231,#7232,#7233),
  .UNSPECIFIED.,.F.,.F.,(3,3),(0.875,0.9375),.PIECEWISE_BEZIER_KNOTS.);
#7231 = CARTESIAN_POINT('',(-1.293431342926,5.964243198131,-13.8));
#7232 = CARTESIAN_POINT('',(-1.346198787324,6.091635066969,-13.8));
#7233 = CARTESIAN_POINT('',(-1.37309938934,6.226873551186,-13.8));
#7234 = ORIENTED_EDGE('',*,*,#7235,.T.);
#7235 = EDGE_CURVE('',#7228,#7236,#7238,.T.);
#7236 = VERTEX_POINT('',#7237);
#7237 = CARTESIAN_POINT('',(-1.399999998368,6.49999999663,-13.8));
#7238 = B_SPLINE_CURVE_WITH_KNOTS('',2,(#7239,#7240,#7241),
  .UNSPECIFIED.,.F.,.F.,(3,3),(0.9375,1.),.PIECEWISE_BEZIER_KNOTS.);
#7239 = CARTESIAN_POINT('',(-1.37309938934,6.226873551186,-13.8));
#7240 = CARTESIAN_POINT('',(-1.399999998368,6.362112035403,-13.8));
#7241 = CARTESIAN_POINT('',(-1.399999998368,6.49999999663,-13.8));
#7242 = ORIENTED_EDGE('',*,*,#7243,.T.);
#7243 = EDGE_CURVE('',#7236,#7244,#7246,.T.);
#7244 = VERTEX_POINT('',#7245);
#7245 = CARTESIAN_POINT('',(-1.37309938934,6.773126450545,-13.8));
#7246 = B_SPLINE_CURVE_WITH_KNOTS('',2,(#7247,#7248,#7249),
  .UNSPECIFIED.,.F.,.F.,(3,3),(0.,6.25E-02),.PIECEWISE_BEZIER_KNOTS.);
#7247 = CARTESIAN_POINT('',(-1.399999998368,6.49999999663,-13.8));
#7248 = CARTESIAN_POINT('',(-1.399999998368,6.637887966328,-13.8));
#7249 = CARTESIAN_POINT('',(-1.37309938934,6.773126450545,-13.8));
#7250 = ORIENTED_EDGE('',*,*,#7251,.T.);
#7251 = EDGE_CURVE('',#7244,#7252,#7254,.T.);
#7252 = VERTEX_POINT('',#7253);
#7253 = CARTESIAN_POINT('',(-1.293431342926,7.0357568036,-13.8));
#7254 = B_SPLINE_CURVE_WITH_KNOTS('',2,(#7255,#7256,#7257),
  .UNSPECIFIED.,.F.,.F.,(3,3),(6.25E-02,0.125),
  .PIECEWISE_BEZIER_KNOTS.);
#7255 = CARTESIAN_POINT('',(-1.37309938934,6.773126450545,-13.8));
#7256 = CARTESIAN_POINT('',(-1.346198787324,6.908364934762,-13.8));
#7257 = CARTESIAN_POINT('',(-1.293431342926,7.0357568036,-13.8));
#7258 = ORIENTED_EDGE('',*,*,#7259,.T.);
#7259 = EDGE_CURVE('',#7252,#7260,#7262,.T.);
#7260 = VERTEX_POINT('',#7261);
#7261 = CARTESIAN_POINT('',(-1.164057458139,7.27779832957,-13.8));
#7262 = B_SPLINE_CURVE_WITH_KNOTS('',2,(#7263,#7264,#7265),
  .UNSPECIFIED.,.F.,.F.,(3,3),(0.125,0.1875),.PIECEWISE_BEZIER_KNOTS.);
#7263 = CARTESIAN_POINT('',(-1.293431342926,7.0357568036,-13.8));
#7264 = CARTESIAN_POINT('',(-1.240663905539,7.163148672439,-13.8));
#7265 = CARTESIAN_POINT('',(-1.164057458139,7.27779832957,-13.8));
#7266 = ORIENTED_EDGE('',*,*,#7267,.T.);
#7267 = EDGE_CURVE('',#7260,#7268,#7270,.T.);
#7268 = VERTEX_POINT('',#7269);
#7269 = CARTESIAN_POINT('',(-0.989949493998,7.489949491149,-13.8));
#7270 = B_SPLINE_CURVE_WITH_KNOTS('',2,(#7271,#7272,#7273),
  .UNSPECIFIED.,.F.,.F.,(3,3),(0.1875,0.25),.PIECEWISE_BEZIER_KNOTS.);
#7271 = CARTESIAN_POINT('',(-1.164057458139,7.27779832957,-13.8));
#7272 = CARTESIAN_POINT('',(-1.087451010738,7.392447978232,-13.8));
#7273 = CARTESIAN_POINT('',(-0.989949493998,7.489949491149,-13.8));
#7274 = ORIENTED_EDGE('',*,*,#7275,.T.);
#7275 = EDGE_CURVE('',#7268,#7276,#7278,.T.);
#7276 = VERTEX_POINT('',#7277);
#7277 = CARTESIAN_POINT('',(-0.777798325477,7.66405745519,-13.8));
#7278 = B_SPLINE_CURVE_WITH_KNOTS('',2,(#7279,#7280,#7281),
  .UNSPECIFIED.,.F.,.F.,(3,3),(0.25,0.3125),.PIECEWISE_BEZIER_KNOTS.);
#7279 = CARTESIAN_POINT('',(-0.989949493998,7.489949491149,-13.8));
#7280 = CARTESIAN_POINT('',(-0.892447977257,7.587451012538,-13.8));
#7281 = CARTESIAN_POINT('',(-0.777798325477,7.66405745519,-13.8));
#7282 = ORIENTED_EDGE('',*,*,#7283,.T.);
#7283 = EDGE_CURVE('',#7276,#7284,#7286,.T.);
#7284 = VERTEX_POINT('',#7285);
#7285 = CARTESIAN_POINT('',(-0.535756806046,7.793431349474,-13.8));
#7286 = B_SPLINE_CURVE_WITH_KNOTS('',2,(#7287,#7288,#7289),
  .UNSPECIFIED.,.F.,.F.,(3,3),(0.3125,0.375),.PIECEWISE_BEZIER_KNOTS.);
#7287 = CARTESIAN_POINT('',(-0.777798325477,7.66405745519,-13.8));
#7288 = CARTESIAN_POINT('',(-0.663148673697,7.740663906313,-13.8));
#7289 = CARTESIAN_POINT('',(-0.535756806046,7.793431349474,-13.8));
#7290 = ORIENTED_EDGE('',*,*,#7291,.T.);
#7291 = EDGE_CURVE('',#7284,#7292,#7294,.T.);
#7292 = VERTEX_POINT('',#7293);
#7293 = CARTESIAN_POINT('',(-0.273126451502,7.873099393816,-13.8));
#7294 = B_SPLINE_CURVE_WITH_KNOTS('',2,(#7295,#7296,#7297),
  .UNSPECIFIED.,.F.,.F.,(3,3),(0.375,0.4375),.PIECEWISE_BEZIER_KNOTS.);
#7295 = CARTESIAN_POINT('',(-0.535756806046,7.793431349474,-13.8));
#7296 = CARTESIAN_POINT('',(-0.408364938395,7.846198784164,-13.8));
#7297 = CARTESIAN_POINT('',(-0.273126451502,7.873099393816,-13.8));
#7298 = ORIENTED_EDGE('',*,*,#7299,.T.);
#7299 = EDGE_CURVE('',#7292,#7300,#7302,.T.);
#7300 = VERTEX_POINT('',#7301);
#7301 = CARTESIAN_POINT('',(1.577780350814E-09,7.900000003467,-13.8));
#7302 = B_SPLINE_CURVE_WITH_KNOTS('',2,(#7303,#7304,#7305),
  .UNSPECIFIED.,.F.,.F.,(3,3),(0.4375,0.5),.PIECEWISE_BEZIER_KNOTS.);
#7303 = CARTESIAN_POINT('',(-0.273126451502,7.873099393816,-13.8));
#7304 = CARTESIAN_POINT('',(-0.137887964609,7.900000003467,-13.8));
#7305 = CARTESIAN_POINT('',(1.577780600615E-09,7.900000003467,-13.8));
#7306 = ORIENTED_EDGE('',*,*,#7307,.T.);
#7307 = EDGE_CURVE('',#7300,#7308,#7310,.T.);
#7308 = VERTEX_POINT('',#7309);
#7309 = CARTESIAN_POINT('',(0.273126447646,7.873099393816,-13.8));
#7310 = B_SPLINE_CURVE_WITH_KNOTS('',2,(#7311,#7312,#7313),
  .UNSPECIFIED.,.F.,.F.,(3,3),(0.5,0.5625),.PIECEWISE_BEZIER_KNOTS.);
#7311 = CARTESIAN_POINT('',(1.577780572859E-09,7.900000003467,-13.8));
#7312 = CARTESIAN_POINT('',(0.137887967764,7.900000003467,-13.8));
#7313 = CARTESIAN_POINT('',(0.273126447646,7.873099393816,-13.8));
#7314 = ORIENTED_EDGE('',*,*,#7315,.T.);
#7315 = EDGE_CURVE('',#7308,#7316,#7318,.T.);
#7316 = VERTEX_POINT('',#7317);
#7317 = CARTESIAN_POINT('',(0.53575680219,7.793431349474,-13.8));
#7318 = B_SPLINE_CURVE_WITH_KNOTS('',2,(#7319,#7320,#7321),
  .UNSPECIFIED.,.F.,.F.,(3,3),(0.5625,0.625),.PIECEWISE_BEZIER_KNOTS.);
#7319 = CARTESIAN_POINT('',(0.273126447646,7.873099393816,-13.8));
#7320 = CARTESIAN_POINT('',(0.408364934539,7.846198784164,-13.8));
#7321 = CARTESIAN_POINT('',(0.53575680219,7.793431349474,-13.8));
#7322 = ORIENTED_EDGE('',*,*,#7323,.T.);
#7323 = EDGE_CURVE('',#7316,#7324,#7326,.T.);
#7324 = VERTEX_POINT('',#7325);
#7325 = CARTESIAN_POINT('',(0.777798328633,7.66405745519,-13.8));
#7326 = B_SPLINE_CURVE_WITH_KNOTS('',2,(#7327,#7328,#7329),
  .UNSPECIFIED.,.F.,.F.,(3,3),(0.625,0.6875),.PIECEWISE_BEZIER_KNOTS.);
#7327 = CARTESIAN_POINT('',(0.53575680219,7.793431349474,-13.8));
#7328 = CARTESIAN_POINT('',(0.663148676853,7.740663906313,-13.8));
#7329 = CARTESIAN_POINT('',(0.777798328633,7.66405745519,-13.8));
#7330 = ORIENTED_EDGE('',*,*,#7331,.T.);
#7331 = EDGE_CURVE('',#7324,#7332,#7334,.T.);
#7332 = VERTEX_POINT('',#7333);
#7333 = CARTESIAN_POINT('',(0.989949497153,7.489949491149,-13.8));
#7334 = B_SPLINE_CURVE_WITH_KNOTS('',2,(#7335,#7336,#7337),
  .UNSPECIFIED.,.F.,.F.,(3,3),(0.6875,0.75),.PIECEWISE_BEZIER_KNOTS.);
#7335 = CARTESIAN_POINT('',(0.777798328633,7.66405745519,-13.8));
#7336 = CARTESIAN_POINT('',(0.892447980413,7.587451012538,-13.8));
#7337 = CARTESIAN_POINT('',(0.989949497153,7.489949491149,-13.8));
#7338 = ORIENTED_EDGE('',*,*,#7339,.T.);
#7339 = EDGE_CURVE('',#7332,#7340,#7342,.T.);
#7340 = VERTEX_POINT('',#7341);
#7341 = CARTESIAN_POINT('',(1.164057454283,7.27779832957,-13.8));
#7342 = B_SPLINE_CURVE_WITH_KNOTS('',2,(#7343,#7344,#7345),
  .UNSPECIFIED.,.F.,.F.,(3,3),(0.75,0.8125),.PIECEWISE_BEZIER_KNOTS.);
#7343 = CARTESIAN_POINT('',(0.989949497153,7.489949491149,-13.8));
#7344 = CARTESIAN_POINT('',(1.087451006882,7.392447978232,-13.8));
#7345 = CARTESIAN_POINT('',(1.164057454283,7.27779832957,-13.8));
#7346 = ORIENTED_EDGE('',*,*,#7347,.T.);
#7347 = EDGE_CURVE('',#7340,#7348,#7350,.T.);
#7348 = VERTEX_POINT('',#7349);
#7349 = CARTESIAN_POINT('',(1.293431346081,7.0357568036,-13.8));
#7350 = B_SPLINE_CURVE_WITH_KNOTS('',2,(#7351,#7352,#7353),
  .UNSPECIFIED.,.F.,.F.,(3,3),(0.8125,0.875),.PIECEWISE_BEZIER_KNOTS.);
#7351 = CARTESIAN_POINT('',(1.164057454283,7.27779832957,-13.8));
#7352 = CARTESIAN_POINT('',(1.240663908695,7.163148672439,-13.8));
#7353 = CARTESIAN_POINT('',(1.293431346081,7.0357568036,-13.8));
#7354 = ORIENTED_EDGE('',*,*,#7355,.T.);
#7355 = EDGE_CURVE('',#7348,#7356,#7358,.T.);
#7356 = VERTEX_POINT('',#7357);
#7357 = CARTESIAN_POINT('',(1.373099392496,6.773126450545,-13.8));
#7358 = B_SPLINE_CURVE_WITH_KNOTS('',2,(#7359,#7360,#7361),
  .UNSPECIFIED.,.F.,.F.,(3,3),(0.875,0.9375),.PIECEWISE_BEZIER_KNOTS.);
#7359 = CARTESIAN_POINT('',(1.293431346081,7.0357568036,-13.8));
#7360 = CARTESIAN_POINT('',(1.346198783468,6.908364934762,-13.8));
#7361 = CARTESIAN_POINT('',(1.373099392496,6.773126450545,-13.8));
#7362 = ORIENTED_EDGE('',*,*,#7363,.T.);
#7363 = EDGE_CURVE('',#7356,#7114,#7364,.T.);
#7364 = B_SPLINE_CURVE_WITH_KNOTS('',2,(#7365,#7366,#7367),
  .UNSPECIFIED.,.F.,.F.,(3,3),(0.9375,1.),.PIECEWISE_BEZIER_KNOTS.);
#7365 = CARTESIAN_POINT('',(1.373099392496,6.773126450545,-13.8));
#7366 = CARTESIAN_POINT('',(1.400000001524,6.637887966328,-13.8));
#7367 = CARTESIAN_POINT('',(1.400000001524,6.49999999663,-13.8));
#7368 = B_SPLINE_SURFACE_WITH_KNOTS('',1,1,(
    (#7369,#7370)
    ,(#7371,#7372
    )),.UNSPECIFIED.,.F.,.F.,.F.,(2,2),(2,2),(0.,1.),(0.,1.),
  .PIECEWISE_BEZIER_KNOTS.);
#7369 = CARTESIAN_POINT('',(-4.55,0.5,-13.8));
#7370 = CARTESIAN_POINT('',(-4.55,8.97052,-13.8));
#7371 = CARTESIAN_POINT('',(2.46182,0.5,-13.8));
#7372 = CARTESIAN_POINT('',(2.46182,8.97052,-13.8));
#7373 = SHELL_BASED_SURFACE_MODEL('',(#7374));
#7374 = OPEN_SHELL('',(#7375));
#7375 = ADVANCED_FACE('',(#7376),#7419,.T.);
#7376 = FACE_BOUND('',#7377,.T.);
#7377 = EDGE_LOOP('',(#7378,#7388,#7397,#7405,#7413));
#7378 = ORIENTED_EDGE('',*,*,#7379,.T.);
#7379 = EDGE_CURVE('',#7380,#7382,#7384,.T.);
#7380 = VERTEX_POINT('',#7381);
#7381 = CARTESIAN_POINT('',(-4.55,0.5,-13.4));
#7382 = VERTEX_POINT('',#7383);
#7383 = CARTESIAN_POINT('',(-4.49160797831,0.5,-13.4));
#7384 = LINE('',#7385,#7386);
#7385 = CARTESIAN_POINT('',(-4.55,0.5,-13.4));
#7386 = VECTOR('',#7387,1.);
#7387 = DIRECTION('',(1.,0.,0.));
#7388 = ORIENTED_EDGE('',*,*,#7389,.T.);
#7389 = EDGE_CURVE('',#7382,#7390,#7392,.T.);
#7390 = VERTEX_POINT('',#7391);
#7391 = CARTESIAN_POINT('',(-4.5,0.600000000052,-13.4));
#7392 = CIRCLE('',#7393,0.6);
#7393 = AXIS2_PLACEMENT_3D('',#7394,#7395,#7396);
#7394 = CARTESIAN_POINT('',(-3.9,0.6,-13.4));
#7395 = DIRECTION('',(0.,6.982962677686E-15,-1.));
#7396 = DIRECTION('',(-0.986013297183,-0.166666666667,
    -1.163827112948E-15));
#7397 = ORIENTED_EDGE('',*,*,#7398,.T.);
#7398 = EDGE_CURVE('',#7390,#7399,#7401,.T.);
#7399 = VERTEX_POINT('',#7400);
#7400 = CARTESIAN_POINT('',(-4.5,3.5,-13.4));
#7401 = LINE('',#7402,#7403);
#7402 = CARTESIAN_POINT('',(-4.5,0.6,-13.4));
#7403 = VECTOR('',#7404,1.);
#7404 = DIRECTION('',(0.,1.,0.));
#7405 = ORIENTED_EDGE('',*,*,#7406,.T.);
#7406 = EDGE_CURVE('',#7399,#7407,#7409,.T.);
#7407 = VERTEX_POINT('',#7408);
#7408 = CARTESIAN_POINT('',(-4.55,3.5,-13.4));
#7409 = LINE('',#7410,#7411);
#7410 = CARTESIAN_POINT('',(-4.5,3.5,-13.4));
#7411 = VECTOR('',#7412,1.);
#7412 = DIRECTION('',(-1.,0.,0.));
#7413 = ORIENTED_EDGE('',*,*,#7414,.T.);
#7414 = EDGE_CURVE('',#7407,#7380,#7415,.T.);
#7415 = LINE('',#7416,#7417);
#7416 = CARTESIAN_POINT('',(-4.55,3.5,-13.4));
#7417 = VECTOR('',#7418,1.);
#7418 = DIRECTION('',(0.,-1.,0.));
#7419 = B_SPLINE_SURFACE_WITH_KNOTS('',1,1,(
    (#7420,#7421)
    ,(#7422,#7423
    )),.UNSPECIFIED.,.F.,.F.,.F.,(2,2),(2,2),(0.,1.),(0.,1.),
  .PIECEWISE_BEZIER_KNOTS.);
#7420 = CARTESIAN_POINT('',(-4.55,0.5,-13.4));
#7421 = CARTESIAN_POINT('',(-4.55,3.5,-13.4));
#7422 = CARTESIAN_POINT('',(-4.491257626,0.5,-13.4));
#7423 = CARTESIAN_POINT('',(-4.491257626,3.5,-13.4));
#7424 = SHELL_BASED_SURFACE_MODEL('',(#7425));
#7425 = OPEN_SHELL('',(#7426));
#7426 = ADVANCED_FACE('',(#7427),#7541,.T.);
#7427 = FACE_BOUND('',#7428,.T.);
#7428 = EDGE_LOOP('',(#7429,#7439,#7447,#7455,#7463,#7471,#7479,#7487,
    #7495,#7503,#7511,#7519,#7527,#7535));
#7429 = ORIENTED_EDGE('',*,*,#7430,.T.);
#7430 = EDGE_CURVE('',#7431,#7433,#7435,.T.);
#7431 = VERTEX_POINT('',#7432);
#7432 = CARTESIAN_POINT('',(-4.55,0.35000000025,-4.25));
#7433 = VERTEX_POINT('',#7434);
#7434 = CARTESIAN_POINT('',(-4.58806023375,0.158658285,-4.25));
#7435 = B_SPLINE_CURVE_WITH_KNOTS('',2,(#7436,#7437,#7438),
  .UNSPECIFIED.,.F.,.F.,(3,3),(0.,0.25),.PIECEWISE_BEZIER_KNOTS.);
#7436 = CARTESIAN_POINT('',(-4.55,0.3500000005,-4.25));
#7437 = CARTESIAN_POINT('',(-4.55,0.25054381575,-4.25));
#7438 = CARTESIAN_POINT('',(-4.58806023375,0.158658285,-4.25));
#7439 = ORIENTED_EDGE('',*,*,#7440,.T.);
#7440 = EDGE_CURVE('',#7433,#7441,#7443,.T.);
#7441 = VERTEX_POINT('',#7442);
#7442 = CARTESIAN_POINT('',(-4.69644660975,-3.55339125E-03,-4.25));
#7443 = B_SPLINE_CURVE_WITH_KNOTS('',2,(#7444,#7445,#7446),
  .UNSPECIFIED.,.F.,.F.,(3,3),(0.25,0.5),.PIECEWISE_BEZIER_KNOTS.);
#7444 = CARTESIAN_POINT('',(-4.58806023375,0.158658285,-4.25));
#7445 = CARTESIAN_POINT('',(-4.6261204675,6.6772751E-02,-4.25));
#7446 = CARTESIAN_POINT('',(-4.69644660975,-3.55339125E-03,-4.25));
#7447 = ORIENTED_EDGE('',*,*,#7448,.T.);
#7448 = EDGE_CURVE('',#7441,#7449,#7451,.T.);
#7449 = VERTEX_POINT('',#7450);
#7450 = CARTESIAN_POINT('',(-4.8586582835,-0.11193976675,-4.25));
#7451 = B_SPLINE_CURVE_WITH_KNOTS('',2,(#7452,#7453,#7454),
  .UNSPECIFIED.,.F.,.F.,(3,3),(0.5,0.75),.PIECEWISE_BEZIER_KNOTS.);
#7452 = CARTESIAN_POINT('',(-4.69644660975,-3.55339125E-03,-4.25));
#7453 = CARTESIAN_POINT('',(-4.766772752,-7.38795335E-02,-4.25));
#7454 = CARTESIAN_POINT('',(-4.8586582835,-0.11193976675,-4.25));
#7455 = ORIENTED_EDGE('',*,*,#7456,.T.);
#7456 = EDGE_CURVE('',#7449,#7457,#7459,.T.);
#7457 = VERTEX_POINT('',#7458);
#7458 = CARTESIAN_POINT('',(-5.05000000025,-0.15,-4.25));
#7459 = B_SPLINE_CURVE_WITH_KNOTS('',2,(#7460,#7461,#7462),
  .UNSPECIFIED.,.F.,.F.,(3,3),(0.75,1.),.PIECEWISE_BEZIER_KNOTS.);
#7460 = CARTESIAN_POINT('',(-4.8586582835,-0.11193976675,-4.25));
#7461 = CARTESIAN_POINT('',(-4.95054381675,-0.15,-4.25));
#7462 = CARTESIAN_POINT('',(-5.0500000005,-0.15,-4.25));
#7463 = ORIENTED_EDGE('',*,*,#7464,.T.);
#7464 = EDGE_CURVE('',#7457,#7465,#7467,.T.);
#7465 = VERTEX_POINT('',#7466);
#7466 = CARTESIAN_POINT('',(-6.3,-0.15,-4.25));
#7467 = LINE('',#7468,#7469);
#7468 = CARTESIAN_POINT('',(-5.05,-0.15,-4.25));
#7469 = VECTOR('',#7470,1.);
#7470 = DIRECTION('',(-1.,0.,0.));
#7471 = ORIENTED_EDGE('',*,*,#7472,.T.);
#7472 = EDGE_CURVE('',#7465,#7473,#7475,.T.);
#7473 = VERTEX_POINT('',#7474);
#7474 = CARTESIAN_POINT('',(-6.3,0.25,-4.25));
#7475 = LINE('',#7476,#7477);
#7476 = CARTESIAN_POINT('',(-6.3,-0.15,-4.25));
#7477 = VECTOR('',#7478,1.);
#7478 = DIRECTION('',(0.,1.,0.));
#7479 = ORIENTED_EDGE('',*,*,#7480,.T.);
#7480 = EDGE_CURVE('',#7473,#7481,#7483,.T.);
#7481 = VERTEX_POINT('',#7482);
#7482 = CARTESIAN_POINT('',(-5.05000000025,0.249999999875,-4.25));
#7483 = LINE('',#7484,#7485);
#7484 = CARTESIAN_POINT('',(-6.3,0.25,-4.25));
#7485 = VECTOR('',#7486,1.);
#7486 = DIRECTION('',(1.,0.,0.));
#7487 = ORIENTED_EDGE('',*,*,#7488,.T.);
#7488 = EDGE_CURVE('',#7481,#7489,#7491,.T.);
#7489 = VERTEX_POINT('',#7490);
#7490 = CARTESIAN_POINT('',(-5.01173165675,0.25761204575,-4.25));
#7491 = B_SPLINE_CURVE_WITH_KNOTS('',2,(#7492,#7493,#7494),
  .UNSPECIFIED.,.F.,.F.,(3,3),(0.,0.25),.PIECEWISE_BEZIER_KNOTS.);
#7492 = CARTESIAN_POINT('',(-5.0500000005,0.24999999975,-4.25));
#7493 = CARTESIAN_POINT('',(-5.03010876375,0.24999999975,-4.25));
#7494 = CARTESIAN_POINT('',(-5.01173165675,0.25761204575,-4.25));
#7495 = ORIENTED_EDGE('',*,*,#7496,.T.);
#7496 = EDGE_CURVE('',#7489,#7497,#7499,.T.);
#7497 = VERTEX_POINT('',#7498);
#7498 = CARTESIAN_POINT('',(-4.979289322,0.2792893215,-4.25));
#7499 = B_SPLINE_CURVE_WITH_KNOTS('',2,(#7500,#7501,#7502),
  .UNSPECIFIED.,.F.,.F.,(3,3),(0.25,0.5),.PIECEWISE_BEZIER_KNOTS.);
#7500 = CARTESIAN_POINT('',(-5.01173165675,0.25761204575,-4.25));
#7501 = CARTESIAN_POINT('',(-4.99335454975,0.265224095,-4.25));
#7502 = CARTESIAN_POINT('',(-4.979289322,0.2792893215,-4.25));
#7503 = ORIENTED_EDGE('',*,*,#7504,.T.);
#7504 = EDGE_CURVE('',#7497,#7505,#7507,.T.);
#7505 = VERTEX_POINT('',#7506);
#7506 = CARTESIAN_POINT('',(-4.9576120475,0.31173165675,-4.25));
#7507 = B_SPLINE_CURVE_WITH_KNOTS('',2,(#7508,#7509,#7510),
  .UNSPECIFIED.,.F.,.F.,(3,3),(0.5,0.75),.PIECEWISE_BEZIER_KNOTS.);
#7508 = CARTESIAN_POINT('',(-4.979289322,0.2792893215,-4.25));
#7509 = CARTESIAN_POINT('',(-4.96522409425,0.29335455125,-4.25));
#7510 = CARTESIAN_POINT('',(-4.9576120475,0.31173165675,-4.25));
#7511 = ORIENTED_EDGE('',*,*,#7512,.T.);
#7512 = EDGE_CURVE('',#7505,#7513,#7515,.T.);
#7513 = VERTEX_POINT('',#7514);
#7514 = CARTESIAN_POINT('',(-4.950000000375,0.35000000025,-4.25));
#7515 = B_SPLINE_CURVE_WITH_KNOTS('',2,(#7516,#7517,#7518),
  .UNSPECIFIED.,.F.,.F.,(3,3),(0.75,1.),.PIECEWISE_BEZIER_KNOTS.);
#7516 = CARTESIAN_POINT('',(-4.9576120475,0.31173165675,-4.25));
#7517 = CARTESIAN_POINT('',(-4.95000000075,0.33010876225,-4.25));
#7518 = CARTESIAN_POINT('',(-4.95000000075,0.3500000005,-4.25));
#7519 = ORIENTED_EDGE('',*,*,#7520,.T.);
#7520 = EDGE_CURVE('',#7513,#7521,#7523,.T.);
#7521 = VERTEX_POINT('',#7522);
#7522 = CARTESIAN_POINT('',(-4.95,3.1,-4.25));
#7523 = LINE('',#7524,#7525);
#7524 = CARTESIAN_POINT('',(-4.95,0.35,-4.25));
#7525 = VECTOR('',#7526,1.);
#7526 = DIRECTION('',(0.,1.,0.));
#7527 = ORIENTED_EDGE('',*,*,#7528,.T.);
#7528 = EDGE_CURVE('',#7521,#7529,#7531,.T.);
#7529 = VERTEX_POINT('',#7530);
#7530 = CARTESIAN_POINT('',(-4.55,3.1,-4.25));
#7531 = LINE('',#7532,#7533);
#7532 = CARTESIAN_POINT('',(-4.95,3.1,-4.25));
#7533 = VECTOR('',#7534,1.);
#7534 = DIRECTION('',(1.,0.,0.));
#7535 = ORIENTED_EDGE('',*,*,#7536,.T.);
#7536 = EDGE_CURVE('',#7529,#7431,#7537,.T.);
#7537 = LINE('',#7538,#7539);
#7538 = CARTESIAN_POINT('',(-4.55,3.1,-4.25));
#7539 = VECTOR('',#7540,1.);
#7540 = DIRECTION('',(0.,-1.,0.));
#7541 = B_SPLINE_SURFACE_WITH_KNOTS('',1,1,(
    (#7542,#7543)
    ,(#7544,#7545
    )),.UNSPECIFIED.,.F.,.F.,.F.,(2,2),(2,2),(0.,1.),(0.,1.),
  .PIECEWISE_BEZIER_KNOTS.);
#7542 = CARTESIAN_POINT('',(-4.55,-0.15,-4.25));
#7543 = CARTESIAN_POINT('',(-4.55,3.1,-4.25));
#7544 = CARTESIAN_POINT('',(-6.3,-0.15,-4.25));
#7545 = CARTESIAN_POINT('',(-6.3,3.1,-4.25));
#7546 = SHELL_BASED_SURFACE_MODEL('',(#7547));
#7547 = OPEN_SHELL('',(#7548));
#7548 = ADVANCED_FACE('',(#7549),#7663,.T.);
#7549 = FACE_BOUND('',#7550,.T.);
#7550 = EDGE_LOOP('',(#7551,#7561,#7569,#7577,#7585,#7593,#7601,#7609,
    #7617,#7625,#7633,#7641,#7649,#7657));
#7551 = ORIENTED_EDGE('',*,*,#7552,.T.);
#7552 = EDGE_CURVE('',#7553,#7555,#7557,.T.);
#7553 = VERTEX_POINT('',#7554);
#7554 = CARTESIAN_POINT('',(-4.95,0.35,-4.25));
#7555 = VERTEX_POINT('',#7556);
#7556 = CARTESIAN_POINT('',(-4.95,3.099999999975,-4.25));
#7557 = LINE('',#7558,#7559);
#7558 = CARTESIAN_POINT('',(-4.95,0.35,-4.25));
#7559 = VECTOR('',#7560,1.);
#7560 = DIRECTION('',(0.,1.,0.));
#7561 = ORIENTED_EDGE('',*,*,#7562,.T.);
#7562 = EDGE_CURVE('',#7555,#7563,#7565,.T.);
#7563 = VERTEX_POINT('',#7564);
#7564 = CARTESIAN_POINT('',(-4.95,3.25307337425,-4.28044818965));
#7565 = B_SPLINE_CURVE_WITH_KNOTS('',2,(#7566,#7567,#7568),
  .UNSPECIFIED.,.F.,.F.,(3,3),(0.,0.25),.PIECEWISE_BEZIER_KNOTS.);
#7566 = CARTESIAN_POINT('',(-4.95,3.09999999995,-4.25));
#7567 = CARTESIAN_POINT('',(-4.95,3.1795649459,-4.25));
#7568 = CARTESIAN_POINT('',(-4.95,3.25307337425,-4.28044818965));
#7569 = ORIENTED_EDGE('',*,*,#7570,.T.);
#7570 = EDGE_CURVE('',#7563,#7571,#7573,.T.);
#7571 = VERTEX_POINT('',#7572);
#7572 = CARTESIAN_POINT('',(-4.95,3.3828427115,-4.36715728625));
#7573 = B_SPLINE_CURVE_WITH_KNOTS('',2,(#7574,#7575,#7576),
  .UNSPECIFIED.,.F.,.F.,(3,3),(0.25,0.5),.PIECEWISE_BEZIER_KNOTS.);
#7574 = CARTESIAN_POINT('',(-4.95,3.25307337425,-4.28044818965));
#7575 = CARTESIAN_POINT('',(-4.95,3.32658179945,-4.31089637015));
#7576 = CARTESIAN_POINT('',(-4.95,3.3828427115,-4.36715728625));
#7577 = ORIENTED_EDGE('',*,*,#7578,.T.);
#7578 = EDGE_CURVE('',#7571,#7579,#7581,.T.);
#7579 = VERTEX_POINT('',#7580);
#7580 = CARTESIAN_POINT('',(-4.95,3.46955181335,-4.49692663055));
#7581 = B_SPLINE_CURVE_WITH_KNOTS('',2,(#7582,#7583,#7584),
  .UNSPECIFIED.,.F.,.F.,(3,3),(0.5,0.75),.PIECEWISE_BEZIER_KNOTS.);
#7582 = CARTESIAN_POINT('',(-4.95,3.3828427115,-4.36715728625));
#7583 = CARTESIAN_POINT('',(-4.95,3.4391036267,-4.42341820235));
#7584 = CARTESIAN_POINT('',(-4.95,3.46955181335,-4.49692663055));
#7585 = ORIENTED_EDGE('',*,*,#7586,.T.);
#7586 = EDGE_CURVE('',#7579,#7587,#7589,.T.);
#7587 = VERTEX_POINT('',#7588);
#7588 = CARTESIAN_POINT('',(-4.95,3.5,-4.650000000025));
#7589 = B_SPLINE_CURVE_WITH_KNOTS('',2,(#7590,#7591,#7592),
  .UNSPECIFIED.,.F.,.F.,(3,3),(0.75,1.),.PIECEWISE_BEZIER_KNOTS.);
#7590 = CARTESIAN_POINT('',(-4.95,3.46955181335,-4.49692663055));
#7591 = CARTESIAN_POINT('',(-4.95,3.5,-4.5704350496));
#7592 = CARTESIAN_POINT('',(-4.95,3.5,-4.65000000005));
#7593 = ORIENTED_EDGE('',*,*,#7594,.T.);
#7594 = EDGE_CURVE('',#7587,#7595,#7597,.T.);
#7595 = VERTEX_POINT('',#7596);
#7596 = CARTESIAN_POINT('',(-4.95,3.5,-13.4));
#7597 = LINE('',#7598,#7599);
#7598 = CARTESIAN_POINT('',(-4.95,3.5,-4.65));
#7599 = VECTOR('',#7600,1.);
#7600 = DIRECTION('',(0.,0.,-1.));
#7601 = ORIENTED_EDGE('',*,*,#7602,.T.);
#7602 = EDGE_CURVE('',#7595,#7603,#7605,.T.);
#7603 = VERTEX_POINT('',#7604);
#7604 = CARTESIAN_POINT('',(-4.95,0.5,-13.4));
#7605 = LINE('',#7606,#7607);
#7606 = CARTESIAN_POINT('',(-4.95,3.5,-13.4));
#7607 = VECTOR('',#7608,1.);
#7608 = DIRECTION('',(0.,-1.,0.));
#7609 = ORIENTED_EDGE('',*,*,#7610,.T.);
#7610 = EDGE_CURVE('',#7603,#7611,#7613,.T.);
#7611 = VERTEX_POINT('',#7612);
#7612 = CARTESIAN_POINT('',(-4.95,0.5,-11.85));
#7613 = LINE('',#7614,#7615);
#7614 = CARTESIAN_POINT('',(-4.95,0.5,-13.4));
#7615 = VECTOR('',#7616,1.);
#7616 = DIRECTION('',(0.,0.,1.));
#7617 = ORIENTED_EDGE('',*,*,#7618,.T.);
#7618 = EDGE_CURVE('',#7611,#7619,#7621,.T.);
#7619 = VERTEX_POINT('',#7620);
#7620 = CARTESIAN_POINT('',(-4.95,0.35,-11.85));
#7621 = LINE('',#7622,#7623);
#7622 = CARTESIAN_POINT('',(-4.95,0.5,-11.85));
#7623 = VECTOR('',#7624,1.);
#7624 = DIRECTION('',(0.,-1.,0.));
#7625 = ORIENTED_EDGE('',*,*,#7626,.T.);
#7626 = EDGE_CURVE('',#7619,#7627,#7629,.T.);
#7627 = VERTEX_POINT('',#7628);
#7628 = CARTESIAN_POINT('',(-4.95,0.35,-10.35));
#7629 = LINE('',#7630,#7631);
#7630 = CARTESIAN_POINT('',(-4.95,0.35,-11.85));
#7631 = VECTOR('',#7632,1.);
#7632 = DIRECTION('',(0.,0.,1.));
#7633 = ORIENTED_EDGE('',*,*,#7634,.T.);
#7634 = EDGE_CURVE('',#7627,#7635,#7637,.T.);
#7635 = VERTEX_POINT('',#7636);
#7636 = CARTESIAN_POINT('',(-4.95,0.5,-10.35));
#7637 = LINE('',#7638,#7639);
#7638 = CARTESIAN_POINT('',(-4.95,0.35,-10.35));
#7639 = VECTOR('',#7640,1.);
#7640 = DIRECTION('',(0.,1.,0.));
#7641 = ORIENTED_EDGE('',*,*,#7642,.T.);
#7642 = EDGE_CURVE('',#7635,#7643,#7645,.T.);
#7643 = VERTEX_POINT('',#7644);
#7644 = CARTESIAN_POINT('',(-4.95,0.5,-5.75));
#7645 = LINE('',#7646,#7647);
#7646 = CARTESIAN_POINT('',(-4.95,0.5,-10.35));
#7647 = VECTOR('',#7648,1.);
#7648 = DIRECTION('',(0.,0.,1.));
#7649 = ORIENTED_EDGE('',*,*,#7650,.T.);
#7650 = EDGE_CURVE('',#7643,#7651,#7653,.T.);
#7651 = VERTEX_POINT('',#7652);
#7652 = CARTESIAN_POINT('',(-4.95,0.35,-5.75));
#7653 = LINE('',#7654,#7655);
#7654 = CARTESIAN_POINT('',(-4.95,0.5,-5.75));
#7655 = VECTOR('',#7656,1.);
#7656 = DIRECTION('',(0.,-1.,0.));
#7657 = ORIENTED_EDGE('',*,*,#7658,.T.);
#7658 = EDGE_CURVE('',#7651,#7553,#7659,.T.);
#7659 = LINE('',#7660,#7661);
#7660 = CARTESIAN_POINT('',(-4.95,0.35,-5.75));
#7661 = VECTOR('',#7662,1.);
#7662 = DIRECTION('',(0.,0.,1.));
#7663 = B_SPLINE_SURFACE_WITH_KNOTS('',1,1,(
    (#7664,#7665)
    ,(#7666,#7667
    )),.UNSPECIFIED.,.F.,.F.,.F.,(2,2),(2,2),(0.,1.),(0.,1.),
  .PIECEWISE_BEZIER_KNOTS.);
#7664 = CARTESIAN_POINT('',(-4.95,0.35,-13.4));
#7665 = CARTESIAN_POINT('',(-4.95,3.5,-13.4));
#7666 = CARTESIAN_POINT('',(-4.95,0.35,-4.25));
#7667 = CARTESIAN_POINT('',(-4.95,3.5,-4.25));
#7668 = SHELL_BASED_SURFACE_MODEL('',(#7669));
#7669 = OPEN_SHELL('',(#7670));
#7670 = ADVANCED_FACE('',(#7671),#7785,.T.);
#7671 = FACE_BOUND('',#7672,.T.);
#7672 = EDGE_LOOP('',(#7673,#7683,#7691,#7699,#7707,#7715,#7723,#7731,
    #7739,#7747,#7755,#7763,#7771,#7779));
#7673 = ORIENTED_EDGE('',*,*,#7674,.T.);
#7674 = EDGE_CURVE('',#7675,#7677,#7679,.T.);
#7675 = VERTEX_POINT('',#7676);
#7676 = CARTESIAN_POINT('',(-4.55,3.5,-13.4));
#7677 = VERTEX_POINT('',#7678);
#7678 = CARTESIAN_POINT('',(-4.55,0.5,-13.4));
#7679 = LINE('',#7680,#7681);
#7680 = CARTESIAN_POINT('',(-4.55,3.5,-13.4));
#7681 = VECTOR('',#7682,1.);
#7682 = DIRECTION('',(0.,-1.,0.));
#7683 = ORIENTED_EDGE('',*,*,#7684,.T.);
#7684 = EDGE_CURVE('',#7677,#7685,#7687,.T.);
#7685 = VERTEX_POINT('',#7686);
#7686 = CARTESIAN_POINT('',(-4.55,0.5,-11.85));
#7687 = LINE('',#7688,#7689);
#7688 = CARTESIAN_POINT('',(-4.55,0.5,-13.4));
#7689 = VECTOR('',#7690,1.);
#7690 = DIRECTION('',(0.,0.,1.));
#7691 = ORIENTED_EDGE('',*,*,#7692,.T.);
#7692 = EDGE_CURVE('',#7685,#7693,#7695,.T.);
#7693 = VERTEX_POINT('',#7694);
#7694 = CARTESIAN_POINT('',(-4.55,0.35,-11.85));
#7695 = LINE('',#7696,#7697);
#7696 = CARTESIAN_POINT('',(-4.55,0.5,-11.85));
#7697 = VECTOR('',#7698,1.);
#7698 = DIRECTION('',(0.,-1.,0.));
#7699 = ORIENTED_EDGE('',*,*,#7700,.T.);
#7700 = EDGE_CURVE('',#7693,#7701,#7703,.T.);
#7701 = VERTEX_POINT('',#7702);
#7702 = CARTESIAN_POINT('',(-4.55,0.35,-10.35));
#7703 = LINE('',#7704,#7705);
#7704 = CARTESIAN_POINT('',(-4.55,0.35,-11.85));
#7705 = VECTOR('',#7706,1.);
#7706 = DIRECTION('',(0.,0.,1.));
#7707 = ORIENTED_EDGE('',*,*,#7708,.T.);
#7708 = EDGE_CURVE('',#7701,#7709,#7711,.T.);
#7709 = VERTEX_POINT('',#7710);
#7710 = CARTESIAN_POINT('',(-4.55,0.5,-10.35));
#7711 = LINE('',#7712,#7713);
#7712 = CARTESIAN_POINT('',(-4.55,0.35,-10.35));
#7713 = VECTOR('',#7714,1.);
#7714 = DIRECTION('',(0.,1.,0.));
#7715 = ORIENTED_EDGE('',*,*,#7716,.T.);
#7716 = EDGE_CURVE('',#7709,#7717,#7719,.T.);
#7717 = VERTEX_POINT('',#7718);
#7718 = CARTESIAN_POINT('',(-4.55,0.5,-5.75));
#7719 = LINE('',#7720,#7721);
#7720 = CARTESIAN_POINT('',(-4.55,0.5,-10.35));
#7721 = VECTOR('',#7722,1.);
#7722 = DIRECTION('',(0.,0.,1.));
#7723 = ORIENTED_EDGE('',*,*,#7724,.T.);
#7724 = EDGE_CURVE('',#7717,#7725,#7727,.T.);
#7725 = VERTEX_POINT('',#7726);
#7726 = CARTESIAN_POINT('',(-4.55,0.35,-5.75));
#7727 = LINE('',#7728,#7729);
#7728 = CARTESIAN_POINT('',(-4.55,0.5,-5.75));
#7729 = VECTOR('',#7730,1.);
#7730 = DIRECTION('',(0.,-1.,0.));
#7731 = ORIENTED_EDGE('',*,*,#7732,.T.);
#7732 = EDGE_CURVE('',#7725,#7733,#7735,.T.);
#7733 = VERTEX_POINT('',#7734);
#7734 = CARTESIAN_POINT('',(-4.55,0.35,-4.25));
#7735 = LINE('',#7736,#7737);
#7736 = CARTESIAN_POINT('',(-4.55,0.35,-5.75));
#7737 = VECTOR('',#7738,1.);
#7738 = DIRECTION('',(0.,0.,1.));
#7739 = ORIENTED_EDGE('',*,*,#7740,.T.);
#7740 = EDGE_CURVE('',#7733,#7741,#7743,.T.);
#7741 = VERTEX_POINT('',#7742);
#7742 = CARTESIAN_POINT('',(-4.55,3.099999999975,-4.25));
#7743 = LINE('',#7744,#7745);
#7744 = CARTESIAN_POINT('',(-4.55,0.35,-4.25));
#7745 = VECTOR('',#7746,1.);
#7746 = DIRECTION('',(0.,1.,0.));
#7747 = ORIENTED_EDGE('',*,*,#7748,.T.);
#7748 = EDGE_CURVE('',#7741,#7749,#7751,.T.);
#7749 = VERTEX_POINT('',#7750);
#7750 = CARTESIAN_POINT('',(-4.55,3.25307337425,-4.28044818965));
#7751 = B_SPLINE_CURVE_WITH_KNOTS('',2,(#7752,#7753,#7754),
  .UNSPECIFIED.,.F.,.F.,(3,3),(0.,0.25),.PIECEWISE_BEZIER_KNOTS.);
#7752 = CARTESIAN_POINT('',(-4.55,3.09999999995,-4.25));
#7753 = CARTESIAN_POINT('',(-4.55,3.1795649459,-4.25));
#7754 = CARTESIAN_POINT('',(-4.55,3.25307337425,-4.28044818965));
#7755 = ORIENTED_EDGE('',*,*,#7756,.T.);
#7756 = EDGE_CURVE('',#7749,#7757,#7759,.T.);
#7757 = VERTEX_POINT('',#7758);
#7758 = CARTESIAN_POINT('',(-4.55,3.3828427115,-4.36715728625));
#7759 = B_SPLINE_CURVE_WITH_KNOTS('',2,(#7760,#7761,#7762),
  .UNSPECIFIED.,.F.,.F.,(3,3),(0.25,0.5),.PIECEWISE_BEZIER_KNOTS.);
#7760 = CARTESIAN_POINT('',(-4.55,3.25307337425,-4.28044818965));
#7761 = CARTESIAN_POINT('',(-4.55,3.32658179945,-4.31089637015));
#7762 = CARTESIAN_POINT('',(-4.55,3.3828427115,-4.36715728625));
#7763 = ORIENTED_EDGE('',*,*,#7764,.T.);
#7764 = EDGE_CURVE('',#7757,#7765,#7767,.T.);
#7765 = VERTEX_POINT('',#7766);
#7766 = CARTESIAN_POINT('',(-4.55,3.46955181335,-4.49692663055));
#7767 = B_SPLINE_CURVE_WITH_KNOTS('',2,(#7768,#7769,#7770),
  .UNSPECIFIED.,.F.,.F.,(3,3),(0.5,0.75),.PIECEWISE_BEZIER_KNOTS.);
#7768 = CARTESIAN_POINT('',(-4.55,3.3828427115,-4.36715728625));
#7769 = CARTESIAN_POINT('',(-4.55,3.4391036267,-4.42341820235));
#7770 = CARTESIAN_POINT('',(-4.55,3.46955181335,-4.49692663055));
#7771 = ORIENTED_EDGE('',*,*,#7772,.T.);
#7772 = EDGE_CURVE('',#7765,#7773,#7775,.T.);
#7773 = VERTEX_POINT('',#7774);
#7774 = CARTESIAN_POINT('',(-4.55,3.5,-4.650000000025));
#7775 = B_SPLINE_CURVE_WITH_KNOTS('',2,(#7776,#7777,#7778),
  .UNSPECIFIED.,.F.,.F.,(3,3),(0.75,1.),.PIECEWISE_BEZIER_KNOTS.);
#7776 = CARTESIAN_POINT('',(-4.55,3.46955181335,-4.49692663055));
#7777 = CARTESIAN_POINT('',(-4.55,3.5,-4.5704350496));
#7778 = CARTESIAN_POINT('',(-4.55,3.5,-4.65000000005));
#7779 = ORIENTED_EDGE('',*,*,#7780,.T.);
#7780 = EDGE_CURVE('',#7773,#7675,#7781,.T.);
#7781 = LINE('',#7782,#7783);
#7782 = CARTESIAN_POINT('',(-4.55,3.5,-4.65));
#7783 = VECTOR('',#7784,1.);
#7784 = DIRECTION('',(0.,0.,-1.));
#7785 = B_SPLINE_SURFACE_WITH_KNOTS('',1,1,(
    (#7786,#7787)
    ,(#7788,#7789
    )),.UNSPECIFIED.,.F.,.F.,.F.,(2,2),(2,2),(0.,1.),(0.,1.),
  .PIECEWISE_BEZIER_KNOTS.);
#7786 = CARTESIAN_POINT('',(-4.55,0.35,-13.4));
#7787 = CARTESIAN_POINT('',(-4.55,3.5,-13.4));
#7788 = CARTESIAN_POINT('',(-4.55,0.35,-4.25));
#7789 = CARTESIAN_POINT('',(-4.55,3.5,-4.25));
#7790 = SHELL_BASED_SURFACE_MODEL('',(#7791));
#7791 = OPEN_SHELL('',(#7792));
#7792 = ADVANCED_FACE('',(#7793),#7829,.T.);
#7793 = FACE_BOUND('',#7794,.T.);
#7794 = EDGE_LOOP('',(#7795,#7806,#7814,#7823));
#7795 = ORIENTED_EDGE('',*,*,#7796,.F.);
#7796 = EDGE_CURVE('',#7797,#7799,#7801,.T.);
#7797 = VERTEX_POINT('',#7798);
#7798 = CARTESIAN_POINT('',(-5.05,0.25,-5.75));
#7799 = VERTEX_POINT('',#7800);
#7800 = CARTESIAN_POINT('',(-4.95,0.35,-5.75));
#7801 = CIRCLE('',#7802,1.E-01);
#7802 = AXIS2_PLACEMENT_3D('',#7803,#7804,#7805);
#7803 = CARTESIAN_POINT('',(-5.05,0.35,-5.75));
#7804 = DIRECTION('',(0.,0.,1.));
#7805 = DIRECTION('',(1.,0.,-0.));
#7806 = ORIENTED_EDGE('',*,*,#7807,.F.);
#7807 = EDGE_CURVE('',#7808,#7797,#7810,.T.);
#7808 = VERTEX_POINT('',#7809);
#7809 = CARTESIAN_POINT('',(-5.05,0.25,-4.25));
#7810 = LINE('',#7811,#7812);
#7811 = CARTESIAN_POINT('',(-5.05,0.25,-4.25));
#7812 = VECTOR('',#7813,1.);
#7813 = DIRECTION('',(0.,0.,-1.));
#7814 = ORIENTED_EDGE('',*,*,#7815,.F.);
#7815 = EDGE_CURVE('',#7816,#7808,#7818,.T.);
#7816 = VERTEX_POINT('',#7817);
#7817 = CARTESIAN_POINT('',(-4.95,0.35,-4.25));
#7818 = CIRCLE('',#7819,1.E-01);
#7819 = AXIS2_PLACEMENT_3D('',#7820,#7821,#7822);
#7820 = CARTESIAN_POINT('',(-5.05,0.35,-4.25));
#7821 = DIRECTION('',(-6.982962677686E-15,0.,-1.));
#7822 = DIRECTION('',(1.,-1.408839003529E-14,-6.982962677686E-15));
#7823 = ORIENTED_EDGE('',*,*,#7824,.F.);
#7824 = EDGE_CURVE('',#7799,#7816,#7825,.T.);
#7825 = LINE('',#7826,#7827);
#7826 = CARTESIAN_POINT('',(-4.95,0.35,-5.75));
#7827 = VECTOR('',#7828,1.);
#7828 = DIRECTION('',(0.,0.,1.));
#7829 = SURFACE_OF_REVOLUTION('',#7830,#7834);
#7830 = LINE('',#7831,#7832);
#7831 = CARTESIAN_POINT('',(-5.15,0.35,-4.25));
#7832 = VECTOR('',#7833,1.);
#7833 = DIRECTION('',(0.,0.,-1.));
#7834 = AXIS1_PLACEMENT('',#7835,#7836);
#7835 = CARTESIAN_POINT('',(-5.05,0.35,-4.25));
#7836 = DIRECTION('',(0.,0.,1.));
#7837 = SHELL_BASED_SURFACE_MODEL('',(#7838));
#7838 = OPEN_SHELL('',(#7839));
#7839 = ADVANCED_FACE('',(#7840),#7874,.T.);
#7840 = FACE_BOUND('',#7841,.T.);
#7841 = EDGE_LOOP('',(#7842,#7852,#7860,#7868));
#7842 = ORIENTED_EDGE('',*,*,#7843,.T.);
#7843 = EDGE_CURVE('',#7844,#7846,#7848,.T.);
#7844 = VERTEX_POINT('',#7845);
#7845 = CARTESIAN_POINT('',(-5.05,0.25,-5.75));
#7846 = VERTEX_POINT('',#7847);
#7847 = CARTESIAN_POINT('',(-5.05,0.25,-4.25));
#7848 = LINE('',#7849,#7850);
#7849 = CARTESIAN_POINT('',(-5.05,0.25,-5.75));
#7850 = VECTOR('',#7851,1.);
#7851 = DIRECTION('',(0.,0.,1.));
#7852 = ORIENTED_EDGE('',*,*,#7853,.T.);
#7853 = EDGE_CURVE('',#7846,#7854,#7856,.T.);
#7854 = VERTEX_POINT('',#7855);
#7855 = CARTESIAN_POINT('',(-6.3,0.25,-4.25));
#7856 = LINE('',#7857,#7858);
#7857 = CARTESIAN_POINT('',(-5.05,0.25,-4.25));
#7858 = VECTOR('',#7859,1.);
#7859 = DIRECTION('',(-1.,0.,0.));
#7860 = ORIENTED_EDGE('',*,*,#7861,.T.);
#7861 = EDGE_CURVE('',#7854,#7862,#7864,.T.);
#7862 = VERTEX_POINT('',#7863);
#7863 = CARTESIAN_POINT('',(-6.3,0.25,-5.75));
#7864 = LINE('',#7865,#7866);
#7865 = CARTESIAN_POINT('',(-6.3,0.25,-4.25));
#7866 = VECTOR('',#7867,1.);
#7867 = DIRECTION('',(0.,0.,-1.));
#7868 = ORIENTED_EDGE('',*,*,#7869,.T.);
#7869 = EDGE_CURVE('',#7862,#7844,#7870,.T.);
#7870 = LINE('',#7871,#7872);
#7871 = CARTESIAN_POINT('',(-6.3,0.25,-5.75));
#7872 = VECTOR('',#7873,1.);
#7873 = DIRECTION('',(1.,0.,0.));
#7874 = B_SPLINE_SURFACE_WITH_KNOTS('',1,1,(
    (#7875,#7876)
    ,(#7877,#7878
    )),.UNSPECIFIED.,.F.,.F.,.F.,(2,2),(2,2),(0.,1.),(0.,1.),
  .PIECEWISE_BEZIER_KNOTS.);
#7875 = CARTESIAN_POINT('',(-6.3,0.25,-5.75));
#7876 = CARTESIAN_POINT('',(-6.3,0.25,-4.25));
#7877 = CARTESIAN_POINT('',(-5.05,0.25,-5.75));
#7878 = CARTESIAN_POINT('',(-5.05,0.25,-4.25));
#7879 = SHELL_BASED_SURFACE_MODEL('',(#7880));
#7880 = OPEN_SHELL('',(#7881));
#7881 = ADVANCED_FACE('',(#7882),#7916,.T.);
#7882 = FACE_BOUND('',#7883,.T.);
#7883 = EDGE_LOOP('',(#7884,#7894,#7902,#7910));
#7884 = ORIENTED_EDGE('',*,*,#7885,.T.);
#7885 = EDGE_CURVE('',#7886,#7888,#7890,.T.);
#7886 = VERTEX_POINT('',#7887);
#7887 = CARTESIAN_POINT('',(-6.3,0.25,-5.75));
#7888 = VERTEX_POINT('',#7889);
#7889 = CARTESIAN_POINT('',(-6.3,0.25,-4.25));
#7890 = LINE('',#7891,#7892);
#7891 = CARTESIAN_POINT('',(-6.3,0.25,-5.75));
#7892 = VECTOR('',#7893,1.);
#7893 = DIRECTION('',(0.,0.,1.));
#7894 = ORIENTED_EDGE('',*,*,#7895,.T.);
#7895 = EDGE_CURVE('',#7888,#7896,#7898,.T.);
#7896 = VERTEX_POINT('',#7897);
#7897 = CARTESIAN_POINT('',(-6.3,-0.15,-4.25));
#7898 = LINE('',#7899,#7900);
#7899 = CARTESIAN_POINT('',(-6.3,0.25,-4.25));
#7900 = VECTOR('',#7901,1.);
#7901 = DIRECTION('',(0.,-1.,0.));
#7902 = ORIENTED_EDGE('',*,*,#7903,.T.);
#7903 = EDGE_CURVE('',#7896,#7904,#7906,.T.);
#7904 = VERTEX_POINT('',#7905);
#7905 = CARTESIAN_POINT('',(-6.3,-0.15,-5.75));
#7906 = LINE('',#7907,#7908);
#7907 = CARTESIAN_POINT('',(-6.3,-0.15,-4.25));
#7908 = VECTOR('',#7909,1.);
#7909 = DIRECTION('',(0.,0.,-1.));
#7910 = ORIENTED_EDGE('',*,*,#7911,.T.);
#7911 = EDGE_CURVE('',#7904,#7886,#7912,.T.);
#7912 = LINE('',#7913,#7914);
#7913 = CARTESIAN_POINT('',(-6.3,-0.15,-5.75));
#7914 = VECTOR('',#7915,1.);
#7915 = DIRECTION('',(0.,1.,0.));
#7916 = B_SPLINE_SURFACE_WITH_KNOTS('',1,1,(
    (#7917,#7918)
    ,(#7919,#7920
    )),.UNSPECIFIED.,.F.,.F.,.F.,(2,2),(2,2),(0.,1.),(0.,1.),
  .PIECEWISE_BEZIER_KNOTS.);
#7917 = CARTESIAN_POINT('',(-6.3,-0.15,-4.25));
#7918 = CARTESIAN_POINT('',(-6.3,0.25,-4.25));
#7919 = CARTESIAN_POINT('',(-6.3,-0.15,-5.75));
#7920 = CARTESIAN_POINT('',(-6.3,0.25,-5.75));
#7921 = SHELL_BASED_SURFACE_MODEL('',(#7922));
#7922 = OPEN_SHELL('',(#7923));
#7923 = ADVANCED_FACE('',(#7924),#7958,.T.);
#7924 = FACE_BOUND('',#7925,.T.);
#7925 = EDGE_LOOP('',(#7926,#7936,#7944,#7952));
#7926 = ORIENTED_EDGE('',*,*,#7927,.T.);
#7927 = EDGE_CURVE('',#7928,#7930,#7932,.T.);
#7928 = VERTEX_POINT('',#7929);
#7929 = CARTESIAN_POINT('',(-6.3,-0.15,-5.75));
#7930 = VERTEX_POINT('',#7931);
#7931 = CARTESIAN_POINT('',(-6.3,-0.15,-4.25));
#7932 = LINE('',#7933,#7934);
#7933 = CARTESIAN_POINT('',(-6.3,-0.15,-5.75));
#7934 = VECTOR('',#7935,1.);
#7935 = DIRECTION('',(0.,0.,1.));
#7936 = ORIENTED_EDGE('',*,*,#7937,.T.);
#7937 = EDGE_CURVE('',#7930,#7938,#7940,.T.);
#7938 = VERTEX_POINT('',#7939);
#7939 = CARTESIAN_POINT('',(-5.05,-0.15,-4.25));
#7940 = LINE('',#7941,#7942);
#7941 = CARTESIAN_POINT('',(-6.3,-0.15,-4.25));
#7942 = VECTOR('',#7943,1.);
#7943 = DIRECTION('',(1.,0.,0.));
#7944 = ORIENTED_EDGE('',*,*,#7945,.T.);
#7945 = EDGE_CURVE('',#7938,#7946,#7948,.T.);
#7946 = VERTEX_POINT('',#7947);
#7947 = CARTESIAN_POINT('',(-5.05,-0.15,-5.75));
#7948 = LINE('',#7949,#7950);
#7949 = CARTESIAN_POINT('',(-5.05,-0.15,-4.25));
#7950 = VECTOR('',#7951,1.);
#7951 = DIRECTION('',(0.,0.,-1.));
#7952 = ORIENTED_EDGE('',*,*,#7953,.T.);
#7953 = EDGE_CURVE('',#7946,#7928,#7954,.T.);
#7954 = LINE('',#7955,#7956);
#7955 = CARTESIAN_POINT('',(-5.05,-0.15,-5.75));
#7956 = VECTOR('',#7957,1.);
#7957 = DIRECTION('',(-1.,0.,0.));
#7958 = B_SPLINE_SURFACE_WITH_KNOTS('',1,1,(
    (#7959,#7960)
    ,(#7961,#7962
    )),.UNSPECIFIED.,.F.,.F.,.F.,(2,2),(2,2),(0.,1.),(0.,1.),
  .PIECEWISE_BEZIER_KNOTS.);
#7959 = CARTESIAN_POINT('',(-6.3,-0.15,-5.75));
#7960 = CARTESIAN_POINT('',(-5.05,-0.15,-5.75));
#7961 = CARTESIAN_POINT('',(-6.3,-0.15,-4.25));
#7962 = CARTESIAN_POINT('',(-5.05,-0.15,-4.25));
#7963 = SHELL_BASED_SURFACE_MODEL('',(#7964));
#7964 = OPEN_SHELL('',(#7965));
#7965 = ADVANCED_FACE('',(#7966),#8002,.T.);
#7966 = FACE_BOUND('',#7967,.T.);
#7967 = EDGE_LOOP('',(#7968,#7978,#7987,#7995));
#7968 = ORIENTED_EDGE('',*,*,#7969,.F.);
#7969 = EDGE_CURVE('',#7970,#7972,#7974,.T.);
#7970 = VERTEX_POINT('',#7971);
#7971 = CARTESIAN_POINT('',(-5.05,-0.15,-4.25));
#7972 = VERTEX_POINT('',#7973);
#7973 = CARTESIAN_POINT('',(-5.05,-0.15,-5.75));
#7974 = LINE('',#7975,#7976);
#7975 = CARTESIAN_POINT('',(-5.05,-0.15,-4.25));
#7976 = VECTOR('',#7977,1.);
#7977 = DIRECTION('',(0.,0.,-1.));
#7978 = ORIENTED_EDGE('',*,*,#7979,.F.);
#7979 = EDGE_CURVE('',#7980,#7970,#7982,.T.);
#7980 = VERTEX_POINT('',#7981);
#7981 = CARTESIAN_POINT('',(-4.55,0.35,-4.25));
#7982 = CIRCLE('',#7983,0.5);
#7983 = AXIS2_PLACEMENT_3D('',#7984,#7985,#7986);
#7984 = CARTESIAN_POINT('',(-5.05,0.35,-4.25));
#7985 = DIRECTION('',(-6.982962677686E-15,0.,-1.));
#7986 = DIRECTION('',(1.,-1.408839003529E-14,-6.982962677686E-15));
#7987 = ORIENTED_EDGE('',*,*,#7988,.F.);
#7988 = EDGE_CURVE('',#7989,#7980,#7991,.T.);
#7989 = VERTEX_POINT('',#7990);
#7990 = CARTESIAN_POINT('',(-4.55,0.35,-5.75));
#7991 = LINE('',#7992,#7993);
#7992 = CARTESIAN_POINT('',(-4.55,0.35,-5.75));
#7993 = VECTOR('',#7994,1.);
#7994 = DIRECTION('',(0.,0.,1.));
#7995 = ORIENTED_EDGE('',*,*,#7996,.F.);
#7996 = EDGE_CURVE('',#7972,#7989,#7997,.T.);
#7997 = CIRCLE('',#7998,0.5);
#7998 = AXIS2_PLACEMENT_3D('',#7999,#8000,#8001);
#7999 = CARTESIAN_POINT('',(-5.05,0.35,-5.75));
#8000 = DIRECTION('',(0.,0.,1.));
#8001 = DIRECTION('',(1.,0.,-0.));
#8002 = SURFACE_OF_REVOLUTION('',#8003,#8007);
#8003 = LINE('',#8004,#8005);
#8004 = CARTESIAN_POINT('',(-5.55,0.35,-4.25));
#8005 = VECTOR('',#8006,1.);
#8006 = DIRECTION('',(0.,0.,-1.));
#8007 = AXIS1_PLACEMENT('',#8008,#8009);
#8008 = CARTESIAN_POINT('',(-5.05,0.35,-4.25));
#8009 = DIRECTION('',(0.,0.,1.));
#8010 = SHELL_BASED_SURFACE_MODEL('',(#8011));
#8011 = OPEN_SHELL('',(#8012));
#8012 = ADVANCED_FACE('',(#8013),#8127,.T.);
#8013 = FACE_BOUND('',#8014,.T.);
#8014 = EDGE_LOOP('',(#8015,#8025,#8033,#8041,#8049,#8057,#8065,#8073,
    #8081,#8089,#8097,#8105,#8113,#8121));
#8015 = ORIENTED_EDGE('',*,*,#8016,.T.);
#8016 = EDGE_CURVE('',#8017,#8019,#8021,.T.);
#8017 = VERTEX_POINT('',#8018);
#8018 = CARTESIAN_POINT('',(-4.95,0.5,-5.75));
#8019 = VERTEX_POINT('',#8020);
#8020 = CARTESIAN_POINT('',(-4.950000000375,0.349999999925,-5.75));
#8021 = LINE('',#8022,#8023);
#8022 = CARTESIAN_POINT('',(-4.95,0.5,-5.75));
#8023 = VECTOR('',#8024,1.);
#8024 = DIRECTION('',(0.,-1.,0.));
#8025 = ORIENTED_EDGE('',*,*,#8026,.T.);
#8026 = EDGE_CURVE('',#8019,#8027,#8029,.T.);
#8027 = VERTEX_POINT('',#8028);
#8028 = CARTESIAN_POINT('',(-4.9576120475,0.31173165675,-5.75));
#8029 = B_SPLINE_CURVE_WITH_KNOTS('',2,(#8030,#8031,#8032),
  .UNSPECIFIED.,.F.,.F.,(3,3),(0.,0.25),.PIECEWISE_BEZIER_KNOTS.);
#8030 = CARTESIAN_POINT('',(-4.95000000075,0.34999999985,-5.75));
#8031 = CARTESIAN_POINT('',(-4.95000000075,0.33010876355,-5.75));
#8032 = CARTESIAN_POINT('',(-4.9576120475,0.31173165675,-5.75));
#8033 = ORIENTED_EDGE('',*,*,#8034,.T.);
#8034 = EDGE_CURVE('',#8027,#8035,#8037,.T.);
#8035 = VERTEX_POINT('',#8036);
#8036 = CARTESIAN_POINT('',(-4.979289322,0.27928932215,-5.75));
#8037 = B_SPLINE_CURVE_WITH_KNOTS('',2,(#8038,#8039,#8040),
  .UNSPECIFIED.,.F.,.F.,(3,3),(0.25,0.5),.PIECEWISE_BEZIER_KNOTS.);
#8038 = CARTESIAN_POINT('',(-4.9576120475,0.31173165675,-5.75));
#8039 = CARTESIAN_POINT('',(-4.96522409425,0.29335454995,-5.75));
#8040 = CARTESIAN_POINT('',(-4.979289322,0.27928932215,-5.75));
#8041 = ORIENTED_EDGE('',*,*,#8042,.T.);
#8042 = EDGE_CURVE('',#8035,#8043,#8045,.T.);
#8043 = VERTEX_POINT('',#8044);
#8044 = CARTESIAN_POINT('',(-5.01173165675,0.25761204705,-5.75));
#8045 = B_SPLINE_CURVE_WITH_KNOTS('',2,(#8046,#8047,#8048),
  .UNSPECIFIED.,.F.,.F.,(3,3),(0.5,0.75),.PIECEWISE_BEZIER_KNOTS.);
#8046 = CARTESIAN_POINT('',(-4.979289322,0.27928932215,-5.75));
#8047 = CARTESIAN_POINT('',(-4.99335454975,0.2652240937,-5.75));
#8048 = CARTESIAN_POINT('',(-5.01173165675,0.25761204705,-5.75));
#8049 = ORIENTED_EDGE('',*,*,#8050,.T.);
#8050 = EDGE_CURVE('',#8043,#8051,#8053,.T.);
#8051 = VERTEX_POINT('',#8052);
#8052 = CARTESIAN_POINT('',(-5.05000000025,0.249999999875,-5.75));
#8053 = B_SPLINE_CURVE_WITH_KNOTS('',2,(#8054,#8055,#8056),
  .UNSPECIFIED.,.F.,.F.,(3,3),(0.75,1.),.PIECEWISE_BEZIER_KNOTS.);
#8054 = CARTESIAN_POINT('',(-5.01173165675,0.25761204705,-5.75));
#8055 = CARTESIAN_POINT('',(-5.03010876375,0.24999999975,-5.75));
#8056 = CARTESIAN_POINT('',(-5.0500000005,0.24999999975,-5.75));
#8057 = ORIENTED_EDGE('',*,*,#8058,.T.);
#8058 = EDGE_CURVE('',#8051,#8059,#8061,.T.);
#8059 = VERTEX_POINT('',#8060);
#8060 = CARTESIAN_POINT('',(-6.3,0.25,-5.75));
#8061 = LINE('',#8062,#8063);
#8062 = CARTESIAN_POINT('',(-5.05,0.25,-5.75));
#8063 = VECTOR('',#8064,1.);
#8064 = DIRECTION('',(-1.,0.,0.));
#8065 = ORIENTED_EDGE('',*,*,#8066,.T.);
#8066 = EDGE_CURVE('',#8059,#8067,#8069,.T.);
#8067 = VERTEX_POINT('',#8068);
#8068 = CARTESIAN_POINT('',(-6.3,-0.15,-5.75));
#8069 = LINE('',#8070,#8071);
#8070 = CARTESIAN_POINT('',(-6.3,0.25,-5.75));
#8071 = VECTOR('',#8072,1.);
#8072 = DIRECTION('',(0.,-1.,0.));
#8073 = ORIENTED_EDGE('',*,*,#8074,.T.);
#8074 = EDGE_CURVE('',#8067,#8075,#8077,.T.);
#8075 = VERTEX_POINT('',#8076);
#8076 = CARTESIAN_POINT('',(-5.05000000025,-0.15,-5.75));
#8077 = LINE('',#8078,#8079);
#8078 = CARTESIAN_POINT('',(-6.3,-0.15,-5.75));
#8079 = VECTOR('',#8080,1.);
#8080 = DIRECTION('',(1.,0.,0.));
#8081 = ORIENTED_EDGE('',*,*,#8082,.T.);
#8082 = EDGE_CURVE('',#8075,#8083,#8085,.T.);
#8083 = VERTEX_POINT('',#8084);
#8084 = CARTESIAN_POINT('',(-4.8586582835,-0.1119397661,-5.75));
#8085 = B_SPLINE_CURVE_WITH_KNOTS('',2,(#8086,#8087,#8088),
  .UNSPECIFIED.,.F.,.F.,(3,3),(0.,0.25),.PIECEWISE_BEZIER_KNOTS.);
#8086 = CARTESIAN_POINT('',(-5.0500000005,-0.15,-5.75));
#8087 = CARTESIAN_POINT('',(-4.95054381675,-0.15,-5.75));
#8088 = CARTESIAN_POINT('',(-4.8586582835,-0.1119397661,-5.75));
#8089 = ORIENTED_EDGE('',*,*,#8090,.T.);
#8090 = EDGE_CURVE('',#8083,#8091,#8093,.T.);
#8091 = VERTEX_POINT('',#8092);
#8092 = CARTESIAN_POINT('',(-4.69644660975,-3.5533906E-03,-5.75));
#8093 = B_SPLINE_CURVE_WITH_KNOTS('',2,(#8094,#8095,#8096),
  .UNSPECIFIED.,.F.,.F.,(3,3),(0.25,0.5),.PIECEWISE_BEZIER_KNOTS.);
#8094 = CARTESIAN_POINT('',(-4.8586582835,-0.1119397661,-5.75));
#8095 = CARTESIAN_POINT('',(-4.766772752,-7.38795322E-02,-5.75));
#8096 = CARTESIAN_POINT('',(-4.69644660975,-3.5533906E-03,-5.75));
#8097 = ORIENTED_EDGE('',*,*,#8098,.T.);
#8098 = EDGE_CURVE('',#8091,#8099,#8101,.T.);
#8099 = VERTEX_POINT('',#8100);
#8100 = CARTESIAN_POINT('',(-4.58806023375,0.1586582837,-5.75));
#8101 = B_SPLINE_CURVE_WITH_KNOTS('',2,(#8102,#8103,#8104),
  .UNSPECIFIED.,.F.,.F.,(3,3),(0.5,0.75),.PIECEWISE_BEZIER_KNOTS.);
#8102 = CARTESIAN_POINT('',(-4.69644660975,-3.5533906E-03,-5.75));
#8103 = CARTESIAN_POINT('',(-4.6261204675,6.6772751E-02,-5.75));
#8104 = CARTESIAN_POINT('',(-4.58806023375,0.1586582837,-5.75));
#8105 = ORIENTED_EDGE('',*,*,#8106,.T.);
#8106 = EDGE_CURVE('',#8099,#8107,#8109,.T.);
#8107 = VERTEX_POINT('',#8108);
#8108 = CARTESIAN_POINT('',(-4.55,0.349999999925,-5.75));
#8109 = B_SPLINE_CURVE_WITH_KNOTS('',2,(#8110,#8111,#8112),
  .UNSPECIFIED.,.F.,.F.,(3,3),(0.75,1.),.PIECEWISE_BEZIER_KNOTS.);
#8110 = CARTESIAN_POINT('',(-4.58806023375,0.1586582837,-5.75));
#8111 = CARTESIAN_POINT('',(-4.55,0.2505438164,-5.75));
#8112 = CARTESIAN_POINT('',(-4.55,0.34999999985,-5.75));
#8113 = ORIENTED_EDGE('',*,*,#8114,.T.);
#8114 = EDGE_CURVE('',#8107,#8115,#8117,.T.);
#8115 = VERTEX_POINT('',#8116);
#8116 = CARTESIAN_POINT('',(-4.55,0.5,-5.75));
#8117 = LINE('',#8118,#8119);
#8118 = CARTESIAN_POINT('',(-4.55,0.35,-5.75));
#8119 = VECTOR('',#8120,1.);
#8120 = DIRECTION('',(0.,1.,0.));
#8121 = ORIENTED_EDGE('',*,*,#8122,.T.);
#8122 = EDGE_CURVE('',#8115,#8017,#8123,.T.);
#8123 = LINE('',#8124,#8125);
#8124 = CARTESIAN_POINT('',(-4.55,0.5,-5.75));
#8125 = VECTOR('',#8126,1.);
#8126 = DIRECTION('',(-1.,0.,0.));
#8127 = B_SPLINE_SURFACE_WITH_KNOTS('',1,1,(
    (#8128,#8129)
    ,(#8130,#8131
    )),.UNSPECIFIED.,.F.,.F.,.F.,(2,2),(2,2),(0.,1.),(0.,1.),
  .PIECEWISE_BEZIER_KNOTS.);
#8128 = CARTESIAN_POINT('',(-6.3,-0.15,-5.75));
#8129 = CARTESIAN_POINT('',(-6.3,0.5,-5.75));
#8130 = CARTESIAN_POINT('',(-4.55,-0.15,-5.75));
#8131 = CARTESIAN_POINT('',(-4.55,0.5,-5.75));
#8132 = SHELL_BASED_SURFACE_MODEL('',(#8133));
#8133 = OPEN_SHELL('',(#8134));
#8134 = ADVANCED_FACE('',(#8135),#8171,.T.);
#8135 = FACE_BOUND('',#8136,.T.);
#8136 = EDGE_LOOP('',(#8137,#8148,#8156,#8165));
#8137 = ORIENTED_EDGE('',*,*,#8138,.F.);
#8138 = EDGE_CURVE('',#8139,#8141,#8143,.T.);
#8139 = VERTEX_POINT('',#8140);
#8140 = CARTESIAN_POINT('',(-5.05,0.25,-11.85));
#8141 = VERTEX_POINT('',#8142);
#8142 = CARTESIAN_POINT('',(-4.95,0.35,-11.85));
#8143 = CIRCLE('',#8144,1.E-01);
#8144 = AXIS2_PLACEMENT_3D('',#8145,#8146,#8147);
#8145 = CARTESIAN_POINT('',(-5.05,0.35,-11.85));
#8146 = DIRECTION('',(0.,0.,1.));
#8147 = DIRECTION('',(1.,0.,-0.));
#8148 = ORIENTED_EDGE('',*,*,#8149,.F.);
#8149 = EDGE_CURVE('',#8150,#8139,#8152,.T.);
#8150 = VERTEX_POINT('',#8151);
#8151 = CARTESIAN_POINT('',(-5.05,0.25,-10.35));
#8152 = LINE('',#8153,#8154);
#8153 = CARTESIAN_POINT('',(-5.05,0.25,-10.35));
#8154 = VECTOR('',#8155,1.);
#8155 = DIRECTION('',(0.,0.,-1.));
#8156 = ORIENTED_EDGE('',*,*,#8157,.F.);
#8157 = EDGE_CURVE('',#8158,#8150,#8160,.T.);
#8158 = VERTEX_POINT('',#8159);
#8159 = CARTESIAN_POINT('',(-4.95,0.35,-10.35));
#8160 = CIRCLE('',#8161,1.E-01);
#8161 = AXIS2_PLACEMENT_3D('',#8162,#8163,#8164);
#8162 = CARTESIAN_POINT('',(-5.05,0.35,-10.35));
#8163 = DIRECTION('',(-6.982962677686E-15,0.,-1.));
#8164 = DIRECTION('',(1.,-1.408839003529E-14,-6.982962677686E-15));
#8165 = ORIENTED_EDGE('',*,*,#8166,.F.);
#8166 = EDGE_CURVE('',#8141,#8158,#8167,.T.);
#8167 = LINE('',#8168,#8169);
#8168 = CARTESIAN_POINT('',(-4.95,0.35,-11.85));
#8169 = VECTOR('',#8170,1.);
#8170 = DIRECTION('',(0.,0.,1.));
#8171 = SURFACE_OF_REVOLUTION('',#8172,#8176);
#8172 = LINE('',#8173,#8174);
#8173 = CARTESIAN_POINT('',(-5.15,0.35,-10.35));
#8174 = VECTOR('',#8175,1.);
#8175 = DIRECTION('',(0.,0.,-1.));
#8176 = AXIS1_PLACEMENT('',#8177,#8178);
#8177 = CARTESIAN_POINT('',(-5.05,0.35,-10.35));
#8178 = DIRECTION('',(0.,0.,1.));
#8179 = SHELL_BASED_SURFACE_MODEL('',(#8180));
#8180 = OPEN_SHELL('',(#8181));
#8181 = ADVANCED_FACE('',(#8182),#8216,.T.);
#8182 = FACE_BOUND('',#8183,.T.);
#8183 = EDGE_LOOP('',(#8184,#8194,#8202,#8210));
#8184 = ORIENTED_EDGE('',*,*,#8185,.T.);
#8185 = EDGE_CURVE('',#8186,#8188,#8190,.T.);
#8186 = VERTEX_POINT('',#8187);
#8187 = CARTESIAN_POINT('',(-5.05,0.25,-11.85));
#8188 = VERTEX_POINT('',#8189);
#8189 = CARTESIAN_POINT('',(-5.05,0.25,-10.35));
#8190 = LINE('',#8191,#8192);
#8191 = CARTESIAN_POINT('',(-5.05,0.25,-11.85));
#8192 = VECTOR('',#8193,1.);
#8193 = DIRECTION('',(0.,0.,1.));
#8194 = ORIENTED_EDGE('',*,*,#8195,.T.);
#8195 = EDGE_CURVE('',#8188,#8196,#8198,.T.);
#8196 = VERTEX_POINT('',#8197);
#8197 = CARTESIAN_POINT('',(-6.3,0.25,-10.35));
#8198 = LINE('',#8199,#8200);
#8199 = CARTESIAN_POINT('',(-5.05,0.25,-10.35));
#8200 = VECTOR('',#8201,1.);
#8201 = DIRECTION('',(-1.,0.,0.));
#8202 = ORIENTED_EDGE('',*,*,#8203,.T.);
#8203 = EDGE_CURVE('',#8196,#8204,#8206,.T.);
#8204 = VERTEX_POINT('',#8205);
#8205 = CARTESIAN_POINT('',(-6.3,0.25,-11.85));
#8206 = LINE('',#8207,#8208);
#8207 = CARTESIAN_POINT('',(-6.3,0.25,-10.35));
#8208 = VECTOR('',#8209,1.);
#8209 = DIRECTION('',(0.,0.,-1.));
#8210 = ORIENTED_EDGE('',*,*,#8211,.T.);
#8211 = EDGE_CURVE('',#8204,#8186,#8212,.T.);
#8212 = LINE('',#8213,#8214);
#8213 = CARTESIAN_POINT('',(-6.3,0.25,-11.85));
#8214 = VECTOR('',#8215,1.);
#8215 = DIRECTION('',(1.,0.,0.));
#8216 = B_SPLINE_SURFACE_WITH_KNOTS('',1,1,(
    (#8217,#8218)
    ,(#8219,#8220
    )),.UNSPECIFIED.,.F.,.F.,.F.,(2,2),(2,2),(0.,1.),(0.,1.),
  .PIECEWISE_BEZIER_KNOTS.);
#8217 = CARTESIAN_POINT('',(-6.3,0.25,-11.85));
#8218 = CARTESIAN_POINT('',(-6.3,0.25,-10.35));
#8219 = CARTESIAN_POINT('',(-5.05,0.25,-11.85));
#8220 = CARTESIAN_POINT('',(-5.05,0.25,-10.35));
#8221 = SHELL_BASED_SURFACE_MODEL('',(#8222));
#8222 = OPEN_SHELL('',(#8223));
#8223 = ADVANCED_FACE('',(#8224),#8258,.T.);
#8224 = FACE_BOUND('',#8225,.T.);
#8225 = EDGE_LOOP('',(#8226,#8236,#8244,#8252));
#8226 = ORIENTED_EDGE('',*,*,#8227,.T.);
#8227 = EDGE_CURVE('',#8228,#8230,#8232,.T.);
#8228 = VERTEX_POINT('',#8229);
#8229 = CARTESIAN_POINT('',(-6.3,0.25,-11.85));
#8230 = VERTEX_POINT('',#8231);
#8231 = CARTESIAN_POINT('',(-6.3,0.25,-10.35));
#8232 = LINE('',#8233,#8234);
#8233 = CARTESIAN_POINT('',(-6.3,0.25,-11.85));
#8234 = VECTOR('',#8235,1.);
#8235 = DIRECTION('',(0.,0.,1.));
#8236 = ORIENTED_EDGE('',*,*,#8237,.T.);
#8237 = EDGE_CURVE('',#8230,#8238,#8240,.T.);
#8238 = VERTEX_POINT('',#8239);
#8239 = CARTESIAN_POINT('',(-6.3,-0.15,-10.35));
#8240 = LINE('',#8241,#8242);
#8241 = CARTESIAN_POINT('',(-6.3,0.25,-10.35));
#8242 = VECTOR('',#8243,1.);
#8243 = DIRECTION('',(0.,-1.,0.));
#8244 = ORIENTED_EDGE('',*,*,#8245,.T.);
#8245 = EDGE_CURVE('',#8238,#8246,#8248,.T.);
#8246 = VERTEX_POINT('',#8247);
#8247 = CARTESIAN_POINT('',(-6.3,-0.15,-11.85));
#8248 = LINE('',#8249,#8250);
#8249 = CARTESIAN_POINT('',(-6.3,-0.15,-10.35));
#8250 = VECTOR('',#8251,1.);
#8251 = DIRECTION('',(0.,0.,-1.));
#8252 = ORIENTED_EDGE('',*,*,#8253,.T.);
#8253 = EDGE_CURVE('',#8246,#8228,#8254,.T.);
#8254 = LINE('',#8255,#8256);
#8255 = CARTESIAN_POINT('',(-6.3,-0.15,-11.85));
#8256 = VECTOR('',#8257,1.);
#8257 = DIRECTION('',(0.,1.,0.));
#8258 = B_SPLINE_SURFACE_WITH_KNOTS('',1,1,(
    (#8259,#8260)
    ,(#8261,#8262
    )),.UNSPECIFIED.,.F.,.F.,.F.,(2,2),(2,2),(0.,1.),(0.,1.),
  .PIECEWISE_BEZIER_KNOTS.);
#8259 = CARTESIAN_POINT('',(-6.3,-0.15,-10.35));
#8260 = CARTESIAN_POINT('',(-6.3,0.25,-10.35));
#8261 = CARTESIAN_POINT('',(-6.3,-0.15,-11.85));
#8262 = CARTESIAN_POINT('',(-6.3,0.25,-11.85));
#8263 = SHELL_BASED_SURFACE_MODEL('',(#8264));
#8264 = OPEN_SHELL('',(#8265));
#8265 = ADVANCED_FACE('',(#8266),#8300,.T.);
#8266 = FACE_BOUND('',#8267,.T.);
#8267 = EDGE_LOOP('',(#8268,#8278,#8286,#8294));
#8268 = ORIENTED_EDGE('',*,*,#8269,.T.);
#8269 = EDGE_CURVE('',#8270,#8272,#8274,.T.);
#8270 = VERTEX_POINT('',#8271);
#8271 = CARTESIAN_POINT('',(-6.3,-0.15,-11.85));
#8272 = VERTEX_POINT('',#8273);
#8273 = CARTESIAN_POINT('',(-6.3,-0.15,-10.35));
#8274 = LINE('',#8275,#8276);
#8275 = CARTESIAN_POINT('',(-6.3,-0.15,-11.85));
#8276 = VECTOR('',#8277,1.);
#8277 = DIRECTION('',(0.,0.,1.));
#8278 = ORIENTED_EDGE('',*,*,#8279,.T.);
#8279 = EDGE_CURVE('',#8272,#8280,#8282,.T.);
#8280 = VERTEX_POINT('',#8281);
#8281 = CARTESIAN_POINT('',(-5.05,-0.15,-10.35));
#8282 = LINE('',#8283,#8284);
#8283 = CARTESIAN_POINT('',(-6.3,-0.15,-10.35));
#8284 = VECTOR('',#8285,1.);
#8285 = DIRECTION('',(1.,0.,0.));
#8286 = ORIENTED_EDGE('',*,*,#8287,.T.);
#8287 = EDGE_CURVE('',#8280,#8288,#8290,.T.);
#8288 = VERTEX_POINT('',#8289);
#8289 = CARTESIAN_POINT('',(-5.05,-0.15,-11.85));
#8290 = LINE('',#8291,#8292);
#8291 = CARTESIAN_POINT('',(-5.05,-0.15,-10.35));
#8292 = VECTOR('',#8293,1.);
#8293 = DIRECTION('',(0.,0.,-1.));
#8294 = ORIENTED_EDGE('',*,*,#8295,.T.);
#8295 = EDGE_CURVE('',#8288,#8270,#8296,.T.);
#8296 = LINE('',#8297,#8298);
#8297 = CARTESIAN_POINT('',(-5.05,-0.15,-11.85));
#8298 = VECTOR('',#8299,1.);
#8299 = DIRECTION('',(-1.,0.,0.));
#8300 = B_SPLINE_SURFACE_WITH_KNOTS('',1,1,(
    (#8301,#8302)
    ,(#8303,#8304
    )),.UNSPECIFIED.,.F.,.F.,.F.,(2,2),(2,2),(0.,1.),(0.,1.),
  .PIECEWISE_BEZIER_KNOTS.);
#8301 = CARTESIAN_POINT('',(-6.3,-0.15,-11.85));
#8302 = CARTESIAN_POINT('',(-5.05,-0.15,-11.85));
#8303 = CARTESIAN_POINT('',(-6.3,-0.15,-10.35));
#8304 = CARTESIAN_POINT('',(-5.05,-0.15,-10.35));
#8305 = SHELL_BASED_SURFACE_MODEL('',(#8306));
#8306 = OPEN_SHELL('',(#8307));
#8307 = ADVANCED_FACE('',(#8308),#8344,.T.);
#8308 = FACE_BOUND('',#8309,.T.);
#8309 = EDGE_LOOP('',(#8310,#8320,#8329,#8337));
#8310 = ORIENTED_EDGE('',*,*,#8311,.F.);
#8311 = EDGE_CURVE('',#8312,#8314,#8316,.T.);
#8312 = VERTEX_POINT('',#8313);
#8313 = CARTESIAN_POINT('',(-5.05,-0.15,-10.35));
#8314 = VERTEX_POINT('',#8315);
#8315 = CARTESIAN_POINT('',(-5.05,-0.15,-11.85));
#8316 = LINE('',#8317,#8318);
#8317 = CARTESIAN_POINT('',(-5.05,-0.15,-10.35));
#8318 = VECTOR('',#8319,1.);
#8319 = DIRECTION('',(0.,0.,-1.));
#8320 = ORIENTED_EDGE('',*,*,#8321,.F.);
#8321 = EDGE_CURVE('',#8322,#8312,#8324,.T.);
#8322 = VERTEX_POINT('',#8323);
#8323 = CARTESIAN_POINT('',(-4.55,0.35,-10.35));
#8324 = CIRCLE('',#8325,0.5);
#8325 = AXIS2_PLACEMENT_3D('',#8326,#8327,#8328);
#8326 = CARTESIAN_POINT('',(-5.05,0.35,-10.35));
#8327 = DIRECTION('',(-6.982962677686E-15,0.,-1.));
#8328 = DIRECTION('',(1.,-1.408839003529E-14,-6.982962677686E-15));
#8329 = ORIENTED_EDGE('',*,*,#8330,.F.);
#8330 = EDGE_CURVE('',#8331,#8322,#8333,.T.);
#8331 = VERTEX_POINT('',#8332);
#8332 = CARTESIAN_POINT('',(-4.55,0.35,-11.85));
#8333 = LINE('',#8334,#8335);
#8334 = CARTESIAN_POINT('',(-4.55,0.35,-11.85));
#8335 = VECTOR('',#8336,1.);
#8336 = DIRECTION('',(0.,0.,1.));
#8337 = ORIENTED_EDGE('',*,*,#8338,.F.);
#8338 = EDGE_CURVE('',#8314,#8331,#8339,.T.);
#8339 = CIRCLE('',#8340,0.5);
#8340 = AXIS2_PLACEMENT_3D('',#8341,#8342,#8343);
#8341 = CARTESIAN_POINT('',(-5.05,0.35,-11.85));
#8342 = DIRECTION('',(0.,0.,1.));
#8343 = DIRECTION('',(1.,0.,-0.));
#8344 = SURFACE_OF_REVOLUTION('',#8345,#8349);
#8345 = LINE('',#8346,#8347);
#8346 = CARTESIAN_POINT('',(-5.55,0.35,-10.35));
#8347 = VECTOR('',#8348,1.);
#8348 = DIRECTION('',(0.,0.,-1.));
#8349 = AXIS1_PLACEMENT('',#8350,#8351);
#8350 = CARTESIAN_POINT('',(-5.05,0.35,-10.35));
#8351 = DIRECTION('',(0.,0.,1.));
#8352 = SHELL_BASED_SURFACE_MODEL('',(#8353));
#8353 = OPEN_SHELL('',(#8354));
#8354 = ADVANCED_FACE('',(#8355),#8469,.T.);
#8355 = FACE_BOUND('',#8356,.T.);
#8356 = EDGE_LOOP('',(#8357,#8367,#8375,#8383,#8391,#8399,#8407,#8415,
    #8423,#8431,#8439,#8447,#8455,#8463));
#8357 = ORIENTED_EDGE('',*,*,#8358,.T.);
#8358 = EDGE_CURVE('',#8359,#8361,#8363,.T.);
#8359 = VERTEX_POINT('',#8360);
#8360 = CARTESIAN_POINT('',(-4.55,0.5,-10.35));
#8361 = VERTEX_POINT('',#8362);
#8362 = CARTESIAN_POINT('',(-4.95,0.5,-10.35));
#8363 = LINE('',#8364,#8365);
#8364 = CARTESIAN_POINT('',(-4.55,0.5,-10.35));
#8365 = VECTOR('',#8366,1.);
#8366 = DIRECTION('',(-1.,0.,0.));
#8367 = ORIENTED_EDGE('',*,*,#8368,.T.);
#8368 = EDGE_CURVE('',#8361,#8369,#8371,.T.);
#8369 = VERTEX_POINT('',#8370);
#8370 = CARTESIAN_POINT('',(-4.950000000375,0.349999999925,-10.35));
#8371 = LINE('',#8372,#8373);
#8372 = CARTESIAN_POINT('',(-4.95,0.5,-10.35));
#8373 = VECTOR('',#8374,1.);
#8374 = DIRECTION('',(0.,-1.,0.));
#8375 = ORIENTED_EDGE('',*,*,#8376,.T.);
#8376 = EDGE_CURVE('',#8369,#8377,#8379,.T.);
#8377 = VERTEX_POINT('',#8378);
#8378 = CARTESIAN_POINT('',(-4.9576120475,0.31173165675,-10.35));
#8379 = B_SPLINE_CURVE_WITH_KNOTS('',2,(#8380,#8381,#8382),
  .UNSPECIFIED.,.F.,.F.,(3,3),(0.,0.25),.PIECEWISE_BEZIER_KNOTS.);
#8380 = CARTESIAN_POINT('',(-4.95000000075,0.34999999985,-10.35));
#8381 = CARTESIAN_POINT('',(-4.95000000075,0.33010876355,-10.35));
#8382 = CARTESIAN_POINT('',(-4.9576120475,0.31173165675,-10.35));
#8383 = ORIENTED_EDGE('',*,*,#8384,.T.);
#8384 = EDGE_CURVE('',#8377,#8385,#8387,.T.);
#8385 = VERTEX_POINT('',#8386);
#8386 = CARTESIAN_POINT('',(-4.979289322,0.27928932215,-10.35));
#8387 = B_SPLINE_CURVE_WITH_KNOTS('',2,(#8388,#8389,#8390),
  .UNSPECIFIED.,.F.,.F.,(3,3),(0.25,0.5),.PIECEWISE_BEZIER_KNOTS.);
#8388 = CARTESIAN_POINT('',(-4.9576120475,0.31173165675,-10.35));
#8389 = CARTESIAN_POINT('',(-4.96522409425,0.29335454995,-10.35));
#8390 = CARTESIAN_POINT('',(-4.979289322,0.27928932215,-10.35));
#8391 = ORIENTED_EDGE('',*,*,#8392,.T.);
#8392 = EDGE_CURVE('',#8385,#8393,#8395,.T.);
#8393 = VERTEX_POINT('',#8394);
#8394 = CARTESIAN_POINT('',(-5.01173165675,0.25761204705,-10.35));
#8395 = B_SPLINE_CURVE_WITH_KNOTS('',2,(#8396,#8397,#8398),
  .UNSPECIFIED.,.F.,.F.,(3,3),(0.5,0.75),.PIECEWISE_BEZIER_KNOTS.);
#8396 = CARTESIAN_POINT('',(-4.979289322,0.27928932215,-10.35));
#8397 = CARTESIAN_POINT('',(-4.99335454975,0.2652240937,-10.35));
#8398 = CARTESIAN_POINT('',(-5.01173165675,0.25761204705,-10.35));
#8399 = ORIENTED_EDGE('',*,*,#8400,.T.);
#8400 = EDGE_CURVE('',#8393,#8401,#8403,.T.);
#8401 = VERTEX_POINT('',#8402);
#8402 = CARTESIAN_POINT('',(-5.05000000025,0.249999999875,-10.35));
#8403 = B_SPLINE_CURVE_WITH_KNOTS('',2,(#8404,#8405,#8406),
  .UNSPECIFIED.,.F.,.F.,(3,3),(0.75,1.),.PIECEWISE_BEZIER_KNOTS.);
#8404 = CARTESIAN_POINT('',(-5.01173165675,0.25761204705,-10.35));
#8405 = CARTESIAN_POINT('',(-5.03010876375,0.24999999975,-10.35));
#8406 = CARTESIAN_POINT('',(-5.0500000005,0.24999999975,-10.35));
#8407 = ORIENTED_EDGE('',*,*,#8408,.T.);
#8408 = EDGE_CURVE('',#8401,#8409,#8411,.T.);
#8409 = VERTEX_POINT('',#8410);
#8410 = CARTESIAN_POINT('',(-6.3,0.25,-10.35));
#8411 = LINE('',#8412,#8413);
#8412 = CARTESIAN_POINT('',(-5.05,0.25,-10.35));
#8413 = VECTOR('',#8414,1.);
#8414 = DIRECTION('',(-1.,0.,0.));
#8415 = ORIENTED_EDGE('',*,*,#8416,.T.);
#8416 = EDGE_CURVE('',#8409,#8417,#8419,.T.);
#8417 = VERTEX_POINT('',#8418);
#8418 = CARTESIAN_POINT('',(-6.3,-0.15,-10.35));
#8419 = LINE('',#8420,#8421);
#8420 = CARTESIAN_POINT('',(-6.3,0.25,-10.35));
#8421 = VECTOR('',#8422,1.);
#8422 = DIRECTION('',(0.,-1.,0.));
#8423 = ORIENTED_EDGE('',*,*,#8424,.T.);
#8424 = EDGE_CURVE('',#8417,#8425,#8427,.T.);
#8425 = VERTEX_POINT('',#8426);
#8426 = CARTESIAN_POINT('',(-5.05000000025,-0.15,-10.35));
#8427 = LINE('',#8428,#8429);
#8428 = CARTESIAN_POINT('',(-6.3,-0.15,-10.35));
#8429 = VECTOR('',#8430,1.);
#8430 = DIRECTION('',(1.,0.,0.));
#8431 = ORIENTED_EDGE('',*,*,#8432,.T.);
#8432 = EDGE_CURVE('',#8425,#8433,#8435,.T.);
#8433 = VERTEX_POINT('',#8434);
#8434 = CARTESIAN_POINT('',(-4.8586582835,-0.1119397661,-10.35));
#8435 = B_SPLINE_CURVE_WITH_KNOTS('',2,(#8436,#8437,#8438),
  .UNSPECIFIED.,.F.,.F.,(3,3),(0.,0.25),.PIECEWISE_BEZIER_KNOTS.);
#8436 = CARTESIAN_POINT('',(-5.0500000005,-0.15,-10.35));
#8437 = CARTESIAN_POINT('',(-4.95054381675,-0.15,-10.35));
#8438 = CARTESIAN_POINT('',(-4.8586582835,-0.1119397661,-10.35));
#8439 = ORIENTED_EDGE('',*,*,#8440,.T.);
#8440 = EDGE_CURVE('',#8433,#8441,#8443,.T.);
#8441 = VERTEX_POINT('',#8442);
#8442 = CARTESIAN_POINT('',(-4.69644660975,-3.5533906E-03,-10.35));
#8443 = B_SPLINE_CURVE_WITH_KNOTS('',2,(#8444,#8445,#8446),
  .UNSPECIFIED.,.F.,.F.,(3,3),(0.25,0.5),.PIECEWISE_BEZIER_KNOTS.);
#8444 = CARTESIAN_POINT('',(-4.8586582835,-0.1119397661,-10.35));
#8445 = CARTESIAN_POINT('',(-4.766772752,-7.38795322E-02,-10.35));
#8446 = CARTESIAN_POINT('',(-4.69644660975,-3.5533906E-03,-10.35));
#8447 = ORIENTED_EDGE('',*,*,#8448,.T.);
#8448 = EDGE_CURVE('',#8441,#8449,#8451,.T.);
#8449 = VERTEX_POINT('',#8450);
#8450 = CARTESIAN_POINT('',(-4.58806023375,0.1586582837,-10.35));
#8451 = B_SPLINE_CURVE_WITH_KNOTS('',2,(#8452,#8453,#8454),
  .UNSPECIFIED.,.F.,.F.,(3,3),(0.5,0.75),.PIECEWISE_BEZIER_KNOTS.);
#8452 = CARTESIAN_POINT('',(-4.69644660975,-3.5533906E-03,-10.35));
#8453 = CARTESIAN_POINT('',(-4.6261204675,6.6772751E-02,-10.35));
#8454 = CARTESIAN_POINT('',(-4.58806023375,0.1586582837,-10.35));
#8455 = ORIENTED_EDGE('',*,*,#8456,.T.);
#8456 = EDGE_CURVE('',#8449,#8457,#8459,.T.);
#8457 = VERTEX_POINT('',#8458);
#8458 = CARTESIAN_POINT('',(-4.55,0.349999999925,-10.35));
#8459 = B_SPLINE_CURVE_WITH_KNOTS('',2,(#8460,#8461,#8462),
  .UNSPECIFIED.,.F.,.F.,(3,3),(0.75,1.),.PIECEWISE_BEZIER_KNOTS.);
#8460 = CARTESIAN_POINT('',(-4.58806023375,0.1586582837,-10.35));
#8461 = CARTESIAN_POINT('',(-4.55,0.2505438164,-10.35));
#8462 = CARTESIAN_POINT('',(-4.55,0.34999999985,-10.35));
#8463 = ORIENTED_EDGE('',*,*,#8464,.T.);
#8464 = EDGE_CURVE('',#8457,#8359,#8465,.T.);
#8465 = LINE('',#8466,#8467);
#8466 = CARTESIAN_POINT('',(-4.55,0.35,-10.35));
#8467 = VECTOR('',#8468,1.);
#8468 = DIRECTION('',(0.,1.,0.));
#8469 = B_SPLINE_SURFACE_WITH_KNOTS('',1,1,(
    (#8470,#8471)
    ,(#8472,#8473
    )),.UNSPECIFIED.,.F.,.F.,.F.,(2,2),(2,2),(0.,1.),(0.,1.),
  .PIECEWISE_BEZIER_KNOTS.);
#8470 = CARTESIAN_POINT('',(-6.3,-0.15,-10.35));
#8471 = CARTESIAN_POINT('',(-6.3,0.5,-10.35));
#8472 = CARTESIAN_POINT('',(-4.55,-0.15,-10.35));
#8473 = CARTESIAN_POINT('',(-4.55,0.5,-10.35));
#8474 = SHELL_BASED_SURFACE_MODEL('',(#8475));
#8475 = OPEN_SHELL('',(#8476));
#8476 = ADVANCED_FACE('',(#8477),#8591,.T.);
#8477 = FACE_BOUND('',#8478,.T.);
#8478 = EDGE_LOOP('',(#8479,#8489,#8497,#8505,#8513,#8521,#8529,#8537,
    #8545,#8553,#8561,#8569,#8577,#8585));
#8479 = ORIENTED_EDGE('',*,*,#8480,.T.);
#8480 = EDGE_CURVE('',#8481,#8483,#8485,.T.);
#8481 = VERTEX_POINT('',#8482);
#8482 = CARTESIAN_POINT('',(-4.95,0.5,-11.85));
#8483 = VERTEX_POINT('',#8484);
#8484 = CARTESIAN_POINT('',(-4.950000000375,0.349999999925,-11.85));
#8485 = LINE('',#8486,#8487);
#8486 = CARTESIAN_POINT('',(-4.95,0.5,-11.85));
#8487 = VECTOR('',#8488,1.);
#8488 = DIRECTION('',(0.,-1.,0.));
#8489 = ORIENTED_EDGE('',*,*,#8490,.T.);
#8490 = EDGE_CURVE('',#8483,#8491,#8493,.T.);
#8491 = VERTEX_POINT('',#8492);
#8492 = CARTESIAN_POINT('',(-4.9576120475,0.31173165675,-11.85));
#8493 = B_SPLINE_CURVE_WITH_KNOTS('',2,(#8494,#8495,#8496),
  .UNSPECIFIED.,.F.,.F.,(3,3),(0.,0.25),.PIECEWISE_BEZIER_KNOTS.);
#8494 = CARTESIAN_POINT('',(-4.95000000075,0.34999999985,-11.85));
#8495 = CARTESIAN_POINT('',(-4.95000000075,0.33010876355,-11.85));
#8496 = CARTESIAN_POINT('',(-4.9576120475,0.31173165675,-11.85));
#8497 = ORIENTED_EDGE('',*,*,#8498,.T.);
#8498 = EDGE_CURVE('',#8491,#8499,#8501,.T.);
#8499 = VERTEX_POINT('',#8500);
#8500 = CARTESIAN_POINT('',(-4.979289322,0.27928932215,-11.85));
#8501 = B_SPLINE_CURVE_WITH_KNOTS('',2,(#8502,#8503,#8504),
  .UNSPECIFIED.,.F.,.F.,(3,3),(0.25,0.5),.PIECEWISE_BEZIER_KNOTS.);
#8502 = CARTESIAN_POINT('',(-4.9576120475,0.31173165675,-11.85));
#8503 = CARTESIAN_POINT('',(-4.96522409425,0.29335454995,-11.85));
#8504 = CARTESIAN_POINT('',(-4.979289322,0.27928932215,-11.85));
#8505 = ORIENTED_EDGE('',*,*,#8506,.T.);
#8506 = EDGE_CURVE('',#8499,#8507,#8509,.T.);
#8507 = VERTEX_POINT('',#8508);
#8508 = CARTESIAN_POINT('',(-5.01173165675,0.25761204705,-11.85));
#8509 = B_SPLINE_CURVE_WITH_KNOTS('',2,(#8510,#8511,#8512),
  .UNSPECIFIED.,.F.,.F.,(3,3),(0.5,0.75),.PIECEWISE_BEZIER_KNOTS.);
#8510 = CARTESIAN_POINT('',(-4.979289322,0.27928932215,-11.85));
#8511 = CARTESIAN_POINT('',(-4.99335454975,0.2652240937,-11.85));
#8512 = CARTESIAN_POINT('',(-5.01173165675,0.25761204705,-11.85));
#8513 = ORIENTED_EDGE('',*,*,#8514,.T.);
#8514 = EDGE_CURVE('',#8507,#8515,#8517,.T.);
#8515 = VERTEX_POINT('',#8516);
#8516 = CARTESIAN_POINT('',(-5.05000000025,0.249999999875,-11.85));
#8517 = B_SPLINE_CURVE_WITH_KNOTS('',2,(#8518,#8519,#8520),
  .UNSPECIFIED.,.F.,.F.,(3,3),(0.75,1.),.PIECEWISE_BEZIER_KNOTS.);
#8518 = CARTESIAN_POINT('',(-5.01173165675,0.25761204705,-11.85));
#8519 = CARTESIAN_POINT('',(-5.03010876375,0.24999999975,-11.85));
#8520 = CARTESIAN_POINT('',(-5.0500000005,0.24999999975,-11.85));
#8521 = ORIENTED_EDGE('',*,*,#8522,.T.);
#8522 = EDGE_CURVE('',#8515,#8523,#8525,.T.);
#8523 = VERTEX_POINT('',#8524);
#8524 = CARTESIAN_POINT('',(-6.3,0.25,-11.85));
#8525 = LINE('',#8526,#8527);
#8526 = CARTESIAN_POINT('',(-5.05,0.25,-11.85));
#8527 = VECTOR('',#8528,1.);
#8528 = DIRECTION('',(-1.,0.,0.));
#8529 = ORIENTED_EDGE('',*,*,#8530,.T.);
#8530 = EDGE_CURVE('',#8523,#8531,#8533,.T.);
#8531 = VERTEX_POINT('',#8532);
#8532 = CARTESIAN_POINT('',(-6.3,-0.15,-11.85));
#8533 = LINE('',#8534,#8535);
#8534 = CARTESIAN_POINT('',(-6.3,0.25,-11.85));
#8535 = VECTOR('',#8536,1.);
#8536 = DIRECTION('',(0.,-1.,0.));
#8537 = ORIENTED_EDGE('',*,*,#8538,.T.);
#8538 = EDGE_CURVE('',#8531,#8539,#8541,.T.);
#8539 = VERTEX_POINT('',#8540);
#8540 = CARTESIAN_POINT('',(-5.05000000025,-0.15,-11.85));
#8541 = LINE('',#8542,#8543);
#8542 = CARTESIAN_POINT('',(-6.3,-0.15,-11.85));
#8543 = VECTOR('',#8544,1.);
#8544 = DIRECTION('',(1.,0.,0.));
#8545 = ORIENTED_EDGE('',*,*,#8546,.T.);
#8546 = EDGE_CURVE('',#8539,#8547,#8549,.T.);
#8547 = VERTEX_POINT('',#8548);
#8548 = CARTESIAN_POINT('',(-4.8586582835,-0.1119397661,-11.85));
#8549 = B_SPLINE_CURVE_WITH_KNOTS('',2,(#8550,#8551,#8552),
  .UNSPECIFIED.,.F.,.F.,(3,3),(0.,0.25),.PIECEWISE_BEZIER_KNOTS.);
#8550 = CARTESIAN_POINT('',(-5.0500000005,-0.15,-11.85));
#8551 = CARTESIAN_POINT('',(-4.95054381675,-0.15,-11.85));
#8552 = CARTESIAN_POINT('',(-4.8586582835,-0.1119397661,-11.85));
#8553 = ORIENTED_EDGE('',*,*,#8554,.T.);
#8554 = EDGE_CURVE('',#8547,#8555,#8557,.T.);
#8555 = VERTEX_POINT('',#8556);
#8556 = CARTESIAN_POINT('',(-4.69644660975,-3.5533906E-03,-11.85));
#8557 = B_SPLINE_CURVE_WITH_KNOTS('',2,(#8558,#8559,#8560),
  .UNSPECIFIED.,.F.,.F.,(3,3),(0.25,0.5),.PIECEWISE_BEZIER_KNOTS.);
#8558 = CARTESIAN_POINT('',(-4.8586582835,-0.1119397661,-11.85));
#8559 = CARTESIAN_POINT('',(-4.766772752,-7.38795322E-02,-11.85));
#8560 = CARTESIAN_POINT('',(-4.69644660975,-3.5533906E-03,-11.85));
#8561 = ORIENTED_EDGE('',*,*,#8562,.T.);
#8562 = EDGE_CURVE('',#8555,#8563,#8565,.T.);
#8563 = VERTEX_POINT('',#8564);
#8564 = CARTESIAN_POINT('',(-4.58806023375,0.1586582837,-11.85));
#8565 = B_SPLINE_CURVE_WITH_KNOTS('',2,(#8566,#8567,#8568),
  .UNSPECIFIED.,.F.,.F.,(3,3),(0.5,0.75),.PIECEWISE_BEZIER_KNOTS.);
#8566 = CARTESIAN_POINT('',(-4.69644660975,-3.5533906E-03,-11.85));
#8567 = CARTESIAN_POINT('',(-4.6261204675,6.6772751E-02,-11.85));
#8568 = CARTESIAN_POINT('',(-4.58806023375,0.1586582837,-11.85));
#8569 = ORIENTED_EDGE('',*,*,#8570,.T.);
#8570 = EDGE_CURVE('',#8563,#8571,#8573,.T.);
#8571 = VERTEX_POINT('',#8572);
#8572 = CARTESIAN_POINT('',(-4.55,0.349999999925,-11.85));
#8573 = B_SPLINE_CURVE_WITH_KNOTS('',2,(#8574,#8575,#8576),
  .UNSPECIFIED.,.F.,.F.,(3,3),(0.75,1.),.PIECEWISE_BEZIER_KNOTS.);
#8574 = CARTESIAN_POINT('',(-4.58806023375,0.1586582837,-11.85));
#8575 = CARTESIAN_POINT('',(-4.55,0.2505438164,-11.85));
#8576 = CARTESIAN_POINT('',(-4.55,0.34999999985,-11.85));
#8577 = ORIENTED_EDGE('',*,*,#8578,.T.);
#8578 = EDGE_CURVE('',#8571,#8579,#8581,.T.);
#8579 = VERTEX_POINT('',#8580);
#8580 = CARTESIAN_POINT('',(-4.55,0.5,-11.85));
#8581 = LINE('',#8582,#8583);
#8582 = CARTESIAN_POINT('',(-4.55,0.35,-11.85));
#8583 = VECTOR('',#8584,1.);
#8584 = DIRECTION('',(0.,1.,0.));
#8585 = ORIENTED_EDGE('',*,*,#8586,.T.);
#8586 = EDGE_CURVE('',#8579,#8481,#8587,.T.);
#8587 = LINE('',#8588,#8589);
#8588 = CARTESIAN_POINT('',(-4.55,0.5,-11.85));
#8589 = VECTOR('',#8590,1.);
#8590 = DIRECTION('',(-1.,0.,0.));
#8591 = B_SPLINE_SURFACE_WITH_KNOTS('',1,1,(
    (#8592,#8593)
    ,(#8594,#8595
    )),.UNSPECIFIED.,.F.,.F.,.F.,(2,2),(2,2),(0.,1.),(0.,1.),
  .PIECEWISE_BEZIER_KNOTS.);
#8592 = CARTESIAN_POINT('',(-6.3,-0.15,-11.85));
#8593 = CARTESIAN_POINT('',(-6.3,0.5,-11.85));
#8594 = CARTESIAN_POINT('',(-4.55,-0.15,-11.85));
#8595 = CARTESIAN_POINT('',(-4.55,0.5,-11.85));
#8596 = SHELL_BASED_SURFACE_MODEL('',(#8597));
#8597 = OPEN_SHELL('',(#8598));
#8598 = ADVANCED_FACE('',(#8599),#8857,.T.);
#8599 = FACE_BOUND('',#8600,.T.);
#8600 = EDGE_LOOP('',(#8601,#8611,#8619,#8627,#8635,#8643,#8651,#8659,
    #8667,#8675,#8683,#8691,#8699,#8707,#8715,#8723,#8731,#8739,#8747,
    #8755,#8763,#8771,#8779,#8787,#8795,#8803,#8811,#8819,#8827,#8835,
    #8843,#8851));
#8601 = ORIENTED_EDGE('',*,*,#8602,.T.);
#8602 = EDGE_CURVE('',#8603,#8605,#8607,.T.);
#8603 = VERTEX_POINT('',#8604);
#8604 = CARTESIAN_POINT('',(1.14999999943,6.5,-14.05));
#8605 = VERTEX_POINT('',#8606);
#8606 = CARTESIAN_POINT('',(1.127903073141,6.724353870272,-14.05));
#8607 = B_SPLINE_CURVE_WITH_KNOTS('',2,(#8608,#8609,#8610),
  .UNSPECIFIED.,.F.,.F.,(3,3),(0.,6.25E-02),.PIECEWISE_BEZIER_KNOTS.);
#8608 = CARTESIAN_POINT('',(1.14999999943,6.5,-14.05));
#8609 = CARTESIAN_POINT('',(1.14999999943,6.613265114904,-14.05));
#8610 = CARTESIAN_POINT('',(1.127903073141,6.724353870272,-14.05));
#8611 = ORIENTED_EDGE('',*,*,#8612,.T.);
#8612 = EDGE_CURVE('',#8605,#8613,#8615,.T.);
#8613 = VERTEX_POINT('',#8614);
#8614 = CARTESIAN_POINT('',(1.062461463272,6.940085947039,-14.05));
#8615 = B_SPLINE_CURVE_WITH_KNOTS('',2,(#8616,#8617,#8618),
  .UNSPECIFIED.,.F.,.F.,(3,3),(6.25E-02,0.125),
  .PIECEWISE_BEZIER_KNOTS.);
#8616 = CARTESIAN_POINT('',(1.127903073141,6.724353870272,-14.05));
#8617 = CARTESIAN_POINT('',(1.105806144524,6.835442625641,-14.05));
#8618 = CARTESIAN_POINT('',(1.062461463272,6.940085947039,-14.05));
#8619 = ORIENTED_EDGE('',*,*,#8620,.T.);
#8620 = EDGE_CURVE('',#8613,#8621,#8623,.T.);
#8621 = VERTEX_POINT('',#8622);
#8622 = CARTESIAN_POINT('',(0.956190053174,7.138905768327,-14.05));
#8623 = B_SPLINE_CURVE_WITH_KNOTS('',2,(#8624,#8625,#8626),
  .UNSPECIFIED.,.F.,.F.,(3,3),(0.125,0.1875),.PIECEWISE_BEZIER_KNOTS.);
#8624 = CARTESIAN_POINT('',(1.062461463272,6.940085947039,-14.05));
#8625 = CARTESIAN_POINT('',(1.019116779692,7.044729268437,-14.05));
#8626 = CARTESIAN_POINT('',(0.956190053174,7.138905768327,-14.05));
#8627 = ORIENTED_EDGE('',*,*,#8628,.T.);
#8628 = EDGE_CURVE('',#8621,#8629,#8631,.T.);
#8629 = VERTEX_POINT('',#8630);
#8630 = CARTESIAN_POINT('',(0.813172798601,7.313172798601,-14.05));
#8631 = B_SPLINE_CURVE_WITH_KNOTS('',2,(#8632,#8633,#8634),
  .UNSPECIFIED.,.F.,.F.,(3,3),(0.1875,0.25),.PIECEWISE_BEZIER_KNOTS.);
#8632 = CARTESIAN_POINT('',(0.956190053174,7.138905768327,-14.05));
#8633 = CARTESIAN_POINT('',(0.893263328984,7.233082268217,-14.05));
#8634 = CARTESIAN_POINT('',(0.813172798601,7.313172798601,-14.05));
#8635 = ORIENTED_EDGE('',*,*,#8636,.T.);
#8636 = EDGE_CURVE('',#8629,#8637,#8639,.T.);
#8637 = VERTEX_POINT('',#8638);
#8638 = CARTESIAN_POINT('',(0.638905768327,7.456190053174,-14.05));
#8639 = B_SPLINE_CURVE_WITH_KNOTS('',2,(#8640,#8641,#8642),
  .UNSPECIFIED.,.F.,.F.,(3,3),(0.25,0.3125),.PIECEWISE_BEZIER_KNOTS.);
#8640 = CARTESIAN_POINT('',(0.813172798601,7.313172798601,-14.05));
#8641 = CARTESIAN_POINT('',(0.733082268217,7.393263328984,-14.05));
#8642 = CARTESIAN_POINT('',(0.638905768327,7.456190053174,-14.05));
#8643 = ORIENTED_EDGE('',*,*,#8644,.T.);
#8644 = EDGE_CURVE('',#8637,#8645,#8647,.T.);
#8645 = VERTEX_POINT('',#8646);
#8646 = CARTESIAN_POINT('',(0.440085947039,7.562461463272,-14.05));
#8647 = B_SPLINE_CURVE_WITH_KNOTS('',2,(#8648,#8649,#8650),
  .UNSPECIFIED.,.F.,.F.,(3,3),(0.3125,0.375),.PIECEWISE_BEZIER_KNOTS.);
#8648 = CARTESIAN_POINT('',(0.638905768327,7.456190053174,-14.05));
#8649 = CARTESIAN_POINT('',(0.544729268437,7.519116779692,-14.05));
#8650 = CARTESIAN_POINT('',(0.440085947039,7.562461463272,-14.05));
#8651 = ORIENTED_EDGE('',*,*,#8652,.T.);
#8652 = EDGE_CURVE('',#8645,#8653,#8655,.T.);
#8653 = VERTEX_POINT('',#8654);
#8654 = CARTESIAN_POINT('',(0.224353870272,7.627903073141,-14.05));
#8655 = B_SPLINE_CURVE_WITH_KNOTS('',2,(#8656,#8657,#8658),
  .UNSPECIFIED.,.F.,.F.,(3,3),(0.375,0.4375),.PIECEWISE_BEZIER_KNOTS.);
#8656 = CARTESIAN_POINT('',(0.440085947039,7.562461463272,-14.05));
#8657 = CARTESIAN_POINT('',(0.335442625641,7.605806144524,-14.05));
#8658 = CARTESIAN_POINT('',(0.224353870272,7.627903073141,-14.05));
#8659 = ORIENTED_EDGE('',*,*,#8660,.T.);
#8660 = EDGE_CURVE('',#8653,#8661,#8663,.T.);
#8661 = VERTEX_POINT('',#8662);
#8662 = CARTESIAN_POINT('',(0.,7.64999999943,-14.05));
#8663 = B_SPLINE_CURVE_WITH_KNOTS('',2,(#8664,#8665,#8666),
  .UNSPECIFIED.,.F.,.F.,(3,3),(0.4375,0.5),.PIECEWISE_BEZIER_KNOTS.);
#8664 = CARTESIAN_POINT('',(0.224353870272,7.627903073141,-14.05));
#8665 = CARTESIAN_POINT('',(0.113265114904,7.64999999943,-14.05));
#8666 = CARTESIAN_POINT('',(0.,7.64999999943,-14.05));
#8667 = ORIENTED_EDGE('',*,*,#8668,.T.);
#8668 = EDGE_CURVE('',#8661,#8669,#8671,.T.);
#8669 = VERTEX_POINT('',#8670);
#8670 = CARTESIAN_POINT('',(-0.224353870272,7.627903073141,-14.05));
#8671 = B_SPLINE_CURVE_WITH_KNOTS('',2,(#8672,#8673,#8674),
  .UNSPECIFIED.,.F.,.F.,(3,3),(0.5,0.5625),.PIECEWISE_BEZIER_KNOTS.);
#8672 = CARTESIAN_POINT('',(0.,7.64999999943,-14.05));
#8673 = CARTESIAN_POINT('',(-0.113265114904,7.64999999943,-14.05));
#8674 = CARTESIAN_POINT('',(-0.224353870272,7.627903073141,-14.05));
#8675 = ORIENTED_EDGE('',*,*,#8676,.T.);
#8676 = EDGE_CURVE('',#8669,#8677,#8679,.T.);
#8677 = VERTEX_POINT('',#8678);
#8678 = CARTESIAN_POINT('',(-0.440085947039,7.562461463272,-14.05));
#8679 = B_SPLINE_CURVE_WITH_KNOTS('',2,(#8680,#8681,#8682),
  .UNSPECIFIED.,.F.,.F.,(3,3),(0.5625,0.625),.PIECEWISE_BEZIER_KNOTS.);
#8680 = CARTESIAN_POINT('',(-0.224353870272,7.627903073141,-14.05));
#8681 = CARTESIAN_POINT('',(-0.335442625641,7.605806144524,-14.05));
#8682 = CARTESIAN_POINT('',(-0.440085947039,7.562461463272,-14.05));
#8683 = ORIENTED_EDGE('',*,*,#8684,.T.);
#8684 = EDGE_CURVE('',#8677,#8685,#8687,.T.);
#8685 = VERTEX_POINT('',#8686);
#8686 = CARTESIAN_POINT('',(-0.638905768327,7.456190053174,-14.05));
#8687 = B_SPLINE_CURVE_WITH_KNOTS('',2,(#8688,#8689,#8690),
  .UNSPECIFIED.,.F.,.F.,(3,3),(0.625,0.6875),.PIECEWISE_BEZIER_KNOTS.);
#8688 = CARTESIAN_POINT('',(-0.440085947039,7.562461463272,-14.05));
#8689 = CARTESIAN_POINT('',(-0.544729268437,7.519116779692,-14.05));
#8690 = CARTESIAN_POINT('',(-0.638905768327,7.456190053174,-14.05));
#8691 = ORIENTED_EDGE('',*,*,#8692,.T.);
#8692 = EDGE_CURVE('',#8685,#8693,#8695,.T.);
#8693 = VERTEX_POINT('',#8694);
#8694 = CARTESIAN_POINT('',(-0.813172798601,7.313172798601,-14.05));
#8695 = B_SPLINE_CURVE_WITH_KNOTS('',2,(#8696,#8697,#8698),
  .UNSPECIFIED.,.F.,.F.,(3,3),(0.6875,0.75),.PIECEWISE_BEZIER_KNOTS.);
#8696 = CARTESIAN_POINT('',(-0.638905768327,7.456190053174,-14.05));
#8697 = CARTESIAN_POINT('',(-0.733082268217,7.393263328984,-14.05));
#8698 = CARTESIAN_POINT('',(-0.813172798601,7.313172798601,-14.05));
#8699 = ORIENTED_EDGE('',*,*,#8700,.T.);
#8700 = EDGE_CURVE('',#8693,#8701,#8703,.T.);
#8701 = VERTEX_POINT('',#8702);
#8702 = CARTESIAN_POINT('',(-0.956190053174,7.138905768327,-14.05));
#8703 = B_SPLINE_CURVE_WITH_KNOTS('',2,(#8704,#8705,#8706),
  .UNSPECIFIED.,.F.,.F.,(3,3),(0.75,0.8125),.PIECEWISE_BEZIER_KNOTS.);
#8704 = CARTESIAN_POINT('',(-0.813172798601,7.313172798601,-14.05));
#8705 = CARTESIAN_POINT('',(-0.893263328984,7.233082268217,-14.05));
#8706 = CARTESIAN_POINT('',(-0.956190053174,7.138905768327,-14.05));
#8707 = ORIENTED_EDGE('',*,*,#8708,.T.);
#8708 = EDGE_CURVE('',#8701,#8709,#8711,.T.);
#8709 = VERTEX_POINT('',#8710);
#8710 = CARTESIAN_POINT('',(-1.062461463272,6.940085947039,-14.05));
#8711 = B_SPLINE_CURVE_WITH_KNOTS('',2,(#8712,#8713,#8714),
  .UNSPECIFIED.,.F.,.F.,(3,3),(0.8125,0.875),.PIECEWISE_BEZIER_KNOTS.);
#8712 = CARTESIAN_POINT('',(-0.956190053174,7.138905768327,-14.05));
#8713 = CARTESIAN_POINT('',(-1.019116779692,7.044729268437,-14.05));
#8714 = CARTESIAN_POINT('',(-1.062461463272,6.940085947039,-14.05));
#8715 = ORIENTED_EDGE('',*,*,#8716,.T.);
#8716 = EDGE_CURVE('',#8709,#8717,#8719,.T.);
#8717 = VERTEX_POINT('',#8718);
#8718 = CARTESIAN_POINT('',(-1.127903073141,6.724353870272,-14.05));
#8719 = B_SPLINE_CURVE_WITH_KNOTS('',2,(#8720,#8721,#8722),
  .UNSPECIFIED.,.F.,.F.,(3,3),(0.875,0.9375),.PIECEWISE_BEZIER_KNOTS.);
#8720 = CARTESIAN_POINT('',(-1.062461463272,6.940085947039,-14.05));
#8721 = CARTESIAN_POINT('',(-1.105806144524,6.835442625641,-14.05));
#8722 = CARTESIAN_POINT('',(-1.127903073141,6.724353870272,-14.05));
#8723 = ORIENTED_EDGE('',*,*,#8724,.T.);
#8724 = EDGE_CURVE('',#8717,#8725,#8727,.T.);
#8725 = VERTEX_POINT('',#8726);
#8726 = CARTESIAN_POINT('',(-1.14999999943,6.5,-14.05));
#8727 = B_SPLINE_CURVE_WITH_KNOTS('',2,(#8728,#8729,#8730),
  .UNSPECIFIED.,.F.,.F.,(3,3),(0.9375,1.),.PIECEWISE_BEZIER_KNOTS.);
#8728 = CARTESIAN_POINT('',(-1.127903073141,6.724353870272,-14.05));
#8729 = CARTESIAN_POINT('',(-1.14999999943,6.613265114904,-14.05));
#8730 = CARTESIAN_POINT('',(-1.14999999943,6.5,-14.05));
#8731 = ORIENTED_EDGE('',*,*,#8732,.T.);
#8732 = EDGE_CURVE('',#8725,#8733,#8735,.T.);
#8733 = VERTEX_POINT('',#8734);
#8734 = CARTESIAN_POINT('',(-1.127903073141,6.275646129728,-14.05));
#8735 = B_SPLINE_CURVE_WITH_KNOTS('',2,(#8736,#8737,#8738),
  .UNSPECIFIED.,.F.,.F.,(3,3),(0.,6.25E-02),.PIECEWISE_BEZIER_KNOTS.);
#8736 = CARTESIAN_POINT('',(-1.14999999943,6.5,-14.05));
#8737 = CARTESIAN_POINT('',(-1.14999999943,6.386734885096,-14.05));
#8738 = CARTESIAN_POINT('',(-1.127903073141,6.275646129728,-14.05));
#8739 = ORIENTED_EDGE('',*,*,#8740,.T.);
#8740 = EDGE_CURVE('',#8733,#8741,#8743,.T.);
#8741 = VERTEX_POINT('',#8742);
#8742 = CARTESIAN_POINT('',(-1.062461463272,6.059914052961,-14.05));
#8743 = B_SPLINE_CURVE_WITH_KNOTS('',2,(#8744,#8745,#8746),
  .UNSPECIFIED.,.F.,.F.,(3,3),(6.25E-02,0.125),
  .PIECEWISE_BEZIER_KNOTS.);
#8744 = CARTESIAN_POINT('',(-1.127903073141,6.275646129728,-14.05));
#8745 = CARTESIAN_POINT('',(-1.105806144524,6.164557374359,-14.05));
#8746 = CARTESIAN_POINT('',(-1.062461463272,6.059914052961,-14.05));
#8747 = ORIENTED_EDGE('',*,*,#8748,.T.);
#8748 = EDGE_CURVE('',#8741,#8749,#8751,.T.);
#8749 = VERTEX_POINT('',#8750);
#8750 = CARTESIAN_POINT('',(-0.956190053174,5.861094231673,-14.05));
#8751 = B_SPLINE_CURVE_WITH_KNOTS('',2,(#8752,#8753,#8754),
  .UNSPECIFIED.,.F.,.F.,(3,3),(0.125,0.1875),.PIECEWISE_BEZIER_KNOTS.);
#8752 = CARTESIAN_POINT('',(-1.062461463272,6.059914052961,-14.05));
#8753 = CARTESIAN_POINT('',(-1.019116779692,5.955270731563,-14.05));
#8754 = CARTESIAN_POINT('',(-0.956190053174,5.861094231673,-14.05));
#8755 = ORIENTED_EDGE('',*,*,#8756,.T.);
#8756 = EDGE_CURVE('',#8749,#8757,#8759,.T.);
#8757 = VERTEX_POINT('',#8758);
#8758 = CARTESIAN_POINT('',(-0.813172798601,5.686827201399,-14.05));
#8759 = B_SPLINE_CURVE_WITH_KNOTS('',2,(#8760,#8761,#8762),
  .UNSPECIFIED.,.F.,.F.,(3,3),(0.1875,0.25),.PIECEWISE_BEZIER_KNOTS.);
#8760 = CARTESIAN_POINT('',(-0.956190053174,5.861094231673,-14.05));
#8761 = CARTESIAN_POINT('',(-0.893263328984,5.766917731783,-14.05));
#8762 = CARTESIAN_POINT('',(-0.813172798601,5.686827201399,-14.05));
#8763 = ORIENTED_EDGE('',*,*,#8764,.T.);
#8764 = EDGE_CURVE('',#8757,#8765,#8767,.T.);
#8765 = VERTEX_POINT('',#8766);
#8766 = CARTESIAN_POINT('',(-0.638905768327,5.543809946826,-14.05));
#8767 = B_SPLINE_CURVE_WITH_KNOTS('',2,(#8768,#8769,#8770),
  .UNSPECIFIED.,.F.,.F.,(3,3),(0.25,0.3125),.PIECEWISE_BEZIER_KNOTS.);
#8768 = CARTESIAN_POINT('',(-0.813172798601,5.686827201399,-14.05));
#8769 = CARTESIAN_POINT('',(-0.733082268217,5.606736671016,-14.05));
#8770 = CARTESIAN_POINT('',(-0.638905768327,5.543809946826,-14.05));
#8771 = ORIENTED_EDGE('',*,*,#8772,.T.);
#8772 = EDGE_CURVE('',#8765,#8773,#8775,.T.);
#8773 = VERTEX_POINT('',#8774);
#8774 = CARTESIAN_POINT('',(-0.440085947039,5.437538536728,-14.05));
#8775 = B_SPLINE_CURVE_WITH_KNOTS('',2,(#8776,#8777,#8778),
  .UNSPECIFIED.,.F.,.F.,(3,3),(0.3125,0.375),.PIECEWISE_BEZIER_KNOTS.);
#8776 = CARTESIAN_POINT('',(-0.638905768327,5.543809946826,-14.05));
#8777 = CARTESIAN_POINT('',(-0.544729268437,5.480883220308,-14.05));
#8778 = CARTESIAN_POINT('',(-0.440085947039,5.437538536728,-14.05));
#8779 = ORIENTED_EDGE('',*,*,#8780,.T.);
#8780 = EDGE_CURVE('',#8773,#8781,#8783,.T.);
#8781 = VERTEX_POINT('',#8782);
#8782 = CARTESIAN_POINT('',(-0.224353870272,5.372096926859,-14.05));
#8783 = B_SPLINE_CURVE_WITH_KNOTS('',2,(#8784,#8785,#8786),
  .UNSPECIFIED.,.F.,.F.,(3,3),(0.375,0.4375),.PIECEWISE_BEZIER_KNOTS.);
#8784 = CARTESIAN_POINT('',(-0.440085947039,5.437538536728,-14.05));
#8785 = CARTESIAN_POINT('',(-0.335442625641,5.394193855476,-14.05));
#8786 = CARTESIAN_POINT('',(-0.224353870272,5.372096926859,-14.05));
#8787 = ORIENTED_EDGE('',*,*,#8788,.T.);
#8788 = EDGE_CURVE('',#8781,#8789,#8791,.T.);
#8789 = VERTEX_POINT('',#8790);
#8790 = CARTESIAN_POINT('',(0.,5.35000000057,-14.05));
#8791 = B_SPLINE_CURVE_WITH_KNOTS('',2,(#8792,#8793,#8794),
  .UNSPECIFIED.,.F.,.F.,(3,3),(0.4375,0.5),.PIECEWISE_BEZIER_KNOTS.);
#8792 = CARTESIAN_POINT('',(-0.224353870272,5.372096926859,-14.05));
#8793 = CARTESIAN_POINT('',(-0.113265114904,5.35000000057,-14.05));
#8794 = CARTESIAN_POINT('',(0.,5.35000000057,-14.05));
#8795 = ORIENTED_EDGE('',*,*,#8796,.T.);
#8796 = EDGE_CURVE('',#8789,#8797,#8799,.T.);
#8797 = VERTEX_POINT('',#8798);
#8798 = CARTESIAN_POINT('',(0.224353870272,5.372096926859,-14.05));
#8799 = B_SPLINE_CURVE_WITH_KNOTS('',2,(#8800,#8801,#8802),
  .UNSPECIFIED.,.F.,.F.,(3,3),(0.5,0.5625),.PIECEWISE_BEZIER_KNOTS.);
#8800 = CARTESIAN_POINT('',(0.,5.35000000057,-14.05));
#8801 = CARTESIAN_POINT('',(0.113265114904,5.35000000057,-14.05));
#8802 = CARTESIAN_POINT('',(0.224353870272,5.372096926859,-14.05));
#8803 = ORIENTED_EDGE('',*,*,#8804,.T.);
#8804 = EDGE_CURVE('',#8797,#8805,#8807,.T.);
#8805 = VERTEX_POINT('',#8806);
#8806 = CARTESIAN_POINT('',(0.440085947039,5.437538536728,-14.05));
#8807 = B_SPLINE_CURVE_WITH_KNOTS('',2,(#8808,#8809,#8810),
  .UNSPECIFIED.,.F.,.F.,(3,3),(0.5625,0.625),.PIECEWISE_BEZIER_KNOTS.);
#8808 = CARTESIAN_POINT('',(0.224353870272,5.372096926859,-14.05));
#8809 = CARTESIAN_POINT('',(0.335442625641,5.394193855476,-14.05));
#8810 = CARTESIAN_POINT('',(0.440085947039,5.437538536728,-14.05));
#8811 = ORIENTED_EDGE('',*,*,#8812,.T.);
#8812 = EDGE_CURVE('',#8805,#8813,#8815,.T.);
#8813 = VERTEX_POINT('',#8814);
#8814 = CARTESIAN_POINT('',(0.638905768327,5.543809946826,-14.05));
#8815 = B_SPLINE_CURVE_WITH_KNOTS('',2,(#8816,#8817,#8818),
  .UNSPECIFIED.,.F.,.F.,(3,3),(0.625,0.6875),.PIECEWISE_BEZIER_KNOTS.);
#8816 = CARTESIAN_POINT('',(0.440085947039,5.437538536728,-14.05));
#8817 = CARTESIAN_POINT('',(0.544729268437,5.480883220308,-14.05));
#8818 = CARTESIAN_POINT('',(0.638905768327,5.543809946826,-14.05));
#8819 = ORIENTED_EDGE('',*,*,#8820,.T.);
#8820 = EDGE_CURVE('',#8813,#8821,#8823,.T.);
#8821 = VERTEX_POINT('',#8822);
#8822 = CARTESIAN_POINT('',(0.813172798601,5.686827201399,-14.05));
#8823 = B_SPLINE_CURVE_WITH_KNOTS('',2,(#8824,#8825,#8826),
  .UNSPECIFIED.,.F.,.F.,(3,3),(0.6875,0.75),.PIECEWISE_BEZIER_KNOTS.);
#8824 = CARTESIAN_POINT('',(0.638905768327,5.543809946826,-14.05));
#8825 = CARTESIAN_POINT('',(0.733082268217,5.606736671016,-14.05));
#8826 = CARTESIAN_POINT('',(0.813172798601,5.686827201399,-14.05));
#8827 = ORIENTED_EDGE('',*,*,#8828,.T.);
#8828 = EDGE_CURVE('',#8821,#8829,#8831,.T.);
#8829 = VERTEX_POINT('',#8830);
#8830 = CARTESIAN_POINT('',(0.956190053174,5.861094231673,-14.05));
#8831 = B_SPLINE_CURVE_WITH_KNOTS('',2,(#8832,#8833,#8834),
  .UNSPECIFIED.,.F.,.F.,(3,3),(0.75,0.8125),.PIECEWISE_BEZIER_KNOTS.);
#8832 = CARTESIAN_POINT('',(0.813172798601,5.686827201399,-14.05));
#8833 = CARTESIAN_POINT('',(0.893263328984,5.766917731783,-14.05));
#8834 = CARTESIAN_POINT('',(0.956190053174,5.861094231673,-14.05));
#8835 = ORIENTED_EDGE('',*,*,#8836,.T.);
#8836 = EDGE_CURVE('',#8829,#8837,#8839,.T.);
#8837 = VERTEX_POINT('',#8838);
#8838 = CARTESIAN_POINT('',(1.062461463272,6.059914052961,-14.05));
#8839 = B_SPLINE_CURVE_WITH_KNOTS('',2,(#8840,#8841,#8842),
  .UNSPECIFIED.,.F.,.F.,(3,3),(0.8125,0.875),.PIECEWISE_BEZIER_KNOTS.);
#8840 = CARTESIAN_POINT('',(0.956190053174,5.861094231673,-14.05));
#8841 = CARTESIAN_POINT('',(1.019116779692,5.955270731563,-14.05));
#8842 = CARTESIAN_POINT('',(1.062461463272,6.059914052961,-14.05));
#8843 = ORIENTED_EDGE('',*,*,#8844,.T.);
#8844 = EDGE_CURVE('',#8837,#8845,#8847,.T.);
#8845 = VERTEX_POINT('',#8846);
#8846 = CARTESIAN_POINT('',(1.127903073141,6.275646129728,-14.05));
#8847 = B_SPLINE_CURVE_WITH_KNOTS('',2,(#8848,#8849,#8850),
  .UNSPECIFIED.,.F.,.F.,(3,3),(0.875,0.9375),.PIECEWISE_BEZIER_KNOTS.);
#8848 = CARTESIAN_POINT('',(1.062461463272,6.059914052961,-14.05));
#8849 = CARTESIAN_POINT('',(1.105806144524,6.164557374359,-14.05));
#8850 = CARTESIAN_POINT('',(1.127903073141,6.275646129728,-14.05));
#8851 = ORIENTED_EDGE('',*,*,#8852,.T.);
#8852 = EDGE_CURVE('',#8845,#8603,#8853,.T.);
#8853 = B_SPLINE_CURVE_WITH_KNOTS('',2,(#8854,#8855,#8856),
  .UNSPECIFIED.,.F.,.F.,(3,3),(0.9375,1.),.PIECEWISE_BEZIER_KNOTS.);
#8854 = CARTESIAN_POINT('',(1.127903073141,6.275646129728,-14.05));
#8855 = CARTESIAN_POINT('',(1.14999999943,6.386734885096,-14.05));
#8856 = CARTESIAN_POINT('',(1.14999999943,6.5,-14.05));
#8857 = B_SPLINE_SURFACE_WITH_KNOTS('',1,1,(
    (#8858,#8859)
    ,(#8860,#8861
    )),.UNSPECIFIED.,.F.,.F.,.F.,(2,2),(2,2),(0.,1.),(0.,1.),
  .PIECEWISE_BEZIER_KNOTS.);
#8858 = CARTESIAN_POINT('',(-1.1638,5.3362,-14.05));
#8859 = CARTESIAN_POINT('',(-1.1638,7.6638,-14.05));
#8860 = CARTESIAN_POINT('',(1.1638,5.3362,-14.05));
#8861 = CARTESIAN_POINT('',(1.1638,7.6638,-14.05));
#8862 = SHELL_BASED_SURFACE_MODEL('',(#8863));
#8863 = OPEN_SHELL('',(#8864));
#8864 = ADVANCED_FACE('',(#8865),#8903,.T.);
#8865 = FACE_BOUND('',#8866,.T.);
#8866 = EDGE_LOOP('',(#8867,#8878,#8887,#8896));
#8867 = ORIENTED_EDGE('',*,*,#8868,.T.);
#8868 = EDGE_CURVE('',#8869,#8871,#8873,.T.);
#8869 = VERTEX_POINT('',#8870);
#8870 = CARTESIAN_POINT('',(-1.4,6.5,-13.8));
#8871 = VERTEX_POINT('',#8872);
#8872 = CARTESIAN_POINT('',(-1.15,6.5,-14.05));
#8873 = CIRCLE('',#8874,0.25);
#8874 = AXIS2_PLACEMENT_3D('',#8875,#8876,#8877);
#8875 = CARTESIAN_POINT('',(-1.15,6.5,-13.8));
#8876 = DIRECTION('',(-1.224646799147E-16,-1.,6.123233995737E-17));
#8877 = DIRECTION('',(-1.,1.224646799147E-16,-7.105427357601E-15));
#8878 = ORIENTED_EDGE('',*,*,#8879,.T.);
#8879 = EDGE_CURVE('',#8871,#8880,#8882,.T.);
#8880 = VERTEX_POINT('',#8881);
#8881 = CARTESIAN_POINT('',(1.15,6.5,-14.05));
#8882 = CIRCLE('',#8883,1.15);
#8883 = AXIS2_PLACEMENT_3D('',#8884,#8885,#8886);
#8884 = CARTESIAN_POINT('',(0.,6.5,-14.05));
#8885 = DIRECTION('',(0.,0.,1.));
#8886 = DIRECTION('',(1.,0.,-0.));
#8887 = ORIENTED_EDGE('',*,*,#8888,.T.);
#8888 = EDGE_CURVE('',#8880,#8889,#8891,.T.);
#8889 = VERTEX_POINT('',#8890);
#8890 = CARTESIAN_POINT('',(1.4,6.5,-13.8));
#8891 = CIRCLE('',#8892,0.25);
#8892 = AXIS2_PLACEMENT_3D('',#8893,#8894,#8895);
#8893 = CARTESIAN_POINT('',(1.15,6.5,-13.8));
#8894 = DIRECTION('',(0.,-1.,6.123233995737E-17));
#8895 = DIRECTION('',(1.402715769533E-14,-6.123233995737E-17,-1.));
#8896 = ORIENTED_EDGE('',*,*,#8897,.T.);
#8897 = EDGE_CURVE('',#8889,#8869,#8898,.T.);
#8898 = CIRCLE('',#8899,1.4);
#8899 = AXIS2_PLACEMENT_3D('',#8900,#8901,#8902);
#8900 = CARTESIAN_POINT('',(0.,6.5,-13.8));
#8901 = DIRECTION('',(0.,6.982962677686E-15,-1.));
#8902 = DIRECTION('',(1.,-7.105427357601E-15,-4.961693404714E-29));
#8903 = ( BOUNDED_SURFACE() B_SPLINE_SURFACE(3,3,(
    (#8904,#8905,#8906,#8907)
    ,(#8908,#8909,#8910,#8911)
    ,(#8912,#8913,#8914,#8915)
    ,(#8916,#8917,#8918,#8919
)),.UNSPECIFIED.,.F.,.F.,.F.) B_SPLINE_SURFACE_WITH_KNOTS((4,4),(4,4),(
    0.,1.),(0.,1.),.PIECEWISE_BEZIER_KNOTS.) 
GEOMETRIC_REPRESENTATION_ITEM() RATIONAL_B_SPLINE_SURFACE((
    (1.,0.333333333333,0.333333333333,1.)
    ,(0.755320871118,0.251773623706,0.251773623706,0.755320871118)
    ,(0.755320871118,0.251773623706,0.251773623706,0.755320871118)
,(1.,0.333333333333,0.333333333333,1.
))) REPRESENTATION_ITEM('') SURFACE() );
#8904 = CARTESIAN_POINT('',(-1.398751041,6.5,-13.775041646));
#8905 = CARTESIAN_POINT('',(-1.398751041,3.702497917,-13.775041646));
#8906 = CARTESIAN_POINT('',(1.398751041,3.702497917,-13.775041646));
#8907 = CARTESIAN_POINT('',(1.398751041,6.5,-13.775041646));
#8908 = CARTESIAN_POINT('',(-1.415805106,6.5,-13.945013441));
#8909 = CARTESIAN_POINT('',(-1.415805106,3.668389789,-13.945013441));
#8910 = CARTESIAN_POINT('',(1.415805106,3.668389789,-13.945013441));
#8911 = CARTESIAN_POINT('',(1.415805106,6.5,-13.945013441));
#8912 = CARTESIAN_POINT('',(-1.295013441,6.5,-14.065805106));
#8913 = CARTESIAN_POINT('',(-1.295013441,3.909973117,-14.065805106));
#8914 = CARTESIAN_POINT('',(1.295013441,3.909973117,-14.065805106));
#8915 = CARTESIAN_POINT('',(1.295013441,6.5,-14.065805106));
#8916 = CARTESIAN_POINT('',(-1.125041646,6.5,-14.048751041));
#8917 = CARTESIAN_POINT('',(-1.125041646,4.249916708,-14.048751041));
#8918 = CARTESIAN_POINT('',(1.125041646,4.249916708,-14.048751041));
#8919 = CARTESIAN_POINT('',(1.125041646,6.5,-14.048751041));
#8920 = SHELL_BASED_SURFACE_MODEL('',(#8921));
#8921 = OPEN_SHELL('',(#8922));
#8922 = ADVANCED_FACE('',(#8923),#8959,.T.);
#8923 = FACE_BOUND('',#8924,.T.);
#8924 = EDGE_LOOP('',(#8925,#8935,#8944,#8952));
#8925 = ORIENTED_EDGE('',*,*,#8926,.F.);
#8926 = EDGE_CURVE('',#8927,#8929,#8931,.T.);
#8927 = VERTEX_POINT('',#8928);
#8928 = CARTESIAN_POINT('',(4.5,1.35,-5.75));
#8929 = VERTEX_POINT('',#8930);
#8930 = CARTESIAN_POINT('',(4.49999999998,1.35,-4.25));
#8931 = LINE('',#8932,#8933);
#8932 = CARTESIAN_POINT('',(4.5,1.35,-5.75));
#8933 = VECTOR('',#8934,1.);
#8934 = DIRECTION('',(0.,0.,1.));
#8935 = ORIENTED_EDGE('',*,*,#8936,.F.);
#8936 = EDGE_CURVE('',#8937,#8927,#8939,.T.);
#8937 = VERTEX_POINT('',#8938);
#8938 = CARTESIAN_POINT('',(4.9,0.95,-5.75));
#8939 = CIRCLE('',#8940,0.4);
#8940 = AXIS2_PLACEMENT_3D('',#8941,#8942,#8943);
#8941 = CARTESIAN_POINT('',(4.5,0.95,-5.75));
#8942 = DIRECTION('',(0.,0.,1.));
#8943 = DIRECTION('',(1.,0.,-0.));
#8944 = ORIENTED_EDGE('',*,*,#8945,.F.);
#8945 = EDGE_CURVE('',#8946,#8937,#8948,.T.);
#8946 = VERTEX_POINT('',#8947);
#8947 = CARTESIAN_POINT('',(4.9,0.95000000002,-4.25));
#8948 = LINE('',#8949,#8950);
#8949 = CARTESIAN_POINT('',(4.9,0.95,-4.25));
#8950 = VECTOR('',#8951,1.);
#8951 = DIRECTION('',(0.,0.,-1.));
#8952 = ORIENTED_EDGE('',*,*,#8953,.F.);
#8953 = EDGE_CURVE('',#8929,#8946,#8954,.T.);
#8954 = CIRCLE('',#8955,0.4);
#8955 = AXIS2_PLACEMENT_3D('',#8956,#8957,#8958);
#8956 = CARTESIAN_POINT('',(4.5,0.95,-4.25));
#8957 = DIRECTION('',(0.,-6.982962677686E-15,-1.));
#8958 = DIRECTION('',(1.490117522101E-08,1.,-6.982962677686E-15));
#8959 = SURFACE_OF_REVOLUTION('',#8960,#8964);
#8960 = LINE('',#8961,#8962);
#8961 = CARTESIAN_POINT('',(4.9,0.95,-5.75));
#8962 = VECTOR('',#8963,1.);
#8963 = DIRECTION('',(0.,0.,1.));
#8964 = AXIS1_PLACEMENT('',#8965,#8966);
#8965 = CARTESIAN_POINT('',(4.5,0.95,-5.75));
#8966 = DIRECTION('',(0.,0.,-1.));
#8967 = SHELL_BASED_SURFACE_MODEL('',(#8968));
#8968 = OPEN_SHELL('',(#8969));
#8969 = ADVANCED_FACE('',(#8970),#9004,.T.);
#8970 = FACE_BOUND('',#8971,.T.);
#8971 = EDGE_LOOP('',(#8972,#8982,#8990,#8998));
#8972 = ORIENTED_EDGE('',*,*,#8973,.T.);
#8973 = EDGE_CURVE('',#8974,#8976,#8978,.T.);
#8974 = VERTEX_POINT('',#8975);
#8975 = CARTESIAN_POINT('',(4.9,0.95,-4.25));
#8976 = VERTEX_POINT('',#8977);
#8977 = CARTESIAN_POINT('',(4.9,0.25,-4.25));
#8978 = LINE('',#8979,#8980);
#8979 = CARTESIAN_POINT('',(4.9,0.95,-4.25));
#8980 = VECTOR('',#8981,1.);
#8981 = DIRECTION('',(0.,-1.,0.));
#8982 = ORIENTED_EDGE('',*,*,#8983,.T.);
#8983 = EDGE_CURVE('',#8976,#8984,#8986,.T.);
#8984 = VERTEX_POINT('',#8985);
#8985 = CARTESIAN_POINT('',(4.9,0.25,-5.75));
#8986 = LINE('',#8987,#8988);
#8987 = CARTESIAN_POINT('',(4.9,0.25,-4.25));
#8988 = VECTOR('',#8989,1.);
#8989 = DIRECTION('',(0.,0.,-1.));
#8990 = ORIENTED_EDGE('',*,*,#8991,.T.);
#8991 = EDGE_CURVE('',#8984,#8992,#8994,.T.);
#8992 = VERTEX_POINT('',#8993);
#8993 = CARTESIAN_POINT('',(4.9,0.95,-5.75));
#8994 = LINE('',#8995,#8996);
#8995 = CARTESIAN_POINT('',(4.9,0.25,-5.75));
#8996 = VECTOR('',#8997,1.);
#8997 = DIRECTION('',(0.,1.,0.));
#8998 = ORIENTED_EDGE('',*,*,#8999,.T.);
#8999 = EDGE_CURVE('',#8992,#8974,#9000,.T.);
#9000 = LINE('',#9001,#9002);
#9001 = CARTESIAN_POINT('',(4.9,0.95,-5.75));
#9002 = VECTOR('',#9003,1.);
#9003 = DIRECTION('',(0.,0.,1.));
#9004 = B_SPLINE_SURFACE_WITH_KNOTS('',1,1,(
    (#9005,#9006)
    ,(#9007,#9008
    )),.UNSPECIFIED.,.F.,.F.,.F.,(2,2),(2,2),(0.,1.),(0.,1.),
  .PIECEWISE_BEZIER_KNOTS.);
#9005 = CARTESIAN_POINT('',(4.9,0.25,-5.75));
#9006 = CARTESIAN_POINT('',(4.9,0.25,-4.25));
#9007 = CARTESIAN_POINT('',(4.9,0.95,-5.75));
#9008 = CARTESIAN_POINT('',(4.9,0.95,-4.25));
#9009 = SHELL_BASED_SURFACE_MODEL('',(#9010));
#9010 = OPEN_SHELL('',(#9011));
#9011 = ADVANCED_FACE('',(#9012),#9048,.T.);
#9012 = FACE_BOUND('',#9013,.T.);
#9013 = EDGE_LOOP('',(#9014,#9025,#9033,#9042));
#9014 = ORIENTED_EDGE('',*,*,#9015,.F.);
#9015 = EDGE_CURVE('',#9016,#9018,#9020,.T.);
#9016 = VERTEX_POINT('',#9017);
#9017 = CARTESIAN_POINT('',(5.,0.15,-4.25));
#9018 = VERTEX_POINT('',#9019);
#9019 = CARTESIAN_POINT('',(4.9,0.25,-4.25));
#9020 = CIRCLE('',#9021,1.E-01);
#9021 = AXIS2_PLACEMENT_3D('',#9022,#9023,#9024);
#9022 = CARTESIAN_POINT('',(5.,0.25,-4.25));
#9023 = DIRECTION('',(-3.785471652766E-30,6.982962677686E-15,-1.));
#9024 = DIRECTION('',(-5.959992845158E-15,-1.,-6.982962677686E-15));
#9025 = ORIENTED_EDGE('',*,*,#9026,.F.);
#9026 = EDGE_CURVE('',#9027,#9016,#9029,.T.);
#9027 = VERTEX_POINT('',#9028);
#9028 = CARTESIAN_POINT('',(5.,0.15,-5.75));
#9029 = LINE('',#9030,#9031);
#9030 = CARTESIAN_POINT('',(5.,0.15,-5.75));
#9031 = VECTOR('',#9032,1.);
#9032 = DIRECTION('',(0.,0.,1.));
#9033 = ORIENTED_EDGE('',*,*,#9034,.F.);
#9034 = EDGE_CURVE('',#9035,#9027,#9037,.T.);
#9035 = VERTEX_POINT('',#9036);
#9036 = CARTESIAN_POINT('',(4.9,0.25,-5.75));
#9037 = CIRCLE('',#9038,1.E-01);
#9038 = AXIS2_PLACEMENT_3D('',#9039,#9040,#9041);
#9039 = CARTESIAN_POINT('',(5.,0.25,-5.75));
#9040 = DIRECTION('',(0.,0.,1.));
#9041 = DIRECTION('',(1.,0.,-0.));
#9042 = ORIENTED_EDGE('',*,*,#9043,.F.);
#9043 = EDGE_CURVE('',#9018,#9035,#9044,.T.);
#9044 = LINE('',#9045,#9046);
#9045 = CARTESIAN_POINT('',(4.9,0.25,-4.25));
#9046 = VECTOR('',#9047,1.);
#9047 = DIRECTION('',(0.,0.,-1.));
#9048 = SURFACE_OF_REVOLUTION('',#9049,#9053);
#9049 = LINE('',#9050,#9051);
#9050 = CARTESIAN_POINT('',(5.1,0.25,-5.75));
#9051 = VECTOR('',#9052,1.);
#9052 = DIRECTION('',(0.,0.,1.));
#9053 = AXIS1_PLACEMENT('',#9054,#9055);
#9054 = CARTESIAN_POINT('',(5.,0.25,-5.75));
#9055 = DIRECTION('',(0.,0.,-1.));
#9056 = SHELL_BASED_SURFACE_MODEL('',(#9057));
#9057 = OPEN_SHELL('',(#9058));
#9058 = ADVANCED_FACE('',(#9059),#9093,.T.);
#9059 = FACE_BOUND('',#9060,.T.);
#9060 = EDGE_LOOP('',(#9061,#9071,#9079,#9087));
#9061 = ORIENTED_EDGE('',*,*,#9062,.T.);
#9062 = EDGE_CURVE('',#9063,#9065,#9067,.T.);
#9063 = VERTEX_POINT('',#9064);
#9064 = CARTESIAN_POINT('',(5.,0.15,-4.25));
#9065 = VERTEX_POINT('',#9066);
#9066 = CARTESIAN_POINT('',(6.3,0.15,-4.25));
#9067 = LINE('',#9068,#9069);
#9068 = CARTESIAN_POINT('',(5.,0.15,-4.25));
#9069 = VECTOR('',#9070,1.);
#9070 = DIRECTION('',(1.,0.,0.));
#9071 = ORIENTED_EDGE('',*,*,#9072,.T.);
#9072 = EDGE_CURVE('',#9065,#9073,#9075,.T.);
#9073 = VERTEX_POINT('',#9074);
#9074 = CARTESIAN_POINT('',(6.3,0.15,-5.75));
#9075 = LINE('',#9076,#9077);
#9076 = CARTESIAN_POINT('',(6.3,0.15,-4.25));
#9077 = VECTOR('',#9078,1.);
#9078 = DIRECTION('',(0.,0.,-1.));
#9079 = ORIENTED_EDGE('',*,*,#9080,.T.);
#9080 = EDGE_CURVE('',#9073,#9081,#9083,.T.);
#9081 = VERTEX_POINT('',#9082);
#9082 = CARTESIAN_POINT('',(5.,0.15,-5.75));
#9083 = LINE('',#9084,#9085);
#9084 = CARTESIAN_POINT('',(6.3,0.15,-5.75));
#9085 = VECTOR('',#9086,1.);
#9086 = DIRECTION('',(-1.,0.,0.));
#9087 = ORIENTED_EDGE('',*,*,#9088,.T.);
#9088 = EDGE_CURVE('',#9081,#9063,#9089,.T.);
#9089 = LINE('',#9090,#9091);
#9090 = CARTESIAN_POINT('',(5.,0.15,-5.75));
#9091 = VECTOR('',#9092,1.);
#9092 = DIRECTION('',(0.,0.,1.));
#9093 = B_SPLINE_SURFACE_WITH_KNOTS('',1,1,(
    (#9094,#9095)
    ,(#9096,#9097
    )),.UNSPECIFIED.,.F.,.F.,.F.,(2,2),(2,2),(0.,1.),(0.,1.),
  .PIECEWISE_BEZIER_KNOTS.);
#9094 = CARTESIAN_POINT('',(6.3,0.15,-5.75));
#9095 = CARTESIAN_POINT('',(6.3,0.15,-4.25));
#9096 = CARTESIAN_POINT('',(5.,0.15,-5.75));
#9097 = CARTESIAN_POINT('',(5.,0.15,-4.25));
#9098 = SHELL_BASED_SURFACE_MODEL('',(#9099));
#9099 = OPEN_SHELL('',(#9100));
#9100 = ADVANCED_FACE('',(#9101),#9135,.T.);
#9101 = FACE_BOUND('',#9102,.T.);
#9102 = EDGE_LOOP('',(#9103,#9113,#9121,#9129));
#9103 = ORIENTED_EDGE('',*,*,#9104,.T.);
#9104 = EDGE_CURVE('',#9105,#9107,#9109,.T.);
#9105 = VERTEX_POINT('',#9106);
#9106 = CARTESIAN_POINT('',(6.3,0.15,-4.25));
#9107 = VERTEX_POINT('',#9108);
#9108 = CARTESIAN_POINT('',(6.3,-0.15,-4.25));
#9109 = LINE('',#9110,#9111);
#9110 = CARTESIAN_POINT('',(6.3,0.15,-4.25));
#9111 = VECTOR('',#9112,1.);
#9112 = DIRECTION('',(0.,-1.,0.));
#9113 = ORIENTED_EDGE('',*,*,#9114,.T.);
#9114 = EDGE_CURVE('',#9107,#9115,#9117,.T.);
#9115 = VERTEX_POINT('',#9116);
#9116 = CARTESIAN_POINT('',(6.3,-0.15,-5.75));
#9117 = LINE('',#9118,#9119);
#9118 = CARTESIAN_POINT('',(6.3,-0.15,-4.25));
#9119 = VECTOR('',#9120,1.);
#9120 = DIRECTION('',(0.,0.,-1.));
#9121 = ORIENTED_EDGE('',*,*,#9122,.T.);
#9122 = EDGE_CURVE('',#9115,#9123,#9125,.T.);
#9123 = VERTEX_POINT('',#9124);
#9124 = CARTESIAN_POINT('',(6.3,0.15,-5.75));
#9125 = LINE('',#9126,#9127);
#9126 = CARTESIAN_POINT('',(6.3,-0.15,-5.75));
#9127 = VECTOR('',#9128,1.);
#9128 = DIRECTION('',(0.,1.,0.));
#9129 = ORIENTED_EDGE('',*,*,#9130,.T.);
#9130 = EDGE_CURVE('',#9123,#9105,#9131,.T.);
#9131 = LINE('',#9132,#9133);
#9132 = CARTESIAN_POINT('',(6.3,0.15,-5.75));
#9133 = VECTOR('',#9134,1.);
#9134 = DIRECTION('',(0.,0.,1.));
#9135 = B_SPLINE_SURFACE_WITH_KNOTS('',1,1,(
    (#9136,#9137)
    ,(#9138,#9139
    )),.UNSPECIFIED.,.F.,.F.,.F.,(2,2),(2,2),(0.,1.),(0.,1.),
  .PIECEWISE_BEZIER_KNOTS.);
#9136 = CARTESIAN_POINT('',(6.3,-0.15,-4.25));
#9137 = CARTESIAN_POINT('',(6.3,0.15,-4.25));
#9138 = CARTESIAN_POINT('',(6.3,-0.15,-5.75));
#9139 = CARTESIAN_POINT('',(6.3,0.15,-5.75));
#9140 = SHELL_BASED_SURFACE_MODEL('',(#9141));
#9141 = OPEN_SHELL('',(#9142));
#9142 = ADVANCED_FACE('',(#9143),#9177,.T.);
#9143 = FACE_BOUND('',#9144,.T.);
#9144 = EDGE_LOOP('',(#9145,#9155,#9163,#9171));
#9145 = ORIENTED_EDGE('',*,*,#9146,.T.);
#9146 = EDGE_CURVE('',#9147,#9149,#9151,.T.);
#9147 = VERTEX_POINT('',#9148);
#9148 = CARTESIAN_POINT('',(6.3,-0.15,-4.25));
#9149 = VERTEX_POINT('',#9150);
#9150 = CARTESIAN_POINT('',(5.,-0.15,-4.25));
#9151 = LINE('',#9152,#9153);
#9152 = CARTESIAN_POINT('',(6.3,-0.15,-4.25));
#9153 = VECTOR('',#9154,1.);
#9154 = DIRECTION('',(-1.,0.,0.));
#9155 = ORIENTED_EDGE('',*,*,#9156,.T.);
#9156 = EDGE_CURVE('',#9149,#9157,#9159,.T.);
#9157 = VERTEX_POINT('',#9158);
#9158 = CARTESIAN_POINT('',(5.,-0.15,-5.75));
#9159 = LINE('',#9160,#9161);
#9160 = CARTESIAN_POINT('',(5.,-0.15,-4.25));
#9161 = VECTOR('',#9162,1.);
#9162 = DIRECTION('',(0.,0.,-1.));
#9163 = ORIENTED_EDGE('',*,*,#9164,.T.);
#9164 = EDGE_CURVE('',#9157,#9165,#9167,.T.);
#9165 = VERTEX_POINT('',#9166);
#9166 = CARTESIAN_POINT('',(6.3,-0.15,-5.75));
#9167 = LINE('',#9168,#9169);
#9168 = CARTESIAN_POINT('',(5.,-0.15,-5.75));
#9169 = VECTOR('',#9170,1.);
#9170 = DIRECTION('',(1.,0.,0.));
#9171 = ORIENTED_EDGE('',*,*,#9172,.T.);
#9172 = EDGE_CURVE('',#9165,#9147,#9173,.T.);
#9173 = LINE('',#9174,#9175);
#9174 = CARTESIAN_POINT('',(6.3,-0.15,-5.75));
#9175 = VECTOR('',#9176,1.);
#9176 = DIRECTION('',(0.,0.,1.));
#9177 = B_SPLINE_SURFACE_WITH_KNOTS('',1,1,(
    (#9178,#9179)
    ,(#9180,#9181
    )),.UNSPECIFIED.,.F.,.F.,.F.,(2,2),(2,2),(0.,1.),(0.,1.),
  .PIECEWISE_BEZIER_KNOTS.);
#9178 = CARTESIAN_POINT('',(5.,-0.15,-5.75));
#9179 = CARTESIAN_POINT('',(5.,-0.15,-4.25));
#9180 = CARTESIAN_POINT('',(6.3,-0.15,-5.75));
#9181 = CARTESIAN_POINT('',(6.3,-0.15,-4.25));
#9182 = SHELL_BASED_SURFACE_MODEL('',(#9183));
#9183 = OPEN_SHELL('',(#9184));
#9184 = ADVANCED_FACE('',(#9185),#9221,.T.);
#9185 = FACE_BOUND('',#9186,.T.);
#9186 = EDGE_LOOP('',(#9187,#9197,#9206,#9214));
#9187 = ORIENTED_EDGE('',*,*,#9188,.F.);
#9188 = EDGE_CURVE('',#9189,#9191,#9193,.T.);
#9189 = VERTEX_POINT('',#9190);
#9190 = CARTESIAN_POINT('',(5.,-0.15,-5.75));
#9191 = VERTEX_POINT('',#9192);
#9192 = CARTESIAN_POINT('',(5.,-0.15,-4.25));
#9193 = LINE('',#9194,#9195);
#9194 = CARTESIAN_POINT('',(5.,-0.15,-5.75));
#9195 = VECTOR('',#9196,1.);
#9196 = DIRECTION('',(0.,0.,1.));
#9197 = ORIENTED_EDGE('',*,*,#9198,.F.);
#9198 = EDGE_CURVE('',#9199,#9189,#9201,.T.);
#9199 = VERTEX_POINT('',#9200);
#9200 = CARTESIAN_POINT('',(4.6,0.25,-5.75));
#9201 = CIRCLE('',#9202,0.4);
#9202 = AXIS2_PLACEMENT_3D('',#9203,#9204,#9205);
#9203 = CARTESIAN_POINT('',(5.,0.25,-5.75));
#9204 = DIRECTION('',(0.,0.,1.));
#9205 = DIRECTION('',(1.,0.,-0.));
#9206 = ORIENTED_EDGE('',*,*,#9207,.F.);
#9207 = EDGE_CURVE('',#9208,#9199,#9210,.T.);
#9208 = VERTEX_POINT('',#9209);
#9209 = CARTESIAN_POINT('',(4.6,0.25,-4.25));
#9210 = LINE('',#9211,#9212);
#9211 = CARTESIAN_POINT('',(4.6,0.25,-4.25));
#9212 = VECTOR('',#9213,1.);
#9213 = DIRECTION('',(0.,0.,-1.));
#9214 = ORIENTED_EDGE('',*,*,#9215,.F.);
#9215 = EDGE_CURVE('',#9191,#9208,#9216,.T.);
#9216 = CIRCLE('',#9217,0.4);
#9217 = AXIS2_PLACEMENT_3D('',#9218,#9219,#9220);
#9218 = CARTESIAN_POINT('',(5.,0.25,-4.25));
#9219 = DIRECTION('',(0.,6.982962677686E-15,-1.));
#9220 = DIRECTION('',(-7.044195017644E-15,-1.,-6.982962677686E-15));
#9221 = SURFACE_OF_REVOLUTION('',#9222,#9226);
#9222 = LINE('',#9223,#9224);
#9223 = CARTESIAN_POINT('',(5.4,0.25,-5.75));
#9224 = VECTOR('',#9225,1.);
#9225 = DIRECTION('',(0.,0.,1.));
#9226 = AXIS1_PLACEMENT('',#9227,#9228);
#9227 = CARTESIAN_POINT('',(5.,0.25,-5.75));
#9228 = DIRECTION('',(0.,0.,-1.));
#9229 = SHELL_BASED_SURFACE_MODEL('',(#9230));
#9230 = OPEN_SHELL('',(#9231));
#9231 = ADVANCED_FACE('',(#9232),#9266,.T.);
#9232 = FACE_BOUND('',#9233,.T.);
#9233 = EDGE_LOOP('',(#9234,#9244,#9252,#9260));
#9234 = ORIENTED_EDGE('',*,*,#9235,.T.);
#9235 = EDGE_CURVE('',#9236,#9238,#9240,.T.);
#9236 = VERTEX_POINT('',#9237);
#9237 = CARTESIAN_POINT('',(4.6,0.25,-4.25));
#9238 = VERTEX_POINT('',#9239);
#9239 = CARTESIAN_POINT('',(4.6,0.95,-4.25));
#9240 = LINE('',#9241,#9242);
#9241 = CARTESIAN_POINT('',(4.6,0.25,-4.25));
#9242 = VECTOR('',#9243,1.);
#9243 = DIRECTION('',(0.,1.,0.));
#9244 = ORIENTED_EDGE('',*,*,#9245,.T.);
#9245 = EDGE_CURVE('',#9238,#9246,#9248,.T.);
#9246 = VERTEX_POINT('',#9247);
#9247 = CARTESIAN_POINT('',(4.6,0.95,-5.75));
#9248 = LINE('',#9249,#9250);
#9249 = CARTESIAN_POINT('',(4.6,0.95,-4.25));
#9250 = VECTOR('',#9251,1.);
#9251 = DIRECTION('',(0.,0.,-1.));
#9252 = ORIENTED_EDGE('',*,*,#9253,.T.);
#9253 = EDGE_CURVE('',#9246,#9254,#9256,.T.);
#9254 = VERTEX_POINT('',#9255);
#9255 = CARTESIAN_POINT('',(4.6,0.25,-5.75));
#9256 = LINE('',#9257,#9258);
#9257 = CARTESIAN_POINT('',(4.6,0.95,-5.75));
#9258 = VECTOR('',#9259,1.);
#9259 = DIRECTION('',(0.,-1.,0.));
#9260 = ORIENTED_EDGE('',*,*,#9261,.T.);
#9261 = EDGE_CURVE('',#9254,#9236,#9262,.T.);
#9262 = LINE('',#9263,#9264);
#9263 = CARTESIAN_POINT('',(4.6,0.25,-5.75));
#9264 = VECTOR('',#9265,1.);
#9265 = DIRECTION('',(0.,0.,1.));
#9266 = B_SPLINE_SURFACE_WITH_KNOTS('',1,1,(
    (#9267,#9268)
    ,(#9269,#9270
    )),.UNSPECIFIED.,.F.,.F.,.F.,(2,2),(2,2),(0.,1.),(0.,1.),
  .PIECEWISE_BEZIER_KNOTS.);
#9267 = CARTESIAN_POINT('',(4.6,0.95,-5.75));
#9268 = CARTESIAN_POINT('',(4.6,0.95,-4.25));
#9269 = CARTESIAN_POINT('',(4.6,0.25,-5.75));
#9270 = CARTESIAN_POINT('',(4.6,0.25,-4.25));
#9271 = SHELL_BASED_SURFACE_MODEL('',(#9272));
#9272 = OPEN_SHELL('',(#9273));
#9273 = ADVANCED_FACE('',(#9274),#9310,.T.);
#9274 = FACE_BOUND('',#9275,.T.);
#9275 = EDGE_LOOP('',(#9276,#9287,#9295,#9304));
#9276 = ORIENTED_EDGE('',*,*,#9277,.F.);
#9277 = EDGE_CURVE('',#9278,#9280,#9282,.T.);
#9278 = VERTEX_POINT('',#9279);
#9279 = CARTESIAN_POINT('',(4.5,1.05,-4.25));
#9280 = VERTEX_POINT('',#9281);
#9281 = CARTESIAN_POINT('',(4.6,0.95,-4.25));
#9282 = CIRCLE('',#9283,1.E-01);
#9283 = AXIS2_PLACEMENT_3D('',#9284,#9285,#9286);
#9284 = CARTESIAN_POINT('',(4.5,0.95,-4.25));
#9285 = DIRECTION('',(0.,-6.982962677686E-15,-1.));
#9286 = DIRECTION('',(6.123233995737E-17,1.,-6.982962677686E-15));
#9287 = ORIENTED_EDGE('',*,*,#9288,.F.);
#9288 = EDGE_CURVE('',#9289,#9278,#9291,.T.);
#9289 = VERTEX_POINT('',#9290);
#9290 = CARTESIAN_POINT('',(4.5,1.05,-5.75));
#9291 = LINE('',#9292,#9293);
#9292 = CARTESIAN_POINT('',(4.5,1.05,-5.75));
#9293 = VECTOR('',#9294,1.);
#9294 = DIRECTION('',(0.,0.,1.));
#9295 = ORIENTED_EDGE('',*,*,#9296,.F.);
#9296 = EDGE_CURVE('',#9297,#9289,#9299,.T.);
#9297 = VERTEX_POINT('',#9298);
#9298 = CARTESIAN_POINT('',(4.6,0.95,-5.75));
#9299 = CIRCLE('',#9300,1.E-01);
#9300 = AXIS2_PLACEMENT_3D('',#9301,#9302,#9303);
#9301 = CARTESIAN_POINT('',(4.5,0.95,-5.75));
#9302 = DIRECTION('',(0.,0.,1.));
#9303 = DIRECTION('',(1.,0.,-0.));
#9304 = ORIENTED_EDGE('',*,*,#9305,.F.);
#9305 = EDGE_CURVE('',#9280,#9297,#9306,.T.);
#9306 = LINE('',#9307,#9308);
#9307 = CARTESIAN_POINT('',(4.6,0.95,-4.25));
#9308 = VECTOR('',#9309,1.);
#9309 = DIRECTION('',(0.,0.,-1.));
#9310 = SURFACE_OF_REVOLUTION('',#9311,#9315);
#9311 = LINE('',#9312,#9313);
#9312 = CARTESIAN_POINT('',(4.6,0.95,-5.75));
#9313 = VECTOR('',#9314,1.);
#9314 = DIRECTION('',(0.,0.,1.));
#9315 = AXIS1_PLACEMENT('',#9316,#9317);
#9316 = CARTESIAN_POINT('',(4.5,0.95,-5.75));
#9317 = DIRECTION('',(0.,0.,-1.));
#9318 = SHELL_BASED_SURFACE_MODEL('',(#9319));
#9319 = OPEN_SHELL('',(#9320));
#9320 = ADVANCED_FACE('',(#9321),#9499,.T.);
#9321 = FACE_BOUND('',#9322,.T.);
#9322 = EDGE_LOOP('',(#9323,#9333,#9341,#9349,#9357,#9365,#9373,#9381,
    #9389,#9397,#9405,#9413,#9421,#9429,#9437,#9445,#9453,#9461,#9469,
    #9477,#9485,#9493));
#9323 = ORIENTED_EDGE('',*,*,#9324,.T.);
#9324 = EDGE_CURVE('',#9325,#9327,#9329,.T.);
#9325 = VERTEX_POINT('',#9326);
#9326 = CARTESIAN_POINT('',(4.5,1.349999999782,-5.75));
#9327 = VERTEX_POINT('',#9328);
#9328 = CARTESIAN_POINT('',(4.6530733734,1.31955181254,-5.75));
#9329 = B_SPLINE_CURVE_WITH_KNOTS('',2,(#9330,#9331,#9332),
  .UNSPECIFIED.,.F.,.F.,(3,3),(0.,0.25),.PIECEWISE_BEZIER_KNOTS.);
#9330 = CARTESIAN_POINT('',(4.5,1.349999999565,-5.75));
#9331 = CARTESIAN_POINT('',(4.5795649464,1.349999999565,-5.75));
#9332 = CARTESIAN_POINT('',(4.6530733734,1.31955181254,-5.75));
#9333 = ORIENTED_EDGE('',*,*,#9334,.T.);
#9334 = EDGE_CURVE('',#9327,#9335,#9337,.T.);
#9335 = VERTEX_POINT('',#9336);
#9336 = CARTESIAN_POINT('',(4.782842712,1.232842712349,-5.75));
#9337 = B_SPLINE_CURVE_WITH_KNOTS('',2,(#9338,#9339,#9340),
  .UNSPECIFIED.,.F.,.F.,(3,3),(0.25,0.5),.PIECEWISE_BEZIER_KNOTS.);
#9338 = CARTESIAN_POINT('',(4.6530733734,1.31955181254,-5.75));
#9339 = CARTESIAN_POINT('',(4.7265817986,1.289103625515,-5.75));
#9340 = CARTESIAN_POINT('',(4.782842712,1.232842712349,-5.75));
#9341 = ORIENTED_EDGE('',*,*,#9342,.T.);
#9342 = EDGE_CURVE('',#9335,#9343,#9345,.T.);
#9343 = VERTEX_POINT('',#9344);
#9344 = CARTESIAN_POINT('',(4.8695518134,1.10307337365,-5.75));
#9345 = B_SPLINE_CURVE_WITH_KNOTS('',2,(#9346,#9347,#9348),
  .UNSPECIFIED.,.F.,.F.,(3,3),(0.5,0.75),.PIECEWISE_BEZIER_KNOTS.);
#9346 = CARTESIAN_POINT('',(4.782842712,1.232842712349,-5.75));
#9347 = CARTESIAN_POINT('',(4.8391036254,1.176581799183,-5.75));
#9348 = CARTESIAN_POINT('',(4.8695518134,1.10307337365,-5.75));
#9349 = ORIENTED_EDGE('',*,*,#9350,.T.);
#9350 = EDGE_CURVE('',#9343,#9351,#9353,.T.);
#9351 = VERTEX_POINT('',#9352);
#9352 = CARTESIAN_POINT('',(4.8999999998,0.950000000092,-5.75));
#9353 = B_SPLINE_CURVE_WITH_KNOTS('',2,(#9354,#9355,#9356),
  .UNSPECIFIED.,.F.,.F.,(3,3),(0.75,1.),.PIECEWISE_BEZIER_KNOTS.);
#9354 = CARTESIAN_POINT('',(4.8695518134,1.10307337365,-5.75));
#9355 = CARTESIAN_POINT('',(4.8999999996,1.029564946608,-5.75));
#9356 = CARTESIAN_POINT('',(4.8999999996,0.950000000184,-5.75));
#9357 = ORIENTED_EDGE('',*,*,#9358,.T.);
#9358 = EDGE_CURVE('',#9351,#9359,#9361,.T.);
#9359 = VERTEX_POINT('',#9360);
#9360 = CARTESIAN_POINT('',(4.8999999998,0.249999999691,-5.75));
#9361 = LINE('',#9362,#9363);
#9362 = CARTESIAN_POINT('',(4.9,0.95,-5.75));
#9363 = VECTOR('',#9364,1.);
#9364 = DIRECTION('',(0.,-1.,0.));
#9365 = ORIENTED_EDGE('',*,*,#9366,.T.);
#9366 = EDGE_CURVE('',#9359,#9367,#9369,.T.);
#9367 = VERTEX_POINT('',#9368);
#9368 = CARTESIAN_POINT('',(4.9076120466,0.211731656769,-5.75));
#9369 = B_SPLINE_CURVE_WITH_KNOTS('',2,(#9370,#9371,#9372),
  .UNSPECIFIED.,.F.,.F.,(3,3),(0.,0.25),.PIECEWISE_BEZIER_KNOTS.);
#9370 = CARTESIAN_POINT('',(4.8999999996,0.249999999381,-5.75));
#9371 = CARTESIAN_POINT('',(4.8999999996,0.230108762775,-5.75));
#9372 = CARTESIAN_POINT('',(4.9076120466,0.211731656769,-5.75));
#9373 = ORIENTED_EDGE('',*,*,#9374,.T.);
#9374 = EDGE_CURVE('',#9367,#9375,#9377,.T.);
#9375 = VERTEX_POINT('',#9376);
#9376 = CARTESIAN_POINT('',(4.9292893224,0.179289321717,-5.75));
#9377 = B_SPLINE_CURVE_WITH_KNOTS('',2,(#9378,#9379,#9380),
  .UNSPECIFIED.,.F.,.F.,(3,3),(0.25,0.5),.PIECEWISE_BEZIER_KNOTS.);
#9378 = CARTESIAN_POINT('',(4.9076120466,0.211731656769,-5.75));
#9379 = CARTESIAN_POINT('',(4.9152240936,0.193354550763,-5.75));
#9380 = CARTESIAN_POINT('',(4.9292893224,0.179289321717,-5.75));
#9381 = ORIENTED_EDGE('',*,*,#9382,.T.);
#9382 = EDGE_CURVE('',#9375,#9383,#9385,.T.);
#9383 = VERTEX_POINT('',#9384);
#9384 = CARTESIAN_POINT('',(4.9617316566,0.157612046292,-5.75));
#9385 = B_SPLINE_CURVE_WITH_KNOTS('',2,(#9386,#9387,#9388),
  .UNSPECIFIED.,.F.,.F.,(3,3),(0.5,0.75),.PIECEWISE_BEZIER_KNOTS.);
#9386 = CARTESIAN_POINT('',(4.9292893224,0.179289321717,-5.75));
#9387 = CARTESIAN_POINT('',(4.9433545494,0.16522409418,-5.75));
#9388 = CARTESIAN_POINT('',(4.9617316566,0.157612046292,-5.75));
#9389 = ORIENTED_EDGE('',*,*,#9390,.T.);
#9390 = EDGE_CURVE('',#9383,#9391,#9393,.T.);
#9391 = VERTEX_POINT('',#9392);
#9392 = CARTESIAN_POINT('',(5.0000000002,0.149999999957,-5.75));
#9393 = B_SPLINE_CURVE_WITH_KNOTS('',2,(#9394,#9395,#9396),
  .UNSPECIFIED.,.F.,.F.,(3,3),(0.75,1.),.PIECEWISE_BEZIER_KNOTS.);
#9394 = CARTESIAN_POINT('',(4.9617316566,0.157612046292,-5.75));
#9395 = CARTESIAN_POINT('',(4.9801087638,0.149999999913,-5.75));
#9396 = CARTESIAN_POINT('',(5.0000000004,0.149999999913,-5.75));
#9397 = ORIENTED_EDGE('',*,*,#9398,.T.);
#9398 = EDGE_CURVE('',#9391,#9399,#9401,.T.);
#9399 = VERTEX_POINT('',#9400);
#9400 = CARTESIAN_POINT('',(6.3,0.15,-5.75));
#9401 = LINE('',#9402,#9403);
#9402 = CARTESIAN_POINT('',(5.,0.15,-5.75));
#9403 = VECTOR('',#9404,1.);
#9404 = DIRECTION('',(1.,0.,0.));
#9405 = ORIENTED_EDGE('',*,*,#9406,.T.);
#9406 = EDGE_CURVE('',#9399,#9407,#9409,.T.);
#9407 = VERTEX_POINT('',#9408);
#9408 = CARTESIAN_POINT('',(6.3,-0.15,-5.75));
#9409 = LINE('',#9410,#9411);
#9410 = CARTESIAN_POINT('',(6.3,0.15,-5.75));
#9411 = VECTOR('',#9412,1.);
#9412 = DIRECTION('',(0.,-1.,0.));
#9413 = ORIENTED_EDGE('',*,*,#9414,.T.);
#9414 = EDGE_CURVE('',#9407,#9415,#9417,.T.);
#9415 = VERTEX_POINT('',#9416);
#9416 = CARTESIAN_POINT('',(5.0000000002,-0.15,-5.75));
#9417 = LINE('',#9418,#9419);
#9418 = CARTESIAN_POINT('',(6.3,-0.15,-5.75));
#9419 = VECTOR('',#9420,1.);
#9420 = DIRECTION('',(-1.,0.,0.));
#9421 = ORIENTED_EDGE('',*,*,#9422,.T.);
#9422 = EDGE_CURVE('',#9415,#9423,#9425,.T.);
#9423 = VERTEX_POINT('',#9424);
#9424 = CARTESIAN_POINT('',(4.846926627,-0.119551812975,-5.75));
#9425 = B_SPLINE_CURVE_WITH_KNOTS('',2,(#9426,#9427,#9428),
  .UNSPECIFIED.,.F.,.F.,(3,3),(0.,0.25),.PIECEWISE_BEZIER_KNOTS.);
#9426 = CARTESIAN_POINT('',(5.0000000004,-0.15,-5.75));
#9427 = CARTESIAN_POINT('',(4.9204350522,-0.15,-5.75));
#9428 = CARTESIAN_POINT('',(4.846926627,-0.119551812975,-5.75));
#9429 = ORIENTED_EDGE('',*,*,#9430,.T.);
#9430 = EDGE_CURVE('',#9423,#9431,#9433,.T.);
#9431 = VERTEX_POINT('',#9432);
#9432 = CARTESIAN_POINT('',(4.7171572884,-3.2842712784E-02,-5.75));
#9433 = B_SPLINE_CURVE_WITH_KNOTS('',2,(#9434,#9435,#9436),
  .UNSPECIFIED.,.F.,.F.,(3,3),(0.25,0.5),.PIECEWISE_BEZIER_KNOTS.);
#9434 = CARTESIAN_POINT('',(4.846926627,-0.119551812975,-5.75));
#9435 = CARTESIAN_POINT('',(4.7734182018,-8.910362595E-02,-5.75));
#9436 = CARTESIAN_POINT('',(4.7171572884,-3.2842712784E-02,-5.75));
#9437 = ORIENTED_EDGE('',*,*,#9438,.T.);
#9438 = EDGE_CURVE('',#9431,#9439,#9441,.T.);
#9439 = VERTEX_POINT('',#9440);
#9440 = CARTESIAN_POINT('',(4.630448187,9.6926627424E-02,-5.75));
#9441 = B_SPLINE_CURVE_WITH_KNOTS('',2,(#9442,#9443,#9444),
  .UNSPECIFIED.,.F.,.F.,(3,3),(0.5,0.75),.PIECEWISE_BEZIER_KNOTS.);
#9442 = CARTESIAN_POINT('',(4.7171572884,-3.2842712784E-02,-5.75));
#9443 = CARTESIAN_POINT('',(4.6608963732,2.3418200382E-02,-5.75));
#9444 = CARTESIAN_POINT('',(4.630448187,9.6926627424E-02,-5.75));
#9445 = ORIENTED_EDGE('',*,*,#9446,.T.);
#9446 = EDGE_CURVE('',#9439,#9447,#9449,.T.);
#9447 = VERTEX_POINT('',#9448);
#9448 = CARTESIAN_POINT('',(4.6000000004,0.249999999691,-5.75));
#9449 = B_SPLINE_CURVE_WITH_KNOTS('',2,(#9450,#9451,#9452),
  .UNSPECIFIED.,.F.,.F.,(3,3),(0.75,1.),.PIECEWISE_BEZIER_KNOTS.);
#9450 = CARTESIAN_POINT('',(4.630448187,9.6926627424E-02,-5.75));
#9451 = CARTESIAN_POINT('',(4.6000000008,0.170435052957,-5.75));
#9452 = CARTESIAN_POINT('',(4.6000000008,0.249999999381,-5.75));
#9453 = ORIENTED_EDGE('',*,*,#9454,.T.);
#9454 = EDGE_CURVE('',#9447,#9455,#9457,.T.);
#9455 = VERTEX_POINT('',#9456);
#9456 = CARTESIAN_POINT('',(4.6000000004,0.950000000092,-5.75));
#9457 = LINE('',#9458,#9459);
#9458 = CARTESIAN_POINT('',(4.6,0.25,-5.75));
#9459 = VECTOR('',#9460,1.);
#9460 = DIRECTION('',(0.,1.,0.));
#9461 = ORIENTED_EDGE('',*,*,#9462,.T.);
#9462 = EDGE_CURVE('',#9455,#9463,#9465,.T.);
#9463 = VERTEX_POINT('',#9464);
#9464 = CARTESIAN_POINT('',(4.5923879538,0.988268342796,-5.75));
#9465 = B_SPLINE_CURVE_WITH_KNOTS('',2,(#9466,#9467,#9468),
  .UNSPECIFIED.,.F.,.F.,(3,3),(0.,0.25),.PIECEWISE_BEZIER_KNOTS.);
#9466 = CARTESIAN_POINT('',(4.6000000008,0.950000000184,-5.75));
#9467 = CARTESIAN_POINT('',(4.6000000008,0.96989123679,-5.75));
#9468 = CARTESIAN_POINT('',(4.5923879538,0.988268342796,-5.75));
#9469 = ORIENTED_EDGE('',*,*,#9470,.T.);
#9470 = EDGE_CURVE('',#9463,#9471,#9473,.T.);
#9471 = VERTEX_POINT('',#9472);
#9472 = CARTESIAN_POINT('',(4.570710678,1.020710677848,-5.75));
#9473 = B_SPLINE_CURVE_WITH_KNOTS('',2,(#9474,#9475,#9476),
  .UNSPECIFIED.,.F.,.F.,(3,3),(0.25,0.5),.PIECEWISE_BEZIER_KNOTS.);
#9474 = CARTESIAN_POINT('',(4.5923879538,0.988268342796,-5.75));
#9475 = CARTESIAN_POINT('',(4.5847759068,1.006645450311,-5.75));
#9476 = CARTESIAN_POINT('',(4.570710678,1.020710677848,-5.75));
#9477 = ORIENTED_EDGE('',*,*,#9478,.T.);
#9478 = EDGE_CURVE('',#9471,#9479,#9481,.T.);
#9479 = VERTEX_POINT('',#9480);
#9480 = CARTESIAN_POINT('',(4.5382683438,1.042387953273,-5.75));
#9481 = B_SPLINE_CURVE_WITH_KNOTS('',2,(#9482,#9483,#9484),
  .UNSPECIFIED.,.F.,.F.,(3,3),(0.5,0.75),.PIECEWISE_BEZIER_KNOTS.);
#9482 = CARTESIAN_POINT('',(4.570710678,1.020710677848,-5.75));
#9483 = CARTESIAN_POINT('',(4.5566454492,1.034775906894,-5.75));
#9484 = CARTESIAN_POINT('',(4.5382683438,1.042387953273,-5.75));
#9485 = ORIENTED_EDGE('',*,*,#9486,.T.);
#9486 = EDGE_CURVE('',#9479,#9487,#9489,.T.);
#9487 = VERTEX_POINT('',#9488);
#9488 = CARTESIAN_POINT('',(4.5,1.049999999826,-5.75));
#9489 = B_SPLINE_CURVE_WITH_KNOTS('',2,(#9490,#9491,#9492),
  .UNSPECIFIED.,.F.,.F.,(3,3),(0.75,1.),.PIECEWISE_BEZIER_KNOTS.);
#9490 = CARTESIAN_POINT('',(4.5382683438,1.042387953273,-5.75));
#9491 = CARTESIAN_POINT('',(4.5198912366,1.049999999652,-5.75));
#9492 = CARTESIAN_POINT('',(4.5,1.049999999652,-5.75));
#9493 = ORIENTED_EDGE('',*,*,#9494,.T.);
#9494 = EDGE_CURVE('',#9487,#9325,#9495,.T.);
#9495 = LINE('',#9496,#9497);
#9496 = CARTESIAN_POINT('',(4.5,1.05,-5.75));
#9497 = VECTOR('',#9498,1.);
#9498 = DIRECTION('',(0.,1.,0.));
#9499 = B_SPLINE_SURFACE_WITH_KNOTS('',1,1,(
    (#9500,#9501)
    ,(#9502,#9503
    )),.UNSPECIFIED.,.F.,.F.,.F.,(2,2),(2,2),(0.,1.),(0.,1.),
  .PIECEWISE_BEZIER_KNOTS.);
#9500 = CARTESIAN_POINT('',(6.3,-0.15,-5.75));
#9501 = CARTESIAN_POINT('',(6.3,1.359,-5.75));
#9502 = CARTESIAN_POINT('',(4.5,-0.15,-5.75));
#9503 = CARTESIAN_POINT('',(4.5,1.359,-5.75));
#9504 = SHELL_BASED_SURFACE_MODEL('',(#9505));
#9505 = OPEN_SHELL('',(#9506));
#9506 = ADVANCED_FACE('',(#9507),#9685,.T.);
#9507 = FACE_BOUND('',#9508,.T.);
#9508 = EDGE_LOOP('',(#9509,#9519,#9527,#9535,#9543,#9551,#9559,#9567,
    #9575,#9583,#9591,#9599,#9607,#9615,#9623,#9631,#9639,#9647,#9655,
    #9663,#9671,#9679));
#9509 = ORIENTED_EDGE('',*,*,#9510,.T.);
#9510 = EDGE_CURVE('',#9511,#9513,#9515,.T.);
#9511 = VERTEX_POINT('',#9512);
#9512 = CARTESIAN_POINT('',(4.8999999998,0.950000000092,-4.25));
#9513 = VERTEX_POINT('',#9514);
#9514 = CARTESIAN_POINT('',(4.8999999998,0.249999999691,-4.25));
#9515 = LINE('',#9516,#9517);
#9516 = CARTESIAN_POINT('',(4.9,0.95,-4.25));
#9517 = VECTOR('',#9518,1.);
#9518 = DIRECTION('',(0.,-1.,0.));
#9519 = ORIENTED_EDGE('',*,*,#9520,.T.);
#9520 = EDGE_CURVE('',#9513,#9521,#9523,.T.);
#9521 = VERTEX_POINT('',#9522);
#9522 = CARTESIAN_POINT('',(4.9076120466,0.211731656769,-4.25));
#9523 = B_SPLINE_CURVE_WITH_KNOTS('',2,(#9524,#9525,#9526),
  .UNSPECIFIED.,.F.,.F.,(3,3),(0.,0.25),.PIECEWISE_BEZIER_KNOTS.);
#9524 = CARTESIAN_POINT('',(4.8999999996,0.249999999381,-4.25));
#9525 = CARTESIAN_POINT('',(4.8999999996,0.230108762775,-4.25));
#9526 = CARTESIAN_POINT('',(4.9076120466,0.211731656769,-4.25));
#9527 = ORIENTED_EDGE('',*,*,#9528,.T.);
#9528 = EDGE_CURVE('',#9521,#9529,#9531,.T.);
#9529 = VERTEX_POINT('',#9530);
#9530 = CARTESIAN_POINT('',(4.9292893224,0.179289321717,-4.25));
#9531 = B_SPLINE_CURVE_WITH_KNOTS('',2,(#9532,#9533,#9534),
  .UNSPECIFIED.,.F.,.F.,(3,3),(0.25,0.5),.PIECEWISE_BEZIER_KNOTS.);
#9532 = CARTESIAN_POINT('',(4.9076120466,0.211731656769,-4.25));
#9533 = CARTESIAN_POINT('',(4.9152240936,0.193354550763,-4.25));
#9534 = CARTESIAN_POINT('',(4.9292893224,0.179289321717,-4.25));
#9535 = ORIENTED_EDGE('',*,*,#9536,.T.);
#9536 = EDGE_CURVE('',#9529,#9537,#9539,.T.);
#9537 = VERTEX_POINT('',#9538);
#9538 = CARTESIAN_POINT('',(4.9617316566,0.157612046292,-4.25));
#9539 = B_SPLINE_CURVE_WITH_KNOTS('',2,(#9540,#9541,#9542),
  .UNSPECIFIED.,.F.,.F.,(3,3),(0.5,0.75),.PIECEWISE_BEZIER_KNOTS.);
#9540 = CARTESIAN_POINT('',(4.9292893224,0.179289321717,-4.25));
#9541 = CARTESIAN_POINT('',(4.9433545494,0.16522409418,-4.25));
#9542 = CARTESIAN_POINT('',(4.9617316566,0.157612046292,-4.25));
#9543 = ORIENTED_EDGE('',*,*,#9544,.T.);
#9544 = EDGE_CURVE('',#9537,#9545,#9547,.T.);
#9545 = VERTEX_POINT('',#9546);
#9546 = CARTESIAN_POINT('',(5.0000000002,0.149999999957,-4.25));
#9547 = B_SPLINE_CURVE_WITH_KNOTS('',2,(#9548,#9549,#9550),
  .UNSPECIFIED.,.F.,.F.,(3,3),(0.75,1.),.PIECEWISE_BEZIER_KNOTS.);
#9548 = CARTESIAN_POINT('',(4.9617316566,0.157612046292,-4.25));
#9549 = CARTESIAN_POINT('',(4.9801087638,0.149999999913,-4.25));
#9550 = CARTESIAN_POINT('',(5.0000000004,0.149999999913,-4.25));
#9551 = ORIENTED_EDGE('',*,*,#9552,.T.);
#9552 = EDGE_CURVE('',#9545,#9553,#9555,.T.);
#9553 = VERTEX_POINT('',#9554);
#9554 = CARTESIAN_POINT('',(6.3,0.15,-4.25));
#9555 = LINE('',#9556,#9557);
#9556 = CARTESIAN_POINT('',(5.,0.15,-4.25));
#9557 = VECTOR('',#9558,1.);
#9558 = DIRECTION('',(1.,0.,0.));
#9559 = ORIENTED_EDGE('',*,*,#9560,.T.);
#9560 = EDGE_CURVE('',#9553,#9561,#9563,.T.);
#9561 = VERTEX_POINT('',#9562);
#9562 = CARTESIAN_POINT('',(6.3,-0.15,-4.25));
#9563 = LINE('',#9564,#9565);
#9564 = CARTESIAN_POINT('',(6.3,0.15,-4.25));
#9565 = VECTOR('',#9566,1.);
#9566 = DIRECTION('',(0.,-1.,0.));
#9567 = ORIENTED_EDGE('',*,*,#9568,.T.);
#9568 = EDGE_CURVE('',#9561,#9569,#9571,.T.);
#9569 = VERTEX_POINT('',#9570);
#9570 = CARTESIAN_POINT('',(5.0000000002,-0.15,-4.25));
#9571 = LINE('',#9572,#9573);
#9572 = CARTESIAN_POINT('',(6.3,-0.15,-4.25));
#9573 = VECTOR('',#9574,1.);
#9574 = DIRECTION('',(-1.,0.,0.));
#9575 = ORIENTED_EDGE('',*,*,#9576,.T.);
#9576 = EDGE_CURVE('',#9569,#9577,#9579,.T.);
#9577 = VERTEX_POINT('',#9578);
#9578 = CARTESIAN_POINT('',(4.846926627,-0.119551812975,-4.25));
#9579 = B_SPLINE_CURVE_WITH_KNOTS('',2,(#9580,#9581,#9582),
  .UNSPECIFIED.,.F.,.F.,(3,3),(0.,0.25),.PIECEWISE_BEZIER_KNOTS.);
#9580 = CARTESIAN_POINT('',(5.0000000004,-0.15,-4.25));
#9581 = CARTESIAN_POINT('',(4.9204350522,-0.15,-4.25));
#9582 = CARTESIAN_POINT('',(4.846926627,-0.119551812975,-4.25));
#9583 = ORIENTED_EDGE('',*,*,#9584,.T.);
#9584 = EDGE_CURVE('',#9577,#9585,#9587,.T.);
#9585 = VERTEX_POINT('',#9586);
#9586 = CARTESIAN_POINT('',(4.7171572884,-3.2842712784E-02,-4.25));
#9587 = B_SPLINE_CURVE_WITH_KNOTS('',2,(#9588,#9589,#9590),
  .UNSPECIFIED.,.F.,.F.,(3,3),(0.25,0.5),.PIECEWISE_BEZIER_KNOTS.);
#9588 = CARTESIAN_POINT('',(4.846926627,-0.119551812975,-4.25));
#9589 = CARTESIAN_POINT('',(4.7734182018,-8.910362595E-02,-4.25));
#9590 = CARTESIAN_POINT('',(4.7171572884,-3.2842712784E-02,-4.25));
#9591 = ORIENTED_EDGE('',*,*,#9592,.T.);
#9592 = EDGE_CURVE('',#9585,#9593,#9595,.T.);
#9593 = VERTEX_POINT('',#9594);
#9594 = CARTESIAN_POINT('',(4.630448187,9.6926627424E-02,-4.25));
#9595 = B_SPLINE_CURVE_WITH_KNOTS('',2,(#9596,#9597,#9598),
  .UNSPECIFIED.,.F.,.F.,(3,3),(0.5,0.75),.PIECEWISE_BEZIER_KNOTS.);
#9596 = CARTESIAN_POINT('',(4.7171572884,-3.2842712784E-02,-4.25));
#9597 = CARTESIAN_POINT('',(4.6608963732,2.3418200382E-02,-4.25));
#9598 = CARTESIAN_POINT('',(4.630448187,9.6926627424E-02,-4.25));
#9599 = ORIENTED_EDGE('',*,*,#9600,.T.);
#9600 = EDGE_CURVE('',#9593,#9601,#9603,.T.);
#9601 = VERTEX_POINT('',#9602);
#9602 = CARTESIAN_POINT('',(4.6000000004,0.249999999691,-4.25));
#9603 = B_SPLINE_CURVE_WITH_KNOTS('',2,(#9604,#9605,#9606),
  .UNSPECIFIED.,.F.,.F.,(3,3),(0.75,1.),.PIECEWISE_BEZIER_KNOTS.);
#9604 = CARTESIAN_POINT('',(4.630448187,9.6926627424E-02,-4.25));
#9605 = CARTESIAN_POINT('',(4.6000000008,0.170435052957,-4.25));
#9606 = CARTESIAN_POINT('',(4.6000000008,0.249999999381,-4.25));
#9607 = ORIENTED_EDGE('',*,*,#9608,.T.);
#9608 = EDGE_CURVE('',#9601,#9609,#9611,.T.);
#9609 = VERTEX_POINT('',#9610);
#9610 = CARTESIAN_POINT('',(4.6000000004,0.950000000092,-4.25));
#9611 = LINE('',#9612,#9613);
#9612 = CARTESIAN_POINT('',(4.6,0.25,-4.25));
#9613 = VECTOR('',#9614,1.);
#9614 = DIRECTION('',(0.,1.,0.));
#9615 = ORIENTED_EDGE('',*,*,#9616,.T.);
#9616 = EDGE_CURVE('',#9609,#9617,#9619,.T.);
#9617 = VERTEX_POINT('',#9618);
#9618 = CARTESIAN_POINT('',(4.5923879538,0.988268342796,-4.25));
#9619 = B_SPLINE_CURVE_WITH_KNOTS('',2,(#9620,#9621,#9622),
  .UNSPECIFIED.,.F.,.F.,(3,3),(0.,0.25),.PIECEWISE_BEZIER_KNOTS.);
#9620 = CARTESIAN_POINT('',(4.6000000008,0.950000000184,-4.25));
#9621 = CARTESIAN_POINT('',(4.6000000008,0.96989123679,-4.25));
#9622 = CARTESIAN_POINT('',(4.5923879538,0.988268342796,-4.25));
#9623 = ORIENTED_EDGE('',*,*,#9624,.T.);
#9624 = EDGE_CURVE('',#9617,#9625,#9627,.T.);
#9625 = VERTEX_POINT('',#9626);
#9626 = CARTESIAN_POINT('',(4.570710678,1.020710677848,-4.25));
#9627 = B_SPLINE_CURVE_WITH_KNOTS('',2,(#9628,#9629,#9630),
  .UNSPECIFIED.,.F.,.F.,(3,3),(0.25,0.5),.PIECEWISE_BEZIER_KNOTS.);
#9628 = CARTESIAN_POINT('',(4.5923879538,0.988268342796,-4.25));
#9629 = CARTESIAN_POINT('',(4.5847759068,1.006645450311,-4.25));
#9630 = CARTESIAN_POINT('',(4.570710678,1.020710677848,-4.25));
#9631 = ORIENTED_EDGE('',*,*,#9632,.T.);
#9632 = EDGE_CURVE('',#9625,#9633,#9635,.T.);
#9633 = VERTEX_POINT('',#9634);
#9634 = CARTESIAN_POINT('',(4.5382683438,1.042387953273,-4.25));
#9635 = B_SPLINE_CURVE_WITH_KNOTS('',2,(#9636,#9637,#9638),
  .UNSPECIFIED.,.F.,.F.,(3,3),(0.5,0.75),.PIECEWISE_BEZIER_KNOTS.);
#9636 = CARTESIAN_POINT('',(4.570710678,1.020710677848,-4.25));
#9637 = CARTESIAN_POINT('',(4.5566454492,1.034775906894,-4.25));
#9638 = CARTESIAN_POINT('',(4.5382683438,1.042387953273,-4.25));
#9639 = ORIENTED_EDGE('',*,*,#9640,.T.);
#9640 = EDGE_CURVE('',#9633,#9641,#9643,.T.);
#9641 = VERTEX_POINT('',#9642);
#9642 = CARTESIAN_POINT('',(4.5,1.049999999826,-4.25));
#9643 = B_SPLINE_CURVE_WITH_KNOTS('',2,(#9644,#9645,#9646),
  .UNSPECIFIED.,.F.,.F.,(3,3),(0.75,1.),.PIECEWISE_BEZIER_KNOTS.);
#9644 = CARTESIAN_POINT('',(4.5382683438,1.042387953273,-4.25));
#9645 = CARTESIAN_POINT('',(4.5198912366,1.049999999652,-4.25));
#9646 = CARTESIAN_POINT('',(4.5,1.049999999652,-4.25));
#9647 = ORIENTED_EDGE('',*,*,#9648,.T.);
#9648 = EDGE_CURVE('',#9641,#9649,#9651,.T.);
#9649 = VERTEX_POINT('',#9650);
#9650 = CARTESIAN_POINT('',(4.5,1.349999999782,-4.25));
#9651 = LINE('',#9652,#9653);
#9652 = CARTESIAN_POINT('',(4.5,1.05,-4.25));
#9653 = VECTOR('',#9654,1.);
#9654 = DIRECTION('',(0.,1.,0.));
#9655 = ORIENTED_EDGE('',*,*,#9656,.T.);
#9656 = EDGE_CURVE('',#9649,#9657,#9659,.T.);
#9657 = VERTEX_POINT('',#9658);
#9658 = CARTESIAN_POINT('',(4.6530733734,1.31955181254,-4.25));
#9659 = B_SPLINE_CURVE_WITH_KNOTS('',2,(#9660,#9661,#9662),
  .UNSPECIFIED.,.F.,.F.,(3,3),(0.,0.25),.PIECEWISE_BEZIER_KNOTS.);
#9660 = CARTESIAN_POINT('',(4.5,1.349999999565,-4.25));
#9661 = CARTESIAN_POINT('',(4.5795649464,1.349999999565,-4.25));
#9662 = CARTESIAN_POINT('',(4.6530733734,1.31955181254,-4.25));
#9663 = ORIENTED_EDGE('',*,*,#9664,.T.);
#9664 = EDGE_CURVE('',#9657,#9665,#9667,.T.);
#9665 = VERTEX_POINT('',#9666);
#9666 = CARTESIAN_POINT('',(4.782842712,1.232842712349,-4.25));
#9667 = B_SPLINE_CURVE_WITH_KNOTS('',2,(#9668,#9669,#9670),
  .UNSPECIFIED.,.F.,.F.,(3,3),(0.25,0.5),.PIECEWISE_BEZIER_KNOTS.);
#9668 = CARTESIAN_POINT('',(4.6530733734,1.31955181254,-4.25));
#9669 = CARTESIAN_POINT('',(4.7265817986,1.289103625515,-4.25));
#9670 = CARTESIAN_POINT('',(4.782842712,1.232842712349,-4.25));
#9671 = ORIENTED_EDGE('',*,*,#9672,.T.);
#9672 = EDGE_CURVE('',#9665,#9673,#9675,.T.);
#9673 = VERTEX_POINT('',#9674);
#9674 = CARTESIAN_POINT('',(4.8695518134,1.10307337365,-4.25));
#9675 = B_SPLINE_CURVE_WITH_KNOTS('',2,(#9676,#9677,#9678),
  .UNSPECIFIED.,.F.,.F.,(3,3),(0.5,0.75),.PIECEWISE_BEZIER_KNOTS.);
#9676 = CARTESIAN_POINT('',(4.782842712,1.232842712349,-4.25));
#9677 = CARTESIAN_POINT('',(4.8391036254,1.176581799183,-4.25));
#9678 = CARTESIAN_POINT('',(4.8695518134,1.10307337365,-4.25));
#9679 = ORIENTED_EDGE('',*,*,#9680,.T.);
#9680 = EDGE_CURVE('',#9673,#9511,#9681,.T.);
#9681 = B_SPLINE_CURVE_WITH_KNOTS('',2,(#9682,#9683,#9684),
  .UNSPECIFIED.,.F.,.F.,(3,3),(0.75,1.),.PIECEWISE_BEZIER_KNOTS.);
#9682 = CARTESIAN_POINT('',(4.8695518134,1.10307337365,-4.25));
#9683 = CARTESIAN_POINT('',(4.8999999996,1.029564946608,-4.25));
#9684 = CARTESIAN_POINT('',(4.8999999996,0.950000000184,-4.25));
#9685 = B_SPLINE_SURFACE_WITH_KNOTS('',1,1,(
    (#9686,#9687)
    ,(#9688,#9689
    )),.UNSPECIFIED.,.F.,.F.,.F.,(2,2),(2,2),(0.,1.),(0.,1.),
  .PIECEWISE_BEZIER_KNOTS.);
#9686 = CARTESIAN_POINT('',(6.3,-0.15,-4.25));
#9687 = CARTESIAN_POINT('',(6.3,1.359,-4.25));
#9688 = CARTESIAN_POINT('',(4.5,-0.15,-4.25));
#9689 = CARTESIAN_POINT('',(4.5,1.359,-4.25));
#9690 = SHELL_BASED_SURFACE_MODEL('',(#9691));
#9691 = OPEN_SHELL('',(#9692));
#9692 = ADVANCED_FACE('',(#9693),#9751,.T.);
#9693 = FACE_BOUND('',#9694,.T.);
#9694 = EDGE_LOOP('',(#9695,#9705,#9713,#9721,#9729,#9737,#9745));
#9695 = ORIENTED_EDGE('',*,*,#9696,.T.);
#9696 = EDGE_CURVE('',#9697,#9699,#9701,.T.);
#9697 = VERTEX_POINT('',#9698);
#9698 = CARTESIAN_POINT('',(4.5,3.999999999394,-9.85));
#9699 = VERTEX_POINT('',#9700);
#9700 = CARTESIAN_POINT('',(4.5,1.365685425,-9.85));
#9701 = LINE('',#9702,#9703);
#9702 = CARTESIAN_POINT('',(4.5,4.,-9.85));
#9703 = VECTOR('',#9704,1.);
#9704 = DIRECTION('',(0.,-1.,0.));
#9705 = ORIENTED_EDGE('',*,*,#9706,.T.);
#9706 = EDGE_CURVE('',#9699,#9707,#9709,.T.);
#9707 = VERTEX_POINT('',#9708);
#9708 = CARTESIAN_POINT('',(4.9,1.365685425,-9.85));
#9709 = LINE('',#9710,#9711);
#9710 = CARTESIAN_POINT('',(4.5,1.365685425,-9.85));
#9711 = VECTOR('',#9712,1.);
#9712 = DIRECTION('',(1.,0.,0.));
#9713 = ORIENTED_EDGE('',*,*,#9714,.T.);
#9714 = EDGE_CURVE('',#9707,#9715,#9717,.T.);
#9715 = VERTEX_POINT('',#9716);
#9716 = CARTESIAN_POINT('',(4.9,3.599999999461,-9.85));
#9717 = LINE('',#9718,#9719);
#9718 = CARTESIAN_POINT('',(4.9,1.365685425,-9.85));
#9719 = VECTOR('',#9720,1.);
#9720 = DIRECTION('',(0.,1.,0.));
#9721 = ORIENTED_EDGE('',*,*,#9722,.T.);
#9722 = EDGE_CURVE('',#9715,#9723,#9725,.T.);
#9723 = VERTEX_POINT('',#9724);
#9724 = CARTESIAN_POINT('',(4.8695518132,3.753073373717,-9.85));
#9725 = B_SPLINE_CURVE_WITH_KNOTS('',2,(#9726,#9727,#9728),
  .UNSPECIFIED.,.F.,.F.,(3,3),(0.,0.25),.PIECEWISE_BEZIER_KNOTS.);
#9726 = CARTESIAN_POINT('',(4.9,3.599999998922,-9.85));
#9727 = CARTESIAN_POINT('',(4.9,3.67956494717,-9.85));
#9728 = CARTESIAN_POINT('',(4.8695518132,3.753073373717,-9.85));
#9729 = ORIENTED_EDGE('',*,*,#9730,.T.);
#9730 = EDGE_CURVE('',#9723,#9731,#9733,.T.);
#9731 = VERTEX_POINT('',#9732);
#9732 = CARTESIAN_POINT('',(4.7828427124,3.88284271282,-9.85));
#9733 = B_SPLINE_CURVE_WITH_KNOTS('',2,(#9734,#9735,#9736),
  .UNSPECIFIED.,.F.,.F.,(3,3),(0.25,0.5),.PIECEWISE_BEZIER_KNOTS.);
#9734 = CARTESIAN_POINT('',(4.8695518132,3.753073373717,-9.85));
#9735 = CARTESIAN_POINT('',(4.839103626,3.826581797614,-9.85));
#9736 = CARTESIAN_POINT('',(4.7828427124,3.88284271282,-9.85));
#9737 = ORIENTED_EDGE('',*,*,#9738,.T.);
#9738 = EDGE_CURVE('',#9731,#9739,#9741,.T.);
#9739 = VERTEX_POINT('',#9740);
#9740 = CARTESIAN_POINT('',(4.6530733728,3.969551813408,-9.85));
#9741 = B_SPLINE_CURVE_WITH_KNOTS('',2,(#9742,#9743,#9744),
  .UNSPECIFIED.,.F.,.F.,(3,3),(0.5,0.75),.PIECEWISE_BEZIER_KNOTS.);
#9742 = CARTESIAN_POINT('',(4.7828427124,3.88284271282,-9.85));
#9743 = CARTESIAN_POINT('',(4.7265817988,3.939103625376,-9.85));
#9744 = CARTESIAN_POINT('',(4.6530733728,3.969551813408,-9.85));
#9745 = ORIENTED_EDGE('',*,*,#9746,.T.);
#9746 = EDGE_CURVE('',#9739,#9697,#9747,.T.);
#9747 = B_SPLINE_CURVE_WITH_KNOTS('',2,(#9748,#9749,#9750),
  .UNSPECIFIED.,.F.,.F.,(3,3),(0.75,1.),.PIECEWISE_BEZIER_KNOTS.);
#9748 = CARTESIAN_POINT('',(4.6530733728,3.969551813408,-9.85));
#9749 = CARTESIAN_POINT('',(4.5795649468,3.999999998789,-9.85));
#9750 = CARTESIAN_POINT('',(4.5,3.999999998789,-9.85));
#9751 = B_SPLINE_SURFACE_WITH_KNOTS('',1,1,(
    (#9752,#9753)
    ,(#9754,#9755
    )),.UNSPECIFIED.,.F.,.F.,.F.,(2,2),(2,2),(0.,1.),(0.,1.),
  .PIECEWISE_BEZIER_KNOTS.);
#9752 = CARTESIAN_POINT('',(4.5,4.015805887,-9.85));
#9753 = CARTESIAN_POINT('',(4.9,4.015805887,-9.85));
#9754 = CARTESIAN_POINT('',(4.5,1.365685425,-9.85));
#9755 = CARTESIAN_POINT('',(4.9,1.365685425,-9.85));
#9756 = SHELL_BASED_SURFACE_MODEL('',(#9757));
#9757 = OPEN_SHELL('',(#9758));
#9758 = ADVANCED_FACE('',(#9759),#9793,.T.);
#9759 = FACE_BOUND('',#9760,.T.);
#9760 = EDGE_LOOP('',(#9761,#9771,#9779,#9787));
#9761 = ORIENTED_EDGE('',*,*,#9762,.T.);
#9762 = EDGE_CURVE('',#9763,#9765,#9767,.T.);
#9763 = VERTEX_POINT('',#9764);
#9764 = CARTESIAN_POINT('',(4.9,0.817157288,-10.232842712));
#9765 = VERTEX_POINT('',#9766);
#9766 = CARTESIAN_POINT('',(4.9,1.082842712,-9.967157288));
#9767 = LINE('',#9768,#9769);
#9768 = CARTESIAN_POINT('',(4.9,0.817157288,-10.232842712));
#9769 = VECTOR('',#9770,1.);
#9770 = DIRECTION('',(0.,0.707106781187,0.707106781187));
#9771 = ORIENTED_EDGE('',*,*,#9772,.T.);
#9772 = EDGE_CURVE('',#9765,#9773,#9775,.T.);
#9773 = VERTEX_POINT('',#9774);
#9774 = CARTESIAN_POINT('',(4.5,1.082842712,-9.967157288));
#9775 = LINE('',#9776,#9777);
#9776 = CARTESIAN_POINT('',(4.9,1.082842712,-9.967157288));
#9777 = VECTOR('',#9778,1.);
#9778 = DIRECTION('',(-1.,0.,0.));
#9779 = ORIENTED_EDGE('',*,*,#9780,.T.);
#9780 = EDGE_CURVE('',#9773,#9781,#9783,.T.);
#9781 = VERTEX_POINT('',#9782);
#9782 = CARTESIAN_POINT('',(4.5,0.817157288,-10.232842712));
#9783 = LINE('',#9784,#9785);
#9784 = CARTESIAN_POINT('',(4.5,1.082842712,-9.967157288));
#9785 = VECTOR('',#9786,1.);
#9786 = DIRECTION('',(0.,-0.707106781187,-0.707106781187));
#9787 = ORIENTED_EDGE('',*,*,#9788,.T.);
#9788 = EDGE_CURVE('',#9781,#9763,#9789,.T.);
#9789 = LINE('',#9790,#9791);
#9790 = CARTESIAN_POINT('',(4.5,0.817157288,-10.232842712));
#9791 = VECTOR('',#9792,1.);
#9792 = DIRECTION('',(1.,0.,0.));
#9793 = B_SPLINE_SURFACE_WITH_KNOTS('',1,1,(
    (#9794,#9795)
    ,(#9796,#9797
    )),.UNSPECIFIED.,.F.,.F.,.F.,(2,2),(2,2),(0.,1.),(0.,1.),
  .PIECEWISE_BEZIER_KNOTS.);
#9794 = CARTESIAN_POINT('',(4.5,1.082842712,-9.967157288));
#9795 = CARTESIAN_POINT('',(4.9,1.082842712,-9.967157288));
#9796 = CARTESIAN_POINT('',(4.5,0.817157288,-10.232842712));
#9797 = CARTESIAN_POINT('',(4.9,0.817157288,-10.232842712));
#9798 = SHELL_BASED_SURFACE_MODEL('',(#9799));
#9799 = OPEN_SHELL('',(#9800));
#9800 = ADVANCED_FACE('',(#9801),#9883,.T.);
#9801 = FACE_BOUND('',#9802,.T.);
#9802 = EDGE_LOOP('',(#9803,#9813,#9821,#9829,#9837,#9845,#9853,#9861,
    #9869,#9877));
#9803 = ORIENTED_EDGE('',*,*,#9804,.T.);
#9804 = EDGE_CURVE('',#9805,#9807,#9809,.T.);
#9805 = VERTEX_POINT('',#9806);
#9806 = CARTESIAN_POINT('',(4.9,0.25,-10.35));
#9807 = VERTEX_POINT('',#9808);
#9808 = CARTESIAN_POINT('',(4.9,0.534314575,-10.35));
#9809 = LINE('',#9810,#9811);
#9810 = CARTESIAN_POINT('',(4.9,0.25,-10.35));
#9811 = VECTOR('',#9812,1.);
#9812 = DIRECTION('',(0.,1.,0.));
#9813 = ORIENTED_EDGE('',*,*,#9814,.T.);
#9814 = EDGE_CURVE('',#9807,#9815,#9817,.T.);
#9815 = VERTEX_POINT('',#9816);
#9816 = CARTESIAN_POINT('',(4.5,0.534314575,-10.35));
#9817 = LINE('',#9818,#9819);
#9818 = CARTESIAN_POINT('',(4.9,0.534314575,-10.35));
#9819 = VECTOR('',#9820,1.);
#9820 = DIRECTION('',(-1.,0.,0.));
#9821 = ORIENTED_EDGE('',*,*,#9822,.T.);
#9822 = EDGE_CURVE('',#9815,#9823,#9825,.T.);
#9823 = VERTEX_POINT('',#9824);
#9824 = CARTESIAN_POINT('',(4.5,0.250000000001,-10.35));
#9825 = LINE('',#9826,#9827);
#9826 = CARTESIAN_POINT('',(4.5,0.534314575,-10.35));
#9827 = VECTOR('',#9828,1.);
#9828 = DIRECTION('',(0.,-1.,0.));
#9829 = ORIENTED_EDGE('',*,*,#9830,.T.);
#9830 = EDGE_CURVE('',#9823,#9831,#9833,.T.);
#9831 = VERTEX_POINT('',#9832);
#9832 = CARTESIAN_POINT('',(4.5304481862,9.692662733925E-02,-10.35));
#9833 = B_SPLINE_CURVE_WITH_KNOTS('',2,(#9834,#9835,#9836),
  .UNSPECIFIED.,.F.,.F.,(3,3),(0.,0.25),.PIECEWISE_BEZIER_KNOTS.);
#9834 = CARTESIAN_POINT('',(4.5,0.250000000002,-10.35));
#9835 = CARTESIAN_POINT('',(4.5,0.170435052993,-10.35));
#9836 = CARTESIAN_POINT('',(4.5304481862,9.692662733925E-02,-10.35));
#9837 = ORIENTED_EDGE('',*,*,#9838,.T.);
#9838 = EDGE_CURVE('',#9831,#9839,#9841,.T.);
#9839 = VERTEX_POINT('',#9840);
#9840 = CARTESIAN_POINT('',(4.6171572876,-3.284271220183E-02,-10.35));
#9841 = B_SPLINE_CURVE_WITH_KNOTS('',2,(#9842,#9843,#9844),
  .UNSPECIFIED.,.F.,.F.,(3,3),(0.25,0.5),.PIECEWISE_BEZIER_KNOTS.);
#9842 = CARTESIAN_POINT('',(4.5304481862,9.692662733925E-02,-10.35));
#9843 = CARTESIAN_POINT('',(4.5608963742,2.341820100139E-02,-10.35));
#9844 = CARTESIAN_POINT('',(4.6171572876,-3.284271220183E-02,-10.35));
#9845 = ORIENTED_EDGE('',*,*,#9846,.T.);
#9846 = EDGE_CURVE('',#9839,#9847,#9849,.T.);
#9847 = VERTEX_POINT('',#9848);
#9848 = CARTESIAN_POINT('',(4.7469266262,-0.119551813045,-10.35));
#9849 = B_SPLINE_CURVE_WITH_KNOTS('',2,(#9850,#9851,#9852),
  .UNSPECIFIED.,.F.,.F.,(3,3),(0.5,0.75),.PIECEWISE_BEZIER_KNOTS.);
#9850 = CARTESIAN_POINT('',(4.6171572876,-3.284271220183E-02,-10.35));
#9851 = CARTESIAN_POINT('',(4.673418201,-8.910362608937E-02,-10.35));
#9852 = CARTESIAN_POINT('',(4.7469266262,-0.119551813045,-10.35));
#9853 = ORIENTED_EDGE('',*,*,#9854,.T.);
#9854 = EDGE_CURVE('',#9847,#9855,#9857,.T.);
#9855 = VERTEX_POINT('',#9856);
#9856 = CARTESIAN_POINT('',(4.8999999998,-0.15,-10.35));
#9857 = B_SPLINE_CURVE_WITH_KNOTS('',2,(#9858,#9859,#9860),
  .UNSPECIFIED.,.F.,.F.,(3,3),(0.75,1.),.PIECEWISE_BEZIER_KNOTS.);
#9858 = CARTESIAN_POINT('',(4.7469266262,-0.119551813045,-10.35));
#9859 = CARTESIAN_POINT('',(4.8204350532,-0.15,-10.35));
#9860 = CARTESIAN_POINT('',(4.8999999996,-0.15,-10.35));
#9861 = ORIENTED_EDGE('',*,*,#9862,.T.);
#9862 = EDGE_CURVE('',#9855,#9863,#9865,.T.);
#9863 = VERTEX_POINT('',#9864);
#9864 = CARTESIAN_POINT('',(6.3,-0.15,-10.35));
#9865 = LINE('',#9866,#9867);
#9866 = CARTESIAN_POINT('',(4.9,-0.15,-10.35));
#9867 = VECTOR('',#9868,1.);
#9868 = DIRECTION('',(1.,0.,0.));
#9869 = ORIENTED_EDGE('',*,*,#9870,.T.);
#9870 = EDGE_CURVE('',#9863,#9871,#9873,.T.);
#9871 = VERTEX_POINT('',#9872);
#9872 = CARTESIAN_POINT('',(6.3,0.25,-10.35));
#9873 = LINE('',#9874,#9875);
#9874 = CARTESIAN_POINT('',(6.3,-0.15,-10.35));
#9875 = VECTOR('',#9876,1.);
#9876 = DIRECTION('',(0.,1.,0.));
#9877 = ORIENTED_EDGE('',*,*,#9878,.T.);
#9878 = EDGE_CURVE('',#9871,#9805,#9879,.T.);
#9879 = LINE('',#9880,#9881);
#9880 = CARTESIAN_POINT('',(6.3,0.25,-10.35));
#9881 = VECTOR('',#9882,1.);
#9882 = DIRECTION('',(-1.,0.,0.));
#9883 = B_SPLINE_SURFACE_WITH_KNOTS('',1,1,(
    (#9884,#9885)
    ,(#9886,#9887
    )),.UNSPECIFIED.,.F.,.F.,.F.,(2,2),(2,2),(0.,1.),(0.,1.),
  .PIECEWISE_BEZIER_KNOTS.);
#9884 = CARTESIAN_POINT('',(4.5,0.534314575,-10.35));
#9885 = CARTESIAN_POINT('',(6.3,0.534314575,-10.35));
#9886 = CARTESIAN_POINT('',(4.5,-0.15,-10.35));
#9887 = CARTESIAN_POINT('',(6.3,-0.15,-10.35));
#9888 = SHELL_BASED_SURFACE_MODEL('',(#9889));
#9889 = OPEN_SHELL('',(#9890));
#9890 = ADVANCED_FACE('',(#9891),#9925,.T.);
#9891 = FACE_BOUND('',#9892,.T.);
#9892 = EDGE_LOOP('',(#9893,#9903,#9911,#9919));
#9893 = ORIENTED_EDGE('',*,*,#9894,.T.);
#9894 = EDGE_CURVE('',#9895,#9897,#9899,.T.);
#9895 = VERTEX_POINT('',#9896);
#9896 = CARTESIAN_POINT('',(6.3,-0.15,-10.35));
#9897 = VERTEX_POINT('',#9898);
#9898 = CARTESIAN_POINT('',(4.9,-0.15,-10.35));
#9899 = LINE('',#9900,#9901);
#9900 = CARTESIAN_POINT('',(6.3,-0.15,-10.35));
#9901 = VECTOR('',#9902,1.);
#9902 = DIRECTION('',(-1.,0.,0.));
#9903 = ORIENTED_EDGE('',*,*,#9904,.T.);
#9904 = EDGE_CURVE('',#9897,#9905,#9907,.T.);
#9905 = VERTEX_POINT('',#9906);
#9906 = CARTESIAN_POINT('',(4.9,-0.15,-11.85));
#9907 = LINE('',#9908,#9909);
#9908 = CARTESIAN_POINT('',(4.9,-0.15,-10.35));
#9909 = VECTOR('',#9910,1.);
#9910 = DIRECTION('',(0.,0.,-1.));
#9911 = ORIENTED_EDGE('',*,*,#9912,.T.);
#9912 = EDGE_CURVE('',#9905,#9913,#9915,.T.);
#9913 = VERTEX_POINT('',#9914);
#9914 = CARTESIAN_POINT('',(6.3,-0.15,-11.85));
#9915 = LINE('',#9916,#9917);
#9916 = CARTESIAN_POINT('',(4.9,-0.15,-11.85));
#9917 = VECTOR('',#9918,1.);
#9918 = DIRECTION('',(1.,0.,0.));
#9919 = ORIENTED_EDGE('',*,*,#9920,.T.);
#9920 = EDGE_CURVE('',#9913,#9895,#9921,.T.);
#9921 = LINE('',#9922,#9923);
#9922 = CARTESIAN_POINT('',(6.3,-0.15,-11.85));
#9923 = VECTOR('',#9924,1.);
#9924 = DIRECTION('',(0.,0.,1.));
#9925 = B_SPLINE_SURFACE_WITH_KNOTS('',1,1,(
    (#9926,#9927)
    ,(#9928,#9929
    )),.UNSPECIFIED.,.F.,.F.,.F.,(2,2),(2,2),(0.,1.),(0.,1.),
  .PIECEWISE_BEZIER_KNOTS.);
#9926 = CARTESIAN_POINT('',(4.9,-0.15,-11.85));
#9927 = CARTESIAN_POINT('',(4.9,-0.15,-10.35));
#9928 = CARTESIAN_POINT('',(6.3,-0.15,-11.85));
#9929 = CARTESIAN_POINT('',(6.3,-0.15,-10.35));
#9930 = SHELL_BASED_SURFACE_MODEL('',(#9931));
#9931 = OPEN_SHELL('',(#9932));
#9932 = ADVANCED_FACE('',(#9933),#10047,.T.);
#9933 = FACE_BOUND('',#9934,.T.);
#9934 = EDGE_LOOP('',(#9935,#9945,#9953,#9961,#9969,#9977,#9985,#9993,
    #10001,#10009,#10017,#10025,#10033,#10041));
#9935 = ORIENTED_EDGE('',*,*,#9936,.T.);
#9936 = EDGE_CURVE('',#9937,#9939,#9941,.T.);
#9937 = VERTEX_POINT('',#9938);
#9938 = CARTESIAN_POINT('',(4.5,0.6,-11.85));
#9939 = VERTEX_POINT('',#9940);
#9940 = CARTESIAN_POINT('',(4.5,3.999999999398,-11.85));
#9941 = LINE('',#9942,#9943);
#9942 = CARTESIAN_POINT('',(4.5,0.6,-11.85));
#9943 = VECTOR('',#9944,1.);
#9944 = DIRECTION('',(0.,1.,0.));
#9945 = ORIENTED_EDGE('',*,*,#9946,.T.);
#9946 = EDGE_CURVE('',#9939,#9947,#9949,.T.);
#9947 = VERTEX_POINT('',#9948);
#9948 = CARTESIAN_POINT('',(4.6530733734,3.969551814337,-11.85));
#9949 = B_SPLINE_CURVE_WITH_KNOTS('',2,(#9950,#9951,#9952),
  .UNSPECIFIED.,.F.,.F.,(3,3),(0.,0.25),.PIECEWISE_BEZIER_KNOTS.);
#9950 = CARTESIAN_POINT('',(4.5,3.999999998797,-11.85));
#9951 = CARTESIAN_POINT('',(4.5795649464,3.999999998797,-11.85));
#9952 = CARTESIAN_POINT('',(4.6530733734,3.969551814337,-11.85));
#9953 = ORIENTED_EDGE('',*,*,#9954,.T.);
#9954 = EDGE_CURVE('',#9947,#9955,#9957,.T.);
#9955 = VERTEX_POINT('',#9956);
#9956 = CARTESIAN_POINT('',(4.782842712,3.882842710876,-11.85));
#9957 = B_SPLINE_CURVE_WITH_KNOTS('',2,(#9958,#9959,#9960),
  .UNSPECIFIED.,.F.,.F.,(3,3),(0.25,0.5),.PIECEWISE_BEZIER_KNOTS.);
#9958 = CARTESIAN_POINT('',(4.6530733734,3.969551814337,-11.85));
#9959 = CARTESIAN_POINT('',(4.7265817986,3.939103625702,-11.85));
#9960 = CARTESIAN_POINT('',(4.782842712,3.882842710876,-11.85));
#9961 = ORIENTED_EDGE('',*,*,#9962,.T.);
#9962 = EDGE_CURVE('',#9955,#9963,#9965,.T.);
#9963 = VERTEX_POINT('',#9964);
#9964 = CARTESIAN_POINT('',(4.8695518134,3.753073371523,-11.85));
#9965 = B_SPLINE_CURVE_WITH_KNOTS('',2,(#9966,#9967,#9968),
  .UNSPECIFIED.,.F.,.F.,(3,3),(0.5,0.75),.PIECEWISE_BEZIER_KNOTS.);
#9966 = CARTESIAN_POINT('',(4.782842712,3.882842710876,-11.85));
#9967 = CARTESIAN_POINT('',(4.8391036254,3.826581800225,-11.85));
#9968 = CARTESIAN_POINT('',(4.8695518134,3.753073371523,-11.85));
#9969 = ORIENTED_EDGE('',*,*,#9970,.T.);
#9970 = EDGE_CURVE('',#9963,#9971,#9973,.T.);
#9971 = VERTEX_POINT('',#9972);
#9972 = CARTESIAN_POINT('',(4.8999999998,3.599999999607,-11.85));
#9973 = B_SPLINE_CURVE_WITH_KNOTS('',2,(#9974,#9975,#9976),
  .UNSPECIFIED.,.F.,.F.,(3,3),(0.75,1.),.PIECEWISE_BEZIER_KNOTS.);
#9974 = CARTESIAN_POINT('',(4.8695518134,3.753073371523,-11.85));
#9975 = CARTESIAN_POINT('',(4.8999999996,3.679564946996,-11.85));
#9976 = CARTESIAN_POINT('',(4.8999999996,3.599999999214,-11.85));
#9977 = ORIENTED_EDGE('',*,*,#9978,.T.);
#9978 = EDGE_CURVE('',#9971,#9979,#9981,.T.);
#9979 = VERTEX_POINT('',#9980);
#9980 = CARTESIAN_POINT('',(4.9,0.25,-11.85));
#9981 = LINE('',#9982,#9983);
#9982 = CARTESIAN_POINT('',(4.9,3.6,-11.85));
#9983 = VECTOR('',#9984,1.);
#9984 = DIRECTION('',(0.,-1.,0.));
#9985 = ORIENTED_EDGE('',*,*,#9986,.T.);
#9986 = EDGE_CURVE('',#9979,#9987,#9989,.T.);
#9987 = VERTEX_POINT('',#9988);
#9988 = CARTESIAN_POINT('',(6.3,0.25,-11.85));
#9989 = LINE('',#9990,#9991);
#9990 = CARTESIAN_POINT('',(4.9,0.25,-11.85));
#9991 = VECTOR('',#9992,1.);
#9992 = DIRECTION('',(1.,0.,0.));
#9993 = ORIENTED_EDGE('',*,*,#9994,.T.);
#9994 = EDGE_CURVE('',#9987,#9995,#9997,.T.);
#9995 = VERTEX_POINT('',#9996);
#9996 = CARTESIAN_POINT('',(6.3,-0.15,-11.85));
#9997 = LINE('',#9998,#9999);
#9998 = CARTESIAN_POINT('',(6.3,0.25,-11.85));
#9999 = VECTOR('',#10000,1.);
#10000 = DIRECTION('',(0.,-1.,0.));
#10001 = ORIENTED_EDGE('',*,*,#10002,.T.);
#10002 = EDGE_CURVE('',#9995,#10003,#10005,.T.);
#10003 = VERTEX_POINT('',#10004);
#10004 = CARTESIAN_POINT('',(4.8999999998,-0.15,-11.85));
#10005 = LINE('',#10006,#10007);
#10006 = CARTESIAN_POINT('',(6.3,-0.15,-11.85));
#10007 = VECTOR('',#10008,1.);
#10008 = DIRECTION('',(-1.,0.,0.));
#10009 = ORIENTED_EDGE('',*,*,#10010,.T.);
#10010 = EDGE_CURVE('',#10003,#10011,#10013,.T.);
#10011 = VERTEX_POINT('',#10012);
#10012 = CARTESIAN_POINT('',(4.7469266262,-0.119551811365,-11.85));
#10013 = B_SPLINE_CURVE_WITH_KNOTS('',2,(#10014,#10015,#10016),
  .UNSPECIFIED.,.F.,.F.,(3,3),(0.,0.25),.PIECEWISE_BEZIER_KNOTS.);
#10014 = CARTESIAN_POINT('',(4.8999999996,-0.15,-11.85));
#10015 = CARTESIAN_POINT('',(4.8204350532,-0.15,-11.85));
#10016 = CARTESIAN_POINT('',(4.7469266262,-0.119551811365,-11.85));
#10017 = ORIENTED_EDGE('',*,*,#10018,.T.);
#10018 = EDGE_CURVE('',#10011,#10019,#10021,.T.);
#10019 = VERTEX_POINT('',#10020);
#10020 = CARTESIAN_POINT('',(4.6171572876,-3.28427120798E-02,-11.85));
#10021 = B_SPLINE_CURVE_WITH_KNOTS('',2,(#10022,#10023,#10024),
  .UNSPECIFIED.,.F.,.F.,(3,3),(0.25,0.5),.PIECEWISE_BEZIER_KNOTS.);
#10022 = CARTESIAN_POINT('',(4.7469266262,-0.119551811365,-11.85));
#10023 = CARTESIAN_POINT('',(4.673418201,-8.91036269057E-02,-11.85));
#10024 = CARTESIAN_POINT('',(4.6171572876,-3.28427120798E-02,-11.85));
#10025 = ORIENTED_EDGE('',*,*,#10026,.T.);
#10026 = EDGE_CURVE('',#10019,#10027,#10029,.T.);
#10027 = VERTEX_POINT('',#10028);
#10028 = CARTESIAN_POINT('',(4.5304481862,9.69266272731E-02,-11.85));
#10029 = B_SPLINE_CURVE_WITH_KNOTS('',2,(#10030,#10031,#10032),
  .UNSPECIFIED.,.F.,.F.,(3,3),(0.5,0.75),.PIECEWISE_BEZIER_KNOTS.);
#10030 = CARTESIAN_POINT('',(4.6171572876,-3.28427120798E-02,-11.85));
#10031 = CARTESIAN_POINT('',(4.5608963742,2.34182027461E-02,-11.85));
#10032 = CARTESIAN_POINT('',(4.5304481862,9.69266272731E-02,-11.85));
#10033 = ORIENTED_EDGE('',*,*,#10034,.T.);
#10034 = EDGE_CURVE('',#10027,#10035,#10037,.T.);
#10035 = VERTEX_POINT('',#10036);
#10036 = CARTESIAN_POINT('',(4.5,0.249999999791,-11.85));
#10037 = B_SPLINE_CURVE_WITH_KNOTS('',2,(#10038,#10039,#10040),
  .UNSPECIFIED.,.F.,.F.,(3,3),(0.75,1.),.PIECEWISE_BEZIER_KNOTS.);
#10038 = CARTESIAN_POINT('',(4.5304481862,9.69266272731E-02,-11.85));
#10039 = CARTESIAN_POINT('',(4.5,0.1704350518,-11.85));
#10040 = CARTESIAN_POINT('',(4.5,0.249999999582,-11.85));
#10041 = ORIENTED_EDGE('',*,*,#10042,.T.);
#10042 = EDGE_CURVE('',#10035,#9937,#10043,.T.);
#10043 = LINE('',#10044,#10045);
#10044 = CARTESIAN_POINT('',(4.5,0.25,-11.85));
#10045 = VECTOR('',#10046,1.);
#10046 = DIRECTION('',(0.,1.,0.));
#10047 = B_SPLINE_SURFACE_WITH_KNOTS('',1,1,(
    (#10048,#10049)
    ,(#10050,#10051
    )),.UNSPECIFIED.,.F.,.F.,.F.,(2,2),(2,2),(0.,1.),(0.,1.),
  .PIECEWISE_BEZIER_KNOTS.);
#10048 = CARTESIAN_POINT('',(6.3,-0.15,-11.85));
#10049 = CARTESIAN_POINT('',(6.3,4.0249,-11.85));
#10050 = CARTESIAN_POINT('',(4.5,-0.15,-11.85));
#10051 = CARTESIAN_POINT('',(4.5,4.0249,-11.85));
#10052 = SHELL_BASED_SURFACE_MODEL('',(#10053));
#10053 = OPEN_SHELL('',(#10054));
#10054 = ADVANCED_FACE('',(#10055),#10137,.T.);
#10055 = FACE_BOUND('',#10056,.T.);
#10056 = EDGE_LOOP('',(#10057,#10067,#10075,#10083,#10091,#10099,#10107,
    #10115,#10123,#10131));
#10057 = ORIENTED_EDGE('',*,*,#10058,.T.);
#10058 = EDGE_CURVE('',#10059,#10061,#10063,.T.);
#10059 = VERTEX_POINT('',#10060);
#10060 = CARTESIAN_POINT('',(4.9,3.6,-9.85));
#10061 = VERTEX_POINT('',#10062);
#10062 = CARTESIAN_POINT('',(4.9,3.6,-11.85));
#10063 = LINE('',#10064,#10065);
#10064 = CARTESIAN_POINT('',(4.9,3.6,-9.85));
#10065 = VECTOR('',#10066,1.);
#10066 = DIRECTION('',(0.,0.,-1.));
#10067 = ORIENTED_EDGE('',*,*,#10068,.T.);
#10068 = EDGE_CURVE('',#10061,#10069,#10071,.T.);
#10069 = VERTEX_POINT('',#10070);
#10070 = CARTESIAN_POINT('',(4.9,0.25,-11.85));
#10071 = LINE('',#10072,#10073);
#10072 = CARTESIAN_POINT('',(4.9,3.6,-11.85));
#10073 = VECTOR('',#10074,1.);
#10074 = DIRECTION('',(0.,-1.,0.));
#10075 = ORIENTED_EDGE('',*,*,#10076,.T.);
#10076 = EDGE_CURVE('',#10069,#10077,#10079,.T.);
#10077 = VERTEX_POINT('',#10078);
#10078 = CARTESIAN_POINT('',(4.9,0.25,-10.35));
#10079 = LINE('',#10080,#10081);
#10080 = CARTESIAN_POINT('',(4.9,0.25,-11.85));
#10081 = VECTOR('',#10082,1.);
#10082 = DIRECTION('',(0.,0.,1.));
#10083 = ORIENTED_EDGE('',*,*,#10084,.T.);
#10084 = EDGE_CURVE('',#10077,#10085,#10087,.T.);
#10085 = VERTEX_POINT('',#10086);
#10086 = CARTESIAN_POINT('',(4.9,0.53431457435,-10.35));
#10087 = LINE('',#10088,#10089);
#10088 = CARTESIAN_POINT('',(4.9,0.25,-10.35));
#10089 = VECTOR('',#10090,1.);
#10090 = DIRECTION('',(0.,1.,0.));
#10091 = ORIENTED_EDGE('',*,*,#10092,.T.);
#10092 = EDGE_CURVE('',#10085,#10093,#10095,.T.);
#10093 = VERTEX_POINT('',#10094);
#10094 = CARTESIAN_POINT('',(4.9,0.68738794945,-10.319551814));
#10095 = B_SPLINE_CURVE_WITH_KNOTS('',2,(#10096,#10097,#10098),
  .UNSPECIFIED.,.F.,.F.,(3,3),(0.,0.5),.PIECEWISE_BEZIER_KNOTS.);
#10096 = CARTESIAN_POINT('',(4.9,0.5343145737,-10.35));
#10097 = CARTESIAN_POINT('',(4.9,0.61387952255,-10.35));
#10098 = CARTESIAN_POINT('',(4.9,0.68738794945,-10.319551814));
#10099 = ORIENTED_EDGE('',*,*,#10100,.T.);
#10100 = EDGE_CURVE('',#10093,#10101,#10103,.T.);
#10101 = VERTEX_POINT('',#10102);
#10102 = CARTESIAN_POINT('',(4.9,0.817157288025,-10.232842712));
#10103 = B_SPLINE_CURVE_WITH_KNOTS('',2,(#10104,#10105,#10106),
  .UNSPECIFIED.,.F.,.F.,(3,3),(0.5,1.),.PIECEWISE_BEZIER_KNOTS.);
#10104 = CARTESIAN_POINT('',(4.9,0.68738794945,-10.319551814));
#10105 = CARTESIAN_POINT('',(4.9,0.760896373,-10.289103626));
#10106 = CARTESIAN_POINT('',(4.9,0.81715728805,-10.232842712));
#10107 = ORIENTED_EDGE('',*,*,#10108,.T.);
#10108 = EDGE_CURVE('',#10101,#10109,#10111,.T.);
#10109 = VERTEX_POINT('',#10110);
#10110 = CARTESIAN_POINT('',(4.9,1.082842712375,-9.967157288));
#10111 = LINE('',#10112,#10113);
#10112 = CARTESIAN_POINT('',(4.9,0.817157288,-10.232842712));
#10113 = VECTOR('',#10114,1.);
#10114 = DIRECTION('',(0.,0.707106781187,0.707106781187));
#10115 = ORIENTED_EDGE('',*,*,#10116,.T.);
#10116 = EDGE_CURVE('',#10109,#10117,#10119,.T.);
#10117 = VERTEX_POINT('',#10118);
#10118 = CARTESIAN_POINT('',(4.9,1.21261205135,-9.880448186));
#10119 = B_SPLINE_CURVE_WITH_KNOTS('',2,(#10120,#10121,#10122),
  .UNSPECIFIED.,.F.,.F.,(3,3),(0.,0.5),.PIECEWISE_BEZIER_KNOTS.);
#10120 = CARTESIAN_POINT('',(4.9,1.08284271275,-9.967157288));
#10121 = CARTESIAN_POINT('',(4.9,1.13910362445,-9.910896374));
#10122 = CARTESIAN_POINT('',(4.9,1.21261205135,-9.880448186));
#10123 = ORIENTED_EDGE('',*,*,#10124,.T.);
#10124 = EDGE_CURVE('',#10117,#10125,#10127,.T.);
#10125 = VERTEX_POINT('',#10126);
#10126 = CARTESIAN_POINT('',(4.9,1.365685424375,-9.85));
#10127 = B_SPLINE_CURVE_WITH_KNOTS('',2,(#10128,#10129,#10130),
  .UNSPECIFIED.,.F.,.F.,(3,3),(0.5,1.),.PIECEWISE_BEZIER_KNOTS.);
#10128 = CARTESIAN_POINT('',(4.9,1.21261205135,-9.880448186));
#10129 = CARTESIAN_POINT('',(4.9,1.28612047825,-9.85));
#10130 = CARTESIAN_POINT('',(4.9,1.36568542375,-9.85));
#10131 = ORIENTED_EDGE('',*,*,#10132,.T.);
#10132 = EDGE_CURVE('',#10125,#10059,#10133,.T.);
#10133 = LINE('',#10134,#10135);
#10134 = CARTESIAN_POINT('',(4.9,1.365685425,-9.85));
#10135 = VECTOR('',#10136,1.);
#10136 = DIRECTION('',(0.,1.,0.));
#10137 = B_SPLINE_SURFACE_WITH_KNOTS('',1,1,(
    (#10138,#10139)
    ,(#10140,#10141
    )),.UNSPECIFIED.,.F.,.F.,.F.,(2,2),(2,2),(0.,1.),(0.,1.),
  .PIECEWISE_BEZIER_KNOTS.);
#10138 = CARTESIAN_POINT('',(4.9,3.6,-11.85));
#10139 = CARTESIAN_POINT('',(4.9,3.6,-9.85));
#10140 = CARTESIAN_POINT('',(4.9,0.25,-11.85));
#10141 = CARTESIAN_POINT('',(4.9,0.25,-9.85));
#10142 = SHELL_BASED_SURFACE_MODEL('',(#10143));
#10143 = OPEN_SHELL('',(#10144));
#10144 = ADVANCED_FACE('',(#10145),#10188,.T.);
#10145 = FACE_BOUND('',#10146,.T.);
#10146 = EDGE_LOOP('',(#10147,#10157,#10165,#10173,#10182));
#10147 = ORIENTED_EDGE('',*,*,#10148,.T.);
#10148 = EDGE_CURVE('',#10149,#10151,#10153,.T.);
#10149 = VERTEX_POINT('',#10150);
#10150 = CARTESIAN_POINT('',(4.5,0.6,-11.85));
#10151 = VERTEX_POINT('',#10152);
#10152 = CARTESIAN_POINT('',(4.5,0.25,-11.85));
#10153 = LINE('',#10154,#10155);
#10154 = CARTESIAN_POINT('',(4.5,0.6,-11.85));
#10155 = VECTOR('',#10156,1.);
#10156 = DIRECTION('',(0.,-1.,0.));
#10157 = ORIENTED_EDGE('',*,*,#10158,.T.);
#10158 = EDGE_CURVE('',#10151,#10159,#10161,.T.);
#10159 = VERTEX_POINT('',#10160);
#10160 = CARTESIAN_POINT('',(4.5,0.25,-10.35));
#10161 = LINE('',#10162,#10163);
#10162 = CARTESIAN_POINT('',(4.5,0.25,-11.85));
#10163 = VECTOR('',#10164,1.);
#10164 = DIRECTION('',(0.,0.,1.));
#10165 = ORIENTED_EDGE('',*,*,#10166,.T.);
#10166 = EDGE_CURVE('',#10159,#10167,#10169,.T.);
#10167 = VERTEX_POINT('',#10168);
#10168 = CARTESIAN_POINT('',(4.5,0.534314575,-10.35));
#10169 = LINE('',#10170,#10171);
#10170 = CARTESIAN_POINT('',(4.5,0.25,-10.35));
#10171 = VECTOR('',#10172,1.);
#10172 = DIRECTION('',(0.,1.,0.));
#10173 = ORIENTED_EDGE('',*,*,#10174,.T.);
#10174 = EDGE_CURVE('',#10167,#10175,#10177,.T.);
#10175 = VERTEX_POINT('',#10176);
#10176 = CARTESIAN_POINT('',(4.5,0.600000000004,-10.34456992402));
#10177 = CIRCLE('',#10178,0.4);
#10178 = AXIS2_PLACEMENT_3D('',#10179,#10180,#10181);
#10179 = CARTESIAN_POINT('',(4.5,0.534314575,-9.95));
#10180 = DIRECTION('',(1.,3.097720492816E-16,6.123233995737E-17));
#10181 = DIRECTION('',(6.123233995737E-17,-3.097720492816E-16,-1.));
#10182 = ORIENTED_EDGE('',*,*,#10183,.T.);
#10183 = EDGE_CURVE('',#10175,#10149,#10184,.T.);
#10184 = LINE('',#10185,#10186);
#10185 = CARTESIAN_POINT('',(4.5,0.6,-10.344569924));
#10186 = VECTOR('',#10187,1.);
#10187 = DIRECTION('',(0.,0.,-1.));
#10188 = B_SPLINE_SURFACE_WITH_KNOTS('',1,1,(
    (#10189,#10190)
    ,(#10191,#10192
    )),.UNSPECIFIED.,.F.,.F.,.F.,(2,2),(2,2),(0.,1.),(0.,1.),
  .PIECEWISE_BEZIER_KNOTS.);
#10189 = CARTESIAN_POINT('',(4.5,0.6,-11.85));
#10190 = CARTESIAN_POINT('',(4.5,0.6,-10.335537344));
#10191 = CARTESIAN_POINT('',(4.5,0.25,-11.85));
#10192 = CARTESIAN_POINT('',(4.5,0.25,-10.335537344));
#10193 = SHELL_BASED_SURFACE_MODEL('',(#10194));
#10194 = OPEN_SHELL('',(#10195));
#10195 = ADVANCED_FACE('',(#10196),#10230,.T.);
#10196 = FACE_BOUND('',#10197,.T.);
#10197 = EDGE_LOOP('',(#10198,#10208,#10216,#10224));
#10198 = ORIENTED_EDGE('',*,*,#10199,.T.);
#10199 = EDGE_CURVE('',#10200,#10202,#10204,.T.);
#10200 = VERTEX_POINT('',#10201);
#10201 = CARTESIAN_POINT('',(4.9,0.25,-11.85));
#10202 = VERTEX_POINT('',#10203);
#10203 = CARTESIAN_POINT('',(4.9,0.25,-10.35));
#10204 = LINE('',#10205,#10206);
#10205 = CARTESIAN_POINT('',(4.9,0.25,-11.85));
#10206 = VECTOR('',#10207,1.);
#10207 = DIRECTION('',(0.,0.,1.));
#10208 = ORIENTED_EDGE('',*,*,#10209,.T.);
#10209 = EDGE_CURVE('',#10202,#10210,#10212,.T.);
#10210 = VERTEX_POINT('',#10211);
#10211 = CARTESIAN_POINT('',(6.3,0.25,-10.35));
#10212 = LINE('',#10213,#10214);
#10213 = CARTESIAN_POINT('',(4.9,0.25,-10.35));
#10214 = VECTOR('',#10215,1.);
#10215 = DIRECTION('',(1.,0.,0.));
#10216 = ORIENTED_EDGE('',*,*,#10217,.T.);
#10217 = EDGE_CURVE('',#10210,#10218,#10220,.T.);
#10218 = VERTEX_POINT('',#10219);
#10219 = CARTESIAN_POINT('',(6.3,0.25,-11.85));
#10220 = LINE('',#10221,#10222);
#10221 = CARTESIAN_POINT('',(6.3,0.25,-10.35));
#10222 = VECTOR('',#10223,1.);
#10223 = DIRECTION('',(0.,0.,-1.));
#10224 = ORIENTED_EDGE('',*,*,#10225,.T.);
#10225 = EDGE_CURVE('',#10218,#10200,#10226,.T.);
#10226 = LINE('',#10227,#10228);
#10227 = CARTESIAN_POINT('',(6.3,0.25,-11.85));
#10228 = VECTOR('',#10229,1.);
#10229 = DIRECTION('',(-1.,0.,0.));
#10230 = B_SPLINE_SURFACE_WITH_KNOTS('',1,1,(
    (#10231,#10232)
    ,(#10233,#10234
    )),.UNSPECIFIED.,.F.,.F.,.F.,(2,2),(2,2),(0.,1.),(0.,1.),
  .PIECEWISE_BEZIER_KNOTS.);
#10231 = CARTESIAN_POINT('',(6.3,0.25,-11.85));
#10232 = CARTESIAN_POINT('',(6.3,0.25,-10.35));
#10233 = CARTESIAN_POINT('',(4.9,0.25,-11.85));
#10234 = CARTESIAN_POINT('',(4.9,0.25,-10.35));
#10235 = SHELL_BASED_SURFACE_MODEL('',(#10236));
#10236 = OPEN_SHELL('',(#10237));
#10237 = ADVANCED_FACE('',(#10238),#10272,.T.);
#10238 = FACE_BOUND('',#10239,.T.);
#10239 = EDGE_LOOP('',(#10240,#10250,#10258,#10266));
#10240 = ORIENTED_EDGE('',*,*,#10241,.T.);
#10241 = EDGE_CURVE('',#10242,#10244,#10246,.T.);
#10242 = VERTEX_POINT('',#10243);
#10243 = CARTESIAN_POINT('',(6.3,-0.15,-10.35));
#10244 = VERTEX_POINT('',#10245);
#10245 = CARTESIAN_POINT('',(6.3,0.25,-10.35));
#10246 = LINE('',#10247,#10248);
#10247 = CARTESIAN_POINT('',(6.3,-0.15,-10.35));
#10248 = VECTOR('',#10249,1.);
#10249 = DIRECTION('',(0.,1.,0.));
#10250 = ORIENTED_EDGE('',*,*,#10251,.T.);
#10251 = EDGE_CURVE('',#10244,#10252,#10254,.T.);
#10252 = VERTEX_POINT('',#10253);
#10253 = CARTESIAN_POINT('',(6.3,0.25,-11.85));
#10254 = LINE('',#10255,#10256);
#10255 = CARTESIAN_POINT('',(6.3,0.25,-10.35));
#10256 = VECTOR('',#10257,1.);
#10257 = DIRECTION('',(0.,0.,-1.));
#10258 = ORIENTED_EDGE('',*,*,#10259,.T.);
#10259 = EDGE_CURVE('',#10252,#10260,#10262,.T.);
#10260 = VERTEX_POINT('',#10261);
#10261 = CARTESIAN_POINT('',(6.3,-0.15,-11.85));
#10262 = LINE('',#10263,#10264);
#10263 = CARTESIAN_POINT('',(6.3,0.25,-11.85));
#10264 = VECTOR('',#10265,1.);
#10265 = DIRECTION('',(0.,-1.,0.));
#10266 = ORIENTED_EDGE('',*,*,#10267,.T.);
#10267 = EDGE_CURVE('',#10260,#10242,#10268,.T.);
#10268 = LINE('',#10269,#10270);
#10269 = CARTESIAN_POINT('',(6.3,-0.15,-11.85));
#10270 = VECTOR('',#10271,1.);
#10271 = DIRECTION('',(0.,0.,1.));
#10272 = B_SPLINE_SURFACE_WITH_KNOTS('',1,1,(
    (#10273,#10274)
    ,(#10275,#10276
    )),.UNSPECIFIED.,.F.,.F.,.F.,(2,2),(2,2),(0.,1.),(0.,1.),
  .PIECEWISE_BEZIER_KNOTS.);
#10273 = CARTESIAN_POINT('',(6.3,0.25,-11.85));
#10274 = CARTESIAN_POINT('',(6.3,0.25,-10.35));
#10275 = CARTESIAN_POINT('',(6.3,-0.15,-11.85));
#10276 = CARTESIAN_POINT('',(6.3,-0.15,-10.35));
#10277 = SHELL_BASED_SURFACE_MODEL('',(#10278));
#10278 = OPEN_SHELL('',(#10279));
#10279 = ADVANCED_FACE('',(#10280),#10316,.T.);
#10280 = FACE_BOUND('',#10281,.T.);
#10281 = EDGE_LOOP('',(#10282,#10292,#10301,#10309));
#10282 = ORIENTED_EDGE('',*,*,#10283,.F.);
#10283 = EDGE_CURVE('',#10284,#10286,#10288,.T.);
#10284 = VERTEX_POINT('',#10285);
#10285 = CARTESIAN_POINT('',(4.5,1.082842712212,-9.967157287763));
#10286 = VERTEX_POINT('',#10287);
#10287 = CARTESIAN_POINT('',(4.9,1.082842712255,-9.967157287745));
#10288 = LINE('',#10289,#10290);
#10289 = CARTESIAN_POINT('',(4.5,1.082842712,-9.967157288));
#10290 = VECTOR('',#10291,1.);
#10291 = DIRECTION('',(1.,0.,0.));
#10292 = ORIENTED_EDGE('',*,*,#10293,.F.);
#10293 = EDGE_CURVE('',#10294,#10284,#10296,.T.);
#10294 = VERTEX_POINT('',#10295);
#10295 = CARTESIAN_POINT('',(4.5,1.365685424949,-9.85));
#10296 = CIRCLE('',#10297,0.4);
#10297 = AXIS2_PLACEMENT_3D('',#10298,#10299,#10300);
#10298 = CARTESIAN_POINT('',(4.5,1.365685424898,-10.25));
#10299 = DIRECTION('',(1.,-8.850629979474E-17,6.123233995737E-17));
#10300 = DIRECTION('',(-6.123233995737E-17,-1.417689633508E-14,1.));
#10301 = ORIENTED_EDGE('',*,*,#10302,.F.);
#10302 = EDGE_CURVE('',#10303,#10294,#10305,.T.);
#10303 = VERTEX_POINT('',#10304);
#10304 = CARTESIAN_POINT('',(4.9,1.365685424993,-9.849999999982));
#10305 = LINE('',#10306,#10307);
#10306 = CARTESIAN_POINT('',(4.9,1.365685425,-9.85));
#10307 = VECTOR('',#10308,1.);
#10308 = DIRECTION('',(-1.,0.,0.));
#10309 = ORIENTED_EDGE('',*,*,#10310,.F.);
#10310 = EDGE_CURVE('',#10286,#10303,#10311,.T.);
#10311 = CIRCLE('',#10312,0.4);
#10312 = AXIS2_PLACEMENT_3D('',#10313,#10314,#10315);
#10313 = CARTESIAN_POINT('',(4.9,1.365685424985,-10.24999999996));
#10314 = DIRECTION('',(-1.,-3.097720492816E-16,6.123233995737E-17));
#10315 = DIRECTION('',(2.623397194808E-16,-0.707106781187,0.707106781187
    ));
#10316 = SURFACE_OF_REVOLUTION('',#10317,#10321);
#10317 = LINE('',#10318,#10319);
#10318 = CARTESIAN_POINT('',(4.9,0.965685425,-10.25));
#10319 = VECTOR('',#10320,1.);
#10320 = DIRECTION('',(-1.,0.,0.));
#10321 = AXIS1_PLACEMENT('',#10322,#10323);
#10322 = CARTESIAN_POINT('',(4.9,1.365685425,-10.25));
#10323 = DIRECTION('',(1.,0.,0.));
#10324 = SHELL_BASED_SURFACE_MODEL('',(#10325));
#10325 = OPEN_SHELL('',(#10326));
#10326 = ADVANCED_FACE('',(#10327),#10372,.T.);
#10327 = FACE_BOUND('',#10328,.T.);
#10328 = EDGE_LOOP('',(#10329,#10340,#10348,#10357,#10366));
#10329 = ORIENTED_EDGE('',*,*,#10330,.F.);
#10330 = EDGE_CURVE('',#10331,#10333,#10335,.T.);
#10331 = VERTEX_POINT('',#10332);
#10332 = CARTESIAN_POINT('',(4.9,0.817157287781,-10.23284271221));
#10333 = VERTEX_POINT('',#10334);
#10334 = CARTESIAN_POINT('',(4.9,0.53431457469,-10.34999999998));
#10335 = CIRCLE('',#10336,0.4);
#10336 = AXIS2_PLACEMENT_3D('',#10337,#10338,#10339);
#10337 = CARTESIAN_POINT('',(4.9,0.534314575087,-9.949999999964));
#10338 = DIRECTION('',(-1.,-3.097720492816E-16,6.123233995737E-17));
#10339 = DIRECTION('',(-2.623397194808E-16,0.707106781187,
    -0.707106781187));
#10340 = ORIENTED_EDGE('',*,*,#10341,.F.);
#10341 = EDGE_CURVE('',#10342,#10331,#10344,.T.);
#10342 = VERTEX_POINT('',#10343);
#10343 = CARTESIAN_POINT('',(4.5,0.817157287944,-10.23284271203));
#10344 = LINE('',#10345,#10346);
#10345 = CARTESIAN_POINT('',(4.5,0.817157288,-10.232842712));
#10346 = VECTOR('',#10347,1.);
#10347 = DIRECTION('',(1.,0.,0.));
#10348 = ORIENTED_EDGE('',*,*,#10349,.F.);
#10349 = EDGE_CURVE('',#10350,#10342,#10352,.T.);
#10350 = VERTEX_POINT('',#10351);
#10351 = CARTESIAN_POINT('',(4.5,0.599999999977,-10.34456992403));
#10352 = CIRCLE('',#10353,0.4);
#10353 = AXIS2_PLACEMENT_3D('',#10354,#10355,#10356);
#10354 = CARTESIAN_POINT('',(4.5,0.534314575001,-9.950000000008));
#10355 = DIRECTION('',(1.,-8.850629979474E-17,6.123233995737E-17));
#10356 = DIRECTION('',(7.493503409469E-17,0.164213562373,-0.986424810076
    ));
#10357 = ORIENTED_EDGE('',*,*,#10358,.F.);
#10358 = EDGE_CURVE('',#10359,#10350,#10361,.T.);
#10359 = VERTEX_POINT('',#10360);
#10360 = CARTESIAN_POINT('',(4.5,0.534314575,-10.35));
#10361 = CIRCLE('',#10362,0.4);
#10362 = AXIS2_PLACEMENT_3D('',#10363,#10364,#10365);
#10363 = CARTESIAN_POINT('',(4.5,0.534314575,-9.95));
#10364 = DIRECTION('',(1.,3.097720492816E-16,6.123233995737E-17));
#10365 = DIRECTION('',(6.123233995737E-17,-3.097720492816E-16,-1.));
#10366 = ORIENTED_EDGE('',*,*,#10367,.F.);
#10367 = EDGE_CURVE('',#10333,#10359,#10368,.T.);
#10368 = LINE('',#10369,#10370);
#10369 = CARTESIAN_POINT('',(4.9,0.534314575,-10.35));
#10370 = VECTOR('',#10371,1.);
#10371 = DIRECTION('',(-1.,0.,0.));
#10372 = SURFACE_OF_REVOLUTION('',#10373,#10377);
#10373 = LINE('',#10374,#10375);
#10374 = CARTESIAN_POINT('',(4.5,0.934314575,-9.95));
#10375 = VECTOR('',#10376,1.);
#10376 = DIRECTION('',(1.,0.,0.));
#10377 = AXIS1_PLACEMENT('',#10378,#10379);
#10378 = CARTESIAN_POINT('',(4.9,0.534314575,-9.95));
#10379 = DIRECTION('',(-1.,0.,0.));
#10380 = SHELL_BASED_SURFACE_MODEL('',(#10381));
#10381 = OPEN_SHELL('',(#10382));
#10382 = ADVANCED_FACE('',(#10383),#10419,.T.);
#10383 = FACE_BOUND('',#10384,.T.);
#10384 = EDGE_LOOP('',(#10385,#10396,#10404,#10413));
#10385 = ORIENTED_EDGE('',*,*,#10386,.F.);
#10386 = EDGE_CURVE('',#10387,#10389,#10391,.T.);
#10387 = VERTEX_POINT('',#10388);
#10388 = CARTESIAN_POINT('',(-1.525,4.439229513,-13.8));
#10389 = VERTEX_POINT('',#10390);
#10390 = CARTESIAN_POINT('',(-1.651950355035,4.731537383962,-13.8));
#10391 = CIRCLE('',#10392,0.4);
#10392 = AXIS2_PLACEMENT_3D('',#10393,#10394,#10395);
#10393 = CARTESIAN_POINT('',(-1.925,4.439229513,-13.8));
#10394 = DIRECTION('',(0.,0.,1.));
#10395 = DIRECTION('',(1.,0.,-0.));
#10396 = ORIENTED_EDGE('',*,*,#10397,.F.);
#10397 = EDGE_CURVE('',#10398,#10387,#10400,.T.);
#10398 = VERTEX_POINT('',#10399);
#10399 = CARTESIAN_POINT('',(-1.525000000008,4.439229512703,-13.4));
#10400 = LINE('',#10401,#10402);
#10401 = CARTESIAN_POINT('',(-1.525,4.439229513,-13.4));
#10402 = VECTOR('',#10403,1.);
#10403 = DIRECTION('',(0.,0.,-1.));
#10404 = ORIENTED_EDGE('',*,*,#10405,.F.);
#10405 = EDGE_CURVE('',#10406,#10398,#10408,.T.);
#10406 = VERTEX_POINT('',#10407);
#10407 = CARTESIAN_POINT('',(-1.651950354813,4.731537383765,-13.4));
#10408 = CIRCLE('',#10409,0.4);
#10409 = AXIS2_PLACEMENT_3D('',#10410,#10411,#10412);
#10410 = CARTESIAN_POINT('',(-1.925000000016,4.439229513037,-13.4));
#10411 = DIRECTION('',(-3.944304526105E-31,-6.982962677686E-15,-1.));
#10412 = DIRECTION('',(0.682624113475,0.730769676233,-5.102937375123E-15
    ));
#10413 = ORIENTED_EDGE('',*,*,#10414,.F.);
#10414 = EDGE_CURVE('',#10389,#10406,#10415,.T.);
#10415 = LINE('',#10416,#10417);
#10416 = CARTESIAN_POINT('',(-1.651950355,4.731537384,-13.8));
#10417 = VECTOR('',#10418,1.);
#10418 = DIRECTION('',(0.,0.,1.));
#10419 = SURFACE_OF_REVOLUTION('',#10420,#10424);
#10420 = LINE('',#10421,#10422);
#10421 = CARTESIAN_POINT('',(-1.525,4.439229513,-13.8));
#10422 = VECTOR('',#10423,1.);
#10423 = DIRECTION('',(0.,0.,1.));
#10424 = AXIS1_PLACEMENT('',#10425,#10426);
#10425 = CARTESIAN_POINT('',(-1.925,4.439229513,-13.8));
#10426 = DIRECTION('',(0.,0.,-1.));
#10427 = SHELL_BASED_SURFACE_MODEL('',(#10428));
#10428 = OPEN_SHELL('',(#10429));
#10429 = ADVANCED_FACE('',(#10430),#10466,.T.);
#10430 = FACE_BOUND('',#10431,.T.);
#10431 = EDGE_LOOP('',(#10432,#10443,#10451,#10460));
#10432 = ORIENTED_EDGE('',*,*,#10433,.F.);
#10433 = EDGE_CURVE('',#10434,#10436,#10438,.T.);
#10434 = VERTEX_POINT('',#10435);
#10435 = CARTESIAN_POINT('',(1.651950355,4.731537384,-13.8));
#10436 = VERTEX_POINT('',#10437);
#10437 = CARTESIAN_POINT('',(1.524999999948,4.439229513,-13.8));
#10438 = CIRCLE('',#10439,0.400000000104);
#10439 = AXIS2_PLACEMENT_3D('',#10440,#10441,#10442);
#10440 = CARTESIAN_POINT('',(1.925,4.439229513,-13.8));
#10441 = DIRECTION('',(0.,0.,1.));
#10442 = DIRECTION('',(1.,0.,-0.));
#10443 = ORIENTED_EDGE('',*,*,#10444,.F.);
#10444 = EDGE_CURVE('',#10445,#10434,#10447,.T.);
#10445 = VERTEX_POINT('',#10446);
#10446 = CARTESIAN_POINT('',(1.651950355035,4.731537383962,-13.4));
#10447 = LINE('',#10448,#10449);
#10448 = CARTESIAN_POINT('',(1.651950355,4.731537384,-13.4));
#10449 = VECTOR('',#10450,1.);
#10450 = DIRECTION('',(0.,0.,-1.));
#10451 = ORIENTED_EDGE('',*,*,#10452,.F.);
#10452 = EDGE_CURVE('',#10453,#10445,#10455,.T.);
#10453 = VERTEX_POINT('',#10454);
#10454 = CARTESIAN_POINT('',(1.525,4.439229513,-13.4));
#10455 = CIRCLE('',#10456,0.4);
#10456 = AXIS2_PLACEMENT_3D('',#10457,#10458,#10459);
#10457 = CARTESIAN_POINT('',(1.925,4.439229513,-13.4));
#10458 = DIRECTION('',(5.102937375123E-15,4.766738707286E-15,-1.));
#10459 = DIRECTION('',(-1.,-7.216449660064E-16,-5.102937375123E-15));
#10460 = ORIENTED_EDGE('',*,*,#10461,.F.);
#10461 = EDGE_CURVE('',#10436,#10453,#10462,.T.);
#10462 = LINE('',#10463,#10464);
#10463 = CARTESIAN_POINT('',(1.525,4.439229513,-13.8));
#10464 = VECTOR('',#10465,1.);
#10465 = DIRECTION('',(0.,0.,1.));
#10466 = SURFACE_OF_REVOLUTION('',#10467,#10471);
#10467 = LINE('',#10468,#10469);
#10468 = CARTESIAN_POINT('',(2.325,4.439229513,-13.8));
#10469 = VECTOR('',#10470,1.);
#10470 = DIRECTION('',(0.,0.,1.));
#10471 = AXIS1_PLACEMENT('',#10472,#10473);
#10472 = CARTESIAN_POINT('',(1.925,4.439229513,-13.8));
#10473 = DIRECTION('',(0.,0.,-1.));
#10474 = SHELL_BASED_SURFACE_MODEL('',(#10475));
#10475 = OPEN_SHELL('',(#10476));
#10476 = ADVANCED_FACE('',(#10477),#10513,.T.);
#10477 = FACE_BOUND('',#10478,.T.);
#10478 = EDGE_LOOP('',(#10479,#10489,#10498,#10506));
#10479 = ORIENTED_EDGE('',*,*,#10480,.F.);
#10480 = EDGE_CURVE('',#10481,#10483,#10485,.T.);
#10481 = VERTEX_POINT('',#10482);
#10482 = CARTESIAN_POINT('',(-4.55,3.5,-4.65));
#10483 = VERTEX_POINT('',#10484);
#10484 = CARTESIAN_POINT('',(-4.95,3.5,-4.65));
#10485 = LINE('',#10486,#10487);
#10486 = CARTESIAN_POINT('',(-4.55,3.5,-4.65));
#10487 = VECTOR('',#10488,1.);
#10488 = DIRECTION('',(-1.,0.,0.));
#10489 = ORIENTED_EDGE('',*,*,#10490,.F.);
#10490 = EDGE_CURVE('',#10491,#10481,#10493,.T.);
#10491 = VERTEX_POINT('',#10492);
#10492 = CARTESIAN_POINT('',(-4.55,3.1,-4.25));
#10493 = CIRCLE('',#10494,0.4);
#10494 = AXIS2_PLACEMENT_3D('',#10495,#10496,#10497);
#10495 = CARTESIAN_POINT('',(-4.55,3.1,-4.65));
#10496 = DIRECTION('',(-1.,0.,6.123233995737E-17));
#10497 = DIRECTION('',(6.123233995737E-17,0.,1.));
#10498 = ORIENTED_EDGE('',*,*,#10499,.F.);
#10499 = EDGE_CURVE('',#10500,#10491,#10502,.T.);
#10500 = VERTEX_POINT('',#10501);
#10501 = CARTESIAN_POINT('',(-4.95,3.1,-4.25));
#10502 = LINE('',#10503,#10504);
#10503 = CARTESIAN_POINT('',(-4.95,3.1,-4.25));
#10504 = VECTOR('',#10505,1.);
#10505 = DIRECTION('',(1.,0.,0.));
#10506 = ORIENTED_EDGE('',*,*,#10507,.F.);
#10507 = EDGE_CURVE('',#10483,#10500,#10508,.T.);
#10508 = CIRCLE('',#10509,0.4);
#10509 = AXIS2_PLACEMENT_3D('',#10510,#10511,#10512);
#10510 = CARTESIAN_POINT('',(-4.95,3.1,-4.65));
#10511 = DIRECTION('',(1.,0.,6.123233995737E-17));
#10512 = DIRECTION('',(3.749399456655E-33,1.,-6.123233995737E-17));
#10513 = SURFACE_OF_REVOLUTION('',#10514,#10518);
#10514 = LINE('',#10515,#10516);
#10515 = CARTESIAN_POINT('',(-4.55,3.1,-4.25));
#10516 = VECTOR('',#10517,1.);
#10517 = DIRECTION('',(-1.,0.,0.));
#10518 = AXIS1_PLACEMENT('',#10519,#10520);
#10519 = CARTESIAN_POINT('',(-1.525,3.1,-4.65));
#10520 = DIRECTION('',(1.,0.,0.));
#10521 = SHELL_BASED_SURFACE_MODEL('',(#10522));
#10522 = OPEN_SHELL('',(#10523));
#10523 = ADVANCED_FACE('',(#10524),#10560,.T.);
#10524 = FACE_BOUND('',#10525,.T.);
#10525 = EDGE_LOOP('',(#10526,#10536,#10545,#10553));
#10526 = ORIENTED_EDGE('',*,*,#10527,.F.);
#10527 = EDGE_CURVE('',#10528,#10530,#10532,.T.);
#10528 = VERTEX_POINT('',#10529);
#10529 = CARTESIAN_POINT('',(1.125,0.5,-13.4));
#10530 = VERTEX_POINT('',#10531);
#10531 = CARTESIAN_POINT('',(1.125,0.5,-13.8));
#10532 = LINE('',#10533,#10534);
#10533 = CARTESIAN_POINT('',(1.125,0.5,-13.4));
#10534 = VECTOR('',#10535,1.);
#10535 = DIRECTION('',(0.,0.,-1.));
#10536 = ORIENTED_EDGE('',*,*,#10537,.F.);
#10537 = EDGE_CURVE('',#10538,#10528,#10540,.T.);
#10538 = VERTEX_POINT('',#10539);
#10539 = CARTESIAN_POINT('',(1.525,0.9,-13.4));
#10540 = CIRCLE('',#10541,0.4);
#10541 = AXIS2_PLACEMENT_3D('',#10542,#10543,#10544);
#10542 = CARTESIAN_POINT('',(1.125,0.9,-13.4));
#10543 = DIRECTION('',(-6.982962677686E-15,0.,-1.));
#10544 = DIRECTION('',(1.,-1.408839003529E-14,-6.982962677686E-15));
#10545 = ORIENTED_EDGE('',*,*,#10546,.F.);
#10546 = EDGE_CURVE('',#10547,#10538,#10549,.T.);
#10547 = VERTEX_POINT('',#10548);
#10548 = CARTESIAN_POINT('',(1.525,0.9,-13.8));
#10549 = LINE('',#10550,#10551);
#10550 = CARTESIAN_POINT('',(1.525,0.9,-13.8));
#10551 = VECTOR('',#10552,1.);
#10552 = DIRECTION('',(0.,0.,1.));
#10553 = ORIENTED_EDGE('',*,*,#10554,.F.);
#10554 = EDGE_CURVE('',#10530,#10547,#10555,.T.);
#10555 = CIRCLE('',#10556,0.4);
#10556 = AXIS2_PLACEMENT_3D('',#10557,#10558,#10559);
#10557 = CARTESIAN_POINT('',(1.125,0.9,-13.8));
#10558 = DIRECTION('',(0.,0.,1.));
#10559 = DIRECTION('',(1.,0.,-0.));
#10560 = SURFACE_OF_REVOLUTION('',#10561,#10565);
#10561 = LINE('',#10562,#10563);
#10562 = CARTESIAN_POINT('',(1.525,0.9,-13.8));
#10563 = VECTOR('',#10564,1.);
#10564 = DIRECTION('',(0.,0.,1.));
#10565 = AXIS1_PLACEMENT('',#10566,#10567);
#10566 = CARTESIAN_POINT('',(1.125,0.9,-13.8));
#10567 = DIRECTION('',(0.,0.,-1.));
#10568 = SHELL_BASED_SURFACE_MODEL('',(#10569));
#10569 = OPEN_SHELL('',(#10570));
#10570 = ADVANCED_FACE('',(#10571),#10607,.T.);
#10571 = FACE_BOUND('',#10572,.T.);
#10572 = EDGE_LOOP('',(#10573,#10584,#10592,#10601));
#10573 = ORIENTED_EDGE('',*,*,#10574,.F.);
#10574 = EDGE_CURVE('',#10575,#10577,#10579,.T.);
#10575 = VERTEX_POINT('',#10576);
#10576 = CARTESIAN_POINT('',(-1.925,3.5,-13.8));
#10577 = VERTEX_POINT('',#10578);
#10578 = CARTESIAN_POINT('',(-1.525,3.9,-13.8));
#10579 = CIRCLE('',#10580,0.4);
#10580 = AXIS2_PLACEMENT_3D('',#10581,#10582,#10583);
#10581 = CARTESIAN_POINT('',(-1.925,3.9,-13.8));
#10582 = DIRECTION('',(0.,0.,1.));
#10583 = DIRECTION('',(1.,0.,-0.));
#10584 = ORIENTED_EDGE('',*,*,#10585,.F.);
#10585 = EDGE_CURVE('',#10586,#10575,#10588,.T.);
#10586 = VERTEX_POINT('',#10587);
#10587 = CARTESIAN_POINT('',(-1.925,3.5,-13.4));
#10588 = LINE('',#10589,#10590);
#10589 = CARTESIAN_POINT('',(-1.925,3.5,-13.4));
#10590 = VECTOR('',#10591,1.);
#10591 = DIRECTION('',(0.,0.,-1.));
#10592 = ORIENTED_EDGE('',*,*,#10593,.F.);
#10593 = EDGE_CURVE('',#10594,#10586,#10596,.T.);
#10594 = VERTEX_POINT('',#10595);
#10595 = CARTESIAN_POINT('',(-1.525,3.9,-13.4));
#10596 = CIRCLE('',#10597,0.4);
#10597 = AXIS2_PLACEMENT_3D('',#10598,#10599,#10600);
#10598 = CARTESIAN_POINT('',(-1.925,3.9,-13.4));
#10599 = DIRECTION('',(-6.982962677686E-15,0.,-1.));
#10600 = DIRECTION('',(1.,-1.320021161355E-14,-6.982962677686E-15));
#10601 = ORIENTED_EDGE('',*,*,#10602,.F.);
#10602 = EDGE_CURVE('',#10577,#10594,#10603,.T.);
#10603 = LINE('',#10604,#10605);
#10604 = CARTESIAN_POINT('',(-1.525,3.9,-13.8));
#10605 = VECTOR('',#10606,1.);
#10606 = DIRECTION('',(0.,0.,1.));
#10607 = SURFACE_OF_REVOLUTION('',#10608,#10612);
#10608 = LINE('',#10609,#10610);
#10609 = CARTESIAN_POINT('',(-2.325,3.9,-13.4));
#10610 = VECTOR('',#10611,1.);
#10611 = DIRECTION('',(0.,0.,-1.));
#10612 = AXIS1_PLACEMENT('',#10613,#10614);
#10613 = CARTESIAN_POINT('',(-1.925,3.9,-13.8));
#10614 = DIRECTION('',(0.,0.,1.));
#10615 = SHELL_BASED_SURFACE_MODEL('',(#10616));
#10616 = OPEN_SHELL('',(#10617));
#10617 = ADVANCED_FACE('',(#10618),#10654,.T.);
#10618 = FACE_BOUND('',#10619,.T.);
#10619 = EDGE_LOOP('',(#10620,#10630,#10639,#10647));
#10620 = ORIENTED_EDGE('',*,*,#10621,.F.);
#10621 = EDGE_CURVE('',#10622,#10624,#10626,.T.);
#10622 = VERTEX_POINT('',#10623);
#10623 = CARTESIAN_POINT('',(-4.95,0.5,-13.4));
#10624 = VERTEX_POINT('',#10625);
#10625 = CARTESIAN_POINT('',(-4.95,3.5,-13.4));
#10626 = LINE('',#10627,#10628);
#10627 = CARTESIAN_POINT('',(-4.95,0.5,-13.4));
#10628 = VECTOR('',#10629,1.);
#10629 = DIRECTION('',(0.,1.,0.));
#10630 = ORIENTED_EDGE('',*,*,#10631,.F.);
#10631 = EDGE_CURVE('',#10632,#10622,#10634,.T.);
#10632 = VERTEX_POINT('',#10633);
#10633 = CARTESIAN_POINT('',(-4.55,0.5,-13.8));
#10634 = CIRCLE('',#10635,0.4);
#10635 = AXIS2_PLACEMENT_3D('',#10636,#10637,#10638);
#10636 = CARTESIAN_POINT('',(-4.55,0.5,-13.4));
#10637 = DIRECTION('',(0.,1.,6.123233995737E-17));
#10638 = DIRECTION('',(6.123233995737E-17,6.123233995737E-17,-1.));
#10639 = ORIENTED_EDGE('',*,*,#10640,.F.);
#10640 = EDGE_CURVE('',#10641,#10632,#10643,.T.);
#10641 = VERTEX_POINT('',#10642);
#10642 = CARTESIAN_POINT('',(-4.55,3.5,-13.8));
#10643 = LINE('',#10644,#10645);
#10644 = CARTESIAN_POINT('',(-4.55,3.5,-13.8));
#10645 = VECTOR('',#10646,1.);
#10646 = DIRECTION('',(0.,-1.,0.));
#10647 = ORIENTED_EDGE('',*,*,#10648,.F.);
#10648 = EDGE_CURVE('',#10624,#10641,#10649,.T.);
#10649 = CIRCLE('',#10650,0.4);
#10650 = AXIS2_PLACEMENT_3D('',#10651,#10652,#10653);
#10651 = CARTESIAN_POINT('',(-4.55,3.5,-13.4));
#10652 = DIRECTION('',(0.,-1.,6.123233995737E-17));
#10653 = DIRECTION('',(-1.,-4.275831445897E-31,-6.982962677686E-15));
#10654 = SURFACE_OF_REVOLUTION('',#10655,#10659);
#10655 = LINE('',#10656,#10657);
#10656 = CARTESIAN_POINT('',(-4.55,0.5,-13.));
#10657 = VECTOR('',#10658,1.);
#10658 = DIRECTION('',(0.,1.,0.));
#10659 = AXIS1_PLACEMENT('',#10660,#10661);
#10660 = CARTESIAN_POINT('',(-4.55,3.5,-13.4));
#10661 = DIRECTION('',(0.,-1.,0.));
#10662 = SHELL_BASED_SURFACE_MODEL('',(#10663));
#10663 = OPEN_SHELL('',(#10664));
#10664 = ADVANCED_FACE('',(#10665),#10701,.T.);
#10665 = FACE_BOUND('',#10666,.T.);
#10666 = EDGE_LOOP('',(#10667,#10677,#10686,#10694));
#10667 = ORIENTED_EDGE('',*,*,#10668,.F.);
#10668 = EDGE_CURVE('',#10669,#10671,#10673,.T.);
#10669 = VERTEX_POINT('',#10670);
#10670 = CARTESIAN_POINT('',(4.5,4.,-11.85));
#10671 = VERTEX_POINT('',#10672);
#10672 = CARTESIAN_POINT('',(4.5,4.,-9.85));
#10673 = LINE('',#10674,#10675);
#10674 = CARTESIAN_POINT('',(4.5,4.,-11.85));
#10675 = VECTOR('',#10676,1.);
#10676 = DIRECTION('',(0.,0.,1.));
#10677 = ORIENTED_EDGE('',*,*,#10678,.F.);
#10678 = EDGE_CURVE('',#10679,#10669,#10681,.T.);
#10679 = VERTEX_POINT('',#10680);
#10680 = CARTESIAN_POINT('',(4.9,3.6,-11.85));
#10681 = CIRCLE('',#10682,0.4);
#10682 = AXIS2_PLACEMENT_3D('',#10683,#10684,#10685);
#10683 = CARTESIAN_POINT('',(4.5,3.6,-11.85));
#10684 = DIRECTION('',(0.,0.,1.));
#10685 = DIRECTION('',(1.,0.,-0.));
#10686 = ORIENTED_EDGE('',*,*,#10687,.F.);
#10687 = EDGE_CURVE('',#10688,#10679,#10690,.T.);
#10688 = VERTEX_POINT('',#10689);
#10689 = CARTESIAN_POINT('',(4.9,3.6,-9.85));
#10690 = LINE('',#10691,#10692);
#10691 = CARTESIAN_POINT('',(4.9,3.6,-9.85));
#10692 = VECTOR('',#10693,1.);
#10693 = DIRECTION('',(0.,0.,-1.));
#10694 = ORIENTED_EDGE('',*,*,#10695,.F.);
#10695 = EDGE_CURVE('',#10671,#10688,#10696,.T.);
#10696 = CIRCLE('',#10697,0.4);
#10697 = AXIS2_PLACEMENT_3D('',#10698,#10699,#10700);
#10698 = CARTESIAN_POINT('',(4.5,3.6,-9.85));
#10699 = DIRECTION('',(0.,-6.982962677686E-15,-1.));
#10700 = DIRECTION('',(6.123233995737E-17,1.,-6.982962677686E-15));
#10701 = SURFACE_OF_REVOLUTION('',#10702,#10706);
#10702 = LINE('',#10703,#10704);
#10703 = CARTESIAN_POINT('',(4.9,3.6,-11.85));
#10704 = VECTOR('',#10705,1.);
#10705 = DIRECTION('',(0.,0.,1.));
#10706 = AXIS1_PLACEMENT('',#10707,#10708);
#10707 = CARTESIAN_POINT('',(4.5,3.6,-11.85));
#10708 = DIRECTION('',(0.,0.,-1.));
#10709 = SHELL_BASED_SURFACE_MODEL('',(#10710));
#10710 = OPEN_SHELL('',(#10711));
#10711 = ADVANCED_FACE('',(#10712),#10748,.T.);
#10712 = FACE_BOUND('',#10713,.T.);
#10713 = EDGE_LOOP('',(#10714,#10724,#10733,#10741));
#10714 = ORIENTED_EDGE('',*,*,#10715,.F.);
#10715 = EDGE_CURVE('',#10716,#10718,#10720,.T.);
#10716 = VERTEX_POINT('',#10717);
#10717 = CARTESIAN_POINT('',(4.5,0.24999999998,-10.35));
#10718 = VERTEX_POINT('',#10719);
#10719 = CARTESIAN_POINT('',(4.5,0.25,-11.85));
#10720 = LINE('',#10721,#10722);
#10721 = CARTESIAN_POINT('',(4.5,0.25,-10.35));
#10722 = VECTOR('',#10723,1.);
#10723 = DIRECTION('',(0.,0.,-1.));
#10724 = ORIENTED_EDGE('',*,*,#10725,.F.);
#10725 = EDGE_CURVE('',#10726,#10716,#10728,.T.);
#10726 = VERTEX_POINT('',#10727);
#10727 = CARTESIAN_POINT('',(4.90000000002,-0.15,-10.35));
#10728 = CIRCLE('',#10729,0.4);
#10729 = AXIS2_PLACEMENT_3D('',#10730,#10731,#10732);
#10730 = CARTESIAN_POINT('',(4.9,0.25,-10.35));
#10731 = DIRECTION('',(8.673617379884E-15,6.982962677686E-15,-1.));
#10732 = DIRECTION('',(-1.490116059051E-08,-1.,-6.982962806933E-15));
#10733 = ORIENTED_EDGE('',*,*,#10734,.F.);
#10734 = EDGE_CURVE('',#10735,#10726,#10737,.T.);
#10735 = VERTEX_POINT('',#10736);
#10736 = CARTESIAN_POINT('',(4.9,-0.15,-11.85));
#10737 = LINE('',#10738,#10739);
#10738 = CARTESIAN_POINT('',(4.9,-0.15,-11.85));
#10739 = VECTOR('',#10740,1.);
#10740 = DIRECTION('',(0.,0.,1.));
#10741 = ORIENTED_EDGE('',*,*,#10742,.F.);
#10742 = EDGE_CURVE('',#10718,#10735,#10743,.T.);
#10743 = CIRCLE('',#10744,0.4);
#10744 = AXIS2_PLACEMENT_3D('',#10745,#10746,#10747);
#10745 = CARTESIAN_POINT('',(4.9,0.25,-11.85));
#10746 = DIRECTION('',(0.,0.,1.));
#10747 = DIRECTION('',(1.,0.,-0.));
#10748 = SURFACE_OF_REVOLUTION('',#10749,#10753);
#10749 = LINE('',#10750,#10751);
#10750 = CARTESIAN_POINT('',(4.9,-0.15,-11.85));
#10751 = VECTOR('',#10752,1.);
#10752 = DIRECTION('',(0.,0.,1.));
#10753 = AXIS1_PLACEMENT('',#10754,#10755);
#10754 = CARTESIAN_POINT('',(4.9,0.25,-9.85));
#10755 = DIRECTION('',(0.,0.,-1.));
#10756 = ( GEOMETRIC_REPRESENTATION_CONTEXT(3) 
GLOBAL_UNCERTAINTY_ASSIGNED_CONTEXT((#10760)) 
GLOBAL_UNIT_ASSIGNED_CONTEXT((#10757,#10758,#10759)) 
REPRESENTATION_CONTEXT('Context #1',
  '3D Context with UNIT and UNCERTAINTY') );
#10757 = ( LENGTH_UNIT() NAMED_UNIT(*) SI_UNIT(.MILLI.,.METRE.) );
#10758 = ( NAMED_UNIT(*) PLANE_ANGLE_UNIT() SI_UNIT($,.RADIAN.) );
#10759 = ( NAMED_UNIT(*) SI_UNIT($,.STERADIAN.) SOLID_ANGLE_UNIT() );
#10760 = UNCERTAINTY_MEASURE_WITH_UNIT(LENGTH_MEASURE(2.E-03),#10757,
  'distance_accuracy_value','confusion accuracy');
#10761 = PRODUCT_RELATED_PRODUCT_CATEGORY('part',$,(#7));
#10762 = MECHANICAL_DESIGN_GEOMETRIC_PRESENTATION_REPRESENTATION('',(
    #10763,#10774,#10783,#10792,#10801,#10810,#10819,#10828,#10837,
    #10846,#10855,#10864,#10873,#10882,#10891,#10900,#10909,#10918,
    #10927,#10936,#10945,#10954,#10963,#10972,#10981,#10990,#10999,
    #11008,#11017,#11026,#11035,#11044,#11053,#11062,#11071,#11080,
    #11089,#11098,#11107,#11116,#11125,#11134,#11143,#11152,#11161,
    #11170,#11179,#11188,#11197,#11206,#11215,#11224,#11233,#11242,
    #11251,#11260,#11269,#11278,#11287,#11296,#11305,#11314,#11323,
    #11332,#11341,#11350,#11359,#11368,#11377,#11386,#11395,#11404,
    #11413,#11422,#11431,#11440,#11449,#11458,#11467,#11476,#11485,
    #11494,#11503,#11512,#11521,#11530,#11539,#11548,#11557,#11566,
    #11575,#11584,#11593,#11602,#11611,#11620,#11629,#11638,#11647,
    #11656,#11665,#11674,#11683,#11692,#11701,#11710,#11719,#11728,
    #11737,#11746,#11755,#11764,#11773,#11782,#11791,#11800),#10756);
#10763 = STYLED_ITEM('color',(#10764),#17);
#10764 = PRESENTATION_STYLE_ASSIGNMENT((#10765,#10771));
#10765 = SURFACE_STYLE_USAGE(.BOTH.,#10766);
#10766 = SURFACE_SIDE_STYLE('',(#10767));
#10767 = SURFACE_STYLE_FILL_AREA(#10768);
#10768 = FILL_AREA_STYLE('',(#10769));
#10769 = FILL_AREA_STYLE_COLOUR('',#10770);
#10770 = COLOUR_RGB('',0.800000010877,0.800000010877,0.800000010877);
#10771 = CURVE_STYLE('',#10772,POSITIVE_LENGTH_MEASURE(0.1),#10773);
#10772 = DRAUGHTING_PRE_DEFINED_CURVE_FONT('continuous');
#10773 = COLOUR_RGB('',9.803921802644E-02,9.803921802644E-02,
  9.803921802644E-02);
#10774 = STYLED_ITEM('color',(#10775),#75);
#10775 = PRESENTATION_STYLE_ASSIGNMENT((#10776,#10781));
#10776 = SURFACE_STYLE_USAGE(.BOTH.,#10777);
#10777 = SURFACE_SIDE_STYLE('',(#10778));
#10778 = SURFACE_STYLE_FILL_AREA(#10779);
#10779 = FILL_AREA_STYLE('',(#10780));
#10780 = FILL_AREA_STYLE_COLOUR('',#10770);
#10781 = CURVE_STYLE('',#10782,POSITIVE_LENGTH_MEASURE(0.1),#10773);
#10782 = DRAUGHTING_PRE_DEFINED_CURVE_FONT('continuous');
#10783 = STYLED_ITEM('color',(#10784),#122);
#10784 = PRESENTATION_STYLE_ASSIGNMENT((#10785,#10790));
#10785 = SURFACE_STYLE_USAGE(.BOTH.,#10786);
#10786 = SURFACE_SIDE_STYLE('',(#10787));
#10787 = SURFACE_STYLE_FILL_AREA(#10788);
#10788 = FILL_AREA_STYLE('',(#10789));
#10789 = FILL_AREA_STYLE_COLOUR('',#10770);
#10790 = CURVE_STYLE('',#10791,POSITIVE_LENGTH_MEASURE(0.1),#10773);
#10791 = DRAUGHTING_PRE_DEFINED_CURVE_FONT('continuous');
#10792 = STYLED_ITEM('color',(#10793),#169);
#10793 = PRESENTATION_STYLE_ASSIGNMENT((#10794,#10799));
#10794 = SURFACE_STYLE_USAGE(.BOTH.,#10795);
#10795 = SURFACE_SIDE_STYLE('',(#10796));
#10796 = SURFACE_STYLE_FILL_AREA(#10797);
#10797 = FILL_AREA_STYLE('',(#10798));
#10798 = FILL_AREA_STYLE_COLOUR('',#10770);
#10799 = CURVE_STYLE('',#10800,POSITIVE_LENGTH_MEASURE(0.1),#10773);
#10800 = DRAUGHTING_PRE_DEFINED_CURVE_FONT('continuous');
#10801 = STYLED_ITEM('color',(#10802),#227);
#10802 = PRESENTATION_STYLE_ASSIGNMENT((#10803,#10808));
#10803 = SURFACE_STYLE_USAGE(.BOTH.,#10804);
#10804 = SURFACE_SIDE_STYLE('',(#10805));
#10805 = SURFACE_STYLE_FILL_AREA(#10806);
#10806 = FILL_AREA_STYLE('',(#10807));
#10807 = FILL_AREA_STYLE_COLOUR('',#10770);
#10808 = CURVE_STYLE('',#10809,POSITIVE_LENGTH_MEASURE(0.1),#10773);
#10809 = DRAUGHTING_PRE_DEFINED_CURVE_FONT('continuous');
#10810 = STYLED_ITEM('color',(#10811),#274);
#10811 = PRESENTATION_STYLE_ASSIGNMENT((#10812,#10817));
#10812 = SURFACE_STYLE_USAGE(.BOTH.,#10813);
#10813 = SURFACE_SIDE_STYLE('',(#10814));
#10814 = SURFACE_STYLE_FILL_AREA(#10815);
#10815 = FILL_AREA_STYLE('',(#10816));
#10816 = FILL_AREA_STYLE_COLOUR('',#10770);
#10817 = CURVE_STYLE('',#10818,POSITIVE_LENGTH_MEASURE(0.1),#10773);
#10818 = DRAUGHTING_PRE_DEFINED_CURVE_FONT('continuous');
#10819 = STYLED_ITEM('color',(#10820),#321);
#10820 = PRESENTATION_STYLE_ASSIGNMENT((#10821,#10826));
#10821 = SURFACE_STYLE_USAGE(.BOTH.,#10822);
#10822 = SURFACE_SIDE_STYLE('',(#10823));
#10823 = SURFACE_STYLE_FILL_AREA(#10824);
#10824 = FILL_AREA_STYLE('',(#10825));
#10825 = FILL_AREA_STYLE_COLOUR('',#10770);
#10826 = CURVE_STYLE('',#10827,POSITIVE_LENGTH_MEASURE(0.1),#10773);
#10827 = DRAUGHTING_PRE_DEFINED_CURVE_FONT('continuous');
#10828 = STYLED_ITEM('color',(#10829),#368);
#10829 = PRESENTATION_STYLE_ASSIGNMENT((#10830,#10835));
#10830 = SURFACE_STYLE_USAGE(.BOTH.,#10831);
#10831 = SURFACE_SIDE_STYLE('',(#10832));
#10832 = SURFACE_STYLE_FILL_AREA(#10833);
#10833 = FILL_AREA_STYLE('',(#10834));
#10834 = FILL_AREA_STYLE_COLOUR('',#10770);
#10835 = CURVE_STYLE('',#10836,POSITIVE_LENGTH_MEASURE(0.1),#10773);
#10836 = DRAUGHTING_PRE_DEFINED_CURVE_FONT('continuous');
#10837 = STYLED_ITEM('color',(#10838),#415);
#10838 = PRESENTATION_STYLE_ASSIGNMENT((#10839,#10844));
#10839 = SURFACE_STYLE_USAGE(.BOTH.,#10840);
#10840 = SURFACE_SIDE_STYLE('',(#10841));
#10841 = SURFACE_STYLE_FILL_AREA(#10842);
#10842 = FILL_AREA_STYLE('',(#10843));
#10843 = FILL_AREA_STYLE_COLOUR('',#10770);
#10844 = CURVE_STYLE('',#10845,POSITIVE_LENGTH_MEASURE(0.1),#10773);
#10845 = DRAUGHTING_PRE_DEFINED_CURVE_FONT('continuous');
#10846 = STYLED_ITEM('color',(#10847),#462);
#10847 = PRESENTATION_STYLE_ASSIGNMENT((#10848,#10853));
#10848 = SURFACE_STYLE_USAGE(.BOTH.,#10849);
#10849 = SURFACE_SIDE_STYLE('',(#10850));
#10850 = SURFACE_STYLE_FILL_AREA(#10851);
#10851 = FILL_AREA_STYLE('',(#10852));
#10852 = FILL_AREA_STYLE_COLOUR('',#10770);
#10853 = CURVE_STYLE('',#10854,POSITIVE_LENGTH_MEASURE(0.1),#10773);
#10854 = DRAUGHTING_PRE_DEFINED_CURVE_FONT('continuous');
#10855 = STYLED_ITEM('color',(#10856),#509);
#10856 = PRESENTATION_STYLE_ASSIGNMENT((#10857,#10862));
#10857 = SURFACE_STYLE_USAGE(.BOTH.,#10858);
#10858 = SURFACE_SIDE_STYLE('',(#10859));
#10859 = SURFACE_STYLE_FILL_AREA(#10860);
#10860 = FILL_AREA_STYLE('',(#10861));
#10861 = FILL_AREA_STYLE_COLOUR('',#10770);
#10862 = CURVE_STYLE('',#10863,POSITIVE_LENGTH_MEASURE(0.1),#10773);
#10863 = DRAUGHTING_PRE_DEFINED_CURVE_FONT('continuous');
#10864 = STYLED_ITEM('color',(#10865),#607);
#10865 = PRESENTATION_STYLE_ASSIGNMENT((#10866,#10871));
#10866 = SURFACE_STYLE_USAGE(.BOTH.,#10867);
#10867 = SURFACE_SIDE_STYLE('',(#10868));
#10868 = SURFACE_STYLE_FILL_AREA(#10869);
#10869 = FILL_AREA_STYLE('',(#10870));
#10870 = FILL_AREA_STYLE_COLOUR('',#10770);
#10871 = CURVE_STYLE('',#10872,POSITIVE_LENGTH_MEASURE(0.1),#10773);
#10872 = DRAUGHTING_PRE_DEFINED_CURVE_FONT('continuous');
#10873 = STYLED_ITEM('color',(#10874),#649);
#10874 = PRESENTATION_STYLE_ASSIGNMENT((#10875,#10880));
#10875 = SURFACE_STYLE_USAGE(.BOTH.,#10876);
#10876 = SURFACE_SIDE_STYLE('',(#10877));
#10877 = SURFACE_STYLE_FILL_AREA(#10878);
#10878 = FILL_AREA_STYLE('',(#10879));
#10879 = FILL_AREA_STYLE_COLOUR('',#10770);
#10880 = CURVE_STYLE('',#10881,POSITIVE_LENGTH_MEASURE(0.1),#10773);
#10881 = DRAUGHTING_PRE_DEFINED_CURVE_FONT('continuous');
#10882 = STYLED_ITEM('color',(#10883),#1173);
#10883 = PRESENTATION_STYLE_ASSIGNMENT((#10884,#10889));
#10884 = SURFACE_STYLE_USAGE(.BOTH.,#10885);
#10885 = SURFACE_SIDE_STYLE('',(#10886));
#10886 = SURFACE_STYLE_FILL_AREA(#10887);
#10887 = FILL_AREA_STYLE('',(#10888));
#10888 = FILL_AREA_STYLE_COLOUR('',#10770);
#10889 = CURVE_STYLE('',#10890,POSITIVE_LENGTH_MEASURE(0.1),#10773);
#10890 = DRAUGHTING_PRE_DEFINED_CURVE_FONT('continuous');
#10891 = STYLED_ITEM('color',(#10892),#1220);
#10892 = PRESENTATION_STYLE_ASSIGNMENT((#10893,#10898));
#10893 = SURFACE_STYLE_USAGE(.BOTH.,#10894);
#10894 = SURFACE_SIDE_STYLE('',(#10895));
#10895 = SURFACE_STYLE_FILL_AREA(#10896);
#10896 = FILL_AREA_STYLE('',(#10897));
#10897 = FILL_AREA_STYLE_COLOUR('',#10770);
#10898 = CURVE_STYLE('',#10899,POSITIVE_LENGTH_MEASURE(0.1),#10773);
#10899 = DRAUGHTING_PRE_DEFINED_CURVE_FONT('continuous');
#10900 = STYLED_ITEM('color',(#10901),#1262);
#10901 = PRESENTATION_STYLE_ASSIGNMENT((#10902,#10907));
#10902 = SURFACE_STYLE_USAGE(.BOTH.,#10903);
#10903 = SURFACE_SIDE_STYLE('',(#10904));
#10904 = SURFACE_STYLE_FILL_AREA(#10905);
#10905 = FILL_AREA_STYLE('',(#10906));
#10906 = FILL_AREA_STYLE_COLOUR('',#10770);
#10907 = CURVE_STYLE('',#10908,POSITIVE_LENGTH_MEASURE(0.1),#10773);
#10908 = DRAUGHTING_PRE_DEFINED_CURVE_FONT('continuous');
#10909 = STYLED_ITEM('color',(#10910),#1309);
#10910 = PRESENTATION_STYLE_ASSIGNMENT((#10911,#10916));
#10911 = SURFACE_STYLE_USAGE(.BOTH.,#10912);
#10912 = SURFACE_SIDE_STYLE('',(#10913));
#10913 = SURFACE_STYLE_FILL_AREA(#10914);
#10914 = FILL_AREA_STYLE('',(#10915));
#10915 = FILL_AREA_STYLE_COLOUR('',#10770);
#10916 = CURVE_STYLE('',#10917,POSITIVE_LENGTH_MEASURE(0.1),#10773);
#10917 = DRAUGHTING_PRE_DEFINED_CURVE_FONT('continuous');
#10918 = STYLED_ITEM('color',(#10919),#1721);
#10919 = PRESENTATION_STYLE_ASSIGNMENT((#10920,#10925));
#10920 = SURFACE_STYLE_USAGE(.BOTH.,#10921);
#10921 = SURFACE_SIDE_STYLE('',(#10922));
#10922 = SURFACE_STYLE_FILL_AREA(#10923);
#10923 = FILL_AREA_STYLE('',(#10924));
#10924 = FILL_AREA_STYLE_COLOUR('',#10770);
#10925 = CURVE_STYLE('',#10926,POSITIVE_LENGTH_MEASURE(0.1),#10773);
#10926 = DRAUGHTING_PRE_DEFINED_CURVE_FONT('continuous');
#10927 = STYLED_ITEM('color',(#10928),#2167);
#10928 = PRESENTATION_STYLE_ASSIGNMENT((#10929,#10934));
#10929 = SURFACE_STYLE_USAGE(.BOTH.,#10930);
#10930 = SURFACE_SIDE_STYLE('',(#10931));
#10931 = SURFACE_STYLE_FILL_AREA(#10932);
#10932 = FILL_AREA_STYLE('',(#10933));
#10933 = FILL_AREA_STYLE_COLOUR('',#10770);
#10934 = CURVE_STYLE('',#10935,POSITIVE_LENGTH_MEASURE(0.1),#10773);
#10935 = DRAUGHTING_PRE_DEFINED_CURVE_FONT('continuous');
#10936 = STYLED_ITEM('color',(#10937),#2273);
#10937 = PRESENTATION_STYLE_ASSIGNMENT((#10938,#10943));
#10938 = SURFACE_STYLE_USAGE(.BOTH.,#10939);
#10939 = SURFACE_SIDE_STYLE('',(#10940));
#10940 = SURFACE_STYLE_FILL_AREA(#10941);
#10941 = FILL_AREA_STYLE('',(#10942));
#10942 = FILL_AREA_STYLE_COLOUR('',#10770);
#10943 = CURVE_STYLE('',#10944,POSITIVE_LENGTH_MEASURE(0.1),#10773);
#10944 = DRAUGHTING_PRE_DEFINED_CURVE_FONT('continuous');
#10945 = STYLED_ITEM('color',(#10946),#2320);
#10946 = PRESENTATION_STYLE_ASSIGNMENT((#10947,#10952));
#10947 = SURFACE_STYLE_USAGE(.BOTH.,#10948);
#10948 = SURFACE_SIDE_STYLE('',(#10949));
#10949 = SURFACE_STYLE_FILL_AREA(#10950);
#10950 = FILL_AREA_STYLE('',(#10951));
#10951 = FILL_AREA_STYLE_COLOUR('',#10770);
#10952 = CURVE_STYLE('',#10953,POSITIVE_LENGTH_MEASURE(0.1),#10773);
#10953 = DRAUGHTING_PRE_DEFINED_CURVE_FONT('continuous');
#10954 = STYLED_ITEM('color',(#10955),#2514);
#10955 = PRESENTATION_STYLE_ASSIGNMENT((#10956,#10961));
#10956 = SURFACE_STYLE_USAGE(.BOTH.,#10957);
#10957 = SURFACE_SIDE_STYLE('',(#10958));
#10958 = SURFACE_STYLE_FILL_AREA(#10959);
#10959 = FILL_AREA_STYLE('',(#10960));
#10960 = FILL_AREA_STYLE_COLOUR('',#10770);
#10961 = CURVE_STYLE('',#10962,POSITIVE_LENGTH_MEASURE(0.1),#10773);
#10962 = DRAUGHTING_PRE_DEFINED_CURVE_FONT('continuous');
#10963 = STYLED_ITEM('color',(#10964),#2561);
#10964 = PRESENTATION_STYLE_ASSIGNMENT((#10965,#10970));
#10965 = SURFACE_STYLE_USAGE(.BOTH.,#10966);
#10966 = SURFACE_SIDE_STYLE('',(#10967));
#10967 = SURFACE_STYLE_FILL_AREA(#10968);
#10968 = FILL_AREA_STYLE('',(#10969));
#10969 = FILL_AREA_STYLE_COLOUR('',#10770);
#10970 = CURVE_STYLE('',#10971,POSITIVE_LENGTH_MEASURE(0.1),#10773);
#10971 = DRAUGHTING_PRE_DEFINED_CURVE_FONT('continuous');
#10972 = STYLED_ITEM('color',(#10973),#2741);
#10973 = PRESENTATION_STYLE_ASSIGNMENT((#10974,#10979));
#10974 = SURFACE_STYLE_USAGE(.BOTH.,#10975);
#10975 = SURFACE_SIDE_STYLE('',(#10976));
#10976 = SURFACE_STYLE_FILL_AREA(#10977);
#10977 = FILL_AREA_STYLE('',(#10978));
#10978 = FILL_AREA_STYLE_COLOUR('',#10770);
#10979 = CURVE_STYLE('',#10980,POSITIVE_LENGTH_MEASURE(0.1),#10773);
#10980 = DRAUGHTING_PRE_DEFINED_CURVE_FONT('continuous');
#10981 = STYLED_ITEM('color',(#10982),#2804);
#10982 = PRESENTATION_STYLE_ASSIGNMENT((#10983,#10988));
#10983 = SURFACE_STYLE_USAGE(.BOTH.,#10984);
#10984 = SURFACE_SIDE_STYLE('',(#10985));
#10985 = SURFACE_STYLE_FILL_AREA(#10986);
#10986 = FILL_AREA_STYLE('',(#10987));
#10987 = FILL_AREA_STYLE_COLOUR('',#10770);
#10988 = CURVE_STYLE('',#10989,POSITIVE_LENGTH_MEASURE(0.1),#10773);
#10989 = DRAUGHTING_PRE_DEFINED_CURVE_FONT('continuous');
#10990 = STYLED_ITEM('color',(#10991),#2860);
#10991 = PRESENTATION_STYLE_ASSIGNMENT((#10992,#10997));
#10992 = SURFACE_STYLE_USAGE(.BOTH.,#10993);
#10993 = SURFACE_SIDE_STYLE('',(#10994));
#10994 = SURFACE_STYLE_FILL_AREA(#10995);
#10995 = FILL_AREA_STYLE('',(#10996));
#10996 = FILL_AREA_STYLE_COLOUR('',#10770);
#10997 = CURVE_STYLE('',#10998,POSITIVE_LENGTH_MEASURE(0.1),#10773);
#10998 = DRAUGHTING_PRE_DEFINED_CURVE_FONT('continuous');
#10999 = STYLED_ITEM('color',(#11000),#2926);
#11000 = PRESENTATION_STYLE_ASSIGNMENT((#11001,#11006));
#11001 = SURFACE_STYLE_USAGE(.BOTH.,#11002);
#11002 = SURFACE_SIDE_STYLE('',(#11003));
#11003 = SURFACE_STYLE_FILL_AREA(#11004);
#11004 = FILL_AREA_STYLE('',(#11005));
#11005 = FILL_AREA_STYLE_COLOUR('',#10770);
#11006 = CURVE_STYLE('',#11007,POSITIVE_LENGTH_MEASURE(0.1),#10773);
#11007 = DRAUGHTING_PRE_DEFINED_CURVE_FONT('continuous');
#11008 = STYLED_ITEM('color',(#11009),#3472);
#11009 = PRESENTATION_STYLE_ASSIGNMENT((#11010,#11015));
#11010 = SURFACE_STYLE_USAGE(.BOTH.,#11011);
#11011 = SURFACE_SIDE_STYLE('',(#11012));
#11012 = SURFACE_STYLE_FILL_AREA(#11013);
#11013 = FILL_AREA_STYLE('',(#11014));
#11014 = FILL_AREA_STYLE_COLOUR('',#10770);
#11015 = CURVE_STYLE('',#11016,POSITIVE_LENGTH_MEASURE(0.1),#10773);
#11016 = DRAUGHTING_PRE_DEFINED_CURVE_FONT('continuous');
#11017 = STYLED_ITEM('color',(#11018),#3772);
#11018 = PRESENTATION_STYLE_ASSIGNMENT((#11019,#11024));
#11019 = SURFACE_STYLE_USAGE(.BOTH.,#11020);
#11020 = SURFACE_SIDE_STYLE('',(#11021));
#11021 = SURFACE_STYLE_FILL_AREA(#11022);
#11022 = FILL_AREA_STYLE('',(#11023));
#11023 = FILL_AREA_STYLE_COLOUR('',#10770);
#11024 = CURVE_STYLE('',#11025,POSITIVE_LENGTH_MEASURE(0.1),#10773);
#11025 = DRAUGHTING_PRE_DEFINED_CURVE_FONT('continuous');
#11026 = STYLED_ITEM('color',(#11027),#3814);
#11027 = PRESENTATION_STYLE_ASSIGNMENT((#11028,#11033));
#11028 = SURFACE_STYLE_USAGE(.BOTH.,#11029);
#11029 = SURFACE_SIDE_STYLE('',(#11030));
#11030 = SURFACE_STYLE_FILL_AREA(#11031);
#11031 = FILL_AREA_STYLE('',(#11032));
#11032 = FILL_AREA_STYLE_COLOUR('',#10770);
#11033 = CURVE_STYLE('',#11034,POSITIVE_LENGTH_MEASURE(0.1),#10773);
#11034 = DRAUGHTING_PRE_DEFINED_CURVE_FONT('continuous');
#11035 = STYLED_ITEM('color',(#11036),#4040);
#11036 = PRESENTATION_STYLE_ASSIGNMENT((#11037,#11042));
#11037 = SURFACE_STYLE_USAGE(.BOTH.,#11038);
#11038 = SURFACE_SIDE_STYLE('',(#11039));
#11039 = SURFACE_STYLE_FILL_AREA(#11040);
#11040 = FILL_AREA_STYLE('',(#11041));
#11041 = FILL_AREA_STYLE_COLOUR('',#10770);
#11042 = CURVE_STYLE('',#11043,POSITIVE_LENGTH_MEASURE(0.1),#10773);
#11043 = DRAUGHTING_PRE_DEFINED_CURVE_FONT('continuous');
#11044 = STYLED_ITEM('color',(#11045),#4082);
#11045 = PRESENTATION_STYLE_ASSIGNMENT((#11046,#11051));
#11046 = SURFACE_STYLE_USAGE(.BOTH.,#11047);
#11047 = SURFACE_SIDE_STYLE('',(#11048));
#11048 = SURFACE_STYLE_FILL_AREA(#11049);
#11049 = FILL_AREA_STYLE('',(#11050));
#11050 = FILL_AREA_STYLE_COLOUR('',#10770);
#11051 = CURVE_STYLE('',#11052,POSITIVE_LENGTH_MEASURE(0.1),#10773);
#11052 = DRAUGHTING_PRE_DEFINED_CURVE_FONT('continuous');
#11053 = STYLED_ITEM('color',(#11054),#4188);
#11054 = PRESENTATION_STYLE_ASSIGNMENT((#11055,#11060));
#11055 = SURFACE_STYLE_USAGE(.BOTH.,#11056);
#11056 = SURFACE_SIDE_STYLE('',(#11057));
#11057 = SURFACE_STYLE_FILL_AREA(#11058);
#11058 = FILL_AREA_STYLE('',(#11059));
#11059 = FILL_AREA_STYLE_COLOUR('',#10770);
#11060 = CURVE_STYLE('',#11061,POSITIVE_LENGTH_MEASURE(0.1),#10773);
#11061 = DRAUGHTING_PRE_DEFINED_CURVE_FONT('continuous');
#11062 = STYLED_ITEM('color',(#11063),#4424);
#11063 = PRESENTATION_STYLE_ASSIGNMENT((#11064,#11069));
#11064 = SURFACE_STYLE_USAGE(.BOTH.,#11065);
#11065 = SURFACE_SIDE_STYLE('',(#11066));
#11066 = SURFACE_STYLE_FILL_AREA(#11067);
#11067 = FILL_AREA_STYLE('',(#11068));
#11068 = FILL_AREA_STYLE_COLOUR('',#10770);
#11069 = CURVE_STYLE('',#11070,POSITIVE_LENGTH_MEASURE(0.1),#10773);
#11070 = DRAUGHTING_PRE_DEFINED_CURVE_FONT('continuous');
#11071 = STYLED_ITEM('color',(#11072),#4466);
#11072 = PRESENTATION_STYLE_ASSIGNMENT((#11073,#11078));
#11073 = SURFACE_STYLE_USAGE(.BOTH.,#11074);
#11074 = SURFACE_SIDE_STYLE('',(#11075));
#11075 = SURFACE_STYLE_FILL_AREA(#11076);
#11076 = FILL_AREA_STYLE('',(#11077));
#11077 = FILL_AREA_STYLE_COLOUR('',#10770);
#11078 = CURVE_STYLE('',#11079,POSITIVE_LENGTH_MEASURE(0.1),#10773);
#11079 = DRAUGHTING_PRE_DEFINED_CURVE_FONT('continuous');
#11080 = STYLED_ITEM('color',(#11081),#4508);
#11081 = PRESENTATION_STYLE_ASSIGNMENT((#11082,#11087));
#11082 = SURFACE_STYLE_USAGE(.BOTH.,#11083);
#11083 = SURFACE_SIDE_STYLE('',(#11084));
#11084 = SURFACE_STYLE_FILL_AREA(#11085);
#11085 = FILL_AREA_STYLE('',(#11086));
#11086 = FILL_AREA_STYLE_COLOUR('',#10770);
#11087 = CURVE_STYLE('',#11088,POSITIVE_LENGTH_MEASURE(0.1),#10773);
#11088 = DRAUGHTING_PRE_DEFINED_CURVE_FONT('continuous');
#11089 = STYLED_ITEM('color',(#11090),#4550);
#11090 = PRESENTATION_STYLE_ASSIGNMENT((#11091,#11096));
#11091 = SURFACE_STYLE_USAGE(.BOTH.,#11092);
#11092 = SURFACE_SIDE_STYLE('',(#11093));
#11093 = SURFACE_STYLE_FILL_AREA(#11094);
#11094 = FILL_AREA_STYLE('',(#11095));
#11095 = FILL_AREA_STYLE_COLOUR('',#10770);
#11096 = CURVE_STYLE('',#11097,POSITIVE_LENGTH_MEASURE(0.1),#10773);
#11097 = DRAUGHTING_PRE_DEFINED_CURVE_FONT('continuous');
#11098 = STYLED_ITEM('color',(#11099),#4592);
#11099 = PRESENTATION_STYLE_ASSIGNMENT((#11100,#11105));
#11100 = SURFACE_STYLE_USAGE(.BOTH.,#11101);
#11101 = SURFACE_SIDE_STYLE('',(#11102));
#11102 = SURFACE_STYLE_FILL_AREA(#11103);
#11103 = FILL_AREA_STYLE('',(#11104));
#11104 = FILL_AREA_STYLE_COLOUR('',#10770);
#11105 = CURVE_STYLE('',#11106,POSITIVE_LENGTH_MEASURE(0.1),#10773);
#11106 = DRAUGHTING_PRE_DEFINED_CURVE_FONT('continuous');
#11107 = STYLED_ITEM('color',(#11108),#4666);
#11108 = PRESENTATION_STYLE_ASSIGNMENT((#11109,#11114));
#11109 = SURFACE_STYLE_USAGE(.BOTH.,#11110);
#11110 = SURFACE_SIDE_STYLE('',(#11111));
#11111 = SURFACE_STYLE_FILL_AREA(#11112);
#11112 = FILL_AREA_STYLE('',(#11113));
#11113 = FILL_AREA_STYLE_COLOUR('',#10770);
#11114 = CURVE_STYLE('',#11115,POSITIVE_LENGTH_MEASURE(0.1),#10773);
#11115 = DRAUGHTING_PRE_DEFINED_CURVE_FONT('continuous');
#11116 = STYLED_ITEM('color',(#11117),#4707);
#11117 = PRESENTATION_STYLE_ASSIGNMENT((#11118,#11123));
#11118 = SURFACE_STYLE_USAGE(.BOTH.,#11119);
#11119 = SURFACE_SIDE_STYLE('',(#11120));
#11120 = SURFACE_STYLE_FILL_AREA(#11121);
#11121 = FILL_AREA_STYLE('',(#11122));
#11122 = FILL_AREA_STYLE_COLOUR('',#10770);
#11123 = CURVE_STYLE('',#11124,POSITIVE_LENGTH_MEASURE(0.1),#10773);
#11124 = DRAUGHTING_PRE_DEFINED_CURVE_FONT('continuous');
#11125 = STYLED_ITEM('color',(#11126),#4754);
#11126 = PRESENTATION_STYLE_ASSIGNMENT((#11127,#11132));
#11127 = SURFACE_STYLE_USAGE(.BOTH.,#11128);
#11128 = SURFACE_SIDE_STYLE('',(#11129));
#11129 = SURFACE_STYLE_FILL_AREA(#11130);
#11130 = FILL_AREA_STYLE('',(#11131));
#11131 = FILL_AREA_STYLE_COLOUR('',#10770);
#11132 = CURVE_STYLE('',#11133,POSITIVE_LENGTH_MEASURE(0.1),#10773);
#11133 = DRAUGHTING_PRE_DEFINED_CURVE_FONT('continuous');
#11134 = STYLED_ITEM('color',(#11135),#4801);
#11135 = PRESENTATION_STYLE_ASSIGNMENT((#11136,#11141));
#11136 = SURFACE_STYLE_USAGE(.BOTH.,#11137);
#11137 = SURFACE_SIDE_STYLE('',(#11138));
#11138 = SURFACE_STYLE_FILL_AREA(#11139);
#11139 = FILL_AREA_STYLE('',(#11140));
#11140 = FILL_AREA_STYLE_COLOUR('',#10770);
#11141 = CURVE_STYLE('',#11142,POSITIVE_LENGTH_MEASURE(0.1),#10773);
#11142 = DRAUGHTING_PRE_DEFINED_CURVE_FONT('continuous');
#11143 = STYLED_ITEM('color',(#11144),#4842);
#11144 = PRESENTATION_STYLE_ASSIGNMENT((#11145,#11150));
#11145 = SURFACE_STYLE_USAGE(.BOTH.,#11146);
#11146 = SURFACE_SIDE_STYLE('',(#11147));
#11147 = SURFACE_STYLE_FILL_AREA(#11148);
#11148 = FILL_AREA_STYLE('',(#11149));
#11149 = FILL_AREA_STYLE_COLOUR('',#10770);
#11150 = CURVE_STYLE('',#11151,POSITIVE_LENGTH_MEASURE(0.1),#10773);
#11151 = DRAUGHTING_PRE_DEFINED_CURVE_FONT('continuous');
#11152 = STYLED_ITEM('color',(#11153),#4892);
#11153 = PRESENTATION_STYLE_ASSIGNMENT((#11154,#11159));
#11154 = SURFACE_STYLE_USAGE(.BOTH.,#11155);
#11155 = SURFACE_SIDE_STYLE('',(#11156));
#11156 = SURFACE_STYLE_FILL_AREA(#11157);
#11157 = FILL_AREA_STYLE('',(#11158));
#11158 = FILL_AREA_STYLE_COLOUR('',#10770);
#11159 = CURVE_STYLE('',#11160,POSITIVE_LENGTH_MEASURE(0.1),#10773);
#11160 = DRAUGHTING_PRE_DEFINED_CURVE_FONT('continuous');
#11161 = STYLED_ITEM('color',(#11162),#4939);
#11162 = PRESENTATION_STYLE_ASSIGNMENT((#11163,#11168));
#11163 = SURFACE_STYLE_USAGE(.BOTH.,#11164);
#11164 = SURFACE_SIDE_STYLE('',(#11165));
#11165 = SURFACE_STYLE_FILL_AREA(#11166);
#11166 = FILL_AREA_STYLE('',(#11167));
#11167 = FILL_AREA_STYLE_COLOUR('',#10770);
#11168 = CURVE_STYLE('',#11169,POSITIVE_LENGTH_MEASURE(0.1),#10773);
#11169 = DRAUGHTING_PRE_DEFINED_CURVE_FONT('continuous');
#11170 = STYLED_ITEM('color',(#11171),#4986);
#11171 = PRESENTATION_STYLE_ASSIGNMENT((#11172,#11177));
#11172 = SURFACE_STYLE_USAGE(.BOTH.,#11173);
#11173 = SURFACE_SIDE_STYLE('',(#11174));
#11174 = SURFACE_STYLE_FILL_AREA(#11175);
#11175 = FILL_AREA_STYLE('',(#11176));
#11176 = FILL_AREA_STYLE_COLOUR('',#10770);
#11177 = CURVE_STYLE('',#11178,POSITIVE_LENGTH_MEASURE(0.1),#10773);
#11178 = DRAUGHTING_PRE_DEFINED_CURVE_FONT('continuous');
#11179 = STYLED_ITEM('color',(#11180),#5036);
#11180 = PRESENTATION_STYLE_ASSIGNMENT((#11181,#11186));
#11181 = SURFACE_STYLE_USAGE(.BOTH.,#11182);
#11182 = SURFACE_SIDE_STYLE('',(#11183));
#11183 = SURFACE_STYLE_FILL_AREA(#11184);
#11184 = FILL_AREA_STYLE('',(#11185));
#11185 = FILL_AREA_STYLE_COLOUR('',#10770);
#11186 = CURVE_STYLE('',#11187,POSITIVE_LENGTH_MEASURE(0.1),#10773);
#11187 = DRAUGHTING_PRE_DEFINED_CURVE_FONT('continuous');
#11188 = STYLED_ITEM('color',(#11189),#5083);
#11189 = PRESENTATION_STYLE_ASSIGNMENT((#11190,#11195));
#11190 = SURFACE_STYLE_USAGE(.BOTH.,#11191);
#11191 = SURFACE_SIDE_STYLE('',(#11192));
#11192 = SURFACE_STYLE_FILL_AREA(#11193);
#11193 = FILL_AREA_STYLE('',(#11194));
#11194 = FILL_AREA_STYLE_COLOUR('',#10770);
#11195 = CURVE_STYLE('',#11196,POSITIVE_LENGTH_MEASURE(0.1),#10773);
#11196 = DRAUGHTING_PRE_DEFINED_CURVE_FONT('continuous');
#11197 = STYLED_ITEM('color',(#11198),#5130);
#11198 = PRESENTATION_STYLE_ASSIGNMENT((#11199,#11204));
#11199 = SURFACE_STYLE_USAGE(.BOTH.,#11200);
#11200 = SURFACE_SIDE_STYLE('',(#11201));
#11201 = SURFACE_STYLE_FILL_AREA(#11202);
#11202 = FILL_AREA_STYLE('',(#11203));
#11203 = FILL_AREA_STYLE_COLOUR('',#10770);
#11204 = CURVE_STYLE('',#11205,POSITIVE_LENGTH_MEASURE(0.1),#10773);
#11205 = DRAUGHTING_PRE_DEFINED_CURVE_FONT('continuous');
#11206 = STYLED_ITEM('color',(#11207),#5268);
#11207 = PRESENTATION_STYLE_ASSIGNMENT((#11208,#11213));
#11208 = SURFACE_STYLE_USAGE(.BOTH.,#11209);
#11209 = SURFACE_SIDE_STYLE('',(#11210));
#11210 = SURFACE_STYLE_FILL_AREA(#11211);
#11211 = FILL_AREA_STYLE('',(#11212));
#11212 = FILL_AREA_STYLE_COLOUR('',#10770);
#11213 = CURVE_STYLE('',#11214,POSITIVE_LENGTH_MEASURE(0.1),#10773);
#11214 = DRAUGHTING_PRE_DEFINED_CURVE_FONT('continuous');
#11215 = STYLED_ITEM('color',(#11216),#5310);
#11216 = PRESENTATION_STYLE_ASSIGNMENT((#11217,#11222));
#11217 = SURFACE_STYLE_USAGE(.BOTH.,#11218);
#11218 = SURFACE_SIDE_STYLE('',(#11219));
#11219 = SURFACE_STYLE_FILL_AREA(#11220);
#11220 = FILL_AREA_STYLE('',(#11221));
#11221 = FILL_AREA_STYLE_COLOUR('',#10770);
#11222 = CURVE_STYLE('',#11223,POSITIVE_LENGTH_MEASURE(0.1),#10773);
#11223 = DRAUGHTING_PRE_DEFINED_CURVE_FONT('continuous');
#11224 = STYLED_ITEM('color',(#11225),#5357);
#11225 = PRESENTATION_STYLE_ASSIGNMENT((#11226,#11231));
#11226 = SURFACE_STYLE_USAGE(.BOTH.,#11227);
#11227 = SURFACE_SIDE_STYLE('',(#11228));
#11228 = SURFACE_STYLE_FILL_AREA(#11229);
#11229 = FILL_AREA_STYLE('',(#11230));
#11230 = FILL_AREA_STYLE_COLOUR('',#10770);
#11231 = CURVE_STYLE('',#11232,POSITIVE_LENGTH_MEASURE(0.1),#10773);
#11232 = DRAUGHTING_PRE_DEFINED_CURVE_FONT('continuous');
#11233 = STYLED_ITEM('color',(#11234),#5399);
#11234 = PRESENTATION_STYLE_ASSIGNMENT((#11235,#11240));
#11235 = SURFACE_STYLE_USAGE(.BOTH.,#11236);
#11236 = SURFACE_SIDE_STYLE('',(#11237));
#11237 = SURFACE_STYLE_FILL_AREA(#11238);
#11238 = FILL_AREA_STYLE('',(#11239));
#11239 = FILL_AREA_STYLE_COLOUR('',#10770);
#11240 = CURVE_STYLE('',#11241,POSITIVE_LENGTH_MEASURE(0.1),#10773);
#11241 = DRAUGHTING_PRE_DEFINED_CURVE_FONT('continuous');
#11242 = STYLED_ITEM('color',(#11243),#5446);
#11243 = PRESENTATION_STYLE_ASSIGNMENT((#11244,#11249));
#11244 = SURFACE_STYLE_USAGE(.BOTH.,#11245);
#11245 = SURFACE_SIDE_STYLE('',(#11246));
#11246 = SURFACE_STYLE_FILL_AREA(#11247);
#11247 = FILL_AREA_STYLE('',(#11248));
#11248 = FILL_AREA_STYLE_COLOUR('',#10770);
#11249 = CURVE_STYLE('',#11250,POSITIVE_LENGTH_MEASURE(0.1),#10773);
#11250 = DRAUGHTING_PRE_DEFINED_CURVE_FONT('continuous');
#11251 = STYLED_ITEM('color',(#11252),#5488);
#11252 = PRESENTATION_STYLE_ASSIGNMENT((#11253,#11258));
#11253 = SURFACE_STYLE_USAGE(.BOTH.,#11254);
#11254 = SURFACE_SIDE_STYLE('',(#11255));
#11255 = SURFACE_STYLE_FILL_AREA(#11256);
#11256 = FILL_AREA_STYLE('',(#11257));
#11257 = FILL_AREA_STYLE_COLOUR('',#10770);
#11258 = CURVE_STYLE('',#11259,POSITIVE_LENGTH_MEASURE(0.1),#10773);
#11259 = DRAUGHTING_PRE_DEFINED_CURVE_FONT('continuous');
#11260 = STYLED_ITEM('color',(#11261),#5642);
#11261 = PRESENTATION_STYLE_ASSIGNMENT((#11262,#11267));
#11262 = SURFACE_STYLE_USAGE(.BOTH.,#11263);
#11263 = SURFACE_SIDE_STYLE('',(#11264));
#11264 = SURFACE_STYLE_FILL_AREA(#11265);
#11265 = FILL_AREA_STYLE('',(#11266));
#11266 = FILL_AREA_STYLE_COLOUR('',#10770);
#11267 = CURVE_STYLE('',#11268,POSITIVE_LENGTH_MEASURE(0.1),#10773);
#11268 = DRAUGHTING_PRE_DEFINED_CURVE_FONT('continuous');
#11269 = STYLED_ITEM('color',(#11270),#5689);
#11270 = PRESENTATION_STYLE_ASSIGNMENT((#11271,#11276));
#11271 = SURFACE_STYLE_USAGE(.BOTH.,#11272);
#11272 = SURFACE_SIDE_STYLE('',(#11273));
#11273 = SURFACE_STYLE_FILL_AREA(#11274);
#11274 = FILL_AREA_STYLE('',(#11275));
#11275 = FILL_AREA_STYLE_COLOUR('',#10770);
#11276 = CURVE_STYLE('',#11277,POSITIVE_LENGTH_MEASURE(0.1),#10773);
#11277 = DRAUGHTING_PRE_DEFINED_CURVE_FONT('continuous');
#11278 = STYLED_ITEM('color',(#11279),#5736);
#11279 = PRESENTATION_STYLE_ASSIGNMENT((#11280,#11285));
#11280 = SURFACE_STYLE_USAGE(.BOTH.,#11281);
#11281 = SURFACE_SIDE_STYLE('',(#11282));
#11282 = SURFACE_STYLE_FILL_AREA(#11283);
#11283 = FILL_AREA_STYLE('',(#11284));
#11284 = FILL_AREA_STYLE_COLOUR('',#10770);
#11285 = CURVE_STYLE('',#11286,POSITIVE_LENGTH_MEASURE(0.1),#10773);
#11286 = DRAUGHTING_PRE_DEFINED_CURVE_FONT('continuous');
#11287 = STYLED_ITEM('color',(#11288),#6260);
#11288 = PRESENTATION_STYLE_ASSIGNMENT((#11289,#11294));
#11289 = SURFACE_STYLE_USAGE(.BOTH.,#11290);
#11290 = SURFACE_SIDE_STYLE('',(#11291));
#11291 = SURFACE_STYLE_FILL_AREA(#11292);
#11292 = FILL_AREA_STYLE('',(#11293));
#11293 = FILL_AREA_STYLE_COLOUR('',#10770);
#11294 = CURVE_STYLE('',#11295,POSITIVE_LENGTH_MEASURE(0.1),#10773);
#11295 = DRAUGHTING_PRE_DEFINED_CURVE_FONT('continuous');
#11296 = STYLED_ITEM('color',(#11297),#6307);
#11297 = PRESENTATION_STYLE_ASSIGNMENT((#11298,#11303));
#11298 = SURFACE_STYLE_USAGE(.BOTH.,#11299);
#11299 = SURFACE_SIDE_STYLE('',(#11300));
#11300 = SURFACE_STYLE_FILL_AREA(#11301);
#11301 = FILL_AREA_STYLE('',(#11302));
#11302 = FILL_AREA_STYLE_COLOUR('',#10770);
#11303 = CURVE_STYLE('',#11304,POSITIVE_LENGTH_MEASURE(0.1),#10773);
#11304 = DRAUGHTING_PRE_DEFINED_CURVE_FONT('continuous');
#11305 = STYLED_ITEM('color',(#11306),#6445);
#11306 = PRESENTATION_STYLE_ASSIGNMENT((#11307,#11312));
#11307 = SURFACE_STYLE_USAGE(.BOTH.,#11308);
#11308 = SURFACE_SIDE_STYLE('',(#11309));
#11309 = SURFACE_STYLE_FILL_AREA(#11310);
#11310 = FILL_AREA_STYLE('',(#11311));
#11311 = FILL_AREA_STYLE_COLOUR('',#10770);
#11312 = CURVE_STYLE('',#11313,POSITIVE_LENGTH_MEASURE(0.1),#10773);
#11313 = DRAUGHTING_PRE_DEFINED_CURVE_FONT('continuous');
#11314 = STYLED_ITEM('color',(#11315),#6492);
#11315 = PRESENTATION_STYLE_ASSIGNMENT((#11316,#11321));
#11316 = SURFACE_STYLE_USAGE(.BOTH.,#11317);
#11317 = SURFACE_SIDE_STYLE('',(#11318));
#11318 = SURFACE_STYLE_FILL_AREA(#11319);
#11319 = FILL_AREA_STYLE('',(#11320));
#11320 = FILL_AREA_STYLE_COLOUR('',#10770);
#11321 = CURVE_STYLE('',#11322,POSITIVE_LENGTH_MEASURE(0.1),#10773);
#11322 = DRAUGHTING_PRE_DEFINED_CURVE_FONT('continuous');
#11323 = STYLED_ITEM('color',(#11324),#6550);
#11324 = PRESENTATION_STYLE_ASSIGNMENT((#11325,#11330));
#11325 = SURFACE_STYLE_USAGE(.BOTH.,#11326);
#11326 = SURFACE_SIDE_STYLE('',(#11327));
#11327 = SURFACE_STYLE_FILL_AREA(#11328);
#11328 = FILL_AREA_STYLE('',(#11329));
#11329 = FILL_AREA_STYLE_COLOUR('',#10770);
#11330 = CURVE_STYLE('',#11331,POSITIVE_LENGTH_MEASURE(0.1),#10773);
#11331 = DRAUGHTING_PRE_DEFINED_CURVE_FONT('continuous');
#11332 = STYLED_ITEM('color',(#11333),#6597);
#11333 = PRESENTATION_STYLE_ASSIGNMENT((#11334,#11339));
#11334 = SURFACE_STYLE_USAGE(.BOTH.,#11335);
#11335 = SURFACE_SIDE_STYLE('',(#11336));
#11336 = SURFACE_STYLE_FILL_AREA(#11337);
#11337 = FILL_AREA_STYLE('',(#11338));
#11338 = FILL_AREA_STYLE_COLOUR('',#10770);
#11339 = CURVE_STYLE('',#11340,POSITIVE_LENGTH_MEASURE(0.1),#10773);
#11340 = DRAUGHTING_PRE_DEFINED_CURVE_FONT('continuous');
#11341 = STYLED_ITEM('color',(#11342),#6639);
#11342 = PRESENTATION_STYLE_ASSIGNMENT((#11343,#11348));
#11343 = SURFACE_STYLE_USAGE(.BOTH.,#11344);
#11344 = SURFACE_SIDE_STYLE('',(#11345));
#11345 = SURFACE_STYLE_FILL_AREA(#11346);
#11346 = FILL_AREA_STYLE('',(#11347));
#11347 = FILL_AREA_STYLE_COLOUR('',#10770);
#11348 = CURVE_STYLE('',#11349,POSITIVE_LENGTH_MEASURE(0.1),#10773);
#11349 = DRAUGHTING_PRE_DEFINED_CURVE_FONT('continuous');
#11350 = STYLED_ITEM('color',(#11351),#6737);
#11351 = PRESENTATION_STYLE_ASSIGNMENT((#11352,#11357));
#11352 = SURFACE_STYLE_USAGE(.BOTH.,#11353);
#11353 = SURFACE_SIDE_STYLE('',(#11354));
#11354 = SURFACE_STYLE_FILL_AREA(#11355);
#11355 = FILL_AREA_STYLE('',(#11356));
#11356 = FILL_AREA_STYLE_COLOUR('',#10770);
#11357 = CURVE_STYLE('',#11358,POSITIVE_LENGTH_MEASURE(0.1),#10773);
#11358 = DRAUGHTING_PRE_DEFINED_CURVE_FONT('continuous');
#11359 = STYLED_ITEM('color',(#11360),#6779);
#11360 = PRESENTATION_STYLE_ASSIGNMENT((#11361,#11366));
#11361 = SURFACE_STYLE_USAGE(.BOTH.,#11362);
#11362 = SURFACE_SIDE_STYLE('',(#11363));
#11363 = SURFACE_STYLE_FILL_AREA(#11364);
#11364 = FILL_AREA_STYLE('',(#11365));
#11365 = FILL_AREA_STYLE_COLOUR('',#10770);
#11366 = CURVE_STYLE('',#11367,POSITIVE_LENGTH_MEASURE(0.1),#10773);
#11367 = DRAUGHTING_PRE_DEFINED_CURVE_FONT('continuous');
#11368 = STYLED_ITEM('color',(#11369),#7375);
#11369 = PRESENTATION_STYLE_ASSIGNMENT((#11370,#11375));
#11370 = SURFACE_STYLE_USAGE(.BOTH.,#11371);
#11371 = SURFACE_SIDE_STYLE('',(#11372));
#11372 = SURFACE_STYLE_FILL_AREA(#11373);
#11373 = FILL_AREA_STYLE('',(#11374));
#11374 = FILL_AREA_STYLE_COLOUR('',#10770);
#11375 = CURVE_STYLE('',#11376,POSITIVE_LENGTH_MEASURE(0.1),#10773);
#11376 = DRAUGHTING_PRE_DEFINED_CURVE_FONT('continuous');
#11377 = STYLED_ITEM('color',(#11378),#7426);
#11378 = PRESENTATION_STYLE_ASSIGNMENT((#11379,#11384));
#11379 = SURFACE_STYLE_USAGE(.BOTH.,#11380);
#11380 = SURFACE_SIDE_STYLE('',(#11381));
#11381 = SURFACE_STYLE_FILL_AREA(#11382);
#11382 = FILL_AREA_STYLE('',(#11383));
#11383 = FILL_AREA_STYLE_COLOUR('',#10770);
#11384 = CURVE_STYLE('',#11385,POSITIVE_LENGTH_MEASURE(0.1),#10773);
#11385 = DRAUGHTING_PRE_DEFINED_CURVE_FONT('continuous');
#11386 = STYLED_ITEM('color',(#11387),#7548);
#11387 = PRESENTATION_STYLE_ASSIGNMENT((#11388,#11393));
#11388 = SURFACE_STYLE_USAGE(.BOTH.,#11389);
#11389 = SURFACE_SIDE_STYLE('',(#11390));
#11390 = SURFACE_STYLE_FILL_AREA(#11391);
#11391 = FILL_AREA_STYLE('',(#11392));
#11392 = FILL_AREA_STYLE_COLOUR('',#10770);
#11393 = CURVE_STYLE('',#11394,POSITIVE_LENGTH_MEASURE(0.1),#10773);
#11394 = DRAUGHTING_PRE_DEFINED_CURVE_FONT('continuous');
#11395 = STYLED_ITEM('color',(#11396),#7670);
#11396 = PRESENTATION_STYLE_ASSIGNMENT((#11397,#11402));
#11397 = SURFACE_STYLE_USAGE(.BOTH.,#11398);
#11398 = SURFACE_SIDE_STYLE('',(#11399));
#11399 = SURFACE_STYLE_FILL_AREA(#11400);
#11400 = FILL_AREA_STYLE('',(#11401));
#11401 = FILL_AREA_STYLE_COLOUR('',#10770);
#11402 = CURVE_STYLE('',#11403,POSITIVE_LENGTH_MEASURE(0.1),#10773);
#11403 = DRAUGHTING_PRE_DEFINED_CURVE_FONT('continuous');
#11404 = STYLED_ITEM('color',(#11405),#7792);
#11405 = PRESENTATION_STYLE_ASSIGNMENT((#11406,#11411));
#11406 = SURFACE_STYLE_USAGE(.BOTH.,#11407);
#11407 = SURFACE_SIDE_STYLE('',(#11408));
#11408 = SURFACE_STYLE_FILL_AREA(#11409);
#11409 = FILL_AREA_STYLE('',(#11410));
#11410 = FILL_AREA_STYLE_COLOUR('',#10770);
#11411 = CURVE_STYLE('',#11412,POSITIVE_LENGTH_MEASURE(0.1),#10773);
#11412 = DRAUGHTING_PRE_DEFINED_CURVE_FONT('continuous');
#11413 = STYLED_ITEM('color',(#11414),#7839);
#11414 = PRESENTATION_STYLE_ASSIGNMENT((#11415,#11420));
#11415 = SURFACE_STYLE_USAGE(.BOTH.,#11416);
#11416 = SURFACE_SIDE_STYLE('',(#11417));
#11417 = SURFACE_STYLE_FILL_AREA(#11418);
#11418 = FILL_AREA_STYLE('',(#11419));
#11419 = FILL_AREA_STYLE_COLOUR('',#10770);
#11420 = CURVE_STYLE('',#11421,POSITIVE_LENGTH_MEASURE(0.1),#10773);
#11421 = DRAUGHTING_PRE_DEFINED_CURVE_FONT('continuous');
#11422 = STYLED_ITEM('color',(#11423),#7881);
#11423 = PRESENTATION_STYLE_ASSIGNMENT((#11424,#11429));
#11424 = SURFACE_STYLE_USAGE(.BOTH.,#11425);
#11425 = SURFACE_SIDE_STYLE('',(#11426));
#11426 = SURFACE_STYLE_FILL_AREA(#11427);
#11427 = FILL_AREA_STYLE('',(#11428));
#11428 = FILL_AREA_STYLE_COLOUR('',#10770);
#11429 = CURVE_STYLE('',#11430,POSITIVE_LENGTH_MEASURE(0.1),#10773);
#11430 = DRAUGHTING_PRE_DEFINED_CURVE_FONT('continuous');
#11431 = STYLED_ITEM('color',(#11432),#7923);
#11432 = PRESENTATION_STYLE_ASSIGNMENT((#11433,#11438));
#11433 = SURFACE_STYLE_USAGE(.BOTH.,#11434);
#11434 = SURFACE_SIDE_STYLE('',(#11435));
#11435 = SURFACE_STYLE_FILL_AREA(#11436);
#11436 = FILL_AREA_STYLE('',(#11437));
#11437 = FILL_AREA_STYLE_COLOUR('',#10770);
#11438 = CURVE_STYLE('',#11439,POSITIVE_LENGTH_MEASURE(0.1),#10773);
#11439 = DRAUGHTING_PRE_DEFINED_CURVE_FONT('continuous');
#11440 = STYLED_ITEM('color',(#11441),#7965);
#11441 = PRESENTATION_STYLE_ASSIGNMENT((#11442,#11447));
#11442 = SURFACE_STYLE_USAGE(.BOTH.,#11443);
#11443 = SURFACE_SIDE_STYLE('',(#11444));
#11444 = SURFACE_STYLE_FILL_AREA(#11445);
#11445 = FILL_AREA_STYLE('',(#11446));
#11446 = FILL_AREA_STYLE_COLOUR('',#10770);
#11447 = CURVE_STYLE('',#11448,POSITIVE_LENGTH_MEASURE(0.1),#10773);
#11448 = DRAUGHTING_PRE_DEFINED_CURVE_FONT('continuous');
#11449 = STYLED_ITEM('color',(#11450),#8012);
#11450 = PRESENTATION_STYLE_ASSIGNMENT((#11451,#11456));
#11451 = SURFACE_STYLE_USAGE(.BOTH.,#11452);
#11452 = SURFACE_SIDE_STYLE('',(#11453));
#11453 = SURFACE_STYLE_FILL_AREA(#11454);
#11454 = FILL_AREA_STYLE('',(#11455));
#11455 = FILL_AREA_STYLE_COLOUR('',#10770);
#11456 = CURVE_STYLE('',#11457,POSITIVE_LENGTH_MEASURE(0.1),#10773);
#11457 = DRAUGHTING_PRE_DEFINED_CURVE_FONT('continuous');
#11458 = STYLED_ITEM('color',(#11459),#8134);
#11459 = PRESENTATION_STYLE_ASSIGNMENT((#11460,#11465));
#11460 = SURFACE_STYLE_USAGE(.BOTH.,#11461);
#11461 = SURFACE_SIDE_STYLE('',(#11462));
#11462 = SURFACE_STYLE_FILL_AREA(#11463);
#11463 = FILL_AREA_STYLE('',(#11464));
#11464 = FILL_AREA_STYLE_COLOUR('',#10770);
#11465 = CURVE_STYLE('',#11466,POSITIVE_LENGTH_MEASURE(0.1),#10773);
#11466 = DRAUGHTING_PRE_DEFINED_CURVE_FONT('continuous');
#11467 = STYLED_ITEM('color',(#11468),#8181);
#11468 = PRESENTATION_STYLE_ASSIGNMENT((#11469,#11474));
#11469 = SURFACE_STYLE_USAGE(.BOTH.,#11470);
#11470 = SURFACE_SIDE_STYLE('',(#11471));
#11471 = SURFACE_STYLE_FILL_AREA(#11472);
#11472 = FILL_AREA_STYLE('',(#11473));
#11473 = FILL_AREA_STYLE_COLOUR('',#10770);
#11474 = CURVE_STYLE('',#11475,POSITIVE_LENGTH_MEASURE(0.1),#10773);
#11475 = DRAUGHTING_PRE_DEFINED_CURVE_FONT('continuous');
#11476 = STYLED_ITEM('color',(#11477),#8223);
#11477 = PRESENTATION_STYLE_ASSIGNMENT((#11478,#11483));
#11478 = SURFACE_STYLE_USAGE(.BOTH.,#11479);
#11479 = SURFACE_SIDE_STYLE('',(#11480));
#11480 = SURFACE_STYLE_FILL_AREA(#11481);
#11481 = FILL_AREA_STYLE('',(#11482));
#11482 = FILL_AREA_STYLE_COLOUR('',#10770);
#11483 = CURVE_STYLE('',#11484,POSITIVE_LENGTH_MEASURE(0.1),#10773);
#11484 = DRAUGHTING_PRE_DEFINED_CURVE_FONT('continuous');
#11485 = STYLED_ITEM('color',(#11486),#8265);
#11486 = PRESENTATION_STYLE_ASSIGNMENT((#11487,#11492));
#11487 = SURFACE_STYLE_USAGE(.BOTH.,#11488);
#11488 = SURFACE_SIDE_STYLE('',(#11489));
#11489 = SURFACE_STYLE_FILL_AREA(#11490);
#11490 = FILL_AREA_STYLE('',(#11491));
#11491 = FILL_AREA_STYLE_COLOUR('',#10770);
#11492 = CURVE_STYLE('',#11493,POSITIVE_LENGTH_MEASURE(0.1),#10773);
#11493 = DRAUGHTING_PRE_DEFINED_CURVE_FONT('continuous');
#11494 = STYLED_ITEM('color',(#11495),#8307);
#11495 = PRESENTATION_STYLE_ASSIGNMENT((#11496,#11501));
#11496 = SURFACE_STYLE_USAGE(.BOTH.,#11497);
#11497 = SURFACE_SIDE_STYLE('',(#11498));
#11498 = SURFACE_STYLE_FILL_AREA(#11499);
#11499 = FILL_AREA_STYLE('',(#11500));
#11500 = FILL_AREA_STYLE_COLOUR('',#10770);
#11501 = CURVE_STYLE('',#11502,POSITIVE_LENGTH_MEASURE(0.1),#10773);
#11502 = DRAUGHTING_PRE_DEFINED_CURVE_FONT('continuous');
#11503 = STYLED_ITEM('color',(#11504),#8354);
#11504 = PRESENTATION_STYLE_ASSIGNMENT((#11505,#11510));
#11505 = SURFACE_STYLE_USAGE(.BOTH.,#11506);
#11506 = SURFACE_SIDE_STYLE('',(#11507));
#11507 = SURFACE_STYLE_FILL_AREA(#11508);
#11508 = FILL_AREA_STYLE('',(#11509));
#11509 = FILL_AREA_STYLE_COLOUR('',#10770);
#11510 = CURVE_STYLE('',#11511,POSITIVE_LENGTH_MEASURE(0.1),#10773);
#11511 = DRAUGHTING_PRE_DEFINED_CURVE_FONT('continuous');
#11512 = STYLED_ITEM('color',(#11513),#8476);
#11513 = PRESENTATION_STYLE_ASSIGNMENT((#11514,#11519));
#11514 = SURFACE_STYLE_USAGE(.BOTH.,#11515);
#11515 = SURFACE_SIDE_STYLE('',(#11516));
#11516 = SURFACE_STYLE_FILL_AREA(#11517);
#11517 = FILL_AREA_STYLE('',(#11518));
#11518 = FILL_AREA_STYLE_COLOUR('',#10770);
#11519 = CURVE_STYLE('',#11520,POSITIVE_LENGTH_MEASURE(0.1),#10773);
#11520 = DRAUGHTING_PRE_DEFINED_CURVE_FONT('continuous');
#11521 = STYLED_ITEM('color',(#11522),#8598);
#11522 = PRESENTATION_STYLE_ASSIGNMENT((#11523,#11528));
#11523 = SURFACE_STYLE_USAGE(.BOTH.,#11524);
#11524 = SURFACE_SIDE_STYLE('',(#11525));
#11525 = SURFACE_STYLE_FILL_AREA(#11526);
#11526 = FILL_AREA_STYLE('',(#11527));
#11527 = FILL_AREA_STYLE_COLOUR('',#10770);
#11528 = CURVE_STYLE('',#11529,POSITIVE_LENGTH_MEASURE(0.1),#10773);
#11529 = DRAUGHTING_PRE_DEFINED_CURVE_FONT('continuous');
#11530 = STYLED_ITEM('color',(#11531),#8864);
#11531 = PRESENTATION_STYLE_ASSIGNMENT((#11532,#11537));
#11532 = SURFACE_STYLE_USAGE(.BOTH.,#11533);
#11533 = SURFACE_SIDE_STYLE('',(#11534));
#11534 = SURFACE_STYLE_FILL_AREA(#11535);
#11535 = FILL_AREA_STYLE('',(#11536));
#11536 = FILL_AREA_STYLE_COLOUR('',#10770);
#11537 = CURVE_STYLE('',#11538,POSITIVE_LENGTH_MEASURE(0.1),#10773);
#11538 = DRAUGHTING_PRE_DEFINED_CURVE_FONT('continuous');
#11539 = STYLED_ITEM('color',(#11540),#8922);
#11540 = PRESENTATION_STYLE_ASSIGNMENT((#11541,#11546));
#11541 = SURFACE_STYLE_USAGE(.BOTH.,#11542);
#11542 = SURFACE_SIDE_STYLE('',(#11543));
#11543 = SURFACE_STYLE_FILL_AREA(#11544);
#11544 = FILL_AREA_STYLE('',(#11545));
#11545 = FILL_AREA_STYLE_COLOUR('',#10770);
#11546 = CURVE_STYLE('',#11547,POSITIVE_LENGTH_MEASURE(0.1),#10773);
#11547 = DRAUGHTING_PRE_DEFINED_CURVE_FONT('continuous');
#11548 = STYLED_ITEM('color',(#11549),#8969);
#11549 = PRESENTATION_STYLE_ASSIGNMENT((#11550,#11555));
#11550 = SURFACE_STYLE_USAGE(.BOTH.,#11551);
#11551 = SURFACE_SIDE_STYLE('',(#11552));
#11552 = SURFACE_STYLE_FILL_AREA(#11553);
#11553 = FILL_AREA_STYLE('',(#11554));
#11554 = FILL_AREA_STYLE_COLOUR('',#10770);
#11555 = CURVE_STYLE('',#11556,POSITIVE_LENGTH_MEASURE(0.1),#10773);
#11556 = DRAUGHTING_PRE_DEFINED_CURVE_FONT('continuous');
#11557 = STYLED_ITEM('color',(#11558),#9011);
#11558 = PRESENTATION_STYLE_ASSIGNMENT((#11559,#11564));
#11559 = SURFACE_STYLE_USAGE(.BOTH.,#11560);
#11560 = SURFACE_SIDE_STYLE('',(#11561));
#11561 = SURFACE_STYLE_FILL_AREA(#11562);
#11562 = FILL_AREA_STYLE('',(#11563));
#11563 = FILL_AREA_STYLE_COLOUR('',#10770);
#11564 = CURVE_STYLE('',#11565,POSITIVE_LENGTH_MEASURE(0.1),#10773);
#11565 = DRAUGHTING_PRE_DEFINED_CURVE_FONT('continuous');
#11566 = STYLED_ITEM('color',(#11567),#9058);
#11567 = PRESENTATION_STYLE_ASSIGNMENT((#11568,#11573));
#11568 = SURFACE_STYLE_USAGE(.BOTH.,#11569);
#11569 = SURFACE_SIDE_STYLE('',(#11570));
#11570 = SURFACE_STYLE_FILL_AREA(#11571);
#11571 = FILL_AREA_STYLE('',(#11572));
#11572 = FILL_AREA_STYLE_COLOUR('',#10770);
#11573 = CURVE_STYLE('',#11574,POSITIVE_LENGTH_MEASURE(0.1),#10773);
#11574 = DRAUGHTING_PRE_DEFINED_CURVE_FONT('continuous');
#11575 = STYLED_ITEM('color',(#11576),#9100);
#11576 = PRESENTATION_STYLE_ASSIGNMENT((#11577,#11582));
#11577 = SURFACE_STYLE_USAGE(.BOTH.,#11578);
#11578 = SURFACE_SIDE_STYLE('',(#11579));
#11579 = SURFACE_STYLE_FILL_AREA(#11580);
#11580 = FILL_AREA_STYLE('',(#11581));
#11581 = FILL_AREA_STYLE_COLOUR('',#10770);
#11582 = CURVE_STYLE('',#11583,POSITIVE_LENGTH_MEASURE(0.1),#10773);
#11583 = DRAUGHTING_PRE_DEFINED_CURVE_FONT('continuous');
#11584 = STYLED_ITEM('color',(#11585),#9142);
#11585 = PRESENTATION_STYLE_ASSIGNMENT((#11586,#11591));
#11586 = SURFACE_STYLE_USAGE(.BOTH.,#11587);
#11587 = SURFACE_SIDE_STYLE('',(#11588));
#11588 = SURFACE_STYLE_FILL_AREA(#11589);
#11589 = FILL_AREA_STYLE('',(#11590));
#11590 = FILL_AREA_STYLE_COLOUR('',#10770);
#11591 = CURVE_STYLE('',#11592,POSITIVE_LENGTH_MEASURE(0.1),#10773);
#11592 = DRAUGHTING_PRE_DEFINED_CURVE_FONT('continuous');
#11593 = STYLED_ITEM('color',(#11594),#9184);
#11594 = PRESENTATION_STYLE_ASSIGNMENT((#11595,#11600));
#11595 = SURFACE_STYLE_USAGE(.BOTH.,#11596);
#11596 = SURFACE_SIDE_STYLE('',(#11597));
#11597 = SURFACE_STYLE_FILL_AREA(#11598);
#11598 = FILL_AREA_STYLE('',(#11599));
#11599 = FILL_AREA_STYLE_COLOUR('',#10770);
#11600 = CURVE_STYLE('',#11601,POSITIVE_LENGTH_MEASURE(0.1),#10773);
#11601 = DRAUGHTING_PRE_DEFINED_CURVE_FONT('continuous');
#11602 = STYLED_ITEM('color',(#11603),#9231);
#11603 = PRESENTATION_STYLE_ASSIGNMENT((#11604,#11609));
#11604 = SURFACE_STYLE_USAGE(.BOTH.,#11605);
#11605 = SURFACE_SIDE_STYLE('',(#11606));
#11606 = SURFACE_STYLE_FILL_AREA(#11607);
#11607 = FILL_AREA_STYLE('',(#11608));
#11608 = FILL_AREA_STYLE_COLOUR('',#10770);
#11609 = CURVE_STYLE('',#11610,POSITIVE_LENGTH_MEASURE(0.1),#10773);
#11610 = DRAUGHTING_PRE_DEFINED_CURVE_FONT('continuous');
#11611 = STYLED_ITEM('color',(#11612),#9273);
#11612 = PRESENTATION_STYLE_ASSIGNMENT((#11613,#11618));
#11613 = SURFACE_STYLE_USAGE(.BOTH.,#11614);
#11614 = SURFACE_SIDE_STYLE('',(#11615));
#11615 = SURFACE_STYLE_FILL_AREA(#11616);
#11616 = FILL_AREA_STYLE('',(#11617));
#11617 = FILL_AREA_STYLE_COLOUR('',#10770);
#11618 = CURVE_STYLE('',#11619,POSITIVE_LENGTH_MEASURE(0.1),#10773);
#11619 = DRAUGHTING_PRE_DEFINED_CURVE_FONT('continuous');
#11620 = STYLED_ITEM('color',(#11621),#9320);
#11621 = PRESENTATION_STYLE_ASSIGNMENT((#11622,#11627));
#11622 = SURFACE_STYLE_USAGE(.BOTH.,#11623);
#11623 = SURFACE_SIDE_STYLE('',(#11624));
#11624 = SURFACE_STYLE_FILL_AREA(#11625);
#11625 = FILL_AREA_STYLE('',(#11626));
#11626 = FILL_AREA_STYLE_COLOUR('',#10770);
#11627 = CURVE_STYLE('',#11628,POSITIVE_LENGTH_MEASURE(0.1),#10773);
#11628 = DRAUGHTING_PRE_DEFINED_CURVE_FONT('continuous');
#11629 = STYLED_ITEM('color',(#11630),#9506);
#11630 = PRESENTATION_STYLE_ASSIGNMENT((#11631,#11636));
#11631 = SURFACE_STYLE_USAGE(.BOTH.,#11632);
#11632 = SURFACE_SIDE_STYLE('',(#11633));
#11633 = SURFACE_STYLE_FILL_AREA(#11634);
#11634 = FILL_AREA_STYLE('',(#11635));
#11635 = FILL_AREA_STYLE_COLOUR('',#10770);
#11636 = CURVE_STYLE('',#11637,POSITIVE_LENGTH_MEASURE(0.1),#10773);
#11637 = DRAUGHTING_PRE_DEFINED_CURVE_FONT('continuous');
#11638 = STYLED_ITEM('color',(#11639),#9692);
#11639 = PRESENTATION_STYLE_ASSIGNMENT((#11640,#11645));
#11640 = SURFACE_STYLE_USAGE(.BOTH.,#11641);
#11641 = SURFACE_SIDE_STYLE('',(#11642));
#11642 = SURFACE_STYLE_FILL_AREA(#11643);
#11643 = FILL_AREA_STYLE('',(#11644));
#11644 = FILL_AREA_STYLE_COLOUR('',#10770);
#11645 = CURVE_STYLE('',#11646,POSITIVE_LENGTH_MEASURE(0.1),#10773);
#11646 = DRAUGHTING_PRE_DEFINED_CURVE_FONT('continuous');
#11647 = STYLED_ITEM('color',(#11648),#9758);
#11648 = PRESENTATION_STYLE_ASSIGNMENT((#11649,#11654));
#11649 = SURFACE_STYLE_USAGE(.BOTH.,#11650);
#11650 = SURFACE_SIDE_STYLE('',(#11651));
#11651 = SURFACE_STYLE_FILL_AREA(#11652);
#11652 = FILL_AREA_STYLE('',(#11653));
#11653 = FILL_AREA_STYLE_COLOUR('',#10770);
#11654 = CURVE_STYLE('',#11655,POSITIVE_LENGTH_MEASURE(0.1),#10773);
#11655 = DRAUGHTING_PRE_DEFINED_CURVE_FONT('continuous');
#11656 = STYLED_ITEM('color',(#11657),#9800);
#11657 = PRESENTATION_STYLE_ASSIGNMENT((#11658,#11663));
#11658 = SURFACE_STYLE_USAGE(.BOTH.,#11659);
#11659 = SURFACE_SIDE_STYLE('',(#11660));
#11660 = SURFACE_STYLE_FILL_AREA(#11661);
#11661 = FILL_AREA_STYLE('',(#11662));
#11662 = FILL_AREA_STYLE_COLOUR('',#10770);
#11663 = CURVE_STYLE('',#11664,POSITIVE_LENGTH_MEASURE(0.1),#10773);
#11664 = DRAUGHTING_PRE_DEFINED_CURVE_FONT('continuous');
#11665 = STYLED_ITEM('color',(#11666),#9890);
#11666 = PRESENTATION_STYLE_ASSIGNMENT((#11667,#11672));
#11667 = SURFACE_STYLE_USAGE(.BOTH.,#11668);
#11668 = SURFACE_SIDE_STYLE('',(#11669));
#11669 = SURFACE_STYLE_FILL_AREA(#11670);
#11670 = FILL_AREA_STYLE('',(#11671));
#11671 = FILL_AREA_STYLE_COLOUR('',#10770);
#11672 = CURVE_STYLE('',#11673,POSITIVE_LENGTH_MEASURE(0.1),#10773);
#11673 = DRAUGHTING_PRE_DEFINED_CURVE_FONT('continuous');
#11674 = STYLED_ITEM('color',(#11675),#9932);
#11675 = PRESENTATION_STYLE_ASSIGNMENT((#11676,#11681));
#11676 = SURFACE_STYLE_USAGE(.BOTH.,#11677);
#11677 = SURFACE_SIDE_STYLE('',(#11678));
#11678 = SURFACE_STYLE_FILL_AREA(#11679);
#11679 = FILL_AREA_STYLE('',(#11680));
#11680 = FILL_AREA_STYLE_COLOUR('',#10770);
#11681 = CURVE_STYLE('',#11682,POSITIVE_LENGTH_MEASURE(0.1),#10773);
#11682 = DRAUGHTING_PRE_DEFINED_CURVE_FONT('continuous');
#11683 = STYLED_ITEM('color',(#11684),#10054);
#11684 = PRESENTATION_STYLE_ASSIGNMENT((#11685,#11690));
#11685 = SURFACE_STYLE_USAGE(.BOTH.,#11686);
#11686 = SURFACE_SIDE_STYLE('',(#11687));
#11687 = SURFACE_STYLE_FILL_AREA(#11688);
#11688 = FILL_AREA_STYLE('',(#11689));
#11689 = FILL_AREA_STYLE_COLOUR('',#10770);
#11690 = CURVE_STYLE('',#11691,POSITIVE_LENGTH_MEASURE(0.1),#10773);
#11691 = DRAUGHTING_PRE_DEFINED_CURVE_FONT('continuous');
#11692 = STYLED_ITEM('color',(#11693),#10144);
#11693 = PRESENTATION_STYLE_ASSIGNMENT((#11694,#11699));
#11694 = SURFACE_STYLE_USAGE(.BOTH.,#11695);
#11695 = SURFACE_SIDE_STYLE('',(#11696));
#11696 = SURFACE_STYLE_FILL_AREA(#11697);
#11697 = FILL_AREA_STYLE('',(#11698));
#11698 = FILL_AREA_STYLE_COLOUR('',#10770);
#11699 = CURVE_STYLE('',#11700,POSITIVE_LENGTH_MEASURE(0.1),#10773);
#11700 = DRAUGHTING_PRE_DEFINED_CURVE_FONT('continuous');
#11701 = STYLED_ITEM('color',(#11702),#10195);
#11702 = PRESENTATION_STYLE_ASSIGNMENT((#11703,#11708));
#11703 = SURFACE_STYLE_USAGE(.BOTH.,#11704);
#11704 = SURFACE_SIDE_STYLE('',(#11705));
#11705 = SURFACE_STYLE_FILL_AREA(#11706);
#11706 = FILL_AREA_STYLE('',(#11707));
#11707 = FILL_AREA_STYLE_COLOUR('',#10770);
#11708 = CURVE_STYLE('',#11709,POSITIVE_LENGTH_MEASURE(0.1),#10773);
#11709 = DRAUGHTING_PRE_DEFINED_CURVE_FONT('continuous');
#11710 = STYLED_ITEM('color',(#11711),#10237);
#11711 = PRESENTATION_STYLE_ASSIGNMENT((#11712,#11717));
#11712 = SURFACE_STYLE_USAGE(.BOTH.,#11713);
#11713 = SURFACE_SIDE_STYLE('',(#11714));
#11714 = SURFACE_STYLE_FILL_AREA(#11715);
#11715 = FILL_AREA_STYLE('',(#11716));
#11716 = FILL_AREA_STYLE_COLOUR('',#10770);
#11717 = CURVE_STYLE('',#11718,POSITIVE_LENGTH_MEASURE(0.1),#10773);
#11718 = DRAUGHTING_PRE_DEFINED_CURVE_FONT('continuous');
#11719 = STYLED_ITEM('color',(#11720),#10279);
#11720 = PRESENTATION_STYLE_ASSIGNMENT((#11721,#11726));
#11721 = SURFACE_STYLE_USAGE(.BOTH.,#11722);
#11722 = SURFACE_SIDE_STYLE('',(#11723));
#11723 = SURFACE_STYLE_FILL_AREA(#11724);
#11724 = FILL_AREA_STYLE('',(#11725));
#11725 = FILL_AREA_STYLE_COLOUR('',#10770);
#11726 = CURVE_STYLE('',#11727,POSITIVE_LENGTH_MEASURE(0.1),#10773);
#11727 = DRAUGHTING_PRE_DEFINED_CURVE_FONT('continuous');
#11728 = STYLED_ITEM('color',(#11729),#10326);
#11729 = PRESENTATION_STYLE_ASSIGNMENT((#11730,#11735));
#11730 = SURFACE_STYLE_USAGE(.BOTH.,#11731);
#11731 = SURFACE_SIDE_STYLE('',(#11732));
#11732 = SURFACE_STYLE_FILL_AREA(#11733);
#11733 = FILL_AREA_STYLE('',(#11734));
#11734 = FILL_AREA_STYLE_COLOUR('',#10770);
#11735 = CURVE_STYLE('',#11736,POSITIVE_LENGTH_MEASURE(0.1),#10773);
#11736 = DRAUGHTING_PRE_DEFINED_CURVE_FONT('continuous');
#11737 = STYLED_ITEM('color',(#11738),#10382);
#11738 = PRESENTATION_STYLE_ASSIGNMENT((#11739,#11744));
#11739 = SURFACE_STYLE_USAGE(.BOTH.,#11740);
#11740 = SURFACE_SIDE_STYLE('',(#11741));
#11741 = SURFACE_STYLE_FILL_AREA(#11742);
#11742 = FILL_AREA_STYLE('',(#11743));
#11743 = FILL_AREA_STYLE_COLOUR('',#10770);
#11744 = CURVE_STYLE('',#11745,POSITIVE_LENGTH_MEASURE(0.1),#10773);
#11745 = DRAUGHTING_PRE_DEFINED_CURVE_FONT('continuous');
#11746 = STYLED_ITEM('color',(#11747),#10429);
#11747 = PRESENTATION_STYLE_ASSIGNMENT((#11748,#11753));
#11748 = SURFACE_STYLE_USAGE(.BOTH.,#11749);
#11749 = SURFACE_SIDE_STYLE('',(#11750));
#11750 = SURFACE_STYLE_FILL_AREA(#11751);
#11751 = FILL_AREA_STYLE('',(#11752));
#11752 = FILL_AREA_STYLE_COLOUR('',#10770);
#11753 = CURVE_STYLE('',#11754,POSITIVE_LENGTH_MEASURE(0.1),#10773);
#11754 = DRAUGHTING_PRE_DEFINED_CURVE_FONT('continuous');
#11755 = STYLED_ITEM('color',(#11756),#10476);
#11756 = PRESENTATION_STYLE_ASSIGNMENT((#11757,#11762));
#11757 = SURFACE_STYLE_USAGE(.BOTH.,#11758);
#11758 = SURFACE_SIDE_STYLE('',(#11759));
#11759 = SURFACE_STYLE_FILL_AREA(#11760);
#11760 = FILL_AREA_STYLE('',(#11761));
#11761 = FILL_AREA_STYLE_COLOUR('',#10770);
#11762 = CURVE_STYLE('',#11763,POSITIVE_LENGTH_MEASURE(0.1),#10773);
#11763 = DRAUGHTING_PRE_DEFINED_CURVE_FONT('continuous');
#11764 = STYLED_ITEM('color',(#11765),#10523);
#11765 = PRESENTATION_STYLE_ASSIGNMENT((#11766,#11771));
#11766 = SURFACE_STYLE_USAGE(.BOTH.,#11767);
#11767 = SURFACE_SIDE_STYLE('',(#11768));
#11768 = SURFACE_STYLE_FILL_AREA(#11769);
#11769 = FILL_AREA_STYLE('',(#11770));
#11770 = FILL_AREA_STYLE_COLOUR('',#10770);
#11771 = CURVE_STYLE('',#11772,POSITIVE_LENGTH_MEASURE(0.1),#10773);
#11772 = DRAUGHTING_PRE_DEFINED_CURVE_FONT('continuous');
#11773 = STYLED_ITEM('color',(#11774),#10570);
#11774 = PRESENTATION_STYLE_ASSIGNMENT((#11775,#11780));
#11775 = SURFACE_STYLE_USAGE(.BOTH.,#11776);
#11776 = SURFACE_SIDE_STYLE('',(#11777));
#11777 = SURFACE_STYLE_FILL_AREA(#11778);
#11778 = FILL_AREA_STYLE('',(#11779));
#11779 = FILL_AREA_STYLE_COLOUR('',#10770);
#11780 = CURVE_STYLE('',#11781,POSITIVE_LENGTH_MEASURE(0.1),#10773);
#11781 = DRAUGHTING_PRE_DEFINED_CURVE_FONT('continuous');
#11782 = STYLED_ITEM('color',(#11783),#10617);
#11783 = PRESENTATION_STYLE_ASSIGNMENT((#11784,#11789));
#11784 = SURFACE_STYLE_USAGE(.BOTH.,#11785);
#11785 = SURFACE_SIDE_STYLE('',(#11786));
#11786 = SURFACE_STYLE_FILL_AREA(#11787);
#11787 = FILL_AREA_STYLE('',(#11788));
#11788 = FILL_AREA_STYLE_COLOUR('',#10770);
#11789 = CURVE_STYLE('',#11790,POSITIVE_LENGTH_MEASURE(0.1),#10773);
#11790 = DRAUGHTING_PRE_DEFINED_CURVE_FONT('continuous');
#11791 = STYLED_ITEM('color',(#11792),#10664);
#11792 = PRESENTATION_STYLE_ASSIGNMENT((#11793,#11798));
#11793 = SURFACE_STYLE_USAGE(.BOTH.,#11794);
#11794 = SURFACE_SIDE_STYLE('',(#11795));
#11795 = SURFACE_STYLE_FILL_AREA(#11796);
#11796 = FILL_AREA_STYLE('',(#11797));
#11797 = FILL_AREA_STYLE_COLOUR('',#10770);
#11798 = CURVE_STYLE('',#11799,POSITIVE_LENGTH_MEASURE(0.1),#10773);
#11799 = DRAUGHTING_PRE_DEFINED_CURVE_FONT('continuous');
#11800 = STYLED_ITEM('color',(#11801),#10711);
#11801 = PRESENTATION_STYLE_ASSIGNMENT((#11802,#11807));
#11802 = SURFACE_STYLE_USAGE(.BOTH.,#11803);
#11803 = SURFACE_SIDE_STYLE('',(#11804));
#11804 = SURFACE_STYLE_FILL_AREA(#11805);
#11805 = FILL_AREA_STYLE('',(#11806));
#11806 = FILL_AREA_STYLE_COLOUR('',#10770);
#11807 = CURVE_STYLE('',#11808,POSITIVE_LENGTH_MEASURE(0.1),#10773);
#11808 = DRAUGHTING_PRE_DEFINED_CURVE_FONT('continuous');
ENDSEC;
END-ISO-10303-21;
