ISO-10303-21;
HEADER;
/* Generated by software containing ST-Developer
 * from STEP Tools, Inc. (www.steptools.com) 
 */
/* OPTION: using custom renumber hook */

FILE_DESCRIPTION(
/* description */ ('STEP AP214'),
/* implementation_level */ '2;1');

FILE_NAME(
/* name */ 'SSQ-104-02-T-S-RA',
/* time_stamp */ '2023-11-04T19:33:44+01:00',
/* author */ ('License CC BY-ND 4.0'),
/* organization */ ('CADENAS'),
/* preprocessor_version */ 'ST-DEVELOPER v19.3',
/* originating_system */ 'PARTsolutions',
/* authorisation */ '  ');

FILE_SCHEMA (('AUTOMOTIVE_DESIGN {1 0 10303 214 3 1 1}'));
ENDSEC;

DATA;
#10=PROPERTY_DEFINITION_REPRESENTATION(#14,#12);
#11=PROPERTY_DEFINITION_REPRESENTATION(#15,#13);
#12=REPRESENTATION('',(#16),#3077);
#13=REPRESENTATION('',(#17),#3077);
#14=PROPERTY_DEFINITION('pmi validation property','',#3089);
#15=PROPERTY_DEFINITION('pmi validation property','',#3089);
#16=VALUE_REPRESENTATION_ITEM('number of annotations',COUNT_MEASURE(0.));
#17=VALUE_REPRESENTATION_ITEM('number of views',COUNT_MEASURE(0.));
#18=COLOUR_RGB('',0.689999997615814,0.689999997615814,0.689999997615814);
#19=CONTEXT_DEPENDENT_SHAPE_REPRESENTATION(#23,#3091);
#20=CONTEXT_DEPENDENT_SHAPE_REPRESENTATION(#24,#3093);
#21=NEXT_ASSEMBLY_USAGE_OCCURRENCE('NAUO1','P2SSQ-104-02-T-S-RA',
'P2SSQ-104-02-T-S-RA',#3094,#3095,'');
#22=NEXT_ASSEMBLY_USAGE_OCCURRENCE('NAUO2','T1SSQ-104-02-T-S-RA',
'T1SSQ-104-02-T-S-RA',#3094,#3096,'');
#23=(
REPRESENTATION_RELATIONSHIP(' ',' ',#1942,#1941)
REPRESENTATION_RELATIONSHIP_WITH_TRANSFORMATION(#25)
SHAPE_REPRESENTATION_RELATIONSHIP()
);
#24=(
REPRESENTATION_RELATIONSHIP(' ',' ',#1943,#1941)
REPRESENTATION_RELATIONSHIP_WITH_TRANSFORMATION(#26)
SHAPE_REPRESENTATION_RELATIONSHIP()
);
#25=ITEM_DEFINED_TRANSFORMATION(' ',' ',#1944,#2019);
#26=ITEM_DEFINED_TRANSFORMATION(' ',' ',#1944,#2058);
#27=SHAPE_REPRESENTATION_RELATIONSHIP('','',#1942,#29);
#28=SHAPE_REPRESENTATION_RELATIONSHIP('','',#1943,#30);
#29=ADVANCED_BREP_SHAPE_REPRESENTATION('',(#1936),#3078);
#30=ADVANCED_BREP_SHAPE_REPRESENTATION('',(#1937),#3079);
#31=CYLINDRICAL_SURFACE('',#1997,0.055);
#32=CYLINDRICAL_SURFACE('',#1998,0.055);
#33=CYLINDRICAL_SURFACE('',#1999,0.055);
#34=CYLINDRICAL_SURFACE('',#2000,0.055);
#35=CYLINDRICAL_SURFACE('',#2001,0.03);
#36=CYLINDRICAL_SURFACE('',#2002,0.03);
#37=CYLINDRICAL_SURFACE('',#2003,0.03);
#38=CYLINDRICAL_SURFACE('',#2004,0.03);
#39=CIRCLE('',#1966,0.03);
#40=CIRCLE('',#1967,0.055);
#41=CIRCLE('',#1969,0.03);
#42=CIRCLE('',#1970,0.055);
#43=CIRCLE('',#1972,0.055);
#44=CIRCLE('',#1973,0.03);
#45=CIRCLE('',#1975,0.03);
#46=CIRCLE('',#1976,0.055);
#47=CIRCLE('',#1978,0.055);
#48=CIRCLE('',#1979,0.03);
#49=CIRCLE('',#1981,0.03);
#50=CIRCLE('',#1982,0.055);
#51=CIRCLE('',#1984,0.055);
#52=CIRCLE('',#1985,0.03);
#53=CIRCLE('',#1987,0.055);
#54=CIRCLE('',#1988,0.03);
#55=ORIENTED_EDGE('',*,*,#583,.F.);
#56=ORIENTED_EDGE('',*,*,#584,.F.);
#57=ORIENTED_EDGE('',*,*,#585,.F.);
#58=ORIENTED_EDGE('',*,*,#586,.T.);
#59=ORIENTED_EDGE('',*,*,#587,.F.);
#60=ORIENTED_EDGE('',*,*,#588,.F.);
#61=ORIENTED_EDGE('',*,*,#589,.F.);
#62=ORIENTED_EDGE('',*,*,#590,.F.);
#63=ORIENTED_EDGE('',*,*,#591,.F.);
#64=ORIENTED_EDGE('',*,*,#592,.T.);
#65=ORIENTED_EDGE('',*,*,#593,.F.);
#66=ORIENTED_EDGE('',*,*,#594,.F.);
#67=ORIENTED_EDGE('',*,*,#595,.F.);
#68=ORIENTED_EDGE('',*,*,#596,.F.);
#69=ORIENTED_EDGE('',*,*,#597,.F.);
#70=ORIENTED_EDGE('',*,*,#598,.T.);
#71=ORIENTED_EDGE('',*,*,#599,.F.);
#72=ORIENTED_EDGE('',*,*,#600,.F.);
#73=ORIENTED_EDGE('',*,*,#601,.F.);
#74=ORIENTED_EDGE('',*,*,#602,.F.);
#75=ORIENTED_EDGE('',*,*,#603,.F.);
#76=ORIENTED_EDGE('',*,*,#604,.T.);
#77=ORIENTED_EDGE('',*,*,#605,.F.);
#78=ORIENTED_EDGE('',*,*,#606,.F.);
#79=ORIENTED_EDGE('',*,*,#607,.F.);
#80=ORIENTED_EDGE('',*,*,#608,.F.);
#81=ORIENTED_EDGE('',*,*,#609,.T.);
#82=ORIENTED_EDGE('',*,*,#610,.T.);
#83=ORIENTED_EDGE('',*,*,#611,.F.);
#84=ORIENTED_EDGE('',*,*,#612,.F.);
#85=ORIENTED_EDGE('',*,*,#613,.T.);
#86=ORIENTED_EDGE('',*,*,#614,.T.);
#87=ORIENTED_EDGE('',*,*,#615,.F.);
#88=ORIENTED_EDGE('',*,*,#616,.F.);
#89=ORIENTED_EDGE('',*,*,#617,.T.);
#90=ORIENTED_EDGE('',*,*,#618,.T.);
#91=ORIENTED_EDGE('',*,*,#619,.F.);
#92=ORIENTED_EDGE('',*,*,#620,.F.);
#93=ORIENTED_EDGE('',*,*,#621,.T.);
#94=ORIENTED_EDGE('',*,*,#622,.T.);
#95=ORIENTED_EDGE('',*,*,#623,.T.);
#96=ORIENTED_EDGE('',*,*,#624,.F.);
#97=ORIENTED_EDGE('',*,*,#625,.F.);
#98=ORIENTED_EDGE('',*,*,#626,.F.);
#99=ORIENTED_EDGE('',*,*,#627,.F.);
#100=ORIENTED_EDGE('',*,*,#628,.F.);
#101=ORIENTED_EDGE('',*,*,#629,.T.);
#102=ORIENTED_EDGE('',*,*,#630,.F.);
#103=ORIENTED_EDGE('',*,*,#631,.F.);
#104=ORIENTED_EDGE('',*,*,#632,.F.);
#105=ORIENTED_EDGE('',*,*,#633,.F.);
#106=ORIENTED_EDGE('',*,*,#634,.F.);
#107=ORIENTED_EDGE('',*,*,#635,.T.);
#108=ORIENTED_EDGE('',*,*,#636,.F.);
#109=ORIENTED_EDGE('',*,*,#637,.F.);
#110=ORIENTED_EDGE('',*,*,#638,.F.);
#111=ORIENTED_EDGE('',*,*,#639,.F.);
#112=ORIENTED_EDGE('',*,*,#640,.F.);
#113=ORIENTED_EDGE('',*,*,#641,.T.);
#114=ORIENTED_EDGE('',*,*,#642,.F.);
#115=ORIENTED_EDGE('',*,*,#643,.F.);
#116=ORIENTED_EDGE('',*,*,#644,.F.);
#117=ORIENTED_EDGE('',*,*,#645,.F.);
#118=ORIENTED_EDGE('',*,*,#646,.F.);
#119=ORIENTED_EDGE('',*,*,#608,.T.);
#120=ORIENTED_EDGE('',*,*,#647,.T.);
#121=ORIENTED_EDGE('',*,*,#628,.T.);
#122=ORIENTED_EDGE('',*,*,#648,.F.);
#123=ORIENTED_EDGE('',*,*,#584,.T.);
#124=ORIENTED_EDGE('',*,*,#649,.T.);
#125=ORIENTED_EDGE('',*,*,#612,.T.);
#126=ORIENTED_EDGE('',*,*,#650,.T.);
#127=ORIENTED_EDGE('',*,*,#634,.T.);
#128=ORIENTED_EDGE('',*,*,#651,.F.);
#129=ORIENTED_EDGE('',*,*,#590,.T.);
#130=ORIENTED_EDGE('',*,*,#652,.T.);
#131=ORIENTED_EDGE('',*,*,#624,.T.);
#132=ORIENTED_EDGE('',*,*,#653,.T.);
#133=ORIENTED_EDGE('',*,*,#610,.F.);
#134=ORIENTED_EDGE('',*,*,#654,.T.);
#135=ORIENTED_EDGE('',*,*,#588,.T.);
#136=ORIENTED_EDGE('',*,*,#655,.F.);
#137=ORIENTED_EDGE('',*,*,#616,.T.);
#138=ORIENTED_EDGE('',*,*,#656,.T.);
#139=ORIENTED_EDGE('',*,*,#640,.T.);
#140=ORIENTED_EDGE('',*,*,#657,.F.);
#141=ORIENTED_EDGE('',*,*,#596,.T.);
#142=ORIENTED_EDGE('',*,*,#658,.T.);
#143=ORIENTED_EDGE('',*,*,#630,.T.);
#144=ORIENTED_EDGE('',*,*,#659,.T.);
#145=ORIENTED_EDGE('',*,*,#614,.F.);
#146=ORIENTED_EDGE('',*,*,#660,.T.);
#147=ORIENTED_EDGE('',*,*,#594,.T.);
#148=ORIENTED_EDGE('',*,*,#661,.F.);
#149=ORIENTED_EDGE('',*,*,#620,.T.);
#150=ORIENTED_EDGE('',*,*,#662,.T.);
#151=ORIENTED_EDGE('',*,*,#646,.T.);
#152=ORIENTED_EDGE('',*,*,#663,.F.);
#153=ORIENTED_EDGE('',*,*,#602,.T.);
#154=ORIENTED_EDGE('',*,*,#664,.T.);
#155=ORIENTED_EDGE('',*,*,#636,.T.);
#156=ORIENTED_EDGE('',*,*,#665,.T.);
#157=ORIENTED_EDGE('',*,*,#618,.F.);
#158=ORIENTED_EDGE('',*,*,#666,.T.);
#159=ORIENTED_EDGE('',*,*,#600,.T.);
#160=ORIENTED_EDGE('',*,*,#667,.F.);
#161=ORIENTED_EDGE('',*,*,#642,.T.);
#162=ORIENTED_EDGE('',*,*,#668,.T.);
#163=ORIENTED_EDGE('',*,*,#622,.F.);
#164=ORIENTED_EDGE('',*,*,#669,.T.);
#165=ORIENTED_EDGE('',*,*,#606,.T.);
#166=ORIENTED_EDGE('',*,*,#670,.F.);
#167=ORIENTED_EDGE('',*,*,#643,.T.);
#168=ORIENTED_EDGE('',*,*,#670,.T.);
#169=ORIENTED_EDGE('',*,*,#605,.T.);
#170=ORIENTED_EDGE('',*,*,#671,.F.);
#171=ORIENTED_EDGE('',*,*,#672,.T.);
#172=ORIENTED_EDGE('',*,*,#673,.T.);
#173=ORIENTED_EDGE('',*,*,#674,.T.);
#174=ORIENTED_EDGE('',*,*,#675,.T.);
#175=ORIENTED_EDGE('',*,*,#637,.T.);
#176=ORIENTED_EDGE('',*,*,#667,.T.);
#177=ORIENTED_EDGE('',*,*,#599,.T.);
#178=ORIENTED_EDGE('',*,*,#676,.F.);
#179=ORIENTED_EDGE('',*,*,#677,.T.);
#180=ORIENTED_EDGE('',*,*,#678,.T.);
#181=ORIENTED_EDGE('',*,*,#679,.T.);
#182=ORIENTED_EDGE('',*,*,#680,.T.);
#183=ORIENTED_EDGE('',*,*,#603,.T.);
#184=ORIENTED_EDGE('',*,*,#663,.T.);
#185=ORIENTED_EDGE('',*,*,#645,.T.);
#186=ORIENTED_EDGE('',*,*,#681,.T.);
#187=ORIENTED_EDGE('',*,*,#682,.T.);
#188=ORIENTED_EDGE('',*,*,#683,.F.);
#189=ORIENTED_EDGE('',*,*,#684,.T.);
#190=ORIENTED_EDGE('',*,*,#685,.F.);
#191=ORIENTED_EDGE('',*,*,#631,.T.);
#192=ORIENTED_EDGE('',*,*,#661,.T.);
#193=ORIENTED_EDGE('',*,*,#593,.T.);
#194=ORIENTED_EDGE('',*,*,#686,.F.);
#195=ORIENTED_EDGE('',*,*,#687,.T.);
#196=ORIENTED_EDGE('',*,*,#688,.T.);
#197=ORIENTED_EDGE('',*,*,#689,.T.);
#198=ORIENTED_EDGE('',*,*,#690,.T.);
#199=ORIENTED_EDGE('',*,*,#597,.T.);
#200=ORIENTED_EDGE('',*,*,#657,.T.);
#201=ORIENTED_EDGE('',*,*,#639,.T.);
#202=ORIENTED_EDGE('',*,*,#691,.T.);
#203=ORIENTED_EDGE('',*,*,#692,.T.);
#204=ORIENTED_EDGE('',*,*,#693,.F.);
#205=ORIENTED_EDGE('',*,*,#694,.T.);
#206=ORIENTED_EDGE('',*,*,#695,.F.);
#207=ORIENTED_EDGE('',*,*,#625,.T.);
#208=ORIENTED_EDGE('',*,*,#655,.T.);
#209=ORIENTED_EDGE('',*,*,#587,.T.);
#210=ORIENTED_EDGE('',*,*,#696,.F.);
#211=ORIENTED_EDGE('',*,*,#697,.T.);
#212=ORIENTED_EDGE('',*,*,#698,.T.);
#213=ORIENTED_EDGE('',*,*,#699,.T.);
#214=ORIENTED_EDGE('',*,*,#700,.T.);
#215=ORIENTED_EDGE('',*,*,#591,.T.);
#216=ORIENTED_EDGE('',*,*,#651,.T.);
#217=ORIENTED_EDGE('',*,*,#633,.T.);
#218=ORIENTED_EDGE('',*,*,#701,.T.);
#219=ORIENTED_EDGE('',*,*,#702,.T.);
#220=ORIENTED_EDGE('',*,*,#703,.F.);
#221=ORIENTED_EDGE('',*,*,#704,.T.);
#222=ORIENTED_EDGE('',*,*,#705,.F.);
#223=ORIENTED_EDGE('',*,*,#585,.T.);
#224=ORIENTED_EDGE('',*,*,#648,.T.);
#225=ORIENTED_EDGE('',*,*,#627,.T.);
#226=ORIENTED_EDGE('',*,*,#706,.T.);
#227=ORIENTED_EDGE('',*,*,#707,.T.);
#228=ORIENTED_EDGE('',*,*,#708,.F.);
#229=ORIENTED_EDGE('',*,*,#709,.T.);
#230=ORIENTED_EDGE('',*,*,#710,.F.);
#231=ORIENTED_EDGE('',*,*,#707,.F.);
#232=ORIENTED_EDGE('',*,*,#711,.T.);
#233=ORIENTED_EDGE('',*,*,#699,.F.);
#234=ORIENTED_EDGE('',*,*,#712,.T.);
#235=ORIENTED_EDGE('',*,*,#702,.F.);
#236=ORIENTED_EDGE('',*,*,#713,.T.);
#237=ORIENTED_EDGE('',*,*,#689,.F.);
#238=ORIENTED_EDGE('',*,*,#714,.T.);
#239=ORIENTED_EDGE('',*,*,#692,.F.);
#240=ORIENTED_EDGE('',*,*,#715,.T.);
#241=ORIENTED_EDGE('',*,*,#679,.F.);
#242=ORIENTED_EDGE('',*,*,#716,.T.);
#243=ORIENTED_EDGE('',*,*,#682,.F.);
#244=ORIENTED_EDGE('',*,*,#717,.T.);
#245=ORIENTED_EDGE('',*,*,#674,.F.);
#246=ORIENTED_EDGE('',*,*,#718,.T.);
#247=ORIENTED_EDGE('',*,*,#709,.F.);
#248=ORIENTED_EDGE('',*,*,#719,.T.);
#249=ORIENTED_EDGE('',*,*,#697,.F.);
#250=ORIENTED_EDGE('',*,*,#720,.F.);
#251=ORIENTED_EDGE('',*,*,#704,.F.);
#252=ORIENTED_EDGE('',*,*,#721,.T.);
#253=ORIENTED_EDGE('',*,*,#687,.F.);
#254=ORIENTED_EDGE('',*,*,#722,.F.);
#255=ORIENTED_EDGE('',*,*,#694,.F.);
#256=ORIENTED_EDGE('',*,*,#723,.T.);
#257=ORIENTED_EDGE('',*,*,#677,.F.);
#258=ORIENTED_EDGE('',*,*,#724,.F.);
#259=ORIENTED_EDGE('',*,*,#684,.F.);
#260=ORIENTED_EDGE('',*,*,#725,.T.);
#261=ORIENTED_EDGE('',*,*,#672,.F.);
#262=ORIENTED_EDGE('',*,*,#726,.F.);
#263=ORIENTED_EDGE('',*,*,#706,.F.);
#264=ORIENTED_EDGE('',*,*,#626,.T.);
#265=ORIENTED_EDGE('',*,*,#700,.F.);
#266=ORIENTED_EDGE('',*,*,#711,.F.);
#267=ORIENTED_EDGE('',*,*,#701,.F.);
#268=ORIENTED_EDGE('',*,*,#632,.T.);
#269=ORIENTED_EDGE('',*,*,#690,.F.);
#270=ORIENTED_EDGE('',*,*,#713,.F.);
#271=ORIENTED_EDGE('',*,*,#691,.F.);
#272=ORIENTED_EDGE('',*,*,#638,.T.);
#273=ORIENTED_EDGE('',*,*,#680,.F.);
#274=ORIENTED_EDGE('',*,*,#715,.F.);
#275=ORIENTED_EDGE('',*,*,#681,.F.);
#276=ORIENTED_EDGE('',*,*,#644,.T.);
#277=ORIENTED_EDGE('',*,*,#675,.F.);
#278=ORIENTED_EDGE('',*,*,#717,.F.);
#279=ORIENTED_EDGE('',*,*,#586,.F.);
#280=ORIENTED_EDGE('',*,*,#710,.T.);
#281=ORIENTED_EDGE('',*,*,#720,.T.);
#282=ORIENTED_EDGE('',*,*,#696,.T.);
#283=ORIENTED_EDGE('',*,*,#592,.F.);
#284=ORIENTED_EDGE('',*,*,#705,.T.);
#285=ORIENTED_EDGE('',*,*,#722,.T.);
#286=ORIENTED_EDGE('',*,*,#686,.T.);
#287=ORIENTED_EDGE('',*,*,#598,.F.);
#288=ORIENTED_EDGE('',*,*,#695,.T.);
#289=ORIENTED_EDGE('',*,*,#724,.T.);
#290=ORIENTED_EDGE('',*,*,#676,.T.);
#291=ORIENTED_EDGE('',*,*,#604,.F.);
#292=ORIENTED_EDGE('',*,*,#685,.T.);
#293=ORIENTED_EDGE('',*,*,#726,.T.);
#294=ORIENTED_EDGE('',*,*,#671,.T.);
#295=ORIENTED_EDGE('',*,*,#727,.T.);
#296=ORIENTED_EDGE('',*,*,#728,.F.);
#297=ORIENTED_EDGE('',*,*,#729,.F.);
#298=ORIENTED_EDGE('',*,*,#730,.T.);
#299=ORIENTED_EDGE('',*,*,#731,.T.);
#300=ORIENTED_EDGE('',*,*,#732,.F.);
#301=ORIENTED_EDGE('',*,*,#733,.F.);
#302=ORIENTED_EDGE('',*,*,#728,.T.);
#303=ORIENTED_EDGE('',*,*,#734,.T.);
#304=ORIENTED_EDGE('',*,*,#735,.F.);
#305=ORIENTED_EDGE('',*,*,#736,.F.);
#306=ORIENTED_EDGE('',*,*,#732,.T.);
#307=ORIENTED_EDGE('',*,*,#737,.T.);
#308=ORIENTED_EDGE('',*,*,#730,.F.);
#309=ORIENTED_EDGE('',*,*,#738,.F.);
#310=ORIENTED_EDGE('',*,*,#735,.T.);
#311=ORIENTED_EDGE('',*,*,#729,.T.);
#312=ORIENTED_EDGE('',*,*,#733,.T.);
#313=ORIENTED_EDGE('',*,*,#736,.T.);
#314=ORIENTED_EDGE('',*,*,#738,.T.);
#315=ORIENTED_EDGE('',*,*,#719,.F.);
#316=ORIENTED_EDGE('',*,*,#708,.T.);
#317=ORIENTED_EDGE('',*,*,#712,.F.);
#318=ORIENTED_EDGE('',*,*,#698,.F.);
#319=ORIENTED_EDGE('',*,*,#721,.F.);
#320=ORIENTED_EDGE('',*,*,#703,.T.);
#321=ORIENTED_EDGE('',*,*,#714,.F.);
#322=ORIENTED_EDGE('',*,*,#688,.F.);
#323=ORIENTED_EDGE('',*,*,#723,.F.);
#324=ORIENTED_EDGE('',*,*,#693,.T.);
#325=ORIENTED_EDGE('',*,*,#716,.F.);
#326=ORIENTED_EDGE('',*,*,#678,.F.);
#327=ORIENTED_EDGE('',*,*,#725,.F.);
#328=ORIENTED_EDGE('',*,*,#683,.T.);
#329=ORIENTED_EDGE('',*,*,#718,.F.);
#330=ORIENTED_EDGE('',*,*,#673,.F.);
#331=ORIENTED_EDGE('',*,*,#731,.F.);
#332=ORIENTED_EDGE('',*,*,#727,.F.);
#333=ORIENTED_EDGE('',*,*,#737,.F.);
#334=ORIENTED_EDGE('',*,*,#734,.F.);
#335=ORIENTED_EDGE('',*,*,#601,.T.);
#336=ORIENTED_EDGE('',*,*,#669,.F.);
#337=ORIENTED_EDGE('',*,*,#621,.F.);
#338=ORIENTED_EDGE('',*,*,#664,.F.);
#339=ORIENTED_EDGE('',*,*,#619,.T.);
#340=ORIENTED_EDGE('',*,*,#668,.F.);
#341=ORIENTED_EDGE('',*,*,#641,.F.);
#342=ORIENTED_EDGE('',*,*,#662,.F.);
#343=ORIENTED_EDGE('',*,*,#595,.T.);
#344=ORIENTED_EDGE('',*,*,#666,.F.);
#345=ORIENTED_EDGE('',*,*,#617,.F.);
#346=ORIENTED_EDGE('',*,*,#658,.F.);
#347=ORIENTED_EDGE('',*,*,#615,.T.);
#348=ORIENTED_EDGE('',*,*,#665,.F.);
#349=ORIENTED_EDGE('',*,*,#635,.F.);
#350=ORIENTED_EDGE('',*,*,#656,.F.);
#351=ORIENTED_EDGE('',*,*,#589,.T.);
#352=ORIENTED_EDGE('',*,*,#660,.F.);
#353=ORIENTED_EDGE('',*,*,#613,.F.);
#354=ORIENTED_EDGE('',*,*,#652,.F.);
#355=ORIENTED_EDGE('',*,*,#611,.T.);
#356=ORIENTED_EDGE('',*,*,#659,.F.);
#357=ORIENTED_EDGE('',*,*,#629,.F.);
#358=ORIENTED_EDGE('',*,*,#650,.F.);
#359=ORIENTED_EDGE('',*,*,#583,.T.);
#360=ORIENTED_EDGE('',*,*,#654,.F.);
#361=ORIENTED_EDGE('',*,*,#609,.F.);
#362=ORIENTED_EDGE('',*,*,#649,.F.);
#363=ORIENTED_EDGE('',*,*,#607,.T.);
#364=ORIENTED_EDGE('',*,*,#653,.F.);
#365=ORIENTED_EDGE('',*,*,#623,.F.);
#366=ORIENTED_EDGE('',*,*,#647,.F.);
#367=ORIENTED_EDGE('',*,*,#739,.F.);
#368=ORIENTED_EDGE('',*,*,#740,.F.);
#369=ORIENTED_EDGE('',*,*,#741,.F.);
#370=ORIENTED_EDGE('',*,*,#742,.T.);
#371=ORIENTED_EDGE('',*,*,#743,.F.);
#372=ORIENTED_EDGE('',*,*,#744,.F.);
#373=ORIENTED_EDGE('',*,*,#745,.F.);
#374=ORIENTED_EDGE('',*,*,#746,.T.);
#375=ORIENTED_EDGE('',*,*,#747,.F.);
#376=ORIENTED_EDGE('',*,*,#748,.F.);
#377=ORIENTED_EDGE('',*,*,#749,.F.);
#378=ORIENTED_EDGE('',*,*,#750,.T.);
#379=ORIENTED_EDGE('',*,*,#751,.F.);
#380=ORIENTED_EDGE('',*,*,#752,.F.);
#381=ORIENTED_EDGE('',*,*,#753,.F.);
#382=ORIENTED_EDGE('',*,*,#754,.T.);
#383=ORIENTED_EDGE('',*,*,#755,.F.);
#384=ORIENTED_EDGE('',*,*,#756,.F.);
#385=ORIENTED_EDGE('',*,*,#757,.T.);
#386=ORIENTED_EDGE('',*,*,#758,.T.);
#387=ORIENTED_EDGE('',*,*,#759,.F.);
#388=ORIENTED_EDGE('',*,*,#760,.T.);
#389=ORIENTED_EDGE('',*,*,#761,.F.);
#390=ORIENTED_EDGE('',*,*,#762,.F.);
#391=ORIENTED_EDGE('',*,*,#763,.T.);
#392=ORIENTED_EDGE('',*,*,#764,.T.);
#393=ORIENTED_EDGE('',*,*,#765,.F.);
#394=ORIENTED_EDGE('',*,*,#766,.F.);
#395=ORIENTED_EDGE('',*,*,#767,.F.);
#396=ORIENTED_EDGE('',*,*,#768,.T.);
#397=ORIENTED_EDGE('',*,*,#769,.F.);
#398=ORIENTED_EDGE('',*,*,#770,.F.);
#399=ORIENTED_EDGE('',*,*,#771,.F.);
#400=ORIENTED_EDGE('',*,*,#772,.T.);
#401=ORIENTED_EDGE('',*,*,#773,.F.);
#402=ORIENTED_EDGE('',*,*,#774,.F.);
#403=ORIENTED_EDGE('',*,*,#775,.F.);
#404=ORIENTED_EDGE('',*,*,#776,.T.);
#405=ORIENTED_EDGE('',*,*,#777,.F.);
#406=ORIENTED_EDGE('',*,*,#778,.F.);
#407=ORIENTED_EDGE('',*,*,#779,.T.);
#408=ORIENTED_EDGE('',*,*,#780,.T.);
#409=ORIENTED_EDGE('',*,*,#781,.F.);
#410=ORIENTED_EDGE('',*,*,#782,.T.);
#411=ORIENTED_EDGE('',*,*,#781,.T.);
#412=ORIENTED_EDGE('',*,*,#783,.T.);
#413=ORIENTED_EDGE('',*,*,#784,.F.);
#414=ORIENTED_EDGE('',*,*,#785,.T.);
#415=ORIENTED_EDGE('',*,*,#784,.T.);
#416=ORIENTED_EDGE('',*,*,#786,.T.);
#417=ORIENTED_EDGE('',*,*,#787,.F.);
#418=ORIENTED_EDGE('',*,*,#788,.T.);
#419=ORIENTED_EDGE('',*,*,#789,.T.);
#420=ORIENTED_EDGE('',*,*,#790,.T.);
#421=ORIENTED_EDGE('',*,*,#791,.F.);
#422=ORIENTED_EDGE('',*,*,#792,.T.);
#423=ORIENTED_EDGE('',*,*,#791,.T.);
#424=ORIENTED_EDGE('',*,*,#793,.T.);
#425=ORIENTED_EDGE('',*,*,#794,.F.);
#426=ORIENTED_EDGE('',*,*,#795,.T.);
#427=ORIENTED_EDGE('',*,*,#794,.T.);
#428=ORIENTED_EDGE('',*,*,#796,.T.);
#429=ORIENTED_EDGE('',*,*,#797,.F.);
#430=ORIENTED_EDGE('',*,*,#798,.T.);
#431=ORIENTED_EDGE('',*,*,#799,.T.);
#432=ORIENTED_EDGE('',*,*,#800,.T.);
#433=ORIENTED_EDGE('',*,*,#801,.F.);
#434=ORIENTED_EDGE('',*,*,#802,.T.);
#435=ORIENTED_EDGE('',*,*,#801,.T.);
#436=ORIENTED_EDGE('',*,*,#803,.T.);
#437=ORIENTED_EDGE('',*,*,#804,.F.);
#438=ORIENTED_EDGE('',*,*,#805,.T.);
#439=ORIENTED_EDGE('',*,*,#804,.T.);
#440=ORIENTED_EDGE('',*,*,#806,.T.);
#441=ORIENTED_EDGE('',*,*,#807,.F.);
#442=ORIENTED_EDGE('',*,*,#808,.T.);
#443=ORIENTED_EDGE('',*,*,#809,.T.);
#444=ORIENTED_EDGE('',*,*,#810,.T.);
#445=ORIENTED_EDGE('',*,*,#811,.F.);
#446=ORIENTED_EDGE('',*,*,#812,.T.);
#447=ORIENTED_EDGE('',*,*,#811,.T.);
#448=ORIENTED_EDGE('',*,*,#813,.T.);
#449=ORIENTED_EDGE('',*,*,#814,.F.);
#450=ORIENTED_EDGE('',*,*,#815,.T.);
#451=ORIENTED_EDGE('',*,*,#814,.T.);
#452=ORIENTED_EDGE('',*,*,#816,.T.);
#453=ORIENTED_EDGE('',*,*,#817,.F.);
#454=ORIENTED_EDGE('',*,*,#818,.T.);
#455=ORIENTED_EDGE('',*,*,#787,.T.);
#456=ORIENTED_EDGE('',*,*,#819,.T.);
#457=ORIENTED_EDGE('',*,*,#779,.F.);
#458=ORIENTED_EDGE('',*,*,#820,.T.);
#459=ORIENTED_EDGE('',*,*,#797,.T.);
#460=ORIENTED_EDGE('',*,*,#821,.T.);
#461=ORIENTED_EDGE('',*,*,#789,.F.);
#462=ORIENTED_EDGE('',*,*,#822,.T.);
#463=ORIENTED_EDGE('',*,*,#807,.T.);
#464=ORIENTED_EDGE('',*,*,#823,.T.);
#465=ORIENTED_EDGE('',*,*,#799,.F.);
#466=ORIENTED_EDGE('',*,*,#824,.T.);
#467=ORIENTED_EDGE('',*,*,#817,.T.);
#468=ORIENTED_EDGE('',*,*,#825,.T.);
#469=ORIENTED_EDGE('',*,*,#809,.F.);
#470=ORIENTED_EDGE('',*,*,#826,.T.);
#471=ORIENTED_EDGE('',*,*,#827,.F.);
#472=ORIENTED_EDGE('',*,*,#764,.F.);
#473=ORIENTED_EDGE('',*,*,#828,.F.);
#474=ORIENTED_EDGE('',*,*,#754,.F.);
#475=ORIENTED_EDGE('',*,*,#829,.F.);
#476=ORIENTED_EDGE('',*,*,#758,.F.);
#477=ORIENTED_EDGE('',*,*,#830,.F.);
#478=ORIENTED_EDGE('',*,*,#760,.F.);
#479=ORIENTED_EDGE('',*,*,#831,.F.);
#480=ORIENTED_EDGE('',*,*,#776,.F.);
#481=ORIENTED_EDGE('',*,*,#832,.F.);
#482=ORIENTED_EDGE('',*,*,#742,.F.);
#483=ORIENTED_EDGE('',*,*,#833,.F.);
#484=ORIENTED_EDGE('',*,*,#772,.F.);
#485=ORIENTED_EDGE('',*,*,#834,.F.);
#486=ORIENTED_EDGE('',*,*,#746,.F.);
#487=ORIENTED_EDGE('',*,*,#835,.F.);
#488=ORIENTED_EDGE('',*,*,#768,.F.);
#489=ORIENTED_EDGE('',*,*,#836,.F.);
#490=ORIENTED_EDGE('',*,*,#750,.F.);
#491=ORIENTED_EDGE('',*,*,#828,.T.);
#492=ORIENTED_EDGE('',*,*,#763,.F.);
#493=ORIENTED_EDGE('',*,*,#837,.F.);
#494=ORIENTED_EDGE('',*,*,#755,.T.);
#495=ORIENTED_EDGE('',*,*,#830,.T.);
#496=ORIENTED_EDGE('',*,*,#757,.F.);
#497=ORIENTED_EDGE('',*,*,#838,.F.);
#498=ORIENTED_EDGE('',*,*,#761,.T.);
#499=ORIENTED_EDGE('',*,*,#812,.F.);
#500=ORIENTED_EDGE('',*,*,#815,.F.);
#501=ORIENTED_EDGE('',*,*,#818,.F.);
#502=ORIENTED_EDGE('',*,*,#826,.F.);
#503=ORIENTED_EDGE('',*,*,#802,.F.);
#504=ORIENTED_EDGE('',*,*,#805,.F.);
#505=ORIENTED_EDGE('',*,*,#808,.F.);
#506=ORIENTED_EDGE('',*,*,#824,.F.);
#507=ORIENTED_EDGE('',*,*,#792,.F.);
#508=ORIENTED_EDGE('',*,*,#795,.F.);
#509=ORIENTED_EDGE('',*,*,#798,.F.);
#510=ORIENTED_EDGE('',*,*,#822,.F.);
#511=ORIENTED_EDGE('',*,*,#782,.F.);
#512=ORIENTED_EDGE('',*,*,#785,.F.);
#513=ORIENTED_EDGE('',*,*,#788,.F.);
#514=ORIENTED_EDGE('',*,*,#820,.F.);
#515=ORIENTED_EDGE('',*,*,#756,.T.);
#516=ORIENTED_EDGE('',*,*,#837,.T.);
#517=ORIENTED_EDGE('',*,*,#762,.T.);
#518=ORIENTED_EDGE('',*,*,#838,.T.);
#519=ORIENTED_EDGE('',*,*,#751,.T.);
#520=ORIENTED_EDGE('',*,*,#836,.T.);
#521=ORIENTED_EDGE('',*,*,#767,.T.);
#522=ORIENTED_EDGE('',*,*,#839,.T.);
#523=ORIENTED_EDGE('',*,*,#753,.T.);
#524=ORIENTED_EDGE('',*,*,#840,.F.);
#525=ORIENTED_EDGE('',*,*,#765,.T.);
#526=ORIENTED_EDGE('',*,*,#827,.T.);
#527=ORIENTED_EDGE('',*,*,#825,.F.);
#528=ORIENTED_EDGE('',*,*,#816,.F.);
#529=ORIENTED_EDGE('',*,*,#813,.F.);
#530=ORIENTED_EDGE('',*,*,#810,.F.);
#531=ORIENTED_EDGE('',*,*,#752,.T.);
#532=ORIENTED_EDGE('',*,*,#839,.F.);
#533=ORIENTED_EDGE('',*,*,#766,.T.);
#534=ORIENTED_EDGE('',*,*,#840,.T.);
#535=ORIENTED_EDGE('',*,*,#747,.T.);
#536=ORIENTED_EDGE('',*,*,#834,.T.);
#537=ORIENTED_EDGE('',*,*,#771,.T.);
#538=ORIENTED_EDGE('',*,*,#841,.T.);
#539=ORIENTED_EDGE('',*,*,#749,.T.);
#540=ORIENTED_EDGE('',*,*,#842,.F.);
#541=ORIENTED_EDGE('',*,*,#769,.T.);
#542=ORIENTED_EDGE('',*,*,#835,.T.);
#543=ORIENTED_EDGE('',*,*,#823,.F.);
#544=ORIENTED_EDGE('',*,*,#806,.F.);
#545=ORIENTED_EDGE('',*,*,#803,.F.);
#546=ORIENTED_EDGE('',*,*,#800,.F.);
#547=ORIENTED_EDGE('',*,*,#748,.T.);
#548=ORIENTED_EDGE('',*,*,#841,.F.);
#549=ORIENTED_EDGE('',*,*,#770,.T.);
#550=ORIENTED_EDGE('',*,*,#842,.T.);
#551=ORIENTED_EDGE('',*,*,#743,.T.);
#552=ORIENTED_EDGE('',*,*,#832,.T.);
#553=ORIENTED_EDGE('',*,*,#775,.T.);
#554=ORIENTED_EDGE('',*,*,#843,.T.);
#555=ORIENTED_EDGE('',*,*,#745,.T.);
#556=ORIENTED_EDGE('',*,*,#844,.F.);
#557=ORIENTED_EDGE('',*,*,#773,.T.);
#558=ORIENTED_EDGE('',*,*,#833,.T.);
#559=ORIENTED_EDGE('',*,*,#821,.F.);
#560=ORIENTED_EDGE('',*,*,#796,.F.);
#561=ORIENTED_EDGE('',*,*,#793,.F.);
#562=ORIENTED_EDGE('',*,*,#790,.F.);
#563=ORIENTED_EDGE('',*,*,#744,.T.);
#564=ORIENTED_EDGE('',*,*,#843,.F.);
#565=ORIENTED_EDGE('',*,*,#774,.T.);
#566=ORIENTED_EDGE('',*,*,#844,.T.);
#567=ORIENTED_EDGE('',*,*,#819,.F.);
#568=ORIENTED_EDGE('',*,*,#786,.F.);
#569=ORIENTED_EDGE('',*,*,#783,.F.);
#570=ORIENTED_EDGE('',*,*,#780,.F.);
#571=ORIENTED_EDGE('',*,*,#740,.T.);
#572=ORIENTED_EDGE('',*,*,#845,.F.);
#573=ORIENTED_EDGE('',*,*,#778,.T.);
#574=ORIENTED_EDGE('',*,*,#846,.T.);
#575=ORIENTED_EDGE('',*,*,#739,.T.);
#576=ORIENTED_EDGE('',*,*,#829,.T.);
#577=ORIENTED_EDGE('',*,*,#759,.T.);
#578=ORIENTED_EDGE('',*,*,#845,.T.);
#579=ORIENTED_EDGE('',*,*,#741,.T.);
#580=ORIENTED_EDGE('',*,*,#846,.F.);
#581=ORIENTED_EDGE('',*,*,#777,.T.);
#582=ORIENTED_EDGE('',*,*,#831,.T.);
#583=EDGE_CURVE('',#847,#848,#1023,.T.);
#584=EDGE_CURVE('',#849,#847,#1024,.T.);
#585=EDGE_CURVE('',#850,#849,#1025,.T.);
#586=EDGE_CURVE('',#850,#851,#1026,.T.);
#587=EDGE_CURVE('',#852,#851,#1027,.T.);
#588=EDGE_CURVE('',#848,#852,#1028,.T.);
#589=EDGE_CURVE('',#853,#854,#1029,.T.);
#590=EDGE_CURVE('',#855,#853,#1030,.T.);
#591=EDGE_CURVE('',#856,#855,#1031,.T.);
#592=EDGE_CURVE('',#856,#857,#1032,.T.);
#593=EDGE_CURVE('',#858,#857,#1033,.T.);
#594=EDGE_CURVE('',#854,#858,#1034,.T.);
#595=EDGE_CURVE('',#859,#860,#1035,.T.);
#596=EDGE_CURVE('',#861,#859,#1036,.T.);
#597=EDGE_CURVE('',#862,#861,#1037,.T.);
#598=EDGE_CURVE('',#862,#863,#1038,.T.);
#599=EDGE_CURVE('',#864,#863,#1039,.T.);
#600=EDGE_CURVE('',#860,#864,#1040,.T.);
#601=EDGE_CURVE('',#865,#866,#1041,.T.);
#602=EDGE_CURVE('',#867,#865,#1042,.T.);
#603=EDGE_CURVE('',#868,#867,#1043,.T.);
#604=EDGE_CURVE('',#868,#869,#1044,.T.);
#605=EDGE_CURVE('',#870,#869,#1045,.T.);
#606=EDGE_CURVE('',#866,#870,#1046,.T.);
#607=EDGE_CURVE('',#871,#872,#1047,.T.);
#608=EDGE_CURVE('',#873,#871,#1048,.T.);
#609=EDGE_CURVE('',#873,#874,#1049,.T.);
#610=EDGE_CURVE('',#874,#872,#1050,.T.);
#611=EDGE_CURVE('',#875,#876,#1051,.T.);
#612=EDGE_CURVE('',#877,#875,#1052,.T.);
#613=EDGE_CURVE('',#877,#878,#1053,.T.);
#614=EDGE_CURVE('',#878,#876,#1054,.T.);
#615=EDGE_CURVE('',#879,#880,#1055,.T.);
#616=EDGE_CURVE('',#881,#879,#1056,.T.);
#617=EDGE_CURVE('',#881,#882,#1057,.T.);
#618=EDGE_CURVE('',#882,#880,#1058,.T.);
#619=EDGE_CURVE('',#883,#884,#1059,.T.);
#620=EDGE_CURVE('',#885,#883,#1060,.T.);
#621=EDGE_CURVE('',#885,#886,#1061,.T.);
#622=EDGE_CURVE('',#886,#884,#1062,.T.);
#623=EDGE_CURVE('',#887,#888,#1063,.T.);
#624=EDGE_CURVE('',#889,#888,#1064,.T.);
#625=EDGE_CURVE('',#890,#889,#1065,.T.);
#626=EDGE_CURVE('',#891,#890,#1066,.T.);
#627=EDGE_CURVE('',#892,#891,#1067,.T.);
#628=EDGE_CURVE('',#887,#892,#1068,.T.);
#629=EDGE_CURVE('',#893,#894,#1069,.T.);
#630=EDGE_CURVE('',#895,#894,#1070,.T.);
#631=EDGE_CURVE('',#896,#895,#1071,.T.);
#632=EDGE_CURVE('',#897,#896,#1072,.T.);
#633=EDGE_CURVE('',#898,#897,#1073,.T.);
#634=EDGE_CURVE('',#893,#898,#1074,.T.);
#635=EDGE_CURVE('',#899,#900,#1075,.T.);
#636=EDGE_CURVE('',#901,#900,#1076,.T.);
#637=EDGE_CURVE('',#902,#901,#1077,.T.);
#638=EDGE_CURVE('',#903,#902,#1078,.T.);
#639=EDGE_CURVE('',#904,#903,#1079,.T.);
#640=EDGE_CURVE('',#899,#904,#1080,.T.);
#641=EDGE_CURVE('',#905,#906,#1081,.T.);
#642=EDGE_CURVE('',#907,#906,#1082,.T.);
#643=EDGE_CURVE('',#908,#907,#1083,.T.);
#644=EDGE_CURVE('',#909,#908,#1084,.T.);
#645=EDGE_CURVE('',#910,#909,#1085,.T.);
#646=EDGE_CURVE('',#905,#910,#1086,.T.);
#647=EDGE_CURVE('',#871,#887,#1087,.T.);
#648=EDGE_CURVE('',#849,#892,#1088,.T.);
#649=EDGE_CURVE('',#847,#873,#1089,.T.);
#650=EDGE_CURVE('',#875,#893,#1090,.T.);
#651=EDGE_CURVE('',#855,#898,#1091,.T.);
#652=EDGE_CURVE('',#853,#877,#1092,.T.);
#653=EDGE_CURVE('',#888,#872,#1093,.T.);
#654=EDGE_CURVE('',#874,#848,#1094,.T.);
#655=EDGE_CURVE('',#889,#852,#1095,.T.);
#656=EDGE_CURVE('',#879,#899,#1096,.T.);
#657=EDGE_CURVE('',#861,#904,#1097,.T.);
#658=EDGE_CURVE('',#859,#881,#1098,.T.);
#659=EDGE_CURVE('',#894,#876,#1099,.T.);
#660=EDGE_CURVE('',#878,#854,#1100,.T.);
#661=EDGE_CURVE('',#895,#858,#1101,.T.);
#662=EDGE_CURVE('',#883,#905,#1102,.T.);
#663=EDGE_CURVE('',#867,#910,#1103,.T.);
#664=EDGE_CURVE('',#865,#885,#1104,.T.);
#665=EDGE_CURVE('',#900,#880,#1105,.T.);
#666=EDGE_CURVE('',#882,#860,#1106,.T.);
#667=EDGE_CURVE('',#901,#864,#1107,.T.);
#668=EDGE_CURVE('',#906,#884,#1108,.T.);
#669=EDGE_CURVE('',#886,#866,#1109,.T.);
#670=EDGE_CURVE('',#907,#870,#1110,.T.);
#671=EDGE_CURVE('',#911,#869,#39,.T.);
#672=EDGE_CURVE('',#911,#912,#1111,.T.);
#673=EDGE_CURVE('',#912,#913,#1112,.T.);
#674=EDGE_CURVE('',#913,#914,#1113,.T.);
#675=EDGE_CURVE('',#914,#908,#40,.T.);
#676=EDGE_CURVE('',#915,#863,#41,.T.);
#677=EDGE_CURVE('',#915,#916,#1114,.T.);
#678=EDGE_CURVE('',#916,#917,#1115,.T.);
#679=EDGE_CURVE('',#917,#918,#1116,.T.);
#680=EDGE_CURVE('',#918,#902,#42,.T.);
#681=EDGE_CURVE('',#909,#919,#43,.T.);
#682=EDGE_CURVE('',#919,#920,#1117,.T.);
#683=EDGE_CURVE('',#921,#920,#1118,.T.);
#684=EDGE_CURVE('',#921,#922,#1119,.T.);
#685=EDGE_CURVE('',#868,#922,#44,.T.);
#686=EDGE_CURVE('',#923,#857,#45,.T.);
#687=EDGE_CURVE('',#923,#924,#1120,.T.);
#688=EDGE_CURVE('',#924,#925,#1121,.T.);
#689=EDGE_CURVE('',#925,#926,#1122,.T.);
#690=EDGE_CURVE('',#926,#896,#46,.T.);
#691=EDGE_CURVE('',#903,#927,#47,.T.);
#692=EDGE_CURVE('',#927,#928,#1123,.T.);
#693=EDGE_CURVE('',#929,#928,#1124,.T.);
#694=EDGE_CURVE('',#929,#930,#1125,.T.);
#695=EDGE_CURVE('',#862,#930,#48,.T.);
#696=EDGE_CURVE('',#931,#851,#49,.T.);
#697=EDGE_CURVE('',#931,#932,#1126,.T.);
#698=EDGE_CURVE('',#932,#933,#1127,.T.);
#699=EDGE_CURVE('',#933,#934,#1128,.T.);
#700=EDGE_CURVE('',#934,#890,#50,.T.);
#701=EDGE_CURVE('',#897,#935,#51,.T.);
#702=EDGE_CURVE('',#935,#936,#1129,.T.);
#703=EDGE_CURVE('',#937,#936,#1130,.T.);
#704=EDGE_CURVE('',#937,#938,#1131,.T.);
#705=EDGE_CURVE('',#856,#938,#52,.T.);
#706=EDGE_CURVE('',#891,#939,#53,.T.);
#707=EDGE_CURVE('',#939,#940,#1132,.T.);
#708=EDGE_CURVE('',#941,#940,#1133,.T.);
#709=EDGE_CURVE('',#941,#942,#1134,.T.);
#710=EDGE_CURVE('',#850,#942,#54,.T.);
#711=EDGE_CURVE('',#939,#934,#1135,.T.);
#712=EDGE_CURVE('',#933,#940,#1136,.T.);
#713=EDGE_CURVE('',#935,#926,#1137,.T.);
#714=EDGE_CURVE('',#925,#936,#1138,.T.);
#715=EDGE_CURVE('',#927,#918,#1139,.T.);
#716=EDGE_CURVE('',#917,#928,#1140,.T.);
#717=EDGE_CURVE('',#919,#914,#1141,.T.);
#718=EDGE_CURVE('',#913,#920,#1142,.T.);
#719=EDGE_CURVE('',#941,#932,#1143,.T.);
#720=EDGE_CURVE('',#942,#931,#1144,.T.);
#721=EDGE_CURVE('',#937,#924,#1145,.T.);
#722=EDGE_CURVE('',#938,#923,#1146,.T.);
#723=EDGE_CURVE('',#929,#916,#1147,.T.);
#724=EDGE_CURVE('',#930,#915,#1148,.T.);
#725=EDGE_CURVE('',#921,#912,#1149,.T.);
#726=EDGE_CURVE('',#922,#911,#1150,.T.);
#727=EDGE_CURVE('',#943,#944,#1151,.T.);
#728=EDGE_CURVE('',#945,#944,#1152,.T.);
#729=EDGE_CURVE('',#946,#945,#1153,.T.);
#730=EDGE_CURVE('',#946,#943,#1154,.T.);
#731=EDGE_CURVE('',#944,#947,#1155,.T.);
#732=EDGE_CURVE('',#948,#947,#1156,.T.);
#733=EDGE_CURVE('',#945,#948,#1157,.T.);
#734=EDGE_CURVE('',#947,#949,#1158,.T.);
#735=EDGE_CURVE('',#950,#949,#1159,.T.);
#736=EDGE_CURVE('',#948,#950,#1160,.T.);
#737=EDGE_CURVE('',#949,#943,#1161,.T.);
#738=EDGE_CURVE('',#950,#946,#1162,.T.);
#739=EDGE_CURVE('',#951,#952,#1163,.T.);
#740=EDGE_CURVE('',#953,#951,#1164,.T.);
#741=EDGE_CURVE('',#954,#953,#1165,.T.);
#742=EDGE_CURVE('',#954,#955,#1166,.T.);
#743=EDGE_CURVE('',#956,#955,#1167,.T.);
#744=EDGE_CURVE('',#957,#956,#1168,.T.);
#745=EDGE_CURVE('',#958,#957,#1169,.T.);
#746=EDGE_CURVE('',#958,#959,#1170,.T.);
#747=EDGE_CURVE('',#960,#959,#1171,.T.);
#748=EDGE_CURVE('',#961,#960,#1172,.T.);
#749=EDGE_CURVE('',#962,#961,#1173,.T.);
#750=EDGE_CURVE('',#962,#963,#1174,.T.);
#751=EDGE_CURVE('',#964,#963,#1175,.T.);
#752=EDGE_CURVE('',#965,#964,#1176,.T.);
#753=EDGE_CURVE('',#966,#965,#1177,.T.);
#754=EDGE_CURVE('',#966,#967,#1178,.T.);
#755=EDGE_CURVE('',#968,#967,#1179,.T.);
#756=EDGE_CURVE('',#969,#968,#1180,.T.);
#757=EDGE_CURVE('',#969,#970,#1181,.T.);
#758=EDGE_CURVE('',#970,#952,#1182,.T.);
#759=EDGE_CURVE('',#971,#972,#1183,.T.);
#760=EDGE_CURVE('',#971,#973,#1184,.T.);
#761=EDGE_CURVE('',#974,#973,#1185,.T.);
#762=EDGE_CURVE('',#975,#974,#1186,.T.);
#763=EDGE_CURVE('',#975,#976,#1187,.T.);
#764=EDGE_CURVE('',#976,#977,#1188,.T.);
#765=EDGE_CURVE('',#978,#977,#1189,.T.);
#766=EDGE_CURVE('',#979,#978,#1190,.T.);
#767=EDGE_CURVE('',#980,#979,#1191,.T.);
#768=EDGE_CURVE('',#980,#981,#1192,.T.);
#769=EDGE_CURVE('',#982,#981,#1193,.T.);
#770=EDGE_CURVE('',#983,#982,#1194,.T.);
#771=EDGE_CURVE('',#984,#983,#1195,.T.);
#772=EDGE_CURVE('',#984,#985,#1196,.T.);
#773=EDGE_CURVE('',#986,#985,#1197,.T.);
#774=EDGE_CURVE('',#987,#986,#1198,.T.);
#775=EDGE_CURVE('',#988,#987,#1199,.T.);
#776=EDGE_CURVE('',#988,#989,#1200,.T.);
#777=EDGE_CURVE('',#990,#989,#1201,.T.);
#778=EDGE_CURVE('',#972,#990,#1202,.T.);
#779=EDGE_CURVE('',#991,#992,#1203,.T.);
#780=EDGE_CURVE('',#992,#993,#1204,.T.);
#781=EDGE_CURVE('',#994,#993,#1205,.T.);
#782=EDGE_CURVE('',#994,#991,#1206,.T.);
#783=EDGE_CURVE('',#993,#995,#1207,.T.);
#784=EDGE_CURVE('',#996,#995,#1208,.T.);
#785=EDGE_CURVE('',#996,#994,#1209,.T.);
#786=EDGE_CURVE('',#995,#997,#1210,.T.);
#787=EDGE_CURVE('',#998,#997,#1211,.T.);
#788=EDGE_CURVE('',#998,#996,#1212,.T.);
#789=EDGE_CURVE('',#999,#1000,#1213,.T.);
#790=EDGE_CURVE('',#1000,#1001,#1214,.T.);
#791=EDGE_CURVE('',#1002,#1001,#1215,.T.);
#792=EDGE_CURVE('',#1002,#999,#1216,.T.);
#793=EDGE_CURVE('',#1001,#1003,#1217,.T.);
#794=EDGE_CURVE('',#1004,#1003,#1218,.T.);
#795=EDGE_CURVE('',#1004,#1002,#1219,.T.);
#796=EDGE_CURVE('',#1003,#1005,#1220,.T.);
#797=EDGE_CURVE('',#1006,#1005,#1221,.T.);
#798=EDGE_CURVE('',#1006,#1004,#1222,.T.);
#799=EDGE_CURVE('',#1007,#1008,#1223,.T.);
#800=EDGE_CURVE('',#1008,#1009,#1224,.T.);
#801=EDGE_CURVE('',#1010,#1009,#1225,.T.);
#802=EDGE_CURVE('',#1010,#1007,#1226,.T.);
#803=EDGE_CURVE('',#1009,#1011,#1227,.T.);
#804=EDGE_CURVE('',#1012,#1011,#1228,.T.);
#805=EDGE_CURVE('',#1012,#1010,#1229,.T.);
#806=EDGE_CURVE('',#1011,#1013,#1230,.T.);
#807=EDGE_CURVE('',#1014,#1013,#1231,.T.);
#808=EDGE_CURVE('',#1014,#1012,#1232,.T.);
#809=EDGE_CURVE('',#1015,#1016,#1233,.T.);
#810=EDGE_CURVE('',#1016,#1017,#1234,.T.);
#811=EDGE_CURVE('',#1018,#1017,#1235,.T.);
#812=EDGE_CURVE('',#1018,#1015,#1236,.T.);
#813=EDGE_CURVE('',#1017,#1019,#1237,.T.);
#814=EDGE_CURVE('',#1020,#1019,#1238,.T.);
#815=EDGE_CURVE('',#1020,#1018,#1239,.T.);
#816=EDGE_CURVE('',#1019,#1021,#1240,.T.);
#817=EDGE_CURVE('',#1022,#1021,#1241,.T.);
#818=EDGE_CURVE('',#1022,#1020,#1242,.T.);
#819=EDGE_CURVE('',#997,#992,#1243,.T.);
#820=EDGE_CURVE('',#991,#998,#1244,.T.);
#821=EDGE_CURVE('',#1005,#1000,#1245,.T.);
#822=EDGE_CURVE('',#999,#1006,#1246,.T.);
#823=EDGE_CURVE('',#1013,#1008,#1247,.T.);
#824=EDGE_CURVE('',#1007,#1014,#1248,.T.);
#825=EDGE_CURVE('',#1021,#1016,#1249,.T.);
#826=EDGE_CURVE('',#1015,#1022,#1250,.T.);
#827=EDGE_CURVE('',#977,#966,#1251,.T.);
#828=EDGE_CURVE('',#967,#976,#1252,.T.);
#829=EDGE_CURVE('',#952,#971,#1253,.T.);
#830=EDGE_CURVE('',#973,#970,#1254,.T.);
#831=EDGE_CURVE('',#989,#954,#1255,.T.);
#832=EDGE_CURVE('',#955,#988,#1256,.T.);
#833=EDGE_CURVE('',#985,#958,#1257,.T.);
#834=EDGE_CURVE('',#959,#984,#1258,.T.);
#835=EDGE_CURVE('',#981,#962,#1259,.T.);
#836=EDGE_CURVE('',#963,#980,#1260,.T.);
#837=EDGE_CURVE('',#968,#975,#1261,.T.);
#838=EDGE_CURVE('',#974,#969,#1262,.T.);
#839=EDGE_CURVE('',#979,#964,#1263,.T.);
#840=EDGE_CURVE('',#978,#965,#1264,.T.);
#841=EDGE_CURVE('',#983,#960,#1265,.T.);
#842=EDGE_CURVE('',#982,#961,#1266,.T.);
#843=EDGE_CURVE('',#987,#956,#1267,.T.);
#844=EDGE_CURVE('',#986,#957,#1268,.T.);
#845=EDGE_CURVE('',#972,#951,#1269,.T.);
#846=EDGE_CURVE('',#990,#953,#1270,.T.);
#847=VERTEX_POINT('',#2540);
#848=VERTEX_POINT('',#2541);
#849=VERTEX_POINT('',#2543);
#850=VERTEX_POINT('',#2545);
#851=VERTEX_POINT('',#2547);
#852=VERTEX_POINT('',#2549);
#853=VERTEX_POINT('',#2553);
#854=VERTEX_POINT('',#2554);
#855=VERTEX_POINT('',#2556);
#856=VERTEX_POINT('',#2558);
#857=VERTEX_POINT('',#2560);
#858=VERTEX_POINT('',#2562);
#859=VERTEX_POINT('',#2566);
#860=VERTEX_POINT('',#2567);
#861=VERTEX_POINT('',#2569);
#862=VERTEX_POINT('',#2571);
#863=VERTEX_POINT('',#2573);
#864=VERTEX_POINT('',#2575);
#865=VERTEX_POINT('',#2579);
#866=VERTEX_POINT('',#2580);
#867=VERTEX_POINT('',#2582);
#868=VERTEX_POINT('',#2584);
#869=VERTEX_POINT('',#2586);
#870=VERTEX_POINT('',#2588);
#871=VERTEX_POINT('',#2592);
#872=VERTEX_POINT('',#2593);
#873=VERTEX_POINT('',#2595);
#874=VERTEX_POINT('',#2597);
#875=VERTEX_POINT('',#2601);
#876=VERTEX_POINT('',#2602);
#877=VERTEX_POINT('',#2604);
#878=VERTEX_POINT('',#2606);
#879=VERTEX_POINT('',#2610);
#880=VERTEX_POINT('',#2611);
#881=VERTEX_POINT('',#2613);
#882=VERTEX_POINT('',#2615);
#883=VERTEX_POINT('',#2619);
#884=VERTEX_POINT('',#2620);
#885=VERTEX_POINT('',#2622);
#886=VERTEX_POINT('',#2624);
#887=VERTEX_POINT('',#2628);
#888=VERTEX_POINT('',#2629);
#889=VERTEX_POINT('',#2631);
#890=VERTEX_POINT('',#2633);
#891=VERTEX_POINT('',#2635);
#892=VERTEX_POINT('',#2637);
#893=VERTEX_POINT('',#2641);
#894=VERTEX_POINT('',#2642);
#895=VERTEX_POINT('',#2644);
#896=VERTEX_POINT('',#2646);
#897=VERTEX_POINT('',#2648);
#898=VERTEX_POINT('',#2650);
#899=VERTEX_POINT('',#2654);
#900=VERTEX_POINT('',#2655);
#901=VERTEX_POINT('',#2657);
#902=VERTEX_POINT('',#2659);
#903=VERTEX_POINT('',#2661);
#904=VERTEX_POINT('',#2663);
#905=VERTEX_POINT('',#2667);
#906=VERTEX_POINT('',#2668);
#907=VERTEX_POINT('',#2670);
#908=VERTEX_POINT('',#2672);
#909=VERTEX_POINT('',#2674);
#910=VERTEX_POINT('',#2676);
#911=VERTEX_POINT('',#2712);
#912=VERTEX_POINT('',#2714);
#913=VERTEX_POINT('',#2716);
#914=VERTEX_POINT('',#2718);
#915=VERTEX_POINT('',#2722);
#916=VERTEX_POINT('',#2724);
#917=VERTEX_POINT('',#2726);
#918=VERTEX_POINT('',#2728);
#919=VERTEX_POINT('',#2732);
#920=VERTEX_POINT('',#2734);
#921=VERTEX_POINT('',#2736);
#922=VERTEX_POINT('',#2738);
#923=VERTEX_POINT('',#2742);
#924=VERTEX_POINT('',#2744);
#925=VERTEX_POINT('',#2746);
#926=VERTEX_POINT('',#2748);
#927=VERTEX_POINT('',#2752);
#928=VERTEX_POINT('',#2754);
#929=VERTEX_POINT('',#2756);
#930=VERTEX_POINT('',#2758);
#931=VERTEX_POINT('',#2762);
#932=VERTEX_POINT('',#2764);
#933=VERTEX_POINT('',#2766);
#934=VERTEX_POINT('',#2768);
#935=VERTEX_POINT('',#2772);
#936=VERTEX_POINT('',#2774);
#937=VERTEX_POINT('',#2776);
#938=VERTEX_POINT('',#2778);
#939=VERTEX_POINT('',#2782);
#940=VERTEX_POINT('',#2784);
#941=VERTEX_POINT('',#2786);
#942=VERTEX_POINT('',#2788);
#943=VERTEX_POINT('',#2824);
#944=VERTEX_POINT('',#2825);
#945=VERTEX_POINT('',#2827);
#946=VERTEX_POINT('',#2829);
#947=VERTEX_POINT('',#2833);
#948=VERTEX_POINT('',#2835);
#949=VERTEX_POINT('',#2839);
#950=VERTEX_POINT('',#2841);
#951=VERTEX_POINT('',#2859);
#952=VERTEX_POINT('',#2860);
#953=VERTEX_POINT('',#2862);
#954=VERTEX_POINT('',#2864);
#955=VERTEX_POINT('',#2866);
#956=VERTEX_POINT('',#2868);
#957=VERTEX_POINT('',#2870);
#958=VERTEX_POINT('',#2872);
#959=VERTEX_POINT('',#2874);
#960=VERTEX_POINT('',#2876);
#961=VERTEX_POINT('',#2878);
#962=VERTEX_POINT('',#2880);
#963=VERTEX_POINT('',#2882);
#964=VERTEX_POINT('',#2884);
#965=VERTEX_POINT('',#2886);
#966=VERTEX_POINT('',#2888);
#967=VERTEX_POINT('',#2890);
#968=VERTEX_POINT('',#2892);
#969=VERTEX_POINT('',#2894);
#970=VERTEX_POINT('',#2896);
#971=VERTEX_POINT('',#2900);
#972=VERTEX_POINT('',#2901);
#973=VERTEX_POINT('',#2903);
#974=VERTEX_POINT('',#2905);
#975=VERTEX_POINT('',#2907);
#976=VERTEX_POINT('',#2909);
#977=VERTEX_POINT('',#2911);
#978=VERTEX_POINT('',#2913);
#979=VERTEX_POINT('',#2915);
#980=VERTEX_POINT('',#2917);
#981=VERTEX_POINT('',#2919);
#982=VERTEX_POINT('',#2921);
#983=VERTEX_POINT('',#2923);
#984=VERTEX_POINT('',#2925);
#985=VERTEX_POINT('',#2927);
#986=VERTEX_POINT('',#2929);
#987=VERTEX_POINT('',#2931);
#988=VERTEX_POINT('',#2933);
#989=VERTEX_POINT('',#2935);
#990=VERTEX_POINT('',#2937);
#991=VERTEX_POINT('',#2941);
#992=VERTEX_POINT('',#2942);
#993=VERTEX_POINT('',#2944);
#994=VERTEX_POINT('',#2946);
#995=VERTEX_POINT('',#2950);
#996=VERTEX_POINT('',#2952);
#997=VERTEX_POINT('',#2956);
#998=VERTEX_POINT('',#2958);
#999=VERTEX_POINT('',#2962);
#1000=VERTEX_POINT('',#2963);
#1001=VERTEX_POINT('',#2965);
#1002=VERTEX_POINT('',#2967);
#1003=VERTEX_POINT('',#2971);
#1004=VERTEX_POINT('',#2973);
#1005=VERTEX_POINT('',#2977);
#1006=VERTEX_POINT('',#2979);
#1007=VERTEX_POINT('',#2983);
#1008=VERTEX_POINT('',#2984);
#1009=VERTEX_POINT('',#2986);
#1010=VERTEX_POINT('',#2988);
#1011=VERTEX_POINT('',#2992);
#1012=VERTEX_POINT('',#2994);
#1013=VERTEX_POINT('',#2998);
#1014=VERTEX_POINT('',#3000);
#1015=VERTEX_POINT('',#3004);
#1016=VERTEX_POINT('',#3005);
#1017=VERTEX_POINT('',#3007);
#1018=VERTEX_POINT('',#3009);
#1019=VERTEX_POINT('',#3013);
#1020=VERTEX_POINT('',#3015);
#1021=VERTEX_POINT('',#3019);
#1022=VERTEX_POINT('',#3021);
#1023=LINE('',#2539,#1271);
#1024=LINE('',#2542,#1272);
#1025=LINE('',#2544,#1273);
#1026=LINE('',#2546,#1274);
#1027=LINE('',#2548,#1275);
#1028=LINE('',#2550,#1276);
#1029=LINE('',#2552,#1277);
#1030=LINE('',#2555,#1278);
#1031=LINE('',#2557,#1279);
#1032=LINE('',#2559,#1280);
#1033=LINE('',#2561,#1281);
#1034=LINE('',#2563,#1282);
#1035=LINE('',#2565,#1283);
#1036=LINE('',#2568,#1284);
#1037=LINE('',#2570,#1285);
#1038=LINE('',#2572,#1286);
#1039=LINE('',#2574,#1287);
#1040=LINE('',#2576,#1288);
#1041=LINE('',#2578,#1289);
#1042=LINE('',#2581,#1290);
#1043=LINE('',#2583,#1291);
#1044=LINE('',#2585,#1292);
#1045=LINE('',#2587,#1293);
#1046=LINE('',#2589,#1294);
#1047=LINE('',#2591,#1295);
#1048=LINE('',#2594,#1296);
#1049=LINE('',#2596,#1297);
#1050=LINE('',#2598,#1298);
#1051=LINE('',#2600,#1299);
#1052=LINE('',#2603,#1300);
#1053=LINE('',#2605,#1301);
#1054=LINE('',#2607,#1302);
#1055=LINE('',#2609,#1303);
#1056=LINE('',#2612,#1304);
#1057=LINE('',#2614,#1305);
#1058=LINE('',#2616,#1306);
#1059=LINE('',#2618,#1307);
#1060=LINE('',#2621,#1308);
#1061=LINE('',#2623,#1309);
#1062=LINE('',#2625,#1310);
#1063=LINE('',#2627,#1311);
#1064=LINE('',#2630,#1312);
#1065=LINE('',#2632,#1313);
#1066=LINE('',#2634,#1314);
#1067=LINE('',#2636,#1315);
#1068=LINE('',#2638,#1316);
#1069=LINE('',#2640,#1317);
#1070=LINE('',#2643,#1318);
#1071=LINE('',#2645,#1319);
#1072=LINE('',#2647,#1320);
#1073=LINE('',#2649,#1321);
#1074=LINE('',#2651,#1322);
#1075=LINE('',#2653,#1323);
#1076=LINE('',#2656,#1324);
#1077=LINE('',#2658,#1325);
#1078=LINE('',#2660,#1326);
#1079=LINE('',#2662,#1327);
#1080=LINE('',#2664,#1328);
#1081=LINE('',#2666,#1329);
#1082=LINE('',#2669,#1330);
#1083=LINE('',#2671,#1331);
#1084=LINE('',#2673,#1332);
#1085=LINE('',#2675,#1333);
#1086=LINE('',#2677,#1334);
#1087=LINE('',#2679,#1335);
#1088=LINE('',#2680,#1336);
#1089=LINE('',#2681,#1337);
#1090=LINE('',#2683,#1338);
#1091=LINE('',#2684,#1339);
#1092=LINE('',#2685,#1340);
#1093=LINE('',#2687,#1341);
#1094=LINE('',#2688,#1342);
#1095=LINE('',#2689,#1343);
#1096=LINE('',#2691,#1344);
#1097=LINE('',#2692,#1345);
#1098=LINE('',#2693,#1346);
#1099=LINE('',#2695,#1347);
#1100=LINE('',#2696,#1348);
#1101=LINE('',#2697,#1349);
#1102=LINE('',#2699,#1350);
#1103=LINE('',#2700,#1351);
#1104=LINE('',#2701,#1352);
#1105=LINE('',#2703,#1353);
#1106=LINE('',#2704,#1354);
#1107=LINE('',#2705,#1355);
#1108=LINE('',#2707,#1356);
#1109=LINE('',#2708,#1357);
#1110=LINE('',#2709,#1358);
#1111=LINE('',#2713,#1359);
#1112=LINE('',#2715,#1360);
#1113=LINE('',#2717,#1361);
#1114=LINE('',#2723,#1362);
#1115=LINE('',#2725,#1363);
#1116=LINE('',#2727,#1364);
#1117=LINE('',#2733,#1365);
#1118=LINE('',#2735,#1366);
#1119=LINE('',#2737,#1367);
#1120=LINE('',#2743,#1368);
#1121=LINE('',#2745,#1369);
#1122=LINE('',#2747,#1370);
#1123=LINE('',#2753,#1371);
#1124=LINE('',#2755,#1372);
#1125=LINE('',#2757,#1373);
#1126=LINE('',#2763,#1374);
#1127=LINE('',#2765,#1375);
#1128=LINE('',#2767,#1376);
#1129=LINE('',#2773,#1377);
#1130=LINE('',#2775,#1378);
#1131=LINE('',#2777,#1379);
#1132=LINE('',#2783,#1380);
#1133=LINE('',#2785,#1381);
#1134=LINE('',#2787,#1382);
#1135=LINE('',#2791,#1383);
#1136=LINE('',#2792,#1384);
#1137=LINE('',#2794,#1385);
#1138=LINE('',#2795,#1386);
#1139=LINE('',#2797,#1387);
#1140=LINE('',#2798,#1388);
#1141=LINE('',#2800,#1389);
#1142=LINE('',#2801,#1390);
#1143=LINE('',#2803,#1391);
#1144=LINE('',#2804,#1392);
#1145=LINE('',#2806,#1393);
#1146=LINE('',#2807,#1394);
#1147=LINE('',#2809,#1395);
#1148=LINE('',#2810,#1396);
#1149=LINE('',#2812,#1397);
#1150=LINE('',#2813,#1398);
#1151=LINE('',#2823,#1399);
#1152=LINE('',#2826,#1400);
#1153=LINE('',#2828,#1401);
#1154=LINE('',#2830,#1402);
#1155=LINE('',#2832,#1403);
#1156=LINE('',#2834,#1404);
#1157=LINE('',#2836,#1405);
#1158=LINE('',#2838,#1406);
#1159=LINE('',#2840,#1407);
#1160=LINE('',#2842,#1408);
#1161=LINE('',#2844,#1409);
#1162=LINE('',#2845,#1410);
#1163=LINE('',#2858,#1411);
#1164=LINE('',#2861,#1412);
#1165=LINE('',#2863,#1413);
#1166=LINE('',#2865,#1414);
#1167=LINE('',#2867,#1415);
#1168=LINE('',#2869,#1416);
#1169=LINE('',#2871,#1417);
#1170=LINE('',#2873,#1418);
#1171=LINE('',#2875,#1419);
#1172=LINE('',#2877,#1420);
#1173=LINE('',#2879,#1421);
#1174=LINE('',#2881,#1422);
#1175=LINE('',#2883,#1423);
#1176=LINE('',#2885,#1424);
#1177=LINE('',#2887,#1425);
#1178=LINE('',#2889,#1426);
#1179=LINE('',#2891,#1427);
#1180=LINE('',#2893,#1428);
#1181=LINE('',#2895,#1429);
#1182=LINE('',#2897,#1430);
#1183=LINE('',#2899,#1431);
#1184=LINE('',#2902,#1432);
#1185=LINE('',#2904,#1433);
#1186=LINE('',#2906,#1434);
#1187=LINE('',#2908,#1435);
#1188=LINE('',#2910,#1436);
#1189=LINE('',#2912,#1437);
#1190=LINE('',#2914,#1438);
#1191=LINE('',#2916,#1439);
#1192=LINE('',#2918,#1440);
#1193=LINE('',#2920,#1441);
#1194=LINE('',#2922,#1442);
#1195=LINE('',#2924,#1443);
#1196=LINE('',#2926,#1444);
#1197=LINE('',#2928,#1445);
#1198=LINE('',#2930,#1446);
#1199=LINE('',#2932,#1447);
#1200=LINE('',#2934,#1448);
#1201=LINE('',#2936,#1449);
#1202=LINE('',#2938,#1450);
#1203=LINE('',#2940,#1451);
#1204=LINE('',#2943,#1452);
#1205=LINE('',#2945,#1453);
#1206=LINE('',#2947,#1454);
#1207=LINE('',#2949,#1455);
#1208=LINE('',#2951,#1456);
#1209=LINE('',#2953,#1457);
#1210=LINE('',#2955,#1458);
#1211=LINE('',#2957,#1459);
#1212=LINE('',#2959,#1460);
#1213=LINE('',#2961,#1461);
#1214=LINE('',#2964,#1462);
#1215=LINE('',#2966,#1463);
#1216=LINE('',#2968,#1464);
#1217=LINE('',#2970,#1465);
#1218=LINE('',#2972,#1466);
#1219=LINE('',#2974,#1467);
#1220=LINE('',#2976,#1468);
#1221=LINE('',#2978,#1469);
#1222=LINE('',#2980,#1470);
#1223=LINE('',#2982,#1471);
#1224=LINE('',#2985,#1472);
#1225=LINE('',#2987,#1473);
#1226=LINE('',#2989,#1474);
#1227=LINE('',#2991,#1475);
#1228=LINE('',#2993,#1476);
#1229=LINE('',#2995,#1477);
#1230=LINE('',#2997,#1478);
#1231=LINE('',#2999,#1479);
#1232=LINE('',#3001,#1480);
#1233=LINE('',#3003,#1481);
#1234=LINE('',#3006,#1482);
#1235=LINE('',#3008,#1483);
#1236=LINE('',#3010,#1484);
#1237=LINE('',#3012,#1485);
#1238=LINE('',#3014,#1486);
#1239=LINE('',#3016,#1487);
#1240=LINE('',#3018,#1488);
#1241=LINE('',#3020,#1489);
#1242=LINE('',#3022,#1490);
#1243=LINE('',#3024,#1491);
#1244=LINE('',#3025,#1492);
#1245=LINE('',#3027,#1493);
#1246=LINE('',#3028,#1494);
#1247=LINE('',#3030,#1495);
#1248=LINE('',#3031,#1496);
#1249=LINE('',#3033,#1497);
#1250=LINE('',#3034,#1498);
#1251=LINE('',#3036,#1499);
#1252=LINE('',#3037,#1500);
#1253=LINE('',#3039,#1501);
#1254=LINE('',#3040,#1502);
#1255=LINE('',#3042,#1503);
#1256=LINE('',#3043,#1504);
#1257=LINE('',#3045,#1505);
#1258=LINE('',#3046,#1506);
#1259=LINE('',#3048,#1507);
#1260=LINE('',#3049,#1508);
#1261=LINE('',#3051,#1509);
#1262=LINE('',#3053,#1510);
#1263=LINE('',#3056,#1511);
#1264=LINE('',#3058,#1512);
#1265=LINE('',#3061,#1513);
#1266=LINE('',#3063,#1514);
#1267=LINE('',#3066,#1515);
#1268=LINE('',#3068,#1516);
#1269=LINE('',#3071,#1517);
#1270=LINE('',#3072,#1518);
#1271=VECTOR('',#2063,39.3700787401575);
#1272=VECTOR('',#2064,39.3700787401575);
#1273=VECTOR('',#2065,39.3700787401575);
#1274=VECTOR('',#2066,39.3700787401575);
#1275=VECTOR('',#2067,39.3700787401575);
#1276=VECTOR('',#2068,39.3700787401575);
#1277=VECTOR('',#2071,39.3700787401575);
#1278=VECTOR('',#2072,39.3700787401575);
#1279=VECTOR('',#2073,39.3700787401575);
#1280=VECTOR('',#2074,39.3700787401575);
#1281=VECTOR('',#2075,39.3700787401575);
#1282=VECTOR('',#2076,39.3700787401575);
#1283=VECTOR('',#2079,39.3700787401575);
#1284=VECTOR('',#2080,39.3700787401575);
#1285=VECTOR('',#2081,39.3700787401575);
#1286=VECTOR('',#2082,39.3700787401575);
#1287=VECTOR('',#2083,39.3700787401575);
#1288=VECTOR('',#2084,39.3700787401575);
#1289=VECTOR('',#2087,39.3700787401575);
#1290=VECTOR('',#2088,39.3700787401575);
#1291=VECTOR('',#2089,39.3700787401575);
#1292=VECTOR('',#2090,39.3700787401575);
#1293=VECTOR('',#2091,39.3700787401575);
#1294=VECTOR('',#2092,39.3700787401575);
#1295=VECTOR('',#2095,39.3700787401575);
#1296=VECTOR('',#2096,39.3700787401575);
#1297=VECTOR('',#2097,39.3700787401575);
#1298=VECTOR('',#2098,39.3700787401575);
#1299=VECTOR('',#2101,39.3700787401575);
#1300=VECTOR('',#2102,39.3700787401575);
#1301=VECTOR('',#2103,39.3700787401575);
#1302=VECTOR('',#2104,39.3700787401575);
#1303=VECTOR('',#2107,39.3700787401575);
#1304=VECTOR('',#2108,39.3700787401575);
#1305=VECTOR('',#2109,39.3700787401575);
#1306=VECTOR('',#2110,39.3700787401575);
#1307=VECTOR('',#2113,39.3700787401575);
#1308=VECTOR('',#2114,39.3700787401575);
#1309=VECTOR('',#2115,39.3700787401575);
#1310=VECTOR('',#2116,39.3700787401575);
#1311=VECTOR('',#2119,39.3700787401575);
#1312=VECTOR('',#2120,39.3700787401575);
#1313=VECTOR('',#2121,39.3700787401575);
#1314=VECTOR('',#2122,39.3700787401575);
#1315=VECTOR('',#2123,39.3700787401575);
#1316=VECTOR('',#2124,39.3700787401575);
#1317=VECTOR('',#2127,39.3700787401575);
#1318=VECTOR('',#2128,39.3700787401575);
#1319=VECTOR('',#2129,39.3700787401575);
#1320=VECTOR('',#2130,39.3700787401575);
#1321=VECTOR('',#2131,39.3700787401575);
#1322=VECTOR('',#2132,39.3700787401575);
#1323=VECTOR('',#2135,39.3700787401575);
#1324=VECTOR('',#2136,39.3700787401575);
#1325=VECTOR('',#2137,39.3700787401575);
#1326=VECTOR('',#2138,39.3700787401575);
#1327=VECTOR('',#2139,39.3700787401575);
#1328=VECTOR('',#2140,39.3700787401575);
#1329=VECTOR('',#2143,39.3700787401575);
#1330=VECTOR('',#2144,39.3700787401575);
#1331=VECTOR('',#2145,39.3700787401575);
#1332=VECTOR('',#2146,39.3700787401575);
#1333=VECTOR('',#2147,39.3700787401575);
#1334=VECTOR('',#2148,39.3700787401575);
#1335=VECTOR('',#2151,39.3700787401575);
#1336=VECTOR('',#2152,39.3700787401575);
#1337=VECTOR('',#2153,39.3700787401575);
#1338=VECTOR('',#2156,39.3700787401575);
#1339=VECTOR('',#2157,39.3700787401575);
#1340=VECTOR('',#2158,39.3700787401575);
#1341=VECTOR('',#2161,39.3700787401575);
#1342=VECTOR('',#2162,39.3700787401575);
#1343=VECTOR('',#2163,39.3700787401575);
#1344=VECTOR('',#2166,39.3700787401575);
#1345=VECTOR('',#2167,39.3700787401575);
#1346=VECTOR('',#2168,39.3700787401575);
#1347=VECTOR('',#2171,39.3700787401575);
#1348=VECTOR('',#2172,39.3700787401575);
#1349=VECTOR('',#2173,39.3700787401575);
#1350=VECTOR('',#2176,39.3700787401575);
#1351=VECTOR('',#2177,39.3700787401575);
#1352=VECTOR('',#2178,39.3700787401575);
#1353=VECTOR('',#2181,39.3700787401575);
#1354=VECTOR('',#2182,39.3700787401575);
#1355=VECTOR('',#2183,39.3700787401575);
#1356=VECTOR('',#2186,39.3700787401575);
#1357=VECTOR('',#2187,39.3700787401575);
#1358=VECTOR('',#2188,39.3700787401575);
#1359=VECTOR('',#2193,39.3700787401575);
#1360=VECTOR('',#2194,39.3700787401575);
#1361=VECTOR('',#2195,39.3700787401575);
#1362=VECTOR('',#2202,39.3700787401575);
#1363=VECTOR('',#2203,39.3700787401575);
#1364=VECTOR('',#2204,39.3700787401575);
#1365=VECTOR('',#2211,39.3700787401575);
#1366=VECTOR('',#2212,39.3700787401575);
#1367=VECTOR('',#2213,39.3700787401575);
#1368=VECTOR('',#2220,39.3700787401575);
#1369=VECTOR('',#2221,39.3700787401575);
#1370=VECTOR('',#2222,39.3700787401575);
#1371=VECTOR('',#2229,39.3700787401575);
#1372=VECTOR('',#2230,39.3700787401575);
#1373=VECTOR('',#2231,39.3700787401575);
#1374=VECTOR('',#2238,39.3700787401575);
#1375=VECTOR('',#2239,39.3700787401575);
#1376=VECTOR('',#2240,39.3700787401575);
#1377=VECTOR('',#2247,39.3700787401575);
#1378=VECTOR('',#2248,39.3700787401575);
#1379=VECTOR('',#2249,39.3700787401575);
#1380=VECTOR('',#2256,39.3700787401575);
#1381=VECTOR('',#2257,39.3700787401575);
#1382=VECTOR('',#2258,39.3700787401575);
#1383=VECTOR('',#2263,39.3700787401575);
#1384=VECTOR('',#2264,39.3700787401575);
#1385=VECTOR('',#2267,39.3700787401575);
#1386=VECTOR('',#2268,39.3700787401575);
#1387=VECTOR('',#2271,39.3700787401575);
#1388=VECTOR('',#2272,39.3700787401575);
#1389=VECTOR('',#2275,39.3700787401575);
#1390=VECTOR('',#2276,39.3700787401575);
#1391=VECTOR('',#2279,39.3700787401575);
#1392=VECTOR('',#2280,39.3700787401575);
#1393=VECTOR('',#2283,39.3700787401575);
#1394=VECTOR('',#2284,39.3700787401575);
#1395=VECTOR('',#2287,39.3700787401575);
#1396=VECTOR('',#2288,39.3700787401575);
#1397=VECTOR('',#2291,39.3700787401575);
#1398=VECTOR('',#2292,39.3700787401575);
#1399=VECTOR('',#2311,39.3700787401575);
#1400=VECTOR('',#2312,39.3700787401575);
#1401=VECTOR('',#2313,39.3700787401575);
#1402=VECTOR('',#2314,39.3700787401575);
#1403=VECTOR('',#2317,39.3700787401575);
#1404=VECTOR('',#2318,39.3700787401575);
#1405=VECTOR('',#2319,39.3700787401575);
#1406=VECTOR('',#2322,39.3700787401575);
#1407=VECTOR('',#2323,39.3700787401575);
#1408=VECTOR('',#2324,39.3700787401575);
#1409=VECTOR('',#2327,39.3700787401575);
#1410=VECTOR('',#2328,39.3700787401575);
#1411=VECTOR('',#2353,39.3700787401575);
#1412=VECTOR('',#2354,39.3700787401575);
#1413=VECTOR('',#2355,39.3700787401575);
#1414=VECTOR('',#2356,39.3700787401575);
#1415=VECTOR('',#2357,39.3700787401575);
#1416=VECTOR('',#2358,39.3700787401575);
#1417=VECTOR('',#2359,39.3700787401575);
#1418=VECTOR('',#2360,39.3700787401575);
#1419=VECTOR('',#2361,39.3700787401575);
#1420=VECTOR('',#2362,39.3700787401575);
#1421=VECTOR('',#2363,39.3700787401575);
#1422=VECTOR('',#2364,39.3700787401575);
#1423=VECTOR('',#2365,39.3700787401575);
#1424=VECTOR('',#2366,39.3700787401575);
#1425=VECTOR('',#2367,39.3700787401575);
#1426=VECTOR('',#2368,39.3700787401575);
#1427=VECTOR('',#2369,39.3700787401575);
#1428=VECTOR('',#2370,39.3700787401575);
#1429=VECTOR('',#2371,39.3700787401575);
#1430=VECTOR('',#2372,39.3700787401575);
#1431=VECTOR('',#2375,39.3700787401575);
#1432=VECTOR('',#2376,39.3700787401575);
#1433=VECTOR('',#2377,39.3700787401575);
#1434=VECTOR('',#2378,39.3700787401575);
#1435=VECTOR('',#2379,39.3700787401575);
#1436=VECTOR('',#2380,39.3700787401575);
#1437=VECTOR('',#2381,39.3700787401575);
#1438=VECTOR('',#2382,39.3700787401575);
#1439=VECTOR('',#2383,39.3700787401575);
#1440=VECTOR('',#2384,39.3700787401575);
#1441=VECTOR('',#2385,39.3700787401575);
#1442=VECTOR('',#2386,39.3700787401575);
#1443=VECTOR('',#2387,39.3700787401575);
#1444=VECTOR('',#2388,39.3700787401575);
#1445=VECTOR('',#2389,39.3700787401575);
#1446=VECTOR('',#2390,39.3700787401575);
#1447=VECTOR('',#2391,39.3700787401575);
#1448=VECTOR('',#2392,39.3700787401575);
#1449=VECTOR('',#2393,39.3700787401575);
#1450=VECTOR('',#2394,39.3700787401575);
#1451=VECTOR('',#2397,39.3700787401575);
#1452=VECTOR('',#2398,39.3700787401575);
#1453=VECTOR('',#2399,39.3700787401575);
#1454=VECTOR('',#2400,39.3700787401575);
#1455=VECTOR('',#2403,39.3700787401575);
#1456=VECTOR('',#2404,39.3700787401575);
#1457=VECTOR('',#2405,39.3700787401575);
#1458=VECTOR('',#2408,39.3700787401575);
#1459=VECTOR('',#2409,39.3700787401575);
#1460=VECTOR('',#2410,39.3700787401575);
#1461=VECTOR('',#2413,39.3700787401575);
#1462=VECTOR('',#2414,39.3700787401575);
#1463=VECTOR('',#2415,39.3700787401575);
#1464=VECTOR('',#2416,39.3700787401575);
#1465=VECTOR('',#2419,39.3700787401575);
#1466=VECTOR('',#2420,39.3700787401575);
#1467=VECTOR('',#2421,39.3700787401575);
#1468=VECTOR('',#2424,39.3700787401575);
#1469=VECTOR('',#2425,39.3700787401575);
#1470=VECTOR('',#2426,39.3700787401575);
#1471=VECTOR('',#2429,39.3700787401575);
#1472=VECTOR('',#2430,39.3700787401575);
#1473=VECTOR('',#2431,39.3700787401575);
#1474=VECTOR('',#2432,39.3700787401575);
#1475=VECTOR('',#2435,39.3700787401575);
#1476=VECTOR('',#2436,39.3700787401575);
#1477=VECTOR('',#2437,39.3700787401575);
#1478=VECTOR('',#2440,39.3700787401575);
#1479=VECTOR('',#2441,39.3700787401575);
#1480=VECTOR('',#2442,39.3700787401575);
#1481=VECTOR('',#2445,39.3700787401575);
#1482=VECTOR('',#2446,39.3700787401575);
#1483=VECTOR('',#2447,39.3700787401575);
#1484=VECTOR('',#2448,39.3700787401575);
#1485=VECTOR('',#2451,39.3700787401575);
#1486=VECTOR('',#2452,39.3700787401575);
#1487=VECTOR('',#2453,39.3700787401575);
#1488=VECTOR('',#2456,39.3700787401575);
#1489=VECTOR('',#2457,39.3700787401575);
#1490=VECTOR('',#2458,39.3700787401575);
#1491=VECTOR('',#2461,39.3700787401575);
#1492=VECTOR('',#2462,39.3700787401575);
#1493=VECTOR('',#2465,39.3700787401575);
#1494=VECTOR('',#2466,39.3700787401575);
#1495=VECTOR('',#2469,39.3700787401575);
#1496=VECTOR('',#2470,39.3700787401575);
#1497=VECTOR('',#2473,39.3700787401575);
#1498=VECTOR('',#2474,39.3700787401575);
#1499=VECTOR('',#2477,39.3700787401575);
#1500=VECTOR('',#2478,39.3700787401575);
#1501=VECTOR('',#2481,39.3700787401575);
#1502=VECTOR('',#2482,39.3700787401575);
#1503=VECTOR('',#2485,39.3700787401575);
#1504=VECTOR('',#2486,39.3700787401575);
#1505=VECTOR('',#2489,39.3700787401575);
#1506=VECTOR('',#2490,39.3700787401575);
#1507=VECTOR('',#2493,39.3700787401575);
#1508=VECTOR('',#2494,39.3700787401575);
#1509=VECTOR('',#2497,39.3700787401575);
#1510=VECTOR('',#2500,39.3700787401575);
#1511=VECTOR('',#2505,39.3700787401575);
#1512=VECTOR('',#2508,39.3700787401575);
#1513=VECTOR('',#2513,39.3700787401575);
#1514=VECTOR('',#2516,39.3700787401575);
#1515=VECTOR('',#2521,39.3700787401575);
#1516=VECTOR('',#2524,39.3700787401575);
#1517=VECTOR('',#2529,39.3700787401575);
#1518=VECTOR('',#2530,39.3700787401575);
#1519=EDGE_LOOP('',(#55,#56,#57,#58,#59,#60));
#1520=EDGE_LOOP('',(#61,#62,#63,#64,#65,#66));
#1521=EDGE_LOOP('',(#67,#68,#69,#70,#71,#72));
#1522=EDGE_LOOP('',(#73,#74,#75,#76,#77,#78));
#1523=EDGE_LOOP('',(#79,#80,#81,#82));
#1524=EDGE_LOOP('',(#83,#84,#85,#86));
#1525=EDGE_LOOP('',(#87,#88,#89,#90));
#1526=EDGE_LOOP('',(#91,#92,#93,#94));
#1527=EDGE_LOOP('',(#95,#96,#97,#98,#99,#100));
#1528=EDGE_LOOP('',(#101,#102,#103,#104,#105,#106));
#1529=EDGE_LOOP('',(#107,#108,#109,#110,#111,#112));
#1530=EDGE_LOOP('',(#113,#114,#115,#116,#117,#118));
#1531=EDGE_LOOP('',(#119,#120,#121,#122,#123,#124));
#1532=EDGE_LOOP('',(#125,#126,#127,#128,#129,#130));
#1533=EDGE_LOOP('',(#131,#132,#133,#134,#135,#136));
#1534=EDGE_LOOP('',(#137,#138,#139,#140,#141,#142));
#1535=EDGE_LOOP('',(#143,#144,#145,#146,#147,#148));
#1536=EDGE_LOOP('',(#149,#150,#151,#152,#153,#154));
#1537=EDGE_LOOP('',(#155,#156,#157,#158,#159,#160));
#1538=EDGE_LOOP('',(#161,#162,#163,#164,#165,#166));
#1539=EDGE_LOOP('',(#167,#168,#169,#170,#171,#172,#173,#174));
#1540=EDGE_LOOP('',(#175,#176,#177,#178,#179,#180,#181,#182));
#1541=EDGE_LOOP('',(#183,#184,#185,#186,#187,#188,#189,#190));
#1542=EDGE_LOOP('',(#191,#192,#193,#194,#195,#196,#197,#198));
#1543=EDGE_LOOP('',(#199,#200,#201,#202,#203,#204,#205,#206));
#1544=EDGE_LOOP('',(#207,#208,#209,#210,#211,#212,#213,#214));
#1545=EDGE_LOOP('',(#215,#216,#217,#218,#219,#220,#221,#222));
#1546=EDGE_LOOP('',(#223,#224,#225,#226,#227,#228,#229,#230));
#1547=EDGE_LOOP('',(#231,#232,#233,#234));
#1548=EDGE_LOOP('',(#235,#236,#237,#238));
#1549=EDGE_LOOP('',(#239,#240,#241,#242));
#1550=EDGE_LOOP('',(#243,#244,#245,#246));
#1551=EDGE_LOOP('',(#247,#248,#249,#250));
#1552=EDGE_LOOP('',(#251,#252,#253,#254));
#1553=EDGE_LOOP('',(#255,#256,#257,#258));
#1554=EDGE_LOOP('',(#259,#260,#261,#262));
#1555=EDGE_LOOP('',(#263,#264,#265,#266));
#1556=EDGE_LOOP('',(#267,#268,#269,#270));
#1557=EDGE_LOOP('',(#271,#272,#273,#274));
#1558=EDGE_LOOP('',(#275,#276,#277,#278));
#1559=EDGE_LOOP('',(#279,#280,#281,#282));
#1560=EDGE_LOOP('',(#283,#284,#285,#286));
#1561=EDGE_LOOP('',(#287,#288,#289,#290));
#1562=EDGE_LOOP('',(#291,#292,#293,#294));
#1563=EDGE_LOOP('',(#295,#296,#297,#298));
#1564=EDGE_LOOP('',(#299,#300,#301,#302));
#1565=EDGE_LOOP('',(#303,#304,#305,#306));
#1566=EDGE_LOOP('',(#307,#308,#309,#310));
#1567=EDGE_LOOP('',(#311,#312,#313,#314));
#1568=EDGE_LOOP('',(#315,#316,#317,#318));
#1569=EDGE_LOOP('',(#319,#320,#321,#322));
#1570=EDGE_LOOP('',(#323,#324,#325,#326));
#1571=EDGE_LOOP('',(#327,#328,#329,#330));
#1572=EDGE_LOOP('',(#331,#332,#333,#334));
#1573=EDGE_LOOP('',(#335,#336,#337,#338));
#1574=EDGE_LOOP('',(#339,#340,#341,#342));
#1575=EDGE_LOOP('',(#343,#344,#345,#346));
#1576=EDGE_LOOP('',(#347,#348,#349,#350));
#1577=EDGE_LOOP('',(#351,#352,#353,#354));
#1578=EDGE_LOOP('',(#355,#356,#357,#358));
#1579=EDGE_LOOP('',(#359,#360,#361,#362));
#1580=EDGE_LOOP('',(#363,#364,#365,#366));
#1581=EDGE_LOOP('',(#367,#368,#369,#370,#371,#372,#373,#374,#375,#376,#377,
#378,#379,#380,#381,#382,#383,#384,#385,#386));
#1582=EDGE_LOOP('',(#387,#388,#389,#390,#391,#392,#393,#394,#395,#396,#397,
#398,#399,#400,#401,#402,#403,#404,#405,#406));
#1583=EDGE_LOOP('',(#407,#408,#409,#410));
#1584=EDGE_LOOP('',(#411,#412,#413,#414));
#1585=EDGE_LOOP('',(#415,#416,#417,#418));
#1586=EDGE_LOOP('',(#419,#420,#421,#422));
#1587=EDGE_LOOP('',(#423,#424,#425,#426));
#1588=EDGE_LOOP('',(#427,#428,#429,#430));
#1589=EDGE_LOOP('',(#431,#432,#433,#434));
#1590=EDGE_LOOP('',(#435,#436,#437,#438));
#1591=EDGE_LOOP('',(#439,#440,#441,#442));
#1592=EDGE_LOOP('',(#443,#444,#445,#446));
#1593=EDGE_LOOP('',(#447,#448,#449,#450));
#1594=EDGE_LOOP('',(#451,#452,#453,#454));
#1595=EDGE_LOOP('',(#455,#456,#457,#458));
#1596=EDGE_LOOP('',(#459,#460,#461,#462));
#1597=EDGE_LOOP('',(#463,#464,#465,#466));
#1598=EDGE_LOOP('',(#467,#468,#469,#470));
#1599=EDGE_LOOP('',(#471,#472,#473,#474));
#1600=EDGE_LOOP('',(#475,#476,#477,#478));
#1601=EDGE_LOOP('',(#479,#480,#481,#482));
#1602=EDGE_LOOP('',(#483,#484,#485,#486));
#1603=EDGE_LOOP('',(#487,#488,#489,#490));
#1604=EDGE_LOOP('',(#491,#492,#493,#494));
#1605=EDGE_LOOP('',(#495,#496,#497,#498));
#1606=EDGE_LOOP('',(#499,#500,#501,#502));
#1607=EDGE_LOOP('',(#503,#504,#505,#506));
#1608=EDGE_LOOP('',(#507,#508,#509,#510));
#1609=EDGE_LOOP('',(#511,#512,#513,#514));
#1610=EDGE_LOOP('',(#515,#516,#517,#518));
#1611=EDGE_LOOP('',(#519,#520,#521,#522));
#1612=EDGE_LOOP('',(#523,#524,#525,#526));
#1613=EDGE_LOOP('',(#527,#528,#529,#530));
#1614=EDGE_LOOP('',(#531,#532,#533,#534));
#1615=EDGE_LOOP('',(#535,#536,#537,#538));
#1616=EDGE_LOOP('',(#539,#540,#541,#542));
#1617=EDGE_LOOP('',(#543,#544,#545,#546));
#1618=EDGE_LOOP('',(#547,#548,#549,#550));
#1619=EDGE_LOOP('',(#551,#552,#553,#554));
#1620=EDGE_LOOP('',(#555,#556,#557,#558));
#1621=EDGE_LOOP('',(#559,#560,#561,#562));
#1622=EDGE_LOOP('',(#563,#564,#565,#566));
#1623=EDGE_LOOP('',(#567,#568,#569,#570));
#1624=EDGE_LOOP('',(#571,#572,#573,#574));
#1625=EDGE_LOOP('',(#575,#576,#577,#578));
#1626=EDGE_LOOP('',(#579,#580,#581,#582));
#1627=FACE_BOUND('',#1519,.T.);
#1628=FACE_BOUND('',#1520,.T.);
#1629=FACE_BOUND('',#1521,.T.);
#1630=FACE_BOUND('',#1522,.T.);
#1631=FACE_BOUND('',#1523,.T.);
#1632=FACE_BOUND('',#1524,.T.);
#1633=FACE_BOUND('',#1525,.T.);
#1634=FACE_BOUND('',#1526,.T.);
#1635=FACE_BOUND('',#1527,.T.);
#1636=FACE_BOUND('',#1528,.T.);
#1637=FACE_BOUND('',#1529,.T.);
#1638=FACE_BOUND('',#1530,.T.);
#1639=FACE_BOUND('',#1531,.T.);
#1640=FACE_BOUND('',#1532,.T.);
#1641=FACE_BOUND('',#1533,.T.);
#1642=FACE_BOUND('',#1534,.T.);
#1643=FACE_BOUND('',#1535,.T.);
#1644=FACE_BOUND('',#1536,.T.);
#1645=FACE_BOUND('',#1537,.T.);
#1646=FACE_BOUND('',#1538,.T.);
#1647=FACE_BOUND('',#1539,.T.);
#1648=FACE_BOUND('',#1540,.T.);
#1649=FACE_BOUND('',#1541,.T.);
#1650=FACE_BOUND('',#1542,.T.);
#1651=FACE_BOUND('',#1543,.T.);
#1652=FACE_BOUND('',#1544,.T.);
#1653=FACE_BOUND('',#1545,.T.);
#1654=FACE_BOUND('',#1546,.T.);
#1655=FACE_BOUND('',#1547,.T.);
#1656=FACE_BOUND('',#1548,.T.);
#1657=FACE_BOUND('',#1549,.T.);
#1658=FACE_BOUND('',#1550,.T.);
#1659=FACE_BOUND('',#1551,.T.);
#1660=FACE_BOUND('',#1552,.T.);
#1661=FACE_BOUND('',#1553,.T.);
#1662=FACE_BOUND('',#1554,.T.);
#1663=FACE_BOUND('',#1555,.T.);
#1664=FACE_BOUND('',#1556,.T.);
#1665=FACE_BOUND('',#1557,.T.);
#1666=FACE_BOUND('',#1558,.T.);
#1667=FACE_BOUND('',#1559,.T.);
#1668=FACE_BOUND('',#1560,.T.);
#1669=FACE_BOUND('',#1561,.T.);
#1670=FACE_BOUND('',#1562,.T.);
#1671=FACE_BOUND('',#1563,.T.);
#1672=FACE_BOUND('',#1564,.T.);
#1673=FACE_BOUND('',#1565,.T.);
#1674=FACE_BOUND('',#1566,.T.);
#1675=FACE_BOUND('',#1567,.T.);
#1676=FACE_BOUND('',#1568,.T.);
#1677=FACE_BOUND('',#1569,.T.);
#1678=FACE_BOUND('',#1570,.T.);
#1679=FACE_BOUND('',#1571,.T.);
#1680=FACE_BOUND('',#1572,.T.);
#1681=FACE_BOUND('',#1573,.T.);
#1682=FACE_BOUND('',#1574,.T.);
#1683=FACE_BOUND('',#1575,.T.);
#1684=FACE_BOUND('',#1576,.T.);
#1685=FACE_BOUND('',#1577,.T.);
#1686=FACE_BOUND('',#1578,.T.);
#1687=FACE_BOUND('',#1579,.T.);
#1688=FACE_BOUND('',#1580,.T.);
#1689=FACE_BOUND('',#1581,.T.);
#1690=FACE_BOUND('',#1582,.T.);
#1691=FACE_BOUND('',#1583,.T.);
#1692=FACE_BOUND('',#1584,.T.);
#1693=FACE_BOUND('',#1585,.T.);
#1694=FACE_BOUND('',#1586,.T.);
#1695=FACE_BOUND('',#1587,.T.);
#1696=FACE_BOUND('',#1588,.T.);
#1697=FACE_BOUND('',#1589,.T.);
#1698=FACE_BOUND('',#1590,.T.);
#1699=FACE_BOUND('',#1591,.T.);
#1700=FACE_BOUND('',#1592,.T.);
#1701=FACE_BOUND('',#1593,.T.);
#1702=FACE_BOUND('',#1594,.T.);
#1703=FACE_BOUND('',#1595,.T.);
#1704=FACE_BOUND('',#1596,.T.);
#1705=FACE_BOUND('',#1597,.T.);
#1706=FACE_BOUND('',#1598,.T.);
#1707=FACE_BOUND('',#1599,.T.);
#1708=FACE_BOUND('',#1600,.T.);
#1709=FACE_BOUND('',#1601,.T.);
#1710=FACE_BOUND('',#1602,.T.);
#1711=FACE_BOUND('',#1603,.T.);
#1712=FACE_BOUND('',#1604,.T.);
#1713=FACE_BOUND('',#1605,.T.);
#1714=FACE_BOUND('',#1606,.T.);
#1715=FACE_BOUND('',#1607,.T.);
#1716=FACE_BOUND('',#1608,.T.);
#1717=FACE_BOUND('',#1609,.T.);
#1718=FACE_BOUND('',#1610,.T.);
#1719=FACE_BOUND('',#1611,.T.);
#1720=FACE_BOUND('',#1612,.T.);
#1721=FACE_BOUND('',#1613,.T.);
#1722=FACE_BOUND('',#1614,.T.);
#1723=FACE_BOUND('',#1615,.T.);
#1724=FACE_BOUND('',#1616,.T.);
#1725=FACE_BOUND('',#1617,.T.);
#1726=FACE_BOUND('',#1618,.T.);
#1727=FACE_BOUND('',#1619,.T.);
#1728=FACE_BOUND('',#1620,.T.);
#1729=FACE_BOUND('',#1621,.T.);
#1730=FACE_BOUND('',#1622,.T.);
#1731=FACE_BOUND('',#1623,.T.);
#1732=FACE_BOUND('',#1624,.T.);
#1733=FACE_BOUND('',#1625,.T.);
#1734=FACE_BOUND('',#1626,.T.);
#1735=PLANE('',#1945);
#1736=PLANE('',#1946);
#1737=PLANE('',#1947);
#1738=PLANE('',#1948);
#1739=PLANE('',#1949);
#1740=PLANE('',#1950);
#1741=PLANE('',#1951);
#1742=PLANE('',#1952);
#1743=PLANE('',#1953);
#1744=PLANE('',#1954);
#1745=PLANE('',#1955);
#1746=PLANE('',#1956);
#1747=PLANE('',#1957);
#1748=PLANE('',#1958);
#1749=PLANE('',#1959);
#1750=PLANE('',#1960);
#1751=PLANE('',#1961);
#1752=PLANE('',#1962);
#1753=PLANE('',#1963);
#1754=PLANE('',#1964);
#1755=PLANE('',#1965);
#1756=PLANE('',#1968);
#1757=PLANE('',#1971);
#1758=PLANE('',#1974);
#1759=PLANE('',#1977);
#1760=PLANE('',#1980);
#1761=PLANE('',#1983);
#1762=PLANE('',#1986);
#1763=PLANE('',#1989);
#1764=PLANE('',#1990);
#1765=PLANE('',#1991);
#1766=PLANE('',#1992);
#1767=PLANE('',#1993);
#1768=PLANE('',#1994);
#1769=PLANE('',#1995);
#1770=PLANE('',#1996);
#1771=PLANE('',#2005);
#1772=PLANE('',#2006);
#1773=PLANE('',#2007);
#1774=PLANE('',#2008);
#1775=PLANE('',#2009);
#1776=PLANE('',#2010);
#1777=PLANE('',#2011);
#1778=PLANE('',#2012);
#1779=PLANE('',#2013);
#1780=PLANE('',#2014);
#1781=PLANE('',#2015);
#1782=PLANE('',#2016);
#1783=PLANE('',#2017);
#1784=PLANE('',#2018);
#1785=PLANE('',#2020);
#1786=PLANE('',#2021);
#1787=PLANE('',#2022);
#1788=PLANE('',#2023);
#1789=PLANE('',#2024);
#1790=PLANE('',#2025);
#1791=PLANE('',#2026);
#1792=PLANE('',#2027);
#1793=PLANE('',#2028);
#1794=PLANE('',#2029);
#1795=PLANE('',#2030);
#1796=PLANE('',#2031);
#1797=PLANE('',#2032);
#1798=PLANE('',#2033);
#1799=PLANE('',#2034);
#1800=PLANE('',#2035);
#1801=PLANE('',#2036);
#1802=PLANE('',#2037);
#1803=PLANE('',#2038);
#1804=PLANE('',#2039);
#1805=PLANE('',#2040);
#1806=PLANE('',#2041);
#1807=PLANE('',#2042);
#1808=PLANE('',#2043);
#1809=PLANE('',#2044);
#1810=PLANE('',#2045);
#1811=PLANE('',#2046);
#1812=PLANE('',#2047);
#1813=PLANE('',#2048);
#1814=PLANE('',#2049);
#1815=PLANE('',#2050);
#1816=PLANE('',#2051);
#1817=PLANE('',#2052);
#1818=PLANE('',#2053);
#1819=PLANE('',#2054);
#1820=PLANE('',#2055);
#1821=PLANE('',#2056);
#1822=PLANE('',#2057);
#1823=ADVANCED_FACE('',(#1627),#1735,.F.);
#1824=ADVANCED_FACE('',(#1628),#1736,.F.);
#1825=ADVANCED_FACE('',(#1629),#1737,.F.);
#1826=ADVANCED_FACE('',(#1630),#1738,.F.);
#1827=ADVANCED_FACE('',(#1631),#1739,.F.);
#1828=ADVANCED_FACE('',(#1632),#1740,.F.);
#1829=ADVANCED_FACE('',(#1633),#1741,.F.);
#1830=ADVANCED_FACE('',(#1634),#1742,.F.);
#1831=ADVANCED_FACE('',(#1635),#1743,.F.);
#1832=ADVANCED_FACE('',(#1636),#1744,.F.);
#1833=ADVANCED_FACE('',(#1637),#1745,.F.);
#1834=ADVANCED_FACE('',(#1638),#1746,.F.);
#1835=ADVANCED_FACE('',(#1639),#1747,.T.);
#1836=ADVANCED_FACE('',(#1640),#1748,.T.);
#1837=ADVANCED_FACE('',(#1641),#1749,.T.);
#1838=ADVANCED_FACE('',(#1642),#1750,.T.);
#1839=ADVANCED_FACE('',(#1643),#1751,.T.);
#1840=ADVANCED_FACE('',(#1644),#1752,.T.);
#1841=ADVANCED_FACE('',(#1645),#1753,.T.);
#1842=ADVANCED_FACE('',(#1646),#1754,.T.);
#1843=ADVANCED_FACE('',(#1647),#1755,.T.);
#1844=ADVANCED_FACE('',(#1648),#1756,.T.);
#1845=ADVANCED_FACE('',(#1649),#1757,.T.);
#1846=ADVANCED_FACE('',(#1650),#1758,.T.);
#1847=ADVANCED_FACE('',(#1651),#1759,.T.);
#1848=ADVANCED_FACE('',(#1652),#1760,.T.);
#1849=ADVANCED_FACE('',(#1653),#1761,.T.);
#1850=ADVANCED_FACE('',(#1654),#1762,.T.);
#1851=ADVANCED_FACE('',(#1655),#1763,.F.);
#1852=ADVANCED_FACE('',(#1656),#1764,.F.);
#1853=ADVANCED_FACE('',(#1657),#1765,.F.);
#1854=ADVANCED_FACE('',(#1658),#1766,.F.);
#1855=ADVANCED_FACE('',(#1659),#1767,.F.);
#1856=ADVANCED_FACE('',(#1660),#1768,.F.);
#1857=ADVANCED_FACE('',(#1661),#1769,.F.);
#1858=ADVANCED_FACE('',(#1662),#1770,.F.);
#1859=ADVANCED_FACE('',(#1663),#31,.T.);
#1860=ADVANCED_FACE('',(#1664),#32,.T.);
#1861=ADVANCED_FACE('',(#1665),#33,.T.);
#1862=ADVANCED_FACE('',(#1666),#34,.T.);
#1863=ADVANCED_FACE('',(#1667),#35,.F.);
#1864=ADVANCED_FACE('',(#1668),#36,.F.);
#1865=ADVANCED_FACE('',(#1669),#37,.F.);
#1866=ADVANCED_FACE('',(#1670),#38,.F.);
#1867=ADVANCED_FACE('',(#1671),#1771,.F.);
#1868=ADVANCED_FACE('',(#1672),#1772,.F.);
#1869=ADVANCED_FACE('',(#1673),#1773,.F.);
#1870=ADVANCED_FACE('',(#1674),#1774,.F.);
#1871=ADVANCED_FACE('',(#1675),#1775,.T.);
#1872=ADVANCED_FACE('',(#1676,#1677,#1678,#1679,#1680),#1776,.F.);
#1873=ADVANCED_FACE('',(#1681),#1777,.T.);
#1874=ADVANCED_FACE('',(#1682),#1778,.T.);
#1875=ADVANCED_FACE('',(#1683),#1779,.T.);
#1876=ADVANCED_FACE('',(#1684),#1780,.T.);
#1877=ADVANCED_FACE('',(#1685),#1781,.T.);
#1878=ADVANCED_FACE('',(#1686),#1782,.T.);
#1879=ADVANCED_FACE('',(#1687),#1783,.T.);
#1880=ADVANCED_FACE('',(#1688),#1784,.T.);
#1881=ADVANCED_FACE('',(#1689),#1785,.F.);
#1882=ADVANCED_FACE('',(#1690),#1786,.F.);
#1883=ADVANCED_FACE('',(#1691),#1787,.T.);
#1884=ADVANCED_FACE('',(#1692),#1788,.T.);
#1885=ADVANCED_FACE('',(#1693),#1789,.T.);
#1886=ADVANCED_FACE('',(#1694),#1790,.T.);
#1887=ADVANCED_FACE('',(#1695),#1791,.T.);
#1888=ADVANCED_FACE('',(#1696),#1792,.T.);
#1889=ADVANCED_FACE('',(#1697),#1793,.T.);
#1890=ADVANCED_FACE('',(#1698),#1794,.T.);
#1891=ADVANCED_FACE('',(#1699),#1795,.T.);
#1892=ADVANCED_FACE('',(#1700),#1796,.T.);
#1893=ADVANCED_FACE('',(#1701),#1797,.T.);
#1894=ADVANCED_FACE('',(#1702),#1798,.T.);
#1895=ADVANCED_FACE('',(#1703),#1799,.T.);
#1896=ADVANCED_FACE('',(#1704),#1800,.T.);
#1897=ADVANCED_FACE('',(#1705),#1801,.T.);
#1898=ADVANCED_FACE('',(#1706),#1802,.T.);
#1899=ADVANCED_FACE('',(#1707),#1803,.F.);
#1900=ADVANCED_FACE('',(#1708),#1804,.F.);
#1901=ADVANCED_FACE('',(#1709),#1805,.F.);
#1902=ADVANCED_FACE('',(#1710),#1806,.F.);
#1903=ADVANCED_FACE('',(#1711),#1807,.F.);
#1904=ADVANCED_FACE('',(#1712),#1808,.F.);
#1905=ADVANCED_FACE('',(#1713),#1809,.F.);
#1906=ADVANCED_FACE('',(#1714,#1715,#1716,#1717,#1718),#1810,.T.);
#1907=ADVANCED_FACE('',(#1719),#1811,.T.);
#1908=ADVANCED_FACE('',(#1720),#1812,.T.);
#1909=ADVANCED_FACE('',(#1721,#1722),#1813,.T.);
#1910=ADVANCED_FACE('',(#1723),#1814,.T.);
#1911=ADVANCED_FACE('',(#1724),#1815,.T.);
#1912=ADVANCED_FACE('',(#1725,#1726),#1816,.T.);
#1913=ADVANCED_FACE('',(#1727),#1817,.T.);
#1914=ADVANCED_FACE('',(#1728),#1818,.T.);
#1915=ADVANCED_FACE('',(#1729,#1730),#1819,.T.);
#1916=ADVANCED_FACE('',(#1731,#1732),#1820,.T.);
#1917=ADVANCED_FACE('',(#1733),#1821,.T.);
#1918=ADVANCED_FACE('',(#1734),#1822,.T.);
#1919=CLOSED_SHELL('',(#1823,#1824,#1825,#1826,#1827,#1828,#1829,#1830,
#1831,#1832,#1833,#1834,#1835,#1836,#1837,#1838,#1839,#1840,#1841,#1842,
#1843,#1844,#1845,#1846,#1847,#1848,#1849,#1850,#1851,#1852,#1853,#1854,
#1855,#1856,#1857,#1858,#1859,#1860,#1861,#1862,#1863,#1864,#1865,#1866,
#1867,#1868,#1869,#1870,#1871,#1872,#1873,#1874,#1875,#1876,#1877,#1878,
#1879,#1880));
#1920=CLOSED_SHELL('',(#1881,#1882,#1883,#1884,#1885,#1886,#1887,#1888,
#1889,#1890,#1891,#1892,#1893,#1894,#1895,#1896,#1897,#1898,#1899,#1900,
#1901,#1902,#1903,#1904,#1905,#1906,#1907,#1908,#1909,#1910,#1911,#1912,
#1913,#1914,#1915,#1916,#1917,#1918));
#1921=STYLED_ITEM('',(#1923),#1936);
#1922=STYLED_ITEM('',(#1924),#1937);
#1923=PRESENTATION_STYLE_ASSIGNMENT((#1925));
#1924=PRESENTATION_STYLE_ASSIGNMENT((#1926));
#1925=SURFACE_STYLE_USAGE(.BOTH.,#1927);
#1926=SURFACE_STYLE_USAGE(.BOTH.,#1928);
#1927=SURFACE_SIDE_STYLE('',(#1929));
#1928=SURFACE_SIDE_STYLE('',(#1930));
#1929=SURFACE_STYLE_FILL_AREA(#1931);
#1930=SURFACE_STYLE_FILL_AREA(#1932);
#1931=FILL_AREA_STYLE('',(#1933));
#1932=FILL_AREA_STYLE('',(#1934));
#1933=FILL_AREA_STYLE_COLOUR('',#1935);
#1934=FILL_AREA_STYLE_COLOUR('',#18);
#1935=DRAUGHTING_PRE_DEFINED_COLOUR('yellow');
#1936=MANIFOLD_SOLID_BREP('P2SSQ-104-02-T-S-RA',#1919);
#1937=MANIFOLD_SOLID_BREP('T1SSQ-104-02-T-S-RA',#1920);
#1938=SHAPE_DEFINITION_REPRESENTATION(#3089,#1941);
#1939=SHAPE_DEFINITION_REPRESENTATION(#3090,#1942);
#1940=SHAPE_DEFINITION_REPRESENTATION(#3092,#1943);
#1941=SHAPE_REPRESENTATION('SSQ-104-02-T-S-RA',(#1944,#2019,#2058),#3077);
#1942=SHAPE_REPRESENTATION('P2SSQ-104-02-T-S-RA',(#1944),#3078);
#1943=SHAPE_REPRESENTATION('T1SSQ-104-02-T-S-RA',(#1944),#3079);
#1944=AXIS2_PLACEMENT_3D('',#2537,#2059,#2060);
#1945=AXIS2_PLACEMENT_3D('',#2538,#2061,#2062);
#1946=AXIS2_PLACEMENT_3D('',#2551,#2069,#2070);
#1947=AXIS2_PLACEMENT_3D('',#2564,#2077,#2078);
#1948=AXIS2_PLACEMENT_3D('',#2577,#2085,#2086);
#1949=AXIS2_PLACEMENT_3D('',#2590,#2093,#2094);
#1950=AXIS2_PLACEMENT_3D('',#2599,#2099,#2100);
#1951=AXIS2_PLACEMENT_3D('',#2608,#2105,#2106);
#1952=AXIS2_PLACEMENT_3D('',#2617,#2111,#2112);
#1953=AXIS2_PLACEMENT_3D('',#2626,#2117,#2118);
#1954=AXIS2_PLACEMENT_3D('',#2639,#2125,#2126);
#1955=AXIS2_PLACEMENT_3D('',#2652,#2133,#2134);
#1956=AXIS2_PLACEMENT_3D('',#2665,#2141,#2142);
#1957=AXIS2_PLACEMENT_3D('',#2678,#2149,#2150);
#1958=AXIS2_PLACEMENT_3D('',#2682,#2154,#2155);
#1959=AXIS2_PLACEMENT_3D('',#2686,#2159,#2160);
#1960=AXIS2_PLACEMENT_3D('',#2690,#2164,#2165);
#1961=AXIS2_PLACEMENT_3D('',#2694,#2169,#2170);
#1962=AXIS2_PLACEMENT_3D('',#2698,#2174,#2175);
#1963=AXIS2_PLACEMENT_3D('',#2702,#2179,#2180);
#1964=AXIS2_PLACEMENT_3D('',#2706,#2184,#2185);
#1965=AXIS2_PLACEMENT_3D('',#2710,#2189,#2190);
#1966=AXIS2_PLACEMENT_3D('',#2711,#2191,#2192);
#1967=AXIS2_PLACEMENT_3D('',#2719,#2196,#2197);
#1968=AXIS2_PLACEMENT_3D('',#2720,#2198,#2199);
#1969=AXIS2_PLACEMENT_3D('',#2721,#2200,#2201);
#1970=AXIS2_PLACEMENT_3D('',#2729,#2205,#2206);
#1971=AXIS2_PLACEMENT_3D('',#2730,#2207,#2208);
#1972=AXIS2_PLACEMENT_3D('',#2731,#2209,#2210);
#1973=AXIS2_PLACEMENT_3D('',#2739,#2214,#2215);
#1974=AXIS2_PLACEMENT_3D('',#2740,#2216,#2217);
#1975=AXIS2_PLACEMENT_3D('',#2741,#2218,#2219);
#1976=AXIS2_PLACEMENT_3D('',#2749,#2223,#2224);
#1977=AXIS2_PLACEMENT_3D('',#2750,#2225,#2226);
#1978=AXIS2_PLACEMENT_3D('',#2751,#2227,#2228);
#1979=AXIS2_PLACEMENT_3D('',#2759,#2232,#2233);
#1980=AXIS2_PLACEMENT_3D('',#2760,#2234,#2235);
#1981=AXIS2_PLACEMENT_3D('',#2761,#2236,#2237);
#1982=AXIS2_PLACEMENT_3D('',#2769,#2241,#2242);
#1983=AXIS2_PLACEMENT_3D('',#2770,#2243,#2244);
#1984=AXIS2_PLACEMENT_3D('',#2771,#2245,#2246);
#1985=AXIS2_PLACEMENT_3D('',#2779,#2250,#2251);
#1986=AXIS2_PLACEMENT_3D('',#2780,#2252,#2253);
#1987=AXIS2_PLACEMENT_3D('',#2781,#2254,#2255);
#1988=AXIS2_PLACEMENT_3D('',#2789,#2259,#2260);
#1989=AXIS2_PLACEMENT_3D('',#2790,#2261,#2262);
#1990=AXIS2_PLACEMENT_3D('',#2793,#2265,#2266);
#1991=AXIS2_PLACEMENT_3D('',#2796,#2269,#2270);
#1992=AXIS2_PLACEMENT_3D('',#2799,#2273,#2274);
#1993=AXIS2_PLACEMENT_3D('',#2802,#2277,#2278);
#1994=AXIS2_PLACEMENT_3D('',#2805,#2281,#2282);
#1995=AXIS2_PLACEMENT_3D('',#2808,#2285,#2286);
#1996=AXIS2_PLACEMENT_3D('',#2811,#2289,#2290);
#1997=AXIS2_PLACEMENT_3D('',#2814,#2293,#2294);
#1998=AXIS2_PLACEMENT_3D('',#2815,#2295,#2296);
#1999=AXIS2_PLACEMENT_3D('',#2816,#2297,#2298);
#2000=AXIS2_PLACEMENT_3D('',#2817,#2299,#2300);
#2001=AXIS2_PLACEMENT_3D('',#2818,#2301,#2302);
#2002=AXIS2_PLACEMENT_3D('',#2819,#2303,#2304);
#2003=AXIS2_PLACEMENT_3D('',#2820,#2305,#2306);
#2004=AXIS2_PLACEMENT_3D('',#2821,#2307,#2308);
#2005=AXIS2_PLACEMENT_3D('',#2822,#2309,#2310);
#2006=AXIS2_PLACEMENT_3D('',#2831,#2315,#2316);
#2007=AXIS2_PLACEMENT_3D('',#2837,#2320,#2321);
#2008=AXIS2_PLACEMENT_3D('',#2843,#2325,#2326);
#2009=AXIS2_PLACEMENT_3D('',#2846,#2329,#2330);
#2010=AXIS2_PLACEMENT_3D('',#2847,#2331,#2332);
#2011=AXIS2_PLACEMENT_3D('',#2848,#2333,#2334);
#2012=AXIS2_PLACEMENT_3D('',#2849,#2335,#2336);
#2013=AXIS2_PLACEMENT_3D('',#2850,#2337,#2338);
#2014=AXIS2_PLACEMENT_3D('',#2851,#2339,#2340);
#2015=AXIS2_PLACEMENT_3D('',#2852,#2341,#2342);
#2016=AXIS2_PLACEMENT_3D('',#2853,#2343,#2344);
#2017=AXIS2_PLACEMENT_3D('',#2854,#2345,#2346);
#2018=AXIS2_PLACEMENT_3D('',#2855,#2347,#2348);
#2019=AXIS2_PLACEMENT_3D('',#2856,#2349,#2350);
#2020=AXIS2_PLACEMENT_3D('',#2857,#2351,#2352);
#2021=AXIS2_PLACEMENT_3D('',#2898,#2373,#2374);
#2022=AXIS2_PLACEMENT_3D('',#2939,#2395,#2396);
#2023=AXIS2_PLACEMENT_3D('',#2948,#2401,#2402);
#2024=AXIS2_PLACEMENT_3D('',#2954,#2406,#2407);
#2025=AXIS2_PLACEMENT_3D('',#2960,#2411,#2412);
#2026=AXIS2_PLACEMENT_3D('',#2969,#2417,#2418);
#2027=AXIS2_PLACEMENT_3D('',#2975,#2422,#2423);
#2028=AXIS2_PLACEMENT_3D('',#2981,#2427,#2428);
#2029=AXIS2_PLACEMENT_3D('',#2990,#2433,#2434);
#2030=AXIS2_PLACEMENT_3D('',#2996,#2438,#2439);
#2031=AXIS2_PLACEMENT_3D('',#3002,#2443,#2444);
#2032=AXIS2_PLACEMENT_3D('',#3011,#2449,#2450);
#2033=AXIS2_PLACEMENT_3D('',#3017,#2454,#2455);
#2034=AXIS2_PLACEMENT_3D('',#3023,#2459,#2460);
#2035=AXIS2_PLACEMENT_3D('',#3026,#2463,#2464);
#2036=AXIS2_PLACEMENT_3D('',#3029,#2467,#2468);
#2037=AXIS2_PLACEMENT_3D('',#3032,#2471,#2472);
#2038=AXIS2_PLACEMENT_3D('',#3035,#2475,#2476);
#2039=AXIS2_PLACEMENT_3D('',#3038,#2479,#2480);
#2040=AXIS2_PLACEMENT_3D('',#3041,#2483,#2484);
#2041=AXIS2_PLACEMENT_3D('',#3044,#2487,#2488);
#2042=AXIS2_PLACEMENT_3D('',#3047,#2491,#2492);
#2043=AXIS2_PLACEMENT_3D('',#3050,#2495,#2496);
#2044=AXIS2_PLACEMENT_3D('',#3052,#2498,#2499);
#2045=AXIS2_PLACEMENT_3D('',#3054,#2501,#2502);
#2046=AXIS2_PLACEMENT_3D('',#3055,#2503,#2504);
#2047=AXIS2_PLACEMENT_3D('',#3057,#2506,#2507);
#2048=AXIS2_PLACEMENT_3D('',#3059,#2509,#2510);
#2049=AXIS2_PLACEMENT_3D('',#3060,#2511,#2512);
#2050=AXIS2_PLACEMENT_3D('',#3062,#2514,#2515);
#2051=AXIS2_PLACEMENT_3D('',#3064,#2517,#2518);
#2052=AXIS2_PLACEMENT_3D('',#3065,#2519,#2520);
#2053=AXIS2_PLACEMENT_3D('',#3067,#2522,#2523);
#2054=AXIS2_PLACEMENT_3D('',#3069,#2525,#2526);
#2055=AXIS2_PLACEMENT_3D('',#3070,#2527,#2528);
#2056=AXIS2_PLACEMENT_3D('',#3073,#2531,#2532);
#2057=AXIS2_PLACEMENT_3D('',#3074,#2533,#2534);
#2058=AXIS2_PLACEMENT_3D('',#3075,#2535,#2536);
#2059=DIRECTION('',(0.,0.,1.));
#2060=DIRECTION('',(1.,0.,0.));
#2061=DIRECTION('',(0.,-1.,0.));
#2062=DIRECTION('',(0.,0.,-1.));
#2063=DIRECTION('',(-1.,0.,0.));
#2064=DIRECTION('',(-0.5,0.,0.866025403784439));
#2065=DIRECTION('',(0.,0.,1.));
#2066=DIRECTION('',(-1.,0.,0.));
#2067=DIRECTION('',(0.,0.,-1.));
#2068=DIRECTION('',(-0.5,0.,-0.866025403784439));
#2069=DIRECTION('',(0.,-1.,0.));
#2070=DIRECTION('',(0.,0.,-1.));
#2071=DIRECTION('',(-1.,0.,0.));
#2072=DIRECTION('',(-0.500000000000001,0.,0.866025403784438));
#2073=DIRECTION('',(0.,0.,1.));
#2074=DIRECTION('',(-1.,0.,0.));
#2075=DIRECTION('',(0.,0.,-1.));
#2076=DIRECTION('',(-0.5,0.,-0.866025403784439));
#2077=DIRECTION('',(0.,-1.,0.));
#2078=DIRECTION('',(0.,0.,-1.));
#2079=DIRECTION('',(-1.,0.,0.));
#2080=DIRECTION('',(-0.500000000000001,0.,0.866025403784438));
#2081=DIRECTION('',(0.,0.,1.));
#2082=DIRECTION('',(-1.,0.,0.));
#2083=DIRECTION('',(0.,0.,-1.));
#2084=DIRECTION('',(-0.5,0.,-0.866025403784439));
#2085=DIRECTION('',(0.,-1.,0.));
#2086=DIRECTION('',(0.,0.,-1.));
#2087=DIRECTION('',(-1.,0.,0.));
#2088=DIRECTION('',(-0.500000000000001,0.,0.866025403784438));
#2089=DIRECTION('',(0.,0.,1.));
#2090=DIRECTION('',(-1.,0.,0.));
#2091=DIRECTION('',(0.,0.,-1.));
#2092=DIRECTION('',(-0.500000000000001,0.,-0.866025403784438));
#2093=DIRECTION('',(0.,0.,-1.));
#2094=DIRECTION('',(-1.,0.,0.));
#2095=DIRECTION('',(-1.,0.,0.));
#2096=DIRECTION('',(0.,-1.,0.));
#2097=DIRECTION('',(-1.,0.,0.));
#2098=DIRECTION('',(0.,-1.,0.));
#2099=DIRECTION('',(0.,0.,-1.));
#2100=DIRECTION('',(-1.,0.,0.));
#2101=DIRECTION('',(-1.,0.,0.));
#2102=DIRECTION('',(0.,-1.,0.));
#2103=DIRECTION('',(-1.,0.,0.));
#2104=DIRECTION('',(0.,-1.,0.));
#2105=DIRECTION('',(0.,0.,-1.));
#2106=DIRECTION('',(-1.,0.,0.));
#2107=DIRECTION('',(-1.,0.,0.));
#2108=DIRECTION('',(0.,-1.,0.));
#2109=DIRECTION('',(-1.,0.,0.));
#2110=DIRECTION('',(0.,-1.,0.));
#2111=DIRECTION('',(0.,0.,-1.));
#2112=DIRECTION('',(-1.,0.,0.));
#2113=DIRECTION('',(-1.,0.,0.));
#2114=DIRECTION('',(0.,-1.,0.));
#2115=DIRECTION('',(-1.,0.,0.));
#2116=DIRECTION('',(0.,-1.,0.));
#2117=DIRECTION('',(0.,1.,0.));
#2118=DIRECTION('',(0.,0.,1.));
#2119=DIRECTION('',(-1.,0.,0.));
#2120=DIRECTION('',(0.5,0.,0.866025403784439));
#2121=DIRECTION('',(0.,0.,1.));
#2122=DIRECTION('',(-1.,0.,0.));
#2123=DIRECTION('',(0.,0.,-1.));
#2124=DIRECTION('',(0.5,0.,-0.866025403784439));
#2125=DIRECTION('',(0.,1.,0.));
#2126=DIRECTION('',(0.,0.,1.));
#2127=DIRECTION('',(-1.,0.,0.));
#2128=DIRECTION('',(0.5,0.,0.866025403784439));
#2129=DIRECTION('',(0.,0.,1.));
#2130=DIRECTION('',(-1.,0.,0.));
#2131=DIRECTION('',(0.,0.,-1.));
#2132=DIRECTION('',(0.500000000000001,0.,-0.866025403784438));
#2133=DIRECTION('',(0.,1.,0.));
#2134=DIRECTION('',(0.,0.,1.));
#2135=DIRECTION('',(-1.,0.,0.));
#2136=DIRECTION('',(0.5,0.,0.866025403784439));
#2137=DIRECTION('',(0.,0.,1.));
#2138=DIRECTION('',(-1.,0.,0.));
#2139=DIRECTION('',(0.,0.,-1.));
#2140=DIRECTION('',(0.500000000000001,0.,-0.866025403784438));
#2141=DIRECTION('',(0.,1.,0.));
#2142=DIRECTION('',(0.,0.,1.));
#2143=DIRECTION('',(-1.,0.,0.));
#2144=DIRECTION('',(0.500000000000001,0.,0.866025403784438));
#2145=DIRECTION('',(0.,0.,1.));
#2146=DIRECTION('',(-1.,0.,0.));
#2147=DIRECTION('',(0.,0.,-1.));
#2148=DIRECTION('',(0.500000000000001,0.,-0.866025403784438));
#2149=DIRECTION('',(0.866025403784439,0.,0.5));
#2150=DIRECTION('',(0.5,0.,-0.866025403784439));
#2151=DIRECTION('',(0.463622830290398,-0.374453581814998,-0.803018297611853));
#2152=DIRECTION('',(0.,-1.,0.));
#2153=DIRECTION('',(-0.463622830290399,-0.374453581814997,0.803018297611854));
#2154=DIRECTION('',(0.866025403784438,0.,0.500000000000001));
#2155=DIRECTION('',(0.500000000000001,0.,-0.866025403784438));
#2156=DIRECTION('',(0.463622830290399,-0.374453581814998,-0.803018297611853));
#2157=DIRECTION('',(0.,-1.,0.));
#2158=DIRECTION('',(-0.463622830290399,-0.374453581814997,0.803018297611853));
#2159=DIRECTION('',(-0.866025403784439,0.,0.5));
#2160=DIRECTION('',(0.5,0.,0.866025403784439));
#2161=DIRECTION('',(0.463622830290398,0.374453581814998,0.803018297611853));
#2162=DIRECTION('',(-0.463622830290399,0.374453581814997,-0.803018297611854));
#2163=DIRECTION('',(0.,1.,0.));
#2164=DIRECTION('',(0.866025403784438,0.,0.500000000000001));
#2165=DIRECTION('',(0.500000000000001,0.,-0.866025403784438));
#2166=DIRECTION('',(0.463622830290399,-0.374453581814998,-0.803018297611853));
#2167=DIRECTION('',(0.,-1.,0.));
#2168=DIRECTION('',(-0.463622830290399,-0.374453581814997,0.803018297611853));
#2169=DIRECTION('',(-0.866025403784439,0.,0.5));
#2170=DIRECTION('',(0.5,0.,0.866025403784439));
#2171=DIRECTION('',(0.463622830290398,0.374453581814998,0.803018297611853));
#2172=DIRECTION('',(-0.463622830290399,0.374453581814997,-0.803018297611854));
#2173=DIRECTION('',(0.,1.,0.));
#2174=DIRECTION('',(0.866025403784438,0.,0.500000000000001));
#2175=DIRECTION('',(0.500000000000001,0.,-0.866025403784438));
#2176=DIRECTION('',(0.463622830290399,-0.374453581814998,-0.803018297611853));
#2177=DIRECTION('',(0.,-1.,0.));
#2178=DIRECTION('',(-0.463622830290399,-0.374453581814997,0.803018297611853));
#2179=DIRECTION('',(-0.866025403784439,0.,0.5));
#2180=DIRECTION('',(0.5,0.,0.866025403784439));
#2181=DIRECTION('',(0.463622830290398,0.374453581814998,0.803018297611853));
#2182=DIRECTION('',(-0.463622830290399,0.374453581814997,-0.803018297611854));
#2183=DIRECTION('',(0.,1.,0.));
#2184=DIRECTION('',(-0.866025403784438,0.,0.500000000000001));
#2185=DIRECTION('',(0.500000000000001,0.,0.866025403784438));
#2186=DIRECTION('',(0.463622830290399,0.374453581814998,0.803018297611853));
#2187=DIRECTION('',(-0.463622830290399,0.374453581814997,-0.803018297611853));
#2188=DIRECTION('',(0.,1.,0.));
#2189=DIRECTION('',(-1.,0.,0.));
#2190=DIRECTION('',(0.,0.,1.));
#2191=DIRECTION('',(-1.,0.,0.));
#2192=DIRECTION('',(0.,0.,1.));
#2193=DIRECTION('',(0.,1.,0.));
#2194=DIRECTION('',(0.,0.,-1.));
#2195=DIRECTION('',(0.,-1.,0.));
#2196=DIRECTION('',(-1.,0.,0.));
#2197=DIRECTION('',(0.,0.,1.));
#2198=DIRECTION('',(-1.,0.,0.));
#2199=DIRECTION('',(0.,0.,1.));
#2200=DIRECTION('',(-1.,0.,0.));
#2201=DIRECTION('',(0.,0.,1.));
#2202=DIRECTION('',(0.,1.,0.));
#2203=DIRECTION('',(0.,0.,-1.));
#2204=DIRECTION('',(0.,-1.,0.));
#2205=DIRECTION('',(-1.,0.,0.));
#2206=DIRECTION('',(0.,0.,1.));
#2207=DIRECTION('',(1.,0.,0.));
#2208=DIRECTION('',(0.,0.,-1.));
#2209=DIRECTION('',(1.,0.,0.));
#2210=DIRECTION('',(0.,0.,-1.));
#2211=DIRECTION('',(0.,1.,0.));
#2212=DIRECTION('',(0.,0.,-1.));
#2213=DIRECTION('',(0.,-1.,0.));
#2214=DIRECTION('',(1.,0.,0.));
#2215=DIRECTION('',(0.,0.,-1.));
#2216=DIRECTION('',(-1.,0.,0.));
#2217=DIRECTION('',(0.,0.,1.));
#2218=DIRECTION('',(-1.,0.,0.));
#2219=DIRECTION('',(0.,0.,1.));
#2220=DIRECTION('',(0.,1.,0.));
#2221=DIRECTION('',(0.,0.,-1.));
#2222=DIRECTION('',(0.,-1.,0.));
#2223=DIRECTION('',(-1.,0.,0.));
#2224=DIRECTION('',(0.,0.,1.));
#2225=DIRECTION('',(1.,0.,0.));
#2226=DIRECTION('',(0.,0.,-1.));
#2227=DIRECTION('',(1.,0.,0.));
#2228=DIRECTION('',(0.,0.,-1.));
#2229=DIRECTION('',(0.,1.,0.));
#2230=DIRECTION('',(0.,0.,-1.));
#2231=DIRECTION('',(0.,-1.,0.));
#2232=DIRECTION('',(1.,0.,0.));
#2233=DIRECTION('',(0.,0.,-1.));
#2234=DIRECTION('',(-1.,0.,0.));
#2235=DIRECTION('',(0.,0.,1.));
#2236=DIRECTION('',(-1.,0.,0.));
#2237=DIRECTION('',(0.,0.,1.));
#2238=DIRECTION('',(0.,1.,0.));
#2239=DIRECTION('',(0.,0.,-1.));
#2240=DIRECTION('',(0.,-1.,0.));
#2241=DIRECTION('',(-1.,0.,0.));
#2242=DIRECTION('',(0.,0.,1.));
#2243=DIRECTION('',(1.,0.,0.));
#2244=DIRECTION('',(0.,0.,-1.));
#2245=DIRECTION('',(1.,0.,0.));
#2246=DIRECTION('',(0.,0.,-1.));
#2247=DIRECTION('',(0.,1.,0.));
#2248=DIRECTION('',(0.,0.,-1.));
#2249=DIRECTION('',(0.,-1.,0.));
#2250=DIRECTION('',(1.,0.,0.));
#2251=DIRECTION('',(0.,0.,-1.));
#2252=DIRECTION('',(1.,0.,0.));
#2253=DIRECTION('',(0.,0.,-1.));
#2254=DIRECTION('',(1.,0.,0.));
#2255=DIRECTION('',(0.,0.,-1.));
#2256=DIRECTION('',(0.,1.,0.));
#2257=DIRECTION('',(0.,0.,-1.));
#2258=DIRECTION('',(0.,-1.,0.));
#2259=DIRECTION('',(1.,0.,0.));
#2260=DIRECTION('',(0.,0.,-1.));
#2261=DIRECTION('',(0.,0.,1.));
#2262=DIRECTION('',(1.,0.,0.));
#2263=DIRECTION('',(-1.,0.,0.));
#2264=DIRECTION('',(1.,0.,0.));
#2265=DIRECTION('',(0.,0.,1.));
#2266=DIRECTION('',(1.,0.,0.));
#2267=DIRECTION('',(-1.,0.,0.));
#2268=DIRECTION('',(1.,0.,0.));
#2269=DIRECTION('',(0.,0.,1.));
#2270=DIRECTION('',(1.,0.,0.));
#2271=DIRECTION('',(-1.,0.,0.));
#2272=DIRECTION('',(1.,0.,0.));
#2273=DIRECTION('',(0.,0.,1.));
#2274=DIRECTION('',(1.,0.,0.));
#2275=DIRECTION('',(-1.,0.,0.));
#2276=DIRECTION('',(1.,0.,0.));
#2277=DIRECTION('',(0.,0.,-1.));
#2278=DIRECTION('',(-1.,0.,0.));
#2279=DIRECTION('',(-1.,0.,0.));
#2280=DIRECTION('',(-1.,0.,0.));
#2281=DIRECTION('',(0.,0.,-1.));
#2282=DIRECTION('',(-1.,0.,0.));
#2283=DIRECTION('',(-1.,0.,0.));
#2284=DIRECTION('',(-1.,0.,0.));
#2285=DIRECTION('',(0.,0.,-1.));
#2286=DIRECTION('',(-1.,0.,0.));
#2287=DIRECTION('',(-1.,0.,0.));
#2288=DIRECTION('',(-1.,0.,0.));
#2289=DIRECTION('',(0.,0.,-1.));
#2290=DIRECTION('',(-1.,0.,0.));
#2291=DIRECTION('',(-1.,0.,0.));
#2292=DIRECTION('',(-1.,0.,0.));
#2293=DIRECTION('',(-1.,0.,0.));
#2294=DIRECTION('',(0.,0.,1.));
#2295=DIRECTION('',(-1.,0.,0.));
#2296=DIRECTION('',(0.,0.,1.));
#2297=DIRECTION('',(-1.,0.,0.));
#2298=DIRECTION('',(0.,0.,1.));
#2299=DIRECTION('',(-1.,0.,0.));
#2300=DIRECTION('',(0.,0.,1.));
#2301=DIRECTION('',(-1.,0.,0.));
#2302=DIRECTION('',(0.,0.,1.));
#2303=DIRECTION('',(-1.,0.,0.));
#2304=DIRECTION('',(0.,0.,1.));
#2305=DIRECTION('',(-1.,0.,0.));
#2306=DIRECTION('',(0.,0.,1.));
#2307=DIRECTION('',(-1.,0.,0.));
#2308=DIRECTION('',(0.,0.,1.));
#2309=DIRECTION('',(0.,0.,1.));
#2310=DIRECTION('',(1.,0.,0.));
#2311=DIRECTION('',(-1.,0.,0.));
#2312=DIRECTION('',(0.,-1.,0.));
#2313=DIRECTION('',(-1.,0.,0.));
#2314=DIRECTION('',(0.,-1.,0.));
#2315=DIRECTION('',(1.,0.,0.));
#2316=DIRECTION('',(0.,0.,-1.));
#2317=DIRECTION('',(0.,0.,1.));
#2318=DIRECTION('',(0.,-1.,0.));
#2319=DIRECTION('',(0.,0.,1.));
#2320=DIRECTION('',(0.,0.,-1.));
#2321=DIRECTION('',(-1.,0.,0.));
#2322=DIRECTION('',(1.,0.,0.));
#2323=DIRECTION('',(0.,-1.,0.));
#2324=DIRECTION('',(1.,0.,0.));
#2325=DIRECTION('',(-1.,0.,0.));
#2326=DIRECTION('',(0.,0.,1.));
#2327=DIRECTION('',(0.,0.,-1.));
#2328=DIRECTION('',(0.,0.,-1.));
#2329=DIRECTION('',(0.,1.,0.));
#2330=DIRECTION('',(0.,0.,1.));
#2331=DIRECTION('',(0.,1.,0.));
#2332=DIRECTION('',(0.,0.,1.));
#2333=DIRECTION('',(0.,0.90630778703665,0.422618261740699));
#2334=DIRECTION('',(0.,-0.422618261740699,0.90630778703665));
#2335=DIRECTION('',(0.,-0.906307787036649,0.422618261740701));
#2336=DIRECTION('',(0.,-0.422618261740701,-0.906307787036649));
#2337=DIRECTION('',(0.,0.90630778703665,0.422618261740699));
#2338=DIRECTION('',(0.,-0.422618261740699,0.90630778703665));
#2339=DIRECTION('',(0.,-0.906307787036649,0.422618261740701));
#2340=DIRECTION('',(0.,-0.422618261740701,-0.906307787036649));
#2341=DIRECTION('',(0.,0.90630778703665,0.422618261740699));
#2342=DIRECTION('',(0.,-0.422618261740699,0.90630778703665));
#2343=DIRECTION('',(0.,-0.906307787036649,0.422618261740701));
#2344=DIRECTION('',(0.,-0.422618261740701,-0.906307787036649));
#2345=DIRECTION('',(0.,0.90630778703665,0.422618261740699));
#2346=DIRECTION('',(0.,-0.422618261740699,0.90630778703665));
#2347=DIRECTION('',(0.,-0.906307787036649,0.422618261740701));
#2348=DIRECTION('',(0.,-0.422618261740701,-0.906307787036649));
#2349=DIRECTION('',(0.,0.,1.));
#2350=DIRECTION('',(1.,0.,0.));
#2351=DIRECTION('',(0.,0.,1.));
#2352=DIRECTION('',(1.,0.,0.));
#2353=DIRECTION('',(0.,-1.,0.));
#2354=DIRECTION('',(1.,5.33564061262551E-17,0.));
#2355=DIRECTION('',(0.,1.,0.));
#2356=DIRECTION('',(-1.,0.,0.));
#2357=DIRECTION('',(0.,-1.,0.));
#2358=DIRECTION('',(1.,0.,0.));
#2359=DIRECTION('',(0.,1.,0.));
#2360=DIRECTION('',(-1.,0.,0.));
#2361=DIRECTION('',(0.,-1.,0.));
#2362=DIRECTION('',(1.,0.,0.));
#2363=DIRECTION('',(0.,1.,0.));
#2364=DIRECTION('',(-1.,0.,0.));
#2365=DIRECTION('',(0.,-1.,0.));
#2366=DIRECTION('',(1.,0.,0.));
#2367=DIRECTION('',(0.,1.,0.));
#2368=DIRECTION('',(-1.,0.,0.));
#2369=DIRECTION('',(0.,-1.,0.));
#2370=DIRECTION('',(-1.,0.,0.));
#2371=DIRECTION('',(0.,-1.,0.));
#2372=DIRECTION('',(-1.,0.,0.));
#2373=DIRECTION('',(0.,0.,-1.));
#2374=DIRECTION('',(-1.,0.,0.));
#2375=DIRECTION('',(0.,1.,0.));
#2376=DIRECTION('',(1.,0.,0.));
#2377=DIRECTION('',(0.,-1.,0.));
#2378=DIRECTION('',(1.,0.,0.));
#2379=DIRECTION('',(0.,-1.,0.));
#2380=DIRECTION('',(1.,0.,0.));
#2381=DIRECTION('',(0.,-1.,0.));
#2382=DIRECTION('',(-1.,0.,0.));
#2383=DIRECTION('',(0.,1.,0.));
#2384=DIRECTION('',(1.,0.,0.));
#2385=DIRECTION('',(0.,-1.,0.));
#2386=DIRECTION('',(-1.,0.,0.));
#2387=DIRECTION('',(0.,1.,0.));
#2388=DIRECTION('',(1.,0.,0.));
#2389=DIRECTION('',(0.,-1.,0.));
#2390=DIRECTION('',(-1.,0.,0.));
#2391=DIRECTION('',(0.,1.,0.));
#2392=DIRECTION('',(1.,0.,0.));
#2393=DIRECTION('',(0.,-1.,0.));
#2394=DIRECTION('',(-1.,-5.33564061262551E-17,0.));
#2395=DIRECTION('',(0.,0.,1.));
#2396=DIRECTION('',(1.,0.,0.));
#2397=DIRECTION('',(0.,-1.,0.));
#2398=DIRECTION('',(1.,5.33564061262551E-17,0.));
#2399=DIRECTION('',(0.,-1.,0.));
#2400=DIRECTION('',(-1.,0.,0.));
#2401=DIRECTION('',(-1.,0.,0.));
#2402=DIRECTION('',(0.,0.,1.));
#2403=DIRECTION('',(0.,0.,1.));
#2404=DIRECTION('',(0.,-1.,0.));
#2405=DIRECTION('',(0.,0.,-1.));
#2406=DIRECTION('',(0.,0.,-1.));
#2407=DIRECTION('',(-1.,0.,0.));
#2408=DIRECTION('',(-1.,-5.33564061262551E-17,0.));
#2409=DIRECTION('',(0.,-1.,0.));
#2410=DIRECTION('',(1.,0.,0.));
#2411=DIRECTION('',(0.,0.,1.));
#2412=DIRECTION('',(1.,0.,0.));
#2413=DIRECTION('',(0.,-1.,0.));
#2414=DIRECTION('',(1.,0.,0.));
#2415=DIRECTION('',(0.,-1.,0.));
#2416=DIRECTION('',(-1.,0.,0.));
#2417=DIRECTION('',(-1.,0.,0.));
#2418=DIRECTION('',(0.,0.,1.));
#2419=DIRECTION('',(0.,0.,1.));
#2420=DIRECTION('',(0.,-1.,0.));
#2421=DIRECTION('',(0.,0.,-1.));
#2422=DIRECTION('',(0.,0.,-1.));
#2423=DIRECTION('',(-1.,0.,0.));
#2424=DIRECTION('',(-1.,0.,0.));
#2425=DIRECTION('',(0.,-1.,0.));
#2426=DIRECTION('',(1.,0.,0.));
#2427=DIRECTION('',(0.,0.,1.));
#2428=DIRECTION('',(1.,0.,0.));
#2429=DIRECTION('',(0.,-1.,0.));
#2430=DIRECTION('',(1.,0.,0.));
#2431=DIRECTION('',(0.,-1.,0.));
#2432=DIRECTION('',(-1.,0.,0.));
#2433=DIRECTION('',(-1.,0.,0.));
#2434=DIRECTION('',(0.,0.,1.));
#2435=DIRECTION('',(0.,0.,1.));
#2436=DIRECTION('',(0.,-1.,0.));
#2437=DIRECTION('',(0.,0.,-1.));
#2438=DIRECTION('',(0.,0.,-1.));
#2439=DIRECTION('',(-1.,0.,0.));
#2440=DIRECTION('',(-1.,0.,0.));
#2441=DIRECTION('',(0.,-1.,0.));
#2442=DIRECTION('',(1.,0.,0.));
#2443=DIRECTION('',(0.,0.,1.));
#2444=DIRECTION('',(1.,0.,0.));
#2445=DIRECTION('',(0.,-1.,0.));
#2446=DIRECTION('',(1.,0.,0.));
#2447=DIRECTION('',(0.,-1.,0.));
#2448=DIRECTION('',(-1.,0.,0.));
#2449=DIRECTION('',(-1.,0.,0.));
#2450=DIRECTION('',(0.,0.,1.));
#2451=DIRECTION('',(0.,0.,1.));
#2452=DIRECTION('',(0.,-1.,0.));
#2453=DIRECTION('',(0.,0.,-1.));
#2454=DIRECTION('',(0.,0.,-1.));
#2455=DIRECTION('',(-1.,0.,0.));
#2456=DIRECTION('',(-1.,0.,0.));
#2457=DIRECTION('',(0.,-1.,0.));
#2458=DIRECTION('',(1.,0.,0.));
#2459=DIRECTION('',(1.,0.,0.));
#2460=DIRECTION('',(0.,0.,-1.));
#2461=DIRECTION('',(0.,0.,-1.));
#2462=DIRECTION('',(0.,0.,1.));
#2463=DIRECTION('',(1.,0.,0.));
#2464=DIRECTION('',(0.,0.,-1.));
#2465=DIRECTION('',(0.,0.,-1.));
#2466=DIRECTION('',(0.,0.,1.));
#2467=DIRECTION('',(1.,0.,0.));
#2468=DIRECTION('',(0.,0.,-1.));
#2469=DIRECTION('',(0.,0.,-1.));
#2470=DIRECTION('',(0.,0.,1.));
#2471=DIRECTION('',(1.,0.,0.));
#2472=DIRECTION('',(0.,0.,-1.));
#2473=DIRECTION('',(0.,0.,-1.));
#2474=DIRECTION('',(0.,0.,1.));
#2475=DIRECTION('',(0.,1.,0.));
#2476=DIRECTION('',(0.,0.,1.));
#2477=DIRECTION('',(0.,0.,-1.));
#2478=DIRECTION('',(0.,0.,1.));
#2479=DIRECTION('',(0.,1.,0.));
#2480=DIRECTION('',(0.,0.,1.));
#2481=DIRECTION('',(0.,0.,1.));
#2482=DIRECTION('',(0.,0.,-1.));
#2483=DIRECTION('',(0.,1.,0.));
#2484=DIRECTION('',(0.,0.,1.));
#2485=DIRECTION('',(0.,0.,-1.));
#2486=DIRECTION('',(0.,0.,1.));
#2487=DIRECTION('',(0.,1.,0.));
#2488=DIRECTION('',(0.,0.,1.));
#2489=DIRECTION('',(0.,0.,-1.));
#2490=DIRECTION('',(0.,0.,1.));
#2491=DIRECTION('',(0.,1.,0.));
#2492=DIRECTION('',(0.,0.,1.));
#2493=DIRECTION('',(0.,0.,-1.));
#2494=DIRECTION('',(0.,0.,1.));
#2495=DIRECTION('',(1.,0.,0.));
#2496=DIRECTION('',(0.,0.,-1.));
#2497=DIRECTION('',(0.,0.,1.));
#2498=DIRECTION('',(-1.,0.,0.));
#2499=DIRECTION('',(0.,0.,1.));
#2500=DIRECTION('',(0.,0.,-1.));
#2501=DIRECTION('',(0.,1.,0.));
#2502=DIRECTION('',(0.,0.,1.));
#2503=DIRECTION('',(-1.,0.,0.));
#2504=DIRECTION('',(0.,0.,1.));
#2505=DIRECTION('',(0.,0.,-1.));
#2506=DIRECTION('',(1.,0.,0.));
#2507=DIRECTION('',(0.,0.,-1.));
#2508=DIRECTION('',(0.,0.,-1.));
#2509=DIRECTION('',(0.,-1.,0.));
#2510=DIRECTION('',(0.,0.,-1.));
#2511=DIRECTION('',(-1.,0.,0.));
#2512=DIRECTION('',(0.,0.,1.));
#2513=DIRECTION('',(0.,0.,-1.));
#2514=DIRECTION('',(1.,0.,0.));
#2515=DIRECTION('',(0.,0.,-1.));
#2516=DIRECTION('',(0.,0.,-1.));
#2517=DIRECTION('',(0.,-1.,0.));
#2518=DIRECTION('',(0.,0.,-1.));
#2519=DIRECTION('',(-1.,0.,0.));
#2520=DIRECTION('',(0.,0.,1.));
#2521=DIRECTION('',(0.,0.,-1.));
#2522=DIRECTION('',(1.,0.,0.));
#2523=DIRECTION('',(0.,0.,-1.));
#2524=DIRECTION('',(0.,0.,-1.));
#2525=DIRECTION('',(0.,-1.,0.));
#2526=DIRECTION('',(0.,0.,-1.));
#2527=DIRECTION('',(5.33564061262551E-17,-1.,0.));
#2528=DIRECTION('',(1.,5.33564061262551E-17,0.));
#2529=DIRECTION('',(0.,0.,-1.));
#2530=DIRECTION('',(0.,0.,-1.));
#2531=DIRECTION('',(-1.,0.,0.));
#2532=DIRECTION('',(0.,0.,1.));
#2533=DIRECTION('',(1.,0.,0.));
#2534=DIRECTION('',(0.,0.,-1.));
#2535=DIRECTION('',(0.,0.,1.));
#2536=DIRECTION('',(1.,0.,0.));
#2537=CARTESIAN_POINT('',(0.,0.,0.));
#2538=CARTESIAN_POINT('',(0.1675,0.025,0.0425));
#2539=CARTESIAN_POINT('',(1.,0.025,0.136241338667325));
#2540=CARTESIAN_POINT('',(0.162000191151135,0.0249999999999999,0.136241338667325));
#2541=CARTESIAN_POINT('',(0.137999808848865,0.025,0.136241338667325));
#2542=CARTESIAN_POINT('',(0.203966333698683,0.025,0.0635538475772934));
#2543=CARTESIAN_POINT('',(0.1625,0.025,0.135375644347018));
#2544=CARTESIAN_POINT('',(0.1625,0.025,0.0425));
#2545=CARTESIAN_POINT('',(0.1625,0.025,0.0425));
#2546=CARTESIAN_POINT('',(0.1675,0.025,0.0425));
#2547=CARTESIAN_POINT('',(0.1375,0.025,0.0425));
#2548=CARTESIAN_POINT('',(0.1375,0.025,0.0425));
#2549=CARTESIAN_POINT('',(0.1375,0.025,0.135375644347018));
#2550=CARTESIAN_POINT('',(0.104783666301317,0.025,0.078709292143521));
#2551=CARTESIAN_POINT('',(0.1675,0.025,0.0425));
#2552=CARTESIAN_POINT('',(1.,0.025,0.136241338667325));
#2553=CARTESIAN_POINT('',(0.0620001911511351,0.025,0.136241338667325));
#2554=CARTESIAN_POINT('',(0.0379998088488655,0.0249999999999998,0.136241338667325));
#2555=CARTESIAN_POINT('',(0.128966333698683,0.025,0.0202525773880715));
#2556=CARTESIAN_POINT('',(0.0625,0.025,0.135375644347018));
#2557=CARTESIAN_POINT('',(0.0625,0.025,0.0425));
#2558=CARTESIAN_POINT('',(0.0625,0.025,0.0425));
#2559=CARTESIAN_POINT('',(0.1675,0.025,0.0425));
#2560=CARTESIAN_POINT('',(0.0375,0.025,0.0425));
#2561=CARTESIAN_POINT('',(0.0375,0.025,0.0425));
#2562=CARTESIAN_POINT('',(0.0375,0.025,0.135375644347018));
#2563=CARTESIAN_POINT('',(0.029783666301317,0.025,0.122010562332743));
#2564=CARTESIAN_POINT('',(0.1675,0.025,0.0425));
#2565=CARTESIAN_POINT('',(1.,0.025,0.136241338667325));
#2566=CARTESIAN_POINT('',(-0.0379998088488652,0.025,0.136241338667325));
#2567=CARTESIAN_POINT('',(-0.0620001911511346,0.0249999999999999,0.136241338667325));
#2568=CARTESIAN_POINT('',(0.0539663336986833,0.025,-0.0230486928011505));
#2569=CARTESIAN_POINT('',(-0.0375,0.025,0.135375644347018));
#2570=CARTESIAN_POINT('',(-0.0375,0.025,0.0425));
#2571=CARTESIAN_POINT('',(-0.0375,0.025,0.0425));
#2572=CARTESIAN_POINT('',(0.1675,0.025,0.0425));
#2573=CARTESIAN_POINT('',(-0.0625,0.025,0.0425));
#2574=CARTESIAN_POINT('',(-0.0625,0.025,0.0425));
#2575=CARTESIAN_POINT('',(-0.0625,0.025,0.135375644347018));
#2576=CARTESIAN_POINT('',(-0.045216333698683,0.025,0.165311832521965));
#2577=CARTESIAN_POINT('',(0.1675,0.025,0.0425));
#2578=CARTESIAN_POINT('',(1.,0.025,0.136241338667325));
#2579=CARTESIAN_POINT('',(-0.137999808848865,0.025,0.136241338667325));
#2580=CARTESIAN_POINT('',(-0.162000191151135,0.025,0.136241338667325));
#2581=CARTESIAN_POINT('',(-0.0210336663013167,0.025,-0.0663499629903724));
#2582=CARTESIAN_POINT('',(-0.1375,0.025,0.135375644347018));
#2583=CARTESIAN_POINT('',(-0.1375,0.025,0.0425));
#2584=CARTESIAN_POINT('',(-0.1375,0.025,0.0425));
#2585=CARTESIAN_POINT('',(0.1675,0.025,0.0425));
#2586=CARTESIAN_POINT('',(-0.1625,0.025,0.0425));
#2587=CARTESIAN_POINT('',(-0.1625,0.025,0.0425));
#2588=CARTESIAN_POINT('',(-0.1625,0.025,0.135375644347018));
#2589=CARTESIAN_POINT('',(-0.120216333698683,0.025,0.208613102711187));
#2590=CARTESIAN_POINT('',(0.1675,0.025,0.1475));
#2591=CARTESIAN_POINT('',(1.,0.00525,0.1475));
#2592=CARTESIAN_POINT('',(0.1555,0.00525,0.1475));
#2593=CARTESIAN_POINT('',(0.1445,0.00525000000000003,0.1475));
#2594=CARTESIAN_POINT('',(0.1555,1.,0.1475));
#2595=CARTESIAN_POINT('',(0.1555,0.0197499999999999,0.1475));
#2596=CARTESIAN_POINT('',(1.,0.01975,0.1475));
#2597=CARTESIAN_POINT('',(0.1445,0.0197499999999999,0.1475));
#2598=CARTESIAN_POINT('',(0.1445,1.,0.1475));
#2599=CARTESIAN_POINT('',(0.1675,0.025,0.1475));
#2600=CARTESIAN_POINT('',(1.,0.00525,0.1475));
#2601=CARTESIAN_POINT('',(0.0555,0.00525,0.1475));
#2602=CARTESIAN_POINT('',(0.0445,0.00525000000000003,0.1475));
#2603=CARTESIAN_POINT('',(0.0555,1.,0.1475));
#2604=CARTESIAN_POINT('',(0.0555000000000001,0.01975,0.1475));
#2605=CARTESIAN_POINT('',(1.,0.01975,0.1475));
#2606=CARTESIAN_POINT('',(0.0445000000000001,0.0197499999999999,0.1475));
#2607=CARTESIAN_POINT('',(0.0445,1.,0.1475));
#2608=CARTESIAN_POINT('',(0.1675,0.025,0.1475));
#2609=CARTESIAN_POINT('',(1.,0.00525,0.1475));
#2610=CARTESIAN_POINT('',(-0.0444999999999999,0.00525,0.1475));
#2611=CARTESIAN_POINT('',(-0.0555,0.00525000000000003,0.1475));
#2612=CARTESIAN_POINT('',(-0.0445,1.,0.1475));
#2613=CARTESIAN_POINT('',(-0.0445,0.01975,0.1475));
#2614=CARTESIAN_POINT('',(1.,0.01975,0.1475));
#2615=CARTESIAN_POINT('',(-0.0554999999999998,0.0197499999999999,0.1475));
#2616=CARTESIAN_POINT('',(-0.0555,1.,0.1475));
#2617=CARTESIAN_POINT('',(0.1675,0.025,0.1475));
#2618=CARTESIAN_POINT('',(1.,0.00525,0.1475));
#2619=CARTESIAN_POINT('',(-0.1445,0.00525,0.1475));
#2620=CARTESIAN_POINT('',(-0.1555,0.00525000000000003,0.1475));
#2621=CARTESIAN_POINT('',(-0.1445,1.,0.1475));
#2622=CARTESIAN_POINT('',(-0.1445,0.01975,0.1475));
#2623=CARTESIAN_POINT('',(1.,0.01975,0.1475));
#2624=CARTESIAN_POINT('',(-0.1555,0.0197499999999999,0.1475));
#2625=CARTESIAN_POINT('',(-0.1555,1.,0.1475));
#2626=CARTESIAN_POINT('',(0.1675,0.,0.1475));
#2627=CARTESIAN_POINT('',(1.,0.,0.136241338667325));
#2628=CARTESIAN_POINT('',(0.162000191151135,0.,0.136241338667325));
#2629=CARTESIAN_POINT('',(0.137999808848865,-1.70740499604016E-17,0.136241338667325));
#2630=CARTESIAN_POINT('',(0.15025,0.,0.157459292143521));
#2631=CARTESIAN_POINT('',(0.1375,0.,0.135375644347018));
#2632=CARTESIAN_POINT('',(0.1375,0.,0.1475));
#2633=CARTESIAN_POINT('',(0.1375,0.,0.0425));
#2634=CARTESIAN_POINT('',(0.1675,0.,0.0425));
#2635=CARTESIAN_POINT('',(0.1625,0.,0.0425));
#2636=CARTESIAN_POINT('',(0.1625,0.,0.1475));
#2637=CARTESIAN_POINT('',(0.1625,0.,0.135375644347018));
#2638=CARTESIAN_POINT('',(0.1585,0.,0.142303847577293));
#2639=CARTESIAN_POINT('',(0.1675,0.,0.1475));
#2640=CARTESIAN_POINT('',(1.,0.,0.136241338667325));
#2641=CARTESIAN_POINT('',(0.0620001911511348,1.70740499604016E-17,0.136241338667325));
#2642=CARTESIAN_POINT('',(0.0379998088488653,3.41480999208033E-17,0.136241338667325));
#2643=CARTESIAN_POINT('',(0.07525,0.,0.200760562332743));
#2644=CARTESIAN_POINT('',(0.0375,0.,0.135375644347018));
#2645=CARTESIAN_POINT('',(0.0375,0.,0.1475));
#2646=CARTESIAN_POINT('',(0.0375,0.,0.0425));
#2647=CARTESIAN_POINT('',(0.1675,0.,0.0425));
#2648=CARTESIAN_POINT('',(0.0625,0.,0.0425));
#2649=CARTESIAN_POINT('',(0.0625,0.,0.1475));
#2650=CARTESIAN_POINT('',(0.0625,0.,0.135375644347018));
#2651=CARTESIAN_POINT('',(0.0835000000000001,0.,0.0990025773880714));
#2652=CARTESIAN_POINT('',(0.1675,0.,0.1475));
#2653=CARTESIAN_POINT('',(1.,0.,0.136241338667325));
#2654=CARTESIAN_POINT('',(-0.0379998088488651,5.12221498812049E-17,0.136241338667325));
#2655=CARTESIAN_POINT('',(-0.0620001911511347,-1.70740499604016E-17,0.136241338667325));
#2656=CARTESIAN_POINT('',(0.000250000000000018,0.,0.244061832521965));
#2657=CARTESIAN_POINT('',(-0.0625,0.,0.135375644347018));
#2658=CARTESIAN_POINT('',(-0.0625,0.,0.1475));
#2659=CARTESIAN_POINT('',(-0.0625,0.,0.0425));
#2660=CARTESIAN_POINT('',(0.1675,0.,0.0425));
#2661=CARTESIAN_POINT('',(-0.0375,0.,0.0425));
#2662=CARTESIAN_POINT('',(-0.0375,0.,0.1475));
#2663=CARTESIAN_POINT('',(-0.0375,0.,0.135375644347018));
#2664=CARTESIAN_POINT('',(0.00850000000000016,0.,0.0557013071988495));
#2665=CARTESIAN_POINT('',(0.1675,0.,0.1475));
#2666=CARTESIAN_POINT('',(1.,0.,0.136241338667325));
#2667=CARTESIAN_POINT('',(-0.137999808848865,3.41480999208033E-17,0.136241338667325));
#2668=CARTESIAN_POINT('',(-0.162000191151135,-4.26851249010041E-17,0.136241338667325));
#2669=CARTESIAN_POINT('',(-0.0747499999999998,0.,0.287363102711187));
#2670=CARTESIAN_POINT('',(-0.1625,0.,0.135375644347018));
#2671=CARTESIAN_POINT('',(-0.1625,0.,0.1475));
#2672=CARTESIAN_POINT('',(-0.1625,0.,0.0425));
#2673=CARTESIAN_POINT('',(0.1675,0.,0.0425));
#2674=CARTESIAN_POINT('',(-0.1375,0.,0.0425));
#2675=CARTESIAN_POINT('',(-0.1375,0.,0.1475));
#2676=CARTESIAN_POINT('',(-0.1375,0.,0.135375644347018));
#2677=CARTESIAN_POINT('',(-0.0664999999999998,0.,0.0124000370096275));
#2678=CARTESIAN_POINT('',(0.1655,1.,0.130179491924311));
#2679=CARTESIAN_POINT('',(-0.0085959568083669,0.13778514446164,0.43172253450872));
#2680=CARTESIAN_POINT('',(0.1625,0.103,0.135375644347018));
#2681=CARTESIAN_POINT('',(0.33427437128319,0.16414043828317,-0.162146294153667));
#2682=CARTESIAN_POINT('',(0.0655,1.,0.130179491924311));
#2683=CARTESIAN_POINT('',(-0.108595956808367,0.13778514446164,0.431722534508719));
#2684=CARTESIAN_POINT('',(0.0625,0.103,0.135375644347018));
#2685=CARTESIAN_POINT('',(0.23427437128319,0.16414043828317,-0.162146294153667));
#2686=CARTESIAN_POINT('',(0.1445,1.,0.1475));
#2687=CARTESIAN_POINT('',(0.317193801959026,0.144729353638178,0.446614439145271));
#2688=CARTESIAN_POINT('',(-0.0256765261325307,0.157196229106633,-0.147254389517116));
#2689=CARTESIAN_POINT('',(0.1375,-0.35,0.135375644347018));
#2690=CARTESIAN_POINT('',(-0.0345,1.,0.130179491924311));
#2691=CARTESIAN_POINT('',(-0.208595956808367,0.13778514446164,0.431722534508719));
#2692=CARTESIAN_POINT('',(-0.0375,0.103,0.135375644347018));
#2693=CARTESIAN_POINT('',(0.13427437128319,0.16414043828317,-0.162146294153667));
#2694=CARTESIAN_POINT('',(0.0445,1.,0.1475));
#2695=CARTESIAN_POINT('',(0.217193801959026,0.144729353638178,0.446614439145271));
#2696=CARTESIAN_POINT('',(-0.125676526132531,0.157196229106633,-0.147254389517116));
#2697=CARTESIAN_POINT('',(0.0375,-0.35,0.135375644347018));
#2698=CARTESIAN_POINT('',(-0.1345,1.,0.130179491924311));
#2699=CARTESIAN_POINT('',(-0.308595956808367,0.13778514446164,0.431722534508719));
#2700=CARTESIAN_POINT('',(-0.1375,0.103,0.135375644347018));
#2701=CARTESIAN_POINT('',(0.0342743712831901,0.16414043828317,-0.162146294153667));
#2702=CARTESIAN_POINT('',(-0.0555,1.,0.1475));
#2703=CARTESIAN_POINT('',(0.117193801959026,0.144729353638178,0.446614439145271));
#2704=CARTESIAN_POINT('',(-0.225676526132531,0.157196229106633,-0.147254389517116));
#2705=CARTESIAN_POINT('',(-0.0625,-0.35,0.135375644347018));
#2706=CARTESIAN_POINT('',(-0.1555,1.,0.1475));
#2707=CARTESIAN_POINT('',(0.0171938019590264,0.144729353638177,0.446614439145271));
#2708=CARTESIAN_POINT('',(-0.325676526132531,0.157196229106632,-0.147254389517116));
#2709=CARTESIAN_POINT('',(-0.1625,-0.35,0.135375644347018));
#2710=CARTESIAN_POINT('',(-0.1625,-0.35,1.));
#2711=CARTESIAN_POINT('',(-0.1625,0.055,0.0425));
#2712=CARTESIAN_POINT('',(-0.1625,0.055,0.0125));
#2713=CARTESIAN_POINT('',(-0.1625,0.108,0.0125));
#2714=CARTESIAN_POINT('',(-0.1625,0.103,0.0124999999999999));
#2715=CARTESIAN_POINT('',(-0.1625,0.103,1.));
#2716=CARTESIAN_POINT('',(-0.1625,0.103,-0.0124999999999999));
#2717=CARTESIAN_POINT('',(-0.1625,0.055,-0.0125));
#2718=CARTESIAN_POINT('',(-0.1625,0.055,-0.0125));
#2719=CARTESIAN_POINT('',(-0.1625,0.055,0.0425));
#2720=CARTESIAN_POINT('',(-0.0625,-0.35,1.));
#2721=CARTESIAN_POINT('',(-0.0625,0.055,0.0425));
#2722=CARTESIAN_POINT('',(-0.0625,0.055,0.0125));
#2723=CARTESIAN_POINT('',(-0.0625,0.108,0.0125));
#2724=CARTESIAN_POINT('',(-0.0625,0.103,0.0124999999999999));
#2725=CARTESIAN_POINT('',(-0.0625,0.103,1.));
#2726=CARTESIAN_POINT('',(-0.0625,0.103,-0.0124999999999999));
#2727=CARTESIAN_POINT('',(-0.0625,0.055,-0.0125));
#2728=CARTESIAN_POINT('',(-0.0625,0.055,-0.0125));
#2729=CARTESIAN_POINT('',(-0.0625,0.055,0.0425));
#2730=CARTESIAN_POINT('',(-0.1375,0.103,1.));
#2731=CARTESIAN_POINT('',(-0.1375,0.055,0.0425));
#2732=CARTESIAN_POINT('',(-0.1375,0.055,-0.0125));
#2733=CARTESIAN_POINT('',(-0.1375,0.055,-0.0125));
#2734=CARTESIAN_POINT('',(-0.1375,0.103,-0.0124999999999999));
#2735=CARTESIAN_POINT('',(-0.1375,0.103,1.));
#2736=CARTESIAN_POINT('',(-0.1375,0.103,0.0124999999999999));
#2737=CARTESIAN_POINT('',(-0.1375,0.108,0.0125));
#2738=CARTESIAN_POINT('',(-0.1375,0.055,0.0125));
#2739=CARTESIAN_POINT('',(-0.1375,0.055,0.0425));
#2740=CARTESIAN_POINT('',(0.0375,-0.35,1.));
#2741=CARTESIAN_POINT('',(0.0375,0.055,0.0425));
#2742=CARTESIAN_POINT('',(0.0375,0.055,0.0125));
#2743=CARTESIAN_POINT('',(0.0375,0.108,0.0125));
#2744=CARTESIAN_POINT('',(0.0375,0.103,0.0124999999999999));
#2745=CARTESIAN_POINT('',(0.0375,0.103,1.));
#2746=CARTESIAN_POINT('',(0.0375,0.103,-0.0124999999999999));
#2747=CARTESIAN_POINT('',(0.0375,0.055,-0.0125));
#2748=CARTESIAN_POINT('',(0.0375,0.055,-0.0125));
#2749=CARTESIAN_POINT('',(0.0375,0.055,0.0425));
#2750=CARTESIAN_POINT('',(-0.0375,0.103,1.));
#2751=CARTESIAN_POINT('',(-0.0375,0.055,0.0425));
#2752=CARTESIAN_POINT('',(-0.0375,0.055,-0.0125));
#2753=CARTESIAN_POINT('',(-0.0375,0.055,-0.0125));
#2754=CARTESIAN_POINT('',(-0.0375,0.103,-0.0124999999999999));
#2755=CARTESIAN_POINT('',(-0.0375,0.103,1.));
#2756=CARTESIAN_POINT('',(-0.0375,0.103,0.0124999999999999));
#2757=CARTESIAN_POINT('',(-0.0375,0.108,0.0125));
#2758=CARTESIAN_POINT('',(-0.0375,0.055,0.0125));
#2759=CARTESIAN_POINT('',(-0.0375,0.055,0.0425));
#2760=CARTESIAN_POINT('',(0.1375,-0.35,1.));
#2761=CARTESIAN_POINT('',(0.1375,0.055,0.0425));
#2762=CARTESIAN_POINT('',(0.1375,0.055,0.0125));
#2763=CARTESIAN_POINT('',(0.1375,0.108,0.0125));
#2764=CARTESIAN_POINT('',(0.1375,0.103,0.0124999999999999));
#2765=CARTESIAN_POINT('',(0.1375,0.103,1.));
#2766=CARTESIAN_POINT('',(0.1375,0.103,-0.0124999999999999));
#2767=CARTESIAN_POINT('',(0.1375,0.055,-0.0125));
#2768=CARTESIAN_POINT('',(0.1375,0.055,-0.0125));
#2769=CARTESIAN_POINT('',(0.1375,0.055,0.0425));
#2770=CARTESIAN_POINT('',(0.0625,0.103,1.));
#2771=CARTESIAN_POINT('',(0.0625,0.055,0.0425));
#2772=CARTESIAN_POINT('',(0.0625,0.055,-0.0125));
#2773=CARTESIAN_POINT('',(0.0625,0.055,-0.0125));
#2774=CARTESIAN_POINT('',(0.0625,0.103,-0.0124999999999999));
#2775=CARTESIAN_POINT('',(0.0625,0.103,1.));
#2776=CARTESIAN_POINT('',(0.0625,0.103,0.0124999999999999));
#2777=CARTESIAN_POINT('',(0.0625,0.108,0.0125));
#2778=CARTESIAN_POINT('',(0.0625,0.055,0.0125));
#2779=CARTESIAN_POINT('',(0.0625,0.055,0.0425));
#2780=CARTESIAN_POINT('',(0.1625,0.103,1.));
#2781=CARTESIAN_POINT('',(0.1625,0.055,0.0425));
#2782=CARTESIAN_POINT('',(0.1625,0.055,-0.0125));
#2783=CARTESIAN_POINT('',(0.1625,0.055,-0.0125));
#2784=CARTESIAN_POINT('',(0.1625,0.103,-0.0124999999999999));
#2785=CARTESIAN_POINT('',(0.1625,0.103,1.));
#2786=CARTESIAN_POINT('',(0.1625,0.103,0.0124999999999999));
#2787=CARTESIAN_POINT('',(0.1625,0.108,0.0125));
#2788=CARTESIAN_POINT('',(0.1625,0.055,0.0125));
#2789=CARTESIAN_POINT('',(0.1625,0.055,0.0425));
#2790=CARTESIAN_POINT('',(0.1675,0.055,-0.0125));
#2791=CARTESIAN_POINT('',(0.1675,0.055,-0.0125));
#2792=CARTESIAN_POINT('',(0.,0.103,-0.0125));
#2793=CARTESIAN_POINT('',(0.1675,0.055,-0.0125));
#2794=CARTESIAN_POINT('',(0.1675,0.055,-0.0125));
#2795=CARTESIAN_POINT('',(0.,0.103,-0.0125));
#2796=CARTESIAN_POINT('',(0.1675,0.055,-0.0125));
#2797=CARTESIAN_POINT('',(0.1675,0.055,-0.0125));
#2798=CARTESIAN_POINT('',(0.,0.103,-0.0125));
#2799=CARTESIAN_POINT('',(0.1675,0.055,-0.0125));
#2800=CARTESIAN_POINT('',(0.1675,0.055,-0.0125));
#2801=CARTESIAN_POINT('',(0.,0.103,-0.0125));
#2802=CARTESIAN_POINT('',(0.1675,0.108,0.0125));
#2803=CARTESIAN_POINT('',(0.,0.103,0.0125));
#2804=CARTESIAN_POINT('',(0.1675,0.055,0.0125));
#2805=CARTESIAN_POINT('',(0.1675,0.108,0.0125));
#2806=CARTESIAN_POINT('',(0.,0.103,0.0125));
#2807=CARTESIAN_POINT('',(0.1675,0.055,0.0125));
#2808=CARTESIAN_POINT('',(0.1675,0.108,0.0125));
#2809=CARTESIAN_POINT('',(0.,0.103,0.0125));
#2810=CARTESIAN_POINT('',(0.1675,0.055,0.0125));
#2811=CARTESIAN_POINT('',(0.1675,0.108,0.0125));
#2812=CARTESIAN_POINT('',(0.,0.103,0.0125));
#2813=CARTESIAN_POINT('',(0.1675,0.055,0.0125));
#2814=CARTESIAN_POINT('',(0.1675,0.055,0.0425));
#2815=CARTESIAN_POINT('',(0.1675,0.055,0.0425));
#2816=CARTESIAN_POINT('',(0.1675,0.055,0.0425));
#2817=CARTESIAN_POINT('',(0.1675,0.055,0.0425));
#2818=CARTESIAN_POINT('',(0.1675,0.055,0.0425));
#2819=CARTESIAN_POINT('',(0.1675,0.055,0.0425));
#2820=CARTESIAN_POINT('',(0.1675,0.055,0.0425));
#2821=CARTESIAN_POINT('',(0.1675,0.055,0.0425));
#2822=CARTESIAN_POINT('',(0.1705,0.108,-0.024));
#2823=CARTESIAN_POINT('',(0.1705,0.103,-0.024));
#2824=CARTESIAN_POINT('',(0.1705,0.103,-0.024));
#2825=CARTESIAN_POINT('',(-0.1705,0.103,-0.024));
#2826=CARTESIAN_POINT('',(-0.1705,0.108,-0.024));
#2827=CARTESIAN_POINT('',(-0.1705,0.108,-0.024));
#2828=CARTESIAN_POINT('',(0.1705,0.108,-0.024));
#2829=CARTESIAN_POINT('',(0.1705,0.108,-0.024));
#2830=CARTESIAN_POINT('',(0.1705,0.108,-0.024));
#2831=CARTESIAN_POINT('',(-0.1705,0.108,-0.024));
#2832=CARTESIAN_POINT('',(-0.1705,0.103,-0.024));
#2833=CARTESIAN_POINT('',(-0.1705,0.103,0.024));
#2834=CARTESIAN_POINT('',(-0.1705,0.108,0.024));
#2835=CARTESIAN_POINT('',(-0.1705,0.108,0.024));
#2836=CARTESIAN_POINT('',(-0.1705,0.108,-0.024));
#2837=CARTESIAN_POINT('',(-0.1705,0.108,0.024));
#2838=CARTESIAN_POINT('',(-0.1705,0.103,0.024));
#2839=CARTESIAN_POINT('',(0.1705,0.103,0.024));
#2840=CARTESIAN_POINT('',(0.1705,0.108,0.024));
#2841=CARTESIAN_POINT('',(0.1705,0.108,0.024));
#2842=CARTESIAN_POINT('',(-0.1705,0.108,0.024));
#2843=CARTESIAN_POINT('',(0.1705,0.108,0.024));
#2844=CARTESIAN_POINT('',(0.1705,0.103,0.024));
#2845=CARTESIAN_POINT('',(0.1705,0.108,0.024));
#2846=CARTESIAN_POINT('',(0.,0.108,0.));
#2847=CARTESIAN_POINT('',(0.,0.103,0.));
#2848=CARTESIAN_POINT('',(1.,0.01975,0.1475));
#2849=CARTESIAN_POINT('',(1.,0.,0.136241338667325));
#2850=CARTESIAN_POINT('',(1.,0.01975,0.1475));
#2851=CARTESIAN_POINT('',(1.,0.,0.136241338667325));
#2852=CARTESIAN_POINT('',(1.,0.01975,0.1475));
#2853=CARTESIAN_POINT('',(1.,0.,0.136241338667325));
#2854=CARTESIAN_POINT('',(1.,0.01975,0.1475));
#2855=CARTESIAN_POINT('',(1.,0.,0.136241338667325));
#2856=CARTESIAN_POINT('',(0.,-0.0725,-8.87868929381831E-18));
#2857=CARTESIAN_POINT('',(0.21,0.335,-0.0475));
#2858=CARTESIAN_POINT('',(0.19,0.335,-0.0475));
#2859=CARTESIAN_POINT('',(0.19,0.02,-0.0475));
#2860=CARTESIAN_POINT('',(0.19,0.,-0.0475));
#2861=CARTESIAN_POINT('',(0.21,0.02,-0.0475));
#2862=CARTESIAN_POINT('',(0.11,0.02,-0.0475));
#2863=CARTESIAN_POINT('',(0.11,0.335,-0.0475));
#2864=CARTESIAN_POINT('',(0.11,0.,-0.0475));
#2865=CARTESIAN_POINT('',(0.21,0.,-0.0475));
#2866=CARTESIAN_POINT('',(0.09,0.,-0.0475));
#2867=CARTESIAN_POINT('',(0.09,0.335,-0.0475));
#2868=CARTESIAN_POINT('',(0.09,0.02,-0.0475));
#2869=CARTESIAN_POINT('',(0.21,0.02,-0.0475));
#2870=CARTESIAN_POINT('',(0.01,0.02,-0.0475));
#2871=CARTESIAN_POINT('',(0.01,0.335,-0.0475));
#2872=CARTESIAN_POINT('',(0.01,0.,-0.0475));
#2873=CARTESIAN_POINT('',(0.21,0.,-0.0475));
#2874=CARTESIAN_POINT('',(-0.01,0.,-0.0475));
#2875=CARTESIAN_POINT('',(-0.01,0.335,-0.0475));
#2876=CARTESIAN_POINT('',(-0.01,0.02,-0.0475));
#2877=CARTESIAN_POINT('',(0.21,0.02,-0.0475));
#2878=CARTESIAN_POINT('',(-0.09,0.02,-0.0475));
#2879=CARTESIAN_POINT('',(-0.09,0.335,-0.0475));
#2880=CARTESIAN_POINT('',(-0.09,0.,-0.0475));
#2881=CARTESIAN_POINT('',(0.21,0.,-0.0475));
#2882=CARTESIAN_POINT('',(-0.11,0.,-0.0475));
#2883=CARTESIAN_POINT('',(-0.11,0.335,-0.0475));
#2884=CARTESIAN_POINT('',(-0.11,0.02,-0.0475));
#2885=CARTESIAN_POINT('',(0.21,0.02,-0.0475));
#2886=CARTESIAN_POINT('',(-0.19,0.02,-0.0475));
#2887=CARTESIAN_POINT('',(-0.19,0.335,-0.0475));
#2888=CARTESIAN_POINT('',(-0.19,0.,-0.0475));
#2889=CARTESIAN_POINT('',(0.21,0.,-0.0475));
#2890=CARTESIAN_POINT('',(-0.21,0.,-0.0475));
#2891=CARTESIAN_POINT('',(-0.21,0.335,-0.0475));
#2892=CARTESIAN_POINT('',(-0.21,0.335,-0.0475));
#2893=CARTESIAN_POINT('',(0.21,0.335,-0.0475));
#2894=CARTESIAN_POINT('',(0.21,0.335,-0.0475));
#2895=CARTESIAN_POINT('',(0.21,0.335,-0.0475));
#2896=CARTESIAN_POINT('',(0.21,0.,-0.0475));
#2897=CARTESIAN_POINT('',(0.21,0.,-0.0475));
#2898=CARTESIAN_POINT('',(-0.21,0.335,0.0475));
#2899=CARTESIAN_POINT('',(0.19,0.335,0.0475));
#2900=CARTESIAN_POINT('',(0.19,0.,0.0475));
#2901=CARTESIAN_POINT('',(0.19,0.02,0.0475));
#2902=CARTESIAN_POINT('',(-0.21,0.,0.0475));
#2903=CARTESIAN_POINT('',(0.21,0.,0.0475));
#2904=CARTESIAN_POINT('',(0.21,0.335,0.0475));
#2905=CARTESIAN_POINT('',(0.21,0.335,0.0475));
#2906=CARTESIAN_POINT('',(-0.21,0.335,0.0475));
#2907=CARTESIAN_POINT('',(-0.21,0.335,0.0475));
#2908=CARTESIAN_POINT('',(-0.21,0.335,0.0475));
#2909=CARTESIAN_POINT('',(-0.21,0.,0.0475));
#2910=CARTESIAN_POINT('',(-0.21,0.,0.0475));
#2911=CARTESIAN_POINT('',(-0.19,0.,0.0475));
#2912=CARTESIAN_POINT('',(-0.19,0.335,0.0475));
#2913=CARTESIAN_POINT('',(-0.19,0.02,0.0475));
#2914=CARTESIAN_POINT('',(-0.21,0.02,0.0475));
#2915=CARTESIAN_POINT('',(-0.11,0.02,0.0475));
#2916=CARTESIAN_POINT('',(-0.11,0.335,0.0475));
#2917=CARTESIAN_POINT('',(-0.11,0.,0.0475));
#2918=CARTESIAN_POINT('',(-0.21,0.,0.0475));
#2919=CARTESIAN_POINT('',(-0.09,0.,0.0475));
#2920=CARTESIAN_POINT('',(-0.09,0.335,0.0475));
#2921=CARTESIAN_POINT('',(-0.09,0.02,0.0475));
#2922=CARTESIAN_POINT('',(-0.21,0.02,0.0475));
#2923=CARTESIAN_POINT('',(-0.01,0.02,0.0475));
#2924=CARTESIAN_POINT('',(-0.01,0.335,0.0475));
#2925=CARTESIAN_POINT('',(-0.01,0.,0.0475));
#2926=CARTESIAN_POINT('',(-0.21,0.,0.0475));
#2927=CARTESIAN_POINT('',(0.01,0.,0.0475));
#2928=CARTESIAN_POINT('',(0.01,0.335,0.0475));
#2929=CARTESIAN_POINT('',(0.01,0.02,0.0475));
#2930=CARTESIAN_POINT('',(-0.21,0.02,0.0475));
#2931=CARTESIAN_POINT('',(0.09,0.02,0.0475));
#2932=CARTESIAN_POINT('',(0.09,0.335,0.0475));
#2933=CARTESIAN_POINT('',(0.09,0.,0.0475));
#2934=CARTESIAN_POINT('',(-0.21,0.,0.0475));
#2935=CARTESIAN_POINT('',(0.11,0.,0.0475));
#2936=CARTESIAN_POINT('',(0.11,0.335,0.0475));
#2937=CARTESIAN_POINT('',(0.11,0.02,0.0475));
#2938=CARTESIAN_POINT('',(-0.21,0.02,0.0475));
#2939=CARTESIAN_POINT('',(0.1655,0.335,-0.0155));
#2940=CARTESIAN_POINT('',(0.1345,0.335,-0.0155));
#2941=CARTESIAN_POINT('',(0.1345,0.335,-0.0155));
#2942=CARTESIAN_POINT('',(0.1345,0.02,-0.0155));
#2943=CARTESIAN_POINT('',(0.1655,0.02,-0.0155));
#2944=CARTESIAN_POINT('',(0.1655,0.02,-0.0155));
#2945=CARTESIAN_POINT('',(0.1655,0.335,-0.0155));
#2946=CARTESIAN_POINT('',(0.1655,0.335,-0.0155));
#2947=CARTESIAN_POINT('',(0.1655,0.335,-0.0155));
#2948=CARTESIAN_POINT('',(0.1655,0.335,0.0155));
#2949=CARTESIAN_POINT('',(0.1655,0.02,0.0155));
#2950=CARTESIAN_POINT('',(0.1655,0.02,0.0155));
#2951=CARTESIAN_POINT('',(0.1655,0.335,0.0155));
#2952=CARTESIAN_POINT('',(0.1655,0.335,0.0155));
#2953=CARTESIAN_POINT('',(0.1655,0.335,0.0155));
#2954=CARTESIAN_POINT('',(0.1345,0.335,0.0155));
#2955=CARTESIAN_POINT('',(0.1345,0.02,0.0155));
#2956=CARTESIAN_POINT('',(0.1345,0.02,0.0155));
#2957=CARTESIAN_POINT('',(0.1345,0.335,0.0155));
#2958=CARTESIAN_POINT('',(0.1345,0.335,0.0155));
#2959=CARTESIAN_POINT('',(0.1345,0.335,0.0155));
#2960=CARTESIAN_POINT('',(0.0655,0.335,-0.0155));
#2961=CARTESIAN_POINT('',(0.0345,0.335,-0.0155));
#2962=CARTESIAN_POINT('',(0.0345,0.335,-0.0155));
#2963=CARTESIAN_POINT('',(0.0345,0.02,-0.0155));
#2964=CARTESIAN_POINT('',(0.0655,0.02,-0.0155));
#2965=CARTESIAN_POINT('',(0.0655,0.02,-0.0155));
#2966=CARTESIAN_POINT('',(0.0655,0.335,-0.0155));
#2967=CARTESIAN_POINT('',(0.0655,0.335,-0.0155));
#2968=CARTESIAN_POINT('',(0.0655,0.335,-0.0155));
#2969=CARTESIAN_POINT('',(0.0655,0.335,0.0155));
#2970=CARTESIAN_POINT('',(0.0655,0.02,0.0155));
#2971=CARTESIAN_POINT('',(0.0655,0.02,0.0155));
#2972=CARTESIAN_POINT('',(0.0655,0.335,0.0155));
#2973=CARTESIAN_POINT('',(0.0655,0.335,0.0155));
#2974=CARTESIAN_POINT('',(0.0655,0.335,0.0155));
#2975=CARTESIAN_POINT('',(0.0345,0.335,0.0155));
#2976=CARTESIAN_POINT('',(0.0345,0.02,0.0155));
#2977=CARTESIAN_POINT('',(0.0345,0.02,0.0155));
#2978=CARTESIAN_POINT('',(0.0345,0.335,0.0155));
#2979=CARTESIAN_POINT('',(0.0345,0.335,0.0155));
#2980=CARTESIAN_POINT('',(0.0345,0.335,0.0155));
#2981=CARTESIAN_POINT('',(-0.0345,0.335,-0.0155));
#2982=CARTESIAN_POINT('',(-0.0655,0.335,-0.0155));
#2983=CARTESIAN_POINT('',(-0.0655,0.335,-0.0155));
#2984=CARTESIAN_POINT('',(-0.0655,0.02,-0.0155));
#2985=CARTESIAN_POINT('',(-0.0345,0.02,-0.0155));
#2986=CARTESIAN_POINT('',(-0.0345,0.02,-0.0155));
#2987=CARTESIAN_POINT('',(-0.0345,0.335,-0.0155));
#2988=CARTESIAN_POINT('',(-0.0345,0.335,-0.0155));
#2989=CARTESIAN_POINT('',(-0.0345,0.335,-0.0155));
#2990=CARTESIAN_POINT('',(-0.0345,0.335,0.0155));
#2991=CARTESIAN_POINT('',(-0.0345,0.02,0.0155));
#2992=CARTESIAN_POINT('',(-0.0345,0.02,0.0155));
#2993=CARTESIAN_POINT('',(-0.0345,0.335,0.0155));
#2994=CARTESIAN_POINT('',(-0.0345,0.335,0.0155));
#2995=CARTESIAN_POINT('',(-0.0345,0.335,0.0155));
#2996=CARTESIAN_POINT('',(-0.0655,0.335,0.0155));
#2997=CARTESIAN_POINT('',(-0.0655,0.02,0.0155));
#2998=CARTESIAN_POINT('',(-0.0655,0.02,0.0155));
#2999=CARTESIAN_POINT('',(-0.0655,0.335,0.0155));
#3000=CARTESIAN_POINT('',(-0.0655,0.335,0.0155));
#3001=CARTESIAN_POINT('',(-0.0655,0.335,0.0155));
#3002=CARTESIAN_POINT('',(-0.1345,0.335,-0.0155));
#3003=CARTESIAN_POINT('',(-0.1655,0.335,-0.0155));
#3004=CARTESIAN_POINT('',(-0.1655,0.335,-0.0155));
#3005=CARTESIAN_POINT('',(-0.1655,0.02,-0.0155));
#3006=CARTESIAN_POINT('',(-0.1345,0.02,-0.0155));
#3007=CARTESIAN_POINT('',(-0.1345,0.02,-0.0155));
#3008=CARTESIAN_POINT('',(-0.1345,0.335,-0.0155));
#3009=CARTESIAN_POINT('',(-0.1345,0.335,-0.0155));
#3010=CARTESIAN_POINT('',(-0.1345,0.335,-0.0155));
#3011=CARTESIAN_POINT('',(-0.1345,0.335,0.0155));
#3012=CARTESIAN_POINT('',(-0.1345,0.02,0.0155));
#3013=CARTESIAN_POINT('',(-0.1345,0.02,0.0155));
#3014=CARTESIAN_POINT('',(-0.1345,0.335,0.0155));
#3015=CARTESIAN_POINT('',(-0.1345,0.335,0.0155));
#3016=CARTESIAN_POINT('',(-0.1345,0.335,0.0155));
#3017=CARTESIAN_POINT('',(-0.1655,0.335,0.0155));
#3018=CARTESIAN_POINT('',(-0.1655,0.02,0.0155));
#3019=CARTESIAN_POINT('',(-0.1655,0.02,0.0155));
#3020=CARTESIAN_POINT('',(-0.1655,0.335,0.0155));
#3021=CARTESIAN_POINT('',(-0.1655,0.335,0.0155));
#3022=CARTESIAN_POINT('',(-0.1655,0.335,0.0155));
#3023=CARTESIAN_POINT('',(0.1345,0.335,-0.0155));
#3024=CARTESIAN_POINT('',(0.1345,0.02,-0.0155));
#3025=CARTESIAN_POINT('',(0.1345,0.335,-0.0155));
#3026=CARTESIAN_POINT('',(0.0345,0.335,-0.0155));
#3027=CARTESIAN_POINT('',(0.0345,0.02,-0.0155));
#3028=CARTESIAN_POINT('',(0.0345,0.335,-0.0155));
#3029=CARTESIAN_POINT('',(-0.0655,0.335,-0.0155));
#3030=CARTESIAN_POINT('',(-0.0655,0.02,-0.0155));
#3031=CARTESIAN_POINT('',(-0.0655,0.335,-0.0155));
#3032=CARTESIAN_POINT('',(-0.1655,0.335,-0.0155));
#3033=CARTESIAN_POINT('',(-0.1655,0.02,-0.0155));
#3034=CARTESIAN_POINT('',(-0.1655,0.335,-0.0155));
#3035=CARTESIAN_POINT('',(0.,0.,0.));
#3036=CARTESIAN_POINT('',(-0.19,0.,0.));
#3037=CARTESIAN_POINT('',(-0.21,0.,-0.0475));
#3038=CARTESIAN_POINT('',(0.,0.,0.));
#3039=CARTESIAN_POINT('',(0.19,0.,0.));
#3040=CARTESIAN_POINT('',(0.21,0.,0.0475));
#3041=CARTESIAN_POINT('',(0.,0.,0.));
#3042=CARTESIAN_POINT('',(0.11,0.,0.));
#3043=CARTESIAN_POINT('',(0.09,0.,0.));
#3044=CARTESIAN_POINT('',(0.,0.,0.));
#3045=CARTESIAN_POINT('',(0.01,0.,0.));
#3046=CARTESIAN_POINT('',(-0.01,0.,0.));
#3047=CARTESIAN_POINT('',(0.,0.,0.));
#3048=CARTESIAN_POINT('',(-0.09,0.,0.));
#3049=CARTESIAN_POINT('',(-0.11,0.,0.));
#3050=CARTESIAN_POINT('',(-0.21,0.335,-0.0475));
#3051=CARTESIAN_POINT('',(-0.21,0.335,-0.0475));
#3052=CARTESIAN_POINT('',(0.21,0.335,0.0475));
#3053=CARTESIAN_POINT('',(0.21,0.335,0.0475));
#3054=CARTESIAN_POINT('',(0.,0.335,0.));
#3055=CARTESIAN_POINT('',(-0.11,0.,0.2));
#3056=CARTESIAN_POINT('',(-0.11,0.02,0.2));
#3057=CARTESIAN_POINT('',(-0.19,0.02,0.2));
#3058=CARTESIAN_POINT('',(-0.19,0.02,0.2));
#3059=CARTESIAN_POINT('',(-0.11,0.02,0.2));
#3060=CARTESIAN_POINT('',(-0.01,0.,0.2));
#3061=CARTESIAN_POINT('',(-0.01,0.02,0.2));
#3062=CARTESIAN_POINT('',(-0.09,0.02,0.2));
#3063=CARTESIAN_POINT('',(-0.09,0.02,0.2));
#3064=CARTESIAN_POINT('',(-0.01,0.02,0.2));
#3065=CARTESIAN_POINT('',(0.09,0.,0.2));
#3066=CARTESIAN_POINT('',(0.09,0.02,0.2));
#3067=CARTESIAN_POINT('',(0.01,0.02,0.2));
#3068=CARTESIAN_POINT('',(0.01,0.02,0.2));
#3069=CARTESIAN_POINT('',(0.09,0.02,0.2));
#3070=CARTESIAN_POINT('',(0.19,0.02,0.2));
#3071=CARTESIAN_POINT('',(0.19,0.02,0.2));
#3072=CARTESIAN_POINT('',(0.11,0.02,0.2));
#3073=CARTESIAN_POINT('',(0.19,-0.08,0.2));
#3074=CARTESIAN_POINT('',(0.11,0.02,0.2));
#3075=CARTESIAN_POINT('',(0.,0.,0.));
#3076=MECHANICAL_DESIGN_GEOMETRIC_PRESENTATION_REPRESENTATION('',(#1921,
#1922),#3077);
#3077=(
GEOMETRIC_REPRESENTATION_CONTEXT(3)
GLOBAL_UNCERTAINTY_ASSIGNED_CONTEXT((#3080))
GLOBAL_UNIT_ASSIGNED_CONTEXT((#3085,#3084,#3083))
REPRESENTATION_CONTEXT('SSQ-104-02-T-S-RA','TOP_LEVEL_ASSEMBLY_PART')
);
#3078=(
GEOMETRIC_REPRESENTATION_CONTEXT(3)
GLOBAL_UNCERTAINTY_ASSIGNED_CONTEXT((#3081))
GLOBAL_UNIT_ASSIGNED_CONTEXT((#3085,#3084,#3083))
REPRESENTATION_CONTEXT('P2SSQ-104-02-T-S-RA','COMPONENT_PART')
);
#3079=(
GEOMETRIC_REPRESENTATION_CONTEXT(3)
GLOBAL_UNCERTAINTY_ASSIGNED_CONTEXT((#3082))
GLOBAL_UNIT_ASSIGNED_CONTEXT((#3085,#3084,#3083))
REPRESENTATION_CONTEXT('T1SSQ-104-02-T-S-RA','COMPONENT_PART')
);
#3080=UNCERTAINTY_MEASURE_WITH_UNIT(LENGTH_MEASURE(0.000196850393700787),
#3085,'DISTANCE_ACCURACY_VALUE','Maximum Tolerance applied to model');
#3081=UNCERTAINTY_MEASURE_WITH_UNIT(LENGTH_MEASURE(0.000196850393700787),
#3085,'DISTANCE_ACCURACY_VALUE','Maximum Tolerance applied to model');
#3082=UNCERTAINTY_MEASURE_WITH_UNIT(LENGTH_MEASURE(0.000196850393700787),
#3085,'DISTANCE_ACCURACY_VALUE','Maximum Tolerance applied to model');
#3083=(
NAMED_UNIT(*)
SI_UNIT($,.STERADIAN.)
SOLID_ANGLE_UNIT()
);
#3084=(
NAMED_UNIT(*)
PLANE_ANGLE_UNIT()
SI_UNIT($,.RADIAN.)
);
#3085=(
CONVERSION_BASED_UNIT('INCH',#3087)
LENGTH_UNIT()
NAMED_UNIT(#3086)
);
#3086=DIMENSIONAL_EXPONENTS(1.,0.,0.,0.,0.,0.,0.);
#3087=LENGTH_MEASURE_WITH_UNIT(LENGTH_MEASURE(25.4),#3088);
#3088=(
LENGTH_UNIT()
NAMED_UNIT(*)
SI_UNIT(.MILLI.,.METRE.)
);
#3089=PRODUCT_DEFINITION_SHAPE('','',#3094);
#3090=PRODUCT_DEFINITION_SHAPE('','',#3095);
#3091=PRODUCT_DEFINITION_SHAPE(' ','NAUO PRDDFN',#21);
#3092=PRODUCT_DEFINITION_SHAPE('','',#3096);
#3093=PRODUCT_DEFINITION_SHAPE(' ','NAUO PRDDFN',#22);
#3094=PRODUCT_DEFINITION('','',#3100,#3097);
#3095=PRODUCT_DEFINITION('','',#3101,#3098);
#3096=PRODUCT_DEFINITION('','',#3102,#3099);
#3097=PRODUCT_DEFINITION_CONTEXT('',#3116,'design');
#3098=PRODUCT_DEFINITION_CONTEXT('',#3116,'design');
#3099=PRODUCT_DEFINITION_CONTEXT('',#3116,'design');
#3100=PRODUCT_DEFINITION_FORMATION_WITH_SPECIFIED_SOURCE('','',#3106,
 .NOT_KNOWN.);
#3101=PRODUCT_DEFINITION_FORMATION_WITH_SPECIFIED_SOURCE('','',#3107,
 .NOT_KNOWN.);
#3102=PRODUCT_DEFINITION_FORMATION_WITH_SPECIFIED_SOURCE('','',#3108,
 .NOT_KNOWN.);
#3103=PRODUCT_RELATED_PRODUCT_CATEGORY('','',(#3106));
#3104=PRODUCT_RELATED_PRODUCT_CATEGORY('','',(#3107));
#3105=PRODUCT_RELATED_PRODUCT_CATEGORY('','',(#3108));
#3106=PRODUCT('SSQ-104-02-T-S-RA','SSQ-104-02-T-S-RA',
'SSQ-104-02-T-S-RA',(#3112));
#3107=PRODUCT('P2SSQ-104-02-T-S-RA','P2SSQ-104-02-T-S-RA',
'P2SSQ-104-02-T-S-RA',(#3113));
#3108=PRODUCT('T1SSQ-104-02-T-S-RA','T1SSQ-104-02-T-S-RA',
'T1SSQ-104-02-T-S-RA',(#3114));
#3109=PRODUCT_CATEGORY('','');
#3110=PRODUCT_CATEGORY('','');
#3111=PRODUCT_CATEGORY('','');
#3112=PRODUCT_CONTEXT('',#3116,'mechanical');
#3113=PRODUCT_CONTEXT('',#3116,'mechanical');
#3114=PRODUCT_CONTEXT('',#3116,'mechanical');
#3115=APPLICATION_PROTOCOL_DEFINITION('international standard',
'automotive_design',2010,#3116);
#3116=APPLICATION_CONTEXT(
'core data for automotive mechanical design processes');
ENDSEC;
END-ISO-10303-21;
