ISO-10303-21;
HEADER;
FILE_DESCRIPTION (( 'STEP AP214' ),
    '1' );
FILE_NAME ('User Library-VSSAF5M10 (DO-221AC).STEP',
    '2024-02-24T19:36:26',
    ( '' ),
    ( '' ),
    'SwSTEP 2.0',
    'SolidWorks 2022',
    '' );
FILE_SCHEMA (( 'AUTOMOTIVE_DESIGN' ));
ENDSEC;

DATA;
#1 = CARTESIAN_POINT ( 'NONE',  ( -0.9057268722473226230, -0.9201629955947653317, 0.8950000000000000178 ) ) ;
#2 = LINE ( 'NONE', #4911, #4268 ) ;
#3 = LINE ( 'NONE', #147, #4341 ) ;
#4 = ORIENTED_EDGE ( 'NONE', *, *, #3927, .F. ) ;
#5 = EDGE_LOOP ( 'NONE', ( #704, #5266, #1417, #424 ) ) ;
#6 = LINE ( 'NONE', #1523, #1161 ) ;
#7 = CARTESIAN_POINT ( 'NONE',  ( 1.960495720687000176, -1.100000000000000089, 0.9000000000000001332 ) ) ;
#8 = LINE ( 'NONE', #1287, #3271 ) ;
#9 = CARTESIAN_POINT ( 'NONE',  ( 2.649999999999999911, 0.6750000000000000444, 0.1499999999999999944 ) ) ;
#10 = EDGE_LOOP ( 'NONE', ( #3164, #5075, #205, #3204 ) ) ;
#11 = ORIENTED_EDGE ( 'NONE', *, *, #1344, .F. ) ;
#12 = EDGE_CURVE ( 'NONE', #2215, #3190, #2504, .T. ) ;
#13 = CARTESIAN_POINT ( 'NONE',  ( -1.649999999999999911, 0.6750000000000000444, 0.1499999999999999944 ) ) ;
#14 = CARTESIAN_POINT ( 'NONE',  ( -0.7405286343610000266, -0.6026519823790000840, 0.9000000000000001332 ) ) ;
#15 = DIRECTION ( 'NONE',  ( 2.199999999999999757E-16, -1.000000000000000000, 0.0000000000000000000 ) ) ;
#16 = DIRECTION ( 'NONE',  ( 1.000000000000000000, 0.0000000000000000000, 0.0000000000000000000 ) ) ;
#17 = ORIENTED_EDGE ( 'NONE', *, *, #927, .F. ) ;
#18 = EDGE_CURVE ( 'NONE', #2838, #1659, #2688, .T. ) ;
#19 = CARTESIAN_POINT ( 'NONE',  ( -0.6430616740090000505, -0.6753392070479999898, 0.9000000000000001332 ) ) ;
#20 = CARTESIAN_POINT ( 'NONE',  ( -0.5485682819380000019, -0.8055154185020000357, 0.9000000000000001332 ) ) ;
#21 = PRODUCT ( 'Body', 'Body', '', ( #1991 ) ) ;
#23 =( LENGTH_UNIT ( ) NAMED_UNIT ( * ) SI_UNIT ( .MILLI., .METRE. ) );
#22 =( REPRESENTATION_RELATIONSHIP ('NONE','NONE', #1662, #3821 ) REPRESENTATION_RELATIONSHIP_WITH_TRANSFORMATION ( #4767 )SHAPE_REPRESENTATION_RELATIONSHIP( ) );
#24 = SURFACE_SIDE_STYLE ('',( #74 ) ) ;
#25 = AXIS2_PLACEMENT_3D ( 'NONE', #4203, #2113, #4974 ) ;
#26 = ORIENTED_EDGE ( 'NONE', *, *, #2939, .T. ) ;
#27 = EDGE_CURVE ( 'NONE', #2327, #830, #3595, .T. ) ;
#28 = CARTESIAN_POINT ( 'NONE',  ( -1.147246696035000069, 0.3617753303960000166, 0.9000000000000001332 ) ) ;
#29 = SURFACE_STYLE_FILL_AREA ( #3694 ) ;
#30 = FILL_AREA_STYLE ('',( #2480 ) ) ;
#31 = ORIENTED_EDGE ( 'NONE', *, *, #1962, .F. ) ;
#32 = ORIENTED_EDGE ( 'NONE', *, *, #4146, .F. ) ;
#33 = CARTESIAN_POINT ( 'NONE',  ( -2.038273498465000166, 0.6750000000000000444, 0.1000000000000000056 ) ) ;
#34 = CARTESIAN_POINT ( 'NONE',  ( -0.5310572687219999866, -0.6918590308370000663, 0.9000000000000001332 ) ) ;
#35 = AXIS2_PLACEMENT_3D ( 'NONE', #2748, #2001, #723 ) ;
#36 = LINE ( 'NONE', #2137, #2745 ) ;
#37 = ORIENTED_EDGE ( 'NONE', *, *, #4998, .F. ) ;
#38 = EDGE_LOOP ( 'NONE', ( #2399, #4416, #2251, #5028 ) ) ;
#39 = PLANE ( 'NONE',  #733 ) ;
#40 = CARTESIAN_POINT ( 'NONE',  ( -0.8783039647579999887, -0.8947224669600000180, 0.8950000000000000178 ) ) ;
#41 = PRODUCT_DEFINITION ( 'UNKNOWN', '', #4445, #5142 ) ;
#42 = SURFACE_SIDE_STYLE ('',( #4952 ) ) ;
#43 = VERTEX_POINT ( 'NONE', #406 ) ;
#44 = CARTESIAN_POINT ( 'NONE',  ( -1.005176211453999935, 0.6690440528629999495, 0.8950000000000000178 ) ) ;
#45 = CARTESIAN_POINT ( 'NONE',  ( -0.5000000000000000000, -0.8274317180613334211, 0.9000000000000001332 ) ) ;
#46 = EDGE_CURVE ( 'NONE', #4465, #1887, #8, .T. ) ;
#47 = CARTESIAN_POINT ( 'NONE',  ( -1.055396475770999931, 0.3597929515419999724, 0.9000000000000001332 ) ) ;
#48 =( LENGTH_UNIT ( ) NAMED_UNIT ( * ) SI_UNIT ( .MILLI., .METRE. ) );
#49 = AXIS2_PLACEMENT_3D ( 'NONE', #4678, #2247, #2194 ) ;
#50 = CARTESIAN_POINT ( 'NONE',  ( 2.149999999999999911, 0.6750000000000000444, 0.0000000000000000000 ) ) ;
#51 = EDGE_CURVE ( 'NONE', #3648, #67, #4649, .T. ) ;
#52 = UNCERTAINTY_MEASURE_WITH_UNIT (LENGTH_MEASURE( 1.000000000000000082E-05 ), #48, 'distance_accuracy_value', 'NONE');
#53 =( NAMED_UNIT ( * ) SI_UNIT ( $, .STERADIAN. ) SOLID_ANGLE_UNIT ( ) );
#54 = CARTESIAN_POINT ( 'NONE',  ( -0.9017621145369999480, -0.7922995594710000589, 0.8950000000000000178 ) ) ;
#55 = VECTOR ( 'NONE', #1661, 1000.000000000000000 ) ;
#56 = ORIENTED_EDGE ( 'NONE', *, *, #4446, .F. ) ;
#57 = ORIENTED_EDGE ( 'NONE', *, *, #4124, .F. ) ;
#58 = B_SPLINE_CURVE_WITH_KNOTS ( 'NONE', 2,
 ( #4831, #1886, #1200 ),
 .UNSPECIFIED., .F., .F.,
 ( 3, 3 ),
 ( 0.0000000000000000000, 1.000000000000000000 ),
 .UNSPECIFIED. ) ;
#59 = DIRECTION ( 'NONE',  ( -1.000000000000000000, 0.0000000000000000000, 0.0000000000000000000 ) ) ;
#60 = SURFACE_SIDE_STYLE ('',( #2460 ) ) ;
#61 = DIRECTION ( 'NONE',  ( -0.0000000000000000000, 0.0000000000000000000, -1.000000000000000000 ) ) ;
#62 = VERTEX_POINT ( 'NONE', #2088 ) ;
#63 = ORIENTED_EDGE ( 'NONE', *, *, #701, .T. ) ;
#64 =( GEOMETRIC_REPRESENTATION_CONTEXT ( 3 ) GLOBAL_UNCERTAINTY_ASSIGNED_CONTEXT ( ( #4823 ) ) GLOBAL_UNIT_ASSIGNED_CONTEXT ( ( #348, #1999, #721 ) ) REPRESENTATION_CONTEXT ( 'NONE', 'WORKASPACE' ) );
#65 = SURFACE_STYLE_USAGE ( .BOTH. , #463 ) ;
#66 = CARTESIAN_POINT ( 'NONE',  ( -1.949999999999999956, 1.100000000000000089, 0.8110431526233696786 ) ) ;
#67 = VERTEX_POINT ( 'NONE', #2161 ) ;
#68 = STYLED_ITEM ( 'NONE', ( #3443 ), #3989 ) ;
#69 = CARTESIAN_POINT ( 'NONE',  ( -1.949999999999999956, -1.110495720687000087, 0.9000000000000001332 ) ) ;
#70 = LINE ( 'NONE', #2874, #1752 ) ;
#71 = VERTEX_POINT ( 'NONE', #4568 ) ;
#72 = CARTESIAN_POINT ( 'NONE',  ( -0.5000000000000000000, -0.1774317180620000045, 0.9000000000000001332 ) ) ;
#73 =( LENGTH_UNIT ( ) NAMED_UNIT ( * ) SI_UNIT ( .MILLI., .METRE. ) );
#74 = SURFACE_STYLE_FILL_AREA ( #845 ) ;
#75 = VECTOR ( 'NONE', #1190, 1000.000000000000000 ) ;
#76 = ADVANCED_FACE ( 'NONE', ( #460 ), #133, .T. ) ;
#77 = CARTESIAN_POINT ( 'NONE',  ( -0.5000000000000000000, -0.8274317180613334211, 0.8950000000000000178 ) ) ;
#78 = CARTESIAN_POINT ( 'NONE',  ( -0.7620044052863332862, 0.8841321585900001612, 0.8950000000000000178 ) ) ;
#79 = PRESENTATION_STYLE_ASSIGNMENT (( #3798 ) ) ;
#80 = CARTESIAN_POINT ( 'NONE',  ( -0.8951541850219999485, -0.8471453744490000659, 0.8950000000000000178 ) ) ;
#81 = PRESENTATION_LAYER_ASSIGNMENT (  '', '', ( #4884 ) ) ;
#82 = ORIENTED_EDGE ( 'NONE', *, *, #927, .T. ) ;
#83 = EDGE_LOOP ( 'NONE', ( #4896, #1409, #1975, #1541 ) ) ;
#84 = EDGE_CURVE ( 'NONE', #725, #2983, #4635, .T. ) ;
#85 = VECTOR ( 'NONE', #3236, 1000.000000000000000 ) ;
#86 = CARTESIAN_POINT ( 'NONE',  ( -0.8158590308369999544, -0.6594801762109999688, 0.9000000000000001332 ) ) ;
#87 = CARTESIAN_POINT ( 'NONE',  ( -0.9017621145369999480, -0.8207136563879999791, 0.9000000000000001332 ) ) ;
#88 = ORIENTED_EDGE ( 'NONE', *, *, #4348, .F. ) ;
#89 = ORIENTED_EDGE ( 'NONE', *, *, #3230, .F. ) ;
#90 = SURFACE_STYLE_USAGE ( .BOTH. , #886 ) ;
#91 = CARTESIAN_POINT ( 'NONE',  ( 1.949999999999999956, 1.110495720687000087, 0.8000000000000000444 ) ) ;
#92 = ORIENTED_EDGE ( 'NONE', *, *, #441, .T. ) ;
#93 = CARTESIAN_POINT ( 'NONE',  ( -2.059929779438029129, 1.287661871932999968, 0.1110431526069999980 ) ) ;
#94 = CARTESIAN_POINT ( 'NONE',  ( -1.087775330396000051, 0.6944845814980000753, 0.8950000000000000178 ) ) ;
#95 = PLANE ( 'NONE',  #2687 ) ;
#96 = CARTESIAN_POINT ( 'NONE',  ( -1.147246696035000069, 0.3617753303960000166, 0.9000000000000001332 ) ) ;
#97 = DIRECTION ( 'NONE',  ( -1.000000000000000000, -0.0000000000000000000, -0.0000000000000000000 ) ) ;
#98 =( NAMED_UNIT ( * ) PLANE_ANGLE_UNIT ( ) SI_UNIT ( $, .RADIAN. ) );
#99 = SURFACE_SIDE_STYLE ('',( #4569 ) ) ;
#100 = CARTESIAN_POINT ( 'NONE',  ( -0.5485682819380000019, 0.7787356828189999636, 0.9000000000000001332 ) ) ;
#101 = DIRECTION ( 'NONE',  ( 0.0000000000000000000, 0.0000000000000000000, -1.000000000000000000 ) ) ;
#102 = ADVANCED_FACE ( 'NONE', ( #513 ), #4144, .F. ) ;
#103 = ORIENTED_EDGE ( 'NONE', *, *, #1063, .F. ) ;
#104 = ORIENTED_EDGE ( 'NONE', *, *, #1315, .F. ) ;
#105 = B_SPLINE_CURVE_WITH_KNOTS ( 'NONE', 3,
 ( #557, #3396, #2182, #1327 ),
 .UNSPECIFIED., .F., .F.,
 ( 4, 4 ),
 ( 0.0000000000000000000, 1.000000000000000000 ),
 .UNSPECIFIED. ) ;
#106 =( GEOMETRIC_REPRESENTATION_CONTEXT ( 3 ) GLOBAL_UNCERTAINTY_ASSIGNED_CONTEXT ( ( #3266 ) ) GLOBAL_UNIT_ASSIGNED_CONTEXT ( ( #109, #4576, #4172 ) ) REPRESENTATION_CONTEXT ( 'NONE', 'WORKASPACE' ) );
#107 = SURFACE_SIDE_STYLE ('',( #3752 ) ) ;
#108 = FACE_OUTER_BOUND ( 'NONE', #4684, .T. ) ;
#109 =( LENGTH_UNIT ( ) NAMED_UNIT ( * ) SI_UNIT ( .MILLI., .METRE. ) );
#110 = EDGE_CURVE ( 'NONE', #2483, #3617, #36, .T. ) ;
#111 = VECTOR ( 'NONE', #5277, 1000.000000000000000 ) ;
#112 = ORIENTED_EDGE ( 'NONE', *, *, #4311, .T. ) ;
#113 = VECTOR ( 'NONE', #4159, 1000.000000000000000 ) ;
#114 = LINE ( 'NONE', #4175, #4596 ) ;
#115 = PRESENTATION_STYLE_ASSIGNMENT (( #963 ) ) ;
#116 = ADVANCED_FACE ( 'NONE', ( #3778 ), #3697, .T. ) ;
#117 = VERTEX_POINT ( 'NONE', #4600 ) ;
#118 = ORIENTED_EDGE ( 'NONE', *, *, #4764, .T. ) ;
#119 = CIRCLE ( 'NONE', #3541, 0.1000000000000000472 ) ;
#120 = LINE ( 'NONE', #2949, #5274 ) ;
#121 = FACE_OUTER_BOUND ( 'NONE', #1924, .T. ) ;
#122 = EDGE_CURVE ( 'NONE', #811, #4466, #3329, .T. ) ;
#123 = FILL_AREA_STYLE ('',( #3312 ) ) ;
#124 = SURFACE_SIDE_STYLE ('',( #5062 ) ) ;
#125 = DIRECTION ( 'NONE',  ( 0.0000000000000000000, 1.000000000000000000, 0.0000000000000000000 ) ) ;
#126 = SURFACE_STYLE_USAGE ( .BOTH. , #99 ) ;
#127 = CARTESIAN_POINT ( 'NONE',  ( -0.8594713656389999512, 0.9399691629959999739, 0.9000000000000001332 ) ) ;
#128 = EDGE_LOOP ( 'NONE', ( #3134, #828, #4517, #4919, #1765, #4196, #1866, #948 ) ) ;
#129 = B_SPLINE_SURFACE_WITH_KNOTS ( 'NONE', 2, 1, ( 
 ( #3573, #309 ),
 ( #4762, #3601 ),
 ( #2359, #5214 ) ),
 .UNSPECIFIED., .F., .F., .F.,
 ( 3, 3 ),
 ( 2, 2 ),
 ( 0.0000000000000000000, 1.000000000000000000 ),
 ( 0.0000000000000000000, 1.000000000000000000 ),
 .UNSPECIFIED. ) ;
#130 = FACE_OUTER_BOUND ( 'NONE', #2791, .T. ) ;
#131 = DIRECTION ( 'NONE',  ( -0.0000000000000000000, 0.0000000000000000000, 1.000000000000000000 ) ) ;
#132 = VECTOR ( 'NONE', #3567, 1000.000000000000000 ) ;
#133 = PLANE ( 'NONE',  #25 ) ;
#134 = EDGE_LOOP ( 'NONE', ( #4926, #26, #37, #318 ) ) ;
#135 = EDGE_LOOP ( 'NONE', ( #4337, #1252, #1813, #2938 ) ) ;
#136 = PRESENTATION_LAYER_ASSIGNMENT (  '', '', ( #2439 ) ) ;
#137 = ADVANCED_FACE ( 'NONE', ( #1707 ), #3351, .T. ) ;
#138 = DIRECTION ( 'NONE',  ( 0.1104315260749562794, 0.0000000000000000000, -0.9938837346736066891 ) ) ;
#139 =( NAMED_UNIT ( * ) SI_UNIT ( $, .STERADIAN. ) SOLID_ANGLE_UNIT ( ) );
#140 = LINE ( 'NONE', #1414, #2457 ) ;
#141 = PRESENTATION_LAYER_ASSIGNMENT (  '', '', ( #1840 ) ) ;
#142 = FILL_AREA_STYLE_COLOUR ( '', #5132 ) ;
#143 = ORIENTED_EDGE ( 'NONE', *, *, #861, .F. ) ;
#144 = VERTEX_POINT ( 'NONE', #3043 ) ;
#145 = EDGE_CURVE ( 'NONE', #1738, #2404, #164, .T. ) ;
#146 = DIRECTION ( 'NONE',  ( -0.1104315260749562794, -0.0000000000000000000, -0.9938837346736066891 ) ) ;
#147 = CARTESIAN_POINT ( 'NONE',  ( -1.071255506608000063, 0.2157400881060000386, 0.8950000000000000178 ) ) ;
#148 = LINE ( 'NONE', #4639, #1000 ) ;
#149 = DIRECTION ( 'NONE',  ( 1.000000000000000000, 0.0000000000000000000, 0.0000000000000000000 ) ) ;
#150 = COLOUR_RGB ( '',0.7098039215686274828, 0.7098039215686274828, 0.7098039215686274828 ) ;
#151 = ADVANCED_FACE ( 'NONE', ( #4359 ), #1286, .T. ) ;
#152 =( GEOMETRIC_REPRESENTATION_CONTEXT ( 3 ) GLOBAL_UNCERTAINTY_ASSIGNED_CONTEXT ( ( #3201 ) ) GLOBAL_UNIT_ASSIGNED_CONTEXT ( ( #2591, #2196, #5076 ) ) REPRESENTATION_CONTEXT ( 'NONE', 'WORKASPACE' ) );
#153 = DIRECTION ( 'NONE',  ( 2.028594223989676008E-17, -0.1104315260749500760, 0.9938837346736073552 ) ) ;
#154 = PRESENTATION_STYLE_ASSIGNMENT (( #3477 ) ) ;
#155 = DIRECTION ( 'NONE',  ( -0.0000000000000000000, -0.0000000000000000000, -1.000000000000000000 ) ) ;
#156 = CARTESIAN_POINT ( 'NONE',  ( -1.449999999999999956, -1.110495720687000087, 0.8950000000000000178 ) ) ;
#157 = VERTEX_POINT ( 'NONE', #3563 ) ;
#158 = PRODUCT_DEFINITION_FORMATION_WITH_SPECIFIED_SOURCE ( 'ANY', '', #21, .NOT_KNOWN. ) ;
#159 = COLOUR_RGB ( '',0.0000000000000000000, 0.0000000000000000000, 0.0000000000000000000 ) ;
#160 = PRESENTATION_STYLE_ASSIGNMENT (( #3538 ) ) ;
#161 = PRESENTATION_STYLE_ASSIGNMENT (( #3829 ) ) ;
#162 =( NAMED_UNIT ( * ) PLANE_ANGLE_UNIT ( ) SI_UNIT ( $, .RADIAN. ) );
#163 = ADVANCED_BREP_SHAPE_REPRESENTATION ( '', ( #2797, #4956 ), #3056 ) ;
#164 = LINE ( 'NONE', #983, #1132 ) ;
#165 = ORIENTED_EDGE ( 'NONE', *, *, #1798, .T. ) ;
#166 = ORIENTED_EDGE ( 'NONE', *, *, #3225, .F. ) ;
#167 =( NAMED_UNIT ( * ) SI_UNIT ( $, .STERADIAN. ) SOLID_ANGLE_UNIT ( ) );
#168 =( NAMED_UNIT ( * ) PLANE_ANGLE_UNIT ( ) SI_UNIT ( $, .RADIAN. ) );
#169 = ORIENTED_EDGE ( 'NONE', *, *, #2629, .T. ) ;
#170 = ORIENTED_EDGE ( 'NONE', *, *, #145, .T. ) ;
#171 = ADVANCED_FACE ( 'NONE', ( #297 ), #3898, .T. ) ;
#172 = CARTESIAN_POINT ( 'NONE',  ( -0.7378854625549999824, -0.6594801762109999688, 0.9000000000000001332 ) ) ;
#173 = CARTESIAN_POINT ( 'NONE',  ( -0.8534140969160001200, -0.6171894273130000830, 0.8950000000000000178 ) ) ;
#174 = DIRECTION ( 'NONE',  ( -0.0000000000000000000, 0.0000000000000000000, -1.000000000000000000 ) ) ;
#175 =( LENGTH_UNIT ( ) NAMED_UNIT ( * ) SI_UNIT ( .MILLI., .METRE. ) );
#176 = ADVANCED_FACE ( 'NONE', ( #1548 ), #1367, .T. ) ;
#177 = DIRECTION ( 'NONE',  ( 1.999999999999999958E-16, 1.000000000000000000, 0.0000000000000000000 ) ) ;
#178 = DIRECTION ( 'NONE',  ( -1.000000000000000000, 0.0000000000000000000, 0.0000000000000000000 ) ) ;
#179 = CARTESIAN_POINT ( 'NONE',  ( -0.8574889867839999846, 0.6122158590309999537, 0.8950000000000000178 ) ) ;
#180 = EDGE_CURVE ( 'NONE', #3100, #1268, #4402, .T. ) ;
#181 = ORIENTED_EDGE ( 'NONE', *, *, #2271, .F. ) ;
#182 = FILL_AREA_STYLE ('',( #3854 ) ) ;
#183 = CARTESIAN_POINT ( 'NONE',  ( 2.140756629954999823, 1.100000000000000089, 0.08319033040855999817 ) ) ;
#184 = CARTESIAN_POINT ( 'NONE',  ( -1.086123348017999923, 0.8603436123350000075, 0.9000000000000001332 ) ) ;
#185 = CARTESIAN_POINT ( 'NONE',  ( -1.949999999999999956, 1.159165628733000108, 0.8928943887870000040 ) ) ;
#186 = VERTEX_POINT ( 'NONE', #1945 ) ;
#187 = VERTEX_POINT ( 'NONE', #2833 ) ;
#188 = STYLED_ITEM ( 'NONE', ( #4228 ), #137 ) ;
#189 = CARTESIAN_POINT ( 'NONE',  ( -1.133370044052999903, -0.4272114537439999915, 0.8950000000000000178 ) ) ;
#190 = STYLED_ITEM ( 'NONE', ( #1304 ), #282 ) ;
#191 = ORIENTED_EDGE ( 'NONE', *, *, #1151, .T. ) ;
#192 = LINE ( 'NONE', #1814, #5120 ) ;
#193 = CARTESIAN_POINT ( 'NONE',  ( -0.5000000000000000000, -0.8398766519820000109, 0.8950000000000000178 ) ) ;
#194 = VERTEX_POINT ( 'NONE', #775 ) ;
#195 = B_SPLINE_CURVE_WITH_KNOTS ( 'NONE', 3,
 ( #3528, #4792, #5080, #680 ),
 .UNSPECIFIED., .F., .F.,
 ( 4, 4 ),
 ( 0.0000000000000000000, 1.000000000000000000 ),
 .UNSPECIFIED. ) ;
#196 = VERTEX_POINT ( 'NONE', #3972 ) ;
#197 = CARTESIAN_POINT ( 'NONE',  ( -0.6866740088110000473, -0.6594801762109999688, 0.9000000000000001332 ) ) ;
#198 = CARTESIAN_POINT ( 'NONE',  ( -1.949999999996604894, -55445.74444449719158, -499000.0000000000000 ) ) ;
#199 = CARTESIAN_POINT ( 'NONE',  ( -0.5485682819380000019, -0.8055154185020000357, 0.8950000000000000178 ) ) ;
#200 = CARTESIAN_POINT ( 'NONE',  ( 1.949999999999999956, -1.110495720687000087, 0.9000000000000001332 ) ) ;
#201 = ADVANCED_FACE ( 'NONE', ( #3158 ), #1125, .T. ) ;
#202 = CARTESIAN_POINT ( 'NONE',  ( -1.218942731277999902, 0.06706167400880999607, 0.9000000000000001332 ) ) ;
#203 = SURFACE_STYLE_USAGE ( .BOTH. , #975 ) ;
#204 = LINE ( 'NONE', #3513, #705 ) ;
#205 = ORIENTED_EDGE ( 'NONE', *, *, #288, .F. ) ;
#206 = EDGE_CURVE ( 'NONE', #211, #4795, #1570, .T. ) ;
#207 = SURFACE_SIDE_STYLE ('',( #1010 ) ) ;
#208 = FILL_AREA_STYLE_COLOUR ( '', #2773 ) ;
#209 = CARTESIAN_POINT ( 'NONE',  ( -2.057196670993000520, 1.162794356026453091, 0.8352299610649999151 ) ) ;
#210 = MECHANICAL_DESIGN_GEOMETRIC_PRESENTATION_REPRESENTATION (  '', ( #5272 ), #2940 ) ;
#211 = VERTEX_POINT ( 'NONE', #4832 ) ;
#212 = ORIENTED_EDGE ( 'NONE', *, *, #4453, .F. ) ;
#213 = EDGE_CURVE ( 'NONE', #2094, #1725, #5284, .T. ) ;
#214 = DIRECTION ( 'NONE',  ( 0.0000000000000000000, -0.0000000000000000000, 1.000000000000000000 ) ) ;
#215 = ORIENTED_EDGE ( 'NONE', *, *, #984, .T. ) ;
#216 = LINE ( 'NONE', #2565, #1345 ) ;
#217 = B_SPLINE_SURFACE_WITH_KNOTS ( 'NONE', 2, 1, ( 
 ( #328, #1949 ),
 ( #1551, #2401 ),
 ( #4918, #4520 ) ),
 .UNSPECIFIED., .F., .F., .F.,
 ( 3, 3 ),
 ( 2, 2 ),
 ( 0.0000000000000000000, 1.000000000000000000 ),
 ( 0.0000000000000000000, 1.000000000000000000 ),
 .UNSPECIFIED. ) ;
#218 = CARTESIAN_POINT ( 'NONE',  ( -0.5075991189430000272, -0.8725859030839999697, 0.9000000000000001332 ) ) ;
#219 = ORIENTED_EDGE ( 'NONE', *, *, #5182, .F. ) ;
#220 = MECHANICAL_DESIGN_GEOMETRIC_PRESENTATION_REPRESENTATION (  '', ( #654 ), #2523 ) ;
#221 = ORIENTED_EDGE ( 'NONE', *, *, #4124, .T. ) ;
#222 = CARTESIAN_POINT ( 'NONE',  ( -1.087775330396000051, 0.6944845814980000753, 0.8950000000000000178 ) ) ;
#223 = AXIS2_PLACEMENT_3D ( 'NONE', #4810, #432, #2778 ) ;
#224 = DIRECTION ( 'NONE',  ( 1.000000000000000000, -0.0000000000000000000, -0.0000000000000000000 ) ) ;
#225 = CARTESIAN_POINT ( 'NONE',  ( -1.960495720687000176, 1.100000000000000089, 0.9000000000000001332 ) ) ;
#226 = CARTESIAN_POINT ( 'NONE',  ( -1.550000000000000266, 1.110495720687000087, 0.9000000000000001332 ) ) ;
#227 = CARTESIAN_POINT ( 'NONE',  ( 1.997398385008909205, -1.180914104466000092, 0.8786759966329998894 ) ) ;
#228 = PRESENTATION_LAYER_ASSIGNMENT (  '', '', ( #3655 ) ) ;
#229 = CARTESIAN_POINT ( 'NONE',  ( -0.5000000000000000000, 0.8375462555070000148, 0.8950000000000000178 ) ) ;
#230 = DIRECTION ( 'NONE',  ( 0.0000000000000000000, 0.0000000000000000000, 1.000000000000000000 ) ) ;
#231 = DIRECTION ( 'NONE',  ( -0.0000000000000000000, 1.000000000000000000, 0.0000000000000000000 ) ) ;
#232 = MECHANICAL_DESIGN_GEOMETRIC_PRESENTATION_REPRESENTATION (  '', ( #68 ), #492 ) ;
#233 = CARTESIAN_POINT ( 'NONE',  ( -0.8594713656389999512, 0.6690440528629999495, 0.8950000000000000178 ) ) ;
#234 = CARTESIAN_POINT ( 'NONE',  ( -1.649999999999999911, -0.6750000000000000444, 0.0000000000000000000 ) ) ;
#235 = ORIENTED_EDGE ( 'NONE', *, *, #1931, .T. ) ;
#236 = EDGE_CURVE ( 'NONE', #2593, #4807, #3725, .T. ) ;
#237 =( GEOMETRIC_REPRESENTATION_CONTEXT ( 3 ) GLOBAL_UNCERTAINTY_ASSIGNED_CONTEXT ( ( #1480 ) ) GLOBAL_UNIT_ASSIGNED_CONTEXT ( ( #331, #4840, #1655 ) ) REPRESENTATION_CONTEXT ( 'NONE', 'WORKASPACE' ) );
#238 = CARTESIAN_POINT ( 'NONE',  ( -2.649999999999999911, 0.6750000000000000444, 0.0000000000000000000 ) ) ;
#239 = CARTESIAN_POINT ( 'NONE',  ( 2.140756629954999823, 1.211742646715052940, 0.08319033040855998429 ) ) ;
#240 = CARTESIAN_POINT ( 'NONE',  ( 2.649999999999999911, -0.6750000000000000444, 0.0000000000000000000 ) ) ;
#241 =( NAMED_UNIT ( * ) PLANE_ANGLE_UNIT ( ) SI_UNIT ( $, .RADIAN. ) );
#242 = MECHANICAL_DESIGN_GEOMETRIC_PRESENTATION_REPRESENTATION (  '', ( #4201 ), #4707 ) ;
#243 = ORIENTED_EDGE ( 'NONE', *, *, #1760, .T. ) ;
#244 = B_SPLINE_CURVE_WITH_KNOTS ( 'NONE', 3,
 ( #2146, #1740, #1397, #4660 ),
 .UNSPECIFIED., .F., .F.,
 ( 4, 4 ),
 ( 0.0000000000000000000, 1.000000000000000000 ),
 .UNSPECIFIED. ) ;
#245 = VERTEX_POINT ( 'NONE', #4428 ) ;
#246 = EDGE_CURVE ( 'NONE', #2398, #4405, #749, .T. ) ;
#247 = LINE ( 'NONE', #2646, #900 ) ;
#248 = LINE ( 'NONE', #1073, #2767 ) ;
#249 = ORIENTED_EDGE ( 'NONE', *, *, #2886, .F. ) ;
#250 = CARTESIAN_POINT ( 'NONE',  ( -0.9017621145369999480, -0.7469251101323334252, 0.8950000000000000178 ) ) ;
#251 = ORIENTED_EDGE ( 'NONE', *, *, #1823, .T. ) ;
#252 =( GEOMETRIC_REPRESENTATION_CONTEXT ( 3 ) GLOBAL_UNCERTAINTY_ASSIGNED_CONTEXT ( ( #1164 ) ) GLOBAL_UNIT_ASSIGNED_CONTEXT ( ( #2121, #2944, #1214 ) ) REPRESENTATION_CONTEXT ( 'NONE', 'WORKASPACE' ) );
#253 = ORIENTED_EDGE ( 'NONE', *, *, #726, .T. ) ;
#254 = EDGE_CURVE ( 'NONE', #3069, #4410, #967, .T. ) ;
#255 = CARTESIAN_POINT ( 'NONE',  ( -0.9460352422910000003, -0.8250088105730000176, 0.8950000000000000178 ) ) ;
#256 = CARTESIAN_POINT ( 'NONE',  ( 1.949999999999999956, -1.110495720687000087, 0.8000000000000000444 ) ) ;
#257 = FACE_OUTER_BOUND ( 'NONE', #4004, .T. ) ;
#258 = DIRECTION ( 'NONE',  ( 0.0000000000000000000, 0.0000000000000000000, 1.000000000000000000 ) ) ;
#259 = FACE_OUTER_BOUND ( 'NONE', #567, .T. ) ;
#260 = FACE_OUTER_BOUND ( 'NONE', #1469, .T. ) ;
#261 = APPLICATION_PROTOCOL_DEFINITION ( 'draft international standard', 'automotive_design', 1998, #1748 ) ;
#262 = CARTESIAN_POINT ( 'NONE',  ( -1.350000000000000089, 1.110495720687000087, 0.9000000000000001332 ) ) ;
#263 = UNCERTAINTY_MEASURE_WITH_UNIT (LENGTH_MEASURE( 1.000000000000000082E-05 ), #5160, 'distance_accuracy_value', 'NONE');
#264 = PLANE ( 'NONE',  #4910 ) ;
#265 = ORIENTED_EDGE ( 'NONE', *, *, #2308, .F. ) ;
#266 = B_SPLINE_SURFACE_WITH_KNOTS ( 'NONE', 2, 1, ( 
 ( #3473, #1822 ),
 ( #3819, #971 ),
 ( #1425, #3794 ) ),
 .UNSPECIFIED., .F., .F., .F.,
 ( 3, 3 ),
 ( 2, 2 ),
 ( 0.0000000000000000000, 1.000000000000000000 ),
 ( 0.0000000000000000000, 1.000000000000000000 ),
 .UNSPECIFIED. ) ;
#267 =( LENGTH_UNIT ( ) NAMED_UNIT ( * ) SI_UNIT ( .MILLI., .METRE. ) );
#268 = SURFACE_STYLE_USAGE ( .BOTH. , #4750 ) ;
#269 = LINE ( 'NONE', #5173, #3041 ) ;
#270 = CARTESIAN_POINT ( 'NONE',  ( -1.649999999999999689, 0.6749999999999999334, 0.0000000000000000000 ) ) ;
#271 = EDGE_CURVE ( 'NONE', #4116, #43, #4570, .T. ) ;
#272 = UNCERTAINTY_MEASURE_WITH_UNIT (LENGTH_MEASURE( 1.000000000000000082E-05 ), #4761, 'distance_accuracy_value', 'NONE');
#273 = ORIENTED_EDGE ( 'NONE', *, *, #2710, .F. ) ;
#274 = B_SPLINE_CURVE_WITH_KNOTS ( 'NONE', 3,
 ( #5192, #3535, #5170, #2717 ),
 .UNSPECIFIED., .F., .F.,
 ( 4, 4 ),
 ( 0.0000000000000000000, 1.000000000000000000 ),
 .UNSPECIFIED. ) ;
#275 = CARTESIAN_POINT ( 'NONE',  ( -0.5075991189430000272, -0.8725859030839999697, 0.8950000000000000178 ) ) ;
#276 = ADVANCED_FACE ( 'NONE', ( #533 ), #829, .T. ) ;
#277 = EDGE_LOOP ( 'NONE', ( #31, #1413, #4872, #5123 ) ) ;
#278 = CLOSED_SHELL ( 'NONE', ( #1768, #4914, #5071, #5029, #3256, #3375 ) ) ;
#279 = ORIENTED_EDGE ( 'NONE', *, *, #3391, .F. ) ;
#280 = ORIENTED_EDGE ( 'NONE', *, *, #2427, .F. ) ;
#281 = CARTESIAN_POINT ( 'NONE',  ( -0.9371145374449999510, -0.8672995594710000145, 0.8950000000000000178 ) ) ;
#282 = ADVANCED_FACE ( 'NONE', ( #1679 ), #452, .T. ) ;
#283 = CARTESIAN_POINT ( 'NONE',  ( -0.8584801762110000345, 0.8841321585900001612, 0.8950000000000000178 ) ) ;
#284 = CARTESIAN_POINT ( 'NONE',  ( -0.5997797356830000259, -0.6908678414100000165, 0.8950000000000000178 ) ) ;
#285 = DIRECTION ( 'NONE',  ( 0.7179239776116999039, 0.6961215140837090365, 0.0000000000000000000 ) ) ;
#286 = CIRCLE ( 'NONE', #4321, 0.1000000000000000056 ) ;
#287 = CARTESIAN_POINT ( 'NONE',  ( -0.9017621145369999480, -0.7922995594710000589, 0.9000000000000002442 ) ) ;
#288 = EDGE_CURVE ( 'NONE', #4229, #5286, #4224, .T. ) ;
#289 = COLOUR_RGB ( '',0.0000000000000000000, 0.0000000000000000000, 0.0000000000000000000 ) ;
#290 = FACE_OUTER_BOUND ( 'NONE', #4969, .T. ) ;
#291 = CARTESIAN_POINT ( 'NONE',  ( -1.949999999999999734, -1.159165628733000553, 0.8928943887870000040 ) ) ;
#292 = LINE ( 'NONE', #768, #4741 ) ;
#293 = ORIENTED_EDGE ( 'NONE', *, *, #5086, .T. ) ;
#294 = DIRECTION ( 'NONE',  ( -0.6928260941980852738, 0.7211047102870886683, 0.0000000000000000000 ) ) ;
#295 = CARTESIAN_POINT ( 'NONE',  ( -0.5859030836999999936, -0.9274317180619999768, 0.8950000000000000178 ) ) ;
#296 = CARTESIAN_POINT ( 'NONE',  ( 2.059884094155000067, 1.164368612066917219, 0.8110431526070002173 ) ) ;
#297 = FACE_OUTER_BOUND ( 'NONE', #1019, .T. ) ;
#298 = B_SPLINE_CURVE_WITH_KNOTS ( 'NONE', 3,
 ( #1077, #1494, #5154, #2703 ),
 .UNSPECIFIED., .F., .F.,
 ( 4, 4 ),
 ( 0.0000000000000000000, 1.000000000000000000 ),
 .UNSPECIFIED. ) ;
#299 = ORIENTED_EDGE ( 'NONE', *, *, #4833, .T. ) ;
#300 = CARTESIAN_POINT ( 'NONE',  ( 2.649999999999999911, -0.6750000000000000444, 0.1499999999999999944 ) ) ;
#301 = ORIENTED_EDGE ( 'NONE', *, *, #984, .F. ) ;
#302 = CARTESIAN_POINT ( 'NONE',  ( -1.054735682819500031, 0.3597929515419999724, 0.8950000000000000178 ) ) ;
#303 = PRESENTATION_STYLE_ASSIGNMENT (( #1894 ) ) ;
#304 = VERTEX_POINT ( 'NONE', #2084 ) ;
#305 = ORIENTED_EDGE ( 'NONE', *, *, #1049, .F. ) ;
#306 = MECHANICAL_DESIGN_GEOMETRIC_PRESENTATION_REPRESENTATION (  '', ( #560 ), #4675 ) ;
#307 = EDGE_CURVE ( 'NONE', #1983, #4943, #3321, .T. ) ;
#308 = FILL_AREA_STYLE ('',( #4065 ) ) ;
#309 = CARTESIAN_POINT ( 'NONE',  ( -0.8574889867839999846, 0.6122158590309999537, 0.9000000000000001332 ) ) ;
#310 = CARTESIAN_POINT ( 'NONE',  ( 1.949999999999999956, -1.290756629954999957, 0.08319033040855999817 ) ) ;
#311 = VERTEX_POINT ( 'NONE', #4940 ) ;
#312 = EDGE_CURVE ( 'NONE', #4857, #4055, #4572, .T. ) ;
#313 = MECHANICAL_DESIGN_GEOMETRIC_PRESENTATION_REPRESENTATION (  '', ( #2267 ), #4944 ) ;
#314 = CARTESIAN_POINT ( 'NONE',  ( -0.5000000000000000000, 0.7787356828189999636, 0.8950000000000000178 ) ) ;
#315 = DIRECTION ( 'NONE',  ( 1.999999999999999958E-16, 1.000000000000000000, 0.0000000000000000000 ) ) ;
#316 = DIRECTION ( 'NONE',  ( -0.7390061745760655443, -0.6736986521720597088, 0.0000000000000000000 ) ) ;
#317 = STYLED_ITEM ( 'NONE', ( #2512 ), #3325 ) ;
#318 = ORIENTED_EDGE ( 'NONE', *, *, #4418, .T. ) ;
#319 = AXIS2_PLACEMENT_3D ( 'NONE', #3394, #4938, #823 ) ;
#320 = PRESENTATION_STYLE_ASSIGNMENT (( #1514 ) ) ;
#321 = LINE ( 'NONE', #1911, #851 ) ;
#322 = CARTESIAN_POINT ( 'NONE',  ( -2.038273498465000166, -1.100000000000000089, 2.486349253339500554E-32 ) ) ;
#323 = CARTESIAN_POINT ( 'NONE',  ( -1.126101321586000070, 0.3436035242289999792, 0.8950000000000000178 ) ) ;
#324 = CARTESIAN_POINT ( 'NONE',  ( -1.057378854625999898, 0.01254625550660999969, 0.8950000000000000178 ) ) ;
#325 = ORIENTED_EDGE ( 'NONE', *, *, #734, .T. ) ;
#326 = VERTEX_POINT ( 'NONE', #4966 ) ;
#327 = PRESENTATION_LAYER_ASSIGNMENT (  '', '', ( #3576 ) ) ;
#328 = CARTESIAN_POINT ( 'NONE',  ( -0.5310572687219999866, -0.6918590308370000663, 0.8950000000000000178 ) ) ;
#329 = LINE ( 'NONE', #781, #4516 ) ;
#330 = ORIENTED_EDGE ( 'NONE', *, *, #4906, .F. ) ;
#331 =( LENGTH_UNIT ( ) NAMED_UNIT ( * ) SI_UNIT ( .MILLI., .METRE. ) );
#332 = ORIENTED_EDGE ( 'NONE', *, *, #2694, .T. ) ;
#333 = ORIENTED_EDGE ( 'NONE', *, *, #1311, .T. ) ;
#334 = AXIS2_PLACEMENT_3D ( 'NONE', #3873, #1059, #4665 ) ;
#335 = CARTESIAN_POINT ( 'NONE',  ( -0.8594713656389999512, 0.6690440528629999495, 0.9000000000000001332 ) ) ;
#336 = FILL_AREA_STYLE ('',( #737 ) ) ;
#337 = STYLED_ITEM ( 'NONE', ( #3706 ), #4914 ) ;
#338 = EDGE_CURVE ( 'NONE', #1917, #1239, #1280, .T. ) ;
#339 = CARTESIAN_POINT ( 'NONE',  ( -0.5000000000000000000, -0.8025418502200000193, 0.8950000000000000178 ) ) ;
#340 = CARTESIAN_POINT ( 'NONE',  ( -2.118398486594999852, -1.198645549564247403, 0.02828470682495000388 ) ) ;
#341 = CARTESIAN_POINT ( 'NONE',  ( -1.949999999999999956, -1.188273498465000078, 0.1000000000000000056 ) ) ;
#342 = EDGE_CURVE ( 'NONE', #2935, #4451, #3799, .T. ) ;
#343 = CARTESIAN_POINT ( 'NONE',  ( -1.970403745583970023, -1.134831372448000586, 0.8999999999999999112 ) ) ;
#344 = CARTESIAN_POINT ( 'NONE',  ( -0.5570484581496666365, -0.7440616740083333402, 0.9000000000000001332 ) ) ;
#345 = ORIENTED_EDGE ( 'NONE', *, *, #4928, .T. ) ;
#346 = CARTESIAN_POINT ( 'NONE',  ( -1.132378854626000075, 0.01122466960351999922, 0.8950000000000000178 ) ) ;
#347 = CARTESIAN_POINT ( 'NONE',  ( -1.649999999999999689, -0.6749999999999999334, 0.1499999999999999944 ) ) ;
#348 =( LENGTH_UNIT ( ) NAMED_UNIT ( * ) SI_UNIT ( .MILLI., .METRE. ) );
#349 = CARTESIAN_POINT ( 'NONE',  ( -0.5000000000000000000, 0.7787356828189999636, 0.8950000000000000178 ) ) ;
#350 = ADVANCED_FACE ( 'NONE', ( #4515 ), #856, .T. ) ;
#351 = VERTEX_POINT ( 'NONE', #2482 ) ;
#352 = LINE ( 'NONE', #3620, #4264 ) ;
#353 = CARTESIAN_POINT ( 'NONE',  ( -0.5442731277529999634, 0.8728986784140001509, 0.9000000000000001332 ) ) ;
#354 = ORIENTED_EDGE ( 'NONE', *, *, #1443, .F. ) ;
#355 = PLANE ( 'NONE',  #4917 ) ;
#356 = EDGE_LOOP ( 'NONE', ( #1581, #756, #2462, #2488 ) ) ;
#357 = ORIENTED_EDGE ( 'NONE', *, *, #1946, .T. ) ;
#358 = CARTESIAN_POINT ( 'NONE',  ( -1.218942731277999902, 0.7787356828189999636, 0.9000000000000001332 ) ) ;
#359 = FACE_OUTER_BOUND ( 'NONE', #4601, .T. ) ;
#360 = PLANE ( 'NONE',  #3061 ) ;
#361 = B_SPLINE_CURVE_WITH_KNOTS ( 'NONE', 3,
 ( #4375, #4881, #1194, #2824 ),
 .UNSPECIFIED., .F., .F.,
 ( 4, 4 ),
 ( 0.0000000000000000000, 1.000000000000000000 ),
 .UNSPECIFIED. ) ;
#362 = COLOUR_RGB ( '',0.7098039215686274828, 0.7098039215686274828, 0.7098039215686274828 ) ;
#363 = EDGE_CURVE ( 'NONE', #376, #3308, #786, .T. ) ;
#364 = CONTEXT_DEPENDENT_SHAPE_REPRESENTATION ( #1920, #519 ) ;
#365 = CARTESIAN_POINT ( 'NONE',  ( -1.218942731277756764, 0.3680528634363534612, 0.8950000000000000178 ) ) ;
#366 = UNCERTAINTY_MEASURE_WITH_UNIT (LENGTH_MEASURE( 1.000000000000000082E-05 ), #3427, 'distance_accuracy_value', 'NONE');
#367 = CARTESIAN_POINT ( 'NONE',  ( -2.047447250525999962, -1.100000000000000089, 0.8586306990930000493 ) ) ;
#368 = CARTESIAN_POINT ( 'NONE',  ( -1.017400881057000106, -0.4232466960349999807, 0.8950000000000000178 ) ) ;
#369 = ORIENTED_EDGE ( 'NONE', *, *, #84, .T. ) ;
#370 = EDGE_CURVE ( 'NONE', #549, #2912, #4136, .T. ) ;
#371 = AXIS2_PLACEMENT_3D ( 'NONE', #50, #4049, #2392 ) ;
#372 = FACE_OUTER_BOUND ( 'NONE', #3347, .T. ) ;
#373 = CARTESIAN_POINT ( 'NONE',  ( -0.6430616740090000505, -0.6753392070479999898, 0.8950000000000000178 ) ) ;
#374 = DIRECTION ( 'NONE',  ( 0.0000000000000000000, 0.0000000000000000000, -1.000000000000000000 ) ) ;
#375 = VECTOR ( 'NONE', #146, 1000.000000000000114 ) ;
#376 = VERTEX_POINT ( 'NONE', #947 ) ;
#377 = EDGE_CURVE ( 'NONE', #2757, #844, #204, .T. ) ;
#378 = PLANE ( 'NONE',  #4178 ) ;
#379 = DIRECTION ( 'NONE',  ( 0.0000000000000000000, 0.0000000000000000000, 1.000000000000000000 ) ) ;
#380 = VERTEX_POINT ( 'NONE', #5144 ) ;
#381 = LINE ( 'NONE', #5293, #540 ) ;
#382 = ORIENTED_EDGE ( 'NONE', *, *, #3455, .F. ) ;
#383 = ORIENTED_EDGE ( 'NONE', *, *, #1256, .F. ) ;
#384 = EDGE_CURVE ( 'NONE', #898, #3648, #4748, .T. ) ;
#385 = FACE_OUTER_BOUND ( 'NONE', #599, .T. ) ;
#386 = CARTESIAN_POINT ( 'NONE',  ( 1.649999999999999911, 4.000000000000000286E-17, 0.0000000000000000000 ) ) ;
#387 = EDGE_LOOP ( 'NONE', ( #2198, #4573, #2510, #1709 ) ) ;
#388 = VECTOR ( 'NONE', #735, 1000.000000000000000 ) ;
#389 = CARTESIAN_POINT ( 'NONE',  ( -2.018125629601310145, -1.216297724264999935, -4.293440603042999385E-17 ) ) ;
#390 = VECTOR ( 'NONE', #1716, 1000.000000000000000 ) ;
#391 = CARTESIAN_POINT ( 'NONE',  ( -0.5485682819380000019, 0.8172819383256666459, 0.8950000000000000178 ) ) ;
#392 = ORIENTED_EDGE ( 'NONE', *, *, #4778, .T. ) ;
#393 = MECHANICAL_DESIGN_GEOMETRIC_PRESENTATION_REPRESENTATION (  '', ( #897 ), #1328 ) ;
#394 = LINE ( 'NONE', #3693, #2414 ) ;
#395 = LINE ( 'NONE', #1483, #1263 ) ;
#396 = CARTESIAN_POINT ( 'NONE',  ( -0.5859030836999999936, -0.9274317180619999768, 0.9000000000000001332 ) ) ;
#397 = CARTESIAN_POINT ( 'NONE',  ( -0.9460352422910000003, -0.8250088105730000176, 0.8950000000000000178 ) ) ;
#398 = SURFACE_STYLE_FILL_AREA ( #5201 ) ;
#399 = EDGE_CURVE ( 'NONE', #4595, #4812, #1108, .T. ) ;
#400 = ORIENTED_EDGE ( 'NONE', *, *, #763, .T. ) ;
#401 = B_SPLINE_SURFACE_WITH_KNOTS ( 'NONE', 2, 1, ( 
 ( #2312, #1477 ),
 ( #3553, #3476 ),
 ( #1933, #287 ) ),
 .UNSPECIFIED., .F., .F., .F.,
 ( 3, 3 ),
 ( 2, 2 ),
 ( 0.0000000000000000000, 1.000000000000000000 ),
 ( 0.0000000000000000000, 1.000000000000000000 ),
 .UNSPECIFIED. ) ;
#402 = ORIENTED_EDGE ( 'NONE', *, *, #1350, .T. ) ;
#403 = VECTOR ( 'NONE', #3716, 1000.000000000000000 ) ;
#404 = LINE ( 'NONE', #2034, #992 ) ;
#405 = CARTESIAN_POINT ( 'NONE',  ( -0.6688325991189999487, 0.9241101321590000639, 0.9000000000000001332 ) ) ;
#406 = CARTESIAN_POINT ( 'NONE',  ( -1.218942731277878222, 0.3680528634361178164, 0.9000000000000001332 ) ) ;
#407 = STYLED_ITEM ( 'NONE', ( #1159 ), #4057 ) ;
#408 = EDGE_CURVE ( 'NONE', #2293, #1464, #1037, .T. ) ;
#409 = DIRECTION ( 'NONE',  ( 0.0000000000000000000, -0.0000000000000000000, 1.000000000000000000 ) ) ;
#410 = ORIENTED_EDGE ( 'NONE', *, *, #2533, .T. ) ;
#411 = ORIENTED_EDGE ( 'NONE', *, *, #3775, .T. ) ;
#412 =( GEOMETRIC_REPRESENTATION_CONTEXT ( 3 ) GLOBAL_UNCERTAINTY_ASSIGNED_CONTEXT ( ( #1964 ) ) GLOBAL_UNIT_ASSIGNED_CONTEXT ( ( #2881, #4593, #1750 ) ) REPRESENTATION_CONTEXT ( 'NONE', 'WORKASPACE' ) );
#413 = CARTESIAN_POINT ( 'NONE',  ( -1.032709251101333159, 0.6775242290746666951, 0.9000000000000001332 ) ) ;
#414 = CARTESIAN_POINT ( 'NONE',  ( 1.960495720687000176, 1.100000000000000089, 0.9000000000000001332 ) ) ;
#415 = CARTESIAN_POINT ( 'NONE',  ( -0.8951541850219999485, -0.8471453744490000659, 0.9000000000000001332 ) ) ;
#416 = ADVANCED_FACE ( 'NONE', ( #2183 ), #264, .T. ) ;
#417 = FACE_OUTER_BOUND ( 'NONE', #83, .T. ) ;
#418 = VERTEX_POINT ( 'NONE', #234 ) ;
#419 = VECTOR ( 'NONE', #1143, 1000.000000000000000 ) ;
#420 = VECTOR ( 'NONE', #789, 1000.000000000000000 ) ;
#421 = CARTESIAN_POINT ( 'NONE',  ( -2.001709418202676893, -1.188273498465000300, 9.945397013358000026E-32 ) ) ;
#422 = CARTESIAN_POINT ( 'NONE',  ( -2.649999999999999911, 0.6750000000000000444, 0.1499999999999999944 ) ) ;
#423 = FACE_OUTER_BOUND ( 'NONE', #5, .T. ) ;
#424 = ORIENTED_EDGE ( 'NONE', *, *, #4937, .F. ) ;
#425 = AXIS2_PLACEMENT_3D ( 'NONE', #2341, #2316, #2744 ) ;
#426 = CARTESIAN_POINT ( 'NONE',  ( -0.9488986784143333963, -0.8093700440529999485, 0.9000000000000001332 ) ) ;
#427 = LINE ( 'NONE', #1249, #403 ) ;
#428 =( LENGTH_UNIT ( ) NAMED_UNIT ( * ) SI_UNIT ( .MILLI., .METRE. ) );
#429 = ORIENTED_EDGE ( 'NONE', *, *, #2953, .F. ) ;
#430 = ORIENTED_EDGE ( 'NONE', *, *, #3751, .T. ) ;
#431 = PRODUCT_RELATED_PRODUCT_CATEGORY ( 'part', '', ( #4904 ) ) ;
#432 = DIRECTION ( 'NONE',  ( -2.199999999999999757E-16, 1.000000000000000000, 0.0000000000000000000 ) ) ;
#433 = B_SPLINE_CURVE_WITH_KNOTS ( 'NONE', 3,
 ( #1811, #1018, #4755, #3543 ),
 .UNSPECIFIED., .F., .F.,
 ( 4, 4 ),
 ( 0.0000000000000000000, 1.000000000000000000 ),
 .UNSPECIFIED. ) ;
#434 = ORIENTED_EDGE ( 'NONE', *, *, #1970, .T. ) ;
#435 = EDGE_CURVE ( 'NONE', #3308, #4033, #4254, .T. ) ;
#436 = CARTESIAN_POINT ( 'NONE',  ( -1.137334801761999969, 0.3538458149779999951, 0.9000000000000001332 ) ) ;
#437 =( LENGTH_UNIT ( ) NAMED_UNIT ( * ) SI_UNIT ( .MILLI., .METRE. ) );
#438 = DIRECTION ( 'NONE',  ( 1.999999999999999958E-16, 1.000000000000000000, 0.0000000000000000000 ) ) ;
#439 = CARTESIAN_POINT ( 'NONE',  ( 1.960495720687000176, -1.100000000000000089, 0.8000000000000000444 ) ) ;
#440 = ORIENTED_EDGE ( 'NONE', *, *, #4476, .T. ) ;
#441 = EDGE_CURVE ( 'NONE', #4307, #4055, #2292, .T. ) ;
#442 = CARTESIAN_POINT ( 'NONE',  ( -2.038273498465000166, -1.151709418202676805, 9.945397013358000026E-32 ) ) ;
#443 = CARTESIAN_POINT ( 'NONE',  ( -0.7037444933923333590, -0.6594801762109999688, 0.9000000000000001332 ) ) ;
#444 = FACE_OUTER_BOUND ( 'NONE', #2594, .T. ) ;
#445 = CARTESIAN_POINT ( 'NONE',  ( -0.5591409691630000456, -0.8715947136560000530, 0.8950000000000000178 ) ) ;
#446 = PRESENTATION_STYLE_ASSIGNMENT (( #2077 ) ) ;
#447 = EDGE_CURVE ( 'NONE', #2829, #2252, #1859, .T. ) ;
#448 = DIRECTION ( 'NONE',  ( 0.0000000000000000000, 0.0000000000000000000, 1.000000000000000000 ) ) ;
#449 = VECTOR ( 'NONE', #4421, 1000.000000000000000 ) ;
#450 = DIRECTION ( 'NONE',  ( 0.0000000000000000000, -1.000000000000000000, 0.0000000000000000000 ) ) ;
#451 = SURFACE_STYLE_FILL_AREA ( #2508 ) ;
#452 = PLANE ( 'NONE',  #4320 ) ;
#453 = ORIENTED_EDGE ( 'NONE', *, *, #5086, .F. ) ;
#454 = ORIENTED_EDGE ( 'NONE', *, *, #5115, .T. ) ;
#455 = CIRCLE ( 'NONE', #2243, 0.1000000000000000056 ) ;
#456 = CARTESIAN_POINT ( 'NONE',  ( -0.8951541850219999485, -0.8471453744490000659, 0.8950000000000000178 ) ) ;
#457 = CARTESIAN_POINT ( 'NONE',  ( -0.8158590308369999544, -0.6594801762109999688, 0.8950000000000000178 ) ) ;
#458 = MECHANICAL_DESIGN_GEOMETRIC_PRESENTATION_REPRESENTATION (  '', ( #3795 ), #3102 ) ;
#459 = VECTOR ( 'NONE', #4002, 1000.000000000000114 ) ;
#460 = FACE_OUTER_BOUND ( 'NONE', #592, .T. ) ;
#461 = VERTEX_POINT ( 'NONE', #179 ) ;
#462 = FILL_AREA_STYLE_COLOUR ( '', #3029 ) ;
#463 = SURFACE_SIDE_STYLE ('',( #546 ) ) ;
#464 = DIRECTION ( 'NONE',  ( 1.000000000000000000, 0.0000000000000000000, -0.0000000000000000000 ) ) ;
#465 = ORIENTED_EDGE ( 'NONE', *, *, #3708, .F. ) ;
#466 = EDGE_CURVE ( 'NONE', #4656, #2643, #1829, .T. ) ;
#467 = CARTESIAN_POINT ( 'NONE',  ( -1.950000000000000178, 1.216297724265000380, 8.491471414906000369E-17 ) ) ;
#468 = DIRECTION ( 'NONE',  ( 0.0000000000000000000, 0.0000000000000000000, -1.000000000000000000 ) ) ;
#469 = VECTOR ( 'NONE', #601, 1000.000000000000000 ) ;
#470 = PRESENTATION_STYLE_ASSIGNMENT (( #5033 ) ) ;
#471 = DIRECTION ( 'NONE',  ( 0.0000000000000000000, 1.000000000000000000, -0.0000000000000000000 ) ) ;
#472 = EDGE_CURVE ( 'NONE', #62, #4554, #4667, .T. ) ;
#473 = MECHANICAL_DESIGN_GEOMETRIC_PRESENTATION_REPRESENTATION (  '', ( #2520 ), #4171 ) ;
#474 = CARTESIAN_POINT ( 'NONE',  ( -1.949999999999999512, -1.209884094148665046, 0.8110431526536993063 ) ) ;
#475 =( NAMED_UNIT ( * ) PLANE_ANGLE_UNIT ( ) SI_UNIT ( $, .RADIAN. ) );
#476 = DIRECTION ( 'NONE',  ( 0.0000000000000000000, 0.0000000000000000000, 1.000000000000000000 ) ) ;
#477 = UNCERTAINTY_MEASURE_WITH_UNIT (LENGTH_MEASURE( 1.000000000000000082E-05 ), #3020, 'distance_accuracy_value', 'NONE');
#478 = CARTESIAN_POINT ( 'NONE',  ( -1.059251101321333266, 0.9276343612336667155, 0.9000000000000001332 ) ) ;
#479 = MECHANICAL_DESIGN_GEOMETRIC_PRESENTATION_REPRESENTATION (  '', ( #1836 ), #2102 ) ;
#480 = EDGE_CURVE ( 'NONE', #3065, #703, #3423, .T. ) ;
#481 = ORIENTED_EDGE ( 'NONE', *, *, #12, .F. ) ;
#482 = VERTEX_POINT ( 'NONE', #3008 ) ;
#483 = CIRCLE ( 'NONE', #3221, 0.09999999999999982514 ) ;
#484 = DIRECTION ( 'NONE',  ( 2.199999999999999757E-16, -1.000000000000000000, 0.0000000000000000000 ) ) ;
#485 = FACE_OUTER_BOUND ( 'NONE', #1022, .T. ) ;
#486 = CARTESIAN_POINT ( 'NONE',  ( -3.000000000000000061E-17, -1.099999999999999878E-16, 0.9000000000000001332 ) ) ;
#487 = EDGE_LOOP ( 'NONE', ( #4404, #1960, #3701, #3491 ) ) ;
#488 = SURFACE_STYLE_FILL_AREA ( #2090 ) ;
#489 = FILL_AREA_STYLE ('',( #2119 ) ) ;
#490 = LINE ( 'NONE', #4606, #2024 ) ;
#491 = ORIENTED_EDGE ( 'NONE', *, *, #763, .F. ) ;
#492 =( GEOMETRIC_REPRESENTATION_CONTEXT ( 3 ) GLOBAL_UNCERTAINTY_ASSIGNED_CONTEXT ( ( #4621 ) ) GLOBAL_UNIT_ASSIGNED_CONTEXT ( ( #2231, #4661, #2173 ) ) REPRESENTATION_CONTEXT ( 'NONE', 'WORKASPACE' ) );
#493 = B_SPLINE_CURVE_WITH_KNOTS ( 'NONE', 3,
 ( #2249, #3888, #3408, #1785 ),
 .UNSPECIFIED., .F., .F.,
 ( 4, 4 ),
 ( 0.0000000000000000000, 1.000000000000000000 ),
 .UNSPECIFIED. ) ;
#494 = CARTESIAN_POINT ( 'NONE',  ( -1.029625550660999922, 0.01221585903083999974, 0.9000000000000001332 ) ) ;
#495 = FACE_OUTER_BOUND ( 'NONE', #4336, .T. ) ;
#496 = ADVANCED_FACE ( 'NONE', ( #4645 ), #1801, .T. ) ;
#497 = DIRECTION ( 'NONE',  ( -0.6961215140837089255, 0.7179239776116997929, 0.0000000000000000000 ) ) ;
#498 = CARTESIAN_POINT ( 'NONE',  ( -1.147246696035000069, 0.3617753303960000166, 0.8950000000000000178 ) ) ;
#499 =( NAMED_UNIT ( * ) SI_UNIT ( $, .STERADIAN. ) SOLID_ANGLE_UNIT ( ) );
#500 = LINE ( 'NONE', #4932, #3279 ) ;
#501 = LINE ( 'NONE', #1701, #3627 ) ;
#502 =( NAMED_UNIT ( * ) SI_UNIT ( $, .STERADIAN. ) SOLID_ANGLE_UNIT ( ) );
#503 = ADVANCED_FACE ( 'NONE', ( #3451 ), #4244, .T. ) ;
#504 = CARTESIAN_POINT ( 'NONE',  ( -0.9057268722469999922, -0.9201629955950000328, 0.9000000000000001332 ) ) ;
#505 =( NAMED_UNIT ( * ) PLANE_ANGLE_UNIT ( ) SI_UNIT ( $, .RADIAN. ) );
#506 = CARTESIAN_POINT ( 'NONE',  ( -0.5621145374449999510, -0.6472555066080000197, 0.9000000000000002442 ) ) ;
#507 = COLOUR_RGB ( '',0.7098039215686274828, 0.7098039215686274828, 0.7098039215686274828 ) ;
#508 = VERTEX_POINT ( 'NONE', #2765 ) ;
#509 = ORIENTED_EDGE ( 'NONE', *, *, #2260, .F. ) ;
#510 = ADVANCED_FACE ( 'NONE', ( #2367 ), #4450, .T. ) ;
#511 = FILL_AREA_STYLE ('',( #4972 ) ) ;
#512 = PRESENTATION_STYLE_ASSIGNMENT (( #5016 ) ) ;
#513 = FACE_OUTER_BOUND ( 'NONE', #128, .T. ) ;
#514 = EDGE_LOOP ( 'NONE', ( #2086, #5258, #1632, #3382, #1370, #5054, #2238, #4629, #2639, #3891, #2220, #4205, #4167, #990, #2995, #2089, #4236, #2406, #1580, #3757 ) ) ;
#515 = ORIENTED_EDGE ( 'NONE', *, *, #1925, .T. ) ;
#516 = DIRECTION ( 'NONE',  ( 0.0000000000000000000, 0.0000000000000000000, 1.000000000000000000 ) ) ;
#517 = CARTESIAN_POINT ( 'NONE',  ( -0.8340308370040001584, -0.6026519823790000840, 0.8950000000000000178 ) ) ;
#518 = DIRECTION ( 'NONE',  ( 0.0000000000000000000, 0.0000000000000000000, -1.000000000000000000 ) ) ;
#519 = PRODUCT_DEFINITION_SHAPE ( 'NONE', 'NONE',  #5305 ) ;
#520 = SURFACE_STYLE_FILL_AREA ( #2069 ) ;
#521 = ORIENTED_EDGE ( 'NONE', *, *, #2156, .F. ) ;
#522 = VERTEX_POINT ( 'NONE', #1995 ) ;
#523 = CARTESIAN_POINT ( 'NONE',  ( -0.8921806167400000431, -0.6462643171809999698, 0.8950000000000000178 ) ) ;
#524 = FACE_OUTER_BOUND ( 'NONE', #2686, .T. ) ;
#525 = CARTESIAN_POINT ( 'NONE',  ( -0.8301762114536667125, -0.6702731277529999643, 0.9000000000000001332 ) ) ;
#526 = CARTESIAN_POINT ( 'NONE',  ( -2.059884094155000067, -1.164368612066917441, 0.8110431526069999952 ) ) ;
#527 = CARTESIAN_POINT ( 'NONE',  ( 2.012794356026452736, -1.207196670993000431, 0.8352299610649999151 ) ) ;
#528 = CARTESIAN_POINT ( 'NONE',  ( -1.102312775329999939, 0.3191541850219999921, 0.8950000000000000178 ) ) ;
#529 = SURFACE_STYLE_FILL_AREA ( #2554 ) ;
#530 = CARTESIAN_POINT ( 'NONE',  ( -0.6862334801763333436, 0.8762026431716667396, 0.8950000000000000178 ) ) ;
#531 = UNCERTAINTY_MEASURE_WITH_UNIT (LENGTH_MEASURE( 1.000000000000000082E-05 ), #4543, 'distance_accuracy_value', 'NONE');
#532 = PLANE ( 'NONE',  #4021 ) ;
#533 = FACE_OUTER_BOUND ( 'NONE', #4083, .T. ) ;
#534 = ORIENTED_EDGE ( 'NONE', *, *, #46, .T. ) ;
#535 = EDGE_CURVE ( 'NONE', #2057, #1182, #1966, .T. ) ;
#536 = VECTOR ( 'NONE', #4856, 1000.000000000000000 ) ;
#537 = CARTESIAN_POINT ( 'NONE',  ( -0.5000000000000000000, -0.8025418502200000193, 0.9000000000000001332 ) ) ;
#538 = FACE_OUTER_BOUND ( 'NONE', #3938, .T. ) ;
#539 = DIRECTION ( 'NONE',  ( 1.000000000000000000, 0.0000000000000000000, 0.0000000000000000000 ) ) ;
#540 = VECTOR ( 'NONE', #4037, 1000.000000000000000 ) ;
#541 = VERTEX_POINT ( 'NONE', #4047 ) ;
#542 = VERTEX_POINT ( 'NONE', #4478 ) ;
#543 = EDGE_CURVE ( 'NONE', #2994, #2838, #3119, .T. ) ;
#544 = AXIS2_PLACEMENT_3D ( 'NONE', #822, #4886, #1651 ) ;
#545 = CARTESIAN_POINT ( 'NONE',  ( -1.137334801761999969, 0.3538458149779999951, 0.8950000000000000178 ) ) ;
#546 = SURFACE_STYLE_FILL_AREA ( #489 ) ;
#547 = FACE_OUTER_BOUND ( 'NONE', #1310, .T. ) ;
#548 = DIRECTION ( 'NONE',  ( -1.000000000000000000, -2.199999999999999757E-16, 0.0000000000000000000 ) ) ;
#549 = VERTEX_POINT ( 'NONE', #3203 ) ;
#550 = EDGE_LOOP ( 'NONE', ( #305, #1525, #3092, #3835 ) ) ;
#551 = EDGE_CURVE ( 'NONE', #2674, #326, #292, .T. ) ;
#552 = DIRECTION ( 'NONE',  ( 0.1104315260749562794, 0.0000000000000000000, 0.9938837346736066891 ) ) ;
#553 = CARTESIAN_POINT ( 'NONE',  ( -0.9460352422910000003, -0.8250088105730000176, 0.9000000000000001332 ) ) ;
#554 = SURFACE_STYLE_USAGE ( .BOTH. , #124 ) ;
#555 = CARTESIAN_POINT ( 'NONE',  ( -0.9017621145369999480, -0.8112422907490000057, 0.9000000000000001332 ) ) ;
#556 = SURFACE_STYLE_FILL_AREA ( #4266 ) ;
#557 = CARTESIAN_POINT ( 'NONE',  ( -1.123458149780000026, 0.6518634361230000174, 0.8950000000000000178 ) ) ;
#558 = FILL_AREA_STYLE ('',( #3850 ) ) ;
#559 = ORIENTED_EDGE ( 'NONE', *, *, #1734, .F. ) ;
#560 = STYLED_ITEM ( 'NONE', ( #2990 ), #1996 ) ;
#561 = B_SPLINE_SURFACE_WITH_KNOTS ( 'NONE', 2, 1, ( 
 ( #908, #4208 ),
 ( #517, #1735 ),
 ( #1273, #4927 ) ),
 .UNSPECIFIED., .F., .F., .F.,
 ( 3, 3 ),
 ( 2, 2 ),
 ( 0.0000000000000000000, 1.000000000000000000 ),
 ( 0.0000000000000000000, 1.000000000000000000 ),
 .UNSPECIFIED. ) ;
#562 = PLANE ( 'NONE',  #4549 ) ;
#563 = FACE_OUTER_BOUND ( 'NONE', #1766, .T. ) ;
#564 = PRESENTATION_LAYER_ASSIGNMENT (  '', '', ( #982 ) ) ;
#565 = EDGE_CURVE ( 'NONE', #3220, #304, #3918, .T. ) ;
#566 = CARTESIAN_POINT ( 'NONE',  ( -1.960495720686999954, 1.106148250831564761, 0.9000000000000001332 ) ) ;
#567 = EDGE_LOOP ( 'NONE', ( #3425, #4975, #5073, #411 ) ) ;
#568 = VERTEX_POINT ( 'NONE', #1937 ) ;
#569 =( LENGTH_UNIT ( ) NAMED_UNIT ( * ) SI_UNIT ( .MILLI., .METRE. ) );
#570 = EDGE_CURVE ( 'NONE', #836, #2514, #2799, .T. ) ;
#571 = PLANE ( 'NONE',  #1602 ) ;
#572 = CIRCLE ( 'NONE', #3565, 0.1098840941445929226 ) ;
#573 = CARTESIAN_POINT ( 'NONE',  ( -2.034539838561645109, 1.244318531689000418, 0.009421060971107999768 ) ) ;
#574 = EDGE_CURVE ( 'NONE', #3811, #5149, #3992, .T. ) ;
#575 = CARTESIAN_POINT ( 'NONE',  ( 1.949999999999999956, -1.209884094152099632, 0.8110431526110591927 ) ) ;
#576 = SURFACE_STYLE_USAGE ( .BOTH. , #1741 ) ;
#577 = CARTESIAN_POINT ( 'NONE',  ( -0.5485682819380000019, -0.8055154185020000357, 0.9000000000000001332 ) ) ;
#578 = FACE_OUTER_BOUND ( 'NONE', #3055, .T. ) ;
#579 = AXIS2_PLACEMENT_3D ( 'NONE', #341, #3146, #3634 ) ;
#580 = MECHANICAL_DESIGN_GEOMETRIC_PRESENTATION_REPRESENTATION (  '', ( #2883 ), #1616 ) ;
#581 = CARTESIAN_POINT ( 'NONE',  ( -2.138273498465000255, 1.100000000000000089, 0.1000000000000000056 ) ) ;
#582 = DIRECTION ( 'NONE',  ( 1.000000000000000000, 0.0000000000000000000, 0.0000000000000000000 ) ) ;
#583 = CARTESIAN_POINT ( 'NONE',  ( -1.133370044052999903, -0.4242378854630000085, 0.9000000000000001332 ) ) ;
#584 = DIRECTION ( 'NONE',  ( 0.0000000000000000000, -0.0000000000000000000, -1.000000000000000000 ) ) ;
#585 = DIRECTION ( 'NONE',  ( 0.0000000000000000000, 1.000000000000000000, -0.0000000000000000000 ) ) ;
#586 = ORIENTED_EDGE ( 'NONE', *, *, #2749, .T. ) ;
#587 = B_SPLINE_CURVE_WITH_KNOTS ( 'NONE', 3,
 ( #744, #391, #1510, #4801 ),
 .UNSPECIFIED., .F., .F.,
 ( 4, 4 ),
 ( 0.0000000000000000000, 1.000000000000000000 ),
 .UNSPECIFIED. ) ;
#588 = STYLED_ITEM ( 'NONE', ( #3083 ), #4769 ) ;
#589 = LINE ( 'NONE', #951, #4715 ) ;
#590 = CARTESIAN_POINT ( 'NONE',  ( -0.9371145374450022825, -0.8672995594710319889, 0.8950000000000000178 ) ) ;
#591 = VECTOR ( 'NONE', #1368, 1000.000000000000000 ) ;
#592 = EDGE_LOOP ( 'NONE', ( #4916, #4992, #2671, #1667 ) ) ;
#593 = ORIENTED_EDGE ( 'NONE', *, *, #1876, .T. ) ;
#594 = EDGE_CURVE ( 'NONE', #3546, #186, #3584, .T. ) ;
#595 = ORIENTED_EDGE ( 'NONE', *, *, #236, .T. ) ;
#596 = LINE ( 'NONE', #1763, #4276 ) ;
#597 = CARTESIAN_POINT ( 'NONE',  ( -0.5000000000000000000, -0.8398766519820000109, 0.9000000000000001332 ) ) ;
#598 = ORIENTED_EDGE ( 'NONE', *, *, #1157, .T. ) ;
#599 = EDGE_LOOP ( 'NONE', ( #1838, #4115, #2047, #1496 ) ) ;
#600 = EDGE_CURVE ( 'NONE', #3890, #3570, #1565, .T. ) ;
#601 = DIRECTION ( 'NONE',  ( 0.0000000000000000000, 1.000000000000000000, 0.0000000000000000000 ) ) ;
#602 = CARTESIAN_POINT ( 'NONE',  ( -3.000000000000000061E-17, 0.3597929515419999724, 0.9000000000000001332 ) ) ;
#603 = CARTESIAN_POINT ( 'NONE',  ( -0.5000000000000000000, -0.8025418502200000193, 0.9000000000000001332 ) ) ;
#604 = CARTESIAN_POINT ( 'NONE',  ( 1.949999999999999734, -1.159165628733000108, 0.8928943887870000040 ) ) ;
#605 = PRODUCT_DEFINITION_SHAPE ( 'NONE', 'NONE',  #5304 ) ;
#606 = EDGE_CURVE ( 'NONE', #508, #3016, #1593, .T. ) ;
#607 = SURFACE_STYLE_USAGE ( .BOTH. , #4295 ) ;
#608 = DIRECTION ( 'NONE',  ( 1.000000000000000000, 2.199999999999999757E-16, 0.0000000000000000000 ) ) ;
#609 =( NAMED_UNIT ( * ) PLANE_ANGLE_UNIT ( ) SI_UNIT ( $, .RADIAN. ) );
#610 = SURFACE_STYLE_FILL_AREA ( #558 ) ;
#611 = EDGE_LOOP ( 'NONE', ( #3837, #4657, #4608, #169 ) ) ;
#612 = EDGE_CURVE ( 'NONE', #326, #808, #1196, .T. ) ;
#613 = CARTESIAN_POINT ( 'NONE',  ( -0.6529735682816666387, -0.6101409691629999799, 0.9000000000000001332 ) ) ;
#614 = CARTESIAN_POINT ( 'NONE',  ( 2.137661871932999613, 1.209929779438028596, 0.1110431526069999980 ) ) ;
#615 = SURFACE_SIDE_STYLE ('',( #5045 ) ) ;
#616 = CARTESIAN_POINT ( 'NONE',  ( -2.047447250525999962, 1.100000000000000089, 0.8586306990930000493 ) ) ;
#617 = VERTEX_POINT ( 'NONE', #2827 ) ;
#618 = ORIENTED_EDGE ( 'NONE', *, *, #3881, .T. ) ;
#619 = VECTOR ( 'NONE', #1201, 1000.000000000000000 ) ;
#620 = CARTESIAN_POINT ( 'NONE',  ( -0.5000000000000000000, 0.7787356828189999636, 0.8950000000000000178 ) ) ;
#621 = SURFACE_STYLE_USAGE ( .BOTH. , #4756 ) ;
#622 = STYLED_ITEM ( 'NONE', ( #5089 ), #503 ) ;
#623 = ORIENTED_EDGE ( 'NONE', *, *, #1774, .T. ) ;
#624 = CARTESIAN_POINT ( 'NONE',  ( 1.649999999999999689, -0.6749999999999999334, 0.0000000000000000000 ) ) ;
#625 = CARTESIAN_POINT ( 'NONE',  ( -0.8874449339203334119, -0.7134449339210000574, 0.8950000000000000178 ) ) ;
#626 = EDGE_LOOP ( 'NONE', ( #1232, #5096, #2934, #2023 ) ) ;
#627 = VERTEX_POINT ( 'NONE', #4074 ) ;
#628 = B_SPLINE_CURVE_WITH_KNOTS ( 'NONE', 3,
 ( #1545, #1943, #4512, #2394 ),
 .UNSPECIFIED., .F., .F.,
 ( 4, 4 ),
 ( 0.0000000000000000000, 1.000000000000000000 ),
 .UNSPECIFIED. ) ;
#629 = CARTESIAN_POINT ( 'NONE',  ( -0.5809471365639999885, -0.2038634361230000080, 0.9000000000000001332 ) ) ;
#630 = DIRECTION ( 'NONE',  ( -6.761980746632269282E-18, 0.1104315260749503258, 0.9938837346736073552 ) ) ;
#631 = FILL_AREA_STYLE_COLOUR ( '', #2796 ) ;
#632 = EDGE_CURVE ( 'NONE', #3542, #1887, #274, .T. ) ;
#633 = PRESENTATION_LAYER_ASSIGNMENT (  '', '', ( #3453 ) ) ;
#634 = LINE ( 'NONE', #577, #2204 ) ;
#635 = CARTESIAN_POINT ( 'NONE',  ( 1.956148250831564628, -1.110495720687000087, 0.9000000000000001332 ) ) ;
#636 =( NAMED_UNIT ( * ) SI_UNIT ( $, .STERADIAN. ) SOLID_ANGLE_UNIT ( ) );
#637 = LINE ( 'NONE', #3449, #3224 ) ;
#638 = EDGE_CURVE ( 'NONE', #1887, #1395, #587, .T. ) ;
#639 = PRODUCT_DEFINITION_CONTEXT ( 'detailed design', #3847, 'design' ) ;
#640 = PLANE ( 'NONE',  #2711 ) ;
#641 = DIRECTION ( 'NONE',  ( -0.9578400361168352140, -0.2873020452619505227, 0.0000000000000000000 ) ) ;
#642 = DIRECTION ( 'NONE',  ( 0.0000000000000000000, -1.000000000000000000, 0.0000000000000000000 ) ) ;
#643 = CARTESIAN_POINT ( 'NONE',  ( 1.949999999999999956, 1.216297724264999935, 1.587271980519000112E-16 ) ) ;
#644 = SURFACE_STYLE_FILL_AREA ( #1835 ) ;
#645 = VECTOR ( 'NONE', #2759, 1000.000000000000000 ) ;
#646 = EDGE_LOOP ( 'NONE', ( #4325, #724, #3519, #221 ) ) ;
#647 = ORIENTED_EDGE ( 'NONE', *, *, #5036, .F. ) ;
#648 = CIRCLE ( 'NONE', #3642, 0.1000000000000000472 ) ;
#649 = DIRECTION ( 'NONE',  ( 0.0000000000000000000, 1.000000000000000000, -0.0000000000000000000 ) ) ;
#650 = ORIENTED_EDGE ( 'NONE', *, *, #3649, .F. ) ;
#651 = B_SPLINE_SURFACE_WITH_KNOTS ( 'NONE', 2, 1, ( 
 ( #1660, #2582 ),
 ( #3299, #4625 ),
 ( #926, #4227 ) ),
 .UNSPECIFIED., .F., .F., .F.,
 ( 3, 3 ),
 ( 2, 2 ),
 ( 0.0000000000000000000, 1.000000000000000000 ),
 ( 0.0000000000000000000, 1.000000000000000000 ),
 .UNSPECIFIED. ) ;
#652 = SURFACE_SIDE_STYLE ('',( #3465 ) ) ;
#653 = ORIENTED_EDGE ( 'NONE', *, *, #342, .F. ) ;
#654 = STYLED_ITEM ( 'NONE', ( #3377 ), #2797 ) ;
#655 = LINE ( 'NONE', #2676, #469 ) ;
#656 = STYLED_ITEM ( 'NONE', ( #161 ), #3355 ) ;
#657 = PRESENTATION_STYLE_ASSIGNMENT (( #1452 ) ) ;
#658 = LINE ( 'NONE', #3030, #5300 ) ;
#659 = CARTESIAN_POINT ( 'NONE',  ( 1.949999999999999956, 1.188273498465000078, 0.0000000000000000000 ) ) ;
#660 = VECTOR ( 'NONE', #4666, 1000.000000000000000 ) ;
#661 = EDGE_CURVE ( 'NONE', #4548, #4307, #1720, .T. ) ;
#662 = LINE ( 'NONE', #5141, #3490 ) ;
#663 = DIRECTION ( 'NONE',  ( 0.0000000000000000000, 1.000000000000000000, 0.0000000000000000000 ) ) ;
#664 = CARTESIAN_POINT ( 'NONE',  ( -0.8783039647579999887, -0.8947224669600000180, 0.8950000000000000178 ) ) ;
#665 = ORIENTED_EDGE ( 'NONE', *, *, #3154, .T. ) ;
#666 = VECTOR ( 'NONE', #3947, 1000.000000000000000 ) ;
#667 = EDGE_CURVE ( 'NONE', #418, #1732, #5220, .T. ) ;
#668 = FACE_OUTER_BOUND ( 'NONE', #936, .T. ) ;
#669 = CARTESIAN_POINT ( 'NONE',  ( -1.086123348017999923, 0.8603436123350000075, 0.8950000000000000178 ) ) ;
#670 = FACE_OUTER_BOUND ( 'NONE', #3255, .T. ) ;
#671 = SURFACE_STYLE_FILL_AREA ( #1013 ) ;
#672 = COLOUR_RGB ( '',0.0000000000000000000, 0.0000000000000000000, 0.0000000000000000000 ) ;
#673 = ORIENTED_EDGE ( 'NONE', *, *, #3012, .T. ) ;
#674 = EDGE_CURVE ( 'NONE', #5181, #1688, #2878, .T. ) ;
#675 = SURFACE_STYLE_FILL_AREA ( #2700 ) ;
#676 = ORIENTED_EDGE ( 'NONE', *, *, #3775, .F. ) ;
#677 = DIRECTION ( 'NONE',  ( 0.0000000000000000000, -0.9938837346736066891, 0.1104315260749562794 ) ) ;
#678 = EDGE_LOOP ( 'NONE', ( #5271, #2959, #1848, #2010 ) ) ;
#679 = ADVANCED_FACE ( 'NONE', ( #4507, #2901, #1673, #2101, #1298 ), #850, .F. ) ;
#680 = CARTESIAN_POINT ( 'NONE',  ( -0.8594713656389999512, 0.9399691629959999739, 0.8950000000000000178 ) ) ;
#681 = CARTESIAN_POINT ( 'NONE',  ( -1.218942731277999902, 0.3680528634360000217, 0.8950000000000000178 ) ) ;
#682 = CARTESIAN_POINT ( 'NONE',  ( -0.6688325991189999487, 0.9241101321590000639, 0.9000000000000001332 ) ) ;
#683 = SURFACE_STYLE_USAGE ( .BOTH. , #762 ) ;
#684 = B_SPLINE_CURVE_WITH_KNOTS ( 'NONE', 2,
 ( #4680, #991, #5101 ),
 .UNSPECIFIED., .F., .F.,
 ( 3, 3 ),
 ( 0.0000000000000000000, 1.000000000000000000 ),
 .UNSPECIFIED. ) ;
#685 = DIRECTION ( 'NONE',  ( 0.0000000000000000000, 0.0000000000000000000, 1.000000000000000000 ) ) ;
#686 = CARTESIAN_POINT ( 'NONE',  ( -1.649999999999999911, -0.6750000000000000444, 0.0000000000000000000 ) ) ;
#687 = CARTESIAN_POINT ( 'NONE',  ( 1.949999999999999956, -1.300000000000000266, 0.0000000000000000000 ) ) ;
#688 = EDGE_LOOP ( 'NONE', ( #1147, #1982, #5122, #2381 ) ) ;
#689 = CARTESIAN_POINT ( 'NONE',  ( -1.133370044052999903, -0.4272114537439999915, 0.9000000000000001332 ) ) ;
#690 = FACE_OUTER_BOUND ( 'NONE', #5285, .T. ) ;
#691 = FILL_AREA_STYLE ('',( #3911 ) ) ;
#692 = CARTESIAN_POINT ( 'NONE',  ( -0.5000000000000000000, 0.7232290748896667010, 0.8950000000000000178 ) ) ;
#693 = UNCERTAINTY_MEASURE_WITH_UNIT (LENGTH_MEASURE( 1.000000000000000082E-05 ), #4016, 'distance_accuracy_value', 'NONE');
#694 =( NAMED_UNIT ( * ) SI_UNIT ( $, .STERADIAN. ) SOLID_ANGLE_UNIT ( ) );
#695 = EDGE_CURVE ( 'NONE', #568, #1725, #4615, .T. ) ;
#696 = ORIENTED_EDGE ( 'NONE', *, *, #3675, .F. ) ;
#697 = DIRECTION ( 'NONE',  ( -0.0000000000000000000, -0.0000000000000000000, -1.000000000000000000 ) ) ;
#698 = CARTESIAN_POINT ( 'NONE',  ( 1.960495720687000176, -1.099999999999999878E-16, 0.9000000000000001332 ) ) ;
#699 = VERTEX_POINT ( 'NONE', #3691 ) ;
#700 = DIRECTION ( 'NONE',  ( 0.0000000000000000000, -0.0000000000000000000, -1.000000000000000000 ) ) ;
#701 = EDGE_CURVE ( 'NONE', #837, #3499, #4959, .T. ) ;
#702 = DIRECTION ( 'NONE',  ( 0.0000000000000000000, 0.0000000000000000000, -1.000000000000000000 ) ) ;
#703 = VERTEX_POINT ( 'NONE', #2126 ) ;
#704 = ORIENTED_EDGE ( 'NONE', *, *, #4647, .T. ) ;
#705 = VECTOR ( 'NONE', #585, 1000.000000000000000 ) ;
#706 = FACE_OUTER_BOUND ( 'NONE', #1074, .T. ) ;
#707 = SURFACE_SIDE_STYLE ('',( #1900 ) ) ;
#708 = B_SPLINE_CURVE_WITH_KNOTS ( 'NONE', 3,
 ( #2096, #1669, #4955, #5057 ),
 .UNSPECIFIED., .F., .F.,
 ( 4, 4 ),
 ( 0.0000000000000000000, 1.000000000000000000 ),
 .UNSPECIFIED. ) ;
#709 = CARTESIAN_POINT ( 'NONE',  ( -0.5740088105730000168, -0.7229162995590000529, 0.9000000000000001332 ) ) ;
#710 = EDGE_CURVE ( 'NONE', #4981, #5117, #874, .T. ) ;
#711 = CARTESIAN_POINT ( 'NONE',  ( -0.8594713656389999512, 0.9399691629959999739, 0.9000000000000001332 ) ) ;
#712 =( GEOMETRIC_REPRESENTATION_CONTEXT ( 3 ) GLOBAL_UNCERTAINTY_ASSIGNED_CONTEXT ( ( #1227 ) ) GLOBAL_UNIT_ASSIGNED_CONTEXT ( ( #267, #5196, #3123 ) ) REPRESENTATION_CONTEXT ( 'NONE', 'WORKASPACE' ) );
#713 = CARTESIAN_POINT ( 'NONE',  ( -1.550000000000000266, -1.110495720687000087, 0.8950000000000000178 ) ) ;
#714 = SHAPE_DEFINITION_REPRESENTATION ( #1076, #3821 ) ;
#715 = VECTOR ( 'NONE', #2977, 1000.000000000000114 ) ;
#716 = DIRECTION ( 'NONE',  ( 0.9584116827201670796, 0.2853892892620497612, 0.0000000000000000000 ) ) ;
#717 = DIRECTION ( 'NONE',  ( 1.000000000000000000, 2.199999999999999757E-16, 0.0000000000000000000 ) ) ;
#718 = CARTESIAN_POINT ( 'NONE',  ( -0.5740088105730000168, -0.7229162995590000529, 0.9000000000000001332 ) ) ;
#719 = DIRECTION ( 'NONE',  ( 0.0000000000000000000, 0.0000000000000000000, -1.000000000000000000 ) ) ;
#720 = CARTESIAN_POINT ( 'NONE',  ( -0.5740088105730000168, -0.7229162995590000529, 0.8950000000000000178 ) ) ;
#721 =( NAMED_UNIT ( * ) SI_UNIT ( $, .STERADIAN. ) SOLID_ANGLE_UNIT ( ) );
#722 = CARTESIAN_POINT ( 'NONE',  ( -0.5802863436123333329, -0.6398766519823333443, 0.8950000000000000178 ) ) ;
#723 = DIRECTION ( 'NONE',  ( 0.0000000000000000000, 0.0000000000000000000, -1.000000000000000000 ) ) ;
#724 = ORIENTED_EDGE ( 'NONE', *, *, #1262, .F. ) ;
#725 = VERTEX_POINT ( 'NONE', #1647 ) ;
#726 = EDGE_CURVE ( 'NONE', #627, #508, #286, .T. ) ;
#727 = DIRECTION ( 'NONE',  ( 1.999999999999999958E-16, 1.000000000000000000, 0.0000000000000000000 ) ) ;
#728 = CARTESIAN_POINT ( 'NONE',  ( -2.649999999999999911, 0.6750000000000000444, 0.0000000000000000000 ) ) ;
#729 = VECTOR ( 'NONE', #138, 1000.000000000000114 ) ;
#730 = ORIENTED_EDGE ( 'NONE', *, *, #1344, .T. ) ;
#731 = ORIENTED_EDGE ( 'NONE', *, *, #2237, .T. ) ;
#732 = ORIENTED_EDGE ( 'NONE', *, *, #2909, .T. ) ;
#733 = AXIS2_PLACEMENT_3D ( 'NONE', #2670, #1467, #214 ) ;
#734 = EDGE_CURVE ( 'NONE', #5210, #5116, #500, .T. ) ;
#735 = DIRECTION ( 'NONE',  ( -0.0000000000000000000, -0.0000000000000000000, -1.000000000000000000 ) ) ;
#736 = CARTESIAN_POINT ( 'NONE',  ( -0.5862334801759999658, 0.6538458149779999840, 0.9000000000000001332 ) ) ;
#737 = FILL_AREA_STYLE_COLOUR ( '', #150 ) ;
#738 =( GEOMETRIC_REPRESENTATION_CONTEXT ( 3 ) GLOBAL_UNCERTAINTY_ASSIGNED_CONTEXT ( ( #5200 ) ) GLOBAL_UNIT_ASSIGNED_CONTEXT ( ( #4247, #1863, #3097 ) ) REPRESENTATION_CONTEXT ( 'NONE', 'WORKASPACE' ) );
#739 =( NAMED_UNIT ( * ) SI_UNIT ( $, .STERADIAN. ) SOLID_ANGLE_UNIT ( ) );
#740 = EDGE_CURVE ( 'NONE', #461, #1130, #3766, .T. ) ;
#741 = CARTESIAN_POINT ( 'NONE',  ( -2.058070317130232141, -1.284487571217999946, 0.05430052353698998358 ) ) ;
#742 = CARTESIAN_POINT ( 'NONE',  ( -0.8921806167400000431, -0.6462643171809999698, 0.9000000000000001332 ) ) ;
#743 = CARTESIAN_POINT ( 'NONE',  ( -1.218942731277999902, 0.8659603524229999572, 0.8950000000000000178 ) ) ;
#744 = CARTESIAN_POINT ( 'NONE',  ( -0.5485682819380000019, 0.7787356828189999636, 0.8950000000000000178 ) ) ;
#745 = MECHANICAL_DESIGN_GEOMETRIC_PRESENTATION_REPRESENTATION (  '', ( #905 ), #2702 ) ;
#746 = CARTESIAN_POINT ( 'NONE',  ( -0.9542951541849999941, 0.8841321585900001612, 0.9000000000000001332 ) ) ;
#747 = LINE ( 'NONE', #4050, #85 ) ;
#748 = CARTESIAN_POINT ( 'NONE',  ( 1.950000000000000178, 1.207196670993000209, 0.8352299610650001371 ) ) ;
#749 = LINE ( 'NONE', #2373, #2503 ) ;
#750 = VERTEX_POINT ( 'NONE', #4105 ) ;
#751 = DIRECTION ( 'NONE',  ( 0.6736986521720595977, -0.7390061745760654333, 0.0000000000000000000 ) ) ;
#752 = CARTESIAN_POINT ( 'NONE',  ( -0.7225770925109998855, 0.9346828193836665966, 0.9000000000000001332 ) ) ;
#753 = ORIENTED_EDGE ( 'NONE', *, *, #2427, .T. ) ;
#754 = CARTESIAN_POINT ( 'NONE',  ( -0.5751101321586665760, -0.9111321585906666520, 0.9000000000000001332 ) ) ;
#755 = ORIENTED_EDGE ( 'NONE', *, *, #993, .T. ) ;
#756 = ORIENTED_EDGE ( 'NONE', *, *, #5115, .F. ) ;
#757 = EDGE_CURVE ( 'NONE', #461, #811, #776, .T. ) ;
#758 = CIRCLE ( 'NONE', #1432, 0.09999999999999982514 ) ;
#759 = PRESENTATION_STYLE_ASSIGNMENT (( #4498 ) ) ;
#760 = DIRECTION ( 'NONE',  ( -2.199999999999999757E-16, 1.000000000000000000, 0.0000000000000000000 ) ) ;
#761 = VECTOR ( 'NONE', #2894, 1000.000000000000000 ) ;
#762 = SURFACE_SIDE_STYLE ('',( #5240 ) ) ;
#763 = EDGE_CURVE ( 'NONE', #5156, #418, #918, .T. ) ;
#764 = VECTOR ( 'NONE', #5197, 1000.000000000000000 ) ;
#765 = CONTEXT_DEPENDENT_SHAPE_REPRESENTATION ( #4312, #5014 ) ;
#766 = PRESENTATION_STYLE_ASSIGNMENT (( #3606 ) ) ;
#767 = CARTESIAN_POINT ( 'NONE',  ( -2.012794356026452292, -1.207196670993000209, 0.8352299610650000261 ) ) ;
#768 = CARTESIAN_POINT ( 'NONE',  ( -1.218942731277999902, -1.099999999999999878E-16, 0.9000000000000001332 ) ) ;
#769 = ADVANCED_FACE ( 'NONE', ( #423 ), #4006, .T. ) ;
#770 = ORIENTED_EDGE ( 'NONE', *, *, #3225, .T. ) ;
#771 = CARTESIAN_POINT ( 'NONE',  ( -1.550000000000000266, -1.110495720687000087, 0.9000000000000001332 ) ) ;
#772 = CARTESIAN_POINT ( 'NONE',  ( -0.5000000000000000000, 0.3597929515419999724, 0.9000000000000001332 ) ) ;
#773 = SURFACE_STYLE_FILL_AREA ( #2770 ) ;
#774 = CARTESIAN_POINT ( 'NONE',  ( 1.984658422885460460, 1.159165628733000331, 0.8928943887869998930 ) ) ;
#775 = CARTESIAN_POINT ( 'NONE',  ( -2.059884094153416445, 1.100000000000000311, 0.8110431526110517542 ) ) ;
#776 = B_SPLINE_CURVE_WITH_KNOTS ( 'NONE', 3,
 ( #3663, #3365, #1322, #2951 ),
 .UNSPECIFIED., .F., .F.,
 ( 4, 4 ),
 ( 0.0000000000000000000, 1.000000000000000000 ),
 .UNSPECIFIED. ) ;
#777 = ADVANCED_FACE ( 'NONE', ( #4720 ), #266, .T. ) ;
#778 = VERTEX_POINT ( 'NONE', #3084 ) ;
#779 = ORIENTED_EDGE ( 'NONE', *, *, #1032, .F. ) ;
#780 = DIRECTION ( 'NONE',  ( -0.9972985020499363085, 0.07345541374842975979, 0.0000000000000000000 ) ) ;
#781 = CARTESIAN_POINT ( 'NONE',  ( -1.015418502203000006, 0.01221585903083988525, 0.9000000000000001332 ) ) ;
#782 = ORIENTED_EDGE ( 'NONE', *, *, #3113, .T. ) ;
#783 = FACE_OUTER_BOUND ( 'NONE', #38, .T. ) ;
#784 = ORIENTED_EDGE ( 'NONE', *, *, #3975, .F. ) ;
#785 = ORIENTED_EDGE ( 'NONE', *, *, #2193, .T. ) ;
#786 = B_SPLINE_CURVE_WITH_KNOTS ( 'NONE', 3,
 ( #54, #2904, #4166, #80 ),
 .UNSPECIFIED., .F., .F.,
 ( 4, 4 ),
 ( 0.0000000000000000000, 1.000000000000000000 ),
 .UNSPECIFIED. ) ;
#787 = CARTESIAN_POINT ( 'NONE',  ( -2.038273498465000166, -0.6750000000000000444, 0.0000000000000000000 ) ) ;
#788 = CARTESIAN_POINT ( 'NONE',  ( -2.649999999999999911, -0.6750000000000000444, 0.0000000000000000000 ) ) ;
#789 = DIRECTION ( 'NONE',  ( 0.0000000000000000000, -1.000000000000000000, -0.0000000000000000000 ) ) ;
#790 = ORIENTED_EDGE ( 'NONE', *, *, #3788, .T. ) ;
#791 = SURFACE_SIDE_STYLE ('',( #5273 ) ) ;
#792 = ADVANCED_FACE ( 'NONE', ( #578 ), #3445, .F. ) ;
#793 = CARTESIAN_POINT ( 'NONE',  ( -1.170374449339000034, 0.8172819383256666459, 0.8950000000000000178 ) ) ;
#794 = AXIS2_PLACEMENT_3D ( 'NONE', #827, #4113, #3746 ) ;
#795 = CARTESIAN_POINT ( 'NONE',  ( -1.949999999999999512, -1.207196670993000209, 0.8352299610650001371 ) ) ;
#796 = CARTESIAN_POINT ( 'NONE',  ( -0.5485682819380000019, -0.8055154185020000357, 0.9000000000000001332 ) ) ;
#797 = VERTEX_POINT ( 'NONE', #3031 ) ;
#798 = CARTESIAN_POINT ( 'NONE',  ( 1.949999999999999956, -1.110495720687000087, 0.9000000000000001332 ) ) ;
#799 = DIRECTION ( 'NONE',  ( 0.0000000000000000000, -0.0000000000000000000, 1.000000000000000000 ) ) ;
#800 = EDGE_CURVE ( 'NONE', #830, #778, #3897, .T. ) ;
#801 = CARTESIAN_POINT ( 'NONE',  ( 1.956148250831565072, 1.110495720687000087, 0.9000000000000001332 ) ) ;
#802 = CARTESIAN_POINT ( 'NONE',  ( -1.029625550660999922, 0.01221585903083999974, 0.9000000000000001332 ) ) ;
#803 = AXIS2_PLACEMENT_3D ( 'NONE', #4879, #1162, #4022 ) ;
#804 = ORIENTED_EDGE ( 'NONE', *, *, #1118, .T. ) ;
#805 = EDGE_LOOP ( 'NONE', ( #3304, #1872, #454, #2835 ) ) ;
#806 = CARTESIAN_POINT ( 'NONE',  ( -0.5000000000000000000, -1.099999999999999878E-16, 0.9000000000000001332 ) ) ;
#807 = CARTESIAN_POINT ( 'NONE',  ( 2.137661871932630131, 1.100000000000000089, 0.1110431526069589059 ) ) ;
#808 = VERTEX_POINT ( 'NONE', #3416 ) ;
#809 = CARTESIAN_POINT ( 'NONE',  ( -1.170374449339000034, 0.8365550660789999871, 0.8950000000000000178 ) ) ;
#810 = EDGE_LOOP ( 'NONE', ( #5047, #2651, #1658, #1843 ) ) ;
#811 = VERTEX_POINT ( 'NONE', #3650 ) ;
#812 = FACE_OUTER_BOUND ( 'NONE', #805, .T. ) ;
#813 = FACE_OUTER_BOUND ( 'NONE', #994, .T. ) ;
#814 = DIRECTION ( 'NONE',  ( 0.0000000000000000000, 0.0000000000000000000, 1.000000000000000000 ) ) ;
#815 = EDGE_LOOP ( 'NONE', ( #1229, #3598, #4106, #1553 ) ) ;
#816 = VECTOR ( 'NONE', #1337, 1000.000000000000114 ) ;
#817 =( LENGTH_UNIT ( ) NAMED_UNIT ( * ) SI_UNIT ( .MILLI., .METRE. ) );
#818 =( LENGTH_UNIT ( ) NAMED_UNIT ( * ) SI_UNIT ( .MILLI., .METRE. ) );
#819 = CARTESIAN_POINT ( 'NONE',  ( -1.147246696035000069, 0.3617753303960000166, 0.9000000000000001332 ) ) ;
#820 = CARTESIAN_POINT ( 'NONE',  ( -2.009165628733000197, -1.100000000000000089, 0.8928943887870000040 ) ) ;
#821 = ORIENTED_EDGE ( 'NONE', *, *, #399, .T. ) ;
#822 = CARTESIAN_POINT ( 'NONE',  ( -0.5000000000000000000, -0.4232466960349999807, 0.9000000000000001332 ) ) ;
#823 = DIRECTION ( 'NONE',  ( -0.7331080000100079763, -0.6801122409730073759, 0.0000000000000000000 ) ) ;
#824 = CARTESIAN_POINT ( 'NONE',  ( -0.7405286343610000266, -0.6026519823790000840, 0.8950000000000000178 ) ) ;
#825 = AXIS2_PLACEMENT_3D ( 'NONE', #5231, #727, #1604 ) ;
#826 = CARTESIAN_POINT ( 'NONE',  ( -1.649999999999999911, 0.6750000000000000444, 0.0000000000000000000 ) ) ;
#827 = CARTESIAN_POINT ( 'NONE',  ( -1.218942731277999902, 0.3680528634360000217, 0.9000000000000001332 ) ) ;
#828 = ORIENTED_EDGE ( 'NONE', *, *, #1623, .F. ) ;
#829 = B_SPLINE_SURFACE_WITH_KNOTS ( 'NONE', 2, 1, ( 
 ( #2155, #923 ),
 ( #3296, #506 ),
 ( #1703, #1724 ) ),
 .UNSPECIFIED., .F., .F., .F.,
 ( 3, 3 ),
 ( 2, 2 ),
 ( 0.0000000000000000000, 1.000000000000000000 ),
 ( 0.0000000000000000000, 1.000000000000000000 ),
 .UNSPECIFIED. ) ;
#830 = VERTEX_POINT ( 'NONE', #4062 ) ;
#831 = EDGE_CURVE ( 'NONE', #1464, #3564, #381, .T. ) ;
#832 = PLANE ( 'NONE',  #2270 ) ;
#833 = FILL_AREA_STYLE ('',( #4626 ) ) ;
#834 = ORIENTED_EDGE ( 'NONE', *, *, #4485, .T. ) ;
#835 = CARTESIAN_POINT ( 'NONE',  ( -1.350000000000000089, -1.110495720687000087, 0.9000000000000001332 ) ) ;
#836 = VERTEX_POINT ( 'NONE', #3932 ) ;
#837 = VERTEX_POINT ( 'NONE', #2814 ) ;
#838 = ADVANCED_FACE ( 'NONE', ( #5264 ), #1233, .T. ) ;
#839 = PRESENTATION_LAYER_ASSIGNMENT (  '', '', ( #5296 ) ) ;
#840 = CARTESIAN_POINT ( 'NONE',  ( -0.8909691629953333525, -0.8647665198236665907, 0.9000000000000001332 ) ) ;
#841 = PLANE ( 'NONE',  #4688 ) ;
#842 = DIRECTION ( 'NONE',  ( -0.0000000000000000000, -1.000000000000000000, 0.0000000000000000000 ) ) ;
#843 = CARTESIAN_POINT ( 'NONE',  ( 2.001709418202676449, -1.188273498465000078, 6.938893903907000348E-18 ) ) ;
#844 = VERTEX_POINT ( 'NONE', #1608 ) ;
#845 = FILL_AREA_STYLE ('',( #4905 ) ) ;
#846 = STYLED_ITEM ( 'NONE', ( #4800 ), #4642 ) ;
#847 = VECTOR ( 'NONE', #4471, 1000.000000000000114 ) ;
#848 = DIRECTION ( 'NONE',  ( 0.0000000000000000000, -0.0000000000000000000, 1.000000000000000000 ) ) ;
#849 = CARTESIAN_POINT ( 'NONE',  ( -0.5000000000000000000, 0.06706167400881005158, 0.9000000000000001332 ) ) ;
#850 = PLANE ( 'NONE',  #3874 ) ;
#851 = VECTOR ( 'NONE', #1146, 1000.000000000000000 ) ;
#852 = CARTESIAN_POINT ( 'NONE',  ( -0.5485682819380000019, 0.7787356828189999636, 0.9000000000000001332 ) ) ;
#853 = DIRECTION ( 'NONE',  ( 0.0000000000000000000, 0.0000000000000000000, 1.000000000000000000 ) ) ;
#854 = CARTESIAN_POINT ( 'NONE',  ( -0.5310572687219999866, -0.6918590308370000663, 0.9000000000000001332 ) ) ;
#855 = CARTESIAN_POINT ( 'NONE',  ( 1.949999999999999956, -1.100000000000000089, 0.1110431528559274739 ) ) ;
#856 = PLANE ( 'NONE',  #794 ) ;
#857 = ORIENTED_EDGE ( 'NONE', *, *, #4995, .F. ) ;
#858 = ORIENTED_EDGE ( 'NONE', *, *, #3301, .T. ) ;
#859 = FACE_OUTER_BOUND ( 'NONE', #5235, .T. ) ;
#860 = CARTESIAN_POINT ( 'NONE',  ( -0.6311674008809999847, 0.8603436123350000075, 0.8950000000000000178 ) ) ;
#861 = EDGE_CURVE ( 'NONE', #4624, #549, #3247, .T. ) ;
#862 = CARTESIAN_POINT ( 'NONE',  ( -0.6853524229073333363, 0.6775242290746666951, 0.9000000000000001332 ) ) ;
#863 = ORIENTED_EDGE ( 'NONE', *, *, #4735, .F. ) ;
#864 = LINE ( 'NONE', #4630, #3300 ) ;
#865 = ADVANCED_FACE ( 'NONE', ( #259 ), #2984, .T. ) ;
#866 = LINE ( 'NONE', #1639, #4272 ) ;
#867 = CARTESIAN_POINT ( 'NONE',  ( 2.118398486595000296, -1.198645549564246959, 0.02828470682495000388 ) ) ;
#868 = ORIENTED_EDGE ( 'NONE', *, *, #1657, .F. ) ;
#869 = CARTESIAN_POINT ( 'NONE',  ( -0.8584801762110000345, 0.8841321585900001612, 0.9000000000000001332 ) ) ;
#870 = DIRECTION ( 'NONE',  ( 0.0000000000000000000, 0.0000000000000000000, 1.000000000000000000 ) ) ;
#871 = CARTESIAN_POINT ( 'NONE',  ( -0.8588105726870000067, -0.6918590308370000663, 0.9000000000000001332 ) ) ;
#872 = B_SPLINE_CURVE_WITH_KNOTS ( 'NONE', 2,
 ( #3028, #4691, #1820 ),
 .UNSPECIFIED., .F., .F.,
 ( 3, 3 ),
 ( 0.0000000000000000000, 1.000000000000000000 ),
 .UNSPECIFIED. ) ;
#873 = SURFACE_STYLE_USAGE ( .BOTH. , #3690 ) ;
#874 = LINE ( 'NONE', #1699, #113 ) ;
#875 = CLOSED_SHELL ( 'NONE', ( #2071, #4057, #4509, #201, #5121, #4769 ) ) ;
#876 = CARTESIAN_POINT ( 'NONE',  ( -1.170374449339000034, -0.6409779735680000146, 0.9000000000000001332 ) ) ;
#877 = SURFACE_SIDE_STYLE ('',( #529 ) ) ;
#878 = CARTESIAN_POINT ( 'NONE',  ( -1.218942731277999902, 0.7787356828189999636, 0.9000000000000001332 ) ) ;
#879 = CARTESIAN_POINT ( 'NONE',  ( -1.015418502203000006, 0.01221585903083997025, 0.9000000000000001332 ) ) ;
#880 = ORIENTED_EDGE ( 'NONE', *, *, #363, .F. ) ;
#881 = VERTEX_POINT ( 'NONE', #9 ) ;
#882 = SURFACE_STYLE_USAGE ( .BOTH. , #107 ) ;
#883 =( GEOMETRIC_REPRESENTATION_CONTEXT ( 3 ) GLOBAL_UNCERTAINTY_ASSIGNED_CONTEXT ( ( #2931 ) ) GLOBAL_UNIT_ASSIGNED_CONTEXT ( ( #817, #2363, #2822 ) ) REPRESENTATION_CONTEXT ( 'NONE', 'WORKASPACE' ) );
#884 = EDGE_LOOP ( 'NONE', ( #2964, #5133, #3270, #3623 ) ) ;
#885 = EDGE_CURVE ( 'NONE', #2733, #627, #3272, .T. ) ;
#886 = SURFACE_SIDE_STYLE ('',( #488 ) ) ;
#887 = ORIENTED_EDGE ( 'NONE', *, *, #2156, .T. ) ;
#888 = CARTESIAN_POINT ( 'NONE',  ( -2.134487571218000035, 1.208070317130232274, 0.05430052353698999051 ) ) ;
#889 = CARTESIAN_POINT ( 'NONE',  ( -1.114207048458000004, 0.3597929515419999724, 0.8950000000000000178 ) ) ;
#890 = VECTOR ( 'NONE', #3919, 1000.000000000000000 ) ;
#891 = DIRECTION ( 'NONE',  ( 0.0000000000000000000, 0.0000000000000000000, -1.000000000000000000 ) ) ;
#892 = EDGE_CURVE ( 'NONE', #2919, #380, #2839, .T. ) ;
#893 = MECHANICAL_DESIGN_GEOMETRIC_PRESENTATION_REPRESENTATION (  '', ( #2867 ), #738 ) ;
#894 = CARTESIAN_POINT ( 'NONE',  ( -0.8626493693079999581, 0.7753414896239999576, 0.8950000000000000178 ) ) ;
#895 = FILL_AREA_STYLE_COLOUR ( '', #3674 ) ;
#896 = DIRECTION ( 'NONE',  ( 0.0000000000000000000, 0.0000000000000000000, 1.000000000000000000 ) ) ;
#897 = STYLED_ITEM ( 'NONE', ( #3783 ), #2825 ) ;
#898 = VERTEX_POINT ( 'NONE', #835 ) ;
#899 = ORIENTED_EDGE ( 'NONE', *, *, #5187, .T. ) ;
#900 = VECTOR ( 'NONE', #3945, 1000.000000000000000 ) ;
#901 = DIRECTION ( 'NONE',  ( 2.199999999999999757E-16, -1.000000000000000000, 0.0000000000000000000 ) ) ;
#902 = CARTESIAN_POINT ( 'NONE',  ( -0.5485682819380000019, 0.8365550660789999871, 0.8950000000000000178 ) ) ;
#903 = DIRECTION ( 'NONE',  ( -0.0000000000000000000, -0.0000000000000000000, -1.000000000000000000 ) ) ;
#904 = ORIENTED_EDGE ( 'NONE', *, *, #2237, .F. ) ;
#905 = STYLED_ITEM ( 'NONE', ( #2054 ), #3517 ) ;
#906 = FACE_OUTER_BOUND ( 'NONE', #3569, .T. ) ;
#907 = VECTOR ( 'NONE', #4444, 1000.000000000000000 ) ;
#908 = CARTESIAN_POINT ( 'NONE',  ( -0.8921806167400000431, -0.6462643171809999698, 0.8950000000000000178 ) ) ;
#909 = FILL_AREA_STYLE_COLOUR ( '', #3749 ) ;
#910 = SURFACE_STYLE_USAGE ( .BOTH. , #4097 ) ;
#911 = ORIENTED_EDGE ( 'NONE', *, *, #2527, .F. ) ;
#912 = ORIENTED_EDGE ( 'NONE', *, *, #674, .T. ) ;
#913 = COLOUR_RGB ( '',0.7098039215686274828, 0.7098039215686274828, 0.7098039215686274828 ) ;
#914 = CARTESIAN_POINT ( 'NONE',  ( -1.949999999999999956, 1.110495720687000087, 0.9000000000000001332 ) ) ;
#915 = LINE ( 'NONE', #5032, #4599 ) ;
#916 = CARTESIAN_POINT ( 'NONE',  ( -0.7898678414096665934, -0.6594801762109999688, 0.9000000000000001332 ) ) ;
#917 = EDGE_CURVE ( 'NONE', #4009, #5259, #3339, .T. ) ;
#918 = LINE ( 'NONE', #2552, #4493 ) ;
#919 =( GEOMETRIC_REPRESENTATION_CONTEXT ( 3 ) GLOBAL_UNCERTAINTY_ASSIGNED_CONTEXT ( ( #4243 ) ) GLOBAL_UNIT_ASSIGNED_CONTEXT ( ( #1503, #2411, #739 ) ) REPRESENTATION_CONTEXT ( 'NONE', 'WORKASPACE' ) );
#920 = CARTESIAN_POINT ( 'NONE',  ( -0.9057268722473148514, -0.9201629955946606376, 0.9000000000000001332 ) ) ;
#921 = CARTESIAN_POINT ( 'NONE',  ( -0.6305066079300000181, 0.6944845814980000753, 0.8950000000000000178 ) ) ;
#922 = EDGE_CURVE ( 'NONE', #3564, #4728, #4495, .T. ) ;
#923 = CARTESIAN_POINT ( 'NONE',  ( -0.6166299559469999858, -0.6251189427309999935, 0.9000000000000002442 ) ) ;
#924 = PRESENTATION_LAYER_ASSIGNMENT (  '', '', ( #3509 ) ) ;
#925 = ORIENTED_EDGE ( 'NONE', *, *, #1577, .F. ) ;
#926 = CARTESIAN_POINT ( 'NONE',  ( -0.6305066079300000181, 0.6944845814980000753, 0.8950000000000000178 ) ) ;
#927 = EDGE_CURVE ( 'NONE', #1732, #3787, #4437, .T. ) ;
#928 = EDGE_LOOP ( 'NONE', ( #3861, #623, #2277, #1681 ) ) ;
#929 = VERTEX_POINT ( 'NONE', #3188 ) ;
#930 = CARTESIAN_POINT ( 'NONE',  ( -1.147246696035000069, 0.3617753303960000166, 0.9000000000000001332 ) ) ;
#931 =( LENGTH_UNIT ( ) NAMED_UNIT ( * ) SI_UNIT ( .MILLI., .METRE. ) );
#932 = CARTESIAN_POINT ( 'NONE',  ( -2.038273498465000166, 0.6750000000000000444, 0.0000000000000000000 ) ) ;
#933 = B_SPLINE_SURFACE_WITH_KNOTS ( 'NONE', 2, 1, ( 
 ( #2253, #1024 ),
 ( #2330, #197 ),
 ( #2707, #172 ) ),
 .UNSPECIFIED., .F., .F., .F.,
 ( 3, 3 ),
 ( 2, 2 ),
 ( 0.0000000000000000000, 1.000000000000000000 ),
 ( 0.0000000000000000000, 1.000000000000000000 ),
 .UNSPECIFIED. ) ;
#934 = CARTESIAN_POINT ( 'NONE',  ( -1.949999999999999956, 1.188273498465000078, 0.1000000000000000056 ) ) ;
#935 = EDGE_LOOP ( 'NONE', ( #1254, #1839, #1362, #1640 ) ) ;
#936 = EDGE_LOOP ( 'NONE', ( #4, #650, #4731, #4173 ) ) ;
#937 = CARTESIAN_POINT ( 'NONE',  ( -2.118398486595000296, 1.099999999999999867, 0.02828470682495000388 ) ) ;
#938 = CARTESIAN_POINT ( 'NONE',  ( -0.8594713656389999512, 0.9399691629959999739, 0.8950000000000000178 ) ) ;
#939 = SURFACE_SIDE_STYLE ('',( #1771 ) ) ;
#940 = PLANE ( 'NONE',  #4368 ) ;
#941 = CARTESIAN_POINT ( 'NONE',  ( 2.047447250525999962, -1.100000000000000311, 0.8586306990930000493 ) ) ;
#942 = EDGE_CURVE ( 'NONE', #2643, #5117, #3390, .T. ) ;
#943 = DIRECTION ( 'NONE',  ( 0.0000000000000000000, 0.0000000000000000000, 1.000000000000000000 ) ) ;
#944 = CARTESIAN_POINT ( 'NONE',  ( -0.5591409691630000456, -0.8715947136560000530, 0.8950000000000000178 ) ) ;
#945 = VECTOR ( 'NONE', #539, 1000.000000000000000 ) ;
#946 = UNCERTAINTY_MEASURE_WITH_UNIT (LENGTH_MEASURE( 1.000000000000000082E-05 ), #4323, 'distance_accuracy_value', 'NONE');
#947 = CARTESIAN_POINT ( 'NONE',  ( -0.9017621145369999480, -0.7922995594710000589, 0.8950000000000000178 ) ) ;
#948 = ORIENTED_EDGE ( 'NONE', *, *, #1507, .F. ) ;
#949 = ADVANCED_FACE ( 'NONE', ( #783 ), #355, .T. ) ;
#950 = VECTOR ( 'NONE', #1430, 1000.000000000000000 ) ;
#951 = CARTESIAN_POINT ( 'NONE',  ( 2.149999999999999911, 0.6750000000000000444, 0.0000000000000000000 ) ) ;
#952 = CARTESIAN_POINT ( 'NONE',  ( 1.649999999999999911, -0.6750000000000000444, 0.1499999999999999944 ) ) ;
#953 = FILL_AREA_STYLE_COLOUR ( '', #5098 ) ;
#954 = FILL_AREA_STYLE_COLOUR ( '', #2491 ) ;
#955 = AXIS2_PLACEMENT_3D ( 'NONE', #2865, #4522, #409 ) ;
#956 = ORIENTED_EDGE ( 'NONE', *, *, #4546, .T. ) ;
#957 = ORIENTED_EDGE ( 'NONE', *, *, #480, .T. ) ;
#958 = EDGE_CURVE ( 'NONE', #4757, #2185, #5124, .T. ) ;
#959 = SURFACE_STYLE_FILL_AREA ( #2743 ) ;
#960 = VECTOR ( 'NONE', #3317, 1000.000000000000000 ) ;
#961 = DIRECTION ( 'NONE',  ( 0.0000000000000000000, 0.0000000000000000000, -1.000000000000000000 ) ) ;
#962 = SURFACE_STYLE_FILL_AREA ( #2091 ) ;
#963 = SURFACE_STYLE_USAGE ( .BOTH. , #4308 ) ;
#964 = DIRECTION ( 'NONE',  ( 0.0000000000000000000, 0.0000000000000000000, 1.000000000000000000 ) ) ;
#965 = ORIENTED_EDGE ( 'NONE', *, *, #4120, .T. ) ;
#966 = ORIENTED_EDGE ( 'NONE', *, *, #3788, .F. ) ;
#967 = B_SPLINE_CURVE_WITH_KNOTS ( 'NONE', 2,
 ( #4486, #802, #879 ),
 .UNSPECIFIED., .F., .F.,
 ( 3, 3 ),
 ( 0.0000000000000000000, 1.000000000000000000 ),
 .UNSPECIFIED. ) ;
#968 = CARTESIAN_POINT ( 'NONE',  ( -2.137661871933000501, 1.209929779438029041, 0.1110431526069999980 ) ) ;
#969 = DIRECTION ( 'NONE',  ( 1.000000000000000000, 2.199999999999999757E-16, 0.0000000000000000000 ) ) ;
#970 = CARTESIAN_POINT ( 'NONE',  ( -1.132378854626000075, 0.01518942731277999995, 0.8950000000000000178 ) ) ;
#971 = CARTESIAN_POINT ( 'NONE',  ( -0.6711453744490000206, -0.6026519823790000840, 0.9000000000000001332 ) ) ;
#972 = CARTESIAN_POINT ( 'NONE',  ( 1.949999999999999956, -1.209884094154691114, 0.8110431526069656893 ) ) ;
#973 = DIRECTION ( 'NONE',  ( 0.0000000000000000000, 0.0000000000000000000, 1.000000000000000000 ) ) ;
#974 = CARTESIAN_POINT ( 'NONE',  ( -1.350000000000000089, 1.110495720687000087, 0.9000000000000001332 ) ) ;
#975 = SURFACE_SIDE_STYLE ('',( #1800 ) ) ;
#976 = CARTESIAN_POINT ( 'NONE',  ( -0.5000000000000000000, -0.2342599118940000280, 0.9000000000000001332 ) ) ;
#977 = PRODUCT_DEFINITION ( 'UNKNOWN', '', #4279, #1858 ) ;
#978 = ORIENTED_EDGE ( 'NONE', *, *, #4245, .F. ) ;
#979 = VECTOR ( 'NONE', #1156, 1000.000000000000000 ) ;
#980 = FILL_AREA_STYLE ('',( #3940 ) ) ;
#981 = CARTESIAN_POINT ( 'NONE',  ( 2.134487571218000035, 1.208070317130232274, 0.05430052353698998358 ) ) ;
#982 = STYLED_ITEM ( 'NONE', ( #512 ), #2254 ) ;
#983 = CARTESIAN_POINT ( 'NONE',  ( 4.999999999999999895E-17, -0.6750000000000000444, 0.0000000000000000000 ) ) ;
#984 = EDGE_CURVE ( 'NONE', #2339, #2701, #3219, .T. ) ;
#985 = ORIENTED_EDGE ( 'NONE', *, *, #4797, .T. ) ;
#986 = ORIENTED_EDGE ( 'NONE', *, *, #5250, .F. ) ;
#987 = COLOUR_RGB ( '',0.0000000000000000000, 0.0000000000000000000, 0.0000000000000000000 ) ;
#988 = FILL_AREA_STYLE ('',( #4253 ) ) ;
#989 = CARTESIAN_POINT ( 'NONE',  ( -2.137661871932517332, 1.100000000000000089, 0.1110431526072296893 ) ) ;
#990 = ORIENTED_EDGE ( 'NONE', *, *, #254, .F. ) ;
#991 = CARTESIAN_POINT ( 'NONE',  ( -1.085462555065999979, -0.4252290748900000028, 0.9000000000000001332 ) ) ;
#992 = VECTOR ( 'NONE', #3676, 1000.000000000000114 ) ;
#993 = EDGE_CURVE ( 'NONE', #4646, #1534, #1026, .T. ) ;
#994 = EDGE_LOOP ( 'NONE', ( #5178, #1202, #5265, #1335 ) ) ;
#995 = EDGE_LOOP ( 'NONE', ( #1830, #2458, #2219, #4304, #4864, #3996 ) ) ;
#996 = VECTOR ( 'NONE', #5066, 1000.000000000000000 ) ;
#997 = PLANE ( 'NONE',  #1488 ) ;
#998 = CARTESIAN_POINT ( 'NONE',  ( -0.9503303964760000389, -0.7771013215859999823, 0.8950000000000000178 ) ) ;
#999 = SURFACE_SIDE_STYLE ('',( #3896 ) ) ;
#1000 = VECTOR ( 'NONE', #4739, 1000.000000000000000 ) ;
#1001 = VECTOR ( 'NONE', #4558, 1000.000000000000000 ) ;
#1002 = FACE_OUTER_BOUND ( 'NONE', #3720, .T. ) ;
#1003 = B_SPLINE_CURVE_WITH_KNOTS ( 'NONE', 3,
 ( #5146, #1011, #3429, #184 ),
 .UNSPECIFIED., .F., .F.,
 ( 4, 4 ),
 ( 0.0000000000000000000, 1.000000000000000000 ),
 .UNSPECIFIED. ) ;
#1004 = UNCERTAINTY_MEASURE_WITH_UNIT (LENGTH_MEASURE( 1.000000000000000082E-05 ), #4925, 'distance_accuracy_value', 'NONE');
#1005 = CARTESIAN_POINT ( 'NONE',  ( -0.9309471365639999663, -0.6753392070483333898, 0.8950000000000000178 ) ) ;
#1006 =( LENGTH_UNIT ( ) NAMED_UNIT ( * ) SI_UNIT ( .MILLI., .METRE. ) );
#1007 = ORIENTED_EDGE ( 'NONE', *, *, #2924, .T. ) ;
#1008 = STYLED_ITEM ( 'NONE', ( #470 ), #4701 ) ;
#1009 = LINE ( 'NONE', #4300, #4117 ) ;
#1010 = SURFACE_STYLE_FILL_AREA ( #691 ) ;
#1011 = CARTESIAN_POINT ( 'NONE',  ( -1.170374449339000034, 0.8172819383256666459, 0.9000000000000001332 ) ) ;
#1012 = PRESENTATION_LAYER_ASSIGNMENT (  '', '', ( #337 ) ) ;
#1013 = FILL_AREA_STYLE ('',( #2189 ) ) ;
#1014 = ORIENTED_EDGE ( 'NONE', *, *, #3455, .T. ) ;
#1015 = ORIENTED_EDGE ( 'NONE', *, *, #2489, .T. ) ;
#1016 = COLOUR_RGB ( '',0.7921568627450980005, 0.8196078431372548767, 0.9333333333333333481 ) ;
#1017 = EDGE_CURVE ( 'NONE', #2912, #1038, #4423, .T. ) ;
#1018 = CARTESIAN_POINT ( 'NONE',  ( -0.6721365638770000484, -0.6647665198233332351, 0.8950000000000000178 ) ) ;
#1019 = EDGE_LOOP ( 'NONE', ( #4251, #755, #1042, #3804 ) ) ;
#1020 = DIRECTION ( 'NONE',  ( 0.0000000000000000000, 0.0000000000000000000, -1.000000000000000000 ) ) ;
#1021 = EDGE_LOOP ( 'NONE', ( #3348, #219, #2347, #4578, #2774 ) ) ;
#1022 = EDGE_LOOP ( 'NONE', ( #453, #2906, #534, #3786 ) ) ;
#1023 = ADVANCED_FACE ( 'NONE', ( #1120 ), #4676, .T. ) ;
#1024 = CARTESIAN_POINT ( 'NONE',  ( -0.6430616740090000505, -0.6753392070479999898, 0.9000000000000001332 ) ) ;
#1025 = CARTESIAN_POINT ( 'NONE',  ( -1.218942731277999902, -0.3968149779740000604, 0.9000000000000001332 ) ) ;
#1026 = B_SPLINE_CURVE_WITH_KNOTS ( 'NONE', 3,
 ( #3019, #3834, #746, #2315 ),
 .UNSPECIFIED., .F., .F.,
 ( 4, 4 ),
 ( 0.0000000000000000000, 1.000000000000000000 ),
 .UNSPECIFIED. ) ;
#1027 = CARTESIAN_POINT ( 'NONE',  ( -0.8594713656389999512, 0.9399691629959999739, 0.8950000000000000178 ) ) ;
#1028 = CARTESIAN_POINT ( 'NONE',  ( 1.649999999999999911, 0.6750000000000000444, 0.1499999999999999944 ) ) ;
#1029 = CARTESIAN_POINT ( 'NONE',  ( -1.449999999999999956, 3.200000000000000229E-16, 0.8950000000000000178 ) ) ;
#1030 = MANIFOLD_SOLID_BREP ( 'Imported1', #875 ) ;
#1031 = B_SPLINE_SURFACE_WITH_KNOTS ( 'NONE', 2, 1, ( 
 ( #2950, #20 ),
 ( #4505, #2476 ),
 ( #3713, #2125 ) ),
 .UNSPECIFIED., .F., .F., .F.,
 ( 3, 3 ),
 ( 2, 2 ),
 ( 0.0000000000000000000, 1.000000000000000000 ),
 ( 0.0000000000000000000, 1.000000000000000000 ),
 .UNSPECIFIED. ) ;
#1032 = EDGE_CURVE ( 'NONE', #5259, #2143, #455, .T. ) ;
#1033 = DIRECTION ( 'NONE',  ( -0.0000000000000000000, -1.000000000000000000, -0.0000000000000000000 ) ) ;
#1034 = FILL_AREA_STYLE_COLOUR ( '', #3143 ) ;
#1035 = CARTESIAN_POINT ( 'NONE',  ( 1.899999999999999911, 0.0000000000000000000, 0.1499999999999999944 ) ) ;
#1036 =( NAMED_UNIT ( * ) SI_UNIT ( $, .STERADIAN. ) SOLID_ANGLE_UNIT ( ) );
#1037 = LINE ( 'NONE', #156, #950 ) ;
#1038 = VERTEX_POINT ( 'NONE', #2340 ) ;
#1039 =( NAMED_UNIT ( * ) PLANE_ANGLE_UNIT ( ) SI_UNIT ( $, .RADIAN. ) );
#1040 = CARTESIAN_POINT ( 'NONE',  ( 1.949999999999999956, 1.284487571217999946, 0.05430052353698999745 ) ) ;
#1041 = CARTESIAN_POINT ( 'NONE',  ( -2.009165628732999753, 1.100000000000000311, 0.8928943887870000040 ) ) ;
#1042 = ORIENTED_EDGE ( 'NONE', *, *, #2555, .T. ) ;
#1043 = ORIENTED_EDGE ( 'NONE', *, *, #4885, .F. ) ;
#1044 = CARTESIAN_POINT ( 'NONE',  ( -0.5000000000000000000, 0.7787356828189999636, 0.9000000000000001332 ) ) ;
#1045 =( GEOMETRIC_REPRESENTATION_CONTEXT ( 3 ) GLOBAL_UNCERTAINTY_ASSIGNED_CONTEXT ( ( #4514 ) ) GLOBAL_UNIT_ASSIGNED_CONTEXT ( ( #1006, #2236, #3636 ) ) REPRESENTATION_CONTEXT ( 'NONE', 'WORKASPACE' ) );
#1046 = ORIENTED_EDGE ( 'NONE', *, *, #5194, .F. ) ;
#1047 = CARTESIAN_POINT ( 'NONE',  ( -0.5485682819380000019, -0.8284229074886666488, 0.9000000000000001332 ) ) ;
#1048 = ORIENTED_EDGE ( 'NONE', *, *, #338, .F. ) ;
#1049 = EDGE_CURVE ( 'NONE', #1732, #2115, #3177, .T. ) ;
#1050 = STYLED_ITEM ( 'NONE', ( #446 ), #679 ) ;
#1051 = CARTESIAN_POINT ( 'NONE',  ( -0.6862334801763333436, 0.8762026431716667396, 0.9000000000000001332 ) ) ;
#1052 = DIRECTION ( 'NONE',  ( 0.0000000000000000000, 1.000000000000000000, -0.0000000000000000000 ) ) ;
#1053 = DIRECTION ( 'NONE',  ( 0.0000000000000000000, -0.1104315260749562794, 0.9938837346736066891 ) ) ;
#1054 = VECTOR ( 'NONE', #1325, 1000.000000000000000 ) ;
#1055 = PLANE ( 'NONE',  #1097 ) ;
#1056 = FILL_AREA_STYLE_COLOUR ( '', #3622 ) ;
#1057 = ADVANCED_FACE ( 'NONE', ( #2989 ), #2690, .T. ) ;
#1058 = PRODUCT_RELATED_PRODUCT_CATEGORY ( 'part', '', ( #21 ) ) ;
#1059 = DIRECTION ( 'NONE',  ( 0.0000000000000000000, 0.0000000000000000000, 1.000000000000000000 ) ) ;
#1060 = UNCERTAINTY_MEASURE_WITH_UNIT (LENGTH_MEASURE( 1.000000000000000082E-05 ), #2682, 'distance_accuracy_value', 'NONE');
#1061 = PRESENTATION_STYLE_ASSIGNMENT (( #203 ) ) ;
#1062 = CARTESIAN_POINT ( 'NONE',  ( -0.5310572687219999866, -0.6918590308370000663, 0.8950000000000000178 ) ) ;
#1063 = EDGE_CURVE ( 'NONE', #3921, #3336, #2802, .T. ) ;
#1064 = ORIENTED_EDGE ( 'NONE', *, *, #2208, .T. ) ;
#1065 = DIRECTION ( 'NONE',  ( 0.0000000000000000000, -0.0000000000000000000, -1.000000000000000000 ) ) ;
#1066 = CARTESIAN_POINT ( 'NONE',  ( 2.034539838561644665, 1.244318531688999752, 0.009421060971106998833 ) ) ;
#1067 = CARTESIAN_POINT ( 'NONE',  ( -1.949999999999999956, 1.134831372447999920, 0.9000000000000001332 ) ) ;
#1068 =( GEOMETRIC_REPRESENTATION_CONTEXT ( 3 ) GLOBAL_UNCERTAINTY_ASSIGNED_CONTEXT ( ( #1124 ) ) GLOBAL_UNIT_ASSIGNED_CONTEXT ( ( #2589, #4283, #3860 ) ) REPRESENTATION_CONTEXT ( 'NONE', 'WORKASPACE' ) );
#1069 = EDGE_CURVE ( 'NONE', #4405, #3100, #1727, .T. ) ;
#1070 = ORIENTED_EDGE ( 'NONE', *, *, #1311, .F. ) ;
#1071 = ORIENTED_EDGE ( 'NONE', *, *, #4382, .T. ) ;
#1072 = VECTOR ( 'NONE', #3985, 1000.000000000000114 ) ;
#1073 = CARTESIAN_POINT ( 'NONE',  ( -1.087775330396000051, 0.6944845814980000753, 0.9000000000000001332 ) ) ;
#1074 = EDGE_LOOP ( 'NONE', ( #357, #2031, #653, #1007 ) ) ;
#1075 = FILL_AREA_STYLE_COLOUR ( '', #4537 ) ;
#1076 = PRODUCT_DEFINITION_SHAPE ( 'NONE', 'NONE',  #1700 ) ;
#1077 = CARTESIAN_POINT ( 'NONE',  ( -1.123127753304000054, 0.9029647577089999766, 0.9000000000000001332 ) ) ;
#1078 = VERTEX_POINT ( 'NONE', #2081 ) ;
#1079 = CARTESIAN_POINT ( 'NONE',  ( -1.218942731277999902, -0.3968149779740000049, 0.9000000000000001332 ) ) ;
#1080 =( GEOMETRIC_REPRESENTATION_CONTEXT ( 3 ) GLOBAL_UNCERTAINTY_ASSIGNED_CONTEXT ( ( #1538 ) ) GLOBAL_UNIT_ASSIGNED_CONTEXT ( ( #1384, #1862, #1462 ) ) REPRESENTATION_CONTEXT ( 'NONE', 'WORKASPACE' ) );
#1081 = DIRECTION ( 'NONE',  ( 1.000000000000000000, 2.199999999999999757E-16, 0.0000000000000000000 ) ) ;
#1082 = PLANE ( 'NONE',  #1695 ) ;
#1083 = FACE_OUTER_BOUND ( 'NONE', #626, .T. ) ;
#1084 = EDGE_CURVE ( 'NONE', #2353, #4634, #4690, .T. ) ;
#1085 = LINE ( 'NONE', #1563, #1758 ) ;
#1086 = STYLED_ITEM ( 'NONE', ( #2708 ), #4093 ) ;
#1087 = PRESENTATION_STYLE_ASSIGNMENT (( #1881 ) ) ;
#1088 = DIRECTION ( 'NONE',  ( -0.0000000000000000000, 0.1104315260749562794, 0.9938837346736066891 ) ) ;
#1089 = ORIENTED_EDGE ( 'NONE', *, *, #2975, .F. ) ;
#1090 = AXIS2_PLACEMENT_3D ( 'NONE', #4126, #438, #1446 ) ;
#1091 = CARTESIAN_POINT ( 'NONE',  ( -1.350000000000000089, 1.110495720687000087, 0.9000000000000001332 ) ) ;
#1092 = CARTESIAN_POINT ( 'NONE',  ( -1.058370044053000170, -0.4242378854630000085, 0.8950000000000000178 ) ) ;
#1093 = EDGE_CURVE ( 'NONE', #3546, #568, #3263, .T. ) ;
#1094 = DIRECTION ( 'NONE',  ( 0.0000000000000000000, 0.0000000000000000000, 1.000000000000000000 ) ) ;
#1095 = CARTESIAN_POINT ( 'NONE',  ( -0.5517621145373332592, -0.6621233480176667019, 0.8950000000000000178 ) ) ;
#1096 = CARTESIAN_POINT ( 'NONE',  ( -2.047447250525999962, 1.157083277742162242, 0.8586306990930001604 ) ) ;
#1097 = AXIS2_PLACEMENT_3D ( 'NONE', #1399, #3415, #2633 ) ;
#1098 = VERTEX_POINT ( 'NONE', #1 ) ;
#1099 = ORIENTED_EDGE ( 'NONE', *, *, #3145, .T. ) ;
#1100 = VECTOR ( 'NONE', #2819, 1000.000000000000000 ) ;
#1101 = ADVANCED_FACE ( 'NONE', ( #2053 ), #3715, .T. ) ;
#1102 = DIRECTION ( 'NONE',  ( -0.0000000000000000000, -0.0000000000000000000, -1.000000000000000000 ) ) ;
#1103 = CARTESIAN_POINT ( 'NONE',  ( -0.9460352422910000003, -0.8250088105730000176, 0.8950000000000000178 ) ) ;
#1104 = EDGE_LOOP ( 'NONE', ( #2226, #2519, #1105, #4571, #2813 ) ) ;
#1105 = ORIENTED_EDGE ( 'NONE', *, *, #3085, .T. ) ;
#1106 = VECTOR ( 'NONE', #4511, 1000.000000000000000 ) ;
#1107 = ORIENTED_EDGE ( 'NONE', *, *, #2489, .F. ) ;
#1108 = B_SPLINE_CURVE_WITH_KNOTS ( 'NONE', 3,
 ( #1062, #2662, #1780, #4324 ),
 .UNSPECIFIED., .F., .F.,
 ( 4, 4 ),
 ( 0.0000000000000000000, 1.000000000000000000 ),
 .UNSPECIFIED. ) ;
#1109 = CARTESIAN_POINT ( 'NONE',  ( -1.123458149780000026, 0.6518634361230000174, 0.9000000000000001332 ) ) ;
#1110 = CARTESIAN_POINT ( 'NONE',  ( 1.649999999999999911, -0.6750000000000000444, 0.1499999999999999944 ) ) ;
#1111 = ORIENTED_EDGE ( 'NONE', *, *, #570, .T. ) ;
#1112 = CARTESIAN_POINT ( 'NONE',  ( -0.6311674008809999847, 0.8603436123350000075, 0.8950000000000000178 ) ) ;
#1113 = CARTESIAN_POINT ( 'NONE',  ( -0.9371145374450047250, -0.8672995594710640743, 0.9000000000000001332 ) ) ;
#1114 = UNCERTAINTY_MEASURE_WITH_UNIT (LENGTH_MEASURE( 1.000000000000000082E-05 ), #23, 'distance_accuracy_value', 'NONE');
#1115 = CARTESIAN_POINT ( 'NONE',  ( -1.123127753304000054, 0.9029647577089999766, 0.9000000000000001332 ) ) ;
#1116 = CARTESIAN_POINT ( 'NONE',  ( -1.187004405286666620, 0.8782951541850000376, 0.8950000000000000178 ) ) ;
#1117 = ORIENTED_EDGE ( 'NONE', *, *, #1262, .T. ) ;
#1118 = EDGE_CURVE ( 'NONE', #3890, #3965, #4541, .T. ) ;
#1119 = B_SPLINE_CURVE_WITH_KNOTS ( 'NONE', 2,
 ( #4455, #4887, #3612 ),
 .UNSPECIFIED., .F., .F.,
 ( 3, 3 ),
 ( 0.0000000000000000000, 1.000000000000000000 ),
 .UNSPECIFIED. ) ;
#1120 = FACE_OUTER_BOUND ( 'NONE', #3430, .T. ) ;
#1121 = LINE ( 'NONE', #3124, #1781 ) ;
#1122 = FILL_AREA_STYLE_COLOUR ( '', #3395 ) ;
#1123 = CARTESIAN_POINT ( 'NONE',  ( -1.115198237885000054, 0.3333612334800000188, 0.8950000000000000178 ) ) ;
#1124 = UNCERTAINTY_MEASURE_WITH_UNIT (LENGTH_MEASURE( 1.000000000000000082E-05 ), #2589, 'distance_accuracy_value', 'NONE');
#1125 = PLANE ( 'NONE',  #35 ) ;
#1126 = VERTEX_POINT ( 'NONE', #4480 ) ;
#1127 = ADVANCED_FACE ( 'NONE', ( #372 ), #1674, .T. ) ;
#1128 = LINE ( 'NONE', #4461, #2018 ) ;
#1129 = CARTESIAN_POINT ( 'NONE',  ( -1.086123348017999923, 0.8603436123350000075, 0.9000000000000001332 ) ) ;
#1130 = VERTEX_POINT ( 'NONE', #2450 ) ;
#1131 = FACE_OUTER_BOUND ( 'NONE', #3277, .T. ) ;
#1132 = VECTOR ( 'NONE', #1438, 1000.000000000000000 ) ;
#1133 = EDGE_LOOP ( 'NONE', ( #5148, #3592, #1704, #3045 ) ) ;
#1134 = ORIENTED_EDGE ( 'NONE', *, *, #5060, .F. ) ;
#1135 = EDGE_CURVE ( 'NONE', #4367, #2115, #2902, .T. ) ;
#1136 = LINE ( 'NONE', #1985, #645 ) ;
#1137 = CARTESIAN_POINT ( 'NONE',  ( -1.132378854626000075, 0.01122466960352001657, 0.9000000000000001332 ) ) ;
#1138 = SURFACE_STYLE_FILL_AREA ( #1188 ) ;
#1139 = CARTESIAN_POINT ( 'NONE',  ( 2.134487571218000479, -1.208070317130231830, 0.05430052353699000439 ) ) ;
#1140 = VERTEX_POINT ( 'NONE', #1566 ) ;
#1141 = MECHANICAL_DESIGN_GEOMETRIC_PRESENTATION_REPRESENTATION (  '', ( #3453 ), #2502 ) ;
#1142 =( GEOMETRIC_REPRESENTATION_CONTEXT ( 3 ) GLOBAL_UNCERTAINTY_ASSIGNED_CONTEXT ( ( #1914 ) ) GLOBAL_UNIT_ASSIGNED_CONTEXT ( ( #4726, #241, #4302 ) ) REPRESENTATION_CONTEXT ( 'NONE', 'WORKASPACE' ) );
#1143 = DIRECTION ( 'NONE',  ( -1.987767469345433115E-16, -1.000000000000000000, 2.208630521497147299E-17 ) ) ;
#1144 = CARTESIAN_POINT ( 'NONE',  ( -1.147246696035000069, 0.3617753303960000166, 0.8950000000000000178 ) ) ;
#1145 = ORIENTED_EDGE ( 'NONE', *, *, #2886, .T. ) ;
#1146 = DIRECTION ( 'NONE',  ( 0.0000000000000000000, -1.000000000000000000, -0.0000000000000000000 ) ) ;
#1147 = ORIENTED_EDGE ( 'NONE', *, *, #3352, .T. ) ;
#1148 = CARTESIAN_POINT ( 'NONE',  ( -1.218942731277952829, -0.01421585903060257686, 0.8950000000000000178 ) ) ;
#1149 = CARTESIAN_POINT ( 'NONE',  ( -0.6688325991189999487, 0.9241101321590000639, 0.9000000000000001332 ) ) ;
#1150 = PRESENTATION_LAYER_ASSIGNMENT (  '', '', ( #1320 ) ) ;
#1151 = EDGE_CURVE ( 'NONE', #1329, #3617, #1854, .T. ) ;
#1152 = VERTEX_POINT ( 'NONE', #2420 ) ;
#1153 = CARTESIAN_POINT ( 'NONE',  ( -0.5000000000000000000, -0.2342599118940000280, 0.8950000000000000178 ) ) ;
#1154 = ORIENTED_EDGE ( 'NONE', *, *, #4937, .T. ) ;
#1155 = VERTEX_POINT ( 'NONE', #798 ) ;
#1156 = DIRECTION ( 'NONE',  ( 0.0000000000000000000, 0.0000000000000000000, 1.000000000000000000 ) ) ;
#1157 = EDGE_CURVE ( 'NONE', #3547, #2758, #2880, .T. ) ;
#1158 = CARTESIAN_POINT ( 'NONE',  ( -0.8574889867839999846, 0.6122158590309999537, 0.8950000000000000178 ) ) ;
#1159 = PRESENTATION_STYLE_ASSIGNMENT (( #4371 ) ) ;
#1160 = EDGE_LOOP ( 'NONE', ( #3017, #354, #5229, #912 ) ) ;
#1161 = VECTOR ( 'NONE', #4034, 1000.000000000000000 ) ;
#1162 = DIRECTION ( 'NONE',  ( -0.0000000000000000000, -0.0000000000000000000, -1.000000000000000000 ) ) ;
#1163 =( LENGTH_UNIT ( ) NAMED_UNIT ( * ) SI_UNIT ( .MILLI., .METRE. ) );
#1164 = UNCERTAINTY_MEASURE_WITH_UNIT (LENGTH_MEASURE( 1.000000000000000082E-05 ), #2121, 'distance_accuracy_value', 'NONE');
#1165 = DIRECTION ( 'NONE',  ( -2.199999999999999757E-16, 1.000000000000000000, 0.0000000000000000000 ) ) ;
#1166 = PRESENTATION_LAYER_ASSIGNMENT (  '', '', ( #905 ) ) ;
#1167 = EDGE_LOOP ( 'NONE', ( #4891, #2412, #3750, #4069, #2278, #5278, #3131, #1431, #1930, #2704, #4820 ) ) ;
#1168 = VECTOR ( 'NONE', #231, 1000.000000000000000 ) ;
#1169 = DIRECTION ( 'NONE',  ( -0.1104315260749562794, -0.0000000000000000000, -0.9938837346736066891 ) ) ;
#1170 = CARTESIAN_POINT ( 'NONE',  ( -1.218942731277929514, -0.01421585903060254910, 0.9000000000000001332 ) ) ;
#1171 = FACE_OUTER_BOUND ( 'NONE', #2697, .T. ) ;
#1172 = CARTESIAN_POINT ( 'NONE',  ( -0.9503303964760000389, -0.7189515418499999866, 0.9000000000000001332 ) ) ;
#1173 = CARTESIAN_POINT ( 'NONE',  ( -1.132378854626000075, 0.01518942731277999995, 0.8950000000000000178 ) ) ;
#1174 = ORIENTED_EDGE ( 'NONE', *, *, #5067, .F. ) ;
#1175 = AXIS2_PLACEMENT_3D ( 'NONE', #788, #4041, #1559 ) ;
#1176 = VERTEX_POINT ( 'NONE', #4908 ) ;
#1177 = LINE ( 'NONE', #2811, #2442 ) ;
#1178 = DIRECTION ( 'NONE',  ( -0.0000000000000000000, -1.000000000000000000, 0.0000000000000000000 ) ) ;
#1179 = AXIS2_PLACEMENT_3D ( 'NONE', #4435, #677, #2055 ) ;
#1180 = CARTESIAN_POINT ( 'NONE',  ( 2.038273498465000166, -1.099999999999999867, 2.775557561562800216E-18 ) ) ;
#1181 = CARTESIAN_POINT ( 'NONE',  ( 2.038273498465000166, 1.100000000000000089, 0.0000000000000000000 ) ) ;
#1182 = VERTEX_POINT ( 'NONE', #4078 ) ;
#1183 = ORIENTED_EDGE ( 'NONE', *, *, #110, .F. ) ;
#1184 =( GEOMETRIC_REPRESENTATION_CONTEXT ( 3 ) GLOBAL_UNCERTAINTY_ASSIGNED_CONTEXT ( ( #1114 ) ) GLOBAL_UNIT_ASSIGNED_CONTEXT ( ( #23, #2500, #499 ) ) REPRESENTATION_CONTEXT ( 'NONE', 'WORKASPACE' ) );
#1185 = EDGE_CURVE ( 'NONE', #2854, #4465, #2998, .T. ) ;
#1186 = DIRECTION ( 'NONE',  ( -0.0000000000000000000, 0.0000000000000000000, 1.000000000000000000 ) ) ;
#1187 = CARTESIAN_POINT ( 'NONE',  ( -0.5862334801759999658, 0.6538458149779999840, 0.8950000000000000178 ) ) ;
#1188 = FILL_AREA_STYLE ('',( #4818 ) ) ;
#1189 = AXIS2_PLACEMENT_3D ( 'NONE', #934, #2673, #1787 ) ;
#1190 = DIRECTION ( 'NONE',  ( -1.000000000000000000, -2.199999999999999757E-16, 0.0000000000000000000 ) ) ;
#1191 = EDGE_CURVE ( 'NONE', #836, #1680, #394, .T. ) ;
#1192 = FILL_AREA_STYLE ('',( #4447 ) ) ;
#1193 = DIRECTION ( 'NONE',  ( 1.000000000000000000, 0.0000000000000000000, 0.0000000000000000000 ) ) ;
#1194 = CARTESIAN_POINT ( 'NONE',  ( -0.5737885462556666649, 0.8966872246693333715, 0.8950000000000000178 ) ) ;
#1195 = CARTESIAN_POINT ( 'NONE',  ( -1.218942731277999902, 0.8659603524229999572, 0.9000000000000001332 ) ) ;
#1196 = LINE ( 'NONE', #4882, #536 ) ;
#1197 = EDGE_CURVE ( 'NONE', #3811, #5216, #5252, .T. ) ;
#1198 = CARTESIAN_POINT ( 'NONE',  ( -1.949999999999999956, 1.110495720687000087, 0.8000000000000000444 ) ) ;
#1199 = CARTESIAN_POINT ( 'NONE',  ( -0.4999999999999061306, -0.1774317180616858114, 0.9000000000000001332 ) ) ;
#1200 = CARTESIAN_POINT ( 'NONE',  ( -0.9371145374450010612, -0.8672995594710158906, 0.9000000000000001332 ) ) ;
#1201 = DIRECTION ( 'NONE',  ( 1.999999999999999958E-16, 1.000000000000000000, 0.0000000000000000000 ) ) ;
#1202 = ORIENTED_EDGE ( 'NONE', *, *, #3287, .T. ) ;
#1203 = FACE_OUTER_BOUND ( 'NONE', #10, .T. ) ;
#1204 = LINE ( 'NONE', #1129, #3211 ) ;
#1205 = VERTEX_POINT ( 'NONE', #2370 ) ;
#1206 = DIRECTION ( 'NONE',  ( -0.9578400361168352140, -0.2873020452619505227, 0.0000000000000000000 ) ) ;
#1207 = ORIENTED_EDGE ( 'NONE', *, *, #2980, .T. ) ;
#1208 = VERTEX_POINT ( 'NONE', #346 ) ;
#1209 = B_SPLINE_SURFACE_WITH_KNOTS ( 'NONE', 2, 1, ( 
 ( #4291, #3471 ),
 ( #5108, #2256 ),
 ( #1027, #3226 ) ),
 .UNSPECIFIED., .F., .F., .F.,
 ( 3, 3 ),
 ( 2, 2 ),
 ( 0.0000000000000000000, 1.000000000000000000 ),
 ( 0.0000000000000000000, 1.000000000000000000 ),
 .UNSPECIFIED. ) ;
#1210 = PLANE ( 'NONE',  #5094 ) ;
#1211 = FACE_OUTER_BOUND ( 'NONE', #4246, .T. ) ;
#1212 = CARTESIAN_POINT ( 'NONE',  ( -1.218942731277999902, 0.4146387665199999795, 0.9000000000000001332 ) ) ;
#1213 = EDGE_CURVE ( 'NONE', #187, #196, #119, .T. ) ;
#1214 =( NAMED_UNIT ( * ) SI_UNIT ( $, .STERADIAN. ) SOLID_ANGLE_UNIT ( ) );
#1215 = ORIENTED_EDGE ( 'NONE', *, *, #3657, .F. ) ;
#1216 = PRESENTATION_STYLE_ASSIGNMENT (( #2073 ) ) ;
#1217 = CARTESIAN_POINT ( 'NONE',  ( -1.087775330396000051, 0.6944845814980000753, 0.9000000000000002442 ) ) ;
#1218 = EDGE_CURVE ( 'NONE', #482, #2644, #3206, .T. ) ;
#1219 = VECTOR ( 'NONE', #1554, 1000.000000000000000 ) ;
#1220 = DIRECTION ( 'NONE',  ( -0.0000000000000000000, 0.0000000000000000000, -1.000000000000000000 ) ) ;
#1221 = EDGE_LOOP ( 'NONE', ( #118, #4036, #3009, #3405 ) ) ;
#1222 = VECTOR ( 'NONE', #3934, 1000.000000000000000 ) ;
#1223 = CARTESIAN_POINT ( 'NONE',  ( -1.017400881057000106, -0.4232466960349999807, 0.9000000000000001332 ) ) ;
#1224 = DIRECTION ( 'NONE',  ( -1.000000000000000000, 0.0000000000000000000, 0.0000000000000000000 ) ) ;
#1225 = DIRECTION ( 'NONE',  ( 1.000000000000000000, 0.0000000000000000000, 0.0000000000000000000 ) ) ;
#1226 = EDGE_CURVE ( 'NONE', #898, #2829, #2151, .T. ) ;
#1227 = UNCERTAINTY_MEASURE_WITH_UNIT (LENGTH_MEASURE( 1.000000000000000082E-05 ), #267, 'distance_accuracy_value', 'NONE');
#1228 =( NAMED_UNIT ( * ) PLANE_ANGLE_UNIT ( ) SI_UNIT ( $, .RADIAN. ) );
#1229 = ORIENTED_EDGE ( 'NONE', *, *, #1069, .T. ) ;
#1230 = ORIENTED_EDGE ( 'NONE', *, *, #307, .T. ) ;
#1231 = CARTESIAN_POINT ( 'NONE',  ( -1.218942731277999902, -0.4761101321589999991, 0.9000000000000001332 ) ) ;
#1232 = ORIENTED_EDGE ( 'NONE', *, *, #4130, .T. ) ;
#1233 = PLANE ( 'NONE',  #955 ) ;
#1234 = VERTEX_POINT ( 'NONE', #5087 ) ;
#1235 = CARTESIAN_POINT ( 'NONE',  ( -0.5751101321586665760, -0.9111321585906666520, 0.8950000000000000178 ) ) ;
#1236 = DIRECTION ( 'NONE',  ( -1.000000000000000000, -2.199999999999999757E-16, 0.0000000000000000000 ) ) ;
#1237 = CARTESIAN_POINT ( 'NONE',  ( -2.149999999999999911, -0.6750000000000000444, 0.1499999999999999944 ) ) ;
#1238 = CARTESIAN_POINT ( 'NONE',  ( 2.094318531689000729, -1.184539838561644576, 0.009421060971107999768 ) ) ;
#1239 = VERTEX_POINT ( 'NONE', #876 ) ;
#1240 = VECTOR ( 'NONE', #3280, 1000.000000000000000 ) ;
#1241 = VECTOR ( 'NONE', #3162, 1000.000000000000000 ) ;
#1242 = PLANE ( 'NONE',  #3385 ) ;
#1243 = CARTESIAN_POINT ( 'NONE',  ( -1.071255506607533325, 0.2157400881055143160, 0.9000000000000001332 ) ) ;
#1244 = CARTESIAN_POINT ( 'NONE',  ( 1.960495720687000176, -1.106148250831564983, 0.9000000000000000222 ) ) ;
#1245 = STYLED_ITEM ( 'NONE', ( #657 ), #2679 ) ;
#1246 = ADVANCED_FACE ( 'NONE', ( #1747, #2574 ), #4265, .F. ) ;
#1247 = DIRECTION ( 'NONE',  ( -1.000000000000000000, -0.0000000000000000000, -0.0000000000000000000 ) ) ;
#1248 = PRESENTATION_STYLE_ASSIGNMENT (( #4936 ) ) ;
#1249 = CARTESIAN_POINT ( 'NONE',  ( -3.000000000000000061E-17, 0.4146387665199999795, 0.9000000000000001332 ) ) ;
#1250 = AXIS2_PLACEMENT_3D ( 'NONE', #2059, #2753, #4432 ) ;
#1251 = DIRECTION ( 'NONE',  ( -0.0000000000000000000, -1.000000000000000000, 0.0000000000000000000 ) ) ;
#1252 = ORIENTED_EDGE ( 'NONE', *, *, #551, .T. ) ;
#1253 = B_SPLINE_SURFACE_WITH_KNOTS ( 'NONE', 2, 1, ( 
 ( #2875, #4536 ),
 ( #4957, #5006 ),
 ( #2498, #1217 ) ),
 .UNSPECIFIED., .F., .F., .F.,
 ( 3, 3 ),
 ( 2, 2 ),
 ( 0.0000000000000000000, 1.000000000000000000 ),
 ( 0.0000000000000000000, 1.000000000000000000 ),
 .UNSPECIFIED. ) ;
#1254 = ORIENTED_EDGE ( 'NONE', *, *, #922, .T. ) ;
#1255 = VECTOR ( 'NONE', #2130, 1000.000000000000000 ) ;
#1256 = EDGE_CURVE ( 'NONE', #1098, #1176, #4190, .T. ) ;
#1257 = DIRECTION ( 'NONE',  ( 1.000000000000000000, 0.0000000000000000000, 0.0000000000000000000 ) ) ;
#1258 =( NAMED_UNIT ( * ) SI_UNIT ( $, .STERADIAN. ) SOLID_ANGLE_UNIT ( ) );
#1259 = DIRECTION ( 'NONE',  ( 0.0000000000000000000, 0.0000000000000000000, 1.000000000000000000 ) ) ;
#1260 = AXIS2_PLACEMENT_3D ( 'NONE', #3841, #174, #1791 ) ;
#1261 = ORIENTED_EDGE ( 'NONE', *, *, #2851, .T. ) ;
#1262 = EDGE_CURVE ( 'NONE', #4790, #1954, #4834, .T. ) ;
#1263 = VECTOR ( 'NONE', #2026, 1000.000000000000000 ) ;
#1264 = CARTESIAN_POINT ( 'NONE',  ( -1.060022026431999942, 0.6254317180616666416, 0.9000000000000001332 ) ) ;
#1265 = CARTESIAN_POINT ( 'NONE',  ( -0.5290748898679999979, -0.9274317180619999768, 0.8950000000000000178 ) ) ;
#1266 = DIRECTION ( 'NONE',  ( 1.000000000000000000, 2.199999999999999757E-16, 0.0000000000000000000 ) ) ;
#1267 = CARTESIAN_POINT ( 'NONE',  ( -0.5000000000000000000, -1.099999999999999878E-16, 0.9000000000000001332 ) ) ;
#1268 = VERTEX_POINT ( 'NONE', #581 ) ;
#1269 = STYLED_ITEM ( 'NONE', ( #154 ), #163 ) ;
#1270 = MECHANICAL_DESIGN_GEOMETRIC_PRESENTATION_REPRESENTATION (  '', ( #588 ), #1694 ) ;
#1271 = MECHANICAL_DESIGN_GEOMETRIC_PRESENTATION_REPRESENTATION (  '', ( #5046 ), #252 ) ;
#1272 = CARTESIAN_POINT ( 'NONE',  ( -1.057378854625999898, 0.01254625550660999969, 0.8950000000000000178 ) ) ;
#1273 = CARTESIAN_POINT ( 'NONE',  ( -0.7405286343610000266, -0.6026519823790000840, 0.8950000000000000178 ) ) ;
#1274 = DIRECTION ( 'NONE',  ( 2.199999999999999757E-16, -1.000000000000000000, 0.0000000000000000000 ) ) ;
#1275 = CARTESIAN_POINT ( 'NONE',  ( 1.960495720687000176, 1.106148250831564983, 0.9000000000000000222 ) ) ;
#1276 =( NAMED_UNIT ( * ) PLANE_ANGLE_UNIT ( ) SI_UNIT ( $, .RADIAN. ) );
#1277 = B_SPLINE_CURVE_WITH_KNOTS ( 'NONE', 3,
 ( #4580, #1761, #1733, #1290 ),
 .UNSPECIFIED., .F., .F.,
 ( 4, 4 ),
 ( 0.0000000000000000000, 1.000000000000000000 ),
 .UNSPECIFIED. ) ;
#1278 = CARTESIAN_POINT ( 'NONE',  ( -0.5287444933920000256, 0.6815991189426666708, 0.9000000000000001332 ) ) ;
#1279 = CARTESIAN_POINT ( 'NONE',  ( -0.5000000000000000000, -0.8025418502200000193, 0.9000000000000001332 ) ) ;
#1280 = LINE ( 'NONE', #2958, #3359 ) ;
#1281 = EDGE_CURVE ( 'NONE', #1649, #3050, #2820, .T. ) ;
#1282 = EDGE_LOOP ( 'NONE', ( #3680, #2563, #4204, #1511, #858 ) ) ;
#1283 = ORIENTED_EDGE ( 'NONE', *, *, #4363, .T. ) ;
#1284 = SURFACE_STYLE_FILL_AREA ( #511 ) ;
#1285 = CARTESIAN_POINT ( 'NONE',  ( -0.6311674008809999847, 0.8603436123350000075, 0.9000000000000002442 ) ) ;
#1286 =( BOUNDED_SURFACE ( )  B_SPLINE_SURFACE ( 6, 3, ( 
 ( #4752, #1487, #566, #2695 ),
 ( #1067, #3068, #3857, #2616 ),
 ( #185, #3128, #4248, #1041 ),
 ( #4702, #4329, #4779, #1807 ),
 ( #3458, #3913, #1096, #616 ),
 ( #3882, #5072, #209, #1837 ),
 ( #3488, #2725, #4459, #3210 ) ),
 .UNSPECIFIED., .F., .F., .F. ) 
 B_SPLINE_SURFACE_WITH_KNOTS ( ( 7, 7 ),
 ( 4, 4 ),
 ( 4.712388980384999648, 6.172528086006000336 ),
 ( 0.0000000000000000000, 1.000000000000000000 ),
 .UNSPECIFIED. ) 
 GEOMETRIC_REPRESENTATION_ITEM ( )  RATIONAL_B_SPLINE_SURFACE ( (
 ( 1.000000000000000000, 0.8047378541243644934, 0.8047378541243644934, 1.000000000000000000),
 ( 1.000000000000000000, 0.8047378541243644934, 0.8047378541243644934, 1.000000000000000000),
 ( 1.000000000000000000, 0.8047378541243644934, 0.8047378541243644934, 1.000000000000000000),
 ( 1.000000000000000000, 0.8047378541243644934, 0.8047378541243644934, 1.000000000000000000),
 ( 1.000000000000000000, 0.8047378541243644934, 0.8047378541243644934, 1.000000000000000000),
 ( 1.000000000000000000, 0.8047378541243644934, 0.8047378541243644934, 1.000000000000000000),
 ( 1.000000000000000000, 0.8047378541243644934, 0.8047378541243644934, 1.000000000000000000) ) ) 
 REPRESENTATION_ITEM ( '' )  SURFACE ( )  );
#1287 = CARTESIAN_POINT ( 'NONE',  ( -0.5485682819380000019, 0.7787356828189999636, 0.9000000000000001332 ) ) ;
#1288 = EDGE_CURVE ( 'NONE', #3547, #3914, #4181, .T. ) ;
#1289 = VERTEX_POINT ( 'NONE', #2505 ) ;
#1290 = CARTESIAN_POINT ( 'NONE',  ( -0.5075991189430000272, -0.8725859030839999697, 0.9000000000000001332 ) ) ;
#1291 = FACE_OUTER_BOUND ( 'NONE', #1587, .T. ) ;
#1292 = EDGE_CURVE ( 'NONE', #3016, #1529, #501, .T. ) ;
#1293 = CARTESIAN_POINT ( 'NONE',  ( 2.094318531689000285, -1.099999999999999423, 0.009421060971107999768 ) ) ;
#1294 = EDGE_LOOP ( 'NONE', ( #1309, #2433, #2085, #3298 ) ) ;
#1295 = CARTESIAN_POINT ( 'NONE',  ( -2.018125629601310589, 1.216297724265000157, 8.491471414906000369E-17 ) ) ;
#1296 = CARTESIAN_POINT ( 'NONE',  ( 2.133333333333208515, -0.6750000000000011546, 0.1500000000000231704 ) ) ;
#1297 = CARTESIAN_POINT ( 'NONE',  ( -1.055396475770999931, 0.3597929515419999724, 0.8950000000000000178 ) ) ;
#1298 = FACE_OUTER_BOUND ( 'NONE', #995, .T. ) ;
#1299 = PRESENTATION_LAYER_ASSIGNMENT (  '', '', ( #4821 ) ) ;
#1300 = CARTESIAN_POINT ( 'NONE',  ( -0.6942731277530000966, -0.6026519823790000840, 0.8950000000000000178 ) ) ;
#1301 =( LENGTH_UNIT ( ) NAMED_UNIT ( * ) SI_UNIT ( .MILLI., .METRE. ) );
#1302 = PRESENTATION_LAYER_ASSIGNMENT (  '', '', ( #190 ) ) ;
#1303 = DIRECTION ( 'NONE',  ( 0.0000000000000000000, 0.0000000000000000000, -1.000000000000000000 ) ) ;
#1304 = PRESENTATION_STYLE_ASSIGNMENT (( #4990 ) ) ;
#1305 = VERTEX_POINT ( 'NONE', #2954 ) ;
#1306 = VERTEX_POINT ( 'NONE', #474 ) ;
#1307 = CONICAL_SURFACE ( 'NONE', #803, 0.1876618719044357841, 0.1106572211805801897 ) ;
#1308 = FILL_AREA_STYLE_COLOUR ( '', #3011 ) ;
#1309 = ORIENTED_EDGE ( 'NONE', *, *, #4245, .T. ) ;
#1310 = EDGE_LOOP ( 'NONE', ( #3357, #4430, #4180, #3452, #2534, #112 ) ) ;
#1311 = EDGE_CURVE ( 'NONE', #4508, #3890, #2052, .T. ) ;
#1312 = FACE_OUTER_BOUND ( 'NONE', #2696, .T. ) ;
#1313 = SURFACE_STYLE_USAGE ( .BOTH. , #42 ) ;
#1314 = ORIENTED_EDGE ( 'NONE', *, *, #110, .T. ) ;
#1315 = EDGE_CURVE ( 'NONE', #1126, #1333, #2209, .T. ) ;
#1316 = CARTESIAN_POINT ( 'NONE',  ( -2.058070317130232585, 1.284487571218000168, 0.05430052353698999051 ) ) ;
#1317 = SURFACE_STYLE_FILL_AREA ( #1715 ) ;
#1318 = DIRECTION ( 'NONE',  ( -1.000000000000000000, 0.0000000000000000000, 0.0000000000000000000 ) ) ;
#1319 = CARTESIAN_POINT ( 'NONE',  ( -1.133370044052999903, -0.4272114537439999915, 0.8950000000000000178 ) ) ;
#1320 = STYLED_ITEM ( 'NONE', ( #1391 ), #2011 ) ;
#1321 = CARTESIAN_POINT ( 'NONE',  ( 1.949999999999999956, -1.110495720687000087, 0.9000000000000001332 ) ) ;
#1322 = CARTESIAN_POINT ( 'NONE',  ( -1.060022026431999942, 0.6254317180616666416, 0.8950000000000000178 ) ) ;
#1323 = VECTOR ( 'NONE', #3386, 1000.000000000000000 ) ;
#1324 = EDGE_CURVE ( 'NONE', #4366, #1738, #2128, .T. ) ;
#1325 = DIRECTION ( 'NONE',  ( 0.0000000000000000000, 0.0000000000000000000, 1.000000000000000000 ) ) ;
#1326 = CARTESIAN_POINT ( 'NONE',  ( -1.949999999999999956, -1.110495720687000087, 0.8000000000000000444 ) ) ;
#1327 = CARTESIAN_POINT ( 'NONE',  ( -1.218942731277999902, 0.7787356828189999636, 0.8950000000000000178 ) ) ;
#1328 =( GEOMETRIC_REPRESENTATION_CONTEXT ( 3 ) GLOBAL_UNCERTAINTY_ASSIGNED_CONTEXT ( ( #1973 ) ) GLOBAL_UNIT_ASSIGNED_CONTEXT ( ( #931, #4999, #4978 ) ) REPRESENTATION_CONTEXT ( 'NONE', 'WORKASPACE' ) );
#1329 = VERTEX_POINT ( 'NONE', #2178 ) ;
#1330 = ORIENTED_EDGE ( 'NONE', *, *, #4742, .T. ) ;
#1331 = LINE ( 'NONE', #2136, #2610 ) ;
#1332 = CARTESIAN_POINT ( 'NONE',  ( -0.6305066079300000181, 0.6944845814980000753, 0.9000000000000001332 ) ) ;
#1333 = VERTEX_POINT ( 'NONE', #1375 ) ;
#1334 = MECHANICAL_DESIGN_GEOMETRIC_PRESENTATION_REPRESENTATION (  '', ( #3655 ), #2448 ) ;
#1335 = ORIENTED_EDGE ( 'NONE', *, *, #4637, .F. ) ;
#1336 = B_SPLINE_CURVE_WITH_KNOTS ( 'NONE', 3,
 ( #3193, #4015, #840, #2409 ),
 .UNSPECIFIED., .F., .F.,
 ( 4, 4 ),
 ( 0.0000000000000000000, 1.000000000000000000 ),
 .UNSPECIFIED. ) ;
#1337 = DIRECTION ( 'NONE',  ( -0.9584116827200446220, -0.2853892892624608213, 0.0000000000000000000 ) ) ;
#1338 = AXIS2_PLACEMENT_3D ( 'NONE', #2917, #4500, #4581 ) ;
#1339 = CARTESIAN_POINT ( 'NONE',  ( -2.038273498465000166, 0.6750000000000000444, 0.1000000000000000056 ) ) ;
#1340 = CARTESIAN_POINT ( 'NONE',  ( -2.038273498465000166, -1.100000000000000089, 2.486349253339500554E-32 ) ) ;
#1341 =( NAMED_UNIT ( * ) SI_UNIT ( $, .STERADIAN. ) SOLID_ANGLE_UNIT ( ) );
#1342 = ORIENTED_EDGE ( 'NONE', *, *, #2403, .T. ) ;
#1343 = ORIENTED_EDGE ( 'NONE', *, *, #600, .F. ) ;
#1344 = EDGE_CURVE ( 'NONE', #4812, #1983, #2612, .T. ) ;
#1345 = VECTOR ( 'NONE', #3862, 1000.000000000000000 ) ;
#1346 = CARTESIAN_POINT ( 'NONE',  ( -1.950000000000000178, 1.188273498465000744, 6.938893903906999577E-18 ) ) ;
#1347 = DIRECTION ( 'NONE',  ( -1.999999999999999958E-16, -1.000000000000000000, -0.0000000000000000000 ) ) ;
#1348 =( NAMED_UNIT ( * ) SI_UNIT ( $, .STERADIAN. ) SOLID_ANGLE_UNIT ( ) );
#1349 = CARTESIAN_POINT ( 'NONE',  ( -1.037555066079000055, 0.2481189427310000195, 0.9000000000000001332 ) ) ;
#1350 = EDGE_CURVE ( 'NONE', #3883, #1463, #5003, .T. ) ;
#1351 = CARTESIAN_POINT ( 'NONE',  ( -1.218942731277999902, -0.8967048458149999846, 0.9000000000000001332 ) ) ;
#1352 = DIRECTION ( 'NONE',  ( 1.000000000000000000, 0.0000000000000000000, 0.0000000000000000000 ) ) ;
#1353 = FILL_AREA_STYLE_COLOUR ( '', #913 ) ;
#1354 = CARTESIAN_POINT ( 'NONE',  ( -1.218942731277999902, -0.01421585903083999979, 0.8950000000000000178 ) ) ;
#1355 = AXIS2_PLACEMENT_3D ( 'NONE', #3013, #642, #1065 ) ;
#1356 = ADVANCED_FACE ( 'NONE', ( #4591 ), #4094, .T. ) ;
#1357 = ORIENTED_EDGE ( 'NONE', *, *, #4453, .T. ) ;
#1358 = PRESENTATION_STYLE_ASSIGNMENT (( #268 ) ) ;
#1359 = FILL_AREA_STYLE ('',( #1684 ) ) ;
#1360 = PRESENTATION_STYLE_ASSIGNMENT (( #1436 ) ) ;
#1361 = SURFACE_SIDE_STYLE ('',( #2937 ) ) ;
#1362 = ORIENTED_EDGE ( 'NONE', *, *, #3908, .T. ) ;
#1363 = ORIENTED_EDGE ( 'NONE', *, *, #4815, .F. ) ;
#1364 = CARTESIAN_POINT ( 'NONE',  ( -2.649999999999999911, -0.6750000000000000444, 0.0000000000000000000 ) ) ;
#1365 = CARTESIAN_POINT ( 'NONE',  ( -0.8594713656389999512, 0.9399691629959999739, 0.9000000000000001332 ) ) ;
#1366 = CARTESIAN_POINT ( 'NONE',  ( -3.000000000000000061E-17, 0.01221585903083999974, 0.9000000000000001332 ) ) ;
#1367 = B_SPLINE_SURFACE_WITH_KNOTS ( 'NONE', 2, 1, ( 
 ( #1915, #2806 ),
 ( #4913, #1974 ),
 ( #1173, #4031 ) ),
 .UNSPECIFIED., .F., .F., .F.,
 ( 3, 3 ),
 ( 2, 2 ),
 ( 0.0000000000000000000, 1.000000000000000000 ),
 ( 0.0000000000000000000, 1.000000000000000000 ),
 .UNSPECIFIED. ) ;
#1368 = DIRECTION ( 'NONE',  ( 0.0000000000000000000, 0.0000000000000000000, 1.000000000000000000 ) ) ;
#1369 = ORIENTED_EDGE ( 'NONE', *, *, #1535, .F. ) ;
#1370 = ORIENTED_EDGE ( 'NONE', *, *, #612, .F. ) ;
#1371 = B_SPLINE_CURVE_WITH_KNOTS ( 'NONE', 3,
 ( #4317, #4719, #2656, #1453 ),
 .UNSPECIFIED., .F., .F.,
 ( 4, 4 ),
 ( 0.0000000000000000000, 1.000000000000000000 ),
 .UNSPECIFIED. ) ;
#1372 = CARTESIAN_POINT ( 'NONE',  ( -0.8701480401610000026, -0.7682950760890001618, 0.8950000000000000178 ) ) ;
#1373 = CARTESIAN_POINT ( 'NONE',  ( -0.6166299559469999858, -0.6251189427309999935, 0.9000000000000001332 ) ) ;
#1374 =( NAMED_UNIT ( * ) SI_UNIT ( $, .STERADIAN. ) SOLID_ANGLE_UNIT ( ) );
#1375 = CARTESIAN_POINT ( 'NONE',  ( 1.649999999999999689, 0.6749999999999999334, 0.1499999999999999944 ) ) ;
#1376 = EDGE_CURVE ( 'NONE', #351, #1176, #5038, .T. ) ;
#1377 = CARTESIAN_POINT ( 'NONE',  ( -0.5000000000000000000, 0.7787356828189999636, 0.9000000000000001332 ) ) ;
#1378 = UNCERTAINTY_MEASURE_WITH_UNIT (LENGTH_MEASURE( 1.000000000000000082E-05 ), #2636, 'distance_accuracy_value', 'NONE');
#1379 = CARTESIAN_POINT ( 'NONE',  ( -0.5290748898679999979, -0.9274317180619999768, 0.9000000000000001332 ) ) ;
#1380 = DIRECTION ( 'NONE',  ( 0.0000000000000000000, 0.0000000000000000000, 1.000000000000000000 ) ) ;
#1381 = ORIENTED_EDGE ( 'NONE', *, *, #1657, .T. ) ;
#1382 = B_SPLINE_CURVE_WITH_KNOTS ( 'NONE', 3,
 ( #2372, #692, #2747, #1944 ),
 .UNSPECIFIED., .F., .F.,
 ( 4, 4 ),
 ( 0.0000000000000000000, 1.000000000000000000 ),
 .UNSPECIFIED. ) ;
#1383 = EDGE_CURVE ( 'NONE', #2514, #1306, #3003, .T. ) ;
#1384 =( LENGTH_UNIT ( ) NAMED_UNIT ( * ) SI_UNIT ( .MILLI., .METRE. ) );
#1385 = CARTESIAN_POINT ( 'NONE',  ( -0.8493204487519999679, -0.2052590433300000017, 0.8950000000000000178 ) ) ;
#1386 = CARTESIAN_POINT ( 'NONE',  ( -2.149999999999999911, -1.100000000000000089, 0.0000000000000000000 ) ) ;
#1387 = PRESENTATION_LAYER_ASSIGNMENT (  '', '', ( #1050 ) ) ;
#1388 = VERTEX_POINT ( 'NONE', #5217 ) ;
#1389 = VERTEX_POINT ( 'NONE', #5139 ) ;
#1390 = COLOUR_RGB ( '',0.0000000000000000000, 0.0000000000000000000, 0.0000000000000000000 ) ;
#1391 = PRESENTATION_STYLE_ASSIGNMENT (( #621 ) ) ;
#1392 = VERTEX_POINT ( 'NONE', #3114 ) ;
#1393 = DIRECTION ( 'NONE',  ( -0.0000000000000000000, -0.0000000000000000000, 1.000000000000000000 ) ) ;
#1394 = ORIENTED_EDGE ( 'NONE', *, *, #4020, .T. ) ;
#1395 = VERTEX_POINT ( 'NONE', #1112 ) ;
#1396 = CARTESIAN_POINT ( 'NONE',  ( -0.9420704845809999561, -0.8481365638769999826, 0.9000000000000001332 ) ) ;
#1397 = CARTESIAN_POINT ( 'NONE',  ( -1.170374449339000034, 0.7395286343609999147, 0.9000000000000001332 ) ) ;
#1398 = CARTESIAN_POINT ( 'NONE',  ( 1.949999999999999956, 1.188273498465000078, 0.0000000000000000000 ) ) ;
#1399 = CARTESIAN_POINT ( 'NONE',  ( -2.149999999999999911, 2.000000000000000143E-17, 0.1499999999999999944 ) ) ;
#1400 = CARTESIAN_POINT ( 'NONE',  ( 2.057196670993000076, -1.100000000000000311, 0.8352299610650001371 ) ) ;
#1401 = B_SPLINE_CURVE_WITH_KNOTS ( 'NONE', 2,
 ( #1474, #3111, #1874 ),
 .UNSPECIFIED., .F., .F.,
 ( 3, 3 ),
 ( 0.0000000000000000000, 1.000000000000000000 ),
 .UNSPECIFIED. ) ;
#1402 = CARTESIAN_POINT ( 'NONE',  ( -1.960495720687000620, -1.100000000000000089, 0.8000000000000000444 ) ) ;
#1403 = LINE ( 'NONE', #3420, #996 ) ;
#1404 = CARTESIAN_POINT ( 'NONE',  ( -1.649999999999999911, -0.6750000000000000444, 0.0000000000000000000 ) ) ;
#1405 = EDGE_LOOP ( 'NONE', ( #4003, #4673, #4259, #2139 ) ) ;
#1406 = AXIS2_PLACEMENT_3D ( 'NONE', #1385, #3014, #2298 ) ;
#1407 = EDGE_CURVE ( 'NONE', #4807, #844, #5111, .T. ) ;
#1408 = CARTESIAN_POINT ( 'NONE',  ( -1.058370044053000170, -0.4242378854630000085, 0.9000000000000001332 ) ) ;
#1409 = ORIENTED_EDGE ( 'NONE', *, *, #3484, .F. ) ;
#1410 = EDGE_LOOP ( 'NONE', ( #1956, #4091, #904, #2163, #3047, #2223, #4780, #3644, #2800 ) ) ;
#1411 = ADVANCED_FACE ( 'NONE', ( #3959 ), #5063, .T. ) ;
#1412 = DIRECTION ( 'NONE',  ( -1.000000000000000000, 0.0000000000000000000, 0.0000000000000000000 ) ) ;
#1413 = ORIENTED_EDGE ( 'NONE', *, *, #5225, .T. ) ;
#1414 = CARTESIAN_POINT ( 'NONE',  ( -2.059884094154423195, 1.100000000000000089, 0.8110431526069358243 ) ) ;
#1415 = PRESENTATION_LAYER_ASSIGNMENT (  '', '', ( #656 ) ) ;
#1416 = ORIENTED_EDGE ( 'NONE', *, *, #1865, .T. ) ;
#1417 = ORIENTED_EDGE ( 'NONE', *, *, #5225, .F. ) ;
#1418 =( BOUNDED_CURVE ( )  B_SPLINE_CURVE ( 3, ( #69, #3384, #2947, #4611 ),
 .UNSPECIFIED., .F., .F. ) 
 B_SPLINE_CURVE_WITH_KNOTS ( ( 4, 4 ),
 ( 0.0000000000000000000, 1.000000000000000000 ),
 .UNSPECIFIED. ) 
 CURVE ( )  GEOMETRIC_REPRESENTATION_ITEM ( )  RATIONAL_B_SPLINE_CURVE ( ( 1.000000000000000000, 0.8047378541243649375, 0.8047378541243649375, 1.000000000000000000 ) ) 
 REPRESENTATION_ITEM ( '' )  );
#1419 = EDGE_CURVE ( 'NONE', #5259, #837, #1428, .T. ) ;
#1420 = PRESENTATION_LAYER_ASSIGNMENT (  '', '', ( #2022 ) ) ;
#1421 = CARTESIAN_POINT ( 'NONE',  ( 1.949999999999999956, 1.100000000000000089, 0.1110431526069999980 ) ) ;
#1422 = DIRECTION ( 'NONE',  ( 0.0000000000000000000, 0.0000000000000000000, -1.000000000000000000 ) ) ;
#1423 = FILL_AREA_STYLE_COLOUR ( '', #2706 ) ;
#1424 = CARTESIAN_POINT ( 'NONE',  ( -0.5000000000000000000, 0.3597929515419999724, 0.8950000000000000178 ) ) ;
#1425 = CARTESIAN_POINT ( 'NONE',  ( -0.6166299559469999858, -0.6251189427309999935, 0.8950000000000000178 ) ) ;
#1426 = VECTOR ( 'NONE', #3791, 1000.000000000000000 ) ;
#1427 = VECTOR ( 'NONE', #3435, 1000.000000000000000 ) ;
#1428 = LINE ( 'NONE', #4798, #5257 ) ;
#1429 = FILL_AREA_STYLE_COLOUR ( '', #2191 ) ;
#1430 = DIRECTION ( 'NONE',  ( -1.000000000000000000, 0.0000000000000000000, 0.0000000000000000000 ) ) ;
#1431 = ORIENTED_EDGE ( 'NONE', *, *, #4418, .F. ) ;
#1432 = AXIS2_PLACEMENT_3D ( 'NONE', #4449, #315, #2338 ) ;
#1433 = ADVANCED_BREP_SHAPE_REPRESENTATION ( '', ( #2825, #4956 ), #4458 ) ;
#1434 =( LENGTH_UNIT ( ) NAMED_UNIT ( * ) SI_UNIT ( .MILLI., .METRE. ) );
#1435 = LINE ( 'NONE', #3879, #3309 ) ;
#1436 = SURFACE_STYLE_USAGE ( .BOTH. , #615 ) ;
#1437 = EDGE_CURVE ( 'NONE', #311, #326, #1824, .T. ) ;
#1438 = DIRECTION ( 'NONE',  ( 1.000000000000000000, -0.0000000000000000000, -0.0000000000000000000 ) ) ;
#1439 = EDGE_LOOP ( 'NONE', ( #1145, #3779, #925, #3495 ) ) ;
#1440 = ORIENTED_EDGE ( 'NONE', *, *, #4585, .F. ) ;
#1441 = CARTESIAN_POINT ( 'NONE',  ( -0.8534140969160001200, -0.6171894273130000830, 0.9000000000000001332 ) ) ;
#1442 = FILL_AREA_STYLE_COLOUR ( '', #3892 ) ;
#1443 = EDGE_CURVE ( 'NONE', #2404, #2398, #1536, .T. ) ;
#1444 = B_SPLINE_CURVE_WITH_KNOTS ( 'NONE', 2,
 ( #819, #3259, #4903 ),
 .UNSPECIFIED., .F., .F.,
 ( 3, 3 ),
 ( 0.0000000000000000000, 1.000000000000000000 ),
 .UNSPECIFIED. ) ;
#1445 = ORIENTED_EDGE ( 'NONE', *, *, #2271, .T. ) ;
#1446 = DIRECTION ( 'NONE',  ( 1.000000000000000000, 0.0000000000000000000, 0.0000000000000000000 ) ) ;
#1447 = FILL_AREA_STYLE ('',( #4335 ) ) ;
#1448 = ORIENTED_EDGE ( 'NONE', *, *, #4848, .F. ) ;
#1449 = ORIENTED_EDGE ( 'NONE', *, *, #2017, .T. ) ;
#1450 = CARTESIAN_POINT ( 'NONE',  ( -1.949999999999999956, -1.287661871928255541, 0.1110431526123724227 ) ) ;
#1451 = EDGE_CURVE ( 'NONE', #4098, #830, #2738, .T. ) ;
#1452 = SURFACE_STYLE_USAGE ( .BOTH. , #707 ) ;
#1453 = CARTESIAN_POINT ( 'NONE',  ( -1.123458149780000026, 0.6518634361230000174, 0.9000000000000001332 ) ) ;
#1454 = CARTESIAN_POINT ( 'NONE',  ( 2.009165628732999309, -1.134658422885460594, 0.8928943887869997820 ) ) ;
#1455 = B_SPLINE_SURFACE_WITH_KNOTS ( 'NONE', 2, 1, ( 
 ( #94, #4071 ),
 ( #44, #3712 ),
 ( #4982, #4282 ) ),
 .UNSPECIFIED., .F., .F., .F.,
 ( 3, 3 ),
 ( 2, 2 ),
 ( 0.0000000000000000000, 1.000000000000000000 ),
 ( 0.0000000000000000000, 1.000000000000000000 ),
 .UNSPECIFIED. ) ;
#1456 = CARTESIAN_POINT ( 'NONE',  ( -1.084801762114999901, 0.3597929515419999724, 0.8950000000000000178 ) ) ;
#1457 = ADVANCED_FACE ( 'NONE', ( #1083 ), #3990, .T. ) ;
#1458 = LINE ( 'NONE', #262, #3909 ) ;
#1459 = CARTESIAN_POINT ( 'NONE',  ( -1.350000000000000089, -1.099999999999999878E-16, 0.9000000000000001332 ) ) ;
#1460 = VERTEX_POINT ( 'NONE', #1456 ) ;
#1461 = SURFACE_STYLE_FILL_AREA ( #980 ) ;
#1462 =( NAMED_UNIT ( * ) SI_UNIT ( $, .STERADIAN. ) SOLID_ANGLE_UNIT ( ) );
#1463 = VERTEX_POINT ( 'NONE', #3901 ) ;
#1464 = VERTEX_POINT ( 'NONE', #713 ) ;
#1465 = AXIS2_PLACEMENT_3D ( 'NONE', #976, #2578, #641 ) ;
#1466 = CARTESIAN_POINT ( 'NONE',  ( -0.7405286343610000266, -0.6026519823790000840, 0.9000000000000001332 ) ) ;
#1467 = DIRECTION ( 'NONE',  ( -0.0000000000000000000, 1.000000000000000000, 0.0000000000000000000 ) ) ;
#1468 = STYLED_ITEM ( 'NONE', ( #4740 ), #769 ) ;
#1469 = EDGE_LOOP ( 'NONE', ( #2157, #978, #5155, #1860 ) ) ;
#1470 = SURFACE_SIDE_STYLE ('',( #3187 ) ) ;
#1471 = VERTEX_POINT ( 'NONE', #3532 ) ;
#1472 = ORIENTED_EDGE ( 'NONE', *, *, #2549, .T. ) ;
#1473 = ADVANCED_FACE ( 'NONE', ( #1002 ), #401, .T. ) ;
#1474 = CARTESIAN_POINT ( 'NONE',  ( -1.015418502203000006, 0.01221585903083994076, 0.8950000000000000178 ) ) ;
#1475 = CARTESIAN_POINT ( 'NONE',  ( -0.8584801762110000345, 0.8841321585900001612, 0.8950000000000000178 ) ) ;
#1476 = ADVANCED_FACE ( 'NONE', ( #260 ), #4929, .T. ) ;
#1477 = CARTESIAN_POINT ( 'NONE',  ( -0.8588105726870000067, -0.6918590308370000663, 0.9000000000000002442 ) ) ;
#1478 = SHAPE_REPRESENTATION ( 'Pin2', ( #4956 ), #3056 ) ;
#1479 = LINE ( 'NONE', #1827, #1168 ) ;
#1480 = UNCERTAINTY_MEASURE_WITH_UNIT (LENGTH_MEASURE( 1.000000000000000082E-05 ), #331, 'distance_accuracy_value', 'NONE');
#1481 = CARTESIAN_POINT ( 'NONE',  ( -0.9503303964760000389, -0.7771013215859999823, 0.8950000000000000178 ) ) ;
#1482 = ADVANCED_FACE ( 'NONE', ( #2048 ), #1307, .T. ) ;
#1483 = CARTESIAN_POINT ( 'NONE',  ( 2.137661871932548419, 1.100000000000000089, 0.1110431526069498576 ) ) ;
#1484 = CARTESIAN_POINT ( 'NONE',  ( 1.949999999999999956, 1.268398486594999985, 0.02828470682495000388 ) ) ;
#1485 = CARTESIAN_POINT ( 'NONE',  ( 1.950000000000000178, 1.134831372448000364, 0.9000000000000001332 ) ) ;
#1486 = UNCERTAINTY_MEASURE_WITH_UNIT (LENGTH_MEASURE( 1.000000000000000082E-05 ), #3633, 'distance_accuracy_value', 'NONE');
#1487 = CARTESIAN_POINT ( 'NONE',  ( -1.956148250831564628, 1.110495720687000087, 0.9000000000000001332 ) ) ;
#1488 = AXIS2_PLACEMENT_3D ( 'NONE', #4339, #4289, #2654 ) ;
#1489 = ORIENTED_EDGE ( 'NONE', *, *, #271, .F. ) ;
#1490 = COLOUR_RGB ( '',0.0000000000000000000, 0.0000000000000000000, 0.0000000000000000000 ) ;
#1491 = LINE ( 'NONE', #5099, #1926 ) ;
#1492 = CARTESIAN_POINT ( 'NONE',  ( -1.115198237885000054, 0.3333612334800000188, 0.9000000000000001332 ) ) ;
#1493 = ORIENTED_EDGE ( 'NONE', *, *, #3917, .T. ) ;
#1494 = CARTESIAN_POINT ( 'NONE',  ( -1.187004405286666620, 0.8782951541850000376, 0.9000000000000001332 ) ) ;
#1495 = ORIENTED_EDGE ( 'NONE', *, *, #3492, .T. ) ;
#1496 = ORIENTED_EDGE ( 'NONE', *, *, #892, .T. ) ;
#1497 = B_SPLINE_CURVE_WITH_KNOTS ( 'NONE', 3,
 ( #3436, #625, #250, #1846 ),
 .UNSPECIFIED., .F., .F.,
 ( 4, 4 ),
 ( 0.0000000000000000000, 1.000000000000000000 ),
 .UNSPECIFIED. ) ;
#1498 = FACE_OUTER_BOUND ( 'NONE', #2847, .T. ) ;
#1499 = AXIS2_PLACEMENT_3D ( 'NONE', #4837, #5261, #1573 ) ;
#1500 = CARTESIAN_POINT ( 'NONE',  ( -1.550000000000000266, -1.110495720687000087, 0.9000000000000001332 ) ) ;
#1501 =( LENGTH_UNIT ( ) NAMED_UNIT ( * ) SI_UNIT ( .MILLI., .METRE. ) );
#1502 = ADVANCED_FACE ( 'NONE', ( #2387 ), #3278, .T. ) ;
#1503 =( LENGTH_UNIT ( ) NAMED_UNIT ( * ) SI_UNIT ( .MILLI., .METRE. ) );
#1504 = ORIENTED_EDGE ( 'NONE', *, *, #3332, .F. ) ;
#1505 = CARTESIAN_POINT ( 'NONE',  ( -0.5000000000000000000, 0.8375462555070000148, 0.9000000000000001332 ) ) ;
#1506 = PRODUCT_CONTEXT ( 'NONE', #4686, 'mechanical' ) ;
#1507 = EDGE_CURVE ( 'NONE', #4465, #725, #708, .T. ) ;
#1508 = B_SPLINE_CURVE_WITH_KNOTS ( 'NONE', 3,
 ( #3179, #1912, #5254, #322 ),
 .UNSPECIFIED., .F., .F.,
 ( 4, 4 ),
 ( 0.0000000000000000000, 1.000000000000000000 ),
 .UNSPECIFIED. ) ;
#1509 = CARTESIAN_POINT ( 'NONE',  ( -1.949999999999999512, -1.180914104466000314, 0.8786759966330001115 ) ) ;
#1510 = CARTESIAN_POINT ( 'NONE',  ( -0.5761013215856667369, 0.8444845814976666976, 0.8950000000000000178 ) ) ;
#1511 = ORIENTED_EDGE ( 'NONE', *, *, #2586, .F. ) ;
#1512 = CONICAL_SURFACE ( 'NONE', #2541, 0.1876618718988994350, 0.1106572211705534048 ) ;
#1513 = B_SPLINE_CURVE_WITH_KNOTS ( 'NONE', 3,
 ( #1978, #1574, #4869, #4462 ),
 .UNSPECIFIED., .F., .F.,
 ( 4, 4 ),
 ( 0.0000000000000000000, 1.000000000000000000 ),
 .UNSPECIFIED. ) ;
#1514 = SURFACE_STYLE_USAGE ( .BOTH. , #3560 ) ;
#1515 = FACE_OUTER_BOUND ( 'NONE', #1989, .T. ) ;
#1516 = DIRECTION ( 'NONE',  ( 1.999999999999999958E-16, 1.000000000000000000, 0.0000000000000000000 ) ) ;
#1517 = CARTESIAN_POINT ( 'NONE',  ( 2.057196670993000076, 1.100000000000000089, 0.8352299610650001371 ) ) ;
#1518 = ADVANCED_FACE ( 'NONE', ( #3310 ), #4256, .T. ) ;
#1519 = CARTESIAN_POINT ( 'NONE',  ( -1.086123348017999923, 0.8603436123350000075, 0.9000000000000002442 ) ) ;
#1520 =( GEOMETRIC_REPRESENTATION_CONTEXT ( 3 ) GLOBAL_UNCERTAINTY_ASSIGNED_CONTEXT ( ( #2235 ) ) GLOBAL_UNIT_ASSIGNED_CONTEXT ( ( #73, #3341, #1348 ) ) REPRESENTATION_CONTEXT ( 'NONE', 'WORKASPACE' ) );
#1521 = EDGE_LOOP ( 'NONE', ( #1665, #253, #3678, #4496 ) ) ;
#1522 = AXIS2_PLACEMENT_3D ( 'NONE', #4732, #3810, #4286 ) ;
#1523 = CARTESIAN_POINT ( 'NONE',  ( -1.084801762114999901, 0.3597929515419999724, 0.9000000000000001332 ) ) ;
#1524 = CARTESIAN_POINT ( 'NONE',  ( -0.5000000000000000000, -0.4761101321589999991, 0.8950000000000000178 ) ) ;
#1525 = ORIENTED_EDGE ( 'NONE', *, *, #667, .F. ) ;
#1526 = CARTESIAN_POINT ( 'NONE',  ( 2.137661871932517332, 0.6750000000000000444, 0.1110431526072297170 ) ) ;
#1527 = ORIENTED_EDGE ( 'NONE', *, *, #3182, .F. ) ;
#1528 = CIRCLE ( 'NONE', #425, 0.1098840941445929226 ) ;
#1529 = VERTEX_POINT ( 'NONE', #2145 ) ;
#1530 = CARTESIAN_POINT ( 'NONE',  ( -1.057378854625999898, 0.01254625550660999969, 0.9000000000000001332 ) ) ;
#1531 = CARTESIAN_POINT ( 'NONE',  ( -1.218942731277999902, 0.3680528634360000217, 0.9000000000000001332 ) ) ;
#1532 = CARTESIAN_POINT ( 'NONE',  ( -0.6430616740090000505, -0.6753392070479999898, 0.9000000000000001332 ) ) ;
#1533 = LINE ( 'NONE', #1959, #420 ) ;
#1534 = VERTEX_POINT ( 'NONE', #869 ) ;
#1535 = EDGE_CURVE ( 'NONE', #2252, #1954, #1418, .T. ) ;
#1536 = LINE ( 'NONE', #4346, #1222 ) ;
#1537 = LINE ( 'NONE', #3555, #4866 ) ;
#1538 = UNCERTAINTY_MEASURE_WITH_UNIT (LENGTH_MEASURE( 1.000000000000000082E-05 ), #1384, 'distance_accuracy_value', 'NONE');
#1539 =( LENGTH_UNIT ( ) NAMED_UNIT ( * ) SI_UNIT ( .MILLI., .METRE. ) );
#1540 = CARTESIAN_POINT ( 'NONE',  ( -1.218942731277999902, 0.7787356828189999636, 0.8950000000000000178 ) ) ;
#1541 = ORIENTED_EDGE ( 'NONE', *, *, #2710, .T. ) ;
#1542 = EDGE_CURVE ( 'NONE', #3974, #196, #4219, .T. ) ;
#1543 = CARTESIAN_POINT ( 'NONE',  ( -0.5740088105730000168, -0.7229162995590000529, 0.8950000000000000178 ) ) ;
#1544 = DIRECTION ( 'NONE',  ( 0.1104315260749562794, 0.0000000000000000000, -0.9938837346736066891 ) ) ;
#1545 = CARTESIAN_POINT ( 'NONE',  ( -0.9017621145369999480, -0.7922995594710000589, 0.9000000000000001332 ) ) ;
#1546 = CARTESIAN_POINT ( 'NONE',  ( 1.950000000000000178, 1.159165628733000553, 0.8928943887870000040 ) ) ;
#1547 = UNCERTAINTY_MEASURE_WITH_UNIT (LENGTH_MEASURE( 1.000000000000000082E-05 ), #175, 'distance_accuracy_value', 'NONE');
#1548 = FACE_OUTER_BOUND ( 'NONE', #4698, .T. ) ;
#1549 = VERTEX_POINT ( 'NONE', #523 ) ;
#1550 = EDGE_CURVE ( 'NONE', #1182, #1388, #5031, .T. ) ;
#1551 = CARTESIAN_POINT ( 'NONE',  ( -0.5000000000000000000, -0.7364625550660000020, 0.8950000000000000178 ) ) ;
#1552 = DIRECTION ( 'NONE',  ( -0.7211047102870885572, -0.6928260941980851628, 0.0000000000000000000 ) ) ;
#1553 = ORIENTED_EDGE ( 'NONE', *, *, #4579, .F. ) ;
#1554 = DIRECTION ( 'NONE',  ( 0.0000000000000000000, 1.000000000000000000, 0.0000000000000000000 ) ) ;
#1555 = ORIENTED_EDGE ( 'NONE', *, *, #1451, .T. ) ;
#1556 = ORIENTED_EDGE ( 'NONE', *, *, #1376, .T. ) ;
#1557 = EDGE_CURVE ( 'NONE', #194, #2057, #2171, .T. ) ;
#1558 = CARTESIAN_POINT ( 'NONE',  ( -0.9017621145369999480, -0.7922995594710000589, 0.9000000000000001332 ) ) ;
#1559 = DIRECTION ( 'NONE',  ( 0.0000000000000000000, 0.0000000000000000000, 1.000000000000000000 ) ) ;
#1560 = EDGE_LOOP ( 'NONE', ( #4472, #2567, #1363, #785 ) ) ;
#1561 = AXIS2_PLACEMENT_3D ( 'NONE', #1091, #4652, #3152 ) ;
#1562 = PRESENTATION_STYLE_ASSIGNMENT (( #1990 ) ) ;
#1563 = CARTESIAN_POINT ( 'NONE',  ( -1.949999999999999956, 1.300000000000000266, 0.0000000000000000000 ) ) ;
#1564 = CARTESIAN_POINT ( 'NONE',  ( -2.007083277742161886, -1.197447250526000317, 0.8586306990930000493 ) ) ;
#1565 = LINE ( 'NONE', #368, #111 ) ;
#1566 = CARTESIAN_POINT ( 'NONE',  ( 2.059884094152032663, 1.100000000000000089, 0.8110431526110517542 ) ) ;
#1567 = DIRECTION ( 'NONE',  ( 0.0000000000000000000, 0.0000000000000000000, 1.000000000000000000 ) ) ;
#1568 = LINE ( 'NONE', #2804, #4528 ) ;
#1569 = CARTESIAN_POINT ( 'NONE',  ( -1.087775330396000051, 0.6944845814980000753, 0.8950000000000000178 ) ) ;
#1570 = LINE ( 'NONE', #2344, #4836 ) ;
#1571 = ADVANCED_FACE ( 'NONE', ( #706 ), #933, .T. ) ;
#1572 = EDGE_LOOP ( 'NONE', ( #1071, #4897, #251, #3726 ) ) ;
#1573 = DIRECTION ( 'NONE',  ( 1.000000000000000000, 0.0000000000000000000, 0.0000000000000000000 ) ) ;
#1574 = CARTESIAN_POINT ( 'NONE',  ( -0.7343612334800000419, 0.6122158590309999537, 0.9000000000000001332 ) ) ;
#1575 = PRESENTATION_LAYER_ASSIGNMENT (  '', '', ( #4168 ) ) ;
#1576 = ORIENTED_EDGE ( 'NONE', *, *, #4099, .T. ) ;
#1577 = EDGE_CURVE ( 'NONE', #2535, #4634, #4389, .T. ) ;
#1578 = CARTESIAN_POINT ( 'NONE',  ( -2.038273498465000166, 1.148135493131879459, 0.0000000000000000000 ) ) ;
#1579 = B_SPLINE_CURVE_WITH_KNOTS ( 'NONE', 3,
 ( #275, #5176, #4783, #2948 ),
 .UNSPECIFIED., .F., .F.,
 ( 4, 4 ),
 ( 0.0000000000000000000, 1.000000000000000000 ),
 .UNSPECIFIED. ) ;
#1580 = ORIENTED_EDGE ( 'NONE', *, *, #206, .F. ) ;
#1581 = ORIENTED_EDGE ( 'NONE', *, *, #4257, .F. ) ;
#1582 = VECTOR ( 'NONE', #4029, 1000.000000000000000 ) ;
#1583 = DIRECTION ( 'NONE',  ( 1.000000000000000000, -0.0000000000000000000, -0.0000000000000000000 ) ) ;
#1584 = FILL_AREA_STYLE ('',( #4066 ) ) ;
#1585 = PRESENTATION_LAYER_ASSIGNMENT (  '', '', ( #2267 ) ) ;
#1586 = FILL_AREA_STYLE_COLOUR ( '', #4114 ) ;
#1587 = EDGE_LOOP ( 'NONE', ( #1713, #4387, #2750, #4063 ) ) ;
#1588 = VECTOR ( 'NONE', #751, 1000.000000000000114 ) ;
#1589 = CARTESIAN_POINT ( 'NONE',  ( -2.038273498465000166, -1.100000000000000089, 9.945397013358002216E-32 ) ) ;
#1590 = SHAPE_DEFINITION_REPRESENTATION ( #2689, #1478 ) ;
#1591 = CARTESIAN_POINT ( 'NONE',  ( -0.9503303964760000389, -0.7771013215859999823, 0.9000000000000001332 ) ) ;
#1592 = FACE_OUTER_BOUND ( 'NONE', #5241, .T. ) ;
#1593 = LINE ( 'NONE', #3232, #2840 ) ;
#1594 = CIRCLE ( 'NONE', #2361, 0.1098840941501292995 ) ;
#1595 = EDGE_LOOP ( 'NONE', ( #3887, #1896, #166, #4225 ) ) ;
#1596 =( GEOMETRIC_REPRESENTATION_CONTEXT ( 3 ) GLOBAL_UNCERTAINTY_ASSIGNED_CONTEXT ( ( #263 ) ) GLOBAL_UNIT_ASSIGNED_CONTEXT ( ( #5160, #1928, #1958 ) ) REPRESENTATION_CONTEXT ( 'NONE', 'WORKASPACE' ) );
#1597 = CARTESIAN_POINT ( 'NONE',  ( -0.5000000000000000000, 0.7787356828189999636, 0.9000000000000001332 ) ) ;
#1598 = CARTESIAN_POINT ( 'NONE',  ( -1.133370044052999903, -0.4272114537439999915, 0.8950000000000000178 ) ) ;
#1599 = CARTESIAN_POINT ( 'NONE',  ( 1.984831372448000231, 1.100000000000000089, 0.9000000000000001332 ) ) ;
#1600 = CARTESIAN_POINT ( 'NONE',  ( -1.218942731277999902, -0.01421585903083999979, 0.9000000000000001332 ) ) ;
#1601 = EDGE_LOOP ( 'NONE', ( #2169, #4814, #4758, #2864 ) ) ;
#1602 = AXIS2_PLACEMENT_3D ( 'NONE', #826, #3106, #700 ) ;
#1603 = EDGE_CURVE ( 'NONE', #4787, #4624, #1899, .T. ) ;
#1604 = DIRECTION ( 'NONE',  ( -1.000000000000000000, 0.0000000000000000000, 0.0000000000000000000 ) ) ;
#1605 = CARTESIAN_POINT ( 'NONE',  ( -0.5737885462556666649, 0.8966872246693333715, 0.9000000000000001332 ) ) ;
#1606 = PRESENTATION_LAYER_ASSIGNMENT (  '', '', ( #4201 ) ) ;
#1607 = VERTEX_POINT ( 'NONE', #5184 ) ;
#1608 = CARTESIAN_POINT ( 'NONE',  ( -1.132378854626000075, 0.01518942731278000169, 0.9000000000000001332 ) ) ;
#1609 = ORIENTED_EDGE ( 'NONE', *, *, #1603, .F. ) ;
#1610 = ORIENTED_EDGE ( 'NONE', *, *, #1017, .F. ) ;
#1611 = MECHANICAL_DESIGN_GEOMETRIC_PRESENTATION_REPRESENTATION (  '', ( #1775 ), #3933 ) ;
#1612 = EDGE_CURVE ( 'NONE', #245, #2674, #2734, .T. ) ;
#1613 = CARTESIAN_POINT ( 'NONE',  ( 2.149999999999999911, 2.000000000000000143E-17, 0.0000000000000000000 ) ) ;
#1614 = CARTESIAN_POINT ( 'NONE',  ( -0.6727973568280000149, 0.6122158590309999537, 0.8950000000000000178 ) ) ;
#1615 = DIRECTION ( 'NONE',  ( -0.0000000000000000000, 0.0000000000000000000, 1.000000000000000000 ) ) ;
#1616 =( GEOMETRIC_REPRESENTATION_CONTEXT ( 3 ) GLOBAL_UNCERTAINTY_ASSIGNED_CONTEXT ( ( #3797 ) ) GLOBAL_UNIT_ASSIGNED_CONTEXT ( ( #1796, #2179, #5039 ) ) REPRESENTATION_CONTEXT ( 'NONE', 'WORKASPACE' ) );
#1617 = LINE ( 'NONE', #2311, #2466 ) ;
#1618 = EDGE_CURVE ( 'NONE', #3150, #3924, #1789, .T. ) ;
#1619 = CARTESIAN_POINT ( 'NONE',  ( -1.949999999999999956, -1.268398486594999985, 0.02828470682495000388 ) ) ;
#1620 = LINE ( 'NONE', #4103, #2015 ) ;
#1621 = CARTESIAN_POINT ( 'NONE',  ( -1.218942731277999902, -0.01421585903083999979, 0.9000000000000001332 ) ) ;
#1622 = ORIENTED_EDGE ( 'NONE', *, *, #5164, .T. ) ;
#1623 = EDGE_CURVE ( 'NONE', #1534, #2854, #3772, .T. ) ;
#1624 = DIRECTION ( 'NONE',  ( -1.000000000000000000, -0.0000000000000000000, -0.0000000000000000000 ) ) ;
#1625 = CARTESIAN_POINT ( 'NONE',  ( -3.000000000000000061E-17, -0.6409779735680000146, 0.9000000000000001332 ) ) ;
#1626 = CARTESIAN_POINT ( 'NONE',  ( 1.649999999999999911, -0.6750000000000000444, 0.0000000000000000000 ) ) ;
#1627 =( NAMED_UNIT ( * ) PLANE_ANGLE_UNIT ( ) SI_UNIT ( $, .RADIAN. ) );
#1628 = ORIENTED_EDGE ( 'NONE', *, *, #27, .F. ) ;
#1629 = ORIENTED_EDGE ( 'NONE', *, *, #3113, .F. ) ;
#1630 = LINE ( 'NONE', #806, #5025 ) ;
#1631 = CARTESIAN_POINT ( 'NONE',  ( -0.9371145374450022825, -0.8672995594710319889, 0.8950000000000000178 ) ) ;
#1632 = ORIENTED_EDGE ( 'NONE', *, *, #4559, .F. ) ;
#1633 = CARTESIAN_POINT ( 'NONE',  ( -0.5859030836999999936, -0.9274317180619999768, 0.9000000000000001332 ) ) ;
#1634 = VERTEX_POINT ( 'NONE', #3893 ) ;
#1635 = PRODUCT_DEFINITION_SHAPE ( 'NONE', 'NONE',  #41 ) ;
#1636 = B_SPLINE_CURVE_WITH_KNOTS ( 'NONE', 3,
 ( #1481, #3118, #1005, #2661 ),
 .UNSPECIFIED., .F., .F.,
 ( 4, 4 ),
 ( 0.0000000000000000000, 1.000000000000000000 ),
 .UNSPECIFIED. ) ;
#1637 = LINE ( 'NONE', #358, #1240 ) ;
#1638 = DIRECTION ( 'NONE',  ( 2.199999999999999757E-16, -1.000000000000000000, 0.0000000000000000000 ) ) ;
#1639 = CARTESIAN_POINT ( 'NONE',  ( -1.218942731277999902, 0.4146387665199999795, 0.9000000000000001332 ) ) ;
#1640 = ORIENTED_EDGE ( 'NONE', *, *, #831, .T. ) ;
#1641 = COLOUR_RGB ( '',0.0000000000000000000, 0.0000000000000000000, 0.0000000000000000000 ) ;
#1642 = CARTESIAN_POINT ( 'NONE',  ( -2.059929779438028685, -1.287661871932999524, 0.1110431526069999980 ) ) ;
#1643 = DIRECTION ( 'NONE',  ( 0.0000000000000000000, 0.0000000000000000000, 1.000000000000000000 ) ) ;
#1644 = CARTESIAN_POINT ( 'NONE',  ( 2.038273498465000166, -0.6750000000000000444, 0.0000000000000000000 ) ) ;
#1645 = VECTOR ( 'NONE', #3998, 1000.000000000000000 ) ;
#1646 = DIRECTION ( 'NONE',  ( -1.000000000000000000, 0.0000000000000000000, 0.0000000000000000000 ) ) ;
#1647 = CARTESIAN_POINT ( 'NONE',  ( -0.6305066079300000181, 0.6944845814980000753, 0.9000000000000001332 ) ) ;
#1648 = ADVANCED_FACE ( 'NONE', ( #1498 ), #1745, .T. ) ;
#1649 = VERTEX_POINT ( 'NONE', #3440 ) ;
#1650 = AXIS2_PLACEMENT_3D ( 'NONE', #894, #3392, #3740 ) ;
#1651 = DIRECTION ( 'NONE',  ( 2.199999999999999757E-16, -1.000000000000000000, 0.0000000000000000000 ) ) ;
#1652 = SURFACE_SIDE_STYLE ('',( #29 ) ) ;
#1653 = CARTESIAN_POINT ( 'NONE',  ( -0.5809471365639455875, -0.2068370044052735557, 0.8950000000000000178 ) ) ;
#1654 = UNCERTAINTY_MEASURE_WITH_UNIT (LENGTH_MEASURE( 1.000000000000000082E-05 ), #4054, 'distance_accuracy_value', 'NONE');
#1655 =( NAMED_UNIT ( * ) SI_UNIT ( $, .STERADIAN. ) SOLID_ANGLE_UNIT ( ) );
#1656 = CARTESIAN_POINT ( 'NONE',  ( -0.5075991189430000272, -0.8725859030839999697, 0.9000000000000001332 ) ) ;
#1657 = EDGE_CURVE ( 'NONE', #157, #1140, #655, .T. ) ;
#1658 = ORIENTED_EDGE ( 'NONE', *, *, #3529, .F. ) ;
#1659 = VERTEX_POINT ( 'NONE', #222 ) ;
#1660 = CARTESIAN_POINT ( 'NONE',  ( -0.8594713656389999512, 0.6690440528629999495, 0.8950000000000000178 ) ) ;
#1661 = DIRECTION ( 'NONE',  ( -0.0000000000000000000, -1.000000000000000000, -0.0000000000000000000 ) ) ;
#1662 = SHAPE_REPRESENTATION ( 'User Library-VSSAF5M10 (DO-221AC)', ( #3326, #3578, #1693, #2286 ), #3748 ) ;
#1663 = CARTESIAN_POINT ( 'NONE',  ( -0.8951541850219999485, -0.8471453744490000659, 0.8950000000000000178 ) ) ;
#1664 = ORIENTED_EDGE ( 'NONE', *, *, #632, .F. ) ;
#1665 = ORIENTED_EDGE ( 'NONE', *, *, #1970, .F. ) ;
#1666 = CARTESIAN_POINT ( 'NONE',  ( 2.118398486594999852, -1.099999999999999423, 0.02828470682495000388 ) ) ;
#1667 = ORIENTED_EDGE ( 'NONE', *, *, #370, .T. ) ;
#1668 = AXIS2_PLACEMENT_3D ( 'NONE', #3806, #1711, #4148 ) ;
#1669 = CARTESIAN_POINT ( 'NONE',  ( -0.5485682819380000019, 0.7395286343609999147, 0.9000000000000001332 ) ) ;
#1670 = AXIS2_PLACEMENT_3D ( 'NONE', #2087, #3350, #4119 ) ;
#1671 = EDGE_CURVE ( 'NONE', #522, #2593, #1401, .T. ) ;
#1672 = DIRECTION ( 'NONE',  ( 0.0000000000000000000, 0.0000000000000000000, -1.000000000000000000 ) ) ;
#1673 = FACE_BOUND ( 'NONE', #4525, .T. ) ;
#1674 = PLANE ( 'NONE',  #544 ) ;
#1675 = EDGE_CURVE ( 'NONE', #4307, #3498, #195, .T. ) ;
#1676 = DIRECTION ( 'NONE',  ( 0.0000000000000000000, 1.000000000000000000, 0.0000000000000000000 ) ) ;
#1677 = COLOUR_RGB ( '',0.7098039215686274828, 0.7098039215686274828, 0.7098039215686274828 ) ;
#1678 = CARTESIAN_POINT ( 'NONE',  ( -0.7343612334800000419, 0.6122158590309999537, 0.8950000000000000178 ) ) ;
#1679 = FACE_OUTER_BOUND ( 'NONE', #387, .T. ) ;
#1680 = VERTEX_POINT ( 'NONE', #1450 ) ;
#1681 = ORIENTED_EDGE ( 'NONE', *, *, #2396, .T. ) ;
#1682 = PRESENTATION_LAYER_ASSIGNMENT (  '', '', ( #5287 ) ) ;
#1683 = ADVANCED_FACE ( 'NONE', ( #4687 ), #997, .T. ) ;
#1684 = FILL_AREA_STYLE_COLOUR ( '', #1677 ) ;
#1685 = CARTESIAN_POINT ( 'NONE',  ( -0.9017621145369999480, -0.8207136563879999791, 0.8950000000000000178 ) ) ;
#1686 = VECTOR ( 'NONE', #2444, 1000.000000000000000 ) ;
#1687 = ORIENTED_EDGE ( 'NONE', *, *, #3881, .F. ) ;
#1688 = VERTEX_POINT ( 'NONE', #5134 ) ;
#1689 = MECHANICAL_DESIGN_GEOMETRIC_PRESENTATION_REPRESENTATION (  '', ( #2884 ), #152 ) ;
#1690 =( NAMED_UNIT ( * ) PLANE_ANGLE_UNIT ( ) SI_UNIT ( $, .RADIAN. ) );
#1691 = DIRECTION ( 'NONE',  ( -1.000000000000000000, 0.0000000000000000000, 0.0000000000000000000 ) ) ;
#1692 = EDGE_LOOP ( 'NONE', ( #2040, #3109, #790, #868, #3732, #4942, #665, #1449 ) ) ;
#1693 = AXIS2_PLACEMENT_3D ( 'NONE', #2210, #230, #1352 ) ;
#1694 =( GEOMETRIC_REPRESENTATION_CONTEXT ( 3 ) GLOBAL_UNCERTAINTY_ASSIGNED_CONTEXT ( ( #3904 ) ) GLOBAL_UNIT_ASSIGNED_CONTEXT ( ( #1772, #3506, #3444 ) ) REPRESENTATION_CONTEXT ( 'NONE', 'WORKASPACE' ) );
#1695 = AXIS2_PLACEMENT_3D ( 'NONE', #3602, #2709, #1929 ) ;
#1696 = CARTESIAN_POINT ( 'NONE',  ( -1.950000000000000178, 1.287661871933000413, 0.1110431526069999980 ) ) ;
#1697 = CARTESIAN_POINT ( 'NONE',  ( -1.170374449339000034, 0.7787356828189999636, 0.8950000000000000178 ) ) ;
#1698 = CARTESIAN_POINT ( 'NONE',  ( -1.084801762114999901, 0.3597929515419999724, 0.9000000000000001332 ) ) ;
#1699 = CARTESIAN_POINT ( 'NONE',  ( -0.5859030836999999936, -0.9274317180619999768, 0.9000000000000001332 ) ) ;
#1700 = PRODUCT_DEFINITION ( 'UNKNOWN', '', #158, #4770 ) ;
#1701 = CARTESIAN_POINT ( 'NONE',  ( 1.949999999989815214, 55445.74444449706789, -499000.0000000000000 ) ) ;
#1702 = UNCERTAINTY_MEASURE_WITH_UNIT (LENGTH_MEASURE( 1.000000000000000082E-05 ), #428, 'distance_accuracy_value', 'NONE');
#1703 = CARTESIAN_POINT ( 'NONE',  ( -0.5310572687219999866, -0.6918590308370000663, 0.8950000000000000178 ) ) ;
#1704 = ORIENTED_EDGE ( 'NONE', *, *, #1157, .F. ) ;
#1705 = ADVANCED_FACE ( 'NONE', ( #4760 ), #2876, .T. ) ;
#1706 = SURFACE_STYLE_USAGE ( .BOTH. , #2907 ) ;
#1707 = FACE_OUTER_BOUND ( 'NONE', #1784, .T. ) ;
#1708 = ORIENTED_EDGE ( 'NONE', *, *, #2228, .T. ) ;
#1709 = ORIENTED_EDGE ( 'NONE', *, *, #5230, .T. ) ;
#1710 = EDGE_CURVE ( 'NONE', #3016, #2143, #2259, .T. ) ;
#1711 = DIRECTION ( 'NONE',  ( -0.2858777153159198781, -0.9582661070317315399, 0.0000000000000000000 ) ) ;
#1712 = CARTESIAN_POINT ( 'NONE',  ( -0.8951541850219999485, -0.8471453744490000659, 0.8950000000000000178 ) ) ;
#1713 = ORIENTED_EDGE ( 'NONE', *, *, #710, .T. ) ;
#1714 = CARTESIAN_POINT ( 'NONE',  ( -2.066297724265000468, 1.168125629601310722, 8.491471414906000369E-17 ) ) ;
#1715 = FILL_AREA_STYLE ('',( #4563 ) ) ;
#1716 = DIRECTION ( 'NONE',  ( 0.0000000000000000000, 0.0000000000000000000, -1.000000000000000000 ) ) ;
#1717 = CARTESIAN_POINT ( 'NONE',  ( -1.649999999999999911, 0.6750000000000000444, 0.0000000000000000000 ) ) ;
#1718 = DIRECTION ( 'NONE',  ( -1.000000000000000000, 0.0000000000000000000, 0.0000000000000000000 ) ) ;
#1719 = CLOSED_SHELL ( 'NONE', ( #3355, #4674, #282, #1057, #2679, #3325, #4976, #1502, #2793, #4408, #4553, #1996, #4701, #1476, #3780, #4901, #2011, #2891, #3719, #4093, #3983, #2356, #4492, #1482, #4440, #4470, #2385, #2756, #151, #4642, #3517, #769, #679, #949, #838, #76, #5137, #2368, #1457, #1127, #4960, #3052, #3315, #4085, #2162, #4609, #4867, #4970, #3160, #1518, #176, #2856, #1904, #3875, #496, #2834, #777, #276, #3129, #5021, #2821, #4179, #3383, #3619, #3844, #4046, #1571, #2319, #1473, #116, #4155, #3552, #3191, #3681, #5260, #416, #1683, #1648, #2615, #3742, #4185, #4669, #3956, #1889, #1356, #510, #5202, #4841, #350, #4202, #2777, #2140, #1411, #3002, #2761, #4076, #1705, #4589, #4025, #2560, #4945, #1023, #2362, #2580, #2785, #1246, #503, #792, #2896, #3943, #865, #171, #2622, #2295, #2495, #3294, #1101, #102, #3989, #2254, #137 ) ) ;
#1720 = B_SPLINE_CURVE_WITH_KNOTS ( 'NONE', 3,
 ( #1540, #1909, #1116, #3289 ),
 .UNSPECIFIED., .F., .F.,
 ( 4, 4 ),
 ( 0.0000000000000000000, 1.000000000000000000 ),
 .UNSPECIFIED. ) ;
#1721 = CARTESIAN_POINT ( 'NONE',  ( -0.7405286343610000266, -0.6026519823790000840, 0.8950000000000000178 ) ) ;
#1722 = VECTOR ( 'NONE', #3149, 1000.000000000000000 ) ;
#1723 = FACE_OUTER_BOUND ( 'NONE', #3952, .T. ) ;
#1724 = CARTESIAN_POINT ( 'NONE',  ( -0.5310572687219999866, -0.6918590308370000663, 0.9000000000000002442 ) ) ;
#1725 = VERTEX_POINT ( 'NONE', #629 ) ;
#1726 = ORIENTED_EDGE ( 'NONE', *, *, #632, .T. ) ;
#1727 = CIRCLE ( 'NONE', #4745, 0.09999999999999982514 ) ;
#1728 = CARTESIAN_POINT ( 'NONE',  ( -0.8588105726870000067, -0.6918590308370000663, 0.8950000000000000178 ) ) ;
#1729 = EDGE_CURVE ( 'NONE', #380, #5116, #3081, .T. ) ;
#1730 = VECTOR ( 'NONE', #3953, 1000.000000000000000 ) ;
#1731 = FILL_AREA_STYLE ('',( #1308 ) ) ;
#1732 = VERTEX_POINT ( 'NONE', #4922 ) ;
#1733 = CARTESIAN_POINT ( 'NONE',  ( -0.5128854625550001156, -0.8941718061673333828, 0.9000000000000001332 ) ) ;
#1734 = EDGE_CURVE ( 'NONE', #4981, #4656, #4743, .T. ) ;
#1735 = CARTESIAN_POINT ( 'NONE',  ( -0.8340308370040001584, -0.6026519823790000840, 0.9000000000000001332 ) ) ;
#1736 = DIRECTION ( 'NONE',  ( 0.0000000000000000000, 1.000000000000000000, 0.0000000000000000000 ) ) ;
#1737 = ORIENTED_EDGE ( 'NONE', *, *, #2336, .T. ) ;
#1738 = VERTEX_POINT ( 'NONE', #787 ) ;
#1739 = CARTESIAN_POINT ( 'NONE',  ( -2.038273498465000610, 1.099999999999999867, 6.938893903906999577E-18 ) ) ;
#1740 = CARTESIAN_POINT ( 'NONE',  ( -1.142841409691333521, 0.7114449339206666556, 0.9000000000000001332 ) ) ;
#1741 = SURFACE_SIDE_STYLE ('',( #3059 ) ) ;
#1742 = AXIS2_PLACEMENT_3D ( 'NONE', #4306, #961, #1412 ) ;
#1743 = CARTESIAN_POINT ( 'NONE',  ( 4.999999999999999895E-17, 4.000000000000000286E-17, 0.0000000000000000000 ) ) ;
#1744 = CARTESIAN_POINT ( 'NONE',  ( 1.949999999999999734, -1.207196670993000209, 0.8352299610650001371 ) ) ;
#1745 = B_SPLINE_SURFACE_WITH_KNOTS ( 'NONE', 2, 1, ( 
 ( #281, #3502 ),
 ( #3469, #1396 ),
 ( #255, #2280 ) ),
 .UNSPECIFIED., .F., .F., .F.,
 ( 3, 3 ),
 ( 2, 2 ),
 ( 0.0000000000000000000, 1.000000000000000000 ),
 ( 0.0000000000000000000, 1.000000000000000000 ),
 .UNSPECIFIED. ) ;
#1746 = VECTOR ( 'NONE', #630, 1000.000000000000000 ) ;
#1747 = FACE_BOUND ( 'NONE', #5152, .T. ) ;
#1748 = APPLICATION_CONTEXT ( 'automotive_design' ) ;
#1749 = PLANE ( 'NONE',  #319 ) ;
#1750 =( NAMED_UNIT ( * ) SI_UNIT ( $, .STERADIAN. ) SOLID_ANGLE_UNIT ( ) );
#1751 = CARTESIAN_POINT ( 'NONE',  ( -0.9713656387663333058, 0.9399691629959999739, 0.9000000000000001332 ) ) ;
#1752 = VECTOR ( 'NONE', #1643, 1000.000000000000000 ) ;
#1753 = ORIENTED_EDGE ( 'NONE', *, *, #917, .T. ) ;
#1754 =( GEOMETRIC_REPRESENTATION_CONTEXT ( 3 ) GLOBAL_UNCERTAINTY_ASSIGNED_CONTEXT ( ( #2181 ) ) GLOBAL_UNIT_ASSIGNED_CONTEXT ( ( #3349, #3516, #4274 ) ) REPRESENTATION_CONTEXT ( 'NONE', 'WORKASPACE' ) );
#1755 = DIRECTION ( 'NONE',  ( 1.999999999999999958E-16, 1.000000000000000000, 0.0000000000000000000 ) ) ;
#1756 =( LENGTH_UNIT ( ) NAMED_UNIT ( * ) SI_UNIT ( .MILLI., .METRE. ) );
#1757 = ORIENTED_EDGE ( 'NONE', *, *, #3018, .F. ) ;
#1758 = VECTOR ( 'NONE', #3581, 1000.000000000000114 ) ;
#1759 = EDGE_LOOP ( 'NONE', ( #5249, #4331, #1046, #4789 ) ) ;
#1760 = EDGE_CURVE ( 'NONE', #1634, #1649, #1336, .T. ) ;
#1761 = CARTESIAN_POINT ( 'NONE',  ( -0.5200440528633334392, -0.9124537444933332742, 0.9000000000000001332 ) ) ;
#1762 = STYLED_ITEM ( 'NONE', ( #3504 ), #3983 ) ;
#1763 = CARTESIAN_POINT ( 'NONE',  ( -1.218942731277999902, -1.099999999999999878E-16, 0.9000000000000001332 ) ) ;
#1764 = CARTESIAN_POINT ( 'NONE',  ( -1.023348017620999917, 0.3597929515419998614, 0.9000000000000001332 ) ) ;
#1765 = ORIENTED_EDGE ( 'NONE', *, *, #2595, .F. ) ;
#1766 = EDGE_LOOP ( 'NONE', ( #2882, #3876, #3079, #3021 ) ) ;
#1767 =( GEOMETRIC_REPRESENTATION_CONTEXT ( 3 ) GLOBAL_UNCERTAINTY_ASSIGNED_CONTEXT ( ( #531 ) ) GLOBAL_UNIT_ASSIGNED_CONTEXT ( ( #4543, #505, #53 ) ) REPRESENTATION_CONTEXT ( 'NONE', 'WORKASPACE' ) );
#1768 = ADVANCED_FACE ( 'NONE', ( #812 ), #1210, .T. ) ;
#1769 = CARTESIAN_POINT ( 'NONE',  ( -2.140756629955000268, 1.211742646715053162, 0.08319033040856001204 ) ) ;
#1770 = CARTESIAN_POINT ( 'NONE',  ( -0.8028634361230000405, -0.6026519823790000840, 0.8950000000000000178 ) ) ;
#1771 = SURFACE_STYLE_FILL_AREA ( #4263 ) ;
#1772 =( LENGTH_UNIT ( ) NAMED_UNIT ( * ) SI_UNIT ( .MILLI., .METRE. ) );
#1773 = DIRECTION ( 'NONE',  ( -1.000000000000000000, 0.0000000000000000000, 0.0000000000000000000 ) ) ;
#1774 = EDGE_CURVE ( 'NONE', #2983, #541, #3968, .T. ) ;
#1775 = STYLED_ITEM ( 'NONE', ( #303 ), #5029 ) ;
#1776 = CARTESIAN_POINT ( 'NONE',  ( -1.058370044053000170, -0.4242378854630000085, 0.8950000000000000178 ) ) ;
#1777 =( NAMED_UNIT ( * ) PLANE_ANGLE_UNIT ( ) SI_UNIT ( $, .RADIAN. ) );
#1778 = DIRECTION ( 'NONE',  ( 0.0000000000000000000, 0.0000000000000000000, 1.000000000000000000 ) ) ;
#1779 = CARTESIAN_POINT ( 'NONE',  ( -1.649999999999999911, -0.6750000000000000444, 0.0000000000000000000 ) ) ;
#1780 = CARTESIAN_POINT ( 'NONE',  ( -0.5000000000000000000, -0.7584889867840000077, 0.8950000000000000178 ) ) ;
#1781 = VECTOR ( 'NONE', #1544, 1000.000000000000114 ) ;
#1782 = ORIENTED_EDGE ( 'NONE', *, *, #1542, .F. ) ;
#1783 = ORIENTED_EDGE ( 'NONE', *, *, #4130, .F. ) ;
#1784 = EDGE_LOOP ( 'NONE', ( #3330, #2051, #770, #4651, #4753, #4806, #4953, #392 ) ) ;
#1785 = CARTESIAN_POINT ( 'NONE',  ( -0.6688325991189999487, 0.9241101321590000639, 0.8950000000000000178 ) ) ;
#1786 = PRODUCT_DEFINITION_SHAPE ( 'NONE', 'NONE',  #2645 ) ;
#1787 = DIRECTION ( 'NONE',  ( 0.0000000000000000000, 0.0000000000000000000, -1.000000000000000000 ) ) ;
#1788 = VERTEX_POINT ( 'NONE', #3984 ) ;
#1789 = LINE ( 'NONE', #3928, #1825 ) ;
#1790 = CARTESIAN_POINT ( 'NONE',  ( -0.5485682819380000019, 0.7787356828189999636, 0.8950000000000000178 ) ) ;
#1791 = DIRECTION ( 'NONE',  ( -1.000000000000000000, 0.0000000000000000000, 0.0000000000000000000 ) ) ;
#1792 = EDGE_CURVE ( 'NONE', #844, #3069, #3836, .T. ) ;
#1793 = FILL_AREA_STYLE ('',( #2257 ) ) ;
#1794 = CARTESIAN_POINT ( 'NONE',  ( 2.059884094155000067, -1.164368612066917219, 0.8110431526069998842 ) ) ;
#1795 = CARTESIAN_POINT ( 'NONE',  ( -0.5025330396476666017, -0.8507797356826666269, 0.8950000000000000178 ) ) ;
#1796 =( LENGTH_UNIT ( ) NAMED_UNIT ( * ) SI_UNIT ( .MILLI., .METRE. ) );
#1797 = DIRECTION ( 'NONE',  ( -0.0000000000000000000, 0.0000000000000000000, 1.000000000000000000 ) ) ;
#1798 = EDGE_CURVE ( 'NONE', #750, #4367, #3166, .T. ) ;
#1799 = UNCERTAINTY_MEASURE_WITH_UNIT (LENGTH_MEASURE( 1.000000000000000082E-05 ), #1301, 'distance_accuracy_value', 'NONE');
#1800 = SURFACE_STYLE_FILL_AREA ( #5143 ) ;
#1801 = PLANE ( 'NONE',  #1465 ) ;
#1802 = EDGE_LOOP ( 'NONE', ( #3372, #82, #3859, #400 ) ) ;
#1803 = VECTOR ( 'NONE', #5041, 1000.000000000000000 ) ;
#1804 = CARTESIAN_POINT ( 'NONE',  ( -0.9542951541849999941, 0.8841321585900001612, 0.8950000000000000178 ) ) ;
#1805 = LINE ( 'NONE', #2642, #3727 ) ;
#1806 = EDGE_CURVE ( 'NONE', #4548, #3522, #1637, .T. ) ;
#1807 = CARTESIAN_POINT ( 'NONE',  ( -2.030914104465999959, 1.100000000000000089, 0.8786759966330001115 ) ) ;
#1808 = MECHANICAL_DESIGN_GEOMETRIC_PRESENTATION_REPRESENTATION (  '', ( #4147 ), #2666 ) ;
#1809 = ORIENTED_EDGE ( 'NONE', *, *, #2106, .T. ) ;
#1810 = ORIENTED_EDGE ( 'NONE', *, *, #5004, .F. ) ;
#1811 = CARTESIAN_POINT ( 'NONE',  ( -0.6430616740090000505, -0.6753392070479999898, 0.8950000000000000178 ) ) ;
#1812 = FACE_OUTER_BOUND ( 'NONE', #1802, .T. ) ;
#1813 = ORIENTED_EDGE ( 'NONE', *, *, #1437, .F. ) ;
#1814 = CARTESIAN_POINT ( 'NONE',  ( -1.899999999999999911, 0.6750000000000000444, 0.1499999999999999944 ) ) ;
#1815 = CARTESIAN_POINT ( 'NONE',  ( 1.960495720687000176, -1.100000000000000089, 0.8000000000000000444 ) ) ;
#1816 = ORIENTED_EDGE ( 'NONE', *, *, #46, .F. ) ;
#1817 = EDGE_LOOP ( 'NONE', ( #5078, #491, #3274, #165 ) ) ;
#1818 = CARTESIAN_POINT ( 'NONE',  ( -0.7620044052863332862, 0.8841321585900001612, 0.9000000000000001332 ) ) ;
#1819 = CYLINDRICAL_SURFACE ( 'NONE', #2097, 0.1000000000000000472 ) ;
#1820 = CARTESIAN_POINT ( 'NONE',  ( -1.147246696035000069, 0.3617753303960000166, 0.9000000000000001332 ) ) ;
#1821 = LINE ( 'NONE', #1424, #75 ) ;
#1822 = CARTESIAN_POINT ( 'NONE',  ( -0.7405286343610000266, -0.6026519823790000840, 0.9000000000000001332 ) ) ;
#1823 = EDGE_CURVE ( 'NONE', #4032, #1152, #5212, .T. ) ;
#1824 = LINE ( 'NONE', #4374, #3366 ) ;
#1825 = VECTOR ( 'NONE', #3140, 1000.000000000000000 ) ;
#1826 = CARTESIAN_POINT ( 'NONE',  ( 0.0000000000000000000, 0.0000000000000000000, 0.0000000000000000000 ) ) ;
#1827 = CARTESIAN_POINT ( 'NONE',  ( 2.137661871932548419, 1.100000000000000089, 0.1110431526069498576 ) ) ;
#1828 =( NAMED_UNIT ( * ) SI_UNIT ( $, .STERADIAN. ) SOLID_ANGLE_UNIT ( ) );
#1829 = LINE ( 'NONE', #3063, #4577 ) ;
#1830 = ORIENTED_EDGE ( 'NONE', *, *, #2078, .F. ) ;
#1831 = AXIS2_PLACEMENT_3D ( 'NONE', #4400, #3588, #374 ) ;
#1832 = EDGE_CURVE ( 'NONE', #2398, #1688, #1136, .T. ) ;
#1833 = B_SPLINE_SURFACE_WITH_KNOTS ( 'NONE', 2, 1, ( 
 ( #295, #396 ),
 ( #2027, #3613 ),
 ( #2317, #3640 ) ),
 .UNSPECIFIED., .F., .F., .F.,
 ( 3, 3 ),
 ( 2, 2 ),
 ( 0.0000000000000000000, 1.000000000000000000 ),
 ( 0.0000000000000000000, 1.000000000000000000 ),
 .UNSPECIFIED. ) ;
#1834 = DIRECTION ( 'NONE',  ( 0.0000000000000000000, 0.0000000000000000000, 1.000000000000000000 ) ) ;
#1835 = FILL_AREA_STYLE ('',( #208 ) ) ;
#1836 = STYLED_ITEM ( 'NONE', ( #3704 ), #2793 ) ;
#1837 = CARTESIAN_POINT ( 'NONE',  ( -2.057196670993000076, 1.100000000000000089, 0.8352299610650001371 ) ) ;
#1838 = ORIENTED_EDGE ( 'NONE', *, *, #1729, .T. ) ;
#1839 = ORIENTED_EDGE ( 'NONE', *, *, #2683, .T. ) ;
#1840 = STYLED_ITEM ( 'NONE', ( #2985 ), #3256 ) ;
#1841 = EDGE_CURVE ( 'NONE', #1140, #2780, #3115, .T. ) ;
#1842 = DIRECTION ( 'NONE',  ( -0.9585473496477049382, 0.2849332877769122363, 0.0000000000000000000 ) ) ;
#1843 = ORIENTED_EDGE ( 'NONE', *, *, #4377, .F. ) ;
#1844 = CARTESIAN_POINT ( 'NONE',  ( -1.123127753304000054, 0.9029647577089999766, 0.8950000000000000178 ) ) ;
#1845 = VECTOR ( 'NONE', #476, 1000.000000000000000 ) ;
#1846 = CARTESIAN_POINT ( 'NONE',  ( -0.9017621145369999480, -0.7922995594710000589, 0.8950000000000000178 ) ) ;
#1847 = ORIENTED_EDGE ( 'NONE', *, *, #1976, .F. ) ;
#1848 = ORIENTED_EDGE ( 'NONE', *, *, #3582, .F. ) ;
#1849 = CIRCLE ( 'NONE', #4441, 0.1000000000000000056 ) ;
#1850 = CARTESIAN_POINT ( 'NONE',  ( -1.123458149780000026, 0.6518634361230000174, 0.8950000000000000178 ) ) ;
#1851 = CARTESIAN_POINT ( 'NONE',  ( 2.038273498465000166, 1.100000000000000089, 0.1000000000000000056 ) ) ;
#1852 = CARTESIAN_POINT ( 'NONE',  ( 1.949999999999999734, -1.209884094154999978, 0.8110431526069999952 ) ) ;
#1853 = PRESENTATION_LAYER_ASSIGNMENT (  '', '', ( #1269 ) ) ;
#1854 = B_SPLINE_CURVE_WITH_KNOTS ( 'NONE', 3,
 ( #4109, #1278, #3666, #1597 ),
 .UNSPECIFIED., .F., .F.,
 ( 4, 4 ),
 ( 0.0000000000000000000, 1.000000000000000000 ),
 .UNSPECIFIED. ) ;
#1855 = MECHANICAL_DESIGN_GEOMETRIC_PRESENTATION_REPRESENTATION (  '', ( #5206 ), #412 ) ;
#1856 = CARTESIAN_POINT ( 'NONE',  ( -1.017400881057000106, -0.4232466960349999807, 0.9000000000000001332 ) ) ;
#1857 = CARTESIAN_POINT ( 'NONE',  ( -0.5485682819380000019, -0.8398766519820000109, 0.8950000000000000178 ) ) ;
#1858 = PRODUCT_DEFINITION_CONTEXT ( 'detailed design', #5222, 'design' ) ;
#1859 = LINE ( 'NONE', #3937, #3962 ) ;
#1860 = ORIENTED_EDGE ( 'NONE', *, *, #5194, .T. ) ;
#1861 =( NAMED_UNIT ( * ) PLANE_ANGLE_UNIT ( ) SI_UNIT ( $, .RADIAN. ) );
#1862 =( NAMED_UNIT ( * ) PLANE_ANGLE_UNIT ( ) SI_UNIT ( $, .RADIAN. ) );
#1863 =( NAMED_UNIT ( * ) PLANE_ANGLE_UNIT ( ) SI_UNIT ( $, .RADIAN. ) );
#1864 = PRESENTATION_STYLE_ASSIGNMENT (( #2300 ) ) ;
#1865 = EDGE_CURVE ( 'NONE', #376, #3050, #5238, .T. ) ;
#1866 = ORIENTED_EDGE ( 'NONE', *, *, #84, .F. ) ;
#1867 = CARTESIAN_POINT ( 'NONE',  ( -0.5862334801759999658, 0.6538458149779999840, 0.8950000000000000178 ) ) ;
#1868 = DIRECTION ( 'NONE',  ( -0.0000000000000000000, -0.0000000000000000000, -1.000000000000000000 ) ) ;
#1869 = EDGE_LOOP ( 'NONE', ( #673, #332, #2742, #1472 ) ) ;
#1870 = EDGE_CURVE ( 'NONE', #5117, #4554, #2786, .T. ) ;
#1871 = CARTESIAN_POINT ( 'NONE',  ( -0.5000000000000000000, 0.8179427312776667014, 0.8950000000000000178 ) ) ;
#1872 = ORIENTED_EDGE ( 'NONE', *, *, #3484, .T. ) ;
#1873 = ORIENTED_EDGE ( 'NONE', *, *, #917, .F. ) ;
#1874 = CARTESIAN_POINT ( 'NONE',  ( -1.057378854625999898, 0.01254625550660999969, 0.8950000000000000178 ) ) ;
#1875 = CARTESIAN_POINT ( 'NONE',  ( -0.5000000000000000000, 0.8179427312776667014, 0.9000000000000001332 ) ) ;
#1876 = EDGE_CURVE ( 'NONE', #5295, #1389, #4933, .T. ) ;
#1877 = PRODUCT ( 'Pin1', 'Pin1', '', ( #1506 ) ) ;
#1878 = DIRECTION ( 'NONE',  ( 1.000000000000000000, 2.199999999999999757E-16, 0.0000000000000000000 ) ) ;
#1879 = SHAPE_DEFINITION_REPRESENTATION ( #1635, #2170 ) ;
#1880 = DIRECTION ( 'NONE',  ( -2.199999999999999757E-16, 1.000000000000000000, 0.0000000000000000000 ) ) ;
#1881 = SURFACE_STYLE_USAGE ( .BOTH. , #4269 ) ;
#1882 = DIRECTION ( 'NONE',  ( 2.199999999999999757E-16, -1.000000000000000000, 0.0000000000000000000 ) ) ;
#1883 = EDGE_LOOP ( 'NONE', ( #5236, #4561, #330, #911 ) ) ;
#1884 = CARTESIAN_POINT ( 'NONE',  ( -0.6166299559469999858, -0.6251189427309999935, 0.9000000000000001332 ) ) ;
#1885 = CARTESIAN_POINT ( 'NONE',  ( 1.949999999999999956, 1.244318531688999530, 0.009421060971107000567 ) ) ;
#1886 = CARTESIAN_POINT ( 'NONE',  ( -0.9420704845809999561, -0.8481365638769999826, 0.9000000000000001332 ) ) ;
#1887 = VERTEX_POINT ( 'NONE', #2817 ) ;
#1888 = VECTOR ( 'NONE', #2685, 1000.000000000000000 ) ;
#1889 = ADVANCED_FACE ( 'NONE', ( #906 ), #3269, .T. ) ;
#1890 = DIRECTION ( 'NONE',  ( 1.000000000000000000, 0.0000000000000000000, 0.0000000000000000000 ) ) ;
#1891 = VECTOR ( 'NONE', #1718, 1000.000000000000000 ) ;
#1892 = ORIENTED_EDGE ( 'NONE', *, *, #3807, .F. ) ;
#1893 = LINE ( 'NONE', #302, #4019 ) ;
#1894 = SURFACE_STYLE_USAGE ( .BOTH. , #5026 ) ;
#1895 = ORIENTED_EDGE ( 'NONE', *, *, #1841, .T. ) ;
#1896 = ORIENTED_EDGE ( 'NONE', *, *, #3441, .T. ) ;
#1897 = VECTOR ( 'NONE', #3235, 1000.000000000000000 ) ;
#1898 = EDGE_CURVE ( 'NONE', #186, #2674, #4604, .T. ) ;
#1899 = LINE ( 'NONE', #4369, #1730 ) ;
#1900 = SURFACE_STYLE_FILL_AREA ( #4390 ) ;
#1901 = LINE ( 'NONE', #4469, #907 ) ;
#1902 = CARTESIAN_POINT ( 'NONE',  ( -1.071255506608000063, 0.2157400881060000386, 0.9000000000000001332 ) ) ;
#1903 = ORIENTED_EDGE ( 'NONE', *, *, #3751, .F. ) ;
#1904 = ADVANCED_FACE ( 'NONE', ( #2165 ), #3728, .T. ) ;
#1905 = SURFACE_STYLE_FILL_AREA ( #3086 ) ;
#1906 = CARTESIAN_POINT ( 'NONE',  ( -0.5740088105730000168, -0.7229162995590000529, 0.9000000000000001332 ) ) ;
#1907 = UNCERTAINTY_MEASURE_WITH_UNIT (LENGTH_MEASURE( 1.000000000000000082E-05 ), #4619, 'distance_accuracy_value', 'NONE');
#1908 = CARTESIAN_POINT ( 'NONE',  ( -0.5310572687219999866, -0.6918590308370000663, 0.8950000000000000178 ) ) ;
#1909 = CARTESIAN_POINT ( 'NONE',  ( -1.218942731277999902, 0.8368854625549999593, 0.8950000000000000178 ) ) ;
#1910 = ORIENTED_EDGE ( 'NONE', *, *, #2004, .T. ) ;
#1911 = CARTESIAN_POINT ( 'NONE',  ( 1.649999999999999911, 0.6750000000000000444, 0.1499999999999999944 ) ) ;
#1912 = CARTESIAN_POINT ( 'NONE',  ( -1.998135493131873330, -1.188273498465000078, 0.0000000000000000000 ) ) ;
#1913 = CARTESIAN_POINT ( 'NONE',  ( 2.030914104465999959, 1.147398385008909560, 0.8786759966330001115 ) ) ;
#1914 = UNCERTAINTY_MEASURE_WITH_UNIT (LENGTH_MEASURE( 1.000000000000000082E-05 ), #4726, 'distance_accuracy_value', 'NONE');
#1915 = CARTESIAN_POINT ( 'NONE',  ( -1.057378854625999898, 0.01254625550660999969, 0.8950000000000000178 ) ) ;
#1916 = ORIENTED_EDGE ( 'NONE', *, *, #4446, .T. ) ;
#1917 = VERTEX_POINT ( 'NONE', #2118 ) ;
#1918 = FACE_OUTER_BOUND ( 'NONE', #4996, .T. ) ;
#1919 = CARTESIAN_POINT ( 'NONE',  ( 4.999999999999999895E-17, -1.188273498465000078, 0.0000000000000000000 ) ) ;
#1920 =( REPRESENTATION_RELATIONSHIP ('NONE','NONE', #1662, #2170 ) REPRESENTATION_RELATIONSHIP_WITH_TRANSFORMATION ( #2335 )SHAPE_REPRESENTATION_RELATIONSHIP( ) );
#1921 = ORIENTED_EDGE ( 'NONE', *, *, #2527, .T. ) ;
#1922 = ORIENTED_EDGE ( 'NONE', *, *, #3643, .T. ) ;
#1923 = CIRCLE ( 'NONE', #3645, 0.1000000000000000472 ) ;
#1924 = EDGE_LOOP ( 'NONE', ( #3884, #784, #1782, #2133, #1369, #3626 ) ) ;
#1925 = EDGE_CURVE ( 'NONE', #4466, #1130, #4809, .T. ) ;
#1926 = VECTOR ( 'NONE', #1102, 1000.000000000000000 ) ;
#1927 = CARTESIAN_POINT ( 'NONE',  ( -0.7137665198239999675, 0.8841321585900001612, 0.9000000000000001332 ) ) ;
#1928 =( NAMED_UNIT ( * ) PLANE_ANGLE_UNIT ( ) SI_UNIT ( $, .RADIAN. ) );
#1929 = DIRECTION ( 'NONE',  ( 1.000000000000000000, 2.199999999999999757E-16, 0.0000000000000000000 ) ) ;
#1930 = ORIENTED_EDGE ( 'NONE', *, *, #4808, .F. ) ;
#1931 = EDGE_CURVE ( 'NONE', #703, #3616, #5050, .T. ) ;
#1932 = VECTOR ( 'NONE', #1676, 1000.000000000000000 ) ;
#1933 = CARTESIAN_POINT ( 'NONE',  ( -0.9017621145369999480, -0.7922995594710000589, 0.8950000000000000178 ) ) ;
#1934 = CARTESIAN_POINT ( 'NONE',  ( -0.6142070484583332934, -0.6856916299559999706, 0.9000000000000001332 ) ) ;
#1935 = CONICAL_SURFACE ( 'NONE', #3739, 0.1876618718988994350, 0.1106572211705534048 ) ;
#1936 = SURFACE_STYLE_FILL_AREA ( #4073 ) ;
#1937 = CARTESIAN_POINT ( 'NONE',  ( -0.5809471365639999885, -0.2038634361230000080, 0.8950000000000000178 ) ) ;
#1938 = EDGE_CURVE ( 'NONE', #3498, #4857, #4653, .T. ) ;
#1939 = ORIENTED_EDGE ( 'NONE', *, *, #4797, .F. ) ;
#1940 = VECTOR ( 'NONE', #1567, 1000.000000000000000 ) ;
#1941 = VECTOR ( 'NONE', #1393, 1000.000000000000000 ) ;
#1942 = CARTESIAN_POINT ( 'NONE',  ( -1.085462555065999979, -0.4252290748900000028, 0.9000000000000001332 ) ) ;
#1943 = CARTESIAN_POINT ( 'NONE',  ( -0.9017621145369999480, -0.7469251101323334252, 0.9000000000000001332 ) ) ;
#1944 = CARTESIAN_POINT ( 'NONE',  ( -0.5862334801759999658, 0.6538458149779999840, 0.8950000000000000178 ) ) ;
#1945 = CARTESIAN_POINT ( 'NONE',  ( -0.5809471365639727880, -0.2068370044050912016, 0.9000000000000001332 ) ) ;
#1946 = EDGE_CURVE ( 'NONE', #5295, #542, #864, .T. ) ;
#1947 = EDGE_LOOP ( 'NONE', ( #1495, #5221, #481, #3431 ) ) ;
#1948 = AXIS2_PLACEMENT_3D ( 'NONE', #2846, #1691, #3282 ) ;
#1949 = CARTESIAN_POINT ( 'NONE',  ( -0.5310572687219999866, -0.6918590308370000663, 0.9000000000000001332 ) ) ;
#1950 = CARTESIAN_POINT ( 'NONE',  ( -0.5442731277529999634, 0.8728986784140001509, 0.9000000000000001332 ) ) ;
#1951 = ORIENTED_EDGE ( 'NONE', *, *, #1093, .F. ) ;
#1952 = SURFACE_STYLE_USAGE ( .BOTH. , #1470 ) ;
#1953 = CARTESIAN_POINT ( 'NONE',  ( -1.218942731277999902, 0.4146387665199999795, 0.8950000000000000178 ) ) ;
#1954 = VERTEX_POINT ( 'NONE', #2065 ) ;
#1955 = AXIS2_PLACEMENT_3D ( 'NONE', #4859, #3639, #2803 ) ;
#1956 = ORIENTED_EDGE ( 'NONE', *, *, #2719, .F. ) ;
#1957 = DIRECTION ( 'NONE',  ( -0.0000000000000000000, -1.000000000000000000, -0.0000000000000000000 ) ) ;
#1958 =( NAMED_UNIT ( * ) SI_UNIT ( $, .STERADIAN. ) SOLID_ANGLE_UNIT ( ) );
#1959 = CARTESIAN_POINT ( 'NONE',  ( 2.649999999999999911, 0.6750000000000000444, 0.1499999999999999944 ) ) ;
#1960 = ORIENTED_EDGE ( 'NONE', *, *, #3853, .T. ) ;
#1961 = CARTESIAN_POINT ( 'NONE',  ( -1.949999999999999956, -1.216297724264999935, -4.293440603043000001E-17 ) ) ;
#1962 = EDGE_CURVE ( 'NONE', #157, #3805, #4949, .T. ) ;
#1963 = FACE_OUTER_BOUND ( 'NONE', #1759, .T. ) ;
#1964 = UNCERTAINTY_MEASURE_WITH_UNIT (LENGTH_MEASURE( 1.000000000000000082E-05 ), #2881, 'distance_accuracy_value', 'NONE');
#1965 = CARTESIAN_POINT ( 'NONE',  ( -2.030914104465999959, -1.147398385008909782, 0.8786759966330001115 ) ) ;
#1966 = LINE ( 'NONE', #2741, #1722 ) ;
#1967 =( BOUNDED_SURFACE ( )  B_SPLINE_SURFACE ( 6, 3, ( 
 ( #2366, #5276, #2826, #3635 ),
 ( #4477, #4024, #343, #4824 ),
 ( #820, #3556, #2446, #291 ),
 ( #3607, #1965, #2764, #1509 ),
 ( #367, #2389, #1564, #3148 ),
 ( #4855, #2798, #767, #795 ),
 ( #2416, #526, #4132, #4984 ) ),
 .UNSPECIFIED., .F., .F., .T. ) 
 B_SPLINE_SURFACE_WITH_KNOTS ( ( 7, 7 ),
 ( 4, 4 ),
 ( 4.712388980384999648, 6.172528086006000336 ),
 ( 0.0000000000000000000, 1.000000000000000000 ),
 .UNSPECIFIED. ) 
 GEOMETRIC_REPRESENTATION_ITEM ( )  RATIONAL_B_SPLINE_SURFACE ( (
 ( 1.000000000000000000, 0.8047378541243640493, 0.8047378541243640493, 1.000000000000000000),
 ( 1.000000000000000000, 0.8047378541243640493, 0.8047378541243640493, 1.000000000000000000),
 ( 1.000000000000000000, 0.8047378541243640493, 0.8047378541243640493, 1.000000000000000000),
 ( 1.000000000000000000, 0.8047378541243640493, 0.8047378541243640493, 1.000000000000000000),
 ( 1.000000000000000000, 0.8047378541243640493, 0.8047378541243640493, 1.000000000000000000),
 ( 1.000000000000000000, 0.8047378541243640493, 0.8047378541243640493, 1.000000000000000000),
 ( 1.000000000000000000, 0.8047378541243640493, 0.8047378541243640493, 1.000000000000000000) ) ) 
 REPRESENTATION_ITEM ( '' )  SURFACE ( )  );
#1968 = DIRECTION ( 'NONE',  ( 0.0000000000000000000, 2.168404344971007685E-15, 1.000000000000000000 ) ) ;
#1969 = LINE ( 'NONE', #5253, #5303 ) ;
#1970 = EDGE_CURVE ( 'NONE', #627, #4009, #114, .T. ) ;
#1971 = FACE_OUTER_BOUND ( 'NONE', #1601, .T. ) ;
#1972 = CARTESIAN_POINT ( 'NONE',  ( 1.997398385008909649, 1.180914104466000092, 0.8786759966330001115 ) ) ;
#1973 = UNCERTAINTY_MEASURE_WITH_UNIT (LENGTH_MEASURE( 1.000000000000000082E-05 ), #931, 'distance_accuracy_value', 'NONE');
#1974 = CARTESIAN_POINT ( 'NONE',  ( -1.085462555065999979, 0.01320704845814999959, 0.9000000000000001332 ) ) ;
#1975 = ORIENTED_EDGE ( 'NONE', *, *, #1218, .T. ) ;
#1976 = EDGE_CURVE ( 'NONE', #4554, #4943, #1277, .T. ) ;
#1977 = DIRECTION ( 'NONE',  ( -1.000000000000000000, -2.199999999999999757E-16, 0.0000000000000000000 ) ) ;
#1978 = CARTESIAN_POINT ( 'NONE',  ( -0.8574889867839999846, 0.6122158590309999537, 0.9000000000000001332 ) ) ;
#1979 = ORIENTED_EDGE ( 'NONE', *, *, #4717, .F. ) ;
#1980 = CARTESIAN_POINT ( 'NONE',  ( -1.999357885408063140, 1.188273498465000078, 0.0000000000000000000 ) ) ;
#1981 = PRESENTATION_LAYER_ASSIGNMENT (  '', '', ( #188 ) ) ;
#1982 = ORIENTED_EDGE ( 'NONE', *, *, #338, .T. ) ;
#1983 = VERTEX_POINT ( 'NONE', #3407 ) ;
#1984 = MECHANICAL_DESIGN_GEOMETRIC_PRESENTATION_REPRESENTATION (  '', ( #622 ), #1045 ) ;
#1985 = CARTESIAN_POINT ( 'NONE',  ( -1.649999999999999911, 0.6750000000000000444, 0.0000000000000000000 ) ) ;
#1986 = SURFACE_SIDE_STYLE ('',( #3600 ) ) ;
#1987 = CARTESIAN_POINT ( 'NONE',  ( -0.8783039647579999887, -0.8947224669600000180, 0.8950000000000000178 ) ) ;
#1988 = LINE ( 'NONE', #386, #3671 ) ;
#1989 = EDGE_LOOP ( 'NONE', ( #1493, #1555, #1628, #2885 ) ) ;
#1990 = SURFACE_STYLE_USAGE ( .BOTH. , #791 ) ;
#1991 = PRODUCT_CONTEXT ( 'NONE', #4518, 'mechanical' ) ;
#1992 = VECTOR ( 'NONE', #552, 1000.000000000000114 ) ;
#1993 = SURFACE_STYLE_FILL_AREA ( #3993 ) ;
#1994 = SURFACE_SIDE_STYLE ('',( #1936 ) ) ;
#1995 = CARTESIAN_POINT ( 'NONE',  ( -1.015418502203000006, 0.01221585903083994076, 0.8950000000000000178 ) ) ;
#1996 = ADVANCED_FACE ( 'NONE', ( #2892 ), #39, .T. ) ;
#1997 = DIRECTION ( 'NONE',  ( 1.999999999999999958E-16, 1.000000000000000000, 0.0000000000000000000 ) ) ;
#1998 = CARTESIAN_POINT ( 'NONE',  ( -0.5000000000000000000, 0.4146387665199999795, 0.8950000000000000178 ) ) ;
#1999 =( NAMED_UNIT ( * ) PLANE_ANGLE_UNIT ( ) SI_UNIT ( $, .RADIAN. ) );
#2000 = LINE ( 'NONE', #2597, #1323 ) ;
#2001 = DIRECTION ( 'NONE',  ( 1.000000000000000000, 0.0000000000000000000, 0.0000000000000000000 ) ) ;
#2002 = ORIENTED_EDGE ( 'NONE', *, *, #3610, .T. ) ;
#2003 = ORIENTED_EDGE ( 'NONE', *, *, #2629, .F. ) ;
#2004 = EDGE_CURVE ( 'NONE', #568, #3065, #4365, .T. ) ;
#2005 = CARTESIAN_POINT ( 'NONE',  ( -0.9057268722469999922, -0.9201629955950000328, 0.9000000000000001332 ) ) ;
#2006 = LINE ( 'NONE', #2323, #3305 ) ;
#2007 = ORIENTED_EDGE ( 'NONE', *, *, #2657, .T. ) ;
#2008 = CARTESIAN_POINT ( 'NONE',  ( -1.170374449339000034, 0.8365550660789999871, 0.9000000000000001332 ) ) ;
#2009 = EDGE_LOOP ( 'NONE', ( #4734, #3189, #2842, #3951 ) ) ;
#2010 = ORIENTED_EDGE ( 'NONE', *, *, #861, .T. ) ;
#2011 = ADVANCED_FACE ( 'NONE', ( #3073 ), #2303, .T. ) ;
#2012 = VECTOR ( 'NONE', #5289, 1000.000000000000000 ) ;
#2013 = CARTESIAN_POINT ( 'NONE',  ( -0.5661894273130000377, -0.8925198237886666774, 0.8950000000000000178 ) ) ;
#2014 =( NAMED_UNIT ( * ) SI_UNIT ( $, .STERADIAN. ) SOLID_ANGLE_UNIT ( ) );
#2015 = VECTOR ( 'NONE', #870, 1000.000000000000000 ) ;
#2016 = ORIENTED_EDGE ( 'NONE', *, *, #3767, .T. ) ;
#2017 = EDGE_CURVE ( 'NONE', #3864, #1126, #5177, .T. ) ;
#2018 = VECTOR ( 'NONE', #780, 1000.000000000000227 ) ;
#2019 = DIRECTION ( 'NONE',  ( -1.000000000000000000, -2.199999999999999757E-16, 0.0000000000000000000 ) ) ;
#2020 = CARTESIAN_POINT ( 'NONE',  ( -1.086123348017999923, 0.8603436123350000075, 0.8950000000000000178 ) ) ;
#2021 = CARTESIAN_POINT ( 'NONE',  ( -0.5809471365639999885, -0.2038634361230000080, 0.9000000000000001332 ) ) ;
#2022 = STYLED_ITEM ( 'NONE', ( #4399 ), #3375 ) ;
#2023 = ORIENTED_EDGE ( 'NONE', *, *, #600, .T. ) ;
#2024 = VECTOR ( 'NONE', #2410, 1000.000000000000000 ) ;
#2025 = DIRECTION ( 'NONE',  ( 1.000000000000000000, 0.0000000000000000000, 0.0000000000000000000 ) ) ;
#2026 = DIRECTION ( 'NONE',  ( -0.0000000000000000000, 1.000000000000000000, 0.0000000000000000000 ) ) ;
#2027 = CARTESIAN_POINT ( 'NONE',  ( -0.5697136563879999782, -0.9029823788549999897, 0.8950000000000000178 ) ) ;
#2028 = DIRECTION ( 'NONE',  ( -0.0000000000000000000, -0.0000000000000000000, -1.000000000000000000 ) ) ;
#2029 = UNCERTAINTY_MEASURE_WITH_UNIT (LENGTH_MEASURE( 1.000000000000000082E-05 ), #2665, 'distance_accuracy_value', 'NONE');
#2030 = SURFACE_SIDE_STYLE ('',( #398 ) ) ;
#2031 = ORIENTED_EDGE ( 'NONE', *, *, #2861, .T. ) ;
#2032 = CIRCLE ( 'NONE', #1090, 0.1000000000000000472 ) ;
#2033 = EDGE_LOOP ( 'NONE', ( #4169, #3353, #4412, #1910 ) ) ;
#2034 = CARTESIAN_POINT ( 'NONE',  ( -2.149999999999999911, -1.100000000000000089, -3.821654535980309790E-49 ) ) ;
#2035 = CARTESIAN_POINT ( 'NONE',  ( -1.037555066079000055, 0.2481189427310000195, 0.8950000000000000178 ) ) ;
#2036 = VECTOR ( 'NONE', #2572, 1000.000000000000000 ) ;
#2037 = EDGE_LOOP ( 'NONE', ( #3324, #2623, #57, #3460, #3463, #1708 ) ) ;
#2038 = CARTESIAN_POINT ( 'NONE',  ( -1.086123348017999923, 0.8603436123350000075, 0.9000000000000001332 ) ) ;
#2039 = ORIENTED_EDGE ( 'NONE', *, *, #2653, .F. ) ;
#2040 = ORIENTED_EDGE ( 'NONE', *, *, #5218, .T. ) ;
#2041 = CARTESIAN_POINT ( 'NONE',  ( -1.085462555065999979, 0.01320704845814999959, 0.9000000000000001332 ) ) ;
#2042 = EDGE_CURVE ( 'NONE', #778, #1471, #4555, .T. ) ;
#2043 = FACE_OUTER_BOUND ( 'NONE', #1167, .T. ) ;
#2044 = DIRECTION ( 'NONE',  ( 0.0000000000000000000, -0.0000000000000000000, 1.000000000000000000 ) ) ;
#2045 =( GEOMETRIC_REPRESENTATION_CONTEXT ( 3 ) GLOBAL_UNCERTAINTY_ASSIGNED_CONTEXT ( ( #2606 ) ) GLOBAL_UNIT_ASSIGNED_CONTEXT ( ( #1434, #1861, #3515 ) ) REPRESENTATION_CONTEXT ( 'NONE', 'WORKASPACE' ) );
#2046 = CARTESIAN_POINT ( 'NONE',  ( 2.034539838561644665, -1.244318531689000196, 0.009421060971107999768 ) ) ;
#2047 = ORIENTED_EDGE ( 'NONE', *, *, #4099, .F. ) ;
#2048 = FACE_OUTER_BOUND ( 'NONE', #1595, .T. ) ;
#2049 = FACE_OUTER_BOUND ( 'NONE', #487, .T. ) ;
#2050 = SURFACE_STYLE_FILL_AREA ( #123 ) ;
#2051 = ORIENTED_EDGE ( 'NONE', *, *, #4616, .T. ) ;
#2052 = B_SPLINE_CURVE_WITH_KNOTS ( 'NONE', 2,
 ( #1776, #2930, #4618 ),
 .UNSPECIFIED., .F., .F.,
 ( 3, 3 ),
 ( 0.0000000000000000000, 1.000000000000000000 ),
 .UNSPECIFIED. ) ;
#2053 = FACE_OUTER_BOUND ( 'NONE', #935, .T. ) ;
#2054 = PRESENTATION_STYLE_ASSIGNMENT (( #126 ) ) ;
#2055 = DIRECTION ( 'NONE',  ( 0.0000000000000000000, -0.1104315260749562794, -0.9938837346736066891 ) ) ;
#2056 = DIRECTION ( 'NONE',  ( 0.0000000000000000000, 0.0000000000000000000, 1.000000000000000000 ) ) ;
#2057 = VERTEX_POINT ( 'NONE', #989 ) ;
#2058 = EDGE_LOOP ( 'NONE', ( #2732, #5207, #2987, #5013, #3070, #2144 ) ) ;
#2059 = CARTESIAN_POINT ( 'NONE',  ( 2.038273498465000166, -1.100000000000000089, 0.1000000000000000056 ) ) ;
#2060 =( NAMED_UNIT ( * ) PLANE_ANGLE_UNIT ( ) SI_UNIT ( $, .RADIAN. ) );
#2061 = DIRECTION ( 'NONE',  ( -1.000000000000000000, 0.0000000000000000000, 0.0000000000000000000 ) ) ;
#2062 = ORIENTED_EDGE ( 'NONE', *, *, #4226, .T. ) ;
#2063 = EDGE_CURVE ( 'NONE', #541, #1659, #248, .T. ) ;
#2064 = B_SPLINE_SURFACE_WITH_KNOTS ( 'NONE', 2, 1, ( 
 ( #620, #1044 ),
 ( #2669, #4383 ),
 ( #1867, #3566 ) ),
 .UNSPECIFIED., .F., .F., .F.,
 ( 3, 3 ),
 ( 2, 2 ),
 ( 0.0000000000000000000, 1.000000000000000000 ),
 ( 0.0000000000000000000, 1.000000000000000000 ),
 .UNSPECIFIED. ) ;
#2065 = CARTESIAN_POINT ( 'NONE',  ( -1.960495720687000176, -1.100000000000000089, 0.9000000000000001332 ) ) ;
#2066 = AXIS2_PLACEMENT_3D ( 'NONE', #486, #61, #2061 ) ;
#2067 = FILL_AREA_STYLE ('',( #2868 ) ) ;
#2068 =( NAMED_UNIT ( * ) SI_UNIT ( $, .STERADIAN. ) SOLID_ANGLE_UNIT ( ) );
#2069 = FILL_AREA_STYLE ('',( #4582 ) ) ;
#2070 = ORIENTED_EDGE ( 'NONE', *, *, #145, .F. ) ;
#2071 = ADVANCED_FACE ( 'NONE', ( #1812 ), #2647, .T. ) ;
#2072 = CARTESIAN_POINT ( 'NONE',  ( -2.066297724265000024, -1.168125629601310500, -4.293440603042999385E-17 ) ) ;
#2073 = SURFACE_STYLE_USAGE ( .BOTH. , #2923 ) ;
#2074 = CARTESIAN_POINT ( 'NONE',  ( -0.5025330396476666017, -0.8507797356826666269, 0.9000000000000001332 ) ) ;
#2075 = VECTOR ( 'NONE', #1206, 1000.000000000000000 ) ;
#2076 = FACE_OUTER_BOUND ( 'NONE', #134, .T. ) ;
#2077 = SURFACE_STYLE_USAGE ( .BOTH. , #24 ) ;
#2078 = EDGE_CURVE ( 'NONE', #2780, #2190, #3886, .T. ) ;
#2079 = STYLED_ITEM ( 'NONE', ( #1562 ), #1482 ) ;
#2080 = MECHANICAL_DESIGN_GEOMETRIC_PRESENTATION_REPRESENTATION (  '', ( #4313 ), #1142 ) ;
#2081 = CARTESIAN_POINT ( 'NONE',  ( -0.5442731277529999634, 0.8728986784140001509, 0.9000000000000001332 ) ) ;
#2082 = CARTESIAN_POINT ( 'NONE',  ( -0.6166299559469999858, -0.6251189427309999935, 0.9000000000000001332 ) ) ;
#2083 = CARTESIAN_POINT ( 'NONE',  ( -1.123458149780000026, 0.6518634361230000174, 0.9000000000000001332 ) ) ;
#2084 = CARTESIAN_POINT ( 'NONE',  ( -0.5485682819380000019, -0.8055154185020000357, 0.9000000000000001332 ) ) ;
#2085 = ORIENTED_EDGE ( 'NONE', *, *, #3145, .F. ) ;
#2086 = ORIENTED_EDGE ( 'NONE', *, *, #4363, .F. ) ;
#2087 = CARTESIAN_POINT ( 'NONE',  ( -1.960495720687000176, 1.100000000000000089, 0.8000000000000000444 ) ) ;
#2088 = CARTESIAN_POINT ( 'NONE',  ( -0.5290748898679999979, -0.9274317180619999768, 0.8950000000000000178 ) ) ;
#2089 = ORIENTED_EDGE ( 'NONE', *, *, #377, .F. ) ;
#2090 = FILL_AREA_STYLE ('',( #462 ) ) ;
#2091 = FILL_AREA_STYLE ('',( #4176 ) ) ;
#2092 = CARTESIAN_POINT ( 'NONE',  ( -1.949999999999999956, -1.110495720687000087, 0.8000000000000000444 ) ) ;
#2093 = CARTESIAN_POINT ( 'NONE',  ( 1.949999999999999956, -1.188273498465000078, 6.938893903906999577E-18 ) ) ;
#2094 = VERTEX_POINT ( 'NONE', #3245 ) ;
#2095 = VECTOR ( 'NONE', #1552, 1000.000000000000114 ) ;
#2096 = CARTESIAN_POINT ( 'NONE',  ( -0.5485682819380000019, 0.7787356828189999636, 0.9000000000000001332 ) ) ;
#2097 = AXIS2_PLACEMENT_3D ( 'NONE', #2358, #4499, #4898 ) ;
#2098 = DIRECTION ( 'NONE',  ( -0.0000000000000000000, 1.000000000000000000, 0.0000000000000000000 ) ) ;
#2099 = CARTESIAN_POINT ( 'NONE',  ( -1.218942731277999902, -0.6409779735680000146, 0.9000000000000001332 ) ) ;
#2100 = EDGE_CURVE ( 'NONE', #522, #4410, #329, .T. ) ;
#2101 = FACE_BOUND ( 'NONE', #1410, .T. ) ;
#2102 =( GEOMETRIC_REPRESENTATION_CONTEXT ( 3 ) GLOBAL_UNCERTAINTY_ASSIGNED_CONTEXT ( ( #693 ) ) GLOBAL_UNIT_ASSIGNED_CONTEXT ( ( #4016, #2166, #139 ) ) REPRESENTATION_CONTEXT ( 'NONE', 'WORKASPACE' ) );
#2103 = CARTESIAN_POINT ( 'NONE',  ( -0.5000000000000000000, -0.8025418502200000193, 0.8950000000000000178 ) ) ;
#2104 = CARTESIAN_POINT ( 'NONE',  ( 0.0000000000000000000, 0.0000000000000000000, 0.0000000000000000000 ) ) ;
#2105 = LINE ( 'NONE', #3743, #2792 ) ;
#2106 = EDGE_CURVE ( 'NONE', #4033, #1634, #2006, .T. ) ;
#2107 = CARTESIAN_POINT ( 'NONE',  ( -1.899999999999999911, 0.0000000000000000000, 0.1499999999999999944 ) ) ;
#2108 = EDGE_LOOP ( 'NONE', ( #2273, #369, #3707, #956 ) ) ;
#2109 = ORIENTED_EDGE ( 'NONE', *, *, #1577, .T. ) ;
#2110 = CIRCLE ( 'NONE', #3738, 0.1876618719329999629 ) ;
#2111 = CARTESIAN_POINT ( 'NONE',  ( 1.649999999999999911, 0.6750000000000000444, 0.0000000000000000000 ) ) ;
#2112 = DIRECTION ( 'NONE',  ( -1.000000000000000000, 0.0000000000000000000, 0.0000000000000000000 ) ) ;
#2113 = DIRECTION ( 'NONE',  ( -1.000000000000000000, -2.199999999999999757E-16, 0.0000000000000000000 ) ) ;
#2114 = MECHANICAL_DESIGN_GEOMETRIC_PRESENTATION_REPRESENTATION (  '', ( #1762 ), #2365 ) ;
#2115 = VERTEX_POINT ( 'NONE', #4893 ) ;
#2116 = VERTEX_POINT ( 'NONE', #5232 ) ;
#2117 = STYLED_ITEM ( 'NONE', ( #4010 ), #4440 ) ;
#2118 = CARTESIAN_POINT ( 'NONE',  ( -1.170374449339000034, -0.8501189427309999713, 0.9000000000000001332 ) ) ;
#2119 = FILL_AREA_STYLE_COLOUR ( '', #3214 ) ;
#2120 = DIRECTION ( 'NONE',  ( 2.199999999999999757E-16, -1.000000000000000000, 0.0000000000000000000 ) ) ;
#2121 =( LENGTH_UNIT ( ) NAMED_UNIT ( * ) SI_UNIT ( .MILLI., .METRE. ) );
#2122 = ORIENTED_EDGE ( 'NONE', *, *, #740, .T. ) ;
#2123 = CARTESIAN_POINT ( 'NONE',  ( -1.956148250831564628, 1.110495720687000087, 0.9000000000000000222 ) ) ;
#2124 = CARTESIAN_POINT ( 'NONE',  ( -0.7494493392069999649, 0.9399691629959999739, 0.9000000000000001332 ) ) ;
#2125 = CARTESIAN_POINT ( 'NONE',  ( -0.5740088105730000168, -0.7229162995590000529, 0.9000000000000001332 ) ) ;
#2126 = CARTESIAN_POINT ( 'NONE',  ( -1.218942731277999902, 0.06706167400880999607, 0.8950000000000000178 ) ) ;
#2127 = EDGE_CURVE ( 'NONE', #1078, #4032, #3763, .T. ) ;
#2128 = LINE ( 'NONE', #3845, #5167 ) ;
#2129 = SURFACE_STYLE_USAGE ( .BOTH. , #877 ) ;
#2130 = DIRECTION ( 'NONE',  ( 0.7331080000015899323, 0.6801122409820814507, 0.0000000000000000000 ) ) ;
#2131 = UNCERTAINTY_MEASURE_WITH_UNIT (LENGTH_MEASURE( 1.000000000000000082E-05 ), #4994, 'distance_accuracy_value', 'NONE');
#2132 = DIRECTION ( 'NONE',  ( 1.000000000000000000, 0.0000000000000000000, 0.0000000000000000000 ) ) ;
#2133 = ORIENTED_EDGE ( 'NONE', *, *, #3346, .F. ) ;
#2134 = EDGE_LOOP ( 'NONE', ( #4727, #4583, #2905, #2730 ) ) ;
#2135 = EDGE_CURVE ( 'NONE', #4646, #1305, #1204, .T. ) ;
#2136 = CARTESIAN_POINT ( 'NONE',  ( -0.5000000000000000000, 0.06706167400880999607, 0.8950000000000000178 ) ) ;
#2137 = CARTESIAN_POINT ( 'NONE',  ( -0.5000000000000000000, 0.7787356828189999636, 0.9000000000000001332 ) ) ;
#2138 = EDGE_LOOP ( 'NONE', ( #1576, #3858, #4494, #2007 ) ) ;
#2139 = ORIENTED_EDGE ( 'NONE', *, *, #1675, .T. ) ;
#2140 = ADVANCED_FACE ( 'NONE', ( #3677 ), #3474, .T. ) ;
#2141 = DIRECTION ( 'NONE',  ( 0.0000000000000000000, -0.0000000000000000000, 1.000000000000000000 ) ) ;
#2142 = DIRECTION ( 'NONE',  ( -1.000000000000000000, -0.0000000000000000000, 0.0000000000000000000 ) ) ;
#2143 = VERTEX_POINT ( 'NONE', #807 ) ;
#2144 = ORIENTED_EDGE ( 'NONE', *, *, #3975, .T. ) ;
#2145 = CARTESIAN_POINT ( 'NONE',  ( 1.949999999999999956, 1.209884094148665046, 0.8110431526536993063 ) ) ;
#2146 = CARTESIAN_POINT ( 'NONE',  ( -1.087775330396000051, 0.6944845814980000753, 0.9000000000000001332 ) ) ;
#2147 = LINE ( 'NONE', #1243, #1426 ) ;
#2148 = PRESENTATION_STYLE_ASSIGNMENT (( #873 ) ) ;
#2149 = CARTESIAN_POINT ( 'NONE',  ( 2.057196670993000520, -1.162794356026453091, 0.8352299610649999151 ) ) ;
#2150 = VECTOR ( 'NONE', #3397, 1000.000000000000000 ) ;
#2151 = LINE ( 'NONE', #5009, #3010 ) ;
#2152 = MECHANICAL_DESIGN_GEOMETRIC_PRESENTATION_REPRESENTATION (  '', ( #1050 ), #2575 ) ;
#2153 = FACE_OUTER_BOUND ( 'NONE', #884, .T. ) ;
#2154 = FILL_AREA_STYLE ('',( #1353 ) ) ;
#2155 = CARTESIAN_POINT ( 'NONE',  ( -0.6166299559469999858, -0.6251189427309999935, 0.8950000000000000178 ) ) ;
#2156 = EDGE_CURVE ( 'NONE', #2701, #2644, #2754, .T. ) ;
#2157 = ORIENTED_EDGE ( 'NONE', *, *, #2265, .T. ) ;
#2158 = VECTOR ( 'NONE', #2712, 1000.000000000000000 ) ;
#2159 = LINE ( 'NONE', #952, #5283 ) ;
#2160 = CARTESIAN_POINT ( 'NONE',  ( -0.5485682819380000019, 0.7787356828189999636, 0.9000000000000002442 ) ) ;
#2161 = CARTESIAN_POINT ( 'NONE',  ( 1.949999999999999956, 1.110495720687000087, 0.9000000000000001332 ) ) ;
#2162 = ADVANCED_FACE ( 'NONE', ( #3216 ), #4433, .T. ) ;
#2163 = ORIENTED_EDGE ( 'NONE', *, *, #1925, .F. ) ;
#2164 = ORIENTED_EDGE ( 'NONE', *, *, #377, .T. ) ;
#2165 = FACE_OUTER_BOUND ( 'NONE', #3568, .T. ) ;
#2166 =( NAMED_UNIT ( * ) PLANE_ANGLE_UNIT ( ) SI_UNIT ( $, .RADIAN. ) );
#2167 = EDGE_CURVE ( 'NONE', #3190, #1205, #4059, .T. ) ;
#2168 = ORIENTED_EDGE ( 'NONE', *, *, #3251, .F. ) ;
#2169 = ORIENTED_EDGE ( 'NONE', *, *, #466, .T. ) ;
#2170 = SHAPE_REPRESENTATION ( 'Pin1', ( #4956 ), #3334 ) ;
#2171 = LINE ( 'NONE', #3814, #375 ) ;
#2172 = CARTESIAN_POINT ( 'NONE',  ( -0.9503303964760000389, -0.8015506607929999694, 0.8950000000000000178 ) ) ;
#2173 =( NAMED_UNIT ( * ) SI_UNIT ( $, .STERADIAN. ) SOLID_ANGLE_UNIT ( ) );
#2174 = AXIS2_PLACEMENT_3D ( 'NONE', #1421, #3058, #4716 ) ;
#2175 = EDGE_CURVE ( 'NONE', #2327, #1289, #4008, .T. ) ;
#2176 = CARTESIAN_POINT ( 'NONE',  ( 2.014368612066916420, -1.209884094154999978, 0.8110431526069998842 ) ) ;
#2177 = B_SPLINE_SURFACE_WITH_KNOTS ( 'NONE', 2, 1, ( 
 ( #4448, #1591 ),
 ( #2313, #2388 ),
 ( #4768, #2714 ) ),
 .UNSPECIFIED., .F., .F., .F.,
 ( 3, 3 ),
 ( 2, 2 ),
 ( 0.0000000000000000000, 1.000000000000000000 ),
 ( 0.0000000000000000000, 1.000000000000000000 ),
 .UNSPECIFIED. ) ;
#2178 = CARTESIAN_POINT ( 'NONE',  ( -0.5862334801759999658, 0.6538458149779999840, 0.9000000000000001332 ) ) ;
#2179 =( NAMED_UNIT ( * ) PLANE_ANGLE_UNIT ( ) SI_UNIT ( $, .RADIAN. ) );
#2180 = CARTESIAN_POINT ( 'NONE',  ( -0.9503303964760000389, -0.7771013215859999823, 0.8950000000000000178 ) ) ;
#2181 = UNCERTAINTY_MEASURE_WITH_UNIT (LENGTH_MEASURE( 1.000000000000000082E-05 ), #3349, 'distance_accuracy_value', 'NONE');
#2182 = CARTESIAN_POINT ( 'NONE',  ( -1.218942731277999902, 0.7205859030836665458, 0.8950000000000000178 ) ) ;
#2183 = FACE_OUTER_BOUND ( 'NONE', #688, .T. ) ;
#2184 = PRESENTATION_LAYER_ASSIGNMENT (  '', '', ( #654 ) ) ;
#2185 = VERTEX_POINT ( 'NONE', #3647 ) ;
#2186 = VECTOR ( 'NONE', #901, 1000.000000000000000 ) ;
#2187 =( NAMED_UNIT ( * ) SI_UNIT ( $, .STERADIAN. ) SOLID_ANGLE_UNIT ( ) );
#2188 = SURFACE_STYLE_USAGE ( .BOTH. , #3457 ) ;
#2189 = FILL_AREA_STYLE_COLOUR ( '', #3865 ) ;
#2190 = VERTEX_POINT ( 'NONE', #7 ) ;
#2191 = COLOUR_RGB ( '',0.0000000000000000000, 0.0000000000000000000, 0.0000000000000000000 ) ;
#2192 = EDGE_LOOP ( 'NONE', ( #1895, #2227, #1154, #1381 ) ) ;
#2193 = EDGE_CURVE ( 'NONE', #929, #311, #5205, .T. ) ;
#2194 = DIRECTION ( 'NONE',  ( 0.0000000000000000000, 0.0000000000000000000, 1.000000000000000000 ) ) ;
#2195 =( NAMED_UNIT ( * ) PLANE_ANGLE_UNIT ( ) SI_UNIT ( $, .RADIAN. ) );
#2196 =( NAMED_UNIT ( * ) PLANE_ANGLE_UNIT ( ) SI_UNIT ( $, .RADIAN. ) );
#2197 = PLANE ( 'NONE',  #4372 ) ;
#2198 = ORIENTED_EDGE ( 'NONE', *, *, #2586, .T. ) ;
#2199 = ORIENTED_EDGE ( 'NONE', *, *, #4709, .F. ) ;
#2200 = EDGE_CURVE ( 'NONE', #2383, #2535, #4101, .T. ) ;
#2201 = CARTESIAN_POINT ( 'NONE',  ( -2.094318531689000729, 1.099999999999999867, 0.009421060971107999768 ) ) ;
#2202 = CARTESIAN_POINT ( 'NONE',  ( -0.8584801762110000345, 0.8841321585900001612, 0.9000000000000001332 ) ) ;
#2203 = CARTESIAN_POINT ( 'NONE',  ( -1.017400881057184625, -0.4232466960349999807, 0.9000000000000001332 ) ) ;
#2204 = VECTOR ( 'NONE', #4342, 1000.000000000000000 ) ;
#2205 = DIRECTION ( 'NONE',  ( 1.000000000000000000, 0.0000000000000000000, 0.0000000000000000000 ) ) ;
#2206 = CARTESIAN_POINT ( 'NONE',  ( 1.984831372447999787, -1.120403745583970156, 0.9000000000000001332 ) ) ;
#2207 = MECHANICAL_DESIGN_GEOMETRIC_PRESENTATION_REPRESENTATION (  '', ( #3509 ), #2376 ) ;
#2208 = EDGE_CURVE ( 'NONE', #3944, #3787, #2812, .T. ) ;
#2209 = LINE ( 'NONE', #4664, #2581 ) ;
#2210 = CARTESIAN_POINT ( 'NONE',  ( 0.0000000000000000000, 0.0000000000000000000, 0.0000000000000000000 ) ) ;
#2211 = SURFACE_STYLE_USAGE ( .BOTH. , #3534 ) ;
#2212 =( NAMED_UNIT ( * ) PLANE_ANGLE_UNIT ( ) SI_UNIT ( $, .RADIAN. ) );
#2213 = DIRECTION ( 'NONE',  ( -1.000000000000000000, 0.0000000000000000000, 0.0000000000000000000 ) ) ;
#2214 = CIRCLE ( 'NONE', #1955, 0.1000000000000000056 ) ;
#2215 = VERTEX_POINT ( 'NONE', #2350 ) ;
#2216 = DIRECTION ( 'NONE',  ( -0.0000000000000000000, -0.0000000000000000000, -1.000000000000000000 ) ) ;
#2217 = CARTESIAN_POINT ( 'NONE',  ( 2.038273498464999722, 1.100000000000000089, 0.0000000000000000000 ) ) ;
#2218 = DIRECTION ( 'NONE',  ( 0.0000000000000000000, 0.0000000000000000000, 1.000000000000000000 ) ) ;
#2219 = ORIENTED_EDGE ( 'NONE', *, *, #51, .F. ) ;
#2220 = ORIENTED_EDGE ( 'NONE', *, *, #3610, .F. ) ;
#2221 = CARTESIAN_POINT ( 'NONE',  ( -0.8921806167400000431, -0.6462643171809999698, 0.9000000000000001332 ) ) ;
#2222 = CARTESIAN_POINT ( 'NONE',  ( -1.126101321586000070, 0.3436035242289999792, 0.9000000000000001332 ) ) ;
#2223 = ORIENTED_EDGE ( 'NONE', *, *, #5043, .F. ) ;
#2224 = DIRECTION ( 'NONE',  ( -0.0000000000000000000, -1.000000000000000000, 0.0000000000000000000 ) ) ;
#2225 = PRODUCT ( 'User Library-VSSAF5M10 (DO-221AC)', 'User Library-VSSAF5M10 (DO-221AC)', '', ( #4880 ) ) ;
#2226 = ORIENTED_EDGE ( 'NONE', *, *, #726, .F. ) ;
#2227 = ORIENTED_EDGE ( 'NONE', *, *, #2078, .T. ) ;
#2228 = EDGE_CURVE ( 'NONE', #1155, #898, #3185, .T. ) ;
#2229 = CARTESIAN_POINT ( 'NONE',  ( -1.218942731277999902, 0.6915110132159999479, 0.8950000000000000178 ) ) ;
#2230 = FACE_OUTER_BOUND ( 'NONE', #2058, .T. ) ;
#2231 =( LENGTH_UNIT ( ) NAMED_UNIT ( * ) SI_UNIT ( .MILLI., .METRE. ) );
#2232 = CARTESIAN_POINT ( 'NONE',  ( 1.984658422885460016, -1.159165628733000331, 0.8928943887869997820 ) ) ;
#2233 = EDGE_CURVE ( 'NONE', #4032, #4857, #5237, .T. ) ;
#2234 = FILL_AREA_STYLE ('',( #1429 ) ) ;
#2235 = UNCERTAINTY_MEASURE_WITH_UNIT (LENGTH_MEASURE( 1.000000000000000082E-05 ), #73, 'distance_accuracy_value', 'NONE');
#2236 =( NAMED_UNIT ( * ) PLANE_ANGLE_UNIT ( ) SI_UNIT ( $, .RADIAN. ) );
#2237 = EDGE_CURVE ( 'NONE', #1130, #1329, #1513, .T. ) ;
#2238 = ORIENTED_EDGE ( 'NONE', *, *, #1898, .F. ) ;
#2239 = MECHANICAL_DESIGN_GEOMETRIC_PRESENTATION_REPRESENTATION (  '', ( #190 ), #2921 ) ;
#2240 = CARTESIAN_POINT ( 'NONE',  ( -0.5000000000000000000, 0.4146387665200000350, 0.9000000000000001332 ) ) ;
#2241 = CARTESIAN_POINT ( 'NONE',  ( 2.066297724265000024, 1.168125629601310500, 1.587271980519000359E-16 ) ) ;
#2242 = CARTESIAN_POINT ( 'NONE',  ( -0.5310572687219999866, -0.6918590308370000663, 0.9000000000000001332 ) ) ;
#2243 = AXIS2_PLACEMENT_3D ( 'NONE', #3406, #3537, #719 ) ;
#2244 = ORIENTED_EDGE ( 'NONE', *, *, #2336, .F. ) ;
#2245 = ORIENTED_EDGE ( 'NONE', *, *, #3346, .T. ) ;
#2246 = VECTOR ( 'NONE', #4721, 1000.000000000000000 ) ;
#2247 = DIRECTION ( 'NONE',  ( 0.0000000000000000000, 1.000000000000000000, 0.0000000000000000000 ) ) ;
#2248 = ORIENTED_EDGE ( 'NONE', *, *, #3574, .F. ) ;
#2249 = CARTESIAN_POINT ( 'NONE',  ( -0.8594713656389999512, 0.9399691629959999739, 0.8950000000000000178 ) ) ;
#2250 = CARTESIAN_POINT ( 'NONE',  ( -0.5000000000000000000, -0.8025418502200000193, 0.9000000000000001332 ) ) ;
#2251 = ORIENTED_EDGE ( 'NONE', *, *, #922, .F. ) ;
#2252 = VERTEX_POINT ( 'NONE', #4384 ) ;
#2253 = CARTESIAN_POINT ( 'NONE',  ( -0.6430616740090000505, -0.6753392070479999898, 0.8950000000000000178 ) ) ;
#2254 = ADVANCED_FACE ( 'NONE', ( #538 ), #3723, .T. ) ;
#2255 = LINE ( 'NONE', #3167, #4174 ) ;
#2256 = CARTESIAN_POINT ( 'NONE',  ( -1.027312775329999983, 0.9399691629959999739, 0.9000000000000001332 ) ) ;
#2257 = FILL_AREA_STYLE_COLOUR ( '', #2888 ) ;
#2258 = CARTESIAN_POINT ( 'NONE',  ( 1.949999999999999956, -1.134831372447999920, 0.9000000000000001332 ) ) ;
#2259 = CIRCLE ( 'NONE', #2174, 0.1876618719329999629 ) ;
#2260 = EDGE_CURVE ( 'NONE', #1392, #2293, #2936, .T. ) ;
#2261 = CARTESIAN_POINT ( 'NONE',  ( -1.058370044053000170, -0.4242378854630000085, 0.9000000000000001332 ) ) ;
#2262 = CARTESIAN_POINT ( 'NONE',  ( -0.8909691629953333525, -0.8647665198236665907, 0.8950000000000000178 ) ) ;
#2263 = VECTOR ( 'NONE', #4513, 1000.000000000000000 ) ;
#2264 = B_SPLINE_SURFACE_WITH_KNOTS ( 'NONE', 2, 1, ( 
 ( #3036, #4697 ),
 ( #743, #1195 ),
 ( #4420, #1115 ) ),
 .UNSPECIFIED., .F., .F., .F.,
 ( 3, 3 ),
 ( 2, 2 ),
 ( 0.0000000000000000000, 1.000000000000000000 ),
 ( 0.0000000000000000000, 1.000000000000000000 ),
 .UNSPECIFIED. ) ;
#2265 = EDGE_CURVE ( 'NONE', #1680, #3371, #4683, .T. ) ;
#2266 = CARTESIAN_POINT ( 'NONE',  ( 2.038273498464999722, 1.151709418202676360, 0.0000000000000000000 ) ) ;
#2267 = STYLED_ITEM ( 'NONE', ( #5239 ), #2756 ) ;
#2268 = ORIENTED_EDGE ( 'NONE', *, *, #4485, .F. ) ;
#2269 = ORIENTED_EDGE ( 'NONE', *, *, #661, .F. ) ;
#2270 = AXIS2_PLACEMENT_3D ( 'NONE', #1231, #4490, #3593 ) ;
#2271 = EDGE_CURVE ( 'NONE', #71, #3558, #5171, .T. ) ;
#2272 = CARTESIAN_POINT ( 'NONE',  ( -1.218942731277635527, 0.3680528634363534612, 0.9000000000000001332 ) ) ;
#2273 = ORIENTED_EDGE ( 'NONE', *, *, #2909, .F. ) ;
#2274 = CARTESIAN_POINT ( 'NONE',  ( -0.5485682819380000019, -0.8055154185020000357, 0.9000000000000001332 ) ) ;
#2275 = VECTOR ( 'NONE', #1224, 1000.000000000000000 ) ;
#2276 = FILL_AREA_STYLE ('',( #142 ) ) ;
#2277 = ORIENTED_EDGE ( 'NONE', *, *, #2063, .T. ) ;
#2278 = ORIENTED_EDGE ( 'NONE', *, *, #2403, .F. ) ;
#2279 = AXIS2_PLACEMENT_3D ( 'NONE', #2092, #3333, #4150 ) ;
#2280 = CARTESIAN_POINT ( 'NONE',  ( -0.9460352422910000003, -0.8250088105730000176, 0.9000000000000001332 ) ) ;
#2281 = DIRECTION ( 'NONE',  ( 0.0000000000000000000, -1.000000000000000000, -0.0000000000000000000 ) ) ;
#2282 =( NAMED_UNIT ( * ) SI_UNIT ( $, .STERADIAN. ) SOLID_ANGLE_UNIT ( ) );
#2283 = CARTESIAN_POINT ( 'NONE',  ( -2.059884094153416445, -1.100000000000000311, 0.8110431526110517542 ) ) ;
#2284 = CARTESIAN_POINT ( 'NONE',  ( -0.5661894273130000377, -0.8925198237886666774, 0.9000000000000001332 ) ) ;
#2285 = COLOUR_RGB ( '',0.0000000000000000000, 0.0000000000000000000, 0.0000000000000000000 ) ;
#2286 = AXIS2_PLACEMENT_3D ( 'NONE', #2681, #3846, #3902 ) ;
#2287 = CARTESIAN_POINT ( 'NONE',  ( -2.137661871933000057, -1.100000000000000089, 0.1110431526069999980 ) ) ;
#2288 = APPLICATION_PROTOCOL_DEFINITION ( 'draft international standard', 'automotive_design', 1998, #3847 ) ;
#2289 = SURFACE_STYLE_FILL_AREA ( #2234 ) ;
#2290 = UNCERTAINTY_MEASURE_WITH_UNIT (LENGTH_MEASURE( 1.000000000000000082E-05 ), #2306, 'distance_accuracy_value', 'NONE');
#2291 = CARTESIAN_POINT ( 'NONE',  ( -0.6853524229073333363, 0.6775242290746666951, 0.8950000000000000178 ) ) ;
#2292 = LINE ( 'NONE', #2982, #3871 ) ;
#2293 = VERTEX_POINT ( 'NONE', #2908 ) ;
#2294 = MECHANICAL_DESIGN_GEOMETRIC_PRESENTATION_REPRESENTATION (  '', ( #4884 ), #919 ) ;
#2295 = ADVANCED_FACE ( 'NONE', ( #485 ), #5145, .T. ) ;
#2296 = SURFACE_STYLE_USAGE ( .BOTH. , #4355 ) ;
#2297 = CARTESIAN_POINT ( 'NONE',  ( 2.094318531688999840, 1.184539838561645020, 0.009421060971106998833 ) ) ;
#2298 = DIRECTION ( 'NONE',  ( -1.000000000000000000, 0.0000000000000000000, -0.0000000000000000000 ) ) ;
#2299 = UNCERTAINTY_MEASURE_WITH_UNIT (LENGTH_MEASURE( 1.000000000000000082E-05 ), #1756, 'distance_accuracy_value', 'NONE');
#2300 = SURFACE_STYLE_USAGE ( .BOTH. , #3098 ) ;
#2301 = ORIENTED_EDGE ( 'NONE', *, *, #1729, .F. ) ;
#2302 = EDGE_CURVE ( 'NONE', #4330, #2339, #4200, .T. ) ;
#2303 = CYLINDRICAL_SURFACE ( 'NONE', #49, 0.1000000000000000056 ) ;
#2304 = ORIENTED_EDGE ( 'NONE', *, *, #3803, .F. ) ;
#2305 = CARTESIAN_POINT ( 'NONE',  ( -1.126101321586000070, 0.3436035242289999792, 0.9000000000000001332 ) ) ;
#2306 =( LENGTH_UNIT ( ) NAMED_UNIT ( * ) SI_UNIT ( .MILLI., .METRE. ) );
#2307 = ORIENTED_EDGE ( 'NONE', *, *, #565, .T. ) ;
#2308 = EDGE_CURVE ( 'NONE', #4633, #3907, #3802, .T. ) ;
#2309 = CARTESIAN_POINT ( 'NONE',  ( -0.9460352422910000003, -0.8250088105730000176, 0.9000000000000001332 ) ) ;
#2310 = LINE ( 'NONE', #198, #1746 ) ;
#2311 = CARTESIAN_POINT ( 'NONE',  ( -0.5000000000000000000, -0.4761101321589999991, 0.9000000000000001332 ) ) ;
#2312 = CARTESIAN_POINT ( 'NONE',  ( -0.8588105726870000067, -0.6918590308370000663, 0.8950000000000000178 ) ) ;
#2313 = CARTESIAN_POINT ( 'NONE',  ( -0.9503303964760000389, -0.6898766519819999887, 0.8950000000000000178 ) ) ;
#2314 = CARTESIAN_POINT ( 'NONE',  ( -1.126101321586000070, 0.3436035242289999792, 0.8950000000000000178 ) ) ;
#2315 = CARTESIAN_POINT ( 'NONE',  ( -0.8584801762110000345, 0.8841321585900001612, 0.9000000000000001332 ) ) ;
#2316 = DIRECTION ( 'NONE',  ( -0.0000000000000000000, -0.0000000000000000000, -1.000000000000000000 ) ) ;
#2317 = CARTESIAN_POINT ( 'NONE',  ( -0.5591409691630000456, -0.8715947136560000530, 0.8950000000000000178 ) ) ;
#2318 = CARTESIAN_POINT ( 'NONE',  ( -0.5310572687219999866, -0.6918590308370000663, 0.8950000000000000178 ) ) ;
#2319 = ADVANCED_FACE ( 'NONE', ( #108 ), #3948, .T. ) ;
#2320 = ORIENTED_EDGE ( 'NONE', *, *, #2851, .F. ) ;
#2321 = B_SPLINE_CURVE_WITH_KNOTS ( 'NONE', 3,
 ( #3112, #4240, #2599, #199 ),
 .UNSPECIFIED., .F., .F.,
 ( 4, 4 ),
 ( 0.0000000000000000000, 1.000000000000000000 ),
 .UNSPECIFIED. ) ;
#2322 = CARTESIAN_POINT ( 'NONE',  ( -0.5000000000000000000, -1.099999999999999878E-16, 0.9000000000000001332 ) ) ;
#2323 = CARTESIAN_POINT ( 'NONE',  ( -0.8783039647579999887, -0.8947224669600000180, 0.9000000000000001332 ) ) ;
#2324 = EDGE_CURVE ( 'NONE', #4595, #71, #3401, .T. ) ;
#2325 = PRESENTATION_LAYER_ASSIGNMENT (  '', '', ( #5251 ) ) ;
#2326 = ORIENTED_EDGE ( 'NONE', *, *, #370, .F. ) ;
#2327 = VERTEX_POINT ( 'NONE', #3856 ) ;
#2328 = ORIENTED_EDGE ( 'NONE', *, *, #27, .T. ) ;
#2329 = VECTOR ( 'NONE', #448, 1000.000000000000000 ) ;
#2330 = CARTESIAN_POINT ( 'NONE',  ( -0.6866740088110000473, -0.6594801762109999688, 0.8950000000000000178 ) ) ;
#2331 = EDGE_CURVE ( 'NONE', #2994, #4646, #1003, .T. ) ;
#2332 = CARTESIAN_POINT ( 'NONE',  ( -0.5997797356830000259, -0.6908678414100000165, 0.9000000000000001332 ) ) ;
#2333 = B_SPLINE_CURVE_WITH_KNOTS ( 'NONE', 2,
 ( #1319, #4587, #3689 ),
 .UNSPECIFIED., .F., .F.,
 ( 3, 3 ),
 ( 0.0000000000000000000, 1.000000000000000000 ),
 .UNSPECIFIED. ) ;
#2334 = DIRECTION ( 'NONE',  ( -1.000000000000000000, -0.0000000000000000000, -0.0000000000000000000 ) ) ;
#2335 = ITEM_DEFINED_TRANSFORMATION ( 'NONE', 'NONE', #1693,  #4956 ) ;
#2336 = EDGE_CURVE ( 'NONE', #3924, #351, #1805, .T. ) ;
#2337 = CARTESIAN_POINT ( 'NONE',  ( -0.5911894273129999489, -0.7015506607930001026, 0.9000000000000001332 ) ) ;
#2338 = DIRECTION ( 'NONE',  ( -1.000000000000000000, 0.0000000000000000000, 0.0000000000000000000 ) ) ;
#2339 = VERTEX_POINT ( 'NONE', #240 ) ;
#2340 = CARTESIAN_POINT ( 'NONE',  ( -1.133370044052999903, -0.4272114537439999915, 0.9000000000000001332 ) ) ;
#2341 = CARTESIAN_POINT ( 'NONE',  ( 1.949999999999999956, -1.100000000000000089, 0.8110431526233696786 ) ) ;
#2342 = CARTESIAN_POINT ( 'NONE',  ( 2.009165628733000197, 1.134658422885460594, 0.8928943887869998930 ) ) ;
#2343 = UNCERTAINTY_MEASURE_WITH_UNIT (LENGTH_MEASURE( 1.000000000000000082E-05 ), #569, 'distance_accuracy_value', 'NONE');
#2344 = CARTESIAN_POINT ( 'NONE',  ( -1.133370044052999903, -0.4242378854630000085, 0.9000000000000001332 ) ) ;
#2345 =( GEOMETRIC_REPRESENTATION_CONTEXT ( 3 ) GLOBAL_UNCERTAINTY_ASSIGNED_CONTEXT ( ( #477 ) ) GLOBAL_UNIT_ASSIGNED_CONTEXT ( ( #3020, #3462, #3433 ) ) REPRESENTATION_CONTEXT ( 'NONE', 'WORKASPACE' ) );
#2346 = ORIENTED_EDGE ( 'NONE', *, *, #1710, .T. ) ;
#2347 = ORIENTED_EDGE ( 'NONE', *, *, #701, .F. ) ;
#2348 = VECTOR ( 'NONE', #3700, 1000.000000000000000 ) ;
#2349 = CARTESIAN_POINT ( 'NONE',  ( -1.102312775329999939, 0.3191541850219999921, 0.8950000000000000178 ) ) ;
#2350 = CARTESIAN_POINT ( 'NONE',  ( 2.038273498465000166, -1.099999999999999867, 2.775557561562800216E-18 ) ) ;
#2351 = ORIENTED_EDGE ( 'NONE', *, *, #1675, .F. ) ;
#2352 = FILL_AREA_STYLE ('',( #1075 ) ) ;
#2353 = VERTEX_POINT ( 'NONE', #3880 ) ;
#2354 =( GEOMETRIC_REPRESENTATION_CONTEXT ( 3 ) GLOBAL_UNCERTAINTY_ASSIGNED_CONTEXT ( ( #272 ) ) GLOBAL_UNIT_ASSIGNED_CONTEXT ( ( #4761, #4315, #3867 ) ) REPRESENTATION_CONTEXT ( 'NONE', 'WORKASPACE' ) );
#2355 = ORIENTED_EDGE ( 'NONE', *, *, #3301, .F. ) ;
#2356 = ADVANCED_FACE ( 'NONE', ( #563 ), #4422, .T. ) ;
#2357 = CARTESIAN_POINT ( 'NONE',  ( 1.960495720687000176, 1.100000000000000089, 0.8000000000000000444 ) ) ;
#2358 = CARTESIAN_POINT ( 'NONE',  ( 1.949999999999999956, 1.110495720687000087, 0.8000000000000000444 ) ) ;
#2359 = CARTESIAN_POINT ( 'NONE',  ( -1.123458149780000026, 0.6518634361230000174, 0.8950000000000000178 ) ) ;
#2360 = CARTESIAN_POINT ( 'NONE',  ( 2.048645549564247492, -1.268398486594999763, 0.02828470682495000388 ) ) ;
#2361 = AXIS2_PLACEMENT_3D ( 'NONE', #3587, #5226, #4860 ) ;
#2362 = ADVANCED_FACE ( 'NONE', ( #670 ), #4358, .F. ) ;
#2363 =( NAMED_UNIT ( * ) PLANE_ANGLE_UNIT ( ) SI_UNIT ( $, .RADIAN. ) );
#2364 = LINE ( 'NONE', #3200, #3824 ) ;
#2365 =( GEOMETRIC_REPRESENTATION_CONTEXT ( 3 ) GLOBAL_UNCERTAINTY_ASSIGNED_CONTEXT ( ( #3421 ) ) GLOBAL_UNIT_ASSIGNED_CONTEXT ( ( #5082, #2571, #2282 ) ) REPRESENTATION_CONTEXT ( 'NONE', 'WORKASPACE' ) );
#2366 = CARTESIAN_POINT ( 'NONE',  ( -1.960495720687000176, -1.100000000000000089, 0.9000000000000001332 ) ) ;
#2367 = FACE_OUTER_BOUND ( 'NONE', #4354, .T. ) ;
#2368 = ADVANCED_FACE ( 'NONE', ( #4671 ), #5102, .T. ) ;
#2369 = AXIS2_PLACEMENT_3D ( 'NONE', #3378, #5024, #518 ) ;
#2370 = CARTESIAN_POINT ( 'NONE',  ( -1.949999999999999956, -1.188273498465000300, 3.978158805343200339E-32 ) ) ;
#2371 = DIRECTION ( 'NONE',  ( 2.199999999999999757E-16, -1.000000000000000000, 0.0000000000000000000 ) ) ;
#2372 = CARTESIAN_POINT ( 'NONE',  ( -0.5000000000000000000, 0.7787356828189999636, 0.8950000000000000178 ) ) ;
#2373 = CARTESIAN_POINT ( 'NONE',  ( 4.999999999999999895E-17, 0.6750000000000000444, 0.0000000000000000000 ) ) ;
#2374 = PRESENTATION_LAYER_ASSIGNMENT (  '', '', ( #846 ) ) ;
#2375 = ORIENTED_EDGE ( 'NONE', *, *, #638, .F. ) ;
#2376 =( GEOMETRIC_REPRESENTATION_CONTEXT ( 3 ) GLOBAL_UNCERTAINTY_ASSIGNED_CONTEXT ( ( #4396 ) ) GLOBAL_UNIT_ASSIGNED_CONTEXT ( ( #3053, #168, #1341 ) ) REPRESENTATION_CONTEXT ( 'NONE', 'WORKASPACE' ) );
#2377 = DIRECTION ( 'NONE',  ( 0.0000000000000000000, 0.0000000000000000000, 1.000000000000000000 ) ) ;
#2378 = CARTESIAN_POINT ( 'NONE',  ( -0.7861233480176667010, 0.9399691629959999739, 0.9000000000000001332 ) ) ;
#2379 = ORIENTED_EDGE ( 'NONE', *, *, #1084, .F. ) ;
#2380 = DIRECTION ( 'NONE',  ( 1.000000000000000000, 2.199999999999999757E-16, 0.0000000000000000000 ) ) ;
#2381 = ORIENTED_EDGE ( 'NONE', *, *, #2455, .T. ) ;
#2382 = STYLED_ITEM ( 'NONE', ( #1358 ), #5071 ) ;
#2383 = VERTEX_POINT ( 'NONE', #590 ) ;
#2384 =( NAMED_UNIT ( * ) PLANE_ANGLE_UNIT ( ) SI_UNIT ( $, .RADIAN. ) );
#2385 = ADVANCED_FACE ( 'NONE', ( #4700 ), #3654, .T. ) ;
#2386 = CARTESIAN_POINT ( 'NONE',  ( 2.140756629955000268, -1.099999999999999423, 0.08319033040855999817 ) ) ;
#2387 = FACE_OUTER_BOUND ( 'NONE', #1104, .T. ) ;
#2388 = CARTESIAN_POINT ( 'NONE',  ( -0.9503303964760000389, -0.6898766519819999887, 0.9000000000000001332 ) ) ;
#2389 = CARTESIAN_POINT ( 'NONE',  ( -2.047447250525999962, -1.157083277742162020, 0.8586306990930000493 ) ) ;
#2390 = CARTESIAN_POINT ( 'NONE',  ( -1.137334801761999969, 0.3538458149779999951, 0.8950000000000000178 ) ) ;
#2391 = ORIENTED_EDGE ( 'NONE', *, *, #342, .T. ) ;
#2392 = DIRECTION ( 'NONE',  ( 0.0000000000000000000, -0.0000000000000000000, -1.000000000000000000 ) ) ;
#2393 = LINE ( 'NONE', #1998, #764 ) ;
#2394 = CARTESIAN_POINT ( 'NONE',  ( -0.8588105726870000067, -0.6918590308370000663, 0.9000000000000001332 ) ) ;
#2395 = CARTESIAN_POINT ( 'NONE',  ( 1.950000000000000178, 1.180914104466000314, 0.8786759966330001115 ) ) ;
#2396 = EDGE_CURVE ( 'NONE', #1659, #3262, #4160, .T. ) ;
#2397 = PRESENTATION_STYLE_ASSIGNMENT (( #3670 ) ) ;
#2398 = VERTEX_POINT ( 'NONE', #270 ) ;
#2399 = ORIENTED_EDGE ( 'NONE', *, *, #3657, .T. ) ;
#2400 = B_SPLINE_CURVE_WITH_KNOTS ( 'NONE', 3,
 ( #2274, #1047, #2672, #2781 ),
 .UNSPECIFIED., .F., .F.,
 ( 4, 4 ),
 ( 0.0000000000000000000, 1.000000000000000000 ),
 .UNSPECIFIED. ) ;
#2401 = CARTESIAN_POINT ( 'NONE',  ( -0.5000000000000000000, -0.7364625550660000020, 0.9000000000000001332 ) ) ;
#2402 = CARTESIAN_POINT ( 'NONE',  ( -0.6153083700443333637, 0.9137577092509999721, 0.9000000000000001332 ) ) ;
#2403 = EDGE_CURVE ( 'NONE', #5149, #1234, #2913, .T. ) ;
#2404 = VERTEX_POINT ( 'NONE', #5282 ) ;
#2405 = DIRECTION ( 'NONE',  ( 0.0000000000000000000, -1.000000000000000000, 0.0000000000000000000 ) ) ;
#2406 = ORIENTED_EDGE ( 'NONE', *, *, #4928, .F. ) ;
#2407 = EDGE_LOOP ( 'NONE', ( #3303, #4287, #56, #1342 ) ) ;
#2408 = VECTOR ( 'NONE', #1088, 1000.000000000000114 ) ;
#2409 = CARTESIAN_POINT ( 'NONE',  ( -0.8951541850219999485, -0.8471453744490000659, 0.9000000000000001332 ) ) ;
#2410 = DIRECTION ( 'NONE',  ( -2.199999999999999757E-16, 1.000000000000000000, 0.0000000000000000000 ) ) ;
#2411 =( NAMED_UNIT ( * ) PLANE_ANGLE_UNIT ( ) SI_UNIT ( $, .RADIAN. ) );
#2412 = ORIENTED_EDGE ( 'NONE', *, *, #2549, .F. ) ;
#2413 = CARTESIAN_POINT ( 'NONE',  ( 1.649999999999999911, -0.6750000000000000444, 0.0000000000000000000 ) ) ;
#2414 = VECTOR ( 'NONE', #1624, 1000.000000000000000 ) ;
#2415 = CARTESIAN_POINT ( 'NONE',  ( 2.137661871932517332, -1.100000000000000089, 0.1110431526072297170 ) ) ;
#2416 = CARTESIAN_POINT ( 'NONE',  ( -2.059884094155000511, -1.100000000000000089, 0.8110431526069999952 ) ) ;
#2417 = DIRECTION ( 'NONE',  ( -0.0000000000000000000, -0.0000000000000000000, -1.000000000000000000 ) ) ;
#2418 = ORIENTED_EDGE ( 'NONE', *, *, #4051, .T. ) ;
#2419 = EDGE_CURVE ( 'NONE', #4634, #144, #58, .T. ) ;
#2420 = CARTESIAN_POINT ( 'NONE',  ( -0.6688325991189999487, 0.9241101321590000639, 0.8950000000000000178 ) ) ;
#2421 = CARTESIAN_POINT ( 'NONE',  ( -0.5000000000000000000, 0.01221585903083999801, 0.9000000000000001332 ) ) ;
#2422 = CARTESIAN_POINT ( 'NONE',  ( -2.137661871932630131, -1.100000000000000089, 0.1110431526069589059 ) ) ;
#2423 = CARTESIAN_POINT ( 'NONE',  ( 2.047447250525999962, 1.100000000000000089, 0.8586306990930000493 ) ) ;
#2424 = CARTESIAN_POINT ( 'NONE',  ( -2.138273498465000255, 0.6750000000000000444, 0.1000000000000000056 ) ) ;
#2425 = ORIENTED_EDGE ( 'NONE', *, *, #1806, .F. ) ;
#2426 = ORIENTED_EDGE ( 'NONE', *, *, #757, .T. ) ;
#2427 = EDGE_CURVE ( 'NONE', #2483, #617, #1382, .T. ) ;
#2428 = DIRECTION ( 'NONE',  ( -0.0000000000000000000, 0.0000000000000000000, 1.000000000000000000 ) ) ;
#2429 = DIRECTION ( 'NONE',  ( -0.9585473496477049382, 0.2849332877769122363, 0.0000000000000000000 ) ) ;
#2430 = CARTESIAN_POINT ( 'NONE',  ( 1.999357885408042268, -1.188273498465000078, 0.0000000000000000000 ) ) ;
#2431 = CARTESIAN_POINT ( 'NONE',  ( 2.038273498465000166, 1.149357885408028634, 0.0000000000000000000 ) ) ;
#2432 = ORIENTED_EDGE ( 'NONE', *, *, #958, .T. ) ;
#2433 = ORIENTED_EDGE ( 'NONE', *, *, #4616, .F. ) ;
#2434 = COLOUR_RGB ( '',0.0000000000000000000, 0.0000000000000000000, 0.0000000000000000000 ) ;
#2435 = EDGE_CURVE ( 'NONE', #837, #4438, #2946, .T. ) ;
#2436 = SURFACE_SIDE_STYLE ('',( #4467 ) ) ;
#2437 = SURFACE_STYLE_USAGE ( .BOTH. , #4443 ) ;
#2438 = DIRECTION ( 'NONE',  ( -0.0000000000000000000, -0.0000000000000000000, -1.000000000000000000 ) ) ;
#2439 = STYLED_ITEM ( 'NONE', ( #1216 ), #2891 ) ;
#2440 = PLANE ( 'NONE',  #1948 ) ;
#2441 = ORIENTED_EDGE ( 'NONE', *, *, #4778, .F. ) ;
#2442 = VECTOR ( 'NONE', #2459, 1000.000000000000114 ) ;
#2443 = CARTESIAN_POINT ( 'NONE',  ( -2.140756629954999823, -1.100000000000000089, 0.08319033040855999817 ) ) ;
#2444 = DIRECTION ( 'NONE',  ( -0.0000000000000000000, -0.0000000000000000000, 1.000000000000000000 ) ) ;
#2445 = B_SPLINE_SURFACE_WITH_KNOTS ( 'NONE', 2, 1, ( 
 ( #1187, #736 ),
 ( #1614, #4125 ),
 ( #1158, #4923 ) ),
 .UNSPECIFIED., .F., .F., .F.,
 ( 3, 3 ),
 ( 2, 2 ),
 ( 0.0000000000000000000, 1.000000000000000000 ),
 ( 0.0000000000000000000, 1.000000000000000000 ),
 .UNSPECIFIED. ) ;
#2446 = CARTESIAN_POINT ( 'NONE',  ( -1.984658422885460460, -1.159165628733000775, 0.8928943887870000040 ) ) ;
#2447 = CARTESIAN_POINT ( 'NONE',  ( 4.999999999999999895E-17, 0.6750000000000000444, 0.0000000000000000000 ) ) ;
#2448 =( GEOMETRIC_REPRESENTATION_CONTEXT ( 3 ) GLOBAL_UNCERTAINTY_ASSIGNED_CONTEXT ( ( #2715 ) ) GLOBAL_UNIT_ASSIGNED_CONTEXT ( ( #1163, #4854, #5190 ) ) REPRESENTATION_CONTEXT ( 'NONE', 'WORKASPACE' ) );
#2449 = ORIENTED_EDGE ( 'NONE', *, *, #2828, .F. ) ;
#2450 = CARTESIAN_POINT ( 'NONE',  ( -0.8574889867839999846, 0.6122158590309999537, 0.9000000000000001332 ) ) ;
#2451 = CARTESIAN_POINT ( 'NONE',  ( -1.550000000000000266, 1.110495720687000087, 0.8950000000000000178 ) ) ;
#2452 = CARTESIAN_POINT ( 'NONE',  ( -0.7494493392069999649, 0.9399691629959999739, 0.8950000000000000178 ) ) ;
#2453 = UNCERTAINTY_MEASURE_WITH_UNIT (LENGTH_MEASURE( 1.000000000000000082E-05 ), #3872, 'distance_accuracy_value', 'NONE');
#2454 = FILL_AREA_STYLE_COLOUR ( '', #5245 ) ;
#2455 = EDGE_CURVE ( 'NONE', #1607, #797, #3238, .T. ) ;
#2456 = ORIENTED_EDGE ( 'NONE', *, *, #1226, .F. ) ;
#2457 = VECTOR ( 'NONE', #3022, 1000.000000000000000 ) ;
#2458 = ORIENTED_EDGE ( 'NONE', *, *, #4685, .F. ) ;
#2459 = DIRECTION ( 'NONE',  ( -0.1104315260749562794, -0.0000000000000000000, 0.9938837346736066891 ) ) ;
#2460 = SURFACE_STYLE_FILL_AREA ( #833 ) ;
#2461 = AXIS2_PLACEMENT_3D ( 'NONE', #1621, #717, #1165 ) ;
#2462 = ORIENTED_EDGE ( 'NONE', *, *, #3424, .F. ) ;
#2463 = EDGE_CURVE ( 'NONE', #3914, #4595, #3439, .T. ) ;
#2464 = ORIENTED_EDGE ( 'NONE', *, *, #3816, .F. ) ;
#2465 = ORIENTED_EDGE ( 'NONE', *, *, #4218, .T. ) ;
#2466 = VECTOR ( 'NONE', #2790, 1000.000000000000000 ) ;
#2467 = CARTESIAN_POINT ( 'NONE',  ( -0.7898678414096665934, -0.6594801762109999688, 0.8950000000000000178 ) ) ;
#2468 = CARTESIAN_POINT ( 'NONE',  ( -0.9020237261839999521, 0.3669990901690000085, 0.8950000000000000178 ) ) ;
#2469 = CARTESIAN_POINT ( 'NONE',  ( -0.5000000000000000000, 0.01221585903083999627, 0.8950000000000000178 ) ) ;
#2470 = MECHANICAL_DESIGN_GEOMETRIC_PRESENTATION_REPRESENTATION (  '', ( #3760 ), #3589 ) ;
#2471 = EDGE_CURVE ( 'NONE', #3467, #2353, #3957, .T. ) ;
#2472 = ORIENTED_EDGE ( 'NONE', *, *, #2042, .F. ) ;
#2473 = B_SPLINE_CURVE_WITH_KNOTS ( 'NONE', 3,
 ( #3511, #4322, #4746, #2180 ),
 .UNSPECIFIED., .F., .F.,
 ( 4, 4 ),
 ( 0.0000000000000000000, 1.000000000000000000 ),
 .UNSPECIFIED. ) ;
#2474 = CARTESIAN_POINT ( 'NONE',  ( -2.048645549564247048, -1.268398486594999763, 0.02828470682495000388 ) ) ;
#2475 = FACE_OUTER_BOUND ( 'NONE', #928, .T. ) ;
#2476 = CARTESIAN_POINT ( 'NONE',  ( -0.5485682819380000019, -0.7546343612329999839, 0.9000000000000001332 ) ) ;
#2477 = CARTESIAN_POINT ( 'NONE',  ( 1.956148250831564628, 1.110495720687000309, 0.9000000000000000222 ) ) ;
#2478 = CARTESIAN_POINT ( 'NONE',  ( -1.649999999999999911, -0.6750000000000000444, 0.1499999999999999944 ) ) ;
#2479 = CARTESIAN_POINT ( 'NONE',  ( -0.9503303964760000389, -0.7771013215859999823, 0.9000000000000001332 ) ) ;
#2480 = FILL_AREA_STYLE_COLOUR ( '', #4950 ) ;
#2481 = CARTESIAN_POINT ( 'NONE',  ( -0.5862334801759999658, 0.6538458149779999840, 0.8950000000000000178 ) ) ;
#2482 = CARTESIAN_POINT ( 'NONE',  ( -1.218942731278005898, -0.8967048458150792545, 0.9000000000000001332 ) ) ;
#2483 = VERTEX_POINT ( 'NONE', #349 ) ;
#2484 = ORIENTED_EDGE ( 'NONE', *, *, #1443, .T. ) ;
#2485 = EDGE_CURVE ( 'NONE', #1098, #4411, #2000, .T. ) ;
#2486 = CARTESIAN_POINT ( 'NONE',  ( -0.5000000000000000000, 0.06706167400881016261, 0.9000000000000001332 ) ) ;
#2487 = PRESENTATION_STYLE_ASSIGNMENT (( #2889 ) ) ;
#2488 = ORIENTED_EDGE ( 'NONE', *, *, #4735, .T. ) ;
#2489 = EDGE_CURVE ( 'NONE', #3150, #1607, #915, .T. ) ;
#2490 = CARTESIAN_POINT ( 'NONE',  ( -1.147246696035000069, 0.3617753303960000166, 0.8950000000000000178 ) ) ;
#2491 = COLOUR_RGB ( '',0.0000000000000000000, 0.0000000000000000000, 0.0000000000000000000 ) ;
#2492 = CARTESIAN_POINT ( 'NONE',  ( -0.8888766519820000545, -0.8735770925110000196, 0.9000000000000001332 ) ) ;
#2493 =( NAMED_UNIT ( * ) SI_UNIT ( $, .STERADIAN. ) SOLID_ANGLE_UNIT ( ) );
#2494 = ORIENTED_EDGE ( 'NONE', *, *, #1792, .T. ) ;
#2495 = ADVANCED_FACE ( 'NONE', ( #3764 ), #4640, .T. ) ;
#2496 = CARTESIAN_POINT ( 'NONE',  ( -2.118398486595000740, 1.198645549564247403, 0.02828470682495000388 ) ) ;
#2497 = DIRECTION ( 'NONE',  ( 2.199999999999999757E-16, -1.000000000000000000, 0.0000000000000000000 ) ) ;
#2498 = CARTESIAN_POINT ( 'NONE',  ( -1.087775330396000051, 0.6944845814980000753, 0.8950000000000000178 ) ) ;
#2499 = VECTOR ( 'NONE', #5234, 1000.000000000000000 ) ;
#2500 =( NAMED_UNIT ( * ) PLANE_ANGLE_UNIT ( ) SI_UNIT ( $, .RADIAN. ) );
#2501 = EDGE_CURVE ( 'NONE', #2339, #482, #120, .T. ) ;
#2502 =( GEOMETRIC_REPRESENTATION_CONTEXT ( 3 ) GLOBAL_UNCERTAINTY_ASSIGNED_CONTEXT ( ( #1486 ) ) GLOBAL_UNIT_ASSIGNED_CONTEXT ( ( #3633, #4129, #2596 ) ) REPRESENTATION_CONTEXT ( 'NONE', 'WORKASPACE' ) );
#2503 = VECTOR ( 'NONE', #4890, 1000.000000000000000 ) ;
#2504 = B_SPLINE_CURVE_WITH_KNOTS ( 'NONE', 3,
 ( #1180, #4521, #2430, #3246 ),
 .UNSPECIFIED., .F., .F.,
 ( 4, 4 ),
 ( 0.0000000000000000000, 1.000000000000000000 ),
 .UNSPECIFIED. ) ;
#2505 = CARTESIAN_POINT ( 'NONE',  ( -1.071255506607532659, 0.2157400881055150377, 0.8950000000000000178 ) ) ;
#2506 = LINE ( 'NONE', #4164, #1845 ) ;
#2507 = UNCERTAINTY_MEASURE_WITH_UNIT (LENGTH_MEASURE( 1.000000000000000082E-05 ), #3599, 'distance_accuracy_value', 'NONE');
#2508 = FILL_AREA_STYLE ('',( #3717 ) ) ;
#2509 = DIRECTION ( 'NONE',  ( 0.0000000000000000000, 0.0000000000000000000, 1.000000000000000000 ) ) ;
#2510 = ORIENTED_EDGE ( 'NONE', *, *, #5182, .T. ) ;
#2511 = ORIENTED_EDGE ( 'NONE', *, *, #1618, .F. ) ;
#2512 = PRESENTATION_STYLE_ASSIGNMENT (( #1706 ) ) ;
#2513 = CARTESIAN_POINT ( 'NONE',  ( -0.5517621145373332592, -0.6621233480176667019, 0.9000000000000001332 ) ) ;
#2514 = VERTEX_POINT ( 'NONE', #575 ) ;
#2515 =( LENGTH_UNIT ( ) NAMED_UNIT ( * ) SI_UNIT ( .MILLI., .METRE. ) );
#2516 = DIRECTION ( 'NONE',  ( -2.199999999999999757E-16, 1.000000000000000000, 0.0000000000000000000 ) ) ;
#2517 = CARTESIAN_POINT ( 'NONE',  ( -0.5000000000000000000, -0.4232466960349998697, 0.9000000000000001332 ) ) ;
#2518 = PRESENTATION_STYLE_ASSIGNMENT (( #910 ) ) ;
#2519 = ORIENTED_EDGE ( 'NONE', *, *, #885, .F. ) ;
#2520 = STYLED_ITEM ( 'NONE', ( #1360 ), #2385 ) ;
#2521 = EDGE_CURVE ( 'NONE', #3262, #2983, #4612, .T. ) ;
#2522 = CARTESIAN_POINT ( 'NONE',  ( -1.950000000000000178, 1.268398486595000429, 0.02828470682495000388 ) ) ;
#2523 =( GEOMETRIC_REPRESENTATION_CONTEXT ( 3 ) GLOBAL_UNCERTAINTY_ASSIGNED_CONTEXT ( ( #3971 ) ) GLOBAL_UNIT_ASSIGNED_CONTEXT ( ( #5023, #2195, #167 ) ) REPRESENTATION_CONTEXT ( 'NONE', 'WORKASPACE' ) );
#2524 = CARTESIAN_POINT ( 'NONE',  ( -1.114207048458000004, 0.3597929515419999724, 0.9000000000000001332 ) ) ;
#2525 = DIRECTION ( 'NONE',  ( 0.0000000000000000000, 0.0000000000000000000, -1.000000000000000000 ) ) ;
#2526 = CARTESIAN_POINT ( 'NONE',  ( -0.8574889867839999846, 0.6122158590309999537, 0.9000000000000001332 ) ) ;
#2527 = EDGE_CURVE ( 'NONE', #3974, #194, #648, .T. ) ;
#2528 = VECTOR ( 'NONE', #2699, 1000.000000000000000 ) ;
#2529 = CARTESIAN_POINT ( 'NONE',  ( -0.5075991189430000272, -0.8725859030839999697, 0.8950000000000000178 ) ) ;
#2530 = DIRECTION ( 'NONE',  ( 1.000000000000000000, 0.0000000000000000000, 0.0000000000000000000 ) ) ;
#2531 = COLOUR_RGB ( '',0.0000000000000000000, 0.0000000000000000000, 0.0000000000000000000 ) ;
#2532 = CARTESIAN_POINT ( 'NONE',  ( -0.6430616740090000505, -0.6753392070479999898, 0.9000000000000001332 ) ) ;
#2533 = EDGE_CURVE ( 'NONE', #1549, #3547, #2978, .T. ) ;
#2534 = ORIENTED_EDGE ( 'NONE', *, *, #1832, .T. ) ;
#2535 = VERTEX_POINT ( 'NONE', #5058 ) ;
#2536 =( NAMED_UNIT ( * ) PLANE_ANGLE_UNIT ( ) SI_UNIT ( $, .RADIAN. ) );
#2537 = CARTESIAN_POINT ( 'NONE',  ( -0.6166299559469999858, -0.6251189427309999935, 0.9000000000000001332 ) ) ;
#2538 = CARTESIAN_POINT ( 'NONE',  ( 1.949999999999999956, 1.110495720687000087, 0.9000000000000001332 ) ) ;
#2539 = AXIS2_PLACEMENT_3D ( 'NONE', #2107, #896, #2957 ) ;
#2540 = EDGE_LOOP ( 'NONE', ( #1816, #3218, #732, #1726 ) ) ;
#2541 = AXIS2_PLACEMENT_3D ( 'NONE', #855, #4165, #2903 ) ;
#2542 = CARTESIAN_POINT ( 'NONE',  ( -0.5809471365639999885, -0.2068370044049999967, 0.9000000000000001332 ) ) ;
#2543 = FILL_AREA_STYLE ('',( #909 ) ) ;
#2544 = ORIENTED_EDGE ( 'NONE', *, *, #5250, .T. ) ;
#2545 = MECHANICAL_DESIGN_GEOMETRIC_PRESENTATION_REPRESENTATION (  '', ( #1008 ), #1520 ) ;
#2546 = ORIENTED_EDGE ( 'NONE', *, *, #1806, .T. ) ;
#2547 = CIRCLE ( 'NONE', #3151, 0.1000000000000000472 ) ;
#2548 = CARTESIAN_POINT ( 'NONE',  ( -2.048645549564247492, 1.268398486594999985, 0.02828470682495000388 ) ) ;
#2549 = EDGE_CURVE ( 'NONE', #1289, #3756, #3, .T. ) ;
#2550 = CARTESIAN_POINT ( 'NONE',  ( -0.8594713656389999512, 0.9399691629959999739, 0.9000000000000001332 ) ) ;
#2551 = CARTESIAN_POINT ( 'NONE',  ( -0.6166299559469999858, -0.6251189427309999935, 0.8950000000000000178 ) ) ;
#2552 = CARTESIAN_POINT ( 'NONE',  ( -1.649999999999999911, 2.000000000000000143E-17, 0.0000000000000000000 ) ) ;
#2553 = CARTESIAN_POINT ( 'NONE',  ( 2.038273498465000166, -0.6750000000000000444, 0.1000000000000000056 ) ) ;
#2554 = FILL_AREA_STYLE ('',( #895 ) ) ;
#2555 = EDGE_CURVE ( 'NONE', #1534, #2751, #3414, .T. ) ;
#2556 = FACE_OUTER_BOUND ( 'NONE', #2037, .T. ) ;
#2557 = CARTESIAN_POINT ( 'NONE',  ( -0.6439427312773333689, 0.6260925110133332971, 0.8950000000000000178 ) ) ;
#2558 = ORIENTED_EDGE ( 'NONE', *, *, #3838, .F. ) ;
#2559 = B_SPLINE_SURFACE_WITH_KNOTS ( 'NONE', 2, 1, ( 
 ( #397, #553 ),
 ( #2172, #3027 ),
 ( #998, #3669 ) ),
 .UNSPECIFIED., .F., .F., .F.,
 ( 3, 3 ),
 ( 2, 2 ),
 ( 0.0000000000000000000, 1.000000000000000000 ),
 ( 0.0000000000000000000, 1.000000000000000000 ),
 .UNSPECIFIED. ) ;
#2560 = ADVANCED_FACE ( 'NONE', ( #5005 ), #2650, .T. ) ;
#2561 = DIRECTION ( 'NONE',  ( -0.0000000000000000000, 1.000000000000000000, 0.0000000000000000000 ) ) ;
#2562 = CARTESIAN_POINT ( 'NONE',  ( -0.9017621145369999480, -0.7922995594710000589, 0.9000000000000001332 ) ) ;
#2563 = ORIENTED_EDGE ( 'NONE', *, *, #1350, .F. ) ;
#2564 = CARTESIAN_POINT ( 'NONE',  ( -0.8574889867839999846, 0.6122158590309999537, 0.9000000000000001332 ) ) ;
#2565 = CARTESIAN_POINT ( 'NONE',  ( -1.449999999999999956, 1.110495720687000087, 0.8950000000000000178 ) ) ;
#2566 = LINE ( 'NONE', #4681, #591 ) ;
#2567 = ORIENTED_EDGE ( 'NONE', *, *, #612, .T. ) ;
#2568 = ORIENTED_EDGE ( 'NONE', *, *, #5043, .T. ) ;
#2569 = CARTESIAN_POINT ( 'NONE',  ( -2.149999999999999467, 0.6750000000000009326, -3.920319175657438844E-17 ) ) ;
#2570 = CARTESIAN_POINT ( 'NONE',  ( -0.8594713656389999512, 0.6690440528629999495, 0.9000000000000001332 ) ) ;
#2571 =( NAMED_UNIT ( * ) PLANE_ANGLE_UNIT ( ) SI_UNIT ( $, .RADIAN. ) );
#2572 = DIRECTION ( 'NONE',  ( 0.0000000000000000000, 0.0000000000000000000, 1.000000000000000000 ) ) ;
#2573 = DIRECTION ( 'NONE',  ( -0.6736986521699694919, 0.7390061745779711311, 0.0000000000000000000 ) ) ;
#2574 = FACE_OUTER_BOUND ( 'NONE', #2816, .T. ) ;
#2575 =( GEOMETRIC_REPRESENTATION_CONTEXT ( 3 ) GLOBAL_UNCERTAINTY_ASSIGNED_CONTEXT ( ( #52 ) ) GLOBAL_UNIT_ASSIGNED_CONTEXT ( ( #48, #1276, #5008 ) ) REPRESENTATION_CONTEXT ( 'NONE', 'WORKASPACE' ) );
#2576 = PRESENTATION_STYLE_ASSIGNMENT (( #2211 ) ) ;
#2577 = SURFACE_STYLE_USAGE ( .BOTH. , #2981 ) ;
#2578 = DIRECTION ( 'NONE',  ( -0.2873020452619505227, 0.9578400361168352140, 0.0000000000000000000 ) ) ;
#2579 = ORIENTED_EDGE ( 'NONE', *, *, #1623, .T. ) ;
#2580 = ADVANCED_FACE ( 'NONE', ( #524 ), #95, .F. ) ;
#2581 = VECTOR ( 'NONE', #97, 1000.000000000000000 ) ;
#2582 = CARTESIAN_POINT ( 'NONE',  ( -0.8594713656389999512, 0.6690440528629999495, 0.9000000000000002442 ) ) ;
#2583 = FILL_AREA_STYLE ('',( #954 ) ) ;
#2584 = ORIENTED_EDGE ( 'NONE', *, *, #674, .F. ) ;
#2585 = ORIENTED_EDGE ( 'NONE', *, *, #3447, .F. ) ;
#2586 = EDGE_CURVE ( 'NONE', #1788, #4271, #4638, .T. ) ;
#2587 = DIRECTION ( 'NONE',  ( 0.0000000000000000000, 0.0000000000000000000, 1.000000000000000000 ) ) ;
#2588 = B_SPLINE_CURVE_WITH_KNOTS ( 'NONE', 3,
 ( #1466, #5150, #1441, #2221 ),
 .UNSPECIFIED., .F., .F.,
 ( 4, 4 ),
 ( 0.0000000000000000000, 1.000000000000000000 ),
 .UNSPECIFIED. ) ;
#2589 =( LENGTH_UNIT ( ) NAMED_UNIT ( * ) SI_UNIT ( .MILLI., .METRE. ) );
#2590 = SURFACE_STYLE_USAGE ( .BOTH. , #4255 ) ;
#2591 =( LENGTH_UNIT ( ) NAMED_UNIT ( * ) SI_UNIT ( .MILLI., .METRE. ) );
#2592 = DIRECTION ( 'NONE',  ( 0.0000000000000000000, 0.0000000000000000000, 1.000000000000000000 ) ) ;
#2593 = VERTEX_POINT ( 'NONE', #4080 ) ;
#2594 = EDGE_LOOP ( 'NONE', ( #299, #2307, #4835, #2432 ) ) ;
#2595 = EDGE_CURVE ( 'NONE', #541, #2994, #244, .T. ) ;
#2596 =( NAMED_UNIT ( * ) SI_UNIT ( $, .STERADIAN. ) SOLID_ANGLE_UNIT ( ) );
#2597 = CARTESIAN_POINT ( 'NONE',  ( -0.9057268722469999922, -0.9201629955950000328, 0.8950000000000000178 ) ) ;
#2598 = FACE_OUTER_BOUND ( 'NONE', #2134, .T. ) ;
#2599 = CARTESIAN_POINT ( 'NONE',  ( -0.5485682819380000019, -0.8284229074886666488, 0.8950000000000000178 ) ) ;
#2600 =( NAMED_UNIT ( * ) PLANE_ANGLE_UNIT ( ) SI_UNIT ( $, .RADIAN. ) );
#2601 = B_SPLINE_SURFACE_WITH_KNOTS ( 'NONE', 2, 1, ( 
 ( #3388, #2877 ),
 ( #1297, #47 ),
 ( #3736, #2927 ) ),
 .UNSPECIFIED., .F., .F., .F.,
 ( 3, 3 ),
 ( 2, 2 ),
 ( 0.0000000000000000000, 1.000000000000000000 ),
 ( 0.0000000000000000000, 1.000000000000000000 ),
 .UNSPECIFIED. ) ;
#2602 = VECTOR ( 'NONE', #2218, 1000.000000000000000 ) ;
#2603 = CARTESIAN_POINT ( 'NONE',  ( 1.649999999999999911, -0.6750000000000000444, 0.0000000000000000000 ) ) ;
#2604 =( NAMED_UNIT ( * ) SI_UNIT ( $, .STERADIAN. ) SOLID_ANGLE_UNIT ( ) );
#2605 = DIRECTION ( 'NONE',  ( 1.000000000000000000, -0.0000000000000000000, -0.0000000000000000000 ) ) ;
#2606 = UNCERTAINTY_MEASURE_WITH_UNIT (LENGTH_MEASURE( 1.000000000000000082E-05 ), #1434, 'distance_accuracy_value', 'NONE');
#2607 = CARTESIAN_POINT ( 'NONE',  ( -2.038273498465000166, 4.000000000000000286E-17, 0.0000000000000000000 ) ) ;
#2608 = SURFACE_SIDE_STYLE ('',( #610 ) ) ;
#2609 = ORIENTED_EDGE ( 'NONE', *, *, #594, .T. ) ;
#2610 = VECTOR ( 'NONE', #484, 1000.000000000000000 ) ;
#2611 = PLANE ( 'NONE',  #1355 ) ;
#2612 = B_SPLINE_CURVE_WITH_KNOTS ( 'NONE', 3,
 ( #2103, #77, #1795, #2529 ),
 .UNSPECIFIED., .F., .F.,
 ( 4, 4 ),
 ( 0.0000000000000000000, 1.000000000000000000 ),
 .UNSPECIFIED. ) ;
#2613 = CARTESIAN_POINT ( 'NONE',  ( -2.137661871932517332, -0.6750000000000000444, 0.1110431526072297170 ) ) ;
#2614 = CARTESIAN_POINT ( 'NONE',  ( -1.031607929515000022, -0.4232466960349999807, 0.8950000000000000178 ) ) ;
#2615 = ADVANCED_FACE ( 'NONE', ( #4239 ), #2559, .T. ) ;
#2616 = CARTESIAN_POINT ( 'NONE',  ( -1.984831372447999787, 1.100000000000000311, 0.9000000000000001332 ) ) ;
#2617 = ORIENTED_EDGE ( 'NONE', *, *, #399, .F. ) ;
#2618 = EDGE_LOOP ( 'NONE', ( #1314, #2808, #4121, #4212 ) ) ;
#2619 = CARTESIAN_POINT ( 'NONE',  ( -1.031607929515000022, -0.4232466960349999807, 0.9000000000000001332 ) ) ;
#2620 = CARTESIAN_POINT ( 'NONE',  ( 2.133333333333312432, 1.100000000000000089, 0.1500000000000347722 ) ) ;
#2621 = CIRCLE ( 'NONE', #2279, 0.1000000000000000472 ) ;
#2622 = ADVANCED_FACE ( 'NONE', ( #3265 ), #3076, .T. ) ;
#2623 = ORIENTED_EDGE ( 'NONE', *, *, #447, .T. ) ;
#2624 = LINE ( 'NONE', #4285, #1941 ) ;
#2625 = FACE_OUTER_BOUND ( 'NONE', #3165, .T. ) ;
#2626 = EDGE_LOOP ( 'NONE', ( #4668, #1207, #966, #4039 ) ) ;
#2627 = COLOUR_RGB ( '',0.0000000000000000000, 0.0000000000000000000, 0.0000000000000000000 ) ;
#2628 = DIRECTION ( 'NONE',  ( 0.0000000000000000000, 0.0000000000000000000, 1.000000000000000000 ) ) ;
#2629 = EDGE_CURVE ( 'NONE', #797, #2383, #3470, .T. ) ;
#2630 = FACE_OUTER_BOUND ( 'NONE', #3290, .T. ) ;
#2631 = FACE_OUTER_BOUND ( 'NONE', #1405, .T. ) ;
#2632 = VECTOR ( 'NONE', #3936, 1000.000000000000000 ) ;
#2633 = DIRECTION ( 'NONE',  ( -1.000000000000000000, 0.0000000000000000000, 0.0000000000000000000 ) ) ;
#2634 = CARTESIAN_POINT ( 'NONE',  ( 1.970403745583970023, -1.134831372447999920, 0.9000000000000001332 ) ) ;
#2635 = CIRCLE ( 'NONE', #3331, 0.1098840941501292995 ) ;
#2636 =( LENGTH_UNIT ( ) NAMED_UNIT ( * ) SI_UNIT ( .MILLI., .METRE. ) );
#2637 =( NAMED_UNIT ( * ) SI_UNIT ( $, .STERADIAN. ) SOLID_ANGLE_UNIT ( ) );
#2638 = AXIS2_PLACEMENT_3D ( 'NONE', #4424, #2371, #4028 ) ;
#2639 = ORIENTED_EDGE ( 'NONE', *, *, #213, .F. ) ;
#2640 = FACE_OUTER_BOUND ( 'NONE', #4012, .T. ) ;
#2641 = CARTESIAN_POINT ( 'NONE',  ( 2.059929779438028685, 1.287661871932999524, 0.1110431526069999980 ) ) ;
#2642 = CARTESIAN_POINT ( 'NONE',  ( -1.218942731277999902, -1.099999999999999878E-16, 0.9000000000000001332 ) ) ;
#2643 = VERTEX_POINT ( 'NONE', #2735 ) ;
#2644 = VERTEX_POINT ( 'NONE', #1110 ) ;
#2645 = PRODUCT_DEFINITION ( 'UNKNOWN', '', #4107, #639 ) ;
#2646 = CARTESIAN_POINT ( 'NONE',  ( -1.102312775329999939, 0.3191541850219999921, 0.9000000000000001332 ) ) ;
#2647 = PLANE ( 'NONE',  #1742 ) ;
#2648 = ORIENTED_EDGE ( 'NONE', *, *, #942, .F. ) ;
#2649 = DIRECTION ( 'NONE',  ( -1.000000000000000000, 0.0000000000000000000, 0.0000000000000000000 ) ) ;
#2650 = B_SPLINE_SURFACE_WITH_KNOTS ( 'NONE', 2, 1, ( 
 ( #938, #2550 ),
 ( #2452, #2124 ),
 ( #4214, #3442 ) ),
 .UNSPECIFIED., .F., .F., .F.,
 ( 3, 3 ),
 ( 2, 2 ),
 ( 0.0000000000000000000, 1.000000000000000000 ),
 ( 0.0000000000000000000, 1.000000000000000000 ),
 .UNSPECIFIED. ) ;
#2651 = ORIENTED_EDGE ( 'NONE', *, *, #1798, .F. ) ;
#2652 = ORIENTED_EDGE ( 'NONE', *, *, #4877, .T. ) ;
#2653 = EDGE_CURVE ( 'NONE', #1680, #1306, #2310, .T. ) ;
#2654 = DIRECTION ( 'NONE',  ( 0.9972985020499161024, -0.07345541374870381834, 0.0000000000000000000 ) ) ;
#2655 = CARTESIAN_POINT ( 'NONE',  ( -2.038273498465000166, 1.100000000000000089, 2.775557561562800216E-18 ) ) ;
#2656 = CARTESIAN_POINT ( 'NONE',  ( -1.187114537445333129, 0.6782951541849999710, 0.9000000000000001332 ) ) ;
#2657 = EDGE_CURVE ( 'NONE', #3756, #2919, #3503, .T. ) ;
#2658 =( NAMED_UNIT ( * ) PLANE_ANGLE_UNIT ( ) SI_UNIT ( $, .RADIAN. ) );
#2659 = DIRECTION ( 'NONE',  ( 0.0000000000000000000, 0.0000000000000000000, 1.000000000000000000 ) ) ;
#2660 = UNCERTAINTY_MEASURE_WITH_UNIT (LENGTH_MEASURE( 1.000000000000000082E-05 ), #5140, 'distance_accuracy_value', 'NONE');
#2661 = CARTESIAN_POINT ( 'NONE',  ( -0.8921806167400000431, -0.6462643171809999698, 0.8950000000000000178 ) ) ;
#2662 = CARTESIAN_POINT ( 'NONE',  ( -0.5103524229073332918, -0.7215947136563333197, 0.8950000000000000178 ) ) ;
#2663 = VERTEX_POINT ( 'NONE', #3929 ) ;
#2664 = CARTESIAN_POINT ( 'NONE',  ( 2.058070317130232141, 1.284487571217999946, 0.05430052353698998358 ) ) ;
#2665 =( LENGTH_UNIT ( ) NAMED_UNIT ( * ) SI_UNIT ( .MILLI., .METRE. ) );
#2666 =( GEOMETRIC_REPRESENTATION_CONTEXT ( 3 ) GLOBAL_UNCERTAINTY_ASSIGNED_CONTEXT ( ( #2343 ) ) GLOBAL_UNIT_ASSIGNED_CONTEXT ( ( #569, #3432, #3939 ) ) REPRESENTATION_CONTEXT ( 'NONE', 'WORKASPACE' ) );
#2667 = ORIENTED_EDGE ( 'NONE', *, *, #3816, .T. ) ;
#2668 = ORIENTED_EDGE ( 'NONE', *, *, #2419, .T. ) ;
#2669 = CARTESIAN_POINT ( 'NONE',  ( -0.5000000000000000000, 0.6954757709250000142, 0.8950000000000000178 ) ) ;
#2670 = CARTESIAN_POINT ( 'NONE',  ( -2.149999999999999911, -0.6750000000000000444, 0.0000000000000000000 ) ) ;
#2671 = ORIENTED_EDGE ( 'NONE', *, *, #3686, .T. ) ;
#2672 = CARTESIAN_POINT ( 'NONE',  ( -0.5520925110130000535, -0.8504493392066666546, 0.9000000000000001332 ) ) ;
#2673 = DIRECTION ( 'NONE',  ( 1.000000000000000000, 0.0000000000000000000, 0.0000000000000000000 ) ) ;
#2674 = VERTEX_POINT ( 'NONE', #1025 ) ;
#2675 = ORIENTED_EDGE ( 'NONE', *, *, #3582, .T. ) ;
#2676 = CARTESIAN_POINT ( 'NONE',  ( 2.059884094154423195, -1.100000000000000089, 0.8110431526069358243 ) ) ;
#2677 = CARTESIAN_POINT ( 'NONE',  ( -0.5000000000000000000, 0.7787356828189999636, 0.9000000000000001332 ) ) ;
#2678 = FILL_AREA_STYLE ('',( #631 ) ) ;
#2679 = ADVANCED_FACE ( 'NONE', ( #2630 ), #4340, .T. ) ;
#2680 = CARTESIAN_POINT ( 'NONE',  ( -0.4999999999999374389, -0.1774317180616858114, 0.8950000000000000178 ) ) ;
#2681 = CARTESIAN_POINT ( 'NONE',  ( 0.0000000000000000000, 0.0000000000000000000, 0.0000000000000000000 ) ) ;
#2682 =( LENGTH_UNIT ( ) NAMED_UNIT ( * ) SI_UNIT ( .MILLI., .METRE. ) );
#2683 = EDGE_CURVE ( 'NONE', #4728, #2829, #5213, .T. ) ;
#2684 = LINE ( 'NONE', #3849, #4791 ) ;
#2685 = DIRECTION ( 'NONE',  ( 2.199999999999999757E-16, -1.000000000000000000, 0.0000000000000000000 ) ) ;
#2686 = EDGE_LOOP ( 'NONE', ( #3108, #2003, #5042, #1107, #2449, #4682, #1043, #2775, #880, #1810, #4547, #3025, #4137, #5180, #3526, #559, #4968, #1757, #11, #2617, #4326, #4284, #4523, #3551, #696 ) ) ;
#2687 = AXIS2_PLACEMENT_3D ( 'NONE', #1372, #2997, #4689 ) ;
#2688 = B_SPLINE_CURVE_WITH_KNOTS ( 'NONE', 3,
 ( #4870, #5233, #3186, #4839 ),
 .UNSPECIFIED., .F., .F.,
 ( 4, 4 ),
 ( 0.0000000000000000000, 1.000000000000000000 ),
 .UNSPECIFIED. ) ;
#2689 = PRODUCT_DEFINITION_SHAPE ( 'NONE', 'NONE',  #977 ) ;
#2690 = PLANE ( 'NONE',  #371 ) ;
#2691 = SURFACE_STYLE_FILL_AREA ( #182 ) ;
#2692 = CARTESIAN_POINT ( 'NONE',  ( 2.018125629601310145, 1.216297724264999935, 1.587271980519000359E-16 ) ) ;
#2693 = DIRECTION ( 'NONE',  ( -1.000000000000000000, 0.0000000000000000000, 0.0000000000000000000 ) ) ;
#2694 = EDGE_CURVE ( 'NONE', #43, #4098, #3141, .T. ) ;
#2695 = CARTESIAN_POINT ( 'NONE',  ( -1.960495720687000176, 1.100000000000000311, 0.9000000000000001332 ) ) ;
#2696 = EDGE_LOOP ( 'NONE', ( #1809, #243, #1629, #5027 ) ) ;
#2697 = EDGE_LOOP ( 'NONE', ( #521, #1448, #863, #273 ) ) ;
#2698 = MECHANICAL_DESIGN_GEOMETRIC_PRESENTATION_REPRESENTATION (  '', ( #1840 ), #2787 ) ;
#2699 = DIRECTION ( 'NONE',  ( 1.000000000000000000, -0.0000000000000000000, -0.0000000000000000000 ) ) ;
#2700 = FILL_AREA_STYLE ('',( #4730 ) ) ;
#2701 = VERTEX_POINT ( 'NONE', #3082 ) ;
#2702 =( GEOMETRIC_REPRESENTATION_CONTEXT ( 3 ) GLOBAL_UNCERTAINTY_ASSIGNED_CONTEXT ( ( #3147 ) ) GLOBAL_UNIT_ASSIGNED_CONTEXT ( ( #3695, #3293, #3344 ) ) REPRESENTATION_CONTEXT ( 'NONE', 'WORKASPACE' ) );
#2703 = CARTESIAN_POINT ( 'NONE',  ( -1.218942731277999902, 0.7787356828189999636, 0.9000000000000001332 ) ) ;
#2704 = ORIENTED_EDGE ( 'NONE', *, *, #5164, .F. ) ;
#2705 = ORIENTED_EDGE ( 'NONE', *, *, #2100, .F. ) ;
#2706 = COLOUR_RGB ( '',0.0000000000000000000, 0.0000000000000000000, 0.0000000000000000000 ) ;
#2707 = CARTESIAN_POINT ( 'NONE',  ( -0.7378854625549999824, -0.6594801762109999688, 0.8950000000000000178 ) ) ;
#2708 = PRESENTATION_STYLE_ASSIGNMENT (( #4414 ) ) ;
#2709 = DIRECTION ( 'NONE',  ( 2.199999999999999757E-16, -1.000000000000000000, 0.0000000000000000000 ) ) ;
#2710 = EDGE_CURVE ( 'NONE', #2644, #117, #2255, .T. ) ;
#2711 = AXIS2_PLACEMENT_3D ( 'NONE', #1779, #4747, #3422 ) ;
#2712 = DIRECTION ( 'NONE',  ( 0.7211047102970739031, 0.6928260941876923651, 0.0000000000000000000 ) ) ;
#2713 = B_SPLINE_CURVE_WITH_KNOTS ( 'NONE', 3,
 ( #3980, #4788, #1871, #3525 ),
 .UNSPECIFIED., .F., .F.,
 ( 4, 4 ),
 ( 0.0000000000000000000, 1.000000000000000000 ),
 .UNSPECIFIED. ) ;
#2714 = CARTESIAN_POINT ( 'NONE',  ( -0.8921806167400000431, -0.6462643171809999698, 0.9000000000000001332 ) ) ;
#2715 = UNCERTAINTY_MEASURE_WITH_UNIT (LENGTH_MEASURE( 1.000000000000000082E-05 ), #1163, 'distance_accuracy_value', 'NONE');
#2716 = DIRECTION ( 'NONE',  ( 0.0000000000000000000, -1.000000000000000000, 0.0000000000000000000 ) ) ;
#2717 = CARTESIAN_POINT ( 'NONE',  ( -0.5485682819380000019, 0.7787356828189999636, 0.8950000000000000178 ) ) ;
#2718 = COLOUR_RGB ( '',0.0000000000000000000, 0.0000000000000000000, 0.0000000000000000000 ) ;
#2719 = EDGE_CURVE ( 'NONE', #3617, #1078, #3176, .T. ) ;
#2720 = CARTESIAN_POINT ( 'NONE',  ( -1.037555066079000055, 0.2481189427310000195, 0.9000000000000001332 ) ) ;
#2721 = CYLINDRICAL_SURFACE ( 'NONE', #2956, 0.09999999999999982514 ) ;
#2722 = CARTESIAN_POINT ( 'NONE',  ( 2.030914104465999959, 1.100000000000000089, 0.8786759966330001115 ) ) ;
#2723 = VECTOR ( 'NONE', #4273, 1000.000000000000000 ) ;
#2724 = UNCERTAINTY_MEASURE_WITH_UNIT (LENGTH_MEASURE( 1.000000000000000082E-05 ), #437, 'distance_accuracy_value', 'NONE');
#2725 = CARTESIAN_POINT ( 'NONE',  ( -2.014368612066916864, 1.209884094154999978, 0.8110431526069998842 ) ) ;
#2726 = VERTEX_POINT ( 'NONE', #4817 ) ;
#2727 = EDGE_CURVE ( 'NONE', #2514, #1155, #1923, .T. ) ;
#2728 = LINE ( 'NONE', #5126, #4353 ) ;
#2729 = CARTESIAN_POINT ( 'NONE',  ( -1.949999999999999956, -1.110495720687000087, 0.9000000000000001332 ) ) ;
#2730 = ORIENTED_EDGE ( 'NONE', *, *, #606, .F. ) ;
#2731 =( NAMED_UNIT ( * ) SI_UNIT ( $, .STERADIAN. ) SOLID_ANGLE_UNIT ( ) );
#2732 = ORIENTED_EDGE ( 'NONE', *, *, #3590, .T. ) ;
#2733 = VERTEX_POINT ( 'NONE', #2655 ) ;
#2734 = LINE ( 'NONE', #1079, #4749 ) ;
#2735 = CARTESIAN_POINT ( 'NONE',  ( -0.5591409691630000456, -0.8715947136560000530, 0.9000000000000001332 ) ) ;
#2736 = CARTESIAN_POINT ( 'NONE',  ( 2.061742646715053251, -1.290756629954999735, 0.08319033040856001204 ) ) ;
#2737 = ORIENTED_EDGE ( 'NONE', *, *, #1376, .F. ) ;
#2738 = LINE ( 'NONE', #4393, #2158 ) ;
#2739 = DIRECTION ( 'NONE',  ( 0.0000000000000000000, 0.0000000000000000000, 1.000000000000000000 ) ) ;
#2740 = CARTESIAN_POINT ( 'NONE',  ( -0.5000000000000000000, -0.2342599118940000280, 0.8950000000000000178 ) ) ;
#2741 = CARTESIAN_POINT ( 'NONE',  ( -2.137661871932548419, -1.100000000000000089, 0.1110431526069498714 ) ) ;
#2742 = ORIENTED_EDGE ( 'NONE', *, *, #3917, .F. ) ;
#2743 = FILL_AREA_STYLE ('',( #4803 ) ) ;
#2744 = DIRECTION ( 'NONE',  ( 1.000000000000000000, 0.0000000000000000000, 0.0000000000000000000 ) ) ;
#2745 = VECTOR ( 'NONE', #3402, 1000.000000000000000 ) ;
#2746 = CARTESIAN_POINT ( 'NONE',  ( 2.149999999999999911, 2.000000000000000143E-17, 0.1499999999999999944 ) ) ;
#2747 = CARTESIAN_POINT ( 'NONE',  ( -0.5287444933920000256, 0.6815991189426666708, 0.8950000000000000178 ) ) ;
#2748 = CARTESIAN_POINT ( 'NONE',  ( -1.649999999999999911, 0.6750000000000000444, 0.0000000000000000000 ) ) ;
#2749 = EDGE_CURVE ( 'NONE', #3410, #5210, #4290, .T. ) ;
#2750 = ORIENTED_EDGE ( 'NONE', *, *, #472, .F. ) ;
#2751 = VERTEX_POINT ( 'NONE', #1475 ) ;
#2752 = AXIS2_PLACEMENT_3D ( 'NONE', #3995, #316, #4376 ) ;
#2753 = DIRECTION ( 'NONE',  ( -0.0000000000000000000, -1.000000000000000000, -0.0000000000000000000 ) ) ;
#2754 = LINE ( 'NONE', #300, #3559 ) ;
#2755 = ORIENTED_EDGE ( 'NONE', *, *, #4193, .F. ) ;
#2756 = ADVANCED_FACE ( 'NONE', ( #2230 ), #1819, .T. ) ;
#2757 = VERTEX_POINT ( 'NONE', #1137 ) ;
#2758 = VERTEX_POINT ( 'NONE', #14 ) ;
#2759 = DIRECTION ( 'NONE',  ( -0.0000000000000000000, 0.0000000000000000000, 1.000000000000000000 ) ) ;
#2760 = SURFACE_SIDE_STYLE ('',( #1138 ) ) ;
#2761 = ADVANCED_FACE ( 'NONE', ( #1211 ), #2445, .T. ) ;
#2762 = CARTESIAN_POINT ( 'NONE',  ( 2.134487571218000035, -1.099999999999999423, 0.05430052353698999745 ) ) ;
#2763 = CYLINDRICAL_SURFACE ( 'NONE', #579, 0.1000000000000000056 ) ;
#2764 = CARTESIAN_POINT ( 'NONE',  ( -1.997398385008909205, -1.180914104466000536, 0.8786759966330001115 ) ) ;
#2765 = CARTESIAN_POINT ( 'NONE',  ( -1.949999999999999956, 1.287661871932598734, 0.1110431526069554364 ) ) ;
#2766 = ORIENTED_EDGE ( 'NONE', *, *, #4020, .F. ) ;
#2767 = VECTOR ( 'NONE', #1868, 1000.000000000000000 ) ;
#2768 = CARTESIAN_POINT ( 'NONE',  ( -0.5485682819380000019, -0.7715947136559999642, 0.8950000000000000178 ) ) ;
#2769 = FACE_OUTER_BOUND ( 'NONE', #4152, .T. ) ;
#2770 = FILL_AREA_STYLE ('',( #1122 ) ) ;
#2771 = CARTESIAN_POINT ( 'NONE',  ( 1.950000000000000400, 1.110495720687000309, 0.9000000000000001332 ) ) ;
#2772 = CARTESIAN_POINT ( 'NONE',  ( -1.085462555065999979, 0.01320704845814999959, 0.8950000000000000178 ) ) ;
#2773 = COLOUR_RGB ( '',0.0000000000000000000, 0.0000000000000000000, 0.0000000000000000000 ) ;
#2774 = ORIENTED_EDGE ( 'NONE', *, *, #5218, .F. ) ;
#2775 = ORIENTED_EDGE ( 'NONE', *, *, #435, .F. ) ;
#2776 = AXIS2_PLACEMENT_3D ( 'NONE', #1851, #5135, #3954 ) ;
#2777 = ADVANCED_FACE ( 'NONE', ( #2845 ), #841, .T. ) ;
#2778 = DIRECTION ( 'NONE',  ( -1.000000000000000000, -2.199999999999999757E-16, 0.0000000000000000000 ) ) ;
#2779 = CARTESIAN_POINT ( 'NONE',  ( -0.5809471365639999885, -0.2038634361230000080, 0.9000000000000001332 ) ) ;
#2780 = VERTEX_POINT ( 'NONE', #414 ) ;
#2781 = CARTESIAN_POINT ( 'NONE',  ( -0.5591409691630000456, -0.8715947136560000530, 0.9000000000000001332 ) ) ;
#2782 = CARTESIAN_POINT ( 'NONE',  ( -2.038273498465000166, 1.100000000000000089, 2.775557561562800216E-18 ) ) ;
#2783 = ORIENTED_EDGE ( 'NONE', *, *, #1823, .F. ) ;
#2784 = EDGE_LOOP ( 'NONE', ( #2465, #1440, #2070, #1099, #103 ) ) ;
#2785 = ADVANCED_FACE ( 'NONE', ( #2043 ), #2818, .F. ) ;
#2786 = LINE ( 'NONE', #5268, #3991 ) ;
#2787 =( GEOMETRIC_REPRESENTATION_CONTEXT ( 3 ) GLOBAL_UNCERTAINTY_ASSIGNED_CONTEXT ( ( #3090 ) ) GLOBAL_UNIT_ASSIGNED_CONTEXT ( ( #4141, #2536, #2187 ) ) REPRESENTATION_CONTEXT ( 'NONE', 'WORKASPACE' ) );
#2788 = CARTESIAN_POINT ( 'NONE',  ( -0.5000000000000000000, 0.4146387665199999795, 0.9000000000000001332 ) ) ;
#2789 = FACE_OUTER_BOUND ( 'NONE', #2626, .T. ) ;
#2790 = DIRECTION ( 'NONE',  ( 0.0000000000000000000, 0.0000000000000000000, 1.000000000000000000 ) ) ;
#2791 = EDGE_LOOP ( 'NONE', ( #2609, #4487, #3466, #2667 ) ) ;
#2792 = VECTOR ( 'NONE', #3935, 1000.000000000000000 ) ;
#2793 = ADVANCED_FACE ( 'NONE', ( #813 ), #4468, .T. ) ;
#2794 = CARTESIAN_POINT ( 'NONE',  ( -2.094318531689000285, -1.100000000000000089, 0.009421060971107999768 ) ) ;
#2795 = CARTESIAN_POINT ( 'NONE',  ( -2.649999999999999911, 0.6750000000000000444, 0.0000000000000000000 ) ) ;
#2796 = COLOUR_RGB ( '',0.0000000000000000000, 0.0000000000000000000, 0.0000000000000000000 ) ;
#2797 = MANIFOLD_SOLID_BREP ( 'Imported1', #278 ) ;
#2798 = CARTESIAN_POINT ( 'NONE',  ( -2.057196670993000520, -1.162794356026453313, 0.8352299610650000261 ) ) ;
#2799 = LINE ( 'NONE', #687, #2408 ) ;
#2800 = ORIENTED_EDGE ( 'NONE', *, *, #2127, .F. ) ;
#2801 = CIRCLE ( 'NONE', #2369, 0.1000000000000000056 ) ;
#2802 = LINE ( 'NONE', #3291, #3363 ) ;
#2803 = DIRECTION ( 'NONE',  ( 0.0000000000000000000, 0.0000000000000000000, -1.000000000000000000 ) ) ;
#2804 = CARTESIAN_POINT ( 'NONE',  ( 1.649999999999999911, 0.6750000000000000444, 0.0000000000000000000 ) ) ;
#2805 = CARTESIAN_POINT ( 'NONE',  ( 1.950000000000000178, 1.209884094155000422, 0.8110431526069999952 ) ) ;
#2806 = CARTESIAN_POINT ( 'NONE',  ( -1.057378854625999898, 0.01254625550660999969, 0.9000000000000001332 ) ) ;
#2807 = STYLED_ITEM ( 'NONE', ( #2148 ), #4674 ) ;
#2808 = ORIENTED_EDGE ( 'NONE', *, *, #2719, .T. ) ;
#2809 = ORIENTED_EDGE ( 'NONE', *, *, #2324, .T. ) ;
#2810 = COLOUR_RGB ( '',0.7098039215686274828, 0.7098039215686274828, 0.7098039215686274828 ) ;
#2811 = CARTESIAN_POINT ( 'NONE',  ( 2.149999999999999911, -0.6750000000000009326, 0.0000000000000000000 ) ) ;
#2812 = LINE ( 'NONE', #728, #2012 ) ;
#2813 = ORIENTED_EDGE ( 'NONE', *, *, #4388, .T. ) ;
#2814 = CARTESIAN_POINT ( 'NONE',  ( 2.038273498465000166, 0.6750000000000000444, 0.0000000000000000000 ) ) ;
#2815 = EDGE_LOOP ( 'NONE', ( #4991, #2456, #2016, #4277 ) ) ;
#2816 = EDGE_LOOP ( 'NONE', ( #2269, #212, #2872, #4026, #280, #647, #2304, #88, #2351 ) ) ;
#2817 = CARTESIAN_POINT ( 'NONE',  ( -0.5485682819380000019, 0.7787356828189999636, 0.8950000000000000178 ) ) ;
#2818 = PLANE ( 'NONE',  #3307 ) ;
#2819 = DIRECTION ( 'NONE',  ( 0.0000000000000000000, 0.0000000000000000000, 1.000000000000000000 ) ) ;
#2820 = B_SPLINE_CURVE_WITH_KNOTS ( 'NONE', 3,
 ( #4986, #3822, #555, #4162 ),
 .UNSPECIFIED., .F., .F.,
 ( 4, 4 ),
 ( 0.0000000000000000000, 1.000000000000000000 ),
 .UNSPECIFIED. ) ;
#2821 = ADVANCED_FACE ( 'NONE', ( #4631 ), #3809, .T. ) ;
#2822 =( NAMED_UNIT ( * ) SI_UNIT ( $, .STERADIAN. ) SOLID_ANGLE_UNIT ( ) );
#2823 = APPLICATION_PROTOCOL_DEFINITION ( 'draft international standard', 'automotive_design', 1998, #5056 ) ;
#2824 = CARTESIAN_POINT ( 'NONE',  ( -0.5442731277529999634, 0.8728986784140001509, 0.8950000000000000178 ) ) ;
#2825 = MANIFOLD_SOLID_BREP ( 'Imported1', #1719 ) ;
#2826 = CARTESIAN_POINT ( 'NONE',  ( -1.956148250831564406, -1.110495720687000532, 0.8999999999999999112 ) ) ;
#2827 = CARTESIAN_POINT ( 'NONE',  ( -0.5862334801759999658, 0.6538458149779999840, 0.8950000000000000178 ) ) ;
#2828 = EDGE_CURVE ( 'NONE', #4411, #3150, #3758, .T. ) ;
#2829 = VERTEX_POINT ( 'NONE', #2991 ) ;
#2830 = CARTESIAN_POINT ( 'NONE',  ( -0.9460352422910000003, -0.8250088105730000176, 0.9000000000000001332 ) ) ;
#2831 = LINE ( 'NONE', #1170, #3412 ) ;
#2832 = LINE ( 'NONE', #1625, #2275 ) ;
#2833 = CARTESIAN_POINT ( 'NONE',  ( -1.949999999999999956, 1.209884094153483636, 0.8110431526110591927 ) ) ;
#2834 = ADVANCED_FACE ( 'NONE', ( #4557 ), #561, .T. ) ;
#2835 = ORIENTED_EDGE ( 'NONE', *, *, #2302, .T. ) ;
#2836 = CARTESIAN_POINT ( 'NONE',  ( -1.170374449339000034, -0.6409779735680000146, 0.9000000000000001332 ) ) ;
#2837 = CARTESIAN_POINT ( 'NONE',  ( -0.9420704845809999561, -0.8481365638769999826, 0.8950000000000000178 ) ) ;
#2838 = VERTEX_POINT ( 'NONE', #1697 ) ;
#2839 = LINE ( 'NONE', #1953, #3536 ) ;
#2840 = VECTOR ( 'NONE', #3964, 1000.000000000000000 ) ;
#2841 = ORIENTED_EDGE ( 'NONE', *, *, #480, .F. ) ;
#2842 = ORIENTED_EDGE ( 'NONE', *, *, #543, .T. ) ;
#2843 =( GEOMETRIC_REPRESENTATION_CONTEXT ( 3 ) GLOBAL_UNCERTAINTY_ASSIGNED_CONTEXT ( ( #1547 ) ) GLOBAL_UNIT_ASSIGNED_CONTEXT ( ( #175, #2600, #1374 ) ) REPRESENTATION_CONTEXT ( 'NONE', 'WORKASPACE' ) );
#2844 = CARTESIAN_POINT ( 'NONE',  ( -1.132378854626000075, 0.01518942731278000169, 0.9000000000000001332 ) ) ;
#2845 = FACE_OUTER_BOUND ( 'NONE', #2970, .T. ) ;
#2846 = CARTESIAN_POINT ( 'NONE',  ( 1.649999999999999911, -0.6750000000000000444, 0.0000000000000000000 ) ) ;
#2847 = EDGE_LOOP ( 'NONE', ( #2109, #2668, #1892, #2860 ) ) ;
#2848 = MECHANICAL_DESIGN_GEOMETRIC_PRESENTATION_REPRESENTATION (  '', ( #2079 ), #883 ) ;
#2849 = CARTESIAN_POINT ( 'NONE',  ( -1.949999999999999956, -1.188273498465000300, 9.945397013358002216E-32 ) ) ;
#2850 = CARTESIAN_POINT ( 'NONE',  ( -0.7378854625549999824, -0.6594801762109999688, 0.9000000000000001332 ) ) ;
#2851 = EDGE_CURVE ( 'NONE', #1208, #2757, #1620, .T. ) ;
#2852 =( NAMED_UNIT ( * ) SI_UNIT ( $, .STERADIAN. ) SOLID_ANGLE_UNIT ( ) );
#2853 = DIRECTION ( 'NONE',  ( 0.0000000000000000000, 1.000000000000000000, -0.0000000000000000000 ) ) ;
#2854 = VERTEX_POINT ( 'NONE', #3338 ) ;
#2855 = CARTESIAN_POINT ( 'NONE',  ( -2.038273498465000166, 0.6750000000000000444, 0.1000000000000000056 ) ) ;
#2856 = ADVANCED_FACE ( 'NONE', ( #495 ), #1242, .T. ) ;
#2857 = CARTESIAN_POINT ( 'NONE',  ( -2.038273498465000166, 0.6750000000000000444, 0.1000000000000000056 ) ) ;
#2858 = CARTESIAN_POINT ( 'NONE',  ( -0.7137665198239999675, 0.8841321585900001612, 0.8950000000000000178 ) ) ;
#2859 = ORIENTED_EDGE ( 'NONE', *, *, #2324, .F. ) ;
#2860 = ORIENTED_EDGE ( 'NONE', *, *, #2200, .T. ) ;
#2861 = EDGE_CURVE ( 'NONE', #542, #4451, #4230, .T. ) ;
#2862 = LINE ( 'NONE', #3273, #4607 ) ;
#2863 = MECHANICAL_DESIGN_GEOMETRIC_PRESENTATION_REPRESENTATION (  '', ( #1320 ), #2345 ) ;
#2864 = ORIENTED_EDGE ( 'NONE', *, *, #1734, .T. ) ;
#2865 = CARTESIAN_POINT ( 'NONE',  ( -1.350000000000000089, -1.110495720687000087, 0.9000000000000001332 ) ) ;
#2866 = ORIENTED_EDGE ( 'NONE', *, *, #3868, .T. ) ;
#2867 = STYLED_ITEM ( 'NONE', ( #2986 ), #2356 ) ;
#2868 = FILL_AREA_STYLE_COLOUR ( '', #987 ) ;
#2869 = LINE ( 'NONE', #3306, #3659 ) ;
#2870 = MECHANICAL_DESIGN_GEOMETRIC_PRESENTATION_REPRESENTATION (  '', ( #2439 ), #4524 ) ;
#2871 = FILL_AREA_STYLE ('',( #3335 ) ) ;
#2872 = ORIENTED_EDGE ( 'NONE', *, *, #757, .F. ) ;
#2873 = CARTESIAN_POINT ( 'NONE',  ( -1.949999999999999956, -1.244318531688999974, 0.009421060971107999768 ) ) ;
#2874 = CARTESIAN_POINT ( 'NONE',  ( -0.9503303964760000389, -0.7771013215859999823, 0.9000000000000001332 ) ) ;
#2875 = CARTESIAN_POINT ( 'NONE',  ( -1.170374449339000034, 0.7787356828189999636, 0.8950000000000000178 ) ) ;
#2876 = B_SPLINE_SURFACE_WITH_KNOTS ( 'NONE', 2, 1, ( 
 ( #1850, #1109 ),
 ( #2229, #4314 ),
 ( #3866, #5106 ) ),
 .UNSPECIFIED., .F., .F., .F.,
 ( 3, 3 ),
 ( 2, 2 ),
 ( 0.0000000000000000000, 1.000000000000000000 ),
 ( 0.0000000000000000000, 1.000000000000000000 ),
 .UNSPECIFIED. ) ;
#2877 = CARTESIAN_POINT ( 'NONE',  ( -1.023348017620999917, 0.3597929515419999724, 0.9000000000000001332 ) ) ;
#2878 = LINE ( 'NONE', #2478, #3702 ) ;
#2879 =( GEOMETRIC_REPRESENTATION_CONTEXT ( 3 ) GLOBAL_UNCERTAINTY_ASSIGNED_CONTEXT ( ( #5246 ) ) GLOBAL_UNIT_ASSIGNED_CONTEXT ( ( #1501, #4794, #2068 ) ) REPRESENTATION_CONTEXT ( 'NONE', 'WORKASPACE' ) );
#2880 = LINE ( 'NONE', #4858, #1897 ) ;
#2881 =( LENGTH_UNIT ( ) NAMED_UNIT ( * ) SI_UNIT ( .MILLI., .METRE. ) );
#2882 = ORIENTED_EDGE ( 'NONE', *, *, #1557, .F. ) ;
#2883 = STYLED_ITEM ( 'NONE', ( #1248 ), #4590 ) ;
#2884 = STYLED_ITEM ( 'NONE', ( #115 ), #4408 ) ;
#2885 = ORIENTED_EDGE ( 'NONE', *, *, #2175, .T. ) ;
#2886 = EDGE_CURVE ( 'NONE', #2663, #2353, #70, .T. ) ;
#2887 = PLANE ( 'NONE',  #4862 ) ;
#2888 = COLOUR_RGB ( '',0.7098039215686274828, 0.7098039215686274828, 0.7098039215686274828 ) ;
#2889 = SURFACE_STYLE_USAGE ( .BOTH. , #1361 ) ;
#2890 = EDGE_LOOP ( 'NONE', ( #3653, #3981, #3672, #3101 ) ) ;
#2891 = ADVANCED_FACE ( 'NONE', ( #2898 ), #3688, .T. ) ;
#2892 = FACE_OUTER_BOUND ( 'NONE', #2784, .T. ) ;
#2893 = CARTESIAN_POINT ( 'NONE',  ( -0.5809471365639999885, -1.099999999999999878E-16, 0.9000000000000001332 ) ) ;
#2894 = DIRECTION ( 'NONE',  ( 0.0000000000000000000, 1.000000000000000000, -0.0000000000000000000 ) ) ;
#2895 = ORIENTED_EDGE ( 'NONE', *, *, #2302, .F. ) ;
#2896 = ADVANCED_FACE ( 'NONE', ( #2475 ), #1455, .T. ) ;
#2897 = CARTESIAN_POINT ( 'NONE',  ( -1.950000000000000178, 1.244318531689000418, 0.009421060971107999768 ) ) ;
#2898 = FACE_OUTER_BOUND ( 'NONE', #1282, .T. ) ;
#2899 = LINE ( 'NONE', #3765, #3827 ) ;
#2900 = CARTESIAN_POINT ( 'NONE',  ( 1.960495720687000176, 1.100000000000000089, 0.9000000000000001332 ) ) ;
#2901 = FACE_BOUND ( 'NONE', #3130, .T. ) ;
#2902 = LINE ( 'NONE', #4567, #3973 ) ;
#2903 = DIRECTION ( 'NONE',  ( -1.000000000000000000, 0.0000000000000000000, 0.0000000000000000000 ) ) ;
#2904 = CARTESIAN_POINT ( 'NONE',  ( -0.9017621145369999480, -0.8112422907490000057, 0.8950000000000000178 ) ) ;
#2905 = ORIENTED_EDGE ( 'NONE', *, *, #1292, .F. ) ;
#2906 = ORIENTED_EDGE ( 'NONE', *, *, #1185, .T. ) ;
#2907 = SURFACE_SIDE_STYLE ('',( #1284 ) ) ;
#2908 = CARTESIAN_POINT ( 'NONE',  ( -1.349999999999999867, -1.110495720687000087, 0.8950000000000000178 ) ) ;
#2909 = EDGE_CURVE ( 'NONE', #725, #3542, #2728, .T. ) ;
#2910 = CARTESIAN_POINT ( 'NONE',  ( -0.7616740088103334250, 0.6690440528629999495, 0.9000000000000001332 ) ) ;
#2911 = ORIENTED_EDGE ( 'NONE', *, *, #408, .F. ) ;
#2912 = VERTEX_POINT ( 'NONE', #189 ) ;
#2913 = B_SPLINE_CURVE_WITH_KNOTS ( 'NONE', 2,
 ( #323, #1123, #4777 ),
 .UNSPECIFIED., .F., .F.,
 ( 3, 3 ),
 ( 0.0000000000000000000, 1.000000000000000000 ),
 .UNSPECIFIED. ) ;
#2914 = CARTESIAN_POINT ( 'NONE',  ( -1.126101321586000070, 0.3436035242289999792, 0.8950000000000000178 ) ) ;
#2915 = EDGE_CURVE ( 'NONE', #2758, #3467, #2588, .T. ) ;
#2916 = AXIS2_PLACEMENT_3D ( 'NONE', #1386, #3015, #3830 ) ;
#2917 = CARTESIAN_POINT ( 'NONE',  ( -0.5290748898679999979, -0.9274317180619999768, 0.9000000000000001332 ) ) ;
#2918 = FACE_OUTER_BOUND ( 'NONE', #2192, .T. ) ;
#2919 = VERTEX_POINT ( 'NONE', #3885 ) ;
#2920 =( BOUNDED_SURFACE ( )  B_SPLINE_SURFACE ( 6, 3, ( 
 ( #4018, #3987, #3631, #5270 ),
 ( #310, #2736, #3575, #2386 ),
 ( #5215, #4819, #1139, #2762 ),
 ( #4415, #2360, #867, #1666 ),
 ( #4127, #2046, #1238, #1293 ),
 ( #4151, #3785, #4210, #3684 ),
 ( #2093, #843, #4501, #4560 ) ),
 .UNSPECIFIED., .F., .F., .F. ) 
 B_SPLINE_SURFACE_WITH_KNOTS ( ( 7, 7 ),
 ( 4, 4 ),
 ( 6.172528086006000336, 7.853981633973999621 ),
 ( 0.0000000000000000000, 1.000000000000000000 ),
 .UNSPECIFIED. ) 
 GEOMETRIC_REPRESENTATION_ITEM ( )  RATIONAL_B_SPLINE_SURFACE ( (
 ( 1.000000000000000000, 0.8047378541243643824, 0.8047378541243643824, 1.000000000000000000),
 ( 1.000000000000000000, 0.8047378541243643824, 0.8047378541243643824, 1.000000000000000000),
 ( 1.000000000000000000, 0.8047378541243643824, 0.8047378541243643824, 1.000000000000000000),
 ( 1.000000000000000000, 0.8047378541243643824, 0.8047378541243643824, 1.000000000000000000),
 ( 1.000000000000000000, 0.8047378541243643824, 0.8047378541243643824, 1.000000000000000000),
 ( 1.000000000000000000, 0.8047378541243643824, 0.8047378541243643824, 1.000000000000000000),
 ( 1.000000000000000000, 0.8047378541243643824, 0.8047378541243643824, 1.000000000000000000) ) ) 
 REPRESENTATION_ITEM ( '' )  SURFACE ( )  );
#2921 =( GEOMETRIC_REPRESENTATION_CONTEXT ( 3 ) GLOBAL_UNCERTAINTY_ASSIGNED_CONTEXT ( ( #1702 ) ) GLOBAL_UNIT_ASSIGNED_CONTEXT ( ( #428, #1228, #3771 ) ) REPRESENTATION_CONTEXT ( 'NONE', 'WORKASPACE' ) );
#2922 = CARTESIAN_POINT ( 'NONE',  ( -1.960495720687000176, 1.100000000000000089, 0.9000000000000001332 ) ) ;
#2923 = SURFACE_SIDE_STYLE ('',( #1317 ) ) ;
#2924 = EDGE_CURVE ( 'NONE', #2935, #5295, #433, .T. ) ;
#2925 = CARTESIAN_POINT ( 'NONE',  ( -1.017400881057000106, -0.4232466960349999807, 0.8950000000000000178 ) ) ;
#2926 = PRESENTATION_LAYER_ASSIGNMENT (  '', '', ( #4147 ) ) ;
#2927 = CARTESIAN_POINT ( 'NONE',  ( -1.084801762114999901, 0.3597929515419999724, 0.9000000000000001332 ) ) ;
#2928 = DIRECTION ( 'NONE',  ( 1.000000000000000000, 0.0000000000000000000, 0.0000000000000000000 ) ) ;
#2929 = AXIS2_PLACEMENT_3D ( 'NONE', #1402, #177, #3342 ) ;
#2930 = CARTESIAN_POINT ( 'NONE',  ( -1.031607929515000022, -0.4232466960349999807, 0.8950000000000000178 ) ) ;
#2931 = UNCERTAINTY_MEASURE_WITH_UNIT (LENGTH_MEASURE( 1.000000000000000082E-05 ), #817, 'distance_accuracy_value', 'NONE');
#2932 = PLANE ( 'NONE',  #2539 ) ;
#2933 = FILL_AREA_STYLE ('',( #2454 ) ) ;
#2934 = ORIENTED_EDGE ( 'NONE', *, *, #1118, .F. ) ;
#2935 = VERTEX_POINT ( 'NONE', #3493 ) ;
#2936 = LINE ( 'NONE', #4170, #2348 ) ;
#2937 = SURFACE_STYLE_FILL_AREA ( #2583 ) ;
#2938 = ORIENTED_EDGE ( 'NONE', *, *, #4193, .T. ) ;
#2939 = EDGE_CURVE ( 'NONE', #2726, #3410, #3461, .T. ) ;
#2940 =( GEOMETRIC_REPRESENTATION_CONTEXT ( 3 ) GLOBAL_UNCERTAINTY_ASSIGNED_CONTEXT ( ( #2507 ) ) GLOBAL_UNIT_ASSIGNED_CONTEXT ( ( #3599, #4527, #4040 ) ) REPRESENTATION_CONTEXT ( 'NONE', 'WORKASPACE' ) );
#2941 = CARTESIAN_POINT ( 'NONE',  ( -0.8588105726870000067, -0.6918590308370000663, 0.8950000000000000178 ) ) ;
#2942 = CARTESIAN_POINT ( 'NONE',  ( -1.218942731277999902, -0.8967048458149999846, 0.8950000000000000178 ) ) ;
#2943 = FACE_OUTER_BOUND ( 'NONE', #5100, .T. ) ;
#2944 =( NAMED_UNIT ( * ) PLANE_ANGLE_UNIT ( ) SI_UNIT ( $, .RADIAN. ) );
#2945 = ORIENTED_EDGE ( 'NONE', *, *, #4833, .F. ) ;
#2946 = CIRCLE ( 'NONE', #1831, 0.1000000000000000056 ) ;
#2947 = CARTESIAN_POINT ( 'NONE',  ( -1.960495720687000176, -1.106148250831564983, 0.9000000000000000222 ) ) ;
#2948 = CARTESIAN_POINT ( 'NONE',  ( -0.5290748898679999979, -0.9274317180619999768, 0.8950000000000000178 ) ) ;
#2949 = CARTESIAN_POINT ( 'NONE',  ( 2.149999999999999911, -0.6750000000000000444, 0.0000000000000000000 ) ) ;
#2950 = CARTESIAN_POINT ( 'NONE',  ( -0.5485682819380000019, -0.8055154185020000357, 0.8950000000000000178 ) ) ;
#2951 = CARTESIAN_POINT ( 'NONE',  ( -1.123458149780000026, 0.6518634361230000174, 0.8950000000000000178 ) ) ;
#2952 = COLOUR_RGB ( '',0.0000000000000000000, 0.0000000000000000000, 0.0000000000000000000 ) ;
#2953 = EDGE_CURVE ( 'NONE', #1234, #778, #247, .T. ) ;
#2954 = CARTESIAN_POINT ( 'NONE',  ( -1.086123348017999923, 0.8603436123350000075, 0.8950000000000000178 ) ) ;
#2955 = DIRECTION ( 'NONE',  ( 1.000000000000000000, 0.0000000000000000000, 0.0000000000000000000 ) ) ;
#2956 = AXIS2_PLACEMENT_3D ( 'NONE', #2857, #1516, #4425 ) ;
#2957 = DIRECTION ( 'NONE',  ( 1.000000000000000000, 0.0000000000000000000, -0.0000000000000000000 ) ) ;
#2958 = CARTESIAN_POINT ( 'NONE',  ( -1.170374449339000034, -1.099999999999999878E-16, 0.9000000000000001332 ) ) ;
#2959 = ORIENTED_EDGE ( 'NONE', *, *, #206, .T. ) ;
#2960 = EDGE_CURVE ( 'NONE', #808, #4429, #4729, .T. ) ;
#2961 = VECTOR ( 'NONE', #464, 1000.000000000000000 ) ;
#2962 = CARTESIAN_POINT ( 'NONE',  ( -0.8594713656389999512, 0.6690440528629999495, 0.8950000000000000178 ) ) ;
#2963 = SURFACE_SIDE_STYLE ('',( #5018 ) ) ;
#2964 = ORIENTED_EDGE ( 'NONE', *, *, #1256, .T. ) ;
#2965 = ORIENTED_EDGE ( 'NONE', *, *, #1671, .F. ) ;
#2966 = MECHANICAL_DESIGN_GEOMETRIC_PRESENTATION_REPRESENTATION (  '', ( #1269 ), #4539 ) ;
#2967 = CARTESIAN_POINT ( 'NONE',  ( -1.123458149780000026, 0.6518634361230000174, 0.9000000000000001332 ) ) ;
#2968 = CARTESIAN_POINT ( 'NONE',  ( -2.649999999999999911, -0.6750000000000000444, 0.1499999999999999944 ) ) ;
#2969 = PLANE ( 'NONE',  #1522 ) ;
#2970 = EDGE_LOOP ( 'NONE', ( #1089, #325, #2301, #1622 ) ) ;
#2971 =( GEOMETRIC_REPRESENTATION_CONTEXT ( 3 ) GLOBAL_UNCERTAINTY_ASSIGNED_CONTEXT ( ( #1004 ) ) GLOBAL_UNIT_ASSIGNED_CONTEXT ( ( #4925, #4531, #2493 ) ) REPRESENTATION_CONTEXT ( 'NONE', 'WORKASPACE' ) );
#2972 =( GEOMETRIC_REPRESENTATION_CONTEXT ( 3 ) GLOBAL_UNCERTAINTY_ASSIGNED_CONTEXT ( ( #366 ) ) GLOBAL_UNIT_ASSIGNED_CONTEXT ( ( #3427, #1039, #3095 ) ) REPRESENTATION_CONTEXT ( 'NONE', 'WORKASPACE' ) );
#2973 = CARTESIAN_POINT ( 'NONE',  ( -1.015418502203000006, 0.01221585903083999974, 0.9000000000000001332 ) ) ;
#2974 = CARTESIAN_POINT ( 'NONE',  ( -0.5485682819380000019, 0.7199251101320000013, 0.8950000000000000178 ) ) ;
#2975 = EDGE_CURVE ( 'NONE', #5210, #3322, #1491, .T. ) ;
#2976 = FILL_AREA_STYLE ('',( #1056 ) ) ;
#2977 = DIRECTION ( 'NONE',  ( 0.9972071495702165000, -0.07468534559097746162, 0.0000000000000000000 ) ) ;
#2978 = B_SPLINE_CURVE_WITH_KNOTS ( 'NONE', 3,
 ( #5081, #173, #1770, #824 ),
 .UNSPECIFIED., .F., .F.,
 ( 4, 4 ),
 ( 0.0000000000000000000, 1.000000000000000000 ),
 .UNSPECIFIED. ) ;
#2979 = DIRECTION ( 'NONE',  ( 0.0000000000000000000, 0.0000000000000000000, -1.000000000000000000 ) ) ;
#2980 = EDGE_CURVE ( 'NONE', #1529, #1140, #572, .T. ) ;
#2981 = SURFACE_SIDE_STYLE ('',( #451 ) ) ;
#2982 = CARTESIAN_POINT ( 'NONE',  ( -1.123127753304000054, 0.9029647577089999766, 0.9000000000000001332 ) ) ;
#2983 = VERTEX_POINT ( 'NONE', #3048 ) ;
#2984 = B_SPLINE_SURFACE_WITH_KNOTS ( 'NONE', 2, 1, ( 
 ( #4343, #2038 ),
 ( #809, #2008 ),
 ( #4842, #4895 ) ),
 .UNSPECIFIED., .F., .F., .F.,
 ( 3, 3 ),
 ( 2, 2 ),
 ( 0.0000000000000000000, 1.000000000000000000 ),
 ( 0.0000000000000000000, 1.000000000000000000 ),
 .UNSPECIFIED. ) ;
#2985 = PRESENTATION_STYLE_ASSIGNMENT (( #882 ) ) ;
#2986 = PRESENTATION_STYLE_ASSIGNMENT (( #2188 ) ) ;
#2987 = ORIENTED_EDGE ( 'NONE', *, *, #4120, .F. ) ;
#2988 = ORIENTED_EDGE ( 'NONE', *, *, #3900, .F. ) ;
#2989 = FACE_OUTER_BOUND ( 'NONE', #1021, .T. ) ;
#2990 = PRESENTATION_STYLE_ASSIGNMENT (( #90 ) ) ;
#2991 = CARTESIAN_POINT ( 'NONE',  ( -1.550000000000000266, -1.110495720687000087, 0.9000000000000001332 ) ) ;
#2992 = CARTESIAN_POINT ( 'NONE',  ( -1.649999999999999911, -0.6750000000000000444, 0.0000000000000000000 ) ) ;
#2993 = SURFACE_STYLE_USAGE ( .BOTH. , #652 ) ;
#2994 = VERTEX_POINT ( 'NONE', #4305 ) ;
#2995 = ORIENTED_EDGE ( 'NONE', *, *, #1792, .F. ) ;
#2996 = CARTESIAN_POINT ( 'NONE',  ( -1.950000000000000178, 1.290756629955000179, 0.08319033040855999817 ) ) ;
#2997 = DIRECTION ( 'NONE',  ( 0.0000000000000000000, 0.0000000000000000000, -1.000000000000000000 ) ) ;
#2998 = B_SPLINE_CURVE_WITH_KNOTS ( 'NONE', 3,
 ( #4510, #3638, #5279, #852 ),
 .UNSPECIFIED., .F., .F.,
 ( 4, 4 ),
 ( 0.0000000000000000000, 1.000000000000000000 ),
 .UNSPECIFIED. ) ;
#2999 = PLANE ( 'NONE',  #3316 ) ;
#3000 = CARTESIAN_POINT ( 'NONE',  ( -0.5485682819380000019, -0.8055154185020000357, 0.8950000000000000178 ) ) ;
#3001 = CARTESIAN_POINT ( 'NONE',  ( 1.984831372447999787, -1.100000000000000311, 0.9000000000000001332 ) ) ;
#3002 = ADVANCED_FACE ( 'NONE', ( #1918 ), #2064, .T. ) ;
#3003 = LINE ( 'NONE', #972, #4153 ) ;
#3004 = SHAPE_REPRESENTATION_RELATIONSHIP ( 'NONE' , 'NONE' ,  #2170, #4590 ) ;
#3005 = AXIS2_PLACEMENT_3D ( 'NONE', #1029, #4318, #1773 ) ;
#3006 = CARTESIAN_POINT ( 'NONE',  ( -0.5485682819380000019, -0.8055154185020000357, 0.8950000000000000178 ) ) ;
#3007 = LINE ( 'NONE', #1404, #2632 ) ;
#3008 = CARTESIAN_POINT ( 'NONE',  ( 1.649999999999999911, -0.6750000000000000444, 0.0000000000000000000 ) ) ;
#3009 = ORIENTED_EDGE ( 'NONE', *, *, #466, .F. ) ;
#3010 = VECTOR ( 'NONE', #3367, 1000.000000000000000 ) ;
#3011 = COLOUR_RGB ( '',0.0000000000000000000, 0.0000000000000000000, 0.0000000000000000000 ) ;
#3012 = EDGE_CURVE ( 'NONE', #3756, #43, #4332, .T. ) ;
#3013 = CARTESIAN_POINT ( 'NONE',  ( 2.649999999999999911, -0.6750000000000000444, 0.0000000000000000000 ) ) ;
#3014 = DIRECTION ( 'NONE',  ( 0.0000000000000000000, 0.0000000000000000000, -1.000000000000000000 ) ) ;
#3015 = DIRECTION ( 'NONE',  ( -0.9938837346736066891, 1.999999999998208751E-16, 0.1104315260749562794 ) ) ;
#3016 = VERTEX_POINT ( 'NONE', #4364 ) ;
#3017 = ORIENTED_EDGE ( 'NONE', *, *, #1832, .F. ) ;
#3018 = EDGE_CURVE ( 'NONE', #1983, #62, #1579, .T. ) ;
#3019 = CARTESIAN_POINT ( 'NONE',  ( -1.086123348017999923, 0.8603436123350000075, 0.9000000000000001332 ) ) ;
#3020 =( LENGTH_UNIT ( ) NAMED_UNIT ( * ) SI_UNIT ( .MILLI., .METRE. ) );
#3021 = ORIENTED_EDGE ( 'NONE', *, *, #4388, .F. ) ;
#3022 = DIRECTION ( 'NONE',  ( -1.999999999999999958E-16, -1.000000000000000000, -0.0000000000000000000 ) ) ;
#3023 = FACE_OUTER_BOUND ( 'NONE', #1521, .T. ) ;
#3024 = ORIENTED_EDGE ( 'NONE', *, *, #800, .F. ) ;
#3025 = ORIENTED_EDGE ( 'NONE', *, *, #2924, .F. ) ;
#3026 = CARTESIAN_POINT ( 'NONE',  ( -0.6311674008809999847, 0.8603436123350000075, 0.9000000000000001332 ) ) ;
#3027 = CARTESIAN_POINT ( 'NONE',  ( -0.9503303964760000389, -0.8015506607929999694, 0.9000000000000001332 ) ) ;
#3028 = CARTESIAN_POINT ( 'NONE',  ( -1.126101321586000070, 0.3436035242289999792, 0.9000000000000001332 ) ) ;
#3029 = COLOUR_RGB ( '',0.0000000000000000000, 0.0000000000000000000, 0.0000000000000000000 ) ;
#3030 = CARTESIAN_POINT ( 'NONE',  ( -2.133333333333312432, -1.100000000000000089, 0.1500000000000347999 ) ) ;
#3031 = CARTESIAN_POINT ( 'NONE',  ( -1.170374449339000034, -0.8501189427309999713, 0.8950000000000000178 ) ) ;
#3032 = B_SPLINE_SURFACE_WITH_KNOTS ( 'NONE', 2, 1, ( 
 ( #3735, #1698 ),
 ( #889, #2524 ),
 ( #498, #96 ) ),
 .UNSPECIFIED., .F., .F., .F.,
 ( 3, 3 ),
 ( 2, 2 ),
 ( 0.0000000000000000000, 1.000000000000000000 ),
 ( 0.0000000000000000000, 1.000000000000000000 ),
 .UNSPECIFIED. ) ;
#3033 = CARTESIAN_POINT ( 'NONE',  ( -1.126101321586000070, 0.3436035242289999792, 0.8950000000000000178 ) ) ;
#3034 = CARTESIAN_POINT ( 'NONE',  ( -1.218942731277999902, -0.8967048458149999846, 0.9000000000000001332 ) ) ;
#3035 = UNCERTAINTY_MEASURE_WITH_UNIT (LENGTH_MEASURE( 1.000000000000000082E-05 ), #3343, 'distance_accuracy_value', 'NONE');
#3036 = CARTESIAN_POINT ( 'NONE',  ( -1.218942731277999902, 0.7787356828189999636, 0.8950000000000000178 ) ) ;
#3037 = CARTESIAN_POINT ( 'NONE',  ( -0.5290748898679999979, -0.9274317180619999768, 0.9000000000000001332 ) ) ;
#3038 = COLOUR_RGB ( '',0.7098039215686274828, 0.7098039215686274828, 0.7098039215686274828 ) ;
#3039 = EDGE_LOOP ( 'NONE', ( #2391, #430, #2945, #3685 ) ) ;
#3040 = B_SPLINE_CURVE_WITH_KNOTS ( 'NONE', 3,
 ( #2020, #4023, #793, #4475 ),
 .UNSPECIFIED., .F., .F.,
 ( 4, 4 ),
 ( 0.0000000000000000000, 1.000000000000000000 ),
 .UNSPECIFIED. ) ;
#3041 = VECTOR ( 'NONE', #1094, 1000.000000000000000 ) ;
#3042 = CARTESIAN_POINT ( 'NONE',  ( -1.017400881057000106, -0.4232466960349999807, 0.9000000000000001332 ) ) ;
#3043 = CARTESIAN_POINT ( 'NONE',  ( -0.9371145374450010612, -0.8672995594710158906, 0.9000000000000001332 ) ) ;
#3044 = EDGE_CURVE ( 'NONE', #3965, #3673, #5162, .T. ) ;
#3045 = ORIENTED_EDGE ( 'NONE', *, *, #1288, .T. ) ;
#3046 = MECHANICAL_DESIGN_GEOMETRIC_PRESENTATION_REPRESENTATION (  '', ( #2022 ), #64 ) ;
#3047 = ORIENTED_EDGE ( 'NONE', *, *, #4742, .F. ) ;
#3048 = CARTESIAN_POINT ( 'NONE',  ( -0.8594713656389999512, 0.6690440528629999495, 0.9000000000000001332 ) ) ;
#3049 = CARTESIAN_POINT ( 'NONE',  ( -1.102312775329993055, 0.3191541850219923870, 0.9000000000000001332 ) ) ;
#3050 = VERTEX_POINT ( 'NONE', #4677 ) ;
#3051 = LINE ( 'NONE', #2992, #3323 ) ;
#3052 = ADVANCED_FACE ( 'NONE', ( #3699 ), #832, .T. ) ;
#3053 =( LENGTH_UNIT ( ) NAMED_UNIT ( * ) SI_UNIT ( .MILLI., .METRE. ) );
#3054 = EDGE_LOOP ( 'NONE', ( #301, #2895, #3105, #3409 ) ) ;
#3055 = EDGE_LOOP ( 'NONE', ( #2911, #509, #3514, #4084 ) ) ;
#3056 =( GEOMETRIC_REPRESENTATION_CONTEXT ( 3 ) GLOBAL_UNCERTAINTY_ASSIGNED_CONTEXT ( ( #1378 ) ) GLOBAL_UNIT_ASSIGNED_CONTEXT ( ( #2636, #1777, #2604 ) ) REPRESENTATION_CONTEXT ( 'NONE', 'WORKASPACE' ) );
#3057 = MECHANICAL_DESIGN_GEOMETRIC_PRESENTATION_REPRESENTATION (  '', ( #2117 ), #237 ) ;
#3058 = DIRECTION ( 'NONE',  ( 0.0000000000000000000, 0.0000000000000000000, -1.000000000000000000 ) ) ;
#3059 = SURFACE_STYLE_FILL_AREA ( #2678 ) ;
#3060 = CARTESIAN_POINT ( 'NONE',  ( 1.949999999999999734, -1.197447250526000095, 0.8586306990930000493 ) ) ;
#3061 = AXIS2_PLACEMENT_3D ( 'NONE', #1902, #285, #4068 ) ;
#3062 =( BOUNDED_SURFACE ( )  B_SPLINE_SURFACE ( 6, 3, ( 
 ( #5119, #614, #2641, #4699 ),
 ( #183, #239, #4357, #3067 ),
 ( #3125, #981, #2664, #1040 ),
 ( #3428, #3486, #4328, #1484 ),
 ( #3855, #2297, #1066, #1885 ),
 ( #3941, #2241, #2692, #643 ),
 ( #2217, #2266, #3456, #3539 ) ),
 .UNSPECIFIED., .F., .F., .F. ) 
 B_SPLINE_SURFACE_WITH_KNOTS ( ( 7, 7 ),
 ( 4, 4 ),
 ( 6.172528086006000336, 7.853981633973999621 ),
 ( 0.0000000000000000000, 1.000000000000000000 ),
 .UNSPECIFIED. ) 
 GEOMETRIC_REPRESENTATION_ITEM ( )  RATIONAL_B_SPLINE_SURFACE ( (
 ( 1.000000000000000000, 0.8047378541243649375, 0.8047378541243649375, 1.000000000000000000),
 ( 1.000000000000000000, 0.8047378541243649375, 0.8047378541243649375, 1.000000000000000000),
 ( 1.000000000000000000, 0.8047378541243649375, 0.8047378541243649375, 1.000000000000000000),
 ( 1.000000000000000000, 0.8047378541243649375, 0.8047378541243649375, 1.000000000000000000),
 ( 1.000000000000000000, 0.8047378541243649375, 0.8047378541243649375, 1.000000000000000000),
 ( 1.000000000000000000, 0.8047378541243649375, 0.8047378541243649375, 1.000000000000000000),
 ( 1.000000000000000000, 0.8047378541243649375, 0.8047378541243649375, 1.000000000000000000) ) ) 
 REPRESENTATION_ITEM ( '' )  SURFACE ( )  );
#3063 = CARTESIAN_POINT ( 'NONE',  ( -0.5591409691630000456, -0.8715947136560000530, 0.9000000000000001332 ) ) ;
#3064 = PRESENTATION_LAYER_ASSIGNMENT (  '', '', ( #2883 ) ) ;
#3065 = VERTEX_POINT ( 'NONE', #1148 ) ;
#3066 = CARTESIAN_POINT ( 'NONE',  ( -0.6942731277530000966, -0.6026519823790000840, 0.9000000000000001332 ) ) ;
#3067 = CARTESIAN_POINT ( 'NONE',  ( 1.949999999999999956, 1.290756629954999735, 0.08319033040855999817 ) ) ;
#3068 = CARTESIAN_POINT ( 'NONE',  ( -1.970403745583970023, 1.134831372447999920, 0.9000000000000001332 ) ) ;
#3069 = VERTEX_POINT ( 'NONE', #4118 ) ;
#3070 = ORIENTED_EDGE ( 'NONE', *, *, #1213, .T. ) ;
#3071 = EDGE_CURVE ( 'NONE', #5286, #3907, #1630, .T. ) ;
#3072 = CARTESIAN_POINT ( 'NONE',  ( -3.000000000000000061E-17, 0.3597929515419999724, 0.9000000000000001332 ) ) ;
#3073 = FACE_OUTER_BOUND ( 'NONE', #3483, .T. ) ;
#3074 = ORIENTED_EDGE ( 'NONE', *, *, #254, .T. ) ;
#3075 = CARTESIAN_POINT ( 'NONE',  ( -0.5442731277529999634, 0.8728986784140001509, 0.9000000000000001332 ) ) ;
#3076 = B_SPLINE_SURFACE_WITH_KNOTS ( 'NONE', 2, 1, ( 
 ( #3817, #4111 ),
 ( #2858, #1927 ),
 ( #283, #4718 ) ),
 .UNSPECIFIED., .F., .F., .F.,
 ( 3, 3 ),
 ( 2, 2 ),
 ( 0.0000000000000000000, 1.000000000000000000 ),
 ( 0.0000000000000000000, 1.000000000000000000 ),
 .UNSPECIFIED. ) ;
#3077 = FACE_OUTER_BOUND ( 'NONE', #3054, .T. ) ;
#3078 = ORIENTED_EDGE ( 'NONE', *, *, #4685, .T. ) ;
#3079 = ORIENTED_EDGE ( 'NONE', *, *, #3734, .F. ) ;
#3080 = EDGE_CURVE ( 'NONE', #1460, #2726, #6, .T. ) ;
#3081 = LINE ( 'NONE', #4737, #3724 ) ;
#3082 = CARTESIAN_POINT ( 'NONE',  ( 2.649999999999999911, -0.6750000000000000444, 0.1499999999999999944 ) ) ;
#3083 = PRESENTATION_STYLE_ASSIGNMENT (( #3869 ) ) ;
#3084 = CARTESIAN_POINT ( 'NONE',  ( -1.102312775329993055, 0.3191541850219923870, 0.9000000000000001332 ) ) ;
#3085 = EDGE_CURVE ( 'NONE', #2733, #1268, #5193, .T. ) ;
#3086 = FILL_AREA_STYLE ('',( #3510 ) ) ;
#3087 =( NAMED_UNIT ( * ) PLANE_ANGLE_UNIT ( ) SI_UNIT ( $, .RADIAN. ) );
#3088 = CARTESIAN_POINT ( 'NONE',  ( -0.5591409691630000456, -0.8715947136560000530, 0.9000000000000001332 ) ) ;
#3089 =( GEOMETRIC_REPRESENTATION_CONTEXT ( 3 ) GLOBAL_UNCERTAINTY_ASSIGNED_CONTEXT ( ( #1654 ) ) GLOBAL_UNIT_ASSIGNED_CONTEXT ( ( #4054, #1627, #694 ) ) REPRESENTATION_CONTEXT ( 'NONE', 'WORKASPACE' ) );
#3090 = UNCERTAINTY_MEASURE_WITH_UNIT (LENGTH_MEASURE( 1.000000000000000082E-05 ), #4141, 'distance_accuracy_value', 'NONE');
#3091 = DIRECTION ( 'NONE',  ( 0.0000000000000000000, 1.000000000000000000, -0.0000000000000000000 ) ) ;
#3092 = ORIENTED_EDGE ( 'NONE', *, *, #4288, .T. ) ;
#3093 =( BOUNDED_CURVE ( )  B_SPLINE_CURVE ( 3, ( #3793, #1244, #4565, #1321 ),
 .UNSPECIFIED., .F., .F. ) 
 B_SPLINE_CURVE_WITH_KNOTS ( ( 4, 4 ),
 ( 0.0000000000000000000, 1.000000000000000000 ),
 .UNSPECIFIED. ) 
 CURVE ( )  GEOMETRIC_REPRESENTATION_ITEM ( )  RATIONAL_B_SPLINE_CURVE ( ( 1.000000000000000000, 0.8047378541243649375, 0.8047378541243649375, 1.000000000000000000 ) ) 
 REPRESENTATION_ITEM ( '' )  );
#3094 = VECTOR ( 'NONE', #2509, 1000.000000000000000 ) ;
#3095 =( NAMED_UNIT ( * ) SI_UNIT ( $, .STERADIAN. ) SOLID_ANGLE_UNIT ( ) );
#3096 = CARTESIAN_POINT ( 'NONE',  ( -1.030176211454000068, 0.8762026431716667396, 0.8950000000000000178 ) ) ;
#3097 =( NAMED_UNIT ( * ) SI_UNIT ( $, .STERADIAN. ) SOLID_ANGLE_UNIT ( ) );
#3098 = SURFACE_SIDE_STYLE ('',( #671 ) ) ;
#3099 = MECHANICAL_DESIGN_GEOMETRIC_PRESENTATION_REPRESENTATION (  '', ( #1468 ), #2843 ) ;
#3100 = VERTEX_POINT ( 'NONE', #3184 ) ;
#3101 = ORIENTED_EDGE ( 'NONE', *, *, #3018, .T. ) ;
#3102 =( GEOMETRIC_REPRESENTATION_CONTEXT ( 3 ) GLOBAL_UNCERTAINTY_ASSIGNED_CONTEXT ( ( #2453 ) ) GLOBAL_UNIT_ASSIGNED_CONTEXT ( ( #3872, #4744, #636 ) ) REPRESENTATION_CONTEXT ( 'NONE', 'WORKASPACE' ) );
#3103 = DIRECTION ( 'NONE',  ( -0.0000000000000000000, -0.0000000000000000000, -1.000000000000000000 ) ) ;
#3104 = SURFACE_STYLE_USAGE ( .BOTH. , #5151 ) ;
#3105 = ORIENTED_EDGE ( 'NONE', *, *, #4257, .T. ) ;
#3106 = DIRECTION ( 'NONE',  ( 0.0000000000000000000, -1.000000000000000000, 0.0000000000000000000 ) ) ;
#3107 = LINE ( 'NONE', #4724, #4627 ) ;
#3108 = ORIENTED_EDGE ( 'NONE', *, *, #2200, .F. ) ;
#3109 = ORIENTED_EDGE ( 'NONE', *, *, #5290, .T. ) ;
#3110 = EDGE_CURVE ( 'NONE', #1234, #2327, #5288, .T. ) ;
#3111 = CARTESIAN_POINT ( 'NONE',  ( -1.029625550660999922, 0.01221585903083999974, 0.8950000000000000178 ) ) ;
#3112 = CARTESIAN_POINT ( 'NONE',  ( -0.5591409691630000456, -0.8715947136560000530, 0.8950000000000000178 ) ) ;
#3113 = EDGE_CURVE ( 'NONE', #3308, #1649, #2862, .T. ) ;
#3114 = CARTESIAN_POINT ( 'NONE',  ( -1.349999999999999867, 1.110495720687000087, 0.8950000000000000178 ) ) ;
#3115 = CIRCLE ( 'NONE', #3721, 0.1000000000000000472 ) ;
#3116 = SHAPE_DEFINITION_REPRESENTATION ( #1786, #1662 ) ;
#3117 = DIRECTION ( 'NONE',  ( 1.000000000000000000, 0.0000000000000000000, -0.0000000000000000000 ) ) ;
#3118 = CARTESIAN_POINT ( 'NONE',  ( -0.9503303964760000389, -0.7189515418499999866, 0.8950000000000000178 ) ) ;
#3119 = LINE ( 'NONE', #3557, #4482 ) ;
#3120 = EDGE_CURVE ( 'NONE', #4229, #522, #352, .T. ) ;
#3121 = ORIENTED_EDGE ( 'NONE', *, *, #2915, .F. ) ;
#3122 = VECTOR ( 'NONE', #131, 1000.000000000000000 ) ;
#3123 =( NAMED_UNIT ( * ) SI_UNIT ( $, .STERADIAN. ) SOLID_ANGLE_UNIT ( ) );
#3124 = CARTESIAN_POINT ( 'NONE',  ( 2.149999999999999911, 0.6749999999999998224, 0.0000000000000000000 ) ) ;
#3125 = CARTESIAN_POINT ( 'NONE',  ( 2.134487571218000035, 1.100000000000000089, 0.05430052353698999745 ) ) ;
#3126 = CARTESIAN_POINT ( 'NONE',  ( 2.057196670993000520, 1.162794356026453091, 0.8352299610650000261 ) ) ;
#3127 = PRESENTATION_LAYER_ASSIGNMENT (  '', '', ( #1836 ) ) ;
#3128 = CARTESIAN_POINT ( 'NONE',  ( -1.984658422885460016, 1.159165628733000108, 0.8928943887869997820 ) ) ;
#3129 = ADVANCED_FACE ( 'NONE', ( #4007 ), #217, .T. ) ;
#3130 = EDGE_LOOP ( 'NONE', ( #1174, #181, #3527, #2988, #1847, #4602, #2648, #4061, #3404, #1903, #3163, #1687, #279, #3437, #3800, #3762, #2737, #2244, #382, #1048, #3597, #5002, #2379, #4497, #3121 ) ) ;
#3131 = ORIENTED_EDGE ( 'NONE', *, *, #5129, .F. ) ;
#3132 = CIRCLE ( 'NONE', #1499, 0.1000000000000000472 ) ;
#3133 = DIRECTION ( 'NONE',  ( 0.0000000000000000000, -0.0000000000000000000, 1.000000000000000000 ) ) ;
#3134 = ORIENTED_EDGE ( 'NONE', *, *, #1185, .F. ) ;
#3135 = AXIS2_PLACEMENT_3D ( 'NONE', #3034, #608, #1880 ) ;
#3136 = DIRECTION ( 'NONE',  ( 1.000000000000000000, 0.0000000000000000000, 0.0000000000000000000 ) ) ;
#3137 = ORIENTED_EDGE ( 'NONE', *, *, #3230, .T. ) ;
#3138 = EDGE_LOOP ( 'NONE', ( #4813, #3988, #265, #3137 ) ) ;
#3139 = PRESENTATION_LAYER_ASSIGNMENT (  '', '', ( #407 ) ) ;
#3140 = DIRECTION ( 'NONE',  ( 0.0000000000000000000, -0.0000000000000000000, 1.000000000000000000 ) ) ;
#3141 = LINE ( 'NONE', #1531, #5105 ) ;
#3142 = VECTOR ( 'NONE', #3770, 1000.000000000000000 ) ;
#3143 = COLOUR_RGB ( '',0.7921568627450980005, 0.8196078431372548767, 0.9333333333333333481 ) ;
#3144 = CARTESIAN_POINT ( 'NONE',  ( -1.132378854626000075, 0.01518942731277999995, 0.9000000000000001332 ) ) ;
#3145 = EDGE_CURVE ( 'NONE', #1738, #3336, #3132, .T. ) ;
#3146 = DIRECTION ( 'NONE',  ( 1.000000000000000000, 0.0000000000000000000, 0.0000000000000000000 ) ) ;
#3147 = UNCERTAINTY_MEASURE_WITH_UNIT (LENGTH_MEASURE( 1.000000000000000082E-05 ), #3695, 'distance_accuracy_value', 'NONE');
#3148 = CARTESIAN_POINT ( 'NONE',  ( -1.949999999999999512, -1.197447250526000317, 0.8586306990930000493 ) ) ;
#3149 = DIRECTION ( 'NONE',  ( -1.987767469345433115E-16, -1.000000000000000000, 2.208630521497147299E-17 ) ) ;
#3150 = VERTEX_POINT ( 'NONE', #3215 ) ;
#3151 = AXIS2_PLACEMENT_3D ( 'NONE', #439, #1736, #4980 ) ;
#3152 = DIRECTION ( 'NONE',  ( 0.0000000000000000000, 0.0000000000000000000, 1.000000000000000000 ) ) ;
#3153 = DIRECTION ( 'NONE',  ( -0.7211047102870885572, -0.6928260941980851628, 0.0000000000000000000 ) ) ;
#3154 = EDGE_CURVE ( 'NONE', #1463, #3864, #1177, .T. ) ;
#3155 = SURFACE_SIDE_STYLE ('',( #773 ) ) ;
#3156 = CARTESIAN_POINT ( 'NONE',  ( -1.032709251101333159, 0.6775242290746666951, 0.8950000000000000178 ) ) ;
#3157 = MECHANICAL_DESIGN_GEOMETRIC_PRESENTATION_REPRESENTATION (  '', ( #2382 ), #2972 ) ;
#3158 = FACE_OUTER_BOUND ( 'NONE', #1817, .T. ) ;
#3159 = ORIENTED_EDGE ( 'NONE', *, *, #3447, .T. ) ;
#3160 = ADVANCED_FACE ( 'NONE', ( #1203 ), #3161, .T. ) ;
#3161 = PLANE ( 'NONE',  #223 ) ;
#3162 = DIRECTION ( 'NONE',  ( -1.000000000000000000, -2.199999999999999757E-16, 0.0000000000000000000 ) ) ;
#3163 = ORIENTED_EDGE ( 'NONE', *, *, #2861, .F. ) ;
#3164 = ORIENTED_EDGE ( 'NONE', *, *, #2100, .T. ) ;
#3165 = EDGE_LOOP ( 'NONE', ( #1230, #4532, #1939, #730 ) ) ;
#3166 = LINE ( 'NONE', #13, #4851 ) ;
#3167 = CARTESIAN_POINT ( 'NONE',  ( 1.649999999999999911, -0.6750000000000000444, 0.1499999999999999944 ) ) ;
#3168 = PLANE ( 'NONE',  #3571 ) ;
#3169 = FILL_AREA_STYLE ('',( #1586 ) ) ;
#3170 = ORIENTED_EDGE ( 'NONE', *, *, #2435, .F. ) ;
#3171 = CARTESIAN_POINT ( 'NONE',  ( -1.949999999999999956, -1.290756629954999735, 0.08319033040855999817 ) ) ;
#3172 = FILL_AREA_STYLE_COLOUR ( '', #2531 ) ;
#3173 = CARTESIAN_POINT ( 'NONE',  ( 2.149999999999999911, 1.100000000000000089, 0.0000000000000000000 ) ) ;
#3174 = ORIENTED_EDGE ( 'NONE', *, *, #3391, .T. ) ;
#3175 = EDGE_CURVE ( 'NONE', #144, #1917, #1128, .T. ) ;
#3176 = B_SPLINE_CURVE_WITH_KNOTS ( 'NONE', 3,
 ( #2677, #1875, #5107, #3894 ),
 .UNSPECIFIED., .F., .F.,
 ( 4, 4 ),
 ( 0.0000000000000000000, 1.000000000000000000 ),
 .UNSPECIFIED. ) ;
#3177 = LINE ( 'NONE', #1364, #3448 ) ;
#3178 = CARTESIAN_POINT ( 'NONE',  ( -1.085462555065999979, -0.4252290748900000028, 0.8950000000000000178 ) ) ;
#3179 = CARTESIAN_POINT ( 'NONE',  ( -1.949999999999999956, -1.188273498465000300, 3.978158805343200339E-32 ) ) ;
#3180 = CARTESIAN_POINT ( 'NONE',  ( 2.012794356026453180, 1.207196670993000209, 0.8352299610650000261 ) ) ;
#3181 = ORIENTED_EDGE ( 'NONE', *, *, #1383, .T. ) ;
#3182 = EDGE_CURVE ( 'NONE', #2215, #3805, #3820, .T. ) ;
#3183 = VECTOR ( 'NONE', #2056, 1000.000000000000000 ) ;
#3184 = CARTESIAN_POINT ( 'NONE',  ( -2.138273498465000255, 0.6750000000000000444, 0.1000000000000000056 ) ) ;
#3185 = LINE ( 'NONE', #2729, #3812 ) ;
#3186 = CARTESIAN_POINT ( 'NONE',  ( -1.142841409691333521, 0.7114449339206666556, 0.8950000000000000178 ) ) ;
#3187 = SURFACE_STYLE_FILL_AREA ( #2352 ) ;
#3188 = CARTESIAN_POINT ( 'NONE',  ( -0.5000000000000000000, -0.4761101321589999991, 0.8950000000000000178 ) ) ;
#3189 = ORIENTED_EDGE ( 'NONE', *, *, #2595, .T. ) ;
#3190 = VERTEX_POINT ( 'NONE', #4406 ) ;
#3191 = ADVANCED_FACE ( 'NONE', ( #4058 ), #378, .T. ) ;
#3192 = VECTOR ( 'NONE', #943, 1000.000000000000000 ) ;
#3193 = CARTESIAN_POINT ( 'NONE',  ( -0.8783039647579999887, -0.8947224669600000180, 0.9000000000000001332 ) ) ;
#3194 = DIRECTION ( 'NONE',  ( 0.0000000000000000000, 0.0000000000000000000, -1.000000000000000000 ) ) ;
#3195 = PLANE ( 'NONE',  #1175 ) ;
#3196 = CARTESIAN_POINT ( 'NONE',  ( -0.5740088105730000168, -0.7229162995590000529, 0.9000000000000001332 ) ) ;
#3197 = ORIENTED_EDGE ( 'NONE', *, *, #5230, .F. ) ;
#3198 = CARTESIAN_POINT ( 'NONE',  ( -2.134487571218000035, -1.100000000000000089, 0.05430052353698999745 ) ) ;
#3199 =( NAMED_UNIT ( * ) SI_UNIT ( $, .STERADIAN. ) SOLID_ANGLE_UNIT ( ) );
#3200 = CARTESIAN_POINT ( 'NONE',  ( 2.149999999999999911, 1.100000000000000089, 0.0000000000000000000 ) ) ;
#3201 = UNCERTAINTY_MEASURE_WITH_UNIT (LENGTH_MEASURE( 1.000000000000000082E-05 ), #2591, 'distance_accuracy_value', 'NONE');
#3202 = CARTESIAN_POINT ( 'NONE',  ( -2.137661871932548419, -1.100000000000000089, 0.1110431526069498576 ) ) ;
#3203 = CARTESIAN_POINT ( 'NONE',  ( -1.133370044053062520, -0.4242378854627907869, 0.8950000000000000178 ) ) ;
#3204 = ORIENTED_EDGE ( 'NONE', *, *, #3120, .T. ) ;
#3205 = COLOUR_RGB ( '',0.0000000000000000000, 0.0000000000000000000, 0.0000000000000000000 ) ;
#3206 = LINE ( 'NONE', #2603, #3192 ) ;
#3207 = CARTESIAN_POINT ( 'NONE',  ( -1.058370044053000170, -0.4242378854630000085, 0.9000000000000001332 ) ) ;
#3208 = DIRECTION ( 'NONE',  ( 0.0000000000000000000, 1.000000000000000000, -0.0000000000000000000 ) ) ;
#3209 =( NAMED_UNIT ( * ) SI_UNIT ( $, .STERADIAN. ) SOLID_ANGLE_UNIT ( ) );
#3210 = CARTESIAN_POINT ( 'NONE',  ( -2.059884094155000511, 1.100000000000000089, 0.8110431526069999952 ) ) ;
#3211 = VECTOR ( 'NONE', #3977, 1000.000000000000000 ) ;
#3212 = ORIENTED_EDGE ( 'NONE', *, *, #3120, .F. ) ;
#3213 = ORIENTED_EDGE ( 'NONE', *, *, #4348, .T. ) ;
#3214 = COLOUR_RGB ( '',0.4431372549019607643, 0.4431372549019607643, 0.4431372549019607643 ) ;
#3215 = CARTESIAN_POINT ( 'NONE',  ( -1.218942731277999902, -0.6409779735680000146, 0.8950000000000000178 ) ) ;
#3216 = FACE_OUTER_BOUND ( 'NONE', #2033, .T. ) ;
#3217 = EDGE_CURVE ( 'NONE', #1607, #1239, #4892, .T. ) ;
#3218 = ORIENTED_EDGE ( 'NONE', *, *, #1507, .T. ) ;
#3219 = LINE ( 'NONE', #4828, #3966 ) ;
#3220 = VERTEX_POINT ( 'NONE', #4087 ) ;
#3221 = AXIS2_PLACEMENT_3D ( 'NONE', #33, #1755, #59 ) ;
#3222 = ORIENTED_EDGE ( 'NONE', *, *, #1865, .F. ) ;
#3223 = CARTESIAN_POINT ( 'NONE',  ( -1.087775330396000051, 0.6944845814980000753, 0.9000000000000001332 ) ) ;
#3224 = VECTOR ( 'NONE', #2605, 1000.000000000000000 ) ;
#3225 = EDGE_CURVE ( 'NONE', #3371, #4790, #404, .T. ) ;
#3226 = CARTESIAN_POINT ( 'NONE',  ( -0.8594713656389999512, 0.9399691629959999739, 0.9000000000000001332 ) ) ;
#3227 = PRESENTATION_STYLE_ASSIGNMENT (( #683 ) ) ;
#3228 = VERTEX_POINT ( 'NONE', #537 ) ;
#3229 = AXIS2_PLACEMENT_3D ( 'NONE', #72, #4613, #1274 ) ;
#3230 = EDGE_CURVE ( 'NONE', #4633, #4229, #1331, .T. ) ;
#3231 = CARTESIAN_POINT ( 'NONE',  ( -0.9460352422910000003, -0.8250088105730000176, 0.9000000000000001332 ) ) ;
#3232 = CARTESIAN_POINT ( 'NONE',  ( -1.949999999999999956, 1.287661871932423097, 0.1110431526069358826 ) ) ;
#3233 = ORIENTED_EDGE ( 'NONE', *, *, #5004, .T. ) ;
#3234 = MECHANICAL_DESIGN_GEOMETRIC_PRESENTATION_REPRESENTATION (  '', ( #846 ), #5125 ) ;
#3235 = DIRECTION ( 'NONE',  ( 0.0000000000000000000, 0.0000000000000000000, 1.000000000000000000 ) ) ;
#3236 = DIRECTION ( 'NONE',  ( -0.0000000000000000000, -0.0000000000000000000, 1.000000000000000000 ) ) ;
#3237 = DIRECTION ( 'NONE',  ( 0.0000000000000000000, 0.0000000000000000000, -1.000000000000000000 ) ) ;
#3238 = LINE ( 'NONE', #3540, #1582 ) ;
#3239 = CARTESIAN_POINT ( 'NONE',  ( -1.132378854626000075, 0.01518942731277999995, 0.8950000000000000178 ) ) ;
#3240 = VECTOR ( 'NONE', #149, 1000.000000000000000 ) ;
#3241 = ORIENTED_EDGE ( 'NONE', *, *, #18, .F. ) ;
#3242 = B_SPLINE_CURVE_WITH_KNOTS ( 'NONE', 3,
 ( #5219, #1934, #2337, #1906 ),
 .UNSPECIFIED., .F., .F.,
 ( 4, 4 ),
 ( 0.0000000000000000000, 1.000000000000000000 ),
 .UNSPECIFIED. ) ;
#3243 = PRESENTATION_LAYER_ASSIGNMENT (  '', '', ( #5046 ) ) ;
#3244 = DIRECTION ( 'NONE',  ( -0.9972071495702732324, 0.07468534559022046992, 0.0000000000000000000 ) ) ;
#3245 = CARTESIAN_POINT ( 'NONE',  ( -1.218942731277976366, -0.01421585903076084956, 0.9000000000000001332 ) ) ;
#3246 = CARTESIAN_POINT ( 'NONE',  ( 1.949999999999999956, -1.188273498465000078, 1.734723475976749894E-18 ) ) ;
#3247 = LINE ( 'NONE', #1153, #2075 ) ;
#3248 = B_SPLINE_CURVE_WITH_KNOTS ( 'NONE', 3,
 ( #3769, #530, #78, #5040 ),
 .UNSPECIFIED., .F., .F.,
 ( 4, 4 ),
 ( 0.0000000000000000000, 1.000000000000000000 ),
 .UNSPECIFIED. ) ;
#3249 = EDGE_LOOP ( 'NONE', ( #5195, #1737, #2585, #4439 ) ) ;
#3250 = VERTEX_POINT ( 'NONE', #4648 ) ;
#3251 = EDGE_CURVE ( 'NONE', #4807, #1208, #5044, .T. ) ;
#3252 = CARTESIAN_POINT ( 'NONE',  ( -0.9566079295156666440, 0.6690440528629999495, 0.9000000000000001332 ) ) ;
#3253 = PLANE ( 'NONE',  #4361 ) ;
#3254 = FACE_OUTER_BOUND ( 'NONE', #4713, .T. ) ;
#3255 = EDGE_LOOP ( 'NONE', ( #4921, #2168, #4907, #2965, #3212, #89, #2199, #2841, #4463, #1951, #2464, #2755, #3438, #32, #1343, #1070, #3374, #2326, #143, #1609 ) ) ;
#3256 = ADVANCED_FACE ( 'NONE', ( #5015 ), #3801, .T. ) ;
#3257 = SURFACE_SIDE_STYLE ('',( #5302 ) ) ;
#3258 =( NAMED_UNIT ( * ) SI_UNIT ( $, .STERADIAN. ) SOLID_ANGLE_UNIT ( ) );
#3259 = CARTESIAN_POINT ( 'NONE',  ( -1.114207048458000004, 0.3597929515419999724, 0.9000000000000001332 ) ) ;
#3260 = FACE_OUTER_BOUND ( 'NONE', #646, .T. ) ;
#3261 = CARTESIAN_POINT ( 'NONE',  ( -3.000000000000000061E-17, -1.099999999999999878E-16, 0.9000000000000001332 ) ) ;
#3262 = VERTEX_POINT ( 'NONE', #2962 ) ;
#3263 = LINE ( 'NONE', #4935, #3877 ) ;
#3264 = CARTESIAN_POINT ( 'NONE',  ( -0.8921806167400000431, -0.6462643171809999698, 0.9000000000000001332 ) ) ;
#3265 = FACE_OUTER_BOUND ( 'NONE', #4211, .T. ) ;
#3266 = UNCERTAINTY_MEASURE_WITH_UNIT (LENGTH_MEASURE( 1.000000000000000082E-05 ), #109, 'distance_accuracy_value', 'NONE');
#3267 = CARTESIAN_POINT ( 'NONE',  ( -0.8584801762110000345, 0.8841321585900001612, 0.9000000000000002442 ) ) ;
#3268 = ORIENTED_EDGE ( 'NONE', *, *, #1281, .T. ) ;
#3269 = B_SPLINE_SURFACE_WITH_KNOTS ( 'NONE', 2, 1, ( 
 ( #2490, #930 ),
 ( #545, #436 ),
 ( #2914, #5022 ) ),
 .UNSPECIFIED., .F., .F., .F.,
 ( 3, 3 ),
 ( 2, 2 ),
 ( 0.0000000000000000000, 1.000000000000000000 ),
 ( 0.0000000000000000000, 1.000000000000000000 ),
 .UNSPECIFIED. ) ;
#3270 = ORIENTED_EDGE ( 'NONE', *, *, #2106, .F. ) ;
#3271 = VECTOR ( 'NONE', #903, 1000.000000000000000 ) ;
#3272 = B_SPLINE_CURVE_WITH_KNOTS ( 'NONE', 3,
 ( #2782, #1578, #1980, #4464 ),
 .UNSPECIFIED., .F., .F.,
 ( 4, 4 ),
 ( 0.0000000000000000000, 1.000000000000000000 ),
 .UNSPECIFIED. ) ;
#3273 = CARTESIAN_POINT ( 'NONE',  ( -0.8951541850219999485, -0.8471453744490000659, 0.9000000000000001332 ) ) ;
#3274 = ORIENTED_EDGE ( 'NONE', *, *, #3927, .T. ) ;
#3275 = CARTESIAN_POINT ( 'NONE',  ( -1.550000000000000266, 1.110495720687000087, 0.9000000000000001332 ) ) ;
#3276 = VECTOR ( 'NONE', #3091, 1000.000000000000000 ) ;
#3277 = EDGE_LOOP ( 'NONE', ( #1111, #3181, #2039, #4048 ) ) ;
#3278 =( BOUNDED_SURFACE ( )  B_SPLINE_SURFACE ( 6, 3, ( 
 ( #1696, #93, #968, #4156 ),
 ( #2996, #3337, #1769, #4238 ),
 ( #4659, #1316, #888, #4261 ),
 ( #2522, #2548, #2496, #937 ),
 ( #2897, #573, #4183, #2201 ),
 ( #467, #1295, #1714, #3839 ),
 ( #1346, #3413, #4562, #1739 ) ),
 .UNSPECIFIED., .F., .F., .T. ) 
 B_SPLINE_SURFACE_WITH_KNOTS ( ( 7, 7 ),
 ( 4, 4 ),
 ( 6.172528086006000336, 7.853981633973999621 ),
 ( 0.0000000000000000000, 1.000000000000000000 ),
 .UNSPECIFIED. ) 
 GEOMETRIC_REPRESENTATION_ITEM ( )  RATIONAL_B_SPLINE_SURFACE ( (
 ( 1.000000000000000000, 0.8047378541243648264, 0.8047378541243648264, 1.000000000000000000),
 ( 1.000000000000000000, 0.8047378541243648264, 0.8047378541243648264, 1.000000000000000000),
 ( 1.000000000000000000, 0.8047378541243648264, 0.8047378541243648264, 1.000000000000000000),
 ( 1.000000000000000000, 0.8047378541243648264, 0.8047378541243648264, 1.000000000000000000),
 ( 1.000000000000000000, 0.8047378541243648264, 0.8047378541243648264, 1.000000000000000000),
 ( 1.000000000000000000, 0.8047378541243648264, 0.8047378541243648264, 1.000000000000000000),
 ( 1.000000000000000000, 0.8047378541243648264, 0.8047378541243648264, 1.000000000000000000) ) ) 
 REPRESENTATION_ITEM ( '' )  SURFACE ( )  );
#3279 = VECTOR ( 'NONE', #2853, 1000.000000000000000 ) ;
#3280 = DIRECTION ( 'NONE',  ( 0.0000000000000000000, 0.0000000000000000000, 1.000000000000000000 ) ) ;
#3281 = CARTESIAN_POINT ( 'NONE',  ( -0.8783039647579999887, -0.8947224669600000180, 0.9000000000000001332 ) ) ;
#3282 = DIRECTION ( 'NONE',  ( 0.0000000000000000000, 0.0000000000000000000, 1.000000000000000000 ) ) ;
#3283 = ORIENTED_EDGE ( 'NONE', *, *, #3853, .F. ) ;
#3284 = PRESENTATION_LAYER_ASSIGNMENT (  '', '', ( #3795 ) ) ;
#3285 = CARTESIAN_POINT ( 'NONE',  ( -1.949999999999999956, -1.284487571217999946, 0.05430052353698999745 ) ) ;
#3286 = LINE ( 'NONE', #1717, #1686 ) ;
#3287 = EDGE_CURVE ( 'NONE', #3100, #1182, #483, .T. ) ;
#3288 = FACE_OUTER_BOUND ( 'NONE', #1294, .T. ) ;
#3289 = CARTESIAN_POINT ( 'NONE',  ( -1.123127753304000054, 0.9029647577089999766, 0.8950000000000000178 ) ) ;
#3290 = EDGE_LOOP ( 'NONE', ( #3637, #4883, #4679, #3170 ) ) ;
#3291 = CARTESIAN_POINT ( 'NONE',  ( -2.149999999999999911, -0.6749999999999998224, -9.386679716362881413E-18 ) ) ;
#3292 = DIRECTION ( 'NONE',  ( 1.000000000000000000, 0.0000000000000000000, 0.0000000000000000000 ) ) ;
#3293 =( NAMED_UNIT ( * ) PLANE_ANGLE_UNIT ( ) SI_UNIT ( $, .RADIAN. ) );
#3294 = ADVANCED_FACE ( 'NONE', ( #4946 ), #651, .T. ) ;
#3295 = FILL_AREA_STYLE ('',( #4965 ) ) ;
#3296 = CARTESIAN_POINT ( 'NONE',  ( -0.5621145374449999510, -0.6472555066080000197, 0.8950000000000000178 ) ) ;
#3297 = ORIENTED_EDGE ( 'NONE', *, *, #1451, .F. ) ;
#3298 = ORIENTED_EDGE ( 'NONE', *, *, #1324, .F. ) ;
#3299 = CARTESIAN_POINT ( 'NONE',  ( -0.7127753303960000508, 0.6690440528629999495, 0.8950000000000000178 ) ) ;
#3300 = VECTOR ( 'NONE', #516, 1000.000000000000000 ) ;
#3301 = EDGE_CURVE ( 'NONE', #1788, #3864, #2159, .T. ) ;
#3302 = CARTESIAN_POINT ( 'NONE',  ( -1.123458149780000026, 0.6518634361230000174, 0.9000000000000001332 ) ) ;
#3303 = ORIENTED_EDGE ( 'NONE', *, *, #2953, .T. ) ;
#3304 = ORIENTED_EDGE ( 'NONE', *, *, #2501, .T. ) ;
#3305 = VECTOR ( 'NONE', #4491, 1000.000000000000000 ) ;
#3306 = CARTESIAN_POINT ( 'NONE',  ( -0.5000000000000000000, -0.4232466960349999807, 0.8950000000000000178 ) ) ;
#3307 = AXIS2_PLACEMENT_3D ( 'NONE', #2468, #3194, #4846 ) ;
#3308 = VERTEX_POINT ( 'NONE', #456 ) ;
#3309 = VECTOR ( 'NONE', #4776, 1000.000000000000000 ) ;
#3310 = FACE_OUTER_BOUND ( 'NONE', #3664, .T. ) ;
#3311 = CARTESIAN_POINT ( 'NONE',  ( -2.133333333333208515, -0.6749999999999998224, 0.1500000000000231981 ) ) ;
#3312 = FILL_AREA_STYLE_COLOUR ( '', #159 ) ;
#3313 = DIRECTION ( 'NONE',  ( 0.0000000000000000000, -0.0000000000000000000, 1.000000000000000000 ) ) ;
#3314 = VECTOR ( 'NONE', #4888, 1000.000000000000000 ) ;
#3315 = ADVANCED_FACE ( 'NONE', ( #130 ), #2887, .T. ) ;
#3316 = AXIS2_PLACEMENT_3D ( 'NONE', #5136, #4316, #1053 ) ;
#3317 = DIRECTION ( 'NONE',  ( 0.0000000000000000000, 0.0000000000000000000, 1.000000000000000000 ) ) ;
#3318 =( NAMED_UNIT ( * ) PLANE_ANGLE_UNIT ( ) SI_UNIT ( $, .RADIAN. ) );
#3319 = CARTESIAN_POINT ( 'NONE',  ( 1.649999999999999689, 0.6749999999999999334, 0.0000000000000000000 ) ) ;
#3320 = SURFACE_SIDE_STYLE ('',( #5010 ) ) ;
#3321 = LINE ( 'NONE', #1656, #3183 ) ;
#3322 = VERTEX_POINT ( 'NONE', #3400 ) ;
#3323 = VECTOR ( 'NONE', #5128, 1000.000000000000000 ) ;
#3324 = ORIENTED_EDGE ( 'NONE', *, *, #1226, .T. ) ;
#3325 = ADVANCED_FACE ( 'NONE', ( #859 ), #3062, .T. ) ;
#3326 = AXIS2_PLACEMENT_3D ( 'NONE', #3368, #853, #1193 ) ;
#3327 = DIRECTION ( 'NONE',  ( 0.2853892892620497612, -0.9584116827201670796, 0.0000000000000000000 ) ) ;
#3328 = CARTESIAN_POINT ( 'NONE',  ( -1.949999999999999956, -1.100000000000000089, 0.1110431526069999980 ) ) ;
#3329 = LINE ( 'NONE', #3302, #4736 ) ;
#3330 = ORIENTED_EDGE ( 'NONE', *, *, #1063, .T. ) ;
#3331 = AXIS2_PLACEMENT_3D ( 'NONE', #66, #3761, #16 ) ;
#3332 = EDGE_CURVE ( 'NONE', #2751, #1305, #4473, .T. ) ;
#3333 = DIRECTION ( 'NONE',  ( -1.000000000000000000, -0.0000000000000000000, -0.0000000000000000000 ) ) ;
#3334 =( GEOMETRIC_REPRESENTATION_CONTEXT ( 3 ) GLOBAL_UNCERTAINTY_ASSIGNED_CONTEXT ( ( #3035 ) ) GLOBAL_UNIT_ASSIGNED_CONTEXT ( ( #3343, #3318, #502 ) ) REPRESENTATION_CONTEXT ( 'NONE', 'WORKASPACE' ) );
#3335 = FILL_AREA_STYLE_COLOUR ( '', #2810 ) ;
#3336 = VERTEX_POINT ( 'NONE', #2613 ) ;
#3337 = CARTESIAN_POINT ( 'NONE',  ( -2.061742646715053695, 1.290756629954999957, 0.08319033040856001204 ) ) ;
#3338 = CARTESIAN_POINT ( 'NONE',  ( -0.6311674008809999847, 0.8603436123350000075, 0.9000000000000001332 ) ) ;
#3339 = B_SPLINE_CURVE_WITH_KNOTS ( 'NONE', 3,
 ( #659, #4090, #2431, #1181 ),
 .UNSPECIFIED., .F., .F.,
 ( 4, 4 ),
 ( 0.0000000000000000000, 1.000000000000000000 ),
 .UNSPECIFIED. ) ;
#3340 = CARTESIAN_POINT ( 'NONE',  ( -0.5000000000000000000, -0.8025418502200000193, 0.9000000000000001332 ) ) ;
#3341 =( NAMED_UNIT ( * ) PLANE_ANGLE_UNIT ( ) SI_UNIT ( $, .RADIAN. ) );
#3342 = DIRECTION ( 'NONE',  ( 1.000000000000000000, 0.0000000000000000000, 0.0000000000000000000 ) ) ;
#3343 =( LENGTH_UNIT ( ) NAMED_UNIT ( * ) SI_UNIT ( .MILLI., .METRE. ) );
#3344 =( NAMED_UNIT ( * ) SI_UNIT ( $, .STERADIAN. ) SOLID_ANGLE_UNIT ( ) );
#3345 = SURFACE_SIDE_STYLE ('',( #4594 ) ) ;
#3346 = EDGE_CURVE ( 'NONE', #1954, #3974, #1435, .T. ) ;
#3347 = EDGE_LOOP ( 'NONE', ( #5263, #3518, #1783, #3489 ) ) ;
#3348 = ORIENTED_EDGE ( 'NONE', *, *, #1315, .T. ) ;
#3349 =( LENGTH_UNIT ( ) NAMED_UNIT ( * ) SI_UNIT ( .MILLI., .METRE. ) );
#3350 = DIRECTION ( 'NONE',  ( -1.999999999999999958E-16, -1.000000000000000000, -0.0000000000000000000 ) ) ;
#3351 = PLANE ( 'NONE',  #2916 ) ;
#3352 = EDGE_CURVE ( 'NONE', #797, #1917, #269, .T. ) ;
#3353 = ORIENTED_EDGE ( 'NONE', *, *, #213, .T. ) ;
#3354 = LINE ( 'NONE', #4951, #2961 ) ;
#3355 = ADVANCED_FACE ( 'NONE', ( #5091 ), #2721, .T. ) ;
#3356 = LINE ( 'NONE', #1267, #761 ) ;
#3357 = ORIENTED_EDGE ( 'NONE', *, *, #1550, .F. ) ;
#3358 = B_SPLINE_CURVE_WITH_KNOTS ( 'NONE', 3,
 ( #1884, #613, #3066, #3485 ),
 .UNSPECIFIED., .F., .F.,
 ( 4, 4 ),
 ( 0.0000000000000000000, 1.000000000000000000 ),
 .UNSPECIFIED. ) ;
#3359 = VECTOR ( 'NONE', #4623, 1000.000000000000000 ) ;
#3360 = CARTESIAN_POINT ( 'NONE',  ( -1.015418502203000006, 0.01221585903083999974, 0.8950000000000000178 ) ) ;
#3361 = CARTESIAN_POINT ( 'NONE',  ( -1.960495720687000176, 1.100000000000000089, 0.8000000000000000444 ) ) ;
#3362 = CARTESIAN_POINT ( 'NONE',  ( 1.949999999999999956, 1.188273498465000078, 0.1000000000000000056 ) ) ;
#3363 = VECTOR ( 'NONE', #1169, 1000.000000000000114 ) ;
#3364 = FILL_AREA_STYLE ('',( #4158 ) ) ;
#3365 = CARTESIAN_POINT ( 'NONE',  ( -0.9713656387666667058, 0.6122158590309999537, 0.8950000000000000178 ) ) ;
#3366 = VECTOR ( 'NONE', #685, 1000.000000000000000 ) ;
#3367 = DIRECTION ( 'NONE',  ( -1.000000000000000000, -0.0000000000000000000, -0.0000000000000000000 ) ) ;
#3368 = CARTESIAN_POINT ( 'NONE',  ( 0.0000000000000000000, 0.0000000000000000000, 0.0000000000000000000 ) ) ;
#3369 = CARTESIAN_POINT ( 'NONE',  ( -0.5000000000000000000, -0.7584889867840000077, 0.9000000000000001332 ) ) ;
#3370 = CARTESIAN_POINT ( 'NONE',  ( -0.5000000000000000000, 0.01221585903083999627, 0.9000000000000001332 ) ) ;
#3371 = VERTEX_POINT ( 'NONE', #2422 ) ;
#3372 = ORIENTED_EDGE ( 'NONE', *, *, #667, .T. ) ;
#3373 = CARTESIAN_POINT ( 'NONE',  ( -0.8588105726870000067, -0.6918590308370000663, 0.9000000000000001332 ) ) ;
#3374 = ORIENTED_EDGE ( 'NONE', *, *, #3868, .F. ) ;
#3375 = ADVANCED_FACE ( 'NONE', ( #1171 ), #4830, .F. ) ;
#3376 = CARTESIAN_POINT ( 'NONE',  ( -1.218942731277999902, 0.06706167400880999607, 0.9000000000000001332 ) ) ;
#3377 = PRESENTATION_STYLE_ASSIGNMENT (( #2590 ) ) ;
#3378 = CARTESIAN_POINT ( 'NONE',  ( 1.949999999999999956, -1.188273498465000078, 0.1000000000000000056 ) ) ;
#3379 = PLANE ( 'NONE',  #3930 ) ;
#3380 = ORIENTED_EDGE ( 'NONE', *, *, #1603, .T. ) ;
#3381 = PRESENTATION_LAYER_ASSIGNMENT (  '', '', ( #2520 ) ) ;
#3382 = ORIENTED_EDGE ( 'NONE', *, *, #2960, .F. ) ;
#3383 = ADVANCED_FACE ( 'NONE', ( #1971 ), #1833, .T. ) ;
#3384 = CARTESIAN_POINT ( 'NONE',  ( -1.956148250831564628, -1.110495720687000309, 0.9000000000000000222 ) ) ;
#3385 = AXIS2_PLACEMENT_3D ( 'NONE', #4504, #2019, #2497 ) ;
#3386 = DIRECTION ( 'NONE',  ( -0.9972071495702732324, 0.07468534559022046992, 0.0000000000000000000 ) ) ;
#3387 = PLANE ( 'NONE',  #1260 ) ;
#3388 = CARTESIAN_POINT ( 'NONE',  ( -1.023348017620999917, 0.3597929515419999724, 0.8950000000000000178 ) ) ;
#3389 = CARTESIAN_POINT ( 'NONE',  ( 1.960495720686999954, -1.106148250831564761, 0.9000000000000001332 ) ) ;
#3390 = B_SPLINE_CURVE_WITH_KNOTS ( 'NONE', 3,
 ( #3679, #2284, #754, #1633 ),
 .UNSPECIFIED., .F., .F.,
 ( 4, 4 ),
 ( 0.0000000000000000000, 1.000000000000000000 ),
 .UNSPECIFIED. ) ;
#3391 = EDGE_CURVE ( 'NONE', #3050, #3916, #628, .T. ) ;
#3392 = DIRECTION ( 'NONE',  ( 0.0000000000000000000, 0.0000000000000000000, -1.000000000000000000 ) ) ;
#3393 = SURFACE_SIDE_STYLE ('',( #556 ) ) ;
#3394 = CARTESIAN_POINT ( 'NONE',  ( -0.8783039647579999887, -0.8947224669600000180, 0.9000000000000001332 ) ) ;
#3395 = COLOUR_RGB ( '',0.7098039215686274828, 0.7098039215686274828, 0.7098039215686274828 ) ;
#3396 = CARTESIAN_POINT ( 'NONE',  ( -1.187114537445333129, 0.6782951541849999710, 0.8950000000000000178 ) ) ;
#3397 = DIRECTION ( 'NONE',  ( 0.0000000000000000000, 0.0000000000000000000, 1.000000000000000000 ) ) ;
#3398 = ORIENTED_EDGE ( 'NONE', *, *, #3949, .T. ) ;
#3399 = COLOUR_RGB ( '',0.0000000000000000000, 0.0000000000000000000, 0.0000000000000000000 ) ;
#3400 = CARTESIAN_POINT ( 'NONE',  ( -0.5000000000000000000, 0.3597929515419999724, 0.8950000000000000178 ) ) ;
#3401 = LINE ( 'NONE', #2242, #2602 ) ;
#3402 = DIRECTION ( 'NONE',  ( 0.0000000000000000000, 0.0000000000000000000, 1.000000000000000000 ) ) ;
#3403 = PRESENTATION_LAYER_ASSIGNMENT (  '', '', ( #4704 ) ) ;
#3404 = ORIENTED_EDGE ( 'NONE', *, *, #565, .F. ) ;
#3405 = ORIENTED_EDGE ( 'NONE', *, *, #4802, .T. ) ;
#3406 = CARTESIAN_POINT ( 'NONE',  ( 2.038273498465000166, 1.100000000000000089, 0.1000000000000000056 ) ) ;
#3407 = CARTESIAN_POINT ( 'NONE',  ( -0.5075991189430000272, -0.8725859030839999697, 0.8950000000000000178 ) ) ;
#3408 = CARTESIAN_POINT ( 'NONE',  ( -0.7225770925109998855, 0.9346828193836665966, 0.8950000000000000178 ) ) ;
#3409 = ORIENTED_EDGE ( 'NONE', *, *, #4848, .T. ) ;
#3410 = VERTEX_POINT ( 'NONE', #3668 ) ;
#3411 = EDGE_CURVE ( 'NONE', #1038, #211, #2, .T. ) ;
#3412 = VECTOR ( 'NONE', #799, 1000.000000000000000 ) ;
#3413 = CARTESIAN_POINT ( 'NONE',  ( -2.001709418202676893, 1.188273498465000522, 6.938893903906999577E-18 ) ) ;
#3414 = LINE ( 'NONE', #2202, #5017 ) ;
#3415 = DIRECTION ( 'NONE',  ( 0.0000000000000000000, 0.0000000000000000000, -1.000000000000000000 ) ) ;
#3416 = CARTESIAN_POINT ( 'NONE',  ( -0.5000000000000000000, -0.4761101321589999991, 0.9000000000000001332 ) ) ;
#3417 = EDGE_CURVE ( 'NONE', #1205, #4366, #1508, .T. ) ;
#3418 = CARTESIAN_POINT ( 'NONE',  ( -1.115198237885000054, 0.3333612334800000188, 0.8950000000000000178 ) ) ;
#3419 =( LENGTH_UNIT ( ) NAMED_UNIT ( * ) SI_UNIT ( .MILLI., .METRE. ) );
#3420 = CARTESIAN_POINT ( 'NONE',  ( -3.000000000000000061E-17, 0.06706167400880999607, 0.9000000000000001332 ) ) ;
#3421 = UNCERTAINTY_MEASURE_WITH_UNIT (LENGTH_MEASURE( 1.000000000000000082E-05 ), #5082, 'distance_accuracy_value', 'NONE');
#3422 = DIRECTION ( 'NONE',  ( 0.0000000000000000000, 0.0000000000000000000, 1.000000000000000000 ) ) ;
#3423 = LINE ( 'NONE', #1354, #4056 ) ;
#3424 = EDGE_CURVE ( 'NONE', #117, #699, #1568, .T. ) ;
#3425 = ORIENTED_EDGE ( 'NONE', *, *, #543, .F. ) ;
#3426 = B_SPLINE_SURFACE_WITH_KNOTS ( 'NONE', 2, 1, ( 
 ( #944, #3088 ),
 ( #1857, #3478 ),
 ( #3006, #5112 ) ),
 .UNSPECIFIED., .F., .F., .F.,
 ( 3, 3 ),
 ( 2, 2 ),
 ( 0.0000000000000000000, 1.000000000000000000 ),
 ( 0.0000000000000000000, 1.000000000000000000 ),
 .UNSPECIFIED. ) ;
#3427 =( LENGTH_UNIT ( ) NAMED_UNIT ( * ) SI_UNIT ( .MILLI., .METRE. ) );
#3428 = CARTESIAN_POINT ( 'NONE',  ( 2.118398486594999852, 1.100000000000000089, 0.02828470682495000388 ) ) ;
#3429 = CARTESIAN_POINT ( 'NONE',  ( -1.142290748898666664, 0.8444845814976666976, 0.9000000000000001332 ) ) ;
#3430 = EDGE_LOOP ( 'NONE', ( #5012, #4092, #1215, #3946 ) ) ;
#3431 = ORIENTED_EDGE ( 'NONE', *, *, #3182, .T. ) ;
#3432 =( NAMED_UNIT ( * ) PLANE_ANGLE_UNIT ( ) SI_UNIT ( $, .RADIAN. ) );
#3433 =( NAMED_UNIT ( * ) SI_UNIT ( $, .STERADIAN. ) SOLID_ANGLE_UNIT ( ) );
#3434 = ORIENTED_EDGE ( 'NONE', *, *, #2975, .T. ) ;
#3435 = DIRECTION ( 'NONE',  ( 0.0000000000000000000, 1.000000000000000000, -0.0000000000000000000 ) ) ;
#3436 = CARTESIAN_POINT ( 'NONE',  ( -0.8588105726870000067, -0.6918590308370000663, 0.8950000000000000178 ) ) ;
#3437 = ORIENTED_EDGE ( 'NONE', *, *, #1281, .F. ) ;
#3438 = ORIENTED_EDGE ( 'NONE', *, *, #2193, .F. ) ;
#3439 = B_SPLINE_CURVE_WITH_KNOTS ( 'NONE', 3,
 ( #3614, #722, #1095, #2318 ),
 .UNSPECIFIED., .F., .F.,
 ( 4, 4 ),
 ( 0.0000000000000000000, 1.000000000000000000 ),
 .UNSPECIFIED. ) ;
#3440 = CARTESIAN_POINT ( 'NONE',  ( -0.8951541850219999485, -0.8471453744490000659, 0.9000000000000001332 ) ) ;
#3441 = EDGE_CURVE ( 'NONE', #1306, #4790, #1594, .T. ) ;
#3442 = CARTESIAN_POINT ( 'NONE',  ( -0.6688325991189999487, 0.9241101321590000639, 0.9000000000000001332 ) ) ;
#3443 = PRESENTATION_STYLE_ASSIGNMENT (( #576 ) ) ;
#3444 =( NAMED_UNIT ( * ) SI_UNIT ( $, .STERADIAN. ) SOLID_ANGLE_UNIT ( ) );
#3445 = PLANE ( 'NONE',  #3005 ) ;
#3446 = DIRECTION ( 'NONE',  ( 0.0000000000000000000, 0.0000000000000000000, 1.000000000000000000 ) ) ;
#3447 = EDGE_CURVE ( 'NONE', #4411, #351, #4456, .T. ) ;
#3448 = VECTOR ( 'NONE', #2587, 1000.000000000000000 ) ;
#3449 = CARTESIAN_POINT ( 'NONE',  ( -2.149999999999999911, 0.6750000000000000444, 0.0000000000000000000 ) ) ;
#3450 = FILL_AREA_STYLE_COLOUR ( '', #672 ) ;
#3451 = FACE_OUTER_BOUND ( 'NONE', #1692, .T. ) ;
#3452 = ORIENTED_EDGE ( 'NONE', *, *, #246, .F. ) ;
#3453 = STYLED_ITEM ( 'NONE', ( #4534 ), #1502 ) ;
#3454 = MECHANICAL_DESIGN_GEOMETRIC_PRESENTATION_REPRESENTATION (  '', ( #188 ), #3710 ) ;
#3455 = EDGE_CURVE ( 'NONE', #1239, #3924, #2832, .T. ) ;
#3456 = CARTESIAN_POINT ( 'NONE',  ( 2.001709418202676005, 1.188273498464999856, 0.0000000000000000000 ) ) ;
#3457 = SURFACE_SIDE_STYLE ('',( #644 ) ) ;
#3458 = CARTESIAN_POINT ( 'NONE',  ( -1.949999999999999956, 1.197447250526000095, 0.8586306990930000493 ) ) ;
#3459 = ORIENTED_EDGE ( 'NONE', *, *, #1946, .F. ) ;
#3460 = ORIENTED_EDGE ( 'NONE', *, *, #1383, .F. ) ;
#3461 = LINE ( 'NONE', #3072, #2528 ) ;
#3462 =( NAMED_UNIT ( * ) PLANE_ANGLE_UNIT ( ) SI_UNIT ( $, .RADIAN. ) );
#3463 = ORIENTED_EDGE ( 'NONE', *, *, #2727, .T. ) ;
#3464 = DIRECTION ( 'NONE',  ( 0.0000000000000000000, 0.0000000000000000000, 1.000000000000000000 ) ) ;
#3465 = SURFACE_STYLE_FILL_AREA ( #2276 ) ;
#3466 = ORIENTED_EDGE ( 'NONE', *, *, #1612, .F. ) ;
#3467 = VERTEX_POINT ( 'NONE', #3264 ) ;
#3468 = VECTOR ( 'NONE', #2141, 1000.000000000000000 ) ;
#3469 = CARTESIAN_POINT ( 'NONE',  ( -0.9420704845809999561, -0.8481365638769999826, 0.8950000000000000178 ) ) ;
#3470 = LINE ( 'NONE', #4370, #1072 ) ;
#3471 = CARTESIAN_POINT ( 'NONE',  ( -1.123127753304000054, 0.9029647577089999766, 0.9000000000000001332 ) ) ;
#3472 = DIRECTION ( 'NONE',  ( -1.987767469345433115E-16, -1.000000000000000000, 2.208630521497147299E-17 ) ) ;
#3473 = CARTESIAN_POINT ( 'NONE',  ( -0.7405286343610000266, -0.6026519823790000840, 0.8950000000000000178 ) ) ;
#3474 = B_SPLINE_SURFACE_WITH_KNOTS ( 'NONE', 2, 1, ( 
 ( #3621, #4811 ),
 ( #5262, #4407 ),
 ( #4784, #353 ) ),
 .UNSPECIFIED., .F., .F., .F.,
 ( 3, 3 ),
 ( 2, 2 ),
 ( 0.0000000000000000000, 1.000000000000000000 ),
 ( 0.0000000000000000000, 1.000000000000000000 ),
 .UNSPECIFIED. ) ;
#3475 = MECHANICAL_DESIGN_GEOMETRIC_PRESENTATION_REPRESENTATION (  '', ( #1245 ), #2354 ) ;
#3476 = CARTESIAN_POINT ( 'NONE',  ( -0.9017621145369999480, -0.7242378854630000529, 0.9000000000000002442 ) ) ;
#3477 = SURFACE_STYLE_USAGE ( .BOTH. , #3393 ) ;
#3478 = CARTESIAN_POINT ( 'NONE',  ( -0.5485682819380000019, -0.8398766519820000109, 0.9000000000000001332 ) ) ;
#3479 = UNCERTAINTY_MEASURE_WITH_UNIT (LENGTH_MEASURE( 1.000000000000000082E-05 ), #3480, 'distance_accuracy_value', 'NONE');
#3480 =( LENGTH_UNIT ( ) NAMED_UNIT ( * ) SI_UNIT ( .MILLI., .METRE. ) );
#3481 = CARTESIAN_POINT ( 'NONE',  ( -1.133370044052999903, -0.4242378854630000085, 0.8950000000000000178 ) ) ;
#3482 = VECTOR ( 'NONE', #2428, 1000.000000000000000 ) ;
#3483 = EDGE_LOOP ( 'NONE', ( #402, #465, #1527, #2268 ) ) ;
#3484 = EDGE_CURVE ( 'NONE', #482, #699, #4483, .T. ) ;
#3485 = CARTESIAN_POINT ( 'NONE',  ( -0.7405286343610000266, -0.6026519823790000840, 0.9000000000000001332 ) ) ;
#3486 = CARTESIAN_POINT ( 'NONE',  ( 2.118398486594999852, 1.198645549564247403, 0.02828470682495000388 ) ) ;
#3487 = DIRECTION ( 'NONE',  ( -0.0000000000000000000, -0.0000000000000000000, -1.000000000000000000 ) ) ;
#3488 = CARTESIAN_POINT ( 'NONE',  ( -1.949999999999999956, 1.209884094154999978, 0.8110431526069999952 ) ) ;
#3489 = ORIENTED_EDGE ( 'NONE', *, *, #4146, .T. ) ;
#3490 = VECTOR ( 'NONE', #1778, 1000.000000000000000 ) ;
#3491 = ORIENTED_EDGE ( 'NONE', *, *, #5129, .T. ) ;
#3492 = EDGE_CURVE ( 'NONE', #3805, #836, #2110, .T. ) ;
#3493 = CARTESIAN_POINT ( 'NONE',  ( -0.6430616740090000505, -0.6753392070479999898, 0.8950000000000000178 ) ) ;
#3494 = VECTOR ( 'NONE', #1615, 1000.000000000000000 ) ;
#3495 = ORIENTED_EDGE ( 'NONE', *, *, #3675, .T. ) ;
#3496 = LINE ( 'NONE', #2968, #1427 ) ;
#3497 = PRESENTATION_STYLE_ASSIGNMENT (( #2993 ) ) ;
#3498 = VERTEX_POINT ( 'NONE', #4964 ) ;
#3499 = VERTEX_POINT ( 'NONE', #3319 ) ;
#3500 = EDGE_CURVE ( 'NONE', #3228, #71, #3508, .T. ) ;
#3501 = VECTOR ( 'NONE', #3464, 1000.000000000000000 ) ;
#3502 = CARTESIAN_POINT ( 'NONE',  ( -0.9371145374449999510, -0.8672995594710000145, 0.9000000000000001332 ) ) ;
#3503 = LINE ( 'NONE', #681, #4763 ) ;
#3504 = PRESENTATION_STYLE_ASSIGNMENT (( #5059 ) ) ;
#3505 = PRESENTATION_LAYER_ASSIGNMENT (  '', '', ( #2807 ) ) ;
#3506 =( NAMED_UNIT ( * ) PLANE_ANGLE_UNIT ( ) SI_UNIT ( $, .RADIAN. ) );
#3507 = CARTESIAN_POINT ( 'NONE',  ( 2.009165628732999753, -1.100000000000000533, 0.8928943887870000040 ) ) ;
#3508 = B_SPLINE_CURVE_WITH_KNOTS ( 'NONE', 3,
 ( #1279, #3369, #4988, #854 ),
 .UNSPECIFIED., .F., .F.,
 ( 4, 4 ),
 ( 0.0000000000000000000, 1.000000000000000000 ),
 .UNSPECIFIED. ) ;
#3509 = STYLED_ITEM ( 'NONE', ( #3497 ), #4976 ) ;
#3510 = FILL_AREA_STYLE_COLOUR ( '', #289 ) ;
#3511 = CARTESIAN_POINT ( 'NONE',  ( -0.9460352422910000003, -0.8250088105730000176, 0.8950000000000000178 ) ) ;
#3512 = CARTESIAN_POINT ( 'NONE',  ( -0.7616740088103334250, 0.6690440528629999495, 0.8950000000000000178 ) ) ;
#3513 = CARTESIAN_POINT ( 'NONE',  ( -1.132378854626000075, -1.099999999999999878E-16, 0.9000000000000001332 ) ) ;
#3514 = ORIENTED_EDGE ( 'NONE', *, *, #4249, .F. ) ;
#3515 =( NAMED_UNIT ( * ) SI_UNIT ( $, .STERADIAN. ) SOLID_ANGLE_UNIT ( ) );
#3516 =( NAMED_UNIT ( * ) PLANE_ANGLE_UNIT ( ) SI_UNIT ( $, .RADIAN. ) );
#3517 = ADVANCED_FACE ( 'NONE', ( #2556 ), #4135, .T. ) ;
#3518 = ORIENTED_EDGE ( 'NONE', *, *, #2960, .T. ) ;
#3519 = ORIENTED_EDGE ( 'NONE', *, *, #3441, .F. ) ;
#3520 = CARTESIAN_POINT ( 'NONE',  ( 1.949999999999999956, 1.100000000000000089, 0.8110431526233696786 ) ) ;
#3521 = SURFACE_STYLE_FILL_AREA ( #4333 ) ;
#3522 = VERTEX_POINT ( 'NONE', #878 ) ;
#3523 = CARTESIAN_POINT ( 'NONE',  ( -1.015418502203000006, 0.01221585903083997025, 0.9000000000000001332 ) ) ;
#3524 = B_SPLINE_SURFACE_WITH_KNOTS ( 'NONE', 2, 1, ( 
 ( #5077, #2250 ),
 ( #193, #597 ),
 ( #3889, #218 ) ),
 .UNSPECIFIED., .F., .F., .F.,
 ( 3, 3 ),
 ( 2, 2 ),
 ( 0.0000000000000000000, 1.000000000000000000 ),
 ( 0.0000000000000000000, 1.000000000000000000 ),
 .UNSPECIFIED. ) ;
#3525 = CARTESIAN_POINT ( 'NONE',  ( -0.5000000000000000000, 0.7787356828189999636, 0.8950000000000000178 ) ) ;
#3526 = ORIENTED_EDGE ( 'NONE', *, *, #4802, .F. ) ;
#3527 = ORIENTED_EDGE ( 'NONE', *, *, #3500, .F. ) ;
#3528 = CARTESIAN_POINT ( 'NONE',  ( -1.123127753304000054, 0.9029647577089999766, 0.8950000000000000178 ) ) ;
#3529 = EDGE_CURVE ( 'NONE', #3944, #750, #4542, .T. ) ;
#3530 = CARTESIAN_POINT ( 'NONE',  ( -0.6430616740090000505, -0.6753392070479999898, 0.8950000000000000178 ) ) ;
#3531 = LINE ( 'NONE', #4663, #4961 ) ;
#3532 = CARTESIAN_POINT ( 'NONE',  ( -1.126101321586000070, 0.3436035242289999792, 0.9000000000000001332 ) ) ;
#3533 = EDGE_CURVE ( 'NONE', #1176, #1634, #4192, .T. ) ;
#3534 = SURFACE_SIDE_STYLE ('',( #2289 ) ) ;
#3535 = CARTESIAN_POINT ( 'NONE',  ( -0.5758810572686666740, 0.7114449339206666556, 0.8950000000000000178 ) ) ;
#3536 = VECTOR ( 'NONE', #2380, 1000.000000000000000 ) ;
#3537 = DIRECTION ( 'NONE',  ( 0.0000000000000000000, -1.000000000000000000, 0.0000000000000000000 ) ) ;
#3538 = SURFACE_STYLE_USAGE ( .BOTH. , #3878 ) ;
#3539 = CARTESIAN_POINT ( 'NONE',  ( 1.949999999999999956, 1.188273498464999856, 0.0000000000000000000 ) ) ;
#3540 = CARTESIAN_POINT ( 'NONE',  ( -1.170374449339000034, -0.6409779735680000146, 0.8950000000000000178 ) ) ;
#3541 = AXIS2_PLACEMENT_3D ( 'NONE', #1198, #4027, #1968 ) ;
#3542 = VERTEX_POINT ( 'NONE', #921 ) ;
#3543 = CARTESIAN_POINT ( 'NONE',  ( -0.7378854625549999824, -0.6594801762109999688, 0.8950000000000000178 ) ) ;
#3544 = CARTESIAN_POINT ( 'NONE',  ( -0.5809471365639999885, -0.2038634361230000080, 0.8950000000000000178 ) ) ;
#3545 = ORIENTED_EDGE ( 'NONE', *, *, #3500, .T. ) ;
#3546 = VERTEX_POINT ( 'NONE', #1653 ) ;
#3547 = VERTEX_POINT ( 'NONE', #4222 ) ;
#3548 = EDGE_CURVE ( 'NONE', #1395, #2751, #3248, .T. ) ;
#3549 = CARTESIAN_POINT ( 'NONE',  ( -0.8584801762110000345, 0.8841321585900001612, 0.9000000000000001332 ) ) ;
#3550 = FACE_OUTER_BOUND ( 'NONE', #1947, .T. ) ;
#3551 = ORIENTED_EDGE ( 'NONE', *, *, #4519, .F. ) ;
#3552 = ADVANCED_FACE ( 'NONE', ( #2153 ), #1749, .T. ) ;
#3553 = CARTESIAN_POINT ( 'NONE',  ( -0.9017621145369999480, -0.7242378854630000529, 0.8950000000000000178 ) ) ;
#3554 = PRESENTATION_LAYER_ASSIGNMENT (  '', '', ( #5272 ) ) ;
#3555 = CARTESIAN_POINT ( 'NONE',  ( -1.350000000000000089, -1.110495720687000087, 0.9000000000000001332 ) ) ;
#3556 = CARTESIAN_POINT ( 'NONE',  ( -2.009165628733000197, -1.134658422885460594, 0.8928943887870000040 ) ) ;
#3557 = CARTESIAN_POINT ( 'NONE',  ( -1.170374449339000034, 0.7787356828189999636, 0.9000000000000001332 ) ) ;
#3558 = VERTEX_POINT ( 'NONE', #2082 ) ;
#3559 = VECTOR ( 'NONE', #4088, 1000.000000000000000 ) ;
#3560 = SURFACE_SIDE_STYLE ('',( #959 ) ) ;
#3561 = PLANE ( 'NONE',  #2638 ) ;
#3562 = CARTESIAN_POINT ( 'NONE',  ( 2.059884094155000511, 1.100000000000000089, 0.8110431526069999952 ) ) ;
#3563 = CARTESIAN_POINT ( 'NONE',  ( 2.059884094152032663, -1.100000000000000311, 0.8110431526110517542 ) ) ;
#3564 = VERTEX_POINT ( 'NONE', #2451 ) ;
#3565 = AXIS2_PLACEMENT_3D ( 'NONE', #3520, #3103, #1890 ) ;
#3566 = CARTESIAN_POINT ( 'NONE',  ( -0.5862334801759999658, 0.6538458149779999840, 0.9000000000000001332 ) ) ;
#3567 = DIRECTION ( 'NONE',  ( -1.000000000000000000, 0.0000000000000000000, 0.0000000000000000000 ) ) ;
#3568 = EDGE_LOOP ( 'NONE', ( #2544, #899, #2320, #3651 ) ) ;
#3569 = EDGE_LOOP ( 'NONE', ( #1916, #1394, #5291, #4873 ) ) ;
#3570 = VERTEX_POINT ( 'NONE', #4110 ) ;
#3571 = AXIS2_PLACEMENT_3D ( 'NONE', #4017, #1081, #760 ) ;
#3572 = DIRECTION ( 'NONE',  ( 0.0000000000000000000, -1.000000000000000000, -0.0000000000000000000 ) ) ;
#3573 = CARTESIAN_POINT ( 'NONE',  ( -0.8574889867839999846, 0.6122158590309999537, 0.8950000000000000178 ) ) ;
#3574 = EDGE_CURVE ( 'NONE', #5116, #4116, #427, .T. ) ;
#3575 = CARTESIAN_POINT ( 'NONE',  ( 2.140756629955000712, -1.211742646715052940, 0.08319033040856001204 ) ) ;
#3576 = STYLED_ITEM ( 'NONE', ( #160 ), #5121 ) ;
#3577 = VECTOR ( 'NONE', #4233, 1000.000000000000000 ) ;
#3578 = AXIS2_PLACEMENT_3D ( 'NONE', #1826, #973, #582 ) ;
#3579 = PRESENTATION_LAYER_ASSIGNMENT (  '', '', ( #588 ) ) ;
#3580 = CARTESIAN_POINT ( 'NONE',  ( -0.5000000000000000000, 0.7787356828189999636, 0.9000000000000001332 ) ) ;
#3581 = DIRECTION ( 'NONE',  ( 0.0000000000000000000, -0.1104315260749562794, 0.9938837346736066891 ) ) ;
#3582 = EDGE_CURVE ( 'NONE', #4624, #4795, #2506, .T. ) ;
#3583 = SURFACE_STYLE_USAGE ( .BOTH. , #1994 ) ;
#3584 = LINE ( 'NONE', #4825, #449 ) ;
#3585 = SURFACE_STYLE_FILL_AREA ( #988 ) ;
#3586 = CARTESIAN_POINT ( 'NONE',  ( -0.6142070484583332934, -0.6856916299559999706, 0.8950000000000000178 ) ) ;
#3587 = CARTESIAN_POINT ( 'NONE',  ( -1.949999999999999956, -1.100000000000000089, 0.8110431526233696786 ) ) ;
#3588 = DIRECTION ( 'NONE',  ( 0.0000000000000000000, -1.000000000000000000, 0.0000000000000000000 ) ) ;
#3589 =( GEOMETRIC_REPRESENTATION_CONTEXT ( 3 ) GLOBAL_UNCERTAINTY_ASSIGNED_CONTEXT ( ( #1907 ) ) GLOBAL_UNIT_ASSIGNED_CONTEXT ( ( #4619, #98, #4191 ) ) REPRESENTATION_CONTEXT ( 'NONE', 'WORKASPACE' ) );
#3590 = EDGE_CURVE ( 'NONE', #4728, #3648, #2105, .T. ) ;
#3591 = CARTESIAN_POINT ( 'NONE',  ( -1.086123348017999923, 0.8603436123350000075, 0.8950000000000000178 ) ) ;
#3592 = ORIENTED_EDGE ( 'NONE', *, *, #5067, .T. ) ;
#3593 = DIRECTION ( 'NONE',  ( -2.199999999999999757E-16, 1.000000000000000000, 0.0000000000000000000 ) ) ;
#3594 = DIRECTION ( 'NONE',  ( 0.2849332877769122363, 0.9585473496477049382, 0.0000000000000000000 ) ) ;
#3595 = LINE ( 'NONE', #4089, #5085 ) ;
#3596 = CARTESIAN_POINT ( 'NONE',  ( -1.550000000000000266, 1.110495720687000087, 0.9000000000000001332 ) ) ;
#3597 = ORIENTED_EDGE ( 'NONE', *, *, #3175, .F. ) ;
#3598 = ORIENTED_EDGE ( 'NONE', *, *, #180, .T. ) ;
#3599 =( LENGTH_UNIT ( ) NAMED_UNIT ( * ) SI_UNIT ( .MILLI., .METRE. ) );
#3600 = SURFACE_STYLE_FILL_AREA ( #1584 ) ;
#3601 = CARTESIAN_POINT ( 'NONE',  ( -1.028303964757999900, 0.6122158590309999537, 0.9000000000000001332 ) ) ;
#3602 = CARTESIAN_POINT ( 'NONE',  ( -1.218942731277999902, 0.06706167400880999607, 0.9000000000000001332 ) ) ;
#3603 = EDGE_LOOP ( 'NONE', ( #92, #2568, #2425, #4250 ) ) ;
#3604 = CARTESIAN_POINT ( 'NONE',  ( -2.118398486594999852, -1.100000000000000089, 0.02828470682495000388 ) ) ;
#3605 = APPLICATION_PROTOCOL_DEFINITION ( 'draft international standard', 'automotive_design', 1998, #4139 ) ;
#3606 = SURFACE_STYLE_USAGE ( .BOTH. , #5275 ) ;
#3607 = CARTESIAN_POINT ( 'NONE',  ( -2.030914104465999959, -1.100000000000000089, 0.8786759966330001115 ) ) ;
#3608 = DIRECTION ( 'NONE',  ( -0.0000000000000000000, -1.000000000000000000, 0.0000000000000000000 ) ) ;
#3609 = ORIENTED_EDGE ( 'NONE', *, *, #2396, .F. ) ;
#3610 = EDGE_CURVE ( 'NONE', #3907, #3616, #1403, .T. ) ;
#3611 = DIRECTION ( 'NONE',  ( 0.0000000000000000000, 0.0000000000000000000, -1.000000000000000000 ) ) ;
#3612 = CARTESIAN_POINT ( 'NONE',  ( -1.147246696035000069, 0.3617753303960000166, 0.8950000000000000178 ) ) ;
#3613 = CARTESIAN_POINT ( 'NONE',  ( -0.5697136563879999782, -0.9029823788549999897, 0.9000000000000001332 ) ) ;
#3614 = CARTESIAN_POINT ( 'NONE',  ( -0.6166299559469999858, -0.6251189427309999935, 0.8950000000000000178 ) ) ;
#3615 = CARTESIAN_POINT ( 'NONE',  ( -0.8584801762110000345, 0.8841321585900001612, 0.8950000000000000178 ) ) ;
#3616 = VERTEX_POINT ( 'NONE', #202 ) ;
#3617 = VERTEX_POINT ( 'NONE', #1377 ) ;
#3618 = PRESENTATION_LAYER_ASSIGNMENT (  '', '', ( #622 ) ) ;
#3619 = ADVANCED_FACE ( 'NONE', ( #3903 ), #3426, .T. ) ;
#3620 = CARTESIAN_POINT ( 'NONE',  ( -0.5000000000000000000, 0.01221585903083999974, 0.8950000000000000178 ) ) ;
#3621 = CARTESIAN_POINT ( 'NONE',  ( -0.6688325991189999487, 0.9241101321590000639, 0.8950000000000000178 ) ) ;
#3622 = COLOUR_RGB ( '',0.0000000000000000000, 0.0000000000000000000, 0.0000000000000000000 ) ;
#3623 = ORIENTED_EDGE ( 'NONE', *, *, #4885, .T. ) ;
#3624 = CARTESIAN_POINT ( 'NONE',  ( -2.649999999999999911, 2.000000000000000143E-17, 0.0000000000000000000 ) ) ;
#3625 = ORIENTED_EDGE ( 'NONE', *, *, #4579, .T. ) ;
#3626 = ORIENTED_EDGE ( 'NONE', *, *, #447, .F. ) ;
#3627 = VECTOR ( 'NONE', #153, 1000.000000000000227 ) ;
#3628 = DIRECTION ( 'NONE',  ( -1.000000000000000000, 0.0000000000000000000, 0.0000000000000000000 ) ) ;
#3629 = SURFACE_STYLE_USAGE ( .BOTH. , #1986 ) ;
#3630 = FACE_OUTER_BOUND ( 'NONE', #3039, .T. ) ;
#3631 = CARTESIAN_POINT ( 'NONE',  ( 2.137661871933000501, -1.209929779438028152, 0.1110431526069999841 ) ) ;
#3632 = ORIENTED_EDGE ( 'NONE', *, *, #4311, .F. ) ;
#3633 =( LENGTH_UNIT ( ) NAMED_UNIT ( * ) SI_UNIT ( .MILLI., .METRE. ) );
#3634 = DIRECTION ( 'NONE',  ( 0.0000000000000000000, 0.0000000000000000000, -1.000000000000000000 ) ) ;
#3635 = CARTESIAN_POINT ( 'NONE',  ( -1.949999999999999734, -1.110495720687000309, 0.9000000000000001332 ) ) ;
#3636 =( NAMED_UNIT ( * ) SI_UNIT ( $, .STERADIAN. ) SOLID_ANGLE_UNIT ( ) );
#3637 = ORIENTED_EDGE ( 'NONE', *, *, #1419, .F. ) ;
#3638 = CARTESIAN_POINT ( 'NONE',  ( -0.5761013215856667369, 0.8444845814976666976, 0.9000000000000001332 ) ) ;
#3639 = DIRECTION ( 'NONE',  ( -1.000000000000000000, -0.0000000000000000000, -0.0000000000000000000 ) ) ;
#3640 = CARTESIAN_POINT ( 'NONE',  ( -0.5591409691630000456, -0.8715947136560000530, 0.9000000000000001332 ) ) ;
#3641 = CARTESIAN_POINT ( 'NONE',  ( -1.002202643172000140, 0.8841321585900001612, 0.9000000000000002442 ) ) ;
#3642 = AXIS2_PLACEMENT_3D ( 'NONE', #3361, #1347, #1225 ) ;
#3643 = EDGE_CURVE ( 'NONE', #4271, #3883, #4643, .T. ) ;
#3644 = ORIENTED_EDGE ( 'NONE', *, *, #2233, .F. ) ;
#3645 = AXIS2_PLACEMENT_3D ( 'NONE', #256, #5159, #1422 ) ;
#3646 = DIRECTION ( 'NONE',  ( 0.07468534559022046992, 0.9972071495702732324, 0.0000000000000000000 ) ) ;
#3647 = CARTESIAN_POINT ( 'NONE',  ( -0.5740088105730000168, -0.7229162995590000529, 0.8950000000000000178 ) ) ;
#3648 = VERTEX_POINT ( 'NONE', #974 ) ;
#3649 = EDGE_CURVE ( 'NONE', #3787, #5156, #637, .T. ) ;
#3650 = CARTESIAN_POINT ( 'NONE',  ( -1.123458149780000026, 0.6518634361230000174, 0.8950000000000000178 ) ) ;
#3651 = ORIENTED_EDGE ( 'NONE', *, *, #5297, .T. ) ;
#3652 = MECHANICAL_DESIGN_GEOMETRIC_PRESENTATION_REPRESENTATION (  '', ( #656 ), #1080 ) ;
#3653 = ORIENTED_EDGE ( 'NONE', *, *, #472, .T. ) ;
#3654 =( BOUNDED_SURFACE ( )  B_SPLINE_SURFACE ( 6, 3, ( 
 ( #5174, #4484, #801, #2771 ),
 ( #1599, #3970, #5227, #1485 ),
 ( #5199, #2342, #774, #1546 ),
 ( #2722, #1913, #1972, #2395 ),
 ( #2423, #4889, #4380, #4426 ),
 ( #1517, #3126, #3180, #748 ),
 ( #3562, #296, #4053, #2805 ) ),
 .UNSPECIFIED., .F., .F., .F. ) 
 B_SPLINE_SURFACE_WITH_KNOTS ( ( 7, 7 ),
 ( 4, 4 ),
 ( 4.712388980384999648, 6.172528086006000336 ),
 ( 0.0000000000000000000, 1.000000000000000000 ),
 .UNSPECIFIED. ) 
 GEOMETRIC_REPRESENTATION_ITEM ( )  RATIONAL_B_SPLINE_SURFACE ( (
 ( 1.000000000000000000, 0.8047378541243647154, 0.8047378541243647154, 1.000000000000000000),
 ( 1.000000000000000000, 0.8047378541243647154, 0.8047378541243647154, 1.000000000000000000),
 ( 1.000000000000000000, 0.8047378541243647154, 0.8047378541243647154, 1.000000000000000000),
 ( 1.000000000000000000, 0.8047378541243647154, 0.8047378541243647154, 1.000000000000000000),
 ( 1.000000000000000000, 0.8047378541243647154, 0.8047378541243647154, 1.000000000000000000),
 ( 1.000000000000000000, 0.8047378541243647154, 0.8047378541243647154, 1.000000000000000000),
 ( 1.000000000000000000, 0.8047378541243647154, 0.8047378541243647154, 1.000000000000000000) ) ) 
 REPRESENTATION_ITEM ( '' )  SURFACE ( )  );
#3655 = STYLED_ITEM ( 'NONE', ( #766 ), #3780 ) ;
#3656 = DIRECTION ( 'NONE',  ( -1.000000000000000000, 0.0000000000000000000, 0.0000000000000000000 ) ) ;
#3657 = EDGE_CURVE ( 'NONE', #1392, #3648, #1458, .T. ) ;
#3658 = ORIENTED_EDGE ( 'NONE', *, *, #1093, .T. ) ;
#3659 = VECTOR ( 'NONE', #2120, 1000.000000000000000 ) ;
#3660 = CARTESIAN_POINT ( 'NONE',  ( -0.6721365638770000484, -0.6647665198233332351, 0.9000000000000001332 ) ) ;
#3661 = CARTESIAN_POINT ( 'NONE',  ( -1.218942731277999902, -0.3968149779740000049, 0.8950000000000000178 ) ) ;
#3662 =( NAMED_UNIT ( * ) PLANE_ANGLE_UNIT ( ) SI_UNIT ( $, .RADIAN. ) );
#3663 = CARTESIAN_POINT ( 'NONE',  ( -0.8574889867839999846, 0.6122158590309999537, 0.8950000000000000178 ) ) ;
#3664 = EDGE_LOOP ( 'NONE', ( #3774, #3074, #2705, #4844 ) ) ;
#3665 = VECTOR ( 'NONE', #663, 1000.000000000000000 ) ;
#3666 = CARTESIAN_POINT ( 'NONE',  ( -0.5000000000000000000, 0.7232290748896667010, 0.9000000000000001332 ) ) ;
#3667 = PRESENTATION_STYLE_ASSIGNMENT (( #2129 ) ) ;
#3668 = CARTESIAN_POINT ( 'NONE',  ( -1.023348017620999917, 0.3597929515419999724, 0.9000000000000001332 ) ) ;
#3669 = CARTESIAN_POINT ( 'NONE',  ( -0.9503303964760000389, -0.7771013215859999823, 0.9000000000000001332 ) ) ;
#3670 = SURFACE_STYLE_USAGE ( .BOTH. , #2030 ) ;
#3671 = VECTOR ( 'NONE', #4373, 1000.000000000000000 ) ;
#3672 = ORIENTED_EDGE ( 'NONE', *, *, #307, .F. ) ;
#3673 = VERTEX_POINT ( 'NONE', #2261 ) ;
#3674 = COLOUR_RGB ( '',0.7921568627450980005, 0.8196078431372548767, 0.9333333333333333481 ) ;
#3675 = EDGE_CURVE ( 'NONE', #2535, #2663, #2473, .T. ) ;
#3676 = DIRECTION ( 'NONE',  ( 0.1104315260749562794, 0.0000000000000000000, 0.9938837346736066891 ) ) ;
#3677 = FACE_OUTER_BOUND ( 'NONE', #1572, .T. ) ;
#3678 = ORIENTED_EDGE ( 'NONE', *, *, #606, .T. ) ;
#3679 = CARTESIAN_POINT ( 'NONE',  ( -0.5591409691630000456, -0.8715947136560000530, 0.9000000000000001332 ) ) ;
#3680 = ORIENTED_EDGE ( 'NONE', *, *, #3154, .F. ) ;
#3681 = ADVANCED_FACE ( 'NONE', ( #5168 ), #4267, .T. ) ;
#3682 = DIRECTION ( 'NONE',  ( 0.0000000000000000000, 0.0000000000000000000, -1.000000000000000000 ) ) ;
#3683 = PLANE ( 'NONE',  #5035 ) ;
#3684 = CARTESIAN_POINT ( 'NONE',  ( 2.066297724265000468, -1.099999999999999645, 8.491471414906000369E-17 ) ) ;
#3685 = ORIENTED_EDGE ( 'NONE', *, *, #5157, .T. ) ;
#3686 = EDGE_CURVE ( 'NONE', #211, #549, #5088, .T. ) ;
#3687 = FILL_AREA_STYLE ('',( #4474 ) ) ;
#3688 = PLANE ( 'NONE',  #5110 ) ;
#3689 = CARTESIAN_POINT ( 'NONE',  ( -1.058370044053000170, -0.4242378854630000085, 0.8950000000000000178 ) ) ;
#3690 = SURFACE_SIDE_STYLE ('',( #2050 ) ) ;
#3691 = CARTESIAN_POINT ( 'NONE',  ( 1.649999999999999911, 0.6750000000000000444, 0.0000000000000000000 ) ) ;
#3692 = ORIENTED_EDGE ( 'NONE', *, *, #3714, .F. ) ;
#3693 = CARTESIAN_POINT ( 'NONE',  ( -1.949999999999999956, -1.287661871932423097, 0.1110431526069358965 ) ) ;
#3694 = FILL_AREA_STYLE ('',( #4963 ) ) ;
#3695 =( LENGTH_UNIT ( ) NAMED_UNIT ( * ) SI_UNIT ( .MILLI., .METRE. ) );
#3696 = ORIENTED_EDGE ( 'NONE', *, *, #4808, .T. ) ;
#3697 = B_SPLINE_SURFACE_WITH_KNOTS ( 'NONE', 2, 1, ( 
 ( #3755, #2562 ),
 ( #1685, #87 ),
 ( #1663, #4947 ) ),
 .UNSPECIFIED., .F., .F., .F.,
 ( 3, 3 ),
 ( 2, 2 ),
 ( 0.0000000000000000000, 1.000000000000000000 ),
 ( 0.0000000000000000000, 1.000000000000000000 ),
 .UNSPECIFIED. ) ;
#3698 = ORIENTED_EDGE ( 'NONE', *, *, #3110, .T. ) ;
#3699 = FACE_OUTER_BOUND ( 'NONE', #135, .T. ) ;
#3700 = DIRECTION ( 'NONE',  ( -0.0000000000000000000, -1.000000000000000000, 0.0000000000000000000 ) ) ;
#3701 = ORIENTED_EDGE ( 'NONE', *, *, #3080, .F. ) ;
#3702 = VECTOR ( 'NONE', #471, 1000.000000000000000 ) ;
#3703 = CARTESIAN_POINT ( 'NONE',  ( 2.149999999999999911, -1.100000000000000977, 0.0000000000000000000 ) ) ;
#3704 = PRESENTATION_STYLE_ASSIGNMENT (( #2437 ) ) ;
#3705 = CARTESIAN_POINT ( 'NONE',  ( -0.5442731277529999634, 0.8728986784140001509, 0.8950000000000000178 ) ) ;
#3706 = PRESENTATION_STYLE_ASSIGNMENT (( #1313 ) ) ;
#3707 = ORIENTED_EDGE ( 'NONE', *, *, #2521, .F. ) ;
#3708 = EDGE_CURVE ( 'NONE', #3805, #1463, #1479, .T. ) ;
#3709 = AXIS2_PLACEMENT_3D ( 'NONE', #2553, #4220, #3446 ) ;
#3710 =( GEOMETRIC_REPRESENTATION_CONTEXT ( 3 ) GLOBAL_UNCERTAINTY_ASSIGNED_CONTEXT ( ( #2029 ) ) GLOBAL_UNIT_ASSIGNED_CONTEXT ( ( #2665, #5147, #5093 ) ) REPRESENTATION_CONTEXT ( 'NONE', 'WORKASPACE' ) );
#3711 = SURFACE_STYLE_USAGE ( .BOTH. , #3257 ) ;
#3712 = CARTESIAN_POINT ( 'NONE',  ( -1.005176211453999935, 0.6690440528629999495, 0.9000000000000001332 ) ) ;
#3713 = CARTESIAN_POINT ( 'NONE',  ( -0.5740088105730000168, -0.7229162995590000529, 0.8950000000000000178 ) ) ;
#3714 = EDGE_CURVE ( 'NONE', #617, #1329, #662, .T. ) ;
#3715 = PLANE ( 'NONE',  #4584 ) ;
#3716 = DIRECTION ( 'NONE',  ( -1.000000000000000000, 0.0000000000000000000, 0.0000000000000000000 ) ) ;
#3717 = FILL_AREA_STYLE_COLOUR ( '', #2627 ) ;
#3718 = CARTESIAN_POINT ( 'NONE',  ( 1.649999999999999911, 0.6750000000000000444, 0.0000000000000000000 ) ) ;
#3719 = ADVANCED_FACE ( 'NONE', ( #3848 ), #4242, .F. ) ;
#3720 = EDGE_LOOP ( 'NONE', ( #1416, #3174, #857, #3233 ) ) ;
#3721 = AXIS2_PLACEMENT_3D ( 'NONE', #2357, #1957, #4845 ) ;
#3722 = ORIENTED_EDGE ( 'NONE', *, *, #4377, .T. ) ;
#3723 = CYLINDRICAL_SURFACE ( 'NONE', #1670, 0.1000000000000000472 ) ;
#3724 = VECTOR ( 'NONE', #1186, 1000.000000000000000 ) ;
#3725 = B_SPLINE_CURVE_WITH_KNOTS ( 'NONE', 2,
 ( #324, #2772, #3239 ),
 .UNSPECIFIED., .F., .F.,
 ( 3, 3 ),
 ( 0.0000000000000000000, 1.000000000000000000 ),
 .UNSPECIFIED. ) ;
#3726 = ORIENTED_EDGE ( 'NONE', *, *, #3803, .T. ) ;
#3727 = VECTOR ( 'NONE', #3912, 1000.000000000000000 ) ;
#3728 = PLANE ( 'NONE',  #1668 ) ;
#3729 = CARTESIAN_POINT ( 'NONE',  ( -0.5075991189430000272, -0.8725859030839999697, 0.8950000000000000178 ) ) ;
#3730 = CARTESIAN_POINT ( 'NONE',  ( -1.218942731277999902, 0.4146387665199999795, 0.9000000000000001332 ) ) ;
#3731 = VECTOR ( 'NONE', #224, 1000.000000000000000 ) ;
#3732 = ORIENTED_EDGE ( 'NONE', *, *, #1962, .T. ) ;
#3733 = COLOUR_RGB ( '',0.0000000000000000000, 0.0000000000000000000, 0.0000000000000000000 ) ;
#3734 = EDGE_CURVE ( 'NONE', #508, #187, #1085, .T. ) ;
#3735 = CARTESIAN_POINT ( 'NONE',  ( -1.084801762114999901, 0.3597929515419999724, 0.8950000000000000178 ) ) ;
#3736 = CARTESIAN_POINT ( 'NONE',  ( -1.084801762114999901, 0.3597929515419999724, 0.8950000000000000178 ) ) ;
#3737 = CARTESIAN_POINT ( 'NONE',  ( -2.149999999999999911, -0.6750000000000000444, 0.0000000000000000000 ) ) ;
#3738 = AXIS2_PLACEMENT_3D ( 'NONE', #4592, #1303, #450 ) ;
#3739 = AXIS2_PLACEMENT_3D ( 'NONE', #4874, #2438, #3656 ) ;
#3740 = DIRECTION ( 'NONE',  ( -1.000000000000000000, 0.0000000000000000000, -0.0000000000000000000 ) ) ;
#3741 = DIRECTION ( 'NONE',  ( 0.0000000000000000000, 0.0000000000000000000, 1.000000000000000000 ) ) ;
#3742 = ADVANCED_FACE ( 'NONE', ( #290 ), #2177, .T. ) ;
#3743 = CARTESIAN_POINT ( 'NONE',  ( 1.949999999999999956, 1.110495720687000087, 0.9000000000000001332 ) ) ;
#3744 = UNCERTAINTY_MEASURE_WITH_UNIT (LENGTH_MEASURE( 1.000000000000000082E-05 ), #2515, 'distance_accuracy_value', 'NONE');
#3745 = CARTESIAN_POINT ( 'NONE',  ( 2.038273498465000166, 4.000000000000000286E-17, 0.0000000000000000000 ) ) ;
#3746 = DIRECTION ( 'NONE',  ( -2.199999999999999757E-16, 1.000000000000000000, 0.0000000000000000000 ) ) ;
#3747 = EDGE_LOOP ( 'NONE', ( #2783, #3978, #4298, #3213 ) ) ;
#3748 =( GEOMETRIC_REPRESENTATION_CONTEXT ( 3 ) GLOBAL_UNCERTAINTY_ASSIGNED_CONTEXT ( ( #2660 ) ) GLOBAL_UNIT_ASSIGNED_CONTEXT ( ( #5140, #3087, #3199 ) ) REPRESENTATION_CONTEXT ( 'NONE', 'WORKASPACE' ) );
#3749 = COLOUR_RGB ( '',0.0000000000000000000, 0.0000000000000000000, 0.0000000000000000000 ) ;
#3750 = ORIENTED_EDGE ( 'NONE', *, *, #2175, .F. ) ;
#3751 = EDGE_CURVE ( 'NONE', #4451, #3220, #3242, .T. ) ;
#3752 = SURFACE_STYLE_FILL_AREA ( #1359 ) ;
#3753 = CARTESIAN_POINT ( 'NONE',  ( 2.649999999999999911, 2.000000000000000143E-17, 0.0000000000000000000 ) ) ;
#3754 = COLOUR_RGB ( '',0.0000000000000000000, 0.0000000000000000000, 0.0000000000000000000 ) ;
#3755 = CARTESIAN_POINT ( 'NONE',  ( -0.9017621145369999480, -0.7922995594710000589, 0.8950000000000000178 ) ) ;
#3756 = VERTEX_POINT ( 'NONE', #365 ) ;
#3757 = ORIENTED_EDGE ( 'NONE', *, *, #3411, .F. ) ;
#3758 = LINE ( 'NONE', #2942, #4345 ) ;
#3759 = DIRECTION ( 'NONE',  ( 1.000000000000000000, 0.0000000000000000000, 0.0000000000000000000 ) ) ;
#3760 = STYLED_ITEM ( 'NONE', ( #3667 ), #1433 ) ;
#3761 = DIRECTION ( 'NONE',  ( -0.0000000000000000000, -0.0000000000000000000, -1.000000000000000000 ) ) ;
#3762 = ORIENTED_EDGE ( 'NONE', *, *, #3533, .F. ) ;
#3763 = B_SPLINE_CURVE_WITH_KNOTS ( 'NONE', 3,
 ( #1950, #1605, #2402, #405 ),
 .UNSPECIFIED., .F., .F.,
 ( 4, 4 ),
 ( 0.0000000000000000000, 1.000000000000000000 ),
 .UNSPECIFIED. ) ;
#3764 = FACE_OUTER_BOUND ( 'NONE', #2540, .T. ) ;
#3765 = CARTESIAN_POINT ( 'NONE',  ( -1.550000000000000266, -1.110495720687000087, 0.9000000000000001332 ) ) ;
#3766 = LINE ( 'NONE', #2526, #5163 ) ;
#3767 = EDGE_CURVE ( 'NONE', #898, #2293, #1537, .T. ) ;
#3768 = CARTESIAN_POINT ( 'NONE',  ( -1.126101321586000070, 0.3436035242289999792, 0.9000000000000001332 ) ) ;
#3769 = CARTESIAN_POINT ( 'NONE',  ( -0.6311674008809999847, 0.8603436123350000075, 0.8950000000000000178 ) ) ;
#3770 = DIRECTION ( 'NONE',  ( -0.0000000000000000000, -1.000000000000000000, -0.0000000000000000000 ) ) ;
#3771 =( NAMED_UNIT ( * ) SI_UNIT ( $, .STERADIAN. ) SOLID_ANGLE_UNIT ( ) );
#3772 = B_SPLINE_CURVE_WITH_KNOTS ( 'NONE', 3,
 ( #3549, #1818, #1051, #3026 ),
 .UNSPECIFIED., .F., .F.,
 ( 4, 4 ),
 ( 0.0000000000000000000, 1.000000000000000000 ),
 .UNSPECIFIED. ) ;
#3773 = ORIENTED_EDGE ( 'NONE', *, *, #3714, .T. ) ;
#3774 = ORIENTED_EDGE ( 'NONE', *, *, #5060, .T. ) ;
#3775 = EDGE_CURVE ( 'NONE', #1305, #2838, #3040, .T. ) ;
#3776 = CARTESIAN_POINT ( 'NONE',  ( -1.132378854626000075, 0.01518942731277999995, 0.8950000000000000178 ) ) ;
#3777 = DIRECTION ( 'NONE',  ( 0.0000000000000000000, 0.0000000000000000000, -1.000000000000000000 ) ) ;
#3778 = FACE_OUTER_BOUND ( 'NONE', #4597, .T. ) ;
#3779 = ORIENTED_EDGE ( 'NONE', *, *, #1084, .T. ) ;
#3780 = ADVANCED_FACE ( 'NONE', ( #1963 ), #2763, .T. ) ;
#3781 = CARTESIAN_POINT ( 'NONE',  ( -0.9713656387666667058, 0.6122158590309999537, 0.9000000000000001332 ) ) ;
#3782 = VECTOR ( 'NONE', #1251, 1000.000000000000000 ) ;
#3783 = PRESENTATION_STYLE_ASSIGNMENT (( #65 ) ) ;
#3784 = CARTESIAN_POINT ( 'NONE',  ( 2.649999999999999911, 0.6750000000000000444, 0.0000000000000000000 ) ) ;
#3785 = CARTESIAN_POINT ( 'NONE',  ( 2.018125629601310145, -1.216297724264999935, 8.491471414906000369E-17 ) ) ;
#3786 = ORIENTED_EDGE ( 'NONE', *, *, #638, .T. ) ;
#3787 = VERTEX_POINT ( 'NONE', #2795 ) ;
#3788 = EDGE_CURVE ( 'NONE', #2143, #1140, #2364, .T. ) ;
#3789 = AXIS2_PLACEMENT_3D ( 'NONE', #3173, #4772, #4397 ) ;
#3790 = CARTESIAN_POINT ( 'NONE',  ( -0.5485682819380000019, 0.7787356828189999636, 0.9000000000000001332 ) ) ;
#3791 = DIRECTION ( 'NONE',  ( 0.0000000000000000000, 0.0000000000000000000, 1.000000000000000000 ) ) ;
#3792 = PRESENTATION_LAYER_ASSIGNMENT (  '', '', ( #1468 ) ) ;
#3793 = CARTESIAN_POINT ( 'NONE',  ( 1.960495720687000176, -1.100000000000000089, 0.9000000000000001332 ) ) ;
#3794 = CARTESIAN_POINT ( 'NONE',  ( -0.6166299559469999858, -0.6251189427309999935, 0.9000000000000001332 ) ) ;
#3795 = STYLED_ITEM ( 'NONE', ( #5188 ), #1476 ) ;
#3796 = CARTESIAN_POINT ( 'NONE',  ( -1.102312775329999939, 0.3191541850219999921, 0.9000000000000001332 ) ) ;
#3797 = UNCERTAINTY_MEASURE_WITH_UNIT (LENGTH_MEASURE( 1.000000000000000082E-05 ), #1796, 'distance_accuracy_value', 'NONE');
#3798 = SURFACE_STYLE_USAGE ( .BOTH. , #3320 ) ;
#3799 = LINE ( 'NONE', #4544, #2150 ) ;
#3800 = ORIENTED_EDGE ( 'NONE', *, *, #1760, .F. ) ;
#3801 = PLANE ( 'NONE',  #4005 ) ;
#3802 = LINE ( 'NONE', #2486, #3122 ) ;
#3803 = EDGE_CURVE ( 'NONE', #1152, #4122, #361, .T. ) ;
#3804 = ORIENTED_EDGE ( 'NONE', *, *, #3332, .T. ) ;
#3805 = VERTEX_POINT ( 'NONE', #2415 ) ;
#3806 = CARTESIAN_POINT ( 'NONE',  ( -1.132378854626000075, 0.01122466960351999922, 0.9000000000000001332 ) ) ;
#3807 = EDGE_CURVE ( 'NONE', #2383, #144, #4799, .T. ) ;
#3808 = CARTESIAN_POINT ( 'NONE',  ( -0.5155286343610000488, -0.9049647577089999784, 0.9000000000000001332 ) ) ;
#3809 = B_SPLINE_SURFACE_WITH_KNOTS ( 'NONE', 2, 1, ( 
 ( #3729, #4654 ),
 ( #5051, #3808 ),
 ( #1265, #4605 ) ),
 .UNSPECIFIED., .F., .F., .F.,
 ( 3, 3 ),
 ( 2, 2 ),
 ( 0.0000000000000000000, 1.000000000000000000 ),
 ( 0.0000000000000000000, 1.000000000000000000 ),
 .UNSPECIFIED. ) ;
#3810 = DIRECTION ( 'NONE',  ( -2.199999999999999757E-16, 1.000000000000000000, 0.0000000000000000000 ) ) ;
#3811 = VERTEX_POINT ( 'NONE', #4395 ) ;
#3812 = VECTOR ( 'NONE', #4838, 1000.000000000000000 ) ;
#3813 = B_SPLINE_CURVE_WITH_KNOTS ( 'NONE', 3,
 ( #2481, #2557, #1678, #4939 ),
 .UNSPECIFIED., .F., .F.,
 ( 4, 4 ),
 ( 0.0000000000000000000, 1.000000000000000000 ),
 .UNSPECIFIED. ) ;
#3814 = CARTESIAN_POINT ( 'NONE',  ( -2.149999999999999467, 1.100000000000000977, -4.858987147293727139E-17 ) ) ;
#3815 = COLOUR_RGB ( '',0.0000000000000000000, 0.0000000000000000000, 0.0000000000000000000 ) ;
#3816 = EDGE_CURVE ( 'NONE', #245, #3546, #4072, .T. ) ;
#3817 = CARTESIAN_POINT ( 'NONE',  ( -0.6311674008809999847, 0.8603436123350000075, 0.8950000000000000178 ) ) ;
#3818 = LINE ( 'NONE', #1373, #2036 ) ;
#3819 = CARTESIAN_POINT ( 'NONE',  ( -0.6711453744490000206, -0.6026519823790000840, 0.8950000000000000178 ) ) ;
#3820 = CIRCLE ( 'NONE', #1250, 0.1000000000000000056 ) ;
#3821 = SHAPE_REPRESENTATION ( 'Body', ( #4956 ), #4458 ) ;
#3822 = CARTESIAN_POINT ( 'NONE',  ( -0.8995594713653333185, -0.8295242290750000080, 0.9000000000000001332 ) ) ;
#3823 =( NAMED_UNIT ( * ) PLANE_ANGLE_UNIT ( ) SI_UNIT ( $, .RADIAN. ) );
#3824 = VECTOR ( 'NONE', #4419, 1000.000000000000114 ) ;
#3825 = SURFACE_STYLE_USAGE ( .BOTH. , #2608 ) ;
#3826 = ORIENTED_EDGE ( 'NONE', *, *, #2980, .F. ) ;
#3827 = VECTOR ( 'NONE', #1672, 1000.000000000000000 ) ;
#3828 = CARTESIAN_POINT ( 'NONE',  ( -0.5859030836999999936, -0.9274317180619999768, 0.9000000000000001332 ) ) ;
#3829 = SURFACE_STYLE_USAGE ( .BOTH. , #207 ) ;
#3830 = DIRECTION ( 'NONE',  ( 0.1104315260749562794, 0.0000000000000000000, 0.9938837346736066891 ) ) ;
#3831 = MECHANICAL_DESIGN_GEOMETRIC_PRESENTATION_REPRESENTATION (  '', ( #5296 ), #3926 ) ;
#3832 = ORIENTED_EDGE ( 'NONE', *, *, #1407, .T. ) ;
#3833 = EDGE_LOOP ( 'NONE', ( #985, #3545, #2859, #821 ) ) ;
#3834 = CARTESIAN_POINT ( 'NONE',  ( -1.030176211454000068, 0.8762026431716667396, 0.9000000000000001332 ) ) ;
#3835 = ORIENTED_EDGE ( 'NONE', *, *, #1135, .T. ) ;
#3836 = B_SPLINE_CURVE_WITH_KNOTS ( 'NONE', 2,
 ( #2844, #2041, #1530 ),
 .UNSPECIFIED., .F., .F.,
 ( 3, 3 ),
 ( 0.0000000000000000000, 1.000000000000000000 ),
 .UNSPECIFIED. ) ;
#3837 = ORIENTED_EDGE ( 'NONE', *, *, #3807, .T. ) ;
#3838 = EDGE_CURVE ( 'NONE', #3467, #1549, #4875, .T. ) ;
#3839 = CARTESIAN_POINT ( 'NONE',  ( -2.066297724265000468, 1.099999999999999867, 8.491471414906000369E-17 ) ) ;
#3840 = CARTESIAN_POINT ( 'NONE',  ( -0.5485682819380000019, 0.7199251101320000013, 0.9000000000000001332 ) ) ;
#3841 = CARTESIAN_POINT ( 'NONE',  ( -3.000000000000000061E-17, -1.099999999999999878E-16, 0.9000000000000001332 ) ) ;
#3842 = FACE_OUTER_BOUND ( 'NONE', #810, .T. ) ;
#3843 = CARTESIAN_POINT ( 'NONE',  ( 2.047447250525999962, -1.157083277742162464, 0.8586306990930001604 ) ) ;
#3844 = ADVANCED_FACE ( 'NONE', ( #444 ), #1031, .T. ) ;
#3845 = CARTESIAN_POINT ( 'NONE',  ( -2.038273498465000166, 4.000000000000000286E-17, 0.0000000000000000000 ) ) ;
#3846 = DIRECTION ( 'NONE',  ( 0.0000000000000000000, 0.0000000000000000000, 1.000000000000000000 ) ) ;
#3847 = APPLICATION_CONTEXT ( 'automotive_design' ) ;
#3848 = FACE_OUTER_BOUND ( 'NONE', #4843, .T. ) ;
#3849 = CARTESIAN_POINT ( 'NONE',  ( -3.000000000000000061E-17, -0.4232466960349999807, 0.9000000000000001332 ) ) ;
#3850 = FILL_AREA_STYLE_COLOUR ( '', #1641 ) ;
#3851 = EDGE_LOOP ( 'NONE', ( #2675, #345, #986, #3380 ) ) ;
#3852 =( BOUNDED_CURVE ( )  B_SPLINE_CURVE ( 3, ( #5007, #2477, #1275, #2900 ),
 .UNSPECIFIED., .F., .F. ) 
 B_SPLINE_CURVE_WITH_KNOTS ( ( 4, 4 ),
 ( 0.0000000000000000000, 1.000000000000000000 ),
 .UNSPECIFIED. ) 
 CURVE ( )  GEOMETRIC_REPRESENTATION_ITEM ( )  RATIONAL_B_SPLINE_CURVE ( ( 1.000000000000000000, 0.8047378541243649375, 0.8047378541243649375, 1.000000000000000000 ) ) 
 REPRESENTATION_ITEM ( '' )  );
#3853 = EDGE_CURVE ( 'NONE', #5216, #2726, #1444, .T. ) ;
#3854 = FILL_AREA_STYLE_COLOUR ( '', #4703 ) ;
#3855 = CARTESIAN_POINT ( 'NONE',  ( 2.094318531688999840, 1.100000000000000089, 0.009421060971107000567 ) ) ;
#3856 = CARTESIAN_POINT ( 'NONE',  ( -1.037555066078800659, 0.2481189427311848716, 0.8950000000000000178 ) ) ;
#3857 = CARTESIAN_POINT ( 'NONE',  ( -1.984831372447999787, 1.120403745583970156, 0.9000000000000001332 ) ) ;
#3858 = ORIENTED_EDGE ( 'NONE', *, *, #271, .T. ) ;
#3859 = ORIENTED_EDGE ( 'NONE', *, *, #3649, .T. ) ;
#3860 =( NAMED_UNIT ( * ) SI_UNIT ( $, .STERADIAN. ) SOLID_ANGLE_UNIT ( ) );
#3861 = ORIENTED_EDGE ( 'NONE', *, *, #2521, .T. ) ;
#3862 = DIRECTION ( 'NONE',  ( 1.000000000000000000, -0.0000000000000000000, -0.0000000000000000000 ) ) ;
#3863 = FACE_OUTER_BOUND ( 'NONE', #3138, .T. ) ;
#3864 = VERTEX_POINT ( 'NONE', #1296 ) ;
#3865 = COLOUR_RGB ( '',0.0000000000000000000, 0.0000000000000000000, 0.0000000000000000000 ) ;
#3866 = CARTESIAN_POINT ( 'NONE',  ( -1.218942731277999902, 0.7787356828189999636, 0.8950000000000000178 ) ) ;
#3867 =( NAMED_UNIT ( * ) SI_UNIT ( $, .STERADIAN. ) SOLID_ANGLE_UNIT ( ) );
#3868 = EDGE_CURVE ( 'NONE', #2912, #4508, #2333, .T. ) ;
#3869 = SURFACE_STYLE_USAGE ( .BOTH. , #999 ) ;
#3870 = CARTESIAN_POINT ( 'NONE',  ( 2.030914104465999959, -1.147398385008909782, 0.8786759966329998894 ) ) ;
#3871 = VECTOR ( 'NONE', #1380, 1000.000000000000000 ) ;
#3872 =( LENGTH_UNIT ( ) NAMED_UNIT ( * ) SI_UNIT ( .MILLI., .METRE. ) );
#3873 = CARTESIAN_POINT ( 'NONE',  ( 0.0000000000000000000, 0.0000000000000000000, 0.0000000000000000000 ) ) ;
#3874 = AXIS2_PLACEMENT_3D ( 'NONE', #3261, #1220, #4566 ) ;
#3875 = ADVANCED_FACE ( 'NONE', ( #4131 ), #4184, .T. ) ;
#3876 = ORIENTED_EDGE ( 'NONE', *, *, #4906, .T. ) ;
#3877 = VECTOR ( 'NONE', #4134, 1000.000000000000000 ) ;
#3878 = SURFACE_SIDE_STYLE ('',( #2691 ) ) ;
#3879 = CARTESIAN_POINT ( 'NONE',  ( -1.960495720687000176, -1.099999999999999878E-16, 0.9000000000000001332 ) ) ;
#3880 = CARTESIAN_POINT ( 'NONE',  ( -0.9503303964760000389, -0.7771013215859999823, 0.9000000000000001332 ) ) ;
#3881 = EDGE_CURVE ( 'NONE', #3916, #542, #4086, .T. ) ;
#3882 = CARTESIAN_POINT ( 'NONE',  ( -1.949999999999999956, 1.207196670993000209, 0.8352299610650001371 ) ) ;
#3883 = VERTEX_POINT ( 'NONE', #1644 ) ;
#3884 = ORIENTED_EDGE ( 'NONE', *, *, #2683, .F. ) ;
#3885 = CARTESIAN_POINT ( 'NONE',  ( -1.218942731277999902, 0.4146387665199999795, 0.8950000000000000178 ) ) ;
#3886 = LINE ( 'NONE', #698, #4759 ) ;
#3887 = ORIENTED_EDGE ( 'NONE', *, *, #2653, .T. ) ;
#3888 = CARTESIAN_POINT ( 'NONE',  ( -0.7861233480176667010, 0.9399691629959999739, 0.8950000000000000178 ) ) ;
#3889 = CARTESIAN_POINT ( 'NONE',  ( -0.5075991189430000272, -0.8725859030839999697, 0.8950000000000000178 ) ) ;
#3890 = VERTEX_POINT ( 'NONE', #2925 ) ;
#3891 = ORIENTED_EDGE ( 'NONE', *, *, #4294, .F. ) ;
#3892 = COLOUR_RGB ( '',0.7098039215686274828, 0.7098039215686274828, 0.7098039215686274828 ) ;
#3893 = CARTESIAN_POINT ( 'NONE',  ( -0.8783039647579999887, -0.8947224669600000180, 0.9000000000000001332 ) ) ;
#3894 = CARTESIAN_POINT ( 'NONE',  ( -0.5442731277529999634, 0.8728986784140001509, 0.9000000000000001332 ) ) ;
#3895 = AXIS2_PLACEMENT_3D ( 'NONE', #4751, #3487, #2693 ) ;
#3896 = SURFACE_STYLE_FILL_AREA ( #1793 ) ;
#3897 = LINE ( 'NONE', #1349, #4489 ) ;
#3898 = B_SPLINE_SURFACE_WITH_KNOTS ( 'NONE', 2, 1, ( 
 ( #3615, #3267 ),
 ( #4863, #3641 ),
 ( #3591, #1519 ) ),
 .UNSPECIFIED., .F., .F., .F.,
 ( 3, 3 ),
 ( 2, 2 ),
 ( 0.0000000000000000000, 1.000000000000000000 ),
 ( 0.0000000000000000000, 1.000000000000000000 ),
 .UNSPECIFIED. ) ;
#3899 = PRESENTATION_LAYER_ASSIGNMENT (  '', '', ( #897 ) ) ;
#3900 = EDGE_CURVE ( 'NONE', #4943, #3228, #4538, .T. ) ;
#3901 = CARTESIAN_POINT ( 'NONE',  ( 2.137661871932517332, -0.6750000000000007105, 0.1110431526072297170 ) ) ;
#3902 = DIRECTION ( 'NONE',  ( 1.000000000000000000, 0.0000000000000000000, 0.0000000000000000000 ) ) ;
#3903 = FACE_OUTER_BOUND ( 'NONE', #1221, .T. ) ;
#3904 = UNCERTAINTY_MEASURE_WITH_UNIT (LENGTH_MEASURE( 1.000000000000000082E-05 ), #1772, 'distance_accuracy_value', 'NONE');
#3905 = DIRECTION ( 'NONE',  ( 0.0000000000000000000, 0.0000000000000000000, 1.000000000000000000 ) ) ;
#3906 = VECTOR ( 'NONE', #3133, 1000.000000000000000 ) ;
#3907 = VERTEX_POINT ( 'NONE', #849 ) ;
#3908 = EDGE_CURVE ( 'NONE', #2829, #1464, #2899, .T. ) ;
#3909 = VECTOR ( 'NONE', #1797, 1000.000000000000000 ) ;
#3910 = DIRECTION ( 'NONE',  ( 1.000000000000000000, -0.0000000000000000000, -0.0000000000000000000 ) ) ;
#3911 = FILL_AREA_STYLE_COLOUR ( '', #3733 ) ;
#3912 = DIRECTION ( 'NONE',  ( -0.0000000000000000000, -1.000000000000000000, 0.0000000000000000000 ) ) ;
#3913 = CARTESIAN_POINT ( 'NONE',  ( -2.007083277742161886, 1.197447250525999873, 0.8586306990930001604 ) ) ;
#3914 = VERTEX_POINT ( 'NONE', #2551 ) ;
#3915 = MECHANICAL_DESIGN_GEOMETRIC_PRESENTATION_REPRESENTATION (  '', ( #407 ), #1596 ) ;
#3916 = VERTEX_POINT ( 'NONE', #4215 ) ;
#3917 = EDGE_CURVE ( 'NONE', #1289, #4098, #2147, .T. ) ;
#3918 = B_SPLINE_CURVE_WITH_KNOTS ( 'NONE', 3,
 ( #718, #344, #5248, #796 ),
 .UNSPECIFIED., .F., .F.,
 ( 4, 4 ),
 ( 0.0000000000000000000, 1.000000000000000000 ),
 .UNSPECIFIED. ) ;
#3919 = DIRECTION ( 'NONE',  ( -0.0000000000000000000, 1.000000000000000000, 0.0000000000000000000 ) ) ;
#3920 = VECTOR ( 'NONE', #842, 1000.000000000000000 ) ;
#3921 = VERTEX_POINT ( 'NONE', #3311 ) ;
#3922 = PLANE ( 'NONE',  #1179 ) ;
#3923 = SURFACE_STYLE_FILL_AREA ( #1447 ) ;
#3924 = VERTEX_POINT ( 'NONE', #2099 ) ;
#3925 = EDGE_LOOP ( 'NONE', ( #3159, #1556, #383, #4043 ) ) ;
#3926 =( GEOMETRIC_REPRESENTATION_CONTEXT ( 3 ) GLOBAL_UNCERTAINTY_ASSIGNED_CONTEXT ( ( #3479 ) ) GLOBAL_UNIT_ASSIGNED_CONTEXT ( ( #3480, #609, #1036 ) ) REPRESENTATION_CONTEXT ( 'NONE', 'WORKASPACE' ) );
#3927 = EDGE_CURVE ( 'NONE', #5156, #750, #3286, .T. ) ;
#3928 = CARTESIAN_POINT ( 'NONE',  ( -1.218942731277999902, -0.6409779735680000146, 0.9000000000000001332 ) ) ;
#3929 = CARTESIAN_POINT ( 'NONE',  ( -0.9503303964760000389, -0.7771013215859999823, 0.8950000000000000178 ) ) ;
#3930 = AXIS2_PLACEMENT_3D ( 'NONE', #5179, #3136, #702 ) ;
#3931 = CARTESIAN_POINT ( 'NONE',  ( -0.5000000000000000000, -0.2342599118940000835, 0.9000000000000001332 ) ) ;
#3932 = CARTESIAN_POINT ( 'NONE',  ( 1.949999999999999956, -1.287661871932598734, 0.1110431526069554226 ) ) ;
#3933 =( GEOMETRIC_REPRESENTATION_CONTEXT ( 3 ) GLOBAL_UNCERTAINTY_ASSIGNED_CONTEXT ( ( #2290 ) ) GLOBAL_UNIT_ASSIGNED_CONTEXT ( ( #2306, #3950, #2731 ) ) REPRESENTATION_CONTEXT ( 'NONE', 'WORKASPACE' ) );
#3934 = DIRECTION ( 'NONE',  ( 0.0000000000000000000, 1.000000000000000000, 0.0000000000000000000 ) ) ;
#3935 = DIRECTION ( 'NONE',  ( 1.000000000000000000, 0.0000000000000000000, 0.0000000000000000000 ) ) ;
#3936 = DIRECTION ( 'NONE',  ( 0.0000000000000000000, 0.0000000000000000000, 1.000000000000000000 ) ) ;
#3937 = CARTESIAN_POINT ( 'NONE',  ( -3.000000000000000061E-17, -1.110495720687000087, 0.9000000000000001332 ) ) ;
#3938 = EDGE_LOOP ( 'NONE', ( #1117, #2245, #1921, #4386 ) ) ;
#3939 =( NAMED_UNIT ( * ) SI_UNIT ( $, .STERADIAN. ) SOLID_ANGLE_UNIT ( ) );
#3940 = FILL_AREA_STYLE_COLOUR ( '', #5301 ) ;
#3941 = CARTESIAN_POINT ( 'NONE',  ( 2.066297724265000024, 1.100000000000000089, 1.587271980519000112E-16 ) ) ;
#3942 = CARTESIAN_POINT ( 'NONE',  ( -1.031607929515000022, -0.4232466960349999807, 0.9000000000000001332 ) ) ;
#3943 = ADVANCED_FACE ( 'NONE', ( #4157 ), #1253, .T. ) ;
#3944 = VERTEX_POINT ( 'NONE', #422 ) ;
#3945 = DIRECTION ( 'NONE',  ( 0.0000000000000000000, 0.0000000000000000000, 1.000000000000000000 ) ) ;
#3946 = ORIENTED_EDGE ( 'NONE', *, *, #2260, .T. ) ;
#3947 = DIRECTION ( 'NONE',  ( 0.0000000000000000000, 0.0000000000000000000, 1.000000000000000000 ) ) ;
#3948 = B_SPLINE_SURFACE_WITH_KNOTS ( 'NONE', 2, 1, ( 
 ( #4142, #4575 ),
 ( #457, #86 ),
 ( #1728, #3373 ) ),
 .UNSPECIFIED., .F., .F., .F.,
 ( 3, 3 ),
 ( 2, 2 ),
 ( 0.0000000000000000000, 1.000000000000000000 ),
 ( 0.0000000000000000000, 1.000000000000000000 ),
 .UNSPECIFIED. ) ;
#3949 = EDGE_CURVE ( 'NONE', #4009, #3016, #1849, .T. ) ;
#3950 =( NAMED_UNIT ( * ) PLANE_ANGLE_UNIT ( ) SI_UNIT ( $, .RADIAN. ) );
#3951 = ORIENTED_EDGE ( 'NONE', *, *, #18, .T. ) ;
#3952 = EDGE_LOOP ( 'NONE', ( #2584, #5294, #2441, #3632 ) ) ;
#3953 = DIRECTION ( 'NONE',  ( 2.199999999999999757E-16, -1.000000000000000000, 0.0000000000000000000 ) ) ;
#3954 = DIRECTION ( 'NONE',  ( 0.0000000000000000000, 0.0000000000000000000, -1.000000000000000000 ) ) ;
#3955 = CARTESIAN_POINT ( 'NONE',  ( -0.5740088105730000168, -0.7229162995590000529, 0.8950000000000000178 ) ) ;
#3956 = ADVANCED_FACE ( 'NONE', ( #2049 ), #3032, .T. ) ;
#3957 = B_SPLINE_CURVE_WITH_KNOTS ( 'NONE', 3,
 ( #4861, #5255, #1172, #4457 ),
 .UNSPECIFIED., .F., .F.,
 ( 4, 4 ),
 ( 0.0000000000000000000, 1.000000000000000000 ),
 .UNSPECIFIED. ) ;
#3958 = STYLED_ITEM ( 'NONE', ( #2487 ), #102 ) ;
#3959 = FACE_OUTER_BOUND ( 'NONE', #2618, .T. ) ;
#3960 = APPLICATION_PROTOCOL_DEFINITION ( 'draft international standard', 'automotive_design', 1998, #4686 ) ;
#3961 = DIRECTION ( 'NONE',  ( -0.0000000000000000000, 0.0000000000000000000, -1.000000000000000000 ) ) ;
#3962 = VECTOR ( 'NONE', #2213, 1000.000000000000000 ) ;
#3963 = SURFACE_STYLE_FILL_AREA ( #2154 ) ;
#3964 = DIRECTION ( 'NONE',  ( 1.000000000000000000, 0.0000000000000000000, 0.0000000000000000000 ) ) ;
#3965 = VERTEX_POINT ( 'NONE', #2203 ) ;
#3966 = VECTOR ( 'NONE', #4378, 1000.000000000000000 ) ;
#3967 = LINE ( 'NONE', #1199, #1940 ) ;
#3968 = B_SPLINE_CURVE_WITH_KNOTS ( 'NONE', 3,
 ( #335, #3252, #413, #3223 ),
 .UNSPECIFIED., .F., .F.,
 ( 4, 4 ),
 ( 0.0000000000000000000, 1.000000000000000000 ),
 .UNSPECIFIED. ) ;
#3969 = CARTESIAN_POINT ( 'NONE',  ( 1.649999999999999911, 2.000000000000000143E-17, 0.0000000000000000000 ) ) ;
#3970 = CARTESIAN_POINT ( 'NONE',  ( 1.984831372448000231, 1.120403745583970156, 0.9000000000000001332 ) ) ;
#3971 = UNCERTAINTY_MEASURE_WITH_UNIT (LENGTH_MEASURE( 1.000000000000000082E-05 ), #5023, 'distance_accuracy_value', 'NONE');
#3972 = CARTESIAN_POINT ( 'NONE',  ( -1.949999999999999956, 1.110495720687000087, 0.9000000000000001332 ) ) ;
#3973 = VECTOR ( 'NONE', #1247, 1000.000000000000000 ) ;
#3974 = VERTEX_POINT ( 'NONE', #225 ) ;
#3975 = EDGE_CURVE ( 'NONE', #196, #4728, #148, .T. ) ;
#3976 = CARTESIAN_POINT ( 'NONE',  ( -1.017400881057184625, -0.4232466960349999807, 0.9000000000000001332 ) ) ;
#3977 = DIRECTION ( 'NONE',  ( -0.0000000000000000000, -0.0000000000000000000, -1.000000000000000000 ) ) ;
#3978 = ORIENTED_EDGE ( 'NONE', *, *, #2233, .T. ) ;
#3979 = CARTESIAN_POINT ( 'NONE',  ( -1.218942731278011893, -0.8967048458152377943, 0.8950000000000000178 ) ) ;
#3980 = CARTESIAN_POINT ( 'NONE',  ( -0.5442731277529999634, 0.8728986784140001509, 0.8950000000000000178 ) ) ;
#3981 = ORIENTED_EDGE ( 'NONE', *, *, #1976, .T. ) ;
#3982 = ORIENTED_EDGE ( 'NONE', *, *, #246, .T. ) ;
#3983 = ADVANCED_FACE ( 'NONE', ( #2598 ), #2999, .T. ) ;
#3984 = CARTESIAN_POINT ( 'NONE',  ( 1.649999999999999689, -0.6749999999999999334, 0.1499999999999999944 ) ) ;
#3985 = DIRECTION ( 'NONE',  ( 0.9972985020499161024, -0.07345541374870381834, 0.0000000000000000000 ) ) ;
#3986 = SURFACE_SIDE_STYLE ('',( #4847 ) ) ;
#3987 = CARTESIAN_POINT ( 'NONE',  ( 2.059929779438028685, -1.287661871933000191, 0.1110431526069999841 ) ) ;
#3988 = ORIENTED_EDGE ( 'NONE', *, *, #3071, .T. ) ;
#3989 = ADVANCED_FACE ( 'NONE', ( #121 ), #3387, .F. ) ;
#3990 = PLANE ( 'NONE',  #4403 ) ;
#3991 = VECTOR ( 'NONE', #1583, 1000.000000000000000 ) ;
#3992 = B_SPLINE_CURVE_WITH_KNOTS ( 'NONE', 2,
 ( #1144, #2390, #2314 ),
 .UNSPECIFIED., .F., .F.,
 ( 3, 3 ),
 ( 0.0000000000000000000, 1.000000000000000000 ),
 .UNSPECIFIED. ) ;
#3993 = FILL_AREA_STYLE ('',( #3172 ) ) ;
#3994 = FILL_AREA_STYLE_COLOUR ( '', #3754 ) ;
#3995 = CARTESIAN_POINT ( 'NONE',  ( -1.102312775329999939, 0.3191541850219999921, 0.9000000000000001332 ) ) ;
#3996 = ORIENTED_EDGE ( 'NONE', *, *, #4647, .F. ) ;
#3997 =( GEOMETRIC_REPRESENTATION_CONTEXT ( 3 ) GLOBAL_UNCERTAINTY_ASSIGNED_CONTEXT ( ( #2131 ) ) GLOBAL_UNIT_ASSIGNED_CONTEXT ( ( #4994, #2060, #1258 ) ) REPRESENTATION_CONTEXT ( 'NONE', 'WORKASPACE' ) );
#3998 = DIRECTION ( 'NONE',  ( 0.0000000000000000000, 0.0000000000000000000, 1.000000000000000000 ) ) ;
#3999 = CARTESIAN_POINT ( 'NONE',  ( 2.038273498465000166, 1.100000000000000089, 0.0000000000000000000 ) ) ;
#4000 = DIRECTION ( 'NONE',  ( -1.000000000000000000, 0.0000000000000000000, 0.0000000000000000000 ) ) ;
#4001 = CARTESIAN_POINT ( 'NONE',  ( -0.8594713656389999512, 0.6690440528629999495, 0.8950000000000000178 ) ) ;
#4002 = DIRECTION ( 'NONE',  ( 0.9585473496478108535, -0.2849332877765555216, 0.0000000000000000000 ) ) ;
#4003 = ORIENTED_EDGE ( 'NONE', *, *, #1938, .T. ) ;
#4004 = EDGE_LOOP ( 'NONE', ( #1064, #17, #4310, #3722 ) ) ;
#4005 = AXIS2_PLACEMENT_3D ( 'NONE', #2111, #2561, #4199 ) ;
#4006 =( BOUNDED_SURFACE ( )  B_SPLINE_SURFACE ( 6, 3, ( 
 ( #200, #635, #3389, #4293 ),
 ( #2258, #2634, #2206, #3001 ),
 ( #604, #2232, #1454, #3507 ),
 ( #4693, #227, #3870, #5138 ),
 ( #3060, #5109, #3843, #941 ),
 ( #1744, #527, #2149, #1400 ),
 ( #1852, #2176, #1794, #5034 ) ),
 .UNSPECIFIED., .F., .F., .F. ) 
 B_SPLINE_SURFACE_WITH_KNOTS ( ( 7, 7 ),
 ( 4, 4 ),
 ( 4.712388980384999648, 6.172528086006000336 ),
 ( 0.0000000000000000000, 1.000000000000000000 ),
 .UNSPECIFIED. ) 
 GEOMETRIC_REPRESENTATION_ITEM ( )  RATIONAL_B_SPLINE_SURFACE ( (
 ( 1.000000000000000000, 0.8047378541243644934, 0.8047378541243644934, 1.000000000000000000),
 ( 1.000000000000000000, 0.8047378541243644934, 0.8047378541243644934, 1.000000000000000000),
 ( 1.000000000000000000, 0.8047378541243644934, 0.8047378541243644934, 1.000000000000000000),
 ( 1.000000000000000000, 0.8047378541243644934, 0.8047378541243644934, 1.000000000000000000),
 ( 1.000000000000000000, 0.8047378541243644934, 0.8047378541243644934, 1.000000000000000000),
 ( 1.000000000000000000, 0.8047378541243644934, 0.8047378541243644934, 1.000000000000000000),
 ( 1.000000000000000000, 0.8047378541243644934, 0.8047378541243644934, 1.000000000000000000) ) ) 
 REPRESENTATION_ITEM ( '' )  SURFACE ( )  );
#4007 = FACE_OUTER_BOUND ( 'NONE', #3833, .T. ) ;
#4008 = LINE ( 'NONE', #2035, #2095 ) ;
#4009 = VERTEX_POINT ( 'NONE', #1398 ) ;
#4010 = PRESENTATION_STYLE_ASSIGNMENT (( #1952 ) ) ;
#4011 = VECTOR ( 'NONE', #155, 1000.000000000000000 ) ;
#4012 = EDGE_LOOP ( 'NONE', ( #5055, #4865, #215, #887 ) ) ;
#4013 = ORIENTED_EDGE ( 'NONE', *, *, #2017, .F. ) ;
#4014 = VECTOR ( 'NONE', #2739, 1000.000000000000000 ) ;
#4015 = CARTESIAN_POINT ( 'NONE',  ( -0.8853524229073334029, -0.8806255506606667227, 0.9000000000000001332 ) ) ;
#4016 =( LENGTH_UNIT ( ) NAMED_UNIT ( * ) SI_UNIT ( .MILLI., .METRE. ) );
#4017 = CARTESIAN_POINT ( 'NONE',  ( -0.5809471365639999885, -0.2068370044049999967, 0.9000000000000001332 ) ) ;
#4018 = CARTESIAN_POINT ( 'NONE',  ( 1.949999999999999956, -1.287661871932999968, 0.1110431526069999980 ) ) ;
#4019 = VECTOR ( 'NONE', #5208, 1000.000000000000000 ) ;
#4020 = EDGE_CURVE ( 'NONE', #1471, #5216, #872, .T. ) ;
#4021 = AXIS2_PLACEMENT_3D ( 'NONE', #686, #2716, #584 ) ;
#4022 = DIRECTION ( 'NONE',  ( -1.000000000000000000, 0.0000000000000000000, 0.0000000000000000000 ) ) ;
#4023 = CARTESIAN_POINT ( 'NONE',  ( -1.142290748898666664, 0.8444845814976666976, 0.8950000000000000178 ) ) ;
#4024 = CARTESIAN_POINT ( 'NONE',  ( -1.984831372448000231, -1.120403745583970156, 0.8999999999999999112 ) ) ;
#4025 = ADVANCED_FACE ( 'NONE', ( #2631 ), #1209, .T. ) ;
#4026 = ORIENTED_EDGE ( 'NONE', *, *, #4476, .F. ) ;
#4027 = DIRECTION ( 'NONE',  ( 1.000000000000000000, 0.0000000000000000000, 0.0000000000000000000 ) ) ;
#4028 = DIRECTION ( 'NONE',  ( 1.000000000000000000, 2.199999999999999757E-16, 0.0000000000000000000 ) ) ;
#4029 = DIRECTION ( 'NONE',  ( 2.199999999999999757E-16, -1.000000000000000000, 0.0000000000000000000 ) ) ;
#4030 = MECHANICAL_DESIGN_GEOMETRIC_PRESENTATION_REPRESENTATION (  '', ( #3576 ), #2045 ) ;
#4031 = CARTESIAN_POINT ( 'NONE',  ( -1.132378854626000075, 0.01518942731277999995, 0.9000000000000001332 ) ) ;
#4032 = VERTEX_POINT ( 'NONE', #682 ) ;
#4033 = VERTEX_POINT ( 'NONE', #1987 ) ;
#4034 = DIRECTION ( 'NONE',  ( 0.0000000000000000000, 0.0000000000000000000, 1.000000000000000000 ) ) ;
#4035 = CARTESIAN_POINT ( 'NONE',  ( -0.8594713656389999512, 0.9399691629959999739, 0.9000000000000001332 ) ) ;
#4036 = ORIENTED_EDGE ( 'NONE', *, *, #4413, .T. ) ;
#4037 = DIRECTION ( 'NONE',  ( 0.0000000000000000000, 1.000000000000000000, 0.0000000000000000000 ) ) ;
#4038 = EDGE_LOOP ( 'NONE', ( #598, #4672, #4334, #410 ) ) ;
#4039 = ORIENTED_EDGE ( 'NONE', *, *, #1710, .F. ) ;
#4040 =( NAMED_UNIT ( * ) SI_UNIT ( $, .STERADIAN. ) SOLID_ANGLE_UNIT ( ) );
#4041 = DIRECTION ( 'NONE',  ( -1.000000000000000000, 0.0000000000000000000, 0.0000000000000000000 ) ) ;
#4042 = FACE_OUTER_BOUND ( 'NONE', #1869, .T. ) ;
#4043 = ORIENTED_EDGE ( 'NONE', *, *, #2485, .T. ) ;
#4044 = CARTESIAN_POINT ( 'NONE',  ( -2.066297724265000024, -1.100000000000000089, -4.293440603043000001E-17 ) ) ;
#4045 = ITEM_DEFINED_TRANSFORMATION ( 'NONE', 'NONE', #2286,  #4956 ) ;
#4046 = ADVANCED_FACE ( 'NONE', ( #3630 ), #4344, .T. ) ;
#4047 = CARTESIAN_POINT ( 'NONE',  ( -1.087775330396000051, 0.6944845814980000753, 0.9000000000000001332 ) ) ;
#4048 = ORIENTED_EDGE ( 'NONE', *, *, #1191, .F. ) ;
#4049 = DIRECTION ( 'NONE',  ( 0.0000000000000000000, -1.000000000000000000, 0.0000000000000000000 ) ) ;
#4050 = CARTESIAN_POINT ( 'NONE',  ( 1.649999999999999911, 0.6750000000000000444, 0.0000000000000000000 ) ) ;
#4051 = EDGE_CURVE ( 'NONE', #4508, #3673, #1901, .T. ) ;
#4052 = SURFACE_STYLE_USAGE ( .BOTH. , #3155 ) ;
#4053 = CARTESIAN_POINT ( 'NONE',  ( 2.014368612066917308, 1.209884094155000200, 0.8110431526070002173 ) ) ;
#4054 =( LENGTH_UNIT ( ) NAMED_UNIT ( * ) SI_UNIT ( .MILLI., .METRE. ) );
#4055 = VERTEX_POINT ( 'NONE', #5269 ) ;
#4056 = VECTOR ( 'NONE', #4722, 1000.000000000000000 ) ;
#4057 = ADVANCED_FACE ( 'NONE', ( #257 ), #3195, .T. ) ;
#4058 = FACE_OUTER_BOUND ( 'NONE', #3925, .T. ) ;
#4059 = LINE ( 'NONE', #1919, #132 ) ;
#4060 = COLOUR_RGB ( '',0.0000000000000000000, 0.0000000000000000000, 0.0000000000000000000 ) ;
#4061 = ORIENTED_EDGE ( 'NONE', *, *, #4413, .F. ) ;
#4062 = CARTESIAN_POINT ( 'NONE',  ( -1.037555066078932997, 0.2481189427310610540, 0.9000000000000001332 ) ) ;
#4063 = ORIENTED_EDGE ( 'NONE', *, *, #5097, .T. ) ;
#4064 = VECTOR ( 'NONE', #2628, 1000.000000000000000 ) ;
#4065 = FILL_AREA_STYLE_COLOUR ( '', #4934 ) ;
#4066 = FILL_AREA_STYLE_COLOUR ( '', #3815 ) ;
#4067 = DIRECTION ( 'NONE',  ( -1.000000000000000000, -2.199999999999999757E-16, 0.0000000000000000000 ) ) ;
#4068 = DIRECTION ( 'NONE',  ( -0.6961215140837089255, 0.7179239776116997929, 0.0000000000000000000 ) ) ;
#4069 = ORIENTED_EDGE ( 'NONE', *, *, #3110, .F. ) ;
#4070 = CARTESIAN_POINT ( 'NONE',  ( -2.134487571218000035, -1.208070317130232274, 0.05430052353698998358 ) ) ;
#4071 = CARTESIAN_POINT ( 'NONE',  ( -1.087775330396000051, 0.6944845814980000753, 0.9000000000000001332 ) ) ;
#4072 = LINE ( 'NONE', #3661, #5118 ) ;
#4073 = FILL_AREA_STYLE ('',( #3994 ) ) ;
#4074 = CARTESIAN_POINT ( 'NONE',  ( -1.949999999999999956, 1.188273498465000300, 1.734723475976749894E-18 ) ) ;
#4075 = ORIENTED_EDGE ( 'NONE', *, *, #1324, .T. ) ;
#4076 = ADVANCED_FACE ( 'NONE', ( #5186 ), #129, .T. ) ;
#4077 = VECTOR ( 'NONE', #4556, 1000.000000000000000 ) ;
#4078 = CARTESIAN_POINT ( 'NONE',  ( -2.137661871932517332, 0.6750000000000007105, 0.1110431526072296893 ) ) ;
#4079 = DIRECTION ( 'NONE',  ( -0.0000000000000000000, 1.000000000000000000, 0.0000000000000000000 ) ) ;
#4080 = CARTESIAN_POINT ( 'NONE',  ( -1.057378854625999898, 0.01254625550660999969, 0.8950000000000000178 ) ) ;
#4081 = DIRECTION ( 'NONE',  ( 0.9578400361165504417, 0.2873020452629001520, 0.0000000000000000000 ) ) ;
#4082 = AXIS2_PLACEMENT_3D ( 'NONE', #2779, #3594, #2429 ) ;
#4083 = EDGE_LOOP ( 'NONE', ( #2809, #1445, #1979, #5070 ) ) ;
#4084 = ORIENTED_EDGE ( 'NONE', *, *, #831, .F. ) ;
#4085 = ADVANCED_FACE ( 'NONE', ( #359 ), #3168, .T. ) ;
#4086 = B_SPLINE_CURVE_WITH_KNOTS ( 'NONE', 3,
 ( #871, #525, #916, #4104 ),
 .UNSPECIFIED., .F., .F.,
 ( 4, 4 ),
 ( 0.0000000000000000000, 1.000000000000000000 ),
 .UNSPECIFIED. ) ;
#4087 = CARTESIAN_POINT ( 'NONE',  ( -0.5740088105730000168, -0.7229162995590000529, 0.9000000000000001332 ) ) ;
#4088 = DIRECTION ( 'NONE',  ( -1.000000000000000000, -0.0000000000000000000, -0.0000000000000000000 ) ) ;
#4089 = CARTESIAN_POINT ( 'NONE',  ( -1.037555066078799104, 0.2481189427311831230, 0.9000000000000001332 ) ) ;
#4090 = CARTESIAN_POINT ( 'NONE',  ( 1.998135493131913076, 1.188273498465000078, 0.0000000000000000000 ) ) ;
#4091 = ORIENTED_EDGE ( 'NONE', *, *, #1151, .F. ) ;
#4092 = ORIENTED_EDGE ( 'NONE', *, *, #384, .T. ) ;
#4093 = ADVANCED_FACE ( 'NONE', ( #2789 ), #1935, .T. ) ;
#4094 = B_SPLINE_SURFACE_WITH_KNOTS ( 'NONE', 2, 1, ( 
 ( #3033, #3768 ),
 ( #3418, #5064 ),
 ( #528, #3796 ) ),
 .UNSPECIFIED., .F., .F., .F.,
 ( 3, 3 ),
 ( 2, 2 ),
 ( 0.0000000000000000000, 1.000000000000000000 ),
 ( 0.0000000000000000000, 1.000000000000000000 ),
 .UNSPECIFIED. ) ;
#4095 = CARTESIAN_POINT ( 'NONE',  ( -0.5859030836999999936, -0.9274317180619999768, 0.8950000000000000178 ) ) ;
#4096 = LINE ( 'NONE', #2517, #3494 ) ;
#4097 = SURFACE_SIDE_STYLE ('',( #520 ) ) ;
#4098 = VERTEX_POINT ( 'NONE', #5298 ) ;
#4099 = EDGE_CURVE ( 'NONE', #2919, #4116, #866, .T. ) ;
#4100 = PRESENTATION_LAYER_ASSIGNMENT (  '', '', ( #1762 ) ) ;
#4101 = B_SPLINE_CURVE_WITH_KNOTS ( 'NONE', 2,
 ( #1631, #2837, #1103 ),
 .UNSPECIFIED., .F., .F.,
 ( 3, 3 ),
 ( 0.0000000000000000000, 1.000000000000000000 ),
 .UNSPECIFIED. ) ;
#4102 = CARTESIAN_POINT ( 'NONE',  ( -2.034539838561644665, -1.244318531689000196, 0.009421060971107999768 ) ) ;
#4103 = CARTESIAN_POINT ( 'NONE',  ( -1.132378854626000075, 0.01122466960351999922, 0.9000000000000001332 ) ) ;
#4104 = CARTESIAN_POINT ( 'NONE',  ( -0.7378854625549999824, -0.6594801762109999688, 0.9000000000000001332 ) ) ;
#4105 = CARTESIAN_POINT ( 'NONE',  ( -1.649999999999999911, 0.6750000000000000444, 0.1499999999999999944 ) ) ;
#4106 = ORIENTED_EDGE ( 'NONE', *, *, #3085, .F. ) ;
#4107 = PRODUCT_DEFINITION_FORMATION_WITH_SPECIFIED_SOURCE ( 'ANY', '', #2225, .NOT_KNOWN. ) ;
#4108 = COLOUR_RGB ( '',0.0000000000000000000, 0.0000000000000000000, 0.0000000000000000000 ) ;
#4109 = CARTESIAN_POINT ( 'NONE',  ( -0.5862334801759999658, 0.6538458149779999840, 0.9000000000000001332 ) ) ;
#4110 = CARTESIAN_POINT ( 'NONE',  ( -0.5000000000000000000, -0.4232466960349998142, 0.8950000000000000178 ) ) ;
#4111 = CARTESIAN_POINT ( 'NONE',  ( -0.6311674008809999847, 0.8603436123350000075, 0.9000000000000001332 ) ) ;
#4112 = CARTESIAN_POINT ( 'NONE',  ( -0.5000000000000000000, -0.4232466960349999807, 0.9000000000000001332 ) ) ;
#4113 = DIRECTION ( 'NONE',  ( 1.000000000000000000, 2.199999999999999757E-16, 0.0000000000000000000 ) ) ;
#4114 = COLOUR_RGB ( '',0.0000000000000000000, 0.0000000000000000000, 0.0000000000000000000 ) ;
#4115 = ORIENTED_EDGE ( 'NONE', *, *, #3574, .T. ) ;
#4116 = VERTEX_POINT ( 'NONE', #3730 ) ;
#4117 = VECTOR ( 'NONE', #2216, 1000.000000000000000 ) ;
#4118 = CARTESIAN_POINT ( 'NONE',  ( -1.057378854625999898, 0.01254625550660999969, 0.9000000000000001332 ) ) ;
#4119 = DIRECTION ( 'NONE',  ( 1.000000000000000000, 0.0000000000000000000, 0.0000000000000000000 ) ) ;
#4120 = EDGE_CURVE ( 'NONE', #1529, #67, #4954, .T. ) ;
#4121 = ORIENTED_EDGE ( 'NONE', *, *, #4382, .F. ) ;
#4122 = VERTEX_POINT ( 'NONE', #3705 ) ;
#4123 = CARTESIAN_POINT ( 'NONE',  ( -0.7378854625549999824, -0.6594801762109999688, 0.8950000000000000178 ) ) ;
#4124 = EDGE_CURVE ( 'NONE', #1306, #2252, #2621, .T. ) ;
#4125 = CARTESIAN_POINT ( 'NONE',  ( -0.6727973568280000149, 0.6122158590309999537, 0.9000000000000001332 ) ) ;
#4126 = CARTESIAN_POINT ( 'NONE',  ( -2.038273498465000166, -1.100000000000000089, 0.1000000000000000056 ) ) ;
#4127 = CARTESIAN_POINT ( 'NONE',  ( 1.949999999999999956, -1.244318531688999974, 0.009421060971107999768 ) ) ;
#4128 = ORIENTED_EDGE ( 'NONE', *, *, #594, .F. ) ;
#4129 =( NAMED_UNIT ( * ) PLANE_ANGLE_UNIT ( ) SI_UNIT ( $, .RADIAN. ) );
#4130 = EDGE_CURVE ( 'NONE', #3570, #4429, #4096, .T. ) ;
#4131 = FACE_OUTER_BOUND ( 'NONE', #3851, .T. ) ;
#4132 = CARTESIAN_POINT ( 'NONE',  ( -2.014368612066916420, -1.209884094155000644, 0.8110431526069999952 ) ) ;
#4133 = DIRECTION ( 'NONE',  ( -1.000000000000000000, 0.0000000000000000000, 0.0000000000000000000 ) ) ;
#4134 = DIRECTION ( 'NONE',  ( -2.199999999999999757E-16, 1.000000000000000000, 0.0000000000000000000 ) ) ;
#4135 = CYLINDRICAL_SURFACE ( 'NONE', #5030, 0.1000000000000000472 ) ;
#4136 = LINE ( 'NONE', #3481, #1888 ) ;
#4137 = ORIENTED_EDGE ( 'NONE', *, *, #5157, .F. ) ;
#4138 = ORIENTED_EDGE ( 'NONE', *, *, #1407, .F. ) ;
#4139 = APPLICATION_CONTEXT ( 'automotive_design' ) ;
#4140 = PRESENTATION_LAYER_ASSIGNMENT (  '', '', ( #4313 ) ) ;
#4141 =( LENGTH_UNIT ( ) NAMED_UNIT ( * ) SI_UNIT ( .MILLI., .METRE. ) );
#4142 = CARTESIAN_POINT ( 'NONE',  ( -0.7378854625549999824, -0.6594801762109999688, 0.8950000000000000178 ) ) ;
#4143 = B_SPLINE_CURVE_WITH_KNOTS ( 'NONE', 3,
 ( #720, #4804, #3586, #373 ),
 .UNSPECIFIED., .F., .F.,
 ( 4, 4 ),
 ( 0.0000000000000000000, 1.000000000000000000 ),
 .UNSPECIFIED. ) ;
#4144 = PLANE ( 'NONE',  #2066 ) ;
#4145 = ORIENTED_EDGE ( 'NONE', *, *, #2471, .T. ) ;
#4146 = EDGE_CURVE ( 'NONE', #3570, #929, #2869, .T. ) ;
#4147 = STYLED_ITEM ( 'NONE', ( #5223 ), #1057 ) ;
#4148 = DIRECTION ( 'NONE',  ( 0.9582661070317315399, -0.2858777153159198781, 0.0000000000000000000 ) ) ;
#4149 = DIRECTION ( 'NONE',  ( 1.999999999999999958E-16, 1.000000000000000000, 0.0000000000000000000 ) ) ;
#4150 = DIRECTION ( 'NONE',  ( 0.0000000000000000000, 0.0000000000000000000, -1.000000000000000000 ) ) ;
#4151 = CARTESIAN_POINT ( 'NONE',  ( 1.949999999999999956, -1.216297724265000157, 8.491471414906000369E-17 ) ) ;
#4152 = EDGE_LOOP ( 'NONE', ( #4826, #1014, #2511, #1015 ) ) ;
#4153 = VECTOR ( 'NONE', #2334, 1000.000000000000000 ) ;
#4154 = MECHANICAL_DESIGN_GEOMETRIC_PRESENTATION_REPRESENTATION (  '', ( #4821 ), #3089 ) ;
#4155 = ADVANCED_FACE ( 'NONE', ( #1312 ), #4299, .T. ) ;
#4156 = CARTESIAN_POINT ( 'NONE',  ( -2.137661871933000501, 1.099999999999999867, 0.1110431526069999980 ) ) ;
#4157 = FACE_OUTER_BOUND ( 'NONE', #2009, .T. ) ;
#4158 = FILL_AREA_STYLE_COLOUR ( '', #4108 ) ;
#4159 = DIRECTION ( 'NONE',  ( 0.0000000000000000000, 0.0000000000000000000, 1.000000000000000000 ) ) ;
#4160 = B_SPLINE_CURVE_WITH_KNOTS ( 'NONE', 3,
 ( #1569, #3156, #4805, #4001 ),
 .UNSPECIFIED., .F., .F.,
 ( 4, 4 ),
 ( 0.0000000000000000000, 1.000000000000000000 ),
 .UNSPECIFIED. ) ;
#4161 = EDGE_CURVE ( 'NONE', #187, #1529, #3354, .T. ) ;
#4162 = CARTESIAN_POINT ( 'NONE',  ( -0.9017621145369999480, -0.7922995594710000589, 0.9000000000000001332 ) ) ;
#4163 = LINE ( 'NONE', #4987, #1106 ) ;
#4164 = CARTESIAN_POINT ( 'NONE',  ( -0.5000000000000000000, -0.2342599118940000280, 0.9000000000000001332 ) ) ;
#4165 = DIRECTION ( 'NONE',  ( -0.0000000000000000000, -0.0000000000000000000, -1.000000000000000000 ) ) ;
#4166 = CARTESIAN_POINT ( 'NONE',  ( -0.8995594713653333185, -0.8295242290750000080, 0.8950000000000000178 ) ) ;
#4167 = ORIENTED_EDGE ( 'NONE', *, *, #4356, .F. ) ;
#4168 = STYLED_ITEM ( 'NONE', ( #4708 ), #2071 ) ;
#4169 = ORIENTED_EDGE ( 'NONE', *, *, #5267, .T. ) ;
#4170 = CARTESIAN_POINT ( 'NONE',  ( -1.350000000000000089, 1.110495720687000087, 0.8950000000000000178 ) ) ;
#4171 =( GEOMETRIC_REPRESENTATION_CONTEXT ( 3 ) GLOBAL_UNCERTAINTY_ASSIGNED_CONTEXT ( ( #2299 ) ) GLOBAL_UNIT_ASSIGNED_CONTEXT ( ( #1756, #162, #3209 ) ) REPRESENTATION_CONTEXT ( 'NONE', 'WORKASPACE' ) );
#4172 =( NAMED_UNIT ( * ) SI_UNIT ( $, .STERADIAN. ) SOLID_ANGLE_UNIT ( ) );
#4173 = ORIENTED_EDGE ( 'NONE', *, *, #3529, .T. ) ;
#4174 = VECTOR ( 'NONE', #1052, 1000.000000000000000 ) ;
#4175 = CARTESIAN_POINT ( 'NONE',  ( 4.999999999999999895E-17, 1.188273498465000078, 0.0000000000000000000 ) ) ;
#4176 = FILL_AREA_STYLE_COLOUR ( '', #3038 ) ;
#4177 = CARTESIAN_POINT ( 'NONE',  ( -0.5000000000000000000, 0.3597929515419999724, 0.9000000000000001332 ) ) ;
#4178 = AXIS2_PLACEMENT_3D ( 'NONE', #2005, #3646, #3244 ) ;
#4179 = ADVANCED_FACE ( 'NONE', ( #1291 ), #5000, .T. ) ;
#4180 = ORIENTED_EDGE ( 'NONE', *, *, #1069, .F. ) ;
#4181 = B_SPLINE_CURVE_WITH_KNOTS ( 'NONE', 3,
 ( #1721, #1300, #4641, #4241 ),
 .UNSPECIFIED., .F., .F.,
 ( 4, 4 ),
 ( 0.0000000000000000000, 1.000000000000000000 ),
 .UNSPECIFIED. ) ;
#4182 = AXIS2_PLACEMENT_3D ( 'NONE', #1035, #2659, #3117 ) ;
#4183 = CARTESIAN_POINT ( 'NONE',  ( -2.094318531689000285, 1.184539838561645020, 0.009421060971107999768 ) ) ;
#4184 = PLANE ( 'NONE',  #3229 ) ;
#4185 = ADVANCED_FACE ( 'NONE', ( #2943 ), #3253, .T. ) ;
#4186 = CYLINDRICAL_SURFACE ( 'NONE', #5211, 0.1000000000000000472 ) ;
#4187 = DIRECTION ( 'NONE',  ( 0.0000000000000000000, 0.0000000000000000000, 1.000000000000000000 ) ) ;
#4188 = VECTOR ( 'NONE', #4983, 1000.000000000000000 ) ;
#4189 = MECHANICAL_DESIGN_GEOMETRIC_PRESENTATION_REPRESENTATION (  '', ( #1086 ), #2879 ) ;
#4190 = LINE ( 'NONE', #920, #1054 ) ;
#4191 =( NAMED_UNIT ( * ) SI_UNIT ( $, .STERADIAN. ) SOLID_ANGLE_UNIT ( ) );
#4192 = LINE ( 'NONE', #504, #1255 ) ;
#4193 = EDGE_CURVE ( 'NONE', #311, #245, #490, .T. ) ;
#4194 = CARTESIAN_POINT ( 'NONE',  ( -1.058370044053000170, -0.4242378854630000085, 0.8950000000000000178 ) ) ;
#4195 = CARTESIAN_POINT ( 'NONE',  ( -1.218942731277999902, -1.099999999999999878E-16, 0.9000000000000001332 ) ) ;
#4196 = ORIENTED_EDGE ( 'NONE', *, *, #1774, .F. ) ;
#4197 = PRESENTATION_LAYER_ASSIGNMENT (  '', '', ( #5206 ) ) ;
#4198 = EDGE_LOOP ( 'NONE', ( #2546, #1330, #5019, #1357 ) ) ;
#4199 = DIRECTION ( 'NONE',  ( 0.0000000000000000000, -0.0000000000000000000, 1.000000000000000000 ) ) ;
#4200 = LINE ( 'NONE', #3753, #55 ) ;
#4201 = STYLED_ITEM ( 'NONE', ( #1061 ), #4553 ) ;
#4202 = ADVANCED_FACE ( 'NONE', ( #385 ), #3683, .T. ) ;
#4203 = CARTESIAN_POINT ( 'NONE',  ( -1.133370044052999903, -0.4242378854630000085, 0.9000000000000001332 ) ) ;
#4204 = ORIENTED_EDGE ( 'NONE', *, *, #3643, .F. ) ;
#4205 = ORIENTED_EDGE ( 'NONE', *, *, #3071, .F. ) ;
#4206 = PRESENTATION_LAYER_ASSIGNMENT (  '', '', ( #1775 ) ) ;
#4207 = CARTESIAN_POINT ( 'NONE',  ( -0.8301762114536667125, -0.6702731277529999643, 0.8950000000000000178 ) ) ;
#4208 = CARTESIAN_POINT ( 'NONE',  ( -0.8921806167400000431, -0.6462643171809999698, 0.9000000000000001332 ) ) ;
#4209 = SURFACE_STYLE_FILL_AREA ( #2543 ) ;
#4210 = CARTESIAN_POINT ( 'NONE',  ( 2.066297724265000912, -1.168125629601310500, 8.491471414906000369E-17 ) ) ;
#4211 = EDGE_LOOP ( 'NONE', ( #4650, #2579, #293, #4460 ) ) ;
#4212 = ORIENTED_EDGE ( 'NONE', *, *, #5036, .T. ) ;
#4213 = CARTESIAN_POINT ( 'NONE',  ( -1.057378854625999898, 0.01254625550660999969, 0.9000000000000001332 ) ) ;
#4214 = CARTESIAN_POINT ( 'NONE',  ( -0.6688325991189999487, 0.9241101321590000639, 0.8950000000000000178 ) ) ;
#4215 = CARTESIAN_POINT ( 'NONE',  ( -0.8588105726870000067, -0.6918590308370000663, 0.9000000000000001332 ) ) ;
#4216 = CARTESIAN_POINT ( 'NONE',  ( -1.086123348017999923, 0.8603436123350000075, 0.9000000000000001332 ) ) ;
#4217 = DIRECTION ( 'NONE',  ( -0.0000000000000000000, -1.000000000000000000, -0.0000000000000000000 ) ) ;
#4218 = EDGE_CURVE ( 'NONE', #3921, #5181, #4924, .T. ) ;
#4219 =( BOUNDED_CURVE ( )  B_SPLINE_CURVE ( 3, ( #2922, #4586, #2123, #914 ),
 .UNSPECIFIED., .F., .T. ) 
 B_SPLINE_CURVE_WITH_KNOTS ( ( 4, 4 ),
 ( 0.0000000000000000000, 1.000000000000000000 ),
 .UNSPECIFIED. ) 
 CURVE ( )  GEOMETRIC_REPRESENTATION_ITEM ( )  RATIONAL_B_SPLINE_CURVE ( ( 1.000000000000000000, 0.8047378541243649375, 0.8047378541243649375, 1.000000000000000000 ) ) 
 REPRESENTATION_ITEM ( '' )  );
#4220 = DIRECTION ( 'NONE',  ( -0.0000000000000000000, -1.000000000000000000, -0.0000000000000000000 ) ) ;
#4221 = SHAPE_REPRESENTATION_RELATIONSHIP ( 'NONE' , 'NONE' ,  #3821, #1433 ) ;
#4222 = CARTESIAN_POINT ( 'NONE',  ( -0.7405286343610000266, -0.6026519823790000840, 0.8950000000000000178 ) ) ;
#4223 = FACE_OUTER_BOUND ( 'NONE', #550, .T. ) ;
#4224 = LINE ( 'NONE', #3370, #3094 ) ;
#4225 = ORIENTED_EDGE ( 'NONE', *, *, #2265, .F. ) ;
#4226 = EDGE_CURVE ( 'NONE', #1725, #186, #4530, .T. ) ;
#4227 = CARTESIAN_POINT ( 'NONE',  ( -0.6305066079300000181, 0.6944845814980000753, 0.9000000000000002442 ) ) ;
#4228 = PRESENTATION_STYLE_ASSIGNMENT (( #4628 ) ) ;
#4229 = VERTEX_POINT ( 'NONE', #2469 ) ;
#4230 = B_SPLINE_CURVE_WITH_KNOTS ( 'NONE', 3,
 ( #2850, #443, #3660, #19 ),
 .UNSPECIFIED., .F., .F.,
 ( 4, 4 ),
 ( 0.0000000000000000000, 1.000000000000000000 ),
 .UNSPECIFIED. ) ;
#4231 = DIRECTION ( 'NONE',  ( 1.000000000000000000, -0.0000000000000000000, -0.0000000000000000000 ) ) ;
#4232 = DIRECTION ( 'NONE',  ( -1.000000000000000000, 0.0000000000000000000, 0.0000000000000000000 ) ) ;
#4233 = DIRECTION ( 'NONE',  ( 1.000000000000000000, -0.0000000000000000000, -0.0000000000000000000 ) ) ;
#4234 = CYLINDRICAL_SURFACE ( 'NONE', #1189, 0.1000000000000000056 ) ;
#4235 = ORIENTED_EDGE ( 'NONE', *, *, #363, .T. ) ;
#4236 = ORIENTED_EDGE ( 'NONE', *, *, #5187, .F. ) ;
#4237 = COLOUR_RGB ( '',0.0000000000000000000, 0.0000000000000000000, 0.0000000000000000000 ) ;
#4238 = CARTESIAN_POINT ( 'NONE',  ( -2.140756629955000268, 1.099999999999999867, 0.08319033040855999817 ) ) ;
#4239 = FACE_OUTER_BOUND ( 'NONE', #1439, .T. ) ;
#4240 = CARTESIAN_POINT ( 'NONE',  ( -0.5520925110130000535, -0.8504493392066666546, 0.8950000000000000178 ) ) ;
#4241 = CARTESIAN_POINT ( 'NONE',  ( -0.6166299559469999858, -0.6251189427309999935, 0.8950000000000000178 ) ) ;
#4242 = PLANE ( 'NONE',  #4182 ) ;
#4243 = UNCERTAINTY_MEASURE_WITH_UNIT (LENGTH_MEASURE( 1.000000000000000082E-05 ), #1503, 'distance_accuracy_value', 'NONE');
#4244 = PLANE ( 'NONE',  #3789 ) ;
#4245 = EDGE_CURVE ( 'NONE', #4366, #3371, #2032, .T. ) ;
#4246 = EDGE_LOOP ( 'NONE', ( #2122, #731, #3692, #440 ) ) ;
#4247 =( LENGTH_UNIT ( ) NAMED_UNIT ( * ) SI_UNIT ( .MILLI., .METRE. ) );
#4248 = CARTESIAN_POINT ( 'NONE',  ( -2.009165628733000197, 1.134658422885460594, 0.8928943887869997820 ) ) ;
#4249 = EDGE_CURVE ( 'NONE', #3564, #1392, #216, .T. ) ;
#4250 = ORIENTED_EDGE ( 'NONE', *, *, #661, .T. ) ;
#4251 = ORIENTED_EDGE ( 'NONE', *, *, #2135, .F. ) ;
#4252 = PRESENTATION_LAYER_ASSIGNMENT (  '', '', ( #560 ) ) ;
#4253 = FILL_AREA_STYLE_COLOUR ( '', #4060 ) ;
#4254 = B_SPLINE_CURVE_WITH_KNOTS ( 'NONE', 3,
 ( #4352, #2262, #5114, #664 ),
 .UNSPECIFIED., .F., .F.,
 ( 4, 4 ),
 ( 0.0000000000000000000, 1.000000000000000000 ),
 .UNSPECIFIED. ) ;
#4255 = SURFACE_SIDE_STYLE ('',( #962 ) ) ;
#4256 = B_SPLINE_SURFACE_WITH_KNOTS ( 'NONE', 2, 1, ( 
 ( #3360, #2973 ),
 ( #4636, #494 ),
 ( #1272, #4213 ) ),
 .UNSPECIFIED., .F., .F., .F.,
 ( 3, 3 ),
 ( 2, 2 ),
 ( 0.0000000000000000000, 1.000000000000000000 ),
 ( 0.0000000000000000000, 1.000000000000000000 ),
 .UNSPECIFIED. ) ;
#4257 = EDGE_CURVE ( 'NONE', #4330, #881, #2624, .T. ) ;
#4258 = CARTESIAN_POINT ( 'NONE',  ( -0.5000000000000000000, 0.06706167400880999607, 0.9000000000000001332 ) ) ;
#4259 = ORIENTED_EDGE ( 'NONE', *, *, #441, .F. ) ;
#4260 = MECHANICAL_DESIGN_GEOMETRIC_PRESENTATION_REPRESENTATION (  '', ( #982 ), #3997 ) ;
#4261 = CARTESIAN_POINT ( 'NONE',  ( -2.134487571218000479, 1.099999999999999867, 0.05430052353698999745 ) ) ;
#4262 = CARTESIAN_POINT ( 'NONE',  ( -0.6305066079300000181, 0.6944845814980000753, 0.9000000000000001332 ) ) ;
#4263 = FILL_AREA_STYLE ('',( #1423 ) ) ;
#4264 = VECTOR ( 'NONE', #1977, 1000.000000000000000 ) ;
#4265 = PLANE ( 'NONE',  #1650 ) ;
#4266 = FILL_AREA_STYLE ('',( #1034 ) ) ;
#4267 = PLANE ( 'NONE',  #3135 ) ;
#4268 = VECTOR ( 'NONE', #3208, 1000.000000000000000 ) ;
#4269 = SURFACE_SIDE_STYLE ('',( #3963 ) ) ;
#4270 = CARTESIAN_POINT ( 'NONE',  ( -1.170374449339000034, -0.6409779735680000146, 0.9000000000000001332 ) ) ;
#4271 = VERTEX_POINT ( 'NONE', #624 ) ;
#4272 = VECTOR ( 'NONE', #2044, 1000.000000000000000 ) ;
#4273 = DIRECTION ( 'NONE',  ( -1.000000000000000000, -2.199999999999999757E-16, 0.0000000000000000000 ) ) ;
#4274 =( NAMED_UNIT ( * ) SI_UNIT ( $, .STERADIAN. ) SOLID_ANGLE_UNIT ( ) );
#4275 = CARTESIAN_POINT ( 'NONE',  ( -1.017400881057000106, -0.4232466960349999807, 0.8950000000000000178 ) ) ;
#4276 = VECTOR ( 'NONE', #2224, 1000.000000000000000 ) ;
#4277 = ORIENTED_EDGE ( 'NONE', *, *, #408, .T. ) ;
#4278 = ORIENTED_EDGE ( 'NONE', *, *, #695, .T. ) ;
#4279 = PRODUCT_DEFINITION_FORMATION_WITH_SPECIFIED_SOURCE ( 'ANY', '', #4904, .NOT_KNOWN. ) ;
#4280 = VECTOR ( 'NONE', #258, 1000.000000000000000 ) ;
#4281 = EDGE_CURVE ( 'NONE', #194, #4790, #140, .T. ) ;
#4282 = CARTESIAN_POINT ( 'NONE',  ( -0.8594713656389999512, 0.6690440528629999495, 0.9000000000000001332 ) ) ;
#4283 =( NAMED_UNIT ( * ) PLANE_ANGLE_UNIT ( ) SI_UNIT ( $, .RADIAN. ) );
#4284 = ORIENTED_EDGE ( 'NONE', *, *, #1288, .F. ) ;
#4285 = CARTESIAN_POINT ( 'NONE',  ( 2.649999999999999911, 0.6750000000000000444, 0.0000000000000000000 ) ) ;
#4286 = DIRECTION ( 'NONE',  ( -1.000000000000000000, -2.199999999999999757E-16, 0.0000000000000000000 ) ) ;
#4287 = ORIENTED_EDGE ( 'NONE', *, *, #2042, .T. ) ;
#4288 = EDGE_CURVE ( 'NONE', #418, #4367, #3051, .T. ) ;
#4289 = DIRECTION ( 'NONE',  ( -0.07345541374870383222, -0.9972985020499162134, 0.0000000000000000000 ) ) ;
#4290 = LINE ( 'NONE', #602, #3731 ) ;
#4291 = CARTESIAN_POINT ( 'NONE',  ( -1.123127753304000054, 0.9029647577089999766, 0.8950000000000000178 ) ) ;
#4292 = LINE ( 'NONE', #603, #4280 ) ;
#4293 = CARTESIAN_POINT ( 'NONE',  ( 1.960495720687000176, -1.100000000000000311, 0.9000000000000001332 ) ) ;
#4294 = EDGE_CURVE ( 'NONE', #3616, #2094, #596, .T. ) ;
#4295 = SURFACE_SIDE_STYLE ('',( #1905 ) ) ;
#4296 = UNCERTAINTY_MEASURE_WITH_UNIT (LENGTH_MEASURE( 1.000000000000000082E-05 ), #3419, 'distance_accuracy_value', 'NONE');
#4297 = CARTESIAN_POINT ( 'NONE',  ( -0.6305066079300000181, 0.6944845814980000753, 0.8950000000000000178 ) ) ;
#4298 = ORIENTED_EDGE ( 'NONE', *, *, #1938, .F. ) ;
#4299 = B_SPLINE_SURFACE_WITH_KNOTS ( 'NONE', 2, 1, ( 
 ( #1712, #415 ),
 ( #4979, #2492 ),
 ( #40, #3281 ) ),
 .UNSPECIFIED., .F., .F., .F.,
 ( 3, 3 ),
 ( 2, 2 ),
 ( 0.0000000000000000000, 1.000000000000000000 ),
 ( 0.0000000000000000000, 1.000000000000000000 ),
 .UNSPECIFIED. ) ;
#4300 = CARTESIAN_POINT ( 'NONE',  ( -0.6311674008809999847, 0.8603436123350000075, 0.9000000000000001332 ) ) ;
#4301 = FILL_AREA_STYLE ('',( #953 ) ) ;
#4302 =( NAMED_UNIT ( * ) SI_UNIT ( $, .STERADIAN. ) SOLID_ANGLE_UNIT ( ) );
#4303 = ORIENTED_EDGE ( 'NONE', *, *, #1931, .F. ) ;
#4304 = ORIENTED_EDGE ( 'NONE', *, *, #384, .F. ) ;
#4305 = CARTESIAN_POINT ( 'NONE',  ( -1.170374449339000034, 0.7787356828189999636, 0.9000000000000001332 ) ) ;
#4306 = CARTESIAN_POINT ( 'NONE',  ( -2.149999999999999911, 2.000000000000000143E-17, 0.0000000000000000000 ) ) ;
#4307 = VERTEX_POINT ( 'NONE', #1844 ) ;
#4308 = SURFACE_SIDE_STYLE ('',( #4209 ) ) ;
#4309 = LINE ( 'NONE', #1764, #4967 ) ;
#4310 = ORIENTED_EDGE ( 'NONE', *, *, #1049, .T. ) ;
#4311 = EDGE_CURVE ( 'NONE', #1688, #1388, #192, .T. ) ;
#4312 =( REPRESENTATION_RELATIONSHIP ('NONE','NONE', #1662, #1478 ) REPRESENTATION_RELATIONSHIP_WITH_TRANSFORMATION ( #4045 )SHAPE_REPRESENTATION_RELATIONSHIP( ) );
#4313 = STYLED_ITEM ( 'NONE', ( #1864 ), #151 ) ;
#4314 = CARTESIAN_POINT ( 'NONE',  ( -1.218942731277999902, 0.6915110132159999479, 0.9000000000000001332 ) ) ;
#4315 =( NAMED_UNIT ( * ) PLANE_ANGLE_UNIT ( ) SI_UNIT ( $, .RADIAN. ) );
#4316 = DIRECTION ( 'NONE',  ( 0.0000000000000000000, 0.9938837346736066891, 0.1104315260749562794 ) ) ;
#4317 = CARTESIAN_POINT ( 'NONE',  ( -1.218942731277999902, 0.7787356828189999636, 0.9000000000000001332 ) ) ;
#4318 = DIRECTION ( 'NONE',  ( 0.0000000000000000000, 0.0000000000000000000, -1.000000000000000000 ) ) ;
#4319 = EDGE_CURVE ( 'NONE', #3190, #836, #2801, .T. ) ;
#4320 = AXIS2_PLACEMENT_3D ( 'NONE', #3718, #2132, #101 ) ;
#4321 = AXIS2_PLACEMENT_3D ( 'NONE', #4985, #2928, #891 ) ;
#4322 = CARTESIAN_POINT ( 'NONE',  ( -0.9488986784143333963, -0.8093700440529999485, 0.8950000000000000178 ) ) ;
#4323 =( LENGTH_UNIT ( ) NAMED_UNIT ( * ) SI_UNIT ( .MILLI., .METRE. ) );
#4324 = CARTESIAN_POINT ( 'NONE',  ( -0.5000000000000000000, -0.8025418502200000193, 0.8950000000000000178 ) ) ;
#4325 = ORIENTED_EDGE ( 'NONE', *, *, #1535, .T. ) ;
#4326 = ORIENTED_EDGE ( 'NONE', *, *, #2463, .F. ) ;
#4327 = CARTESIAN_POINT ( 'NONE',  ( -0.5290748898679999979, -0.9274317180619999768, 0.8950000000000000178 ) ) ;
#4328 = CARTESIAN_POINT ( 'NONE',  ( 2.048645549564247048, 1.268398486594999763, 0.02828470682495000388 ) ) ;
#4329 = CARTESIAN_POINT ( 'NONE',  ( -1.997398385008909205, 1.180914104466000092, 0.8786759966329998894 ) ) ;
#4330 = VERTEX_POINT ( 'NONE', #3784 ) ;
#4331 = ORIENTED_EDGE ( 'NONE', *, *, #1191, .T. ) ;
#4332 = LINE ( 'NONE', #2272, #3906 ) ;
#4333 = FILL_AREA_STYLE ('',( #1442 ) ) ;
#4334 = ORIENTED_EDGE ( 'NONE', *, *, #3838, .T. ) ;
#4335 = FILL_AREA_STYLE_COLOUR ( '', #507 ) ;
#4336 = EDGE_LOOP ( 'NONE', ( #1261, #2164, #4138, #4488 ) ) ;
#4337 = ORIENTED_EDGE ( 'NONE', *, *, #1612, .T. ) ;
#4338 = MECHANICAL_DESIGN_GEOMETRIC_PRESENTATION_REPRESENTATION (  '', ( #4168 ), #1068 ) ;
#4339 = CARTESIAN_POINT ( 'NONE',  ( -1.170374449339000034, -0.8501189427309999713, 0.9000000000000001332 ) ) ;
#4340 = CYLINDRICAL_SURFACE ( 'NONE', #2776, 0.1000000000000000056 ) ;
#4341 = VECTOR ( 'NONE', #497, 1000.000000000000114 ) ;
#4342 = DIRECTION ( 'NONE',  ( 0.0000000000000000000, 0.0000000000000000000, 1.000000000000000000 ) ) ;
#4343 = CARTESIAN_POINT ( 'NONE',  ( -1.086123348017999923, 0.8603436123350000075, 0.8950000000000000178 ) ) ;
#4344 = B_SPLINE_SURFACE_WITH_KNOTS ( 'NONE', 2, 1, ( 
 ( #3955, #709 ),
 ( #284, #2332 ),
 ( #3530, #1532 ) ),
 .UNSPECIFIED., .F., .F., .F.,
 ( 3, 3 ),
 ( 2, 2 ),
 ( 0.0000000000000000000, 1.000000000000000000 ),
 ( 0.0000000000000000000, 1.000000000000000000 ),
 .UNSPECIFIED. ) ;
#4345 = VECTOR ( 'NONE', #2516, 1000.000000000000000 ) ;
#4346 = CARTESIAN_POINT ( 'NONE',  ( -1.649999999999999911, 4.000000000000000286E-17, 0.0000000000000000000 ) ) ;
#4347 = SHAPE_REPRESENTATION_RELATIONSHIP ( 'NONE' , 'NONE' ,  #1478, #163 ) ;
#4348 = EDGE_CURVE ( 'NONE', #3498, #1152, #493, .T. ) ;
#4349 = CARTESIAN_POINT ( 'NONE',  ( 4.999999999999999895E-17, -0.6750000000000000444, 0.0000000000000000000 ) ) ;
#4350 = UNCERTAINTY_MEASURE_WITH_UNIT (LENGTH_MEASURE( 1.000000000000000082E-05 ), #1539, 'distance_accuracy_value', 'NONE');
#4351 = LINE ( 'NONE', #2607, #3665 ) ;
#4352 = CARTESIAN_POINT ( 'NONE',  ( -0.8951541850219999485, -0.8471453744490000659, 0.8950000000000000178 ) ) ;
#4353 = VECTOR ( 'NONE', #697, 1000.000000000000000 ) ;
#4354 = EDGE_LOOP ( 'NONE', ( #2328, #4754, #429, #3698 ) ) ;
#4355 = SURFACE_SIDE_STYLE ('',( #3585 ) ) ;
#4356 = EDGE_CURVE ( 'NONE', #4410, #5286, #4655, .T. ) ;
#4357 = CARTESIAN_POINT ( 'NONE',  ( 2.061742646715052807, 1.290756629954999735, 0.08319033040855998429 ) ) ;
#4358 = PLANE ( 'NONE',  #1406 ) ;
#4359 = FACE_OUTER_BOUND ( 'NONE', #1883, .T. ) ;
#4360 = ORIENTED_EDGE ( 'NONE', *, *, #4294, .T. ) ;
#4361 = AXIS2_PLACEMENT_3D ( 'NONE', #4177, #4899, #4067 ) ;
#4362 = ORIENTED_EDGE ( 'NONE', *, *, #3548, .F. ) ;
#4363 = EDGE_CURVE ( 'NONE', #3673, #1038, #684, .T. ) ;
#4364 = CARTESIAN_POINT ( 'NONE',  ( 1.949999999999999956, 1.287661871927645807, 0.1110431526407620745 ) ) ;
#4365 = LINE ( 'NONE', #3544, #5183 ) ;
#4366 = VERTEX_POINT ( 'NONE', #1340 ) ;
#4367 = VERTEX_POINT ( 'NONE', #5052 ) ;
#4368 = AXIS2_PLACEMENT_3D ( 'NONE', #1743, #2525, #1646 ) ;
#4369 = CARTESIAN_POINT ( 'NONE',  ( -0.5000000000000000000, -0.1774317180620000045, 0.8950000000000000178 ) ) ;
#4370 = CARTESIAN_POINT ( 'NONE',  ( -1.170374449339000034, -0.8501189427309999713, 0.8950000000000000178 ) ) ;
#4371 = SURFACE_STYLE_USAGE ( .BOTH. , #3986 ) ;
#4372 = AXIS2_PLACEMENT_3D ( 'NONE', #4258, #548, #5053 ) ;
#4373 = DIRECTION ( 'NONE',  ( -0.0000000000000000000, -1.000000000000000000, -0.0000000000000000000 ) ) ;
#4374 = CARTESIAN_POINT ( 'NONE',  ( -1.218942731277999902, -0.4761101321590001656, 0.9000000000000001332 ) ) ;
#4375 = CARTESIAN_POINT ( 'NONE',  ( -0.6688325991189999487, 0.9241101321590000639, 0.8950000000000000178 ) ) ;
#4376 = DIRECTION ( 'NONE',  ( 0.6736986521720595977, -0.7390061745760654333, 0.0000000000000000000 ) ) ;
#4377 = EDGE_CURVE ( 'NONE', #2115, #3944, #3496, .T. ) ;
#4378 = DIRECTION ( 'NONE',  ( -0.0000000000000000000, 0.0000000000000000000, 1.000000000000000000 ) ) ;
#4379 = CARTESIAN_POINT ( 'NONE',  ( -1.147246696035000069, 0.3617753303960000166, 0.9000000000000001332 ) ) ;
#4380 = CARTESIAN_POINT ( 'NONE',  ( 2.007083277742162331, 1.197447250525999873, 0.8586306990930001604 ) ) ;
#4381 = ORIENTED_EDGE ( 'NONE', *, *, #2694, .F. ) ;
#4382 = EDGE_CURVE ( 'NONE', #4122, #1078, #4632, .T. ) ;
#4383 = CARTESIAN_POINT ( 'NONE',  ( -0.5000000000000000000, 0.6954757709250000142, 0.9000000000000001332 ) ) ;
#4384 = CARTESIAN_POINT ( 'NONE',  ( -1.949999999999999956, -1.110495720687000087, 0.9000000000000001332 ) ) ;
#4385 = ORIENTED_EDGE ( 'NONE', *, *, #4709, .T. ) ;
#4386 = ORIENTED_EDGE ( 'NONE', *, *, #4281, .T. ) ;
#4387 = ORIENTED_EDGE ( 'NONE', *, *, #1870, .T. ) ;
#4388 = EDGE_CURVE ( 'NONE', #2057, #508, #4785, .T. ) ;
#4389 = LINE ( 'NONE', #2309, #4064 ) ;
#4390 = FILL_AREA_STYLE ('',( #5185 ) ) ;
#4391 = CARTESIAN_POINT ( 'NONE',  ( -0.8783039647579999887, -0.8947224669600000180, 0.8950000000000000178 ) ) ;
#4392 = PRESENTATION_LAYER_ASSIGNMENT (  '', '', ( #3958 ) ) ;
#4393 = CARTESIAN_POINT ( 'NONE',  ( -1.071255506608000063, 0.2157400881060000386, 0.9000000000000001332 ) ) ;
#4394 = PRODUCT_CONTEXT ( 'NONE', #4139, 'mechanical' ) ;
#4395 = CARTESIAN_POINT ( 'NONE',  ( -1.147246696035000069, 0.3617753303960000166, 0.8950000000000000178 ) ) ;
#4396 = UNCERTAINTY_MEASURE_WITH_UNIT (LENGTH_MEASURE( 1.000000000000000082E-05 ), #3053, 'distance_accuracy_value', 'NONE');
#4397 = DIRECTION ( 'NONE',  ( 0.1104315260749562794, 0.0000000000000000000, -0.9938837346736066891 ) ) ;
#4398 = DIRECTION ( 'NONE',  ( -0.9582661070315894314, 0.2858777153163960527, 0.0000000000000000000 ) ) ;
#4399 = PRESENTATION_STYLE_ASSIGNMENT (( #4052 ) ) ;
#4400 = CARTESIAN_POINT ( 'NONE',  ( 2.038273498465000166, 0.6750000000000000444, 0.1000000000000000056 ) ) ;
#4401 = PRODUCT_RELATED_PRODUCT_CATEGORY ( 'part', '', ( #1877 ) ) ;
#4402 = LINE ( 'NONE', #2424, #619 ) ;
#4403 = AXIS2_PLACEMENT_3D ( 'NONE', #1856, #4695, #1878 ) ;
#4404 = ORIENTED_EDGE ( 'NONE', *, *, #1197, .T. ) ;
#4405 = VERTEX_POINT ( 'NONE', #932 ) ;
#4406 = CARTESIAN_POINT ( 'NONE',  ( 1.949999999999999956, -1.188273498465000078, 1.734723475976749894E-18 ) ) ;
#4407 = CARTESIAN_POINT ( 'NONE',  ( -0.5885462555070000157, 0.9085814977970000372, 0.9000000000000001332 ) ) ;
#4408 = ADVANCED_FACE ( 'NONE', ( #547 ), #571, .T. ) ;
#4409 = APPLICATION_CONTEXT ( 'automotive_design' ) ;
#4410 = VERTEX_POINT ( 'NONE', #3523 ) ;
#4411 = VERTEX_POINT ( 'NONE', #3979 ) ;
#4412 = ORIENTED_EDGE ( 'NONE', *, *, #695, .F. ) ;
#4413 = EDGE_CURVE ( 'NONE', #304, #2643, #2400, .T. ) ;
#4414 = SURFACE_STYLE_USAGE ( .BOTH. , #2760 ) ;
#4415 = CARTESIAN_POINT ( 'NONE',  ( 1.949999999999999956, -1.268398486594999985, 0.02828470682495000388 ) ) ;
#4416 = ORIENTED_EDGE ( 'NONE', *, *, #3590, .F. ) ;
#4417 = CARTESIAN_POINT ( 'NONE',  ( -2.140756629954999823, -1.211742646715052940, 0.08319033040855998429 ) ) ;
#4418 = EDGE_CURVE ( 'NONE', #2116, #1460, #1893, .T. ) ;
#4419 = DIRECTION ( 'NONE',  ( -0.1104315260749562794, -0.0000000000000000000, 0.9938837346736066891 ) ) ;
#4420 = CARTESIAN_POINT ( 'NONE',  ( -1.123127753304000054, 0.9029647577089999766, 0.8950000000000000178 ) ) ;
#4421 = DIRECTION ( 'NONE',  ( -0.0000000000000000000, 0.0000000000000000000, 1.000000000000000000 ) ) ;
#4422 = CONICAL_SURFACE ( 'NONE', #3895, 0.1876618719044357841, 0.1106572211805801897 ) ;
#4423 = LINE ( 'NONE', #689, #1645 ) ;
#4424 = CARTESIAN_POINT ( 'NONE',  ( -1.218942731277999902, -0.6409779735680000146, 0.9000000000000001332 ) ) ;
#4425 = DIRECTION ( 'NONE',  ( -1.000000000000000000, 0.0000000000000000000, 0.0000000000000000000 ) ) ;
#4426 = CARTESIAN_POINT ( 'NONE',  ( 1.950000000000000178, 1.197447250526000317, 0.8586306990930000493 ) ) ;
#4427 = VECTOR ( 'NONE', #2281, 1000.000000000000000 ) ;
#4428 = CARTESIAN_POINT ( 'NONE',  ( -1.218942731277999902, -0.3968149779740000049, 0.8950000000000000178 ) ) ;
#4429 = VERTEX_POINT ( 'NONE', #4112 ) ;
#4430 = ORIENTED_EDGE ( 'NONE', *, *, #3287, .F. ) ;
#4431 = MECHANICAL_DESIGN_GEOMETRIC_PRESENTATION_REPRESENTATION (  '', ( #317 ), #1754 ) ;
#4432 = DIRECTION ( 'NONE',  ( 0.0000000000000000000, 0.0000000000000000000, 1.000000000000000000 ) ) ;
#4433 = PLANE ( 'NONE',  #4082 ) ;
#4434 = ORIENTED_EDGE ( 'NONE', *, *, #885, .T. ) ;
#4435 = CARTESIAN_POINT ( 'NONE',  ( 1.949999999999999956, -1.300000000000000266, 0.0000000000000000000 ) ) ;
#4436 = AXIS2_PLACEMENT_3D ( 'NONE', #2746, #3237, #4000 ) ;
#4437 = LINE ( 'NONE', #3624, #1219 ) ;
#4438 = VERTEX_POINT ( 'NONE', #1526 ) ;
#4439 = ORIENTED_EDGE ( 'NONE', *, *, #2828, .T. ) ;
#4440 = ADVANCED_FACE ( 'NONE', ( #1131 ), #3922, .T. ) ;
#4441 = AXIS2_PLACEMENT_3D ( 'NONE', #3362, #4564, #468 ) ;
#4442 = CARTESIAN_POINT ( 'NONE',  ( -0.5591409691630000456, -0.8715947136560000530, 0.8950000000000000178 ) ) ;
#4443 = SURFACE_SIDE_STYLE ('',( #4529 ) ) ;
#4444 = DIRECTION ( 'NONE',  ( 0.0000000000000000000, 0.0000000000000000000, 1.000000000000000000 ) ) ;
#4445 = PRODUCT_DEFINITION_FORMATION_WITH_SPECIFIED_SOURCE ( 'ANY', '', #1877, .NOT_KNOWN. ) ;
#4446 = EDGE_CURVE ( 'NONE', #5149, #1471, #5153, .T. ) ;
#4447 = FILL_AREA_STYLE_COLOUR ( '', #4662 ) ;
#4448 = CARTESIAN_POINT ( 'NONE',  ( -0.9503303964760000389, -0.7771013215859999823, 0.8950000000000000178 ) ) ;
#4449 = CARTESIAN_POINT ( 'NONE',  ( -2.038273498465000166, 1.100000000000000089, 0.1000000000000000056 ) ) ;
#4450 = PLANE ( 'NONE',  #2752 ) ;
#4451 = VERTEX_POINT ( 'NONE', #2532 ) ;
#4452 = MECHANICAL_DESIGN_GEOMETRIC_PRESENTATION_REPRESENTATION (  '', ( #337 ), #2971 ) ;
#4453 = EDGE_CURVE ( 'NONE', #811, #4548, #105, .T. ) ;
#4454 = DIRECTION ( 'NONE',  ( -1.000000000000000000, 0.0000000000000000000, 0.0000000000000000000 ) ) ;
#4455 = CARTESIAN_POINT ( 'NONE',  ( -1.084801762114999901, 0.3597929515419999724, 0.8950000000000000178 ) ) ;
#4456 = LINE ( 'NONE', #5281, #3314 ) ;
#4457 = CARTESIAN_POINT ( 'NONE',  ( -0.9503303964760000389, -0.7771013215859999823, 0.9000000000000001332 ) ) ;
#4458 =( GEOMETRIC_REPRESENTATION_CONTEXT ( 3 ) GLOBAL_UNCERTAINTY_ASSIGNED_CONTEXT ( ( #1799 ) ) GLOBAL_UNIT_ASSIGNED_CONTEXT ( ( #1301, #475, #4909 ) ) REPRESENTATION_CONTEXT ( 'NONE', 'WORKASPACE' ) );
#4459 = CARTESIAN_POINT ( 'NONE',  ( -2.059884094155000067, 1.164368612066917219, 0.8110431526069998842 ) ) ;
#4460 = ORIENTED_EDGE ( 'NONE', *, *, #3548, .T. ) ;
#4461 = CARTESIAN_POINT ( 'NONE',  ( -0.9371145374449999510, -0.8672995594710000145, 0.9000000000000001332 ) ) ;
#4462 = CARTESIAN_POINT ( 'NONE',  ( -0.5862334801759999658, 0.6538458149779999840, 0.9000000000000001332 ) ) ;
#4463 = ORIENTED_EDGE ( 'NONE', *, *, #2004, .F. ) ;
#4464 = CARTESIAN_POINT ( 'NONE',  ( -1.949999999999999956, 1.188273498465000300, 1.734723475976749894E-18 ) ) ;
#4465 = VERTEX_POINT ( 'NONE', #100 ) ;
#4466 = VERTEX_POINT ( 'NONE', #2083 ) ;
#4467 = SURFACE_STYLE_FILL_AREA ( #308 ) ;
#4468 = CYLINDRICAL_SURFACE ( 'NONE', #4603, 0.09999999999999982514 ) ;
#4469 = CARTESIAN_POINT ( 'NONE',  ( -1.058370044053000170, -0.4242378854630000085, 0.9000000000000001332 ) ) ;
#4470 = ADVANCED_FACE ( 'NONE', ( #4622 ), #1512, .T. ) ;
#4471 = DIRECTION ( 'NONE',  ( -0.7331080000100079763, -0.6801122409730073759, 0.0000000000000000000 ) ) ;
#4472 = ORIENTED_EDGE ( 'NONE', *, *, #1437, .T. ) ;
#4473 = B_SPLINE_CURVE_WITH_KNOTS ( 'NONE', 3,
 ( #4725, #1804, #3096, #669 ),
 .UNSPECIFIED., .F., .F.,
 ( 4, 4 ),
 ( 0.0000000000000000000, 1.000000000000000000 ),
 .UNSPECIFIED. ) ;
#4474 = FILL_AREA_STYLE_COLOUR ( '', #1390 ) ;
#4475 = CARTESIAN_POINT ( 'NONE',  ( -1.170374449339000034, 0.7787356828189999636, 0.8950000000000000178 ) ) ;
#4476 = EDGE_CURVE ( 'NONE', #617, #461, #3813, .T. ) ;
#4477 = CARTESIAN_POINT ( 'NONE',  ( -1.984831372448000231, -1.100000000000000089, 0.9000000000000001332 ) ) ;
#4478 = CARTESIAN_POINT ( 'NONE',  ( -0.7378854625549999824, -0.6594801762109999688, 0.9000000000000001332 ) ) ;
#4479 = ORIENTED_EDGE ( 'NONE', *, *, #2167, .T. ) ;
#4480 = CARTESIAN_POINT ( 'NONE',  ( 2.133333333333208515, 0.6749999999999998224, 0.1500000000000231981 ) ) ;
#4481 = DIRECTION ( 'NONE',  ( 0.0000000000000000000, -0.0000000000000000000, 1.000000000000000000 ) ) ;
#4482 = VECTOR ( 'NONE', #2417, 1000.000000000000000 ) ;
#4483 = LINE ( 'NONE', #3969, #1932 ) ;
#4484 = CARTESIAN_POINT ( 'NONE',  ( 1.960495720686999954, 1.106148250831564761, 0.9000000000000001332 ) ) ;
#4485 = EDGE_CURVE ( 'NONE', #3883, #2215, #4989, .T. ) ;
#4486 = CARTESIAN_POINT ( 'NONE',  ( -1.057378854625999898, 0.01254625550660999969, 0.9000000000000001332 ) ) ;
#4487 = ORIENTED_EDGE ( 'NONE', *, *, #1898, .T. ) ;
#4488 = ORIENTED_EDGE ( 'NONE', *, *, #3251, .T. ) ;
#4489 = VECTOR ( 'NONE', #2573, 999.9999999999998863 ) ;
#4490 = DIRECTION ( 'NONE',  ( 1.000000000000000000, 2.199999999999999757E-16, 0.0000000000000000000 ) ) ;
#4491 = DIRECTION ( 'NONE',  ( 0.0000000000000000000, 0.0000000000000000000, 1.000000000000000000 ) ) ;
#4492 = ADVANCED_FACE ( 'NONE', ( #1723 ), #2932, .F. ) ;
#4493 = VECTOR ( 'NONE', #4217, 1000.000000000000000 ) ;
#4494 = ORIENTED_EDGE ( 'NONE', *, *, #3012, .F. ) ;
#4495 = LINE ( 'NONE', #3596, #2499 ) ;
#4496 = ORIENTED_EDGE ( 'NONE', *, *, #3949, .F. ) ;
#4497 = ORIENTED_EDGE ( 'NONE', *, *, #2471, .F. ) ;
#4498 = SURFACE_STYLE_USAGE ( .BOTH. , #2436 ) ;
#4499 = DIRECTION ( 'NONE',  ( -1.000000000000000000, -0.0000000000000000000, -0.0000000000000000000 ) ) ;
#4500 = DIRECTION ( 'NONE',  ( -2.199999999999999757E-16, 1.000000000000000000, 0.0000000000000000000 ) ) ;
#4501 = CARTESIAN_POINT ( 'NONE',  ( 2.038273498465000610, -1.151709418202676360, 6.938893903907000348E-18 ) ) ;
#4502 = ORIENTED_EDGE ( 'NONE', *, *, #734, .F. ) ;
#4503 = CARTESIAN_POINT ( 'NONE',  ( -2.137661871933000057, -1.209929779438028596, 0.1110431526069999980 ) ) ;
#4504 = CARTESIAN_POINT ( 'NONE',  ( -1.132378854626000075, 0.01518942731277999995, 0.9000000000000001332 ) ) ;
#4505 = CARTESIAN_POINT ( 'NONE',  ( -0.5485682819380000019, -0.7546343612329999839, 0.8950000000000000178 ) ) ;
#4506 = CARTESIAN_POINT ( 'NONE',  ( -0.5000000000000000000, 0.06706167400881016261, 0.8950000000000000178 ) ) ;
#4507 = FACE_BOUND ( 'NONE', #514, .T. ) ;
#4508 = VERTEX_POINT ( 'NONE', #4194 ) ;
#4509 = ADVANCED_FACE ( 'NONE', ( #4223 ), #532, .T. ) ;
#4510 = CARTESIAN_POINT ( 'NONE',  ( -0.6311674008809999847, 0.8603436123350000075, 0.9000000000000001332 ) ) ;
#4511 = DIRECTION ( 'NONE',  ( 0.9582661070317315399, -0.2858777153159198781, 0.0000000000000000000 ) ) ;
#4512 = CARTESIAN_POINT ( 'NONE',  ( -0.8874449339203334119, -0.7134449339210000574, 0.9000000000000001332 ) ) ;
#4513 = DIRECTION ( 'NONE',  ( 0.0000000000000000000, 0.0000000000000000000, 1.000000000000000000 ) ) ;
#4514 = UNCERTAINTY_MEASURE_WITH_UNIT (LENGTH_MEASURE( 1.000000000000000082E-05 ), #1006, 'distance_accuracy_value', 'NONE');
#4515 = FACE_OUTER_BOUND ( 'NONE', #2138, .T. ) ;
#4516 = VECTOR ( 'NONE', #379, 1000.000000000000000 ) ;
#4517 = ORIENTED_EDGE ( 'NONE', *, *, #993, .F. ) ;
#4518 = APPLICATION_CONTEXT ( 'automotive_design' ) ;
#4519 = EDGE_CURVE ( 'NONE', #2663, #1549, #1636, .T. ) ;
#4520 = CARTESIAN_POINT ( 'NONE',  ( -0.5000000000000000000, -0.8025418502200000193, 0.9000000000000001332 ) ) ;
#4521 = CARTESIAN_POINT ( 'NONE',  ( 2.038273498465000166, -1.148135493131899221, 0.0000000000000000000 ) ) ;
#4522 = DIRECTION ( 'NONE',  ( 0.0000000000000000000, 1.000000000000000000, 0.0000000000000000000 ) ) ;
#4523 = ORIENTED_EDGE ( 'NONE', *, *, #2533, .F. ) ;
#4524 =( GEOMETRIC_REPRESENTATION_CONTEXT ( 3 ) GLOBAL_UNCERTAINTY_ASSIGNED_CONTEXT ( ( #5256 ) ) GLOBAL_UNIT_ASSIGNED_CONTEXT ( ( #818, #4535, #3258 ) ) REPRESENTATION_CONTEXT ( 'NONE', 'WORKASPACE' ) );
#4525 = EDGE_LOOP ( 'NONE', ( #4705, #3283, #2766, #2472, #3024, #3297, #4381, #1489, #2248, #4502, #5131 ) ) ;
#4526 = B_SPLINE_SURFACE_WITH_KNOTS ( 'NONE', 2, 1, ( 
 ( #1598, #5280 ),
 ( #3178, #1942 ),
 ( #1092, #3207 ) ),
 .UNSPECIFIED., .F., .F., .F.,
 ( 3, 3 ),
 ( 2, 2 ),
 ( 0.0000000000000000000, 1.000000000000000000 ),
 ( 0.0000000000000000000, 1.000000000000000000 ),
 .UNSPECIFIED. ) ;
#4527 =( NAMED_UNIT ( * ) PLANE_ANGLE_UNIT ( ) SI_UNIT ( $, .RADIAN. ) );
#4528 = VECTOR ( 'NONE', #5198, 1000.000000000000000 ) ;
#4529 = SURFACE_STYLE_FILL_AREA ( #2067 ) ;
#4530 = LINE ( 'NONE', #2893, #3920 ) ;
#4531 =( NAMED_UNIT ( * ) PLANE_ANGLE_UNIT ( ) SI_UNIT ( $, .RADIAN. ) );
#4532 = ORIENTED_EDGE ( 'NONE', *, *, #3900, .T. ) ;
#4533 = PRESENTATION_LAYER_ASSIGNMENT (  '', '', ( #1086 ) ) ;
#4534 = PRESENTATION_STYLE_ASSIGNMENT (( #3711 ) ) ;
#4535 =( NAMED_UNIT ( * ) PLANE_ANGLE_UNIT ( ) SI_UNIT ( $, .RADIAN. ) );
#4536 = CARTESIAN_POINT ( 'NONE',  ( -1.170374449339000034, 0.7787356828189999636, 0.9000000000000002442 ) ) ;
#4537 = COLOUR_RGB ( '',0.0000000000000000000, 0.0000000000000000000, 0.0000000000000000000 ) ;
#4538 = B_SPLINE_CURVE_WITH_KNOTS ( 'NONE', 3,
 ( #4930, #2074, #45, #3340 ),
 .UNSPECIFIED., .F., .F.,
 ( 4, 4 ),
 ( 0.0000000000000000000, 1.000000000000000000 ),
 .UNSPECIFIED. ) ;
#4539 =( GEOMETRIC_REPRESENTATION_CONTEXT ( 3 ) GLOBAL_UNCERTAINTY_ASSIGNED_CONTEXT ( ( #4296 ) ) GLOBAL_UNIT_ASSIGNED_CONTEXT ( ( #3419, #2658, #5065 ) ) REPRESENTATION_CONTEXT ( 'NONE', 'WORKASPACE' ) );
#4540 = MECHANICAL_DESIGN_GEOMETRIC_PRESENTATION_REPRESENTATION (  '', ( #2807 ), #1184 ) ;
#4541 = LINE ( 'NONE', #1223, #960 ) ;
#4542 = LINE ( 'NONE', #4620, #5113 ) ;
#4543 =( LENGTH_UNIT ( ) NAMED_UNIT ( * ) SI_UNIT ( .MILLI., .METRE. ) );
#4544 = CARTESIAN_POINT ( 'NONE',  ( -0.6430616740090000505, -0.6753392070479999898, 0.9000000000000001332 ) ) ;
#4545 = AXIS2_PLACEMENT_3D ( 'NONE', #1815, #5103, #2592 ) ;
#4546 = EDGE_CURVE ( 'NONE', #3262, #3542, #4786, .T. ) ;
#4547 = ORIENTED_EDGE ( 'NONE', *, *, #1876, .F. ) ;
#4548 = VERTEX_POINT ( 'NONE', #4771 ) ;
#4549 = AXIS2_PLACEMENT_3D ( 'NONE', #238, #4079, #4481 ) ;
#4550 = CARTESIAN_POINT ( 'NONE',  ( -1.218942731277999902, -0.3968149779740000049, 0.9000000000000001332 ) ) ;
#4551 = CARTESIAN_POINT ( 'NONE',  ( -0.5802863436123333329, -0.6398766519823333443, 0.9000000000000001332 ) ) ;
#4552 = CARTESIAN_POINT ( 'NONE',  ( -0.8594713656389999512, 0.6690440528629999495, 0.9000000000000001332 ) ) ;
#4553 = ADVANCED_FACE ( 'NONE', ( #5068 ), #640, .T. ) ;
#4554 = VERTEX_POINT ( 'NONE', #1379 ) ;
#4555 = B_SPLINE_CURVE_WITH_KNOTS ( 'NONE', 2,
 ( #3049, #1492, #2222 ),
 .UNSPECIFIED., .F., .F.,
 ( 3, 3 ),
 ( 0.0000000000000000000, 1.000000000000000000 ),
 .UNSPECIFIED. ) ;
#4556 = DIRECTION ( 'NONE',  ( 0.0000000000000000000, 0.0000000000000000000, 1.000000000000000000 ) ) ;
#4557 = FACE_OUTER_BOUND ( 'NONE', #4038, .T. ) ;
#4558 = DIRECTION ( 'NONE',  ( 1.000000000000000000, 0.0000000000000000000, 0.0000000000000000000 ) ) ;
#4559 = EDGE_CURVE ( 'NONE', #4429, #3965, #2684, .T. ) ;
#4560 = CARTESIAN_POINT ( 'NONE',  ( 2.038273498465000166, -1.099999999999999645, 6.938893903906999577E-18 ) ) ;
#4561 = ORIENTED_EDGE ( 'NONE', *, *, #1213, .F. ) ;
#4562 = CARTESIAN_POINT ( 'NONE',  ( -2.038273498465000610, 1.151709418202676805, 6.938893903906999577E-18 ) ) ;
#4563 = FILL_AREA_STYLE_COLOUR ( '', #4765 ) ;
#4564 = DIRECTION ( 'NONE',  ( 1.000000000000000000, 0.0000000000000000000, 0.0000000000000000000 ) ) ;
#4565 = CARTESIAN_POINT ( 'NONE',  ( 1.956148250831564628, -1.110495720687000087, 0.9000000000000000222 ) ) ;
#4566 = DIRECTION ( 'NONE',  ( -1.000000000000000000, 0.0000000000000000000, 0.0000000000000000000 ) ) ;
#4567 = CARTESIAN_POINT ( 'NONE',  ( -1.649999999999999911, -0.6750000000000000444, 0.1499999999999999944 ) ) ;
#4568 = CARTESIAN_POINT ( 'NONE',  ( -0.5310572687219999866, -0.6918590308370000663, 0.9000000000000001332 ) ) ;
#4569 = SURFACE_STYLE_FILL_AREA ( #30 ) ;
#4570 = LINE ( 'NONE', #4195, #3782 ) ;
#4571 = ORIENTED_EDGE ( 'NONE', *, *, #4637, .T. ) ;
#4572 = B_SPLINE_CURVE_WITH_KNOTS ( 'NONE', 3,
 ( #127, #1751, #478, #5011 ),
 .UNSPECIFIED., .F., .F.,
 ( 4, 4 ),
 ( 0.0000000000000000000, 1.000000000000000000 ),
 .UNSPECIFIED. ) ;
#4573 = ORIENTED_EDGE ( 'NONE', *, *, #4877, .F. ) ;
#4574 = PRODUCT_RELATED_PRODUCT_CATEGORY ( 'part', '', ( #2225 ) ) ;
#4575 = CARTESIAN_POINT ( 'NONE',  ( -0.7378854625549999824, -0.6594801762109999688, 0.9000000000000001332 ) ) ;
#4576 =( NAMED_UNIT ( * ) PLANE_ANGLE_UNIT ( ) SI_UNIT ( $, .RADIAN. ) );
#4577 = VECTOR ( 'NONE', #3905, 1000.000000000000000 ) ;
#4578 = ORIENTED_EDGE ( 'NONE', *, *, #2435, .T. ) ;
#4579 = EDGE_CURVE ( 'NONE', #4405, #2733, #4351, .T. ) ;
#4580 = CARTESIAN_POINT ( 'NONE',  ( -0.5290748898679999979, -0.9274317180619999768, 0.9000000000000001332 ) ) ;
#4581 = DIRECTION ( 'NONE',  ( -1.000000000000000000, -2.199999999999999757E-16, 0.0000000000000000000 ) ) ;
#4582 = FILL_AREA_STYLE_COLOUR ( '', #2718 ) ;
#4583 = ORIENTED_EDGE ( 'NONE', *, *, #4161, .T. ) ;
#4584 = AXIS2_PLACEMENT_3D ( 'NONE', #771, #2025, #3611 ) ;
#4585 = EDGE_CURVE ( 'NONE', #2404, #5181, #3007, .T. ) ;
#4586 = CARTESIAN_POINT ( 'NONE',  ( -1.960495720687000176, 1.106148250831564983, 0.9000000000000000222 ) ) ;
#4587 = CARTESIAN_POINT ( 'NONE',  ( -1.085462555065999979, -0.4252290748900000028, 0.8950000000000000178 ) ) ;
#4588 = FACE_OUTER_BOUND ( 'NONE', #4782, .T. ) ;
#4589 = ADVANCED_FACE ( 'NONE', ( #5169 ), #2264, .T. ) ;
#4590 = ADVANCED_BREP_SHAPE_REPRESENTATION ( '', ( #1030, #4956 ), #3334 ) ;
#4591 = FACE_OUTER_BOUND ( 'NONE', #2407, .T. ) ;
#4592 = CARTESIAN_POINT ( 'NONE',  ( 1.949999999999999956, -1.100000000000000089, 0.1110431526069999980 ) ) ;
#4593 =( NAMED_UNIT ( * ) PLANE_ANGLE_UNIT ( ) SI_UNIT ( $, .RADIAN. ) );
#4594 = SURFACE_STYLE_FILL_AREA ( #2933 ) ;
#4595 = VERTEX_POINT ( 'NONE', #1908 ) ;
#4596 = VECTOR ( 'NONE', #4231, 1000.000000000000000 ) ;
#4597 = EDGE_LOOP ( 'NONE', ( #782, #3268, #3222, #4235 ) ) ;
#4598 = CARTESIAN_POINT ( 'NONE',  ( -0.5485682819380000019, 0.8365550660789999871, 0.9000000000000002442 ) ) ;
#4599 = VECTOR ( 'NONE', #969, 1000.000000000000000 ) ;
#4600 = CARTESIAN_POINT ( 'NONE',  ( 1.649999999999999911, 0.6750000000000000444, 0.1499999999999999944 ) ) ;
#4601 = EDGE_LOOP ( 'NONE', ( #4278, #2062, #4128, #3658 ) ) ;
#4602 = ORIENTED_EDGE ( 'NONE', *, *, #1870, .F. ) ;
#4603 = AXIS2_PLACEMENT_3D ( 'NONE', #1339, #4149, #4232 ) ;
#4604 = LINE ( 'NONE', #2542, #816 ) ;
#4605 = CARTESIAN_POINT ( 'NONE',  ( -0.5290748898679999979, -0.9274317180619999768, 0.9000000000000001332 ) ) ;
#4606 = CARTESIAN_POINT ( 'NONE',  ( -1.218942731277999902, -0.4761101321589999991, 0.8950000000000000178 ) ) ;
#4607 = VECTOR ( 'NONE', #2377, 1000.000000000000000 ) ;
#4608 = ORIENTED_EDGE ( 'NONE', *, *, #3352, .F. ) ;
#4609 = ADVANCED_FACE ( 'NONE', ( #1592 ), #5191, .T. ) ;
#4610 =( GEOMETRIC_REPRESENTATION_CONTEXT ( 3 ) GLOBAL_UNCERTAINTY_ASSIGNED_CONTEXT ( ( #1060 ) ) GLOBAL_UNIT_ASSIGNED_CONTEXT ( ( #2682, #3823, #2637 ) ) REPRESENTATION_CONTEXT ( 'NONE', 'WORKASPACE' ) );
#4611 = CARTESIAN_POINT ( 'NONE',  ( -1.960495720687000176, -1.100000000000000089, 0.9000000000000001332 ) ) ;
#4612 = LINE ( 'NONE', #2570, #2263 ) ;
#4613 = DIRECTION ( 'NONE',  ( -1.000000000000000000, -2.199999999999999757E-16, 0.0000000000000000000 ) ) ;
#4614 = SURFACE_STYLE_FILL_AREA ( #3364 ) ;
#4615 = LINE ( 'NONE', #2021, #4827 ) ;
#4616 = EDGE_CURVE ( 'NONE', #3336, #3371, #5247, .T. ) ;
#4617 = MECHANICAL_DESIGN_GEOMETRIC_PRESENTATION_REPRESENTATION (  '', ( #4704 ), #1767 ) ;
#4618 = CARTESIAN_POINT ( 'NONE',  ( -1.017400881057000106, -0.4232466960349999807, 0.8950000000000000178 ) ) ;
#4619 =( LENGTH_UNIT ( ) NAMED_UNIT ( * ) SI_UNIT ( .MILLI., .METRE. ) );
#4620 = CARTESIAN_POINT ( 'NONE',  ( -2.649999999999999911, 0.6750000000000000444, 0.1499999999999999944 ) ) ;
#4621 = UNCERTAINTY_MEASURE_WITH_UNIT (LENGTH_MEASURE( 1.000000000000000082E-05 ), #2231, 'distance_accuracy_value', 'NONE');
#4622 = FACE_OUTER_BOUND ( 'NONE', #277, .T. ) ;
#4623 = DIRECTION ( 'NONE',  ( 0.0000000000000000000, 1.000000000000000000, -0.0000000000000000000 ) ) ;
#4624 = VERTEX_POINT ( 'NONE', #2740 ) ;
#4625 = CARTESIAN_POINT ( 'NONE',  ( -0.7127753303960000508, 0.6690440528629999495, 0.9000000000000002442 ) ) ;
#4626 = FILL_AREA_STYLE_COLOUR ( '', #1490 ) ;
#4627 = VECTOR ( 'NONE', #1834, 1000.000000000000000 ) ;
#4628 = SURFACE_STYLE_USAGE ( .BOTH. , #2963 ) ;
#4629 = ORIENTED_EDGE ( 'NONE', *, *, #4226, .F. ) ;
#4630 = CARTESIAN_POINT ( 'NONE',  ( -0.7378854625549999824, -0.6594801762109999688, 0.9000000000000001332 ) ) ;
#4631 = FACE_OUTER_BOUND ( 'NONE', #2890, .T. ) ;
#4632 = LINE ( 'NONE', #3075, #3501 ) ;
#4633 = VERTEX_POINT ( 'NONE', #4506 ) ;
#4634 = VERTEX_POINT ( 'NONE', #3231 ) ;
#4635 = B_SPLINE_CURVE_WITH_KNOTS ( 'NONE', 3,
 ( #1332, #862, #2910, #4552 ),
 .UNSPECIFIED., .F., .F.,
 ( 4, 4 ),
 ( 0.0000000000000000000, 1.000000000000000000 ),
 .UNSPECIFIED. ) ;
#4636 = CARTESIAN_POINT ( 'NONE',  ( -1.029625550660999922, 0.01221585903083999974, 0.8950000000000000178 ) ) ;
#4637 = EDGE_CURVE ( 'NONE', #1268, #2057, #758, .T. ) ;
#4638 = LINE ( 'NONE', #1626, #390 ) ;
#4639 = CARTESIAN_POINT ( 'NONE',  ( -3.000000000000000061E-17, 1.110495720687000087, 0.9000000000000001332 ) ) ;
#4640 = B_SPLINE_SURFACE_WITH_KNOTS ( 'NONE', 2, 1, ( 
 ( #4912, #4262 ),
 ( #2974, #3840 ),
 ( #1790, #3790 ) ),
 .UNSPECIFIED., .F., .F., .F.,
 ( 3, 3 ),
 ( 2, 2 ),
 ( 0.0000000000000000000, 1.000000000000000000 ),
 ( 0.0000000000000000000, 1.000000000000000000 ),
 .UNSPECIFIED. ) ;
#4641 = CARTESIAN_POINT ( 'NONE',  ( -0.6529735682816666387, -0.6101409691629999799, 0.8950000000000000178 ) ) ;
#4642 = ADVANCED_FACE ( 'NONE', ( #3260 ), #1967, .T. ) ;
#4643 = LINE ( 'NONE', #4349, #660 ) ;
#4644 = PRESENTATION_STYLE_ASSIGNMENT (( #2577 ) ) ;
#4645 = FACE_OUTER_BOUND ( 'NONE', #678, .T. ) ;
#4646 = VERTEX_POINT ( 'NONE', #4216 ) ;
#4647 = EDGE_CURVE ( 'NONE', #2190, #1155, #3093, .T. ) ;
#4648 = CARTESIAN_POINT ( 'NONE',  ( -0.4999999999999686917, -0.1774317180618952550, 0.9000000000000001332 ) ) ;
#4649 = LINE ( 'NONE', #2538, #945 ) ;
#4650 = ORIENTED_EDGE ( 'NONE', *, *, #2555, .F. ) ;
#4651 = ORIENTED_EDGE ( 'NONE', *, *, #4281, .F. ) ;
#4652 = DIRECTION ( 'NONE',  ( -1.000000000000000000, 0.0000000000000000000, 0.0000000000000000000 ) ) ;
#4653 = LINE ( 'NONE', #1365, #4077 ) ;
#4654 = CARTESIAN_POINT ( 'NONE',  ( -0.5075991189430000272, -0.8725859030839999697, 0.9000000000000001332 ) ) ;
#4655 = LINE ( 'NONE', #1366, #3577 ) ;
#4656 = VERTEX_POINT ( 'NONE', #445 ) ;
#4657 = ORIENTED_EDGE ( 'NONE', *, *, #3175, .T. ) ;
#4658 = COLOUR_RGB ( '',0.7098039215686274828, 0.7098039215686274828, 0.7098039215686274828 ) ;
#4659 = CARTESIAN_POINT ( 'NONE',  ( -1.950000000000000178, 1.284487571218000390, 0.05430052353698999745 ) ) ;
#4660 = CARTESIAN_POINT ( 'NONE',  ( -1.170374449339000034, 0.7787356828189999636, 0.9000000000000001332 ) ) ;
#4661 =( NAMED_UNIT ( * ) PLANE_ANGLE_UNIT ( ) SI_UNIT ( $, .RADIAN. ) );
#4662 = COLOUR_RGB ( '',0.0000000000000000000, 0.0000000000000000000, 0.0000000000000000000 ) ;
#4663 = CARTESIAN_POINT ( 'NONE',  ( -1.218942731277999902, 0.06706167400880999607, 0.8950000000000000178 ) ) ;
#4664 = CARTESIAN_POINT ( 'NONE',  ( 2.149999999999999911, 0.6750000000000000444, 0.1499999999999999944 ) ) ;
#4665 = DIRECTION ( 'NONE',  ( 1.000000000000000000, 0.0000000000000000000, 0.0000000000000000000 ) ) ;
#4666 = DIRECTION ( 'NONE',  ( 1.000000000000000000, -0.0000000000000000000, -0.0000000000000000000 ) ) ;
#4667 = LINE ( 'NONE', #3037, #1803 ) ;
#4668 = ORIENTED_EDGE ( 'NONE', *, *, #1292, .T. ) ;
#4669 = ADVANCED_FACE ( 'NONE', ( #2076 ), #2601, .T. ) ;
#4670 = LINE ( 'NONE', #4327, #2723 ) ;
#4671 = FACE_OUTER_BOUND ( 'NONE', #4723, .T. ) ;
#4672 = ORIENTED_EDGE ( 'NONE', *, *, #2915, .T. ) ;
#4673 = ORIENTED_EDGE ( 'NONE', *, *, #312, .T. ) ;
#4674 = ADVANCED_FACE ( 'NONE', ( #4588 ), #940, .T. ) ;
#4675 =( GEOMETRIC_REPRESENTATION_CONTEXT ( 3 ) GLOBAL_UNCERTAINTY_ASSIGNED_CONTEXT ( ( #3744 ) ) GLOBAL_UNIT_ASSIGNED_CONTEXT ( ( #2515, #1690, #4977 ) ) REPRESENTATION_CONTEXT ( 'NONE', 'WORKASPACE' ) );
#4676 = PLANE ( 'NONE',  #1561 ) ;
#4677 = CARTESIAN_POINT ( 'NONE',  ( -0.9017621145369999480, -0.7922995594710000589, 0.9000000000000001332 ) ) ;
#4678 = CARTESIAN_POINT ( 'NONE',  ( 2.038273498465000166, -1.100000000000000089, 0.1000000000000000056 ) ) ;
#4679 = ORIENTED_EDGE ( 'NONE', *, *, #5290, .F. ) ;
#4680 = CARTESIAN_POINT ( 'NONE',  ( -1.058370044053000170, -0.4242378854630000085, 0.9000000000000001332 ) ) ;
#4681 = CARTESIAN_POINT ( 'NONE',  ( -0.8588105726870000067, -0.6918590308370000663, 0.9000000000000001332 ) ) ;
#4682 = ORIENTED_EDGE ( 'NONE', *, *, #2485, .F. ) ;
#4683 = CIRCLE ( 'NONE', #4941, 0.1876618719330001850 ) ;
#4684 = EDGE_LOOP ( 'NONE', ( #4710, #618, #3459, #593 ) ) ;
#4685 = EDGE_CURVE ( 'NONE', #67, #2780, #3852, .T. ) ;
#4686 = APPLICATION_CONTEXT ( 'automotive_design' ) ;
#4687 = FACE_OUTER_BOUND ( 'NONE', #611, .T. ) ;
#4688 = AXIS2_PLACEMENT_3D ( 'NONE', #2788, #1236, #1638 ) ;
#4689 = DIRECTION ( 'NONE',  ( -1.000000000000000000, 0.0000000000000000000, -0.0000000000000000000 ) ) ;
#4690 = B_SPLINE_CURVE_WITH_KNOTS ( 'NONE', 3,
 ( #2479, #4962, #426, #2830 ),
 .UNSPECIFIED., .F., .F.,
 ( 4, 4 ),
 ( 0.0000000000000000000, 1.000000000000000000 ),
 .UNSPECIFIED. ) ;
#4691 = CARTESIAN_POINT ( 'NONE',  ( -1.137334801761999969, 0.3538458149779999951, 0.9000000000000001332 ) ) ;
#4692 = LINE ( 'NONE', #1028, #3240 ) ;
#4693 = CARTESIAN_POINT ( 'NONE',  ( 1.949999999999999734, -1.180914104466000092, 0.8786759966330001115 ) ) ;
#4694 = PRESENTATION_LAYER_ASSIGNMENT (  '', '', ( #317 ) ) ;
#4695 = DIRECTION ( 'NONE',  ( 2.199999999999999757E-16, -1.000000000000000000, 0.0000000000000000000 ) ) ;
#4696 = MECHANICAL_DESIGN_GEOMETRIC_PRESENTATION_REPRESENTATION (  '', ( #5287 ), #4610 ) ;
#4697 = CARTESIAN_POINT ( 'NONE',  ( -1.218942731277999902, 0.7787356828189999636, 0.9000000000000001332 ) ) ;
#4698 = EDGE_LOOP ( 'NONE', ( #3832, #2494, #1134, #595 ) ) ;
#4699 = CARTESIAN_POINT ( 'NONE',  ( 1.949999999999999956, 1.287661871932999524, 0.1110431526069999980 ) ) ;
#4700 = FACE_OUTER_BOUND ( 'NONE', #5074, .T. ) ;
#4701 = ADVANCED_FACE ( 'NONE', ( #3288 ), #4186, .T. ) ;
#4702 = CARTESIAN_POINT ( 'NONE',  ( -1.949999999999999956, 1.180914104466000092, 0.8786759966330001115 ) ) ;
#4703 = COLOUR_RGB ( '',0.7098039215686274828, 0.7098039215686274828, 0.7098039215686274828 ) ;
#4704 = STYLED_ITEM ( 'NONE', ( #4644 ), #4470 ) ;
#4705 = ORIENTED_EDGE ( 'NONE', *, *, #2939, .F. ) ;
#4706 = ORIENTED_EDGE ( 'NONE', *, *, #3044, .T. ) ;
#4707 =( GEOMETRIC_REPRESENTATION_CONTEXT ( 3 ) GLOBAL_UNCERTAINTY_ASSIGNED_CONTEXT ( ( #946 ) ) GLOBAL_UNIT_ASSIGNED_CONTEXT ( ( #4323, #2212, #1828 ) ) REPRESENTATION_CONTEXT ( 'NONE', 'WORKASPACE' ) );
#4708 = PRESENTATION_STYLE_ASSIGNMENT (( #3104 ) ) ;
#4709 = EDGE_CURVE ( 'NONE', #703, #4633, #3531, .T. ) ;
#4710 = ORIENTED_EDGE ( 'NONE', *, *, #4995, .T. ) ;
#4711 = CARTESIAN_POINT ( 'NONE',  ( -1.949999999999999956, 1.100000000000000089, 0.1110431526069999980 ) ) ;
#4712 = FACE_OUTER_BOUND ( 'NONE', #1560, .T. ) ;
#4713 = EDGE_LOOP ( 'NONE', ( #4948, #2002, #4303, #4385 ) ) ;
#4714 = ORIENTED_EDGE ( 'NONE', *, *, #5267, .F. ) ;
#4715 = VECTOR ( 'NONE', #3910, 1000.000000000000000 ) ;
#4716 = DIRECTION ( 'NONE',  ( 0.0000000000000000000, 1.000000000000000000, 0.0000000000000000000 ) ) ;
#4717 = EDGE_CURVE ( 'NONE', #3914, #3558, #3818, .T. ) ;
#4718 = CARTESIAN_POINT ( 'NONE',  ( -0.8584801762110000345, 0.8841321585900001612, 0.9000000000000001332 ) ) ;
#4719 = CARTESIAN_POINT ( 'NONE',  ( -1.218942731277999902, 0.7205859030836665458, 0.9000000000000001332 ) ) ;
#4720 = FACE_OUTER_BOUND ( 'NONE', #1133, .T. ) ;
#4721 = DIRECTION ( 'NONE',  ( 0.0000000000000000000, 0.0000000000000000000, 1.000000000000000000 ) ) ;
#4722 = DIRECTION ( 'NONE',  ( -2.199999999999999757E-16, 1.000000000000000000, 0.0000000000000000000 ) ) ;
#4723 = EDGE_LOOP ( 'NONE', ( #804, #4706, #5175, #333 ) ) ;
#4724 = CARTESIAN_POINT ( 'NONE',  ( -1.057378854625999898, 0.01254625550660999969, 0.9000000000000001332 ) ) ;
#4725 = CARTESIAN_POINT ( 'NONE',  ( -0.8584801762110000345, 0.8841321585900001612, 0.8950000000000000178 ) ) ;
#4726 =( LENGTH_UNIT ( ) NAMED_UNIT ( * ) SI_UNIT ( .MILLI., .METRE. ) );
#4727 = ORIENTED_EDGE ( 'NONE', *, *, #3734, .T. ) ;
#4728 = VERTEX_POINT ( 'NONE', #226 ) ;
#4729 = LINE ( 'NONE', #2322, #4773 ) ;
#4730 = FILL_AREA_STYLE_COLOUR ( '', #3205 ) ;
#4731 = ORIENTED_EDGE ( 'NONE', *, *, #2208, .F. ) ;
#4732 = CARTESIAN_POINT ( 'NONE',  ( -0.5000000000000000000, -0.4761101321589999991, 0.9000000000000001332 ) ) ;
#4733 = ORIENTED_EDGE ( 'NONE', *, *, #4519, .T. ) ;
#4734 = ORIENTED_EDGE ( 'NONE', *, *, #2063, .F. ) ;
#4735 = EDGE_CURVE ( 'NONE', #117, #881, #4692, .T. ) ;
#4736 = VECTOR ( 'NONE', #1259, 1000.000000000000000 ) ;
#4737 = CARTESIAN_POINT ( 'NONE',  ( -0.5000000000000000000, 0.4146387665200001460, 0.9000000000000001332 ) ) ;
#4738 = DIRECTION ( 'NONE',  ( -2.199999999999999757E-16, 1.000000000000000000, 0.0000000000000000000 ) ) ;
#4739 = DIRECTION ( 'NONE',  ( 1.000000000000000000, -0.0000000000000000000, -0.0000000000000000000 ) ) ;
#4740 = PRESENTATION_STYLE_ASSIGNMENT (( #554 ) ) ;
#4741 = VECTOR ( 'NONE', #3608, 1000.000000000000000 ) ;
#4742 = EDGE_CURVE ( 'NONE', #3522, #4466, #1371, .T. ) ;
#4743 = B_SPLINE_CURVE_WITH_KNOTS ( 'NONE', 3,
 ( #4095, #1235, #2013, #4442 ),
 .UNSPECIFIED., .F., .F.,
 ( 4, 4 ),
 ( 0.0000000000000000000, 1.000000000000000000 ),
 .UNSPECIFIED. ) ;
#4744 =( NAMED_UNIT ( * ) PLANE_ANGLE_UNIT ( ) SI_UNIT ( $, .RADIAN. ) );
#4745 = AXIS2_PLACEMENT_3D ( 'NONE', #2855, #1997, #4454 ) ;
#4746 = CARTESIAN_POINT ( 'NONE',  ( -0.9503303964760000389, -0.7934008810573333070, 0.8950000000000000178 ) ) ;
#4747 = DIRECTION ( 'NONE',  ( -1.000000000000000000, 0.0000000000000000000, 0.0000000000000000000 ) ) ;
#4748 = LINE ( 'NONE', #1459, #3276 ) ;
#4749 = VECTOR ( 'NONE', #5158, 1000.000000000000000 ) ;
#4750 = SURFACE_SIDE_STYLE ('',( #1461 ) ) ;
#4751 = CARTESIAN_POINT ( 'NONE',  ( -1.949999999999999956, 1.100000000000000089, 0.1110431528559274739 ) ) ;
#4752 = CARTESIAN_POINT ( 'NONE',  ( -1.949999999999999956, 1.110495720687000087, 0.9000000000000001332 ) ) ;
#4753 = ORIENTED_EDGE ( 'NONE', *, *, #1557, .T. ) ;
#4754 = ORIENTED_EDGE ( 'NONE', *, *, #800, .T. ) ;
#4755 = CARTESIAN_POINT ( 'NONE',  ( -0.7037444933923333590, -0.6594801762109999688, 0.8950000000000000178 ) ) ;
#4756 = SURFACE_SIDE_STYLE ('',( #675 ) ) ;
#4757 = VERTEX_POINT ( 'NONE', #3000 ) ;
#4758 = ORIENTED_EDGE ( 'NONE', *, *, #710, .F. ) ;
#4759 = VECTOR ( 'NONE', #1178, 1000.000000000000000 ) ;
#4760 = FACE_OUTER_BOUND ( 'NONE', #4198, .T. ) ;
#4761 =( LENGTH_UNIT ( ) NAMED_UNIT ( * ) SI_UNIT ( .MILLI., .METRE. ) );
#4762 = CARTESIAN_POINT ( 'NONE',  ( -1.028303964757999900, 0.6122158590309999537, 0.8950000000000000178 ) ) ;
#4763 = VECTOR ( 'NONE', #4738, 1000.000000000000000 ) ;
#4764 = EDGE_CURVE ( 'NONE', #4757, #304, #634, .T. ) ;
#4765 = COLOUR_RGB ( '',0.0000000000000000000, 0.0000000000000000000, 0.0000000000000000000 ) ;
#4766 = CARTESIAN_POINT ( 'NONE',  ( -0.5442731277529999634, 0.8728986784140001509, 0.8950000000000000178 ) ) ;
#4767 = ITEM_DEFINED_TRANSFORMATION ( 'NONE', 'NONE', #3578,  #4956 ) ;
#4768 = CARTESIAN_POINT ( 'NONE',  ( -0.8921806167400000431, -0.6462643171809999698, 0.8950000000000000178 ) ) ;
#4769 = ADVANCED_FACE ( 'NONE', ( #3842 ), #1055, .F. ) ;
#4770 = PRODUCT_DEFINITION_CONTEXT ( 'detailed design', #4409, 'design' ) ;
#4771 = CARTESIAN_POINT ( 'NONE',  ( -1.218942731277999902, 0.7787356828189999636, 0.8950000000000000178 ) ) ;
#4772 = DIRECTION ( 'NONE',  ( 0.9938837346736066891, 0.0000000000000000000, 0.1104315260749562794 ) ) ;
#4773 = VECTOR ( 'NONE', #649, 1000.000000000000000 ) ;
#4774 = CARTESIAN_POINT ( 'NONE',  ( -0.5570484581496666365, -0.7440616740083333402, 0.8950000000000000178 ) ) ;
#4775 = CARTESIAN_POINT ( 'NONE',  ( -0.7378854625549999824, -0.6594801762109999688, 0.8950000000000000178 ) ) ;
#4776 = DIRECTION ( 'NONE',  ( 0.0000000000000000000, 1.000000000000000000, -0.0000000000000000000 ) ) ;
#4777 = CARTESIAN_POINT ( 'NONE',  ( -1.102312775329999939, 0.3191541850219999921, 0.8950000000000000178 ) ) ;
#4778 = EDGE_CURVE ( 'NONE', #1388, #3921, #658, .T. ) ;
#4779 = CARTESIAN_POINT ( 'NONE',  ( -2.030914104465999959, 1.147398385008909560, 0.8786759966329998894 ) ) ;
#4780 = ORIENTED_EDGE ( 'NONE', *, *, #312, .F. ) ;
#4781 = PRESENTATION_LAYER_ASSIGNMENT (  '', '', ( #68 ) ) ;
#4782 = EDGE_LOOP ( 'NONE', ( #63, #2652, #1922, #834, #5203, #4479, #4850, #4075, #170, #2484, #3982, #3625, #4434, #434, #1753, #5209 ) ) ;
#4783 = CARTESIAN_POINT ( 'NONE',  ( -0.5200440528633334392, -0.9124537444933332742, 0.8950000000000000178 ) ) ;
#4784 = CARTESIAN_POINT ( 'NONE',  ( -0.5442731277529999634, 0.8728986784140001509, 0.8950000000000000178 ) ) ;
#4785 = CIRCLE ( 'NONE', #4876, 0.1876618719330001850 ) ;
#4786 = B_SPLINE_CURVE_WITH_KNOTS ( 'NONE', 3,
 ( #233, #3512, #2291, #4297 ),
 .UNSPECIFIED., .F., .F.,
 ( 4, 4 ),
 ( 0.0000000000000000000, 1.000000000000000000 ),
 .UNSPECIFIED. ) ;
#4787 = VERTEX_POINT ( 'NONE', #2680 ) ;
#4788 = CARTESIAN_POINT ( 'NONE',  ( -0.5147577092509999508, 0.8493303964760000602, 0.8950000000000000178 ) ) ;
#4789 = ORIENTED_EDGE ( 'NONE', *, *, #2167, .F. ) ;
#4790 = VERTEX_POINT ( 'NONE', #2283 ) ;
#4791 = VECTOR ( 'NONE', #178, 1000.000000000000000 ) ;
#4792 = CARTESIAN_POINT ( 'NONE',  ( -1.059251101321333266, 0.9276343612336667155, 0.8950000000000000178 ) ) ;
#4793 = DIRECTION ( 'NONE',  ( 0.6961215140854271066, -0.7179239776100339032, 0.0000000000000000000 ) ) ;
#4794 =( NAMED_UNIT ( * ) PLANE_ANGLE_UNIT ( ) SI_UNIT ( $, .RADIAN. ) );
#4795 = VERTEX_POINT ( 'NONE', #3931 ) ;
#4796 = PRESENTATION_LAYER_ASSIGNMENT (  '', '', ( #3760 ) ) ;
#4797 = EDGE_CURVE ( 'NONE', #4812, #3228, #4292, .T. ) ;
#4798 = CARTESIAN_POINT ( 'NONE',  ( 2.038273498465000166, 4.000000000000000286E-17, 0.0000000000000000000 ) ) ;
#4799 = LINE ( 'NONE', #1113, #4014 ) ;
#4800 = PRESENTATION_STYLE_ASSIGNMENT (( #3583 ) ) ;
#4801 = CARTESIAN_POINT ( 'NONE',  ( -0.6311674008809999847, 0.8603436123350000075, 0.8950000000000000178 ) ) ;
#4802 = EDGE_CURVE ( 'NONE', #4656, #4757, #2321, .T. ) ;
#4803 = FILL_AREA_STYLE_COLOUR ( '', #4658 ) ;
#4804 = CARTESIAN_POINT ( 'NONE',  ( -0.5911894273129999489, -0.7015506607930001026, 0.8950000000000000178 ) ) ;
#4805 = CARTESIAN_POINT ( 'NONE',  ( -0.9566079295156666440, 0.6690440528629999495, 0.8950000000000000178 ) ) ;
#4806 = ORIENTED_EDGE ( 'NONE', *, *, #535, .T. ) ;
#4807 = VERTEX_POINT ( 'NONE', #970 ) ;
#4808 = EDGE_CURVE ( 'NONE', #3322, #2116, #1821, .T. ) ;
#4809 = B_SPLINE_CURVE_WITH_KNOTS ( 'NONE', 3,
 ( #2967, #1264, #3781, #2564 ),
 .UNSPECIFIED., .F., .F.,
 ( 4, 4 ),
 ( 0.0000000000000000000, 1.000000000000000000 ),
 .UNSPECIFIED. ) ;
#4810 = CARTESIAN_POINT ( 'NONE',  ( -0.5000000000000000000, 0.01221585903083999974, 0.9000000000000001332 ) ) ;
#4811 = CARTESIAN_POINT ( 'NONE',  ( -0.6688325991189999487, 0.9241101321590000639, 0.9000000000000001332 ) ) ;
#4812 = VERTEX_POINT ( 'NONE', #339 ) ;
#4813 = ORIENTED_EDGE ( 'NONE', *, *, #288, .T. ) ;
#4814 = ORIENTED_EDGE ( 'NONE', *, *, #942, .T. ) ;
#4815 = EDGE_CURVE ( 'NONE', #929, #808, #1617, .T. ) ;
#4816 = CARTESIAN_POINT ( 'NONE',  ( -0.6688325991189999487, 0.9241101321590000639, 0.9000000000000001332 ) ) ;
#4817 = CARTESIAN_POINT ( 'NONE',  ( -1.084801762114999901, 0.3597929515419999724, 0.9000000000000001332 ) ) ;
#4818 = FILL_AREA_STYLE_COLOUR ( '', #3399 ) ;
#4819 = CARTESIAN_POINT ( 'NONE',  ( 2.058070317130232585, -1.284487571217999724, 0.05430052353699000439 ) ) ;
#4820 = ORIENTED_EDGE ( 'NONE', *, *, #892, .F. ) ;
#4821 = STYLED_ITEM ( 'NONE', ( #2397 ), #201 ) ;
#4822 = CARTESIAN_POINT ( 'NONE',  ( -2.061742646715052807, -1.290756629954999735, 0.08319033040855998429 ) ) ;
#4823 = UNCERTAINTY_MEASURE_WITH_UNIT (LENGTH_MEASURE( 1.000000000000000082E-05 ), #348, 'distance_accuracy_value', 'NONE');
#4824 = CARTESIAN_POINT ( 'NONE',  ( -1.949999999999999734, -1.134831372448000364, 0.9000000000000001332 ) ) ;
#4825 = CARTESIAN_POINT ( 'NONE',  ( -0.5809471365639182761, -0.2068370044052736112, 0.9000000000000001332 ) ) ;
#4826 = ORIENTED_EDGE ( 'NONE', *, *, #3217, .T. ) ;
#4827 = VECTOR ( 'NONE', #3313, 1000.000000000000000 ) ;
#4828 = CARTESIAN_POINT ( 'NONE',  ( 2.649999999999999911, -0.6750000000000000444, 0.0000000000000000000 ) ) ;
#4829 = CARTESIAN_POINT ( 'NONE',  ( -1.649999999999999911, 0.6750000000000000444, 0.0000000000000000000 ) ) ;
#4830 = PLANE ( 'NONE',  #4436 ) ;
#4831 = CARTESIAN_POINT ( 'NONE',  ( -0.9460352422910000003, -0.8250088105730000176, 0.9000000000000001332 ) ) ;
#4832 = CARTESIAN_POINT ( 'NONE',  ( -1.133370044052999903, -0.4242378854630000085, 0.9000000000000001332 ) ) ;
#4833 = EDGE_CURVE ( 'NONE', #2185, #3220, #5299, .T. ) ;
#4834 = CIRCLE ( 'NONE', #2929, 0.1000000000000000472 ) ;
#4835 = ORIENTED_EDGE ( 'NONE', *, *, #4764, .F. ) ;
#4836 = VECTOR ( 'NONE', #4081, 999.9999999999998863 ) ;
#4837 = CARTESIAN_POINT ( 'NONE',  ( -2.038273498465000166, -0.6750000000000000444, 0.1000000000000000056 ) ) ;
#4838 = DIRECTION ( 'NONE',  ( -1.000000000000000000, -0.0000000000000000000, -0.0000000000000000000 ) ) ;
#4839 = CARTESIAN_POINT ( 'NONE',  ( -1.087775330396000051, 0.6944845814980000753, 0.8950000000000000178 ) ) ;
#4840 =( NAMED_UNIT ( * ) PLANE_ANGLE_UNIT ( ) SI_UNIT ( $, .RADIAN. ) );
#4841 = ADVANCED_FACE ( 'NONE', ( #4042 ), #360, .T. ) ;
#4842 = CARTESIAN_POINT ( 'NONE',  ( -1.170374449339000034, 0.7787356828189999636, 0.8950000000000000178 ) ) ;
#4843 = EDGE_LOOP ( 'NONE', ( #4013, #2355, #3197, #104 ) ) ;
#4844 = ORIENTED_EDGE ( 'NONE', *, *, #1671, .T. ) ;
#4845 = DIRECTION ( 'NONE',  ( 0.0000000000000000000, 0.0000000000000000000, 1.000000000000000000 ) ) ;
#4846 = DIRECTION ( 'NONE',  ( -1.000000000000000000, 0.0000000000000000000, -0.0000000000000000000 ) ) ;
#4847 = SURFACE_STYLE_FILL_AREA ( #336 ) ;
#4848 = EDGE_CURVE ( 'NONE', #881, #2701, #1533, .T. ) ;
#4849 = LINE ( 'NONE', #4391, #847 ) ;
#4850 = ORIENTED_EDGE ( 'NONE', *, *, #3417, .T. ) ;
#4851 = VECTOR ( 'NONE', #3572, 1000.000000000000000 ) ;
#4852 = PRESENTATION_LAYER_ASSIGNMENT (  '', '', ( #2867 ) ) ;
#4853 = APPLICATION_PROTOCOL_DEFINITION ( 'draft international standard', 'automotive_design', 1998, #5222 ) ;
#4854 =( NAMED_UNIT ( * ) PLANE_ANGLE_UNIT ( ) SI_UNIT ( $, .RADIAN. ) );
#4855 = CARTESIAN_POINT ( 'NONE',  ( -2.057196670993000076, -1.100000000000000089, 0.8352299610650001371 ) ) ;
#4856 = DIRECTION ( 'NONE',  ( 1.000000000000000000, -0.0000000000000000000, -0.0000000000000000000 ) ) ;
#4857 = VERTEX_POINT ( 'NONE', #711 ) ;
#4858 = CARTESIAN_POINT ( 'NONE',  ( -0.7405286343610000266, -0.6026519823790000840, 0.9000000000000001332 ) ) ;
#4859 = CARTESIAN_POINT ( 'NONE',  ( -1.949999999999999956, -1.188273498465000078, 0.1000000000000000056 ) ) ;
#4860 = DIRECTION ( 'NONE',  ( 1.000000000000000000, 0.0000000000000000000, 0.0000000000000000000 ) ) ;
#4861 = CARTESIAN_POINT ( 'NONE',  ( -0.8921806167400000431, -0.6462643171809999698, 0.9000000000000001332 ) ) ;
#4862 = AXIS2_PLACEMENT_3D ( 'NONE', #4550, #3327, #4993 ) ;
#4863 = CARTESIAN_POINT ( 'NONE',  ( -1.002202643172000140, 0.8841321585900001612, 0.8950000000000000178 ) ) ;
#4864 = ORIENTED_EDGE ( 'NONE', *, *, #2228, .F. ) ;
#4865 = ORIENTED_EDGE ( 'NONE', *, *, #2501, .F. ) ;
#4866 = VECTOR ( 'NONE', #3961, 1000.000000000000000 ) ;
#4867 = ADVANCED_FACE ( 'NONE', ( #3254 ), #1082, .T. ) ;
#4868 = DIRECTION ( 'NONE',  ( 0.0000000000000000000, 1.000000000000000000, -0.0000000000000000000 ) ) ;
#4869 = CARTESIAN_POINT ( 'NONE',  ( -0.6439427312773333689, 0.6260925110133332971, 0.9000000000000001332 ) ) ;
#4870 = CARTESIAN_POINT ( 'NONE',  ( -1.170374449339000034, 0.7787356828189999636, 0.8950000000000000178 ) ) ;
#4871 = CARTESIAN_POINT ( 'NONE',  ( -0.5485682819380000019, -0.8055154185020000357, 0.8950000000000000178 ) ) ;
#4872 = ORIENTED_EDGE ( 'NONE', *, *, #570, .F. ) ;
#4873 = ORIENTED_EDGE ( 'NONE', *, *, #574, .T. ) ;
#4874 = CARTESIAN_POINT ( 'NONE',  ( 1.949999999999999956, 1.100000000000000089, 0.1110431528559274739 ) ) ;
#4875 = LINE ( 'NONE', #742, #4188 ) ;
#4876 = AXIS2_PLACEMENT_3D ( 'NONE', #4711, #1020, #2649 ) ;
#4877 = EDGE_CURVE ( 'NONE', #3499, #4271, #1988, .T. ) ;
#4878 = PRESENTATION_LAYER_ASSIGNMENT (  '', '', ( #1008 ) ) ;
#4879 = CARTESIAN_POINT ( 'NONE',  ( -1.949999999999999956, -1.100000000000000089, 0.1110431528559274739 ) ) ;
#4880 = PRODUCT_CONTEXT ( 'NONE', #5056, 'mechanical' ) ;
#4881 = CARTESIAN_POINT ( 'NONE',  ( -0.6153083700443333637, 0.9137577092509999721, 0.8950000000000000178 ) ) ;
#4882 = CARTESIAN_POINT ( 'NONE',  ( -3.000000000000000061E-17, -0.4761101321589999991, 0.9000000000000001332 ) ) ;
#4883 = ORIENTED_EDGE ( 'NONE', *, *, #1032, .T. ) ;
#4884 = STYLED_ITEM ( 'NONE', ( #3227 ), #4901 ) ;
#4885 = EDGE_CURVE ( 'NONE', #4033, #1098, #4849, .T. ) ;
#4886 = DIRECTION ( 'NONE',  ( -1.000000000000000000, -2.199999999999999757E-16, 0.0000000000000000000 ) ) ;
#4887 = CARTESIAN_POINT ( 'NONE',  ( -1.114207048458000004, 0.3597929515419999724, 0.8950000000000000178 ) ) ;
#4888 = DIRECTION ( 'NONE',  ( 0.0000000000000000000, -0.0000000000000000000, 1.000000000000000000 ) ) ;
#4889 = CARTESIAN_POINT ( 'NONE',  ( 2.047447250525999962, 1.157083277742162464, 0.8586306990930001604 ) ) ;
#4890 = DIRECTION ( 'NONE',  ( -1.000000000000000000, 0.0000000000000000000, 0.0000000000000000000 ) ) ;
#4891 = ORIENTED_EDGE ( 'NONE', *, *, #2657, .F. ) ;
#4892 = LINE ( 'NONE', #2836, #3482 ) ;
#4893 = CARTESIAN_POINT ( 'NONE',  ( -2.649999999999999911, -0.6750000000000000444, 0.1499999999999999944 ) ) ;
#4894 = DIRECTION ( 'NONE',  ( 0.0000000000000000000, 0.0000000000000000000, 1.000000000000000000 ) ) ;
#4895 = CARTESIAN_POINT ( 'NONE',  ( -1.170374449339000034, 0.7787356828189999636, 0.9000000000000001332 ) ) ;
#4896 = ORIENTED_EDGE ( 'NONE', *, *, #3424, .T. ) ;
#4897 = ORIENTED_EDGE ( 'NONE', *, *, #2127, .T. ) ;
#4898 = DIRECTION ( 'NONE',  ( 0.0000000000000000000, 0.0000000000000000000, 1.000000000000000000 ) ) ;
#4899 = DIRECTION ( 'NONE',  ( -2.199999999999999757E-16, 1.000000000000000000, 0.0000000000000000000 ) ) ;
#4900 = CYLINDRICAL_SURFACE ( 'NONE', #4545, 0.1000000000000000472 ) ;
#4901 = ADVANCED_FACE ( 'NONE', ( #3550 ), #2920, .T. ) ;
#4902 = CARTESIAN_POINT ( 'NONE',  ( -1.949999999999999956, -1.287661871932999968, 0.1110431526069999980 ) ) ;
#4903 = CARTESIAN_POINT ( 'NONE',  ( -1.084801762114999901, 0.3597929515419999724, 0.9000000000000001332 ) ) ;
#4904 = PRODUCT ( 'Pin2', 'Pin2', '', ( #4394 ) ) ;
#4905 = FILL_AREA_STYLE_COLOUR ( '', #4237 ) ;
#4906 = EDGE_CURVE ( 'NONE', #194, #187, #2635, .T. ) ;
#4907 = ORIENTED_EDGE ( 'NONE', *, *, #236, .F. ) ;
#4908 = CARTESIAN_POINT ( 'NONE',  ( -0.9057268722471049083, -0.9201629955948869011, 0.9000000000000001332 ) ) ;
#4909 =( NAMED_UNIT ( * ) SI_UNIT ( $, .STERADIAN. ) SOLID_ANGLE_UNIT ( ) );
#4910 = AXIS2_PLACEMENT_3D ( 'NONE', #4270, #5069, #1882 ) ;
#4911 = CARTESIAN_POINT ( 'NONE',  ( -1.133370044052999903, -1.099999999999999878E-16, 0.9000000000000001332 ) ) ;
#4912 = CARTESIAN_POINT ( 'NONE',  ( -0.6305066079300000181, 0.6944845814980000753, 0.8950000000000000178 ) ) ;
#4913 = CARTESIAN_POINT ( 'NONE',  ( -1.085462555065999979, 0.01320704845814999959, 0.8950000000000000178 ) ) ;
#4914 = ADVANCED_FACE ( 'NONE', ( #417 ), #2440, .T. ) ;
#4915 = ORIENTED_EDGE ( 'NONE', *, *, #4998, .T. ) ;
#4916 = ORIENTED_EDGE ( 'NONE', *, *, #1017, .T. ) ;
#4917 = AXIS2_PLACEMENT_3D ( 'NONE', #3275, #2405, #4920 ) ;
#4918 = CARTESIAN_POINT ( 'NONE',  ( -0.5000000000000000000, -0.8025418502200000193, 0.8950000000000000178 ) ) ;
#4919 = ORIENTED_EDGE ( 'NONE', *, *, #2331, .F. ) ;
#4920 = DIRECTION ( 'NONE',  ( 0.0000000000000000000, -0.0000000000000000000, -1.000000000000000000 ) ) ;
#4921 = ORIENTED_EDGE ( 'NONE', *, *, #5297, .F. ) ;
#4922 = CARTESIAN_POINT ( 'NONE',  ( -2.649999999999999911, -0.6750000000000000444, 0.0000000000000000000 ) ) ;
#4923 = CARTESIAN_POINT ( 'NONE',  ( -0.8574889867839999846, 0.6122158590309999537, 0.9000000000000001332 ) ) ;
#4924 = LINE ( 'NONE', #1237, #1001 ) ;
#4925 =( LENGTH_UNIT ( ) NAMED_UNIT ( * ) SI_UNIT ( .MILLI., .METRE. ) );
#4926 = ORIENTED_EDGE ( 'NONE', *, *, #3080, .T. ) ;
#4927 = CARTESIAN_POINT ( 'NONE',  ( -0.7405286343610000266, -0.6026519823790000840, 0.9000000000000001332 ) ) ;
#4928 = EDGE_CURVE ( 'NONE', #4795, #3250, #3356, .T. ) ;
#4929 =( BOUNDED_SURFACE ( )  B_SPLINE_SURFACE ( 6, 3, ( 
 ( #2287, #4503, #1642, #4902 ),
 ( #2443, #4417, #4822, #3171 ),
 ( #3198, #4070, #741, #3285 ),
 ( #3604, #340, #2474, #1619 ),
 ( #2794, #5243, #4102, #2873 ),
 ( #4044, #2072, #389, #1961 ),
 ( #1589, #442, #421, #2849 ) ),
 .UNSPECIFIED., .F., .F., .F. ) 
 B_SPLINE_SURFACE_WITH_KNOTS ( ( 7, 7 ),
 ( 4, 4 ),
 ( 6.172528086006000336, 7.853981633973999621 ),
 ( 0.0000000000000000000, 1.000000000000000000 ),
 .UNSPECIFIED. ) 
 GEOMETRIC_REPRESENTATION_ITEM ( )  RATIONAL_B_SPLINE_SURFACE ( (
 ( 1.000000000000000000, 0.8047378541243649375, 0.8047378541243649375, 1.000000000000000000),
 ( 1.000000000000000000, 0.8047378541243649375, 0.8047378541243649375, 1.000000000000000000),
 ( 1.000000000000000000, 0.8047378541243649375, 0.8047378541243649375, 1.000000000000000000),
 ( 1.000000000000000000, 0.8047378541243649375, 0.8047378541243649375, 1.000000000000000000),
 ( 1.000000000000000000, 0.8047378541243649375, 0.8047378541243649375, 1.000000000000000000),
 ( 1.000000000000000000, 0.8047378541243649375, 0.8047378541243649375, 1.000000000000000000),
 ( 1.000000000000000000, 0.8047378541243649375, 0.8047378541243649375, 1.000000000000000000) ) ) 
 REPRESENTATION_ITEM ( '' )  SURFACE ( )  );
#4930 = CARTESIAN_POINT ( 'NONE',  ( -0.5075991189430000272, -0.8725859030839999697, 0.9000000000000001332 ) ) ;
#4931 = SURFACE_SIDE_STYLE ('',( #4614 ) ) ;
#4932 = CARTESIAN_POINT ( 'NONE',  ( -0.5000000000000000000, -1.099999999999999878E-16, 0.9000000000000001332 ) ) ;
#4933 = B_SPLINE_CURVE_WITH_KNOTS ( 'NONE', 3,
 ( #4123, #2467, #4207, #2941 ),
 .UNSPECIFIED., .F., .F.,
 ( 4, 4 ),
 ( 0.0000000000000000000, 1.000000000000000000 ),
 .UNSPECIFIED. ) ;
#4934 = COLOUR_RGB ( '',0.7098039215686274828, 0.7098039215686274828, 0.7098039215686274828 ) ;
#4935 = CARTESIAN_POINT ( 'NONE',  ( -0.5809471365639999885, -0.2068370044049999967, 0.8950000000000000178 ) ) ;
#4936 = SURFACE_STYLE_USAGE ( .BOTH. , #1652 ) ;
#4937 = EDGE_CURVE ( 'NONE', #2190, #157, #2547, .T. ) ;
#4938 = DIRECTION ( 'NONE',  ( -0.6801122409730074869, 0.7331080000100080873, 0.0000000000000000000 ) ) ;
#4939 = CARTESIAN_POINT ( 'NONE',  ( -0.8574889867839999846, 0.6122158590309999537, 0.8950000000000000178 ) ) ;
#4940 = CARTESIAN_POINT ( 'NONE',  ( -1.218942731277999902, -0.4761101321590001656, 0.8950000000000000178 ) ) ;
#4941 = AXIS2_PLACEMENT_3D ( 'NONE', #3328, #3777, #2112 ) ;
#4942 = ORIENTED_EDGE ( 'NONE', *, *, #3708, .T. ) ;
#4943 = VERTEX_POINT ( 'NONE', #5001 ) ;
#4944 =( GEOMETRIC_REPRESENTATION_CONTEXT ( 3 ) GLOBAL_UNCERTAINTY_ASSIGNED_CONTEXT ( ( #2724 ) ) GLOBAL_UNIT_ASSIGNED_CONTEXT ( ( #437, #2384, #2014 ) ) REPRESENTATION_CONTEXT ( 'NONE', 'WORKASPACE' ) );
#4945 = ADVANCED_FACE ( 'NONE', ( #2918 ), #4900, .T. ) ;
#4946 = FACE_OUTER_BOUND ( 'NONE', #2108, .T. ) ;
#4947 = CARTESIAN_POINT ( 'NONE',  ( -0.8951541850219999485, -0.8471453744490000659, 0.9000000000000001332 ) ) ;
#4948 = ORIENTED_EDGE ( 'NONE', *, *, #2308, .T. ) ;
#4949 = LINE ( 'NONE', #3703, #729 ) ;
#4950 = COLOUR_RGB ( '',0.0000000000000000000, 0.0000000000000000000, 0.0000000000000000000 ) ;
#4951 = CARTESIAN_POINT ( 'NONE',  ( -1.949999999999999956, 1.209884094154691114, 0.8110431526069656893 ) ) ;
#4952 = SURFACE_STYLE_FILL_AREA ( #2871 ) ;
#4953 = ORIENTED_EDGE ( 'NONE', *, *, #1550, .T. ) ;
#4954 = CIRCLE ( 'NONE', #5292, 0.1000000000000000472 ) ;
#4955 = CARTESIAN_POINT ( 'NONE',  ( -0.5758810572686666740, 0.7114449339206666556, 0.9000000000000001332 ) ) ;
#4956 = AXIS2_PLACEMENT_3D ( 'NONE', #2104, #3741, #3292 ) ;
#4957 = CARTESIAN_POINT ( 'NONE',  ( -1.170374449339000034, 0.7199251101320000013, 0.8950000000000000178 ) ) ;
#4958 = PRESENTATION_LAYER_ASSIGNMENT (  '', '', ( #2117 ) ) ;
#4959 = LINE ( 'NONE', #2447, #1891 ) ;
#4960 = ADVANCED_FACE ( 'NONE', ( #4712 ), #2969, .T. ) ;
#4961 = VECTOR ( 'NONE', #5161, 1000.000000000000000 ) ;
#4962 = CARTESIAN_POINT ( 'NONE',  ( -0.9503303964760000389, -0.7934008810573333070, 0.9000000000000001332 ) ) ;
#4963 = FILL_AREA_STYLE_COLOUR ( '', #1016 ) ;
#4964 = CARTESIAN_POINT ( 'NONE',  ( -0.8594713656389999512, 0.9399691629959999739, 0.8950000000000000178 ) ) ;
#4965 = FILL_AREA_STYLE_COLOUR ( '', #2285 ) ;
#4966 = CARTESIAN_POINT ( 'NONE',  ( -1.218942731277999902, -0.4761101321589999991, 0.9000000000000001332 ) ) ;
#4967 = VECTOR ( 'NONE', #964, 1000.000000000000000 ) ;
#4968 = ORIENTED_EDGE ( 'NONE', *, *, #5097, .F. ) ;
#4969 = EDGE_LOOP ( 'NONE', ( #2558, #4145, #249, #4733 ) ) ;
#4970 = ADVANCED_FACE ( 'NONE', ( #3863 ), #2197, .T. ) ;
#4971 = PRESENTATION_LAYER_ASSIGNMENT (  '', '', ( #2382 ) ) ;
#4972 = FILL_AREA_STYLE_COLOUR ( '', #2952 ) ;
#4973 = CARTESIAN_POINT ( 'NONE',  ( -0.5485682819380000019, 0.7787356828189999636, 0.8950000000000000178 ) ) ;
#4974 = DIRECTION ( 'NONE',  ( 2.199999999999999757E-16, -1.000000000000000000, 0.0000000000000000000 ) ) ;
#4975 = ORIENTED_EDGE ( 'NONE', *, *, #2331, .T. ) ;
#4976 = ADVANCED_FACE ( 'NONE', ( #3023 ), #4234, .T. ) ;
#4977 =( NAMED_UNIT ( * ) SI_UNIT ( $, .STERADIAN. ) SOLID_ANGLE_UNIT ( ) );
#4978 =( NAMED_UNIT ( * ) SI_UNIT ( $, .STERADIAN. ) SOLID_ANGLE_UNIT ( ) );
#4979 = CARTESIAN_POINT ( 'NONE',  ( -0.8888766519820000545, -0.8735770925110000196, 0.8950000000000000178 ) ) ;
#4980 = DIRECTION ( 'NONE',  ( 0.0000000000000000000, 0.0000000000000000000, 1.000000000000000000 ) ) ;
#4981 = VERTEX_POINT ( 'NONE', #5130 ) ;
#4982 = CARTESIAN_POINT ( 'NONE',  ( -0.8594713656389999512, 0.6690440528629999495, 0.8950000000000000178 ) ) ;
#4983 = DIRECTION ( 'NONE',  ( -0.0000000000000000000, -0.0000000000000000000, -1.000000000000000000 ) ) ;
#4984 = CARTESIAN_POINT ( 'NONE',  ( -1.949999999999999512, -1.209884094155000422, 0.8110431526069999952 ) ) ;
#4985 = CARTESIAN_POINT ( 'NONE',  ( -1.949999999999999956, 1.188273498465000078, 0.1000000000000000056 ) ) ;
#4986 = CARTESIAN_POINT ( 'NONE',  ( -0.8951541850219999485, -0.8471453744490000659, 0.9000000000000001332 ) ) ;
#4987 = CARTESIAN_POINT ( 'NONE',  ( -1.132378854626000075, 0.01122466960351999922, 0.8950000000000000178 ) ) ;
#4988 = CARTESIAN_POINT ( 'NONE',  ( -0.5103524229073332918, -0.7215947136563333197, 0.9000000000000001332 ) ) ;
#4989 = LINE ( 'NONE', #3745, #3142 ) ;
#4990 = SURFACE_STYLE_USAGE ( .BOTH. , #3345 ) ;
#4991 = ORIENTED_EDGE ( 'NONE', *, *, #3908, .F. ) ;
#4992 = ORIENTED_EDGE ( 'NONE', *, *, #3411, .T. ) ;
#4993 = DIRECTION ( 'NONE',  ( 0.9584116827201670796, 0.2853892892620497612, 0.0000000000000000000 ) ) ;
#4994 =( LENGTH_UNIT ( ) NAMED_UNIT ( * ) SI_UNIT ( .MILLI., .METRE. ) );
#4995 = EDGE_CURVE ( 'NONE', #1389, #3916, #2566, .T. ) ;
#4996 = EDGE_LOOP ( 'NONE', ( #3773, #191, #1183, #753 ) ) ;
#4997 = VECTOR ( 'NONE', #4133, 1000.000000000000000 ) ;
#4998 = EDGE_CURVE ( 'NONE', #2116, #3410, #4309, .T. ) ;
#4999 =( NAMED_UNIT ( * ) PLANE_ANGLE_UNIT ( ) SI_UNIT ( $, .RADIAN. ) );
#5000 = PLANE ( 'NONE',  #1338 ) ;
#5001 = CARTESIAN_POINT ( 'NONE',  ( -0.5075991189430000272, -0.8725859030839999697, 0.9000000000000001332 ) ) ;
#5002 = ORIENTED_EDGE ( 'NONE', *, *, #2419, .F. ) ;
#5003 = CIRCLE ( 'NONE', #3709, 0.1000000000000000056 ) ;
#5004 = EDGE_CURVE ( 'NONE', #1389, #376, #1497, .T. ) ;
#5005 = FACE_OUTER_BOUND ( 'NONE', #3747, .T. ) ;
#5006 = CARTESIAN_POINT ( 'NONE',  ( -1.170374449339000034, 0.7199251101320000013, 0.9000000000000002442 ) ) ;
#5007 = CARTESIAN_POINT ( 'NONE',  ( 1.949999999999999956, 1.110495720687000087, 0.9000000000000001332 ) ) ;
#5008 =( NAMED_UNIT ( * ) SI_UNIT ( $, .STERADIAN. ) SOLID_ANGLE_UNIT ( ) );
#5009 = CARTESIAN_POINT ( 'NONE',  ( -1.949999999999999956, -1.110495720687000087, 0.9000000000000001332 ) ) ;
#5010 = SURFACE_STYLE_FILL_AREA ( #3295 ) ;
#5011 = CARTESIAN_POINT ( 'NONE',  ( -1.123127753304000054, 0.9029647577089999766, 0.9000000000000001332 ) ) ;
#5012 = ORIENTED_EDGE ( 'NONE', *, *, #3767, .F. ) ;
#5013 = ORIENTED_EDGE ( 'NONE', *, *, #4161, .F. ) ;
#5014 = PRODUCT_DEFINITION_SHAPE ( 'NONE', 'NONE',  #5306 ) ;
#5015 = FACE_OUTER_BOUND ( 'NONE', #356, .T. ) ;
#5016 = SURFACE_STYLE_USAGE ( .BOTH. , #60 ) ;
#5017 = VECTOR ( 'NONE', #2028, 1000.000000000000000 ) ;
#5018 = SURFACE_STYLE_FILL_AREA ( #1731 ) ;
#5019 = ORIENTED_EDGE ( 'NONE', *, *, #122, .F. ) ;
#5020 = PRESENTATION_LAYER_ASSIGNMENT (  '', '', ( #1245 ) ) ;
#5021 = ADVANCED_FACE ( 'NONE', ( #2625 ), #3524, .T. ) ;
#5022 = CARTESIAN_POINT ( 'NONE',  ( -1.126101321586000070, 0.3436035242289999792, 0.9000000000000001332 ) ) ;
#5023 =( LENGTH_UNIT ( ) NAMED_UNIT ( * ) SI_UNIT ( .MILLI., .METRE. ) );
#5024 = DIRECTION ( 'NONE',  ( -1.000000000000000000, -0.0000000000000000000, -0.0000000000000000000 ) ) ;
#5025 = VECTOR ( 'NONE', #4868, 1000.000000000000000 ) ;
#5026 = SURFACE_SIDE_STYLE ('',( #3923 ) ) ;
#5027 = ORIENTED_EDGE ( 'NONE', *, *, #435, .T. ) ;
#5028 = ORIENTED_EDGE ( 'NONE', *, *, #4249, .T. ) ;
#5029 = ADVANCED_FACE ( 'NONE', ( #3077 ), #3379, .T. ) ;
#5030 = AXIS2_PLACEMENT_3D ( 'NONE', #1326, #2955, #2979 ) ;
#5031 = LINE ( 'NONE', #2569, #1992 ) ;
#5032 = CARTESIAN_POINT ( 'NONE',  ( -1.218942731277999902, -0.6409779735680000146, 0.8950000000000000178 ) ) ;
#5033 = SURFACE_STYLE_USAGE ( .BOTH. , #4931 ) ;
#5034 = CARTESIAN_POINT ( 'NONE',  ( 2.059884094155000511, -1.100000000000000311, 0.8110431526069999952 ) ) ;
#5035 = AXIS2_PLACEMENT_3D ( 'NONE', #1212, #15, #1266 ) ;
#5036 = EDGE_CURVE ( 'NONE', #4122, #2483, #2713, .T. ) ;
#5037 = PRESENTATION_LAYER_ASSIGNMENT (  '', '', ( #2884 ) ) ;
#5038 = LINE ( 'NONE', #1351, #715 ) ;
#5039 =( NAMED_UNIT ( * ) SI_UNIT ( $, .STERADIAN. ) SOLID_ANGLE_UNIT ( ) );
#5040 = CARTESIAN_POINT ( 'NONE',  ( -0.8584801762110000345, 0.8841321585900001612, 0.8950000000000000178 ) ) ;
#5041 = DIRECTION ( 'NONE',  ( 0.0000000000000000000, 0.0000000000000000000, 1.000000000000000000 ) ) ;
#5042 = ORIENTED_EDGE ( 'NONE', *, *, #2455, .F. ) ;
#5043 = EDGE_CURVE ( 'NONE', #4055, #3522, #298, .T. ) ;
#5044 = LINE ( 'NONE', #3776, #2186 ) ;
#5045 = SURFACE_STYLE_FILL_AREA ( #4301 ) ;
#5046 = STYLED_ITEM ( 'NONE', ( #2518 ), #4945 ) ;
#5047 = ORIENTED_EDGE ( 'NONE', *, *, #1135, .F. ) ;
#5048 = EDGE_LOOP ( 'NONE', ( #5104, #515, #5127, #2426 ) ) ;
#5049 = AXIS2_PLACEMENT_3D ( 'NONE', #2720, #294, #3153 ) ;
#5050 = LINE ( 'NONE', #3376, #3468 ) ;
#5051 = CARTESIAN_POINT ( 'NONE',  ( -0.5155286343610000488, -0.9049647577089999784, 0.8950000000000000178 ) ) ;
#5052 = CARTESIAN_POINT ( 'NONE',  ( -1.649999999999999911, -0.6750000000000000444, 0.1499999999999999944 ) ) ;
#5053 = DIRECTION ( 'NONE',  ( 2.199999999999999757E-16, -1.000000000000000000, 0.0000000000000000000 ) ) ;
#5054 = ORIENTED_EDGE ( 'NONE', *, *, #551, .F. ) ;
#5055 = ORIENTED_EDGE ( 'NONE', *, *, #1218, .F. ) ;
#5056 = APPLICATION_CONTEXT ( 'automotive_design' ) ;
#5057 = CARTESIAN_POINT ( 'NONE',  ( -0.6305066079300000181, 0.6944845814980000753, 0.9000000000000001332 ) ) ;
#5058 = CARTESIAN_POINT ( 'NONE',  ( -0.9460352422910000003, -0.8250088105730000176, 0.8950000000000000178 ) ) ;
#5059 = SURFACE_STYLE_USAGE ( .BOTH. , #939 ) ;
#5060 = EDGE_CURVE ( 'NONE', #2593, #3069, #3107, .T. ) ;
#5061 = CARTESIAN_POINT ( 'NONE',  ( -2.038273498465000166, -0.6750000000000000444, 0.1000000000000000056 ) ) ;
#5062 = SURFACE_STYLE_FILL_AREA ( #2976 ) ;
#5063 = B_SPLINE_SURFACE_WITH_KNOTS ( 'NONE', 2, 1, ( 
 ( #4766, #5165 ),
 ( #229, #1505 ),
 ( #314, #3580 ) ),
 .UNSPECIFIED., .F., .F., .F.,
 ( 3, 3 ),
 ( 2, 2 ),
 ( 0.0000000000000000000, 1.000000000000000000 ),
 ( 0.0000000000000000000, 1.000000000000000000 ),
 .UNSPECIFIED. ) ;
#5064 = CARTESIAN_POINT ( 'NONE',  ( -1.115198237885000054, 0.3333612334800000188, 0.9000000000000001332 ) ) ;
#5065 =( NAMED_UNIT ( * ) SI_UNIT ( $, .STERADIAN. ) SOLID_ANGLE_UNIT ( ) );
#5066 = DIRECTION ( 'NONE',  ( -1.000000000000000000, 0.0000000000000000000, 0.0000000000000000000 ) ) ;
#5067 = EDGE_CURVE ( 'NONE', #3558, #2758, #3358, .T. ) ;
#5068 = FACE_OUTER_BOUND ( 'NONE', #1160, .T. ) ;
#5069 = DIRECTION ( 'NONE',  ( -1.000000000000000000, -2.199999999999999757E-16, 0.0000000000000000000 ) ) ;
#5070 = ORIENTED_EDGE ( 'NONE', *, *, #2463, .T. ) ;
#5071 = ADVANCED_FACE ( 'NONE', ( #2640 ), #2611, .T. ) ;
#5072 = CARTESIAN_POINT ( 'NONE',  ( -2.012794356026452736, 1.207196670992999987, 0.8352299610649999151 ) ) ;
#5073 = ORIENTED_EDGE ( 'NONE', *, *, #2135, .T. ) ;
#5074 = EDGE_LOOP ( 'NONE', ( #3078, #5095, #3826, #965 ) ) ;
#5075 = ORIENTED_EDGE ( 'NONE', *, *, #4356, .T. ) ;
#5076 =( NAMED_UNIT ( * ) SI_UNIT ( $, .STERADIAN. ) SOLID_ANGLE_UNIT ( ) );
#5077 = CARTESIAN_POINT ( 'NONE',  ( -0.5000000000000000000, -0.8025418502200000193, 0.8950000000000000178 ) ) ;
#5078 = ORIENTED_EDGE ( 'NONE', *, *, #4288, .F. ) ;
#5079 = MECHANICAL_DESIGN_GEOMETRIC_PRESENTATION_REPRESENTATION (  '', ( #5251 ), #712 ) ;
#5080 = CARTESIAN_POINT ( 'NONE',  ( -0.9713656387663333058, 0.9399691629959999739, 0.8950000000000000178 ) ) ;
#5081 = CARTESIAN_POINT ( 'NONE',  ( -0.8921806167400000431, -0.6462643171809999698, 0.8950000000000000178 ) ) ;
#5082 =( LENGTH_UNIT ( ) NAMED_UNIT ( * ) SI_UNIT ( .MILLI., .METRE. ) );
#5083 = PRESENTATION_LAYER_ASSIGNMENT (  '', '', ( #2079 ) ) ;
#5084 = DIRECTION ( 'NONE',  ( -1.999999999999999958E-16, -1.000000000000000000, -0.0000000000000000000 ) ) ;
#5085 = VECTOR ( 'NONE', #4894, 1000.000000000000000 ) ;
#5086 = EDGE_CURVE ( 'NONE', #2854, #1395, #1009, .T. ) ;
#5087 = CARTESIAN_POINT ( 'NONE',  ( -1.102312775329999939, 0.3191541850219999921, 0.8950000000000000178 ) ) ;
#5088 = LINE ( 'NONE', #583, #4011 ) ;
#5089 = PRESENTATION_STYLE_ASSIGNMENT (( #3825 ) ) ;
#5090 = ORIENTED_EDGE ( 'NONE', *, *, #4546, .F. ) ;
#5091 = FACE_OUTER_BOUND ( 'NONE', #815, .T. ) ;
#5092 = CARTESIAN_POINT ( 'NONE',  ( -1.058370044053000170, -0.4242378854630000085, 0.8950000000000000178 ) ) ;
#5093 =( NAMED_UNIT ( * ) SI_UNIT ( $, .STERADIAN. ) SOLID_ANGLE_UNIT ( ) );
#5094 = AXIS2_PLACEMENT_3D ( 'NONE', #1613, #3682, #3628 ) ;
#5095 = ORIENTED_EDGE ( 'NONE', *, *, #1841, .F. ) ;
#5096 = ORIENTED_EDGE ( 'NONE', *, *, #4559, .T. ) ;
#5097 = EDGE_CURVE ( 'NONE', #62, #4981, #4670, .T. ) ;
#5098 = COLOUR_RGB ( '',0.0000000000000000000, 0.0000000000000000000, 0.0000000000000000000 ) ;
#5099 = CARTESIAN_POINT ( 'NONE',  ( -0.5000000000000000000, 0.3597929515419999724, 0.9000000000000001332 ) ) ;
#5100 = EDGE_LOOP ( 'NONE', ( #4915, #586, #3434, #3696 ) ) ;
#5101 = CARTESIAN_POINT ( 'NONE',  ( -1.133370044052999903, -0.4272114537439999915, 0.9000000000000001332 ) ) ;
#5102 = B_SPLINE_SURFACE_WITH_KNOTS ( 'NONE', 2, 1, ( 
 ( #5092, #1408 ),
 ( #2614, #3942 ),
 ( #4275, #3042 ) ),
 .UNSPECIFIED., .F., .F., .F.,
 ( 3, 3 ),
 ( 2, 2 ),
 ( 0.0000000000000000000, 1.000000000000000000 ),
 ( 0.0000000000000000000, 1.000000000000000000 ),
 .UNSPECIFIED. ) ;
#5103 = DIRECTION ( 'NONE',  ( 0.0000000000000000000, 1.000000000000000000, 0.0000000000000000000 ) ) ;
#5104 = ORIENTED_EDGE ( 'NONE', *, *, #122, .T. ) ;
#5105 = VECTOR ( 'NONE', #4793, 1000.000000000000000 ) ;
#5106 = CARTESIAN_POINT ( 'NONE',  ( -1.218942731277999902, 0.7787356828189999636, 0.9000000000000001332 ) ) ;
#5107 = CARTESIAN_POINT ( 'NONE',  ( -0.5147577092509999508, 0.8493303964760000602, 0.9000000000000001332 ) ) ;
#5108 = CARTESIAN_POINT ( 'NONE',  ( -1.027312775329999983, 0.9399691629959999739, 0.8950000000000000178 ) ) ;
#5109 = CARTESIAN_POINT ( 'NONE',  ( 2.007083277742161886, -1.197447250526000317, 0.8586306990930001604 ) ) ;
#5110 = AXIS2_PLACEMENT_3D ( 'NONE', #2413, #2098, #848 ) ;
#5111 = LINE ( 'NONE', #3144, #2246 ) ;
#5112 = CARTESIAN_POINT ( 'NONE',  ( -0.5485682819380000019, -0.8055154185020000357, 0.9000000000000001332 ) ) ;
#5113 = VECTOR ( 'NONE', #2530, 1000.000000000000000 ) ;
#5114 = CARTESIAN_POINT ( 'NONE',  ( -0.8853524229073334029, -0.8806255506606667227, 0.8950000000000000178 ) ) ;
#5115 = EDGE_CURVE ( 'NONE', #699, #4330, #589, .T. ) ;
#5116 = VERTEX_POINT ( 'NONE', #2240 ) ;
#5117 = VERTEX_POINT ( 'NONE', #3828 ) ;
#5118 = VECTOR ( 'NONE', #716, 1000.000000000000000 ) ;
#5119 = CARTESIAN_POINT ( 'NONE',  ( 2.137661871932999613, 1.100000000000000089, 0.1110431526069999980 ) ) ;
#5120 = VECTOR ( 'NONE', #2142, 1000.000000000000000 ) ;
#5121 = ADVANCED_FACE ( 'NONE', ( #668 ), #562, .T. ) ;
#5122 = ORIENTED_EDGE ( 'NONE', *, *, #3217, .F. ) ;
#5123 = ORIENTED_EDGE ( 'NONE', *, *, #3492, .F. ) ;
#5124 = B_SPLINE_CURVE_WITH_KNOTS ( 'NONE', 3,
 ( #4871, #2768, #4774, #1543 ),
 .UNSPECIFIED., .F., .F.,
 ( 4, 4 ),
 ( 0.0000000000000000000, 1.000000000000000000 ),
 .UNSPECIFIED. ) ;
#5125 =( GEOMETRIC_REPRESENTATION_CONTEXT ( 3 ) GLOBAL_UNCERTAINTY_ASSIGNED_CONTEXT ( ( #4350 ) ) GLOBAL_UNIT_ASSIGNED_CONTEXT ( ( #1539, #3662, #2852 ) ) REPRESENTATION_CONTEXT ( 'NONE', 'WORKASPACE' ) );
#5126 = CARTESIAN_POINT ( 'NONE',  ( -0.6305066079300000181, 0.6944845814980000753, 0.9000000000000001332 ) ) ;
#5127 = ORIENTED_EDGE ( 'NONE', *, *, #740, .F. ) ;
#5128 = DIRECTION ( 'NONE',  ( -0.0000000000000000000, 0.0000000000000000000, 1.000000000000000000 ) ) ;
#5129 = EDGE_CURVE ( 'NONE', #1460, #3811, #1119, .T. ) ;
#5130 = CARTESIAN_POINT ( 'NONE',  ( -0.5859030836999999936, -0.9274317180619999768, 0.8950000000000000178 ) ) ;
#5131 = ORIENTED_EDGE ( 'NONE', *, *, #2749, .F. ) ;
#5132 = COLOUR_RGB ( '',0.0000000000000000000, 0.0000000000000000000, 0.0000000000000000000 ) ;
#5133 = ORIENTED_EDGE ( 'NONE', *, *, #3533, .T. ) ;
#5134 = CARTESIAN_POINT ( 'NONE',  ( -1.649999999999999689, 0.6749999999999999334, 0.1499999999999999944 ) ) ;
#5135 = DIRECTION ( 'NONE',  ( 0.0000000000000000000, -1.000000000000000000, 0.0000000000000000000 ) ) ;
#5136 = CARTESIAN_POINT ( 'NONE',  ( -1.949999999999999956, 1.300000000000000266, 0.0000000000000000000 ) ) ;
#5137 = ADVANCED_FACE ( 'NONE', ( #690 ), #4526, .T. ) ;
#5138 = CARTESIAN_POINT ( 'NONE',  ( 2.030914104465999959, -1.100000000000000311, 0.8786759966330001115 ) ) ;
#5139 = CARTESIAN_POINT ( 'NONE',  ( -0.8588105726870000067, -0.6918590308370000663, 0.8950000000000000178 ) ) ;
#5140 =( LENGTH_UNIT ( ) NAMED_UNIT ( * ) SI_UNIT ( .MILLI., .METRE. ) );
#5141 = CARTESIAN_POINT ( 'NONE',  ( -0.5862334801759999658, 0.6538458149779999840, 0.9000000000000001332 ) ) ;
#5142 = PRODUCT_DEFINITION_CONTEXT ( 'detailed design', #1748, 'design' ) ;
#5143 = FILL_AREA_STYLE ('',( #3450 ) ) ;
#5144 = CARTESIAN_POINT ( 'NONE',  ( -0.5000000000000000000, 0.4146387665200001460, 0.8950000000000000178 ) ) ;
#5145 = B_SPLINE_SURFACE_WITH_KNOTS ( 'NONE', 2, 1, ( 
 ( #4973, #2160 ),
 ( #902, #4598 ),
 ( #860, #1285 ) ),
 .UNSPECIFIED., .F., .F., .F.,
 ( 3, 3 ),
 ( 2, 2 ),
 ( 0.0000000000000000000, 1.000000000000000000 ),
 ( 0.0000000000000000000, 1.000000000000000000 ),
 .UNSPECIFIED. ) ;
#5146 = CARTESIAN_POINT ( 'NONE',  ( -1.170374449339000034, 0.7787356828189999636, 0.9000000000000001332 ) ) ;
#5147 =( NAMED_UNIT ( * ) PLANE_ANGLE_UNIT ( ) SI_UNIT ( $, .RADIAN. ) );
#5148 = ORIENTED_EDGE ( 'NONE', *, *, #4717, .T. ) ;
#5149 = VERTEX_POINT ( 'NONE', #5172 ) ;
#5150 = CARTESIAN_POINT ( 'NONE',  ( -0.8028634361230000405, -0.6026519823790000840, 0.9000000000000001332 ) ) ;
#5151 = SURFACE_SIDE_STYLE ('',( #3521 ) ) ;
#5152 = EDGE_LOOP ( 'NONE', ( #3241, #676, #1504, #4362, #2375, #1664, #5090, #3609 ) ) ;
#5153 = LINE ( 'NONE', #2305, #666 ) ;
#5154 = CARTESIAN_POINT ( 'NONE',  ( -1.218942731277999902, 0.8368854625549999593, 0.9000000000000001332 ) ) ;
#5155 = ORIENTED_EDGE ( 'NONE', *, *, #3417, .F. ) ;
#5156 = VERTEX_POINT ( 'NONE', #4829 ) ;
#5157 = EDGE_CURVE ( 'NONE', #2185, #2935, #4143, .T. ) ;
#5158 = DIRECTION ( 'NONE',  ( 0.0000000000000000000, -0.0000000000000000000, 1.000000000000000000 ) ) ;
#5159 = DIRECTION ( 'NONE',  ( -1.000000000000000000, -0.0000000000000000000, -0.0000000000000000000 ) ) ;
#5160 =( LENGTH_UNIT ( ) NAMED_UNIT ( * ) SI_UNIT ( .MILLI., .METRE. ) );
#5161 = DIRECTION ( 'NONE',  ( 1.000000000000000000, 2.199999999999999757E-16, 0.0000000000000000000 ) ) ;
#5162 = B_SPLINE_CURVE_WITH_KNOTS ( 'NONE', 2,
 ( #3976, #2619, #5204 ),
 .UNSPECIFIED., .F., .F.,
 ( 3, 3 ),
 ( 0.0000000000000000000, 1.000000000000000000 ),
 .UNSPECIFIED. ) ;
#5163 = VECTOR ( 'NONE', #4187, 1000.000000000000000 ) ;
#5164 = EDGE_CURVE ( 'NONE', #380, #3322, #2393, .T. ) ;
#5165 = CARTESIAN_POINT ( 'NONE',  ( -0.5442731277529999634, 0.8728986784140001509, 0.9000000000000001332 ) ) ;
#5166 = CONTEXT_DEPENDENT_SHAPE_REPRESENTATION ( #22, #605 ) ;
#5167 = VECTOR ( 'NONE', #125, 1000.000000000000000 ) ;
#5168 = FACE_OUTER_BOUND ( 'NONE', #3249, .T. ) ;
#5169 = FACE_OUTER_BOUND ( 'NONE', #3603, .T. ) ;
#5170 = CARTESIAN_POINT ( 'NONE',  ( -0.5485682819380000019, 0.7395286343609999147, 0.8950000000000000178 ) ) ;
#5171 = B_SPLINE_CURVE_WITH_KNOTS ( 'NONE', 3,
 ( #34, #2513, #4551, #2537 ),
 .UNSPECIFIED., .F., .F.,
 ( 4, 4 ),
 ( 0.0000000000000000000, 1.000000000000000000 ),
 .UNSPECIFIED. ) ;
#5172 = CARTESIAN_POINT ( 'NONE',  ( -1.126101321586000070, 0.3436035242289999792, 0.8950000000000000178 ) ) ;
#5173 = CARTESIAN_POINT ( 'NONE',  ( -1.170374449339000034, -0.8501189427309999713, 0.9000000000000001332 ) ) ;
#5174 = CARTESIAN_POINT ( 'NONE',  ( 1.960495720687000176, 1.100000000000000089, 0.9000000000000001332 ) ) ;
#5175 = ORIENTED_EDGE ( 'NONE', *, *, #4051, .F. ) ;
#5176 = CARTESIAN_POINT ( 'NONE',  ( -0.5128854625550001156, -0.8941718061673333828, 0.8950000000000000178 ) ) ;
#5177 = LINE ( 'NONE', #2620, #890 ) ;
#5178 = ORIENTED_EDGE ( 'NONE', *, *, #180, .F. ) ;
#5179 = CARTESIAN_POINT ( 'NONE',  ( 2.649999999999999911, 0.6750000000000000444, 0.0000000000000000000 ) ) ;
#5180 = ORIENTED_EDGE ( 'NONE', *, *, #958, .F. ) ;
#5181 = VERTEX_POINT ( 'NONE', #347 ) ;
#5182 = EDGE_CURVE ( 'NONE', #3499, #1333, #747, .T. ) ;
#5183 = VECTOR ( 'NONE', #1842, 1000.000000000000000 ) ;
#5184 = CARTESIAN_POINT ( 'NONE',  ( -1.170374449339000034, -0.6409779735680000146, 0.8950000000000000178 ) ) ;
#5185 = FILL_AREA_STYLE_COLOUR ( '', #2434 ) ;
#5186 = FACE_OUTER_BOUND ( 'NONE', #5048, .T. ) ;
#5187 = EDGE_CURVE ( 'NONE', #3250, #2757, #1969, .T. ) ;
#5188 = PRESENTATION_STYLE_ASSIGNMENT (( #607 ) ) ;
#5189 = APPLICATION_PROTOCOL_DEFINITION ( 'draft international standard', 'automotive_design', 1998, #4518 ) ;
#5190 =( NAMED_UNIT ( * ) SI_UNIT ( $, .STERADIAN. ) SOLID_ANGLE_UNIT ( ) );
#5191 = PLANE ( 'NONE',  #2461 ) ;
#5192 = CARTESIAN_POINT ( 'NONE',  ( -0.6305066079300000181, 0.6944845814980000753, 0.8950000000000000178 ) ) ;
#5193 = CIRCLE ( 'NONE', #825, 0.09999999999999982514 ) ;
#5194 = EDGE_CURVE ( 'NONE', #1205, #1680, #2214, .T. ) ;
#5195 = ORIENTED_EDGE ( 'NONE', *, *, #1618, .T. ) ;
#5196 =( NAMED_UNIT ( * ) PLANE_ANGLE_UNIT ( ) SI_UNIT ( $, .RADIAN. ) );
#5197 = DIRECTION ( 'NONE',  ( 2.199999999999999757E-16, -1.000000000000000000, 0.0000000000000000000 ) ) ;
#5198 = DIRECTION ( 'NONE',  ( -0.0000000000000000000, -0.0000000000000000000, -1.000000000000000000 ) ) ;
#5199 = CARTESIAN_POINT ( 'NONE',  ( 2.009165628733000197, 1.100000000000000089, 0.8928943887870000040 ) ) ;
#5200 = UNCERTAINTY_MEASURE_WITH_UNIT (LENGTH_MEASURE( 1.000000000000000082E-05 ), #4247, 'distance_accuracy_value', 'NONE');
#5201 = FILL_AREA_STYLE ('',( #5228 ) ) ;
#5202 = ADVANCED_FACE ( 'NONE', ( #1515 ), #5224, .T. ) ;
#5203 = ORIENTED_EDGE ( 'NONE', *, *, #12, .T. ) ;
#5204 = CARTESIAN_POINT ( 'NONE',  ( -1.058370044053000170, -0.4242378854630000085, 0.9000000000000001332 ) ) ;
#5205 = LINE ( 'NONE', #1524, #1241 ) ;
#5206 = STYLED_ITEM ( 'NONE', ( #79 ), #4492 ) ;
#5207 = ORIENTED_EDGE ( 'NONE', *, *, #51, .T. ) ;
#5208 = DIRECTION ( 'NONE',  ( -1.000000000000000000, 0.0000000000000000000, 0.0000000000000000000 ) ) ;
#5209 = ORIENTED_EDGE ( 'NONE', *, *, #1419, .T. ) ;
#5210 = VERTEX_POINT ( 'NONE', #772 ) ;
#5211 = AXIS2_PLACEMENT_3D ( 'NONE', #5061, #5084, #2205 ) ;
#5212 = LINE ( 'NONE', #4816, #388 ) ;
#5213 = LINE ( 'NONE', #1500, #4427 ) ;
#5214 = CARTESIAN_POINT ( 'NONE',  ( -1.123458149780000026, 0.6518634361230000174, 0.9000000000000001332 ) ) ;
#5215 = CARTESIAN_POINT ( 'NONE',  ( 1.949999999999999956, -1.284487571217999946, 0.05430052353698999745 ) ) ;
#5216 = VERTEX_POINT ( 'NONE', #4379 ) ;
#5217 = CARTESIAN_POINT ( 'NONE',  ( -2.133333333333208071, 0.6750000000000011546, 0.1500000000000231704 ) ) ;
#5218 = EDGE_CURVE ( 'NONE', #1126, #4438, #1121, .T. ) ;
#5219 = CARTESIAN_POINT ( 'NONE',  ( -0.6430616740090000505, -0.6753392070479999898, 0.9000000000000001332 ) ) ;
#5220 = LINE ( 'NONE', #3737, #4997 ) ;
#5221 = ORIENTED_EDGE ( 'NONE', *, *, #4319, .F. ) ;
#5222 = APPLICATION_CONTEXT ( 'automotive_design' ) ;
#5223 = PRESENTATION_STYLE_ASSIGNMENT (( #2296 ) ) ;
#5224 = PLANE ( 'NONE',  #5049 ) ;
#5225 = EDGE_CURVE ( 'NONE', #157, #2514, #1528, .T. ) ;
#5226 = DIRECTION ( 'NONE',  ( -0.0000000000000000000, -0.0000000000000000000, -1.000000000000000000 ) ) ;
#5227 = CARTESIAN_POINT ( 'NONE',  ( 1.970403745583970245, 1.134831372448000142, 0.9000000000000001332 ) ) ;
#5228 = FILL_AREA_STYLE_COLOUR ( '', #362 ) ;
#5229 = ORIENTED_EDGE ( 'NONE', *, *, #4585, .T. ) ;
#5230 = EDGE_CURVE ( 'NONE', #1333, #1788, #321, .T. ) ;
#5231 = CARTESIAN_POINT ( 'NONE',  ( -2.038273498465000166, 1.100000000000000089, 0.1000000000000000056 ) ) ;
#5232 = CARTESIAN_POINT ( 'NONE',  ( -1.023348017620999917, 0.3597929515419999169, 0.8950000000000000178 ) ) ;
#5233 = CARTESIAN_POINT ( 'NONE',  ( -1.170374449339000034, 0.7395286343609999147, 0.8950000000000000178 ) ) ;
#5234 = DIRECTION ( 'NONE',  ( -0.0000000000000000000, -0.0000000000000000000, 1.000000000000000000 ) ) ;
#5235 = EDGE_LOOP ( 'NONE', ( #779, #1873, #3398, #2346 ) ) ;
#5236 = ORIENTED_EDGE ( 'NONE', *, *, #1542, .T. ) ;
#5237 = B_SPLINE_CURVE_WITH_KNOTS ( 'NONE', 3,
 ( #1149, #752, #2378, #4035 ),
 .UNSPECIFIED., .F., .F.,
 ( 4, 4 ),
 ( 0.0000000000000000000, 1.000000000000000000 ),
 .UNSPECIFIED. ) ;
#5238 = LINE ( 'NONE', #1558, #979 ) ;
#5239 = PRESENTATION_STYLE_ASSIGNMENT (( #3629 ) ) ;
#5240 = SURFACE_STYLE_FILL_AREA ( #3169 ) ;
#5241 = EDGE_LOOP ( 'NONE', ( #235, #4360, #4714, #957 ) ) ;
#5242 = MECHANICAL_DESIGN_GEOMETRIC_PRESENTATION_REPRESENTATION (  '', ( #3958 ), #106 ) ;
#5243 = CARTESIAN_POINT ( 'NONE',  ( -2.094318531689000285, -1.184539838561645020, 0.009421060971107999768 ) ) ;
#5244 = APPLICATION_PROTOCOL_DEFINITION ( 'draft international standard', 'automotive_design', 1998, #4409 ) ;
#5245 = COLOUR_RGB ( '',0.0000000000000000000, 0.0000000000000000000, 0.0000000000000000000 ) ;
#5246 = UNCERTAINTY_MEASURE_WITH_UNIT (LENGTH_MEASURE( 1.000000000000000082E-05 ), #1501, 'distance_accuracy_value', 'NONE');
#5247 = LINE ( 'NONE', #3202, #419 ) ;
#5248 = CARTESIAN_POINT ( 'NONE',  ( -0.5485682819380000019, -0.7715947136559999642, 0.9000000000000001332 ) ) ;
#5249 = ORIENTED_EDGE ( 'NONE', *, *, #4319, .T. ) ;
#5250 = EDGE_CURVE ( 'NONE', #4787, #3250, #3967, .T. ) ;
#5251 = STYLED_ITEM ( 'NONE', ( #320 ), #1030 ) ;
#5252 = LINE ( 'NONE', #28, #2329 ) ;
#5253 = CARTESIAN_POINT ( 'NONE',  ( -0.5000000000000000000, -0.1774317180620000045, 0.9000000000000001332 ) ) ;
#5254 = CARTESIAN_POINT ( 'NONE',  ( -2.038273498465000166, -1.149357885408069047, 0.0000000000000000000 ) ) ;
#5255 = CARTESIAN_POINT ( 'NONE',  ( -0.9309471365639999663, -0.6753392070483333898, 0.9000000000000001332 ) ) ;
#5256 = UNCERTAINTY_MEASURE_WITH_UNIT (LENGTH_MEASURE( 1.000000000000000082E-05 ), #818, 'distance_accuracy_value', 'NONE');
#5257 = VECTOR ( 'NONE', #1033, 1000.000000000000000 ) ;
#5258 = ORIENTED_EDGE ( 'NONE', *, *, #3044, .F. ) ;
#5259 = VERTEX_POINT ( 'NONE', #3999 ) ;
#5260 = ADVANCED_FACE ( 'NONE', ( #2769 ), #3561, .T. ) ;
#5261 = DIRECTION ( 'NONE',  ( 1.999999999999999958E-16, 1.000000000000000000, 0.0000000000000000000 ) ) ;
#5262 = CARTESIAN_POINT ( 'NONE',  ( -0.5885462555070000157, 0.9085814977970000372, 0.8950000000000000178 ) ) ;
#5263 = ORIENTED_EDGE ( 'NONE', *, *, #4815, .T. ) ;
#5264 = FACE_OUTER_BOUND ( 'NONE', #2815, .T. ) ;
#5265 = ORIENTED_EDGE ( 'NONE', *, *, #535, .F. ) ;
#5266 = ORIENTED_EDGE ( 'NONE', *, *, #2727, .F. ) ;
#5267 = EDGE_CURVE ( 'NONE', #3065, #2094, #2831, .T. ) ;
#5268 = CARTESIAN_POINT ( 'NONE',  ( -3.000000000000000061E-17, -0.9274317180619999768, 0.9000000000000001332 ) ) ;
#5269 = CARTESIAN_POINT ( 'NONE',  ( -1.123127753304000054, 0.9029647577089999766, 0.9000000000000001332 ) ) ;
#5270 = CARTESIAN_POINT ( 'NONE',  ( 2.137661871933000057, -1.099999999999999423, 0.1110431526069999980 ) ) ;
#5271 = ORIENTED_EDGE ( 'NONE', *, *, #3686, .F. ) ;
#5272 = STYLED_ITEM ( 'NONE', ( #759 ), #1768 ) ;
#5273 = SURFACE_STYLE_FILL_AREA ( #3687 ) ;
#5274 = VECTOR ( 'NONE', #1318, 1000.000000000000000 ) ;
#5275 = SURFACE_SIDE_STYLE ('',( #1993 ) ) ;
#5276 = CARTESIAN_POINT ( 'NONE',  ( -1.960495720687000176, -1.106148250831564761, 0.8999999999999999112 ) ) ;
#5277 = DIRECTION ( 'NONE',  ( 1.000000000000000000, 2.199999999999999757E-16, 0.0000000000000000000 ) ) ;
#5278 = ORIENTED_EDGE ( 'NONE', *, *, #574, .F. ) ;
#5279 = CARTESIAN_POINT ( 'NONE',  ( -0.5485682819380000019, 0.8172819383256666459, 0.9000000000000001332 ) ) ;
#5280 = CARTESIAN_POINT ( 'NONE',  ( -1.133370044052999903, -0.4272114537439999915, 0.9000000000000001332 ) ) ;
#5281 = CARTESIAN_POINT ( 'NONE',  ( -1.218942731278017666, -0.8967048458152377943, 0.9000000000000001332 ) ) ;
#5282 = CARTESIAN_POINT ( 'NONE',  ( -1.649999999999999689, -0.6749999999999999334, 0.0000000000000000000 ) ) ;
#5283 = VECTOR ( 'NONE', #1257, 1000.000000000000000 ) ;
#5284 = LINE ( 'NONE', #1600, #459 ) ;
#5285 = EDGE_LOOP ( 'NONE', ( #2418, #1283, #1610, #2866 ) ) ;
#5286 = VERTEX_POINT ( 'NONE', #2421 ) ;
#5287 = STYLED_ITEM ( 'NONE', ( #2576 ), #3719 ) ;
#5288 = LINE ( 'NONE', #2349, #1588 ) ;
#5289 = DIRECTION ( 'NONE',  ( -0.0000000000000000000, -0.0000000000000000000, -1.000000000000000000 ) ) ;
#5290 = EDGE_CURVE ( 'NONE', #4438, #2143, #395, .T. ) ;
#5291 = ORIENTED_EDGE ( 'NONE', *, *, #1197, .F. ) ;
#5292 = AXIS2_PLACEMENT_3D ( 'NONE', #91, #3759, #814 ) ;
#5293 = CARTESIAN_POINT ( 'NONE',  ( -1.550000000000000266, 3.200000000000000229E-16, 0.8950000000000000178 ) ) ;
#5294 = ORIENTED_EDGE ( 'NONE', *, *, #4218, .F. ) ;
#5295 = VERTEX_POINT ( 'NONE', #4775 ) ;
#5296 = STYLED_ITEM ( 'NONE', ( #1087 ), #4509 ) ;
#5297 = EDGE_CURVE ( 'NONE', #1208, #4787, #4163, .T. ) ;
#5298 = CARTESIAN_POINT ( 'NONE',  ( -1.071255506607844632, 0.2157400881058381403, 0.9000000000000001332 ) ) ;
#5299 = LINE ( 'NONE', #3196, #1100 ) ;
#5300 = VECTOR ( 'NONE', #3472, 1000.000000000000000 ) ;
#5301 = COLOUR_RGB ( '',0.7098039215686274828, 0.7098039215686274828, 0.7098039215686274828 ) ;
#5302 = SURFACE_STYLE_FILL_AREA ( #1192 ) ;
#5303 = VECTOR ( 'NONE', #4398, 1000.000000000000114 ) ;
#5304 = NEXT_ASSEMBLY_USAGE_OCCURRENCE ( 'NAUO1', ' ', ' ', #2645, #1700, $ ) ;
#5305 = NEXT_ASSEMBLY_USAGE_OCCURRENCE ( 'NAUO2', ' ', ' ', #2645, #41, $ ) ;
#5306 = NEXT_ASSEMBLY_USAGE_OCCURRENCE ( 'NAUO3', ' ', ' ', #2645, #977, $ ) ;
ENDSEC;
END-ISO-10303-21;
