Part Number,Use for,Capacitance,Tolerance,Size(inch/mm),Rated Vdc,TCC,T Size Max,Features
CL32A227MQVNNN,General,220uF, +/-20%,1210/3225,6.3Vdc,X5R,2.8mm,Features Normal
CL31A227MSKNNW,General,220uF, +/-20%,1206/3216,2.5Vdc,X5R,1.9mm,Features Normal
CL31A227MRKNNW,General,220uF, +/-20%,1206/3216,4Vdc,X5R,1.9mm,Features Normal
CL31A227MQKNNW,General,220uF, +/-20%,1206/3216,6.3Vdc,X5R,1.9mm,Features Normal
CL32A227MQVN4S,General,220uF, +/-20%,1210/3225,6.3Vdc,X5R,2.8mm,Features Normal
CL32A227MQVNNW,General,220uF, +/-20%,1210/3225,6.3Vdc,X5R,2.8mm,Features Normal
CL32A227MQVNSW,General,220uF, +/-20%,1210/3225,6.3Vdc,X5R,2.8mm,Features Normal
CL32A157MQVNNW,General,150uF, +/-20%,1210/3225,6.3Vdc,X5R,2.8mm,Features Normal
CL32A157MQVNNN,General,150uF, +/-20%,1210/3225,6.3Vdc,X5R,2.8mm,Features Normal
CL32A107MPVNNN,General,100uF, +/-20%,1210/3225,10Vdc,X5R,2.8mm,Features Normal
CL32A107MPVNNW,General,100uF, +/-20%,1210/3225,10Vdc,X5R,2.8mm,Features Normal
CL31A107MPKNNW,General,100uF, +/-20%,1206/3216,10Vdc,X5R,1.9mm,Features Normal
CL31A107MQHNNN,General,100uF, +/-20%,1206/3216,6.3Vdc,X5R,1.8mm,Features Normal
CL31A107MQKNNN,General,100uF, +/-20%,1206/3216,6.3Vdc,X5R,1.9mm,Features Normal
CL31A107MRKNNW,General,100uF, +/-20%,1206/3216,4Vdc,X5R,1.9mm,Features Normal
CL31A107MQKNNW,General,100uF, +/-20%,1206/3216,6.3Vdc,X5R,1.9mm,Features Normal
CL32A107MQVNNW,General,100uF, +/-20%,1210/3225,6.3Vdc,X5R,2.8mm,Features Normal
CL31A107MQHNNW,General,100uF, +/-20%,1206/3216,6.3Vdc,X5R,1.8mm,Features Normal
CL32A107MQVNNN,General,100uF, +/-20%,1210/3225,6.3Vdc,X5R,2.8mm,Features Normal
CL32A476MQJNNW,General,47uF, +/-20%,1210/3225,6.3Vdc,X5R,2.7mm,Features Normal
CL31A476MOKNNW,General,47uF, +/-20%,1206/3216,16Vdc,X5R,1.9mm,Features Normal
CL31A476MPHNNN,General,47uF, +/-20%,1206/3216,10Vdc,X5R,1.8mm,Features Normal
CL31A476MQHNNN,General,47uF, +/-20%,1206/3216,6.3Vdc,X5R,1.8mm,Features Normal
CL32A476KOJNNW,General,47uF, +/-10%,1210/3225,16Vdc,X5R,2.7mm,Features Normal
CL32B476MQJNNN,General,47uF, +/-20%,1210/3225,6.3Vdc,X7R,2.7mm,Features Normal
CL32B476MPJNNW,General,47uF, +/-20%,1210/3225,10Vdc,X7R,2.7mm,Features Normal
CL32A476MPJNNW,General,47uF, +/-20%,1210/3225,10Vdc,X5R,2.7mm,Features Normal
CL32B476KPJNNN,General,47uF, +/-10%,1210/3225,10Vdc,X7R,2.7mm,Features Normal
CL32B476MPJNNN,General,47uF, +/-20%,1210/3225,10Vdc,X7R,2.7mm,Features Normal
CL31A476KQHNNW,General,47uF, +/-10%,1206/3216,6.3Vdc,X5R,1.8mm,Features Normal
CL10A476MQ8I3R,General,47uF, +/-20%,0603/1608,6.3Vdc,X5R,1mm,Features Normal
CL10A476MQ8Q3R,General,47uF, +/-20%,0603/1608,6.3Vdc,X5R,1mm,Features Normal
CL10A476MR8NZN,General,47uF, +/-20%,0603/1608,4Vdc,X5R,1.1mm,Features Normal
CL32B476KQVZNN,General,47uF, +/-10%,1210/3225,6.3Vdc,X7R,2.8mm,Features Normal
CL32B476KQVZNW,General,47uF, +/-10%,1210/3225,6.3Vdc,X7R,2.8mm,Features Normal
CL32A476KOJNNN,General,47uF, +/-10%,1210/3225,16Vdc,X5R,2.7mm,Features Normal
CL32A476KPJNNN,General,47uF, +/-10%,1210/3225,10Vdc,X5R,2.7mm,Features Normal
CL31A476MPHNNW,General,47uF, +/-20%,1206/3216,10Vdc,X5R,1.8mm,Features Normal
CL31A476MPHNFN,General,47uF, +/-20%,1206/3216,10Vdc,X5R,1.8mm,Features Normal
CL32A476KQJNNN,General,47uF, +/-10%,1210/3225,6.3Vdc,X5R,2.7mm,Features Normal
CL32A476MOJNNW,General,47uF, +/-20%,1210/3225,16Vdc,X5R,2.7mm,Features Normal
CL32B476KPJN4N,General,47uF, +/-10%,1210/3225,10Vdc,X7R,2.7mm,Features Normal
CL31A476KPHNNW,General,47uF, +/-10%,1206/3216,10Vdc,X5R,1.8mm,Features Normal
CL31A476KQHNNN,General,47uF, +/-10%,1206/3216,6.3Vdc,X5R,1.8mm,Features Normal
CL31A476MQHNNW,General,47uF, +/-20%,1206/3216,6.3Vdc,X5R,1.8mm,Features Normal
CL10A476MR8I3R,General,47uF, +/-20%,0603/1608,4Vdc,X5R,1mm,Features Normal
CL10A476MR8NRN,General,47uF, +/-20%,0603/1608,4Vdc,X5R,1mm,Features Normal
CL32A476KPJNNW,General,47uF, +/-10%,1210/3225,10Vdc,X5R,2.7mm,Features Normal
CL32A476MOJNNN,General,47uF, +/-20%,1210/3225,16Vdc,X5R,2.7mm,Features Normal
CL32A476KQJNNW,General,47uF, +/-10%,1210/3225,6.3Vdc,X5R,2.7mm,Features Normal
CL32B476MQJNNW,General,47uF, +/-20%,1210/3225,6.3Vdc,X7R,2.7mm,Features Normal
CL32B476KPJN3W,General,47uF, +/-10%,1210/3225,10Vdc,X7R,2.7mm,Features Normal
CL32B476KQJNNW,General,47uF, +/-10%,1210/3225,6.3Vdc,X7R,2.7mm,Features Normal
CL32A476MQJNNN,General,47uF, +/-20%,1210/3225,6.3Vdc,X5R,2.7mm,Features Normal
CL10A476MR8NRW,General,47uF, +/-20%,0603/1608,4Vdc,X5R,1mm,Features Normal
CL10A476MQ8QRN,General,47uF, +/-20%,0603/1608,6.3Vdc,X5R,1mm,Features Normal
CL10A476MQ8I3W,General,47uF, +/-20%,0603/1608,6.3Vdc,X5R,1mm,Features Normal
CL32B476KPJNNW,General,47uF, +/-10%,1210/3225,10Vdc,X7R,2.7mm,Features Normal
CL32A336KQJNNW,General,33uF, +/-10%,1210/3225,6.3Vdc,X5R,2.7mm,Features Normal
CL31A336MPHNNW,General,33uF, +/-20%,1206/3216,10Vdc,X5R,1.8mm,Features Normal
CL05A276MR6DUN,General,27uF, +/-20%,0402/1005,4Vdc,X5R,0.8mm,Features Normal
CL05A236MR5DUN,General,23uF, +/-20%,0402/1005,4Vdc,X5R,0.7mm,Features Normal
CL05A226MQ5QUN,General,22uF, +/-20%,0402/1005,6.3Vdc,X5R,0.7mm,Features Normal
CL05A226MR5QUW,General,22uF, +/-20%,0402/1005,4Vdc,X5R,0.7mm,Features Normal
CL10A226MR8NQN,General,22uF, +/-20%,0603/1608,4Vdc,X5R,0.95mm,Features Normal
CL31A226MOCLNN,General,22uF, +/-20%,1206/3216,16Vdc,X5R,0.95mm,Features Normal
CL31A226MQHNNW,General,22uF, +/-20%,1206/3216,6.3Vdc,X5R,1.8mm,Features Normal
CL31B226KPHNNN,General,22uF, +/-10%,1206/3216,10Vdc,X7R,1.8mm,Features Normal
CL31A226KQHNNN,General,22uF, +/-10%,1206/3216,6.3Vdc,X5R,1.8mm,Features Normal
CL31A226MOHNNW,General,22uF, +/-20%,1206/3216,16Vdc,X5R,1.8mm,Features Normal
CL05A226MQ5NUN,General,22uF, +/-20%,0402/1005,6.3Vdc,X5R,0.7mm,Features Normal
CL05A226MR5QUN,General,22uF, +/-20%,0402/1005,4Vdc,X5R,0.7mm,Features Normal
CL10A226MR8NUW,General,22uF, +/-20%,0603/1608,4Vdc,X5R,1.05mm,Features Normal
CL10A226MQ8IRN,General,22uF, +/-20%,0603/1608,6.3Vdc,X5R,1mm,Features Normal
CL10A226MQ8NUW,General,22uF, +/-20%,0603/1608,6.3Vdc,X5R,1.05mm,Features Normal
CL10A226MP7LUN,General,22uF, +/-20%,0603/1608,10Vdc,X5R,0.8mm,Features Normal
CL10A226MP8NRN,General,22uF, +/-20%,0603/1608,10Vdc,X5R,1mm,Features Normal
CL10A226KQ8NRW,General,22uF, +/-10%,0603/1608,6.3Vdc,X5R,1mm,Features Normal
CL32A226MQJNNN,General,22uF, +/-20%,1210/3225,6.3Vdc,X5R,2.7mm,Features Normal
CL31A226KAHNNN,General,22uF, +/-10%,1206/3216,25Vdc,X5R,1.8mm,Features Normal
CL31A226KOCLFN,General,22uF, +/-10%,1206/3216,16Vdc,X5R,0.95mm,Features Normal
CL32A226KQJNNW,General,22uF, +/-10%,1210/3225,6.3Vdc,X5R,2.7mm,Features Normal
CL32A226MAJNNN,General,22uF, +/-20%,1210/3225,25Vdc,X5R,2.7mm,Features Normal
CL32A226MOCLNN,General,22uF, +/-20%,1210/3225,16Vdc,X5R,0.95mm,Features Normal
CL31A226KQHNNW,General,22uF, +/-10%,1206/3216,6.3Vdc,X5R,1.8mm,Features Normal
CL32B226KAJNNN,General,22uF, +/-10%,1210/3225,25Vdc,X7R,2.7mm,Features Normal
CL10A226MQ8QRW,General,22uF, +/-20%,0603/1608,6.3Vdc,X5R,1mm,Features Normal
CL31A226MAHNNW,General,22uF, +/-20%,1206/3216,25Vdc,X5R,1.8mm,Features Normal
CL32A226KOJNFN,General,22uF, +/-10%,1210/3225,16Vdc,X5R,2.7mm,Features Normal
CL32A226KPJNNN,General,22uF, +/-10%,1210/3225,10Vdc,X5R,2.7mm,Features Normal
CL32A226KPJNNW,General,22uF, +/-10%,1210/3225,10Vdc,X5R,2.7mm,Features Normal
CL32A226KAJNNN,General,22uF, +/-10%,1210/3225,25Vdc,X5R,2.7mm,Features Normal
CL32A226KAJNNW,General,22uF, +/-10%,1210/3225,25Vdc,X5R,2.7mm,Features Normal
CL32B226KPJNNW,General,22uF, +/-10%,1210/3225,10Vdc,X7R,2.7mm,Features Normal
CL31B226KPKZNW,General,22uF, +/-10%,1206/3216,10Vdc,X7R,1.9mm,Features Normal
CL10A226MQ8NFR,General,22uF, +/-20%,0603/1608,6.3Vdc,X5R,1mm,Features Normal
CL10A226MP8IRW,General,22uF, +/-20%,0603/1608,10Vdc,X5R,1mm,Features Normal
CL31A226KOCLNN,General,22uF, +/-10%,1206/3216,16Vdc,X5R,0.95mm,Features Normal
CL10A226MQ8NRN,General,22uF, +/-20%,0603/1608,6.3Vdc,X5R,1mm,Features Normal
CL10A226MO7JZN,General,22uF, +/-20%,0603/1608,16Vdc,X5R,0.8mm,Features Normal
CL05A226MQ5CUN,General,22uF, +/-20%,0402/1005,6.3Vdc,X5R,0.7mm,Features Normal
CL31A226KOCLNW,General,22uF, +/-10%,1206/3216,16Vdc,X5R,0.95mm,Features Normal
CL31A226KOHNFN,General,22uF, +/-10%,1206/3216,16Vdc,X5R,1.8mm,Features Normal
CL32B226KOJNNW,General,22uF, +/-10%,1210/3225,16Vdc,X7R,2.7mm,Features Normal
CL10A226KQ8NRN,General,22uF, +/-10%,0603/1608,6.3Vdc,X5R,1mm,Features Normal
CL31B226KPHNFN,General,22uF, +/-10%,1206/3216,10Vdc,X7R,1.8mm,Features Normal
CL32A226MOJNNW,General,22uF, +/-20%,1210/3225,16Vdc,X5R,2.7mm,Features Normal
CL32B226KPJNNN,General,22uF, +/-10%,1210/3225,10Vdc,X7R,2.7mm,Features Normal
CL31B226KQHNNW,General,22uF, +/-10%,1206/3216,6.3Vdc,X7R,1.8mm,Features Normal
CL10A226MQ7LUN,General,22uF, +/-20%,0603/1608,6.3Vdc,X5R,0.8mm,Features Normal
CL10A226MQ8NUN,General,22uF, +/-20%,0603/1608,6.3Vdc,X5R,1.05mm,Features Normal
CL10A226MQ8QRN,General,22uF, +/-20%,0603/1608,6.3Vdc,X5R,1mm,Features Normal
CL10A226MP8NRW,General,22uF, +/-20%,0603/1608,10Vdc,X5R,1mm,Features Normal
CL32B226KAJNNW,General,22uF, +/-10%,1210/3225,25Vdc,X7R,2.7mm,Features Normal
CL31B226MPHNNW,General,22uF, +/-20%,1206/3216,10Vdc,X7R,1.8mm,Features Normal
CL31A226MPHNNN,General,22uF, +/-20%,1206/3216,10Vdc,X5R,1.8mm,Features Normal
CL32B226KOJNFN,General,22uF, +/-10%,1210/3225,16Vdc,X7R,2.7mm,Features Normal
CL31B226KQHNNN,General,22uF, +/-10%,1206/3216,6.3Vdc,X7R,1.8mm,Features Normal
CL10A226MR8NQW,General,22uF, +/-20%,0603/1608,4Vdc,X5R,0.95mm,Features Normal
CL10A226MR8QRW,General,22uF, +/-20%,0603/1608,4Vdc,X5R,1mm,Features Normal
CL10A226MQ8N3R,General,22uF, +/-20%,0603/1608,6.3Vdc,X5R,1mm,Features Normal
CL10A226MQ8NRW,General,22uF, +/-20%,0603/1608,6.3Vdc,X5R,1mm,Features Normal
CL32B226KAVZNW,General,22uF, +/-10%,1210/3225,25Vdc,X7R,2.8mm,Features Normal
CL31A226KAHNNW,General,22uF, +/-10%,1206/3216,25Vdc,X5R,1.8mm,Features Normal
CL31A226KPHNNW,General,22uF, +/-10%,1206/3216,10Vdc,X5R,1.8mm,Features Normal
CL32A226MQJNNW,General,22uF, +/-20%,1210/3225,6.3Vdc,X5R,2.7mm,Features Normal
CL31A226MPHNNW,General,22uF, +/-20%,1206/3216,10Vdc,X5R,1.8mm,Features Normal
CL31A226KOHNNW,General,22uF, +/-10%,1206/3216,16Vdc,X5R,1.8mm,Features Normal
CL31A226KPHNNN,General,22uF, +/-10%,1206/3216,10Vdc,X5R,1.8mm,Features Normal
CL31A226MOHNNN,General,22uF, +/-20%,1206/3216,16Vdc,X5R,1.8mm,Features Normal
CL32B226MOJNNW,General,22uF, +/-20%,1210/3225,16Vdc,X7R,2.7mm,Features Normal
CL32B226KOJNNN,General,22uF, +/-10%,1210/3225,16Vdc,X7R,2.7mm,Features Normal
CL10A226MO79ZN,General,22uF, +/-20%,0603/1608,16Vdc,X5R,0.8mm,Features Normal
CL32A226MOTLNN,General,22uF, +/-20%,1210/3225,16Vdc,X5R,1.7mm,Features Normal
CL32A226KOJNNN,General,22uF, +/-10%,1210/3225,16Vdc,X5R,2.7mm,Features Normal
CL32A226KOJNNW,General,22uF, +/-10%,1210/3225,16Vdc,X5R,2.7mm,Features Normal
CL32B226KAJNFN,General,22uF, +/-10%,1210/3225,25Vdc,X7R,2.7mm,Features Normal
CL10A226MO7FZN,General,22uF, +/-20%,0603/1608,16Vdc,X5R,0.8mm,Features Normal
CL31A226MOCLFN,General,22uF, +/-20%,1206/3216,16Vdc,X5R,0.95mm,Features Normal
CL31A226MOCLNW,General,22uF, +/-20%,1206/3216,16Vdc,X5R,0.95mm,Features Normal
CL31A226MQHNNN,General,22uF, +/-20%,1206/3216,6.3Vdc,X5R,1.8mm,Features Normal
CL10A226MQ6LRN,General,22uF, +/-20%,0603/1608,6.3Vdc,X5R,0.6mm,Features Normal
CL10A226MQ7NRN,General,22uF, +/-20%,0603/1608,6.3Vdc,X5R,0.9mm,Features Normal
CL10A226MP8NUN,General,22uF, +/-20%,0603/1608,10Vdc,X5R,1.05mm,Features Normal
CL32A226MAJNNW,General,22uF, +/-20%,1210/3225,25Vdc,X5R,2.7mm,Features Normal
CL32B226MAJNNW,General,22uF, +/-20%,1210/3225,25Vdc,X7R,2.7mm,Features Normal
CL05A226MP6NUN,General,22uF, +/-20%,0402/1005,10Vdc,X5R,0.8mm,Features Normal
CL31A226KOHNNN,General,22uF, +/-10%,1206/3216,16Vdc,X5R,1.8mm,Features Normal
CL31A226MAHNNN,General,22uF, +/-20%,1206/3216,25Vdc,X5R,1.8mm,Features Normal
CL32A226KQJNNN,General,22uF, +/-10%,1210/3225,6.3Vdc,X5R,2.7mm,Features Normal
CL31B226MPHNNN,General,22uF, +/-20%,1206/3216,10Vdc,X7R,1.8mm,Features Normal
CL31B226KPHNNW,General,22uF, +/-10%,1206/3216,10Vdc,X7R,1.8mm,Features Normal
CL10A226MQ7LUW,General,22uF, +/-20%,0603/1608,6.3Vdc,X5R,0.8mm,Features Normal
CL32A226MOJNNN,General,22uF, +/-20%,1210/3225,16Vdc,X5R,2.7mm,Features Normal
CL32A226MPJNNN,General,22uF, +/-20%,1210/3225,10Vdc,X5R,2.7mm,Features Normal
CL32A226MPJNNW,General,22uF, +/-20%,1210/3225,10Vdc,X5R,2.7mm,Features Normal
CL32A226KOTFNN,General,22uF, +/-10%,1210/3225,16Vdc,X5R,1.7mm,Features Normal
CL32A226KAJNFN,General,22uF, +/-10%,1210/3225,25Vdc,X5R,2.7mm,Features Normal
CL32B226MOJNNN,General,22uF, +/-20%,1210/3225,16Vdc,X7R,2.7mm,Features Normal
CL05A206MR5DRN,General,20uF, +/-20%,0402/1005,4Vdc,X5R,0.65mm,Features Normal
CL05A186MR5DRN,General,18uF, +/-20%,0402/1005,4Vdc,X5R,0.65mm,Features Normal
CL31B156KQKZNN,General,15uF, +/-10%,1206/3216,6.3Vdc,X7R,1.9mm,Features Normal
CL31A156KQHNNW,General,15uF, +/-10%,1206/3216,6.3Vdc,X5R,1.8mm,Features Normal
CL05A156MQ5Z64,General,15uF, +/-20%,0402/1005,6.3Vdc,X5R,0.65mm,Features Normal
CL10A106MA8NRW,General,10uF, +/-20%,0603/1608,25Vdc,X5R,1mm,Features Normal
CL31A106KQHNNW,General,10uF, +/-10%,1206/3216,6.3Vdc,X5R,1.8mm,Features Normal
CL31B106KAHN3W,General,10uF, +/-10%,1206/3216,25Vdc,X7R,1.8mm,Features Normal
CL31B106KLHNFN,General,10uF, +/-10%,1206/3216,35Vdc,X7R,1.8mm,Features Normal
CL31B106KLHNNW,General,10uF, +/-10%,1206/3216,35Vdc,X7R,1.8mm,Features Normal
CL05A106MP5NRN,General,10uF, +/-20%,0402/1005,10Vdc,X5R,0.65mm,Features Normal
CL10A106MQ8ZQW,General,10uF, +/-20%,0603/1608,6.3Vdc,X5R,0.95mm,Features Normal
CL10A106MOAFZN,General,10uF, +/-20%,0603/1608,16Vdc,X5R,0.65mm,Features Normal
CL31A106MQHNNN,General,10uF, +/-20%,1206/3216,6.3Vdc,X5R,1.8mm,Features Normal
CL31B106KBHNFN,General,10uF, +/-10%,1206/3216,50Vdc,X7R,1.8mm,Features Normal
CL31B106KBHNNN,General,10uF, +/-10%,1206/3216,50Vdc,X7R,1.8mm,Features Normal
CL31A106KLHNNN,General,10uF, +/-10%,1206/3216,35Vdc,X5R,1.8mm,Features Normal
CL32B106KAJSNN,General,10uF, +/-10%,1210/3225,25Vdc,X7R,2.7mm,Features Normal
CL32B106KAUL3N,General,10uF, +/-10%,1210/3225,25Vdc,X7R,2mm,Features Normal
CL10A106KO8NQW,General,10uF, +/-10%,0603/1608,16Vdc,X5R,0.95mm,Features Normal
CL10A106KQ8NNW,General,10uF, +/-10%,0603/1608,6.3Vdc,X5R,0.9mm,Features Normal
CL10A106KP8NQW,General,10uF, +/-10%,0603/1608,10Vdc,X5R,0.95mm,Features Normal
CL32A106KBJNNN,General,10uF, +/-10%,1210/3225,50Vdc,X5R,2.7mm,Features Normal
CL32A106KLULNW,General,10uF, +/-10%,1210/3225,35Vdc,X5R,2mm,Features Normal
CL32A106KOJNNN,General,10uF, +/-10%,1210/3225,16Vdc,X5R,2.7mm,Features Normal
CL32A106MOJNNW,General,10uF, +/-20%,1210/3225,16Vdc,X5R,2.7mm,Features Normal
CL32F106ZASLNN,General,10uF, -20/+80%,1210/3225,25Vdc,Y5V,1.5mm,Features Normal
CL05A106MP68UN,General,10uF, +/-20%,0402/1005,10Vdc,X5R,0.8mm,Features Normal
CL10A106MP8NNW,General,10uF, +/-20%,0603/1608,10Vdc,X5R,0.9mm,Features Normal
CL10A106MP8NFS,General,10uF, +/-20%,0603/1608,10Vdc,X5R,0.95mm,Features Normal
CL32B106KAILNW,General,10uF, +/-10%,1210/3225,25Vdc,X7R,2.2mm,Features Normal
CL32B106KLULNN,General,10uF, +/-10%,1210/3225,35Vdc,X7R,2mm,Features Normal
CL32B106KAULNN,General,10uF, +/-10%,1210/3225,25Vdc,X7R,2mm,Features Normal
CL31F106ZPHNNN,General,10uF, -20/+80%,1206/3216,10Vdc,Y5V,1.8mm,Features Normal
CL32A106KPINNN,General,10uF, +/-10%,1210/3225,10Vdc,X5R,2.2mm,Features Normal
CL32A106KOJNNW,General,10uF, +/-10%,1210/3225,16Vdc,X5R,2.7mm,Features Normal
CL32A106KLULNN,General,10uF, +/-10%,1210/3225,35Vdc,X5R,2mm,Features Normal
CL05A106MQ5N3R,General,10uF, +/-20%,0402/1005,6.3Vdc,X5R,0.65mm,Features Normal
CL31B106KLHSNW,General,10uF, +/-10%,1206/3216,35Vdc,X7R,1.8mm,Features Normal
CL31B106KOHN3W,General,10uF, +/-10%,1206/3216,16Vdc,X7R,1.8mm,Features Normal
CL31A106KOCLNW,General,10uF, +/-10%,1206/3216,16Vdc,X5R,0.95mm,Features Normal
CL31A106KQHNNN,General,10uF, +/-10%,1206/3216,6.3Vdc,X5R,1.8mm,Features Normal
CL31B106KAHN4N,General,10uF, +/-10%,1206/3216,25Vdc,X7R,1.8mm,Features Normal
CL10A106KP8N4Q,General,10uF, +/-10%,0603/1608,10Vdc,X5R,0.95mm,Features Normal
CL32B106KOVZNW,General,10uF, +/-10%,1210/3225,16Vdc,X7R,2.8mm,Features Normal
CL10A106MA5FZN,General,10uF, +/-20%,0603/1608,25Vdc,X5R,0.5mm,Features Normal
CL32B106KOJNNN,General,10uF, +/-10%,1210/3225,16Vdc,X7R,2.7mm,Features Normal
CL32B106KOJNNW,General,10uF, +/-10%,1210/3225,16Vdc,X7R,2.7mm,Features Normal
CL32B106KBJNNN,General,10uF, +/-10%,1210/3225,50Vdc,X7R,2.7mm,Features Normal
CL10A106MAAIZN,General,10uF, +/-20%,0603/1608,25Vdc,X5R,0.65mm,Features Normal
CL10B106MQ8NFR,General,10uF, +/-20%,0603/1608,6.3Vdc,X7R,1mm,Features Normal
CL10A106MP8NNN,General,10uF, +/-20%,0603/1608,10Vdc,X5R,0.9mm,Features Normal
CL32A106KAJNNW,General,10uF, +/-10%,1210/3225,25Vdc,X5R,2.7mm,Features Normal
CL31A106MAHNNW,General,10uF, +/-20%,1206/3216,25Vdc,X5R,1.8mm,Features Normal
CL31A106MBKZNN,General,10uF, +/-20%,1206/3216,50Vdc,X5R,1.9mm,Features Normal
CL10A106MQ8NQW,General,10uF, +/-20%,0603/1608,6.3Vdc,X5R,0.95mm,Features Normal
CL31B106KAHNNW,General,10uF, +/-10%,1206/3216,25Vdc,X7R,1.8mm,Features Normal
CL05A106MR5NUW,General,10uF, +/-20%,0402/1005,4Vdc,X5R,0.7mm,Features Normal
CL31B106KOHZFN,General,10uF, +/-10%,1206/3216,16Vdc,X7R,1.8mm,Features Normal
CL32F106ZLGNNN,General,10uF, -20/+80%,1210/3225,35Vdc,Y5V,1.6mm,Features Normal
CL32F106ZLHNNN,General,10uF, -20/+80%,1210/3225,35Vdc,Y5V,1.8mm,Features Normal
CL32F106ZOHNNN,General,10uF, -20/+80%,1210/3225,16Vdc,Y5V,1.8mm,Features Normal
CL31B106KLK6NW,General,10uF, +/-10%,1206/3216,35Vdc,X7R,1.9mm,Features Normal
CL05A106MP5IUN,General,10uF, +/-20%,0402/1005,10Vdc,X5R,0.7mm,Features Normal
CL31A106KOHNNN,General,10uF, +/-10%,1206/3216,16Vdc,X5R,1.8mm,Features Normal
CL31A106KPPLNN,General,10uF, +/-10%,1206/3216,10Vdc,X5R,1.25mm,Features Normal
CL10K106MO8NRN,General,10uF, +/-20%,0603/1608,16Vdc,X7R(S),1mm,Features Normal
CL10K106MP8NRW,General,10uF, +/-20%,0603/1608,10Vdc,X7R(S),1mm,Features Normal
CL31A106KAHNNW,General,10uF, +/-10%,1206/3216,25Vdc,X5R,1.8mm,Features Normal
CL32B106KBJNFN,General,10uF, +/-10%,1210/3225,50Vdc,X7R,2.7mm,Features Normal
CL10A106MP8NFN,General,10uF, +/-20%,0603/1608,10Vdc,X5R,0.9mm,Features Normal
CL05A106MP5NUN,General,10uF, +/-20%,0402/1005,10Vdc,X5R,0.7mm,Features Normal
CL05A106MP5Z64,General,10uF, +/-20%,0402/1005,10Vdc,X5R,0.65mm,Features Normal
CL10A106MQ8NNW,General,10uF, +/-20%,0603/1608,6.3Vdc,X5R,0.9mm,Features Normal
CL32B106KAJNNW,General,10uF, +/-10%,1210/3225,25Vdc,X7R,2.7mm,Features Normal
CL32B106KOULNW,General,10uF, +/-10%,1210/3225,16Vdc,X7R,2mm,Features Normal
CL31A106KAHNNN,General,10uF, +/-10%,1206/3216,25Vdc,X5R,1.8mm,Features Normal
CL05A106MQ5NUN,General,10uF, +/-20%,0402/1005,6.3Vdc,X5R,0.7mm,Features Normal
CL05A106MQ5NUW,General,10uF, +/-20%,0402/1005,6.3Vdc,X5R,0.7mm,Features Normal
CL32B106KPVZNW,General,10uF, +/-10%,1210/3225,10Vdc,X7R,2.8mm,Features Normal
CL31A106KAHNFN,General,10uF, +/-10%,1206/3216,25Vdc,X5R,1.8mm,Features Normal
CL10K106MQ8NRW,General,10uF, +/-20%,0603/1608,6.3Vdc,X7R(S),1mm,Features Normal
CL31A106KBHNNN,General,10uF, +/-10%,1206/3216,50Vdc,X5R,1.8mm,Features Normal
CL31A106KBHNNW,General,10uF, +/-10%,1206/3216,50Vdc,X5R,1.8mm,Features Normal
CL32A106KAJNNN,General,10uF, +/-10%,1210/3225,25Vdc,X5R,2.7mm,Features Normal
CL32A106KATLNN,General,10uF, +/-10%,1210/3225,25Vdc,X5R,1.7mm,Features Normal
CL32A106KATLNW,General,10uF, +/-10%,1210/3225,25Vdc,X5R,1.7mm,Features Normal
CL31A106KACLNN,General,10uF, +/-10%,1206/3216,25Vdc,X5R,0.95mm,Features Normal
CL10A106MO8NQN,General,10uF, +/-20%,0603/1608,16Vdc,X5R,0.95mm,Features Normal
CL10A106KA8NRN,General,10uF, +/-10%,0603/1608,25Vdc,X5R,1mm,Features Normal
CL32A106KOCLNN,General,10uF, +/-10%,1210/3225,16Vdc,X5R,0.95mm,Features Normal
CL10B106MQ8NRN,General,10uF, +/-20%,0603/1608,6.3Vdc,X7R,1mm,Features Normal
CL31B106KOHNNN,General,10uF, +/-10%,1206/3216,16Vdc,X7R,1.8mm,Features Normal
CL31A106KPPLNW,General,10uF, +/-10%,1206/3216,10Vdc,X5R,1.25mm,Features Normal
CL31B106KAHNFN,General,10uF, +/-10%,1206/3216,25Vdc,X7R,1.8mm,Features Normal
CL31B106KAHNNN,General,10uF, +/-10%,1206/3216,25Vdc,X7R,1.8mm,Features Normal
CL31A106MBHNNN,General,10uF, +/-20%,1206/3216,50Vdc,X5R,1.8mm,Features Normal
CL31B106KBHNNW,General,10uF, +/-10%,1206/3216,50Vdc,X7R,1.8mm,Features Normal
CL31A106MOHNNN,General,10uF, +/-20%,1206/3216,16Vdc,X5R,1.8mm,Features Normal
CL10A106KQ8NNN,General,10uF, +/-10%,0603/1608,6.3Vdc,X5R,0.9mm,Features Normal
CL10A106KP8NNN,General,10uF, +/-10%,0603/1608,10Vdc,X5R,0.9mm,Features Normal
CL10A106MP8NQW,General,10uF, +/-20%,0603/1608,10Vdc,X5R,0.95mm,Features Normal
CL32A106KAULNN,General,10uF, +/-10%,1210/3225,25Vdc,X5R,2mm,Features Normal
CL32A106KOCLNW,General,10uF, +/-10%,1210/3225,16Vdc,X5R,0.95mm,Features Normal
CL10A106MO8NQW,General,10uF, +/-20%,0603/1608,16Vdc,X5R,0.95mm,Features Normal
CL10A106MO8NRN,General,10uF, +/-20%,0603/1608,16Vdc,X5R,1mm,Features Normal
CL10A106MO8NRW,General,10uF, +/-20%,0603/1608,16Vdc,X5R,1mm,Features Normal
CL32B106KBJN3W,General,10uF, +/-10%,1210/3225,50Vdc,X7R,2.7mm,Features Normal
CL31A106KPHNNN,General,10uF, +/-10%,1206/3216,10Vdc,X5R,1.8mm,Features Normal
CL31B106KAHSNW,General,10uF, +/-10%,1206/3216,25Vdc,X7R,1.8mm,Features Normal
CL31A106MBHNNW,General,10uF, +/-20%,1206/3216,50Vdc,X5R,1.8mm,Features Normal
CL31A106MQHNNW,General,10uF, +/-20%,1206/3216,6.3Vdc,X5R,1.8mm,Features Normal
CL32A106KPJNNW,General,10uF, +/-10%,1210/3225,10Vdc,X5R,2.7mm,Features Normal
CL32A106MBJNNW,General,10uF, +/-20%,1210/3225,50Vdc,X5R,2.7mm,Features Normal
CL31B106KLHNNN,General,10uF, +/-10%,1206/3216,35Vdc,X7R,1.8mm,Features Normal
CL31B106KLK6NN,General,10uF, +/-10%,1206/3216,35Vdc,X7R,1.9mm,Features Normal
CL32B106KAJNFN,General,10uF, +/-10%,1210/3225,25Vdc,X7R,2.7mm,Features Normal
CL32B106KAJNNN,General,10uF, +/-10%,1210/3225,25Vdc,X7R,2.7mm,Features Normal
CL31B106KQHNNN,General,10uF, +/-10%,1206/3216,6.3Vdc,X7R,1.8mm,Features Normal
CL31B106MOHNNN,General,10uF, +/-20%,1206/3216,16Vdc,X7R,1.8mm,Features Normal
CL31B106MOHNNW,General,10uF, +/-20%,1206/3216,16Vdc,X7R,1.8mm,Features Normal
CL10A106MA8NRN,General,10uF, +/-20%,0603/1608,25Vdc,X5R,1mm,Features Normal
CL32B106KLJNNW,General,10uF, +/-10%,1210/3225,35Vdc,X7R,2.7mm,Features Normal
CL32B106KOULNN,General,10uF, +/-10%,1210/3225,16Vdc,X7R,2mm,Features Normal
CL31B106KOHZNW,General,10uF, +/-10%,1206/3216,16Vdc,X7R,1.8mm,Features Normal
CL31B106KPHN3N,General,10uF, +/-10%,1206/3216,10Vdc,X7R,1.8mm,Features Normal
CL32A106KOULNW,General,10uF, +/-10%,1210/3225,16Vdc,X5R,2mm,Features Normal
CL05A106MP5C64,General,10uF, +/-20%,0402/1005,10Vdc,X5R,0.5mm,Features Normal
CL05A106MP5IUW,General,10uF, +/-20%,0402/1005,10Vdc,X5R,0.7mm,Features Normal
CL05A106MQ4L68,General,10uF, +/-20%,0402/1005,6.3Vdc,X5R,0.5mm,Features Normal
CL05A106MQ4N68,General,10uF, +/-20%,0402/1005,6.3Vdc,X5R,0.5mm,Features Normal
CL05A106MQ5N3U,General,10uF, +/-20%,0402/1005,6.3Vdc,X5R,0.7mm,Features Normal
CL05A106MR5NUN,General,10uF, +/-20%,0402/1005,4Vdc,X5R,0.7mm,Features Normal
CL10A106KP8NFN,General,10uF, +/-10%,0603/1608,10Vdc,X5R,0.9mm,Features Normal
CL32B106KBVZNW,General,10uF, +/-10%,1210/3225,50Vdc,X7R,2.8mm,Features Normal
CL32B106KAULNW,General,10uF, +/-10%,1210/3225,25Vdc,X7R,2mm,Features Normal
CL32B106KBJNNW,General,10uF, +/-10%,1210/3225,50Vdc,X7R,2.7mm,Features Normal
CL31B106KOHNFN,General,10uF, +/-10%,1206/3216,16Vdc,X7R,1.8mm,Features Normal
CL10A106MQ8NNN,General,10uF, +/-20%,0603/1608,6.3Vdc,X5R,0.9mm,Features Normal
CL10A106MQ8NQN,General,10uF, +/-20%,0603/1608,6.3Vdc,X5R,0.95mm,Features Normal
CL32B106KAJSNW,General,10uF, +/-10%,1210/3225,25Vdc,X7R,2.7mm,Features Normal
CL32B106KPINNN,General,10uF, +/-10%,1210/3225,10Vdc,X7R,2.2mm,Features Normal
CL32B106KPINNW,General,10uF, +/-10%,1210/3225,10Vdc,X7R,2.2mm,Features Normal
CL31A106KBKZNN,General,10uF, +/-10%,1206/3216,50Vdc,X5R,1.9mm,Features Normal
CL32B106KLULNW,General,10uF, +/-10%,1210/3225,35Vdc,X7R,2mm,Features Normal
CL32A106KAULNW,General,10uF, +/-10%,1210/3225,25Vdc,X5R,2mm,Features Normal
CL32F106ZAHNNN,General,10uF, -20/+80%,1210/3225,25Vdc,Y5V,1.8mm,Features Normal
CL31B106KPHN3W,General,10uF, +/-10%,1206/3216,10Vdc,X7R,1.8mm,Features Normal
CL31B106KPHNNN,General,10uF, +/-10%,1206/3216,10Vdc,X7R,1.8mm,Features Normal
CL32A106KOTLNW,General,10uF, +/-10%,1210/3225,16Vdc,X5R,1.7mm,Features Normal
CL32A106KPINNW,General,10uF, +/-10%,1210/3225,10Vdc,X5R,2.2mm,Features Normal
CL05A106MP6NUN,General,10uF, +/-20%,0402/1005,10Vdc,X5R,0.8mm,Features Normal
CL05A106MQ5NRN,General,10uF, +/-20%,0402/1005,6.3Vdc,X5R,0.65mm,Features Normal
CL31A106KOHNNW,General,10uF, +/-10%,1206/3216,16Vdc,X5R,1.8mm,Features Normal
CL31A106KPHNNW,General,10uF, +/-10%,1206/3216,10Vdc,X5R,1.8mm,Features Normal
CL31A106MAHNNN,General,10uF, +/-20%,1206/3216,25Vdc,X5R,1.8mm,Features Normal
CL32B106KLJNNN,General,10uF, +/-10%,1210/3225,35Vdc,X7R,2.7mm,Features Normal
CL31B106KOHNNW,General,10uF, +/-10%,1206/3216,16Vdc,X7R,1.8mm,Features Normal
CL10A106MA8ZRN,General,10uF, +/-20%,0603/1608,25Vdc,X5R,1mm,Features Normal
CL10A106MAAFZN,General,10uF, +/-20%,0603/1608,25Vdc,X5R,0.65mm,Features Normal
CL10A106ML8CRN,General,10uF, +/-20%,0603/1608,35Vdc,X5R,1mm,Features Normal
CL10A106ML8NRN,General,10uF, +/-20%,0603/1608,35Vdc,X5R,1mm,Features Normal
CL31A106KOCLNN,General,10uF, +/-10%,1206/3216,16Vdc,X5R,0.95mm,Features Normal
CL31B106KQHNFN,General,10uF, +/-10%,1206/3216,6.3Vdc,X7R,1.8mm,Features Normal
CL10A106KO8NQN,General,10uF, +/-10%,0603/1608,16Vdc,X5R,0.95mm,Features Normal
CL10A106KP8NNW,General,10uF, +/-10%,0603/1608,10Vdc,X5R,0.9mm,Features Normal
CL10A106MA8IRN,General,10uF, +/-20%,0603/1608,25Vdc,X5R,1mm,Features Normal
CL31F106ZPFNNN,General,10uF, -20/+80%,1206/3216,10Vdc,Y5V,1.4mm,Features Normal
CL31A106MOHNNW,General,10uF, +/-20%,1206/3216,16Vdc,X5R,1.8mm,Features Normal
CL31B106KPHNFN,General,10uF, +/-10%,1206/3216,10Vdc,X7R,1.8mm,Features Normal
CL31B106KPHNNW,General,10uF, +/-10%,1206/3216,10Vdc,X7R,1.8mm,Features Normal
CL32A106MBJNNN,General,10uF, +/-20%,1210/3225,50Vdc,X5R,2.7mm,Features Normal
CL32A106KBJNNW,General,10uF, +/-10%,1210/3225,50Vdc,X5R,2.7mm,Features Normal
CL32A106MOJNNN,General,10uF, +/-20%,1210/3225,16Vdc,X5R,2.7mm,Features Normal
CL05A905MQ5DRN,General,9uF, +/-20%,0402/1005,6.3Vdc,X5R,0.65mm,Features Normal
CL31A685KOHNNW,General,6.8uF, +/-10%,1206/3216,16Vdc,X5R,1.8mm,Features Normal
CL32A685MAJNNW,General,6.8uF, +/-20%,1210/3225,25Vdc,X5R,2.7mm,Features Normal
CL05A605MQ5DRN,General,6uF, +/-20%,0402/1005,6.3Vdc,X5R,0.65mm,Features Normal
CL03A495MR5D65,General,4.9uF, +/-20%,0201/0603,4Vdc,X5R,0.55mm,Features Normal
CL05A475KP5NRN,General,4.7uF, +/-10%,0402/1005,10Vdc,X5R,0.65mm,Features Normal
CL05A475KP5NRW,General,4.7uF, +/-10%,0402/1005,10Vdc,X5R,0.65mm,Features Normal
CL05A475MO5LUN,General,4.7uF, +/-20%,0402/1005,16Vdc,X5R,0.55mm,Features Normal
CL31B475KBHN3N,General,4.7uF, +/-10%,1206/3216,50Vdc,X7R,1.8mm,Features Normal
CL32A475KLULNN,General,4.7uF, +/-10%,1210/3225,35Vdc,X5R,2mm,Features Normal
CL05A475MA5IUN,General,4.7uF, +/-20%,0402/1005,25Vdc,X5R,0.7mm,Features Normal
CL10A475ML8NRW,General,4.7uF, +/-20%,0603/1608,35Vdc,X5R,1mm,Features Normal
CL31A475MOHNNN,General,4.7uF, +/-20%,1206/3216,16Vdc,X5R,1.8mm,Features Normal
CL10A475KL8NRW,General,4.7uF, +/-10%,0603/1608,35Vdc,X5R,1mm,Features Normal
CL10A475KP5LNN,General,4.7uF, +/-10%,0603/1608,10Vdc,X5R,0.5mm,Features Normal
CL10A475KP8NNN,General,4.7uF, +/-10%,0603/1608,10Vdc,X5R,0.9mm,Features Normal
CL05A475KQ5NRW,General,4.7uF, +/-10%,0402/1005,6.3Vdc,X5R,0.65mm,Features Normal
CL05A475MP5CRN,General,4.7uF, +/-20%,0402/1005,10Vdc,X5R,0.65mm,Features Normal
CL05A475MP5NUN,General,4.7uF, +/-20%,0402/1005,10Vdc,X5R,0.7mm,Features Normal
CL05A475MR5NQW,General,4.7uF, +/-20%,0402/1005,4Vdc,X5R,0.6mm,Features Normal
CL10B475KQ8NQW,General,4.7uF, +/-10%,0603/1608,6.3Vdc,X7R,0.95mm,Features Normal
CL31B475KPHNNN,General,4.7uF, +/-10%,1206/3216,10Vdc,X7R,1.8mm,Features Normal
CL31B475KOHNFN,General,4.7uF, +/-10%,1206/3216,16Vdc,X7R,1.8mm,Features Normal
CL31F475ZOFNNN,General,4.7uF, -20/+80%,1206/3216,16Vdc,Y5V,1.4mm,Features Normal
CL10A475KO8NQW,General,4.7uF, +/-10%,0603/1608,16Vdc,X5R,0.95mm,Features Normal
CL10A475KQ5LNN,General,4.7uF, +/-10%,0603/1608,6.3Vdc,X5R,0.5mm,Features Normal
CL10A475KQ8NNN,General,4.7uF, +/-10%,0603/1608,6.3Vdc,X5R,0.9mm,Features Normal
CL31A475KBHNNN,General,4.7uF, +/-10%,1206/3216,50Vdc,X5R,1.8mm,Features Normal
CL10A475MQ8N4N,General,4.7uF, +/-20%,0603/1608,6.3Vdc,X5R,0.9mm,Features Normal
CL05A475MP4Z64,General,4.7uF, +/-20%,0402/1005,10Vdc,X5R,0.5mm,Features Normal
CL03A475MQ3CRN,General,4.7uF, +/-20%,0201/0603,6.3Vdc,X5R,0.39mm,Features Normal
CL03A475MQ5C65,General,4.7uF, +/-20%,0201/0603,6.3Vdc,X5R,0.55mm,Features Normal
CL05A475MR5NRW,General,4.7uF, +/-20%,0402/1005,4Vdc,X5R,0.65mm,Features Normal
CL31A475KOHNNW,General,4.7uF, +/-10%,1206/3216,16Vdc,X5R,1.8mm,Features Normal
CL10A475KLAFZN,General,4.7uF, +/-10%,0603/1608,35Vdc,X5R,0.65mm,Features Normal
CL10A475KO8NNW,General,4.7uF, +/-10%,0603/1608,16Vdc,X5R,0.9mm,Features Normal
CL05A475MQ3LUW,General,4.7uF, +/-20%,0402/1005,6.3Vdc,X5R,0.35mm,Features Normal
CL10A475KR8NNW,General,4.7uF, +/-10%,0603/1608,4Vdc,X5R,0.9mm,Features Normal
CL31A475KAHNNN,General,4.7uF, +/-10%,1206/3216,25Vdc,X5R,1.8mm,Features Normal
CL32B475KBJSNN,General,4.7uF, +/-10%,1210/3225,50Vdc,X7R,2.7mm,Features Normal
CL10A475MQ8NQW,General,4.7uF, +/-20%,0603/1608,6.3Vdc,X5R,0.95mm,Features Normal
CL31B475KBHNNW,General,4.7uF, +/-10%,1206/3216,50Vdc,X7R,1.8mm,Features Normal
CL31B475KAHNFN,General,4.7uF, +/-10%,1206/3216,25Vdc,X7R,1.8mm,Features Normal
CL31B475KAHNNN,General,4.7uF, +/-10%,1206/3216,25Vdc,X7R,1.8mm,Features Normal
CL05A475MP5NUW,General,4.7uF, +/-20%,0402/1005,10Vdc,X5R,0.7mm,Features Normal
CL03A475MQ5D65,General,4.7uF, +/-20%,0201/0603,6.3Vdc,X5R,0.55mm,Features Normal
CL05A475MQ5NQW,General,4.7uF, +/-20%,0402/1005,6.3Vdc,X5R,0.6mm,Features Normal
CL10A475MO8NNN,General,4.7uF, +/-20%,0603/1608,16Vdc,X5R,0.9mm,Features Normal
CL05A475MA5CUN,General,4.7uF, +/-20%,0402/1005,25Vdc,X5R,0.7mm,Features Normal
CL32B475KBUYNW,General,4.7uF, +/-10%,1210/3225,50Vdc,X7R,2mm,Features Normal
CL32B475KOJNNW,General,4.7uF, +/-10%,1210/3225,16Vdc,X7R,2.7mm,Features Normal
CL31A475KB9LNW,General,4.7uF, +/-10%,1206/3216,50Vdc,X5R,1mm,Features Normal
CL31A475KL9LNN,General,4.7uF, +/-10%,1206/3216,35Vdc,X5R,1mm,Features Normal
CL31A475KOCLNW,General,4.7uF, +/-10%,1206/3216,16Vdc,X5R,0.95mm,Features Normal
CL10B475MQ8NQW,General,4.7uF, +/-20%,0603/1608,6.3Vdc,X7R,0.95mm,Features Normal
CL32A475KAULNW,General,4.7uF, +/-10%,1210/3225,25Vdc,X5R,2mm,Features Normal
CL32A475KOULNW,General,4.7uF, +/-10%,1210/3225,16Vdc,X5R,2mm,Features Normal
CL32B475KBJNFN,General,4.7uF, +/-10%,1210/3225,50Vdc,X7R,2.7mm,Features Normal
CL10A475KP8NFN,General,4.7uF, +/-10%,0603/1608,10Vdc,X5R,0.9mm,Features Normal
CL10A475KQ5LNW,General,4.7uF, +/-10%,0603/1608,6.3Vdc,X5R,0.5mm,Features Normal
CL10A475KQ8NFN,General,4.7uF, +/-10%,0603/1608,6.3Vdc,X5R,0.9mm,Features Normal
CL32B475KBUYFN,General,4.7uF, +/-10%,1210/3225,50Vdc,X7R,2mm,Features Normal
CL32B475KBUYNN,General,4.7uF, +/-10%,1210/3225,50Vdc,X7R,2mm,Features Normal
CL31A475KBHNNW,General,4.7uF, +/-10%,1206/3216,50Vdc,X5R,1.8mm,Features Normal
CL31A475KL9LNW,General,4.7uF, +/-10%,1206/3216,35Vdc,X5R,1mm,Features Normal
CL05A475MQ5NRW,General,4.7uF, +/-20%,0402/1005,6.3Vdc,X5R,0.65mm,Features Normal
CL31A475KOCLNN,General,4.7uF, +/-10%,1206/3216,16Vdc,X5R,0.95mm,Features Normal
CL31A475KPHNNW,General,4.7uF, +/-10%,1206/3216,10Vdc,X5R,1.8mm,Features Normal
CL32B475KCIZNW,General,4.7uF, +/-10%,1210/3225,100Vdc,X7R,2.2mm,Features Normal
CL10A475ML7LRN,General,4.7uF, +/-20%,0603/1608,35Vdc,X5R,0.8mm,Features Normal
CL31B475KBHN3W,General,4.7uF, +/-10%,1206/3216,50Vdc,X7R,1.8mm,Features Normal
CL05A475KQ5NRN,General,4.7uF, +/-10%,0402/1005,6.3Vdc,X5R,0.65mm,Features Normal
CL10A475KA8NQN,General,4.7uF, +/-10%,0603/1608,25Vdc,X5R,0.95mm,Features Normal
CL10A475KA8NRW,General,4.7uF, +/-10%,0603/1608,25Vdc,X5R,1mm,Features Normal
CL10A475KO8NNN,General,4.7uF, +/-10%,0603/1608,16Vdc,X5R,0.9mm,Features Normal
CL10A475KQ8N4N,General,4.7uF, +/-10%,0603/1608,6.3Vdc,X5R,0.9mm,Features Normal
CL31B475KBHNFN,General,4.7uF, +/-10%,1206/3216,50Vdc,X7R,1.8mm,Features Normal
CL31B475KBHNNN,General,4.7uF, +/-10%,1206/3216,50Vdc,X7R,1.8mm,Features Normal
CL31A475KQHNNW,General,4.7uF, +/-10%,1206/3216,6.3Vdc,X5R,1.8mm,Features Normal
CL10B475KQ8NFQ,General,4.7uF, +/-10%,0603/1608,6.3Vdc,X7R,0.95mm,Features Normal
CL31B475KPHNNW,General,4.7uF, +/-10%,1206/3216,10Vdc,X7R,1.8mm,Features Normal
CL31B475KBHZNW,General,4.7uF, +/-10%,1206/3216,50Vdc,X7R,1.8mm,Features Normal
CL05A475MA5NUN,General,4.7uF, +/-20%,0402/1005,25Vdc,X5R,0.7mm,Features Normal
CL32B475KBVZNW,General,4.7uF, +/-10%,1210/3225,50Vdc,X7R,2.8mm,Features Normal
CL31A475KOHNNN,General,4.7uF, +/-10%,1206/3216,16Vdc,X5R,1.8mm,Features Normal
CL31A475KACLNN,General,4.7uF, +/-10%,1206/3216,25Vdc,X5R,0.95mm,Features Normal
CL05A475MP5NRN,General,4.7uF, +/-20%,0402/1005,10Vdc,X5R,0.65mm,Features Normal
CL05A475MP5NRW,General,4.7uF, +/-20%,0402/1005,10Vdc,X5R,0.65mm,Features Normal
CL05A475MS5NRW,General,4.7uF, +/-20%,0402/1005,2.5Vdc,X5R,0.65mm,Features Normal
CL05A475MQ5NRN,General,4.7uF, +/-20%,0402/1005,6.3Vdc,X5R,0.65mm,Features Normal
CL10B475MQ8NQN,General,4.7uF, +/-20%,0603/1608,6.3Vdc,X7R,0.95mm,Features Normal
CL31B475KAHNNW,General,4.7uF, +/-10%,1206/3216,25Vdc,X7R,1.8mm,Features Normal
CL32B475KBJNNW,General,4.7uF, +/-10%,1210/3225,50Vdc,X7R,2.7mm,Features Normal
CL31B475KPHNFN,General,4.7uF, +/-10%,1206/3216,10Vdc,X7R,1.8mm,Features Normal
CL05A475KP5IRN,General,4.7uF, +/-10%,0402/1005,10Vdc,X5R,0.65mm,Features Normal
CL32B475KAULNW,General,4.7uF, +/-10%,1210/3225,25Vdc,X7R,2mm,Features Normal
CL31A475KACLNW,General,4.7uF, +/-10%,1206/3216,25Vdc,X5R,0.95mm,Features Normal
CL31A475KAHNNW,General,4.7uF, +/-10%,1206/3216,25Vdc,X5R,1.8mm,Features Normal
CL32B475KBJN3N,General,4.7uF, +/-10%,1210/3225,50Vdc,X7R,2.7mm,Features Normal
CL32B475KBJNNN,General,4.7uF, +/-10%,1210/3225,50Vdc,X7R,2.7mm,Features Normal
CL05A475MQ3LUN,General,4.7uF, +/-20%,0402/1005,6.3Vdc,X5R,0.35mm,Features Normal
CL05A475MR5NQN,General,4.7uF, +/-20%,0402/1005,4Vdc,X5R,0.6mm,Features Normal
CL05A475MO5NUN,General,4.7uF, +/-20%,0402/1005,16Vdc,X5R,0.7mm,Features Normal
CL10A475KA8NQW,General,4.7uF, +/-10%,0603/1608,25Vdc,X5R,0.95mm,Features Normal
CL10A475KO8NQN,General,4.7uF, +/-10%,0603/1608,16Vdc,X5R,0.95mm,Features Normal
CL31B475KBKZNW,General,4.7uF, +/-10%,1206/3216,50Vdc,X7R,1.9mm,Features Normal
CL10A475KP8N4N,General,4.7uF, +/-10%,0603/1608,10Vdc,X5R,0.9mm,Features Normal
CL10A475KQ8NNW,General,4.7uF, +/-10%,0603/1608,6.3Vdc,X5R,0.9mm,Features Normal
CL32B475KBVZNN,General,4.7uF, +/-10%,1210/3225,50Vdc,X7R,2.8mm,Features Normal
CL31A475KB9LNN,General,4.7uF, +/-10%,1206/3216,50Vdc,X5R,1mm,Features Normal
CL32A475KLULNW,General,4.7uF, +/-10%,1210/3225,35Vdc,X5R,2mm,Features Normal
CL10A475MA8NQN,General,4.7uF, +/-20%,0603/1608,25Vdc,X5R,0.95mm,Features Normal
CL10A475MA8NQW,General,4.7uF, +/-20%,0603/1608,25Vdc,X5R,0.95mm,Features Normal
CL10A475MO8NNW,General,4.7uF, +/-20%,0603/1608,16Vdc,X5R,0.9mm,Features Normal
CL31A475MOHNNW,General,4.7uF, +/-20%,1206/3216,16Vdc,X5R,1.8mm,Features Normal
CL10A475MQ8NNW,General,4.7uF, +/-20%,0603/1608,6.3Vdc,X5R,0.9mm,Features Normal
CL05A475MP5IRN,General,4.7uF, +/-20%,0402/1005,10Vdc,X5R,0.65mm,Features Normal
CL05A475MQ3JUD,General,4.7uF, +/-20%,0402/1005,6.3Vdc,X5R,0.33mm,Features Normal
CL10A475MQ8NNN,General,4.7uF, +/-20%,0603/1608,6.3Vdc,X5R,0.9mm,Features Normal
CL10B475KQ8NQN,General,4.7uF, +/-10%,0603/1608,6.3Vdc,X7R,0.95mm,Features Normal
CL10A475KL8NRN,General,4.7uF, +/-10%,0603/1608,35Vdc,X5R,1mm,Features Normal
CL10A475KO8NFN,General,4.7uF, +/-10%,0603/1608,16Vdc,X5R,0.9mm,Features Normal
CL10A475KP8NNW,General,4.7uF, +/-10%,0603/1608,10Vdc,X5R,0.9mm,Features Normal
CL31B475KBHZFN,General,4.7uF, +/-10%,1206/3216,50Vdc,X7R,1.8mm,Features Normal
CL31B475KOHNNN,General,4.7uF, +/-10%,1206/3216,16Vdc,X7R,1.8mm,Features Normal
CL31B475KOHNNW,General,4.7uF, +/-10%,1206/3216,16Vdc,X7R,1.8mm,Features Normal
CL05A425KO5LUN,General,4.2uF, +/-10%,0402/1005,16Vdc,X5R,0.55mm,Features Normal
CL03A395MQ3CRN,General,3.9uF, +/-20%,0201/0603,6.3Vdc,X5R,0.39mm,Features Normal
CL03A375MR3DRN,General,3.7uF, +/-20%,0201/0603,4Vdc,X5R,0.39mm,Features Normal
CL32B335KAULNW,General,3.3uF, +/-10%,1210/3225,25Vdc,X7R,2mm,Features Normal
CL32B335KOIZNW,General,3.3uF, +/-10%,1210/3225,16Vdc,X7R,2.2mm,Features Normal
CL10A335KP8NNN,General,3.3uF, +/-10%,0603/1608,10Vdc,X5R,0.9mm,Features Normal
CL31B335KOHNNN,General,3.3uF, +/-10%,1206/3216,16Vdc,X7R,1.8mm,Features Normal
CL10A335KP8NFN,General,3.3uF, +/-10%,0603/1608,10Vdc,X5R,0.9mm,Features Normal
CL31B335KOHNNW,General,3.3uF, +/-10%,1206/3216,16Vdc,X7R,1.8mm,Features Normal
CL31A335KOCLNW,General,3.3uF, +/-10%,1206/3216,16Vdc,X5R,0.95mm,Features Normal
CL10A335KP8NNW,General,3.3uF, +/-10%,0603/1608,10Vdc,X5R,0.9mm,Features Normal
CL31F335ZOFNNN,General,3.3uF, -20/+80%,1206/3216,16Vdc,Y5V,1.4mm,Features Normal
CL31B335KOHNFN,General,3.3uF, +/-10%,1206/3216,16Vdc,X7R,1.8mm,Features Normal
CL31A335KOHNNN,General,3.3uF, +/-10%,1206/3216,16Vdc,X5R,1.8mm,Features Normal
CL31A335KOHNNW,General,3.3uF, +/-10%,1206/3216,16Vdc,X5R,1.8mm,Features Normal
CL31A335KAHNNW,General,3.3uF, +/-10%,1206/3216,25Vdc,X5R,1.8mm,Features Normal
CL32B335KBIZNW,General,3.3uF, +/-10%,1210/3225,50Vdc,X7R,2.2mm,Features Normal
CL31A335KAHNNN,General,3.3uF, +/-10%,1206/3216,25Vdc,X5R,1.8mm,Features Normal
CL31A335KOCLNN,General,3.3uF, +/-10%,1206/3216,16Vdc,X5R,0.95mm,Features Normal
CL31B335KAHNNW,General,3.3uF, +/-10%,1206/3216,25Vdc,X7R,1.8mm,Features Normal
CL31A335KPHNNW,General,3.3uF, +/-10%,1206/3216,10Vdc,X5R,1.8mm,Features Normal
CL03A305MQ3CRN,General,3uF, +/-20%,0201/0603,6.3Vdc,X5R,0.39mm,Features Normal
CL05A225KA5NUN,General,2.2uF, +/-10%,0402/1005,25Vdc,X5R,0.7mm,Features Normal
CL05A225KA5NUW,General,2.2uF, +/-10%,0402/1005,25Vdc,X5R,0.7mm,Features Normal
CL05A225KP5NNN,General,2.2uF, +/-10%,0402/1005,10Vdc,X5R,0.55mm,Features Normal
CL05A225KP5NNW,General,2.2uF, +/-10%,0402/1005,10Vdc,X5R,0.55mm,Features Normal
CL05A225KP5QUW,General,2.2uF, +/-10%,0402/1005,10Vdc,X5R,0.7mm,Features Normal
CL05A225MQ5ZSN,General,2.2uF, +/-20%,0402/1005,6.3Vdc,X5R,0.57mm,Features Normal
CL10F225ZP8NNN,General,2.2uF, -20/+80%,0603/1608,10Vdc,Y5V,0.9mm,Features Normal
CL31B225MOHNNW,General,2.2uF, +/-20%,1206/3216,16Vdc,X7R,1.8mm,Features Normal
CL32B225KAINNW,General,2.2uF, +/-10%,1210/3225,25Vdc,X7R,2.2mm,Features Normal
CL31A225KAHNNW,General,2.2uF, +/-10%,1206/3216,25Vdc,X5R,1.8mm,Features Normal
CL31A225KB9LNN,General,2.2uF, +/-10%,1206/3216,50Vdc,X5R,1mm,Features Normal
CL03A225MQ3CRW,General,2.2uF, +/-20%,0201/0603,6.3Vdc,X5R,0.39mm,Features Normal
CL05A225KO5IQN,General,2.2uF, +/-10%,0402/1005,16Vdc,X5R,0.6mm,Features Normal
CL05A225KO5NQW,General,2.2uF, +/-10%,0402/1005,16Vdc,X5R,0.6mm,Features Normal
CL05A225MO5NQN,General,2.2uF, +/-20%,0402/1005,16Vdc,X5R,0.6mm,Features Normal
CL05A225MO5NQW,General,2.2uF, +/-20%,0402/1005,16Vdc,X5R,0.6mm,Features Normal
CL10B225KO8NRN,General,2.2uF, +/-10%,0603/1608,16Vdc,X7R,1mm,Features Normal
CL10B225KQ8NNW,General,2.2uF, +/-10%,0603/1608,6.3Vdc,X7R,0.9mm,Features Normal
CL10A225KB8NNN,General,2.2uF, +/-10%,0603/1608,50Vdc,X5R,0.9mm,Features Normal
CL10A225KO5LNW,General,2.2uF, +/-10%,0603/1608,16Vdc,X5R,0.5mm,Features Normal
CL10A225KO8NFN,General,2.2uF, +/-10%,0603/1608,16Vdc,X5R,0.9mm,Features Normal
CL10A225KP5LNN,General,2.2uF, +/-10%,0603/1608,10Vdc,X5R,0.5mm,Features Normal
CL10A225MP8NNW,General,2.2uF, +/-20%,0603/1608,10Vdc,X5R,0.9mm,Features Normal
CL10A225MQ8NNW,General,2.2uF, +/-20%,0603/1608,6.3Vdc,X5R,0.9mm,Features Normal
CL05A225MQ5NNN,General,2.2uF, +/-20%,0402/1005,6.3Vdc,X5R,0.55mm,Features Normal
CL10A225KA8NNN,General,2.2uF, +/-10%,0603/1608,25Vdc,X5R,0.9mm,Features Normal
CL31A225KPHNNW,General,2.2uF, +/-10%,1206/3216,10Vdc,X5R,1.8mm,Features Normal
CL32B225KAINNN,General,2.2uF, +/-10%,1210/3225,25Vdc,X7R,2.2mm,Features Normal
CL32B225KCJSNN,General,2.2uF, +/-10%,1210/3225,100Vdc,X7R,2.7mm,Features Normal
CL32B225KOIZNW,General,2.2uF, +/-10%,1210/3225,16Vdc,X7R,2.2mm,Features Normal
CL31B225KBHNNN,General,2.2uF, +/-10%,1206/3216,50Vdc,X7R,1.8mm,Features Normal
CL31B225KBHSNN,General,2.2uF, +/-10%,1206/3216,50Vdc,X7R,1.8mm,Features Normal
CL10A225KO8NNN,General,2.2uF, +/-10%,0603/1608,16Vdc,X5R,0.9mm,Features Normal
CL10A225KP8NNN,General,2.2uF, +/-10%,0603/1608,10Vdc,X5R,0.9mm,Features Normal
CL31A225KB9LNW,General,2.2uF, +/-10%,1206/3216,50Vdc,X5R,1mm,Features Normal
CL05A225MQ5NSN,General,2.2uF, +/-20%,0402/1005,6.3Vdc,X5R,0.57mm,Features Normal
CL10B225KP8NFN,General,2.2uF, +/-10%,0603/1608,10Vdc,X7R,0.9mm,Features Normal
CL10A225KP5LNW,General,2.2uF, +/-10%,0603/1608,10Vdc,X5R,0.5mm,Features Normal
CL10A225KQ8N3N,General,2.2uF, +/-10%,0603/1608,6.3Vdc,X5R,0.9mm,Features Normal
CL10B225KP8N4N,General,2.2uF, +/-10%,0603/1608,10Vdc,X7R,0.9mm,Features Normal
CL10B225KP8NNW,General,2.2uF, +/-10%,0603/1608,10Vdc,X7R,0.9mm,Features Normal
CL03A225MO5C65,General,2.2uF, +/-20%,0201/0603,16Vdc,X5R,0.55mm,Features Normal
CL03A225MQ3CSN,General,2.2uF, +/-20%,0201/0603,6.3Vdc,X5R,0.35mm,Features Normal
CL03A225MQ3NRN,General,2.2uF, +/-20%,0201/0603,6.3Vdc,X5R,0.39mm,Features Normal
CL05A225ML5NUN,General,2.2uF, +/-20%,0402/1005,35Vdc,X5R,0.7mm,Features Normal
CL05A225MP5NSN,General,2.2uF, +/-20%,0402/1005,10Vdc,X5R,0.57mm,Features Normal
CL10A225KL8NNN,General,2.2uF, +/-10%,0603/1608,35Vdc,X5R,0.9mm,Features Normal
CL10A225KL8NNW,General,2.2uF, +/-10%,0603/1608,35Vdc,X5R,0.9mm,Features Normal
CL31B225KOHNNN,General,2.2uF, +/-10%,1206/3216,16Vdc,X7R,1.8mm,Features Normal
CL10A225KA5LNN,General,2.2uF, +/-10%,0603/1608,25Vdc,X5R,0.5mm,Features Normal
CL10A225KP8NNW,General,2.2uF, +/-10%,0603/1608,10Vdc,X5R,0.9mm,Features Normal
CL10A225KQ5LNW,General,2.2uF, +/-10%,0603/1608,6.3Vdc,X5R,0.5mm,Features Normal
CL03A225KP3CRN,General,2.2uF, +/-10%,0201/0603,10Vdc,X5R,0.39mm,Features Normal
CL05A225MR5NNN,General,2.2uF, +/-20%,0402/1005,4Vdc,X5R,0.55mm,Features Normal
CL32B225KCJSNW,General,2.2uF, +/-10%,1210/3225,100Vdc,X7R,2.7mm,Features Normal
CL03A225MP3CRN,General,2.2uF, +/-20%,0201/0603,10Vdc,X5R,0.39mm,Features Normal
CL05A225MA5JUW,General,2.2uF, +/-20%,0402/1005,25Vdc,X5R,0.55mm,Features Normal
CL05A225MO5IQN,General,2.2uF, +/-20%,0402/1005,16Vdc,X5R,0.6mm,Features Normal
CL31B225KAHNNW,General,2.2uF, +/-10%,1206/3216,25Vdc,X7R,1.8mm,Features Normal
CL10B225KO8NRW,General,2.2uF, +/-10%,0603/1608,16Vdc,X7R,1mm,Features Normal
CL10B225KQ8NFN,General,2.2uF, +/-10%,0603/1608,6.3Vdc,X7R,0.9mm,Features Normal
CL05A225MQ3LRW,General,2.2uF, +/-20%,0402/1005,6.3Vdc,X5R,0.33mm,Features Normal
CL31F225ZAFNNN,General,2.2uF, -20/+80%,1206/3216,25Vdc,Y5V,1.4mm,Features Normal
CL31F225ZOCNNN,General,2.2uF, -20/+80%,1206/3216,16Vdc,Y5V,1mm,Features Normal
CL10F225ZQ8NNN,General,2.2uF, -20/+80%,0603/1608,6.3Vdc,Y5V,0.9mm,Features Normal
CL32A225KAJNNN,General,2.2uF, +/-10%,1210/3225,25Vdc,X5R,2.7mm,Features Normal
CL03A225MP3IRN,General,2.2uF, +/-20%,0201/0603,10Vdc,X5R,0.39mm,Features Normal
CL03A225MQ3IRW,General,2.2uF, +/-20%,0201/0603,6.3Vdc,X5R,0.39mm,Features Normal
CL31B225KAHNNN,General,2.2uF, +/-10%,1206/3216,25Vdc,X7R,1.8mm,Features Normal
CL32B225KCJZNW,General,2.2uF, +/-10%,1210/3225,100Vdc,X7R,2.7mm,Features Normal
CL31B225KBHNNW,General,2.2uF, +/-10%,1206/3216,50Vdc,X7R,1.8mm,Features Normal
CL10A225KO8NNW,General,2.2uF, +/-10%,0603/1608,16Vdc,X5R,0.9mm,Features Normal
CL32B225KBJNNN,General,2.2uF, +/-10%,1210/3225,50Vdc,X7R,2.7mm,Features Normal
CL10B225KP8N3W,General,2.2uF, +/-10%,0603/1608,10Vdc,X7R,0.9mm,Features Normal
CL10A225KA8NNW,General,2.2uF, +/-10%,0603/1608,25Vdc,X5R,0.9mm,Features Normal
CL31A225KC9LNN,General,2.2uF, +/-10%,1206/3216,100Vdc,X5R,1mm,Features Normal
CL05A225KQ5NNN,General,2.2uF, +/-10%,0402/1005,6.3Vdc,X5R,0.55mm,Features Normal
CL05A225MA5JUN,General,2.2uF, +/-20%,0402/1005,25Vdc,X5R,0.55mm,Features Normal
CL31B225KOHNFN,General,2.2uF, +/-10%,1206/3216,16Vdc,X7R,1.8mm,Features Normal
CL10B225KQ8N3W,General,2.2uF, +/-10%,0603/1608,6.3Vdc,X7R,0.9mm,Features Normal
CL10B225KQ8NNN,General,2.2uF, +/-10%,0603/1608,6.3Vdc,X7R,0.9mm,Features Normal
CL05A225MP5NSW,General,2.2uF, +/-20%,0402/1005,10Vdc,X5R,0.57mm,Features Normal
CL05A225KP5NSW,General,2.2uF, +/-10%,0402/1005,10Vdc,X5R,0.57mm,Features Normal
CL31B225KBHNFN,General,2.2uF, +/-10%,1206/3216,50Vdc,X7R,1.8mm,Features Normal
CL03A225MP3ZRN,General,2.2uF, +/-20%,0201/0603,10Vdc,X5R,0.39mm,Features Normal
CL03A225MQ3CRN,General,2.2uF, +/-20%,0201/0603,6.3Vdc,X5R,0.39mm,Features Normal
CL31B225KAHNFN,General,2.2uF, +/-10%,1206/3216,25Vdc,X7R,1.8mm,Features Normal
CL03A225MQ3CR6,General,2.2uF, +/-20%,0201/0603,6.3Vdc,X5R,0.39mm,Features Normal
CL32B225KBJNNW,General,2.2uF, +/-10%,1210/3225,50Vdc,X7R,2.7mm,Features Normal
CL31B225KOHNNW,General,2.2uF, +/-10%,1206/3216,16Vdc,X7R,1.8mm,Features Normal
CL31B225KCHS3W,General,2.2uF, +/-10%,1206/3216,100Vdc,X7R,1.8mm,Features Normal
CL31B225KCHSNN,General,2.2uF, +/-10%,1206/3216,100Vdc,X7R,1.8mm,Features Normal
CL05A225MQ5NSW,General,2.2uF, +/-20%,0402/1005,6.3Vdc,X5R,0.57mm,Features Normal
CL05A225MQ5ZSW,General,2.2uF, +/-20%,0402/1005,6.3Vdc,X5R,0.57mm,Features Normal
CL03A225MP3NRN,General,2.2uF, +/-20%,0201/0603,10Vdc,X5R,0.39mm,Features Normal
CL05A225KP5NSN,General,2.2uF, +/-10%,0402/1005,10Vdc,X5R,0.57mm,Features Normal
CL05A225KQ5NNW,General,2.2uF, +/-10%,0402/1005,6.3Vdc,X5R,0.55mm,Features Normal
CL05A225KQ5NSW,General,2.2uF, +/-10%,0402/1005,6.3Vdc,X5R,0.57mm,Features Normal
CL31B225KCHZNW,General,2.2uF, +/-10%,1206/3216,100Vdc,X7R,1.8mm,Features Normal
CL10A225KB86RW,General,2.2uF, +/-10%,0603/1608,50Vdc,X5R,1mm,Features Normal
CL10A225KB8NNW,General,2.2uF, +/-10%,0603/1608,50Vdc,X5R,0.9mm,Features Normal
CL10A225KO5LNN,General,2.2uF, +/-10%,0603/1608,16Vdc,X5R,0.5mm,Features Normal
CL10A225KQ5LNN,General,2.2uF, +/-10%,0603/1608,6.3Vdc,X5R,0.5mm,Features Normal
CL10A225KQ8NNW,General,2.2uF, +/-10%,0603/1608,6.3Vdc,X5R,0.9mm,Features Normal
CL10A225MP8NNN,General,2.2uF, +/-20%,0603/1608,10Vdc,X5R,0.9mm,Features Normal
CL05A225MP5NNN,General,2.2uF, +/-20%,0402/1005,10Vdc,X5R,0.55mm,Features Normal
CL05A225MP5NNW,General,2.2uF, +/-20%,0402/1005,10Vdc,X5R,0.55mm,Features Normal
CL05A225KL5NUN,General,2.2uF, +/-10%,0402/1005,35Vdc,X5R,0.7mm,Features Normal
CL03A225MR3CSN,General,2.2uF, +/-20%,0201/0603,4Vdc,X5R,0.35mm,Features Normal
CL31B225MOHNNN,General,2.2uF, +/-20%,1206/3216,16Vdc,X7R,1.8mm,Features Normal
CL31A225KOHNNN,General,2.2uF, +/-10%,1206/3216,16Vdc,X5R,1.8mm,Features Normal
CL10A225KO8N3N,General,2.2uF, +/-10%,0603/1608,16Vdc,X5R,0.9mm,Features Normal
CL10A225KQ8NNN,General,2.2uF, +/-10%,0603/1608,6.3Vdc,X5R,0.9mm,Features Normal
CL32B225KAULNW,General,2.2uF, +/-10%,1210/3225,25Vdc,X7R,2mm,Features Normal
CL05A225MR5NNW,General,2.2uF, +/-20%,0402/1005,4Vdc,X5R,0.55mm,Features Normal
CL05A225MQ3LRN,General,2.2uF, +/-20%,0402/1005,6.3Vdc,X5R,0.33mm,Features Normal
CL05A225MQ5NNW,General,2.2uF, +/-20%,0402/1005,6.3Vdc,X5R,0.55mm,Features Normal
CL05A225KO5NQN,General,2.2uF, +/-10%,0402/1005,16Vdc,X5R,0.6mm,Features Normal
CL05A225KQ5NSN,General,2.2uF, +/-10%,0402/1005,6.3Vdc,X5R,0.57mm,Features Normal
CL31A225KOHNNW,General,2.2uF, +/-10%,1206/3216,16Vdc,X5R,1.8mm,Features Normal
CL03A225KP3NRN,General,2.2uF, +/-10%,0201/0603,10Vdc,X5R,0.39mm,Features Normal
CL10A225MO8NNN,General,2.2uF, +/-20%,0603/1608,16Vdc,X5R,0.9mm,Features Normal
CL03A225MQ3IRN,General,2.2uF, +/-20%,0201/0603,6.3Vdc,X5R,0.39mm,Features Normal
CL05A225MA5NUN,General,2.2uF, +/-20%,0402/1005,25Vdc,X5R,0.7mm,Features Normal
CL05A225MO5NUN,General,2.2uF, +/-20%,0402/1005,16Vdc,X5R,0.7mm,Features Normal
CL31B225KPHNNW,General,2.2uF, +/-10%,1206/3216,10Vdc,X7R,1.8mm,Features Normal
CL10B225KP8NNN,General,2.2uF, +/-10%,0603/1608,10Vdc,X7R,0.9mm,Features Normal
CL03A195MQ3DRN,General,1.9uF, +/-20%,0201/0603,6.3Vdc,X5R,0.39mm,Features Normal
CL31B155KAHNNW,General,1.5uF, +/-10%,1206/3216,25Vdc,X7R,1.8mm,Features Normal
CL32B155KAULNW,General,1.5uF, +/-10%,1210/3225,25Vdc,X7R,2mm,Features Normal
CL31B155KOFNNN,General,1.5uF, +/-10%,1206/3216,16Vdc,X7R,1.4mm,Features Normal
CL05A155MR5NNW,General,1.5uF, +/-20%,0402/1005,4Vdc,X5R,0.55mm,Features Normal
CL31B155KOHNNW,General,1.5uF, +/-10%,1206/3216,16Vdc,X7R,1.8mm,Features Normal
CL31B155KOFNNW,General,1.5uF, +/-10%,1206/3216,16Vdc,X7R,1.4mm,Features Normal
CL31B125KPCNNW,General,1.2uF, +/-10%,1206/3216,10Vdc,X7R,1mm,Features Normal
CL31B125KPCNNN,General,1.2uF, +/-10%,1206/3216,10Vdc,X7R,1mm,Features Normal
CL10B105KB8ZQW,General,1uF, +/-10%,0603/1608,50Vdc,X7R,0.95mm,Features Normal
CL05A105KQ3LNW,General,1uF, +/-10%,0402/1005,6.3Vdc,X5R,0.33mm,Features Normal
CL05A105MO5NQW,General,1uF, +/-20%,0402/1005,16Vdc,X5R,0.6mm,Features Normal
CL31B105KBHNNN,General,1uF, +/-10%,1206/3216,50Vdc,X7R,1.8mm,Features Normal
CL31B105KBHNNW,General,1uF, +/-10%,1206/3216,50Vdc,X7R,1.8mm,Features Normal
CL31A105KOHNNW,General,1uF, +/-10%,1206/3216,16Vdc,X5R,1.8mm,Features Normal
CL10A105KO8NNW,General,1uF, +/-10%,0603/1608,16Vdc,X5R,0.9mm,Features Normal
CL05A105KP5NNW,General,1uF, +/-10%,0402/1005,10Vdc,X5R,0.55mm,Features Normal
CL10B105KA8NNW,General,1uF, +/-10%,0603/1608,25Vdc,X7R,0.9mm,Features Normal
CL10A105MB8NNW,General,1uF, +/-20%,0603/1608,50Vdc,X5R,0.9mm,Features Normal
CL31F105ZOCNNN,General,1uF, -20/+80%,1206/3216,16Vdc,Y5V,1mm,Features Normal
CL03A105MQ3CRW,General,1uF, +/-20%,0201/0603,6.3Vdc,X5R,0.39mm,Features Normal
CL03A105MR3CSW,General,1uF, +/-20%,0201/0603,4Vdc,X5R,0.35mm,Features Normal
CL10B105KP8NNN,General,1uF, +/-10%,0603/1608,10Vdc,X7R,0.9mm,Features Normal
CL10B105KP8NNW,General,1uF, +/-10%,0603/1608,10Vdc,X7R,0.9mm,Features Normal
CL10A105KA8NNW,General,1uF, +/-10%,0603/1608,25Vdc,X5R,0.9mm,Features Normal
CL31B105KAHNNN,General,1uF, +/-10%,1206/3216,25Vdc,X7R,1.8mm,Features Normal
CL31A105KAHNNW,General,1uF, +/-10%,1206/3216,25Vdc,X5R,1.8mm,Features Normal
CL32B105KAFNNW,General,1uF, +/-10%,1210/3225,25Vdc,X7R,1.45mm,Features Normal
CL10A105KP8NNW,General,1uF, +/-10%,0603/1608,10Vdc,X5R,0.9mm,Features Normal
CL10A105MB8NNN,General,1uF, +/-20%,0603/1608,50Vdc,X5R,0.9mm,Features Normal
CL10A105MO8NNN,General,1uF, +/-20%,0603/1608,16Vdc,X5R,0.9mm,Features Normal
CL31B105KOFNNW,General,1uF, +/-10%,1206/3216,16Vdc,X7R,1.4mm,Features Normal
CL31B105KPKZNW,General,1uF, +/-10%,1206/3216,10Vdc,X7R,1.9mm,Features Normal
CL31B105KAHNFN,General,1uF, +/-10%,1206/3216,25Vdc,X7R,1.8mm,Features Normal
CL05A105MQ5NNW,General,1uF, +/-20%,0402/1005,6.3Vdc,X5R,0.55mm,Features Normal
CL05A105MR5NNW,General,1uF, +/-20%,0402/1005,4Vdc,X5R,0.55mm,Features Normal
CL05B105KQ5QNW,General,1uF, +/-10%,0402/1005,6.3Vdc,X7R,0.55mm,Features Normal
CL32F105ZBFNNN,General,1uF, -20/+80%,1210/3225,50Vdc,Y5V,1.45mm,Features Normal
CL03A105MQ3NSW,General,1uF, +/-20%,0201/0603,6.3Vdc,X5R,0.35mm,Features Normal
CL10B105KO8ZFN,General,1uF, +/-10%,0603/1608,16Vdc,X7R,0.9mm,Features Normal
CL10B105KP8N4N,General,1uF, +/-10%,0603/1608,10Vdc,X7R,0.9mm,Features Normal
CL10B105KP8NFN,General,1uF, +/-10%,0603/1608,10Vdc,X7R,0.9mm,Features Normal
CL31B105MAHNNN,General,1uF, +/-20%,1206/3216,25Vdc,X7R,1.8mm,Features Normal
CL10A105KP8NNN,General,1uF, +/-10%,0603/1608,10Vdc,X5R,0.9mm,Features Normal
CL10A105KQ8NNN,General,1uF, +/-10%,0603/1608,6.3Vdc,X5R,0.9mm,Features Normal
CL10A105KQ8NNW,General,1uF, +/-10%,0603/1608,6.3Vdc,X5R,0.9mm,Features Normal
CL10A105MO8NNW,General,1uF, +/-20%,0603/1608,16Vdc,X5R,0.9mm,Features Normal
CL03A105MO3IRN,General,1uF, +/-20%,0201/0603,16Vdc,X5R,0.39mm,Features Normal
CL03A105MP3NRN,General,1uF, +/-20%,0201/0603,10Vdc,X5R,0.39mm,Features Normal
CL03A105MP3NSN,General,1uF, +/-20%,0201/0603,10Vdc,X5R,0.35mm,Features Normal
CL03A105MQ3ISW,General,1uF, +/-20%,0201/0603,6.3Vdc,X5R,0.35mm,Features Normal
CL05A105KP5NQW,General,1uF, +/-10%,0402/1005,10Vdc,X5R,0.6mm,Features Normal
CL10B105KQ8NNW,General,1uF, +/-10%,0603/1608,6.3Vdc,X7R,0.9mm,Features Normal
CL10A105KL8NNW,General,1uF, +/-10%,0603/1608,35Vdc,X5R,0.9mm,Features Normal
CL10A105KB8NNW,General,1uF, +/-10%,0603/1608,50Vdc,X5R,0.9mm,Features Normal
CL32B105MBHNNN,General,1uF, +/-20%,1210/3225,50Vdc,X7R,1.8mm,Features Normal
CL32B105MBHNNW,General,1uF, +/-20%,1210/3225,50Vdc,X7R,1.8mm,Features Normal
CL31F105ZBFNNN,General,1uF, -20/+80%,1206/3216,50Vdc,Y5V,1.4mm,Features Normal
CL31B105KAPLNW,General,1uF, +/-10%,1206/3216,25Vdc,X7R,1.25mm,Features Normal
CL31B105KAHNNW,General,1uF, +/-10%,1206/3216,25Vdc,X7R,1.8mm,Features Normal
CL10B105KQ8NNN,General,1uF, +/-10%,0603/1608,6.3Vdc,X7R,0.9mm,Features Normal
CL31B105KBHN4N,General,1uF, +/-10%,1206/3216,50Vdc,X7R,1.8mm,Features Normal
CL31B105KBHNFN,General,1uF, +/-10%,1206/3216,50Vdc,X7R,1.8mm,Features Normal
CL31A105KB9LNN,General,1uF, +/-10%,1206/3216,50Vdc,X5R,1mm,Features Normal
CL31B105KCHNNN,General,1uF, +/-10%,1206/3216,100Vdc,X7R,1.8mm,Features Normal
CL31B105KCHSNW,General,1uF, +/-10%,1206/3216,100Vdc,X7R,1.8mm,Features Normal
CL05A105KQ5NNN,General,1uF, +/-10%,0402/1005,6.3Vdc,X5R,0.55mm,Features Normal
CL05A105KA5NQW,General,1uF, +/-10%,0402/1005,25Vdc,X5R,0.6mm,Features Normal
CL03A105MQ3DRN,General,1uF, +/-20%,0201/0603,6.3Vdc,X5R,0.39mm,Features Normal
CL03A105MQ3ISN,General,1uF, +/-20%,0201/0603,6.3Vdc,X5R,0.35mm,Features Normal
CL10B105KO8N4N,General,1uF, +/-10%,0603/1608,16Vdc,X7R,0.9mm,Features Normal
CL10B105KO8NNN,General,1uF, +/-10%,0603/1608,16Vdc,X7R,0.9mm,Features Normal
CL32B105KCJZNW,General,1uF, +/-10%,1210/3225,100Vdc,X7R,2.7mm,Features Normal
CL31B105KCHNNW,General,1uF, +/-10%,1206/3216,100Vdc,X7R,1.8mm,Features Normal
CL31B105KOFNNN,General,1uF, +/-10%,1206/3216,16Vdc,X7R,1.4mm,Features Normal
CL05A105KQ3LNN,General,1uF, +/-10%,0402/1005,6.3Vdc,X5R,0.33mm,Features Normal
CL31B105MAHNNW,General,1uF, +/-20%,1206/3216,25Vdc,X7R,1.8mm,Features Normal
CL31B105MCHNNN,General,1uF, +/-20%,1206/3216,100Vdc,X7R,1.8mm,Features Normal
CL10B105KO8NFN,General,1uF, +/-10%,0603/1608,16Vdc,X7R,0.9mm,Features Normal
CL10B105MO8NNW,General,1uF, +/-20%,0603/1608,16Vdc,X7R,0.9mm,Features Normal
CL05A105KO5NNN,General,1uF, +/-10%,0402/1005,16Vdc,X5R,0.55mm,Features Normal
CL05A105KO5QNW,General,1uF, +/-10%,0402/1005,16Vdc,X5R,0.55mm,Features Normal
CL10A105KA8N4N,General,1uF, +/-10%,0603/1608,25Vdc,X5R,0.9mm,Features Normal
CL10A105KA8NNN,General,1uF, +/-10%,0603/1608,25Vdc,X5R,0.9mm,Features Normal
CL10B105KA8N4N,General,1uF, +/-10%,0603/1608,25Vdc,X7R,0.9mm,Features Normal
CL10A105KO8N4N,General,1uF, +/-10%,0603/1608,16Vdc,X5R,0.9mm,Features Normal
CL03A105KP3NSN,General,1uF, +/-10%,0201/0603,10Vdc,X5R,0.35mm,Features Normal
CL03A105MO3NRW,General,1uF, +/-20%,0201/0603,16Vdc,X5R,0.39mm,Features Normal
CL10A105KB8NNN,General,1uF, +/-10%,0603/1608,50Vdc,X5R,0.9mm,Features Normal
CL10A105KP8N4N,General,1uF, +/-10%,0603/1608,10Vdc,X5R,0.9mm,Features Normal
CL03A105MR3CSN,General,1uF, +/-20%,0201/0603,4Vdc,X5R,0.35mm,Features Normal
CL05A105KO5NNW,General,1uF, +/-10%,0402/1005,16Vdc,X5R,0.55mm,Features Normal
CL05A105KO5NQW,General,1uF, +/-10%,0402/1005,16Vdc,X5R,0.6mm,Features Normal
CL10B105KB8NQN,General,1uF, +/-10%,0603/1608,50Vdc,X7R,0.95mm,Features Normal
CL05A105JQ5NNN,General,1uF, +/-5%,0402/1005,6.3Vdc,X5R,0.55mm,Features Normal
CL05A105KL5NRN,General,1uF, +/-10%,0402/1005,35Vdc,X5R,0.65mm,Features Normal
CL05A105KP5NNN,General,1uF, +/-10%,0402/1005,10Vdc,X5R,0.55mm,Features Normal
CL05B105KQ5NQW,General,1uF, +/-10%,0402/1005,6.3Vdc,X7R,0.6mm,Features Normal
CL05B105KR5QNW,General,1uF, +/-10%,0402/1005,4Vdc,X7R,0.55mm,Features Normal
CL31B105KAPLNN,General,1uF, +/-10%,1206/3216,25Vdc,X7R,1.25mm,Features Normal
CL32B105KBJNNW,General,1uF, +/-10%,1210/3225,50Vdc,X7R,2.7mm,Features Normal
CL32B105KCJSNW,General,1uF, +/-10%,1210/3225,100Vdc,X7R,2.7mm,Features Normal
CL03A105KQ3CSW,General,1uF, +/-10%,0201/0603,6.3Vdc,X5R,0.35mm,Features Normal
CL32B105KAFNNN,General,1uF, +/-10%,1210/3225,25Vdc,X7R,1.45mm,Features Normal
CL05A105MQ5NNN,General,1uF, +/-20%,0402/1005,6.3Vdc,X5R,0.55mm,Features Normal
CL10B105KA8NFN,General,1uF, +/-10%,0603/1608,25Vdc,X7R,0.9mm,Features Normal
CL31B105KBHSNN,General,1uF, +/-10%,1206/3216,50Vdc,X7R,1.8mm,Features Normal
CL32A105MBJNNW,General,1uF, +/-20%,1210/3225,50Vdc,X5R,2.7mm,Features Normal
CL31A105KPHNNW,General,1uF, +/-10%,1206/3216,10Vdc,X5R,1.8mm,Features Normal
CL03A105MQ3NSN,General,1uF, +/-20%,0201/0603,6.3Vdc,X5R,0.35mm,Features Normal
CL05A105KP5NFN,General,1uF, +/-10%,0402/1005,10Vdc,X5R,0.55mm,Features Normal
CL10B105KO8NNW,General,1uF, +/-10%,0603/1608,16Vdc,X7R,0.9mm,Features Normal
CL10B105KO8SFN,General,1uF, +/-10%,0603/1608,16Vdc,X7R,0.9mm,Features Normal
CL05A105KA5NNN,General,1uF, +/-10%,0402/1005,25Vdc,X5R,0.55mm,Features Normal
CL05A105KA5NNW,General,1uF, +/-10%,0402/1005,25Vdc,X5R,0.55mm,Features Normal
CL32B105KBHNNW,General,1uF, +/-10%,1210/3225,50Vdc,X7R,1.8mm,Features Normal
CL05A105JQ5NNW,General,1uF, +/-5%,0402/1005,6.3Vdc,X5R,0.55mm,Features Normal
CL05A105KA5NFQ,General,1uF, +/-10%,0402/1005,25Vdc,X5R,0.6mm,Features Normal
CL05A105KA5NQN,General,1uF, +/-10%,0402/1005,25Vdc,X5R,0.6mm,Features Normal
CL05A105KL5NRW,General,1uF, +/-10%,0402/1005,35Vdc,X5R,0.65mm,Features Normal
CL05A105KO5NFN,General,1uF, +/-10%,0402/1005,16Vdc,X5R,0.55mm,Features Normal
CL05F105ZQ5NNN,General,1uF, -20/+80%,0402/1005,6.3Vdc,Y5V,0.55mm,Features Normal
CL32B105KBHNNN,General,1uF, +/-10%,1210/3225,50Vdc,X7R,1.8mm,Features Normal
CL31B105KCHSNN,General,1uF, +/-10%,1206/3216,100Vdc,X7R,1.8mm,Features Normal
CL31B105KOFNFN,General,1uF, +/-10%,1206/3216,16Vdc,X7R,1.4mm,Features Normal
CL31F105ZACNNN,General,1uF, -20/+80%,1206/3216,25Vdc,Y5V,1mm,Features Normal
CL10A105KO8NNN,General,1uF, +/-10%,0603/1608,16Vdc,X5R,0.9mm,Features Normal
CL03A105MQ3CSW,General,1uF, +/-20%,0201/0603,6.3Vdc,X5R,0.35mm,Features Normal
CL10A105KA8NFN,General,1uF, +/-10%,0603/1608,25Vdc,X5R,0.9mm,Features Normal
CL10B105KA8ZFN,General,1uF, +/-10%,0603/1608,25Vdc,X7R,0.9mm,Features Normal
CL05A105KQ5NNW,General,1uF, +/-10%,0402/1005,6.3Vdc,X5R,0.55mm,Features Normal
CL05A105KA5CQN,General,1uF, +/-10%,0402/1005,25Vdc,X5R,0.6mm,Features Normal
CL31B105MOFNNN,General,1uF, +/-20%,1206/3216,16Vdc,X7R,1.4mm,Features Normal
CL31B105MOFNNW,General,1uF, +/-20%,1206/3216,16Vdc,X7R,1.4mm,Features Normal
CL03A105MQ3CSN,General,1uF, +/-20%,0201/0603,6.3Vdc,X5R,0.35mm,Features Normal
CL31B105JAHNNN,General,1uF, +/-5%,1206/3216,25Vdc,X7R,1.8mm,Features Normal
CL31B105JAHNNW,General,1uF, +/-5%,1206/3216,25Vdc,X7R,1.8mm,Features Normal
CL31A105KB9LNW,General,1uF, +/-10%,1206/3216,50Vdc,X5R,1mm,Features Normal
CL31B105KCHNFN,General,1uF, +/-10%,1206/3216,100Vdc,X7R,1.8mm,Features Normal
CL32B105KCJNNW,General,1uF, +/-10%,1210/3225,100Vdc,X7R,2.7mm,Features Normal
CL32B105KCJSNN,General,1uF, +/-10%,1210/3225,100Vdc,X7R,2.7mm,Features Normal
CL10B105KA8NNN,General,1uF, +/-10%,0603/1608,25Vdc,X7R,0.9mm,Features Normal
CL32B105KCJNNN,General,1uF, +/-10%,1210/3225,100Vdc,X7R,2.7mm,Features Normal
CL05B105KQ5NQN,General,1uF, +/-10%,0402/1005,6.3Vdc,X7R,0.6mm,Features Normal
CL03A105KQ3CSN,General,1uF, +/-10%,0201/0603,6.3Vdc,X5R,0.35mm,Features Normal
CL03A105MO3NRN,General,1uF, +/-20%,0201/0603,16Vdc,X5R,0.39mm,Features Normal
CL03A105MP3ISN,General,1uF, +/-20%,0201/0603,10Vdc,X5R,0.35mm,Features Normal
CL10A105KL8NNN,General,1uF, +/-10%,0603/1608,35Vdc,X5R,0.9mm,Features Normal
CL10B684KO8NNW,General,680nF, +/-10%,0603/1608,16Vdc,X7R,0.9mm,Features Normal
CL31A684KOHNNW,General,680nF, +/-10%,1206/3216,16Vdc,X5R,1.8mm,Features Normal
CL31B684KAHNNN,General,680nF, +/-10%,1206/3216,25Vdc,X7R,1.8mm,Features Normal
CL31B684KAHNNW,General,680nF, +/-10%,1206/3216,25Vdc,X7R,1.8mm,Features Normal
CL10A684KA8NNW,General,680nF, +/-10%,0603/1608,25Vdc,X5R,0.9mm,Features Normal
CL10B684KQ8NNN,General,680nF, +/-10%,0603/1608,6.3Vdc,X7R,0.9mm,Features Normal
CL31B684KOHNNW,General,680nF, +/-10%,1206/3216,16Vdc,X7R,1.8mm,Features Normal
CL10B684KO8NFN,General,680nF, +/-10%,0603/1608,16Vdc,X7R,0.9mm,Features Normal
CL10A684KP8NNW,General,680nF, +/-10%,0603/1608,10Vdc,X5R,0.9mm,Features Normal
CL31B684KBHNNW,General,680nF, +/-10%,1206/3216,50Vdc,X7R,1.8mm,Features Normal
CL31B684KOCNNN,General,680nF, +/-10%,1206/3216,16Vdc,X7R,1mm,Features Normal
CL10A684KO8NNW,General,680nF, +/-10%,0603/1608,16Vdc,X5R,0.9mm,Features Normal
CL32B684KBIZNW,General,680nF, +/-10%,1210/3225,50Vdc,X7R,2.2mm,Features Normal
CL05A684KQ5NNW,General,680nF, +/-10%,0402/1005,6.3Vdc,X5R,0.55mm,Features Normal
CL10A684KQ8NNW,General,680nF, +/-10%,0603/1608,6.3Vdc,X5R,0.9mm,Features Normal
CL31B684KOCNNW,General,680nF, +/-10%,1206/3216,16Vdc,X7R,1mm,Features Normal
CL05A684KP5NNW,General,680nF, +/-10%,0402/1005,10Vdc,X5R,0.55mm,Features Normal
CL10B684KP8NNW,General,680nF, +/-10%,0603/1608,10Vdc,X7R,0.9mm,Features Normal
CL05A684MR5NNW,General,680nF, +/-20%,0402/1005,4Vdc,X5R,0.55mm,Features Normal
CL10B684KQ8NNW,General,680nF, +/-10%,0603/1608,6.3Vdc,X7R,0.9mm,Features Normal
CL10B474KP8NNN,General,470nF, +/-10%,0603/1608,10Vdc,X7R,0.9mm,Features Normal
CL10A474KO8NNN,General,470nF, +/-10%,0603/1608,16Vdc,X5R,0.9mm,Features Normal
CL31B474KAHNNW,General,470nF, +/-10%,1206/3216,25Vdc,X7R,1.8mm,Features Normal
CL31B474KOCNNW,General,470nF, +/-10%,1206/3216,16Vdc,X7R,1mm,Features Normal
CL03A474KQ3NNW,General,470nF, +/-10%,0201/0603,6.3Vdc,X5R,0.33mm,Features Normal
CL03A474KQ3ZNN,General,470nF, +/-10%,0201/0603,6.3Vdc,X5R,0.33mm,Features Normal
CL03A474MQ3NNN,General,470nF, +/-20%,0201/0603,6.3Vdc,X5R,0.33mm,Features Normal
CL03A474MQ3NNW,General,470nF, +/-20%,0201/0603,6.3Vdc,X5R,0.33mm,Features Normal
CL31B474KBHNNN,General,470nF, +/-10%,1206/3216,50Vdc,X7R,1.8mm,Features Normal
CL10B474KP8NNW,General,470nF, +/-10%,0603/1608,10Vdc,X7R,0.9mm,Features Normal
CL10A474KA8NNN,General,470nF, +/-10%,0603/1608,25Vdc,X5R,0.9mm,Features Normal
CL05A474KQ5NNW,General,470nF, +/-10%,0402/1005,6.3Vdc,X5R,0.55mm,Features Normal
CL05A474KO5NNN,General,470nF, +/-10%,0402/1005,16Vdc,X5R,0.55mm,Features Normal
CL10A474KO8NNW,General,470nF, +/-10%,0603/1608,16Vdc,X5R,0.9mm,Features Normal
CL05B474KP5NNW,General,470nF, +/-10%,0402/1005,10Vdc,X7R,0.55mm,Features Normal
CL05B474KP5ZNW,General,470nF, +/-10%,0402/1005,10Vdc,X7R,0.55mm,Features Normal
CL32B474KBFNNW,General,470nF, +/-10%,1210/3225,50Vdc,X7R,1.45mm,Features Normal
CL05A474KP5NNW,General,470nF, +/-10%,0402/1005,10Vdc,X5R,0.55mm,Features Normal
CL03A474KP3NNN,General,470nF, +/-10%,0201/0603,10Vdc,X5R,0.33mm,Features Normal
CL32B474KBFNNN,General,470nF, +/-10%,1210/3225,50Vdc,X7R,1.45mm,Features Normal
CL10B474KB8ZNW,General,470nF, +/-10%,0603/1608,50Vdc,X7R,0.9mm,Features Normal
CL31B474KOCNNN,General,470nF, +/-10%,1206/3216,16Vdc,X7R,1mm,Features Normal
CL31B474MBHNNN,General,470nF, +/-20%,1206/3216,50Vdc,X7R,1.8mm,Features Normal
CL03A474KQ3NNN,General,470nF, +/-10%,0201/0603,6.3Vdc,X5R,0.33mm,Features Normal
CL05B474MP5ZNW,General,470nF, +/-20%,0402/1005,10Vdc,X7R,0.55mm,Features Normal
CL10A474KA8NNW,General,470nF, +/-10%,0603/1608,25Vdc,X5R,0.9mm,Features Normal
CL31B474KBHNNW,General,470nF, +/-10%,1206/3216,50Vdc,X7R,1.8mm,Features Normal
CL05A474KP5NNN,General,470nF, +/-10%,0402/1005,10Vdc,X5R,0.55mm,Features Normal
CL31B474KCHSNW,General,470nF, +/-10%,1206/3216,100Vdc,X7R,1.8mm,Features Normal
CL05A474KA5NNN,General,470nF, +/-10%,0402/1005,25Vdc,X5R,0.55mm,Features Normal
CL10F474ZA8NNN,General,470nF, -20/+80%,0603/1608,25Vdc,Y5V,0.9mm,Features Normal
CL10B474KQ8NNN,General,470nF, +/-10%,0603/1608,6.3Vdc,X7R,0.9mm,Features Normal
CL05B474KP5NNN,General,470nF, +/-10%,0402/1005,10Vdc,X7R,0.55mm,Features Normal
CL31B474MBHNNW,General,470nF, +/-20%,1206/3216,50Vdc,X7R,1.8mm,Features Normal
CL05F474ZP5NNN,General,470nF, -20/+80%,0402/1005,10Vdc,Y5V,0.55mm,Features Normal
CL10B474KA8NNW,General,470nF, +/-10%,0603/1608,25Vdc,X7R,0.9mm,Features Normal
CL10B474KO8SNN,General,470nF, +/-10%,0603/1608,16Vdc,X7R,0.9mm,Features Normal
CL10B474KO8NNW,General,470nF, +/-10%,0603/1608,16Vdc,X7R,0.9mm,Features Normal
CL10A474KP8NNW,General,470nF, +/-10%,0603/1608,10Vdc,X5R,0.9mm,Features Normal
CL05B474KQ5NNN,General,470nF, +/-10%,0402/1005,6.3Vdc,X7R,0.55mm,Features Normal
CL05B474KQ5ZNW,General,470nF, +/-10%,0402/1005,6.3Vdc,X7R,0.55mm,Features Normal
CL10B474KO8NNN,General,470nF, +/-10%,0603/1608,16Vdc,X7R,0.9mm,Features Normal
CL10A474KQ8NNW,General,470nF, +/-10%,0603/1608,6.3Vdc,X5R,0.9mm,Features Normal
CL05A474KA5NNW,General,470nF, +/-10%,0402/1005,25Vdc,X5R,0.55mm,Features Normal
CL10B474KQ8NNW,General,470nF, +/-10%,0603/1608,6.3Vdc,X7R,0.9mm,Features Normal
CL31B474KBHNFN,General,470nF, +/-10%,1206/3216,50Vdc,X7R,1.8mm,Features Normal
CL10A474KB8NNN,General,470nF, +/-10%,0603/1608,50Vdc,X5R,0.9mm,Features Normal
CL10A474KB8NNW,General,470nF, +/-10%,0603/1608,50Vdc,X5R,0.9mm,Features Normal
CL31B474KOHNNW,General,470nF, +/-10%,1206/3216,16Vdc,X7R,1.8mm,Features Normal
CL32B474KBIZNW,General,470nF, +/-10%,1210/3225,50Vdc,X7R,2.2mm,Features Normal
CL31F474ZBCNNN,General,470nF, -20/+80%,1206/3216,50Vdc,Y5V,1mm,Features Normal
CL05A474KQ5NNN,General,470nF, +/-10%,0402/1005,6.3Vdc,X5R,0.55mm,Features Normal
CL05A474KO5NNW,General,470nF, +/-10%,0402/1005,16Vdc,X5R,0.55mm,Features Normal
CL10B474KA8NFN,General,470nF, +/-10%,0603/1608,25Vdc,X7R,0.9mm,Features Normal
CL10B474KL8ZNW,General,470nF, +/-10%,0603/1608,35Vdc,X7R,0.9mm,Features Normal
CL10B474KO8NFN,General,470nF, +/-10%,0603/1608,16Vdc,X7R,0.9mm,Features Normal
CL10B474KA8NNN,General,470nF, +/-10%,0603/1608,25Vdc,X7R,0.9mm,Features Normal
CL10B474KA8SNN,General,470nF, +/-10%,0603/1608,25Vdc,X7R,0.9mm,Features Normal
CL10F334ZO8NNN,General,330nF, -20/+80%,0603/1608,16Vdc,Y5V,0.9mm,Features Normal
CL05A334KM5NQN,General,330nF, +/-10%,0402/1005,63Vdc,X5R,0.6mm,Features Normal
CL03A334KL3NRN,General,330nF, +/-10%,0201/0603,35Vdc,X5R,0.39mm,Features Normal
CL10B334KO8NNW,General,330nF, +/-10%,0603/1608,16Vdc,X7R,0.9mm,Features Normal
CL05A334MQ5NNN,General,330nF, +/-20%,0402/1005,6.3Vdc,X5R,0.55mm,Features Normal
CL05A334KA5NNN,General,330nF, +/-10%,0402/1005,25Vdc,X5R,0.55mm,Features Normal
CL05A334KB5NQN,General,330nF, +/-10%,0402/1005,50Vdc,X5R,0.6mm,Features Normal
CL05A334KL5NQN,General,330nF, +/-10%,0402/1005,35Vdc,X5R,0.6mm,Features Normal
CL05A334KQ5NNW,General,330nF, +/-10%,0402/1005,6.3Vdc,X5R,0.55mm,Features Normal
CL31B334KACNNN,General,330nF, +/-10%,1206/3216,25Vdc,X7R,1mm,Features Normal
CL31B334KACNNW,General,330nF, +/-10%,1206/3216,25Vdc,X7R,1mm,Features Normal
CL31B334KBFNNN,General,330nF, +/-10%,1206/3216,50Vdc,X7R,1.4mm,Features Normal
CL10A334KQ8NNW,General,330nF, +/-10%,0603/1608,6.3Vdc,X5R,0.9mm,Features Normal
CL10F334ZA8NNN,General,330nF, -20/+80%,0603/1608,25Vdc,Y5V,0.9mm,Features Normal
CL05A334KA5NNW,General,330nF, +/-10%,0402/1005,25Vdc,X5R,0.55mm,Features Normal
CL03A334KP3ZRN,General,330nF, +/-10%,0201/0603,10Vdc,X5R,0.39mm,Features Normal
CL31B334KBFNFN,General,330nF, +/-10%,1206/3216,50Vdc,X7R,1.4mm,Features Normal
CL10B334KO8NFN,General,330nF, +/-10%,0603/1608,16Vdc,X7R,0.9mm,Features Normal
CL10B334KO8NNN,General,330nF, +/-10%,0603/1608,16Vdc,X7R,0.9mm,Features Normal
CL31F334ZBCNNN,General,330nF, -20/+80%,1206/3216,50Vdc,Y5V,1mm,Features Normal
CL03A334KA3NRN,General,330nF, +/-10%,0201/0603,25Vdc,X5R,0.39mm,Features Normal
CL03A334KA3ZRN,General,330nF, +/-10%,0201/0603,25Vdc,X5R,0.39mm,Features Normal
CL31B334KOCNNW,General,330nF, +/-10%,1206/3216,16Vdc,X7R,1mm,Features Normal
CL05A334MQ5NNW,General,330nF, +/-20%,0402/1005,6.3Vdc,X5R,0.55mm,Features Normal
CL10A334KP8NNW,General,330nF, +/-10%,0603/1608,10Vdc,X5R,0.9mm,Features Normal
CL10B334KB8ZNW,General,330nF, +/-10%,0603/1608,50Vdc,X7R,0.9mm,Features Normal
CL10B334KP8NNN,General,330nF, +/-10%,0603/1608,10Vdc,X7R,0.9mm,Features Normal
CL10B334KP8NNW,General,330nF, +/-10%,0603/1608,10Vdc,X7R,0.9mm,Features Normal
CL05A334KP5NNW,General,330nF, +/-10%,0402/1005,10Vdc,X5R,0.55mm,Features Normal
CL05A334KQ5NNN,General,330nF, +/-10%,0402/1005,6.3Vdc,X5R,0.55mm,Features Normal
CL31B334KBFNNW,General,330nF, +/-10%,1206/3216,50Vdc,X7R,1.4mm,Features Normal
CL05F334ZP5NNN,General,330nF, -20/+80%,0402/1005,10Vdc,Y5V,0.55mm,Features Normal
CL31B334KOCNNN,General,330nF, +/-10%,1206/3216,16Vdc,X7R,1mm,Features Normal
CL31B334KOHNNW,General,330nF, +/-10%,1206/3216,16Vdc,X7R,1.8mm,Features Normal
CL31B334JBFNNN,General,330nF, +/-5%,1206/3216,50Vdc,X7R,1.4mm,Features Normal
CL31B334JBFNNW,General,330nF, +/-5%,1206/3216,50Vdc,X7R,1.4mm,Features Normal
CL31B334KAHNNW,General,330nF, +/-10%,1206/3216,25Vdc,X7R,1.8mm,Features Normal
CL31B274KBFNNW,General,270nF, +/-10%,1206/3216,50Vdc,X7R,1.4mm,Features Normal
CL31B274KBFNNN,General,270nF, +/-10%,1206/3216,50Vdc,X7R,1.4mm,Features Normal
CL31B224KACNFN,General,220nF, +/-10%,1206/3216,25Vdc,X7R,1mm,Features Normal
CL10B224KO8NNN,General,220nF, +/-10%,0603/1608,16Vdc,X7R,0.9mm,Features Normal
CL05A224KA5NNN,General,220nF, +/-10%,0402/1005,25Vdc,X5R,0.55mm,Features Normal
CL10B224JO8NNW,General,220nF, +/-5%,0603/1608,16Vdc,X7R,0.9mm,Features Normal
CL10B224JP8NNW,General,220nF, +/-5%,0603/1608,10Vdc,X7R,0.9mm,Features Normal
CL05A224KL5NNN,General,220nF, +/-10%,0402/1005,35Vdc,X5R,0.55mm,Features Normal
CL05A224KO5NNW,General,220nF, +/-10%,0402/1005,16Vdc,X5R,0.55mm,Features Normal
CL05A224KQ5NNN,General,220nF, +/-10%,0402/1005,6.3Vdc,X5R,0.55mm,Features Normal
CL10A224KP8NNN,General,220nF, +/-10%,0603/1608,10Vdc,X5R,0.9mm,Features Normal
CL03A224MQ3NNN,General,220nF, +/-20%,0201/0603,6.3Vdc,X5R,0.33mm,Features Normal
CL05A224KO5NNN,General,220nF, +/-10%,0402/1005,16Vdc,X5R,0.55mm,Features Normal
CL10B224KP8NFN,General,220nF, +/-10%,0603/1608,10Vdc,X7R,0.9mm,Features Normal
CL05A224KA5NNW,General,220nF, +/-10%,0402/1005,25Vdc,X5R,0.55mm,Features Normal
CL05A224KB5NNN,General,220nF, +/-10%,0402/1005,50Vdc,X5R,0.55mm,Features Normal
CL05B224KP5NNN,General,220nF, +/-10%,0402/1005,10Vdc,X7R,0.55mm,Features Normal
CL31B224KBFNNN,General,220nF, +/-10%,1206/3216,50Vdc,X7R,1.4mm,Features Normal
CL31B224MBFNNN,General,220nF, +/-20%,1206/3216,50Vdc,X7R,1.4mm,Features Normal
CL31B224MBFNNW,General,220nF, +/-20%,1206/3216,50Vdc,X7R,1.4mm,Features Normal
CL10B224KA8SFN,General,220nF, +/-10%,0603/1608,25Vdc,X7R,0.9mm,Features Normal
CL10B224KB8NNW,General,220nF, +/-10%,0603/1608,50Vdc,X7R,0.9mm,Features Normal
CL03A224KQ3NNN,General,220nF, +/-10%,0201/0603,6.3Vdc,X5R,0.33mm,Features Normal
CL03A224KQ3NNW,General,220nF, +/-10%,0201/0603,6.3Vdc,X5R,0.33mm,Features Normal
CL05A224KP5NNN,General,220nF, +/-10%,0402/1005,10Vdc,X5R,0.55mm,Features Normal
CL05A224KP5NNW,General,220nF, +/-10%,0402/1005,10Vdc,X5R,0.55mm,Features Normal
CL05B224KO5NNW,General,220nF, +/-10%,0402/1005,16Vdc,X7R,0.55mm,Features Normal
CL32B224KBFNNW,General,220nF, +/-10%,1210/3225,50Vdc,X7R,1.45mm,Features Normal
CL43B224KGU6NW,General,220nF, +/-10%,1812/4532,500Vdc,X7R,2mm,Features Normal
CL05A224MQLHEC,General,220nF, +/-20%,0402/1005,6.3Vdc,X5R,0.11mm,Features Normal
CL10B224JO8NNN,General,220nF, +/-5%,0603/1608,16Vdc,X7R,0.9mm,Features Normal
CL10B224KA8NNN,General,220nF, +/-10%,0603/1608,25Vdc,X7R,0.9mm,Features Normal
CL03A224MQ3N3W,General,220nF, +/-20%,0201/0603,6.3Vdc,X5R,0.33mm,Features Normal
CL10B224KA8NNW,General,220nF, +/-10%,0603/1608,25Vdc,X7R,0.9mm,Features Normal
CL10A224KA8NNW,General,220nF, +/-10%,0603/1608,25Vdc,X5R,0.9mm,Features Normal
CL10A224KB8NNN,General,220nF, +/-10%,0603/1608,50Vdc,X5R,0.9mm,Features Normal
CL10A224KB8NNW,General,220nF, +/-10%,0603/1608,50Vdc,X5R,0.9mm,Features Normal
CL10A224KO8NNW,General,220nF, +/-10%,0603/1608,16Vdc,X5R,0.9mm,Features Normal
CL31B224KACNNW,General,220nF, +/-10%,1206/3216,25Vdc,X7R,1mm,Features Normal
CL31B224KBFNFN,General,220nF, +/-10%,1206/3216,50Vdc,X7R,1.4mm,Features Normal
CL10B224JO8SFN,General,220nF, +/-5%,0603/1608,16Vdc,X7R,0.9mm,Features Normal
CL10B224KB8NNN,General,220nF, +/-10%,0603/1608,50Vdc,X7R,0.9mm,Features Normal
CL10B224KB8ZNN,General,220nF, +/-10%,0603/1608,50Vdc,X7R,0.9mm,Features Normal
CL03A224KQ3N3W,General,220nF, +/-10%,0201/0603,6.3Vdc,X5R,0.33mm,Features Normal
CL05B224KA5NNN,General,220nF, +/-10%,0402/1005,25Vdc,X7R,0.55mm,Features Normal
CL03A224KP3NNW,General,220nF, +/-10%,0201/0603,10Vdc,X5R,0.33mm,Features Normal
CL05B224KP5NNW,General,220nF, +/-10%,0402/1005,10Vdc,X7R,0.55mm,Features Normal
CL05A224KQ5NNW,General,220nF, +/-10%,0402/1005,6.3Vdc,X5R,0.55mm,Features Normal
CL05A224MP5NNW,General,220nF, +/-20%,0402/1005,10Vdc,X5R,0.55mm,Features Normal
CL10B224KB8NFN,General,220nF, +/-10%,0603/1608,50Vdc,X7R,0.9mm,Features Normal
CL10A224KP8NNW,General,220nF, +/-10%,0603/1608,10Vdc,X5R,0.9mm,Features Normal
CL10B224KO8NNW,General,220nF, +/-10%,0603/1608,16Vdc,X7R,0.9mm,Features Normal
CL10B224KO8SFN,General,220nF, +/-10%,0603/1608,16Vdc,X7R,0.9mm,Features Normal
CL10B224KO8NFN,General,220nF, +/-10%,0603/1608,16Vdc,X7R,0.9mm,Features Normal
CL32B224KBIZNW,General,220nF, +/-10%,1210/3225,50Vdc,X7R,2.2mm,Features Normal
CL05B224KO5NNN,General,220nF, +/-10%,0402/1005,16Vdc,X7R,0.55mm,Features Normal
CL05A224KM5NNN,General,220nF, +/-10%,0402/1005,63Vdc,X5R,0.55mm,Features Normal
CL10B224KB8SFN,General,220nF, +/-10%,0603/1608,50Vdc,X7R,0.9mm,Features Normal
CL03A224KA3NRN,General,220nF, +/-10%,0201/0603,25Vdc,X5R,0.39mm,Features Normal
CL03A224MQ3NNW,General,220nF, +/-20%,0201/0603,6.3Vdc,X5R,0.33mm,Features Normal
CL10B224KP8NNW,General,220nF, +/-10%,0603/1608,10Vdc,X7R,0.9mm,Features Normal
CL10B224KQ8NNW,General,220nF, +/-10%,0603/1608,6.3Vdc,X7R,0.9mm,Features Normal
CL31F224ZBCNNN,General,220nF, -20/+80%,1206/3216,50Vdc,Y5V,1mm,Features Normal
CL10B224JP8NNN,General,220nF, +/-5%,0603/1608,10Vdc,X7R,0.9mm,Features Normal
CL10B224KA8NFN,General,220nF, +/-10%,0603/1608,25Vdc,X7R,0.9mm,Features Normal
CL05B224KQ5NNW,General,220nF, +/-10%,0402/1005,6.3Vdc,X7R,0.55mm,Features Normal
CL03A224KQ3NRW,General,220nF, +/-10%,0201/0603,6.3Vdc,X5R,0.39mm,Features Normal
CL03A224KR3NRW,General,220nF, +/-10%,0201/0603,4Vdc,X5R,0.39mm,Features Normal
CL05B224KO5NFN,General,220nF, +/-10%,0402/1005,16Vdc,X7R,0.55mm,Features Normal
CL31B224KBFNNW,General,220nF, +/-10%,1206/3216,50Vdc,X7R,1.4mm,Features Normal
CL31B224KACNNN,General,220nF, +/-10%,1206/3216,25Vdc,X7R,1mm,Features Normal
CL31B224KOFNNW,General,220nF, +/-10%,1206/3216,16Vdc,X7R,1.4mm,Features Normal
CL32B224KCHNNW,General,220nF, +/-10%,1210/3225,100Vdc,X7R,1.8mm,Features Normal
CL03A224KA3ZRN,General,220nF, +/-10%,0201/0603,25Vdc,X5R,0.39mm,Features Normal
CL03A224KL3NRN,General,220nF, +/-10%,0201/0603,35Vdc,X5R,0.39mm,Features Normal
CL03A224KP3NNN,General,220nF, +/-10%,0201/0603,10Vdc,X5R,0.33mm,Features Normal
CL05B224KA5NNW,General,220nF, +/-10%,0402/1005,25Vdc,X7R,0.55mm,Features Normal
CL05A224MP5NNN,General,220nF, +/-20%,0402/1005,10Vdc,X5R,0.55mm,Features Normal
CL31B224KAFNNW,General,220nF, +/-10%,1206/3216,25Vdc,X7R,1.4mm,Features Normal
CL31B154KBCNNN,General,150nF, +/-10%,1206/3216,50Vdc,X7R,1mm,Features Normal
CL32B154KBFNNW,General,150nF, +/-10%,1210/3225,50Vdc,X7R,1.45mm,Features Normal
CL10B154KA8NFN,General,150nF, +/-10%,0603/1608,25Vdc,X7R,0.9mm,Features Normal
CL10A154KP8NNW,General,150nF, +/-10%,0603/1608,10Vdc,X5R,0.9mm,Features Normal
CL31B154KBCNNW,General,150nF, +/-10%,1206/3216,50Vdc,X7R,1mm,Features Normal
CL31B154KBFNNW,General,150nF, +/-10%,1206/3216,50Vdc,X7R,1.4mm,Features Normal
CL10B154KO8NNW,General,150nF, +/-10%,0603/1608,16Vdc,X7R,0.9mm,Features Normal
CL05A154KQ5NNW,General,150nF, +/-10%,0402/1005,6.3Vdc,X5R,0.55mm,Features Normal
CL10B154KO8NFN,General,150nF, +/-10%,0603/1608,16Vdc,X7R,0.9mm,Features Normal
CL10B154KP8NNW,General,150nF, +/-10%,0603/1608,10Vdc,X7R,0.9mm,Features Normal
CL05A154KP5NNN,General,150nF, +/-10%,0402/1005,10Vdc,X5R,0.55mm,Features Normal
CL10B154KB8NNW,General,150nF, +/-10%,0603/1608,50Vdc,X7R,0.9mm,Features Normal
CL32B154KBIZNW,General,150nF, +/-10%,1210/3225,50Vdc,X7R,2.2mm,Features Normal
CL10B154KO8NNN,General,150nF, +/-10%,0603/1608,16Vdc,X7R,0.9mm,Features Normal
CL10F154ZA8NNN,General,150nF, -20/+80%,0603/1608,25Vdc,Y5V,0.9mm,Features Normal
CL05B154KO5NNW,General,150nF, +/-10%,0402/1005,16Vdc,X7R,0.55mm,Features Normal
CL32B154KBFNNN,General,150nF, +/-10%,1210/3225,50Vdc,X7R,1.45mm,Features Normal
CL10B154KA8NNW,General,150nF, +/-10%,0603/1608,25Vdc,X7R,0.9mm,Features Normal
CL05A154KP5NNW,General,150nF, +/-10%,0402/1005,10Vdc,X5R,0.55mm,Features Normal
CL31C124JOHNNW,General,120nF, +/-5%,1206/3216,16Vdc,C0G,1.8mm,Features Normal
CL31B124KCHZNW,General,120nF, +/-10%,1206/3216,100Vdc,X7R,1.8mm,Features Normal
CL31C124JOHNNN,General,120nF, +/-5%,1206/3216,16Vdc,C0G,1.8mm,Features Normal
CL32B104KGU6NW,General,100nF, +/-10%,1210/3225,500Vdc,X7R,2mm,Features Normal
CL10B104KC8NNW,General,100nF, +/-10%,0603/1608,100Vdc,X7R,0.9mm,Features Normal
CL31B104KBCNNW,General,100nF, +/-10%,1206/3216,50Vdc,X7R,1mm,Features Normal
CL05A104KO5NNW,General,100nF, +/-10%,0402/1005,16Vdc,X5R,0.55mm,Features Normal
CL31B104KCFNFN,General,100nF, +/-10%,1206/3216,100Vdc,X7R,1.4mm,Features Normal
CL31B104KCFNNN,General,100nF, +/-10%,1206/3216,100Vdc,X7R,1.4mm,Features Normal
CL05A104KP5NNN,General,100nF, +/-10%,0402/1005,10Vdc,X5R,0.55mm,Features Normal
CL31B104KDHNNW,General,100nF, +/-10%,1206/3216,200Vdc,X7R,1.8mm,Features Normal
CL31C104JAHNNW,General,100nF, +/-5%,1206/3216,25Vdc,C0G,1.8mm,Features Normal
CL05B104MP5NNW,General,100nF, +/-20%,0402/1005,10Vdc,X7R,0.55mm,Features Normal
CL03A104KO3NNN,General,100nF, +/-10%,0201/0603,16Vdc,X5R,0.33mm,Features Normal
CL03A104KQ3NNW,General,100nF, +/-10%,0201/0603,6.3Vdc,X5R,0.33mm,Features Normal
CL03A104MO3NNW,General,100nF, +/-20%,0201/0603,16Vdc,X5R,0.33mm,Features Normal
CL10B104KB8ZNN,General,100nF, +/-10%,0603/1608,50Vdc,X7R,0.9mm,Features Normal
CL10B104KC8NNN,General,100nF, +/-10%,0603/1608,100Vdc,X7R,0.9mm,Features Normal
CL03B104KP3NNN,General,100nF, +/-10%,0201/0603,10Vdc,X7R,0.33mm,Features Normal
CL31B104KEHNNN,General,100nF, +/-10%,1206/3216,250Vdc,X7R,1.8mm,Features Normal
CL31B104KEHZNW,General,100nF, +/-10%,1206/3216,250Vdc,X7R,1.8mm,Features Normal
CL05A104KQ5NNN,General,100nF, +/-10%,0402/1005,6.3Vdc,X5R,0.55mm,Features Normal
CL05B104KQ5NNW,General,100nF, +/-10%,0402/1005,6.3Vdc,X7R,0.55mm,Features Normal
CL03A104KO3NNW,General,100nF, +/-10%,0201/0603,16Vdc,X5R,0.33mm,Features Normal
CL03A104KP3ZNW,General,100nF, +/-10%,0201/0603,10Vdc,X5R,0.33mm,Features Normal
CL03A104MP3NNW,General,100nF, +/-20%,0201/0603,10Vdc,X5R,0.33mm,Features Normal
CL05A104JO5NNW,General,100nF, +/-5%,0402/1005,16Vdc,X5R,0.55mm,Features Normal
CL05B104KB5NNW,General,100nF, +/-10%,0402/1005,50Vdc,X7R,0.55mm,Features Normal
CL05A104KA5NFN,General,100nF, +/-10%,0402/1005,25Vdc,X5R,0.55mm,Features Normal
CL05B104KA5SNN,General,100nF, +/-10%,0402/1005,25Vdc,X7R,0.55mm,Features Normal
CL32B104KEJNNW,General,100nF, +/-10%,1210/3225,250Vdc,X7R,2.7mm,Features Normal
CL05A104KB5NNW,General,100nF, +/-10%,0402/1005,50Vdc,X5R,0.55mm,Features Normal
CL10B104KC8N4N,General,100nF, +/-10%,0603/1608,100Vdc,X7R,0.9mm,Features Normal
CL10B104MB8NNN,General,100nF, +/-20%,0603/1608,50Vdc,X7R,0.9mm,Features Normal
CL31B104MBCNNN,General,100nF, +/-20%,1206/3216,50Vdc,X7R,1mm,Features Normal
CL05B104KP5NFN,General,100nF, +/-10%,0402/1005,10Vdc,X7R,0.55mm,Features Normal
CL05B104JO5NNN,General,100nF, +/-5%,0402/1005,16Vdc,X7R,0.55mm,Features Normal
CL32B104KEJNNN,General,100nF, +/-10%,1210/3225,250Vdc,X7R,2.7mm,Features Normal
CL32B104KEU6NW,General,100nF, +/-10%,1210/3225,250Vdc,X7R,2mm,Features Normal
CL05B104KB5NFN,General,100nF, +/-10%,0402/1005,50Vdc,X7R,0.55mm,Features Normal
CL05B104KO3LNN,General,100nF, +/-10%,0402/1005,16Vdc,X7R,0.33mm,Features Normal
CL10B104KC8N3W,General,100nF, +/-10%,0603/1608,100Vdc,X7R,0.9mm,Features Normal
CL10B104KC8ZNW,General,100nF, +/-10%,0603/1608,100Vdc,X7R,0.9mm,Features Normal
CL10B104MA8NNW,General,100nF, +/-20%,0603/1608,25Vdc,X7R,0.9mm,Features Normal
CL31B104MBCNNW,General,100nF, +/-20%,1206/3216,50Vdc,X7R,1mm,Features Normal
CL10B104MB8NFN,General,100nF, +/-20%,0603/1608,50Vdc,X7R,0.9mm,Features Normal
CL10B104MB8NNW,General,100nF, +/-20%,0603/1608,50Vdc,X7R,0.9mm,Features Normal
CL10A104KA8NNN,General,100nF, +/-10%,0603/1608,25Vdc,X5R,0.9mm,Features Normal
CL10B104JB8NNN,General,100nF, +/-5%,0603/1608,50Vdc,X7R,0.9mm,Features Normal
CL05A104JO5NNN,General,100nF, +/-5%,0402/1005,16Vdc,X5R,0.55mm,Features Normal
CL10B104KA8NNW,General,100nF, +/-10%,0603/1608,25Vdc,X7R,0.9mm,Features Normal
CL05A104KA5NNN,General,100nF, +/-10%,0402/1005,25Vdc,X5R,0.55mm,Features Normal
CL05A104KO5NNN,General,100nF, +/-10%,0402/1005,16Vdc,X5R,0.55mm,Features Normal
CL05F104ZO5NNN,General,100nF, -20/+80%,0402/1005,16Vdc,Y5V,0.55mm,Features Normal
CL05B104KO5N3W,General,100nF, +/-10%,0402/1005,16Vdc,X7R,0.55mm,Features Normal
CL03A104KA3NNN,General,100nF, +/-10%,0201/0603,25Vdc,X5R,0.33mm,Features Normal
CL05B104MP5NNN,General,100nF, +/-20%,0402/1005,10Vdc,X7R,0.55mm,Features Normal
CL05A104MO5NNN,General,100nF, +/-20%,0402/1005,16Vdc,X5R,0.55mm,Features Normal
CL05A104MO5NNW,General,100nF, +/-20%,0402/1005,16Vdc,X5R,0.55mm,Features Normal
CL03A104KP3NNN,General,100nF, +/-10%,0201/0603,10Vdc,X5R,0.33mm,Features Normal
CL05B104KA5N4N,General,100nF, +/-10%,0402/1005,25Vdc,X7R,0.55mm,Features Normal
CL05B104KA5NNN,General,100nF, +/-10%,0402/1005,25Vdc,X7R,0.55mm,Features Normal
CL05B104KA5NNW,General,100nF, +/-10%,0402/1005,25Vdc,X7R,0.55mm,Features Normal
CL03A104KA3NNW,General,100nF, +/-10%,0201/0603,25Vdc,X5R,0.33mm,Features Normal
CL03A104KQ3NNN,General,100nF, +/-10%,0201/0603,6.3Vdc,X5R,0.33mm,Features Normal
CL10B104KA8NNN,General,100nF, +/-10%,0603/1608,25Vdc,X7R,0.9mm,Features Normal
CL31B104KEHSNW,General,100nF, +/-10%,1206/3216,250Vdc,X7R,1.8mm,Features Normal
CL31B104JCFNNN,General,100nF, +/-5%,1206/3216,100Vdc,X7R,1.4mm,Features Normal
CL31B104KBCNNN,General,100nF, +/-10%,1206/3216,50Vdc,X7R,1mm,Features Normal
CL05B104JO5NNW,General,100nF, +/-5%,0402/1005,16Vdc,X7R,0.55mm,Features Normal
CL10A104KA8NNW,General,100nF, +/-10%,0603/1608,25Vdc,X5R,0.9mm,Features Normal
CL31C104JAHNNN,General,100nF, +/-5%,1206/3216,25Vdc,C0G,1.8mm,Features Normal
CL31C104JBHN4N,General,100nF, +/-5%,1206/3216,50Vdc,C0G,1.8mm,Features Normal
CL05B104KO5NNN,General,100nF, +/-10%,0402/1005,16Vdc,X7R,0.55mm,Features Normal
CL05B104KP5NNW,General,100nF, +/-10%,0402/1005,10Vdc,X7R,0.55mm,Features Normal
CL10F104ZO8NNN,General,100nF, -20/+80%,0603/1608,16Vdc,Y5V,0.9mm,Features Normal
CL31F104ZBCNNN,General,100nF, -20/+80%,1206/3216,50Vdc,Y5V,1mm,Features Normal
CL03A104MO3NNN,General,100nF, +/-20%,0201/0603,16Vdc,X5R,0.33mm,Features Normal
CL03A104MQ3NNN,General,100nF, +/-20%,0201/0603,6.3Vdc,X5R,0.33mm,Features Normal
CL03A104MQ3NNW,General,100nF, +/-20%,0201/0603,6.3Vdc,X5R,0.33mm,Features Normal
CL05A104KB5NNN,General,100nF, +/-10%,0402/1005,50Vdc,X5R,0.55mm,Features Normal
CL05B104KB5SNN,General,100nF, +/-10%,0402/1005,50Vdc,X7R,0.55mm,Features Normal
CL05B104KO3LNW,General,100nF, +/-10%,0402/1005,16Vdc,X7R,0.33mm,Features Normal
CL31B104KCFNNW,General,100nF, +/-10%,1206/3216,100Vdc,X7R,1.4mm,Features Normal
CL10B104KO8NNW,General,100nF, +/-10%,0603/1608,16Vdc,X7R,0.9mm,Features Normal
CL31B104KBCNFN,General,100nF, +/-10%,1206/3216,50Vdc,X7R,1mm,Features Normal
CL31B104KDHNFN,General,100nF, +/-10%,1206/3216,200Vdc,X7R,1.8mm,Features Normal
CL31B104JCFNNW,General,100nF, +/-5%,1206/3216,100Vdc,X7R,1.4mm,Features Normal
CL10B104KB8SFN,General,100nF, +/-10%,0603/1608,50Vdc,X7R,0.9mm,Features Normal
CL10B104KA8NFN,General,100nF, +/-10%,0603/1608,25Vdc,X7R,0.9mm,Features Normal
CL03A104KL3NNN,General,100nF, +/-10%,0201/0603,35Vdc,X5R,0.33mm,Features Normal
CL03A104MP3NNN,General,100nF, +/-20%,0201/0603,10Vdc,X5R,0.33mm,Features Normal
CL31C104JBHNNW,General,100nF, +/-5%,1206/3216,50Vdc,C0G,1.8mm,Features Normal
CL32B104KHU64N,General,100nF, +/-10%,1210/3225,630Vdc,X7R,2mm,Features Normal
CL05A104KQ5NNW,General,100nF, +/-10%,0402/1005,6.3Vdc,X5R,0.55mm,Features Normal
CL10F104ZA8NNN,General,100nF, -20/+80%,0603/1608,25Vdc,Y5V,0.9mm,Features Normal
CL10F104ZB8NNN,General,100nF, -20/+80%,0603/1608,50Vdc,Y5V,0.9mm,Features Normal
CL10B104KO8NNN,General,100nF, +/-10%,0603/1608,16Vdc,X7R,0.9mm,Features Normal
CL03A104MA3NNW,General,100nF, +/-20%,0201/0603,25Vdc,X5R,0.33mm,Features Normal
CL03B104KP3NNW,General,100nF, +/-10%,0201/0603,10Vdc,X7R,0.33mm,Features Normal
CL05A104KP5NNW,General,100nF, +/-10%,0402/1005,10Vdc,X5R,0.55mm,Features Normal
CL10B104KB8NNN,General,100nF, +/-10%,0603/1608,50Vdc,X7R,0.9mm,Features Normal
CL10B104KB8NNW,General,100nF, +/-10%,0603/1608,50Vdc,X7R,0.9mm,Features Normal
CL10B104KB8SNN,General,100nF, +/-10%,0603/1608,50Vdc,X7R,0.9mm,Features Normal
CL10B104JA8NNN,General,100nF, +/-5%,0603/1608,25Vdc,X7R,0.9mm,Features Normal
CL05B104KB5N4N,General,100nF, +/-10%,0402/1005,50Vdc,X7R,0.55mm,Features Normal
CL05B104KB5NNN,General,100nF, +/-10%,0402/1005,50Vdc,X7R,0.55mm,Features Normal
CL05B104KO5SNN,General,100nF, +/-10%,0402/1005,16Vdc,X7R,0.55mm,Features Normal
CL03A104KA3INN,General,100nF, +/-10%,0201/0603,25Vdc,X5R,0.33mm,Features Normal
CL05B104KQ5NNN,General,100nF, +/-10%,0402/1005,6.3Vdc,X7R,0.55mm,Features Normal
CL05B104MA5NNW,General,100nF, +/-20%,0402/1005,25Vdc,X7R,0.55mm,Features Normal
CL05B104MO5NNN,General,100nF, +/-20%,0402/1005,16Vdc,X7R,0.55mm,Features Normal
CL05A104KA5NNW,General,100nF, +/-10%,0402/1005,25Vdc,X5R,0.55mm,Features Normal
CL03A104KQ3N3W,General,100nF, +/-10%,0201/0603,6.3Vdc,X5R,0.33mm,Features Normal
CL31B104KEHNFN,General,100nF, +/-10%,1206/3216,250Vdc,X7R,1.8mm,Features Normal
CL31B104KEHNNW,General,100nF, +/-10%,1206/3216,250Vdc,X7R,1.8mm,Features Normal
CL10B104JA8NNW,General,100nF, +/-5%,0603/1608,25Vdc,X7R,0.9mm,Features Normal
CL10B104JB8NNW,General,100nF, +/-5%,0603/1608,50Vdc,X7R,0.9mm,Features Normal
CL10B104KB8NFN,General,100nF, +/-10%,0603/1608,50Vdc,X7R,0.9mm,Features Normal
CL10B104KO8NFN,General,100nF, +/-10%,0603/1608,16Vdc,X7R,0.9mm,Features Normal
CL05B104KO5NFN,General,100nF, +/-10%,0402/1005,16Vdc,X7R,0.55mm,Features Normal
CL05B104KO5NNW,General,100nF, +/-10%,0402/1005,16Vdc,X7R,0.55mm,Features Normal
CL05B104KP5NNN,General,100nF, +/-10%,0402/1005,10Vdc,X7R,0.55mm,Features Normal
CL05B104MO5NNW,General,100nF, +/-20%,0402/1005,16Vdc,X7R,0.55mm,Features Normal
CL03A104KL3NNW,General,100nF, +/-10%,0201/0603,35Vdc,X5R,0.33mm,Features Normal
CL03A104KP3NNW,General,100nF, +/-10%,0201/0603,10Vdc,X5R,0.33mm,Features Normal
CL03A104MA3NNN,General,100nF, +/-20%,0201/0603,25Vdc,X5R,0.33mm,Features Normal
CL03B104KP3N4N,General,100nF, +/-10%,0201/0603,10Vdc,X7R,0.33mm,Features Normal
CL05B823KO5NNW,General,82nF, +/-10%,0402/1005,16Vdc,X7R,0.55mm,Features Normal
CL10B823KB8NNW,General,82nF, +/-10%,0603/1608,50Vdc,X7R,0.9mm,Features Normal
CL10B823KO8NNW,General,82nF, +/-10%,0603/1608,16Vdc,X7R,0.9mm,Features Normal
CL10B823KO8NNN,General,82nF, +/-10%,0603/1608,16Vdc,X7R,0.9mm,Features Normal
CL05B823KP5NNW,General,82nF, +/-10%,0402/1005,10Vdc,X7R,0.55mm,Features Normal
CL10B823KB8NFN,General,82nF, +/-10%,0603/1608,50Vdc,X7R,0.9mm,Features Normal
CL05B823KP5NNN,General,82nF, +/-10%,0402/1005,10Vdc,X7R,0.55mm,Features Normal
CL05B683KO5NNN,General,68nF, +/-10%,0402/1005,16Vdc,X7R,0.55mm,Features Normal
CL03A683KQ3NNN,General,68nF, +/-10%,0201/0603,6.3Vdc,X5R,0.33mm,Features Normal
CL05A683KB5NNW,General,68nF, +/-10%,0402/1005,50Vdc,X5R,0.55mm,Features Normal
CL31B683KBCNNW,General,68nF, +/-10%,1206/3216,50Vdc,X7R,1mm,Features Normal
CL05B683KB5NNW,General,68nF, +/-10%,0402/1005,50Vdc,X7R,0.55mm,Features Normal
CL05A683KA5NNW,General,68nF, +/-10%,0402/1005,25Vdc,X5R,0.55mm,Features Normal
CL10B683KA8NNN,General,68nF, +/-10%,0603/1608,25Vdc,X7R,0.9mm,Features Normal
CL10B683KA8NNW,General,68nF, +/-10%,0603/1608,25Vdc,X7R,0.9mm,Features Normal
CL10F683ZB8NNN,General,68nF, -20/+80%,0603/1608,50Vdc,Y5V,0.9mm,Features Normal
CL05B683KP5NNN,General,68nF, +/-10%,0402/1005,10Vdc,X7R,0.55mm,Features Normal
CL05B683KQ5NNW,General,68nF, +/-10%,0402/1005,6.3Vdc,X7R,0.55mm,Features Normal
CL05A683KQ5NNW,General,68nF, +/-10%,0402/1005,6.3Vdc,X5R,0.55mm,Features Normal
CL05B683KP5NNW,General,68nF, +/-10%,0402/1005,10Vdc,X7R,0.55mm,Features Normal
CL03A683KP3NNW,General,68nF, +/-10%,0201/0603,10Vdc,X5R,0.33mm,Features Normal
CL03A683KQ3NNW,General,68nF, +/-10%,0201/0603,6.3Vdc,X5R,0.33mm,Features Normal
CL05A683KP5NNW,General,68nF, +/-10%,0402/1005,10Vdc,X5R,0.55mm,Features Normal
CL10B683KB8NFN,General,68nF, +/-10%,0603/1608,50Vdc,X7R,0.9mm,Features Normal
CL10B683KB8NNN,General,68nF, +/-10%,0603/1608,50Vdc,X7R,0.9mm,Features Normal
CL31C683JBHN4N,General,68nF, +/-5%,1206/3216,50Vdc,C0G,1.8mm,Features Normal
CL05B683KA5NNW,General,68nF, +/-10%,0402/1005,25Vdc,X7R,0.55mm,Features Normal
CL10B683KB8NNW,General,68nF, +/-10%,0603/1608,50Vdc,X7R,0.9mm,Features Normal
CL10B683KO8NNW,General,68nF, +/-10%,0603/1608,16Vdc,X7R,0.9mm,Features Normal
CL05B683KO5NNW,General,68nF, +/-10%,0402/1005,16Vdc,X7R,0.55mm,Features Normal
CL31B683KBCNNN,General,68nF, +/-10%,1206/3216,50Vdc,X7R,1mm,Features Normal
CL31B683KDHNNW,General,68nF, +/-10%,1206/3216,200Vdc,X7R,1.8mm,Features Normal
CL05A683KO5NNW,General,68nF, +/-10%,0402/1005,16Vdc,X5R,0.55mm,Features Normal
CL10B563KO8NNW,General,56nF, +/-10%,0603/1608,16Vdc,X7R,0.9mm,Features Normal
CL05B563KO5NNW,General,56nF, +/-10%,0402/1005,16Vdc,X7R,0.55mm,Features Normal
CL10B563KA8NNW,General,56nF, +/-10%,0603/1608,25Vdc,X7R,0.9mm,Features Normal
CL10B563KB8SNW,General,56nF, +/-10%,0603/1608,50Vdc,X7R,0.9mm,Features Normal
CL10B563KO8NNN,General,56nF, +/-10%,0603/1608,16Vdc,X7R,0.9mm,Features Normal
CL10B563KA8NNN,General,56nF, +/-10%,0603/1608,25Vdc,X7R,0.9mm,Features Normal
CL10B563KB8SFN,General,56nF, +/-10%,0603/1608,50Vdc,X7R,0.9mm,Features Normal
CL05B473KQ5NNW,General,47nF, +/-10%,0402/1005,6.3Vdc,X7R,0.55mm,Features Normal
CL05B473KO5NNN,General,47nF, +/-10%,0402/1005,16Vdc,X7R,0.55mm,Features Normal
CL03A473KP3NNW,General,47nF, +/-10%,0201/0603,10Vdc,X5R,0.33mm,Features Normal
CL31C473JAHNNW,General,47nF, +/-5%,1206/3216,25Vdc,C0G,1.8mm,Features Normal
CL05A473KP5NNW,General,47nF, +/-10%,0402/1005,10Vdc,X5R,0.55mm,Features Normal
CL10B473JB8NNN,General,47nF, +/-5%,0603/1608,50Vdc,X7R,0.9mm,Features Normal
CL10B473KA8NFN,General,47nF, +/-10%,0603/1608,25Vdc,X7R,0.9mm,Features Normal
CL10B473KA8NNW,General,47nF, +/-10%,0603/1608,25Vdc,X7R,0.9mm,Features Normal
CL10B473KB8N4N,General,47nF, +/-10%,0603/1608,50Vdc,X7R,0.9mm,Features Normal
CL10B473KB8ZNN,General,47nF, +/-10%,0603/1608,50Vdc,X7R,0.9mm,Features Normal
CL31B473KBCNNN,General,47nF, +/-10%,1206/3216,50Vdc,X7R,1mm,Features Normal
CL31B473KCCNNW,General,47nF, +/-10%,1206/3216,100Vdc,X7R,1mm,Features Normal
CL03A473KQ3NNW,General,47nF, +/-10%,0201/0603,6.3Vdc,X5R,0.33mm,Features Normal
CL32C473JCJNNN,General,47nF, +/-5%,1210/3225,100Vdc,C0G,2.7mm,Features Normal
CL05A473KO5NNW,General,47nF, +/-10%,0402/1005,16Vdc,X5R,0.55mm,Features Normal
CL03A473KP3NNN,General,47nF, +/-10%,0201/0603,10Vdc,X5R,0.33mm,Features Normal
CL31B473MCCNNW,General,47nF, +/-20%,1206/3216,100Vdc,X7R,1mm,Features Normal
CL10B473JO8NNN,General,47nF, +/-5%,0603/1608,16Vdc,X7R,0.9mm,Features Normal
CL05B473KP5NNN,General,47nF, +/-10%,0402/1005,10Vdc,X7R,0.55mm,Features Normal
CL05B473MO5NNW,General,47nF, +/-20%,0402/1005,16Vdc,X7R,0.55mm,Features Normal
CL31C473JBHNNN,General,47nF, +/-5%,1206/3216,50Vdc,C0G,1.8mm,Features Normal
CL31C473JBHNNW,General,47nF, +/-5%,1206/3216,50Vdc,C0G,1.8mm,Features Normal
CL05B473KO5NNW,General,47nF, +/-10%,0402/1005,16Vdc,X7R,0.55mm,Features Normal
CL31B473KEHSNW,General,47nF, +/-10%,1206/3216,250Vdc,X7R,1.8mm,Features Normal
CL31B473KGH6NW,General,47nF, +/-10%,1206/3216,500Vdc,X7R,1.8mm,Features Normal
CL31B473KBCNNW,General,47nF, +/-10%,1206/3216,50Vdc,X7R,1mm,Features Normal
CL32C473JCJNNW,General,47nF, +/-5%,1210/3225,100Vdc,C0G,2.7mm,Features Normal
CL31B473KEHNNN,General,47nF, +/-10%,1206/3216,250Vdc,X7R,1.8mm,Features Normal
CL05B473KA5NNW,General,47nF, +/-10%,0402/1005,25Vdc,X7R,0.55mm,Features Normal
CL10B473KO8NNN,General,47nF, +/-10%,0603/1608,16Vdc,X7R,0.9mm,Features Normal
CL10B473KO8NNW,General,47nF, +/-10%,0603/1608,16Vdc,X7R,0.9mm,Features Normal
CL10B473KB8NNW,General,47nF, +/-10%,0603/1608,50Vdc,X7R,0.9mm,Features Normal
CL05B473KB5ZNW,General,47nF, +/-10%,0402/1005,50Vdc,X7R,0.55mm,Features Normal
CL31B473KEHNNW,General,47nF, +/-10%,1206/3216,250Vdc,X7R,1.8mm,Features Normal
CL31B473JBCNNN,General,47nF, +/-5%,1206/3216,50Vdc,X7R,1mm,Features Normal
CL05B473KA5NNN,General,47nF, +/-10%,0402/1005,25Vdc,X7R,0.55mm,Features Normal
CL05B473KB5NNW,General,47nF, +/-10%,0402/1005,50Vdc,X7R,0.55mm,Features Normal
CL05F473ZO5NNN,General,47nF, -20/+80%,0402/1005,16Vdc,Y5V,0.55mm,Features Normal
CL05A473KB5NNW,General,47nF, +/-10%,0402/1005,50Vdc,X5R,0.55mm,Features Normal
CL03A473KQ3NNN,General,47nF, +/-10%,0201/0603,6.3Vdc,X5R,0.33mm,Features Normal
CL32B473KHINNW,General,47nF, +/-10%,1210/3225,630Vdc,X7R,2.2mm,Features Normal
CL10B473JO8NNW,General,47nF, +/-5%,0603/1608,16Vdc,X7R,0.9mm,Features Normal
CL10B473KB8NFN,General,47nF, +/-10%,0603/1608,50Vdc,X7R,0.9mm,Features Normal
CL10B473KB8NNN,General,47nF, +/-10%,0603/1608,50Vdc,X7R,0.9mm,Features Normal
CL31B473JBCNNW,General,47nF, +/-5%,1206/3216,50Vdc,X7R,1mm,Features Normal
CL10B473JB8NNW,General,47nF, +/-5%,0603/1608,50Vdc,X7R,0.9mm,Features Normal
CL31B473KHH64N,General,47nF, +/-10%,1206/3216,630Vdc,X7R,1.8mm,Features Normal
CL32B473KGU6NW,General,47nF, +/-10%,1210/3225,500Vdc,X7R,2mm,Features Normal
CL05A473KQ5NNW,General,47nF, +/-10%,0402/1005,6.3Vdc,X5R,0.55mm,Features Normal
CL05B473JO5NNN,General,47nF, +/-5%,0402/1005,16Vdc,X7R,0.55mm,Features Normal
CL05B473JO5NNW,General,47nF, +/-5%,0402/1005,16Vdc,X7R,0.55mm,Features Normal
CL05B473KP5NNW,General,47nF, +/-10%,0402/1005,10Vdc,X7R,0.55mm,Features Normal
CL31C473JBHN4N,General,47nF, +/-5%,1206/3216,50Vdc,C0G,1.8mm,Features Normal
CL31C473JAHNNN,General,47nF, +/-5%,1206/3216,25Vdc,C0G,1.8mm,Features Normal
CL10B473KB8SFN,General,47nF, +/-10%,0603/1608,50Vdc,X7R,0.9mm,Features Normal
CL31B473KDFNNW,General,47nF, +/-10%,1206/3216,200Vdc,X7R,1.4mm,Features Normal
CL10B473KO8NFN,General,47nF, +/-10%,0603/1608,16Vdc,X7R,0.9mm,Features Normal
CL05B473KO5NFN,General,47nF, +/-10%,0402/1005,16Vdc,X7R,0.55mm,Features Normal
CL05B393KO5NNW,General,39nF, +/-10%,0402/1005,16Vdc,X7R,0.55mm,Features Normal
CL10B393KO8NNN,General,39nF, +/-10%,0603/1608,16Vdc,X7R,0.9mm,Features Normal
CL31C393JAHNNN,General,39nF, +/-5%,1206/3216,25Vdc,C0G,1.8mm,Features Normal
CL31C393JAHNNW,General,39nF, +/-5%,1206/3216,25Vdc,C0G,1.8mm,Features Normal
CL10F393ZB8NNN,General,39nF, -20/+80%,0603/1608,50Vdc,Y5V,0.9mm,Features Normal
CL10B393KA8NNW,General,39nF, +/-10%,0603/1608,25Vdc,X7R,0.9mm,Features Normal
CL10B393KO8NNW,General,39nF, +/-10%,0603/1608,16Vdc,X7R,0.9mm,Features Normal
CL05B393KA5NNN,General,39nF, +/-10%,0402/1005,25Vdc,X7R,0.55mm,Features Normal
CL10B393KB8NNN,General,39nF, +/-10%,0603/1608,50Vdc,X7R,0.9mm,Features Normal
CL10B393KB8NNW,General,39nF, +/-10%,0603/1608,50Vdc,X7R,0.9mm,Features Normal
CL10B333KB8NNW,General,33nF, +/-10%,0603/1608,50Vdc,X7R,0.9mm,Features Normal
CL03A333KO3NNN,General,33nF, +/-10%,0201/0603,16Vdc,X5R,0.33mm,Features Normal
CL32C333JHJN4N,General,33nF, +/-5%,1210/3225,630Vdc,C0G,2.7mm,Features Normal
CL31B333KCCNNN,General,33nF, +/-10%,1206/3216,100Vdc,X7R,1mm,Features Normal
CL10B333KB8N4N,General,33nF, +/-10%,0603/1608,50Vdc,X7R,0.9mm,Features Normal
CL10B333KO8NFN,General,33nF, +/-10%,0603/1608,16Vdc,X7R,0.9mm,Features Normal
CL05B333KO5NNN,General,33nF, +/-10%,0402/1005,16Vdc,X7R,0.55mm,Features Normal
CL32B333KHINNW,General,33nF, +/-10%,1210/3225,630Vdc,X7R,2.2mm,Features Normal
CL05B333KP5NNW,General,33nF, +/-10%,0402/1005,10Vdc,X7R,0.55mm,Features Normal
CL10F333ZB8NNN,General,33nF, -20/+80%,0603/1608,50Vdc,Y5V,0.9mm,Features Normal
CL05B333JO5NNN,General,33nF, +/-5%,0402/1005,16Vdc,X7R,0.55mm,Features Normal
CL05B333JO5NNW,General,33nF, +/-5%,0402/1005,16Vdc,X7R,0.55mm,Features Normal
CL32C333JIVNNW,General,33nF, +/-5%,1210/3225,1000Vdc,C0G,2.8mm,Features Normal
CL03A333KP3NNW,General,33nF, +/-10%,0201/0603,10Vdc,X5R,0.33mm,Features Normal
CL10B333KA8NNW,General,33nF, +/-10%,0603/1608,25Vdc,X7R,0.9mm,Features Normal
CL10B333KB8NNN,General,33nF, +/-10%,0603/1608,50Vdc,X7R,0.9mm,Features Normal
CL31B333KEHNNN,General,33nF, +/-10%,1206/3216,250Vdc,X7R,1.8mm,Features Normal
CL31B333KEHNNW,General,33nF, +/-10%,1206/3216,250Vdc,X7R,1.8mm,Features Normal
CL31B333JBCNNW,General,33nF, +/-5%,1206/3216,50Vdc,X7R,1mm,Features Normal
CL05B333KO5NNW,General,33nF, +/-10%,0402/1005,16Vdc,X7R,0.55mm,Features Normal
CL05B333KO5NFN,General,33nF, +/-10%,0402/1005,16Vdc,X7R,0.55mm,Features Normal
CL10B333KO8NNW,General,33nF, +/-10%,0603/1608,16Vdc,X7R,0.9mm,Features Normal
CL05F333ZO5NNN,General,33nF, -20/+80%,0402/1005,16Vdc,Y5V,0.55mm,Features Normal
CL31B333KGHNFN,General,33nF, +/-10%,1206/3216,500Vdc,X7R,1.8mm,Features Normal
CL31B333KHHNFN,General,33nF, +/-10%,1206/3216,630Vdc,X7R,1.8mm,Features Normal
CL31B333KHHSNW,General,33nF, +/-10%,1206/3216,630Vdc,X7R,1.8mm,Features Normal
CL31B333KFESNW,General,33nF, +/-10%,1206/3216,350Vdc,X7R,1.25mm,Features Normal
CL32C333JHJNNW,General,33nF, +/-5%,1210/3225,630Vdc,C0G,2.7mm,Features Normal
CL31C333JCHNNW,General,33nF, +/-5%,1206/3216,100Vdc,C0G,1.8mm,Features Normal
CL31B333JBCNNN,General,33nF, +/-5%,1206/3216,50Vdc,X7R,1mm,Features Normal
CL05F333ZA5NNN,General,33nF, -20/+80%,0402/1005,25Vdc,Y5V,0.55mm,Features Normal
CL03A333KQ3NNW,General,33nF, +/-10%,0201/0603,6.3Vdc,X5R,0.33mm,Features Normal
CL31B333KHH64N,General,33nF, +/-10%,1206/3216,630Vdc,X7R,1.8mm,Features Normal
CL31B333KDFNNW,General,33nF, +/-10%,1206/3216,200Vdc,X7R,1.4mm,Features Normal
CL31B333KFESNN,General,33nF, +/-10%,1206/3216,350Vdc,X7R,1.25mm,Features Normal
CL31B333KGHNNW,General,33nF, +/-10%,1206/3216,500Vdc,X7R,1.8mm,Features Normal
CL31C333JBHNNN,General,33nF, +/-5%,1206/3216,50Vdc,C0G,1.8mm,Features Normal
CL31B333KDFNNN,General,33nF, +/-10%,1206/3216,200Vdc,X7R,1.4mm,Features Normal
CL05A333KB5NNW,General,33nF, +/-10%,0402/1005,50Vdc,X5R,0.55mm,Features Normal
CL05A333KP5NNW,General,33nF, +/-10%,0402/1005,10Vdc,X5R,0.55mm,Features Normal
CL32C333JCJNNN,General,33nF, +/-5%,1210/3225,100Vdc,C0G,2.7mm,Features Normal
CL32C333JHJNNN,General,33nF, +/-5%,1210/3225,630Vdc,C0G,2.7mm,Features Normal
CL10B333KB8NFN,General,33nF, +/-10%,0603/1608,50Vdc,X7R,0.9mm,Features Normal
CL10B333KB8SFN,General,33nF, +/-10%,0603/1608,50Vdc,X7R,0.9mm,Features Normal
CL31B333KCCNNW,General,33nF, +/-10%,1206/3216,100Vdc,X7R,1mm,Features Normal
CL31B333KGHNNN,General,33nF, +/-10%,1206/3216,500Vdc,X7R,1.8mm,Features Normal
CL31B333KHHNNW,General,33nF, +/-10%,1206/3216,630Vdc,X7R,1.8mm,Features Normal
CL31C333JBHNNW,General,33nF, +/-5%,1206/3216,50Vdc,C0G,1.8mm,Features Normal
CL05A333KO5NNW,General,33nF, +/-10%,0402/1005,16Vdc,X5R,0.55mm,Features Normal
CL32C333JCJNNW,General,33nF, +/-5%,1210/3225,100Vdc,C0G,2.7mm,Features Normal
CL05B333KA5NNW,General,33nF, +/-10%,0402/1005,25Vdc,X7R,0.55mm,Features Normal
CL05B333KB5NNW,General,33nF, +/-10%,0402/1005,50Vdc,X7R,0.55mm,Features Normal
CL32C273JHJN4N,General,27nF, +/-5%,1210/3225,630Vdc,C0G,2.7mm,Features Normal
CL10B273KA8NNN,General,27nF, +/-10%,0603/1608,25Vdc,X7R,0.9mm,Features Normal
CL05B273KP5NNN,General,27nF, +/-10%,0402/1005,10Vdc,X7R,0.55mm,Features Normal
CL10B273KA8NNW,General,27nF, +/-10%,0603/1608,25Vdc,X7R,0.9mm,Features Normal
CL05B273JA5NNW,General,27nF, +/-5%,0402/1005,25Vdc,X7R,0.55mm,Features Normal
CL10B273KO8NNW,General,27nF, +/-10%,0603/1608,16Vdc,X7R,0.9mm,Features Normal
CL31C273JBHNNW,General,27nF, +/-5%,1206/3216,50Vdc,C0G,1.8mm,Features Normal
CL10B273KB8NNN,General,27nF, +/-10%,0603/1608,50Vdc,X7R,0.9mm,Features Normal
CL10B273KB8NNW,General,27nF, +/-10%,0603/1608,50Vdc,X7R,0.9mm,Features Normal
CL31C273JBHNNN,General,27nF, +/-5%,1206/3216,50Vdc,C0G,1.8mm,Features Normal
CL05B273KO5NNN,General,27nF, +/-10%,0402/1005,16Vdc,X7R,0.55mm,Features Normal
CL32C273JHJNNW,General,27nF, +/-5%,1210/3225,630Vdc,C0G,2.7mm,Features Normal
CL05B273KP5NNW,General,27nF, +/-10%,0402/1005,10Vdc,X7R,0.55mm,Features Normal
CL10B273KO8NNN,General,27nF, +/-10%,0603/1608,16Vdc,X7R,0.9mm,Features Normal
CL05B273KO5NNW,General,27nF, +/-10%,0402/1005,16Vdc,X7R,0.55mm,Features Normal
CL32C273JHJNNN,General,27nF, +/-5%,1210/3225,630Vdc,C0G,2.7mm,Features Normal
CL31C273JAHNNW,General,27nF, +/-5%,1206/3216,25Vdc,C0G,1.8mm,Features Normal
CL10C223JC5NQN,General,22nF, +/-5%,0603/1608,100Vdc,C0G,0.65mm,Features Normal
CL32C223JHJN4N,General,22nF, +/-5%,1210/3225,630Vdc,C0G,2.7mm,Features Normal
CL10B223JB8NFN,General,22nF, +/-5%,0603/1608,50Vdc,X7R,0.9mm,Features Normal
CL10B223KA8NFN,General,22nF, +/-10%,0603/1608,25Vdc,X7R,0.9mm,Features Normal
CL31C223JBHNNW,General,22nF, +/-5%,1206/3216,50Vdc,C0G,1.8mm,Features Normal
CL31C223JCDNNN,General,22nF, +/-5%,1206/3216,100Vdc,C0G,0.95mm,Features Normal
CL03A223KQ3NNW,General,22nF, +/-10%,0201/0603,6.3Vdc,X5R,0.33mm,Features Normal
CL05B223MO5NNN,General,22nF, +/-20%,0402/1005,16Vdc,X7R,0.55mm,Features Normal
CL31B223KCCNNW,General,22nF, +/-10%,1206/3216,100Vdc,X7R,1mm,Features Normal
CL31B223KHHNFN,General,22nF, +/-10%,1206/3216,630Vdc,X7R,1.8mm,Features Normal
CL03A223KA3NNN,General,22nF, +/-10%,0201/0603,25Vdc,X5R,0.33mm,Features Normal
CL32C223JHJNNN,General,22nF, +/-5%,1210/3225,630Vdc,C0G,2.7mm,Features Normal
CL31C223JEHNNN,General,22nF, +/-5%,1206/3216,250Vdc,C0G,1.8mm,Features Normal
CL32C223JBHNNW,General,22nF, +/-5%,1210/3225,50Vdc,C0G,1.8mm,Features Normal
CL05B223KA5NNN,General,22nF, +/-10%,0402/1005,25Vdc,X7R,0.55mm,Features Normal
CL10B223KB8NFN,General,22nF, +/-10%,0603/1608,50Vdc,X7R,0.9mm,Features Normal
CL05B223KO5NNN,General,22nF, +/-10%,0402/1005,16Vdc,X7R,0.55mm,Features Normal
CL03A223KQ3NNN,General,22nF, +/-10%,0201/0603,6.3Vdc,X5R,0.33mm,Features Normal
CL31B223KHHNNN,General,22nF, +/-10%,1206/3216,630Vdc,X7R,1.8mm,Features Normal
CL05B223JO5NNN,General,22nF, +/-5%,0402/1005,16Vdc,X7R,0.55mm,Features Normal
CL10B223KA8NNW,General,22nF, +/-10%,0603/1608,25Vdc,X7R,0.9mm,Features Normal
CL10B223KC8NNW,General,22nF, +/-10%,0603/1608,100Vdc,X7R,0.9mm,Features Normal
CL05F223ZA5NNN,General,22nF, -20/+80%,0402/1005,25Vdc,Y5V,0.55mm,Features Normal
CL05B223KP5NNN,General,22nF, +/-10%,0402/1005,10Vdc,X7R,0.55mm,Features Normal
CL10B223KB8N4N,General,22nF, +/-10%,0603/1608,50Vdc,X7R,0.9mm,Features Normal
CL31C223JBHNNN,General,22nF, +/-5%,1206/3216,50Vdc,C0G,1.8mm,Features Normal
CL31B223KHH6NW,General,22nF, +/-10%,1206/3216,630Vdc,X7R,1.8mm,Features Normal
CL31B223KHHNNW,General,22nF, +/-10%,1206/3216,630Vdc,X7R,1.8mm,Features Normal
CL10B223KO8NNN,General,22nF, +/-10%,0603/1608,16Vdc,X7R,0.9mm,Features Normal
CL03A223KP3NNW,General,22nF, +/-10%,0201/0603,10Vdc,X5R,0.33mm,Features Normal
CL10F223ZB8NNN,General,22nF, -20/+80%,0603/1608,50Vdc,Y5V,0.9mm,Features Normal
CL31B223KHHSNW,General,22nF, +/-10%,1206/3216,630Vdc,X7R,1.8mm,Features Normal
CL05B223KB5NNW,General,22nF, +/-10%,0402/1005,50Vdc,X7R,0.55mm,Features Normal
CL32C223JBHNNN,General,22nF, +/-5%,1210/3225,50Vdc,C0G,1.8mm,Features Normal
CL31B223KCCNFN,General,22nF, +/-10%,1206/3216,100Vdc,X7R,1mm,Features Normal
CL31C223JCHNNN,General,22nF, +/-5%,1206/3216,100Vdc,C0G,1.8mm,Features Normal
CL10B223KB8NNN,General,22nF, +/-10%,0603/1608,50Vdc,X7R,0.9mm,Features Normal
CL10B223KB8NNW,General,22nF, +/-10%,0603/1608,50Vdc,X7R,0.9mm,Features Normal
CL31B223KCCNNN,General,22nF, +/-10%,1206/3216,100Vdc,X7R,1mm,Features Normal
CL31B223KGHNNW,General,22nF, +/-10%,1206/3216,500Vdc,X7R,1.8mm,Features Normal
CL32C223JHJNNW,General,22nF, +/-5%,1210/3225,630Vdc,C0G,2.7mm,Features Normal
CL32C223JIVN4N,General,22nF, +/-5%,1210/3225,1000Vdc,C0G,2.8mm,Features Normal
CL05A223KP5NNW,General,22nF, +/-10%,0402/1005,10Vdc,X5R,0.55mm,Features Normal
CL05B223KQ5NNW,General,22nF, +/-10%,0402/1005,6.3Vdc,X7R,0.55mm,Features Normal
CL05F223ZO5NNN,General,22nF, -20/+80%,0402/1005,16Vdc,Y5V,0.55mm,Features Normal
CL05B223KO5NFN,General,22nF, +/-10%,0402/1005,16Vdc,X7R,0.55mm,Features Normal
CL05B223KO5NNW,General,22nF, +/-10%,0402/1005,16Vdc,X7R,0.55mm,Features Normal
CL10B223JB8NNW,General,22nF, +/-5%,0603/1608,50Vdc,X7R,0.9mm,Features Normal
CL10B223KO8NNW,General,22nF, +/-10%,0603/1608,16Vdc,X7R,0.9mm,Features Normal
CL32C223JIVNNW,General,22nF, +/-5%,1210/3225,1000Vdc,C0G,2.8mm,Features Normal
CL05B223KA5NNW,General,22nF, +/-10%,0402/1005,25Vdc,X7R,0.55mm,Features Normal
CL05B223KB5NNN,General,22nF, +/-10%,0402/1005,50Vdc,X7R,0.55mm,Features Normal
CL32B223KGIZNW,General,22nF, +/-10%,1210/3225,500Vdc,X7R,2.2mm,Features Normal
CL32B223KDINNW,General,22nF, +/-10%,1210/3225,200Vdc,X7R,2.2mm,Features Normal
CL31B223KGHNNN,General,22nF, +/-10%,1206/3216,500Vdc,X7R,1.8mm,Features Normal
CL32B223KHINNW,General,22nF, +/-10%,1210/3225,630Vdc,X7R,2.2mm,Features Normal
CL32B223KIIZNW,General,22nF, +/-10%,1210/3225,1000Vdc,X7R,2.2mm,Features Normal
CL05B223JO5NNW,General,22nF, +/-5%,0402/1005,16Vdc,X7R,0.55mm,Features Normal
CL10B223KB8SFN,General,22nF, +/-10%,0603/1608,50Vdc,X7R,0.9mm,Features Normal
CL05A223KO5NNW,General,22nF, +/-10%,0402/1005,16Vdc,X5R,0.55mm,Features Normal
CL05A223KQ5NNW,General,22nF, +/-10%,0402/1005,6.3Vdc,X5R,0.55mm,Features Normal
CL10B203KB8NNW,General,20nF, +/-10%,0603/1608,50Vdc,X7R,0.9mm,Features Normal
CL10B203KB8NNN,General,20nF, +/-10%,0603/1608,50Vdc,X7R,0.9mm,Features Normal
CL10B183KB8NNW,General,18nF, +/-10%,0603/1608,50Vdc,X7R,0.9mm,Features Normal
CL10B183JB8NNN,General,18nF, +/-5%,0603/1608,50Vdc,X7R,0.9mm,Features Normal
CL10B183KA8NNW,General,18nF, +/-10%,0603/1608,25Vdc,X7R,0.9mm,Features Normal
CL10B183KB8N4N,General,18nF, +/-10%,0603/1608,50Vdc,X7R,0.9mm,Features Normal
CL05B183KA5NNW,General,18nF, +/-10%,0402/1005,25Vdc,X7R,0.55mm,Features Normal
CL31C183JBHNNW,General,18nF, +/-5%,1206/3216,50Vdc,C0G,1.8mm,Features Normal
CL31B183KCH6NW,General,18nF, +/-10%,1206/3216,100Vdc,X7R,1.8mm,Features Normal
CL10B183JB8NNW,General,18nF, +/-5%,0603/1608,50Vdc,X7R,0.9mm,Features Normal
CL05B183KA5NNN,General,18nF, +/-10%,0402/1005,25Vdc,X7R,0.55mm,Features Normal
CL05B183KB5ZNW,General,18nF, +/-10%,0402/1005,50Vdc,X7R,0.55mm,Features Normal
CL05B153KO5NNW,General,15nF, +/-10%,0402/1005,16Vdc,X7R,0.55mm,Features Normal
CL31C153JOHNNW,General,15nF, +/-5%,1206/3216,16Vdc,C0G,1.8mm,Features Normal
CL10B153KO8NNN,General,15nF, +/-10%,0603/1608,16Vdc,X7R,0.9mm,Features Normal
CL32C153JIJN4N,General,15nF, +/-5%,1210/3225,1000Vdc,C0G,2.7mm,Features Normal
CL10B153KB8SFN,General,15nF, +/-10%,0603/1608,50Vdc,X7R,0.9mm,Features Normal
CL03A153KP3NNW,General,15nF, +/-10%,0201/0603,10Vdc,X5R,0.33mm,Features Normal
CL05B153KA5NNW,General,15nF, +/-10%,0402/1005,25Vdc,X7R,0.55mm,Features Normal
CL05B153KB5NNN,General,15nF, +/-10%,0402/1005,50Vdc,X7R,0.55mm,Features Normal
CL03A153KQ3NNW,General,15nF, +/-10%,0201/0603,6.3Vdc,X5R,0.33mm,Features Normal
CL10B153KO8NNW,General,15nF, +/-10%,0603/1608,16Vdc,X7R,0.9mm,Features Normal
CL10B153KB8N4N,General,15nF, +/-10%,0603/1608,50Vdc,X7R,0.9mm,Features Normal
CL05F153ZB5NNN,General,15nF, -20/+80%,0402/1005,50Vdc,Y5V,0.55mm,Features Normal
CL03A153KQ3NNN,General,15nF, +/-10%,0201/0603,6.3Vdc,X5R,0.33mm,Features Normal
CL10B153KC8NNW,General,15nF, +/-10%,0603/1608,100Vdc,X7R,0.9mm,Features Normal
CL31B153KCCNNN,General,15nF, +/-10%,1206/3216,100Vdc,X7R,1mm,Features Normal
CL31B153KCCNNW,General,15nF, +/-10%,1206/3216,100Vdc,X7R,1mm,Features Normal
CL05A153KP5NNW,General,15nF, +/-10%,0402/1005,10Vdc,X5R,0.55mm,Features Normal
CL10B153KB8NNN,General,15nF, +/-10%,0603/1608,50Vdc,X7R,0.9mm,Features Normal
CL31C153JOHNNN,General,15nF, +/-5%,1206/3216,16Vdc,C0G,1.8mm,Features Normal
CL10B153KB8NFN,General,15nF, +/-10%,0603/1608,50Vdc,X7R,0.9mm,Features Normal
CL10B153KB8NNW,General,15nF, +/-10%,0603/1608,50Vdc,X7R,0.9mm,Features Normal
CL31C153JBHNNW,General,15nF, +/-5%,1206/3216,50Vdc,C0G,1.8mm,Features Normal
CL05B153KB5NNW,General,15nF, +/-10%,0402/1005,50Vdc,X7R,0.55mm,Features Normal
CL32C123JIJNNN,General,12nF, +/-5%,1210/3225,1000Vdc,C0G,2.7mm,Features Normal
CL31C123JBHNNW,General,12nF, +/-5%,1206/3216,50Vdc,C0G,1.8mm,Features Normal
CL10B123KB8NNW,General,12nF, +/-10%,0603/1608,50Vdc,X7R,0.9mm,Features Normal
CL10B123KB8NNN,General,12nF, +/-10%,0603/1608,50Vdc,X7R,0.9mm,Features Normal
CL05B123KA5NNW,General,12nF, +/-10%,0402/1005,25Vdc,X7R,0.55mm,Features Normal
CL32C113JBHNNN,General,11nF, +/-5%,1210/3225,50Vdc,C0G,1.8mm,Features Normal
CL32C113JBHNNW,General,11nF, +/-5%,1210/3225,50Vdc,C0G,1.8mm,Features Normal
CL32C103JIJN4N,General,10nF, +/-5%,1210/3225,1000Vdc,C0G,2.7mm,Features Normal
CL03A103KP3NNN,General,10nF, +/-10%,0201/0603,10Vdc,X5R,0.33mm,Features Normal
CL32B103KGFNNW,General,10nF, +/-10%,1210/3225,500Vdc,X7R,1.45mm,Features Normal
CL31B103JCCNNW,General,10nF, +/-5%,1206/3216,100Vdc,X7R,1mm,Features Normal
CL31B103KDCNFN,General,10nF, +/-10%,1206/3216,200Vdc,X7R,1mm,Features Normal
CL10B103JB8NNW,General,10nF, +/-5%,0603/1608,50Vdc,X7R,0.9mm,Features Normal
CL10B103KA8NFN,General,10nF, +/-10%,0603/1608,25Vdc,X7R,0.9mm,Features Normal
CL03A103KA3NNW,General,10nF, +/-10%,0201/0603,25Vdc,X5R,0.33mm,Features Normal
CL05B103KP5NNW,General,10nF, +/-10%,0402/1005,10Vdc,X7R,0.55mm,Features Normal
CL05B103KA5NFN,General,10nF, +/-10%,0402/1005,25Vdc,X7R,0.55mm,Features Normal
CL03B103KP3NNN,General,10nF, +/-10%,0201/0603,10Vdc,X7R,0.33mm,Features Normal
CL05B103JO5NNN,General,10nF, +/-5%,0402/1005,16Vdc,X7R,0.55mm,Features Normal
CL31C103JCHNNN,General,10nF, +/-5%,1206/3216,100Vdc,C0G,1.8mm,Features Normal
CL31C103JAFNNW,General,10nF, +/-5%,1206/3216,25Vdc,C0G,1.4mm,Features Normal
CL32C103JAFNNW,General,10nF, +/-5%,1210/3225,25Vdc,C0G,1.45mm,Features Normal
CL10B103KA8NNN,General,10nF, +/-10%,0603/1608,25Vdc,X7R,0.9mm,Features Normal
CL32C103JIJNNW,General,10nF, +/-5%,1210/3225,1000Vdc,C0G,2.7mm,Features Normal
CL05B103KB5NNN,General,10nF, +/-10%,0402/1005,50Vdc,X7R,0.55mm,Features Normal
CL31B103KHFNFN,General,10nF, +/-10%,1206/3216,630Vdc,X7R,1.4mm,Features Normal
CL31B103KDCNNW,General,10nF, +/-10%,1206/3216,200Vdc,X7R,1mm,Features Normal
CL31B103KHFNNN,General,10nF, +/-10%,1206/3216,630Vdc,X7R,1.4mm,Features Normal
CL10B103KA8NNW,General,10nF, +/-10%,0603/1608,25Vdc,X7R,0.9mm,Features Normal
CL10B103KB8NNN,General,10nF, +/-10%,0603/1608,50Vdc,X7R,0.9mm,Features Normal
CL05B103KC5NNN,General,10nF, +/-10%,0402/1005,100Vdc,X7R,0.55mm,Features Normal
CL10B103KC8NNN,General,10nF, +/-10%,0603/1608,100Vdc,X7R,0.9mm,Features Normal
CL31C103JAFNNN,General,10nF, +/-5%,1206/3216,25Vdc,C0G,1.4mm,Features Normal
CL05B103KA5NNW,General,10nF, +/-10%,0402/1005,25Vdc,X7R,0.55mm,Features Normal
CL05B103MO5NNW,General,10nF, +/-20%,0402/1005,16Vdc,X7R,0.55mm,Features Normal
CL32C103JXVN4N,General,10nF, +/-5%,1210/3225,1250Vdc,C0G,2.8mm,Features Normal
CL10B103KC8NNW,General,10nF, +/-10%,0603/1608,100Vdc,X7R,0.9mm,Features Normal
CL10B103KB8ZNN,General,10nF, +/-10%,0603/1608,50Vdc,X7R,0.9mm,Features Normal
CL31C103JCHNNW,General,10nF, +/-5%,1206/3216,100Vdc,C0G,1.8mm,Features Normal
CL03A103KA3NNN,General,10nF, +/-10%,0201/0603,25Vdc,X5R,0.33mm,Features Normal
CL03A103KP3NNW,General,10nF, +/-10%,0201/0603,10Vdc,X5R,0.33mm,Features Normal
CL10F103ZB8NNN,General,10nF, -20/+80%,0603/1608,50Vdc,Y5V,0.9mm,Features Normal
CL31B103MBCNNN,General,10nF, +/-20%,1206/3216,50Vdc,X7R,1mm,Features Normal
CL10B103KO8NNW,General,10nF, +/-10%,0603/1608,16Vdc,X7R,0.9mm,Features Normal
CL10B103MB8NNN,General,10nF, +/-20%,0603/1608,50Vdc,X7R,0.9mm,Features Normal
CL03B103KQ3NNN,General,10nF, +/-10%,0201/0603,6.3Vdc,X7R,0.33mm,Features Normal
CL05B103JA5NNW,General,10nF, +/-5%,0402/1005,25Vdc,X7R,0.55mm,Features Normal
CL31B103KCCNFN,General,10nF, +/-10%,1206/3216,100Vdc,X7R,1mm,Features Normal
CL31B103KCFNNW,General,10nF, +/-10%,1206/3216,100Vdc,X7R,1.4mm,Features Normal
CL31B103KGFNNW,General,10nF, +/-10%,1206/3216,500Vdc,X7R,1.4mm,Features Normal
CL32B103KGFNNN,General,10nF, +/-10%,1210/3225,500Vdc,X7R,1.45mm,Features Normal
CL05A103KQ5NNW,General,10nF, +/-10%,0402/1005,6.3Vdc,X5R,0.55mm,Features Normal
CL03A103KO3NNW,General,10nF, +/-10%,0201/0603,16Vdc,X5R,0.33mm,Features Normal
CL03A103KQ3NNW,General,10nF, +/-10%,0201/0603,6.3Vdc,X5R,0.33mm,Features Normal
CL03B103KQ3NNW,General,10nF, +/-10%,0201/0603,6.3Vdc,X7R,0.33mm,Features Normal
CL05B103KQ5NNW,General,10nF, +/-10%,0402/1005,6.3Vdc,X7R,0.55mm,Features Normal
CL05B103KO5NNN,General,10nF, +/-10%,0402/1005,16Vdc,X7R,0.55mm,Features Normal
CL10B103MB8NNW,General,10nF, +/-20%,0603/1608,50Vdc,X7R,0.9mm,Features Normal
CL31B103KGFNFN,General,10nF, +/-10%,1206/3216,500Vdc,X7R,1.4mm,Features Normal
CL10B103MB8NCN,General,10nF, +/-20%,0603/1608,50Vdc,X7R,0.9mm,Features Normal
CL03B103KO3NNN,General,10nF, +/-10%,0201/0603,16Vdc,X7R,0.33mm,Features Normal
CL03B103KO3NNW,General,10nF, +/-10%,0201/0603,16Vdc,X7R,0.33mm,Features Normal
CL31B103KCCNNW,General,10nF, +/-10%,1206/3216,100Vdc,X7R,1mm,Features Normal
CL31C103JBHNNW,General,10nF, +/-5%,1206/3216,50Vdc,C0G,1.8mm,Features Normal
CL31C103JHHNNN,General,10nF, +/-5%,1206/3216,630Vdc,C0G,1.8mm,Features Normal
CL05B103KB5NFN,General,10nF, +/-10%,0402/1005,50Vdc,X7R,0.55mm,Features Normal
CL05A103KA5NNW,General,10nF, +/-10%,0402/1005,25Vdc,X5R,0.55mm,Features Normal
CL10B103KC8SRN,General,10nF, +/-10%,0603/1608,100Vdc,X7R,1mm,Features Normal
CL03B103KP3NNW,General,10nF, +/-10%,0201/0603,10Vdc,X7R,0.33mm,Features Normal
CL10B103JO8NNW,General,10nF, +/-5%,0603/1608,16Vdc,X7R,0.9mm,Features Normal
CL31B103KBCNFN,General,10nF, +/-10%,1206/3216,50Vdc,X7R,1mm,Features Normal
CL31B103KIHZNW,General,10nF, +/-10%,1206/3216,1000Vdc,X7R,1.8mm,Features Normal
CL31B103MBCNNW,General,10nF, +/-20%,1206/3216,50Vdc,X7R,1mm,Features Normal
CL31B103KBCNNW,General,10nF, +/-10%,1206/3216,50Vdc,X7R,1mm,Features Normal
CL05B103KO5NCN,General,10nF, +/-10%,0402/1005,16Vdc,X7R,0.55mm,Features Normal
CL05B103KO5NNW,General,10nF, +/-10%,0402/1005,16Vdc,X7R,0.55mm,Features Normal
CL31B103KHFNNW,General,10nF, +/-10%,1206/3216,630Vdc,X7R,1.4mm,Features Normal
CL05A103KO5NNW,General,10nF, +/-10%,0402/1005,16Vdc,X5R,0.55mm,Features Normal
CL32C103JHJNNW,General,10nF, +/-5%,1210/3225,630Vdc,C0G,2.7mm,Features Normal
CL32C103JAFNNN,General,10nF, +/-5%,1210/3225,25Vdc,C0G,1.45mm,Features Normal
CL31C103GAFNNW,General,10nF, +/-2%,1206/3216,25Vdc,C0G,1.4mm,Features Normal
CL10B103KB8N4N,General,10nF, +/-10%,0603/1608,50Vdc,X7R,0.9mm,Features Normal
CL10B103KB8NNW,General,10nF, +/-10%,0603/1608,50Vdc,X7R,0.9mm,Features Normal
CL31B103MCCNNW,General,10nF, +/-20%,1206/3216,100Vdc,X7R,1mm,Features Normal
CL10B103JB8NFN,General,10nF, +/-5%,0603/1608,50Vdc,X7R,0.9mm,Features Normal
CL03B103KA3NNW,General,10nF, +/-10%,0201/0603,25Vdc,X7R,0.33mm,Features Normal
CL05A103KP5NNW,General,10nF, +/-10%,0402/1005,10Vdc,X5R,0.55mm,Features Normal
CL31C103JHHNNW,General,10nF, +/-5%,1206/3216,630Vdc,C0G,1.8mm,Features Normal
CL31C103JHHN4N,General,10nF, +/-5%,1206/3216,630Vdc,C0G,1.8mm,Features Normal
CL05B103KB5NNW,General,10nF, +/-10%,0402/1005,50Vdc,X7R,0.55mm,Features Normal
CL32C103JIJNW6,General,10nF, +/-5%,1210/3225,1000Vdc,C0G,2.7mm,Features Normal
CL10B103KO8NNN,General,10nF, +/-10%,0603/1608,16Vdc,X7R,0.9mm,Features Normal
CL10C103JA8NNW,General,10nF, +/-5%,0603/1608,25Vdc,C0G,0.9mm,Features Normal
CL10C103JBALNN,General,10nF, +/-5%,0603/1608,50Vdc,C0G,0.65mm,Features Normal
CL05B103JO5NNW,General,10nF, +/-5%,0402/1005,16Vdc,X7R,0.55mm,Features Normal
CL05B103KA5NNN,General,10nF, +/-10%,0402/1005,25Vdc,X7R,0.55mm,Features Normal
CL05B103KO5NFN,General,10nF, +/-10%,0402/1005,16Vdc,X7R,0.55mm,Features Normal
CL10B103KB8NFN,General,10nF, +/-10%,0603/1608,50Vdc,X7R,0.9mm,Features Normal
CL31B822KBCNNW,General,8.2nF, +/-10%,1206/3216,50Vdc,X7R,1mm,Features Normal
CL10B822KA8NNW,General,8.2nF, +/-10%,0603/1608,25Vdc,X7R,0.9mm,Features Normal
CL05B822KO5NNW,General,8.2nF, +/-10%,0402/1005,16Vdc,X7R,0.55mm,Features Normal
CL31C822JHHNNW,General,8.2nF, +/-5%,1206/3216,630Vdc,C0G,1.8mm,Features Normal
CL05B822KO5NNN,General,8.2nF, +/-10%,0402/1005,16Vdc,X7R,0.55mm,Features Normal
CL05B822KA5NNW,General,8.2nF, +/-10%,0402/1005,25Vdc,X7R,0.55mm,Features Normal
CL05B822KB5NNW,General,8.2nF, +/-10%,0402/1005,50Vdc,X7R,0.55mm,Features Normal
CL32C822JIINNN,General,8.2nF, +/-5%,1210/3225,1000Vdc,C0G,2.2mm,Features Normal
CL31B822KBCNNN,General,8.2nF, +/-10%,1206/3216,50Vdc,X7R,1mm,Features Normal
CL05B822KA5NNN,General,8.2nF, +/-10%,0402/1005,25Vdc,X7R,0.55mm,Features Normal
CL05B822KB5NNN,General,8.2nF, +/-10%,0402/1005,50Vdc,X7R,0.55mm,Features Normal
CL32C822JHJNNN,General,8.2nF, +/-5%,1210/3225,630Vdc,C0G,2.7mm,Features Normal
CL31C822JBHNNW,General,8.2nF, +/-5%,1206/3216,50Vdc,C0G,1.8mm,Features Normal
CL31C822JEHNNN,General,8.2nF, +/-5%,1206/3216,250Vdc,C0G,1.8mm,Features Normal
CL10B822KA8N4N,General,8.2nF, +/-10%,0603/1608,25Vdc,X7R,0.9mm,Features Normal
CL10B822KB8NFN,General,8.2nF, +/-10%,0603/1608,50Vdc,X7R,0.9mm,Features Normal
CL32C822JHJNNW,General,8.2nF, +/-5%,1210/3225,630Vdc,C0G,2.7mm,Features Normal
CL31C822JEHNNW,General,8.2nF, +/-5%,1206/3216,250Vdc,C0G,1.8mm,Features Normal
CL10B822KB8NNW,General,8.2nF, +/-10%,0603/1608,50Vdc,X7R,0.9mm,Features Normal
CL05B682KA5NNN,General,6.8nF, +/-10%,0402/1005,25Vdc,X7R,0.55mm,Features Normal
CL05B682JB5NNW,General,6.8nF, +/-5%,0402/1005,50Vdc,X7R,0.55mm,Features Normal
CL31B682KGFNNN,General,6.8nF, +/-10%,1206/3216,500Vdc,X7R,1.4mm,Features Normal
CL03B682KQ3NNW,General,6.8nF, +/-10%,0201/0603,6.3Vdc,X7R,0.33mm,Features Normal
CL05B682KO5NNW,General,6.8nF, +/-10%,0402/1005,16Vdc,X7R,0.55mm,Features Normal
CL31C682JHHNNN,General,6.8nF, +/-5%,1206/3216,630Vdc,C0G,1.8mm,Features Normal
CL10B682KB8NFN,General,6.8nF, +/-10%,0603/1608,50Vdc,X7R,0.9mm,Features Normal
CL32C682JBFNNW,General,6.8nF, +/-5%,1210/3225,50Vdc,C0G,1.45mm,Features Normal
CL31C682JHHNNW,General,6.8nF, +/-5%,1206/3216,630Vdc,C0G,1.8mm,Features Normal
CL31B682KHFNFN,General,6.8nF, +/-10%,1206/3216,630Vdc,X7R,1.4mm,Features Normal
CL03A682KP3NNW,General,6.8nF, +/-10%,0201/0603,10Vdc,X5R,0.33mm,Features Normal
CL05B682KB5NNN,General,6.8nF, +/-10%,0402/1005,50Vdc,X7R,0.55mm,Features Normal
CL10B682KC8SRN,General,6.8nF, +/-10%,0603/1608,100Vdc,X7R,1mm,Features Normal
CL03B682KP3NNW,General,6.8nF, +/-10%,0201/0603,10Vdc,X7R,0.33mm,Features Normal
CL05B682KA5NNW,General,6.8nF, +/-10%,0402/1005,25Vdc,X7R,0.55mm,Features Normal
CL31C682JEHNNN,General,6.8nF, +/-5%,1206/3216,250Vdc,C0G,1.8mm,Features Normal
CL31C682JEHNNW,General,6.8nF, +/-5%,1206/3216,250Vdc,C0G,1.8mm,Features Normal
CL10B682JB8NNN,General,6.8nF, +/-5%,0603/1608,50Vdc,X7R,0.9mm,Features Normal
CL10B682KB8NNN,General,6.8nF, +/-10%,0603/1608,50Vdc,X7R,0.9mm,Features Normal
CL31B682KGFNNW,General,6.8nF, +/-10%,1206/3216,500Vdc,X7R,1.4mm,Features Normal
CL31B682KCFNNW,General,6.8nF, +/-10%,1206/3216,100Vdc,X7R,1.4mm,Features Normal
CL05A682KO5NNW,General,6.8nF, +/-10%,0402/1005,16Vdc,X5R,0.55mm,Features Normal
CL10B682JB8N4N,General,6.8nF, +/-5%,0603/1608,50Vdc,X7R,0.9mm,Features Normal
CL10B682KB8N4N,General,6.8nF, +/-10%,0603/1608,50Vdc,X7R,0.9mm,Features Normal
CL10B682KB8NNW,General,6.8nF, +/-10%,0603/1608,50Vdc,X7R,0.9mm,Features Normal
CL10B682KC8NNW,General,6.8nF, +/-10%,0603/1608,100Vdc,X7R,0.9mm,Features Normal
CL31B682KHFNNW,General,6.8nF, +/-10%,1206/3216,630Vdc,X7R,1.4mm,Features Normal
CL03B682KP3NNN,General,6.8nF, +/-10%,0201/0603,10Vdc,X7R,0.33mm,Features Normal
CL05B682JB5NNN,General,6.8nF, +/-5%,0402/1005,50Vdc,X7R,0.55mm,Features Normal
CL03B682KA3NNW,General,6.8nF, +/-10%,0201/0603,25Vdc,X7R,0.33mm,Features Normal
CL10C682JA8N4N,General,6.8nF, +/-5%,0603/1608,25Vdc,C0G,0.9mm,Features Normal
CL03B682KO3NNW,General,6.8nF, +/-10%,0201/0603,16Vdc,X7R,0.33mm,Features Normal
CL31C682JBHNNN,General,6.8nF, +/-5%,1206/3216,50Vdc,C0G,1.8mm,Features Normal
CL03A682KA3NNN,General,6.8nF, +/-10%,0201/0603,25Vdc,X5R,0.33mm,Features Normal
CL32C682JBFNNN,General,6.8nF, +/-5%,1210/3225,50Vdc,C0G,1.45mm,Features Normal
CL05B682KB5NNW,General,6.8nF, +/-10%,0402/1005,50Vdc,X7R,0.55mm,Features Normal
CL10B682JB8NNW,General,6.8nF, +/-5%,0603/1608,50Vdc,X7R,0.9mm,Features Normal
CL31C682JBHNNW,General,6.8nF, +/-5%,1206/3216,50Vdc,C0G,1.8mm,Features Normal
CL31B682KBCNNW,General,6.8nF, +/-10%,1206/3216,50Vdc,X7R,1mm,Features Normal
CL31B682KBCNNN,General,6.8nF, +/-10%,1206/3216,50Vdc,X7R,1mm,Features Normal
CL10B562KB8NFN,General,5.6nF, +/-10%,0603/1608,50Vdc,X7R,0.9mm,Features Normal
CL03B562KP3NNW,General,5.6nF, +/-10%,0201/0603,10Vdc,X7R,0.33mm,Features Normal
CL05B562KA5NNW,General,5.6nF, +/-10%,0402/1005,25Vdc,X7R,0.55mm,Features Normal
CL05B562KO5NNW,General,5.6nF, +/-10%,0402/1005,16Vdc,X7R,0.55mm,Features Normal
CL10C562JB8NNW,General,5.6nF, +/-5%,0603/1608,50Vdc,C0G,0.9mm,Features Normal
CL31C562JEHNNW,General,5.6nF, +/-5%,1206/3216,250Vdc,C0G,1.8mm,Features Normal
CL05B562KB5NNW,General,5.6nF, +/-10%,0402/1005,50Vdc,X7R,0.55mm,Features Normal
CL10B562KB8NNN,General,5.6nF, +/-10%,0603/1608,50Vdc,X7R,0.9mm,Features Normal
CL10B562JB8NNW,General,5.6nF, +/-5%,0603/1608,50Vdc,X7R,0.9mm,Features Normal
CL10B562KP8NNW,General,5.6nF, +/-10%,0603/1608,10Vdc,X7R,0.9mm,Features Normal
CL10C562JB8NNN,General,5.6nF, +/-5%,0603/1608,50Vdc,C0G,0.9mm,Features Normal
CL31C562JEHNNN,General,5.6nF, +/-5%,1206/3216,250Vdc,C0G,1.8mm,Features Normal
CL31C562JHHNNW,General,5.6nF, +/-5%,1206/3216,630Vdc,C0G,1.8mm,Features Normal
CL05B562KB5NFN,General,5.6nF, +/-10%,0402/1005,50Vdc,X7R,0.55mm,Features Normal
CL31C562JBHNNW,General,5.6nF, +/-5%,1206/3216,50Vdc,C0G,1.8mm,Features Normal
CL05B562KA5NNN,General,5.6nF, +/-10%,0402/1005,25Vdc,X7R,0.55mm,Features Normal
CL10B562KB8N4N,General,5.6nF, +/-10%,0603/1608,50Vdc,X7R,0.9mm,Features Normal
CL10B562JB8NNN,General,5.6nF, +/-5%,0603/1608,50Vdc,X7R,0.9mm,Features Normal
CL10B562KO8NNW,General,5.6nF, +/-10%,0603/1608,16Vdc,X7R,0.9mm,Features Normal
CL31C562JHHNNN,General,5.6nF, +/-5%,1206/3216,630Vdc,C0G,1.8mm,Features Normal
CL10B562KB8NNW,General,5.6nF, +/-10%,0603/1608,50Vdc,X7R,0.9mm,Features Normal
CL05B562KB5NNN,General,5.6nF, +/-10%,0402/1005,50Vdc,X7R,0.55mm,Features Normal
CL10C502JCALNN,General,5nF, +/-5%,0603/1608,100Vdc,C0G,0.65mm,Features Normal
CL31B472KHFNFN,General,4.7nF, +/-10%,1206/3216,630Vdc,X7R,1.4mm,Features Normal
CL31B472KHFNNN,General,4.7nF, +/-10%,1206/3216,630Vdc,X7R,1.4mm,Features Normal
CL31C472JEHNNN,General,4.7nF, +/-5%,1206/3216,250Vdc,C0G,1.8mm,Features Normal
CL10C472JA8NNN,General,4.7nF, +/-5%,0603/1608,25Vdc,C0G,0.9mm,Features Normal
CL05B472KB5NNN,General,4.7nF, +/-10%,0402/1005,50Vdc,X7R,0.55mm,Features Normal
CL05B472KB5NNW,General,4.7nF, +/-10%,0402/1005,50Vdc,X7R,0.55mm,Features Normal
CL31B472KCFNNW,General,4.7nF, +/-10%,1206/3216,100Vdc,X7R,1.4mm,Features Normal
CL03A472KA3NNW,General,4.7nF, +/-10%,0201/0603,25Vdc,X5R,0.33mm,Features Normal
CL05B472KA5NNN,General,4.7nF, +/-10%,0402/1005,25Vdc,X7R,0.55mm,Features Normal
CL05B472KB5S4N,General,4.7nF, +/-10%,0402/1005,50Vdc,X7R,0.55mm,Features Normal
CL10B472KB8NFN,General,4.7nF, +/-10%,0603/1608,50Vdc,X7R,0.9mm,Features Normal
CL10B472KC8NNN,General,4.7nF, +/-10%,0603/1608,100Vdc,X7R,0.9mm,Features Normal
CL32C472JBFNNN,General,4.7nF, +/-5%,1210/3225,50Vdc,C0G,1.45mm,Features Normal
CL05A472KQ5NNW,General,4.7nF, +/-10%,0402/1005,6.3Vdc,X5R,0.55mm,Features Normal
CL05B472JB5NNN,General,4.7nF, +/-5%,0402/1005,50Vdc,X7R,0.55mm,Features Normal
CL10B472KB8N4N,General,4.7nF, +/-10%,0603/1608,50Vdc,X7R,0.9mm,Features Normal
CL03B472KO3NNW,General,4.7nF, +/-10%,0201/0603,16Vdc,X7R,0.33mm,Features Normal
CL03B472KQ3NNW,General,4.7nF, +/-10%,0201/0603,6.3Vdc,X7R,0.33mm,Features Normal
CL31C472JEHNNW,General,4.7nF, +/-5%,1206/3216,250Vdc,C0G,1.8mm,Features Normal
CL10B472KA8NNN,General,4.7nF, +/-10%,0603/1608,25Vdc,X7R,0.9mm,Features Normal
CL03A472KA3NNN,General,4.7nF, +/-10%,0201/0603,25Vdc,X5R,0.33mm,Features Normal
CL05C472JB5NRN,General,4.7nF, +/-5%,0402/1005,50Vdc,C0G,0.65mm,Features Normal
CL31C472JBFNNW,General,4.7nF, +/-5%,1206/3216,50Vdc,C0G,1.4mm,Features Normal
CL31C472JBHNNW,General,4.7nF, +/-5%,1206/3216,50Vdc,C0G,1.8mm,Features Normal
CL10C472JB8NNW,General,4.7nF, +/-5%,0603/1608,50Vdc,C0G,0.9mm,Features Normal
CL10B472KB8NNW,General,4.7nF, +/-10%,0603/1608,50Vdc,X7R,0.9mm,Features Normal
CL10B472KB8SFN,General,4.7nF, +/-10%,0603/1608,50Vdc,X7R,0.9mm,Features Normal
CL10B472KC8NNW,General,4.7nF, +/-10%,0603/1608,100Vdc,X7R,0.9mm,Features Normal
CL05A472KP5NNW,General,4.7nF, +/-10%,0402/1005,10Vdc,X5R,0.55mm,Features Normal
CL03A472KP3NNW,General,4.7nF, +/-10%,0201/0603,10Vdc,X5R,0.33mm,Features Normal
CL10C472JA8NNW,General,4.7nF, +/-5%,0603/1608,25Vdc,C0G,0.9mm,Features Normal
CL05B472KA5NFN,General,4.7nF, +/-10%,0402/1005,25Vdc,X7R,0.55mm,Features Normal
CL31C472JBFNFN,General,4.7nF, +/-5%,1206/3216,50Vdc,C0G,1.4mm,Features Normal
CL10B472JB8N4N,General,4.7nF, +/-5%,0603/1608,50Vdc,X7R,0.9mm,Features Normal
CL05A472KO5NNW,General,4.7nF, +/-10%,0402/1005,16Vdc,X5R,0.55mm,Features Normal
CL31B472KGFNNW,General,4.7nF, +/-10%,1206/3216,500Vdc,X7R,1.4mm,Features Normal
CL10B472KB8ZNN,General,4.7nF, +/-10%,0603/1608,50Vdc,X7R,0.9mm,Features Normal
CL10B472KA8NNW,General,4.7nF, +/-10%,0603/1608,25Vdc,X7R,0.9mm,Features Normal
CL10B472KB8NNN,General,4.7nF, +/-10%,0603/1608,50Vdc,X7R,0.9mm,Features Normal
CL05A472KA5NNW,General,4.7nF, +/-10%,0402/1005,25Vdc,X5R,0.55mm,Features Normal
CL03A472KP3NNN,General,4.7nF, +/-10%,0201/0603,10Vdc,X5R,0.33mm,Features Normal
CL05B472KB5NFN,General,4.7nF, +/-10%,0402/1005,50Vdc,X7R,0.55mm,Features Normal
CL31B472KHFNNW,General,4.7nF, +/-10%,1206/3216,630Vdc,X7R,1.4mm,Features Normal
CL31B472KIHZNW,General,4.7nF, +/-10%,1206/3216,1000Vdc,X7R,1.8mm,Features Normal
CL05B472KQ5NNW,General,4.7nF, +/-10%,0402/1005,6.3Vdc,X7R,0.55mm,Features Normal
CL31C472JHHNNW,General,4.7nF, +/-5%,1206/3216,630Vdc,C0G,1.8mm,Features Normal
CL05B472JB5NNW,General,4.7nF, +/-5%,0402/1005,50Vdc,X7R,0.55mm,Features Normal
CL05B472KA5NNW,General,4.7nF, +/-10%,0402/1005,25Vdc,X7R,0.55mm,Features Normal
CL05B472KO5NNW,General,4.7nF, +/-10%,0402/1005,16Vdc,X7R,0.55mm,Features Normal
CL32C472JBFNNW,General,4.7nF, +/-5%,1210/3225,50Vdc,C0G,1.45mm,Features Normal
CL10C472JB8NNN,General,4.7nF, +/-5%,0603/1608,50Vdc,C0G,0.9mm,Features Normal
CL10C472JC8NNW,General,4.7nF, +/-5%,0603/1608,100Vdc,C0G,0.9mm,Features Normal
CL31B472KGFNFN,General,4.7nF, +/-10%,1206/3216,500Vdc,X7R,1.4mm,Features Normal
CL03B472KA3NNW,General,4.7nF, +/-10%,0201/0603,25Vdc,X7R,0.33mm,Features Normal
CL03B472KP3NNW,General,4.7nF, +/-10%,0201/0603,10Vdc,X7R,0.33mm,Features Normal
CL10C472JC8N4N,General,4.7nF, +/-5%,0603/1608,100Vdc,C0G,0.9mm,Features Normal
CL03B472KQ3NNN,General,4.7nF, +/-10%,0201/0603,6.3Vdc,X7R,0.33mm,Features Normal
CL05A472KB5NNW,General,4.7nF, +/-10%,0402/1005,50Vdc,X5R,0.55mm,Features Normal
CL10B472KC8SNN,General,4.7nF, +/-10%,0603/1608,100Vdc,X7R,0.9mm,Features Normal
CL05B392KB5NNN,General,3.9nF, +/-10%,0402/1005,50Vdc,X7R,0.55mm,Features Normal
CL31C392JHHNNW,General,3.9nF, +/-5%,1206/3216,630Vdc,C0G,1.8mm,Features Normal
CL31C392JBHNNW,General,3.9nF, +/-5%,1206/3216,50Vdc,C0G,1.8mm,Features Normal
CL31C392JEHNNW,General,3.9nF, +/-5%,1206/3216,250Vdc,C0G,1.8mm,Features Normal
CL31C392JBFNNW,General,3.9nF, +/-5%,1206/3216,50Vdc,C0G,1.4mm,Features Normal
CL31C392JBFNNN,General,3.9nF, +/-5%,1206/3216,50Vdc,C0G,1.4mm,Features Normal
CL05B392KA5NNW,General,3.9nF, +/-10%,0402/1005,25Vdc,X7R,0.55mm,Features Normal
CL10C392JA8NNW,General,3.9nF, +/-5%,0603/1608,25Vdc,C0G,0.9mm,Features Normal
CL10C392JA8NNN,General,3.9nF, +/-5%,0603/1608,25Vdc,C0G,0.9mm,Features Normal
CL05B392KB5NNW,General,3.9nF, +/-10%,0402/1005,50Vdc,X7R,0.55mm,Features Normal
CL31C392JEHNNN,General,3.9nF, +/-5%,1206/3216,250Vdc,C0G,1.8mm,Features Normal
CL10C392JC8NNN,General,3.9nF, +/-5%,0603/1608,100Vdc,C0G,0.9mm,Features Normal
CL10C392JC8NNW,General,3.9nF, +/-5%,0603/1608,100Vdc,C0G,0.9mm,Features Normal
CL10B392KB8NNW,General,3.9nF, +/-10%,0603/1608,50Vdc,X7R,0.9mm,Features Normal
CL31C392JCHNNN,General,3.9nF, +/-5%,1206/3216,100Vdc,C0G,1.8mm,Features Normal
CL10B392KB8NFN,General,3.9nF, +/-10%,0603/1608,50Vdc,X7R,0.9mm,Features Normal
CL10B392KB8NNN,General,3.9nF, +/-10%,0603/1608,50Vdc,X7R,0.9mm,Features Normal
CL31C392JCHNNW,General,3.9nF, +/-5%,1206/3216,100Vdc,C0G,1.8mm,Features Normal
CL31C332JHHNNN,General,3.3nF, +/-5%,1206/3216,630Vdc,C0G,1.8mm,Features Normal
CL05B332KB5NNW,General,3.3nF, +/-10%,0402/1005,50Vdc,X7R,0.55mm,Features Normal
CL05B332KA5NNW,General,3.3nF, +/-10%,0402/1005,25Vdc,X7R,0.55mm,Features Normal
CL31B332KGFNNW,General,3.3nF, +/-10%,1206/3216,500Vdc,X7R,1.4mm,Features Normal
CL05B332JA5NNN,General,3.3nF, +/-5%,0402/1005,25Vdc,X7R,0.55mm,Features Normal
CL05B332JA5NNW,General,3.3nF, +/-5%,0402/1005,25Vdc,X7R,0.55mm,Features Normal
CL31B332KCCNNW,General,3.3nF, +/-10%,1206/3216,100Vdc,X7R,1mm,Features Normal
CL10C332JB8N4N,General,3.3nF, +/-5%,0603/1608,50Vdc,C0G,0.9mm,Features Normal
CL10B332KC8NNN,General,3.3nF, +/-10%,0603/1608,100Vdc,X7R,0.9mm,Features Normal
CL10B332KB8N4N,General,3.3nF, +/-10%,0603/1608,50Vdc,X7R,0.9mm,Features Normal
CL10C332JB8NFN,General,3.3nF, +/-5%,0603/1608,50Vdc,C0G,0.9mm,Features Normal
CL05B332KB5NNN,General,3.3nF, +/-10%,0402/1005,50Vdc,X7R,0.55mm,Features Normal
CL03B332KO3NNW,General,3.3nF, +/-10%,0201/0603,16Vdc,X7R,0.33mm,Features Normal
CL03A332KP3NNW,General,3.3nF, +/-10%,0201/0603,10Vdc,X5R,0.33mm,Features Normal
CL10B332KB8NFN,General,3.3nF, +/-10%,0603/1608,50Vdc,X7R,0.9mm,Features Normal
CL10B332KB8NNN,General,3.3nF, +/-10%,0603/1608,50Vdc,X7R,0.9mm,Features Normal
CL10C332JB8NNN,General,3.3nF, +/-5%,0603/1608,50Vdc,C0G,0.9mm,Features Normal
CL31B332KBCNNW,General,3.3nF, +/-10%,1206/3216,50Vdc,X7R,1mm,Features Normal
CL05B332KB5NFN,General,3.3nF, +/-10%,0402/1005,50Vdc,X7R,0.55mm,Features Normal
CL10C332JB8NNW,General,3.3nF, +/-5%,0603/1608,50Vdc,C0G,0.9mm,Features Normal
CL32C332JBFNNW,General,3.3nF, +/-5%,1210/3225,50Vdc,C0G,1.45mm,Features Normal
CL31C332JHHNFN,General,3.3nF, +/-5%,1206/3216,630Vdc,C0G,1.8mm,Features Normal
CL31B332KHFNNW,General,3.3nF, +/-10%,1206/3216,630Vdc,X7R,1.4mm,Features Normal
CL31B332KCCNNN,General,3.3nF, +/-10%,1206/3216,100Vdc,X7R,1mm,Features Normal
CL05B332JB5NNW,General,3.3nF, +/-5%,0402/1005,50Vdc,X7R,0.55mm,Features Normal
CL03B332KP3NNN,General,3.3nF, +/-10%,0201/0603,10Vdc,X7R,0.33mm,Features Normal
CL03B332KP3NNW,General,3.3nF, +/-10%,0201/0603,10Vdc,X7R,0.33mm,Features Normal
CL03B332KA3NNW,General,3.3nF, +/-10%,0201/0603,25Vdc,X7R,0.33mm,Features Normal
CL10B332KC8NNW,General,3.3nF, +/-10%,0603/1608,100Vdc,X7R,0.9mm,Features Normal
CL10B332MB8NNW,General,3.3nF, +/-20%,0603/1608,50Vdc,X7R,0.9mm,Features Normal
CL03B332KQ3NNW,General,3.3nF, +/-10%,0201/0603,6.3Vdc,X7R,0.33mm,Features Normal
CL31C332JHHNNW,General,3.3nF, +/-5%,1206/3216,630Vdc,C0G,1.8mm,Features Normal
CL31B332KCFNNW,General,3.3nF, +/-10%,1206/3216,100Vdc,X7R,1.4mm,Features Normal
CL31B332KHFSFN,General,3.3nF, +/-10%,1206/3216,630Vdc,X7R,1.4mm,Features Normal
CL31B332KBCNNN,General,3.3nF, +/-10%,1206/3216,50Vdc,X7R,1mm,Features Normal
CL32C332JBFNNN,General,3.3nF, +/-5%,1210/3225,50Vdc,C0G,1.45mm,Features Normal
CL31B332KGFNFN,General,3.3nF, +/-10%,1206/3216,500Vdc,X7R,1.4mm,Features Normal
CL10C332JA8NNN,General,3.3nF, +/-5%,0603/1608,25Vdc,C0G,0.9mm,Features Normal
CL10B332MB8NNN,General,3.3nF, +/-20%,0603/1608,50Vdc,X7R,0.9mm,Features Normal
CL31C332JBFNNW,General,3.3nF, +/-5%,1206/3216,50Vdc,C0G,1.4mm,Features Normal
CL31C332JEHNNN,General,3.3nF, +/-5%,1206/3216,250Vdc,C0G,1.8mm,Features Normal
CL10B332KB8NNW,General,3.3nF, +/-10%,0603/1608,50Vdc,X7R,0.9mm,Features Normal
CL10C332JA8NNW,General,3.3nF, +/-5%,0603/1608,25Vdc,C0G,0.9mm,Features Normal
CL05B332KO5NNW,General,3.3nF, +/-10%,0402/1005,16Vdc,X7R,0.55mm,Features Normal
CL31C332JBFNNN,General,3.3nF, +/-5%,1206/3216,50Vdc,C0G,1.4mm,Features Normal
CL03A332KA3NNW,General,3.3nF, +/-10%,0201/0603,25Vdc,X5R,0.33mm,Features Normal
CL10B272JB8NNW,General,2.7nF, +/-5%,0603/1608,50Vdc,X7R,0.9mm,Features Normal
CL05B272KB5NNN,General,2.7nF, +/-10%,0402/1005,50Vdc,X7R,0.55mm,Features Normal
CL31C272JHHNNW,General,2.7nF, +/-5%,1206/3216,630Vdc,C0G,1.8mm,Features Normal
CL10B272KB8N4N,General,2.7nF, +/-10%,0603/1608,50Vdc,X7R,0.9mm,Features Normal
CL10B272KB8NNN,General,2.7nF, +/-10%,0603/1608,50Vdc,X7R,0.9mm,Features Normal
CL10B272KB8SNW,General,2.7nF, +/-10%,0603/1608,50Vdc,X7R,0.9mm,Features Normal
CL31B272KBCNNW,General,2.7nF, +/-10%,1206/3216,50Vdc,X7R,1mm,Features Normal
CL10B272KB8NNW,General,2.7nF, +/-10%,0603/1608,50Vdc,X7R,0.9mm,Features Normal
CL10C272JB8NFN,General,2.7nF, +/-5%,0603/1608,50Vdc,C0G,0.9mm,Features Normal
CL10C272JB8NNW,General,2.7nF, +/-5%,0603/1608,50Vdc,C0G,0.9mm,Features Normal
CL03B272KA3NNW,General,2.7nF, +/-10%,0201/0603,25Vdc,X7R,0.33mm,Features Normal
CL05B272KB5NNW,General,2.7nF, +/-10%,0402/1005,50Vdc,X7R,0.55mm,Features Normal
CL10C272JB8NNN,General,2.7nF, +/-5%,0603/1608,50Vdc,C0G,0.9mm,Features Normal
CL10B272KB8SFN,General,2.7nF, +/-10%,0603/1608,50Vdc,X7R,0.9mm,Features Normal
CL31C272JHHNNN,General,2.7nF, +/-5%,1206/3216,630Vdc,C0G,1.8mm,Features Normal
CL31B272KBCNNN,General,2.7nF, +/-10%,1206/3216,50Vdc,X7R,1mm,Features Normal
CL31C272JBHNNW,General,2.7nF, +/-5%,1206/3216,50Vdc,C0G,1.8mm,Features Normal
CL10B272JB8NNN,General,2.7nF, +/-5%,0603/1608,50Vdc,X7R,0.9mm,Features Normal
CL10B272KB8NFN,General,2.7nF, +/-10%,0603/1608,50Vdc,X7R,0.9mm,Features Normal
CL31B222KIFNFN,General,2.2nF, +/-10%,1206/3216,1000Vdc,X7R,1.4mm,Features Normal
CL31C222JGHNNN,General,2.2nF, +/-5%,1206/3216,500Vdc,C0G,1.8mm,Features Normal
CL05A222KQ5NNW,General,2.2nF, +/-10%,0402/1005,6.3Vdc,X5R,0.55mm,Features Normal
CL05A222KB5NNW,General,2.2nF, +/-10%,0402/1005,50Vdc,X5R,0.55mm,Features Normal
CL03A222KA3NNW,General,2.2nF, +/-10%,0201/0603,25Vdc,X5R,0.33mm,Features Normal
CL10B222KB8N4N,General,2.2nF, +/-10%,0603/1608,50Vdc,X7R,0.9mm,Features Normal
CL03B222KQ3NNW,General,2.2nF, +/-10%,0201/0603,6.3Vdc,X7R,0.33mm,Features Normal
CL03A222KO3NNW,General,2.2nF, +/-10%,0201/0603,16Vdc,X5R,0.33mm,Features Normal
CL03A222KP3NNN,General,2.2nF, +/-10%,0201/0603,10Vdc,X5R,0.33mm,Features Normal
CL03A222KP3NNW,General,2.2nF, +/-10%,0201/0603,10Vdc,X5R,0.33mm,Features Normal
CL10C222GO8NNN,General,2.2nF, +/-2%,0603/1608,16Vdc,C0G,0.9mm,Features Normal
CL10C222JB8NFN,General,2.2nF, +/-5%,0603/1608,50Vdc,C0G,0.9mm,Features Normal
CL05B222KO5NNW,General,2.2nF, +/-10%,0402/1005,16Vdc,X7R,0.55mm,Features Normal
CL03B222KP3NNW,General,2.2nF, +/-10%,0201/0603,10Vdc,X7R,0.33mm,Features Normal
CL10C222JA8NNW,General,2.2nF, +/-5%,0603/1608,25Vdc,C0G,0.9mm,Features Normal
CL10C222JO8NNN,General,2.2nF, +/-5%,0603/1608,16Vdc,C0G,0.9mm,Features Normal
CL10C222JO8NNW,General,2.2nF, +/-5%,0603/1608,16Vdc,C0G,0.9mm,Features Normal
CL31C222JCCNNW,General,2.2nF, +/-5%,1206/3216,100Vdc,C0G,1mm,Features Normal
CL31C222JHHNFN,General,2.2nF, +/-5%,1206/3216,630Vdc,C0G,1.8mm,Features Normal
CL31C222JHHNNN,General,2.2nF, +/-5%,1206/3216,630Vdc,C0G,1.8mm,Features Normal
CL31C222JBCNNW,General,2.2nF, +/-5%,1206/3216,50Vdc,C0G,1mm,Features Normal
CL31C222JCCNNN,General,2.2nF, +/-5%,1206/3216,100Vdc,C0G,1mm,Features Normal
CL05B222KQ5NNW,General,2.2nF, +/-10%,0402/1005,6.3Vdc,X7R,0.55mm,Features Normal
CL03B222KA3NNW,General,2.2nF, +/-10%,0201/0603,25Vdc,X7R,0.33mm,Features Normal
CL05B222KB5NNW,General,2.2nF, +/-10%,0402/1005,50Vdc,X7R,0.55mm,Features Normal
CL31B222KCFNNW,General,2.2nF, +/-10%,1206/3216,100Vdc,X7R,1.4mm,Features Normal
CL31B222KIFNNW,General,2.2nF, +/-10%,1206/3216,1000Vdc,X7R,1.4mm,Features Normal
CL31B222KDCNFN,General,2.2nF, +/-10%,1206/3216,200Vdc,X7R,1mm,Features Normal
CL31B222KDCNNW,General,2.2nF, +/-10%,1206/3216,200Vdc,X7R,1mm,Features Normal
CL10B222JB8N4N,General,2.2nF, +/-5%,0603/1608,50Vdc,X7R,0.9mm,Features Normal
CL10B222KC8NNW,General,2.2nF, +/-10%,0603/1608,100Vdc,X7R,0.9mm,Features Normal
CL31C222JEHNNW,General,2.2nF, +/-5%,1206/3216,250Vdc,C0G,1.8mm,Features Normal
CL31B222KCCNNN,General,2.2nF, +/-10%,1206/3216,100Vdc,X7R,1mm,Features Normal
CL10C222JB8NNW,General,2.2nF, +/-5%,0603/1608,50Vdc,C0G,0.9mm,Features Normal
CL05B222JB5NNW,General,2.2nF, +/-5%,0402/1005,50Vdc,X7R,0.55mm,Features Normal
CL03B222KO3NNW,General,2.2nF, +/-10%,0201/0603,16Vdc,X7R,0.33mm,Features Normal
CL05B222KA5NNW,General,2.2nF, +/-10%,0402/1005,25Vdc,X7R,0.55mm,Features Normal
CL10B222KB8NFN,General,2.2nF, +/-10%,0603/1608,50Vdc,X7R,0.9mm,Features Normal
CL31B222KGFNNW,General,2.2nF, +/-10%,1206/3216,500Vdc,X7R,1.4mm,Features Normal
CL31B222KHFNFN,General,2.2nF, +/-10%,1206/3216,630Vdc,X7R,1.4mm,Features Normal
CL31B222KHFNNW,General,2.2nF, +/-10%,1206/3216,630Vdc,X7R,1.4mm,Features Normal
CL31C222JBCNNN,General,2.2nF, +/-5%,1206/3216,50Vdc,C0G,1mm,Features Normal
CL31C222JBHNNW,General,2.2nF, +/-5%,1206/3216,50Vdc,C0G,1.8mm,Features Normal
CL10C222JA8NNN,General,2.2nF, +/-5%,0603/1608,25Vdc,C0G,0.9mm,Features Normal
CL05A222KP5NNW,General,2.2nF, +/-10%,0402/1005,10Vdc,X5R,0.55mm,Features Normal
CL05B222KB5NFN,General,2.2nF, +/-10%,0402/1005,50Vdc,X7R,0.55mm,Features Normal
CL05A222KO5NNW,General,2.2nF, +/-10%,0402/1005,16Vdc,X5R,0.55mm,Features Normal
CL31C222JEHNNN,General,2.2nF, +/-5%,1206/3216,250Vdc,C0G,1.8mm,Features Normal
CL31C222JGHNNW,General,2.2nF, +/-5%,1206/3216,500Vdc,C0G,1.8mm,Features Normal
CL10B222KB8NNW,General,2.2nF, +/-10%,0603/1608,50Vdc,X7R,0.9mm,Features Normal
CL03A222KQ3NNW,General,2.2nF, +/-10%,0201/0603,6.3Vdc,X5R,0.33mm,Features Normal
CL05A222KA5NNW,General,2.2nF, +/-10%,0402/1005,25Vdc,X5R,0.55mm,Features Normal
CL31B222KIFNNN,General,2.2nF, +/-10%,1206/3216,1000Vdc,X7R,1.4mm,Features Normal
CL31B222KCCNNW,General,2.2nF, +/-10%,1206/3216,100Vdc,X7R,1mm,Features Normal
CL31B222KGFNFN,General,2.2nF, +/-10%,1206/3216,500Vdc,X7R,1.4mm,Features Normal
CL03B222KQ3NNN,General,2.2nF, +/-10%,0201/0603,6.3Vdc,X7R,0.33mm,Features Normal
CL05B222KB5NNN,General,2.2nF, +/-10%,0402/1005,50Vdc,X7R,0.55mm,Features Normal
CL05B222JB5NNN,General,2.2nF, +/-5%,0402/1005,50Vdc,X7R,0.55mm,Features Normal
CL10C222JB8N4N,General,2.2nF, +/-5%,0603/1608,50Vdc,C0G,0.9mm,Features Normal
CL10C222JB8NNN,General,2.2nF, +/-5%,0603/1608,50Vdc,C0G,0.9mm,Features Normal
CL10B222KB8SFN,General,2.2nF, +/-10%,0603/1608,50Vdc,X7R,0.9mm,Features Normal
CL10B222KB8ZNN,General,2.2nF, +/-10%,0603/1608,50Vdc,X7R,0.9mm,Features Normal
CL10B222KB8NNN,General,2.2nF, +/-10%,0603/1608,50Vdc,X7R,0.9mm,Features Normal
CL10B222JB8NNW,General,2.2nF, +/-5%,0603/1608,50Vdc,X7R,0.9mm,Features Normal
CL10B202KB8NNW,General,2nF, +/-10%,0603/1608,50Vdc,X7R,0.9mm,Features Normal
CL10B202KB8NNN,General,2nF, +/-10%,0603/1608,50Vdc,X7R,0.9mm,Features Normal
CL10C182JB8NFN,General,1.8nF, +/-5%,0603/1608,50Vdc,C0G,0.9mm,Features Normal
CL32C182JHHNNN,General,1.8nF, +/-5%,1210/3225,630Vdc,C0G,1.8mm,Features Normal
CL10C182JO8NNW,General,1.8nF, +/-5%,0603/1608,16Vdc,C0G,0.9mm,Features Normal
CL10B182KB8NFN,General,1.8nF, +/-10%,0603/1608,50Vdc,X7R,0.9mm,Features Normal
CL31C182JHHNNN,General,1.8nF, +/-5%,1206/3216,630Vdc,C0G,1.8mm,Features Normal
CL10C182JO8NNN,General,1.8nF, +/-5%,0603/1608,16Vdc,C0G,0.9mm,Features Normal
CL10C182JB8N4N,General,1.8nF, +/-5%,0603/1608,50Vdc,C0G,0.9mm,Features Normal
CL05B182KB5NNN,General,1.8nF, +/-10%,0402/1005,50Vdc,X7R,0.55mm,Features Normal
CL03B182KA3NNN,General,1.8nF, +/-10%,0201/0603,25Vdc,X7R,0.33mm,Features Normal
CL10B182KB8N4N,General,1.8nF, +/-10%,0603/1608,50Vdc,X7R,0.9mm,Features Normal
CL10B182KB8NNW,General,1.8nF, +/-10%,0603/1608,50Vdc,X7R,0.9mm,Features Normal
CL32C182JBFNNN,General,1.8nF, +/-5%,1210/3225,50Vdc,C0G,1.45mm,Features Normal
CL32C182JGHNNW,General,1.8nF, +/-5%,1210/3225,500Vdc,C0G,1.8mm,Features Normal
CL31C182JBCNNN,General,1.8nF, +/-5%,1206/3216,50Vdc,C0G,1mm,Features Normal
CL31C182JBCNNW,General,1.8nF, +/-5%,1206/3216,50Vdc,C0G,1mm,Features Normal
CL32C182JBFNNW,General,1.8nF, +/-5%,1210/3225,50Vdc,C0G,1.45mm,Features Normal
CL32C182JGHNNN,General,1.8nF, +/-5%,1210/3225,500Vdc,C0G,1.8mm,Features Normal
CL05B182KB5NNW,General,1.8nF, +/-10%,0402/1005,50Vdc,X7R,0.55mm,Features Normal
CL10C182JB8NNN,General,1.8nF, +/-5%,0603/1608,50Vdc,C0G,0.9mm,Features Normal
CL31C182JBHNNW,General,1.8nF, +/-5%,1206/3216,50Vdc,C0G,1.8mm,Features Normal
CL10C182JB8NNW,General,1.8nF, +/-5%,0603/1608,50Vdc,C0G,0.9mm,Features Normal
CL03B152MB3NNN,General,1.5nF, +/-20%,0201/0603,50Vdc,X7R,0.33mm,Features Normal
CL10C152GA8NNW,General,1.5nF, +/-2%,0603/1608,25Vdc,C0G,0.9mm,Features Normal
CL10C152JB8NNN,General,1.5nF, +/-5%,0603/1608,50Vdc,C0G,0.9mm,Features Normal
CL10C152JB8NNW,General,1.5nF, +/-5%,0603/1608,50Vdc,C0G,0.9mm,Features Normal
CL10B152KB8NNN,General,1.5nF, +/-10%,0603/1608,50Vdc,X7R,0.9mm,Features Normal
CL10B152KB8NNW,General,1.5nF, +/-10%,0603/1608,50Vdc,X7R,0.9mm,Features Normal
CL31B152KBCNNW,General,1.5nF, +/-10%,1206/3216,50Vdc,X7R,1mm,Features Normal
CL31B152KGFNNW,General,1.5nF, +/-10%,1206/3216,500Vdc,X7R,1.4mm,Features Normal
CL31B152KHFNNW,General,1.5nF, +/-10%,1206/3216,630Vdc,X7R,1.4mm,Features Normal
CL31C152JBCNNW,General,1.5nF, +/-5%,1206/3216,50Vdc,C0G,1mm,Features Normal
CL03B152KA3NNW,General,1.5nF, +/-10%,0201/0603,25Vdc,X7R,0.33mm,Features Normal
CL10C152JB8NFN,General,1.5nF, +/-5%,0603/1608,50Vdc,C0G,0.9mm,Features Normal
CL03B152KP3NNW,General,1.5nF, +/-10%,0201/0603,10Vdc,X7R,0.33mm,Features Normal
CL03A152KP3NNW,General,1.5nF, +/-10%,0201/0603,10Vdc,X5R,0.33mm,Features Normal
CL10B152JB8N4N,General,1.5nF, +/-5%,0603/1608,50Vdc,X7R,0.9mm,Features Normal
CL10B152KB8NFN,General,1.5nF, +/-10%,0603/1608,50Vdc,X7R,0.9mm,Features Normal
CL10B152KB8SFN,General,1.5nF, +/-10%,0603/1608,50Vdc,X7R,0.9mm,Features Normal
CL31B152KBCNNN,General,1.5nF, +/-10%,1206/3216,50Vdc,X7R,1mm,Features Normal
CL31C152JHHNNN,General,1.5nF, +/-5%,1206/3216,630Vdc,C0G,1.8mm,Features Normal
CL05B152KB5NNW,General,1.5nF, +/-10%,0402/1005,50Vdc,X7R,0.55mm,Features Normal
CL03B152KO3NNW,General,1.5nF, +/-10%,0201/0603,16Vdc,X7R,0.33mm,Features Normal
CL10B152KB8N4N,General,1.5nF, +/-10%,0603/1608,50Vdc,X7R,0.9mm,Features Normal
CL05B152KA5NNW,General,1.5nF, +/-10%,0402/1005,25Vdc,X7R,0.55mm,Features Normal
CL31B152KGFNFN,General,1.5nF, +/-10%,1206/3216,500Vdc,X7R,1.4mm,Features Normal
CL31C152JBCNNN,General,1.5nF, +/-5%,1206/3216,50Vdc,C0G,1mm,Features Normal
CL31C152JCCNNW,General,1.5nF, +/-5%,1206/3216,100Vdc,C0G,1mm,Features Normal
CL05B152KA5NNN,General,1.5nF, +/-10%,0402/1005,25Vdc,X7R,0.55mm,Features Normal
CL31B152KIFNFN,General,1.5nF, +/-10%,1206/3216,1000Vdc,X7R,1.4mm,Features Normal
CL03B152KQ3NNW,General,1.5nF, +/-10%,0201/0603,6.3Vdc,X7R,0.33mm,Features Normal
CL31C152GBCNNW,General,1.5nF, +/-2%,1206/3216,50Vdc,C0G,1mm,Features Normal
CL31C152JCCNNN,General,1.5nF, +/-5%,1206/3216,100Vdc,C0G,1mm,Features Normal
CL31C152JHHNFN,General,1.5nF, +/-5%,1206/3216,630Vdc,C0G,1.8mm,Features Normal
CL10B152KC8NNN,General,1.5nF, +/-10%,0603/1608,100Vdc,X7R,0.9mm,Features Normal
CL10B152KC8NNW,General,1.5nF, +/-10%,0603/1608,100Vdc,X7R,0.9mm,Features Normal
CL31B152KIFNNW,General,1.5nF, +/-10%,1206/3216,1000Vdc,X7R,1.4mm,Features Normal
CL31B152KHFNFN,General,1.5nF, +/-10%,1206/3216,630Vdc,X7R,1.4mm,Features Normal
CL03B152KP3NNN,General,1.5nF, +/-10%,0201/0603,10Vdc,X7R,0.33mm,Features Normal
CL05B152JB5NNN,General,1.5nF, +/-5%,0402/1005,50Vdc,X7R,0.55mm,Features Normal
CL05B152JB5NNW,General,1.5nF, +/-5%,0402/1005,50Vdc,X7R,0.55mm,Features Normal
CL31C152JHHNNW,General,1.5nF, +/-5%,1206/3216,630Vdc,C0G,1.8mm,Features Normal
CL05B152KB5NNN,General,1.5nF, +/-10%,0402/1005,50Vdc,X7R,0.55mm,Features Normal
CL31B152KCFNNW,General,1.5nF, +/-10%,1206/3216,100Vdc,X7R,1.4mm,Features Normal
CL31B152KGFNNN,General,1.5nF, +/-10%,1206/3216,500Vdc,X7R,1.4mm,Features Normal
CL03B122KP3NNW,General,1.2nF, +/-10%,0201/0603,10Vdc,X7R,0.33mm,Features Normal
CL10B122KB8NFN,General,1.2nF, +/-10%,0603/1608,50Vdc,X7R,0.9mm,Features Normal
CL05B122KB5NNW,General,1.2nF, +/-10%,0402/1005,50Vdc,X7R,0.55mm,Features Normal
CL10C122JB8N4N,General,1.2nF, +/-5%,0603/1608,50Vdc,C0G,0.9mm,Features Normal
CL10C122JB8NFN,General,1.2nF, +/-5%,0603/1608,50Vdc,C0G,0.9mm,Features Normal
CL31C122JBCNNN,General,1.2nF, +/-5%,1206/3216,50Vdc,C0G,1mm,Features Normal
CL31C122JHHNNW,General,1.2nF, +/-5%,1206/3216,630Vdc,C0G,1.8mm,Features Normal
CL31C122JBHNNW,General,1.2nF, +/-5%,1206/3216,50Vdc,C0G,1.8mm,Features Normal
CL10C122JB8NNW,General,1.2nF, +/-5%,0603/1608,50Vdc,C0G,0.9mm,Features Normal
CL03A122KO3NNW,General,1.2nF, +/-10%,0201/0603,16Vdc,X5R,0.33mm,Features Normal
CL10B122KB8NNW,General,1.2nF, +/-10%,0603/1608,50Vdc,X7R,0.9mm,Features Normal
CL05B122JB5NNN,General,1.2nF, +/-5%,0402/1005,50Vdc,X7R,0.55mm,Features Normal
CL10B122KB8N4N,General,1.2nF, +/-10%,0603/1608,50Vdc,X7R,0.9mm,Features Normal
CL31C122JBCNNW,General,1.2nF, +/-5%,1206/3216,50Vdc,C0G,1mm,Features Normal
CL31C122JHHNNN,General,1.2nF, +/-5%,1206/3216,630Vdc,C0G,1.8mm,Features Normal
CL10B122KB8NNN,General,1.2nF, +/-10%,0603/1608,50Vdc,X7R,0.9mm,Features Normal
CL10C122JB8NNN,General,1.2nF, +/-5%,0603/1608,50Vdc,C0G,0.9mm,Features Normal
CL05B122JB5NNW,General,1.2nF, +/-5%,0402/1005,50Vdc,X7R,0.55mm,Features Normal
CL10C122JA8NNW,General,1.2nF, +/-5%,0603/1608,25Vdc,C0G,0.9mm,Features Normal
CL05C102JB5NNW,General,1nF, +/-5%,0402/1005,50Vdc,C0G,0.55mm,Features Normal
CL05C102JO5NNN,General,1nF, +/-5%,0402/1005,16Vdc,C0G,0.55mm,Features Normal
CL31B102KHFNNW,General,1nF, +/-10%,1206/3216,630Vdc,X7R,1.4mm,Features Normal
CL03C102JB3NNW,General,1nF, +/-5%,0201/0603,50Vdc,C0G,0.33mm,Features Normal
CL10B102JB8NNW,General,1nF, +/-5%,0603/1608,50Vdc,X7R,0.9mm,Features Normal
CL10C102JC8NNN,General,1nF, +/-5%,0603/1608,100Vdc,C0G,0.9mm,Features Normal
CL10B102KB8NNW,General,1nF, +/-10%,0603/1608,50Vdc,X7R,0.9mm,Features Normal
CL31B102KDCNNN,General,1nF, +/-10%,1206/3216,200Vdc,X7R,1mm,Features Normal
CL31B102KGFNFN,General,1nF, +/-10%,1206/3216,500Vdc,X7R,1.4mm,Features Normal
CL10B102MB8NNW,General,1nF, +/-20%,0603/1608,50Vdc,X7R,0.9mm,Features Normal
CL03B102JA3NNN,General,1nF, +/-5%,0201/0603,25Vdc,X7R,0.33mm,Features Normal
CL03B102JA3NNW,General,1nF, +/-5%,0201/0603,25Vdc,X7R,0.33mm,Features Normal
CL05B102JB5NNN,General,1nF, +/-5%,0402/1005,50Vdc,X7R,0.55mm,Features Normal
CL05A102KQ5NNW,General,1nF, +/-10%,0402/1005,6.3Vdc,X5R,0.55mm,Features Normal
CL05B102KB5NCN,General,1nF, +/-10%,0402/1005,50Vdc,X7R,0.55mm,Features Normal
CL10C102JO8NNW,General,1nF, +/-5%,0603/1608,16Vdc,C0G,0.9mm,Features Normal
CL10C102JC8NNW,General,1nF, +/-5%,0603/1608,100Vdc,C0G,0.9mm,Features Normal
CL10B102KB8NFN,General,1nF, +/-10%,0603/1608,50Vdc,X7R,0.9mm,Features Normal
CL10C102GB8NNW,General,1nF, +/-2%,0603/1608,50Vdc,C0G,0.9mm,Features Normal
CL10B102KB8SFN,General,1nF, +/-10%,0603/1608,50Vdc,X7R,0.9mm,Features Normal
CL10C102FB8NNW,General,1nF, +/-1%,0603/1608,50Vdc,C0G,0.9mm,Features Normal
CL31B102KHFSFN,General,1nF, +/-10%,1206/3216,630Vdc,X7R,1.4mm,Features Normal
CL05C102JA5NFN,General,1nF, +/-5%,0402/1005,25Vdc,C0G,0.55mm,Features Normal
CL03B102KO3NNN,General,1nF, +/-10%,0201/0603,16Vdc,X7R,0.33mm,Features Normal
CL03A102KA3NNW,General,1nF, +/-10%,0201/0603,25Vdc,X5R,0.33mm,Features Normal
CL31C102JHHNNN,General,1nF, +/-5%,1206/3216,630Vdc,C0G,1.8mm,Features Normal
CL05B102KB5NNW,General,1nF, +/-10%,0402/1005,50Vdc,X7R,0.55mm,Features Normal
CL31B102JJHNNN,General,1nF, +/-5%,1206/3216,2000Vdc,X7R,1.8mm,Features Normal
CL31B102KDCNNW,General,1nF, +/-10%,1206/3216,200Vdc,X7R,1mm,Features Normal
CL31B102KGFNNN,General,1nF, +/-10%,1206/3216,500Vdc,X7R,1.4mm,Features Normal
CL31B102KHFNFN,General,1nF, +/-10%,1206/3216,630Vdc,X7R,1.4mm,Features Normal
CL31B102KHFSNW,General,1nF, +/-10%,1206/3216,630Vdc,X7R,1.4mm,Features Normal
CL31C102KCCNNW,General,1nF, +/-10%,1206/3216,100Vdc,C0G,1mm,Features Normal
CL31C102JGHNFN,General,1nF, +/-5%,1206/3216,500Vdc,C0G,1.8mm,Features Normal
CL31C102JGHNNW,General,1nF, +/-5%,1206/3216,500Vdc,C0G,1.8mm,Features Normal
CL05B102KA5NNW,General,1nF, +/-10%,0402/1005,25Vdc,X7R,0.55mm,Features Normal
CL05A102KO5NNW,General,1nF, +/-10%,0402/1005,16Vdc,X5R,0.55mm,Features Normal
CL31C102JDFNNW,General,1nF, +/-5%,1206/3216,200Vdc,C0G,1.4mm,Features Normal
CL31B102KBCNNW,General,1nF, +/-10%,1206/3216,50Vdc,X7R,1mm,Features Normal
CL31B102KCCNNW,General,1nF, +/-10%,1206/3216,100Vdc,X7R,1mm,Features Normal
CL31C102JHHNW6,General,1nF, +/-5%,1206/3216,630Vdc,C0G,1.8mm,Features Normal
CL31C102JIHNNN,General,1nF, +/-5%,1206/3216,1000Vdc,C0G,1.8mm,Features Normal
CL31C102JIHNNW,General,1nF, +/-5%,1206/3216,1000Vdc,C0G,1.8mm,Features Normal
CL10C102JB8NFN,General,1nF, +/-5%,0603/1608,50Vdc,C0G,0.9mm,Features Normal
CL10C102JA8NNW,General,1nF, +/-5%,0603/1608,25Vdc,C0G,0.9mm,Features Normal
CL05C102JO5NNW,General,1nF, +/-5%,0402/1005,16Vdc,C0G,0.55mm,Features Normal
CL05C102GA5NNN,General,1nF, +/-2%,0402/1005,25Vdc,C0G,0.55mm,Features Normal
CL31C102JHMLNW,General,1nF, +/-5%,1206/3216,630Vdc,C0G,1.3mm,Features Normal
CL31C102JDFNNN,General,1nF, +/-5%,1206/3216,200Vdc,C0G,1.4mm,Features Normal
CL05C102FB5NNW,General,1nF, +/-1%,0402/1005,50Vdc,C0G,0.55mm,Features Normal
CL05C102JC5NNN,General,1nF, +/-5%,0402/1005,100Vdc,C0G,0.55mm,Features Normal
CL31B102KIFNFN,General,1nF, +/-10%,1206/3216,1000Vdc,X7R,1.4mm,Features Normal
CL31B102KJHNNW,General,1nF, +/-10%,1206/3216,2000Vdc,X7R,1.8mm,Features Normal
CL31B102KBCNNN,General,1nF, +/-10%,1206/3216,50Vdc,X7R,1mm,Features Normal
CL10C102JB8NNW,General,1nF, +/-5%,0603/1608,50Vdc,C0G,0.9mm,Features Normal
CL31C102JHMLNN,General,1nF, +/-5%,1206/3216,630Vdc,C0G,1.3mm,Features Normal
CL03B102KA3NNN,General,1nF, +/-10%,0201/0603,25Vdc,X7R,0.33mm,Features Normal
CL31C102JHHNFN,General,1nF, +/-5%,1206/3216,630Vdc,C0G,1.8mm,Features Normal
CL05C102JA5NNW,General,1nF, +/-5%,0402/1005,25Vdc,C0G,0.55mm,Features Normal
CL05C102JB5NNN,General,1nF, +/-5%,0402/1005,50Vdc,C0G,0.55mm,Features Normal
CL10B102KC8NFN,General,1nF, +/-10%,0603/1608,100Vdc,X7R,0.9mm,Features Normal
CL31B102KCFNNW,General,1nF, +/-10%,1206/3216,100Vdc,X7R,1.4mm,Features Normal
CL05B102KQ5NNW,General,1nF, +/-10%,0402/1005,6.3Vdc,X7R,0.55mm,Features Normal
CL03B102KA3NNW,General,1nF, +/-10%,0201/0603,25Vdc,X7R,0.33mm,Features Normal
CL31C102JCCNNW,General,1nF, +/-5%,1206/3216,100Vdc,C0G,1mm,Features Normal
CL31C102JIHN4N,General,1nF, +/-5%,1206/3216,1000Vdc,C0G,1.8mm,Features Normal
CL32B102KJFNNW,General,1nF, +/-10%,1210/3225,2000Vdc,X7R,1.45mm,Features Normal
CL31C102JBCNNW,General,1nF, +/-5%,1206/3216,50Vdc,C0G,1mm,Features Normal
CL10B102KC8NNN,General,1nF, +/-10%,0603/1608,100Vdc,X7R,0.9mm,Features Normal
CL10B102KC8NNW,General,1nF, +/-10%,0603/1608,100Vdc,X7R,0.9mm,Features Normal
CL05A102KA5NNW,General,1nF, +/-10%,0402/1005,25Vdc,X5R,0.55mm,Features Normal
CL05A102KB5NNW,General,1nF, +/-10%,0402/1005,50Vdc,X5R,0.55mm,Features Normal
CL31B102KIFNNN,General,1nF, +/-10%,1206/3216,1000Vdc,X7R,1.4mm,Features Normal
CL31B102KIFNNW,General,1nF, +/-10%,1206/3216,1000Vdc,X7R,1.4mm,Features Normal
CL31B102KJHNNN,General,1nF, +/-10%,1206/3216,2000Vdc,X7R,1.8mm,Features Normal
CL31B102KGFNNW,General,1nF, +/-10%,1206/3216,500Vdc,X7R,1.4mm,Features Normal
CL10C102JB8NNN,General,1nF, +/-5%,0603/1608,50Vdc,C0G,0.9mm,Features Normal
CL10C102JO8NNN,General,1nF, +/-5%,0603/1608,16Vdc,C0G,0.9mm,Features Normal
CL10B102KB8NNN,General,1nF, +/-10%,0603/1608,50Vdc,X7R,0.9mm,Features Normal
CL05C102JB5N4N,General,1nF, +/-5%,0402/1005,50Vdc,C0G,0.55mm,Features Normal
CL31C102JHHNNW,General,1nF, +/-5%,1206/3216,630Vdc,C0G,1.8mm,Features Normal
CL03B102KO3NNW,General,1nF, +/-10%,0201/0603,16Vdc,X7R,0.33mm,Features Normal
CL03B102KP3NNN,General,1nF, +/-10%,0201/0603,10Vdc,X7R,0.33mm,Features Normal
CL05B102JB5NNW,General,1nF, +/-5%,0402/1005,50Vdc,X7R,0.55mm,Features Normal
CL10B102KB8N4N,General,1nF, +/-10%,0603/1608,50Vdc,X7R,0.9mm,Features Normal
CL10B102KB8NCN,General,1nF, +/-10%,0603/1608,50Vdc,X7R,0.9mm,Features Normal
CL10B102JB8NFN,General,1nF, +/-5%,0603/1608,50Vdc,X7R,0.9mm,Features Normal
CL10C102JA8N4N,General,1nF, +/-5%,0603/1608,25Vdc,C0G,0.9mm,Features Normal
CL10C102JA8NFN,General,1nF, +/-5%,0603/1608,25Vdc,C0G,0.9mm,Features Normal
CL10C102JA8NNN,General,1nF, +/-5%,0603/1608,25Vdc,C0G,0.9mm,Features Normal
CL05A102KP5NNW,General,1nF, +/-10%,0402/1005,10Vdc,X5R,0.55mm,Features Normal
CL05B102KB5NFN,General,1nF, +/-10%,0402/1005,50Vdc,X7R,0.55mm,Features Normal
CL05B102KB5NNN,General,1nF, +/-10%,0402/1005,50Vdc,X7R,0.55mm,Features Normal
CL05B102KO5NNW,General,1nF, +/-10%,0402/1005,16Vdc,X7R,0.55mm,Features Normal
CL05C821JB5NNW,General,820pF, +/-5%,0402/1005,50Vdc,C0G,0.55mm,Features Normal
CL10B821KB8NNW,General,820pF, +/-10%,0603/1608,50Vdc,X7R,0.9mm,Features Normal
CL10C821JB8NNW,General,820pF, +/-5%,0603/1608,50Vdc,C0G,0.9mm,Features Normal
CL10C821JB8NFN,General,820pF, +/-5%,0603/1608,50Vdc,C0G,0.9mm,Features Normal
CL03B821KO3NNN,General,820pF, +/-10%,0201/0603,16Vdc,X7R,0.33mm,Features Normal
CL05B821KB5NNW,General,820pF, +/-10%,0402/1005,50Vdc,X7R,0.55mm,Features Normal
CL31C821JBCNNW,General,820pF, +/-5%,1206/3216,50Vdc,C0G,1mm,Features Normal
CL31C821JGHNNW,General,820pF, +/-5%,1206/3216,500Vdc,C0G,1.8mm,Features Normal
CL31C821JGHNNN,General,820pF, +/-5%,1206/3216,500Vdc,C0G,1.8mm,Features Normal
CL05B821KO5NNW,General,820pF, +/-10%,0402/1005,16Vdc,X7R,0.55mm,Features Normal
CL05C821JA5NNW,General,820pF, +/-5%,0402/1005,25Vdc,C0G,0.55mm,Features Normal
CL31C821JBCNNN,General,820pF, +/-5%,1206/3216,50Vdc,C0G,1mm,Features Normal
CL10C821JA8NNN,General,820pF, +/-5%,0603/1608,25Vdc,C0G,0.9mm,Features Normal
CL03B821KA3NNW,General,820pF, +/-10%,0201/0603,25Vdc,X7R,0.33mm,Features Normal
CL31C821JHHNNW,General,820pF, +/-5%,1206/3216,630Vdc,C0G,1.8mm,Features Normal
CL05B821KO5NNN,General,820pF, +/-10%,0402/1005,16Vdc,X7R,0.55mm,Features Normal
CL10C821JB8N4N,General,820pF, +/-5%,0603/1608,50Vdc,C0G,0.9mm,Features Normal
CL31C821JCCNNW,General,820pF, +/-5%,1206/3216,100Vdc,C0G,1mm,Features Normal
CL31C821JHHNNN,General,820pF, +/-5%,1206/3216,630Vdc,C0G,1.8mm,Features Normal
CL10B821KB8N4N,General,820pF, +/-10%,0603/1608,50Vdc,X7R,0.9mm,Features Normal
CL05C821JB5NNN,General,820pF, +/-5%,0402/1005,50Vdc,C0G,0.55mm,Features Normal
CL05C821JB5N4N,General,820pF, +/-5%,0402/1005,50Vdc,C0G,0.55mm,Features Normal
CL10C821JA8NNW,General,820pF, +/-5%,0603/1608,25Vdc,C0G,0.9mm,Features Normal
CL03B821KO3NNW,General,820pF, +/-10%,0201/0603,16Vdc,X7R,0.33mm,Features Normal
CL10C751JB8NNN,General,750pF, +/-5%,0603/1608,50Vdc,C0G,0.9mm,Features Normal
CL10C751JB8NNW,General,750pF, +/-5%,0603/1608,50Vdc,C0G,0.9mm,Features Normal
CL03B681KA3NNN,General,680pF, +/-10%,0201/0603,25Vdc,X7R,0.33mm,Features Normal
CL10B681JB8NNW,General,680pF, +/-5%,0603/1608,50Vdc,X7R,0.9mm,Features Normal
CL10B681KB8NFN,General,680pF, +/-10%,0603/1608,50Vdc,X7R,0.9mm,Features Normal
CL10B681KB8NNW,General,680pF, +/-10%,0603/1608,50Vdc,X7R,0.9mm,Features Normal
CL31B681KBCNNW,General,680pF, +/-10%,1206/3216,50Vdc,X7R,1mm,Features Normal
CL31B681KHFNNW,General,680pF, +/-10%,1206/3216,630Vdc,X7R,1.4mm,Features Normal
CL05B681JB5NNW,General,680pF, +/-5%,0402/1005,50Vdc,X7R,0.55mm,Features Normal
CL05C681JB5NNN,General,680pF, +/-5%,0402/1005,50Vdc,C0G,0.55mm,Features Normal
CL05C681JB5NNW,General,680pF, +/-5%,0402/1005,50Vdc,C0G,0.55mm,Features Normal
CL32C681JGFNNW,General,680pF, +/-5%,1210/3225,500Vdc,C0G,1.45mm,Features Normal
CL10C681JB8NFN,General,680pF, +/-5%,0603/1608,50Vdc,C0G,0.9mm,Features Normal
CL10C681JB8NNN,General,680pF, +/-5%,0603/1608,50Vdc,C0G,0.9mm,Features Normal
CL05B681KB5NNW,General,680pF, +/-10%,0402/1005,50Vdc,X7R,0.55mm,Features Normal
CL03A681KA3NNW,General,680pF, +/-10%,0201/0603,25Vdc,X5R,0.33mm,Features Normal
CL31C681JGHNFN,General,680pF, +/-5%,1206/3216,500Vdc,C0G,1.8mm,Features Normal
CL10C681JA8NNW,General,680pF, +/-5%,0603/1608,25Vdc,C0G,0.9mm,Features Normal
CL31B681KIFNNN,General,680pF, +/-10%,1206/3216,1000Vdc,X7R,1.4mm,Features Normal
CL31B681KGFNNN,General,680pF, +/-10%,1206/3216,500Vdc,X7R,1.4mm,Features Normal
CL31B681KGFNNW,General,680pF, +/-10%,1206/3216,500Vdc,X7R,1.4mm,Features Normal
CL31B681KCFNNW,General,680pF, +/-10%,1206/3216,100Vdc,X7R,1.4mm,Features Normal
CL05B681KB5NNN,General,680pF, +/-10%,0402/1005,50Vdc,X7R,0.55mm,Features Normal
CL31C681JCCNNW,General,680pF, +/-5%,1206/3216,100Vdc,C0G,1mm,Features Normal
CL31C681JHHNFN,General,680pF, +/-5%,1206/3216,630Vdc,C0G,1.8mm,Features Normal
CL31C681JBCNNW,General,680pF, +/-5%,1206/3216,50Vdc,C0G,1mm,Features Normal
CL31C681JCCNNN,General,680pF, +/-5%,1206/3216,100Vdc,C0G,1mm,Features Normal
CL05C681JB5NFN,General,680pF, +/-5%,0402/1005,50Vdc,C0G,0.55mm,Features Normal
CL05B681JB5NNN,General,680pF, +/-5%,0402/1005,50Vdc,X7R,0.55mm,Features Normal
CL31C681JBCNNN,General,680pF, +/-5%,1206/3216,50Vdc,C0G,1mm,Features Normal
CL10C681JB8N4N,General,680pF, +/-5%,0603/1608,50Vdc,C0G,0.9mm,Features Normal
CL03B681KO3NNW,General,680pF, +/-10%,0201/0603,16Vdc,X7R,0.33mm,Features Normal
CL32C681JGFNNN,General,680pF, +/-5%,1210/3225,500Vdc,C0G,1.45mm,Features Normal
CL31B681KIFNNW,General,680pF, +/-10%,1206/3216,1000Vdc,X7R,1.4mm,Features Normal
CL05C681JA5NNW,General,680pF, +/-5%,0402/1005,25Vdc,C0G,0.55mm,Features Normal
CL31C681JGHNNW,General,680pF, +/-5%,1206/3216,500Vdc,C0G,1.8mm,Features Normal
CL31C681JHHNNW,General,680pF, +/-5%,1206/3216,630Vdc,C0G,1.8mm,Features Normal
CL31C681JIFN4N,General,680pF, +/-5%,1206/3216,1000Vdc,C0G,1.4mm,Features Normal
CL31C681JIFNNW,General,680pF, +/-5%,1206/3216,1000Vdc,C0G,1.4mm,Features Normal
CL10B681JB8NNN,General,680pF, +/-5%,0603/1608,50Vdc,X7R,0.9mm,Features Normal
CL10B681KC8NNW,General,680pF, +/-10%,0603/1608,100Vdc,X7R,0.9mm,Features Normal
CL31B681KHFNNN,General,680pF, +/-10%,1206/3216,630Vdc,X7R,1.4mm,Features Normal
CL03B681KA3NNW,General,680pF, +/-10%,0201/0603,25Vdc,X7R,0.33mm,Features Normal
CL10C681JB8NNW,General,680pF, +/-5%,0603/1608,50Vdc,C0G,0.9mm,Features Normal
CL31C681JGHNNN,General,680pF, +/-5%,1206/3216,500Vdc,C0G,1.8mm,Features Normal
CL10C681JA8NNN,General,680pF, +/-5%,0603/1608,25Vdc,C0G,0.9mm,Features Normal
CL31B681KBCNNN,General,680pF, +/-10%,1206/3216,50Vdc,X7R,1mm,Features Normal
CL31C681JHHNNN,General,680pF, +/-5%,1206/3216,630Vdc,C0G,1.8mm,Features Normal
CL10C621JB8NNW,General,620pF, +/-5%,0603/1608,50Vdc,C0G,0.9mm,Features Normal
CL10C621JB8NNN,General,620pF, +/-5%,0603/1608,50Vdc,C0G,0.9mm,Features Normal
CL31C561JGFNFN,General,560pF, +/-5%,1206/3216,500Vdc,C0G,1.4mm,Features Normal
CL31B561KBCNNN,General,560pF, +/-10%,1206/3216,50Vdc,X7R,1mm,Features Normal
CL03B561KO3NNN,General,560pF, +/-10%,0201/0603,16Vdc,X7R,0.33mm,Features Normal
CL05C561JA5NNN,General,560pF, +/-5%,0402/1005,25Vdc,C0G,0.55mm,Features Normal
CL10B561KB8N4N,General,560pF, +/-10%,0603/1608,50Vdc,X7R,0.9mm,Features Normal
CL31C561JCCNNN,General,560pF, +/-5%,1206/3216,100Vdc,C0G,1mm,Features Normal
CL03B561KO3NNW,General,560pF, +/-10%,0201/0603,16Vdc,X7R,0.33mm,Features Normal
CL05B561KB5NNW,General,560pF, +/-10%,0402/1005,50Vdc,X7R,0.55mm,Features Normal
CL05B561JB5NNW,General,560pF, +/-5%,0402/1005,50Vdc,X7R,0.55mm,Features Normal
CL05C561JB5NNW,General,560pF, +/-5%,0402/1005,50Vdc,C0G,0.55mm,Features Normal
CL10C561JA8NNN,General,560pF, +/-5%,0603/1608,25Vdc,C0G,0.9mm,Features Normal
CL10C561JB8NNW,General,560pF, +/-5%,0603/1608,50Vdc,C0G,0.9mm,Features Normal
CL10C561JA8NNW,General,560pF, +/-5%,0603/1608,25Vdc,C0G,0.9mm,Features Normal
CL10C561JB8NFN,General,560pF, +/-5%,0603/1608,50Vdc,C0G,0.9mm,Features Normal
CL10C561JB8NNN,General,560pF, +/-5%,0603/1608,50Vdc,C0G,0.9mm,Features Normal
CL31C561JGFNNN,General,560pF, +/-5%,1206/3216,500Vdc,C0G,1.4mm,Features Normal
CL31B561KBCNNW,General,560pF, +/-10%,1206/3216,50Vdc,X7R,1mm,Features Normal
CL05C561JA5NNW,General,560pF, +/-5%,0402/1005,25Vdc,C0G,0.55mm,Features Normal
CL05B561JB5NNN,General,560pF, +/-5%,0402/1005,50Vdc,X7R,0.55mm,Features Normal
CL05B561KA5NNN,General,560pF, +/-10%,0402/1005,25Vdc,X7R,0.55mm,Features Normal
CL05B561KA5NNW,General,560pF, +/-10%,0402/1005,25Vdc,X7R,0.55mm,Features Normal
CL31C561JBCNNN,General,560pF, +/-5%,1206/3216,50Vdc,C0G,1mm,Features Normal
CL10B561JB8NNW,General,560pF, +/-5%,0603/1608,50Vdc,X7R,0.9mm,Features Normal
CL31C561JBCNNW,General,560pF, +/-5%,1206/3216,50Vdc,C0G,1mm,Features Normal
CL31C561JGFNNW,General,560pF, +/-5%,1206/3216,500Vdc,C0G,1.4mm,Features Normal
CL10C561JB8N4N,General,560pF, +/-5%,0603/1608,50Vdc,C0G,0.9mm,Features Normal
CL10B561JB8NNN,General,560pF, +/-5%,0603/1608,50Vdc,X7R,0.9mm,Features Normal
CL10B561KB8NNW,General,560pF, +/-10%,0603/1608,50Vdc,X7R,0.9mm,Features Normal
CL31C561JCCNNW,General,560pF, +/-5%,1206/3216,100Vdc,C0G,1mm,Features Normal
CL10C511JB8NNN,General,510pF, +/-5%,0603/1608,50Vdc,C0G,0.9mm,Features Normal
CL10B511KB8NNN,General,510pF, +/-10%,0603/1608,50Vdc,X7R,0.9mm,Features Normal
CL10B511KB8NNW,General,510pF, +/-10%,0603/1608,50Vdc,X7R,0.9mm,Features Normal
CL10C511JB8NNW,General,510pF, +/-5%,0603/1608,50Vdc,C0G,0.9mm,Features Normal
CL03B471KA3NNW,General,470pF, +/-10%,0201/0603,25Vdc,X7R,0.33mm,Features Normal
CL10B471JB8NNW,General,470pF, +/-5%,0603/1608,50Vdc,X7R,0.9mm,Features Normal
CL05C471JA5NNW,General,470pF, +/-5%,0402/1005,25Vdc,C0G,0.55mm,Features Normal
CL05B471KB5NNN,General,470pF, +/-10%,0402/1005,50Vdc,X7R,0.55mm,Features Normal
CL31B471KGFNNW,General,470pF, +/-10%,1206/3216,500Vdc,X7R,1.4mm,Features Normal
CL10B471KB8NFN,General,470pF, +/-10%,0603/1608,50Vdc,X7R,0.9mm,Features Normal
CL03A471KA3NNW,General,470pF, +/-10%,0201/0603,25Vdc,X5R,0.33mm,Features Normal
CL31C471JHFNFN,General,470pF, +/-5%,1206/3216,630Vdc,C0G,1.4mm,Features Normal
CL03B471KO3NNN,General,470pF, +/-10%,0201/0603,16Vdc,X7R,0.33mm,Features Normal
CL05C471JB5NNN,General,470pF, +/-5%,0402/1005,50Vdc,C0G,0.55mm,Features Normal
CL31B471KDCNNW,General,470pF, +/-10%,1206/3216,200Vdc,X7R,1mm,Features Normal
CL10C471JB8NCN,General,470pF, +/-5%,0603/1608,50Vdc,C0G,0.9mm,Features Normal
CL10C471JB8NNN,General,470pF, +/-5%,0603/1608,50Vdc,C0G,0.9mm,Features Normal
CL10C471JE8NFN,General,470pF, +/-5%,0603/1608,250Vdc,C0G,0.9mm,Features Normal
CL31C471JGFNFN,General,470pF, +/-5%,1206/3216,500Vdc,C0G,1.4mm,Features Normal
CL31C471JHFNNN,General,470pF, +/-5%,1206/3216,630Vdc,C0G,1.4mm,Features Normal
CL31C471JIHNFN,General,470pF, +/-5%,1206/3216,1000Vdc,C0G,1.8mm,Features Normal
CL31C471JIHNNW,General,470pF, +/-5%,1206/3216,1000Vdc,C0G,1.8mm,Features Normal
CL03B471KO3NNW,General,470pF, +/-10%,0201/0603,16Vdc,X7R,0.33mm,Features Normal
CL10B471KC8NNW,General,470pF, +/-10%,0603/1608,100Vdc,X7R,0.9mm,Features Normal
CL10B471JB8NNN,General,470pF, +/-5%,0603/1608,50Vdc,X7R,0.9mm,Features Normal
CL10B471KB8NNN,General,470pF, +/-10%,0603/1608,50Vdc,X7R,0.9mm,Features Normal
CL10B471KB8NNW,General,470pF, +/-10%,0603/1608,50Vdc,X7R,0.9mm,Features Normal
CL05C471JB5NNW,General,470pF, +/-5%,0402/1005,50Vdc,C0G,0.55mm,Features Normal
CL10C471JC8NNN,General,470pF, +/-5%,0603/1608,100Vdc,C0G,0.9mm,Features Normal
CL10C471JC8NNW,General,470pF, +/-5%,0603/1608,100Vdc,C0G,0.9mm,Features Normal
CL10C471JE8NNN,General,470pF, +/-5%,0603/1608,250Vdc,C0G,0.9mm,Features Normal
CL31B471KCFNNW,General,470pF, +/-10%,1206/3216,100Vdc,X7R,1.4mm,Features Normal
CL31B471KDCNNN,General,470pF, +/-10%,1206/3216,200Vdc,X7R,1mm,Features Normal
CL31B471KHFNNW,General,470pF, +/-10%,1206/3216,630Vdc,X7R,1.4mm,Features Normal
CL31C471JIHNW6,General,470pF, +/-5%,1206/3216,1000Vdc,C0G,1.8mm,Features Normal
CL31B471KHFNNN,General,470pF, +/-10%,1206/3216,630Vdc,X7R,1.4mm,Features Normal
CL10C471JB8NNW,General,470pF, +/-5%,0603/1608,50Vdc,C0G,0.9mm,Features Normal
CL31C471JIHNNN,General,470pF, +/-5%,1206/3216,1000Vdc,C0G,1.8mm,Features Normal
CL31C471KCCNNW,General,470pF, +/-10%,1206/3216,100Vdc,C0G,1mm,Features Normal
CL31C471JCCNNN,General,470pF, +/-5%,1206/3216,100Vdc,C0G,1mm,Features Normal
CL31C471JGFNNW,General,470pF, +/-5%,1206/3216,500Vdc,C0G,1.4mm,Features Normal
CL31C471JHFNNW,General,470pF, +/-5%,1206/3216,630Vdc,C0G,1.4mm,Features Normal
CL05B471KB5NFN,General,470pF, +/-10%,0402/1005,50Vdc,X7R,0.55mm,Features Normal
CL31C471JCCNNW,General,470pF, +/-5%,1206/3216,100Vdc,C0G,1mm,Features Normal
CL31B471KGFNNN,General,470pF, +/-10%,1206/3216,500Vdc,X7R,1.4mm,Features Normal
CL10C471JB8NFN,General,470pF, +/-5%,0603/1608,50Vdc,C0G,0.9mm,Features Normal
CL10C471JC8NFN,General,470pF, +/-5%,0603/1608,100Vdc,C0G,0.9mm,Features Normal
CL31C471JGFNNN,General,470pF, +/-5%,1206/3216,500Vdc,C0G,1.4mm,Features Normal
CL31C471JHFNW6,General,470pF, +/-5%,1206/3216,630Vdc,C0G,1.4mm,Features Normal
CL10C471FB8NNW,General,470pF, +/-1%,0603/1608,50Vdc,C0G,0.9mm,Features Normal
CL03B471KA3NNN,General,470pF, +/-10%,0201/0603,25Vdc,X7R,0.33mm,Features Normal
CL05B471KB5NNW,General,470pF, +/-10%,0402/1005,50Vdc,X7R,0.55mm,Features Normal
CL10C471JB8N4N,General,470pF, +/-5%,0603/1608,50Vdc,C0G,0.9mm,Features Normal
CL10C471JE8NNW,General,470pF, +/-5%,0603/1608,250Vdc,C0G,0.9mm,Features Normal
CL10C431JB8NFN,General,430pF, +/-5%,0603/1608,50Vdc,C0G,0.9mm,Features Normal
CL10C431JB8NNN,General,430pF, +/-5%,0603/1608,50Vdc,C0G,0.9mm,Features Normal
CL10C431JB8NNW,General,430pF, +/-5%,0603/1608,50Vdc,C0G,0.9mm,Features Normal
CL31C391JHFNNN,General,390pF, +/-5%,1206/3216,630Vdc,C0G,1.4mm,Features Normal
CL05C391JB5NNN,General,390pF, +/-5%,0402/1005,50Vdc,C0G,0.55mm,Features Normal
CL31C391JBCNNN,General,390pF, +/-5%,1206/3216,50Vdc,C0G,1mm,Features Normal
CL05C391JA5NNW,General,390pF, +/-5%,0402/1005,25Vdc,C0G,0.55mm,Features Normal
CL05C391JB5NCN,General,390pF, +/-5%,0402/1005,50Vdc,C0G,0.55mm,Features Normal
CL31C391JGFNNW,General,390pF, +/-5%,1206/3216,500Vdc,C0G,1.4mm,Features Normal
CL31B391JBCNNN,General,390pF, +/-5%,1206/3216,50Vdc,X7R,1mm,Features Normal
CL31C391JHFNNW,General,390pF, +/-5%,1206/3216,630Vdc,C0G,1.4mm,Features Normal
CL31C391JBCNNW,General,390pF, +/-5%,1206/3216,50Vdc,C0G,1mm,Features Normal
CL10B391KB8NNN,General,390pF, +/-10%,0603/1608,50Vdc,X7R,0.9mm,Features Normal
CL10B391KB8NNW,General,390pF, +/-10%,0603/1608,50Vdc,X7R,0.9mm,Features Normal
CL05B391KB5NNN,General,390pF, +/-10%,0402/1005,50Vdc,X7R,0.55mm,Features Normal
CL05B391KB5NNW,General,390pF, +/-10%,0402/1005,50Vdc,X7R,0.55mm,Features Normal
CL31C391JGFNFN,General,390pF, +/-5%,1206/3216,500Vdc,C0G,1.4mm,Features Normal
CL31C391JGFNNN,General,390pF, +/-5%,1206/3216,500Vdc,C0G,1.4mm,Features Normal
CL10C391JB8NFN,General,390pF, +/-5%,0603/1608,50Vdc,C0G,0.9mm,Features Normal
CL31B391JBCNNW,General,390pF, +/-5%,1206/3216,50Vdc,X7R,1mm,Features Normal
CL10C391JB8N4N,General,390pF, +/-5%,0603/1608,50Vdc,C0G,0.9mm,Features Normal
CL10C391JB8NNW,General,390pF, +/-5%,0603/1608,50Vdc,C0G,0.9mm,Features Normal
CL05C391JB5NNW,General,390pF, +/-5%,0402/1005,50Vdc,C0G,0.55mm,Features Normal
CL10C361JB8NNN,General,360pF, +/-5%,0603/1608,50Vdc,C0G,0.9mm,Features Normal
CL10C361JB8NNW,General,360pF, +/-5%,0603/1608,50Vdc,C0G,0.9mm,Features Normal
CL10C331JC8NNN,General,330pF, +/-5%,0603/1608,100Vdc,C0G,0.9mm,Features Normal
CL31C331JIHNNW,General,330pF, +/-5%,1206/3216,1000Vdc,C0G,1.8mm,Features Normal
CL31C331JBCNNN,General,330pF, +/-5%,1206/3216,50Vdc,C0G,1mm,Features Normal
CL31C331JBCNNW,General,330pF, +/-5%,1206/3216,50Vdc,C0G,1mm,Features Normal
CL03B331KO3NNW,General,330pF, +/-10%,0201/0603,16Vdc,X7R,0.33mm,Features Normal
CL10B331KB8NNW,General,330pF, +/-10%,0603/1608,50Vdc,X7R,0.9mm,Features Normal
CL05B331JB5NNN,General,330pF, +/-5%,0402/1005,50Vdc,X7R,0.55mm,Features Normal
CL05B331JB5NNW,General,330pF, +/-5%,0402/1005,50Vdc,X7R,0.55mm,Features Normal
CL10B331JB8NNN,General,330pF, +/-5%,0603/1608,50Vdc,X7R,0.9mm,Features Normal
CL10B331KC8NNW,General,330pF, +/-10%,0603/1608,100Vdc,X7R,0.9mm,Features Normal
CL03B331KA3NNW,General,330pF, +/-10%,0201/0603,25Vdc,X7R,0.33mm,Features Normal
CL31C331JHFNNN,General,330pF, +/-5%,1206/3216,630Vdc,C0G,1.4mm,Features Normal
CL10B331KB8NNN,General,330pF, +/-10%,0603/1608,50Vdc,X7R,0.9mm,Features Normal
CL31C331JHFNNW,General,330pF, +/-5%,1206/3216,630Vdc,C0G,1.4mm,Features Normal
CL31C331JCCNNN,General,330pF, +/-5%,1206/3216,100Vdc,C0G,1mm,Features Normal
CL31B331KBCNNN,General,330pF, +/-10%,1206/3216,50Vdc,X7R,1mm,Features Normal
CL31B331KCFNNW,General,330pF, +/-10%,1206/3216,100Vdc,X7R,1.4mm,Features Normal
CL10C331JB8NCN,General,330pF, +/-5%,0603/1608,50Vdc,C0G,0.9mm,Features Normal
CL10C331JB8NFN,General,330pF, +/-5%,0603/1608,50Vdc,C0G,0.9mm,Features Normal
CL03A331KA3NNN,General,330pF, +/-10%,0201/0603,25Vdc,X5R,0.33mm,Features Normal
CL10B331KB8NFN,General,330pF, +/-10%,0603/1608,50Vdc,X7R,0.9mm,Features Normal
CL10C331JB8N4N,General,330pF, +/-5%,0603/1608,50Vdc,C0G,0.9mm,Features Normal
CL10C331JB8NNN,General,330pF, +/-5%,0603/1608,50Vdc,C0G,0.9mm,Features Normal
CL10C331JB8NNW,General,330pF, +/-5%,0603/1608,50Vdc,C0G,0.9mm,Features Normal
CL05C331JB5N4N,General,330pF, +/-5%,0402/1005,50Vdc,C0G,0.55mm,Features Normal
CL05C331JB5NNW,General,330pF, +/-5%,0402/1005,50Vdc,C0G,0.55mm,Features Normal
CL31C331JIHNNN,General,330pF, +/-5%,1206/3216,1000Vdc,C0G,1.8mm,Features Normal
CL31C331JCCNNW,General,330pF, +/-5%,1206/3216,100Vdc,C0G,1mm,Features Normal
CL05B331KB5NNW,General,330pF, +/-10%,0402/1005,50Vdc,X7R,0.55mm,Features Normal
CL03B331KA3NNN,General,330pF, +/-10%,0201/0603,25Vdc,X7R,0.33mm,Features Normal
CL03A331KA3NNW,General,330pF, +/-10%,0201/0603,25Vdc,X5R,0.33mm,Features Normal
CL31C331JHFNW6,General,330pF, +/-5%,1206/3216,630Vdc,C0G,1.4mm,Features Normal
CL10B331JB8NNW,General,330pF, +/-5%,0603/1608,50Vdc,X7R,0.9mm,Features Normal
CL05B331KB5NNN,General,330pF, +/-10%,0402/1005,50Vdc,X7R,0.55mm,Features Normal
CL03B331KP3NNW,General,330pF, +/-10%,0201/0603,10Vdc,X7R,0.33mm,Features Normal
CL10C331JC8NNW,General,330pF, +/-5%,0603/1608,100Vdc,C0G,0.9mm,Features Normal
CL10C331KB8N4N,General,330pF, +/-10%,0603/1608,50Vdc,C0G,0.9mm,Features Normal
CL05C331JA5NNW,General,330pF, +/-5%,0402/1005,25Vdc,C0G,0.55mm,Features Normal
CL05C331JB5NFN,General,330pF, +/-5%,0402/1005,50Vdc,C0G,0.55mm,Features Normal
CL05C331JB5NNN,General,330pF, +/-5%,0402/1005,50Vdc,C0G,0.55mm,Features Normal
CL10C331FB8NNW,General,330pF, +/-1%,0603/1608,50Vdc,C0G,0.9mm,Features Normal
CL31B331KHFNNN,General,330pF, +/-10%,1206/3216,630Vdc,X7R,1.4mm,Features Normal
CL31C331JHFNFN,General,330pF, +/-5%,1206/3216,630Vdc,C0G,1.4mm,Features Normal
CL31C331JGFNNW,General,330pF, +/-5%,1206/3216,500Vdc,C0G,1.4mm,Features Normal
CL31B331KBCNNW,General,330pF, +/-10%,1206/3216,50Vdc,X7R,1mm,Features Normal
CL31B331KHFNNW,General,330pF, +/-10%,1206/3216,630Vdc,X7R,1.4mm,Features Normal
CL05B301KB5NNW,General,300pF, +/-10%,0402/1005,50Vdc,X7R,0.55mm,Features Normal
CL05B301KB5NNN,General,300pF, +/-10%,0402/1005,50Vdc,X7R,0.55mm,Features Normal
CL10C271JC8NNN,General,270pF, +/-5%,0603/1608,100Vdc,C0G,0.9mm,Features Normal
CL10C271JC8NNW,General,270pF, +/-5%,0603/1608,100Vdc,C0G,0.9mm,Features Normal
CL31C271JIHNNN,General,270pF, +/-5%,1206/3216,1000Vdc,C0G,1.8mm,Features Normal
CL05B271KB5NNW,General,270pF, +/-10%,0402/1005,50Vdc,X7R,0.55mm,Features Normal
CL10C271JB8NFN,General,270pF, +/-5%,0603/1608,50Vdc,C0G,0.9mm,Features Normal
CL31C271JHFNNN,General,270pF, +/-5%,1206/3216,630Vdc,C0G,1.4mm,Features Normal
CL05C271JA5NNW,General,270pF, +/-5%,0402/1005,25Vdc,C0G,0.55mm,Features Normal
CL10C271JB8NNW,General,270pF, +/-5%,0603/1608,50Vdc,C0G,0.9mm,Features Normal
CL05C271JB5NNN,General,270pF, +/-5%,0402/1005,50Vdc,C0G,0.55mm,Features Normal
CL05C271JB5NNW,General,270pF, +/-5%,0402/1005,50Vdc,C0G,0.55mm,Features Normal
CL31C271JCCNNN,General,270pF, +/-5%,1206/3216,100Vdc,C0G,1mm,Features Normal
CL31C271JGFNNW,General,270pF, +/-5%,1206/3216,500Vdc,C0G,1.4mm,Features Normal
CL03B271KO3NNW,General,270pF, +/-10%,0201/0603,16Vdc,X7R,0.33mm,Features Normal
CL31C271JHFNNW,General,270pF, +/-5%,1206/3216,630Vdc,C0G,1.4mm,Features Normal
CL10B271KB8N4N,General,270pF, +/-10%,0603/1608,50Vdc,X7R,0.9mm,Features Normal
CL10C271JB8NNN,General,270pF, +/-5%,0603/1608,50Vdc,C0G,0.9mm,Features Normal
CL31C271JIHNNW,General,270pF, +/-5%,1206/3216,1000Vdc,C0G,1.8mm,Features Normal
CL31C271JBCNNN,General,270pF, +/-5%,1206/3216,50Vdc,C0G,1mm,Features Normal
CL31C271JBCNNW,General,270pF, +/-5%,1206/3216,50Vdc,C0G,1mm,Features Normal
CL31C271JCCNNW,General,270pF, +/-5%,1206/3216,100Vdc,C0G,1mm,Features Normal
CL31C271JGFNNN,General,270pF, +/-5%,1206/3216,500Vdc,C0G,1.4mm,Features Normal
CL03B271KO3NNN,General,270pF, +/-10%,0201/0603,16Vdc,X7R,0.33mm,Features Normal
CL10C241JB8NNW,General,240pF, +/-5%,0603/1608,50Vdc,C0G,0.9mm,Features Normal
CL10C241JB8NNN,General,240pF, +/-5%,0603/1608,50Vdc,C0G,0.9mm,Features Normal
CL05B221KB5NNW,General,220pF, +/-10%,0402/1005,50Vdc,X7R,0.55mm,Features Normal
CL05C221JC5NNN,General,220pF, +/-5%,0402/1005,100Vdc,C0G,0.55mm,Features Normal
CL10C221FB8NNW,General,220pF, +/-1%,0603/1608,50Vdc,C0G,0.9mm,Features Normal
CL10B221JB8NNW,General,220pF, +/-5%,0603/1608,50Vdc,X7R,0.9mm,Features Normal
CL10B221KB8NFN,General,220pF, +/-10%,0603/1608,50Vdc,X7R,0.9mm,Features Normal
CL10C221JD8NNW,General,220pF, +/-5%,0603/1608,200Vdc,C0G,0.9mm,Features Normal
CL10C221KD8NNW,General,220pF, +/-10%,0603/1608,200Vdc,C0G,0.9mm,Features Normal
CL10B221KB8NNW,General,220pF, +/-10%,0603/1608,50Vdc,X7R,0.9mm,Features Normal
CL10C221JB8NCN,General,220pF, +/-5%,0603/1608,50Vdc,C0G,0.9mm,Features Normal
CL10C221JB8NFN,General,220pF, +/-5%,0603/1608,50Vdc,C0G,0.9mm,Features Normal
CL31C221JDCNFN,General,220pF, +/-5%,1206/3216,200Vdc,C0G,1mm,Features Normal
CL31C221JGFNNN,General,220pF, +/-5%,1206/3216,500Vdc,C0G,1.4mm,Features Normal
CL31C221KGFNNW,General,220pF, +/-10%,1206/3216,500Vdc,C0G,1.4mm,Features Normal
CL31C221JHFNNN,General,220pF, +/-5%,1206/3216,630Vdc,C0G,1.4mm,Features Normal
CL05B221KB5NNN,General,220pF, +/-10%,0402/1005,50Vdc,X7R,0.55mm,Features Normal
CL05B221KC5ZNN,General,220pF, +/-10%,0402/1005,100Vdc,X7R,0.55mm,Features Normal
CL05C221JB5N4N,General,220pF, +/-5%,0402/1005,50Vdc,C0G,0.55mm,Features Normal
CL10C221JB8NNW,General,220pF, +/-5%,0603/1608,50Vdc,C0G,0.9mm,Features Normal
CL03C221JB3NNN,General,220pF, +/-5%,0201/0603,50Vdc,C0G,0.33mm,Features Normal
CL03B221KA3NNN,General,220pF, +/-10%,0201/0603,25Vdc,X7R,0.33mm,Features Normal
CL10C221JC8NFN,General,220pF, +/-5%,0603/1608,100Vdc,C0G,0.9mm,Features Normal
CL31C221JIHNNW,General,220pF, +/-5%,1206/3216,1000Vdc,C0G,1.8mm,Features Normal
CL05C221JO5NNW,General,220pF, +/-5%,0402/1005,16Vdc,C0G,0.55mm,Features Normal
CL05B221JB5NNW,General,220pF, +/-5%,0402/1005,50Vdc,X7R,0.55mm,Features Normal
CL31C221JDCNNW,General,220pF, +/-5%,1206/3216,200Vdc,C0G,1mm,Features Normal
CL31C221JGFNFN,General,220pF, +/-5%,1206/3216,500Vdc,C0G,1.4mm,Features Normal
CL10C221KD8NNN,General,220pF, +/-10%,0603/1608,200Vdc,C0G,0.9mm,Features Normal
CL03B221KO3NNN,General,220pF, +/-10%,0201/0603,16Vdc,X7R,0.33mm,Features Normal
CL05C221JB5NFN,General,220pF, +/-5%,0402/1005,50Vdc,C0G,0.55mm,Features Normal
CL05C221JB5NNN,General,220pF, +/-5%,0402/1005,50Vdc,C0G,0.55mm,Features Normal
CL05C221JB5NNW,General,220pF, +/-5%,0402/1005,50Vdc,C0G,0.55mm,Features Normal
CL05C221JC5NNW,General,220pF, +/-5%,0402/1005,100Vdc,C0G,0.55mm,Features Normal
CL31C221JBCNNN,General,220pF, +/-5%,1206/3216,50Vdc,C0G,1mm,Features Normal
CL10B221KC8NNW,General,220pF, +/-10%,0603/1608,100Vdc,X7R,0.9mm,Features Normal
CL31B221KGFNNW,General,220pF, +/-10%,1206/3216,500Vdc,X7R,1.4mm,Features Normal
CL31C221JHFNNW,General,220pF, +/-5%,1206/3216,630Vdc,C0G,1.4mm,Features Normal
CL10C221JB8N4N,General,220pF, +/-5%,0603/1608,50Vdc,C0G,0.9mm,Features Normal
CL31C221JIHNW6,General,220pF, +/-5%,1206/3216,1000Vdc,C0G,1.8mm,Features Normal
CL31C221JCCNNN,General,220pF, +/-5%,1206/3216,100Vdc,C0G,1mm,Features Normal
CL31B221KBCNNW,General,220pF, +/-10%,1206/3216,50Vdc,X7R,1mm,Features Normal
CL10C221JD8NNN,General,220pF, +/-5%,0603/1608,200Vdc,C0G,0.9mm,Features Normal
CL05B221JB5NNN,General,220pF, +/-5%,0402/1005,50Vdc,X7R,0.55mm,Features Normal
CL03B221KA3NNW,General,220pF, +/-10%,0201/0603,25Vdc,X7R,0.33mm,Features Normal
CL31C221JIHNNN,General,220pF, +/-5%,1206/3216,1000Vdc,C0G,1.8mm,Features Normal
CL05C221JA5NNW,General,220pF, +/-5%,0402/1005,25Vdc,C0G,0.55mm,Features Normal
CL31C221JGFNNW,General,220pF, +/-5%,1206/3216,500Vdc,C0G,1.4mm,Features Normal
CL03B221KO3NNW,General,220pF, +/-10%,0201/0603,16Vdc,X7R,0.33mm,Features Normal
CL10C221JC8NNW,General,220pF, +/-5%,0603/1608,100Vdc,C0G,0.9mm,Features Normal
CL03A221KA3NNW,General,220pF, +/-10%,0201/0603,25Vdc,X5R,0.33mm,Features Normal
CL05C221JO5NNN,General,220pF, +/-5%,0402/1005,16Vdc,C0G,0.55mm,Features Normal
CL31B221KBCNNN,General,220pF, +/-10%,1206/3216,50Vdc,X7R,1mm,Features Normal
CL31C221JHFNW6,General,220pF, +/-5%,1206/3216,630Vdc,C0G,1.4mm,Features Normal
CL31C221JIHNFN,General,220pF, +/-5%,1206/3216,1000Vdc,C0G,1.8mm,Features Normal
CL31C221JCCNNW,General,220pF, +/-5%,1206/3216,100Vdc,C0G,1mm,Features Normal
CL05B221KA5NNW,General,220pF, +/-10%,0402/1005,25Vdc,X7R,0.55mm,Features Normal
CL31C221JHFNFN,General,220pF, +/-5%,1206/3216,630Vdc,C0G,1.4mm,Features Normal
CL31C221JBCNNW,General,220pF, +/-5%,1206/3216,50Vdc,C0G,1mm,Features Normal
CL31C221JDCNNN,General,220pF, +/-5%,1206/3216,200Vdc,C0G,1mm,Features Normal
CL10B221JB8NNN,General,220pF, +/-5%,0603/1608,50Vdc,X7R,0.9mm,Features Normal
CL31B221KCFNNW,General,220pF, +/-10%,1206/3216,100Vdc,X7R,1.4mm,Features Normal
CL31B221KGFNNN,General,220pF, +/-10%,1206/3216,500Vdc,X7R,1.4mm,Features Normal
CL10B221KB8NNN,General,220pF, +/-10%,0603/1608,50Vdc,X7R,0.9mm,Features Normal
CL10C221JB8NNN,General,220pF, +/-5%,0603/1608,50Vdc,C0G,0.9mm,Features Normal
CL10B201KB8NNW,General,200pF, +/-10%,0603/1608,50Vdc,X7R,0.9mm,Features Normal
CL10C201JB8NFN,General,200pF, +/-5%,0603/1608,50Vdc,C0G,0.9mm,Features Normal
CL10C201JB8NNW,General,200pF, +/-5%,0603/1608,50Vdc,C0G,0.9mm,Features Normal
CL10C201JB8NNN,General,200pF, +/-5%,0603/1608,50Vdc,C0G,0.9mm,Features Normal
CL10B201KB8NNN,General,200pF, +/-10%,0603/1608,50Vdc,X7R,0.9mm,Features Normal
CL05C201JB5NNN,General,200pF, +/-5%,0402/1005,50Vdc,C0G,0.55mm,Features Normal
CL05C201JB5NNW,General,200pF, +/-5%,0402/1005,50Vdc,C0G,0.55mm,Features Normal
CL05C181JA5NNN,General,180pF, +/-5%,0402/1005,25Vdc,C0G,0.55mm,Features Normal
CL05C181JB5NNN,General,180pF, +/-5%,0402/1005,50Vdc,C0G,0.55mm,Features Normal
CL10C181JB8NNW,General,180pF, +/-5%,0603/1608,50Vdc,C0G,0.9mm,Features Normal
CL05C181FB5NNW,General,180pF, +/-1%,0402/1005,50Vdc,C0G,0.55mm,Features Normal
CL31C181JHFNNN,General,180pF, +/-5%,1206/3216,630Vdc,C0G,1.4mm,Features Normal
CL05C181JC5NNN,General,180pF, +/-5%,0402/1005,100Vdc,C0G,0.55mm,Features Normal
CL31C181JGFNNN,General,180pF, +/-5%,1206/3216,500Vdc,C0G,1.4mm,Features Normal
CL05B181KB5NNN,General,180pF, +/-10%,0402/1005,50Vdc,X7R,0.55mm,Features Normal
CL05C181JB5NNW,General,180pF, +/-5%,0402/1005,50Vdc,C0G,0.55mm,Features Normal
CL10C181JC8NNW,General,180pF, +/-5%,0603/1608,100Vdc,C0G,0.9mm,Features Normal
CL31C181JGFNNW,General,180pF, +/-5%,1206/3216,500Vdc,C0G,1.4mm,Features Normal
CL05B181KB5NNW,General,180pF, +/-10%,0402/1005,50Vdc,X7R,0.55mm,Features Normal
CL10C181JB8NNN,General,180pF, +/-5%,0603/1608,50Vdc,C0G,0.9mm,Features Normal
CL31C181JIHNNN,General,180pF, +/-5%,1206/3216,1000Vdc,C0G,1.8mm,Features Normal
CL10C181JB8NFN,General,180pF, +/-5%,0603/1608,50Vdc,C0G,0.9mm,Features Normal
CL31C181JBCNNN,General,180pF, +/-5%,1206/3216,50Vdc,C0G,1mm,Features Normal
CL31C181JGFNFN,General,180pF, +/-5%,1206/3216,500Vdc,C0G,1.4mm,Features Normal
CL31C181JBCNNW,General,180pF, +/-5%,1206/3216,50Vdc,C0G,1mm,Features Normal
CL31C181JHFNNW,General,180pF, +/-5%,1206/3216,630Vdc,C0G,1.4mm,Features Normal
CL31C181JIHNNW,General,180pF, +/-5%,1206/3216,1000Vdc,C0G,1.8mm,Features Normal
CL05C181JA5NNW,General,180pF, +/-5%,0402/1005,25Vdc,C0G,0.55mm,Features Normal
CL05C161JB5NNN,General,160pF, +/-5%,0402/1005,50Vdc,C0G,0.55mm,Features Normal
CL10C161JB8NNN,General,160pF, +/-5%,0603/1608,50Vdc,C0G,0.9mm,Features Normal
CL05C161JB5NNW,General,160pF, +/-5%,0402/1005,50Vdc,C0G,0.55mm,Features Normal
CL10C161JB8NNW,General,160pF, +/-5%,0603/1608,50Vdc,C0G,0.9mm,Features Normal
CL31C151JIFNNN,General,150pF, +/-5%,1206/3216,1000Vdc,C0G,1.4mm,Features Normal
CL03A151KA3NNW,General,150pF, +/-10%,0201/0603,25Vdc,X5R,0.33mm,Features Normal
CL10B151KB8NNN,General,150pF, +/-10%,0603/1608,50Vdc,X7R,0.9mm,Features Normal
CL10C151JB8NFN,General,150pF, +/-5%,0603/1608,50Vdc,C0G,0.9mm,Features Normal
CL05B151KB5NNW,General,150pF, +/-10%,0402/1005,50Vdc,X7R,0.55mm,Features Normal
CL31C151JGFNNN,General,150pF, +/-5%,1206/3216,500Vdc,C0G,1.4mm,Features Normal
CL31C151JIFNNW,General,150pF, +/-5%,1206/3216,1000Vdc,C0G,1.4mm,Features Normal
CL03B151KA3NNW,General,150pF, +/-10%,0201/0603,25Vdc,X7R,0.33mm,Features Normal
CL03B151KO3NNN,General,150pF, +/-10%,0201/0603,16Vdc,X7R,0.33mm,Features Normal
CL03C151JB3NNN,General,150pF, +/-5%,0201/0603,50Vdc,C0G,0.33mm,Features Normal
CL10C151JB8NNN,General,150pF, +/-5%,0603/1608,50Vdc,C0G,0.9mm,Features Normal
CL03B151KO3NNW,General,150pF, +/-10%,0201/0603,16Vdc,X7R,0.33mm,Features Normal
CL10C151JC8NNW,General,150pF, +/-5%,0603/1608,100Vdc,C0G,0.9mm,Features Normal
CL10C151KB8N4N,General,150pF, +/-10%,0603/1608,50Vdc,C0G,0.9mm,Features Normal
CL05C151JB5NNN,General,150pF, +/-5%,0402/1005,50Vdc,C0G,0.55mm,Features Normal
CL31C151JHFNNN,General,150pF, +/-5%,1206/3216,630Vdc,C0G,1.4mm,Features Normal
CL31C151JHFNNW,General,150pF, +/-5%,1206/3216,630Vdc,C0G,1.4mm,Features Normal
CL10C151JB8NCN,General,150pF, +/-5%,0603/1608,50Vdc,C0G,0.9mm,Features Normal
CL10C151JB8NNW,General,150pF, +/-5%,0603/1608,50Vdc,C0G,0.9mm,Features Normal
CL03B151KA3NNN,General,150pF, +/-10%,0201/0603,25Vdc,X7R,0.33mm,Features Normal
CL31C151JGFNNW,General,150pF, +/-5%,1206/3216,500Vdc,C0G,1.4mm,Features Normal
CL31C151JCCNNN,General,150pF, +/-5%,1206/3216,100Vdc,C0G,1mm,Features Normal
CL05C151JB5NFN,General,150pF, +/-5%,0402/1005,50Vdc,C0G,0.55mm,Features Normal
CL31C151JHFNFN,General,150pF, +/-5%,1206/3216,630Vdc,C0G,1.4mm,Features Normal
CL05C151JA5NNW,General,150pF, +/-5%,0402/1005,25Vdc,C0G,0.55mm,Features Normal
CL05C151JB5NNW,General,150pF, +/-5%,0402/1005,50Vdc,C0G,0.55mm,Features Normal
CL31C151JIHNW6,General,150pF, +/-5%,1206/3216,1000Vdc,C0G,1.8mm,Features Normal
CL10B151KB8NNW,General,150pF, +/-10%,0603/1608,50Vdc,X7R,0.9mm,Features Normal
CL10C151JC8NNN,General,150pF, +/-5%,0603/1608,100Vdc,C0G,0.9mm,Features Normal
CL05B151KB5NNN,General,150pF, +/-10%,0402/1005,50Vdc,X7R,0.55mm,Features Normal
CL10C151JB8N4N,General,150pF, +/-5%,0603/1608,50Vdc,C0G,0.9mm,Features Normal
CL31C151KDFNNW,General,150pF, +/-10%,1206/3216,200Vdc,C0G,1.4mm,Features Normal
CL31C151JCCNNW,General,150pF, +/-5%,1206/3216,100Vdc,C0G,1mm,Features Normal
CL05C131JB5NNN,General,130pF, +/-5%,0402/1005,50Vdc,C0G,0.55mm,Features Normal
CL05C131JB5NNW,General,130pF, +/-5%,0402/1005,50Vdc,C0G,0.55mm,Features Normal
CL03B121KA3NNN,General,120pF, +/-10%,0201/0603,25Vdc,X7R,0.33mm,Features Normal
CL10C121JB8NNW,General,120pF, +/-5%,0603/1608,50Vdc,C0G,0.9mm,Features Normal
CL05C121KB5NNW,General,120pF, +/-10%,0402/1005,50Vdc,C0G,0.55mm,Features Normal
CL10B121KB8NNN,General,120pF, +/-10%,0603/1608,50Vdc,X7R,0.9mm,Features Normal
CL10B121KB8NNW,General,120pF, +/-10%,0603/1608,50Vdc,X7R,0.9mm,Features Normal
CL31C121JHFNNW,General,120pF, +/-5%,1206/3216,630Vdc,C0G,1.4mm,Features Normal
CL31C121JBCNNW,General,120pF, +/-5%,1206/3216,50Vdc,C0G,1mm,Features Normal
CL31C121JIHNNW,General,120pF, +/-5%,1206/3216,1000Vdc,C0G,1.8mm,Features Normal
CL05C121JB5NNW,General,120pF, +/-5%,0402/1005,50Vdc,C0G,0.55mm,Features Normal
CL31C121JGFNNW,General,120pF, +/-5%,1206/3216,500Vdc,C0G,1.4mm,Features Normal
CL10C121JB8N4N,General,120pF, +/-5%,0603/1608,50Vdc,C0G,0.9mm,Features Normal
CL10C121JB8NCN,General,120pF, +/-5%,0603/1608,50Vdc,C0G,0.9mm,Features Normal
CL10C121JB8NFN,General,120pF, +/-5%,0603/1608,50Vdc,C0G,0.9mm,Features Normal
CL31C121JBCNNN,General,120pF, +/-5%,1206/3216,50Vdc,C0G,1mm,Features Normal
CL05C121JB5NNN,General,120pF, +/-5%,0402/1005,50Vdc,C0G,0.55mm,Features Normal
CL03B121KA3NNW,General,120pF, +/-10%,0201/0603,25Vdc,X7R,0.33mm,Features Normal
CL03B121KO3NNW,General,120pF, +/-10%,0201/0603,16Vdc,X7R,0.33mm,Features Normal
CL31C121JGFNNN,General,120pF, +/-5%,1206/3216,500Vdc,C0G,1.4mm,Features Normal
CL31C121JHFNNN,General,120pF, +/-5%,1206/3216,630Vdc,C0G,1.4mm,Features Normal
CL05C121JA5NNW,General,120pF, +/-5%,0402/1005,25Vdc,C0G,0.55mm,Features Normal
CL10C121JB8NNN,General,120pF, +/-5%,0603/1608,50Vdc,C0G,0.9mm,Features Normal
CL10C121JC8NNW,General,120pF, +/-5%,0603/1608,100Vdc,C0G,0.9mm,Features Normal
CL10C111JB8NNW,General,110pF, +/-5%,0603/1608,50Vdc,C0G,0.9mm,Features Normal
CL10C111JB8NNN,General,110pF, +/-5%,0603/1608,50Vdc,C0G,0.9mm,Features Normal
CL10C101JB8NFN,General,100pF, +/-5%,0603/1608,50Vdc,C0G,0.9mm,Features Normal
CL31C101JGFNNN,General,100pF, +/-5%,1206/3216,500Vdc,C0G,1.4mm,Features Normal
CL31C101JHFNFN,General,100pF, +/-5%,1206/3216,630Vdc,C0G,1.4mm,Features Normal
CL31C101JJHNNW,General,100pF, +/-5%,1206/3216,2000Vdc,C0G,1.8mm,Features Normal
CL03C101JB3NNW,General,100pF, +/-5%,0201/0603,50Vdc,C0G,0.33mm,Features Normal
CL10C101KB8NNW,General,100pF, +/-10%,0603/1608,50Vdc,C0G,0.9mm,Features Normal
CL10C101GB8NNW,General,100pF, +/-2%,0603/1608,50Vdc,C0G,0.9mm,Features Normal
CL10C101JB8NNN,General,100pF, +/-5%,0603/1608,50Vdc,C0G,0.9mm,Features Normal
CL10C101JB8NNW,General,100pF, +/-5%,0603/1608,50Vdc,C0G,0.9mm,Features Normal
CL10C101JC8N4N,General,100pF, +/-5%,0603/1608,100Vdc,C0G,0.9mm,Features Normal
CL03B101KA3NNW,General,100pF, +/-10%,0201/0603,25Vdc,X7R,0.33mm,Features Normal
CL03C101JA3NNN,General,100pF, +/-5%,0201/0603,25Vdc,C0G,0.33mm,Features Normal
CL31C101JGFNNW,General,100pF, +/-5%,1206/3216,500Vdc,C0G,1.4mm,Features Normal
CL31C101JIFNNN,General,100pF, +/-5%,1206/3216,1000Vdc,C0G,1.4mm,Features Normal
CL31C101JIFNNW,General,100pF, +/-5%,1206/3216,1000Vdc,C0G,1.4mm,Features Normal
CL31C101JBCNNW,General,100pF, +/-5%,1206/3216,50Vdc,C0G,1mm,Features Normal
CL31C101JJHNNN,General,100pF, +/-5%,1206/3216,2000Vdc,C0G,1.8mm,Features Normal
CL05C101JB5NNW,General,100pF, +/-5%,0402/1005,50Vdc,C0G,0.55mm,Features Normal
CL05C101JO5NNW,General,100pF, +/-5%,0402/1005,16Vdc,C0G,0.55mm,Features Normal
CL31C101GGFNNW,General,100pF, +/-2%,1206/3216,500Vdc,C0G,1.4mm,Features Normal
CL31C101JBCNFN,General,100pF, +/-5%,1206/3216,50Vdc,C0G,1mm,Features Normal
CL05C101JO5NNN,General,100pF, +/-5%,0402/1005,16Vdc,C0G,0.55mm,Features Normal
CL10C101JC8NNW,General,100pF, +/-5%,0603/1608,100Vdc,C0G,0.9mm,Features Normal
CL03C101JB3NNN,General,100pF, +/-5%,0201/0603,50Vdc,C0G,0.33mm,Features Normal
CL10C101JB8N4N,General,100pF, +/-5%,0603/1608,50Vdc,C0G,0.9mm,Features Normal
CL10B101KB8NFN,General,100pF, +/-10%,0603/1608,50Vdc,X7R,0.9mm,Features Normal
CL10B101KB8NNW,General,100pF, +/-10%,0603/1608,50Vdc,X7R,0.9mm,Features Normal
CL05C101JB5NCN,General,100pF, +/-5%,0402/1005,50Vdc,C0G,0.55mm,Features Normal
CL03C101GB3NNN,General,100pF, +/-2%,0201/0603,50Vdc,C0G,0.33mm,Features Normal
CL03B101KO3NNW,General,100pF, +/-10%,0201/0603,16Vdc,X7R,0.33mm,Features Normal
CL05C101JB5N4N,General,100pF, +/-5%,0402/1005,50Vdc,C0G,0.55mm,Features Normal
CL05C101JB5NNN,General,100pF, +/-5%,0402/1005,50Vdc,C0G,0.55mm,Features Normal
CL05C101JC5NNN,General,100pF, +/-5%,0402/1005,100Vdc,C0G,0.55mm,Features Normal
CL32C101JJFNNN,General,100pF, +/-5%,1210/3225,2000Vdc,C0G,1.45mm,Features Normal
CL10C101JB8NCN,General,100pF, +/-5%,0603/1608,50Vdc,C0G,0.9mm,Features Normal
CL03C101JA3NNW,General,100pF, +/-5%,0201/0603,25Vdc,C0G,0.33mm,Features Normal
CL03C101JC3NNN,General,100pF, +/-5%,0201/0603,100Vdc,C0G,0.33mm,Features Normal
CL05C101FB5NNW,General,100pF, +/-1%,0402/1005,50Vdc,C0G,0.55mm,Features Normal
CL05C101JB5NFN,General,100pF, +/-5%,0402/1005,50Vdc,C0G,0.55mm,Features Normal
CL05C101JC5NNW,General,100pF, +/-5%,0402/1005,100Vdc,C0G,0.55mm,Features Normal
CL32C101JJFNNW,General,100pF, +/-5%,1210/3225,2000Vdc,C0G,1.45mm,Features Normal
CL31C101JGFNFN,General,100pF, +/-5%,1206/3216,500Vdc,C0G,1.4mm,Features Normal
CL31C101JHFNNN,General,100pF, +/-5%,1206/3216,630Vdc,C0G,1.4mm,Features Normal
CL31C101JHFNNW,General,100pF, +/-5%,1206/3216,630Vdc,C0G,1.4mm,Features Normal
CL05C101JA5NNW,General,100pF, +/-5%,0402/1005,25Vdc,C0G,0.55mm,Features Normal
CL03C101JC3NNW,General,100pF, +/-5%,0201/0603,100Vdc,C0G,0.33mm,Features Normal
CL31C101JIFNFN,General,100pF, +/-5%,1206/3216,1000Vdc,C0G,1.4mm,Features Normal
CL31C101JCCNNW,General,100pF, +/-5%,1206/3216,100Vdc,C0G,1mm,Features Normal
CL10C101FB8NNW,General,100pF, +/-1%,0603/1608,50Vdc,C0G,0.9mm,Features Normal
CL03A101KA3NNW,General,100pF, +/-10%,0201/0603,25Vdc,X5R,0.33mm,Features Normal
CL10C101JC8NNN,General,100pF, +/-5%,0603/1608,100Vdc,C0G,0.9mm,Features Normal
CL05C910JB5NNN,General,91pF, +/-5%,0402/1005,50Vdc,C0G,0.55mm,Features Normal
CL05C910JB5NNW,General,91pF, +/-5%,0402/1005,50Vdc,C0G,0.55mm,Features Normal
CL10C910JB8NNN,General,91pF, +/-5%,0603/1608,50Vdc,C0G,0.9mm,Features Normal
CL10C910JB8NNW,General,91pF, +/-5%,0603/1608,50Vdc,C0G,0.9mm,Features Normal
CL10C910JB8NCN,General,91pF, +/-5%,0603/1608,50Vdc,C0G,0.9mm,Features Normal
CL05C820JB5NNW,General,82pF, +/-5%,0402/1005,50Vdc,C0G,0.55mm,Features Normal
CL31C820JIFNNW,General,82pF, +/-5%,1206/3216,1000Vdc,C0G,1.4mm,Features Normal
CL31C820JHFNNW,General,82pF, +/-5%,1206/3216,630Vdc,C0G,1.4mm,Features Normal
CL10C820JB8NFN,General,82pF, +/-5%,0603/1608,50Vdc,C0G,0.9mm,Features Normal
CL05C820JC5NNW,General,82pF, +/-5%,0402/1005,100Vdc,C0G,0.55mm,Features Normal
CL05C820JB5NCN,General,82pF, +/-5%,0402/1005,50Vdc,C0G,0.55mm,Features Normal
CL05C820JB5NNN,General,82pF, +/-5%,0402/1005,50Vdc,C0G,0.55mm,Features Normal
CL03C820GB3NNN,General,82pF, +/-2%,0201/0603,50Vdc,C0G,0.33mm,Features Normal
CL31C820JBCNNN,General,82pF, +/-5%,1206/3216,50Vdc,C0G,1mm,Features Normal
CL31C820JBCNNW,General,82pF, +/-5%,1206/3216,50Vdc,C0G,1mm,Features Normal
CL10C820GB8NNW,General,82pF, +/-2%,0603/1608,50Vdc,C0G,0.9mm,Features Normal
CL10C820JB8NNW,General,82pF, +/-5%,0603/1608,50Vdc,C0G,0.9mm,Features Normal
CL03C820JA3NNW,General,82pF, +/-5%,0201/0603,25Vdc,C0G,0.33mm,Features Normal
CL03C820JA3NNN,General,82pF, +/-5%,0201/0603,25Vdc,C0G,0.33mm,Features Normal
CL05C820JA5NNN,General,82pF, +/-5%,0402/1005,25Vdc,C0G,0.55mm,Features Normal
CL05C820JA5NNW,General,82pF, +/-5%,0402/1005,25Vdc,C0G,0.55mm,Features Normal
CL05C820JC5NNN,General,82pF, +/-5%,0402/1005,100Vdc,C0G,0.55mm,Features Normal
CL10C820JC8NNW,General,82pF, +/-5%,0603/1608,100Vdc,C0G,0.9mm,Features Normal
CL05C750JB5NNN,General,75pF, +/-5%,0402/1005,50Vdc,C0G,0.55mm,Features Normal
CL31C750JBCNNW,General,75pF, +/-5%,1206/3216,50Vdc,C0G,1mm,Features Normal
CL05C750JB5NNW,General,75pF, +/-5%,0402/1005,50Vdc,C0G,0.55mm,Features Normal
CL31C750JBCNNN,General,75pF, +/-5%,1206/3216,50Vdc,C0G,1mm,Features Normal
CL10C680JB8NNN,General,68pF, +/-5%,0603/1608,50Vdc,C0G,0.9mm,Features Normal
CL31C680JGFNNN,General,68pF, +/-5%,1206/3216,500Vdc,C0G,1.4mm,Features Normal
CL05C680JB5NNW,General,68pF, +/-5%,0402/1005,50Vdc,C0G,0.55mm,Features Normal
CL05C680JB5NCN,General,68pF, +/-5%,0402/1005,50Vdc,C0G,0.55mm,Features Normal
CL31C680JGFNNW,General,68pF, +/-5%,1206/3216,500Vdc,C0G,1.4mm,Features Normal
CL31C680JIFNFN,General,68pF, +/-5%,1206/3216,1000Vdc,C0G,1.4mm,Features Normal
CL31C680JDFNNW,General,68pF, +/-5%,1206/3216,200Vdc,C0G,1.4mm,Features Normal
CL31C680JIFNNW,General,68pF, +/-5%,1206/3216,1000Vdc,C0G,1.4mm,Features Normal
CL31C680JIFNW6,General,68pF, +/-5%,1206/3216,1000Vdc,C0G,1.4mm,Features Normal
CL03C680JA3NNN,General,68pF, +/-5%,0201/0603,25Vdc,C0G,0.33mm,Features Normal
CL10C680JB8N4N,General,68pF, +/-5%,0603/1608,50Vdc,C0G,0.9mm,Features Normal
CL10C680JB8NNW,General,68pF, +/-5%,0603/1608,50Vdc,C0G,0.9mm,Features Normal
CL10C680JC8NNN,General,68pF, +/-5%,0603/1608,100Vdc,C0G,0.9mm,Features Normal
CL05C680JB5NNN,General,68pF, +/-5%,0402/1005,50Vdc,C0G,0.55mm,Features Normal
CL05C680JC5NNN,General,68pF, +/-5%,0402/1005,100Vdc,C0G,0.55mm,Features Normal
CL31C680JHFNNN,General,68pF, +/-5%,1206/3216,630Vdc,C0G,1.4mm,Features Normal
CL31C680JHFNNW,General,68pF, +/-5%,1206/3216,630Vdc,C0G,1.4mm,Features Normal
CL10C680JB8NFN,General,68pF, +/-5%,0603/1608,50Vdc,C0G,0.9mm,Features Normal
CL10C680JC8NNW,General,68pF, +/-5%,0603/1608,100Vdc,C0G,0.9mm,Features Normal
CL03C680JA3NNW,General,68pF, +/-5%,0201/0603,25Vdc,C0G,0.33mm,Features Normal
CL10C680JB8NCN,General,68pF, +/-5%,0603/1608,50Vdc,C0G,0.9mm,Features Normal
CL05C680JB5NFN,General,68pF, +/-5%,0402/1005,50Vdc,C0G,0.55mm,Features Normal
CL05C680JA5NNW,General,68pF, +/-5%,0402/1005,25Vdc,C0G,0.55mm,Features Normal
CL05C680JC5NNW,General,68pF, +/-5%,0402/1005,100Vdc,C0G,0.55mm,Features Normal
CL31C680JIFNNN,General,68pF, +/-5%,1206/3216,1000Vdc,C0G,1.4mm,Features Normal
CL05C620JB5NCN,General,62pF, +/-5%,0402/1005,50Vdc,C0G,0.55mm,Features Normal
CL05C620JB5NNW,General,62pF, +/-5%,0402/1005,50Vdc,C0G,0.55mm,Features Normal
CL05C620JB5NNN,General,62pF, +/-5%,0402/1005,50Vdc,C0G,0.55mm,Features Normal
CL10C620JB8NNN,General,62pF, +/-5%,0603/1608,50Vdc,C0G,0.9mm,Features Normal
CL10C620JB8NNW,General,62pF, +/-5%,0603/1608,50Vdc,C0G,0.9mm,Features Normal
CL31C560JBCNNN,General,56pF, +/-5%,1206/3216,50Vdc,C0G,1mm,Features Normal
CL05C560JA5NNW,General,56pF, +/-5%,0402/1005,25Vdc,C0G,0.55mm,Features Normal
CL03C560GB3NNN,General,56pF, +/-2%,0201/0603,50Vdc,C0G,0.33mm,Features Normal
CL03C560JA3NNN,General,56pF, +/-5%,0201/0603,25Vdc,C0G,0.33mm,Features Normal
CL31C560JBCNNW,General,56pF, +/-5%,1206/3216,50Vdc,C0G,1mm,Features Normal
CL05C560FB5NNW,General,56pF, +/-1%,0402/1005,50Vdc,C0G,0.55mm,Features Normal
CL05C560JB5NNN,General,56pF, +/-5%,0402/1005,50Vdc,C0G,0.55mm,Features Normal
CL05C560JB5NNW,General,56pF, +/-5%,0402/1005,50Vdc,C0G,0.55mm,Features Normal
CL10C560JC8NNW,General,56pF, +/-5%,0603/1608,100Vdc,C0G,0.9mm,Features Normal
CL03C560JA3NNW,General,56pF, +/-5%,0201/0603,25Vdc,C0G,0.33mm,Features Normal
CL10C560JB8NFN,General,56pF, +/-5%,0603/1608,50Vdc,C0G,0.9mm,Features Normal
CL10C560JB8NNN,General,56pF, +/-5%,0603/1608,50Vdc,C0G,0.9mm,Features Normal
CL10C560JB8NNW,General,56pF, +/-5%,0603/1608,50Vdc,C0G,0.9mm,Features Normal
CL31C560JHFNNW,General,56pF, +/-5%,1206/3216,630Vdc,C0G,1.4mm,Features Normal
CL05C560JA5NNN,General,56pF, +/-5%,0402/1005,25Vdc,C0G,0.55mm,Features Normal
CL10C510JB8NNW,General,51pF, +/-5%,0603/1608,50Vdc,C0G,0.9mm,Features Normal
CL31C510JBCNNW,General,51pF, +/-5%,1206/3216,50Vdc,C0G,1mm,Features Normal
CL10C510JB8NNN,General,51pF, +/-5%,0603/1608,50Vdc,C0G,0.9mm,Features Normal
CL31C510JBCNNN,General,51pF, +/-5%,1206/3216,50Vdc,C0G,1mm,Features Normal
CL05C510JB5NNW,General,51pF, +/-5%,0402/1005,50Vdc,C0G,0.55mm,Features Normal
CL10C470JB8NNW,General,47pF, +/-5%,0603/1608,50Vdc,C0G,0.9mm,Features Normal
CL05C470JB5NNW,General,47pF, +/-5%,0402/1005,50Vdc,C0G,0.55mm,Features Normal
CL31C470JIFNNW,General,47pF, +/-5%,1206/3216,1000Vdc,C0G,1.4mm,Features Normal
CL31C470JJHNNN,General,47pF, +/-5%,1206/3216,2000Vdc,C0G,1.8mm,Features Normal
CL31C470JJHNNW,General,47pF, +/-5%,1206/3216,2000Vdc,C0G,1.8mm,Features Normal
CL31C470JHFNNW,General,47pF, +/-5%,1206/3216,630Vdc,C0G,1.4mm,Features Normal
CL05C470JB5N4N,General,47pF, +/-5%,0402/1005,50Vdc,C0G,0.55mm,Features Normal
CL10C470JC8NNW,General,47pF, +/-5%,0603/1608,100Vdc,C0G,0.9mm,Features Normal
CL10C470JB8NNN,General,47pF, +/-5%,0603/1608,50Vdc,C0G,0.9mm,Features Normal
CL31C470JCCNNN,General,47pF, +/-5%,1206/3216,100Vdc,C0G,1mm,Features Normal
CL05C470JA5NNW,General,47pF, +/-5%,0402/1005,25Vdc,C0G,0.55mm,Features Normal
CL05C470JC5NNW,General,47pF, +/-5%,0402/1005,100Vdc,C0G,0.55mm,Features Normal
CL05C470JC5NNN,General,47pF, +/-5%,0402/1005,100Vdc,C0G,0.55mm,Features Normal
CL03C470JA3NNW,General,47pF, +/-5%,0201/0603,25Vdc,C0G,0.33mm,Features Normal
CL05C470FB5NNW,General,47pF, +/-1%,0402/1005,50Vdc,C0G,0.55mm,Features Normal
CL10C470JB8NCN,General,47pF, +/-5%,0603/1608,50Vdc,C0G,0.9mm,Features Normal
CL31C470JGFNFN,General,47pF, +/-5%,1206/3216,500Vdc,C0G,1.4mm,Features Normal
CL03C470JC3NNN,General,47pF, +/-5%,0201/0603,100Vdc,C0G,0.33mm,Features Normal
CL31C470JIFNW6,General,47pF, +/-5%,1206/3216,1000Vdc,C0G,1.4mm,Features Normal
CL31C470JCCNNW,General,47pF, +/-5%,1206/3216,100Vdc,C0G,1mm,Features Normal
CL31C470JGFNNW,General,47pF, +/-5%,1206/3216,500Vdc,C0G,1.4mm,Features Normal
CL31C470JHFNFN,General,47pF, +/-5%,1206/3216,630Vdc,C0G,1.4mm,Features Normal
CL05C470JB5NNN,General,47pF, +/-5%,0402/1005,50Vdc,C0G,0.55mm,Features Normal
CL10C470FB8NNW,General,47pF, +/-1%,0603/1608,50Vdc,C0G,0.9mm,Features Normal
CL10C470JB8NFN,General,47pF, +/-5%,0603/1608,50Vdc,C0G,0.9mm,Features Normal
CL05C470JB5NCN,General,47pF, +/-5%,0402/1005,50Vdc,C0G,0.55mm,Features Normal
CL05C470JB5NFN,General,47pF, +/-5%,0402/1005,50Vdc,C0G,0.55mm,Features Normal
CL31C470JGFNNN,General,47pF, +/-5%,1206/3216,500Vdc,C0G,1.4mm,Features Normal
CL03C470JB3NNN,General,47pF, +/-5%,0201/0603,50Vdc,C0G,0.33mm,Features Normal
CL03C470JB3NNW,General,47pF, +/-5%,0201/0603,50Vdc,C0G,0.33mm,Features Normal
CL10C470KB8NNW,General,47pF, +/-10%,0603/1608,50Vdc,C0G,0.9mm,Features Normal
CL31C470JIFNFN,General,47pF, +/-5%,1206/3216,1000Vdc,C0G,1.4mm,Features Normal
CL31C470JIFNNN,General,47pF, +/-5%,1206/3216,1000Vdc,C0G,1.4mm,Features Normal
CL03C470JA3NNN,General,47pF, +/-5%,0201/0603,25Vdc,C0G,0.33mm,Features Normal
CL10C470JC8NNN,General,47pF, +/-5%,0603/1608,100Vdc,C0G,0.9mm,Features Normal
CL31C470JHFNNN,General,47pF, +/-5%,1206/3216,630Vdc,C0G,1.4mm,Features Normal
CL05C430JB5NNW,General,43pF, +/-5%,0402/1005,50Vdc,C0G,0.55mm,Features Normal
CL05C430JB5NNN,General,43pF, +/-5%,0402/1005,50Vdc,C0G,0.55mm,Features Normal
CL10C430JB8NNN,General,43pF, +/-5%,0603/1608,50Vdc,C0G,0.9mm,Features Normal
CL10C430JB8NNW,General,43pF, +/-5%,0603/1608,50Vdc,C0G,0.9mm,Features Normal
CL03C390JB3NNN,General,39pF, +/-5%,0201/0603,50Vdc,C0G,0.33mm,Features Normal
CL31C390JBCNNW,General,39pF, +/-5%,1206/3216,50Vdc,C0G,1mm,Features Normal
CL05C390JA5NNW,General,39pF, +/-5%,0402/1005,25Vdc,C0G,0.55mm,Features Normal
CL10C390JC8NNW,General,39pF, +/-5%,0603/1608,100Vdc,C0G,0.9mm,Features Normal
CL03C390JA3NNN,General,39pF, +/-5%,0201/0603,25Vdc,C0G,0.33mm,Features Normal
CL31C390JBCNNN,General,39pF, +/-5%,1206/3216,50Vdc,C0G,1mm,Features Normal
CL31C390JGFNNN,General,39pF, +/-5%,1206/3216,500Vdc,C0G,1.4mm,Features Normal
CL10C390JB8NCN,General,39pF, +/-5%,0603/1608,50Vdc,C0G,0.9mm,Features Normal
CL03C390GB3NNN,General,39pF, +/-2%,0201/0603,50Vdc,C0G,0.33mm,Features Normal
CL03C390JA3NNW,General,39pF, +/-5%,0201/0603,25Vdc,C0G,0.33mm,Features Normal
CL03C390JB3NNW,General,39pF, +/-5%,0201/0603,50Vdc,C0G,0.33mm,Features Normal
CL10C390JC8NNN,General,39pF, +/-5%,0603/1608,100Vdc,C0G,0.9mm,Features Normal
CL31C390JGFNNW,General,39pF, +/-5%,1206/3216,500Vdc,C0G,1.4mm,Features Normal
CL05C390JB5NCN,General,39pF, +/-5%,0402/1005,50Vdc,C0G,0.55mm,Features Normal
CL05C390JC5NNN,General,39pF, +/-5%,0402/1005,100Vdc,C0G,0.55mm,Features Normal
CL05C390JC5NNW,General,39pF, +/-5%,0402/1005,100Vdc,C0G,0.55mm,Features Normal
CL03C390GB3NNW,General,39pF, +/-2%,0201/0603,50Vdc,C0G,0.33mm,Features Normal
CL31C390JHFNNW,General,39pF, +/-5%,1206/3216,630Vdc,C0G,1.4mm,Features Normal
CL10C390JB8NNW,General,39pF, +/-5%,0603/1608,50Vdc,C0G,0.9mm,Features Normal
CL05C390JB5NNN,General,39pF, +/-5%,0402/1005,50Vdc,C0G,0.55mm,Features Normal
CL05C390JB5NNW,General,39pF, +/-5%,0402/1005,50Vdc,C0G,0.55mm,Features Normal
CL05C360JB5NNN,General,36pF, +/-5%,0402/1005,50Vdc,C0G,0.55mm,Features Normal
CL05C360JB5NNW,General,36pF, +/-5%,0402/1005,50Vdc,C0G,0.55mm,Features Normal
CL05C330JC5NNW,General,33pF, +/-5%,0402/1005,100Vdc,C0G,0.55mm,Features Normal
CL31C330JIFNNW,General,33pF, +/-5%,1206/3216,1000Vdc,C0G,1.4mm,Features Normal
CL05C330JB5NNN,General,33pF, +/-5%,0402/1005,50Vdc,C0G,0.55mm,Features Normal
CL05C330FB5NNW,General,33pF, +/-1%,0402/1005,50Vdc,C0G,0.55mm,Features Normal
CL03C330JB3NNN,General,33pF, +/-5%,0201/0603,50Vdc,C0G,0.33mm,Features Normal
CL05C330JB5NNW,General,33pF, +/-5%,0402/1005,50Vdc,C0G,0.55mm,Features Normal
CL10C330JB8NNN,General,33pF, +/-5%,0603/1608,50Vdc,C0G,0.9mm,Features Normal
CL10C330JB8NNW,General,33pF, +/-5%,0603/1608,50Vdc,C0G,0.9mm,Features Normal
CL05C330JC5NNN,General,33pF, +/-5%,0402/1005,100Vdc,C0G,0.55mm,Features Normal
CL31C330JHFNNN,General,33pF, +/-5%,1206/3216,630Vdc,C0G,1.4mm,Features Normal
CL31C330JIFNFN,General,33pF, +/-5%,1206/3216,1000Vdc,C0G,1.4mm,Features Normal
CL03C330JB3NNW,General,33pF, +/-5%,0201/0603,50Vdc,C0G,0.33mm,Features Normal
CL31C330JHFNFN,General,33pF, +/-5%,1206/3216,630Vdc,C0G,1.4mm,Features Normal
CL10C330JB8N4N,General,33pF, +/-5%,0603/1608,50Vdc,C0G,0.9mm,Features Normal
CL10C330JC8NNW,General,33pF, +/-5%,0603/1608,100Vdc,C0G,0.9mm,Features Normal
CL05C330JB5NCN,General,33pF, +/-5%,0402/1005,50Vdc,C0G,0.55mm,Features Normal
CL03C330JA3NNW,General,33pF, +/-5%,0201/0603,25Vdc,C0G,0.33mm,Features Normal
CL31C330JHFNNW,General,33pF, +/-5%,1206/3216,630Vdc,C0G,1.4mm,Features Normal
CL05C330JA5NNW,General,33pF, +/-5%,0402/1005,25Vdc,C0G,0.55mm,Features Normal
CL03C330JA3NNN,General,33pF, +/-5%,0201/0603,25Vdc,C0G,0.33mm,Features Normal
CL31C330JIFNNN,General,33pF, +/-5%,1206/3216,1000Vdc,C0G,1.4mm,Features Normal
CL31C330JIFNW6,General,33pF, +/-5%,1206/3216,1000Vdc,C0G,1.4mm,Features Normal
CL05C330JB5NFN,General,33pF, +/-5%,0402/1005,50Vdc,C0G,0.55mm,Features Normal
CL31C330JGFNNN,General,33pF, +/-5%,1206/3216,500Vdc,C0G,1.4mm,Features Normal
CL31C330JGFNNW,General,33pF, +/-5%,1206/3216,500Vdc,C0G,1.4mm,Features Normal
CL10C330JB8NFN,General,33pF, +/-5%,0603/1608,50Vdc,C0G,0.9mm,Features Normal
CL10C300JB8NNW,General,30pF, +/-5%,0603/1608,50Vdc,C0G,0.9mm,Features Normal
CL31C300JBCNNW,General,30pF, +/-5%,1206/3216,50Vdc,C0G,1mm,Features Normal
CL31C300JBCNNN,General,30pF, +/-5%,1206/3216,50Vdc,C0G,1mm,Features Normal
CL05C300JC5NNN,General,30pF, +/-5%,0402/1005,100Vdc,C0G,0.55mm,Features Normal
CL05C300JC5NNW,General,30pF, +/-5%,0402/1005,100Vdc,C0G,0.55mm,Features Normal
CL03C300JA3GNW,General,30pF, +/-5%,0201/0603,25Vdc,C0G,0.33mm,Features Normal
CL03C300JB3NNW,General,30pF, +/-5%,0201/0603,50Vdc,C0G,0.33mm,Features Normal
CL10C300JB8NCN,General,30pF, +/-5%,0603/1608,50Vdc,C0G,0.9mm,Features Normal
CL05C300JB5NNW,General,30pF, +/-5%,0402/1005,50Vdc,C0G,0.55mm,Features Normal
CL05C300JB5NCN,General,30pF, +/-5%,0402/1005,50Vdc,C0G,0.55mm,Features Normal
CL03C300JA3NNN,General,30pF, +/-5%,0201/0603,25Vdc,C0G,0.33mm,Features Normal
CL03C300JA3GNN,General,30pF, +/-5%,0201/0603,25Vdc,C0G,0.33mm,Features Normal
CL03C300JA3NNW,General,30pF, +/-5%,0201/0603,25Vdc,C0G,0.33mm,Features Normal
CL05C270JB5NNW,General,27pF, +/-5%,0402/1005,50Vdc,C0G,0.55mm,Features Normal
CL05C270JC5NNN,General,27pF, +/-5%,0402/1005,100Vdc,C0G,0.55mm,Features Normal
CL31C270JHFNNN,General,27pF, +/-5%,1206/3216,630Vdc,C0G,1.4mm,Features Normal
CL05C270JA5NNN,General,27pF, +/-5%,0402/1005,25Vdc,C0G,0.55mm,Features Normal
CL10C270JB8NCN,General,27pF, +/-5%,0603/1608,50Vdc,C0G,0.9mm,Features Normal
CL31C270JCCNNW,General,27pF, +/-5%,1206/3216,100Vdc,C0G,1mm,Features Normal
CL10C270JB8NNW,General,27pF, +/-5%,0603/1608,50Vdc,C0G,0.9mm,Features Normal
CL10C270JB8N4N,General,27pF, +/-5%,0603/1608,50Vdc,C0G,0.9mm,Features Normal
CL10C270JB8NFN,General,27pF, +/-5%,0603/1608,50Vdc,C0G,0.9mm,Features Normal
CL03C270JB3GNN,General,27pF, +/-5%,0201/0603,50Vdc,C0G,0.33mm,Features Normal
CL05C270JA5NNW,General,27pF, +/-5%,0402/1005,25Vdc,C0G,0.55mm,Features Normal
CL03C270JA3GNN,General,27pF, +/-5%,0201/0603,25Vdc,C0G,0.33mm,Features Normal
CL10C270JB8NNN,General,27pF, +/-5%,0603/1608,50Vdc,C0G,0.9mm,Features Normal
CL10C270JC8NNW,General,27pF, +/-5%,0603/1608,100Vdc,C0G,0.9mm,Features Normal
CL05C270JB5NNN,General,27pF, +/-5%,0402/1005,50Vdc,C0G,0.55mm,Features Normal
CL31C270JBCNNN,General,27pF, +/-5%,1206/3216,50Vdc,C0G,1mm,Features Normal
CL03C270FA3NNN,General,27pF, +/-1%,0201/0603,25Vdc,C0G,0.33mm,Features Normal
CL03C270JA3NNN,General,27pF, +/-5%,0201/0603,25Vdc,C0G,0.33mm,Features Normal
CL03C270JB3NNN,General,27pF, +/-5%,0201/0603,50Vdc,C0G,0.33mm,Features Normal
CL03C270JB3NNW,General,27pF, +/-5%,0201/0603,50Vdc,C0G,0.33mm,Features Normal
CL31C270JBCNNW,General,27pF, +/-5%,1206/3216,50Vdc,C0G,1mm,Features Normal
CL03C270JA3NNW,General,27pF, +/-5%,0201/0603,25Vdc,C0G,0.33mm,Features Normal
CL31C270JCCNNN,General,27pF, +/-5%,1206/3216,100Vdc,C0G,1mm,Features Normal
CL05C270JB5NCN,General,27pF, +/-5%,0402/1005,50Vdc,C0G,0.55mm,Features Normal
CL31C270JHFNNW,General,27pF, +/-5%,1206/3216,630Vdc,C0G,1.4mm,Features Normal
CL05C270JC5NNW,General,27pF, +/-5%,0402/1005,100Vdc,C0G,0.55mm,Features Normal
CL05C270JO5NNW,General,27pF, +/-5%,0402/1005,16Vdc,C0G,0.55mm,Features Normal
CL10C250JB8NNN,General,25pF, +/-5%,0603/1608,50Vdc,C0G,0.9mm,Features Normal
CL10C250JB8NNW,General,25pF, +/-5%,0603/1608,50Vdc,C0G,0.9mm,Features Normal
CL03C240JA3GNN,General,24pF, +/-5%,0201/0603,25Vdc,C0G,0.33mm,Features Normal
CL03C240JA3GNW,General,24pF, +/-5%,0201/0603,25Vdc,C0G,0.33mm,Features Normal
CL05C240JB5NNN,General,24pF, +/-5%,0402/1005,50Vdc,C0G,0.55mm,Features Normal
CL05C240JB5NCN,General,24pF, +/-5%,0402/1005,50Vdc,C0G,0.55mm,Features Normal
CL10C240JB8NNW,General,24pF, +/-5%,0603/1608,50Vdc,C0G,0.9mm,Features Normal
CL10C240JB8NCN,General,24pF, +/-5%,0603/1608,50Vdc,C0G,0.9mm,Features Normal
CL05C240JB5NNW,General,24pF, +/-5%,0402/1005,50Vdc,C0G,0.55mm,Features Normal
CL10C220GB8NNW,General,22pF, +/-2%,0603/1608,50Vdc,C0G,0.9mm,Features Normal
CL10C220JB8NCN,General,22pF, +/-5%,0603/1608,50Vdc,C0G,0.9mm,Features Normal
CL31C220JCCNNN,General,22pF, +/-5%,1206/3216,100Vdc,C0G,1mm,Features Normal
CL10C220JB8NNW,General,22pF, +/-5%,0603/1608,50Vdc,C0G,0.9mm,Features Normal
CL10C220JB8NNN,General,22pF, +/-5%,0603/1608,50Vdc,C0G,0.9mm,Features Normal
CL10C220JB8N4N,General,22pF, +/-5%,0603/1608,50Vdc,C0G,0.9mm,Features Normal
CL05C220JB5NNW,General,22pF, +/-5%,0402/1005,50Vdc,C0G,0.55mm,Features Normal
CL03C220JB3NNW,General,22pF, +/-5%,0201/0603,50Vdc,C0G,0.33mm,Features Normal
CL05C220JB5NCN,General,22pF, +/-5%,0402/1005,50Vdc,C0G,0.55mm,Features Normal
CL10C220JC8NNW,General,22pF, +/-5%,0603/1608,100Vdc,C0G,0.9mm,Features Normal
CL31C220JGFNNN,General,22pF, +/-5%,1206/3216,500Vdc,C0G,1.4mm,Features Normal
CL31C220JHFNNW,General,22pF, +/-5%,1206/3216,630Vdc,C0G,1.4mm,Features Normal
CL31C220JIFNNN,General,22pF, +/-5%,1206/3216,1000Vdc,C0G,1.4mm,Features Normal
CL31C220JIFNW6,General,22pF, +/-5%,1206/3216,1000Vdc,C0G,1.4mm,Features Normal
CL31C220JBCNNW,General,22pF, +/-5%,1206/3216,50Vdc,C0G,1mm,Features Normal
CL05C220JB5NFN,General,22pF, +/-5%,0402/1005,50Vdc,C0G,0.55mm,Features Normal
CL10C220FB8NNW,General,22pF, +/-1%,0603/1608,50Vdc,C0G,0.9mm,Features Normal
CL03C220JB3NNN,General,22pF, +/-5%,0201/0603,50Vdc,C0G,0.33mm,Features Normal
CL05C220JB5NNN,General,22pF, +/-5%,0402/1005,50Vdc,C0G,0.55mm,Features Normal
CL31C220JBCNNN,General,22pF, +/-5%,1206/3216,50Vdc,C0G,1mm,Features Normal
CL05C220JA5NNW,General,22pF, +/-5%,0402/1005,25Vdc,C0G,0.55mm,Features Normal
CL31C220JHFNNN,General,22pF, +/-5%,1206/3216,630Vdc,C0G,1.4mm,Features Normal
CL31C220JGFNNW,General,22pF, +/-5%,1206/3216,500Vdc,C0G,1.4mm,Features Normal
CL31C220JIFNFN,General,22pF, +/-5%,1206/3216,1000Vdc,C0G,1.4mm,Features Normal
CL31C220JIFNNW,General,22pF, +/-5%,1206/3216,1000Vdc,C0G,1.4mm,Features Normal
CL31C220JHFNFN,General,22pF, +/-5%,1206/3216,630Vdc,C0G,1.4mm,Features Normal
CL03C220JA3NNN,General,22pF, +/-5%,0201/0603,25Vdc,C0G,0.33mm,Features Normal
CL10C220JB8NFN,General,22pF, +/-5%,0603/1608,50Vdc,C0G,0.9mm,Features Normal
CL03C220JA3GNN,General,22pF, +/-5%,0201/0603,25Vdc,C0G,0.33mm,Features Normal
CL03C220JA3NNW,General,22pF, +/-5%,0201/0603,25Vdc,C0G,0.33mm,Features Normal
CL05C220JA5NNN,General,22pF, +/-5%,0402/1005,25Vdc,C0G,0.55mm,Features Normal
CL31C220JCCNNW,General,22pF, +/-5%,1206/3216,100Vdc,C0G,1mm,Features Normal
CL03C200JA3GNN,General,20pF, +/-5%,0201/0603,25Vdc,C0G,0.33mm,Features Normal
CL03C200JA3GNW,General,20pF, +/-5%,0201/0603,25Vdc,C0G,0.33mm,Features Normal
CL10C200JB8NFN,General,20pF, +/-5%,0603/1608,50Vdc,C0G,0.9mm,Features Normal
CL31C200JBCNNW,General,20pF, +/-5%,1206/3216,50Vdc,C0G,1mm,Features Normal
CL10C200JB8NNN,General,20pF, +/-5%,0603/1608,50Vdc,C0G,0.9mm,Features Normal
CL10C200JB8NNW,General,20pF, +/-5%,0603/1608,50Vdc,C0G,0.9mm,Features Normal
CL05C200JA5NNW,General,20pF, +/-5%,0402/1005,25Vdc,C0G,0.55mm,Features Normal
CL31C200JBCNNN,General,20pF, +/-5%,1206/3216,50Vdc,C0G,1mm,Features Normal
CL31C200JCCNNN,General,20pF, +/-5%,1206/3216,100Vdc,C0G,1mm,Features Normal
CL31C200JCCNNW,General,20pF, +/-5%,1206/3216,100Vdc,C0G,1mm,Features Normal
CL03C200JA3NNN,General,20pF, +/-5%,0201/0603,25Vdc,C0G,0.33mm,Features Normal
CL03C200JA3NNW,General,20pF, +/-5%,0201/0603,25Vdc,C0G,0.33mm,Features Normal
CL05C200JA5NNN,General,20pF, +/-5%,0402/1005,25Vdc,C0G,0.55mm,Features Normal
CL10C200JB8NCN,General,20pF, +/-5%,0603/1608,50Vdc,C0G,0.9mm,Features Normal
CL05C200JB5NNW,General,20pF, +/-5%,0402/1005,50Vdc,C0G,0.55mm,Features Normal
CL05C190JB5NNN,General,19pF, +/-5%,0402/1005,50Vdc,C0G,0.55mm,Features Normal
CL05C190JB5NNW,General,19pF, +/-5%,0402/1005,50Vdc,C0G,0.55mm,Features Normal
CL03C180JA3GNN,General,18pF, +/-5%,0201/0603,25Vdc,C0G,0.33mm,Features Normal
CL05C180JB5NNN,General,18pF, +/-5%,0402/1005,50Vdc,C0G,0.55mm,Features Normal
CL05C180JA5NNW,General,18pF, +/-5%,0402/1005,25Vdc,C0G,0.55mm,Features Normal
CL05C180JB5NFN,General,18pF, +/-5%,0402/1005,50Vdc,C0G,0.55mm,Features Normal
CL05C180JB5NNW,General,18pF, +/-5%,0402/1005,50Vdc,C0G,0.55mm,Features Normal
CL03C180JA3GNW,General,18pF, +/-5%,0201/0603,25Vdc,C0G,0.33mm,Features Normal
CL03C180JB3NNN,General,18pF, +/-5%,0201/0603,50Vdc,C0G,0.33mm,Features Normal
CL05C180JC5NNW,General,18pF, +/-5%,0402/1005,100Vdc,C0G,0.55mm,Features Normal
CL05C180JB5NCN,General,18pF, +/-5%,0402/1005,50Vdc,C0G,0.55mm,Features Normal
CL10C180JB8NFN,General,18pF, +/-5%,0603/1608,50Vdc,C0G,0.9mm,Features Normal
CL05C180GB5NNW,General,18pF, +/-2%,0402/1005,50Vdc,C0G,0.55mm,Features Normal
CL03C180JB3NNW,General,18pF, +/-5%,0201/0603,50Vdc,C0G,0.33mm,Features Normal
CL31C180JBCNNN,General,18pF, +/-5%,1206/3216,50Vdc,C0G,1mm,Features Normal
CL03C180JA3NNN,General,18pF, +/-5%,0201/0603,25Vdc,C0G,0.33mm,Features Normal
CL31C180JBCNNW,General,18pF, +/-5%,1206/3216,50Vdc,C0G,1mm,Features Normal
CL05C180GB5NNN,General,18pF, +/-2%,0402/1005,50Vdc,C0G,0.55mm,Features Normal
CL10C180JC8NNN,General,18pF, +/-5%,0603/1608,100Vdc,C0G,0.9mm,Features Normal
CL10C180JB8NNN,General,18pF, +/-5%,0603/1608,50Vdc,C0G,0.9mm,Features Normal
CL05C180JC5NNN,General,18pF, +/-5%,0402/1005,100Vdc,C0G,0.55mm,Features Normal
CL05C180FB5NNW,General,18pF, +/-1%,0402/1005,50Vdc,C0G,0.55mm,Features Normal
CL31C180JHFNNW,General,18pF, +/-5%,1206/3216,630Vdc,C0G,1.4mm,Features Normal
CL10C180JB8NNW,General,18pF, +/-5%,0603/1608,50Vdc,C0G,0.9mm,Features Normal
CL10C180JC8NNW,General,18pF, +/-5%,0603/1608,100Vdc,C0G,0.9mm,Features Normal
CL03C180JA3NNW,General,18pF, +/-5%,0201/0603,25Vdc,C0G,0.33mm,Features Normal
CL05C170JB5NNN,General,17pF, +/-5%,0402/1005,50Vdc,C0G,0.55mm,Features Normal
CL05C170JB5NNW,General,17pF, +/-5%,0402/1005,50Vdc,C0G,0.55mm,Features Normal
CL03C160JA3GNW,General,16pF, +/-5%,0201/0603,25Vdc,C0G,0.33mm,Features Normal
CL03C160JA3GNN,General,16pF, +/-5%,0201/0603,25Vdc,C0G,0.33mm,Features Normal
CL05C160JB5NCN,General,16pF, +/-5%,0402/1005,50Vdc,C0G,0.55mm,Features Normal
CL05C160JB5NNW,General,16pF, +/-5%,0402/1005,50Vdc,C0G,0.55mm,Features Normal
CL10C150JB8NFN,General,15pF, +/-5%,0603/1608,50Vdc,C0G,0.9mm,Features Normal
CL10C150KB8NNW,General,15pF, +/-10%,0603/1608,50Vdc,C0G,0.9mm,Features Normal
CL31C150JBCNNN,General,15pF, +/-5%,1206/3216,50Vdc,C0G,1mm,Features Normal
CL03C150JA3NNN,General,15pF, +/-5%,0201/0603,25Vdc,C0G,0.33mm,Features Normal
CL03C150JB3NNN,General,15pF, +/-5%,0201/0603,50Vdc,C0G,0.33mm,Features Normal
CL31C150JHFNNW,General,15pF, +/-5%,1206/3216,630Vdc,C0G,1.4mm,Features Normal
CL05C150JB5NCN,General,15pF, +/-5%,0402/1005,50Vdc,C0G,0.55mm,Features Normal
CL05C150JB5NNW,General,15pF, +/-5%,0402/1005,50Vdc,C0G,0.55mm,Features Normal
CL03C150JB3NNW,General,15pF, +/-5%,0201/0603,50Vdc,C0G,0.33mm,Features Normal
CL31C150JJHNNN,General,15pF, +/-5%,1206/3216,2000Vdc,C0G,1.8mm,Features Normal
CL10C150JB8NNW,General,15pF, +/-5%,0603/1608,50Vdc,C0G,0.9mm,Features Normal
CL31C150JJHNNW,General,15pF, +/-5%,1206/3216,2000Vdc,C0G,1.8mm,Features Normal
CL05C150CB5NNW,General,15pF, +/-0.25pF,0402/1005,50Vdc,C0G,0.55mm,Features Normal
CL05C150JB5NNN,General,15pF, +/-5%,0402/1005,50Vdc,C0G,0.55mm,Features Normal
CL10C150FB8NNW,General,15pF, +/-1%,0603/1608,50Vdc,C0G,0.9mm,Features Normal
CL10C150JB8NCN,General,15pF, +/-5%,0603/1608,50Vdc,C0G,0.9mm,Features Normal
CL10C150JC8NNW,General,15pF, +/-5%,0603/1608,100Vdc,C0G,0.9mm,Features Normal
CL03C150JA3NNW,General,15pF, +/-5%,0201/0603,25Vdc,C0G,0.33mm,Features Normal
CL10C150JB8NNN,General,15pF, +/-5%,0603/1608,50Vdc,C0G,0.9mm,Features Normal
CL31C150JHFNFN,General,15pF, +/-5%,1206/3216,630Vdc,C0G,1.4mm,Features Normal
CL31C150JHFNNN,General,15pF, +/-5%,1206/3216,630Vdc,C0G,1.4mm,Features Normal
CL31C150JBCNNW,General,15pF, +/-5%,1206/3216,50Vdc,C0G,1mm,Features Normal
CL31C150JIFNW6,General,15pF, +/-5%,1206/3216,1000Vdc,C0G,1.4mm,Features Normal
CL05C150JA5NNW,General,15pF, +/-5%,0402/1005,25Vdc,C0G,0.55mm,Features Normal
CL05C150JC5NNW,General,15pF, +/-5%,0402/1005,100Vdc,C0G,0.55mm,Features Normal
CL05C150JC5NNN,General,15pF, +/-5%,0402/1005,100Vdc,C0G,0.55mm,Features Normal
CL10C140JB8NNW,General,14pF, +/-5%,0603/1608,50Vdc,C0G,0.9mm,Features Normal
CL10C140JB8NNN,General,14pF, +/-5%,0603/1608,50Vdc,C0G,0.9mm,Features Normal
CL03C130JA3GNN,General,13pF, +/-5%,0201/0603,25Vdc,C0G,0.33mm,Features Normal
CL03C130JA3GNW,General,13pF, +/-5%,0201/0603,25Vdc,C0G,0.33mm,Features Normal
CL05C130JB5NCN,General,13pF, +/-5%,0402/1005,50Vdc,C0G,0.55mm,Features Normal
CL10C130JB8NNW,General,13pF, +/-5%,0603/1608,50Vdc,C0G,0.9mm,Features Normal
CL05C130JB5NNW,General,13pF, +/-5%,0402/1005,50Vdc,C0G,0.55mm,Features Normal
CL10C130JB8NNN,General,13pF, +/-5%,0603/1608,50Vdc,C0G,0.9mm,Features Normal
CL03C120JB3NNN,General,12pF, +/-5%,0201/0603,50Vdc,C0G,0.33mm,Features Normal
CL31C120JBCNNW,General,12pF, +/-5%,1206/3216,50Vdc,C0G,1mm,Features Normal
CL05C120JB5NNW,General,12pF, +/-5%,0402/1005,50Vdc,C0G,0.55mm,Features Normal
CL03C120JA3GNN,General,12pF, +/-5%,0201/0603,25Vdc,C0G,0.33mm,Features Normal
CL03C120JA3NNW,General,12pF, +/-5%,0201/0603,25Vdc,C0G,0.33mm,Features Normal
CL31C120JBCNNN,General,12pF, +/-5%,1206/3216,50Vdc,C0G,1mm,Features Normal
CL31C120JHFNNW,General,12pF, +/-5%,1206/3216,630Vdc,C0G,1.4mm,Features Normal
CL10C120JB8NFN,General,12pF, +/-5%,0603/1608,50Vdc,C0G,0.9mm,Features Normal
CL05C120JB5NCN,General,12pF, +/-5%,0402/1005,50Vdc,C0G,0.55mm,Features Normal
CL10C120JB8NNN,General,12pF, +/-5%,0603/1608,50Vdc,C0G,0.9mm,Features Normal
CL10C120JC8NNW,General,12pF, +/-5%,0603/1608,100Vdc,C0G,0.9mm,Features Normal
CL05C120JB5NNN,General,12pF, +/-5%,0402/1005,50Vdc,C0G,0.55mm,Features Normal
CL05C120CB5NNW,General,12pF, +/-0.25pF,0402/1005,50Vdc,C0G,0.55mm,Features Normal
CL03C120JB3NNW,General,12pF, +/-5%,0201/0603,50Vdc,C0G,0.33mm,Features Normal
CL03C120JA3NNN,General,12pF, +/-5%,0201/0603,25Vdc,C0G,0.33mm,Features Normal
CL05C120JA5NNW,General,12pF, +/-5%,0402/1005,25Vdc,C0G,0.55mm,Features Normal
CL05C120JC5NNW,General,12pF, +/-5%,0402/1005,100Vdc,C0G,0.55mm,Features Normal
CL10C120JB8NNW,General,12pF, +/-5%,0603/1608,50Vdc,C0G,0.9mm,Features Normal
CL10C120JC8NNN,General,12pF, +/-5%,0603/1608,100Vdc,C0G,0.9mm,Features Normal
CL05C120GB5NNW,General,12pF, +/-2%,0402/1005,50Vdc,C0G,0.55mm,Features Normal
CL05C120JC5NNN,General,12pF, +/-5%,0402/1005,100Vdc,C0G,0.55mm,Features Normal
CL03C110JA3GNN,General,11pF, +/-5%,0201/0603,25Vdc,C0G,0.33mm,Features Normal
CL10C110JB8NNW,General,11pF, +/-5%,0603/1608,50Vdc,C0G,0.9mm,Features Normal
CL03C110JA3GNW,General,11pF, +/-5%,0201/0603,25Vdc,C0G,0.33mm,Features Normal
CL03C110JA3NNW,General,11pF, +/-5%,0201/0603,25Vdc,C0G,0.33mm,Features Normal
CL03C110GA3NNN,General,11pF, +/-2%,0201/0603,25Vdc,C0G,0.33mm,Features Normal
CL03C110JA3NNN,General,11pF, +/-5%,0201/0603,25Vdc,C0G,0.33mm,Features Normal
CL05C110JB5NNW,General,11pF, +/-5%,0402/1005,50Vdc,C0G,0.55mm,Features Normal
CL05C110JB5NNN,General,11pF, +/-5%,0402/1005,50Vdc,C0G,0.55mm,Features Normal
CL10C110JB8NNN,General,11pF, +/-5%,0603/1608,50Vdc,C0G,0.9mm,Features Normal
CL31C100JHFNNW,General,10pF, +/-5%,1206/3216,630Vdc,C0G,1.4mm,Features Normal
CL31C100JIFNNW,General,10pF, +/-5%,1206/3216,1000Vdc,C0G,1.4mm,Features Normal
CL31C100JGFNNW,General,10pF, +/-5%,1206/3216,500Vdc,C0G,1.4mm,Features Normal
CL05C100JB5NNW,General,10pF, +/-5%,0402/1005,50Vdc,C0G,0.55mm,Features Normal
CL05C100DB5NNN,General,10pF, +/-0.5pF,0402/1005,50Vdc,C0G,0.55mm,Features Normal
CL05C100FB5NNW,General,10pF, +/-1%,0402/1005,50Vdc,C0G,0.55mm,Features Normal
CL03C100JB3GNN,General,10pF, +/-5%,0201/0603,50Vdc,C0G,0.33mm,Features Normal
CL10C100FB8NNW,General,10pF, +/-1%,0603/1608,50Vdc,C0G,0.9mm,Features Normal
CL31C100JHFNFN,General,10pF, +/-5%,1206/3216,630Vdc,C0G,1.4mm,Features Normal
CL03C100JB3NNW,General,10pF, +/-5%,0201/0603,50Vdc,C0G,0.33mm,Features Normal
CL05C100JA5NNW,General,10pF, +/-5%,0402/1005,25Vdc,C0G,0.55mm,Features Normal
CL05C100JB5NFN,General,10pF, +/-5%,0402/1005,50Vdc,C0G,0.55mm,Features Normal
CL31C100JIFNNN,General,10pF, +/-5%,1206/3216,1000Vdc,C0G,1.4mm,Features Normal
CL10C100JB8NNN,General,10pF, +/-5%,0603/1608,50Vdc,C0G,0.9mm,Features Normal
CL05C100DB5NNW,General,10pF, +/-0.5pF,0402/1005,50Vdc,C0G,0.55mm,Features Normal
CL31C100JHFNNN,General,10pF, +/-5%,1206/3216,630Vdc,C0G,1.4mm,Features Normal
CL10C100JB8NCN,General,10pF, +/-5%,0603/1608,50Vdc,C0G,0.9mm,Features Normal
CL03C100JA3GNN,General,10pF, +/-5%,0201/0603,25Vdc,C0G,0.33mm,Features Normal
CL10C100JC8NNN,General,10pF, +/-5%,0603/1608,100Vdc,C0G,0.9mm,Features Normal
CL10C100JC8NNW,General,10pF, +/-5%,0603/1608,100Vdc,C0G,0.9mm,Features Normal
CL03C100JA3NNN,General,10pF, +/-5%,0201/0603,25Vdc,C0G,0.33mm,Features Normal
CL03C100JB3NNN,General,10pF, +/-5%,0201/0603,50Vdc,C0G,0.33mm,Features Normal
CL05C100JB5NCN,General,10pF, +/-5%,0402/1005,50Vdc,C0G,0.55mm,Features Normal
CL03C100JA3NNW,General,10pF, +/-5%,0201/0603,25Vdc,C0G,0.33mm,Features Normal
CL31C100JBCNNW,General,10pF, +/-5%,1206/3216,50Vdc,C0G,1mm,Features Normal
CL10C100FB8NNN,General,10pF, +/-1%,0603/1608,50Vdc,C0G,0.9mm,Features Normal
CL31C100JBCNNN,General,10pF, +/-5%,1206/3216,50Vdc,C0G,1mm,Features Normal
CL05C100JB5NNN,General,10pF, +/-5%,0402/1005,50Vdc,C0G,0.55mm,Features Normal
CL10C100CB8NNN,General,10pF, +/-0.25pF,0603/1608,50Vdc,C0G,0.9mm,Features Normal
CL10C100JB8NNW,General,10pF, +/-5%,0603/1608,50Vdc,C0G,0.9mm,Features Normal
CL10C100KB8NNW,General,10pF, +/-10%,0603/1608,50Vdc,C0G,0.9mm,Features Normal
CL10C100JB8NFN,General,10pF, +/-5%,0603/1608,50Vdc,C0G,0.9mm,Features Normal
CL05C100GA5NNW,General,10pF, +/-2%,0402/1005,25Vdc,C0G,0.55mm,Features Normal
CL05C100GB5NNW,General,10pF, +/-2%,0402/1005,50Vdc,C0G,0.55mm,Features Normal
CL31C100JGFNNN,General,10pF, +/-5%,1206/3216,500Vdc,C0G,1.4mm,Features Normal
CL03C100FB3NNN,General,10pF, +/-1%,0201/0603,50Vdc,C0G,0.33mm,Features Normal
CL05C9R1BB5NNW,General,9.1pF, +/-0.1pF,0402/1005,50Vdc,C0G,0.55mm,Features Normal
CL03C090CA3GNW,General,9pF, +/-0.25pF,0201/0603,25Vdc,C0G,0.33mm,Features Normal
CL05C090DB5NNW,General,9pF, +/-0.5pF,0402/1005,50Vdc,C0G,0.55mm,Features Normal
CL05C090CB5NNN,General,9pF, +/-0.25pF,0402/1005,50Vdc,C0G,0.55mm,Features Normal
CL05C090DB5NNN,General,9pF, +/-0.5pF,0402/1005,50Vdc,C0G,0.55mm,Features Normal
CL05C090CB5NNW,General,9pF, +/-0.25pF,0402/1005,50Vdc,C0G,0.55mm,Features Normal
CL03C090CA3GNN,General,9pF, +/-0.25pF,0201/0603,25Vdc,C0G,0.33mm,Features Normal
CL05C8R2CB5NNW,General,8.2pF, +/-0.25pF,0402/1005,50Vdc,C0G,0.55mm,Features Normal
CL03C8R2BA3GNN,General,8.2pF, +/-0.1pF,0201/0603,25Vdc,C0G,0.33mm,Features Normal
CL10C8R2CB8NNW,General,8.2pF, +/-0.25pF,0603/1608,50Vdc,C0G,0.9mm,Features Normal
CL05C8R2CA5NNW,General,8.2pF, +/-0.25pF,0402/1005,25Vdc,C0G,0.55mm,Features Normal
CL10C8R2CC8NNW,General,8.2pF, +/-0.25pF,0603/1608,100Vdc,C0G,0.9mm,Features Normal
CL05C8R2CB5NNN,General,8.2pF, +/-0.25pF,0402/1005,50Vdc,C0G,0.55mm,Features Normal
CL05C8R2BB5NNW,General,8.2pF, +/-0.1pF,0402/1005,50Vdc,C0G,0.55mm,Features Normal
CL03C8R2CA3GNN,General,8.2pF, +/-0.25pF,0201/0603,25Vdc,C0G,0.33mm,Features Normal
CL03C8R2CB3NNW,General,8.2pF, +/-0.25pF,0201/0603,50Vdc,C0G,0.33mm,Features Normal
CL05C080CB5NNN,General,8pF, +/-0.25pF,0402/1005,50Vdc,C0G,0.55mm,Features Normal
CL05C080DB5NNW,General,8pF, +/-0.5pF,0402/1005,50Vdc,C0G,0.55mm,Features Normal
CL05C080CB5NNW,General,8pF, +/-0.25pF,0402/1005,50Vdc,C0G,0.55mm,Features Normal
CL05C070CB5NNW,General,7pF, +/-0.25pF,0402/1005,50Vdc,C0G,0.55mm,Features Normal
CL05C070CB5NNN,General,7pF, +/-0.25pF,0402/1005,50Vdc,C0G,0.55mm,Features Normal
CL05C6R8BB5NNW,General,6.8pF, +/-0.1pF,0402/1005,50Vdc,C0G,0.55mm,Features Normal
CL05C6R8CB5NNW,General,6.8pF, +/-0.25pF,0402/1005,50Vdc,C0G,0.55mm,Features Normal
CL10C6R8CC8NNW,General,6.8pF, +/-0.25pF,0603/1608,100Vdc,C0G,0.9mm,Features Normal
CL03C6R8CA3GNN,General,6.8pF, +/-0.25pF,0201/0603,25Vdc,C0G,0.33mm,Features Normal
CL03C6R8DA3GNN,General,6.8pF, +/-0.5pF,0201/0603,25Vdc,C0G,0.33mm,Features Normal
CL10C6R8CB8NNW,General,6.8pF, +/-0.25pF,0603/1608,50Vdc,C0G,0.9mm,Features Normal
CL03C6R8DA3GNW,General,6.8pF, +/-0.5pF,0201/0603,25Vdc,C0G,0.33mm,Features Normal
CL05C6R8CA5NNW,General,6.8pF, +/-0.25pF,0402/1005,25Vdc,C0G,0.55mm,Features Normal
CL03C6R8CA3GNW,General,6.8pF, +/-0.25pF,0201/0603,25Vdc,C0G,0.33mm,Features Normal
CL03C6R8DB3NNW,General,6.8pF, +/-0.5pF,0201/0603,50Vdc,C0G,0.33mm,Features Normal
CL05C6R8CB5NNN,General,6.8pF, +/-0.25pF,0402/1005,50Vdc,C0G,0.55mm,Features Normal
CL10C6R2CB8NNW,General,6.2pF, +/-0.25pF,0603/1608,50Vdc,C0G,0.9mm,Features Normal
CL03C060DA3GNN,General,6pF, +/-0.5pF,0201/0603,25Vdc,C0G,0.33mm,Features Normal
CL03C060DA3GNW,General,6pF, +/-0.5pF,0201/0603,25Vdc,C0G,0.33mm,Features Normal
CL05C060CB5NNN,General,6pF, +/-0.25pF,0402/1005,50Vdc,C0G,0.55mm,Features Normal
CL05C060DB5NNW,General,6pF, +/-0.5pF,0402/1005,50Vdc,C0G,0.55mm,Features Normal
CL05C060BB5NNN,General,6pF, +/-0.1pF,0402/1005,50Vdc,C0G,0.55mm,Features Normal
CL10C5R6CB8NNW,General,5.6pF, +/-0.25pF,0603/1608,50Vdc,C0G,0.9mm,Features Normal
CL03C5R6CA3GNN,General,5.6pF, +/-0.25pF,0201/0603,25Vdc,C0G,0.33mm,Features Normal
CL05C5R6CB5N4N,General,5.6pF, +/-0.25pF,0402/1005,50Vdc,C0G,0.55mm,Features Normal
CL10C5R6CC8NNW,General,5.6pF, +/-0.25pF,0603/1608,100Vdc,C0G,0.9mm,Features Normal
CL03C5R6DB3NNW,General,5.6pF, +/-0.5pF,0201/0603,50Vdc,C0G,0.33mm,Features Normal
CL05C5R6CB5NNW,General,5.6pF, +/-0.25pF,0402/1005,50Vdc,C0G,0.55mm,Features Normal
CL05C5R6CA5NNW,General,5.6pF, +/-0.25pF,0402/1005,25Vdc,C0G,0.55mm,Features Normal
CL05C050CB5NNN,General,5pF, +/-0.25pF,0402/1005,50Vdc,C0G,0.55mm,Features Normal
CL05C050BB5NNW,General,5pF, +/-0.1pF,0402/1005,50Vdc,C0G,0.55mm,Features Normal
CL03C050CA3GNN,General,5pF, +/-0.25pF,0201/0603,25Vdc,C0G,0.33mm,Features Normal
CL03C050CA3GNW,General,5pF, +/-0.25pF,0201/0603,25Vdc,C0G,0.33mm,Features Normal
CL05C050CB5NNW,General,5pF, +/-0.25pF,0402/1005,50Vdc,C0G,0.55mm,Features Normal
CL10C050BB8NNW,General,5pF, +/-0.1pF,0603/1608,50Vdc,C0G,0.9mm,Features Normal
CL03C4R7BB3NNW,General,4.7pF, +/-0.1pF,0201/0603,50Vdc,C0G,0.33mm,Features Normal
CL10C4R7CC8NNW,General,4.7pF, +/-0.25pF,0603/1608,100Vdc,C0G,0.9mm,Features Normal
CL05C4R7CA5NNW,General,4.7pF, +/-0.25pF,0402/1005,25Vdc,C0G,0.55mm,Features Normal
CL05C4R7CB5NNW,General,4.7pF, +/-0.25pF,0402/1005,50Vdc,C0G,0.55mm,Features Normal
CL10C4R7BB8NNN,General,4.7pF, +/-0.1pF,0603/1608,50Vdc,C0G,0.9mm,Features Normal
CL10C4R7CB8NNW,General,4.7pF, +/-0.25pF,0603/1608,50Vdc,C0G,0.9mm,Features Normal
CL10C4R7BB8NNW,General,4.7pF, +/-0.1pF,0603/1608,50Vdc,C0G,0.9mm,Features Normal
CL05C4R7CB5NNN,General,4.7pF, +/-0.25pF,0402/1005,50Vdc,C0G,0.55mm,Features Normal
CL03C4R7CA3GNN,General,4.7pF, +/-0.25pF,0201/0603,25Vdc,C0G,0.33mm,Features Normal
CL05C4R7BB5NNW,General,4.7pF, +/-0.1pF,0402/1005,50Vdc,C0G,0.55mm,Features Normal
CL05C4R3CB5NNW,General,4.3pF, +/-0.25pF,0402/1005,50Vdc,C0G,0.55mm,Features Normal
CL05C040CB5NNW,General,4pF, +/-0.25pF,0402/1005,50Vdc,C0G,0.55mm,Features Normal
CL05C3R9CB5NNN,General,3.9pF, +/-0.25pF,0402/1005,50Vdc,C0G,0.55mm,Features Normal
CL03C3R9BB3GNN,General,3.9pF, +/-0.1pF,0201/0603,50Vdc,C0G,0.33mm,Features Normal
CL05C3R9CB5NNW,General,3.9pF, +/-0.25pF,0402/1005,50Vdc,C0G,0.55mm,Features Normal
CL10C3R9BB8NNW,General,3.9pF, +/-0.1pF,0603/1608,50Vdc,C0G,0.9mm,Features Normal
CL03C3R9CB3NNW,General,3.9pF, +/-0.25pF,0201/0603,50Vdc,C0G,0.33mm,Features Normal
CL10C3R9CC8NNW,General,3.9pF, +/-0.25pF,0603/1608,100Vdc,C0G,0.9mm,Features Normal
CL05C3R9BB5NNW,General,3.9pF, +/-0.1pF,0402/1005,50Vdc,C0G,0.55mm,Features Normal
CL10C3R9CB8NNW,General,3.9pF, +/-0.25pF,0603/1608,50Vdc,C0G,0.9mm,Features Normal
CL05C3R9CA5NNW,General,3.9pF, +/-0.25pF,0402/1005,25Vdc,C0G,0.55mm,Features Normal
CL03C3R9BA3GNN,General,3.9pF, +/-0.1pF,0201/0603,25Vdc,C0G,0.33mm,Features Normal
CL05C3R6CB5NNW,General,3.6pF, +/-0.25pF,0402/1005,50Vdc,C0G,0.55mm,Features Normal
CL10C3R3CC8NNW,General,3.3pF, +/-0.25pF,0603/1608,100Vdc,C0G,0.9mm,Features Normal
CL05C3R3BB5NNW,General,3.3pF, +/-0.1pF,0402/1005,50Vdc,C0G,0.55mm,Features Normal
CL10C3R3CB8NNW,General,3.3pF, +/-0.25pF,0603/1608,50Vdc,C0G,0.9mm,Features Normal
CL05C3R3BB5N4N,General,3.3pF, +/-0.1pF,0402/1005,50Vdc,C0G,0.55mm,Features Normal
CL05C3R3CB5NNN,General,3.3pF, +/-0.25pF,0402/1005,50Vdc,C0G,0.55mm,Features Normal
CL05C3R3CA5NNW,General,3.3pF, +/-0.25pF,0402/1005,25Vdc,C0G,0.55mm,Features Normal
CL05C3R3CB5NNW,General,3.3pF, +/-0.25pF,0402/1005,50Vdc,C0G,0.55mm,Features Normal
CL03C3R3BB3GNN,General,3.3pF, +/-0.1pF,0201/0603,50Vdc,C0G,0.33mm,Features Normal
CL03C030BA3GNW,General,3pF, +/-0.1pF,0201/0603,25Vdc,C0G,0.33mm,Features Normal
CL05C030CB5NNW,General,3pF, +/-0.25pF,0402/1005,50Vdc,C0G,0.55mm,Features Normal
CL03C030BA3GNN,General,3pF, +/-0.1pF,0201/0603,25Vdc,C0G,0.33mm,Features Normal
CL03C030BA3NNN,General,3pF, +/-0.1pF,0201/0603,25Vdc,C0G,0.33mm,Features Normal
CL05C030BB5NNW,General,3pF, +/-0.1pF,0402/1005,50Vdc,C0G,0.55mm,Features Normal
CL05C2R7CA5NNW,General,2.7pF, +/-0.25pF,0402/1005,25Vdc,C0G,0.55mm,Features Normal
CL03C2R7CB3GNN,General,2.7pF, +/-0.25pF,0201/0603,50Vdc,C0G,0.33mm,Features Normal
CL05C2R7BB5NNW,General,2.7pF, +/-0.1pF,0402/1005,50Vdc,C0G,0.55mm,Features Normal
CL05C2R7CB5NNW,General,2.7pF, +/-0.25pF,0402/1005,50Vdc,C0G,0.55mm,Features Normal
CL03C2R7BB3GNN,General,2.7pF, +/-0.1pF,0201/0603,50Vdc,C0G,0.33mm,Features Normal
CL03C2R7BA3NNW,General,2.7pF, +/-0.1pF,0201/0603,25Vdc,C0G,0.33mm,Features Normal
CL10C2R7CB8NNW,General,2.7pF, +/-0.25pF,0603/1608,50Vdc,C0G,0.9mm,Features Normal
CL03C2R7CA3GNN,General,2.7pF, +/-0.25pF,0201/0603,25Vdc,C0G,0.33mm,Features Normal
CL10C2R7CC8NNW,General,2.7pF, +/-0.25pF,0603/1608,100Vdc,C0G,0.9mm,Features Normal
CL05C2R4BA5NNW,General,2.4pF, +/-0.1pF,0402/1005,25Vdc,C0G,0.55mm,Features Normal
CL05C2R4BB5NNW,General,2.4pF, +/-0.1pF,0402/1005,50Vdc,C0G,0.55mm,Features Normal
CL03C2R3CB3NNN,General,2.3pF, +/-0.25pF,0201/0603,50Vdc,C0G,0.33mm,Features Normal
CL10C2R2BB8NNW,General,2.2pF, +/-0.1pF,0603/1608,50Vdc,C0G,0.9mm,Features Normal
CL03C2R2BA3GNN,General,2.2pF, +/-0.1pF,0201/0603,25Vdc,C0G,0.33mm,Features Normal
CL03C2R2CA3GNN,General,2.2pF, +/-0.25pF,0201/0603,25Vdc,C0G,0.33mm,Features Normal
CL03C2R2CB3NNW,General,2.2pF, +/-0.25pF,0201/0603,50Vdc,C0G,0.33mm,Features Normal
CL05C2R2CB5NNW,General,2.2pF, +/-0.25pF,0402/1005,50Vdc,C0G,0.55mm,Features Normal
CL10C2R2CB8NNW,General,2.2pF, +/-0.25pF,0603/1608,50Vdc,C0G,0.9mm,Features Normal
CL05C2R2BA5NNW,General,2.2pF, +/-0.1pF,0402/1005,25Vdc,C0G,0.55mm,Features Normal
CL03C2R2BA3GNW,General,2.2pF, +/-0.1pF,0201/0603,25Vdc,C0G,0.33mm,Features Normal
CL10C2R2BC8NNW,General,2.2pF, +/-0.1pF,0603/1608,100Vdc,C0G,0.9mm,Features Normal
CL05C2R2BB5NNW,General,2.2pF, +/-0.1pF,0402/1005,50Vdc,C0G,0.55mm,Features Normal
CL05C020CB5NNW,General,2pF, +/-0.25pF,0402/1005,50Vdc,C0G,0.55mm,Features Normal
CL05C020BB5NNW,General,2pF, +/-0.1pF,0402/1005,50Vdc,C0G,0.55mm,Features Normal
CL03C020BA3GNN,General,2pF, +/-0.1pF,0201/0603,25Vdc,C0G,0.33mm,Features Normal
CL03C020BB3GNN,General,2pF, +/-0.1pF,0201/0603,50Vdc,C0G,0.33mm,Features Normal
CL05C1R8CB5NNN,General,1.8pF, +/-0.25pF,0402/1005,50Vdc,C0G,0.55mm,Features Normal
CL05C1R8BA5NNW,General,1.8pF, +/-0.1pF,0402/1005,25Vdc,C0G,0.55mm,Features Normal
CL05C1R8BB5NNW,General,1.8pF, +/-0.1pF,0402/1005,50Vdc,C0G,0.55mm,Features Normal
CL10C1R8CB8NNW,General,1.8pF, +/-0.25pF,0603/1608,50Vdc,C0G,0.9mm,Features Normal
CL10C1R8BC8NNW,General,1.8pF, +/-0.1pF,0603/1608,100Vdc,C0G,0.9mm,Features Normal
CL03C1R8CA3GNN,General,1.8pF, +/-0.25pF,0201/0603,25Vdc,C0G,0.33mm,Features Normal
CL03C1R8BB3NNW,General,1.8pF, +/-0.1pF,0201/0603,50Vdc,C0G,0.33mm,Features Normal
CL03C1R8CB3GNN,General,1.8pF, +/-0.25pF,0201/0603,50Vdc,C0G,0.33mm,Features Normal
CL03C1R5CA3GNN,General,1.5pF, +/-0.25pF,0201/0603,25Vdc,C0G,0.33mm,Features Normal
CL05C1R5BA5NNW,General,1.5pF, +/-0.1pF,0402/1005,25Vdc,C0G,0.55mm,Features Normal
CL05C1R5BB5NNW,General,1.5pF, +/-0.1pF,0402/1005,50Vdc,C0G,0.55mm,Features Normal
CL10C1R5BB8NNW,General,1.5pF, +/-0.1pF,0603/1608,50Vdc,C0G,0.9mm,Features Normal
CL10C1R5BC8NNW,General,1.5pF, +/-0.1pF,0603/1608,100Vdc,C0G,0.9mm,Features Normal
CL03C1R5BB3NNW,General,1.5pF, +/-0.1pF,0201/0603,50Vdc,C0G,0.33mm,Features Normal
CL03C1R5CA3GNW,General,1.5pF, +/-0.25pF,0201/0603,25Vdc,C0G,0.33mm,Features Normal
CL03C1R5CB3GNN,General,1.5pF, +/-0.25pF,0201/0603,50Vdc,C0G,0.33mm,Features Normal
CL05C1R5BB5NNN,General,1.5pF, +/-0.1pF,0402/1005,50Vdc,C0G,0.55mm,Features Normal
CL05C1R5CB5NNW,General,1.5pF, +/-0.25pF,0402/1005,50Vdc,C0G,0.55mm,Features Normal
CL05C1R3BB5NNW,General,1.3pF, +/-0.1pF,0402/1005,50Vdc,C0G,0.55mm,Features Normal
CL05C1R3CB5NNW,General,1.3pF, +/-0.25pF,0402/1005,50Vdc,C0G,0.55mm,Features Normal
CL10C1R2CB8NNW,General,1.2pF, +/-0.25pF,0603/1608,50Vdc,C0G,0.9mm,Features Normal
CL03C1R2BA3GNW,General,1.2pF, +/-0.1pF,0201/0603,25Vdc,C0G,0.33mm,Features Normal
CL03C1R2CA3GNN,General,1.2pF, +/-0.25pF,0201/0603,25Vdc,C0G,0.33mm,Features Normal
CL03C1R2BA3GNN,General,1.2pF, +/-0.1pF,0201/0603,25Vdc,C0G,0.33mm,Features Normal
CL05C1R2BB5NNW,General,1.2pF, +/-0.1pF,0402/1005,50Vdc,C0G,0.55mm,Features Normal
CL03C1R2BB3NNW,General,1.2pF, +/-0.1pF,0201/0603,50Vdc,C0G,0.33mm,Features Normal
CL10C1R2BB8NNW,General,1.2pF, +/-0.1pF,0603/1608,50Vdc,C0G,0.9mm,Features Normal
CL03C1R2BB3GNN,General,1.2pF, +/-0.1pF,0201/0603,50Vdc,C0G,0.33mm,Features Normal
CL05C1R2BA5NNW,General,1.2pF, +/-0.1pF,0402/1005,25Vdc,C0G,0.55mm,Features Normal
CL05C1R2BB5NNN,General,1.2pF, +/-0.1pF,0402/1005,50Vdc,C0G,0.55mm,Features Normal
CL10C1R2BC8NNW,General,1.2pF, +/-0.1pF,0603/1608,100Vdc,C0G,0.9mm,Features Normal
CL03C010BA3GNN,General,1pF, +/-0.1pF,0201/0603,25Vdc,C0G,0.33mm,Features Normal
CL03C010BB3GNW,General,1pF, +/-0.1pF,0201/0603,50Vdc,C0G,0.33mm,Features Normal
CL05C010BA5NNW,General,1pF, +/-0.1pF,0402/1005,25Vdc,C0G,0.55mm,Features Normal
CL05C010CB5NNN,General,1pF, +/-0.25pF,0402/1005,50Vdc,C0G,0.55mm,Features Normal
CL05C010CB5NNW,General,1pF, +/-0.25pF,0402/1005,50Vdc,C0G,0.55mm,Features Normal
CL05C010BB5NNW,General,1pF, +/-0.1pF,0402/1005,50Vdc,C0G,0.55mm,Features Normal
CL03C010BA3GNW,General,1pF, +/-0.1pF,0201/0603,25Vdc,C0G,0.33mm,Features Normal
CL03C010CA3GNN,General,1pF, +/-0.25pF,0201/0603,25Vdc,C0G,0.33mm,Features Normal
CL10C010CB8NNW,General,1pF, +/-0.25pF,0603/1608,50Vdc,C0G,0.9mm,Features Normal
CL03C010BB3GNN,General,1pF, +/-0.1pF,0201/0603,50Vdc,C0G,0.33mm,Features Normal
CL05C010BB5NNN,General,1pF, +/-0.1pF,0402/1005,50Vdc,C0G,0.55mm,Features Normal
CL10C010BB8NNW,General,1pF, +/-0.1pF,0603/1608,50Vdc,C0G,0.9mm,Features Normal
CL03C010CA3GNW,General,1pF, +/-0.25pF,0201/0603,25Vdc,C0G,0.33mm,Features Normal
CL03C010BB3NNW,General,1pF, +/-0.1pF,0201/0603,50Vdc,C0G,0.33mm,Features Normal
CL05C0R8BB5NNW,General,0.8pF, +/-0.1pF,0402/1005,50Vdc,C0G,0.55mm,Features Normal
CL03CR75BA3NNW,General,0.75pF, +/-0.1pF,0201/0603,25Vdc,C0G,0.33mm,Features Normal
CL05CR75CB5NNW,General,0.75pF, +/-0.25pF,0402/1005,50Vdc,C0G,0.55mm,Features Normal
CL05C0R7BB5NNW,General,0.7pF, +/-0.1pF,0402/1005,50Vdc,C0G,0.55mm,Features Normal
CL05C0R6BB5NNW,General,0.6pF, +/-0.1pF,0402/1005,50Vdc,C0G,0.55mm,Features Normal
CL03C0R5CA3GNW,General,0.5pF, +/-0.25pF,0201/0603,25Vdc,C0G,0.33mm,Features Normal
CL03C0R5BB3NNN,General,0.5pF, +/-0.1pF,0201/0603,50Vdc,C0G,0.33mm,Features Normal
CL03C0R5CA3GNN,General,0.5pF, +/-0.25pF,0201/0603,25Vdc,C0G,0.33mm,Features Normal
CL03C0R5BA3GNW,General,0.5pF, +/-0.1pF,0201/0603,25Vdc,C0G,0.33mm,Features Normal
CL05C0R5CB5NNW,General,0.5pF, +/-0.25pF,0402/1005,50Vdc,C0G,0.55mm,Features Normal
CL03C0R5BA3GNN,General,0.5pF, +/-0.1pF,0201/0603,25Vdc,C0G,0.33mm,Features Normal
CL05C0R4BB5NNW,General,0.4pF, +/-0.1pF,0402/1005,50Vdc,C0G,0.55mm,Features Normal
CL05C0R3BB5NNW,General,0.3pF, +/-0.1pF,0402/1005,50Vdc,C0G,0.55mm,Features Normal
CL03C0R2BA3GNW,General,0.2pF, +/-0.1pF,0201/0603,25Vdc,C0G,0.33mm,Features Normal
CL03C0R2BA3GNN,General,0.2pF, +/-0.1pF,0201/0603,25Vdc,C0G,0.33mm,Features Normal