ISO-10303-21;
HEADER;
FILE_DESCRIPTION (( 'STEP AP214' ),
    '1' );
FILE_NAME ('OPB733TR.STEP',
    '2014-05-29T21:16:38',
    ( 'optek' ),
    ( '' ),
    'SwSTEP 2.0',
    'SolidWorks 2013',
    '' );
FILE_SCHEMA (( 'AUTOMOTIVE_DESIGN' ));
ENDSEC;

DATA;
#1 = COLOUR_RGB ( '',1.000000000000000000, 1.000000000000000000, 1.000000000000000000 ) ;
#2 = FACE_OUTER_BOUND ( 'NONE', #339, .T. ) ;
#3 = DIRECTION ( 'NONE',  ( 0.0000000000000000000, 0.0000000000000000000, 1.000000000000000000 ) ) ;
#4 = CARTESIAN_POINT ( 'NONE',  ( -0.07500000000000002500, 0.1029999999999447200, -0.008000000000000033100 ) ) ;
#5 = LENGTH_MEASURE_WITH_UNIT ( LENGTH_MEASURE( 0.02539999999999999900 ), #1336 );
#6 = PLANE ( 'NONE',  #2030 ) ;
#7 = STYLED_ITEM ( 'NONE', ( #1381 ), #2097 ) ;
#8 = CARTESIAN_POINT ( 'NONE',  ( 0.03592662370963110900, 0.0000000000000000000, 0.04747158528650577400 ) ) ;
#9 = ORIENTED_EDGE ( 'NONE', *, *, #854, .F. ) ;
#10 = VECTOR ( 'NONE', #1284, 39.37007874015748100 ) ;
#11 = CIRCLE ( 'NONE', #2281, 0.008000000000000007100 ) ;
#12 = DIRECTION ( 'NONE',  ( 0.0000000000000000000, -0.5000000000000006700, -0.8660254037844383700 ) ) ;
#13 = FACE_OUTER_BOUND ( 'NONE', #754, .T. ) ;
#14 = UNCERTAINTY_MEASURE_WITH_UNIT (LENGTH_MEASURE( 1.000000000000000100E-005 ), #145, 'distance_accuracy_value', 'NONE');
#15 = SURFACE_STYLE_USAGE ( .BOTH. , #328 ) ;
#16 = VERTEX_POINT ( 'NONE', #270 ) ;
#17 = FILL_AREA_STYLE ('',( #1300 ) ) ;
#18 = DIRECTION ( 'NONE',  ( 0.0000000000000000000, 0.8660254037844380400, -0.5000000000000007800 ) ) ;
#19 = CARTESIAN_POINT ( 'NONE',  ( -0.1499999999999999900, 0.0000000000000000000, 0.04747158528650577400 ) ) ;
#20 = VERTEX_POINT ( 'NONE', #510 ) ;
#21 = FACE_OUTER_BOUND ( 'NONE', #2493, .T. ) ;
#22 = CIRCLE ( 'NONE', #2939, 0.03065574615323374600 ) ;
#23 = AXIS2_PLACEMENT_3D ( 'NONE', #2582, #2115, #454 ) ;
#24 = FILL_AREA_STYLE ('',( #2169 ) ) ;
#25 =( LENGTH_UNIT ( ) NAMED_UNIT ( * ) SI_UNIT ( $, .METRE. ) );
#26 = ORIENTED_EDGE ( 'NONE', *, *, #1791, .T. ) ;
#27 = EDGE_CURVE ( 'NONE', #605, #132, #2872, .T. ) ;
#28 =( LENGTH_UNIT ( ) NAMED_UNIT ( * ) SI_UNIT ( $, .METRE. ) );
#29 = DIRECTION ( 'NONE',  ( 2.809978531916899800E-017, -0.9733199403651723300, 0.2294521599103771200 ) ) ;
#30 = AXIS2_PLACEMENT_3D ( 'NONE', #1735, #1164, #1427 ) ;
#31 = ORIENTED_EDGE ( 'NONE', *, *, #2525, .F. ) ;
#32 = CARTESIAN_POINT ( 'NONE',  ( 0.08499999999994620200, -0.004874015748031564400, -0.07624419269206486600 ) ) ;
#33 = FILL_AREA_STYLE_COLOUR ( '', #989 ) ;
#34 = ORIENTED_EDGE ( 'NONE', *, *, #1242, .T. ) ;
#35 = ADVANCED_FACE ( 'NONE', ( #718 ), #2740, .F. ) ;
#36 = AXIS2_PLACEMENT_3D ( 'NONE', #2946, #2645, #2298 ) ;
#37 = CARTESIAN_POINT ( 'NONE',  ( -0.08499999999994620200, -0.01077952755905518500, -0.07283464385826775300 ) ) ;
#38 = AXIS2_PLACEMENT_3D ( 'NONE', #184, #627, #291 ) ;
#39 = UNCERTAINTY_MEASURE_WITH_UNIT (LENGTH_MEASURE( 1.000000000000000100E-005 ), #277, 'distance_accuracy_value', 'NONE');
#40 = VERTEX_POINT ( 'NONE', #1894 ) ;
#41 =( CONVERSION_BASED_UNIT ( 'INCH', #337 ) LENGTH_UNIT ( ) NAMED_UNIT ( #316 ) );
#42 = EDGE_CURVE ( 'NONE', #1389, #1348, #2341, .T. ) ;
#43 = VECTOR ( 'NONE', #792, 39.37007874015748100 ) ;
#44 = ORIENTED_EDGE ( 'NONE', *, *, #1734, .T. ) ;
#45 = CARTESIAN_POINT ( 'NONE',  ( -0.06699999999994620000, -0.01077952755905518500, 0.08267716354330711900 ) ) ;
#46 = CYLINDRICAL_SURFACE ( 'NONE', #2668, 0.007999999999999998400 ) ;
#47 = EDGE_LOOP ( 'NONE', ( #859, #1489, #3023, #2336 ) ) ;
#48 = LINE ( 'NONE', #1573, #2040 ) ;
#49 = STYLED_ITEM ( 'NONE', ( #2904 ), #1533 ) ;
#50 = LENGTH_MEASURE_WITH_UNIT ( LENGTH_MEASURE( 0.02539999999999999900 ), #306 );
#51 = PRESENTATION_STYLE_ASSIGNMENT (( #363 ) ) ;
#52 = ORIENTED_EDGE ( 'NONE', *, *, #2583, .F. ) ;
#53 = MECHANICAL_DESIGN_GEOMETRIC_PRESENTATION_REPRESENTATION (  '', ( #623 ), #2608 ) ;
#54 = SURFACE_STYLE_FILL_AREA ( #367 ) ;
#55 = VERTEX_POINT ( 'NONE', #215 ) ;
#56 = EDGE_CURVE ( 'NONE', #1448, #1145, #2934, .T. ) ;
#57 = ORIENTED_EDGE ( 'NONE', *, *, #2475, .T. ) ;
#58 = CARTESIAN_POINT ( 'NONE',  ( 0.08499999999994621600, 0.0000000000000000000, -0.08000000000000005700 ) ) ;
#59 = LINE ( 'NONE', #1591, #1811 ) ;
#60 = AXIS2_PLACEMENT_3D ( 'NONE', #567, #1514, #2158 ) ;
#61 = CARTESIAN_POINT ( 'NONE',  ( 0.1140733762903689000, 0.0000000000000000000, -0.04747158528650577400 ) ) ;
#62 = VECTOR ( 'NONE', #2791, 39.37007874015748100 ) ;
#63 = ORIENTED_EDGE ( 'NONE', *, *, #1621, .T. ) ;
#64 = FILL_AREA_STYLE_COLOUR ( '', #1218 ) ;
#65 = VERTEX_POINT ( 'NONE', #373 ) ;
#66 = EDGE_CURVE ( 'NONE', #1971, #1200, #2410, .T. ) ;
#67 = VECTOR ( 'NONE', #2706, 39.37007874015748100 ) ;
#68 =( NAMED_UNIT ( * ) SI_UNIT ( $, .STERADIAN. ) SOLID_ANGLE_UNIT ( ) );
#69 = EDGE_LOOP ( 'NONE', ( #282, #2795 ) ) ;
#70 = EDGE_CURVE ( 'NONE', #278, #1094, #2855, .T. ) ;
#71 = CARTESIAN_POINT ( 'NONE',  ( 0.08299999999994621400, -0.004874015748031564400, 0.07624419269206488000 ) ) ;
#72 = ORIENTED_EDGE ( 'NONE', *, *, #2020, .F. ) ;
#73 = ORIENTED_EDGE ( 'NONE', *, *, #2485, .T. ) ;
#74 = DIRECTION ( 'NONE',  ( 1.000000000000000000, -0.0000000000000000000, -0.0000000000000000000 ) ) ;
#75 = VERTEX_POINT ( 'NONE', #2051 ) ;
#76 = DIRECTION ( 'NONE',  ( 1.787174166118244400E-016, -0.0000000000000000000, -1.000000000000000000 ) ) ;
#77 = ORIENTED_EDGE ( 'NONE', *, *, #1849, .F. ) ;
#78 = VECTOR ( 'NONE', #355, 39.37007874015748100 ) ;
#79 = EDGE_CURVE ( 'NONE', #475, #214, #377, .T. ) ;
#80 = AXIS2_PLACEMENT_3D ( 'NONE', #2531, #2206, #1888 ) ;
#81 = CARTESIAN_POINT ( 'NONE',  ( -0.08499999999994620200, -0.01077952755905518500, -0.08267716354330711900 ) ) ;
#82 = ORIENTED_EDGE ( 'NONE', *, *, #615, .F. ) ;
#83 = PRESENTATION_LAYER_ASSIGNMENT (  '', '', ( #2118 ) ) ;
#84 = EDGE_CURVE ( 'NONE', #831, #661, #1074, .T. ) ;
#85 = PLANE ( 'NONE',  #1323 ) ;
#86 = ORIENTED_EDGE ( 'NONE', *, *, #2971, .T. ) ;
#87 = MECHANICAL_DESIGN_GEOMETRIC_PRESENTATION_REPRESENTATION (  '', ( #1020 ), #482 ) ;
#88 = CARTESIAN_POINT ( 'NONE',  ( -0.1140000000000216700, 0.08699999999992175100, -0.008000000000000036600 ) ) ;
#89 = ORIENTED_EDGE ( 'NONE', *, *, #1472, .F. ) ;
#90 =( LENGTH_UNIT ( ) NAMED_UNIT ( * ) SI_UNIT ( $, .METRE. ) );
#91 = ORIENTED_EDGE ( 'NONE', *, *, #1945, .T. ) ;
#92 =( CONVERSION_BASED_UNIT ( 'INCH', #194 ) LENGTH_UNIT ( ) NAMED_UNIT ( #351 ) );
#93 = EDGE_CURVE ( 'NONE', #220, #788, #1891, .T. ) ;
#94 = EDGE_LOOP ( 'NONE', ( #2797, #890, #1465 ) ) ;
#95 = DIRECTION ( 'NONE',  ( -0.0000000000000000000, -1.000000000000000000, -0.0000000000000000000 ) ) ;
#96 = ORIENTED_EDGE ( 'NONE', *, *, #1361, .F. ) ;
#97 = VECTOR ( 'NONE', #1909, 39.37007874015748100 ) ;
#98 = ORIENTED_EDGE ( 'NONE', *, *, #427, .F. ) ;
#99 = PLANE ( 'NONE',  #1048 ) ;
#100 = EDGE_LOOP ( 'NONE', ( #1666, #2077, #2616, #57 ) ) ;
#101 = VECTOR ( 'NONE', #761, 39.37007874015748100 ) ;
#102 = ORIENTED_EDGE ( 'NONE', *, *, #2830, .F. ) ;
#103 = VECTOR ( 'NONE', #3016, 39.37007874015748100 ) ;
#104 = PRESENTATION_STYLE_ASSIGNMENT (( #439 ) ) ;
#105 = ORIENTED_EDGE ( 'NONE', *, *, #2833, .T. ) ;
#106 = CARTESIAN_POINT ( 'NONE',  ( 0.0000000000000000000, -0.005661420000000000300, -0.04776828773629437200 ) ) ;
#107 = DIRECTION ( 'NONE',  ( -1.000000000000000000, 0.0000000000000000000, -1.138269997360109900E-016 ) ) ;
#108 = ORIENTED_EDGE ( 'NONE', *, *, #2106, .F. ) ;
#109 = CARTESIAN_POINT ( 'NONE',  ( 0.06499999999994621200, 0.009999999999999984600, -0.06083757802841399000 ) ) ;
#110 = ORIENTED_EDGE ( 'NONE', *, *, #2614, .T. ) ;
#111 = AXIS2_PLACEMENT_3D ( 'NONE', #1189, #1072, #2457 ) ;
#112 =( NAMED_UNIT ( * ) PLANE_ANGLE_UNIT ( ) SI_UNIT ( $, .RADIAN. ) );
#113 = PRESENTATION_LAYER_ASSIGNMENT (  '', '', ( #49 ) ) ;
#114 = DIRECTION ( 'NONE',  ( 1.787174166118244400E-016, -0.0000000000000000000, 1.000000000000000000 ) ) ;
#115 = ORIENTED_EDGE ( 'NONE', *, *, #1324, .F. ) ;
#116 = SURFACE_SIDE_STYLE ('',( #455 ) ) ;
#117 = ORIENTED_EDGE ( 'NONE', *, *, #2039, .F. ) ;
#118 = FACE_OUTER_BOUND ( 'NONE', #392, .T. ) ;
#119 = STYLED_ITEM ( 'NONE', ( #140 ), #3001 ) ;
#120 = VERTEX_POINT ( 'NONE', #956 ) ;
#121 = ORIENTED_EDGE ( 'NONE', *, *, #2742, .F. ) ;
#122 = DIRECTION ( 'NONE',  ( 0.0000000000000000000, 0.0000000000000000000, 1.000000000000000000 ) ) ;
#123 = MECHANICAL_DESIGN_GEOMETRIC_PRESENTATION_REPRESENTATION (  '', ( #1615 ), #1346 ) ;
#124 = CARTESIAN_POINT ( 'NONE',  ( -0.03562992125984251100, -0.005661420000000000300, -1.591921870410443200E-018 ) ) ;
#125 = ORIENTED_EDGE ( 'NONE', *, *, #680, .F. ) ;
#126 = FILL_AREA_STYLE_COLOUR ( '', #2654 ) ;
#127 = AXIS2_PLACEMENT_3D ( 'NONE', #2000, #2565, #804 ) ;
#128 = DIRECTION ( 'NONE',  ( 1.000000000000000000, -0.0000000000000000000, -0.0000000000000000000 ) ) ;
#129 = AXIS2_PLACEMENT_3D ( 'NONE', #386, #2692, #2674 ) ;
#130 = ORIENTED_EDGE ( 'NONE', *, *, #821, .T. ) ;
#131 = CARTESIAN_POINT ( 'NONE',  ( 0.06699999999994620000, -0.004874015748031564400, 0.07624419269206488000 ) ) ;
#132 = VERTEX_POINT ( 'NONE', #806 ) ;
#133 = CYLINDRICAL_SURFACE ( 'NONE', #1202, 0.04000000000000000100 ) ;
#134 = LINE ( 'NONE', #71, #2980 ) ;
#135 = FILL_AREA_STYLE_COLOUR ( '', #490 ) ;
#136 = VERTEX_POINT ( 'NONE', #1889 ) ;
#137 = FACE_OUTER_BOUND ( 'NONE', #1138, .T. ) ;
#138 = ORIENTED_EDGE ( 'NONE', *, *, #2617, .T. ) ;
#139 = PRODUCT_DEFINITION_SHAPE ( 'NONE', 'NONE',  #186 ) ;
#140 = PRESENTATION_STYLE_ASSIGNMENT (( #489 ) ) ;
#141 = CARTESIAN_POINT ( 'NONE',  ( -0.08499999999994620200, -0.004874015748031563500, -0.08267716354330711900 ) ) ;
#142 = VECTOR ( 'NONE', #2374, 39.37007874015748900 ) ;
#143 = DIRECTION ( 'NONE',  ( 0.0000000000000000000, -0.8660254037844382600, 0.5000000000000005600 ) ) ;
#144 = SURFACE_SIDE_STYLE ('',( #493 ) ) ;
#145 =( CONVERSION_BASED_UNIT ( 'INCH', #2196 ) LENGTH_UNIT ( ) NAMED_UNIT ( #1421 ) );
#146 = EDGE_CURVE ( 'NONE', #1170, #1176, #181, .T. ) ;
#147 = PRESENTATION_STYLE_ASSIGNMENT (( #288 ) ) ;
#148 =( CONVERSION_BASED_UNIT ( 'INCH', #1352 ) LENGTH_UNIT ( ) NAMED_UNIT ( #2491 ) );
#149 = CARTESIAN_POINT ( 'NONE',  ( -0.1499999999999999900, 0.0000000000000000000, -0.04000000000000006300 ) ) ;
#150 = AXIS2_PLACEMENT_3D ( 'NONE', #1528, #1209, #892 ) ;
#151 = VECTOR ( 'NONE', #3106, 39.37007874015748100 ) ;
#152 = CARTESIAN_POINT ( 'NONE',  ( -0.07500000000000002500, 0.04945669291338579400, -0.008000000000000033100 ) ) ;
#153 = DIRECTION ( 'NONE',  ( 0.0000000000000000000, 0.0000000000000000000, 1.000000000000000000 ) ) ;
#154 = AXIS2_PLACEMENT_3D ( 'NONE', #1179, #874, #554 ) ;
#155 = EDGE_CURVE ( 'NONE', #2328, #40, #2353, .T. ) ;
#156 = DIRECTION ( 'NONE',  ( -0.05226442768871403900, 0.9972646886342373400, 0.05226442768871403900 ) ) ;
#157 = DIRECTION ( 'NONE',  ( 0.7071067811865487900, 0.0000000000000000000, -0.7071067811865463500 ) ) ;
#158 = DIRECTION ( 'NONE',  ( 1.005119190492443200E-012, 1.000000000000000000, 0.0000000000000000000 ) ) ;
#159 = DIRECTION ( 'NONE',  ( -0.05233595624294395300, -0.9986295347545738300, 0.0000000000000000000 ) ) ;
#160 = SURFACE_SIDE_STYLE ('',( #875 ) ) ;
#161 = EDGE_CURVE ( 'NONE', #1107, #2972, #1163, .T. ) ;
#162 = VECTOR ( 'NONE', #29, 39.37007874015748900 ) ;
#163 = ADVANCED_FACE ( 'NONE', ( #2557 ), #1653, .T. ) ;
#164 = DIRECTION ( 'NONE',  ( 0.0000000000000000000, -1.000000000000000000, -0.0000000000000000000 ) ) ;
#165 = STYLED_ITEM ( 'NONE', ( #3010 ), #1383 ) ;
#166 = EDGE_CURVE ( 'NONE', #1170, #304, #2858, .T. ) ;
#167 = DIRECTION ( 'NONE',  ( 0.0000000000000000000, 0.0000000000000000000, 1.000000000000000000 ) ) ;
#168 = FILL_AREA_STYLE_COLOUR ( '', #2670 ) ;
#169 = DIRECTION ( 'NONE',  ( 1.000000000000000000, 0.0000000000000000000, 1.016439536705160000E-016 ) ) ;
#170 = DIRECTION ( 'NONE',  ( 0.0000000000000000000, 0.0000000000000000000, -1.000000000000000000 ) ) ;
#171 = EDGE_LOOP ( 'NONE', ( #52, #2753, #2266, #1944, #706, #1474 ) ) ;
#172 = ADVANCED_FACE ( 'NONE', ( #358 ), #1800, .T. ) ;
#173 = AXIS2_PLACEMENT_3D ( 'NONE', #425, #95, #2912 ) ;
#174 = FACE_OUTER_BOUND ( 'NONE', #658, .T. ) ;
#175 = PRESENTATION_STYLE_ASSIGNMENT (( #262 ) ) ;
#176 = EDGE_CURVE ( 'NONE', #1524, #3055, #2628, .T. ) ;
#177 =( CONVERSION_BASED_UNIT ( 'INCH', #2575 ) LENGTH_UNIT ( ) NAMED_UNIT ( #2639 ) );
#178 = ORIENTED_EDGE ( 'NONE', *, *, #2233, .T. ) ;
#179 = ORIENTED_EDGE ( 'NONE', *, *, #434, .F. ) ;
#180 = LINE ( 'NONE', #2705, #2019 ) ;
#181 = CIRCLE ( 'NONE', #2348, 0.03200000000000000100 ) ;
#182 = LINE ( 'NONE', #3003, #67 ) ;
#183 = CARTESIAN_POINT ( 'NONE',  ( 0.08299999999994621400, -0.01077952755905518500, 0.07283464385826776700 ) ) ;
#184 = CARTESIAN_POINT ( 'NONE',  ( -0.07500000000000006700, 0.06914173228346451300, -0.008000000000000033100 ) ) ;
#185 = VERTEX_POINT ( 'NONE', #686 ) ;
#186 = PRODUCT_DEFINITION ( 'UNKNOWN', '', #1916, #1829 ) ;
#187 = MECHANICAL_DESIGN_GEOMETRIC_PRESENTATION_REPRESENTATION (  '', ( #49 ), #2986 ) ;
#188 = DIRECTION ( 'NONE',  ( 0.0000000000000000000, 0.0000000000000000000, 1.000000000000000000 ) ) ;
#189 = ORIENTED_EDGE ( 'NONE', *, *, #2614, .F. ) ;
#190 = CIRCLE ( 'NONE', #518, 0.05499999999999999300 ) ;
#191 = LINE ( 'NONE', #1167, #43 ) ;
#192 = VECTOR ( 'NONE', #2455, 39.37007874015748100 ) ;
#193 =( NAMED_UNIT ( * ) SI_UNIT ( $, .STERADIAN. ) SOLID_ANGLE_UNIT ( ) );
#194 = LENGTH_MEASURE_WITH_UNIT ( LENGTH_MEASURE( 0.02539999999999999900 ), #1067 );
#195 = DIRECTION ( 'NONE',  ( 0.0000000000000000000, 0.0000000000000000000, -1.000000000000000000 ) ) ;
#196 = CARTESIAN_POINT ( 'NONE',  ( -0.08299999999994621400, -0.01077952755905518500, 0.07283464385826776700 ) ) ;
#197 = VERTEX_POINT ( 'NONE', #1689 ) ;
#198 =( NAMED_UNIT ( * ) PLANE_ANGLE_UNIT ( ) SI_UNIT ( $, .RADIAN. ) );
#199 = FILL_AREA_STYLE_COLOUR ( '', #2902 ) ;
#200 = CIRCLE ( 'NONE', #2689, 0.007999999999999998400 ) ;
#201 = PRESENTATION_STYLE_ASSIGNMENT (( #3020 ) ) ;
#202 = PLANE ( 'NONE',  #1157 ) ;
#203 = VECTOR ( 'NONE', #1908, 39.37007874015748100 ) ;
#204 = CARTESIAN_POINT ( 'NONE',  ( 0.1099999999999999700, 0.1029999999999999900, -0.04000000000000003600 ) ) ;
#205 = ORIENTED_EDGE ( 'NONE', *, *, #2091, .T. ) ;
#206 = UNCERTAINTY_MEASURE_WITH_UNIT (LENGTH_MEASURE( 1.000000000000000100E-005 ), #900, 'distance_accuracy_value', 'NONE');
#207 = COLOUR_RGB ( '',1.000000000000000000, 1.000000000000000000, 1.000000000000000000 ) ;
#208 = LINE ( 'NONE', #3024, #2382 ) ;
#209 = ORIENTED_EDGE ( 'NONE', *, *, #2315, .F. ) ;
#210 = AXIS2_PLACEMENT_3D ( 'NONE', #2447, #2356, #2287 ) ;
#211 = EDGE_CURVE ( 'NONE', #502, #304, #1782, .T. ) ;
#212 = SURFACE_STYLE_USAGE ( .BOTH. , #1809 ) ;
#213 = DIRECTION ( 'NONE',  ( -1.138269997360109900E-016, 0.0000000000000000000, 1.000000000000000000 ) ) ;
#214 = VERTEX_POINT ( 'NONE', #2197 ) ;
#215 = CARTESIAN_POINT ( 'NONE',  ( -0.06699999999994620000, -0.01077952755905518500, 0.07283464385826776700 ) ) ;
#216 = CARTESIAN_POINT ( 'NONE',  ( -0.1499999999999999900, 0.0000000000000000000, -0.06661108072031024500 ) ) ;
#217 = CIRCLE ( 'NONE', #641, 0.04000000000000000100 ) ;
#218 = LINE ( 'NONE', #106, #559 ) ;
#219 =( NAMED_UNIT ( * ) PLANE_ANGLE_UNIT ( ) SI_UNIT ( $, .RADIAN. ) );
#220 = VERTEX_POINT ( 'NONE', #865 ) ;
#221 = ADVANCED_FACE ( 'NONE', ( #2721 ), #2136, .F. ) ;
#222 = VERTEX_POINT ( 'NONE', #1580 ) ;
#223 = COLOUR_RGB ( '',1.000000000000000000, 1.000000000000000000, 1.000000000000000000 ) ;
#224 = FILL_AREA_STYLE ('',( #573 ) ) ;
#225 = ORIENTED_EDGE ( 'NONE', *, *, #803, .F. ) ;
#226 = MECHANICAL_DESIGN_GEOMETRIC_PRESENTATION_REPRESENTATION (  '', ( #1127 ), #1485 ) ;
#227 = FILL_AREA_STYLE ('',( #577 ) ) ;
#228 = ORIENTED_EDGE ( 'NONE', *, *, #66, .F. ) ;
#229 = UNCERTAINTY_MEASURE_WITH_UNIT (LENGTH_MEASURE( 1.000000000000000100E-005 ), #2941, 'distance_accuracy_value', 'NONE');
#230 = CARTESIAN_POINT ( 'NONE',  ( 0.08499999999994621600, 0.0000000000000000000, -0.07343017838790436000 ) ) ;
#231 = DIRECTION ( 'NONE',  ( -1.000000000000000000, 0.0000000000000000000, 0.0000000000000000000 ) ) ;
#232 = ORIENTED_EDGE ( 'NONE', *, *, #1141, .F. ) ;
#233 = SPHERICAL_SURFACE ( 'NONE', #988, 0.03149606299212600500 ) ;
#234 = CONICAL_SURFACE ( 'NONE', #2168, 0.03900000000003773400, 0.7853981633967765900 ) ;
#235 = LENGTH_MEASURE_WITH_UNIT ( LENGTH_MEASURE( 0.02539999999999999900 ), #2571 );
#236 = CARTESIAN_POINT ( 'NONE',  ( -0.06499999999994621200, -0.01077952755905518500, -0.07283464385826775300 ) ) ;
#237 = DIRECTION ( 'NONE',  ( 0.7071067811853616300, 0.7071067811877331800, 0.0000000000000000000 ) ) ;
#238 = EDGE_CURVE ( 'NONE', #65, #788, #3080, .T. ) ;
#239 = CYLINDRICAL_SURFACE ( 'NONE', #822, 0.007999999999999998400 ) ;
#240 = SURFACE_SIDE_STYLE ('',( #2103 ) ) ;
#241 =( LENGTH_UNIT ( ) NAMED_UNIT ( * ) SI_UNIT ( $, .METRE. ) );
#242 = ORIENTED_EDGE ( 'NONE', *, *, #918, .T. ) ;
#243 = STYLED_ITEM ( 'NONE', ( #51 ), #2587 ) ;
#244 = UNCERTAINTY_MEASURE_WITH_UNIT (LENGTH_MEASURE( 1.000000000000000100E-005 ), #742, 'distance_accuracy_value', 'NONE');
#245 = FILL_AREA_STYLE_COLOUR ( '', #952 ) ;
#246 = CIRCLE ( 'NONE', #1626, 0.007999999999999998400 ) ;
#247 = PLANE ( 'NONE',  #279 ) ;
#248 = ORIENTED_EDGE ( 'NONE', *, *, #1832, .T. ) ;
#249 = EDGE_CURVE ( 'NONE', #3067, #1537, #2012, .T. ) ;
#250 = AXIS2_PLACEMENT_3D ( 'NONE', #2071, #2430, #570 ) ;
#251 = PRESENTATION_LAYER_ASSIGNMENT (  '', '', ( #517 ) ) ;
#252 = SURFACE_STYLE_FILL_AREA ( #1701 ) ;
#253 = CARTESIAN_POINT ( 'NONE',  ( -0.1476568542494923800, 0.0000000000000000000, 0.04234314575050748100 ) ) ;
#254 = ORIENTED_EDGE ( 'NONE', *, *, #431, .T. ) ;
#255 = CIRCLE ( 'NONE', #1184, 0.05499999999999999300 ) ;
#256 = CARTESIAN_POINT ( 'NONE',  ( -0.1499999999999999900, 0.0000000000000000000, -0.08000000000000005700 ) ) ;
#257 =( NAMED_UNIT ( * ) SI_UNIT ( $, .STERADIAN. ) SOLID_ANGLE_UNIT ( ) );
#258 = ORIENTED_EDGE ( 'NONE', *, *, #1375, .T. ) ;
#259 = UNCERTAINTY_MEASURE_WITH_UNIT (LENGTH_MEASURE( 1.000000000000000100E-005 ), #961, 'distance_accuracy_value', 'NONE');
#260 = PRESENTATION_LAYER_ASSIGNMENT (  '', '', ( #165 ) ) ;
#261 = EDGE_CURVE ( 'NONE', #840, #292, #1548, .T. ) ;
#262 = SURFACE_STYLE_USAGE ( .BOTH. , #317 ) ;
#263 = CARTESIAN_POINT ( 'NONE',  ( -0.1499999999999999900, 0.0000000000000000000, -0.04747158528650577400 ) ) ;
#264 = VECTOR ( 'NONE', #1634, 39.37007874015748100 ) ;
#265 = DIRECTION ( 'NONE',  ( 0.0000000000000000000, 0.0000000000000000000, -1.000000000000000000 ) ) ;
#266 = ORIENTED_EDGE ( 'NONE', *, *, #1621, .F. ) ;
#267 = ADVANCED_FACE ( 'NONE', ( #635, #540 ), #384, .F. ) ;
#268 = DIRECTION ( 'NONE',  ( -0.0000000000000000000, -1.000000000000000000, -0.0000000000000000000 ) ) ;
#269 = LINE ( 'NONE', #1400, #1205 ) ;
#270 = CARTESIAN_POINT ( 'NONE',  ( 0.03599999999994620700, 0.08700000000000016100, -0.008000000000000027900 ) ) ;
#271 = LINE ( 'NONE', #3074, #1288 ) ;
#272 = VERTEX_POINT ( 'NONE', #561 ) ;
#273 = AXIS2_PLACEMENT_3D ( 'NONE', #1101, #444, #3066 ) ;
#274 = AXIS2_PLACEMENT_3D ( 'NONE', #1079, #2132, #1837 ) ;
#275 = DIRECTION ( 'NONE',  ( 0.0000000000000000000, -0.9986295347545738300, 0.05233595624294395300 ) ) ;
#276 = EDGE_LOOP ( 'NONE', ( #424, #2238 ) ) ;
#277 =( CONVERSION_BASED_UNIT ( 'INCH', #1342 ) LENGTH_UNIT ( ) NAMED_UNIT ( #2406 ) );
#278 = VERTEX_POINT ( 'NONE', #2942 ) ;
#279 = AXIS2_PLACEMENT_3D ( 'NONE', #2606, #2265, #1968 ) ;
#280 = ORIENTED_EDGE ( 'NONE', *, *, #403, .F. ) ;
#281 = CARTESIAN_POINT ( 'NONE',  ( 0.08299999999994621400, 0.009999999999999984600, 0.06083757802841401100 ) ) ;
#282 = ORIENTED_EDGE ( 'NONE', *, *, #821, .F. ) ;
#283 = AXIS2_PLACEMENT_3D ( 'NONE', #2555, #2221, #1910 ) ;
#284 = FILL_AREA_STYLE ('',( #1219 ) ) ;
#285 =( NAMED_UNIT ( * ) PLANE_ANGLE_UNIT ( ) SI_UNIT ( $, .RADIAN. ) );
#286 = ORIENTED_EDGE ( 'NONE', *, *, #2793, .F. ) ;
#287 = VECTOR ( 'NONE', #2481, 39.37007874015748100 ) ;
#288 = SURFACE_STYLE_USAGE ( .BOTH. , #2147 ) ;
#289 =( CONVERSION_BASED_UNIT ( 'INCH', #1304 ) LENGTH_UNIT ( ) NAMED_UNIT ( #2474 ) );
#290 = VERTEX_POINT ( 'NONE', #2567 ) ;
#291 = DIRECTION ( 'NONE',  ( 1.000000000000000000, 0.0000000000000000000, -1.016439536705159900E-016 ) ) ;
#292 = VERTEX_POINT ( 'NONE', #1768 ) ;
#293 = FACE_OUTER_BOUND ( 'NONE', #1196, .T. ) ;
#294 = CARTESIAN_POINT ( 'NONE',  ( 0.08499999999994620200, -0.01077952755905518500, -0.07283464385826775300 ) ) ;
#295 = ORIENTED_EDGE ( 'NONE', *, *, #2102, .T. ) ;
#296 = AXIS2_PLACEMENT_3D ( 'NONE', #3089, #2794, #2469 ) ;
#297 = VECTOR ( 'NONE', #1622, 39.37007874015748900 ) ;
#298 = CARTESIAN_POINT ( 'NONE',  ( -0.1099999999999999900, 0.09499999999999998700, -0.07200000000000005000 ) ) ;
#299 = PLANE ( 'NONE',  #2741 ) ;
#300 = ORIENTED_EDGE ( 'NONE', *, *, #2702, .T. ) ;
#301 = CARTESIAN_POINT ( 'NONE',  ( 0.07500000000000002500, 0.1029999999999447200, -0.008000000000000033100 ) ) ;
#302 = CARTESIAN_POINT ( 'NONE',  ( 0.1499999999999999900, 0.0000000000000000000, 0.03999999999999996600 ) ) ;
#303 = SURFACE_STYLE_USAGE ( .BOTH. , #642 ) ;
#304 = VERTEX_POINT ( 'NONE', #310 ) ;
#305 = FACE_OUTER_BOUND ( 'NONE', #1299, .T. ) ;
#306 =( LENGTH_UNIT ( ) NAMED_UNIT ( * ) SI_UNIT ( $, .METRE. ) );
#307 = ORIENTED_EDGE ( 'NONE', *, *, #803, .T. ) ;
#308 = VECTOR ( 'NONE', #536, 39.37007874015748900 ) ;
#309 = CARTESIAN_POINT ( 'NONE',  ( 0.03592662370963110200, 0.0000000000000000000, -0.08000000000000002900 ) ) ;
#310 = CARTESIAN_POINT ( 'NONE',  ( 0.1499999999999999900, 0.09499999999999998700, -0.04000000000000004200 ) ) ;
#311 = LENGTH_MEASURE_WITH_UNIT ( LENGTH_MEASURE( 0.02539999999999999900 ), #1955 );
#312 = CARTESIAN_POINT ( 'NONE',  ( -0.07499999999994620700, 0.04945669291338577300, -0.008000000000000033100 ) ) ;
#313 =( GEOMETRIC_REPRESENTATION_CONTEXT ( 3 ) GLOBAL_UNCERTAINTY_ASSIGNED_CONTEXT ( ( #1417 ) ) GLOBAL_UNIT_ASSIGNED_CONTEXT ( ( #2175, #2397, #1921 ) ) REPRESENTATION_CONTEXT ( 'NONE', 'WORKASPACE' ) );
#314 = SURFACE_STYLE_FILL_AREA ( #2225 ) ;
#315 = VERTEX_POINT ( 'NONE', #2366 ) ;
#316 = DIMENSIONAL_EXPONENTS ( 1.000000000000000000, 0.0000000000000000000, 0.0000000000000000000, 0.0000000000000000000, 0.0000000000000000000, 0.0000000000000000000, 0.0000000000000000000 ) ;
#317 = SURFACE_SIDE_STYLE ('',( #463 ) ) ;
#318 = ORIENTED_EDGE ( 'NONE', *, *, #1647, .F. ) ;
#319 = CARTESIAN_POINT ( 'NONE',  ( 0.1100000000000000000, 0.1029999999999999900, 0.07199999999999999500 ) ) ;
#320 = FACE_OUTER_BOUND ( 'NONE', #1458, .T. ) ;
#321 = DIMENSIONAL_EXPONENTS ( 1.000000000000000000, 0.0000000000000000000, 0.0000000000000000000, 0.0000000000000000000, 0.0000000000000000000, 0.0000000000000000000, 0.0000000000000000000 ) ;
#322 = DIRECTION ( 'NONE',  ( 1.000000000000000000, 0.0000000000000000000, 0.0000000000000000000 ) ) ;
#323 = ORIENTED_EDGE ( 'NONE', *, *, #161, .F. ) ;
#324 = DIRECTION ( 'NONE',  ( -4.467935415295610900E-017, -0.0000000000000000000, 1.000000000000000000 ) ) ;
#325 = DIMENSIONAL_EXPONENTS ( 1.000000000000000000, 0.0000000000000000000, 0.0000000000000000000, 0.0000000000000000000, 0.0000000000000000000, 0.0000000000000000000, 0.0000000000000000000 ) ;
#326 = CARTESIAN_POINT ( 'NONE',  ( 0.08299999999994621400, 0.009999999999999984600, 0.06083757802841401100 ) ) ;
#327 = PRESENTATION_LAYER_ASSIGNMENT (  '', '', ( #1772 ) ) ;
#328 = SURFACE_SIDE_STYLE ('',( #662 ) ) ;
#329 = ORIENTED_EDGE ( 'NONE', *, *, #769, .T. ) ;
#330 = PRESENTATION_LAYER_ASSIGNMENT (  '', '', ( #243 ) ) ;
#331 = CARTESIAN_POINT ( 'NONE',  ( 0.06499999999994621200, -0.004874015748031563500, -0.08267716354330711900 ) ) ;
#332 = LINE ( 'NONE', #19, #1434 ) ;
#333 = ORIENTED_EDGE ( 'NONE', *, *, #1679, .T. ) ;
#334 = DIRECTION ( 'NONE',  ( 1.000000000000000000, -0.0000000000000000000, -0.0000000000000000000 ) ) ;
#335 = FILL_AREA_STYLE ('',( #2220 ) ) ;
#336 = CARTESIAN_POINT ( 'NONE',  ( -0.08499999999994620200, -0.004874015748031563500, -0.08267716354330711900 ) ) ;
#337 = LENGTH_MEASURE_WITH_UNIT ( LENGTH_MEASURE( 0.02539999999999999900 ), #90 );
#338 = LINE ( 'NONE', #32, #1065 ) ;
#339 = EDGE_LOOP ( 'NONE', ( #936, #819, #1066, #2714 ) ) ;
#340 = MECHANICAL_DESIGN_GEOMETRIC_PRESENTATION_REPRESENTATION (  '', ( #165 ), #511 ) ;
#341 = CARTESIAN_POINT ( 'NONE',  ( -0.07500000000000002500, 0.07636857196568112800, 0.02265574615323371500 ) ) ;
#342 = DIRECTION ( 'NONE',  ( 1.000000000000000000, -0.0000000000000000000, -0.0000000000000000000 ) ) ;
#343 = ORIENTED_EDGE ( 'NONE', *, *, #443, .T. ) ;
#344 = VECTOR ( 'NONE', #676, 39.37007874015748100 ) ;
#345 = SURFACE_STYLE_FILL_AREA ( #450 ) ;
#346 = LINE ( 'NONE', #37, #2089 ) ;
#347 = ORIENTED_EDGE ( 'NONE', *, *, #1638, .F. ) ;
#348 = AXIS2_PLACEMENT_3D ( 'NONE', #801, #467, #122 ) ;
#349 = DIRECTION ( 'NONE',  ( 0.0000000000000000000, 0.0000000000000000000, -1.000000000000000000 ) ) ;
#350 = EDGE_LOOP ( 'NONE', ( #1044, #357, #343, #2524 ) ) ;
#351 = DIMENSIONAL_EXPONENTS ( 1.000000000000000000, 0.0000000000000000000, 0.0000000000000000000, 0.0000000000000000000, 0.0000000000000000000, 0.0000000000000000000, 0.0000000000000000000 ) ;
#352 = DIRECTION ( 'NONE',  ( 0.0000000000000000000, -1.000000000000000000, -0.0000000000000000000 ) ) ;
#353 =( NAMED_UNIT ( * ) PLANE_ANGLE_UNIT ( ) SI_UNIT ( $, .RADIAN. ) );
#354 = EDGE_LOOP ( 'NONE', ( #1269, #528, #630, #1787 ) ) ;
#355 = DIRECTION ( 'NONE',  ( 0.0000000000000000000, -1.000000000000000000, 0.0000000000000000000 ) ) ;
#356 =( NAMED_UNIT ( * ) SI_UNIT ( $, .STERADIAN. ) SOLID_ANGLE_UNIT ( ) );
#357 = ORIENTED_EDGE ( 'NONE', *, *, #2640, .T. ) ;
#358 = FACE_OUTER_BOUND ( 'NONE', #1478, .T. ) ;
#359 = PRESENTATION_STYLE_ASSIGNMENT (( #1264 ) ) ;
#360 = DIRECTION ( 'NONE',  ( 0.0000000000000000000, -1.000000000000000000, -0.0000000000000000000 ) ) ;
#361 = DIRECTION ( 'NONE',  ( 2.362916796507463100E-016, 0.0000000000000000000, 1.000000000000000000 ) ) ;
#362 = LENGTH_MEASURE_WITH_UNIT ( LENGTH_MEASURE( 0.02539999999999999900 ), #2919 );
#363 = SURFACE_STYLE_USAGE ( .BOTH. , #697 ) ;
#364 = CARTESIAN_POINT ( 'NONE',  ( 0.0000000000000000000, -0.005661420000000000300, 0.04776828773629437200 ) ) ;
#365 = EDGE_CURVE ( 'NONE', #2297, #3055, #1111, .T. ) ;
#366 = LINE ( 'NONE', #1329, #2404 ) ;
#367 = FILL_AREA_STYLE ('',( #702 ) ) ;
#368 = ORIENTED_EDGE ( 'NONE', *, *, #910, .T. ) ;
#369 =( GEOMETRIC_REPRESENTATION_CONTEXT ( 3 ) GLOBAL_UNCERTAINTY_ASSIGNED_CONTEXT ( ( #244 ) ) GLOBAL_UNIT_ASSIGNED_CONTEXT ( ( #742, #2893, #1943 ) ) REPRESENTATION_CONTEXT ( 'NONE', 'WORKASPACE' ) );
#370 = DIMENSIONAL_EXPONENTS ( 1.000000000000000000, 0.0000000000000000000, 0.0000000000000000000, 0.0000000000000000000, 0.0000000000000000000, 0.0000000000000000000, 0.0000000000000000000 ) ;
#371 = ORIENTED_EDGE ( 'NONE', *, *, #1375, .F. ) ;
#372 = VECTOR ( 'NONE', #1197, 39.37007874015748900 ) ;
#373 = CARTESIAN_POINT ( 'NONE',  ( 0.07500000000000006700, 0.1006377952755905100, -0.008000000000000033100 ) ) ;
#374 = DIMENSIONAL_EXPONENTS ( 1.000000000000000000, 0.0000000000000000000, 0.0000000000000000000, 0.0000000000000000000, 0.0000000000000000000, 0.0000000000000000000, 0.0000000000000000000 ) ;
#375 = LINE ( 'NONE', #256, #3004 ) ;
#376 =( CONVERSION_BASED_UNIT ( 'INCH', #5 ) LENGTH_UNIT ( ) NAMED_UNIT ( #1409 ) );
#377 = LINE ( 'NONE', #867, #1682 ) ;
#378 = DIMENSIONAL_EXPONENTS ( 1.000000000000000000, 0.0000000000000000000, 0.0000000000000000000, 0.0000000000000000000, 0.0000000000000000000, 0.0000000000000000000, 0.0000000000000000000 ) ;
#379 = EDGE_LOOP ( 'NONE', ( #1868, #2964, #1762, #3090, #2813, #1721, #2144, #413, #1655, #1733 ) ) ;
#380 = DIRECTION ( 'NONE',  ( 0.0000000000000000000, 0.0000000000000000000, -1.000000000000000000 ) ) ;
#381 = DIMENSIONAL_EXPONENTS ( 1.000000000000000000, 0.0000000000000000000, 0.0000000000000000000, 0.0000000000000000000, 0.0000000000000000000, 0.0000000000000000000, 0.0000000000000000000 ) ;
#382 = CARTESIAN_POINT ( 'NONE',  ( 0.1499999999999999900, 0.1029999999999999900, 0.03999999999999996600 ) ) ;
#383 = DIRECTION ( 'NONE',  ( 0.0000000000000000000, -1.658841843374795400E-016, 1.000000000000000000 ) ) ;
#384 = PLANE ( 'NONE',  #1108 ) ;
#385 = DIMENSIONAL_EXPONENTS ( 1.000000000000000000, 0.0000000000000000000, 0.0000000000000000000, 0.0000000000000000000, 0.0000000000000000000, 0.0000000000000000000, 0.0000000000000000000 ) ;
#386 = CARTESIAN_POINT ( 'NONE',  ( -0.07499999999994620700, 0.04945669291334656900, -0.008000000000000033100 ) ) ;
#387 = AXIS2_PLACEMENT_3D ( 'NONE', #1160, #786, #1731 ) ;
#388 = DIRECTION ( 'NONE',  ( 0.7071067811867831600, 0.7071067811863116500, 8.659560562349115000E-017 ) ) ;
#389 = FILL_AREA_STYLE ('',( #466 ) ) ;
#390 = DIMENSIONAL_EXPONENTS ( 1.000000000000000000, 0.0000000000000000000, 0.0000000000000000000, 0.0000000000000000000, 0.0000000000000000000, 0.0000000000000000000, 0.0000000000000000000 ) ;
#391 = DIMENSIONAL_EXPONENTS ( 1.000000000000000000, 0.0000000000000000000, 0.0000000000000000000, 0.0000000000000000000, 0.0000000000000000000, 0.0000000000000000000, 0.0000000000000000000 ) ;
#392 = EDGE_LOOP ( 'NONE', ( #689, #2176, #1703, #1846 ) ) ;
#393 = VECTOR ( 'NONE', #607, 39.37007874015748100 ) ;
#394 = PRESENTATION_STYLE_ASSIGNMENT (( #730 ) ) ;
#395 =( GEOMETRIC_REPRESENTATION_CONTEXT ( 3 ) GLOBAL_UNCERTAINTY_ASSIGNED_CONTEXT ( ( #39 ) ) GLOBAL_UNIT_ASSIGNED_CONTEXT ( ( #277, #3057, #997 ) ) REPRESENTATION_CONTEXT ( 'NONE', 'WORKASPACE' ) );
#396 = CARTESIAN_POINT ( 'NONE',  ( -0.08299999999994621400, -0.01077952755905518500, 0.07283464385826776700 ) ) ;
#397 = ORIENTED_EDGE ( 'NONE', *, *, #1796, .F. ) ;
#398 = MECHANICAL_DESIGN_GEOMETRIC_PRESENTATION_REPRESENTATION (  '', ( #653 ), #741 ) ;
#399 = EDGE_LOOP ( 'NONE', ( #2843, #2484, #323, #1002 ) ) ;
#400 =( NAMED_UNIT ( * ) PLANE_ANGLE_UNIT ( ) SI_UNIT ( $, .RADIAN. ) );
#401 = DIMENSIONAL_EXPONENTS ( 1.000000000000000000, 0.0000000000000000000, 0.0000000000000000000, 0.0000000000000000000, 0.0000000000000000000, 0.0000000000000000000, 0.0000000000000000000 ) ;
#402 = CARTESIAN_POINT ( 'NONE',  ( 0.08499999999994620200, 0.0000000000000000000, 0.0000000000000000000 ) ) ;
#403 = EDGE_CURVE ( 'NONE', #2246, #870, #2676, .T. ) ;
#404 = CARTESIAN_POINT ( 'NONE',  ( -0.1140733762903688900, 0.0000000000000000000, -0.08000000000000005700 ) ) ;
#405 = ORIENTED_EDGE ( 'NONE', *, *, #1142, .F. ) ;
#406 = DIMENSIONAL_EXPONENTS ( 1.000000000000000000, 0.0000000000000000000, 0.0000000000000000000, 0.0000000000000000000, 0.0000000000000000000, 0.0000000000000000000, 0.0000000000000000000 ) ;
#407 = VECTOR ( 'NONE', #1627, 39.37007874015748100 ) ;
#408 = AXIS2_PLACEMENT_3D ( 'NONE', #1428, #1113, #818 ) ;
#409 = ORIENTED_EDGE ( 'NONE', *, *, #1832, .F. ) ;
#410 = ADVANCED_FACE ( 'NONE', ( #2129 ), #1900, .T. ) ;
#411 = MECHANICAL_DESIGN_GEOMETRIC_PRESENTATION_REPRESENTATION (  '', ( #2726 ), #2327 ) ;
#412 = DIRECTION ( 'NONE',  ( 1.000000000000000000, -1.005195886759646100E-012, 0.0000000000000000000 ) ) ;
#413 = ORIENTED_EDGE ( 'NONE', *, *, #1595, .T. ) ;
#414 = LENGTH_MEASURE_WITH_UNIT ( LENGTH_MEASURE( 0.02539999999999999900 ), #1864 );
#415 = EDGE_CURVE ( 'NONE', #2792, #304, #944, .T. ) ;
#416 = MECHANICAL_DESIGN_GEOMETRIC_PRESENTATION_REPRESENTATION (  '', ( #243 ), #2284 ) ;
#417 = SURFACE_SIDE_STYLE ('',( #1850 ) ) ;
#418 = LINE ( 'NONE', #88, #972 ) ;
#419 = ORIENTED_EDGE ( 'NONE', *, *, #261, .F. ) ;
#420 = CARTESIAN_POINT ( 'NONE',  ( -0.08299999999994621400, 0.009999999999999984600, 0.06083757802841401100 ) ) ;
#421 = ADVANCED_FACE ( 'NONE', ( #2704 ), #1406, .F. ) ;
#422 = CARTESIAN_POINT ( 'NONE',  ( 0.1099999999999999000, 0.09499999999999998700, -0.08000000000000001600 ) ) ;
#423 = PLANE ( 'NONE',  #2642 ) ;
#424 = ORIENTED_EDGE ( 'NONE', *, *, #1638, .T. ) ;
#425 = CARTESIAN_POINT ( 'NONE',  ( 0.07500000000000002500, 0.07636857196568112800, -0.008000000000000033100 ) ) ;
#426 = EDGE_LOOP ( 'NONE', ( #2075, #516, #2035, #2094 ) ) ;
#427 = EDGE_CURVE ( 'NONE', #506, #774, #1473, .T. ) ;
#428 =( GEOMETRIC_REPRESENTATION_CONTEXT ( 3 ) GLOBAL_UNCERTAINTY_ASSIGNED_CONTEXT ( ( #1440 ) ) GLOBAL_UNIT_ASSIGNED_CONTEXT ( ( #1322, #353, #2536 ) ) REPRESENTATION_CONTEXT ( 'NONE', 'WORKASPACE' ) );
#429 = SURFACE_STYLE_FILL_AREA ( #2037 ) ;
#430 = ORIENTED_EDGE ( 'NONE', *, *, #2609, .F. ) ;
#431 = EDGE_CURVE ( 'NONE', #475, #433, #1441, .T. ) ;
#432 = DIRECTION ( 'NONE',  ( -0.7071067811865462400, -0.0000000000000000000, -0.7071067811865486800 ) ) ;
#433 = VERTEX_POINT ( 'NONE', #1911 ) ;
#434 = EDGE_CURVE ( 'NONE', #1842, #475, #2532, .T. ) ;
#435 =( LENGTH_UNIT ( ) NAMED_UNIT ( * ) SI_UNIT ( $, .METRE. ) );
#436 = VERTEX_POINT ( 'NONE', #1965 ) ;
#437 = DIMENSIONAL_EXPONENTS ( 1.000000000000000000, 0.0000000000000000000, 0.0000000000000000000, 0.0000000000000000000, 0.0000000000000000000, 0.0000000000000000000, 0.0000000000000000000 ) ;
#438 = VECTOR ( 'NONE', #1100, 39.37007874015748100 ) ;
#439 = SURFACE_STYLE_USAGE ( .BOTH. , #773 ) ;
#440 = CARTESIAN_POINT ( 'NONE',  ( 0.06499999999994622600, 0.0000000000000000000, -0.08000000000000005700 ) ) ;
#441 = SURFACE_STYLE_USAGE ( .BOTH. , #1262 ) ;
#442 = ORIENTED_EDGE ( 'NONE', *, *, #2020, .T. ) ;
#443 = EDGE_CURVE ( 'NONE', #614, #1896, #625, .T. ) ;
#444 = DIRECTION ( 'NONE',  ( -0.0000000000000000000, -1.000000000000000000, 0.0000000000000000000 ) ) ;
#445 = VERTEX_POINT ( 'NONE', #149 ) ;
#446 = CARTESIAN_POINT ( 'NONE',  ( -0.1100000000000000000, 0.1029999999999999900, -0.07200000000000005000 ) ) ;
#447 = LINE ( 'NONE', #109, #2898 ) ;
#448 = VERTEX_POINT ( 'NONE', #1554 ) ;
#449 = FACE_OUTER_BOUND ( 'NONE', #2399, .T. ) ;
#450 = FILL_AREA_STYLE ('',( #576 ) ) ;
#451 = CIRCLE ( 'NONE', #1123, 0.03900000000000000000 ) ;
#452 = AXIS2_PLACEMENT_3D ( 'NONE', #2470, #2762, #2634 ) ;
#453 = CARTESIAN_POINT ( 'NONE',  ( 0.1143700787401575000, -0.005661420000000000300, -2.043992501013189200E-017 ) ) ;
#454 = DIRECTION ( 'NONE',  ( 0.0000000000000000000, 0.0000000000000000000, 1.000000000000000000 ) ) ;
#455 = SURFACE_STYLE_FILL_AREA ( #789 ) ;
#456 = ORIENTED_EDGE ( 'NONE', *, *, #1642, .F. ) ;
#457 = MECHANICAL_DESIGN_GEOMETRIC_PRESENTATION_REPRESENTATION (  '', ( #1774 ), #3014 ) ;
#458 =( NAMED_UNIT ( * ) SI_UNIT ( $, .STERADIAN. ) SOLID_ANGLE_UNIT ( ) );
#459 = PLANE ( 'NONE',  #1561 ) ;
#460 = DIRECTION ( 'NONE',  ( -0.0000000000000000000, 1.000000000000000000, -0.0000000000000000000 ) ) ;
#461 = AXIS2_PLACEMENT_3D ( 'NONE', #942, #613, #275 ) ;
#462 = CONICAL_SURFACE ( 'NONE', #712, 0.03900000000003773400, 0.7853981633967765900 ) ;
#463 = SURFACE_STYLE_FILL_AREA ( #505 ) ;
#464 = ORIENTED_EDGE ( 'NONE', *, *, #839, .F. ) ;
#465 =( CONVERSION_BASED_UNIT ( 'INCH', #1407 ) LENGTH_UNIT ( ) NAMED_UNIT ( #370 ) );
#466 = FILL_AREA_STYLE_COLOUR ( '', #691 ) ;
#467 = DIRECTION ( 'NONE',  ( 0.0000000000000000000, 1.000000000000000000, -0.0000000000000000000 ) ) ;
#468 = VERTEX_POINT ( 'NONE', #2317 ) ;
#469 = DIRECTION ( 'NONE',  ( -0.7071067811865464600, 2.641007361413294000E-015, -0.7071067811865486800 ) ) ;
#470 = ORIENTED_EDGE ( 'NONE', *, *, #1556, .T. ) ;
#471 = COLOUR_RGB ( '',1.000000000000000000, 1.000000000000000000, 1.000000000000000000 ) ;
#472 = MECHANICAL_DESIGN_GEOMETRIC_PRESENTATION_REPRESENTATION (  '', ( #1128 ), #2235 ) ;
#473 = CARTESIAN_POINT ( 'NONE',  ( -0.1099999999999999900, 0.0000000000000000000, -0.04000000000000004900 ) ) ;
#474 = CARTESIAN_POINT ( 'NONE',  ( -0.08299999999994621400, -0.004874015748031564400, 0.07624419269206488000 ) ) ;
#475 = VERTEX_POINT ( 'NONE', #1904 ) ;
#476 = ORIENTED_EDGE ( 'NONE', *, *, #842, .F. ) ;
#477 = VECTOR ( 'NONE', #1948, 39.37007874015748100 ) ;
#478 = CONICAL_SURFACE ( 'NONE', #3079, 0.03699999999999995000, 0.2315147883335658100 ) ;
#479 = DIRECTION ( 'NONE',  ( 1.000000000000000000, -0.0000000000000000000, 0.0000000000000000000 ) ) ;
#480 = FACE_OUTER_BOUND ( 'NONE', #2717, .T. ) ;
#481 = SURFACE_STYLE_FILL_AREA ( #687 ) ;
#482 =( GEOMETRIC_REPRESENTATION_CONTEXT ( 3 ) GLOBAL_UNCERTAINTY_ASSIGNED_CONTEXT ( ( #770 ) ) GLOBAL_UNIT_ASSIGNED_CONTEXT ( ( #177, #1243, #1003 ) ) REPRESENTATION_CONTEXT ( 'NONE', 'WORKASPACE' ) );
#483 = EDGE_CURVE ( 'NONE', #436, #16, #2863, .T. ) ;
#484 = FACE_OUTER_BOUND ( 'NONE', #3107, .T. ) ;
#485 = LINE ( 'NONE', #2250, #2780 ) ;
#486 = CARTESIAN_POINT ( 'NONE',  ( 0.07500000000000006700, 0.06914173228346451300, -0.008000000000000033100 ) ) ;
#487 = ORIENTED_EDGE ( 'NONE', *, *, #2318, .F. ) ;
#488 = EDGE_LOOP ( 'NONE', ( #2381, #555, #949, #1933, #254, #1691 ) ) ;
#489 = SURFACE_STYLE_USAGE ( .BOTH. , #824 ) ;
#490 = COLOUR_RGB ( '',1.000000000000000000, 1.000000000000000000, 1.000000000000000000 ) ;
#491 = DIRECTION ( 'NONE',  ( 0.0000000000000000000, 0.5000000000000006700, 0.8660254037844383700 ) ) ;
#492 = ORIENTED_EDGE ( 'NONE', *, *, #2682, .F. ) ;
#493 = SURFACE_STYLE_FILL_AREA ( #828 ) ;
#494 = CARTESIAN_POINT ( 'NONE',  ( 0.1499999999999999900, 0.1029999999999999900, -0.04000000000000004200 ) ) ;
#495 = FACE_OUTER_BOUND ( 'NONE', #350, .T. ) ;
#496 = COLOUR_RGB ( '',1.000000000000000000, 1.000000000000000000, 1.000000000000000000 ) ;
#497 = UNCERTAINTY_MEASURE_WITH_UNIT (LENGTH_MEASURE( 1.000000000000000100E-005 ), #2690, 'distance_accuracy_value', 'NONE');
#498 = AXIS2_PLACEMENT_3D ( 'NONE', #2415, #2324, #2306 ) ;
#499 = VERTEX_POINT ( 'NONE', #2627 ) ;
#500 = VECTOR ( 'NONE', #1512, 39.37007874015748100 ) ;
#501 = CARTESIAN_POINT ( 'NONE',  ( -0.1499999999999999900, 0.0000000000000000000, -0.08000000000000005700 ) ) ;
#502 = VERTEX_POINT ( 'NONE', #2701 ) ;
#503 = PRESENTATION_LAYER_ASSIGNMENT (  '', '', ( #2726 ) ) ;
#504 = COLOUR_RGB ( '',1.000000000000000000, 1.000000000000000000, 1.000000000000000000 ) ;
#505 = FILL_AREA_STYLE ('',( #541 ) ) ;
#506 = VERTEX_POINT ( 'NONE', #2894 ) ;
#507 = CARTESIAN_POINT ( 'NONE',  ( -0.1100000000000000300, 0.1029999999999999900, 0.07999999999999998800 ) ) ;
#508 = ORIENTED_EDGE ( 'NONE', *, *, #1912, .T. ) ;
#509 =( NAMED_UNIT ( * ) SI_UNIT ( $, .STERADIAN. ) SOLID_ANGLE_UNIT ( ) );
#510 = CARTESIAN_POINT ( 'NONE',  ( 0.1056557461532338200, 0.07636857196568112800, -0.008000000000000033100 ) ) ;
#511 =( GEOMETRIC_REPRESENTATION_CONTEXT ( 3 ) GLOBAL_UNCERTAINTY_ASSIGNED_CONTEXT ( ( #2006 ) ) GLOBAL_UNIT_ASSIGNED_CONTEXT ( ( #2510, #1380, #2205 ) ) REPRESENTATION_CONTEXT ( 'NONE', 'WORKASPACE' ) );
#512 = DIMENSIONAL_EXPONENTS ( 1.000000000000000000, 0.0000000000000000000, 0.0000000000000000000, 0.0000000000000000000, 0.0000000000000000000, 0.0000000000000000000, 0.0000000000000000000 ) ;
#513 =( LENGTH_UNIT ( ) NAMED_UNIT ( * ) SI_UNIT ( $, .METRE. ) );
#514 = ORIENTED_EDGE ( 'NONE', *, *, #1845, .T. ) ;
#515 = CARTESIAN_POINT ( 'NONE',  ( -0.08499999999994620200, -0.01077952755905518500, -0.07283464385826775300 ) ) ;
#516 = ORIENTED_EDGE ( 'NONE', *, *, #1628, .F. ) ;
#517 = STYLED_ITEM ( 'NONE', ( #1466 ), #1029 ) ;
#518 = AXIS2_PLACEMENT_3D ( 'NONE', #301, #959, #1590 ) ;
#519 = CARTESIAN_POINT ( 'NONE',  ( -0.07500000000000002500, 0.04945669291338579400, -0.008000000000000033100 ) ) ;
#520 = DIRECTION ( 'NONE',  ( 0.0000000000000000000, 0.0000000000000000000, 1.000000000000000000 ) ) ;
#521 = UNCERTAINTY_MEASURE_WITH_UNIT (LENGTH_MEASURE( 1.000000000000000100E-005 ), #465, 'distance_accuracy_value', 'NONE');
#522 = LENGTH_MEASURE_WITH_UNIT ( LENGTH_MEASURE( 0.02539999999999999900 ), #1077 );
#523 = DIRECTION ( 'NONE',  ( 0.0000000000000000000, -1.000000000000000000, 0.0000000000000000000 ) ) ;
#524 = ORIENTED_EDGE ( 'NONE', *, *, #2830, .T. ) ;
#525 = EDGE_CURVE ( 'NONE', #1094, #3067, #2178, .T. ) ;
#526 = DIRECTION ( 'NONE',  ( 1.000000000000000000, 0.0000000000000000000, -0.0000000000000000000 ) ) ;
#527 = STYLED_ITEM ( 'NONE', ( #602 ), #2728 ) ;
#528 = ORIENTED_EDGE ( 'NONE', *, *, #483, .T. ) ;
#529 = AXIS2_PLACEMENT_3D ( 'NONE', #2451, #2135, #1810 ) ;
#530 = DIRECTION ( 'NONE',  ( 0.0000000000000000000, -1.658841843374795100E-016, 1.000000000000000000 ) ) ;
#531 = ORIENTED_EDGE ( 'NONE', *, *, #1750, .F. ) ;
#532 =( NAMED_UNIT ( * ) SI_UNIT ( $, .STERADIAN. ) SOLID_ANGLE_UNIT ( ) );
#533 = EDGE_LOOP ( 'NONE', ( #2870, #189, #2713, #1570 ) ) ;
#534 = EDGE_CURVE ( 'NONE', #863, #468, #2358, .T. ) ;
#535 =( LENGTH_UNIT ( ) NAMED_UNIT ( * ) SI_UNIT ( $, .METRE. ) );
#536 = DIRECTION ( 'NONE',  ( 2.809978531916899800E-017, -0.9733199403651723300, 0.2294521599103771200 ) ) ;
#537 = VERTEX_POINT ( 'NONE', #336 ) ;
#538 = DIRECTION ( 'NONE',  ( 1.787174166118244400E-016, -0.0000000000000000000, -1.000000000000000000 ) ) ;
#539 = DIRECTION ( 'NONE',  ( -1.005119190492443200E-012, 1.000000000000000000, 0.0000000000000000000 ) ) ;
#540 = FACE_OUTER_BOUND ( 'NONE', #69, .T. ) ;
#541 = FILL_AREA_STYLE_COLOUR ( '', #2868 ) ;
#542 = CARTESIAN_POINT ( 'NONE',  ( 0.08299999999994621400, 0.0000000000000000000, -0.08000000000000005700 ) ) ;
#543 = ORIENTED_EDGE ( 'NONE', *, *, #1912, .F. ) ;
#544 = VERTEX_POINT ( 'NONE', #674 ) ;
#545 = PRESENTATION_LAYER_ASSIGNMENT (  '', '', ( #1774 ) ) ;
#546 = DIRECTION ( 'NONE',  ( 0.0000000000000000000, -1.000000000000000000, 1.658841843374799600E-016 ) ) ;
#547 = VECTOR ( 'NONE', #188, 39.37007874015748100 ) ;
#548 = FILL_AREA_STYLE ('',( #3015 ) ) ;
#549 = LINE ( 'NONE', #196, #103 ) ;
#550 = ORIENTED_EDGE ( 'NONE', *, *, #2054, .F. ) ;
#551 = LENGTH_MEASURE_WITH_UNIT ( LENGTH_MEASURE( 0.02539999999999999900 ), #2310 );
#552 = LINE ( 'NONE', #1158, #2163 ) ;
#553 = DIMENSIONAL_EXPONENTS ( 1.000000000000000000, 0.0000000000000000000, 0.0000000000000000000, 0.0000000000000000000, 0.0000000000000000000, 0.0000000000000000000, 0.0000000000000000000 ) ;
#554 = DIRECTION ( 'NONE',  ( 0.0000000000000000000, 0.0000000000000000000, -1.000000000000000000 ) ) ;
#555 = ORIENTED_EDGE ( 'NONE', *, *, #1356, .T. ) ;
#556 = VERTEX_POINT ( 'NONE', #2738 ) ;
#557 = DIRECTION ( 'NONE',  ( -0.0000000000000000000, -0.8660254037844382600, -0.5000000000000004400 ) ) ;
#558 = ORIENTED_EDGE ( 'NONE', *, *, #1010, .T. ) ;
#559 = VECTOR ( 'NONE', #74, 39.37007874015748100 ) ;
#560 = DIRECTION ( 'NONE',  ( 1.000000000000000000, 0.0000000000000000000, 0.0000000000000000000 ) ) ;
#561 = CARTESIAN_POINT ( 'NONE',  ( 0.08299999999994621400, -0.01077952755905518500, 0.08267716354330711900 ) ) ;
#562 = DIMENSIONAL_EXPONENTS ( 1.000000000000000000, 0.0000000000000000000, 0.0000000000000000000, 0.0000000000000000000, 0.0000000000000000000, 0.0000000000000000000, 0.0000000000000000000 ) ;
#563 = DIRECTION ( 'NONE',  ( 0.0000000000000000000, 1.658841843374799600E-016, 1.000000000000000000 ) ) ;
#564 = CARTESIAN_POINT ( 'NONE',  ( -0.1499999999999999900, 0.1029999999999999900, -0.08000000000000005700 ) ) ;
#565 = ORIENTED_EDGE ( 'NONE', *, *, #2419, .T. ) ;
#566 = AXIS2_PLACEMENT_3D ( 'NONE', #1560, #1442, #1271 ) ;
#567 = CARTESIAN_POINT ( 'NONE',  ( -0.1499999999999999900, 0.09499999999999998700, -0.07200000000000005000 ) ) ;
#568 = LINE ( 'NONE', #216, #799 ) ;
#569 = FACE_OUTER_BOUND ( 'NONE', #2343, .T. ) ;
#570 = DIRECTION ( 'NONE',  ( 1.000000000000000000, -1.005179966898570600E-012, 0.0000000000000000000 ) ) ;
#571 =( NAMED_UNIT ( * ) SI_UNIT ( $, .STERADIAN. ) SOLID_ANGLE_UNIT ( ) );
#572 = ORIENTED_EDGE ( 'NONE', *, *, #813, .F. ) ;
#573 = FILL_AREA_STYLE_COLOUR ( '', #1 ) ;
#574 = VERTEX_POINT ( 'NONE', #1307 ) ;
#575 = VECTOR ( 'NONE', #1632, 39.37007874015748100 ) ;
#576 = FILL_AREA_STYLE_COLOUR ( '', #2162 ) ;
#577 = FILL_AREA_STYLE_COLOUR ( '', #1208 ) ;
#578 = VERTEX_POINT ( 'NONE', #1630 ) ;
#579 = PRESENTATION_STYLE_ASSIGNMENT (( #896 ) ) ;
#580 = CARTESIAN_POINT ( 'NONE',  ( 0.0000000000000000000, -0.005661420000000000300, -0.04776828773629437200 ) ) ;
#581 = STYLED_ITEM ( 'NONE', ( #2853 ), #1317 ) ;
#582 = SURFACE_STYLE_USAGE ( .BOTH. , #2907 ) ;
#583 = DIRECTION ( 'NONE',  ( -1.000000000000000000, -0.0000000000000000000, -0.0000000000000000000 ) ) ;
#584 = CARTESIAN_POINT ( 'NONE',  ( -0.03599999999994620700, 0.08700000000000016100, -0.008000000000000033100 ) ) ;
#585 = AXIS2_PLACEMENT_3D ( 'NONE', #1371, #1062, #753 ) ;
#586 = CARTESIAN_POINT ( 'NONE',  ( 0.07499999999998394100, 0.08699999999996095600, -0.008000000000000033100 ) ) ;
#587 = ORIENTED_EDGE ( 'NONE', *, *, #1966, .F. ) ;
#588 = ORIENTED_EDGE ( 'NONE', *, *, #2249, .T. ) ;
#589 =( GEOMETRIC_REPRESENTATION_CONTEXT ( 3 ) GLOBAL_UNCERTAINTY_ASSIGNED_CONTEXT ( ( #2441 ) ) GLOBAL_UNIT_ASSIGNED_CONTEXT ( ( #941, #817, #633 ) ) REPRESENTATION_CONTEXT ( 'NONE', 'WORKASPACE' ) );
#590 = FACE_OUTER_BOUND ( 'NONE', #354, .T. ) ;
#591 = DIRECTION ( 'NONE',  ( 0.0000000000000000000, 0.0000000000000000000, 1.000000000000000000 ) ) ;
#592 =( NAMED_UNIT ( * ) PLANE_ANGLE_UNIT ( ) SI_UNIT ( $, .RADIAN. ) );
#593 = LENGTH_MEASURE_WITH_UNIT ( LENGTH_MEASURE( 0.02539999999999999900 ), #2216 );
#594 = ORIENTED_EDGE ( 'NONE', *, *, #2501, .T. ) ;
#595 = CARTESIAN_POINT ( 'NONE',  ( -0.1419999999999999900, 0.1029999999999999900, 0.03668629150101514200 ) ) ;
#596 = LINE ( 'NONE', #253, #2166 ) ;
#597 = ORIENTED_EDGE ( 'NONE', *, *, #443, .F. ) ;
#598 = EDGE_LOOP ( 'NONE', ( #2556, #1055, #1780, #2804 ) ) ;
#599 = CARTESIAN_POINT ( 'NONE',  ( -0.08299999999994621400, 2.667820306312757000E-018, 0.07343017838790437400 ) ) ;
#600 = PRESENTATION_STYLE_ASSIGNMENT (( #924 ) ) ;
#601 = ORIENTED_EDGE ( 'NONE', *, *, #2039, .T. ) ;
#602 = PRESENTATION_STYLE_ASSIGNMENT (( #928 ) ) ;
#603 = LINE ( 'NONE', #2601, #1559 ) ;
#604 = PRESENTATION_STYLE_ASSIGNMENT (( #932 ) ) ;
#605 = VERTEX_POINT ( 'NONE', #1961 ) ;
#606 = LINE ( 'NONE', #2201, #3098 ) ;
#607 = DIRECTION ( 'NONE',  ( 0.0000000000000000000, 1.000000000000000000, 0.0000000000000000000 ) ) ;
#608 = ORIENTED_EDGE ( 'NONE', *, *, #146, .F. ) ;
#609 =( GEOMETRIC_REPRESENTATION_CONTEXT ( 3 ) GLOBAL_UNCERTAINTY_ASSIGNED_CONTEXT ( ( #3110 ) ) GLOBAL_UNIT_ASSIGNED_CONTEXT ( ( #1779, #833, #2975 ) ) REPRESENTATION_CONTEXT ( 'NONE', 'WORKASPACE' ) );
#610 = PLANE ( 'NONE',  #529 ) ;
#611 = ORIENTED_EDGE ( 'NONE', *, *, #2764, .T. ) ;
#612 = CARTESIAN_POINT ( 'NONE',  ( -0.08299999999994621400, 0.0000000000000000000, 0.0000000000000000000 ) ) ;
#613 = DIRECTION ( 'NONE',  ( 0.0000000000000000000, 0.05233595624294396000, 0.9986295347545739400 ) ) ;
#614 = VERTEX_POINT ( 'NONE', #2259 ) ;
#615 = EDGE_CURVE ( 'NONE', #315, #2792, #2599, .T. ) ;
#616 = SURFACE_SIDE_STYLE ('',( #2459 ) ) ;
#617 = LINE ( 'NONE', #281, #2845 ) ;
#618 = ORIENTED_EDGE ( 'NONE', *, *, #1142, .T. ) ;
#619 = AXIS2_PLACEMENT_3D ( 'NONE', #2090, #1903, #1656 ) ;
#620 = DIRECTION ( 'NONE',  ( 1.000000000000000000, -0.0000000000000000000, -0.0000000000000000000 ) ) ;
#621 = AXIS2_PLACEMENT_3D ( 'NONE', #2005, #1676, #1344 ) ;
#622 = VERTEX_POINT ( 'NONE', #3043 ) ;
#623 = STYLED_ITEM ( 'NONE', ( #1740 ), #1935 ) ;
#624 = DIRECTION ( 'NONE',  ( 0.0000000000000000000, 0.0000000000000000000, 1.000000000000000000 ) ) ;
#625 = LINE ( 'NONE', #364, #2663 ) ;
#626 = PRESENTATION_LAYER_ASSIGNMENT (  '', '', ( #119 ) ) ;
#627 = DIRECTION ( 'NONE',  ( 1.016439536705159900E-016, 0.0000000000000000000, 1.000000000000000000 ) ) ;
#628 = SURFACE_STYLE_FILL_AREA ( #389 ) ;
#629 = LINE ( 'NONE', #3093, #2069 ) ;
#630 = ORIENTED_EDGE ( 'NONE', *, *, #1956, .T. ) ;
#631 = LINE ( 'NONE', #709, #2906 ) ;
#632 =( GEOMETRIC_REPRESENTATION_CONTEXT ( 3 ) GLOBAL_UNCERTAINTY_ASSIGNED_CONTEXT ( ( #1283 ) ) GLOBAL_UNIT_ASSIGNED_CONTEXT ( ( #901, #592, #2807 ) ) REPRESENTATION_CONTEXT ( 'NONE', 'WORKASPACE' ) );
#633 =( NAMED_UNIT ( * ) SI_UNIT ( $, .STERADIAN. ) SOLID_ANGLE_UNIT ( ) );
#634 = ORIENTED_EDGE ( 'NONE', *, *, #2047, .F. ) ;
#635 = FACE_BOUND ( 'NONE', #276, .T. ) ;
#636 = VERTEX_POINT ( 'NONE', #236 ) ;
#637 = CARTESIAN_POINT ( 'NONE',  ( -0.08499999999994620200, -0.004874015748031564400, -0.07624419269206486600 ) ) ;
#638 = CLOSED_SHELL ( 'NONE', ( #1533, #1869, #221, #1156, #2587, #1853, #904, #1223, #2492, #421, #2305, #2827, #1841, #2109, #267, #1186, #2326, #2651, #2097, #985, #1363, #2072, #2128, #1369, #2572, #2533, #832, #894, #2031, #1146, #1607, #2514, #1709, #35, #2728, #1126, #1038, #1029, #2026, #1383, #172, #2508, #914, #2257, #2272, #1824, #2600, #1171, #1482, #1859, #1586, #1395, #3069, #2223, #2435, #1873, #410, #732, #2839, #2296, #2182, #1974, #669, #1718, #644, #163, #2241, #2584, #707, #898, #1902, #683, #922, #2444, #2596, #1935, #1317, #3001 ) ) ;
#639 = EDGE_CURVE ( 'NONE', #304, #1524, #2420, .T. ) ;
#640 = DIRECTION ( 'NONE',  ( 0.05226442768871403900, 0.9972646886342373400, 0.05226442768871403900 ) ) ;
#641 = AXIS2_PLACEMENT_3D ( 'NONE', #1089, #748, #624 ) ;
#642 = SURFACE_SIDE_STYLE ('',( #963 ) ) ;
#643 = ORIENTED_EDGE ( 'NONE', *, *, #249, .F. ) ;
#644 = ADVANCED_FACE ( 'NONE', ( #137 ), #46, .T. ) ;
#645 = LINE ( 'NONE', #309, #151 ) ;
#646 =( NAMED_UNIT ( * ) PLANE_ANGLE_UNIT ( ) SI_UNIT ( $, .RADIAN. ) );
#647 = STYLED_ITEM ( 'NONE', ( #2503 ), #707 ) ;
#648 = VECTOR ( 'NONE', #1963, 39.37007874015748100 ) ;
#649 = ORIENTED_EDGE ( 'NONE', *, *, #1628, .T. ) ;
#650 = DIRECTION ( 'NONE',  ( 0.0000000000000000000, 1.000000000000000000, -1.658841843374799600E-016 ) ) ;
#651 = LINE ( 'NONE', #2576, #722 ) ;
#652 = DIRECTION ( 'NONE',  ( 0.0000000000000000000, -0.0000000000000000000, 1.000000000000000000 ) ) ;
#653 = STYLED_ITEM ( 'NONE', ( #3085 ), #922 ) ;
#654 = SURFACE_STYLE_USAGE ( .BOTH. , #1766 ) ;
#655 = EDGE_CURVE ( 'NONE', #2944, #2290, #651, .T. ) ;
#656 = VERTEX_POINT ( 'NONE', #1354 ) ;
#657 = CARTESIAN_POINT ( 'NONE',  ( -0.03562992125984251100, -0.005661420000000000300, -1.591921870410443200E-018 ) ) ;
#658 = EDGE_LOOP ( 'NONE', ( #1760, #1237, #2927, #1037 ) ) ;
#659 = PRESENTATION_LAYER_ASSIGNMENT (  '', '', ( #581 ) ) ;
#660 = PLANE ( 'NONE',  #1847 ) ;
#661 = VERTEX_POINT ( 'NONE', #2962 ) ;
#662 = SURFACE_STYLE_FILL_AREA ( #990 ) ;
#663 = ORIENTED_EDGE ( 'NONE', *, *, #1472, .T. ) ;
#664 = EDGE_CURVE ( 'NONE', #800, #927, #1052, .T. ) ;
#665 = SURFACE_STYLE_FILL_AREA ( #17 ) ;
#666 = LINE ( 'NONE', #1866, #2860 ) ;
#667 = CARTESIAN_POINT ( 'NONE',  ( -0.07499999999998394100, 0.08699999999996095600, -0.008000000000000033100 ) ) ;
#668 = DIRECTION ( 'NONE',  ( 2.134256245050205000E-016, 0.0000000000000000000, -1.000000000000000000 ) ) ;
#669 = ADVANCED_FACE ( 'NONE', ( #984 ), #2291, .T. ) ;
#670 = SURFACE_SIDE_STYLE ('',( #1305 ) ) ;
#671 = ORIENTED_EDGE ( 'NONE', *, *, #2640, .F. ) ;
#672 = CARTESIAN_POINT ( 'NONE',  ( 0.08299999999994621400, -0.004874015748031563500, 0.08267716354330711900 ) ) ;
#673 = EDGE_CURVE ( 'NONE', #1610, #656, #190, .T. ) ;
#674 = CARTESIAN_POINT ( 'NONE',  ( 0.1420000000000000200, 0.1029999999999999900, 0.03999999999999996600 ) ) ;
#675 = ORIENTED_EDGE ( 'NONE', *, *, #1525, .T. ) ;
#676 = DIRECTION ( 'NONE',  ( 0.0000000000000000000, -0.0000000000000000000, -1.000000000000000000 ) ) ;
#677 = DIRECTION ( 'NONE',  ( -0.0000000000000000000, 1.000000000000000000, -0.0000000000000000000 ) ) ;
#678 = EDGE_CURVE ( 'NONE', #1947, #1842, #2562, .T. ) ;
#679 = CARTESIAN_POINT ( 'NONE',  ( -0.1499999999999999900, 0.0000000000000000000, -0.04747158528650577400 ) ) ;
#680 = EDGE_CURVE ( 'NONE', #3055, #3007, #1401, .T. ) ;
#681 = CARTESIAN_POINT ( 'NONE',  ( 0.07499999999998394100, 0.08699999999996095600, -0.008000000000000033100 ) ) ;
#682 = ORIENTED_EDGE ( 'NONE', *, *, #2388, .T. ) ;
#683 = ADVANCED_FACE ( 'NONE', ( #1267 ), #760, .T. ) ;
#684 = SURFACE_STYLE_FILL_AREA ( #1049 ) ;
#685 =( NAMED_UNIT ( * ) SI_UNIT ( $, .STERADIAN. ) SOLID_ANGLE_UNIT ( ) );
#686 = CARTESIAN_POINT ( 'NONE',  ( -0.1100000000000000000, 0.0000000000000000000, -0.08000000000000005700 ) ) ;
#687 = FILL_AREA_STYLE ('',( #1662 ) ) ;
#688 = SURFACE_STYLE_USAGE ( .BOTH. , #3095 ) ;
#689 = ORIENTED_EDGE ( 'NONE', *, *, #2764, .F. ) ;
#690 = LINE ( 'NONE', #382, #78 ) ;
#691 = COLOUR_RGB ( '',1.000000000000000000, 1.000000000000000000, 1.000000000000000000 ) ;
#692 = VECTOR ( 'NONE', #153, 39.37007874015748100 ) ;
#693 = CARTESIAN_POINT ( 'NONE',  ( -0.1066862915010152600, 0.0000000000000000000, 0.07999999999999998800 ) ) ;
#694 = ORIENTED_EDGE ( 'NONE', *, *, #1242, .F. ) ;
#695 = STYLED_ITEM ( 'NONE', ( #1710 ), #894 ) ;
#696 = SURFACE_SIDE_STYLE ('',( #738 ) ) ;
#697 = SURFACE_SIDE_STYLE ('',( #1021 ) ) ;
#698 = ORIENTED_EDGE ( 'NONE', *, *, #27, .F. ) ;
#699 = LINE ( 'NONE', #3070, #1767 ) ;
#700 = FACE_OUTER_BOUND ( 'NONE', #991, .T. ) ;
#701 = COLOUR_RGB ( '',1.000000000000000000, 1.000000000000000000, 1.000000000000000000 ) ;
#702 = FILL_AREA_STYLE_COLOUR ( '', #2179 ) ;
#703 =( LENGTH_UNIT ( ) NAMED_UNIT ( * ) SI_UNIT ( $, .METRE. ) );
#704 = FACE_BOUND ( 'NONE', #2595, .T. ) ;
#705 =( CONVERSION_BASED_UNIT ( 'INCH', #2541 ) LENGTH_UNIT ( ) NAMED_UNIT ( #2478 ) );
#706 = ORIENTED_EDGE ( 'NONE', *, *, #2003, .F. ) ;
#707 = ADVANCED_FACE ( 'NONE', ( #2148 ), #2915, .T. ) ;
#708 = AXIS2_PLACEMENT_3D ( 'NONE', #849, #523, #170 ) ;
#709 = CARTESIAN_POINT ( 'NONE',  ( -0.06699999999994620000, 0.009999999999999984600, 0.06083757802841401100 ) ) ;
#710 = MECHANICAL_DESIGN_GEOMETRIC_PRESENTATION_REPRESENTATION (  '', ( #119 ), #2445 ) ;
#711 = ORIENTED_EDGE ( 'NONE', *, *, #525, .T. ) ;
#712 = AXIS2_PLACEMENT_3D ( 'NONE', #586, #158, #2718 ) ;
#713 = COLOUR_RGB ( '',1.000000000000000000, 1.000000000000000000, 1.000000000000000000 ) ;
#714 = PLANE ( 'NONE',  #2835 ) ;
#715 = ORIENTED_EDGE ( 'NONE', *, *, #2751, .F. ) ;
#716 = EDGE_LOOP ( 'NONE', ( #1035, #2140, #2161, #476 ) ) ;
#717 = DIRECTION ( 'NONE',  ( -0.0000000000000000000, -1.000000000000000000, -0.0000000000000000000 ) ) ;
#718 = FACE_OUTER_BOUND ( 'NONE', #1939, .T. ) ;
#719 = CARTESIAN_POINT ( 'NONE',  ( 0.03562992125984251100, -0.005661420000000000300, 0.04776828773629437200 ) ) ;
#720 = DIRECTION ( 'NONE',  ( 0.0000000000000000000, 1.000000000000000000, 0.0000000000000000000 ) ) ;
#721 = COLOUR_RGB ( '',1.000000000000000000, 1.000000000000000000, 1.000000000000000000 ) ;
#722 = VECTOR ( 'NONE', #2887, 39.37007874015748900 ) ;
#723 = UNCERTAINTY_MEASURE_WITH_UNIT (LENGTH_MEASURE( 1.000000000000000100E-005 ), #1011, 'distance_accuracy_value', 'NONE');
#724 =( CONVERSION_BASED_UNIT ( 'INCH', #2299 ) LENGTH_UNIT ( ) NAMED_UNIT ( #2418 ) );
#725 = CARTESIAN_POINT ( 'NONE',  ( 0.1140000000000216700, 0.08699999999992175100, -0.008000000000000027900 ) ) ;
#726 = VERTEX_POINT ( 'NONE', #2735 ) ;
#727 = AXIS2_PLACEMENT_3D ( 'NONE', #1480, #1639, #2932 ) ;
#728 = LENGTH_MEASURE_WITH_UNIT ( LENGTH_MEASURE( 0.02539999999999999900 ), #25 );
#729 = CIRCLE ( 'NONE', #566, 0.03065574615323374600 ) ;
#730 = SURFACE_STYLE_USAGE ( .BOTH. , #1046 ) ;
#731 = EDGE_LOOP ( 'NONE', ( #105, #1225, #1576, #2984, #1155, #44, #1827, #834 ) ) ;
#732 = ADVANCED_FACE ( 'NONE', ( #2373 ), #2593, .T. ) ;
#733 =( LENGTH_UNIT ( ) NAMED_UNIT ( * ) SI_UNIT ( $, .METRE. ) );
#734 = ORIENTED_EDGE ( 'NONE', *, *, #2106, .T. ) ;
#735 = UNCERTAINTY_MEASURE_WITH_UNIT (LENGTH_MEASURE( 1.000000000000000100E-005 ), #376, 'distance_accuracy_value', 'NONE');
#736 = ORIENTED_EDGE ( 'NONE', *, *, #1010, .F. ) ;
#737 = COLOUR_RGB ( '',1.000000000000000000, 1.000000000000000000, 1.000000000000000000 ) ;
#738 = SURFACE_STYLE_FILL_AREA ( #284 ) ;
#739 = ORIENTED_EDGE ( 'NONE', *, *, #1863, .F. ) ;
#740 = LINE ( 'NONE', #404, #1870 ) ;
#741 =( GEOMETRIC_REPRESENTATION_CONTEXT ( 3 ) GLOBAL_UNCERTAINTY_ASSIGNED_CONTEXT ( ( #962 ) ) GLOBAL_UNIT_ASSIGNED_CONTEXT ( ( #1592, #1729, #2331 ) ) REPRESENTATION_CONTEXT ( 'NONE', 'WORKASPACE' ) );
#742 =( CONVERSION_BASED_UNIT ( 'INCH', #1890 ) LENGTH_UNIT ( ) NAMED_UNIT ( #381 ) );
#743 = ORIENTED_EDGE ( 'NONE', *, *, #1849, .T. ) ;
#744 = AXIS2_PLACEMENT_3D ( 'NONE', #2815, #2710, #2553 ) ;
#745 = UNCERTAINTY_MEASURE_WITH_UNIT (LENGTH_MEASURE( 1.000000000000000100E-005 ), #2008, 'distance_accuracy_value', 'NONE');
#746 = CIRCLE ( 'NONE', #1013, 0.05499999999999999300 ) ;
#747 = MECHANICAL_DESIGN_GEOMETRIC_PRESENTATION_REPRESENTATION (  '', ( #581 ), #1865 ) ;
#748 = DIRECTION ( 'NONE',  ( -0.0000000000000000000, -1.000000000000000000, 0.0000000000000000000 ) ) ;
#749 = FACE_OUTER_BOUND ( 'NONE', #2141, .T. ) ;
#750 = DIRECTION ( 'NONE',  ( 0.0000000000000000000, 0.0000000000000000000, 1.000000000000000000 ) ) ;
#751 = FACE_OUTER_BOUND ( 'NONE', #426, .T. ) ;
#752 = VECTOR ( 'NONE', #432, 39.37007874015748900 ) ;
#753 = DIRECTION ( 'NONE',  ( -1.000000000000000000, 0.0000000000000000000, -0.0000000000000000000 ) ) ;
#754 = EDGE_LOOP ( 'NONE', ( #73, #102, #2311, #1260 ) ) ;
#755 = CIRCLE ( 'NONE', #1462, 0.03699999999999995000 ) ;
#756 = DIRECTION ( 'NONE',  ( 0.0000000000000000000, 0.0000000000000000000, 1.000000000000000000 ) ) ;
#757 = UNCERTAINTY_MEASURE_WITH_UNIT (LENGTH_MEASURE( 1.000000000000000100E-005 ), #1268, 'distance_accuracy_value', 'NONE');
#758 = ORIENTED_EDGE ( 'NONE', *, *, #2525, .T. ) ;
#759 = FACE_OUTER_BOUND ( 'NONE', #1444, .T. ) ;
#760 = PLANE ( 'NONE',  #2757 ) ;
#761 = DIRECTION ( 'NONE',  ( 0.0000000000000000000, 0.0000000000000000000, 1.000000000000000000 ) ) ;
#762 = VERTEX_POINT ( 'NONE', #2519 ) ;
#763 = VECTOR ( 'NONE', #460, 39.37007874015748100 ) ;
#764 = PRODUCT_RELATED_PRODUCT_CATEGORY ( 'part', '', ( #2446 ) ) ;
#765 =( NAMED_UNIT ( * ) SI_UNIT ( $, .STERADIAN. ) SOLID_ANGLE_UNIT ( ) );
#766 = ORIENTED_EDGE ( 'NONE', *, *, #1373, .F. ) ;
#767 = PRESENTATION_LAYER_ASSIGNMENT (  '', '', ( #2442 ) ) ;
#768 = CARTESIAN_POINT ( 'NONE',  ( -0.1100000000000000300, 0.0000000000000000000, 0.07999999999999998800 ) ) ;
#769 = EDGE_CURVE ( 'NONE', #1971, #1075, #2483, .T. ) ;
#770 = UNCERTAINTY_MEASURE_WITH_UNIT (LENGTH_MEASURE( 1.000000000000000100E-005 ), #177, 'distance_accuracy_value', 'NONE');
#771 = FACE_OUTER_BOUND ( 'NONE', #2351, .T. ) ;
#772 = ORIENTED_EDGE ( 'NONE', *, *, #1083, .F. ) ;
#773 = SURFACE_SIDE_STYLE ('',( #1078 ) ) ;
#774 = VERTEX_POINT ( 'NONE', #2215 ) ;
#775 = CARTESIAN_POINT ( 'NONE',  ( 0.03562992125984251700, -0.005661420000000000300, -0.04776828773629437200 ) ) ;
#776 =( GEOMETRIC_REPRESENTATION_CONTEXT ( 3 ) GLOBAL_UNCERTAINTY_ASSIGNED_CONTEXT ( ( #1220 ) ) GLOBAL_UNIT_ASSIGNED_CONTEXT ( ( #911, #3051, #2110 ) ) REPRESENTATION_CONTEXT ( 'NONE', 'WORKASPACE' ) );
#777 = SHAPE_DEFINITION_REPRESENTATION ( #139, #2643 ) ;
#778 =( NAMED_UNIT ( * ) PLANE_ANGLE_UNIT ( ) SI_UNIT ( $, .RADIAN. ) );
#779 = ORIENTED_EDGE ( 'NONE', *, *, #2773, .F. ) ;
#780 = LINE ( 'NONE', #446, #1629 ) ;
#781 = ORIENTED_EDGE ( 'NONE', *, *, #2102, .F. ) ;
#782 = SURFACE_SIDE_STYLE ('',( #1087 ) ) ;
#783 = DIRECTION ( 'NONE',  ( 0.0000000000000000000, 0.8660254037844382600, 0.5000000000000004400 ) ) ;
#784 = ORIENTED_EDGE ( 'NONE', *, *, #2793, .T. ) ;
#785 = FACE_OUTER_BOUND ( 'NONE', #171, .T. ) ;
#786 = DIRECTION ( 'NONE',  ( -0.0000000000000000000, 0.5000000000000010000, 0.8660254037844381500 ) ) ;
#787 = LINE ( 'NONE', #453, #855 ) ;
#788 = VERTEX_POINT ( 'NONE', #2261 ) ;
#789 = FILL_AREA_STYLE ('',( #1091 ) ) ;
#790 = ORIENTED_EDGE ( 'NONE', *, *, #2345, .F. ) ;
#791 = VECTOR ( 'NONE', #1447, 39.37007874015748100 ) ;
#792 = DIRECTION ( 'NONE',  ( -1.000000000000000000, -0.0000000000000000000, -0.0000000000000000000 ) ) ;
#793 = PLANE ( 'NONE',  #868 ) ;
#794 =( LENGTH_UNIT ( ) NAMED_UNIT ( * ) SI_UNIT ( $, .METRE. ) );
#795 = VERTEX_POINT ( 'NONE', #2146 ) ;
#796 = FACE_BOUND ( 'NONE', #1019, .T. ) ;
#797 = VECTOR ( 'NONE', #1169, 39.37007874015748100 ) ;
#798 = ORIENTED_EDGE ( 'NONE', *, *, #3071, .F. ) ;
#799 = VECTOR ( 'NONE', #3030, 39.37007874015748100 ) ;
#800 = VERTEX_POINT ( 'NONE', #2084 ) ;
#801 = CARTESIAN_POINT ( 'NONE',  ( -0.1099999999999999900, 0.1029999999999999900, -0.04000000000000004900 ) ) ;
#802 = EDGE_LOOP ( 'NONE', ( #225, #2778, #121, #2214 ) ) ;
#803 = EDGE_CURVE ( 'NONE', #927, #2290, #2066, .T. ) ;
#804 = DIRECTION ( 'NONE',  ( 0.0000000000000000000, 0.0000000000000000000, -1.000000000000000000 ) ) ;
#805 =( LENGTH_UNIT ( ) NAMED_UNIT ( * ) SI_UNIT ( $, .METRE. ) );
#806 = CARTESIAN_POINT ( 'NONE',  ( 0.06499999999994621200, 0.0000000000000000000, -0.07343017838790436000 ) ) ;
#807 = SURFACE_SIDE_STYLE ('',( #1499 ) ) ;
#808 = LINE ( 'NONE', #474, #1411 ) ;
#809 = ORIENTED_EDGE ( 'NONE', *, *, #2091, .F. ) ;
#810 = VECTOR ( 'NONE', #156, 39.37007874015748100 ) ;
#811 = PRESENTATION_STYLE_ASSIGNMENT (( #1106 ) ) ;
#812 = EDGE_LOOP ( 'NONE', ( #1790, #1058, #1985, #1567 ) ) ;
#813 = EDGE_CURVE ( 'NONE', #2290, #1245, #1785, .T. ) ;
#814 = CARTESIAN_POINT ( 'NONE',  ( 0.1099999999999999300, 0.1029999999999999900, 0.07199999999999999500 ) ) ;
#815 = ORIENTED_EDGE ( 'NONE', *, *, #1679, .F. ) ;
#816 = STYLED_ITEM ( 'NONE', ( #147 ), #1709 ) ;
#817 =( NAMED_UNIT ( * ) PLANE_ANGLE_UNIT ( ) SI_UNIT ( $, .RADIAN. ) );
#818 = DIRECTION ( 'NONE',  ( -1.000000000000000000, 0.0000000000000000000, 0.0000000000000000000 ) ) ;
#819 = ORIENTED_EDGE ( 'NONE', *, *, #2923, .T. ) ;
#820 = VECTOR ( 'NONE', #1419, 39.37007874015748100 ) ;
#821 = EDGE_CURVE ( 'NONE', #448, #1394, #451, .T. ) ;
#822 = AXIS2_PLACEMENT_3D ( 'NONE', #2339, #2041, #1714 ) ;
#823 = EDGE_LOOP ( 'NONE', ( #9, #2392, #2695, #2754 ) ) ;
#824 = SURFACE_SIDE_STYLE ('',( #1117 ) ) ;
#825 = VECTOR ( 'NONE', #2342, 39.37007874015748900 ) ;
#826 = CARTESIAN_POINT ( 'NONE',  ( -0.08299999999994621400, 0.009999999999999984600, 0.06083757802841401100 ) ) ;
#827 =( GEOMETRIC_REPRESENTATION_CONTEXT ( 3 ) GLOBAL_UNCERTAINTY_ASSIGNED_CONTEXT ( ( #2389 ) ) GLOBAL_UNIT_ASSIGNED_CONTEXT ( ( #1292, #2502, #3046 ) ) REPRESENTATION_CONTEXT ( 'NONE', 'WORKASPACE' ) );
#828 = FILL_AREA_STYLE ('',( #1120 ) ) ;
#829 = EDGE_LOOP ( 'NONE', ( #2232, #2301, #3013, #2785 ) ) ;
#830 = ORIENTED_EDGE ( 'NONE', *, *, #483, .F. ) ;
#831 = VERTEX_POINT ( 'NONE', #1518 ) ;
#832 = ADVANCED_FACE ( 'NONE', ( #2271 ), #423, .T. ) ;
#833 =( NAMED_UNIT ( * ) PLANE_ANGLE_UNIT ( ) SI_UNIT ( $, .RADIAN. ) );
#834 = ORIENTED_EDGE ( 'NONE', *, *, #2737, .T. ) ;
#835 = VECTOR ( 'NONE', #1759, 39.37007874015748100 ) ;
#836 = DIRECTION ( 'NONE',  ( 1.000000000000000000, -0.0000000000000000000, 1.138269997360109900E-016 ) ) ;
#837 = CARTESIAN_POINT ( 'NONE',  ( -0.1123431457505076500, 0.09499999999999998700, 0.07765685424949234100 ) ) ;
#838 = EDGE_LOOP ( 'NONE', ( #2002, #2203, #1572, #1513 ) ) ;
#839 = EDGE_CURVE ( 'NONE', #1285, #2246, #218, .T. ) ;
#840 = VERTEX_POINT ( 'NONE', #341 ) ;
#841 = PLANE ( 'NONE',  #3041 ) ;
#842 = EDGE_CURVE ( 'NONE', #2954, #2297, #2636, .T. ) ;
#843 = PRESENTATION_LAYER_ASSIGNMENT (  '', '', ( #653 ) ) ;
#844 = FILL_AREA_STYLE_COLOUR ( '', #721 ) ;
#845 = DIRECTION ( 'NONE',  ( 0.0000000000000000000, 1.000000000000000000, 0.0000000000000000000 ) ) ;
#846 = VERTEX_POINT ( 'NONE', #2461 ) ;
#847 = VECTOR ( 'NONE', #677, 39.37007874015748100 ) ;
#848 =( NAMED_UNIT ( * ) SI_UNIT ( $, .STERADIAN. ) SOLID_ANGLE_UNIT ( ) );
#849 = CARTESIAN_POINT ( 'NONE',  ( -0.1099999999999999900, 0.1029999999999999900, -0.04000000000000004900 ) ) ;
#850 = EDGE_LOOP ( 'NONE', ( #958, #587, #975, #1017 ) ) ;
#851 = FACE_OUTER_BOUND ( 'NONE', #2100, .T. ) ;
#852 = ORIENTED_EDGE ( 'NONE', *, *, #2388, .F. ) ;
#853 =( NAMED_UNIT ( * ) PLANE_ANGLE_UNIT ( ) SI_UNIT ( $, .RADIAN. ) );
#854 = EDGE_CURVE ( 'NONE', #2517, #1140, #2145, .T. ) ;
#855 = VECTOR ( 'NONE', #114, 39.37007874015748100 ) ;
#856 =( NAMED_UNIT ( * ) PLANE_ANGLE_UNIT ( ) SI_UNIT ( $, .RADIAN. ) );
#857 = VERTEX_POINT ( 'NONE', #2264 ) ;
#858 =( NAMED_UNIT ( * ) PLANE_ANGLE_UNIT ( ) SI_UNIT ( $, .RADIAN. ) );
#859 = ORIENTED_EDGE ( 'NONE', *, *, #1614, .T. ) ;
#860 = DIRECTION ( 'NONE',  ( 0.0000000000000000000, 0.0000000000000000000, -1.000000000000000000 ) ) ;
#861 = CARTESIAN_POINT ( 'NONE',  ( 0.07500000000000002500, 0.04945669291338579400, 0.02899999999999991500 ) ) ;
#862 = CARTESIAN_POINT ( 'NONE',  ( -0.1143700787401575000, -0.005661420000000000300, -2.043992501013188900E-017 ) ) ;
#863 = VERTEX_POINT ( 'NONE', #2649 ) ;
#864 = LINE ( 'NONE', #542, #547 ) ;
#865 = CARTESIAN_POINT ( 'NONE',  ( 0.07500000000000002500, 0.07636857196568112800, 0.02265574615323371500 ) ) ;
#866 =( NAMED_UNIT ( * ) SI_UNIT ( $, .STERADIAN. ) SOLID_ANGLE_UNIT ( ) );
#867 = CARTESIAN_POINT ( 'NONE',  ( 0.08499999999994620200, -0.004874015748031563500, -0.08267716354330711900 ) ) ;
#868 = AXIS2_PLACEMENT_3D ( 'NONE', #2715, #546, #1833 ) ;
#869 = FACE_OUTER_BOUND ( 'NONE', #1252, .T. ) ;
#870 = VERTEX_POINT ( 'NONE', #61 ) ;
#871 = DIRECTION ( 'NONE',  ( -0.0000000000000000000, 1.000000000000000000, -0.0000000000000000000 ) ) ;
#872 = ORIENTED_EDGE ( 'NONE', *, *, #3000, .F. ) ;
#873 = PRESENTATION_LAYER_ASSIGNMENT (  '', '', ( #623 ) ) ;
#874 = DIRECTION ( 'NONE',  ( -0.0000000000000000000, -1.000000000000000000, -0.0000000000000000000 ) ) ;
#875 = SURFACE_STYLE_FILL_AREA ( #1332 ) ;
#876 = EDGE_CURVE ( 'NONE', #831, #863, #552, .T. ) ;
#877 = FACE_OUTER_BOUND ( 'NONE', #3017, .T. ) ;
#878 = CARTESIAN_POINT ( 'NONE',  ( -0.06499999999994621200, 0.009999999999999984600, -0.06083757802841399000 ) ) ;
#879 = EDGE_LOOP ( 'NONE', ( #758, #2385, #1753, #2574 ) ) ;
#880 = EDGE_CURVE ( 'NONE', #1537, #1461, #3086, .T. ) ;
#881 = DIRECTION ( 'NONE',  ( 0.0000000000000000000, 1.000000000000000000, 0.0000000000000000000 ) ) ;
#882 = EDGE_LOOP ( 'NONE', ( #125, #2188, #31, #1606 ) ) ;
#883 = CARTESIAN_POINT ( 'NONE',  ( -0.1499999999999999900, 0.0000000000000000000, 0.03668629150101511400 ) ) ;
#884 = EDGE_LOOP ( 'NONE', ( #1022, #2966, #1097, #2672 ) ) ;
#885 = EDGE_LOOP ( 'NONE', ( #2826, #1210, #347, #1227, #1154 ) ) ;
#886 = LINE ( 'NONE', #2734, #1033 ) ;
#887 = PRESENTATION_LAYER_ASSIGNMENT (  '', '', ( #816 ) ) ;
#888 = ORIENTED_EDGE ( 'NONE', *, *, #1773, .T. ) ;
#889 =( GEOMETRIC_REPRESENTATION_CONTEXT ( 3 ) GLOBAL_UNCERTAINTY_ASSIGNED_CONTEXT ( ( #1519 ) ) GLOBAL_UNIT_ASSIGNED_CONTEXT ( ( #2021, #1230, #3031 ) ) REPRESENTATION_CONTEXT ( 'NONE', 'WORKASPACE' ) );
#890 = ORIENTED_EDGE ( 'NONE', *, *, #3061, .T. ) ;
#891 = PLANE ( 'NONE',  #2042 ) ;
#892 = DIRECTION ( 'NONE',  ( 0.0000000000000000000, -0.8660254037844382600, -0.5000000000000004400 ) ) ;
#893 = ORIENTED_EDGE ( 'NONE', *, *, #1966, .T. ) ;
#894 = ADVANCED_FACE ( 'NONE', ( #785 ), #2352, .F. ) ;
#895 = CARTESIAN_POINT ( 'NONE',  ( -0.1476568542494923800, 0.09499999999999998700, 0.04234314575050748100 ) ) ;
#896 = SURFACE_STYLE_USAGE ( .BOTH. , #1213 ) ;
#897 = ORIENTED_EDGE ( 'NONE', *, *, #2419, .F. ) ;
#898 = ADVANCED_FACE ( 'NONE', ( #920 ), #2243, .T. ) ;
#899 = MECHANICAL_DESIGN_GEOMETRIC_PRESENTATION_REPRESENTATION (  '', ( #517 ), #1608 ) ;
#900 =( CONVERSION_BASED_UNIT ( 'INCH', #311 ) LENGTH_UNIT ( ) NAMED_UNIT ( #1360 ) );
#901 =( CONVERSION_BASED_UNIT ( 'INCH', #2467 ) LENGTH_UNIT ( ) NAMED_UNIT ( #562 ) );
#902 = LINE ( 'NONE', #584, #2138 ) ;
#903 = LENGTH_MEASURE_WITH_UNIT ( LENGTH_MEASURE( 0.02539999999999999900 ), #2781 );
#904 = ADVANCED_FACE ( 'NONE', ( #2401 ), #462, .F. ) ;
#905 = SURFACE_STYLE_USAGE ( .BOTH. , #240 ) ;
#906 = STYLED_ITEM ( 'NONE', ( #1684 ), #1853 ) ;
#907 = ORIENTED_EDGE ( 'NONE', *, *, #854, .T. ) ;
#908 = VECTOR ( 'NONE', #1867, 39.37007874015748100 ) ;
#909 = DIRECTION ( 'NONE',  ( 0.0000000000000000000, 1.000000000000000000, -0.0000000000000000000 ) ) ;
#910 = EDGE_CURVE ( 'NONE', #726, #55, #603, .T. ) ;
#911 =( CONVERSION_BASED_UNIT ( 'INCH', #414 ) LENGTH_UNIT ( ) NAMED_UNIT ( #385 ) );
#912 = VERTEX_POINT ( 'NONE', #719 ) ;
#913 = AXIS2_PLACEMENT_3D ( 'NONE', #2566, #2231, #1922 ) ;
#914 = ADVANCED_FACE ( 'NONE', ( #2950 ), #1901, .T. ) ;
#915 =( LENGTH_UNIT ( ) NAMED_UNIT ( * ) SI_UNIT ( $, .METRE. ) );
#916 = DIRECTION ( 'NONE',  ( 0.0000000000000000000, -0.9733199403651723300, -0.2294521599103771200 ) ) ;
#917 = VERTEX_POINT ( 'NONE', #1536 ) ;
#918 = EDGE_CURVE ( 'NONE', #75, #912, #1937, .T. ) ;
#919 = ORIENTED_EDGE ( 'NONE', *, *, #2063, .T. ) ;
#920 = FACE_OUTER_BOUND ( 'NONE', #2480, .T. ) ;
#921 = CARTESIAN_POINT ( 'NONE',  ( 0.1099999999999999700, 0.1029999999999999900, -0.07200000000000003600 ) ) ;
#922 = ADVANCED_FACE ( 'NONE', ( #495 ), #6, .T. ) ;
#923 = CARTESIAN_POINT ( 'NONE',  ( 0.03599999999994620000, 0.04945669291340536900, -0.008000000000000036600 ) ) ;
#924 = SURFACE_STYLE_USAGE ( .BOTH. , #1240 ) ;
#925 = MECHANICAL_DESIGN_GEOMETRIC_PRESENTATION_REPRESENTATION (  '', ( #2700 ), #1839 ) ;
#926 = DIRECTION ( 'NONE',  ( 1.000000000000000000, -1.005179966899056700E-012, 0.0000000000000000000 ) ) ;
#927 = VERTEX_POINT ( 'NONE', #3062 ) ;
#928 = SURFACE_STYLE_USAGE ( .BOTH. , #1244 ) ;
#929 = EDGE_LOOP ( 'NONE', ( #634, #2731, #1031, #1294 ) ) ;
#930 = STYLED_ITEM ( 'NONE', ( #1544 ), #1395 ) ;
#931 = EDGE_CURVE ( 'NONE', #636, #2038, #3009, .T. ) ;
#932 = SURFACE_STYLE_USAGE ( .BOTH. , #1248 ) ;
#933 = PRESENTATION_LAYER_ASSIGNMENT (  '', '', ( #1051 ) ) ;
#934 = DIRECTION ( 'NONE',  ( 0.0000000000000000000, -1.658841843374795100E-016, 1.000000000000000000 ) ) ;
#935 = CARTESIAN_POINT ( 'NONE',  ( 0.06699999999994620000, -0.01077952755905518500, 0.08267716354330711900 ) ) ;
#936 = ORIENTED_EDGE ( 'NONE', *, *, #2841, .F. ) ;
#937 = EDGE_CURVE ( 'NONE', #40, #2328, #2372, .T. ) ;
#938 =( NAMED_UNIT ( * ) PLANE_ANGLE_UNIT ( ) SI_UNIT ( $, .RADIAN. ) );
#939 = DIRECTION ( 'NONE',  ( 1.000000000000000000, -0.0000000000000000000, -0.0000000000000000000 ) ) ;
#940 = EDGE_LOOP ( 'NONE', ( #2703, #1130, #565, #1886 ) ) ;
#941 =( CONVERSION_BASED_UNIT ( 'INCH', #2429 ) LENGTH_UNIT ( ) NAMED_UNIT ( #2414 ) );
#942 = CARTESIAN_POINT ( 'NONE',  ( 0.0000000000000000000, -0.005661420000000000300, 0.04776828773629437200 ) ) ;
#943 = ORIENTED_EDGE ( 'NONE', *, *, #3042, .F. ) ;
#944 = CIRCLE ( 'NONE', #111, 0.04000000000000000100 ) ;
#945 = CARTESIAN_POINT ( 'NONE',  ( 0.1099999999999999700, 0.09499999999999998700, -0.08000000000000001600 ) ) ;
#946 = ORIENTED_EDGE ( 'NONE', *, *, #2603, .F. ) ;
#947 = VECTOR ( 'NONE', #1166, 39.37007874015748900 ) ;
#948 = VECTOR ( 'NONE', #1168, 39.37007874015748100 ) ;
#949 = ORIENTED_EDGE ( 'NONE', *, *, #678, .T. ) ;
#950 = VECTOR ( 'NONE', #2300, 39.37007874015748100 ) ;
#951 = LINE ( 'NONE', #1969, #2578 ) ;
#952 = COLOUR_RGB ( '',1.000000000000000000, 1.000000000000000000, 1.000000000000000000 ) ;
#953 = ORIENTED_EDGE ( 'NONE', *, *, #1136, .T. ) ;
#954 = AXIS2_PLACEMENT_3D ( 'NONE', #1291, #978, #652 ) ;
#955 = DIRECTION ( 'NONE',  ( 0.0000000000000000000, 0.8660254037844380400, 0.5000000000000007800 ) ) ;
#956 = CARTESIAN_POINT ( 'NONE',  ( -0.03592662370963110900, 0.0000000000000000000, 0.04747158528650577400 ) ) ;
#957 = COLOUR_RGB ( '',1.000000000000000000, 1.000000000000000000, 1.000000000000000000 ) ;
#958 = ORIENTED_EDGE ( 'NONE', *, *, #534, .T. ) ;
#959 = DIRECTION ( 'NONE',  ( -1.005119190492443200E-012, -1.000000000000000000, -0.0000000000000000000 ) ) ;
#960 = CARTESIAN_POINT ( 'NONE',  ( -0.1139999999999462000, 0.04945669291330736400, -0.008000000000000033100 ) ) ;
#961 =( CONVERSION_BASED_UNIT ( 'INCH', #1516 ) LENGTH_UNIT ( ) NAMED_UNIT ( #2647 ) );
#962 = UNCERTAINTY_MEASURE_WITH_UNIT (LENGTH_MEASURE( 1.000000000000000100E-005 ), #1592, 'distance_accuracy_value', 'NONE');
#963 = SURFACE_STYLE_FILL_AREA ( #1280 ) ;
#964 = ORIENTED_EDGE ( 'NONE', *, *, #2682, .T. ) ;
#965 = CIRCLE ( 'NONE', #1823, 0.04000000000000000100 ) ;
#966 = MECHANICAL_DESIGN_GEOMETRIC_PRESENTATION_REPRESENTATION (  '', ( #816 ), #2049 ) ;
#967 =( LENGTH_UNIT ( ) NAMED_UNIT ( * ) SI_UNIT ( $, .METRE. ) );
#968 = CARTESIAN_POINT ( 'NONE',  ( -0.1419999999999999900, 0.09499999999999998700, 0.03668629150101511400 ) ) ;
#969 = ORIENTED_EDGE ( 'NONE', *, *, #1956, .F. ) ;
#970 = AXIS2_PLACEMENT_3D ( 'NONE', #1640, #1315, #1009 ) ;
#971 = CIRCLE ( 'NONE', #408, 0.03149606299212599800 ) ;
#972 = VECTOR ( 'NONE', #2905, 39.37007874015748900 ) ;
#973 = DIRECTION ( 'NONE',  ( -1.000000000000000000, 0.0000000000000000000, -0.0000000000000000000 ) ) ;
#974 =( NAMED_UNIT ( * ) SI_UNIT ( $, .STERADIAN. ) SOLID_ANGLE_UNIT ( ) );
#975 = ORIENTED_EDGE ( 'NONE', *, *, #84, .F. ) ;
#976 = VECTOR ( 'NONE', #1503, 39.37007874015748100 ) ;
#977 = DIRECTION ( 'NONE',  ( -1.000000000000000000, -1.005179966899543000E-012, 0.0000000000000000000 ) ) ;
#978 = DIRECTION ( 'NONE',  ( 0.0000000000000000000, 1.000000000000000000, 0.0000000000000000000 ) ) ;
#979 = TOROIDAL_SURFACE ( 'NONE', #296, 0.03200000000000000100, 0.008000000000000000200 ) ;
#980 = SURFACE_SIDE_STYLE ('',( #429 ) ) ;
#981 = EDGE_LOOP ( 'NONE', ( #1507, #2776, #2443, #675 ) ) ;
#982 = LINE ( 'NONE', #657, #2337 ) ;
#983 = ORIENTED_EDGE ( 'NONE', *, *, #238, .T. ) ;
#984 = FACE_OUTER_BOUND ( 'NONE', #2165, .T. ) ;
#985 = ADVANCED_FACE ( 'NONE', ( #1449, #449 ), #2346, .F. ) ;
#986 = UNCERTAINTY_MEASURE_WITH_UNIT (LENGTH_MEASURE( 1.000000000000000100E-005 ), #2612, 'distance_accuracy_value', 'NONE');
#987 = PRESENTATION_STYLE_ASSIGNMENT (( #654 ) ) ;
#988 = AXIS2_PLACEMENT_3D ( 'NONE', #486, #2816, #2495 ) ;
#989 = COLOUR_RGB ( '',1.000000000000000000, 1.000000000000000000, 1.000000000000000000 ) ;
#990 = FILL_AREA_STYLE ('',( #1298 ) ) ;
#991 = EDGE_LOOP ( 'NONE', ( #734, #1214, #694, #248 ) ) ;
#992 = STYLED_ITEM ( 'NONE', ( #3103 ), #2600 ) ;
#993 = DIRECTION ( 'NONE',  ( 0.0000000000000000000, 1.000000000000000000, 0.0000000000000000000 ) ) ;
#994 = DIRECTION ( 'NONE',  ( 0.05226442768871404600, 0.9972646886342373400, -0.05226442768871403900 ) ) ;
#995 = EDGE_CURVE ( 'NONE', #2111, #2096, #2078, .T. ) ;
#996 = PRESENTATION_LAYER_ASSIGNMENT (  '', '', ( #1477 ) ) ;
#997 =( NAMED_UNIT ( * ) SI_UNIT ( $, .STERADIAN. ) SOLID_ANGLE_UNIT ( ) );
#998 = PRESENTATION_STYLE_ASSIGNMENT (( #1306 ) ) ;
#999 = ORIENTED_EDGE ( 'NONE', *, *, #2046, .T. ) ;
#1000 = UNCERTAINTY_MEASURE_WITH_UNIT (LENGTH_MEASURE( 1.000000000000000100E-005 ), #2424, 'distance_accuracy_value', 'NONE');
#1001 = CIRCLE ( 'NONE', #3065, 0.03900000000003773400 ) ;
#1002 = ORIENTED_EDGE ( 'NONE', *, *, #2833, .F. ) ;
#1003 =( NAMED_UNIT ( * ) SI_UNIT ( $, .STERADIAN. ) SOLID_ANGLE_UNIT ( ) );
#1004 = CARTESIAN_POINT ( 'NONE',  ( -0.08299999999994621400, 0.0000000000000000000, -0.08000000000000005700 ) ) ;
#1005 = ORIENTED_EDGE ( 'NONE', *, *, #876, .F. ) ;
#1006 = LINE ( 'NONE', #679, #1565 ) ;
#1007 = FACE_OUTER_BOUND ( 'NONE', #1183, .T. ) ;
#1008 = PRESENTATION_LAYER_ASSIGNMENT (  '', '', ( #930 ) ) ;
#1009 = DIRECTION ( 'NONE',  ( 0.0000000000000000000, 0.0000000000000000000, 1.000000000000000000 ) ) ;
#1010 = EDGE_CURVE ( 'NONE', #574, #2023, #1892, .T. ) ;
#1011 =( CONVERSION_BASED_UNIT ( 'INCH', #362 ) LENGTH_UNIT ( ) NAMED_UNIT ( #437 ) );
#1012 = EDGE_LOOP ( 'NONE', ( #815, #1133, #1125, #1469, #96 ) ) ;
#1013 = AXIS2_PLACEMENT_3D ( 'NONE', #2933, #2288, #1987 ) ;
#1014 = PLANE ( 'NONE',  #30 ) ;
#1015 = ORIENTED_EDGE ( 'NONE', *, *, #1377, .F. ) ;
#1016 = LINE ( 'NONE', #2990, #407 ) ;
#1017 = ORIENTED_EDGE ( 'NONE', *, *, #876, .T. ) ;
#1018 = DIRECTION ( 'NONE',  ( 0.0000000000000000000, 1.000000000000000000, 0.0000000000000000000 ) ) ;
#1019 = EDGE_LOOP ( 'NONE', ( #2438, #919, #3060, #26 ) ) ;
#1020 = STYLED_ITEM ( 'NONE', ( #359 ), #683 ) ;
#1021 = SURFACE_STYLE_FILL_AREA ( #1327 ) ;
#1022 = ORIENTED_EDGE ( 'NONE', *, *, #161, .T. ) ;
#1023 = DIRECTION ( 'NONE',  ( -1.000000000000000000, 0.0000000000000000000, 0.0000000000000000000 ) ) ;
#1024 = DIRECTION ( 'NONE',  ( 0.0000000000000000000, 0.0000000000000000000, -1.000000000000000000 ) ) ;
#1025 = ORIENTED_EDGE ( 'NONE', *, *, #1755, .T. ) ;
#1026 = STYLED_ITEM ( 'NONE', ( #2458 ), #1586 ) ;
#1027 = ORIENTED_EDGE ( 'NONE', *, *, #1613, .F. ) ;
#1028 = FACE_OUTER_BOUND ( 'NONE', #2920, .T. ) ;
#1029 = ADVANCED_FACE ( 'NONE', ( #1699 ), #714, .T. ) ;
#1030 =( NAMED_UNIT ( * ) SI_UNIT ( $, .STERADIAN. ) SOLID_ANGLE_UNIT ( ) );
#1031 = ORIENTED_EDGE ( 'NONE', *, *, #3000, .T. ) ;
#1032 = VECTOR ( 'NONE', #538, 39.37007874015748100 ) ;
#1033 = VECTOR ( 'NONE', #2396, 39.37007874015748100 ) ;
#1034 = DIRECTION ( 'NONE',  ( 0.0000000000000000000, 1.000000000000000000, -0.0000000000000000000 ) ) ;
#1035 = ORIENTED_EDGE ( 'NONE', *, *, #1195, .F. ) ;
#1036 = CARTESIAN_POINT ( 'NONE',  ( 0.07500000000000002500, 0.07636857196568112800, -0.008000000000000033100 ) ) ;
#1037 = ORIENTED_EDGE ( 'NONE', *, *, #2569, .F. ) ;
#1038 = ADVANCED_FACE ( 'NONE', ( #1007 ), #1700, .T. ) ;
#1039 =( LENGTH_UNIT ( ) NAMED_UNIT ( * ) SI_UNIT ( $, .METRE. ) );
#1040 =( NAMED_UNIT ( * ) SI_UNIT ( $, .STERADIAN. ) SOLID_ANGLE_UNIT ( ) );
#1041 = ORIENTED_EDGE ( 'NONE', *, *, #2758, .T. ) ;
#1042 = MECHANICAL_DESIGN_GEOMETRIC_PRESENTATION_REPRESENTATION (  '', ( #695 ), #2303 ) ;
#1043 = LINE ( 'NONE', #725, #1667 ) ;
#1044 = ORIENTED_EDGE ( 'NONE', *, *, #84, .T. ) ;
#1045 =( NAMED_UNIT ( * ) PLANE_ANGLE_UNIT ( ) SI_UNIT ( $, .RADIAN. ) );
#1046 = SURFACE_SIDE_STYLE ('',( #1347 ) ) ;
#1047 = EDGE_LOOP ( 'NONE', ( #1099, #1952 ) ) ;
#1048 = AXIS2_PLACEMENT_3D ( 'NONE', #2916, #2610, #2269 ) ;
#1049 = FILL_AREA_STYLE ('',( #1758 ) ) ;
#1050 = ORIENTED_EDGE ( 'NONE', *, *, #2632, .F. ) ;
#1051 = STYLED_ITEM ( 'NONE', ( #579 ), #1859 ) ;
#1052 = LINE ( 'NONE', #1116, #1897 ) ;
#1053 = CARTESIAN_POINT ( 'NONE',  ( 0.0000000000000000000, -0.005661420000000000300, 0.04776828773629437200 ) ) ;
#1054 = LINE ( 'NONE', #1940, #2112 ) ;
#1055 = ORIENTED_EDGE ( 'NONE', *, *, #2758, .F. ) ;
#1056 = ORIENTED_EDGE ( 'NONE', *, *, #1132, .T. ) ;
#1057 = CARTESIAN_POINT ( 'NONE',  ( -0.07500000000000002500, 0.07636857196568112800, -0.03865574615323377800 ) ) ;
#1058 = ORIENTED_EDGE ( 'NONE', *, *, #1781, .T. ) ;
#1059 = PRESENTATION_LAYER_ASSIGNMENT (  '', '', ( #906 ) ) ;
#1060 = CARTESIAN_POINT ( 'NONE',  ( -0.1123431457505076500, 0.0000000000000000000, 0.07765685424949234100 ) ) ;
#1061 =( LENGTH_UNIT ( ) NAMED_UNIT ( * ) SI_UNIT ( $, .METRE. ) );
#1062 = DIRECTION ( 'NONE',  ( 0.0000000000000000000, 0.0000000000000000000, -1.000000000000000000 ) ) ;
#1063 = EDGE_LOOP ( 'NONE', ( #419, #89, #318, #1159, #2733 ) ) ;
#1064 = PRESENTATION_LAYER_ASSIGNMENT (  '', '', ( #992 ) ) ;
#1065 = VECTOR ( 'NONE', #2844, 39.37007874015748900 ) ;
#1066 = ORIENTED_EDGE ( 'NONE', *, *, #1153, .T. ) ;
#1067 =( LENGTH_UNIT ( ) NAMED_UNIT ( * ) SI_UNIT ( $, .METRE. ) );
#1068 = MECHANICAL_DESIGN_GEOMETRIC_PRESENTATION_REPRESENTATION (  '', ( #1477 ), #1814 ) ;
#1069 = SURFACE_STYLE_FILL_AREA ( #1840 ) ;
#1070 = CARTESIAN_POINT ( 'NONE',  ( -0.1143700787401575000, -0.005661420000000000300, -2.043992501013188900E-017 ) ) ;
#1071 = CARTESIAN_POINT ( 'NONE',  ( -0.06499999999994621200, 0.0000000000000000000, -0.08000000000000005700 ) ) ;
#1072 = DIRECTION ( 'NONE',  ( -0.0000000000000000000, -1.000000000000000000, 0.0000000000000000000 ) ) ;
#1073 = LINE ( 'NONE', #768, #752 ) ;
#1074 = LINE ( 'NONE', #580, #2552 ) ;
#1075 = VERTEX_POINT ( 'NONE', #2512 ) ;
#1076 = MECHANICAL_DESIGN_GEOMETRIC_PRESENTATION_REPRESENTATION (  '', ( #930 ), #1374 ) ;
#1077 =( LENGTH_UNIT ( ) NAMED_UNIT ( * ) SI_UNIT ( $, .METRE. ) );
#1078 = SURFACE_STYLE_FILL_AREA ( #1387 ) ;
#1079 = CARTESIAN_POINT ( 'NONE',  ( -0.1066862915010152600, 0.0000000000000000000, 0.07199999999999998100 ) ) ;
#1080 = PRESENTATION_STYLE_ASSIGNMENT (( #441 ) ) ;
#1081 =( GEOMETRIC_REPRESENTATION_CONTEXT ( 3 ) GLOBAL_UNCERTAINTY_ASSIGNED_CONTEXT ( ( #2126 ) ) GLOBAL_UNIT_ASSIGNED_CONTEXT ( ( #92, #2260, #1308 ) ) REPRESENTATION_CONTEXT ( 'NONE', 'WORKASPACE' ) );
#1082 = DIRECTION ( 'NONE',  ( 1.000000000000000000, 0.0000000000000000000, 0.0000000000000000000 ) ) ;
#1083 = EDGE_CURVE ( 'NONE', #2683, #726, #2882, .T. ) ;
#1084 =( CONVERSION_BASED_UNIT ( 'INCH', #1776 ) LENGTH_UNIT ( ) NAMED_UNIT ( #553 ) );
#1085 = DIRECTION ( 'NONE',  ( -0.0000000000000000000, 0.0000000000000000000, 1.000000000000000000 ) ) ;
#1086 = ORIENTED_EDGE ( 'NONE', *, *, #2212, .T. ) ;
#1087 = SURFACE_STYLE_FILL_AREA ( #2665 ) ;
#1088 = DIRECTION ( 'NONE',  ( 0.0000000000000000000, 0.5000000000000005600, -0.8660254037844383700 ) ) ;
#1089 = CARTESIAN_POINT ( 'NONE',  ( -0.1099999999999999900, 0.09499999999999998700, -0.04000000000000004900 ) ) ;
#1090 = DIRECTION ( 'NONE',  ( 0.0000000000000000000, 1.000000000000000000, 0.0000000000000000000 ) ) ;
#1091 = FILL_AREA_STYLE_COLOUR ( '', #496 ) ;
#1092 = ORIENTED_EDGE ( 'NONE', *, *, #2569, .T. ) ;
#1093 =( NAMED_UNIT ( * ) PLANE_ANGLE_UNIT ( ) SI_UNIT ( $, .RADIAN. ) );
#1094 = VERTEX_POINT ( 'NONE', #1060 ) ;
#1095 = AXIS2_PLACEMENT_3D ( 'NONE', #1822, #1543, #1229 ) ;
#1096 = CARTESIAN_POINT ( 'NONE',  ( -0.1056557461532338200, 0.07636857196568112800, -0.008000000000000024500 ) ) ;
#1097 = ORIENTED_EDGE ( 'NONE', *, *, #1765, .T. ) ;
#1098 = FACE_OUTER_BOUND ( 'NONE', #379, .T. ) ;
#1099 = ORIENTED_EDGE ( 'NONE', *, *, #1796, .T. ) ;
#1100 = DIRECTION ( 'NONE',  ( -0.05226442768871404600, 0.9972646886342373400, -0.05226442768871403900 ) ) ;
#1101 = CARTESIAN_POINT ( 'NONE',  ( 0.1100000000000000000, 0.0000000000000000000, 0.03999999999999998000 ) ) ;
#1102 = DIRECTION ( 'NONE',  ( -0.0000000000000000000, -1.000000000000000000, 0.0000000000000000000 ) ) ;
#1103 = PRESENTATION_LAYER_ASSIGNMENT (  '', '', ( #2277 ) ) ;
#1104 = PLANE ( 'NONE',  #621 ) ;
#1105 = ORIENTED_EDGE ( 'NONE', *, *, #2723, .F. ) ;
#1106 = SURFACE_STYLE_USAGE ( .BOTH. , #1422 ) ;
#1107 = VERTEX_POINT ( 'NONE', #2292 ) ;
#1108 = AXIS2_PLACEMENT_3D ( 'NONE', #923, #3032, #2613 ) ;
#1109 = VECTOR ( 'NONE', #2549, 39.37007874015748100 ) ;
#1110 = LINE ( 'NONE', #814, #2955 ) ;
#1111 = LINE ( 'NONE', #3019, #763 ) ;
#1112 = PLANE ( 'NONE',  #3056 ) ;
#1113 = DIRECTION ( 'NONE',  ( -8.637680178724328600E-018, 0.0000000000000000000, -1.000000000000000000 ) ) ;
#1114 = ORIENTED_EDGE ( 'NONE', *, *, #931, .F. ) ;
#1115 = LENGTH_MEASURE_WITH_UNIT ( LENGTH_MEASURE( 0.02539999999999999900 ), #535 );
#1116 = CARTESIAN_POINT ( 'NONE',  ( -0.06499999999994621200, -0.004874015748031564400, -0.07624419269206486600 ) ) ;
#1117 = SURFACE_STYLE_FILL_AREA ( #1431 ) ;
#1118 = PLANE ( 'NONE',  #1631 ) ;
#1119 = LENGTH_MEASURE_WITH_UNIT ( LENGTH_MEASURE( 0.02539999999999999900 ), #794 );
#1120 = FILL_AREA_STYLE_COLOUR ( '', #2678 ) ;
#1121 = VERTEX_POINT ( 'NONE', #2015 ) ;
#1122 =( LENGTH_UNIT ( ) NAMED_UNIT ( * ) SI_UNIT ( $, .METRE. ) );
#1123 = AXIS2_PLACEMENT_3D ( 'NONE', #1819, #1609, #1574 ) ;
#1124 =( LENGTH_UNIT ( ) NAMED_UNIT ( * ) SI_UNIT ( $, .METRE. ) );
#1125 = ORIENTED_EDGE ( 'NONE', *, *, #2603, .T. ) ;
#1126 = ADVANCED_FACE ( 'NONE', ( #21 ), #2592, .T. ) ;
#1127 = STYLED_ITEM ( 'NONE', ( #811 ), #2230 ) ;
#1128 = STYLED_ITEM ( 'NONE', ( #175 ), #1038 ) ;
#1129 = PRESENTATION_STYLE_ASSIGNMENT (( #1232 ) ) ;
#1130 = ORIENTED_EDGE ( 'NONE', *, *, #1863, .T. ) ;
#1131 = CYLINDRICAL_SURFACE ( 'NONE', #1862, 0.03900000000001886700 ) ;
#1132 = EDGE_CURVE ( 'NONE', #2314, #55, #631, .T. ) ;
#1133 = ORIENTED_EDGE ( 'NONE', *, *, #261, .T. ) ;
#1134 = DIRECTION ( 'NONE',  ( 0.0000000000000000000, 0.8660254037844380400, -0.5000000000000007800 ) ) ;
#1135 = MECHANICAL_DESIGN_GEOMETRIC_PRESENTATION_REPRESENTATION (  '', ( #906 ), #1978 ) ;
#1136 = EDGE_CURVE ( 'NONE', #433, #499, #191, .T. ) ;
#1137 = MECHANICAL_DESIGN_GEOMETRIC_PRESENTATION_REPRESENTATION (  '', ( #992 ), #1328 ) ;
#1138 = EDGE_LOOP ( 'NONE', ( #209, #550, #809, #1549 ) ) ;
#1139 = MECHANICAL_DESIGN_GEOMETRIC_PRESENTATION_REPRESENTATION (  '', ( #527 ), #2921 ) ;
#1140 = VERTEX_POINT ( 'NONE', #1096 ) ;
#1141 = EDGE_CURVE ( 'NONE', #2961, #2550, #1668, .T. ) ;
#1142 = EDGE_CURVE ( 'NONE', #1896, #2769, #2679, .T. ) ;
#1143 = DIRECTION ( 'NONE',  ( -2.134256245050205900E-016, -0.0000000000000000000, -1.000000000000000000 ) ) ;
#1144 = CARTESIAN_POINT ( 'NONE',  ( -0.1419999999999999900, 0.09499999999999998700, 0.03668629150101511400 ) ) ;
#1145 = VERTEX_POINT ( 'NONE', #230 ) ;
#1146 = ADVANCED_FACE ( 'NONE', ( #293 ), #2749, .F. ) ;
#1147 = VECTOR ( 'NONE', #2644, 39.37007874015748100 ) ;
#1148 =( NAMED_UNIT ( * ) SI_UNIT ( $, .STERADIAN. ) SOLID_ANGLE_UNIT ( ) );
#1149 = CARTESIAN_POINT ( 'NONE',  ( -0.08299999999994621400, -0.004874015748031564400, 0.07624419269206488000 ) ) ;
#1150 = ORIENTED_EDGE ( 'NONE', *, *, #1379, .T. ) ;
#1151 = CYLINDRICAL_SURFACE ( 'NONE', #2963, 0.03900000000001886700 ) ;
#1152 = PRESENTATION_STYLE_ASSIGNMENT (( #582 ) ) ;
#1153 = EDGE_CURVE ( 'NONE', #1394, #448, #2150, .T. ) ;
#1154 = ORIENTED_EDGE ( 'NONE', *, *, #2846, .T. ) ;
#1155 = ORIENTED_EDGE ( 'NONE', *, *, #1456, .T. ) ;
#1156 = ADVANCED_FACE ( 'NONE', ( #2252 ), #1151, .F. ) ;
#1157 = AXIS2_PLACEMENT_3D ( 'NONE', #3021, #2722, #2380 ) ;
#1158 = CARTESIAN_POINT ( 'NONE',  ( -0.1140576688182389400, 0.0002997164227307489500, -0.04745587781437579600 ) ) ;
#1159 = ORIENTED_EDGE ( 'NONE', *, *, #2053, .T. ) ;
#1160 = CARTESIAN_POINT ( 'NONE',  ( 0.08299999999994621400, -0.004874015748031564400, 0.07624419269206488000 ) ) ;
#1161 = LINE ( 'NONE', #861, #308 ) ;
#1162 = ORIENTED_EDGE ( 'NONE', *, *, #1491, .T. ) ;
#1163 = CIRCLE ( 'NONE', #452, 0.008000000000000007100 ) ;
#1164 = DIRECTION ( 'NONE',  ( 0.0000000000000000000, 0.5000000000000008900, -0.8660254037844381500 ) ) ;
#1165 = LINE ( 'NONE', #862, #1032 ) ;
#1166 = DIRECTION ( 'NONE',  ( -0.7071067811865462400, 0.0000000000000000000, -0.7071067811865486800 ) ) ;
#1167 = CARTESIAN_POINT ( 'NONE',  ( 0.08499999999994620200, -0.004874015748031564400, -0.07624419269206486600 ) ) ;
#1168 = DIRECTION ( 'NONE',  ( -2.134256245050205000E-016, 0.0000000000000000000, 1.000000000000000000 ) ) ;
#1169 = DIRECTION ( 'NONE',  ( 1.000000000000000000, 0.0000000000000000000, 0.0000000000000000000 ) ) ;
#1170 = VERTEX_POINT ( 'NONE', #3094 ) ;
#1171 = ADVANCED_FACE ( 'NONE', ( #759 ), #2208, .F. ) ;
#1172 = CARTESIAN_POINT ( 'NONE',  ( 0.07500000000000002500, 0.07636857196568112800, -0.008000000000000033100 ) ) ;
#1173 = COLOUR_RGB ( '',1.000000000000000000, 1.000000000000000000, 1.000000000000000000 ) ;
#1174 = VERTEX_POINT ( 'NONE', #599 ) ;
#1175 = CARTESIAN_POINT ( 'NONE',  ( -0.1499999999999999900, 0.1029999999999999900, 0.03668629150101511400 ) ) ;
#1176 = VERTEX_POINT ( 'NONE', #921 ) ;
#1177 = PRESENTATION_LAYER_ASSIGNMENT (  '', '', ( #1026 ) ) ;
#1178 =( NAMED_UNIT ( * ) SI_UNIT ( $, .STERADIAN. ) SOLID_ANGLE_UNIT ( ) );
#1179 = CARTESIAN_POINT ( 'NONE',  ( 0.07500000000000002500, 0.04945669291338579400, -0.008000000000000033100 ) ) ;
#1180 = FACE_OUTER_BOUND ( 'NONE', #94, .T. ) ;
#1181 = PLANE ( 'NONE',  #1095 ) ;
#1182 = COLOUR_RGB ( '',1.000000000000000000, 1.000000000000000000, 1.000000000000000000 ) ;
#1183 = EDGE_LOOP ( 'NONE', ( #1345, #2619, #138, #1855 ) ) ;
#1184 = AXIS2_PLACEMENT_3D ( 'NONE', #4, #2821, #2500 ) ;
#1185 = LINE ( 'NONE', #878, #1575 ) ;
#1186 = ADVANCED_FACE ( 'NONE', ( #1445 ), #2888, .F. ) ;
#1187 = PRESENTATION_LAYER_ASSIGNMENT (  '', '', ( #1215 ) ) ;
#1188 = CARTESIAN_POINT ( 'NONE',  ( 0.06699999999994620000, -1.067128122525102800E-018, 0.06661108072031027300 ) ) ;
#1189 = CARTESIAN_POINT ( 'NONE',  ( 0.1099999999999999700, 0.09499999999999998700, -0.04000000000000003600 ) ) ;
#1190 = CIRCLE ( 'NONE', #1804, 0.03065574615323374600 ) ;
#1191 = CARTESIAN_POINT ( 'NONE',  ( -0.1066862915010152600, 0.09499999999999998700, 0.07999999999999998800 ) ) ;
#1192 = CARTESIAN_POINT ( 'NONE',  ( 0.08499999999994621600, 0.0000000000000000000, -0.06661108072031024500 ) ) ;
#1193 = PLANE ( 'NONE',  #2494 ) ;
#1194 = PRESENTATION_LAYER_ASSIGNMENT (  '', '', ( #1596 ) ) ;
#1195 = EDGE_CURVE ( 'NONE', #1524, #2954, #690, .T. ) ;
#1196 = EDGE_LOOP ( 'NONE', ( #1397, #1295, #179, #649 ) ) ;
#1197 = DIRECTION ( 'NONE',  ( 0.7071067811865462400, -0.0000000000000000000, 0.7071067811865486800 ) ) ;
#1198 = VECTOR ( 'NONE', #1854, 39.37007874015748100 ) ;
#1199 =( CONVERSION_BASED_UNIT ( 'INCH', #1303 ) LENGTH_UNIT ( ) NAMED_UNIT ( #2468 ) );
#1200 = VERTEX_POINT ( 'NONE', #2597 ) ;
#1201 = CIRCLE ( 'NONE', #727, 0.008000000000000007100 ) ;
#1202 = AXIS2_PLACEMENT_3D ( 'NONE', #1657, #1330, #1024 ) ;
#1203 = DIRECTION ( 'NONE',  ( 0.7071067811865486800, 0.0000000000000000000, -0.7071067811865465700 ) ) ;
#1204 = ORIENTED_EDGE ( 'NONE', *, *, #3052, .T. ) ;
#1205 = VECTOR ( 'NONE', #1090, 39.37007874015748100 ) ;
#1206 = UNCERTAINTY_MEASURE_WITH_UNIT (LENGTH_MEASURE( 1.000000000000000100E-005 ), #1601, 'distance_accuracy_value', 'NONE');
#1207 = CARTESIAN_POINT ( 'NONE',  ( 0.07500000000000002500, 0.1029999999999447200, -0.008000000000000033100 ) ) ;
#1208 = COLOUR_RGB ( '',1.000000000000000000, 1.000000000000000000, 1.000000000000000000 ) ;
#1209 = DIRECTION ( 'NONE',  ( 0.0000000000000000000, -0.5000000000000005600, 0.8660254037844383700 ) ) ;
#1210 = ORIENTED_EDGE ( 'NONE', *, *, #2345, .T. ) ;
#1211 = LENGTH_MEASURE_WITH_UNIT ( LENGTH_MEASURE( 0.02539999999999999900 ), #967 );
#1212 = DIRECTION ( 'NONE',  ( -1.005119190492443200E-012, 1.000000000000000000, 0.0000000000000000000 ) ) ;
#1213 = SURFACE_SIDE_STYLE ('',( #1531 ) ) ;
#1214 = ORIENTED_EDGE ( 'NONE', *, *, #2475, .F. ) ;
#1215 = STYLED_ITEM ( 'NONE', ( #987 ), #898 ) ;
#1216 = CARTESIAN_POINT ( 'NONE',  ( 0.1499999999999999900, 0.09499999999999998700, 0.03999999999999996600 ) ) ;
#1217 = CARTESIAN_POINT ( 'NONE',  ( -0.1066862915010152600, 0.09499999999999998700, 0.07199999999999998100 ) ) ;
#1218 = COLOUR_RGB ( '',1.000000000000000000, 1.000000000000000000, 1.000000000000000000 ) ;
#1219 = FILL_AREA_STYLE_COLOUR ( '', #1905 ) ;
#1220 = UNCERTAINTY_MEASURE_WITH_UNIT (LENGTH_MEASURE( 1.000000000000000100E-005 ), #911, 'distance_accuracy_value', 'NONE');
#1221 = DIRECTION ( 'NONE',  ( -0.0000000000000000000, -1.000000000000000000, 0.0000000000000000000 ) ) ;
#1222 = PRESENTATION_STYLE_ASSIGNMENT (( #1538 ) ) ;
#1223 = ADVANCED_FACE ( 'NONE', ( #2 ), #2010, .F. ) ;
#1224 = CARTESIAN_POINT ( 'NONE',  ( -0.1066862915010152600, 0.09499999999999998700, 0.07199999999999998100 ) ) ;
#1225 = ORIENTED_EDGE ( 'NONE', *, *, #2122, .T. ) ;
#1226 = COLOUR_RGB ( '',1.000000000000000000, 1.000000000000000000, 1.000000000000000000 ) ;
#1227 = ORIENTED_EDGE ( 'NONE', *, *, #1883, .F. ) ;
#1228 = VECTOR ( 'NONE', #2361, 39.37007874015748100 ) ;
#1229 = DIRECTION ( 'NONE',  ( 0.0000000000000000000, 1.658841843374795400E-016, -1.000000000000000000 ) ) ;
#1230 =( NAMED_UNIT ( * ) PLANE_ANGLE_UNIT ( ) SI_UNIT ( $, .RADIAN. ) );
#1231 = LENGTH_MEASURE_WITH_UNIT ( LENGTH_MEASURE( 0.02539999999999999900 ), #805 );
#1232 = SURFACE_STYLE_USAGE ( .BOTH. , #1254 ) ;
#1233 = CARTESIAN_POINT ( 'NONE',  ( -0.07500000000000002500, 0.04945669291338579400, -0.04499999999999998400 ) ) ;
#1234 = ORIENTED_EDGE ( 'NONE', *, *, #1993, .T. ) ;
#1235 = UNCERTAINTY_MEASURE_WITH_UNIT (LENGTH_MEASURE( 1.000000000000000100E-005 ), #1805, 'distance_accuracy_value', 'NONE');
#1236 =( NAMED_UNIT ( * ) PLANE_ANGLE_UNIT ( ) SI_UNIT ( $, .RADIAN. ) );
#1237 = ORIENTED_EDGE ( 'NONE', *, *, #2009, .F. ) ;
#1238 = COLOUR_RGB ( '',0.5019607843137254800, 0.5019607843137254800, 0.5019607843137254800 ) ;
#1239 = DIRECTION ( 'NONE',  ( 1.000000000000000000, 0.0000000000000000000, -0.0000000000000000000 ) ) ;
#1240 = SURFACE_SIDE_STYLE ('',( #1550 ) ) ;
#1241 = DIRECTION ( 'NONE',  ( 1.000000000000000000, -1.005179966899056700E-012, 0.0000000000000000000 ) ) ;
#1242 = EDGE_CURVE ( 'NONE', #2505, #1872, #1016, .T. ) ;
#1243 =( NAMED_UNIT ( * ) PLANE_ANGLE_UNIT ( ) SI_UNIT ( $, .RADIAN. ) );
#1244 = SURFACE_SIDE_STYLE ('',( #1555 ) ) ;
#1245 = VERTEX_POINT ( 'NONE', #1722 ) ;
#1246 = FILL_AREA_STYLE_COLOUR ( '', #2364 ) ;
#1247 = LENGTH_MEASURE_WITH_UNIT ( LENGTH_MEASURE( 0.02539999999999999900 ), #915 );
#1248 = SURFACE_SIDE_STYLE ('',( #1558 ) ) ;
#1249 = EDGE_LOOP ( 'NONE', ( #2433, #72, #736, #258 ) ) ;
#1250 = DIRECTION ( 'NONE',  ( 1.000000000000000000, -0.0000000000000000000, -0.0000000000000000000 ) ) ;
#1251 = LINE ( 'NONE', #935, #393 ) ;
#1252 = EDGE_LOOP ( 'NONE', ( #2029, #784, #1025, #1717 ) ) ;
#1253 = PRESENTATION_LAYER_ASSIGNMENT (  '', '', ( #2473 ) ) ;
#1254 = SURFACE_SIDE_STYLE ('',( #1318 ) ) ;
#1255 = CARTESIAN_POINT ( 'NONE',  ( -0.08499999999994620200, -0.01077952755905518500, -0.08267716354330711900 ) ) ;
#1256 = ORIENTED_EDGE ( 'NONE', *, *, #2407, .T. ) ;
#1257 = VECTOR ( 'NONE', #2032, 39.37007874015748100 ) ;
#1258 = CARTESIAN_POINT ( 'NONE',  ( 0.03599999999994620700, 0.04945669291338577300, -0.008000000000000027900 ) ) ;
#1259 = PLANE ( 'NONE',  #461 ) ;
#1260 = ORIENTED_EDGE ( 'NONE', *, *, #403, .T. ) ;
#1261 = UNCERTAINTY_MEASURE_WITH_UNIT (LENGTH_MEASURE( 1.000000000000000100E-005 ), #1577, 'distance_accuracy_value', 'NONE');
#1262 = SURFACE_SIDE_STYLE ('',( #481 ) ) ;
#1263 = EDGE_LOOP ( 'NONE', ( #2929, #2368, #232, #872 ) ) ;
#1264 = SURFACE_STYLE_USAGE ( .BOTH. , #616 ) ;
#1265 = DIRECTION ( 'NONE',  ( 1.000000000000000000, -0.0000000000000000000, -0.0000000000000000000 ) ) ;
#1266 = VERTEX_POINT ( 'NONE', #2842 ) ;
#1267 = FACE_OUTER_BOUND ( 'NONE', #2800, .T. ) ;
#1268 =( CONVERSION_BASED_UNIT ( 'INCH', #593 ) LENGTH_UNIT ( ) NAMED_UNIT ( #378 ) );
#1269 = ORIENTED_EDGE ( 'NONE', *, *, #2501, .F. ) ;
#1270 = UNCERTAINTY_MEASURE_WITH_UNIT (LENGTH_MEASURE( 1.000000000000000100E-005 ), #41, 'distance_accuracy_value', 'NONE');
#1271 = DIRECTION ( 'NONE',  ( 0.0000000000000000000, 0.0000000000000000000, -1.000000000000000000 ) ) ;
#1272 = MECHANICAL_DESIGN_GEOMETRIC_PRESENTATION_REPRESENTATION (  '', ( #1026 ), #1309 ) ;
#1273 =( LENGTH_UNIT ( ) NAMED_UNIT ( * ) SI_UNIT ( $, .METRE. ) );
#1274 = FACE_BOUND ( 'NONE', #838, .T. ) ;
#1275 = ORIENTED_EDGE ( 'NONE', *, *, #880, .F. ) ;
#1276 = CARTESIAN_POINT ( 'NONE',  ( 0.06499999999994621200, -0.004874015748031564400, -0.07624419269206486600 ) ) ;
#1277 = ORIENTED_EDGE ( 'NONE', *, *, #238, .F. ) ;
#1278 = VERTEX_POINT ( 'NONE', #45 ) ;
#1279 = DIRECTION ( 'NONE',  ( -1.005119190492443200E-012, -1.000000000000000000, -0.0000000000000000000 ) ) ;
#1280 = FILL_AREA_STYLE ('',( #1593 ) ) ;
#1281 = ORIENTED_EDGE ( 'NONE', *, *, #1928, .T. ) ;
#1282 = PRESENTATION_STYLE_ASSIGNMENT (( #1597 ) ) ;
#1283 = UNCERTAINTY_MEASURE_WITH_UNIT (LENGTH_MEASURE( 1.000000000000000100E-005 ), #901, 'distance_accuracy_value', 'NONE');
#1284 = DIRECTION ( 'NONE',  ( 1.000000000000000000, -0.0000000000000000000, 0.0000000000000000000 ) ) ;
#1285 = VERTEX_POINT ( 'NONE', #775 ) ;
#1286 = ORIENTED_EDGE ( 'NONE', *, *, #2617, .F. ) ;
#1287 = FACE_OUTER_BOUND ( 'NONE', #598, .T. ) ;
#1288 = VECTOR ( 'NONE', #2777, 39.37007874015748100 ) ;
#1289 = DIRECTION ( 'NONE',  ( 0.0000000000000000000, 0.0000000000000000000, 1.000000000000000000 ) ) ;
#1290 = EDGE_LOOP ( 'NONE', ( #588, #3029, #1275, #643 ) ) ;
#1291 = CARTESIAN_POINT ( 'NONE',  ( 0.0000000000000000000, -0.005661420000000000300, 0.0000000000000000000 ) ) ;
#1292 =( CONVERSION_BASED_UNIT ( 'INCH', #1802 ) LENGTH_UNIT ( ) NAMED_UNIT ( #1579 ) );
#1293 = CARTESIAN_POINT ( 'NONE',  ( 0.07500000000000006700, 0.06914173228346451300, -0.008000000000000033100 ) ) ;
#1294 = ORIENTED_EDGE ( 'NONE', *, *, #1633, .F. ) ;
#1295 = ORIENTED_EDGE ( 'NONE', *, *, #79, .F. ) ;
#1296 = PRESENTATION_LAYER_ASSIGNMENT (  '', '', ( #1128 ) ) ;
#1297 = FACE_OUTER_BOUND ( 'NONE', #1063, .T. ) ;
#1298 = FILL_AREA_STYLE_COLOUR ( '', #2892 ) ;
#1299 = EDGE_LOOP ( 'NONE', ( #1542, #280, #464, #514 ) ) ;
#1300 = FILL_AREA_STYLE_COLOUR ( '', #1681 ) ;
#1301 = CARTESIAN_POINT ( 'NONE',  ( 0.03576040370075946700, -0.003171666709515250900, 0.04763780529537742200 ) ) ;
#1302 = VERTEX_POINT ( 'NONE', #1551 ) ;
#1303 = LENGTH_MEASURE_WITH_UNIT ( LENGTH_MEASURE( 0.02539999999999999900 ), #2160 );
#1304 = LENGTH_MEASURE_WITH_UNIT ( LENGTH_MEASURE( 0.02539999999999999900 ), #1273 );
#1305 = SURFACE_STYLE_FILL_AREA ( #2450 ) ;
#1306 = SURFACE_STYLE_USAGE ( .BOTH. , #1624 ) ;
#1307 = CARTESIAN_POINT ( 'NONE',  ( 0.08299999999994621400, -0.004874015748031564400, 0.07624419269206488000 ) ) ;
#1308 =( NAMED_UNIT ( * ) SI_UNIT ( $, .STERADIAN. ) SOLID_ANGLE_UNIT ( ) );
#1309 =( GEOMETRIC_REPRESENTATION_CONTEXT ( 3 ) GLOBAL_UNCERTAINTY_ASSIGNED_CONTEXT ( ( #521 ) ) GLOBAL_UNIT_ASSIGNED_CONTEXT ( ( #465, #1493, #193 ) ) REPRESENTATION_CONTEXT ( 'NONE', 'WORKASPACE' ) );
#1310 = LINE ( 'NONE', #1004, #344 ) ;
#1311 = CARTESIAN_POINT ( 'NONE',  ( -0.03599999999994620700, 0.04945669291338577300, -0.008000000000000036600 ) ) ;
#1312 = EDGE_LOOP ( 'NONE', ( #2867, #907, #663, #333 ) ) ;
#1313 =( GEOMETRIC_REPRESENTATION_CONTEXT ( 3 ) GLOBAL_UNCERTAINTY_ASSIGNED_CONTEXT ( ( #1938 ) ) GLOBAL_UNIT_ASSIGNED_CONTEXT ( ( #705, #2866, #1907 ) ) REPRESENTATION_CONTEXT ( 'NONE', 'WORKASPACE' ) );
#1314 = LINE ( 'NONE', #3088, #2239 ) ;
#1315 = DIRECTION ( 'NONE',  ( -0.0000000000000000000, -1.000000000000000000, 0.0000000000000000000 ) ) ;
#1316 = EDGE_LOOP ( 'NONE', ( #1015, #946 ) ) ;
#1317 = ADVANCED_FACE ( 'NONE', ( #320 ), #2431, .T. ) ;
#1318 = SURFACE_STYLE_FILL_AREA ( #1321 ) ;
#1319 = VERTEX_POINT ( 'NONE', #2237 ) ;
#1320 =( CONVERSION_BASED_UNIT ( 'INCH', #2554 ) LENGTH_UNIT ( ) NAMED_UNIT ( #2518 ) );
#1321 = FILL_AREA_STYLE ('',( #1335 ) ) ;
#1322 =( CONVERSION_BASED_UNIT ( 'INCH', #1585 ) LENGTH_UNIT ( ) NAMED_UNIT ( #1426 ) );
#1323 = AXIS2_PLACEMENT_3D ( 'NONE', #2900, #2589, #2251 ) ;
#1324 = EDGE_CURVE ( 'NONE', #912, #1285, #2186, .T. ) ;
#1325 = CARTESIAN_POINT ( 'NONE',  ( 0.08299999999994621400, -0.01077952755905518500, 0.08267716354330711900 ) ) ;
#1326 = PRESENTATION_STYLE_ASSIGNMENT (( #1415 ) ) ;
#1327 = FILL_AREA_STYLE ('',( #1654 ) ) ;
#1328 =( GEOMETRIC_REPRESENTATION_CONTEXT ( 3 ) GLOBAL_UNCERTAINTY_ASSIGNED_CONTEXT ( ( #2688 ) ) GLOBAL_UNIT_ASSIGNED_CONTEXT ( ( #1199, #219, #2398 ) ) REPRESENTATION_CONTEXT ( 'NONE', 'WORKASPACE' ) );
#1329 = CARTESIAN_POINT ( 'NONE',  ( -0.1499999999999999900, 0.0000000000000000000, -0.06661108072031024500 ) ) ;
#1330 = DIRECTION ( 'NONE',  ( 0.0000000000000000000, -1.000000000000000000, 0.0000000000000000000 ) ) ;
#1331 = ORIENTED_EDGE ( 'NONE', *, *, #2125, .T. ) ;
#1332 = FILL_AREA_STYLE ('',( #1501 ) ) ;
#1333 = FACE_BOUND ( 'NONE', #1484, .T. ) ;
#1334 = STYLED_ITEM ( 'NONE', ( #998 ), #1869 ) ;
#1335 = FILL_AREA_STYLE_COLOUR ( '', #471 ) ;
#1336 =( LENGTH_UNIT ( ) NAMED_UNIT ( * ) SI_UNIT ( $, .METRE. ) );
#1337 = DIRECTION ( 'NONE',  ( -1.005119190492443200E-012, 1.000000000000000000, 0.0000000000000000000 ) ) ;
#1338 = DIRECTION ( 'NONE',  ( 1.000000000000000000, -1.005179966898570600E-012, 0.0000000000000000000 ) ) ;
#1339 = FILL_AREA_STYLE_COLOUR ( '', #1408 ) ;
#1340 = MECHANICAL_DESIGN_GEOMETRIC_PRESENTATION_REPRESENTATION (  '', ( #647 ), #889 ) ;
#1341 = EDGE_CURVE ( 'NONE', #185, #315, #1950, .T. ) ;
#1342 = LENGTH_MEASURE_WITH_UNIT ( LENGTH_MEASURE( 0.02539999999999999900 ), #3081 );
#1343 = DIRECTION ( 'NONE',  ( 0.0000000000000000000, 0.0000000000000000000, 1.000000000000000000 ) ) ;
#1344 = DIRECTION ( 'NONE',  ( 0.0000000000000000000, 0.0000000000000000000, 1.000000000000000000 ) ) ;
#1345 = ORIENTED_EDGE ( 'NONE', *, *, #1773, .F. ) ;
#1346 =( GEOMETRIC_REPRESENTATION_CONTEXT ( 3 ) GLOBAL_UNCERTAINTY_ASSIGNED_CONTEXT ( ( #206 ) ) GLOBAL_UNIT_ASSIGNED_CONTEXT ( ( #900, #1813, #356 ) ) REPRESENTATION_CONTEXT ( 'NONE', 'WORKASPACE' ) );
#1347 = SURFACE_STYLE_FILL_AREA ( #1680 ) ;
#1348 = VERTEX_POINT ( 'NONE', #1778 ) ;
#1349 = FACE_OUTER_BOUND ( 'NONE', #1290, .T. ) ;
#1350 = CARTESIAN_POINT ( 'NONE',  ( -0.06699999999994620000, 0.0000000000000000000, 0.0000000000000000000 ) ) ;
#1351 = ORIENTED_EDGE ( 'NONE', *, *, #2664, .T. ) ;
#1352 = LENGTH_MEASURE_WITH_UNIT ( LENGTH_MEASURE( 0.02539999999999999900 ), #1124 );
#1353 = PRESENTATION_LAYER_ASSIGNMENT (  '', '', ( #1712 ) ) ;
#1354 = CARTESIAN_POINT ( 'NONE',  ( 0.02000000000000002500, 0.1029999999999999900, -0.008000000000000033100 ) ) ;
#1355 =( CONVERSION_BASED_UNIT ( 'INCH', #551 ) LENGTH_UNIT ( ) NAMED_UNIT ( #374 ) );
#1356 = EDGE_CURVE ( 'NONE', #1448, #1947, #1973, .T. ) ;
#1357 = VECTOR ( 'NONE', #916, 39.37007874015748900 ) ;
#1358 = DIMENSIONAL_EXPONENTS ( 1.000000000000000000, 0.0000000000000000000, 0.0000000000000000000, 0.0000000000000000000, 0.0000000000000000000, 0.0000000000000000000, 0.0000000000000000000 ) ;
#1359 = DIRECTION ( 'NONE',  ( 0.0000000000000000000, 0.0000000000000000000, 1.000000000000000000 ) ) ;
#1360 = DIMENSIONAL_EXPONENTS ( 1.000000000000000000, 0.0000000000000000000, 0.0000000000000000000, 0.0000000000000000000, 0.0000000000000000000, 0.0000000000000000000, 0.0000000000000000000 ) ;
#1361 = EDGE_CURVE ( 'NONE', #2659, #1685, #1915, .T. ) ;
#1362 = DIMENSIONAL_EXPONENTS ( 1.000000000000000000, 0.0000000000000000000, 0.0000000000000000000, 0.0000000000000000000, 0.0000000000000000000, 0.0000000000000000000, 0.0000000000000000000 ) ;
#1363 = ADVANCED_FACE ( 'NONE', ( #1704 ), #1131, .F. ) ;
#1364 =( NAMED_UNIT ( * ) SI_UNIT ( $, .STERADIAN. ) SOLID_ANGLE_UNIT ( ) );
#1365 = DIMENSIONAL_EXPONENTS ( 1.000000000000000000, 0.0000000000000000000, 0.0000000000000000000, 0.0000000000000000000, 0.0000000000000000000, 0.0000000000000000000, 0.0000000000000000000 ) ;
#1366 = DIRECTION ( 'NONE',  ( 1.000000000000000000, 0.0000000000000000000, 0.0000000000000000000 ) ) ;
#1367 =( NAMED_UNIT ( * ) SI_UNIT ( $, .STERADIAN. ) SOLID_ANGLE_UNIT ( ) );
#1368 = ORIENTED_EDGE ( 'NONE', *, *, #1379, .F. ) ;
#1369 = ADVANCED_FACE ( 'NONE', ( #1297 ), #1418, .T. ) ;
#1370 = VECTOR ( 'NONE', #2079, 39.37007874015748100 ) ;
#1371 = CARTESIAN_POINT ( 'NONE',  ( -0.08299999999994621400, -0.01077952755905518500, 0.08267716354330711900 ) ) ;
#1372 = DIRECTION ( 'NONE',  ( -0.0000000000000000000, -1.000000000000000000, -0.0000000000000000000 ) ) ;
#1373 = EDGE_CURVE ( 'NONE', #762, #315, #200, .T. ) ;
#1374 =( GEOMETRIC_REPRESENTATION_CONTEXT ( 3 ) GLOBAL_UNCERTAINTY_ASSIGNED_CONTEXT ( ( #2732 ) ) GLOBAL_UNIT_ASSIGNED_CONTEXT ( ( #2982, #2974, #848 ) ) REPRESENTATION_CONTEXT ( 'NONE', 'WORKASPACE' ) );
#1375 = EDGE_CURVE ( 'NONE', #574, #1742, #134, .T. ) ;
#1376 = LINE ( 'NONE', #1071, #101 ) ;
#1377 = EDGE_CURVE ( 'NONE', #1319, #292, #2383, .T. ) ;
#1378 = CARTESIAN_POINT ( 'NONE',  ( 0.1099999999999999300, 0.0000000000000000000, 0.07999999999999998800 ) ) ;
#1379 = EDGE_CURVE ( 'NONE', #614, #120, #1975, .T. ) ;
#1380 =( NAMED_UNIT ( * ) PLANE_ANGLE_UNIT ( ) SI_UNIT ( $, .RADIAN. ) );
#1381 = PRESENTATION_STYLE_ASSIGNMENT (( #1716 ) ) ;
#1382 = ORIENTED_EDGE ( 'NONE', *, *, #2814, .T. ) ;
#1383 = ADVANCED_FACE ( 'NONE', ( #2759 ), #1014, .T. ) ;
#1384 = DIMENSIONAL_EXPONENTS ( 1.000000000000000000, 0.0000000000000000000, 0.0000000000000000000, 0.0000000000000000000, 0.0000000000000000000, 0.0000000000000000000, 0.0000000000000000000 ) ;
#1385 =( LENGTH_UNIT ( ) NAMED_UNIT ( * ) SI_UNIT ( $, .METRE. ) );
#1386 = DIRECTION ( 'NONE',  ( -1.000000000000000000, -1.005179966899056700E-012, 0.0000000000000000000 ) ) ;
#1387 = FILL_AREA_STYLE ('',( #2048 ) ) ;
#1388 = EDGE_LOOP ( 'NONE', ( #790, #1817, #964, #2854, #1674 ) ) ;
#1389 = VERTEX_POINT ( 'NONE', #2058 ) ;
#1390 = DIRECTION ( 'NONE',  ( 0.0000000000000000000, 0.0000000000000000000, 1.000000000000000000 ) ) ;
#1391 = DIMENSIONAL_EXPONENTS ( 1.000000000000000000, 0.0000000000000000000, 0.0000000000000000000, 0.0000000000000000000, 0.0000000000000000000, 0.0000000000000000000, 0.0000000000000000000 ) ;
#1392 = ORIENTED_EDGE ( 'NONE', *, *, #2367, .F. ) ;
#1393 = DIRECTION ( 'NONE',  ( -1.000000000000000000, 0.0000000000000000000, -0.0000000000000000000 ) ) ;
#1394 = VERTEX_POINT ( 'NONE', #1258 ) ;
#1395 = ADVANCED_FACE ( 'NONE', ( #771 ), #1112, .F. ) ;
#1396 = CARTESIAN_POINT ( 'NONE',  ( 0.08499999999994620200, 0.009999999999999984600, -0.06083757802841399000 ) ) ;
#1397 = ORIENTED_EDGE ( 'NONE', *, *, #2003, .T. ) ;
#1398 = AXIS2_PLACEMENT_3D ( 'NONE', #2174, #1852, #1535 ) ;
#1399 = DIRECTION ( 'NONE',  ( -1.000000000000000000, -0.0000000000000000000, -0.0000000000000000000 ) ) ;
#1400 = CARTESIAN_POINT ( 'NONE',  ( -0.06499999999994621200, -0.01077952755905518500, -0.08267716354330711900 ) ) ;
#1401 = CIRCLE ( 'NONE', #1784, 0.007999999999999998400 ) ;
#1402 = DIRECTION ( 'NONE',  ( -1.005119190492443200E-012, -1.000000000000000000, -0.0000000000000000000 ) ) ;
#1403 = AXIS2_PLACEMENT_3D ( 'NONE', #1695, #2104, #1882 ) ;
#1404 = PRESENTATION_LAYER_ASSIGNMENT (  '', '', ( #695 ) ) ;
#1405 = ORIENTED_EDGE ( 'NONE', *, *, #1491, .F. ) ;
#1406 = PLANE ( 'NONE',  #2428 ) ;
#1407 = LENGTH_MEASURE_WITH_UNIT ( LENGTH_MEASURE( 0.02539999999999999900 ), #1410 );
#1408 = COLOUR_RGB ( '',1.000000000000000000, 1.000000000000000000, 1.000000000000000000 ) ;
#1409 = DIMENSIONAL_EXPONENTS ( 1.000000000000000000, 0.0000000000000000000, 0.0000000000000000000, 0.0000000000000000000, 0.0000000000000000000, 0.0000000000000000000, 0.0000000000000000000 ) ;
#1410 =( LENGTH_UNIT ( ) NAMED_UNIT ( * ) SI_UNIT ( $, .METRE. ) );
#1411 = VECTOR ( 'NONE', #128, 39.37007874015748100 ) ;
#1412 = VERTEX_POINT ( 'NONE', #183 ) ;
#1413 = CARTESIAN_POINT ( 'NONE',  ( 0.1140576688182389400, 0.0002997164227307511200, 0.04745587781437579600 ) ) ;
#1414 = DIMENSIONAL_EXPONENTS ( 1.000000000000000000, 0.0000000000000000000, 0.0000000000000000000, 0.0000000000000000000, 0.0000000000000000000, 0.0000000000000000000, 0.0000000000000000000 ) ;
#1415 = SURFACE_STYLE_USAGE ( .BOTH. , #1433 ) ;
#1416 = DIMENSIONAL_EXPONENTS ( 1.000000000000000000, 0.0000000000000000000, 0.0000000000000000000, 0.0000000000000000000, 0.0000000000000000000, 0.0000000000000000000, 0.0000000000000000000 ) ;
#1417 = UNCERTAINTY_MEASURE_WITH_UNIT (LENGTH_MEASURE( 1.000000000000000100E-005 ), #2175, 'distance_accuracy_value', 'NONE');
#1418 = CONICAL_SURFACE ( 'NONE', #2107, 0.03699999999999995000, 0.2315147883335658100 ) ;
#1419 = DIRECTION ( 'NONE',  ( 2.134256245050205000E-016, -0.0000000000000000000, -1.000000000000000000 ) ) ;
#1420 = DIMENSIONAL_EXPONENTS ( 1.000000000000000000, 0.0000000000000000000, 0.0000000000000000000, 0.0000000000000000000, 0.0000000000000000000, 0.0000000000000000000, 0.0000000000000000000 ) ;
#1421 = DIMENSIONAL_EXPONENTS ( 1.000000000000000000, 0.0000000000000000000, 0.0000000000000000000, 0.0000000000000000000, 0.0000000000000000000, 0.0000000000000000000, 0.0000000000000000000 ) ;
#1422 = SURFACE_SIDE_STYLE ('',( #1754 ) ) ;
#1423 = DIMENSIONAL_EXPONENTS ( 1.000000000000000000, 0.0000000000000000000, 0.0000000000000000000, 0.0000000000000000000, 0.0000000000000000000, 0.0000000000000000000, 0.0000000000000000000 ) ;
#1424 = DIRECTION ( 'NONE',  ( 0.0000000000000000000, 1.000000000000000000, 0.0000000000000000000 ) ) ;
#1425 = CIRCLE ( 'NONE', #1745, 0.04000000000000000100 ) ;
#1426 = DIMENSIONAL_EXPONENTS ( 1.000000000000000000, 0.0000000000000000000, 0.0000000000000000000, 0.0000000000000000000, 0.0000000000000000000, 0.0000000000000000000, 0.0000000000000000000 ) ;
#1427 = DIRECTION ( 'NONE',  ( 0.0000000000000000000, 0.8660254037844380400, 0.5000000000000007800 ) ) ;
#1428 = CARTESIAN_POINT ( 'NONE',  ( 0.07500000000000006700, 0.06914173228346451300, -0.008000000000000033100 ) ) ;
#1429 = AXIS2_PLACEMENT_3D ( 'NONE', #2790, #1221, #1708 ) ;
#1430 = DIRECTION ( 'NONE',  ( 0.0000000000000000000, 0.8660254037844380400, 0.5000000000000007800 ) ) ;
#1431 = FILL_AREA_STYLE ('',( #1763 ) ) ;
#1432 = AXIS2_PLACEMENT_3D ( 'NONE', #2529, #2056, #2774 ) ;
#1433 = SURFACE_SIDE_STYLE ('',( #1453 ) ) ;
#1434 = VECTOR ( 'NONE', #2836, 39.37007874015748100 ) ;
#1435 = COLOUR_RGB ( '',1.000000000000000000, 1.000000000000000000, 1.000000000000000000 ) ;
#1436 = DIMENSIONAL_EXPONENTS ( 1.000000000000000000, 0.0000000000000000000, 0.0000000000000000000, 0.0000000000000000000, 0.0000000000000000000, 0.0000000000000000000, 0.0000000000000000000 ) ;
#1437 = MECHANICAL_DESIGN_GEOMETRIC_PRESENTATION_REPRESENTATION (  '', ( #2118 ), #1719 ) ;
#1438 = DIRECTION ( 'NONE',  ( 0.0000000000000000000, 0.0000000000000000000, -1.000000000000000000 ) ) ;
#1439 = STYLED_ITEM ( 'NONE', ( #2633 ), #2128 ) ;
#1440 = UNCERTAINTY_MEASURE_WITH_UNIT (LENGTH_MEASURE( 1.000000000000000100E-005 ), #1322, 'distance_accuracy_value', 'NONE');
#1441 = LINE ( 'NONE', #2837, #2591 ) ;
#1442 = DIRECTION ( 'NONE',  ( -0.0000000000000000000, 1.000000000000000000, 0.0000000000000000000 ) ) ;
#1443 = CIRCLE ( 'NONE', #2509, 0.007999999999999995000 ) ;
#1444 = EDGE_LOOP ( 'NONE', ( #2708, #1492, #1737, #2403, #1162, #34 ) ) ;
#1445 = FACE_OUTER_BOUND ( 'NONE', #1522, .T. ) ;
#1446 = EDGE_CURVE ( 'NONE', #774, #1174, #1663, .T. ) ;
#1447 = DIRECTION ( 'NONE',  ( 0.0000000000000000000, -1.658841843374795100E-016, 1.000000000000000000 ) ) ;
#1448 = VERTEX_POINT ( 'NONE', #1192 ) ;
#1449 = FACE_BOUND ( 'NONE', #1316, .T. ) ;
#1450 = CARTESIAN_POINT ( 'NONE',  ( -0.08299999999994621400, -0.004874015748031564400, 0.07624419269206488000 ) ) ;
#1451 = COLOUR_RGB ( '',1.000000000000000000, 1.000000000000000000, 1.000000000000000000 ) ;
#1452 = VECTOR ( 'NONE', #1797, 39.37007874015748100 ) ;
#1453 = SURFACE_STYLE_FILL_AREA ( #1476 ) ;
#1454 = FILL_AREA_STYLE_COLOUR ( '', #1173 ) ;
#1455 =( NAMED_UNIT ( * ) PLANE_ANGLE_UNIT ( ) SI_UNIT ( $, .RADIAN. ) );
#1456 = EDGE_CURVE ( 'NONE', #3007, #544, #1675, .T. ) ;
#1457 = PRESENTATION_STYLE_ASSIGNMENT (( #1789 ) ) ;
#1458 = EDGE_LOOP ( 'NONE', ( #2060, #1648, #115, #601 ) ) ;
#1459 = AXIS2_PLACEMENT_3D ( 'NONE', #2716, #2371, #2065 ) ;
#1460 = CIRCLE ( 'NONE', #1398, 0.03149606299212599800 ) ;
#1461 = VERTEX_POINT ( 'NONE', #595 ) ;
#1462 = AXIS2_PLACEMENT_3D ( 'NONE', #2965, #2667, #2313 ) ;
#1463 = CARTESIAN_POINT ( 'NONE',  ( 0.1499999999999999900, 0.09499999999999998700, 0.03999999999999996600 ) ) ;
#1464 = DIRECTION ( 'NONE',  ( 1.000000000000000000, 1.005179966898570600E-012, 0.0000000000000000000 ) ) ;
#1465 = ORIENTED_EDGE ( 'NONE', *, *, #2249, .F. ) ;
#1466 = PRESENTATION_STYLE_ASSIGNMENT (( #1470 ) ) ;
#1467 = DIRECTION ( 'NONE',  ( 1.005119190492443200E-012, -1.000000000000000000, -0.0000000000000000000 ) ) ;
#1468 = DIRECTION ( 'NONE',  ( 1.000000000000000000, 0.0000000000000000000, -1.016439536705159900E-016 ) ) ;
#1469 = ORIENTED_EDGE ( 'NONE', *, *, #2053, .F. ) ;
#1470 = SURFACE_STYLE_USAGE ( .BOTH. , #1486 ) ;
#1471 = VECTOR ( 'NONE', #2818, 39.37007874015748100 ) ;
#1472 = EDGE_CURVE ( 'NONE', #1140, #840, #1190, .T. ) ;
#1473 = LINE ( 'NONE', #2278, #3033 ) ;
#1474 = ORIENTED_EDGE ( 'NONE', *, *, #2334, .F. ) ;
#1475 = FACE_OUTER_BOUND ( 'NONE', #1012, .T. ) ;
#1476 = FILL_AREA_STYLE ('',( #1552 ) ) ;
#1477 = STYLED_ITEM ( 'NONE', ( #1748 ), #2596 ) ;
#1478 = EDGE_LOOP ( 'NONE', ( #572, #2240, #543, #2623, #487, #266 ) ) ;
#1479 =( GEOMETRIC_REPRESENTATION_CONTEXT ( 3 ) GLOBAL_UNCERTAINTY_ASSIGNED_CONTEXT ( ( #2349 ) ) GLOBAL_UNIT_ASSIGNED_CONTEXT ( ( #1801, #853, #2996 ) ) REPRESENTATION_CONTEXT ( 'NONE', 'WORKASPACE' ) );
#1480 = CARTESIAN_POINT ( 'NONE',  ( -0.1419999999999999900, 0.09499999999999998700, 0.03668629150101514200 ) ) ;
#1481 = DIRECTION ( 'NONE',  ( 0.0000000000000000000, -1.000000000000000000, 0.0000000000000000000 ) ) ;
#1482 = ADVANCED_FACE ( 'NONE', ( #851 ), #459, .T. ) ;
#1483 = CARTESIAN_POINT ( 'NONE',  ( 0.08299999999994621400, -0.004874015748031563500, 0.08267716354330711900 ) ) ;
#1484 = EDGE_LOOP ( 'NONE', ( #307, #2499, #2947, #2507 ) ) ;
#1485 =( GEOMETRIC_REPRESENTATION_CONTEXT ( 3 ) GLOBAL_UNCERTAINTY_ASSIGNED_CONTEXT ( ( #745 ) ) GLOBAL_UNIT_ASSIGNED_CONTEXT ( ( #2008, #1045, #68 ) ) REPRESENTATION_CONTEXT ( 'NONE', 'WORKASPACE' ) );
#1486 = SURFACE_SIDE_STYLE ('',( #1509 ) ) ;
#1487 = FILL_AREA_STYLE_COLOUR ( '', #2875 ) ;
#1488 = CARTESIAN_POINT ( 'NONE',  ( -0.1499999999999999900, 0.0000000000000000000, -0.07343017838790436000 ) ) ;
#1489 = ORIENTED_EDGE ( 'NONE', *, *, #1136, .F. ) ;
#1490 = VECTOR ( 'NONE', #1738, 39.37007874015748100 ) ;
#1491 = EDGE_CURVE ( 'NONE', #1795, #2505, #485, .T. ) ;
#1492 = ORIENTED_EDGE ( 'NONE', *, *, #2709, .T. ) ;
#1493 =( NAMED_UNIT ( * ) PLANE_ANGLE_UNIT ( ) SI_UNIT ( $, .RADIAN. ) );
#1494 = LINE ( 'NONE', #1175, #2696 ) ;
#1495 = PRESENTATION_LAYER_ASSIGNMENT (  '', '', ( #2859 ) ) ;
#1496 = APPLICATION_CONTEXT ( 'automotive_design' ) ;
#1497 = DIRECTION ( 'NONE',  ( -1.000000000000000000, 0.0000000000000000000, 0.0000000000000000000 ) ) ;
#1498 = FACE_BOUND ( 'NONE', #1706, .T. ) ;
#1499 = SURFACE_STYLE_FILL_AREA ( #2720 ) ;
#1500 =( NAMED_UNIT ( * ) SI_UNIT ( $, .STERADIAN. ) SOLID_ANGLE_UNIT ( ) );
#1501 = FILL_AREA_STYLE_COLOUR ( '', #1878 ) ;
#1502 = SPHERICAL_SURFACE ( 'NONE', #1999, 0.03149606299212600500 ) ;
#1503 = DIRECTION ( 'NONE',  ( -1.000000000000000000, -0.0000000000000000000, -0.0000000000000000000 ) ) ;
#1504 = ORIENTED_EDGE ( 'NONE', *, *, #2992, .F. ) ;
#1505 =( GEOMETRIC_REPRESENTATION_CONTEXT ( 3 ) GLOBAL_UNCERTAINTY_ASSIGNED_CONTEXT ( ( #1994 ) ) GLOBAL_UNIT_ASSIGNED_CONTEXT ( ( #2534, #2454, #458 ) ) REPRESENTATION_CONTEXT ( 'NONE', 'WORKASPACE' ) );
#1506 = DIRECTION ( 'NONE',  ( -0.05226442768871403900, 0.9972646886342373400, 0.05226442768871403900 ) ) ;
#1507 = ORIENTED_EDGE ( 'NONE', *, *, #1341, .T. ) ;
#1508 = AXIS2_PLACEMENT_3D ( 'NONE', #2522, #361, #2579 ) ;
#1509 = SURFACE_STYLE_FILL_AREA ( #1582 ) ;
#1510 = CARTESIAN_POINT ( 'NONE',  ( 0.1099999999999999700, 0.0000000000000000000, -0.04000000000000003600 ) ) ;
#1511 = CARTESIAN_POINT ( 'NONE',  ( -0.07499999999994620700, 0.04945669291338577300, -0.008000000000000033100 ) ) ;
#1512 = DIRECTION ( 'NONE',  ( 1.000000000000000000, -0.0000000000000000000, -0.0000000000000000000 ) ) ;
#1513 = ORIENTED_EDGE ( 'NONE', *, *, #2233, .F. ) ;
#1514 = DIRECTION ( 'NONE',  ( 1.000000000000000000, 0.0000000000000000000, 1.138269997360109900E-016 ) ) ;
#1515 = CARTESIAN_POINT ( 'NONE',  ( -0.2043431457505075800, 0.1029999999999999900, -0.02565685424949263500 ) ) ;
#1516 = LENGTH_MEASURE_WITH_UNIT ( LENGTH_MEASURE( 0.02539999999999999900 ), #1039 );
#1517 = EDGE_CURVE ( 'NONE', #2954, #502, #666, .T. ) ;
#1518 = CARTESIAN_POINT ( 'NONE',  ( -0.1143700787401575000, -0.005661420000000000300, -0.04776828773629437200 ) ) ;
#1519 = UNCERTAINTY_MEASURE_WITH_UNIT (LENGTH_MEASURE( 1.000000000000000100E-005 ), #2021, 'distance_accuracy_value', 'NONE');
#1520 = CYLINDRICAL_SURFACE ( 'NONE', #1432, 0.008000000000000008800 ) ;
#1521 =( NAMED_UNIT ( * ) PLANE_ANGLE_UNIT ( ) SI_UNIT ( $, .RADIAN. ) );
#1522 = EDGE_LOOP ( 'NONE', ( #2908, #830, #1331, #130 ) ) ;
#1523 = DIRECTION ( 'NONE',  ( -0.7071067811865464600, 0.0000000000000000000, -0.7071067811865485700 ) ) ;
#1524 = VERTEX_POINT ( 'NONE', #1463 ) ;
#1525 = EDGE_CURVE ( 'NONE', #2873, #185, #375, .T. ) ;
#1526 = CARTESIAN_POINT ( 'NONE',  ( -0.08499999999994620200, -0.004874015748031563500, -0.08267716354330711900 ) ) ;
#1527 = AXIS2_PLACEMENT_3D ( 'NONE', #1728, #1393, #1085 ) ;
#1528 = CARTESIAN_POINT ( 'NONE',  ( -0.08499999999994620200, 0.009999999999999984600, -0.06083757802841399000 ) ) ;
#1529 = ORIENTED_EDGE ( 'NONE', *, *, #2737, .F. ) ;
#1530 = CARTESIAN_POINT ( 'NONE',  ( -0.06499999999994621200, -0.004874015748031563500, -0.08267716354330711900 ) ) ;
#1531 = SURFACE_STYLE_FILL_AREA ( #1848 ) ;
#1532 = ORIENTED_EDGE ( 'NONE', *, *, #1781, .F. ) ;
#1533 = ADVANCED_FACE ( 'NONE', ( #1475 ), #478, .T. ) ;
#1534 = CARTESIAN_POINT ( 'NONE',  ( -0.08499999999994620200, 0.0000000000000000000, 0.0000000000000000000 ) ) ;
#1535 = DIRECTION ( 'NONE',  ( -1.000000000000000000, 0.0000000000000000000, 1.016439536705160000E-016 ) ) ;
#1536 = CARTESIAN_POINT ( 'NONE',  ( 0.06699999999994620000, -0.01077952755905518500, 0.08267716354330711900 ) ) ;
#1537 = VERTEX_POINT ( 'NONE', #895 ) ;
#1538 = SURFACE_STYLE_USAGE ( .BOTH. , #1856 ) ;
#1539 = AXIS2_PLACEMENT_3D ( 'NONE', #2210, #2857, #1241 ) ;
#1540 = AXIS2_PLACEMENT_3D ( 'NONE', #1603, #1583, #1547 ) ;
#1541 = DIRECTION ( 'NONE',  ( -1.000000000000000000, 0.0000000000000000000, 0.0000000000000000000 ) ) ;
#1542 = ORIENTED_EDGE ( 'NONE', *, *, #2560, .T. ) ;
#1543 = DIRECTION ( 'NONE',  ( 0.0000000000000000000, -1.000000000000000000, -1.658841843374795400E-016 ) ) ;
#1544 = PRESENTATION_STYLE_ASSIGNMENT (( #3059 ) ) ;
#1545 = LINE ( 'NONE', #1233, #1357 ) ;
#1546 = LENGTH_MEASURE_WITH_UNIT ( LENGTH_MEASURE( 0.02539999999999999900 ), #2768 );
#1547 = DIRECTION ( 'NONE',  ( 0.0000000000000000000, 0.0000000000000000000, -1.000000000000000000 ) ) ;
#1548 = LINE ( 'NONE', #1925, #162 ) ;
#1549 = ORIENTED_EDGE ( 'NONE', *, *, #2814, .F. ) ;
#1550 = SURFACE_STYLE_FILL_AREA ( #1876 ) ;
#1551 = CARTESIAN_POINT ( 'NONE',  ( -0.1499999999999999900, 0.09499999999999998700, 0.03668629150101511400 ) ) ;
#1552 = FILL_AREA_STYLE_COLOUR ( '', #1660 ) ;
#1553 = AXIS2_PLACEMENT_3D ( 'NONE', #2061, #756, #1239 ) ;
#1554 = CARTESIAN_POINT ( 'NONE',  ( 0.1139999999999462000, 0.04945669291330736400, -0.008000000000000033100 ) ) ;
#1555 = SURFACE_STYLE_FILL_AREA ( #1879 ) ;
#1556 = EDGE_CURVE ( 'NONE', #622, #800, #3038, .T. ) ;
#1557 =( LENGTH_UNIT ( ) NAMED_UNIT ( * ) SI_UNIT ( $, .METRE. ) );
#1558 = SURFACE_STYLE_FILL_AREA ( #1881 ) ;
#1559 = VECTOR ( 'NONE', #620, 39.37007874015748100 ) ;
#1560 = CARTESIAN_POINT ( 'NONE',  ( -0.07500000000000002500, 0.07636857196568112800, -0.008000000000000033100 ) ) ;
#1561 = AXIS2_PLACEMENT_3D ( 'NONE', #1350, #1931, #2390 ) ;
#1562 = CARTESIAN_POINT ( 'NONE',  ( -0.1140000000000216700, 0.08699999999992175100, -0.008000000000000033100 ) ) ;
#1563 = EDGE_LOOP ( 'NONE', ( #852, #781, #300, #1749 ) ) ;
#1564 =( GEOMETRIC_REPRESENTATION_CONTEXT ( 3 ) GLOBAL_UNCERTAINTY_ASSIGNED_CONTEXT ( ( #735 ) ) GLOBAL_UNIT_ASSIGNED_CONTEXT ( ( #376, #2558, #1588 ) ) REPRESENTATION_CONTEXT ( 'NONE', 'WORKASPACE' ) );
#1565 = VECTOR ( 'NONE', #342, 39.37007874015748100 ) ;
#1566 = LINE ( 'NONE', #1255, #1808 ) ;
#1567 = ORIENTED_EDGE ( 'NONE', *, *, #2189, .F. ) ;
#1568 = FACE_OUTER_BOUND ( 'NONE', #823, .T. ) ;
#1569 = CARTESIAN_POINT ( 'NONE',  ( -0.03553259562151676200, -0.007518503808114055000, 0.04786561337462012100 ) ) ;
#1570 = ORIENTED_EDGE ( 'NONE', *, *, #1993, .F. ) ;
#1571 = ORIENTED_EDGE ( 'NONE', *, *, #931, .T. ) ;
#1572 = ORIENTED_EDGE ( 'NONE', *, *, #2632, .T. ) ;
#1573 = CARTESIAN_POINT ( 'NONE',  ( -0.08299999999994621400, -0.01077952755905518500, 0.08267716354330711900 ) ) ;
#1574 = DIRECTION ( 'NONE',  ( 1.000000000000000000, -1.005179966899543000E-012, 0.0000000000000000000 ) ) ;
#1575 = VECTOR ( 'NONE', #557, 39.37007874015748900 ) ;
#1576 = ORIENTED_EDGE ( 'NONE', *, *, #2991, .T. ) ;
#1577 =( CONVERSION_BASED_UNIT ( 'INCH', #1115 ) LENGTH_UNIT ( ) NAMED_UNIT ( #2489 ) );
#1578 = EDGE_CURVE ( 'NONE', #445, #1836, #1834, .T. ) ;
#1579 = DIMENSIONAL_EXPONENTS ( 1.000000000000000000, 0.0000000000000000000, 0.0000000000000000000, 0.0000000000000000000, 0.0000000000000000000, 0.0000000000000000000, 0.0000000000000000000 ) ;
#1580 = CARTESIAN_POINT ( 'NONE',  ( 0.03592662370963111600, 0.0000000000000000000, -0.04747158528650577400 ) ) ;
#1581 = AXIS2_PLACEMENT_3D ( 'NONE', #2086, #1770, #1438 ) ;
#1582 = FILL_AREA_STYLE ('',( #1587 ) ) ;
#1583 = DIRECTION ( 'NONE',  ( -0.0000000000000000000, 1.000000000000000000, 0.0000000000000000000 ) ) ;
#1584 = LINE ( 'NONE', #1276, #2918 ) ;
#1585 = LENGTH_MEASURE_WITH_UNIT ( LENGTH_MEASURE( 0.02539999999999999900 ), #2275 );
#1586 = ADVANCED_FACE ( 'NONE', ( #700 ), #793, .F. ) ;
#1587 = FILL_AREA_STYLE_COLOUR ( '', #713 ) ;
#1588 =( NAMED_UNIT ( * ) SI_UNIT ( $, .STERADIAN. ) SOLID_ANGLE_UNIT ( ) );
#1589 = ORIENTED_EDGE ( 'NONE', *, *, #2267, .T. ) ;
#1590 = DIRECTION ( 'NONE',  ( 1.000000000000000000, -1.005195886759646100E-012, 0.0000000000000000000 ) ) ;
#1591 = CARTESIAN_POINT ( 'NONE',  ( 0.03599999999992734000, 0.04945669291342497100, -0.008000000000000027900 ) ) ;
#1592 =( CONVERSION_BASED_UNIT ( 'INCH', #1659 ) LENGTH_UNIT ( ) NAMED_UNIT ( #2422 ) );
#1593 = FILL_AREA_STYLE_COLOUR ( '', #2426 ) ;
#1594 = VERTEX_POINT ( 'NONE', #1191 ) ;
#1595 = EDGE_CURVE ( 'NONE', #2873, #502, #1425, .T. ) ;
#1596 = STYLED_ITEM ( 'NONE', ( #2325 ), #35 ) ;
#1597 = SURFACE_STYLE_USAGE ( .BOTH. , #1924 ) ;
#1598 = ORIENTED_EDGE ( 'NONE', *, *, #2378, .T. ) ;
#1599 = CARTESIAN_POINT ( 'NONE',  ( -0.1499999999999999900, 0.0000000000000000000, 0.06661108072031027300 ) ) ;
#1600 = EDGE_CURVE ( 'NONE', #445, #185, #965, .T. ) ;
#1601 =( CONVERSION_BASED_UNIT ( 'INCH', #235 ) LENGTH_UNIT ( ) NAMED_UNIT ( #2464 ) );
#1602 = MECHANICAL_DESIGN_GEOMETRIC_PRESENTATION_REPRESENTATION (  '', ( #1712 ), #776 ) ;
#1603 = CARTESIAN_POINT ( 'NONE',  ( -0.07500000000000002500, 0.07636857196568112800, -0.008000000000000033100 ) ) ;
#1604 = CARTESIAN_POINT ( 'NONE',  ( 0.1142395962992405500, -0.003171666709515252200, -0.04763780529537742200 ) ) ;
#1605 = FACE_OUTER_BOUND ( 'NONE', #3063, .T. ) ;
#1606 = ORIENTED_EDGE ( 'NONE', *, *, #1456, .F. ) ;
#1607 = ADVANCED_FACE ( 'NONE', ( #1664 ), #1181, .F. ) ;
#1608 =( GEOMETRIC_REPRESENTATION_CONTEXT ( 3 ) GLOBAL_UNCERTAINTY_ASSIGNED_CONTEXT ( ( #1724 ) ) GLOBAL_UNIT_ASSIGNED_CONTEXT ( ( #1320, #1093, #866 ) ) REPRESENTATION_CONTEXT ( 'NONE', 'WORKASPACE' ) );
#1609 = DIRECTION ( 'NONE',  ( -1.005119190492443200E-012, -1.000000000000000000, -0.0000000000000000000 ) ) ;
#1610 = VERTEX_POINT ( 'NONE', #1617 ) ;
#1611 = DIRECTION ( 'NONE',  ( 0.0000000000000000000, -0.0000000000000000000, -1.000000000000000000 ) ) ;
#1612 = DIRECTION ( 'NONE',  ( -1.000000000000000000, -1.005179966898570600E-012, 0.0000000000000000000 ) ) ;
#1613 = EDGE_CURVE ( 'NONE', #537, #622, #3036, .T. ) ;
#1614 = EDGE_CURVE ( 'NONE', #214, #499, #2832, .T. ) ;
#1615 = STYLED_ITEM ( 'NONE', ( #1080 ), #1126 ) ;
#1616 = DIRECTION ( 'NONE',  ( 1.000000000000000000, 0.0000000000000000000, 0.0000000000000000000 ) ) ;
#1617 = CARTESIAN_POINT ( 'NONE',  ( 0.1300000000000000000, 0.1029999999998894300, -0.008000000000000026200 ) ) ;
#1618 = VECTOR ( 'NONE', #1619, 39.37007874015748900 ) ;
#1619 = DIRECTION ( 'NONE',  ( 0.0000000000000000000, -0.8660254037844382600, -0.5000000000000004400 ) ) ;
#1620 = LINE ( 'NONE', #1301, #2891 ) ;
#1621 = EDGE_CURVE ( 'NONE', #1245, #2537, #606, .T. ) ;
#1622 = DIRECTION ( 'NONE',  ( 0.0000000000000000000, -0.8660254037844382600, 0.5000000000000004400 ) ) ;
#1623 = DIRECTION ( 'NONE',  ( 0.0000000000000000000, -1.000000000000000000, -0.0000000000000000000 ) ) ;
#1624 = SURFACE_SIDE_STYLE ('',( #1957 ) ) ;
#1625 = ORIENTED_EDGE ( 'NONE', *, *, #664, .T. ) ;
#1626 = AXIS2_PLACEMENT_3D ( 'NONE', #2022, #1690, #1359 ) ;
#1627 = DIRECTION ( 'NONE',  ( -0.0000000000000000000, -1.658841843374799600E-016, -1.000000000000000000 ) ) ;
#1628 = EDGE_CURVE ( 'NONE', #1842, #556, #2970, .T. ) ;
#1629 = VECTOR ( 'NONE', #107, 39.37007874015748100 ) ;
#1630 = CARTESIAN_POINT ( 'NONE',  ( -0.1066862915010152700, 0.1029999999999999900, 0.07199999999999999500 ) ) ;
#1631 = AXIS2_PLACEMENT_3D ( 'NONE', #826, #491, #143 ) ;
#1632 = DIRECTION ( 'NONE',  ( 0.0000000000000000000, 0.0000000000000000000, 1.000000000000000000 ) ) ;
#1633 = EDGE_CURVE ( 'NONE', #2550, #2961, #3101, .T. ) ;
#1634 = DIRECTION ( 'NONE',  ( 0.0000000000000000000, 1.000000000000000000, 0.0000000000000000000 ) ) ;
#1635 = ORIENTED_EDGE ( 'NONE', *, *, #2971, .F. ) ;
#1636 =( LENGTH_UNIT ( ) NAMED_UNIT ( * ) SI_UNIT ( $, .METRE. ) );
#1637 = CARTESIAN_POINT ( 'NONE',  ( -0.08499999999994620200, -0.01077952755905518500, -0.07283464385826775300 ) ) ;
#1638 = EDGE_CURVE ( 'NONE', #1348, #1389, #2394, .T. ) ;
#1639 = DIRECTION ( 'NONE',  ( 3.734948428837856400E-015, -0.0000000000000000000, -1.000000000000000000 ) ) ;
#1640 = CARTESIAN_POINT ( 'NONE',  ( -0.1419999999999999900, 0.0000000000000000000, 0.03668629150101511400 ) ) ;
#1641 = AXIS2_PLACEMENT_3D ( 'NONE', #2862, #2823, #2789 ) ;
#1642 = EDGE_CURVE ( 'NONE', #2537, #636, #2027, .T. ) ;
#1643 = STYLED_ITEM ( 'NONE', ( #2752 ), #914 ) ;
#1644 =( NAMED_UNIT ( * ) PLANE_ANGLE_UNIT ( ) SI_UNIT ( $, .RADIAN. ) );
#1645 = SURFACE_STYLE_USAGE ( .BOTH. , #2370 ) ;
#1646 = VECTOR ( 'NONE', #2360, 39.37007874015748100 ) ;
#1647 = EDGE_CURVE ( 'NONE', #1685, #1140, #2881, .T. ) ;
#1648 = ORIENTED_EDGE ( 'NONE', *, *, #1845, .F. ) ;
#1649 = AXIS2_PLACEMENT_3D ( 'NONE', #1144, #845, #520 ) ;
#1650 = ORIENTED_EDGE ( 'NONE', *, *, #2054, .T. ) ;
#1651 = SURFACE_STYLE_USAGE ( .BOTH. , #782 ) ;
#1652 = LINE ( 'NONE', #1325, #2766 ) ;
#1653 = TOROIDAL_SURFACE ( 'NONE', #2295, 0.03200000000000000100, 0.008000000000000000200 ) ;
#1654 = FILL_AREA_STYLE_COLOUR ( '', #1451 ) ;
#1655 = ORIENTED_EDGE ( 'NONE', *, *, #1517, .F. ) ;
#1656 = DIRECTION ( 'NONE',  ( 0.0000000000000000000, 0.0000000000000000000, -1.000000000000000000 ) ) ;
#1657 = CARTESIAN_POINT ( 'NONE',  ( 0.1100000000000000000, 0.1029999999999999900, 0.03999999999999998000 ) ) ;
#1658 = ORIENTED_EDGE ( 'NONE', *, *, #2846, .F. ) ;
#1659 = LENGTH_MEASURE_WITH_UNIT ( LENGTH_MEASURE( 0.02539999999999999900 ), #2930 );
#1660 = COLOUR_RGB ( '',1.000000000000000000, 1.000000000000000000, 1.000000000000000000 ) ;
#1661 =( LENGTH_UNIT ( ) NAMED_UNIT ( * ) SI_UNIT ( $, .METRE. ) );
#1662 = FILL_AREA_STYLE_COLOUR ( '', #1182 ) ;
#1663 = LINE ( 'NONE', #1793, #1646 ) ;
#1664 = FACE_OUTER_BOUND ( 'NONE', #47, .T. ) ;
#1665 = FILL_AREA_STYLE ('',( #2224 ) ) ;
#1666 = ORIENTED_EDGE ( 'NONE', *, *, #427, .T. ) ;
#1667 = VECTOR ( 'NONE', #388, 39.37007874015748900 ) ;
#1668 = CIRCLE ( 'NONE', #2183, 0.03900000000000000000 ) ;
#1669 = MECHANICAL_DESIGN_GEOMETRIC_PRESENTATION_REPRESENTATION (  '', ( #1334 ), #2354 ) ;
#1670 = ORIENTED_EDGE ( 'NONE', *, *, #918, .F. ) ;
#1671 = DIRECTION ( 'NONE',  ( -1.005119190492443200E-012, -1.000000000000000000, -0.0000000000000000000 ) ) ;
#1672 = DIRECTION ( 'NONE',  ( -0.05233595624294395300, 0.9986295347545738300, 0.0000000000000000000 ) ) ;
#1673 = UNCERTAINTY_MEASURE_WITH_UNIT (LENGTH_MEASURE( 1.000000000000000100E-005 ), #1355, 'distance_accuracy_value', 'NONE');
#1674 = ORIENTED_EDGE ( 'NONE', *, *, #42, .F. ) ;
#1675 = CIRCLE ( 'NONE', #1726, 0.03200000000000000100 ) ;
#1676 = DIRECTION ( 'NONE',  ( 0.0000000000000000000, 1.000000000000000000, -0.0000000000000000000 ) ) ;
#1677 = FACE_OUTER_BOUND ( 'NONE', #2477, .T. ) ;
#1678 = AXIS2_PLACEMENT_3D ( 'NONE', #3099, #539, #2621 ) ;
#1679 = EDGE_CURVE ( 'NONE', #840, #2659, #729, .T. ) ;
#1680 = FILL_AREA_STYLE ('',( #2011 ) ) ;
#1681 = COLOUR_RGB ( '',1.000000000000000000, 1.000000000000000000, 1.000000000000000000 ) ;
#1682 = VECTOR ( 'NONE', #583, 39.37007874015748100 ) ;
#1683 = CARTESIAN_POINT ( 'NONE',  ( 0.08499999999994620200, 0.009999999999999984600, -0.06083757802841399000 ) ) ;
#1684 = PRESENTATION_STYLE_ASSIGNMENT (( #2016 ) ) ;
#1685 = VERTEX_POINT ( 'NONE', #1057 ) ;
#1686 = EDGE_CURVE ( 'NONE', #2972, #315, #217, .T. ) ;
#1687 = AXIS2_PLACEMENT_3D ( 'NONE', #667, #1794, #1464 ) ;
#1688 = VECTOR ( 'NONE', #1616, 39.37007874015748100 ) ;
#1689 = CARTESIAN_POINT ( 'NONE',  ( -0.02000000000000002500, 0.1029999999999999900, -0.008000000000000033100 ) ) ;
#1690 = DIRECTION ( 'NONE',  ( -1.000000000000000000, 0.0000000000000000000, 0.0000000000000000000 ) ) ;
#1691 = ORIENTED_EDGE ( 'NONE', *, *, #2723, .T. ) ;
#1692 = CONICAL_SURFACE ( 'NONE', #1687, 0.03900000000003773400, 0.7853981633967765900 ) ;
#1693 = UNCERTAINTY_MEASURE_WITH_UNIT (LENGTH_MEASURE( 1.000000000000000100E-005 ), #2190, 'distance_accuracy_value', 'NONE');
#1694 =( LENGTH_UNIT ( ) NAMED_UNIT ( * ) SI_UNIT ( $, .METRE. ) );
#1695 = CARTESIAN_POINT ( 'NONE',  ( 0.1420000000000000200, 0.09499999999999998700, -0.04000000000000004200 ) ) ;
#1696 = CARTESIAN_POINT ( 'NONE',  ( -0.08299999999994621400, -0.01077952755905518500, 0.08267716354330711900 ) ) ;
#1697 = CIRCLE ( 'NONE', #2133, 0.008000000000000007100 ) ;
#1698 = ORIENTED_EDGE ( 'NONE', *, *, #2485, .F. ) ;
#1699 = FACE_OUTER_BOUND ( 'NONE', #3028, .T. ) ;
#1700 = PLANE ( 'NONE',  #1861 ) ;
#1701 = FILL_AREA_STYLE ('',( #844 ) ) ;
#1702 = PLANE ( 'NONE',  #585 ) ;
#1703 = ORIENTED_EDGE ( 'NONE', *, *, #1341, .F. ) ;
#1704 = FACE_OUTER_BOUND ( 'NONE', #929, .T. ) ;
#1705 = COLOUR_RGB ( '',1.000000000000000000, 1.000000000000000000, 1.000000000000000000 ) ;
#1706 = EDGE_LOOP ( 'NONE', ( #1976, #2050, #1744, #1698 ) ) ;
#1707 = CARTESIAN_POINT ( 'NONE',  ( -0.04434425384676627500, 0.07636857196568112800, -0.008000000000000034900 ) ) ;
#1708 = DIRECTION ( 'NONE',  ( 1.707404996040164600E-015, 0.0000000000000000000, 1.000000000000000000 ) ) ;
#1709 = ADVANCED_FACE ( 'NONE', ( #2724 ), #2321, .T. ) ;
#1710 = PRESENTATION_STYLE_ASSIGNMENT (( #1651 ) ) ;
#1711 =( NAMED_UNIT ( * ) PLANE_ANGLE_UNIT ( ) SI_UNIT ( $, .RADIAN. ) );
#1712 = STYLED_ITEM ( 'NONE', ( #2831 ), #2272 ) ;
#1713 = UNCERTAINTY_MEASURE_WITH_UNIT (LENGTH_MEASURE( 1.000000000000000100E-005 ), #2760, 'distance_accuracy_value', 'NONE');
#1714 = DIRECTION ( 'NONE',  ( 0.0000000000000000000, 0.0000000000000000000, -1.000000000000000000 ) ) ;
#1715 = SURFACE_SIDE_STYLE ('',( #252 ) ) ;
#1716 = SURFACE_STYLE_USAGE ( .BOTH. , #2044 ) ;
#1717 = ORIENTED_EDGE ( 'NONE', *, *, #769, .F. ) ;
#1718 = ADVANCED_FACE ( 'NONE', ( #1349 ), #1520, .T. ) ;
#1719 =( GEOMETRIC_REPRESENTATION_CONTEXT ( 3 ) GLOBAL_UNCERTAINTY_ASSIGNED_CONTEXT ( ( #14 ) ) GLOBAL_UNIT_ASSIGNED_CONTEXT ( ( #145, #2319, #1364 ) ) REPRESENTATION_CONTEXT ( 'NONE', 'WORKASPACE' ) );
#1720 = CARTESIAN_POINT ( 'NONE',  ( -0.1143700787401575200, -0.005661420000000000300, 0.04776828773629437200 ) ) ;
#1721 = ORIENTED_EDGE ( 'NONE', *, *, #1600, .T. ) ;
#1722 = CARTESIAN_POINT ( 'NONE',  ( -0.08499999999994620200, 0.0000000000000000000, -0.06661108072031024500 ) ) ;
#1723 = PRESENTATION_LAYER_ASSIGNMENT (  '', '', ( #2700 ) ) ;
#1724 = UNCERTAINTY_MEASURE_WITH_UNIT (LENGTH_MEASURE( 1.000000000000000100E-005 ), #1320, 'distance_accuracy_value', 'NONE');
#1725 = CARTESIAN_POINT ( 'NONE',  ( 0.0000000000000000000, 0.0000000000000000000, 0.0000000000000000000 ) ) ;
#1726 = AXIS2_PLACEMENT_3D ( 'NONE', #2729, #1887, #2588 ) ;
#1727 = MECHANICAL_DESIGN_GEOMETRIC_PRESENTATION_REPRESENTATION (  '', ( #2209 ), #369 ) ;
#1728 = CARTESIAN_POINT ( 'NONE',  ( 0.06699999999994620000, 0.0000000000000000000, 0.0000000000000000000 ) ) ;
#1729 =( NAMED_UNIT ( * ) PLANE_ANGLE_UNIT ( ) SI_UNIT ( $, .RADIAN. ) );
#1730 = PLANE ( 'NONE',  #1936 ) ;
#1731 = DIRECTION ( 'NONE',  ( 0.0000000000000000000, -0.8660254037844380400, 0.5000000000000008900 ) ) ;
#1732 = DIRECTION ( 'NONE',  ( 0.0000000000000000000, -1.658841843374799600E-016, -1.000000000000000000 ) ) ;
#1733 = ORIENTED_EDGE ( 'NONE', *, *, #842, .T. ) ;
#1734 = EDGE_CURVE ( 'NONE', #544, #1170, #699, .T. ) ;
#1735 = CARTESIAN_POINT ( 'NONE',  ( -0.08499999999994620200, -0.004874015748031564400, -0.07624419269206486600 ) ) ;
#1736 = CARTESIAN_POINT ( 'NONE',  ( 0.1139999999999650600, 0.04945669291334656900, -0.008000000000000033100 ) ) ;
#1737 = ORIENTED_EDGE ( 'NONE', *, *, #1083, .T. ) ;
#1738 = DIRECTION ( 'NONE',  ( -1.000000000000000000, -0.0000000000000000000, -0.0000000000000000000 ) ) ;
#1739 = VECTOR ( 'NONE', #1851, 39.37007874015748100 ) ;
#1740 = PRESENTATION_STYLE_ASSIGNMENT (( #2062 ) ) ;
#1741 = DIRECTION ( 'NONE',  ( 0.05226442768871404600, 0.9972646886342373400, -0.05226442768871403900 ) ) ;
#1742 = VERTEX_POINT ( 'NONE', #1884 ) ;
#1743 = LINE ( 'NONE', #1413, #438 ) ;
#1744 = ORIENTED_EDGE ( 'NONE', *, *, #2809, .F. ) ;
#1745 = AXIS2_PLACEMENT_3D ( 'NONE', #1510, #2850, #1343 ) ;
#1746 = CARTESIAN_POINT ( 'NONE',  ( -0.08499999999994620200, 0.0000000000000000000, -0.08000000000000005700 ) ) ;
#1747 = PRESENTATION_LAYER_ASSIGNMENT (  '', '', ( #527 ) ) ;
#1748 = PRESENTATION_STYLE_ASSIGNMENT (( #2068 ) ) ;
#1749 = ORIENTED_EDGE ( 'NONE', *, *, #1613, .T. ) ;
#1750 = EDGE_CURVE ( 'NONE', #20, #220, #2660, .T. ) ;
#1751 = FACE_OUTER_BOUND ( 'NONE', #1918, .T. ) ;
#1752 = CARTESIAN_POINT ( 'NONE',  ( -0.1499999999999999900, 0.09499999999999998700, -0.04000000000000006300 ) ) ;
#1753 = ORIENTED_EDGE ( 'NONE', *, *, #166, .F. ) ;
#1754 = SURFACE_STYLE_FILL_AREA ( #2074 ) ;
#1755 = EDGE_CURVE ( 'NONE', #1412, #1075, #180, .T. ) ;
#1756 = CARTESIAN_POINT ( 'NONE',  ( 0.06499999999994621200, -0.01077952755905518500, -0.08267716354330711900 ) ) ;
#1757 = PRESENTATION_LAYER_ASSIGNMENT (  '', '', ( #647 ) ) ;
#1758 = FILL_AREA_STYLE_COLOUR ( '', #207 ) ;
#1759 = DIRECTION ( 'NONE',  ( 0.05226442768871403900, 0.9972646886342373400, 0.05226442768871403900 ) ) ;
#1760 = ORIENTED_EDGE ( 'NONE', *, *, #680, .T. ) ;
#1761 = LENGTH_MEASURE_WITH_UNIT ( LENGTH_MEASURE( 0.02539999999999999900 ), #2956 );
#1762 = ORIENTED_EDGE ( 'NONE', *, *, #2302, .T. ) ;
#1763 = FILL_AREA_STYLE_COLOUR ( '', #1962 ) ;
#1764 = VECTOR ( 'NONE', #2081, 39.37007874015748100 ) ;
#1765 = EDGE_CURVE ( 'NONE', #1302, #1461, #1201, .T. ) ;
#1766 = SURFACE_SIDE_STYLE ('',( #1069 ) ) ;
#1767 = VECTOR ( 'NONE', #2586, 39.37007874015748100 ) ;
#1768 = CARTESIAN_POINT ( 'NONE',  ( -0.07500000000000001100, 0.04945669291338579400, 0.02899999999999991500 ) ) ;
#1769 = VECTOR ( 'NONE', #2114, 39.37007874015748100 ) ;
#1770 = DIRECTION ( 'NONE',  ( -1.000000000000000000, 0.0000000000000000000, 0.0000000000000000000 ) ) ;
#1771 = ORIENTED_EDGE ( 'NONE', *, *, #2751, .T. ) ;
#1772 = STYLED_ITEM ( 'NONE', ( #2217 ), #2444 ) ;
#1773 = EDGE_CURVE ( 'NONE', #1075, #917, #1314, .T. ) ;
#1774 = STYLED_ITEM ( 'NONE', ( #1282 ), #2508 ) ;
#1775 = DIRECTION ( 'NONE',  ( 0.0000000000000000000, -0.0000000000000000000, -1.000000000000000000 ) ) ;
#1776 = LENGTH_MEASURE_WITH_UNIT ( LENGTH_MEASURE( 0.02539999999999999900 ), #2540 );
#1777 = CARTESIAN_POINT ( 'NONE',  ( 0.08299999999994621400, -0.004874015748031564400, 0.07624419269206488000 ) ) ;
#1778 = CARTESIAN_POINT ( 'NONE',  ( 0.07500000000000002500, 0.04945669291338579400, -0.04499999999999998400 ) ) ;
#1779 =( CONVERSION_BASED_UNIT ( 'INCH', #2227 ) LENGTH_UNIT ( ) NAMED_UNIT ( #1436 ) );
#1780 = ORIENTED_EDGE ( 'NONE', *, *, #2526, .F. ) ;
#1781 = EDGE_CURVE ( 'NONE', #1448, #605, #366, .T. ) ;
#1782 = LINE ( 'NONE', #494, #1906 ) ;
#1783 = LINE ( 'NONE', #1450, #1895 ) ;
#1784 = AXIS2_PLACEMENT_3D ( 'NONE', #2228, #2945, #2064 ) ;
#1785 = LINE ( 'NONE', #1746, #575 ) ;
#1786 = FILL_AREA_STYLE ('',( #1454 ) ) ;
#1787 = ORIENTED_EDGE ( 'NONE', *, *, #673, .F. ) ;
#1788 = STYLED_ITEM ( 'NONE', ( #1129 ), #1369 ) ;
#1789 = SURFACE_STYLE_USAGE ( .BOTH. , #2108 ) ;
#1790 = ORIENTED_EDGE ( 'NONE', *, *, #1356, .F. ) ;
#1791 = EDGE_CURVE ( 'NONE', #1200, #1742, #951, .T. ) ;
#1792 = AXIS2_PLACEMENT_3D ( 'NONE', #1293, #2333, #2034 ) ;
#1793 = CARTESIAN_POINT ( 'NONE',  ( -0.1499999999999999900, 0.0000000000000000000, 0.07343017838790438800 ) ) ;
#1794 = DIRECTION ( 'NONE',  ( -1.005119190492443200E-012, 1.000000000000000000, 0.0000000000000000000 ) ) ;
#1795 = VERTEX_POINT ( 'NONE', #1696 ) ;
#1796 = EDGE_CURVE ( 'NONE', #656, #1610, #3105, .T. ) ;
#1797 = DIRECTION ( 'NONE',  ( -0.0000000000000000000, 1.000000000000000000, -0.0000000000000000000 ) ) ;
#1798 = DIRECTION ( 'NONE',  ( 1.016439536705159900E-016, 0.0000000000000000000, 1.000000000000000000 ) ) ;
#1799 =( NAMED_UNIT ( * ) PLANE_ANGLE_UNIT ( ) SI_UNIT ( $, .RADIAN. ) );
#1800 = PLANE ( 'NONE',  #2995 ) ;
#1801 =( CONVERSION_BASED_UNIT ( 'INCH', #2544 ) LENGTH_UNIT ( ) NAMED_UNIT ( #1391 ) );
#1802 = LENGTH_MEASURE_WITH_UNIT ( LENGTH_MEASURE( 0.02539999999999999900 ), #1636 );
#1803 =( CONVERSION_BASED_UNIT ( 'INCH', #1546 ) LENGTH_UNIT ( ) NAMED_UNIT ( #1384 ) );
#1804 = AXIS2_PLACEMENT_3D ( 'NONE', #3092, #2883, #1991 ) ;
#1805 =( CONVERSION_BASED_UNIT ( 'INCH', #2413 ) LENGTH_UNIT ( ) NAMED_UNIT ( #1416 ) );
#1806 = ORIENTED_EDGE ( 'NONE', *, *, #2338, .F. ) ;
#1807 = CARTESIAN_POINT ( 'NONE',  ( 0.1099999999999999700, 0.1029999999999999900, -0.08000000000000001600 ) ) ;
#1808 = VECTOR ( 'NONE', #939, 39.37007874015748100 ) ;
#1809 = SURFACE_SIDE_STYLE ('',( #314 ) ) ;
#1810 = DIRECTION ( 'NONE',  ( 0.0000000000000000000, 0.0000000000000000000, 1.000000000000000000 ) ) ;
#1811 = VECTOR ( 'NONE', #1279, 39.37007874015748100 ) ;
#1812 = VECTOR ( 'NONE', #720, 39.37007874015748100 ) ;
#1813 =( NAMED_UNIT ( * ) PLANE_ANGLE_UNIT ( ) SI_UNIT ( $, .RADIAN. ) );
#1814 =( GEOMETRIC_REPRESENTATION_CONTEXT ( 3 ) GLOBAL_UNCERTAINTY_ASSIGNED_CONTEXT ( ( #2910 ) ) GLOBAL_UNIT_ASSIGNED_CONTEXT ( ( #2949, #2001, #1040 ) ) REPRESENTATION_CONTEXT ( 'NONE', 'WORKASPACE' ) );
#1815 = LINE ( 'NONE', #1488, #797 ) ;
#1816 = AXIS2_PLACEMENT_3D ( 'NONE', #2783, #973, #2925 ) ;
#1817 = ORIENTED_EDGE ( 'NONE', *, *, #93, .T. ) ;
#1818 = PLANE ( 'NONE',  #1459 ) ;
#1819 = CARTESIAN_POINT ( 'NONE',  ( 0.07499999999994620700, 0.04945669291334656900, -0.008000000000000033100 ) ) ;
#1820 = ORIENTED_EDGE ( 'NONE', *, *, #1132, .F. ) ;
#1821 = LENGTH_MEASURE_WITH_UNIT ( LENGTH_MEASURE( 0.02539999999999999900 ), #2244 );
#1822 = CARTESIAN_POINT ( 'NONE',  ( 0.08499999999994620200, -0.004874015748031563500, -0.08267716354330711900 ) ) ;
#1823 = AXIS2_PLACEMENT_3D ( 'NONE', #473, #1102, #2004 ) ;
#1824 = ADVANCED_FACE ( 'NONE', ( #2085 ), #299, .F. ) ;
#1825 = FACE_OUTER_BOUND ( 'NONE', #2744, .T. ) ;
#1826 = CARTESIAN_POINT ( 'NONE',  ( 0.08499999999994620200, -0.01077952755905518500, -0.07283464385826775300 ) ) ;
#1827 = ORIENTED_EDGE ( 'NONE', *, *, #146, .T. ) ;
#1828 = FACE_OUTER_BOUND ( 'NONE', #1312, .T. ) ;
#1829 = PRODUCT_DEFINITION_CONTEXT ( 'detailed design', #2007, 'design' ) ;
#1830 = CARTESIAN_POINT ( 'NONE',  ( -0.03576040370075946100, -0.003171666709515251300, -0.04763780529537742200 ) ) ;
#1831 = EDGE_LOOP ( 'NONE', ( #772, #178, #1056, #2976 ) ) ;
#1832 = EDGE_CURVE ( 'NONE', #2505, #2416, #2155, .T. ) ;
#1833 = DIRECTION ( 'NONE',  ( 0.0000000000000000000, -1.658841843374799600E-016, -1.000000000000000000 ) ) ;
#1834 = LINE ( 'NONE', #501, #948 ) ;
#1835 = CARTESIAN_POINT ( 'NONE',  ( -0.08299999999994621400, -0.004874015748031563500, 0.08267716354330711900 ) ) ;
#1836 = VERTEX_POINT ( 'NONE', #883 ) ;
#1837 = DIRECTION ( 'NONE',  ( 0.0000000000000000000, 0.0000000000000000000, 1.000000000000000000 ) ) ;
#1838 = CARTESIAN_POINT ( 'NONE',  ( -0.1499999999999999900, 0.09499999999999998700, -0.04000000000000006300 ) ) ;
#1839 =( GEOMETRIC_REPRESENTATION_CONTEXT ( 3 ) GLOBAL_UNCERTAINTY_ASSIGNED_CONTEXT ( ( #259 ) ) GLOBAL_UNIT_ASSIGNED_CONTEXT ( ( #961, #778, #532 ) ) REPRESENTATION_CONTEXT ( 'NONE', 'WORKASPACE' ) );
#1840 = FILL_AREA_STYLE ('',( #245 ) ) ;
#1841 = ADVANCED_FACE ( 'NONE', ( #2312 ), #1193, .F. ) ;
#1842 = VERTEX_POINT ( 'NONE', #2730 ) ;
#1843 = AXIS2_PLACEMENT_3D ( 'NONE', #2486, #268, #860 ) ;
#1844 = CARTESIAN_POINT ( 'NONE',  ( -0.1066862915010152700, 0.09499999999999998700, 0.07199999999999999500 ) ) ;
#1845 = EDGE_CURVE ( 'NONE', #1285, #222, #2391, .T. ) ;
#1846 = ORIENTED_EDGE ( 'NONE', *, *, #1600, .F. ) ;
#1847 = AXIS2_PLACEMENT_3D ( 'NONE', #326, #12, #2829 ) ;
#1848 = FILL_AREA_STYLE ('',( #2170 ) ) ;
#1849 = EDGE_CURVE ( 'NONE', #65, #20, #971, .T. ) ;
#1850 = SURFACE_STYLE_FILL_AREA ( #335 ) ;
#1851 = DIRECTION ( 'NONE',  ( 2.134256245050205900E-016, -0.0000000000000000000, 1.000000000000000000 ) ) ;
#1852 = DIRECTION ( 'NONE',  ( -1.138269997360109900E-016, 0.0000000000000000000, -1.000000000000000000 ) ) ;
#1853 = ADVANCED_FACE ( 'NONE', ( #749 ), #233, .T. ) ;
#1854 = DIRECTION ( 'NONE',  ( -1.000000000000000000, 0.0000000000000000000, 0.0000000000000000000 ) ) ;
#1855 = ORIENTED_EDGE ( 'NONE', *, *, #2851, .T. ) ;
#1856 = SURFACE_SIDE_STYLE ('',( #2177 ) ) ;
#1857 = ORIENTED_EDGE ( 'NONE', *, *, #3071, .T. ) ;
#1858 = AXIS2_PLACEMENT_3D ( 'NONE', #2273, #2193, #2137 ) ;
#1859 = ADVANCED_FACE ( 'NONE', ( #2564 ), #1702, .F. ) ;
#1860 = DIRECTION ( 'NONE',  ( 0.0000000000000000000, 0.0000000000000000000, -1.000000000000000000 ) ) ;
#1861 = AXIS2_PLACEMENT_3D ( 'NONE', #2903, #2253, #1874 ) ;
#1862 = AXIS2_PLACEMENT_3D ( 'NONE', #1511, #1467, #1386 ) ;
#1863 = EDGE_CURVE ( 'NONE', #2328, #136, #418, .T. ) ;
#1864 =( LENGTH_UNIT ( ) NAMED_UNIT ( * ) SI_UNIT ( $, .METRE. ) );
#1865 =( GEOMETRIC_REPRESENTATION_CONTEXT ( 3 ) GLOBAL_UNCERTAINTY_ASSIGNED_CONTEXT ( ( #1713 ) ) GLOBAL_UNIT_ASSIGNED_CONTEXT ( ( #2760, #2680, #2535 ) ) REPRESENTATION_CONTEXT ( 'NONE', 'WORKASPACE' ) );
#1866 = CARTESIAN_POINT ( 'NONE',  ( 0.1499999999999999900, 0.0000000000000000000, -0.08000000000000001600 ) ) ;
#1867 = DIRECTION ( 'NONE',  ( 1.005119190492443200E-012, -1.000000000000000000, -0.0000000000000000000 ) ) ;
#1868 = ORIENTED_EDGE ( 'NONE', *, *, #2267, .F. ) ;
#1869 = ADVANCED_FACE ( 'NONE', ( #1828 ), #1502, .T. ) ;
#1870 = VECTOR ( 'NONE', #76, 39.37007874015748100 ) ;
#1871 = CARTESIAN_POINT ( 'NONE',  ( -0.1099999999999999900, 0.1029999999999999900, -0.08000000000000005700 ) ) ;
#1872 = VERTEX_POINT ( 'NONE', #1149 ) ;
#1873 = ADVANCED_FACE ( 'NONE', ( #118 ), #3102, .T. ) ;
#1874 = DIRECTION ( 'NONE',  ( 0.0000000000000000000, -0.0000000000000000000, -1.000000000000000000 ) ) ;
#1875 = DIRECTION ( 'NONE',  ( 0.0000000000000000000, 0.8660254037844380400, -0.5000000000000007800 ) ) ;
#1876 = FILL_AREA_STYLE ('',( #2195 ) ) ;
#1877 = DIRECTION ( 'NONE',  ( -1.005119190492443200E-012, -1.000000000000000000, -0.0000000000000000000 ) ) ;
#1878 = COLOUR_RGB ( '',1.000000000000000000, 1.000000000000000000, 1.000000000000000000 ) ;
#1879 = FILL_AREA_STYLE ('',( #2198 ) ) ;
#1880 = CARTESIAN_POINT ( 'NONE',  ( -0.1499999999999999900, 0.0000000000000000000, -0.07343017838790436000 ) ) ;
#1881 = FILL_AREA_STYLE ('',( #33 ) ) ;
#1882 = DIRECTION ( 'NONE',  ( -1.000000000000000000, 0.0000000000000000000, 0.0000000000000000000 ) ) ;
#1883 = EDGE_CURVE ( 'NONE', #1121, #1348, #2988, .T. ) ;
#1884 = CARTESIAN_POINT ( 'NONE',  ( 0.08299999999994621400, 2.667820306312757000E-018, 0.07343017838790437400 ) ) ;
#1885 = DIRECTION ( 'NONE',  ( -1.000000000000000000, 1.005179966898570600E-012, 0.0000000000000000000 ) ) ;
#1886 = ORIENTED_EDGE ( 'NONE', *, *, #3052, .F. ) ;
#1887 = DIRECTION ( 'NONE',  ( 0.0000000000000000000, 1.000000000000000000, -0.0000000000000000000 ) ) ;
#1888 = DIRECTION ( 'NONE',  ( 0.0000000000000000000, 0.0000000000000000000, -1.000000000000000000 ) ) ;
#1889 = CARTESIAN_POINT ( 'NONE',  ( -0.1300000000000000000, 0.1029999999998894300, -0.008000000000000038300 ) ) ;
#1890 = LENGTH_MEASURE_WITH_UNIT ( LENGTH_MEASURE( 0.02539999999999999900 ), #1694 );
#1891 = CIRCLE ( 'NONE', #2573, 0.03065574615323374600 ) ;
#1892 = LINE ( 'NONE', #1777, #1490 ) ;
#1893 = DIRECTION ( 'NONE',  ( 0.0000000000000000000, 0.0000000000000000000, -1.000000000000000000 ) ) ;
#1894 = CARTESIAN_POINT ( 'NONE',  ( -0.03599999999994620700, 0.08700000000000016100, -0.008000000000000036600 ) ) ;
#1895 = VECTOR ( 'NONE', #1134, 39.37007874015748900 ) ;
#1896 = VERTEX_POINT ( 'NONE', #1720 ) ;
#1897 = VECTOR ( 'NONE', #1430, 39.37007874015748900 ) ;
#1898 = CARTESIAN_POINT ( 'NONE',  ( -0.1140733762903689300, 0.0000000000000000000, 0.04747158528650577400 ) ) ;
#1899 = ORIENTED_EDGE ( 'NONE', *, *, #1141, .T. ) ;
#1900 = TOROIDAL_SURFACE ( 'NONE', #23, 0.03200000000000000100, 0.008000000000000000200 ) ;
#1901 = PLANE ( 'NONE',  #2393 ) ;
#1902 = ADVANCED_FACE ( 'NONE', ( #2803 ), #1259, .T. ) ;
#1903 = DIRECTION ( 'NONE',  ( -0.0000000000000000000, 1.000000000000000000, 0.0000000000000000000 ) ) ;
#1904 = CARTESIAN_POINT ( 'NONE',  ( 0.08499999999994620200, -0.004874015748031563500, -0.08267716354330711900 ) ) ;
#1905 = COLOUR_RGB ( '',1.000000000000000000, 1.000000000000000000, 1.000000000000000000 ) ;
#1906 = VECTOR ( 'NONE', #1941, 39.37007874015748100 ) ;
#1907 =( NAMED_UNIT ( * ) SI_UNIT ( $, .STERADIAN. ) SOLID_ANGLE_UNIT ( ) );
#1908 = DIRECTION ( 'NONE',  ( -1.000000000000000000, -0.0000000000000000000, -0.0000000000000000000 ) ) ;
#1909 = DIRECTION ( 'NONE',  ( -0.05226442768871403900, 0.9972646886342373400, -0.05226442768871403900 ) ) ;
#1910 = DIRECTION ( 'NONE',  ( 0.0000000000000000000, -0.9986295347545738300, 0.05233595624294395300 ) ) ;
#1911 = CARTESIAN_POINT ( 'NONE',  ( 0.08499999999994620200, -0.004874015748031564400, -0.07624419269206486600 ) ) ;
#1912 = EDGE_CURVE ( 'NONE', #537, #2944, #3077, .T. ) ;
#1913 = VECTOR ( 'NONE', #1506, 39.37007874015748100 ) ;
#1914 = MECHANICAL_DESIGN_GEOMETRIC_PRESENTATION_REPRESENTATION (  '', ( #2386 ), #428 ) ;
#1915 = CIRCLE ( 'NONE', #1540, 0.03065574615323374600 ) ;
#1916 = PRODUCT_DEFINITION_FORMATION_WITH_SPECIFIED_SOURCE ( 'ANY', '', #2446, .NOT_KNOWN. ) ;
#1917 = UNCERTAINTY_MEASURE_WITH_UNIT (LENGTH_MEASURE( 1.000000000000000100E-005 ), #1084, 'distance_accuracy_value', 'NONE');
#1918 = EDGE_LOOP ( 'NONE', ( #2219, #117, #1670, #524 ) ) ;
#1919 = CARTESIAN_POINT ( 'NONE',  ( 0.1099999999999999000, 0.0000000000000000000, -0.08000000000000001600 ) ) ;
#1920 = EDGE_CURVE ( 'NONE', #132, #1145, #1815, .T. ) ;
#1921 =( NAMED_UNIT ( * ) SI_UNIT ( $, .STERADIAN. ) SOLID_ANGLE_UNIT ( ) );
#1922 = DIRECTION ( 'NONE',  ( -0.05233595624294395300, 0.9986295347545738300, 0.0000000000000000000 ) ) ;
#1923 = COLOUR_RGB ( '',1.000000000000000000, 1.000000000000000000, 1.000000000000000000 ) ;
#1924 = SURFACE_SIDE_STYLE ('',( #2234 ) ) ;
#1925 = CARTESIAN_POINT ( 'NONE',  ( -0.07500000000000001100, 0.04945669291338579400, 0.02899999999999991500 ) ) ;
#1926 = LINE ( 'NONE', #1599, #10 ) ;
#1927 = ORIENTED_EDGE ( 'NONE', *, *, #2212, .F. ) ;
#1928 = EDGE_CURVE ( 'NONE', #2320, #1742, #864, .T. ) ;
#1929 = CONICAL_SURFACE ( 'NONE', #80, 0.03699999999999995000, 0.2315147883335658100 ) ;
#1930 = DIRECTION ( 'NONE',  ( 1.005119190492443200E-012, -1.000000000000000000, -0.0000000000000000000 ) ) ;
#1931 = DIRECTION ( 'NONE',  ( 1.000000000000000000, 0.0000000000000000000, -0.0000000000000000000 ) ) ;
#1932 =( NAMED_UNIT ( * ) PLANE_ANGLE_UNIT ( ) SI_UNIT ( $, .RADIAN. ) );
#1933 = ORIENTED_EDGE ( 'NONE', *, *, #434, .T. ) ;
#1934 = FACE_OUTER_BOUND ( 'NONE', #731, .T. ) ;
#1935 = ADVANCED_FACE ( 'NONE', ( #1751 ), #2869, .T. ) ;
#1936 = AXIS2_PLACEMENT_3D ( 'NONE', #1396, #1088, #783 ) ;
#1937 = LINE ( 'NONE', #1053, #648 ) ;
#1938 = UNCERTAINTY_MEASURE_WITH_UNIT (LENGTH_MEASURE( 1.000000000000000100E-005 ), #705, 'distance_accuracy_value', 'NONE');
#1939 = EDGE_LOOP ( 'NONE', ( #286, #1281, #371, #1392, #715, #1286 ) ) ;
#1940 = CARTESIAN_POINT ( 'NONE',  ( -0.06699999999994620000, 0.0000000000000000000, -0.08000000000000005700 ) ) ;
#1941 = DIRECTION ( 'NONE',  ( -0.0000000000000000000, 1.000000000000000000, -0.0000000000000000000 ) ) ;
#1942 = COLOUR_RGB ( '',0.5019607843137254800, 0.5019607843137254800, 0.5019607843137254800 ) ;
#1943 =( NAMED_UNIT ( * ) SI_UNIT ( $, .STERADIAN. ) SOLID_ANGLE_UNIT ( ) );
#1944 = ORIENTED_EDGE ( 'NONE', *, *, #1614, .F. ) ;
#1945 = EDGE_CURVE ( 'NONE', #499, #132, #1584, .T. ) ;
#1946 = CARTESIAN_POINT ( 'NONE',  ( -0.1500000000000000200, 0.0000000000000000000, 0.07999999999999998800 ) ) ;
#1947 = VERTEX_POINT ( 'NONE', #294 ) ;
#1948 = DIRECTION ( 'NONE',  ( 1.000000000000000000, -0.0000000000000000000, -0.0000000000000000000 ) ) ;
#1949 = CONICAL_SURFACE ( 'NONE', #154, 0.03699999999999995000, 0.2315147883335658100 ) ;
#1950 = LINE ( 'NONE', #1871, #1452 ) ;
#1951 = CARTESIAN_POINT ( 'NONE',  ( -0.06499999999994621200, -0.01077952755905518500, -0.08267716354330711900 ) ) ;
#1952 = ORIENTED_EDGE ( 'NONE', *, *, #673, .T. ) ;
#1953 = UNCERTAINTY_MEASURE_WITH_UNIT (LENGTH_MEASURE( 1.000000000000000100E-005 ), #289, 'distance_accuracy_value', 'NONE');
#1954 =( GEOMETRIC_REPRESENTATION_CONTEXT ( 3 ) GLOBAL_UNCERTAINTY_ASSIGNED_CONTEXT ( ( #2417 ) ) GLOBAL_UNIT_ASSIGNED_CONTEXT ( ( #148, #2322, #1367 ) ) REPRESENTATION_CONTEXT ( 'NONE', 'WORKASPACE' ) );
#1955 =( LENGTH_UNIT ( ) NAMED_UNIT ( * ) SI_UNIT ( $, .METRE. ) );
#1956 = EDGE_CURVE ( 'NONE', #16, #656, #629, .T. ) ;
#1957 = SURFACE_STYLE_FILL_AREA ( #2255 ) ;
#1958 = ORIENTED_EDGE ( 'NONE', *, *, #2117, .F. ) ;
#1959 = CARTESIAN_POINT ( 'NONE',  ( -0.1142395962992405600, -0.003171666709515249600, 0.04763780529537742200 ) ) ;
#1960 = VECTOR ( 'NONE', #2245, 39.37007874015748100 ) ;
#1961 = CARTESIAN_POINT ( 'NONE',  ( 0.06499999999994621200, 0.0000000000000000000, -0.06661108072031024500 ) ) ;
#1962 = COLOUR_RGB ( '',1.000000000000000000, 1.000000000000000000, 1.000000000000000000 ) ;
#1963 = DIRECTION ( 'NONE',  ( -1.000000000000000000, -0.0000000000000000000, -0.0000000000000000000 ) ) ;
#1964 = CARTESIAN_POINT ( 'NONE',  ( -0.08499999999994620200, -0.01077952755905518500, -0.08267716354330711900 ) ) ;
#1965 = CARTESIAN_POINT ( 'NONE',  ( 0.1140000000000216700, 0.08699999999992175100, -0.008000000000000033100 ) ) ;
#1966 = EDGE_CURVE ( 'NONE', #661, #468, #2153, .T. ) ;
#1967 = UNCERTAINTY_MEASURE_WITH_UNIT (LENGTH_MEASURE( 1.000000000000000100E-005 ), #1803, 'distance_accuracy_value', 'NONE');
#1968 = DIRECTION ( 'NONE',  ( 0.0000000000000000000, -0.8660254037844380400, -0.5000000000000007800 ) ) ;
#1969 = CARTESIAN_POINT ( 'NONE',  ( -0.1499999999999999900, 0.0000000000000000000, 0.07343017838790438800 ) ) ;
#1970 = CARTESIAN_POINT ( 'NONE',  ( -0.06699999999994620000, -1.067128122525102800E-018, 0.06661108072031027300 ) ) ;
#1971 = VERTEX_POINT ( 'NONE', #1188 ) ;
#1972 = PRESENTATION_LAYER_ASSIGNMENT (  '', '', ( #1020 ) ) ;
#1973 = LINE ( 'NONE', #1683, #1618 ) ;
#1974 = ADVANCED_FACE ( 'NONE', ( #1180 ), #1996, .T. ) ;
#1975 = LINE ( 'NONE', #1569, #97 ) ;
#1976 = ORIENTED_EDGE ( 'NONE', *, *, #2560, .F. ) ;
#1977 = STYLED_ITEM ( 'NONE', ( #2437 ), #1482 ) ;
#1978 =( GEOMETRIC_REPRESENTATION_CONTEXT ( 3 ) GLOBAL_UNCERTAINTY_ASSIGNED_CONTEXT ( ( #2886 ) ) GLOBAL_UNIT_ASSIGNED_CONTEXT ( ( #2884, #1932, #974 ) ) REPRESENTATION_CONTEXT ( 'NONE', 'WORKASPACE' ) );
#1979 = CARTESIAN_POINT ( 'NONE',  ( 0.08299999999994621400, -0.004874015748031563500, 0.08267716354330711900 ) ) ;
#1980 =( LENGTH_UNIT ( ) NAMED_UNIT ( * ) SI_UNIT ( $, .METRE. ) );
#1981 = DIRECTION ( 'NONE',  ( 1.000000000000000000, -0.0000000000000000000, -0.0000000000000000000 ) ) ;
#1982 = AXIS2_PLACEMENT_3D ( 'NONE', #1217, #2750, #2421 ) ;
#1983 = SURFACE_STYLE_USAGE ( .BOTH. , #696 ) ;
#1984 = DIRECTION ( 'NONE',  ( -1.000000000000000000, 0.0000000000000000000, 0.0000000000000000000 ) ) ;
#1985 = ORIENTED_EDGE ( 'NONE', *, *, #2583, .T. ) ;
#1986 = CARTESIAN_POINT ( 'NONE',  ( -0.08499999999994620200, -0.01077952755905518500, -0.07283464385826775300 ) ) ;
#1987 = DIRECTION ( 'NONE',  ( -1.000000000000000000, -1.005195886759646100E-012, 0.0000000000000000000 ) ) ;
#1988 = CARTESIAN_POINT ( 'NONE',  ( 0.08499999999994620200, -0.01077952755905518500, -0.08267716354330711900 ) ) ;
#1989 = AXIS2_PLACEMENT_3D ( 'NONE', #2127, #1337, #1612 ) ;
#1990 = SURFACE_STYLE_USAGE ( .BOTH. , #417 ) ;
#1991 = DIRECTION ( 'NONE',  ( 0.0000000000000000000, 0.0000000000000000000, -1.000000000000000000 ) ) ;
#1992 =( NAMED_UNIT ( * ) PLANE_ANGLE_UNIT ( ) SI_UNIT ( $, .RADIAN. ) );
#1993 = EDGE_CURVE ( 'NONE', #468, #120, #208, .T. ) ;
#1994 = UNCERTAINTY_MEASURE_WITH_UNIT (LENGTH_MEASURE( 1.000000000000000100E-005 ), #2534, 'distance_accuracy_value', 'NONE');
#1995 = STYLED_ITEM ( 'NONE', ( #201 ), #1607 ) ;
#1996 = SPHERICAL_SURFACE ( 'NONE', #2152, 0.008000000000000000200 ) ;
#1997 = CARTESIAN_POINT ( 'NONE',  ( 0.08499999999994620200, -0.01077952755905518500, -0.07283464385826775300 ) ) ;
#1998 = CARTESIAN_POINT ( 'NONE',  ( 0.07499999999998394100, 0.08699999999996095600, -0.008000000000000033100 ) ) ;
#1999 = AXIS2_PLACEMENT_3D ( 'NONE', #2120, #1798, #1468 ) ;
#2000 = CARTESIAN_POINT ( 'NONE',  ( 0.06499999999994621200, 0.0000000000000000000, 0.0000000000000000000 ) ) ;
#2001 =( NAMED_UNIT ( * ) PLANE_ANGLE_UNIT ( ) SI_UNIT ( $, .RADIAN. ) );
#2002 = ORIENTED_EDGE ( 'NONE', *, *, #2709, .F. ) ;
#2003 = EDGE_CURVE ( 'NONE', #556, #214, #2076, .T. ) ;
#2004 = DIRECTION ( 'NONE',  ( 8.537024980200822800E-016, 0.0000000000000000000, 1.000000000000000000 ) ) ;
#2005 = CARTESIAN_POINT ( 'NONE',  ( -0.1499999999999999900, 0.0000000000000000000, -0.08000000000000005700 ) ) ;
#2006 = UNCERTAINTY_MEASURE_WITH_UNIT (LENGTH_MEASURE( 1.000000000000000100E-005 ), #2510, 'distance_accuracy_value', 'NONE');
#2007 = APPLICATION_CONTEXT ( 'automotive_design' ) ;
#2008 =( CONVERSION_BASED_UNIT ( 'INCH', #1761 ) LENGTH_UNIT ( ) NAMED_UNIT ( #1423 ) );
#2009 = EDGE_CURVE ( 'NONE', #578, #3007, #1110, .T. ) ;
#2010 = CYLINDRICAL_SURFACE ( 'NONE', #1539, 0.03900000000001886700 ) ;
#2011 = FILL_AREA_STYLE_COLOUR ( '', #737 ) ;
#2012 = LINE ( 'NONE', #2838, #947 ) ;
#2013 = LENGTH_MEASURE_WITH_UNIT ( LENGTH_MEASURE( 0.02539999999999999900 ), #733 );
#2014 = MECHANICAL_DESIGN_GEOMETRIC_PRESENTATION_REPRESENTATION (  '', ( #1215 ), #827 ) ;
#2015 = CARTESIAN_POINT ( 'NONE',  ( 0.07500000000000002500, 0.07636857196568112800, -0.03865574615323377800 ) ) ;
#2016 = SURFACE_STYLE_USAGE ( .BOTH. , #2307 ) ;
#2017 = ORIENTED_EDGE ( 'NONE', *, *, #2819, .F. ) ;
#2018 = ORIENTED_EDGE ( 'NONE', *, *, #93, .F. ) ;
#2019 = VECTOR ( 'NONE', #1399, 39.37007874015748100 ) ;
#2020 = EDGE_CURVE ( 'NONE', #2023, #1200, #2387, .T. ) ;
#2021 =( CONVERSION_BASED_UNIT ( 'INCH', #1821 ) LENGTH_UNIT ( ) NAMED_UNIT ( #2650 ) );
#2022 = CARTESIAN_POINT ( 'NONE',  ( 0.1099999999999999700, 0.09499999999999998700, -0.07200000000000003600 ) ) ;
#2023 = VERTEX_POINT ( 'NONE', #2304 ) ;
#2024 = VECTOR ( 'NONE', #2448, 39.37007874015748100 ) ;
#2025 = VECTOR ( 'NONE', #2199, 39.37007874015748100 ) ;
#2026 = ADVANCED_FACE ( 'NONE', ( #1825 ), #2656, .T. ) ;
#2027 = LINE ( 'NONE', #1986, #477 ) ;
#2028 = LENGTH_MEASURE_WITH_UNIT ( LENGTH_MEASURE( 0.02539999999999999900 ), #1557 );
#2029 = ORIENTED_EDGE ( 'NONE', *, *, #2063, .F. ) ;
#2030 = AXIS2_PLACEMENT_3D ( 'NONE', #2033, #2909, #2940 ) ;
#2031 = ADVANCED_FACE ( 'NONE', ( #751 ), #85, .F. ) ;
#2032 = DIRECTION ( 'NONE',  ( 0.0000000000000000000, 1.000000000000000000, 0.0000000000000000000 ) ) ;
#2033 = CARTESIAN_POINT ( 'NONE',  ( 0.0000000000000000000, -0.005661420000000000300, 0.0000000000000000000 ) ) ;
#2034 = DIRECTION ( 'NONE',  ( -1.000000000000000000, 0.0000000000000000000, -1.016439536705159900E-016 ) ) ;
#2035 = ORIENTED_EDGE ( 'NONE', *, *, #678, .F. ) ;
#2036 = FACE_OUTER_BOUND ( 'NONE', #2756, .T. ) ;
#2037 = FILL_AREA_STYLE ('',( #1339 ) ) ;
#2038 = VERTEX_POINT ( 'NONE', #1951 ) ;
#2039 = EDGE_CURVE ( 'NONE', #912, #2646, #1620, .T. ) ;
#2040 = VECTOR ( 'NONE', #1265, 39.37007874015748100 ) ;
#2041 = DIRECTION ( 'NONE',  ( 0.0000000000000000000, -1.000000000000000000, 0.0000000000000000000 ) ) ;
#2042 = AXIS2_PLACEMENT_3D ( 'NONE', #81, #2896, #2585 ) ;
#2043 = SURFACE_STYLE_USAGE ( .BOTH. , #1715 ) ;
#2044 = SURFACE_SIDE_STYLE ('',( #2340 ) ) ;
#2045 = ORIENTED_EDGE ( 'NONE', *, *, #1556, .F. ) ;
#2046 = EDGE_CURVE ( 'NONE', #120, #2769, #332, .T. ) ;
#2047 = EDGE_CURVE ( 'NONE', #40, #2550, #2511, .T. ) ;
#2048 = FILL_AREA_STYLE_COLOUR ( '', #2885 ) ;
#2049 =( GEOMETRIC_REPRESENTATION_CONTEXT ( 3 ) GLOBAL_UNCERTAINTY_ASSIGNED_CONTEXT ( ( #1261 ) ) GLOBAL_UNIT_ASSIGNED_CONTEXT ( ( #1577, #112, #2268 ) ) REPRESENTATION_CONTEXT ( 'NONE', 'WORKASPACE' ) );
#2050 = ORIENTED_EDGE ( 'NONE', *, *, #2236, .F. ) ;
#2051 = CARTESIAN_POINT ( 'NONE',  ( 0.1143700787401575200, -0.005661420000000000300, 0.04776828773629437200 ) ) ;
#2052 = PRESENTATION_LAYER_ASSIGNMENT (  '', '', ( #1977 ) ) ;
#2053 = EDGE_CURVE ( 'NONE', #1685, #1319, #1545, .T. ) ;
#2054 = EDGE_CURVE ( 'NONE', #1537, #290, #596, .T. ) ;
#2055 = PRESENTATION_LAYER_ASSIGNMENT (  '', '', ( #2209 ) ) ;
#2056 = DIRECTION ( 'NONE',  ( -0.7071067811865463500, 0.0000000000000000000, -0.7071067811865487900 ) ) ;
#2057 = CARTESIAN_POINT ( 'NONE',  ( 0.06699999999994620000, -0.004874015748031563500, 0.08267716354330711900 ) ) ;
#2058 = CARTESIAN_POINT ( 'NONE',  ( 0.07500000000000002500, 0.04945669291338579400, 0.02899999999999991500 ) ) ;
#2059 = LINE ( 'NONE', #1736, #2359 ) ;
#2060 = ORIENTED_EDGE ( 'NONE', *, *, #2236, .T. ) ;
#2061 = CARTESIAN_POINT ( 'NONE',  ( 0.08299999999994621400, -0.01077952755905518500, 0.08267716354330711900 ) ) ;
#2062 = SURFACE_STYLE_USAGE ( .BOTH. , #2365 ) ;
#2063 = EDGE_CURVE ( 'NONE', #2320, #1971, #2761, .T. ) ;
#2064 = DIRECTION ( 'NONE',  ( 0.0000000000000000000, 0.0000000000000000000, 1.000000000000000000 ) ) ;
#2065 = DIRECTION ( 'NONE',  ( 2.134256245050205900E-016, 0.0000000000000000000, 1.000000000000000000 ) ) ;
#2066 = LINE ( 'NONE', #1880, #1198 ) ;
#2067 = PRESENTATION_LAYER_ASSIGNMENT (  '', '', ( #1995 ) ) ;
#2068 = SURFACE_STYLE_USAGE ( .BOTH. , #2375 ) ;
#2069 = VECTOR ( 'NONE', #2796, 39.37007874015748900 ) ;
#2070 = LINE ( 'NONE', #1752, #820 ) ;
#2071 = CARTESIAN_POINT ( 'NONE',  ( 0.07499999999998394100, 0.08699999999996095600, -0.008000000000000033100 ) ) ;
#2072 = ADVANCED_FACE ( 'NONE', ( #1605 ), #1692, .F. ) ;
#2073 = PRESENTATION_LAYER_ASSIGNMENT (  '', '', ( #2386 ) ) ;
#2074 = FILL_AREA_STYLE ('',( #2384 ) ) ;
#2075 = ORIENTED_EDGE ( 'NONE', *, *, #2334, .T. ) ;
#2076 = LINE ( 'NONE', #1756, #2561 ) ;
#2077 = ORIENTED_EDGE ( 'NONE', *, *, #1446, .T. ) ;
#2078 = LINE ( 'NONE', #1979, #203 ) ;
#2079 = DIRECTION ( 'NONE',  ( 8.935870830591221800E-017, -0.0000000000000000000, -1.000000000000000000 ) ) ;
#2080 = CARTESIAN_POINT ( 'NONE',  ( 0.03553259562151676900, -0.007518503808114055000, -0.04786561337462012100 ) ) ;
#2081 = DIRECTION ( 'NONE',  ( 0.0000000000000000000, -0.0000000000000000000, -1.000000000000000000 ) ) ;
#2082 = PLANE ( 'NONE',  #954 ) ;
#2083 = AXIS2_PLACEMENT_3D ( 'NONE', #2685, #2624, #2545 ) ;
#2084 = CARTESIAN_POINT ( 'NONE',  ( -0.06499999999994621200, -0.004874015748031564400, -0.07624419269206486600 ) ) ;
#2085 = FACE_OUTER_BOUND ( 'NONE', #100, .T. ) ;
#2086 = CARTESIAN_POINT ( 'NONE',  ( -0.06499999999994621200, 0.0000000000000000000, 0.0000000000000000000 ) ) ;
#2087 = LENGTH_MEASURE_WITH_UNIT ( LENGTH_MEASURE( 0.02539999999999999900 ), #435 );
#2088 = PRESENTATION_STYLE_ASSIGNMENT (( #2405 ) ) ;
#2089 = VECTOR ( 'NONE', #2852, 39.37007874015748100 ) ;
#2090 = CARTESIAN_POINT ( 'NONE',  ( -0.07500000000000002500, 0.07636857196568112800, -0.008000000000000033100 ) ) ;
#2091 = EDGE_CURVE ( 'NONE', #1302, #1537, #2167, .T. ) ;
#2092 = STYLED_ITEM ( 'NONE', ( #604 ), #2572 ) ;
#2093 = PRESENTATION_STYLE_ASSIGNMENT (( #2409 ) ) ;
#2094 = ORIENTED_EDGE ( 'NONE', *, *, #2189, .T. ) ;
#2095 = DIRECTION ( 'NONE',  ( -1.000000000000000000, -0.0000000000000000000, -1.138269997360109900E-016 ) ) ;
#2096 = VERTEX_POINT ( 'NONE', #2983 ) ;
#2097 = ADVANCED_FACE ( 'NONE', ( #2316 ), #1929, .T. ) ;
#2098 = FACE_OUTER_BOUND ( 'NONE', #2376, .T. ) ;
#2099 = MECHANICAL_DESIGN_GEOMETRIC_PRESENTATION_REPRESENTATION (  '', ( #1596 ), #632 ) ;
#2100 = EDGE_LOOP ( 'NONE', ( #1050, #98, #108, #798, #1635, #1820 ) ) ;
#2101 = PLANE ( 'NONE',  #2363 ) ;
#2102 = EDGE_CURVE ( 'NONE', #846, #2038, #1566, .T. ) ;
#2103 = SURFACE_STYLE_FILL_AREA ( #1786 ) ;
#2104 = DIRECTION ( 'NONE',  ( 0.0000000000000000000, 0.0000000000000000000, -1.000000000000000000 ) ) ;
#2105 = PRESENTATION_LAYER_ASSIGNMENT (  '', '', ( #1643 ) ) ;
#2106 = EDGE_CURVE ( 'NONE', #2416, #506, #271, .T. ) ;
#2107 = AXIS2_PLACEMENT_3D ( 'NONE', #519, #352, #349 ) ;
#2108 = SURFACE_SIDE_STYLE ('',( #2427 ) ) ;
#2109 = ADVANCED_FACE ( 'NONE', ( #1934, #2969, #2745 ), #610, .T. ) ;
#2110 =( NAMED_UNIT ( * ) SI_UNIT ( $, .STERADIAN. ) SOLID_ANGLE_UNIT ( ) );
#2111 = VERTEX_POINT ( 'NONE', #1483 ) ;
#2112 = VECTOR ( 'NONE', #1611, 39.37007874015748100 ) ;
#2113 = CARTESIAN_POINT ( 'NONE',  ( 0.03562992125984251700, -0.005661420000000000300, 3.183843740820887100E-018 ) ) ;
#2114 = DIRECTION ( 'NONE',  ( -1.000000000000000000, 0.0000000000000000000, 0.0000000000000000000 ) ) ;
#2115 = DIRECTION ( 'NONE',  ( 0.0000000000000000000, 1.000000000000000000, -0.0000000000000000000 ) ) ;
#2116 = VECTOR ( 'NONE', #1981, 39.37007874015748100 ) ;
#2117 = EDGE_CURVE ( 'NONE', #1896, #831, #1165, .T. ) ;
#2118 = STYLED_ITEM ( 'NONE', ( #2088 ), #2257 ) ;
#2119 = SURFACE_STYLE_FILL_AREA ( #24 ) ;
#2120 = CARTESIAN_POINT ( 'NONE',  ( -0.07500000000000006700, 0.06914173228346451300, -0.008000000000000033100 ) ) ;
#2121 = CARTESIAN_POINT ( 'NONE',  ( -0.1123431457505076500, 0.1029999999999999900, 0.07765685424949234100 ) ) ;
#2122 = EDGE_CURVE ( 'NONE', #1107, #1461, #3006, .T. ) ;
#2123 = DIRECTION ( 'NONE',  ( 0.0000000000000000000, 0.0000000000000000000, 1.000000000000000000 ) ) ;
#2124 = EDGE_LOOP ( 'NONE', ( #2979, #1256, #242, #3035 ) ) ;
#2125 = EDGE_CURVE ( 'NONE', #436, #448, #2059, .T. ) ;
#2126 = UNCERTAINTY_MEASURE_WITH_UNIT (LENGTH_MEASURE( 1.000000000000000100E-005 ), #92, 'distance_accuracy_value', 'NONE');
#2127 = CARTESIAN_POINT ( 'NONE',  ( -0.07499999999998394100, 0.08699999999996095600, -0.008000000000000033100 ) ) ;
#2128 = ADVANCED_FACE ( 'NONE', ( #1568 ), #2935, .T. ) ;
#2129 = FACE_OUTER_BOUND ( 'NONE', #882, .T. ) ;
#2130 = MECHANICAL_DESIGN_GEOMETRIC_PRESENTATION_REPRESENTATION (  '', ( #1977 ), #3058 ) ;
#2131 = LINE ( 'NONE', #1807, #2242 ) ;
#2132 = DIRECTION ( 'NONE',  ( -0.0000000000000000000, -1.000000000000000000, 0.0000000000000000000 ) ) ;
#2133 = AXIS2_PLACEMENT_3D ( 'NONE', #2181, #1860, #1541 ) ;
#2134 =( NAMED_UNIT ( * ) SI_UNIT ( $, .STERADIAN. ) SOLID_ANGLE_UNIT ( ) );
#2135 = DIRECTION ( 'NONE',  ( 0.0000000000000000000, 1.000000000000000000, -0.0000000000000000000 ) ) ;
#2136 = CONICAL_SURFACE ( 'NONE', #1678, 0.03900000000003773400, 0.7853981633967765900 ) ;
#2137 = DIRECTION ( 'NONE',  ( -1.000000000000000000, -1.005119190492443200E-012, 0.0000000000000000000 ) ) ;
#2138 = VECTOR ( 'NONE', #237, 39.37007874015748900 ) ;
#2139 = FILL_AREA_STYLE_COLOUR ( '', #223 ) ;
#2140 = ORIENTED_EDGE ( 'NONE', *, *, #176, .T. ) ;
#2141 = EDGE_LOOP ( 'NONE', ( #1277, #743, #1658, #492 ) ) ;
#2142 = DIRECTION ( 'NONE',  ( -0.0000000000000000000, -1.000000000000000000, -0.0000000000000000000 ) ) ;
#2143 = DIRECTION ( 'NONE',  ( -1.000000000000000000, 0.0000000000000000000, -0.0000000000000000000 ) ) ;
#2144 = ORIENTED_EDGE ( 'NONE', *, *, #1525, .F. ) ;
#2145 = CIRCLE ( 'NONE', #1508, 0.03149606299212599800 ) ;
#2146 = CARTESIAN_POINT ( 'NONE',  ( 0.06499999999994621200, -0.01077952755905518500, -0.07283464385826775300 ) ) ;
#2147 = SURFACE_SIDE_STYLE ('',( #345 ) ) ;
#2148 = FACE_OUTER_BOUND ( 'NONE', #850, .T. ) ;
#2149 = MECHANICAL_DESIGN_GEOMETRIC_PRESENTATION_REPRESENTATION (  '', ( #1995 ), #2527 ) ;
#2150 = CIRCLE ( 'NONE', #2309, 0.03900000000000000000 ) ;
#2151 = LINE ( 'NONE', #1826, #976 ) ;
#2152 = AXIS2_PLACEMENT_3D ( 'NONE', #2472, #881, #560 ) ;
#2153 = LINE ( 'NONE', #1830, #1913 ) ;
#2154 = FILL_AREA_STYLE_COLOUR ( '', #2157 ) ;
#2155 = LINE ( 'NONE', #1835, #500 ) ;
#2156 = CARTESIAN_POINT ( 'NONE',  ( 0.07500000000000002500, 0.04945669291338579400, -0.008000000000000033100 ) ) ;
#2157 = COLOUR_RGB ( '',1.000000000000000000, 1.000000000000000000, 1.000000000000000000 ) ;
#2158 = DIRECTION ( 'NONE',  ( 0.0000000000000000000, 0.0000000000000000000, -1.000000000000000000 ) ) ;
#2159 = LINE ( 'NONE', #1515, #372 ) ;
#2160 =( LENGTH_UNIT ( ) NAMED_UNIT ( * ) SI_UNIT ( $, .METRE. ) );
#2161 = ORIENTED_EDGE ( 'NONE', *, *, #365, .F. ) ;
#2162 = COLOUR_RGB ( '',1.000000000000000000, 1.000000000000000000, 1.000000000000000000 ) ;
#2163 = VECTOR ( 'NONE', #640, 39.37007874015748100 ) ;
#2164 = CARTESIAN_POINT ( 'NONE',  ( 0.1143700787401575000, -0.005661420000000000300, -0.04776828773629437200 ) ) ;
#2165 = EDGE_LOOP ( 'NONE', ( #2788, #82, #766, #1529 ) ) ;
#2166 = VECTOR ( 'NONE', #3054, 39.37007874015748100 ) ;
#2167 = CIRCLE ( 'NONE', #1649, 0.007999999999999998400 ) ;
#2168 = AXIS2_PLACEMENT_3D ( 'NONE', #681, #2202, #1885 ) ;
#2169 = FILL_AREA_STYLE_COLOUR ( '', #1923 ) ;
#2170 = FILL_AREA_STYLE_COLOUR ( '', #2400 ) ;
#2171 = DIRECTION ( 'NONE',  ( -1.000000000000000000, -0.0000000000000000000, 0.0000000000000000000 ) ) ;
#2172 = PRESENTATION_LAYER_ASSIGNMENT (  '', '', ( #2092 ) ) ;
#2173 = CARTESIAN_POINT ( 'NONE',  ( -0.1419999999999999900, 0.1029999999999999900, 0.03668629150101511400 ) ) ;
#2174 = CARTESIAN_POINT ( 'NONE',  ( -0.07500000000000006700, 0.06914173228346451300, -0.008000000000000033100 ) ) ;
#2175 =( CONVERSION_BASED_UNIT ( 'INCH', #2028 ) LENGTH_UNIT ( ) NAMED_UNIT ( #1358 ) );
#2176 = ORIENTED_EDGE ( 'NONE', *, *, #1686, .T. ) ;
#2177 = SURFACE_STYLE_FILL_AREA ( #2504 ) ;
#2178 = LINE ( 'NONE', #2121, #847 ) ;
#2179 = COLOUR_RGB ( '',1.000000000000000000, 1.000000000000000000, 1.000000000000000000 ) ;
#2180 = MECHANICAL_DESIGN_GEOMETRIC_PRESENTATION_REPRESENTATION (  '', ( #2859 ), #2802 ) ;
#2181 = CARTESIAN_POINT ( 'NONE',  ( 0.1420000000000000200, 0.09499999999999998700, 0.03999999999999996600 ) ) ;
#2182 = ADVANCED_FACE ( 'NONE', ( #2098 ), #979, .T. ) ;
#2183 = AXIS2_PLACEMENT_3D ( 'NONE', #2985, #1212, #977 ) ;
#2184 = CIRCLE ( 'NONE', #348, 0.03200000000000000100 ) ;
#2185 = PRESENTATION_LAYER_ASSIGNMENT (  '', '', ( #1788 ) ) ;
#2186 = LINE ( 'NONE', #2113, #1370 ) ;
#2187 = CARTESIAN_POINT ( 'NONE',  ( -0.03599999999992734000, 0.04945669291342497100, -0.008000000000000036600 ) ) ;
#2188 = ORIENTED_EDGE ( 'NONE', *, *, #176, .F. ) ;
#2189 = EDGE_CURVE ( 'NONE', #1947, #795, #2151, .T. ) ;
#2190 =( CONVERSION_BASED_UNIT ( 'INCH', #728 ) LENGTH_UNIT ( ) NAMED_UNIT ( #391 ) );
#2191 = STYLED_ITEM ( 'NONE', ( #1222 ), #2651 ) ;
#2192 = FACE_OUTER_BOUND ( 'NONE', #829, .T. ) ;
#2193 = DIRECTION ( 'NONE',  ( 1.005119190492443200E-012, -1.000000000000000000, -0.0000000000000000000 ) ) ;
#2194 = ORIENTED_EDGE ( 'NONE', *, *, #937, .F. ) ;
#2195 = FILL_AREA_STYLE_COLOUR ( '', #1238 ) ;
#2196 = LENGTH_MEASURE_WITH_UNIT ( LENGTH_MEASURE( 0.02539999999999999900 ), #1122 );
#2197 = CARTESIAN_POINT ( 'NONE',  ( 0.06499999999994621200, -0.004874015748031563500, -0.08267716354330711900 ) ) ;
#2198 = FILL_AREA_STYLE_COLOUR ( '', #1226 ) ;
#2199 = DIRECTION ( 'NONE',  ( -1.000000000000000000, -0.0000000000000000000, -0.0000000000000000000 ) ) ;
#2200 = VECTOR ( 'NONE', #836, 39.37007874015748100 ) ;
#2201 = CARTESIAN_POINT ( 'NONE',  ( -0.08499999999994620200, 0.009999999999999984600, -0.06083757802841399000 ) ) ;
#2202 = DIRECTION ( 'NONE',  ( 1.005119190492443200E-012, 1.000000000000000000, 0.0000000000000000000 ) ) ;
#2203 = ORIENTED_EDGE ( 'NONE', *, *, #1446, .F. ) ;
#2204 = AXIS2_PLACEMENT_3D ( 'NONE', #2993, #2598, #2440 ) ;
#2205 =( NAMED_UNIT ( * ) SI_UNIT ( $, .STERADIAN. ) SOLID_ANGLE_UNIT ( ) );
#2206 = DIRECTION ( 'NONE',  ( -0.0000000000000000000, -1.000000000000000000, -0.0000000000000000000 ) ) ;
#2207 = EDGE_LOOP ( 'NONE', ( #1092, #1041, #1589, #2748 ) ) ;
#2208 = PLANE ( 'NONE',  #2528 ) ;
#2209 = STYLED_ITEM ( 'NONE', ( #2671 ), #2514 ) ;
#2210 = CARTESIAN_POINT ( 'NONE',  ( 0.07499999999994620700, 0.04945669291338577300, -0.008000000000000033100 ) ) ;
#2211 =( NAMED_UNIT ( * ) SI_UNIT ( $, .STERADIAN. ) SOLID_ANGLE_UNIT ( ) );
#2212 = EDGE_CURVE ( 'NONE', #1266, #636, #1185, .T. ) ;
#2213 = DIRECTION ( 'NONE',  ( 0.0000000000000000000, -1.000000000000000000, 0.0000000000000000000 ) ) ;
#2214 = ORIENTED_EDGE ( 'NONE', *, *, #655, .T. ) ;
#2215 = CARTESIAN_POINT ( 'NONE',  ( -0.06699999999994620000, 2.667820306312757000E-018, 0.07343017838790437400 ) ) ;
#2216 =( LENGTH_UNIT ( ) NAMED_UNIT ( * ) SI_UNIT ( $, .METRE. ) );
#2217 = PRESENTATION_STYLE_ASSIGNMENT (( #2548 ) ) ;
#2218 = LENGTH_MEASURE_WITH_UNIT ( LENGTH_MEASURE( 0.02539999999999999900 ), #28 );
#2219 = ORIENTED_EDGE ( 'NONE', *, *, #2809, .T. ) ;
#2220 = FILL_AREA_STYLE_COLOUR ( '', #2648 ) ;
#2221 = DIRECTION ( 'NONE',  ( 0.0000000000000000000, 0.05233595624294396000, 0.9986295347545739400 ) ) ;
#2222 = EDGE_LOOP ( 'NONE', ( #1857, #409, #1405, #2911 ) ) ;
#2223 = ADVANCED_FACE ( 'NONE', ( #2488 ), #2736, .T. ) ;
#2224 = FILL_AREA_STYLE_COLOUR ( '', #3091 ) ;
#2225 = FILL_AREA_STYLE ('',( #2154 ) ) ;
#2226 = ORIENTED_EDGE ( 'NONE', *, *, #995, .T. ) ;
#2227 = LENGTH_MEASURE_WITH_UNIT ( LENGTH_MEASURE( 0.02539999999999999900 ), #2747 );
#2228 = CARTESIAN_POINT ( 'NONE',  ( 0.1100000000000000000, 0.09499999999999998700, 0.07199999999999998100 ) ) ;
#2229 = DIRECTION ( 'NONE',  ( -1.000000000000000000, -0.0000000000000000000, -0.0000000000000000000 ) ) ;
#2230 = MANIFOLD_SOLID_BREP ( 'Draft1', #638 ) ;
#2231 = DIRECTION ( 'NONE',  ( 0.9986295347545739400, 0.05233595624294396000, -1.784724906036055900E-016 ) ) ;
#2232 = ORIENTED_EDGE ( 'NONE', *, *, #211, .T. ) ;
#2233 = EDGE_CURVE ( 'NONE', #2683, #2314, #1926, .T. ) ;
#2234 = SURFACE_STYLE_FILL_AREA ( #2568 ) ;
#2235 =( GEOMETRIC_REPRESENTATION_CONTEXT ( 3 ) GLOBAL_UNCERTAINTY_ASSIGNED_CONTEXT ( ( #1270 ) ) GLOBAL_UNIT_ASSIGNED_CONTEXT ( ( #41, #1799, #2515 ) ) REPRESENTATION_CONTEXT ( 'NONE', 'WORKASPACE' ) );
#2236 = EDGE_CURVE ( 'NONE', #2646, #222, #645, .T. ) ;
#2237 = CARTESIAN_POINT ( 'NONE',  ( -0.07500000000000002500, 0.04945669291338579400, -0.04499999999999998400 ) ) ;
#2238 = ORIENTED_EDGE ( 'NONE', *, *, #42, .T. ) ;
#2239 = VECTOR ( 'NONE', #2547, 39.37007874015748100 ) ;
#2240 = ORIENTED_EDGE ( 'NONE', *, *, #655, .F. ) ;
#2241 = ADVANCED_FACE ( 'NONE', ( #1677 ), #2822, .T. ) ;
#2242 = VECTOR ( 'NONE', #1481, 39.37007874015748100 ) ;
#2243 = PLANE ( 'NONE',  #2377 ) ;
#2244 =( LENGTH_UNIT ( ) NAMED_UNIT ( * ) SI_UNIT ( $, .METRE. ) );
#2245 = DIRECTION ( 'NONE',  ( 0.0000000000000000000, 0.0000000000000000000, 1.000000000000000000 ) ) ;
#2246 = VERTEX_POINT ( 'NONE', #2164 ) ;
#2247 = MECHANICAL_DESIGN_GEOMETRIC_PRESENTATION_REPRESENTATION (  '', ( #2092 ), #2779 ) ;
#2248 = LINE ( 'NONE', #1946, #1688 ) ;
#2249 = EDGE_CURVE ( 'NONE', #3067, #578, #1443, .T. ) ;
#2250 = CARTESIAN_POINT ( 'NONE',  ( -0.08299999999994621400, -0.01077952755905518500, 0.08267716354330711900 ) ) ;
#2251 = DIRECTION ( 'NONE',  ( 0.0000000000000000000, -0.0000000000000000000, 1.000000000000000000 ) ) ;
#2252 = FACE_OUTER_BOUND ( 'NONE', #1263, .T. ) ;
#2253 = DIRECTION ( 'NONE',  ( 0.0000000000000000000, -1.000000000000000000, 0.0000000000000000000 ) ) ;
#2254 = DIRECTION ( 'NONE',  ( 0.0000000000000000000, 0.0000000000000000000, -1.000000000000000000 ) ) ;
#2255 = FILL_AREA_STYLE ('',( #2594 ) ) ;
#2256 = MECHANICAL_DESIGN_GEOMETRIC_PRESENTATION_REPRESENTATION (  '', ( #1788 ), #589 ) ;
#2257 = ADVANCED_FACE ( 'NONE', ( #2439 ), #891, .T. ) ;
#2258 = SURFACE_STYLE_FILL_AREA ( #1665 ) ;
#2259 = CARTESIAN_POINT ( 'NONE',  ( -0.03562992125984251100, -0.005661420000000000300, 0.04776828773629437200 ) ) ;
#2260 =( NAMED_UNIT ( * ) PLANE_ANGLE_UNIT ( ) SI_UNIT ( $, .RADIAN. ) );
#2261 = CARTESIAN_POINT ( 'NONE',  ( 0.04434425384676627500, 0.07636857196568112800, -0.008000000000000034900 ) ) ;
#2262 = CARTESIAN_POINT ( 'NONE',  ( -0.08299999999994621400, -1.067128122525102800E-018, 0.06661108072031027300 ) ) ;
#2263 = VECTOR ( 'NONE', #2213, 39.37007874015748100 ) ;
#2264 = CARTESIAN_POINT ( 'NONE',  ( 0.1140733762903689300, 0.0000000000000000000, 0.04747158528650577400 ) ) ;
#2265 = DIRECTION ( 'NONE',  ( 0.0000000000000000000, -0.5000000000000008900, 0.8660254037844381500 ) ) ;
#2266 = ORIENTED_EDGE ( 'NONE', *, *, #1945, .F. ) ;
#2267 = EDGE_CURVE ( 'NONE', #278, #2297, #2248, .T. ) ;
#2268 =( NAMED_UNIT ( * ) SI_UNIT ( $, .STERADIAN. ) SOLID_ANGLE_UNIT ( ) );
#2269 = DIRECTION ( 'NONE',  ( -1.000000000000000000, 0.0000000000000000000, -0.0000000000000000000 ) ) ;
#2270 = ORIENTED_EDGE ( 'NONE', *, *, #2330, .T. ) ;
#2271 = FACE_OUTER_BOUND ( 'NONE', #488, .T. ) ;
#2272 = ADVANCED_FACE ( 'NONE', ( #569 ), #841, .T. ) ;
#2273 = CARTESIAN_POINT ( 'NONE',  ( -0.03599999999994620000, 0.04945669291340536900, -0.008000000000000036600 ) ) ;
#2274 = CARTESIAN_POINT ( 'NONE',  ( -0.07500000000000002500, 0.04945669291338579400, -0.008000000000000033100 ) ) ;
#2275 =( LENGTH_UNIT ( ) NAMED_UNIT ( * ) SI_UNIT ( $, .METRE. ) );
#2276 = CARTESIAN_POINT ( 'NONE',  ( -0.1099999999999999900, 0.09499999999999998700, -0.04000000000000004900 ) ) ;
#2277 = STYLED_ITEM ( 'NONE', ( #2289 ), #1146 ) ;
#2278 = CARTESIAN_POINT ( 'NONE',  ( -0.06699999999994620000, -0.004874015748031564400, 0.07624419269206488000 ) ) ;
#2279 = APPLICATION_PROTOCOL_DEFINITION ( 'draft international standard', 'automotive_design', 1998, #2007 ) ;
#2280 = LENGTH_MEASURE_WITH_UNIT ( LENGTH_MEASURE( 0.02539999999999999900 ), #2924 );
#2281 = AXIS2_PLACEMENT_3D ( 'NONE', #1224, #909, #591 ) ;
#2282 = CARTESIAN_POINT ( 'NONE',  ( -0.08499999999994620200, -0.004874015748031564400, -0.07624419269206486600 ) ) ;
#2283 = ORIENTED_EDGE ( 'NONE', *, *, #3042, .T. ) ;
#2284 =( GEOMETRIC_REPRESENTATION_CONTEXT ( 3 ) GLOBAL_UNCERTAINTY_ASSIGNED_CONTEXT ( ( #757 ) ) GLOBAL_UNIT_ASSIGNED_CONTEXT ( ( #1268, #285, #2462 ) ) REPRESENTATION_CONTEXT ( 'NONE', 'WORKASPACE' ) );
#2285 = DIRECTION ( 'NONE',  ( -0.7071067811865486800, 0.0000000000000000000, 0.7071067811865465700 ) ) ;
#2286 = DIRECTION ( 'NONE',  ( 2.134256245050205000E-016, 0.0000000000000000000, -1.000000000000000000 ) ) ;
#2287 = DIRECTION ( 'NONE',  ( 0.0000000000000000000, 0.0000000000000000000, -1.000000000000000000 ) ) ;
#2288 = DIRECTION ( 'NONE',  ( -1.005119190492443200E-012, 1.000000000000000000, 0.0000000000000000000 ) ) ;
#2289 = PRESENTATION_STYLE_ASSIGNMENT (( #1990 ) ) ;
#2290 = VERTEX_POINT ( 'NONE', #2693 ) ;
#2291 = CYLINDRICAL_SURFACE ( 'NONE', #60, 0.007999999999999998400 ) ;
#2292 = CARTESIAN_POINT ( 'NONE',  ( -0.1419999999999999900, 0.1029999999999999900, -0.04000000000000006300 ) ) ;
#2293 = PRESENTATION_STYLE_ASSIGNMENT (( #2641 ) ) ;
#2294 = ORIENTED_EDGE ( 'NONE', *, *, #211, .F. ) ;
#2295 = AXIS2_PLACEMENT_3D ( 'NONE', #2276, #3082, #2686 ) ;
#2296 = ADVANCED_FACE ( 'NONE', ( #1287 ), #239, .T. ) ;
#2297 = VERTEX_POINT ( 'NONE', #1378 ) ;
#2298 = DIRECTION ( 'NONE',  ( 0.0000000000000000000, 0.0000000000000000000, 1.000000000000000000 ) ) ;
#2299 = LENGTH_MEASURE_WITH_UNIT ( LENGTH_MEASURE( 0.02539999999999999900 ), #2951 );
#2300 = DIRECTION ( 'NONE',  ( 1.787174166118244400E-016, -0.0000000000000000000, 1.000000000000000000 ) ) ;
#2301 = ORIENTED_EDGE ( 'NONE', *, *, #639, .T. ) ;
#2302 = EDGE_CURVE ( 'NONE', #1094, #290, #1073, .T. ) ;
#2303 =( GEOMETRIC_REPRESENTATION_CONTEXT ( 3 ) GLOBAL_UNCERTAINTY_ASSIGNED_CONTEXT ( ( #1917 ) ) GLOBAL_UNIT_ASSIGNED_CONTEXT ( ( #1084, #198, #1178 ) ) REPRESENTATION_CONTEXT ( 'NONE', 'WORKASPACE' ) );
#2304 = CARTESIAN_POINT ( 'NONE',  ( 0.06699999999994620000, -0.004874015748031564400, 0.07624419269206488000 ) ) ;
#2305 = ADVANCED_FACE ( 'NONE', ( #2498 ), #99, .F. ) ;
#2306 = DIRECTION ( 'NONE',  ( -0.05233595624294395300, -0.9986295347545738300, 0.0000000000000000000 ) ) ;
#2307 = SURFACE_SIDE_STYLE ('',( #2658 ) ) ;
#2308 = EDGE_LOOP ( 'NONE', ( #2666, #594, #397, #969 ) ) ;
#2309 = AXIS2_PLACEMENT_3D ( 'NONE', #2699, #2637, #2746 ) ;
#2310 =( LENGTH_UNIT ( ) NAMED_UNIT ( * ) SI_UNIT ( $, .METRE. ) );
#2311 = ORIENTED_EDGE ( 'NONE', *, *, #2407, .F. ) ;
#2312 = FACE_OUTER_BOUND ( 'NONE', #981, .T. ) ;
#2313 = DIRECTION ( 'NONE',  ( 0.0000000000000000000, 0.0000000000000000000, -1.000000000000000000 ) ) ;
#2314 = VERTEX_POINT ( 'NONE', #1970 ) ;
#2315 = EDGE_CURVE ( 'NONE', #290, #1836, #2412, .T. ) ;
#2316 = FACE_OUTER_BOUND ( 'NONE', #1388, .T. ) ;
#2317 = CARTESIAN_POINT ( 'NONE',  ( -0.03592662370963110200, 0.0000000000000000000, -0.04747158528650577400 ) ) ;
#2318 = EDGE_CURVE ( 'NONE', #2537, #846, #346, .T. ) ;
#2319 =( NAMED_UNIT ( * ) PLANE_ANGLE_UNIT ( ) SI_UNIT ( $, .RADIAN. ) );
#2320 = VERTEX_POINT ( 'NONE', #2530 ) ;
#2321 = PLANE ( 'NONE',  #387 ) ;
#2322 =( NAMED_UNIT ( * ) PLANE_ANGLE_UNIT ( ) SI_UNIT ( $, .RADIAN. ) );
#2323 = DIRECTION ( 'NONE',  ( 0.0000000000000000000, 0.0000000000000000000, -1.000000000000000000 ) ) ;
#2324 = DIRECTION ( 'NONE',  ( -0.9986295347545739400, 0.05233595624294396000, -8.923624530180279400E-017 ) ) ;
#2325 = PRESENTATION_STYLE_ASSIGNMENT (( #2395 ) ) ;
#2326 = ADVANCED_FACE ( 'NONE', ( #590 ), #234, .F. ) ;
#2327 =( GEOMETRIC_REPRESENTATION_CONTEXT ( 3 ) GLOBAL_UNCERTAINTY_ASSIGNED_CONTEXT ( ( #1206 ) ) GLOBAL_UNIT_ASSIGNED_CONTEXT ( ( #1601, #646, #2812 ) ) REPRESENTATION_CONTEXT ( 'NONE', 'WORKASPACE' ) );
#2328 = VERTEX_POINT ( 'NONE', #1562 ) ;
#2329 = CARTESIAN_POINT ( 'NONE',  ( -0.06699999999994620000, -0.01077952755905518500, 0.08267716354330711900 ) ) ;
#2330 = EDGE_CURVE ( 'NONE', #917, #2096, #1251, .T. ) ;
#2331 =( NAMED_UNIT ( * ) SI_UNIT ( $, .STERADIAN. ) SOLID_ANGLE_UNIT ( ) );
#2332 = DIRECTION ( 'NONE',  ( -0.9986295347545739400, 0.05233595624294396000, -1.784724906036055900E-016 ) ) ;
#2333 = DIRECTION ( 'NONE',  ( 1.016439536705159900E-016, 0.0000000000000000000, -1.000000000000000000 ) ) ;
#2334 = EDGE_CURVE ( 'NONE', #795, #556, #3072, .T. ) ;
#2335 = CARTESIAN_POINT ( 'NONE',  ( -0.1419999999999999900, 0.09499999999999998700, 0.03668629150101511400 ) ) ;
#2336 = ORIENTED_EDGE ( 'NONE', *, *, #79, .T. ) ;
#2337 = VECTOR ( 'NONE', #324, 39.37007874015748100 ) ;
#2338 = EDGE_CURVE ( 'NONE', #2792, #2873, #2131, .T. ) ;
#2339 = CARTESIAN_POINT ( 'NONE',  ( -0.1066862915010152600, 0.1029999999999999900, 0.07199999999999998100 ) ) ;
#2340 = SURFACE_STYLE_FILL_AREA ( #2694 ) ;
#2341 = CIRCLE ( 'NONE', #2770, 0.03699999999999995000 ) ;
#2342 = DIRECTION ( 'NONE',  ( 0.0000000000000000000, -0.9733199403651723300, -0.2294521599103771200 ) ) ;
#2343 = EDGE_LOOP ( 'NONE', ( #1114, #456, #2661, #295 ) ) ;
#2344 = AXIS2_PLACEMENT_3D ( 'NONE', #2849, #2496, #169 ) ;
#2345 = EDGE_CURVE ( 'NONE', #220, #1389, #1161, .T. ) ;
#2346 = PLANE ( 'NONE',  #1858 ) ;
#2347 = EDGE_LOOP ( 'NONE', ( #943, #897 ) ) ;
#2348 = AXIS2_PLACEMENT_3D ( 'NONE', #2989, #1034, #750 ) ;
#2349 = UNCERTAINTY_MEASURE_WITH_UNIT (LENGTH_MEASURE( 1.000000000000000100E-005 ), #1801, 'distance_accuracy_value', 'NONE');
#2350 = ORIENTED_EDGE ( 'NONE', *, *, #415, .T. ) ;
#2351 = EDGE_LOOP ( 'NONE', ( #86, #779, #2017, #368 ) ) ;
#2352 = PLANE ( 'NONE',  #127 ) ;
#2353 = CIRCLE ( 'NONE', #1989, 0.03900000000003773400 ) ;
#2354 =( GEOMETRIC_REPRESENTATION_CONTEXT ( 3 ) GLOBAL_UNCERTAINTY_ASSIGNED_CONTEXT ( ( #1693 ) ) GLOBAL_UNIT_ASSIGNED_CONTEXT ( ( #2190, #1236, #257 ) ) REPRESENTATION_CONTEXT ( 'NONE', 'WORKASPACE' ) );
#2355 = STYLED_ITEM ( 'NONE', ( #1457 ), #2533 ) ;
#2356 = DIRECTION ( 'NONE',  ( -0.0000000000000000000, -1.000000000000000000, -0.0000000000000000000 ) ) ;
#2357 = LINE ( 'NONE', #2057, #2877 ) ;
#2358 = LINE ( 'NONE', #263, #1109 ) ;
#2359 = VECTOR ( 'NONE', #1402, 39.37007874015748100 ) ;
#2360 = DIRECTION ( 'NONE',  ( -1.000000000000000000, 0.0000000000000000000, 0.0000000000000000000 ) ) ;
#2361 = DIRECTION ( 'NONE',  ( -2.134256245050205000E-016, 0.0000000000000000000, 1.000000000000000000 ) ) ;
#2362 = DIRECTION ( 'NONE',  ( 1.000000000000000000, -0.0000000000000000000, 2.134256245050205000E-016 ) ) ;
#2363 = AXIS2_PLACEMENT_3D ( 'NONE', #507, #157, #2977 ) ;
#2364 = COLOUR_RGB ( '',1.000000000000000000, 1.000000000000000000, 1.000000000000000000 ) ;
#2365 = SURFACE_SIDE_STYLE ('',( #2712 ) ) ;
#2366 = CARTESIAN_POINT ( 'NONE',  ( -0.1099999999999999900, 0.09499999999999998700, -0.08000000000000005700 ) ) ;
#2367 = EDGE_CURVE ( 'NONE', #2111, #574, #182, .T. ) ;
#2368 = ORIENTED_EDGE ( 'NONE', *, *, #2047, .T. ) ;
#2369 = VECTOR ( 'NONE', #1741, 39.37007874015748100 ) ;
#2370 = SURFACE_SIDE_STYLE ('',( #628 ) ) ;
#2371 = DIRECTION ( 'NONE',  ( -1.000000000000000000, 0.0000000000000000000, 2.134256245050205900E-016 ) ) ;
#2372 = CIRCLE ( 'NONE', #744, 0.03900000000003773400 ) ;
#2373 = FACE_OUTER_BOUND ( 'NONE', #879, .T. ) ;
#2374 = DIRECTION ( 'NONE',  ( 0.0000000000000000000, -0.8660254037844382600, 0.5000000000000004400 ) ) ;
#2375 = SURFACE_SIDE_STYLE ('',( #2719 ) ) ;
#2376 = EDGE_LOOP ( 'NONE', ( #2999, #2767, #430, #608 ) ) ;
#2377 = AXIS2_PLACEMENT_3D ( 'NONE', #124, #2806, #1672 ) ;
#2378 = EDGE_CURVE ( 'NONE', #2096, #2023, #2357, .T. ) ;
#2379 =( NAMED_UNIT ( * ) SI_UNIT ( $, .STERADIAN. ) SOLID_ANGLE_UNIT ( ) );
#2380 = DIRECTION ( 'NONE',  ( 0.0000000000000000000, 0.9986295347545738300, 0.05233595624294395300 ) ) ;
#2381 = ORIENTED_EDGE ( 'NONE', *, *, #56, .F. ) ;
#2382 = VECTOR ( 'NONE', #2727, 39.37007874015748100 ) ;
#2383 = CIRCLE ( 'NONE', #2914, 0.03699999999999995000 ) ;
#2384 = FILL_AREA_STYLE_COLOUR ( '', #1942 ) ;
#2385 = ORIENTED_EDGE ( 'NONE', *, *, #639, .F. ) ;
#2386 = STYLED_ITEM ( 'NONE', ( #104 ), #1902 ) ;
#2387 = LINE ( 'NONE', #131, #2801 ) ;
#2388 = EDGE_CURVE ( 'NONE', #2038, #622, #269, .T. ) ;
#2389 = UNCERTAINTY_MEASURE_WITH_UNIT (LENGTH_MEASURE( 1.000000000000000100E-005 ), #1292, 'distance_accuracy_value', 'NONE');
#2390 = DIRECTION ( 'NONE',  ( 0.0000000000000000000, 0.0000000000000000000, 1.000000000000000000 ) ) ;
#2391 = LINE ( 'NONE', #2080, #835 ) ;
#2392 = ORIENTED_EDGE ( 'NONE', *, *, #3050, .T. ) ;
#2393 = AXIS2_PLACEMENT_3D ( 'NONE', #141, #2847, #383 ) ;
#2394 = CIRCLE ( 'NONE', #210, 0.03699999999999995000 ) ;
#2395 = SURFACE_STYLE_USAGE ( .BOTH. , #160 ) ;
#2396 = DIRECTION ( 'NONE',  ( 1.005119190492443200E-012, -1.000000000000000000, -0.0000000000000000000 ) ) ;
#2397 =( NAMED_UNIT ( * ) PLANE_ANGLE_UNIT ( ) SI_UNIT ( $, .RADIAN. ) );
#2398 =( NAMED_UNIT ( * ) SI_UNIT ( $, .STERADIAN. ) SOLID_ANGLE_UNIT ( ) );
#2399 = EDGE_LOOP ( 'NONE', ( #1899, #2590 ) ) ;
#2400 = COLOUR_RGB ( '',1.000000000000000000, 1.000000000000000000, 1.000000000000000000 ) ;
#2401 = FACE_OUTER_BOUND ( 'NONE', #2308, .T. ) ;
#2402 = PLANE ( 'NONE',  #1581 ) ;
#2403 = ORIENTED_EDGE ( 'NONE', *, *, #2819, .T. ) ;
#2404 = VECTOR ( 'NONE', #1023, 39.37007874015748100 ) ;
#2405 = SURFACE_STYLE_USAGE ( .BOTH. , #2739 ) ;
#2406 = DIMENSIONAL_EXPONENTS ( 1.000000000000000000, 0.0000000000000000000, 0.0000000000000000000, 0.0000000000000000000, 0.0000000000000000000, 0.0000000000000000000, 0.0000000000000000000 ) ;
#2407 = EDGE_CURVE ( 'NONE', #2246, #75, #787, .T. ) ;
#2408 = DIMENSIONAL_EXPONENTS ( 1.000000000000000000, 0.0000000000000000000, 0.0000000000000000000, 0.0000000000000000000, 0.0000000000000000000, 0.0000000000000000000, 0.0000000000000000000 ) ;
#2409 = SURFACE_STYLE_USAGE ( .BOTH. , #2743 ) ;
#2410 = LINE ( 'NONE', #2638, #692 ) ;
#2411 = PRESENTATION_LAYER_ASSIGNMENT (  '', '', ( #1127 ) ) ;
#2412 = CIRCLE ( 'NONE', #970, 0.007999999999999998400 ) ;
#2413 = LENGTH_MEASURE_WITH_UNIT ( LENGTH_MEASURE( 0.02539999999999999900 ), #2771 );
#2414 = DIMENSIONAL_EXPONENTS ( 1.000000000000000000, 0.0000000000000000000, 0.0000000000000000000, 0.0000000000000000000, 0.0000000000000000000, 0.0000000000000000000, 0.0000000000000000000 ) ;
#2415 = CARTESIAN_POINT ( 'NONE',  ( 0.03562992125984251700, -0.005661420000000000300, 3.183843740820886700E-018 ) ) ;
#2416 = VERTEX_POINT ( 'NONE', #2630 ) ;
#2417 = UNCERTAINTY_MEASURE_WITH_UNIT (LENGTH_MEASURE( 1.000000000000000100E-005 ), #148, 'distance_accuracy_value', 'NONE');
#2418 = DIMENSIONAL_EXPONENTS ( 1.000000000000000000, 0.0000000000000000000, 0.0000000000000000000, 0.0000000000000000000, 0.0000000000000000000, 0.0000000000000000000, 0.0000000000000000000 ) ;
#2419 = EDGE_CURVE ( 'NONE', #136, #197, #746, .T. ) ;
#2420 = LINE ( 'NONE', #1216, #1739 ) ;
#2421 = DIRECTION ( 'NONE',  ( 2.134256245050203900E-015, -1.000000000000000000, 0.0000000000000000000 ) ) ;
#2422 = DIMENSIONAL_EXPONENTS ( 1.000000000000000000, 0.0000000000000000000, 0.0000000000000000000, 0.0000000000000000000, 0.0000000000000000000, 0.0000000000000000000, 0.0000000000000000000 ) ;
#2423 = CARTESIAN_POINT ( 'NONE',  ( 0.06699999999994620000, 0.009999999999999984600, 0.06083757802841401100 ) ) ;
#2424 =( CONVERSION_BASED_UNIT ( 'INCH', #2763 ) LENGTH_UNIT ( ) NAMED_UNIT ( #401 ) );
#2425 = DIRECTION ( 'NONE',  ( 0.0000000000000000000, 0.0000000000000000000, -1.000000000000000000 ) ) ;
#2426 = COLOUR_RGB ( '',1.000000000000000000, 1.000000000000000000, 1.000000000000000000 ) ;
#2427 = SURFACE_STYLE_FILL_AREA ( #2755 ) ;
#2428 = AXIS2_PLACEMENT_3D ( 'NONE', #2937, #2362, #668 ) ;
#2429 = LENGTH_MEASURE_WITH_UNIT ( LENGTH_MEASURE( 0.02539999999999999900 ), #1061 );
#2430 = DIRECTION ( 'NONE',  ( -1.005119190492443200E-012, -1.000000000000000000, -0.0000000000000000000 ) ) ;
#2431 = PLANE ( 'NONE',  #498 ) ;
#2432 = CARTESIAN_POINT ( 'NONE',  ( -0.1499999999999999900, 0.0000000000000000000, 0.06661108072031027300 ) ) ;
#2433 = ORIENTED_EDGE ( 'NONE', *, *, #1791, .F. ) ;
#2434 = SPHERICAL_SURFACE ( 'NONE', #1792, 0.03149606299212600500 ) ;
#2435 = ADVANCED_FACE ( 'NONE', ( #3068 ), #133, .T. ) ;
#2436 = VECTOR ( 'NONE', #360, 39.37007874015748100 ) ;
#2437 = PRESENTATION_STYLE_ASSIGNMENT (( #212 ) ) ;
#2438 = ORIENTED_EDGE ( 'NONE', *, *, #1928, .F. ) ;
#2439 = FACE_OUTER_BOUND ( 'NONE', #1563, .T. ) ;
#2440 = DIRECTION ( 'NONE',  ( 1.000000000000000000, 0.0000000000000000000, -0.0000000000000000000 ) ) ;
#2441 = UNCERTAINTY_MEASURE_WITH_UNIT (LENGTH_MEASURE( 1.000000000000000100E-005 ), #941, 'distance_accuracy_value', 'NONE');
#2442 = STYLED_ITEM ( 'NONE', ( #1152 ), #1171 ) ;
#2443 = ORIENTED_EDGE ( 'NONE', *, *, #2338, .T. ) ;
#2444 = ADVANCED_FACE ( 'NONE', ( #305 ), #202, .T. ) ;
#2445 =( GEOMETRIC_REPRESENTATION_CONTEXT ( 3 ) GLOBAL_UNCERTAINTY_ASSIGNED_CONTEXT ( ( #1673 ) ) GLOBAL_UNIT_ASSIGNED_CONTEXT ( ( #1355, #400, #2577 ) ) REPRESENTATION_CONTEXT ( 'NONE', 'WORKASPACE' ) );
#2446 = PRODUCT ( 'OPB733TR', 'OPB733TR', '', ( #2620 ) ) ;
#2447 = CARTESIAN_POINT ( 'NONE',  ( 0.07500000000000002500, 0.04945669291338579400, -0.008000000000000033100 ) ) ;
#2448 = DIRECTION ( 'NONE',  ( 0.0000000000000000000, 0.0000000000000000000, -1.000000000000000000 ) ) ;
#2449 = UNCERTAINTY_MEASURE_WITH_UNIT (LENGTH_MEASURE( 1.000000000000000100E-005 ), #2978, 'distance_accuracy_value', 'NONE');
#2450 = FILL_AREA_STYLE ('',( #1487 ) ) ;
#2451 = CARTESIAN_POINT ( 'NONE',  ( -0.1499999999999999900, 0.1029999999999999900, -0.08000000000000005700 ) ) ;
#2452 = ORIENTED_EDGE ( 'NONE', *, *, #1578, .T. ) ;
#2453 = AXIS2_PLACEMENT_3D ( 'NONE', #2626, #2286, #1984 ) ;
#2454 =( NAMED_UNIT ( * ) PLANE_ANGLE_UNIT ( ) SI_UNIT ( $, .RADIAN. ) );
#2455 = DIRECTION ( 'NONE',  ( 0.0000000000000000000, -1.658841843374795100E-016, 1.000000000000000000 ) ) ;
#2456 = ORIENTED_EDGE ( 'NONE', *, *, #1765, .F. ) ;
#2457 = DIRECTION ( 'NONE',  ( 0.0000000000000000000, 0.0000000000000000000, 1.000000000000000000 ) ) ;
#2458 = PRESENTATION_STYLE_ASSIGNMENT (( #2657 ) ) ;
#2459 = SURFACE_STYLE_FILL_AREA ( #548 ) ;
#2460 = CARTESIAN_POINT ( 'NONE',  ( -0.1499999999999999900, 0.0000000000000000000, 0.04747158528650577400 ) ) ;
#2461 = CARTESIAN_POINT ( 'NONE',  ( -0.08499999999994620200, -0.01077952755905518500, -0.08267716354330711900 ) ) ;
#2462 =( NAMED_UNIT ( * ) SI_UNIT ( $, .STERADIAN. ) SOLID_ANGLE_UNIT ( ) );
#2463 =( NAMED_UNIT ( * ) PLANE_ANGLE_UNIT ( ) SI_UNIT ( $, .RADIAN. ) );
#2464 = DIMENSIONAL_EXPONENTS ( 1.000000000000000000, 0.0000000000000000000, 0.0000000000000000000, 0.0000000000000000000, 0.0000000000000000000, 0.0000000000000000000, 0.0000000000000000000 ) ;
#2465 = AXIS2_PLACEMENT_3D ( 'NONE', #2335, #469, #2285 ) ;
#2466 = EDGE_CURVE ( 'NONE', #1302, #2972, #2070, .T. ) ;
#2467 = LENGTH_MEASURE_WITH_UNIT ( LENGTH_MEASURE( 0.02539999999999999900 ), #703 );
#2468 = DIMENSIONAL_EXPONENTS ( 1.000000000000000000, 0.0000000000000000000, 0.0000000000000000000, 0.0000000000000000000, 0.0000000000000000000, 0.0000000000000000000, 0.0000000000000000000 ) ;
#2469 = DIRECTION ( 'NONE',  ( 0.0000000000000000000, 0.0000000000000000000, 1.000000000000000000 ) ) ;
#2470 = CARTESIAN_POINT ( 'NONE',  ( -0.1419999999999999900, 0.09499999999999998700, -0.04000000000000006300 ) ) ;
#2471 = DIMENSIONAL_EXPONENTS ( 1.000000000000000000, 0.0000000000000000000, 0.0000000000000000000, 0.0000000000000000000, 0.0000000000000000000, 0.0000000000000000000, 0.0000000000000000000 ) ;
#2472 = CARTESIAN_POINT ( 'NONE',  ( -0.1066862915010152600, 0.09499999999999998700, 0.07199999999999998100 ) ) ;
#2473 = STYLED_ITEM ( 'NONE', ( #2093 ), #2031 ) ;
#2474 = DIMENSIONAL_EXPONENTS ( 1.000000000000000000, 0.0000000000000000000, 0.0000000000000000000, 0.0000000000000000000, 0.0000000000000000000, 0.0000000000000000000, 0.0000000000000000000 ) ;
#2475 = EDGE_CURVE ( 'NONE', #1872, #506, #808, .T. ) ;
#2476 = DIRECTION ( 'NONE',  ( 0.0000000000000000000, 0.8660254037844380400, -0.5000000000000008900 ) ) ;
#2477 = EDGE_LOOP ( 'NONE', ( #205, #2901, #2456 ) ) ;
#2478 = DIMENSIONAL_EXPONENTS ( 1.000000000000000000, 0.0000000000000000000, 0.0000000000000000000, 0.0000000000000000000, 0.0000000000000000000, 0.0000000000000000000, 0.0000000000000000000 ) ;
#2479 = VECTOR ( 'NONE', #2229, 39.37007874015748100 ) ;
#2480 = EDGE_LOOP ( 'NONE', ( #1234, #1368, #671, #893 ) ) ;
#2481 = DIRECTION ( 'NONE',  ( 0.0000000000000000000, 0.0000000000000000000, 1.000000000000000000 ) ) ;
#2482 = DIMENSIONAL_EXPONENTS ( 1.000000000000000000, 0.0000000000000000000, 0.0000000000000000000, 0.0000000000000000000, 0.0000000000000000000, 0.0000000000000000000, 0.0000000000000000000 ) ;
#2483 = LINE ( 'NONE', #2423, #142 ) ;
#2484 = ORIENTED_EDGE ( 'NONE', *, *, #1686, .F. ) ;
#2485 = EDGE_CURVE ( 'NONE', #870, #857, #2953, .T. ) ;
#2486 = CARTESIAN_POINT ( 'NONE',  ( 0.07500000000000002500, 0.07636857196568112800, -0.008000000000000033100 ) ) ;
#2487 =( CONVERSION_BASED_UNIT ( 'INCH', #50 ) LENGTH_UNIT ( ) NAMED_UNIT ( #1420 ) );
#2488 = FACE_OUTER_BOUND ( 'NONE', #2691, .T. ) ;
#2489 = DIMENSIONAL_EXPONENTS ( 1.000000000000000000, 0.0000000000000000000, 0.0000000000000000000, 0.0000000000000000000, 0.0000000000000000000, 0.0000000000000000000, 0.0000000000000000000 ) ;
#2490 = DIRECTION ( 'NONE',  ( 1.000000000000000000, 0.0000000000000000000, 0.0000000000000000000 ) ) ;
#2491 = DIMENSIONAL_EXPONENTS ( 1.000000000000000000, 0.0000000000000000000, 0.0000000000000000000, 0.0000000000000000000, 0.0000000000000000000, 0.0000000000000000000, 0.0000000000000000000 ) ;
#2492 = ADVANCED_FACE ( 'NONE', ( #2895, #796, #704, #1098, #1333, #1274, #1498 ), #1104, .F. ) ;
#2493 = EDGE_LOOP ( 'NONE', ( #2994, #2681, #1771, #2226 ) ) ;
#2494 = AXIS2_PLACEMENT_3D ( 'NONE', #564, #213, #3027 ) ;
#2495 = DIRECTION ( 'NONE',  ( -1.000000000000000000, 0.0000000000000000000, -1.016439536705159900E-016 ) ) ;
#2496 = DIRECTION ( 'NONE',  ( -1.138269997360109900E-016, 0.0000000000000000000, 1.000000000000000000 ) ) ;
#2497 = MECHANICAL_DESIGN_GEOMETRIC_PRESENTATION_REPRESENTATION (  '', ( #7 ), #2834 ) ;
#2498 = FACE_OUTER_BOUND ( 'NONE', #2207, .T. ) ;
#2499 = ORIENTED_EDGE ( 'NONE', *, *, #813, .T. ) ;
#2500 = DIRECTION ( 'NONE',  ( -1.000000000000000000, -1.005195886759646100E-012, 0.0000000000000000000 ) ) ;
#2501 = EDGE_CURVE ( 'NONE', #436, #1610, #1043, .T. ) ;
#2502 =( NAMED_UNIT ( * ) PLANE_ANGLE_UNIT ( ) SI_UNIT ( $, .RADIAN. ) );
#2503 = PRESENTATION_STYLE_ASSIGNMENT (( #905 ) ) ;
#2504 = FILL_AREA_STYLE ('',( #2825 ) ) ;
#2505 = VERTEX_POINT ( 'NONE', #2879 ) ;
#2506 = CARTESIAN_POINT ( 'NONE',  ( -0.07500000000000006700, 0.1006377952755905100, -0.008000000000000033100 ) ) ;
#2507 = ORIENTED_EDGE ( 'NONE', *, *, #2664, .F. ) ;
#2508 = ADVANCED_FACE ( 'NONE', ( #480 ), #2402, .F. ) ;
#2509 = AXIS2_PLACEMENT_3D ( 'NONE', #1844, #1523, #1203 ) ;
#2510 =( CONVERSION_BASED_UNIT ( 'INCH', #522 ) LENGTH_UNIT ( ) NAMED_UNIT ( #1362 ) );
#2511 = LINE ( 'NONE', #2187, #908 ) ;
#2512 = CARTESIAN_POINT ( 'NONE',  ( 0.06699999999994620000, -0.01077952755905518500, 0.07283464385826776700 ) ) ;
#2513 =( NAMED_UNIT ( * ) PLANE_ANGLE_UNIT ( ) SI_UNIT ( $, .RADIAN. ) );
#2514 = ADVANCED_FACE ( 'NONE', ( #869 ), #660, .T. ) ;
#2515 =( NAMED_UNIT ( * ) SI_UNIT ( $, .STERADIAN. ) SOLID_ANGLE_UNIT ( ) );
#2516 = PRESENTATION_LAYER_ASSIGNMENT (  '', '', ( #2191 ) ) ;
#2517 = VERTEX_POINT ( 'NONE', #2506 ) ;
#2518 = DIMENSIONAL_EXPONENTS ( 1.000000000000000000, 0.0000000000000000000, 0.0000000000000000000, 0.0000000000000000000, 0.0000000000000000000, 0.0000000000000000000, 0.0000000000000000000 ) ;
#2519 = CARTESIAN_POINT ( 'NONE',  ( -0.1099999999999999900, 0.1029999999999999900, -0.07200000000000005000 ) ) ;
#2520 = PLANE ( 'NONE',  #1527 ) ;
#2521 =( GEOMETRIC_REPRESENTATION_CONTEXT ( 3 ) GLOBAL_UNCERTAINTY_ASSIGNED_CONTEXT ( ( #1000 ) ) GLOBAL_UNIT_ASSIGNED_CONTEXT ( ( #2424, #1455, #509 ) ) REPRESENTATION_CONTEXT ( 'NONE', 'WORKASPACE' ) );
#2522 = CARTESIAN_POINT ( 'NONE',  ( -0.07500000000000006700, 0.06914173228346451300, -0.008000000000000033100 ) ) ;
#2523 = CARTESIAN_POINT ( 'NONE',  ( -0.1100000000000000300, 0.09499999999999998700, 0.07999999999999998800 ) ) ;
#2524 = ORIENTED_EDGE ( 'NONE', *, *, #2117, .T. ) ;
#2525 = EDGE_CURVE ( 'NONE', #544, #1524, #1697, .T. ) ;
#2526 = EDGE_CURVE ( 'NONE', #3067, #1594, #11, .T. ) ;
#2527 =( GEOMETRIC_REPRESENTATION_CONTEXT ( 3 ) GLOBAL_UNCERTAINTY_ASSIGNED_CONTEXT ( ( #2880 ) ) GLOBAL_UNIT_ASSIGNED_CONTEXT ( ( #724, #2878, #2379 ) ) REPRESENTATION_CONTEXT ( 'NONE', 'WORKASPACE' ) );
#2528 = AXIS2_PLACEMENT_3D ( 'NONE', #612, #526, #2123 ) ;
#2529 = CARTESIAN_POINT ( 'NONE',  ( -0.2043431457505075800, 0.09499999999999998700, -0.02565685424949265900 ) ) ;
#2530 = CARTESIAN_POINT ( 'NONE',  ( 0.08299999999994621400, -1.067128122525102800E-018, 0.06661108072031027300 ) ) ;
#2531 = CARTESIAN_POINT ( 'NONE',  ( 0.07500000000000002500, 0.04945669291338579400, -0.008000000000000033100 ) ) ;
#2532 = LINE ( 'NONE', #1988, #1812 ) ;
#2533 = ADVANCED_FACE ( 'NONE', ( #1028 ), #247, .F. ) ;
#2534 =( CONVERSION_BASED_UNIT ( 'INCH', #2218 ) LENGTH_UNIT ( ) NAMED_UNIT ( #2408 ) );
#2535 =( NAMED_UNIT ( * ) SI_UNIT ( $, .STERADIAN. ) SOLID_ANGLE_UNIT ( ) );
#2536 =( NAMED_UNIT ( * ) SI_UNIT ( $, .STERADIAN. ) SOLID_ANGLE_UNIT ( ) );
#2537 = VERTEX_POINT ( 'NONE', #1637 ) ;
#2538 = CARTESIAN_POINT ( 'NONE',  ( 0.07499999999994620700, 0.04945669291338577300, -0.008000000000000033100 ) ) ;
#2539 = PRESENTATION_LAYER_ASSIGNMENT (  '', '', ( #2355 ) ) ;
#2540 =( LENGTH_UNIT ( ) NAMED_UNIT ( * ) SI_UNIT ( $, .METRE. ) );
#2541 = LENGTH_MEASURE_WITH_UNIT ( LENGTH_MEASURE( 0.02539999999999999900 ), #1661 );
#2542 = ORIENTED_EDGE ( 'NONE', *, *, #1595, .F. ) ;
#2543 = CARTESIAN_POINT ( 'NONE',  ( -0.1499999999999999900, 0.1029999999999999900, -0.04000000000000006300 ) ) ;
#2544 = LENGTH_MEASURE_WITH_UNIT ( LENGTH_MEASURE( 0.02539999999999999900 ), #2765 );
#2545 = DIRECTION ( 'NONE',  ( 1.000000000000000000, 0.0000000000000000000, 0.0000000000000000000 ) ) ;
#2546 =( NAMED_UNIT ( * ) PLANE_ANGLE_UNIT ( ) SI_UNIT ( $, .RADIAN. ) );
#2547 = DIRECTION ( 'NONE',  ( 0.0000000000000000000, 0.0000000000000000000, 1.000000000000000000 ) ) ;
#2548 = SURFACE_STYLE_USAGE ( .BOTH. , #2865 ) ;
#2549 = DIRECTION ( 'NONE',  ( 1.000000000000000000, -0.0000000000000000000, -0.0000000000000000000 ) ) ;
#2550 = VERTEX_POINT ( 'NONE', #1311 ) ;
#2551 =( GEOMETRIC_REPRESENTATION_CONTEXT ( 3 ) GLOBAL_UNCERTAINTY_ASSIGNED_CONTEXT ( ( #1953 ) ) GLOBAL_UNIT_ASSIGNED_CONTEXT ( ( #289, #2463, #1500 ) ) REPRESENTATION_CONTEXT ( 'NONE', 'WORKASPACE' ) );
#2552 = VECTOR ( 'NONE', #334, 39.37007874015748100 ) ;
#2553 = DIRECTION ( 'NONE',  ( -1.000000000000000000, -1.005179966898570600E-012, 0.0000000000000000000 ) ) ;
#2554 = LENGTH_MEASURE_WITH_UNIT ( LENGTH_MEASURE( 0.02539999999999999900 ), #1385 );
#2555 = CARTESIAN_POINT ( 'NONE',  ( 0.0000000000000000000, -0.005661420000000000300, 0.04776828773629437200 ) ) ;
#2556 = ORIENTED_EDGE ( 'NONE', *, *, #70, .F. ) ;
#2557 = FACE_OUTER_BOUND ( 'NONE', #399, .T. ) ;
#2558 =( NAMED_UNIT ( * ) PLANE_ANGLE_UNIT ( ) SI_UNIT ( $, .RADIAN. ) );
#2559 = PRESENTATION_STYLE_ASSIGNMENT (( #1645 ) ) ;
#2560 = EDGE_CURVE ( 'NONE', #222, #870, #1006, .T. ) ;
#2561 = VECTOR ( 'NONE', #1424, 39.37007874015748100 ) ;
#2562 = LINE ( 'NONE', #1997, #1147 ) ;
#2563 = CARTESIAN_POINT ( 'NONE',  ( 0.08299999999994621400, -0.01077952755905518500, 0.08267716354330711900 ) ) ;
#2564 = FACE_OUTER_BOUND ( 'NONE', #2222, .T. ) ;
#2565 = DIRECTION ( 'NONE',  ( 1.000000000000000000, 0.0000000000000000000, 0.0000000000000000000 ) ) ;
#2566 = CARTESIAN_POINT ( 'NONE',  ( 0.1143700787401575000, -0.005661420000000000300, -2.043992501013188900E-017 ) ) ;
#2567 = CARTESIAN_POINT ( 'NONE',  ( -0.1476568542494923800, 0.0000000000000000000, 0.04234314575050748100 ) ) ;
#2568 = FILL_AREA_STYLE ('',( #64 ) ) ;
#2569 = EDGE_CURVE ( 'NONE', #3055, #1594, #2848, .T. ) ;
#2570 = ORIENTED_EDGE ( 'NONE', *, *, #249, .T. ) ;
#2571 =( LENGTH_UNIT ( ) NAMED_UNIT ( * ) SI_UNIT ( $, .METRE. ) );
#2572 = ADVANCED_FACE ( 'NONE', ( #3008 ), #1730, .F. ) ;
#2573 = AXIS2_PLACEMENT_3D ( 'NONE', #1172, #1372, #2425 ) ;
#2574 = ORIENTED_EDGE ( 'NONE', *, *, #1734, .F. ) ;
#2575 = LENGTH_MEASURE_WITH_UNIT ( LENGTH_MEASURE( 0.02539999999999999900 ), #1980 );
#2576 = CARTESIAN_POINT ( 'NONE',  ( -0.08499999999994620200, -0.004874015748031564400, -0.07624419269206486600 ) ) ;
#2577 =( NAMED_UNIT ( * ) SI_UNIT ( $, .STERADIAN. ) SOLID_ANGLE_UNIT ( ) );
#2578 = VECTOR ( 'NONE', #1366, 39.37007874015748100 ) ;
#2579 = DIRECTION ( 'NONE',  ( 1.000000000000000000, 0.0000000000000000000, -2.371692252312040000E-016 ) ) ;
#2580 = PRESENTATION_LAYER_ASSIGNMENT (  '', '', ( #7 ) ) ;
#2581 = CARTESIAN_POINT ( 'NONE',  ( 0.08299999999994621400, -0.01077952755905518500, 0.07283464385826776700 ) ) ;
#2582 = CARTESIAN_POINT ( 'NONE',  ( 0.1100000000000000000, 0.09499999999999998700, 0.03999999999999998000 ) ) ;
#2583 = EDGE_CURVE ( 'NONE', #605, #795, #447, .T. ) ;
#2584 = ADVANCED_FACE ( 'NONE', ( #2675 ), #2973, .T. ) ;
#2585 = DIRECTION ( 'NONE',  ( -1.000000000000000000, 0.0000000000000000000, -0.0000000000000000000 ) ) ;
#2586 = DIRECTION ( 'NONE',  ( -2.134256245050205900E-016, 0.0000000000000000000, -1.000000000000000000 ) ) ;
#2587 = ADVANCED_FACE ( 'NONE', ( #2828 ), #1949, .T. ) ;
#2588 = DIRECTION ( 'NONE',  ( 0.0000000000000000000, 0.0000000000000000000, 1.000000000000000000 ) ) ;
#2589 = DIRECTION ( 'NONE',  ( -0.0000000000000000000, 1.000000000000000000, 0.0000000000000000000 ) ) ;
#2590 = ORIENTED_EDGE ( 'NONE', *, *, #1633, .T. ) ;
#2591 = VECTOR ( 'NONE', #530, 39.37007874015748100 ) ;
#2592 = PLANE ( 'NONE',  #1553 ) ;
#2593 = CYLINDRICAL_SURFACE ( 'NONE', #2083, 0.008000000000000007100 ) ;
#2594 = FILL_AREA_STYLE_COLOUR ( '', #1435 ) ;
#2595 = EDGE_LOOP ( 'NONE', ( #1532, #2607, #3039, #698 ) ) ;
#2596 = ADVANCED_FACE ( 'NONE', ( #13 ), #2876, .T. ) ;
#2597 = CARTESIAN_POINT ( 'NONE',  ( 0.06699999999994620000, 2.667820306312757000E-018, 0.07343017838790437400 ) ) ;
#2598 = DIRECTION ( 'NONE',  ( 0.0000000000000000000, 0.0000000000000000000, 1.000000000000000000 ) ) ;
#2599 = LINE ( 'NONE', #422, #2200 ) ;
#2600 = ADVANCED_FACE ( 'NONE', ( #3045 ), #1118, .F. ) ;
#2601 = CARTESIAN_POINT ( 'NONE',  ( -0.08299999999994621400, -0.01077952755905518500, 0.07283464385826776700 ) ) ;
#2602 = LINE ( 'NONE', #1964, #264 ) ;
#2603 = EDGE_CURVE ( 'NONE', #292, #1319, #755, .T. ) ;
#2604 = MECHANICAL_DESIGN_GEOMETRIC_PRESENTATION_REPRESENTATION (  '', ( #2191 ), #2521 ) ;
#2605 = SURFACE_STYLE_USAGE ( .BOTH. , #980 ) ;
#2606 = CARTESIAN_POINT ( 'NONE',  ( 0.08499999999994620200, -0.004874015748031564400, -0.07624419269206486600 ) ) ;
#2607 = ORIENTED_EDGE ( 'NONE', *, *, #56, .T. ) ;
#2608 =( GEOMETRIC_REPRESENTATION_CONTEXT ( 3 ) GLOBAL_UNCERTAINTY_ASSIGNED_CONTEXT ( ( #229 ) ) GLOBAL_UNIT_ASSIGNED_CONTEXT ( ( #2941, #1992, #1030 ) ) REPRESENTATION_CONTEXT ( 'NONE', 'WORKASPACE' ) );
#2609 = EDGE_CURVE ( 'NONE', #1176, #2792, #246, .T. ) ;
#2610 = DIRECTION ( 'NONE',  ( 0.0000000000000000000, 0.0000000000000000000, -1.000000000000000000 ) ) ;
#2611 = MECHANICAL_DESIGN_GEOMETRIC_PRESENTATION_REPRESENTATION (  '', ( #1772 ), #2551 ) ;
#2612 =( CONVERSION_BASED_UNIT ( 'INCH', #2087 ) LENGTH_UNIT ( ) NAMED_UNIT ( #390 ) );
#2613 = DIRECTION ( 'NONE',  ( 1.000000000000000000, -1.005119190492443200E-012, 0.0000000000000000000 ) ) ;
#2614 = EDGE_CURVE ( 'NONE', #2769, #863, #740, .T. ) ;
#2615 = DIRECTION ( 'NONE',  ( -0.0000000000000000000, 1.000000000000000000, 0.0000000000000000000 ) ) ;
#2616 = ORIENTED_EDGE ( 'NONE', *, *, #3064, .F. ) ;
#2617 = EDGE_CURVE ( 'NONE', #1412, #272, #2890, .T. ) ;
#2618 = MECHANICAL_DESIGN_GEOMETRIC_PRESENTATION_REPRESENTATION (  '', ( #1643 ), #313 ) ;
#2619 = ORIENTED_EDGE ( 'NONE', *, *, #1755, .F. ) ;
#2620 = PRODUCT_CONTEXT ( 'NONE', #1496, 'mechanical' ) ;
#2621 = DIRECTION ( 'NONE',  ( 1.000000000000000000, 1.005179966898570600E-012, 0.0000000000000000000 ) ) ;
#2622 = LINE ( 'NONE', #2282, #2116 ) ;
#2623 = ORIENTED_EDGE ( 'NONE', *, *, #2702, .F. ) ;
#2624 = DIRECTION ( 'NONE',  ( 2.134256245050205700E-016, 0.0000000000000000000, 1.000000000000000000 ) ) ;
#2625 = MECHANICAL_DESIGN_GEOMETRIC_PRESENTATION_REPRESENTATION (  '', ( #2355 ), #2635 ) ;
#2626 = CARTESIAN_POINT ( 'NONE',  ( -0.1419999999999999900, 0.09499999999999998700, -0.08000000000000005700 ) ) ;
#2627 = CARTESIAN_POINT ( 'NONE',  ( 0.06499999999994621200, -0.004874015748031564400, -0.07624419269206486600 ) ) ;
#2628 = CIRCLE ( 'NONE', #1429, 0.04000000000000000100 ) ;
#2629 = PRESENTATION_LAYER_ASSIGNMENT (  '', '', ( #1439 ) ) ;
#2630 = CARTESIAN_POINT ( 'NONE',  ( -0.06699999999994620000, -0.004874015748031563500, 0.08267716354330711900 ) ) ;
#2631 = PRESENTATION_LAYER_ASSIGNMENT (  '', '', ( #2711 ) ) ;
#2632 = EDGE_CURVE ( 'NONE', #774, #2314, #1054, .T. ) ;
#2633 = PRESENTATION_STYLE_ASSIGNMENT (( #2936 ) ) ;
#2634 = DIRECTION ( 'NONE',  ( 1.000000000000000000, 0.0000000000000000000, 0.0000000000000000000 ) ) ;
#2635 =( GEOMETRIC_REPRESENTATION_CONTEXT ( 3 ) GLOBAL_UNCERTAINTY_ASSIGNED_CONTEXT ( ( #497 ) ) GLOBAL_UNIT_ASSIGNED_CONTEXT ( ( #2690, #1711, #765 ) ) REPRESENTATION_CONTEXT ( 'NONE', 'WORKASPACE' ) );
#2636 = CIRCLE ( 'NONE', #273, 0.04000000000000000100 ) ;
#2637 = DIRECTION ( 'NONE',  ( -1.005119190492443200E-012, -1.000000000000000000, -0.0000000000000000000 ) ) ;
#2638 = CARTESIAN_POINT ( 'NONE',  ( 0.06699999999994620000, 0.0000000000000000000, -0.08000000000000005700 ) ) ;
#2639 = DIMENSIONAL_EXPONENTS ( 1.000000000000000000, 0.0000000000000000000, 0.0000000000000000000, 0.0000000000000000000, 0.0000000000000000000, 0.0000000000000000000, 0.0000000000000000000 ) ;
#2640 = EDGE_CURVE ( 'NONE', #661, #614, #982, .T. ) ;
#2641 = SURFACE_STYLE_USAGE ( .BOTH. , #2943 ) ;
#2642 = AXIS2_PLACEMENT_3D ( 'NONE', #402, #322, #265 ) ;
#2643 = ADVANCED_BREP_SHAPE_REPRESENTATION ( 'OPB733TR', ( #2230, #2938 ), #1081 ) ;
#2644 = DIRECTION ( 'NONE',  ( 0.0000000000000000000, 0.0000000000000000000, -1.000000000000000000 ) ) ;
#2645 = DIRECTION ( 'NONE',  ( -1.000000000000000000, 0.0000000000000000000, 0.0000000000000000000 ) ) ;
#2646 = VERTEX_POINT ( 'NONE', #8 ) ;
#2647 = DIMENSIONAL_EXPONENTS ( 1.000000000000000000, 0.0000000000000000000, 0.0000000000000000000, 0.0000000000000000000, 0.0000000000000000000, 0.0000000000000000000, 0.0000000000000000000 ) ;
#2648 = COLOUR_RGB ( '',1.000000000000000000, 1.000000000000000000, 1.000000000000000000 ) ;
#2649 = CARTESIAN_POINT ( 'NONE',  ( -0.1140733762903689000, 0.0000000000000000000, -0.04747158528650577400 ) ) ;
#2650 = DIMENSIONAL_EXPONENTS ( 1.000000000000000000, 0.0000000000000000000, 0.0000000000000000000, 0.0000000000000000000, 0.0000000000000000000, 0.0000000000000000000, 0.0000000000000000000 ) ;
#2651 = ADVANCED_FACE ( 'NONE', ( #2036 ), #2434, .T. ) ;
#2652 = CARTESIAN_POINT ( 'NONE',  ( 0.1140733762903689000, 0.0000000000000000000, -0.08000000000000009900 ) ) ;
#2653 = ORIENTED_EDGE ( 'NONE', *, *, #2367, .T. ) ;
#2654 = COLOUR_RGB ( '',1.000000000000000000, 1.000000000000000000, 1.000000000000000000 ) ;
#2655 = MECHANICAL_DESIGN_GEOMETRIC_PRESENTATION_REPRESENTATION (  '', ( #1051 ), #609 ) ;
#2656 = PLANE ( 'NONE',  #150 ) ;
#2657 = SURFACE_STYLE_USAGE ( .BOTH. , #2856 ) ;
#2658 = SURFACE_STYLE_FILL_AREA ( #2960 ) ;
#2659 = VERTEX_POINT ( 'NONE', #1707 ) ;
#2660 = CIRCLE ( 'NONE', #1843, 0.03065574615323374600 ) ;
#2661 = ORIENTED_EDGE ( 'NONE', *, *, #2318, .T. ) ;
#2662 = AXIS2_PLACEMENT_3D ( 'NONE', #204, #3022, #2725 ) ;
#2663 = VECTOR ( 'NONE', #2171, 39.37007874015748100 ) ;
#2664 = EDGE_CURVE ( 'NONE', #927, #1266, #1376, .T. ) ;
#2665 = FILL_AREA_STYLE ('',( #1246 ) ) ;
#2666 = ORIENTED_EDGE ( 'NONE', *, *, #2841, .T. ) ;
#2667 = DIRECTION ( 'NONE',  ( -0.0000000000000000000, 1.000000000000000000, 0.0000000000000000000 ) ) ;
#2668 = AXIS2_PLACEMENT_3D ( 'NONE', #2173, #2820, #3 ) ;
#2669 = AXIS2_PLACEMENT_3D ( 'NONE', #1207, #2899, #412 ) ;
#2670 = COLOUR_RGB ( '',1.000000000000000000, 1.000000000000000000, 1.000000000000000000 ) ;
#2671 = PRESENTATION_STYLE_ASSIGNMENT (( #2967 ) ) ;
#2672 = ORIENTED_EDGE ( 'NONE', *, *, #2122, .F. ) ;
#2673 = AXIS2_PLACEMENT_3D ( 'NONE', #968, #2810, #2490 ) ;
#2674 = DIRECTION ( 'NONE',  ( -1.000000000000000000, -1.005179966899543000E-012, 0.0000000000000000000 ) ) ;
#2675 = FACE_OUTER_BOUND ( 'NONE', #884, .T. ) ;
#2676 = LINE ( 'NONE', #1604, #810 ) ;
#2677 = UNCERTAINTY_MEASURE_WITH_UNIT (LENGTH_MEASURE( 1.000000000000000100E-005 ), #2487, 'distance_accuracy_value', 'NONE');
#2678 = COLOUR_RGB ( '',1.000000000000000000, 1.000000000000000000, 1.000000000000000000 ) ;
#2679 = LINE ( 'NONE', #1959, #2369 ) ;
#2680 =( NAMED_UNIT ( * ) PLANE_ANGLE_UNIT ( ) SI_UNIT ( $, .RADIAN. ) );
#2681 = ORIENTED_EDGE ( 'NONE', *, *, #2851, .F. ) ;
#2682 = EDGE_CURVE ( 'NONE', #788, #1121, #2687, .T. ) ;
#2683 = VERTEX_POINT ( 'NONE', #2262 ) ;
#2684 = LINE ( 'NONE', #2329, #1257 ) ;
#2685 = CARTESIAN_POINT ( 'NONE',  ( 0.1419999999999999900, 0.09499999999999998700, -0.08000000000000012700 ) ) ;
#2686 = DIRECTION ( 'NONE',  ( 0.0000000000000000000, 0.0000000000000000000, 1.000000000000000000 ) ) ;
#2687 = CIRCLE ( 'NONE', #173, 0.03065574615323374600 ) ;
#2688 = UNCERTAINTY_MEASURE_WITH_UNIT (LENGTH_MEASURE( 1.000000000000000100E-005 ), #1199, 'distance_accuracy_value', 'NONE');
#2689 = AXIS2_PLACEMENT_3D ( 'NONE', #298, #231, #167 ) ;
#2690 =( CONVERSION_BASED_UNIT ( 'INCH', #2784 ) LENGTH_UNIT ( ) NAMED_UNIT ( #2471 ) );
#2691 = EDGE_LOOP ( 'NONE', ( #1806, #2350, #2294, #2542 ) ) ;
#2692 = DIRECTION ( 'NONE',  ( -1.005119190492443200E-012, 1.000000000000000000, 0.0000000000000000000 ) ) ;
#2693 = CARTESIAN_POINT ( 'NONE',  ( -0.08499999999994620200, 0.0000000000000000000, -0.07343017838790436000 ) ) ;
#2694 = FILL_AREA_STYLE ('',( #168 ) ) ;
#2695 = ORIENTED_EDGE ( 'NONE', *, *, #1361, .T. ) ;
#2696 = VECTOR ( 'NONE', #871, 39.37007874015748100 ) ;
#2697 = CARTESIAN_POINT ( 'NONE',  ( 0.07500000000000002500, 0.04945669291338579400, -0.04499999999999998400 ) ) ;
#2698 = UNCERTAINTY_MEASURE_WITH_UNIT (LENGTH_MEASURE( 1.000000000000000100E-005 ), #2871, 'distance_accuracy_value', 'NONE');
#2699 = CARTESIAN_POINT ( 'NONE',  ( 0.07499999999994620700, 0.04945669291334656900, -0.008000000000000033100 ) ) ;
#2700 = STYLED_ITEM ( 'NONE', ( #1326 ), #832 ) ;
#2701 = CARTESIAN_POINT ( 'NONE',  ( 0.1499999999999999900, 0.0000000000000000000, -0.04000000000000004200 ) ) ;
#2702 = EDGE_CURVE ( 'NONE', #846, #537, #2602, .T. ) ;
#2703 = ORIENTED_EDGE ( 'NONE', *, *, #155, .F. ) ;
#2704 = FACE_OUTER_BOUND ( 'NONE', #2897, .T. ) ;
#2705 = CARTESIAN_POINT ( 'NONE',  ( 0.08299999999994621400, -0.01077952755905518500, 0.07283464385826776700 ) ) ;
#2706 = DIRECTION ( 'NONE',  ( 0.0000000000000000000, -1.658841843374799600E-016, -1.000000000000000000 ) ) ;
#2707 = CARTESIAN_POINT ( 'NONE',  ( -0.1419999999999999900, 0.1029999999999999900, 0.03999999999999986200 ) ) ;
#2708 = ORIENTED_EDGE ( 'NONE', *, *, #3064, .T. ) ;
#2709 = EDGE_CURVE ( 'NONE', #1174, #2683, #1310, .T. ) ;
#2710 = DIRECTION ( 'NONE',  ( -1.005119190492443200E-012, 1.000000000000000000, 0.0000000000000000000 ) ) ;
#2711 = STYLED_ITEM ( 'NONE', ( #600 ), #2643 ) ;
#2712 = SURFACE_STYLE_FILL_AREA ( #3011 ) ;
#2713 = ORIENTED_EDGE ( 'NONE', *, *, #2046, .F. ) ;
#2714 = ORIENTED_EDGE ( 'NONE', *, *, #2125, .F. ) ;
#2715 = CARTESIAN_POINT ( 'NONE',  ( -0.08299999999994621400, -0.004874015748031563500, 0.08267716354330711900 ) ) ;
#2716 = CARTESIAN_POINT ( 'NONE',  ( 0.1499999999999999900, 0.1029999999999999900, -0.08000000000000001600 ) ) ;
#2717 = EDGE_LOOP ( 'NONE', ( #1625, #1351, #1086, #1571, #682, #470 ) ) ;
#2718 = DIRECTION ( 'NONE',  ( -1.000000000000000000, 1.005179966898570600E-012, 0.0000000000000000000 ) ) ;
#2719 = SURFACE_STYLE_FILL_AREA ( #3018 ) ;
#2720 = FILL_AREA_STYLE ('',( #126 ) ) ;
#2721 = FACE_OUTER_BOUND ( 'NONE', #940, .T. ) ;
#2722 = DIRECTION ( 'NONE',  ( 0.0000000000000000000, 0.05233595624294396000, -0.9986295347545739400 ) ) ;
#2723 = EDGE_CURVE ( 'NONE', #433, #1145, #338, .T. ) ;
#2724 = FACE_OUTER_BOUND ( 'NONE', #1249, .T. ) ;
#2725 = DIRECTION ( 'NONE',  ( 0.0000000000000000000, 0.0000000000000000000, -1.000000000000000000 ) ) ;
#2726 = STYLED_ITEM ( 'NONE', ( #394 ), #2026 ) ;
#2727 = DIRECTION ( 'NONE',  ( -4.467935415295610900E-017, 0.0000000000000000000, 1.000000000000000000 ) ) ;
#2728 = ADVANCED_FACE ( 'NONE', ( #484 ), #2520, .T. ) ;
#2729 = CARTESIAN_POINT ( 'NONE',  ( 0.1100000000000000000, 0.1029999999999999900, 0.03999999999999998000 ) ) ;
#2730 = CARTESIAN_POINT ( 'NONE',  ( 0.08499999999994620200, -0.01077952755905518500, -0.08267716354330711900 ) ) ;
#2731 = ORIENTED_EDGE ( 'NONE', *, *, #937, .T. ) ;
#2732 = UNCERTAINTY_MEASURE_WITH_UNIT (LENGTH_MEASURE( 1.000000000000000100E-005 ), #2982, 'distance_accuracy_value', 'NONE');
#2733 = ORIENTED_EDGE ( 'NONE', *, *, #1377, .T. ) ;
#2734 = CARTESIAN_POINT ( 'NONE',  ( -0.1139999999999650600, 0.04945669291334656900, -0.008000000000000033100 ) ) ;
#2735 = CARTESIAN_POINT ( 'NONE',  ( -0.08299999999994621400, -0.01077952755905518500, 0.07283464385826776700 ) ) ;
#2736 = CYLINDRICAL_SURFACE ( 'NONE', #2662, 0.04000000000000000100 ) ;
#2737 = EDGE_CURVE ( 'NONE', #1176, #762, #780, .T. ) ;
#2738 = CARTESIAN_POINT ( 'NONE',  ( 0.06499999999994621200, -0.01077952755905518500, -0.08267716354330711900 ) ) ;
#2739 = SURFACE_SIDE_STYLE ('',( #3034 ) ) ;
#2740 = PLANE ( 'NONE',  #1816 ) ;
#2741 = AXIS2_PLACEMENT_3D ( 'NONE', #3096, #2799, #2476 ) ;
#2742 = EDGE_CURVE ( 'NONE', #2944, #800, #2622, .T. ) ;
#2743 = SURFACE_SIDE_STYLE ('',( #3037 ) ) ;
#2744 = EDGE_LOOP ( 'NONE', ( #1504, #63, #2772, #1927 ) ) ;
#2745 = FACE_BOUND ( 'NONE', #1047, .T. ) ;
#2746 = DIRECTION ( 'NONE',  ( 1.000000000000000000, -1.005179966899543000E-012, 0.0000000000000000000 ) ) ;
#2747 =( LENGTH_UNIT ( ) NAMED_UNIT ( * ) SI_UNIT ( $, .METRE. ) );
#2748 = ORIENTED_EDGE ( 'NONE', *, *, #365, .T. ) ;
#2749 = PLANE ( 'NONE',  #2204 ) ;
#2750 = DIRECTION ( 'NONE',  ( -1.000000000000000000, -2.134256245050203900E-015, 0.0000000000000000000 ) ) ;
#2751 = EDGE_CURVE ( 'NONE', #272, #2111, #1652, .T. ) ;
#2752 = PRESENTATION_STYLE_ASSIGNMENT (( #2605 ) ) ;
#2753 = ORIENTED_EDGE ( 'NONE', *, *, #27, .T. ) ;
#2754 = ORIENTED_EDGE ( 'NONE', *, *, #1647, .T. ) ;
#2755 = FILL_AREA_STYLE ('',( #3048 ) ) ;
#2756 = EDGE_LOOP ( 'NONE', ( #77, #983, #2018, #531 ) ) ;
#2757 = AXIS2_PLACEMENT_3D ( 'NONE', #1070, #2332, #159 ) ;
#2758 = EDGE_CURVE ( 'NONE', #1594, #278, #2928, .T. ) ;
#2759 = FACE_OUTER_BOUND ( 'NONE', #802, .T. ) ;
#2760 =( CONVERSION_BASED_UNIT ( 'INCH', #903 ) LENGTH_UNIT ( ) NAMED_UNIT ( #321 ) );
#2761 = LINE ( 'NONE', #2432, #1769 ) ;
#2762 = DIRECTION ( 'NONE',  ( 0.0000000000000000000, -0.0000000000000000000, 1.000000000000000000 ) ) ;
#2763 = LENGTH_MEASURE_WITH_UNIT ( LENGTH_MEASURE( 0.02539999999999999900 ), #241 );
#2764 = EDGE_CURVE ( 'NONE', #2972, #445, #2861, .T. ) ;
#2765 =( LENGTH_UNIT ( ) NAMED_UNIT ( * ) SI_UNIT ( $, .METRE. ) );
#2766 = VECTOR ( 'NONE', #1018, 39.37007874015748100 ) ;
#2767 = ORIENTED_EDGE ( 'NONE', *, *, #415, .F. ) ;
#2768 =( LENGTH_UNIT ( ) NAMED_UNIT ( * ) SI_UNIT ( $, .METRE. ) );
#2769 = VERTEX_POINT ( 'NONE', #1898 ) ;
#2770 = AXIS2_PLACEMENT_3D ( 'NONE', #2156, #2142, #2323 ) ;
#2771 =( LENGTH_UNIT ( ) NAMED_UNIT ( * ) SI_UNIT ( $, .METRE. ) );
#2772 = ORIENTED_EDGE ( 'NONE', *, *, #1642, .T. ) ;
#2773 = EDGE_CURVE ( 'NONE', #1795, #1278, #48, .T. ) ;
#2774 = DIRECTION ( 'NONE',  ( -0.7071067811865496800, 0.0000000000000000000, 0.7071067811865453500 ) ) ;
#2775 = CARTESIAN_POINT ( 'NONE',  ( 0.06499999999994621200, -0.01077952755905518500, -0.07283464385826775300 ) ) ;
#2776 = ORIENTED_EDGE ( 'NONE', *, *, #615, .T. ) ;
#2777 = DIRECTION ( 'NONE',  ( -0.0000000000000000000, -1.658841843374799600E-016, -1.000000000000000000 ) ) ;
#2778 = ORIENTED_EDGE ( 'NONE', *, *, #664, .F. ) ;
#2779 =( GEOMETRIC_REPRESENTATION_CONTEXT ( 3 ) GLOBAL_UNCERTAINTY_ASSIGNED_CONTEXT ( ( #1235 ) ) GLOBAL_UNIT_ASSIGNED_CONTEXT ( ( #1805, #858, #2998 ) ) REPRESENTATION_CONTEXT ( 'NONE', 'WORKASPACE' ) );
#2780 = VECTOR ( 'NONE', #993, 39.37007874015748100 ) ;
#2781 =( LENGTH_UNIT ( ) NAMED_UNIT ( * ) SI_UNIT ( $, .METRE. ) );
#2782 = CARTESIAN_POINT ( 'NONE',  ( -0.08499999999994620200, -0.004874015748031563500, -0.08267716354330711900 ) ) ;
#2783 = CARTESIAN_POINT ( 'NONE',  ( 0.08299999999994621400, 0.0000000000000000000, 0.0000000000000000000 ) ) ;
#2784 = LENGTH_MEASURE_WITH_UNIT ( LENGTH_MEASURE( 0.02539999999999999900 ), #513 );
#2785 = ORIENTED_EDGE ( 'NONE', *, *, #1517, .T. ) ;
#2786 = MECHANICAL_DESIGN_GEOMETRIC_PRESENTATION_REPRESENTATION (  '', ( #2711 ), #1479 ) ;
#2787 = LINE ( 'NONE', #2460, #2917 ) ;
#2788 = ORIENTED_EDGE ( 'NONE', *, *, #2609, .T. ) ;
#2789 = DIRECTION ( 'NONE',  ( 0.0000000000000000000, 0.9986295347545738300, 0.05233595624294395300 ) ) ;
#2790 = CARTESIAN_POINT ( 'NONE',  ( 0.1100000000000000000, 0.09499999999999998700, 0.03999999999999998000 ) ) ;
#2791 = DIRECTION ( 'NONE',  ( -1.000000000000000000, -0.0000000000000000000, -0.0000000000000000000 ) ) ;
#2792 = VERTEX_POINT ( 'NONE', #945 ) ;
#2793 = EDGE_CURVE ( 'NONE', #2320, #1412, #617, .T. ) ;
#2794 = DIRECTION ( 'NONE',  ( 0.0000000000000000000, 1.000000000000000000, -0.0000000000000000000 ) ) ;
#2795 = ORIENTED_EDGE ( 'NONE', *, *, #1153, .F. ) ;
#2796 = DIRECTION ( 'NONE',  ( -0.7071067811853616300, 0.7071067811877331800, 0.0000000000000000000 ) ) ;
#2797 = ORIENTED_EDGE ( 'NONE', *, *, #2526, .T. ) ;
#2798 = VECTOR ( 'NONE', #1250, 39.37007874015748100 ) ;
#2799 = DIRECTION ( 'NONE',  ( 0.0000000000000000000, -0.5000000000000010000, -0.8660254037844381500 ) ) ;
#2800 = EDGE_LOOP ( 'NONE', ( #110, #1005, #1958, #618 ) ) ;
#2801 = VECTOR ( 'NONE', #2957, 39.37007874015748900 ) ;
#2802 =( GEOMETRIC_REPRESENTATION_CONTEXT ( 3 ) GLOBAL_UNCERTAINTY_ASSIGNED_CONTEXT ( ( #2449 ) ) GLOBAL_UNIT_ASSIGNED_CONTEXT ( ( #2978, #2546, #2211 ) ) REPRESENTATION_CONTEXT ( 'NONE', 'WORKASPACE' ) );
#2803 = FACE_OUTER_BOUND ( 'NONE', #2824, .T. ) ;
#2804 = ORIENTED_EDGE ( 'NONE', *, *, #525, .F. ) ;
#2805 = CARTESIAN_POINT ( 'NONE',  ( -0.06699999999994620000, -0.01077952755905518500, 0.07283464385826776700 ) ) ;
#2806 = DIRECTION ( 'NONE',  ( 0.9986295347545739400, 0.05233595624294396000, 4.461812265090139700E-017 ) ) ;
#2807 =( NAMED_UNIT ( * ) SI_UNIT ( $, .STERADIAN. ) SOLID_ANGLE_UNIT ( ) );
#2808 = FACE_OUTER_BOUND ( 'NONE', #2124, .T. ) ;
#2809 = EDGE_CURVE ( 'NONE', #857, #2646, #2787, .T. ) ;
#2810 = DIRECTION ( 'NONE',  ( 0.0000000000000000000, 1.000000000000000000, 0.0000000000000000000 ) ) ;
#2811 = AXIS2_PLACEMENT_3D ( 'NONE', #2538, #1877, #926 ) ;
#2812 =( NAMED_UNIT ( * ) SI_UNIT ( $, .STERADIAN. ) SOLID_ANGLE_UNIT ( ) );
#2813 = ORIENTED_EDGE ( 'NONE', *, *, #1578, .F. ) ;
#2814 = EDGE_CURVE ( 'NONE', #1836, #1302, #1494, .T. ) ;
#2815 = CARTESIAN_POINT ( 'NONE',  ( -0.07499999999998394100, 0.08699999999996095600, -0.008000000000000033100 ) ) ;
#2816 = DIRECTION ( 'NONE',  ( 1.016439536705159900E-016, 0.0000000000000000000, -1.000000000000000000 ) ) ;
#2817 = STYLED_ITEM ( 'NONE', ( #2293 ), #1824 ) ;
#2818 = DIRECTION ( 'NONE',  ( 0.0000000000000000000, 0.0000000000000000000, -1.000000000000000000 ) ) ;
#2819 = EDGE_CURVE ( 'NONE', #726, #1795, #549, .T. ) ;
#2820 = DIRECTION ( 'NONE',  ( 0.0000000000000000000, 1.000000000000000000, 0.0000000000000000000 ) ) ;
#2821 = DIRECTION ( 'NONE',  ( -1.005119190492443200E-012, 1.000000000000000000, 0.0000000000000000000 ) ) ;
#2822 = SPHERICAL_SURFACE ( 'NONE', #2673, 0.008000000000000000200 ) ;
#2823 = DIRECTION ( 'NONE',  ( 0.0000000000000000000, 0.05233595624294396000, -0.9986295347545739400 ) ) ;
#2824 = EDGE_LOOP ( 'NONE', ( #999, #405, #597, #1150 ) ) ;
#2825 = FILL_AREA_STYLE_COLOUR ( '', #1705 ) ;
#2826 = ORIENTED_EDGE ( 'NONE', *, *, #1750, .T. ) ;
#2827 = ADVANCED_FACE ( 'NONE', ( #2192 ), #1818, .F. ) ;
#2828 = FACE_OUTER_BOUND ( 'NONE', #885, .T. ) ;
#2829 = DIRECTION ( 'NONE',  ( 0.0000000000000000000, 0.8660254037844382600, -0.5000000000000005600 ) ) ;
#2830 = EDGE_CURVE ( 'NONE', #75, #857, #1743, .T. ) ;
#2831 = PRESENTATION_STYLE_ASSIGNMENT (( #15 ) ) ;
#2832 = LINE ( 'NONE', #331, #2952 ) ;
#2833 = EDGE_CURVE ( 'NONE', #762, #1107, #2184, .T. ) ;
#2834 =( GEOMETRIC_REPRESENTATION_CONTEXT ( 3 ) GLOBAL_UNCERTAINTY_ASSIGNED_CONTEXT ( ( #986 ) ) GLOBAL_UNIT_ASSIGNED_CONTEXT ( ( #2612, #1644, #685 ) ) REPRESENTATION_CONTEXT ( 'NONE', 'WORKASPACE' ) );
#2835 = AXIS2_PLACEMENT_3D ( 'NONE', #672, #650, #563 ) ;
#2836 = DIRECTION ( 'NONE',  ( -1.000000000000000000, 0.0000000000000000000, -0.0000000000000000000 ) ) ;
#2837 = CARTESIAN_POINT ( 'NONE',  ( 0.08499999999994620200, -0.004874015748031563500, -0.08267716354330711900 ) ) ;
#2838 = CARTESIAN_POINT ( 'NONE',  ( -0.1100000000000000300, 0.09499999999999998700, 0.07999999999999998800 ) ) ;
#2839 = ADVANCED_FACE ( 'NONE', ( #174 ), #3087, .T. ) ;
#2840 = APPLICATION_PROTOCOL_DEFINITION ( 'draft international standard', 'automotive_design', 1998, #1496 ) ;
#2841 = EDGE_CURVE ( 'NONE', #16, #436, #1001, .T. ) ;
#2842 = CARTESIAN_POINT ( 'NONE',  ( -0.06499999999994621200, 0.0000000000000000000, -0.06661108072031024500 ) ) ;
#2843 = ORIENTED_EDGE ( 'NONE', *, *, #1373, .T. ) ;
#2844 = DIRECTION ( 'NONE',  ( 0.0000000000000000000, 0.8660254037844380400, 0.5000000000000007800 ) ) ;
#2845 = VECTOR ( 'NONE', #3083, 39.37007874015748900 ) ;
#2846 = EDGE_CURVE ( 'NONE', #1121, #20, #22, .T. ) ;
#2847 = DIRECTION ( 'NONE',  ( 0.0000000000000000000, 1.000000000000000000, 1.658841843374795400E-016 ) ) ;
#2848 = LINE ( 'NONE', #2523, #2025 ) ;
#2849 = CARTESIAN_POINT ( 'NONE',  ( 0.07500000000000006700, 0.06914173228346451300, -0.008000000000000033100 ) ) ;
#2850 = DIRECTION ( 'NONE',  ( -0.0000000000000000000, -1.000000000000000000, 0.0000000000000000000 ) ) ;
#2851 = EDGE_CURVE ( 'NONE', #272, #917, #2874, .T. ) ;
#2852 = DIRECTION ( 'NONE',  ( 0.0000000000000000000, 0.0000000000000000000, -1.000000000000000000 ) ) ;
#2853 = PRESENTATION_STYLE_ASSIGNMENT (( #2959 ) ) ;
#2854 = ORIENTED_EDGE ( 'NONE', *, *, #1883, .T. ) ;
#2855 = CIRCLE ( 'NONE', #274, 0.007999999999999998400 ) ;
#2856 = SURFACE_SIDE_STYLE ('',( #2119 ) ) ;
#2857 = DIRECTION ( 'NONE',  ( -1.005119190492443200E-012, -1.000000000000000000, -0.0000000000000000000 ) ) ;
#2858 = CIRCLE ( 'NONE', #1403, 0.008000000000000007100 ) ;
#2859 = STYLED_ITEM ( 'NONE', ( #2559 ), #172 ) ;
#2860 = VECTOR ( 'NONE', #1143, 39.37007874015748100 ) ;
#2861 = LINE ( 'NONE', #2543, #2263 ) ;
#2862 = CARTESIAN_POINT ( 'NONE',  ( 0.0000000000000000000, -0.005661420000000000300, -0.04776828773629437200 ) ) ;
#2863 = CIRCLE ( 'NONE', #250, 0.03900000000003773400 ) ;
#2864 = CARTESIAN_POINT ( 'NONE',  ( 0.08499999999994620200, -0.01077952755905518500, -0.08267716354330711900 ) ) ;
#2865 = SURFACE_SIDE_STYLE ('',( #54 ) ) ;
#2866 =( NAMED_UNIT ( * ) PLANE_ANGLE_UNIT ( ) SI_UNIT ( $, .RADIAN. ) );
#2867 = ORIENTED_EDGE ( 'NONE', *, *, #3050, .F. ) ;
#2868 = COLOUR_RGB ( '',1.000000000000000000, 1.000000000000000000, 1.000000000000000000 ) ;
#2869 = PLANE ( 'NONE',  #283 ) ;
#2870 = ORIENTED_EDGE ( 'NONE', *, *, #534, .F. ) ;
#2871 =( CONVERSION_BASED_UNIT ( 'INCH', #2280 ) LENGTH_UNIT ( ) NAMED_UNIT ( #1365 ) );
#2872 = LINE ( 'NONE', #440, #3047 ) ;
#2873 = VERTEX_POINT ( 'NONE', #1919 ) ;
#2874 = LINE ( 'NONE', #2563, #2479 ) ;
#2875 = COLOUR_RGB ( '',1.000000000000000000, 1.000000000000000000, 1.000000000000000000 ) ;
#2876 = PLANE ( 'NONE',  #913 ) ;
#2877 = VECTOR ( 'NONE', #1732, 39.37007874015748100 ) ;
#2878 =( NAMED_UNIT ( * ) PLANE_ANGLE_UNIT ( ) SI_UNIT ( $, .RADIAN. ) );
#2879 = CARTESIAN_POINT ( 'NONE',  ( -0.08299999999994621400, -0.004874015748031563500, 0.08267716354330711900 ) ) ;
#2880 = UNCERTAINTY_MEASURE_WITH_UNIT (LENGTH_MEASURE( 1.000000000000000100E-005 ), #724, 'distance_accuracy_value', 'NONE');
#2881 = CIRCLE ( 'NONE', #619, 0.03065574615323374600 ) ;
#2882 = LINE ( 'NONE', #420, #297 ) ;
#2883 = DIRECTION ( 'NONE',  ( -0.0000000000000000000, 1.000000000000000000, 0.0000000000000000000 ) ) ;
#2884 =( CONVERSION_BASED_UNIT ( 'INCH', #2013 ) LENGTH_UNIT ( ) NAMED_UNIT ( #1414 ) );
#2885 = COLOUR_RGB ( '',1.000000000000000000, 1.000000000000000000, 1.000000000000000000 ) ;
#2886 = UNCERTAINTY_MEASURE_WITH_UNIT (LENGTH_MEASURE( 1.000000000000000100E-005 ), #2884, 'distance_accuracy_value', 'NONE');
#2887 = DIRECTION ( 'NONE',  ( 0.0000000000000000000, 0.8660254037844380400, 0.5000000000000007800 ) ) ;
#2888 = CYLINDRICAL_SURFACE ( 'NONE', #2811, 0.03900000000001886700 ) ;
#2889 = PRESENTATION_LAYER_ASSIGNMENT (  '', '', ( #2817 ) ) ;
#2890 = LINE ( 'NONE', #2581, #1960 ) ;
#2891 = VECTOR ( 'NONE', #994, 39.37007874015748100 ) ;
#2892 = COLOUR_RGB ( '',1.000000000000000000, 1.000000000000000000, 1.000000000000000000 ) ;
#2893 =( NAMED_UNIT ( * ) PLANE_ANGLE_UNIT ( ) SI_UNIT ( $, .RADIAN. ) );
#2894 = CARTESIAN_POINT ( 'NONE',  ( -0.06699999999994620000, -0.004874015748031564400, 0.07624419269206488000 ) ) ;
#2895 = FACE_BOUND ( 'NONE', #533, .T. ) ;
#2896 = DIRECTION ( 'NONE',  ( 0.0000000000000000000, 0.0000000000000000000, -1.000000000000000000 ) ) ;
#2897 = EDGE_LOOP ( 'NONE', ( #1382, #3075, #611, #2452 ) ) ;
#2898 = VECTOR ( 'NONE', #2931, 39.37007874015748900 ) ;
#2899 = DIRECTION ( 'NONE',  ( -1.005119190492443200E-012, -1.000000000000000000, -0.0000000000000000000 ) ) ;
#2900 = CARTESIAN_POINT ( 'NONE',  ( 0.08499999999994620200, -0.01077952755905518500, -0.07283464385826775300 ) ) ;
#2901 = ORIENTED_EDGE ( 'NONE', *, *, #880, .T. ) ;
#2902 = COLOUR_RGB ( '',1.000000000000000000, 1.000000000000000000, 1.000000000000000000 ) ;
#2903 = CARTESIAN_POINT ( 'NONE',  ( 0.08299999999994621400, -0.01077952755905518500, 0.07283464385826776700 ) ) ;
#2904 = PRESENTATION_STYLE_ASSIGNMENT (( #2043 ) ) ;
#2905 = DIRECTION ( 'NONE',  ( -0.7071067811867831600, 0.7071067811863116500, -8.659560562349115000E-017 ) ) ;
#2906 = VECTOR ( 'NONE', #3025, 39.37007874015748900 ) ;
#2907 = SURFACE_SIDE_STYLE ('',( #2258 ) ) ;
#2908 = ORIENTED_EDGE ( 'NONE', *, *, #2923, .F. ) ;
#2909 = DIRECTION ( 'NONE',  ( 0.0000000000000000000, -1.000000000000000000, 0.0000000000000000000 ) ) ;
#2910 = UNCERTAINTY_MEASURE_WITH_UNIT (LENGTH_MEASURE( 1.000000000000000100E-005 ), #2949, 'distance_accuracy_value', 'NONE');
#2911 = ORIENTED_EDGE ( 'NONE', *, *, #2773, .T. ) ;
#2912 = DIRECTION ( 'NONE',  ( 0.0000000000000000000, 0.0000000000000000000, -1.000000000000000000 ) ) ;
#2913 = CIRCLE ( 'NONE', #1982, 0.008000000000000007100 ) ;
#2914 = AXIS2_PLACEMENT_3D ( 'NONE', #152, #2615, #1893 ) ;
#2915 = PLANE ( 'NONE',  #1641 ) ;
#2916 = CARTESIAN_POINT ( 'NONE',  ( -0.1500000000000000200, 0.1029999999999999900, 0.07999999999999998800 ) ) ;
#2917 = VECTOR ( 'NONE', #2143, 39.37007874015748100 ) ;
#2918 = VECTOR ( 'NONE', #955, 39.37007874015748900 ) ;
#2919 =( LENGTH_UNIT ( ) NAMED_UNIT ( * ) SI_UNIT ( $, .METRE. ) );
#2920 = EDGE_LOOP ( 'NONE', ( #91, #3097, #1105, #953 ) ) ;
#2921 =( GEOMETRIC_REPRESENTATION_CONTEXT ( 3 ) GLOBAL_UNCERTAINTY_ASSIGNED_CONTEXT ( ( #1967 ) ) GLOBAL_UNIT_ASSIGNED_CONTEXT ( ( #1803, #856, #2997 ) ) REPRESENTATION_CONTEXT ( 'NONE', 'WORKASPACE' ) );
#2922 = CARTESIAN_POINT ( 'NONE',  ( -0.06499999999994621200, -0.01077952755905518500, -0.07283464385826775300 ) ) ;
#2923 = EDGE_CURVE ( 'NONE', #16, #1394, #59, .T. ) ;
#2924 =( LENGTH_UNIT ( ) NAMED_UNIT ( * ) SI_UNIT ( $, .METRE. ) );
#2925 = DIRECTION ( 'NONE',  ( -0.0000000000000000000, 0.0000000000000000000, 1.000000000000000000 ) ) ;
#2926 = PRESENTATION_LAYER_ASSIGNMENT (  '', '', ( #1615 ) ) ;
#2927 = ORIENTED_EDGE ( 'NONE', *, *, #3061, .F. ) ;
#2928 = LINE ( 'NONE', #693, #2436 ) ;
#2929 = ORIENTED_EDGE ( 'NONE', *, *, #155, .T. ) ;
#2930 =( LENGTH_UNIT ( ) NAMED_UNIT ( * ) SI_UNIT ( $, .METRE. ) );
#2931 = DIRECTION ( 'NONE',  ( 0.0000000000000000000, -0.8660254037844382600, -0.5000000000000004400 ) ) ;
#2932 = DIRECTION ( 'NONE',  ( 1.000000000000000000, 0.0000000000000000000, 3.734948428837856400E-015 ) ) ;
#2933 = CARTESIAN_POINT ( 'NONE',  ( -0.07500000000000002500, 0.1029999999999447200, -0.008000000000000033100 ) ) ;
#2934 = LINE ( 'NONE', #58, #1764 ) ;
#2935 = SPHERICAL_SURFACE ( 'NONE', #38, 0.03149606299212600500 ) ;
#2936 = SURFACE_STYLE_USAGE ( .BOTH. , #116 ) ;
#2937 = CARTESIAN_POINT ( 'NONE',  ( -0.1499999999999999900, 0.1029999999999999900, -0.08000000000000005700 ) ) ;
#2938 = AXIS2_PLACEMENT_3D ( 'NONE', #1725, #1390, #1082 ) ;
#2939 = AXIS2_PLACEMENT_3D ( 'NONE', #1036, #717, #380 ) ;
#2940 = DIRECTION ( 'NONE',  ( 0.0000000000000000000, -0.0000000000000000000, -1.000000000000000000 ) ) ;
#2941 =( CONVERSION_BASED_UNIT ( 'INCH', #1119 ) LENGTH_UNIT ( ) NAMED_UNIT ( #2482 ) );
#2942 = CARTESIAN_POINT ( 'NONE',  ( -0.1066862915010152700, 0.0000000000000000000, 0.07999999999999998800 ) ) ;
#2943 = SURFACE_SIDE_STYLE ('',( #665 ) ) ;
#2944 = VERTEX_POINT ( 'NONE', #637 ) ;
#2945 = DIRECTION ( 'NONE',  ( -1.000000000000000000, 0.0000000000000000000, 0.0000000000000000000 ) ) ;
#2946 = CARTESIAN_POINT ( 'NONE',  ( -0.1499999999999999900, 0.09499999999999998700, 0.07199999999999999500 ) ) ;
#2947 = ORIENTED_EDGE ( 'NONE', *, *, #2992, .T. ) ;
#2948 = MECHANICAL_DESIGN_GEOMETRIC_PRESENTATION_REPRESENTATION (  '', ( #2442 ), #395 ) ;
#2949 =( CONVERSION_BASED_UNIT ( 'INCH', #1231 ) LENGTH_UNIT ( ) NAMED_UNIT ( #406 ) );
#2950 = FACE_OUTER_BOUND ( 'NONE', #3078, .T. ) ;
#2951 =( LENGTH_UNIT ( ) NAMED_UNIT ( * ) SI_UNIT ( $, .METRE. ) );
#2952 = VECTOR ( 'NONE', #934, 39.37007874015748100 ) ;
#2953 = LINE ( 'NONE', #2652, #950 ) ;
#2954 = VERTEX_POINT ( 'NONE', #302 ) ;
#2955 = VECTOR ( 'NONE', #479, 39.37007874015748100 ) ;
#2956 =( LENGTH_UNIT ( ) NAMED_UNIT ( * ) SI_UNIT ( $, .METRE. ) );
#2957 = DIRECTION ( 'NONE',  ( 0.0000000000000000000, 0.8660254037844380400, -0.5000000000000007800 ) ) ;
#2958 = DIRECTION ( 'NONE',  ( -1.000000000000000000, -1.005179966899056700E-012, 0.0000000000000000000 ) ) ;
#2959 = SURFACE_STYLE_USAGE ( .BOTH. , #2987 ) ;
#2960 = FILL_AREA_STYLE ('',( #135 ) ) ;
#2961 = VERTEX_POINT ( 'NONE', #960 ) ;
#2962 = CARTESIAN_POINT ( 'NONE',  ( -0.03562992125984251100, -0.005661420000000000300, -0.04776828773629437200 ) ) ;
#2963 = AXIS2_PLACEMENT_3D ( 'NONE', #312, #1930, #2958 ) ;
#2964 = ORIENTED_EDGE ( 'NONE', *, *, #70, .T. ) ;
#2965 = CARTESIAN_POINT ( 'NONE',  ( -0.07500000000000002500, 0.04945669291338579400, -0.008000000000000033100 ) ) ;
#2966 = ORIENTED_EDGE ( 'NONE', *, *, #2466, .F. ) ;
#2967 = SURFACE_STYLE_USAGE ( .BOTH. , #144 ) ;
#2968 = MECHANICAL_DESIGN_GEOMETRIC_PRESENTATION_REPRESENTATION (  '', ( #2817 ), #1564 ) ;
#2969 = FACE_BOUND ( 'NONE', #2347, .T. ) ;
#2970 = LINE ( 'NONE', #2864, #62 ) ;
#2971 = EDGE_CURVE ( 'NONE', #55, #1278, #3100, .T. ) ;
#2972 = VERTEX_POINT ( 'NONE', #1838 ) ;
#2973 = CYLINDRICAL_SURFACE ( 'NONE', #2453, 0.008000000000000007100 ) ;
#2974 =( NAMED_UNIT ( * ) PLANE_ANGLE_UNIT ( ) SI_UNIT ( $, .RADIAN. ) );
#2975 =( NAMED_UNIT ( * ) SI_UNIT ( $, .STERADIAN. ) SOLID_ANGLE_UNIT ( ) );
#2976 = ORIENTED_EDGE ( 'NONE', *, *, #910, .F. ) ;
#2977 = DIRECTION ( 'NONE',  ( 0.0000000000000000000, -1.000000000000000000, 0.0000000000000000000 ) ) ;
#2978 =( CONVERSION_BASED_UNIT ( 'INCH', #1211 ) LENGTH_UNIT ( ) NAMED_UNIT ( #512 ) );
#2979 = ORIENTED_EDGE ( 'NONE', *, *, #839, .T. ) ;
#2980 = VECTOR ( 'NONE', #18, 39.37007874015748900 ) ;
#2981 = DIRECTION ( 'NONE',  ( 0.0000000000000000000, 0.0000000000000000000, -1.000000000000000000 ) ) ;
#2982 =( CONVERSION_BASED_UNIT ( 'INCH', #1247 ) LENGTH_UNIT ( ) NAMED_UNIT ( #325 ) );
#2983 = CARTESIAN_POINT ( 'NONE',  ( 0.06699999999994620000, -0.004874015748031563500, 0.08267716354330711900 ) ) ;
#2984 = ORIENTED_EDGE ( 'NONE', *, *, #2009, .T. ) ;
#2985 = CARTESIAN_POINT ( 'NONE',  ( -0.07499999999994620700, 0.04945669291334656900, -0.008000000000000033100 ) ) ;
#2986 =( GEOMETRIC_REPRESENTATION_CONTEXT ( 3 ) GLOBAL_UNCERTAINTY_ASSIGNED_CONTEXT ( ( #723 ) ) GLOBAL_UNIT_ASSIGNED_CONTEXT ( ( #1011, #938, #2134 ) ) REPRESENTATION_CONTEXT ( 'NONE', 'WORKASPACE' ) );
#2987 = SURFACE_SIDE_STYLE ('',( #3005 ) ) ;
#2988 = LINE ( 'NONE', #2697, #825 ) ;
#2989 = CARTESIAN_POINT ( 'NONE',  ( 0.1099999999999999700, 0.1029999999999999900, -0.04000000000000003600 ) ) ;
#2990 = CARTESIAN_POINT ( 'NONE',  ( -0.08299999999994621400, -0.004874015748031563500, 0.08267716354330711900 ) ) ;
#2991 = EDGE_CURVE ( 'NONE', #1461, #578, #2159, .T. ) ;
#2992 = EDGE_CURVE ( 'NONE', #1245, #1266, #568, .T. ) ;
#2993 = CARTESIAN_POINT ( 'NONE',  ( 0.08499999999994620200, -0.01077952755905518500, -0.08267716354330711900 ) ) ;
#2994 = ORIENTED_EDGE ( 'NONE', *, *, #2330, .F. ) ;
#2995 = AXIS2_PLACEMENT_3D ( 'NONE', #1534, #1497, #195 ) ;
#2996 =( NAMED_UNIT ( * ) SI_UNIT ( $, .STERADIAN. ) SOLID_ANGLE_UNIT ( ) );
#2997 =( NAMED_UNIT ( * ) SI_UNIT ( $, .STERADIAN. ) SOLID_ANGLE_UNIT ( ) );
#2998 =( NAMED_UNIT ( * ) SI_UNIT ( $, .STERADIAN. ) SOLID_ANGLE_UNIT ( ) );
#2999 = ORIENTED_EDGE ( 'NONE', *, *, #166, .T. ) ;
#3000 = EDGE_CURVE ( 'NONE', #2328, #2961, #886, .T. ) ;
#3001 = ADVANCED_FACE ( 'NONE', ( #2808 ), #2082, .F. ) ;
#3002 = DIRECTION ( 'NONE',  ( -0.0000000000000000000, -0.8660254037844382600, -0.5000000000000004400 ) ) ;
#3003 = CARTESIAN_POINT ( 'NONE',  ( 0.08299999999994621400, -0.004874015748031563500, 0.08267716354330711900 ) ) ;
#3004 = VECTOR ( 'NONE', #2095, 39.37007874015748100 ) ;
#3005 = SURFACE_STYLE_FILL_AREA ( #3076 ) ;
#3006 = LINE ( 'NONE', #2707, #1228 ) ;
#3007 = VERTEX_POINT ( 'NONE', #319 ) ;
#3008 = FACE_OUTER_BOUND ( 'NONE', #812, .T. ) ;
#3009 = LINE ( 'NONE', #2922, #1471 ) ;
#3010 = PRESENTATION_STYLE_ASSIGNMENT (( #688 ) ) ;
#3011 = FILL_AREA_STYLE ('',( #2139 ) ) ;
#3012 = MECHANICAL_DESIGN_GEOMETRIC_PRESENTATION_REPRESENTATION (  '', ( #1439 ), #1313 ) ;
#3013 = ORIENTED_EDGE ( 'NONE', *, *, #1195, .T. ) ;
#3014 =( GEOMETRIC_REPRESENTATION_CONTEXT ( 3 ) GLOBAL_UNCERTAINTY_ASSIGNED_CONTEXT ( ( #2677 ) ) GLOBAL_UNIT_ASSIGNED_CONTEXT ( ( #2487, #1521, #571 ) ) REPRESENTATION_CONTEXT ( 'NONE', 'WORKASPACE' ) );
#3015 = FILL_AREA_STYLE_COLOUR ( '', #701 ) ;
#3016 = DIRECTION ( 'NONE',  ( 0.0000000000000000000, 0.0000000000000000000, 1.000000000000000000 ) ) ;
#3017 = EDGE_LOOP ( 'NONE', ( #3084, #711, #2570, #1650 ) ) ;
#3018 = FILL_AREA_STYLE ('',( #199 ) ) ;
#3019 = CARTESIAN_POINT ( 'NONE',  ( 0.1100000000000000000, 0.1029999999999999900, 0.07999999999999998800 ) ) ;
#3020 = SURFACE_STYLE_USAGE ( .BOTH. , #807 ) ;
#3021 = CARTESIAN_POINT ( 'NONE',  ( 0.0000000000000000000, -0.005661420000000000300, -0.04776828773629437200 ) ) ;
#3022 = DIRECTION ( 'NONE',  ( 0.0000000000000000000, -1.000000000000000000, 0.0000000000000000000 ) ) ;
#3023 = ORIENTED_EDGE ( 'NONE', *, *, #431, .F. ) ;
#3024 = CARTESIAN_POINT ( 'NONE',  ( -0.03592662370963111600, 0.0000000000000000000, -0.08000000000000005700 ) ) ;
#3025 = DIRECTION ( 'NONE',  ( 0.0000000000000000000, -0.8660254037844382600, 0.5000000000000004400 ) ) ;
#3026 = PRESENTATION_LAYER_ASSIGNMENT (  '', '', ( #1334 ) ) ;
#3027 = DIRECTION ( 'NONE',  ( 1.000000000000000000, 0.0000000000000000000, 1.138269997360109900E-016 ) ) ;
#3028 = EDGE_LOOP ( 'NONE', ( #3073, #3108, #2653, #558 ) ) ;
#3029 = ORIENTED_EDGE ( 'NONE', *, *, #2991, .F. ) ;
#3030 = DIRECTION ( 'NONE',  ( 1.000000000000000000, 0.0000000000000000000, 0.0000000000000000000 ) ) ;
#3031 =( NAMED_UNIT ( * ) SI_UNIT ( $, .STERADIAN. ) SOLID_ANGLE_UNIT ( ) );
#3032 = DIRECTION ( 'NONE',  ( -1.005119190492443200E-012, -1.000000000000000000, 0.0000000000000000000 ) ) ;
#3033 = VECTOR ( 'NONE', #1875, 39.37007874015748900 ) ;
#3034 = SURFACE_STYLE_FILL_AREA ( #224 ) ;
#3035 = ORIENTED_EDGE ( 'NONE', *, *, #1324, .T. ) ;
#3036 = LINE ( 'NONE', #1526, #2798 ) ;
#3037 = SURFACE_STYLE_FILL_AREA ( #227 ) ;
#3038 = LINE ( 'NONE', #1530, #791 ) ;
#3039 = ORIENTED_EDGE ( 'NONE', *, *, #1920, .F. ) ;
#3040 = MECHANICAL_DESIGN_GEOMETRIC_PRESENTATION_REPRESENTATION (  '', ( #2473 ), #1954 ) ;
#3041 = AXIS2_PLACEMENT_3D ( 'NONE', #515, #164, #2981 ) ;
#3042 = EDGE_CURVE ( 'NONE', #197, #136, #255, .T. ) ;
#3043 = CARTESIAN_POINT ( 'NONE',  ( -0.06499999999994621200, -0.004874015748031563500, -0.08267716354330711900 ) ) ;
#3044 = CARTESIAN_POINT ( 'NONE',  ( 0.1100000000000000000, 0.09499999999999998700, 0.07999999999999998800 ) ) ;
#3045 = FACE_OUTER_BOUND ( 'NONE', #1831, .T. ) ;
#3046 =( NAMED_UNIT ( * ) SI_UNIT ( $, .STERADIAN. ) SOLID_ANGLE_UNIT ( ) );
#3047 = VECTOR ( 'NONE', #1775, 39.37007874015748100 ) ;
#3048 = FILL_AREA_STYLE_COLOUR ( '', #504 ) ;
#3049 = MECHANICAL_DESIGN_GEOMETRIC_PRESENTATION_REPRESENTATION (  '', ( #2277 ), #1505 ) ;
#3050 = EDGE_CURVE ( 'NONE', #2517, #2659, #1460, .T. ) ;
#3051 =( NAMED_UNIT ( * ) PLANE_ANGLE_UNIT ( ) SI_UNIT ( $, .RADIAN. ) );
#3052 = EDGE_CURVE ( 'NONE', #40, #197, #902, .T. ) ;
#3053 = DIRECTION ( 'NONE',  ( 0.0000000000000000000, 1.000000000000000000, -0.0000000000000000000 ) ) ;
#3054 = DIRECTION ( 'NONE',  ( -0.0000000000000000000, -1.000000000000000000, -0.0000000000000000000 ) ) ;
#3055 = VERTEX_POINT ( 'NONE', #3044 ) ;
#3056 = AXIS2_PLACEMENT_3D ( 'NONE', #396, #3053, #1289 ) ;
#3057 =( NAMED_UNIT ( * ) PLANE_ANGLE_UNIT ( ) SI_UNIT ( $, .RADIAN. ) );
#3058 =( GEOMETRIC_REPRESENTATION_CONTEXT ( 3 ) GLOBAL_UNCERTAINTY_ASSIGNED_CONTEXT ( ( #2698 ) ) GLOBAL_UNIT_ASSIGNED_CONTEXT ( ( #2871, #2513, #1148 ) ) REPRESENTATION_CONTEXT ( 'NONE', 'WORKASPACE' ) );
#3059 = SURFACE_STYLE_USAGE ( .BOTH. , #670 ) ;
#3060 = ORIENTED_EDGE ( 'NONE', *, *, #66, .T. ) ;
#3061 = EDGE_CURVE ( 'NONE', #1594, #578, #2913, .T. ) ;
#3062 = CARTESIAN_POINT ( 'NONE',  ( -0.06499999999994621200, 0.0000000000000000000, -0.07343017838790436000 ) ) ;
#3063 = EDGE_LOOP ( 'NONE', ( #739, #2194, #1204, #2283 ) ) ;
#3064 = EDGE_CURVE ( 'NONE', #1872, #1174, #1783, .T. ) ;
#3065 = AXIS2_PLACEMENT_3D ( 'NONE', #1998, #1671, #1338 ) ;
#3066 = DIRECTION ( 'NONE',  ( 0.0000000000000000000, 0.0000000000000000000, 1.000000000000000000 ) ) ;
#3067 = VERTEX_POINT ( 'NONE', #837 ) ;
#3068 = FACE_OUTER_BOUND ( 'NONE', #716, .T. ) ;
#3069 = ADVANCED_FACE ( 'NONE', ( #877 ), #2101, .F. ) ;
#3070 = CARTESIAN_POINT ( 'NONE',  ( 0.1420000000000000200, 0.1029999999999999900, -0.04000000000000004200 ) ) ;
#3071 = EDGE_CURVE ( 'NONE', #1278, #2416, #2684, .T. ) ;
#3072 = LINE ( 'NONE', #2775, #2024 ) ;
#3073 = ORIENTED_EDGE ( 'NONE', *, *, #2378, .F. ) ;
#3074 = CARTESIAN_POINT ( 'NONE',  ( -0.06699999999994620000, -0.004874015748031563500, 0.08267716354330711900 ) ) ;
#3075 = ORIENTED_EDGE ( 'NONE', *, *, #2466, .T. ) ;
#3076 = FILL_AREA_STYLE ('',( #3109 ) ) ;
#3077 = LINE ( 'NONE', #2782, #192 ) ;
#3078 = EDGE_LOOP ( 'NONE', ( #2045, #1027, #508, #3104 ) ) ;
#3079 = AXIS2_PLACEMENT_3D ( 'NONE', #2274, #1623, #2254 ) ;
#3080 = CIRCLE ( 'NONE', #2344, 0.03149606299212599800 ) ;
#3081 =( LENGTH_UNIT ( ) NAMED_UNIT ( * ) SI_UNIT ( $, .METRE. ) );
#3082 = DIRECTION ( 'NONE',  ( 0.0000000000000000000, 1.000000000000000000, -0.0000000000000000000 ) ) ;
#3083 = DIRECTION ( 'NONE',  ( 0.0000000000000000000, -0.8660254037844382600, 0.5000000000000004400 ) ) ;
#3084 = ORIENTED_EDGE ( 'NONE', *, *, #2302, .F. ) ;
#3085 = PRESENTATION_STYLE_ASSIGNMENT (( #1983 ) ) ;
#3086 = CIRCLE ( 'NONE', #2465, 0.007999999999999995000 ) ;
#3087 = CYLINDRICAL_SURFACE ( 'NONE', #36, 0.008000000000000007100 ) ;
#3088 = CARTESIAN_POINT ( 'NONE',  ( 0.06699999999994620000, -0.01077952755905518500, 0.07283464385826776700 ) ) ;
#3089 = CARTESIAN_POINT ( 'NONE',  ( 0.1099999999999999700, 0.09499999999999998700, -0.04000000000000003600 ) ) ;
#3090 = ORIENTED_EDGE ( 'NONE', *, *, #2315, .T. ) ;
#3091 = COLOUR_RGB ( '',1.000000000000000000, 1.000000000000000000, 1.000000000000000000 ) ;
#3092 = CARTESIAN_POINT ( 'NONE',  ( -0.07500000000000002500, 0.07636857196568112800, -0.008000000000000033100 ) ) ;
#3093 = CARTESIAN_POINT ( 'NONE',  ( 0.03599999999994620700, 0.08700000000000016100, -0.008000000000000033100 ) ) ;
#3094 = CARTESIAN_POINT ( 'NONE',  ( 0.1420000000000000200, 0.1029999999999999900, -0.04000000000000004200 ) ) ;
#3095 = SURFACE_SIDE_STYLE ('',( #684 ) ) ;
#3096 = CARTESIAN_POINT ( 'NONE',  ( -0.08299999999994621400, -0.004874015748031564400, 0.07624419269206488000 ) ) ;
#3097 = ORIENTED_EDGE ( 'NONE', *, *, #1920, .T. ) ;
#3098 = VECTOR ( 'NONE', #3002, 39.37007874015748900 ) ;
#3099 = CARTESIAN_POINT ( 'NONE',  ( -0.07499999999998394100, 0.08699999999996095600, -0.008000000000000033100 ) ) ;
#3100 = LINE ( 'NONE', #2805, #287 ) ;
#3101 = CIRCLE ( 'NONE', #129, 0.03900000000000000000 ) ;
#3102 = CYLINDRICAL_SURFACE ( 'NONE', #708, 0.04000000000000000100 ) ;
#3103 = PRESENTATION_STYLE_ASSIGNMENT (( #303 ) ) ;
#3104 = ORIENTED_EDGE ( 'NONE', *, *, #2742, .T. ) ;
#3105 = CIRCLE ( 'NONE', #2669, 0.05499999999999999300 ) ;
#3106 = DIRECTION ( 'NONE',  ( 8.935870830591221800E-017, -0.0000000000000000000, -1.000000000000000000 ) ) ;
#3107 = EDGE_LOOP ( 'NONE', ( #228, #329, #888, #2270, #1598, #442 ) ) ;
#3108 = ORIENTED_EDGE ( 'NONE', *, *, #995, .F. ) ;
#3109 = FILL_AREA_STYLE_COLOUR ( '', #957 ) ;
#3110 = UNCERTAINTY_MEASURE_WITH_UNIT (LENGTH_MEASURE( 1.000000000000000100E-005 ), #1779, 'distance_accuracy_value', 'NONE');
ENDSEC;
END-ISO-10303-21;
