ISO-10303-21;
HEADER;
FILE_DESCRIPTION(('STEP AP242'),'1');
FILE_NAME('0015912040.stp','2025-01-22T03:07:51',('TraceParts'),('TraceParts S.A.'),'Spatial InterOp 3D',' ',' ');
FILE_SCHEMA(('AP242_MANAGED_MODEL_BASED_3D_ENGINEERING_MIM_LF  {1 0 10303 442 1 1 4}'));
ENDSEC;
DATA;
#1=PRODUCT_DEFINITION_CONTEXT('',#10,'design');
#2=APPLICATION_PROTOCOL_DEFINITION('INTERNATIONAL STANDARD','ap242_managed_model_based_3d_engineering',2014,#10);
#3=PRODUCT_CATEGORY_RELATIONSHIP('NONE','NONE',#11,#12);
#4=SHAPE_DEFINITION_REPRESENTATION(#13,#14);
#5=SHAPE_DEFINITION_REPRESENTATION(#13,#15);
#6= (GEOMETRIC_REPRESENTATION_CONTEXT(3)GLOBAL_UNCERTAINTY_ASSIGNED_CONTEXT((#18))GLOBAL_UNIT_ASSIGNED_CONTEXT((#20,#21,#22))REPRESENTATION_CONTEXT('NONE','WORKSPACE'));
#10=APPLICATION_CONTEXT('managed model based 3d engineering');
#11=PRODUCT_CATEGORY('part','NONE');
#12=PRODUCT_RELATED_PRODUCT_CATEGORY('detail',' ',(#24));
#13=PRODUCT_DEFINITION_SHAPE('NONE','NONE',#25);
#14=ADVANCED_BREP_SHAPE_REPRESENTATION('0015912040_1',(#26,#27),#6);
#15=GEOMETRICALLY_BOUNDED_SURFACE_SHAPE_REPRESENTATION('1',(#28,#29),#6);
#18=UNCERTAINTY_MEASURE_WITH_UNIT(LENGTH_MEASURE(1.0E-06),#20,'','');
#20= (CONVERSION_BASED_UNIT('MILLIMETRE',#32)LENGTH_UNIT()NAMED_UNIT(#35));
#21= (NAMED_UNIT(#37)PLANE_ANGLE_UNIT()SI_UNIT($,.RADIAN.));
#22= (NAMED_UNIT(#37)SOLID_ANGLE_UNIT()SI_UNIT($,.STERADIAN.));
#24=PRODUCT('0015912040_1','0015912040_1','PART-0015912040_1-DESC',(#43));
#25=PRODUCT_DEFINITION('','NONE',#44,#1);
#26=MANIFOLD_SOLID_BREP('0015912040_1',#45);
#27=AXIS2_PLACEMENT_3D('',#46,#47,#48);
#28=GEOMETRIC_SET('1',(#49,#50,#51,#52,#53,#54,#55,#56,#57,#58,#59,#60,#61,#62,#63,#64));
#29=AXIS2_PLACEMENT_3D('',#65,#66,#67);
#32=LENGTH_MEASURE_WITH_UNIT(LENGTH_MEASURE(1.0),#68);
#35=DIMENSIONAL_EXPONENTS(1.0,0.0,0.0,0.0,0.0,0.0,0.0);
#37=DIMENSIONAL_EXPONENTS(0.0,0.0,0.0,0.0,0.0,0.0,0.0);
#43=PRODUCT_CONTEXT('',#10,'mechanical');
#44=PRODUCT_DEFINITION_FORMATION_WITH_SPECIFIED_SOURCE(' ','NONE',#24,.NOT_KNOWN.);
#45=CLOSED_SHELL('',(#69,#70,#71,#72,#73,#74,#75,#76,#77,#78,#79,#80,#81,#82,#83,#84,#85,#86,#87,#88,#89,#90,#91,#92,#93,#94,#95,#96,#97,#98,#99,#100,#101,#102,#103,#104,#105,#106,#107,#108,#109,#110,#111,#112,#113,#114,#115,#116,#117,#118,#119,#120,#121,#122,#123,#124,#125,#126,#127,#128,#129,#130,#131,#132,#133,#134,#135,#136,#137,#138,#139,#140,#141,#142,#143,#144,#145,#146,#147,#148,#149,#150,#151,#152,#153,#154,#155,#156,#157,#158,#159,#160,#161,#162,#163,#164,#165,#166,#167,#168,#169,#170,#171,#172,#173,#174,#175,#176,#177,#178,#179,#180,#181,#182));
#46=CARTESIAN_POINT('',(0.0,0.0,0.0));
#47=DIRECTION('',(0.0,0.0,1.0));
#48=DIRECTION('',(1.0,0.0,0.0));
#49=COMPOSITE_CURVE('0015912040_2',(#183),.U.);
#50=COMPOSITE_CURVE('0015912040_3',(#184),.U.);
#51=COMPOSITE_CURVE('0015912040_4',(#185),.U.);
#52=COMPOSITE_CURVE('0015912040_5',(#186),.U.);
#53=COMPOSITE_CURVE('0015912040_6',(#187),.U.);
#54=COMPOSITE_CURVE('0015912040_7',(#188),.U.);
#55=COMPOSITE_CURVE('0015912040_8',(#189),.U.);
#56=COMPOSITE_CURVE('0015912040_9',(#190),.U.);
#57=COMPOSITE_CURVE('0015912040_10',(#191),.U.);
#58=COMPOSITE_CURVE('0015912040_11',(#192),.U.);
#59=COMPOSITE_CURVE('0015912040_12',(#193),.U.);
#60=COMPOSITE_CURVE('0015912040_13',(#194),.U.);
#61=COMPOSITE_CURVE('0015912040_14',(#195),.U.);
#62=COMPOSITE_CURVE('0015912040_15',(#196),.U.);
#63=COMPOSITE_CURVE('0015912040_16',(#197),.U.);
#64=COMPOSITE_CURVE('0015912040_17',(#198),.U.);
#65=CARTESIAN_POINT('',(0.0,0.0,0.0));
#66=DIRECTION('',(0.0,0.0,1.0));
#67=DIRECTION('',(1.0,0.0,0.0));
#68= (NAMED_UNIT(#35)LENGTH_UNIT()SI_UNIT(.MILLI.,.METRE.));
#69=ADVANCED_FACE('',(#200),#201,.F.);
#70=ADVANCED_FACE('',(#202),#203,.F.);
#71=ADVANCED_FACE('',(#204),#205,.F.);
#72=ADVANCED_FACE('',(#206),#207,.F.);
#73=ADVANCED_FACE('',(#208,#209,#210),#211,.T.);
#74=ADVANCED_FACE('',(#212,#213,#214),#215,.T.);
#75=ADVANCED_FACE('',(#216),#217,.F.);
#76=ADVANCED_FACE('',(#218),#219,.F.);
#77=ADVANCED_FACE('',(#220),#221,.T.);
#78=ADVANCED_FACE('',(#222),#223,.T.);
#79=ADVANCED_FACE('',(#224),#225,.F.);
#80=ADVANCED_FACE('',(#226),#227,.T.);
#81=ADVANCED_FACE('',(#228),#229,.T.);
#82=ADVANCED_FACE('',(#230),#231,.T.);
#83=ADVANCED_FACE('',(#232,#233,#234),#235,.T.);
#84=ADVANCED_FACE('',(#236,#237,#238),#239,.T.);
#85=ADVANCED_FACE('',(#240),#241,.F.);
#86=ADVANCED_FACE('',(#242),#243,.F.);
#87=ADVANCED_FACE('',(#244),#245,.F.);
#88=ADVANCED_FACE('',(#246),#247,.F.);
#89=ADVANCED_FACE('',(#248),#249,.T.);
#90=ADVANCED_FACE('',(#250),#251,.T.);
#91=ADVANCED_FACE('',(#252),#253,.T.);
#92=ADVANCED_FACE('',(#254),#255,.F.);
#93=ADVANCED_FACE('',(#256),#257,.F.);
#94=ADVANCED_FACE('',(#258),#259,.F.);
#95=ADVANCED_FACE('',(#260),#261,.F.);
#96=ADVANCED_FACE('',(#262),#263,.F.);
#97=ADVANCED_FACE('',(#264),#265,.F.);
#98=ADVANCED_FACE('',(#266),#267,.T.);
#99=ADVANCED_FACE('',(#268),#269,.T.);
#100=ADVANCED_FACE('',(#270),#271,.T.);
#101=ADVANCED_FACE('',(#272),#273,.T.);
#102=ADVANCED_FACE('',(#274),#275,.T.);
#103=ADVANCED_FACE('',(#276),#277,.T.);
#104=ADVANCED_FACE('',(#278),#279,.T.);
#105=ADVANCED_FACE('',(#280),#281,.T.);
#106=ADVANCED_FACE('',(#282),#283,.T.);
#107=ADVANCED_FACE('',(#284),#285,.T.);
#108=ADVANCED_FACE('',(#286),#287,.T.);
#109=ADVANCED_FACE('',(#288),#289,.T.);
#110=ADVANCED_FACE('',(#290),#291,.T.);
#111=ADVANCED_FACE('',(#292),#293,.T.);
#112=ADVANCED_FACE('',(#294),#295,.T.);
#113=ADVANCED_FACE('',(#296),#297,.T.);
#114=ADVANCED_FACE('',(#298),#299,.T.);
#115=ADVANCED_FACE('',(#300),#301,.T.);
#116=ADVANCED_FACE('',(#302),#303,.T.);
#117=ADVANCED_FACE('',(#304),#305,.T.);
#118=ADVANCED_FACE('',(#306),#307,.T.);
#119=ADVANCED_FACE('',(#308),#309,.T.);
#120=ADVANCED_FACE('',(#310),#311,.T.);
#121=ADVANCED_FACE('',(#312),#313,.T.);
#122=ADVANCED_FACE('',(#314),#315,.T.);
#123=ADVANCED_FACE('',(#316),#317,.T.);
#124=ADVANCED_FACE('',(#318),#319,.T.);
#125=ADVANCED_FACE('',(#320),#321,.F.);
#126=ADVANCED_FACE('',(#322),#323,.T.);
#127=ADVANCED_FACE('',(#324),#325,.T.);
#128=ADVANCED_FACE('',(#326),#327,.T.);
#129=ADVANCED_FACE('',(#328),#329,.T.);
#130=ADVANCED_FACE('',(#330),#331,.T.);
#131=ADVANCED_FACE('',(#332),#333,.F.);
#132=ADVANCED_FACE('',(#334),#335,.T.);
#133=ADVANCED_FACE('',(#336),#337,.T.);
#134=ADVANCED_FACE('',(#338),#339,.T.);
#135=ADVANCED_FACE('',(#340),#341,.T.);
#136=ADVANCED_FACE('',(#342),#343,.T.);
#137=ADVANCED_FACE('',(#344),#345,.T.);
#138=ADVANCED_FACE('',(#346),#347,.F.);
#139=ADVANCED_FACE('',(#348),#349,.F.);
#140=ADVANCED_FACE('',(#350),#351,.F.);
#141=ADVANCED_FACE('',(#352),#353,.F.);
#142=ADVANCED_FACE('',(#354),#355,.T.);
#143=ADVANCED_FACE('',(#356),#357,.T.);
#144=ADVANCED_FACE('',(#358),#359,.T.);
#145=ADVANCED_FACE('',(#360),#361,.T.);
#146=ADVANCED_FACE('',(#362),#363,.T.);
#147=ADVANCED_FACE('',(#364),#365,.T.);
#148=ADVANCED_FACE('',(#366),#367,.T.);
#149=ADVANCED_FACE('',(#368),#369,.T.);
#150=ADVANCED_FACE('',(#370),#371,.T.);
#151=ADVANCED_FACE('',(#372),#373,.T.);
#152=ADVANCED_FACE('',(#374),#375,.T.);
#153=ADVANCED_FACE('',(#376),#377,.T.);
#154=ADVANCED_FACE('',(#378),#379,.T.);
#155=ADVANCED_FACE('',(#380),#381,.T.);
#156=ADVANCED_FACE('',(#382),#383,.T.);
#157=ADVANCED_FACE('',(#384),#385,.T.);
#158=ADVANCED_FACE('',(#386),#387,.T.);
#159=ADVANCED_FACE('',(#388),#389,.T.);
#160=ADVANCED_FACE('',(#390),#391,.T.);
#161=ADVANCED_FACE('',(#392),#393,.T.);
#162=ADVANCED_FACE('',(#394),#395,.T.);
#163=ADVANCED_FACE('',(#396),#397,.T.);
#164=ADVANCED_FACE('',(#398),#399,.T.);
#165=ADVANCED_FACE('',(#400),#401,.T.);
#166=ADVANCED_FACE('',(#402),#403,.T.);
#167=ADVANCED_FACE('',(#404),#405,.T.);
#168=ADVANCED_FACE('',(#406),#407,.T.);
#169=ADVANCED_FACE('',(#408),#409,.F.);
#170=ADVANCED_FACE('',(#410),#411,.T.);
#171=ADVANCED_FACE('',(#412),#413,.T.);
#172=ADVANCED_FACE('',(#414),#415,.T.);
#173=ADVANCED_FACE('',(#416),#417,.T.);
#174=ADVANCED_FACE('',(#418),#419,.T.);
#175=ADVANCED_FACE('',(#420),#421,.F.);
#176=ADVANCED_FACE('',(#422),#423,.T.);
#177=ADVANCED_FACE('',(#424),#425,.T.);
#178=ADVANCED_FACE('',(#426),#427,.T.);
#179=ADVANCED_FACE('',(#428),#429,.T.);
#180=ADVANCED_FACE('',(#430),#431,.T.);
#181=ADVANCED_FACE('',(#432),#433,.T.);
#182=ADVANCED_FACE('',(#434),#435,.F.);
#183=COMPOSITE_CURVE_SEGMENT(.CONTINUOUS.,.T.,#436);
#184=COMPOSITE_CURVE_SEGMENT(.CONTINUOUS.,.T.,#437);
#185=COMPOSITE_CURVE_SEGMENT(.CONTINUOUS.,.T.,#438);
#186=COMPOSITE_CURVE_SEGMENT(.CONTINUOUS.,.T.,#439);
#187=COMPOSITE_CURVE_SEGMENT(.CONTINUOUS.,.T.,#440);
#188=COMPOSITE_CURVE_SEGMENT(.CONTINUOUS.,.T.,#441);
#189=COMPOSITE_CURVE_SEGMENT(.CONTINUOUS.,.T.,#442);
#190=COMPOSITE_CURVE_SEGMENT(.CONTINUOUS.,.T.,#443);
#191=COMPOSITE_CURVE_SEGMENT(.CONTINUOUS.,.T.,#444);
#192=COMPOSITE_CURVE_SEGMENT(.CONTINUOUS.,.T.,#445);
#193=COMPOSITE_CURVE_SEGMENT(.CONTINUOUS.,.T.,#446);
#194=COMPOSITE_CURVE_SEGMENT(.CONTINUOUS.,.T.,#447);
#195=COMPOSITE_CURVE_SEGMENT(.CONTINUOUS.,.T.,#448);
#196=COMPOSITE_CURVE_SEGMENT(.CONTINUOUS.,.T.,#449);
#197=COMPOSITE_CURVE_SEGMENT(.CONTINUOUS.,.T.,#450);
#198=COMPOSITE_CURVE_SEGMENT(.CONTINUOUS.,.T.,#451);
#200=FACE_OUTER_BOUND('',#452,.T.);
#201=PLANE('',#453);
#202=FACE_OUTER_BOUND('',#454,.T.);
#203=PLANE('',#455);
#204=FACE_OUTER_BOUND('',#456,.T.);
#205=PLANE('',#457);
#206=FACE_OUTER_BOUND('',#458,.T.);
#207=PLANE('',#459);
#208=FACE_OUTER_BOUND('',#460,.T.);
#209=FACE_BOUND('',#461,.T.);
#210=FACE_BOUND('',#462,.T.);
#211=PLANE('',#463);
#212=FACE_OUTER_BOUND('',#464,.T.);
#213=FACE_BOUND('',#465,.T.);
#214=FACE_BOUND('',#466,.T.);
#215=PLANE('',#467);
#216=FACE_OUTER_BOUND('',#468,.T.);
#217=PLANE('',#469);
#218=FACE_OUTER_BOUND('',#470,.T.);
#219=PLANE('',#471);
#220=FACE_OUTER_BOUND('',#472,.T.);
#221=PLANE('',#473);
#222=FACE_OUTER_BOUND('',#474,.T.);
#223=PLANE('',#475);
#224=FACE_OUTER_BOUND('',#476,.T.);
#225=PLANE('',#477);
#226=FACE_OUTER_BOUND('',#478,.T.);
#227=PLANE('',#479);
#228=FACE_OUTER_BOUND('',#480,.T.);
#229=PLANE('',#481);
#230=FACE_OUTER_BOUND('',#482,.T.);
#231=PLANE('',#483);
#232=FACE_OUTER_BOUND('',#484,.T.);
#233=FACE_BOUND('',#485,.T.);
#234=FACE_BOUND('',#486,.T.);
#235=PLANE('',#487);
#236=FACE_OUTER_BOUND('',#488,.T.);
#237=FACE_BOUND('',#489,.T.);
#238=FACE_BOUND('',#490,.T.);
#239=PLANE('',#491);
#240=FACE_OUTER_BOUND('',#492,.T.);
#241=PLANE('',#493);
#242=FACE_OUTER_BOUND('',#494,.T.);
#243=PLANE('',#495);
#244=FACE_OUTER_BOUND('',#496,.T.);
#245=PLANE('',#497);
#246=FACE_OUTER_BOUND('',#498,.T.);
#247=PLANE('',#499);
#248=FACE_OUTER_BOUND('',#500,.T.);
#249=PLANE('',#501);
#250=FACE_OUTER_BOUND('',#502,.T.);
#251=PLANE('',#503);
#252=FACE_OUTER_BOUND('',#504,.T.);
#253=PLANE('',#505);
#254=FACE_OUTER_BOUND('',#506,.T.);
#255=PLANE('',#507);
#256=FACE_OUTER_BOUND('',#508,.T.);
#257=PLANE('',#509);
#258=FACE_OUTER_BOUND('',#510,.T.);
#259=PLANE('',#511);
#260=FACE_OUTER_BOUND('',#512,.T.);
#261=PLANE('',#513);
#262=FACE_OUTER_BOUND('',#514,.T.);
#263=PLANE('',#515);
#264=FACE_OUTER_BOUND('',#516,.T.);
#265=PLANE('',#517);
#266=FACE_OUTER_BOUND('',#518,.T.);
#267=PLANE('',#519);
#268=FACE_OUTER_BOUND('',#520,.T.);
#269=PLANE('',#521);
#270=FACE_OUTER_BOUND('',#522,.T.);
#271=PLANE('',#523);
#272=FACE_OUTER_BOUND('',#524,.T.);
#273=PLANE('',#525);
#274=FACE_OUTER_BOUND('',#526,.T.);
#275=PLANE('',#527);
#276=FACE_OUTER_BOUND('',#528,.T.);
#277=PLANE('',#529);
#278=FACE_OUTER_BOUND('',#530,.T.);
#279=PLANE('',#531);
#280=FACE_OUTER_BOUND('',#532,.T.);
#281=PLANE('',#533);
#282=FACE_OUTER_BOUND('',#534,.T.);
#283=PLANE('',#535);
#284=FACE_OUTER_BOUND('',#536,.T.);
#285=PLANE('',#537);
#286=FACE_OUTER_BOUND('',#538,.T.);
#287=PLANE('',#539);
#288=FACE_OUTER_BOUND('',#540,.T.);
#289=PLANE('',#541);
#290=FACE_OUTER_BOUND('',#542,.T.);
#291=PLANE('',#543);
#292=FACE_OUTER_BOUND('',#544,.T.);
#293=PLANE('',#545);
#294=FACE_OUTER_BOUND('',#546,.T.);
#295=PLANE('',#547);
#296=FACE_OUTER_BOUND('',#548,.T.);
#297=PLANE('',#549);
#298=FACE_OUTER_BOUND('',#550,.T.);
#299=PLANE('',#551);
#300=FACE_OUTER_BOUND('',#552,.T.);
#301=PLANE('',#553);
#302=FACE_OUTER_BOUND('',#554,.T.);
#303=PLANE('',#555);
#304=FACE_OUTER_BOUND('',#556,.T.);
#305=PLANE('',#557);
#306=FACE_OUTER_BOUND('',#558,.T.);
#307=PLANE('',#559);
#308=FACE_OUTER_BOUND('',#560,.T.);
#309=PLANE('',#561);
#310=FACE_OUTER_BOUND('',#562,.T.);
#311=PLANE('',#563);
#312=FACE_OUTER_BOUND('',#564,.T.);
#313=PLANE('',#565);
#314=FACE_OUTER_BOUND('',#566,.T.);
#315=CYLINDRICAL_SURFACE('',#567,1.143);
#316=FACE_OUTER_BOUND('',#568,.T.);
#317=PLANE('',#569);
#318=FACE_OUTER_BOUND('',#570,.T.);
#319=PLANE('',#571);
#320=FACE_OUTER_BOUND('',#572,.T.);
#321=CYLINDRICAL_SURFACE('',#573,0.508);
#322=FACE_OUTER_BOUND('',#574,.T.);
#323=PLANE('',#575);
#324=FACE_OUTER_BOUND('',#576,.T.);
#325=PLANE('',#577);
#326=FACE_OUTER_BOUND('',#578,.T.);
#327=PLANE('',#579);
#328=FACE_OUTER_BOUND('',#580,.T.);
#329=PLANE('',#581);
#330=FACE_OUTER_BOUND('',#582,.T.);
#331=PLANE('',#583);
#332=FACE_OUTER_BOUND('',#584,.T.);
#333=CYLINDRICAL_SURFACE('',#585,0.508);
#334=FACE_OUTER_BOUND('',#586,.T.);
#335=PLANE('',#587);
#336=FACE_OUTER_BOUND('',#588,.T.);
#337=PLANE('',#589);
#338=FACE_OUTER_BOUND('',#590,.T.);
#339=PLANE('',#591);
#340=FACE_OUTER_BOUND('',#592,.T.);
#341=PLANE('',#593);
#342=FACE_OUTER_BOUND('',#594,.T.);
#343=CYLINDRICAL_SURFACE('',#595,1.143);
#344=FACE_OUTER_BOUND('',#596,.T.);
#345=PLANE('',#597);
#346=FACE_OUTER_BOUND('',#598,.T.);
#347=PLANE('',#599);
#348=FACE_OUTER_BOUND('',#600,.T.);
#349=PLANE('',#601);
#350=FACE_OUTER_BOUND('',#602,.T.);
#351=PLANE('',#603);
#352=FACE_OUTER_BOUND('',#604,.T.);
#353=PLANE('',#605);
#354=FACE_OUTER_BOUND('',#606,.T.);
#355=PLANE('',#607);
#356=FACE_OUTER_BOUND('',#608,.T.);
#357=PLANE('',#609);
#358=FACE_OUTER_BOUND('',#610,.T.);
#359=PLANE('',#611);
#360=FACE_OUTER_BOUND('',#612,.T.);
#361=PLANE('',#613);
#362=FACE_OUTER_BOUND('',#614,.T.);
#363=PLANE('',#615);
#364=FACE_OUTER_BOUND('',#616,.T.);
#365=PLANE('',#617);
#366=FACE_OUTER_BOUND('',#618,.T.);
#367=PLANE('',#619);
#368=FACE_OUTER_BOUND('',#620,.T.);
#369=PLANE('',#621);
#370=FACE_OUTER_BOUND('',#622,.T.);
#371=PLANE('',#623);
#372=FACE_OUTER_BOUND('',#624,.T.);
#373=PLANE('',#625);
#374=FACE_OUTER_BOUND('',#626,.T.);
#375=PLANE('',#627);
#376=FACE_OUTER_BOUND('',#628,.T.);
#377=PLANE('',#629);
#378=FACE_OUTER_BOUND('',#630,.T.);
#379=PLANE('',#631);
#380=FACE_OUTER_BOUND('',#632,.T.);
#381=PLANE('',#633);
#382=FACE_OUTER_BOUND('',#634,.T.);
#383=PLANE('',#635);
#384=FACE_OUTER_BOUND('',#636,.T.);
#385=PLANE('',#637);
#386=FACE_OUTER_BOUND('',#638,.T.);
#387=PLANE('',#639);
#388=FACE_OUTER_BOUND('',#640,.T.);
#389=PLANE('',#641);
#390=FACE_OUTER_BOUND('',#642,.T.);
#391=PLANE('',#643);
#392=FACE_OUTER_BOUND('',#644,.T.);
#393=PLANE('',#645);
#394=FACE_OUTER_BOUND('',#646,.T.);
#395=PLANE('',#647);
#396=FACE_OUTER_BOUND('',#648,.T.);
#397=PLANE('',#649);
#398=FACE_OUTER_BOUND('',#650,.T.);
#399=PLANE('',#651);
#400=FACE_OUTER_BOUND('',#652,.T.);
#401=PLANE('',#653);
#402=FACE_OUTER_BOUND('',#654,.T.);
#403=CYLINDRICAL_SURFACE('',#655,1.143);
#404=FACE_OUTER_BOUND('',#656,.T.);
#405=PLANE('',#657);
#406=FACE_OUTER_BOUND('',#658,.T.);
#407=PLANE('',#659);
#408=FACE_OUTER_BOUND('',#660,.T.);
#409=CYLINDRICAL_SURFACE('',#661,0.508);
#410=FACE_OUTER_BOUND('',#662,.T.);
#411=PLANE('',#663);
#412=FACE_OUTER_BOUND('',#664,.T.);
#413=PLANE('',#665);
#414=FACE_OUTER_BOUND('',#666,.T.);
#415=PLANE('',#667);
#416=FACE_OUTER_BOUND('',#668,.T.);
#417=PLANE('',#669);
#418=FACE_OUTER_BOUND('',#670,.T.);
#419=PLANE('',#671);
#420=FACE_OUTER_BOUND('',#672,.T.);
#421=CYLINDRICAL_SURFACE('',#673,0.508);
#422=FACE_OUTER_BOUND('',#674,.T.);
#423=PLANE('',#675);
#424=FACE_OUTER_BOUND('',#676,.T.);
#425=PLANE('',#677);
#426=FACE_OUTER_BOUND('',#678,.T.);
#427=PLANE('',#679);
#428=FACE_OUTER_BOUND('',#680,.T.);
#429=PLANE('',#681);
#430=FACE_OUTER_BOUND('',#682,.T.);
#431=CYLINDRICAL_SURFACE('',#683,1.143);
#432=FACE_OUTER_BOUND('',#684,.T.);
#433=PLANE('',#685);
#434=FACE_OUTER_BOUND('',#686,.T.);
#435=PLANE('',#687);
#436=TRIMMED_CURVE('',#688,(PARAMETER_VALUE(0.0)),(PARAMETER_VALUE(1.0)),.T.,.UNSPECIFIED.);
#437=TRIMMED_CURVE('',#689,(PARAMETER_VALUE(0.0)),(PARAMETER_VALUE(1.0)),.T.,.UNSPECIFIED.);
#438=TRIMMED_CURVE('',#690,(PARAMETER_VALUE(0.0)),(PARAMETER_VALUE(1.0)),.T.,.UNSPECIFIED.);
#439=TRIMMED_CURVE('',#691,(PARAMETER_VALUE(0.0)),(PARAMETER_VALUE(1.0)),.T.,.UNSPECIFIED.);
#440=TRIMMED_CURVE('',#692,(PARAMETER_VALUE(0.0)),(PARAMETER_VALUE(1.0)),.T.,.UNSPECIFIED.);
#441=TRIMMED_CURVE('',#693,(PARAMETER_VALUE(0.0)),(PARAMETER_VALUE(1.0)),.T.,.UNSPECIFIED.);
#442=TRIMMED_CURVE('',#694,(PARAMETER_VALUE(0.0)),(PARAMETER_VALUE(1.0)),.T.,.UNSPECIFIED.);
#443=TRIMMED_CURVE('',#695,(PARAMETER_VALUE(0.0)),(PARAMETER_VALUE(1.0)),.T.,.UNSPECIFIED.);
#444=TRIMMED_CURVE('',#696,(PARAMETER_VALUE(0.0)),(PARAMETER_VALUE(1.0)),.T.,.UNSPECIFIED.);
#445=TRIMMED_CURVE('',#697,(PARAMETER_VALUE(0.0)),(PARAMETER_VALUE(1.0)),.T.,.UNSPECIFIED.);
#446=TRIMMED_CURVE('',#698,(PARAMETER_VALUE(0.0)),(PARAMETER_VALUE(1.0)),.T.,.UNSPECIFIED.);
#447=TRIMMED_CURVE('',#699,(PARAMETER_VALUE(0.0)),(PARAMETER_VALUE(1.0)),.T.,.UNSPECIFIED.);
#448=TRIMMED_CURVE('',#700,(PARAMETER_VALUE(0.0)),(PARAMETER_VALUE(1.0)),.T.,.UNSPECIFIED.);
#449=TRIMMED_CURVE('',#701,(PARAMETER_VALUE(0.0)),(PARAMETER_VALUE(1.0)),.T.,.UNSPECIFIED.);
#450=TRIMMED_CURVE('',#702,(PARAMETER_VALUE(0.0)),(PARAMETER_VALUE(1.0)),.T.,.UNSPECIFIED.);
#451=TRIMMED_CURVE('',#703,(PARAMETER_VALUE(0.0)),(PARAMETER_VALUE(1.0)),.T.,.UNSPECIFIED.);
#452=EDGE_LOOP('',(#704,#705,#706,#707));
#453=AXIS2_PLACEMENT_3D('',#708,#709,#710);
#454=EDGE_LOOP('',(#711,#712,#713,#714));
#455=AXIS2_PLACEMENT_3D('',#715,#716,#717);
#456=EDGE_LOOP('',(#718,#719,#720,#721));
#457=AXIS2_PLACEMENT_3D('',#722,#723,#724);
#458=EDGE_LOOP('',(#725,#726,#727,#728));
#459=AXIS2_PLACEMENT_3D('',#729,#730,#731);
#460=EDGE_LOOP('',(#732,#733,#734,#735));
#461=EDGE_LOOP('',(#736,#737,#738,#739));
#462=EDGE_LOOP('',(#740,#741,#742,#743));
#463=AXIS2_PLACEMENT_3D('',#744,#745,#746);
#464=EDGE_LOOP('',(#747,#748,#749,#750));
#465=EDGE_LOOP('',(#751,#752,#753,#754));
#466=EDGE_LOOP('',(#755,#756,#757,#758));
#467=AXIS2_PLACEMENT_3D('',#759,#760,#761);
#468=EDGE_LOOP('',(#762,#763,#764,#765));
#469=AXIS2_PLACEMENT_3D('',#766,#767,#768);
#470=EDGE_LOOP('',(#769,#770,#771,#772));
#471=AXIS2_PLACEMENT_3D('',#773,#774,#775);
#472=EDGE_LOOP('',(#776,#777,#778,#779));
#473=AXIS2_PLACEMENT_3D('',#780,#781,#782);
#474=EDGE_LOOP('',(#783,#784,#785,#786));
#475=AXIS2_PLACEMENT_3D('',#787,#788,#789);
#476=EDGE_LOOP('',(#790,#791,#792,#793));
#477=AXIS2_PLACEMENT_3D('',#794,#795,#796);
#478=EDGE_LOOP('',(#797,#798,#799,#800));
#479=AXIS2_PLACEMENT_3D('',#801,#802,#803);
#480=EDGE_LOOP('',(#804,#805,#806,#807));
#481=AXIS2_PLACEMENT_3D('',#808,#809,#810);
#482=EDGE_LOOP('',(#811,#812,#813,#814));
#483=AXIS2_PLACEMENT_3D('',#815,#816,#817);
#484=EDGE_LOOP('',(#818,#819,#820,#821));
#485=EDGE_LOOP('',(#822,#823,#824,#825));
#486=EDGE_LOOP('',(#826,#827,#828,#829));
#487=AXIS2_PLACEMENT_3D('',#830,#831,#832);
#488=EDGE_LOOP('',(#833,#834,#835,#836));
#489=EDGE_LOOP('',(#837,#838,#839,#840));
#490=EDGE_LOOP('',(#841,#842,#843,#844));
#491=AXIS2_PLACEMENT_3D('',#845,#846,#847);
#492=EDGE_LOOP('',(#848,#849,#850,#851));
#493=AXIS2_PLACEMENT_3D('',#852,#853,#854);
#494=EDGE_LOOP('',(#855,#856,#857,#858));
#495=AXIS2_PLACEMENT_3D('',#859,#860,#861);
#496=EDGE_LOOP('',(#862,#863,#864,#865));
#497=AXIS2_PLACEMENT_3D('',#866,#867,#868);
#498=EDGE_LOOP('',(#869,#870,#871,#872));
#499=AXIS2_PLACEMENT_3D('',#873,#874,#875);
#500=EDGE_LOOP('',(#876,#877,#878,#879));
#501=AXIS2_PLACEMENT_3D('',#880,#881,#882);
#502=EDGE_LOOP('',(#883,#884,#885,#886));
#503=AXIS2_PLACEMENT_3D('',#887,#888,#889);
#504=EDGE_LOOP('',(#890,#891,#892,#893));
#505=AXIS2_PLACEMENT_3D('',#894,#895,#896);
#506=EDGE_LOOP('',(#897,#898,#899,#900));
#507=AXIS2_PLACEMENT_3D('',#901,#902,#903);
#508=EDGE_LOOP('',(#904,#905,#906,#907));
#509=AXIS2_PLACEMENT_3D('',#908,#909,#910);
#510=EDGE_LOOP('',(#911,#912,#913,#914));
#511=AXIS2_PLACEMENT_3D('',#915,#916,#917);
#512=EDGE_LOOP('',(#918,#919,#920,#921));
#513=AXIS2_PLACEMENT_3D('',#922,#923,#924);
#514=EDGE_LOOP('',(#925,#926,#927,#928,#929,#930,#931,#932));
#515=AXIS2_PLACEMENT_3D('',#933,#934,#935);
#516=EDGE_LOOP('',(#936,#937,#938,#939,#940,#941,#942,#943));
#517=AXIS2_PLACEMENT_3D('',#944,#945,#946);
#518=EDGE_LOOP('',(#947,#948,#949,#950));
#519=AXIS2_PLACEMENT_3D('',#951,#952,#953);
#520=EDGE_LOOP('',(#954,#955,#956,#957));
#521=AXIS2_PLACEMENT_3D('',#958,#959,#960);
#522=EDGE_LOOP('',(#961,#962,#963,#964));
#523=AXIS2_PLACEMENT_3D('',#965,#966,#967);
#524=EDGE_LOOP('',(#968,#969,#970,#971));
#525=AXIS2_PLACEMENT_3D('',#972,#973,#974);
#526=EDGE_LOOP('',(#975,#976,#977,#978));
#527=AXIS2_PLACEMENT_3D('',#979,#980,#981);
#528=EDGE_LOOP('',(#982,#983,#984,#985));
#529=AXIS2_PLACEMENT_3D('',#986,#987,#988);
#530=EDGE_LOOP('',(#989,#990,#991,#992,#993,#994,#995,#996));
#531=AXIS2_PLACEMENT_3D('',#997,#998,#999);
#532=EDGE_LOOP('',(#1000,#1001,#1002,#1003,#1004,#1005,#1006,#1007));
#533=AXIS2_PLACEMENT_3D('',#1008,#1009,#1010);
#534=EDGE_LOOP('',(#1011,#1012,#1013,#1014));
#535=AXIS2_PLACEMENT_3D('',#1015,#1016,#1017);
#536=EDGE_LOOP('',(#1018,#1019,#1020,#1021));
#537=AXIS2_PLACEMENT_3D('',#1022,#1023,#1024);
#538=EDGE_LOOP('',(#1025,#1026,#1027,#1028));
#539=AXIS2_PLACEMENT_3D('',#1029,#1030,#1031);
#540=EDGE_LOOP('',(#1032,#1033,#1034,#1035));
#541=AXIS2_PLACEMENT_3D('',#1036,#1037,#1038);
#542=EDGE_LOOP('',(#1039,#1040,#1041,#1042));
#543=AXIS2_PLACEMENT_3D('',#1043,#1044,#1045);
#544=EDGE_LOOP('',(#1046,#1047,#1048,#1049));
#545=AXIS2_PLACEMENT_3D('',#1050,#1051,#1052);
#546=EDGE_LOOP('',(#1053,#1054,#1055,#1056));
#547=AXIS2_PLACEMENT_3D('',#1057,#1058,#1059);
#548=EDGE_LOOP('',(#1060,#1061,#1062,#1063));
#549=AXIS2_PLACEMENT_3D('',#1064,#1065,#1066);
#550=EDGE_LOOP('',(#1067,#1068,#1069,#1070));
#551=AXIS2_PLACEMENT_3D('',#1071,#1072,#1073);
#552=EDGE_LOOP('',(#1074,#1075,#1076,#1077));
#553=AXIS2_PLACEMENT_3D('',#1078,#1079,#1080);
#554=EDGE_LOOP('',(#1081,#1082,#1083,#1084));
#555=AXIS2_PLACEMENT_3D('',#1085,#1086,#1087);
#556=EDGE_LOOP('',(#1088,#1089,#1090,#1091));
#557=AXIS2_PLACEMENT_3D('',#1092,#1093,#1094);
#558=EDGE_LOOP('',(#1095,#1096,#1097,#1098));
#559=AXIS2_PLACEMENT_3D('',#1099,#1100,#1101);
#560=EDGE_LOOP('',(#1102,#1103,#1104,#1105));
#561=AXIS2_PLACEMENT_3D('',#1106,#1107,#1108);
#562=EDGE_LOOP('',(#1109,#1110,#1111,#1112));
#563=AXIS2_PLACEMENT_3D('',#1113,#1114,#1115);
#564=EDGE_LOOP('',(#1116,#1117,#1118,#1119));
#565=AXIS2_PLACEMENT_3D('',#1120,#1121,#1122);
#566=EDGE_LOOP('',(#1123,#1124,#1125,#1126));
#567=AXIS2_PLACEMENT_3D('',#1127,#1128,#1129);
#568=EDGE_LOOP('',(#1130,#1131,#1132,#1133));
#569=AXIS2_PLACEMENT_3D('',#1134,#1135,#1136);
#570=EDGE_LOOP('',(#1137,#1138,#1139,#1140));
#571=AXIS2_PLACEMENT_3D('',#1141,#1142,#1143);
#572=EDGE_LOOP('',(#1144,#1145,#1146,#1147));
#573=AXIS2_PLACEMENT_3D('',#1148,#1149,#1150);
#574=EDGE_LOOP('',(#1151,#1152,#1153,#1154));
#575=AXIS2_PLACEMENT_3D('',#1155,#1156,#1157);
#576=EDGE_LOOP('',(#1158,#1159,#1160,#1161));
#577=AXIS2_PLACEMENT_3D('',#1162,#1163,#1164);
#578=EDGE_LOOP('',(#1165,#1166,#1167,#1168));
#579=AXIS2_PLACEMENT_3D('',#1169,#1170,#1171);
#580=EDGE_LOOP('',(#1172,#1173,#1174,#1175));
#581=AXIS2_PLACEMENT_3D('',#1176,#1177,#1178);
#582=EDGE_LOOP('',(#1179,#1180,#1181,#1182));
#583=AXIS2_PLACEMENT_3D('',#1183,#1184,#1185);
#584=EDGE_LOOP('',(#1186,#1187,#1188,#1189));
#585=AXIS2_PLACEMENT_3D('',#1190,#1191,#1192);
#586=EDGE_LOOP('',(#1193,#1194,#1195,#1196));
#587=AXIS2_PLACEMENT_3D('',#1197,#1198,#1199);
#588=EDGE_LOOP('',(#1200,#1201,#1202,#1203));
#589=AXIS2_PLACEMENT_3D('',#1204,#1205,#1206);
#590=EDGE_LOOP('',(#1207,#1208,#1209,#1210));
#591=AXIS2_PLACEMENT_3D('',#1211,#1212,#1213);
#592=EDGE_LOOP('',(#1214,#1215,#1216,#1217));
#593=AXIS2_PLACEMENT_3D('',#1218,#1219,#1220);
#594=EDGE_LOOP('',(#1221,#1222,#1223,#1224));
#595=AXIS2_PLACEMENT_3D('',#1225,#1226,#1227);
#596=EDGE_LOOP('',(#1228,#1229,#1230,#1231));
#597=AXIS2_PLACEMENT_3D('',#1232,#1233,#1234);
#598=EDGE_LOOP('',(#1235,#1236,#1237,#1238));
#599=AXIS2_PLACEMENT_3D('',#1239,#1240,#1241);
#600=EDGE_LOOP('',(#1242,#1243,#1244,#1245));
#601=AXIS2_PLACEMENT_3D('',#1246,#1247,#1248);
#602=EDGE_LOOP('',(#1249,#1250,#1251,#1252,#1253,#1254,#1255,#1256));
#603=AXIS2_PLACEMENT_3D('',#1257,#1258,#1259);
#604=EDGE_LOOP('',(#1260,#1261,#1262,#1263,#1264,#1265,#1266,#1267));
#605=AXIS2_PLACEMENT_3D('',#1268,#1269,#1270);
#606=EDGE_LOOP('',(#1271,#1272,#1273,#1274));
#607=AXIS2_PLACEMENT_3D('',#1275,#1276,#1277);
#608=EDGE_LOOP('',(#1278,#1279,#1280,#1281));
#609=AXIS2_PLACEMENT_3D('',#1282,#1283,#1284);
#610=EDGE_LOOP('',(#1285,#1286,#1287,#1288));
#611=AXIS2_PLACEMENT_3D('',#1289,#1290,#1291);
#612=EDGE_LOOP('',(#1292,#1293,#1294,#1295));
#613=AXIS2_PLACEMENT_3D('',#1296,#1297,#1298);
#614=EDGE_LOOP('',(#1299,#1300,#1301,#1302));
#615=AXIS2_PLACEMENT_3D('',#1303,#1304,#1305);
#616=EDGE_LOOP('',(#1306,#1307,#1308,#1309));
#617=AXIS2_PLACEMENT_3D('',#1310,#1311,#1312);
#618=EDGE_LOOP('',(#1313,#1314,#1315,#1316,#1317,#1318,#1319,#1320));
#619=AXIS2_PLACEMENT_3D('',#1321,#1322,#1323);
#620=EDGE_LOOP('',(#1324,#1325,#1326,#1327,#1328,#1329,#1330,#1331));
#621=AXIS2_PLACEMENT_3D('',#1332,#1333,#1334);
#622=EDGE_LOOP('',(#1335,#1336,#1337,#1338));
#623=AXIS2_PLACEMENT_3D('',#1339,#1340,#1341);
#624=EDGE_LOOP('',(#1342,#1343,#1344,#1345));
#625=AXIS2_PLACEMENT_3D('',#1346,#1347,#1348);
#626=EDGE_LOOP('',(#1349,#1350,#1351,#1352));
#627=AXIS2_PLACEMENT_3D('',#1353,#1354,#1355);
#628=EDGE_LOOP('',(#1356,#1357,#1358,#1359));
#629=AXIS2_PLACEMENT_3D('',#1360,#1361,#1362);
#630=EDGE_LOOP('',(#1363,#1364,#1365,#1366));
#631=AXIS2_PLACEMENT_3D('',#1367,#1368,#1369);
#632=EDGE_LOOP('',(#1370,#1371,#1372,#1373));
#633=AXIS2_PLACEMENT_3D('',#1374,#1375,#1376);
#634=EDGE_LOOP('',(#1377,#1378,#1379,#1380));
#635=AXIS2_PLACEMENT_3D('',#1381,#1382,#1383);
#636=EDGE_LOOP('',(#1384,#1385,#1386,#1387));
#637=AXIS2_PLACEMENT_3D('',#1388,#1389,#1390);
#638=EDGE_LOOP('',(#1391,#1392,#1393,#1394));
#639=AXIS2_PLACEMENT_3D('',#1395,#1396,#1397);
#640=EDGE_LOOP('',(#1398,#1399,#1400,#1401));
#641=AXIS2_PLACEMENT_3D('',#1402,#1403,#1404);
#642=EDGE_LOOP('',(#1405,#1406,#1407,#1408));
#643=AXIS2_PLACEMENT_3D('',#1409,#1410,#1411);
#644=EDGE_LOOP('',(#1412,#1413,#1414,#1415));
#645=AXIS2_PLACEMENT_3D('',#1416,#1417,#1418);
#646=EDGE_LOOP('',(#1419,#1420,#1421,#1422));
#647=AXIS2_PLACEMENT_3D('',#1423,#1424,#1425);
#648=EDGE_LOOP('',(#1426,#1427,#1428,#1429));
#649=AXIS2_PLACEMENT_3D('',#1430,#1431,#1432);
#650=EDGE_LOOP('',(#1433,#1434,#1435,#1436));
#651=AXIS2_PLACEMENT_3D('',#1437,#1438,#1439);
#652=EDGE_LOOP('',(#1440,#1441,#1442,#1443));
#653=AXIS2_PLACEMENT_3D('',#1444,#1445,#1446);
#654=EDGE_LOOP('',(#1447,#1448,#1449,#1450));
#655=AXIS2_PLACEMENT_3D('',#1451,#1452,#1453);
#656=EDGE_LOOP('',(#1454,#1455,#1456,#1457));
#657=AXIS2_PLACEMENT_3D('',#1458,#1459,#1460);
#658=EDGE_LOOP('',(#1461,#1462,#1463,#1464));
#659=AXIS2_PLACEMENT_3D('',#1465,#1466,#1467);
#660=EDGE_LOOP('',(#1468,#1469,#1470,#1471));
#661=AXIS2_PLACEMENT_3D('',#1472,#1473,#1474);
#662=EDGE_LOOP('',(#1475,#1476,#1477,#1478));
#663=AXIS2_PLACEMENT_3D('',#1479,#1480,#1481);
#664=EDGE_LOOP('',(#1482,#1483,#1484,#1485));
#665=AXIS2_PLACEMENT_3D('',#1486,#1487,#1488);
#666=EDGE_LOOP('',(#1489,#1490,#1491,#1492));
#667=AXIS2_PLACEMENT_3D('',#1493,#1494,#1495);
#668=EDGE_LOOP('',(#1496,#1497,#1498,#1499));
#669=AXIS2_PLACEMENT_3D('',#1500,#1501,#1502);
#670=EDGE_LOOP('',(#1503,#1504,#1505,#1506));
#671=AXIS2_PLACEMENT_3D('',#1507,#1508,#1509);
#672=EDGE_LOOP('',(#1510,#1511,#1512,#1513));
#673=AXIS2_PLACEMENT_3D('',#1514,#1515,#1516);
#674=EDGE_LOOP('',(#1517,#1518,#1519,#1520));
#675=AXIS2_PLACEMENT_3D('',#1521,#1522,#1523);
#676=EDGE_LOOP('',(#1524,#1525,#1526,#1527));
#677=AXIS2_PLACEMENT_3D('',#1528,#1529,#1530);
#678=EDGE_LOOP('',(#1531,#1532,#1533,#1534));
#679=AXIS2_PLACEMENT_3D('',#1535,#1536,#1537);
#680=EDGE_LOOP('',(#1538,#1539,#1540,#1541));
#681=AXIS2_PLACEMENT_3D('',#1542,#1543,#1544);
#682=EDGE_LOOP('',(#1545,#1546,#1547,#1548));
#683=AXIS2_PLACEMENT_3D('',#1549,#1550,#1551);
#684=EDGE_LOOP('',(#1552,#1553,#1554,#1555));
#685=AXIS2_PLACEMENT_3D('',#1556,#1557,#1558);
#686=EDGE_LOOP('',(#1559,#1560,#1561,#1562));
#687=AXIS2_PLACEMENT_3D('',#1563,#1564,#1565);
#688=LINE('',#1566,#1567);
#689=LINE('',#1568,#1569);
#690=LINE('',#1570,#1571);
#691=LINE('',#1572,#1573);
#692=LINE('',#1574,#1575);
#693=LINE('',#1576,#1577);
#694=LINE('',#1578,#1579);
#695=LINE('',#1580,#1581);
#696=LINE('',#1582,#1583);
#697=LINE('',#1584,#1585);
#698=LINE('',#1586,#1587);
#699=LINE('',#1588,#1589);
#700=LINE('',#1590,#1591);
#701=LINE('',#1592,#1593);
#702=LINE('',#1594,#1595);
#703=LINE('',#1596,#1597);
#704=ORIENTED_EDGE('',*,*,#1598,.F.);
#705=ORIENTED_EDGE('',*,*,#1599,.T.);
#706=ORIENTED_EDGE('',*,*,#1600,.F.);
#707=ORIENTED_EDGE('',*,*,#1601,.F.);
#708=CARTESIAN_POINT('',(0.0,0.0,-2.54));
#709=DIRECTION('',(0.0,0.0,1.0));
#710=DIRECTION('',(1.0,0.0,0.0));
#711=ORIENTED_EDGE('',*,*,#1602,.F.);
#712=ORIENTED_EDGE('',*,*,#1603,.F.);
#713=ORIENTED_EDGE('',*,*,#1604,.F.);
#714=ORIENTED_EDGE('',*,*,#1605,.T.);
#715=CARTESIAN_POINT('',(0.0,0.0,-2.54));
#716=DIRECTION('',(0.0,0.0,1.0));
#717=DIRECTION('',(1.0,0.0,0.0));
#718=ORIENTED_EDGE('',*,*,#1606,.T.);
#719=ORIENTED_EDGE('',*,*,#1607,.F.);
#720=ORIENTED_EDGE('',*,*,#1601,.T.);
#721=ORIENTED_EDGE('',*,*,#1608,.T.);
#722=CARTESIAN_POINT('',(-0.508,1.3716,-2.54));
#723=DIRECTION('',(-0.707106781186547,0.0,0.707106781186547));
#724=DIRECTION('',(0.0,1.0,0.0));
#725=ORIENTED_EDGE('',*,*,#1609,.F.);
#726=ORIENTED_EDGE('',*,*,#1610,.F.);
#727=ORIENTED_EDGE('',*,*,#1608,.F.);
#728=ORIENTED_EDGE('',*,*,#1611,.T.);
#729=CARTESIAN_POINT('',(0.0,0.635,-2.54));
#730=DIRECTION('',(-0.707106781186547,-0.707106781186547,0.0));
#731=DIRECTION('',(-0.707106781186548,0.707106781186548,0.0));
#732=ORIENTED_EDGE('',*,*,#1612,.F.);
#733=ORIENTED_EDGE('',*,*,#1613,.F.);
#734=ORIENTED_EDGE('',*,*,#1602,.T.);
#735=ORIENTED_EDGE('',*,*,#1614,.T.);
#736=ORIENTED_EDGE('',*,*,#1615,.T.);
#737=ORIENTED_EDGE('',*,*,#1616,.T.);
#738=ORIENTED_EDGE('',*,*,#1617,.F.);
#739=ORIENTED_EDGE('',*,*,#1618,.F.);
#740=ORIENTED_EDGE('',*,*,#1619,.T.);
#741=ORIENTED_EDGE('',*,*,#1620,.T.);
#742=ORIENTED_EDGE('',*,*,#1621,.F.);
#743=ORIENTED_EDGE('',*,*,#1622,.F.);
#744=CARTESIAN_POINT('',(2.032,1.143,-2.54));
#745=DIRECTION('',(-0.0,1.0,0.0));
#746=DIRECTION('',(1.0,0.0,0.0));
#747=ORIENTED_EDGE('',*,*,#1600,.T.);
#748=ORIENTED_EDGE('',*,*,#1623,.T.);
#749=ORIENTED_EDGE('',*,*,#1624,.F.);
#750=ORIENTED_EDGE('',*,*,#1611,.F.);
#751=ORIENTED_EDGE('',*,*,#1625,.T.);
#752=ORIENTED_EDGE('',*,*,#1626,.T.);
#753=ORIENTED_EDGE('',*,*,#1627,.F.);
#754=ORIENTED_EDGE('',*,*,#1628,.F.);
#755=ORIENTED_EDGE('',*,*,#1629,.T.);
#756=ORIENTED_EDGE('',*,*,#1630,.T.);
#757=ORIENTED_EDGE('',*,*,#1631,.F.);
#758=ORIENTED_EDGE('',*,*,#1632,.F.);
#759=CARTESIAN_POINT('',(2.032,1.143,-2.54));
#760=DIRECTION('',(-0.0,1.0,0.0));
#761=DIRECTION('',(1.0,0.0,0.0));
#762=ORIENTED_EDGE('',*,*,#1633,.F.);
#763=ORIENTED_EDGE('',*,*,#1610,.T.);
#764=ORIENTED_EDGE('',*,*,#1634,.F.);
#765=ORIENTED_EDGE('',*,*,#1614,.F.);
#766=CARTESIAN_POINT('',(0.508,1.143,-2.54));
#767=DIRECTION('',(0.707106781186547,-0.707106781186547,0.0));
#768=DIRECTION('',(0.0,0.0,-1.0));
#769=ORIENTED_EDGE('',*,*,#1635,.T.);
#770=ORIENTED_EDGE('',*,*,#1636,.F.);
#771=ORIENTED_EDGE('',*,*,#1637,.T.);
#772=ORIENTED_EDGE('',*,*,#1634,.T.);
#773=CARTESIAN_POINT('',(0.508,1.3716,2.54));
#774=DIRECTION('',(0.707106781186547,0.0,-0.707106781186547));
#775=DIRECTION('',(0.0,-1.0,0.0));
#776=ORIENTED_EDGE('',*,*,#1638,.T.);
#777=ORIENTED_EDGE('',*,*,#1639,.T.);
#778=ORIENTED_EDGE('',*,*,#1612,.T.);
#779=ORIENTED_EDGE('',*,*,#1637,.F.);
#780=CARTESIAN_POINT('',(0.0,0.0,2.54));
#781=DIRECTION('',(0.0,0.0,1.0));
#782=DIRECTION('',(1.0,0.0,0.0));
#783=ORIENTED_EDGE('',*,*,#1624,.T.);
#784=ORIENTED_EDGE('',*,*,#1640,.F.);
#785=ORIENTED_EDGE('',*,*,#1641,.T.);
#786=ORIENTED_EDGE('',*,*,#1642,.T.);
#787=CARTESIAN_POINT('',(0.0,0.0,2.54));
#788=DIRECTION('',(0.0,0.0,1.0));
#789=DIRECTION('',(1.0,0.0,0.0));
#790=ORIENTED_EDGE('',*,*,#1639,.F.);
#791=ORIENTED_EDGE('',*,*,#1643,.T.);
#792=ORIENTED_EDGE('',*,*,#1644,.T.);
#793=ORIENTED_EDGE('',*,*,#1645,.T.);
#794=CARTESIAN_POINT('',(2.54,1.143,2.032));
#795=DIRECTION('',(-0.707106781186547,0.0,-0.707106781186547));
#796=DIRECTION('',(-0.707106781186548,0.0,0.707106781186548));
#797=ORIENTED_EDGE('',*,*,#1646,.T.);
#798=ORIENTED_EDGE('',*,*,#1613,.T.);
#799=ORIENTED_EDGE('',*,*,#1645,.F.);
#800=ORIENTED_EDGE('',*,*,#1647,.F.);
#801=CARTESIAN_POINT('',(2.54,0.635,-2.54));
#802=DIRECTION('',(0.707106781186547,0.707106781186547,0.0));
#803=DIRECTION('',(0.0,0.0,-1.0));
#804=ORIENTED_EDGE('',*,*,#1648,.T.);
#805=ORIENTED_EDGE('',*,*,#1647,.T.);
#806=ORIENTED_EDGE('',*,*,#1644,.F.);
#807=ORIENTED_EDGE('',*,*,#1649,.F.);
#808=CARTESIAN_POINT('',(2.54,-0.635,-2.54));
#809=DIRECTION('',(1.0,0.0,0.0));
#810=DIRECTION('',(0.0,1.0,0.0));
#811=ORIENTED_EDGE('',*,*,#1650,.T.);
#812=ORIENTED_EDGE('',*,*,#1649,.T.);
#813=ORIENTED_EDGE('',*,*,#1643,.F.);
#814=ORIENTED_EDGE('',*,*,#1651,.F.);
#815=CARTESIAN_POINT('',(2.032,-1.143,-2.54));
#816=DIRECTION('',(0.707106781186547,-0.707106781186547,0.0));
#817=DIRECTION('',(0.0,0.0,-1.0));
#818=ORIENTED_EDGE('',*,*,#1641,.F.);
#819=ORIENTED_EDGE('',*,*,#1652,.F.);
#820=ORIENTED_EDGE('',*,*,#1598,.T.);
#821=ORIENTED_EDGE('',*,*,#1653,.T.);
#822=ORIENTED_EDGE('',*,*,#1654,.T.);
#823=ORIENTED_EDGE('',*,*,#1655,.F.);
#824=ORIENTED_EDGE('',*,*,#1656,.F.);
#825=ORIENTED_EDGE('',*,*,#1657,.T.);
#826=ORIENTED_EDGE('',*,*,#1658,.T.);
#827=ORIENTED_EDGE('',*,*,#1659,.F.);
#828=ORIENTED_EDGE('',*,*,#1660,.F.);
#829=ORIENTED_EDGE('',*,*,#1661,.T.);
#830=CARTESIAN_POINT('',(-2.032,-1.143,-2.54));
#831=DIRECTION('',(0.0,-1.0,0.0));
#832=DIRECTION('',(0.0,0.0,-1.0));
#833=ORIENTED_EDGE('',*,*,#1604,.T.);
#834=ORIENTED_EDGE('',*,*,#1651,.T.);
#835=ORIENTED_EDGE('',*,*,#1638,.F.);
#836=ORIENTED_EDGE('',*,*,#1662,.F.);
#837=ORIENTED_EDGE('',*,*,#1663,.T.);
#838=ORIENTED_EDGE('',*,*,#1664,.F.);
#839=ORIENTED_EDGE('',*,*,#1665,.F.);
#840=ORIENTED_EDGE('',*,*,#1666,.T.);
#841=ORIENTED_EDGE('',*,*,#1667,.T.);
#842=ORIENTED_EDGE('',*,*,#1668,.F.);
#843=ORIENTED_EDGE('',*,*,#1669,.F.);
#844=ORIENTED_EDGE('',*,*,#1670,.T.);
#845=CARTESIAN_POINT('',(-2.032,-1.143,-2.54));
#846=DIRECTION('',(0.0,-1.0,0.0));
#847=DIRECTION('',(0.0,0.0,-1.0));
#848=ORIENTED_EDGE('',*,*,#1607,.T.);
#849=ORIENTED_EDGE('',*,*,#1671,.T.);
#850=ORIENTED_EDGE('',*,*,#1672,.T.);
#851=ORIENTED_EDGE('',*,*,#1653,.F.);
#852=CARTESIAN_POINT('',(-0.508,-1.143,-2.54));
#853=DIRECTION('',(-0.707106781186547,0.707106781186547,0.0));
#854=DIRECTION('',(0.0,0.0,1.0));
#855=ORIENTED_EDGE('',*,*,#1642,.F.);
#856=ORIENTED_EDGE('',*,*,#1672,.F.);
#857=ORIENTED_EDGE('',*,*,#1635,.F.);
#858=ORIENTED_EDGE('',*,*,#1609,.T.);
#859=CARTESIAN_POINT('',(0.0,1.3716,2.032));
#860=DIRECTION('',(-0.707106781186547,0.0,-0.707106781186547));
#861=DIRECTION('',(-0.707106781186548,0.0,0.707106781186548));
#862=ORIENTED_EDGE('',*,*,#1636,.T.);
#863=ORIENTED_EDGE('',*,*,#1671,.F.);
#864=ORIENTED_EDGE('',*,*,#1673,.T.);
#865=ORIENTED_EDGE('',*,*,#1662,.T.);
#866=CARTESIAN_POINT('',(0.0,-0.635,-2.54));
#867=DIRECTION('',(0.707106781186547,0.707106781186547,0.0));
#868=DIRECTION('',(0.0,0.0,-1.0));
#869=ORIENTED_EDGE('',*,*,#1605,.F.);
#870=ORIENTED_EDGE('',*,*,#1673,.F.);
#871=ORIENTED_EDGE('',*,*,#1606,.F.);
#872=ORIENTED_EDGE('',*,*,#1633,.T.);
#873=CARTESIAN_POINT('',(0.0,1.3716,-2.032));
#874=DIRECTION('',(0.707106781186547,0.0,0.707106781186547));
#875=DIRECTION('',(0.0,-1.0,0.0));
#876=ORIENTED_EDGE('',*,*,#1674,.T.);
#877=ORIENTED_EDGE('',*,*,#1652,.T.);
#878=ORIENTED_EDGE('',*,*,#1675,.F.);
#879=ORIENTED_EDGE('',*,*,#1676,.F.);
#880=CARTESIAN_POINT('',(-2.54,-0.635,-2.54));
#881=DIRECTION('',(-0.707106781186547,-0.707106781186547,0.0));
#882=DIRECTION('',(-0.707106781186548,0.707106781186548,0.0));
#883=ORIENTED_EDGE('',*,*,#1677,.T.);
#884=ORIENTED_EDGE('',*,*,#1676,.T.);
#885=ORIENTED_EDGE('',*,*,#1678,.F.);
#886=ORIENTED_EDGE('',*,*,#1679,.F.);
#887=CARTESIAN_POINT('',(-2.54,0.635,-2.54));
#888=DIRECTION('',(-1.0,0.0,0.0));
#889=DIRECTION('',(0.0,0.0,1.0));
#890=ORIENTED_EDGE('',*,*,#1680,.F.);
#891=ORIENTED_EDGE('',*,*,#1623,.F.);
#892=ORIENTED_EDGE('',*,*,#1681,.T.);
#893=ORIENTED_EDGE('',*,*,#1679,.T.);
#894=CARTESIAN_POINT('',(-2.032,1.143,-2.54));
#895=DIRECTION('',(-0.707106781186547,0.707106781186547,0.0));
#896=DIRECTION('',(0.0,0.0,1.0));
#897=ORIENTED_EDGE('',*,*,#1599,.F.);
#898=ORIENTED_EDGE('',*,*,#1674,.F.);
#899=ORIENTED_EDGE('',*,*,#1677,.F.);
#900=ORIENTED_EDGE('',*,*,#1681,.F.);
#901=CARTESIAN_POINT('',(-2.54,1.143,-2.032));
#902=DIRECTION('',(0.707106781186547,0.0,0.707106781186547));
#903=DIRECTION('',(0.0,-1.0,0.0));
#904=ORIENTED_EDGE('',*,*,#1640,.T.);
#905=ORIENTED_EDGE('',*,*,#1680,.T.);
#906=ORIENTED_EDGE('',*,*,#1678,.T.);
#907=ORIENTED_EDGE('',*,*,#1675,.T.);
#908=CARTESIAN_POINT('',(-2.032,1.143,2.54));
#909=DIRECTION('',(0.707106781186547,0.0,-0.707106781186547));
#910=DIRECTION('',(0.0,-1.0,0.0));
#911=ORIENTED_EDGE('',*,*,#1682,.F.);
#912=ORIENTED_EDGE('',*,*,#1622,.T.);
#913=ORIENTED_EDGE('',*,*,#1683,.F.);
#914=ORIENTED_EDGE('',*,*,#1684,.T.);
#915=CARTESIAN_POINT('',(0.9525,0.0,0.0));
#916=DIRECTION('',(1.0,0.0,0.0));
#917=DIRECTION('',(0.0,1.0,0.0));
#918=ORIENTED_EDGE('',*,*,#1685,.F.);
#919=ORIENTED_EDGE('',*,*,#1618,.T.);
#920=ORIENTED_EDGE('',*,*,#1686,.F.);
#921=ORIENTED_EDGE('',*,*,#1687,.T.);
#922=CARTESIAN_POINT('',(0.9525,0.0,0.0));
#923=DIRECTION('',(1.0,0.0,0.0));
#924=DIRECTION('',(0.0,1.0,0.0));
#925=ORIENTED_EDGE('',*,*,#1688,.F.);
#926=ORIENTED_EDGE('',*,*,#1689,.F.);
#927=ORIENTED_EDGE('',*,*,#1690,.F.);
#928=ORIENTED_EDGE('',*,*,#1670,.F.);
#929=ORIENTED_EDGE('',*,*,#1691,.F.);
#930=ORIENTED_EDGE('',*,*,#1692,.F.);
#931=ORIENTED_EDGE('',*,*,#1693,.F.);
#932=ORIENTED_EDGE('',*,*,#1694,.T.);
#933=CARTESIAN_POINT('',(0.9525,0.0,0.0));
#934=DIRECTION('',(1.0,0.0,0.0));
#935=DIRECTION('',(0.0,1.0,0.0));
#936=ORIENTED_EDGE('',*,*,#1695,.F.);
#937=ORIENTED_EDGE('',*,*,#1696,.F.);
#938=ORIENTED_EDGE('',*,*,#1697,.F.);
#939=ORIENTED_EDGE('',*,*,#1666,.F.);
#940=ORIENTED_EDGE('',*,*,#1698,.F.);
#941=ORIENTED_EDGE('',*,*,#1699,.F.);
#942=ORIENTED_EDGE('',*,*,#1700,.F.);
#943=ORIENTED_EDGE('',*,*,#1701,.T.);
#944=CARTESIAN_POINT('',(0.9525,0.0,0.0));
#945=DIRECTION('',(1.0,0.0,0.0));
#946=DIRECTION('',(0.0,1.0,0.0));
#947=ORIENTED_EDGE('',*,*,#1702,.T.);
#948=ORIENTED_EDGE('',*,*,#1684,.F.);
#949=ORIENTED_EDGE('',*,*,#1703,.T.);
#950=ORIENTED_EDGE('',*,*,#1704,.T.);
#951=CARTESIAN_POINT('',(1.016,7.112,1.27));
#952=DIRECTION('',(-0.894427190999896,0.447213595499998,0.0));
#953=DIRECTION('',(0.0,0.0,1.0));
#954=ORIENTED_EDGE('',*,*,#1705,.F.);
#955=ORIENTED_EDGE('',*,*,#1706,.F.);
#956=ORIENTED_EDGE('',*,*,#1707,.T.);
#957=ORIENTED_EDGE('',*,*,#1704,.F.);
#958=CARTESIAN_POINT('',(0.9525,7.239,0.9525));
#959=DIRECTION('',(-0.0,1.0,0.0));
#960=DIRECTION('',(1.0,0.0,0.0));
#961=ORIENTED_EDGE('',*,*,#1702,.F.);
#962=ORIENTED_EDGE('',*,*,#1707,.F.);
#963=ORIENTED_EDGE('',*,*,#1708,.F.);
#964=ORIENTED_EDGE('',*,*,#1709,.T.);
#965=CARTESIAN_POINT('',(1.27,7.112,1.016));
#966=DIRECTION('',(0.0,0.447213595499998,-0.894427190999896));
#967=DIRECTION('',(-1.0,0.0,0.0));
#968=ORIENTED_EDGE('',*,*,#1710,.F.);
#969=ORIENTED_EDGE('',*,*,#1619,.F.);
#970=ORIENTED_EDGE('',*,*,#1682,.T.);
#971=ORIENTED_EDGE('',*,*,#1709,.F.);
#972=CARTESIAN_POINT('',(0.9525,1.143,0.9525));
#973=DIRECTION('',(0.0,0.0,-1.0));
#974=DIRECTION('',(0.0,-1.0,0.0));
#975=ORIENTED_EDGE('',*,*,#1711,.T.);
#976=ORIENTED_EDGE('',*,*,#1620,.F.);
#977=ORIENTED_EDGE('',*,*,#1710,.T.);
#978=ORIENTED_EDGE('',*,*,#1712,.T.);
#979=CARTESIAN_POINT('',(1.5875,0.0,0.0));
#980=DIRECTION('',(1.0,0.0,0.0));
#981=DIRECTION('',(0.0,1.0,0.0));
#982=ORIENTED_EDGE('',*,*,#1713,.T.);
#983=ORIENTED_EDGE('',*,*,#1616,.F.);
#984=ORIENTED_EDGE('',*,*,#1714,.T.);
#985=ORIENTED_EDGE('',*,*,#1715,.T.);
#986=CARTESIAN_POINT('',(1.5875,0.0,0.0));
#987=DIRECTION('',(1.0,0.0,0.0));
#988=DIRECTION('',(0.0,1.0,0.0));
#989=ORIENTED_EDGE('',*,*,#1716,.T.);
#990=ORIENTED_EDGE('',*,*,#1717,.T.);
#991=ORIENTED_EDGE('',*,*,#1718,.T.);
#992=ORIENTED_EDGE('',*,*,#1668,.T.);
#993=ORIENTED_EDGE('',*,*,#1719,.T.);
#994=ORIENTED_EDGE('',*,*,#1720,.T.);
#995=ORIENTED_EDGE('',*,*,#1721,.T.);
#996=ORIENTED_EDGE('',*,*,#1722,.T.);
#997=CARTESIAN_POINT('',(1.5875,0.0,0.0));
#998=DIRECTION('',(1.0,0.0,0.0));
#999=DIRECTION('',(0.0,1.0,0.0));
#1000=ORIENTED_EDGE('',*,*,#1723,.T.);
#1001=ORIENTED_EDGE('',*,*,#1724,.T.);
#1002=ORIENTED_EDGE('',*,*,#1725,.T.);
#1003=ORIENTED_EDGE('',*,*,#1664,.T.);
#1004=ORIENTED_EDGE('',*,*,#1726,.T.);
#1005=ORIENTED_EDGE('',*,*,#1727,.T.);
#1006=ORIENTED_EDGE('',*,*,#1728,.T.);
#1007=ORIENTED_EDGE('',*,*,#1729,.T.);
#1008=CARTESIAN_POINT('',(1.5875,0.0,0.0));
#1009=DIRECTION('',(1.0,0.0,0.0));
#1010=DIRECTION('',(0.0,1.0,0.0));
#1011=ORIENTED_EDGE('',*,*,#1708,.T.);
#1012=ORIENTED_EDGE('',*,*,#1706,.T.);
#1013=ORIENTED_EDGE('',*,*,#1730,.T.);
#1014=ORIENTED_EDGE('',*,*,#1712,.F.);
#1015=CARTESIAN_POINT('',(1.524,7.112,1.27));
#1016=DIRECTION('',(0.894427190999896,0.447213595499998,0.0));
#1017=DIRECTION('',(0.0,0.0,-1.0));
#1018=ORIENTED_EDGE('',*,*,#1703,.F.);
#1019=ORIENTED_EDGE('',*,*,#1731,.F.);
#1020=ORIENTED_EDGE('',*,*,#1730,.F.);
#1021=ORIENTED_EDGE('',*,*,#1705,.T.);
#1022=CARTESIAN_POINT('',(1.27,7.112,1.524));
#1023=DIRECTION('',(0.0,0.447213595499998,0.894427190999896));
#1024=DIRECTION('',(1.0,-0.0,0.0));
#1025=ORIENTED_EDGE('',*,*,#1683,.T.);
#1026=ORIENTED_EDGE('',*,*,#1621,.T.);
#1027=ORIENTED_EDGE('',*,*,#1711,.F.);
#1028=ORIENTED_EDGE('',*,*,#1731,.T.);
#1029=CARTESIAN_POINT('',(0.9525,7.239,1.5875));
#1030=DIRECTION('',(0.0,0.0,1.0));
#1031=DIRECTION('',(1.0,0.0,0.0));
#1032=ORIENTED_EDGE('',*,*,#1732,.T.);
#1033=ORIENTED_EDGE('',*,*,#1733,.T.);
#1034=ORIENTED_EDGE('',*,*,#1734,.F.);
#1035=ORIENTED_EDGE('',*,*,#1715,.F.);
#1036=CARTESIAN_POINT('',(1.524,7.112,-1.27));
#1037=DIRECTION('',(0.894427190999896,0.447213595499998,0.0));
#1038=DIRECTION('',(0.0,0.0,-1.0));
#1039=ORIENTED_EDGE('',*,*,#1735,.F.);
#1040=ORIENTED_EDGE('',*,*,#1736,.F.);
#1041=ORIENTED_EDGE('',*,*,#1734,.T.);
#1042=ORIENTED_EDGE('',*,*,#1737,.T.);
#1043=CARTESIAN_POINT('',(1.27,7.112,-1.016));
#1044=DIRECTION('',(0.0,0.447213595499998,0.894427190999896));
#1045=DIRECTION('',(1.0,-0.0,0.0));
#1046=ORIENTED_EDGE('',*,*,#1737,.F.);
#1047=ORIENTED_EDGE('',*,*,#1733,.F.);
#1048=ORIENTED_EDGE('',*,*,#1738,.T.);
#1049=ORIENTED_EDGE('',*,*,#1739,.F.);
#1050=CARTESIAN_POINT('',(0.9525,7.239,-1.5875));
#1051=DIRECTION('',(-0.0,1.0,0.0));
#1052=DIRECTION('',(1.0,0.0,0.0));
#1053=ORIENTED_EDGE('',*,*,#1740,.F.);
#1054=ORIENTED_EDGE('',*,*,#1687,.F.);
#1055=ORIENTED_EDGE('',*,*,#1735,.T.);
#1056=ORIENTED_EDGE('',*,*,#1739,.T.);
#1057=CARTESIAN_POINT('',(1.016,7.112,-1.27));
#1058=DIRECTION('',(-0.894427190999896,0.447213595499998,0.0));
#1059=DIRECTION('',(0.0,0.0,1.0));
#1060=ORIENTED_EDGE('',*,*,#1740,.T.);
#1061=ORIENTED_EDGE('',*,*,#1738,.F.);
#1062=ORIENTED_EDGE('',*,*,#1732,.F.);
#1063=ORIENTED_EDGE('',*,*,#1741,.T.);
#1064=CARTESIAN_POINT('',(1.27,7.112,-1.524));
#1065=DIRECTION('',(0.0,0.447213595499998,-0.894427190999896));
#1066=DIRECTION('',(-1.0,0.0,0.0));
#1067=ORIENTED_EDGE('',*,*,#1714,.F.);
#1068=ORIENTED_EDGE('',*,*,#1615,.F.);
#1069=ORIENTED_EDGE('',*,*,#1685,.T.);
#1070=ORIENTED_EDGE('',*,*,#1741,.F.);
#1071=CARTESIAN_POINT('',(0.9525,1.143,-1.5875));
#1072=DIRECTION('',(0.0,0.0,-1.0));
#1073=DIRECTION('',(0.0,-1.0,0.0));
#1074=ORIENTED_EDGE('',*,*,#1686,.T.);
#1075=ORIENTED_EDGE('',*,*,#1617,.T.);
#1076=ORIENTED_EDGE('',*,*,#1713,.F.);
#1077=ORIENTED_EDGE('',*,*,#1736,.T.);
#1078=CARTESIAN_POINT('',(0.9525,7.239,-0.9525));
#1079=DIRECTION('',(0.0,0.0,1.0));
#1080=DIRECTION('',(1.0,0.0,0.0));
#1081=ORIENTED_EDGE('',*,*,#1742,.F.);
#1082=ORIENTED_EDGE('',*,*,#1722,.F.);
#1083=ORIENTED_EDGE('',*,*,#1743,.T.);
#1084=ORIENTED_EDGE('',*,*,#1744,.T.);
#1085=CARTESIAN_POINT('',(1.524,-2.0955,3.3655));
#1086=DIRECTION('',(0.894427190999896,0.0,0.447213595499998));
#1087=DIRECTION('',(0.0,-1.0,0.0));
#1088=ORIENTED_EDGE('',*,*,#1745,.F.);
#1089=ORIENTED_EDGE('',*,*,#1746,.F.);
#1090=ORIENTED_EDGE('',*,*,#1744,.F.);
#1091=ORIENTED_EDGE('',*,*,#1747,.T.);
#1092=CARTESIAN_POINT('',(0.9525,-1.778,3.4925));
#1093=DIRECTION('',(0.0,0.0,1.0));
#1094=DIRECTION('',(1.0,0.0,0.0));
#1095=ORIENTED_EDGE('',*,*,#1743,.F.);
#1096=ORIENTED_EDGE('',*,*,#1748,.T.);
#1097=ORIENTED_EDGE('',*,*,#1749,.T.);
#1098=ORIENTED_EDGE('',*,*,#1747,.F.);
#1099=CARTESIAN_POINT('',(1.27,-1.8415,3.3655));
#1100=DIRECTION('',(0.0,0.894427190999896,0.447213595499998));
#1101=DIRECTION('',(1.0,0.0,-0.0));
#1102=ORIENTED_EDGE('',*,*,#1749,.F.);
#1103=ORIENTED_EDGE('',*,*,#1694,.F.);
#1104=ORIENTED_EDGE('',*,*,#1750,.T.);
#1105=ORIENTED_EDGE('',*,*,#1745,.T.);
#1106=CARTESIAN_POINT('',(1.016,-2.0955,3.3655));
#1107=DIRECTION('',(-0.894427190999896,0.0,0.447213595499998));
#1108=DIRECTION('',(0.0,1.0,0.0));
#1109=ORIENTED_EDGE('',*,*,#1742,.T.);
#1110=ORIENTED_EDGE('',*,*,#1746,.T.);
#1111=ORIENTED_EDGE('',*,*,#1750,.F.);
#1112=ORIENTED_EDGE('',*,*,#1751,.F.);
#1113=CARTESIAN_POINT('',(1.27,-2.3495,3.3655));
#1114=DIRECTION('',(0.0,-0.894427190999896,0.447213595499998));
#1115=DIRECTION('',(-1.0,0.0,0.0));
#1116=ORIENTED_EDGE('',*,*,#1693,.T.);
#1117=ORIENTED_EDGE('',*,*,#1752,.T.);
#1118=ORIENTED_EDGE('',*,*,#1716,.F.);
#1119=ORIENTED_EDGE('',*,*,#1751,.T.);
#1120=CARTESIAN_POINT('',(0.9525,-2.413,3.4925));
#1121=DIRECTION('',(0.0,-1.0,0.0));
#1122=DIRECTION('',(0.0,0.0,-1.0));
#1123=ORIENTED_EDGE('',*,*,#1753,.T.);
#1124=ORIENTED_EDGE('',*,*,#1717,.F.);
#1125=ORIENTED_EDGE('',*,*,#1752,.F.);
#1126=ORIENTED_EDGE('',*,*,#1692,.T.);
#1127=CARTESIAN_POINT('',(0.9525,-1.27,2.0955));
#1128=DIRECTION('',(-1.0,0.0,-0.0));
#1129=DIRECTION('',(0.0,0.0,-1.0));
#1130=ORIENTED_EDGE('',*,*,#1718,.F.);
#1131=ORIENTED_EDGE('',*,*,#1753,.F.);
#1132=ORIENTED_EDGE('',*,*,#1691,.T.);
#1133=ORIENTED_EDGE('',*,*,#1669,.T.);
#1134=CARTESIAN_POINT('',(0.9525,-1.27,0.9525));
#1135=DIRECTION('',(0.0,0.0,-1.0));
#1136=DIRECTION('',(0.0,-1.0,0.0));
#1137=ORIENTED_EDGE('',*,*,#1721,.F.);
#1138=ORIENTED_EDGE('',*,*,#1754,.F.);
#1139=ORIENTED_EDGE('',*,*,#1688,.T.);
#1140=ORIENTED_EDGE('',*,*,#1748,.F.);
#1141=CARTESIAN_POINT('',(0.9525,-1.778,2.0955));
#1142=DIRECTION('',(-0.0,1.0,0.0));
#1143=DIRECTION('',(1.0,0.0,0.0));
#1144=ORIENTED_EDGE('',*,*,#1754,.T.);
#1145=ORIENTED_EDGE('',*,*,#1720,.F.);
#1146=ORIENTED_EDGE('',*,*,#1755,.F.);
#1147=ORIENTED_EDGE('',*,*,#1689,.T.);
#1148=CARTESIAN_POINT('',(0.9525,-1.27,2.0955));
#1149=DIRECTION('',(-1.0,0.0,-0.0));
#1150=DIRECTION('',(0.0,0.0,-1.0));
#1151=ORIENTED_EDGE('',*,*,#1690,.T.);
#1152=ORIENTED_EDGE('',*,*,#1755,.T.);
#1153=ORIENTED_EDGE('',*,*,#1719,.F.);
#1154=ORIENTED_EDGE('',*,*,#1667,.F.);
#1155=CARTESIAN_POINT('',(0.9525,-1.143,1.5875));
#1156=DIRECTION('',(0.0,0.0,1.0));
#1157=DIRECTION('',(1.0,0.0,0.0));
#1158=ORIENTED_EDGE('',*,*,#1756,.T.);
#1159=ORIENTED_EDGE('',*,*,#1729,.F.);
#1160=ORIENTED_EDGE('',*,*,#1757,.T.);
#1161=ORIENTED_EDGE('',*,*,#1758,.T.);
#1162=CARTESIAN_POINT('',(1.524,-2.0955,-3.3655));
#1163=DIRECTION('',(0.894427190999896,0.0,-0.447213595499998));
#1164=DIRECTION('',(0.0,-1.0,0.0));
#1165=ORIENTED_EDGE('',*,*,#1758,.F.);
#1166=ORIENTED_EDGE('',*,*,#1759,.T.);
#1167=ORIENTED_EDGE('',*,*,#1760,.F.);
#1168=ORIENTED_EDGE('',*,*,#1761,.F.);
#1169=CARTESIAN_POINT('',(0.9525,-2.413,-3.4925));
#1170=DIRECTION('',(0.0,0.0,-1.0));
#1171=DIRECTION('',(0.0,-1.0,0.0));
#1172=ORIENTED_EDGE('',*,*,#1762,.F.);
#1173=ORIENTED_EDGE('',*,*,#1763,.F.);
#1174=ORIENTED_EDGE('',*,*,#1756,.F.);
#1175=ORIENTED_EDGE('',*,*,#1761,.T.);
#1176=CARTESIAN_POINT('',(1.27,-1.8415,-3.3655));
#1177=DIRECTION('',(0.0,0.894427190999896,-0.447213595499998));
#1178=DIRECTION('',(-1.0,0.0,0.0));
#1179=ORIENTED_EDGE('',*,*,#1700,.T.);
#1180=ORIENTED_EDGE('',*,*,#1764,.T.);
#1181=ORIENTED_EDGE('',*,*,#1723,.F.);
#1182=ORIENTED_EDGE('',*,*,#1763,.T.);
#1183=CARTESIAN_POINT('',(0.9525,-1.778,-3.4925));
#1184=DIRECTION('',(-0.0,1.0,0.0));
#1185=DIRECTION('',(1.0,0.0,0.0));
#1186=ORIENTED_EDGE('',*,*,#1765,.T.);
#1187=ORIENTED_EDGE('',*,*,#1724,.F.);
#1188=ORIENTED_EDGE('',*,*,#1764,.F.);
#1189=ORIENTED_EDGE('',*,*,#1699,.T.);
#1190=CARTESIAN_POINT('',(0.9525,-1.27,-2.0955));
#1191=DIRECTION('',(-1.0,0.0,-0.0));
#1192=DIRECTION('',(0.0,0.0,-1.0));
#1193=ORIENTED_EDGE('',*,*,#1725,.F.);
#1194=ORIENTED_EDGE('',*,*,#1765,.F.);
#1195=ORIENTED_EDGE('',*,*,#1698,.T.);
#1196=ORIENTED_EDGE('',*,*,#1665,.T.);
#1197=CARTESIAN_POINT('',(0.9525,-1.27,-1.5875));
#1198=DIRECTION('',(0.0,0.0,-1.0));
#1199=DIRECTION('',(0.0,-1.0,0.0));
#1200=ORIENTED_EDGE('',*,*,#1766,.T.);
#1201=ORIENTED_EDGE('',*,*,#1701,.F.);
#1202=ORIENTED_EDGE('',*,*,#1762,.T.);
#1203=ORIENTED_EDGE('',*,*,#1760,.T.);
#1204=CARTESIAN_POINT('',(1.016,-2.0955,-3.3655));
#1205=DIRECTION('',(-0.894427190999896,0.0,-0.447213595499998));
#1206=DIRECTION('',(-0.447213595499998,0.0,0.894427190999896));
#1207=ORIENTED_EDGE('',*,*,#1766,.F.);
#1208=ORIENTED_EDGE('',*,*,#1759,.F.);
#1209=ORIENTED_EDGE('',*,*,#1757,.F.);
#1210=ORIENTED_EDGE('',*,*,#1767,.T.);
#1211=CARTESIAN_POINT('',(1.27,-2.3495,-3.3655));
#1212=DIRECTION('',(0.0,-0.894427190999896,-0.447213595499998));
#1213=DIRECTION('',(0.0,0.447213595499998,-0.894427190999896));
#1214=ORIENTED_EDGE('',*,*,#1728,.F.);
#1215=ORIENTED_EDGE('',*,*,#1768,.F.);
#1216=ORIENTED_EDGE('',*,*,#1695,.T.);
#1217=ORIENTED_EDGE('',*,*,#1767,.F.);
#1218=CARTESIAN_POINT('',(0.9525,-2.413,-2.0955));
#1219=DIRECTION('',(0.0,-1.0,0.0));
#1220=DIRECTION('',(0.0,0.0,-1.0));
#1221=ORIENTED_EDGE('',*,*,#1768,.T.);
#1222=ORIENTED_EDGE('',*,*,#1727,.F.);
#1223=ORIENTED_EDGE('',*,*,#1769,.F.);
#1224=ORIENTED_EDGE('',*,*,#1696,.T.);
#1225=CARTESIAN_POINT('',(0.9525,-1.27,-2.0955));
#1226=DIRECTION('',(-1.0,0.0,-0.0));
#1227=DIRECTION('',(0.0,0.0,-1.0));
#1228=ORIENTED_EDGE('',*,*,#1697,.T.);
#1229=ORIENTED_EDGE('',*,*,#1769,.T.);
#1230=ORIENTED_EDGE('',*,*,#1726,.F.);
#1231=ORIENTED_EDGE('',*,*,#1663,.F.);
#1232=CARTESIAN_POINT('',(0.9525,-1.143,-0.9525));
#1233=DIRECTION('',(0.0,0.0,1.0));
#1234=DIRECTION('',(1.0,0.0,0.0));
#1235=ORIENTED_EDGE('',*,*,#1770,.F.);
#1236=ORIENTED_EDGE('',*,*,#1632,.T.);
#1237=ORIENTED_EDGE('',*,*,#1771,.F.);
#1238=ORIENTED_EDGE('',*,*,#1772,.T.);
#1239=CARTESIAN_POINT('',(-1.5875,0.0,0.0));
#1240=DIRECTION('',(1.0,0.0,0.0));
#1241=DIRECTION('',(0.0,1.0,0.0));
#1242=ORIENTED_EDGE('',*,*,#1773,.F.);
#1243=ORIENTED_EDGE('',*,*,#1628,.T.);
#1244=ORIENTED_EDGE('',*,*,#1774,.F.);
#1245=ORIENTED_EDGE('',*,*,#1775,.T.);
#1246=CARTESIAN_POINT('',(-1.5875,0.0,0.0));
#1247=DIRECTION('',(1.0,0.0,0.0));
#1248=DIRECTION('',(0.0,1.0,0.0));
#1249=ORIENTED_EDGE('',*,*,#1776,.F.);
#1250=ORIENTED_EDGE('',*,*,#1777,.F.);
#1251=ORIENTED_EDGE('',*,*,#1778,.F.);
#1252=ORIENTED_EDGE('',*,*,#1661,.F.);
#1253=ORIENTED_EDGE('',*,*,#1779,.F.);
#1254=ORIENTED_EDGE('',*,*,#1780,.F.);
#1255=ORIENTED_EDGE('',*,*,#1781,.F.);
#1256=ORIENTED_EDGE('',*,*,#1782,.T.);
#1257=CARTESIAN_POINT('',(-1.5875,0.0,0.0));
#1258=DIRECTION('',(1.0,0.0,0.0));
#1259=DIRECTION('',(0.0,1.0,0.0));
#1260=ORIENTED_EDGE('',*,*,#1783,.F.);
#1261=ORIENTED_EDGE('',*,*,#1784,.F.);
#1262=ORIENTED_EDGE('',*,*,#1785,.F.);
#1263=ORIENTED_EDGE('',*,*,#1657,.F.);
#1264=ORIENTED_EDGE('',*,*,#1786,.F.);
#1265=ORIENTED_EDGE('',*,*,#1787,.F.);
#1266=ORIENTED_EDGE('',*,*,#1788,.F.);
#1267=ORIENTED_EDGE('',*,*,#1789,.T.);
#1268=CARTESIAN_POINT('',(-1.5875,0.0,0.0));
#1269=DIRECTION('',(1.0,0.0,0.0));
#1270=DIRECTION('',(0.0,1.0,0.0));
#1271=ORIENTED_EDGE('',*,*,#1790,.T.);
#1272=ORIENTED_EDGE('',*,*,#1772,.F.);
#1273=ORIENTED_EDGE('',*,*,#1791,.T.);
#1274=ORIENTED_EDGE('',*,*,#1792,.T.);
#1275=CARTESIAN_POINT('',(-1.524,7.112,1.27));
#1276=DIRECTION('',(-0.894427190999896,0.447213595499998,0.0));
#1277=DIRECTION('',(0.0,0.0,1.0));
#1278=ORIENTED_EDGE('',*,*,#1793,.F.);
#1279=ORIENTED_EDGE('',*,*,#1794,.F.);
#1280=ORIENTED_EDGE('',*,*,#1795,.T.);
#1281=ORIENTED_EDGE('',*,*,#1792,.F.);
#1282=CARTESIAN_POINT('',(-1.5875,7.239,0.9525));
#1283=DIRECTION('',(-0.0,1.0,0.0));
#1284=DIRECTION('',(1.0,0.0,0.0));
#1285=ORIENTED_EDGE('',*,*,#1790,.F.);
#1286=ORIENTED_EDGE('',*,*,#1795,.F.);
#1287=ORIENTED_EDGE('',*,*,#1796,.F.);
#1288=ORIENTED_EDGE('',*,*,#1797,.T.);
#1289=CARTESIAN_POINT('',(-1.27,7.112,1.016));
#1290=DIRECTION('',(0.0,0.447213595499998,-0.894427190999896));
#1291=DIRECTION('',(-1.0,0.0,0.0));
#1292=ORIENTED_EDGE('',*,*,#1798,.F.);
#1293=ORIENTED_EDGE('',*,*,#1629,.F.);
#1294=ORIENTED_EDGE('',*,*,#1770,.T.);
#1295=ORIENTED_EDGE('',*,*,#1797,.F.);
#1296=CARTESIAN_POINT('',(-1.5875,1.143,0.9525));
#1297=DIRECTION('',(0.0,0.0,-1.0));
#1298=DIRECTION('',(0.0,-1.0,0.0));
#1299=ORIENTED_EDGE('',*,*,#1799,.T.);
#1300=ORIENTED_EDGE('',*,*,#1630,.F.);
#1301=ORIENTED_EDGE('',*,*,#1798,.T.);
#1302=ORIENTED_EDGE('',*,*,#1800,.T.);
#1303=CARTESIAN_POINT('',(-0.9525,0.0,0.0));
#1304=DIRECTION('',(1.0,0.0,0.0));
#1305=DIRECTION('',(0.0,1.0,0.0));
#1306=ORIENTED_EDGE('',*,*,#1801,.T.);
#1307=ORIENTED_EDGE('',*,*,#1626,.F.);
#1308=ORIENTED_EDGE('',*,*,#1802,.T.);
#1309=ORIENTED_EDGE('',*,*,#1803,.T.);
#1310=CARTESIAN_POINT('',(-0.9525,0.0,0.0));
#1311=DIRECTION('',(1.0,0.0,0.0));
#1312=DIRECTION('',(0.0,1.0,0.0));
#1313=ORIENTED_EDGE('',*,*,#1804,.T.);
#1314=ORIENTED_EDGE('',*,*,#1805,.T.);
#1315=ORIENTED_EDGE('',*,*,#1806,.T.);
#1316=ORIENTED_EDGE('',*,*,#1659,.T.);
#1317=ORIENTED_EDGE('',*,*,#1807,.T.);
#1318=ORIENTED_EDGE('',*,*,#1808,.T.);
#1319=ORIENTED_EDGE('',*,*,#1809,.T.);
#1320=ORIENTED_EDGE('',*,*,#1810,.T.);
#1321=CARTESIAN_POINT('',(-0.9525,0.0,0.0));
#1322=DIRECTION('',(1.0,0.0,0.0));
#1323=DIRECTION('',(0.0,1.0,0.0));
#1324=ORIENTED_EDGE('',*,*,#1811,.T.);
#1325=ORIENTED_EDGE('',*,*,#1812,.T.);
#1326=ORIENTED_EDGE('',*,*,#1813,.T.);
#1327=ORIENTED_EDGE('',*,*,#1655,.T.);
#1328=ORIENTED_EDGE('',*,*,#1814,.T.);
#1329=ORIENTED_EDGE('',*,*,#1815,.T.);
#1330=ORIENTED_EDGE('',*,*,#1816,.T.);
#1331=ORIENTED_EDGE('',*,*,#1817,.T.);
#1332=CARTESIAN_POINT('',(-0.9525,0.0,0.0));
#1333=DIRECTION('',(1.0,0.0,0.0));
#1334=DIRECTION('',(0.0,1.0,0.0));
#1335=ORIENTED_EDGE('',*,*,#1796,.T.);
#1336=ORIENTED_EDGE('',*,*,#1794,.T.);
#1337=ORIENTED_EDGE('',*,*,#1818,.T.);
#1338=ORIENTED_EDGE('',*,*,#1800,.F.);
#1339=CARTESIAN_POINT('',(-1.016,7.112,1.27));
#1340=DIRECTION('',(0.894427190999896,0.447213595499998,0.0));
#1341=DIRECTION('',(0.0,0.0,-1.0));
#1342=ORIENTED_EDGE('',*,*,#1791,.F.);
#1343=ORIENTED_EDGE('',*,*,#1819,.F.);
#1344=ORIENTED_EDGE('',*,*,#1818,.F.);
#1345=ORIENTED_EDGE('',*,*,#1793,.T.);
#1346=CARTESIAN_POINT('',(-1.27,7.112,1.524));
#1347=DIRECTION('',(0.0,0.447213595499998,0.894427190999896));
#1348=DIRECTION('',(1.0,-0.0,0.0));
#1349=ORIENTED_EDGE('',*,*,#1771,.T.);
#1350=ORIENTED_EDGE('',*,*,#1631,.T.);
#1351=ORIENTED_EDGE('',*,*,#1799,.F.);
#1352=ORIENTED_EDGE('',*,*,#1819,.T.);
#1353=CARTESIAN_POINT('',(-1.5875,7.239,1.5875));
#1354=DIRECTION('',(0.0,0.0,1.0));
#1355=DIRECTION('',(1.0,0.0,0.0));
#1356=ORIENTED_EDGE('',*,*,#1820,.T.);
#1357=ORIENTED_EDGE('',*,*,#1821,.T.);
#1358=ORIENTED_EDGE('',*,*,#1822,.F.);
#1359=ORIENTED_EDGE('',*,*,#1803,.F.);
#1360=CARTESIAN_POINT('',(-1.016,7.112,-1.27));
#1361=DIRECTION('',(0.894427190999896,0.447213595499998,0.0));
#1362=DIRECTION('',(0.0,0.0,-1.0));
#1363=ORIENTED_EDGE('',*,*,#1823,.F.);
#1364=ORIENTED_EDGE('',*,*,#1824,.F.);
#1365=ORIENTED_EDGE('',*,*,#1822,.T.);
#1366=ORIENTED_EDGE('',*,*,#1825,.T.);
#1367=CARTESIAN_POINT('',(-1.27,7.112,-1.016));
#1368=DIRECTION('',(0.0,0.447213595499998,0.894427190999896));
#1369=DIRECTION('',(1.0,-0.0,0.0));
#1370=ORIENTED_EDGE('',*,*,#1825,.F.);
#1371=ORIENTED_EDGE('',*,*,#1821,.F.);
#1372=ORIENTED_EDGE('',*,*,#1826,.T.);
#1373=ORIENTED_EDGE('',*,*,#1827,.F.);
#1374=CARTESIAN_POINT('',(-1.5875,7.239,-1.5875));
#1375=DIRECTION('',(-0.0,1.0,0.0));
#1376=DIRECTION('',(1.0,0.0,0.0));
#1377=ORIENTED_EDGE('',*,*,#1828,.F.);
#1378=ORIENTED_EDGE('',*,*,#1775,.F.);
#1379=ORIENTED_EDGE('',*,*,#1823,.T.);
#1380=ORIENTED_EDGE('',*,*,#1827,.T.);
#1381=CARTESIAN_POINT('',(-1.524,7.112,-1.27));
#1382=DIRECTION('',(-0.894427190999896,0.447213595499998,0.0));
#1383=DIRECTION('',(0.0,0.0,1.0));
#1384=ORIENTED_EDGE('',*,*,#1828,.T.);
#1385=ORIENTED_EDGE('',*,*,#1826,.F.);
#1386=ORIENTED_EDGE('',*,*,#1820,.F.);
#1387=ORIENTED_EDGE('',*,*,#1829,.T.);
#1388=CARTESIAN_POINT('',(-1.27,7.112,-1.524));
#1389=DIRECTION('',(0.0,0.447213595499998,-0.894427190999896));
#1390=DIRECTION('',(-1.0,0.0,0.0));
#1391=ORIENTED_EDGE('',*,*,#1802,.F.);
#1392=ORIENTED_EDGE('',*,*,#1625,.F.);
#1393=ORIENTED_EDGE('',*,*,#1773,.T.);
#1394=ORIENTED_EDGE('',*,*,#1829,.F.);
#1395=CARTESIAN_POINT('',(-1.5875,1.143,-1.5875));
#1396=DIRECTION('',(0.0,0.0,-1.0));
#1397=DIRECTION('',(0.0,-1.0,0.0));
#1398=ORIENTED_EDGE('',*,*,#1774,.T.);
#1399=ORIENTED_EDGE('',*,*,#1627,.T.);
#1400=ORIENTED_EDGE('',*,*,#1801,.F.);
#1401=ORIENTED_EDGE('',*,*,#1824,.T.);
#1402=CARTESIAN_POINT('',(-1.5875,7.239,-0.9525));
#1403=DIRECTION('',(0.0,0.0,1.0));
#1404=DIRECTION('',(1.0,0.0,0.0));
#1405=ORIENTED_EDGE('',*,*,#1830,.F.);
#1406=ORIENTED_EDGE('',*,*,#1810,.F.);
#1407=ORIENTED_EDGE('',*,*,#1831,.T.);
#1408=ORIENTED_EDGE('',*,*,#1832,.T.);
#1409=CARTESIAN_POINT('',(-1.016,-2.0955,3.3655));
#1410=DIRECTION('',(0.894427190999896,0.0,0.447213595499998));
#1411=DIRECTION('',(0.0,-1.0,0.0));
#1412=ORIENTED_EDGE('',*,*,#1833,.F.);
#1413=ORIENTED_EDGE('',*,*,#1834,.F.);
#1414=ORIENTED_EDGE('',*,*,#1832,.F.);
#1415=ORIENTED_EDGE('',*,*,#1835,.T.);
#1416=CARTESIAN_POINT('',(-1.5875,-1.778,3.4925));
#1417=DIRECTION('',(0.0,0.0,1.0));
#1418=DIRECTION('',(1.0,0.0,0.0));
#1419=ORIENTED_EDGE('',*,*,#1831,.F.);
#1420=ORIENTED_EDGE('',*,*,#1836,.T.);
#1421=ORIENTED_EDGE('',*,*,#1837,.T.);
#1422=ORIENTED_EDGE('',*,*,#1835,.F.);
#1423=CARTESIAN_POINT('',(-1.27,-1.8415,3.3655));
#1424=DIRECTION('',(0.0,0.894427190999896,0.447213595499998));
#1425=DIRECTION('',(1.0,0.0,-0.0));
#1426=ORIENTED_EDGE('',*,*,#1837,.F.);
#1427=ORIENTED_EDGE('',*,*,#1782,.F.);
#1428=ORIENTED_EDGE('',*,*,#1838,.T.);
#1429=ORIENTED_EDGE('',*,*,#1833,.T.);
#1430=CARTESIAN_POINT('',(-1.524,-2.0955,3.3655));
#1431=DIRECTION('',(-0.894427190999896,0.0,0.447213595499998));
#1432=DIRECTION('',(0.0,1.0,0.0));
#1433=ORIENTED_EDGE('',*,*,#1830,.T.);
#1434=ORIENTED_EDGE('',*,*,#1834,.T.);
#1435=ORIENTED_EDGE('',*,*,#1838,.F.);
#1436=ORIENTED_EDGE('',*,*,#1839,.F.);
#1437=CARTESIAN_POINT('',(-1.27,-2.3495,3.3655));
#1438=DIRECTION('',(0.0,-0.894427190999896,0.447213595499998));
#1439=DIRECTION('',(-1.0,0.0,0.0));
#1440=ORIENTED_EDGE('',*,*,#1781,.T.);
#1441=ORIENTED_EDGE('',*,*,#1840,.T.);
#1442=ORIENTED_EDGE('',*,*,#1804,.F.);
#1443=ORIENTED_EDGE('',*,*,#1839,.T.);
#1444=CARTESIAN_POINT('',(-1.5875,-2.413,3.4925));
#1445=DIRECTION('',(0.0,-1.0,0.0));
#1446=DIRECTION('',(0.0,0.0,-1.0));
#1447=ORIENTED_EDGE('',*,*,#1841,.T.);
#1448=ORIENTED_EDGE('',*,*,#1805,.F.);
#1449=ORIENTED_EDGE('',*,*,#1840,.F.);
#1450=ORIENTED_EDGE('',*,*,#1780,.T.);
#1451=CARTESIAN_POINT('',(-1.5875,-1.27,2.0955));
#1452=DIRECTION('',(-1.0,0.0,-0.0));
#1453=DIRECTION('',(0.0,0.0,-1.0));
#1454=ORIENTED_EDGE('',*,*,#1806,.F.);
#1455=ORIENTED_EDGE('',*,*,#1841,.F.);
#1456=ORIENTED_EDGE('',*,*,#1779,.T.);
#1457=ORIENTED_EDGE('',*,*,#1660,.T.);
#1458=CARTESIAN_POINT('',(-1.5875,-1.27,0.9525));
#1459=DIRECTION('',(0.0,0.0,-1.0));
#1460=DIRECTION('',(0.0,-1.0,0.0));
#1461=ORIENTED_EDGE('',*,*,#1809,.F.);
#1462=ORIENTED_EDGE('',*,*,#1842,.F.);
#1463=ORIENTED_EDGE('',*,*,#1776,.T.);
#1464=ORIENTED_EDGE('',*,*,#1836,.F.);
#1465=CARTESIAN_POINT('',(-1.5875,-1.778,2.0955));
#1466=DIRECTION('',(-0.0,1.0,0.0));
#1467=DIRECTION('',(1.0,0.0,0.0));
#1468=ORIENTED_EDGE('',*,*,#1842,.T.);
#1469=ORIENTED_EDGE('',*,*,#1808,.F.);
#1470=ORIENTED_EDGE('',*,*,#1843,.F.);
#1471=ORIENTED_EDGE('',*,*,#1777,.T.);
#1472=CARTESIAN_POINT('',(-1.5875,-1.27,2.0955));
#1473=DIRECTION('',(-1.0,0.0,-0.0));
#1474=DIRECTION('',(0.0,0.0,-1.0));
#1475=ORIENTED_EDGE('',*,*,#1778,.T.);
#1476=ORIENTED_EDGE('',*,*,#1843,.T.);
#1477=ORIENTED_EDGE('',*,*,#1807,.F.);
#1478=ORIENTED_EDGE('',*,*,#1658,.F.);
#1479=CARTESIAN_POINT('',(-1.5875,-1.143,1.5875));
#1480=DIRECTION('',(0.0,0.0,1.0));
#1481=DIRECTION('',(1.0,0.0,0.0));
#1482=ORIENTED_EDGE('',*,*,#1844,.T.);
#1483=ORIENTED_EDGE('',*,*,#1817,.F.);
#1484=ORIENTED_EDGE('',*,*,#1845,.T.);
#1485=ORIENTED_EDGE('',*,*,#1846,.T.);
#1486=CARTESIAN_POINT('',(-1.016,-2.0955,-3.3655));
#1487=DIRECTION('',(0.894427190999896,0.0,-0.447213595499998));
#1488=DIRECTION('',(0.0,-1.0,0.0));
#1489=ORIENTED_EDGE('',*,*,#1846,.F.);
#1490=ORIENTED_EDGE('',*,*,#1847,.T.);
#1491=ORIENTED_EDGE('',*,*,#1848,.F.);
#1492=ORIENTED_EDGE('',*,*,#1849,.F.);
#1493=CARTESIAN_POINT('',(-1.5875,-2.413,-3.4925));
#1494=DIRECTION('',(0.0,0.0,-1.0));
#1495=DIRECTION('',(0.0,-1.0,0.0));
#1496=ORIENTED_EDGE('',*,*,#1850,.F.);
#1497=ORIENTED_EDGE('',*,*,#1851,.F.);
#1498=ORIENTED_EDGE('',*,*,#1844,.F.);
#1499=ORIENTED_EDGE('',*,*,#1849,.T.);
#1500=CARTESIAN_POINT('',(-1.27,-1.8415,-3.3655));
#1501=DIRECTION('',(0.0,0.894427190999896,-0.447213595499998));
#1502=DIRECTION('',(-1.0,0.0,0.0));
#1503=ORIENTED_EDGE('',*,*,#1788,.T.);
#1504=ORIENTED_EDGE('',*,*,#1852,.T.);
#1505=ORIENTED_EDGE('',*,*,#1811,.F.);
#1506=ORIENTED_EDGE('',*,*,#1851,.T.);
#1507=CARTESIAN_POINT('',(-1.5875,-1.778,-3.4925));
#1508=DIRECTION('',(-0.0,1.0,0.0));
#1509=DIRECTION('',(1.0,0.0,0.0));
#1510=ORIENTED_EDGE('',*,*,#1853,.T.);
#1511=ORIENTED_EDGE('',*,*,#1812,.F.);
#1512=ORIENTED_EDGE('',*,*,#1852,.F.);
#1513=ORIENTED_EDGE('',*,*,#1787,.T.);
#1514=CARTESIAN_POINT('',(-1.5875,-1.27,-2.0955));
#1515=DIRECTION('',(-1.0,0.0,-0.0));
#1516=DIRECTION('',(0.0,0.0,-1.0));
#1517=ORIENTED_EDGE('',*,*,#1813,.F.);
#1518=ORIENTED_EDGE('',*,*,#1853,.F.);
#1519=ORIENTED_EDGE('',*,*,#1786,.T.);
#1520=ORIENTED_EDGE('',*,*,#1656,.T.);
#1521=CARTESIAN_POINT('',(-1.5875,-1.27,-1.5875));
#1522=DIRECTION('',(0.0,0.0,-1.0));
#1523=DIRECTION('',(0.0,-1.0,0.0));
#1524=ORIENTED_EDGE('',*,*,#1854,.T.);
#1525=ORIENTED_EDGE('',*,*,#1789,.F.);
#1526=ORIENTED_EDGE('',*,*,#1850,.T.);
#1527=ORIENTED_EDGE('',*,*,#1848,.T.);
#1528=CARTESIAN_POINT('',(-1.524,-2.0955,-3.3655));
#1529=DIRECTION('',(-0.894427190999896,0.0,-0.447213595499998));
#1530=DIRECTION('',(-0.447213595499998,0.0,0.894427190999896));
#1531=ORIENTED_EDGE('',*,*,#1854,.F.);
#1532=ORIENTED_EDGE('',*,*,#1847,.F.);
#1533=ORIENTED_EDGE('',*,*,#1845,.F.);
#1534=ORIENTED_EDGE('',*,*,#1855,.T.);
#1535=CARTESIAN_POINT('',(-1.27,-2.3495,-3.3655));
#1536=DIRECTION('',(0.0,-0.894427190999896,-0.447213595499998));
#1537=DIRECTION('',(0.0,0.447213595499998,-0.894427190999896));
#1538=ORIENTED_EDGE('',*,*,#1816,.F.);
#1539=ORIENTED_EDGE('',*,*,#1856,.F.);
#1540=ORIENTED_EDGE('',*,*,#1783,.T.);
#1541=ORIENTED_EDGE('',*,*,#1855,.F.);
#1542=CARTESIAN_POINT('',(-1.5875,-2.413,-2.0955));
#1543=DIRECTION('',(0.0,-1.0,0.0));
#1544=DIRECTION('',(0.0,0.0,-1.0));
#1545=ORIENTED_EDGE('',*,*,#1856,.T.);
#1546=ORIENTED_EDGE('',*,*,#1815,.F.);
#1547=ORIENTED_EDGE('',*,*,#1857,.F.);
#1548=ORIENTED_EDGE('',*,*,#1784,.T.);
#1549=CARTESIAN_POINT('',(-1.5875,-1.27,-2.0955));
#1550=DIRECTION('',(-1.0,0.0,-0.0));
#1551=DIRECTION('',(0.0,0.0,-1.0));
#1552=ORIENTED_EDGE('',*,*,#1785,.T.);
#1553=ORIENTED_EDGE('',*,*,#1857,.T.);
#1554=ORIENTED_EDGE('',*,*,#1814,.F.);
#1555=ORIENTED_EDGE('',*,*,#1654,.F.);
#1556=CARTESIAN_POINT('',(-1.5875,-1.143,-0.9525));
#1557=DIRECTION('',(0.0,0.0,1.0));
#1558=DIRECTION('',(1.0,0.0,0.0));
#1559=ORIENTED_EDGE('',*,*,#1603,.T.);
#1560=ORIENTED_EDGE('',*,*,#1646,.F.);
#1561=ORIENTED_EDGE('',*,*,#1648,.F.);
#1562=ORIENTED_EDGE('',*,*,#1650,.F.);
#1563=CARTESIAN_POINT('',(2.032,1.143,-2.54));
#1564=DIRECTION('',(-0.707106781186547,0.0,0.707106781186547));
#1565=DIRECTION('',(0.0,1.0,0.0));
#1566=CARTESIAN_POINT('',(0.635,-2.413,4.064));
#1567=VECTOR('',#1858,3.683);
#1568=CARTESIAN_POINT('',(0.635,-2.413,0.381));
#1569=VECTOR('',#1859,1.27);
#1570=CARTESIAN_POINT('',(1.905,-2.413,0.381));
#1571=VECTOR('',#1860,3.683);
#1572=CARTESIAN_POINT('',(1.905,-2.413,4.064));
#1573=VECTOR('',#1861,1.27);
#1574=CARTESIAN_POINT('',(0.635,-2.413,-0.381));
#1575=VECTOR('',#1862,3.683);
#1576=CARTESIAN_POINT('',(0.635,-2.413,-4.064));
#1577=VECTOR('',#1863,1.27);
#1578=CARTESIAN_POINT('',(1.905,-2.413,-4.064));
#1579=VECTOR('',#1864,3.683);
#1580=CARTESIAN_POINT('',(1.905,-2.413,-0.381));
#1581=VECTOR('',#1865,1.27);
#1582=CARTESIAN_POINT('',(-1.905,-2.413,4.064));
#1583=VECTOR('',#1866,3.683);
#1584=CARTESIAN_POINT('',(-1.905,-2.413,0.381));
#1585=VECTOR('',#1867,1.27);
#1586=CARTESIAN_POINT('',(-0.635,-2.413,0.381));
#1587=VECTOR('',#1868,3.683);
#1588=CARTESIAN_POINT('',(-0.635,-2.413,4.064));
#1589=VECTOR('',#1869,1.27);
#1590=CARTESIAN_POINT('',(-1.905,-2.413,-0.381));
#1591=VECTOR('',#1870,3.683);
#1592=CARTESIAN_POINT('',(-1.905,-2.413,-4.064));
#1593=VECTOR('',#1871,1.27);
#1594=CARTESIAN_POINT('',(-0.635,-2.413,-4.064));
#1595=VECTOR('',#1872,3.683);
#1596=CARTESIAN_POINT('',(-0.635,-2.413,-0.381));
#1597=VECTOR('',#1873,1.27);
#1598=EDGE_CURVE('',#1874,#1875,#1876,.T.);
#1599=EDGE_CURVE('',#1874,#1877,#1878,.T.);
#1600=EDGE_CURVE('',#1879,#1877,#1880,.T.);
#1601=EDGE_CURVE('',#1875,#1879,#1881,.T.);
#1602=EDGE_CURVE('',#1882,#1883,#1884,.T.);
#1603=EDGE_CURVE('',#1885,#1882,#1886,.T.);
#1604=EDGE_CURVE('',#1887,#1885,#1888,.T.);
#1605=EDGE_CURVE('',#1887,#1883,#1889,.T.);
#1606=EDGE_CURVE('',#1890,#1891,#1892,.T.);
#1607=EDGE_CURVE('',#1875,#1891,#1893,.T.);
#1608=EDGE_CURVE('',#1879,#1890,#1894,.T.);
#1609=EDGE_CURVE('',#1895,#1896,#1897,.T.);
#1610=EDGE_CURVE('',#1890,#1895,#1898,.T.);
#1611=EDGE_CURVE('',#1879,#1896,#1899,.T.);
#1612=EDGE_CURVE('',#1900,#1901,#1902,.T.);
#1613=EDGE_CURVE('',#1882,#1900,#1903,.T.);
#1614=EDGE_CURVE('',#1883,#1901,#1904,.T.);
#1615=EDGE_CURVE('',#1905,#1906,#1907,.T.);
#1616=EDGE_CURVE('',#1906,#1908,#1909,.T.);
#1617=EDGE_CURVE('',#1910,#1908,#1911,.T.);
#1618=EDGE_CURVE('',#1905,#1910,#1912,.T.);
#1619=EDGE_CURVE('',#1913,#1914,#1915,.T.);
#1620=EDGE_CURVE('',#1914,#1916,#1917,.T.);
#1621=EDGE_CURVE('',#1918,#1916,#1919,.T.);
#1622=EDGE_CURVE('',#1913,#1918,#1920,.T.);
#1623=EDGE_CURVE('',#1877,#1921,#1922,.T.);
#1624=EDGE_CURVE('',#1896,#1921,#1923,.T.);
#1625=EDGE_CURVE('',#1924,#1925,#1926,.T.);
#1626=EDGE_CURVE('',#1925,#1927,#1928,.T.);
#1627=EDGE_CURVE('',#1929,#1927,#1930,.T.);
#1628=EDGE_CURVE('',#1924,#1929,#1931,.T.);
#1629=EDGE_CURVE('',#1932,#1933,#1934,.T.);
#1630=EDGE_CURVE('',#1933,#1935,#1936,.T.);
#1631=EDGE_CURVE('',#1937,#1935,#1938,.T.);
#1632=EDGE_CURVE('',#1932,#1937,#1939,.T.);
#1633=EDGE_CURVE('',#1890,#1883,#1940,.T.);
#1634=EDGE_CURVE('',#1901,#1895,#1941,.T.);
#1635=EDGE_CURVE('',#1895,#1942,#1943,.T.);
#1636=EDGE_CURVE('',#1944,#1942,#1945,.T.);
#1637=EDGE_CURVE('',#1944,#1901,#1946,.T.);
#1638=EDGE_CURVE('',#1944,#1947,#1948,.T.);
#1639=EDGE_CURVE('',#1947,#1900,#1949,.T.);
#1640=EDGE_CURVE('',#1950,#1921,#1951,.T.);
#1641=EDGE_CURVE('',#1950,#1952,#1953,.T.);
#1642=EDGE_CURVE('',#1952,#1896,#1954,.T.);
#1643=EDGE_CURVE('',#1947,#1955,#1956,.T.);
#1644=EDGE_CURVE('',#1955,#1957,#1958,.T.);
#1645=EDGE_CURVE('',#1957,#1900,#1959,.T.);
#1646=EDGE_CURVE('',#1960,#1882,#1961,.T.);
#1647=EDGE_CURVE('',#1960,#1957,#1962,.T.);
#1648=EDGE_CURVE('',#1963,#1960,#1964,.T.);
#1649=EDGE_CURVE('',#1963,#1955,#1965,.T.);
#1650=EDGE_CURVE('',#1885,#1963,#1966,.T.);
#1651=EDGE_CURVE('',#1885,#1947,#1967,.T.);
#1652=EDGE_CURVE('',#1874,#1950,#1968,.T.);
#1653=EDGE_CURVE('',#1875,#1952,#1969,.T.);
#1654=EDGE_CURVE('',#1970,#1971,#1972,.T.);
#1655=EDGE_CURVE('',#1973,#1971,#1974,.T.);
#1656=EDGE_CURVE('',#1975,#1973,#1976,.T.);
#1657=EDGE_CURVE('',#1975,#1970,#1977,.T.);
#1658=EDGE_CURVE('',#1978,#1979,#1980,.T.);
#1659=EDGE_CURVE('',#1981,#1979,#1982,.T.);
#1660=EDGE_CURVE('',#1983,#1981,#1984,.T.);
#1661=EDGE_CURVE('',#1983,#1978,#1985,.T.);
#1662=EDGE_CURVE('',#1887,#1944,#1986,.T.);
#1663=EDGE_CURVE('',#1987,#1988,#1989,.T.);
#1664=EDGE_CURVE('',#1990,#1988,#1991,.T.);
#1665=EDGE_CURVE('',#1992,#1990,#1993,.T.);
#1666=EDGE_CURVE('',#1992,#1987,#1994,.T.);
#1667=EDGE_CURVE('',#1995,#1996,#1997,.T.);
#1668=EDGE_CURVE('',#1998,#1996,#1999,.T.);
#1669=EDGE_CURVE('',#2000,#1998,#2001,.T.);
#1670=EDGE_CURVE('',#2000,#1995,#2002,.T.);
#1671=EDGE_CURVE('',#1891,#1942,#2003,.T.);
#1672=EDGE_CURVE('',#1942,#1952,#2004,.T.);
#1673=EDGE_CURVE('',#1891,#1887,#2005,.T.);
#1674=EDGE_CURVE('',#2006,#1874,#2007,.T.);
#1675=EDGE_CURVE('',#2008,#1950,#2009,.T.);
#1676=EDGE_CURVE('',#2006,#2008,#2010,.T.);
#1677=EDGE_CURVE('',#2011,#2006,#2012,.T.);
#1678=EDGE_CURVE('',#2013,#2008,#2014,.T.);
#1679=EDGE_CURVE('',#2011,#2013,#2015,.T.);
#1680=EDGE_CURVE('',#1921,#2013,#2016,.T.);
#1681=EDGE_CURVE('',#1877,#2011,#2017,.T.);
#1682=EDGE_CURVE('',#1913,#2018,#2019,.T.);
#1683=EDGE_CURVE('',#2020,#1918,#2021,.T.);
#1684=EDGE_CURVE('',#2020,#2018,#2022,.T.);
#1685=EDGE_CURVE('',#1905,#2023,#2024,.T.);
#1686=EDGE_CURVE('',#2025,#1910,#2026,.T.);
#1687=EDGE_CURVE('',#2025,#2023,#2027,.T.);
#1688=EDGE_CURVE('',#2028,#2029,#2030,.T.);
#1689=EDGE_CURVE('',#2031,#2028,#2032,.T.);
#1690=EDGE_CURVE('',#1995,#2031,#2033,.T.);
#1691=EDGE_CURVE('',#2034,#2000,#2035,.T.);
#1692=EDGE_CURVE('',#2036,#2034,#2037,.T.);
#1693=EDGE_CURVE('',#2038,#2036,#2039,.T.);
#1694=EDGE_CURVE('',#2038,#2029,#2040,.T.);
#1695=EDGE_CURVE('',#2041,#2042,#2043,.T.);
#1696=EDGE_CURVE('',#2044,#2041,#2045,.T.);
#1697=EDGE_CURVE('',#1987,#2044,#2046,.T.);
#1698=EDGE_CURVE('',#2047,#1992,#2048,.T.);
#1699=EDGE_CURVE('',#2049,#2047,#2050,.T.);
#1700=EDGE_CURVE('',#2051,#2049,#2052,.T.);
#1701=EDGE_CURVE('',#2051,#2042,#2053,.T.);
#1702=EDGE_CURVE('',#2054,#2018,#2055,.T.);
#1703=EDGE_CURVE('',#2020,#2056,#2057,.T.);
#1704=EDGE_CURVE('',#2056,#2054,#2058,.T.);
#1705=EDGE_CURVE('',#2059,#2056,#2060,.T.);
#1706=EDGE_CURVE('',#2061,#2059,#2062,.T.);
#1707=EDGE_CURVE('',#2061,#2054,#2063,.T.);
#1708=EDGE_CURVE('',#2064,#2061,#2065,.T.);
#1709=EDGE_CURVE('',#2064,#2018,#2066,.T.);
#1710=EDGE_CURVE('',#1914,#2064,#2067,.T.);
#1711=EDGE_CURVE('',#2068,#1916,#2069,.T.);
#1712=EDGE_CURVE('',#2064,#2068,#2070,.T.);
#1713=EDGE_CURVE('',#2071,#1908,#2072,.T.);
#1714=EDGE_CURVE('',#1906,#2073,#2074,.T.);
#1715=EDGE_CURVE('',#2073,#2071,#2075,.T.);
#1716=EDGE_CURVE('',#2076,#2077,#2078,.T.);
#1717=EDGE_CURVE('',#2077,#2079,#2080,.T.);
#1718=EDGE_CURVE('',#2079,#1998,#2081,.T.);
#1719=EDGE_CURVE('',#1996,#2082,#2083,.T.);
#1720=EDGE_CURVE('',#2082,#2084,#2085,.T.);
#1721=EDGE_CURVE('',#2084,#2086,#2087,.T.);
#1722=EDGE_CURVE('',#2086,#2076,#2088,.T.);
#1723=EDGE_CURVE('',#2089,#2090,#2091,.T.);
#1724=EDGE_CURVE('',#2090,#2092,#2093,.T.);
#1725=EDGE_CURVE('',#2092,#1990,#2094,.T.);
#1726=EDGE_CURVE('',#1988,#2095,#2096,.T.);
#1727=EDGE_CURVE('',#2095,#2097,#2098,.T.);
#1728=EDGE_CURVE('',#2097,#2099,#2100,.T.);
#1729=EDGE_CURVE('',#2099,#2089,#2101,.T.);
#1730=EDGE_CURVE('',#2059,#2068,#2102,.T.);
#1731=EDGE_CURVE('',#2068,#2020,#2103,.T.);
#1732=EDGE_CURVE('',#2073,#2104,#2105,.T.);
#1733=EDGE_CURVE('',#2104,#2106,#2107,.T.);
#1734=EDGE_CURVE('',#2071,#2106,#2108,.T.);
#1735=EDGE_CURVE('',#2025,#2109,#2110,.T.);
#1736=EDGE_CURVE('',#2071,#2025,#2111,.T.);
#1737=EDGE_CURVE('',#2106,#2109,#2112,.T.);
#1738=EDGE_CURVE('',#2104,#2113,#2114,.T.);
#1739=EDGE_CURVE('',#2109,#2113,#2115,.T.);
#1740=EDGE_CURVE('',#2023,#2113,#2116,.T.);
#1741=EDGE_CURVE('',#2073,#2023,#2117,.T.);
#1742=EDGE_CURVE('',#2076,#2118,#2119,.T.);
#1743=EDGE_CURVE('',#2086,#2120,#2121,.T.);
#1744=EDGE_CURVE('',#2120,#2118,#2122,.T.);
#1745=EDGE_CURVE('',#2123,#2124,#2125,.T.);
#1746=EDGE_CURVE('',#2118,#2123,#2126,.T.);
#1747=EDGE_CURVE('',#2120,#2124,#2127,.T.);
#1748=EDGE_CURVE('',#2086,#2029,#2128,.T.);
#1749=EDGE_CURVE('',#2029,#2124,#2129,.T.);
#1750=EDGE_CURVE('',#2038,#2123,#2130,.T.);
#1751=EDGE_CURVE('',#2076,#2038,#2131,.T.);
#1752=EDGE_CURVE('',#2036,#2077,#2132,.T.);
#1753=EDGE_CURVE('',#2034,#2079,#2133,.T.);
#1754=EDGE_CURVE('',#2028,#2084,#2134,.T.);
#1755=EDGE_CURVE('',#2031,#2082,#2135,.T.);
#1756=EDGE_CURVE('',#2136,#2089,#2137,.T.);
#1757=EDGE_CURVE('',#2099,#2138,#2139,.T.);
#1758=EDGE_CURVE('',#2138,#2136,#2140,.T.);
#1759=EDGE_CURVE('',#2138,#2141,#2142,.T.);
#1760=EDGE_CURVE('',#2143,#2141,#2144,.T.);
#1761=EDGE_CURVE('',#2136,#2143,#2145,.T.);
#1762=EDGE_CURVE('',#2051,#2143,#2146,.T.);
#1763=EDGE_CURVE('',#2089,#2051,#2147,.T.);
#1764=EDGE_CURVE('',#2049,#2090,#2148,.T.);
#1765=EDGE_CURVE('',#2047,#2092,#2149,.T.);
#1766=EDGE_CURVE('',#2141,#2042,#2150,.T.);
#1767=EDGE_CURVE('',#2099,#2042,#2151,.T.);
#1768=EDGE_CURVE('',#2041,#2097,#2152,.T.);
#1769=EDGE_CURVE('',#2044,#2095,#2153,.T.);
#1770=EDGE_CURVE('',#1932,#2154,#2155,.T.);
#1771=EDGE_CURVE('',#2156,#1937,#2157,.T.);
#1772=EDGE_CURVE('',#2156,#2154,#2158,.T.);
#1773=EDGE_CURVE('',#1924,#2159,#2160,.T.);
#1774=EDGE_CURVE('',#2161,#1929,#2162,.T.);
#1775=EDGE_CURVE('',#2161,#2159,#2163,.T.);
#1776=EDGE_CURVE('',#2164,#2165,#2166,.T.);
#1777=EDGE_CURVE('',#2167,#2164,#2168,.T.);
#1778=EDGE_CURVE('',#1978,#2167,#2169,.T.);
#1779=EDGE_CURVE('',#2170,#1983,#2171,.T.);
#1780=EDGE_CURVE('',#2172,#2170,#2173,.T.);
#1781=EDGE_CURVE('',#2174,#2172,#2175,.T.);
#1782=EDGE_CURVE('',#2174,#2165,#2176,.T.);
#1783=EDGE_CURVE('',#2177,#2178,#2179,.T.);
#1784=EDGE_CURVE('',#2180,#2177,#2181,.T.);
#1785=EDGE_CURVE('',#1970,#2180,#2182,.T.);
#1786=EDGE_CURVE('',#2183,#1975,#2184,.T.);
#1787=EDGE_CURVE('',#2185,#2183,#2186,.T.);
#1788=EDGE_CURVE('',#2187,#2185,#2188,.T.);
#1789=EDGE_CURVE('',#2187,#2178,#2189,.T.);
#1790=EDGE_CURVE('',#2190,#2154,#2191,.T.);
#1791=EDGE_CURVE('',#2156,#2192,#2193,.T.);
#1792=EDGE_CURVE('',#2192,#2190,#2194,.T.);
#1793=EDGE_CURVE('',#2195,#2192,#2196,.T.);
#1794=EDGE_CURVE('',#2197,#2195,#2198,.T.);
#1795=EDGE_CURVE('',#2197,#2190,#2199,.T.);
#1796=EDGE_CURVE('',#2200,#2197,#2201,.T.);
#1797=EDGE_CURVE('',#2200,#2154,#2202,.T.);
#1798=EDGE_CURVE('',#1933,#2200,#2203,.T.);
#1799=EDGE_CURVE('',#2204,#1935,#2205,.T.);
#1800=EDGE_CURVE('',#2200,#2204,#2206,.T.);
#1801=EDGE_CURVE('',#2207,#1927,#2208,.T.);
#1802=EDGE_CURVE('',#1925,#2209,#2210,.T.);
#1803=EDGE_CURVE('',#2209,#2207,#2211,.T.);
#1804=EDGE_CURVE('',#2212,#2213,#2214,.T.);
#1805=EDGE_CURVE('',#2213,#2215,#2216,.T.);
#1806=EDGE_CURVE('',#2215,#1981,#2217,.T.);
#1807=EDGE_CURVE('',#1979,#2218,#2219,.T.);
#1808=EDGE_CURVE('',#2218,#2220,#2221,.T.);
#1809=EDGE_CURVE('',#2220,#2222,#2223,.T.);
#1810=EDGE_CURVE('',#2222,#2212,#2224,.T.);
#1811=EDGE_CURVE('',#2225,#2226,#2227,.T.);
#1812=EDGE_CURVE('',#2226,#2228,#2229,.T.);
#1813=EDGE_CURVE('',#2228,#1973,#2230,.T.);
#1814=EDGE_CURVE('',#1971,#2231,#2232,.T.);
#1815=EDGE_CURVE('',#2231,#2233,#2234,.T.);
#1816=EDGE_CURVE('',#2233,#2235,#2236,.T.);
#1817=EDGE_CURVE('',#2235,#2225,#2237,.T.);
#1818=EDGE_CURVE('',#2195,#2204,#2238,.T.);
#1819=EDGE_CURVE('',#2204,#2156,#2239,.T.);
#1820=EDGE_CURVE('',#2209,#2240,#2241,.T.);
#1821=EDGE_CURVE('',#2240,#2242,#2243,.T.);
#1822=EDGE_CURVE('',#2207,#2242,#2244,.T.);
#1823=EDGE_CURVE('',#2161,#2245,#2246,.T.);
#1824=EDGE_CURVE('',#2207,#2161,#2247,.T.);
#1825=EDGE_CURVE('',#2242,#2245,#2248,.T.);
#1826=EDGE_CURVE('',#2240,#2249,#2250,.T.);
#1827=EDGE_CURVE('',#2245,#2249,#2251,.T.);
#1828=EDGE_CURVE('',#2159,#2249,#2252,.T.);
#1829=EDGE_CURVE('',#2209,#2159,#2253,.T.);
#1830=EDGE_CURVE('',#2212,#2254,#2255,.T.);
#1831=EDGE_CURVE('',#2222,#2256,#2257,.T.);
#1832=EDGE_CURVE('',#2256,#2254,#2258,.T.);
#1833=EDGE_CURVE('',#2259,#2260,#2261,.T.);
#1834=EDGE_CURVE('',#2254,#2259,#2262,.T.);
#1835=EDGE_CURVE('',#2256,#2260,#2263,.T.);
#1836=EDGE_CURVE('',#2222,#2165,#2264,.T.);
#1837=EDGE_CURVE('',#2165,#2260,#2265,.T.);
#1838=EDGE_CURVE('',#2174,#2259,#2266,.T.);
#1839=EDGE_CURVE('',#2212,#2174,#2267,.T.);
#1840=EDGE_CURVE('',#2172,#2213,#2268,.T.);
#1841=EDGE_CURVE('',#2170,#2215,#2269,.T.);
#1842=EDGE_CURVE('',#2164,#2220,#2270,.T.);
#1843=EDGE_CURVE('',#2167,#2218,#2271,.T.);
#1844=EDGE_CURVE('',#2272,#2225,#2273,.T.);
#1845=EDGE_CURVE('',#2235,#2274,#2275,.T.);
#1846=EDGE_CURVE('',#2274,#2272,#2276,.T.);
#1847=EDGE_CURVE('',#2274,#2277,#2278,.T.);
#1848=EDGE_CURVE('',#2279,#2277,#2280,.T.);
#1849=EDGE_CURVE('',#2272,#2279,#2281,.T.);
#1850=EDGE_CURVE('',#2187,#2279,#2282,.T.);
#1851=EDGE_CURVE('',#2225,#2187,#2283,.T.);
#1852=EDGE_CURVE('',#2185,#2226,#2284,.T.);
#1853=EDGE_CURVE('',#2183,#2228,#2285,.T.);
#1854=EDGE_CURVE('',#2277,#2178,#2286,.T.);
#1855=EDGE_CURVE('',#2235,#2178,#2287,.T.);
#1856=EDGE_CURVE('',#2177,#2233,#2288,.T.);
#1857=EDGE_CURVE('',#2180,#2231,#2289,.T.);
#1858=DIRECTION('',(0.0,0.0,-1.0));
#1859=DIRECTION('',(1.0,0.0,0.0));
#1860=DIRECTION('',(0.0,0.0,1.0));
#1861=DIRECTION('',(-1.0,0.0,0.0));
#1862=DIRECTION('',(0.0,0.0,-1.0));
#1863=DIRECTION('',(1.0,0.0,0.0));
#1864=DIRECTION('',(0.0,0.0,1.0));
#1865=DIRECTION('',(-1.0,0.0,0.0));
#1866=DIRECTION('',(0.0,0.0,-1.0));
#1867=DIRECTION('',(1.0,0.0,0.0));
#1868=DIRECTION('',(0.0,0.0,1.0));
#1869=DIRECTION('',(-1.0,0.0,0.0));
#1870=DIRECTION('',(0.0,0.0,-1.0));
#1871=DIRECTION('',(1.0,0.0,0.0));
#1872=DIRECTION('',(0.0,0.0,1.0));
#1873=DIRECTION('',(-1.0,0.0,0.0));
#1874=VERTEX_POINT('',#2290);
#1875=VERTEX_POINT('',#2291);
#1876=LINE('',#2292,#2293);
#1877=VERTEX_POINT('',#2294);
#1878=LINE('',#2295,#2296);
#1879=VERTEX_POINT('',#2297);
#1880=LINE('',#2298,#2299);
#1881=LINE('',#2300,#2301);
#1882=VERTEX_POINT('',#2302);
#1883=VERTEX_POINT('',#2303);
#1884=LINE('',#2304,#2305);
#1885=VERTEX_POINT('',#2306);
#1886=LINE('',#2307,#2308);
#1887=VERTEX_POINT('',#2309);
#1888=LINE('',#2310,#2311);
#1889=LINE('',#2312,#2313);
#1890=VERTEX_POINT('',#2314);
#1891=VERTEX_POINT('',#2315);
#1892=LINE('',#2316,#2317);
#1893=LINE('',#2318,#2319);
#1894=LINE('',#2320,#2321);
#1895=VERTEX_POINT('',#2322);
#1896=VERTEX_POINT('',#2323);
#1897=LINE('',#2324,#2325);
#1898=LINE('',#2326,#2327);
#1899=LINE('',#2328,#2329);
#1900=VERTEX_POINT('',#2330);
#1901=VERTEX_POINT('',#2331);
#1902=LINE('',#2332,#2333);
#1903=LINE('',#2334,#2335);
#1904=LINE('',#2336,#2337);
#1905=VERTEX_POINT('',#2338);
#1906=VERTEX_POINT('',#2339);
#1907=LINE('',#2340,#2341);
#1908=VERTEX_POINT('',#2342);
#1909=LINE('',#2343,#2344);
#1910=VERTEX_POINT('',#2345);
#1911=LINE('',#2346,#2347);
#1912=LINE('',#2348,#2349);
#1913=VERTEX_POINT('',#2350);
#1914=VERTEX_POINT('',#2351);
#1915=LINE('',#2352,#2353);
#1916=VERTEX_POINT('',#2354);
#1917=LINE('',#2355,#2356);
#1918=VERTEX_POINT('',#2357);
#1919=LINE('',#2358,#2359);
#1920=LINE('',#2360,#2361);
#1921=VERTEX_POINT('',#2362);
#1922=LINE('',#2363,#2364);
#1923=LINE('',#2365,#2366);
#1924=VERTEX_POINT('',#2367);
#1925=VERTEX_POINT('',#2368);
#1926=LINE('',#2369,#2370);
#1927=VERTEX_POINT('',#2371);
#1928=LINE('',#2372,#2373);
#1929=VERTEX_POINT('',#2374);
#1930=LINE('',#2375,#2376);
#1931=LINE('',#2377,#2378);
#1932=VERTEX_POINT('',#2379);
#1933=VERTEX_POINT('',#2380);
#1934=LINE('',#2381,#2382);
#1935=VERTEX_POINT('',#2383);
#1936=LINE('',#2384,#2385);
#1937=VERTEX_POINT('',#2386);
#1938=LINE('',#2387,#2388);
#1939=LINE('',#2389,#2390);
#1940=LINE('',#2391,#2392);
#1941=LINE('',#2393,#2394);
#1942=VERTEX_POINT('',#2395);
#1943=LINE('',#2396,#2397);
#1944=VERTEX_POINT('',#2398);
#1945=LINE('',#2399,#2400);
#1946=LINE('',#2401,#2402);
#1947=VERTEX_POINT('',#2403);
#1948=LINE('',#2404,#2405);
#1949=LINE('',#2406,#2407);
#1950=VERTEX_POINT('',#2408);
#1951=LINE('',#2409,#2410);
#1952=VERTEX_POINT('',#2411);
#1953=LINE('',#2412,#2413);
#1954=LINE('',#2414,#2415);
#1955=VERTEX_POINT('',#2416);
#1956=LINE('',#2417,#2418);
#1957=VERTEX_POINT('',#2419);
#1958=LINE('',#2420,#2421);
#1959=LINE('',#2422,#2423);
#1960=VERTEX_POINT('',#2424);
#1961=LINE('',#2425,#2426);
#1962=LINE('',#2427,#2428);
#1963=VERTEX_POINT('',#2429);
#1964=LINE('',#2430,#2431);
#1965=LINE('',#2432,#2433);
#1966=LINE('',#2434,#2435);
#1967=LINE('',#2436,#2437);
#1968=LINE('',#2438,#2439);
#1969=LINE('',#2440,#2441);
#1970=VERTEX_POINT('',#2442);
#1971=VERTEX_POINT('',#2443);
#1972=LINE('',#2444,#2445);
#1973=VERTEX_POINT('',#2446);
#1974=LINE('',#2447,#2448);
#1975=VERTEX_POINT('',#2449);
#1976=LINE('',#2450,#2451);
#1977=LINE('',#2452,#2453);
#1978=VERTEX_POINT('',#2454);
#1979=VERTEX_POINT('',#2455);
#1980=LINE('',#2456,#2457);
#1981=VERTEX_POINT('',#2458);
#1982=LINE('',#2459,#2460);
#1983=VERTEX_POINT('',#2461);
#1984=LINE('',#2462,#2463);
#1985=LINE('',#2464,#2465);
#1986=LINE('',#2466,#2467);
#1987=VERTEX_POINT('',#2468);
#1988=VERTEX_POINT('',#2469);
#1989=LINE('',#2470,#2471);
#1990=VERTEX_POINT('',#2472);
#1991=LINE('',#2473,#2474);
#1992=VERTEX_POINT('',#2475);
#1993=LINE('',#2476,#2477);
#1994=LINE('',#2478,#2479);
#1995=VERTEX_POINT('',#2480);
#1996=VERTEX_POINT('',#2481);
#1997=LINE('',#2482,#2483);
#1998=VERTEX_POINT('',#2484);
#1999=LINE('',#2485,#2486);
#2000=VERTEX_POINT('',#2487);
#2001=LINE('',#2488,#2489);
#2002=LINE('',#2490,#2491);
#2003=LINE('',#2492,#2493);
#2004=LINE('',#2494,#2495);
#2005=LINE('',#2496,#2497);
#2006=VERTEX_POINT('',#2498);
#2007=LINE('',#2499,#2500);
#2008=VERTEX_POINT('',#2501);
#2009=LINE('',#2502,#2503);
#2010=LINE('',#2504,#2505);
#2011=VERTEX_POINT('',#2506);
#2012=LINE('',#2507,#2508);
#2013=VERTEX_POINT('',#2509);
#2014=LINE('',#2510,#2511);
#2015=LINE('',#2512,#2513);
#2016=LINE('',#2514,#2515);
#2017=LINE('',#2516,#2517);
#2018=VERTEX_POINT('',#2518);
#2019=LINE('',#2519,#2520);
#2020=VERTEX_POINT('',#2521);
#2021=LINE('',#2522,#2523);
#2022=LINE('',#2524,#2525);
#2023=VERTEX_POINT('',#2526);
#2024=LINE('',#2527,#2528);
#2025=VERTEX_POINT('',#2529);
#2026=LINE('',#2530,#2531);
#2027=LINE('',#2532,#2533);
#2028=VERTEX_POINT('',#2534);
#2029=VERTEX_POINT('',#2535);
#2030=LINE('',#2536,#2537);
#2031=VERTEX_POINT('',#2538);
#2032=CIRCLE('',#2539,0.508);
#2033=LINE('',#2540,#2541);
#2034=VERTEX_POINT('',#2542);
#2035=LINE('',#2543,#2544);
#2036=VERTEX_POINT('',#2545);
#2037=CIRCLE('',#2546,1.143);
#2038=VERTEX_POINT('',#2547);
#2039=LINE('',#2548,#2549);
#2040=LINE('',#2550,#2551);
#2041=VERTEX_POINT('',#2552);
#2042=VERTEX_POINT('',#2553);
#2043=LINE('',#2554,#2555);
#2044=VERTEX_POINT('',#2556);
#2045=CIRCLE('',#2557,1.143);
#2046=LINE('',#2558,#2559);
#2047=VERTEX_POINT('',#2560);
#2048=LINE('',#2561,#2562);
#2049=VERTEX_POINT('',#2563);
#2050=CIRCLE('',#2564,0.508);
#2051=VERTEX_POINT('',#2565);
#2052=LINE('',#2566,#2567);
#2053=LINE('',#2568,#2569);
#2054=VERTEX_POINT('',#2570);
#2055=LINE('',#2571,#2572);
#2056=VERTEX_POINT('',#2573);
#2057=LINE('',#2574,#2575);
#2058=LINE('',#2576,#2577);
#2059=VERTEX_POINT('',#2578);
#2060=LINE('',#2579,#2580);
#2061=VERTEX_POINT('',#2581);
#2062=LINE('',#2582,#2583);
#2063=LINE('',#2584,#2585);
#2064=VERTEX_POINT('',#2586);
#2065=LINE('',#2587,#2588);
#2066=LINE('',#2589,#2590);
#2067=LINE('',#2591,#2592);
#2068=VERTEX_POINT('',#2593);
#2069=LINE('',#2594,#2595);
#2070=LINE('',#2596,#2597);
#2071=VERTEX_POINT('',#2598);
#2072=LINE('',#2599,#2600);
#2073=VERTEX_POINT('',#2601);
#2074=LINE('',#2602,#2603);
#2075=LINE('',#2604,#2605);
#2076=VERTEX_POINT('',#2606);
#2077=VERTEX_POINT('',#2607);
#2078=LINE('',#2608,#2609);
#2079=VERTEX_POINT('',#2610);
#2080=CIRCLE('',#2611,1.143);
#2081=LINE('',#2612,#2613);
#2082=VERTEX_POINT('',#2614);
#2083=LINE('',#2615,#2616);
#2084=VERTEX_POINT('',#2617);
#2085=CIRCLE('',#2618,0.508);
#2086=VERTEX_POINT('',#2619);
#2087=LINE('',#2620,#2621);
#2088=LINE('',#2622,#2623);
#2089=VERTEX_POINT('',#2624);
#2090=VERTEX_POINT('',#2625);
#2091=LINE('',#2626,#2627);
#2092=VERTEX_POINT('',#2628);
#2093=CIRCLE('',#2629,0.508);
#2094=LINE('',#2630,#2631);
#2095=VERTEX_POINT('',#2632);
#2096=LINE('',#2633,#2634);
#2097=VERTEX_POINT('',#2635);
#2098=CIRCLE('',#2636,1.143);
#2099=VERTEX_POINT('',#2637);
#2100=LINE('',#2638,#2639);
#2101=LINE('',#2640,#2641);
#2102=LINE('',#2642,#2643);
#2103=LINE('',#2644,#2645);
#2104=VERTEX_POINT('',#2646);
#2105=LINE('',#2647,#2648);
#2106=VERTEX_POINT('',#2649);
#2107=LINE('',#2650,#2651);
#2108=LINE('',#2652,#2653);
#2109=VERTEX_POINT('',#2654);
#2110=LINE('',#2655,#2656);
#2111=LINE('',#2657,#2658);
#2112=LINE('',#2659,#2660);
#2113=VERTEX_POINT('',#2661);
#2114=LINE('',#2662,#2663);
#2115=LINE('',#2664,#2665);
#2116=LINE('',#2666,#2667);
#2117=LINE('',#2668,#2669);
#2118=VERTEX_POINT('',#2670);
#2119=LINE('',#2671,#2672);
#2120=VERTEX_POINT('',#2673);
#2121=LINE('',#2674,#2675);
#2122=LINE('',#2676,#2677);
#2123=VERTEX_POINT('',#2678);
#2124=VERTEX_POINT('',#2679);
#2125=LINE('',#2680,#2681);
#2126=LINE('',#2682,#2683);
#2127=LINE('',#2684,#2685);
#2128=LINE('',#2686,#2687);
#2129=LINE('',#2688,#2689);
#2130=LINE('',#2690,#2691);
#2131=LINE('',#2692,#2693);
#2132=LINE('',#2694,#2695);
#2133=LINE('',#2696,#2697);
#2134=LINE('',#2698,#2699);
#2135=LINE('',#2700,#2701);
#2136=VERTEX_POINT('',#2702);
#2137=LINE('',#2703,#2704);
#2138=VERTEX_POINT('',#2705);
#2139=LINE('',#2706,#2707);
#2140=LINE('',#2708,#2709);
#2141=VERTEX_POINT('',#2710);
#2142=LINE('',#2711,#2712);
#2143=VERTEX_POINT('',#2713);
#2144=LINE('',#2714,#2715);
#2145=LINE('',#2716,#2717);
#2146=LINE('',#2718,#2719);
#2147=LINE('',#2720,#2721);
#2148=LINE('',#2722,#2723);
#2149=LINE('',#2724,#2725);
#2150=LINE('',#2726,#2727);
#2151=LINE('',#2728,#2729);
#2152=LINE('',#2730,#2731);
#2153=LINE('',#2732,#2733);
#2154=VERTEX_POINT('',#2734);
#2155=LINE('',#2735,#2736);
#2156=VERTEX_POINT('',#2737);
#2157=LINE('',#2738,#2739);
#2158=LINE('',#2740,#2741);
#2159=VERTEX_POINT('',#2742);
#2160=LINE('',#2743,#2744);
#2161=VERTEX_POINT('',#2745);
#2162=LINE('',#2746,#2747);
#2163=LINE('',#2748,#2749);
#2164=VERTEX_POINT('',#2750);
#2165=VERTEX_POINT('',#2751);
#2166=LINE('',#2752,#2753);
#2167=VERTEX_POINT('',#2754);
#2168=CIRCLE('',#2755,0.508);
#2169=LINE('',#2756,#2757);
#2170=VERTEX_POINT('',#2758);
#2171=LINE('',#2759,#2760);
#2172=VERTEX_POINT('',#2761);
#2173=CIRCLE('',#2762,1.143);
#2174=VERTEX_POINT('',#2763);
#2175=LINE('',#2764,#2765);
#2176=LINE('',#2766,#2767);
#2177=VERTEX_POINT('',#2768);
#2178=VERTEX_POINT('',#2769);
#2179=LINE('',#2770,#2771);
#2180=VERTEX_POINT('',#2772);
#2181=CIRCLE('',#2773,1.143);
#2182=LINE('',#2774,#2775);
#2183=VERTEX_POINT('',#2776);
#2184=LINE('',#2777,#2778);
#2185=VERTEX_POINT('',#2779);
#2186=CIRCLE('',#2780,0.508);
#2187=VERTEX_POINT('',#2781);
#2188=LINE('',#2782,#2783);
#2189=LINE('',#2784,#2785);
#2190=VERTEX_POINT('',#2786);
#2191=LINE('',#2787,#2788);
#2192=VERTEX_POINT('',#2789);
#2193=LINE('',#2790,#2791);
#2194=LINE('',#2792,#2793);
#2195=VERTEX_POINT('',#2794);
#2196=LINE('',#2795,#2796);
#2197=VERTEX_POINT('',#2797);
#2198=LINE('',#2798,#2799);
#2199=LINE('',#2800,#2801);
#2200=VERTEX_POINT('',#2802);
#2201=LINE('',#2803,#2804);
#2202=LINE('',#2805,#2806);
#2203=LINE('',#2807,#2808);
#2204=VERTEX_POINT('',#2809);
#2205=LINE('',#2810,#2811);
#2206=LINE('',#2812,#2813);
#2207=VERTEX_POINT('',#2814);
#2208=LINE('',#2815,#2816);
#2209=VERTEX_POINT('',#2817);
#2210=LINE('',#2818,#2819);
#2211=LINE('',#2820,#2821);
#2212=VERTEX_POINT('',#2822);
#2213=VERTEX_POINT('',#2823);
#2214=LINE('',#2824,#2825);
#2215=VERTEX_POINT('',#2826);
#2216=CIRCLE('',#2827,1.143);
#2217=LINE('',#2828,#2829);
#2218=VERTEX_POINT('',#2830);
#2219=LINE('',#2831,#2832);
#2220=VERTEX_POINT('',#2833);
#2221=CIRCLE('',#2834,0.508);
#2222=VERTEX_POINT('',#2835);
#2223=LINE('',#2836,#2837);
#2224=LINE('',#2838,#2839);
#2225=VERTEX_POINT('',#2840);
#2226=VERTEX_POINT('',#2841);
#2227=LINE('',#2842,#2843);
#2228=VERTEX_POINT('',#2844);
#2229=CIRCLE('',#2845,0.508);
#2230=LINE('',#2846,#2847);
#2231=VERTEX_POINT('',#2848);
#2232=LINE('',#2849,#2850);
#2233=VERTEX_POINT('',#2851);
#2234=CIRCLE('',#2852,1.143);
#2235=VERTEX_POINT('',#2853);
#2236=LINE('',#2854,#2855);
#2237=LINE('',#2856,#2857);
#2238=LINE('',#2858,#2859);
#2239=LINE('',#2860,#2861);
#2240=VERTEX_POINT('',#2862);
#2241=LINE('',#2863,#2864);
#2242=VERTEX_POINT('',#2865);
#2243=LINE('',#2866,#2867);
#2244=LINE('',#2868,#2869);
#2245=VERTEX_POINT('',#2870);
#2246=LINE('',#2871,#2872);
#2247=LINE('',#2873,#2874);
#2248=LINE('',#2875,#2876);
#2249=VERTEX_POINT('',#2877);
#2250=LINE('',#2878,#2879);
#2251=LINE('',#2880,#2881);
#2252=LINE('',#2882,#2883);
#2253=LINE('',#2884,#2885);
#2254=VERTEX_POINT('',#2886);
#2255=LINE('',#2887,#2888);
#2256=VERTEX_POINT('',#2889);
#2257=LINE('',#2890,#2891);
#2258=LINE('',#2892,#2893);
#2259=VERTEX_POINT('',#2894);
#2260=VERTEX_POINT('',#2895);
#2261=LINE('',#2896,#2897);
#2262=LINE('',#2898,#2899);
#2263=LINE('',#2900,#2901);
#2264=LINE('',#2902,#2903);
#2265=LINE('',#2904,#2905);
#2266=LINE('',#2906,#2907);
#2267=LINE('',#2908,#2909);
#2268=LINE('',#2910,#2911);
#2269=LINE('',#2912,#2913);
#2270=LINE('',#2914,#2915);
#2271=LINE('',#2916,#2917);
#2272=VERTEX_POINT('',#2918);
#2273=LINE('',#2919,#2920);
#2274=VERTEX_POINT('',#2921);
#2275=LINE('',#2922,#2923);
#2276=LINE('',#2924,#2925);
#2277=VERTEX_POINT('',#2926);
#2278=LINE('',#2927,#2928);
#2279=VERTEX_POINT('',#2929);
#2280=LINE('',#2930,#2931);
#2281=LINE('',#2932,#2933);
#2282=LINE('',#2934,#2935);
#2283=LINE('',#2936,#2937);
#2284=LINE('',#2938,#2939);
#2285=LINE('',#2940,#2941);
#2286=LINE('',#2942,#2943);
#2287=LINE('',#2944,#2945);
#2288=LINE('',#2946,#2947);
#2289=LINE('',#2948,#2949);
#2290=CARTESIAN_POINT('',(-2.032,-1.143,-2.54));
#2291=CARTESIAN_POINT('',(-0.508,-1.143,-2.54));
#2292=CARTESIAN_POINT('',(-2.032,-1.143,-2.54));
#2293=VECTOR('',#2950,1.524);
#2294=CARTESIAN_POINT('',(-2.032,1.143,-2.54));
#2295=CARTESIAN_POINT('',(-2.032,-1.143,-2.54));
#2296=VECTOR('',#2951,2.286);
#2297=CARTESIAN_POINT('',(-0.508,1.143,-2.54));
#2298=CARTESIAN_POINT('',(-0.508,1.143,-2.54));
#2299=VECTOR('',#2952,1.524);
#2300=CARTESIAN_POINT('',(-0.508,-1.143,-2.54));
#2301=VECTOR('',#2953,2.286);
#2302=CARTESIAN_POINT('',(2.032,1.143,-2.54));
#2303=CARTESIAN_POINT('',(0.508,1.143,-2.54));
#2304=CARTESIAN_POINT('',(2.032,1.143,-2.54));
#2305=VECTOR('',#2954,1.524);
#2306=CARTESIAN_POINT('',(2.032,-1.143,-2.54));
#2307=CARTESIAN_POINT('',(2.032,-1.143,-2.54));
#2308=VECTOR('',#2955,2.286);
#2309=CARTESIAN_POINT('',(0.508,-1.143,-2.54));
#2310=CARTESIAN_POINT('',(0.508,-1.143,-2.54));
#2311=VECTOR('',#2956,1.524);
#2312=CARTESIAN_POINT('',(0.508,-1.143,-2.54));
#2313=VECTOR('',#2957,2.286);
#2314=CARTESIAN_POINT('',(0.0,0.635,-2.032));
#2315=CARTESIAN_POINT('',(0.0,-0.635,-2.032));
#2316=CARTESIAN_POINT('',(0.0,0.635,-2.032));
#2317=VECTOR('',#2958,1.27);
#2318=CARTESIAN_POINT('',(-0.508,-1.143,-2.54));
#2319=VECTOR('',#2959,0.879881810245052);
#2320=CARTESIAN_POINT('',(-0.508,1.143,-2.54));
#2321=VECTOR('',#2960,0.879881810245052);
#2322=CARTESIAN_POINT('',(0.0,0.635,2.032));
#2323=CARTESIAN_POINT('',(-0.508,1.143,2.54));
#2324=CARTESIAN_POINT('',(0.0,0.635,2.032));
#2325=VECTOR('',#2961,0.879881810245052);
#2326=CARTESIAN_POINT('',(0.0,0.635,-2.032));
#2327=VECTOR('',#2962,4.064);
#2328=CARTESIAN_POINT('',(-0.508,1.143,-2.54));
#2329=VECTOR('',#2963,5.08);
#2330=CARTESIAN_POINT('',(2.032,1.143,2.54));
#2331=CARTESIAN_POINT('',(0.508,1.143,2.54));
#2332=CARTESIAN_POINT('',(2.032,1.143,2.54));
#2333=VECTOR('',#2964,1.524);
#2334=CARTESIAN_POINT('',(2.032,1.143,-2.54));
#2335=VECTOR('',#2965,5.08);
#2336=CARTESIAN_POINT('',(0.508,1.143,-2.54));
#2337=VECTOR('',#2966,5.08);
#2338=CARTESIAN_POINT('',(0.9525,1.143,-1.5875));
#2339=CARTESIAN_POINT('',(1.5875,1.143,-1.5875));
#2340=CARTESIAN_POINT('',(0.9525,1.143,-1.5875));
#2341=VECTOR('',#2967,0.635);
#2342=CARTESIAN_POINT('',(1.5875,1.143,-0.9525));
#2343=CARTESIAN_POINT('',(1.5875,1.143,-1.5875));
#2344=VECTOR('',#2968,0.635);
#2345=CARTESIAN_POINT('',(0.9525,1.143,-0.9525));
#2346=CARTESIAN_POINT('',(0.9525,1.143,-0.9525));
#2347=VECTOR('',#2969,0.635);
#2348=CARTESIAN_POINT('',(0.9525,1.143,-1.5875));
#2349=VECTOR('',#2970,0.635);
#2350=CARTESIAN_POINT('',(0.9525,1.143,0.9525));
#2351=CARTESIAN_POINT('',(1.5875,1.143,0.9525));
#2352=CARTESIAN_POINT('',(0.9525,1.143,0.9525));
#2353=VECTOR('',#2971,0.635);
#2354=CARTESIAN_POINT('',(1.5875,1.143,1.5875));
#2355=CARTESIAN_POINT('',(1.5875,1.143,0.9525));
#2356=VECTOR('',#2972,0.635);
#2357=CARTESIAN_POINT('',(0.9525,1.143,1.5875));
#2358=CARTESIAN_POINT('',(0.9525,1.143,1.5875));
#2359=VECTOR('',#2973,0.635);
#2360=CARTESIAN_POINT('',(0.9525,1.143,0.9525));
#2361=VECTOR('',#2974,0.635);
#2362=CARTESIAN_POINT('',(-2.032,1.143,2.54));
#2363=CARTESIAN_POINT('',(-2.032,1.143,-2.54));
#2364=VECTOR('',#2975,5.08);
#2365=CARTESIAN_POINT('',(-0.508,1.143,2.54));
#2366=VECTOR('',#2976,1.524);
#2367=CARTESIAN_POINT('',(-1.5875,1.143,-1.5875));
#2368=CARTESIAN_POINT('',(-0.9525,1.143,-1.5875));
#2369=CARTESIAN_POINT('',(-1.5875,1.143,-1.5875));
#2370=VECTOR('',#2977,0.635);
#2371=CARTESIAN_POINT('',(-0.9525,1.143,-0.9525));
#2372=CARTESIAN_POINT('',(-0.9525,1.143,-1.5875));
#2373=VECTOR('',#2978,0.635);
#2374=CARTESIAN_POINT('',(-1.5875,1.143,-0.9525));
#2375=CARTESIAN_POINT('',(-1.5875,1.143,-0.9525));
#2376=VECTOR('',#2979,0.635);
#2377=CARTESIAN_POINT('',(-1.5875,1.143,-1.5875));
#2378=VECTOR('',#2980,0.635);
#2379=CARTESIAN_POINT('',(-1.5875,1.143,0.9525));
#2380=CARTESIAN_POINT('',(-0.9525,1.143,0.9525));
#2381=CARTESIAN_POINT('',(-1.5875,1.143,0.9525));
#2382=VECTOR('',#2981,0.635);
#2383=CARTESIAN_POINT('',(-0.9525,1.143,1.5875));
#2384=CARTESIAN_POINT('',(-0.9525,1.143,0.9525));
#2385=VECTOR('',#2982,0.635);
#2386=CARTESIAN_POINT('',(-1.5875,1.143,1.5875));
#2387=CARTESIAN_POINT('',(-1.5875,1.143,1.5875));
#2388=VECTOR('',#2983,0.635);
#2389=CARTESIAN_POINT('',(-1.5875,1.143,0.9525));
#2390=VECTOR('',#2984,0.635);
#2391=CARTESIAN_POINT('',(0.0,0.635,-2.032));
#2392=VECTOR('',#2985,0.879881810245052);
#2393=CARTESIAN_POINT('',(0.508,1.143,2.54));
#2394=VECTOR('',#2986,0.879881810245052);
#2395=CARTESIAN_POINT('',(0.0,-0.635,2.032));
#2396=CARTESIAN_POINT('',(0.0,0.635,2.032));
#2397=VECTOR('',#2987,1.27);
#2398=CARTESIAN_POINT('',(0.508,-1.143,2.54));
#2399=CARTESIAN_POINT('',(0.508,-1.143,2.54));
#2400=VECTOR('',#2988,0.879881810245052);
#2401=CARTESIAN_POINT('',(0.508,-1.143,2.54));
#2402=VECTOR('',#2989,2.286);
#2403=CARTESIAN_POINT('',(2.032,-1.143,2.54));
#2404=CARTESIAN_POINT('',(0.508,-1.143,2.54));
#2405=VECTOR('',#2990,1.524);
#2406=CARTESIAN_POINT('',(2.032,-1.143,2.54));
#2407=VECTOR('',#2991,2.286);
#2408=CARTESIAN_POINT('',(-2.032,-1.143,2.54));
#2409=CARTESIAN_POINT('',(-2.032,-1.143,2.54));
#2410=VECTOR('',#2992,2.286);
#2411=CARTESIAN_POINT('',(-0.508,-1.143,2.54));
#2412=CARTESIAN_POINT('',(-2.032,-1.143,2.54));
#2413=VECTOR('',#2993,1.524);
#2414=CARTESIAN_POINT('',(-0.508,-1.143,2.54));
#2415=VECTOR('',#2994,2.286);
#2416=CARTESIAN_POINT('',(2.54,-0.635,2.032));
#2417=CARTESIAN_POINT('',(2.032,-1.143,2.54));
#2418=VECTOR('',#2995,0.879881810245052);
#2419=CARTESIAN_POINT('',(2.54,0.635,2.032));
#2420=CARTESIAN_POINT('',(2.54,-0.635,2.032));
#2421=VECTOR('',#2996,1.27);
#2422=CARTESIAN_POINT('',(2.54,0.635,2.032));
#2423=VECTOR('',#2997,0.879881810245052);
#2424=CARTESIAN_POINT('',(2.54,0.635,-2.032));
#2425=CARTESIAN_POINT('',(2.54,0.635,-2.032));
#2426=VECTOR('',#2998,0.879881810245052);
#2427=CARTESIAN_POINT('',(2.54,0.635,-2.032));
#2428=VECTOR('',#2999,4.064);
#2429=CARTESIAN_POINT('',(2.54,-0.635,-2.032));
#2430=CARTESIAN_POINT('',(2.54,-0.635,-2.032));
#2431=VECTOR('',#3000,1.27);
#2432=CARTESIAN_POINT('',(2.54,-0.635,-2.032));
#2433=VECTOR('',#3001,4.064);
#2434=CARTESIAN_POINT('',(2.032,-1.143,-2.54));
#2435=VECTOR('',#3002,0.879881810245052);
#2436=CARTESIAN_POINT('',(2.032,-1.143,-2.54));
#2437=VECTOR('',#3003,5.08);
#2438=CARTESIAN_POINT('',(-2.032,-1.143,-2.54));
#2439=VECTOR('',#3004,5.08);
#2440=CARTESIAN_POINT('',(-0.508,-1.143,-2.54));
#2441=VECTOR('',#3005,5.08);
#2442=CARTESIAN_POINT('',(-1.5875,-1.143,-0.9525));
#2443=CARTESIAN_POINT('',(-0.9525,-1.143,-0.9525));
#2444=CARTESIAN_POINT('',(-1.5875,-1.143,-0.9525));
#2445=VECTOR('',#3006,0.635);
#2446=CARTESIAN_POINT('',(-0.9525,-1.143,-1.5875));
#2447=CARTESIAN_POINT('',(-0.9525,-1.143,-1.5875));
#2448=VECTOR('',#3007,0.635);
#2449=CARTESIAN_POINT('',(-1.5875,-1.143,-1.5875));
#2450=CARTESIAN_POINT('',(-1.5875,-1.143,-1.5875));
#2451=VECTOR('',#3008,0.635);
#2452=CARTESIAN_POINT('',(-1.5875,-1.143,-1.5875));
#2453=VECTOR('',#3009,0.635);
#2454=CARTESIAN_POINT('',(-1.5875,-1.143,1.5875));
#2455=CARTESIAN_POINT('',(-0.9525,-1.143,1.5875));
#2456=CARTESIAN_POINT('',(-1.5875,-1.143,1.5875));
#2457=VECTOR('',#3010,0.635);
#2458=CARTESIAN_POINT('',(-0.9525,-1.143,0.9525));
#2459=CARTESIAN_POINT('',(-0.9525,-1.143,0.9525));
#2460=VECTOR('',#3011,0.635);
#2461=CARTESIAN_POINT('',(-1.5875,-1.143,0.9525));
#2462=CARTESIAN_POINT('',(-1.5875,-1.143,0.9525));
#2463=VECTOR('',#3012,0.635);
#2464=CARTESIAN_POINT('',(-1.5875,-1.143,0.9525));
#2465=VECTOR('',#3013,0.635);
#2466=CARTESIAN_POINT('',(0.508,-1.143,-2.54));
#2467=VECTOR('',#3014,5.08);
#2468=CARTESIAN_POINT('',(0.9525,-1.143,-0.9525));
#2469=CARTESIAN_POINT('',(1.5875,-1.143,-0.9525));
#2470=CARTESIAN_POINT('',(0.9525,-1.143,-0.9525));
#2471=VECTOR('',#3015,0.635);
#2472=CARTESIAN_POINT('',(1.5875,-1.143,-1.5875));
#2473=CARTESIAN_POINT('',(1.5875,-1.143,-1.5875));
#2474=VECTOR('',#3016,0.635);
#2475=CARTESIAN_POINT('',(0.9525,-1.143,-1.5875));
#2476=CARTESIAN_POINT('',(0.9525,-1.143,-1.5875));
#2477=VECTOR('',#3017,0.635);
#2478=CARTESIAN_POINT('',(0.9525,-1.143,-1.5875));
#2479=VECTOR('',#3018,0.635);
#2480=CARTESIAN_POINT('',(0.9525,-1.143,1.5875));
#2481=CARTESIAN_POINT('',(1.5875,-1.143,1.5875));
#2482=CARTESIAN_POINT('',(0.9525,-1.143,1.5875));
#2483=VECTOR('',#3019,0.635);
#2484=CARTESIAN_POINT('',(1.5875,-1.143,0.9525));
#2485=CARTESIAN_POINT('',(1.5875,-1.143,0.9525));
#2486=VECTOR('',#3020,0.635);
#2487=CARTESIAN_POINT('',(0.9525,-1.143,0.9525));
#2488=CARTESIAN_POINT('',(0.9525,-1.143,0.9525));
#2489=VECTOR('',#3021,0.635);
#2490=CARTESIAN_POINT('',(0.9525,-1.143,0.9525));
#2491=VECTOR('',#3022,0.635);
#2492=CARTESIAN_POINT('',(0.0,-0.635,-2.032));
#2493=VECTOR('',#3023,4.064);
#2494=CARTESIAN_POINT('',(0.0,-0.635,2.032));
#2495=VECTOR('',#3024,0.879881810245052);
#2496=CARTESIAN_POINT('',(0.0,-0.635,-2.032));
#2497=VECTOR('',#3025,0.879881810245052);
#2498=CARTESIAN_POINT('',(-2.54,-0.635,-2.032));
#2499=CARTESIAN_POINT('',(-2.54,-0.635,-2.032));
#2500=VECTOR('',#3026,0.879881810245052);
#2501=CARTESIAN_POINT('',(-2.54,-0.635,2.032));
#2502=CARTESIAN_POINT('',(-2.54,-0.635,2.032));
#2503=VECTOR('',#3027,0.879881810245052);
#2504=CARTESIAN_POINT('',(-2.54,-0.635,-2.032));
#2505=VECTOR('',#3028,4.064);
#2506=CARTESIAN_POINT('',(-2.54,0.635,-2.032));
#2507=CARTESIAN_POINT('',(-2.54,0.635,-2.032));
#2508=VECTOR('',#3029,1.27);
#2509=CARTESIAN_POINT('',(-2.54,0.635,2.032));
#2510=CARTESIAN_POINT('',(-2.54,0.635,2.032));
#2511=VECTOR('',#3030,1.27);
#2512=CARTESIAN_POINT('',(-2.54,0.635,-2.032));
#2513=VECTOR('',#3031,4.064);
#2514=CARTESIAN_POINT('',(-2.032,1.143,2.54));
#2515=VECTOR('',#3032,0.879881810245052);
#2516=CARTESIAN_POINT('',(-2.032,1.143,-2.54));
#2517=VECTOR('',#3033,0.879881810245052);
#2518=CARTESIAN_POINT('',(0.9525,6.985,0.9525));
#2519=CARTESIAN_POINT('',(0.9525,1.143,0.9525));
#2520=VECTOR('',#3034,5.842);
#2521=CARTESIAN_POINT('',(0.9525,6.985,1.5875));
#2522=CARTESIAN_POINT('',(0.9525,6.985,1.5875));
#2523=VECTOR('',#3035,5.842);
#2524=CARTESIAN_POINT('',(0.9525,6.985,1.5875));
#2525=VECTOR('',#3036,0.635);
#2526=CARTESIAN_POINT('',(0.9525,6.985,-1.5875));
#2527=CARTESIAN_POINT('',(0.9525,1.143,-1.5875));
#2528=VECTOR('',#3037,5.842);
#2529=CARTESIAN_POINT('',(0.9525,6.985,-0.9525));
#2530=CARTESIAN_POINT('',(0.9525,6.985,-0.9525));
#2531=VECTOR('',#3038,5.842);
#2532=CARTESIAN_POINT('',(0.9525,6.985,-0.9525));
#2533=VECTOR('',#3039,0.635);
#2534=CARTESIAN_POINT('',(0.9525,-1.778,2.0955));
#2535=CARTESIAN_POINT('',(0.9525,-1.778,3.2385));
#2536=CARTESIAN_POINT('',(0.9525,-1.778,2.0955));
#2537=VECTOR('',#3040,1.143);
#2538=CARTESIAN_POINT('',(0.9525,-1.27,1.5875));
#2539=AXIS2_PLACEMENT_3D('',#3041,#3042,#3043);
#2540=CARTESIAN_POINT('',(0.9525,-1.143,1.5875));
#2541=VECTOR('',#3044,0.127);
#2542=CARTESIAN_POINT('',(0.9525,-1.27,0.9525));
#2543=CARTESIAN_POINT('',(0.9525,-1.27,0.9525));
#2544=VECTOR('',#3045,0.127);
#2545=CARTESIAN_POINT('',(0.9525,-2.413,2.0955));
#2546=AXIS2_PLACEMENT_3D('',#3046,#3047,#3048);
#2547=CARTESIAN_POINT('',(0.9525,-2.413,3.2385));
#2548=CARTESIAN_POINT('',(0.9525,-2.413,3.2385));
#2549=VECTOR('',#3049,1.143);
#2550=CARTESIAN_POINT('',(0.9525,-2.413,3.2385));
#2551=VECTOR('',#3050,0.635);
#2552=CARTESIAN_POINT('',(0.9525,-2.413,-2.0955));
#2553=CARTESIAN_POINT('',(0.9525,-2.413,-3.2385));
#2554=CARTESIAN_POINT('',(0.9525,-2.413,-2.0955));
#2555=VECTOR('',#3051,1.143);
#2556=CARTESIAN_POINT('',(0.9525,-1.27,-0.9525));
#2557=AXIS2_PLACEMENT_3D('',#3052,#3053,#3054);
#2558=CARTESIAN_POINT('',(0.9525,-1.143,-0.9525));
#2559=VECTOR('',#3055,0.127);
#2560=CARTESIAN_POINT('',(0.9525,-1.27,-1.5875));
#2561=CARTESIAN_POINT('',(0.9525,-1.27,-1.5875));
#2562=VECTOR('',#3056,0.127);
#2563=CARTESIAN_POINT('',(0.9525,-1.778,-2.0955));
#2564=AXIS2_PLACEMENT_3D('',#3057,#3058,#3059);
#2565=CARTESIAN_POINT('',(0.9525,-1.778,-3.2385));
#2566=CARTESIAN_POINT('',(0.9525,-1.778,-3.2385));
#2567=VECTOR('',#3060,1.143);
#2568=CARTESIAN_POINT('',(0.9525,-1.778,-3.2385));
#2569=VECTOR('',#3061,0.635);
#2570=CARTESIAN_POINT('',(1.0795,7.239,1.0795));
#2571=CARTESIAN_POINT('',(1.0795,7.239,1.0795));
#2572=VECTOR('',#3062,0.311085197333568);
#2573=CARTESIAN_POINT('',(1.0795,7.239,1.4605));
#2574=CARTESIAN_POINT('',(0.9525,6.985,1.5875));
#2575=VECTOR('',#3063,0.311085197333568);
#2576=CARTESIAN_POINT('',(1.0795,7.239,1.4605));
#2577=VECTOR('',#3064,0.381);
#2578=CARTESIAN_POINT('',(1.4605,7.239,1.4605));
#2579=CARTESIAN_POINT('',(1.4605,7.239,1.4605));
#2580=VECTOR('',#3065,0.381);
#2581=CARTESIAN_POINT('',(1.4605,7.239,1.0795));
#2582=CARTESIAN_POINT('',(1.4605,7.239,1.0795));
#2583=VECTOR('',#3066,0.381);
#2584=CARTESIAN_POINT('',(1.4605,7.239,1.0795));
#2585=VECTOR('',#3067,0.381);
#2586=CARTESIAN_POINT('',(1.5875,6.985,0.9525));
#2587=CARTESIAN_POINT('',(1.5875,6.985,0.9525));
#2588=VECTOR('',#3068,0.311085197333568);
#2589=CARTESIAN_POINT('',(1.5875,6.985,0.9525));
#2590=VECTOR('',#3069,0.635);
#2591=CARTESIAN_POINT('',(1.5875,1.143,0.9525));
#2592=VECTOR('',#3070,5.842);
#2593=CARTESIAN_POINT('',(1.5875,6.985,1.5875));
#2594=CARTESIAN_POINT('',(1.5875,6.985,1.5875));
#2595=VECTOR('',#3071,5.842);
#2596=CARTESIAN_POINT('',(1.5875,6.985,0.9525));
#2597=VECTOR('',#3072,0.635);
#2598=CARTESIAN_POINT('',(1.5875,6.985,-0.9525));
#2599=CARTESIAN_POINT('',(1.5875,6.985,-0.9525));
#2600=VECTOR('',#3073,5.842);
#2601=CARTESIAN_POINT('',(1.5875,6.985,-1.5875));
#2602=CARTESIAN_POINT('',(1.5875,1.143,-1.5875));
#2603=VECTOR('',#3074,5.842);
#2604=CARTESIAN_POINT('',(1.5875,6.985,-1.5875));
#2605=VECTOR('',#3075,0.635);
#2606=CARTESIAN_POINT('',(1.5875,-2.413,3.2385));
#2607=CARTESIAN_POINT('',(1.5875,-2.413,2.0955));
#2608=CARTESIAN_POINT('',(1.5875,-2.413,3.2385));
#2609=VECTOR('',#3076,1.143);
#2610=CARTESIAN_POINT('',(1.5875,-1.27,0.9525));
#2611=AXIS2_PLACEMENT_3D('',#3077,#3078,#3079);
#2612=CARTESIAN_POINT('',(1.5875,-1.27,0.9525));
#2613=VECTOR('',#3080,0.127);
#2614=CARTESIAN_POINT('',(1.5875,-1.27,1.5875));
#2615=CARTESIAN_POINT('',(1.5875,-1.143,1.5875));
#2616=VECTOR('',#3081,0.127);
#2617=CARTESIAN_POINT('',(1.5875,-1.778,2.0955));
#2618=AXIS2_PLACEMENT_3D('',#3082,#3083,#3084);
#2619=CARTESIAN_POINT('',(1.5875,-1.778,3.2385));
#2620=CARTESIAN_POINT('',(1.5875,-1.778,2.0955));
#2621=VECTOR('',#3085,1.143);
#2622=CARTESIAN_POINT('',(1.5875,-1.778,3.2385));
#2623=VECTOR('',#3086,0.635);
#2624=CARTESIAN_POINT('',(1.5875,-1.778,-3.2385));
#2625=CARTESIAN_POINT('',(1.5875,-1.778,-2.0955));
#2626=CARTESIAN_POINT('',(1.5875,-1.778,-3.2385));
#2627=VECTOR('',#3087,1.143);
#2628=CARTESIAN_POINT('',(1.5875,-1.27,-1.5875));
#2629=AXIS2_PLACEMENT_3D('',#3088,#3089,#3090);
#2630=CARTESIAN_POINT('',(1.5875,-1.27,-1.5875));
#2631=VECTOR('',#3091,0.127);
#2632=CARTESIAN_POINT('',(1.5875,-1.27,-0.9525));
#2633=CARTESIAN_POINT('',(1.5875,-1.143,-0.9525));
#2634=VECTOR('',#3092,0.127);
#2635=CARTESIAN_POINT('',(1.5875,-2.413,-2.0955));
#2636=AXIS2_PLACEMENT_3D('',#3093,#3094,#3095);
#2637=CARTESIAN_POINT('',(1.5875,-2.413,-3.2385));
#2638=CARTESIAN_POINT('',(1.5875,-2.413,-2.0955));
#2639=VECTOR('',#3096,1.143);
#2640=CARTESIAN_POINT('',(1.5875,-2.413,-3.2385));
#2641=VECTOR('',#3097,0.635);
#2642=CARTESIAN_POINT('',(1.4605,7.239,1.4605));
#2643=VECTOR('',#3098,0.311085197333568);
#2644=CARTESIAN_POINT('',(1.5875,6.985,1.5875));
#2645=VECTOR('',#3099,0.635);
#2646=CARTESIAN_POINT('',(1.4605,7.239,-1.4605));
#2647=CARTESIAN_POINT('',(1.5875,6.985,-1.5875));
#2648=VECTOR('',#3100,0.311085197333568);
#2649=CARTESIAN_POINT('',(1.4605,7.239,-1.0795));
#2650=CARTESIAN_POINT('',(1.4605,7.239,-1.4605));
#2651=VECTOR('',#3101,0.381);
#2652=CARTESIAN_POINT('',(1.5875,6.985,-0.9525));
#2653=VECTOR('',#3102,0.311085197333568);
#2654=CARTESIAN_POINT('',(1.0795,7.239,-1.0795));
#2655=CARTESIAN_POINT('',(0.9525,6.985,-0.9525));
#2656=VECTOR('',#3103,0.311085197333568);
#2657=CARTESIAN_POINT('',(1.5875,6.985,-0.9525));
#2658=VECTOR('',#3104,0.635);
#2659=CARTESIAN_POINT('',(1.4605,7.239,-1.0795));
#2660=VECTOR('',#3105,0.381);
#2661=CARTESIAN_POINT('',(1.0795,7.239,-1.4605));
#2662=CARTESIAN_POINT('',(1.4605,7.239,-1.4605));
#2663=VECTOR('',#3106,0.381);
#2664=CARTESIAN_POINT('',(1.0795,7.239,-1.0795));
#2665=VECTOR('',#3107,0.381);
#2666=CARTESIAN_POINT('',(0.9525,6.985,-1.5875));
#2667=VECTOR('',#3108,0.311085197333568);
#2668=CARTESIAN_POINT('',(1.5875,6.985,-1.5875));
#2669=VECTOR('',#3109,0.635);
#2670=CARTESIAN_POINT('',(1.4605,-2.286,3.4925));
#2671=CARTESIAN_POINT('',(1.5875,-2.413,3.2385));
#2672=VECTOR('',#3110,0.311085197333568);
#2673=CARTESIAN_POINT('',(1.4605,-1.905,3.4925));
#2674=CARTESIAN_POINT('',(1.5875,-1.778,3.2385));
#2675=VECTOR('',#3111,0.311085197333568);
#2676=CARTESIAN_POINT('',(1.4605,-1.905,3.4925));
#2677=VECTOR('',#3112,0.381);
#2678=CARTESIAN_POINT('',(1.0795,-2.286,3.4925));
#2679=CARTESIAN_POINT('',(1.0795,-1.905,3.4925));
#2680=CARTESIAN_POINT('',(1.0795,-2.286,3.4925));
#2681=VECTOR('',#3113,0.381);
#2682=CARTESIAN_POINT('',(1.4605,-2.286,3.4925));
#2683=VECTOR('',#3114,0.381);
#2684=CARTESIAN_POINT('',(1.4605,-1.905,3.4925));
#2685=VECTOR('',#3115,0.381);
#2686=CARTESIAN_POINT('',(1.5875,-1.778,3.2385));
#2687=VECTOR('',#3116,0.635);
#2688=CARTESIAN_POINT('',(0.9525,-1.778,3.2385));
#2689=VECTOR('',#3117,0.311085197333568);
#2690=CARTESIAN_POINT('',(0.9525,-2.413,3.2385));
#2691=VECTOR('',#3118,0.311085197333568);
#2692=CARTESIAN_POINT('',(1.5875,-2.413,3.2385));
#2693=VECTOR('',#3119,0.635);
#2694=CARTESIAN_POINT('',(0.9525,-2.413,2.0955));
#2695=VECTOR('',#3120,0.635);
#2696=CARTESIAN_POINT('',(0.9525,-1.27,0.9525));
#2697=VECTOR('',#3121,0.635);
#2698=CARTESIAN_POINT('',(0.9525,-1.778,2.0955));
#2699=VECTOR('',#3122,0.635);
#2700=CARTESIAN_POINT('',(0.9525,-1.27,1.5875));
#2701=VECTOR('',#3123,0.635);
#2702=CARTESIAN_POINT('',(1.4605,-1.905,-3.4925));
#2703=CARTESIAN_POINT('',(1.4605,-1.905,-3.4925));
#2704=VECTOR('',#3124,0.311085197333568);
#2705=CARTESIAN_POINT('',(1.4605,-2.286,-3.4925));
#2706=CARTESIAN_POINT('',(1.5875,-2.413,-3.2385));
#2707=VECTOR('',#3125,0.311085197333568);
#2708=CARTESIAN_POINT('',(1.4605,-2.286,-3.4925));
#2709=VECTOR('',#3126,0.381);
#2710=CARTESIAN_POINT('',(1.0795,-2.286,-3.4925));
#2711=CARTESIAN_POINT('',(1.4605,-2.286,-3.4925));
#2712=VECTOR('',#3127,0.381);
#2713=CARTESIAN_POINT('',(1.0795,-1.905,-3.4925));
#2714=CARTESIAN_POINT('',(1.0795,-1.905,-3.4925));
#2715=VECTOR('',#3128,0.381);
#2716=CARTESIAN_POINT('',(1.4605,-1.905,-3.4925));
#2717=VECTOR('',#3129,0.381);
#2718=CARTESIAN_POINT('',(0.9525,-1.778,-3.2385));
#2719=VECTOR('',#3130,0.311085197333568);
#2720=CARTESIAN_POINT('',(1.5875,-1.778,-3.2385));
#2721=VECTOR('',#3131,0.635);
#2722=CARTESIAN_POINT('',(0.9525,-1.778,-2.0955));
#2723=VECTOR('',#3132,0.635);
#2724=CARTESIAN_POINT('',(0.9525,-1.27,-1.5875));
#2725=VECTOR('',#3133,0.635);
#2726=CARTESIAN_POINT('',(1.0795,-2.286,-3.4925));
#2727=VECTOR('',#3134,0.311085197333568);
#2728=CARTESIAN_POINT('',(1.5875,-2.413,-3.2385));
#2729=VECTOR('',#3135,0.635);
#2730=CARTESIAN_POINT('',(0.9525,-2.413,-2.0955));
#2731=VECTOR('',#3136,0.635);
#2732=CARTESIAN_POINT('',(0.9525,-1.27,-0.9525));
#2733=VECTOR('',#3137,0.635);
#2734=CARTESIAN_POINT('',(-1.5875,6.985,0.9525));
#2735=CARTESIAN_POINT('',(-1.5875,1.143,0.9525));
#2736=VECTOR('',#3138,5.842);
#2737=CARTESIAN_POINT('',(-1.5875,6.985,1.5875));
#2738=CARTESIAN_POINT('',(-1.5875,6.985,1.5875));
#2739=VECTOR('',#3139,5.842);
#2740=CARTESIAN_POINT('',(-1.5875,6.985,1.5875));
#2741=VECTOR('',#3140,0.635);
#2742=CARTESIAN_POINT('',(-1.5875,6.985,-1.5875));
#2743=CARTESIAN_POINT('',(-1.5875,1.143,-1.5875));
#2744=VECTOR('',#3141,5.842);
#2745=CARTESIAN_POINT('',(-1.5875,6.985,-0.9525));
#2746=CARTESIAN_POINT('',(-1.5875,6.985,-0.9525));
#2747=VECTOR('',#3142,5.842);
#2748=CARTESIAN_POINT('',(-1.5875,6.985,-0.9525));
#2749=VECTOR('',#3143,0.635);
#2750=CARTESIAN_POINT('',(-1.5875,-1.778,2.0955));
#2751=CARTESIAN_POINT('',(-1.5875,-1.778,3.2385));
#2752=CARTESIAN_POINT('',(-1.5875,-1.778,2.0955));
#2753=VECTOR('',#3144,1.143);
#2754=CARTESIAN_POINT('',(-1.5875,-1.27,1.5875));
#2755=AXIS2_PLACEMENT_3D('',#3145,#3146,#3147);
#2756=CARTESIAN_POINT('',(-1.5875,-1.143,1.5875));
#2757=VECTOR('',#3148,0.127);
#2758=CARTESIAN_POINT('',(-1.5875,-1.27,0.9525));
#2759=CARTESIAN_POINT('',(-1.5875,-1.27,0.9525));
#2760=VECTOR('',#3149,0.127);
#2761=CARTESIAN_POINT('',(-1.5875,-2.413,2.0955));
#2762=AXIS2_PLACEMENT_3D('',#3150,#3151,#3152);
#2763=CARTESIAN_POINT('',(-1.5875,-2.413,3.2385));
#2764=CARTESIAN_POINT('',(-1.5875,-2.413,3.2385));
#2765=VECTOR('',#3153,1.143);
#2766=CARTESIAN_POINT('',(-1.5875,-2.413,3.2385));
#2767=VECTOR('',#3154,0.635);
#2768=CARTESIAN_POINT('',(-1.5875,-2.413,-2.0955));
#2769=CARTESIAN_POINT('',(-1.5875,-2.413,-3.2385));
#2770=CARTESIAN_POINT('',(-1.5875,-2.413,-2.0955));
#2771=VECTOR('',#3155,1.143);
#2772=CARTESIAN_POINT('',(-1.5875,-1.27,-0.9525));
#2773=AXIS2_PLACEMENT_3D('',#3156,#3157,#3158);
#2774=CARTESIAN_POINT('',(-1.5875,-1.143,-0.9525));
#2775=VECTOR('',#3159,0.127);
#2776=CARTESIAN_POINT('',(-1.5875,-1.27,-1.5875));
#2777=CARTESIAN_POINT('',(-1.5875,-1.27,-1.5875));
#2778=VECTOR('',#3160,0.127);
#2779=CARTESIAN_POINT('',(-1.5875,-1.778,-2.0955));
#2780=AXIS2_PLACEMENT_3D('',#3161,#3162,#3163);
#2781=CARTESIAN_POINT('',(-1.5875,-1.778,-3.2385));
#2782=CARTESIAN_POINT('',(-1.5875,-1.778,-3.2385));
#2783=VECTOR('',#3164,1.143);
#2784=CARTESIAN_POINT('',(-1.5875,-1.778,-3.2385));
#2785=VECTOR('',#3165,0.635);
#2786=CARTESIAN_POINT('',(-1.4605,7.239,1.0795));
#2787=CARTESIAN_POINT('',(-1.4605,7.239,1.0795));
#2788=VECTOR('',#3166,0.311085197333568);
#2789=CARTESIAN_POINT('',(-1.4605,7.239,1.4605));
#2790=CARTESIAN_POINT('',(-1.5875,6.985,1.5875));
#2791=VECTOR('',#3167,0.311085197333568);
#2792=CARTESIAN_POINT('',(-1.4605,7.239,1.4605));
#2793=VECTOR('',#3168,0.381);
#2794=CARTESIAN_POINT('',(-1.0795,7.239,1.4605));
#2795=CARTESIAN_POINT('',(-1.0795,7.239,1.4605));
#2796=VECTOR('',#3169,0.381);
#2797=CARTESIAN_POINT('',(-1.0795,7.239,1.0795));
#2798=CARTESIAN_POINT('',(-1.0795,7.239,1.0795));
#2799=VECTOR('',#3170,0.381);
#2800=CARTESIAN_POINT('',(-1.0795,7.239,1.0795));
#2801=VECTOR('',#3171,0.381);
#2802=CARTESIAN_POINT('',(-0.9525,6.985,0.9525));
#2803=CARTESIAN_POINT('',(-0.9525,6.985,0.9525));
#2804=VECTOR('',#3172,0.311085197333568);
#2805=CARTESIAN_POINT('',(-0.9525,6.985,0.9525));
#2806=VECTOR('',#3173,0.635);
#2807=CARTESIAN_POINT('',(-0.9525,1.143,0.9525));
#2808=VECTOR('',#3174,5.842);
#2809=CARTESIAN_POINT('',(-0.9525,6.985,1.5875));
#2810=CARTESIAN_POINT('',(-0.9525,6.985,1.5875));
#2811=VECTOR('',#3175,5.842);
#2812=CARTESIAN_POINT('',(-0.9525,6.985,0.9525));
#2813=VECTOR('',#3176,0.635);
#2814=CARTESIAN_POINT('',(-0.9525,6.985,-0.9525));
#2815=CARTESIAN_POINT('',(-0.9525,6.985,-0.9525));
#2816=VECTOR('',#3177,5.842);
#2817=CARTESIAN_POINT('',(-0.9525,6.985,-1.5875));
#2818=CARTESIAN_POINT('',(-0.9525,1.143,-1.5875));
#2819=VECTOR('',#3178,5.842);
#2820=CARTESIAN_POINT('',(-0.9525,6.985,-1.5875));
#2821=VECTOR('',#3179,0.635);
#2822=CARTESIAN_POINT('',(-0.9525,-2.413,3.2385));
#2823=CARTESIAN_POINT('',(-0.9525,-2.413,2.0955));
#2824=CARTESIAN_POINT('',(-0.9525,-2.413,3.2385));
#2825=VECTOR('',#3180,1.143);
#2826=CARTESIAN_POINT('',(-0.9525,-1.27,0.9525));
#2827=AXIS2_PLACEMENT_3D('',#3181,#3182,#3183);
#2828=CARTESIAN_POINT('',(-0.9525,-1.27,0.9525));
#2829=VECTOR('',#3184,0.127);
#2830=CARTESIAN_POINT('',(-0.9525,-1.27,1.5875));
#2831=CARTESIAN_POINT('',(-0.9525,-1.143,1.5875));
#2832=VECTOR('',#3185,0.127);
#2833=CARTESIAN_POINT('',(-0.9525,-1.778,2.0955));
#2834=AXIS2_PLACEMENT_3D('',#3186,#3187,#3188);
#2835=CARTESIAN_POINT('',(-0.9525,-1.778,3.2385));
#2836=CARTESIAN_POINT('',(-0.9525,-1.778,2.0955));
#2837=VECTOR('',#3189,1.143);
#2838=CARTESIAN_POINT('',(-0.9525,-1.778,3.2385));
#2839=VECTOR('',#3190,0.635);
#2840=CARTESIAN_POINT('',(-0.9525,-1.778,-3.2385));
#2841=CARTESIAN_POINT('',(-0.9525,-1.778,-2.0955));
#2842=CARTESIAN_POINT('',(-0.9525,-1.778,-3.2385));
#2843=VECTOR('',#3191,1.143);
#2844=CARTESIAN_POINT('',(-0.9525,-1.27,-1.5875));
#2845=AXIS2_PLACEMENT_3D('',#3192,#3193,#3194);
#2846=CARTESIAN_POINT('',(-0.9525,-1.27,-1.5875));
#2847=VECTOR('',#3195,0.127);
#2848=CARTESIAN_POINT('',(-0.9525,-1.27,-0.9525));
#2849=CARTESIAN_POINT('',(-0.9525,-1.143,-0.9525));
#2850=VECTOR('',#3196,0.127);
#2851=CARTESIAN_POINT('',(-0.9525,-2.413,-2.0955));
#2852=AXIS2_PLACEMENT_3D('',#3197,#3198,#3199);
#2853=CARTESIAN_POINT('',(-0.9525,-2.413,-3.2385));
#2854=CARTESIAN_POINT('',(-0.9525,-2.413,-2.0955));
#2855=VECTOR('',#3200,1.143);
#2856=CARTESIAN_POINT('',(-0.9525,-2.413,-3.2385));
#2857=VECTOR('',#3201,0.635);
#2858=CARTESIAN_POINT('',(-1.0795,7.239,1.4605));
#2859=VECTOR('',#3202,0.311085197333568);
#2860=CARTESIAN_POINT('',(-0.9525,6.985,1.5875));
#2861=VECTOR('',#3203,0.635);
#2862=CARTESIAN_POINT('',(-1.0795,7.239,-1.4605));
#2863=CARTESIAN_POINT('',(-0.9525,6.985,-1.5875));
#2864=VECTOR('',#3204,0.311085197333568);
#2865=CARTESIAN_POINT('',(-1.0795,7.239,-1.0795));
#2866=CARTESIAN_POINT('',(-1.0795,7.239,-1.4605));
#2867=VECTOR('',#3205,0.381);
#2868=CARTESIAN_POINT('',(-0.9525,6.985,-0.9525));
#2869=VECTOR('',#3206,0.311085197333568);
#2870=CARTESIAN_POINT('',(-1.4605,7.239,-1.0795));
#2871=CARTESIAN_POINT('',(-1.5875,6.985,-0.9525));
#2872=VECTOR('',#3207,0.311085197333568);
#2873=CARTESIAN_POINT('',(-0.9525,6.985,-0.9525));
#2874=VECTOR('',#3208,0.635);
#2875=CARTESIAN_POINT('',(-1.0795,7.239,-1.0795));
#2876=VECTOR('',#3209,0.381);
#2877=CARTESIAN_POINT('',(-1.4605,7.239,-1.4605));
#2878=CARTESIAN_POINT('',(-1.0795,7.239,-1.4605));
#2879=VECTOR('',#3210,0.381);
#2880=CARTESIAN_POINT('',(-1.4605,7.239,-1.0795));
#2881=VECTOR('',#3211,0.381);
#2882=CARTESIAN_POINT('',(-1.5875,6.985,-1.5875));
#2883=VECTOR('',#3212,0.311085197333568);
#2884=CARTESIAN_POINT('',(-0.9525,6.985,-1.5875));
#2885=VECTOR('',#3213,0.635);
#2886=CARTESIAN_POINT('',(-1.0795,-2.286,3.4925));
#2887=CARTESIAN_POINT('',(-0.9525,-2.413,3.2385));
#2888=VECTOR('',#3214,0.311085197333568);
#2889=CARTESIAN_POINT('',(-1.0795,-1.905,3.4925));
#2890=CARTESIAN_POINT('',(-0.9525,-1.778,3.2385));
#2891=VECTOR('',#3215,0.311085197333568);
#2892=CARTESIAN_POINT('',(-1.0795,-1.905,3.4925));
#2893=VECTOR('',#3216,0.381);
#2894=CARTESIAN_POINT('',(-1.4605,-2.286,3.4925));
#2895=CARTESIAN_POINT('',(-1.4605,-1.905,3.4925));
#2896=CARTESIAN_POINT('',(-1.4605,-2.286,3.4925));
#2897=VECTOR('',#3217,0.381);
#2898=CARTESIAN_POINT('',(-1.0795,-2.286,3.4925));
#2899=VECTOR('',#3218,0.381);
#2900=CARTESIAN_POINT('',(-1.0795,-1.905,3.4925));
#2901=VECTOR('',#3219,0.381);
#2902=CARTESIAN_POINT('',(-0.9525,-1.778,3.2385));
#2903=VECTOR('',#3220,0.635);
#2904=CARTESIAN_POINT('',(-1.5875,-1.778,3.2385));
#2905=VECTOR('',#3221,0.311085197333568);
#2906=CARTESIAN_POINT('',(-1.5875,-2.413,3.2385));
#2907=VECTOR('',#3222,0.311085197333568);
#2908=CARTESIAN_POINT('',(-0.9525,-2.413,3.2385));
#2909=VECTOR('',#3223,0.635);
#2910=CARTESIAN_POINT('',(-1.5875,-2.413,2.0955));
#2911=VECTOR('',#3224,0.635);
#2912=CARTESIAN_POINT('',(-1.5875,-1.27,0.9525));
#2913=VECTOR('',#3225,0.635);
#2914=CARTESIAN_POINT('',(-1.5875,-1.778,2.0955));
#2915=VECTOR('',#3226,0.635);
#2916=CARTESIAN_POINT('',(-1.5875,-1.27,1.5875));
#2917=VECTOR('',#3227,0.635);
#2918=CARTESIAN_POINT('',(-1.0795,-1.905,-3.4925));
#2919=CARTESIAN_POINT('',(-1.0795,-1.905,-3.4925));
#2920=VECTOR('',#3228,0.311085197333568);
#2921=CARTESIAN_POINT('',(-1.0795,-2.286,-3.4925));
#2922=CARTESIAN_POINT('',(-0.9525,-2.413,-3.2385));
#2923=VECTOR('',#3229,0.311085197333568);
#2924=CARTESIAN_POINT('',(-1.0795,-2.286,-3.4925));
#2925=VECTOR('',#3230,0.381);
#2926=CARTESIAN_POINT('',(-1.4605,-2.286,-3.4925));
#2927=CARTESIAN_POINT('',(-1.0795,-2.286,-3.4925));
#2928=VECTOR('',#3231,0.381);
#2929=CARTESIAN_POINT('',(-1.4605,-1.905,-3.4925));
#2930=CARTESIAN_POINT('',(-1.4605,-1.905,-3.4925));
#2931=VECTOR('',#3232,0.381);
#2932=CARTESIAN_POINT('',(-1.0795,-1.905,-3.4925));
#2933=VECTOR('',#3233,0.381);
#2934=CARTESIAN_POINT('',(-1.5875,-1.778,-3.2385));
#2935=VECTOR('',#3234,0.311085197333568);
#2936=CARTESIAN_POINT('',(-0.9525,-1.778,-3.2385));
#2937=VECTOR('',#3235,0.635);
#2938=CARTESIAN_POINT('',(-1.5875,-1.778,-2.0955));
#2939=VECTOR('',#3236,0.635);
#2940=CARTESIAN_POINT('',(-1.5875,-1.27,-1.5875));
#2941=VECTOR('',#3237,0.635);
#2942=CARTESIAN_POINT('',(-1.4605,-2.286,-3.4925));
#2943=VECTOR('',#3238,0.311085197333568);
#2944=CARTESIAN_POINT('',(-0.9525,-2.413,-3.2385));
#2945=VECTOR('',#3239,0.635);
#2946=CARTESIAN_POINT('',(-1.5875,-2.413,-2.0955));
#2947=VECTOR('',#3240,0.635);
#2948=CARTESIAN_POINT('',(-1.5875,-1.27,-0.9525));
#2949=VECTOR('',#3241,0.635);
#2950=DIRECTION('',(1.0,0.0,0.0));
#2951=DIRECTION('',(0.0,1.0,0.0));
#2952=DIRECTION('',(-1.0,0.0,0.0));
#2953=DIRECTION('',(0.0,1.0,0.0));
#2954=DIRECTION('',(-1.0,0.0,0.0));
#2955=DIRECTION('',(0.0,1.0,0.0));
#2956=DIRECTION('',(1.0,0.0,0.0));
#2957=DIRECTION('',(0.0,1.0,0.0));
#2958=DIRECTION('',(0.0,-1.0,0.0));
#2959=DIRECTION('',(0.577350269189626,0.577350269189626,0.577350269189626));
#2960=DIRECTION('',(0.577350269189626,-0.577350269189626,0.577350269189626));
#2961=DIRECTION('',(-0.577350269189626,0.577350269189626,0.577350269189626));
#2962=DIRECTION('',(0.0,0.0,1.0));
#2963=DIRECTION('',(0.0,0.0,1.0));
#2964=DIRECTION('',(-1.0,0.0,0.0));
#2965=DIRECTION('',(0.0,0.0,1.0));
#2966=DIRECTION('',(0.0,0.0,1.0));
#2967=DIRECTION('',(1.0,0.0,0.0));
#2968=DIRECTION('',(0.0,0.0,1.0));
#2969=DIRECTION('',(1.0,0.0,0.0));
#2970=DIRECTION('',(0.0,0.0,1.0));
#2971=DIRECTION('',(1.0,0.0,0.0));
#2972=DIRECTION('',(0.0,0.0,1.0));
#2973=DIRECTION('',(1.0,0.0,0.0));
#2974=DIRECTION('',(0.0,0.0,1.0));
#2975=DIRECTION('',(0.0,0.0,1.0));
#2976=DIRECTION('',(-1.0,0.0,0.0));
#2977=DIRECTION('',(1.0,0.0,0.0));
#2978=DIRECTION('',(0.0,0.0,1.0));
#2979=DIRECTION('',(1.0,0.0,0.0));
#2980=DIRECTION('',(0.0,0.0,1.0));
#2981=DIRECTION('',(1.0,0.0,0.0));
#2982=DIRECTION('',(0.0,0.0,1.0));
#2983=DIRECTION('',(1.0,0.0,0.0));
#2984=DIRECTION('',(0.0,0.0,1.0));
#2985=DIRECTION('',(0.577350269189626,0.577350269189626,-0.577350269189626));
#2986=DIRECTION('',(-0.577350269189626,-0.577350269189626,-0.577350269189626));
#2987=DIRECTION('',(0.0,-1.0,0.0));
#2988=DIRECTION('',(-0.577350269189626,0.577350269189626,-0.577350269189626));
#2989=DIRECTION('',(0.0,1.0,0.0));
#2990=DIRECTION('',(1.0,0.0,0.0));
#2991=DIRECTION('',(0.0,1.0,0.0));
#2992=DIRECTION('',(0.0,1.0,0.0));
#2993=DIRECTION('',(1.0,0.0,0.0));
#2994=DIRECTION('',(0.0,1.0,0.0));
#2995=DIRECTION('',(0.577350269189626,0.577350269189626,-0.577350269189626));
#2996=DIRECTION('',(0.0,1.0,0.0));
#2997=DIRECTION('',(-0.577350269189626,0.577350269189626,0.577350269189626));
#2998=DIRECTION('',(-0.577350269189626,0.577350269189626,-0.577350269189626));
#2999=DIRECTION('',(0.0,0.0,1.0));
#3000=DIRECTION('',(0.0,1.0,0.0));
#3001=DIRECTION('',(0.0,0.0,1.0));
#3002=DIRECTION('',(0.577350269189626,0.577350269189626,0.577350269189626));
#3003=DIRECTION('',(0.0,0.0,1.0));
#3004=DIRECTION('',(0.0,0.0,1.0));
#3005=DIRECTION('',(0.0,0.0,1.0));
#3006=DIRECTION('',(1.0,0.0,0.0));
#3007=DIRECTION('',(0.0,0.0,1.0));
#3008=DIRECTION('',(1.0,0.0,0.0));
#3009=DIRECTION('',(0.0,0.0,1.0));
#3010=DIRECTION('',(1.0,0.0,0.0));
#3011=DIRECTION('',(0.0,0.0,1.0));
#3012=DIRECTION('',(1.0,0.0,0.0));
#3013=DIRECTION('',(0.0,0.0,1.0));
#3014=DIRECTION('',(0.0,0.0,1.0));
#3015=DIRECTION('',(1.0,0.0,0.0));
#3016=DIRECTION('',(0.0,0.0,1.0));
#3017=DIRECTION('',(1.0,0.0,0.0));
#3018=DIRECTION('',(0.0,0.0,1.0));
#3019=DIRECTION('',(1.0,0.0,0.0));
#3020=DIRECTION('',(0.0,0.0,1.0));
#3021=DIRECTION('',(1.0,0.0,0.0));
#3022=DIRECTION('',(0.0,0.0,1.0));
#3023=DIRECTION('',(0.0,0.0,1.0));
#3024=DIRECTION('',(-0.577350269189626,-0.577350269189626,0.577350269189626));
#3025=DIRECTION('',(0.577350269189626,-0.577350269189626,-0.577350269189626));
#3026=DIRECTION('',(0.577350269189626,-0.577350269189626,-0.577350269189626));
#3027=DIRECTION('',(0.577350269189626,-0.577350269189626,0.577350269189626));
#3028=DIRECTION('',(0.0,0.0,1.0));
#3029=DIRECTION('',(0.0,-1.0,0.0));
#3030=DIRECTION('',(0.0,-1.0,0.0));
#3031=DIRECTION('',(0.0,0.0,1.0));
#3032=DIRECTION('',(-0.577350269189626,-0.577350269189626,-0.577350269189626));
#3033=DIRECTION('',(-0.577350269189626,-0.577350269189626,0.577350269189626));
#3034=DIRECTION('',(0.0,1.0,0.0));
#3035=DIRECTION('',(0.0,-1.0,0.0));
#3036=DIRECTION('',(0.0,0.0,-1.0));
#3037=DIRECTION('',(0.0,1.0,0.0));
#3038=DIRECTION('',(0.0,-1.0,0.0));
#3039=DIRECTION('',(0.0,0.0,-1.0));
#3040=DIRECTION('',(0.0,0.0,1.0));
#3041=CARTESIAN_POINT('',(0.9525,-1.27,2.0955));
#3042=DIRECTION('',(-1.0,0.0,0.0));
#3043=DIRECTION('',(0.0,0.0,-1.0));
#3044=DIRECTION('',(0.0,-1.0,0.0));
#3045=DIRECTION('',(0.0,1.0,0.0));
#3046=CARTESIAN_POINT('',(0.9525,-1.27,2.0955));
#3047=DIRECTION('',(1.0,0.0,0.0));
#3048=DIRECTION('',(0.0,-1.0,0.0));
#3049=DIRECTION('',(0.0,0.0,-1.0));
#3050=DIRECTION('',(0.0,1.0,0.0));
#3051=DIRECTION('',(0.0,0.0,-1.0));
#3052=CARTESIAN_POINT('',(0.9525,-1.27,-2.0955));
#3053=DIRECTION('',(1.0,0.0,-0.0));
#3054=DIRECTION('',(0.0,0.0,1.0));
#3055=DIRECTION('',(0.0,-1.0,0.0));
#3056=DIRECTION('',(0.0,1.0,0.0));
#3057=CARTESIAN_POINT('',(0.9525,-1.27,-2.0955));
#3058=DIRECTION('',(-1.0,0.0,0.0));
#3059=DIRECTION('',(0.0,-1.0,1.179611963664E-14));
#3060=DIRECTION('',(0.0,0.0,1.0));
#3061=DIRECTION('',(0.0,-1.0,0.0));
#3062=DIRECTION('',(-0.408248290463896,-0.816496580927693,-0.408248290463896));
#3063=DIRECTION('',(0.408248290463896,0.816496580927693,-0.408248290463896));
#3064=DIRECTION('',(0.0,0.0,-1.0));
#3065=DIRECTION('',(-1.0,0.0,0.0));
#3066=DIRECTION('',(0.0,0.0,1.0));
#3067=DIRECTION('',(-1.0,0.0,0.0));
#3068=DIRECTION('',(-0.408248290463896,0.816496580927693,0.408248290463896));
#3069=DIRECTION('',(-1.0,0.0,0.0));
#3070=DIRECTION('',(0.0,1.0,0.0));
#3071=DIRECTION('',(0.0,-1.0,0.0));
#3072=DIRECTION('',(0.0,0.0,1.0));
#3073=DIRECTION('',(0.0,-1.0,0.0));
#3074=DIRECTION('',(0.0,1.0,0.0));
#3075=DIRECTION('',(0.0,0.0,1.0));
#3076=DIRECTION('',(0.0,0.0,-1.0));
#3077=CARTESIAN_POINT('',(1.5875,-1.27,2.0955));
#3078=DIRECTION('',(1.0,0.0,0.0));
#3079=DIRECTION('',(0.0,-1.0,0.0));
#3080=DIRECTION('',(0.0,1.0,0.0));
#3081=DIRECTION('',(0.0,-1.0,0.0));
#3082=CARTESIAN_POINT('',(1.5875,-1.27,2.0955));
#3083=DIRECTION('',(-1.0,0.0,0.0));
#3084=DIRECTION('',(0.0,0.0,-1.0));
#3085=DIRECTION('',(0.0,0.0,1.0));
#3086=DIRECTION('',(0.0,-1.0,0.0));
#3087=DIRECTION('',(0.0,0.0,1.0));
#3088=CARTESIAN_POINT('',(1.5875,-1.27,-2.0955));
#3089=DIRECTION('',(-1.0,0.0,0.0));
#3090=DIRECTION('',(0.0,-1.0,1.179611963664E-14));
#3091=DIRECTION('',(0.0,1.0,0.0));
#3092=DIRECTION('',(0.0,-1.0,0.0));
#3093=CARTESIAN_POINT('',(1.5875,-1.27,-2.0955));
#3094=DIRECTION('',(1.0,0.0,-0.0));
#3095=DIRECTION('',(0.0,0.0,1.0));
#3096=DIRECTION('',(0.0,0.0,-1.0));
#3097=DIRECTION('',(0.0,1.0,0.0));
#3098=DIRECTION('',(0.408248290463896,-0.816496580927693,0.408248290463896));
#3099=DIRECTION('',(-1.0,0.0,0.0));
#3100=DIRECTION('',(-0.408248290463896,0.816496580927693,0.408248290463896));
#3101=DIRECTION('',(0.0,0.0,1.0));
#3102=DIRECTION('',(-0.408248290463896,0.816496580927693,-0.408248290463896));
#3103=DIRECTION('',(0.408248290463896,0.816496580927693,-0.408248290463896));
#3104=DIRECTION('',(-1.0,0.0,0.0));
#3105=DIRECTION('',(-1.0,0.0,0.0));
#3106=DIRECTION('',(-1.0,0.0,0.0));
#3107=DIRECTION('',(0.0,0.0,-1.0));
#3108=DIRECTION('',(0.408248290463896,0.816496580927693,0.408248290463896));
#3109=DIRECTION('',(-1.0,0.0,0.0));
#3110=DIRECTION('',(-0.408248290463896,0.408248290463896,0.816496580927693));
#3111=DIRECTION('',(-0.408248290463896,-0.408248290463896,0.816496580927693));
#3112=DIRECTION('',(0.0,-1.0,0.0));
#3113=DIRECTION('',(0.0,1.0,0.0));
#3114=DIRECTION('',(-1.0,0.0,0.0));
#3115=DIRECTION('',(-1.0,0.0,0.0));
#3116=DIRECTION('',(-1.0,0.0,0.0));
#3117=DIRECTION('',(0.408248290463896,-0.408248290463896,0.816496580927693));
#3118=DIRECTION('',(0.408248290463896,0.408248290463896,0.816496580927693));
#3119=DIRECTION('',(-1.0,0.0,0.0));
#3120=DIRECTION('',(1.0,0.0,0.0));
#3121=DIRECTION('',(1.0,0.0,0.0));
#3122=DIRECTION('',(1.0,0.0,0.0));
#3123=DIRECTION('',(1.0,0.0,0.0));
#3124=DIRECTION('',(0.408248290463896,0.408248290463896,0.816496580927693));
#3125=DIRECTION('',(-0.408248290463896,0.408248290463896,-0.816496580927693));
#3126=DIRECTION('',(0.0,1.0,0.0));
#3127=DIRECTION('',(-1.0,0.0,0.0));
#3128=DIRECTION('',(0.0,-1.0,0.0));
#3129=DIRECTION('',(-1.0,0.0,0.0));
#3130=DIRECTION('',(0.408248290463896,-0.408248290463896,-0.816496580927693));
#3131=DIRECTION('',(-1.0,0.0,0.0));
#3132=DIRECTION('',(1.0,0.0,0.0));
#3133=DIRECTION('',(1.0,0.0,0.0));
#3134=DIRECTION('',(-0.408248290463896,-0.408248290463896,0.816496580927693));
#3135=DIRECTION('',(-1.0,0.0,0.0));
#3136=DIRECTION('',(1.0,0.0,0.0));
#3137=DIRECTION('',(1.0,0.0,0.0));
#3138=DIRECTION('',(0.0,1.0,0.0));
#3139=DIRECTION('',(0.0,-1.0,0.0));
#3140=DIRECTION('',(0.0,0.0,-1.0));
#3141=DIRECTION('',(0.0,1.0,0.0));
#3142=DIRECTION('',(0.0,-1.0,0.0));
#3143=DIRECTION('',(0.0,0.0,-1.0));
#3144=DIRECTION('',(0.0,0.0,1.0));
#3145=CARTESIAN_POINT('',(-1.5875,-1.27,2.0955));
#3146=DIRECTION('',(-1.0,0.0,0.0));
#3147=DIRECTION('',(0.0,0.0,-1.0));
#3148=DIRECTION('',(0.0,-1.0,0.0));
#3149=DIRECTION('',(0.0,1.0,0.0));
#3150=CARTESIAN_POINT('',(-1.5875,-1.27,2.0955));
#3151=DIRECTION('',(1.0,0.0,0.0));
#3152=DIRECTION('',(0.0,-1.0,0.0));
#3153=DIRECTION('',(0.0,0.0,-1.0));
#3154=DIRECTION('',(0.0,1.0,0.0));
#3155=DIRECTION('',(0.0,0.0,-1.0));
#3156=CARTESIAN_POINT('',(-1.5875,-1.27,-2.0955));
#3157=DIRECTION('',(1.0,0.0,-0.0));
#3158=DIRECTION('',(0.0,0.0,1.0));
#3159=DIRECTION('',(0.0,-1.0,0.0));
#3160=DIRECTION('',(0.0,1.0,0.0));
#3161=CARTESIAN_POINT('',(-1.5875,-1.27,-2.0955));
#3162=DIRECTION('',(-1.0,0.0,0.0));
#3163=DIRECTION('',(0.0,-1.0,0.0));
#3164=DIRECTION('',(0.0,0.0,1.0));
#3165=DIRECTION('',(0.0,-1.0,0.0));
#3166=DIRECTION('',(-0.408248290463896,-0.816496580927693,-0.408248290463896));
#3167=DIRECTION('',(0.408248290463896,0.816496580927693,-0.408248290463896));
#3168=DIRECTION('',(0.0,0.0,-1.0));
#3169=DIRECTION('',(-1.0,0.0,0.0));
#3170=DIRECTION('',(0.0,0.0,1.0));
#3171=DIRECTION('',(-1.0,0.0,0.0));
#3172=DIRECTION('',(-0.408248290463896,0.816496580927693,0.408248290463896));
#3173=DIRECTION('',(-1.0,0.0,0.0));
#3174=DIRECTION('',(0.0,1.0,0.0));
#3175=DIRECTION('',(0.0,-1.0,0.0));
#3176=DIRECTION('',(0.0,0.0,1.0));
#3177=DIRECTION('',(0.0,-1.0,0.0));
#3178=DIRECTION('',(0.0,1.0,0.0));
#3179=DIRECTION('',(0.0,0.0,1.0));
#3180=DIRECTION('',(0.0,0.0,-1.0));
#3181=CARTESIAN_POINT('',(-0.9525,-1.27,2.0955));
#3182=DIRECTION('',(1.0,0.0,0.0));
#3183=DIRECTION('',(0.0,-1.0,0.0));
#3184=DIRECTION('',(0.0,1.0,0.0));
#3185=DIRECTION('',(0.0,-1.0,0.0));
#3186=CARTESIAN_POINT('',(-0.9525,-1.27,2.0955));
#3187=DIRECTION('',(-1.0,0.0,0.0));
#3188=DIRECTION('',(0.0,0.0,-1.0));
#3189=DIRECTION('',(0.0,0.0,1.0));
#3190=DIRECTION('',(0.0,-1.0,0.0));
#3191=DIRECTION('',(0.0,0.0,1.0));
#3192=CARTESIAN_POINT('',(-0.9525,-1.27,-2.0955));
#3193=DIRECTION('',(-1.0,0.0,0.0));
#3194=DIRECTION('',(0.0,-1.0,0.0));
#3195=DIRECTION('',(0.0,1.0,0.0));
#3196=DIRECTION('',(0.0,-1.0,0.0));
#3197=CARTESIAN_POINT('',(-0.9525,-1.27,-2.0955));
#3198=DIRECTION('',(1.0,0.0,-0.0));
#3199=DIRECTION('',(0.0,0.0,1.0));
#3200=DIRECTION('',(0.0,0.0,-1.0));
#3201=DIRECTION('',(0.0,1.0,0.0));
#3202=DIRECTION('',(0.408248290463896,-0.816496580927693,0.408248290463896));
#3203=DIRECTION('',(-1.0,0.0,0.0));
#3204=DIRECTION('',(-0.408248290463896,0.816496580927693,0.408248290463896));
#3205=DIRECTION('',(0.0,0.0,1.0));
#3206=DIRECTION('',(-0.408248290463896,0.816496580927693,-0.408248290463896));
#3207=DIRECTION('',(0.408248290463896,0.816496580927693,-0.408248290463896));
#3208=DIRECTION('',(-1.0,0.0,0.0));
#3209=DIRECTION('',(-1.0,0.0,0.0));
#3210=DIRECTION('',(-1.0,0.0,0.0));
#3211=DIRECTION('',(0.0,0.0,-1.0));
#3212=DIRECTION('',(0.408248290463896,0.816496580927693,0.408248290463896));
#3213=DIRECTION('',(-1.0,0.0,0.0));
#3214=DIRECTION('',(-0.408248290463896,0.408248290463896,0.816496580927693));
#3215=DIRECTION('',(-0.408248290463896,-0.408248290463896,0.816496580927693));
#3216=DIRECTION('',(0.0,-1.0,0.0));
#3217=DIRECTION('',(0.0,1.0,0.0));
#3218=DIRECTION('',(-1.0,0.0,0.0));
#3219=DIRECTION('',(-1.0,0.0,0.0));
#3220=DIRECTION('',(-1.0,0.0,0.0));
#3221=DIRECTION('',(0.408248290463896,-0.408248290463896,0.816496580927693));
#3222=DIRECTION('',(0.408248290463896,0.408248290463896,0.816496580927693));
#3223=DIRECTION('',(-1.0,0.0,0.0));
#3224=DIRECTION('',(1.0,0.0,0.0));
#3225=DIRECTION('',(1.0,0.0,0.0));
#3226=DIRECTION('',(1.0,0.0,0.0));
#3227=DIRECTION('',(1.0,0.0,0.0));
#3228=DIRECTION('',(0.408248290463896,0.408248290463896,0.816496580927693));
#3229=DIRECTION('',(-0.408248290463896,0.408248290463896,-0.816496580927693));
#3230=DIRECTION('',(0.0,1.0,0.0));
#3231=DIRECTION('',(-1.0,0.0,0.0));
#3232=DIRECTION('',(0.0,-1.0,0.0));
#3233=DIRECTION('',(-1.0,0.0,0.0));
#3234=DIRECTION('',(0.408248290463896,-0.408248290463896,-0.816496580927693));
#3235=DIRECTION('',(-1.0,0.0,0.0));
#3236=DIRECTION('',(1.0,0.0,0.0));
#3237=DIRECTION('',(1.0,0.0,0.0));
#3238=DIRECTION('',(-0.408248290463896,-0.408248290463896,0.816496580927693));
#3239=DIRECTION('',(-1.0,0.0,0.0));
#3240=DIRECTION('',(1.0,0.0,0.0));
#3241=DIRECTION('',(1.0,0.0,0.0));
ENDSEC;
END-ISO-10303-21;
