ISO-10303-21;
HEADER;
FILE_DESCRIPTION (( 'STEP AP203' ),
    '1' );
FILE_NAME ('14-37FSV30-PP-0.750.STEP',
    '2025-01-22T19:42:59',
    ( '' ),
    ( '' ),
    'SwSTEP 2.0',
    'SolidWorks 2022',
    '' );
FILE_SCHEMA (( 'CONFIG_CONTROL_DESIGN' ));
ENDSEC;

DATA;
#1 = CARTESIAN_POINT ( 'NONE',  ( 9.397999999999999687, 8.128000000000000114, -9.525000000000000355 ) ) ;
#2 = CARTESIAN_POINT ( 'NONE',  ( 9.397999999999999687, 8.128000000000000114, -3.454399999999999693 ) ) ;
#3 = VERTEX_POINT ( 'NONE', #827 ) ;
#4 = ORIENTED_EDGE ( 'NONE', *, *, #858, .F. ) ;
#5 = EDGE_CURVE ( 'NONE', #1590, #568, #272, .T. ) ;
#6 = DIRECTION ( 'NONE',  ( 0.000000000000000000, -0.000000000000000000, -1.000000000000000000 ) ) ;
#7 = ORIENTED_EDGE ( 'NONE', *, *, #1555, .T. ) ;
#8 = CARTESIAN_POINT ( 'NONE',  ( 0.07620000000000543006, 2.920999999999999819, -6.349999999999999645 ) ) ;
#9 = DIRECTION ( 'NONE',  ( -0.000000000000000000, 0.000000000000000000, -1.000000000000000000 ) ) ;
#10 = DIRECTION ( 'NONE',  ( 0.000000000000000000, 0.000000000000000000, 1.000000000000000000 ) ) ;
#11 = ORIENTED_EDGE ( 'NONE', *, *, #1509, .T. ) ;
#12 = DIRECTION ( 'NONE',  ( -1.000000000000000000, -2.085533887248126455E-15, 0.000000000000000000 ) ) ;
#13 = CARTESIAN_POINT ( 'NONE',  ( 0.5465482029684771703, 8.051800000000000068, -9.245599999999999596 ) ) ;
#14 = ORIENTED_EDGE ( 'NONE', *, *, #1122, .F. ) ;
#15 = DIRECTION ( 'NONE',  ( 0.000000000000000000, 0.000000000000000000, -1.000000000000000000 ) ) ;
#16 = ADVANCED_FACE ( 'NONE', ( #1854 ), #1261, .T. ) ;
#17 = DIRECTION ( 'NONE',  ( 1.000000000000000000, 0.000000000000000000, 0.000000000000000000 ) ) ;
#18 = LINE ( 'NONE', #718, #1757 ) ;
#19 = ORIENTED_EDGE ( 'NONE', *, *, #846, .F. ) ;
#20 = CARTESIAN_POINT ( 'NONE',  ( 0.5000000000000001110, 8.128000000000000114, -9.245599999999999596 ) ) ;
#21 = EDGE_CURVE ( 'NONE', #973, #712, #668, .T. ) ;
#22 = CARTESIAN_POINT ( 'NONE',  ( 0.000000000000000000, 7.094565553844713435, 3.454399999999999693 ) ) ;
#23 = AXIS2_PLACEMENT_3D ( 'NONE', #377, #1514, #1539 ) ;
#24 = VECTOR ( 'NONE', #1113, 1000.000000000000000 ) ;
#25 = APPROVAL_PERSON_ORGANIZATION ( #1283, #1288, #149 ) ;
#26 = VECTOR ( 'NONE', #86, 1000.000000000000000 ) ;
#27 = LINE ( 'NONE', #174, #1032 ) ;
#28 = CARTESIAN_POINT ( 'NONE',  ( 38.10000000000000142, 7.094565553844713435, -3.454399999999999693 ) ) ;
#29 = CARTESIAN_POINT ( 'NONE',  ( 0.000000000000000000, 2.920999999999999819, -6.349999999999999645 ) ) ;
#30 = AXIS2_PLACEMENT_3D ( 'NONE', #1136, #1502, #164 ) ;
#31 = VERTEX_POINT ( 'NONE', #1528 ) ;
#32 = CIRCLE ( 'NONE', #1829, 2.830191362257992171 ) ;
#33 = ORIENTED_EDGE ( 'NONE', *, *, #1110, .T. ) ;
#34 = CARTESIAN_POINT ( 'NONE',  ( 0.5465482029684771703, 8.051800000000000068, -3.454399999999999693 ) ) ;
#35 = EDGE_CURVE ( 'NONE', #505, #862, #1320, .T. ) ;
#36 = VERTEX_POINT ( 'NONE', #1597 ) ;
#37 = ORIENTED_EDGE ( 'NONE', *, *, #270, .T. ) ;
#38 = ORIENTED_EDGE ( 'NONE', *, *, #1277, .F. ) ;
#39 = CARTESIAN_POINT ( 'NONE',  ( 3.999999999999999112, 8.749808637742008344, 9.525000000000000355 ) ) ;
#40 = CARTESIAN_POINT ( 'NONE',  ( 38.10000000000000142, 12.01732996637347384, 9.245599999999997820 ) ) ;
#41 = DIRECTION ( 'NONE',  ( 0.000000000000000000, -1.000000000000000000, 0.000000000000000000 ) ) ;
#42 = ADVANCED_FACE ( 'NONE', ( #450 ), #315, .T. ) ;
#43 = DIRECTION ( 'NONE',  ( 0.000000000000000000, 0.000000000000000000, 1.000000000000000000 ) ) ;
#44 = ORIENTED_EDGE ( 'NONE', *, *, #1756, .T. ) ;
#45 = EDGE_CURVE ( 'NONE', #1449, #1750, #74, .T. ) ;
#46 = DIRECTION ( 'NONE',  ( -0.000000000000000000, 1.000000000000000000, -0.000000000000000000 ) ) ;
#47 = VERTEX_POINT ( 'NONE', #1179 ) ;
#48 = CARTESIAN_POINT ( 'NONE',  ( 38.10000000000000142, 7.094565553844713435, 3.454399999999999693 ) ) ;
#49 = CARTESIAN_POINT ( 'NONE',  ( 0.07619999999999998996, 0.000000000000000000, -9.525000000000000355 ) ) ;
#50 = CARTESIAN_POINT ( 'NONE',  ( 0.07619999999999998996, 8.051800000000000068, -9.525000000000000355 ) ) ;
#51 = FACE_OUTER_BOUND ( 'NONE', #1455, .T. ) ;
#52 = ORIENTED_EDGE ( 'NONE', *, *, #553, .T. ) ;
#53 = CARTESIAN_POINT ( 'NONE',  ( 0.000000000000000000, 0.000000000000000000, -9.525000000000000355 ) ) ;
#54 = ORIENTED_EDGE ( 'NONE', *, *, #327, .T. ) ;
#55 = LINE ( 'NONE', #616, #1243 ) ;
#56 = DIRECTION ( 'NONE',  ( 0.4564937693317858147, 0.8897266088868300837, 0.000000000000000000 ) ) ;
#57 = EDGE_CURVE ( 'NONE', #603, #1304, #786, .T. ) ;
#58 = EDGE_CURVE ( 'NONE', #600, #973, #138, .T. ) ;
#59 = VECTOR ( 'NONE', #557, 1000.000000000000000 ) ;
#60 = AXIS2_PLACEMENT_3D ( 'NONE', #381, #513, #1228 ) ;
#61 = PERSON_AND_ORGANIZATION ( #955, #852 ) ;
#62 = EDGE_LOOP ( 'NONE', ( #1318, #1126, #932, #109 ) ) ;
#63 = VECTOR ( 'NONE', #251, 1000.000000000000000 ) ;
#64 = DIRECTION ( 'NONE',  ( -1.000000000000000000, 0.000000000000000000, 0.000000000000000000 ) ) ;
#65 = LINE ( 'NONE', #1457, #1123 ) ;
#66 = LINE ( 'NONE', #1775, #147 ) ;
#67 = LINE ( 'NONE', #1776, #1096 ) ;
#68 = DIRECTION ( 'NONE',  ( -1.000000000000000000, 0.000000000000000000, 0.000000000000000000 ) ) ;
#69 = CARTESIAN_POINT ( 'NONE',  ( 5.957173215657877385, 10.68731771573442479, 9.245599999999997820 ) ) ;
#70 = EDGE_CURVE ( 'NONE', #1515, #376, #1611, .T. ) ;
#71 = VERTEX_POINT ( 'NONE', #1641 ) ;
#72 = CARTESIAN_POINT ( 'NONE',  ( 1.549700604354575795, 10.00698853540633948, -2.895599999999999064 ) ) ;
#73 = CARTESIAN_POINT ( 'NONE',  ( 5.957173215657877385, 10.68731771573442479, -9.245599999999999596 ) ) ;
#74 = LINE ( 'NONE', #1328, #873 ) ;
#75 = EDGE_LOOP ( 'NONE', ( #229, #1152, #295, #1015 ) ) ;
#76 = DIRECTION ( 'NONE',  ( 0.000000000000000000, 0.000000000000000000, 1.000000000000000000 ) ) ;
#77 = ORIENTED_EDGE ( 'NONE', *, *, #689, .F. ) ;
#78 = ADVANCED_FACE ( 'NONE', ( #1755, #773, #198, #1787 ), #469, .T. ) ;
#79 = FACE_OUTER_BOUND ( 'NONE', #1651, .T. ) ;
#80 = DIRECTION ( 'NONE',  ( 1.000000000000000000, -0.000000000000000000, 0.000000000000000000 ) ) ;
#81 = DIRECTION ( 'NONE',  ( 1.000000000000000000, 0.000000000000000000, 0.000000000000000000 ) ) ;
#82 = ORIENTED_EDGE ( 'NONE', *, *, #1042, .F. ) ;
#83 = DIRECTION ( 'NONE',  ( 1.000000000000000000, 0.000000000000000000, 0.000000000000000000 ) ) ;
#84 = LINE ( 'NONE', #343, #118 ) ;
#85 = AXIS2_PLACEMENT_3D ( 'NONE', #820, #516, #1824 ) ;
#86 = DIRECTION ( 'NONE',  ( 1.000000000000000000, -0.000000000000000000, 0.000000000000000000 ) ) ;
#87 = VECTOR ( 'NONE', #1285, 1000.000000000000000 ) ;
#88 = LINE ( 'NONE', #968, #588 ) ;
#89 = EDGE_LOOP ( 'NONE', ( #1650, #98, #145, #788 ) ) ;
#90 = VECTOR ( 'NONE', #416, 1000.000000000000000 ) ;
#91 = LINE ( 'NONE', #654, #1394 ) ;
#92 = DIRECTION ( 'NONE',  ( 0.000000000000000000, 0.000000000000000000, -1.000000000000000000 ) ) ;
#93 = ADVANCED_FACE ( 'NONE', ( #1799 ), #1341, .F. ) ;
#94 = VERTEX_POINT ( 'NONE', #1076 ) ;
#95 = ORIENTED_EDGE ( 'NONE', *, *, #250, .T. ) ;
#96 = CARTESIAN_POINT ( 'NONE',  ( 3.999999999999999112, 7.094565553844713435, -9.525000000000000355 ) ) ;
#97 = CARTESIAN_POINT ( 'NONE',  ( 3.999999999999999112, 8.749808637742008344, -9.525000000000000355 ) ) ;
#98 = ORIENTED_EDGE ( 'NONE', *, *, #766, .T. ) ;
#99 = CARTESIAN_POINT ( 'NONE',  ( 0.000000000000000000, 8.128000000000000114, -3.454399999999999693 ) ) ;
#100 = EDGE_CURVE ( 'NONE', #156, #840, #1039, .T. ) ;
#101 = ORIENTED_EDGE ( 'NONE', *, *, #753, .T. ) ;
#102 = EDGE_CURVE ( 'NONE', #1358, #1648, #1622, .T. ) ;
#103 = DIRECTION ( 'NONE',  ( 1.000000000000000000, 0.000000000000000000, 0.000000000000000000 ) ) ;
#104 = DIRECTION ( 'NONE',  ( 2.085533887248126455E-15, -1.000000000000000000, 0.000000000000000000 ) ) ;
#105 = ORIENTED_EDGE ( 'NONE', *, *, #1470, .T. ) ;
#106 = CARTESIAN_POINT ( 'NONE',  ( 9.397999999999999687, 8.128000000000000114, -3.454399999999999693 ) ) ;
#107 = FACE_OUTER_BOUND ( 'NONE', #1150, .T. ) ;
#108 = ORIENTED_EDGE ( 'NONE', *, *, #1748, .F. ) ;
#109 = ORIENTED_EDGE ( 'NONE', *, *, #680, .F. ) ;
#110 = FACE_OUTER_BOUND ( 'NONE', #1540, .T. ) ;
#111 = APPLICATION_CONTEXT ( 'configuration controlled 3d designs of mechanical parts and assemblies' ) ;
#112 = ADVANCED_FACE ( 'NONE', ( #342 ), #901, .T. ) ;
#113 = DIRECTION ( 'NONE',  ( -1.000000000000000000, 0.000000000000000000, 0.000000000000000000 ) ) ;
#114 = VECTOR ( 'NONE', #313, 1000.000000000000000 ) ;
#115 = FACE_OUTER_BOUND ( 'NONE', #986, .T. ) ;
#116 = AXIS2_PLACEMENT_3D ( 'NONE', #1774, #895, #1794 ) ;
#117 = VECTOR ( 'NONE', #289, 1000.000000000000000 ) ;
#118 = VECTOR ( 'NONE', #1200, 1000.000000000000000 ) ;
#119 = DIRECTION ( 'NONE',  ( 0.000000000000000000, 1.000000000000000000, 0.000000000000000000 ) ) ;
#120 = ORIENTED_EDGE ( 'NONE', *, *, #366, .T. ) ;
#121 = CARTESIAN_POINT ( 'NONE',  ( 5.957173215657877385, 10.68731771573442479, 3.454399999999999693 ) ) ;
#122 = ADVANCED_FACE ( 'NONE', ( #803 ), #953, .F. ) ;
#123 = PLANE ( 'NONE',  #1067 ) ;
#124 = FACE_OUTER_BOUND ( 'NONE', #900, .T. ) ;
#125 = DIRECTION ( 'NONE',  ( 0.000000000000000000, -1.000000000000000000, 0.000000000000000000 ) ) ;
#126 = ORIENTED_EDGE ( 'NONE', *, *, #730, .T. ) ;
#127 = ORIENTED_EDGE ( 'NONE', *, *, #1459, .F. ) ;
#128 = VERTEX_POINT ( 'NONE', #1010 ) ;
#129 = CARTESIAN_POINT ( 'NONE',  ( 9.397999999999999687, 8.128000000000000114, -9.525000000000000355 ) ) ;
#130 = DIRECTION ( 'NONE',  ( 1.000000000000000000, 0.000000000000000000, 0.000000000000000000 ) ) ;
#131 = EDGE_CURVE ( 'NONE', #1424, #146, #1168, .T. ) ;
#132 = CARTESIAN_POINT ( 'NONE',  ( 5.957173215657877385, 10.68731771573442479, 3.454399999999999693 ) ) ;
#133 = CARTESIAN_POINT ( 'NONE',  ( 0.000000000000000000, 8.128000000000000114, 9.245599999999994267 ) ) ;
#134 = EDGE_CURVE ( 'NONE', #1590, #1358, #720, .T. ) ;
#135 = CARTESIAN_POINT ( 'NONE',  ( 8.566211321530822431, 8.051800000000000068, 3.454399999999999693 ) ) ;
#136 = CARTESIAN_POINT ( 'NONE',  ( 0.5000000000000000000, 8.128000000000000114, -9.525000000000000355 ) ) ;
#137 = EDGE_LOOP ( 'NONE', ( #1112, #1049, #38, #1436 ) ) ;
#138 = CIRCLE ( 'NONE', #434, 2.753991362257990794 ) ;
#139 = CARTESIAN_POINT ( 'NONE',  ( 0.07619999999999998996, 8.051800000000000068, -9.245599999999999596 ) ) ;
#140 = LINE ( 'NONE', #1569, #1153 ) ;
#141 = LOCAL_TIME ( 14, 42, 59.00000000000000000, #1770 ) ;
#142 = VECTOR ( 'NONE', #1431, 1000.000000000000000 ) ;
#143 = EDGE_CURVE ( 'NONE', #1000, #578, #867, .T. ) ;
#144 = VECTOR ( 'NONE', #1345, 1000.000000000000000 ) ;
#145 = ORIENTED_EDGE ( 'NONE', *, *, #1473, .F. ) ;
#146 = VERTEX_POINT ( 'NONE', #20 ) ;
#147 = VECTOR ( 'NONE', #80, 1000.000000000000000 ) ;
#148 = ORIENTED_EDGE ( 'NONE', *, *, #1343, .F. ) ;
#149 = APPROVAL_ROLE ( '' ) ;
#150 = DIRECTION ( 'NONE',  ( 0.000000000000000000, 0.000000000000000000, 1.000000000000000000 ) ) ;
#151 = ORIENTED_EDGE ( 'NONE', *, *, #348, .F. ) ;
#152 = CARTESIAN_POINT ( 'NONE',  ( 3.999999999999999112, 7.094565553844713435, 9.525000000000000355 ) ) ;
#153 = LINE ( 'NONE', #279, #1759 ) ;
#154 = EDGE_CURVE ( 'NONE', #752, #1515, #1018, .T. ) ;
#155 = EDGE_CURVE ( 'NONE', #888, #1743, #1143, .T. ) ;
#156 = VERTEX_POINT ( 'NONE', #1273 ) ;
#157 = DATE_TIME_ROLE ( 'creation_date' ) ;
#158 = ORIENTED_EDGE ( 'NONE', *, *, #1226, .F. ) ;
#159 = LINE ( 'NONE', #152, #1390 ) ;
#160 = VERTEX_POINT ( 'NONE', #1696 ) ;
#161 = ORIENTED_EDGE ( 'NONE', *, *, #298, .F. ) ;
#162 = EDGE_CURVE ( 'NONE', #844, #600, #1262, .T. ) ;
#163 = FACE_OUTER_BOUND ( 'NONE', #1072, .T. ) ;
#164 = DIRECTION ( 'NONE',  ( 1.000000000000000000, 0.000000000000000000, 0.000000000000000000 ) ) ;
#165 = ORIENTED_EDGE ( 'NONE', *, *, #143, .F. ) ;
#166 = EDGE_CURVE ( 'NONE', #1476, #1336, #1856, .T. ) ;
#167 = ORIENTED_EDGE ( 'NONE', *, *, #1820, .T. ) ;
#168 = DIRECTION ( 'NONE',  ( 1.000000000000000000, 2.085533887248126455E-15, 0.000000000000000000 ) ) ;
#169 = VECTOR ( 'NONE', #1411, 1000.000000000000000 ) ;
#170 =( GEOMETRIC_REPRESENTATION_CONTEXT ( 3 ) GLOBAL_UNCERTAINTY_ASSIGNED_CONTEXT ( ( #240 ) ) GLOBAL_UNIT_ASSIGNED_CONTEXT ( ( #995, #581, #861 ) ) REPRESENTATION_CONTEXT ( 'NONE', 'WORKASPACE' ) );
#171 = CARTESIAN_POINT ( 'NONE',  ( 0.5465482029684771703, 8.051800000000000068, -9.525000000000000355 ) ) ;
#172 = CARTESIAN_POINT ( 'NONE',  ( 0.07620000000000543006, 2.920999999999999819, 0.7619999999999961249 ) ) ;
#173 = AXIS2_PLACEMENT_3D ( 'NONE', #884, #1175, #1624 ) ;
#174 = CARTESIAN_POINT ( 'NONE',  ( 0.000000000000000000, 7.094565553844713435, 9.245599999999997820 ) ) ;
#175 = AXIS2_PLACEMENT_3D ( 'NONE', #1471, #341, #43 ) ;
#176 = EDGE_CURVE ( 'NONE', #973, #1304, #427, .T. ) ;
#177 = DIRECTION ( 'NONE',  ( -1.000000000000000000, 0.000000000000000000, 0.000000000000000000 ) ) ;
#178 = FACE_OUTER_BOUND ( 'NONE', #558, .T. ) ;
#179 = CARTESIAN_POINT ( 'NONE',  ( 38.10000000000000142, 2.920999999999999819, 0.000000000000000000 ) ) ;
#180 = CYLINDRICAL_SURFACE ( 'NONE', #504, 0.7619999999999953477 ) ;
#181 = ORIENTED_EDGE ( 'NONE', *, *, #1118, .T. ) ;
#182 = CARTESIAN_POINT ( 'NONE',  ( 0.07619999999999998996, 0.000000000000000000, 3.454399999999999693 ) ) ;
#183 = DIRECTION ( 'NONE',  ( 1.000000000000000000, 0.000000000000000000, -0.000000000000000000 ) ) ;
#184 = CC_DESIGN_PERSON_AND_ORGANIZATION_ASSIGNMENT ( #291, #303, ( #577 ) ) ;
#185 = ORIENTED_EDGE ( 'NONE', *, *, #1445, .F. ) ;
#186 = ORIENTED_EDGE ( 'NONE', *, *, #1662, .T. ) ;
#187 = LINE ( 'NONE', #897, #297 ) ;
#188 = EDGE_CURVE ( 'NONE', #673, #1674, #1139, .T. ) ;
#189 = ORIENTED_EDGE ( 'NONE', *, *, #474, .T. ) ;
#190 = ORIENTED_EDGE ( 'NONE', *, *, #1251, .F. ) ;
#191 = DIRECTION ( 'NONE',  ( 0.000000000000000000, 1.000000000000000000, 0.000000000000000000 ) ) ;
#192 = PLANE ( 'NONE',  #1418 ) ;
#193 = CYLINDRICAL_SURFACE ( 'NONE', #832, 2.830191362257992171 ) ;
#194 = FACE_OUTER_BOUND ( 'NONE', #1695, .T. ) ;
#195 = ORIENTED_EDGE ( 'NONE', *, *, #1761, .T. ) ;
#196 = DIRECTION ( 'NONE',  ( 0.000000000000000000, 0.000000000000000000, 1.000000000000000000 ) ) ;
#197 = CARTESIAN_POINT ( 'NONE',  ( 1.481903436757398218, 10.04177336062942061, -9.245599999999999596 ) ) ;
#198 = FACE_BOUND ( 'NONE', #556, .T. ) ;
#199 = EDGE_CURVE ( 'NONE', #583, #1090, #879, .T. ) ;
#200 = VECTOR ( 'NONE', #1131, 1000.000000000000000 ) ;
#201 = AXIS2_PLACEMENT_3D ( 'NONE', #948, #1360, #1223 ) ;
#202 = VECTOR ( 'NONE', #1456, 1000.000000000000000 ) ;
#203 = CIRCLE ( 'NONE', #175, 0.7619999999999961249 ) ;
#204 = FACE_OUTER_BOUND ( 'NONE', #75, .T. ) ;
#205 = ORIENTED_EDGE ( 'NONE', *, *, #1290, .F. ) ;
#206 = AXIS2_PLACEMENT_3D ( 'NONE', #1301, #1760, #1025 ) ;
#207 = DIRECTION ( 'NONE',  ( -1.000000000000000000, -1.838805141352142777E-15, 0.000000000000000000 ) ) ;
#208 = LINE ( 'NONE', #769, #978 ) ;
#209 = CARTESIAN_POINT ( 'NONE',  ( 9.397999999999999687, 8.128000000000000114, -9.525000000000000355 ) ) ;
#210 = CARTESIAN_POINT ( 'NONE',  ( 0.07620000000000543006, 2.920999999999999819, 7.111999999999994770 ) ) ;
#211 = ORIENTED_EDGE ( 'NONE', *, *, #1045, .F. ) ;
#212 = LINE ( 'NONE', #1222, #734 ) ;
#213 = CARTESIAN_POINT ( 'NONE',  ( 38.10000000000000142, 7.094565553844713435, -9.245599999999999596 ) ) ;
#214 = DIRECTION ( 'NONE',  ( -0.000000000000000000, 0.000000000000000000, 1.000000000000000000 ) ) ;
#215 = CARTESIAN_POINT ( 'NONE',  ( 0.000000000000000000, 2.920999999999999819, 6.349999999999999645 ) ) ;
#216 = EDGE_CURVE ( 'NONE', #1310, #732, #1155, .T. ) ;
#217 = ORIENTED_EDGE ( 'NONE', *, *, #425, .T. ) ;
#218 = LINE ( 'NONE', #1751, #1366 ) ;
#219 = CARTESIAN_POINT ( 'NONE',  ( 0.000000000000000000, 2.920999999999999819, 5.588000000000004519 ) ) ;
#220 = ORIENTED_EDGE ( 'NONE', *, *, #763, .F. ) ;
#221 = LINE ( 'NONE', #213, #326 ) ;
#222 = DIRECTION ( 'NONE',  ( 0.000000000000000000, -1.000000000000000000, 0.000000000000000000 ) ) ;
#223 = ORIENTED_EDGE ( 'NONE', *, *, #1769, .F. ) ;
#224 = EDGE_CURVE ( 'NONE', #946, #371, #579, .T. ) ;
#225 = CYLINDRICAL_SURFACE ( 'NONE', #1213, 2.753991362257990794 ) ;
#226 = EDGE_LOOP ( 'NONE', ( #956, #423, #1458, #714 ) ) ;
#227 = CARTESIAN_POINT ( 'NONE',  ( 0.5000000000000001110, 8.128000000000000114, 9.245599999999997820 ) ) ;
#228 = ORIENTED_EDGE ( 'NONE', *, *, #543, .F. ) ;
#229 = ORIENTED_EDGE ( 'NONE', *, *, #1680, .T. ) ;
#230 = DIRECTION ( 'NONE',  ( 0.000000000000000000, -1.000000000000000000, 0.000000000000000000 ) ) ;
#231 = VERTEX_POINT ( 'NONE', #1024 ) ;
#232 = VECTOR ( 'NONE', #1379, 1000.000000000000000 ) ;
#233 = CIRCLE ( 'NONE', #1267, 2.830191362257992171 ) ;
#234 = AXIS2_PLACEMENT_3D ( 'NONE', #958, #392, #367 ) ;
#235 = LINE ( 'NONE', #1103, #266 ) ;
#236 = EDGE_LOOP ( 'NONE', ( #1408, #19, #1786, #1034 ) ) ;
#237 = ADVANCED_FACE ( 'NONE', ( #870 ), #192, .T. ) ;
#238 = VECTOR ( 'NONE', #1404, 1000.000000000000000 ) ;
#239 = ADVANCED_FACE ( 'NONE', ( #1612 ), #607, .T. ) ;
#240 = UNCERTAINTY_MEASURE_WITH_UNIT (LENGTH_MEASURE( 1.000000000000000082E-05 ), #995, 'distance_accuracy_value', 'NONE');
#241 = ORIENTED_EDGE ( 'NONE', *, *, #330, .F. ) ;
#242 = VERTEX_POINT ( 'NONE', #660 ) ;
#243 = ORIENTED_EDGE ( 'NONE', *, *, #998, .T. ) ;
#244 = CARTESIAN_POINT ( 'NONE',  ( 8.566211321530822431, 8.051800000000000068, -9.525000000000000355 ) ) ;
#245 = EDGE_LOOP ( 'NONE', ( #723, #1178, #220, #1221 ) ) ;
#246 = LINE ( 'NONE', #515, #1600 ) ;
#247 = DIRECTION ( 'NONE',  ( -1.000000000000000000, 0.000000000000000000, 0.000000000000000000 ) ) ;
#248 = CARTESIAN_POINT ( 'NONE',  ( 0.5000000000000000000, 8.128000000000000114, -9.525000000000000355 ) ) ;
#249 = DIRECTION ( 'NONE',  ( 1.000000000000000000, -0.000000000000000000, -0.000000000000000000 ) ) ;
#250 = EDGE_CURVE ( 'NONE', #783, #1254, #1809, .T. ) ;
#251 = DIRECTION ( 'NONE',  ( -1.000000000000000000, -2.085533887248126455E-15, 0.000000000000000000 ) ) ;
#252 = ORIENTED_EDGE ( 'NONE', *, *, #704, .T. ) ;
#253 = CARTESIAN_POINT ( 'NONE',  ( 0.000000000000000000, 8.128000000000000114, 2.895599999999999952 ) ) ;
#254 = ORIENTED_EDGE ( 'NONE', *, *, #1306, .F. ) ;
#255 = LINE ( 'NONE', #1519, #439 ) ;
#256 = ORIENTED_EDGE ( 'NONE', *, *, #694, .F. ) ;
#257 = EDGE_LOOP ( 'NONE', ( #1842, #992, #996, #815 ) ) ;
#258 = EDGE_LOOP ( 'NONE', ( #261, #254, #14, #1084 ) ) ;
#259 = LINE ( 'NONE', #545, #1191 ) ;
#260 = VERTEX_POINT ( 'NONE', #1385 ) ;
#261 = ORIENTED_EDGE ( 'NONE', *, *, #826, .F. ) ;
#262 = EDGE_CURVE ( 'NONE', #1690, #460, #1789, .T. ) ;
#263 = CARTESIAN_POINT ( 'NONE',  ( 9.397999999999999687, 8.051800000000001845, 9.245599999999994267 ) ) ;
#264 = CC_DESIGN_APPROVAL ( #1712, ( #1298 ) ) ;
#265 = DIRECTION ( 'NONE',  ( 0.000000000000000000, 0.000000000000000000, -1.000000000000000000 ) ) ;
#266 = VECTOR ( 'NONE', #938, 1000.000000000000000 ) ;
#267 = VECTOR ( 'NONE', #751, 1000.000000000000000 ) ;
#268 = ORIENTED_EDGE ( 'NONE', *, *, #162, .T. ) ;
#269 = AXIS2_PLACEMENT_3D ( 'NONE', #483, #1741, #1171 ) ;
#270 = EDGE_CURVE ( 'NONE', #1430, #1534, #1419, .T. ) ;
#271 = FACE_OUTER_BOUND ( 'NONE', #1119, .T. ) ;
#272 = LINE ( 'NONE', #129, #1598 ) ;
#273 = CARTESIAN_POINT ( 'NONE',  ( 9.397999999999999687, 8.051800000000001845, -9.525000000000000355 ) ) ;
#274 = EDGE_CURVE ( 'NONE', #1304, #1687, #1217, .T. ) ;
#275 = DIRECTION ( 'NONE',  ( 0.4564937693317857037, 0.8897266088868301948, 0.000000000000000000 ) ) ;
#276 = CARTESIAN_POINT ( 'NONE',  ( 0.000000000000000000, 8.128000000000000114, -9.245599999999999596 ) ) ;
#277 = CARTESIAN_POINT ( 'NONE',  ( 0.000000000000000000, 8.128000000000000114, -9.525000000000000355 ) ) ;
#278 = EDGE_LOOP ( 'NONE', ( #523, #287, #1638, #399 ) ) ;
#279 = CARTESIAN_POINT ( 'NONE',  ( 8.597999999999998977, 8.128000000000000114, 9.245599999999994267 ) ) ;
#280 = ORIENTED_EDGE ( 'NONE', *, *, #155, .F. ) ;
#281 = DIRECTION ( 'NONE',  ( 0.000000000000000000, 0.000000000000000000, 1.000000000000000000 ) ) ;
#282 = VERTEX_POINT ( 'NONE', #881 ) ;
#283 = LINE ( 'NONE', #1274, #1639 ) ;
#284 = EDGE_CURVE ( 'NONE', #460, #500, #27, .T. ) ;
#285 = CARTESIAN_POINT ( 'NONE',  ( 0.07619999999999998996, 8.051800000000000068, -9.525000000000000355 ) ) ;
#286 = ORIENTED_EDGE ( 'NONE', *, *, #428, .F. ) ;
#287 = ORIENTED_EDGE ( 'NONE', *, *, #1347, .F. ) ;
#288 = DIRECTION ( 'NONE',  ( -0.7106678846128245963, -0.7035276524628815142, 0.000000000000000000 ) ) ;
#289 = DIRECTION ( 'NONE',  ( 0.000000000000000000, 0.000000000000000000, 1.000000000000000000 ) ) ;
#290 = ORIENTED_EDGE ( 'NONE', *, *, #569, .T. ) ;
#291 = PERSON_AND_ORGANIZATION ( #955, #852 ) ;
#292 = CARTESIAN_POINT ( 'NONE',  ( 0.000000000000000000, 2.920999999999999819, 7.111999999999994770 ) ) ;
#293 = DIRECTION ( 'NONE',  ( 0.000000000000000000, 0.000000000000000000, 1.000000000000000000 ) ) ;
#294 = EDGE_CURVE ( 'NONE', #47, #1812, #1163, .T. ) ;
#295 = ORIENTED_EDGE ( 'NONE', *, *, #1088, .T. ) ;
#296 = AXIS2_PLACEMENT_3D ( 'NONE', #179, #495, #1317 ) ;
#297 = VECTOR ( 'NONE', #322, 1000.000000000000000 ) ;
#298 = EDGE_CURVE ( 'NONE', #732, #1310, #1576, .T. ) ;
#299 = ORIENTED_EDGE ( 'NONE', *, *, #789, .T. ) ;
#300 = VECTOR ( 'NONE', #546, 1000.000000000000000 ) ;
#301 = CARTESIAN_POINT ( 'NONE',  ( 0.07619999999999998996, 0.000000000000000000, -2.895599999999999952 ) ) ;
#302 = VERTEX_POINT ( 'NONE', #1312 ) ;
#303 = PERSON_AND_ORGANIZATION_ROLE ( 'creator' ) ;
#304 = ORIENTED_EDGE ( 'NONE', *, *, #474, .F. ) ;
#305 = LINE ( 'NONE', #713, #1797 ) ;
#306 = ORIENTED_EDGE ( 'NONE', *, *, #224, .T. ) ;
#307 = EDGE_CURVE ( 'NONE', #752, #329, #656, .T. ) ;
#308 = EDGE_LOOP ( 'NONE', ( #241, #1064, #4, #728 ) ) ;
#309 = EDGE_CURVE ( 'NONE', #1691, #848, #589, .T. ) ;
#310 = LINE ( 'NONE', #69, #942 ) ;
#311 = ORIENTED_EDGE ( 'NONE', *, *, #750, .T. ) ;
#312 = EDGE_LOOP ( 'NONE', ( #1012, #1710, #804, #95, #954, #466, #1790, #268, #1265, #641, #101, #1529, #548, #451 ) ) ;
#313 = DIRECTION ( 'NONE',  ( 0.000000000000000000, 0.000000000000000000, 1.000000000000000000 ) ) ;
#314 = ORIENTED_EDGE ( 'NONE', *, *, #680, .T. ) ;
#315 = PLANE ( 'NONE',  #379 ) ;
#316 = ORIENTED_EDGE ( 'NONE', *, *, #284, .F. ) ;
#317 = DIRECTION ( 'NONE',  ( 0.000000000000000000, 0.000000000000000000, -1.000000000000000000 ) ) ;
#318 = ADVANCED_FACE ( 'NONE', ( #110 ), #1068, .T. ) ;
#319 = ORIENTED_EDGE ( 'NONE', *, *, #1350, .F. ) ;
#320 = CARTESIAN_POINT ( 'NONE',  ( 8.566211321530822431, 8.051800000000000068, -2.895599999999999952 ) ) ;
#321 = DIRECTION ( 'NONE',  ( -1.000000000000000000, -0.000000000000000000, -0.000000000000000000 ) ) ;
#322 = DIRECTION ( 'NONE',  ( -0.000000000000000000, 1.000000000000000000, 0.000000000000000000 ) ) ;
#323 = DIRECTION ( 'NONE',  ( 0.000000000000000000, 0.000000000000000000, 1.000000000000000000 ) ) ;
#324 = AXIS2_PLACEMENT_3D ( 'NONE', #1531, #247, #1073 ) ;
#325 = CIRCLE ( 'NONE', #1300, 2.830191362257992171 ) ;
#326 = VECTOR ( 'NONE', #594, 1000.000000000000000 ) ;
#327 = EDGE_CURVE ( 'NONE', #1428, #231, #1643, .T. ) ;
#328 = DATE_AND_TIME ( #1603, #141 ) ;
#329 = VERTEX_POINT ( 'NONE', #49 ) ;
#330 = EDGE_CURVE ( 'NONE', #862, #1648, #610, .T. ) ;
#331 = DIRECTION ( 'NONE',  ( 0.000000000000000000, 0.000000000000000000, -1.000000000000000000 ) ) ;
#332 = PLANE ( 'NONE',  #116 ) ;
#333 = DIRECTION ( 'NONE',  ( 0.000000000000000000, -1.000000000000000000, 0.000000000000000000 ) ) ;
#334 = EDGE_LOOP ( 'NONE', ( #1297, #33, #1719, #444, #779, #1174, #631, #1807, #365, #775, #1595, #623, #1207, #1518 ) ) ;
#335 = CARTESIAN_POINT ( 'NONE',  ( 0.07619999999999998996, 0.000000000000000000, -9.525000000000000355 ) ) ;
#336 = DIRECTION ( 'NONE',  ( 0.000000000000000000, 0.000000000000000000, 1.000000000000000000 ) ) ;
#337 = DIRECTION ( 'NONE',  ( 0.000000000000000000, 0.000000000000000000, -1.000000000000000000 ) ) ;
#338 = CARTESIAN_POINT ( 'NONE',  ( 5.957173215657877385, 10.68731771573442479, -9.525000000000000355 ) ) ;
#339 = FACE_OUTER_BOUND ( 'NONE', #308, .T. ) ;
#340 = EDGE_CURVE ( 'NONE', #600, #1687, #1617, .T. ) ;
#341 = DIRECTION ( 'NONE',  ( -1.000000000000000000, 0.000000000000000000, 0.000000000000000000 ) ) ;
#342 = FACE_OUTER_BOUND ( 'NONE', #1164, .T. ) ;
#343 = CARTESIAN_POINT ( 'NONE',  ( 0.000000000000000000, 12.01732996637347384, -9.245599999999999596 ) ) ;
#344 = DIRECTION ( 'NONE',  ( 0.000000000000000000, 0.000000000000000000, 1.000000000000000000 ) ) ;
#345 = ORIENTED_EDGE ( 'NONE', *, *, #964, .T. ) ;
#346 = DIRECTION ( 'NONE',  ( -0.000000000000000000, 0.000000000000000000, -1.000000000000000000 ) ) ;
#347 = CARTESIAN_POINT ( 'NONE',  ( 5.957173215657877385, 10.68731771573442479, 9.245599999999994267 ) ) ;
#348 = EDGE_CURVE ( 'NONE', #1254, #1734, #625, .T. ) ;
#349 = DIRECTION ( 'NONE',  ( 0.7035276524628815142, -0.7106678846128245963, 0.000000000000000000 ) ) ;
#350 = LINE ( 'NONE', #911, #144 ) ;
#351 = DIRECTION ( 'NONE',  ( -1.000000000000000000, -0.000000000000000000, -0.000000000000000000 ) ) ;
#352 = AXIS2_PLACEMENT_3D ( 'NONE', #537, #1588, #1426 ) ;
#353 = EDGE_CURVE ( 'NONE', #36, #578, #905, .T. ) ;
#354 = CIRCLE ( 'NONE', #908, 2.753991362257990794 ) ;
#355 = LOCAL_TIME ( 14, 42, 59.00000000000000000, #1423 ) ;
#356 = VECTOR ( 'NONE', #1644, 1000.000000000000000 ) ;
#357 = AXIS2_PLACEMENT_3D ( 'NONE', #1409, #1268, #6 ) ;
#358 = ORIENTED_EDGE ( 'NONE', *, *, #952, .T. ) ;
#359 = VECTOR ( 'NONE', #939, 1000.000000000000000 ) ;
#360 = DIRECTION ( 'NONE',  ( 0.000000000000000000, 0.000000000000000000, 1.000000000000000000 ) ) ;
#361 = PLANE ( 'NONE',  #1271 ) ;
#362 = LINE ( 'NONE', #760, #764 ) ;
#363 = ORIENTED_EDGE ( 'NONE', *, *, #704, .F. ) ;
#364 = DIRECTION ( 'NONE',  ( 1.000000000000000000, 0.000000000000000000, 0.000000000000000000 ) ) ;
#365 = ORIENTED_EDGE ( 'NONE', *, *, #1459, .T. ) ;
#366 = EDGE_CURVE ( 'NONE', #675, #431, #67, .T. ) ;
#367 = DIRECTION ( 'NONE',  ( -1.000000000000000000, 0.000000000000000000, -0.000000000000000000 ) ) ;
#368 = DIRECTION ( 'NONE',  ( 0.000000000000000000, 0.000000000000000000, 1.000000000000000000 ) ) ;
#369 = CARTESIAN_POINT ( 'NONE',  ( 8.566211321530822431, 8.051800000000000068, -9.245599999999999596 ) ) ;
#370 = DIRECTION ( 'NONE',  ( -0.000000000000000000, 0.000000000000000000, 1.000000000000000000 ) ) ;
#371 = VERTEX_POINT ( 'NONE', #1697 ) ;
#372 = EDGE_CURVE ( 'NONE', #146, #959, #1234, .T. ) ;
#373 = DIRECTION ( 'NONE',  ( 0.000000000000000000, 1.000000000000000000, 0.000000000000000000 ) ) ;
#374 = CARTESIAN_POINT ( 'NONE',  ( 0.07620000000000543006, 2.920999999999999819, 6.349999999999999645 ) ) ;
#375 = LINE ( 'NONE', #412, #472 ) ;
#376 = VERTEX_POINT ( 'NONE', #574 ) ;
#377 = CARTESIAN_POINT ( 'NONE',  ( 8.566211321530822431, 8.051800000000000068, -9.525000000000000355 ) ) ;
#378 = CARTESIAN_POINT ( 'NONE',  ( 0.07619999999999998996, 0.000000000000000000, -9.525000000000000355 ) ) ;
#379 = AXIS2_PLACEMENT_3D ( 'NONE', #171, #1311, #795 ) ;
#380 = VERTEX_POINT ( 'NONE', #564 ) ;
#381 = CARTESIAN_POINT ( 'NONE',  ( 3.999999999999999112, 8.749808637742008344, -3.454399999999999693 ) ) ;
#382 = ORIENTED_EDGE ( 'NONE', *, *, #188, .T. ) ;
#383 = VECTOR ( 'NONE', #960, 1000.000000000000000 ) ;
#384 = CC_DESIGN_PERSON_AND_ORGANIZATION_ASSIGNMENT ( #1165, #1302, ( #1298 ) ) ;
#385 = DIRECTION ( 'NONE',  ( 0.000000000000000000, 0.000000000000000000, 1.000000000000000000 ) ) ;
#386 = FACE_OUTER_BOUND ( 'NONE', #1714, .T. ) ;
#387 = VECTOR ( 'NONE', #1355, 1000.000000000000000 ) ;
#388 = ADVANCED_FACE ( 'NONE', ( #487 ), #1634, .T. ) ;
#389 = CARTESIAN_POINT ( 'NONE',  ( 0.000000000000000000, 8.128000000000000114, -3.454399999999999693 ) ) ;
#390 = VERTEX_POINT ( 'NONE', #1315 ) ;
#391 = ORIENTED_EDGE ( 'NONE', *, *, #307, .F. ) ;
#392 = DIRECTION ( 'NONE',  ( 0.000000000000000000, 0.000000000000000000, -1.000000000000000000 ) ) ;
#393 = DIRECTION ( 'NONE',  ( -0.4564937693317858147, -0.8897266088868300837, 0.000000000000000000 ) ) ;
#394 = ORIENTED_EDGE ( 'NONE', *, *, #1652, .F. ) ;
#395 = CARTESIAN_POINT ( 'NONE',  ( 0.07619999999999998996, 0.000000000000000000, -9.525000000000000355 ) ) ;
#396 = DIRECTION ( 'NONE',  ( 0.000000000000000000, 0.000000000000000000, 1.000000000000000000 ) ) ;
#397 = ORIENTED_EDGE ( 'NONE', *, *, #1258, .F. ) ;
#398 = EDGE_CURVE ( 'NONE', #1740, #1428, #761, .T. ) ;
#399 = ORIENTED_EDGE ( 'NONE', *, *, #491, .T. ) ;
#400 = ORIENTED_EDGE ( 'NONE', *, *, #1473, .T. ) ;
#401 = ORIENTED_EDGE ( 'NONE', *, *, #21, .F. ) ;
#402 = ORIENTED_EDGE ( 'NONE', *, *, #511, .T. ) ;
#403 = ORIENTED_EDGE ( 'NONE', *, *, #398, .F. ) ;
#404 = CARTESIAN_POINT ( 'NONE',  ( 6.011326108465374851, 10.74092652285209581, -9.525000000000000355 ) ) ;
#405 = DIRECTION ( 'NONE',  ( 0.000000000000000000, 1.000000000000000000, 0.000000000000000000 ) ) ;
#406 = ORIENTED_EDGE ( 'NONE', *, *, #1582, .F. ) ;
#407 = APPROVAL ( #1410, 'UNSPECIFIED' ) ;
#408 = DIRECTION ( 'NONE',  ( -1.000000000000000000, 0.000000000000000000, 0.000000000000000000 ) ) ;
#409 = ORIENTED_EDGE ( 'NONE', *, *, #1570, .T. ) ;
#410 = FACE_OUTER_BOUND ( 'NONE', #740, .T. ) ;
#411 = VECTOR ( 'NONE', #919, 1000.000000000000114 ) ;
#412 = CARTESIAN_POINT ( 'NONE',  ( 6.011326108465376628, 10.74092652285209581, -9.525000000000000355 ) ) ;
#413 = VECTOR ( 'NONE', #1027, 1000.000000000000000 ) ;
#414 = VECTOR ( 'NONE', #1780, 1000.000000000000000 ) ;
#415 = ORIENTED_EDGE ( 'NONE', *, *, #1258, .T. ) ;
#416 = DIRECTION ( 'NONE',  ( 0.000000000000000000, 0.000000000000000000, -1.000000000000000000 ) ) ;
#417 = ADVANCED_FACE ( 'NONE', ( #904 ), #756, .F. ) ;
#418 = ORIENTED_EDGE ( 'NONE', *, *, #998, .F. ) ;
#419 = LINE ( 'NONE', #1402, #828 ) ;
#420 = ORIENTED_EDGE ( 'NONE', *, *, #1290, .T. ) ;
#421 = CARTESIAN_POINT ( 'NONE',  ( 1.481903436757398218, 10.04177336062942061, -3.454399999999999693 ) ) ;
#422 = LINE ( 'NONE', #1120, #24 ) ;
#423 = ORIENTED_EDGE ( 'NONE', *, *, #154, .F. ) ;
#424 = DIRECTION ( 'NONE',  ( 0.000000000000000000, 0.000000000000000000, 1.000000000000000000 ) ) ;
#425 = EDGE_CURVE ( 'NONE', #380, #1701, #325, .T. ) ;
#426 = DIRECTION ( 'NONE',  ( 1.000000000000000000, 0.000000000000000000, 0.000000000000000000 ) ) ;
#427 = LINE ( 'NONE', #842, #1727 ) ;
#428 = EDGE_CURVE ( 'NONE', #1435, #390, #1044, .T. ) ;
#429 = CARTESIAN_POINT ( 'NONE',  ( 9.397999999999999687, 8.128000000000000114, -2.895599999999999952 ) ) ;
#430 = ORIENTED_EDGE ( 'NONE', *, *, #1772, .T. ) ;
#431 = VERTEX_POINT ( 'NONE', #1593 ) ;
#432 = DATE_AND_TIME ( #1580, #355 ) ;
#433 = ORIENTED_EDGE ( 'NONE', *, *, #274, .T. ) ;
#434 = AXIS2_PLACEMENT_3D ( 'NONE', #1778, #214, #83 ) ;
#435 = FACE_OUTER_BOUND ( 'NONE', #258, .T. ) ;
#436 = LINE ( 'NONE', #597, #114 ) ;
#437 = EDGE_CURVE ( 'NONE', #500, #1515, #768, .T. ) ;
#438 = ORIENTED_EDGE ( 'NONE', *, *, #763, .T. ) ;
#439 = VECTOR ( 'NONE', #1805, 1000.000000000000000 ) ;
#440 = AXIS2_PLACEMENT_3D ( 'NONE', #461, #337, #64 ) ;
#441 = DIRECTION ( 'NONE',  ( -1.000000000000000000, -0.000000000000000000, -0.000000000000000000 ) ) ;
#442 = AXIS2_PLACEMENT_3D ( 'NONE', #40, #331, #463 ) ;
#443 = VECTOR ( 'NONE', #1255, 1000.000000000000000 ) ;
#444 = ORIENTED_EDGE ( 'NONE', *, *, #1615, .T. ) ;
#445 = DATE_AND_TIME ( #711, #1510 ) ;
#446 = ORIENTED_EDGE ( 'NONE', *, *, #899, .T. ) ;
#447 = LINE ( 'NONE', #1308, #1728 ) ;
#448 = ORIENTED_EDGE ( 'NONE', *, *, #1662, .F. ) ;
#449 = EDGE_CURVE ( 'NONE', #1678, #128, #1031, .T. ) ;
#450 = FACE_OUTER_BOUND ( 'NONE', #1840, .T. ) ;
#451 = ORIENTED_EDGE ( 'NONE', *, *, #1329, .T. ) ;
#452 = LINE ( 'NONE', #624, #413 ) ;
#453 = DIRECTION ( 'NONE',  ( -1.000000000000000000, 0.000000000000000000, 0.000000000000000000 ) ) ;
#454 = CARTESIAN_POINT ( 'NONE',  ( 38.10000000000000142, 2.920999999999999819, 6.349999999999999645 ) ) ;
#455 = ORIENTED_EDGE ( 'NONE', *, *, #739, .F. ) ;
#456 = EDGE_CURVE ( 'NONE', #1830, #3, #218, .T. ) ;
#457 = DIRECTION ( 'NONE',  ( 0.000000000000000000, 1.000000000000000000, 0.000000000000000000 ) ) ;
#458 = FACE_OUTER_BOUND ( 'NONE', #823, .T. ) ;
#459 = ORIENTED_EDGE ( 'NONE', *, *, #1490, .T. ) ;
#460 = VERTEX_POINT ( 'NONE', #1616 ) ;
#461 = CARTESIAN_POINT ( 'NONE',  ( 3.999999999999999112, 8.749808637742008344, 2.895599999999999952 ) ) ;
#462 = VECTOR ( 'NONE', #393, 1000.000000000000000 ) ;
#463 = DIRECTION ( 'NONE',  ( -1.000000000000000000, 0.000000000000000000, -0.000000000000000000 ) ) ;
#464 = DIRECTION ( 'NONE',  ( -0.7106678846128245963, -0.7035276524628815142, 0.000000000000000000 ) ) ;
#465 = LINE ( 'NONE', #604, #1307 ) ;
#466 = ORIENTED_EDGE ( 'NONE', *, *, #1823, .T. ) ;
#467 = APPROVAL_PERSON_ORGANIZATION ( #843, #407, #1272 ) ;
#468 = AXIS2_PLACEMENT_3D ( 'NONE', #39, #346, #177 ) ;
#469 = PLANE ( 'NONE',  #674 ) ;
#470 = VECTOR ( 'NONE', #880, 1000.000000000000000 ) ;
#471 = DIRECTION ( 'NONE',  ( 0.000000000000000000, 0.000000000000000000, 1.000000000000000000 ) ) ;
#472 = VECTOR ( 'NONE', #980, 1000.000000000000000 ) ;
#473 = CARTESIAN_POINT ( 'NONE',  ( 0.000000000000000000, 8.128000000000000114, -2.895599999999999952 ) ) ;
#474 = EDGE_CURVE ( 'NONE', #128, #505, #1364, .T. ) ;
#475 = COORDINATED_UNIVERSAL_TIME_OFFSET ( 5, 0, .BEHIND. ) ;
#476 = DIRECTION ( 'NONE',  ( 0.4564937693317858147, 0.8897266088868300837, 0.000000000000000000 ) ) ;
#477 = DIRECTION ( 'NONE',  ( 1.000000000000000000, 2.085533887248126455E-15, 0.000000000000000000 ) ) ;
#478 = LINE ( 'NONE', #770, #647 ) ;
#479 = EDGE_LOOP ( 'NONE', ( #228, #741, #286, #314, #1116, #1720, #1407, #971, #52, #1416, #418, #539, #1132, #1499, #1653, #1346 ) ) ;
#480 = DIRECTION ( 'NONE',  ( -0.4564937693317858147, -0.8897266088868300837, 0.000000000000000000 ) ) ;
#481 = CARTESIAN_POINT ( 'NONE',  ( 0.07620000000000543006, 2.920999999999999819, 0.000000000000000000 ) ) ;
#482 = EDGE_LOOP ( 'NONE', ( #1197, #552, #807, #1549 ) ) ;
#483 = CARTESIAN_POINT ( 'NONE',  ( 38.10000000000000142, 12.01732996637347384, 2.895599999999999952 ) ) ;
#484 = APPROVAL_DATE_TIME ( #1447, #1712 ) ;
#485 = ORIENTED_EDGE ( 'NONE', *, *, #1069, .T. ) ;
#486 = EDGE_CURVE ( 'NONE', #390, #1589, #780, .T. ) ;
#487 = FACE_OUTER_BOUND ( 'NONE', #236, .T. ) ;
#488 = CARTESIAN_POINT ( 'NONE',  ( 6.011326108465374851, 10.74092652285209581, -9.245599999999999596 ) ) ;
#489 = CARTESIAN_POINT ( 'NONE',  ( 1.481903436757397330, 10.04177336062942061, -9.525000000000000355 ) ) ;
#490 = ORIENTED_EDGE ( 'NONE', *, *, #496, .F. ) ;
#491 = EDGE_CURVE ( 'NONE', #146, #963, #452, .T. ) ;
#492 = DIRECTION ( 'NONE',  ( -0.7035276524628815142, 0.7106678846128245963, -0.000000000000000000 ) ) ;
#493 = DIRECTION ( 'NONE',  ( 0.000000000000000000, 0.000000000000000000, -1.000000000000000000 ) ) ;
#494 = ORIENTED_EDGE ( 'NONE', *, *, #1162, .T. ) ;
#495 = DIRECTION ( 'NONE',  ( -1.000000000000000000, -0.000000000000000000, -0.000000000000000000 ) ) ;
#496 = EDGE_CURVE ( 'NONE', #824, #752, #1606, .T. ) ;
#497 = LINE ( 'NONE', #1521, #387 ) ;
#498 = DIRECTION ( 'NONE',  ( 0.000000000000000000, -0.000000000000000000, -1.000000000000000000 ) ) ;
#499 = ADVANCED_FACE ( 'NONE', ( #601 ), #1771, .T. ) ;
#500 = VERTEX_POINT ( 'NONE', #1676 ) ;
#501 = VECTOR ( 'NONE', #617, 1000.000000000000000 ) ;
#502 = VECTOR ( 'NONE', #113, 1000.000000000000000 ) ;
#503 = FACE_OUTER_BOUND ( 'NONE', #334, .T. ) ;
#504 = AXIS2_PLACEMENT_3D ( 'NONE', #454, #1029, #1326 ) ;
#505 = VERTEX_POINT ( 'NONE', #808 ) ;
#506 = VECTOR ( 'NONE', #441, 1000.000000000000000 ) ;
#507 = DIRECTION ( 'NONE',  ( -1.000000000000000000, 0.000000000000000000, 0.000000000000000000 ) ) ;
#508 = FACE_BOUND ( 'NONE', #725, .T. ) ;
#509 = CARTESIAN_POINT ( 'NONE',  ( 8.597999999999998977, 8.128000000000000114, -3.454399999999999693 ) ) ;
#510 = EDGE_LOOP ( 'NONE', ( #957, #859, #446, #494 ) ) ;
#511 = EDGE_CURVE ( 'NONE', #732, #666, #1359, .T. ) ;
#512 = EDGE_LOOP ( 'NONE', ( #1488, #1526, #158, #1574 ) ) ;
#513 = DIRECTION ( 'NONE',  ( 0.000000000000000000, 0.000000000000000000, -1.000000000000000000 ) ) ;
#514 = ORIENTED_EDGE ( 'NONE', *, *, #1820, .F. ) ;
#515 = CARTESIAN_POINT ( 'NONE',  ( 38.10000000000000142, 2.920999999999999819, 5.588000000000004519 ) ) ;
#516 = DIRECTION ( 'NONE',  ( 0.7106678846128245963, 0.7035276524628815142, -0.000000000000000000 ) ) ;
#517 = DIRECTION ( 'NONE',  ( 1.000000000000000000, 0.000000000000000000, -0.000000000000000000 ) ) ;
#518 = FACE_OUTER_BOUND ( 'NONE', #1497, .T. ) ;
#519 = EDGE_CURVE ( 'NONE', #1674, #282, #1506, .T. ) ;
#520 = PLANE ( 'NONE',  #234 ) ;
#522 = ADVANCED_FACE ( 'NONE', ( #790 ), #1370, .T. ) ;
#521 = LINE ( 'NONE', #945, #1070 ) ;
#523 = ORIENTED_EDGE ( 'NONE', *, *, #937, .F. ) ;
#524 = CARTESIAN_POINT ( 'NONE',  ( 0.5465482029684771703, 8.051800000000000068, -9.525000000000000355 ) ) ;
#525 = CARTESIAN_POINT ( 'NONE',  ( 6.011326108465374851, 10.74092652285209581, -3.454399999999999693 ) ) ;
#526 = ORIENTED_EDGE ( 'NONE', *, *, #57, .F. ) ;
#527 = ORIENTED_EDGE ( 'NONE', *, *, #1329, .F. ) ;
#528 = VECTOR ( 'NONE', #596, 1000.000000000000000 ) ;
#529 = DIRECTION ( 'NONE',  ( 0.000000000000000000, 0.000000000000000000, 1.000000000000000000 ) ) ;
#530 = VECTOR ( 'NONE', #1109, 1000.000000000000000 ) ;
#531 = VECTOR ( 'NONE', #951, 1000.000000000000114 ) ;
#532 = CARTESIAN_POINT ( 'NONE',  ( 9.397999999999999687, 8.128000000000000114, 2.895599999999999952 ) ) ;
#533 = AXIS2_PLACEMENT_3D ( 'NONE', #244, #104, #1527 ) ;
#534 = PLANE ( 'NONE',  #324 ) ;
#535 = CARTESIAN_POINT ( 'NONE',  ( 0.000000000000000000, 2.920999999999999819, -6.349999999999999645 ) ) ;
#536 = VECTOR ( 'NONE', #150, 1000.000000000000000 ) ;
#537 = CARTESIAN_POINT ( 'NONE',  ( 38.10000000000000142, 2.920999999999999819, 0.000000000000000000 ) ) ;
#538 = CARTESIAN_POINT ( 'NONE',  ( 0.000000000000000000, 12.01732996637347384, 3.454399999999999693 ) ) ;
#539 = ORIENTED_EDGE ( 'NONE', *, *, #1535, .T. ) ;
#540 = CARTESIAN_POINT ( 'NONE',  ( 0.07619999999999998996, 8.051800000000000068, -9.525000000000000355 ) ) ;
#541 = ORIENTED_EDGE ( 'NONE', *, *, #871, .F. ) ;
#542 = CARTESIAN_POINT ( 'NONE',  ( 0.07619999999999998996, 8.051800000000000068, 9.245599999999994267 ) ) ;
#543 = EDGE_CURVE ( 'NONE', #156, #864, #947, .T. ) ;
#544 = VERTEX_POINT ( 'NONE', #1092 ) ;
#545 = CARTESIAN_POINT ( 'NONE',  ( 1.549700604354575795, 10.00698853540633948, -9.525000000000000355 ) ) ;
#546 = DIRECTION ( 'NONE',  ( 0.4564937693317858147, 0.8897266088868300837, 0.000000000000000000 ) ) ;
#547 = ORIENTED_EDGE ( 'NONE', *, *, #294, .F. ) ;
#548 = ORIENTED_EDGE ( 'NONE', *, *, #486, .T. ) ;
#549 = EDGE_LOOP ( 'NONE', ( #1542, #1357, #1001, #1738 ) ) ;
#550 = DIRECTION ( 'NONE',  ( -0.8897266088868301948, 0.4564937693317857037, 0.000000000000000000 ) ) ;
#551 = PERSON_AND_ORGANIZATION_ROLE ( 'creator' ) ;
#552 = ORIENTED_EDGE ( 'NONE', *, *, #224, .F. ) ;
#553 = EDGE_CURVE ( 'NONE', #329, #71, #1082, .T. ) ;
#554 = ORIENTED_EDGE ( 'NONE', *, *, #294, .T. ) ;
#555 = CARTESIAN_POINT ( 'NONE',  ( 1.549700604354575795, 10.00698853540633948, 9.245599999999997820 ) ) ;
#556 = EDGE_LOOP ( 'NONE', ( #1460, #403 ) ) ;
#557 = DIRECTION ( 'NONE',  ( 0.000000000000000000, -1.000000000000000000, 0.000000000000000000 ) ) ;
#558 = EDGE_LOOP ( 'NONE', ( #981, #1209, #1783, #126, #485, #1846, #433, #1035, #1349, #415, #645, #400, #1681, #1289 ) ) ;
#559 = CIRCLE ( 'NONE', #201, 2.830191362257992171 ) ;
#560 = AXIS2_PLACEMENT_3D ( 'NONE', #609, #1183, #476 ) ;
#561 = PLANE ( 'NONE',  #698 ) ;
#562 = LINE ( 'NONE', #1742, #536 ) ;
#563 = DIRECTION ( 'NONE',  ( -0.4564937693317857037, -0.8897266088868301948, 0.000000000000000000 ) ) ;
#564 = CARTESIAN_POINT ( 'NONE',  ( 6.011326108465374851, 10.74092652285209581, 2.895599999999999952 ) ) ;
#565 = CARTESIAN_POINT ( 'NONE',  ( 1.549700604354575795, 10.00698853540633948, -3.454399999999998805 ) ) ;
#566 = AXIS2_PLACEMENT_3D ( 'NONE', #481, #1365, #92 ) ;
#567 = LINE ( 'NONE', #691, #1704 ) ;
#568 = VERTEX_POINT ( 'NONE', #532 ) ;
#569 = EDGE_CURVE ( 'NONE', #673, #1836, #1646, .T. ) ;
#570 = EDGE_CURVE ( 'NONE', #583, #1691, #246, .T. ) ;
#571 = ORIENTED_EDGE ( 'NONE', *, *, #1137, .F. ) ;
#572 = DATE_AND_TIME ( #1855, #1417 ) ;
#573 = DIRECTION ( 'NONE',  ( 0.000000000000000000, 0.000000000000000000, -1.000000000000000000 ) ) ;
#574 = CARTESIAN_POINT ( 'NONE',  ( 0.07619999999999998996, 0.000000000000000000, 9.525000000000000355 ) ) ;
#575 = DIRECTION ( 'NONE',  ( 0.000000000000000000, 0.000000000000000000, 1.000000000000000000 ) ) ;
#576 = ORIENTED_EDGE ( 'NONE', *, *, #633, .F. ) ;
#577 = PRODUCT_DEFINITION ( 'UNKNOWN', '', #1391, #1465 ) ;
#578 = VERTEX_POINT ( 'NONE', #263 ) ;
#579 = LINE ( 'NONE', #273, #1758 ) ;
#580 = EDGE_CURVE ( 'NONE', #371, #1525, #1530, .T. ) ;
#581 =( NAMED_UNIT ( * ) PLANE_ANGLE_UNIT ( ) SI_UNIT ( $, .RADIAN. ) );
#582 = LINE ( 'NONE', #1581, #1422 ) ;
#583 = VERTEX_POINT ( 'NONE', #819 ) ;
#584 = CARTESIAN_POINT ( 'NONE',  ( 3.999999999999999112, 8.749808637742008344, -9.525000000000000355 ) ) ;
#585 = ADVANCED_FACE ( 'NONE', ( #1661 ), #936, .T. ) ;
#586 = VECTOR ( 'NONE', #1543, 1000.000000000000000 ) ;
#587 = LINE ( 'NONE', #1718, #1671 ) ;
#588 = VECTOR ( 'NONE', #405, 1000.000000000000000 ) ;
#589 = CIRCLE ( 'NONE', #1666, 0.7619999999999953477 ) ;
#590 = AXIS2_PLACEMENT_3D ( 'NONE', #1190, #333, #1177 ) ;
#591 = ORIENTED_EDGE ( 'NONE', *, *, #134, .T. ) ;
#592 = AXIS2_PLACEMENT_3D ( 'NONE', #754, #695, #985 ) ;
#593 = DIRECTION ( 'NONE',  ( 0.000000000000000000, -0.000000000000000000, 1.000000000000000000 ) ) ;
#594 = DIRECTION ( 'NONE',  ( -1.000000000000000000, -0.000000000000000000, -0.000000000000000000 ) ) ;
#595 = ORIENTED_EDGE ( 'NONE', *, *, #1703, .F. ) ;
#596 = DIRECTION ( 'NONE',  ( -1.000000000000000000, 0.000000000000000000, 0.000000000000000000 ) ) ;
#597 = CARTESIAN_POINT ( 'NONE',  ( 8.597999999999998977, 8.128000000000000114, -9.525000000000000355 ) ) ;
#598 = DIRECTION ( 'NONE',  ( 0.000000000000000000, 0.000000000000000000, 1.000000000000000000 ) ) ;
#599 = DIRECTION ( 'NONE',  ( 0.000000000000000000, 0.000000000000000000, 1.000000000000000000 ) ) ;
#600 = VERTEX_POINT ( 'NONE', #121 ) ;
#601 = FACE_OUTER_BOUND ( 'NONE', #1322, .T. ) ;
#602 = CARTESIAN_POINT ( 'NONE',  ( 38.10000000000000142, 7.094565553844713435, -2.895599999999999952 ) ) ;
#603 = VERTEX_POINT ( 'NONE', #1240 ) ;
#604 = CARTESIAN_POINT ( 'NONE',  ( 0.000000000000000000, 8.128000000000000114, -9.525000000000000355 ) ) ;
#605 = EDGE_CURVE ( 'NONE', #71, #824, #1231, .T. ) ;
#606 = PLANE ( 'NONE',  #269 ) ;
#607 = CYLINDRICAL_SURFACE ( 'NONE', #1446, 2.830191362257992171 ) ;
#608 = ORIENTED_EDGE ( 'NONE', *, *, #1703, .T. ) ;
#609 = CARTESIAN_POINT ( 'NONE',  ( 0.5465482029684771703, 8.051800000000000068, -9.525000000000000355 ) ) ;
#610 = LINE ( 'NONE', #1185, #1125 ) ;
#611 = DIRECTION ( 'NONE',  ( 0.7035276524628815142, -0.7106678846128245963, 0.000000000000000000 ) ) ;
#612 = CARTESIAN_POINT ( 'NONE',  ( 0.07619999999999998996, 8.051800000000000068, 3.454399999999999693 ) ) ;
#613 = ORIENTED_EDGE ( 'NONE', *, *, #1470, .F. ) ;
#614 = AXIS2_PLACEMENT_3D ( 'NONE', #1556, #281, #426 ) ;
#615 = VECTOR ( 'NONE', #249, 1000.000000000000000 ) ;
#616 = CARTESIAN_POINT ( 'NONE',  ( 5.957173215657877385, 10.68731771573442479, -3.454399999999999693 ) ) ;
#617 = DIRECTION ( 'NONE',  ( 0.000000000000000000, 0.000000000000000000, 1.000000000000000000 ) ) ;
#618 = VECTOR ( 'NONE', #962, 1000.000000000000000 ) ;
#619 = CARTESIAN_POINT ( 'NONE',  ( 0.000000000000000000, 7.094565553844713435, -9.245599999999999596 ) ) ;
#620 = EDGE_CURVE ( 'NONE', #1836, #1439, #233, .T. ) ;
#621 = VECTOR ( 'NONE', #707, 1000.000000000000000 ) ;
#622 = EDGE_CURVE ( 'NONE', #1017, #1097, #1683, .T. ) ;
#623 = ORIENTED_EDGE ( 'NONE', *, *, #1582, .T. ) ;
#624 = CARTESIAN_POINT ( 'NONE',  ( 0.5000000000000000000, 8.128000000000000114, -9.525000000000000355 ) ) ;
#625 = LINE ( 'NONE', #1468, #941 ) ;
#626 = PLANE ( 'NONE',  #1699 ) ;
#627 = CARTESIAN_POINT ( 'NONE',  ( 0.000000000000000000, 12.01732996637347384, 2.895599999999999952 ) ) ;
#628 = DIRECTION ( 'NONE',  ( 0.7035276524628815142, -0.7106678846128245963, 0.000000000000000000 ) ) ;
#629 = EDGE_LOOP ( 'NONE', ( #205, #1585, #1623, #459 ) ) ;
#630 = CC_DESIGN_DATE_AND_TIME_ASSIGNMENT ( #328, #1332, ( #1298 ) ) ;
#631 = ORIENTED_EDGE ( 'NONE', *, *, #826, .T. ) ;
#632 = DIRECTION ( 'NONE',  ( -0.000000000000000000, -0.000000000000000000, 1.000000000000000000 ) ) ;
#633 = EDGE_CURVE ( 'NONE', #1146, #836, #1537, .T. ) ;
#634 = DIRECTION ( 'NONE',  ( 0.000000000000000000, -0.000000000000000000, -1.000000000000000000 ) ) ;
#635 = CARTESIAN_POINT ( 'NONE',  ( 3.999999999999999112, 8.749808637742008344, -2.895599999999999952 ) ) ;
#636 = DIRECTION ( 'NONE',  ( 0.4564937693317857037, 0.8897266088868301948, 0.000000000000000000 ) ) ;
#637 = ORIENTED_EDGE ( 'NONE', *, *, #309, .T. ) ;
#638 = CARTESIAN_POINT ( 'NONE',  ( 38.10000000000000142, 7.094565553844713435, 2.895599999999999952 ) ) ;
#639 = VERTEX_POINT ( 'NONE', #1395 ) ;
#640 = PLANE ( 'NONE',  #1635 ) ;
#641 = ORIENTED_EDGE ( 'NONE', *, *, #21, .T. ) ;
#642 = EDGE_CURVE ( 'NONE', #888, #1536, #686, .T. ) ;
#643 = CARTESIAN_POINT ( 'NONE',  ( 9.397999999999999687, 8.051800000000001845, -2.895599999999999952 ) ) ;
#644 = CARTESIAN_POINT ( 'NONE',  ( 8.566211321530822431, 8.051800000000000068, 9.245599999999997820 ) ) ;
#645 = ORIENTED_EDGE ( 'NONE', *, *, #915, .T. ) ;
#646 = DIRECTION ( 'NONE',  ( 0.000000000000000000, 0.000000000000000000, 1.000000000000000000 ) ) ;
#647 = VECTOR ( 'NONE', #1324, 1000.000000000000000 ) ;
#648 = ORIENTED_EDGE ( 'NONE', *, *, #1761, .F. ) ;
#649 = VECTOR ( 'NONE', #736, 1000.000000000000000 ) ;
#650 = CIRCLE ( 'NONE', #1393, 0.7619999999999953477 ) ;
#651 = ORIENTED_EDGE ( 'NONE', *, *, #284, .T. ) ;
#652 = CARTESIAN_POINT ( 'NONE',  ( 8.597999999999998977, 8.128000000000000114, -9.245599999999999596 ) ) ;
#653 = DIRECTION ( 'NONE',  ( 0.7035276524628815142, -0.7106678846128245963, 0.000000000000000000 ) ) ;
#654 = CARTESIAN_POINT ( 'NONE',  ( 1.481903436757397330, 10.04177336062942061, -9.525000000000000355 ) ) ;
#655 = CARTESIAN_POINT ( 'NONE',  ( 0.5000000000000001110, 8.128000000000000114, -3.454399999999998805 ) ) ;
#656 = LINE ( 'NONE', #378, #615 ) ;
#657 = EDGE_CURVE ( 'NONE', #675, #862, #906, .T. ) ;
#658 = LINE ( 'NONE', #1491, #1487 ) ;
#659 = ORIENTED_EDGE ( 'NONE', *, *, #776, .T. ) ;
#660 = CARTESIAN_POINT ( 'NONE',  ( 0.000000000000000000, 2.920999999999999819, -0.7619999999999961249 ) ) ;
#661 = FACE_BOUND ( 'NONE', #821, .T. ) ;
#662 = DIRECTION ( 'NONE',  ( -0.000000000000000000, 0.000000000000000000, 1.000000000000000000 ) ) ;
#663 = PLANE ( 'NONE',  #1420 ) ;
#664 = ADVANCED_BREP_SHAPE_REPRESENTATION ( '14-37FSV30-PP-0.750', ( #1480, #614 ), #170 ) ;
#665 = ORIENTED_EDGE ( 'NONE', *, *, #1008, .T. ) ;
#666 = VERTEX_POINT ( 'NONE', #1195 ) ;
#667 = ADVANCED_FACE ( 'NONE', ( #1607 ), #1773, .T. ) ;
#668 = LINE ( 'NONE', #1821, #462 ) ;
#669 = DIRECTION ( 'NONE',  ( 0.7106678846128245963, 0.7035276524628815142, -0.000000000000000000 ) ) ;
#670 = DIRECTION ( 'NONE',  ( 0.000000000000000000, -0.000000000000000000, 1.000000000000000000 ) ) ;
#671 = DIRECTION ( 'NONE',  ( 0.000000000000000000, -0.000000000000000000, -1.000000000000000000 ) ) ;
#672 = ORIENTED_EDGE ( 'NONE', *, *, #340, .F. ) ;
#673 = VERTEX_POINT ( 'NONE', #488 ) ;
#674 = AXIS2_PLACEMENT_3D ( 'NONE', #335, #364, #493 ) ;
#675 = VERTEX_POINT ( 'NONE', #320 ) ;
#676 = ADVANCED_FACE ( 'NONE', ( #178 ), #781, .F. ) ;
#677 = VECTOR ( 'NONE', #368, 1000.000000000000000 ) ;
#678 = CARTESIAN_POINT ( 'NONE',  ( 3.999999999999999112, 8.749808637742008344, -3.454399999999999693 ) ) ;
#679 = VECTOR ( 'NONE', #480, 1000.000000000000000 ) ;
#680 = EDGE_CURVE ( 'NONE', #1435, #1194, #208, .T. ) ;
#681 = CARTESIAN_POINT ( 'NONE',  ( 9.397999999999999687, 8.128000000000000114, 3.454399999999999693 ) ) ;
#682 = DIRECTION ( 'NONE',  ( 1.000000000000000000, 0.000000000000000000, 0.000000000000000000 ) ) ;
#683 = CARTESIAN_POINT ( 'NONE',  ( 0.5465482029684771703, 8.051800000000000068, -3.454399999999998805 ) ) ;
#684 = ORIENTED_EDGE ( 'NONE', *, *, #449, .F. ) ;
#685 = DIRECTION ( 'NONE',  ( 1.000000000000000000, 0.000000000000000000, 0.000000000000000000 ) ) ;
#686 = LINE ( 'NONE', #524, #1337 ) ;
#687 = CARTESIAN_POINT ( 'NONE',  ( 0.07620000000000543006, 2.920999999999999819, -0.7619999999999961249 ) ) ;
#688 = DIRECTION ( 'NONE',  ( -0.000000000000000000, 0.000000000000000000, 1.000000000000000000 ) ) ;
#689 = EDGE_CURVE ( 'NONE', #1414, #836, #465, .T. ) ;
#690 = ORIENTED_EDGE ( 'NONE', *, *, #1193, .F. ) ;
#691 = CARTESIAN_POINT ( 'NONE',  ( 38.10000000000000142, 2.920999999999999819, 7.111999999999994770 ) ) ;
#692 = DIRECTION ( 'NONE',  ( -0.7035276524628815142, 0.7106678846128245963, -0.000000000000000000 ) ) ;
#693 = CARTESIAN_POINT ( 'NONE',  ( 0.07619999999999998996, 8.051800000000000068, 3.454399999999999693 ) ) ;
#694 = EDGE_CURVE ( 'NONE', #1750, #1701, #1170, .T. ) ;
#695 = DIRECTION ( 'NONE',  ( 0.000000000000000000, 1.000000000000000000, 0.000000000000000000 ) ) ;
#696 = ORIENTED_EDGE ( 'NONE', *, *, #456, .F. ) ;
#697 = ORIENTED_EDGE ( 'NONE', *, *, #340, .T. ) ;
#698 = AXIS2_PLACEMENT_3D ( 'NONE', #1128, #1716, #1707 ) ;
#699 = VECTOR ( 'NONE', #747, 1000.000000000000000 ) ;
#700 = PERSON_AND_ORGANIZATION ( #955, #852 ) ;
#701 = VECTOR ( 'NONE', #1568, 1000.000000000000000 ) ;
#702 = LINE ( 'NONE', #1286, #982 ) ;
#703 = AXIS2_PLACEMENT_3D ( 'NONE', #1784, #662, #1816 ) ;
#704 = EDGE_CURVE ( 'NONE', #242, #231, #203, .T. ) ;
#705 = ORIENTED_EDGE ( 'NONE', *, *, #166, .T. ) ;
#706 = ADVANCED_FACE ( 'NONE', ( #1453 ), #180, .F. ) ;
#707 = DIRECTION ( 'NONE',  ( 0.000000000000000000, 0.000000000000000000, 1.000000000000000000 ) ) ;
#708 = PLANE ( 'NONE',  #357 ) ;
#709 = ORIENTED_EDGE ( 'NONE', *, *, #750, .F. ) ;
#710 = CARTESIAN_POINT ( 'NONE',  ( 6.011326108465374851, 10.74092652285209581, -9.245599999999999596 ) ) ;
#711 = CALENDAR_DATE ( 2025, 22, 1 ) ;
#712 = VERTEX_POINT ( 'NONE', #1596 ) ;
#713 = CARTESIAN_POINT ( 'NONE',  ( 6.011326108465374851, 10.74092652285209581, 9.245599999999997820 ) ) ;
#714 = ORIENTED_EDGE ( 'NONE', *, *, #883, .T. ) ;
#715 = ADVANCED_FACE ( 'NONE', ( #759 ), #1609, .T. ) ;
#716 = ORIENTED_EDGE ( 'NONE', *, *, #449, .T. ) ;
#717 = DIRECTION ( 'NONE',  ( 1.000000000000000000, 0.000000000000000000, 0.000000000000000000 ) ) ;
#718 = CARTESIAN_POINT ( 'NONE',  ( 0.5000000000000000000, 8.128000000000000114, 3.454400000000001469 ) ) ;
#719 = EDGE_LOOP ( 'NONE', ( #304, #684, #82, #608 ) ) ;
#720 = LINE ( 'NONE', #1305, #1631 ) ;
#721 = CARTESIAN_POINT ( 'NONE',  ( 38.10000000000000142, 2.920999999999999819, 0.7619999999999961249 ) ) ;
#722 = LINE ( 'NONE', #835, #238 ) ;
#723 = ORIENTED_EDGE ( 'NONE', *, *, #1403, .F. ) ;
#724 = DIRECTION ( 'NONE',  ( 1.000000000000000000, -0.000000000000000000, 0.000000000000000000 ) ) ;
#725 = EDGE_LOOP ( 'NONE', ( #709, #363 ) ) ;
#726 = CC_DESIGN_PERSON_AND_ORGANIZATION_ASSIGNMENT ( #700, #1149, ( #738 ) ) ;
#727 = APPROVAL_DATE_TIME ( #445, #1288 ) ;
#728 = ORIENTED_EDGE ( 'NONE', *, *, #102, .T. ) ;
#729 = VECTOR ( 'NONE', #1558, 1000.000000000000000 ) ;
#730 = EDGE_CURVE ( 'NONE', #1336, #1194, #187, .T. ) ;
#731 = CARTESIAN_POINT ( 'NONE',  ( 0.07619999999999998996, 8.051800000000000068, -2.895599999999999952 ) ) ;
#732 = VERTEX_POINT ( 'NONE', #1056 ) ;
#733 = VECTOR ( 'NONE', #1210, 1000.000000000000000 ) ;
#734 = VECTOR ( 'NONE', #967, 1000.000000000000000 ) ;
#735 = AXIS2_PLACEMENT_3D ( 'NONE', #1013, #191, #593 ) ;
#736 = DIRECTION ( 'NONE',  ( -0.000000000000000000, -1.000000000000000000, -0.000000000000000000 ) ) ;
#737 = CARTESIAN_POINT ( 'NONE',  ( 5.957173215657877385, 10.68731771573442479, -9.525000000000000355 ) ) ;
#738 = PRODUCT ( '14-37FSV30-PP-0.750', '14-37FSV30-PP-0.750', '', ( #979 ) ) ;
#739 = EDGE_CURVE ( 'NONE', #836, #840, #1486, .T. ) ;
#740 = EDGE_LOOP ( 'NONE', ( #1383, #402, #1564, #1276 ) ) ;
#741 = ORIENTED_EDGE ( 'NONE', *, *, #1680, .F. ) ;
#742 = DIRECTION ( 'NONE',  ( -0.000000000000000000, 0.000000000000000000, -1.000000000000000000 ) ) ;
#743 = SHAPE_DEFINITION_REPRESENTATION ( #1047, #664 ) ;
#744 = PLANE ( 'NONE',  #1852 ) ;
#745 = ORIENTED_EDGE ( 'NONE', *, *, #162, .F. ) ;
#746 = CARTESIAN_POINT ( 'NONE',  ( 0.000000000000000000, 8.128000000000000114, -9.245599999999999596 ) ) ;
#747 = DIRECTION ( 'NONE',  ( -0.000000000000000000, -1.000000000000000000, -0.000000000000000000 ) ) ;
#748 = DIRECTION ( 'NONE',  ( 0.000000000000000000, 0.000000000000000000, 1.000000000000000000 ) ) ;
#749 = ORIENTED_EDGE ( 'NONE', *, *, #543, .T. ) ;
#750 = EDGE_CURVE ( 'NONE', #231, #242, #1484, .T. ) ;
#751 = DIRECTION ( 'NONE',  ( -1.000000000000000000, 0.000000000000000000, 0.000000000000000000 ) ) ;
#752 = VERTEX_POINT ( 'NONE', #53 ) ;
#753 = EDGE_CURVE ( 'NONE', #712, #1435, #1462, .T. ) ;
#754 = CARTESIAN_POINT ( 'NONE',  ( 0.000000000000000000, 8.128000000000000114, -9.525000000000000355 ) ) ;
#755 = SECURITY_CLASSIFICATION_LEVEL ( 'unclassified' ) ;
#756 = PLANE ( 'NONE',  #468 ) ;
#757 = VECTOR ( 'NONE', #573, 1000.000000000000000 ) ;
#758 = LINE ( 'NONE', #1764, #1299 ) ;
#759 = FACE_OUTER_BOUND ( 'NONE', #1415, .T. ) ;
#760 = CARTESIAN_POINT ( 'NONE',  ( 0.000000000000000000, 8.128000000000000114, -2.895599999999999952 ) ) ;
#761 = CIRCLE ( 'NONE', #1003, 0.7619999999999961249 ) ;
#762 = ORIENTED_EDGE ( 'NONE', *, *, #330, .T. ) ;
#763 = EDGE_CURVE ( 'NONE', #31, #888, #1766, .T. ) ;
#764 = VECTOR ( 'NONE', #724, 1000.000000000000000 ) ;
#765 = VECTOR ( 'NONE', #682, 1000.000000000000000 ) ;
#766 = EDGE_CURVE ( 'NONE', #783, #928, #1048, .T. ) ;
#767 = ORIENTED_EDGE ( 'NONE', *, *, #496, .T. ) ;
#768 = LINE ( 'NONE', #893, #699 ) ;
#769 = CARTESIAN_POINT ( 'NONE',  ( 0.07619999999999998996, 8.051800000000000068, -9.525000000000000355 ) ) ;
#770 = CARTESIAN_POINT ( 'NONE',  ( 0.07619999999999998996, 0.000000000000000000, -3.454399999999999693 ) ) ;
#771 = APPLICATION_CONTEXT ( 'configuration controlled 3d designs of mechanical parts and assemblies' ) ;
#772 = CARTESIAN_POINT ( 'NONE',  ( 38.10000000000000142, 12.01732996637347384, -9.245599999999999596 ) ) ;
#773 = FACE_BOUND ( 'NONE', #1361, .T. ) ;
#774 = DIRECTION ( 'NONE',  ( 1.000000000000000000, 0.000000000000000000, -0.000000000000000000 ) ) ;
#775 = ORIENTED_EDGE ( 'NONE', *, *, #580, .T. ) ;
#776 = EDGE_CURVE ( 'NONE', #866, #94, #1338, .T. ) ;
#777 = CYLINDRICAL_SURFACE ( 'NONE', #1159, 0.7619999999999953477 ) ;
#778 = DIRECTION ( 'NONE',  ( 0.000000000000000000, -1.000000000000000000, 0.000000000000000000 ) ) ;
#779 = ORIENTED_EDGE ( 'NONE', *, *, #1652, .T. ) ;
#780 = LINE ( 'NONE', #48, #733 ) ;
#781 = PLANE ( 'NONE',  #442 ) ;
#782 = CARTESIAN_POINT ( 'NONE',  ( 0.5000000000000001110, 8.128000000000000114, 3.454400000000001469 ) ) ;
#783 = VERTEX_POINT ( 'NONE', #910 ) ;
#784 = CARTESIAN_POINT ( 'NONE',  ( 0.07619999999999998996, 8.051800000000000068, -9.525000000000000355 ) ) ;
#785 = LINE ( 'NONE', #1199, #1826 ) ;
#786 = LINE ( 'NONE', #1767, #972 ) ;
#787 = CARTESIAN_POINT ( 'NONE',  ( 0.000000000000000000, 7.094565553844713435, -9.525000000000000355 ) ) ;
#788 = ORIENTED_EDGE ( 'NONE', *, *, #1772, .F. ) ;
#789 = EDGE_CURVE ( 'NONE', #844, #1000, #212, .T. ) ;
#790 = FACE_OUTER_BOUND ( 'NONE', #278, .T. ) ;
#791 = DIRECTION ( 'NONE',  ( 0.000000000000000000, 1.000000000000000000, 0.000000000000000000 ) ) ;
#792 = ADVANCED_FACE ( 'NONE', ( #1140 ), #123, .T. ) ;
#793 = CARTESIAN_POINT ( 'NONE',  ( 0.5000000000000000000, 8.128000000000000114, -9.245599999999999596 ) ) ;
#794 = CARTESIAN_POINT ( 'NONE',  ( 1.549700604354575795, 10.00698853540633948, 3.454400000000001469 ) ) ;
#795 = DIRECTION ( 'NONE',  ( 0.4564937693317858147, 0.8897266088868300837, 0.000000000000000000 ) ) ;
#796 = VECTOR ( 'NONE', #373, 1000.000000000000000 ) ;
#797 = VECTOR ( 'NONE', #1747, 1000.000000000000000 ) ;
#798 = AXIS2_PLACEMENT_3D ( 'NONE', #772, #1057, #1356 ) ;
#799 = DIRECTION ( 'NONE',  ( 0.000000000000000000, 0.000000000000000000, 1.000000000000000000 ) ) ;
#800 = CARTESIAN_POINT ( 'NONE',  ( 38.10000000000000142, 2.920999999999999819, -7.111999999999994770 ) ) ;
#801 = LINE ( 'NONE', #1371, #530 ) ;
#802 = ADVANCED_FACE ( 'NONE', ( #410 ), #777, .F. ) ;
#803 = FACE_OUTER_BOUND ( 'NONE', #887, .T. ) ;
#804 = ORIENTED_EDGE ( 'NONE', *, *, #1055, .T. ) ;
#805 = ORIENTED_EDGE ( 'NONE', *, *, #553, .F. ) ;
#806 = LINE ( 'NONE', #1099, #1450 ) ;
#807 = ORIENTED_EDGE ( 'NONE', *, *, #816, .F. ) ;
#808 = CARTESIAN_POINT ( 'NONE',  ( 5.957173215657877385, 10.68731771573442479, 2.895599999999999952 ) ) ;
#809 = CARTESIAN_POINT ( 'NONE',  ( 0.07619999999999998996, 8.051800000000000068, -9.245599999999999596 ) ) ;
#810 = DIRECTION ( 'NONE',  ( 0.000000000000000000, 0.000000000000000000, 1.000000000000000000 ) ) ;
#811 = PLANE ( 'NONE',  #1577 ) ;
#812 = ADVANCED_FACE ( 'NONE', ( #503 ), #520, .F. ) ;
#813 = DIRECTION ( 'NONE',  ( 0.000000000000000000, 0.000000000000000000, 1.000000000000000000 ) ) ;
#814 = ORIENTED_EDGE ( 'NONE', *, *, #858, .T. ) ;
#815 = ORIENTED_EDGE ( 'NONE', *, *, #1688, .F. ) ;
#816 = EDGE_CURVE ( 'NONE', #282, #946, #806, .T. ) ;
#817 = CARTESIAN_POINT ( 'NONE',  ( 3.999999999999999112, 8.749808637742008344, -2.895599999999999952 ) ) ;
#818 = CARTESIAN_POINT ( 'NONE',  ( 0.000000000000000000, 7.094565553844713435, 2.895599999999999952 ) ) ;
#819 = CARTESIAN_POINT ( 'NONE',  ( 0.07620000000000543006, 2.920999999999999819, 5.588000000000004519 ) ) ;
#820 = CARTESIAN_POINT ( 'NONE',  ( 6.011326108465374851, 10.74092652285209581, -9.525000000000000355 ) ) ;
#821 = EDGE_LOOP ( 'NONE', ( #1746, #1717 ) ) ;
#822 = ADVANCED_FACE ( 'NONE', ( #926 ), #1089, .F. ) ;
#823 = EDGE_LOOP ( 'NONE', ( #1554, #1604, #185, #1216 ) ) ;
#824 = VERTEX_POINT ( 'NONE', #787 ) ;
#825 = VECTOR ( 'NONE', #46, 1000.000000000000000 ) ;
#826 = EDGE_CURVE ( 'NONE', #1448, #1097, #1513, .T. ) ;
#827 = CARTESIAN_POINT ( 'NONE',  ( 8.566211321530822431, 8.051800000000000068, -3.454399999999999693 ) ) ;
#828 = VECTOR ( 'NONE', #1016, 1000.000000000000000 ) ;
#829 = AXIS2_PLACEMENT_3D ( 'NONE', #1768, #1050, #317 ) ;
#830 = CARTESIAN_POINT ( 'NONE',  ( 0.000000000000000000, 8.128000000000000114, 2.895599999999999952 ) ) ;
#831 = CARTESIAN_POINT ( 'NONE',  ( 1.481903436757398218, 10.04177336062942061, -2.895599999999999952 ) ) ;
#832 = AXIS2_PLACEMENT_3D ( 'NONE', #1432, #599, #17 ) ;
#833 = ORIENTED_EDGE ( 'NONE', *, *, #1078, .F. ) ;
#834 = ADVANCED_FACE ( 'NONE', ( #1810 ), #943, .T. ) ;
#835 = CARTESIAN_POINT ( 'NONE',  ( 0.000000000000000000, 8.128000000000000114, -9.525000000000000355 ) ) ;
#836 = VERTEX_POINT ( 'NONE', #253 ) ;
#837 = ORIENTED_EDGE ( 'NONE', *, *, #372, .T. ) ;
#838 = CARTESIAN_POINT ( 'NONE',  ( 3.999999999999999112, 8.749808637742008344, 9.245599999999994267 ) ) ;
#839 = LINE ( 'NONE', #136, #621 ) ;
#840 = VERTEX_POINT ( 'NONE', #818 ) ;
#841 = ORIENTED_EDGE ( 'NONE', *, *, #1350, .T. ) ;
#842 = CARTESIAN_POINT ( 'NONE',  ( 1.549700604354575795, 10.00698853540633948, -9.525000000000000355 ) ) ;
#843 = PERSON_AND_ORGANIZATION ( #955, #852 ) ;
#844 = VERTEX_POINT ( 'NONE', #1130 ) ;
#845 = CARTESIAN_POINT ( 'NONE',  ( 0.07619999999999998996, 0.000000000000000000, 9.525000000000000355 ) ) ;
#846 = EDGE_CURVE ( 'NONE', #282, #1525, #1561, .T. ) ;
#847 = ORIENTED_EDGE ( 'NONE', *, *, #511, .F. ) ;
#848 = VERTEX_POINT ( 'NONE', #292 ) ;
#849 = VECTOR ( 'NONE', #1489, 1000.000000000000000 ) ;
#850 = CARTESIAN_POINT ( 'NONE',  ( 5.957173215657877385, 10.68731771573442479, 2.895599999999999952 ) ) ;
#851 = EDGE_LOOP ( 'NONE', ( #148, #1711, #1242, #1107 ) ) ;
#852 = ORGANIZATION ( 'UNSPECIFIED', 'UNSPECIFIED', '' ) ;
#853 = AXIS2_PLACEMENT_3D ( 'NONE', #1244, #774, #1788 ) ;
#854 = DIRECTION ( 'NONE',  ( -1.000000000000000000, 0.000000000000000000, 0.000000000000000000 ) ) ;
#855 = VECTOR ( 'NONE', #323, 1000.000000000000000 ) ;
#856 = CARTESIAN_POINT ( 'NONE',  ( 0.000000000000000000, 0.000000000000000000, 9.525000000000000355 ) ) ;
#857 = AXIS2_PLACEMENT_3D ( 'NONE', #1443, #293, #1425 ) ;
#858 = EDGE_CURVE ( 'NONE', #1358, #675, #1211, .T. ) ;
#859 = ORIENTED_EDGE ( 'NONE', *, *, #199, .T. ) ;
#860 = ORIENTED_EDGE ( 'NONE', *, *, #398, .T. ) ;
#861 =( NAMED_UNIT ( * ) SI_UNIT ( $, .STERADIAN. ) SOLID_ANGLE_UNIT ( ) );
#862 = VERTEX_POINT ( 'NONE', #1134 ) ;
#863 = DIRECTION ( 'NONE',  ( -0.7035276524628815142, 0.7106678846128245963, 0.000000000000000000 ) ) ;
#864 = VERTEX_POINT ( 'NONE', #1225 ) ;
#865 = FACE_OUTER_BOUND ( 'NONE', #1325, .T. ) ;
#866 = VERTEX_POINT ( 'NONE', #1086 ) ;
#867 = LINE ( 'NONE', #1442, #169 ) ;
#868 = FACE_OUTER_BOUND ( 'NONE', #1405, .T. ) ;
#869 = ORIENTED_EDGE ( 'NONE', *, *, #1347, .T. ) ;
#870 = FACE_OUTER_BOUND ( 'NONE', #137, .T. ) ;
#871 = EDGE_CURVE ( 'NONE', #1449, #1146, #1523, .T. ) ;
#872 = FACE_OUTER_BOUND ( 'NONE', #1145, .T. ) ;
#873 = VECTOR ( 'NONE', #636, 1000.000000000000114 ) ;
#874 = ORIENTED_EDGE ( 'NONE', *, *, #899, .F. ) ;
#875 = CARTESIAN_POINT ( 'NONE',  ( 0.000000000000000000, 0.000000000000000000, -9.525000000000000355 ) ) ;
#876 = VECTOR ( 'NONE', #1061, 1000.000000000000000 ) ;
#877 = CARTESIAN_POINT ( 'NONE',  ( 1.481903436757398218, 10.04177336062942061, 2.895599999999999952 ) ) ;
#878 = ORIENTED_EDGE ( 'NONE', *, *, #1088, .F. ) ;
#879 = CIRCLE ( 'NONE', #977, 0.7619999999999953477 ) ;
#880 = DIRECTION ( 'NONE',  ( 0.000000000000000000, -1.000000000000000000, 0.000000000000000000 ) ) ;
#881 = CARTESIAN_POINT ( 'NONE',  ( 9.397999999999999687, 8.128000000000000114, -9.245599999999999596 ) ) ;
#882 = LINE ( 'NONE', #1437, #825 ) ;
#883 = EDGE_CURVE ( 'NONE', #329, #376, #1493, .T. ) ;
#884 = CARTESIAN_POINT ( 'NONE',  ( 8.597999999999998977, 8.128000000000000114, -9.525000000000000355 ) ) ;
#885 = DIRECTION ( 'NONE',  ( 0.000000000000000000, 0.000000000000000000, 1.000000000000000000 ) ) ;
#886 = CARTESIAN_POINT ( 'NONE',  ( 9.397999999999999687, 8.128000000000000114, 9.245599999999994267 ) ) ;
#887 = EDGE_LOOP ( 'NONE', ( #648, #860, #54, #311 ) ) ;
#888 = VERTEX_POINT ( 'NONE', #13 ) ;
#889 = EDGE_CURVE ( 'NONE', #666, #160, #650, .T. ) ;
#890 = CARTESIAN_POINT ( 'NONE',  ( 9.397999999999999687, 8.051800000000001845, -9.525000000000000355 ) ) ;
#891 = DIRECTION ( 'NONE',  ( 0.000000000000000000, 0.000000000000000000, 1.000000000000000000 ) ) ;
#892 = ORIENTED_EDGE ( 'NONE', *, *, #605, .F. ) ;
#893 = CARTESIAN_POINT ( 'NONE',  ( 0.000000000000000000, 0.000000000000000000, 9.525000000000000355 ) ) ;
#894 = DIRECTION ( 'NONE',  ( 0.000000000000000000, 0.000000000000000000, 1.000000000000000000 ) ) ;
#895 = DIRECTION ( 'NONE',  ( 2.085533887248126455E-15, -1.000000000000000000, 0.000000000000000000 ) ) ;
#896 = ADVANCED_FACE ( 'NONE', ( #1705 ), #708, .F. ) ;
#897 = CARTESIAN_POINT ( 'NONE',  ( 0.07619999999999998996, 0.000000000000000000, 9.245599999999994267 ) ) ;
#898 = LINE ( 'NONE', #920, #1127 ) ;
#899 = EDGE_CURVE ( 'NONE', #1090, #848, #567, .T. ) ;
#900 = EDGE_LOOP ( 'NONE', ( #151, #430, #1235, #613 ) ) ;
#901 = PLANE ( 'NONE',  #23 ) ;
#902 = CALENDAR_DATE ( 2025, 22, 1 ) ;
#903 = ORIENTED_EDGE ( 'NONE', *, *, #739, .T. ) ;
#904 = FACE_OUTER_BOUND ( 'NONE', #1247, .T. ) ;
#905 = LINE ( 'NONE', #890, #1392 ) ;
#906 = LINE ( 'NONE', #1334, #1795 ) ;
#907 = CARTESIAN_POINT ( 'NONE',  ( 0.5000000000000000000, 8.128000000000000114, 2.895600000000001728 ) ) ;
#908 = AXIS2_PLACEMENT_3D ( 'NONE', #1551, #688, #1664 ) ;
#909 = CARTESIAN_POINT ( 'NONE',  ( 8.597999999999998977, 8.128000000000000114, 2.895599999999999952 ) ) ;
#910 = CARTESIAN_POINT ( 'NONE',  ( 6.011326108465374851, 10.74092652285209581, 3.454399999999999693 ) ) ;
#911 = CARTESIAN_POINT ( 'NONE',  ( 8.566211321530822431, 8.051800000000000068, -9.245599999999999596 ) ) ;
#912 = AXIS2_PLACEMENT_3D ( 'NONE', #1835, #791, #670 ) ;
#913 = VECTOR ( 'NONE', #1656, 1000.000000000000000 ) ;
#914 = CARTESIAN_POINT ( 'NONE',  ( 0.07619999999999998996, 0.000000000000000000, 9.525000000000000355 ) ) ;
#915 = EDGE_CURVE ( 'NONE', #1659, #302, #153, .T. ) ;
#916 = VECTOR ( 'NONE', #349, 1000.000000000000000 ) ;
#917 = AXIS2_PLACEMENT_3D ( 'NONE', #1114, #1386, #799 ) ;
#918 = ORIENTED_EDGE ( 'NONE', *, *, #1533, .F. ) ;
#919 = DIRECTION ( 'NONE',  ( -0.4564937693317857037, -0.8897266088868301948, 0.000000000000000000 ) ) ;
#920 = CARTESIAN_POINT ( 'NONE',  ( 0.07619999999999998996, 8.051800000000000068, -2.895599999999999952 ) ) ;
#921 = ORIENTED_EDGE ( 'NONE', *, *, #1739, .T. ) ;
#922 = CARTESIAN_POINT ( 'NONE',  ( 3.999999999999999112, 8.749808637742008344, -9.525000000000000355 ) ) ;
#923 = CARTESIAN_POINT ( 'NONE',  ( 0.5000000000000000000, 8.128000000000000114, -9.525000000000000355 ) ) ;
#924 = DIRECTION ( 'NONE',  ( -1.000000000000000000, 0.000000000000000000, 0.000000000000000000 ) ) ;
#925 = EDGE_CURVE ( 'NONE', #1534, #260, #1259, .T. ) ;
#926 = FACE_OUTER_BOUND ( 'NONE', #1463, .T. ) ;
#927 = ADVANCED_FACE ( 'NONE', ( #1087 ), #811, .T. ) ;
#928 = VERTEX_POINT ( 'NONE', #1559 ) ;
#929 = DIRECTION ( 'NONE',  ( -1.000000000000000000, -1.838805141352142777E-15, 0.000000000000000000 ) ) ;
#930 = CARTESIAN_POINT ( 'NONE',  ( 0.07619999999999998996, 7.094565553844713435, -9.525000000000000355 ) ) ;
#931 = DIRECTION ( 'NONE',  ( 1.000000000000000000, 0.000000000000000000, 0.000000000000000000 ) ) ;
#932 = ORIENTED_EDGE ( 'NONE', *, *, #1069, .F. ) ;
#933 = CARTESIAN_POINT ( 'NONE',  ( 8.597999999999998977, 8.128000000000000114, 3.454399999999999693 ) ) ;
#934 = ORIENTED_EDGE ( 'NONE', *, *, #816, .T. ) ;
#935 = ORIENTED_EDGE ( 'NONE', *, *, #353, .T. ) ;
#936 = PLANE ( 'NONE',  #1066 ) ;
#937 = EDGE_CURVE ( 'NONE', #1439, #963, #283, .T. ) ;
#938 = DIRECTION ( 'NONE',  ( 0.000000000000000000, 0.000000000000000000, 1.000000000000000000 ) ) ;
#939 = DIRECTION ( 'NONE',  ( -0.000000000000000000, 1.000000000000000000, -0.000000000000000000 ) ) ;
#940 = CC_DESIGN_APPROVAL ( #1288, ( #1391 ) ) ;
#941 = VECTOR ( 'NONE', #1625, 1000.000000000000000 ) ;
#942 = VECTOR ( 'NONE', #628, 1000.000000000000000 ) ;
#943 = PLANE ( 'NONE',  #533 ) ;
#944 = AXIS2_PLACEMENT_3D ( 'NONE', #1469, #41, #634 ) ;
#945 = CARTESIAN_POINT ( 'NONE',  ( 8.597999999999998977, 8.128000000000000114, -3.454399999999999693 ) ) ;
#946 = VERTEX_POINT ( 'NONE', #1857 ) ;
#947 = LINE ( 'NONE', #1108, #383 ) ;
#948 = CARTESIAN_POINT ( 'NONE',  ( 3.999999999999999112, 8.749808637742008344, 9.245599999999994267 ) ) ;
#949 = VERTEX_POINT ( 'NONE', #1724 ) ;
#950 = ADVANCED_FACE ( 'NONE', ( #435 ), #1735, .F. ) ;
#951 = DIRECTION ( 'NONE',  ( 0.4564937693317857037, 0.8897266088868301948, 0.000000000000000000 ) ) ;
#952 = EDGE_CURVE ( 'NONE', #970, #1430, #898, .T. ) ;
#953 = CYLINDRICAL_SURFACE ( 'NONE', #352, 0.7619999999999961249 ) ;
#954 = ORIENTED_EDGE ( 'NONE', *, *, #348, .T. ) ;
#955 = PERSON ( 'UNSPECIFIED', 'UNSPECIFIED', 'UNSPECIFIED', ('UNSPECIFIED'), ('UNSPECIFIED'), ('UNSPECIFIED') ) ;
#956 = ORIENTED_EDGE ( 'NONE', *, *, #70, .F. ) ;
#957 = ORIENTED_EDGE ( 'NONE', *, *, #570, .F. ) ;
#958 = CARTESIAN_POINT ( 'NONE',  ( 38.10000000000000142, 12.01732996637347384, -3.454399999999999693 ) ) ;
#959 = VERTEX_POINT ( 'NONE', #197 ) ;
#960 = DIRECTION ( 'NONE',  ( -0.000000000000000000, 1.000000000000000000, 0.000000000000000000 ) ) ;
#961 = LINE ( 'NONE', #930, #1245 ) ;
#962 = DIRECTION ( 'NONE',  ( 1.000000000000000000, 0.000000000000000000, 0.000000000000000000 ) ) ;
#963 = VERTEX_POINT ( 'NONE', #655 ) ;
#964 = EDGE_CURVE ( 'NONE', #1414, #1449, #362, .T. ) ;
#965 = ORIENTED_EDGE ( 'NONE', *, *, #155, .T. ) ;
#966 = DIRECTION ( 'NONE',  ( 0.000000000000000000, 0.000000000000000000, 1.000000000000000000 ) ) ;
#967 = DIRECTION ( 'NONE',  ( 0.000000000000000000, 0.000000000000000000, 1.000000000000000000 ) ) ;
#968 = CARTESIAN_POINT ( 'NONE',  ( 9.397999999999999687, 8.128000000000000114, 2.895599999999999952 ) ) ;
#969 = DIRECTION ( 'NONE',  ( 0.000000000000000000, 0.000000000000000000, 1.000000000000000000 ) ) ;
#970 = VERTEX_POINT ( 'NONE', #1340 ) ;
#971 = ORIENTED_EDGE ( 'NONE', *, *, #883, .F. ) ;
#972 = VECTOR ( 'NONE', #56, 1000.000000000000000 ) ;
#973 = VERTEX_POINT ( 'NONE', #794 ) ;
#974 = EDGE_CURVE ( 'NONE', #1731, #1229, #221, .T. ) ;
#975 = PLANE ( 'NONE',  #735 ) ;
#976 = EDGE_LOOP ( 'NONE', ( #576, #541, #1005, #1503 ) ) ;
#977 = AXIS2_PLACEMENT_3D ( 'NONE', #1282, #717, #15 ) ;
#978 = VECTOR ( 'NONE', #885, 1000.000000000000000 ) ;
#979 = MECHANICAL_CONTEXT ( 'NONE', #771, 'mechanical' ) ;
#980 = DIRECTION ( 'NONE',  ( 0.000000000000000000, 0.000000000000000000, 1.000000000000000000 ) ) ;
#981 = ORIENTED_EDGE ( 'NONE', *, *, #1445, .T. ) ;
#982 = VECTOR ( 'NONE', #10, 1000.000000000000000 ) ;
#983 = VERTEX_POINT ( 'NONE', #227 ) ;
#984 = CARTESIAN_POINT ( 'NONE',  ( 0.07619999999999998996, 8.051800000000000068, 2.895599999999999952 ) ) ;
#985 = DIRECTION ( 'NONE',  ( 0.000000000000000000, -0.000000000000000000, 1.000000000000000000 ) ) ;
#986 = EDGE_LOOP ( 'NONE', ( #1292, #697, #987, #1831 ) ) ;
#987 = ORIENTED_EDGE ( 'NONE', *, *, #274, .F. ) ;
#988 = EDGE_CURVE ( 'NONE', #1687, #1000, #310, .T. ) ;
#989 = EDGE_LOOP ( 'NONE', ( #345, #1091, #1230, #659, #1201, #591, #814, #120, #1266, #1765, #358, #37, #186, #1584 ) ) ;
#990 = DIRECTION ( 'NONE',  ( 0.000000000000000000, -0.000000000000000000, 1.000000000000000000 ) ) ;
#991 = LINE ( 'NONE', #538, #359 ) ;
#992 = ORIENTED_EDGE ( 'NONE', *, *, #1204, .T. ) ;
#993 = DIRECTION ( 'NONE',  ( 0.000000000000000000, -0.000000000000000000, -1.000000000000000000 ) ) ;
#994 = EDGE_LOOP ( 'NONE', ( #690, #1020, #223, #1675 ) ) ;
#995 =( LENGTH_UNIT ( ) NAMED_UNIT ( * ) SI_UNIT ( .MILLI., .METRE. ) );
#996 = ORIENTED_EDGE ( 'NONE', *, *, #1560, .F. ) ;
#997 = CARTESIAN_POINT ( 'NONE',  ( 0.000000000000000000, 0.000000000000000000, -9.525000000000000355 ) ) ;
#998 = EDGE_CURVE ( 'NONE', #1743, #1731, #785, .T. ) ;
#999 = CYLINDRICAL_SURFACE ( 'NONE', #857, 2.830191362257992171 ) ;
#1000 = VERTEX_POINT ( 'NONE', #644 ) ;
#1001 = ORIENTED_EDGE ( 'NONE', *, *, #134, .F. ) ;
#1002 = APPROVAL_PERSON_ORGANIZATION ( #61, #1712, #1632 ) ;
#1003 = AXIS2_PLACEMENT_3D ( 'NONE', #1052, #1479, #1494 ) ;
#1004 = PERSON_AND_ORGANIZATION ( #955, #852 ) ;
#1005 = ORIENTED_EDGE ( 'NONE', *, *, #964, .F. ) ;
#1006 = CIRCLE ( 'NONE', #1602, 2.753991362257990794 ) ;
#1007 = LINE ( 'NONE', #133, #1640 ) ;
#1008 = EDGE_CURVE ( 'NONE', #1428, #1740, #1367, .T. ) ;
#1009 = AXIS2_PLACEMENT_3D ( 'NONE', #535, #1104, #1303 ) ;
#1010 = CARTESIAN_POINT ( 'NONE',  ( 1.549700604354575795, 10.00698853540633948, 2.895600000000001728 ) ) ;
#1011 = DIRECTION ( 'NONE',  ( 0.7035276524628815142, -0.7106678846128245963, 0.000000000000000000 ) ) ;
#1012 = ORIENTED_EDGE ( 'NONE', *, *, #1093, .T. ) ;
#1013 = CARTESIAN_POINT ( 'NONE',  ( 0.000000000000000000, 8.128000000000000114, -9.525000000000000355 ) ) ;
#1014 = PLANE ( 'NONE',  #798 ) ;
#1015 = ORIENTED_EDGE ( 'NONE', *, *, #486, .F. ) ;
#1016 = DIRECTION ( 'NONE',  ( 0.000000000000000000, 0.000000000000000000, 1.000000000000000000 ) ) ;
#1017 = VERTEX_POINT ( 'NONE', #73 ) ;
#1018 = LINE ( 'NONE', #997, #1330 ) ;
#1019 = CARTESIAN_POINT ( 'NONE',  ( 0.07619999999999998996, 7.094565553844713435, -2.895599999999999952 ) ) ;
#1020 = ORIENTED_EDGE ( 'NONE', *, *, #622, .F. ) ;
#1021 = PRODUCT_RELATED_PRODUCT_CATEGORY ( 'detail', '', ( #738 ) ) ;
#1022 = ORIENTED_EDGE ( 'NONE', *, *, #1427, .T. ) ;
#1023 = ADVANCED_FACE ( 'NONE', ( #1777 ), #1014, .F. ) ;
#1024 = CARTESIAN_POINT ( 'NONE',  ( 0.000000000000000000, 2.920999999999999819, 0.7619999999999961249 ) ) ;
#1025 = DIRECTION ( 'NONE',  ( 0.4564937693317858147, 0.8897266088868300837, 0.000000000000000000 ) ) ;
#1026 = VERTEX_POINT ( 'NONE', #509 ) ;
#1027 = DIRECTION ( 'NONE',  ( 0.000000000000000000, 0.000000000000000000, 1.000000000000000000 ) ) ;
#1028 = CARTESIAN_POINT ( 'NONE',  ( 5.957173215657877385, 10.68731771573442479, -9.525000000000000355 ) ) ;
#1029 = DIRECTION ( 'NONE',  ( -1.000000000000000000, -0.000000000000000000, -0.000000000000000000 ) ) ;
#1030 = ADVANCED_FACE ( 'NONE', ( #865 ), #1438, .F. ) ;
#1031 = LINE ( 'NONE', #1202, #1729 ) ;
#1032 = VECTOR ( 'NONE', #471, 1000.000000000000000 ) ;
#1033 = CARTESIAN_POINT ( 'NONE',  ( 8.597999999999998977, 8.128000000000000114, -9.245599999999999596 ) ) ;
#1034 = ORIENTED_EDGE ( 'NONE', *, *, #1853, .T. ) ;
#1035 = ORIENTED_EDGE ( 'NONE', *, *, #988, .T. ) ;
#1036 = VECTOR ( 'NONE', #507, 1000.000000000000000 ) ;
#1037 = CARTESIAN_POINT ( 'NONE',  ( 1.481903436757397330, 10.04177336062942061, -9.525000000000000355 ) ) ;
#1038 = EDGE_LOOP ( 'NONE', ( #1673, #1284 ) ) ;
#1039 = LINE ( 'NONE', #1630, #1474 ) ;
#1040 = ORIENTED_EDGE ( 'NONE', *, *, #605, .T. ) ;
#1041 = CARTESIAN_POINT ( 'NONE',  ( 0.000000000000000000, 7.094565553844713435, -3.454399999999999693 ) ) ;
#1042 = EDGE_CURVE ( 'NONE', #431, #1678, #1006, .T. ) ;
#1043 = ORIENTED_EDGE ( 'NONE', *, *, #35, .T. ) ;
#1044 = LINE ( 'NONE', #182, #202 ) ;
#1045 = EDGE_CURVE ( 'NONE', #946, #1830, #350, .T. ) ;
#1046 = CARTESIAN_POINT ( 'NONE',  ( 5.957173215657877385, 10.68731771573442479, -9.525000000000000355 ) ) ;
#1047 = PRODUCT_DEFINITION_SHAPE ( 'NONE', 'NONE',  #577 ) ;
#1048 = LINE ( 'NONE', #1620, #1850 ) ;
#1049 = ORIENTED_EDGE ( 'NONE', *, *, #5, .F. ) ;
#1050 = DIRECTION ( 'NONE',  ( 1.000000000000000000, 0.000000000000000000, 0.000000000000000000 ) ) ;
#1051 = ORIENTED_EDGE ( 'NONE', *, *, #1689, .T. ) ;
#1052 = CARTESIAN_POINT ( 'NONE',  ( 0.07620000000000543006, 2.920999999999999819, 0.000000000000000000 ) ) ;
#1053 = FACE_OUTER_BOUND ( 'NONE', #549, .T. ) ;
#1054 = ORIENTED_EDGE ( 'NONE', *, *, #1110, .F. ) ;
#1055 = EDGE_CURVE ( 'NONE', #949, #783, #1189, .T. ) ;
#1056 = CARTESIAN_POINT ( 'NONE',  ( 0.07620000000000543006, 2.920999999999999819, -7.111999999999994770 ) ) ;
#1057 = DIRECTION ( 'NONE',  ( -0.000000000000000000, 0.000000000000000000, 1.000000000000000000 ) ) ;
#1058 = PERSON_AND_ORGANIZATION ( #955, #852 ) ;
#1059 = EDGE_LOOP ( 'NONE', ( #1803, #1040, #1133, #1672 ) ) ;
#1060 = LINE ( 'NONE', #1401, #506 ) ;
#1061 = DIRECTION ( 'NONE',  ( -1.000000000000000000, -0.000000000000000000, -0.000000000000000000 ) ) ;
#1062 = VECTOR ( 'NONE', #1144, 1000.000000000000000 ) ;
#1063 = ADVANCED_FACE ( 'NONE', ( #518 ), #663, .T. ) ;
#1064 = ORIENTED_EDGE ( 'NONE', *, *, #657, .F. ) ;
#1065 = LOCAL_TIME ( 14, 42, 59.00000000000000000, #475 ) ;
#1066 = AXIS2_PLACEMENT_3D ( 'NONE', #404, #669, #1387 ) ;
#1067 = AXIS2_PLACEMENT_3D ( 'NONE', #1839, #550, #1115 ) ;
#1068 = PLANE ( 'NONE',  #853 ) ;
#1069 = EDGE_CURVE ( 'NONE', #1194, #603, #1825, .T. ) ;
#1070 = VECTOR ( 'NONE', #1327, 1000.000000000000000 ) ;
#1071 = CARTESIAN_POINT ( 'NONE',  ( 0.000000000000000000, 12.01732996637347384, 9.245599999999997820 ) ) ;
#1072 = EDGE_LOOP ( 'NONE', ( #1610, #903, #1173, #749, #420, #841, #189, #1043, #762, #921, #1111, #44, #217, #1051 ) ) ;
#1073 = DIRECTION ( 'NONE',  ( 0.000000000000000000, 0.000000000000000000, 1.000000000000000000 ) ) ;
#1074 = CARTESIAN_POINT ( 'NONE',  ( 5.957173215657877385, 10.68731771573442479, -3.454399999999999693 ) ) ;
#1075 = FACE_OUTER_BOUND ( 'NONE', #482, .T. ) ;
#1076 = CARTESIAN_POINT ( 'NONE',  ( 8.597999999999998977, 8.128000000000000114, -2.895599999999999952 ) ) ;
#1077 = VERTEX_POINT ( 'NONE', #99 ) ;
#1078 = EDGE_CURVE ( 'NONE', #712, #603, #1668, .T. ) ;
#1079 = DIRECTION ( 'NONE',  ( 0.000000000000000000, -0.000000000000000000, -1.000000000000000000 ) ) ;
#1080 = PLANE ( 'NONE',  #592 ) ;
#1081 = ORIENTED_EDGE ( 'NONE', *, *, #988, .F. ) ;
#1082 = LINE ( 'NONE', #395, #913 ) ;
#1083 = CARTESIAN_POINT ( 'NONE',  ( 1.481903436757398218, 10.04177336062942061, 9.245599999999994267 ) ) ;
#1084 = ORIENTED_EDGE ( 'NONE', *, *, #622, .T. ) ;
#1085 = CARTESIAN_POINT ( 'NONE',  ( 6.011326108465374851, 10.74092652285209581, -9.525000000000000355 ) ) ;
#1086 = CARTESIAN_POINT ( 'NONE',  ( 6.011326108465374851, 10.74092652285209581, -2.895599999999999952 ) ) ;
#1087 = FACE_OUTER_BOUND ( 'NONE', #257, .T. ) ;
#1088 = EDGE_CURVE ( 'NONE', #840, #1589, #1572, .T. ) ;
#1089 = PLANE ( 'NONE',  #1269 ) ;
#1090 = VERTEX_POINT ( 'NONE', #210 ) ;
#1091 = ORIENTED_EDGE ( 'NONE', *, *, #45, .T. ) ;
#1092 = CARTESIAN_POINT ( 'NONE',  ( 0.07619999999999998996, 8.051800000000000068, -3.454399999999999693 ) ) ;
#1093 = EDGE_CURVE ( 'NONE', #1135, #1702, #66, .T. ) ;
#1094 = CARTESIAN_POINT ( 'NONE',  ( 38.10000000000000142, 2.920999999999999819, -0.7619999999999961249 ) ) ;
#1095 = VECTOR ( 'NONE', #1663, 1000.000000000000000 ) ;
#1096 = VECTOR ( 'NONE', #492, 1000.000000000000000 ) ;
#1097 = VERTEX_POINT ( 'NONE', #1074 ) ;
#1098 = AXIS2_PLACEMENT_3D ( 'NONE', #1206, #498, #81 ) ;
#1099 = CARTESIAN_POINT ( 'NONE',  ( 9.397999999999999687, 8.128000000000000114, -9.245599999999999596 ) ) ;
#1100 = VECTOR ( 'NONE', #1106, 1000.000000000000000 ) ;
#1101 = CC_DESIGN_PERSON_AND_ORGANIZATION_ASSIGNMENT ( #1058, #1313, ( #1391 ) ) ;
#1102 = DIRECTION ( 'NONE',  ( -1.000000000000000000, -0.000000000000000000, -0.000000000000000000 ) ) ;
#1103 = CARTESIAN_POINT ( 'NONE',  ( 8.597999999999998977, 8.128000000000000114, -9.525000000000000355 ) ) ;
#1104 = DIRECTION ( 'NONE',  ( -1.000000000000000000, 0.000000000000000000, 0.000000000000000000 ) ) ;
#1105 = CARTESIAN_POINT ( 'NONE',  ( 0.5465482029684771703, 8.051800000000000068, -9.525000000000000355 ) ) ;
#1106 = DIRECTION ( 'NONE',  ( -0.4564937693317858147, -0.8897266088868300837, 0.000000000000000000 ) ) ;
#1107 = ORIENTED_EDGE ( 'NONE', *, *, #1492, .T. ) ;
#1108 = CARTESIAN_POINT ( 'NONE',  ( 0.07619999999999998996, 0.000000000000000000, 2.895599999999999952 ) ) ;
#1109 = DIRECTION ( 'NONE',  ( 0.000000000000000000, -1.000000000000000000, 0.000000000000000000 ) ) ;
#1110 = EDGE_CURVE ( 'NONE', #1077, #47, #1685, .T. ) ;
#1111 = ORIENTED_EDGE ( 'NONE', *, *, #1429, .T. ) ;
#1112 = ORIENTED_EDGE ( 'NONE', *, *, #1429, .F. ) ;
#1113 = DIRECTION ( 'NONE',  ( -1.000000000000000000, -0.000000000000000000, -0.000000000000000000 ) ) ;
#1114 = CARTESIAN_POINT ( 'NONE',  ( 38.10000000000000142, 2.920999999999999819, -6.349999999999999645 ) ) ;
#1115 = DIRECTION ( 'NONE',  ( -0.4564937693317857037, -0.8897266088868301948, 0.000000000000000000 ) ) ;
#1116 = ORIENTED_EDGE ( 'NONE', *, *, #730, .F. ) ;
#1117 = CLOSED_SHELL ( 'NONE', ( #706, #1619, #802, #1227, #1451, #792, #522, #239, #1384, #1063, #1782, #237, #388, #1642, #1413, #1679, #112, #1715, #16, #93, #950, #42, #1375, #667, #715, #1601, #1800, #1396, #927, #1592, #585, #1725, #318, #834, #1628, #1833, #499, #1362, #78, #1837, #417, #676, #822, #1023, #896, #1180, #122, #1654, #812, #1342, #1030, #1238, #1841, #1169 ) ) ;
#1118 = EDGE_CURVE ( 'NONE', #866, #380, #375, .T. ) ;
#1119 = EDGE_LOOP ( 'NONE', ( #847, #1553, #1466, #1369 ) ) ;
#1120 = CARTESIAN_POINT ( 'NONE',  ( 38.10000000000000142, 2.920999999999999819, -5.588000000000004519 ) ) ;
#1121 = CARTESIAN_POINT ( 'NONE',  ( 0.07619999999999998996, 7.094565553844713435, -9.525000000000000355 ) ) ;
#1122 = EDGE_CURVE ( 'NONE', #1017, #31, #354, .T. ) ;
#1123 = VECTOR ( 'NONE', #1637, 1000.000000000000000 ) ;
#1124 = DIRECTION ( 'NONE',  ( 0.000000000000000000, 0.000000000000000000, 1.000000000000000000 ) ) ;
#1125 = VECTOR ( 'NONE', #477, 1000.000000000000000 ) ;
#1126 = ORIENTED_EDGE ( 'NONE', *, *, #1078, .T. ) ;
#1127 = VECTOR ( 'NONE', #1472, 1000.000000000000000 ) ;
#1128 = CARTESIAN_POINT ( 'NONE',  ( 38.10000000000000142, 12.01732996637347384, 3.454399999999999693 ) ) ;
#1129 = CARTESIAN_POINT ( 'NONE',  ( 0.000000000000000000, 2.920999999999999819, 6.349999999999999645 ) ) ;
#1130 = CARTESIAN_POINT ( 'NONE',  ( 8.566211321530822431, 8.051800000000000068, 3.454399999999999693 ) ) ;
#1131 = DIRECTION ( 'NONE',  ( -1.000000000000000000, -0.000000000000000000, -0.000000000000000000 ) ) ;
#1132 = ORIENTED_EDGE ( 'NONE', *, *, #1615, .F. ) ;
#1133 = ORIENTED_EDGE ( 'NONE', *, *, #1158, .T. ) ;
#1134 = CARTESIAN_POINT ( 'NONE',  ( 8.566211321530822431, 8.051800000000000068, 2.895599999999999952 ) ) ;
#1135 = VERTEX_POINT ( 'NONE', #1257 ) ;
#1136 = CARTESIAN_POINT ( 'NONE',  ( 3.999999999999999112, 8.749808637742008344, -9.525000000000000355 ) ) ;
#1137 = EDGE_CURVE ( 'NONE', #959, #673, #32, .T. ) ;
#1138 = ORIENTED_EDGE ( 'NONE', *, *, #1689, .F. ) ;
#1139 = LINE ( 'NONE', #710, #142 ) ;
#1140 = FACE_OUTER_BOUND ( 'NONE', #1281, .T. ) ;
#1141 = PLANE ( 'NONE',  #1154 ) ;
#1142 = ORIENTED_EDGE ( 'NONE', *, *, #188, .F. ) ;
#1143 = LINE ( 'NONE', #139, #528 ) ;
#1144 = DIRECTION ( 'NONE',  ( 0.000000000000000000, 1.000000000000000000, 0.000000000000000000 ) ) ;
#1145 = EDGE_LOOP ( 'NONE', ( #1373, #1706, #571, #869 ) ) ;
#1146 = VERTEX_POINT ( 'NONE', #1372 ) ;
#1147 = EDGE_CURVE ( 'NONE', #160, #666, #1732, .T. ) ;
#1148 = DIRECTION ( 'NONE',  ( 0.000000000000000000, -0.000000000000000000, -1.000000000000000000 ) ) ;
#1149 = PERSON_AND_ORGANIZATION_ROLE ( 'design_owner' ) ;
#1150 = EDGE_LOOP ( 'NONE', ( #406, #1686, #1142, #290 ) ) ;
#1151 = DIRECTION ( 'NONE',  ( 0.000000000000000000, 0.000000000000000000, 1.000000000000000000 ) ) ;
#1152 = ORIENTED_EDGE ( 'NONE', *, *, #100, .T. ) ;
#1153 = VECTOR ( 'NONE', #575, 1000.000000000000000 ) ;
#1154 = AXIS2_PLACEMENT_3D ( 'NONE', #584, #9, #854 ) ;
#1155 = CIRCLE ( 'NONE', #1482, 0.7619999999999953477 ) ;
#1156 = COORDINATED_UNIVERSAL_TIME_OFFSET ( 5, 0, .BEHIND. ) ;
#1157 = ORIENTED_EDGE ( 'NONE', *, *, #353, .F. ) ;
#1158 = EDGE_CURVE ( 'NONE', #824, #1229, #562, .T. ) ;
#1159 = AXIS2_PLACEMENT_3D ( 'NONE', #1348, #1658, #76 ) ;
#1160 = CARTESIAN_POINT ( 'NONE',  ( 0.5000000000000001110, 8.128000000000000114, -2.895599999999999064 ) ) ;
#1161 = AXIS2_PLACEMENT_3D ( 'NONE', #817, #993, #685 ) ;
#1162 = EDGE_CURVE ( 'NONE', #848, #1691, #1579, .T. ) ;
#1163 = LINE ( 'NONE', #1041, #1793 ) ;
#1164 = EDGE_LOOP ( 'NONE', ( #127, #696, #211, #306 ) ) ;
#1165 = PERSON_AND_ORGANIZATION ( #955, #852 ) ;
#1166 = ORIENTED_EDGE ( 'NONE', *, *, #1264, .F. ) ;
#1167 = CARTESIAN_POINT ( 'NONE',  ( 0.5000000000000000000, 8.128000000000000114, 9.245599999999997820 ) ) ;
#1168 = LINE ( 'NONE', #276, #729 ) ;
#1169 = ADVANCED_FACE ( 'NONE', ( #204 ), #744, .F. ) ;
#1170 = LINE ( 'NONE', #1037, #797 ) ;
#1171 = DIRECTION ( 'NONE',  ( -1.000000000000000000, 0.000000000000000000, -0.000000000000000000 ) ) ;
#1172 = CARTESIAN_POINT ( 'NONE',  ( 8.597999999999998977, 8.128000000000000114, -9.525000000000000355 ) ) ;
#1173 = ORIENTED_EDGE ( 'NONE', *, *, #100, .F. ) ;
#1174 = ORIENTED_EDGE ( 'NONE', *, *, #1403, .T. ) ;
#1175 = DIRECTION ( 'NONE',  ( 0.000000000000000000, 1.000000000000000000, 0.000000000000000000 ) ) ;
#1176 = LINE ( 'NONE', #907, #411 ) ;
#1177 = DIRECTION ( 'NONE',  ( 0.000000000000000000, -0.000000000000000000, -1.000000000000000000 ) ) ;
#1178 = ORIENTED_EDGE ( 'NONE', *, *, #642, .F. ) ;
#1179 = CARTESIAN_POINT ( 'NONE',  ( 0.000000000000000000, 7.094565553844713435, -3.454399999999999693 ) ) ;
#1180 = ADVANCED_FACE ( 'NONE', ( #271 ), #1802, .F. ) ;
#1181 = EDGE_CURVE ( 'NONE', #1525, #1026, #521, .T. ) ;
#1182 = AXIS2_PLACEMENT_3D ( 'NONE', #922, #646, #1218 ) ;
#1183 = DIRECTION ( 'NONE',  ( 0.8897266088868300837, -0.4564937693317858147, 0.000000000000000000 ) ) ;
#1184 = CC_DESIGN_SECURITY_CLASSIFICATION ( #1298, ( #1391 ) ) ;
#1185 = CARTESIAN_POINT ( 'NONE',  ( 8.566211321530822431, 8.051800000000000068, 2.895599999999999952 ) ) ;
#1186 = AXIS2_PLACEMENT_3D ( 'NONE', #1834, #1822, #1804 ) ;
#1187 = DIRECTION ( 'NONE',  ( 0.000000000000000000, -0.000000000000000000, -1.000000000000000000 ) ) ;
#1188 = CYLINDRICAL_SURFACE ( 'NONE', #296, 0.7619999999999961249 ) ;
#1189 = CIRCLE ( 'NONE', #1098, 2.830191362257992171 ) ;
#1190 = CARTESIAN_POINT ( 'NONE',  ( 0.07619999999999998996, 8.051800000000000068, -9.525000000000000355 ) ) ;
#1191 = VECTOR ( 'NONE', #1709, 1000.000000000000000 ) ;
#1192 = ORIENTED_EDGE ( 'NONE', *, *, #437, .F. ) ;
#1193 = EDGE_CURVE ( 'NONE', #1097, #3, #55, .T. ) ;
#1194 = VERTEX_POINT ( 'NONE', #1845 ) ;
#1195 = CARTESIAN_POINT ( 'NONE',  ( 0.000000000000000000, 2.920999999999999819, -7.111999999999994770 ) ) ;
#1196 = FACE_OUTER_BOUND ( 'NONE', #226, .T. ) ;
#1197 = ORIENTED_EDGE ( 'NONE', *, *, #580, .F. ) ;
#1198 = CARTESIAN_POINT ( 'NONE',  ( 6.011326108465374851, 10.74092652285209581, -2.895599999999999952 ) ) ;
#1199 = CARTESIAN_POINT ( 'NONE',  ( 0.07619999999999998996, 0.000000000000000000, -9.245599999999999596 ) ) ;
#1200 = DIRECTION ( 'NONE',  ( -0.000000000000000000, 1.000000000000000000, -0.000000000000000000 ) ) ;
#1201 = ORIENTED_EDGE ( 'NONE', *, *, #1277, .T. ) ;
#1202 = CARTESIAN_POINT ( 'NONE',  ( 1.549700604354575795, 10.00698853540633948, -9.525000000000000355 ) ) ;
#1203 = CARTESIAN_POINT ( 'NONE',  ( 9.397999999999999687, 8.051800000000001845, 2.895599999999999952 ) ) ;
#1204 = EDGE_CURVE ( 'NONE', #1702, #983, #839, .T. ) ;
#1205 = FACE_OUTER_BOUND ( 'NONE', #989, .T. ) ;
#1206 = CARTESIAN_POINT ( 'NONE',  ( 3.999999999999999112, 8.749808637742008344, 3.454399999999999693 ) ) ;
#1207 = ORIENTED_EDGE ( 'NONE', *, *, #620, .T. ) ;
#1208 = DIRECTION ( 'NONE',  ( 0.000000000000000000, -0.000000000000000000, -1.000000000000000000 ) ) ;
#1209 = ORIENTED_EDGE ( 'NONE', *, *, #262, .T. ) ;
#1210 = DIRECTION ( 'NONE',  ( -1.000000000000000000, -0.000000000000000000, -0.000000000000000000 ) ) ;
#1211 = LINE ( 'NONE', #1351, #1219 ) ;
#1212 = CYLINDRICAL_SURFACE ( 'NONE', #1363, 0.7619999999999953477 ) ;
#1213 = AXIS2_PLACEMENT_3D ( 'NONE', #97, #1232, #1814 ) ;
#1214 = DIRECTION ( 'NONE',  ( 0.000000000000000000, -1.000000000000000000, 0.000000000000000000 ) ) ;
#1215 = DIRECTION ( 'NONE',  ( 0.000000000000000000, -0.000000000000000000, -1.000000000000000000 ) ) ;
#1216 = ORIENTED_EDGE ( 'NONE', *, *, #1204, .F. ) ;
#1217 = CIRCLE ( 'NONE', #1541, 2.753991362257990794 ) ;
#1218 = DIRECTION ( 'NONE',  ( 1.000000000000000000, 0.000000000000000000, 0.000000000000000000 ) ) ;
#1219 = VECTOR ( 'NONE', #12, 1000.000000000000000 ) ;
#1220 = ORIENTED_EDGE ( 'NONE', *, *, #131, .T. ) ;
#1221 = ORIENTED_EDGE ( 'NONE', *, *, #1306, .T. ) ;
#1222 = CARTESIAN_POINT ( 'NONE',  ( 8.566211321530822431, 8.051800000000000068, -9.525000000000000355 ) ) ;
#1223 = DIRECTION ( 'NONE',  ( -1.000000000000000000, -1.838805141352142777E-15, 0.000000000000000000 ) ) ;
#1224 = DIRECTION ( 'NONE',  ( -1.000000000000000000, 0.000000000000000000, 0.000000000000000000 ) ) ;
#1225 = CARTESIAN_POINT ( 'NONE',  ( 0.07619999999999998996, 8.051800000000000068, 2.895599999999999952 ) ) ;
#1226 = EDGE_CURVE ( 'NONE', #1750, #866, #1516, .T. ) ;
#1227 = ADVANCED_FACE ( 'NONE', ( #1692 ), #975, .T. ) ;
#1228 = DIRECTION ( 'NONE',  ( -1.000000000000000000, 0.000000000000000000, 0.000000000000000000 ) ) ;
#1229 = VERTEX_POINT ( 'NONE', #619 ) ;
#1230 = ORIENTED_EDGE ( 'NONE', *, *, #1226, .T. ) ;
#1231 = LINE ( 'NONE', #96, #502 ) ;
#1232 = DIRECTION ( 'NONE',  ( 0.000000000000000000, 0.000000000000000000, 1.000000000000000000 ) ) ;
#1233 = ORIENTED_EDGE ( 'NONE', *, *, #45, .F. ) ;
#1234 = LINE ( 'NONE', #793, #531 ) ;
#1235 = ORIENTED_EDGE ( 'NONE', *, *, #915, .F. ) ;
#1236 = EDGE_CURVE ( 'NONE', #1812, #1414, #882, .T. ) ;
#1237 = EDGE_LOOP ( 'NONE', ( #455, #77, #1376, #547, #1054, #1504, #190, #1817, #767, #1844, #1192, #316, #1578, #918, #527, #878 ) ) ;
#1238 = ADVANCED_FACE ( 'NONE', ( #163 ), #606, .F. ) ;
#1239 = ORIENTED_EDGE ( 'NONE', *, *, #1688, .T. ) ;
#1240 = CARTESIAN_POINT ( 'NONE',  ( 0.5465482029684771703, 8.051800000000000068, 9.245599999999994267 ) ) ;
#1241 = FACE_OUTER_BOUND ( 'NONE', #1237, .T. ) ;
#1242 = ORIENTED_EDGE ( 'NONE', *, *, #131, .F. ) ;
#1243 = VECTOR ( 'NONE', #1400, 1000.000000000000000 ) ;
#1244 = CARTESIAN_POINT ( 'NONE',  ( 9.397999999999999687, 8.128000000000000114, -9.525000000000000355 ) ) ;
#1245 = VECTOR ( 'NONE', #265, 1000.000000000000000 ) ;
#1246 = CARTESIAN_POINT ( 'NONE',  ( 8.597999999999998977, 8.128000000000000114, -2.895599999999999952 ) ) ;
#1247 = EDGE_LOOP ( 'NONE', ( #409, #7, #1744, #1693 ) ) ;
#1248 = AXIS2_PLACEMENT_3D ( 'NONE', #50, #1752, #1187 ) ;
#1249 = AXIS2_PLACEMENT_3D ( 'NONE', #1253, #517, #742 ) ;
#1250 = DIRECTION ( 'NONE',  ( -0.000000000000000000, -0.000000000000000000, 1.000000000000000000 ) ) ;
#1251 = EDGE_CURVE ( 'NONE', #1229, #1424, #84, .T. ) ;
#1252 = CARTESIAN_POINT ( 'NONE',  ( 0.07620000000001236895, 7.094565553844713435, -9.245599999999999596 ) ) ;
#1253 = CARTESIAN_POINT ( 'NONE',  ( 9.397999999999999687, 8.128000000000000114, -9.525000000000000355 ) ) ;
#1254 = VERTEX_POINT ( 'NONE', #933 ) ;
#1255 = DIRECTION ( 'NONE',  ( -1.000000000000000000, 0.000000000000000000, 0.000000000000000000 ) ) ;
#1256 = CARTESIAN_POINT ( 'NONE',  ( 5.957173215657877385, 10.68731771573442479, -9.245599999999999596 ) ) ;
#1257 = CARTESIAN_POINT ( 'NONE',  ( 0.000000000000000000, 8.128000000000000114, 3.454399999999999693 ) ) ;
#1258 = EDGE_CURVE ( 'NONE', #578, #1659, #658, .T. ) ;
#1259 = LINE ( 'NONE', #1121, #90 ) ;
#1260 = ORIENTED_EDGE ( 'NONE', *, *, #176, .T. ) ;
#1261 = PLANE ( 'NONE',  #1660 ) ;
#1262 = LINE ( 'NONE', #132, #1571 ) ;
#1263 = LINE ( 'NONE', #845, #1062 ) ;
#1264 = EDGE_CURVE ( 'NONE', #36, #844, #1382, .T. ) ;
#1265 = ORIENTED_EDGE ( 'NONE', *, *, #58, .T. ) ;
#1266 = ORIENTED_EDGE ( 'NONE', *, *, #1042, .T. ) ;
#1267 = AXIS2_PLACEMENT_3D ( 'NONE', #678, #1250, #929 ) ;
#1268 = DIRECTION ( 'NONE',  ( 0.000000000000000000, -1.000000000000000000, 0.000000000000000000 ) ) ;
#1269 = AXIS2_PLACEMENT_3D ( 'NONE', #1498, #222, #1079 ) ;
#1270 = EDGE_LOOP ( 'NONE', ( #1166, #935, #165, #1421 ) ) ;
#1271 = AXIS2_PLACEMENT_3D ( 'NONE', #784, #1214, #1148 ) ;
#1272 = APPROVAL_ROLE ( '' ) ;
#1273 = CARTESIAN_POINT ( 'NONE',  ( 0.07620000000001236895, 7.094565553844713435, 2.895599999999999952 ) ) ;
#1274 = CARTESIAN_POINT ( 'NONE',  ( 0.5000000000000000000, 8.128000000000000114, -3.454399999999998805 ) ) ;
#1275 = LINE ( 'NONE', #1562, #200 ) ;
#1276 = ORIENTED_EDGE ( 'NONE', *, *, #1319, .F. ) ;
#1277 = EDGE_CURVE ( 'NONE', #94, #1590, #1851, .T. ) ;
#1278 = DIRECTION ( 'NONE',  ( 0.000000000000000000, 0.000000000000000000, -1.000000000000000000 ) ) ;
#1279 = DIRECTION ( 'NONE',  ( -1.000000000000000000, 0.000000000000000000, 0.000000000000000000 ) ) ;
#1280 = EDGE_CURVE ( 'NONE', #1678, #970, #1843, .T. ) ;
#1281 = EDGE_LOOP ( 'NONE', ( #1138, #256, #1233, #1721 ) ) ;
#1282 = CARTESIAN_POINT ( 'NONE',  ( 0.07620000000000543006, 2.920999999999999819, 6.349999999999999645 ) ) ;
#1283 = PERSON_AND_ORGANIZATION ( #955, #852 ) ;
#1284 = ORIENTED_EDGE ( 'NONE', *, *, #309, .F. ) ;
#1285 = DIRECTION ( 'NONE',  ( -1.000000000000000000, -0.000000000000000000, -0.000000000000000000 ) ) ;
#1286 = CARTESIAN_POINT ( 'NONE',  ( 9.397999999999999687, 8.128000000000000114, -9.525000000000000355 ) ) ;
#1287 = DIRECTION ( 'NONE',  ( -1.000000000000000000, 0.000000000000000000, 0.000000000000000000 ) ) ;
#1288 = APPROVAL ( #1550, 'UNSPECIFIED' ) ;
#1289 = ORIENTED_EDGE ( 'NONE', *, *, #1560, .T. ) ;
#1290 = EDGE_CURVE ( 'NONE', #864, #639, #1406, .T. ) ;
#1291 = PLANE ( 'NONE',  #206 ) ;
#1292 = ORIENTED_EDGE ( 'NONE', *, *, #58, .F. ) ;
#1293 = DIRECTION ( 'NONE',  ( 0.000000000000000000, -1.000000000000000000, 0.000000000000000000 ) ) ;
#1294 = DIRECTION ( 'NONE',  ( -0.7035276524628815142, 0.7106678846128245963, 0.000000000000000000 ) ) ;
#1295 = CARTESIAN_POINT ( 'NONE',  ( 0.000000000000000000, 7.094565553844713435, 2.895599999999999952 ) ) ;
#1296 = DIRECTION ( 'NONE',  ( 0.000000000000000000, -1.000000000000000000, 0.000000000000000000 ) ) ;
#1297 = ORIENTED_EDGE ( 'NONE', *, *, #1343, .T. ) ;
#1298 = SECURITY_CLASSIFICATION ( '', '', #755 ) ;
#1299 = VECTOR ( 'NONE', #1344, 1000.000000000000000 ) ;
#1300 = AXIS2_PLACEMENT_3D ( 'NONE', #1467, #632, #207 ) ;
#1301 = CARTESIAN_POINT ( 'NONE',  ( 0.5465482029684771703, 8.051800000000000068, -9.525000000000000355 ) ) ;
#1302 = PERSON_AND_ORGANIZATION_ROLE ( 'classification_officer' ) ;
#1303 = DIRECTION ( 'NONE',  ( 0.000000000000000000, 0.000000000000000000, 1.000000000000000000 ) ) ;
#1304 = VERTEX_POINT ( 'NONE', #555 ) ;
#1305 = CARTESIAN_POINT ( 'NONE',  ( 9.397999999999999687, 8.128000000000000114, -2.895599999999999952 ) ) ;
#1306 = EDGE_CURVE ( 'NONE', #31, #1448, #259, .T. ) ;
#1307 = VECTOR ( 'NONE', #598, 1000.000000000000000 ) ;
#1308 = CARTESIAN_POINT ( 'NONE',  ( 0.000000000000000000, 8.128000000000000114, -9.525000000000000355 ) ) ;
#1309 = VECTOR ( 'NONE', #1224, 1000.000000000000000 ) ;
#1310 = VERTEX_POINT ( 'NONE', #1524 ) ;
#1311 = DIRECTION ( 'NONE',  ( 0.8897266088868300837, -0.4564937693317858147, 0.000000000000000000 ) ) ;
#1312 = CARTESIAN_POINT ( 'NONE',  ( 8.597999999999998977, 8.128000000000000114, 9.245599999999994267 ) ) ;
#1313 = PERSON_AND_ORGANIZATION_ROLE ( 'design_supplier' ) ;
#1314 = ORIENTED_EDGE ( 'NONE', *, *, #1490, .F. ) ;
#1315 = CARTESIAN_POINT ( 'NONE',  ( 0.07619999999999998996, 7.094565553844713435, 3.454399999999999693 ) ) ;
#1316 = DIRECTION ( 'NONE',  ( 0.000000000000000000, 0.000000000000000000, 1.000000000000000000 ) ) ;
#1317 = DIRECTION ( 'NONE',  ( 0.000000000000000000, 0.000000000000000000, 1.000000000000000000 ) ) ;
#1318 = ORIENTED_EDGE ( 'NONE', *, *, #753, .F. ) ;
#1319 = EDGE_CURVE ( 'NONE', #1310, #160, #422, .T. ) ;
#1320 = LINE ( 'NONE', #850, #1698 ) ;
#1321 = FACE_OUTER_BOUND ( 'NONE', #245, .T. ) ;
#1322 = EDGE_LOOP ( 'NONE', ( #401, #1260, #526, #833 ) ) ;
#1323 = DIRECTION ( 'NONE',  ( 0.000000000000000000, 0.000000000000000000, 1.000000000000000000 ) ) ;
#1324 = DIRECTION ( 'NONE',  ( -0.000000000000000000, 1.000000000000000000, 0.000000000000000000 ) ) ;
#1325 = EDGE_LOOP ( 'NONE', ( #1544, #1022, #554, #448 ) ) ;
#1326 = DIRECTION ( 'NONE',  ( 0.000000000000000000, 0.000000000000000000, 1.000000000000000000 ) ) ;
#1327 = DIRECTION ( 'NONE',  ( -1.000000000000000000, 0.000000000000000000, 0.000000000000000000 ) ) ;
#1328 = CARTESIAN_POINT ( 'NONE',  ( 0.5000000000000000000, 8.128000000000000114, -2.895599999999999064 ) ) ;
#1329 = EDGE_CURVE ( 'NONE', #1589, #1135, #991, .T. ) ;
#1330 = VECTOR ( 'NONE', #1586, 1000.000000000000000 ) ;
#1331 = CARTESIAN_POINT ( 'NONE',  ( 3.999999999999999112, 8.749808637742008344, -9.525000000000000355 ) ) ;
#1332 = DATE_TIME_ROLE ( 'classification_date' ) ;
#1333 = AXIS2_PLACEMENT_3D ( 'NONE', #374, #1507, #1388 ) ;
#1334 = CARTESIAN_POINT ( 'NONE',  ( 8.566211321530822431, 8.051800000000000068, -9.525000000000000355 ) ) ;
#1335 = LINE ( 'NONE', #489, #1791 ) ;
#1336 = VERTEX_POINT ( 'NONE', #1374 ) ;
#1337 = VECTOR ( 'NONE', #385, 1000.000000000000000 ) ;
#1338 = LINE ( 'NONE', #1198, #916 ) ;
#1339 = VECTOR ( 'NONE', #125, 1000.000000000000000 ) ;
#1340 = CARTESIAN_POINT ( 'NONE',  ( 0.5465482029684771703, 8.051800000000000068, -2.895599999999999952 ) ) ;
#1341 = CYLINDRICAL_SURFACE ( 'NONE', #1182, 2.753991362257990794 ) ;
#1342 = ADVANCED_FACE ( 'NONE', ( #1205 ), #1496, .F. ) ;
#1343 = EDGE_CURVE ( 'NONE', #963, #1077, #1667, .T. ) ;
#1344 = DIRECTION ( 'NONE',  ( 1.000000000000000000, 0.000000000000000000, 0.000000000000000000 ) ) ;
#1345 = DIRECTION ( 'NONE',  ( -1.000000000000000000, -2.085533887248126455E-15, 0.000000000000000000 ) ) ;
#1346 = ORIENTED_EDGE ( 'NONE', *, *, #1808, .T. ) ;
#1347 = EDGE_CURVE ( 'NONE', #959, #1439, #91, .T. ) ;
#1348 = CARTESIAN_POINT ( 'NONE',  ( 38.10000000000000142, 2.920999999999999819, -6.349999999999999645 ) ) ;
#1349 = ORIENTED_EDGE ( 'NONE', *, *, #143, .T. ) ;
#1350 = EDGE_CURVE ( 'NONE', #639, #128, #497, .T. ) ;
#1351 = CARTESIAN_POINT ( 'NONE',  ( 8.566211321530822431, 8.051800000000000068, -2.895599999999999952 ) ) ;
#1352 = DIRECTION ( 'NONE',  ( 0.000000000000000000, 0.000000000000000000, 1.000000000000000000 ) ) ;
#1353 = VERTEX_POINT ( 'NONE', #909 ) ;
#1354 = ORIENTED_EDGE ( 'NONE', *, *, #519, .T. ) ;
#1355 = DIRECTION ( 'NONE',  ( 0.4564937693317858147, 0.8897266088868300837, 0.000000000000000000 ) ) ;
#1356 = DIRECTION ( 'NONE',  ( 1.000000000000000000, 0.000000000000000000, 0.000000000000000000 ) ) ;
#1357 = ORIENTED_EDGE ( 'NONE', *, *, #102, .F. ) ;
#1358 = VERTEX_POINT ( 'NONE', #643 ) ;
#1359 = LINE ( 'NONE', #800, #1848 ) ;
#1360 = DIRECTION ( 'NONE',  ( -0.000000000000000000, -0.000000000000000000, 1.000000000000000000 ) ) ;
#1361 = EDGE_LOOP ( 'NONE', ( #514, #1682 ) ) ;
#1362 = ADVANCED_FACE ( 'NONE', ( #1485 ), #361, .T. ) ;
#1363 = AXIS2_PLACEMENT_3D ( 'NONE', #1626, #321, #748 ) ;
#1364 = CIRCLE ( 'NONE', #440, 2.753991362257990794 ) ;
#1365 = DIRECTION ( 'NONE',  ( 1.000000000000000000, 0.000000000000000000, 0.000000000000000000 ) ) ;
#1366 = VECTOR ( 'NONE', #1323, 1000.000000000000000 ) ;
#1367 = CIRCLE ( 'NONE', #566, 0.7619999999999961249 ) ;
#1368 = ORIENTED_EDGE ( 'NONE', *, *, #1137, .T. ) ;
#1369 = ORIENTED_EDGE ( 'NONE', *, *, #1147, .T. ) ;
#1370 = PLANE ( 'NONE',  #1186 ) ;
#1371 = CARTESIAN_POINT ( 'NONE',  ( 9.397999999999999687, 8.128000000000000114, 3.454399999999999693 ) ) ;
#1372 = CARTESIAN_POINT ( 'NONE',  ( 0.5000000000000001110, 8.128000000000000114, 2.895600000000001728 ) ) ;
#1373 = ORIENTED_EDGE ( 'NONE', *, *, #620, .F. ) ;
#1374 = CARTESIAN_POINT ( 'NONE',  ( 0.07620000000001236895, 7.094565553844713435, 9.245599999999997820 ) ) ;
#1375 = ADVANCED_FACE ( 'NONE', ( #1321 ), #1291, .T. ) ;
#1376 = ORIENTED_EDGE ( 'NONE', *, *, #1236, .F. ) ;
#1377 = DIRECTION ( 'NONE',  ( 0.7035276524628815142, -0.7106678846128245963, 0.000000000000000000 ) ) ;
#1378 = DIRECTION ( 'NONE',  ( -1.000000000000000000, -0.000000000000000000, -0.000000000000000000 ) ) ;
#1379 = DIRECTION ( 'NONE',  ( -0.7035276524628815142, 0.7106678846128245963, -0.000000000000000000 ) ) ;
#1380 = ORIENTED_EDGE ( 'NONE', *, *, #570, .T. ) ;
#1381 = EDGE_LOOP ( 'NONE', ( #1532, #161 ) ) ;
#1382 = LINE ( 'NONE', #135, #63 ) ;
#1383 = ORIENTED_EDGE ( 'NONE', *, *, #216, .T. ) ;
#1384 = ADVANCED_FACE ( 'NONE', ( #872 ), #193, .T. ) ;
#1385 = CARTESIAN_POINT ( 'NONE',  ( 0.07620000000001236895, 7.094565553844713435, -3.454399999999999693 ) ) ;
#1386 = DIRECTION ( 'NONE',  ( -1.000000000000000000, -0.000000000000000000, -0.000000000000000000 ) ) ;
#1387 = DIRECTION ( 'NONE',  ( -0.7035276524628815142, 0.7106678846128245963, 0.000000000000000000 ) ) ;
#1388 = DIRECTION ( 'NONE',  ( 0.000000000000000000, 0.000000000000000000, -1.000000000000000000 ) ) ;
#1389 = CARTESIAN_POINT ( 'NONE',  ( 0.000000000000000000, 12.01732996637347384, -3.454399999999999693 ) ) ;
#1390 = VECTOR ( 'NONE', #453, 1000.000000000000000 ) ;
#1391 = PRODUCT_DEFINITION_FORMATION_WITH_SPECIFIED_SOURCE ( 'ANY', '', #738, .NOT_KNOWN. ) ;
#1392 = VECTOR ( 'NONE', #1461, 1000.000000000000000 ) ;
#1393 = AXIS2_PLACEMENT_3D ( 'NONE', #29, #1279, #1124 ) ;
#1394 = VECTOR ( 'NONE', #810, 1000.000000000000000 ) ;
#1395 = CARTESIAN_POINT ( 'NONE',  ( 0.5465482029684771703, 8.051800000000000068, 2.895599999999999952 ) ) ;
#1396 = ADVANCED_FACE ( 'NONE', ( #458 ), #1080, .T. ) ;
#1397 = PLANE ( 'NONE',  #85 ) ;
#1398 = ORIENTED_EDGE ( 'NONE', *, *, #1045, .T. ) ;
#1399 = CARTESIAN_POINT ( 'NONE',  ( 0.5465482029684771703, 8.051800000000000068, -2.895599999999999064 ) ) ;
#1400 = DIRECTION ( 'NONE',  ( 0.7035276524628815142, -0.7106678846128245963, 0.000000000000000000 ) ) ;
#1401 = CARTESIAN_POINT ( 'NONE',  ( 38.10000000000000142, 7.094565553844713435, -3.454399999999999693 ) ) ;
#1402 = CARTESIAN_POINT ( 'NONE',  ( 8.597999999999998977, 8.128000000000000114, -9.525000000000000355 ) ) ;
#1403 = EDGE_CURVE ( 'NONE', #1536, #1448, #1517, .T. ) ;
#1404 = DIRECTION ( 'NONE',  ( 0.000000000000000000, 0.000000000000000000, 1.000000000000000000 ) ) ;
#1405 = EDGE_LOOP ( 'NONE', ( #1441, #1239, #108, #1670 ) ) ;
#1406 = LINE ( 'NONE', #984, #765 ) ;
#1407 = ORIENTED_EDGE ( 'NONE', *, *, #1570, .F. ) ;
#1408 = ORIENTED_EDGE ( 'NONE', *, *, #1181, .F. ) ;
#1409 = CARTESIAN_POINT ( 'NONE',  ( 38.10000000000000142, 7.094565553844713435, -9.804399999999999338 ) ) ;
#1410 = APPROVAL_STATUS ( 'not_yet_approved' ) ;
#1411 = DIRECTION ( 'NONE',  ( 1.000000000000000000, 2.085533887248126455E-15, 0.000000000000000000 ) ) ;
#1412 = FACE_OUTER_BOUND ( 'NONE', #851, .T. ) ;
#1413 = ADVANCED_FACE ( 'NONE', ( #1075 ), #1815, .T. ) ;
#1414 = VERTEX_POINT ( 'NONE', #473 ) ;
#1415 = EDGE_LOOP ( 'NONE', ( #394, #1779, #280, #1614 ) ) ;
#1416 = ORIENTED_EDGE ( 'NONE', *, *, #1737, .F. ) ;
#1417 = LOCAL_TIME ( 14, 42, 59.00000000000000000, #1565 ) ;
#1418 = AXIS2_PLACEMENT_3D ( 'NONE', #1172, #457, #1454 ) ;
#1419 = LINE ( 'NONE', #301, #59 ) ;
#1420 = AXIS2_PLACEMENT_3D ( 'NONE', #1085, #1512, #1522 ) ;
#1421 = ORIENTED_EDGE ( 'NONE', *, *, #789, .F. ) ;
#1422 = VECTOR ( 'NONE', #168, 1000.000000000000000 ) ;
#1423 = COORDINATED_UNIVERSAL_TIME_OFFSET ( 5, 0, .BEHIND. ) ;
#1424 = VERTEX_POINT ( 'NONE', #746 ) ;
#1425 = DIRECTION ( 'NONE',  ( 1.000000000000000000, 0.000000000000000000, 0.000000000000000000 ) ) ;
#1426 = DIRECTION ( 'NONE',  ( 0.000000000000000000, 0.000000000000000000, 1.000000000000000000 ) ) ;
#1427 = EDGE_CURVE ( 'NONE', #260, #47, #1060, .T. ) ;
#1428 = VERTEX_POINT ( 'NONE', #172 ) ;
#1429 = EDGE_CURVE ( 'NONE', #568, #1353, #1501, .T. ) ;
#1430 = VERTEX_POINT ( 'NONE', #731 ) ;
#1431 = DIRECTION ( 'NONE',  ( 0.7035276524628815142, -0.7106678846128245963, 0.000000000000000000 ) ) ;
#1432 = CARTESIAN_POINT ( 'NONE',  ( 3.999999999999999112, 8.749808637742008344, -9.525000000000000355 ) ) ;
#1433 = APPROVAL_DATE_TIME ( #572, #407 ) ;
#1434 = PLANE ( 'NONE',  #1547 ) ;
#1435 = VERTEX_POINT ( 'NONE', #693 ) ;
#1436 = ORIENTED_EDGE ( 'NONE', *, *, #1548, .T. ) ;
#1437 = CARTESIAN_POINT ( 'NONE',  ( 0.000000000000000000, 12.01732996637347384, -2.895599999999999952 ) ) ;
#1438 = PLANE ( 'NONE',  #1730 ) ;
#1439 = VERTEX_POINT ( 'NONE', #421 ) ;
#1440 = DIRECTION ( 'NONE',  ( 0.000000000000000000, 0.000000000000000000, -1.000000000000000000 ) ) ;
#1441 = ORIENTED_EDGE ( 'NONE', *, *, #1055, .F. ) ;
#1442 = CARTESIAN_POINT ( 'NONE',  ( 8.566211321530822431, 8.051800000000000068, 9.245599999999994267 ) ) ;
#1443 = CARTESIAN_POINT ( 'NONE',  ( 3.999999999999999112, 8.749808637742008344, -9.525000000000000355 ) ) ;
#1444 = AXIS2_PLACEMENT_3D ( 'NONE', #209, #183, #1594 ) ;
#1445 = EDGE_CURVE ( 'NONE', #983, #1690, #1007, .T. ) ;
#1446 = AXIS2_PLACEMENT_3D ( 'NONE', #1331, #1475, #103 ) ;
#1447 = DATE_AND_TIME ( #902, #1065 ) ;
#1448 = VERTEX_POINT ( 'NONE', #565 ) ;
#1449 = VERTEX_POINT ( 'NONE', #1160 ) ;
#1450 = VECTOR ( 'NONE', #230, 1000.000000000000000 ) ;
#1451 = ADVANCED_FACE ( 'NONE', ( #1412 ), #1434, .T. ) ;
#1452 = LINE ( 'NONE', #737, #1665 ) ;
#1453 = FACE_OUTER_BOUND ( 'NONE', #1621, .T. ) ;
#1454 = DIRECTION ( 'NONE',  ( 0.000000000000000000, -0.000000000000000000, 1.000000000000000000 ) ) ;
#1455 = EDGE_LOOP ( 'NONE', ( #665, #195, #252, #1655 ) ) ;
#1456 = DIRECTION ( 'NONE',  ( 0.000000000000000000, -1.000000000000000000, 0.000000000000000000 ) ) ;
#1457 = CARTESIAN_POINT ( 'NONE',  ( 0.07619999999999998996, 7.094565553844713435, -9.525000000000000355 ) ) ;
#1458 = ORIENTED_EDGE ( 'NONE', *, *, #307, .T. ) ;
#1459 = EDGE_CURVE ( 'NONE', #3, #371, #582, .T. ) ;
#1460 = ORIENTED_EDGE ( 'NONE', *, *, #1008, .F. ) ;
#1461 = DIRECTION ( 'NONE',  ( 0.000000000000000000, 0.000000000000000000, 1.000000000000000000 ) ) ;
#1462 = LINE ( 'NONE', #612, #267 ) ;
#1463 = EDGE_LOOP ( 'NONE', ( #705, #11, #651, #1649 ) ) ;
#1464 = CARTESIAN_POINT ( 'NONE',  ( 9.397999999999999687, 8.051800000000001845, -9.525000000000000355 ) ) ;
#1465 = DESIGN_CONTEXT ( 'detailed design', #111, 'design' ) ;
#1466 = ORIENTED_EDGE ( 'NONE', *, *, #1319, .T. ) ;
#1467 = CARTESIAN_POINT ( 'NONE',  ( 3.999999999999999112, 8.749808637742008344, 2.895599999999999952 ) ) ;
#1468 = CARTESIAN_POINT ( 'NONE',  ( 8.597999999999998977, 8.128000000000000114, 3.454399999999999693 ) ) ;
#1469 = CARTESIAN_POINT ( 'NONE',  ( 0.07619999999999998996, 0.000000000000000000, -9.525000000000000355 ) ) ;
#1470 = EDGE_CURVE ( 'NONE', #1734, #1659, #702, .T. ) ;
#1471 = CARTESIAN_POINT ( 'NONE',  ( 0.000000000000000000, 2.920999999999999819, 0.000000000000000000 ) ) ;
#1472 = DIRECTION ( 'NONE',  ( -1.000000000000000000, 0.000000000000000000, 0.000000000000000000 ) ) ;
#1473 = EDGE_CURVE ( 'NONE', #302, #928, #305, .T. ) ;
#1474 = VECTOR ( 'NONE', #351, 1000.000000000000000 ) ;
#1475 = DIRECTION ( 'NONE',  ( 0.000000000000000000, 0.000000000000000000, 1.000000000000000000 ) ) ;
#1476 = VERTEX_POINT ( 'NONE', #1847 ) ;
#1477 = VECTOR ( 'NONE', #1726, 1000.000000000000000 ) ;
#1478 = CARTESIAN_POINT ( 'NONE',  ( 8.597999999999998977, 8.128000000000000114, 2.895599999999999952 ) ) ;
#1479 = DIRECTION ( 'NONE',  ( 1.000000000000000000, 0.000000000000000000, 0.000000000000000000 ) ) ;
#1480 = MANIFOLD_SOLID_BREP ( 'Cut-Extrude1', #1117 ) ;
#1481 = CIRCLE ( 'NONE', #1333, 0.7619999999999953477 ) ;
#1482 = AXIS2_PLACEMENT_3D ( 'NONE', #8, #130, #1440 ) ;
#1483 = DIRECTION ( 'NONE',  ( -0.7106678846128245963, -0.7035276524628815142, 0.000000000000000000 ) ) ;
#1484 = CIRCLE ( 'NONE', #1545, 0.7619999999999961249 ) ;
#1485 = FACE_OUTER_BOUND ( 'NONE', #62, .T. ) ;
#1486 = LINE ( 'NONE', #627, #470 ) ;
#1487 = VECTOR ( 'NONE', #119, 1000.000000000000000 ) ;
#1488 = ORIENTED_EDGE ( 'NONE', *, *, #425, .F. ) ;
#1489 = DIRECTION ( 'NONE',  ( 1.000000000000000000, -0.000000000000000000, -0.000000000000000000 ) ) ;
#1490 = EDGE_CURVE ( 'NONE', #970, #639, #140, .T. ) ;
#1491 = CARTESIAN_POINT ( 'NONE',  ( 9.397999999999999687, 8.128000000000000114, 9.245599999999994267 ) ) ;
#1492 = EDGE_CURVE ( 'NONE', #1424, #1077, #447, .T. ) ;
#1493 = LINE ( 'NONE', #1749, #117 ) ;
#1494 = DIRECTION ( 'NONE',  ( 0.000000000000000000, 0.000000000000000000, -1.000000000000000000 ) ) ;
#1495 = CARTESIAN_POINT ( 'NONE',  ( 0.000000000000000000, 8.128000000000000114, 9.245599999999997820 ) ) ;
#1496 = PLANE ( 'NONE',  #703 ) ;
#1497 = EDGE_LOOP ( 'NONE', ( #1827, #1645, #1832, #181 ) ) ;
#1498 = CARTESIAN_POINT ( 'NONE',  ( 38.10000000000000142, 7.094565553844713435, 9.245599999999997820 ) ) ;
#1499 = ORIENTED_EDGE ( 'NONE', *, *, #925, .F. ) ;
#1500 = PLANE ( 'NONE',  #912 ) ;
#1501 = LINE ( 'NONE', #1478, #443 ) ;
#1502 = DIRECTION ( 'NONE',  ( 0.000000000000000000, 0.000000000000000000, 1.000000000000000000 ) ) ;
#1503 = ORIENTED_EDGE ( 'NONE', *, *, #689, .T. ) ;
#1504 = ORIENTED_EDGE ( 'NONE', *, *, #1492, .F. ) ;
#1505 = ORIENTED_EDGE ( 'NONE', *, *, #1251, .T. ) ;
#1506 = LINE ( 'NONE', #652, #26 ) ;
#1507 = DIRECTION ( 'NONE',  ( 1.000000000000000000, 0.000000000000000000, 0.000000000000000000 ) ) ;
#1508 = CARTESIAN_POINT ( 'NONE',  ( 3.999999999999999112, 8.749808637742008344, -9.245599999999999596 ) ) ;
#1509 = EDGE_CURVE ( 'NONE', #1336, #460, #1275, .T. ) ;
#1510 = LOCAL_TIME ( 14, 42, 59.00000000000000000, #1156 ) ;
#1511 = VECTOR ( 'NONE', #1546, 1000.000000000000000 ) ;
#1512 = DIRECTION ( 'NONE',  ( 0.7106678846128245963, 0.7035276524628815142, -0.000000000000000000 ) ) ;
#1513 = CIRCLE ( 'NONE', #60, 2.753991362257990794 ) ;
#1514 = DIRECTION ( 'NONE',  ( 2.085533887248126455E-15, -1.000000000000000000, 0.000000000000000000 ) ) ;
#1515 = VERTEX_POINT ( 'NONE', #856 ) ;
#1516 = CIRCLE ( 'NONE', #1161, 2.830191362257992171 ) ;
#1517 = LINE ( 'NONE', #683, #300 ) ;
#1518 = ORIENTED_EDGE ( 'NONE', *, *, #937, .T. ) ;
#1519 = CARTESIAN_POINT ( 'NONE',  ( 6.011326108465374851, 10.74092652285209581, 2.895599999999999952 ) ) ;
#1520 = DIRECTION ( 'NONE',  ( 1.000000000000000000, 0.000000000000000000, 0.000000000000000000 ) ) ;
#1521 = CARTESIAN_POINT ( 'NONE',  ( 0.5465482029684771703, 8.051800000000000068, 2.895600000000001728 ) ) ;
#1522 = DIRECTION ( 'NONE',  ( -0.7035276524628815142, 0.7106678846128245963, 0.000000000000000000 ) ) ;
#1523 = LINE ( 'NONE', #248, #414 ) ;
#1524 = CARTESIAN_POINT ( 'NONE',  ( 0.07620000000000543006, 2.920999999999999819, -5.588000000000004519 ) ) ;
#1525 = VERTEX_POINT ( 'NONE', #2 ) ;
#1526 = ORIENTED_EDGE ( 'NONE', *, *, #1118, .F. ) ;
#1527 = DIRECTION ( 'NONE',  ( 1.000000000000000000, 2.085533887248126455E-15, 0.000000000000000000 ) ) ;
#1528 = CARTESIAN_POINT ( 'NONE',  ( 1.549700604354575795, 10.00698853540633948, -9.245599999999999596 ) ) ;
#1529 = ORIENTED_EDGE ( 'NONE', *, *, #428, .T. ) ;
#1530 = LINE ( 'NONE', #106, #796 ) ;
#1531 = CARTESIAN_POINT ( 'NONE',  ( 0.000000000000000000, 0.000000000000000000, -9.525000000000000355 ) ) ;
#1532 = ORIENTED_EDGE ( 'NONE', *, *, #216, .F. ) ;
#1533 = EDGE_CURVE ( 'NONE', #1135, #1690, #722, .T. ) ;
#1534 = VERTEX_POINT ( 'NONE', #1019 ) ;
#1535 = EDGE_CURVE ( 'NONE', #1743, #544, #1708, .T. ) ;
#1536 = VERTEX_POINT ( 'NONE', #34 ) ;
#1537 = LINE ( 'NONE', #830, #1036 ) ;
#1538 = LINE ( 'NONE', #1256, #232 ) ;
#1539 = DIRECTION ( 'NONE',  ( 1.000000000000000000, 2.085533887248126455E-15, 0.000000000000000000 ) ) ;
#1540 = EDGE_LOOP ( 'NONE', ( #1811, #105, #397, #1157 ) ) ;
#1541 = AXIS2_PLACEMENT_3D ( 'NONE', #838, #1278, #1287 ) ;
#1542 = ORIENTED_EDGE ( 'NONE', *, *, #1739, .F. ) ;
#1543 = DIRECTION ( 'NONE',  ( 1.000000000000000000, -0.000000000000000000, 0.000000000000000000 ) ) ;
#1544 = ORIENTED_EDGE ( 'NONE', *, *, #925, .T. ) ;
#1545 = AXIS2_PLACEMENT_3D ( 'NONE', #1754, #68, #891 ) ;
#1546 = DIRECTION ( 'NONE',  ( 0.000000000000000000, -1.000000000000000000, 0.000000000000000000 ) ) ;
#1547 = AXIS2_PLACEMENT_3D ( 'NONE', #277, #1552, #990 ) ;
#1548 = EDGE_CURVE ( 'NONE', #94, #1353, #436, .T. ) ;
#1549 = ORIENTED_EDGE ( 'NONE', *, *, #846, .T. ) ;
#1550 = APPROVAL_STATUS ( 'not_yet_approved' ) ;
#1551 = CARTESIAN_POINT ( 'NONE',  ( 3.999999999999999112, 8.749808637742008344, -9.245599999999999596 ) ) ;
#1552 = DIRECTION ( 'NONE',  ( 0.000000000000000000, 1.000000000000000000, 0.000000000000000000 ) ) ;
#1553 = ORIENTED_EDGE ( 'NONE', *, *, #298, .T. ) ;
#1554 = ORIENTED_EDGE ( 'NONE', *, *, #1093, .F. ) ;
#1555 = EDGE_CURVE ( 'NONE', #1476, #500, #159, .T. ) ;
#1556 = CARTESIAN_POINT ( 'NONE',  ( 0.000000000000000000, 0.000000000000000000, 0.000000000000000000 ) ) ;
#1557 = DIRECTION ( 'NONE',  ( -1.000000000000000000, 0.000000000000000000, 0.000000000000000000 ) ) ;
#1558 = DIRECTION ( 'NONE',  ( 1.000000000000000000, -0.000000000000000000, 0.000000000000000000 ) ) ;
#1559 = CARTESIAN_POINT ( 'NONE',  ( 6.011326108465374851, 10.74092652285209581, 9.245599999999997820 ) ) ;
#1560 = EDGE_CURVE ( 'NONE', #1806, #983, #1587, .T. ) ;
#1561 = LINE ( 'NONE', #1, #701 ) ;
#1562 = CARTESIAN_POINT ( 'NONE',  ( 38.10000000000000142, 7.094565553844713435, 9.245599999999997820 ) ) ;
#1563 = CARTESIAN_POINT ( 'NONE',  ( 5.957173215657877385, 10.68731771573442479, -9.525000000000000355 ) ) ;
#1564 = ORIENTED_EDGE ( 'NONE', *, *, #889, .T. ) ;
#1565 = COORDINATED_UNIVERSAL_TIME_OFFSET ( 5, 0, .BEHIND. ) ;
#1566 = CARTESIAN_POINT ( 'NONE',  ( 0.07619999999999998996, 7.094565553844713435, -9.525000000000000355 ) ) ;
#1567 = DIRECTION ( 'NONE',  ( -0.4564937693317857037, -0.8897266088868301948, 0.000000000000000000 ) ) ;
#1568 = DIRECTION ( 'NONE',  ( 0.000000000000000000, 0.000000000000000000, 1.000000000000000000 ) ) ;
#1569 = CARTESIAN_POINT ( 'NONE',  ( 0.5465482029684771703, 8.051800000000000068, -9.525000000000000355 ) ) ;
#1570 = EDGE_CURVE ( 'NONE', #376, #1476, #1263, .T. ) ;
#1571 = VECTOR ( 'NONE', #692, 1000.000000000000000 ) ;
#1572 = LINE ( 'NONE', #1295, #855 ) ;
#1573 = DIRECTION ( 'NONE',  ( -1.000000000000000000, -0.000000000000000000, -0.000000000000000000 ) ) ;
#1574 = ORIENTED_EDGE ( 'NONE', *, *, #694, .T. ) ;
#1575 = CC_DESIGN_APPROVAL ( #407, ( #577 ) ) ;
#1576 = CIRCLE ( 'NONE', #829, 0.7619999999999953477 ) ;
#1577 = AXIS2_PLACEMENT_3D ( 'NONE', #923, #1828, #563 ) ;
#1578 = ORIENTED_EDGE ( 'NONE', *, *, #262, .F. ) ;
#1579 = CIRCLE ( 'NONE', #1762, 0.7619999999999953477 ) ;
#1580 = CALENDAR_DATE ( 2025, 22, 1 ) ;
#1581 = CARTESIAN_POINT ( 'NONE',  ( 8.566211321530822431, 8.051800000000000068, -3.454399999999999693 ) ) ;
#1582 = EDGE_CURVE ( 'NONE', #1026, #1836, #587, .T. ) ;
#1583 = ORIENTED_EDGE ( 'NONE', *, *, #35, .F. ) ;
#1584 = ORIENTED_EDGE ( 'NONE', *, *, #1236, .T. ) ;
#1585 = ORIENTED_EDGE ( 'NONE', *, *, #1808, .F. ) ;
#1586 = DIRECTION ( 'NONE',  ( 0.000000000000000000, 0.000000000000000000, 1.000000000000000000 ) ) ;
#1587 = LINE ( 'NONE', #1167, #1633 ) ;
#1588 = DIRECTION ( 'NONE',  ( -1.000000000000000000, -0.000000000000000000, -0.000000000000000000 ) ) ;
#1589 = VERTEX_POINT ( 'NONE', #22 ) ;
#1590 = VERTEX_POINT ( 'NONE', #429 ) ;
#1591 = CC_DESIGN_PERSON_AND_ORGANIZATION_ASSIGNMENT ( #1004, #551, ( #1391 ) ) ;
#1592 = ADVANCED_FACE ( 'NONE', ( #868 ), #999, .T. ) ;
#1593 = CARTESIAN_POINT ( 'NONE',  ( 5.957173215657877385, 10.68731771573442479, -2.895599999999999952 ) ) ;
#1594 = DIRECTION ( 'NONE',  ( -0.000000000000000000, 0.000000000000000000, -1.000000000000000000 ) ) ;
#1595 = ORIENTED_EDGE ( 'NONE', *, *, #1181, .T. ) ;
#1596 = CARTESIAN_POINT ( 'NONE',  ( 0.5465482029684771703, 8.051800000000000068, 3.454399999999999693 ) ) ;
#1597 = CARTESIAN_POINT ( 'NONE',  ( 9.397999999999999687, 8.051800000000001845, 3.454399999999999693 ) ) ;
#1598 = VECTOR ( 'NONE', #529, 1000.000000000000000 ) ;
#1599 = VECTOR ( 'NONE', #396, 1000.000000000000000 ) ;
#1600 = VECTOR ( 'NONE', #1102, 1000.000000000000000 ) ;
#1601 = ADVANCED_FACE ( 'NONE', ( #1196 ), #1753, .T. ) ;
#1602 = AXIS2_PLACEMENT_3D ( 'NONE', #635, #370, #931 ) ;
#1603 = CALENDAR_DATE ( 2025, 22, 1 ) ;
#1604 = ORIENTED_EDGE ( 'NONE', *, *, #1533, .T. ) ;
#1605 = VECTOR ( 'NONE', #966, 1000.000000000000000 ) ;
#1606 = LINE ( 'NONE', #875, #649 ) ;
#1607 = FACE_OUTER_BOUND ( 'NONE', #629, .T. ) ;
#1608 = PLANE ( 'NONE',  #1444 ) ;
#1609 = PLANE ( 'NONE',  #590 ) ;
#1610 = ORIENTED_EDGE ( 'NONE', *, *, #633, .T. ) ;
#1611 = LINE ( 'NONE', #914, #849 ) ;
#1612 = FACE_OUTER_BOUND ( 'NONE', #512, .T. ) ;
#1613 = APPROVAL_STATUS ( 'not_yet_approved' ) ;
#1614 = ORIENTED_EDGE ( 'NONE', *, *, #642, .T. ) ;
#1615 = EDGE_CURVE ( 'NONE', #260, #544, #478, .T. ) ;
#1616 = CARTESIAN_POINT ( 'NONE',  ( 0.000000000000000000, 7.094565553844713435, 9.245599999999997820 ) ) ;
#1617 = LINE ( 'NONE', #338, #1636 ) ;
#1618 = FACE_OUTER_BOUND ( 'NONE', #510, .T. ) ;
#1619 = ADVANCED_FACE ( 'NONE', ( #51 ), #1188, .F. ) ;
#1620 = CARTESIAN_POINT ( 'NONE',  ( 6.011326108465376628, 10.74092652285209581, -9.525000000000000355 ) ) ;
#1621 = EDGE_LOOP ( 'NONE', ( #167, #1380, #637, #874 ) ) ;
#1622 = LINE ( 'NONE', #1464, #501 ) ;
#1623 = ORIENTED_EDGE ( 'NONE', *, *, #952, .F. ) ;
#1624 = DIRECTION ( 'NONE',  ( 0.000000000000000000, -0.000000000000000000, 1.000000000000000000 ) ) ;
#1625 = DIRECTION ( 'NONE',  ( 1.000000000000000000, -0.000000000000000000, 0.000000000000000000 ) ) ;
#1626 = CARTESIAN_POINT ( 'NONE',  ( 38.10000000000000142, 2.920999999999999819, 6.349999999999999645 ) ) ;
#1627 = CARTESIAN_POINT ( 'NONE',  ( 0.5465482029684771703, 8.051800000000000068, -9.245599999999999596 ) ) ;
#1628 = ADVANCED_FACE ( 'NONE', ( #194 ), #626, .T. ) ;
#1629 = ORIENTED_EDGE ( 'NONE', *, *, #974, .T. ) ;
#1630 = CARTESIAN_POINT ( 'NONE',  ( 38.10000000000000142, 7.094565553844713435, 2.895599999999999952 ) ) ;
#1631 = VECTOR ( 'NONE', #1293, 1000.000000000000000 ) ;
#1632 = APPROVAL_ROLE ( '' ) ;
#1633 = VECTOR ( 'NONE', #1745, 1000.000000000000114 ) ;
#1634 = PLANE ( 'NONE',  #173 ) ;
#1635 = AXIS2_PLACEMENT_3D ( 'NONE', #1028, #464, #653 ) ;
#1636 = VECTOR ( 'NONE', #894, 1000.000000000000000 ) ;
#1637 = DIRECTION ( 'NONE',  ( 0.000000000000000000, 0.000000000000000000, -1.000000000000000000 ) ) ;
#1638 = ORIENTED_EDGE ( 'NONE', *, *, #372, .F. ) ;
#1639 = VECTOR ( 'NONE', #1567, 1000.000000000000114 ) ;
#1640 = VECTOR ( 'NONE', #1736, 1000.000000000000000 ) ;
#1641 = CARTESIAN_POINT ( 'NONE',  ( 0.07619999999999998996, 7.094565553844713435, -9.525000000000000355 ) ) ;
#1642 = ADVANCED_FACE ( 'NONE', ( #1053 ), #1608, .T. ) ;
#1643 = LINE ( 'NONE', #721, #87 ) ;
#1644 = DIRECTION ( 'NONE',  ( 0.7035276524628815142, -0.7106678846128245963, 0.000000000000000000 ) ) ;
#1645 = ORIENTED_EDGE ( 'NONE', *, *, #1548, .F. ) ;
#1646 = LINE ( 'NONE', #1792, #677 ) ;
#1647 = CARTESIAN_POINT ( 'NONE',  ( 0.000000000000000000, 7.094565553844713435, -2.895599999999999952 ) ) ;
#1648 = VERTEX_POINT ( 'NONE', #1203 ) ;
#1649 = ORIENTED_EDGE ( 'NONE', *, *, #1555, .F. ) ;
#1650 = ORIENTED_EDGE ( 'NONE', *, *, #250, .F. ) ;
#1651 = EDGE_LOOP ( 'NONE', ( #1583, #595, #1801, #1818 ) ) ;
#1652 = EDGE_CURVE ( 'NONE', #544, #1536, #758, .T. ) ;
#1653 = ORIENTED_EDGE ( 'NONE', *, *, #270, .F. ) ;
#1654 = ADVANCED_FACE ( 'NONE', ( #1618 ), #1212, .F. ) ;
#1655 = ORIENTED_EDGE ( 'NONE', *, *, #327, .F. ) ;
#1656 = DIRECTION ( 'NONE',  ( 0.000000000000000000, 1.000000000000000000, 0.000000000000000000 ) ) ;
#1657 = LINE ( 'NONE', #540, #1599 ) ;
#1658 = DIRECTION ( 'NONE',  ( -1.000000000000000000, -0.000000000000000000, -0.000000000000000000 ) ) ;
#1659 = VERTEX_POINT ( 'NONE', #886 ) ;
#1660 = AXIS2_PLACEMENT_3D ( 'NONE', #1563, #288, #1377 ) ;
#1661 = FACE_OUTER_BOUND ( 'NONE', #89, .T. ) ;
#1662 = EDGE_CURVE ( 'NONE', #1534, #1812, #1781, .T. ) ;
#1663 = DIRECTION ( 'NONE',  ( -1.000000000000000000, -0.000000000000000000, -0.000000000000000000 ) ) ;
#1664 = DIRECTION ( 'NONE',  ( 1.000000000000000000, 0.000000000000000000, 0.000000000000000000 ) ) ;
#1665 = VECTOR ( 'NONE', #1352, 1000.000000000000000 ) ;
#1666 = AXIS2_PLACEMENT_3D ( 'NONE', #215, #924, #813 ) ;
#1667 = LINE ( 'NONE', #389, #1309 ) ;
#1668 = LINE ( 'NONE', #1105, #1669 ) ;
#1669 = VECTOR ( 'NONE', #969, 1000.000000000000000 ) ;
#1670 = ORIENTED_EDGE ( 'NONE', *, *, #766, .F. ) ;
#1671 = VECTOR ( 'NONE', #1294, 1000.000000000000000 ) ;
#1672 = ORIENTED_EDGE ( 'NONE', *, *, #974, .F. ) ;
#1673 = ORIENTED_EDGE ( 'NONE', *, *, #1162, .F. ) ;
#1674 = VERTEX_POINT ( 'NONE', #1033 ) ;
#1675 = ORIENTED_EDGE ( 'NONE', *, *, #456, .T. ) ;
#1676 = CARTESIAN_POINT ( 'NONE',  ( 0.000000000000000000, 7.094565553844713435, 9.525000000000000355 ) ) ;
#1677 = LINE ( 'NONE', #1094, #1095 ) ;
#1678 = VERTEX_POINT ( 'NONE', #72 ) ;
#1679 = ADVANCED_FACE ( 'NONE', ( #339 ), #332, .T. ) ;
#1680 = EDGE_CURVE ( 'NONE', #390, #156, #65, .T. ) ;
#1681 = ORIENTED_EDGE ( 'NONE', *, *, #1748, .T. ) ;
#1682 = ORIENTED_EDGE ( 'NONE', *, *, #199, .F. ) ;
#1683 = LINE ( 'NONE', #1813, #1605 ) ;
#1684 = FACE_BOUND ( 'NONE', #1038, .T. ) ;
#1685 = LINE ( 'NONE', #1389, #1339 ) ;
#1686 = ORIENTED_EDGE ( 'NONE', *, *, #1853, .F. ) ;
#1687 = VERTEX_POINT ( 'NONE', #347 ) ;
#1688 = EDGE_CURVE ( 'NONE', #949, #1806, #1335, .T. ) ;
#1689 = EDGE_CURVE ( 'NONE', #1701, #1146, #1176, .T. ) ;
#1690 = VERTEX_POINT ( 'NONE', #1495 ) ;
#1691 = VERTEX_POINT ( 'NONE', #219 ) ;
#1692 = FACE_OUTER_BOUND ( 'NONE', #976, .T. ) ;
#1693 = ORIENTED_EDGE ( 'NONE', *, *, #70, .T. ) ;
#1694 = APPLICATION_PROTOCOL_DEFINITION ( 'international standard', 'config_control_design', 1994, #771 ) ;
#1695 = EDGE_LOOP ( 'NONE', ( #745, #299, #1081, #672 ) ) ;
#1696 = CARTESIAN_POINT ( 'NONE',  ( 0.000000000000000000, 2.920999999999999819, -5.588000000000004519 ) ) ;
#1697 = CARTESIAN_POINT ( 'NONE',  ( 9.397999999999999687, 8.051800000000001845, -3.454399999999999693 ) ) ;
#1698 = VECTOR ( 'NONE', #1011, 1000.000000000000000 ) ;
#1699 = AXIS2_PLACEMENT_3D ( 'NONE', #1046, #1483, #611 ) ;
#1700 = EDGE_LOOP ( 'NONE', ( #1220, #837, #1368, #382, #1354, #934, #1398, #1722, #1713, #438, #965, #243, #1629, #1505 ) ) ;
#1701 = VERTEX_POINT ( 'NONE', #877 ) ;
#1702 = VERTEX_POINT ( 'NONE', #782 ) ;
#1703 = EDGE_CURVE ( 'NONE', #431, #505, #1452, .T. ) ;
#1704 = VECTOR ( 'NONE', #1573, 1000.000000000000000 ) ;
#1705 = FACE_OUTER_BOUND ( 'NONE', #1059, .T. ) ;
#1706 = ORIENTED_EDGE ( 'NONE', *, *, #569, .F. ) ;
#1707 = DIRECTION ( 'NONE',  ( 1.000000000000000000, 0.000000000000000000, 0.000000000000000000 ) ) ;
#1708 = LINE ( 'NONE', #285, #1477 ) ;
#1709 = DIRECTION ( 'NONE',  ( 0.000000000000000000, 0.000000000000000000, 1.000000000000000000 ) ) ;
#1710 = ORIENTED_EDGE ( 'NONE', *, *, #1849, .T. ) ;
#1711 = ORIENTED_EDGE ( 'NONE', *, *, #491, .F. ) ;
#1712 = APPROVAL ( #1613, 'UNSPECIFIED' ) ;
#1713 = ORIENTED_EDGE ( 'NONE', *, *, #1122, .T. ) ;
#1714 = EDGE_LOOP ( 'NONE', ( #892, #805, #391, #490 ) ) ;
#1715 = ADVANCED_FACE ( 'NONE', ( #79 ), #640, .T. ) ;
#1716 = DIRECTION ( 'NONE',  ( -0.000000000000000000, 0.000000000000000000, 1.000000000000000000 ) ) ;
#1717 = ORIENTED_EDGE ( 'NONE', *, *, #889, .F. ) ;
#1718 = CARTESIAN_POINT ( 'NONE',  ( 6.011326108465374851, 10.74092652285209581, -3.454399999999999693 ) ) ;
#1719 = ORIENTED_EDGE ( 'NONE', *, *, #1427, .F. ) ;
#1720 = ORIENTED_EDGE ( 'NONE', *, *, #166, .F. ) ;
#1721 = ORIENTED_EDGE ( 'NONE', *, *, #871, .T. ) ;
#1722 = ORIENTED_EDGE ( 'NONE', *, *, #1769, .T. ) ;
#1723 = APPLICATION_PROTOCOL_DEFINITION ( 'international standard', 'config_control_design', 1994, #111 ) ;
#1724 = CARTESIAN_POINT ( 'NONE',  ( 1.481903436757398218, 10.04177336062942061, 3.454399999999999693 ) ) ;
#1725 = ADVANCED_FACE ( 'NONE', ( #124 ), #1500, .T. ) ;
#1726 = DIRECTION ( 'NONE',  ( 0.000000000000000000, 0.000000000000000000, 1.000000000000000000 ) ) ;
#1727 = VECTOR ( 'NONE', #424, 1000.000000000000000 ) ;
#1728 = VECTOR ( 'NONE', #1151, 1000.000000000000000 ) ;
#1729 = VECTOR ( 'NONE', #1763, 1000.000000000000000 ) ;
#1730 = AXIS2_PLACEMENT_3D ( 'NONE', #28, #1785, #1215 ) ;
#1731 = VERTEX_POINT ( 'NONE', #1252 ) ;
#1732 = CIRCLE ( 'NONE', #1009, 0.7619999999999953477 ) ;
#1733 = FACE_OUTER_BOUND ( 'NONE', #312, .T. ) ;
#1734 = VERTEX_POINT ( 'NONE', #681 ) ;
#1735 = CYLINDRICAL_SURFACE ( 'NONE', #30, 2.753991362257990794 ) ;
#1736 = DIRECTION ( 'NONE',  ( -1.000000000000000000, 0.000000000000000000, 0.000000000000000000 ) ) ;
#1737 = EDGE_CURVE ( 'NONE', #1731, #71, #961, .T. ) ;
#1738 = ORIENTED_EDGE ( 'NONE', *, *, #5, .T. ) ;
#1739 = EDGE_CURVE ( 'NONE', #1648, #568, #88, .T. ) ;
#1740 = VERTEX_POINT ( 'NONE', #687 ) ;
#1741 = DIRECTION ( 'NONE',  ( 0.000000000000000000, 0.000000000000000000, -1.000000000000000000 ) ) ;
#1742 = CARTESIAN_POINT ( 'NONE',  ( 0.000000000000000000, 7.094565553844713435, -9.804399999999999338 ) ) ;
#1743 = VERTEX_POINT ( 'NONE', #809 ) ;
#1744 = ORIENTED_EDGE ( 'NONE', *, *, #437, .T. ) ;
#1745 = DIRECTION ( 'NONE',  ( -0.4564937693317857037, -0.8897266088868301948, 0.000000000000000000 ) ) ;
#1746 = ORIENTED_EDGE ( 'NONE', *, *, #1147, .F. ) ;
#1747 = DIRECTION ( 'NONE',  ( 0.000000000000000000, 0.000000000000000000, 1.000000000000000000 ) ) ;
#1748 = EDGE_CURVE ( 'NONE', #928, #1806, #559, .T. ) ;
#1749 = CARTESIAN_POINT ( 'NONE',  ( 0.07619999999999998996, 0.000000000000000000, -9.525000000000000355 ) ) ;
#1750 = VERTEX_POINT ( 'NONE', #831 ) ;
#1751 = CARTESIAN_POINT ( 'NONE',  ( 8.566211321530822431, 8.051800000000000068, -9.525000000000000355 ) ) ;
#1752 = DIRECTION ( 'NONE',  ( 0.000000000000000000, -1.000000000000000000, 0.000000000000000000 ) ) ;
#1753 = PLANE ( 'NONE',  #944 ) ;
#1754 = CARTESIAN_POINT ( 'NONE',  ( 0.000000000000000000, 2.920999999999999819, 0.000000000000000000 ) ) ;
#1755 = FACE_OUTER_BOUND ( 'NONE', #479, .T. ) ;
#1756 = EDGE_CURVE ( 'NONE', #1353, #380, #255, .T. ) ;
#1757 = VECTOR ( 'NONE', #275, 1000.000000000000114 ) ;
#1758 = VECTOR ( 'NONE', #1838, 1000.000000000000000 ) ;
#1759 = VECTOR ( 'NONE', #408, 1000.000000000000000 ) ;
#1760 = DIRECTION ( 'NONE',  ( 0.8897266088868300837, -0.4564937693317858147, 0.000000000000000000 ) ) ;
#1761 = EDGE_CURVE ( 'NONE', #1740, #242, #1677, .T. ) ;
#1762 = AXIS2_PLACEMENT_3D ( 'NONE', #1129, #1557, #344 ) ;
#1763 = DIRECTION ( 'NONE',  ( 0.000000000000000000, 0.000000000000000000, 1.000000000000000000 ) ) ;
#1764 = CARTESIAN_POINT ( 'NONE',  ( 0.07619999999999998996, 8.051800000000000068, -3.454399999999999693 ) ) ;
#1765 = ORIENTED_EDGE ( 'NONE', *, *, #1280, .T. ) ;
#1766 = LINE ( 'NONE', #1627, #679 ) ;
#1767 = CARTESIAN_POINT ( 'NONE',  ( 0.5465482029684771703, 8.051800000000000068, 9.245599999999997820 ) ) ;
#1768 = CARTESIAN_POINT ( 'NONE',  ( 0.07620000000000543006, 2.920999999999999819, -6.349999999999999645 ) ) ;
#1769 = EDGE_CURVE ( 'NONE', #1830, #1017, #1538, .T. ) ;
#1770 = COORDINATED_UNIVERSAL_TIME_OFFSET ( 5, 0, .BEHIND. ) ;
#1771 = PLANE ( 'NONE',  #560 ) ;
#1772 = EDGE_CURVE ( 'NONE', #1254, #302, #235, .T. ) ;
#1773 = PLANE ( 'NONE',  #1248 ) ;
#1774 = CARTESIAN_POINT ( 'NONE',  ( 8.566211321530822431, 8.051800000000000068, -9.525000000000000355 ) ) ;
#1775 = CARTESIAN_POINT ( 'NONE',  ( 0.000000000000000000, 8.128000000000000114, 3.454399999999999693 ) ) ;
#1776 = CARTESIAN_POINT ( 'NONE',  ( 5.957173215657877385, 10.68731771573442479, -2.895599999999999952 ) ) ;
#1777 = FACE_OUTER_BOUND ( 'NONE', #1700, .T. ) ;
#1778 = CARTESIAN_POINT ( 'NONE',  ( 3.999999999999999112, 8.749808637742008344, 3.454399999999999693 ) ) ;
#1779 = ORIENTED_EDGE ( 'NONE', *, *, #1535, .F. ) ;
#1780 = DIRECTION ( 'NONE',  ( 0.000000000000000000, 0.000000000000000000, 1.000000000000000000 ) ) ;
#1781 = LINE ( 'NONE', #602, #876 ) ;
#1782 = ADVANCED_FACE ( 'NONE', ( #107 ), #1397, .T. ) ;
#1783 = ORIENTED_EDGE ( 'NONE', *, *, #1509, .F. ) ;
#1784 = CARTESIAN_POINT ( 'NONE',  ( 38.10000000000000142, 12.01732996637347384, -2.895599999999999952 ) ) ;
#1785 = DIRECTION ( 'NONE',  ( 0.000000000000000000, -1.000000000000000000, 0.000000000000000000 ) ) ;
#1786 = ORIENTED_EDGE ( 'NONE', *, *, #519, .F. ) ;
#1787 = FACE_BOUND ( 'NONE', #1381, .T. ) ;
#1788 = DIRECTION ( 'NONE',  ( -0.000000000000000000, 0.000000000000000000, -1.000000000000000000 ) ) ;
#1789 = LINE ( 'NONE', #1071, #1511 ) ;
#1790 = ORIENTED_EDGE ( 'NONE', *, *, #1264, .T. ) ;
#1791 = VECTOR ( 'NONE', #360, 1000.000000000000000 ) ;
#1792 = CARTESIAN_POINT ( 'NONE',  ( 6.011326108465376628, 10.74092652285209581, -9.525000000000000355 ) ) ;
#1793 = VECTOR ( 'NONE', #336, 1000.000000000000000 ) ;
#1794 = DIRECTION ( 'NONE',  ( 1.000000000000000000, 2.085533887248126455E-15, 0.000000000000000000 ) ) ;
#1795 = VECTOR ( 'NONE', #1316, 1000.000000000000000 ) ;
#1796 = CC_DESIGN_DATE_AND_TIME_ASSIGNMENT ( #432, #157, ( #577 ) ) ;
#1797 = VECTOR ( 'NONE', #863, 1000.000000000000000 ) ;
#1798 = ORIENTED_EDGE ( 'NONE', *, *, #1280, .F. ) ;
#1799 = FACE_OUTER_BOUND ( 'NONE', #719, .T. ) ;
#1800 = ADVANCED_FACE ( 'NONE', ( #1241, #1684, #508, #661 ), #534, .T. ) ;
#1801 = ORIENTED_EDGE ( 'NONE', *, *, #366, .F. ) ;
#1802 = CYLINDRICAL_SURFACE ( 'NONE', #917, 0.7619999999999953477 ) ;
#1803 = ORIENTED_EDGE ( 'NONE', *, *, #1737, .T. ) ;
#1804 = DIRECTION ( 'NONE',  ( -0.4564937693317857037, -0.8897266088868301948, 0.000000000000000000 ) ) ;
#1805 = DIRECTION ( 'NONE',  ( -0.7035276524628815142, 0.7106678846128245963, 0.000000000000000000 ) ) ;
#1806 = VERTEX_POINT ( 'NONE', #1083 ) ;
#1807 = ORIENTED_EDGE ( 'NONE', *, *, #1193, .T. ) ;
#1808 = EDGE_CURVE ( 'NONE', #1430, #864, #1657, .T. ) ;
#1809 = LINE ( 'NONE', #1819, #356 ) ;
#1810 = FACE_OUTER_BOUND ( 'NONE', #1270, .T. ) ;
#1811 = ORIENTED_EDGE ( 'NONE', *, *, #1823, .F. ) ;
#1812 = VERTEX_POINT ( 'NONE', #1647 ) ;
#1813 = CARTESIAN_POINT ( 'NONE',  ( 5.957173215657877385, 10.68731771573442479, -9.525000000000000355 ) ) ;
#1814 = DIRECTION ( 'NONE',  ( 1.000000000000000000, 0.000000000000000000, 0.000000000000000000 ) ) ;
#1815 = PLANE ( 'NONE',  #1249 ) ;
#1816 = DIRECTION ( 'NONE',  ( 1.000000000000000000, 0.000000000000000000, 0.000000000000000000 ) ) ;
#1817 = ORIENTED_EDGE ( 'NONE', *, *, #1158, .F. ) ;
#1818 = ORIENTED_EDGE ( 'NONE', *, *, #657, .T. ) ;
#1819 = CARTESIAN_POINT ( 'NONE',  ( 6.011326108465374851, 10.74092652285209581, 3.454399999999999693 ) ) ;
#1820 = EDGE_CURVE ( 'NONE', #1090, #583, #1481, .T. ) ;
#1821 = CARTESIAN_POINT ( 'NONE',  ( 0.5465482029684771703, 8.051800000000000068, 3.454400000000001469 ) ) ;
#1822 = DIRECTION ( 'NONE',  ( -0.8897266088868301948, 0.4564937693317857037, 0.000000000000000000 ) ) ;
#1823 = EDGE_CURVE ( 'NONE', #1734, #36, #801, .T. ) ;
#1824 = DIRECTION ( 'NONE',  ( -0.7035276524628815142, 0.7106678846128245963, 0.000000000000000000 ) ) ;
#1825 = LINE ( 'NONE', #542, #618 ) ;
#1826 = VECTOR ( 'NONE', #1296, 1000.000000000000000 ) ;
#1827 = ORIENTED_EDGE ( 'NONE', *, *, #1756, .F. ) ;
#1828 = DIRECTION ( 'NONE',  ( -0.8897266088868301948, 0.4564937693317857037, 0.000000000000000000 ) ) ;
#1829 = AXIS2_PLACEMENT_3D ( 'NONE', #1508, #671, #1520 ) ;
#1830 = VERTEX_POINT ( 'NONE', #369 ) ;
#1831 = ORIENTED_EDGE ( 'NONE', *, *, #176, .F. ) ;
#1832 = ORIENTED_EDGE ( 'NONE', *, *, #776, .F. ) ;
#1833 = ADVANCED_FACE ( 'NONE', ( #115 ), #225, .F. ) ;
#1834 = CARTESIAN_POINT ( 'NONE',  ( 0.5000000000000000000, 8.128000000000000114, -9.525000000000000355 ) ) ;
#1835 = CARTESIAN_POINT ( 'NONE',  ( 8.597999999999998977, 8.128000000000000114, -9.525000000000000355 ) ) ;
#1836 = VERTEX_POINT ( 'NONE', #525 ) ;
#1837 = ADVANCED_FACE ( 'NONE', ( #386 ), #1141, .T. ) ;
#1838 = DIRECTION ( 'NONE',  ( 0.000000000000000000, 0.000000000000000000, 1.000000000000000000 ) ) ;
#1839 = CARTESIAN_POINT ( 'NONE',  ( 0.5000000000000000000, 8.128000000000000114, -9.525000000000000355 ) ) ;
#1840 = EDGE_LOOP ( 'NONE', ( #319, #1314, #1798, #716 ) ) ;
#1841 = ADVANCED_FACE ( 'NONE', ( #1733 ), #561, .F. ) ;
#1842 = ORIENTED_EDGE ( 'NONE', *, *, #1849, .F. ) ;
#1843 = LINE ( 'NONE', #1399, #1100 ) ;
#1844 = ORIENTED_EDGE ( 'NONE', *, *, #154, .T. ) ;
#1845 = CARTESIAN_POINT ( 'NONE',  ( 0.07619999999999998996, 8.051800000000000068, 9.245599999999994267 ) ) ;
#1846 = ORIENTED_EDGE ( 'NONE', *, *, #57, .T. ) ;
#1847 = CARTESIAN_POINT ( 'NONE',  ( 0.07620000000000022589, 7.094565553844713435, 9.525000000000000355 ) ) ;
#1848 = VECTOR ( 'NONE', #1378, 1000.000000000000000 ) ;
#1849 = EDGE_CURVE ( 'NONE', #1702, #949, #18, .T. ) ;
#1850 = VECTOR ( 'NONE', #196, 1000.000000000000000 ) ;
#1851 = LINE ( 'NONE', #1246, #586 ) ;
#1852 = AXIS2_PLACEMENT_3D ( 'NONE', #638, #778, #1208 ) ;
#1853 = EDGE_CURVE ( 'NONE', #1674, #1026, #419, .T. ) ;
#1854 = FACE_OUTER_BOUND ( 'NONE', #994, .T. ) ;
#1855 = CALENDAR_DATE ( 2025, 22, 1 ) ;
#1856 = LINE ( 'NONE', #1566, #757 ) ;
#1857 = CARTESIAN_POINT ( 'NONE',  ( 9.397999999999999687, 8.051800000000001845, -9.245599999999999596 ) ) ;
ENDSEC;
END-ISO-10303-21;
