ISO-10303-21;
HEADER;
FILE_DESCRIPTION(('FreeCAD Model'),'2;1');
FILE_NAME('Open CASCADE Shape Model','2025-09-19T16:26:09',('Author'),(
    ''),'Open CASCADE STEP processor 7.8','FreeCAD','Unknown');
FILE_SCHEMA(('AUTOMOTIVE_DESIGN { 1 0 10303 214 1 1 1 1 }'));
ENDSEC;
DATA;
#1 = APPLICATION_PROTOCOL_DEFINITION('international standard',
  'automotive_design',2000,#2);
#2 = APPLICATION_CONTEXT(
  'core data for automotive mechanical design processes');
#3 = SHAPE_DEFINITION_REPRESENTATION(#4,#10);
#4 = PRODUCT_DEFINITION_SHAPE('','',#5);
#5 = PRODUCT_DEFINITION('design','',#6,#9);
#6 = PRODUCT_DEFINITION_FORMATION('','',#7);
#7 = PRODUCT('DF3A-8P-2DSA001','DF3A-8P-2DSA001','',(#8));
#8 = PRODUCT_CONTEXT('',#2,'mechanical');
#9 = PRODUCT_DEFINITION_CONTEXT('part definition',#2,'design');
#10 = SHAPE_REPRESENTATION('',(#11,#15),#19);
#11 = AXIS2_PLACEMENT_3D('',#12,#13,#14);
#12 = CARTESIAN_POINT('',(0.,0.,0.));
#13 = DIRECTION('',(0.,0.,1.));
#14 = DIRECTION('',(1.,0.,-0.));
#15 = AXIS2_PLACEMENT_3D('',#16,#17,#18);
#16 = CARTESIAN_POINT('',(0.,0.,1.10617704317));
#17 = DIRECTION('',(0.,0.,1.));
#18 = DIRECTION('',(-1.,0.,0.));
#19 = ( GEOMETRIC_REPRESENTATION_CONTEXT(3) 
GLOBAL_UNCERTAINTY_ASSIGNED_CONTEXT((#23)) GLOBAL_UNIT_ASSIGNED_CONTEXT(
(#20,#21,#22)) REPRESENTATION_CONTEXT('Context #1',
  '3D Context with UNIT and UNCERTAINTY') );
#20 = ( LENGTH_UNIT() NAMED_UNIT(*) SI_UNIT(.MILLI.,.METRE.) );
#21 = ( NAMED_UNIT(*) PLANE_ANGLE_UNIT() SI_UNIT($,.RADIAN.) );
#22 = ( NAMED_UNIT(*) SI_UNIT($,.STERADIAN.) SOLID_ANGLE_UNIT() );
#23 = UNCERTAINTY_MEASURE_WITH_UNIT(LENGTH_MEASURE(1.E-07),#20,
  'distance_accuracy_value','confusion accuracy');
#24 = PRODUCT_RELATED_PRODUCT_CATEGORY('part',$,(#7));
#25 = SHAPE_DEFINITION_REPRESENTATION(#26,#32);
#26 = PRODUCT_DEFINITION_SHAPE('','',#27);
#27 = PRODUCT_DEFINITION('design','',#28,#31);
#28 = PRODUCT_DEFINITION_FORMATION('','',#29);
#29 = PRODUCT('DF3A-8P-2DSA','DF3A-8P-2DSA','',(#30));
#30 = PRODUCT_CONTEXT('',#2,'mechanical');
#31 = PRODUCT_DEFINITION_CONTEXT('part definition',#2,'design');
#32 = ADVANCED_BREP_SHAPE_REPRESENTATION('',(#11,#33),#6069);
#33 = MANIFOLD_SOLID_BREP('',#34);
#34 = CLOSED_SHELL('',(#35,#75,#115,#155,#195,#235,#275,#315,#355,#395,
    #417,#448,#477,#517,#557,#605,#636,#676,#716,#747,#787,#827,#867,
    #898,#929,#969,#1007,#1047,#1087,#1118,#1158,#1198,#1238,#1278,#1316
    ,#1345,#1357,#1381,#1421,#1461,#1485,#1509,#1540,#1603,#1632,#1672,
    #1703,#1734,#1774,#1805,#1829,#1851,#1868,#1885,#1916,#1947,#1987,
    #2027,#2058,#2089,#2129,#2160,#2191,#2222,#2253,#2291,#2322,#2353,
    #2380,#2397,#2428,#2452,#2483,#2514,#2536,#2558,#2580,#2611,#2651,
    #2691,#2722,#2746,#2782,#2806,#2830,#2847,#2878,#2907,#2938,#2955,
    #2986,#3216,#3256,#3273,#3295,#3326,#3357,#3374,#3405,#3417,#3448,
    #3486,#3549,#3573,#3585,#3609,#3633,#3664,#3681,#3693,#3710,#3841,
    #3853,#3875,#3942,#3973,#3985,#4002,#4024,#4048,#4060,#4084,#4108,
    #4125,#4149,#4171,#4192,#4223,#4235,#4257,#4282,#4294,#4311,#4323,
    #4501,#4513,#4565,#4582,#4604,#4616,#4633,#4673,#4690,#4786,#4798,
    #4824,#4841,#4853,#4865,#4895,#4907,#4919,#4931,#4943,#4955,#4973,
    #4989,#5029,#5060,#5084,#5113,#5135,#5152,#5169,#5181,#5193,#5215,
    #5227,#5239,#5251,#5263,#5285,#5307,#5319,#5336,#5352,#5376,#5398,
    #5415,#5427,#5439,#5456,#5539,#5551,#5563,#5575,#5597,#5614,#5626,
    #5643,#5660,#5700,#5722,#5746,#5758,#5790,#5814,#5845,#5857,#5907,
    #5924,#5946,#5958,#5970,#5987,#6004,#6016,#6033,#6045,#6057));
#35 = ADVANCED_FACE('',(#36),#70,.T.);
#36 = FACE_BOUND('',#37,.T.);
#37 = EDGE_LOOP('',(#38,#48,#56,#64));
#38 = ORIENTED_EDGE('',*,*,#39,.F.);
#39 = EDGE_CURVE('',#40,#42,#44,.T.);
#40 = VERTEX_POINT('',#41);
#41 = CARTESIAN_POINT('',(8.234268862754,0.3517976515,-1.703088521585));
#42 = VERTEX_POINT('',#43);
#43 = CARTESIAN_POINT('',(8.234268862754,-3.9482023485,-1.703088521585)
  );
#44 = LINE('',#45,#46);
#45 = CARTESIAN_POINT('',(8.234268862754,1.0517976515,-1.703088521585));
#46 = VECTOR('',#47,1.);
#47 = DIRECTION('',(0.,-1.,0.));
#48 = ORIENTED_EDGE('',*,*,#49,.F.);
#49 = EDGE_CURVE('',#50,#40,#52,.T.);
#50 = VERTEX_POINT('',#51);
#51 = CARTESIAN_POINT('',(8.234268862754,0.3517976515,-1.403088521585));
#52 = LINE('',#53,#54);
#53 = CARTESIAN_POINT('',(8.234268862754,0.3517976515,-11.55308852158));
#54 = VECTOR('',#55,1.);
#55 = DIRECTION('',(1.233581138472E-16,0.,-1.));
#56 = ORIENTED_EDGE('',*,*,#57,.T.);
#57 = EDGE_CURVE('',#50,#58,#60,.T.);
#58 = VERTEX_POINT('',#59);
#59 = CARTESIAN_POINT('',(8.234268862754,-3.9482023485,-1.403088521585)
  );
#60 = LINE('',#61,#62);
#61 = CARTESIAN_POINT('',(8.234268862754,1.0517976515,-1.403088521585));
#62 = VECTOR('',#63,1.);
#63 = DIRECTION('',(0.,-1.,0.));
#64 = ORIENTED_EDGE('',*,*,#65,.T.);
#65 = EDGE_CURVE('',#58,#42,#66,.T.);
#66 = LINE('',#67,#68);
#67 = CARTESIAN_POINT('',(8.234268862754,-3.9482023485,-7.553088521585)
  );
#68 = VECTOR('',#69,1.);
#69 = DIRECTION('',(1.233581138472E-16,0.,-1.));
#70 = PLANE('',#71);
#71 = AXIS2_PLACEMENT_3D('',#72,#73,#74);
#72 = CARTESIAN_POINT('',(8.234268862754,0.3517976515,-1.403088521585));
#73 = DIRECTION('',(1.,-0.,1.233581138472E-16));
#74 = DIRECTION('',(1.233581138472E-16,0.,-1.));
#75 = ADVANCED_FACE('',(#76),#110,.F.);
#76 = FACE_BOUND('',#77,.T.);
#77 = EDGE_LOOP('',(#78,#88,#96,#104));
#78 = ORIENTED_EDGE('',*,*,#79,.T.);
#79 = EDGE_CURVE('',#80,#82,#84,.T.);
#80 = VERTEX_POINT('',#81);
#81 = CARTESIAN_POINT('',(8.234268862754,0.3517976515,-3.703088521585));
#82 = VERTEX_POINT('',#83);
#83 = CARTESIAN_POINT('',(8.234268862754,0.3517976515,-3.403088521585));
#84 = LINE('',#85,#86);
#85 = CARTESIAN_POINT('',(8.234268862754,0.3517976515,6.446911478415));
#86 = VECTOR('',#87,1.);
#87 = DIRECTION('',(1.233581138472E-16,0.,1.));
#88 = ORIENTED_EDGE('',*,*,#89,.T.);
#89 = EDGE_CURVE('',#82,#90,#92,.T.);
#90 = VERTEX_POINT('',#91);
#91 = CARTESIAN_POINT('',(8.234268862754,-3.9482023485,-3.403088521585)
  );
#92 = LINE('',#93,#94);
#93 = CARTESIAN_POINT('',(8.234268862754,1.0517976515,-3.403088521585));
#94 = VECTOR('',#95,1.);
#95 = DIRECTION('',(0.,-1.,0.));
#96 = ORIENTED_EDGE('',*,*,#97,.F.);
#97 = EDGE_CURVE('',#98,#90,#100,.T.);
#98 = VERTEX_POINT('',#99);
#99 = CARTESIAN_POINT('',(8.234268862754,-3.9482023485,-3.703088521585)
  );
#100 = LINE('',#101,#102);
#101 = CARTESIAN_POINT('',(8.234268862754,-3.9482023485,-7.553088521585)
  );
#102 = VECTOR('',#103,1.);
#103 = DIRECTION('',(1.233581138472E-16,0.,1.));
#104 = ORIENTED_EDGE('',*,*,#105,.T.);
#105 = EDGE_CURVE('',#98,#80,#106,.T.);
#106 = LINE('',#107,#108);
#107 = CARTESIAN_POINT('',(8.234268862754,1.0517976515,-3.703088521585)
  );
#108 = VECTOR('',#109,1.);
#109 = DIRECTION('',(0.,1.,0.));
#110 = PLANE('',#111);
#111 = AXIS2_PLACEMENT_3D('',#112,#113,#114);
#112 = CARTESIAN_POINT('',(8.234268862754,0.3517976515,-3.703088521585)
  );
#113 = DIRECTION('',(-1.,0.,1.233581138472E-16));
#114 = DIRECTION('',(1.233581138472E-16,0.,1.));
#115 = ADVANCED_FACE('',(#116),#150,.T.);
#116 = FACE_BOUND('',#117,.T.);
#117 = EDGE_LOOP('',(#118,#128,#136,#144));
#118 = ORIENTED_EDGE('',*,*,#119,.T.);
#119 = EDGE_CURVE('',#120,#122,#124,.T.);
#120 = VERTEX_POINT('',#121);
#121 = CARTESIAN_POINT('',(12.084268862754,-1.7482023485,10.446911478415
    ));
#122 = VERTEX_POINT('',#123);
#123 = CARTESIAN_POINT('',(12.084268862754,-1.7482023485,-3.553088521585
    ));
#124 = LINE('',#125,#126);
#125 = CARTESIAN_POINT('',(12.084268862754,-1.7482023485,-7.553088521585
    ));
#126 = VECTOR('',#127,1.);
#127 = DIRECTION('',(-1.224606353822E-16,0.,-1.));
#128 = ORIENTED_EDGE('',*,*,#129,.T.);
#129 = EDGE_CURVE('',#122,#130,#132,.T.);
#130 = VERTEX_POINT('',#131);
#131 = CARTESIAN_POINT('',(12.484268862754,-1.7482023485,-3.553088521585
    ));
#132 = LINE('',#133,#134);
#133 = CARTESIAN_POINT('',(7.484268862754,-1.7482023485,-3.553088521585)
  );
#134 = VECTOR('',#135,1.);
#135 = DIRECTION('',(1.,0.,0.));
#136 = ORIENTED_EDGE('',*,*,#137,.F.);
#137 = EDGE_CURVE('',#138,#130,#140,.T.);
#138 = VERTEX_POINT('',#139);
#139 = CARTESIAN_POINT('',(12.484268862754,-1.7482023485,10.446911478415
    ));
#140 = LINE('',#141,#142);
#141 = CARTESIAN_POINT('',(12.484268862754,-1.7482023485,14.446911478415
    ));
#142 = VECTOR('',#143,1.);
#143 = DIRECTION('',(-1.224606353822E-16,0.,-1.));
#144 = ORIENTED_EDGE('',*,*,#145,.T.);
#145 = EDGE_CURVE('',#138,#120,#146,.T.);
#146 = LINE('',#147,#148);
#147 = CARTESIAN_POINT('',(7.484268862754,-1.7482023485,10.446911478415)
  );
#148 = VECTOR('',#149,1.);
#149 = DIRECTION('',(-1.,0.,0.));
#150 = PLANE('',#151);
#151 = AXIS2_PLACEMENT_3D('',#152,#153,#154);
#152 = CARTESIAN_POINT('',(12.084268862754,-1.7482023485,-8.003088521585
    ));
#153 = DIRECTION('',(0.,-1.,0.));
#154 = DIRECTION('',(1.224606353822E-16,0.,-1.));
#155 = ADVANCED_FACE('',(#156),#190,.T.);
#156 = FACE_BOUND('',#157,.T.);
#157 = EDGE_LOOP('',(#158,#168,#176,#184));
#158 = ORIENTED_EDGE('',*,*,#159,.T.);
#159 = EDGE_CURVE('',#160,#162,#164,.T.);
#160 = VERTEX_POINT('',#161);
#161 = CARTESIAN_POINT('',(10.934268862754,3.9517976515,0.296911478415)
  );
#162 = VERTEX_POINT('',#163);
#163 = CARTESIAN_POINT('',(11.234268862754,3.9517976515,0.296911478415)
  );
#164 = LINE('',#165,#166);
#165 = CARTESIAN_POINT('',(8.209531969062,3.9517976515,0.296911478415));
#166 = VECTOR('',#167,1.);
#167 = DIRECTION('',(1.,0.,-2.413528314403E-16));
#168 = ORIENTED_EDGE('',*,*,#169,.T.);
#169 = EDGE_CURVE('',#162,#170,#172,.T.);
#170 = VERTEX_POINT('',#171);
#171 = CARTESIAN_POINT('',(11.334268862754,3.5517976515,0.196911478415)
  );
#172 = LINE('',#173,#174);
#173 = CARTESIAN_POINT('',(12.009268862754,0.8517976515,-0.478088521585)
  );
#174 = VECTOR('',#175,1.);
#175 = DIRECTION('',(0.235702260396,-0.942809041582,-0.235702260396));
#176 = ORIENTED_EDGE('',*,*,#177,.T.);
#177 = EDGE_CURVE('',#170,#178,#180,.T.);
#178 = VERTEX_POINT('',#179);
#179 = CARTESIAN_POINT('',(10.834268862754,3.5517976515,0.196911478415)
  );
#180 = LINE('',#181,#182);
#181 = CARTESIAN_POINT('',(8.209531969062,3.5517976515,0.196911478415));
#182 = VECTOR('',#183,1.);
#183 = DIRECTION('',(-1.,1.016424011296E-31,2.413528314403E-16));
#184 = ORIENTED_EDGE('',*,*,#185,.T.);
#185 = EDGE_CURVE('',#178,#160,#186,.T.);
#186 = LINE('',#187,#188);
#187 = CARTESIAN_POINT('',(10.159268862754,0.8517976515,-0.478088521585)
  );
#188 = VECTOR('',#189,1.);
#189 = DIRECTION('',(0.235702260396,0.942809041582,0.235702260396));
#190 = PLANE('',#191);
#191 = AXIS2_PLACEMENT_3D('',#192,#193,#194);
#192 = CARTESIAN_POINT('',(11.084268862754,3.7517976515,0.246911478415)
  );
#193 = DIRECTION('',(-2.341466393106E-16,0.242535625036,-0.970142500145)
  );
#194 = DIRECTION('',(0.,-0.970142500145,-0.242535625036));
#195 = ADVANCED_FACE('',(#196),#230,.F.);
#196 = FACE_BOUND('',#197,.T.);
#197 = EDGE_LOOP('',(#198,#208,#216,#224));
#198 = ORIENTED_EDGE('',*,*,#199,.T.);
#199 = EDGE_CURVE('',#200,#202,#204,.T.);
#200 = VERTEX_POINT('',#201);
#201 = CARTESIAN_POINT('',(10.934268862754,-3.6482023485,2.296911478415)
  );
#202 = VERTEX_POINT('',#203);
#203 = CARTESIAN_POINT('',(10.934268862754,-3.6482023485,2.596911478415)
  );
#204 = LINE('',#205,#206);
#205 = CARTESIAN_POINT('',(10.934268862754,-3.6482023485,2.542971342958)
  );
#206 = VECTOR('',#207,1.);
#207 = DIRECTION('',(0.,0.,1.));
#208 = ORIENTED_EDGE('',*,*,#209,.T.);
#209 = EDGE_CURVE('',#202,#210,#212,.T.);
#210 = VERTEX_POINT('',#211);
#211 = CARTESIAN_POINT('',(10.834268862754,-3.2482023485,2.696911478415)
  );
#212 = LINE('',#213,#214);
#213 = CARTESIAN_POINT('',(9.809268862754,0.8517976515,3.721911478415));
#214 = VECTOR('',#215,1.);
#215 = DIRECTION('',(-0.235702260396,0.942809041582,0.235702260396));
#216 = ORIENTED_EDGE('',*,*,#217,.F.);
#217 = EDGE_CURVE('',#218,#210,#220,.T.);
#218 = VERTEX_POINT('',#219);
#219 = CARTESIAN_POINT('',(10.834268862754,-3.2482023485,2.196911478415)
  );
#220 = LINE('',#221,#222);
#221 = CARTESIAN_POINT('',(10.834268862754,-3.2482023485,2.542971342958)
  );
#222 = VECTOR('',#223,1.);
#223 = DIRECTION('',(0.,0.,1.));
#224 = ORIENTED_EDGE('',*,*,#225,.T.);
#225 = EDGE_CURVE('',#218,#200,#226,.T.);
#226 = LINE('',#227,#228);
#227 = CARTESIAN_POINT('',(9.809268862754,0.8517976515,1.171911478415));
#228 = VECTOR('',#229,1.);
#229 = DIRECTION('',(0.235702260396,-0.942809041582,0.235702260396));
#230 = PLANE('',#231);
#231 = AXIS2_PLACEMENT_3D('',#232,#233,#234);
#232 = CARTESIAN_POINT('',(10.884268862754,-3.4482023485,2.446911478415)
  );
#233 = DIRECTION('',(0.970142500145,0.242535625036,-0.));
#234 = DIRECTION('',(-0.242535625036,0.970142500145,3.36585794009E-17));
#235 = ADVANCED_FACE('',(#236),#270,.T.);
#236 = FACE_BOUND('',#237,.T.);
#237 = EDGE_LOOP('',(#238,#248,#256,#264));
#238 = ORIENTED_EDGE('',*,*,#239,.T.);
#239 = EDGE_CURVE('',#240,#242,#244,.T.);
#240 = VERTEX_POINT('',#241);
#241 = CARTESIAN_POINT('',(11.234268862754,3.9517976515,0.596911478415)
  );
#242 = VERTEX_POINT('',#243);
#243 = CARTESIAN_POINT('',(10.934268862754,3.9517976515,0.596911478415)
  );
#244 = LINE('',#245,#246);
#245 = CARTESIAN_POINT('',(8.209531969062,3.9517976515,0.596911478415));
#246 = VECTOR('',#247,1.);
#247 = DIRECTION('',(-1.,0.,2.413528314403E-16));
#248 = ORIENTED_EDGE('',*,*,#249,.T.);
#249 = EDGE_CURVE('',#242,#250,#252,.T.);
#250 = VERTEX_POINT('',#251);
#251 = CARTESIAN_POINT('',(10.834268862754,3.5517976515,0.696911478415)
  );
#252 = LINE('',#253,#254);
#253 = CARTESIAN_POINT('',(10.159268862754,0.8517976515,1.371911478415)
  );
#254 = VECTOR('',#255,1.);
#255 = DIRECTION('',(-0.235702260396,-0.942809041582,0.235702260396));
#256 = ORIENTED_EDGE('',*,*,#257,.T.);
#257 = EDGE_CURVE('',#250,#258,#260,.T.);
#258 = VERTEX_POINT('',#259);
#259 = CARTESIAN_POINT('',(11.334268862754,3.5517976515,0.696911478415)
  );
#260 = LINE('',#261,#262);
#261 = CARTESIAN_POINT('',(8.209531969062,3.5517976515,0.696911478415));
#262 = VECTOR('',#263,1.);
#263 = DIRECTION('',(1.,1.016424011296E-31,-2.413528314403E-16));
#264 = ORIENTED_EDGE('',*,*,#265,.T.);
#265 = EDGE_CURVE('',#258,#240,#266,.T.);
#266 = LINE('',#267,#268);
#267 = CARTESIAN_POINT('',(12.009268862754,0.8517976515,1.371911478415)
  );
#268 = VECTOR('',#269,1.);
#269 = DIRECTION('',(-0.235702260396,0.942809041582,-0.235702260396));
#270 = PLANE('',#271);
#271 = AXIS2_PLACEMENT_3D('',#272,#273,#274);
#272 = CARTESIAN_POINT('',(11.084268862754,3.7517976515,0.646911478415)
  );
#273 = DIRECTION('',(2.341466393106E-16,0.242535625036,0.970142500145));
#274 = DIRECTION('',(0.,-0.970142500145,0.242535625036));
#275 = ADVANCED_FACE('',(#276),#310,.F.);
#276 = FACE_BOUND('',#277,.T.);
#277 = EDGE_LOOP('',(#278,#288,#296,#304));
#278 = ORIENTED_EDGE('',*,*,#279,.T.);
#279 = EDGE_CURVE('',#280,#282,#284,.T.);
#280 = VERTEX_POINT('',#281);
#281 = CARTESIAN_POINT('',(9.184268862754,1.0517976515,-4.853088521585)
  );
#282 = VERTEX_POINT('',#283);
#283 = CARTESIAN_POINT('',(10.284268862754,1.0517976515,-4.853088521585)
  );
#284 = LINE('',#285,#286);
#285 = CARTESIAN_POINT('',(7.484268862754,1.0517976515,-4.853088521585)
  );
#286 = VECTOR('',#287,1.);
#287 = DIRECTION('',(1.,0.,-1.224606353822E-16));
#288 = ORIENTED_EDGE('',*,*,#289,.F.);
#289 = EDGE_CURVE('',#290,#282,#292,.T.);
#290 = VERTEX_POINT('',#291);
#291 = CARTESIAN_POINT('',(10.284268862754,0.3517976515,-4.853088521585)
  );
#292 = LINE('',#293,#294);
#293 = CARTESIAN_POINT('',(10.284268862754,0.3517976515,-4.853088521585)
  );
#294 = VECTOR('',#295,1.);
#295 = DIRECTION('',(0.,1.,0.));
#296 = ORIENTED_EDGE('',*,*,#297,.T.);
#297 = EDGE_CURVE('',#290,#298,#300,.T.);
#298 = VERTEX_POINT('',#299);
#299 = CARTESIAN_POINT('',(9.184268862754,0.3517976515,-4.853088521585)
  );
#300 = LINE('',#301,#302);
#301 = CARTESIAN_POINT('',(7.484268862754,0.3517976515,-4.853088521585)
  );
#302 = VECTOR('',#303,1.);
#303 = DIRECTION('',(-1.,0.,1.224606353822E-16));
#304 = ORIENTED_EDGE('',*,*,#305,.T.);
#305 = EDGE_CURVE('',#298,#280,#306,.T.);
#306 = LINE('',#307,#308);
#307 = CARTESIAN_POINT('',(9.184268862754,0.3517976515,-4.853088521585)
  );
#308 = VECTOR('',#309,1.);
#309 = DIRECTION('',(0.,1.,0.));
#310 = PLANE('',#311);
#311 = AXIS2_PLACEMENT_3D('',#312,#313,#314);
#312 = CARTESIAN_POINT('',(10.284268862754,0.3517976515,-4.853088521585)
  );
#313 = DIRECTION('',(1.224606353822E-16,-0.,1.));
#314 = DIRECTION('',(1.,0.,-1.224606353822E-16));
#315 = ADVANCED_FACE('',(#316),#350,.F.);
#316 = FACE_BOUND('',#317,.T.);
#317 = EDGE_LOOP('',(#318,#328,#336,#344));
#318 = ORIENTED_EDGE('',*,*,#319,.F.);
#319 = EDGE_CURVE('',#320,#322,#324,.T.);
#320 = VERTEX_POINT('',#321);
#321 = CARTESIAN_POINT('',(7.884268862754,-3.9482023485,-4.853088521585)
  );
#322 = VERTEX_POINT('',#323);
#323 = CARTESIAN_POINT('',(7.884268862754,-3.9482023485,-3.953088521585)
  );
#324 = LINE('',#325,#326);
#325 = CARTESIAN_POINT('',(7.884268862754,-3.9482023485,-7.553088521585)
  );
#326 = VECTOR('',#327,1.);
#327 = DIRECTION('',(1.224606353822E-16,0.,1.));
#328 = ORIENTED_EDGE('',*,*,#329,.T.);
#329 = EDGE_CURVE('',#320,#330,#332,.T.);
#330 = VERTEX_POINT('',#331);
#331 = CARTESIAN_POINT('',(7.884268862754,0.3517976515,-4.853088521585)
  );
#332 = LINE('',#333,#334);
#333 = CARTESIAN_POINT('',(7.884268862754,1.0517976515,-4.853088521585)
  );
#334 = VECTOR('',#335,1.);
#335 = DIRECTION('',(0.,1.,0.));
#336 = ORIENTED_EDGE('',*,*,#337,.T.);
#337 = EDGE_CURVE('',#330,#338,#340,.T.);
#338 = VERTEX_POINT('',#339);
#339 = CARTESIAN_POINT('',(7.884268862754,0.3517976515,-3.953088521585)
  );
#340 = LINE('',#341,#342);
#341 = CARTESIAN_POINT('',(7.884268862754,0.3517976515,8.446911478415));
#342 = VECTOR('',#343,1.);
#343 = DIRECTION('',(1.224606353822E-16,0.,1.));
#344 = ORIENTED_EDGE('',*,*,#345,.T.);
#345 = EDGE_CURVE('',#338,#322,#346,.T.);
#346 = LINE('',#347,#348);
#347 = CARTESIAN_POINT('',(7.884268862754,1.0517976515,-3.953088521585)
  );
#348 = VECTOR('',#349,1.);
#349 = DIRECTION('',(0.,-1.,0.));
#350 = PLANE('',#351);
#351 = AXIS2_PLACEMENT_3D('',#352,#353,#354);
#352 = CARTESIAN_POINT('',(7.884268862754,0.3517976515,-4.853088521585)
  );
#353 = DIRECTION('',(-1.,0.,1.224606353822E-16));
#354 = DIRECTION('',(1.224606353822E-16,0.,1.));
#355 = ADVANCED_FACE('',(#356),#390,.T.);
#356 = FACE_BOUND('',#357,.T.);
#357 = EDGE_LOOP('',(#358,#368,#376,#384));
#358 = ORIENTED_EDGE('',*,*,#359,.T.);
#359 = EDGE_CURVE('',#360,#362,#364,.T.);
#360 = VERTEX_POINT('',#361);
#361 = CARTESIAN_POINT('',(8.234268862754,-3.9482023485,0.296911478415)
  );
#362 = VERTEX_POINT('',#363);
#363 = CARTESIAN_POINT('',(8.234268862754,0.3517976515,0.296911478415));
#364 = LINE('',#365,#366);
#365 = CARTESIAN_POINT('',(8.234268862754,1.0517976515,0.296911478415));
#366 = VECTOR('',#367,1.);
#367 = DIRECTION('',(0.,1.,0.));
#368 = ORIENTED_EDGE('',*,*,#369,.F.);
#369 = EDGE_CURVE('',#370,#362,#372,.T.);
#370 = VERTEX_POINT('',#371);
#371 = CARTESIAN_POINT('',(8.234268862754,0.3517976515,0.596911478415));
#372 = LINE('',#373,#374);
#373 = CARTESIAN_POINT('',(8.234268862754,0.3517976515,-9.553088521585)
  );
#374 = VECTOR('',#375,1.);
#375 = DIRECTION('',(1.233581138472E-16,0.,-1.));
#376 = ORIENTED_EDGE('',*,*,#377,.F.);
#377 = EDGE_CURVE('',#378,#370,#380,.T.);
#378 = VERTEX_POINT('',#379);
#379 = CARTESIAN_POINT('',(8.234268862754,-3.9482023485,0.596911478415)
  );
#380 = LINE('',#381,#382);
#381 = CARTESIAN_POINT('',(8.234268862754,1.0517976515,0.596911478415));
#382 = VECTOR('',#383,1.);
#383 = DIRECTION('',(0.,1.,0.));
#384 = ORIENTED_EDGE('',*,*,#385,.F.);
#385 = EDGE_CURVE('',#360,#378,#386,.T.);
#386 = LINE('',#387,#388);
#387 = CARTESIAN_POINT('',(8.234268862754,-3.9482023485,-7.553088521585)
  );
#388 = VECTOR('',#389,1.);
#389 = DIRECTION('',(-1.233581138472E-16,0.,1.));
#390 = PLANE('',#391);
#391 = AXIS2_PLACEMENT_3D('',#392,#393,#394);
#392 = CARTESIAN_POINT('',(8.234268862754,0.3517976515,0.596911478415));
#393 = DIRECTION('',(1.,-0.,1.233581138472E-16));
#394 = DIRECTION('',(1.233581138472E-16,0.,-1.));
#395 = ADVANCED_FACE('',(#396),#412,.T.);
#396 = FACE_BOUND('',#397,.T.);
#397 = EDGE_LOOP('',(#398,#399,#405,#406));
#398 = ORIENTED_EDGE('',*,*,#239,.F.);
#399 = ORIENTED_EDGE('',*,*,#400,.F.);
#400 = EDGE_CURVE('',#162,#240,#401,.T.);
#401 = LINE('',#402,#403);
#402 = CARTESIAN_POINT('',(11.234268862754,3.9517976515,0.542971342958)
  );
#403 = VECTOR('',#404,1.);
#404 = DIRECTION('',(0.,0.,1.));
#405 = ORIENTED_EDGE('',*,*,#159,.F.);
#406 = ORIENTED_EDGE('',*,*,#407,.F.);
#407 = EDGE_CURVE('',#242,#160,#408,.T.);
#408 = LINE('',#409,#410);
#409 = CARTESIAN_POINT('',(10.934268862754,3.9517976515,0.542971342958)
  );
#410 = VECTOR('',#411,1.);
#411 = DIRECTION('',(0.,0.,-1.));
#412 = PLANE('',#413);
#413 = AXIS2_PLACEMENT_3D('',#414,#415,#416);
#414 = CARTESIAN_POINT('',(8.209531969062,3.9517976515,0.542971342958));
#415 = DIRECTION('',(0.,1.,-0.));
#416 = DIRECTION('',(-1.,0.,0.));
#417 = ADVANCED_FACE('',(#418),#443,.T.);
#418 = FACE_BOUND('',#419,.T.);
#419 = EDGE_LOOP('',(#420,#421,#429,#437));
#420 = ORIENTED_EDGE('',*,*,#177,.F.);
#421 = ORIENTED_EDGE('',*,*,#422,.F.);
#422 = EDGE_CURVE('',#423,#170,#425,.T.);
#423 = VERTEX_POINT('',#424);
#424 = CARTESIAN_POINT('',(11.334268862754,1.0517976515,0.196911478415)
  );
#425 = LINE('',#426,#427);
#426 = CARTESIAN_POINT('',(11.334268862754,0.8517976515,0.196911478415)
  );
#427 = VECTOR('',#428,1.);
#428 = DIRECTION('',(0.,1.,0.));
#429 = ORIENTED_EDGE('',*,*,#430,.T.);
#430 = EDGE_CURVE('',#423,#431,#433,.T.);
#431 = VERTEX_POINT('',#432);
#432 = CARTESIAN_POINT('',(10.834268862754,1.0517976515,0.196911478415)
  );
#433 = LINE('',#434,#435);
#434 = CARTESIAN_POINT('',(7.484268862754,1.0517976515,0.196911478415));
#435 = VECTOR('',#436,1.);
#436 = DIRECTION('',(-1.,0.,2.413528314403E-16));
#437 = ORIENTED_EDGE('',*,*,#438,.F.);
#438 = EDGE_CURVE('',#178,#431,#439,.T.);
#439 = LINE('',#440,#441);
#440 = CARTESIAN_POINT('',(10.834268862754,0.8517976515,0.196911478415)
  );
#441 = VECTOR('',#442,1.);
#442 = DIRECTION('',(0.,-1.,0.));
#443 = PLANE('',#444);
#444 = AXIS2_PLACEMENT_3D('',#445,#446,#447);
#445 = CARTESIAN_POINT('',(11.334268862754,0.8517976515,0.196911478415)
  );
#446 = DIRECTION('',(-2.413528314403E-16,-0.,-1.));
#447 = DIRECTION('',(1.,0.,-2.413528314403E-16));
#448 = ADVANCED_FACE('',(#449),#472,.T.);
#449 = FACE_BOUND('',#450,.T.);
#450 = EDGE_LOOP('',(#451,#457,#465,#471));
#451 = ORIENTED_EDGE('',*,*,#452,.F.);
#452 = EDGE_CURVE('',#258,#170,#453,.T.);
#453 = LINE('',#454,#455);
#454 = CARTESIAN_POINT('',(11.334268862754,3.5517976515,0.542971342958)
  );
#455 = VECTOR('',#456,1.);
#456 = DIRECTION('',(0.,0.,-1.));
#457 = ORIENTED_EDGE('',*,*,#458,.T.);
#458 = EDGE_CURVE('',#258,#459,#461,.T.);
#459 = VERTEX_POINT('',#460);
#460 = CARTESIAN_POINT('',(11.334268862754,1.0517976515,0.696911478415)
  );
#461 = LINE('',#462,#463);
#462 = CARTESIAN_POINT('',(11.334268862754,0.8517976515,0.696911478415)
  );
#463 = VECTOR('',#464,1.);
#464 = DIRECTION('',(0.,-1.,0.));
#465 = ORIENTED_EDGE('',*,*,#466,.T.);
#466 = EDGE_CURVE('',#459,#423,#467,.T.);
#467 = LINE('',#468,#469);
#468 = CARTESIAN_POINT('',(11.334268862754,1.0517976515,-7.553088521585)
  );
#469 = VECTOR('',#470,1.);
#470 = DIRECTION('',(0.,0.,-1.));
#471 = ORIENTED_EDGE('',*,*,#422,.T.);
#472 = PLANE('',#473);
#473 = AXIS2_PLACEMENT_3D('',#474,#475,#476);
#474 = CARTESIAN_POINT('',(11.334268862754,0.8517976515,0.696911478415)
  );
#475 = DIRECTION('',(1.,0.,-0.));
#476 = DIRECTION('',(0.,0.,1.));
#477 = ADVANCED_FACE('',(#478),#512,.T.);
#478 = FACE_BOUND('',#479,.T.);
#479 = EDGE_LOOP('',(#480,#490,#498,#506));
#480 = ORIENTED_EDGE('',*,*,#481,.T.);
#481 = EDGE_CURVE('',#482,#484,#486,.T.);
#482 = VERTEX_POINT('',#483);
#483 = CARTESIAN_POINT('',(8.234268862754,-3.9482023485,4.296911478415)
  );
#484 = VERTEX_POINT('',#485);
#485 = CARTESIAN_POINT('',(8.234268862754,0.3517976515,4.296911478415));
#486 = LINE('',#487,#488);
#487 = CARTESIAN_POINT('',(8.234268862754,1.0517976515,4.296911478415));
#488 = VECTOR('',#489,1.);
#489 = DIRECTION('',(0.,1.,0.));
#490 = ORIENTED_EDGE('',*,*,#491,.F.);
#491 = EDGE_CURVE('',#492,#484,#494,.T.);
#492 = VERTEX_POINT('',#493);
#493 = CARTESIAN_POINT('',(8.234268862754,0.3517976515,4.596911478415));
#494 = LINE('',#495,#496);
#495 = CARTESIAN_POINT('',(8.234268862754,0.3517976515,-5.553088521585)
  );
#496 = VECTOR('',#497,1.);
#497 = DIRECTION('',(1.233581138472E-16,0.,-1.));
#498 = ORIENTED_EDGE('',*,*,#499,.F.);
#499 = EDGE_CURVE('',#500,#492,#502,.T.);
#500 = VERTEX_POINT('',#501);
#501 = CARTESIAN_POINT('',(8.234268862754,-3.9482023485,4.596911478415)
  );
#502 = LINE('',#503,#504);
#503 = CARTESIAN_POINT('',(8.234268862754,1.0517976515,4.596911478415));
#504 = VECTOR('',#505,1.);
#505 = DIRECTION('',(0.,1.,0.));
#506 = ORIENTED_EDGE('',*,*,#507,.F.);
#507 = EDGE_CURVE('',#482,#500,#508,.T.);
#508 = LINE('',#509,#510);
#509 = CARTESIAN_POINT('',(8.234268862754,-3.9482023485,-7.553088521585)
  );
#510 = VECTOR('',#511,1.);
#511 = DIRECTION('',(-1.233581138472E-16,0.,1.));
#512 = PLANE('',#513);
#513 = AXIS2_PLACEMENT_3D('',#514,#515,#516);
#514 = CARTESIAN_POINT('',(8.234268862754,0.3517976515,4.596911478415));
#515 = DIRECTION('',(1.,-0.,1.233581138472E-16));
#516 = DIRECTION('',(1.233581138472E-16,0.,-1.));
#517 = ADVANCED_FACE('',(#518),#552,.T.);
#518 = FACE_BOUND('',#519,.T.);
#519 = EDGE_LOOP('',(#520,#530,#538,#546));
#520 = ORIENTED_EDGE('',*,*,#521,.T.);
#521 = EDGE_CURVE('',#522,#524,#526,.T.);
#522 = VERTEX_POINT('',#523);
#523 = CARTESIAN_POINT('',(8.234268862754,-3.9482023485,6.296911478415)
  );
#524 = VERTEX_POINT('',#525);
#525 = CARTESIAN_POINT('',(7.884268862754,-3.9482023485,6.046911478415)
  );
#526 = LINE('',#527,#528);
#527 = CARTESIAN_POINT('',(7.484268862754,-3.9482023485,5.761197192701)
  );
#528 = VECTOR('',#529,1.);
#529 = DIRECTION('',(-0.813733471207,0.,-0.581238193719));
#530 = ORIENTED_EDGE('',*,*,#531,.T.);
#531 = EDGE_CURVE('',#524,#532,#534,.T.);
#532 = VERTEX_POINT('',#533);
#533 = CARTESIAN_POINT('',(7.884268862754,0.3517976515,6.046911478415));
#534 = LINE('',#535,#536);
#535 = CARTESIAN_POINT('',(7.884268862754,1.0517976515,6.046911478415));
#536 = VECTOR('',#537,1.);
#537 = DIRECTION('',(0.,1.,0.));
#538 = ORIENTED_EDGE('',*,*,#539,.F.);
#539 = EDGE_CURVE('',#540,#532,#542,.T.);
#540 = VERTEX_POINT('',#541);
#541 = CARTESIAN_POINT('',(8.234268862754,0.3517976515,6.296911478415));
#542 = LINE('',#543,#544);
#543 = CARTESIAN_POINT('',(7.484268862754,0.3517976515,5.761197192701));
#544 = VECTOR('',#545,1.);
#545 = DIRECTION('',(-0.813733471207,0.,-0.581238193719));
#546 = ORIENTED_EDGE('',*,*,#547,.F.);
#547 = EDGE_CURVE('',#522,#540,#548,.T.);
#548 = LINE('',#549,#550);
#549 = CARTESIAN_POINT('',(8.234268862754,1.0517976515,6.296911478415));
#550 = VECTOR('',#551,1.);
#551 = DIRECTION('',(0.,1.,0.));
#552 = PLANE('',#553);
#553 = AXIS2_PLACEMENT_3D('',#554,#555,#556);
#554 = CARTESIAN_POINT('',(8.234268862754,0.3517976515,6.296911478415));
#555 = DIRECTION('',(0.581238193719,0.,-0.813733471207));
#556 = DIRECTION('',(-0.813733471207,0.,-0.581238193719));
#557 = ADVANCED_FACE('',(#558),#600,.T.);
#558 = FACE_BOUND('',#559,.T.);
#559 = EDGE_LOOP('',(#560,#570,#578,#586,#594));
#560 = ORIENTED_EDGE('',*,*,#561,.F.);
#561 = EDGE_CURVE('',#562,#564,#566,.T.);
#562 = VERTEX_POINT('',#563);
#563 = CARTESIAN_POINT('',(9.184268862754,-2.3482023485,11.746911478415)
  );
#564 = VERTEX_POINT('',#565);
#565 = CARTESIAN_POINT('',(9.184268862754,-2.3482023485,12.446911478415)
  );
#566 = LINE('',#567,#568);
#567 = CARTESIAN_POINT('',(9.184268862754,-2.3482023485,11.746911478415)
  );
#568 = VECTOR('',#569,1.);
#569 = DIRECTION('',(0.,0.,1.));
#570 = ORIENTED_EDGE('',*,*,#571,.F.);
#571 = EDGE_CURVE('',#572,#562,#574,.T.);
#572 = VERTEX_POINT('',#573);
#573 = CARTESIAN_POINT('',(9.184268862754,0.3517976515,11.746911478415)
  );
#574 = LINE('',#575,#576);
#575 = CARTESIAN_POINT('',(9.184268862754,1.0517976515,11.746911478415)
  );
#576 = VECTOR('',#577,1.);
#577 = DIRECTION('',(0.,-1.,0.));
#578 = ORIENTED_EDGE('',*,*,#579,.T.);
#579 = EDGE_CURVE('',#572,#580,#582,.T.);
#580 = VERTEX_POINT('',#581);
#581 = CARTESIAN_POINT('',(9.184268862754,1.0517976515,11.746911478415)
  );
#582 = LINE('',#583,#584);
#583 = CARTESIAN_POINT('',(9.184268862754,0.3517976515,11.746911478415)
  );
#584 = VECTOR('',#585,1.);
#585 = DIRECTION('',(0.,1.,0.));
#586 = ORIENTED_EDGE('',*,*,#587,.F.);
#587 = EDGE_CURVE('',#588,#580,#590,.T.);
#588 = VERTEX_POINT('',#589);
#589 = CARTESIAN_POINT('',(9.184268862754,1.0517976515,12.446911478415)
  );
#590 = LINE('',#591,#592);
#591 = CARTESIAN_POINT('',(9.184268862754,1.0517976515,-1.553088521585)
  );
#592 = VECTOR('',#593,1.);
#593 = DIRECTION('',(0.,0.,-1.));
#594 = ORIENTED_EDGE('',*,*,#595,.F.);
#595 = EDGE_CURVE('',#564,#588,#596,.T.);
#596 = LINE('',#597,#598);
#597 = CARTESIAN_POINT('',(9.184268862754,1.0517976515,12.446911478415)
  );
#598 = VECTOR('',#599,1.);
#599 = DIRECTION('',(0.,1.,0.));
#600 = PLANE('',#601);
#601 = AXIS2_PLACEMENT_3D('',#602,#603,#604);
#602 = CARTESIAN_POINT('',(9.184268862754,0.3517976515,11.746911478415)
  );
#603 = DIRECTION('',(1.,0.,0.));
#604 = DIRECTION('',(-0.,1.,0.));
#605 = ADVANCED_FACE('',(#606),#631,.T.);
#606 = FACE_BOUND('',#607,.T.);
#607 = EDGE_LOOP('',(#608,#618,#624,#625));
#608 = ORIENTED_EDGE('',*,*,#609,.F.);
#609 = EDGE_CURVE('',#610,#612,#614,.T.);
#610 = VERTEX_POINT('',#611);
#611 = CARTESIAN_POINT('',(10.284268862754,-2.3482023485,11.746911478415
    ));
#612 = VERTEX_POINT('',#613);
#613 = CARTESIAN_POINT('',(10.284268862754,-2.3482023485,12.446911478415
    ));
#614 = LINE('',#615,#616);
#615 = CARTESIAN_POINT('',(10.284268862754,-2.3482023485,11.746911478415
    ));
#616 = VECTOR('',#617,1.);
#617 = DIRECTION('',(0.,0.,1.));
#618 = ORIENTED_EDGE('',*,*,#619,.F.);
#619 = EDGE_CURVE('',#562,#610,#620,.T.);
#620 = LINE('',#621,#622);
#621 = CARTESIAN_POINT('',(7.484268862754,-2.3482023485,11.746911478415)
  );
#622 = VECTOR('',#623,1.);
#623 = DIRECTION('',(1.,0.,0.));
#624 = ORIENTED_EDGE('',*,*,#561,.T.);
#625 = ORIENTED_EDGE('',*,*,#626,.F.);
#626 = EDGE_CURVE('',#612,#564,#627,.T.);
#627 = LINE('',#628,#629);
#628 = CARTESIAN_POINT('',(7.484268862754,-2.3482023485,12.446911478415)
  );
#629 = VECTOR('',#630,1.);
#630 = DIRECTION('',(-1.,0.,-1.224606353822E-16));
#631 = PLANE('',#632);
#632 = AXIS2_PLACEMENT_3D('',#633,#634,#635);
#633 = CARTESIAN_POINT('',(9.184268862754,-2.3482023485,11.746911478415)
  );
#634 = DIRECTION('',(0.,1.,-0.));
#635 = DIRECTION('',(-1.,0.,0.));
#636 = ADVANCED_FACE('',(#637),#671,.T.);
#637 = FACE_BOUND('',#638,.T.);
#638 = EDGE_LOOP('',(#639,#649,#657,#665));
#639 = ORIENTED_EDGE('',*,*,#640,.T.);
#640 = EDGE_CURVE('',#641,#643,#645,.T.);
#641 = VERTEX_POINT('',#642);
#642 = CARTESIAN_POINT('',(10.934268862754,3.9517976515,10.596911478415)
  );
#643 = VERTEX_POINT('',#644);
#644 = CARTESIAN_POINT('',(10.934268862754,3.9517976515,10.296911478415)
  );
#645 = LINE('',#646,#647);
#646 = CARTESIAN_POINT('',(10.934268862754,3.9517976515,10.542971342958)
  );
#647 = VECTOR('',#648,1.);
#648 = DIRECTION('',(0.,0.,-1.));
#649 = ORIENTED_EDGE('',*,*,#650,.F.);
#650 = EDGE_CURVE('',#651,#643,#653,.T.);
#651 = VERTEX_POINT('',#652);
#652 = CARTESIAN_POINT('',(10.834268862754,3.5517976515,10.196911478415)
  );
#653 = LINE('',#654,#655);
#654 = CARTESIAN_POINT('',(10.159268862754,0.8517976515,9.521911478415)
  );
#655 = VECTOR('',#656,1.);
#656 = DIRECTION('',(0.235702260396,0.942809041582,0.235702260396));
#657 = ORIENTED_EDGE('',*,*,#658,.T.);
#658 = EDGE_CURVE('',#651,#659,#661,.T.);
#659 = VERTEX_POINT('',#660);
#660 = CARTESIAN_POINT('',(10.834268862754,3.5517976515,10.696911478415)
  );
#661 = LINE('',#662,#663);
#662 = CARTESIAN_POINT('',(10.834268862754,3.5517976515,10.542971342958)
  );
#663 = VECTOR('',#664,1.);
#664 = DIRECTION('',(0.,0.,1.));
#665 = ORIENTED_EDGE('',*,*,#666,.F.);
#666 = EDGE_CURVE('',#641,#659,#667,.T.);
#667 = LINE('',#668,#669);
#668 = CARTESIAN_POINT('',(10.159268862754,0.8517976515,11.371911478415)
  );
#669 = VECTOR('',#670,1.);
#670 = DIRECTION('',(-0.235702260396,-0.942809041582,0.235702260396));
#671 = PLANE('',#672);
#672 = AXIS2_PLACEMENT_3D('',#673,#674,#675);
#673 = CARTESIAN_POINT('',(10.884268862754,3.7517976515,10.446911478415)
  );
#674 = DIRECTION('',(-0.970142500145,0.242535625036,0.));
#675 = DIRECTION('',(-0.242535625036,-0.970142500145,3.36585794009E-17)
  );
#676 = ADVANCED_FACE('',(#677),#711,.T.);
#677 = FACE_BOUND('',#678,.T.);
#678 = EDGE_LOOP('',(#679,#689,#697,#705));
#679 = ORIENTED_EDGE('',*,*,#680,.T.);
#680 = EDGE_CURVE('',#681,#683,#685,.T.);
#681 = VERTEX_POINT('',#682);
#682 = CARTESIAN_POINT('',(10.934268862754,3.9517976515,2.596911478415)
  );
#683 = VERTEX_POINT('',#684);
#684 = CARTESIAN_POINT('',(10.934268862754,3.9517976515,2.296911478415)
  );
#685 = LINE('',#686,#687);
#686 = CARTESIAN_POINT('',(10.934268862754,3.9517976515,2.542971342958)
  );
#687 = VECTOR('',#688,1.);
#688 = DIRECTION('',(0.,0.,-1.));
#689 = ORIENTED_EDGE('',*,*,#690,.F.);
#690 = EDGE_CURVE('',#691,#683,#693,.T.);
#691 = VERTEX_POINT('',#692);
#692 = CARTESIAN_POINT('',(10.834268862754,3.5517976515,2.196911478415)
  );
#693 = LINE('',#694,#695);
#694 = CARTESIAN_POINT('',(10.159268862754,0.8517976515,1.521911478415)
  );
#695 = VECTOR('',#696,1.);
#696 = DIRECTION('',(0.235702260396,0.942809041582,0.235702260396));
#697 = ORIENTED_EDGE('',*,*,#698,.T.);
#698 = EDGE_CURVE('',#691,#699,#701,.T.);
#699 = VERTEX_POINT('',#700);
#700 = CARTESIAN_POINT('',(10.834268862754,3.5517976515,2.696911478415)
  );
#701 = LINE('',#702,#703);
#702 = CARTESIAN_POINT('',(10.834268862754,3.5517976515,2.542971342958)
  );
#703 = VECTOR('',#704,1.);
#704 = DIRECTION('',(0.,0.,1.));
#705 = ORIENTED_EDGE('',*,*,#706,.F.);
#706 = EDGE_CURVE('',#681,#699,#707,.T.);
#707 = LINE('',#708,#709);
#708 = CARTESIAN_POINT('',(10.159268862754,0.8517976515,3.371911478415)
  );
#709 = VECTOR('',#710,1.);
#710 = DIRECTION('',(-0.235702260396,-0.942809041582,0.235702260396));
#711 = PLANE('',#712);
#712 = AXIS2_PLACEMENT_3D('',#713,#714,#715);
#713 = CARTESIAN_POINT('',(10.884268862754,3.7517976515,2.446911478415)
  );
#714 = DIRECTION('',(-0.970142500145,0.242535625036,0.));
#715 = DIRECTION('',(-0.242535625036,-0.970142500145,3.36585794009E-17)
  );
#716 = ADVANCED_FACE('',(#717),#742,.F.);
#717 = FACE_BOUND('',#718,.T.);
#718 = EDGE_LOOP('',(#719,#720,#728,#736));
#719 = ORIENTED_EDGE('',*,*,#89,.F.);
#720 = ORIENTED_EDGE('',*,*,#721,.T.);
#721 = EDGE_CURVE('',#82,#722,#724,.T.);
#722 = VERTEX_POINT('',#723);
#723 = CARTESIAN_POINT('',(7.884268862754,0.3517976515,-3.153088521585)
  );
#724 = LINE('',#725,#726);
#725 = CARTESIAN_POINT('',(7.484268862754,0.3517976515,-2.867374235871)
  );
#726 = VECTOR('',#727,1.);
#727 = DIRECTION('',(-0.813733471207,0.,0.581238193719));
#728 = ORIENTED_EDGE('',*,*,#729,.T.);
#729 = EDGE_CURVE('',#722,#730,#732,.T.);
#730 = VERTEX_POINT('',#731);
#731 = CARTESIAN_POINT('',(7.884268862754,-3.9482023485,-3.153088521585)
  );
#732 = LINE('',#733,#734);
#733 = CARTESIAN_POINT('',(7.884268862754,1.0517976515,-3.153088521585)
  );
#734 = VECTOR('',#735,1.);
#735 = DIRECTION('',(0.,-1.,0.));
#736 = ORIENTED_EDGE('',*,*,#737,.F.);
#737 = EDGE_CURVE('',#90,#730,#738,.T.);
#738 = LINE('',#739,#740);
#739 = CARTESIAN_POINT('',(7.484268862754,-3.9482023485,-2.867374235871)
  );
#740 = VECTOR('',#741,1.);
#741 = DIRECTION('',(-0.813733471207,0.,0.581238193719));
#742 = PLANE('',#743);
#743 = AXIS2_PLACEMENT_3D('',#744,#745,#746);
#744 = CARTESIAN_POINT('',(8.234268862754,0.3517976515,-3.403088521585)
  );
#745 = DIRECTION('',(-0.581238193719,0.,-0.813733471207));
#746 = DIRECTION('',(-0.813733471207,0.,0.581238193719));
#747 = ADVANCED_FACE('',(#748),#782,.T.);
#748 = FACE_BOUND('',#749,.T.);
#749 = EDGE_LOOP('',(#750,#760,#768,#776));
#750 = ORIENTED_EDGE('',*,*,#751,.F.);
#751 = EDGE_CURVE('',#752,#754,#756,.T.);
#752 = VERTEX_POINT('',#753);
#753 = CARTESIAN_POINT('',(11.234268862754,3.9517976515,4.596911478415)
  );
#754 = VERTEX_POINT('',#755);
#755 = CARTESIAN_POINT('',(10.934268862754,3.9517976515,4.596911478415)
  );
#756 = LINE('',#757,#758);
#757 = CARTESIAN_POINT('',(8.209531969062,3.9517976515,4.596911478415));
#758 = VECTOR('',#759,1.);
#759 = DIRECTION('',(-1.,0.,2.413528314403E-16));
#760 = ORIENTED_EDGE('',*,*,#761,.F.);
#761 = EDGE_CURVE('',#762,#752,#764,.T.);
#762 = VERTEX_POINT('',#763);
#763 = CARTESIAN_POINT('',(11.234268862754,3.9517976515,4.296911478415)
  );
#764 = LINE('',#765,#766);
#765 = CARTESIAN_POINT('',(11.234268862754,3.9517976515,4.542971342958)
  );
#766 = VECTOR('',#767,1.);
#767 = DIRECTION('',(0.,0.,1.));
#768 = ORIENTED_EDGE('',*,*,#769,.F.);
#769 = EDGE_CURVE('',#770,#762,#772,.T.);
#770 = VERTEX_POINT('',#771);
#771 = CARTESIAN_POINT('',(10.934268862754,3.9517976515,4.296911478415)
  );
#772 = LINE('',#773,#774);
#773 = CARTESIAN_POINT('',(8.209531969062,3.9517976515,4.296911478415));
#774 = VECTOR('',#775,1.);
#775 = DIRECTION('',(1.,0.,-2.413528314403E-16));
#776 = ORIENTED_EDGE('',*,*,#777,.F.);
#777 = EDGE_CURVE('',#754,#770,#778,.T.);
#778 = LINE('',#779,#780);
#779 = CARTESIAN_POINT('',(10.934268862754,3.9517976515,4.542971342958)
  );
#780 = VECTOR('',#781,1.);
#781 = DIRECTION('',(0.,0.,-1.));
#782 = PLANE('',#783);
#783 = AXIS2_PLACEMENT_3D('',#784,#785,#786);
#784 = CARTESIAN_POINT('',(8.209531969062,3.9517976515,4.542971342958));
#785 = DIRECTION('',(0.,1.,-0.));
#786 = DIRECTION('',(-1.,0.,0.));
#787 = ADVANCED_FACE('',(#788),#822,.T.);
#788 = FACE_BOUND('',#789,.T.);
#789 = EDGE_LOOP('',(#790,#800,#808,#816));
#790 = ORIENTED_EDGE('',*,*,#791,.T.);
#791 = EDGE_CURVE('',#792,#794,#796,.T.);
#792 = VERTEX_POINT('',#793);
#793 = CARTESIAN_POINT('',(11.234268862754,3.9517976515,-1.703088521585)
  );
#794 = VERTEX_POINT('',#795);
#795 = CARTESIAN_POINT('',(11.234268862754,3.9517976515,-1.403088521585)
  );
#796 = LINE('',#797,#798);
#797 = CARTESIAN_POINT('',(11.234268862754,3.9517976515,-1.457028657042)
  );
#798 = VECTOR('',#799,1.);
#799 = DIRECTION('',(0.,0.,1.));
#800 = ORIENTED_EDGE('',*,*,#801,.F.);
#801 = EDGE_CURVE('',#802,#794,#804,.T.);
#802 = VERTEX_POINT('',#803);
#803 = CARTESIAN_POINT('',(11.334268862754,3.5517976515,-1.303088521585)
  );
#804 = LINE('',#805,#806);
#805 = CARTESIAN_POINT('',(12.009268862754,0.8517976515,-0.628088521585)
  );
#806 = VECTOR('',#807,1.);
#807 = DIRECTION('',(-0.235702260396,0.942809041582,-0.235702260396));
#808 = ORIENTED_EDGE('',*,*,#809,.T.);
#809 = EDGE_CURVE('',#802,#810,#812,.T.);
#810 = VERTEX_POINT('',#811);
#811 = CARTESIAN_POINT('',(11.334268862754,3.5517976515,-1.803088521585)
  );
#812 = LINE('',#813,#814);
#813 = CARTESIAN_POINT('',(11.334268862754,3.5517976515,-1.457028657042)
  );
#814 = VECTOR('',#815,1.);
#815 = DIRECTION('',(0.,0.,-1.));
#816 = ORIENTED_EDGE('',*,*,#817,.F.);
#817 = EDGE_CURVE('',#792,#810,#818,.T.);
#818 = LINE('',#819,#820);
#819 = CARTESIAN_POINT('',(12.009268862754,0.8517976515,-2.478088521585)
  );
#820 = VECTOR('',#821,1.);
#821 = DIRECTION('',(0.235702260396,-0.942809041582,-0.235702260396));
#822 = PLANE('',#823);
#823 = AXIS2_PLACEMENT_3D('',#824,#825,#826);
#824 = CARTESIAN_POINT('',(11.284268862754,3.7517976515,-1.553088521585)
  );
#825 = DIRECTION('',(0.970142500145,0.242535625036,0.));
#826 = DIRECTION('',(0.242535625036,-0.970142500145,3.36585794009E-17));
#827 = ADVANCED_FACE('',(#828),#862,.F.);
#828 = FACE_BOUND('',#829,.T.);
#829 = EDGE_LOOP('',(#830,#840,#848,#856));
#830 = ORIENTED_EDGE('',*,*,#831,.T.);
#831 = EDGE_CURVE('',#832,#834,#836,.T.);
#832 = VERTEX_POINT('',#833);
#833 = CARTESIAN_POINT('',(10.934268862754,-3.6482023485,10.296911478415
    ));
#834 = VERTEX_POINT('',#835);
#835 = CARTESIAN_POINT('',(10.934268862754,-3.6482023485,10.596911478415
    ));
#836 = LINE('',#837,#838);
#837 = CARTESIAN_POINT('',(10.934268862754,-3.6482023485,10.542971342958
    ));
#838 = VECTOR('',#839,1.);
#839 = DIRECTION('',(0.,0.,1.));
#840 = ORIENTED_EDGE('',*,*,#841,.T.);
#841 = EDGE_CURVE('',#834,#842,#844,.T.);
#842 = VERTEX_POINT('',#843);
#843 = CARTESIAN_POINT('',(10.834268862754,-3.2482023485,10.696911478415
    ));
#844 = LINE('',#845,#846);
#845 = CARTESIAN_POINT('',(9.809268862754,0.8517976515,11.721911478415)
  );
#846 = VECTOR('',#847,1.);
#847 = DIRECTION('',(-0.235702260396,0.942809041582,0.235702260396));
#848 = ORIENTED_EDGE('',*,*,#849,.F.);
#849 = EDGE_CURVE('',#850,#842,#852,.T.);
#850 = VERTEX_POINT('',#851);
#851 = CARTESIAN_POINT('',(10.834268862754,-3.2482023485,10.196911478415
    ));
#852 = LINE('',#853,#854);
#853 = CARTESIAN_POINT('',(10.834268862754,-3.2482023485,10.542971342958
    ));
#854 = VECTOR('',#855,1.);
#855 = DIRECTION('',(0.,0.,1.));
#856 = ORIENTED_EDGE('',*,*,#857,.T.);
#857 = EDGE_CURVE('',#850,#832,#858,.T.);
#858 = LINE('',#859,#860);
#859 = CARTESIAN_POINT('',(9.809268862754,0.8517976515,9.171911478415));
#860 = VECTOR('',#861,1.);
#861 = DIRECTION('',(0.235702260396,-0.942809041582,0.235702260396));
#862 = PLANE('',#863);
#863 = AXIS2_PLACEMENT_3D('',#864,#865,#866);
#864 = CARTESIAN_POINT('',(10.884268862754,-3.4482023485,10.446911478415
    ));
#865 = DIRECTION('',(0.970142500145,0.242535625036,-0.));
#866 = DIRECTION('',(-0.242535625036,0.970142500145,3.36585794009E-17));
#867 = ADVANCED_FACE('',(#868),#893,.T.);
#868 = FACE_BOUND('',#869,.T.);
#869 = EDGE_LOOP('',(#870,#871,#879,#887));
#870 = ORIENTED_EDGE('',*,*,#777,.T.);
#871 = ORIENTED_EDGE('',*,*,#872,.F.);
#872 = EDGE_CURVE('',#873,#770,#875,.T.);
#873 = VERTEX_POINT('',#874);
#874 = CARTESIAN_POINT('',(10.834268862754,3.5517976515,4.196911478415)
  );
#875 = LINE('',#876,#877);
#876 = CARTESIAN_POINT('',(10.159268862754,0.8517976515,3.521911478415)
  );
#877 = VECTOR('',#878,1.);
#878 = DIRECTION('',(0.235702260396,0.942809041582,0.235702260396));
#879 = ORIENTED_EDGE('',*,*,#880,.T.);
#880 = EDGE_CURVE('',#873,#881,#883,.T.);
#881 = VERTEX_POINT('',#882);
#882 = CARTESIAN_POINT('',(10.834268862754,3.5517976515,4.696911478415)
  );
#883 = LINE('',#884,#885);
#884 = CARTESIAN_POINT('',(10.834268862754,3.5517976515,4.542971342958)
  );
#885 = VECTOR('',#886,1.);
#886 = DIRECTION('',(0.,0.,1.));
#887 = ORIENTED_EDGE('',*,*,#888,.F.);
#888 = EDGE_CURVE('',#754,#881,#889,.T.);
#889 = LINE('',#890,#891);
#890 = CARTESIAN_POINT('',(10.159268862754,0.8517976515,5.371911478415)
  );
#891 = VECTOR('',#892,1.);
#892 = DIRECTION('',(-0.235702260396,-0.942809041582,0.235702260396));
#893 = PLANE('',#894);
#894 = AXIS2_PLACEMENT_3D('',#895,#896,#897);
#895 = CARTESIAN_POINT('',(10.884268862754,3.7517976515,4.446911478415)
  );
#896 = DIRECTION('',(-0.970142500145,0.242535625036,0.));
#897 = DIRECTION('',(-0.242535625036,-0.970142500145,3.36585794009E-17)
  );
#898 = ADVANCED_FACE('',(#899),#924,.F.);
#899 = FACE_BOUND('',#900,.T.);
#900 = EDGE_LOOP('',(#901,#902,#910,#918));
#901 = ORIENTED_EDGE('',*,*,#199,.F.);
#902 = ORIENTED_EDGE('',*,*,#903,.F.);
#903 = EDGE_CURVE('',#904,#200,#906,.T.);
#904 = VERTEX_POINT('',#905);
#905 = CARTESIAN_POINT('',(11.234268862754,-3.6482023485,2.296911478415)
  );
#906 = LINE('',#907,#908);
#907 = CARTESIAN_POINT('',(8.209531969062,-3.6482023485,2.296911478415)
  );
#908 = VECTOR('',#909,1.);
#909 = DIRECTION('',(-1.,0.,2.413528314403E-16));
#910 = ORIENTED_EDGE('',*,*,#911,.F.);
#911 = EDGE_CURVE('',#912,#904,#914,.T.);
#912 = VERTEX_POINT('',#913);
#913 = CARTESIAN_POINT('',(11.234268862754,-3.6482023485,2.596911478415)
  );
#914 = LINE('',#915,#916);
#915 = CARTESIAN_POINT('',(11.234268862754,-3.6482023485,2.542971342958)
  );
#916 = VECTOR('',#917,1.);
#917 = DIRECTION('',(0.,0.,-1.));
#918 = ORIENTED_EDGE('',*,*,#919,.F.);
#919 = EDGE_CURVE('',#202,#912,#920,.T.);
#920 = LINE('',#921,#922);
#921 = CARTESIAN_POINT('',(8.209531969062,-3.6482023485,2.596911478415)
  );
#922 = VECTOR('',#923,1.);
#923 = DIRECTION('',(1.,0.,-2.413528314403E-16));
#924 = PLANE('',#925);
#925 = AXIS2_PLACEMENT_3D('',#926,#927,#928);
#926 = CARTESIAN_POINT('',(8.209531969062,-3.6482023485,2.542971342958)
  );
#927 = DIRECTION('',(0.,1.,-0.));
#928 = DIRECTION('',(-1.,0.,0.));
#929 = ADVANCED_FACE('',(#930),#964,.T.);
#930 = FACE_BOUND('',#931,.T.);
#931 = EDGE_LOOP('',(#932,#942,#950,#958));
#932 = ORIENTED_EDGE('',*,*,#933,.T.);
#933 = EDGE_CURVE('',#934,#936,#938,.T.);
#934 = VERTEX_POINT('',#935);
#935 = CARTESIAN_POINT('',(7.884268862754,-3.9482023485,11.746911478415)
  );
#936 = VERTEX_POINT('',#937);
#937 = CARTESIAN_POINT('',(7.884268862754,-3.9482023485,10.846911478415)
  );
#938 = LINE('',#939,#940);
#939 = CARTESIAN_POINT('',(7.884268862754,-3.9482023485,-7.553088521585)
  );
#940 = VECTOR('',#941,1.);
#941 = DIRECTION('',(1.224606353822E-16,0.,-1.));
#942 = ORIENTED_EDGE('',*,*,#943,.F.);
#943 = EDGE_CURVE('',#944,#936,#946,.T.);
#944 = VERTEX_POINT('',#945);
#945 = CARTESIAN_POINT('',(7.884268862754,0.3517976515,10.846911478415)
  );
#946 = LINE('',#947,#948);
#947 = CARTESIAN_POINT('',(7.884268862754,1.0517976515,10.846911478415)
  );
#948 = VECTOR('',#949,1.);
#949 = DIRECTION('',(0.,-1.,0.));
#950 = ORIENTED_EDGE('',*,*,#951,.F.);
#951 = EDGE_CURVE('',#952,#944,#954,.T.);
#952 = VERTEX_POINT('',#953);
#953 = CARTESIAN_POINT('',(7.884268862754,0.3517976515,11.746911478415)
  );
#954 = LINE('',#955,#956);
#955 = CARTESIAN_POINT('',(7.884268862754,0.3517976515,-1.553088521585)
  );
#956 = VECTOR('',#957,1.);
#957 = DIRECTION('',(1.224606353822E-16,0.,-1.));
#958 = ORIENTED_EDGE('',*,*,#959,.T.);
#959 = EDGE_CURVE('',#952,#934,#960,.T.);
#960 = LINE('',#961,#962);
#961 = CARTESIAN_POINT('',(7.884268862754,1.0517976515,11.746911478415)
  );
#962 = VECTOR('',#963,1.);
#963 = DIRECTION('',(0.,-1.,0.));
#964 = PLANE('',#965);
#965 = AXIS2_PLACEMENT_3D('',#966,#967,#968);
#966 = CARTESIAN_POINT('',(7.884268862754,0.3517976515,11.746911478415)
  );
#967 = DIRECTION('',(1.,-0.,1.224606353822E-16));
#968 = DIRECTION('',(1.224606353822E-16,0.,-1.));
#969 = ADVANCED_FACE('',(#970),#1002,.T.);
#970 = FACE_BOUND('',#971,.T.);
#971 = EDGE_LOOP('',(#972,#980,#988,#996));
#972 = ORIENTED_EDGE('',*,*,#973,.F.);
#973 = EDGE_CURVE('',#881,#974,#976,.T.);
#974 = VERTEX_POINT('',#975);
#975 = CARTESIAN_POINT('',(11.334268862754,3.5517976515,4.696911478415)
  );
#976 = LINE('',#977,#978);
#977 = CARTESIAN_POINT('',(8.209531969062,3.5517976515,4.696911478415));
#978 = VECTOR('',#979,1.);
#979 = DIRECTION('',(1.,1.016424011296E-31,-2.413528314403E-16));
#980 = ORIENTED_EDGE('',*,*,#981,.F.);
#981 = EDGE_CURVE('',#982,#881,#984,.T.);
#982 = VERTEX_POINT('',#983);
#983 = CARTESIAN_POINT('',(10.834268862754,1.0517976515,4.696911478415)
  );
#984 = LINE('',#985,#986);
#985 = CARTESIAN_POINT('',(10.834268862754,0.8517976515,4.696911478415)
  );
#986 = VECTOR('',#987,1.);
#987 = DIRECTION('',(0.,1.,0.));
#988 = ORIENTED_EDGE('',*,*,#989,.T.);
#989 = EDGE_CURVE('',#982,#990,#992,.T.);
#990 = VERTEX_POINT('',#991);
#991 = CARTESIAN_POINT('',(11.334268862754,1.0517976515,4.696911478415)
  );
#992 = LINE('',#993,#994);
#993 = CARTESIAN_POINT('',(7.484268862754,1.0517976515,4.696911478415));
#994 = VECTOR('',#995,1.);
#995 = DIRECTION('',(1.,0.,-2.413528314403E-16));
#996 = ORIENTED_EDGE('',*,*,#997,.F.);
#997 = EDGE_CURVE('',#974,#990,#998,.T.);
#998 = LINE('',#999,#1000);
#999 = CARTESIAN_POINT('',(11.334268862754,0.8517976515,4.696911478415)
  );
#1000 = VECTOR('',#1001,1.);
#1001 = DIRECTION('',(0.,-1.,0.));
#1002 = PLANE('',#1003);
#1003 = AXIS2_PLACEMENT_3D('',#1004,#1005,#1006);
#1004 = CARTESIAN_POINT('',(10.834268862754,0.8517976515,4.696911478415)
  );
#1005 = DIRECTION('',(2.413528314403E-16,0.,1.));
#1006 = DIRECTION('',(-1.,0.,2.413528314403E-16));
#1007 = ADVANCED_FACE('',(#1008),#1042,.T.);
#1008 = FACE_BOUND('',#1009,.T.);
#1009 = EDGE_LOOP('',(#1010,#1020,#1028,#1036));
#1010 = ORIENTED_EDGE('',*,*,#1011,.T.);
#1011 = EDGE_CURVE('',#1012,#1014,#1016,.T.);
#1012 = VERTEX_POINT('',#1013);
#1013 = CARTESIAN_POINT('',(8.234268862754,-3.9482023485,10.296911478415
    ));
#1014 = VERTEX_POINT('',#1015);
#1015 = CARTESIAN_POINT('',(7.884268862754,-3.9482023485,10.046911478415
    ));
#1016 = LINE('',#1017,#1018);
#1017 = CARTESIAN_POINT('',(7.484268862754,-3.9482023485,9.761197192701)
  );
#1018 = VECTOR('',#1019,1.);
#1019 = DIRECTION('',(-0.813733471207,0.,-0.581238193719));
#1020 = ORIENTED_EDGE('',*,*,#1021,.F.);
#1021 = EDGE_CURVE('',#1022,#1014,#1024,.T.);
#1022 = VERTEX_POINT('',#1023);
#1023 = CARTESIAN_POINT('',(7.884268862754,0.3517976515,10.046911478415)
  );
#1024 = LINE('',#1025,#1026);
#1025 = CARTESIAN_POINT('',(7.884268862754,1.0517976515,10.046911478415)
  );
#1026 = VECTOR('',#1027,1.);
#1027 = DIRECTION('',(0.,-1.,0.));
#1028 = ORIENTED_EDGE('',*,*,#1029,.F.);
#1029 = EDGE_CURVE('',#1030,#1022,#1032,.T.);
#1030 = VERTEX_POINT('',#1031);
#1031 = CARTESIAN_POINT('',(8.234268862754,0.3517976515,10.296911478415)
  );
#1032 = LINE('',#1033,#1034);
#1033 = CARTESIAN_POINT('',(7.484268862754,0.3517976515,9.761197192701)
  );
#1034 = VECTOR('',#1035,1.);
#1035 = DIRECTION('',(-0.813733471207,0.,-0.581238193719));
#1036 = ORIENTED_EDGE('',*,*,#1037,.T.);
#1037 = EDGE_CURVE('',#1030,#1012,#1038,.T.);
#1038 = LINE('',#1039,#1040);
#1039 = CARTESIAN_POINT('',(8.234268862754,1.0517976515,10.296911478415)
  );
#1040 = VECTOR('',#1041,1.);
#1041 = DIRECTION('',(0.,-1.,0.));
#1042 = PLANE('',#1043);
#1043 = AXIS2_PLACEMENT_3D('',#1044,#1045,#1046);
#1044 = CARTESIAN_POINT('',(8.234268862754,0.3517976515,10.296911478415)
  );
#1045 = DIRECTION('',(0.581238193719,0.,-0.813733471207));
#1046 = DIRECTION('',(-0.813733471207,0.,-0.581238193719));
#1047 = ADVANCED_FACE('',(#1048),#1082,.F.);
#1048 = FACE_BOUND('',#1049,.T.);
#1049 = EDGE_LOOP('',(#1050,#1060,#1068,#1076));
#1050 = ORIENTED_EDGE('',*,*,#1051,.F.);
#1051 = EDGE_CURVE('',#1052,#1054,#1056,.T.);
#1052 = VERTEX_POINT('',#1053);
#1053 = CARTESIAN_POINT('',(7.484268862754,1.0517976515,-5.553088521585)
  );
#1054 = VERTEX_POINT('',#1055);
#1055 = CARTESIAN_POINT('',(7.484268862754,1.0517976515,12.446911478415)
  );
#1056 = LINE('',#1057,#1058);
#1057 = CARTESIAN_POINT('',(7.484268862754,1.0517976515,-1.553088521585)
  );
#1058 = VECTOR('',#1059,1.);
#1059 = DIRECTION('',(-1.224606353822E-16,0.,1.));
#1060 = ORIENTED_EDGE('',*,*,#1061,.F.);
#1061 = EDGE_CURVE('',#1062,#1052,#1064,.T.);
#1062 = VERTEX_POINT('',#1063);
#1063 = CARTESIAN_POINT('',(7.484268862754,-3.9482023485,-5.553088521585
    ));
#1064 = LINE('',#1065,#1066);
#1065 = CARTESIAN_POINT('',(7.484268862754,1.0517976515,-5.553088521585)
  );
#1066 = VECTOR('',#1067,1.);
#1067 = DIRECTION('',(0.,1.,0.));
#1068 = ORIENTED_EDGE('',*,*,#1069,.T.);
#1069 = EDGE_CURVE('',#1062,#1070,#1072,.T.);
#1070 = VERTEX_POINT('',#1071);
#1071 = CARTESIAN_POINT('',(7.484268862754,-3.9482023485,12.446911478415
    ));
#1072 = LINE('',#1073,#1074);
#1073 = CARTESIAN_POINT('',(7.484268862754,-3.9482023485,-5.553088521585
    ));
#1074 = VECTOR('',#1075,1.);
#1075 = DIRECTION('',(-1.224606353822E-16,0.,1.));
#1076 = ORIENTED_EDGE('',*,*,#1077,.T.);
#1077 = EDGE_CURVE('',#1070,#1054,#1078,.T.);
#1078 = LINE('',#1079,#1080);
#1079 = CARTESIAN_POINT('',(7.484268862754,1.0517976515,12.446911478415)
  );
#1080 = VECTOR('',#1081,1.);
#1081 = DIRECTION('',(0.,1.,0.));
#1082 = PLANE('',#1083);
#1083 = AXIS2_PLACEMENT_3D('',#1084,#1085,#1086);
#1084 = CARTESIAN_POINT('',(7.484268862754,1.0517976515,-5.553088521585)
  );
#1085 = DIRECTION('',(1.,0.,1.224606353822E-16));
#1086 = DIRECTION('',(0.,-1.,0.));
#1087 = ADVANCED_FACE('',(#1088),#1113,.T.);
#1088 = FACE_BOUND('',#1089,.T.);
#1089 = EDGE_LOOP('',(#1090,#1091,#1099,#1107));
#1090 = ORIENTED_EDGE('',*,*,#547,.T.);
#1091 = ORIENTED_EDGE('',*,*,#1092,.F.);
#1092 = EDGE_CURVE('',#1093,#540,#1095,.T.);
#1093 = VERTEX_POINT('',#1094);
#1094 = CARTESIAN_POINT('',(8.234268862754,0.3517976515,6.596911478415)
  );
#1095 = LINE('',#1096,#1097);
#1096 = CARTESIAN_POINT('',(8.234268862754,0.3517976515,-3.553088521585)
  );
#1097 = VECTOR('',#1098,1.);
#1098 = DIRECTION('',(1.233581138472E-16,0.,-1.));
#1099 = ORIENTED_EDGE('',*,*,#1100,.T.);
#1100 = EDGE_CURVE('',#1093,#1101,#1103,.T.);
#1101 = VERTEX_POINT('',#1102);
#1102 = CARTESIAN_POINT('',(8.234268862754,-3.9482023485,6.596911478415)
  );
#1103 = LINE('',#1104,#1105);
#1104 = CARTESIAN_POINT('',(8.234268862754,1.0517976515,6.596911478415)
  );
#1105 = VECTOR('',#1106,1.);
#1106 = DIRECTION('',(0.,-1.,0.));
#1107 = ORIENTED_EDGE('',*,*,#1108,.T.);
#1108 = EDGE_CURVE('',#1101,#522,#1109,.T.);
#1109 = LINE('',#1110,#1111);
#1110 = CARTESIAN_POINT('',(8.234268862754,-3.9482023485,-7.553088521585
    ));
#1111 = VECTOR('',#1112,1.);
#1112 = DIRECTION('',(1.233581138472E-16,0.,-1.));
#1113 = PLANE('',#1114);
#1114 = AXIS2_PLACEMENT_3D('',#1115,#1116,#1117);
#1115 = CARTESIAN_POINT('',(8.234268862754,0.3517976515,6.596911478415)
  );
#1116 = DIRECTION('',(1.,-0.,1.233581138472E-16));
#1117 = DIRECTION('',(1.233581138472E-16,0.,-1.));
#1118 = ADVANCED_FACE('',(#1119),#1153,.T.);
#1119 = FACE_BOUND('',#1120,.T.);
#1120 = EDGE_LOOP('',(#1121,#1131,#1139,#1147));
#1121 = ORIENTED_EDGE('',*,*,#1122,.F.);
#1122 = EDGE_CURVE('',#1123,#1125,#1127,.T.);
#1123 = VERTEX_POINT('',#1124);
#1124 = CARTESIAN_POINT('',(11.334268862754,3.5517976515,6.196911478415)
  );
#1125 = VERTEX_POINT('',#1126);
#1126 = CARTESIAN_POINT('',(10.834268862754,3.5517976515,6.196911478415)
  );
#1127 = LINE('',#1128,#1129);
#1128 = CARTESIAN_POINT('',(8.209531969062,3.5517976515,6.196911478415)
  );
#1129 = VECTOR('',#1130,1.);
#1130 = DIRECTION('',(-1.,1.016424011296E-31,2.413528314403E-16));
#1131 = ORIENTED_EDGE('',*,*,#1132,.F.);
#1132 = EDGE_CURVE('',#1133,#1123,#1135,.T.);
#1133 = VERTEX_POINT('',#1134);
#1134 = CARTESIAN_POINT('',(11.334268862754,1.0517976515,6.196911478415)
  );
#1135 = LINE('',#1136,#1137);
#1136 = CARTESIAN_POINT('',(11.334268862754,1.0517976515,6.196911478415)
  );
#1137 = VECTOR('',#1138,1.);
#1138 = DIRECTION('',(0.,1.,0.));
#1139 = ORIENTED_EDGE('',*,*,#1140,.T.);
#1140 = EDGE_CURVE('',#1133,#1141,#1143,.T.);
#1141 = VERTEX_POINT('',#1142);
#1142 = CARTESIAN_POINT('',(10.834268862754,1.0517976515,6.196911478415)
  );
#1143 = LINE('',#1144,#1145);
#1144 = CARTESIAN_POINT('',(7.484268862754,1.0517976515,6.196911478415)
  );
#1145 = VECTOR('',#1146,1.);
#1146 = DIRECTION('',(-1.,0.,2.413528314403E-16));
#1147 = ORIENTED_EDGE('',*,*,#1148,.F.);
#1148 = EDGE_CURVE('',#1125,#1141,#1149,.T.);
#1149 = LINE('',#1150,#1151);
#1150 = CARTESIAN_POINT('',(10.834268862754,1.0517976515,6.196911478415)
  );
#1151 = VECTOR('',#1152,1.);
#1152 = DIRECTION('',(0.,-1.,0.));
#1153 = PLANE('',#1154);
#1154 = AXIS2_PLACEMENT_3D('',#1155,#1156,#1157);
#1155 = CARTESIAN_POINT('',(11.334268862754,0.8517976515,6.196911478415)
  );
#1156 = DIRECTION('',(-2.413528314403E-16,-0.,-1.));
#1157 = DIRECTION('',(1.,0.,-2.413528314403E-16));
#1158 = ADVANCED_FACE('',(#1159),#1193,.T.);
#1159 = FACE_BOUND('',#1160,.T.);
#1160 = EDGE_LOOP('',(#1161,#1171,#1179,#1187));
#1161 = ORIENTED_EDGE('',*,*,#1162,.T.);
#1162 = EDGE_CURVE('',#1163,#1165,#1167,.T.);
#1163 = VERTEX_POINT('',#1164);
#1164 = CARTESIAN_POINT('',(8.234268862754,-3.9482023485,2.296911478415)
  );
#1165 = VERTEX_POINT('',#1166);
#1166 = CARTESIAN_POINT('',(8.234268862754,0.3517976515,2.296911478415)
  );
#1167 = LINE('',#1168,#1169);
#1168 = CARTESIAN_POINT('',(8.234268862754,1.0517976515,2.296911478415)
  );
#1169 = VECTOR('',#1170,1.);
#1170 = DIRECTION('',(0.,1.,0.));
#1171 = ORIENTED_EDGE('',*,*,#1172,.F.);
#1172 = EDGE_CURVE('',#1173,#1165,#1175,.T.);
#1173 = VERTEX_POINT('',#1174);
#1174 = CARTESIAN_POINT('',(8.234268862754,0.3517976515,2.596911478415)
  );
#1175 = LINE('',#1176,#1177);
#1176 = CARTESIAN_POINT('',(8.234268862754,0.3517976515,-7.553088521585)
  );
#1177 = VECTOR('',#1178,1.);
#1178 = DIRECTION('',(1.233581138472E-16,0.,-1.));
#1179 = ORIENTED_EDGE('',*,*,#1180,.T.);
#1180 = EDGE_CURVE('',#1173,#1181,#1183,.T.);
#1181 = VERTEX_POINT('',#1182);
#1182 = CARTESIAN_POINT('',(8.234268862754,-3.9482023485,2.596911478415)
  );
#1183 = LINE('',#1184,#1185);
#1184 = CARTESIAN_POINT('',(8.234268862754,1.0517976515,2.596911478415)
  );
#1185 = VECTOR('',#1186,1.);
#1186 = DIRECTION('',(0.,-1.,0.));
#1187 = ORIENTED_EDGE('',*,*,#1188,.T.);
#1188 = EDGE_CURVE('',#1181,#1163,#1189,.T.);
#1189 = LINE('',#1190,#1191);
#1190 = CARTESIAN_POINT('',(8.234268862754,-3.9482023485,-7.553088521585
    ));
#1191 = VECTOR('',#1192,1.);
#1192 = DIRECTION('',(1.233581138472E-16,0.,-1.));
#1193 = PLANE('',#1194);
#1194 = AXIS2_PLACEMENT_3D('',#1195,#1196,#1197);
#1195 = CARTESIAN_POINT('',(8.234268862754,0.3517976515,2.596911478415)
  );
#1196 = DIRECTION('',(1.,-0.,1.233581138472E-16));
#1197 = DIRECTION('',(1.233581138472E-16,0.,-1.));
#1198 = ADVANCED_FACE('',(#1199),#1233,.T.);
#1199 = FACE_BOUND('',#1200,.T.);
#1200 = EDGE_LOOP('',(#1201,#1211,#1219,#1227));
#1201 = ORIENTED_EDGE('',*,*,#1202,.F.);
#1202 = EDGE_CURVE('',#1203,#1205,#1207,.T.);
#1203 = VERTEX_POINT('',#1204);
#1204 = CARTESIAN_POINT('',(11.334268862754,3.5517976515,2.696911478415)
  );
#1205 = VERTEX_POINT('',#1206);
#1206 = CARTESIAN_POINT('',(11.334268862754,3.5517976515,2.196911478415)
  );
#1207 = LINE('',#1208,#1209);
#1208 = CARTESIAN_POINT('',(11.334268862754,3.5517976515,2.542971342958)
  );
#1209 = VECTOR('',#1210,1.);
#1210 = DIRECTION('',(0.,0.,-1.));
#1211 = ORIENTED_EDGE('',*,*,#1212,.T.);
#1212 = EDGE_CURVE('',#1203,#1213,#1215,.T.);
#1213 = VERTEX_POINT('',#1214);
#1214 = CARTESIAN_POINT('',(11.334268862754,1.0517976515,2.696911478415)
  );
#1215 = LINE('',#1216,#1217);
#1216 = CARTESIAN_POINT('',(11.334268862754,0.8517976515,2.696911478415)
  );
#1217 = VECTOR('',#1218,1.);
#1218 = DIRECTION('',(0.,-1.,0.));
#1219 = ORIENTED_EDGE('',*,*,#1220,.T.);
#1220 = EDGE_CURVE('',#1213,#1221,#1223,.T.);
#1221 = VERTEX_POINT('',#1222);
#1222 = CARTESIAN_POINT('',(11.334268862754,1.0517976515,2.196911478415)
  );
#1223 = LINE('',#1224,#1225);
#1224 = CARTESIAN_POINT('',(11.334268862754,1.0517976515,-7.553088521585
    ));
#1225 = VECTOR('',#1226,1.);
#1226 = DIRECTION('',(0.,0.,-1.));
#1227 = ORIENTED_EDGE('',*,*,#1228,.T.);
#1228 = EDGE_CURVE('',#1221,#1205,#1229,.T.);
#1229 = LINE('',#1230,#1231);
#1230 = CARTESIAN_POINT('',(11.334268862754,0.8517976515,2.196911478415)
  );
#1231 = VECTOR('',#1232,1.);
#1232 = DIRECTION('',(0.,1.,0.));
#1233 = PLANE('',#1234);
#1234 = AXIS2_PLACEMENT_3D('',#1235,#1236,#1237);
#1235 = CARTESIAN_POINT('',(11.334268862754,0.8517976515,2.696911478415)
  );
#1236 = DIRECTION('',(1.,0.,-0.));
#1237 = DIRECTION('',(0.,0.,1.));
#1238 = ADVANCED_FACE('',(#1239),#1273,.T.);
#1239 = FACE_BOUND('',#1240,.T.);
#1240 = EDGE_LOOP('',(#1241,#1251,#1259,#1267));
#1241 = ORIENTED_EDGE('',*,*,#1242,.T.);
#1242 = EDGE_CURVE('',#1243,#1245,#1247,.T.);
#1243 = VERTEX_POINT('',#1244);
#1244 = CARTESIAN_POINT('',(10.834268862754,1.0517976515,10.196911478415
    ));
#1245 = VERTEX_POINT('',#1246);
#1246 = CARTESIAN_POINT('',(10.834268862754,1.0517976515,10.696911478415
    ));
#1247 = LINE('',#1248,#1249);
#1248 = CARTESIAN_POINT('',(10.834268862754,1.0517976515,-7.553088521585
    ));
#1249 = VECTOR('',#1250,1.);
#1250 = DIRECTION('',(0.,0.,1.));
#1251 = ORIENTED_EDGE('',*,*,#1252,.T.);
#1252 = EDGE_CURVE('',#1245,#1253,#1255,.T.);
#1253 = VERTEX_POINT('',#1254);
#1254 = CARTESIAN_POINT('',(10.834268862754,1.361899702943,
    10.696911478415));
#1255 = LINE('',#1256,#1257);
#1256 = CARTESIAN_POINT('',(10.834268862754,0.8517976515,10.696911478415
    ));
#1257 = VECTOR('',#1258,1.);
#1258 = DIRECTION('',(0.,1.,0.));
#1259 = ORIENTED_EDGE('',*,*,#1260,.F.);
#1260 = EDGE_CURVE('',#1261,#1253,#1263,.T.);
#1261 = VERTEX_POINT('',#1262);
#1262 = CARTESIAN_POINT('',(10.834268862754,1.361899702943,
    10.196911478415));
#1263 = LINE('',#1264,#1265);
#1264 = CARTESIAN_POINT('',(10.834268862754,1.361899702943,
    10.696911478415));
#1265 = VECTOR('',#1266,1.);
#1266 = DIRECTION('',(0.,0.,1.));
#1267 = ORIENTED_EDGE('',*,*,#1268,.T.);
#1268 = EDGE_CURVE('',#1261,#1243,#1269,.T.);
#1269 = LINE('',#1270,#1271);
#1270 = CARTESIAN_POINT('',(10.834268862754,0.8517976515,10.196911478415
    ));
#1271 = VECTOR('',#1272,1.);
#1272 = DIRECTION('',(0.,-1.,0.));
#1273 = PLANE('',#1274);
#1274 = AXIS2_PLACEMENT_3D('',#1275,#1276,#1277);
#1275 = CARTESIAN_POINT('',(10.834268862754,0.8517976515,10.196911478415
    ));
#1276 = DIRECTION('',(-1.,-0.,-0.));
#1277 = DIRECTION('',(0.,0.,-1.));
#1278 = ADVANCED_FACE('',(#1279),#1311,.T.);
#1279 = FACE_BOUND('',#1280,.T.);
#1280 = EDGE_LOOP('',(#1281,#1291,#1297,#1305));
#1281 = ORIENTED_EDGE('',*,*,#1282,.F.);
#1282 = EDGE_CURVE('',#1283,#1285,#1287,.T.);
#1283 = VERTEX_POINT('',#1284);
#1284 = CARTESIAN_POINT('',(10.834268862754,-0.5482023485,
    10.696911478415));
#1285 = VERTEX_POINT('',#1286);
#1286 = CARTESIAN_POINT('',(11.334268862754,-0.5482023485,
    10.696911478415));
#1287 = LINE('',#1288,#1289);
#1288 = CARTESIAN_POINT('',(7.484268862754,-0.5482023485,10.696911478415
    ));
#1289 = VECTOR('',#1290,1.);
#1290 = DIRECTION('',(1.,0.,-2.413528314403E-16));
#1291 = ORIENTED_EDGE('',*,*,#1292,.F.);
#1292 = EDGE_CURVE('',#842,#1283,#1293,.T.);
#1293 = LINE('',#1294,#1295);
#1294 = CARTESIAN_POINT('',(10.834268862754,0.8517976515,10.696911478415
    ));
#1295 = VECTOR('',#1296,1.);
#1296 = DIRECTION('',(0.,1.,0.));
#1297 = ORIENTED_EDGE('',*,*,#1298,.T.);
#1298 = EDGE_CURVE('',#842,#1299,#1301,.T.);
#1299 = VERTEX_POINT('',#1300);
#1300 = CARTESIAN_POINT('',(11.334268862754,-3.2482023485,
    10.696911478415));
#1301 = LINE('',#1302,#1303);
#1302 = CARTESIAN_POINT('',(8.209531969062,-3.2482023485,10.696911478415
    ));
#1303 = VECTOR('',#1304,1.);
#1304 = DIRECTION('',(1.,-6.352650070599E-33,-2.413528314403E-16));
#1305 = ORIENTED_EDGE('',*,*,#1306,.F.);
#1306 = EDGE_CURVE('',#1285,#1299,#1307,.T.);
#1307 = LINE('',#1308,#1309);
#1308 = CARTESIAN_POINT('',(11.334268862754,0.8517976515,10.696911478415
    ));
#1309 = VECTOR('',#1310,1.);
#1310 = DIRECTION('',(0.,-1.,0.));
#1311 = PLANE('',#1312);
#1312 = AXIS2_PLACEMENT_3D('',#1313,#1314,#1315);
#1313 = CARTESIAN_POINT('',(10.834268862754,0.8517976515,10.696911478415
    ));
#1314 = DIRECTION('',(2.413528314403E-16,0.,1.));
#1315 = DIRECTION('',(-1.,0.,2.413528314403E-16));
#1316 = ADVANCED_FACE('',(#1317),#1340,.T.);
#1317 = FACE_BOUND('',#1318,.T.);
#1318 = EDGE_LOOP('',(#1319,#1325,#1333,#1339));
#1319 = ORIENTED_EDGE('',*,*,#1320,.F.);
#1320 = EDGE_CURVE('',#699,#1203,#1321,.T.);
#1321 = LINE('',#1322,#1323);
#1322 = CARTESIAN_POINT('',(8.209531969062,3.5517976515,2.696911478415)
  );
#1323 = VECTOR('',#1324,1.);
#1324 = DIRECTION('',(1.,1.016424011296E-31,-2.413528314403E-16));
#1325 = ORIENTED_EDGE('',*,*,#1326,.F.);
#1326 = EDGE_CURVE('',#1327,#699,#1329,.T.);
#1327 = VERTEX_POINT('',#1328);
#1328 = CARTESIAN_POINT('',(10.834268862754,1.0517976515,2.696911478415)
  );
#1329 = LINE('',#1330,#1331);
#1330 = CARTESIAN_POINT('',(10.834268862754,0.8517976515,2.696911478415)
  );
#1331 = VECTOR('',#1332,1.);
#1332 = DIRECTION('',(0.,1.,0.));
#1333 = ORIENTED_EDGE('',*,*,#1334,.T.);
#1334 = EDGE_CURVE('',#1327,#1213,#1335,.T.);
#1335 = LINE('',#1336,#1337);
#1336 = CARTESIAN_POINT('',(7.484268862754,1.0517976515,2.696911478415)
  );
#1337 = VECTOR('',#1338,1.);
#1338 = DIRECTION('',(1.,0.,-2.413528314403E-16));
#1339 = ORIENTED_EDGE('',*,*,#1212,.F.);
#1340 = PLANE('',#1341);
#1341 = AXIS2_PLACEMENT_3D('',#1342,#1343,#1344);
#1342 = CARTESIAN_POINT('',(10.834268862754,0.8517976515,2.696911478415)
  );
#1343 = DIRECTION('',(2.413528314403E-16,0.,1.));
#1344 = DIRECTION('',(-1.,0.,2.413528314403E-16));
#1345 = ADVANCED_FACE('',(#1346),#1352,.T.);
#1346 = FACE_BOUND('',#1347,.T.);
#1347 = EDGE_LOOP('',(#1348,#1349,#1350,#1351));
#1348 = ORIENTED_EDGE('',*,*,#400,.T.);
#1349 = ORIENTED_EDGE('',*,*,#265,.F.);
#1350 = ORIENTED_EDGE('',*,*,#452,.T.);
#1351 = ORIENTED_EDGE('',*,*,#169,.F.);
#1352 = PLANE('',#1353);
#1353 = AXIS2_PLACEMENT_3D('',#1354,#1355,#1356);
#1354 = CARTESIAN_POINT('',(11.284268862754,3.7517976515,0.446911478415)
  );
#1355 = DIRECTION('',(0.970142500145,0.242535625036,0.));
#1356 = DIRECTION('',(0.242535625036,-0.970142500145,3.36585794009E-17)
  );
#1357 = ADVANCED_FACE('',(#1358),#1376,.T.);
#1358 = FACE_BOUND('',#1359,.T.);
#1359 = EDGE_LOOP('',(#1360,#1361,#1369,#1375));
#1360 = ORIENTED_EDGE('',*,*,#698,.F.);
#1361 = ORIENTED_EDGE('',*,*,#1362,.T.);
#1362 = EDGE_CURVE('',#691,#1363,#1365,.T.);
#1363 = VERTEX_POINT('',#1364);
#1364 = CARTESIAN_POINT('',(10.834268862754,1.0517976515,2.196911478415)
  );
#1365 = LINE('',#1366,#1367);
#1366 = CARTESIAN_POINT('',(10.834268862754,0.8517976515,2.196911478415)
  );
#1367 = VECTOR('',#1368,1.);
#1368 = DIRECTION('',(0.,-1.,0.));
#1369 = ORIENTED_EDGE('',*,*,#1370,.T.);
#1370 = EDGE_CURVE('',#1363,#1327,#1371,.T.);
#1371 = LINE('',#1372,#1373);
#1372 = CARTESIAN_POINT('',(10.834268862754,1.0517976515,-7.553088521585
    ));
#1373 = VECTOR('',#1374,1.);
#1374 = DIRECTION('',(0.,0.,1.));
#1375 = ORIENTED_EDGE('',*,*,#1326,.T.);
#1376 = PLANE('',#1377);
#1377 = AXIS2_PLACEMENT_3D('',#1378,#1379,#1380);
#1378 = CARTESIAN_POINT('',(10.834268862754,0.8517976515,2.196911478415)
  );
#1379 = DIRECTION('',(-1.,-0.,-0.));
#1380 = DIRECTION('',(0.,0.,-1.));
#1381 = ADVANCED_FACE('',(#1382),#1416,.F.);
#1382 = FACE_BOUND('',#1383,.T.);
#1383 = EDGE_LOOP('',(#1384,#1394,#1402,#1410));
#1384 = ORIENTED_EDGE('',*,*,#1385,.T.);
#1385 = EDGE_CURVE('',#1386,#1388,#1390,.T.);
#1386 = VERTEX_POINT('',#1387);
#1387 = CARTESIAN_POINT('',(11.234268862754,-3.6482023485,
    -1.403088521585));
#1388 = VERTEX_POINT('',#1389);
#1389 = CARTESIAN_POINT('',(11.234268862754,-3.6482023485,
    -1.703088521585));
#1390 = LINE('',#1391,#1392);
#1391 = CARTESIAN_POINT('',(11.234268862754,-3.6482023485,
    -1.457028657042));
#1392 = VECTOR('',#1393,1.);
#1393 = DIRECTION('',(0.,0.,-1.));
#1394 = ORIENTED_EDGE('',*,*,#1395,.T.);
#1395 = EDGE_CURVE('',#1388,#1396,#1398,.T.);
#1396 = VERTEX_POINT('',#1397);
#1397 = CARTESIAN_POINT('',(11.334268862754,-3.2482023485,
    -1.803088521585));
#1398 = LINE('',#1399,#1400);
#1399 = CARTESIAN_POINT('',(12.359268862754,0.8517976515,-2.828088521585
    ));
#1400 = VECTOR('',#1401,1.);
#1401 = DIRECTION('',(0.235702260396,0.942809041582,-0.235702260396));
#1402 = ORIENTED_EDGE('',*,*,#1403,.F.);
#1403 = EDGE_CURVE('',#1404,#1396,#1406,.T.);
#1404 = VERTEX_POINT('',#1405);
#1405 = CARTESIAN_POINT('',(11.334268862754,-3.2482023485,
    -1.303088521585));
#1406 = LINE('',#1407,#1408);
#1407 = CARTESIAN_POINT('',(11.334268862754,-3.2482023485,
    -1.457028657042));
#1408 = VECTOR('',#1409,1.);
#1409 = DIRECTION('',(0.,0.,-1.));
#1410 = ORIENTED_EDGE('',*,*,#1411,.F.);
#1411 = EDGE_CURVE('',#1386,#1404,#1412,.T.);
#1412 = LINE('',#1413,#1414);
#1413 = CARTESIAN_POINT('',(12.359268862754,0.8517976515,-0.278088521585
    ));
#1414 = VECTOR('',#1415,1.);
#1415 = DIRECTION('',(0.235702260396,0.942809041582,0.235702260396));
#1416 = PLANE('',#1417);
#1417 = AXIS2_PLACEMENT_3D('',#1418,#1419,#1420);
#1418 = CARTESIAN_POINT('',(11.284268862754,-3.4482023485,
    -1.503088521585));
#1419 = DIRECTION('',(-0.970142500145,0.242535625036,0.));
#1420 = DIRECTION('',(0.242535625036,0.970142500145,3.36585794009E-17));
#1421 = ADVANCED_FACE('',(#1422),#1456,.F.);
#1422 = FACE_BOUND('',#1423,.T.);
#1423 = EDGE_LOOP('',(#1424,#1434,#1442,#1450));
#1424 = ORIENTED_EDGE('',*,*,#1425,.T.);
#1425 = EDGE_CURVE('',#1426,#1428,#1430,.T.);
#1426 = VERTEX_POINT('',#1427);
#1427 = CARTESIAN_POINT('',(10.934268862754,-3.6482023485,0.296911478415
    ));
#1428 = VERTEX_POINT('',#1429);
#1429 = CARTESIAN_POINT('',(10.934268862754,-3.6482023485,0.596911478415
    ));
#1430 = LINE('',#1431,#1432);
#1431 = CARTESIAN_POINT('',(10.934268862754,-3.6482023485,0.542971342958
    ));
#1432 = VECTOR('',#1433,1.);
#1433 = DIRECTION('',(0.,0.,1.));
#1434 = ORIENTED_EDGE('',*,*,#1435,.T.);
#1435 = EDGE_CURVE('',#1428,#1436,#1438,.T.);
#1436 = VERTEX_POINT('',#1437);
#1437 = CARTESIAN_POINT('',(10.834268862754,-3.2482023485,0.696911478415
    ));
#1438 = LINE('',#1439,#1440);
#1439 = CARTESIAN_POINT('',(9.809268862754,0.8517976515,1.721911478415)
  );
#1440 = VECTOR('',#1441,1.);
#1441 = DIRECTION('',(-0.235702260396,0.942809041582,0.235702260396));
#1442 = ORIENTED_EDGE('',*,*,#1443,.F.);
#1443 = EDGE_CURVE('',#1444,#1436,#1446,.T.);
#1444 = VERTEX_POINT('',#1445);
#1445 = CARTESIAN_POINT('',(10.834268862754,-3.2482023485,0.196911478415
    ));
#1446 = LINE('',#1447,#1448);
#1447 = CARTESIAN_POINT('',(10.834268862754,-3.2482023485,0.542971342958
    ));
#1448 = VECTOR('',#1449,1.);
#1449 = DIRECTION('',(0.,0.,1.));
#1450 = ORIENTED_EDGE('',*,*,#1451,.T.);
#1451 = EDGE_CURVE('',#1444,#1426,#1452,.T.);
#1452 = LINE('',#1453,#1454);
#1453 = CARTESIAN_POINT('',(9.809268862754,0.8517976515,-0.828088521585)
  );
#1454 = VECTOR('',#1455,1.);
#1455 = DIRECTION('',(0.235702260396,-0.942809041582,0.235702260396));
#1456 = PLANE('',#1457);
#1457 = AXIS2_PLACEMENT_3D('',#1458,#1459,#1460);
#1458 = CARTESIAN_POINT('',(10.884268862754,-3.4482023485,0.446911478415
    ));
#1459 = DIRECTION('',(0.970142500145,0.242535625036,-0.));
#1460 = DIRECTION('',(-0.242535625036,0.970142500145,3.36585794009E-17)
  );
#1461 = ADVANCED_FACE('',(#1462),#1480,.F.);
#1462 = FACE_BOUND('',#1463,.T.);
#1463 = EDGE_LOOP('',(#1464,#1465,#1466,#1474));
#1464 = ORIENTED_EDGE('',*,*,#903,.T.);
#1465 = ORIENTED_EDGE('',*,*,#225,.F.);
#1466 = ORIENTED_EDGE('',*,*,#1467,.F.);
#1467 = EDGE_CURVE('',#1468,#218,#1470,.T.);
#1468 = VERTEX_POINT('',#1469);
#1469 = CARTESIAN_POINT('',(11.334268862754,-3.2482023485,2.196911478415
    ));
#1470 = LINE('',#1471,#1472);
#1471 = CARTESIAN_POINT('',(8.209531969062,-3.2482023485,2.196911478415)
  );
#1472 = VECTOR('',#1473,1.);
#1473 = DIRECTION('',(-1.,-6.352650070599E-33,2.413528314403E-16));
#1474 = ORIENTED_EDGE('',*,*,#1475,.F.);
#1475 = EDGE_CURVE('',#904,#1468,#1476,.T.);
#1476 = LINE('',#1477,#1478);
#1477 = CARTESIAN_POINT('',(12.359268862754,0.8517976515,1.171911478415)
  );
#1478 = VECTOR('',#1479,1.);
#1479 = DIRECTION('',(0.235702260396,0.942809041582,-0.235702260396));
#1480 = PLANE('',#1481);
#1481 = AXIS2_PLACEMENT_3D('',#1482,#1483,#1484);
#1482 = CARTESIAN_POINT('',(11.084268862754,-3.4482023485,2.246911478415
    ));
#1483 = DIRECTION('',(2.341466393106E-16,0.242535625036,0.970142500145)
  );
#1484 = DIRECTION('',(0.,0.970142500145,-0.242535625036));
#1485 = ADVANCED_FACE('',(#1486),#1504,.F.);
#1486 = FACE_BOUND('',#1487,.T.);
#1487 = EDGE_LOOP('',(#1488,#1489,#1490,#1498));
#1488 = ORIENTED_EDGE('',*,*,#911,.T.);
#1489 = ORIENTED_EDGE('',*,*,#1475,.T.);
#1490 = ORIENTED_EDGE('',*,*,#1491,.F.);
#1491 = EDGE_CURVE('',#1492,#1468,#1494,.T.);
#1492 = VERTEX_POINT('',#1493);
#1493 = CARTESIAN_POINT('',(11.334268862754,-3.2482023485,2.696911478415
    ));
#1494 = LINE('',#1495,#1496);
#1495 = CARTESIAN_POINT('',(11.334268862754,-3.2482023485,2.542971342958
    ));
#1496 = VECTOR('',#1497,1.);
#1497 = DIRECTION('',(0.,0.,-1.));
#1498 = ORIENTED_EDGE('',*,*,#1499,.F.);
#1499 = EDGE_CURVE('',#912,#1492,#1500,.T.);
#1500 = LINE('',#1501,#1502);
#1501 = CARTESIAN_POINT('',(12.359268862754,0.8517976515,3.721911478415)
  );
#1502 = VECTOR('',#1503,1.);
#1503 = DIRECTION('',(0.235702260396,0.942809041582,0.235702260396));
#1504 = PLANE('',#1505);
#1505 = AXIS2_PLACEMENT_3D('',#1506,#1507,#1508);
#1506 = CARTESIAN_POINT('',(11.284268862754,-3.4482023485,2.496911478415
    ));
#1507 = DIRECTION('',(-0.970142500145,0.242535625036,0.));
#1508 = DIRECTION('',(0.242535625036,0.970142500145,3.36585794009E-17));
#1509 = ADVANCED_FACE('',(#1510),#1535,.F.);
#1510 = FACE_BOUND('',#1511,.T.);
#1511 = EDGE_LOOP('',(#1512,#1513,#1521,#1529));
#1512 = ORIENTED_EDGE('',*,*,#57,.F.);
#1513 = ORIENTED_EDGE('',*,*,#1514,.T.);
#1514 = EDGE_CURVE('',#50,#1515,#1517,.T.);
#1515 = VERTEX_POINT('',#1516);
#1516 = CARTESIAN_POINT('',(7.884268862754,0.3517976515,-1.153088521585)
  );
#1517 = LINE('',#1518,#1519);
#1518 = CARTESIAN_POINT('',(7.484268862754,0.3517976515,-0.867374235871)
  );
#1519 = VECTOR('',#1520,1.);
#1520 = DIRECTION('',(-0.813733471207,0.,0.581238193719));
#1521 = ORIENTED_EDGE('',*,*,#1522,.F.);
#1522 = EDGE_CURVE('',#1523,#1515,#1525,.T.);
#1523 = VERTEX_POINT('',#1524);
#1524 = CARTESIAN_POINT('',(7.884268862754,-3.9482023485,-1.153088521585
    ));
#1525 = LINE('',#1526,#1527);
#1526 = CARTESIAN_POINT('',(7.884268862754,1.0517976515,-1.153088521585)
  );
#1527 = VECTOR('',#1528,1.);
#1528 = DIRECTION('',(0.,1.,0.));
#1529 = ORIENTED_EDGE('',*,*,#1530,.F.);
#1530 = EDGE_CURVE('',#58,#1523,#1531,.T.);
#1531 = LINE('',#1532,#1533);
#1532 = CARTESIAN_POINT('',(7.484268862754,-3.9482023485,-0.867374235871
    ));
#1533 = VECTOR('',#1534,1.);
#1534 = DIRECTION('',(-0.813733471207,0.,0.581238193719));
#1535 = PLANE('',#1536);
#1536 = AXIS2_PLACEMENT_3D('',#1537,#1538,#1539);
#1537 = CARTESIAN_POINT('',(8.234268862754,0.3517976515,-1.403088521585)
  );
#1538 = DIRECTION('',(-0.581238193719,0.,-0.813733471207));
#1539 = DIRECTION('',(-0.813733471207,0.,0.581238193719));
#1540 = ADVANCED_FACE('',(#1541),#1598,.T.);
#1541 = FACE_BOUND('',#1542,.T.);
#1542 = EDGE_LOOP('',(#1543,#1553,#1561,#1569,#1575,#1576,#1584,#1592));
#1543 = ORIENTED_EDGE('',*,*,#1544,.T.);
#1544 = EDGE_CURVE('',#1545,#1547,#1549,.T.);
#1545 = VERTEX_POINT('',#1546);
#1546 = CARTESIAN_POINT('',(12.484268862754,1.0517976515,-5.553088521585
    ));
#1547 = VERTEX_POINT('',#1548);
#1548 = CARTESIAN_POINT('',(12.484268862754,1.0517976515,12.446911478415
    ));
#1549 = LINE('',#1550,#1551);
#1550 = CARTESIAN_POINT('',(12.484268862754,1.0517976515,8.446911478415)
  );
#1551 = VECTOR('',#1552,1.);
#1552 = DIRECTION('',(1.224606353822E-16,0.,1.));
#1553 = ORIENTED_EDGE('',*,*,#1554,.F.);
#1554 = EDGE_CURVE('',#1555,#1547,#1557,.T.);
#1555 = VERTEX_POINT('',#1556);
#1556 = CARTESIAN_POINT('',(12.484268862754,-3.9482023485,
    12.446911478415));
#1557 = LINE('',#1558,#1559);
#1558 = CARTESIAN_POINT('',(12.484268862754,1.0517976515,12.446911478415
    ));
#1559 = VECTOR('',#1560,1.);
#1560 = DIRECTION('',(0.,1.,0.));
#1561 = ORIENTED_EDGE('',*,*,#1562,.F.);
#1562 = EDGE_CURVE('',#1563,#1555,#1565,.T.);
#1563 = VERTEX_POINT('',#1564);
#1564 = CARTESIAN_POINT('',(12.484268862754,-3.9482023485,
    10.446911478415));
#1565 = LINE('',#1566,#1567);
#1566 = CARTESIAN_POINT('',(12.484268862754,-3.9482023485,
    -1.553088521585));
#1567 = VECTOR('',#1568,1.);
#1568 = DIRECTION('',(-1.224606353822E-16,0.,1.));
#1569 = ORIENTED_EDGE('',*,*,#1570,.F.);
#1570 = EDGE_CURVE('',#138,#1563,#1571,.T.);
#1571 = LINE('',#1572,#1573);
#1572 = CARTESIAN_POINT('',(12.484268862754,1.0517976515,10.446911478415
    ));
#1573 = VECTOR('',#1574,1.);
#1574 = DIRECTION('',(0.,-1.,0.));
#1575 = ORIENTED_EDGE('',*,*,#137,.T.);
#1576 = ORIENTED_EDGE('',*,*,#1577,.F.);
#1577 = EDGE_CURVE('',#1578,#130,#1580,.T.);
#1578 = VERTEX_POINT('',#1579);
#1579 = CARTESIAN_POINT('',(12.484268862754,-3.9482023485,
    -3.553088521585));
#1580 = LINE('',#1581,#1582);
#1581 = CARTESIAN_POINT('',(12.484268862754,1.0517976515,-3.553088521585
    ));
#1582 = VECTOR('',#1583,1.);
#1583 = DIRECTION('',(0.,1.,0.));
#1584 = ORIENTED_EDGE('',*,*,#1585,.T.);
#1585 = EDGE_CURVE('',#1578,#1586,#1588,.T.);
#1586 = VERTEX_POINT('',#1587);
#1587 = CARTESIAN_POINT('',(12.484268862754,-3.9482023485,
    -5.553088521585));
#1588 = LINE('',#1589,#1590);
#1589 = CARTESIAN_POINT('',(12.484268862754,-3.9482023485,8.446911478415
    ));
#1590 = VECTOR('',#1591,1.);
#1591 = DIRECTION('',(-1.224606353822E-16,0.,-1.));
#1592 = ORIENTED_EDGE('',*,*,#1593,.T.);
#1593 = EDGE_CURVE('',#1586,#1545,#1594,.T.);
#1594 = LINE('',#1595,#1596);
#1595 = CARTESIAN_POINT('',(12.484268862754,1.0517976515,-5.553088521585
    ));
#1596 = VECTOR('',#1597,1.);
#1597 = DIRECTION('',(0.,1.,0.));
#1598 = PLANE('',#1599);
#1599 = AXIS2_PLACEMENT_3D('',#1600,#1601,#1602);
#1600 = CARTESIAN_POINT('',(12.484268862754,-3.9482023485,6.446911478415
    ));
#1601 = DIRECTION('',(1.,0.,-1.224606353822E-16));
#1602 = DIRECTION('',(0.,1.,0.));
#1603 = ADVANCED_FACE('',(#1604),#1627,.T.);
#1604 = FACE_BOUND('',#1605,.T.);
#1605 = EDGE_LOOP('',(#1606,#1614,#1620,#1626));
#1606 = ORIENTED_EDGE('',*,*,#1607,.T.);
#1607 = EDGE_CURVE('',#683,#1608,#1610,.T.);
#1608 = VERTEX_POINT('',#1609);
#1609 = CARTESIAN_POINT('',(11.234268862754,3.9517976515,2.296911478415)
  );
#1610 = LINE('',#1611,#1612);
#1611 = CARTESIAN_POINT('',(8.209531969062,3.9517976515,2.296911478415)
  );
#1612 = VECTOR('',#1613,1.);
#1613 = DIRECTION('',(1.,0.,-2.413528314403E-16));
#1614 = ORIENTED_EDGE('',*,*,#1615,.T.);
#1615 = EDGE_CURVE('',#1608,#1205,#1616,.T.);
#1616 = LINE('',#1617,#1618);
#1617 = CARTESIAN_POINT('',(12.009268862754,0.8517976515,1.521911478415)
  );
#1618 = VECTOR('',#1619,1.);
#1619 = DIRECTION('',(0.235702260396,-0.942809041582,-0.235702260396));
#1620 = ORIENTED_EDGE('',*,*,#1621,.T.);
#1621 = EDGE_CURVE('',#1205,#691,#1622,.T.);
#1622 = LINE('',#1623,#1624);
#1623 = CARTESIAN_POINT('',(8.209531969062,3.5517976515,2.196911478415)
  );
#1624 = VECTOR('',#1625,1.);
#1625 = DIRECTION('',(-1.,1.016424011296E-31,2.413528314403E-16));
#1626 = ORIENTED_EDGE('',*,*,#690,.T.);
#1627 = PLANE('',#1628);
#1628 = AXIS2_PLACEMENT_3D('',#1629,#1630,#1631);
#1629 = CARTESIAN_POINT('',(11.084268862754,3.7517976515,2.246911478415)
  );
#1630 = DIRECTION('',(-2.341466393106E-16,0.242535625036,-0.970142500145
    ));
#1631 = DIRECTION('',(0.,-0.970142500145,-0.242535625036));
#1632 = ADVANCED_FACE('',(#1633),#1667,.T.);
#1633 = FACE_BOUND('',#1634,.T.);
#1634 = EDGE_LOOP('',(#1635,#1645,#1653,#1661));
#1635 = ORIENTED_EDGE('',*,*,#1636,.F.);
#1636 = EDGE_CURVE('',#1637,#1639,#1641,.T.);
#1637 = VERTEX_POINT('',#1638);
#1638 = CARTESIAN_POINT('',(11.334268862754,-0.5482023485,4.196911478415
    ));
#1639 = VERTEX_POINT('',#1640);
#1640 = CARTESIAN_POINT('',(10.834268862754,-0.5482023485,4.196911478415
    ));
#1641 = LINE('',#1642,#1643);
#1642 = CARTESIAN_POINT('',(7.484268862754,-0.5482023485,4.196911478415)
  );
#1643 = VECTOR('',#1644,1.);
#1644 = DIRECTION('',(-1.,0.,2.413528314403E-16));
#1645 = ORIENTED_EDGE('',*,*,#1646,.F.);
#1646 = EDGE_CURVE('',#1647,#1637,#1649,.T.);
#1647 = VERTEX_POINT('',#1648);
#1648 = CARTESIAN_POINT('',(11.334268862754,-3.2482023485,4.196911478415
    ));
#1649 = LINE('',#1650,#1651);
#1650 = CARTESIAN_POINT('',(11.334268862754,0.8517976515,4.196911478415)
  );
#1651 = VECTOR('',#1652,1.);
#1652 = DIRECTION('',(0.,1.,0.));
#1653 = ORIENTED_EDGE('',*,*,#1654,.T.);
#1654 = EDGE_CURVE('',#1647,#1655,#1657,.T.);
#1655 = VERTEX_POINT('',#1656);
#1656 = CARTESIAN_POINT('',(10.834268862754,-3.2482023485,4.196911478415
    ));
#1657 = LINE('',#1658,#1659);
#1658 = CARTESIAN_POINT('',(8.209531969062,-3.2482023485,4.196911478415)
  );
#1659 = VECTOR('',#1660,1.);
#1660 = DIRECTION('',(-1.,-6.352650070599E-33,2.413528314403E-16));
#1661 = ORIENTED_EDGE('',*,*,#1662,.F.);
#1662 = EDGE_CURVE('',#1639,#1655,#1663,.T.);
#1663 = LINE('',#1664,#1665);
#1664 = CARTESIAN_POINT('',(10.834268862754,0.8517976515,4.196911478415)
  );
#1665 = VECTOR('',#1666,1.);
#1666 = DIRECTION('',(0.,-1.,0.));
#1667 = PLANE('',#1668);
#1668 = AXIS2_PLACEMENT_3D('',#1669,#1670,#1671);
#1669 = CARTESIAN_POINT('',(11.334268862754,0.8517976515,4.196911478415)
  );
#1670 = DIRECTION('',(-2.413528314403E-16,-0.,-1.));
#1671 = DIRECTION('',(1.,0.,-2.413528314403E-16));
#1672 = ADVANCED_FACE('',(#1673),#1698,.F.);
#1673 = FACE_BOUND('',#1674,.T.);
#1674 = EDGE_LOOP('',(#1675,#1683,#1684,#1692));
#1675 = ORIENTED_EDGE('',*,*,#1676,.T.);
#1676 = EDGE_CURVE('',#1677,#1386,#1679,.T.);
#1677 = VERTEX_POINT('',#1678);
#1678 = CARTESIAN_POINT('',(10.934268862754,-3.6482023485,
    -1.403088521585));
#1679 = LINE('',#1680,#1681);
#1680 = CARTESIAN_POINT('',(8.209531969062,-3.6482023485,-1.403088521585
    ));
#1681 = VECTOR('',#1682,1.);
#1682 = DIRECTION('',(1.,0.,-2.413528314403E-16));
#1683 = ORIENTED_EDGE('',*,*,#1411,.T.);
#1684 = ORIENTED_EDGE('',*,*,#1685,.F.);
#1685 = EDGE_CURVE('',#1686,#1404,#1688,.T.);
#1686 = VERTEX_POINT('',#1687);
#1687 = CARTESIAN_POINT('',(10.834268862754,-3.2482023485,
    -1.303088521585));
#1688 = LINE('',#1689,#1690);
#1689 = CARTESIAN_POINT('',(8.209531969062,-3.2482023485,-1.303088521585
    ));
#1690 = VECTOR('',#1691,1.);
#1691 = DIRECTION('',(1.,-6.352650070599E-33,-2.413528314403E-16));
#1692 = ORIENTED_EDGE('',*,*,#1693,.F.);
#1693 = EDGE_CURVE('',#1677,#1686,#1694,.T.);
#1694 = LINE('',#1695,#1696);
#1695 = CARTESIAN_POINT('',(9.809268862754,0.8517976515,-0.278088521585)
  );
#1696 = VECTOR('',#1697,1.);
#1697 = DIRECTION('',(-0.235702260396,0.942809041582,0.235702260396));
#1698 = PLANE('',#1699);
#1699 = AXIS2_PLACEMENT_3D('',#1700,#1701,#1702);
#1700 = CARTESIAN_POINT('',(11.034268862754,-3.4482023485,
    -1.353088521585));
#1701 = DIRECTION('',(-2.341466393106E-16,0.242535625036,-0.970142500145
    ));
#1702 = DIRECTION('',(0.,0.970142500145,0.242535625036));
#1703 = ADVANCED_FACE('',(#1704),#1729,.T.);
#1704 = FACE_BOUND('',#1705,.T.);
#1705 = EDGE_LOOP('',(#1706,#1714,#1715,#1723));
#1706 = ORIENTED_EDGE('',*,*,#1707,.F.);
#1707 = EDGE_CURVE('',#1285,#1708,#1710,.T.);
#1708 = VERTEX_POINT('',#1709);
#1709 = CARTESIAN_POINT('',(11.334268862754,-0.5482023485,
    10.196911478415));
#1710 = LINE('',#1711,#1712);
#1711 = CARTESIAN_POINT('',(11.334268862754,-0.5482023485,
    -7.553088521585));
#1712 = VECTOR('',#1713,1.);
#1713 = DIRECTION('',(0.,0.,-1.));
#1714 = ORIENTED_EDGE('',*,*,#1306,.T.);
#1715 = ORIENTED_EDGE('',*,*,#1716,.T.);
#1716 = EDGE_CURVE('',#1299,#1717,#1719,.T.);
#1717 = VERTEX_POINT('',#1718);
#1718 = CARTESIAN_POINT('',(11.334268862754,-3.2482023485,
    10.196911478415));
#1719 = LINE('',#1720,#1721);
#1720 = CARTESIAN_POINT('',(11.334268862754,-3.2482023485,
    10.542971342958));
#1721 = VECTOR('',#1722,1.);
#1722 = DIRECTION('',(0.,0.,-1.));
#1723 = ORIENTED_EDGE('',*,*,#1724,.T.);
#1724 = EDGE_CURVE('',#1717,#1708,#1725,.T.);
#1725 = LINE('',#1726,#1727);
#1726 = CARTESIAN_POINT('',(11.334268862754,0.8517976515,10.196911478415
    ));
#1727 = VECTOR('',#1728,1.);
#1728 = DIRECTION('',(0.,1.,0.));
#1729 = PLANE('',#1730);
#1730 = AXIS2_PLACEMENT_3D('',#1731,#1732,#1733);
#1731 = CARTESIAN_POINT('',(11.334268862754,0.8517976515,10.696911478415
    ));
#1732 = DIRECTION('',(1.,0.,-0.));
#1733 = DIRECTION('',(0.,0.,1.));
#1734 = ADVANCED_FACE('',(#1735),#1769,.F.);
#1735 = FACE_BOUND('',#1736,.T.);
#1736 = EDGE_LOOP('',(#1737,#1747,#1755,#1763));
#1737 = ORIENTED_EDGE('',*,*,#1738,.T.);
#1738 = EDGE_CURVE('',#1739,#1741,#1743,.T.);
#1739 = VERTEX_POINT('',#1740);
#1740 = CARTESIAN_POINT('',(11.234268862754,-3.6482023485,6.296911478415
    ));
#1741 = VERTEX_POINT('',#1742);
#1742 = CARTESIAN_POINT('',(10.934268862754,-3.6482023485,6.296911478415
    ));
#1743 = LINE('',#1744,#1745);
#1744 = CARTESIAN_POINT('',(8.209531969062,-3.6482023485,6.296911478415)
  );
#1745 = VECTOR('',#1746,1.);
#1746 = DIRECTION('',(-1.,0.,2.413528314403E-16));
#1747 = ORIENTED_EDGE('',*,*,#1748,.F.);
#1748 = EDGE_CURVE('',#1749,#1741,#1751,.T.);
#1749 = VERTEX_POINT('',#1750);
#1750 = CARTESIAN_POINT('',(10.834268862754,-3.2482023485,6.196911478415
    ));
#1751 = LINE('',#1752,#1753);
#1752 = CARTESIAN_POINT('',(9.809268862754,0.8517976515,5.171911478415)
  );
#1753 = VECTOR('',#1754,1.);
#1754 = DIRECTION('',(0.235702260396,-0.942809041582,0.235702260396));
#1755 = ORIENTED_EDGE('',*,*,#1756,.F.);
#1756 = EDGE_CURVE('',#1757,#1749,#1759,.T.);
#1757 = VERTEX_POINT('',#1758);
#1758 = CARTESIAN_POINT('',(11.334268862754,-3.2482023485,6.196911478415
    ));
#1759 = LINE('',#1760,#1761);
#1760 = CARTESIAN_POINT('',(8.209531969062,-3.2482023485,6.196911478415)
  );
#1761 = VECTOR('',#1762,1.);
#1762 = DIRECTION('',(-1.,-6.352650070599E-33,2.413528314403E-16));
#1763 = ORIENTED_EDGE('',*,*,#1764,.F.);
#1764 = EDGE_CURVE('',#1739,#1757,#1765,.T.);
#1765 = LINE('',#1766,#1767);
#1766 = CARTESIAN_POINT('',(12.359268862754,0.8517976515,5.171911478415)
  );
#1767 = VECTOR('',#1768,1.);
#1768 = DIRECTION('',(0.235702260396,0.942809041582,-0.235702260396));
#1769 = PLANE('',#1770);
#1770 = AXIS2_PLACEMENT_3D('',#1771,#1772,#1773);
#1771 = CARTESIAN_POINT('',(11.084268862754,-3.4482023485,6.246911478415
    ));
#1772 = DIRECTION('',(2.341466393106E-16,0.242535625036,0.970142500145)
  );
#1773 = DIRECTION('',(0.,0.970142500145,-0.242535625036));
#1774 = ADVANCED_FACE('',(#1775),#1800,.F.);
#1775 = FACE_BOUND('',#1776,.T.);
#1776 = EDGE_LOOP('',(#1777,#1778,#1786,#1794));
#1777 = ORIENTED_EDGE('',*,*,#377,.T.);
#1778 = ORIENTED_EDGE('',*,*,#1779,.T.);
#1779 = EDGE_CURVE('',#370,#1780,#1782,.T.);
#1780 = VERTEX_POINT('',#1781);
#1781 = CARTESIAN_POINT('',(7.884268862754,0.3517976515,0.846911478415)
  );
#1782 = LINE('',#1783,#1784);
#1783 = CARTESIAN_POINT('',(7.484268862754,0.3517976515,1.132625764129)
  );
#1784 = VECTOR('',#1785,1.);
#1785 = DIRECTION('',(-0.813733471207,0.,0.581238193719));
#1786 = ORIENTED_EDGE('',*,*,#1787,.T.);
#1787 = EDGE_CURVE('',#1780,#1788,#1790,.T.);
#1788 = VERTEX_POINT('',#1789);
#1789 = CARTESIAN_POINT('',(7.884268862754,-3.9482023485,0.846911478415)
  );
#1790 = LINE('',#1791,#1792);
#1791 = CARTESIAN_POINT('',(7.884268862754,1.0517976515,0.846911478415)
  );
#1792 = VECTOR('',#1793,1.);
#1793 = DIRECTION('',(0.,-1.,0.));
#1794 = ORIENTED_EDGE('',*,*,#1795,.F.);
#1795 = EDGE_CURVE('',#378,#1788,#1796,.T.);
#1796 = LINE('',#1797,#1798);
#1797 = CARTESIAN_POINT('',(7.484268862754,-3.9482023485,1.132625764129)
  );
#1798 = VECTOR('',#1799,1.);
#1799 = DIRECTION('',(-0.813733471207,0.,0.581238193719));
#1800 = PLANE('',#1801);
#1801 = AXIS2_PLACEMENT_3D('',#1802,#1803,#1804);
#1802 = CARTESIAN_POINT('',(8.234268862754,0.3517976515,0.596911478415)
  );
#1803 = DIRECTION('',(-0.581238193719,0.,-0.813733471207));
#1804 = DIRECTION('',(-0.813733471207,0.,0.581238193719));
#1805 = ADVANCED_FACE('',(#1806),#1824,.T.);
#1806 = FACE_BOUND('',#1807,.T.);
#1807 = EDGE_LOOP('',(#1808,#1816,#1822,#1823));
#1808 = ORIENTED_EDGE('',*,*,#1809,.F.);
#1809 = EDGE_CURVE('',#1810,#681,#1812,.T.);
#1810 = VERTEX_POINT('',#1811);
#1811 = CARTESIAN_POINT('',(11.234268862754,3.9517976515,2.596911478415)
  );
#1812 = LINE('',#1813,#1814);
#1813 = CARTESIAN_POINT('',(8.209531969062,3.9517976515,2.596911478415)
  );
#1814 = VECTOR('',#1815,1.);
#1815 = DIRECTION('',(-1.,0.,2.413528314403E-16));
#1816 = ORIENTED_EDGE('',*,*,#1817,.F.);
#1817 = EDGE_CURVE('',#1608,#1810,#1818,.T.);
#1818 = LINE('',#1819,#1820);
#1819 = CARTESIAN_POINT('',(11.234268862754,3.9517976515,2.542971342958)
  );
#1820 = VECTOR('',#1821,1.);
#1821 = DIRECTION('',(0.,0.,1.));
#1822 = ORIENTED_EDGE('',*,*,#1607,.F.);
#1823 = ORIENTED_EDGE('',*,*,#680,.F.);
#1824 = PLANE('',#1825);
#1825 = AXIS2_PLACEMENT_3D('',#1826,#1827,#1828);
#1826 = CARTESIAN_POINT('',(8.209531969062,3.9517976515,2.542971342958)
  );
#1827 = DIRECTION('',(0.,1.,-0.));
#1828 = DIRECTION('',(-1.,0.,0.));
#1829 = ADVANCED_FACE('',(#1830),#1846,.F.);
#1830 = FACE_BOUND('',#1831,.T.);
#1831 = EDGE_LOOP('',(#1832,#1838,#1839,#1845));
#1832 = ORIENTED_EDGE('',*,*,#1833,.F.);
#1833 = EDGE_CURVE('',#322,#98,#1834,.T.);
#1834 = LINE('',#1835,#1836);
#1835 = CARTESIAN_POINT('',(7.484268862754,-3.9482023485,-4.238802807299
    ));
#1836 = VECTOR('',#1837,1.);
#1837 = DIRECTION('',(0.813733471207,0.,0.581238193719));
#1838 = ORIENTED_EDGE('',*,*,#345,.F.);
#1839 = ORIENTED_EDGE('',*,*,#1840,.T.);
#1840 = EDGE_CURVE('',#338,#80,#1841,.T.);
#1841 = LINE('',#1842,#1843);
#1842 = CARTESIAN_POINT('',(7.484268862754,0.3517976515,-4.238802807299)
  );
#1843 = VECTOR('',#1844,1.);
#1844 = DIRECTION('',(0.813733471207,0.,0.581238193719));
#1845 = ORIENTED_EDGE('',*,*,#105,.F.);
#1846 = PLANE('',#1847);
#1847 = AXIS2_PLACEMENT_3D('',#1848,#1849,#1850);
#1848 = CARTESIAN_POINT('',(7.884268862754,0.3517976515,-3.953088521585)
  );
#1849 = DIRECTION('',(-0.581238193719,0.,0.813733471207));
#1850 = DIRECTION('',(0.813733471207,0.,0.581238193719));
#1851 = ADVANCED_FACE('',(#1852),#1863,.T.);
#1852 = FACE_BOUND('',#1853,.T.);
#1853 = EDGE_LOOP('',(#1854,#1855,#1856,#1857));
#1854 = ORIENTED_EDGE('',*,*,#1809,.T.);
#1855 = ORIENTED_EDGE('',*,*,#706,.T.);
#1856 = ORIENTED_EDGE('',*,*,#1320,.T.);
#1857 = ORIENTED_EDGE('',*,*,#1858,.T.);
#1858 = EDGE_CURVE('',#1203,#1810,#1859,.T.);
#1859 = LINE('',#1860,#1861);
#1860 = CARTESIAN_POINT('',(12.009268862754,0.8517976515,3.371911478415)
  );
#1861 = VECTOR('',#1862,1.);
#1862 = DIRECTION('',(-0.235702260396,0.942809041582,-0.235702260396));
#1863 = PLANE('',#1864);
#1864 = AXIS2_PLACEMENT_3D('',#1865,#1866,#1867);
#1865 = CARTESIAN_POINT('',(11.084268862754,3.7517976515,2.646911478415)
  );
#1866 = DIRECTION('',(2.341466393106E-16,0.242535625036,0.970142500145)
  );
#1867 = DIRECTION('',(0.,-0.970142500145,0.242535625036));
#1868 = ADVANCED_FACE('',(#1869),#1880,.T.);
#1869 = FACE_BOUND('',#1870,.T.);
#1870 = EDGE_LOOP('',(#1871,#1872,#1873,#1879));
#1871 = ORIENTED_EDGE('',*,*,#407,.T.);
#1872 = ORIENTED_EDGE('',*,*,#185,.F.);
#1873 = ORIENTED_EDGE('',*,*,#1874,.T.);
#1874 = EDGE_CURVE('',#178,#250,#1875,.T.);
#1875 = LINE('',#1876,#1877);
#1876 = CARTESIAN_POINT('',(10.834268862754,3.5517976515,0.542971342958)
  );
#1877 = VECTOR('',#1878,1.);
#1878 = DIRECTION('',(0.,0.,1.));
#1879 = ORIENTED_EDGE('',*,*,#249,.F.);
#1880 = PLANE('',#1881);
#1881 = AXIS2_PLACEMENT_3D('',#1882,#1883,#1884);
#1882 = CARTESIAN_POINT('',(10.884268862754,3.7517976515,0.446911478415)
  );
#1883 = DIRECTION('',(-0.970142500145,0.242535625036,0.));
#1884 = DIRECTION('',(-0.242535625036,-0.970142500145,3.36585794009E-17)
  );
#1885 = ADVANCED_FACE('',(#1886),#1911,.F.);
#1886 = FACE_BOUND('',#1887,.T.);
#1887 = EDGE_LOOP('',(#1888,#1898,#1904,#1905));
#1888 = ORIENTED_EDGE('',*,*,#1889,.T.);
#1889 = EDGE_CURVE('',#1890,#1892,#1894,.T.);
#1890 = VERTEX_POINT('',#1891);
#1891 = CARTESIAN_POINT('',(11.234268862754,-3.6482023485,4.296911478415
    ));
#1892 = VERTEX_POINT('',#1893);
#1893 = CARTESIAN_POINT('',(10.934268862754,-3.6482023485,4.296911478415
    ));
#1894 = LINE('',#1895,#1896);
#1895 = CARTESIAN_POINT('',(8.209531969062,-3.6482023485,4.296911478415)
  );
#1896 = VECTOR('',#1897,1.);
#1897 = DIRECTION('',(-1.,0.,2.413528314403E-16));
#1898 = ORIENTED_EDGE('',*,*,#1899,.F.);
#1899 = EDGE_CURVE('',#1655,#1892,#1900,.T.);
#1900 = LINE('',#1901,#1902);
#1901 = CARTESIAN_POINT('',(9.809268862754,0.8517976515,3.171911478415)
  );
#1902 = VECTOR('',#1903,1.);
#1903 = DIRECTION('',(0.235702260396,-0.942809041582,0.235702260396));
#1904 = ORIENTED_EDGE('',*,*,#1654,.F.);
#1905 = ORIENTED_EDGE('',*,*,#1906,.F.);
#1906 = EDGE_CURVE('',#1890,#1647,#1907,.T.);
#1907 = LINE('',#1908,#1909);
#1908 = CARTESIAN_POINT('',(12.359268862754,0.8517976515,3.171911478415)
  );
#1909 = VECTOR('',#1910,1.);
#1910 = DIRECTION('',(0.235702260396,0.942809041582,-0.235702260396));
#1911 = PLANE('',#1912);
#1912 = AXIS2_PLACEMENT_3D('',#1913,#1914,#1915);
#1913 = CARTESIAN_POINT('',(11.084268862754,-3.4482023485,4.246911478415
    ));
#1914 = DIRECTION('',(2.341466393106E-16,0.242535625036,0.970142500145)
  );
#1915 = DIRECTION('',(0.,0.970142500145,-0.242535625036));
#1916 = ADVANCED_FACE('',(#1917),#1942,.F.);
#1917 = FACE_BOUND('',#1918,.T.);
#1918 = EDGE_LOOP('',(#1919,#1927,#1935,#1941));
#1919 = ORIENTED_EDGE('',*,*,#1920,.T.);
#1920 = EDGE_CURVE('',#1892,#1921,#1923,.T.);
#1921 = VERTEX_POINT('',#1922);
#1922 = CARTESIAN_POINT('',(10.934268862754,-3.6482023485,4.596911478415
    ));
#1923 = LINE('',#1924,#1925);
#1924 = CARTESIAN_POINT('',(10.934268862754,-3.6482023485,4.542971342958
    ));
#1925 = VECTOR('',#1926,1.);
#1926 = DIRECTION('',(0.,0.,1.));
#1927 = ORIENTED_EDGE('',*,*,#1928,.T.);
#1928 = EDGE_CURVE('',#1921,#1929,#1931,.T.);
#1929 = VERTEX_POINT('',#1930);
#1930 = CARTESIAN_POINT('',(10.834268862754,-3.2482023485,4.696911478415
    ));
#1931 = LINE('',#1932,#1933);
#1932 = CARTESIAN_POINT('',(9.809268862754,0.8517976515,5.721911478415)
  );
#1933 = VECTOR('',#1934,1.);
#1934 = DIRECTION('',(-0.235702260396,0.942809041582,0.235702260396));
#1935 = ORIENTED_EDGE('',*,*,#1936,.F.);
#1936 = EDGE_CURVE('',#1655,#1929,#1937,.T.);
#1937 = LINE('',#1938,#1939);
#1938 = CARTESIAN_POINT('',(10.834268862754,-3.2482023485,4.542971342958
    ));
#1939 = VECTOR('',#1940,1.);
#1940 = DIRECTION('',(0.,0.,1.));
#1941 = ORIENTED_EDGE('',*,*,#1899,.T.);
#1942 = PLANE('',#1943);
#1943 = AXIS2_PLACEMENT_3D('',#1944,#1945,#1946);
#1944 = CARTESIAN_POINT('',(10.884268862754,-3.4482023485,4.446911478415
    ));
#1945 = DIRECTION('',(0.970142500145,0.242535625036,-0.));
#1946 = DIRECTION('',(-0.242535625036,0.970142500145,3.36585794009E-17)
  );
#1947 = ADVANCED_FACE('',(#1948),#1982,.F.);
#1948 = FACE_BOUND('',#1949,.T.);
#1949 = EDGE_LOOP('',(#1950,#1960,#1968,#1976));
#1950 = ORIENTED_EDGE('',*,*,#1951,.T.);
#1951 = EDGE_CURVE('',#1952,#1954,#1956,.T.);
#1952 = VERTEX_POINT('',#1953);
#1953 = CARTESIAN_POINT('',(10.934268862754,-3.6482023485,6.596911478415
    ));
#1954 = VERTEX_POINT('',#1955);
#1955 = CARTESIAN_POINT('',(11.234268862754,-3.6482023485,6.596911478415
    ));
#1956 = LINE('',#1957,#1958);
#1957 = CARTESIAN_POINT('',(8.209531969062,-3.6482023485,6.596911478415)
  );
#1958 = VECTOR('',#1959,1.);
#1959 = DIRECTION('',(1.,0.,-2.413528314403E-16));
#1960 = ORIENTED_EDGE('',*,*,#1961,.T.);
#1961 = EDGE_CURVE('',#1954,#1962,#1964,.T.);
#1962 = VERTEX_POINT('',#1963);
#1963 = CARTESIAN_POINT('',(11.334268862754,-3.2482023485,6.696911478415
    ));
#1964 = LINE('',#1965,#1966);
#1965 = CARTESIAN_POINT('',(12.359268862754,0.8517976515,7.721911478415)
  );
#1966 = VECTOR('',#1967,1.);
#1967 = DIRECTION('',(0.235702260396,0.942809041582,0.235702260396));
#1968 = ORIENTED_EDGE('',*,*,#1969,.F.);
#1969 = EDGE_CURVE('',#1970,#1962,#1972,.T.);
#1970 = VERTEX_POINT('',#1971);
#1971 = CARTESIAN_POINT('',(10.834268862754,-3.2482023485,6.696911478415
    ));
#1972 = LINE('',#1973,#1974);
#1973 = CARTESIAN_POINT('',(8.209531969062,-3.2482023485,6.696911478415)
  );
#1974 = VECTOR('',#1975,1.);
#1975 = DIRECTION('',(1.,-6.352650070599E-33,-2.413528314403E-16));
#1976 = ORIENTED_EDGE('',*,*,#1977,.F.);
#1977 = EDGE_CURVE('',#1952,#1970,#1978,.T.);
#1978 = LINE('',#1979,#1980);
#1979 = CARTESIAN_POINT('',(9.809268862754,0.8517976515,7.721911478415)
  );
#1980 = VECTOR('',#1981,1.);
#1981 = DIRECTION('',(-0.235702260396,0.942809041582,0.235702260396));
#1982 = PLANE('',#1983);
#1983 = AXIS2_PLACEMENT_3D('',#1984,#1985,#1986);
#1984 = CARTESIAN_POINT('',(11.034268862754,-3.4482023485,6.646911478415
    ));
#1985 = DIRECTION('',(-2.341466393106E-16,0.242535625036,-0.970142500145
    ));
#1986 = DIRECTION('',(0.,0.970142500145,0.242535625036));
#1987 = ADVANCED_FACE('',(#1988),#2022,.T.);
#1988 = FACE_BOUND('',#1989,.T.);
#1989 = EDGE_LOOP('',(#1990,#2000,#2008,#2016));
#1990 = ORIENTED_EDGE('',*,*,#1991,.F.);
#1991 = EDGE_CURVE('',#1992,#1994,#1996,.T.);
#1992 = VERTEX_POINT('',#1993);
#1993 = CARTESIAN_POINT('',(10.834268862754,-0.5482023485,8.196911478415
    ));
#1994 = VERTEX_POINT('',#1995);
#1995 = CARTESIAN_POINT('',(10.834268862754,-0.5482023485,8.696911478415
    ));
#1996 = LINE('',#1997,#1998);
#1997 = CARTESIAN_POINT('',(10.834268862754,-0.5482023485,
    -7.553088521585));
#1998 = VECTOR('',#1999,1.);
#1999 = DIRECTION('',(0.,0.,1.));
#2000 = ORIENTED_EDGE('',*,*,#2001,.T.);
#2001 = EDGE_CURVE('',#1992,#2002,#2004,.T.);
#2002 = VERTEX_POINT('',#2003);
#2003 = CARTESIAN_POINT('',(10.834268862754,-3.2482023485,8.196911478415
    ));
#2004 = LINE('',#2005,#2006);
#2005 = CARTESIAN_POINT('',(10.834268862754,0.8517976515,8.196911478415)
  );
#2006 = VECTOR('',#2007,1.);
#2007 = DIRECTION('',(0.,-1.,0.));
#2008 = ORIENTED_EDGE('',*,*,#2009,.T.);
#2009 = EDGE_CURVE('',#2002,#2010,#2012,.T.);
#2010 = VERTEX_POINT('',#2011);
#2011 = CARTESIAN_POINT('',(10.834268862754,-3.2482023485,8.696911478415
    ));
#2012 = LINE('',#2013,#2014);
#2013 = CARTESIAN_POINT('',(10.834268862754,-3.2482023485,8.542971342958
    ));
#2014 = VECTOR('',#2015,1.);
#2015 = DIRECTION('',(0.,0.,1.));
#2016 = ORIENTED_EDGE('',*,*,#2017,.T.);
#2017 = EDGE_CURVE('',#2010,#1994,#2018,.T.);
#2018 = LINE('',#2019,#2020);
#2019 = CARTESIAN_POINT('',(10.834268862754,0.8517976515,8.696911478415)
  );
#2020 = VECTOR('',#2021,1.);
#2021 = DIRECTION('',(0.,1.,0.));
#2022 = PLANE('',#2023);
#2023 = AXIS2_PLACEMENT_3D('',#2024,#2025,#2026);
#2024 = CARTESIAN_POINT('',(10.834268862754,0.8517976515,8.196911478415)
  );
#2025 = DIRECTION('',(-1.,-0.,-0.));
#2026 = DIRECTION('',(0.,0.,-1.));
#2027 = ADVANCED_FACE('',(#2028),#2053,.T.);
#2028 = FACE_BOUND('',#2029,.T.);
#2029 = EDGE_LOOP('',(#2030,#2038,#2046,#2052));
#2030 = ORIENTED_EDGE('',*,*,#2031,.F.);
#2031 = EDGE_CURVE('',#2032,#1992,#2034,.T.);
#2032 = VERTEX_POINT('',#2033);
#2033 = CARTESIAN_POINT('',(11.334268862754,-0.5482023485,8.196911478415
    ));
#2034 = LINE('',#2035,#2036);
#2035 = CARTESIAN_POINT('',(7.484268862754,-0.5482023485,8.196911478415)
  );
#2036 = VECTOR('',#2037,1.);
#2037 = DIRECTION('',(-1.,0.,2.413528314403E-16));
#2038 = ORIENTED_EDGE('',*,*,#2039,.F.);
#2039 = EDGE_CURVE('',#2040,#2032,#2042,.T.);
#2040 = VERTEX_POINT('',#2041);
#2041 = CARTESIAN_POINT('',(11.334268862754,-3.2482023485,8.196911478415
    ));
#2042 = LINE('',#2043,#2044);
#2043 = CARTESIAN_POINT('',(11.334268862754,0.8517976515,8.196911478415)
  );
#2044 = VECTOR('',#2045,1.);
#2045 = DIRECTION('',(0.,1.,0.));
#2046 = ORIENTED_EDGE('',*,*,#2047,.T.);
#2047 = EDGE_CURVE('',#2040,#2002,#2048,.T.);
#2048 = LINE('',#2049,#2050);
#2049 = CARTESIAN_POINT('',(8.209531969062,-3.2482023485,8.196911478415)
  );
#2050 = VECTOR('',#2051,1.);
#2051 = DIRECTION('',(-1.,-6.352650070599E-33,2.413528314403E-16));
#2052 = ORIENTED_EDGE('',*,*,#2001,.F.);
#2053 = PLANE('',#2054);
#2054 = AXIS2_PLACEMENT_3D('',#2055,#2056,#2057);
#2055 = CARTESIAN_POINT('',(11.334268862754,0.8517976515,8.196911478415)
  );
#2056 = DIRECTION('',(-2.413528314403E-16,-0.,-1.));
#2057 = DIRECTION('',(1.,0.,-2.413528314403E-16));
#2058 = ADVANCED_FACE('',(#2059),#2084,.T.);
#2059 = FACE_BOUND('',#2060,.T.);
#2060 = EDGE_LOOP('',(#2061,#2069,#2077,#2083));
#2061 = ORIENTED_EDGE('',*,*,#2062,.T.);
#2062 = EDGE_CURVE('',#482,#2063,#2065,.T.);
#2063 = VERTEX_POINT('',#2064);
#2064 = CARTESIAN_POINT('',(7.884268862754,-3.9482023485,4.046911478415)
  );
#2065 = LINE('',#2066,#2067);
#2066 = CARTESIAN_POINT('',(7.484268862754,-3.9482023485,3.761197192701)
  );
#2067 = VECTOR('',#2068,1.);
#2068 = DIRECTION('',(-0.813733471207,0.,-0.581238193719));
#2069 = ORIENTED_EDGE('',*,*,#2070,.F.);
#2070 = EDGE_CURVE('',#2071,#2063,#2073,.T.);
#2071 = VERTEX_POINT('',#2072);
#2072 = CARTESIAN_POINT('',(7.884268862754,0.3517976515,4.046911478415)
  );
#2073 = LINE('',#2074,#2075);
#2074 = CARTESIAN_POINT('',(7.884268862754,1.0517976515,4.046911478415)
  );
#2075 = VECTOR('',#2076,1.);
#2076 = DIRECTION('',(0.,-1.,0.));
#2077 = ORIENTED_EDGE('',*,*,#2078,.F.);
#2078 = EDGE_CURVE('',#484,#2071,#2079,.T.);
#2079 = LINE('',#2080,#2081);
#2080 = CARTESIAN_POINT('',(7.484268862754,0.3517976515,3.761197192701)
  );
#2081 = VECTOR('',#2082,1.);
#2082 = DIRECTION('',(-0.813733471207,0.,-0.581238193719));
#2083 = ORIENTED_EDGE('',*,*,#481,.F.);
#2084 = PLANE('',#2085);
#2085 = AXIS2_PLACEMENT_3D('',#2086,#2087,#2088);
#2086 = CARTESIAN_POINT('',(8.234268862754,0.3517976515,4.296911478415)
  );
#2087 = DIRECTION('',(0.581238193719,0.,-0.813733471207));
#2088 = DIRECTION('',(-0.813733471207,0.,-0.581238193719));
#2089 = ADVANCED_FACE('',(#2090),#2124,.T.);
#2090 = FACE_BOUND('',#2091,.T.);
#2091 = EDGE_LOOP('',(#2092,#2102,#2110,#2118));
#2092 = ORIENTED_EDGE('',*,*,#2093,.F.);
#2093 = EDGE_CURVE('',#2094,#2096,#2098,.T.);
#2094 = VERTEX_POINT('',#2095);
#2095 = CARTESIAN_POINT('',(11.234268862754,3.9517976515,6.596911478415)
  );
#2096 = VERTEX_POINT('',#2097);
#2097 = CARTESIAN_POINT('',(10.934268862754,3.9517976515,6.596911478415)
  );
#2098 = LINE('',#2099,#2100);
#2099 = CARTESIAN_POINT('',(8.209531969062,3.9517976515,6.596911478415)
  );
#2100 = VECTOR('',#2101,1.);
#2101 = DIRECTION('',(-1.,0.,2.413528314403E-16));
#2102 = ORIENTED_EDGE('',*,*,#2103,.F.);
#2103 = EDGE_CURVE('',#2104,#2094,#2106,.T.);
#2104 = VERTEX_POINT('',#2105);
#2105 = CARTESIAN_POINT('',(11.234268862754,3.9517976515,6.296911478415)
  );
#2106 = LINE('',#2107,#2108);
#2107 = CARTESIAN_POINT('',(11.234268862754,3.9517976515,6.542971342958)
  );
#2108 = VECTOR('',#2109,1.);
#2109 = DIRECTION('',(0.,0.,1.));
#2110 = ORIENTED_EDGE('',*,*,#2111,.F.);
#2111 = EDGE_CURVE('',#2112,#2104,#2114,.T.);
#2112 = VERTEX_POINT('',#2113);
#2113 = CARTESIAN_POINT('',(10.934268862754,3.9517976515,6.296911478415)
  );
#2114 = LINE('',#2115,#2116);
#2115 = CARTESIAN_POINT('',(8.209531969062,3.9517976515,6.296911478415)
  );
#2116 = VECTOR('',#2117,1.);
#2117 = DIRECTION('',(1.,0.,-2.413528314403E-16));
#2118 = ORIENTED_EDGE('',*,*,#2119,.F.);
#2119 = EDGE_CURVE('',#2096,#2112,#2120,.T.);
#2120 = LINE('',#2121,#2122);
#2121 = CARTESIAN_POINT('',(10.934268862754,3.9517976515,6.542971342958)
  );
#2122 = VECTOR('',#2123,1.);
#2123 = DIRECTION('',(0.,0.,-1.));
#2124 = PLANE('',#2125);
#2125 = AXIS2_PLACEMENT_3D('',#2126,#2127,#2128);
#2126 = CARTESIAN_POINT('',(8.209531969062,3.9517976515,6.542971342958)
  );
#2127 = DIRECTION('',(0.,1.,-0.));
#2128 = DIRECTION('',(-1.,0.,0.));
#2129 = ADVANCED_FACE('',(#2130),#2155,.T.);
#2130 = FACE_BOUND('',#2131,.T.);
#2131 = EDGE_LOOP('',(#2132,#2140,#2148,#2154));
#2132 = ORIENTED_EDGE('',*,*,#2133,.F.);
#2133 = EDGE_CURVE('',#2134,#1123,#2136,.T.);
#2134 = VERTEX_POINT('',#2135);
#2135 = CARTESIAN_POINT('',(11.334268862754,3.5517976515,6.696911478415)
  );
#2136 = LINE('',#2137,#2138);
#2137 = CARTESIAN_POINT('',(11.334268862754,3.5517976515,6.542971342958)
  );
#2138 = VECTOR('',#2139,1.);
#2139 = DIRECTION('',(0.,0.,-1.));
#2140 = ORIENTED_EDGE('',*,*,#2141,.T.);
#2141 = EDGE_CURVE('',#2134,#2142,#2144,.T.);
#2142 = VERTEX_POINT('',#2143);
#2143 = CARTESIAN_POINT('',(11.334268862754,1.0517976515,6.696911478415)
  );
#2144 = LINE('',#2145,#2146);
#2145 = CARTESIAN_POINT('',(11.334268862754,1.0517976515,6.696911478415)
  );
#2146 = VECTOR('',#2147,1.);
#2147 = DIRECTION('',(0.,-1.,0.));
#2148 = ORIENTED_EDGE('',*,*,#2149,.T.);
#2149 = EDGE_CURVE('',#2142,#1133,#2150,.T.);
#2150 = LINE('',#2151,#2152);
#2151 = CARTESIAN_POINT('',(11.334268862754,1.0517976515,-7.553088521585
    ));
#2152 = VECTOR('',#2153,1.);
#2153 = DIRECTION('',(0.,0.,-1.));
#2154 = ORIENTED_EDGE('',*,*,#1132,.T.);
#2155 = PLANE('',#2156);
#2156 = AXIS2_PLACEMENT_3D('',#2157,#2158,#2159);
#2157 = CARTESIAN_POINT('',(11.334268862754,0.8517976515,6.696911478415)
  );
#2158 = DIRECTION('',(1.,0.,-0.));
#2159 = DIRECTION('',(0.,0.,1.));
#2160 = ADVANCED_FACE('',(#2161),#2186,.T.);
#2161 = FACE_BOUND('',#2162,.T.);
#2162 = EDGE_LOOP('',(#2163,#2173,#2179,#2180));
#2163 = ORIENTED_EDGE('',*,*,#2164,.T.);
#2164 = EDGE_CURVE('',#2165,#2167,#2169,.T.);
#2165 = VERTEX_POINT('',#2166);
#2166 = CARTESIAN_POINT('',(10.834268862754,2.341695600056,
    10.196911478415));
#2167 = VERTEX_POINT('',#2168);
#2168 = CARTESIAN_POINT('',(10.834268862754,2.341695600056,
    10.696911478415));
#2169 = LINE('',#2170,#2171);
#2170 = CARTESIAN_POINT('',(10.834268862754,2.341695600056,
    10.696911478415));
#2171 = VECTOR('',#2172,1.);
#2172 = DIRECTION('',(0.,0.,1.));
#2173 = ORIENTED_EDGE('',*,*,#2174,.T.);
#2174 = EDGE_CURVE('',#2167,#659,#2175,.T.);
#2175 = LINE('',#2176,#2177);
#2176 = CARTESIAN_POINT('',(10.834268862754,0.8517976515,10.696911478415
    ));
#2177 = VECTOR('',#2178,1.);
#2178 = DIRECTION('',(0.,1.,0.));
#2179 = ORIENTED_EDGE('',*,*,#658,.F.);
#2180 = ORIENTED_EDGE('',*,*,#2181,.T.);
#2181 = EDGE_CURVE('',#651,#2165,#2182,.T.);
#2182 = LINE('',#2183,#2184);
#2183 = CARTESIAN_POINT('',(10.834268862754,0.8517976515,10.196911478415
    ));
#2184 = VECTOR('',#2185,1.);
#2185 = DIRECTION('',(0.,-1.,0.));
#2186 = PLANE('',#2187);
#2187 = AXIS2_PLACEMENT_3D('',#2188,#2189,#2190);
#2188 = CARTESIAN_POINT('',(10.834268862754,0.8517976515,10.196911478415
    ));
#2189 = DIRECTION('',(-1.,-0.,-0.));
#2190 = DIRECTION('',(0.,0.,-1.));
#2191 = ADVANCED_FACE('',(#2192),#2217,.T.);
#2192 = FACE_BOUND('',#2193,.T.);
#2193 = EDGE_LOOP('',(#2194,#2202,#2203,#2211));
#2194 = ORIENTED_EDGE('',*,*,#2195,.T.);
#2195 = EDGE_CURVE('',#2196,#1523,#2198,.T.);
#2196 = VERTEX_POINT('',#2197);
#2197 = CARTESIAN_POINT('',(7.884268862754,-3.9482023485,
    4.69114784151E-02));
#2198 = LINE('',#2199,#2200);
#2199 = CARTESIAN_POINT('',(7.884268862754,-3.9482023485,-7.553088521585
    ));
#2200 = VECTOR('',#2201,1.);
#2201 = DIRECTION('',(1.224606353822E-16,0.,-1.));
#2202 = ORIENTED_EDGE('',*,*,#1522,.T.);
#2203 = ORIENTED_EDGE('',*,*,#2204,.T.);
#2204 = EDGE_CURVE('',#1515,#2205,#2207,.T.);
#2205 = VERTEX_POINT('',#2206);
#2206 = CARTESIAN_POINT('',(7.884268862754,0.3517976515,
    4.69114784151E-02));
#2207 = LINE('',#2208,#2209);
#2208 = CARTESIAN_POINT('',(7.884268862754,0.3517976515,8.446911478415)
  );
#2209 = VECTOR('',#2210,1.);
#2210 = DIRECTION('',(1.224606353822E-16,0.,1.));
#2211 = ORIENTED_EDGE('',*,*,#2212,.F.);
#2212 = EDGE_CURVE('',#2196,#2205,#2213,.T.);
#2213 = LINE('',#2214,#2215);
#2214 = CARTESIAN_POINT('',(7.884268862754,1.0517976515,
    4.69114784151E-02));
#2215 = VECTOR('',#2216,1.);
#2216 = DIRECTION('',(0.,1.,0.));
#2217 = PLANE('',#2218);
#2218 = AXIS2_PLACEMENT_3D('',#2219,#2220,#2221);
#2219 = CARTESIAN_POINT('',(7.884268862754,0.3517976515,
    4.69114784151E-02));
#2220 = DIRECTION('',(1.,-0.,1.224606353822E-16));
#2221 = DIRECTION('',(1.224606353822E-16,0.,-1.));
#2222 = ADVANCED_FACE('',(#2223),#2248,.T.);
#2223 = FACE_BOUND('',#2224,.T.);
#2224 = EDGE_LOOP('',(#2225,#2233,#2241,#2247));
#2225 = ORIENTED_EDGE('',*,*,#2226,.F.);
#2226 = EDGE_CURVE('',#2227,#2134,#2229,.T.);
#2227 = VERTEX_POINT('',#2228);
#2228 = CARTESIAN_POINT('',(10.834268862754,3.5517976515,6.696911478415)
  );
#2229 = LINE('',#2230,#2231);
#2230 = CARTESIAN_POINT('',(8.209531969062,3.5517976515,6.696911478415)
  );
#2231 = VECTOR('',#2232,1.);
#2232 = DIRECTION('',(1.,1.016424011296E-31,-2.413528314403E-16));
#2233 = ORIENTED_EDGE('',*,*,#2234,.F.);
#2234 = EDGE_CURVE('',#2235,#2227,#2237,.T.);
#2235 = VERTEX_POINT('',#2236);
#2236 = CARTESIAN_POINT('',(10.834268862754,1.0517976515,6.696911478415)
  );
#2237 = LINE('',#2238,#2239);
#2238 = CARTESIAN_POINT('',(10.834268862754,1.0517976515,6.696911478415)
  );
#2239 = VECTOR('',#2240,1.);
#2240 = DIRECTION('',(0.,1.,0.));
#2241 = ORIENTED_EDGE('',*,*,#2242,.T.);
#2242 = EDGE_CURVE('',#2235,#2142,#2243,.T.);
#2243 = LINE('',#2244,#2245);
#2244 = CARTESIAN_POINT('',(7.484268862754,1.0517976515,6.696911478415)
  );
#2245 = VECTOR('',#2246,1.);
#2246 = DIRECTION('',(1.,0.,-2.413528314403E-16));
#2247 = ORIENTED_EDGE('',*,*,#2141,.F.);
#2248 = PLANE('',#2249);
#2249 = AXIS2_PLACEMENT_3D('',#2250,#2251,#2252);
#2250 = CARTESIAN_POINT('',(10.834268862754,0.8517976515,6.696911478415)
  );
#2251 = DIRECTION('',(2.413528314403E-16,0.,1.));
#2252 = DIRECTION('',(-1.,0.,2.413528314403E-16));
#2253 = ADVANCED_FACE('',(#2254),#2286,.T.);
#2254 = FACE_BOUND('',#2255,.T.);
#2255 = EDGE_LOOP('',(#2256,#2264,#2272,#2280));
#2256 = ORIENTED_EDGE('',*,*,#2257,.F.);
#2257 = EDGE_CURVE('',#2258,#873,#2260,.T.);
#2258 = VERTEX_POINT('',#2259);
#2259 = CARTESIAN_POINT('',(11.334268862754,3.5517976515,4.196911478415)
  );
#2260 = LINE('',#2261,#2262);
#2261 = CARTESIAN_POINT('',(8.209531969062,3.5517976515,4.196911478415)
  );
#2262 = VECTOR('',#2263,1.);
#2263 = DIRECTION('',(-1.,1.016424011296E-31,2.413528314403E-16));
#2264 = ORIENTED_EDGE('',*,*,#2265,.F.);
#2265 = EDGE_CURVE('',#2266,#2258,#2268,.T.);
#2266 = VERTEX_POINT('',#2267);
#2267 = CARTESIAN_POINT('',(11.334268862754,1.0517976515,4.196911478415)
  );
#2268 = LINE('',#2269,#2270);
#2269 = CARTESIAN_POINT('',(11.334268862754,0.8517976515,4.196911478415)
  );
#2270 = VECTOR('',#2271,1.);
#2271 = DIRECTION('',(0.,1.,0.));
#2272 = ORIENTED_EDGE('',*,*,#2273,.T.);
#2273 = EDGE_CURVE('',#2266,#2274,#2276,.T.);
#2274 = VERTEX_POINT('',#2275);
#2275 = CARTESIAN_POINT('',(10.834268862754,1.0517976515,4.196911478415)
  );
#2276 = LINE('',#2277,#2278);
#2277 = CARTESIAN_POINT('',(7.484268862754,1.0517976515,4.196911478415)
  );
#2278 = VECTOR('',#2279,1.);
#2279 = DIRECTION('',(-1.,0.,2.413528314403E-16));
#2280 = ORIENTED_EDGE('',*,*,#2281,.F.);
#2281 = EDGE_CURVE('',#873,#2274,#2282,.T.);
#2282 = LINE('',#2283,#2284);
#2283 = CARTESIAN_POINT('',(10.834268862754,0.8517976515,4.196911478415)
  );
#2284 = VECTOR('',#2285,1.);
#2285 = DIRECTION('',(0.,-1.,0.));
#2286 = PLANE('',#2287);
#2287 = AXIS2_PLACEMENT_3D('',#2288,#2289,#2290);
#2288 = CARTESIAN_POINT('',(11.334268862754,0.8517976515,4.196911478415)
  );
#2289 = DIRECTION('',(-2.413528314403E-16,-0.,-1.));
#2290 = DIRECTION('',(1.,0.,-2.413528314403E-16));
#2291 = ADVANCED_FACE('',(#2292),#2317,.F.);
#2292 = FACE_BOUND('',#2293,.T.);
#2293 = EDGE_LOOP('',(#2294,#2295,#2303,#2311));
#2294 = ORIENTED_EDGE('',*,*,#1180,.F.);
#2295 = ORIENTED_EDGE('',*,*,#2296,.T.);
#2296 = EDGE_CURVE('',#1173,#2297,#2299,.T.);
#2297 = VERTEX_POINT('',#2298);
#2298 = CARTESIAN_POINT('',(7.884268862754,0.3517976515,2.846911478415)
  );
#2299 = LINE('',#2300,#2301);
#2300 = CARTESIAN_POINT('',(7.484268862754,0.3517976515,3.132625764129)
  );
#2301 = VECTOR('',#2302,1.);
#2302 = DIRECTION('',(-0.813733471207,0.,0.581238193719));
#2303 = ORIENTED_EDGE('',*,*,#2304,.T.);
#2304 = EDGE_CURVE('',#2297,#2305,#2307,.T.);
#2305 = VERTEX_POINT('',#2306);
#2306 = CARTESIAN_POINT('',(7.884268862754,-3.9482023485,2.846911478415)
  );
#2307 = LINE('',#2308,#2309);
#2308 = CARTESIAN_POINT('',(7.884268862754,1.0517976515,2.846911478415)
  );
#2309 = VECTOR('',#2310,1.);
#2310 = DIRECTION('',(0.,-1.,0.));
#2311 = ORIENTED_EDGE('',*,*,#2312,.T.);
#2312 = EDGE_CURVE('',#2305,#1181,#2313,.T.);
#2313 = LINE('',#2314,#2315);
#2314 = CARTESIAN_POINT('',(7.484268862754,-3.9482023485,3.132625764129)
  );
#2315 = VECTOR('',#2316,1.);
#2316 = DIRECTION('',(0.813733471207,0.,-0.581238193719));
#2317 = PLANE('',#2318);
#2318 = AXIS2_PLACEMENT_3D('',#2319,#2320,#2321);
#2319 = CARTESIAN_POINT('',(8.234268862754,0.3517976515,2.596911478415)
  );
#2320 = DIRECTION('',(-0.581238193719,0.,-0.813733471207));
#2321 = DIRECTION('',(-0.813733471207,0.,0.581238193719));
#2322 = ADVANCED_FACE('',(#2323),#2348,.T.);
#2323 = FACE_BOUND('',#2324,.T.);
#2324 = EDGE_LOOP('',(#2325,#2335,#2341,#2342));
#2325 = ORIENTED_EDGE('',*,*,#2326,.F.);
#2326 = EDGE_CURVE('',#2327,#2329,#2331,.T.);
#2327 = VERTEX_POINT('',#2328);
#2328 = CARTESIAN_POINT('',(11.334268862754,-0.5482023485,2.696911478415
    ));
#2329 = VERTEX_POINT('',#2330);
#2330 = CARTESIAN_POINT('',(11.334268862754,-0.5482023485,2.196911478415
    ));
#2331 = LINE('',#2332,#2333);
#2332 = CARTESIAN_POINT('',(11.334268862754,-0.5482023485,
    -7.553088521585));
#2333 = VECTOR('',#2334,1.);
#2334 = DIRECTION('',(0.,0.,-1.));
#2335 = ORIENTED_EDGE('',*,*,#2336,.T.);
#2336 = EDGE_CURVE('',#2327,#1492,#2337,.T.);
#2337 = LINE('',#2338,#2339);
#2338 = CARTESIAN_POINT('',(11.334268862754,0.8517976515,2.696911478415)
  );
#2339 = VECTOR('',#2340,1.);
#2340 = DIRECTION('',(0.,-1.,0.));
#2341 = ORIENTED_EDGE('',*,*,#1491,.T.);
#2342 = ORIENTED_EDGE('',*,*,#2343,.T.);
#2343 = EDGE_CURVE('',#1468,#2329,#2344,.T.);
#2344 = LINE('',#2345,#2346);
#2345 = CARTESIAN_POINT('',(11.334268862754,0.8517976515,2.196911478415)
  );
#2346 = VECTOR('',#2347,1.);
#2347 = DIRECTION('',(0.,1.,0.));
#2348 = PLANE('',#2349);
#2349 = AXIS2_PLACEMENT_3D('',#2350,#2351,#2352);
#2350 = CARTESIAN_POINT('',(11.334268862754,0.8517976515,2.696911478415)
  );
#2351 = DIRECTION('',(1.,0.,-0.));
#2352 = DIRECTION('',(0.,0.,1.));
#2353 = ADVANCED_FACE('',(#2354),#2375,.T.);
#2354 = FACE_BOUND('',#2355,.T.);
#2355 = EDGE_LOOP('',(#2356,#2357,#2363,#2369));
#2356 = ORIENTED_EDGE('',*,*,#761,.T.);
#2357 = ORIENTED_EDGE('',*,*,#2358,.F.);
#2358 = EDGE_CURVE('',#974,#752,#2359,.T.);
#2359 = LINE('',#2360,#2361);
#2360 = CARTESIAN_POINT('',(12.009268862754,0.8517976515,5.371911478415)
  );
#2361 = VECTOR('',#2362,1.);
#2362 = DIRECTION('',(-0.235702260396,0.942809041582,-0.235702260396));
#2363 = ORIENTED_EDGE('',*,*,#2364,.T.);
#2364 = EDGE_CURVE('',#974,#2258,#2365,.T.);
#2365 = LINE('',#2366,#2367);
#2366 = CARTESIAN_POINT('',(11.334268862754,3.5517976515,4.542971342958)
  );
#2367 = VECTOR('',#2368,1.);
#2368 = DIRECTION('',(0.,0.,-1.));
#2369 = ORIENTED_EDGE('',*,*,#2370,.F.);
#2370 = EDGE_CURVE('',#762,#2258,#2371,.T.);
#2371 = LINE('',#2372,#2373);
#2372 = CARTESIAN_POINT('',(12.009268862754,0.8517976515,3.521911478415)
  );
#2373 = VECTOR('',#2374,1.);
#2374 = DIRECTION('',(0.235702260396,-0.942809041582,-0.235702260396));
#2375 = PLANE('',#2376);
#2376 = AXIS2_PLACEMENT_3D('',#2377,#2378,#2379);
#2377 = CARTESIAN_POINT('',(11.284268862754,3.7517976515,4.446911478415)
  );
#2378 = DIRECTION('',(0.970142500145,0.242535625036,0.));
#2379 = DIRECTION('',(0.242535625036,-0.970142500145,3.36585794009E-17)
  );
#2380 = ADVANCED_FACE('',(#2381),#2392,.T.);
#2381 = FACE_BOUND('',#2382,.T.);
#2382 = EDGE_LOOP('',(#2383,#2384,#2385,#2391));
#2383 = ORIENTED_EDGE('',*,*,#2364,.F.);
#2384 = ORIENTED_EDGE('',*,*,#997,.T.);
#2385 = ORIENTED_EDGE('',*,*,#2386,.T.);
#2386 = EDGE_CURVE('',#990,#2266,#2387,.T.);
#2387 = LINE('',#2388,#2389);
#2388 = CARTESIAN_POINT('',(11.334268862754,1.0517976515,-7.553088521585
    ));
#2389 = VECTOR('',#2390,1.);
#2390 = DIRECTION('',(0.,0.,-1.));
#2391 = ORIENTED_EDGE('',*,*,#2265,.T.);
#2392 = PLANE('',#2393);
#2393 = AXIS2_PLACEMENT_3D('',#2394,#2395,#2396);
#2394 = CARTESIAN_POINT('',(11.334268862754,0.8517976515,4.696911478415)
  );
#2395 = DIRECTION('',(1.,0.,-0.));
#2396 = DIRECTION('',(0.,0.,1.));
#2397 = ADVANCED_FACE('',(#2398),#2423,.T.);
#2398 = FACE_BOUND('',#2399,.T.);
#2399 = EDGE_LOOP('',(#2400,#2401,#2409,#2417));
#2400 = ORIENTED_EDGE('',*,*,#1037,.F.);
#2401 = ORIENTED_EDGE('',*,*,#2402,.F.);
#2402 = EDGE_CURVE('',#2403,#1030,#2405,.T.);
#2403 = VERTEX_POINT('',#2404);
#2404 = CARTESIAN_POINT('',(8.234268862754,0.3517976515,10.596911478415)
  );
#2405 = LINE('',#2406,#2407);
#2406 = CARTESIAN_POINT('',(8.234268862754,0.3517976515,0.446911478415)
  );
#2407 = VECTOR('',#2408,1.);
#2408 = DIRECTION('',(1.233581138472E-16,0.,-1.));
#2409 = ORIENTED_EDGE('',*,*,#2410,.T.);
#2410 = EDGE_CURVE('',#2403,#2411,#2413,.T.);
#2411 = VERTEX_POINT('',#2412);
#2412 = CARTESIAN_POINT('',(8.234268862754,-3.9482023485,10.596911478415
    ));
#2413 = LINE('',#2414,#2415);
#2414 = CARTESIAN_POINT('',(8.234268862754,1.0517976515,10.596911478415)
  );
#2415 = VECTOR('',#2416,1.);
#2416 = DIRECTION('',(0.,-1.,0.));
#2417 = ORIENTED_EDGE('',*,*,#2418,.T.);
#2418 = EDGE_CURVE('',#2411,#1012,#2419,.T.);
#2419 = LINE('',#2420,#2421);
#2420 = CARTESIAN_POINT('',(8.234268862754,-3.9482023485,-7.553088521585
    ));
#2421 = VECTOR('',#2422,1.);
#2422 = DIRECTION('',(1.233581138472E-16,0.,-1.));
#2423 = PLANE('',#2424);
#2424 = AXIS2_PLACEMENT_3D('',#2425,#2426,#2427);
#2425 = CARTESIAN_POINT('',(8.234268862754,0.3517976515,10.596911478415)
  );
#2426 = DIRECTION('',(1.,-0.,1.233581138472E-16));
#2427 = DIRECTION('',(1.233581138472E-16,0.,-1.));
#2428 = ADVANCED_FACE('',(#2429),#2447,.F.);
#2429 = FACE_BOUND('',#2430,.T.);
#2430 = EDGE_LOOP('',(#2431,#2432,#2433,#2441));
#2431 = ORIENTED_EDGE('',*,*,#1920,.F.);
#2432 = ORIENTED_EDGE('',*,*,#1889,.F.);
#2433 = ORIENTED_EDGE('',*,*,#2434,.F.);
#2434 = EDGE_CURVE('',#2435,#1890,#2437,.T.);
#2435 = VERTEX_POINT('',#2436);
#2436 = CARTESIAN_POINT('',(11.234268862754,-3.6482023485,4.596911478415
    ));
#2437 = LINE('',#2438,#2439);
#2438 = CARTESIAN_POINT('',(11.234268862754,-3.6482023485,4.542971342958
    ));
#2439 = VECTOR('',#2440,1.);
#2440 = DIRECTION('',(0.,0.,-1.));
#2441 = ORIENTED_EDGE('',*,*,#2442,.F.);
#2442 = EDGE_CURVE('',#1921,#2435,#2443,.T.);
#2443 = LINE('',#2444,#2445);
#2444 = CARTESIAN_POINT('',(8.209531969062,-3.6482023485,4.596911478415)
  );
#2445 = VECTOR('',#2446,1.);
#2446 = DIRECTION('',(1.,0.,-2.413528314403E-16));
#2447 = PLANE('',#2448);
#2448 = AXIS2_PLACEMENT_3D('',#2449,#2450,#2451);
#2449 = CARTESIAN_POINT('',(8.209531969062,-3.6482023485,4.542971342958)
  );
#2450 = DIRECTION('',(0.,1.,-0.));
#2451 = DIRECTION('',(-1.,0.,0.));
#2452 = ADVANCED_FACE('',(#2453),#2478,.T.);
#2453 = FACE_BOUND('',#2454,.T.);
#2454 = EDGE_LOOP('',(#2455,#2463,#2471,#2477));
#2455 = ORIENTED_EDGE('',*,*,#2456,.F.);
#2456 = EDGE_CURVE('',#2457,#1637,#2459,.T.);
#2457 = VERTEX_POINT('',#2458);
#2458 = CARTESIAN_POINT('',(11.334268862754,-0.5482023485,4.696911478415
    ));
#2459 = LINE('',#2460,#2461);
#2460 = CARTESIAN_POINT('',(11.334268862754,-0.5482023485,
    -7.553088521585));
#2461 = VECTOR('',#2462,1.);
#2462 = DIRECTION('',(0.,0.,-1.));
#2463 = ORIENTED_EDGE('',*,*,#2464,.T.);
#2464 = EDGE_CURVE('',#2457,#2465,#2467,.T.);
#2465 = VERTEX_POINT('',#2466);
#2466 = CARTESIAN_POINT('',(11.334268862754,-3.2482023485,4.696911478415
    ));
#2467 = LINE('',#2468,#2469);
#2468 = CARTESIAN_POINT('',(11.334268862754,0.8517976515,4.696911478415)
  );
#2469 = VECTOR('',#2470,1.);
#2470 = DIRECTION('',(0.,-1.,0.));
#2471 = ORIENTED_EDGE('',*,*,#2472,.T.);
#2472 = EDGE_CURVE('',#2465,#1647,#2473,.T.);
#2473 = LINE('',#2474,#2475);
#2474 = CARTESIAN_POINT('',(11.334268862754,-3.2482023485,4.542971342958
    ));
#2475 = VECTOR('',#2476,1.);
#2476 = DIRECTION('',(0.,0.,-1.));
#2477 = ORIENTED_EDGE('',*,*,#1646,.T.);
#2478 = PLANE('',#2479);
#2479 = AXIS2_PLACEMENT_3D('',#2480,#2481,#2482);
#2480 = CARTESIAN_POINT('',(11.334268862754,0.8517976515,4.696911478415)
  );
#2481 = DIRECTION('',(1.,0.,-0.));
#2482 = DIRECTION('',(0.,0.,1.));
#2483 = ADVANCED_FACE('',(#2484),#2509,.F.);
#2484 = FACE_BOUND('',#2485,.T.);
#2485 = EDGE_LOOP('',(#2486,#2487,#2495,#2503));
#2486 = ORIENTED_EDGE('',*,*,#499,.T.);
#2487 = ORIENTED_EDGE('',*,*,#2488,.T.);
#2488 = EDGE_CURVE('',#492,#2489,#2491,.T.);
#2489 = VERTEX_POINT('',#2490);
#2490 = CARTESIAN_POINT('',(7.884268862754,0.3517976515,4.846911478415)
  );
#2491 = LINE('',#2492,#2493);
#2492 = CARTESIAN_POINT('',(7.484268862754,0.3517976515,5.132625764129)
  );
#2493 = VECTOR('',#2494,1.);
#2494 = DIRECTION('',(-0.813733471207,0.,0.581238193719));
#2495 = ORIENTED_EDGE('',*,*,#2496,.T.);
#2496 = EDGE_CURVE('',#2489,#2497,#2499,.T.);
#2497 = VERTEX_POINT('',#2498);
#2498 = CARTESIAN_POINT('',(7.884268862754,-3.9482023485,4.846911478415)
  );
#2499 = LINE('',#2500,#2501);
#2500 = CARTESIAN_POINT('',(7.884268862754,1.0517976515,4.846911478415)
  );
#2501 = VECTOR('',#2502,1.);
#2502 = DIRECTION('',(0.,-1.,0.));
#2503 = ORIENTED_EDGE('',*,*,#2504,.T.);
#2504 = EDGE_CURVE('',#2497,#500,#2505,.T.);
#2505 = LINE('',#2506,#2507);
#2506 = CARTESIAN_POINT('',(7.484268862754,-3.9482023485,5.132625764129)
  );
#2507 = VECTOR('',#2508,1.);
#2508 = DIRECTION('',(0.813733471207,0.,-0.581238193719));
#2509 = PLANE('',#2510);
#2510 = AXIS2_PLACEMENT_3D('',#2511,#2512,#2513);
#2511 = CARTESIAN_POINT('',(8.234268862754,0.3517976515,4.596911478415)
  );
#2512 = DIRECTION('',(-0.581238193719,0.,-0.813733471207));
#2513 = DIRECTION('',(-0.813733471207,0.,0.581238193719));
#2514 = ADVANCED_FACE('',(#2515),#2531,.T.);
#2515 = FACE_BOUND('',#2516,.T.);
#2516 = EDGE_LOOP('',(#2517,#2518,#2524,#2525));
#2517 = ORIENTED_EDGE('',*,*,#2111,.T.);
#2518 = ORIENTED_EDGE('',*,*,#2519,.T.);
#2519 = EDGE_CURVE('',#2104,#1123,#2520,.T.);
#2520 = LINE('',#2521,#2522);
#2521 = CARTESIAN_POINT('',(12.009268862754,0.8517976515,5.521911478415)
  );
#2522 = VECTOR('',#2523,1.);
#2523 = DIRECTION('',(0.235702260396,-0.942809041582,-0.235702260396));
#2524 = ORIENTED_EDGE('',*,*,#1122,.T.);
#2525 = ORIENTED_EDGE('',*,*,#2526,.T.);
#2526 = EDGE_CURVE('',#1125,#2112,#2527,.T.);
#2527 = LINE('',#2528,#2529);
#2528 = CARTESIAN_POINT('',(10.159268862754,0.8517976515,5.521911478415)
  );
#2529 = VECTOR('',#2530,1.);
#2530 = DIRECTION('',(0.235702260396,0.942809041582,0.235702260396));
#2531 = PLANE('',#2532);
#2532 = AXIS2_PLACEMENT_3D('',#2533,#2534,#2535);
#2533 = CARTESIAN_POINT('',(11.084268862754,3.7517976515,6.246911478415)
  );
#2534 = DIRECTION('',(-2.341466393106E-16,0.242535625036,-0.970142500145
    ));
#2535 = DIRECTION('',(0.,-0.970142500145,-0.242535625036));
#2536 = ADVANCED_FACE('',(#2537),#2553,.T.);
#2537 = FACE_BOUND('',#2538,.T.);
#2538 = EDGE_LOOP('',(#2539,#2540,#2541,#2547));
#2539 = ORIENTED_EDGE('',*,*,#2119,.T.);
#2540 = ORIENTED_EDGE('',*,*,#2526,.F.);
#2541 = ORIENTED_EDGE('',*,*,#2542,.T.);
#2542 = EDGE_CURVE('',#1125,#2227,#2543,.T.);
#2543 = LINE('',#2544,#2545);
#2544 = CARTESIAN_POINT('',(10.834268862754,3.5517976515,6.542971342958)
  );
#2545 = VECTOR('',#2546,1.);
#2546 = DIRECTION('',(0.,0.,1.));
#2547 = ORIENTED_EDGE('',*,*,#2548,.F.);
#2548 = EDGE_CURVE('',#2096,#2227,#2549,.T.);
#2549 = LINE('',#2550,#2551);
#2550 = CARTESIAN_POINT('',(10.159268862754,0.8517976515,7.371911478415)
  );
#2551 = VECTOR('',#2552,1.);
#2552 = DIRECTION('',(-0.235702260396,-0.942809041582,0.235702260396));
#2553 = PLANE('',#2554);
#2554 = AXIS2_PLACEMENT_3D('',#2555,#2556,#2557);
#2555 = CARTESIAN_POINT('',(10.884268862754,3.7517976515,6.446911478415)
  );
#2556 = DIRECTION('',(-0.970142500145,0.242535625036,0.));
#2557 = DIRECTION('',(-0.242535625036,-0.970142500145,3.36585794009E-17)
  );
#2558 = ADVANCED_FACE('',(#2559),#2575,.F.);
#2559 = FACE_BOUND('',#2560,.T.);
#2560 = EDGE_LOOP('',(#2561,#2567,#2568,#2574));
#2561 = ORIENTED_EDGE('',*,*,#2562,.F.);
#2562 = EDGE_CURVE('',#1741,#1952,#2563,.T.);
#2563 = LINE('',#2564,#2565);
#2564 = CARTESIAN_POINT('',(10.934268862754,-3.6482023485,6.542971342958
    ));
#2565 = VECTOR('',#2566,1.);
#2566 = DIRECTION('',(0.,0.,1.));
#2567 = ORIENTED_EDGE('',*,*,#1738,.F.);
#2568 = ORIENTED_EDGE('',*,*,#2569,.F.);
#2569 = EDGE_CURVE('',#1954,#1739,#2570,.T.);
#2570 = LINE('',#2571,#2572);
#2571 = CARTESIAN_POINT('',(11.234268862754,-3.6482023485,6.542971342958
    ));
#2572 = VECTOR('',#2573,1.);
#2573 = DIRECTION('',(0.,0.,-1.));
#2574 = ORIENTED_EDGE('',*,*,#1951,.F.);
#2575 = PLANE('',#2576);
#2576 = AXIS2_PLACEMENT_3D('',#2577,#2578,#2579);
#2577 = CARTESIAN_POINT('',(8.209531969062,-3.6482023485,6.542971342958)
  );
#2578 = DIRECTION('',(0.,1.,-0.));
#2579 = DIRECTION('',(-1.,0.,0.));
#2580 = ADVANCED_FACE('',(#2581),#2606,.F.);
#2581 = FACE_BOUND('',#2582,.T.);
#2582 = EDGE_LOOP('',(#2583,#2593,#2599,#2600));
#2583 = ORIENTED_EDGE('',*,*,#2584,.T.);
#2584 = EDGE_CURVE('',#2585,#2587,#2589,.T.);
#2585 = VERTEX_POINT('',#2586);
#2586 = CARTESIAN_POINT('',(10.934268862754,-3.6482023485,8.296911478415
    ));
#2587 = VERTEX_POINT('',#2588);
#2588 = CARTESIAN_POINT('',(10.934268862754,-3.6482023485,8.596911478415
    ));
#2589 = LINE('',#2590,#2591);
#2590 = CARTESIAN_POINT('',(10.934268862754,-3.6482023485,8.542971342958
    ));
#2591 = VECTOR('',#2592,1.);
#2592 = DIRECTION('',(0.,0.,1.));
#2593 = ORIENTED_EDGE('',*,*,#2594,.T.);
#2594 = EDGE_CURVE('',#2587,#2010,#2595,.T.);
#2595 = LINE('',#2596,#2597);
#2596 = CARTESIAN_POINT('',(9.809268862754,0.8517976515,9.721911478415)
  );
#2597 = VECTOR('',#2598,1.);
#2598 = DIRECTION('',(-0.235702260396,0.942809041582,0.235702260396));
#2599 = ORIENTED_EDGE('',*,*,#2009,.F.);
#2600 = ORIENTED_EDGE('',*,*,#2601,.T.);
#2601 = EDGE_CURVE('',#2002,#2585,#2602,.T.);
#2602 = LINE('',#2603,#2604);
#2603 = CARTESIAN_POINT('',(9.809268862754,0.8517976515,7.171911478415)
  );
#2604 = VECTOR('',#2605,1.);
#2605 = DIRECTION('',(0.235702260396,-0.942809041582,0.235702260396));
#2606 = PLANE('',#2607);
#2607 = AXIS2_PLACEMENT_3D('',#2608,#2609,#2610);
#2608 = CARTESIAN_POINT('',(10.884268862754,-3.4482023485,8.446911478415
    ));
#2609 = DIRECTION('',(0.970142500145,0.242535625036,-0.));
#2610 = DIRECTION('',(-0.242535625036,0.970142500145,3.36585794009E-17)
  );
#2611 = ADVANCED_FACE('',(#2612),#2646,.T.);
#2612 = FACE_BOUND('',#2613,.T.);
#2613 = EDGE_LOOP('',(#2614,#2624,#2632,#2640));
#2614 = ORIENTED_EDGE('',*,*,#2615,.T.);
#2615 = EDGE_CURVE('',#2616,#2618,#2620,.T.);
#2616 = VERTEX_POINT('',#2617);
#2617 = CARTESIAN_POINT('',(10.934268862754,3.9517976515,-1.403088521585
    ));
#2618 = VERTEX_POINT('',#2619);
#2619 = CARTESIAN_POINT('',(10.934268862754,3.9517976515,-1.703088521585
    ));
#2620 = LINE('',#2621,#2622);
#2621 = CARTESIAN_POINT('',(10.934268862754,3.9517976515,-1.457028657042
    ));
#2622 = VECTOR('',#2623,1.);
#2623 = DIRECTION('',(0.,0.,-1.));
#2624 = ORIENTED_EDGE('',*,*,#2625,.F.);
#2625 = EDGE_CURVE('',#2626,#2618,#2628,.T.);
#2626 = VERTEX_POINT('',#2627);
#2627 = CARTESIAN_POINT('',(10.834268862754,3.5517976515,-1.803088521585
    ));
#2628 = LINE('',#2629,#2630);
#2629 = CARTESIAN_POINT('',(10.159268862754,0.8517976515,-2.478088521585
    ));
#2630 = VECTOR('',#2631,1.);
#2631 = DIRECTION('',(0.235702260396,0.942809041582,0.235702260396));
#2632 = ORIENTED_EDGE('',*,*,#2633,.T.);
#2633 = EDGE_CURVE('',#2626,#2634,#2636,.T.);
#2634 = VERTEX_POINT('',#2635);
#2635 = CARTESIAN_POINT('',(10.834268862754,3.5517976515,-1.303088521585
    ));
#2636 = LINE('',#2637,#2638);
#2637 = CARTESIAN_POINT('',(10.834268862754,3.5517976515,-1.457028657042
    ));
#2638 = VECTOR('',#2639,1.);
#2639 = DIRECTION('',(0.,0.,1.));
#2640 = ORIENTED_EDGE('',*,*,#2641,.F.);
#2641 = EDGE_CURVE('',#2616,#2634,#2642,.T.);
#2642 = LINE('',#2643,#2644);
#2643 = CARTESIAN_POINT('',(10.159268862754,0.8517976515,-0.628088521585
    ));
#2644 = VECTOR('',#2645,1.);
#2645 = DIRECTION('',(-0.235702260396,-0.942809041582,0.235702260396));
#2646 = PLANE('',#2647);
#2647 = AXIS2_PLACEMENT_3D('',#2648,#2649,#2650);
#2648 = CARTESIAN_POINT('',(10.884268862754,3.7517976515,-1.553088521585
    ));
#2649 = DIRECTION('',(-0.970142500145,0.242535625036,0.));
#2650 = DIRECTION('',(-0.242535625036,-0.970142500145,3.36585794009E-17)
  );
#2651 = ADVANCED_FACE('',(#2652),#2686,.T.);
#2652 = FACE_BOUND('',#2653,.T.);
#2653 = EDGE_LOOP('',(#2654,#2664,#2672,#2680));
#2654 = ORIENTED_EDGE('',*,*,#2655,.T.);
#2655 = EDGE_CURVE('',#2656,#2658,#2660,.T.);
#2656 = VERTEX_POINT('',#2657);
#2657 = CARTESIAN_POINT('',(8.234268862754,-3.9482023485,8.296911478415)
  );
#2658 = VERTEX_POINT('',#2659);
#2659 = CARTESIAN_POINT('',(8.234268862754,0.3517976515,8.296911478415)
  );
#2660 = LINE('',#2661,#2662);
#2661 = CARTESIAN_POINT('',(8.234268862754,1.0517976515,8.296911478415)
  );
#2662 = VECTOR('',#2663,1.);
#2663 = DIRECTION('',(0.,1.,0.));
#2664 = ORIENTED_EDGE('',*,*,#2665,.F.);
#2665 = EDGE_CURVE('',#2666,#2658,#2668,.T.);
#2666 = VERTEX_POINT('',#2667);
#2667 = CARTESIAN_POINT('',(8.234268862754,0.3517976515,8.596911478415)
  );
#2668 = LINE('',#2669,#2670);
#2669 = CARTESIAN_POINT('',(8.234268862754,0.3517976515,-1.553088521585)
  );
#2670 = VECTOR('',#2671,1.);
#2671 = DIRECTION('',(1.233581138472E-16,0.,-1.));
#2672 = ORIENTED_EDGE('',*,*,#2673,.F.);
#2673 = EDGE_CURVE('',#2674,#2666,#2676,.T.);
#2674 = VERTEX_POINT('',#2675);
#2675 = CARTESIAN_POINT('',(8.234268862754,-3.9482023485,8.596911478415)
  );
#2676 = LINE('',#2677,#2678);
#2677 = CARTESIAN_POINT('',(8.234268862754,1.0517976515,8.596911478415)
  );
#2678 = VECTOR('',#2679,1.);
#2679 = DIRECTION('',(0.,1.,0.));
#2680 = ORIENTED_EDGE('',*,*,#2681,.T.);
#2681 = EDGE_CURVE('',#2674,#2656,#2682,.T.);
#2682 = LINE('',#2683,#2684);
#2683 = CARTESIAN_POINT('',(8.234268862754,-3.9482023485,-7.553088521585
    ));
#2684 = VECTOR('',#2685,1.);
#2685 = DIRECTION('',(1.233581138472E-16,0.,-1.));
#2686 = PLANE('',#2687);
#2687 = AXIS2_PLACEMENT_3D('',#2688,#2689,#2690);
#2688 = CARTESIAN_POINT('',(8.234268862754,0.3517976515,8.596911478415)
  );
#2689 = DIRECTION('',(1.,-0.,1.233581138472E-16));
#2690 = DIRECTION('',(1.233581138472E-16,0.,-1.));
#2691 = ADVANCED_FACE('',(#2692),#2717,.F.);
#2692 = FACE_BOUND('',#2693,.T.);
#2693 = EDGE_LOOP('',(#2694,#2695,#2703,#2711));
#2694 = ORIENTED_EDGE('',*,*,#2584,.F.);
#2695 = ORIENTED_EDGE('',*,*,#2696,.F.);
#2696 = EDGE_CURVE('',#2697,#2585,#2699,.T.);
#2697 = VERTEX_POINT('',#2698);
#2698 = CARTESIAN_POINT('',(11.234268862754,-3.6482023485,8.296911478415
    ));
#2699 = LINE('',#2700,#2701);
#2700 = CARTESIAN_POINT('',(8.209531969062,-3.6482023485,8.296911478415)
  );
#2701 = VECTOR('',#2702,1.);
#2702 = DIRECTION('',(-1.,0.,2.413528314403E-16));
#2703 = ORIENTED_EDGE('',*,*,#2704,.F.);
#2704 = EDGE_CURVE('',#2705,#2697,#2707,.T.);
#2705 = VERTEX_POINT('',#2706);
#2706 = CARTESIAN_POINT('',(11.234268862754,-3.6482023485,8.596911478415
    ));
#2707 = LINE('',#2708,#2709);
#2708 = CARTESIAN_POINT('',(11.234268862754,-3.6482023485,8.542971342958
    ));
#2709 = VECTOR('',#2710,1.);
#2710 = DIRECTION('',(0.,0.,-1.));
#2711 = ORIENTED_EDGE('',*,*,#2712,.F.);
#2712 = EDGE_CURVE('',#2587,#2705,#2713,.T.);
#2713 = LINE('',#2714,#2715);
#2714 = CARTESIAN_POINT('',(8.209531969062,-3.6482023485,8.596911478415)
  );
#2715 = VECTOR('',#2716,1.);
#2716 = DIRECTION('',(1.,0.,-2.413528314403E-16));
#2717 = PLANE('',#2718);
#2718 = AXIS2_PLACEMENT_3D('',#2719,#2720,#2721);
#2719 = CARTESIAN_POINT('',(8.209531969062,-3.6482023485,8.542971342958)
  );
#2720 = DIRECTION('',(0.,1.,-0.));
#2721 = DIRECTION('',(-1.,0.,0.));
#2722 = ADVANCED_FACE('',(#2723),#2741,.T.);
#2723 = FACE_BOUND('',#2724,.T.);
#2724 = EDGE_LOOP('',(#2725,#2733,#2734,#2735));
#2725 = ORIENTED_EDGE('',*,*,#2726,.F.);
#2726 = EDGE_CURVE('',#2329,#2727,#2729,.T.);
#2727 = VERTEX_POINT('',#2728);
#2728 = CARTESIAN_POINT('',(10.834268862754,-0.5482023485,2.196911478415
    ));
#2729 = LINE('',#2730,#2731);
#2730 = CARTESIAN_POINT('',(7.484268862754,-0.5482023485,2.196911478415)
  );
#2731 = VECTOR('',#2732,1.);
#2732 = DIRECTION('',(-1.,0.,2.413528314403E-16));
#2733 = ORIENTED_EDGE('',*,*,#2343,.F.);
#2734 = ORIENTED_EDGE('',*,*,#1467,.T.);
#2735 = ORIENTED_EDGE('',*,*,#2736,.F.);
#2736 = EDGE_CURVE('',#2727,#218,#2737,.T.);
#2737 = LINE('',#2738,#2739);
#2738 = CARTESIAN_POINT('',(10.834268862754,0.8517976515,2.196911478415)
  );
#2739 = VECTOR('',#2740,1.);
#2740 = DIRECTION('',(0.,-1.,0.));
#2741 = PLANE('',#2742);
#2742 = AXIS2_PLACEMENT_3D('',#2743,#2744,#2745);
#2743 = CARTESIAN_POINT('',(11.334268862754,0.8517976515,2.196911478415)
  );
#2744 = DIRECTION('',(-2.413528314403E-16,-0.,-1.));
#2745 = DIRECTION('',(1.,0.,-2.413528314403E-16));
#2746 = ADVANCED_FACE('',(#2747),#2777,.T.);
#2747 = FACE_BOUND('',#2748,.T.);
#2748 = EDGE_LOOP('',(#2749,#2755,#2763,#2771));
#2749 = ORIENTED_EDGE('',*,*,#2750,.F.);
#2750 = EDGE_CURVE('',#810,#2626,#2751,.T.);
#2751 = LINE('',#2752,#2753);
#2752 = CARTESIAN_POINT('',(8.209531969062,3.5517976515,-1.803088521585)
  );
#2753 = VECTOR('',#2754,1.);
#2754 = DIRECTION('',(-1.,1.016424011296E-31,2.413528314403E-16));
#2755 = ORIENTED_EDGE('',*,*,#2756,.F.);
#2756 = EDGE_CURVE('',#2757,#810,#2759,.T.);
#2757 = VERTEX_POINT('',#2758);
#2758 = CARTESIAN_POINT('',(11.334268862754,1.0517976515,-1.803088521585
    ));
#2759 = LINE('',#2760,#2761);
#2760 = CARTESIAN_POINT('',(11.334268862754,0.8517976515,-1.803088521585
    ));
#2761 = VECTOR('',#2762,1.);
#2762 = DIRECTION('',(0.,1.,0.));
#2763 = ORIENTED_EDGE('',*,*,#2764,.T.);
#2764 = EDGE_CURVE('',#2757,#2765,#2767,.T.);
#2765 = VERTEX_POINT('',#2766);
#2766 = CARTESIAN_POINT('',(10.834268862754,1.0517976515,-1.803088521585
    ));
#2767 = LINE('',#2768,#2769);
#2768 = CARTESIAN_POINT('',(7.484268862754,1.0517976515,-1.803088521585)
  );
#2769 = VECTOR('',#2770,1.);
#2770 = DIRECTION('',(-1.,0.,2.413528314403E-16));
#2771 = ORIENTED_EDGE('',*,*,#2772,.F.);
#2772 = EDGE_CURVE('',#2626,#2765,#2773,.T.);
#2773 = LINE('',#2774,#2775);
#2774 = CARTESIAN_POINT('',(10.834268862754,0.8517976515,-1.803088521585
    ));
#2775 = VECTOR('',#2776,1.);
#2776 = DIRECTION('',(0.,-1.,0.));
#2777 = PLANE('',#2778);
#2778 = AXIS2_PLACEMENT_3D('',#2779,#2780,#2781);
#2779 = CARTESIAN_POINT('',(11.334268862754,0.8517976515,-1.803088521585
    ));
#2780 = DIRECTION('',(-2.413528314403E-16,-0.,-1.));
#2781 = DIRECTION('',(1.,0.,-2.413528314403E-16));
#2782 = ADVANCED_FACE('',(#2783),#2801,.T.);
#2783 = FACE_BOUND('',#2784,.T.);
#2784 = EDGE_LOOP('',(#2785,#2793,#2794,#2795));
#2785 = ORIENTED_EDGE('',*,*,#2786,.F.);
#2786 = EDGE_CURVE('',#1639,#2787,#2789,.T.);
#2787 = VERTEX_POINT('',#2788);
#2788 = CARTESIAN_POINT('',(10.834268862754,-0.5482023485,4.696911478415
    ));
#2789 = LINE('',#2790,#2791);
#2790 = CARTESIAN_POINT('',(10.834268862754,-0.5482023485,
    -7.553088521585));
#2791 = VECTOR('',#2792,1.);
#2792 = DIRECTION('',(0.,0.,1.));
#2793 = ORIENTED_EDGE('',*,*,#1662,.T.);
#2794 = ORIENTED_EDGE('',*,*,#1936,.T.);
#2795 = ORIENTED_EDGE('',*,*,#2796,.T.);
#2796 = EDGE_CURVE('',#1929,#2787,#2797,.T.);
#2797 = LINE('',#2798,#2799);
#2798 = CARTESIAN_POINT('',(10.834268862754,0.8517976515,4.696911478415)
  );
#2799 = VECTOR('',#2800,1.);
#2800 = DIRECTION('',(0.,1.,0.));
#2801 = PLANE('',#2802);
#2802 = AXIS2_PLACEMENT_3D('',#2803,#2804,#2805);
#2803 = CARTESIAN_POINT('',(10.834268862754,0.8517976515,4.196911478415)
  );
#2804 = DIRECTION('',(-1.,-0.,-0.));
#2805 = DIRECTION('',(0.,0.,-1.));
#2806 = ADVANCED_FACE('',(#2807),#2825,.T.);
#2807 = FACE_BOUND('',#2808,.T.);
#2808 = EDGE_LOOP('',(#2809,#2810,#2811,#2819));
#2809 = ORIENTED_EDGE('',*,*,#1874,.F.);
#2810 = ORIENTED_EDGE('',*,*,#438,.T.);
#2811 = ORIENTED_EDGE('',*,*,#2812,.T.);
#2812 = EDGE_CURVE('',#431,#2813,#2815,.T.);
#2813 = VERTEX_POINT('',#2814);
#2814 = CARTESIAN_POINT('',(10.834268862754,1.0517976515,0.696911478415)
  );
#2815 = LINE('',#2816,#2817);
#2816 = CARTESIAN_POINT('',(10.834268862754,1.0517976515,-7.553088521585
    ));
#2817 = VECTOR('',#2818,1.);
#2818 = DIRECTION('',(0.,0.,1.));
#2819 = ORIENTED_EDGE('',*,*,#2820,.T.);
#2820 = EDGE_CURVE('',#2813,#250,#2821,.T.);
#2821 = LINE('',#2822,#2823);
#2822 = CARTESIAN_POINT('',(10.834268862754,0.8517976515,0.696911478415)
  );
#2823 = VECTOR('',#2824,1.);
#2824 = DIRECTION('',(0.,1.,0.));
#2825 = PLANE('',#2826);
#2826 = AXIS2_PLACEMENT_3D('',#2827,#2828,#2829);
#2827 = CARTESIAN_POINT('',(10.834268862754,0.8517976515,0.196911478415)
  );
#2828 = DIRECTION('',(-1.,-0.,-0.));
#2829 = DIRECTION('',(0.,0.,-1.));
#2830 = ADVANCED_FACE('',(#2831),#2842,.T.);
#2831 = FACE_BOUND('',#2832,.T.);
#2832 = EDGE_LOOP('',(#2833,#2834,#2835,#2836));
#2833 = ORIENTED_EDGE('',*,*,#2093,.T.);
#2834 = ORIENTED_EDGE('',*,*,#2548,.T.);
#2835 = ORIENTED_EDGE('',*,*,#2226,.T.);
#2836 = ORIENTED_EDGE('',*,*,#2837,.T.);
#2837 = EDGE_CURVE('',#2134,#2094,#2838,.T.);
#2838 = LINE('',#2839,#2840);
#2839 = CARTESIAN_POINT('',(12.009268862754,0.8517976515,7.371911478415)
  );
#2840 = VECTOR('',#2841,1.);
#2841 = DIRECTION('',(-0.235702260396,0.942809041582,-0.235702260396));
#2842 = PLANE('',#2843);
#2843 = AXIS2_PLACEMENT_3D('',#2844,#2845,#2846);
#2844 = CARTESIAN_POINT('',(11.084268862754,3.7517976515,6.646911478415)
  );
#2845 = DIRECTION('',(2.341466393106E-16,0.242535625036,0.970142500145)
  );
#2846 = DIRECTION('',(0.,-0.970142500145,0.242535625036));
#2847 = ADVANCED_FACE('',(#2848),#2873,.F.);
#2848 = FACE_BOUND('',#2849,.T.);
#2849 = EDGE_LOOP('',(#2850,#2860,#2866,#2867));
#2850 = ORIENTED_EDGE('',*,*,#2851,.T.);
#2851 = EDGE_CURVE('',#2852,#2854,#2856,.T.);
#2852 = VERTEX_POINT('',#2853);
#2853 = CARTESIAN_POINT('',(11.234268862754,-3.6482023485,
    10.596911478415));
#2854 = VERTEX_POINT('',#2855);
#2855 = CARTESIAN_POINT('',(11.234268862754,-3.6482023485,
    10.296911478415));
#2856 = LINE('',#2857,#2858);
#2857 = CARTESIAN_POINT('',(11.234268862754,-3.6482023485,
    10.542971342958));
#2858 = VECTOR('',#2859,1.);
#2859 = DIRECTION('',(0.,0.,-1.));
#2860 = ORIENTED_EDGE('',*,*,#2861,.T.);
#2861 = EDGE_CURVE('',#2854,#1717,#2862,.T.);
#2862 = LINE('',#2863,#2864);
#2863 = CARTESIAN_POINT('',(12.359268862754,0.8517976515,9.171911478415)
  );
#2864 = VECTOR('',#2865,1.);
#2865 = DIRECTION('',(0.235702260396,0.942809041582,-0.235702260396));
#2866 = ORIENTED_EDGE('',*,*,#1716,.F.);
#2867 = ORIENTED_EDGE('',*,*,#2868,.F.);
#2868 = EDGE_CURVE('',#2852,#1299,#2869,.T.);
#2869 = LINE('',#2870,#2871);
#2870 = CARTESIAN_POINT('',(12.359268862754,0.8517976515,11.721911478415
    ));
#2871 = VECTOR('',#2872,1.);
#2872 = DIRECTION('',(0.235702260396,0.942809041582,0.235702260396));
#2873 = PLANE('',#2874);
#2874 = AXIS2_PLACEMENT_3D('',#2875,#2876,#2877);
#2875 = CARTESIAN_POINT('',(11.284268862754,-3.4482023485,
    10.496911478415));
#2876 = DIRECTION('',(-0.970142500145,0.242535625036,0.));
#2877 = DIRECTION('',(0.242535625036,0.970142500145,3.36585794009E-17));
#2878 = ADVANCED_FACE('',(#2879),#2902,.T.);
#2879 = FACE_BOUND('',#2880,.T.);
#2880 = EDGE_LOOP('',(#2881,#2889,#2895,#2901));
#2881 = ORIENTED_EDGE('',*,*,#2882,.F.);
#2882 = EDGE_CURVE('',#2883,#2327,#2885,.T.);
#2883 = VERTEX_POINT('',#2884);
#2884 = CARTESIAN_POINT('',(10.834268862754,-0.5482023485,2.696911478415
    ));
#2885 = LINE('',#2886,#2887);
#2886 = CARTESIAN_POINT('',(7.484268862754,-0.5482023485,2.696911478415)
  );
#2887 = VECTOR('',#2888,1.);
#2888 = DIRECTION('',(1.,0.,-2.413528314403E-16));
#2889 = ORIENTED_EDGE('',*,*,#2890,.F.);
#2890 = EDGE_CURVE('',#210,#2883,#2891,.T.);
#2891 = LINE('',#2892,#2893);
#2892 = CARTESIAN_POINT('',(10.834268862754,0.8517976515,2.696911478415)
  );
#2893 = VECTOR('',#2894,1.);
#2894 = DIRECTION('',(0.,1.,0.));
#2895 = ORIENTED_EDGE('',*,*,#2896,.T.);
#2896 = EDGE_CURVE('',#210,#1492,#2897,.T.);
#2897 = LINE('',#2898,#2899);
#2898 = CARTESIAN_POINT('',(8.209531969062,-3.2482023485,2.696911478415)
  );
#2899 = VECTOR('',#2900,1.);
#2900 = DIRECTION('',(1.,-6.352650070599E-33,-2.413528314403E-16));
#2901 = ORIENTED_EDGE('',*,*,#2336,.F.);
#2902 = PLANE('',#2903);
#2903 = AXIS2_PLACEMENT_3D('',#2904,#2905,#2906);
#2904 = CARTESIAN_POINT('',(10.834268862754,0.8517976515,2.696911478415)
  );
#2905 = DIRECTION('',(2.413528314403E-16,0.,1.));
#2906 = DIRECTION('',(-1.,0.,2.413528314403E-16));
#2907 = ADVANCED_FACE('',(#2908),#2933,.T.);
#2908 = FACE_BOUND('',#2909,.T.);
#2909 = EDGE_LOOP('',(#2910,#2918,#2919,#2927));
#2910 = ORIENTED_EDGE('',*,*,#2911,.F.);
#2911 = EDGE_CURVE('',#1994,#2912,#2914,.T.);
#2912 = VERTEX_POINT('',#2913);
#2913 = CARTESIAN_POINT('',(11.334268862754,-0.5482023485,8.696911478415
    ));
#2914 = LINE('',#2915,#2916);
#2915 = CARTESIAN_POINT('',(7.484268862754,-0.5482023485,8.696911478415)
  );
#2916 = VECTOR('',#2917,1.);
#2917 = DIRECTION('',(1.,0.,-2.413528314403E-16));
#2918 = ORIENTED_EDGE('',*,*,#2017,.F.);
#2919 = ORIENTED_EDGE('',*,*,#2920,.T.);
#2920 = EDGE_CURVE('',#2010,#2921,#2923,.T.);
#2921 = VERTEX_POINT('',#2922);
#2922 = CARTESIAN_POINT('',(11.334268862754,-3.2482023485,8.696911478415
    ));
#2923 = LINE('',#2924,#2925);
#2924 = CARTESIAN_POINT('',(8.209531969062,-3.2482023485,8.696911478415)
  );
#2925 = VECTOR('',#2926,1.);
#2926 = DIRECTION('',(1.,-6.352650070599E-33,-2.413528314403E-16));
#2927 = ORIENTED_EDGE('',*,*,#2928,.F.);
#2928 = EDGE_CURVE('',#2912,#2921,#2929,.T.);
#2929 = LINE('',#2930,#2931);
#2930 = CARTESIAN_POINT('',(11.334268862754,0.8517976515,8.696911478415)
  );
#2931 = VECTOR('',#2932,1.);
#2932 = DIRECTION('',(0.,-1.,0.));
#2933 = PLANE('',#2934);
#2934 = AXIS2_PLACEMENT_3D('',#2935,#2936,#2937);
#2935 = CARTESIAN_POINT('',(10.834268862754,0.8517976515,8.696911478415)
  );
#2936 = DIRECTION('',(2.413528314403E-16,0.,1.));
#2937 = DIRECTION('',(-1.,0.,2.413528314403E-16));
#2938 = ADVANCED_FACE('',(#2939),#2950,.F.);
#2939 = FACE_BOUND('',#2940,.T.);
#2940 = EDGE_LOOP('',(#2941,#2942,#2943,#2949));
#2941 = ORIENTED_EDGE('',*,*,#2569,.T.);
#2942 = ORIENTED_EDGE('',*,*,#1764,.T.);
#2943 = ORIENTED_EDGE('',*,*,#2944,.F.);
#2944 = EDGE_CURVE('',#1962,#1757,#2945,.T.);
#2945 = LINE('',#2946,#2947);
#2946 = CARTESIAN_POINT('',(11.334268862754,-3.2482023485,6.542971342958
    ));
#2947 = VECTOR('',#2948,1.);
#2948 = DIRECTION('',(0.,0.,-1.));
#2949 = ORIENTED_EDGE('',*,*,#1961,.F.);
#2950 = PLANE('',#2951);
#2951 = AXIS2_PLACEMENT_3D('',#2952,#2953,#2954);
#2952 = CARTESIAN_POINT('',(11.284268862754,-3.4482023485,6.496911478415
    ));
#2953 = DIRECTION('',(-0.970142500145,0.242535625036,0.));
#2954 = DIRECTION('',(0.242535625036,0.970142500145,3.36585794009E-17));
#2955 = ADVANCED_FACE('',(#2956),#2981,.T.);
#2956 = FACE_BOUND('',#2957,.T.);
#2957 = EDGE_LOOP('',(#2958,#2966,#2974,#2980));
#2958 = ORIENTED_EDGE('',*,*,#2959,.T.);
#2959 = EDGE_CURVE('',#2656,#2960,#2962,.T.);
#2960 = VERTEX_POINT('',#2961);
#2961 = CARTESIAN_POINT('',(7.884268862754,-3.9482023485,8.046911478415)
  );
#2962 = LINE('',#2963,#2964);
#2963 = CARTESIAN_POINT('',(7.484268862754,-3.9482023485,7.761197192701)
  );
#2964 = VECTOR('',#2965,1.);
#2965 = DIRECTION('',(-0.813733471207,0.,-0.581238193719));
#2966 = ORIENTED_EDGE('',*,*,#2967,.T.);
#2967 = EDGE_CURVE('',#2960,#2968,#2970,.T.);
#2968 = VERTEX_POINT('',#2969);
#2969 = CARTESIAN_POINT('',(7.884268862754,0.3517976515,8.046911478415)
  );
#2970 = LINE('',#2971,#2972);
#2971 = CARTESIAN_POINT('',(7.884268862754,1.0517976515,8.046911478415)
  );
#2972 = VECTOR('',#2973,1.);
#2973 = DIRECTION('',(0.,1.,0.));
#2974 = ORIENTED_EDGE('',*,*,#2975,.F.);
#2975 = EDGE_CURVE('',#2658,#2968,#2976,.T.);
#2976 = LINE('',#2977,#2978);
#2977 = CARTESIAN_POINT('',(7.484268862754,0.3517976515,7.761197192701)
  );
#2978 = VECTOR('',#2979,1.);
#2979 = DIRECTION('',(-0.813733471207,0.,-0.581238193719));
#2980 = ORIENTED_EDGE('',*,*,#2655,.F.);
#2981 = PLANE('',#2982);
#2982 = AXIS2_PLACEMENT_3D('',#2983,#2984,#2985);
#2983 = CARTESIAN_POINT('',(8.234268862754,0.3517976515,8.296911478415)
  );
#2984 = DIRECTION('',(0.581238193719,0.,-0.813733471207));
#2985 = DIRECTION('',(-0.813733471207,0.,-0.581238193719));
#2986 = ADVANCED_FACE('',(#2987,#3012,#3046,#3057,#3068,#3079,#3090,
    #3115,#3149),#3211,.F.);
#2987 = FACE_BOUND('',#2988,.T.);
#2988 = EDGE_LOOP('',(#2989,#2999,#3005,#3006));
#2989 = ORIENTED_EDGE('',*,*,#2990,.F.);
#2990 = EDGE_CURVE('',#2991,#2993,#2995,.T.);
#2991 = VERTEX_POINT('',#2992);
#2992 = CARTESIAN_POINT('',(11.334268862754,1.0517976515,10.696911478415
    ));
#2993 = VERTEX_POINT('',#2994);
#2994 = CARTESIAN_POINT('',(11.334268862754,1.0517976515,10.196911478415
    ));
#2995 = LINE('',#2996,#2997);
#2996 = CARTESIAN_POINT('',(11.334268862754,1.0517976515,-7.553088521585
    ));
#2997 = VECTOR('',#2998,1.);
#2998 = DIRECTION('',(0.,0.,-1.));
#2999 = ORIENTED_EDGE('',*,*,#3000,.F.);
#3000 = EDGE_CURVE('',#1245,#2991,#3001,.T.);
#3001 = LINE('',#3002,#3003);
#3002 = CARTESIAN_POINT('',(7.484268862754,1.0517976515,10.696911478415)
  );
#3003 = VECTOR('',#3004,1.);
#3004 = DIRECTION('',(1.,0.,-2.413528314403E-16));
#3005 = ORIENTED_EDGE('',*,*,#1242,.F.);
#3006 = ORIENTED_EDGE('',*,*,#3007,.F.);
#3007 = EDGE_CURVE('',#2993,#1243,#3008,.T.);
#3008 = LINE('',#3009,#3010);
#3009 = CARTESIAN_POINT('',(7.484268862754,1.0517976515,10.196911478415)
  );
#3010 = VECTOR('',#3011,1.);
#3011 = DIRECTION('',(-1.,0.,2.413528314403E-16));
#3012 = FACE_BOUND('',#3013,.T.);
#3013 = EDGE_LOOP('',(#3014,#3024,#3032,#3040));
#3014 = ORIENTED_EDGE('',*,*,#3015,.F.);
#3015 = EDGE_CURVE('',#3016,#3018,#3020,.T.);
#3016 = VERTEX_POINT('',#3017);
#3017 = CARTESIAN_POINT('',(11.334268862754,1.0517976515,8.696911478415)
  );
#3018 = VERTEX_POINT('',#3019);
#3019 = CARTESIAN_POINT('',(11.334268862754,1.0517976515,8.196911478415)
  );
#3020 = LINE('',#3021,#3022);
#3021 = CARTESIAN_POINT('',(11.334268862754,1.0517976515,-7.553088521585
    ));
#3022 = VECTOR('',#3023,1.);
#3023 = DIRECTION('',(0.,0.,-1.));
#3024 = ORIENTED_EDGE('',*,*,#3025,.F.);
#3025 = EDGE_CURVE('',#3026,#3016,#3028,.T.);
#3026 = VERTEX_POINT('',#3027);
#3027 = CARTESIAN_POINT('',(10.834268862754,1.0517976515,8.696911478415)
  );
#3028 = LINE('',#3029,#3030);
#3029 = CARTESIAN_POINT('',(7.484268862754,1.0517976515,8.696911478415)
  );
#3030 = VECTOR('',#3031,1.);
#3031 = DIRECTION('',(1.,0.,-2.413528314403E-16));
#3032 = ORIENTED_EDGE('',*,*,#3033,.F.);
#3033 = EDGE_CURVE('',#3034,#3026,#3036,.T.);
#3034 = VERTEX_POINT('',#3035);
#3035 = CARTESIAN_POINT('',(10.834268862754,1.0517976515,8.196911478415)
  );
#3036 = LINE('',#3037,#3038);
#3037 = CARTESIAN_POINT('',(10.834268862754,1.0517976515,-7.553088521585
    ));
#3038 = VECTOR('',#3039,1.);
#3039 = DIRECTION('',(0.,0.,1.));
#3040 = ORIENTED_EDGE('',*,*,#3041,.F.);
#3041 = EDGE_CURVE('',#3018,#3034,#3042,.T.);
#3042 = LINE('',#3043,#3044);
#3043 = CARTESIAN_POINT('',(7.484268862754,1.0517976515,8.196911478415)
  );
#3044 = VECTOR('',#3045,1.);
#3045 = DIRECTION('',(-1.,0.,2.413528314403E-16));
#3046 = FACE_BOUND('',#3047,.T.);
#3047 = EDGE_LOOP('',(#3048,#3049,#3050,#3051));
#3048 = ORIENTED_EDGE('',*,*,#1140,.F.);
#3049 = ORIENTED_EDGE('',*,*,#2149,.F.);
#3050 = ORIENTED_EDGE('',*,*,#2242,.F.);
#3051 = ORIENTED_EDGE('',*,*,#3052,.F.);
#3052 = EDGE_CURVE('',#1141,#2235,#3053,.T.);
#3053 = LINE('',#3054,#3055);
#3054 = CARTESIAN_POINT('',(10.834268862754,1.0517976515,-7.553088521585
    ));
#3055 = VECTOR('',#3056,1.);
#3056 = DIRECTION('',(0.,0.,1.));
#3057 = FACE_BOUND('',#3058,.T.);
#3058 = EDGE_LOOP('',(#3059,#3060,#3061,#3067));
#3059 = ORIENTED_EDGE('',*,*,#2386,.F.);
#3060 = ORIENTED_EDGE('',*,*,#989,.F.);
#3061 = ORIENTED_EDGE('',*,*,#3062,.F.);
#3062 = EDGE_CURVE('',#2274,#982,#3063,.T.);
#3063 = LINE('',#3064,#3065);
#3064 = CARTESIAN_POINT('',(10.834268862754,1.0517976515,-7.553088521585
    ));
#3065 = VECTOR('',#3066,1.);
#3066 = DIRECTION('',(0.,0.,1.));
#3067 = ORIENTED_EDGE('',*,*,#2273,.F.);
#3068 = FACE_BOUND('',#3069,.T.);
#3069 = EDGE_LOOP('',(#3070,#3076,#3077,#3078));
#3070 = ORIENTED_EDGE('',*,*,#3071,.F.);
#3071 = EDGE_CURVE('',#1221,#1363,#3072,.T.);
#3072 = LINE('',#3073,#3074);
#3073 = CARTESIAN_POINT('',(7.484268862754,1.0517976515,2.196911478415)
  );
#3074 = VECTOR('',#3075,1.);
#3075 = DIRECTION('',(-1.,0.,2.413528314403E-16));
#3076 = ORIENTED_EDGE('',*,*,#1220,.F.);
#3077 = ORIENTED_EDGE('',*,*,#1334,.F.);
#3078 = ORIENTED_EDGE('',*,*,#1370,.F.);
#3079 = FACE_BOUND('',#3080,.T.);
#3080 = EDGE_LOOP('',(#3081,#3082,#3083,#3089));
#3081 = ORIENTED_EDGE('',*,*,#430,.F.);
#3082 = ORIENTED_EDGE('',*,*,#466,.F.);
#3083 = ORIENTED_EDGE('',*,*,#3084,.F.);
#3084 = EDGE_CURVE('',#2813,#459,#3085,.T.);
#3085 = LINE('',#3086,#3087);
#3086 = CARTESIAN_POINT('',(7.484268862754,1.0517976515,0.696911478415)
  );
#3087 = VECTOR('',#3088,1.);
#3088 = DIRECTION('',(1.,0.,-2.413528314403E-16));
#3089 = ORIENTED_EDGE('',*,*,#2812,.F.);
#3090 = FACE_BOUND('',#3091,.T.);
#3091 = EDGE_LOOP('',(#3092,#3100,#3108,#3114));
#3092 = ORIENTED_EDGE('',*,*,#3093,.F.);
#3093 = EDGE_CURVE('',#3094,#2757,#3096,.T.);
#3094 = VERTEX_POINT('',#3095);
#3095 = CARTESIAN_POINT('',(11.334268862754,1.0517976515,-1.303088521585
    ));
#3096 = LINE('',#3097,#3098);
#3097 = CARTESIAN_POINT('',(11.334268862754,1.0517976515,-7.553088521585
    ));
#3098 = VECTOR('',#3099,1.);
#3099 = DIRECTION('',(0.,0.,-1.));
#3100 = ORIENTED_EDGE('',*,*,#3101,.F.);
#3101 = EDGE_CURVE('',#3102,#3094,#3104,.T.);
#3102 = VERTEX_POINT('',#3103);
#3103 = CARTESIAN_POINT('',(10.834268862754,1.0517976515,-1.303088521585
    ));
#3104 = LINE('',#3105,#3106);
#3105 = CARTESIAN_POINT('',(7.484268862754,1.0517976515,-1.303088521585)
  );
#3106 = VECTOR('',#3107,1.);
#3107 = DIRECTION('',(1.,0.,-2.413528314403E-16));
#3108 = ORIENTED_EDGE('',*,*,#3109,.F.);
#3109 = EDGE_CURVE('',#2765,#3102,#3110,.T.);
#3110 = LINE('',#3111,#3112);
#3111 = CARTESIAN_POINT('',(10.834268862754,1.0517976515,-7.553088521585
    ));
#3112 = VECTOR('',#3113,1.);
#3113 = DIRECTION('',(0.,0.,1.));
#3114 = ORIENTED_EDGE('',*,*,#2764,.F.);
#3115 = FACE_BOUND('',#3116,.T.);
#3116 = EDGE_LOOP('',(#3117,#3127,#3135,#3143));
#3117 = ORIENTED_EDGE('',*,*,#3118,.F.);
#3118 = EDGE_CURVE('',#3119,#3121,#3123,.T.);
#3119 = VERTEX_POINT('',#3120);
#3120 = CARTESIAN_POINT('',(10.834268862754,1.0517976515,-3.303088521585
    ));
#3121 = VERTEX_POINT('',#3122);
#3122 = CARTESIAN_POINT('',(11.334268862754,1.0517976515,-3.303088521585
    ));
#3123 = LINE('',#3124,#3125);
#3124 = CARTESIAN_POINT('',(7.484268862754,1.0517976515,-3.303088521585)
  );
#3125 = VECTOR('',#3126,1.);
#3126 = DIRECTION('',(1.,0.,-2.413528314403E-16));
#3127 = ORIENTED_EDGE('',*,*,#3128,.F.);
#3128 = EDGE_CURVE('',#3129,#3119,#3131,.T.);
#3129 = VERTEX_POINT('',#3130);
#3130 = CARTESIAN_POINT('',(10.834268862754,1.0517976515,-3.803088521585
    ));
#3131 = LINE('',#3132,#3133);
#3132 = CARTESIAN_POINT('',(10.834268862754,1.0517976515,-7.553088521585
    ));
#3133 = VECTOR('',#3134,1.);
#3134 = DIRECTION('',(0.,0.,1.));
#3135 = ORIENTED_EDGE('',*,*,#3136,.F.);
#3136 = EDGE_CURVE('',#3137,#3129,#3139,.T.);
#3137 = VERTEX_POINT('',#3138);
#3138 = CARTESIAN_POINT('',(11.334268862754,1.0517976515,-3.803088521585
    ));
#3139 = LINE('',#3140,#3141);
#3140 = CARTESIAN_POINT('',(7.484268862754,1.0517976515,-3.803088521585)
  );
#3141 = VECTOR('',#3142,1.);
#3142 = DIRECTION('',(-1.,0.,2.413528314403E-16));
#3143 = ORIENTED_EDGE('',*,*,#3144,.F.);
#3144 = EDGE_CURVE('',#3121,#3137,#3145,.T.);
#3145 = LINE('',#3146,#3147);
#3146 = CARTESIAN_POINT('',(11.334268862754,1.0517976515,-7.553088521585
    ));
#3147 = VECTOR('',#3148,1.);
#3148 = DIRECTION('',(0.,0.,-1.));
#3149 = FACE_BOUND('',#3150,.T.);
#3150 = EDGE_LOOP('',(#3151,#3152,#3158,#3159,#3167,#3175,#3181,#3182,
    #3190,#3196,#3197,#3205));
#3151 = ORIENTED_EDGE('',*,*,#1051,.T.);
#3152 = ORIENTED_EDGE('',*,*,#3153,.T.);
#3153 = EDGE_CURVE('',#1054,#588,#3154,.T.);
#3154 = LINE('',#3155,#3156);
#3155 = CARTESIAN_POINT('',(7.484268862754,1.0517976515,12.446911478415)
  );
#3156 = VECTOR('',#3157,1.);
#3157 = DIRECTION('',(1.,0.,1.224606353822E-16));
#3158 = ORIENTED_EDGE('',*,*,#587,.T.);
#3159 = ORIENTED_EDGE('',*,*,#3160,.T.);
#3160 = EDGE_CURVE('',#580,#3161,#3163,.T.);
#3161 = VERTEX_POINT('',#3162);
#3162 = CARTESIAN_POINT('',(10.284268862754,1.0517976515,11.746911478415
    ));
#3163 = LINE('',#3164,#3165);
#3164 = CARTESIAN_POINT('',(7.484268862754,1.0517976515,11.746911478415)
  );
#3165 = VECTOR('',#3166,1.);
#3166 = DIRECTION('',(1.,0.,1.224606353822E-16));
#3167 = ORIENTED_EDGE('',*,*,#3168,.T.);
#3168 = EDGE_CURVE('',#3161,#3169,#3171,.T.);
#3169 = VERTEX_POINT('',#3170);
#3170 = CARTESIAN_POINT('',(10.284268862754,1.0517976515,12.446911478415
    ));
#3171 = LINE('',#3172,#3173);
#3172 = CARTESIAN_POINT('',(10.284268862754,1.0517976515,-1.553088521585
    ));
#3173 = VECTOR('',#3174,1.);
#3174 = DIRECTION('',(-1.287215101015E-16,0.,1.));
#3175 = ORIENTED_EDGE('',*,*,#3176,.T.);
#3176 = EDGE_CURVE('',#3169,#1547,#3177,.T.);
#3177 = LINE('',#3178,#3179);
#3178 = CARTESIAN_POINT('',(7.484268862754,1.0517976515,12.446911478415)
  );
#3179 = VECTOR('',#3180,1.);
#3180 = DIRECTION('',(1.,0.,1.224606353822E-16));
#3181 = ORIENTED_EDGE('',*,*,#1544,.F.);
#3182 = ORIENTED_EDGE('',*,*,#3183,.F.);
#3183 = EDGE_CURVE('',#3184,#1545,#3186,.T.);
#3184 = VERTEX_POINT('',#3185);
#3185 = CARTESIAN_POINT('',(10.284268862754,1.0517976515,-5.553088521585
    ));
#3186 = LINE('',#3187,#3188);
#3187 = CARTESIAN_POINT('',(7.484268862754,1.0517976515,-5.553088521585)
  );
#3188 = VECTOR('',#3189,1.);
#3189 = DIRECTION('',(1.,0.,-1.224606353822E-16));
#3190 = ORIENTED_EDGE('',*,*,#3191,.F.);
#3191 = EDGE_CURVE('',#282,#3184,#3192,.T.);
#3192 = LINE('',#3193,#3194);
#3193 = CARTESIAN_POINT('',(10.284268862754,1.0517976515,8.446911478415)
  );
#3194 = VECTOR('',#3195,1.);
#3195 = DIRECTION('',(-1.287215101015E-16,0.,-1.));
#3196 = ORIENTED_EDGE('',*,*,#279,.F.);
#3197 = ORIENTED_EDGE('',*,*,#3198,.F.);
#3198 = EDGE_CURVE('',#3199,#280,#3201,.T.);
#3199 = VERTEX_POINT('',#3200);
#3200 = CARTESIAN_POINT('',(9.184268862754,1.0517976515,-5.553088521585)
  );
#3201 = LINE('',#3202,#3203);
#3202 = CARTESIAN_POINT('',(9.184268862754,1.0517976515,8.446911478415)
  );
#3203 = VECTOR('',#3204,1.);
#3204 = DIRECTION('',(0.,0.,1.));
#3205 = ORIENTED_EDGE('',*,*,#3206,.F.);
#3206 = EDGE_CURVE('',#1052,#3199,#3207,.T.);
#3207 = LINE('',#3208,#3209);
#3208 = CARTESIAN_POINT('',(7.484268862754,1.0517976515,-5.553088521585)
  );
#3209 = VECTOR('',#3210,1.);
#3210 = DIRECTION('',(1.,0.,-1.224606353822E-16));
#3211 = PLANE('',#3212);
#3212 = AXIS2_PLACEMENT_3D('',#3213,#3214,#3215);
#3213 = CARTESIAN_POINT('',(11.357579622584,1.0517976515,-2.671283230484
    ));
#3214 = DIRECTION('',(0.,-1.,0.));
#3215 = DIRECTION('',(1.,0.,0.));
#3216 = ADVANCED_FACE('',(#3217),#3251,.F.);
#3217 = FACE_BOUND('',#3218,.T.);
#3218 = EDGE_LOOP('',(#3219,#3229,#3237,#3245));
#3219 = ORIENTED_EDGE('',*,*,#3220,.T.);
#3220 = EDGE_CURVE('',#3221,#3223,#3225,.T.);
#3221 = VERTEX_POINT('',#3222);
#3222 = CARTESIAN_POINT('',(11.234268862754,-3.6482023485,
    -3.703088521585));
#3223 = VERTEX_POINT('',#3224);
#3224 = CARTESIAN_POINT('',(10.934268862754,-3.6482023485,
    -3.703088521585));
#3225 = LINE('',#3226,#3227);
#3226 = CARTESIAN_POINT('',(0.,-3.6482023485,-3.703088521585));
#3227 = VECTOR('',#3228,1.);
#3228 = DIRECTION('',(-1.,0.,2.413528314403E-16));
#3229 = ORIENTED_EDGE('',*,*,#3230,.T.);
#3230 = EDGE_CURVE('',#3223,#3231,#3233,.T.);
#3231 = VERTEX_POINT('',#3232);
#3232 = CARTESIAN_POINT('',(10.834268862754,-3.2482023485,
    -3.803088521585));
#3233 = LINE('',#3234,#3235);
#3234 = CARTESIAN_POINT('',(10.022218275629,0.,-4.61513910871));
#3235 = VECTOR('',#3236,1.);
#3236 = DIRECTION('',(-0.235702260396,0.942809041582,-0.235702260396));
#3237 = ORIENTED_EDGE('',*,*,#3238,.F.);
#3238 = EDGE_CURVE('',#3239,#3231,#3241,.T.);
#3239 = VERTEX_POINT('',#3240);
#3240 = CARTESIAN_POINT('',(11.334268862754,-3.2482023485,
    -3.803088521585));
#3241 = LINE('',#3242,#3243);
#3242 = CARTESIAN_POINT('',(0.,-3.2482023485,-3.803088521585));
#3243 = VECTOR('',#3244,1.);
#3244 = DIRECTION('',(-1.,-6.352650070599E-33,2.413528314403E-16));
#3245 = ORIENTED_EDGE('',*,*,#3246,.F.);
#3246 = EDGE_CURVE('',#3221,#3239,#3247,.T.);
#3247 = LINE('',#3248,#3249);
#3248 = CARTESIAN_POINT('',(12.146319449879,0.,-4.61513910871));
#3249 = VECTOR('',#3250,1.);
#3250 = DIRECTION('',(0.235702260396,0.942809041582,-0.235702260396));
#3251 = PLANE('',#3252);
#3252 = AXIS2_PLACEMENT_3D('',#3253,#3254,#3255);
#3253 = CARTESIAN_POINT('',(11.084268862754,-3.4482023485,
    -3.753088521585));
#3254 = DIRECTION('',(2.341466393106E-16,0.242535625036,0.970142500145)
  );
#3255 = DIRECTION('',(0.,0.970142500145,-0.242535625036));
#3256 = ADVANCED_FACE('',(#3257),#3268,.F.);
#3257 = FACE_BOUND('',#3258,.T.);
#3258 = EDGE_LOOP('',(#3259,#3260,#3261,#3262));
#3259 = ORIENTED_EDGE('',*,*,#2434,.T.);
#3260 = ORIENTED_EDGE('',*,*,#1906,.T.);
#3261 = ORIENTED_EDGE('',*,*,#2472,.F.);
#3262 = ORIENTED_EDGE('',*,*,#3263,.F.);
#3263 = EDGE_CURVE('',#2435,#2465,#3264,.T.);
#3264 = LINE('',#3265,#3266);
#3265 = CARTESIAN_POINT('',(12.359268862754,0.8517976515,5.721911478415)
  );
#3266 = VECTOR('',#3267,1.);
#3267 = DIRECTION('',(0.235702260396,0.942809041582,0.235702260396));
#3268 = PLANE('',#3269);
#3269 = AXIS2_PLACEMENT_3D('',#3270,#3271,#3272);
#3270 = CARTESIAN_POINT('',(11.284268862754,-3.4482023485,4.496911478415
    ));
#3271 = DIRECTION('',(-0.970142500145,0.242535625036,0.));
#3272 = DIRECTION('',(0.242535625036,0.970142500145,3.36585794009E-17));
#3273 = ADVANCED_FACE('',(#3274),#3290,.T.);
#3274 = FACE_BOUND('',#3275,.T.);
#3275 = EDGE_LOOP('',(#3276,#3282,#3283,#3289));
#3276 = ORIENTED_EDGE('',*,*,#3277,.F.);
#3277 = EDGE_CURVE('',#794,#2616,#3278,.T.);
#3278 = LINE('',#3279,#3280);
#3279 = CARTESIAN_POINT('',(8.209531969062,3.9517976515,-1.403088521585)
  );
#3280 = VECTOR('',#3281,1.);
#3281 = DIRECTION('',(-1.,0.,2.413528314403E-16));
#3282 = ORIENTED_EDGE('',*,*,#791,.F.);
#3283 = ORIENTED_EDGE('',*,*,#3284,.F.);
#3284 = EDGE_CURVE('',#2618,#792,#3285,.T.);
#3285 = LINE('',#3286,#3287);
#3286 = CARTESIAN_POINT('',(8.209531969062,3.9517976515,-1.703088521585)
  );
#3287 = VECTOR('',#3288,1.);
#3288 = DIRECTION('',(1.,0.,-2.413528314403E-16));
#3289 = ORIENTED_EDGE('',*,*,#2615,.F.);
#3290 = PLANE('',#3291);
#3291 = AXIS2_PLACEMENT_3D('',#3292,#3293,#3294);
#3292 = CARTESIAN_POINT('',(8.209531969062,3.9517976515,-1.457028657042)
  );
#3293 = DIRECTION('',(0.,1.,-0.));
#3294 = DIRECTION('',(-1.,0.,0.));
#3295 = ADVANCED_FACE('',(#3296),#3321,.F.);
#3296 = FACE_BOUND('',#3297,.T.);
#3297 = EDGE_LOOP('',(#3298,#3306,#3307,#3315));
#3298 = ORIENTED_EDGE('',*,*,#3299,.F.);
#3299 = EDGE_CURVE('',#3223,#3300,#3302,.T.);
#3300 = VERTEX_POINT('',#3301);
#3301 = CARTESIAN_POINT('',(10.934268862754,-3.6482023485,
    -3.403088521585));
#3302 = LINE('',#3303,#3304);
#3303 = CARTESIAN_POINT('',(10.934268862754,-3.6482023485,-9.10617704317
    ));
#3304 = VECTOR('',#3305,1.);
#3305 = DIRECTION('',(0.,0.,1.));
#3306 = ORIENTED_EDGE('',*,*,#3220,.F.);
#3307 = ORIENTED_EDGE('',*,*,#3308,.F.);
#3308 = EDGE_CURVE('',#3309,#3221,#3311,.T.);
#3309 = VERTEX_POINT('',#3310);
#3310 = CARTESIAN_POINT('',(11.234268862754,-3.6482023485,
    -3.403088521585));
#3311 = LINE('',#3312,#3313);
#3312 = CARTESIAN_POINT('',(11.234268862754,-3.6482023485,-9.10617704317
    ));
#3313 = VECTOR('',#3314,1.);
#3314 = DIRECTION('',(0.,0.,-1.));
#3315 = ORIENTED_EDGE('',*,*,#3316,.F.);
#3316 = EDGE_CURVE('',#3300,#3309,#3317,.T.);
#3317 = LINE('',#3318,#3319);
#3318 = CARTESIAN_POINT('',(0.,-3.6482023485,-3.403088521585));
#3319 = VECTOR('',#3320,1.);
#3320 = DIRECTION('',(1.,0.,-2.413528314403E-16));
#3321 = PLANE('',#3322);
#3322 = AXIS2_PLACEMENT_3D('',#3323,#3324,#3325);
#3323 = CARTESIAN_POINT('',(8.209531969062,-3.6482023485,-3.457028657042
    ));
#3324 = DIRECTION('',(0.,1.,-0.));
#3325 = DIRECTION('',(-1.,0.,0.));
#3326 = ADVANCED_FACE('',(#3327),#3352,.T.);
#3327 = FACE_BOUND('',#3328,.T.);
#3328 = EDGE_LOOP('',(#3329,#3339,#3345,#3346));
#3329 = ORIENTED_EDGE('',*,*,#3330,.F.);
#3330 = EDGE_CURVE('',#3331,#3333,#3335,.T.);
#3331 = VERTEX_POINT('',#3332);
#3332 = CARTESIAN_POINT('',(11.334268862754,-0.5482023485,6.696911478415
    ));
#3333 = VERTEX_POINT('',#3334);
#3334 = CARTESIAN_POINT('',(11.334268862754,-0.5482023485,6.196911478415
    ));
#3335 = LINE('',#3336,#3337);
#3336 = CARTESIAN_POINT('',(11.334268862754,-0.5482023485,
    -7.553088521585));
#3337 = VECTOR('',#3338,1.);
#3338 = DIRECTION('',(0.,0.,-1.));
#3339 = ORIENTED_EDGE('',*,*,#3340,.T.);
#3340 = EDGE_CURVE('',#3331,#1962,#3341,.T.);
#3341 = LINE('',#3342,#3343);
#3342 = CARTESIAN_POINT('',(11.334268862754,0.8517976515,6.696911478415)
  );
#3343 = VECTOR('',#3344,1.);
#3344 = DIRECTION('',(0.,-1.,0.));
#3345 = ORIENTED_EDGE('',*,*,#2944,.T.);
#3346 = ORIENTED_EDGE('',*,*,#3347,.T.);
#3347 = EDGE_CURVE('',#1757,#3333,#3348,.T.);
#3348 = LINE('',#3349,#3350);
#3349 = CARTESIAN_POINT('',(11.334268862754,0.8517976515,6.196911478415)
  );
#3350 = VECTOR('',#3351,1.);
#3351 = DIRECTION('',(0.,1.,0.));
#3352 = PLANE('',#3353);
#3353 = AXIS2_PLACEMENT_3D('',#3354,#3355,#3356);
#3354 = CARTESIAN_POINT('',(11.334268862754,0.8517976515,6.696911478415)
  );
#3355 = DIRECTION('',(1.,0.,-0.));
#3356 = DIRECTION('',(0.,0.,1.));
#3357 = ADVANCED_FACE('',(#3358),#3369,.F.);
#3358 = FACE_BOUND('',#3359,.T.);
#3359 = EDGE_LOOP('',(#3360,#3361,#3362,#3368));
#3360 = ORIENTED_EDGE('',*,*,#2562,.T.);
#3361 = ORIENTED_EDGE('',*,*,#1977,.T.);
#3362 = ORIENTED_EDGE('',*,*,#3363,.F.);
#3363 = EDGE_CURVE('',#1749,#1970,#3364,.T.);
#3364 = LINE('',#3365,#3366);
#3365 = CARTESIAN_POINT('',(10.834268862754,-3.2482023485,6.542971342958
    ));
#3366 = VECTOR('',#3367,1.);
#3367 = DIRECTION('',(0.,0.,1.));
#3368 = ORIENTED_EDGE('',*,*,#1748,.T.);
#3369 = PLANE('',#3370);
#3370 = AXIS2_PLACEMENT_3D('',#3371,#3372,#3373);
#3371 = CARTESIAN_POINT('',(10.884268862754,-3.4482023485,6.446911478415
    ));
#3372 = DIRECTION('',(0.970142500145,0.242535625036,-0.));
#3373 = DIRECTION('',(-0.242535625036,0.970142500145,3.36585794009E-17)
  );
#3374 = ADVANCED_FACE('',(#3375),#3400,.F.);
#3375 = FACE_BOUND('',#3376,.T.);
#3376 = EDGE_LOOP('',(#3377,#3378,#3386,#3394));
#3377 = ORIENTED_EDGE('',*,*,#1100,.F.);
#3378 = ORIENTED_EDGE('',*,*,#3379,.T.);
#3379 = EDGE_CURVE('',#1093,#3380,#3382,.T.);
#3380 = VERTEX_POINT('',#3381);
#3381 = CARTESIAN_POINT('',(7.884268862754,0.3517976515,6.846911478415)
  );
#3382 = LINE('',#3383,#3384);
#3383 = CARTESIAN_POINT('',(7.484268862754,0.3517976515,7.132625764129)
  );
#3384 = VECTOR('',#3385,1.);
#3385 = DIRECTION('',(-0.813733471207,0.,0.581238193719));
#3386 = ORIENTED_EDGE('',*,*,#3387,.T.);
#3387 = EDGE_CURVE('',#3380,#3388,#3390,.T.);
#3388 = VERTEX_POINT('',#3389);
#3389 = CARTESIAN_POINT('',(7.884268862754,-3.9482023485,6.846911478415)
  );
#3390 = LINE('',#3391,#3392);
#3391 = CARTESIAN_POINT('',(7.884268862754,1.0517976515,6.846911478415)
  );
#3392 = VECTOR('',#3393,1.);
#3393 = DIRECTION('',(0.,-1.,0.));
#3394 = ORIENTED_EDGE('',*,*,#3395,.T.);
#3395 = EDGE_CURVE('',#3388,#1101,#3396,.T.);
#3396 = LINE('',#3397,#3398);
#3397 = CARTESIAN_POINT('',(7.484268862754,-3.9482023485,7.132625764129)
  );
#3398 = VECTOR('',#3399,1.);
#3399 = DIRECTION('',(0.813733471207,0.,-0.581238193719));
#3400 = PLANE('',#3401);
#3401 = AXIS2_PLACEMENT_3D('',#3402,#3403,#3404);
#3402 = CARTESIAN_POINT('',(8.234268862754,0.3517976515,6.596911478415)
  );
#3403 = DIRECTION('',(-0.581238193719,0.,-0.813733471207));
#3404 = DIRECTION('',(-0.813733471207,0.,0.581238193719));
#3405 = ADVANCED_FACE('',(#3406),#3412,.T.);
#3406 = FACE_BOUND('',#3407,.T.);
#3407 = EDGE_LOOP('',(#3408,#3409,#3410,#3411));
#3408 = ORIENTED_EDGE('',*,*,#257,.F.);
#3409 = ORIENTED_EDGE('',*,*,#2820,.F.);
#3410 = ORIENTED_EDGE('',*,*,#3084,.T.);
#3411 = ORIENTED_EDGE('',*,*,#458,.F.);
#3412 = PLANE('',#3413);
#3413 = AXIS2_PLACEMENT_3D('',#3414,#3415,#3416);
#3414 = CARTESIAN_POINT('',(10.834268862754,0.8517976515,0.696911478415)
  );
#3415 = DIRECTION('',(2.413528314403E-16,0.,1.));
#3416 = DIRECTION('',(-1.,0.,2.413528314403E-16));
#3417 = ADVANCED_FACE('',(#3418),#3443,.F.);
#3418 = FACE_BOUND('',#3419,.T.);
#3419 = EDGE_LOOP('',(#3420,#3421,#3429,#3437));
#3420 = ORIENTED_EDGE('',*,*,#1425,.F.);
#3421 = ORIENTED_EDGE('',*,*,#3422,.F.);
#3422 = EDGE_CURVE('',#3423,#1426,#3425,.T.);
#3423 = VERTEX_POINT('',#3424);
#3424 = CARTESIAN_POINT('',(11.234268862754,-3.6482023485,0.296911478415
    ));
#3425 = LINE('',#3426,#3427);
#3426 = CARTESIAN_POINT('',(8.209531969062,-3.6482023485,0.296911478415)
  );
#3427 = VECTOR('',#3428,1.);
#3428 = DIRECTION('',(-1.,0.,2.413528314403E-16));
#3429 = ORIENTED_EDGE('',*,*,#3430,.F.);
#3430 = EDGE_CURVE('',#3431,#3423,#3433,.T.);
#3431 = VERTEX_POINT('',#3432);
#3432 = CARTESIAN_POINT('',(11.234268862754,-3.6482023485,0.596911478415
    ));
#3433 = LINE('',#3434,#3435);
#3434 = CARTESIAN_POINT('',(11.234268862754,-3.6482023485,0.542971342958
    ));
#3435 = VECTOR('',#3436,1.);
#3436 = DIRECTION('',(0.,0.,-1.));
#3437 = ORIENTED_EDGE('',*,*,#3438,.F.);
#3438 = EDGE_CURVE('',#1428,#3431,#3439,.T.);
#3439 = LINE('',#3440,#3441);
#3440 = CARTESIAN_POINT('',(8.209531969062,-3.6482023485,0.596911478415)
  );
#3441 = VECTOR('',#3442,1.);
#3442 = DIRECTION('',(1.,0.,-2.413528314403E-16));
#3443 = PLANE('',#3444);
#3444 = AXIS2_PLACEMENT_3D('',#3445,#3446,#3447);
#3445 = CARTESIAN_POINT('',(8.209531969062,-3.6482023485,0.542971342958)
  );
#3446 = DIRECTION('',(0.,1.,-0.));
#3447 = DIRECTION('',(-1.,0.,0.));
#3448 = ADVANCED_FACE('',(#3449),#3481,.T.);
#3449 = FACE_BOUND('',#3450,.T.);
#3450 = EDGE_LOOP('',(#3451,#3461,#3467,#3475));
#3451 = ORIENTED_EDGE('',*,*,#3452,.F.);
#3452 = EDGE_CURVE('',#3453,#3455,#3457,.T.);
#3453 = VERTEX_POINT('',#3454);
#3454 = CARTESIAN_POINT('',(10.834268862754,-0.5482023485,0.696911478415
    ));
#3455 = VERTEX_POINT('',#3456);
#3456 = CARTESIAN_POINT('',(11.334268862754,-0.5482023485,0.696911478415
    ));
#3457 = LINE('',#3458,#3459);
#3458 = CARTESIAN_POINT('',(7.484268862754,-0.5482023485,0.696911478415)
  );
#3459 = VECTOR('',#3460,1.);
#3460 = DIRECTION('',(1.,0.,-2.413528314403E-16));
#3461 = ORIENTED_EDGE('',*,*,#3462,.F.);
#3462 = EDGE_CURVE('',#1436,#3453,#3463,.T.);
#3463 = LINE('',#3464,#3465);
#3464 = CARTESIAN_POINT('',(10.834268862754,0.8517976515,0.696911478415)
  );
#3465 = VECTOR('',#3466,1.);
#3466 = DIRECTION('',(0.,1.,0.));
#3467 = ORIENTED_EDGE('',*,*,#3468,.T.);
#3468 = EDGE_CURVE('',#1436,#3469,#3471,.T.);
#3469 = VERTEX_POINT('',#3470);
#3470 = CARTESIAN_POINT('',(11.334268862754,-3.2482023485,0.696911478415
    ));
#3471 = LINE('',#3472,#3473);
#3472 = CARTESIAN_POINT('',(8.209531969062,-3.2482023485,0.696911478415)
  );
#3473 = VECTOR('',#3474,1.);
#3474 = DIRECTION('',(1.,-6.352650070599E-33,-2.413528314403E-16));
#3475 = ORIENTED_EDGE('',*,*,#3476,.F.);
#3476 = EDGE_CURVE('',#3455,#3469,#3477,.T.);
#3477 = LINE('',#3478,#3479);
#3478 = CARTESIAN_POINT('',(11.334268862754,0.8517976515,0.696911478415)
  );
#3479 = VECTOR('',#3480,1.);
#3480 = DIRECTION('',(0.,-1.,0.));
#3481 = PLANE('',#3482);
#3482 = AXIS2_PLACEMENT_3D('',#3483,#3484,#3485);
#3483 = CARTESIAN_POINT('',(10.834268862754,0.8517976515,0.696911478415)
  );
#3484 = DIRECTION('',(2.413528314403E-16,0.,1.));
#3485 = DIRECTION('',(-1.,0.,2.413528314403E-16));
#3486 = ADVANCED_FACE('',(#3487),#3544,.F.);
#3487 = FACE_BOUND('',#3488,.T.);
#3488 = EDGE_LOOP('',(#3489,#3490,#3498,#3506,#3514,#3522,#3530,#3538));
#3489 = ORIENTED_EDGE('',*,*,#119,.F.);
#3490 = ORIENTED_EDGE('',*,*,#3491,.F.);
#3491 = EDGE_CURVE('',#3492,#120,#3494,.T.);
#3492 = VERTEX_POINT('',#3493);
#3493 = CARTESIAN_POINT('',(12.084268862754,-3.9482023485,
    10.446911478415));
#3494 = LINE('',#3495,#3496);
#3495 = CARTESIAN_POINT('',(12.084268862754,1.0517976515,10.446911478415
    ));
#3496 = VECTOR('',#3497,1.);
#3497 = DIRECTION('',(0.,1.,0.));
#3498 = ORIENTED_EDGE('',*,*,#3499,.F.);
#3499 = EDGE_CURVE('',#3500,#3492,#3502,.T.);
#3500 = VERTEX_POINT('',#3501);
#3501 = CARTESIAN_POINT('',(12.084268862754,-3.9482023485,
    11.746911478415));
#3502 = LINE('',#3503,#3504);
#3503 = CARTESIAN_POINT('',(12.084268862754,-3.9482023485,
    -7.553088521585));
#3504 = VECTOR('',#3505,1.);
#3505 = DIRECTION('',(-1.224606353822E-16,0.,-1.));
#3506 = ORIENTED_EDGE('',*,*,#3507,.T.);
#3507 = EDGE_CURVE('',#3500,#3508,#3510,.T.);
#3508 = VERTEX_POINT('',#3509);
#3509 = CARTESIAN_POINT('',(12.084268862754,-0.5482023485,
    11.746911478415));
#3510 = LINE('',#3511,#3512);
#3511 = CARTESIAN_POINT('',(12.084268862754,1.0517976515,11.746911478415
    ));
#3512 = VECTOR('',#3513,1.);
#3513 = DIRECTION('',(0.,1.,0.));
#3514 = ORIENTED_EDGE('',*,*,#3515,.F.);
#3515 = EDGE_CURVE('',#3516,#3508,#3518,.T.);
#3516 = VERTEX_POINT('',#3517);
#3517 = CARTESIAN_POINT('',(12.084268862754,-0.5482023485,
    -4.853088521585));
#3518 = LINE('',#3519,#3520);
#3519 = CARTESIAN_POINT('',(12.084268862754,-0.5482023485,2.446911478415
    ));
#3520 = VECTOR('',#3521,1.);
#3521 = DIRECTION('',(-1.224606353822E-16,0.,1.));
#3522 = ORIENTED_EDGE('',*,*,#3523,.F.);
#3523 = EDGE_CURVE('',#3524,#3516,#3526,.T.);
#3524 = VERTEX_POINT('',#3525);
#3525 = CARTESIAN_POINT('',(12.084268862754,-3.9482023485,
    -4.853088521585));
#3526 = LINE('',#3527,#3528);
#3527 = CARTESIAN_POINT('',(12.084268862754,1.0517976515,-4.853088521585
    ));
#3528 = VECTOR('',#3529,1.);
#3529 = DIRECTION('',(0.,1.,0.));
#3530 = ORIENTED_EDGE('',*,*,#3531,.F.);
#3531 = EDGE_CURVE('',#3532,#3524,#3534,.T.);
#3532 = VERTEX_POINT('',#3533);
#3533 = CARTESIAN_POINT('',(12.084268862754,-3.9482023485,
    -3.553088521585));
#3534 = LINE('',#3535,#3536);
#3535 = CARTESIAN_POINT('',(12.084268862754,-3.9482023485,
    -7.553088521585));
#3536 = VECTOR('',#3537,1.);
#3537 = DIRECTION('',(-1.224606353822E-16,0.,-1.));
#3538 = ORIENTED_EDGE('',*,*,#3539,.T.);
#3539 = EDGE_CURVE('',#3532,#122,#3540,.T.);
#3540 = LINE('',#3541,#3542);
#3541 = CARTESIAN_POINT('',(12.084268862754,1.0517976515,-3.553088521585
    ));
#3542 = VECTOR('',#3543,1.);
#3543 = DIRECTION('',(0.,1.,0.));
#3544 = PLANE('',#3545);
#3545 = AXIS2_PLACEMENT_3D('',#3546,#3547,#3548);
#3546 = CARTESIAN_POINT('',(12.084268862754,-3.9482023485,5.146911478415
    ));
#3547 = DIRECTION('',(1.,0.,-1.224606353822E-16));
#3548 = DIRECTION('',(-1.224606353822E-16,0.,-1.));
#3549 = ADVANCED_FACE('',(#3550),#3568,.T.);
#3550 = FACE_BOUND('',#3551,.T.);
#3551 = EDGE_LOOP('',(#3552,#3560,#3566,#3567));
#3552 = ORIENTED_EDGE('',*,*,#3553,.F.);
#3553 = EDGE_CURVE('',#3554,#3453,#3556,.T.);
#3554 = VERTEX_POINT('',#3555);
#3555 = CARTESIAN_POINT('',(10.834268862754,-0.5482023485,0.196911478415
    ));
#3556 = LINE('',#3557,#3558);
#3557 = CARTESIAN_POINT('',(10.834268862754,-0.5482023485,
    -7.553088521585));
#3558 = VECTOR('',#3559,1.);
#3559 = DIRECTION('',(0.,0.,1.));
#3560 = ORIENTED_EDGE('',*,*,#3561,.T.);
#3561 = EDGE_CURVE('',#3554,#1444,#3562,.T.);
#3562 = LINE('',#3563,#3564);
#3563 = CARTESIAN_POINT('',(10.834268862754,0.8517976515,0.196911478415)
  );
#3564 = VECTOR('',#3565,1.);
#3565 = DIRECTION('',(0.,-1.,0.));
#3566 = ORIENTED_EDGE('',*,*,#1443,.T.);
#3567 = ORIENTED_EDGE('',*,*,#3462,.T.);
#3568 = PLANE('',#3569);
#3569 = AXIS2_PLACEMENT_3D('',#3570,#3571,#3572);
#3570 = CARTESIAN_POINT('',(10.834268862754,0.8517976515,0.196911478415)
  );
#3571 = DIRECTION('',(-1.,-0.,-0.));
#3572 = DIRECTION('',(0.,0.,-1.));
#3573 = ADVANCED_FACE('',(#3574),#3580,.T.);
#3574 = FACE_BOUND('',#3575,.T.);
#3575 = EDGE_LOOP('',(#3576,#3577,#3578,#3579));
#3576 = ORIENTED_EDGE('',*,*,#2542,.F.);
#3577 = ORIENTED_EDGE('',*,*,#1148,.T.);
#3578 = ORIENTED_EDGE('',*,*,#3052,.T.);
#3579 = ORIENTED_EDGE('',*,*,#2234,.T.);
#3580 = PLANE('',#3581);
#3581 = AXIS2_PLACEMENT_3D('',#3582,#3583,#3584);
#3582 = CARTESIAN_POINT('',(10.834268862754,0.8517976515,6.196911478415)
  );
#3583 = DIRECTION('',(-1.,-0.,-0.));
#3584 = DIRECTION('',(0.,0.,-1.));
#3585 = ADVANCED_FACE('',(#3586),#3604,.F.);
#3586 = FACE_BOUND('',#3587,.T.);
#3587 = EDGE_LOOP('',(#3588,#3589,#3597,#3603));
#3588 = ORIENTED_EDGE('',*,*,#3299,.T.);
#3589 = ORIENTED_EDGE('',*,*,#3590,.T.);
#3590 = EDGE_CURVE('',#3300,#3591,#3593,.T.);
#3591 = VERTEX_POINT('',#3592);
#3592 = CARTESIAN_POINT('',(10.834268862754,-3.2482023485,
    -3.303088521585));
#3593 = LINE('',#3594,#3595);
#3594 = CARTESIAN_POINT('',(10.022218275629,0.,-2.49103793446));
#3595 = VECTOR('',#3596,1.);
#3596 = DIRECTION('',(-0.235702260396,0.942809041582,0.235702260396));
#3597 = ORIENTED_EDGE('',*,*,#3598,.F.);
#3598 = EDGE_CURVE('',#3231,#3591,#3599,.T.);
#3599 = LINE('',#3600,#3601);
#3600 = CARTESIAN_POINT('',(10.834268862754,-3.2482023485,-9.10617704317
    ));
#3601 = VECTOR('',#3602,1.);
#3602 = DIRECTION('',(0.,0.,1.));
#3603 = ORIENTED_EDGE('',*,*,#3230,.F.);
#3604 = PLANE('',#3605);
#3605 = AXIS2_PLACEMENT_3D('',#3606,#3607,#3608);
#3606 = CARTESIAN_POINT('',(10.884268862754,-3.4482023485,
    -3.553088521585));
#3607 = DIRECTION('',(0.970142500145,0.242535625036,-0.));
#3608 = DIRECTION('',(-0.242535625036,0.970142500145,0.));
#3609 = ADVANCED_FACE('',(#3610),#3628,.T.);
#3610 = FACE_BOUND('',#3611,.T.);
#3611 = EDGE_LOOP('',(#3612,#3613,#3621,#3627));
#3612 = ORIENTED_EDGE('',*,*,#579,.F.);
#3613 = ORIENTED_EDGE('',*,*,#3614,.F.);
#3614 = EDGE_CURVE('',#3615,#572,#3617,.T.);
#3615 = VERTEX_POINT('',#3616);
#3616 = CARTESIAN_POINT('',(10.284268862754,0.3517976515,11.746911478415
    ));
#3617 = LINE('',#3618,#3619);
#3618 = CARTESIAN_POINT('',(7.484268862754,0.3517976515,11.746911478415)
  );
#3619 = VECTOR('',#3620,1.);
#3620 = DIRECTION('',(-1.,0.,-1.224606353822E-16));
#3621 = ORIENTED_EDGE('',*,*,#3622,.T.);
#3622 = EDGE_CURVE('',#3615,#3161,#3623,.T.);
#3623 = LINE('',#3624,#3625);
#3624 = CARTESIAN_POINT('',(10.284268862754,0.3517976515,11.746911478415
    ));
#3625 = VECTOR('',#3626,1.);
#3626 = DIRECTION('',(0.,1.,0.));
#3627 = ORIENTED_EDGE('',*,*,#3160,.F.);
#3628 = PLANE('',#3629);
#3629 = AXIS2_PLACEMENT_3D('',#3630,#3631,#3632);
#3630 = CARTESIAN_POINT('',(10.284268862754,0.3517976515,11.746911478415
    ));
#3631 = DIRECTION('',(-1.224606353822E-16,0.,1.));
#3632 = DIRECTION('',(1.,0.,1.224606353822E-16));
#3633 = ADVANCED_FACE('',(#3634),#3659,.T.);
#3634 = FACE_BOUND('',#3635,.T.);
#3635 = EDGE_LOOP('',(#3636,#3644,#3645,#3653));
#3636 = ORIENTED_EDGE('',*,*,#3637,.T.);
#3637 = EDGE_CURVE('',#3638,#730,#3640,.T.);
#3638 = VERTEX_POINT('',#3639);
#3639 = CARTESIAN_POINT('',(7.884268862754,-3.9482023485,-1.953088521585
    ));
#3640 = LINE('',#3641,#3642);
#3641 = CARTESIAN_POINT('',(7.884268862754,-3.9482023485,-7.553088521585
    ));
#3642 = VECTOR('',#3643,1.);
#3643 = DIRECTION('',(1.224606353822E-16,0.,-1.));
#3644 = ORIENTED_EDGE('',*,*,#729,.F.);
#3645 = ORIENTED_EDGE('',*,*,#3646,.T.);
#3646 = EDGE_CURVE('',#722,#3647,#3649,.T.);
#3647 = VERTEX_POINT('',#3648);
#3648 = CARTESIAN_POINT('',(7.884268862754,0.3517976515,-1.953088521585)
  );
#3649 = LINE('',#3650,#3651);
#3650 = CARTESIAN_POINT('',(7.884268862754,0.3517976515,6.446911478415)
  );
#3651 = VECTOR('',#3652,1.);
#3652 = DIRECTION('',(1.224606353822E-16,0.,1.));
#3653 = ORIENTED_EDGE('',*,*,#3654,.T.);
#3654 = EDGE_CURVE('',#3647,#3638,#3655,.T.);
#3655 = LINE('',#3656,#3657);
#3656 = CARTESIAN_POINT('',(7.884268862754,1.0517976515,-1.953088521585)
  );
#3657 = VECTOR('',#3658,1.);
#3658 = DIRECTION('',(0.,-1.,0.));
#3659 = PLANE('',#3660);
#3660 = AXIS2_PLACEMENT_3D('',#3661,#3662,#3663);
#3661 = CARTESIAN_POINT('',(7.884268862754,0.3517976515,-1.953088521585)
  );
#3662 = DIRECTION('',(1.,-0.,1.224606353822E-16));
#3663 = DIRECTION('',(1.224606353822E-16,0.,-1.));
#3664 = ADVANCED_FACE('',(#3665),#3676,.T.);
#3665 = FACE_BOUND('',#3666,.T.);
#3666 = EDGE_LOOP('',(#3667,#3673,#3674,#3675));
#3667 = ORIENTED_EDGE('',*,*,#3668,.F.);
#3668 = EDGE_CURVE('',#2727,#2883,#3669,.T.);
#3669 = LINE('',#3670,#3671);
#3670 = CARTESIAN_POINT('',(10.834268862754,-0.5482023485,
    -7.553088521585));
#3671 = VECTOR('',#3672,1.);
#3672 = DIRECTION('',(0.,0.,1.));
#3673 = ORIENTED_EDGE('',*,*,#2736,.T.);
#3674 = ORIENTED_EDGE('',*,*,#217,.T.);
#3675 = ORIENTED_EDGE('',*,*,#2890,.T.);
#3676 = PLANE('',#3677);
#3677 = AXIS2_PLACEMENT_3D('',#3678,#3679,#3680);
#3678 = CARTESIAN_POINT('',(10.834268862754,0.8517976515,2.196911478415)
  );
#3679 = DIRECTION('',(-1.,-0.,-0.));
#3680 = DIRECTION('',(0.,0.,-1.));
#3681 = ADVANCED_FACE('',(#3682),#3688,.T.);
#3682 = FACE_BOUND('',#3683,.T.);
#3683 = EDGE_LOOP('',(#3684,#3685,#3686,#3687));
#3684 = ORIENTED_EDGE('',*,*,#3284,.T.);
#3685 = ORIENTED_EDGE('',*,*,#817,.T.);
#3686 = ORIENTED_EDGE('',*,*,#2750,.T.);
#3687 = ORIENTED_EDGE('',*,*,#2625,.T.);
#3688 = PLANE('',#3689);
#3689 = AXIS2_PLACEMENT_3D('',#3690,#3691,#3692);
#3690 = CARTESIAN_POINT('',(11.084268862754,3.7517976515,-1.753088521585
    ));
#3691 = DIRECTION('',(-2.341466393106E-16,0.242535625036,-0.970142500145
    ));
#3692 = DIRECTION('',(0.,-0.970142500145,-0.242535625036));
#3693 = ADVANCED_FACE('',(#3694),#3705,.F.);
#3694 = FACE_BOUND('',#3695,.T.);
#3695 = EDGE_LOOP('',(#3696,#3697,#3703,#3704));
#3696 = ORIENTED_EDGE('',*,*,#1570,.T.);
#3697 = ORIENTED_EDGE('',*,*,#3698,.F.);
#3698 = EDGE_CURVE('',#3492,#1563,#3699,.T.);
#3699 = LINE('',#3700,#3701);
#3700 = CARTESIAN_POINT('',(7.484268862754,-3.9482023485,10.446911478415
    ));
#3701 = VECTOR('',#3702,1.);
#3702 = DIRECTION('',(1.,0.,0.));
#3703 = ORIENTED_EDGE('',*,*,#3491,.T.);
#3704 = ORIENTED_EDGE('',*,*,#145,.F.);
#3705 = PLANE('',#3706);
#3706 = AXIS2_PLACEMENT_3D('',#3707,#3708,#3709);
#3707 = CARTESIAN_POINT('',(5.984268862754,1.5596376515,10.446911478415)
  );
#3708 = DIRECTION('',(0.,0.,1.));
#3709 = DIRECTION('',(1.,0.,-0.));
#3710 = ADVANCED_FACE('',(#3711),#3836,.F.);
#3711 = FACE_BOUND('',#3712,.T.);
#3712 = EDGE_LOOP('',(#3713,#3714,#3715,#3721,#3722,#3728,#3729,#3735,
    #3736,#3742,#3743,#3744,#3745,#3746,#3747,#3753,#3754,#3755,#3756,
    #3762,#3763,#3764,#3772,#3778,#3779,#3780,#3786,#3787,#3788,#3789,
    #3795,#3796,#3797,#3798,#3804,#3805,#3806,#3814,#3820,#3821,#3822,
    #3828,#3829,#3835));
#3713 = ORIENTED_EDGE('',*,*,#3698,.T.);
#3714 = ORIENTED_EDGE('',*,*,#1562,.T.);
#3715 = ORIENTED_EDGE('',*,*,#3716,.F.);
#3716 = EDGE_CURVE('',#1070,#1555,#3717,.T.);
#3717 = LINE('',#3718,#3719);
#3718 = CARTESIAN_POINT('',(7.484268862754,-3.9482023485,12.446911478415
    ));
#3719 = VECTOR('',#3720,1.);
#3720 = DIRECTION('',(1.,0.,1.224606353822E-16));
#3721 = ORIENTED_EDGE('',*,*,#1069,.F.);
#3722 = ORIENTED_EDGE('',*,*,#3723,.T.);
#3723 = EDGE_CURVE('',#1062,#1586,#3724,.T.);
#3724 = LINE('',#3725,#3726);
#3725 = CARTESIAN_POINT('',(7.484268862754,-3.9482023485,-5.553088521585
    ));
#3726 = VECTOR('',#3727,1.);
#3727 = DIRECTION('',(1.,0.,-1.224606353822E-16));
#3728 = ORIENTED_EDGE('',*,*,#1585,.F.);
#3729 = ORIENTED_EDGE('',*,*,#3730,.F.);
#3730 = EDGE_CURVE('',#3532,#1578,#3731,.T.);
#3731 = LINE('',#3732,#3733);
#3732 = CARTESIAN_POINT('',(7.484268862754,-3.9482023485,-3.553088521585
    ));
#3733 = VECTOR('',#3734,1.);
#3734 = DIRECTION('',(1.,0.,0.));
#3735 = ORIENTED_EDGE('',*,*,#3531,.T.);
#3736 = ORIENTED_EDGE('',*,*,#3737,.T.);
#3737 = EDGE_CURVE('',#3524,#320,#3738,.T.);
#3738 = LINE('',#3739,#3740);
#3739 = CARTESIAN_POINT('',(7.484268862754,-3.9482023485,-4.853088521585
    ));
#3740 = VECTOR('',#3741,1.);
#3741 = DIRECTION('',(-1.,0.,0.));
#3742 = ORIENTED_EDGE('',*,*,#319,.T.);
#3743 = ORIENTED_EDGE('',*,*,#1833,.T.);
#3744 = ORIENTED_EDGE('',*,*,#97,.T.);
#3745 = ORIENTED_EDGE('',*,*,#737,.T.);
#3746 = ORIENTED_EDGE('',*,*,#3637,.F.);
#3747 = ORIENTED_EDGE('',*,*,#3748,.F.);
#3748 = EDGE_CURVE('',#42,#3638,#3749,.T.);
#3749 = LINE('',#3750,#3751);
#3750 = CARTESIAN_POINT('',(7.484268862754,-3.9482023485,-2.238802807299
    ));
#3751 = VECTOR('',#3752,1.);
#3752 = DIRECTION('',(-0.813733471207,0.,-0.581238193719));
#3753 = ORIENTED_EDGE('',*,*,#65,.F.);
#3754 = ORIENTED_EDGE('',*,*,#1530,.T.);
#3755 = ORIENTED_EDGE('',*,*,#2195,.F.);
#3756 = ORIENTED_EDGE('',*,*,#3757,.F.);
#3757 = EDGE_CURVE('',#360,#2196,#3758,.T.);
#3758 = LINE('',#3759,#3760);
#3759 = CARTESIAN_POINT('',(7.484268862754,-3.9482023485,-0.238802807299
    ));
#3760 = VECTOR('',#3761,1.);
#3761 = DIRECTION('',(-0.813733471207,0.,-0.581238193719));
#3762 = ORIENTED_EDGE('',*,*,#385,.T.);
#3763 = ORIENTED_EDGE('',*,*,#1795,.T.);
#3764 = ORIENTED_EDGE('',*,*,#3765,.F.);
#3765 = EDGE_CURVE('',#3766,#1788,#3768,.T.);
#3766 = VERTEX_POINT('',#3767);
#3767 = CARTESIAN_POINT('',(7.884268862754,-3.9482023485,2.046911478415)
  );
#3768 = LINE('',#3769,#3770);
#3769 = CARTESIAN_POINT('',(7.884268862754,-3.9482023485,-7.553088521585
    ));
#3770 = VECTOR('',#3771,1.);
#3771 = DIRECTION('',(1.224606353822E-16,0.,-1.));
#3772 = ORIENTED_EDGE('',*,*,#3773,.F.);
#3773 = EDGE_CURVE('',#1163,#3766,#3774,.T.);
#3774 = LINE('',#3775,#3776);
#3775 = CARTESIAN_POINT('',(7.484268862754,-3.9482023485,1.761197192701)
  );
#3776 = VECTOR('',#3777,1.);
#3777 = DIRECTION('',(-0.813733471207,0.,-0.581238193719));
#3778 = ORIENTED_EDGE('',*,*,#1188,.F.);
#3779 = ORIENTED_EDGE('',*,*,#2312,.F.);
#3780 = ORIENTED_EDGE('',*,*,#3781,.F.);
#3781 = EDGE_CURVE('',#2063,#2305,#3782,.T.);
#3782 = LINE('',#3783,#3784);
#3783 = CARTESIAN_POINT('',(7.884268862754,-3.9482023485,-7.553088521585
    ));
#3784 = VECTOR('',#3785,1.);
#3785 = DIRECTION('',(1.224606353822E-16,0.,-1.));
#3786 = ORIENTED_EDGE('',*,*,#2062,.F.);
#3787 = ORIENTED_EDGE('',*,*,#507,.T.);
#3788 = ORIENTED_EDGE('',*,*,#2504,.F.);
#3789 = ORIENTED_EDGE('',*,*,#3790,.F.);
#3790 = EDGE_CURVE('',#524,#2497,#3791,.T.);
#3791 = LINE('',#3792,#3793);
#3792 = CARTESIAN_POINT('',(7.884268862754,-3.9482023485,-7.553088521585
    ));
#3793 = VECTOR('',#3794,1.);
#3794 = DIRECTION('',(1.224606353822E-16,0.,-1.));
#3795 = ORIENTED_EDGE('',*,*,#521,.F.);
#3796 = ORIENTED_EDGE('',*,*,#1108,.F.);
#3797 = ORIENTED_EDGE('',*,*,#3395,.F.);
#3798 = ORIENTED_EDGE('',*,*,#3799,.F.);
#3799 = EDGE_CURVE('',#2960,#3388,#3800,.T.);
#3800 = LINE('',#3801,#3802);
#3801 = CARTESIAN_POINT('',(7.884268862754,-3.9482023485,-7.553088521585
    ));
#3802 = VECTOR('',#3803,1.);
#3803 = DIRECTION('',(1.224606353822E-16,0.,-1.));
#3804 = ORIENTED_EDGE('',*,*,#2959,.F.);
#3805 = ORIENTED_EDGE('',*,*,#2681,.F.);
#3806 = ORIENTED_EDGE('',*,*,#3807,.T.);
#3807 = EDGE_CURVE('',#2674,#3808,#3810,.T.);
#3808 = VERTEX_POINT('',#3809);
#3809 = CARTESIAN_POINT('',(7.884268862754,-3.9482023485,8.846911478415)
  );
#3810 = LINE('',#3811,#3812);
#3811 = CARTESIAN_POINT('',(7.484268862754,-3.9482023485,9.132625764129)
  );
#3812 = VECTOR('',#3813,1.);
#3813 = DIRECTION('',(-0.813733471207,0.,0.581238193719));
#3814 = ORIENTED_EDGE('',*,*,#3815,.F.);
#3815 = EDGE_CURVE('',#1014,#3808,#3816,.T.);
#3816 = LINE('',#3817,#3818);
#3817 = CARTESIAN_POINT('',(7.884268862754,-3.9482023485,-7.553088521585
    ));
#3818 = VECTOR('',#3819,1.);
#3819 = DIRECTION('',(1.224606353822E-16,0.,-1.));
#3820 = ORIENTED_EDGE('',*,*,#1011,.F.);
#3821 = ORIENTED_EDGE('',*,*,#2418,.F.);
#3822 = ORIENTED_EDGE('',*,*,#3823,.F.);
#3823 = EDGE_CURVE('',#936,#2411,#3824,.T.);
#3824 = LINE('',#3825,#3826);
#3825 = CARTESIAN_POINT('',(7.484268862754,-3.9482023485,11.132625764129
    ));
#3826 = VECTOR('',#3827,1.);
#3827 = DIRECTION('',(0.813733471207,0.,-0.581238193719));
#3828 = ORIENTED_EDGE('',*,*,#933,.F.);
#3829 = ORIENTED_EDGE('',*,*,#3830,.F.);
#3830 = EDGE_CURVE('',#3500,#934,#3831,.T.);
#3831 = LINE('',#3832,#3833);
#3832 = CARTESIAN_POINT('',(7.484268862754,-3.9482023485,11.746911478415
    ));
#3833 = VECTOR('',#3834,1.);
#3834 = DIRECTION('',(-1.,0.,0.));
#3835 = ORIENTED_EDGE('',*,*,#3499,.T.);
#3836 = PLANE('',#3837);
#3837 = AXIS2_PLACEMENT_3D('',#3838,#3839,#3840);
#3838 = CARTESIAN_POINT('',(9.094706797254,-3.9482023485,9.271792480413)
  );
#3839 = DIRECTION('',(-0.,1.,0.));
#3840 = DIRECTION('',(1.,0.,0.));
#3841 = ADVANCED_FACE('',(#3842),#3848,.T.);
#3842 = FACE_BOUND('',#3843,.T.);
#3843 = EDGE_LOOP('',(#3844,#3845,#3846,#3847));
#3844 = ORIENTED_EDGE('',*,*,#769,.T.);
#3845 = ORIENTED_EDGE('',*,*,#2370,.T.);
#3846 = ORIENTED_EDGE('',*,*,#2257,.T.);
#3847 = ORIENTED_EDGE('',*,*,#872,.T.);
#3848 = PLANE('',#3849);
#3849 = AXIS2_PLACEMENT_3D('',#3850,#3851,#3852);
#3850 = CARTESIAN_POINT('',(11.084268862754,3.7517976515,4.246911478415)
  );
#3851 = DIRECTION('',(-2.341466393106E-16,0.242535625036,-0.970142500145
    ));
#3852 = DIRECTION('',(0.,-0.970142500145,-0.242535625036));
#3853 = ADVANCED_FACE('',(#3854),#3870,.T.);
#3854 = FACE_BOUND('',#3855,.T.);
#3855 = EDGE_LOOP('',(#3856,#3862,#3863,#3869));
#3856 = ORIENTED_EDGE('',*,*,#3857,.F.);
#3857 = EDGE_CURVE('',#2787,#2457,#3858,.T.);
#3858 = LINE('',#3859,#3860);
#3859 = CARTESIAN_POINT('',(7.484268862754,-0.5482023485,4.696911478415)
  );
#3860 = VECTOR('',#3861,1.);
#3861 = DIRECTION('',(1.,0.,-2.413528314403E-16));
#3862 = ORIENTED_EDGE('',*,*,#2796,.F.);
#3863 = ORIENTED_EDGE('',*,*,#3864,.T.);
#3864 = EDGE_CURVE('',#1929,#2465,#3865,.T.);
#3865 = LINE('',#3866,#3867);
#3866 = CARTESIAN_POINT('',(8.209531969062,-3.2482023485,4.696911478415)
  );
#3867 = VECTOR('',#3868,1.);
#3868 = DIRECTION('',(1.,-6.352650070599E-33,-2.413528314403E-16));
#3869 = ORIENTED_EDGE('',*,*,#2464,.F.);
#3870 = PLANE('',#3871);
#3871 = AXIS2_PLACEMENT_3D('',#3872,#3873,#3874);
#3872 = CARTESIAN_POINT('',(10.834268862754,0.8517976515,4.696911478415)
  );
#3873 = DIRECTION('',(2.413528314403E-16,0.,1.));
#3874 = DIRECTION('',(-1.,0.,2.413528314403E-16));
#3875 = ADVANCED_FACE('',(#3876),#3937,.T.);
#3876 = FACE_BOUND('',#3877,.T.);
#3877 = EDGE_LOOP('',(#3878,#3879,#3880,#3889,#3896,#3897,#3905,#3913,
    #3922,#3931));
#3878 = ORIENTED_EDGE('',*,*,#3007,.T.);
#3879 = ORIENTED_EDGE('',*,*,#1268,.F.);
#3880 = ORIENTED_EDGE('',*,*,#3881,.T.);
#3881 = EDGE_CURVE('',#1261,#3882,#3884,.T.);
#3882 = VERTEX_POINT('',#3883);
#3883 = CARTESIAN_POINT('',(11.034268862754,1.8517976515,10.196911478415
    ));
#3884 = CIRCLE('',#3885,0.7);
#3885 = AXIS2_PLACEMENT_3D('',#3886,#3887,#3888);
#3886 = CARTESIAN_POINT('',(10.334268862754,1.8517976515,10.196911478415
    ));
#3887 = DIRECTION('',(0.,0.,1.));
#3888 = DIRECTION('',(-1.,0.,0.));
#3889 = ORIENTED_EDGE('',*,*,#3890,.T.);
#3890 = EDGE_CURVE('',#3882,#2165,#3891,.T.);
#3891 = CIRCLE('',#3892,0.7);
#3892 = AXIS2_PLACEMENT_3D('',#3893,#3894,#3895);
#3893 = CARTESIAN_POINT('',(10.334268862754,1.8517976515,10.196911478415
    ));
#3894 = DIRECTION('',(0.,0.,1.));
#3895 = DIRECTION('',(-1.,0.,0.));
#3896 = ORIENTED_EDGE('',*,*,#2181,.F.);
#3897 = ORIENTED_EDGE('',*,*,#3898,.F.);
#3898 = EDGE_CURVE('',#3899,#651,#3901,.T.);
#3899 = VERTEX_POINT('',#3900);
#3900 = CARTESIAN_POINT('',(11.334268862754,3.5517976515,10.196911478415
    ));
#3901 = LINE('',#3902,#3903);
#3902 = CARTESIAN_POINT('',(8.209531969062,3.5517976515,10.196911478415)
  );
#3903 = VECTOR('',#3904,1.);
#3904 = DIRECTION('',(-1.,1.016424011296E-31,2.413528314403E-16));
#3905 = ORIENTED_EDGE('',*,*,#3906,.F.);
#3906 = EDGE_CURVE('',#3907,#3899,#3909,.T.);
#3907 = VERTEX_POINT('',#3908);
#3908 = CARTESIAN_POINT('',(11.334268862754,2.341695600056,
    10.196911478415));
#3909 = LINE('',#3910,#3911);
#3910 = CARTESIAN_POINT('',(11.334268862754,0.8517976515,10.196911478415
    ));
#3911 = VECTOR('',#3912,1.);
#3912 = DIRECTION('',(0.,1.,0.));
#3913 = ORIENTED_EDGE('',*,*,#3914,.F.);
#3914 = EDGE_CURVE('',#3915,#3907,#3917,.T.);
#3915 = VERTEX_POINT('',#3916);
#3916 = CARTESIAN_POINT('',(11.534268862754,1.8517976515,10.196911478415
    ));
#3917 = CIRCLE('',#3918,0.7);
#3918 = AXIS2_PLACEMENT_3D('',#3919,#3920,#3921);
#3919 = CARTESIAN_POINT('',(10.834268862754,1.8517976515,10.196911478415
    ));
#3920 = DIRECTION('',(0.,0.,1.));
#3921 = DIRECTION('',(-1.,0.,0.));
#3922 = ORIENTED_EDGE('',*,*,#3923,.F.);
#3923 = EDGE_CURVE('',#3924,#3915,#3926,.T.);
#3924 = VERTEX_POINT('',#3925);
#3925 = CARTESIAN_POINT('',(11.334268862754,1.361899702943,
    10.196911478415));
#3926 = CIRCLE('',#3927,0.7);
#3927 = AXIS2_PLACEMENT_3D('',#3928,#3929,#3930);
#3928 = CARTESIAN_POINT('',(10.834268862754,1.8517976515,10.196911478415
    ));
#3929 = DIRECTION('',(0.,0.,1.));
#3930 = DIRECTION('',(-1.,0.,0.));
#3931 = ORIENTED_EDGE('',*,*,#3932,.F.);
#3932 = EDGE_CURVE('',#2993,#3924,#3933,.T.);
#3933 = LINE('',#3934,#3935);
#3934 = CARTESIAN_POINT('',(11.334268862754,0.8517976515,10.196911478415
    ));
#3935 = VECTOR('',#3936,1.);
#3936 = DIRECTION('',(0.,1.,0.));
#3937 = PLANE('',#3938);
#3938 = AXIS2_PLACEMENT_3D('',#3939,#3940,#3941);
#3939 = CARTESIAN_POINT('',(11.334268862754,0.8517976515,10.196911478415
    ));
#3940 = DIRECTION('',(-2.413528314403E-16,-0.,-1.));
#3941 = DIRECTION('',(1.,0.,-2.413528314403E-16));
#3942 = ADVANCED_FACE('',(#3943),#3968,.T.);
#3943 = FACE_BOUND('',#3944,.T.);
#3944 = EDGE_LOOP('',(#3945,#3953,#3961,#3967));
#3945 = ORIENTED_EDGE('',*,*,#3946,.F.);
#3946 = EDGE_CURVE('',#3947,#641,#3949,.T.);
#3947 = VERTEX_POINT('',#3948);
#3948 = CARTESIAN_POINT('',(11.234268862754,3.9517976515,10.596911478415
    ));
#3949 = LINE('',#3950,#3951);
#3950 = CARTESIAN_POINT('',(8.209531969062,3.9517976515,10.596911478415)
  );
#3951 = VECTOR('',#3952,1.);
#3952 = DIRECTION('',(-1.,0.,2.413528314403E-16));
#3953 = ORIENTED_EDGE('',*,*,#3954,.F.);
#3954 = EDGE_CURVE('',#3955,#3947,#3957,.T.);
#3955 = VERTEX_POINT('',#3956);
#3956 = CARTESIAN_POINT('',(11.234268862754,3.9517976515,10.296911478415
    ));
#3957 = LINE('',#3958,#3959);
#3958 = CARTESIAN_POINT('',(11.234268862754,3.9517976515,10.542971342958
    ));
#3959 = VECTOR('',#3960,1.);
#3960 = DIRECTION('',(0.,0.,1.));
#3961 = ORIENTED_EDGE('',*,*,#3962,.F.);
#3962 = EDGE_CURVE('',#643,#3955,#3963,.T.);
#3963 = LINE('',#3964,#3965);
#3964 = CARTESIAN_POINT('',(8.209531969062,3.9517976515,10.296911478415)
  );
#3965 = VECTOR('',#3966,1.);
#3966 = DIRECTION('',(1.,0.,-2.413528314403E-16));
#3967 = ORIENTED_EDGE('',*,*,#640,.F.);
#3968 = PLANE('',#3969);
#3969 = AXIS2_PLACEMENT_3D('',#3970,#3971,#3972);
#3970 = CARTESIAN_POINT('',(8.209531969062,3.9517976515,10.542971342958)
  );
#3971 = DIRECTION('',(0.,1.,-0.));
#3972 = DIRECTION('',(-1.,0.,0.));
#3973 = ADVANCED_FACE('',(#3974),#3980,.T.);
#3974 = FACE_BOUND('',#3975,.T.);
#3975 = EDGE_LOOP('',(#3976,#3977,#3978,#3979));
#3976 = ORIENTED_EDGE('',*,*,#2103,.T.);
#3977 = ORIENTED_EDGE('',*,*,#2837,.F.);
#3978 = ORIENTED_EDGE('',*,*,#2133,.T.);
#3979 = ORIENTED_EDGE('',*,*,#2519,.F.);
#3980 = PLANE('',#3981);
#3981 = AXIS2_PLACEMENT_3D('',#3982,#3983,#3984);
#3982 = CARTESIAN_POINT('',(11.284268862754,3.7517976515,6.446911478415)
  );
#3983 = DIRECTION('',(0.970142500145,0.242535625036,0.));
#3984 = DIRECTION('',(0.242535625036,-0.970142500145,3.36585794009E-17)
  );
#3985 = ADVANCED_FACE('',(#3986),#3997,.T.);
#3986 = FACE_BOUND('',#3987,.T.);
#3987 = EDGE_LOOP('',(#3988,#3989,#3990,#3996));
#3988 = ORIENTED_EDGE('',*,*,#3277,.T.);
#3989 = ORIENTED_EDGE('',*,*,#2641,.T.);
#3990 = ORIENTED_EDGE('',*,*,#3991,.T.);
#3991 = EDGE_CURVE('',#2634,#802,#3992,.T.);
#3992 = LINE('',#3993,#3994);
#3993 = CARTESIAN_POINT('',(8.209531969062,3.5517976515,-1.303088521585)
  );
#3994 = VECTOR('',#3995,1.);
#3995 = DIRECTION('',(1.,1.016424011296E-31,-2.413528314403E-16));
#3996 = ORIENTED_EDGE('',*,*,#801,.T.);
#3997 = PLANE('',#3998);
#3998 = AXIS2_PLACEMENT_3D('',#3999,#4000,#4001);
#3999 = CARTESIAN_POINT('',(11.084268862754,3.7517976515,-1.353088521585
    ));
#4000 = DIRECTION('',(2.341466393106E-16,0.242535625036,0.970142500145)
  );
#4001 = DIRECTION('',(0.,-0.970142500145,0.242535625036));
#4002 = ADVANCED_FACE('',(#4003),#4019,.T.);
#4003 = FACE_BOUND('',#4004,.T.);
#4004 = EDGE_LOOP('',(#4005,#4011,#4012,#4018));
#4005 = ORIENTED_EDGE('',*,*,#4006,.F.);
#4006 = EDGE_CURVE('',#2912,#2032,#4007,.T.);
#4007 = LINE('',#4008,#4009);
#4008 = CARTESIAN_POINT('',(11.334268862754,-0.5482023485,
    -7.553088521585));
#4009 = VECTOR('',#4010,1.);
#4010 = DIRECTION('',(0.,0.,-1.));
#4011 = ORIENTED_EDGE('',*,*,#2928,.T.);
#4012 = ORIENTED_EDGE('',*,*,#4013,.T.);
#4013 = EDGE_CURVE('',#2921,#2040,#4014,.T.);
#4014 = LINE('',#4015,#4016);
#4015 = CARTESIAN_POINT('',(11.334268862754,-3.2482023485,8.542971342958
    ));
#4016 = VECTOR('',#4017,1.);
#4017 = DIRECTION('',(0.,0.,-1.));
#4018 = ORIENTED_EDGE('',*,*,#2039,.T.);
#4019 = PLANE('',#4020);
#4020 = AXIS2_PLACEMENT_3D('',#4021,#4022,#4023);
#4021 = CARTESIAN_POINT('',(11.334268862754,0.8517976515,8.696911478415)
  );
#4022 = DIRECTION('',(1.,0.,-0.));
#4023 = DIRECTION('',(0.,0.,1.));
#4024 = ADVANCED_FACE('',(#4025),#4043,.F.);
#4025 = FACE_BOUND('',#4026,.T.);
#4026 = EDGE_LOOP('',(#4027,#4028,#4036,#4042));
#4027 = ORIENTED_EDGE('',*,*,#3316,.T.);
#4028 = ORIENTED_EDGE('',*,*,#4029,.F.);
#4029 = EDGE_CURVE('',#4030,#3309,#4032,.T.);
#4030 = VERTEX_POINT('',#4031);
#4031 = CARTESIAN_POINT('',(11.334268862754,-3.2482023485,
    -3.303088521585));
#4032 = LINE('',#4033,#4034);
#4033 = CARTESIAN_POINT('',(12.146319449879,0.,-2.49103793446));
#4034 = VECTOR('',#4035,1.);
#4035 = DIRECTION('',(-0.235702260396,-0.942809041582,-0.235702260396));
#4036 = ORIENTED_EDGE('',*,*,#4037,.F.);
#4037 = EDGE_CURVE('',#3591,#4030,#4038,.T.);
#4038 = LINE('',#4039,#4040);
#4039 = CARTESIAN_POINT('',(0.,-3.2482023485,-3.303088521585));
#4040 = VECTOR('',#4041,1.);
#4041 = DIRECTION('',(1.,-6.352650070599E-33,-2.413528314403E-16));
#4042 = ORIENTED_EDGE('',*,*,#3590,.F.);
#4043 = PLANE('',#4044);
#4044 = AXIS2_PLACEMENT_3D('',#4045,#4046,#4047);
#4045 = CARTESIAN_POINT('',(11.084268862754,-3.4482023485,
    -3.353088521585));
#4046 = DIRECTION('',(-2.341466393106E-16,0.242535625036,-0.970142500145
    ));
#4047 = DIRECTION('',(0.,0.970142500145,0.242535625036));
#4048 = ADVANCED_FACE('',(#4049),#4055,.F.);
#4049 = FACE_BOUND('',#4050,.T.);
#4050 = EDGE_LOOP('',(#4051,#4052,#4053,#4054));
#4051 = ORIENTED_EDGE('',*,*,#2442,.T.);
#4052 = ORIENTED_EDGE('',*,*,#3263,.T.);
#4053 = ORIENTED_EDGE('',*,*,#3864,.F.);
#4054 = ORIENTED_EDGE('',*,*,#1928,.F.);
#4055 = PLANE('',#4056);
#4056 = AXIS2_PLACEMENT_3D('',#4057,#4058,#4059);
#4057 = CARTESIAN_POINT('',(11.034268862754,-3.4482023485,4.646911478415
    ));
#4058 = DIRECTION('',(-2.341466393106E-16,0.242535625036,-0.970142500145
    ));
#4059 = DIRECTION('',(0.,0.970142500145,0.242535625036));
#4060 = ADVANCED_FACE('',(#4061),#4079,.T.);
#4061 = FACE_BOUND('',#4062,.T.);
#4062 = EDGE_LOOP('',(#4063,#4071,#4077,#4078));
#4063 = ORIENTED_EDGE('',*,*,#4064,.T.);
#4064 = EDGE_CURVE('',#3924,#4065,#4067,.T.);
#4065 = VERTEX_POINT('',#4066);
#4066 = CARTESIAN_POINT('',(11.334268862754,1.361899702943,
    10.696911478415));
#4067 = LINE('',#4068,#4069);
#4068 = CARTESIAN_POINT('',(11.334268862754,1.361899702943,
    10.696911478415));
#4069 = VECTOR('',#4070,1.);
#4070 = DIRECTION('',(0.,0.,1.));
#4071 = ORIENTED_EDGE('',*,*,#4072,.T.);
#4072 = EDGE_CURVE('',#4065,#2991,#4073,.T.);
#4073 = LINE('',#4074,#4075);
#4074 = CARTESIAN_POINT('',(11.334268862754,0.8517976515,10.696911478415
    ));
#4075 = VECTOR('',#4076,1.);
#4076 = DIRECTION('',(0.,-1.,0.));
#4077 = ORIENTED_EDGE('',*,*,#2990,.T.);
#4078 = ORIENTED_EDGE('',*,*,#3932,.T.);
#4079 = PLANE('',#4080);
#4080 = AXIS2_PLACEMENT_3D('',#4081,#4082,#4083);
#4081 = CARTESIAN_POINT('',(11.334268862754,0.8517976515,10.696911478415
    ));
#4082 = DIRECTION('',(1.,0.,-0.));
#4083 = DIRECTION('',(0.,0.,1.));
#4084 = ADVANCED_FACE('',(#4085),#4103,.F.);
#4085 = FACE_BOUND('',#4086,.T.);
#4086 = EDGE_LOOP('',(#4087,#4088,#4096,#4102));
#4087 = ORIENTED_EDGE('',*,*,#2673,.T.);
#4088 = ORIENTED_EDGE('',*,*,#4089,.T.);
#4089 = EDGE_CURVE('',#2666,#4090,#4092,.T.);
#4090 = VERTEX_POINT('',#4091);
#4091 = CARTESIAN_POINT('',(7.884268862754,0.3517976515,8.846911478415)
  );
#4092 = LINE('',#4093,#4094);
#4093 = CARTESIAN_POINT('',(7.484268862754,0.3517976515,9.132625764129)
  );
#4094 = VECTOR('',#4095,1.);
#4095 = DIRECTION('',(-0.813733471207,0.,0.581238193719));
#4096 = ORIENTED_EDGE('',*,*,#4097,.T.);
#4097 = EDGE_CURVE('',#4090,#3808,#4098,.T.);
#4098 = LINE('',#4099,#4100);
#4099 = CARTESIAN_POINT('',(7.884268862754,1.0517976515,8.846911478415)
  );
#4100 = VECTOR('',#4101,1.);
#4101 = DIRECTION('',(0.,-1.,0.));
#4102 = ORIENTED_EDGE('',*,*,#3807,.F.);
#4103 = PLANE('',#4104);
#4104 = AXIS2_PLACEMENT_3D('',#4105,#4106,#4107);
#4105 = CARTESIAN_POINT('',(8.234268862754,0.3517976515,8.596911478415)
  );
#4106 = DIRECTION('',(-0.581238193719,0.,-0.813733471207));
#4107 = DIRECTION('',(-0.813733471207,0.,0.581238193719));
#4108 = ADVANCED_FACE('',(#4109),#4120,.T.);
#4109 = FACE_BOUND('',#4110,.T.);
#4110 = EDGE_LOOP('',(#4111,#4112,#4118,#4119));
#4111 = ORIENTED_EDGE('',*,*,#3962,.T.);
#4112 = ORIENTED_EDGE('',*,*,#4113,.T.);
#4113 = EDGE_CURVE('',#3955,#3899,#4114,.T.);
#4114 = LINE('',#4115,#4116);
#4115 = CARTESIAN_POINT('',(12.009268862754,0.8517976515,9.521911478415)
  );
#4116 = VECTOR('',#4117,1.);
#4117 = DIRECTION('',(0.235702260396,-0.942809041582,-0.235702260396));
#4118 = ORIENTED_EDGE('',*,*,#3898,.T.);
#4119 = ORIENTED_EDGE('',*,*,#650,.T.);
#4120 = PLANE('',#4121);
#4121 = AXIS2_PLACEMENT_3D('',#4122,#4123,#4124);
#4122 = CARTESIAN_POINT('',(11.084268862754,3.7517976515,10.246911478415
    ));
#4123 = DIRECTION('',(-2.341466393106E-16,0.242535625036,-0.970142500145
    ));
#4124 = DIRECTION('',(0.,-0.970142500145,-0.242535625036));
#4125 = ADVANCED_FACE('',(#4126),#4144,.T.);
#4126 = FACE_BOUND('',#4127,.T.);
#4127 = EDGE_LOOP('',(#4128,#4129,#4137,#4143));
#4128 = ORIENTED_EDGE('',*,*,#3773,.T.);
#4129 = ORIENTED_EDGE('',*,*,#4130,.F.);
#4130 = EDGE_CURVE('',#4131,#3766,#4133,.T.);
#4131 = VERTEX_POINT('',#4132);
#4132 = CARTESIAN_POINT('',(7.884268862754,0.3517976515,2.046911478415)
  );
#4133 = LINE('',#4134,#4135);
#4134 = CARTESIAN_POINT('',(7.884268862754,1.0517976515,2.046911478415)
  );
#4135 = VECTOR('',#4136,1.);
#4136 = DIRECTION('',(0.,-1.,0.));
#4137 = ORIENTED_EDGE('',*,*,#4138,.F.);
#4138 = EDGE_CURVE('',#1165,#4131,#4139,.T.);
#4139 = LINE('',#4140,#4141);
#4140 = CARTESIAN_POINT('',(7.484268862754,0.3517976515,1.761197192701)
  );
#4141 = VECTOR('',#4142,1.);
#4142 = DIRECTION('',(-0.813733471207,0.,-0.581238193719));
#4143 = ORIENTED_EDGE('',*,*,#1162,.F.);
#4144 = PLANE('',#4145);
#4145 = AXIS2_PLACEMENT_3D('',#4146,#4147,#4148);
#4146 = CARTESIAN_POINT('',(8.234268862754,0.3517976515,2.296911478415)
  );
#4147 = DIRECTION('',(0.581238193719,0.,-0.813733471207));
#4148 = DIRECTION('',(-0.813733471207,0.,-0.581238193719));
#4149 = ADVANCED_FACE('',(#4150),#4166,.F.);
#4150 = FACE_BOUND('',#4151,.T.);
#4151 = EDGE_LOOP('',(#4152,#4158,#4159,#4165));
#4152 = ORIENTED_EDGE('',*,*,#4153,.T.);
#4153 = EDGE_CURVE('',#2854,#832,#4154,.T.);
#4154 = LINE('',#4155,#4156);
#4155 = CARTESIAN_POINT('',(8.209531969062,-3.6482023485,10.296911478415
    ));
#4156 = VECTOR('',#4157,1.);
#4157 = DIRECTION('',(-1.,0.,2.413528314403E-16));
#4158 = ORIENTED_EDGE('',*,*,#857,.F.);
#4159 = ORIENTED_EDGE('',*,*,#4160,.F.);
#4160 = EDGE_CURVE('',#1717,#850,#4161,.T.);
#4161 = LINE('',#4162,#4163);
#4162 = CARTESIAN_POINT('',(8.209531969062,-3.2482023485,10.196911478415
    ));
#4163 = VECTOR('',#4164,1.);
#4164 = DIRECTION('',(-1.,-6.352650070599E-33,2.413528314403E-16));
#4165 = ORIENTED_EDGE('',*,*,#2861,.F.);
#4166 = PLANE('',#4167);
#4167 = AXIS2_PLACEMENT_3D('',#4168,#4169,#4170);
#4168 = CARTESIAN_POINT('',(11.084268862754,-3.4482023485,
    10.246911478415));
#4169 = DIRECTION('',(2.341466393106E-16,0.242535625036,0.970142500145)
  );
#4170 = DIRECTION('',(0.,0.970142500145,-0.242535625036));
#4171 = ADVANCED_FACE('',(#4172),#4187,.F.);
#4172 = FACE_BOUND('',#4173,.T.);
#4173 = EDGE_LOOP('',(#4174,#4180,#4181,#4182,#4183,#4184,#4185,#4186));
#4174 = ORIENTED_EDGE('',*,*,#4175,.T.);
#4175 = EDGE_CURVE('',#3169,#612,#4176,.T.);
#4176 = LINE('',#4177,#4178);
#4177 = CARTESIAN_POINT('',(10.284268862754,1.0517976515,12.446911478415
    ));
#4178 = VECTOR('',#4179,1.);
#4179 = DIRECTION('',(0.,-1.,0.));
#4180 = ORIENTED_EDGE('',*,*,#626,.T.);
#4181 = ORIENTED_EDGE('',*,*,#595,.T.);
#4182 = ORIENTED_EDGE('',*,*,#3153,.F.);
#4183 = ORIENTED_EDGE('',*,*,#1077,.F.);
#4184 = ORIENTED_EDGE('',*,*,#3716,.T.);
#4185 = ORIENTED_EDGE('',*,*,#1554,.T.);
#4186 = ORIENTED_EDGE('',*,*,#3176,.F.);
#4187 = PLANE('',#4188);
#4188 = AXIS2_PLACEMENT_3D('',#4189,#4190,#4191);
#4189 = CARTESIAN_POINT('',(7.484268862754,1.0517976515,12.446911478415)
  );
#4190 = DIRECTION('',(1.224606353822E-16,0.,-1.));
#4191 = DIRECTION('',(1.,0.,1.224606353822E-16));
#4192 = ADVANCED_FACE('',(#4193),#4218,.F.);
#4193 = FACE_BOUND('',#4194,.T.);
#4194 = EDGE_LOOP('',(#4195,#4203,#4211,#4217));
#4195 = ORIENTED_EDGE('',*,*,#4196,.T.);
#4196 = EDGE_CURVE('',#1388,#4197,#4199,.T.);
#4197 = VERTEX_POINT('',#4198);
#4198 = CARTESIAN_POINT('',(10.934268862754,-3.6482023485,
    -1.703088521585));
#4199 = LINE('',#4200,#4201);
#4200 = CARTESIAN_POINT('',(8.209531969062,-3.6482023485,-1.703088521585
    ));
#4201 = VECTOR('',#4202,1.);
#4202 = DIRECTION('',(-1.,0.,2.413528314403E-16));
#4203 = ORIENTED_EDGE('',*,*,#4204,.F.);
#4204 = EDGE_CURVE('',#4205,#4197,#4207,.T.);
#4205 = VERTEX_POINT('',#4206);
#4206 = CARTESIAN_POINT('',(10.834268862754,-3.2482023485,
    -1.803088521585));
#4207 = LINE('',#4208,#4209);
#4208 = CARTESIAN_POINT('',(9.809268862754,0.8517976515,-2.828088521585)
  );
#4209 = VECTOR('',#4210,1.);
#4210 = DIRECTION('',(0.235702260396,-0.942809041582,0.235702260396));
#4211 = ORIENTED_EDGE('',*,*,#4212,.F.);
#4212 = EDGE_CURVE('',#1396,#4205,#4213,.T.);
#4213 = LINE('',#4214,#4215);
#4214 = CARTESIAN_POINT('',(8.209531969062,-3.2482023485,-1.803088521585
    ));
#4215 = VECTOR('',#4216,1.);
#4216 = DIRECTION('',(-1.,-6.352650070599E-33,2.413528314403E-16));
#4217 = ORIENTED_EDGE('',*,*,#1395,.F.);
#4218 = PLANE('',#4219);
#4219 = AXIS2_PLACEMENT_3D('',#4220,#4221,#4222);
#4220 = CARTESIAN_POINT('',(11.084268862754,-3.4482023485,
    -1.753088521585));
#4221 = DIRECTION('',(2.341466393106E-16,0.242535625036,0.970142500145)
  );
#4222 = DIRECTION('',(0.,0.970142500145,-0.242535625036));
#4223 = ADVANCED_FACE('',(#4224),#4230,.T.);
#4224 = FACE_BOUND('',#4225,.T.);
#4225 = EDGE_LOOP('',(#4226,#4227,#4228,#4229));
#4226 = ORIENTED_EDGE('',*,*,#751,.T.);
#4227 = ORIENTED_EDGE('',*,*,#888,.T.);
#4228 = ORIENTED_EDGE('',*,*,#973,.T.);
#4229 = ORIENTED_EDGE('',*,*,#2358,.T.);
#4230 = PLANE('',#4231);
#4231 = AXIS2_PLACEMENT_3D('',#4232,#4233,#4234);
#4232 = CARTESIAN_POINT('',(11.084268862754,3.7517976515,4.646911478415)
  );
#4233 = DIRECTION('',(2.341466393106E-16,0.242535625036,0.970142500145)
  );
#4234 = DIRECTION('',(0.,-0.970142500145,0.242535625036));
#4235 = ADVANCED_FACE('',(#4236),#4252,.T.);
#4236 = FACE_BOUND('',#4237,.T.);
#4237 = EDGE_LOOP('',(#4238,#4239,#4245,#4246));
#4238 = ORIENTED_EDGE('',*,*,#3991,.F.);
#4239 = ORIENTED_EDGE('',*,*,#4240,.F.);
#4240 = EDGE_CURVE('',#3102,#2634,#4241,.T.);
#4241 = LINE('',#4242,#4243);
#4242 = CARTESIAN_POINT('',(10.834268862754,0.8517976515,-1.303088521585
    ));
#4243 = VECTOR('',#4244,1.);
#4244 = DIRECTION('',(0.,1.,0.));
#4245 = ORIENTED_EDGE('',*,*,#3101,.T.);
#4246 = ORIENTED_EDGE('',*,*,#4247,.F.);
#4247 = EDGE_CURVE('',#802,#3094,#4248,.T.);
#4248 = LINE('',#4249,#4250);
#4249 = CARTESIAN_POINT('',(11.334268862754,0.8517976515,-1.303088521585
    ));
#4250 = VECTOR('',#4251,1.);
#4251 = DIRECTION('',(0.,-1.,0.));
#4252 = PLANE('',#4253);
#4253 = AXIS2_PLACEMENT_3D('',#4254,#4255,#4256);
#4254 = CARTESIAN_POINT('',(10.834268862754,0.8517976515,-1.303088521585
    ));
#4255 = DIRECTION('',(2.413528314403E-16,0.,1.));
#4256 = DIRECTION('',(-1.,0.,2.413528314403E-16));
#4257 = ADVANCED_FACE('',(#4258),#4277,.F.);
#4258 = FACE_BOUND('',#4259,.F.);
#4259 = EDGE_LOOP('',(#4260,#4269,#4275,#4276));
#4260 = ORIENTED_EDGE('',*,*,#4261,.F.);
#4261 = EDGE_CURVE('',#4262,#2167,#4264,.T.);
#4262 = VERTEX_POINT('',#4263);
#4263 = CARTESIAN_POINT('',(11.034268862754,1.8517976515,10.696911478415
    ));
#4264 = CIRCLE('',#4265,0.7);
#4265 = AXIS2_PLACEMENT_3D('',#4266,#4267,#4268);
#4266 = CARTESIAN_POINT('',(10.334268862754,1.8517976515,10.696911478415
    ));
#4267 = DIRECTION('',(0.,0.,1.));
#4268 = DIRECTION('',(-1.,0.,0.));
#4269 = ORIENTED_EDGE('',*,*,#4270,.F.);
#4270 = EDGE_CURVE('',#3882,#4262,#4271,.T.);
#4271 = LINE('',#4272,#4273);
#4272 = CARTESIAN_POINT('',(11.034268862754,1.8517976515,10.696911478415
    ));
#4273 = VECTOR('',#4274,1.);
#4274 = DIRECTION('',(0.,0.,1.));
#4275 = ORIENTED_EDGE('',*,*,#3890,.T.);
#4276 = ORIENTED_EDGE('',*,*,#2164,.T.);
#4277 = CYLINDRICAL_SURFACE('',#4278,0.7);
#4278 = AXIS2_PLACEMENT_3D('',#4279,#4280,#4281);
#4279 = CARTESIAN_POINT('',(10.334268862754,1.8517976515,10.696911478415
    ));
#4280 = DIRECTION('',(0.,0.,1.));
#4281 = DIRECTION('',(-1.,0.,0.));
#4282 = ADVANCED_FACE('',(#4283),#4289,.T.);
#4283 = FACE_BOUND('',#4284,.T.);
#4284 = EDGE_LOOP('',(#4285,#4286,#4287,#4288));
#4285 = ORIENTED_EDGE('',*,*,#2633,.F.);
#4286 = ORIENTED_EDGE('',*,*,#2772,.T.);
#4287 = ORIENTED_EDGE('',*,*,#3109,.T.);
#4288 = ORIENTED_EDGE('',*,*,#4240,.T.);
#4289 = PLANE('',#4290);
#4290 = AXIS2_PLACEMENT_3D('',#4291,#4292,#4293);
#4291 = CARTESIAN_POINT('',(10.834268862754,0.8517976515,-1.803088521585
    ));
#4292 = DIRECTION('',(-1.,-0.,-0.));
#4293 = DIRECTION('',(0.,0.,-1.));
#4294 = ADVANCED_FACE('',(#4295),#4306,.F.);
#4295 = FACE_BOUND('',#4296,.T.);
#4296 = EDGE_LOOP('',(#4297,#4298,#4299,#4300));
#4297 = ORIENTED_EDGE('',*,*,#831,.F.);
#4298 = ORIENTED_EDGE('',*,*,#4153,.F.);
#4299 = ORIENTED_EDGE('',*,*,#2851,.F.);
#4300 = ORIENTED_EDGE('',*,*,#4301,.F.);
#4301 = EDGE_CURVE('',#834,#2852,#4302,.T.);
#4302 = LINE('',#4303,#4304);
#4303 = CARTESIAN_POINT('',(8.209531969062,-3.6482023485,10.596911478415
    ));
#4304 = VECTOR('',#4305,1.);
#4305 = DIRECTION('',(1.,0.,-2.413528314403E-16));
#4306 = PLANE('',#4307);
#4307 = AXIS2_PLACEMENT_3D('',#4308,#4309,#4310);
#4308 = CARTESIAN_POINT('',(8.209531969062,-3.6482023485,10.542971342958
    ));
#4309 = DIRECTION('',(0.,1.,-0.));
#4310 = DIRECTION('',(-1.,0.,0.));
#4311 = ADVANCED_FACE('',(#4312),#4318,.T.);
#4312 = FACE_BOUND('',#4313,.T.);
#4313 = EDGE_LOOP('',(#4314,#4315,#4316,#4317));
#4314 = ORIENTED_EDGE('',*,*,#809,.F.);
#4315 = ORIENTED_EDGE('',*,*,#4247,.T.);
#4316 = ORIENTED_EDGE('',*,*,#3093,.T.);
#4317 = ORIENTED_EDGE('',*,*,#2756,.T.);
#4318 = PLANE('',#4319);
#4319 = AXIS2_PLACEMENT_3D('',#4320,#4321,#4322);
#4320 = CARTESIAN_POINT('',(11.334268862754,0.8517976515,-1.303088521585
    ));
#4321 = DIRECTION('',(1.,0.,-0.));
#4322 = DIRECTION('',(0.,0.,1.));
#4323 = ADVANCED_FACE('',(#4324,#4330,#4355,#4361,#4379,#4404,#4438,
    #4444,#4478),#4496,.T.);
#4324 = FACE_BOUND('',#4325,.T.);
#4325 = EDGE_LOOP('',(#4326,#4327,#4328,#4329));
#4326 = ORIENTED_EDGE('',*,*,#3668,.T.);
#4327 = ORIENTED_EDGE('',*,*,#2882,.T.);
#4328 = ORIENTED_EDGE('',*,*,#2326,.T.);
#4329 = ORIENTED_EDGE('',*,*,#2726,.T.);
#4330 = FACE_BOUND('',#4331,.T.);
#4331 = EDGE_LOOP('',(#4332,#4342,#4348,#4349));
#4332 = ORIENTED_EDGE('',*,*,#4333,.T.);
#4333 = EDGE_CURVE('',#4334,#4336,#4338,.T.);
#4334 = VERTEX_POINT('',#4335);
#4335 = CARTESIAN_POINT('',(10.834268862754,-0.5482023485,6.196911478415
    ));
#4336 = VERTEX_POINT('',#4337);
#4337 = CARTESIAN_POINT('',(10.834268862754,-0.5482023485,6.696911478415
    ));
#4338 = LINE('',#4339,#4340);
#4339 = CARTESIAN_POINT('',(10.834268862754,-0.5482023485,
    -7.553088521585));
#4340 = VECTOR('',#4341,1.);
#4341 = DIRECTION('',(0.,0.,1.));
#4342 = ORIENTED_EDGE('',*,*,#4343,.T.);
#4343 = EDGE_CURVE('',#4336,#3331,#4344,.T.);
#4344 = LINE('',#4345,#4346);
#4345 = CARTESIAN_POINT('',(7.484268862754,-0.5482023485,6.696911478415)
  );
#4346 = VECTOR('',#4347,1.);
#4347 = DIRECTION('',(1.,0.,-2.413528314403E-16));
#4348 = ORIENTED_EDGE('',*,*,#3330,.T.);
#4349 = ORIENTED_EDGE('',*,*,#4350,.T.);
#4350 = EDGE_CURVE('',#3333,#4334,#4351,.T.);
#4351 = LINE('',#4352,#4353);
#4352 = CARTESIAN_POINT('',(7.484268862754,-0.5482023485,6.196911478415)
  );
#4353 = VECTOR('',#4354,1.);
#4354 = DIRECTION('',(-1.,0.,2.413528314403E-16));
#4355 = FACE_BOUND('',#4356,.T.);
#4356 = EDGE_LOOP('',(#4357,#4358,#4359,#4360));
#4357 = ORIENTED_EDGE('',*,*,#2031,.T.);
#4358 = ORIENTED_EDGE('',*,*,#1991,.T.);
#4359 = ORIENTED_EDGE('',*,*,#2911,.T.);
#4360 = ORIENTED_EDGE('',*,*,#4006,.T.);
#4361 = FACE_BOUND('',#4362,.T.);
#4362 = EDGE_LOOP('',(#4363,#4371,#4377,#4378));
#4363 = ORIENTED_EDGE('',*,*,#4364,.T.);
#4364 = EDGE_CURVE('',#1708,#4365,#4367,.T.);
#4365 = VERTEX_POINT('',#4366);
#4366 = CARTESIAN_POINT('',(10.834268862754,-0.5482023485,
    10.196911478415));
#4367 = LINE('',#4368,#4369);
#4368 = CARTESIAN_POINT('',(7.484268862754,-0.5482023485,10.196911478415
    ));
#4369 = VECTOR('',#4370,1.);
#4370 = DIRECTION('',(-1.,0.,2.413528314403E-16));
#4371 = ORIENTED_EDGE('',*,*,#4372,.T.);
#4372 = EDGE_CURVE('',#4365,#1283,#4373,.T.);
#4373 = LINE('',#4374,#4375);
#4374 = CARTESIAN_POINT('',(10.834268862754,-0.5482023485,
    -7.553088521585));
#4375 = VECTOR('',#4376,1.);
#4376 = DIRECTION('',(0.,0.,1.));
#4377 = ORIENTED_EDGE('',*,*,#1282,.T.);
#4378 = ORIENTED_EDGE('',*,*,#1707,.T.);
#4379 = FACE_BOUND('',#4380,.T.);
#4380 = EDGE_LOOP('',(#4381,#4382,#4390,#4398));
#4381 = ORIENTED_EDGE('',*,*,#3515,.T.);
#4382 = ORIENTED_EDGE('',*,*,#4383,.F.);
#4383 = EDGE_CURVE('',#4384,#3508,#4386,.T.);
#4384 = VERTEX_POINT('',#4385);
#4385 = CARTESIAN_POINT('',(10.284268862754,-0.5482023485,
    11.746911478415));
#4386 = LINE('',#4387,#4388);
#4387 = CARTESIAN_POINT('',(7.484268862754,-0.5482023485,11.746911478415
    ));
#4388 = VECTOR('',#4389,1.);
#4389 = DIRECTION('',(1.,0.,0.));
#4390 = ORIENTED_EDGE('',*,*,#4391,.F.);
#4391 = EDGE_CURVE('',#4392,#4384,#4394,.T.);
#4392 = VERTEX_POINT('',#4393);
#4393 = CARTESIAN_POINT('',(10.284268862754,-0.5482023485,
    -4.853088521585));
#4394 = LINE('',#4395,#4396);
#4395 = CARTESIAN_POINT('',(10.284268862754,-0.5482023485,
    -7.553088521585));
#4396 = VECTOR('',#4397,1.);
#4397 = DIRECTION('',(0.,0.,1.));
#4398 = ORIENTED_EDGE('',*,*,#4399,.T.);
#4399 = EDGE_CURVE('',#4392,#3516,#4400,.T.);
#4400 = LINE('',#4401,#4402);
#4401 = CARTESIAN_POINT('',(7.484268862754,-0.5482023485,-4.853088521585
    ));
#4402 = VECTOR('',#4403,1.);
#4403 = DIRECTION('',(1.,0.,0.));
#4404 = FACE_BOUND('',#4405,.T.);
#4405 = EDGE_LOOP('',(#4406,#4416,#4424,#4432));
#4406 = ORIENTED_EDGE('',*,*,#4407,.T.);
#4407 = EDGE_CURVE('',#4408,#4410,#4412,.T.);
#4408 = VERTEX_POINT('',#4409);
#4409 = CARTESIAN_POINT('',(11.334268862754,-0.5482023485,
    -3.303088521585));
#4410 = VERTEX_POINT('',#4411);
#4411 = CARTESIAN_POINT('',(11.334268862754,-0.5482023485,
    -3.803088521585));
#4412 = LINE('',#4413,#4414);
#4413 = CARTESIAN_POINT('',(11.334268862754,-0.5482023485,
    -7.553088521585));
#4414 = VECTOR('',#4415,1.);
#4415 = DIRECTION('',(0.,0.,-1.));
#4416 = ORIENTED_EDGE('',*,*,#4417,.T.);
#4417 = EDGE_CURVE('',#4410,#4418,#4420,.T.);
#4418 = VERTEX_POINT('',#4419);
#4419 = CARTESIAN_POINT('',(10.834268862754,-0.5482023485,
    -3.803088521585));
#4420 = LINE('',#4421,#4422);
#4421 = CARTESIAN_POINT('',(7.484268862754,-0.5482023485,-3.803088521585
    ));
#4422 = VECTOR('',#4423,1.);
#4423 = DIRECTION('',(-1.,0.,2.413528314403E-16));
#4424 = ORIENTED_EDGE('',*,*,#4425,.T.);
#4425 = EDGE_CURVE('',#4418,#4426,#4428,.T.);
#4426 = VERTEX_POINT('',#4427);
#4427 = CARTESIAN_POINT('',(10.834268862754,-0.5482023485,
    -3.303088521585));
#4428 = LINE('',#4429,#4430);
#4429 = CARTESIAN_POINT('',(10.834268862754,-0.5482023485,
    -7.553088521585));
#4430 = VECTOR('',#4431,1.);
#4431 = DIRECTION('',(0.,0.,1.));
#4432 = ORIENTED_EDGE('',*,*,#4433,.T.);
#4433 = EDGE_CURVE('',#4426,#4408,#4434,.T.);
#4434 = LINE('',#4435,#4436);
#4435 = CARTESIAN_POINT('',(7.484268862754,-0.5482023485,-3.303088521585
    ));
#4436 = VECTOR('',#4437,1.);
#4437 = DIRECTION('',(1.,0.,-2.413528314403E-16));
#4438 = FACE_BOUND('',#4439,.T.);
#4439 = EDGE_LOOP('',(#4440,#4441,#4442,#4443));
#4440 = ORIENTED_EDGE('',*,*,#1636,.T.);
#4441 = ORIENTED_EDGE('',*,*,#2786,.T.);
#4442 = ORIENTED_EDGE('',*,*,#3857,.T.);
#4443 = ORIENTED_EDGE('',*,*,#2456,.T.);
#4444 = FACE_BOUND('',#4445,.T.);
#4445 = EDGE_LOOP('',(#4446,#4456,#4464,#4472));
#4446 = ORIENTED_EDGE('',*,*,#4447,.T.);
#4447 = EDGE_CURVE('',#4448,#4450,#4452,.T.);
#4448 = VERTEX_POINT('',#4449);
#4449 = CARTESIAN_POINT('',(11.334268862754,-0.5482023485,
    -1.803088521585));
#4450 = VERTEX_POINT('',#4451);
#4451 = CARTESIAN_POINT('',(10.834268862754,-0.5482023485,
    -1.803088521585));
#4452 = LINE('',#4453,#4454);
#4453 = CARTESIAN_POINT('',(7.484268862754,-0.5482023485,-1.803088521585
    ));
#4454 = VECTOR('',#4455,1.);
#4455 = DIRECTION('',(-1.,0.,2.413528314403E-16));
#4456 = ORIENTED_EDGE('',*,*,#4457,.T.);
#4457 = EDGE_CURVE('',#4450,#4458,#4460,.T.);
#4458 = VERTEX_POINT('',#4459);
#4459 = CARTESIAN_POINT('',(10.834268862754,-0.5482023485,
    -1.303088521585));
#4460 = LINE('',#4461,#4462);
#4461 = CARTESIAN_POINT('',(10.834268862754,-0.5482023485,
    -7.553088521585));
#4462 = VECTOR('',#4463,1.);
#4463 = DIRECTION('',(0.,0.,1.));
#4464 = ORIENTED_EDGE('',*,*,#4465,.T.);
#4465 = EDGE_CURVE('',#4458,#4466,#4468,.T.);
#4466 = VERTEX_POINT('',#4467);
#4467 = CARTESIAN_POINT('',(11.334268862754,-0.5482023485,
    -1.303088521585));
#4468 = LINE('',#4469,#4470);
#4469 = CARTESIAN_POINT('',(7.484268862754,-0.5482023485,-1.303088521585
    ));
#4470 = VECTOR('',#4471,1.);
#4471 = DIRECTION('',(1.,0.,-2.413528314403E-16));
#4472 = ORIENTED_EDGE('',*,*,#4473,.T.);
#4473 = EDGE_CURVE('',#4466,#4448,#4474,.T.);
#4474 = LINE('',#4475,#4476);
#4475 = CARTESIAN_POINT('',(11.334268862754,-0.5482023485,
    -7.553088521585));
#4476 = VECTOR('',#4477,1.);
#4477 = DIRECTION('',(0.,0.,-1.));
#4478 = FACE_BOUND('',#4479,.T.);
#4479 = EDGE_LOOP('',(#4480,#4481,#4482,#4490));
#4480 = ORIENTED_EDGE('',*,*,#3553,.T.);
#4481 = ORIENTED_EDGE('',*,*,#3452,.T.);
#4482 = ORIENTED_EDGE('',*,*,#4483,.T.);
#4483 = EDGE_CURVE('',#3455,#4484,#4486,.T.);
#4484 = VERTEX_POINT('',#4485);
#4485 = CARTESIAN_POINT('',(11.334268862754,-0.5482023485,0.196911478415
    ));
#4486 = LINE('',#4487,#4488);
#4487 = CARTESIAN_POINT('',(11.334268862754,-0.5482023485,
    -7.553088521585));
#4488 = VECTOR('',#4489,1.);
#4489 = DIRECTION('',(0.,0.,-1.));
#4490 = ORIENTED_EDGE('',*,*,#4491,.T.);
#4491 = EDGE_CURVE('',#4484,#3554,#4492,.T.);
#4492 = LINE('',#4493,#4494);
#4493 = CARTESIAN_POINT('',(7.484268862754,-0.5482023485,0.196911478415)
  );
#4494 = VECTOR('',#4495,1.);
#4495 = DIRECTION('',(-1.,0.,2.413528314403E-16));
#4496 = PLANE('',#4497);
#4497 = AXIS2_PLACEMENT_3D('',#4498,#4499,#4500);
#4498 = CARTESIAN_POINT('',(11.357579622584,-0.5482023485,
    -2.671283230484));
#4499 = DIRECTION('',(0.,-1.,0.));
#4500 = DIRECTION('',(1.,0.,0.));
#4501 = ADVANCED_FACE('',(#4502),#4508,.T.);
#4502 = FACE_BOUND('',#4503,.T.);
#4503 = EDGE_LOOP('',(#4504,#4505,#4506,#4507));
#4504 = ORIENTED_EDGE('',*,*,#1817,.T.);
#4505 = ORIENTED_EDGE('',*,*,#1858,.F.);
#4506 = ORIENTED_EDGE('',*,*,#1202,.T.);
#4507 = ORIENTED_EDGE('',*,*,#1615,.F.);
#4508 = PLANE('',#4509);
#4509 = AXIS2_PLACEMENT_3D('',#4510,#4511,#4512);
#4510 = CARTESIAN_POINT('',(11.284268862754,3.7517976515,2.446911478415)
  );
#4511 = DIRECTION('',(0.970142500145,0.242535625036,0.));
#4512 = DIRECTION('',(0.242535625036,-0.970142500145,3.36585794009E-17)
  );
#4513 = ADVANCED_FACE('',(#4514),#4560,.T.);
#4514 = FACE_BOUND('',#4515,.T.);
#4515 = EDGE_LOOP('',(#4516,#4524,#4525,#4526,#4533,#4534,#4535,#4536,
    #4545,#4554));
#4516 = ORIENTED_EDGE('',*,*,#4517,.F.);
#4517 = EDGE_CURVE('',#659,#4518,#4520,.T.);
#4518 = VERTEX_POINT('',#4519);
#4519 = CARTESIAN_POINT('',(11.334268862754,3.5517976515,10.696911478415
    ));
#4520 = LINE('',#4521,#4522);
#4521 = CARTESIAN_POINT('',(8.209531969062,3.5517976515,10.696911478415)
  );
#4522 = VECTOR('',#4523,1.);
#4523 = DIRECTION('',(1.,1.016424011296E-31,-2.413528314403E-16));
#4524 = ORIENTED_EDGE('',*,*,#2174,.F.);
#4525 = ORIENTED_EDGE('',*,*,#4261,.F.);
#4526 = ORIENTED_EDGE('',*,*,#4527,.F.);
#4527 = EDGE_CURVE('',#1253,#4262,#4528,.T.);
#4528 = CIRCLE('',#4529,0.7);
#4529 = AXIS2_PLACEMENT_3D('',#4530,#4531,#4532);
#4530 = CARTESIAN_POINT('',(10.334268862754,1.8517976515,10.696911478415
    ));
#4531 = DIRECTION('',(0.,0.,1.));
#4532 = DIRECTION('',(-1.,0.,0.));
#4533 = ORIENTED_EDGE('',*,*,#1252,.F.);
#4534 = ORIENTED_EDGE('',*,*,#3000,.T.);
#4535 = ORIENTED_EDGE('',*,*,#4072,.F.);
#4536 = ORIENTED_EDGE('',*,*,#4537,.T.);
#4537 = EDGE_CURVE('',#4065,#4538,#4540,.T.);
#4538 = VERTEX_POINT('',#4539);
#4539 = CARTESIAN_POINT('',(11.534268862754,1.8517976515,10.696911478415
    ));
#4540 = CIRCLE('',#4541,0.7);
#4541 = AXIS2_PLACEMENT_3D('',#4542,#4543,#4544);
#4542 = CARTESIAN_POINT('',(10.834268862754,1.8517976515,10.696911478415
    ));
#4543 = DIRECTION('',(0.,0.,1.));
#4544 = DIRECTION('',(-1.,0.,0.));
#4545 = ORIENTED_EDGE('',*,*,#4546,.T.);
#4546 = EDGE_CURVE('',#4538,#4547,#4549,.T.);
#4547 = VERTEX_POINT('',#4548);
#4548 = CARTESIAN_POINT('',(11.334268862754,2.341695600056,
    10.696911478415));
#4549 = CIRCLE('',#4550,0.7);
#4550 = AXIS2_PLACEMENT_3D('',#4551,#4552,#4553);
#4551 = CARTESIAN_POINT('',(10.834268862754,1.8517976515,10.696911478415
    ));
#4552 = DIRECTION('',(0.,0.,1.));
#4553 = DIRECTION('',(-1.,0.,0.));
#4554 = ORIENTED_EDGE('',*,*,#4555,.F.);
#4555 = EDGE_CURVE('',#4518,#4547,#4556,.T.);
#4556 = LINE('',#4557,#4558);
#4557 = CARTESIAN_POINT('',(11.334268862754,0.8517976515,10.696911478415
    ));
#4558 = VECTOR('',#4559,1.);
#4559 = DIRECTION('',(0.,-1.,0.));
#4560 = PLANE('',#4561);
#4561 = AXIS2_PLACEMENT_3D('',#4562,#4563,#4564);
#4562 = CARTESIAN_POINT('',(10.834268862754,0.8517976515,10.696911478415
    ));
#4563 = DIRECTION('',(2.413528314403E-16,0.,1.));
#4564 = DIRECTION('',(-1.,0.,2.413528314403E-16));
#4565 = ADVANCED_FACE('',(#4566),#4577,.T.);
#4566 = FACE_BOUND('',#4567,.T.);
#4567 = EDGE_LOOP('',(#4568,#4574,#4575,#4576));
#4568 = ORIENTED_EDGE('',*,*,#4569,.T.);
#4569 = EDGE_CURVE('',#4365,#850,#4570,.T.);
#4570 = LINE('',#4571,#4572);
#4571 = CARTESIAN_POINT('',(10.834268862754,0.8517976515,10.196911478415
    ));
#4572 = VECTOR('',#4573,1.);
#4573 = DIRECTION('',(0.,-1.,0.));
#4574 = ORIENTED_EDGE('',*,*,#849,.T.);
#4575 = ORIENTED_EDGE('',*,*,#1292,.T.);
#4576 = ORIENTED_EDGE('',*,*,#4372,.F.);
#4577 = PLANE('',#4578);
#4578 = AXIS2_PLACEMENT_3D('',#4579,#4580,#4581);
#4579 = CARTESIAN_POINT('',(10.834268862754,0.8517976515,10.196911478415
    ));
#4580 = DIRECTION('',(-1.,-0.,-0.));
#4581 = DIRECTION('',(0.,0.,-1.));
#4582 = ADVANCED_FACE('',(#4583),#4599,.T.);
#4583 = FACE_BOUND('',#4584,.T.);
#4584 = EDGE_LOOP('',(#4585,#4586,#4592,#4593));
#4585 = ORIENTED_EDGE('',*,*,#4546,.F.);
#4586 = ORIENTED_EDGE('',*,*,#4587,.F.);
#4587 = EDGE_CURVE('',#3915,#4538,#4588,.T.);
#4588 = LINE('',#4589,#4590);
#4589 = CARTESIAN_POINT('',(11.534268862754,1.8517976515,10.696911478415
    ));
#4590 = VECTOR('',#4591,1.);
#4591 = DIRECTION('',(0.,0.,1.));
#4592 = ORIENTED_EDGE('',*,*,#3914,.T.);
#4593 = ORIENTED_EDGE('',*,*,#4594,.T.);
#4594 = EDGE_CURVE('',#3907,#4547,#4595,.T.);
#4595 = LINE('',#4596,#4597);
#4596 = CARTESIAN_POINT('',(11.334268862754,2.341695600056,
    10.696911478415));
#4597 = VECTOR('',#4598,1.);
#4598 = DIRECTION('',(0.,0.,1.));
#4599 = CYLINDRICAL_SURFACE('',#4600,0.7);
#4600 = AXIS2_PLACEMENT_3D('',#4601,#4602,#4603);
#4601 = CARTESIAN_POINT('',(10.834268862754,1.8517976515,10.696911478415
    ));
#4602 = DIRECTION('',(0.,0.,1.));
#4603 = DIRECTION('',(-1.,0.,0.));
#4604 = ADVANCED_FACE('',(#4605),#4611,.F.);
#4605 = FACE_BOUND('',#4606,.T.);
#4606 = EDGE_LOOP('',(#4607,#4608,#4609,#4610));
#4607 = ORIENTED_EDGE('',*,*,#129,.F.);
#4608 = ORIENTED_EDGE('',*,*,#3539,.F.);
#4609 = ORIENTED_EDGE('',*,*,#3730,.T.);
#4610 = ORIENTED_EDGE('',*,*,#1577,.T.);
#4611 = PLANE('',#4612);
#4612 = AXIS2_PLACEMENT_3D('',#4613,#4614,#4615);
#4613 = CARTESIAN_POINT('',(13.35651500253,1.5596376515,-3.553088521585)
  );
#4614 = DIRECTION('',(0.,0.,-1.));
#4615 = DIRECTION('',(-1.,0.,0.));
#4616 = ADVANCED_FACE('',(#4617),#4628,.T.);
#4617 = FACE_BOUND('',#4618,.T.);
#4618 = EDGE_LOOP('',(#4619,#4620,#4621,#4622));
#4619 = ORIENTED_EDGE('',*,*,#3946,.T.);
#4620 = ORIENTED_EDGE('',*,*,#666,.T.);
#4621 = ORIENTED_EDGE('',*,*,#4517,.T.);
#4622 = ORIENTED_EDGE('',*,*,#4623,.T.);
#4623 = EDGE_CURVE('',#4518,#3947,#4624,.T.);
#4624 = LINE('',#4625,#4626);
#4625 = CARTESIAN_POINT('',(12.009268862754,0.8517976515,11.371911478415
    ));
#4626 = VECTOR('',#4627,1.);
#4627 = DIRECTION('',(-0.235702260396,0.942809041582,-0.235702260396));
#4628 = PLANE('',#4629);
#4629 = AXIS2_PLACEMENT_3D('',#4630,#4631,#4632);
#4630 = CARTESIAN_POINT('',(11.084268862754,3.7517976515,10.646911478415
    ));
#4631 = DIRECTION('',(2.341466393106E-16,0.242535625036,0.970142500145)
  );
#4632 = DIRECTION('',(0.,-0.970142500145,0.242535625036));
#4633 = ADVANCED_FACE('',(#4634),#4668,.F.);
#4634 = FACE_BOUND('',#4635,.T.);
#4635 = EDGE_LOOP('',(#4636,#4646,#4654,#4662));
#4636 = ORIENTED_EDGE('',*,*,#4637,.T.);
#4637 = EDGE_CURVE('',#4638,#4640,#4642,.T.);
#4638 = VERTEX_POINT('',#4639);
#4639 = CARTESIAN_POINT('',(10.284268862754,-2.3482023485,
    -5.553088521585));
#4640 = VERTEX_POINT('',#4641);
#4641 = CARTESIAN_POINT('',(9.184268862754,-2.3482023485,-5.553088521585
    ));
#4642 = LINE('',#4643,#4644);
#4643 = CARTESIAN_POINT('',(7.484268862754,-2.3482023485,-5.553088521585
    ));
#4644 = VECTOR('',#4645,1.);
#4645 = DIRECTION('',(-1.,0.,1.224606353822E-16));
#4646 = ORIENTED_EDGE('',*,*,#4647,.F.);
#4647 = EDGE_CURVE('',#4648,#4640,#4650,.T.);
#4648 = VERTEX_POINT('',#4649);
#4649 = CARTESIAN_POINT('',(9.184268862754,-2.3482023485,-4.853088521585
    ));
#4650 = LINE('',#4651,#4652);
#4651 = CARTESIAN_POINT('',(9.184268862754,-2.3482023485,-4.853088521585
    ));
#4652 = VECTOR('',#4653,1.);
#4653 = DIRECTION('',(0.,0.,-1.));
#4654 = ORIENTED_EDGE('',*,*,#4655,.T.);
#4655 = EDGE_CURVE('',#4648,#4656,#4658,.T.);
#4656 = VERTEX_POINT('',#4657);
#4657 = CARTESIAN_POINT('',(10.284268862754,-2.3482023485,
    -4.853088521585));
#4658 = LINE('',#4659,#4660);
#4659 = CARTESIAN_POINT('',(7.484268862754,-2.3482023485,-4.853088521585
    ));
#4660 = VECTOR('',#4661,1.);
#4661 = DIRECTION('',(1.,0.,0.));
#4662 = ORIENTED_EDGE('',*,*,#4663,.T.);
#4663 = EDGE_CURVE('',#4656,#4638,#4664,.T.);
#4664 = LINE('',#4665,#4666);
#4665 = CARTESIAN_POINT('',(10.284268862754,-2.3482023485,
    -4.853088521585));
#4666 = VECTOR('',#4667,1.);
#4667 = DIRECTION('',(0.,0.,-1.));
#4668 = PLANE('',#4669);
#4669 = AXIS2_PLACEMENT_3D('',#4670,#4671,#4672);
#4670 = CARTESIAN_POINT('',(9.184268862754,-2.3482023485,-4.853088521585
    ));
#4671 = DIRECTION('',(-0.,-1.,-0.));
#4672 = DIRECTION('',(-1.,0.,0.));
#4673 = ADVANCED_FACE('',(#4674),#4685,.T.);
#4674 = FACE_BOUND('',#4675,.T.);
#4675 = EDGE_LOOP('',(#4676,#4677,#4678,#4684));
#4676 = ORIENTED_EDGE('',*,*,#3823,.T.);
#4677 = ORIENTED_EDGE('',*,*,#2410,.F.);
#4678 = ORIENTED_EDGE('',*,*,#4679,.F.);
#4679 = EDGE_CURVE('',#944,#2403,#4680,.T.);
#4680 = LINE('',#4681,#4682);
#4681 = CARTESIAN_POINT('',(7.484268862754,0.3517976515,11.132625764129)
  );
#4682 = VECTOR('',#4683,1.);
#4683 = DIRECTION('',(0.813733471207,0.,-0.581238193719));
#4684 = ORIENTED_EDGE('',*,*,#943,.T.);
#4685 = PLANE('',#4686);
#4686 = AXIS2_PLACEMENT_3D('',#4687,#4688,#4689);
#4687 = CARTESIAN_POINT('',(7.884268862754,0.3517976515,10.846911478415)
  );
#4688 = DIRECTION('',(0.581238193719,-0.,0.813733471207));
#4689 = DIRECTION('',(0.813733471207,0.,-0.581238193719));
#4690 = ADVANCED_FACE('',(#4691),#4781,.T.);
#4691 = FACE_BOUND('',#4692,.T.);
#4692 = EDGE_LOOP('',(#4693,#4699,#4700,#4706,#4707,#4708,#4709,#4710,
    #4716,#4717,#4718,#4719,#4725,#4726,#4727,#4728,#4734,#4735,#4736,
    #4737,#4743,#4744,#4745,#4746,#4752,#4753,#4754,#4760,#4761,#4762,
    #4763,#4769,#4770,#4771,#4772,#4773,#4774,#4780));
#4693 = ORIENTED_EDGE('',*,*,#4694,.F.);
#4694 = EDGE_CURVE('',#3615,#290,#4695,.T.);
#4695 = LINE('',#4696,#4697);
#4696 = CARTESIAN_POINT('',(10.284268862754,0.3517976515,16.446911478415
    ));
#4697 = VECTOR('',#4698,1.);
#4698 = DIRECTION('',(-1.287215101015E-16,0.,-1.));
#4699 = ORIENTED_EDGE('',*,*,#3614,.T.);
#4700 = ORIENTED_EDGE('',*,*,#4701,.F.);
#4701 = EDGE_CURVE('',#952,#572,#4702,.T.);
#4702 = LINE('',#4703,#4704);
#4703 = CARTESIAN_POINT('',(7.484268862754,0.3517976515,11.746911478415)
  );
#4704 = VECTOR('',#4705,1.);
#4705 = DIRECTION('',(1.,0.,0.));
#4706 = ORIENTED_EDGE('',*,*,#951,.T.);
#4707 = ORIENTED_EDGE('',*,*,#4679,.T.);
#4708 = ORIENTED_EDGE('',*,*,#2402,.T.);
#4709 = ORIENTED_EDGE('',*,*,#1029,.T.);
#4710 = ORIENTED_EDGE('',*,*,#4711,.F.);
#4711 = EDGE_CURVE('',#4090,#1022,#4712,.T.);
#4712 = LINE('',#4713,#4714);
#4713 = CARTESIAN_POINT('',(7.884268862754,0.3517976515,18.446911478415)
  );
#4714 = VECTOR('',#4715,1.);
#4715 = DIRECTION('',(1.224606353822E-16,0.,1.));
#4716 = ORIENTED_EDGE('',*,*,#4089,.F.);
#4717 = ORIENTED_EDGE('',*,*,#2665,.T.);
#4718 = ORIENTED_EDGE('',*,*,#2975,.T.);
#4719 = ORIENTED_EDGE('',*,*,#4720,.F.);
#4720 = EDGE_CURVE('',#3380,#2968,#4721,.T.);
#4721 = LINE('',#4722,#4723);
#4722 = CARTESIAN_POINT('',(7.884268862754,0.3517976515,16.446911478415)
  );
#4723 = VECTOR('',#4724,1.);
#4724 = DIRECTION('',(1.224606353822E-16,0.,1.));
#4725 = ORIENTED_EDGE('',*,*,#3379,.F.);
#4726 = ORIENTED_EDGE('',*,*,#1092,.T.);
#4727 = ORIENTED_EDGE('',*,*,#539,.T.);
#4728 = ORIENTED_EDGE('',*,*,#4729,.F.);
#4729 = EDGE_CURVE('',#2489,#532,#4730,.T.);
#4730 = LINE('',#4731,#4732);
#4731 = CARTESIAN_POINT('',(7.884268862754,0.3517976515,14.446911478415)
  );
#4732 = VECTOR('',#4733,1.);
#4733 = DIRECTION('',(1.224606353822E-16,0.,1.));
#4734 = ORIENTED_EDGE('',*,*,#2488,.F.);
#4735 = ORIENTED_EDGE('',*,*,#491,.T.);
#4736 = ORIENTED_EDGE('',*,*,#2078,.T.);
#4737 = ORIENTED_EDGE('',*,*,#4738,.F.);
#4738 = EDGE_CURVE('',#2297,#2071,#4739,.T.);
#4739 = LINE('',#4740,#4741);
#4740 = CARTESIAN_POINT('',(7.884268862754,0.3517976515,12.446911478415)
  );
#4741 = VECTOR('',#4742,1.);
#4742 = DIRECTION('',(1.224606353822E-16,0.,1.));
#4743 = ORIENTED_EDGE('',*,*,#2296,.F.);
#4744 = ORIENTED_EDGE('',*,*,#1172,.T.);
#4745 = ORIENTED_EDGE('',*,*,#4138,.T.);
#4746 = ORIENTED_EDGE('',*,*,#4747,.F.);
#4747 = EDGE_CURVE('',#1780,#4131,#4748,.T.);
#4748 = LINE('',#4749,#4750);
#4749 = CARTESIAN_POINT('',(7.884268862754,0.3517976515,10.446911478415)
  );
#4750 = VECTOR('',#4751,1.);
#4751 = DIRECTION('',(1.224606353822E-16,0.,1.));
#4752 = ORIENTED_EDGE('',*,*,#1779,.F.);
#4753 = ORIENTED_EDGE('',*,*,#369,.T.);
#4754 = ORIENTED_EDGE('',*,*,#4755,.T.);
#4755 = EDGE_CURVE('',#362,#2205,#4756,.T.);
#4756 = LINE('',#4757,#4758);
#4757 = CARTESIAN_POINT('',(7.484268862754,0.3517976515,-0.238802807299)
  );
#4758 = VECTOR('',#4759,1.);
#4759 = DIRECTION('',(-0.813733471207,0.,-0.581238193719));
#4760 = ORIENTED_EDGE('',*,*,#2204,.F.);
#4761 = ORIENTED_EDGE('',*,*,#1514,.F.);
#4762 = ORIENTED_EDGE('',*,*,#49,.T.);
#4763 = ORIENTED_EDGE('',*,*,#4764,.T.);
#4764 = EDGE_CURVE('',#40,#3647,#4765,.T.);
#4765 = LINE('',#4766,#4767);
#4766 = CARTESIAN_POINT('',(7.484268862754,0.3517976515,-2.238802807299)
  );
#4767 = VECTOR('',#4768,1.);
#4768 = DIRECTION('',(-0.813733471207,0.,-0.581238193719));
#4769 = ORIENTED_EDGE('',*,*,#3646,.F.);
#4770 = ORIENTED_EDGE('',*,*,#721,.F.);
#4771 = ORIENTED_EDGE('',*,*,#79,.F.);
#4772 = ORIENTED_EDGE('',*,*,#1840,.F.);
#4773 = ORIENTED_EDGE('',*,*,#337,.F.);
#4774 = ORIENTED_EDGE('',*,*,#4775,.T.);
#4775 = EDGE_CURVE('',#330,#298,#4776,.T.);
#4776 = LINE('',#4777,#4778);
#4777 = CARTESIAN_POINT('',(7.484268862754,0.3517976515,-4.853088521585)
  );
#4778 = VECTOR('',#4779,1.);
#4779 = DIRECTION('',(1.,0.,0.));
#4780 = ORIENTED_EDGE('',*,*,#297,.F.);
#4781 = PLANE('',#4782);
#4782 = AXIS2_PLACEMENT_3D('',#4783,#4784,#4785);
#4783 = CARTESIAN_POINT('',(9.754694560362,0.3517976515,-4.754777637703)
  );
#4784 = DIRECTION('',(0.,-1.,0.));
#4785 = DIRECTION('',(1.,0.,0.));
#4786 = ADVANCED_FACE('',(#4787),#4793,.T.);
#4787 = FACE_BOUND('',#4788,.T.);
#4788 = EDGE_LOOP('',(#4789,#4790,#4791,#4792));
#4789 = ORIENTED_EDGE('',*,*,#3757,.T.);
#4790 = ORIENTED_EDGE('',*,*,#2212,.T.);
#4791 = ORIENTED_EDGE('',*,*,#4755,.F.);
#4792 = ORIENTED_EDGE('',*,*,#359,.F.);
#4793 = PLANE('',#4794);
#4794 = AXIS2_PLACEMENT_3D('',#4795,#4796,#4797);
#4795 = CARTESIAN_POINT('',(8.234268862754,0.3517976515,0.296911478415)
  );
#4796 = DIRECTION('',(0.581238193719,0.,-0.813733471207));
#4797 = DIRECTION('',(-0.813733471207,0.,-0.581238193719));
#4798 = ADVANCED_FACE('',(#4799),#4819,.T.);
#4799 = FACE_BOUND('',#4800,.T.);
#4800 = EDGE_LOOP('',(#4801,#4802,#4803,#4804,#4810,#4811,#4817,#4818));
#4801 = ORIENTED_EDGE('',*,*,#3737,.F.);
#4802 = ORIENTED_EDGE('',*,*,#3523,.T.);
#4803 = ORIENTED_EDGE('',*,*,#4399,.F.);
#4804 = ORIENTED_EDGE('',*,*,#4805,.F.);
#4805 = EDGE_CURVE('',#4656,#4392,#4806,.T.);
#4806 = LINE('',#4807,#4808);
#4807 = CARTESIAN_POINT('',(10.284268862754,1.0517976515,-4.853088521585
    ));
#4808 = VECTOR('',#4809,1.);
#4809 = DIRECTION('',(0.,1.,0.));
#4810 = ORIENTED_EDGE('',*,*,#4655,.F.);
#4811 = ORIENTED_EDGE('',*,*,#4812,.F.);
#4812 = EDGE_CURVE('',#298,#4648,#4813,.T.);
#4813 = LINE('',#4814,#4815);
#4814 = CARTESIAN_POINT('',(9.184268862754,1.0517976515,-4.853088521585)
  );
#4815 = VECTOR('',#4816,1.);
#4816 = DIRECTION('',(0.,-1.,0.));
#4817 = ORIENTED_EDGE('',*,*,#4775,.F.);
#4818 = ORIENTED_EDGE('',*,*,#329,.F.);
#4819 = PLANE('',#4820);
#4820 = AXIS2_PLACEMENT_3D('',#4821,#4822,#4823);
#4821 = CARTESIAN_POINT('',(7.835545605956,-3.889854191188,
    -4.853088521585));
#4822 = DIRECTION('',(0.,0.,1.));
#4823 = DIRECTION('',(-1.,0.,0.));
#4824 = ADVANCED_FACE('',(#4825),#4836,.T.);
#4825 = FACE_BOUND('',#4826,.T.);
#4826 = EDGE_LOOP('',(#4827,#4828,#4829,#4835));
#4827 = ORIENTED_EDGE('',*,*,#3954,.T.);
#4828 = ORIENTED_EDGE('',*,*,#4623,.F.);
#4829 = ORIENTED_EDGE('',*,*,#4830,.T.);
#4830 = EDGE_CURVE('',#4518,#3899,#4831,.T.);
#4831 = LINE('',#4832,#4833);
#4832 = CARTESIAN_POINT('',(11.334268862754,3.5517976515,10.542971342958
    ));
#4833 = VECTOR('',#4834,1.);
#4834 = DIRECTION('',(0.,0.,-1.));
#4835 = ORIENTED_EDGE('',*,*,#4113,.F.);
#4836 = PLANE('',#4837);
#4837 = AXIS2_PLACEMENT_3D('',#4838,#4839,#4840);
#4838 = CARTESIAN_POINT('',(11.284268862754,3.7517976515,10.446911478415
    ));
#4839 = DIRECTION('',(0.970142500145,0.242535625036,0.));
#4840 = DIRECTION('',(0.242535625036,-0.970142500145,3.36585794009E-17)
  );
#4841 = ADVANCED_FACE('',(#4842),#4848,.T.);
#4842 = FACE_BOUND('',#4843,.T.);
#4843 = EDGE_LOOP('',(#4844,#4845,#4846,#4847));
#4844 = ORIENTED_EDGE('',*,*,#3748,.T.);
#4845 = ORIENTED_EDGE('',*,*,#3654,.F.);
#4846 = ORIENTED_EDGE('',*,*,#4764,.F.);
#4847 = ORIENTED_EDGE('',*,*,#39,.T.);
#4848 = PLANE('',#4849);
#4849 = AXIS2_PLACEMENT_3D('',#4850,#4851,#4852);
#4850 = CARTESIAN_POINT('',(8.234268862754,0.3517976515,-1.703088521585)
  );
#4851 = DIRECTION('',(0.581238193719,0.,-0.813733471207));
#4852 = DIRECTION('',(-0.813733471207,0.,-0.581238193719));
#4853 = ADVANCED_FACE('',(#4854),#4860,.T.);
#4854 = FACE_BOUND('',#4855,.T.);
#4855 = EDGE_LOOP('',(#4856,#4857,#4858,#4859));
#4856 = ORIENTED_EDGE('',*,*,#4830,.F.);
#4857 = ORIENTED_EDGE('',*,*,#4555,.T.);
#4858 = ORIENTED_EDGE('',*,*,#4594,.F.);
#4859 = ORIENTED_EDGE('',*,*,#3906,.T.);
#4860 = PLANE('',#4861);
#4861 = AXIS2_PLACEMENT_3D('',#4862,#4863,#4864);
#4862 = CARTESIAN_POINT('',(11.334268862754,0.8517976515,10.696911478415
    ));
#4863 = DIRECTION('',(1.,0.,-0.));
#4864 = DIRECTION('',(0.,0.,1.));
#4865 = ADVANCED_FACE('',(#4866),#4890,.T.);
#4866 = FACE_BOUND('',#4867,.T.);
#4867 = EDGE_LOOP('',(#4868,#4869,#4870,#4871,#4877,#4878,#4879,#4880,
    #4886,#4887,#4888,#4889));
#4868 = ORIENTED_EDGE('',*,*,#4694,.T.);
#4869 = ORIENTED_EDGE('',*,*,#289,.T.);
#4870 = ORIENTED_EDGE('',*,*,#3191,.T.);
#4871 = ORIENTED_EDGE('',*,*,#4872,.T.);
#4872 = EDGE_CURVE('',#3184,#4638,#4873,.T.);
#4873 = LINE('',#4874,#4875);
#4874 = CARTESIAN_POINT('',(10.284268862754,1.0517976515,-5.553088521585
    ));
#4875 = VECTOR('',#4876,1.);
#4876 = DIRECTION('',(0.,-1.,0.));
#4877 = ORIENTED_EDGE('',*,*,#4663,.F.);
#4878 = ORIENTED_EDGE('',*,*,#4805,.T.);
#4879 = ORIENTED_EDGE('',*,*,#4391,.T.);
#4880 = ORIENTED_EDGE('',*,*,#4881,.F.);
#4881 = EDGE_CURVE('',#610,#4384,#4882,.T.);
#4882 = LINE('',#4883,#4884);
#4883 = CARTESIAN_POINT('',(10.284268862754,1.0517976515,11.746911478415
    ));
#4884 = VECTOR('',#4885,1.);
#4885 = DIRECTION('',(0.,1.,0.));
#4886 = ORIENTED_EDGE('',*,*,#609,.T.);
#4887 = ORIENTED_EDGE('',*,*,#4175,.F.);
#4888 = ORIENTED_EDGE('',*,*,#3168,.F.);
#4889 = ORIENTED_EDGE('',*,*,#3622,.F.);
#4890 = PLANE('',#4891);
#4891 = AXIS2_PLACEMENT_3D('',#4892,#4893,#4894);
#4892 = CARTESIAN_POINT('',(10.284268862754,-2.3482023485,7.746911478415
    ));
#4893 = DIRECTION('',(-1.,0.,0.));
#4894 = DIRECTION('',(0.,-1.,0.));
#4895 = ADVANCED_FACE('',(#4896),#4902,.T.);
#4896 = FACE_BOUND('',#4897,.T.);
#4897 = EDGE_LOOP('',(#4898,#4899,#4900,#4901));
#4898 = ORIENTED_EDGE('',*,*,#880,.F.);
#4899 = ORIENTED_EDGE('',*,*,#2281,.T.);
#4900 = ORIENTED_EDGE('',*,*,#3062,.T.);
#4901 = ORIENTED_EDGE('',*,*,#981,.T.);
#4902 = PLANE('',#4903);
#4903 = AXIS2_PLACEMENT_3D('',#4904,#4905,#4906);
#4904 = CARTESIAN_POINT('',(10.834268862754,0.8517976515,4.196911478415)
  );
#4905 = DIRECTION('',(-1.,-0.,-0.));
#4906 = DIRECTION('',(0.,0.,-1.));
#4907 = ADVANCED_FACE('',(#4908),#4914,.T.);
#4908 = FACE_BOUND('',#4909,.T.);
#4909 = EDGE_LOOP('',(#4910,#4911,#4912,#4913));
#4910 = ORIENTED_EDGE('',*,*,#4569,.F.);
#4911 = ORIENTED_EDGE('',*,*,#4364,.F.);
#4912 = ORIENTED_EDGE('',*,*,#1724,.F.);
#4913 = ORIENTED_EDGE('',*,*,#4160,.T.);
#4914 = PLANE('',#4915);
#4915 = AXIS2_PLACEMENT_3D('',#4916,#4917,#4918);
#4916 = CARTESIAN_POINT('',(11.334268862754,0.8517976515,10.196911478415
    ));
#4917 = DIRECTION('',(-2.413528314403E-16,-0.,-1.));
#4918 = DIRECTION('',(1.,0.,-2.413528314403E-16));
#4919 = ADVANCED_FACE('',(#4920),#4926,.T.);
#4920 = FACE_BOUND('',#4921,.T.);
#4921 = EDGE_LOOP('',(#4922,#4923,#4924,#4925));
#4922 = ORIENTED_EDGE('',*,*,#1621,.F.);
#4923 = ORIENTED_EDGE('',*,*,#1228,.F.);
#4924 = ORIENTED_EDGE('',*,*,#3071,.T.);
#4925 = ORIENTED_EDGE('',*,*,#1362,.F.);
#4926 = PLANE('',#4927);
#4927 = AXIS2_PLACEMENT_3D('',#4928,#4929,#4930);
#4928 = CARTESIAN_POINT('',(11.334268862754,0.8517976515,2.196911478415)
  );
#4929 = DIRECTION('',(-2.413528314403E-16,-0.,-1.));
#4930 = DIRECTION('',(1.,0.,-2.413528314403E-16));
#4931 = ADVANCED_FACE('',(#4932),#4938,.F.);
#4932 = FACE_BOUND('',#4933,.T.);
#4933 = EDGE_LOOP('',(#4934,#4935,#4936,#4937));
#4934 = ORIENTED_EDGE('',*,*,#4301,.T.);
#4935 = ORIENTED_EDGE('',*,*,#2868,.T.);
#4936 = ORIENTED_EDGE('',*,*,#1298,.F.);
#4937 = ORIENTED_EDGE('',*,*,#841,.F.);
#4938 = PLANE('',#4939);
#4939 = AXIS2_PLACEMENT_3D('',#4940,#4941,#4942);
#4940 = CARTESIAN_POINT('',(11.034268862754,-3.4482023485,
    10.646911478415));
#4941 = DIRECTION('',(-2.341466393106E-16,0.242535625036,-0.970142500145
    ));
#4942 = DIRECTION('',(0.,0.970142500145,0.242535625036));
#4943 = ADVANCED_FACE('',(#4944),#4950,.F.);
#4944 = FACE_BOUND('',#4945,.T.);
#4945 = EDGE_LOOP('',(#4946,#4947,#4948,#4949));
#4946 = ORIENTED_EDGE('',*,*,#919,.T.);
#4947 = ORIENTED_EDGE('',*,*,#1499,.T.);
#4948 = ORIENTED_EDGE('',*,*,#2896,.F.);
#4949 = ORIENTED_EDGE('',*,*,#209,.F.);
#4950 = PLANE('',#4951);
#4951 = AXIS2_PLACEMENT_3D('',#4952,#4953,#4954);
#4952 = CARTESIAN_POINT('',(11.034268862754,-3.4482023485,2.646911478415
    ));
#4953 = DIRECTION('',(-2.341466393106E-16,0.242535625036,-0.970142500145
    ));
#4954 = DIRECTION('',(0.,0.970142500145,0.242535625036));
#4955 = ADVANCED_FACE('',(#4956),#4968,.F.);
#4956 = FACE_BOUND('',#4957,.T.);
#4957 = EDGE_LOOP('',(#4958,#4964,#4965,#4966,#4967));
#4958 = ORIENTED_EDGE('',*,*,#4959,.T.);
#4959 = EDGE_CURVE('',#4640,#3199,#4960,.T.);
#4960 = LINE('',#4961,#4962);
#4961 = CARTESIAN_POINT('',(9.184268862754,1.0517976515,-5.553088521585)
  );
#4962 = VECTOR('',#4963,1.);
#4963 = DIRECTION('',(0.,1.,0.));
#4964 = ORIENTED_EDGE('',*,*,#3198,.T.);
#4965 = ORIENTED_EDGE('',*,*,#305,.F.);
#4966 = ORIENTED_EDGE('',*,*,#4812,.T.);
#4967 = ORIENTED_EDGE('',*,*,#4647,.T.);
#4968 = PLANE('',#4969);
#4969 = AXIS2_PLACEMENT_3D('',#4970,#4971,#4972);
#4970 = CARTESIAN_POINT('',(9.184268862754,0.3517976515,-4.853088521585)
  );
#4971 = DIRECTION('',(-1.,0.,0.));
#4972 = DIRECTION('',(0.,1.,0.));
#4973 = ADVANCED_FACE('',(#4974),#4984,.T.);
#4974 = FACE_BOUND('',#4975,.T.);
#4975 = EDGE_LOOP('',(#4976,#4977,#4978,#4979,#4980,#4981,#4982,#4983));
#4976 = ORIENTED_EDGE('',*,*,#3183,.T.);
#4977 = ORIENTED_EDGE('',*,*,#1593,.F.);
#4978 = ORIENTED_EDGE('',*,*,#3723,.F.);
#4979 = ORIENTED_EDGE('',*,*,#1061,.T.);
#4980 = ORIENTED_EDGE('',*,*,#3206,.T.);
#4981 = ORIENTED_EDGE('',*,*,#4959,.F.);
#4982 = ORIENTED_EDGE('',*,*,#4637,.F.);
#4983 = ORIENTED_EDGE('',*,*,#4872,.F.);
#4984 = PLANE('',#4985);
#4985 = AXIS2_PLACEMENT_3D('',#4986,#4987,#4988);
#4986 = CARTESIAN_POINT('',(7.484268862754,1.0517976515,-5.553088521585)
  );
#4987 = DIRECTION('',(-1.224606353822E-16,-0.,-1.));
#4988 = DIRECTION('',(1.,0.,-1.224606353822E-16));
#4989 = ADVANCED_FACE('',(#4990),#5024,.T.);
#4990 = FACE_BOUND('',#4991,.T.);
#4991 = EDGE_LOOP('',(#4992,#5002,#5010,#5018));
#4992 = ORIENTED_EDGE('',*,*,#4993,.T.);
#4993 = EDGE_CURVE('',#4994,#4996,#4998,.T.);
#4994 = VERTEX_POINT('',#4995);
#4995 = CARTESIAN_POINT('',(11.234268862754,3.9517976515,8.296911478415)
  );
#4996 = VERTEX_POINT('',#4997);
#4997 = CARTESIAN_POINT('',(11.234268862754,3.9517976515,8.596911478415)
  );
#4998 = LINE('',#4999,#5000);
#4999 = CARTESIAN_POINT('',(11.234268862754,3.9517976515,8.542971342958)
  );
#5000 = VECTOR('',#5001,1.);
#5001 = DIRECTION('',(0.,0.,1.));
#5002 = ORIENTED_EDGE('',*,*,#5003,.F.);
#5003 = EDGE_CURVE('',#5004,#4996,#5006,.T.);
#5004 = VERTEX_POINT('',#5005);
#5005 = CARTESIAN_POINT('',(11.334268862754,3.5517976515,8.696911478415)
  );
#5006 = LINE('',#5007,#5008);
#5007 = CARTESIAN_POINT('',(12.009268862754,0.8517976515,9.371911478415)
  );
#5008 = VECTOR('',#5009,1.);
#5009 = DIRECTION('',(-0.235702260396,0.942809041582,-0.235702260396));
#5010 = ORIENTED_EDGE('',*,*,#5011,.T.);
#5011 = EDGE_CURVE('',#5004,#5012,#5014,.T.);
#5012 = VERTEX_POINT('',#5013);
#5013 = CARTESIAN_POINT('',(11.334268862754,3.5517976515,8.196911478415)
  );
#5014 = LINE('',#5015,#5016);
#5015 = CARTESIAN_POINT('',(11.334268862754,3.5517976515,8.542971342958)
  );
#5016 = VECTOR('',#5017,1.);
#5017 = DIRECTION('',(0.,0.,-1.));
#5018 = ORIENTED_EDGE('',*,*,#5019,.F.);
#5019 = EDGE_CURVE('',#4994,#5012,#5020,.T.);
#5020 = LINE('',#5021,#5022);
#5021 = CARTESIAN_POINT('',(12.009268862754,0.8517976515,7.521911478415)
  );
#5022 = VECTOR('',#5023,1.);
#5023 = DIRECTION('',(0.235702260396,-0.942809041582,-0.235702260396));
#5024 = PLANE('',#5025);
#5025 = AXIS2_PLACEMENT_3D('',#5026,#5027,#5028);
#5026 = CARTESIAN_POINT('',(11.284268862754,3.7517976515,8.446911478415)
  );
#5027 = DIRECTION('',(0.970142500145,0.242535625036,0.));
#5028 = DIRECTION('',(0.242535625036,-0.970142500145,3.36585794009E-17)
  );
#5029 = ADVANCED_FACE('',(#5030),#5055,.T.);
#5030 = FACE_BOUND('',#5031,.T.);
#5031 = EDGE_LOOP('',(#5032,#5040,#5041,#5049));
#5032 = ORIENTED_EDGE('',*,*,#5033,.F.);
#5033 = EDGE_CURVE('',#4996,#5034,#5036,.T.);
#5034 = VERTEX_POINT('',#5035);
#5035 = CARTESIAN_POINT('',(10.934268862754,3.9517976515,8.596911478415)
  );
#5036 = LINE('',#5037,#5038);
#5037 = CARTESIAN_POINT('',(8.209531969062,3.9517976515,8.596911478415)
  );
#5038 = VECTOR('',#5039,1.);
#5039 = DIRECTION('',(-1.,0.,2.413528314403E-16));
#5040 = ORIENTED_EDGE('',*,*,#4993,.F.);
#5041 = ORIENTED_EDGE('',*,*,#5042,.F.);
#5042 = EDGE_CURVE('',#5043,#4994,#5045,.T.);
#5043 = VERTEX_POINT('',#5044);
#5044 = CARTESIAN_POINT('',(10.934268862754,3.9517976515,8.296911478415)
  );
#5045 = LINE('',#5046,#5047);
#5046 = CARTESIAN_POINT('',(8.209531969062,3.9517976515,8.296911478415)
  );
#5047 = VECTOR('',#5048,1.);
#5048 = DIRECTION('',(1.,0.,-2.413528314403E-16));
#5049 = ORIENTED_EDGE('',*,*,#5050,.F.);
#5050 = EDGE_CURVE('',#5034,#5043,#5051,.T.);
#5051 = LINE('',#5052,#5053);
#5052 = CARTESIAN_POINT('',(10.934268862754,3.9517976515,8.542971342958)
  );
#5053 = VECTOR('',#5054,1.);
#5054 = DIRECTION('',(0.,0.,-1.));
#5055 = PLANE('',#5056);
#5056 = AXIS2_PLACEMENT_3D('',#5057,#5058,#5059);
#5057 = CARTESIAN_POINT('',(8.209531969062,3.9517976515,8.542971342958)
  );
#5058 = DIRECTION('',(0.,1.,-0.));
#5059 = DIRECTION('',(-1.,0.,0.));
#5060 = ADVANCED_FACE('',(#5061),#5079,.T.);
#5061 = FACE_BOUND('',#5062,.T.);
#5062 = EDGE_LOOP('',(#5063,#5064,#5072,#5078));
#5063 = ORIENTED_EDGE('',*,*,#5033,.T.);
#5064 = ORIENTED_EDGE('',*,*,#5065,.T.);
#5065 = EDGE_CURVE('',#5034,#5066,#5068,.T.);
#5066 = VERTEX_POINT('',#5067);
#5067 = CARTESIAN_POINT('',(10.834268862754,3.5517976515,8.696911478415)
  );
#5068 = LINE('',#5069,#5070);
#5069 = CARTESIAN_POINT('',(10.159268862754,0.8517976515,9.371911478415)
  );
#5070 = VECTOR('',#5071,1.);
#5071 = DIRECTION('',(-0.235702260396,-0.942809041582,0.235702260396));
#5072 = ORIENTED_EDGE('',*,*,#5073,.T.);
#5073 = EDGE_CURVE('',#5066,#5004,#5074,.T.);
#5074 = LINE('',#5075,#5076);
#5075 = CARTESIAN_POINT('',(8.209531969062,3.5517976515,8.696911478415)
  );
#5076 = VECTOR('',#5077,1.);
#5077 = DIRECTION('',(1.,1.016424011296E-31,-2.413528314403E-16));
#5078 = ORIENTED_EDGE('',*,*,#5003,.T.);
#5079 = PLANE('',#5080);
#5080 = AXIS2_PLACEMENT_3D('',#5081,#5082,#5083);
#5081 = CARTESIAN_POINT('',(11.084268862754,3.7517976515,8.646911478415)
  );
#5082 = DIRECTION('',(2.341466393106E-16,0.242535625036,0.970142500145)
  );
#5083 = DIRECTION('',(0.,-0.970142500145,0.242535625036));
#5084 = ADVANCED_FACE('',(#5085),#5108,.T.);
#5085 = FACE_BOUND('',#5086,.T.);
#5086 = EDGE_LOOP('',(#5087,#5095,#5101,#5102));
#5087 = ORIENTED_EDGE('',*,*,#5088,.F.);
#5088 = EDGE_CURVE('',#5012,#5089,#5091,.T.);
#5089 = VERTEX_POINT('',#5090);
#5090 = CARTESIAN_POINT('',(10.834268862754,3.5517976515,8.196911478415)
  );
#5091 = LINE('',#5092,#5093);
#5092 = CARTESIAN_POINT('',(8.209531969062,3.5517976515,8.196911478415)
  );
#5093 = VECTOR('',#5094,1.);
#5094 = DIRECTION('',(-1.,1.016424011296E-31,2.413528314403E-16));
#5095 = ORIENTED_EDGE('',*,*,#5096,.F.);
#5096 = EDGE_CURVE('',#3018,#5012,#5097,.T.);
#5097 = LINE('',#5098,#5099);
#5098 = CARTESIAN_POINT('',(11.334268862754,0.8517976515,8.196911478415)
  );
#5099 = VECTOR('',#5100,1.);
#5100 = DIRECTION('',(0.,1.,0.));
#5101 = ORIENTED_EDGE('',*,*,#3041,.T.);
#5102 = ORIENTED_EDGE('',*,*,#5103,.F.);
#5103 = EDGE_CURVE('',#5089,#3034,#5104,.T.);
#5104 = LINE('',#5105,#5106);
#5105 = CARTESIAN_POINT('',(10.834268862754,0.8517976515,8.196911478415)
  );
#5106 = VECTOR('',#5107,1.);
#5107 = DIRECTION('',(0.,-1.,0.));
#5108 = PLANE('',#5109);
#5109 = AXIS2_PLACEMENT_3D('',#5110,#5111,#5112);
#5110 = CARTESIAN_POINT('',(11.334268862754,0.8517976515,8.196911478415)
  );
#5111 = DIRECTION('',(-2.413528314403E-16,-0.,-1.));
#5112 = DIRECTION('',(1.,0.,-2.413528314403E-16));
#5113 = ADVANCED_FACE('',(#5114),#5130,.T.);
#5114 = FACE_BOUND('',#5115,.T.);
#5115 = EDGE_LOOP('',(#5116,#5117,#5123,#5129));
#5116 = ORIENTED_EDGE('',*,*,#5050,.T.);
#5117 = ORIENTED_EDGE('',*,*,#5118,.F.);
#5118 = EDGE_CURVE('',#5089,#5043,#5119,.T.);
#5119 = LINE('',#5120,#5121);
#5120 = CARTESIAN_POINT('',(10.159268862754,0.8517976515,7.521911478415)
  );
#5121 = VECTOR('',#5122,1.);
#5122 = DIRECTION('',(0.235702260396,0.942809041582,0.235702260396));
#5123 = ORIENTED_EDGE('',*,*,#5124,.T.);
#5124 = EDGE_CURVE('',#5089,#5066,#5125,.T.);
#5125 = LINE('',#5126,#5127);
#5126 = CARTESIAN_POINT('',(10.834268862754,3.5517976515,8.542971342958)
  );
#5127 = VECTOR('',#5128,1.);
#5128 = DIRECTION('',(0.,0.,1.));
#5129 = ORIENTED_EDGE('',*,*,#5065,.F.);
#5130 = PLANE('',#5131);
#5131 = AXIS2_PLACEMENT_3D('',#5132,#5133,#5134);
#5132 = CARTESIAN_POINT('',(10.884268862754,3.7517976515,8.446911478415)
  );
#5133 = DIRECTION('',(-0.970142500145,0.242535625036,0.));
#5134 = DIRECTION('',(-0.242535625036,-0.970142500145,3.36585794009E-17)
  );
#5135 = ADVANCED_FACE('',(#5136),#5147,.T.);
#5136 = FACE_BOUND('',#5137,.T.);
#5137 = EDGE_LOOP('',(#5138,#5139,#5140,#5141));
#5138 = ORIENTED_EDGE('',*,*,#5124,.F.);
#5139 = ORIENTED_EDGE('',*,*,#5103,.T.);
#5140 = ORIENTED_EDGE('',*,*,#3033,.T.);
#5141 = ORIENTED_EDGE('',*,*,#5142,.T.);
#5142 = EDGE_CURVE('',#3026,#5066,#5143,.T.);
#5143 = LINE('',#5144,#5145);
#5144 = CARTESIAN_POINT('',(10.834268862754,0.8517976515,8.696911478415)
  );
#5145 = VECTOR('',#5146,1.);
#5146 = DIRECTION('',(0.,1.,0.));
#5147 = PLANE('',#5148);
#5148 = AXIS2_PLACEMENT_3D('',#5149,#5150,#5151);
#5149 = CARTESIAN_POINT('',(10.834268862754,0.8517976515,8.196911478415)
  );
#5150 = DIRECTION('',(-1.,-0.,-0.));
#5151 = DIRECTION('',(0.,0.,-1.));
#5152 = ADVANCED_FACE('',(#5153),#5164,.T.);
#5153 = FACE_BOUND('',#5154,.T.);
#5154 = EDGE_LOOP('',(#5155,#5156,#5162,#5163));
#5155 = ORIENTED_EDGE('',*,*,#5011,.F.);
#5156 = ORIENTED_EDGE('',*,*,#5157,.T.);
#5157 = EDGE_CURVE('',#5004,#3016,#5158,.T.);
#5158 = LINE('',#5159,#5160);
#5159 = CARTESIAN_POINT('',(11.334268862754,0.8517976515,8.696911478415)
  );
#5160 = VECTOR('',#5161,1.);
#5161 = DIRECTION('',(0.,-1.,0.));
#5162 = ORIENTED_EDGE('',*,*,#3015,.T.);
#5163 = ORIENTED_EDGE('',*,*,#5096,.T.);
#5164 = PLANE('',#5165);
#5165 = AXIS2_PLACEMENT_3D('',#5166,#5167,#5168);
#5166 = CARTESIAN_POINT('',(11.334268862754,0.8517976515,8.696911478415)
  );
#5167 = DIRECTION('',(1.,0.,-0.));
#5168 = DIRECTION('',(0.,0.,1.));
#5169 = ADVANCED_FACE('',(#5170),#5176,.T.);
#5170 = FACE_BOUND('',#5171,.T.);
#5171 = EDGE_LOOP('',(#5172,#5173,#5174,#5175));
#5172 = ORIENTED_EDGE('',*,*,#5073,.F.);
#5173 = ORIENTED_EDGE('',*,*,#5142,.F.);
#5174 = ORIENTED_EDGE('',*,*,#3025,.T.);
#5175 = ORIENTED_EDGE('',*,*,#5157,.F.);
#5176 = PLANE('',#5177);
#5177 = AXIS2_PLACEMENT_3D('',#5178,#5179,#5180);
#5178 = CARTESIAN_POINT('',(10.834268862754,0.8517976515,8.696911478415)
  );
#5179 = DIRECTION('',(2.413528314403E-16,0.,1.));
#5180 = DIRECTION('',(-1.,0.,2.413528314403E-16));
#5181 = ADVANCED_FACE('',(#5182),#5188,.T.);
#5182 = FACE_BOUND('',#5183,.T.);
#5183 = EDGE_LOOP('',(#5184,#5185,#5186,#5187));
#5184 = ORIENTED_EDGE('',*,*,#5042,.T.);
#5185 = ORIENTED_EDGE('',*,*,#5019,.T.);
#5186 = ORIENTED_EDGE('',*,*,#5088,.T.);
#5187 = ORIENTED_EDGE('',*,*,#5118,.T.);
#5188 = PLANE('',#5189);
#5189 = AXIS2_PLACEMENT_3D('',#5190,#5191,#5192);
#5190 = CARTESIAN_POINT('',(11.084268862754,3.7517976515,8.246911478415)
  );
#5191 = DIRECTION('',(-2.341466393106E-16,0.242535625036,-0.970142500145
    ));
#5192 = DIRECTION('',(0.,-0.970142500145,-0.242535625036));
#5193 = ADVANCED_FACE('',(#5194),#5210,.F.);
#5194 = FACE_BOUND('',#5195,.T.);
#5195 = EDGE_LOOP('',(#5196,#5197,#5203,#5204));
#5196 = ORIENTED_EDGE('',*,*,#2704,.T.);
#5197 = ORIENTED_EDGE('',*,*,#5198,.T.);
#5198 = EDGE_CURVE('',#2697,#2040,#5199,.T.);
#5199 = LINE('',#5200,#5201);
#5200 = CARTESIAN_POINT('',(12.359268862754,0.8517976515,7.171911478415)
  );
#5201 = VECTOR('',#5202,1.);
#5202 = DIRECTION('',(0.235702260396,0.942809041582,-0.235702260396));
#5203 = ORIENTED_EDGE('',*,*,#4013,.F.);
#5204 = ORIENTED_EDGE('',*,*,#5205,.F.);
#5205 = EDGE_CURVE('',#2705,#2921,#5206,.T.);
#5206 = LINE('',#5207,#5208);
#5207 = CARTESIAN_POINT('',(12.359268862754,0.8517976515,9.721911478415)
  );
#5208 = VECTOR('',#5209,1.);
#5209 = DIRECTION('',(0.235702260396,0.942809041582,0.235702260396));
#5210 = PLANE('',#5211);
#5211 = AXIS2_PLACEMENT_3D('',#5212,#5213,#5214);
#5212 = CARTESIAN_POINT('',(11.284268862754,-3.4482023485,8.496911478415
    ));
#5213 = DIRECTION('',(-0.970142500145,0.242535625036,0.));
#5214 = DIRECTION('',(0.242535625036,0.970142500145,3.36585794009E-17));
#5215 = ADVANCED_FACE('',(#5216),#5222,.F.);
#5216 = FACE_BOUND('',#5217,.T.);
#5217 = EDGE_LOOP('',(#5218,#5219,#5220,#5221));
#5218 = ORIENTED_EDGE('',*,*,#2712,.T.);
#5219 = ORIENTED_EDGE('',*,*,#5205,.T.);
#5220 = ORIENTED_EDGE('',*,*,#2920,.F.);
#5221 = ORIENTED_EDGE('',*,*,#2594,.F.);
#5222 = PLANE('',#5223);
#5223 = AXIS2_PLACEMENT_3D('',#5224,#5225,#5226);
#5224 = CARTESIAN_POINT('',(11.034268862754,-3.4482023485,8.646911478415
    ));
#5225 = DIRECTION('',(-2.341466393106E-16,0.242535625036,-0.970142500145
    ));
#5226 = DIRECTION('',(0.,0.970142500145,0.242535625036));
#5227 = ADVANCED_FACE('',(#5228),#5234,.F.);
#5228 = FACE_BOUND('',#5229,.T.);
#5229 = EDGE_LOOP('',(#5230,#5231,#5232,#5233));
#5230 = ORIENTED_EDGE('',*,*,#2696,.T.);
#5231 = ORIENTED_EDGE('',*,*,#2601,.F.);
#5232 = ORIENTED_EDGE('',*,*,#2047,.F.);
#5233 = ORIENTED_EDGE('',*,*,#5198,.F.);
#5234 = PLANE('',#5235);
#5235 = AXIS2_PLACEMENT_3D('',#5236,#5237,#5238);
#5236 = CARTESIAN_POINT('',(11.084268862754,-3.4482023485,8.246911478415
    ));
#5237 = DIRECTION('',(2.341466393106E-16,0.242535625036,0.970142500145)
  );
#5238 = DIRECTION('',(0.,0.970142500145,-0.242535625036));
#5239 = ADVANCED_FACE('',(#5240),#5246,.F.);
#5240 = FACE_BOUND('',#5241,.F.);
#5241 = EDGE_LOOP('',(#5242,#5243,#5244,#5245));
#5242 = ORIENTED_EDGE('',*,*,#4527,.F.);
#5243 = ORIENTED_EDGE('',*,*,#1260,.F.);
#5244 = ORIENTED_EDGE('',*,*,#3881,.T.);
#5245 = ORIENTED_EDGE('',*,*,#4270,.T.);
#5246 = CYLINDRICAL_SURFACE('',#5247,0.7);
#5247 = AXIS2_PLACEMENT_3D('',#5248,#5249,#5250);
#5248 = CARTESIAN_POINT('',(10.334268862754,1.8517976515,10.696911478415
    ));
#5249 = DIRECTION('',(0.,0.,1.));
#5250 = DIRECTION('',(-1.,0.,0.));
#5251 = ADVANCED_FACE('',(#5252),#5258,.T.);
#5252 = FACE_BOUND('',#5253,.T.);
#5253 = EDGE_LOOP('',(#5254,#5255,#5256,#5257));
#5254 = ORIENTED_EDGE('',*,*,#4587,.T.);
#5255 = ORIENTED_EDGE('',*,*,#4537,.F.);
#5256 = ORIENTED_EDGE('',*,*,#4064,.F.);
#5257 = ORIENTED_EDGE('',*,*,#3923,.T.);
#5258 = CYLINDRICAL_SURFACE('',#5259,0.7);
#5259 = AXIS2_PLACEMENT_3D('',#5260,#5261,#5262);
#5260 = CARTESIAN_POINT('',(10.834268862754,1.8517976515,10.696911478415
    ));
#5261 = DIRECTION('',(0.,0.,1.));
#5262 = DIRECTION('',(-1.,0.,0.));
#5263 = ADVANCED_FACE('',(#5264),#5280,.F.);
#5264 = FACE_BOUND('',#5265,.T.);
#5265 = EDGE_LOOP('',(#5266,#5272,#5273,#5279));
#5266 = ORIENTED_EDGE('',*,*,#5267,.T.);
#5267 = EDGE_CURVE('',#4197,#1677,#5268,.T.);
#5268 = LINE('',#5269,#5270);
#5269 = CARTESIAN_POINT('',(10.934268862754,-3.6482023485,
    -1.457028657042));
#5270 = VECTOR('',#5271,1.);
#5271 = DIRECTION('',(0.,0.,1.));
#5272 = ORIENTED_EDGE('',*,*,#1693,.T.);
#5273 = ORIENTED_EDGE('',*,*,#5274,.F.);
#5274 = EDGE_CURVE('',#4205,#1686,#5275,.T.);
#5275 = LINE('',#5276,#5277);
#5276 = CARTESIAN_POINT('',(10.834268862754,-3.2482023485,
    -1.457028657042));
#5277 = VECTOR('',#5278,1.);
#5278 = DIRECTION('',(0.,0.,1.));
#5279 = ORIENTED_EDGE('',*,*,#4204,.T.);
#5280 = PLANE('',#5281);
#5281 = AXIS2_PLACEMENT_3D('',#5282,#5283,#5284);
#5282 = CARTESIAN_POINT('',(10.884268862754,-3.4482023485,
    -1.553088521585));
#5283 = DIRECTION('',(0.970142500145,0.242535625036,-0.));
#5284 = DIRECTION('',(-0.242535625036,0.970142500145,3.36585794009E-17)
  );
#5285 = ADVANCED_FACE('',(#5286),#5302,.T.);
#5286 = FACE_BOUND('',#5287,.T.);
#5287 = EDGE_LOOP('',(#5288,#5289,#5295,#5296));
#5288 = ORIENTED_EDGE('',*,*,#4465,.F.);
#5289 = ORIENTED_EDGE('',*,*,#5290,.F.);
#5290 = EDGE_CURVE('',#1686,#4458,#5291,.T.);
#5291 = LINE('',#5292,#5293);
#5292 = CARTESIAN_POINT('',(10.834268862754,0.8517976515,-1.303088521585
    ));
#5293 = VECTOR('',#5294,1.);
#5294 = DIRECTION('',(0.,1.,0.));
#5295 = ORIENTED_EDGE('',*,*,#1685,.T.);
#5296 = ORIENTED_EDGE('',*,*,#5297,.F.);
#5297 = EDGE_CURVE('',#4466,#1404,#5298,.T.);
#5298 = LINE('',#5299,#5300);
#5299 = CARTESIAN_POINT('',(11.334268862754,0.8517976515,-1.303088521585
    ));
#5300 = VECTOR('',#5301,1.);
#5301 = DIRECTION('',(0.,-1.,0.));
#5302 = PLANE('',#5303);
#5303 = AXIS2_PLACEMENT_3D('',#5304,#5305,#5306);
#5304 = CARTESIAN_POINT('',(10.834268862754,0.8517976515,-1.303088521585
    ));
#5305 = DIRECTION('',(2.413528314403E-16,0.,1.));
#5306 = DIRECTION('',(-1.,0.,2.413528314403E-16));
#5307 = ADVANCED_FACE('',(#5308),#5314,.T.);
#5308 = FACE_BOUND('',#5309,.T.);
#5309 = EDGE_LOOP('',(#5310,#5311,#5312,#5313));
#5310 = ORIENTED_EDGE('',*,*,#3781,.T.);
#5311 = ORIENTED_EDGE('',*,*,#2304,.F.);
#5312 = ORIENTED_EDGE('',*,*,#4738,.T.);
#5313 = ORIENTED_EDGE('',*,*,#2070,.T.);
#5314 = PLANE('',#5315);
#5315 = AXIS2_PLACEMENT_3D('',#5316,#5317,#5318);
#5316 = CARTESIAN_POINT('',(7.884268862754,0.3517976515,4.046911478415)
  );
#5317 = DIRECTION('',(1.,-0.,1.224606353822E-16));
#5318 = DIRECTION('',(1.224606353822E-16,0.,-1.));
#5319 = ADVANCED_FACE('',(#5320),#5331,.T.);
#5320 = FACE_BOUND('',#5321,.T.);
#5321 = EDGE_LOOP('',(#5322,#5323,#5329,#5330));
#5322 = ORIENTED_EDGE('',*,*,#4457,.F.);
#5323 = ORIENTED_EDGE('',*,*,#5324,.T.);
#5324 = EDGE_CURVE('',#4450,#4205,#5325,.T.);
#5325 = LINE('',#5326,#5327);
#5326 = CARTESIAN_POINT('',(10.834268862754,0.8517976515,-1.803088521585
    ));
#5327 = VECTOR('',#5328,1.);
#5328 = DIRECTION('',(0.,-1.,0.));
#5329 = ORIENTED_EDGE('',*,*,#5274,.T.);
#5330 = ORIENTED_EDGE('',*,*,#5290,.T.);
#5331 = PLANE('',#5332);
#5332 = AXIS2_PLACEMENT_3D('',#5333,#5334,#5335);
#5333 = CARTESIAN_POINT('',(10.834268862754,0.8517976515,-1.803088521585
    ));
#5334 = DIRECTION('',(-1.,-0.,-0.));
#5335 = DIRECTION('',(0.,0.,-1.));
#5336 = ADVANCED_FACE('',(#5337),#5347,.F.);
#5337 = FACE_BOUND('',#5338,.T.);
#5338 = EDGE_LOOP('',(#5339,#5340,#5341,#5342,#5343,#5344,#5345,#5346));
#5339 = ORIENTED_EDGE('',*,*,#3830,.T.);
#5340 = ORIENTED_EDGE('',*,*,#959,.F.);
#5341 = ORIENTED_EDGE('',*,*,#4701,.T.);
#5342 = ORIENTED_EDGE('',*,*,#571,.T.);
#5343 = ORIENTED_EDGE('',*,*,#619,.T.);
#5344 = ORIENTED_EDGE('',*,*,#4881,.T.);
#5345 = ORIENTED_EDGE('',*,*,#4383,.T.);
#5346 = ORIENTED_EDGE('',*,*,#3507,.F.);
#5347 = PLANE('',#5348);
#5348 = AXIS2_PLACEMENT_3D('',#5349,#5350,#5351);
#5349 = CARTESIAN_POINT('',(7.835545605956,-3.889854191188,
    11.746911478415));
#5350 = DIRECTION('',(0.,0.,1.));
#5351 = DIRECTION('',(-1.,0.,0.));
#5352 = ADVANCED_FACE('',(#5353),#5371,.T.);
#5353 = FACE_BOUND('',#5354,.T.);
#5354 = EDGE_LOOP('',(#5355,#5356,#5357,#5365));
#5355 = ORIENTED_EDGE('',*,*,#4483,.F.);
#5356 = ORIENTED_EDGE('',*,*,#3476,.T.);
#5357 = ORIENTED_EDGE('',*,*,#5358,.T.);
#5358 = EDGE_CURVE('',#3469,#5359,#5361,.T.);
#5359 = VERTEX_POINT('',#5360);
#5360 = CARTESIAN_POINT('',(11.334268862754,-3.2482023485,0.196911478415
    ));
#5361 = LINE('',#5362,#5363);
#5362 = CARTESIAN_POINT('',(11.334268862754,-3.2482023485,0.542971342958
    ));
#5363 = VECTOR('',#5364,1.);
#5364 = DIRECTION('',(0.,0.,-1.));
#5365 = ORIENTED_EDGE('',*,*,#5366,.T.);
#5366 = EDGE_CURVE('',#5359,#4484,#5367,.T.);
#5367 = LINE('',#5368,#5369);
#5368 = CARTESIAN_POINT('',(11.334268862754,0.8517976515,0.196911478415)
  );
#5369 = VECTOR('',#5370,1.);
#5370 = DIRECTION('',(0.,1.,0.));
#5371 = PLANE('',#5372);
#5372 = AXIS2_PLACEMENT_3D('',#5373,#5374,#5375);
#5373 = CARTESIAN_POINT('',(11.334268862754,0.8517976515,0.696911478415)
  );
#5374 = DIRECTION('',(1.,0.,-0.));
#5375 = DIRECTION('',(0.,0.,1.));
#5376 = ADVANCED_FACE('',(#5377),#5393,.F.);
#5377 = FACE_BOUND('',#5378,.T.);
#5378 = EDGE_LOOP('',(#5379,#5380,#5381,#5387));
#5379 = ORIENTED_EDGE('',*,*,#3422,.T.);
#5380 = ORIENTED_EDGE('',*,*,#1451,.F.);
#5381 = ORIENTED_EDGE('',*,*,#5382,.F.);
#5382 = EDGE_CURVE('',#5359,#1444,#5383,.T.);
#5383 = LINE('',#5384,#5385);
#5384 = CARTESIAN_POINT('',(8.209531969062,-3.2482023485,0.196911478415)
  );
#5385 = VECTOR('',#5386,1.);
#5386 = DIRECTION('',(-1.,-6.352650070599E-33,2.413528314403E-16));
#5387 = ORIENTED_EDGE('',*,*,#5388,.F.);
#5388 = EDGE_CURVE('',#3423,#5359,#5389,.T.);
#5389 = LINE('',#5390,#5391);
#5390 = CARTESIAN_POINT('',(12.359268862754,0.8517976515,-0.828088521585
    ));
#5391 = VECTOR('',#5392,1.);
#5392 = DIRECTION('',(0.235702260396,0.942809041582,-0.235702260396));
#5393 = PLANE('',#5394);
#5394 = AXIS2_PLACEMENT_3D('',#5395,#5396,#5397);
#5395 = CARTESIAN_POINT('',(11.084268862754,-3.4482023485,0.246911478415
    ));
#5396 = DIRECTION('',(2.341466393106E-16,0.242535625036,0.970142500145)
  );
#5397 = DIRECTION('',(0.,0.970142500145,-0.242535625036));
#5398 = ADVANCED_FACE('',(#5399),#5410,.T.);
#5399 = FACE_BOUND('',#5400,.T.);
#5400 = EDGE_LOOP('',(#5401,#5402,#5408,#5409));
#5401 = ORIENTED_EDGE('',*,*,#4447,.F.);
#5402 = ORIENTED_EDGE('',*,*,#5403,.F.);
#5403 = EDGE_CURVE('',#1396,#4448,#5404,.T.);
#5404 = LINE('',#5405,#5406);
#5405 = CARTESIAN_POINT('',(11.334268862754,0.8517976515,-1.803088521585
    ));
#5406 = VECTOR('',#5407,1.);
#5407 = DIRECTION('',(0.,1.,0.));
#5408 = ORIENTED_EDGE('',*,*,#4212,.T.);
#5409 = ORIENTED_EDGE('',*,*,#5324,.F.);
#5410 = PLANE('',#5411);
#5411 = AXIS2_PLACEMENT_3D('',#5412,#5413,#5414);
#5412 = CARTESIAN_POINT('',(11.334268862754,0.8517976515,-1.803088521585
    ));
#5413 = DIRECTION('',(-2.413528314403E-16,-0.,-1.));
#5414 = DIRECTION('',(1.,0.,-2.413528314403E-16));
#5415 = ADVANCED_FACE('',(#5416),#5422,.T.);
#5416 = FACE_BOUND('',#5417,.T.);
#5417 = EDGE_LOOP('',(#5418,#5419,#5420,#5421));
#5418 = ORIENTED_EDGE('',*,*,#4491,.F.);
#5419 = ORIENTED_EDGE('',*,*,#5366,.F.);
#5420 = ORIENTED_EDGE('',*,*,#5382,.T.);
#5421 = ORIENTED_EDGE('',*,*,#3561,.F.);
#5422 = PLANE('',#5423);
#5423 = AXIS2_PLACEMENT_3D('',#5424,#5425,#5426);
#5424 = CARTESIAN_POINT('',(11.334268862754,0.8517976515,0.196911478415)
  );
#5425 = DIRECTION('',(-2.413528314403E-16,-0.,-1.));
#5426 = DIRECTION('',(1.,0.,-2.413528314403E-16));
#5427 = ADVANCED_FACE('',(#5428),#5434,.T.);
#5428 = FACE_BOUND('',#5429,.T.);
#5429 = EDGE_LOOP('',(#5430,#5431,#5432,#5433));
#5430 = ORIENTED_EDGE('',*,*,#3790,.T.);
#5431 = ORIENTED_EDGE('',*,*,#2496,.F.);
#5432 = ORIENTED_EDGE('',*,*,#4729,.T.);
#5433 = ORIENTED_EDGE('',*,*,#531,.F.);
#5434 = PLANE('',#5435);
#5435 = AXIS2_PLACEMENT_3D('',#5436,#5437,#5438);
#5436 = CARTESIAN_POINT('',(7.884268862754,0.3517976515,6.046911478415)
  );
#5437 = DIRECTION('',(1.,-0.,1.224606353822E-16));
#5438 = DIRECTION('',(1.224606353822E-16,0.,-1.));
#5439 = ADVANCED_FACE('',(#5440),#5451,.T.);
#5440 = FACE_BOUND('',#5441,.T.);
#5441 = EDGE_LOOP('',(#5442,#5443,#5444,#5445));
#5442 = ORIENTED_EDGE('',*,*,#4350,.F.);
#5443 = ORIENTED_EDGE('',*,*,#3347,.F.);
#5444 = ORIENTED_EDGE('',*,*,#1756,.T.);
#5445 = ORIENTED_EDGE('',*,*,#5446,.F.);
#5446 = EDGE_CURVE('',#4334,#1749,#5447,.T.);
#5447 = LINE('',#5448,#5449);
#5448 = CARTESIAN_POINT('',(10.834268862754,0.8517976515,6.196911478415)
  );
#5449 = VECTOR('',#5450,1.);
#5450 = DIRECTION('',(0.,-1.,0.));
#5451 = PLANE('',#5452);
#5452 = AXIS2_PLACEMENT_3D('',#5453,#5454,#5455);
#5453 = CARTESIAN_POINT('',(11.334268862754,0.8517976515,6.196911478415)
  );
#5454 = DIRECTION('',(-2.413528314403E-16,-0.,-1.));
#5455 = DIRECTION('',(1.,0.,-2.413528314403E-16));
#5456 = ADVANCED_FACE('',(#5457),#5534,.T.);
#5457 = FACE_BOUND('',#5458,.T.);
#5458 = EDGE_LOOP('',(#5459,#5460,#5468,#5477,#5486,#5494,#5502,#5510,
    #5519,#5528));
#5459 = ORIENTED_EDGE('',*,*,#3136,.T.);
#5460 = ORIENTED_EDGE('',*,*,#5461,.F.);
#5461 = EDGE_CURVE('',#5462,#3129,#5464,.T.);
#5462 = VERTEX_POINT('',#5463);
#5463 = CARTESIAN_POINT('',(10.834268862754,1.361899702943,
    -3.803088521585));
#5464 = LINE('',#5465,#5466);
#5465 = CARTESIAN_POINT('',(10.834268862754,0.8517976515,-3.803088521585
    ));
#5466 = VECTOR('',#5467,1.);
#5467 = DIRECTION('',(0.,-1.,0.));
#5468 = ORIENTED_EDGE('',*,*,#5469,.T.);
#5469 = EDGE_CURVE('',#5462,#5470,#5472,.T.);
#5470 = VERTEX_POINT('',#5471);
#5471 = CARTESIAN_POINT('',(11.034268862754,1.8517976515,-3.803088521585
    ));
#5472 = CIRCLE('',#5473,0.7);
#5473 = AXIS2_PLACEMENT_3D('',#5474,#5475,#5476);
#5474 = CARTESIAN_POINT('',(10.334268862754,1.8517976515,-3.803088521585
    ));
#5475 = DIRECTION('',(0.,0.,1.));
#5476 = DIRECTION('',(-1.,0.,0.));
#5477 = ORIENTED_EDGE('',*,*,#5478,.T.);
#5478 = EDGE_CURVE('',#5470,#5479,#5481,.T.);
#5479 = VERTEX_POINT('',#5480);
#5480 = CARTESIAN_POINT('',(10.834268862754,2.341695600056,
    -3.803088521585));
#5481 = CIRCLE('',#5482,0.7);
#5482 = AXIS2_PLACEMENT_3D('',#5483,#5484,#5485);
#5483 = CARTESIAN_POINT('',(10.334268862754,1.8517976515,-3.803088521585
    ));
#5484 = DIRECTION('',(0.,0.,1.));
#5485 = DIRECTION('',(-1.,0.,0.));
#5486 = ORIENTED_EDGE('',*,*,#5487,.F.);
#5487 = EDGE_CURVE('',#5488,#5479,#5490,.T.);
#5488 = VERTEX_POINT('',#5489);
#5489 = CARTESIAN_POINT('',(10.834268862754,3.5517976515,-3.803088521585
    ));
#5490 = LINE('',#5491,#5492);
#5491 = CARTESIAN_POINT('',(10.834268862754,0.8517976515,-3.803088521585
    ));
#5492 = VECTOR('',#5493,1.);
#5493 = DIRECTION('',(0.,-1.,0.));
#5494 = ORIENTED_EDGE('',*,*,#5495,.F.);
#5495 = EDGE_CURVE('',#5496,#5488,#5498,.T.);
#5496 = VERTEX_POINT('',#5497);
#5497 = CARTESIAN_POINT('',(11.334268862754,3.5517976515,-3.803088521585
    ));
#5498 = LINE('',#5499,#5500);
#5499 = CARTESIAN_POINT('',(0.,3.5517976515,-3.803088521585));
#5500 = VECTOR('',#5501,1.);
#5501 = DIRECTION('',(-1.,3.176325035299E-32,2.413528314403E-16));
#5502 = ORIENTED_EDGE('',*,*,#5503,.F.);
#5503 = EDGE_CURVE('',#5504,#5496,#5506,.T.);
#5504 = VERTEX_POINT('',#5505);
#5505 = CARTESIAN_POINT('',(11.334268862754,2.341695600056,
    -3.803088521585));
#5506 = LINE('',#5507,#5508);
#5507 = CARTESIAN_POINT('',(11.334268862754,0.8517976515,-3.803088521585
    ));
#5508 = VECTOR('',#5509,1.);
#5509 = DIRECTION('',(0.,1.,0.));
#5510 = ORIENTED_EDGE('',*,*,#5511,.F.);
#5511 = EDGE_CURVE('',#5512,#5504,#5514,.T.);
#5512 = VERTEX_POINT('',#5513);
#5513 = CARTESIAN_POINT('',(11.534268862754,1.8517976515,-3.803088521585
    ));
#5514 = CIRCLE('',#5515,0.7);
#5515 = AXIS2_PLACEMENT_3D('',#5516,#5517,#5518);
#5516 = CARTESIAN_POINT('',(10.834268862754,1.8517976515,-3.803088521585
    ));
#5517 = DIRECTION('',(0.,0.,1.));
#5518 = DIRECTION('',(-1.,0.,0.));
#5519 = ORIENTED_EDGE('',*,*,#5520,.F.);
#5520 = EDGE_CURVE('',#5521,#5512,#5523,.T.);
#5521 = VERTEX_POINT('',#5522);
#5522 = CARTESIAN_POINT('',(11.334268862754,1.361899702943,
    -3.803088521585));
#5523 = CIRCLE('',#5524,0.7);
#5524 = AXIS2_PLACEMENT_3D('',#5525,#5526,#5527);
#5525 = CARTESIAN_POINT('',(10.834268862754,1.8517976515,-3.803088521585
    ));
#5526 = DIRECTION('',(0.,0.,1.));
#5527 = DIRECTION('',(-1.,0.,0.));
#5528 = ORIENTED_EDGE('',*,*,#5529,.F.);
#5529 = EDGE_CURVE('',#3137,#5521,#5530,.T.);
#5530 = LINE('',#5531,#5532);
#5531 = CARTESIAN_POINT('',(11.334268862754,0.8517976515,-3.803088521585
    ));
#5532 = VECTOR('',#5533,1.);
#5533 = DIRECTION('',(0.,1.,0.));
#5534 = PLANE('',#5535);
#5535 = AXIS2_PLACEMENT_3D('',#5536,#5537,#5538);
#5536 = CARTESIAN_POINT('',(11.334268862754,0.8517976515,-3.803088521585
    ));
#5537 = DIRECTION('',(-2.413528314403E-16,-0.,-1.));
#5538 = DIRECTION('',(1.,0.,-2.413528314403E-16));
#5539 = ADVANCED_FACE('',(#5540),#5546,.T.);
#5540 = FACE_BOUND('',#5541,.T.);
#5541 = EDGE_LOOP('',(#5542,#5543,#5544,#5545));
#5542 = ORIENTED_EDGE('',*,*,#3765,.T.);
#5543 = ORIENTED_EDGE('',*,*,#1787,.F.);
#5544 = ORIENTED_EDGE('',*,*,#4747,.T.);
#5545 = ORIENTED_EDGE('',*,*,#4130,.T.);
#5546 = PLANE('',#5547);
#5547 = AXIS2_PLACEMENT_3D('',#5548,#5549,#5550);
#5548 = CARTESIAN_POINT('',(7.884268862754,0.3517976515,2.046911478415)
  );
#5549 = DIRECTION('',(1.,-0.,1.224606353822E-16));
#5550 = DIRECTION('',(1.224606353822E-16,0.,-1.));
#5551 = ADVANCED_FACE('',(#5552),#5558,.T.);
#5552 = FACE_BOUND('',#5553,.T.);
#5553 = EDGE_LOOP('',(#5554,#5555,#5556,#5557));
#5554 = ORIENTED_EDGE('',*,*,#3815,.T.);
#5555 = ORIENTED_EDGE('',*,*,#4097,.F.);
#5556 = ORIENTED_EDGE('',*,*,#4711,.T.);
#5557 = ORIENTED_EDGE('',*,*,#1021,.T.);
#5558 = PLANE('',#5559);
#5559 = AXIS2_PLACEMENT_3D('',#5560,#5561,#5562);
#5560 = CARTESIAN_POINT('',(7.884268862754,0.3517976515,10.046911478415)
  );
#5561 = DIRECTION('',(1.,-0.,1.224606353822E-16));
#5562 = DIRECTION('',(1.224606353822E-16,0.,-1.));
#5563 = ADVANCED_FACE('',(#5564),#5570,.T.);
#5564 = FACE_BOUND('',#5565,.T.);
#5565 = EDGE_LOOP('',(#5566,#5567,#5568,#5569));
#5566 = ORIENTED_EDGE('',*,*,#3799,.T.);
#5567 = ORIENTED_EDGE('',*,*,#3387,.F.);
#5568 = ORIENTED_EDGE('',*,*,#4720,.T.);
#5569 = ORIENTED_EDGE('',*,*,#2967,.F.);
#5570 = PLANE('',#5571);
#5571 = AXIS2_PLACEMENT_3D('',#5572,#5573,#5574);
#5572 = CARTESIAN_POINT('',(7.884268862754,0.3517976515,8.046911478415)
  );
#5573 = DIRECTION('',(1.,-0.,1.224606353822E-16));
#5574 = DIRECTION('',(1.224606353822E-16,0.,-1.));
#5575 = ADVANCED_FACE('',(#5576),#5592,.T.);
#5576 = FACE_BOUND('',#5577,.T.);
#5577 = EDGE_LOOP('',(#5578,#5584,#5585,#5591));
#5578 = ORIENTED_EDGE('',*,*,#5579,.F.);
#5579 = EDGE_CURVE('',#4418,#3231,#5580,.T.);
#5580 = LINE('',#5581,#5582);
#5581 = CARTESIAN_POINT('',(10.834268862754,0.8517976515,-3.803088521585
    ));
#5582 = VECTOR('',#5583,1.);
#5583 = DIRECTION('',(0.,-1.,0.));
#5584 = ORIENTED_EDGE('',*,*,#4417,.F.);
#5585 = ORIENTED_EDGE('',*,*,#5586,.F.);
#5586 = EDGE_CURVE('',#3239,#4410,#5587,.T.);
#5587 = LINE('',#5588,#5589);
#5588 = CARTESIAN_POINT('',(11.334268862754,0.8517976515,-3.803088521585
    ));
#5589 = VECTOR('',#5590,1.);
#5590 = DIRECTION('',(0.,1.,0.));
#5591 = ORIENTED_EDGE('',*,*,#3238,.T.);
#5592 = PLANE('',#5593);
#5593 = AXIS2_PLACEMENT_3D('',#5594,#5595,#5596);
#5594 = CARTESIAN_POINT('',(11.334268862754,0.8517976515,-3.803088521585
    ));
#5595 = DIRECTION('',(-2.413528314403E-16,-0.,-1.));
#5596 = DIRECTION('',(1.,0.,-2.413528314403E-16));
#5597 = ADVANCED_FACE('',(#5598),#5609,.T.);
#5598 = FACE_BOUND('',#5599,.T.);
#5599 = EDGE_LOOP('',(#5600,#5601,#5602,#5608));
#5600 = ORIENTED_EDGE('',*,*,#5579,.T.);
#5601 = ORIENTED_EDGE('',*,*,#3598,.T.);
#5602 = ORIENTED_EDGE('',*,*,#5603,.T.);
#5603 = EDGE_CURVE('',#3591,#4426,#5604,.T.);
#5604 = LINE('',#5605,#5606);
#5605 = CARTESIAN_POINT('',(10.834268862754,0.8517976515,-3.303088521585
    ));
#5606 = VECTOR('',#5607,1.);
#5607 = DIRECTION('',(0.,1.,0.));
#5608 = ORIENTED_EDGE('',*,*,#4425,.F.);
#5609 = PLANE('',#5610);
#5610 = AXIS2_PLACEMENT_3D('',#5611,#5612,#5613);
#5611 = CARTESIAN_POINT('',(10.834268862754,0.8517976515,-3.803088521585
    ));
#5612 = DIRECTION('',(-1.,-0.,-0.));
#5613 = DIRECTION('',(0.,0.,-1.));
#5614 = ADVANCED_FACE('',(#5615),#5621,.T.);
#5615 = FACE_BOUND('',#5616,.T.);
#5616 = EDGE_LOOP('',(#5617,#5618,#5619,#5620));
#5617 = ORIENTED_EDGE('',*,*,#4473,.F.);
#5618 = ORIENTED_EDGE('',*,*,#5297,.T.);
#5619 = ORIENTED_EDGE('',*,*,#1403,.T.);
#5620 = ORIENTED_EDGE('',*,*,#5403,.T.);
#5621 = PLANE('',#5622);
#5622 = AXIS2_PLACEMENT_3D('',#5623,#5624,#5625);
#5623 = CARTESIAN_POINT('',(11.334268862754,0.8517976515,-1.303088521585
    ));
#5624 = DIRECTION('',(1.,0.,-0.));
#5625 = DIRECTION('',(0.,0.,1.));
#5626 = ADVANCED_FACE('',(#5627),#5638,.T.);
#5627 = FACE_BOUND('',#5628,.T.);
#5628 = EDGE_LOOP('',(#5629,#5630,#5631,#5632));
#5629 = ORIENTED_EDGE('',*,*,#4433,.F.);
#5630 = ORIENTED_EDGE('',*,*,#5603,.F.);
#5631 = ORIENTED_EDGE('',*,*,#4037,.T.);
#5632 = ORIENTED_EDGE('',*,*,#5633,.F.);
#5633 = EDGE_CURVE('',#4408,#4030,#5634,.T.);
#5634 = LINE('',#5635,#5636);
#5635 = CARTESIAN_POINT('',(11.334268862754,0.8517976515,-3.303088521585
    ));
#5636 = VECTOR('',#5637,1.);
#5637 = DIRECTION('',(0.,-1.,0.));
#5638 = PLANE('',#5639);
#5639 = AXIS2_PLACEMENT_3D('',#5640,#5641,#5642);
#5640 = CARTESIAN_POINT('',(10.834268862754,0.8517976515,-3.303088521585
    ));
#5641 = DIRECTION('',(2.413528314403E-16,0.,1.));
#5642 = DIRECTION('',(-1.,0.,2.413528314403E-16));
#5643 = ADVANCED_FACE('',(#5644),#5655,.F.);
#5644 = FACE_BOUND('',#5645,.T.);
#5645 = EDGE_LOOP('',(#5646,#5647,#5648,#5654));
#5646 = ORIENTED_EDGE('',*,*,#3308,.T.);
#5647 = ORIENTED_EDGE('',*,*,#3246,.T.);
#5648 = ORIENTED_EDGE('',*,*,#5649,.F.);
#5649 = EDGE_CURVE('',#4030,#3239,#5650,.T.);
#5650 = LINE('',#5651,#5652);
#5651 = CARTESIAN_POINT('',(11.334268862754,-3.2482023485,-9.10617704317
    ));
#5652 = VECTOR('',#5653,1.);
#5653 = DIRECTION('',(0.,0.,-1.));
#5654 = ORIENTED_EDGE('',*,*,#4029,.T.);
#5655 = PLANE('',#5656);
#5656 = AXIS2_PLACEMENT_3D('',#5657,#5658,#5659);
#5657 = CARTESIAN_POINT('',(11.284268862754,-3.4482023485,
    -3.553088521585));
#5658 = DIRECTION('',(-0.970142500145,0.242535625036,0.));
#5659 = DIRECTION('',(0.242535625036,0.970142500145,0.));
#5660 = ADVANCED_FACE('',(#5661),#5695,.T.);
#5661 = FACE_BOUND('',#5662,.T.);
#5662 = EDGE_LOOP('',(#5663,#5673,#5681,#5689));
#5663 = ORIENTED_EDGE('',*,*,#5664,.F.);
#5664 = EDGE_CURVE('',#5665,#5667,#5669,.T.);
#5665 = VERTEX_POINT('',#5666);
#5666 = CARTESIAN_POINT('',(10.934268862754,3.9517976515,-3.703088521585
    ));
#5667 = VERTEX_POINT('',#5668);
#5668 = CARTESIAN_POINT('',(11.234268862754,3.9517976515,-3.703088521585
    ));
#5669 = LINE('',#5670,#5671);
#5670 = CARTESIAN_POINT('',(0.,3.9517976515,-3.703088521585));
#5671 = VECTOR('',#5672,1.);
#5672 = DIRECTION('',(1.,0.,-2.413528314403E-16));
#5673 = ORIENTED_EDGE('',*,*,#5674,.F.);
#5674 = EDGE_CURVE('',#5675,#5665,#5677,.T.);
#5675 = VERTEX_POINT('',#5676);
#5676 = CARTESIAN_POINT('',(10.934268862754,3.9517976515,-3.403088521585
    ));
#5677 = LINE('',#5678,#5679);
#5678 = CARTESIAN_POINT('',(10.934268862754,3.9517976515,-9.10617704317)
  );
#5679 = VECTOR('',#5680,1.);
#5680 = DIRECTION('',(0.,0.,-1.));
#5681 = ORIENTED_EDGE('',*,*,#5682,.F.);
#5682 = EDGE_CURVE('',#5683,#5675,#5685,.T.);
#5683 = VERTEX_POINT('',#5684);
#5684 = CARTESIAN_POINT('',(11.234268862754,3.9517976515,-3.403088521585
    ));
#5685 = LINE('',#5686,#5687);
#5686 = CARTESIAN_POINT('',(0.,3.9517976515,-3.403088521585));
#5687 = VECTOR('',#5688,1.);
#5688 = DIRECTION('',(-1.,0.,2.413528314403E-16));
#5689 = ORIENTED_EDGE('',*,*,#5690,.F.);
#5690 = EDGE_CURVE('',#5667,#5683,#5691,.T.);
#5691 = LINE('',#5692,#5693);
#5692 = CARTESIAN_POINT('',(11.234268862754,3.9517976515,-9.10617704317)
  );
#5693 = VECTOR('',#5694,1.);
#5694 = DIRECTION('',(0.,0.,1.));
#5695 = PLANE('',#5696);
#5696 = AXIS2_PLACEMENT_3D('',#5697,#5698,#5699);
#5697 = CARTESIAN_POINT('',(8.209531969062,3.9517976515,-3.457028657042)
  );
#5698 = DIRECTION('',(0.,1.,-0.));
#5699 = DIRECTION('',(-1.,0.,0.));
#5700 = ADVANCED_FACE('',(#5701),#5717,.T.);
#5701 = FACE_BOUND('',#5702,.T.);
#5702 = EDGE_LOOP('',(#5703,#5704,#5710,#5711));
#5703 = ORIENTED_EDGE('',*,*,#5664,.T.);
#5704 = ORIENTED_EDGE('',*,*,#5705,.T.);
#5705 = EDGE_CURVE('',#5667,#5496,#5706,.T.);
#5706 = LINE('',#5707,#5708);
#5707 = CARTESIAN_POINT('',(12.222218275629,0.,-4.69103793446));
#5708 = VECTOR('',#5709,1.);
#5709 = DIRECTION('',(0.235702260396,-0.942809041582,-0.235702260396));
#5710 = ORIENTED_EDGE('',*,*,#5495,.T.);
#5711 = ORIENTED_EDGE('',*,*,#5712,.T.);
#5712 = EDGE_CURVE('',#5488,#5665,#5713,.T.);
#5713 = LINE('',#5714,#5715);
#5714 = CARTESIAN_POINT('',(9.946319449879,0.,-4.69103793446));
#5715 = VECTOR('',#5716,1.);
#5716 = DIRECTION('',(0.235702260396,0.942809041582,0.235702260396));
#5717 = PLANE('',#5718);
#5718 = AXIS2_PLACEMENT_3D('',#5719,#5720,#5721);
#5719 = CARTESIAN_POINT('',(11.084268862754,3.7517976515,-3.753088521585
    ));
#5720 = DIRECTION('',(-2.341466393106E-16,0.242535625036,-0.970142500145
    ));
#5721 = DIRECTION('',(0.,-0.970142500145,-0.242535625036));
#5722 = ADVANCED_FACE('',(#5723),#5741,.T.);
#5723 = FACE_BOUND('',#5724,.T.);
#5724 = EDGE_LOOP('',(#5725,#5733,#5739,#5740));
#5725 = ORIENTED_EDGE('',*,*,#5726,.T.);
#5726 = EDGE_CURVE('',#5521,#5727,#5729,.T.);
#5727 = VERTEX_POINT('',#5728);
#5728 = CARTESIAN_POINT('',(11.334268862754,1.361899702943,
    -3.303088521585));
#5729 = LINE('',#5730,#5731);
#5730 = CARTESIAN_POINT('',(11.334268862754,1.361899702943,
    -3.303088521585));
#5731 = VECTOR('',#5732,1.);
#5732 = DIRECTION('',(0.,0.,1.));
#5733 = ORIENTED_EDGE('',*,*,#5734,.T.);
#5734 = EDGE_CURVE('',#5727,#3121,#5735,.T.);
#5735 = LINE('',#5736,#5737);
#5736 = CARTESIAN_POINT('',(11.334268862754,0.8517976515,-3.303088521585
    ));
#5737 = VECTOR('',#5738,1.);
#5738 = DIRECTION('',(0.,-1.,0.));
#5739 = ORIENTED_EDGE('',*,*,#3144,.T.);
#5740 = ORIENTED_EDGE('',*,*,#5529,.T.);
#5741 = PLANE('',#5742);
#5742 = AXIS2_PLACEMENT_3D('',#5743,#5744,#5745);
#5743 = CARTESIAN_POINT('',(11.334268862754,0.8517976515,-3.303088521585
    ));
#5744 = DIRECTION('',(1.,0.,-0.));
#5745 = DIRECTION('',(0.,0.,1.));
#5746 = ADVANCED_FACE('',(#5747),#5753,.F.);
#5747 = FACE_BOUND('',#5748,.T.);
#5748 = EDGE_LOOP('',(#5749,#5750,#5751,#5752));
#5749 = ORIENTED_EDGE('',*,*,#5267,.F.);
#5750 = ORIENTED_EDGE('',*,*,#4196,.F.);
#5751 = ORIENTED_EDGE('',*,*,#1385,.F.);
#5752 = ORIENTED_EDGE('',*,*,#1676,.F.);
#5753 = PLANE('',#5754);
#5754 = AXIS2_PLACEMENT_3D('',#5755,#5756,#5757);
#5755 = CARTESIAN_POINT('',(8.209531969062,-3.6482023485,-1.457028657042
    ));
#5756 = DIRECTION('',(0.,1.,-0.));
#5757 = DIRECTION('',(-1.,0.,0.));
#5758 = ADVANCED_FACE('',(#5759),#5785,.T.);
#5759 = FACE_BOUND('',#5760,.T.);
#5760 = EDGE_LOOP('',(#5761,#5772,#5778,#5779));
#5761 = ORIENTED_EDGE('',*,*,#5762,.F.);
#5762 = EDGE_CURVE('',#5763,#5765,#5767,.T.);
#5763 = VERTEX_POINT('',#5764);
#5764 = CARTESIAN_POINT('',(11.534268862754,1.8517976515,-3.303088521585
    ));
#5765 = VERTEX_POINT('',#5766);
#5766 = CARTESIAN_POINT('',(11.334268862754,2.341695600056,
    -3.303088521585));
#5767 = CIRCLE('',#5768,0.7);
#5768 = AXIS2_PLACEMENT_3D('',#5769,#5770,#5771);
#5769 = CARTESIAN_POINT('',(10.834268862754,1.8517976515,-3.303088521585
    ));
#5770 = DIRECTION('',(0.,0.,1.));
#5771 = DIRECTION('',(-1.,0.,0.));
#5772 = ORIENTED_EDGE('',*,*,#5773,.F.);
#5773 = EDGE_CURVE('',#5512,#5763,#5774,.T.);
#5774 = LINE('',#5775,#5776);
#5775 = CARTESIAN_POINT('',(11.534268862754,1.8517976515,-3.303088521585
    ));
#5776 = VECTOR('',#5777,1.);
#5777 = DIRECTION('',(0.,0.,1.));
#5778 = ORIENTED_EDGE('',*,*,#5511,.T.);
#5779 = ORIENTED_EDGE('',*,*,#5780,.T.);
#5780 = EDGE_CURVE('',#5504,#5765,#5781,.T.);
#5781 = LINE('',#5782,#5783);
#5782 = CARTESIAN_POINT('',(11.334268862754,2.341695600056,
    -3.303088521585));
#5783 = VECTOR('',#5784,1.);
#5784 = DIRECTION('',(0.,0.,1.));
#5785 = CYLINDRICAL_SURFACE('',#5786,0.7);
#5786 = AXIS2_PLACEMENT_3D('',#5787,#5788,#5789);
#5787 = CARTESIAN_POINT('',(10.834268862754,1.8517976515,-3.303088521585
    ));
#5788 = DIRECTION('',(0.,0.,1.));
#5789 = DIRECTION('',(-1.,0.,0.));
#5790 = ADVANCED_FACE('',(#5791),#5809,.T.);
#5791 = FACE_BOUND('',#5792,.T.);
#5792 = EDGE_LOOP('',(#5793,#5801,#5807,#5808));
#5793 = ORIENTED_EDGE('',*,*,#5794,.F.);
#5794 = EDGE_CURVE('',#5795,#5496,#5797,.T.);
#5795 = VERTEX_POINT('',#5796);
#5796 = CARTESIAN_POINT('',(11.334268862754,3.5517976515,-3.303088521585
    ));
#5797 = LINE('',#5798,#5799);
#5798 = CARTESIAN_POINT('',(11.334268862754,3.5517976515,-9.10617704317)
  );
#5799 = VECTOR('',#5800,1.);
#5800 = DIRECTION('',(0.,0.,-1.));
#5801 = ORIENTED_EDGE('',*,*,#5802,.T.);
#5802 = EDGE_CURVE('',#5795,#5765,#5803,.T.);
#5803 = LINE('',#5804,#5805);
#5804 = CARTESIAN_POINT('',(11.334268862754,0.8517976515,-3.303088521585
    ));
#5805 = VECTOR('',#5806,1.);
#5806 = DIRECTION('',(0.,-1.,0.));
#5807 = ORIENTED_EDGE('',*,*,#5780,.F.);
#5808 = ORIENTED_EDGE('',*,*,#5503,.T.);
#5809 = PLANE('',#5810);
#5810 = AXIS2_PLACEMENT_3D('',#5811,#5812,#5813);
#5811 = CARTESIAN_POINT('',(11.334268862754,0.8517976515,-3.303088521585
    ));
#5812 = DIRECTION('',(1.,0.,-0.));
#5813 = DIRECTION('',(0.,0.,1.));
#5814 = ADVANCED_FACE('',(#5815),#5840,.T.);
#5815 = FACE_BOUND('',#5816,.T.);
#5816 = EDGE_LOOP('',(#5817,#5825,#5833,#5839));
#5817 = ORIENTED_EDGE('',*,*,#5818,.T.);
#5818 = EDGE_CURVE('',#5479,#5819,#5821,.T.);
#5819 = VERTEX_POINT('',#5820);
#5820 = CARTESIAN_POINT('',(10.834268862754,2.341695600056,
    -3.303088521585));
#5821 = LINE('',#5822,#5823);
#5822 = CARTESIAN_POINT('',(10.834268862754,2.341695600056,
    -3.303088521585));
#5823 = VECTOR('',#5824,1.);
#5824 = DIRECTION('',(0.,0.,1.));
#5825 = ORIENTED_EDGE('',*,*,#5826,.T.);
#5826 = EDGE_CURVE('',#5819,#5827,#5829,.T.);
#5827 = VERTEX_POINT('',#5828);
#5828 = CARTESIAN_POINT('',(10.834268862754,3.5517976515,-3.303088521585
    ));
#5829 = LINE('',#5830,#5831);
#5830 = CARTESIAN_POINT('',(10.834268862754,0.8517976515,-3.303088521585
    ));
#5831 = VECTOR('',#5832,1.);
#5832 = DIRECTION('',(0.,1.,0.));
#5833 = ORIENTED_EDGE('',*,*,#5834,.F.);
#5834 = EDGE_CURVE('',#5488,#5827,#5835,.T.);
#5835 = LINE('',#5836,#5837);
#5836 = CARTESIAN_POINT('',(10.834268862754,3.5517976515,-9.10617704317)
  );
#5837 = VECTOR('',#5838,1.);
#5838 = DIRECTION('',(0.,0.,1.));
#5839 = ORIENTED_EDGE('',*,*,#5487,.T.);
#5840 = PLANE('',#5841);
#5841 = AXIS2_PLACEMENT_3D('',#5842,#5843,#5844);
#5842 = CARTESIAN_POINT('',(10.834268862754,0.8517976515,-3.803088521585
    ));
#5843 = DIRECTION('',(-1.,-0.,-0.));
#5844 = DIRECTION('',(0.,0.,-1.));
#5845 = ADVANCED_FACE('',(#5846),#5852,.T.);
#5846 = FACE_BOUND('',#5847,.T.);
#5847 = EDGE_LOOP('',(#5848,#5849,#5850,#5851));
#5848 = ORIENTED_EDGE('',*,*,#4407,.F.);
#5849 = ORIENTED_EDGE('',*,*,#5633,.T.);
#5850 = ORIENTED_EDGE('',*,*,#5649,.T.);
#5851 = ORIENTED_EDGE('',*,*,#5586,.T.);
#5852 = PLANE('',#5853);
#5853 = AXIS2_PLACEMENT_3D('',#5854,#5855,#5856);
#5854 = CARTESIAN_POINT('',(11.334268862754,0.8517976515,-3.303088521585
    ));
#5855 = DIRECTION('',(1.,0.,-0.));
#5856 = DIRECTION('',(0.,0.,1.));
#5857 = ADVANCED_FACE('',(#5858),#5902,.T.);
#5858 = FACE_BOUND('',#5859,.T.);
#5859 = EDGE_LOOP('',(#5860,#5866,#5867,#5876,#5885,#5891,#5892,#5893,
    #5900,#5901));
#5860 = ORIENTED_EDGE('',*,*,#5861,.F.);
#5861 = EDGE_CURVE('',#5827,#5795,#5862,.T.);
#5862 = LINE('',#5863,#5864);
#5863 = CARTESIAN_POINT('',(0.,3.5517976515,-3.303088521585));
#5864 = VECTOR('',#5865,1.);
#5865 = DIRECTION('',(1.,3.176325035299E-32,-2.413528314403E-16));
#5866 = ORIENTED_EDGE('',*,*,#5826,.F.);
#5867 = ORIENTED_EDGE('',*,*,#5868,.F.);
#5868 = EDGE_CURVE('',#5869,#5819,#5871,.T.);
#5869 = VERTEX_POINT('',#5870);
#5870 = CARTESIAN_POINT('',(11.034268862754,1.8517976515,-3.303088521585
    ));
#5871 = CIRCLE('',#5872,0.7);
#5872 = AXIS2_PLACEMENT_3D('',#5873,#5874,#5875);
#5873 = CARTESIAN_POINT('',(10.334268862754,1.8517976515,-3.303088521585
    ));
#5874 = DIRECTION('',(0.,0.,1.));
#5875 = DIRECTION('',(-1.,0.,0.));
#5876 = ORIENTED_EDGE('',*,*,#5877,.F.);
#5877 = EDGE_CURVE('',#5878,#5869,#5880,.T.);
#5878 = VERTEX_POINT('',#5879);
#5879 = CARTESIAN_POINT('',(10.834268862754,1.361899702943,
    -3.303088521585));
#5880 = CIRCLE('',#5881,0.7);
#5881 = AXIS2_PLACEMENT_3D('',#5882,#5883,#5884);
#5882 = CARTESIAN_POINT('',(10.334268862754,1.8517976515,-3.303088521585
    ));
#5883 = DIRECTION('',(0.,0.,1.));
#5884 = DIRECTION('',(-1.,0.,0.));
#5885 = ORIENTED_EDGE('',*,*,#5886,.F.);
#5886 = EDGE_CURVE('',#3119,#5878,#5887,.T.);
#5887 = LINE('',#5888,#5889);
#5888 = CARTESIAN_POINT('',(10.834268862754,0.8517976515,-3.303088521585
    ));
#5889 = VECTOR('',#5890,1.);
#5890 = DIRECTION('',(0.,1.,0.));
#5891 = ORIENTED_EDGE('',*,*,#3118,.T.);
#5892 = ORIENTED_EDGE('',*,*,#5734,.F.);
#5893 = ORIENTED_EDGE('',*,*,#5894,.T.);
#5894 = EDGE_CURVE('',#5727,#5763,#5895,.T.);
#5895 = CIRCLE('',#5896,0.7);
#5896 = AXIS2_PLACEMENT_3D('',#5897,#5898,#5899);
#5897 = CARTESIAN_POINT('',(10.834268862754,1.8517976515,-3.303088521585
    ));
#5898 = DIRECTION('',(0.,0.,1.));
#5899 = DIRECTION('',(-1.,0.,0.));
#5900 = ORIENTED_EDGE('',*,*,#5762,.T.);
#5901 = ORIENTED_EDGE('',*,*,#5802,.F.);
#5902 = PLANE('',#5903);
#5903 = AXIS2_PLACEMENT_3D('',#5904,#5905,#5906);
#5904 = CARTESIAN_POINT('',(10.834268862754,0.8517976515,-3.303088521585
    ));
#5905 = DIRECTION('',(2.413528314403E-16,0.,1.));
#5906 = DIRECTION('',(-1.,0.,2.413528314403E-16));
#5907 = ADVANCED_FACE('',(#5908),#5919,.F.);
#5908 = FACE_BOUND('',#5909,.F.);
#5909 = EDGE_LOOP('',(#5910,#5911,#5917,#5918));
#5910 = ORIENTED_EDGE('',*,*,#5868,.F.);
#5911 = ORIENTED_EDGE('',*,*,#5912,.F.);
#5912 = EDGE_CURVE('',#5470,#5869,#5913,.T.);
#5913 = LINE('',#5914,#5915);
#5914 = CARTESIAN_POINT('',(11.034268862754,1.8517976515,-3.303088521585
    ));
#5915 = VECTOR('',#5916,1.);
#5916 = DIRECTION('',(0.,0.,1.));
#5917 = ORIENTED_EDGE('',*,*,#5478,.T.);
#5918 = ORIENTED_EDGE('',*,*,#5818,.T.);
#5919 = CYLINDRICAL_SURFACE('',#5920,0.7);
#5920 = AXIS2_PLACEMENT_3D('',#5921,#5922,#5923);
#5921 = CARTESIAN_POINT('',(10.334268862754,1.8517976515,-3.303088521585
    ));
#5922 = DIRECTION('',(0.,0.,1.));
#5923 = DIRECTION('',(-1.,0.,0.));
#5924 = ADVANCED_FACE('',(#5925),#5941,.T.);
#5925 = FACE_BOUND('',#5926,.T.);
#5926 = EDGE_LOOP('',(#5927,#5928,#5934,#5935));
#5927 = ORIENTED_EDGE('',*,*,#5682,.T.);
#5928 = ORIENTED_EDGE('',*,*,#5929,.T.);
#5929 = EDGE_CURVE('',#5675,#5827,#5930,.T.);
#5930 = LINE('',#5931,#5932);
#5931 = CARTESIAN_POINT('',(9.946319449879,0.,-2.41513910871));
#5932 = VECTOR('',#5933,1.);
#5933 = DIRECTION('',(-0.235702260396,-0.942809041582,0.235702260396));
#5934 = ORIENTED_EDGE('',*,*,#5861,.T.);
#5935 = ORIENTED_EDGE('',*,*,#5936,.T.);
#5936 = EDGE_CURVE('',#5795,#5683,#5937,.T.);
#5937 = LINE('',#5938,#5939);
#5938 = CARTESIAN_POINT('',(12.222218275629,0.,-2.41513910871));
#5939 = VECTOR('',#5940,1.);
#5940 = DIRECTION('',(-0.235702260396,0.942809041582,-0.235702260396));
#5941 = PLANE('',#5942);
#5942 = AXIS2_PLACEMENT_3D('',#5943,#5944,#5945);
#5943 = CARTESIAN_POINT('',(11.084268862754,3.7517976515,-3.353088521585
    ));
#5944 = DIRECTION('',(2.341466393106E-16,0.242535625036,0.970142500145)
  );
#5945 = DIRECTION('',(0.,-0.970142500145,0.242535625036));
#5946 = ADVANCED_FACE('',(#5947),#5953,.T.);
#5947 = FACE_BOUND('',#5948,.T.);
#5948 = EDGE_LOOP('',(#5949,#5950,#5951,#5952));
#5949 = ORIENTED_EDGE('',*,*,#5674,.T.);
#5950 = ORIENTED_EDGE('',*,*,#5712,.F.);
#5951 = ORIENTED_EDGE('',*,*,#5834,.T.);
#5952 = ORIENTED_EDGE('',*,*,#5929,.F.);
#5953 = PLANE('',#5954);
#5954 = AXIS2_PLACEMENT_3D('',#5955,#5956,#5957);
#5955 = CARTESIAN_POINT('',(10.884268862754,3.7517976515,-3.553088521585
    ));
#5956 = DIRECTION('',(-0.970142500145,0.242535625036,0.));
#5957 = DIRECTION('',(-0.242535625036,-0.970142500145,0.));
#5958 = ADVANCED_FACE('',(#5959),#5965,.T.);
#5959 = FACE_BOUND('',#5960,.T.);
#5960 = EDGE_LOOP('',(#5961,#5962,#5963,#5964));
#5961 = ORIENTED_EDGE('',*,*,#5690,.T.);
#5962 = ORIENTED_EDGE('',*,*,#5936,.F.);
#5963 = ORIENTED_EDGE('',*,*,#5794,.T.);
#5964 = ORIENTED_EDGE('',*,*,#5705,.F.);
#5965 = PLANE('',#5966);
#5966 = AXIS2_PLACEMENT_3D('',#5967,#5968,#5969);
#5967 = CARTESIAN_POINT('',(11.284268862754,3.7517976515,-3.553088521585
    ));
#5968 = DIRECTION('',(0.970142500145,0.242535625036,0.));
#5969 = DIRECTION('',(0.242535625036,-0.970142500145,0.));
#5970 = ADVANCED_FACE('',(#5971),#5982,.T.);
#5971 = FACE_BOUND('',#5972,.T.);
#5972 = EDGE_LOOP('',(#5973,#5974,#5975,#5981));
#5973 = ORIENTED_EDGE('',*,*,#3128,.T.);
#5974 = ORIENTED_EDGE('',*,*,#5886,.T.);
#5975 = ORIENTED_EDGE('',*,*,#5976,.F.);
#5976 = EDGE_CURVE('',#5462,#5878,#5977,.T.);
#5977 = LINE('',#5978,#5979);
#5978 = CARTESIAN_POINT('',(10.834268862754,1.361899702943,
    -3.303088521585));
#5979 = VECTOR('',#5980,1.);
#5980 = DIRECTION('',(0.,0.,1.));
#5981 = ORIENTED_EDGE('',*,*,#5461,.T.);
#5982 = PLANE('',#5983);
#5983 = AXIS2_PLACEMENT_3D('',#5984,#5985,#5986);
#5984 = CARTESIAN_POINT('',(10.834268862754,0.8517976515,-3.803088521585
    ));
#5985 = DIRECTION('',(-1.,-0.,-0.));
#5986 = DIRECTION('',(0.,0.,-1.));
#5987 = ADVANCED_FACE('',(#5988),#5999,.T.);
#5988 = FACE_BOUND('',#5989,.T.);
#5989 = EDGE_LOOP('',(#5990,#5991,#5997,#5998));
#5990 = ORIENTED_EDGE('',*,*,#4343,.F.);
#5991 = ORIENTED_EDGE('',*,*,#5992,.F.);
#5992 = EDGE_CURVE('',#1970,#4336,#5993,.T.);
#5993 = LINE('',#5994,#5995);
#5994 = CARTESIAN_POINT('',(10.834268862754,0.8517976515,6.696911478415)
  );
#5995 = VECTOR('',#5996,1.);
#5996 = DIRECTION('',(0.,1.,0.));
#5997 = ORIENTED_EDGE('',*,*,#1969,.T.);
#5998 = ORIENTED_EDGE('',*,*,#3340,.F.);
#5999 = PLANE('',#6000);
#6000 = AXIS2_PLACEMENT_3D('',#6001,#6002,#6003);
#6001 = CARTESIAN_POINT('',(10.834268862754,0.8517976515,6.696911478415)
  );
#6002 = DIRECTION('',(2.413528314403E-16,0.,1.));
#6003 = DIRECTION('',(-1.,0.,2.413528314403E-16));
#6004 = ADVANCED_FACE('',(#6005),#6011,.T.);
#6005 = FACE_BOUND('',#6006,.T.);
#6006 = EDGE_LOOP('',(#6007,#6008,#6009,#6010));
#6007 = ORIENTED_EDGE('',*,*,#4333,.F.);
#6008 = ORIENTED_EDGE('',*,*,#5446,.T.);
#6009 = ORIENTED_EDGE('',*,*,#3363,.T.);
#6010 = ORIENTED_EDGE('',*,*,#5992,.T.);
#6011 = PLANE('',#6012);
#6012 = AXIS2_PLACEMENT_3D('',#6013,#6014,#6015);
#6013 = CARTESIAN_POINT('',(10.834268862754,0.8517976515,6.196911478415)
  );
#6014 = DIRECTION('',(-1.,-0.,-0.));
#6015 = DIRECTION('',(0.,0.,-1.));
#6016 = ADVANCED_FACE('',(#6017),#6028,.F.);
#6017 = FACE_BOUND('',#6018,.T.);
#6018 = EDGE_LOOP('',(#6019,#6020,#6021,#6022));
#6019 = ORIENTED_EDGE('',*,*,#3430,.T.);
#6020 = ORIENTED_EDGE('',*,*,#5388,.T.);
#6021 = ORIENTED_EDGE('',*,*,#5358,.F.);
#6022 = ORIENTED_EDGE('',*,*,#6023,.F.);
#6023 = EDGE_CURVE('',#3431,#3469,#6024,.T.);
#6024 = LINE('',#6025,#6026);
#6025 = CARTESIAN_POINT('',(12.359268862754,0.8517976515,1.721911478415)
  );
#6026 = VECTOR('',#6027,1.);
#6027 = DIRECTION('',(0.235702260396,0.942809041582,0.235702260396));
#6028 = PLANE('',#6029);
#6029 = AXIS2_PLACEMENT_3D('',#6030,#6031,#6032);
#6030 = CARTESIAN_POINT('',(11.284268862754,-3.4482023485,0.496911478415
    ));
#6031 = DIRECTION('',(-0.970142500145,0.242535625036,0.));
#6032 = DIRECTION('',(0.242535625036,0.970142500145,3.36585794009E-17));
#6033 = ADVANCED_FACE('',(#6034),#6040,.F.);
#6034 = FACE_BOUND('',#6035,.T.);
#6035 = EDGE_LOOP('',(#6036,#6037,#6038,#6039));
#6036 = ORIENTED_EDGE('',*,*,#3438,.T.);
#6037 = ORIENTED_EDGE('',*,*,#6023,.T.);
#6038 = ORIENTED_EDGE('',*,*,#3468,.F.);
#6039 = ORIENTED_EDGE('',*,*,#1435,.F.);
#6040 = PLANE('',#6041);
#6041 = AXIS2_PLACEMENT_3D('',#6042,#6043,#6044);
#6042 = CARTESIAN_POINT('',(11.034268862754,-3.4482023485,0.646911478415
    ));
#6043 = DIRECTION('',(-2.341466393106E-16,0.242535625036,-0.970142500145
    ));
#6044 = DIRECTION('',(0.,0.970142500145,0.242535625036));
#6045 = ADVANCED_FACE('',(#6046),#6052,.T.);
#6046 = FACE_BOUND('',#6047,.T.);
#6047 = EDGE_LOOP('',(#6048,#6049,#6050,#6051));
#6048 = ORIENTED_EDGE('',*,*,#5773,.T.);
#6049 = ORIENTED_EDGE('',*,*,#5894,.F.);
#6050 = ORIENTED_EDGE('',*,*,#5726,.F.);
#6051 = ORIENTED_EDGE('',*,*,#5520,.T.);
#6052 = CYLINDRICAL_SURFACE('',#6053,0.7);
#6053 = AXIS2_PLACEMENT_3D('',#6054,#6055,#6056);
#6054 = CARTESIAN_POINT('',(10.834268862754,1.8517976515,-3.303088521585
    ));
#6055 = DIRECTION('',(0.,0.,1.));
#6056 = DIRECTION('',(-1.,0.,0.));
#6057 = ADVANCED_FACE('',(#6058),#6064,.F.);
#6058 = FACE_BOUND('',#6059,.F.);
#6059 = EDGE_LOOP('',(#6060,#6061,#6062,#6063));
#6060 = ORIENTED_EDGE('',*,*,#5877,.F.);
#6061 = ORIENTED_EDGE('',*,*,#5976,.F.);
#6062 = ORIENTED_EDGE('',*,*,#5469,.T.);
#6063 = ORIENTED_EDGE('',*,*,#5912,.T.);
#6064 = CYLINDRICAL_SURFACE('',#6065,0.7);
#6065 = AXIS2_PLACEMENT_3D('',#6066,#6067,#6068);
#6066 = CARTESIAN_POINT('',(10.334268862754,1.8517976515,-3.303088521585
    ));
#6067 = DIRECTION('',(0.,0.,1.));
#6068 = DIRECTION('',(-1.,0.,0.));
#6069 = ( GEOMETRIC_REPRESENTATION_CONTEXT(3) 
GLOBAL_UNCERTAINTY_ASSIGNED_CONTEXT((#6073)) 
GLOBAL_UNIT_ASSIGNED_CONTEXT((#6070,#6071,#6072)) REPRESENTATION_CONTEXT
('Context #1','3D Context with UNIT and UNCERTAINTY') );
#6070 = ( LENGTH_UNIT() NAMED_UNIT(*) SI_UNIT(.MILLI.,.METRE.) );
#6071 = ( NAMED_UNIT(*) PLANE_ANGLE_UNIT() SI_UNIT($,.RADIAN.) );
#6072 = ( NAMED_UNIT(*) SI_UNIT($,.STERADIAN.) SOLID_ANGLE_UNIT() );
#6073 = UNCERTAINTY_MEASURE_WITH_UNIT(LENGTH_MEASURE(1.E-07),#6070,
  'distance_accuracy_value','confusion accuracy');
#6074 = CONTEXT_DEPENDENT_SHAPE_REPRESENTATION(#6075,#6077);
#6075 = ( REPRESENTATION_RELATIONSHIP('','',#32,#10) 
REPRESENTATION_RELATIONSHIP_WITH_TRANSFORMATION(#6076) 
SHAPE_REPRESENTATION_RELATIONSHIP() );
#6076 = ITEM_DEFINED_TRANSFORMATION('','',#11,#15);
#6077 = PRODUCT_DEFINITION_SHAPE('Placement','Placement of an item',
  #6078);
#6078 = NEXT_ASSEMBLY_USAGE_OCCURRENCE('1','DF3A-8P-2DSA','',#5,#27,$);
#6079 = PRODUCT_RELATED_PRODUCT_CATEGORY('part',$,(#29));
#6080 = MECHANICAL_DESIGN_GEOMETRIC_PRESENTATION_REPRESENTATION('',(
    #6081),#6069);
#6081 = STYLED_ITEM('color',(#6082),#33);
#6082 = PRESENTATION_STYLE_ASSIGNMENT((#6083,#6089));
#6083 = SURFACE_STYLE_USAGE(.BOTH.,#6084);
#6084 = SURFACE_SIDE_STYLE('',(#6085));
#6085 = SURFACE_STYLE_FILL_AREA(#6086);
#6086 = FILL_AREA_STYLE('',(#6087));
#6087 = FILL_AREA_STYLE_COLOUR('',#6088);
#6088 = COLOUR_RGB('',0.996078432391,1.,0.956862747054);
#6089 = CURVE_STYLE('',#6090,POSITIVE_LENGTH_MEASURE(0.1),#6091);
#6090 = DRAUGHTING_PRE_DEFINED_CURVE_FONT('continuous');
#6091 = COLOUR_RGB('',9.803921802644E-02,9.803921802644E-02,
  9.803921802644E-02);
ENDSEC;
END-ISO-10303-21;
