ISO-10303-21;
HEADER;
FILE_DESCRIPTION (( 'STEP AP214' ),
    '1' );
FILE_NAME ('mill-max-829-22-008-20-002101.STEP',
    '2022-07-19T10:17:39',
    ( '' ),
    ( '' ),
    'SwSTEP 2.0',
    'SolidWorks 2022',
    '' );
FILE_SCHEMA (( 'AUTOMOTIVE_DESIGN' ));
ENDSEC;

DATA;
#1 = VERTEX_POINT ( 'NONE', #4286 ) ;
#2 =( GEOMETRIC_REPRESENTATION_CONTEXT ( 3 ) GLOBAL_UNCERTAINTY_ASSIGNED_CONTEXT ( ( #2946 ) ) GLOBAL_UNIT_ASSIGNED_CONTEXT ( ( #1145, #4793, #5784 ) ) REPRESENTATION_CONTEXT ( 'NONE', 'WORKASPACE' ) );
#3 = CYLINDRICAL_SURFACE ( 'NONE', #521, 0.03740000000000053004 ) ;
#4 = VECTOR ( 'NONE', #4470, 39.37007874015748143 ) ;
#5 = LINE ( 'NONE', #4172, #698 ) ;
#6 = CARTESIAN_POINT ( 'NONE',  ( 0.6796629928195007109, -0.1531900000000000206, -0.01024000000000000084 ) ) ;
#7 = ORIENTED_EDGE ( 'NONE', *, *, #5841, .F. ) ;
#8 = DIRECTION ( 'NONE',  ( 0.0000000000000000000, -0.0000000000000000000, -1.000000000000000000 ) ) ;
#9 = ORIENTED_EDGE ( 'NONE', *, *, #1254, .T. ) ;
#10 = CARTESIAN_POINT ( 'NONE',  ( 0.1816684688103074041, 0.0000000000000000000, -0.01574999999999998623 ) ) ;
#11 = ADVANCED_FACE ( 'NONE', ( #2354 ), #117, .T. ) ;
#12 = EDGE_LOOP ( 'NONE', ( #3703, #810 ) ) ;
#13 = DIRECTION ( 'NONE',  ( 1.715124499442882891E-15, 3.307784318971030239E-15, -1.000000000000000000 ) ) ;
#14 = CARTESIAN_POINT ( 'NONE',  ( 0.2796629928195005221, -0.2760000000000000231, -0.08975999999999990930 ) ) ;
#15 = CARTESIAN_POINT ( 'NONE',  ( 0.1773881722737665756, 5.312527353592203413E-16, -0.1609118277262354679 ) ) ;
#16 = ORIENTED_EDGE ( 'NONE', *, *, #3423, .F. ) ;
#17 = VECTOR ( 'NONE', #5626, 39.37007874015748143 ) ;
#18 = ADVANCED_FACE ( 'NONE', ( #5660 ), #547, .T. ) ;
#19 = AXIS2_PLACEMENT_3D ( 'NONE', #2181, #4446, #2609 ) ;
#20 = DIRECTION ( 'NONE',  ( 0.0000000000000000000, -1.000000000000000000, 0.0000000000000000000 ) ) ;
#21 = FILL_AREA_STYLE_COLOUR ( '', #5908 ) ;
#22 = CARTESIAN_POINT ( 'NONE',  ( -1.600692183787654153E-17, -0.1650000000000000078, -0.09999999999999989453 ) ) ;
#23 = LINE ( 'NONE', #5502, #802 ) ;
#24 = EDGE_CURVE ( 'NONE', #4184, #5372, #1076, .T. ) ;
#25 = CARTESIAN_POINT ( 'NONE',  ( 0.6796629928195005999, -0.2760000000000000231, -0.08975999999999990930 ) ) ;
#26 = CARTESIAN_POINT ( 'NONE',  ( 0.7759349376206153837, -0.1650000000000000078, -0.09999999999999974187 ) ) ;
#27 = EDGE_LOOP ( 'NONE', ( #1978, #3367, #829, #3662 ) ) ;
#28 = DIRECTION ( 'NONE',  ( 3.307784318971019195E-15, -1.000000000000000000, -1.715124499442920756E-15 ) ) ;
#29 = FACE_OUTER_BOUND ( 'NONE', #818, .T. ) ;
#30 = VECTOR ( 'NONE', #1476, 39.37007874015748854 ) ;
#31 = PLANE ( 'NONE',  #5873 ) ;
#32 = ADVANCED_FACE ( 'NONE', ( #1468 ), #31, .F. ) ;
#33 = PLANE ( 'NONE',  #3598 ) ;
#34 = VERTEX_POINT ( 'NONE', #1897 ) ;
#35 = ORIENTED_EDGE ( 'NONE', *, *, #4517, .F. ) ;
#36 = VECTOR ( 'NONE', #4671, 39.37007874015748143 ) ;
#37 = VECTOR ( 'NONE', #4763, 39.37007874015748143 ) ;
#38 = CARTESIAN_POINT ( 'NONE',  ( 0.7379674688103073921, 0.0000000000000000000, -0.05000000000000019013 ) ) ;
#39 = CIRCLE ( 'NONE', #5236, 0.02999999999999940561 ) ;
#40 = DIRECTION ( 'NONE',  ( 1.000000000000000000, -0.0000000000000000000, -0.0000000000000000000 ) ) ;
#41 = CARTESIAN_POINT ( 'NONE',  ( 0.1564881722737669345, -1.074267099498338038E-15, 0.3851881722737664493 ) ) ;
#42 = VERTEX_POINT ( 'NONE', #3781 ) ;
#43 = DIRECTION ( 'NONE',  ( -1.000000000000000000, 3.430248998885771698E-15, -3.267760757971808176E-15 ) ) ;
#44 = ORIENTED_EDGE ( 'NONE', *, *, #4403, .F. ) ;
#45 = CARTESIAN_POINT ( 'NONE',  ( 0.7184669688103072493, -0.03899999999999999994, -1.633714423575824830E-17 ) ) ;
#46 = AXIS2_PLACEMENT_3D ( 'NONE', #5250, #3101, #5927 ) ;
#47 = AXIS2_PLACEMENT_3D ( 'NONE', #3634, #2754, #8 ) ;
#48 = DIRECTION ( 'NONE',  ( 0.0000000000000000000, 0.0000000000000000000, 1.000000000000000000 ) ) ;
#49 = LINE ( 'NONE', #2851, #1847 ) ;
#50 = LINE ( 'NONE', #1815, #5774 ) ;
#51 = VECTOR ( 'NONE', #4499, 39.37007874015748854 ) ;
#52 = VERTEX_POINT ( 'NONE', #953 ) ;
#53 = AXIS2_PLACEMENT_3D ( 'NONE', #5290, #4835, #4951 ) ;
#54 = DIRECTION ( 'NONE',  ( 0.0000000000000000000, -0.0000000000000000000, 1.000000000000000000 ) ) ;
#55 = CARTESIAN_POINT ( 'NONE',  ( 0.7759349376206142734, 0.0000000000000000000, 0.0000000000000000000 ) ) ;
#56 = CARTESIAN_POINT ( 'NONE',  ( 0.08166846881030738470, -0.1531900000000000206, -0.01574999999999998623 ) ) ;
#57 = CARTESIAN_POINT ( 'NONE',  ( 0.2942664688103074355, -0.2760000000000000231, -0.08424999999999957523 ) ) ;
#58 = EDGE_LOOP ( 'NONE', ( #3178, #2255, #1114, #1411 ) ) ;
#59 = VERTEX_POINT ( 'NONE', #1017 ) ;
#60 = CARTESIAN_POINT ( 'NONE',  ( 0.0000000000000000000, 0.0000000000000000000, 0.0000000000000000000 ) ) ;
#61 = ORIENTED_EDGE ( 'NONE', *, *, #1522, .F. ) ;
#62 = DIRECTION ( 'NONE',  ( 1.000000000000000000, 0.0000000000000000000, 0.0000000000000000000 ) ) ;
#63 = VERTEX_POINT ( 'NONE', #2808 ) ;
#64 = ORIENTED_EDGE ( 'NONE', *, *, #5630, .F. ) ;
#65 = DIRECTION ( 'NONE',  ( 0.3420201433256720991, 0.0000000000000000000, -0.9396926207859070956 ) ) ;
#66 = FACE_OUTER_BOUND ( 'NONE', #184, .T. ) ;
#67 = DIRECTION ( 'NONE',  ( 0.0000000000000000000, -1.000000000000000000, 0.0000000000000000000 ) ) ;
#68 = EDGE_LOOP ( 'NONE', ( #4523, #369, #4807, #3504 ) ) ;
#69 = VERTEX_POINT ( 'NONE', #3294 ) ;
#70 = PLANE ( 'NONE',  #5389 ) ;
#71 = EDGE_CURVE ( 'NONE', #2854, #5930, #683, .T. ) ;
#72 = ADVANCED_FACE ( 'NONE', ( #4256 ), #1219, .F. ) ;
#73 = DIRECTION ( 'NONE',  ( -0.0000000000000000000, 1.000000000000000000, -0.0000000000000000000 ) ) ;
#74 = CARTESIAN_POINT ( 'NONE',  ( 0.1648881722737665090, -1.441545170192732531E-16, 0.03838817227376627172 ) ) ;
#75 = DIRECTION ( 'NONE',  ( -0.0000000000000000000, 1.000000000000000000, -0.0000000000000000000 ) ) ;
#76 = VERTEX_POINT ( 'NONE', #240 ) ;
#77 = EDGE_CURVE ( 'NONE', #2726, #3075, #1618, .T. ) ;
#78 = DIRECTION ( 'NONE',  ( 1.000000000000000000, 0.0000000000000000000, -1.355298456929802892E-15 ) ) ;
#79 = CARTESIAN_POINT ( 'NONE',  ( 0.1773881722737657429, -1.016790325919227706E-15, 0.3070881722737662800 ) ) ;
#80 = CARTESIAN_POINT ( 'NONE',  ( 0.6942664688103074022, -0.1531900000000000206, -0.08424999999999957523 ) ) ;
#81 = LINE ( 'NONE', #5539, #3612 ) ;
#82 = ORIENTED_EDGE ( 'NONE', *, *, #3384, .T. ) ;
#83 = ORIENTED_EDGE ( 'NONE', *, *, #3596, .F. ) ;
#84 = LINE ( 'NONE', #3650, #4373 ) ;
#85 = ORIENTED_EDGE ( 'NONE', *, *, #975, .T. ) ;
#86 = DIRECTION ( 'NONE',  ( -1.715124499442882891E-15, -3.369016658928398207E-15, 1.000000000000000000 ) ) ;
#87 = ORIENTED_EDGE ( 'NONE', *, *, #857, .T. ) ;
#88 = ORIENTED_EDGE ( 'NONE', *, *, #1227, .T. ) ;
#89 = EDGE_CURVE ( 'NONE', #2683, #2147, #3069, .T. ) ;
#90 = AXIS2_PLACEMENT_3D ( 'NONE', #3223, #5469, #358 ) ;
#91 = CARTESIAN_POINT ( 'NONE',  ( 0.4942664688103074466, -0.1531900000000000206, -0.08424999999999954747 ) ) ;
#92 = LINE ( 'NONE', #2781, #5795 ) ;
#93 = PLANE ( 'NONE',  #4804 ) ;
#94 = ADVANCED_FACE ( 'NONE', ( #5357 ), #2499, .F. ) ;
#95 = ORIENTED_EDGE ( 'NONE', *, *, #4641, .T. ) ;
#96 = ORIENTED_EDGE ( 'NONE', *, *, #692, .T. ) ;
#97 = LINE ( 'NONE', #159, #2207 ) ;
#98 = COLOUR_RGB ( '',0.4941176470588235503, 0.4941176470588235503, 0.4941176470588235503 ) ;
#99 = CIRCLE ( 'NONE', #1823, 0.03155000000000051513 ) ;
#100 = DIRECTION ( 'NONE',  ( 1.000000000000000000, 0.0000000000000000000, -0.0000000000000000000 ) ) ;
#101 = LINE ( 'NONE', #1484, #316 ) ;
#102 = CARTESIAN_POINT ( 'NONE',  ( 0.1390000000000000124, 0.0000000000000000000, 0.0000000000000000000 ) ) ;
#103 = EDGE_CURVE ( 'NONE', #5065, #4110, #2531, .T. ) ;
#104 = ORIENTED_EDGE ( 'NONE', *, *, #3849, .F. ) ;
#105 = AXIS2_PLACEMENT_3D ( 'NONE', #3358, #4347, #5186 ) ;
#106 = FACE_OUTER_BOUND ( 'NONE', #4916, .T. ) ;
#107 = FACE_OUTER_BOUND ( 'NONE', #2293, .T. ) ;
#108 = CLOSED_SHELL ( 'NONE', ( #3687, #736, #3686, #2040, #3095, #3641, #583, #3625, #633, #3694, #1030, #5638, #5356, #2749, #4393, #2947, #1540, #5475, #4721, #1935, #1620, #2032, #2492, #2408, #5222, #2159, #5406, #4920, #1497, #804, #4419, #4599, #1234, #3917, #5606, #3165, #3193, #448, #3481, #4329, #2839, #4457, #210, #1783, #5229, #4705, #18, #11, #3261, #2614, #2545, #190, #5450, #5296, #3351, #4838, #2275, #2104, #4994, #586, #5238, #4893, #459, #2471, #94, #4109, #1087, #1798, #2387, #3222, #1882, #1187, #1312, #1133, #745, #284, #3857, #4533, #336, #2942, #72, #985, #4267, #1385, #3589, #5428, #3649, #2714, #5161, #5849, #2289, #1611, #5246, #5881, #5019, #2805, #1919, #5842, #4881, #4204, #1675, #2245, #3760, #4777, #2960, #1644, #5528, #2189, #693, #526, #2917, #4147, #3608, #4733, #5778, #3738, #5385, #4776, #5148, #1628, #265, #645, #5481, #5257, #2048, #1986, #4352, #5534, #5590, #1441, #3445, #2804, #2306, #2963, #2195, #2205, #111, #5592, #5744, #3440, #4509, #819, #2780, #873, #5441, #1134, #3986, #32, #2628, #1660, #1362, #4374, #5515, #4912 ) ) ;
#109 = CARTESIAN_POINT ( 'NONE',  ( 0.5240799187237821233, -0.1650000000000000078, 0.1085859615121529398 ) ) ;
#110 = DIRECTION ( 'NONE',  ( 1.000000000000000000, -0.0000000000000000000, -0.0000000000000000000 ) ) ;
#111 = ADVANCED_FACE ( 'NONE', ( #3045 ), #4813, .F. ) ;
#112 = EDGE_CURVE ( 'NONE', #1994, #1904, #3897, .T. ) ;
#113 = VERTEX_POINT ( 'NONE', #1678 ) ;
#114 = ORIENTED_EDGE ( 'NONE', *, *, #4847, .F. ) ;
#115 = VECTOR ( 'NONE', #4600, 39.37007874015748143 ) ;
#116 = CARTESIAN_POINT ( 'NONE',  ( 0.1999990000000001211, 0.0000000000000000000, 0.0000000000000000000 ) ) ;
#117 = PLANE ( 'NONE',  #5685 ) ;
#118 = AXIS2_PLACEMENT_3D ( 'NONE', #3405, #4805, #1184 ) ;
#119 = CARTESIAN_POINT ( 'NONE',  ( 0.03796746881030733239, 0.0000000000000000000, -0.01844999999999967846 ) ) ;
#120 = EDGE_LOOP ( 'NONE', ( #3303, #1309 ) ) ;
#121 = CIRCLE ( 'NONE', #4170, 0.03200000000000009781 ) ;
#122 = ORIENTED_EDGE ( 'NONE', *, *, #221, .T. ) ;
#123 = CARTESIAN_POINT ( 'NONE',  ( 0.07593593762061463803, 0.0000000000000000000, -0.09999999999999989453 ) ) ;
#124 = EDGE_CURVE ( 'NONE', #1984, #3136, #767, .T. ) ;
#125 = LINE ( 'NONE', #4731, #4834 ) ;
#126 = CARTESIAN_POINT ( 'NONE',  ( 0.3962719448011141621, -0.1531900000000000206, -0.01024000000000000084 ) ) ;
#127 = ORIENTED_EDGE ( 'NONE', *, *, #686, .T. ) ;
#128 = CIRCLE ( 'NONE', #3505, 0.03155000000000051513 ) ;
#129 = ORIENTED_EDGE ( 'NONE', *, *, #3618, .T. ) ;
#130 = DIRECTION ( 'NONE',  ( 0.0000000000000000000, 0.0000000000000000000, 1.000000000000000000 ) ) ;
#131 = CIRCLE ( 'NONE', #230, 0.03155000000000051513 ) ;
#132 = DIRECTION ( 'NONE',  ( -0.0000000000000000000, 1.000000000000000000, -0.0000000000000000000 ) ) ;
#133 = CARTESIAN_POINT ( 'NONE',  ( 0.3816684688103073597, 0.0000000000000000000, -0.08424999999999954747 ) ) ;
#134 = DIRECTION ( 'NONE',  ( 0.0000000000000000000, -1.000000000000000000, 0.0000000000000000000 ) ) ;
#135 = ORIENTED_EDGE ( 'NONE', *, *, #3679, .F. ) ;
#136 = PLANE ( 'NONE',  #5037 ) ;
#137 = EDGE_LOOP ( 'NONE', ( #5032, #1322, #735, #5226, #61, #2087 ) ) ;
#138 = CIRCLE ( 'NONE', #3515, 0.03740000000000053004 ) ;
#139 = CIRCLE ( 'NONE', #3516, 0.03155000000000051513 ) ;
#140 = EDGE_CURVE ( 'NONE', #2474, #1407, #1162, .T. ) ;
#141 = LINE ( 'NONE', #5564, #4242 ) ;
#142 = AXIS2_PLACEMENT_3D ( 'NONE', #3344, #4715, #4307 ) ;
#143 = DIRECTION ( 'NONE',  ( 1.715124499442882891E-15, 3.307784318971030633E-15, -1.000000000000000000 ) ) ;
#144 = LINE ( 'NONE', #597, #237 ) ;
#145 = EDGE_LOOP ( 'NONE', ( #2028, #2587, #549, #3572 ) ) ;
#146 = CARTESIAN_POINT ( 'NONE',  ( 0.6379674688103074143, 0.1300881722737651791, 0.1273881722737673639 ) ) ;
#147 = VECTOR ( 'NONE', #2759, 39.37007874015748143 ) ;
#148 = DIRECTION ( 'NONE',  ( -0.3420201433256639389, 0.0000000000000000000, 0.9396926207859100932 ) ) ;
#149 = DIRECTION ( 'NONE',  ( 0.9396926207859235269, 0.0000000000000000000, -0.3420201433256272461 ) ) ;
#150 = LINE ( 'NONE', #1469, #4548 ) ;
#151 = EDGE_LOOP ( 'NONE', ( #1346, #4640, #5596, #3176, #4199 ) ) ;
#152 = EDGE_CURVE ( 'NONE', #816, #3580, #4532, .T. ) ;
#153 = ORIENTED_EDGE ( 'NONE', *, *, #4485, .F. ) ;
#154 = CARTESIAN_POINT ( 'NONE',  ( 0.4759359376206147019, -0.1650000000000000078, -0.09999999999999989453 ) ) ;
#155 = DIRECTION ( 'NONE',  ( -0.3420201433256694346, -0.0000000000000000000, -0.9396926207859080948 ) ) ;
#156 = CARTESIAN_POINT ( 'NONE',  ( 0.4379674688103074032, -0.03399999999999996775, -0.05000000000000019013 ) ) ;
#157 = ORIENTED_EDGE ( 'NONE', *, *, #2466, .F. ) ;
#158 = VERTEX_POINT ( 'NONE', #4873 ) ;
#159 = CARTESIAN_POINT ( 'NONE',  ( -0.01203253118969267385, -0.1650000000000000078, -0.08975999999999990930 ) ) ;
#160 = DIRECTION ( 'NONE',  ( 1.000000000000000000, 0.0000000000000000000, -0.0000000000000000000 ) ) ;
#161 = DIRECTION ( 'NONE',  ( -0.0000000000000000000, 1.000000000000000000, 0.0000000000000000000 ) ) ;
#162 = DIRECTION ( 'NONE',  ( -1.000000000000000000, 3.430248998885770120E-15, -1.157562709179845500E-15 ) ) ;
#163 = VERTEX_POINT ( 'NONE', #3868 ) ;
#164 = CARTESIAN_POINT ( 'NONE',  ( 0.3379674688103073699, -0.03399999999999996775, -0.05000000000000019013 ) ) ;
#165 = ORIENTED_EDGE ( 'NONE', *, *, #2588, .T. ) ;
#166 = EDGE_CURVE ( 'NONE', #2953, #381, #5272, .T. ) ;
#167 = CARTESIAN_POINT ( 'NONE',  ( 0.2942664688103074355, -0.1531900000000000206, -0.08424999999999954747 ) ) ;
#168 = DIRECTION ( 'NONE',  ( -1.000000000000000000, 0.0000000000000000000, -1.980403796674357815E-16 ) ) ;
#169 = DIRECTION ( 'NONE',  ( -1.715124499442882891E-15, -3.307784318971031027E-15, 1.000000000000000000 ) ) ;
#170 = ORIENTED_EDGE ( 'NONE', *, *, #4212, .T. ) ;
#171 = EDGE_CURVE ( 'NONE', #1714, #2380, #2041, .T. ) ;
#172 = ITEM_DEFINED_TRANSFORMATION ( 'NONE', 'NONE', #854,  #585 ) ;
#173 = CARTESIAN_POINT ( 'NONE',  ( 0.1379674688103073310, 0.0000000000000000000, -0.05000000000000019013 ) ) ;
#174 = DIRECTION ( 'NONE',  ( -0.0000000000000000000, 1.000000000000000000, -0.0000000000000000000 ) ) ;
#175 = LINE ( 'NONE', #119, #3412 ) ;
#176 = EDGE_CURVE ( 'NONE', #3809, #3273, #4785, .T. ) ;
#177 = EDGE_LOOP ( 'NONE', ( #4027, #3196, #1926, #4760 ) ) ;
#178 = ORIENTED_EDGE ( 'NONE', *, *, #3087, .T. ) ;
#179 = LINE ( 'NONE', #2022, #4185 ) ;
#180 = CARTESIAN_POINT ( 'NONE',  ( 0.2480489383087260691, -0.1650000000000000078, -0.1766189009057611281 ) ) ;
#181 = FACE_OUTER_BOUND ( 'NONE', #5575, .T. ) ;
#182 = ADVANCED_FACE ( 'NONE', ( #2103 ), #5748, .T. ) ;
#183 = ORIENTED_EDGE ( 'NONE', *, *, #3151, .F. ) ;
#184 = EDGE_LOOP ( 'NONE', ( #1749, #5633, #5336, #3949, #5116, #1495, #300, #5076 ) ) ;
#185 = PLANE ( 'NONE',  #1633 ) ;
#186 = VECTOR ( 'NONE', #5112, 39.37007874015748143 ) ;
#187 = DIRECTION ( 'NONE',  ( 1.000000000000000000, 0.0000000000000000000, 0.0000000000000000000 ) ) ;
#188 = CARTESIAN_POINT ( 'NONE',  ( 0.1496202230813378775, -9.215393460007908540E-16, 0.3070881722737662245 ) ) ;
#189 = DIRECTION ( 'NONE',  ( -0.0000000000000000000, 1.000000000000000000, -0.0000000000000000000 ) ) ;
#190 = ADVANCED_FACE ( 'NONE', ( #3469 ), #1555, .T. ) ;
#191 = EDGE_LOOP ( 'NONE', ( #5853, #5628, #5751, #4222 ) ) ;
#192 = VECTOR ( 'NONE', #1325, 39.37007874015748854 ) ;
#193 = CARTESIAN_POINT ( 'NONE',  ( -0.01203253118969267385, -0.1650000000000000078, -0.08975999999999990930 ) ) ;
#194 = ORIENTED_EDGE ( 'NONE', *, *, #2988, .F. ) ;
#195 = AXIS2_PLACEMENT_3D ( 'NONE', #878, #2729, #2278 ) ;
#196 = PRESENTATION_LAYER_ASSIGNMENT (  '', '', ( #3771 ) ) ;
#197 = DIRECTION ( 'NONE',  ( -0.0000000000000000000, 1.000000000000000000, -0.0000000000000000000 ) ) ;
#198 = DIRECTION ( 'NONE',  ( -0.0000000000000000000, 1.000000000000000000, -0.0000000000000000000 ) ) ;
#199 = FACE_OUTER_BOUND ( 'NONE', #932, .T. ) ;
#200 = PRODUCT_DEFINITION_SHAPE ( 'NONE', 'NONE',  #5952 ) ;
#201 = EDGE_CURVE ( 'NONE', #5294, #4854, #2612, .T. ) ;
#202 = ORIENTED_EDGE ( 'NONE', *, *, #2021, .F. ) ;
#203 = VECTOR ( 'NONE', #492, 39.37007874015748143 ) ;
#204 = CONTEXT_DEPENDENT_SHAPE_REPRESENTATION ( #4092, #301 ) ;
#205 = AXIS2_PLACEMENT_3D ( 'NONE', #3378, #5207, #4226 ) ;
#206 = DIRECTION ( 'NONE',  ( 0.0000000000000000000, -0.0000000000000000000, -1.000000000000000000 ) ) ;
#207 = DIRECTION ( 'NONE',  ( 0.0000000000000000000, 0.0000000000000000000, 1.000000000000000000 ) ) ;
#208 = DIRECTION ( 'NONE',  ( -0.3420201433256662704, 2.017650748832921185E-16, -0.9396926207859092051 ) ) ;
#209 = AXIS2_PLACEMENT_3D ( 'NONE', #2283, #4535, #1762 ) ;
#210 = ADVANCED_FACE ( 'NONE', ( #2563 ), #1111, .T. ) ;
#211 = AXIS2_PLACEMENT_3D ( 'NONE', #1884, #5107, #2372 ) ;
#212 = ORIENTED_EDGE ( 'NONE', *, *, #5413, .F. ) ;
#213 = DIRECTION ( 'NONE',  ( 0.0000000000000000000, 0.0000000000000000000, 1.000000000000000000 ) ) ;
#214 = DIRECTION ( 'NONE',  ( -0.0000000000000000000, 1.000000000000000000, -0.0000000000000000000 ) ) ;
#215 = CARTESIAN_POINT ( 'NONE',  ( 0.06951746881030784753, -0.03399999999999996775, -0.05000000000000019013 ) ) ;
#216 = ORIENTED_EDGE ( 'NONE', *, *, #3102, .T. ) ;
#217 = EDGE_LOOP ( 'NONE', ( #763, #3546, #2758, #1674 ) ) ;
#218 = DIRECTION ( 'NONE',  ( 1.000000000000000000, 0.0000000000000000000, 0.0000000000000000000 ) ) ;
#219 = VECTOR ( 'NONE', #40, 39.37007874015748143 ) ;
#220 = PRODUCT_DEFINITION_CONTEXT ( 'detailed design', #5087, 'design' ) ;
#221 = EDGE_CURVE ( 'NONE', #2812, #1065, #884, .T. ) ;
#222 = DIRECTION ( 'NONE',  ( -0.3420201433256694346, -0.0000000000000000000, -0.9396926207859080948 ) ) ;
#223 = CIRCLE ( 'NONE', #5514, 0.01249999999999974569 ) ;
#224 = CARTESIAN_POINT ( 'NONE',  ( 0.7379674688103073921, -0.03399999999999996775, -0.01844999999999967846 ) ) ;
#225 = CARTESIAN_POINT ( 'NONE',  ( -0.01203253118969267385, -0.1650000000000000078, -0.01024000000000000084 ) ) ;
#226 = ORIENTED_EDGE ( 'NONE', *, *, #3282, .F. ) ;
#227 = CARTESIAN_POINT ( 'NONE',  ( 0.03796746881030733239, 0.0000000000000000000, -0.08740000000000071323 ) ) ;
#228 = VERTEX_POINT ( 'NONE', #1729 ) ;
#229 = ORIENTED_EDGE ( 'NONE', *, *, #4392, .T. ) ;
#230 = AXIS2_PLACEMENT_3D ( 'NONE', #2430, #1513, #3368 ) ;
#231 = LINE ( 'NONE', #566, #3613 ) ;
#232 = CARTESIAN_POINT ( 'NONE',  ( 0.7379674688103073921, -0.1531900000000000206, -0.05000000000000019013 ) ) ;
#233 = CARTESIAN_POINT ( 'NONE',  ( 0.7224669688103072529, -0.03899999999999999994, 0.04999999999999998196 ) ) ;
#234 = VECTOR ( 'NONE', #1878, 39.37007874015748143 ) ;
#235 = ORIENTED_EDGE ( 'NONE', *, *, #2228, .F. ) ;
#236 =( NAMED_UNIT ( * ) PLANE_ANGLE_UNIT ( ) SI_UNIT ( $, .RADIAN. ) );
#237 = VECTOR ( 'NONE', #2525, 39.37007874015748143 ) ;
#238 = AXIS2_PLACEMENT_3D ( 'NONE', #978, #1889, #5470 ) ;
#239 = CARTESIAN_POINT ( 'NONE',  ( 0.6379674688103074143, -0.03399999999999996775, -0.08155000000000069138 ) ) ;
#240 = CARTESIAN_POINT ( 'NONE',  ( 0.6379674688103074143, -0.03399999999999996775, -0.01259999999999966529 ) ) ;
#241 = CARTESIAN_POINT ( 'NONE',  ( 0.5816684688103074263, -0.1531900000000000206, -0.08424999999999953360 ) ) ;
#242 = VERTEX_POINT ( 'NONE', #5832 ) ;
#243 = VECTOR ( 'NONE', #2514, 39.37007874015748143 ) ;
#244 = ORIENTED_EDGE ( 'NONE', *, *, #5373, .T. ) ;
#245 = LINE ( 'NONE', #3932, #4543 ) ;
#246 = FACE_OUTER_BOUND ( 'NONE', #3249, .T. ) ;
#247 = ORIENTED_EDGE ( 'NONE', *, *, #652, .F. ) ;
#248 = ORIENTED_EDGE ( 'NONE', *, *, #1788, .T. ) ;
#249 = EDGE_CURVE ( 'NONE', #1871, #1201, #330, .T. ) ;
#250 = DIRECTION ( 'NONE',  ( 1.000000000000000000, 0.0000000000000000000, 0.0000000000000000000 ) ) ;
#251 = CARTESIAN_POINT ( 'NONE',  ( 0.6379674688103074143, 9.184870279381501883E-17, -0.08740000000000071323 ) ) ;
#252 = DIRECTION ( 'NONE',  ( -1.000000000000000000, 3.430248998885772487E-15, -2.239219666938031849E-15 ) ) ;
#253 = PLANE ( 'NONE',  #4526 ) ;
#254 = ORIENTED_EDGE ( 'NONE', *, *, #4450, .F. ) ;
#255 = DIRECTION ( 'NONE',  ( 0.0000000000000000000, 0.0000000000000000000, 1.000000000000000000 ) ) ;
#256 = EDGE_LOOP ( 'NONE', ( #2200, #170, #5696, #4018 ) ) ;
#257 = ADVANCED_FACE ( 'NONE', ( #1276 ), #4452, .T. ) ;
#258 = EDGE_LOOP ( 'NONE', ( #677, #2542, #1911, #4874, #2778 ) ) ;
#259 = EDGE_CURVE ( 'NONE', #4439, #2070, #2133, .T. ) ;
#260 = PRESENTATION_STYLE_ASSIGNMENT (( #4394 ) ) ;
#261 = VERTEX_POINT ( 'NONE', #5411 ) ;
#262 = DIRECTION ( 'NONE',  ( 0.0000000000000000000, 0.0000000000000000000, -1.000000000000000000 ) ) ;
#263 = DIRECTION ( 'NONE',  ( 1.980403796674357815E-16, 0.0000000000000000000, -1.000000000000000000 ) ) ;
#264 = VERTEX_POINT ( 'NONE', #1244 ) ;
#265 = ADVANCED_FACE ( 'NONE', ( #2163 ), #2704, .F. ) ;
#266 = SHAPE_DEFINITION_REPRESENTATION ( #5303, #2351 ) ;
#267 = FACE_OUTER_BOUND ( 'NONE', #1991, .T. ) ;
#268 = DIRECTION ( 'NONE',  ( 0.3420201433256720991, 0.0000000000000000000, -0.9396926207859070956 ) ) ;
#269 = LINE ( 'NONE', #3954, #2725 ) ;
#270 = VERTEX_POINT ( 'NONE', #3133 ) ;
#271 = EDGE_CURVE ( 'NONE', #242, #1138, #600, .T. ) ;
#272 = ORIENTED_EDGE ( 'NONE', *, *, #3005, .F. ) ;
#273 = LINE ( 'NONE', #5780, #4647 ) ;
#274 = DIRECTION ( 'NONE',  ( -0.0000000000000000000, 1.000000000000000000, -0.0000000000000000000 ) ) ;
#275 = ORIENTED_EDGE ( 'NONE', *, *, #2526, .F. ) ;
#276 = VERTEX_POINT ( 'NONE', #4102 ) ;
#277 = FACE_OUTER_BOUND ( 'NONE', #177, .T. ) ;
#278 = CARTESIAN_POINT ( 'NONE',  ( 0.7184669688103072493, 0.0000000000000000000, -1.633714423575824830E-17 ) ) ;
#279 = CARTESIAN_POINT ( 'NONE',  ( 0.09426646881030739666, -0.2760000000000000231, -0.08424999999999957523 ) ) ;
#280 = LINE ( 'NONE', #1744, #1347 ) ;
#281 = ORIENTED_EDGE ( 'NONE', *, *, #2787, .T. ) ;
#282 = PLANE ( 'NONE',  #520 ) ;
#283 = ORIENTED_EDGE ( 'NONE', *, *, #2775, .T. ) ;
#284 = ADVANCED_FACE ( 'NONE', ( #2216, #4958 ), #5380, .F. ) ;
#285 = LENGTH_MEASURE_WITH_UNIT ( LENGTH_MEASURE( 0.02539999999999999897 ), #3491 );
#286 = ADVANCED_FACE ( 'NONE', ( #4928 ), #5501, .T. ) ;
#287 = VECTOR ( 'NONE', #3312, 39.37007874015748143 ) ;
#288 = DIRECTION ( 'NONE',  ( 1.000000000000000000, -0.0000000000000000000, -0.0000000000000000000 ) ) ;
#289 = FACE_OUTER_BOUND ( 'NONE', #4744, .T. ) ;
#290 = ORIENTED_EDGE ( 'NONE', *, *, #2878, .T. ) ;
#291 = CIRCLE ( 'NONE', #5487, 0.03740000000000053004 ) ;
#292 = CONTEXT_DEPENDENT_SHAPE_REPRESENTATION ( #2229, #3143 ) ;
#293 = AXIS2_PLACEMENT_3D ( 'NONE', #4266, #4298, #3362 ) ;
#294 = EDGE_CURVE ( 'NONE', #2994, #1558, #5892, .T. ) ;
#295 = DIRECTION ( 'NONE',  ( 0.0000000000000000000, 1.000000000000000000, 1.224646799147353207E-16 ) ) ;
#296 = EDGE_CURVE ( 'NONE', #4531, #4402, #5786, .T. ) ;
#297 = CIRCLE ( 'NONE', #4254, 0.02999999999999940561 ) ;
#298 = DIRECTION ( 'NONE',  ( -0.0000000000000000000, 1.000000000000000000, -0.0000000000000000000 ) ) ;
#299 = CARTESIAN_POINT ( 'NONE',  ( 0.7574669688103072840, -0.03899999999999999994, 0.04599999999999995759 ) ) ;
#300 = ORIENTED_EDGE ( 'NONE', *, *, #5282, .F. ) ;
#301 = PRODUCT_DEFINITION_SHAPE ( 'NONE', 'NONE',  #5955 ) ;
#302 = CIRCLE ( 'NONE', #1243, 0.03155000000000051513 ) ;
#303 = CARTESIAN_POINT ( 'NONE',  ( 0.7184669688103072493, 0.0000000000000000000, 0.04599999999999997841 ) ) ;
#304 = EDGE_LOOP ( 'NONE', ( #4993, #4297 ) ) ;
#305 = LINE ( 'NONE', #4405, #1857 ) ;
#306 = CARTESIAN_POINT ( 'NONE',  ( 0.2816684688103074374, -0.1531900000000000206, -0.08424999999999953360 ) ) ;
#307 = ORIENTED_EDGE ( 'NONE', *, *, #3284, .F. ) ;
#308 = ORIENTED_EDGE ( 'NONE', *, *, #2213, .T. ) ;
#309 = DIRECTION ( 'NONE',  ( 1.000000000000000000, 0.0000000000000000000, -0.0000000000000000000 ) ) ;
#310 = AXIS2_PLACEMENT_3D ( 'NONE', #5687, #4843, #3532 ) ;
#311 = EDGE_CURVE ( 'NONE', #2873, #5086, #1334, .T. ) ;
#312 = LINE ( 'NONE', #1603, #2249 ) ;
#313 = DIRECTION ( 'NONE',  ( -0.0000000000000000000, 1.000000000000000000, -0.0000000000000000000 ) ) ;
#314 = CARTESIAN_POINT ( 'NONE',  ( 0.7379674688103073921, -0.03399999999999996775, -0.01259999999999966529 ) ) ;
#315 = ORIENTED_EDGE ( 'NONE', *, *, #3977, .T. ) ;
#316 = VECTOR ( 'NONE', #1848, 39.37007874015748143 ) ;
#317 = CARTESIAN_POINT ( 'NONE',  ( 0.3583666360964388731, -0.1650000000000000078, 0.04827125921326199526 ) ) ;
#318 = VERTEX_POINT ( 'NONE', #3191 ) ;
#319 = CIRCLE ( 'NONE', #2532, 0.03155000000000051513 ) ;
#320 = DIRECTION ( 'NONE',  ( 1.980403796674357815E-16, 0.0000000000000000000, -1.000000000000000000 ) ) ;
#321 = DIRECTION ( 'NONE',  ( -1.000000000000000000, -0.0000000000000000000, -0.0000000000000000000 ) ) ;
#322 = CARTESIAN_POINT ( 'NONE',  ( -0.01203253118969267385, -0.1650000000000000078, -0.08975999999999990930 ) ) ;
#323 = ORIENTED_EDGE ( 'NONE', *, *, #2134, .F. ) ;
#324 = CIRCLE ( 'NONE', #2928, 0.02949999999999814229 ) ;
#325 = EDGE_CURVE ( 'NONE', #1939, #2994, #1371, .T. ) ;
#326 = EDGE_CURVE ( 'NONE', #2110, #2070, #4482, .T. ) ;
#327 = CIRCLE ( 'NONE', #1962, 0.02949999999999814229 ) ;
#328 = CYLINDRICAL_SURFACE ( 'NONE', #627, 0.03155000000000051513 ) ;
#329 = AXIS2_PLACEMENT_3D ( 'NONE', #4028, #2604, #2664 ) ;
#330 = LINE ( 'NONE', #1791, #1844 ) ;
#331 = CARTESIAN_POINT ( 'NONE',  ( 0.1773881722737657429, -1.016790325919227706E-15, 0.3070881722737662800 ) ) ;
#332 = CARTESIAN_POINT ( 'NONE',  ( 0.1773881722737665756, 5.312527353592203413E-16, -0.1609118277262354679 ) ) ;
#333 = EDGE_LOOP ( 'NONE', ( #3003, #1284, #3832, #2923 ) ) ;
#334 = EDGE_CURVE ( 'NONE', #2969, #1505, #5020, .T. ) ;
#335 = CIRCLE ( 'NONE', #2741, 0.03740000000000053004 ) ;
#336 = ADVANCED_FACE ( 'NONE', ( #4572, #5057 ), #2615, .F. ) ;
#337 = AXIS2_PLACEMENT_3D ( 'NONE', #2807, #1466, #1246 ) ;
#338 = DIRECTION ( 'NONE',  ( -0.0000000000000000000, 1.000000000000000000, -0.0000000000000000000 ) ) ;
#339 = ORIENTED_EDGE ( 'NONE', *, *, #5085, .T. ) ;
#340 = AXIS2_PLACEMENT_3D ( 'NONE', #5379, #4451, #3584 ) ;
#341 = CARTESIAN_POINT ( 'NONE',  ( 0.6012578269325223879, -0.1650000000000000078, -0.3051764228430681736 ) ) ;
#342 = EDGE_LOOP ( 'NONE', ( #776, #4119, #5286, #4164 ) ) ;
#343 = ORIENTED_EDGE ( 'NONE', *, *, #3802, .T. ) ;
#344 = EDGE_CURVE ( 'NONE', #5867, #63, #2858, .T. ) ;
#345 = VECTOR ( 'NONE', #1298, 39.37007874015748143 ) ;
#346 = FACE_OUTER_BOUND ( 'NONE', #5940, .T. ) ;
#347 = CARTESIAN_POINT ( 'NONE',  ( -1.600692183787654153E-17, -0.1650000000000000078, -0.09999999999999989453 ) ) ;
#348 = CARTESIAN_POINT ( 'NONE',  ( 0.4246533826206242423, -0.1650000000000000078, -0.2408976618744146092 ) ) ;
#349 = VERTEX_POINT ( 'NONE', #56 ) ;
#350 = FACE_OUTER_BOUND ( 'NONE', #2941, .T. ) ;
#351 = EDGE_LOOP ( 'NONE', ( #3878, #3017 ) ) ;
#352 = EDGE_CURVE ( 'NONE', #5152, #2431, #3773, .T. ) ;
#353 = FILL_AREA_STYLE_COLOUR ( '', #4200 ) ;
#354 = CARTESIAN_POINT ( 'NONE',  ( 0.3816684688103073597, -0.2760000000000000231, -0.01574999999999998623 ) ) ;
#355 = CARTESIAN_POINT ( 'NONE',  ( 0.03796746881030733239, -0.1531900000000000206, -0.08155000000000069138 ) ) ;
#356 = ORIENTED_EDGE ( 'NONE', *, *, #4443, .T. ) ;
#357 =( REPRESENTATION_RELATIONSHIP ('NONE','NONE', #5618, #2351 ) REPRESENTATION_RELATIONSHIP_WITH_TRANSFORMATION ( #172 )SHAPE_REPRESENTATION_RELATIONSHIP( ) );
#358 = DIRECTION ( 'NONE',  ( 3.267760757971642910E-15, 1.000000000000000000, 3.267760757971642910E-15 ) ) ;
#359 = CARTESIAN_POINT ( 'NONE',  ( 0.7224669688103072529, 0.0000000000000000000, 0.04999999999999998196 ) ) ;
#360 = DIRECTION ( 'NONE',  ( -0.3420201433256694346, -0.0000000000000000000, -0.9396926207859080948 ) ) ;
#361 = DIRECTION ( 'NONE',  ( -0.0000000000000000000, 1.000000000000000000, -0.0000000000000000000 ) ) ;
#362 = EDGE_CURVE ( 'NONE', #4241, #5790, #1947, .T. ) ;
#363 = DIRECTION ( 'NONE',  ( 0.0000000000000000000, -0.0000000000000000000, -1.000000000000000000 ) ) ;
#364 = ORIENTED_EDGE ( 'NONE', *, *, #2472, .T. ) ;
#365 = CARTESIAN_POINT ( 'NONE',  ( 0.2379674688103073643, 0.0000000000000000000, -0.08155000000000069138 ) ) ;
#366 = ORIENTED_EDGE ( 'NONE', *, *, #946, .F. ) ;
#367 = EDGE_CURVE ( 'NONE', #2188, #3025, #3394, .T. ) ;
#368 = DIRECTION ( 'NONE',  ( 0.9396926207859080948, 0.0000000000000000000, -0.3420201433256694346 ) ) ;
#369 = ORIENTED_EDGE ( 'NONE', *, *, #2955, .T. ) ;
#370 = ORIENTED_EDGE ( 'NONE', *, *, #1864, .T. ) ;
#371 = CARTESIAN_POINT ( 'NONE',  ( 0.3379674688103073699, 9.184870279381501883E-17, -0.05000000000000019013 ) ) ;
#372 = FACE_OUTER_BOUND ( 'NONE', #2118, .T. ) ;
#373 = DIRECTION ( 'NONE',  ( 0.0000000000000000000, -2.147139079527372365E-16, 1.000000000000000000 ) ) ;
#374 = ORIENTED_EDGE ( 'NONE', *, *, #3364, .F. ) ;
#375 = DIRECTION ( 'NONE',  ( -6.123233995736766036E-17, -1.000000000000000000, -3.369016658928398207E-15 ) ) ;
#376 = ORIENTED_EDGE ( 'NONE', *, *, #3656, .F. ) ;
#377 = CARTESIAN_POINT ( 'NONE',  ( 0.6816684688103075151, -0.1531900000000000206, -0.01574999999999998623 ) ) ;
#378 = DIRECTION ( 'NONE',  ( -1.000000000000000000, -0.0000000000000000000, -0.0000000000000000000 ) ) ;
#379 = CARTESIAN_POINT ( 'NONE',  ( 0.1496202230813378775, -9.215393460007910513E-16, 0.3070881722737662245 ) ) ;
#380 = CARTESIAN_POINT ( 'NONE',  ( 0.7379674688103073921, -0.1531900000000000206, -0.05000000000000019013 ) ) ;
#381 = VERTEX_POINT ( 'NONE', #3345 ) ;
#382 = PLANE ( 'NONE',  #3077 ) ;
#383 = VECTOR ( 'NONE', #4937, 39.37007874015748143 ) ;
#384 = DIRECTION ( 'NONE',  ( -0.0000000000000000000, 1.000000000000000000, -0.0000000000000000000 ) ) ;
#385 = EDGE_CURVE ( 'NONE', #3278, #1632, #4688, .T. ) ;
#386 = DIRECTION ( 'NONE',  ( -0.0000000000000000000, 1.000000000000000000, -0.0000000000000000000 ) ) ;
#387 = DIRECTION ( 'NONE',  ( -1.000000000000000000, 0.0000000000000000000, -1.980403796674357815E-16 ) ) ;
#388 = FACE_OUTER_BOUND ( 'NONE', #4296, .T. ) ;
#389 = ORIENTED_EDGE ( 'NONE', *, *, #3121, .F. ) ;
#390 =( GEOMETRIC_REPRESENTATION_CONTEXT ( 3 ) GLOBAL_UNCERTAINTY_ASSIGNED_CONTEXT ( ( #5046 ) ) GLOBAL_UNIT_ASSIGNED_CONTEXT ( ( #2862, #4692, #2407 ) ) REPRESENTATION_CONTEXT ( 'NONE', 'WORKASPACE' ) );
#391 = CARTESIAN_POINT ( 'NONE',  ( 0.08166846881030738470, -0.2760000000000000231, -0.01574999999999998623 ) ) ;
#392 = ORIENTED_EDGE ( 'NONE', *, *, #1987, .T. ) ;
#393 = DIRECTION ( 'NONE',  ( -0.3420201433256639389, 0.0000000000000000000, 0.9396926207859100932 ) ) ;
#394 = ORIENTED_EDGE ( 'NONE', *, *, #3549, .F. ) ;
#395 = VECTOR ( 'NONE', #1177, 39.37007874015748143 ) ;
#396 = VERTEX_POINT ( 'NONE', #1890 ) ;
#397 = ADVANCED_FACE ( 'NONE', ( #1982 ), #1038, .T. ) ;
#398 = LINE ( 'NONE', #5937, #3415 ) ;
#399 = DIRECTION ( 'NONE',  ( -1.000000000000000000, 0.0000000000000000000, -1.980403796674357815E-16 ) ) ;
#400 = FACE_BOUND ( 'NONE', #451, .T. ) ;
#401 = ORIENTED_EDGE ( 'NONE', *, *, #5330, .T. ) ;
#402 = CARTESIAN_POINT ( 'NONE',  ( 0.3379674688103073699, -0.03399999999999996775, -0.01844999999999967846 ) ) ;
#403 = ORIENTED_EDGE ( 'NONE', *, *, #1684, .F. ) ;
#404 = CARTESIAN_POINT ( 'NONE',  ( 0.1816684688103074041, 0.0000000000000000000, -0.01574999999999998623 ) ) ;
#405 = EDGE_CURVE ( 'NONE', #4656, #3123, #4716, .T. ) ;
#406 = CARTESIAN_POINT ( 'NONE',  ( 0.03796746881030733239, -0.03399999999999996775, -0.01844999999999967846 ) ) ;
#407 = VECTOR ( 'NONE', #2912, 39.37007874015748143 ) ;
#408 = PLANE ( 'NONE',  #19 ) ;
#409 = FACE_OUTER_BOUND ( 'NONE', #2783, .T. ) ;
#410 = ORIENTED_EDGE ( 'NONE', *, *, #1169, .F. ) ;
#411 = EDGE_CURVE ( 'NONE', #4833, #1431, #596, .T. ) ;
#412 = CIRCLE ( 'NONE', #3796, 0.01249999999999974569 ) ;
#413 = DIRECTION ( 'NONE',  ( -0.0000000000000000000, 1.000000000000000000, -0.0000000000000000000 ) ) ;
#414 = CARTESIAN_POINT ( 'NONE',  ( 0.09426646881030739666, -0.1531900000000000206, -0.08424999999999954747 ) ) ;
#415 = CARTESIAN_POINT ( 'NONE',  ( 0.2962719448011142398, -0.1531900000000000206, -0.01024000000000000084 ) ) ;
#416 = AXIS2_PLACEMENT_3D ( 'NONE', #588, #368, #5453 ) ;
#417 = LINE ( 'NONE', #5307, #4175 ) ;
#418 = DIRECTION ( 'NONE',  ( 0.0000000000000000000, -0.0000000000000000000, 1.000000000000000000 ) ) ;
#419 = EDGE_LOOP ( 'NONE', ( #5080, #1296, #3488, #3985, #3047, #5651 ) ) ;
#420 = VECTOR ( 'NONE', #5522, 39.37007874015748143 ) ;
#421 = FACE_OUTER_BOUND ( 'NONE', #2964, .T. ) ;
#422 = VERTEX_POINT ( 'NONE', #3835 ) ;
#423 = AXIS2_PLACEMENT_3D ( 'NONE', #901, #2388, #4293 ) ;
#424 = ORIENTED_EDGE ( 'NONE', *, *, #5373, .F. ) ;
#425 = VECTOR ( 'NONE', #3839, 39.37007874015748143 ) ;
#426 = ORIENTED_EDGE ( 'NONE', *, *, #4866, .T. ) ;
#427 = EDGE_CURVE ( 'NONE', #3784, #2650, #5083, .T. ) ;
#428 = CIRCLE ( 'NONE', #3523, 0.01249999999999974569 ) ;
#429 = CIRCLE ( 'NONE', #1281, 0.01250000000000048121 ) ;
#430 = DIRECTION ( 'NONE',  ( -6.123233995736766036E-17, -1.000000000000000000, -3.369016658928398207E-15 ) ) ;
#431 = DIRECTION ( 'NONE',  ( -0.0000000000000000000, 1.000000000000000000, -0.0000000000000000000 ) ) ;
#432 = CARTESIAN_POINT ( 'NONE',  ( 0.3796629928195004444, -0.1650000000000000078, -0.08975999999999992318 ) ) ;
#433 = EDGE_CURVE ( 'NONE', #2358, #922, #3715, .T. ) ;
#434 = VERTEX_POINT ( 'NONE', #1491 ) ;
#435 = LINE ( 'NONE', #5071, #5140 ) ;
#436 = EDGE_LOOP ( 'NONE', ( #3969, #4524, #4496, #2094, #2537, #5015 ) ) ;
#437 = CARTESIAN_POINT ( 'NONE',  ( -0.01203253118969267385, -0.1650000000000000078, -0.08975999999999990930 ) ) ;
#438 = CIRCLE ( 'NONE', #1195, 0.03155000000000051513 ) ;
#439 = ORIENTED_EDGE ( 'NONE', *, *, #3274, .F. ) ;
#440 = DIRECTION ( 'NONE',  ( -0.0000000000000000000, -1.000000000000000000, -2.147139079527372365E-16 ) ) ;
#441 = CARTESIAN_POINT ( 'NONE',  ( 0.2999990000000001267, 0.0000000000000000000, -0.09999999999999989453 ) ) ;
#442 = CARTESIAN_POINT ( 'NONE',  ( 0.7879674688103074365, -0.1531900000000000206, -0.01574999999999985092 ) ) ;
#443 = ORIENTED_EDGE ( 'NONE', *, *, #3925, .F. ) ;
#444 = FACE_OUTER_BOUND ( 'NONE', #2444, .T. ) ;
#445 = DIRECTION ( 'NONE',  ( 1.000000000000000000, -0.0000000000000000000, -0.0000000000000000000 ) ) ;
#446 = DIRECTION ( 'NONE',  ( 0.0000000000000000000, -0.0000000000000000000, -1.000000000000000000 ) ) ;
#447 = LINE ( 'NONE', #3774, #1481 ) ;
#448 = ADVANCED_FACE ( 'NONE', ( #4191 ), #2798, .T. ) ;
#449 = LINE ( 'NONE', #25, #886 ) ;
#450 = DIRECTION ( 'NONE',  ( 0.3420201433256662704, -0.0000000000000000000, 0.9396926207859092051 ) ) ;
#451 = EDGE_LOOP ( 'NONE', ( #16, #879 ) ) ;
#452 = DIRECTION ( 'NONE',  ( 0.0000000000000000000, 1.000000000000000000, 0.0000000000000000000 ) ) ;
#453 = ORIENTED_EDGE ( 'NONE', *, *, #2761, .F. ) ;
#454 = EDGE_CURVE ( 'NONE', #4709, #3809, #4158, .T. ) ;
#455 = FACE_OUTER_BOUND ( 'NONE', #68, .T. ) ;
#456 = VERTEX_POINT ( 'NONE', #4628 ) ;
#457 = ORIENTED_EDGE ( 'NONE', *, *, #2221, .T. ) ;
#458 = DIRECTION ( 'NONE',  ( 0.3420201433256694346, 0.0000000000000000000, 0.9396926207859080948 ) ) ;
#459 = ADVANCED_FACE ( 'NONE', ( #3746 ), #2828, .F. ) ;
#460 = DIRECTION ( 'NONE',  ( 0.0000000000000000000, 0.0000000000000000000, 1.000000000000000000 ) ) ;
#461 = LINE ( 'NONE', #2296, #490 ) ;
#462 = ORIENTED_EDGE ( 'NONE', *, *, #1311, .T. ) ;
#463 = CYLINDRICAL_SURFACE ( 'NONE', #625, 0.03155000000000051513 ) ;
#464 = ORIENTED_EDGE ( 'NONE', *, *, #1788, .F. ) ;
#465 = DIRECTION ( 'NONE',  ( 0.0000000000000000000, 0.0000000000000000000, 1.000000000000000000 ) ) ;
#466 = EDGE_CURVE ( 'NONE', #581, #1140, #5114, .T. ) ;
#467 =( REPRESENTATION_RELATIONSHIP ('NONE','NONE', #5618, #2351 ) REPRESENTATION_RELATIONSHIP_WITH_TRANSFORMATION ( #2160 )SHAPE_REPRESENTATION_RELATIONSHIP( ) );
#468 = ORIENTED_EDGE ( 'NONE', *, *, #171, .T. ) ;
#469 = LINE ( 'NONE', #2302, #5916 ) ;
#470 = DIRECTION ( 'NONE',  ( 0.3420201433256639389, 0.0000000000000000000, -0.9396926207859100932 ) ) ;
#471 = CARTESIAN_POINT ( 'NONE',  ( 0.5759359376206146797, -0.1650000000000000078, -9.478001694819074349E-34 ) ) ;
#472 = ORIENTED_EDGE ( 'NONE', *, *, #571, .T. ) ;
#473 = EDGE_CURVE ( 'NONE', #261, #3700, #540, .T. ) ;
#474 = DIRECTION ( 'NONE',  ( 0.7071067811865474617, 0.0000000000000000000, -0.7071067811865474617 ) ) ;
#475 = DIRECTION ( 'NONE',  ( -1.000000000000000000, 0.0000000000000000000, -1.980403796674357815E-16 ) ) ;
#476 = DIRECTION ( 'NONE',  ( -0.0000000000000000000, 1.000000000000000000, -0.0000000000000000000 ) ) ;
#477 = DIRECTION ( 'NONE',  ( 0.0000000000000000000, 1.000000000000000000, 0.0000000000000000000 ) ) ;
#478 = CARTESIAN_POINT ( 'NONE',  ( 0.1773881722737661593, -2.460765795989775511E-16, 0.07408817227376626735 ) ) ;
#479 = VERTEX_POINT ( 'NONE', #80 ) ;
#480 = CARTESIAN_POINT ( 'NONE',  ( 0.03796746881030733239, 0.1300881722737651791, 0.1273881722737661426 ) ) ;
#481 = EDGE_CURVE ( 'NONE', #3111, #3850, #1915, .T. ) ;
#482 = ORIENTED_EDGE ( 'NONE', *, *, #1979, .F. ) ;
#483 = VECTOR ( 'NONE', #4406, 39.37007874015748143 ) ;
#484 = LINE ( 'NONE', #4166, #5894 ) ;
#485 = EDGE_LOOP ( 'NONE', ( #2943, #2860, #5906, #4774 ) ) ;
#486 = ORIENTED_EDGE ( 'NONE', *, *, #4518, .T. ) ;
#487 = VECTOR ( 'NONE', #75, 39.37007874015748143 ) ;
#488 = EDGE_CURVE ( 'NONE', #3785, #2290, #4363, .T. ) ;
#489 = LINE ( 'NONE', #1319, #3996 ) ;
#490 = VECTOR ( 'NONE', #1389, 39.37007874015748143 ) ;
#491 = DIRECTION ( 'NONE',  ( 0.0000000000000000000, -1.000000000000000000, 0.0000000000000000000 ) ) ;
#492 = DIRECTION ( 'NONE',  ( -1.000000000000000000, -0.0000000000000000000, -0.0000000000000000000 ) ) ;
#493 = ORIENTED_EDGE ( 'NONE', *, *, #1073, .F. ) ;
#494 = CARTESIAN_POINT ( 'NONE',  ( 0.5796629928195005110, -0.1531900000000000206, -0.08975999999999990930 ) ) ;
#495 = ORIENTED_EDGE ( 'NONE', *, *, #3767, .F. ) ;
#496 = PLANE ( 'NONE',  #1924 ) ;
#497 = CARTESIAN_POINT ( 'NONE',  ( 0.6379674688103074143, -0.1531900000000000206, -0.01844999999999967846 ) ) ;
#498 = PLANE ( 'NONE',  #211 ) ;
#499 = FACE_OUTER_BOUND ( 'NONE', #4887, .T. ) ;
#500 = ORIENTED_EDGE ( 'NONE', *, *, #103, .T. ) ;
#501 = AXIS2_PLACEMENT_3D ( 'NONE', #2468, #198, #4417 ) ;
#502 = VECTOR ( 'NONE', #5616, 39.37007874015748143 ) ;
#503 = LINE ( 'NONE', #3770, #4901 ) ;
#504 = DIRECTION ( 'NONE',  ( -0.9396926207859093161, 0.0000000000000000000, 0.3420201433256663259 ) ) ;
#505 = ORIENTED_EDGE ( 'NONE', *, *, #5807, .T. ) ;
#506 = CARTESIAN_POINT ( 'NONE',  ( 0.3962719448011141621, -0.2760000000000000231, -0.01024000000000000084 ) ) ;
#507 = CARTESIAN_POINT ( 'NONE',  ( 0.4816684688103073930, 0.0000000000000000000, -0.08424999999999954747 ) ) ;
#508 = VERTEX_POINT ( 'NONE', #4868 ) ;
#509 = EDGE_CURVE ( 'NONE', #2088, #42, #4919, .T. ) ;
#510 = ORIENTED_EDGE ( 'NONE', *, *, #5275, .F. ) ;
#511 = AXIS2_PLACEMENT_3D ( 'NONE', #963, #2814, #4644 ) ;
#512 = DIRECTION ( 'NONE',  ( -0.0000000000000000000, 0.0000000000000000000, -1.000000000000000000 ) ) ;
#513 = AXIS2_PLACEMENT_3D ( 'NONE', #3646, #832, #2262 ) ;
#514 = ORIENTED_EDGE ( 'NONE', *, *, #3293, .T. ) ;
#515 = DIRECTION ( 'NONE',  ( -0.3420201433256720991, 0.0000000000000000000, 0.9396926207859070956 ) ) ;
#516 = EDGE_CURVE ( 'NONE', #3749, #637, #4749, .T. ) ;
#517 = EDGE_CURVE ( 'NONE', #5542, #2339, #4836, .T. ) ;
#518 = VERTEX_POINT ( 'NONE', #679 ) ;
#519 = ORIENTED_EDGE ( 'NONE', *, *, #4803, .F. ) ;
#520 = AXIS2_PLACEMENT_3D ( 'NONE', #4415, #733, #2120 ) ;
#521 = AXIS2_PLACEMENT_3D ( 'NONE', #2197, #4171, #3172 ) ;
#522 = DIRECTION ( 'NONE',  ( 1.000000000000000000, -0.0000000000000000000, -0.0000000000000000000 ) ) ;
#523 = AXIS2_PLACEMENT_3D ( 'NONE', #4198, #2927, #5632 ) ;
#524 = LINE ( 'NONE', #996, #3592 ) ;
#525 = FACE_BOUND ( 'NONE', #5416, .T. ) ;
#526 = ADVANCED_FACE ( 'NONE', ( #2524 ), #1584, .F. ) ;
#527 = ORIENTED_EDGE ( 'NONE', *, *, #1946, .T. ) ;
#528 = DIRECTION ( 'NONE',  ( 0.0000000000000000000, 0.0000000000000000000, 1.000000000000000000 ) ) ;
#529 = VERTEX_POINT ( 'NONE', #5681 ) ;
#530 = CARTESIAN_POINT ( 'NONE',  ( 0.7759349376206142734, -0.1531900000000000206, 2.239142365121677871E-18 ) ) ;
#531 = VECTOR ( 'NONE', #387, 39.37007874015748143 ) ;
#532 = CARTESIAN_POINT ( 'NONE',  ( 0.6379674688103074143, -0.03399999999999996775, -0.05000000000000019013 ) ) ;
#533 = FACE_OUTER_BOUND ( 'NONE', #2455, .T. ) ;
#534 = DIRECTION ( 'NONE',  ( -0.0000000000000000000, 1.000000000000000000, -0.0000000000000000000 ) ) ;
#535 = EDGE_CURVE ( 'NONE', #163, #2358, #3201, .T. ) ;
#536 = STYLED_ITEM ( 'NONE', ( #2857 ), #3049 ) ;
#537 = ORIENTED_EDGE ( 'NONE', *, *, #3919, .T. ) ;
#538 = CARTESIAN_POINT ( 'NONE',  ( 0.3796629928195006110, -0.1650000000000000078, -0.01024000000000000084 ) ) ;
#539 = CARTESIAN_POINT ( 'NONE',  ( 0.2942664688103074355, 0.0000000000000000000, -0.08424999999999957523 ) ) ;
#540 = LINE ( 'NONE', #2377, #4162 ) ;
#541 = CARTESIAN_POINT ( 'NONE',  ( 0.4759359376206147019, -0.1650000000000000078, -9.478001694819074349E-34 ) ) ;
#542 = ORIENTED_EDGE ( 'NONE', *, *, #2346, .T. ) ;
#543 = VERTEX_POINT ( 'NONE', #739 ) ;
#544 = SHAPE_REPRESENTATION_RELATIONSHIP ( 'NONE' , 'NONE' ,  #2351, #5711 ) ;
#545 = PRODUCT_DEFINITION ( 'UNKNOWN', '', #3675, #4795 ) ;
#546 = DIRECTION ( 'NONE',  ( -1.000000000000000000, 0.0000000000000000000, 4.639687489239577477E-17 ) ) ;
#547 = PLANE ( 'NONE',  #205 ) ;
#548 = LINE ( 'NONE', #5602, #3215 ) ;
#549 = ORIENTED_EDGE ( 'NONE', *, *, #5092, .T. ) ;
#550 = ORIENTED_EDGE ( 'NONE', *, *, #2371, .T. ) ;
#551 = EDGE_CURVE ( 'NONE', #4142, #5024, #2523, .T. ) ;
#552 = CARTESIAN_POINT ( 'NONE',  ( 0.3816684688103073597, -0.1531900000000000206, -0.08424999999999954747 ) ) ;
#553 = DIRECTION ( 'NONE',  ( 1.715124499442882891E-15, 3.307784318971030239E-15, -1.000000000000000000 ) ) ;
#554 = CARTESIAN_POINT ( 'NONE',  ( 0.5379674688103074365, 9.184870279381501883E-17, -0.05000000000000019013 ) ) ;
#555 = EDGE_LOOP ( 'NONE', ( #1636, #275 ) ) ;
#556 = EDGE_LOOP ( 'NONE', ( #2663, #5769, #5546, #4961, #3359 ) ) ;
#557 = LINE ( 'NONE', #5220, #4429 ) ;
#558 = EDGE_CURVE ( 'NONE', #3328, #2740, #2580, .T. ) ;
#559 = EDGE_CURVE ( 'NONE', #3742, #2968, #3891, .T. ) ;
#560 = CARTESIAN_POINT ( 'NONE',  ( 0.3942664688103074133, -0.1531900000000000206, -0.01574999999999998623 ) ) ;
#561 = FACE_BOUND ( 'NONE', #1159, .T. ) ;
#562 = PLANE ( 'NONE',  #1054 ) ;
#563 = ORIENTED_EDGE ( 'NONE', *, *, #617, .T. ) ;
#564 = EDGE_LOOP ( 'NONE', ( #1544, #3808 ) ) ;
#565 = DIRECTION ( 'NONE',  ( 1.000000000000000000, 0.0000000000000000000, -0.0000000000000000000 ) ) ;
#566 = CARTESIAN_POINT ( 'NONE',  ( 0.4816684688103073930, -0.1531900000000000206, -0.08424999999999954747 ) ) ;
#567 = DIRECTION ( 'NONE',  ( -0.3420201433256656043, 0.0000000000000000000, 0.9396926207859094271 ) ) ;
#568 = CARTESIAN_POINT ( 'NONE',  ( 0.5816684688103074263, 0.0000000000000000000, -0.08424999999999954747 ) ) ;
#569 = ORIENTED_EDGE ( 'NONE', *, *, #4727, .F. ) ;
#570 = ORIENTED_EDGE ( 'NONE', *, *, #1987, .F. ) ;
#571 = EDGE_CURVE ( 'NONE', #5818, #1526, #5323, .T. ) ;
#572 = DIRECTION ( 'NONE',  ( 0.0000000000000000000, 0.0000000000000000000, 1.000000000000000000 ) ) ;
#573 = LINE ( 'NONE', #1496, #5801 ) ;
#574 = ORIENTED_EDGE ( 'NONE', *, *, #3274, .T. ) ;
#575 = VERTEX_POINT ( 'NONE', #2075 ) ;
#576 = VECTOR ( 'NONE', #4145, 39.37007874015748143 ) ;
#577 = EDGE_LOOP ( 'NONE', ( #4260, #4990 ) ) ;
#578 = CARTESIAN_POINT ( 'NONE',  ( 0.6796629928195007109, -0.2760000000000000231, -0.01024000000000000084 ) ) ;
#579 = LINE ( 'NONE', #2418, #5605 ) ;
#580 = DIRECTION ( 'NONE',  ( -0.0000000000000000000, 1.000000000000000000, 0.0000000000000000000 ) ) ;
#581 = VERTEX_POINT ( 'NONE', #5797 ) ;
#582 = ORIENTED_EDGE ( 'NONE', *, *, #4290, .T. ) ;
#583 = ADVANCED_FACE ( 'NONE', ( #628 ), #4395, .F. ) ;
#584 = FACE_OUTER_BOUND ( 'NONE', #3495, .T. ) ;
#585 = AXIS2_PLACEMENT_3D ( 'NONE', #2112, #2543, #218 ) ;
#586 = ADVANCED_FACE ( 'NONE', ( #5202 ), #4779, .F. ) ;
#587 = LINE ( 'NONE', #2971, #4857 ) ;
#588 = CARTESIAN_POINT ( 'NONE',  ( 0.6942664688103074022, -0.2760000000000000231, -0.01574999999999998623 ) ) ;
#589 = LINE ( 'NONE', #3765, #5318 ) ;
#590 = DIRECTION ( 'NONE',  ( 1.715124499442882891E-15, 3.307784318971030633E-15, -1.000000000000000000 ) ) ;
#591 = ORIENTED_EDGE ( 'NONE', *, *, #1700, .F. ) ;
#592 = DIRECTION ( 'NONE',  ( 0.9396926207859080948, 0.0000000000000000000, -0.3420201433256694346 ) ) ;
#593 = ORIENTED_EDGE ( 'NONE', *, *, #2451, .T. ) ;
#594 = PLANE ( 'NONE',  #3562 ) ;
#595 = CARTESIAN_POINT ( 'NONE',  ( 0.5816684688103074263, -0.1531900000000000206, -0.08424999999999954747 ) ) ;
#596 = LINE ( 'NONE', #109, #3880 ) ;
#597 = CARTESIAN_POINT ( 'NONE',  ( 0.7759349376206153837, 0.0000000000000000000, -0.09999999999999974187 ) ) ;
#598 = ORIENTED_EDGE ( 'NONE', *, *, #2643, .T. ) ;
#599 = EDGE_CURVE ( 'NONE', #4791, #4144, #4921, .T. ) ;
#600 = CIRCLE ( 'NONE', #4442, 0.03740000000000053004 ) ;
#601 = DIRECTION ( 'NONE',  ( 0.0000000000000000000, 0.0000000000000000000, 1.000000000000000000 ) ) ;
#602 = ORIENTED_EDGE ( 'NONE', *, *, #2501, .F. ) ;
#603 = AXIS2_PLACEMENT_3D ( 'NONE', #5531, #3307, #2790 ) ;
#604 = CARTESIAN_POINT ( 'NONE',  ( 0.01846696881030734927, -0.03899999999999999994, -1.633714423575824830E-17 ) ) ;
#605 = VERTEX_POINT ( 'NONE', #3493 ) ;
#606 = VECTOR ( 'NONE', #1416, 39.37007874015748143 ) ;
#607 = ORIENTED_EDGE ( 'NONE', *, *, #2608, .T. ) ;
#608 = DIRECTION ( 'NONE',  ( 0.3420201433256656598, 2.017650748832921678E-16, -0.9396926207859094271 ) ) ;
#609 = DIRECTION ( 'NONE',  ( 1.000000000000000000, 0.0000000000000000000, 0.0000000000000000000 ) ) ;
#610 = CARTESIAN_POINT ( 'NONE',  ( 0.01846696881030735274, 0.0000000000000000000, 0.04599999999999997841 ) ) ;
#611 = EDGE_LOOP ( 'NONE', ( #1170, #2414, #1800, #774 ) ) ;
#612 = EDGE_CURVE ( 'NONE', #5740, #1860, #2494, .T. ) ;
#613 = VECTOR ( 'NONE', #687, 39.37007874015748143 ) ;
#614 = VERTEX_POINT ( 'NONE', #2956 ) ;
#615 = LINE ( 'NONE', #1028, #4151 ) ;
#616 = AXIS2_PLACEMENT_3D ( 'NONE', #3718, #4072, #4131 ) ;
#617 = EDGE_CURVE ( 'NONE', #4702, #4348, #3497, .T. ) ;
#618 = CARTESIAN_POINT ( 'NONE',  ( -0.01203253118969267385, -0.1650000000000000078, -0.01024000000000000084 ) ) ;
#619 = CARTESIAN_POINT ( 'NONE',  ( 0.1413881722737683755, 6.547416993191019622E-16, -0.1609118277262355234 ) ) ;
#620 = PLANE ( 'NONE',  #4050 ) ;
#621 = EDGE_LOOP ( 'NONE', ( #1439, #4864 ) ) ;
#622 = FACE_OUTER_BOUND ( 'NONE', #1317, .T. ) ;
#623 = ORIENTED_EDGE ( 'NONE', *, *, #3354, .F. ) ;
#624 = AXIS2_PLACEMENT_3D ( 'NONE', #5517, #4549, #5096 ) ;
#625 = AXIS2_PLACEMENT_3D ( 'NONE', #2817, #3661, #4614 ) ;
#626 = EDGE_CURVE ( 'NONE', #3051, #76, #690, .T. ) ;
#627 = AXIS2_PLACEMENT_3D ( 'NONE', #1646, #3554, #3498 ) ;
#628 = FACE_OUTER_BOUND ( 'NONE', #4515, .T. ) ;
#629 = CARTESIAN_POINT ( 'NONE',  ( 0.01250000000000048121, 0.0000000000000000000, 0.0000000000000000000 ) ) ;
#630 = ORIENTED_EDGE ( 'NONE', *, *, #3502, .F. ) ;
#631 = VECTOR ( 'NONE', #1094, 39.37007874015748143 ) ;
#632 = FACE_OUTER_BOUND ( 'NONE', #2077, .T. ) ;
#633 = ADVANCED_FACE ( 'NONE', ( #5767 ), #1639, .F. ) ;
#634 = VERTEX_POINT ( 'NONE', #3092 ) ;
#635 = CARTESIAN_POINT ( 'NONE',  ( 0.7796619928195007709, -0.1650000000000000078, -0.08975999999999990930 ) ) ;
#636 = ORIENTED_EDGE ( 'NONE', *, *, #4424, .F. ) ;
#637 = VERTEX_POINT ( 'NONE', #3182 ) ;
#638 = ORIENTED_EDGE ( 'NONE', *, *, #728, .T. ) ;
#639 = CARTESIAN_POINT ( 'NONE',  ( 0.1817621917845415602, -0.1650000000000000078, -0.01600750175539248504 ) ) ;
#640 = CARTESIAN_POINT ( 'NONE',  ( 0.2816684688103074374, 0.0000000000000000000, -0.08424999999999954747 ) ) ;
#641 = CARTESIAN_POINT ( 'NONE',  ( 0.2759359376206146353, -0.2760000000000000231, -9.478001694819074349E-34 ) ) ;
#642 = ORIENTED_EDGE ( 'NONE', *, *, #5701, .F. ) ;
#643 = ORIENTED_EDGE ( 'NONE', *, *, #2594, .T. ) ;
#644 = DIRECTION ( 'NONE',  ( -0.3420201433256720991, 0.0000000000000000000, 0.9396926207859070956 ) ) ;
#645 = ADVANCED_FACE ( 'NONE', ( #844 ), #4562, .F. ) ;
#646 = LINE ( 'NONE', #4323, #2074 ) ;
#647 = PLANE ( 'NONE',  #2529 ) ;
#648 = CARTESIAN_POINT ( 'NONE',  ( 0.1379674688103073310, -0.03399999999999996775, -0.05000000000000019013 ) ) ;
#649 = ORIENTED_EDGE ( 'NONE', *, *, #686, .F. ) ;
#650 = FACE_OUTER_BOUND ( 'NONE', #3565, .T. ) ;
#651 = ORIENTED_EDGE ( 'NONE', *, *, #3728, .T. ) ;
#652 = EDGE_CURVE ( 'NONE', #1877, #1461, #790, .T. ) ;
#653 = CARTESIAN_POINT ( 'NONE',  ( 0.6379674688103074143, -0.03399999999999996775, -0.05000000000000019013 ) ) ;
#654 = DIRECTION ( 'NONE',  ( 1.715124499442882891E-15, 3.307784318971030633E-15, -1.000000000000000000 ) ) ;
#655 = FACE_OUTER_BOUND ( 'NONE', #3489, .T. ) ;
#656 = ORIENTED_EDGE ( 'NONE', *, *, #5921, .T. ) ;
#657 = EDGE_CURVE ( 'NONE', #1707, #3899, #4980, .T. ) ;
#658 = DIRECTION ( 'NONE',  ( 0.9396926207859080948, 0.0000000000000000000, -0.3420201433256694346 ) ) ;
#659 = CARTESIAN_POINT ( 'NONE',  ( 0.0000000000000000000, -0.1650000000000000078, 0.0000000000000000000 ) ) ;
#660 = DIRECTION ( 'NONE',  ( -0.9396926207859072067, 0.0000000000000000000, -0.3420201433256721546 ) ) ;
#661 = EDGE_CURVE ( 'NONE', #4016, #3742, #4007, .T. ) ;
#662 = ORIENTED_EDGE ( 'NONE', *, *, #5053, .T. ) ;
#663 = DIRECTION ( 'NONE',  ( 0.0000000000000000000, 0.0000000000000000000, 1.000000000000000000 ) ) ;
#664 = CARTESIAN_POINT ( 'NONE',  ( 0.5379674688103074365, 9.184870279381501883E-17, -0.01259999999999965661 ) ) ;
#665 = DIRECTION ( 'NONE',  ( 0.0000000000000000000, 1.000000000000000000, 0.0000000000000000000 ) ) ;
#666 = VERTEX_POINT ( 'NONE', #3638 ) ;
#667 = ORIENTED_EDGE ( 'NONE', *, *, #3254, .T. ) ;
#668 = CARTESIAN_POINT ( 'NONE',  ( 0.0000000000000000000, 0.0000000000000000000, 0.0000000000000000000 ) ) ;
#669 = EDGE_CURVE ( 'NONE', #4609, #1989, #3124, .T. ) ;
#670 = AXIS2_PLACEMENT_3D ( 'NONE', #5081, #5923, #3676 ) ;
#671 = LINE ( 'NONE', #4706, #243 ) ;
#672 = LINE ( 'NONE', #4386, #5601 ) ;
#673 = PLANE ( 'NONE',  #2115 ) ;
#674 = ORIENTED_EDGE ( 'NONE', *, *, #3048, .F. ) ;
#675 = DIRECTION ( 'NONE',  ( -0.0000000000000000000, 1.000000000000000000, -0.0000000000000000000 ) ) ;
#676 = ORIENTED_EDGE ( 'NONE', *, *, #5544, .T. ) ;
#677 = ORIENTED_EDGE ( 'NONE', *, *, #4794, .F. ) ;
#678 = CIRCLE ( 'NONE', #2122, 0.03155000000000051513 ) ;
#679 = CARTESIAN_POINT ( 'NONE',  ( 0.5379674688103074365, -0.1531900000000000206, -0.01844999999999967846 ) ) ;
#680 = DIRECTION ( 'NONE',  ( 1.000000000000000000, 0.0000000000000000000, -0.0000000000000000000 ) ) ;
#681 = ORIENTED_EDGE ( 'NONE', *, *, #5254, .T. ) ;
#682 = VECTOR ( 'NONE', #4207, 39.37007874015748143 ) ;
#683 = CIRCLE ( 'NONE', #3387, 0.03740000000000053698 ) ;
#684 = CARTESIAN_POINT ( 'NONE',  ( 0.5999990000000001711, -0.2760000000000000231, -0.09999999999999989453 ) ) ;
#685 = DIRECTION ( 'NONE',  ( 0.9396926207858999902, -0.0000000000000000000, 0.3420201433256919721 ) ) ;
#686 = EDGE_CURVE ( 'NONE', #2139, #5663, #5012, .T. ) ;
#687 = DIRECTION ( 'NONE',  ( 0.0000000000000000000, 1.000000000000000000, 0.0000000000000000000 ) ) ;
#688 = EDGE_LOOP ( 'NONE', ( #1657, #2158, #5317, #3522 ) ) ;
#689 = VECTOR ( 'NONE', #2558, 39.37007874015748143 ) ;
#690 = CIRCLE ( 'NONE', #3012, 0.03740000000000053004 ) ;
#691 = ORIENTED_EDGE ( 'NONE', *, *, #828, .T. ) ;
#692 = EDGE_CURVE ( 'NONE', #2683, #5074, #1214, .T. ) ;
#693 = ADVANCED_FACE ( 'NONE', ( #5919 ), #408, .F. ) ;
#694 = DIRECTION ( 'NONE',  ( 0.3420201433256720991, 2.017650748832916747E-16, -0.9396926207859070956 ) ) ;
#695 = DIRECTION ( 'NONE',  ( -0.0000000000000000000, 1.000000000000000000, -0.0000000000000000000 ) ) ;
#696 = VERTEX_POINT ( 'NONE', #441 ) ;
#697 = ORIENTED_EDGE ( 'NONE', *, *, #4420, .T. ) ;
#698 = VECTOR ( 'NONE', #3731, 39.37007874015748143 ) ;
#699 = CARTESIAN_POINT ( 'NONE',  ( 0.1413881722737679036, -2.615145570358764487E-16, 0.1160881722737653748 ) ) ;
#700 = EDGE_CURVE ( 'NONE', #1714, #4546, #5791, .T. ) ;
#701 = VECTOR ( 'NONE', #2445, 39.37007874015748854 ) ;
#702 = LINE ( 'NONE', #619, #1741 ) ;
#703 = LINE ( 'NONE', #5759, #2513 ) ;
#704 = ORIENTED_EDGE ( 'NONE', *, *, #4783, .T. ) ;
#705 = DIRECTION ( 'NONE',  ( 0.0000000000000000000, -1.000000000000000000, 0.0000000000000000000 ) ) ;
#706 = ORIENTED_EDGE ( 'NONE', *, *, #89, .T. ) ;
#707 = ORIENTED_EDGE ( 'NONE', *, *, #3872, .F. ) ;
#708 = VECTOR ( 'NONE', #1748, 39.37007874015748143 ) ;
#709 = PLANE ( 'NONE',  #2644 ) ;
#710 = DIRECTION ( 'NONE',  ( -0.0000000000000000000, 1.000000000000000000, -0.0000000000000000000 ) ) ;
#711 = LINE ( 'NONE', #2979, #4188 ) ;
#712 = AXIS2_PLACEMENT_3D ( 'NONE', #331, #1702, #4986 ) ;
#713 = VECTOR ( 'NONE', #5388, 39.37007874015748143 ) ;
#714 = ORIENTED_EDGE ( 'NONE', *, *, #1864, .F. ) ;
#715 = VECTOR ( 'NONE', #1855, 39.37007874015748143 ) ;
#716 =( GEOMETRIC_REPRESENTATION_CONTEXT ( 3 ) GLOBAL_UNCERTAINTY_ASSIGNED_CONTEXT ( ( #5702 ) ) GLOBAL_UNIT_ASSIGNED_CONTEXT ( ( #2467, #3920, #2887 ) ) REPRESENTATION_CONTEXT ( 'NONE', 'WORKASPACE' ) );
#717 = FACE_OUTER_BOUND ( 'NONE', #2266, .T. ) ;
#718 = CARTESIAN_POINT ( 'NONE',  ( 0.7379674688103073921, -0.03399999999999996775, -0.05000000000000019013 ) ) ;
#719 = ORIENTED_EDGE ( 'NONE', *, *, #2982, .F. ) ;
#720 = VECTOR ( 'NONE', #1572, 39.37007874015748143 ) ;
#721 = EDGE_CURVE ( 'NONE', #2431, #2272, #4094, .T. ) ;
#722 = ORIENTED_EDGE ( 'NONE', *, *, #3729, .T. ) ;
#723 = DIRECTION ( 'NONE',  ( 2.731847993664318833E-15, 1.000000000000000000, 3.414809992080398541E-15 ) ) ;
#724 = DIRECTION ( 'NONE',  ( -0.9396926207859093161, 0.0000000000000000000, 0.3420201433256664925 ) ) ;
#725 = ORIENTED_EDGE ( 'NONE', *, *, #3737, .T. ) ;
#726 = ORIENTED_EDGE ( 'NONE', *, *, #2652, .F. ) ;
#727 =( CONVERSION_BASED_UNIT ( 'INCH', #3026 ) LENGTH_UNIT ( ) NAMED_UNIT ( #4871 ) );
#728 = EDGE_CURVE ( 'NONE', #744, #1680, #2277, .T. ) ;
#729 = DIRECTION ( 'NONE',  ( -0.0000000000000000000, 1.000000000000000000, -0.0000000000000000000 ) ) ;
#730 = DIRECTION ( 'NONE',  ( 0.0000000000000000000, 1.000000000000000000, 0.0000000000000000000 ) ) ;
#731 = CARTESIAN_POINT ( 'NONE',  ( -0.005732531189691705831, -0.1650000000000000078, -0.08425000000000165690 ) ) ;
#732 = ORIENTED_EDGE ( 'NONE', *, *, #3057, .F. ) ;
#733 = DIRECTION ( 'NONE',  ( 0.9396926207859080948, 0.0000000000000000000, -0.3420201433256694346 ) ) ;
#734 = VERTEX_POINT ( 'NONE', #3610 ) ;
#735 = ORIENTED_EDGE ( 'NONE', *, *, #2355, .T. ) ;
#736 = ADVANCED_FACE ( 'NONE', ( #5947 ), #2154, .F. ) ;
#737 = EDGE_CURVE ( 'NONE', #3054, #2840, #4890, .T. ) ;
#738 = CARTESIAN_POINT ( 'NONE',  ( 0.1773881722737659650, -6.363951292375611391E-16, 0.1920881722737668995 ) ) ;
#739 = CARTESIAN_POINT ( 'NONE',  ( 0.1962719448011142620, -0.1650000000000000078, -0.08975999999999990930 ) ) ;
#740 = DIRECTION ( 'NONE',  ( -0.0000000000000000000, 1.000000000000000000, -0.0000000000000000000 ) ) ;
#741 = ORIENTED_EDGE ( 'NONE', *, *, #3087, .F. ) ;
#742 = DIRECTION ( 'NONE',  ( -1.000000000000000000, -2.910014281297124994E-31, 1.355298456929802892E-15 ) ) ;
#743 = DIRECTION ( 'NONE',  ( -1.000000000000000000, 3.430248998885771698E-15, -1.633880378985904088E-15 ) ) ;
#744 = VERTEX_POINT ( 'NONE', #1237 ) ;
#745 = ADVANCED_FACE ( 'NONE', ( #820 ), #2668, .F. ) ;
#746 = DIRECTION ( 'NONE',  ( 0.7071067811865476838, 0.0000000000000000000, 0.7071067811865473507 ) ) ;
#747 = EDGE_LOOP ( 'NONE', ( #5181, #3918, #4177, #2167, #457, #4829 ) ) ;
#748 = DIRECTION ( 'NONE',  ( 0.0000000000000000000, 1.000000000000000000, 0.0000000000000000000 ) ) ;
#749 = CARTESIAN_POINT ( 'NONE',  ( 0.1773881722737665756, 5.312527353592203413E-16, -0.1609118277262354679 ) ) ;
#750 = EDGE_LOOP ( 'NONE', ( #1999, #3076, #4265, #4228, #4194, #2992 ) ) ;
#751 = ORIENTED_EDGE ( 'NONE', *, *, #4605, .T. ) ;
#752 = CARTESIAN_POINT ( 'NONE',  ( 0.4379674688103074032, 0.0000000000000000000, -0.05000000000000019013 ) ) ;
#753 = DIRECTION ( 'NONE',  ( 0.3420201433256639389, 0.0000000000000000000, -0.9396926207859100932 ) ) ;
#754 = DIRECTION ( 'NONE',  ( -0.0000000000000000000, 1.000000000000000000, -0.0000000000000000000 ) ) ;
#755 = VERTEX_POINT ( 'NONE', #379 ) ;
#756 = DIRECTION ( 'NONE',  ( 1.715124499442882891E-15, 3.307784318971031027E-15, -1.000000000000000000 ) ) ;
#757 = ORIENTED_EDGE ( 'NONE', *, *, #5917, .F. ) ;
#758 = ADVANCED_FACE ( 'NONE', ( #2208 ), #4060, .T. ) ;
#759 = AXIS2_PLACEMENT_3D ( 'NONE', #2763, #5409, #474 ) ;
#760 = DIRECTION ( 'NONE',  ( -0.0000000000000000000, 1.000000000000000000, -0.0000000000000000000 ) ) ;
#761 = DIRECTION ( 'NONE',  ( -0.3420201433256639389, 0.0000000000000000000, 0.9396926207859100932 ) ) ;
#762 = EDGE_CURVE ( 'NONE', #1140, #1694, #5136, .T. ) ;
#763 = ORIENTED_EDGE ( 'NONE', *, *, #2643, .F. ) ;
#764 = VECTOR ( 'NONE', #1329, 39.37007874015748143 ) ;
#765 = DIRECTION ( 'NONE',  ( 0.3420201433256662704, 0.0000000000000000000, 0.9396926207859092051 ) ) ;
#766 = VECTOR ( 'NONE', #67, 39.37007874015748143 ) ;
#767 = LINE ( 'NONE', #1193, #4064 ) ;
#768 = CARTESIAN_POINT ( 'NONE',  ( 0.09426646881030741054, -0.1531900000000000206, -0.01574999999999998623 ) ) ;
#769 = EDGE_CURVE ( 'NONE', #3651, #5512, #5560, .T. ) ;
#770 = PRODUCT_DEFINITION_FORMATION_WITH_SPECIFIED_SOURCE ( 'ANY', '', #2659, .NOT_KNOWN. ) ;
#771 = DIRECTION ( 'NONE',  ( 1.715124499442882891E-15, 3.307784318971030633E-15, -1.000000000000000000 ) ) ;
#772 = ORIENTED_EDGE ( 'NONE', *, *, #3410, .T. ) ;
#773 = CARTESIAN_POINT ( 'NONE',  ( 0.3379674688103073699, -0.1531900000000000206, -0.01844999999999967846 ) ) ;
#774 = ORIENTED_EDGE ( 'NONE', *, *, #1832, .F. ) ;
#775 = CARTESIAN_POINT ( 'NONE',  ( 0.1773881722737661037, -3.850035209957580203E-16, 0.1160881722737654442 ) ) ;
#776 = ORIENTED_EDGE ( 'NONE', *, *, #5097, .F. ) ;
#777 = ORIENTED_EDGE ( 'NONE', *, *, #612, .T. ) ;
#778 = VECTOR ( 'NONE', #4121, 39.37007874015748143 ) ;
#779 = DIRECTION ( 'NONE',  ( -0.0000000000000000000, 1.000000000000000000, -0.0000000000000000000 ) ) ;
#780 = EDGE_CURVE ( 'NONE', #1461, #270, #101, .T. ) ;
#781 = LINE ( 'NONE', #2686, #2822 ) ;
#782 = LINE ( 'NONE', #2549, #395 ) ;
#783 = ORIENTED_EDGE ( 'NONE', *, *, #1227, .F. ) ;
#784 = CIRCLE ( 'NONE', #2336, 0.02776794919242787929 ) ;
#785 = DIRECTION ( 'NONE',  ( -1.000000000000000000, 3.430248998885770514E-15, -1.897116662266944614E-15 ) ) ;
#786 = EDGE_LOOP ( 'NONE', ( #5261, #157, #3885, #967 ) ) ;
#787 = EDGE_CURVE ( 'NONE', #2421, #3185, #2880, .T. ) ;
#788 = VECTOR ( 'NONE', #748, 39.37007874015748143 ) ;
#789 = LINE ( 'NONE', #4444, #2557 ) ;
#790 = LINE ( 'NONE', #2242, #1363 ) ;
#791 = DIRECTION ( 'NONE',  ( -1.000000000000000000, 3.430248998885772487E-15, -2.239219666938031849E-15 ) ) ;
#792 = ORIENTED_EDGE ( 'NONE', *, *, #3466, .T. ) ;
#793 = AXIS2_PLACEMENT_3D ( 'NONE', #5661, #3295, #2356 ) ;
#794 = EDGE_CURVE ( 'NONE', #5342, #2980, #589, .T. ) ;
#795 = AXIS2_PLACEMENT_3D ( 'NONE', #5427, #4519, #865 ) ;
#796 = PLANE ( 'NONE',  #1004 ) ;
#797 = AXIS2_PLACEMENT_3D ( 'NONE', #1488, #705, #1977 ) ;
#798 = DIRECTION ( 'NONE',  ( 0.0000000000000000000, 0.0000000000000000000, 1.000000000000000000 ) ) ;
#799 = LINE ( 'NONE', #3620, #2640 ) ;
#800 = LINE ( 'NONE', #26, #2830 ) ;
#801 = ORIENTED_EDGE ( 'NONE', *, *, #3064, .T. ) ;
#802 = VECTOR ( 'NONE', #476, 39.37007874015748143 ) ;
#803 = CIRCLE ( 'NONE', #1582, 0.02089999999999871128 ) ;
#804 = ADVANCED_FACE ( 'NONE', ( #3670 ), #5585, .T. ) ;
#805 = DIRECTION ( 'NONE',  ( 0.0000000000000000000, -0.0000000000000000000, 1.000000000000000000 ) ) ;
#806 = VERTEX_POINT ( 'NONE', #1424 ) ;
#807 = AXIS2_PLACEMENT_3D ( 'NONE', #79, #5018, #883 ) ;
#808 = DIRECTION ( 'NONE',  ( -1.000000000000000000, -2.910014281297124994E-31, 1.355298456929802892E-15 ) ) ;
#809 = ORIENTED_EDGE ( 'NONE', *, *, #1944, .T. ) ;
#810 = ORIENTED_EDGE ( 'NONE', *, *, #2023, .F. ) ;
#811 = EDGE_CURVE ( 'NONE', #113, #4546, #49, .T. ) ;
#812 = AXIS2_PLACEMENT_3D ( 'NONE', #3152, #5011, #3250 ) ;
#813 = DIRECTION ( 'NONE',  ( 0.3420201433256664370, -0.0000000000000000000, 0.9396926207859092051 ) ) ;
#814 = FACE_OUTER_BOUND ( 'NONE', #304, .T. ) ;
#815 = LINE ( 'NONE', #2146, #3779 ) ;
#816 = VERTEX_POINT ( 'NONE', #4707 ) ;
#817 = LINE ( 'NONE', #5878, #708 ) ;
#818 = EDGE_LOOP ( 'NONE', ( #1933, #563, #1668, #3287 ) ) ;
#819 = ADVANCED_FACE ( 'NONE', ( #533, #2303, #5166, #561, #2397, #4621, #1452, #2425, #1937 ), #4270, .F. ) ;
#820 = FACE_OUTER_BOUND ( 'NONE', #5603, .T. ) ;
#821 = CARTESIAN_POINT ( 'NONE',  ( 0.3759359376206146686, -0.1650000000000000078, -0.09999999999999989453 ) ) ;
#822 = VERTEX_POINT ( 'NONE', #1364 ) ;
#823 = CYLINDRICAL_SURFACE ( 'NONE', #1236, 0.03740000000000053004 ) ;
#824 = CARTESIAN_POINT ( 'NONE',  ( 0.3999990000000001600, -0.2760000000000000231, -0.09999999999999989453 ) ) ;
#825 = CARTESIAN_POINT ( 'NONE',  ( 0.3695174688103078364, -0.03399999999999996775, -0.05000000000000019013 ) ) ;
#826 = CARTESIAN_POINT ( 'NONE',  ( 0.7759349376206153837, -0.1650000000000000078, -0.09999999999999974187 ) ) ;
#827 = DIRECTION ( 'NONE',  ( 1.355298456929802892E-15, 0.0000000000000000000, 1.000000000000000000 ) ) ;
#828 = EDGE_CURVE ( 'NONE', #634, #4439, #5497, .T. ) ;
#829 = ORIENTED_EDGE ( 'NONE', *, *, #3979, .F. ) ;
#830 = CARTESIAN_POINT ( 'NONE',  ( 0.1473881722737666877, -2.820960510291868967E-16, 0.1160881722737653748 ) ) ;
#831 = EDGE_LOOP ( 'NONE', ( #957, #1918, #3456, #5738 ) ) ;
#832 = DIRECTION ( 'NONE',  ( -0.0000000000000000000, 1.000000000000000000, -0.0000000000000000000 ) ) ;
#833 = EDGE_CURVE ( 'NONE', #434, #2202, #2337, .T. ) ;
#834 = ORIENTED_EDGE ( 'NONE', *, *, #1602, .F. ) ;
#835 = ORIENTED_EDGE ( 'NONE', *, *, #1547, .F. ) ;
#836 = DIRECTION ( 'NONE',  ( -0.0000000000000000000, 1.000000000000000000, -0.0000000000000000000 ) ) ;
#837 = PLANE ( 'NONE',  #5700 ) ;
#838 = CARTESIAN_POINT ( 'NONE',  ( 0.7574669688103072840, -0.03899999999999999994, -2.111326675243292448E-17 ) ) ;
#839 = ORIENTED_EDGE ( 'NONE', *, *, #4278, .F. ) ;
#840 = DIRECTION ( 'NONE',  ( 0.3420201433256720991, 0.0000000000000000000, -0.9396926207859070956 ) ) ;
#841 = ORIENTED_EDGE ( 'NONE', *, *, #2478, .F. ) ;
#842 = CARTESIAN_POINT ( 'NONE',  ( 0.7379674688103073921, -0.03399999999999996775, -0.08155000000000069138 ) ) ;
#843 = CARTESIAN_POINT ( 'NONE',  ( 0.7879674688103074365, 0.0000000000000000000, -0.01574999999999984746 ) ) ;
#844 = FACE_OUTER_BOUND ( 'NONE', #3055, .T. ) ;
#845 = FACE_OUTER_BOUND ( 'NONE', #256, .T. ) ;
#846 = ORIENTED_EDGE ( 'NONE', *, *, #4908, .F. ) ;
#847 = CIRCLE ( 'NONE', #3180, 0.03155000000000051513 ) ;
#848 = CARTESIAN_POINT ( 'NONE',  ( 0.7534669688103072804, -0.03899999999999999994, 0.04999999999999996808 ) ) ;
#849 = CARTESIAN_POINT ( 'NONE',  ( 0.5942664688103074244, 0.0000000000000000000, -0.01574999999999998623 ) ) ;
#850 = CARTESIAN_POINT ( 'NONE',  ( 0.3999990000000001600, 0.0000000000000000000, -0.09999999999999989453 ) ) ;
#851 = LINE ( 'NONE', #2706, #1373 ) ;
#852 = DIRECTION ( 'NONE',  ( -0.0000000000000000000, 1.000000000000000000, -0.0000000000000000000 ) ) ;
#853 = EDGE_LOOP ( 'NONE', ( #676, #2096 ) ) ;
#854 = AXIS2_PLACEMENT_3D ( 'NONE', #480, #984, #2318 ) ;
#855 = DIRECTION ( 'NONE',  ( 0.0000000000000000000, -0.0000000000000000000, 1.000000000000000000 ) ) ;
#856 = AXIS2_PLACEMENT_3D ( 'NONE', #5886, #3611, #4954 ) ;
#857 = EDGE_CURVE ( 'NONE', #4969, #3349, #3740, .T. ) ;
#858 = DIRECTION ( 'NONE',  ( 0.2588190451025637606, 2.338956722646766236E-15, -0.9659258262890566549 ) ) ;
#859 = ORIENTED_EDGE ( 'NONE', *, *, #5772, .T. ) ;
#860 = CARTESIAN_POINT ( 'NONE',  ( 0.1773881722737659650, -6.363951292375611391E-16, 0.1920881722737668995 ) ) ;
#861 = ORIENTED_EDGE ( 'NONE', *, *, #4413, .T. ) ;
#862 = ORIENTED_EDGE ( 'NONE', *, *, #3503, .F. ) ;
#863 = ADVANCED_FACE ( 'NONE', ( #913 ), #3707, .T. ) ;
#864 = VECTOR ( 'NONE', #2049, 39.37007874015748143 ) ;
#865 = DIRECTION ( 'NONE',  ( -1.000000000000000000, 0.0000000000000000000, -0.0000000000000000000 ) ) ;
#866 = FACE_BOUND ( 'NONE', #564, .T. ) ;
#867 = CARTESIAN_POINT ( 'NONE',  ( 0.09627194480111425645, -0.2760000000000000231, -0.08975999999999990930 ) ) ;
#868 = ORIENTED_EDGE ( 'NONE', *, *, #3538, .F. ) ;
#869 = CARTESIAN_POINT ( 'NONE',  ( -0.01203253118969267385, -0.1650000000000000078, -0.08975999999999990930 ) ) ;
#870 = EDGE_LOOP ( 'NONE', ( #5662, #1932, #1224, #2570 ) ) ;
#871 = DIRECTION ( 'NONE',  ( 0.3420201433256720991, 2.017650748832916747E-16, -0.9396926207859070956 ) ) ;
#872 = VECTOR ( 'NONE', #2673, 39.37007874015748143 ) ;
#873 = ADVANCED_FACE ( 'NONE', ( #4152 ), #498, .T. ) ;
#874 = ORIENTED_EDGE ( 'NONE', *, *, #5719, .T. ) ;
#875 = CARTESIAN_POINT ( 'NONE',  ( 0.3999990000000001600, -0.1650000000000000078, -0.09999999999999989453 ) ) ;
#876 = AXIS2_PLACEMENT_3D ( 'NONE', #4476, #2728, #1328 ) ;
#877 = CARTESIAN_POINT ( 'NONE',  ( 0.5816684688103074263, -0.1531900000000000206, -0.01574999999999998623 ) ) ;
#878 = CARTESIAN_POINT ( 'NONE',  ( 0.1379674688103073310, -0.1531900000000000206, -0.05000000000000019013 ) ) ;
#879 = ORIENTED_EDGE ( 'NONE', *, *, #3466, .F. ) ;
#880 = VECTOR ( 'NONE', #313, 39.37007874015748143 ) ;
#881 = EDGE_CURVE ( 'NONE', #4034, #2139, #971, .T. ) ;
#882 = FACE_OUTER_BOUND ( 'NONE', #4381, .T. ) ;
#883 = DIRECTION ( 'NONE',  ( -1.000000000000000000, 3.430248998885772487E-15, -1.229766724368511581E-15 ) ) ;
#884 = LINE ( 'NONE', #414, #1359 ) ;
#885 = DIRECTION ( 'NONE',  ( 0.3420201433256639389, 0.0000000000000000000, -0.9396926207859100932 ) ) ;
#886 = VECTOR ( 'NONE', #2769, 39.37007874015748143 ) ;
#887 = CARTESIAN_POINT ( 'NONE',  ( 0.1759359376206146575, -0.2760000000000000231, -0.09999999999999989453 ) ) ;
#888 = PLANE ( 'NONE',  #2347 ) ;
#889 = ORIENTED_EDGE ( 'NONE', *, *, #152, .T. ) ;
#890 = PRESENTATION_STYLE_ASSIGNMENT (( #2833 ) ) ;
#891 = CONICAL_SURFACE ( 'NONE', #2152, 0.02949999999999814229, 0.2617993877991922624 ) ;
#892 = DIRECTION ( 'NONE',  ( -0.0000000000000000000, 1.000000000000000000, -0.0000000000000000000 ) ) ;
#893 = ORIENTED_EDGE ( 'NONE', *, *, #3102, .F. ) ;
#894 = PLANE ( 'NONE',  #3702 ) ;
#895 = VECTOR ( 'NONE', #836, 39.37007874015748143 ) ;
#896 = VERTEX_POINT ( 'NONE', #74 ) ;
#897 = VECTOR ( 'NONE', #4755, 39.37007874015748143 ) ;
#898 = ORIENTED_EDGE ( 'NONE', *, *, #1528, .F. ) ;
#899 = EDGE_CURVE ( 'NONE', #3382, #4885, #5735, .T. ) ;
#900 = VECTOR ( 'NONE', #3371, 39.37007874015748143 ) ;
#901 = CARTESIAN_POINT ( 'NONE',  ( 0.3816684688103073597, -0.2760000000000000231, -0.01574999999999998623 ) ) ;
#902 = CARTESIAN_POINT ( 'NONE',  ( 0.2379674688103073643, 0.0000000000000000000, -0.01844999999999967846 ) ) ;
#903 = PLANE ( 'NONE',  #1929 ) ;
#904 = ORIENTED_EDGE ( 'NONE', *, *, #4362, .F. ) ;
#905 = FACE_OUTER_BOUND ( 'NONE', #3155, .T. ) ;
#906 = ORIENTED_EDGE ( 'NONE', *, *, #411, .T. ) ;
#907 = EDGE_CURVE ( 'NONE', #4531, #69, #3939, .T. ) ;
#908 = LINE ( 'NONE', #2238, #192 ) ;
#909 = EDGE_CURVE ( 'NONE', #2431, #5499, #2065, .T. ) ;
#910 = AXIS2_PLACEMENT_3D ( 'NONE', #3795, #2486, #1483 ) ;
#911 = EDGE_LOOP ( 'NONE', ( #3971, #2635, #1950, #5643 ) ) ;
#912 = PLANE ( 'NONE',  #4475 ) ;
#913 = FACE_OUTER_BOUND ( 'NONE', #5365, .T. ) ;
#914 = DIRECTION ( 'NONE',  ( 1.000000000000000000, 0.0000000000000000000, 0.0000000000000000000 ) ) ;
#915 = ORIENTED_EDGE ( 'NONE', *, *, #1895, .T. ) ;
#916 = CARTESIAN_POINT ( 'NONE',  ( 0.4942664688103074466, -0.2760000000000000231, -0.01574999999999998623 ) ) ;
#917 = DIRECTION ( 'NONE',  ( 0.3420201433256662704, -0.0000000000000000000, 0.9396926207859092051 ) ) ;
#918 = DIRECTION ( 'NONE',  ( 1.980403796674357815E-16, 0.0000000000000000000, -1.000000000000000000 ) ) ;
#919 = CARTESIAN_POINT ( 'NONE',  ( -0.01203253118969267385, -0.1650000000000000078, -0.08975999999999990930 ) ) ;
#920 = CARTESIAN_POINT ( 'NONE',  ( -0.005732531189691705831, -0.1650000000000000078, -0.08425000000000165690 ) ) ;
#921 = CARTESIAN_POINT ( 'NONE',  ( 0.2133881722737643039, -5.834705801340147346E-16, 0.1160881722737655136 ) ) ;
#922 = VERTEX_POINT ( 'NONE', #224 ) ;
#923 = DIRECTION ( 'NONE',  ( 0.0000000000000000000, 0.0000000000000000000, 1.000000000000000000 ) ) ;
#924 = DIRECTION ( 'NONE',  ( 0.0000000000000000000, 0.0000000000000000000, -1.000000000000000000 ) ) ;
#925 = ORIENTED_EDGE ( 'NONE', *, *, #2053, .F. ) ;
#926 = DIRECTION ( 'NONE',  ( -0.3420201433256662704, 2.017650748832921185E-16, -0.9396926207859092051 ) ) ;
#927 = ORIENTED_EDGE ( 'NONE', *, *, #2594, .F. ) ;
#928 = ORIENTED_EDGE ( 'NONE', *, *, #2371, .F. ) ;
#929 = CARTESIAN_POINT ( 'NONE',  ( 0.05346696881030734566, 0.0000000000000000000, 0.04999999999999996808 ) ) ;
#930 = CARTESIAN_POINT ( 'NONE',  ( 0.1816684688103074041, 0.0000000000000000000, -0.08424999999999954747 ) ) ;
#931 = FACE_OUTER_BOUND ( 'NONE', #3096, .T. ) ;
#932 = EDGE_LOOP ( 'NONE', ( #510, #2818, #2332, #4316 ) ) ;
#933 = DIRECTION ( 'NONE',  ( -1.000000000000000000, 0.0000000000000000000, -1.980403796674357815E-16 ) ) ;
#934 = ORIENTED_EDGE ( 'NONE', *, *, #2340, .T. ) ;
#935 = FACE_OUTER_BOUND ( 'NONE', #2785, .T. ) ;
#937 = VERTEX_POINT ( 'NONE', #1604 ) ;
#936 = EDGE_CURVE ( 'NONE', #5372, #2339, #3911, .T. ) ;
#938 = CARTESIAN_POINT ( 'NONE',  ( 0.0000000000000000000, -0.1650000000000000078, 0.0000000000000000000 ) ) ;
#939 = DIRECTION ( 'NONE',  ( 0.0000000000000000000, 1.000000000000000000, 0.0000000000000000000 ) ) ;
#940 = CARTESIAN_POINT ( 'NONE',  ( 0.2133881722737642206, -5.834705801340147346E-16, 0.1640881722737655146 ) ) ;
#941 = EDGE_CURVE ( 'NONE', #3962, #2901, #4770, .T. ) ;
#942 = ORIENTED_EDGE ( 'NONE', *, *, #5345, .F. ) ;
#943 = DIRECTION ( 'NONE',  ( -1.000000000000000000, -0.0000000000000000000, -0.0000000000000000000 ) ) ;
#944 = EDGE_CURVE ( 'NONE', #3697, #5138, #5284, .T. ) ;
#945 = FACE_OUTER_BOUND ( 'NONE', #1427, .T. ) ;
#946 = EDGE_CURVE ( 'NONE', #2874, #3553, #4074, .T. ) ;
#947 = DIRECTION ( 'NONE',  ( -0.0000000000000000000, 1.000000000000000000, -0.0000000000000000000 ) ) ;
#948 = CARTESIAN_POINT ( 'NONE',  ( 0.7224669688103072529, -0.03899999999999999994, 0.04999999999999998196 ) ) ;
#949 = EDGE_LOOP ( 'NONE', ( #7, #229, #4063, #3588, #3451, #1180 ) ) ;
#950 = ORIENTED_EDGE ( 'NONE', *, *, #5338, .T. ) ;
#951 = AXIS2_PLACEMENT_3D ( 'NONE', #1458, #2856, #5653 ) ;
#952 = EDGE_CURVE ( 'NONE', #2413, #4123, #3855, .T. ) ;
#953 = CARTESIAN_POINT ( 'NONE',  ( 0.5999990000000001711, -0.1650000000000000078, 0.0000000000000000000 ) ) ;
#954 = AXIS2_PLACEMENT_3D ( 'NONE', #4736, #3304, #130 ) ;
#955 = DIRECTION ( 'NONE',  ( -1.000000000000000000, 0.0000000000000000000, -0.0000000000000000000 ) ) ;
#956 = ORIENTED_EDGE ( 'NONE', *, *, #1617, .T. ) ;
#957 = ORIENTED_EDGE ( 'NONE', *, *, #2083, .F. ) ;
#958 = VECTOR ( 'NONE', #3829, 39.37007874015748143 ) ;
#959 =( GEOMETRIC_REPRESENTATION_CONTEXT ( 3 ) GLOBAL_UNCERTAINTY_ASSIGNED_CONTEXT ( ( #2757 ) ) GLOBAL_UNIT_ASSIGNED_CONTEXT ( ( #1588, #236, #2926 ) ) REPRESENTATION_CONTEXT ( 'NONE', 'WORKASPACE' ) );
#960 = EDGE_CURVE ( 'NONE', #4348, #3507, #702, .T. ) ;
#961 = CARTESIAN_POINT ( 'NONE',  ( 0.1773881722737657984, -1.006866972962309254E-15, 0.3040881722737646120 ) ) ;
#962 = AXIS2_PLACEMENT_3D ( 'NONE', #2025, #1477, #3790 ) ;
#963 = CARTESIAN_POINT ( 'NONE',  ( 0.2695174688103078586, -0.03399999999999996775, -0.05000000000000019013 ) ) ;
#964 = DIRECTION ( 'NONE',  ( 0.0000000000000000000, -0.0000000000000000000, -1.000000000000000000 ) ) ;
#965 = ORIENTED_EDGE ( 'NONE', *, *, #4850, .F. ) ;
#966 = CARTESIAN_POINT ( 'NONE',  ( 0.2379674688103073643, -0.1531900000000000206, -0.05000000000000019013 ) ) ;
#967 = ORIENTED_EDGE ( 'NONE', *, *, #2438, .T. ) ;
#968 = LINE ( 'NONE', #5493, #5862 ) ;
#969 = VECTOR ( 'NONE', #4756, 39.37007874015748143 ) ;
#970 = DIRECTION ( 'NONE',  ( -0.0000000000000000000, 1.000000000000000000, -0.0000000000000000000 ) ) ;
#971 = LINE ( 'NONE', #2823, #3590 ) ;
#972 = LINE ( 'NONE', #3219, #4719 ) ;
#973 = EDGE_LOOP ( 'NONE', ( #3604, #1500, #1330, #2976 ) ) ;
#974 = VECTOR ( 'NONE', #5145, 39.37007874015748143 ) ;
#975 = EDGE_CURVE ( 'NONE', #1046, #4456, #3429, .T. ) ;
#976 = VECTOR ( 'NONE', #730, 39.37007874015748143 ) ;
#977 = DIRECTION ( 'NONE',  ( -0.0000000000000000000, 1.000000000000000000, -0.0000000000000000000 ) ) ;
#978 = CARTESIAN_POINT ( 'NONE',  ( 0.03796746881030733239, -0.1531900000000000206, -0.05000000000000019013 ) ) ;
#979 = CARTESIAN_POINT ( 'NONE',  ( -0.01203253118969267385, -0.1531900000000000206, -0.08975999999999990930 ) ) ;
#980 = DIRECTION ( 'NONE',  ( 1.000000000000000000, 0.0000000000000000000, -1.355298456929802892E-15 ) ) ;
#981 = EDGE_LOOP ( 'NONE', ( #3425, #2520, #846, #5183, #2330, #2349 ) ) ;
#982 = ORIENTED_EDGE ( 'NONE', *, *, #5034, .F. ) ;
#983 = VECTOR ( 'NONE', #1996, 39.37007874015748143 ) ;
#984 = DIRECTION ( 'NONE',  ( 3.307784318971019195E-15, -1.000000000000000000, -1.715124499442920756E-15 ) ) ;
#985 = ADVANCED_FACE ( 'NONE', ( #2034, #3883 ), #647, .F. ) ;
#986 = VECTOR ( 'NONE', #926, 39.37007874015748854 ) ;
#987 = CARTESIAN_POINT ( 'NONE',  ( 0.7759349376206153837, -0.1650000000000000078, -0.09999999999999974187 ) ) ;
#988 = DIRECTION ( 'NONE',  ( 1.715124499442882891E-15, 3.307784318971030239E-15, -1.000000000000000000 ) ) ;
#989 = EDGE_LOOP ( 'NONE', ( #3259, #3916 ) ) ;
#990 = ORIENTED_EDGE ( 'NONE', *, *, #1129, .T. ) ;
#991 = EDGE_CURVE ( 'NONE', #755, #5249, #2548, .T. ) ;
#992 = AXIS2_PLACEMENT_3D ( 'NONE', #1634, #2634, #3487 ) ;
#993 = AXIS2_PLACEMENT_3D ( 'NONE', #3058, #1688, #3517 ) ;
#994 = FACE_OUTER_BOUND ( 'NONE', #2670, .T. ) ;
#995 = CIRCLE ( 'NONE', #1102, 0.03155000000000051513 ) ;
#996 = CARTESIAN_POINT ( 'NONE',  ( 0.08166846881030738470, -0.1531900000000000206, -0.01574999999999996542 ) ) ;
#997 = DIRECTION ( 'NONE',  ( 0.0000000000000000000, -1.000000000000000000, 0.0000000000000000000 ) ) ;
#998 = ORIENTED_EDGE ( 'NONE', *, *, #4527, .F. ) ;
#999 =( REPRESENTATION_RELATIONSHIP ('NONE','NONE', #5618, #2351 ) REPRESENTATION_RELATIONSHIP_WITH_TRANSFORMATION ( #2700 )SHAPE_REPRESENTATION_RELATIONSHIP( ) );
#1000 = EDGE_LOOP ( 'NONE', ( #2931, #1493, #934, #889 ) ) ;
#1001 = DIRECTION ( 'NONE',  ( -1.855874995695831977E-16, -0.0000000000000000000, -1.000000000000000000 ) ) ;
#1002 = EDGE_CURVE ( 'NONE', #543, #581, #672, .T. ) ;
#1003 = AXIS2_PLACEMENT_3D ( 'NONE', #3463, #1070, #3863 ) ;
#1004 = AXIS2_PLACEMENT_3D ( 'NONE', #2343, #504, #1404 ) ;
#1005 = LINE ( 'NONE', #4680, #720 ) ;
#1006 = DIRECTION ( 'NONE',  ( 0.0000000000000000000, -1.000000000000000000, 0.0000000000000000000 ) ) ;
#1007 = DIRECTION ( 'NONE',  ( 0.0000000000000000000, 0.0000000000000000000, 1.000000000000000000 ) ) ;
#1008 = VECTOR ( 'NONE', #222, 39.37007874015748143 ) ;
#1009 = ORIENTED_EDGE ( 'NONE', *, *, #3788, .F. ) ;
#1010 = ADVANCED_FACE ( 'NONE', ( #2091 ), #2003, .T. ) ;
#1011 = DIRECTION ( 'NONE',  ( -0.7071067811865473507, 0.0000000000000000000, 0.7071067811865476838 ) ) ;
#1012 = CARTESIAN_POINT ( 'NONE',  ( 0.1773881722737656597, -2.346524916246069321E-15, 0.3851881722737665603 ) ) ;
#1013 = DIRECTION ( 'NONE',  ( 1.715124499442882891E-15, 3.307784318971030239E-15, -1.000000000000000000 ) ) ;
#1014 = DIRECTION ( 'NONE',  ( 1.000000000000000000, 0.0000000000000000000, -1.355298456929802892E-15 ) ) ;
#1015 = VERTEX_POINT ( 'NONE', #133 ) ;
#1016 = ORIENTED_EDGE ( 'NONE', *, *, #1825, .T. ) ;
#1017 = CARTESIAN_POINT ( 'NONE',  ( 0.1982881722737643571, -1.215091995841537314E-15, 0.3851881722737666158 ) ) ;
#1018 = EDGE_CURVE ( 'NONE', #2654, #276, #1973, .T. ) ;
#1019 = DIRECTION ( 'NONE',  ( 1.000000000000000000, 0.0000000000000000000, 0.0000000000000000000 ) ) ;
#1020 = ORIENTED_EDGE ( 'NONE', *, *, #3995, .T. ) ;
#1021 = ORIENTED_EDGE ( 'NONE', *, *, #3284, .T. ) ;
#1022 = CARTESIAN_POINT ( 'NONE',  ( 0.4379674688103074032, -0.03399999999999996775, -0.05000000000000019013 ) ) ;
#1023 = EDGE_CURVE ( 'NONE', #5512, #3824, #4797, .T. ) ;
#1024 = DIRECTION ( 'NONE',  ( -0.0000000000000000000, 1.000000000000000000, -0.0000000000000000000 ) ) ;
#1025 = DIRECTION ( 'NONE',  ( 0.0000000000000000000, 0.0000000000000000000, 1.000000000000000000 ) ) ;
#1026 = ORIENTED_EDGE ( 'NONE', *, *, #3889, .F. ) ;
#1027 = VERTEX_POINT ( 'NONE', #2515 ) ;
#1028 = CARTESIAN_POINT ( 'NONE',  ( 0.7184669688103072493, 0.0000000000000000000, -1.633714423575824830E-17 ) ) ;
#1029 = LINE ( 'NONE', #5646, #1881 ) ;
#1030 = ADVANCED_FACE ( 'NONE', ( #1176 ), #4353, .F. ) ;
#1031 = DIRECTION ( 'NONE',  ( -1.000000000000000000, 3.430248998885771698E-15, -1.633880378985904088E-15 ) ) ;
#1032 = FACE_OUTER_BOUND ( 'NONE', #3914, .T. ) ;
#1033 = EDGE_LOOP ( 'NONE', ( #2712, #3540, #3471, #5325 ) ) ;
#1034 = LINE ( 'NONE', #3831, #3711 ) ;
#1035 = ORIENTED_EDGE ( 'NONE', *, *, #2970, .F. ) ;
#1036 = DIRECTION ( 'NONE',  ( 0.7071067811865476838, 0.0000000000000000000, 0.7071067811865473507 ) ) ;
#1037 = CARTESIAN_POINT ( 'NONE',  ( 0.2796629928195006332, -0.1650000000000000078, -0.01024000000000000084 ) ) ;
#1038 = CYLINDRICAL_SURFACE ( 'NONE', #5016, 0.01249999999999973008 ) ;
#1039 = DIRECTION ( 'NONE',  ( -1.000000000000000000, -0.0000000000000000000, -0.0000000000000000000 ) ) ;
#1040 = ORIENTED_EDGE ( 'NONE', *, *, #669, .F. ) ;
#1041 = SHAPE_DEFINITION_REPRESENTATION ( #3923, #5618 ) ;
#1042 = DIRECTION ( 'NONE',  ( -0.0000000000000000000, 1.000000000000000000, -0.0000000000000000000 ) ) ;
#1043 = ORIENTED_EDGE ( 'NONE', *, *, #4306, .T. ) ;
#1044 = DIRECTION ( 'NONE',  ( 1.715124499442882891E-15, 3.307784318971030239E-15, -1.000000000000000000 ) ) ;
#1045 = ORIENTED_EDGE ( 'NONE', *, *, #4424, .T. ) ;
#1046 = VERTEX_POINT ( 'NONE', #1061 ) ;
#1047 = EDGE_CURVE ( 'NONE', #2149, #5393, #4740, .T. ) ;
#1048 = VECTOR ( 'NONE', #3255, 39.37007874015748854 ) ;
#1049 = VERTEX_POINT ( 'NONE', #2600 ) ;
#1050 = DIRECTION ( 'NONE',  ( 1.980403796674357815E-16, 0.0000000000000000000, -1.000000000000000000 ) ) ;
#1051 = CARTESIAN_POINT ( 'NONE',  ( 0.3942664688103074133, -0.2760000000000000231, -0.01574999999999998623 ) ) ;
#1052 = CARTESIAN_POINT ( 'NONE',  ( 0.7879674688103074365, -0.1531900000000000206, -0.08424999999999950584 ) ) ;
#1053 = ORIENTED_EDGE ( 'NONE', *, *, #3979, .T. ) ;
#1054 = AXIS2_PLACEMENT_3D ( 'NONE', #5673, #2461, #1574 ) ;
#1055 = VERTEX_POINT ( 'NONE', #1292 ) ;
#1056 = CARTESIAN_POINT ( 'NONE',  ( 0.2759359376206146353, -0.2760000000000000231, -0.09999999999999989453 ) ) ;
#1057 = VECTOR ( 'NONE', #1001, 39.37007874015748143 ) ;
#1058 = EDGE_CURVE ( 'NONE', #614, #2088, #3570, .T. ) ;
#1059 = PLANE ( 'NONE',  #3137 ) ;
#1060 = VERTEX_POINT ( 'NONE', #4856 ) ;
#1061 = CARTESIAN_POINT ( 'NONE',  ( 0.4962719448011143064, -0.1650000000000000078, -0.08975999999999990930 ) ) ;
#1062 = CARTESIAN_POINT ( 'NONE',  ( 0.4942664688103074466, 0.0000000000000000000, -0.01574999999999998623 ) ) ;
#1063 = ORIENTED_EDGE ( 'NONE', *, *, #721, .F. ) ;
#1064 = DIRECTION ( 'NONE',  ( -0.0000000000000000000, 1.000000000000000000, -0.0000000000000000000 ) ) ;
#1065 = VERTEX_POINT ( 'NONE', #4521 ) ;
#1066 = EDGE_CURVE ( 'NONE', #5867, #3273, #4494, .T. ) ;
#1067 = PLANE ( 'NONE',  #1529 ) ;
#1068 = DIRECTION ( 'NONE',  ( 0.0000000000000000000, 0.0000000000000000000, 1.000000000000000000 ) ) ;
#1069 = CARTESIAN_POINT ( 'NONE',  ( 0.7759349376206153837, 0.0000000000000000000, -0.09999999999999974187 ) ) ;
#1070 = DIRECTION ( 'NONE',  ( -0.0000000000000000000, 1.000000000000000000, -0.0000000000000000000 ) ) ;
#1071 = ORIENTED_EDGE ( 'NONE', *, *, #2151, .F. ) ;
#1072 = APPLICATION_PROTOCOL_DEFINITION ( 'draft international standard', 'automotive_design', 1998, #2314 ) ;
#1073 = EDGE_CURVE ( 'NONE', #1632, #5837, #781, .T. ) ;
#1074 = AXIS2_PLACEMENT_3D ( 'NONE', #659, #4505, #2251 ) ;
#1075 = DIRECTION ( 'NONE',  ( -1.000000000000000000, 0.0000000000000000000, 4.639687489239577477E-17 ) ) ;
#1076 = LINE ( 'NONE', #2929, #969 ) ;
#1077 = VECTOR ( 'NONE', #470, 39.37007874015748143 ) ;
#1078 = CARTESIAN_POINT ( 'NONE',  ( 0.1597467161527769686, -0.1650000000000000078, -0.1444795204214343320 ) ) ;
#1079 = ORIENTED_EDGE ( 'NONE', *, *, #4963, .F. ) ;
#1080 = VERTEX_POINT ( 'NONE', #2631 ) ;
#1081 = EDGE_CURVE ( 'NONE', #1803, #3136, #4025, .T. ) ;
#1082 = CIRCLE ( 'NONE', #3403, 0.03155000000000051513 ) ;
#1083 = ORIENTED_EDGE ( 'NONE', *, *, #1443, .F. ) ;
#1084 = FACE_OUTER_BOUND ( 'NONE', #3033, .T. ) ;
#1085 = LINE ( 'NONE', #2966, #1173 ) ;
#1086 = CARTESIAN_POINT ( 'NONE',  ( 0.1796629928195005166, -0.1531900000000000206, -0.08975999999999990930 ) ) ;
#1087 = ADVANCED_FACE ( 'NONE', ( #372 ), #2198, .F. ) ;
#1088 = ORIENTED_EDGE ( 'NONE', *, *, #626, .F. ) ;
#1089 = VECTOR ( 'NONE', #4574, 39.37007874015748143 ) ;
#1090 = ORIENTED_EDGE ( 'NONE', *, *, #4595, .T. ) ;
#1091 = CARTESIAN_POINT ( 'NONE',  ( 0.01846696881030734927, 0.0000000000000000000, -1.633714423575824830E-17 ) ) ;
#1092 = AXIS2_PLACEMENT_3D ( 'NONE', #3846, #2870, #3419 ) ;
#1093 = VECTOR ( 'NONE', #1375, 39.37007874015748143 ) ;
#1094 = DIRECTION ( 'NONE',  ( 1.000000000000000000, -0.0000000000000000000, -0.0000000000000000000 ) ) ;
#1095 = DIRECTION ( 'NONE',  ( 1.715124499442882891E-15, 3.307784318971030239E-15, -1.000000000000000000 ) ) ;
#1096 = CARTESIAN_POINT ( 'NONE',  ( -0.01203253118969264436, -0.1650000000000000078, -0.08424999999999989442 ) ) ;
#1097 = EDGE_CURVE ( 'NONE', #4123, #2896, #121, .T. ) ;
#1098 = ORIENTED_EDGE ( 'NONE', *, *, #2536, .F. ) ;
#1099 = LINE ( 'NONE', #4327, #3993 ) ;
#1100 = ORIENTED_EDGE ( 'NONE', *, *, #5599, .T. ) ;
#1101 = CIRCLE ( 'NONE', #5240, 0.01249999999999974569 ) ;
#1102 = AXIS2_PLACEMENT_3D ( 'NONE', #966, #2721, #528 ) ;
#1103 = CARTESIAN_POINT ( 'NONE',  ( 0.6816684688103075151, -0.1531900000000000206, -0.01574999999999998623 ) ) ;
#1104 = CIRCLE ( 'NONE', #4004, 0.03049999999999848665 ) ;
#1105 = DIRECTION ( 'NONE',  ( 0.0000000000000000000, 0.0000000000000000000, 1.000000000000000000 ) ) ;
#1106 = CARTESIAN_POINT ( 'NONE',  ( 0.1962719448011142065, -0.2760000000000000231, -0.01024000000000000084 ) ) ;
#1107 = EDGE_CURVE ( 'NONE', #4649, #2980, #5875, .T. ) ;
#1108 = VERTEX_POINT ( 'NONE', #4469 ) ;
#1109 = CIRCLE ( 'NONE', #3913, 0.03155000000000051513 ) ;
#1110 = LINE ( 'NONE', #1523, #897 ) ;
#1111 = PLANE ( 'NONE',  #1074 ) ;
#1112 = EDGE_CURVE ( 'NONE', #5877, #1577, #2145, .T. ) ;
#1113 = CARTESIAN_POINT ( 'NONE',  ( 0.0000000000000000000, 0.0000000000000000000, 0.0000000000000000000 ) ) ;
#1114 = ORIENTED_EDGE ( 'NONE', *, *, #4963, .T. ) ;
#1115 = VERTEX_POINT ( 'NONE', #4883 ) ;
#1116 = DIRECTION ( 'NONE',  ( -1.855874995695831977E-16, -0.0000000000000000000, -1.000000000000000000 ) ) ;
#1117 = FACE_OUTER_BOUND ( 'NONE', #2509, .T. ) ;
#1118 = CARTESIAN_POINT ( 'NONE',  ( 0.7534669688103072804, -0.03899999999999999994, 0.04999999999999996808 ) ) ;
#1119 = ORIENTED_EDGE ( 'NONE', *, *, #1402, .F. ) ;
#1120 = VERTEX_POINT ( 'NONE', #2176 ) ;
#1121 = LINE ( 'NONE', #530, #3281 ) ;
#1122 = LINE ( 'NONE', #3305, #4667 ) ;
#1123 = DIRECTION ( 'NONE',  ( 1.715124499442882891E-15, 3.307784318971030633E-15, -1.000000000000000000 ) ) ;
#1124 = CARTESIAN_POINT ( 'NONE',  ( 0.7759349376206153837, -0.1650000000000000078, -0.09999999999999974187 ) ) ;
#1125 = ORIENTED_EDGE ( 'NONE', *, *, #1352, .F. ) ;
#1126 = CARTESIAN_POINT ( 'NONE',  ( 0.2816684688103074374, -0.1531900000000000206, -0.08424999999999954747 ) ) ;
#1127 = ORIENTED_EDGE ( 'NONE', *, *, #2340, .F. ) ;
#1128 = ORIENTED_EDGE ( 'NONE', *, *, #2279, .F. ) ;
#1129 = EDGE_CURVE ( 'NONE', #2290, #3976, #5822, .T. ) ;
#1130 = CARTESIAN_POINT ( 'NONE',  ( 0.4816684688103073930, -0.2760000000000000231, -0.01574999999999998623 ) ) ;
#1131 = DIRECTION ( 'NONE',  ( -0.0000000000000000000, 1.000000000000000000, -0.0000000000000000000 ) ) ;
#1132 = ORIENTED_EDGE ( 'NONE', *, *, #1139, .F. ) ;
#1133 = ADVANCED_FACE ( 'NONE', ( #3145 ), #1743, .F. ) ;
#1134 = ADVANCED_FACE ( 'NONE', ( #2232 ), #837, .T. ) ;
#1135 = FACE_OUTER_BOUND ( 'NONE', #5157, .T. ) ;
#1136 = DIRECTION ( 'NONE',  ( -1.000000000000000000, 0.0000000000000000000, -1.980403796674357815E-16 ) ) ;
#1137 = CARTESIAN_POINT ( 'NONE',  ( 0.6796629928195007109, -0.1650000000000000078, -0.01024000000000000084 ) ) ;
#1138 = VERTEX_POINT ( 'NONE', #3631 ) ;
#1139 = EDGE_CURVE ( 'NONE', #1877, #4833, #3518, .T. ) ;
#1140 = VERTEX_POINT ( 'NONE', #5003 ) ;
#1141 = LINE ( 'NONE', #3904, #3890 ) ;
#1142 = DIRECTION ( 'NONE',  ( 0.0000000000000000000, 0.0000000000000000000, 1.000000000000000000 ) ) ;
#1143 = ORIENTED_EDGE ( 'NONE', *, *, #5407, .T. ) ;
#1144 = ORIENTED_EDGE ( 'NONE', *, *, #2853, .T. ) ;
#1145 =( CONVERSION_BASED_UNIT ( 'INCH', #1626 ) LENGTH_UNIT ( ) NAMED_UNIT ( #3188 ) );
#1146 = ADVANCED_FACE ( 'NONE', ( #814, #866 ), #3600, .F. ) ;
#1147 = VECTOR ( 'NONE', #5434, 39.37007874015748143 ) ;
#1148 = DIRECTION ( 'NONE',  ( 1.715124499442882891E-15, 3.307784318971030633E-15, -1.000000000000000000 ) ) ;
#1149 = CARTESIAN_POINT ( 'NONE',  ( 0.03796746881030733239, 9.184870279381501883E-17, -0.05000000000000019013 ) ) ;
#1150 = CYLINDRICAL_SURFACE ( 'NONE', #3088, 0.03740000000000053004 ) ;
#1151 = VERTEX_POINT ( 'NONE', #4411 ) ;
#1152 = CARTESIAN_POINT ( 'NONE',  ( 0.1773881722737656597, -1.275128281230865970E-15, 0.3851881722737665603 ) ) ;
#1153 = ORIENTED_EDGE ( 'NONE', *, *, #3767, .T. ) ;
#1154 = ORIENTED_EDGE ( 'NONE', *, *, #4048, .T. ) ;
#1155 = AXIS2_PLACEMENT_3D ( 'NONE', #3639, #3671, #1007 ) ;
#1156 = CARTESIAN_POINT ( 'NONE',  ( 0.7759349376206153837, -0.1650000000000000078, -0.09999999999999974187 ) ) ;
#1157 = DIRECTION ( 'NONE',  ( -0.0000000000000000000, 1.000000000000000000, -0.0000000000000000000 ) ) ;
#1158 = DIRECTION ( 'NONE',  ( 1.980403796674357815E-16, 0.0000000000000000000, -1.000000000000000000 ) ) ;
#1159 = EDGE_LOOP ( 'NONE', ( #2484, #482 ) ) ;
#1160 = EDGE_CURVE ( 'NONE', #1413, #3328, #1082, .T. ) ;
#1161 = DIRECTION ( 'NONE',  ( -0.0000000000000000000, 1.000000000000000000, -0.0000000000000000000 ) ) ;
#1162 = LINE ( 'NONE', #5723, #1450 ) ;
#1163 = LINE ( 'NONE', #299, #613 ) ;
#1164 = EDGE_CURVE ( 'NONE', #4969, #4976, #1207, .T. ) ;
#1165 = AXIS2_PLACEMENT_3D ( 'NONE', #5566, #1429, #3285 ) ;
#1166 = VERTEX_POINT ( 'NONE', #3695 ) ;
#1167 = FACE_BOUND ( 'NONE', #2054, .T. ) ;
#1168 = CARTESIAN_POINT ( 'NONE',  ( 0.4379674688103074032, -0.03399999999999996775, -0.05000000000000019013 ) ) ;
#1169 = EDGE_CURVE ( 'NONE', #4862, #4292, #4551, .T. ) ;
#1170 = ORIENTED_EDGE ( 'NONE', *, *, #3040, .F. ) ;
#1171 = EDGE_LOOP ( 'NONE', ( #4924, #3667 ) ) ;
#1172 = DIRECTION ( 'NONE',  ( -0.0000000000000000000, 1.000000000000000000, -0.0000000000000000000 ) ) ;
#1173 = VECTOR ( 'NONE', #155, 39.37007874015748143 ) ;
#1174 = DIRECTION ( 'NONE',  ( 0.0000000000000000000, -0.0000000000000000000, -1.000000000000000000 ) ) ;
#1175 = VECTOR ( 'NONE', #208, 39.37007874015748854 ) ;
#1176 = FACE_OUTER_BOUND ( 'NONE', #3941, .T. ) ;
#1177 = DIRECTION ( 'NONE',  ( 1.000000000000000000, -0.0000000000000000000, -0.0000000000000000000 ) ) ;
#1178 = ORIENTED_EDGE ( 'NONE', *, *, #71, .T. ) ;
#1179 = PLANE ( 'NONE',  #992 ) ;
#1180 = ORIENTED_EDGE ( 'NONE', *, *, #1651, .F. ) ;
#1181 = VERTEX_POINT ( 'NONE', #2363 ) ;
#1182 = VECTOR ( 'NONE', #4931, 39.37007874015748143 ) ;
#1183 = DIRECTION ( 'NONE',  ( 0.0000000000000000000, 0.0000000000000000000, 1.000000000000000000 ) ) ;
#1184 = DIRECTION ( 'NONE',  ( 0.0000000000000000000, 0.0000000000000000000, 1.000000000000000000 ) ) ;
#1185 = LINE ( 'NONE', #1215, #2993 ) ;
#1186 = VECTOR ( 'NONE', #522, 39.37007874015748143 ) ;
#1187 = ADVANCED_FACE ( 'NONE', ( #1388 ), #1353, .F. ) ;
#1188 = VECTOR ( 'NONE', #892, 39.37007874015748143 ) ;
#1189 = ORIENTED_EDGE ( 'NONE', *, *, #936, .F. ) ;
#1190 = VECTOR ( 'NONE', #980, 39.37007874015748143 ) ;
#1191 = AXIS2_PLACEMENT_3D ( 'NONE', #1012, #2435, #2522 ) ;
#1192 = CARTESIAN_POINT ( 'NONE',  ( 0.5129556047765733151, -0.1650000000000000078, -0.2730370423587414330 ) ) ;
#1193 = CARTESIAN_POINT ( 'NONE',  ( 0.08166846881030738470, 0.0000000000000000000, -0.01574999999999998623 ) ) ;
#1194 = EDGE_LOOP ( 'NONE', ( #904, #5228 ) ) ;
#1195 = AXIS2_PLACEMENT_3D ( 'NONE', #532, #970, #1423 ) ;
#1196 = EDGE_CURVE ( 'NONE', #34, #5342, #1875, .T. ) ;
#1197 = LINE ( 'NONE', #303, #1964 ) ;
#1198 = ORIENTED_EDGE ( 'NONE', *, *, #2853, .F. ) ;
#1199 = DIRECTION ( 'NONE',  ( -1.715124499442882891E-15, -3.307784318971031027E-15, 1.000000000000000000 ) ) ;
#1200 = CARTESIAN_POINT ( 'NONE',  ( 0.5816684688103074263, 0.0000000000000000000, -0.08424999999999954747 ) ) ;
#1201 = VERTEX_POINT ( 'NONE', #4231 ) ;
#1202 = ORIENTED_EDGE ( 'NONE', *, *, #4443, .F. ) ;
#1203 =( NAMED_UNIT ( * ) PLANE_ANGLE_UNIT ( ) SI_UNIT ( $, .RADIAN. ) );
#1204 = PRODUCT_DEFINITION_SHAPE ( 'NONE', 'NONE',  #1418 ) ;
#1205 = EDGE_CURVE ( 'NONE', #4587, #261, #5067, .T. ) ;
#1206 = DIRECTION ( 'NONE',  ( -0.0000000000000000000, 1.000000000000000000, -0.0000000000000000000 ) ) ;
#1207 = LINE ( 'NONE', #4675, #219 ) ;
#1208 = CARTESIAN_POINT ( 'NONE',  ( 0.7184669688103072493, -0.03899999999999999994, 0.04999999999999998196 ) ) ;
#1209 = EDGE_LOOP ( 'NONE', ( #486, #3220 ) ) ;
#1210 = FACE_OUTER_BOUND ( 'NONE', #1194, .T. ) ;
#1211 = ORIENTED_EDGE ( 'NONE', *, *, #3705, .T. ) ;
#1212 = EDGE_CURVE ( 'NONE', #3407, #5320, #92, .T. ) ;
#1213 = SURFACE_SIDE_STYLE ('',( #5796 ) ) ;
#1214 = LINE ( 'NONE', #4529, #2619 ) ;
#1215 = CARTESIAN_POINT ( 'NONE',  ( 0.5816684688103074263, -0.2760000000000000231, -0.08424999999999954747 ) ) ;
#1216 = ORIENTED_EDGE ( 'NONE', *, *, #2775, .F. ) ;
#1217 = EDGE_CURVE ( 'NONE', #605, #1899, #3332, .T. ) ;
#1218 = DIRECTION ( 'NONE',  ( 1.000000000000000000, -3.430248998885771698E-15, 1.715124499442871452E-15 ) ) ;
#1219 = CYLINDRICAL_SURFACE ( 'NONE', #1349, 0.03155000000000051513 ) ;
#1220 = LINE ( 'NONE', #3586, #4849 ) ;
#1221 = CYLINDRICAL_SURFACE ( 'NONE', #5131, 0.03740000000000053004 ) ;
#1222 = ORIENTED_EDGE ( 'NONE', *, *, #2021, .T. ) ;
#1223 = PLANE ( 'NONE',  #4190 ) ;
#1224 = ORIENTED_EDGE ( 'NONE', *, *, #4167, .F. ) ;
#1225 = EDGE_LOOP ( 'NONE', ( #2569, #834 ) ) ;
#1226 = ORIENTED_EDGE ( 'NONE', *, *, #5690, .T. ) ;
#1227 = EDGE_CURVE ( 'NONE', #5760, #1201, #2717, .T. ) ;
#1228 = FACE_OUTER_BOUND ( 'NONE', #2623, .T. ) ;
#1229 = CARTESIAN_POINT ( 'NONE',  ( 0.7759349376206153837, 0.0000000000000000000, -0.09999999999999974187 ) ) ;
#1230 = DIRECTION ( 'NONE',  ( -0.3420201433256662704, 0.0000000000000000000, -0.9396926207859092051 ) ) ;
#1231 = ORIENTED_EDGE ( 'NONE', *, *, #4567, .F. ) ;
#1232 = DIRECTION ( 'NONE',  ( 0.0000000000000000000, -0.0000000000000000000, 1.000000000000000000 ) ) ;
#1233 = ORIENTED_EDGE ( 'NONE', *, *, #3162, .F. ) ;
#1234 = ADVANCED_FACE ( 'NONE', ( #66 ), #1902, .T. ) ;
#1235 = LINE ( 'NONE', #3006, #1394 ) ;
#1236 = AXIS2_PLACEMENT_3D ( 'NONE', #2184, #5055, #5855 ) ;
#1237 = CARTESIAN_POINT ( 'NONE',  ( 0.7184669688103072493, -0.03899999999999999994, -1.633714423575824830E-17 ) ) ;
#1238 = DIRECTION ( 'NONE',  ( -0.0000000000000000000, 1.000000000000000000, -0.0000000000000000000 ) ) ;
#1239 = ORIENTED_EDGE ( 'NONE', *, *, #2597, .T. ) ;
#1240 = EDGE_CURVE ( 'NONE', #4766, #1575, #2751, .T. ) ;
#1241 = AXIS2_PLACEMENT_3D ( 'NONE', #3766, #1453, #3308 ) ;
#1242 = LINE ( 'NONE', #3099, #3130 ) ;
#1243 = AXIS2_PLACEMENT_3D ( 'NONE', #4263, #1966, #3422 ) ;
#1244 = CARTESIAN_POINT ( 'NONE',  ( 0.01250000000000048121, -0.01250000000000048121, -1.530808498934160386E-18 ) ) ;
#1245 = FACE_OUTER_BOUND ( 'NONE', #3170, .T. ) ;
#1246 = DIRECTION ( 'NONE',  ( -1.000000000000000000, 3.430248998885770120E-15, -1.157562709179845500E-15 ) ) ;
#1247 = DIRECTION ( 'NONE',  ( -1.000000000000000000, 3.430248998885772092E-15, -1.707404996040198285E-15 ) ) ;
#1248 = ORIENTED_EDGE ( 'NONE', *, *, #5312, .T. ) ;
#1249 = DIRECTION ( 'NONE',  ( -1.000000000000000000, 3.430248998885776431E-15, -2.048885995248241491E-15 ) ) ;
#1250 = VERTEX_POINT ( 'NONE', #5608 ) ;
#1251 = VECTOR ( 'NONE', #5292, 39.37007874015748143 ) ;
#1252 = CARTESIAN_POINT ( 'NONE',  ( 0.0000000000000000000, -0.1650000000000000078, 0.0000000000000000000 ) ) ;
#1253 = ORIENTED_EDGE ( 'NONE', *, *, #899, .T. ) ;
#1254 = EDGE_CURVE ( 'NONE', #1471, #2491, #5159, .T. ) ;
#1255 = ORIENTED_EDGE ( 'NONE', *, *, #5001, .T. ) ;
#1256 = VECTOR ( 'NONE', #4239, 39.37007874015748143 ) ;
#1257 = CYLINDRICAL_SURFACE ( 'NONE', #5620, 0.03155000000000051513 ) ;
#1258 = DIRECTION ( 'NONE',  ( 1.000000000000000000, 0.0000000000000000000, -2.753879025871234324E-16 ) ) ;
#1259 = LINE ( 'NONE', #3116, #4058 ) ;
#1260 = ORIENTED_EDGE ( 'NONE', *, *, #1395, .T. ) ;
#1261 = AXIS2_PLACEMENT_3D ( 'NONE', #2939, #214, #3476 ) ;
#1262 = FACE_OUTER_BOUND ( 'NONE', #4210, .T. ) ;
#1263 = VERTEX_POINT ( 'NONE', #5938 ) ;
#1264 = AXIS2_PLACEMENT_3D ( 'NONE', #2322, #1867, #5093 ) ;
#1265 = EDGE_CURVE ( 'NONE', #605, #5179, #319, .T. ) ;
#1266 = PLANE ( 'NONE',  #53 ) ;
#1267 = DIRECTION ( 'NONE',  ( 0.0000000000000000000, 0.0000000000000000000, -1.000000000000000000 ) ) ;
#1268 = CARTESIAN_POINT ( 'NONE',  ( 0.3379674688103073699, 0.0000000000000000000, -0.01844999999999967846 ) ) ;
#1269 = EDGE_LOOP ( 'NONE', ( #95, #4673, #2527, #2730 ) ) ;
#1270 = VECTOR ( 'NONE', #840, 39.37007874015748854 ) ;
#1271 = DIRECTION ( 'NONE',  ( -0.3420201433256662704, 2.017650748832921185E-16, -0.9396926207859092051 ) ) ;
#1272 = AXIS2_PLACEMENT_3D ( 'NONE', #2114, #1148, #5757 ) ;
#1273 = CYLINDRICAL_SURFACE ( 'NONE', #2555, 0.03740000000000053004 ) ;
#1274 = EDGE_CURVE ( 'NONE', #2110, #634, #3210, .T. ) ;
#1275 = VECTOR ( 'NONE', #5659, 39.37007874015748143 ) ;
#1276 = FACE_OUTER_BOUND ( 'NONE', #3035, .T. ) ;
#1277 = DIRECTION ( 'NONE',  ( 1.715124499442882891E-15, 3.307784318971030239E-15, -1.000000000000000000 ) ) ;
#1278 = CARTESIAN_POINT ( 'NONE',  ( 0.1773881722737657429, -1.016790325919227706E-15, 0.3070881722737662800 ) ) ;
#1279 = ORIENTED_EDGE ( 'NONE', *, *, #1318, .F. ) ;
#1280 = CIRCLE ( 'NONE', #3816, 0.02089999999999976946 ) ;
#1281 = AXIS2_PLACEMENT_3D ( 'NONE', #3157, #3531, #295 ) ;
#1282 = DIRECTION ( 'NONE',  ( 1.715124499442882891E-15, 3.307784318971030239E-15, -1.000000000000000000 ) ) ;
#1283 = EDGE_CURVE ( 'NONE', #755, #4746, #784, .T. ) ;
#1284 = ORIENTED_EDGE ( 'NONE', *, *, #2053, .T. ) ;
#1285 = AXIS2_PLACEMENT_3D ( 'NONE', #1541, #3337, #5584 ) ;
#1286 = FACE_OUTER_BOUND ( 'NONE', #58, .T. ) ;
#1287 = DIMENSIONAL_EXPONENTS ( 1.000000000000000000, 0.0000000000000000000, 0.0000000000000000000, 0.0000000000000000000, 0.0000000000000000000, 0.0000000000000000000, 0.0000000000000000000 ) ;
#1288 = ORIENTED_EDGE ( 'NONE', *, *, #5079, .F. ) ;
#1289 = ORIENTED_EDGE ( 'NONE', *, *, #2395, .F. ) ;
#1290 = CIRCLE ( 'NONE', #4291, 0.03740000000000053698 ) ;
#1291 = LINE ( 'NONE', #5551, #3710 ) ;
#1292 = CARTESIAN_POINT ( 'NONE',  ( 0.3759359376206146686, 0.0000000000000000000, -9.478001694819074349E-34 ) ) ;
#1293 = LINE ( 'NONE', #1321, #2127 ) ;
#1294 = EDGE_LOOP ( 'NONE', ( #4289, #5476, #1153, #3748 ) ) ;
#1295 = CARTESIAN_POINT ( 'NONE',  ( 0.09999900000000011557, 0.0000000000000000000, -0.09999999999999989453 ) ) ;
#1296 = ORIENTED_EDGE ( 'NONE', *, *, #2982, .T. ) ;
#1297 = CARTESIAN_POINT ( 'NONE',  ( 0.1473881722737667432, -1.431691096324064522E-16, 0.07408817227376619796 ) ) ;
#1298 = DIRECTION ( 'NONE',  ( -1.000000000000000000, 0.0000000000000000000, -1.980403796674357815E-16 ) ) ;
#1299 = DIRECTION ( 'NONE',  ( 0.0000000000000000000, 0.0000000000000000000, 1.000000000000000000 ) ) ;
#1300 = CARTESIAN_POINT ( 'NONE',  ( 0.4962719448011143064, -0.1531900000000000206, -0.08975999999999990930 ) ) ;
#1301 = ORIENTED_EDGE ( 'NONE', *, *, #2908, .T. ) ;
#1302 = EDGE_CURVE ( 'NONE', #2884, #2726, #5, .T. ) ;
#1303 = FACE_OUTER_BOUND ( 'NONE', #5635, .T. ) ;
#1304 = LINE ( 'NONE', #4984, #4196 ) ;
#1305 = CARTESIAN_POINT ( 'NONE',  ( 0.2942664688103074355, -0.2760000000000000231, -0.01574999999999998623 ) ) ;
#1306 = DIRECTION ( 'NONE',  ( 0.7071067811865474617, -0.0000000000000000000, -0.7071067811865474617 ) ) ;
#1307 = CARTESIAN_POINT ( 'NONE',  ( 0.08166846881030738470, -0.2760000000000000231, -0.01574999999999998623 ) ) ;
#1308 = CARTESIAN_POINT ( 'NONE',  ( 0.3942664688103074133, -0.2760000000000000231, -0.08424999999999957523 ) ) ;
#1309 = ORIENTED_EDGE ( 'NONE', *, *, #2400, .F. ) ;
#1310 =( NAMED_UNIT ( * ) SI_UNIT ( $, .STERADIAN. ) SOLID_ANGLE_UNIT ( ) );
#1311 = EDGE_CURVE ( 'NONE', #5320, #479, #5552, .T. ) ;
#1312 = ADVANCED_FACE ( 'NONE', ( #3269, #3300 ), #5098, .F. ) ;
#1313 = CARTESIAN_POINT ( 'NONE',  ( -0.01203253118969264436, 0.0000000000000000000, -0.08424999999999989442 ) ) ;
#1314 = EDGE_LOOP ( 'NONE', ( #3086, #2227, #248, #5398 ) ) ;
#1315 = DIRECTION ( 'NONE',  ( 1.000000000000000000, -0.0000000000000000000, 0.0000000000000000000 ) ) ;
#1316 = ORIENTED_EDGE ( 'NONE', *, *, #3946, .F. ) ;
#1317 = EDGE_LOOP ( 'NONE', ( #5782, #3844, #3302, #4619 ) ) ;
#1318 = EDGE_CURVE ( 'NONE', #2650, #349, #524, .T. ) ;
#1319 = CARTESIAN_POINT ( 'NONE',  ( 0.7759349376206142734, -0.1650000000000000078, 0.0000000000000000000 ) ) ;
#1320 = DIRECTION ( 'NONE',  ( -1.000000000000000000, 0.0000000000000000000, -1.980403796674357815E-16 ) ) ;
#1321 = CARTESIAN_POINT ( 'NONE',  ( 0.7879674688103074365, 0.0000000000000000000, -0.08424999999999950584 ) ) ;
#1322 = ORIENTED_EDGE ( 'NONE', *, *, #1402, .T. ) ;
#1323 = LINE ( 'NONE', #2331, #420 ) ;
#1324 = EDGE_LOOP ( 'NONE', ( #85, #4281, #542, #2540, #4735, #1211 ) ) ;
#1325 = DIRECTION ( 'NONE',  ( 0.3420201433256720991, 0.0000000000000000000, -0.9396926207859070956 ) ) ;
#1326 = EDGE_CURVE ( 'NONE', #1166, #422, #1502, .T. ) ;
#1327 = CARTESIAN_POINT ( 'NONE',  ( 0.7879674688103074365, -0.1531900000000000206, -0.01574999999999984746 ) ) ;
#1328 = DIRECTION ( 'NONE',  ( 0.0000000000000000000, 0.0000000000000000000, 1.000000000000000000 ) ) ;
#1329 = DIRECTION ( 'NONE',  ( 0.3420201433256694346, 0.0000000000000000000, 0.9396926207859080948 ) ) ;
#1330 = ORIENTED_EDGE ( 'NONE', *, *, #3925, .T. ) ;
#1331 = DIRECTION ( 'NONE',  ( 0.0000000000000000000, -0.0000000000000000000, -1.000000000000000000 ) ) ;
#1332 = VECTOR ( 'NONE', #2786, 39.37007874015748143 ) ;
#1333 = LINE ( 'NONE', #3772, #5426 ) ;
#1334 = LINE ( 'NONE', #2647, #2326 ) ;
#1335 = DIRECTION ( 'NONE',  ( 0.9396926207859100932, 0.0000000000000000000, 0.3420201433256639389 ) ) ;
#1336 = EDGE_CURVE ( 'NONE', #5138, #3682, #1141, .T. ) ;
#1337 = DIRECTION ( 'NONE',  ( 1.715124499442882891E-15, 3.307784318971030633E-15, -1.000000000000000000 ) ) ;
#1338 = DIRECTION ( 'NONE',  ( -1.000000000000000000, -0.0000000000000000000, -0.0000000000000000000 ) ) ;
#1339 = EDGE_LOOP ( 'NONE', ( #3564, #3478, #392, #3629 ) ) ;
#1340 = MECHANICAL_DESIGN_GEOMETRIC_PRESENTATION_REPRESENTATION (  '', ( #3771 ), #390 ) ;
#1341 = AXIS2_PLACEMENT_3D ( 'NONE', #4741, #2488, #2426 ) ;
#1342 = DIRECTION ( 'NONE',  ( 1.000000000000000000, 0.0000000000000000000, 0.0000000000000000000 ) ) ;
#1343 = ORIENTED_EDGE ( 'NONE', *, *, #944, .T. ) ;
#1344 = EDGE_CURVE ( 'NONE', #1871, #3529, #1085, .T. ) ;
#1345 = EDGE_CURVE ( 'NONE', #2840, #1526, #245, .T. ) ;
#1346 = ORIENTED_EDGE ( 'NONE', *, *, #2394, .T. ) ;
#1347 = VECTOR ( 'NONE', #3032, 39.37007874015748143 ) ;
#1348 = VERTEX_POINT ( 'NONE', #4820 ) ;
#1349 = AXIS2_PLACEMENT_3D ( 'NONE', #4423, #298, #1647 ) ;
#1350 = EDGE_CURVE ( 'NONE', #5839, #396, #1951, .T. ) ;
#1351 = CYLINDRICAL_SURFACE ( 'NONE', #4372, 0.03740000000000053004 ) ;
#1352 = EDGE_CURVE ( 'NONE', #5047, #744, #2538, .T. ) ;
#1353 = CYLINDRICAL_SURFACE ( 'NONE', #5509, 0.03155000000000051513 ) ;
#1354 = DIRECTION ( 'NONE',  ( 1.000000000000000000, 0.0000000000000000000, 0.0000000000000000000 ) ) ;
#1355 = ORIENTED_EDGE ( 'NONE', *, *, #4299, .T. ) ;
#1356 = CARTESIAN_POINT ( 'NONE',  ( 0.5942664688103074244, 0.0000000000000000000, -0.08424999999999957523 ) ) ;
#1357 = ORIENTED_EDGE ( 'NONE', *, *, #4344, .T. ) ;
#1358 = DIRECTION ( 'NONE',  ( 1.715124499442882891E-15, 3.307784318971030239E-15, -1.000000000000000000 ) ) ;
#1359 = VECTOR ( 'NONE', #4012, 39.37007874015748143 ) ;
#1360 = ORIENTED_EDGE ( 'NONE', *, *, #5001, .F. ) ;
#1361 = CARTESIAN_POINT ( 'NONE',  ( -0.01203253118969264436, -0.1650000000000000078, -0.01574999999999999664 ) ) ;
#1362 = ADVANCED_FACE ( 'NONE', ( #2453 ), #2904, .T. ) ;
#1363 = VECTOR ( 'NONE', #5352, 39.37007874015748143 ) ;
#1364 = CARTESIAN_POINT ( 'NONE',  ( 0.5379674688103074365, -0.1531900000000000206, -0.08155000000000069138 ) ) ;
#1365 = CARTESIAN_POINT ( 'NONE',  ( 0.4942664688103074466, -0.1531900000000000206, -0.01574999999999998623 ) ) ;
#1366 = EDGE_LOOP ( 'NONE', ( #4579, #5211 ) ) ;
#1367 = VECTOR ( 'NONE', #4318, 39.37007874015748854 ) ;
#1368 = DIRECTION ( 'NONE',  ( 0.0000000000000000000, -1.000000000000000000, 0.0000000000000000000 ) ) ;
#1369 = CARTESIAN_POINT ( 'NONE',  ( 0.1999990000000001211, 0.0000000000000000000, -0.09999999999999989453 ) ) ;
#1370 = EDGE_CURVE ( 'NONE', #1505, #2953, #5641, .T. ) ;
#1371 = LINE ( 'NONE', #3227, #5882 ) ;
#1372 = CARTESIAN_POINT ( 'NONE',  ( 0.4962719448011141954, -0.1650000000000000078, -0.01024000000000000084 ) ) ;
#1373 = VECTOR ( 'NONE', #4537, 39.37007874015748143 ) ;
#1374 = PLANE ( 'NONE',  #4458 ) ;
#1375 = DIRECTION ( 'NONE',  ( 1.000000000000000000, 0.0000000000000000000, -2.753879025871234324E-16 ) ) ;
#1376 = ORIENTED_EDGE ( 'NONE', *, *, #1456, .F. ) ;
#1377 = AXIS2_PLACEMENT_3D ( 'NONE', #164, #675, #255 ) ;
#1378 = DIRECTION ( 'NONE',  ( -0.0000000000000000000, 1.000000000000000000, -0.0000000000000000000 ) ) ;
#1379 = ORIENTED_EDGE ( 'NONE', *, *, #5808, .T. ) ;
#1380 = DIRECTION ( 'NONE',  ( 1.355298456929802892E-15, 0.0000000000000000000, 1.000000000000000000 ) ) ;
#1381 = VECTOR ( 'NONE', #458, 39.37007874015748143 ) ;
#1382 = ORIENTED_EDGE ( 'NONE', *, *, #1684, .T. ) ;
#1383 = AXIS2_PLACEMENT_3D ( 'NONE', #2288, #1342, #924 ) ;
#1384 = ORIENTED_EDGE ( 'NONE', *, *, #1887, .F. ) ;
#1385 = ADVANCED_FACE ( 'NONE', ( #2056 ), #5730, .F. ) ;
#1386 = EDGE_CURVE ( 'NONE', #2518, #2448, #1622, .T. ) ;
#1387 = DIRECTION ( 'NONE',  ( -0.3420201433256639389, 0.0000000000000000000, 0.9396926207859100932 ) ) ;
#1388 = FACE_OUTER_BOUND ( 'NONE', #1834, .T. ) ;
#1389 = DIRECTION ( 'NONE',  ( -0.0000000000000000000, 1.000000000000000000, -0.0000000000000000000 ) ) ;
#1390 = ORIENTED_EDGE ( 'NONE', *, *, #4237, .F. ) ;
#1391 = LINE ( 'NONE', #5555, #4846 ) ;
#1392 = EDGE_LOOP ( 'NONE', ( #4203, #493, #5848, #2810, #1100, #2060, #5462, #859 ) ) ;
#1393 = DIRECTION ( 'NONE',  ( -0.3420201433256662704, 2.017650748832921185E-16, -0.9396926207859092051 ) ) ;
#1394 = VECTOR ( 'NONE', #1638, 39.37007874015748143 ) ;
#1395 = EDGE_CURVE ( 'NONE', #3459, #3433, #1965, .T. ) ;
#1396 = EDGE_CURVE ( 'NONE', #1694, #5065, #4699, .T. ) ;
#1397 = EDGE_LOOP ( 'NONE', ( #5052, #4608, #706, #722, #2226, #1941 ) ) ;
#1398 = CARTESIAN_POINT ( 'NONE',  ( 0.0000000000000000000, -0.1650000000000000078, 0.0000000000000000000 ) ) ;
#1399 = CARTESIAN_POINT ( 'NONE',  ( 0.2379674688103073643, 0.0000000000000000000, -0.01259999999999966182 ) ) ;
#1400 = PLANE ( 'NONE',  #1241 ) ;
#1401 = EDGE_LOOP ( 'NONE', ( #5725, #602 ) ) ;
#1402 = EDGE_CURVE ( 'NONE', #3727, #4631, #125, .T. ) ;
#1403 = CARTESIAN_POINT ( 'NONE',  ( 0.1816684688103074041, -0.1531900000000000206, -0.08424999999999953360 ) ) ;
#1404 = DIRECTION ( 'NONE',  ( 0.3420201433256662704, 0.0000000000000000000, 0.9396926207859092051 ) ) ;
#1405 = DIRECTION ( 'NONE',  ( -0.3420201433256639389, 0.0000000000000000000, 0.9396926207859100932 ) ) ;
#1406 = DIRECTION ( 'NONE',  ( -0.3420201433256720991, 0.0000000000000000000, 0.9396926207859070956 ) ) ;
#1407 = VERTEX_POINT ( 'NONE', #4294 ) ;
#1408 = ORIENTED_EDGE ( 'NONE', *, *, #5800, .T. ) ;
#1409 = DIRECTION ( 'NONE',  ( 0.0000000000000000000, 0.0000000000000000000, 1.000000000000000000 ) ) ;
#1410 = DIRECTION ( 'NONE',  ( -1.000000000000000000, 3.430248998885770514E-15, -1.897116662266944614E-15 ) ) ;
#1411 = ORIENTED_EDGE ( 'NONE', *, *, #5712, .T. ) ;
#1412 = PLANE ( 'NONE',  #4747 ) ;
#1413 = VERTEX_POINT ( 'NONE', #3847 ) ;
#1414 = ORIENTED_EDGE ( 'NONE', *, *, #385, .T. ) ;
#1415 = DIRECTION ( 'NONE',  ( -1.000000000000000000, -0.0000000000000000000, -0.0000000000000000000 ) ) ;
#1416 = DIRECTION ( 'NONE',  ( -0.3420201433256639389, -2.017650748832923650E-16, 0.9396926207859100932 ) ) ;
#1417 = FACE_BOUND ( 'NONE', #2951, .T. ) ;
#1418 = PRODUCT_DEFINITION ( 'UNKNOWN', '', #770, #4384 ) ;
#1419 = ORIENTED_EDGE ( 'NONE', *, *, #1370, .T. ) ;
#1420 = CARTESIAN_POINT ( 'NONE',  ( 0.6816684688103075151, 0.0000000000000000000, -0.08424999999999954747 ) ) ;
#1421 = ORIENTED_EDGE ( 'NONE', *, *, #2400, .T. ) ;
#1422 = FACE_OUTER_BOUND ( 'NONE', #4498, .T. ) ;
#1423 = DIRECTION ( 'NONE',  ( 0.0000000000000000000, 0.0000000000000000000, 1.000000000000000000 ) ) ;
#1424 = CARTESIAN_POINT ( 'NONE',  ( 0.7816674688103073532, 0.0000000000000000000, -0.08424999999999951972 ) ) ;
#1425 = DIRECTION ( 'NONE',  ( -1.000000000000000000, 3.430248998885771698E-15, -3.267760757971808176E-15 ) ) ;
#1426 = EDGE_CURVE ( 'NONE', #4848, #2323, #579, .T. ) ;
#1427 = EDGE_LOOP ( 'NONE', ( #3593, #3768, #1658, #5031 ) ) ;
#1428 = CARTESIAN_POINT ( 'NONE',  ( 0.6379674688103074143, -0.03399999999999996775, -0.05000000000000019013 ) ) ;
#1429 = DIRECTION ( 'NONE',  ( 0.9396926207859080948, 0.0000000000000000000, -0.3420201433256694346 ) ) ;
#1430 = LINE ( 'NONE', #507, #1190 ) ;
#1431 = VERTEX_POINT ( 'NONE', #1532 ) ;
#1432 = ORIENTED_EDGE ( 'NONE', *, *, #5282, .T. ) ;
#1433 =( CONVERSION_BASED_UNIT ( 'INCH', #3290 ) LENGTH_UNIT ( ) NAMED_UNIT ( #3653 ) );
#1434 = AXIS2_PLACEMENT_3D ( 'NONE', #2919, #1011, #1036 ) ;
#1435 = FACE_OUTER_BOUND ( 'NONE', #485, .T. ) ;
#1436 = ORIENTED_EDGE ( 'NONE', *, *, #2607, .T. ) ;
#1437 = CARTESIAN_POINT ( 'NONE',  ( 0.6759359376206146575, -0.1650000000000000078, -0.09999999999999989453 ) ) ;
#1438 = VERTEX_POINT ( 'NONE', #664 ) ;
#1439 = ORIENTED_EDGE ( 'NONE', *, *, #2017, .F. ) ;
#1440 = CIRCLE ( 'NONE', #4812, 0.01249999999999974569 ) ;
#1441 = ADVANCED_FACE ( 'NONE', ( #277 ), #3648, .F. ) ;
#1442 = CARTESIAN_POINT ( 'NONE',  ( 0.5379674688103074365, 0.0000000000000000000, -0.01259999999999966182 ) ) ;
#1443 = EDGE_CURVE ( 'NONE', #1816, #2392, #3388, .T. ) ;
#1444 = VECTOR ( 'NONE', #5489, 39.37007874015748143 ) ;
#1445 = DIRECTION ( 'NONE',  ( -0.0000000000000000000, 1.000000000000000000, -0.0000000000000000000 ) ) ;
#1446 = PLANE ( 'NONE',  #105 ) ;
#1447 = ORIENTED_EDGE ( 'NONE', *, *, #24, .F. ) ;
#1448 = ORIENTED_EDGE ( 'NONE', *, *, #3015, .F. ) ;
#1449 = PLANE ( 'NONE',  #2695 ) ;
#1450 = VECTOR ( 'NONE', #174, 39.37007874015748143 ) ;
#1451 = CARTESIAN_POINT ( 'NONE',  ( 0.6962719448011142065, -0.1650000000000000078, -0.01024000000000000084 ) ) ;
#1452 = FACE_BOUND ( 'NONE', #5835, .T. ) ;
#1453 = DIRECTION ( 'NONE',  ( 1.980403796674357815E-16, 0.0000000000000000000, -1.000000000000000000 ) ) ;
#1454 = ORIENTED_EDGE ( 'NONE', *, *, #1212, .F. ) ;
#1455 = VECTOR ( 'NONE', #1013, 39.37007874015748143 ) ;
#1456 = EDGE_CURVE ( 'NONE', #4649, #5393, #5215, .T. ) ;
#1457 = VECTOR ( 'NONE', #5758, 39.37007874015748854 ) ;
#1458 = CARTESIAN_POINT ( 'NONE',  ( -0.01203253118969267385, -0.1650000000000000078, -0.08975999999999990930 ) ) ;
#1459 = CARTESIAN_POINT ( 'NONE',  ( 0.0000000000000000000, -0.1650000000000000078, 0.0000000000000000000 ) ) ;
#1460 = CARTESIAN_POINT ( 'NONE',  ( 0.08166846881030741245, -0.2760000000000000231, -0.08424999999999954747 ) ) ;
#1461 = VERTEX_POINT ( 'NONE', #3448 ) ;
#1462 = ORIENTED_EDGE ( 'NONE', *, *, #2583, .F. ) ;
#1463 = AXIS2_PLACEMENT_3D ( 'NONE', #4764, #1024, #2871 ) ;
#1464 =( NAMED_UNIT ( * ) SI_UNIT ( $, .STERADIAN. ) SOLID_ANGLE_UNIT ( ) );
#1465 = EDGE_CURVE ( 'NONE', #1514, #113, #412, .T. ) ;
#1466 = DIRECTION ( 'NONE',  ( 1.715124499442882891E-15, 3.307784318971030633E-15, -1.000000000000000000 ) ) ;
#1467 = AXIS2_PLACEMENT_3D ( 'NONE', #4455, #771, #4425 ) ;
#1468 = FACE_OUTER_BOUND ( 'NONE', #4086, .T. ) ;
#1469 = CARTESIAN_POINT ( 'NONE',  ( 0.1648881722737668420, 5.741308478452916839E-16, -0.1609118277262354957 ) ) ;
#1470 = ORIENTED_EDGE ( 'NONE', *, *, #5230, .T. ) ;
#1471 = VERTEX_POINT ( 'NONE', #5277 ) ;
#1472 = VECTOR ( 'NONE', #4116, 39.37007874015748143 ) ;
#1473 = VECTOR ( 'NONE', #1116, 39.37007874015748143 ) ;
#1474 = LINE ( 'NONE', #5158, #1862 ) ;
#1475 = CIRCLE ( 'NONE', #2359, 0.01249999999999973008 ) ;
#1476 = DIRECTION ( 'NONE',  ( -0.3420201433256720991, 0.0000000000000000000, 0.9396926207859070956 ) ) ;
#1477 = DIRECTION ( 'NONE',  ( 1.355298456929802892E-15, 0.0000000000000000000, 1.000000000000000000 ) ) ;
#1478 = ORIENTED_EDGE ( 'NONE', *, *, #1350, .T. ) ;
#1479 = ORIENTED_EDGE ( 'NONE', *, *, #4850, .T. ) ;
#1480 = CARTESIAN_POINT ( 'NONE',  ( 0.5379674688103074365, -0.03399999999999996775, -0.01844999999999967846 ) ) ;
#1481 = VECTOR ( 'NONE', #4247, 39.37007874015748143 ) ;
#1482 = VECTOR ( 'NONE', #4895, 39.37007874015748143 ) ;
#1483 = DIRECTION ( 'NONE',  ( 0.0000000000000000000, 0.0000000000000000000, 1.000000000000000000 ) ) ;
#1484 = CARTESIAN_POINT ( 'NONE',  ( 0.7759349376206153837, 0.0000000000000000000, -0.09999999999999974187 ) ) ;
#1485 = DIRECTION ( 'NONE',  ( 0.0000000000000000000, 1.000000000000000000, 0.0000000000000000000 ) ) ;
#1486 = PRESENTATION_LAYER_ASSIGNMENT (  '', '', ( #5248 ) ) ;
#1487 = ORIENTED_EDGE ( 'NONE', *, *, #1326, .T. ) ;
#1488 = CARTESIAN_POINT ( 'NONE',  ( -0.005732531189691705831, -0.1650000000000000078, -0.08425000000000165690 ) ) ;
#1489 = FACE_OUTER_BOUND ( 'NONE', #4974, .T. ) ;
#1490 = LENGTH_MEASURE_WITH_UNIT ( LENGTH_MEASURE( 0.02539999999999999897 ), #5265 );
#1491 = CARTESIAN_POINT ( 'NONE',  ( 0.4942664688103074466, 0.0000000000000000000, -0.08424999999999957523 ) ) ;
#1492 = CARTESIAN_POINT ( 'NONE',  ( 0.1773881722737660205, -5.437771683063675530E-16, 0.1640881722737654591 ) ) ;
#1493 = ORIENTED_EDGE ( 'NONE', *, *, #5544, .F. ) ;
#1494 = CARTESIAN_POINT ( 'NONE',  ( 0.5379674688103074365, 0.1300881722737651791, 0.1273881722737671696 ) ) ;
#1495 = ORIENTED_EDGE ( 'NONE', *, *, #1825, .F. ) ;
#1496 = CARTESIAN_POINT ( 'NONE',  ( 0.3816684688103073597, 0.0000000000000000000, -0.01574999999999998623 ) ) ;
#1497 = ADVANCED_FACE ( 'NONE', ( #1117 ), #3958, .T. ) ;
#1498 = ORIENTED_EDGE ( 'NONE', *, *, #2526, .T. ) ;
#1499 = ORIENTED_EDGE ( 'NONE', *, *, #5219, .T. ) ;
#1500 = ORIENTED_EDGE ( 'NONE', *, *, #5182, .F. ) ;
#1501 = CARTESIAN_POINT ( 'NONE',  ( 0.3816684688103073597, 0.0000000000000000000, -0.01574999999999998623 ) ) ;
#1502 = LINE ( 'NONE', #5185, #983 ) ;
#1503 = FACE_OUTER_BOUND ( 'NONE', #5813, .T. ) ;
#1504 = EDGE_CURVE ( 'NONE', #4111, #5499, #4130, .T. ) ;
#1505 = VERTEX_POINT ( 'NONE', #1822 ) ;
#1506 = ORIENTED_EDGE ( 'NONE', *, *, #2877, .T. ) ;
#1507 = FACE_OUTER_BOUND ( 'NONE', #419, .T. ) ;
#1508 = CYLINDRICAL_SURFACE ( 'NONE', #5820, 0.02949999999999814229 ) ;
#1509 = CARTESIAN_POINT ( 'NONE',  ( 0.09426646881030739666, 0.0000000000000000000, -0.08424999999999957523 ) ) ;
#1510 = DIRECTION ( 'NONE',  ( 0.0000000000000000000, 0.0000000000000000000, 1.000000000000000000 ) ) ;
#1511 = EDGE_CURVE ( 'NONE', #4685, #5542, #1858, .T. ) ;
#1512 = ORIENTED_EDGE ( 'NONE', *, *, #2151, .T. ) ;
#1513 = DIRECTION ( 'NONE',  ( -0.0000000000000000000, 1.000000000000000000, -0.0000000000000000000 ) ) ;
#1514 = VERTEX_POINT ( 'NONE', #3021 ) ;
#1515 = FACE_OUTER_BOUND ( 'NONE', #5218, .T. ) ;
#1516 = DIRECTION ( 'NONE',  ( -1.000000000000000000, -2.910014281297124994E-31, 1.355298456929802892E-15 ) ) ;
#1517 = DIRECTION ( 'NONE',  ( -0.0000000000000000000, 1.000000000000000000, -0.0000000000000000000 ) ) ;
#1518 = DIRECTION ( 'NONE',  ( 0.0000000000000000000, 0.0000000000000000000, 1.000000000000000000 ) ) ;
#1519 = EDGE_CURVE ( 'NONE', #3025, #2188, #2142, .T. ) ;
#1520 = ORIENTED_EDGE ( 'NONE', *, *, #558, .F. ) ;
#1521 = PRODUCT_CONTEXT ( 'NONE', #5697, 'mechanical' ) ;
#1522 = EDGE_CURVE ( 'NONE', #4111, #2323, #417, .T. ) ;
#1523 = CARTESIAN_POINT ( 'NONE',  ( 0.2371577766241679819, -0.1650000000000000078, -0.1726548422360023871 ) ) ;
#1524 = ORIENTED_EDGE ( 'NONE', *, *, #5888, .F. ) ;
#1525 = LINE ( 'NONE', #2898, #1954 ) ;
#1526 = VERTEX_POINT ( 'NONE', #3680 ) ;
#1527 = EDGE_CURVE ( 'NONE', #2052, #1558, #5022, .T. ) ;
#1528 = EDGE_CURVE ( 'NONE', #1905, #896, #1559, .T. ) ;
#1529 = AXIS2_PLACEMENT_3D ( 'NONE', #2827, #5199, #565 ) ;
#1530 = EDGE_LOOP ( 'NONE', ( #2719, #1536, #3266, #5667 ) ) ;
#1531 = CARTESIAN_POINT ( 'NONE',  ( 0.6942664688103074022, 0.0000000000000000000, -0.01574999999999998623 ) ) ;
#1532 = CARTESIAN_POINT ( 'NONE',  ( 0.5962719448011143397, -0.1650000000000000078, -0.08975999999999988155 ) ) ;
#1533 = LINE ( 'NONE', #4700, #5494 ) ;
#1534 = EDGE_LOOP ( 'NONE', ( #1098, #3023, #2916, #4046 ) ) ;
#1535 = VECTOR ( 'NONE', #740, 39.37007874015748143 ) ;
#1536 = ORIENTED_EDGE ( 'NONE', *, *, #1345, .F. ) ;
#1537 = DIRECTION ( 'NONE',  ( -0.3420201433256694346, 0.0000000000000000000, -0.9396926207859080948 ) ) ;
#1538 = STYLED_ITEM ( 'NONE', ( #2995 ), #3990 ) ;
#1539 = EDGE_CURVE ( 'NONE', #2553, #666, #449, .T. ) ;
#1540 = ADVANCED_FACE ( 'NONE', ( #4602 ), #1374, .T. ) ;
#1541 = CARTESIAN_POINT ( 'NONE',  ( -0.01203253118969267385, -0.1650000000000000078, -0.08975999999999990930 ) ) ;
#1542 = CARTESIAN_POINT ( 'NONE',  ( 0.02246696881030735629, -0.03899999999999999994, 0.04999999999999998196 ) ) ;
#1543 = CARTESIAN_POINT ( 'NONE',  ( -0.01203253118969264436, -0.1650000000000000078, -0.01574999999999999664 ) ) ;
#1544 = ORIENTED_EDGE ( 'NONE', *, *, #1519, .T. ) ;
#1545 = DIRECTION ( 'NONE',  ( -1.000000000000000000, 0.0000000000000000000, -0.0000000000000000000 ) ) ;
#1546 = ORIENTED_EDGE ( 'NONE', *, *, #4888, .F. ) ;
#1547 = EDGE_CURVE ( 'NONE', #2654, #3682, #305, .T. ) ;
#1548 = LINE ( 'NONE', #3404, #3127 ) ;
#1549 = VECTOR ( 'NONE', #710, 39.37007874015748143 ) ;
#1550 = CARTESIAN_POINT ( 'NONE',  ( 0.03796746881030733239, 0.0000000000000000000, -0.05000000000000019013 ) ) ;
#1551 = CARTESIAN_POINT ( 'NONE',  ( -0.005732531189692642581, 0.0000000000000000000, -0.01574999999999999664 ) ) ;
#1552 = ORIENTED_EDGE ( 'NONE', *, *, #3319, .T. ) ;
#1553 = DIRECTION ( 'NONE',  ( 3.307784318971019195E-15, -1.000000000000000000, -1.715124499442920756E-15 ) ) ;
#1554 = DIRECTION ( 'NONE',  ( 4.639687489239577477E-17, 0.0000000000000000000, 1.000000000000000000 ) ) ;
#1555 = PLANE ( 'NONE',  #3688 ) ;
#1556 = AXIS2_PLACEMENT_3D ( 'NONE', #1690, #3080, #4914 ) ;
#1557 = CARTESIAN_POINT ( 'NONE',  ( 0.6942664688103074022, 0.0000000000000000000, -0.08424999999999957523 ) ) ;
#1558 = VERTEX_POINT ( 'NONE', #2312 ) ;
#1559 = CIRCLE ( 'NONE', #2630, 0.01249999999999974569 ) ;
#1560 = ORIENTED_EDGE ( 'NONE', *, *, #2023, .T. ) ;
#1561 = LINE ( 'NONE', #5577, #3224 ) ;
#1562 = CARTESIAN_POINT ( 'NONE',  ( 0.1390000000000000124, 0.0000000000000000000, 0.0000000000000000000 ) ) ;
#1563 = FACE_BOUND ( 'NONE', #5580, .T. ) ;
#1564 = ORIENTED_EDGE ( 'NONE', *, *, #5863, .T. ) ;
#1565 = CIRCLE ( 'NONE', #2447, 0.02089999999999871128 ) ;
#1566 = ORIENTED_EDGE ( 'NONE', *, *, #4605, .F. ) ;
#1567 = EDGE_CURVE ( 'NONE', #3902, #1575, #273, .T. ) ;
#1568 = CARTESIAN_POINT ( 'NONE',  ( 0.5816684688103074263, -0.2760000000000000231, -0.01574999999999998623 ) ) ;
#1569 = ADVANCED_FACE ( 'NONE', ( #1167, #2108 ), #1655, .F. ) ;
#1570 = VECTOR ( 'NONE', #1306, 39.37007874015748854 ) ;
#1571 = CONICAL_SURFACE ( 'NONE', #1959, 0.02776794919242787929, 0.5235987755984079506 ) ;
#1572 = DIRECTION ( 'NONE',  ( -1.000000000000000000, 0.0000000000000000000, -1.980403796674357815E-16 ) ) ;
#1573 = DIRECTION ( 'NONE',  ( 0.3420201433256639389, 0.0000000000000000000, -0.9396926207859100932 ) ) ;
#1574 = DIRECTION ( 'NONE',  ( -1.000000000000000000, 0.0000000000000000000, -0.0000000000000000000 ) ) ;
#1575 = VERTEX_POINT ( 'NONE', #4431 ) ;
#1576 = PLANE ( 'NONE',  #797 ) ;
#1577 = VERTEX_POINT ( 'NONE', #4877 ) ;
#1578 = EDGE_CURVE ( 'NONE', #1816, #5837, #4071, .T. ) ;
#1579 = ORIENTED_EDGE ( 'NONE', *, *, #166, .F. ) ;
#1580 = CIRCLE ( 'NONE', #5623, 0.03155000000000051513 ) ;
#1581 = EDGE_CURVE ( 'NONE', #2847, #1707, #2218, .T. ) ;
#1582 = AXIS2_PLACEMENT_3D ( 'NONE', #4176, #5491, #43 ) ;
#1583 = VECTOR ( 'NONE', #917, 39.37007874015748854 ) ;
#1584 = PLANE ( 'NONE',  #2429 ) ;
#1585 = DIRECTION ( 'NONE',  ( -0.0000000000000000000, 1.000000000000000000, -0.0000000000000000000 ) ) ;
#1586 = ORIENTED_EDGE ( 'NONE', *, *, #3184, .T. ) ;
#1587 = EDGE_CURVE ( 'NONE', #349, #1984, #5446, .T. ) ;
#1588 =( CONVERSION_BASED_UNIT ( 'INCH', #2012 ) LENGTH_UNIT ( ) NAMED_UNIT ( #1287 ) );
#1589 = PLANE ( 'NONE',  #1673 ) ;
#1590 = DIRECTION ( 'NONE',  ( -1.000000000000000000, 0.0000000000000000000, -0.0000000000000000000 ) ) ;
#1591 = DIRECTION ( 'NONE',  ( -0.0000000000000000000, 1.000000000000000000, -0.0000000000000000000 ) ) ;
#1592 = ORIENTED_EDGE ( 'NONE', *, *, #3460, .F. ) ;
#1593 = EDGE_CURVE ( 'NONE', #242, #5024, #851, .T. ) ;
#1594 = PRODUCT_DEFINITION_SHAPE ( 'NONE', 'NONE',  #5958 ) ;
#1595 = ORIENTED_EDGE ( 'NONE', *, *, #2536, .T. ) ;
#1596 = DIRECTION ( 'NONE',  ( 4.639687489239577477E-17, 0.0000000000000000000, 1.000000000000000000 ) ) ;
#1597 = CARTESIAN_POINT ( 'NONE',  ( 0.7379674688103073921, -0.03399999999999996775, -0.08740000000000071323 ) ) ;
#1598 = ORIENTED_EDGE ( 'NONE', *, *, #2924, .T. ) ;
#1599 = EDGE_CURVE ( 'NONE', #4870, #3111, #4104, .T. ) ;
#1600 = EDGE_LOOP ( 'NONE', ( #3458, #591, #4274, #5392 ) ) ;
#1601 = SURFACE_STYLE_FILL_AREA ( #2571 ) ;
#1602 = EDGE_CURVE ( 'NONE', #2070, #4439, #3987, .T. ) ;
#1603 = CARTESIAN_POINT ( 'NONE',  ( 0.7759349376206142734, -0.1650000000000000078, 0.0000000000000000000 ) ) ;
#1604 = CARTESIAN_POINT ( 'NONE',  ( 0.08166846881030741245, -0.1531900000000000206, -0.08424999999999954747 ) ) ;
#1605 = PLANE ( 'NONE',  #1341 ) ;
#1606 = ORIENTED_EDGE ( 'NONE', *, *, #559, .T. ) ;
#1607 = CARTESIAN_POINT ( 'NONE',  ( 0.2379674688103073643, -0.03399999999999996775, -0.08740000000000071323 ) ) ;
#1608 = EDGE_LOOP ( 'NONE', ( #2816, #1316, #4421, #1499 ) ) ;
#1609 = ORIENTED_EDGE ( 'NONE', *, *, #249, .F. ) ;
#1610 = CARTESIAN_POINT ( 'NONE',  ( 0.6379674688103074143, -0.03399999999999996775, -0.08740000000000071323 ) ) ;
#1611 = ADVANCED_FACE ( 'NONE', ( #1286 ), #33, .F. ) ;
#1612 = DIRECTION ( 'NONE',  ( -0.0000000000000000000, 1.000000000000000000, -0.0000000000000000000 ) ) ;
#1613 = CARTESIAN_POINT ( 'NONE',  ( 0.1773881722737656597, -1.275128281230865970E-15, 0.3851881722737665603 ) ) ;
#1614 = VERTEX_POINT ( 'NONE', #1831 ) ;
#1615 = DIRECTION ( 'NONE',  ( -1.387778780781445676E-17, 1.715124499442919967E-15, -1.000000000000000222 ) ) ;
#1616 = FACE_OUTER_BOUND ( 'NONE', #1269, .T. ) ;
#1617 = EDGE_CURVE ( 'NONE', #4631, #4615, #3265, .T. ) ;
#1618 = LINE ( 'NONE', #4401, #2811 ) ;
#1619 = EDGE_LOOP ( 'NONE', ( #1886, #2416 ) ) ;
#1620 = ADVANCED_FACE ( 'NONE', ( #5934 ), #4967, .T. ) ;
#1621 = ORIENTED_EDGE ( 'NONE', *, *, #3329, .F. ) ;
#1622 = LINE ( 'NONE', #2481, #3983 ) ;
#1623 = CYLINDRICAL_SURFACE ( 'NONE', #1818, 0.01249999999999973008 ) ;
#1624 = ORIENTED_EDGE ( 'NONE', *, *, #5701, .T. ) ;
#1625 = EDGE_LOOP ( 'NONE', ( #809, #3271, #3561, #88, #2788, #343 ) ) ;
#1626 = LENGTH_MEASURE_WITH_UNIT ( LENGTH_MEASURE( 0.02539999999999999897 ), #2256 );
#1627 = VECTOR ( 'NONE', #5880, 39.37007874015748143 ) ;
#1628 = ADVANCED_FACE ( 'NONE', ( #2746 ), #3627, .F. ) ;
#1629 = FACE_OUTER_BOUND ( 'NONE', #853, .T. ) ;
#1630 = CARTESIAN_POINT ( 'NONE',  ( 0.2379674688103073643, 0.0000000000000000000, -0.05000000000000019013 ) ) ;
#1631 = CARTESIAN_POINT ( 'NONE',  ( 0.4962719448011141954, -0.2760000000000000231, -0.01024000000000000084 ) ) ;
#1632 = VERTEX_POINT ( 'NONE', #5547 ) ;
#1633 = AXIS2_PLACEMENT_3D ( 'NONE', #1568, #4768, #644 ) ;
#1634 = CARTESIAN_POINT ( 'NONE',  ( 0.1816684688103074041, -0.2760000000000000231, -0.01574999999999998623 ) ) ;
#1635 = ORIENTED_EDGE ( 'NONE', *, *, #3056, .F. ) ;
#1636 = ORIENTED_EDGE ( 'NONE', *, *, #2787, .F. ) ;
#1637 = CIRCLE ( 'NONE', #5198, 0.03155000000000051513 ) ;
#1638 = DIRECTION ( 'NONE',  ( 0.0000000000000000000, 1.000000000000000000, 0.0000000000000000000 ) ) ;
#1639 = CYLINDRICAL_SURFACE ( 'NONE', #876, 0.03740000000000053004 ) ;
#1640 = DIRECTION ( 'NONE',  ( 0.0000000000000000000, 3.369016658928398207E-15, -1.000000000000000000 ) ) ;
#1641 = ORIENTED_EDGE ( 'NONE', *, *, #1164, .F. ) ;
#1642 = VECTOR ( 'NONE', #2940, 39.37007874015748143 ) ;
#1643 = ITEM_DEFINED_TRANSFORMATION ( 'NONE', 'NONE', #4054,  #585 ) ;
#1644 = ADVANCED_FACE ( 'NONE', ( #2681 ), #1412, .F. ) ;
#1645 = VECTOR ( 'NONE', #268, 39.37007874015748854 ) ;
#1646 = CARTESIAN_POINT ( 'NONE',  ( 0.03796746881030733239, 0.0000000000000000000, -0.05000000000000019013 ) ) ;
#1647 = DIRECTION ( 'NONE',  ( 0.0000000000000000000, 0.0000000000000000000, 1.000000000000000000 ) ) ;
#1648 = DIRECTION ( 'NONE',  ( 0.0000000000000000000, 1.000000000000000000, 0.0000000000000000000 ) ) ;
#1649 = ORIENTED_EDGE ( 'NONE', *, *, #1097, .F. ) ;
#1650 = VECTOR ( 'NONE', #3928, 39.37007874015748854 ) ;
#1651 = EDGE_CURVE ( 'NONE', #4885, #1802, #2809, .T. ) ;
#1652 = DIRECTION ( 'NONE',  ( 0.0000000000000000000, 0.0000000000000000000, 1.000000000000000000 ) ) ;
#1653 = VECTOR ( 'NONE', #5404, 39.37007874015748143 ) ;
#1654 = ORIENTED_EDGE ( 'NONE', *, *, #4450, .T. ) ;
#1655 = PLANE ( 'NONE',  #2826 ) ;
#1656 = CARTESIAN_POINT ( 'NONE',  ( 0.5942664688103074244, -0.1531900000000000206, -0.01574999999999996542 ) ) ;
#1657 = ORIENTED_EDGE ( 'NONE', *, *, #2346, .F. ) ;
#1658 = ORIENTED_EDGE ( 'NONE', *, *, #473, .F. ) ;
#1659 = LINE ( 'NONE', #668, #1721 ) ;
#1660 = ADVANCED_FACE ( 'NONE', ( #5868 ), #3168, .T. ) ;
#1661 = VECTOR ( 'NONE', #5788, 39.37007874015748143 ) ;
#1662 = PLANE ( 'NONE',  #993 ) ;
#1663 = VECTOR ( 'NONE', #3621, 39.37007874015748854 ) ;
#1664 = DIRECTION ( 'NONE',  ( -0.0000000000000000000, -1.000000000000000000, -2.147139079527372365E-16 ) ) ;
#1665 = CARTESIAN_POINT ( 'NONE',  ( -0.01203253118969267385, -0.1531900000000000206, -0.08975999999999990930 ) ) ;
#1666 = ORIENTED_EDGE ( 'NONE', *, *, #2001, .T. ) ;
#1667 = CARTESIAN_POINT ( 'NONE',  ( 0.1773881722737661315, 0.03599999999999765193, 0.1640881722737655979 ) ) ;
#1668 = ORIENTED_EDGE ( 'NONE', *, *, #960, .T. ) ;
#1669 = AXIS2_PLACEMENT_3D ( 'NONE', #193, #3457, #3915 ) ;
#1670 =( CONVERSION_BASED_UNIT ( 'INCH', #285 ) LENGTH_UNIT ( ) NAMED_UNIT ( #2263 ) );
#1671 = DIRECTION ( 'NONE',  ( 0.0000000000000000000, 0.0000000000000000000, 1.000000000000000000 ) ) ;
#1672 = CARTESIAN_POINT ( 'NONE',  ( 0.7759349376206153837, -0.1650000000000000078, -0.09999999999999974187 ) ) ;
#1673 = AXIS2_PLACEMENT_3D ( 'NONE', #4784, #658, #4811 ) ;
#1674 = ORIENTED_EDGE ( 'NONE', *, *, #2239, .F. ) ;
#1675 = ADVANCED_FACE ( 'NONE', ( #455 ), #894, .F. ) ;
#1676 = VECTOR ( 'NONE', #1516, 39.37007874015748143 ) ;
#1677 = DIRECTION ( 'NONE',  ( -0.3420201433256272461, -0.0000000000000000000, -0.9396926207859235269 ) ) ;
#1678 = CARTESIAN_POINT ( 'NONE',  ( 0.1390000000000000124, 1.530808498934160386E-18, -0.01249999999999974569 ) ) ;
#1679 = DIRECTION ( 'NONE',  ( -1.855874995695831977E-16, -0.0000000000000000000, -1.000000000000000000 ) ) ;
#1680 = VERTEX_POINT ( 'NONE', #2225 ) ;
#1681 = AXIS2_PLACEMENT_3D ( 'NONE', #4213, #5437, #5106 ) ;
#1682 = CARTESIAN_POINT ( 'NONE',  ( 0.6796629928195005999, -0.1531900000000000206, -0.08975999999999990930 ) ) ;
#1683 = ORIENTED_EDGE ( 'NONE', *, *, #5764, .T. ) ;
#1684 = EDGE_CURVE ( 'NONE', #2413, #1348, #324, .T. ) ;
#1685 = DIRECTION ( 'NONE',  ( 0.0000000000000000000, 0.0000000000000000000, 1.000000000000000000 ) ) ;
#1686 = ORIENTED_EDGE ( 'NONE', *, *, #1443, .T. ) ;
#1687 = ORIENTED_EDGE ( 'NONE', *, *, #488, .F. ) ;
#1688 = DIRECTION ( 'NONE',  ( 1.355298456929802892E-15, 0.0000000000000000000, 1.000000000000000000 ) ) ;
#1689 = EDGE_CURVE ( 'NONE', #2421, #4862, #2341, .T. ) ;
#1690 = CARTESIAN_POINT ( 'NONE',  ( 0.2379674688103073643, 0.0000000000000000000, -0.05000000000000019013 ) ) ;
#1691 = LINE ( 'NONE', #5369, #3482 ) ;
#1692 = ORIENTED_EDGE ( 'NONE', *, *, #3240, .F. ) ;
#1693 = CARTESIAN_POINT ( 'NONE',  ( 0.5759359376206146797, -0.1650000000000000078, -0.09999999999999989453 ) ) ;
#1694 = VERTEX_POINT ( 'NONE', #4580 ) ;
#1695 = DIRECTION ( 'NONE',  ( -0.3420201433256639389, 0.0000000000000000000, 0.9396926207859100932 ) ) ;
#1696 = DIRECTION ( 'NONE',  ( 1.000000000000000000, -0.0000000000000000000, -0.0000000000000000000 ) ) ;
#1697 = CARTESIAN_POINT ( 'NONE',  ( 0.01846696881030735274, 0.0000000000000000000, 0.04599999999999997841 ) ) ;
#1698 = ORIENTED_EDGE ( 'NONE', *, *, #1311, .F. ) ;
#1699 = CARTESIAN_POINT ( 'NONE',  ( -0.003727055198885882974, -0.1531900000000000206, -0.01024000000000000084 ) ) ;
#1700 = EDGE_CURVE ( 'NONE', #4110, #543, #2291, .T. ) ;
#1701 = CARTESIAN_POINT ( 'NONE',  ( 0.3379674688103073699, -0.03399999999999996775, -0.05000000000000019013 ) ) ;
#1702 = DIRECTION ( 'NONE',  ( 1.715124499442882891E-15, 3.307784318971030633E-15, -1.000000000000000000 ) ) ;
#1703 = PLANE ( 'NONE',  #2240 ) ;
#1704 = EDGE_LOOP ( 'NONE', ( #2470, #1767, #714, #1253 ) ) ;
#1705 = EDGE_CURVE ( 'NONE', #4434, #4766, #3689, .T. ) ;
#1706 = DIRECTION ( 'NONE',  ( -1.000000000000000000, 0.0000000000000000000, -1.980403796674357815E-16 ) ) ;
#1707 = VERTEX_POINT ( 'NONE', #5901 ) ;
#1708 = LINE ( 'NONE', #3563, #3665 ) ;
#1709 = ORIENTED_EDGE ( 'NONE', *, *, #4816, .F. ) ;
#1710 = EDGE_LOOP ( 'NONE', ( #1382, #1595, #1649, #4168 ) ) ;
#1711 = CARTESIAN_POINT ( 'NONE',  ( 0.5816684688103074263, -0.2760000000000000231, -0.01574999999999998623 ) ) ;
#1712 = CARTESIAN_POINT ( 'NONE',  ( 0.02246696881030735629, -0.03899999999999999994, 0.04999999999999998196 ) ) ;
#1713 = CARTESIAN_POINT ( 'NONE',  ( 0.2962719448011142398, -0.1650000000000000078, -0.08975999999999990930 ) ) ;
#1714 = VERTEX_POINT ( 'NONE', #2776 ) ;
#1715 = FACE_OUTER_BOUND ( 'NONE', #1704, .T. ) ;
#1716 = ORIENTED_EDGE ( 'NONE', *, *, #271, .F. ) ;
#1717 = SHAPE_REPRESENTATION ( 'P8XX-11-013-30-000000_P808-11-013-30-000000', ( #585 ), #2 ) ;
#1718 = VECTOR ( 'NONE', #1271, 39.37007874015748854 ) ;
#1719 = EDGE_CURVE ( 'NONE', #4110, #2980, #484, .T. ) ;
#1720 = DIRECTION ( 'NONE',  ( -0.0000000000000000000, 1.000000000000000000, -0.0000000000000000000 ) ) ;
#1721 = VECTOR ( 'NONE', #250, 39.37007874015748143 ) ;
#1722 = DIRECTION ( 'NONE',  ( 0.0000000000000000000, 0.0000000000000000000, 1.000000000000000000 ) ) ;
#1723 = DIRECTION ( 'NONE',  ( 0.0000000000000000000, -1.000000000000000000, 0.0000000000000000000 ) ) ;
#1724 = ORIENTED_EDGE ( 'NONE', *, *, #2732, .T. ) ;
#1725 = AXIS2_PLACEMENT_3D ( 'NONE', #3066, #2182, #1640 ) ;
#1726 = DIRECTION ( 'NONE',  ( -1.000000000000000000, -0.0000000000000000000, -0.0000000000000000000 ) ) ;
#1727 = CARTESIAN_POINT ( 'NONE',  ( 0.03796746881030733239, 0.0000000000000000000, -0.01259999999999966182 ) ) ;
#1728 = AXIS2_PLACEMENT_3D ( 'NONE', #3545, #3968, #2199 ) ;
#1729 = CARTESIAN_POINT ( 'NONE',  ( 0.5796629928195006221, -0.1650000000000000078, -0.01024000000000000084 ) ) ;
#1730 = CARTESIAN_POINT ( 'NONE',  ( 0.1564881722737678504, 6.029449394359285495E-16, -0.1609118277262354957 ) ) ;
#1731 = DIRECTION ( 'NONE',  ( 1.715124499442882891E-15, 3.307784318971030633E-15, -1.000000000000000000 ) ) ;
#1732 = ORIENTED_EDGE ( 'NONE', *, *, #171, .F. ) ;
#1733 = PRODUCT_DEFINITION_SHAPE ( 'NONE', 'NONE',  #5956 ) ;
#1734 = AXIS2_PLACEMENT_3D ( 'NONE', #4313, #2961, #1590 ) ;
#1735 = DIRECTION ( 'NONE',  ( 0.0000000000000000000, -1.000000000000000000, 0.0000000000000000000 ) ) ;
#1736 = VERTEX_POINT ( 'NONE', #3380 ) ;
#1737 = AXIS2_PLACEMENT_3D ( 'NONE', #232, #2009, #1105 ) ;
#1738 = DIRECTION ( 'NONE',  ( 1.000000000000000000, 0.0000000000000000000, -1.355298456929802892E-15 ) ) ;
#1739 = ORIENTED_EDGE ( 'NONE', *, *, #2221, .F. ) ;
#1740 = ORIENTED_EDGE ( 'NONE', *, *, #1872, .T. ) ;
#1741 = VECTOR ( 'NONE', #1095, 39.37007874015748143 ) ;
#1742 = CARTESIAN_POINT ( 'NONE',  ( 0.07966299281950049715, -0.1650000000000000078, -0.08975999999999990930 ) ) ;
#1743 = CYLINDRICAL_SURFACE ( 'NONE', #1556, 0.03740000000000053004 ) ;
#1744 = CARTESIAN_POINT ( 'NONE',  ( 0.1379674688103073310, 0.0000000000000000000, -0.08740000000000071323 ) ) ;
#1745 = EDGE_CURVE ( 'NONE', #2969, #508, #1990, .T. ) ;
#1746 = VERTEX_POINT ( 'NONE', #4227 ) ;
#1747 = VECTOR ( 'NONE', #4346, 39.37007874015748143 ) ;
#1748 = DIRECTION ( 'NONE',  ( -0.0000000000000000000, 1.000000000000000000, -0.0000000000000000000 ) ) ;
#1749 = ORIENTED_EDGE ( 'NONE', *, *, #5652, .T. ) ;
#1750 = CARTESIAN_POINT ( 'NONE',  ( 0.2379674688103073643, 0.0000000000000000000, -0.05000000000000019013 ) ) ;
#1751 = VECTOR ( 'NONE', #4988, 39.37007874015748143 ) ;
#1752 = DIRECTION ( 'NONE',  ( -0.0000000000000000000, 1.000000000000000000, -0.0000000000000000000 ) ) ;
#1753 = DIRECTION ( 'NONE',  ( 1.715124499442882891E-15, 3.307784318971030633E-15, -1.000000000000000000 ) ) ;
#1754 = CARTESIAN_POINT ( 'NONE',  ( 0.3474754744118835892, -0.1650000000000000078, 0.04430720054349978482 ) ) ;
#1755 = EDGE_CURVE ( 'NONE', #896, #1905, #223, .T. ) ;
#1756 = ORIENTED_EDGE ( 'NONE', *, *, #5079, .T. ) ;
#1757 = AXIS2_PLACEMENT_3D ( 'NONE', #4863, #1232, #3085 ) ;
#1758 = PLANE ( 'NONE',  #3769 ) ;
#1759 = AXIS2_PLACEMENT_3D ( 'NONE', #3693, #5874, #3630 ) ;
#1760 = LINE ( 'NONE', #1192, #4098 ) ;
#1761 = VECTOR ( 'NONE', #148, 39.37007874015748143 ) ;
#1762 = DIRECTION ( 'NONE',  ( 3.267760757971642910E-15, 1.000000000000000000, 3.267760757971642910E-15 ) ) ;
#1763 = DIRECTION ( 'NONE',  ( -0.0000000000000000000, 1.000000000000000000, -0.0000000000000000000 ) ) ;
#1764 = EDGE_CURVE ( 'NONE', #3899, #1055, #573, .T. ) ;
#1765 = CARTESIAN_POINT ( 'NONE',  ( 0.3816684688103073597, -0.1531900000000000206, -0.01574999999999996542 ) ) ;
#1766 = DIRECTION ( 'NONE',  ( 1.715124499442882891E-15, 3.307784318971030633E-15, -1.000000000000000000 ) ) ;
#1767 = ORIENTED_EDGE ( 'NONE', *, *, #5154, .F. ) ;
#1768 = AXIS2_PLACEMENT_3D ( 'NONE', #1492, #2922, #3373 ) ;
#1769 = VECTOR ( 'NONE', #3980, 39.37007874015748143 ) ;
#1770 = LINE ( 'NONE', #5361, #2546 ) ;
#1771 = EDGE_LOOP ( 'NONE', ( #4508, #4502 ) ) ;
#1772 = EDGE_CURVE ( 'NONE', #5574, #2847, #2930, .T. ) ;
#1773 = VECTOR ( 'NONE', #5465, 39.37007874015748854 ) ;
#1774 = EDGE_LOOP ( 'NONE', ( #1635, #4073, #874, #2677, #582, #1812 ) ) ;
#1775 = ORIENTED_EDGE ( 'NONE', *, *, #5464, .F. ) ;
#1776 = FACE_OUTER_BOUND ( 'NONE', #4691, .T. ) ;
#1777 = DIRECTION ( 'NONE',  ( 1.000000000000000000, 0.0000000000000000000, 0.0000000000000000000 ) ) ;
#1778 = FACE_BOUND ( 'NONE', #3110, .T. ) ;
#1779 = ORIENTED_EDGE ( 'NONE', *, *, #1047, .F. ) ;
#1780 = DIRECTION ( 'NONE',  ( 1.000000000000000000, 0.0000000000000000000, -1.355298456929802892E-15 ) ) ;
#1781 = EDGE_LOOP ( 'NONE', ( #2044, #5454, #2140, #841 ) ) ;
#1782 = LINE ( 'NONE', #2333, #576 ) ;
#1783 = ADVANCED_FACE ( 'NONE', ( #2412 ), #2837, .T. ) ;
#1784 = CARTESIAN_POINT ( 'NONE',  ( 0.7379674688103073921, 9.184870279381501883E-17, -0.05000000000000019013 ) ) ;
#1785 = DIRECTION ( 'NONE',  ( 0.0000000000000000000, 0.0000000000000000000, 1.000000000000000000 ) ) ;
#1786 = CARTESIAN_POINT ( 'NONE',  ( 0.6942664688103074022, -0.2760000000000000231, -0.08424999999999957523 ) ) ;
#1787 = VERTEX_POINT ( 'NONE', #4201 ) ;
#1788 = EDGE_CURVE ( 'NONE', #4402, #3347, #175, .T. ) ;
#1789 = CARTESIAN_POINT ( 'NONE',  ( -0.005732531189691705831, -0.1650000000000000078, -0.08425000000000165690 ) ) ;
#1790 = DIRECTION ( 'NONE',  ( -0.3420201433256639389, -2.017650748832923650E-16, 0.9396926207859100932 ) ) ;
#1791 = CARTESIAN_POINT ( 'NONE',  ( 0.0000000000000000000, 0.0000000000000000000, 0.0000000000000000000 ) ) ;
#1792 = DIRECTION ( 'NONE',  ( 1.715124499442882891E-15, 3.307784318971030633E-15, -1.000000000000000000 ) ) ;
#1793 = DIRECTION ( 'NONE',  ( 1.000000000000000000, -0.0000000000000000000, -0.0000000000000000000 ) ) ;
#1794 = CARTESIAN_POINT ( 'NONE',  ( 0.09627194480111420094, -0.1650000000000000078, -0.01024000000000000084 ) ) ;
#1795 = EDGE_LOOP ( 'NONE', ( #1687, #1154, #1144, #4819 ) ) ;
#1796 = CARTESIAN_POINT ( 'NONE',  ( 0.1773881722737661037, -3.850035209957580203E-16, 0.1160881722737654442 ) ) ;
#1797 = EDGE_CURVE ( 'NONE', #5086, #1201, #548, .T. ) ;
#1798 = ADVANCED_FACE ( 'NONE', ( #1956 ), #5180, .F. ) ;
#1799 = CARTESIAN_POINT ( 'NONE',  ( 0.3379674688103073699, -0.03399999999999996775, -0.05000000000000019013 ) ) ;
#1800 = ORIENTED_EDGE ( 'NONE', *, *, #4212, .F. ) ;
#1801 = DIRECTION ( 'NONE',  ( 0.9396926207859100932, 0.0000000000000000000, 0.3420201433256639389 ) ) ;
#1802 = VERTEX_POINT ( 'NONE', #4638 ) ;
#1803 = VERTEX_POINT ( 'NONE', #3324 ) ;
#1804 = PLANE ( 'NONE',  #795 ) ;
#1805 = DIRECTION ( 'NONE',  ( -0.0000000000000000000, -1.000000000000000000, -2.147139079527372365E-16 ) ) ;
#1806 = DIRECTION ( 'NONE',  ( 1.000000000000000000, 0.0000000000000000000, -1.355298456929802892E-15 ) ) ;
#1807 = ORIENTED_EDGE ( 'NONE', *, *, #4197, .T. ) ;
#1808 = CARTESIAN_POINT ( 'NONE',  ( 0.0000000000000000000, -7.355530002928538069E-16, 0.0000000000000000000 ) ) ;
#1809 = ORIENTED_EDGE ( 'NONE', *, *, #3310, .T. ) ;
#1810 = LINE ( 'NONE', #10, #1332 ) ;
#1811 = EDGE_CURVE ( 'NONE', #5109, #896, #150, .T. ) ;
#1812 = ORIENTED_EDGE ( 'NONE', *, *, #3048, .T. ) ;
#1813 = DIRECTION ( 'NONE',  ( 1.000000000000000000, 0.0000000000000000000, -0.0000000000000000000 ) ) ;
#1814 = CARTESIAN_POINT ( 'NONE',  ( 0.1468881722737680751, 6.358753298252312617E-16, -0.1609118277262355234 ) ) ;
#1815 = CARTESIAN_POINT ( 'NONE',  ( 0.7879674688103074365, 0.0000000000000000000, -0.08424999999999950584 ) ) ;
#1816 = VERTEX_POINT ( 'NONE', #604 ) ;
#1817 = PLANE ( 'NONE',  #670 ) ;
#1818 = AXIS2_PLACEMENT_3D ( 'NONE', #749, #4853, #5815 ) ;
#1819 = CARTESIAN_POINT ( 'NONE',  ( 0.3816684688103073597, 0.0000000000000000000, -0.08424999999999954747 ) ) ;
#1820 = DIRECTION ( 'NONE',  ( 0.0000000000000000000, -1.000000000000000000, 0.0000000000000000000 ) ) ;
#1821 = CARTESIAN_POINT ( 'NONE',  ( 0.1453881722737658533, -5.266271612732161356E-16, 0.1920881722737668162 ) ) ;
#1822 = CARTESIAN_POINT ( 'NONE',  ( 0.5942664688103074244, 0.0000000000000000000, -0.01574999999999998623 ) ) ;
#1823 = AXIS2_PLACEMENT_3D ( 'NONE', #3183, #2243, #2338 ) ;
#1824 = PLANE ( 'NONE',  #5328 ) ;
#1825 = EDGE_CURVE ( 'NONE', #1250, #2977, #1525, .T. ) ;
#1826 = ORIENTED_EDGE ( 'NONE', *, *, #2724, .T. ) ;
#1827 = VECTOR ( 'NONE', #2512, 39.37007874015748143 ) ;
#1828 = VECTOR ( 'NONE', #1354, 39.37007874015748143 ) ;
#1829 = LINE ( 'NONE', #5508, #1870 ) ;
#1830 = VERTEX_POINT ( 'NONE', #635 ) ;
#1831 = CARTESIAN_POINT ( 'NONE',  ( 0.7816674688103073532, -0.1531900000000000206, -0.01574999999999984746 ) ) ;
#1832 = EDGE_CURVE ( 'NONE', #5408, #4685, #5208, .T. ) ;
#1833 = ORIENTED_EDGE ( 'NONE', *, *, #311, .F. ) ;
#1834 = EDGE_LOOP ( 'NONE', ( #927, #1421, #3815, #281 ) ) ;
#1835 = VECTOR ( 'NONE', #3644, 39.37007874015748143 ) ;
#1836 = FACE_OUTER_BOUND ( 'NONE', #3800, .T. ) ;
#1837 = DIRECTION ( 'NONE',  ( 1.000000000000000000, -0.0000000000000000000, -0.0000000000000000000 ) ) ;
#1838 = LINE ( 'NONE', #1903, #1828 ) ;
#1839 = EDGE_CURVE ( 'NONE', #2272, #4848, #5153, .T. ) ;
#1840 = ORIENTED_EDGE ( 'NONE', *, *, #509, .T. ) ;
#1841 = LINE ( 'NONE', #869, #3420 ) ;
#1842 = ORIENTED_EDGE ( 'NONE', *, *, #3094, .T. ) ;
#1843 = LINE ( 'NONE', #4089, #2113 ) ;
#1844 = VECTOR ( 'NONE', #3100, 39.37007874015748143 ) ;
#1845 = ORIENTED_EDGE ( 'NONE', *, *, #4096, .T. ) ;
#1846 = CARTESIAN_POINT ( 'NONE',  ( 0.5379674688103074365, -0.1531900000000000206, -0.05000000000000019013 ) ) ;
#1847 = VECTOR ( 'NONE', #4682, 39.37007874015748143 ) ;
#1848 = DIRECTION ( 'NONE',  ( -1.000000000000000000, 0.0000000000000000000, -1.980403796674357815E-16 ) ) ;
#1849 = DIRECTION ( 'NONE',  ( 1.715124499442882891E-15, 3.307784318971030633E-15, -1.000000000000000000 ) ) ;
#1850 = ORIENTED_EDGE ( 'NONE', *, *, #1944, .F. ) ;
#1851 = VECTOR ( 'NONE', #553, 39.37007874015748143 ) ;
#1852 = DIRECTION ( 'NONE',  ( 0.0000000000000000000, 0.0000000000000000000, 1.000000000000000000 ) ) ;
#1853 = CARTESIAN_POINT ( 'NONE',  ( -0.01203253118969267385, -0.1650000000000000078, -0.08975999999999990930 ) ) ;
#1854 = CARTESIAN_POINT ( 'NONE',  ( 0.1773881722737665756, 5.312527353592203413E-16, -0.1609118277262354679 ) ) ;
#1855 = DIRECTION ( 'NONE',  ( 1.000000000000000000, -0.0000000000000000000, -0.0000000000000000000 ) ) ;
#1856 = EDGE_CURVE ( 'NONE', #59, #2188, #2475, .T. ) ;
#1857 = VECTOR ( 'NONE', #477, 39.37007874015748143 ) ;
#1858 = LINE ( 'NONE', #887, #2720 ) ;
#1859 = DIRECTION ( 'NONE',  ( -0.0000000000000000000, 1.000000000000000000, -0.0000000000000000000 ) ) ;
#1860 = VERTEX_POINT ( 'NONE', #1898 ) ;
#1861 = SHAPE_REPRESENTATION_RELATIONSHIP ( 'NONE' , 'NONE' ,  #1717, #3990 ) ;
#1862 = VECTOR ( 'NONE', #608, 39.37007874015748854 ) ;
#1863 = VECTOR ( 'NONE', #450, 39.37007874015748854 ) ;
#1864 = EDGE_CURVE ( 'NONE', #3382, #3424, #5573, .T. ) ;
#1865 = CYLINDRICAL_SURFACE ( 'NONE', #3120, 0.03599999999999819317 ) ;
#1866 = DIRECTION ( 'NONE',  ( 0.0000000000000000000, -0.0000000000000000000, 1.000000000000000000 ) ) ;
#1867 = DIRECTION ( 'NONE',  ( 0.0000000000000000000, -1.000000000000000000, 0.0000000000000000000 ) ) ;
#1868 = VECTOR ( 'NONE', #1277, 39.37007874015748143 ) ;
#1869 = EDGE_LOOP ( 'NONE', ( #4041, #3036, #403, #2825 ) ) ;
#1870 = VECTOR ( 'NONE', #1378, 39.37007874015748143 ) ;
#1871 = VERTEX_POINT ( 'NONE', #5244 ) ;
#1872 = EDGE_CURVE ( 'NONE', #1736, #5846, #5688, .T. ) ;
#1873 = VECTOR ( 'NONE', #5713, 39.37007874015748143 ) ;
#1874 = CARTESIAN_POINT ( 'NONE',  ( 0.02246696881030735629, -0.03899999999999999994, 0.04999999999999998196 ) ) ;
#1875 = LINE ( 'NONE', #930, #2925 ) ;
#1876 = DIRECTION ( 'NONE',  ( 0.0000000000000000000, -1.000000000000000000, 0.0000000000000000000 ) ) ;
#1877 = VERTEX_POINT ( 'NONE', #1437 ) ;
#1878 = DIRECTION ( 'NONE',  ( 0.3420201433256639389, 0.0000000000000000000, -0.9396926207859100932 ) ) ;
#1879 = ORIENTED_EDGE ( 'NONE', *, *, #1023, .F. ) ;
#1880 = CARTESIAN_POINT ( 'NONE',  ( 0.1942664688103074300, 0.0000000000000000000, -0.01574999999999998623 ) ) ;
#1881 = VECTOR ( 'NONE', #73, 39.37007874015748143 ) ;
#1882 = ADVANCED_FACE ( 'NONE', ( #2564 ), #1221, .F. ) ;
#1883 = CARTESIAN_POINT ( 'NONE',  ( 0.0000000000000000000, -0.1650000000000000078, 0.0000000000000000000 ) ) ;
#1884 = CARTESIAN_POINT ( 'NONE',  ( 0.05746696881030734921, -0.03899999999999999994, -2.111326675243292448E-17 ) ) ;
#1885 = LINE ( 'NONE', #5137, #764 ) ;
#1886 = ORIENTED_EDGE ( 'NONE', *, *, #1350, .F. ) ;
#1887 = EDGE_CURVE ( 'NONE', #822, #396, #2617, .T. ) ;
#1888 = DIRECTION ( 'NONE',  ( 0.3420201433256662704, 0.0000000000000000000, 0.9396926207859092051 ) ) ;
#1889 = DIRECTION ( 'NONE',  ( -0.0000000000000000000, -1.000000000000000000, -2.147139079527372365E-16 ) ) ;
#1890 = CARTESIAN_POINT ( 'NONE',  ( 0.5379674688103074365, -0.03399999999999996775, -0.08155000000000069138 ) ) ;
#1891 = CYLINDRICAL_SURFACE ( 'NONE', #1003, 0.03740000000000053004 ) ;
#1892 = ORIENTED_EDGE ( 'NONE', *, *, #326, .F. ) ;
#1893 = EDGE_LOOP ( 'NONE', ( #87, #3010, #9, #5194, #3723, #5354 ) ) ;
#1894 = CARTESIAN_POINT ( 'NONE',  ( 0.1379674688103073588, 0.1300881722737651791, 0.1273881722737663647 ) ) ;
#1895 = EDGE_CURVE ( 'NONE', #5754, #3123, #4081, .T. ) ;
#1896 = DIRECTION ( 'NONE',  ( -0.3420201433256694346, -0.0000000000000000000, -0.9396926207859080948 ) ) ;
#1897 = CARTESIAN_POINT ( 'NONE',  ( 0.1816684688103074041, 0.0000000000000000000, -0.08424999999999954747 ) ) ;
#1898 = CARTESIAN_POINT ( 'NONE',  ( 0.1962719448011142065, -0.1531900000000000206, -0.01024000000000000084 ) ) ;
#1899 = VERTEX_POINT ( 'NONE', #2586 ) ;
#1900 = EDGE_LOOP ( 'NONE', ( #2234, #2465 ) ) ;
#1901 = LINE ( 'NONE', #1442, #2933 ) ;
#1902 = PLANE ( 'NONE',  #4642 ) ;
#1903 = CARTESIAN_POINT ( 'NONE',  ( 0.0000000000000000000, 0.0000000000000000000, 0.0000000000000000000 ) ) ;
#1904 = VERTEX_POINT ( 'NONE', #1137 ) ;
#1905 = VERTEX_POINT ( 'NONE', #4786 ) ;
#1906 = ADVANCED_FACE ( 'NONE', ( #3984 ), #4898, .T. ) ;
#1907 = CARTESIAN_POINT ( 'NONE',  ( 0.1379674688103073310, 9.184870279381501883E-17, -0.05000000000000019013 ) ) ;
#1908 = DIRECTION ( 'NONE',  ( 1.000000000000000000, 0.0000000000000000000, -1.355298456929802892E-15 ) ) ;
#1909 = DIRECTION ( 'NONE',  ( 0.3420201433256639389, 0.0000000000000000000, -0.9396926207859100932 ) ) ;
#1910 = CARTESIAN_POINT ( 'NONE',  ( 0.1773881722737656597, -1.275128281230865970E-15, 0.3851881722737665603 ) ) ;
#1911 = ORIENTED_EDGE ( 'NONE', *, *, #700, .F. ) ;
#1912 = EDGE_CURVE ( 'NONE', #5779, #3075, #1163, .T. ) ;
#1913 = CARTESIAN_POINT ( 'NONE',  ( 0.1759359376206146575, 0.0000000000000000000, -0.09999999999999989453 ) ) ;
#1914 = LINE ( 'NONE', #2735, #2361 ) ;
#1915 = LINE ( 'NONE', #3314, #974 ) ;
#1916 = CARTESIAN_POINT ( 'NONE',  ( 0.4999990000000001378, 0.0000000000000000000, 0.0000000000000000000 ) ) ;
#1917 = ORIENTED_EDGE ( 'NONE', *, *, #4096, .F. ) ;
#1918 = ORIENTED_EDGE ( 'NONE', *, *, #2869, .T. ) ;
#1919 = ADVANCED_FACE ( 'NONE', ( #4015 ), #1703, .F. ) ;
#1920 =( LENGTH_UNIT ( ) NAMED_UNIT ( * ) SI_UNIT ( $, .METRE. ) );
#1921 = AXIS2_PLACEMENT_3D ( 'NONE', #156, #1997, #5838 ) ;
#1922 = FACE_OUTER_BOUND ( 'NONE', #4426, .T. ) ;
#1923 = DIRECTION ( 'NONE',  ( -0.0000000000000000000, 1.000000000000000000, 0.0000000000000000000 ) ) ;
#1924 = AXIS2_PLACEMENT_3D ( 'NONE', #437, #2273, #4178 ) ;
#1925 = ORIENTED_EDGE ( 'NONE', *, *, #991, .F. ) ;
#1926 = ORIENTED_EDGE ( 'NONE', *, *, #909, .F. ) ;
#1927 = VECTOR ( 'NONE', #1238, 39.37007874015748143 ) ;
#1928 = LINE ( 'NONE', #578, #5333 ) ;
#1929 = AXIS2_PLACEMENT_3D ( 'NONE', #5039, #1876, #964 ) ;
#1930 = DIRECTION ( 'NONE',  ( 0.0000000000000000000, 0.0000000000000000000, 1.000000000000000000 ) ) ;
#1931 = DIRECTION ( 'NONE',  ( -0.0000000000000000000, 1.000000000000000000, -0.0000000000000000000 ) ) ;
#1932 = ORIENTED_EDGE ( 'NONE', *, *, #3108, .F. ) ;
#1933 = ORIENTED_EDGE ( 'NONE', *, *, #2128, .F. ) ;
#1934 = DIRECTION ( 'NONE',  ( 1.000000000000000000, -0.0000000000000000000, -0.0000000000000000000 ) ) ;
#1935 = ADVANCED_FACE ( 'NONE', ( #2533 ), #3929, .T. ) ;
#1936 = DIRECTION ( 'NONE',  ( -1.000000000000000000, 0.0000000000000000000, 0.0000000000000000000 ) ) ;
#1937 = FACE_BOUND ( 'NONE', #4892, .T. ) ;
#1938 = DIRECTION ( 'NONE',  ( 0.0000000000000000000, 1.000000000000000000, 0.0000000000000000000 ) ) ;
#1939 = VERTEX_POINT ( 'NONE', #5382 ) ;
#1940 = AXIS2_PLACEMENT_3D ( 'NONE', #4308, #4332, #1671 ) ;
#1941 = ORIENTED_EDGE ( 'NONE', *, *, #334, .T. ) ;
#1942 = VECTOR ( 'NONE', #3544, 39.37007874015748143 ) ;
#1943 = CARTESIAN_POINT ( 'NONE',  ( 0.3816684688103073597, -0.2760000000000000231, -0.08424999999999954747 ) ) ;
#1944 = EDGE_CURVE ( 'NONE', #318, #2968, #4815, .T. ) ;
#1945 = DIRECTION ( 'NONE',  ( 0.0000000000000000000, 0.0000000000000000000, 1.000000000000000000 ) ) ;
#1946 = EDGE_CURVE ( 'NONE', #2682, #2385, #4340, .T. ) ;
#1947 = LINE ( 'NONE', #2310, #17 ) ;
#1948 = CARTESIAN_POINT ( 'NONE',  ( 0.7759349376206153837, -0.1650000000000000078, -0.09999999999999974187 ) ) ;
#1949 = ORIENTED_EDGE ( 'NONE', *, *, #3775, .F. ) ;
#1950 = ORIENTED_EDGE ( 'NONE', *, *, #1839, .F. ) ;
#1951 = CIRCLE ( 'NONE', #1261, 0.03155000000000051513 ) ;
#1952 = CARTESIAN_POINT ( 'NONE',  ( 0.0000000000000000000, -0.1650000000000000078, 0.0000000000000000000 ) ) ;
#1953 = EDGE_CURVE ( 'NONE', #4539, #5362, #2081, .T. ) ;
#1954 = VECTOR ( 'NONE', #62, 39.37007874015748143 ) ;
#1955 = ORIENTED_EDGE ( 'NONE', *, *, #5563, .F. ) ;
#1956 = FACE_OUTER_BOUND ( 'NONE', #5245, .T. ) ;
#1957 = ORIENTED_EDGE ( 'NONE', *, *, #4567, .T. ) ;
#1958 = ORIENTED_EDGE ( 'NONE', *, *, #4518, .F. ) ;
#1959 = AXIS2_PLACEMENT_3D ( 'NONE', #1278, #1731, #3587 ) ;
#1960 = EDGE_CURVE ( 'NONE', #1577, #806, #269, .T. ) ;
#1961 = ORIENTED_EDGE ( 'NONE', *, *, #176, .T. ) ;
#1962 = AXIS2_PLACEMENT_3D ( 'NONE', #961, #1995, #2362 ) ;
#1963 = DIRECTION ( 'NONE',  ( 0.0000000000000000000, 0.0000000000000000000, 1.000000000000000000 ) ) ;
#1964 = VECTOR ( 'NONE', #5899, 39.37007874015748143 ) ;
#1965 = LINE ( 'NONE', #1051, #4360 ) ;
#1966 = DIRECTION ( 'NONE',  ( -0.0000000000000000000, 1.000000000000000000, -0.0000000000000000000 ) ) ;
#1967 = EDGE_LOOP ( 'NONE', ( #839, #3216, #1826, #1809 ) ) ;
#1968 = EDGE_LOOP ( 'NONE', ( #2611, #5132, #308, #464 ) ) ;
#1969 = CARTESIAN_POINT ( 'NONE',  ( 0.05746696881030734921, 0.0000000000000000000, -2.111326675243292448E-17 ) ) ;
#1970 = AXIS2_PLACEMENT_3D ( 'NONE', #4814, #4664, #3678 ) ;
#1971 = VECTOR ( 'NONE', #4245, 39.37007874015748143 ) ;
#1972 = FACE_OUTER_BOUND ( 'NONE', #1869, .T. ) ;
#1973 = LINE ( 'NONE', #2972, #1457 ) ;
#1974 = LINE ( 'NONE', #225, #958 ) ;
#1975 = CIRCLE ( 'NONE', #4006, 0.03155000000000051513 ) ;
#1976 = ORIENTED_EDGE ( 'NONE', *, *, #1755, .F. ) ;
#1977 = DIRECTION ( 'NONE',  ( 0.0000000000000000000, -0.0000000000000000000, -1.000000000000000000 ) ) ;
#1978 = ORIENTED_EDGE ( 'NONE', *, *, #3788, .T. ) ;
#1979 = EDGE_CURVE ( 'NONE', #822, #518, #128, .T. ) ;
#1980 = LINE ( 'NONE', #2795, #186 ) ;
#1981 = DIRECTION ( 'NONE',  ( -0.0000000000000000000, 1.000000000000000000, -0.0000000000000000000 ) ) ;
#1982 = FACE_OUTER_BOUND ( 'NONE', #2483, .T. ) ;
#1983 = FACE_OUTER_BOUND ( 'NONE', #4079, .T. ) ;
#1984 = VERTEX_POINT ( 'NONE', #3534 ) ;
#1985 = DIRECTION ( 'NONE',  ( 3.307784318971019195E-15, -1.000000000000000000, -1.715124499442920756E-15 ) ) ;
#1986 = ADVANCED_FACE ( 'NONE', ( #5359 ), #2676, .F. ) ;
#1987 = EDGE_CURVE ( 'NONE', #4258, #2974, #2770, .T. ) ;
#1988 = PLANE ( 'NONE',  #5334 ) ;
#1989 = VERTEX_POINT ( 'NONE', #5447 ) ;
#1990 = LINE ( 'NONE', #1113, #3311 ) ;
#1991 = EDGE_LOOP ( 'NONE', ( #726, #1026, #5568, #3647 ) ) ;
#1992 = EDGE_LOOP ( 'NONE', ( #5729, #1564, #4234, #2383, #1807, #3450 ) ) ;
#1993 = EDGE_CURVE ( 'NONE', #4106, #3776, #3963, .T. ) ;
#1994 = VERTEX_POINT ( 'NONE', #3681 ) ;
#1995 = DIRECTION ( 'NONE',  ( 1.715124499442882891E-15, 3.307784318971030633E-15, -1.000000000000000000 ) ) ;
#1996 = DIRECTION ( 'NONE',  ( -0.3420201433256639389, -2.017650748832923650E-16, 0.9396926207859100932 ) ) ;
#1997 = DIRECTION ( 'NONE',  ( -0.0000000000000000000, 1.000000000000000000, -0.0000000000000000000 ) ) ;
#1998 = VERTEX_POINT ( 'NONE', #921 ) ;
#1999 = ORIENTED_EDGE ( 'NONE', *, *, #1772, .T. ) ;
#2000 = CARTESIAN_POINT ( 'NONE',  ( 0.07593593762061463803, -0.1650000000000000078, -9.478001694819074349E-34 ) ) ;
#2001 = EDGE_CURVE ( 'NONE', #3123, #5754, #39, .T. ) ;
#2002 = FACE_OUTER_BOUND ( 'NONE', #911, .T. ) ;
#2003 = CYLINDRICAL_SURFACE ( 'NONE', #4830, 0.03049999999999848665 ) ;
#2004 = CARTESIAN_POINT ( 'NONE',  ( 0.5999990000000001711, -0.1650000000000000078, -0.09999999999999989453 ) ) ;
#2005 = ORIENTED_EDGE ( 'NONE', *, *, #1953, .T. ) ;
#2006 = CARTESIAN_POINT ( 'NONE',  ( 0.1982881722737644681, -1.215091995841537314E-15, 0.3070881722737663355 ) ) ;
#2007 = EDGE_LOOP ( 'NONE', ( #5448, #183, #1301, #3719 ) ) ;
#2008 = CARTESIAN_POINT ( 'NONE',  ( -0.01203253118969264436, 0.0000000000000000000, -0.01574999999999999664 ) ) ;
#2009 = DIRECTION ( 'NONE',  ( -0.0000000000000000000, -1.000000000000000000, -2.147139079527372365E-16 ) ) ;
#2010 = PLANE ( 'NONE',  #4661 ) ;
#2011 = VERTEX_POINT ( 'NONE', #4960 ) ;
#2012 = LENGTH_MEASURE_WITH_UNIT ( LENGTH_MEASURE( 0.02539999999999999897 ), #3465 );
#2013 = LINE ( 'NONE', #5178, #1275 ) ;
#2014 = CARTESIAN_POINT ( 'NONE',  ( 0.6379674688103074143, 9.184870279381501883E-17, -0.05000000000000019013 ) ) ;
#2015 = EDGE_CURVE ( 'NONE', #2301, #5424, #800, .T. ) ;
#2016 = CARTESIAN_POINT ( 'NONE',  ( 0.1982881722737652730, 4.621200430927300623E-16, -0.1609118277262354124 ) ) ;
#2017 = EDGE_CURVE ( 'NONE', #2260, #5936, #5803, .T. ) ;
#2018 = CIRCLE ( 'NONE', #3375, 0.02999999999999940561 ) ;
#2019 = AXIS2_PLACEMENT_3D ( 'NONE', #5589, #4276, #1888 ) ;
#2020 = EDGE_LOOP ( 'NONE', ( #1779, #4488, #3623, #2989, #3385, #5289 ) ) ;
#2021 = EDGE_CURVE ( 'NONE', #2290, #2958, #5023, .T. ) ;
#2022 = CARTESIAN_POINT ( 'NONE',  ( 0.3759359376206146686, -0.2760000000000000231, -9.478001694819074349E-34 ) ) ;
#2023 = EDGE_CURVE ( 'NONE', #1080, #1438, #3316, .T. ) ;
#2024 = CARTESIAN_POINT ( 'NONE',  ( 0.01846696881030734927, -0.03899999999999999994, -1.633714423575824830E-17 ) ) ;
#2025 = CARTESIAN_POINT ( 'NONE',  ( 0.5816684688103074263, -0.2760000000000000231, -0.08424999999999954747 ) ) ;
#2026 = ORIENTED_EDGE ( 'NONE', *, *, #5719, .F. ) ;
#2027 = CIRCLE ( 'NONE', #3479, 0.01249999999999974569 ) ;
#2028 = ORIENTED_EDGE ( 'NONE', *, *, #4290, .F. ) ;
#2029 = DIRECTION ( 'NONE',  ( -0.0000000000000000000, 1.000000000000000000, -0.0000000000000000000 ) ) ;
#2030 = CIRCLE ( 'NONE', #4336, 0.03740000000000053698 ) ;
#2031 = LINE ( 'NONE', #3998, #5631 ) ;
#2032 = ADVANCED_FACE ( 'NONE', ( #5504 ), #888, .T. ) ;
#2033 = AXIS2_PLACEMENT_3D ( 'NONE', #5658, #2078, #4311 ) ;
#2034 = FACE_BOUND ( 'NONE', #1619, .T. ) ;
#2035 = DIRECTION ( 'NONE',  ( -0.0000000000000000000, -1.000000000000000000, -2.147139079527372365E-16 ) ) ;
#2036 = ORIENTED_EDGE ( 'NONE', *, *, #5168, .F. ) ;
#2037 = DIRECTION ( 'NONE',  ( -0.0000000000000000000, 1.000000000000000000, -0.0000000000000000000 ) ) ;
#2038 = ORIENTED_EDGE ( 'NONE', *, *, #2607, .F. ) ;
#2039 = CARTESIAN_POINT ( 'NONE',  ( 0.03796746881030733239, -0.03399999999999996775, -0.05000000000000019013 ) ) ;
#2040 = ADVANCED_FACE ( 'NONE', ( #3230 ), #5896, .F. ) ;
#2041 = CIRCLE ( 'NONE', #310, 0.01250000000000048121 ) ;
#2042 = DIRECTION ( 'NONE',  ( -1.000000000000000000, 3.430248998885770514E-15, -1.897116662266944614E-15 ) ) ;
#2043 = CARTESIAN_POINT ( 'NONE',  ( 0.3759359376206146686, -0.2760000000000000231, -0.09999999999999989453 ) ) ;
#2044 = ORIENTED_EDGE ( 'NONE', *, *, #941, .T. ) ;
#2045 = ITEM_DEFINED_TRANSFORMATION ( 'NONE', 'NONE', #2119,  #585 ) ;
#2046 = VECTOR ( 'NONE', #5466, 39.37007874015748143 ) ;
#2047 = CARTESIAN_POINT ( 'NONE',  ( 0.7534669688103072804, 0.0000000000000000000, 0.04999999999999996808 ) ) ;
#2048 = ADVANCED_FACE ( 'NONE', ( #388 ), #1824, .F. ) ;
#2049 = DIRECTION ( 'NONE',  ( -1.000000000000000000, 0.0000000000000000000, -1.980403796674357815E-16 ) ) ;
#2050 = AXIS2_PLACEMENT_3D ( 'NONE', #4378, #2085, #2506 ) ;
#2051 = CARTESIAN_POINT ( 'NONE',  ( 0.5816684688103074263, 0.0000000000000000000, -0.08424999999999954747 ) ) ;
#2052 = VERTEX_POINT ( 'NONE', #5860 ) ;
#2053 = EDGE_CURVE ( 'NONE', #1138, #4142, #5929, .T. ) ;
#2054 = EDGE_LOOP ( 'NONE', ( #2106, #1233 ) ) ;
#2055 = DIRECTION ( 'NONE',  ( -0.3420201433256664370, 2.017650748832921678E-16, -0.9396926207859092051 ) ) ;
#2056 = FACE_OUTER_BOUND ( 'NONE', #4701, .T. ) ;
#2057 = DIRECTION ( 'NONE',  ( 0.0000000000000000000, 1.000000000000000000, 0.0000000000000000000 ) ) ;
#2058 = ORIENTED_EDGE ( 'NONE', *, *, #4019, .F. ) ;
#2059 = VECTOR ( 'NONE', #5739, 39.37007874015748143 ) ;
#2060 = ORIENTED_EDGE ( 'NONE', *, *, #1081, .F. ) ;
#2061 = CARTESIAN_POINT ( 'NONE',  ( 0.03796746881030733239, 9.184870279381501883E-17, -0.05000000000000019013 ) ) ;
#2062 = EDGE_CURVE ( 'NONE', #5152, #3727, #3622, .T. ) ;
#2063 = CIRCLE ( 'NONE', #5811, 0.03155000000000051513 ) ;
#2064 = CARTESIAN_POINT ( 'NONE',  ( 0.1816684688103074041, -0.2760000000000000231, -0.01574999999999998623 ) ) ;
#2065 = LINE ( 'NONE', #5647, #5506 ) ;
#2066 = LINE ( 'NONE', #3912, #5105 ) ;
#2067 = ORIENTED_EDGE ( 'NONE', *, *, #4751, .F. ) ;
#2068 = CARTESIAN_POINT ( 'NONE',  ( 0.09999900000000011557, -0.2760000000000000231, 0.0000000000000000000 ) ) ;
#2069 = ORIENTED_EDGE ( 'NONE', *, *, #411, .F. ) ;
#2070 = VERTEX_POINT ( 'NONE', #4989 ) ;
#2071 = CIRCLE ( 'NONE', #5425, 0.03599999999999819317 ) ;
#2072 = VECTOR ( 'NONE', #5565, 39.37007874015748143 ) ;
#2073 = ADVANCED_FACE ( 'NONE', ( #4484 ), #1571, .T. ) ;
#2074 = VECTOR ( 'NONE', #187, 39.37007874015748143 ) ;
#2075 = CARTESIAN_POINT ( 'NONE',  ( -0.005732531189692643449, -0.1531900000000000206, -0.08424999999999989442 ) ) ;
#2076 = CARTESIAN_POINT ( 'NONE',  ( 0.03796746881030733239, -0.1531900000000000206, -0.01844999999999967846 ) ) ;
#2077 = EDGE_LOOP ( 'NONE', ( #96, #104, #2132, #3513 ) ) ;
#2078 = DIRECTION ( 'NONE',  ( 0.0000000000000000000, 0.0000000000000000000, 1.000000000000000000 ) ) ;
#2079 = PLANE ( 'NONE',  #5045 ) ;
#2080 = DIRECTION ( 'NONE',  ( 0.0000000000000000000, 0.0000000000000000000, 1.000000000000000000 ) ) ;
#2081 = LINE ( 'NONE', #2051, #5326 ) ;
#2082 = ORIENTED_EDGE ( 'NONE', *, *, #4742, .F. ) ;
#2083 = EDGE_CURVE ( 'NONE', #422, #3633, #3135, .T. ) ;
#2084 = VERTEX_POINT ( 'NONE', #1794 ) ;
#2085 = DIRECTION ( 'NONE',  ( 0.7071067811865475727, -0.0000000000000000000, 0.7071067811865475727 ) ) ;
#2086 = DIRECTION ( 'NONE',  ( 0.0000000000000000000, 0.0000000000000000000, 1.000000000000000000 ) ) ;
#2087 = ORIENTED_EDGE ( 'NONE', *, *, #1504, .T. ) ;
#2088 = VERTEX_POINT ( 'NONE', #5474 ) ;
#2089 = CARTESIAN_POINT ( 'NONE',  ( 0.7879674688103074365, -0.1531900000000000206, -0.08975999999999990930 ) ) ;
#2090 = FACE_BOUND ( 'NONE', #2305, .T. ) ;
#2091 = FACE_OUTER_BOUND ( 'NONE', #2456, .T. ) ;
#2092 = LINE ( 'NONE', #2632, #3291 ) ;
#2093 = EDGE_CURVE ( 'NONE', #349, #4016, #4800, .T. ) ;
#2094 = ORIENTED_EDGE ( 'NONE', *, *, #3198, .T. ) ;
#2095 = CARTESIAN_POINT ( 'NONE',  ( 0.4816684688103073930, 0.0000000000000000000, -0.01574999999999998623 ) ) ;
#2096 = ORIENTED_EDGE ( 'NONE', *, *, #626, .T. ) ;
#2097 = ORIENTED_EDGE ( 'NONE', *, *, #5563, .T. ) ;
#2098 = CARTESIAN_POINT ( 'NONE',  ( -0.01203253118969267385, -0.1531900000000000206, -0.01024000000000000084 ) ) ;
#2099 = CARTESIAN_POINT ( 'NONE',  ( 0.4816684688103073930, -0.1531900000000000206, -0.08424999999999954747 ) ) ;
#2100 = EDGE_CURVE ( 'NONE', #2901, #2650, #1099, .T. ) ;
#2101 = ORIENTED_EDGE ( 'NONE', *, *, #4568, .F. ) ;
#2102 = CARTESIAN_POINT ( 'NONE',  ( 0.2093881722737660489, -7.422442274446346211E-16, 0.1920881722737669550 ) ) ;
#2103 = FACE_OUTER_BOUND ( 'NONE', #151, .T. ) ;
#2104 = ADVANCED_FACE ( 'NONE', ( #5708 ), #1576, .T. ) ;
#2105 = DIRECTION ( 'NONE',  ( -0.0000000000000000000, 1.000000000000000000, -0.0000000000000000000 ) ) ;
#2106 = ORIENTED_EDGE ( 'NONE', *, *, #1689, .F. ) ;
#2107 = ORIENTED_EDGE ( 'NONE', *, *, #2083, .T. ) ;
#2108 = FACE_OUTER_BOUND ( 'NONE', #3799, .T. ) ;
#2109 = DIRECTION ( 'NONE',  ( -0.3420201433256662704, 0.0000000000000000000, -0.9396926207859092051 ) ) ;
#2110 = VERTEX_POINT ( 'NONE', #1607 ) ;
#2111 = EDGE_LOOP ( 'NONE', ( #35, #3837, #5556, #1343 ) ) ;
#2112 = CARTESIAN_POINT ( 'NONE',  ( 0.0000000000000000000, 0.0000000000000000000, 0.0000000000000000000 ) ) ;
#2113 = VECTOR ( 'NONE', #4525, 39.37007874015748143 ) ;
#2114 = CARTESIAN_POINT ( 'NONE',  ( 0.1773881722737665756, 5.312527353592203413E-16, -0.1609118277262354679 ) ) ;
#2115 = AXIS2_PLACEMENT_3D ( 'NONE', #4325, #134, #2398 ) ;
#2116 = CARTESIAN_POINT ( 'NONE',  ( 0.6379674688103074143, -0.1531900000000000206, -0.05000000000000019013 ) ) ;
#2117 = LINE ( 'NONE', #348, #3383 ) ;
#2118 = EDGE_LOOP ( 'NONE', ( #5177, #122, #2365, #5869, #1462, #4690 ) ) ;
#2119 = AXIS2_PLACEMENT_3D ( 'NONE', #5543, #3750, #5570 ) ;
#2120 = DIRECTION ( 'NONE',  ( -0.3420201433256694346, 0.0000000000000000000, -0.9396926207859080948 ) ) ;
#2121 = ORIENTED_EDGE ( 'NONE', *, *, #4927, .T. ) ;
#2122 = AXIS2_PLACEMENT_3D ( 'NONE', #2913, #2035, #5285 ) ;
#2123 = LINE ( 'NONE', #3972, #51 ) ;
#2124 = CARTESIAN_POINT ( 'NONE',  ( 0.2816684688103074374, 0.0000000000000000000, -0.01574999999999998623 ) ) ;
#2125 = LINE ( 'NONE', #5324, #4520 ) ;
#2126 = VERTEX_POINT ( 'NONE', #2095 ) ;
#2127 = VECTOR ( 'NONE', #3270, 39.37007874015748143 ) ;
#2128 = EDGE_CURVE ( 'NONE', #4702, #1998, #4745, .T. ) ;
#2129 = CARTESIAN_POINT ( 'NONE',  ( 0.03796746881030733239, 9.184870279381501883E-17, -0.01259999999999965661 ) ) ;
#2130 = CARTESIAN_POINT ( 'NONE',  ( 0.08166846881030738470, -0.2760000000000000231, -0.01574999999999998623 ) ) ;
#2131 = DIRECTION ( 'NONE',  ( 0.0000000000000000000, 0.0000000000000000000, 1.000000000000000000 ) ) ;
#2132 = ORIENTED_EDGE ( 'NONE', *, *, #4681, .F. ) ;
#2133 = CIRCLE ( 'NONE', #4445, 0.03740000000000053698 ) ;
#2134 = EDGE_CURVE ( 'NONE', #2301, #4539, #3341, .T. ) ;
#2135 = CARTESIAN_POINT ( 'NONE',  ( 0.2379674688103073643, -0.03399999999999996775, -0.05000000000000019013 ) ) ;
#2136 = AXIS2_PLACEMENT_3D ( 'NONE', #5885, #1753, #1031 ) ;
#2137 = ORIENTED_EDGE ( 'NONE', *, *, #5630, .T. ) ;
#2138 = DIRECTION ( 'NONE',  ( 0.3420201433256639389, 0.0000000000000000000, -0.9396926207859100932 ) ) ;
#2139 = VERTEX_POINT ( 'NONE', #2975 ) ;
#2140 = ORIENTED_EDGE ( 'NONE', *, *, #427, .F. ) ;
#2141 = CARTESIAN_POINT ( 'NONE',  ( 0.7379674688103073921, 9.184870279381501883E-17, -0.01259999999999965661 ) ) ;
#2142 = CIRCLE ( 'NONE', #4275, 0.02089999999999871128 ) ;
#2143 = DIRECTION ( 'NONE',  ( 0.3420201433256662704, -0.0000000000000000000, 0.9396926207859092051 ) ) ;
#2144 = AXIS2_PLACEMENT_3D ( 'NONE', #860, #5421, #4545 ) ;
#2145 = LINE ( 'NONE', #4972, #5027 ) ;
#2146 = CARTESIAN_POINT ( 'NONE',  ( 0.3816684688103073597, -0.1531900000000000206, -0.01574999999999998623 ) ) ;
#2147 = VERTEX_POINT ( 'NONE', #4773 ) ;
#2148 = CARTESIAN_POINT ( 'NONE',  ( 0.4999990000000001378, -0.2760000000000000231, -0.09999999999999989453 ) ) ;
#2149 = VERTEX_POINT ( 'NONE', #1126 ) ;
#2150 = AXIS2_PLACEMENT_3D ( 'NONE', #2684, #430, #2267 ) ;
#2151 = EDGE_CURVE ( 'NONE', #4870, #3054, #1034, .T. ) ;
#2152 = AXIS2_PLACEMENT_3D ( 'NONE', #4886, #4975, #5825 ) ;
#2153 = DIRECTION ( 'NONE',  ( 0.0000000000000000000, 0.0000000000000000000, 1.000000000000000000 ) ) ;
#2154 = CYLINDRICAL_SURFACE ( 'NONE', #5691, 0.03155000000000051513 ) ;
#2155 = DIRECTION ( 'NONE',  ( 0.0000000000000000000, 0.0000000000000000000, -1.000000000000000000 ) ) ;
#2156 = CIRCLE ( 'NONE', #3027, 0.03740000000000053698 ) ;
#2157 = VECTOR ( 'NONE', #5026, 39.37007874015748143 ) ;
#2158 = ORIENTED_EDGE ( 'NONE', *, *, #3082, .T. ) ;
#2159 = ADVANCED_FACE ( 'NONE', ( #622 ), #5262, .T. ) ;
#2160 = ITEM_DEFINED_TRANSFORMATION ( 'NONE', 'NONE', #4911,  #585 ) ;
#2161 = AXIS2_PLACEMENT_3D ( 'NONE', #3068, #5410, #765 ) ;
#2162 = DIRECTION ( 'NONE',  ( -0.3420201433256662704, 0.0000000000000000000, -0.9396926207859092051 ) ) ;
#2163 = FACE_OUTER_BOUND ( 'NONE', #3595, .T. ) ;
#2164 = DIRECTION ( 'NONE',  ( 1.000000000000000000, -0.0000000000000000000, -0.0000000000000000000 ) ) ;
#2165 = DIRECTION ( 'NONE',  ( -1.000000000000000000, 3.430248998885772092E-15, -2.276539994720264511E-15 ) ) ;
#2166 = EDGE_CURVE ( 'NONE', #1138, #242, #4940, .T. ) ;
#2167 = ORIENTED_EDGE ( 'NONE', *, *, #3673, .T. ) ;
#2168 =( GEOMETRIC_REPRESENTATION_CONTEXT ( 3 ) GLOBAL_UNCERTAINTY_ASSIGNED_CONTEXT ( ( #3853 ) ) GLOBAL_UNIT_ASSIGNED_CONTEXT ( ( #1670, #5351, #4889 ) ) REPRESENTATION_CONTEXT ( 'NONE', 'WORKASPACE' ) );
#2169 = LINE ( 'NONE', #4017, #713 ) ;
#2170 = EDGE_LOOP ( 'NONE', ( #998, #5383, #2324, #4876 ) ) ;
#2171 = DIRECTION ( 'NONE',  ( -1.000000000000000000, 3.430248998885772092E-15, -1.707404996040198285E-15 ) ) ;
#2172 = EDGE_CURVE ( 'NONE', #396, #5839, #131, .T. ) ;
#2173 = ORIENTED_EDGE ( 'NONE', *, *, #5155, .F. ) ;
#2174 = ORIENTED_EDGE ( 'NONE', *, *, #1217, .F. ) ;
#2175 = CARTESIAN_POINT ( 'NONE',  ( 0.08166846881030741245, 0.0000000000000000000, -0.08424999999999954747 ) ) ;
#2176 = CARTESIAN_POINT ( 'NONE',  ( 0.6999990000000000379, -0.1650000000000000078, 0.0000000000000000000 ) ) ;
#2177 = DIRECTION ( 'NONE',  ( -0.0000000000000000000, 1.000000000000000000, 0.0000000000000000000 ) ) ;
#2178 = ORIENTED_EDGE ( 'NONE', *, *, #2015, .F. ) ;
#2179 = ORIENTED_EDGE ( 'NONE', *, *, #3384, .F. ) ;
#2180 = FACE_OUTER_BOUND ( 'NONE', #1771, .T. ) ;
#2181 = CARTESIAN_POINT ( 'NONE',  ( 0.4816684688103073930, -0.2760000000000000231, -0.01574999999999998623 ) ) ;
#2182 = DIRECTION ( 'NONE',  ( -6.123233995736766036E-17, -1.000000000000000000, -3.369016658928398207E-15 ) ) ;
#2183 = ORIENTED_EDGE ( 'NONE', *, *, #1097, .T. ) ;
#2184 = CARTESIAN_POINT ( 'NONE',  ( 0.6379674688103074143, 0.0000000000000000000, -0.05000000000000019013 ) ) ;
#2185 = DIRECTION ( 'NONE',  ( -1.715124499442882891E-15, -3.307784318971031027E-15, 1.000000000000000000 ) ) ;
#2186 = LINE ( 'NONE', #4897, #1473 ) ;
#2187 = DIRECTION ( 'NONE',  ( 0.0000000000000000000, -1.000000000000000000, 0.0000000000000000000 ) ) ;
#2188 = VERTEX_POINT ( 'NONE', #2006 ) ;
#2189 = ADVANCED_FACE ( 'NONE', ( #2551 ), #4711, .F. ) ;
#2190 = DIRECTION ( 'NONE',  ( -0.0000000000000000000, 1.000000000000000000, -0.0000000000000000000 ) ) ;
#2191 = EDGE_LOOP ( 'NONE', ( #5879, #4511, #1958, #5783 ) ) ;
#2192 = DIRECTION ( 'NONE',  ( 0.0000000000000000000, -1.000000000000000000, 0.0000000000000000000 ) ) ;
#2193 = EDGE_LOOP ( 'NONE', ( #3574, #5949, #1621, #5147 ) ) ;
#2194 = ORIENTED_EDGE ( 'NONE', *, *, #2910, .F. ) ;
#2195 = ADVANCED_FACE ( 'NONE', ( #5287 ), #136, .F. ) ;
#2196 = EDGE_CURVE ( 'NONE', #2861, #3553, #5196, .T. ) ;
#2197 = CARTESIAN_POINT ( 'NONE',  ( 0.6379674688103074143, 0.0000000000000000000, -0.05000000000000019013 ) ) ;
#2198 = PLANE ( 'NONE',  #3698 ) ;
#2199 = DIRECTION ( 'NONE',  ( 0.3420201433256662704, 0.0000000000000000000, 0.9396926207859092051 ) ) ;
#2200 = ORIENTED_EDGE ( 'NONE', *, *, #1511, .F. ) ;
#2201 = LINE ( 'NONE', #3603, #3114 ) ;
#2202 = VERTEX_POINT ( 'NONE', #3400 ) ;
#2203 = CARTESIAN_POINT ( 'NONE',  ( 0.0000000000000000000, -0.1650000000000000078, 0.0000000000000000000 ) ) ;
#2204 = VECTOR ( 'NONE', #808, 39.37007874015748143 ) ;
#2205 = ADVANCED_FACE ( 'NONE', ( #650 ), #2490, .F. ) ;
#2206 = DIRECTION ( 'NONE',  ( 0.0000000000000000000, -1.000000000000000000, 0.0000000000000000000 ) ) ;
#2207 = VECTOR ( 'NONE', #1934, 39.37007874015748143 ) ;
#2208 = FACE_OUTER_BOUND ( 'NONE', #3374, .T. ) ;
#2209 = CARTESIAN_POINT ( 'NONE',  ( -0.005732531189691705831, -0.1650000000000000078, -0.08425000000000165690 ) ) ;
#2210 = ORIENTED_EDGE ( 'NONE', *, *, #5366, .F. ) ;
#2211 = CIRCLE ( 'NONE', #2313, 0.03049999999999848665 ) ;
#2212 = ORIENTED_EDGE ( 'NONE', *, *, #1587, .F. ) ;
#2213 = EDGE_CURVE ( 'NONE', #69, #3347, #4652, .T. ) ;
#2214 = FACE_OUTER_BOUND ( 'NONE', #1392, .T. ) ;
#2215 = PLANE ( 'NONE',  #4759 ) ;
#2216 = FACE_BOUND ( 'NONE', #621, .T. ) ;
#2217 = CARTESIAN_POINT ( 'NONE',  ( 0.7574669688103072840, -0.03899999999999999994, 0.04599999999999995759 ) ) ;
#2218 = LINE ( 'NONE', #1765, #1663 ) ;
#2219 = CARTESIAN_POINT ( 'NONE',  ( 0.3379674688103073699, 0.0000000000000000000, -0.08740000000000071323 ) ) ;
#2220 = ORIENTED_EDGE ( 'NONE', *, *, #5154, .T. ) ;
#2221 = EDGE_CURVE ( 'NONE', #2873, #1871, #4357, .T. ) ;
#2222 = CARTESIAN_POINT ( 'NONE',  ( 0.2942664688103074355, 0.0000000000000000000, -0.08424999999999957523 ) ) ;
#2223 = ORIENTED_EDGE ( 'NONE', *, *, #5917, .T. ) ;
#2224 = VECTOR ( 'NONE', #288, 39.37007874015748143 ) ;
#2225 = CARTESIAN_POINT ( 'NONE',  ( 0.7184669688103072493, -0.03899999999999999994, 0.04599999999999997841 ) ) ;
#2226 = ORIENTED_EDGE ( 'NONE', *, *, #2517, .T. ) ;
#2227 = ORIENTED_EDGE ( 'NONE', *, *, #296, .T. ) ;
#2228 = EDGE_CURVE ( 'NONE', #59, #2011, #1565, .T. ) ;
#2229 =( REPRESENTATION_RELATIONSHIP ('NONE','NONE', #5618, #2351 ) REPRESENTATION_RELATIONSHIP_WITH_TRANSFORMATION ( #1643 )SHAPE_REPRESENTATION_RELATIONSHIP( ) );
#2230 = AXIS2_PLACEMENT_3D ( 'NONE', #5438, #4500, #1299 ) ;
#2231 = CYLINDRICAL_SURFACE ( 'NONE', #624, 0.03155000000000051513 ) ;
#2232 = FACE_OUTER_BOUND ( 'NONE', #4464, .T. ) ;
#2233 = CARTESIAN_POINT ( 'NONE',  ( 0.3379674688103073699, 9.184870279381501883E-17, -0.01259999999999965661 ) ) ;
#2234 = ORIENTED_EDGE ( 'NONE', *, *, #5338, .F. ) ;
#2235 = VECTOR ( 'NONE', #5694, 39.37007874015748143 ) ;
#2236 = CARTESIAN_POINT ( 'NONE',  ( 0.6379674688103074143, 0.0000000000000000000, -0.01259999999999966182 ) ) ;
#2237 = EDGE_LOOP ( 'NONE', ( #3353, #5840, #2802, #1063 ) ) ;
#2238 = CARTESIAN_POINT ( 'NONE',  ( 0.5349710804083361859, -0.1650000000000000078, 0.1125500201819164686 ) ) ;
#2239 = EDGE_CURVE ( 'NONE', #575, #4106, #2201, .T. ) ;
#2240 = AXIS2_PLACEMENT_3D ( 'NONE', #3470, #660, #2985 ) ;
#2241 = LINE ( 'NONE', #3637, #1773 ) ;
#2242 = CARTESIAN_POINT ( 'NONE',  ( 0.6759359376206146575, -0.2760000000000000231, -0.09999999999999989453 ) ) ;
#2243 = DIRECTION ( 'NONE',  ( -0.0000000000000000000, 1.000000000000000000, -0.0000000000000000000 ) ) ;
#2244 = ORIENTED_EDGE ( 'NONE', *, *, #4658, .F. ) ;
#2245 = ADVANCED_FACE ( 'NONE', ( #1262 ), #282, .F. ) ;
#2246 = ADVANCED_FACE ( 'NONE', ( #5792 ), #891, .T. ) ;
#2247 = VECTOR ( 'NONE', #4588, 39.37007874015748143 ) ;
#2248 = CARTESIAN_POINT ( 'NONE',  ( 0.1816684688103074041, -0.1531900000000000206, -0.01574999999999996542 ) ) ;
#2249 = VECTOR ( 'NONE', #4385, 39.37007874015748143 ) ;
#2250 = VECTOR ( 'NONE', #1896, 39.37007874015748143 ) ;
#2251 = DIRECTION ( 'NONE',  ( 1.000000000000000000, 0.0000000000000000000, -0.0000000000000000000 ) ) ;
#2252 = DIRECTION ( 'NONE',  ( 1.000000000000000000, -0.0000000000000000000, -0.0000000000000000000 ) ) ;
#2253 = CARTESIAN_POINT ( 'NONE',  ( 0.2942664688103074355, 0.0000000000000000000, -0.01574999999999998623 ) ) ;
#2254 = CARTESIAN_POINT ( 'NONE',  ( -0.01203253118969267385, -0.1531900000000000206, -0.01024000000000000084 ) ) ;
#2255 = ORIENTED_EDGE ( 'NONE', *, *, #3057, .T. ) ;
#2256 =( LENGTH_UNIT ( ) NAMED_UNIT ( * ) SI_UNIT ( $, .METRE. ) );
#2257 = CIRCLE ( 'NONE', #1970, 0.03200000000000009781 ) ;
#2258 = VECTOR ( 'NONE', #4748, 39.37007874015748143 ) ;
#2259 = LINE ( 'NONE', #5418, #5905 ) ;
#2260 = VERTEX_POINT ( 'NONE', #402 ) ;
#2261 = AXIS2_PLACEMENT_3D ( 'NONE', #618, #3764, #100 ) ;
#2262 = DIRECTION ( 'NONE',  ( 0.0000000000000000000, 0.0000000000000000000, 1.000000000000000000 ) ) ;
#2263 = DIMENSIONAL_EXPONENTS ( 1.000000000000000000, 0.0000000000000000000, 0.0000000000000000000, 0.0000000000000000000, 0.0000000000000000000, 0.0000000000000000000, 0.0000000000000000000 ) ;
#2264 = ORIENTED_EDGE ( 'NONE', *, *, #5230, .F. ) ;
#2265 = ADVANCED_FACE ( 'NONE', ( #1210, #2576 ), #3062, .F. ) ;
#2266 = EDGE_LOOP ( 'NONE', ( #537, #757, #5745, #2626 ) ) ;
#2267 = DIRECTION ( 'NONE',  ( 0.0000000000000000000, 3.369016658928398207E-15, -1.000000000000000000 ) ) ;
#2268 = CARTESIAN_POINT ( 'NONE',  ( -0.01203253118969267385, -0.1531900000000000206, -0.08975999999999990930 ) ) ;
#2269 = FACE_BOUND ( 'NONE', #1366, .T. ) ;
#2270 = VERTEX_POINT ( 'NONE', #4440 ) ;
#2271 = CARTESIAN_POINT ( 'NONE',  ( 0.7759349376206153837, -0.1650000000000000078, -0.09999999999999974187 ) ) ;
#2272 = VERTEX_POINT ( 'NONE', #3547 ) ;
#2273 = DIRECTION ( 'NONE',  ( 0.0000000000000000000, 0.0000000000000000000, -1.000000000000000000 ) ) ;
#2275 = ADVANCED_FACE ( 'NONE', ( #5847 ), #5349, .T. ) ;
#2274 = ORIENTED_EDGE ( 'NONE', *, *, #1023, .T. ) ;
#2276 = CARTESIAN_POINT ( 'NONE',  ( 0.2962719448011142953, -0.1531900000000000206, -0.08975999999999990930 ) ) ;
#2277 = LINE ( 'NONE', #5851, #778 ) ;
#2278 = DIRECTION ( 'NONE',  ( 0.0000000000000000000, 0.0000000000000000000, 1.000000000000000000 ) ) ;
#2279 = EDGE_CURVE ( 'NONE', #637, #5574, #3148, .T. ) ;
#2280 = ORIENTED_EDGE ( 'NONE', *, *, #4582, .F. ) ;
#2281 = EDGE_CURVE ( 'NONE', #5424, #2202, #4948, .T. ) ;
#2282 = ADVANCED_FACE ( 'NONE', ( #5761 ), #4002, .T. ) ;
#2283 = CARTESIAN_POINT ( 'NONE',  ( 0.1773881722737656597, -2.346524916246069321E-15, 0.3851881722737665603 ) ) ;
#2284 = CARTESIAN_POINT ( 'NONE',  ( 0.7759349376206153837, -0.1650000000000000078, -0.09999999999999974187 ) ) ;
#2285 = CARTESIAN_POINT ( 'NONE',  ( 0.1773881722737662425, -1.279886794117118621E-16, 0.03838817227376629254 ) ) ;
#2286 = DIRECTION ( 'NONE',  ( 0.0000000000000000000, 0.0000000000000000000, 1.000000000000000000 ) ) ;
#2287 = ORIENTED_EDGE ( 'NONE', *, *, #1960, .F. ) ;
#2288 = CARTESIAN_POINT ( 'NONE',  ( 0.7879674688103074365, -0.1650000000000000078, -0.08424999999999950584 ) ) ;
#2289 = ADVANCED_FACE ( 'NONE', ( #3942 ), #1179, .F. ) ;
#2290 = VERTEX_POINT ( 'NONE', #5432 ) ;
#2291 = LINE ( 'NONE', #4136, #2443 ) ;
#2292 = ORIENTED_EDGE ( 'NONE', *, *, #2869, .F. ) ;
#2293 = EDGE_LOOP ( 'NONE', ( #5094, #5100, #1560, #4514 ) ) ;
#2294 = DIRECTION ( 'NONE',  ( 0.0000000000000000000, 0.0000000000000000000, 1.000000000000000000 ) ) ;
#2295 = CARTESIAN_POINT ( 'NONE',  ( 0.0000000000000000000, -0.1650000000000000078, 0.0000000000000000000 ) ) ;
#2296 = CARTESIAN_POINT ( 'NONE',  ( 0.6379674688103074143, 0.0000000000000000000, -0.08155000000000069138 ) ) ;
#2297 = ORIENTED_EDGE ( 'NONE', *, *, #4970, .F. ) ;
#2298 = FACE_OUTER_BOUND ( 'NONE', #1033, .T. ) ;
#2299 = ORIENTED_EDGE ( 'NONE', *, *, #1602, .T. ) ;
#2300 = DIRECTION ( 'NONE',  ( -0.0000000000000000000, 1.000000000000000000, -0.0000000000000000000 ) ) ;
#2301 = VERTEX_POINT ( 'NONE', #1693 ) ;
#2302 = CARTESIAN_POINT ( 'NONE',  ( 0.2068881722737647144, 4.336730979495809401E-16, -0.1609118277262354124 ) ) ;
#2303 = FACE_BOUND ( 'NONE', #3817, .T. ) ;
#2304 = DIRECTION ( 'NONE',  ( -0.0000000000000000000, 1.000000000000000000, -0.0000000000000000000 ) ) ;
#2305 = EDGE_LOOP ( 'NONE', ( #439, #893 ) ) ;
#2306 = ADVANCED_FACE ( 'NONE', ( #1715 ), #3034, .F. ) ;
#2307 = CARTESIAN_POINT ( 'NONE',  ( 0.4816684688103073930, 0.0000000000000000000, -0.01574999999999998623 ) ) ;
#2308 = VECTOR ( 'NONE', #2434, 39.37007874015748143 ) ;
#2309 = CARTESIAN_POINT ( 'NONE',  ( 0.1564881722737670733, -9.450981218425193987E-16, 0.3070881722737662245 ) ) ;
#2310 = CARTESIAN_POINT ( 'NONE',  ( 0.4137622209360657388, -0.1650000000000000078, -0.2369336032046564511 ) ) ;
#2311 = CARTESIAN_POINT ( 'NONE',  ( 0.4379674688103074032, 9.184870279381501883E-17, -0.08740000000000071323 ) ) ;
#2312 = CARTESIAN_POINT ( 'NONE',  ( 0.2942664688103074355, 0.0000000000000000000, -0.01574999999999998623 ) ) ;
#2313 = AXIS2_PLACEMENT_3D ( 'NONE', #5376, #4923, #791 ) ;
#2314 = APPLICATION_CONTEXT ( 'automotive_design' ) ;
#2315 = CARTESIAN_POINT ( 'NONE',  ( 0.5379674688103074365, 9.184870279381501883E-17, -0.05000000000000019013 ) ) ;
#2316 = ORIENTED_EDGE ( 'NONE', *, *, #4964, .T. ) ;
#2317 = AXIS2_PLACEMENT_3D ( 'NONE', #3164, #855, #309 ) ;
#2318 = DIRECTION ( 'NONE',  ( -1.387778780781445676E-17, 1.715124499442919967E-15, -1.000000000000000222 ) ) ;
#2319 = EDGE_CURVE ( 'NONE', #5321, #34, #3573, .T. ) ;
#2320 = CARTESIAN_POINT ( 'NONE',  ( 0.7184669688103072493, -0.03899999999999999994, -1.633714423575824830E-17 ) ) ;
#2321 = ORIENTED_EDGE ( 'NONE', *, *, #1547, .T. ) ;
#2322 = CARTESIAN_POINT ( 'NONE',  ( -0.005732531189691705831, -0.1650000000000000078, -0.08425000000000165690 ) ) ;
#2323 = VERTEX_POINT ( 'NONE', #5399 ) ;
#2324 = ORIENTED_EDGE ( 'NONE', *, *, #991, .T. ) ;
#2325 = ADVANCED_FACE ( 'NONE', ( #350 ), #2541, .T. ) ;
#2326 = VECTOR ( 'NONE', #3158, 39.37007874015748143 ) ;
#2327 = DIRECTION ( 'NONE',  ( -0.0000000000000000000, 1.000000000000000000, -0.0000000000000000000 ) ) ;
#2328 = DIRECTION ( 'NONE',  ( -1.000000000000000000, 3.430248998885772487E-15, -1.229766724368511581E-15 ) ) ;
#2329 = CARTESIAN_POINT ( 'NONE',  ( 0.1759359376206146575, -0.1650000000000000078, -9.478001694819074349E-34 ) ) ;
#2330 = ORIENTED_EDGE ( 'NONE', *, *, #344, .T. ) ;
#2331 = CARTESIAN_POINT ( 'NONE',  ( 0.1473881722737671596, 6.341602053257914648E-16, -0.1609118277262355234 ) ) ;
#2332 = ORIENTED_EDGE ( 'NONE', *, *, #5925, .T. ) ;
#2333 = CARTESIAN_POINT ( 'NONE',  ( 0.7184669688103072493, -0.03899999999999999994, 0.04599999999999997841 ) ) ;
#2334 = EDGE_CURVE ( 'NONE', #5350, #5846, #817, .T. ) ;
#2335 = DIRECTION ( 'NONE',  ( 0.0000000000000000000, 0.0000000000000000000, 1.000000000000000000 ) ) ;
#2336 = AXIS2_PLACEMENT_3D ( 'NONE', #4140, #5488, #2328 ) ;
#2337 = LINE ( 'NONE', #3218, #1077 ) ;
#2338 = DIRECTION ( 'NONE',  ( 0.0000000000000000000, 0.0000000000000000000, 1.000000000000000000 ) ) ;
#2339 = VERTEX_POINT ( 'NONE', #1295 ) ;
#2340 = EDGE_CURVE ( 'NONE', #76, #816, #4648, .T. ) ;
#2341 = CIRCLE ( 'NONE', #2144, 0.03049999999999848665 ) ;
#2342 = DIRECTION ( 'NONE',  ( -0.3420201433256694346, -0.0000000000000000000, -0.9396926207859080948 ) ) ;
#2343 = CARTESIAN_POINT ( 'NONE',  ( 0.3816684688103073597, -0.2760000000000000231, -0.08424999999999954747 ) ) ;
#2344 = CARTESIAN_POINT ( 'NONE',  ( 0.07966299281950059430, -0.2760000000000000231, -0.01024000000000000084 ) ) ;
#2345 = CARTESIAN_POINT ( 'NONE',  ( 0.1379674688103073310, -0.03399999999999996775, -0.08740000000000071323 ) ) ;
#2346 = EDGE_CURVE ( 'NONE', #1746, #434, #5006, .T. ) ;
#2347 = AXIS2_PLACEMENT_3D ( 'NONE', #4507, #2187, #363 ) ;
#2348 = EDGE_LOOP ( 'NONE', ( #5572, #5455, #707, #1071 ) ) ;
#2349 = ORIENTED_EDGE ( 'NONE', *, *, #5480, .F. ) ;
#2350 = SURFACE_STYLE_FILL_AREA ( #5089 ) ;
#2351 = SHAPE_REPRESENTATION ( '0970_default', ( #585 ), #2803 ) ;
#2352 = AXIS2_PLACEMENT_3D ( 'NONE', #4542, #1735, #4042 ) ;
#2353 = CARTESIAN_POINT ( 'NONE',  ( 0.5962719448011142287, -0.1531900000000000206, -0.01024000000000000084 ) ) ;
#2354 = FACE_OUTER_BOUND ( 'NONE', #4630, .T. ) ;
#2355 = EDGE_CURVE ( 'NONE', #4631, #2126, #4087, .T. ) ;
#2356 = DIRECTION ( 'NONE',  ( 1.000000000000000000, 0.0000000000000000000, -1.355298456929802892E-15 ) ) ;
#2357 = VECTOR ( 'NONE', #3258, 39.37007874015748143 ) ;
#2358 = VERTEX_POINT ( 'NONE', #5941 ) ;
#2359 = AXIS2_PLACEMENT_3D ( 'NONE', #5865, #3591, #4604 ) ;
#2360 = ORIENTED_EDGE ( 'NONE', *, *, #176, .F. ) ;
#2361 = VECTOR ( 'NONE', #445, 39.37007874015748143 ) ;
#2362 = DIRECTION ( 'NONE',  ( -1.000000000000000000, 3.430248998885770120E-15, -1.157562709179845500E-15 ) ) ;
#2363 = CARTESIAN_POINT ( 'NONE',  ( 0.2962719448011142398, -0.1650000000000000078, -0.01024000000000000084 ) ) ;
#2364 = DIRECTION ( 'NONE',  ( -0.0000000000000000000, -1.000000000000000000, -2.147139079527372365E-16 ) ) ;
#2365 = ORIENTED_EDGE ( 'NONE', *, *, #4237, .T. ) ;
#2366 = CARTESIAN_POINT ( 'NONE',  ( 0.4816684688103073930, -0.2760000000000000231, -0.01574999999999998623 ) ) ;
#2367 = ORIENTED_EDGE ( 'NONE', *, *, #5397, .F. ) ;
#2368 = CARTESIAN_POINT ( 'NONE',  ( 0.5379674688103074365, -0.03399999999999996775, -0.05000000000000019013 ) ) ;
#2369 = VECTOR ( 'NONE', #1936, 39.37007874015748143 ) ;
#2370 = CARTESIAN_POINT ( 'NONE',  ( 0.3379674688103073699, -0.1531900000000000206, -0.08155000000000069138 ) ) ;
#2371 = EDGE_CURVE ( 'NONE', #2448, #1736, #5913, .T. ) ;
#2372 = DIRECTION ( 'NONE',  ( -1.855874995695831977E-16, 0.0000000000000000000, -1.000000000000000000 ) ) ;
#2373 = CARTESIAN_POINT ( 'NONE',  ( 0.5759359376206146797, 0.0000000000000000000, -0.09999999999999989453 ) ) ;
#2374 = VERTEX_POINT ( 'NONE', #4143 ) ;
#2375 = CARTESIAN_POINT ( 'NONE',  ( 0.4796629928195006443, -0.1650000000000000078, -0.01024000000000000084 ) ) ;
#2376 = EDGE_CURVE ( 'NONE', #2496, #5754, #1323, .T. ) ;
#2377 = CARTESIAN_POINT ( 'NONE',  ( 0.07966299281950052491, -0.2760000000000000231, -0.08975999999999990930 ) ) ;
#2378 = LINE ( 'NONE', #4220, #3903 ) ;
#2379 = EDGE_LOOP ( 'NONE', ( #3706, #4823, #1917, #5169 ) ) ;
#2380 = VERTEX_POINT ( 'NONE', #1808 ) ;
#2381 = DIRECTION ( 'NONE',  ( 1.000000000000000000, 0.0000000000000000000, 0.0000000000000000000 ) ) ;
#2382 = LINE ( 'NONE', #4668, #5721 ) ;
#2383 = ORIENTED_EDGE ( 'NONE', *, *, #2794, .T. ) ;
#2384 = CARTESIAN_POINT ( 'NONE',  ( 0.1773881722737662425, -1.279886794117118621E-16, 0.03838817227376629254 ) ) ;
#2385 = VERTEX_POINT ( 'NONE', #494 ) ;
#2386 = ORIENTED_EDGE ( 'NONE', *, *, #124, .F. ) ;
#2387 = ADVANCED_FACE ( 'NONE', ( #905 ), #463, .F. ) ;
#2388 = DIRECTION ( 'NONE',  ( -0.9396926207859072067, 0.0000000000000000000, -0.3420201433256721546 ) ) ;
#2389 = DIRECTION ( 'NONE',  ( 0.0000000000000000000, 0.0000000000000000000, 1.000000000000000000 ) ) ;
#2390 = DIRECTION ( 'NONE',  ( 0.0000000000000000000, 0.0000000000000000000, 1.000000000000000000 ) ) ;
#2391 = ORIENTED_EDGE ( 'NONE', *, *, #2658, .T. ) ;
#2392 = VERTEX_POINT ( 'NONE', #5101 ) ;
#2393 = CARTESIAN_POINT ( 'NONE',  ( -1.600692183787654153E-17, -0.1650000000000000078, -0.09999999999999989453 ) ) ;
#2394 = EDGE_CURVE ( 'NONE', #5102, #4448, #803, .T. ) ;
#2395 = EDGE_CURVE ( 'NONE', #3824, #270, #3177, .T. ) ;
#2396 = CARTESIAN_POINT ( 'NONE',  ( 0.6962719448011142065, -0.1531900000000000206, -0.01024000000000000084 ) ) ;
#2397 = FACE_BOUND ( 'NONE', #577, .T. ) ;
#2398 = DIRECTION ( 'NONE',  ( 0.0000000000000000000, -0.0000000000000000000, -1.000000000000000000 ) ) ;
#2399 = ORIENTED_EDGE ( 'NONE', *, *, #2761, .T. ) ;
#2400 = EDGE_CURVE ( 'NONE', #5179, #605, #995, .T. ) ;
#2401 = CARTESIAN_POINT ( 'NONE',  ( 0.07593593762061463803, -0.2760000000000000231, -9.478001694819074349E-34 ) ) ;
#2402 = CARTESIAN_POINT ( 'NONE',  ( -0.01203253118969267385, -0.1650000000000000078, -0.08975999999999990930 ) ) ;
#2403 = DIRECTION ( 'NONE',  ( 0.0000000000000000000, 1.000000000000000000, 0.0000000000000000000 ) ) ;
#2404 = CARTESIAN_POINT ( 'NONE',  ( 0.01250000000000048121, 0.0000000000000000000, 0.0000000000000000000 ) ) ;
#2405 = EDGE_LOOP ( 'NONE', ( #5951, #2832, #1833, #4334 ) ) ;
#2406 = VERTEX_POINT ( 'NONE', #4209 ) ;
#2407 =( NAMED_UNIT ( * ) SI_UNIT ( $, .STERADIAN. ) SOLID_ANGLE_UNIT ( ) );
#2408 = ADVANCED_FACE ( 'NONE', ( #2298 ), #3211, .T. ) ;
#2409 = CARTESIAN_POINT ( 'NONE',  ( 0.6942664688103074022, 0.0000000000000000000, -0.01574999999999998623 ) ) ;
#2410 = CARTESIAN_POINT ( 'NONE',  ( 0.01846696881030735274, -0.03899999999999999994, 0.04999999999999998196 ) ) ;
#2411 = VECTOR ( 'NONE', #5311, 39.37007874015748143 ) ;
#2412 = FACE_OUTER_BOUND ( 'NONE', #2753, .T. ) ;
#2413 = VERTEX_POINT ( 'NONE', #3734 ) ;
#2414 = ORIENTED_EDGE ( 'NONE', *, *, #2768, .F. ) ;
#2415 = VECTOR ( 'NONE', #3552, 39.37007874015748143 ) ;
#2416 = ORIENTED_EDGE ( 'NONE', *, *, #2172, .F. ) ;
#2417 = LINE ( 'NONE', #5214, #37 ) ;
#2418 = CARTESIAN_POINT ( 'NONE',  ( 0.0000000000000000000, 0.0000000000000000000, 0.0000000000000000000 ) ) ;
#2419 = CARTESIAN_POINT ( 'NONE',  ( 0.2379674688103073643, -0.1531900000000000206, -0.08155000000000069138 ) ) ;
#2420 = EDGE_CURVE ( 'NONE', #3407, #1830, #1841, .T. ) ;
#2421 = VERTEX_POINT ( 'NONE', #3699 ) ;
#2422 = ORIENTED_EDGE ( 'NONE', *, *, #221, .F. ) ;
#2423 = DIRECTION ( 'NONE',  ( 0.0000000000000000000, 0.0000000000000000000, -1.000000000000000000 ) ) ;
#2424 = CARTESIAN_POINT ( 'NONE',  ( 0.3816684688103073597, -0.1531900000000000206, -0.08424999999999953360 ) ) ;
#2425 = FACE_BOUND ( 'NONE', #120, .T. ) ;
#2426 = DIRECTION ( 'NONE',  ( -0.3420201433256656598, 0.0000000000000000000, 0.9396926207859094271 ) ) ;
#2427 = EDGE_CURVE ( 'NONE', #4016, #3529, #1391, .T. ) ;
#2428 = VERTEX_POINT ( 'NONE', #2271 ) ;
#2429 = AXIS2_PLACEMENT_3D ( 'NONE', #1130, #262, #3862 ) ;
#2430 = CARTESIAN_POINT ( 'NONE',  ( 0.5379674688103074365, -0.03399999999999996775, -0.05000000000000019013 ) ) ;
#2431 = VERTEX_POINT ( 'NONE', #4554 ) ;
#2432 = APPLICATION_CONTEXT ( 'automotive_design' ) ;
#2433 = VECTOR ( 'NONE', #3526, 39.37007874015748143 ) ;
#2434 = DIRECTION ( 'NONE',  ( -0.0000000000000000000, 1.000000000000000000, -0.0000000000000000000 ) ) ;
#2435 = DIRECTION ( 'NONE',  ( -1.000000000000000000, 3.430248998885771303E-15, -1.715124499442871452E-15 ) ) ;
#2436 = DIRECTION ( 'NONE',  ( -1.000000000000000000, 3.430248998885779192E-15, -2.731847993664322383E-15 ) ) ;
#2437 = DIRECTION ( 'NONE',  ( 2.753879025871234324E-16, -0.0000000000000000000, 1.000000000000000000 ) ) ;
#2438 = EDGE_CURVE ( 'NONE', #2428, #5350, #435, .T. ) ;
#2439 = ORIENTED_EDGE ( 'NONE', *, *, #1345, .T. ) ;
#2440 = VECTOR ( 'NONE', #399, 39.37007874015748143 ) ;
#2441 = APPLICATION_PROTOCOL_DEFINITION ( 'draft international standard', 'automotive_design', 1998, #4775 ) ;
#2442 = CYLINDRICAL_SURFACE ( 'NONE', #3028, 0.03155000000000051513 ) ;
#2443 = VECTOR ( 'NONE', #393, 39.37007874015748143 ) ;
#2444 = EDGE_LOOP ( 'NONE', ( #5870, #5897, #1692, #3231 ) ) ;
#2445 = DIRECTION ( 'NONE',  ( -0.3420201433256662704, 0.0000000000000000000, -0.9396926207859092051 ) ) ;
#2446 = ORIENTED_EDGE ( 'NONE', *, *, #3950, .F. ) ;
#2447 = AXIS2_PLACEMENT_3D ( 'NONE', #1152, #3002, #3521 ) ;
#2448 = VERTEX_POINT ( 'NONE', #1420 ) ;
#2449 = VECTOR ( 'NONE', #1415, 39.37007874015748143 ) ;
#2450 = CARTESIAN_POINT ( 'NONE',  ( -0.01203253118969264436, 0.0000000000000000000, -0.08424999999999989442 ) ) ;
#2451 = EDGE_CURVE ( 'NONE', #3776, #3104, #5451, .T. ) ;
#2452 = AXIS2_PLACEMENT_3D ( 'NONE', #3780, #512, #3684 ) ;
#2453 = FACE_OUTER_BOUND ( 'NONE', #973, .T. ) ;
#2454 = DIRECTION ( 'NONE',  ( 0.3420201433256662704, 0.0000000000000000000, 0.9396926207859092051 ) ) ;
#2455 = EDGE_LOOP ( 'NONE', ( #4359, #1470, #5237, #514, #2867, #5309, #3840, #3475, #4865, #5364, #3391, #649, #5619, #4666, #3558, #5733, #1119, #5306, #2179, #1546, #3820, #3931, #5710, #3447, #4478, #64, #5377, #732, #1775, #2748, #3209, #4056, #1279, #5540, #4326, #2907, #4388, #598, #3672, #3907, #5741, #5935, #2422, #3957, #3602, #642, #719, #5793, #2210, #5040, #5005, #283, #4998, #2292, #3390, #4723, #4753, #2657, #4137, #4250, #3264, #389, #2633, #1053, #4665, #5433, #1698, #3238 ) ) ;
#2456 = EDGE_LOOP ( 'NONE', ( #410, #2986, #5698, #2906 ) ) ;
#2457 = CARTESIAN_POINT ( 'NONE',  ( 0.4999990000000001378, -0.1650000000000000078, 0.0000000000000000000 ) ) ;
#2458 = CIRCLE ( 'NONE', #5814, 0.03740000000000053004 ) ;
#2459 = CARTESIAN_POINT ( 'NONE',  ( 0.0000000000000000000, -0.1650000000000000078, 0.0000000000000000000 ) ) ;
#2460 = DIRECTION ( 'NONE',  ( 1.000000000000000000, -0.0000000000000000000, -0.0000000000000000000 ) ) ;
#2461 = DIRECTION ( 'NONE',  ( 0.0000000000000000000, 0.0000000000000000000, -1.000000000000000000 ) ) ;
#2462 = VECTOR ( 'NONE', #4268, 39.37007874015748854 ) ;
#2463 = EDGE_LOOP ( 'NONE', ( #3830, #5799 ) ) ;
#2464 = DIRECTION ( 'NONE',  ( 0.0000000000000000000, -1.000000000000000000, 0.0000000000000000000 ) ) ;
#2465 = ORIENTED_EDGE ( 'NONE', *, *, #4285, .F. ) ;
#2466 = EDGE_CURVE ( 'NONE', #2722, #5846, #2709, .T. ) ;
#2467 =( CONVERSION_BASED_UNIT ( 'INCH', #1490 ) LENGTH_UNIT ( ) NAMED_UNIT ( #2764 ) );
#2468 = CARTESIAN_POINT ( 'NONE',  ( 0.1379674688103073310, -0.03399999999999996775, -0.05000000000000019013 ) ) ;
#2469 = PLANE ( 'NONE',  #2554 ) ;
#2470 = ORIENTED_EDGE ( 'NONE', *, *, #1651, .T. ) ;
#2471 = ADVANCED_FACE ( 'NONE', ( #421 ), #1223, .F. ) ;
#2472 = EDGE_CURVE ( 'NONE', #5809, #2884, #1197, .T. ) ;
#2473 = PLANE ( 'NONE',  #4284 ) ;
#2474 = VERTEX_POINT ( 'NONE', #4487 ) ;
#2475 = LINE ( 'NONE', #2016, #3894 ) ;
#2476 = ORIENTED_EDGE ( 'NONE', *, *, #3416, .F. ) ;
#2477 = ORIENTED_EDGE ( 'NONE', *, *, #3889, .T. ) ;
#2478 = EDGE_CURVE ( 'NONE', #3962, #3784, #5335, .T. ) ;
#2479 = VERTEX_POINT ( 'NONE', #4934 ) ;
#2480 = CARTESIAN_POINT ( 'NONE',  ( 0.3379674688103073699, 0.0000000000000000000, -0.05000000000000019013 ) ) ;
#2481 = CARTESIAN_POINT ( 'NONE',  ( 0.6816684688103075151, -0.2760000000000000231, -0.08424999999999954747 ) ) ;
#2482 = CYLINDRICAL_SURFACE ( 'NONE', #5777, 0.03740000000000053004 ) ;
#2483 = EDGE_LOOP ( 'NONE', ( #3318, #5510, #3755, #2755 ) ) ;
#2484 = ORIENTED_EDGE ( 'NONE', *, *, #3254, .F. ) ;
#2485 = LINE ( 'NONE', #1969, #1057 ) ;
#2486 = DIRECTION ( 'NONE',  ( -0.0000000000000000000, 1.000000000000000000, -0.0000000000000000000 ) ) ;
#2487 = DIRECTION ( 'NONE',  ( 0.0000000000000000000, -1.000000000000000000, 0.0000000000000000000 ) ) ;
#2488 = DIRECTION ( 'NONE',  ( -0.9396926207859095381, 0.0000000000000000000, -0.3420201433256657153 ) ) ;
#2489 = VERTEX_POINT ( 'NONE', #4965 ) ;
#2490 = PLANE ( 'NONE',  #1669 ) ;
#2491 = VERTEX_POINT ( 'NONE', #2222 ) ;
#2492 = ADVANCED_FACE ( 'NONE', ( #3139 ), #4992, .T. ) ;
#2493 = CARTESIAN_POINT ( 'NONE',  ( 0.1796629928195005166, -0.2760000000000000231, -0.08975999999999990930 ) ) ;
#2494 = LINE ( 'NONE', #3921, #5221 ) ;
#2495 = CARTESIAN_POINT ( 'NONE',  ( 0.7816674688103073532, -0.1650000000000000078, -0.01574999999999984746 ) ) ;
#2496 = VERTEX_POINT ( 'NONE', #830 ) ;
#2497 = PRODUCT_RELATED_PRODUCT_CATEGORY ( 'part', '', ( #5014 ) ) ;
#2498 = CARTESIAN_POINT ( 'NONE',  ( 0.09627194480111425645, -0.1531900000000000206, -0.08975999999999990930 ) ) ;
#2499 = PLANE ( 'NONE',  #4725 ) ;
#2500 = DIRECTION ( 'NONE',  ( 0.0000000000000000000, -0.0000000000000000000, -1.000000000000000000 ) ) ;
#2501 = EDGE_CURVE ( 'NONE', #1263, #5109, #2641, .T. ) ;
#2502 = VECTOR ( 'NONE', #20, 39.37007874015748143 ) ;
#2503 = CIRCLE ( 'NONE', #5200, 0.03740000000000053698 ) ;
#2504 = ORIENTED_EDGE ( 'NONE', *, *, #4031, .T. ) ;
#2505 = FACE_OUTER_BOUND ( 'NONE', #1710, .T. ) ;
#2506 = DIRECTION ( 'NONE',  ( 0.7071067811865474617, 0.0000000000000000000, -0.7071067811865474617 ) ) ;
#2507 = PLANE ( 'NONE',  #5291 ) ;
#2508 = EDGE_CURVE ( 'NONE', #1680, #4258, #4075, .T. ) ;
#2509 = EDGE_LOOP ( 'NONE', ( #4022, #1128, #5279, #5548 ) ) ;
#2510 = VECTOR ( 'NONE', #2973, 39.37007874015748143 ) ;
#2511 = ORIENTED_EDGE ( 'NONE', *, *, #4970, .T. ) ;
#2512 = DIRECTION ( 'NONE',  ( -0.0000000000000000000, 1.000000000000000000, -0.0000000000000000000 ) ) ;
#2513 = VECTOR ( 'NONE', #5396, 39.37007874015748143 ) ;
#2514 = DIRECTION ( 'NONE',  ( 0.3420201433256694346, -2.017650748832918720E-16, 0.9396926207859080948 ) ) ;
#2515 = CARTESIAN_POINT ( 'NONE',  ( 0.2068881722737639373, -9.346417124331837033E-16, 0.3040881722737646675 ) ) ;
#2516 = DIRECTION ( 'NONE',  ( -0.3420201433256694346, 0.0000000000000000000, -0.9396926207859080948 ) ) ;
#2517 = EDGE_CURVE ( 'NONE', #52, #2969, #1770, .T. ) ;
#2518 = VERTEX_POINT ( 'NONE', #4428 ) ;
#2519 = DIRECTION ( 'NONE',  ( 0.3420201433256694346, 0.0000000000000000000, 0.9396926207859080948 ) ) ;
#2520 = ORIENTED_EDGE ( 'NONE', *, *, #2239, .T. ) ;
#2521 = EDGE_LOOP ( 'NONE', ( #2067, #2121, #1021, #3906 ) ) ;
#2522 = DIRECTION ( 'NONE',  ( -3.267760757971642910E-15, -1.000000000000000000, 0.0000000000000000000 ) ) ;
#2523 = CIRCLE ( 'NONE', #1940, 0.03740000000000053698 ) ;
#2524 = FACE_OUTER_BOUND ( 'NONE', #3464, .T. ) ;
#2525 = DIRECTION ( 'NONE',  ( -1.000000000000000000, 0.0000000000000000000, -1.980403796674357815E-16 ) ) ;
#2526 = EDGE_CURVE ( 'NONE', #5263, #1899, #2063, .T. ) ;
#2527 = ORIENTED_EDGE ( 'NONE', *, *, #5190, .T. ) ;
#2528 = DIRECTION ( 'NONE',  ( -1.387778780781445676E-17, 1.715124499442919967E-15, -1.000000000000000222 ) ) ;
#2529 = AXIS2_PLACEMENT_3D ( 'NONE', #4860, #2487, #4324 ) ;
#2530 = PLANE ( 'NONE',  #3813 ) ;
#2531 = LINE ( 'NONE', #3953, #864 ) ;
#2532 = AXIS2_PLACEMENT_3D ( 'NONE', #3242, #1805, #460 ) ;
#2533 = FACE_OUTER_BOUND ( 'NONE', #5264, .T. ) ;
#2534 = ORIENTED_EDGE ( 'NONE', *, *, #551, .F. ) ;
#2535 = AXIS2_PLACEMENT_3D ( 'NONE', #3652, #4607, #4078 ) ;
#2536 = EDGE_CURVE ( 'NONE', #1348, #2896, #2259, .T. ) ;
#2537 = ORIENTED_EDGE ( 'NONE', *, *, #454, .T. ) ;
#2538 = LINE ( 'NONE', #3822, #1747 ) ;
#2539 = CARTESIAN_POINT ( 'NONE',  ( 0.03796746881030733239, -0.03399999999999996775, -0.05000000000000019013 ) ) ;
#2540 = ORIENTED_EDGE ( 'NONE', *, *, #833, .T. ) ;
#2541 = TOROIDAL_SURFACE ( 'NONE', #3024, 0.03838817227376622315, 0.01249999999999974569 ) ;
#2542 = ORIENTED_EDGE ( 'NONE', *, *, #811, .T. ) ;
#2543 = DIRECTION ( 'NONE',  ( 0.0000000000000000000, 0.0000000000000000000, 1.000000000000000000 ) ) ;
#2544 = VECTOR ( 'NONE', #4013, 39.37007874015748143 ) ;
#2545 = ADVANCED_FACE ( 'NONE', ( #3988 ), #3506, .T. ) ;
#2546 = VECTOR ( 'NONE', #3624, 39.37007874015748143 ) ;
#2547 = CARTESIAN_POINT ( 'NONE',  ( 0.03796746881030733239, 9.184870279381501883E-17, -0.08740000000000071323 ) ) ;
#2548 = LINE ( 'NONE', #188, #5884 ) ;
#2549 = CARTESIAN_POINT ( 'NONE',  ( -0.01203253118969267385, -0.1531900000000000206, -0.08975999999999990930 ) ) ;
#2550 = ORIENTED_EDGE ( 'NONE', *, *, #5254, .F. ) ;
#2551 = FACE_OUTER_BOUND ( 'NONE', #3267, .T. ) ;
#2552 = ORIENTED_EDGE ( 'NONE', *, *, #3205, .T. ) ;
#2553 = VERTEX_POINT ( 'NONE', #1682 ) ;
#2554 = AXIS2_PLACEMENT_3D ( 'NONE', #1948, #1158, #5743 ) ;
#2555 = AXIS2_PLACEMENT_3D ( 'NONE', #3132, #4957, #4400 ) ;
#2556 = FACE_OUTER_BOUND ( 'NONE', #3369, .T. ) ;
#2557 = VECTOR ( 'NONE', #4005, 39.37007874015748854 ) ;
#2558 = DIRECTION ( 'NONE',  ( -0.0000000000000000000, 1.000000000000000000, -0.0000000000000000000 ) ) ;
#2559 = LINE ( 'NONE', #2043, #5142 ) ;
#2560 = ORIENTED_EDGE ( 'NONE', *, *, #2970, .T. ) ;
#2561 = DIRECTION ( 'NONE',  ( 3.307784318971019195E-15, -1.000000000000000000, -1.715124499442920756E-15 ) ) ;
#2562 = LINE ( 'NONE', #1727, #1482 ) ;
#2563 = FACE_OUTER_BOUND ( 'NONE', #1530, .T. ) ;
#2564 = FACE_OUTER_BOUND ( 'NONE', #191, .T. ) ;
#2565 = ORIENTED_EDGE ( 'NONE', *, *, #780, .T. ) ;
#2566 = ORIENTED_EDGE ( 'NONE', *, *, #1240, .F. ) ;
#2567 = DIRECTION ( 'NONE',  ( 0.0000000000000000000, -0.0000000000000000000, -1.000000000000000000 ) ) ;
#2568 = DIRECTION ( 'NONE',  ( -0.0000000000000000000, -1.000000000000000000, -2.147139079527372365E-16 ) ) ;
#2569 = ORIENTED_EDGE ( 'NONE', *, *, #259, .F. ) ;
#2570 = ORIENTED_EDGE ( 'NONE', *, *, #5119, .F. ) ;
#2571 = FILL_AREA_STYLE ('',( #3514 ) ) ;
#2572 = DIRECTION ( 'NONE',  ( 1.000000000000000000, -0.0000000000000000000, -0.0000000000000000000 ) ) ;
#2573 = CARTESIAN_POINT ( 'NONE',  ( 0.1773881722737665756, 5.312527353592203413E-16, -0.1609118277262354679 ) ) ;
#2574 = LINE ( 'NONE', #4412, #5110 ) ;
#2575 = ORIENTED_EDGE ( 'NONE', *, *, #1018, .T. ) ;
#2576 = FACE_BOUND ( 'NONE', #1209, .T. ) ;
#2577 = ORIENTED_EDGE ( 'NONE', *, *, #762, .F. ) ;
#2578 = ORIENTED_EDGE ( 'NONE', *, *, #1240, .T. ) ;
#2579 = EDGE_CURVE ( 'NONE', #5249, #2413, #3536, .T. ) ;
#2580 = LINE ( 'NONE', #3042, #689 ) ;
#2581 = DIRECTION ( 'NONE',  ( 1.715124499442882891E-15, 3.307784318971030633E-15, -1.000000000000000000 ) ) ;
#2582 = VERTEX_POINT ( 'NONE', #773 ) ;
#2583 = EDGE_CURVE ( 'NONE', #2270, #2339, #2620, .T. ) ;
#2584 = DIRECTION ( 'NONE',  ( 0.0000000000000000000, 1.000000000000000000, 0.0000000000000000000 ) ) ;
#2585 = DIRECTION ( 'NONE',  ( 0.3420201433256919166, 0.0000000000000000000, -0.9396926207858998792 ) ) ;
#2586 = CARTESIAN_POINT ( 'NONE',  ( 0.2379674688103073643, -0.03399999999999996775, -0.01844999999999967846 ) ) ;
#2587 = ORIENTED_EDGE ( 'NONE', *, *, #3402, .T. ) ;
#2588 = EDGE_CURVE ( 'NONE', #1431, #3651, #2169, .T. ) ;
#2589 = CARTESIAN_POINT ( 'NONE',  ( 0.7184669688103072493, -0.03899999999999999994, 0.04599999999999997841 ) ) ;
#2590 = ORIENTED_EDGE ( 'NONE', *, *, #1112, .F. ) ;
#2591 = DIRECTION ( 'NONE',  ( -0.0000000000000000000, 1.000000000000000000, -0.0000000000000000000 ) ) ;
#2592 = DIRECTION ( 'NONE',  ( 1.000000000000000000, -0.0000000000000000000, -0.0000000000000000000 ) ) ;
#2593 = ORIENTED_EDGE ( 'NONE', *, *, #4727, .T. ) ;
#2594 = EDGE_CURVE ( 'NONE', #5179, #5263, #2653, .T. ) ;
#2595 = ORIENTED_EDGE ( 'NONE', *, *, #5176, .F. ) ;
#2596 = AXIS2_PLACEMENT_3D ( 'NONE', #4906, #2568, #1142 ) ;
#2597 = EDGE_CURVE ( 'NONE', #5109, #1263, #1475, .T. ) ;
#2598 = DIRECTION ( 'NONE',  ( 0.0000000000000000000, 0.0000000000000000000, 1.000000000000000000 ) ) ;
#2599 = VECTOR ( 'NONE', #5648, 39.37007874015748143 ) ;
#2600 = CARTESIAN_POINT ( 'NONE',  ( 0.5379674688103074365, -0.03399999999999996775, -0.08740000000000071323 ) ) ;
#2601 = FACE_OUTER_BOUND ( 'NONE', #2020, .T. ) ;
#2602 = VERTEX_POINT ( 'NONE', #2773 ) ;
#2603 = CIRCLE ( 'NONE', #5770, 0.03599999999999819317 ) ;
#2604 = DIRECTION ( 'NONE',  ( 0.0000000000000000000, 0.0000000000000000000, -1.000000000000000000 ) ) ;
#2605 = ORIENTED_EDGE ( 'NONE', *, *, #1528, .T. ) ;
#2606 = AXIS2_PLACEMENT_3D ( 'NONE', #1096, #4828, #4915 ) ;
#2607 = EDGE_CURVE ( 'NONE', #1, #5554, #3234, .T. ) ;
#2608 = EDGE_CURVE ( 'NONE', #2518, #2553, #2382, .T. ) ;
#2609 = DIRECTION ( 'NONE',  ( -0.3420201433256720991, 0.0000000000000000000, 0.9396926207859070956 ) ) ;
#2610 = FACE_OUTER_BOUND ( 'NONE', #3418, .T. ) ;
#2611 = ORIENTED_EDGE ( 'NONE', *, *, #2988, .T. ) ;
#2612 = CIRCLE ( 'NONE', #5401, 0.03740000000000053004 ) ;
#2613 = LINE ( 'NONE', #4481, #4288 ) ;
#2614 = ADVANCED_FACE ( 'NONE', ( #3322 ), #4225, .T. ) ;
#2615 = PLANE ( 'NONE',  #5500 ) ;
#2616 = CARTESIAN_POINT ( 'NONE',  ( 8.149811711887252139E-19, -0.1531900000000000206, 2.239142365121721783E-18 ) ) ;
#2617 = LINE ( 'NONE', #3898, #5414 ) ;
#2618 = ORIENTED_EDGE ( 'NONE', *, *, #5671, .T. ) ;
#2619 = VECTOR ( 'NONE', #1696, 39.37007874015748143 ) ;
#2620 = LINE ( 'NONE', #4459, #2834 ) ;
#2621 = EDGE_CURVE ( 'NONE', #5942, #3843, #3199, .T. ) ;
#2622 = AXIS2_PLACEMENT_3D ( 'NONE', #3947, #5267, #2978 ) ;
#2623 = EDGE_LOOP ( 'NONE', ( #667, #4414, #3019, #862 ) ) ;
#2624 = DIRECTION ( 'NONE',  ( 1.715124499442882891E-15, 3.307784318971030633E-15, -1.000000000000000000 ) ) ;
#2625 = ORIENTED_EDGE ( 'NONE', *, *, #5312, .F. ) ;
#2626 = ORIENTED_EDGE ( 'NONE', *, *, #516, .T. ) ;
#2627 = VECTOR ( 'NONE', #431, 39.37007874015748143 ) ;
#2628 = ADVANCED_FACE ( 'NONE', ( #4134 ), #3752, .T. ) ;
#2629 = DIRECTION ( 'NONE',  ( 0.0000000000000000000, 0.0000000000000000000, 1.000000000000000000 ) ) ;
#2630 = AXIS2_PLACEMENT_3D ( 'NONE', #2285, #5059, #723 ) ;
#2631 = CARTESIAN_POINT ( 'NONE',  ( 0.5379674688103074365, 9.184870279381501883E-17, -0.08740000000000071323 ) ) ;
#2632 = CARTESIAN_POINT ( 'NONE',  ( -1.600692183787654153E-17, 0.0000000000000000000, -0.09999999999999989453 ) ) ;
#2633 = ORIENTED_EDGE ( 'NONE', *, *, #769, .F. ) ;
#2634 = DIRECTION ( 'NONE',  ( -0.9396926207859072067, 0.0000000000000000000, -0.3420201433256721546 ) ) ;
#2635 = ORIENTED_EDGE ( 'NONE', *, *, #1426, .F. ) ;
#2636 = AXIS2_PLACEMENT_3D ( 'NONE', #1022, #3821, #5640 ) ;
#2637 = FACE_BOUND ( 'NONE', #5171, .T. ) ;
#2638 = DIRECTION ( 'NONE',  ( -1.000000000000000000, 0.0000000000000000000, -0.0000000000000000000 ) ) ;
#2639 = LINE ( 'NONE', #4477, #5583 ) ;
#2640 = VECTOR ( 'NONE', #2252, 39.37007874015748143 ) ;
#2641 = CIRCLE ( 'NONE', #3901, 0.01249999999999973008 ) ;
#2642 = ORIENTED_EDGE ( 'NONE', *, *, #433, .F. ) ;
#2643 = EDGE_CURVE ( 'NONE', #2489, #575, #4163, .T. ) ;
#2644 = AXIS2_PLACEMENT_3D ( 'NONE', #1156, #320, #2667 ) ;
#2645 = LINE ( 'NONE', #2248, #4617 ) ;
#2646 = CARTESIAN_POINT ( 'NONE',  ( 0.3816684688103073597, -0.1531900000000000206, -0.08424999999999954747 ) ) ;
#2647 = CARTESIAN_POINT ( 'NONE',  ( 0.0000000000000000000, -0.1650000000000000078, 0.0000000000000000000 ) ) ;
#2648 = CARTESIAN_POINT ( 'NONE',  ( -0.01203253118969267385, -0.1650000000000000078, -0.01024000000000000084 ) ) ;
#2649 = DIRECTION ( 'NONE',  ( 1.000000000000000000, 0.0000000000000000000, -1.355298456929802892E-15 ) ) ;
#2650 = VERTEX_POINT ( 'NONE', #5571 ) ;
#2651 = VECTOR ( 'NONE', #1908, 39.37007874015748143 ) ;
#2652 = EDGE_CURVE ( 'NONE', #2914, #4195, #2835, .T. ) ;
#2653 = LINE ( 'NONE', #365, #5526 ) ;
#2654 = VERTEX_POINT ( 'NONE', #4693 ) ;
#2655 = DIRECTION ( 'NONE',  ( 0.9396926207859100932, 0.0000000000000000000, 0.3420201433256639389 ) ) ;
#2656 = ORIENTED_EDGE ( 'NONE', *, *, #4658, .T. ) ;
#2657 = ORIENTED_EDGE ( 'NONE', *, *, #3082, .F. ) ;
#2658 = EDGE_CURVE ( 'NONE', #5936, #2260, #2938, .T. ) ;
#2659 = PRODUCT ( 'P8XX-11-013-30-000000_P808-11-013-30-000000', 'P8XX-11-013-30-000000_P808-11-013-30-000000', '', ( #1521 ) ) ;
#2660 = LINE ( 'NONE', #5066, #2449 ) ;
#2661 = CARTESIAN_POINT ( 'NONE',  ( 0.1773881722737658539, 0.02776794919242685580, 0.3070881722737663355 ) ) ;
#2662 = DIRECTION ( 'NONE',  ( 1.000000000000000000, 0.0000000000000000000, -2.753879025871234324E-16 ) ) ;
#2663 = ORIENTED_EDGE ( 'NONE', *, *, #811, .F. ) ;
#2664 = DIRECTION ( 'NONE',  ( -1.000000000000000000, 0.0000000000000000000, -0.0000000000000000000 ) ) ;
#2665 = EDGE_LOOP ( 'NONE', ( #741, #2882 ) ) ;
#2666 = EDGE_CURVE ( 'NONE', #3960, #1181, #84, .T. ) ;
#2667 = DIRECTION ( 'NONE',  ( -1.000000000000000000, 0.0000000000000000000, -1.980403796674357815E-16 ) ) ;
#2668 = CYLINDRICAL_SURFACE ( 'NONE', #2230, 0.03155000000000051513 ) ;
#2669 = LINE ( 'NONE', #1697, #2415 ) ;
#2670 = EDGE_LOOP ( 'NONE', ( #925, #1716, #5274, #4390 ) ) ;
#2671 = CARTESIAN_POINT ( 'NONE',  ( -0.005732531189691705831, -0.1650000000000000078, -0.08425000000000165690 ) ) ;
#2672 = FACE_OUTER_BOUND ( 'NONE', #2747, .T. ) ;
#2673 = DIRECTION ( 'NONE',  ( -0.0000000000000000000, 1.000000000000000000, -0.0000000000000000000 ) ) ;
#2674 = CARTESIAN_POINT ( 'NONE',  ( 0.1773881722737661037, -3.850035209957580203E-16, 0.1160881722737654442 ) ) ;
#2675 = ADVANCED_FACE ( 'NONE', ( #1435 ), #4578, .T. ) ;
#2676 = PLANE ( 'NONE',  #3512 ) ;
#2677 = ORIENTED_EDGE ( 'NONE', *, *, #5155, .T. ) ;
#2678 = CARTESIAN_POINT ( 'NONE',  ( 0.1773881722737661593, -2.460765795989775511E-16, 0.07408817227376626735 ) ) ;
#2679 = ORIENTED_EDGE ( 'NONE', *, *, #344, .F. ) ;
#2680 = ADVANCED_FACE ( 'NONE', ( #1922 ), #5120, .T. ) ;
#2681 = FACE_OUTER_BOUND ( 'NONE', #5649, .T. ) ;
#2682 = VERTEX_POINT ( 'NONE', #5151 ) ;
#2683 = VERTEX_POINT ( 'NONE', #2353 ) ;
#2684 = CARTESIAN_POINT ( 'NONE',  ( 0.1390000000000000124, -1.363108786512715726E-16, 0.03838817227376622315 ) ) ;
#2685 = EDGE_CURVE ( 'NONE', #5790, #4132, #1829, .T. ) ;
#2686 = CARTESIAN_POINT ( 'NONE',  ( 0.0000000000000000000, 0.0000000000000000000, 0.0000000000000000000 ) ) ;
#2687 = CARTESIAN_POINT ( 'NONE',  ( 0.5796629928195005110, -0.2760000000000000231, -0.08975999999999990930 ) ) ;
#2688 = ORIENTED_EDGE ( 'NONE', *, *, #2213, .F. ) ;
#2689 = DIRECTION ( 'NONE',  ( 1.715124499442882891E-15, 3.307784318971030633E-15, -1.000000000000000000 ) ) ;
#2690 = ORIENTED_EDGE ( 'NONE', *, *, #2685, .T. ) ;
#2691 = CARTESIAN_POINT ( 'NONE',  ( 0.1942664688103074300, -0.1531900000000000206, -0.01574999999999998623 ) ) ;
#2692 = AXIS2_PLACEMENT_3D ( 'NONE', #1789, #3642, #1331 ) ;
#2693 = DIRECTION ( 'NONE',  ( 1.000000000000000000, -0.0000000000000000000, -0.0000000000000000000 ) ) ;
#2694 = ADVANCED_FACE ( 'NONE', ( #29 ), #1865, .T. ) ;
#2695 = AXIS2_PLACEMENT_3D ( 'NONE', #5669, #5133, #1537 ) ;
#2696 = CARTESIAN_POINT ( 'NONE',  ( 0.09426646881030741054, -0.1531900000000000206, -0.01574999999999996542 ) ) ;
#2697 = PLANE ( 'NONE',  #3377 ) ;
#2698 = ORIENTED_EDGE ( 'NONE', *, *, #4285, .T. ) ;
#2699 = VECTOR ( 'NONE', #4061, 39.37007874015748143 ) ;
#2700 = ITEM_DEFINED_TRANSFORMATION ( 'NONE', 'NONE', #3089,  #585 ) ;
#2701 = DIRECTION ( 'NONE',  ( 1.000000000000000000, 0.0000000000000000000, -0.0000000000000000000 ) ) ;
#2702 = EDGE_CURVE ( 'NONE', #4854, #5294, #4559, .T. ) ;
#2703 = VECTOR ( 'NONE', #2752, 39.37007874015748854 ) ;
#2704 = PLANE ( 'NONE',  #2711 ) ;
#2705 = CARTESIAN_POINT ( 'NONE',  ( 0.2816684688103074374, -0.1531900000000000206, -0.01574999999999996542 ) ) ;
#2706 = CARTESIAN_POINT ( 'NONE',  ( 0.3379674688103073699, 0.0000000000000000000, -0.01259999999999966182 ) ) ;
#2707 = CARTESIAN_POINT ( 'NONE',  ( 0.6816684688103075151, -0.2760000000000000231, -0.08424999999999954747 ) ) ;
#2708 = ORIENTED_EDGE ( 'NONE', *, *, #3964, .F. ) ;
#2709 = LINE ( 'NONE', #4510, #5241 ) ;
#2710 = ORIENTED_EDGE ( 'NONE', *, *, #3952, .F. ) ;
#2711 = AXIS2_PLACEMENT_3D ( 'NONE', #4038, #5926, #3619 ) ;
#2712 = ORIENTED_EDGE ( 'NONE', *, *, #2420, .F. ) ;
#2713 = ORIENTED_EDGE ( 'NONE', *, *, #140, .F. ) ;
#2714 = ADVANCED_FACE ( 'NONE', ( #3866, #1135 ), #1988, .F. ) ;
#2715 = AXIS2_PLACEMENT_3D ( 'NONE', #1550, #1157, #3008 ) ;
#2716 = CARTESIAN_POINT ( 'NONE',  ( 0.2999990000000001267, -0.1650000000000000078, 0.0000000000000000000 ) ) ;
#2717 = LINE ( 'NONE', #5128, #30 ) ;
#2718 = CARTESIAN_POINT ( 'NONE',  ( 0.0000000000000000000, 0.0000000000000000000, 0.0000000000000000000 ) ) ;
#2719 = ORIENTED_EDGE ( 'NONE', *, *, #5176, .T. ) ;
#2720 = VECTOR ( 'NONE', #2738, 39.37007874015748143 ) ;
#2721 = DIRECTION ( 'NONE',  ( -0.0000000000000000000, -1.000000000000000000, -2.147139079527372365E-16 ) ) ;
#2722 = VERTEX_POINT ( 'NONE', #3348 ) ;
#2723 = CARTESIAN_POINT ( 'NONE',  ( 0.5759359376206146797, -0.2760000000000000231, -9.478001694819074349E-34 ) ) ;
#2724 = EDGE_CURVE ( 'NONE', #4854, #5930, #2013, .T. ) ;
#2725 = VECTOR ( 'NONE', #1648, 39.37007874015748143 ) ;
#2726 = VERTEX_POINT ( 'NONE', #2047 ) ;
#2727 = CARTESIAN_POINT ( 'NONE',  ( 0.4816684688103073930, -0.2760000000000000231, -0.08424999999999954747 ) ) ;
#2728 = DIRECTION ( 'NONE',  ( -0.0000000000000000000, 1.000000000000000000, -0.0000000000000000000 ) ) ;
#2729 = DIRECTION ( 'NONE',  ( -0.0000000000000000000, -1.000000000000000000, -2.147139079527372365E-16 ) ) ;
#2730 = ORIENTED_EDGE ( 'NONE', *, *, #1058, .F. ) ;
#2731 = AXIS2_PLACEMENT_3D ( 'NONE', #2883, #2464, #4389 ) ;
#2732 = EDGE_CURVE ( 'NONE', #2374, #4365, #3896, .T. ) ;
#2733 = CARTESIAN_POINT ( 'NONE',  ( 0.0000000000000000000, -0.1650000000000000078, 0.0000000000000000000 ) ) ;
#2734 = VECTOR ( 'NONE', #4882, 39.37007874015748143 ) ;
#2735 = CARTESIAN_POINT ( 'NONE',  ( -0.01203253118969267385, -0.1650000000000000078, -0.08975999999999990930 ) ) ;
#2736 = DIRECTION ( 'NONE',  ( 0.0000000000000000000, 0.0000000000000000000, 1.000000000000000000 ) ) ;
#2737 = LINE ( 'NONE', #2284, #2357 ) ;
#2738 = DIRECTION ( 'NONE',  ( -0.0000000000000000000, 1.000000000000000000, -0.0000000000000000000 ) ) ;
#2739 = CARTESIAN_POINT ( 'NONE',  ( 0.3379674688103073699, -0.03399999999999996775, -0.05000000000000019013 ) ) ;
#2740 = VERTEX_POINT ( 'NONE', #3814 ) ;
#2741 = AXIS2_PLACEMENT_3D ( 'NONE', #4343, #361, #213 ) ;
#2742 = CIRCLE ( 'NONE', #3232, 0.03155000000000051513 ) ;
#2743 = DIRECTION ( 'NONE',  ( 0.0000000000000000000, -1.000000000000000000, 0.0000000000000000000 ) ) ;
#2744 = ORIENTED_EDGE ( 'NONE', *, *, #3510, .T. ) ;
#2745 = VECTOR ( 'NONE', #2693, 39.37007874015748143 ) ;
#2746 = FACE_OUTER_BOUND ( 'NONE', #5689, .T. ) ;
#2747 = EDGE_LOOP ( 'NONE', ( #915, #1666 ) ) ;
#2748 = ORIENTED_EDGE ( 'NONE', *, *, #559, .F. ) ;
#2749 = ADVANCED_FACE ( 'NONE', ( #1616 ), #2442, .F. ) ;
#2750 = LINE ( 'NONE', #4971, #895 ) ;
#2751 = LINE ( 'NONE', #3789, #3408 ) ;
#2752 = DIRECTION ( 'NONE',  ( 0.3420201433256664370, -0.0000000000000000000, 0.9396926207859092051 ) ) ;
#2753 = EDGE_LOOP ( 'NONE', ( #4053, #1045, #3398, #2360 ) ) ;
#2754 = DIRECTION ( 'NONE',  ( 0.0000000000000000000, -1.000000000000000000, 0.0000000000000000000 ) ) ;
#2755 = ORIENTED_EDGE ( 'NONE', *, *, #1755, .T. ) ;
#2756 = DIRECTION ( 'NONE',  ( -1.000000000000000000, -0.0000000000000000000, 1.224646799147353207E-16 ) ) ;
#2757 = UNCERTAINTY_MEASURE_WITH_UNIT (LENGTH_MEASURE( 1.000000000000000082E-05 ), #1588, 'distance_accuracy_value', 'NONE');
#2758 = ORIENTED_EDGE ( 'NONE', *, *, #1993, .F. ) ;
#2759 = DIRECTION ( 'NONE',  ( 0.0000000000000000000, -1.000000000000000000, 0.0000000000000000000 ) ) ;
#2760 = LINE ( 'NONE', #5948, #3186 ) ;
#2761 = EDGE_CURVE ( 'NONE', #4833, #270, #4841, .T. ) ;
#2762 = ORIENTED_EDGE ( 'NONE', *, *, #3342, .F. ) ;
#2763 = CARTESIAN_POINT ( 'NONE',  ( 0.05746696881030735615, -0.03899999999999999994, 0.04599999999999995759 ) ) ;
#2764 = DIMENSIONAL_EXPONENTS ( 1.000000000000000000, 0.0000000000000000000, 0.0000000000000000000, 0.0000000000000000000, 0.0000000000000000000, 0.0000000000000000000, 0.0000000000000000000 ) ;
#2765 = PLANE ( 'NONE',  #4565 ) ;
#2766 = CARTESIAN_POINT ( 'NONE',  ( 0.4695174688103078697, -0.03399999999999996775, -0.05000000000000019013 ) ) ;
#2767 = CARTESIAN_POINT ( 'NONE',  ( -0.005732531189692643449, 0.0000000000000000000, -0.08424999999999989442 ) ) ;
#2768 = EDGE_CURVE ( 'NONE', #2270, #1060, #3411, .T. ) ;
#2769 = DIRECTION ( 'NONE',  ( 0.0000000000000000000, -1.000000000000000000, 0.0000000000000000000 ) ) ;
#2770 = LINE ( 'NONE', #3161, #1093 ) ;
#2771 = ORIENTED_EDGE ( 'NONE', *, *, #4908, .T. ) ;
#2772 = DIRECTION ( 'NONE',  ( 1.000000000000000000, 0.0000000000000000000, 0.0000000000000000000 ) ) ;
#2773 = CARTESIAN_POINT ( 'NONE',  ( 0.03796746881030733239, -0.03399999999999996775, -0.01259999999999966529 ) ) ;
#2774 = ORIENTED_EDGE ( 'NONE', *, *, #488, .T. ) ;
#2775 = EDGE_CURVE ( 'NONE', #3349, #3167, #5686, .T. ) ;
#2776 = CARTESIAN_POINT ( 'NONE',  ( 0.01250000000000048121, 0.01249999999999974569, 0.0000000000000000000 ) ) ;
#2777 = ORIENTED_EDGE ( 'NONE', *, *, #721, .T. ) ;
#2778 = ORIENTED_EDGE ( 'NONE', *, *, #5550, .F. ) ;
#2779 = DIRECTION ( 'NONE',  ( 0.0000000000000000000, 0.0000000000000000000, 1.000000000000000000 ) ) ;
#2780 = ADVANCED_FACE ( 'NONE', ( #2983 ), #2530, .T. ) ;
#2781 = CARTESIAN_POINT ( 'NONE',  ( 0.6962719448011143175, -0.2760000000000000231, -0.08975999999999990930 ) ) ;
#2782 = LINE ( 'NONE', #2687, #766 ) ;
#2783 = EDGE_LOOP ( 'NONE', ( #4043, #1255, #5922, #950 ) ) ;
#2784 = CARTESIAN_POINT ( 'NONE',  ( 0.4942664688103074466, -0.2760000000000000231, -0.08424999999999957523 ) ) ;
#2785 = EDGE_LOOP ( 'NONE', ( #1842, #1288, #3660, #5332 ) ) ;
#2786 = DIRECTION ( 'NONE',  ( -1.000000000000000000, -0.0000000000000000000, -0.0000000000000000000 ) ) ;
#2787 = EDGE_CURVE ( 'NONE', #1899, #5263, #139, .T. ) ;
#2788 = ORIENTED_EDGE ( 'NONE', *, *, #1797, .F. ) ;
#2789 = DIRECTION ( 'NONE',  ( 0.0000000000000000000, -0.0000000000000000000, -1.000000000000000000 ) ) ;
#2790 = DIRECTION ( 'NONE',  ( 0.0000000000000000000, -2.147139079527372365E-16, 1.000000000000000000 ) ) ;
#2791 = CARTESIAN_POINT ( 'NONE',  ( 0.1379674688103073310, 0.0000000000000000000, -0.01259999999999966182 ) ) ;
#2792 = ORIENTED_EDGE ( 'NONE', *, *, #3542, .F. ) ;
#2793 = AXIS2_PLACEMENT_3D ( 'NONE', #1943, #4243, #78 ) ;
#2794 = EDGE_CURVE ( 'NONE', #1181, #3749, #1110, .T. ) ;
#2795 = CARTESIAN_POINT ( 'NONE',  ( 0.1942664688103074300, 0.0000000000000000000, -0.01574999999999998623 ) ) ;
#2796 = AXIS2_PLACEMENT_3D ( 'NONE', #60, #1409, #2381 ) ;
#2797 = CARTESIAN_POINT ( 'NONE',  ( 0.2942664688103074355, -0.1531900000000000206, -0.01574999999999998623 ) ) ;
#2798 = PLANE ( 'NONE',  #3098 ) ;
#2799 = DIRECTION ( 'NONE',  ( -0.0000000000000000000, 1.000000000000000000, -0.0000000000000000000 ) ) ;
#2800 = ORIENTED_EDGE ( 'NONE', *, *, #728, .F. ) ;
#2801 = VECTOR ( 'NONE', #3494, 39.37007874015748143 ) ;
#2802 = ORIENTED_EDGE ( 'NONE', *, *, #5035, .F. ) ;
#2803 =( GEOMETRIC_REPRESENTATION_CONTEXT ( 3 ) GLOBAL_UNCERTAINTY_ASSIGNED_CONTEXT ( ( #5527 ) ) GLOBAL_UNIT_ASSIGNED_CONTEXT ( ( #1433, #4253, #1464 ) ) REPRESENTATION_CONTEXT ( 'NONE', 'WORKASPACE' ) );
#2804 = ADVANCED_FACE ( 'NONE', ( #632 ), #2473, .F. ) ;
#2805 = ADVANCED_FACE ( 'NONE', ( #3443 ), #1589, .F. ) ;
#2806 = AXIS2_PLACEMENT_3D ( 'NONE', #731, #3940, #4026 ) ;
#2807 = CARTESIAN_POINT ( 'NONE',  ( 0.1773881722737665756, 5.312527353592203413E-16, -0.1609118277262354679 ) ) ;
#2808 = CARTESIAN_POINT ( 'NONE',  ( -0.003727055198885885143, -0.1650000000000000078, -0.08975999999999990930 ) ) ;
#2809 = LINE ( 'NONE', #5029, #5231 ) ;
#2810 = ORIENTED_EDGE ( 'NONE', *, *, #2996, .T. ) ;
#2811 = VECTOR ( 'NONE', #4369, 39.37007874015748854 ) ;
#2812 = VERTEX_POINT ( 'NONE', #2498 ) ;
#2813 = DIRECTION ( 'NONE',  ( -1.855874995695831977E-16, -0.0000000000000000000, -1.000000000000000000 ) ) ;
#2814 = DIRECTION ( 'NONE',  ( 0.0000000000000000000, -1.000000000000000000, 0.0000000000000000000 ) ) ;
#2815 = LINE ( 'NONE', #5068, #203 ) ;
#2816 = ORIENTED_EDGE ( 'NONE', *, *, #4125, .F. ) ;
#2817 = CARTESIAN_POINT ( 'NONE',  ( 0.1379674688103073310, 0.0000000000000000000, -0.05000000000000019013 ) ) ;
#2818 = ORIENTED_EDGE ( 'NONE', *, *, #2196, .T. ) ;
#2819 = LINE ( 'NONE', #5073, #4244 ) ;
#2820 = AXIS2_PLACEMENT_3D ( 'NONE', #5742, #654, #2042 ) ;
#2821 = DIRECTION ( 'NONE',  ( -0.3420201433256639389, 0.0000000000000000000, 0.9396926207859100932 ) ) ;
#2822 = VECTOR ( 'NONE', #1777, 39.37007874015748143 ) ;
#2823 = CARTESIAN_POINT ( 'NONE',  ( 0.5816684688103074263, -0.1531900000000000206, -0.01574999999999996542 ) ) ;
#2824 = LINE ( 'NONE', #2791, #3961 ) ;
#2825 = ORIENTED_EDGE ( 'NONE', *, *, #2579, .F. ) ;
#2826 = AXIS2_PLACEMENT_3D ( 'NONE', #3508, #1199, #3160 ) ;
#2827 = CARTESIAN_POINT ( 'NONE',  ( -0.01203253118969267385, -0.1650000000000000078, -0.01024000000000000084 ) ) ;
#2828 = PLANE ( 'NONE',  #1165 ) ;
#2829 = FACE_OUTER_BOUND ( 'NONE', #1893, .T. ) ;
#2830 = VECTOR ( 'NONE', #3195, 39.37007874015748143 ) ;
#2831 = VERTEX_POINT ( 'NONE', #239 ) ;
#2832 = ORIENTED_EDGE ( 'NONE', *, *, #3802, .F. ) ;
#2833 = SURFACE_STYLE_USAGE ( .BOTH. , #3810 ) ;
#2834 = VECTOR ( 'NONE', #338, 39.37007874015748143 ) ;
#2835 = LINE ( 'NONE', #5932, #1188 ) ;
#2836 = ORIENTED_EDGE ( 'NONE', *, *, #4527, .T. ) ;
#2837 = PLANE ( 'NONE',  #4366 ) ;
#2838 = VECTOR ( 'NONE', #1014, 39.37007874015748143 ) ;
#2839 = ADVANCED_FACE ( 'NONE', ( #717 ), #2079, .T. ) ;
#2840 = VERTEX_POINT ( 'NONE', #116 ) ;
#2841 = AXIS2_PLACEMENT_3D ( 'NONE', #3804, #5624, #1068 ) ;
#2842 = EDGE_LOOP ( 'NONE', ( #1239, #5482, #2605, #5276 ) ) ;
#2843 = VECTOR ( 'NONE', #4093, 39.37007874015748143 ) ;
#2844 = CYLINDRICAL_SURFACE ( 'NONE', #5716, 0.03740000000000053004 ) ;
#2845 = CARTESIAN_POINT ( 'NONE',  ( 0.2942664688103074355, -0.2760000000000000231, -0.08424999999999957523 ) ) ;
#2846 = DIRECTION ( 'NONE',  ( 0.0000000000000000000, -0.0000000000000000000, -1.000000000000000000 ) ) ;
#2847 = VERTEX_POINT ( 'NONE', #4504 ) ;
#2848 = ORIENTED_EDGE ( 'NONE', *, *, #3502, .T. ) ;
#2849 = LINE ( 'NONE', #4679, #5104 ) ;
#2850 = CARTESIAN_POINT ( 'NONE',  ( 0.6962719448011143175, -0.1650000000000000078, -0.08975999999999988155 ) ) ;
#2851 = CARTESIAN_POINT ( 'NONE',  ( 0.0000000000000000000, 1.530808498934160386E-18, -0.01249999999999974569 ) ) ;
#2852 = CARTESIAN_POINT ( 'NONE',  ( 0.5942664688103074244, -0.2760000000000000231, -0.01574999999999998623 ) ) ;
#2853 = EDGE_CURVE ( 'NONE', #3289, #3976, #4011, .T. ) ;
#2854 = VERTEX_POINT ( 'NONE', #4036 ) ;
#2855 = APPLICATION_CONTEXT ( 'automotive_design' ) ;
#2856 = DIRECTION ( 'NONE',  ( 0.0000000000000000000, 0.0000000000000000000, -1.000000000000000000 ) ) ;
#2857 = PRESENTATION_STYLE_ASSIGNMENT (( #4277 ) ) ;
#2858 = LINE ( 'NONE', #22, #5118 ) ;
#2859 = PLANE ( 'NONE',  #4564 ) ;
#2860 = ORIENTED_EDGE ( 'NONE', *, *, #3818, .T. ) ;
#2861 = VERTEX_POINT ( 'NONE', #5857 ) ;
#2862 =( CONVERSION_BASED_UNIT ( 'INCH', #4577 ) LENGTH_UNIT ( ) NAMED_UNIT ( #5030 ) );
#2863 = EDGE_CURVE ( 'NONE', #4787, #2301, #1760, .T. ) ;
#2864 = DIRECTION ( 'NONE',  ( 4.639687489239577477E-17, 0.0000000000000000000, 1.000000000000000000 ) ) ;
#2865 = DIRECTION ( 'NONE',  ( -0.3420201433256272461, 0.0000000000000000000, -0.9396926207859235269 ) ) ;
#2866 = CARTESIAN_POINT ( 'NONE',  ( 0.6962719448011142065, -0.2760000000000000231, -0.01024000000000000084 ) ) ;
#2867 = ORIENTED_EDGE ( 'NONE', *, *, #5841, .T. ) ;
#2868 = ORIENTED_EDGE ( 'NONE', *, *, #3559, .F. ) ;
#2869 = EDGE_CURVE ( 'NONE', #422, #3851, #4872, .T. ) ;
#2870 = DIRECTION ( 'NONE',  ( 1.715124499442882891E-15, 3.307784318971030633E-15, -1.000000000000000000 ) ) ;
#2871 = DIRECTION ( 'NONE',  ( 0.0000000000000000000, 0.0000000000000000000, 1.000000000000000000 ) ) ;
#2872 = DIRECTION ( 'NONE',  ( 0.0000000000000000000, -1.000000000000000000, 0.0000000000000000000 ) ) ;
#2873 = VERTEX_POINT ( 'NONE', #3617 ) ;
#2874 = VERTEX_POINT ( 'NONE', #2129 ) ;
#2875 = CARTESIAN_POINT ( 'NONE',  ( 0.7796619928195007709, -0.1531900000000000206, -0.08975999999999990930 ) ) ;
#2876 = UNCERTAINTY_MEASURE_WITH_UNIT (LENGTH_MEASURE( 1.000000000000000082E-05 ), #727, 'distance_accuracy_value', 'NONE');
#2877 = EDGE_CURVE ( 'NONE', #1830, #2428, #2613, .T. ) ;
#2878 = EDGE_CURVE ( 'NONE', #264, #2380, #429, .T. ) ;
#2879 = LINE ( 'NONE', #2424, #2462 ) ;
#2880 = LINE ( 'NONE', #1814, #502 ) ;
#2881 = CARTESIAN_POINT ( 'NONE',  ( -0.01203253118969267385, -0.1531900000000000206, -0.01574999999999999664 ) ) ;
#2882 = ORIENTED_EDGE ( 'NONE', *, *, #1160, .F. ) ;
#2883 = CARTESIAN_POINT ( 'NONE',  ( -0.005732531189691705831, -0.1650000000000000078, -0.08425000000000165690 ) ) ;
#2884 = VERTEX_POINT ( 'NONE', #359 ) ;
#2885 = EDGE_CURVE ( 'NONE', #5499, #3727, #5831, .T. ) ;
#2886 = FACE_OUTER_BOUND ( 'NONE', #831, .T. ) ;
#2887 =( NAMED_UNIT ( * ) SI_UNIT ( $, .STERADIAN. ) SOLID_ANGLE_UNIT ( ) );
#2888 = DIRECTION ( 'NONE',  ( 1.715124499442882891E-15, 3.307784318971030633E-15, -1.000000000000000000 ) ) ;
#2889 = PLANE ( 'NONE',  #2936 ) ;
#2890 = ORIENTED_EDGE ( 'NONE', *, *, #166, .T. ) ;
#2891 = SHAPE_DEFINITION_REPRESENTATION ( #1204, #1717 ) ;
#2892 = CIRCLE ( 'NONE', #5856, 0.03740000000000053004 ) ;
#2893 = ADVANCED_FACE ( 'NONE', ( #5443, #2672 ), #2215, .F. ) ;
#2894 = DIRECTION ( 'NONE',  ( -0.0000000000000000000, 1.000000000000000000, -0.0000000000000000000 ) ) ;
#2895 = VECTOR ( 'NONE', #2304, 39.37007874015748143 ) ;
#2896 = VERTEX_POINT ( 'NONE', #2102 ) ;
#2897 =( GEOMETRIC_REPRESENTATION_CONTEXT ( 3 ) GLOBAL_UNCERTAINTY_ASSIGNED_CONTEXT ( ( #2876 ) ) GLOBAL_UNIT_ASSIGNED_CONTEXT ( ( #727, #1203, #1310 ) ) REPRESENTATION_CONTEXT ( 'NONE', 'WORKASPACE' ) );
#2898 = CARTESIAN_POINT ( 'NONE',  ( 0.0000000000000000000, 0.0000000000000000000, 0.0000000000000000000 ) ) ;
#2899 = ORIENTED_EDGE ( 'NONE', *, *, #5807, .F. ) ;
#2900 = VECTOR ( 'NONE', #373, 39.37007874015748143 ) ;
#2901 = VERTEX_POINT ( 'NONE', #1699 ) ;
#2902 = DIRECTION ( 'NONE',  ( -0.0000000000000000000, 1.000000000000000000, -0.0000000000000000000 ) ) ;
#2903 = VECTOR ( 'NONE', #665, 39.37007874015748143 ) ;
#2904 = PLANE ( 'NONE',  #2050 ) ;
#2905 = DIRECTION ( 'NONE',  ( -0.9396926207859093161, 0.0000000000000000000, 0.3420201433256663259 ) ) ;
#2906 = ORIENTED_EDGE ( 'NONE', *, *, #3838, .F. ) ;
#2907 = ORIENTED_EDGE ( 'NONE', *, *, #3460, .T. ) ;
#2908 = EDGE_CURVE ( 'NONE', #2602, #2874, #2562, .T. ) ;
#2909 = DIRECTION ( 'NONE',  ( -0.0000000000000000000, 1.000000000000000000, -0.0000000000000000000 ) ) ;
#2910 = EDGE_CURVE ( 'NONE', #5677, #922, #4950, .T. ) ;
#2911 = CARTESIAN_POINT ( 'NONE',  ( 0.4379674688103074032, 9.184870279381501883E-17, -0.05000000000000019013 ) ) ;
#2912 = DIRECTION ( 'NONE',  ( -0.0000000000000000000, 1.000000000000000000, -0.0000000000000000000 ) ) ;
#2913 = CARTESIAN_POINT ( 'NONE',  ( 0.1379674688103073310, -0.1531900000000000206, -0.05000000000000019013 ) ) ;
#2914 = VERTEX_POINT ( 'NONE', #3951 ) ;
#2915 = CARTESIAN_POINT ( 'NONE',  ( 0.08166846881030738470, -0.1531900000000000206, -0.01574999999999998623 ) ) ;
#2916 = ORIENTED_EDGE ( 'NONE', *, *, #952, .T. ) ;
#2917 = ADVANCED_FACE ( 'NONE', ( #4068 ), #5891, .F. ) ;
#2918 = VECTOR ( 'NONE', #1573, 39.37007874015748143 ) ;
#2919 = CARTESIAN_POINT ( 'NONE',  ( 0.7184669688103072493, -0.03899999999999999994, 0.04599999999999997841 ) ) ;
#2920 = LINE ( 'NONE', #167, #5051 ) ;
#2921 = DIRECTION ( 'NONE',  ( -0.3420201433256720991, 0.0000000000000000000, 0.9396926207859070956 ) ) ;
#2922 = DIRECTION ( 'NONE',  ( 1.715124499442882891E-15, 3.307784318971030633E-15, -1.000000000000000000 ) ) ;
#2923 = ORIENTED_EDGE ( 'NONE', *, *, #1593, .F. ) ;
#2924 = EDGE_CURVE ( 'NONE', #1830, #5877, #1304, .T. ) ;
#2925 = VECTOR ( 'NONE', #4206, 39.37007874015748143 ) ;
#2926 =( NAMED_UNIT ( * ) SI_UNIT ( $, .STERADIAN. ) SOLID_ANGLE_UNIT ( ) );
#2927 = DIRECTION ( 'NONE',  ( -0.0000000000000000000, 1.000000000000000000, -0.0000000000000000000 ) ) ;
#2928 = AXIS2_PLACEMENT_3D ( 'NONE', #4513, #4996, #3594 ) ;
#2929 = CARTESIAN_POINT ( 'NONE',  ( 0.08166846881030741245, 0.0000000000000000000, -0.08424999999999954747 ) ) ;
#2930 = LINE ( 'NONE', #4314, #36 ) ;
#2931 = ORIENTED_EDGE ( 'NONE', *, *, #3393, .F. ) ;
#2932 = ORIENTED_EDGE ( 'NONE', *, *, #201, .F. ) ;
#2933 = VECTOR ( 'NONE', #4205, 39.37007874015748143 ) ;
#2934 = AXIS2_PLACEMENT_3D ( 'NONE', #3859, #592, #5676 ) ;
#2935 = ORIENTED_EDGE ( 'NONE', *, *, #4568, .T. ) ;
#2936 = AXIS2_PLACEMENT_3D ( 'NONE', #4717, #169, #3922 ) ;
#2937 = PLANE ( 'NONE',  #3900 ) ;
#2938 = CIRCLE ( 'NONE', #3607, 0.03155000000000051513 ) ;
#2939 = CARTESIAN_POINT ( 'NONE',  ( 0.5379674688103074365, -0.03399999999999996775, -0.05000000000000019013 ) ) ;
#2940 = DIRECTION ( 'NONE',  ( 1.000000000000000000, -5.819104748536681644E-31, 2.710166660381209369E-15 ) ) ;
#2941 = EDGE_LOOP ( 'NONE', ( #5595, #725, #1976, #4949 ) ) ;
#2942 = ADVANCED_FACE ( 'NONE', ( #267 ), #1273, .F. ) ;
#2943 = ORIENTED_EDGE ( 'NONE', *, *, #3356, .F. ) ;
#2944 = DIRECTION ( 'NONE',  ( -1.000000000000000000, 0.0000000000000000000, -0.0000000000000000000 ) ) ;
#2945 = VECTOR ( 'NONE', #3714, 39.37007874015748143 ) ;
#2946 = UNCERTAINTY_MEASURE_WITH_UNIT (LENGTH_MEASURE( 1.000000000000000082E-05 ), #1145, 'distance_accuracy_value', 'NONE');
#2947 = ADVANCED_FACE ( 'NONE', ( #5773 ), #328, .F. ) ;
#2948 = DIRECTION ( 'NONE',  ( -1.000000000000000000, 3.430248998885770120E-15, -1.157562709179845500E-15 ) ) ;
#2949 = DIRECTION ( 'NONE',  ( 0.0000000000000000000, 1.000000000000000000, 0.0000000000000000000 ) ) ;
#2950 = CARTESIAN_POINT ( 'NONE',  ( 0.07593593762061463803, -0.1650000000000000078, -0.09999999999999989453 ) ) ;
#2951 = EDGE_LOOP ( 'NONE', ( #135, #2534 ) ) ;
#2952 = CARTESIAN_POINT ( 'NONE',  ( 0.2133881722737647757, 4.121724998762689850E-16, -0.1609118277262353847 ) ) ;
#2953 = VERTEX_POINT ( 'NONE', #3044 ) ;
#2954 = CARTESIAN_POINT ( 'NONE',  ( 0.1999990000000001211, -0.1650000000000000078, 0.0000000000000000000 ) ) ;
#2955 = EDGE_CURVE ( 'NONE', #1471, #2149, #1242, .T. ) ;
#2956 = CARTESIAN_POINT ( 'NONE',  ( 0.1379674688103073310, -0.1531900000000000206, -0.01844999999999967846 ) ) ;
#2957 = DIRECTION ( 'NONE',  ( 0.0000000000000000000, -1.000000000000000000, 0.0000000000000000000 ) ) ;
#2958 = VERTEX_POINT ( 'NONE', #4422 ) ;
#2959 = DIRECTION ( 'NONE',  ( 0.0000000000000000000, -0.0000000000000000000, 1.000000000000000000 ) ) ;
#2960 = ADVANCED_FACE ( 'NONE', ( #4926 ), #796, .F. ) ;
#2961 = DIRECTION ( 'NONE',  ( 0.0000000000000000000, 0.0000000000000000000, -1.000000000000000000 ) ) ;
#2962 = ORIENTED_EDGE ( 'NONE', *, *, #3510, .F. ) ;
#2963 = ADVANCED_FACE ( 'NONE', ( #945 ), #2765, .F. ) ;
#2964 = EDGE_LOOP ( 'NONE', ( #5064, #4932, #5124, #4583, #4729, #5400 ) ) ;
#2965 = LINE ( 'NONE', #4536, #2544 ) ;
#2966 = CARTESIAN_POINT ( 'NONE',  ( 0.09426646881030741054, 0.0000000000000000000, -0.01574999999999998623 ) ) ;
#2967 = FACE_OUTER_BOUND ( 'NONE', #351, .T. ) ;
#2968 = VERTEX_POINT ( 'NONE', #3313 ) ;
#2969 = VERTEX_POINT ( 'NONE', #4627 ) ;
#2970 = EDGE_CURVE ( 'NONE', #1994, #508, #4218, .T. ) ;
#2971 = CARTESIAN_POINT ( 'NONE',  ( 0.3942664688103074133, 0.0000000000000000000, -0.08424999999999957523 ) ) ;
#2972 = CARTESIAN_POINT ( 'NONE',  ( 0.05746696881030735615, -0.03899999999999999994, 0.04599999999999995759 ) ) ;
#2973 = DIRECTION ( 'NONE',  ( 0.0000000000000000000, 1.000000000000000000, 0.0000000000000000000 ) ) ;
#2974 = VERTEX_POINT ( 'NONE', #848 ) ;
#2975 = CARTESIAN_POINT ( 'NONE',  ( 0.5816684688103074263, -0.1531900000000000206, -0.01574999999999998623 ) ) ;
#2976 = ORIENTED_EDGE ( 'NONE', *, *, #1912, .T. ) ;
#2977 = VERTEX_POINT ( 'NONE', #55 ) ;
#2978 = DIRECTION ( 'NONE',  ( 0.0000000000000000000, 0.0000000000000000000, 1.000000000000000000 ) ) ;
#2979 = CARTESIAN_POINT ( 'NONE',  ( 0.7379674688103073921, 0.0000000000000000000, -0.08740000000000071323 ) ) ;
#2980 = VERTEX_POINT ( 'NONE', #1369 ) ;
#2981 = DIRECTION ( 'NONE',  ( 3.307784318971019195E-15, -1.000000000000000000, -1.715124499442920756E-15 ) ) ;
#2982 = EDGE_CURVE ( 'NONE', #581, #3597, #5924, .T. ) ;
#2983 = FACE_OUTER_BOUND ( 'NONE', #3791, .T. ) ;
#2984 = DIRECTION ( 'NONE',  ( 1.715124499442882891E-15, 3.307784318971030633E-15, -1.000000000000000000 ) ) ;
#2985 = DIRECTION ( 'NONE',  ( -0.3420201433256720991, 0.0000000000000000000, 0.9396926207859070956 ) ) ;
#2986 = ORIENTED_EDGE ( 'NONE', *, *, #3162, .T. ) ;
#2987 = AXIS2_PLACEMENT_3D ( 'NONE', #4020, #3539, #1685 ) ;
#2988 = EDGE_CURVE ( 'NONE', #4402, #4531, #5247, .T. ) ;
#2989 = ORIENTED_EDGE ( 'NONE', *, *, #1396, .T. ) ;
#2990 = DIRECTION ( 'NONE',  ( 1.000000000000000000, 0.0000000000000000000, -2.753879025871234324E-16 ) ) ;
#2991 = CARTESIAN_POINT ( 'NONE',  ( 0.1816684688103074041, -0.1531900000000000206, -0.08424999999999954747 ) ) ;
#2992 = ORIENTED_EDGE ( 'NONE', *, *, #2279, .T. ) ;
#2993 = VECTOR ( 'NONE', #4891, 39.37007874015748143 ) ;
#2994 = VERTEX_POINT ( 'NONE', #2797 ) ;
#2995 = PRESENTATION_STYLE_ASSIGNMENT (( #5281 ) ) ;
#2996 = EDGE_CURVE ( 'NONE', #3278, #5826, #3745, .T. ) ;
#2997 = AXIS2_PLACEMENT_3D ( 'NONE', #554, #1931, #1025 ) ;
#2998 = CARTESIAN_POINT ( 'NONE',  ( 0.4942664688103074466, 0.0000000000000000000, -0.01574999999999998623 ) ) ;
#2999 = DIRECTION ( 'NONE',  ( 0.0000000000000000000, 0.0000000000000000000, 1.000000000000000000 ) ) ;
#3000 = DIRECTION ( 'NONE',  ( 0.0000000000000000000, 0.0000000000000000000, 1.000000000000000000 ) ) ;
#3001 = ORIENTED_EDGE ( 'NONE', *, *, #3751, .T. ) ;
#3002 = DIRECTION ( 'NONE',  ( 1.715124499442882891E-15, 3.307784318971030633E-15, -1.000000000000000000 ) ) ;
#3003 = ORIENTED_EDGE ( 'NONE', *, *, #2166, .F. ) ;
#3004 = EDGE_LOOP ( 'NONE', ( #2244, #835, #2575, #3381 ) ) ;
#3005 = EDGE_CURVE ( 'NONE', #3843, #734, #1333, .T. ) ;
#3006 = CARTESIAN_POINT ( 'NONE',  ( 0.01846696881030735274, -0.03899999999999999994, 0.04599999999999997841 ) ) ;
#3007 = AXIS2_PLACEMENT_3D ( 'NONE', #4069, #5866, #798 ) ;
#3008 = DIRECTION ( 'NONE',  ( 0.0000000000000000000, 0.0000000000000000000, 1.000000000000000000 ) ) ;
#3009 = DIRECTION ( 'NONE',  ( 1.000000000000000000, -3.307784318971036155E-15, 1.715124499442872044E-15 ) ) ;
#3010 = ORIENTED_EDGE ( 'NONE', *, *, #3129, .T. ) ;
#3011 = PRODUCT_CONTEXT ( 'NONE', #2855, 'mechanical' ) ;
#3012 = AXIS2_PLACEMENT_3D ( 'NONE', #5714, #1612, #3462 ) ;
#3013 = CARTESIAN_POINT ( 'NONE',  ( -0.01203253118969267385, -0.1650000000000000078, -0.01024000000000000084 ) ) ;
#3014 = DIRECTION ( 'NONE',  ( -0.0000000000000000000, 1.000000000000000000, -0.0000000000000000000 ) ) ;
#3015 = EDGE_CURVE ( 'NONE', #4241, #228, #4571, .T. ) ;
#3016 = VECTOR ( 'NONE', #1596, 39.37007874015748143 ) ;
#3017 = ORIENTED_EDGE ( 'NONE', *, *, #5275, .T. ) ;
#3018 = AXIS2_PLACEMENT_3D ( 'NONE', #3557, #3046, #2500 ) ;
#3019 = ORIENTED_EDGE ( 'NONE', *, *, #2172, .T. ) ;
#3020 = EDGE_CURVE ( 'NONE', #2491, #696, #3643, .T. ) ;
#3021 = CARTESIAN_POINT ( 'NONE',  ( 0.1390000000000000124, -1.636369779347250777E-49, 0.01249999999999974569 ) ) ;
#3022 = CARTESIAN_POINT ( 'NONE',  ( 0.6942664688103074022, -0.2760000000000000231, -0.08424999999999957523 ) ) ;
#3023 = ORIENTED_EDGE ( 'NONE', *, *, #4822, .T. ) ;
#3024 = AXIS2_PLACEMENT_3D ( 'NONE', #4497, #375, #4055 ) ;
#3025 = VERTEX_POINT ( 'NONE', #2309 ) ;
#3026 = LENGTH_MEASURE_WITH_UNIT ( LENGTH_MEASURE( 0.02539999999999999897 ), #4541 );
#3027 = AXIS2_PLACEMENT_3D ( 'NONE', #371, #2327, #2294 ) ;
#3028 = AXIS2_PLACEMENT_3D ( 'NONE', #173, #2894, #3376 ) ;
#3029 = CARTESIAN_POINT ( 'NONE',  ( 0.0000000000000000000, -0.1650000000000000078, 0.0000000000000000000 ) ) ;
#3030 = EDGE_CURVE ( 'NONE', #4746, #755, #5144, .T. ) ;
#3031 = DIRECTION ( 'NONE',  ( -0.0000000000000000000, 1.000000000000000000, -0.0000000000000000000 ) ) ;
#3032 = DIRECTION ( 'NONE',  ( -0.0000000000000000000, 1.000000000000000000, -0.0000000000000000000 ) ) ;
#3033 = EDGE_LOOP ( 'NONE', ( #323, #3635, #3071, #226 ) ) ;
#3034 = PLANE ( 'NONE',  #1757 ) ;
#3035 = EDGE_LOOP ( 'NONE', ( #5657, #801, #5903, #4430 ) ) ;
#3036 = ORIENTED_EDGE ( 'NONE', *, *, #3356, .T. ) ;
#3037 = AXIS2_PLACEMENT_3D ( 'NONE', #4453, #1792, #4483 ) ;
#3038 = MECHANICAL_DESIGN_GEOMETRIC_PRESENTATION_REPRESENTATION (  '', ( #536 ), #716 ) ;
#3039 = DIRECTION ( 'NONE',  ( -0.0000000000000000000, 1.000000000000000000, -0.0000000000000000000 ) ) ;
#3040 = EDGE_CURVE ( 'NONE', #1060, #5408, #1914, .T. ) ;
#3041 = VECTOR ( 'NONE', #2143, 39.37007874015748854 ) ;
#3042 = CARTESIAN_POINT ( 'NONE',  ( 0.6379674688103074143, 0.0000000000000000000, -0.01844999999999967846 ) ) ;
#3043 = ORIENTED_EDGE ( 'NONE', *, *, #1336, .T. ) ;
#3044 = CARTESIAN_POINT ( 'NONE',  ( 0.5816684688103074263, 0.0000000000000000000, -0.01574999999999998623 ) ) ;
#3045 = FACE_OUTER_BOUND ( 'NONE', #5422, .T. ) ;
#3046 = DIRECTION ( 'NONE',  ( 0.0000000000000000000, -1.000000000000000000, 0.0000000000000000000 ) ) ;
#3047 = ORIENTED_EDGE ( 'NONE', *, *, #1719, .F. ) ;
#3048 = EDGE_CURVE ( 'NONE', #5600, #1015, #5950, .T. ) ;
#3049 = MANIFOLD_SOLID_BREP ( 'Flex1', #3490 ) ;
#3050 = DIRECTION ( 'NONE',  ( 1.000000000000000000, -0.0000000000000000000, -0.0000000000000000000 ) ) ;
#3051 = VERTEX_POINT ( 'NONE', #1610 ) ;
#3052 = CARTESIAN_POINT ( 'NONE',  ( -0.005732531189691705831, -0.1650000000000000078, -0.08425000000000165690 ) ) ;
#3053 = CARTESIAN_POINT ( 'NONE',  ( 0.2379674688103073643, -0.03399999999999996775, -0.08155000000000069138 ) ) ;
#3054 = VERTEX_POINT ( 'NONE', #2954 ) ;
#3055 = EDGE_LOOP ( 'NONE', ( #2280, #4606, #5007, #5750 ) ) ;
#3056 = EDGE_CURVE ( 'NONE', #3851, #1015, #4157, .T. ) ;
#3057 = EDGE_CURVE ( 'NONE', #2479, #5740, #5232, .T. ) ;
#3058 = CARTESIAN_POINT ( 'NONE',  ( 0.4816684688103073930, -0.2760000000000000231, -0.08424999999999954747 ) ) ;
#3059 = CARTESIAN_POINT ( 'NONE',  ( 0.1773881722737659650, -6.363951292375611391E-16, 0.1920881722737668995 ) ) ;
#3060 = CARTESIAN_POINT ( 'NONE',  ( 0.1773881722737661037, -3.850035209957580203E-16, 0.1160881722737654442 ) ) ;
#3061 = VERTEX_POINT ( 'NONE', #1103 ) ;
#3062 = PLANE ( 'NONE',  #5518 ) ;
#3063 = ORIENTED_EDGE ( 'NONE', *, *, #1395, .F. ) ;
#3064 = EDGE_CURVE ( 'NONE', #4718, #4448, #5726, .T. ) ;
#3065 = CARTESIAN_POINT ( 'NONE',  ( 0.7379674688103073921, 0.0000000000000000000, -0.05000000000000019013 ) ) ;
#3066 = CARTESIAN_POINT ( 'NONE',  ( 0.1390000000000000124, -1.378416871502057176E-16, 0.03838817227376622315 ) ) ;
#3067 = ORIENTED_EDGE ( 'NONE', *, *, #1426, .T. ) ;
#3068 = CARTESIAN_POINT ( 'NONE',  ( 0.4816684688103073930, -0.2760000000000000231, -0.08424999999999954747 ) ) ;
#3069 = LINE ( 'NONE', #5329, #4345 ) ;
#3070 = LINE ( 'NONE', #2648, #4090 ) ;
#3071 = ORIENTED_EDGE ( 'NONE', *, *, #2281, .T. ) ;
#3072 = DIRECTION ( 'NONE',  ( 1.000000000000000000, 0.0000000000000000000, -0.0000000000000000000 ) ) ;
#3073 = ORIENTED_EDGE ( 'NONE', *, *, #1107, .F. ) ;
#3074 = CARTESIAN_POINT ( 'NONE',  ( 0.09426646881030739666, 0.0000000000000000000, -0.08424999999999957523 ) ) ;
#3075 = VERTEX_POINT ( 'NONE', #4687 ) ;
#3076 = ORIENTED_EDGE ( 'NONE', *, *, #1581, .T. ) ;
#3077 = AXIS2_PLACEMENT_3D ( 'NONE', #2671, #1368, #3156 ) ;
#3078 = CYLINDRICAL_SURFACE ( 'NONE', #5516, 0.03155000000000051513 ) ;
#3079 = CIRCLE ( 'NONE', #3965, 0.02949999999999814229 ) ;
#3080 = DIRECTION ( 'NONE',  ( -0.0000000000000000000, 1.000000000000000000, -0.0000000000000000000 ) ) ;
#3081 = PLANE ( 'NONE',  #1728 ) ;
#3082 = EDGE_CURVE ( 'NONE', #1746, #4434, #231, .T. ) ;
#3083 = ORIENTED_EDGE ( 'NONE', *, *, #3496, .T. ) ;
#3084 = MECHANICAL_DESIGN_GEOMETRIC_PRESENTATION_REPRESENTATION (  '', ( #1538 ), #2897 ) ;
#3085 = DIRECTION ( 'NONE',  ( 1.000000000000000000, 0.0000000000000000000, -0.0000000000000000000 ) ) ;
#3086 = ORIENTED_EDGE ( 'NONE', *, *, #907, .F. ) ;
#3087 = EDGE_CURVE ( 'NONE', #3328, #1413, #3721, .T. ) ;
#3088 = AXIS2_PLACEMENT_3D ( 'NONE', #3519, #4495, #3000 ) ;
#3089 = AXIS2_PLACEMENT_3D ( 'NONE', #146, #1553, #1615 ) ;
#3090 = CARTESIAN_POINT ( 'NONE',  ( 0.7379674688103073921, -0.03399999999999996775, -0.05000000000000019013 ) ) ;
#3091 = ORIENTED_EDGE ( 'NONE', *, *, #1344, .F. ) ;
#3092 = CARTESIAN_POINT ( 'NONE',  ( 0.2379674688103073643, -0.03399999999999996775, -0.01259999999999966529 ) ) ;
#3093 = LINE ( 'NONE', #5353, #2801 ) ;
#3094 = EDGE_CURVE ( 'NONE', #1046, #4787, #5654, .T. ) ;
#3095 = ADVANCED_FACE ( 'NONE', ( #107 ), #4778, .F. ) ;
#3096 = EDGE_LOOP ( 'NONE', ( #928, #4726, #2565, #1289, #3435, #3888, #4233, #4880, #4149, #202, #990, #4936, #2036, #674, #1357, #4758, #2476, #1376, #4328, #5162, #4589, #2899, #3943, #1189, #1447, #2792, #1961, #2771, #3142, #593, #2848, #4684, #4471, #1408, #3212, #3043, #2656, #1379, #3753, #2386, #376, #3091, #4404, #783, #4845, #3441, #2439, #5360, #3149, #3709, #2223, #3203, #5419, #1955, #3067, #5156, #3119, #868, #339, #1579, #5213, #5668, #4623, #212, #272, #5217, #3117, #5269, #364, #4941, #4555, #4416, #1016, #4272, #3340, #5163, #751, #3717, #3726, #3877 ) ) ;
#3097 = CONTEXT_DEPENDENT_SHAPE_REPRESENTATION ( #4398, #1733 ) ;
#3098 = AXIS2_PLACEMENT_3D ( 'NONE', #3372, #918, #475 ) ;
#3099 = CARTESIAN_POINT ( 'NONE',  ( 0.2816684688103074374, -0.1531900000000000206, -0.08424999999999954747 ) ) ;
#3100 = DIRECTION ( 'NONE',  ( 1.000000000000000000, 0.0000000000000000000, 0.0000000000000000000 ) ) ;
#3101 = DIRECTION ( 'NONE',  ( -0.7071067811865473507, 0.0000000000000000000, 0.7071067811865476838 ) ) ;
#3102 = EDGE_CURVE ( 'NONE', #2831, #2740, #2742, .T. ) ;
#3103 = DIRECTION ( 'NONE',  ( -0.0000000000000000000, 1.000000000000000000, -0.0000000000000000000 ) ) ;
#3104 = VERTEX_POINT ( 'NONE', #2008 ) ;
#3105 = DIRECTION ( 'NONE',  ( 1.715124499442882891E-15, 3.307784318971030633E-15, -1.000000000000000000 ) ) ;
#3106 = VECTOR ( 'NONE', #1837, 39.37007874015748143 ) ;
#3107 = EDGE_LOOP ( 'NONE', ( #5125, #127, #5513, #1419 ) ) ;
#3108 = EDGE_CURVE ( 'NONE', #5204, #5408, #5173, .T. ) ;
#3109 = FACE_OUTER_BOUND ( 'NONE', #2842, .T. ) ;
#3110 = EDGE_LOOP ( 'NONE', ( #4997, #307 ) ) ;
#3111 = VERTEX_POINT ( 'NONE', #1037 ) ;
#3112 = VECTOR ( 'NONE', #3414, 39.37007874015748143 ) ;
#3113 = CARTESIAN_POINT ( 'NONE',  ( 0.3942664688103074133, 0.0000000000000000000, -0.08424999999999957523 ) ) ;
#3114 = VECTOR ( 'NONE', #3970, 39.37007874015748143 ) ;
#3115 = CARTESIAN_POINT ( 'NONE',  ( 0.0000000000000000000, 0.0000000000000000000, 0.0000000000000000000 ) ) ;
#3116 = CARTESIAN_POINT ( 'NONE',  ( 0.02246696881030735629, -0.03899999999999999994, 0.04999999999999998196 ) ) ;
#3117 = ORIENTED_EDGE ( 'NONE', *, *, #4651, .T. ) ;
#3118 = DIRECTION ( 'NONE',  ( -1.000000000000000000, 3.430248998885771698E-15, -1.715124499442871452E-15 ) ) ;
#3119 = ORIENTED_EDGE ( 'NONE', *, *, #5449, .F. ) ;
#3120 = AXIS2_PLACEMENT_3D ( 'NONE', #3722, #5545, #1410 ) ;
#3121 = EDGE_CURVE ( 'NONE', #5512, #2682, #4330, .T. ) ;
#3122 = CARTESIAN_POINT ( 'NONE',  ( 0.3796629928195004444, -0.1531900000000000206, -0.08975999999999990930 ) ) ;
#3123 = VERTEX_POINT ( 'NONE', #5201 ) ;
#3124 = LINE ( 'NONE', #4953, #5212 ) ;
#3125 = CARTESIAN_POINT ( 'NONE',  ( 0.08166846881030741245, -0.2760000000000000231, -0.08424999999999954747 ) ) ;
#3126 = VECTOR ( 'NONE', #4929, 39.37007874015748143 ) ;
#3127 = VECTOR ( 'NONE', #197, 39.37007874015748143 ) ;
#3128 = ORIENTED_EDGE ( 'NONE', *, *, #5456, .F. ) ;
#3129 = EDGE_CURVE ( 'NONE', #3349, #1471, #2920, .T. ) ;
#3130 = VECTOR ( 'NONE', #742, 39.37007874015748143 ) ;
#3131 = CARTESIAN_POINT ( 'NONE',  ( 0.01846696881030735274, -0.03899999999999999994, 0.04599999999999997841 ) ) ;
#3132 = CARTESIAN_POINT ( 'NONE',  ( 0.4379674688103074032, 0.0000000000000000000, -0.05000000000000019013 ) ) ;
#3133 = CARTESIAN_POINT ( 'NONE',  ( 0.5999990000000001711, 0.0000000000000000000, -0.09999999999999989453 ) ) ;
#3134 = DIRECTION ( 'NONE',  ( 0.3420201433256919166, 0.0000000000000000000, -0.9396926207858999902 ) ) ;
#3135 = LINE ( 'NONE', #1308, #3417 ) ;
#3136 = VERTEX_POINT ( 'NONE', #5680 ) ;
#3137 = AXIS2_PLACEMENT_3D ( 'NONE', #2459, #4300, #160 ) ;
#3138 = EDGE_CURVE ( 'NONE', #3597, #5342, #1548, .T. ) ;
#3139 = FACE_OUTER_BOUND ( 'NONE', #4672, .T. ) ;
#3140 = EDGE_LOOP ( 'NONE', ( #4391, #1143, #4021, #4486, #3935, #505 ) ) ;
#3141 = ORIENTED_EDGE ( 'NONE', *, *, #1979, .T. ) ;
#3142 = ORIENTED_EDGE ( 'NONE', *, *, #1993, .T. ) ;
#3143 = PRODUCT_DEFINITION_SHAPE ( 'NONE', 'NONE',  #5960 ) ;
#3144 = DIRECTION ( 'NONE',  ( 0.0000000000000000000, 1.000000000000000000, 0.0000000000000000000 ) ) ;
#3145 = FACE_OUTER_BOUND ( 'NONE', #5348, .T. ) ;
#3146 = CARTESIAN_POINT ( 'NONE',  ( 0.4379674688103074032, -0.1531900000000000206, -0.05000000000000019013 ) ) ;
#3147 = ORIENTED_EDGE ( 'NONE', *, *, #4048, .F. ) ;
#3148 = LINE ( 'NONE', #317, #1270 ) ;
#3149 = ORIENTED_EDGE ( 'NONE', *, *, #4987, .F. ) ;
#3150 = DIRECTION ( 'NONE',  ( -0.0000000000000000000, 1.000000000000000000, -0.0000000000000000000 ) ) ;
#3151 = EDGE_CURVE ( 'NONE', #2602, #2861, #2458, .T. ) ;
#3152 = CARTESIAN_POINT ( 'NONE',  ( 0.7879674688103074365, -0.1650000000000000078, -0.08424999999999950584 ) ) ;
#3153 = DIRECTION ( 'NONE',  ( 0.0000000000000000000, 1.000000000000000000, 0.0000000000000000000 ) ) ;
#3154 = LINE ( 'NONE', #4033, #2699 ) ;
#3155 = EDGE_LOOP ( 'NONE', ( #5280, #2593, #4581, #1840 ) ) ;
#3156 = DIRECTION ( 'NONE',  ( 0.0000000000000000000, -0.0000000000000000000, -1.000000000000000000 ) ) ;
#3157 = CARTESIAN_POINT ( 'NONE',  ( 0.01250000000000048121, -7.363184045423209410E-16, 0.0000000000000000000 ) ) ;
#3158 = DIRECTION ( 'NONE',  ( 1.000000000000000000, 0.0000000000000000000, 0.0000000000000000000 ) ) ;
#3159 = LINE ( 'NONE', #5381, #4097 ) ;
#3160 = DIRECTION ( 'NONE',  ( 1.000000000000000000, -3.430248998885771698E-15, 1.715124499442871452E-15 ) ) ;
#3161 = CARTESIAN_POINT ( 'NONE',  ( 0.7224669688103072529, -0.03899999999999999994, 0.04999999999999998196 ) ) ;
#3162 = EDGE_CURVE ( 'NONE', #4862, #2421, #1104, .T. ) ;
#3163 = ORIENTED_EDGE ( 'NONE', *, *, #326, .T. ) ;
#3164 = CARTESIAN_POINT ( 'NONE',  ( -0.01203253118969267385, -0.1650000000000000078, -0.01024000000000000084 ) ) ;
#3165 = ADVANCED_FACE ( 'NONE', ( #4059 ), #709, .T. ) ;
#3166 = DIRECTION ( 'NONE',  ( 0.0000000000000000000, 0.0000000000000000000, 1.000000000000000000 ) ) ;
#3167 = VERTEX_POINT ( 'NONE', #3122 ) ;
#3168 = PLANE ( 'NONE',  #2535 ) ;
#3169 = ADVANCED_FACE ( 'NONE', ( #5374 ), #5883, .T. ) ;
#3170 = EDGE_LOOP ( 'NONE', ( #4460, #2836, #374, #1925 ) ) ;
#3171 = ORIENTED_EDGE ( 'NONE', *, *, #3656, .T. ) ;
#3172 = DIRECTION ( 'NONE',  ( 0.0000000000000000000, 0.0000000000000000000, 1.000000000000000000 ) ) ;
#3173 = CARTESIAN_POINT ( 'NONE',  ( 0.7759349376206153837, 0.0000000000000000000, -0.09999999999999974187 ) ) ;
#3174 = DIRECTION ( 'NONE',  ( 0.0000000000000000000, 1.000000000000000000, 0.0000000000000000000 ) ) ;
#3175 = EDGE_CURVE ( 'NONE', #1461, #2448, #2123, .T. ) ;
#3176 = ORIENTED_EDGE ( 'NONE', *, *, #1519, .F. ) ;
#3177 = LINE ( 'NONE', #1356, #234 ) ;
#3178 = ORIENTED_EDGE ( 'NONE', *, *, #3528, .F. ) ;
#3179 = LINE ( 'NONE', #5008, #4810 ) ;
#3180 = AXIS2_PLACEMENT_3D ( 'NONE', #1168, #274, #5753 ) ;
#3181 = LINE ( 'NONE', #2727, #4952 ) ;
#3182 = CARTESIAN_POINT ( 'NONE',  ( 0.3759359376206146686, -0.1650000000000000078, -9.478001694819074349E-34 ) ) ;
#3183 = CARTESIAN_POINT ( 'NONE',  ( 0.03796746881030733239, -0.03399999999999996775, -0.05000000000000019013 ) ) ;
#3184 = EDGE_CURVE ( 'NONE', #2392, #5130, #1235, .T. ) ;
#3185 = VERTEX_POINT ( 'NONE', #3577 ) ;
#3186 = VECTOR ( 'NONE', #4215, 39.37007874015748854 ) ;
#3187 = LINE ( 'NONE', #5017, #2502 ) ;
#3188 = DIMENSIONAL_EXPONENTS ( 1.000000000000000000, 0.0000000000000000000, 0.0000000000000000000, 0.0000000000000000000, 0.0000000000000000000, 0.0000000000000000000, 0.0000000000000000000 ) ;
#3189 = CARTESIAN_POINT ( 'NONE',  ( 0.0000000000000000000, -0.1650000000000000078, 0.0000000000000000000 ) ) ;
#3190 = VECTOR ( 'NONE', #3823, 39.37007874015748143 ) ;
#3191 = CARTESIAN_POINT ( 'NONE',  ( 0.1796629928195006276, -0.1650000000000000078, -0.01024000000000000084 ) ) ;
#3192 = CARTESIAN_POINT ( 'NONE',  ( 0.4942664688103074466, -0.2760000000000000231, -0.08424999999999957523 ) ) ;
#3193 = ADVANCED_FACE ( 'NONE', ( #2556 ), #1266, .T. ) ;
#3194 = DIRECTION ( 'NONE',  ( -1.000000000000000000, 3.430248998885771698E-15, -1.633880378985904088E-15 ) ) ;
#3195 = DIRECTION ( 'NONE',  ( -1.000000000000000000, 0.0000000000000000000, -1.980403796674357815E-16 ) ) ;
#3196 = ORIENTED_EDGE ( 'NONE', *, *, #2885, .F. ) ;
#3197 = MANIFOLD_SOLID_BREP ( 'LPattern3', #108 ) ;
#3198 = EDGE_CURVE ( 'NONE', #3700, #4709, #789, .T. ) ;
#3199 = LINE ( 'NONE', #2409, #2250 ) ;
#3200 = ORIENTED_EDGE ( 'NONE', *, *, #3393, .T. ) ;
#3201 = CIRCLE ( 'NONE', #1737, 0.03155000000000051513 ) ;
#3202 = CARTESIAN_POINT ( 'NONE',  ( 0.3942664688103074133, -0.2760000000000000231, -0.08424999999999957523 ) ) ;
#3203 = ORIENTED_EDGE ( 'NONE', *, *, #1764, .F. ) ;
#3204 = VECTOR ( 'NONE', #5375, 39.37007874015748143 ) ;
#3205 = EDGE_CURVE ( 'NONE', #5350, #3407, #3550, .T. ) ;
#3206 = CARTESIAN_POINT ( 'NONE',  ( 0.09627194480111420094, -0.1531900000000000206, -0.01024000000000000084 ) ) ;
#3207 = CARTESIAN_POINT ( 'NONE',  ( 0.2379674688103073643, 0.0000000000000000000, -0.05000000000000019013 ) ) ;
#3208 = CARTESIAN_POINT ( 'NONE',  ( 0.1816684688103074041, -0.2760000000000000231, -0.08424999999999954747 ) ) ;
#3209 = ORIENTED_EDGE ( 'NONE', *, *, #661, .F. ) ;
#3210 = CIRCLE ( 'NONE', #3306, 0.03740000000000053004 ) ;
#3211 = PLANE ( 'NONE',  #47 ) ;
#3212 = ORIENTED_EDGE ( 'NONE', *, *, #4517, .T. ) ;
#3213 = CARTESIAN_POINT ( 'NONE',  ( 0.1816684688103074041, -0.1531900000000000206, -0.08424999999999954747 ) ) ;
#3214 = EDGE_CURVE ( 'NONE', #922, #5677, #1109, .T. ) ;
#3215 = VECTOR ( 'NONE', #3754, 39.37007874015748143 ) ;
#3216 = ORIENTED_EDGE ( 'NONE', *, *, #2702, .F. ) ;
#3217 = LINE ( 'NONE', #1398, #3909 ) ;
#3218 = CARTESIAN_POINT ( 'NONE',  ( 0.4942664688103074466, 0.0000000000000000000, -0.08424999999999957523 ) ) ;
#3219 = CARTESIAN_POINT ( 'NONE',  ( 0.0000000000000000000, 0.0000000000000000000, 0.0000000000000000000 ) ) ;
#3220 = ORIENTED_EDGE ( 'NONE', *, *, #3838, .T. ) ;
#3221 = VECTOR ( 'NONE', #5227, 39.37007874015748143 ) ;
#3222 = ADVANCED_FACE ( 'NONE', ( #2637, #2180 ), #4030, .F. ) ;
#3223 = CARTESIAN_POINT ( 'NONE',  ( 0.1773881722737656597, -2.346524916246069321E-15, 0.3851881722737665603 ) ) ;
#3224 = VECTOR ( 'NONE', #2813, 39.37007874015748143 ) ;
#3225 = CARTESIAN_POINT ( 'NONE',  ( 0.1942664688103074300, -0.1531900000000000206, -0.08424999999999954747 ) ) ;
#3226 = VECTOR ( 'NONE', #452, 39.37007874015748143 ) ;
#3227 = CARTESIAN_POINT ( 'NONE',  ( 0.2816684688103074374, -0.1531900000000000206, -0.01574999999999998623 ) ) ;
#3228 = PLANE ( 'NONE',  #5907 ) ;
#3229 = CARTESIAN_POINT ( 'NONE',  ( 0.4466688582523875017, -0.1650000000000000078, 0.08041063969758920071 ) ) ;
#3230 = FACE_OUTER_BOUND ( 'NONE', #5253, .T. ) ;
#3231 = ORIENTED_EDGE ( 'NONE', *, *, #362, .F. ) ;
#3232 = AXIS2_PLACEMENT_3D ( 'NONE', #653, #1981, #1945 ) ;
#3233 = EDGE_CURVE ( 'NONE', #1120, #4315, #3609, .T. ) ;
#3234 = LINE ( 'NONE', #5090, #3226 ) ;
#3235 = ORIENTED_EDGE ( 'NONE', *, *, #1567, .F. ) ;
#3236 = AXIS2_PLACEMENT_3D ( 'NONE', #3704, #5615, #2948 ) ;
#3237 = CARTESIAN_POINT ( 'NONE',  ( 0.4816684688103073930, -0.1531900000000000206, -0.08424999999999953360 ) ) ;
#3238 = ORIENTED_EDGE ( 'NONE', *, *, #4485, .T. ) ;
#3239 = ORIENTED_EDGE ( 'NONE', *, *, #367, .F. ) ;
#3240 = EDGE_CURVE ( 'NONE', #5790, #4669, #3217, .T. ) ;
#3241 = LINE ( 'NONE', #3599, #4283 ) ;
#3242 = CARTESIAN_POINT ( 'NONE',  ( 0.2379674688103073643, -0.1531900000000000206, -0.05000000000000019013 ) ) ;
#3243 = CARTESIAN_POINT ( 'NONE',  ( 0.5796629928195006221, -0.2760000000000000231, -0.01024000000000000084 ) ) ;
#3244 = EDGE_LOOP ( 'NONE', ( #4380, #1043, #235, #44 ) ) ;
#3245 = DIRECTION ( 'NONE',  ( -0.0000000000000000000, 1.000000000000000000, -0.0000000000000000000 ) ) ;
#3246 = ORIENTED_EDGE ( 'NONE', *, *, #294, .T. ) ;
#3247 = EDGE_CURVE ( 'NONE', #1115, #4969, #3275, .T. ) ;
#3248 = DIRECTION ( 'NONE',  ( 1.000000000000000000, 0.0000000000000000000, -0.0000000000000000000 ) ) ;
#3249 = EDGE_LOOP ( 'NONE', ( #4966, #462, #2935, #1740, #5042, #2552 ) ) ;
#3250 = DIRECTION ( 'NONE',  ( -1.000000000000000000, 0.0000000000000000000, -2.710166660381209369E-15 ) ) ;
#3251 = CARTESIAN_POINT ( 'NONE',  ( 0.01250000000000048121, -7.363184045423209410E-16, 0.0000000000000000000 ) ) ;
#3252 = DIRECTION ( 'NONE',  ( 0.0000000000000000000, 0.0000000000000000000, 1.000000000000000000 ) ) ;
#3253 = ORIENTED_EDGE ( 'NONE', *, *, #3138, .F. ) ;
#3254 = EDGE_CURVE ( 'NONE', #518, #822, #4761, .T. ) ;
#3255 = DIRECTION ( 'NONE',  ( -0.3420201433256720991, 0.0000000000000000000, 0.9396926207859070956 ) ) ;
#3256 = SURFACE_STYLE_FILL_AREA ( #5537 ) ;
#3257 = DIRECTION ( 'NONE',  ( 0.0000000000000000000, 1.000000000000000000, 0.0000000000000000000 ) ) ;
#3258 = DIRECTION ( 'NONE',  ( -1.000000000000000000, 0.0000000000000000000, -1.980403796674357815E-16 ) ) ;
#3259 = ORIENTED_EDGE ( 'NONE', *, *, #4019, .T. ) ;
#3260 = ORIENTED_EDGE ( 'NONE', *, *, #4490, .T. ) ;
#3261 = ADVANCED_FACE ( 'NONE', ( #4653 ), #5918, .T. ) ;
#3262 = FILL_AREA_STYLE_COLOUR ( '', #3379 ) ;
#3263 = DIRECTION ( 'NONE',  ( -0.0000000000000000000, 1.000000000000000000, -0.0000000000000000000 ) ) ;
#3264 = ORIENTED_EDGE ( 'NONE', *, *, #1946, .F. ) ;
#3265 = LINE ( 'NONE', #4045, #5033 ) ;
#3266 = ORIENTED_EDGE ( 'NONE', *, *, #737, .F. ) ;
#3267 = EDGE_LOOP ( 'NONE', ( #3128, #129, #3548, #4029, #2690, #3654 ) ) ;
#3268 = FACE_OUTER_BOUND ( 'NONE', #3107, .T. ) ;
#3269 = FACE_BOUND ( 'NONE', #555, .T. ) ;
#3270 = DIRECTION ( 'NONE',  ( -0.0000000000000000000, -0.0000000000000000000, -1.000000000000000000 ) ) ;
#3271 = ORIENTED_EDGE ( 'NONE', *, *, #5464, .T. ) ;
#3272 = DIRECTION ( 'NONE',  ( -0.0000000000000000000, 1.000000000000000000, -0.0000000000000000000 ) ) ;
#3273 = VERTEX_POINT ( 'NONE', #5075 ) ;
#3274 = EDGE_CURVE ( 'NONE', #2740, #2831, #438, .T. ) ;
#3275 = LINE ( 'NONE', #5559, #3819 ) ;
#3276 = DIRECTION ( 'NONE',  ( 0.0000000000000000000, -0.0000000000000000000, -1.000000000000000000 ) ) ;
#3277 = DIRECTION ( 'NONE',  ( 1.000000000000000000, -0.0000000000000000000, -0.0000000000000000000 ) ) ;
#3278 = VERTEX_POINT ( 'NONE', #938 ) ;
#3279 = CIRCLE ( 'NONE', #5384, 0.03740000000000053004 ) ;
#3280 = CARTESIAN_POINT ( 'NONE',  ( 0.7879674688103074365, 0.0000000000000000000, -0.08424999999999950584 ) ) ;
#3281 = VECTOR ( 'NONE', #4211, 39.37007874015748854 ) ;
#3282 = EDGE_CURVE ( 'NONE', #4539, #2202, #5048, .T. ) ;
#3283 = DIRECTION ( 'NONE',  ( -1.000000000000000000, -0.0000000000000000000, -0.0000000000000000000 ) ) ;
#3284 = EDGE_CURVE ( 'NONE', #4303, #3628, #5343, .T. ) ;
#3285 = DIRECTION ( 'NONE',  ( -0.3420201433256694346, 0.0000000000000000000, -0.9396926207859080948 ) ) ;
#3286 = CARTESIAN_POINT ( 'NONE',  ( 0.1999990000000001211, -0.1650000000000000078, -0.09999999999999989453 ) ) ;
#3287 = ORIENTED_EDGE ( 'NONE', *, *, #5944, .F. ) ;
#3288 = CIRCLE ( 'NONE', #195, 0.03155000000000051513 ) ;
#3289 = VERTEX_POINT ( 'NONE', #875 ) ;
#3290 = LENGTH_MEASURE_WITH_UNIT ( LENGTH_MEASURE( 0.02539999999999999897 ), #1920 );
#3291 = VECTOR ( 'NONE', #5347, 39.37007874015748854 ) ;
#3292 = DIRECTION ( 'NONE',  ( 0.0000000000000000000, 0.0000000000000000000, 1.000000000000000000 ) ) ;
#3293 = EDGE_CURVE ( 'NONE', #4609, #1614, #4592, .T. ) ;
#3294 = CARTESIAN_POINT ( 'NONE',  ( 0.03796746881030733239, -0.03399999999999996775, -0.08155000000000069138 ) ) ;
#3295 = DIRECTION ( 'NONE',  ( 1.355298456929802892E-15, 0.0000000000000000000, 1.000000000000000000 ) ) ;
#3296 = ORIENTED_EDGE ( 'NONE', *, *, #2355, .F. ) ;
#3297 = VERTEX_POINT ( 'NONE', #2370 ) ;
#3298 = AXIS2_PLACEMENT_3D ( 'NONE', #5593, #143, #4279 ) ;
#3299 = DIRECTION ( 'NONE',  ( 0.0000000000000000000, 1.000000000000000000, 0.0000000000000000000 ) ) ;
#3300 = FACE_OUTER_BOUND ( 'NONE', #989, .T. ) ;
#3301 = DIRECTION ( 'NONE',  ( 1.000000000000000000, 0.0000000000000000000, -1.355298456929802892E-15 ) ) ;
#3302 = ORIENTED_EDGE ( 'NONE', *, *, #3995, .F. ) ;
#3303 = ORIENTED_EDGE ( 'NONE', *, *, #1265, .F. ) ;
#3304 = DIRECTION ( 'NONE',  ( -0.0000000000000000000, -1.000000000000000000, -2.147139079527372365E-16 ) ) ;
#3305 = CARTESIAN_POINT ( 'NONE',  ( 0.3962719448011142731, -0.2760000000000000231, -0.08975999999999990930 ) ) ;
#3306 = AXIS2_PLACEMENT_3D ( 'NONE', #5519, #1445, #3658 ) ;
#3307 = DIRECTION ( 'NONE',  ( 0.0000000000000000000, 1.000000000000000000, 2.147139079527372365E-16 ) ) ;
#3308 = DIRECTION ( 'NONE',  ( -1.000000000000000000, 0.0000000000000000000, -1.980403796674357815E-16 ) ) ;
#3309 = ORIENTED_EDGE ( 'NONE', *, *, #5921, .F. ) ;
#3310 = EDGE_CURVE ( 'NONE', #5930, #2854, #1290, .T. ) ;
#3311 = VECTOR ( 'NONE', #1019, 39.37007874015748143 ) ;
#3312 = DIRECTION ( 'NONE',  ( -1.000000000000000000, -0.0000000000000000000, -0.0000000000000000000 ) ) ;
#3313 = CARTESIAN_POINT ( 'NONE',  ( 0.1796629928195006276, -0.1531900000000000206, -0.01024000000000000084 ) ) ;
#3314 = CARTESIAN_POINT ( 'NONE',  ( 0.2796629928195006332, -0.2760000000000000231, -0.01024000000000000084 ) ) ;
#3315 = FACE_OUTER_BOUND ( 'NONE', #436, .T. ) ;
#3316 = CIRCLE ( 'NONE', #3807, 0.03740000000000053698 ) ;
#3317 = ORIENTED_EDGE ( 'NONE', *, *, #5449, .T. ) ;
#3318 = ORIENTED_EDGE ( 'NONE', *, *, #5737, .F. ) ;
#3319 = EDGE_CURVE ( 'NONE', #1120, #5942, #4150, .T. ) ;
#3320 = CONICAL_SURFACE ( 'NONE', #712, 0.02776794919242787929, 0.5235987755984079506 ) ;
#3321 = AXIS2_PLACEMENT_3D ( 'NONE', #5812, #805, #3072 ) ;
#3322 = FACE_OUTER_BOUND ( 'NONE', #4955, .T. ) ;
#3323 = ORIENTED_EDGE ( 'NONE', *, *, #2093, .T. ) ;
#3324 = CARTESIAN_POINT ( 'NONE',  ( 0.05746696881030734921, 0.0000000000000000000, 0.0000000000000000000 ) ) ;
#3325 = AXIS2_PLACEMENT_3D ( 'NONE', #57, #1335, #885 ) ;
#3326 = ORIENTED_EDGE ( 'NONE', *, *, #4235, .T. ) ;
#3327 = PRESENTATION_LAYER_ASSIGNMENT (  '', '', ( #536 ) ) ;
#3328 = VERTEX_POINT ( 'NONE', #497 ) ;
#3329 = EDGE_CURVE ( 'NONE', #529, #1989, #3739, .T. ) ;
#3330 = AXIS2_PLACEMENT_3D ( 'NONE', #5402, #2206, #2789 ) ;
#3331 = CARTESIAN_POINT ( 'NONE',  ( 0.0000000000000000000, -0.1650000000000000078, 0.0000000000000000000 ) ) ;
#3332 = LINE ( 'NONE', #902, #2627 ) ;
#3333 = CARTESIAN_POINT ( 'NONE',  ( 0.02246696881030735629, 0.0000000000000000000, 0.04999999999999998196 ) ) ;
#3334 = ORIENTED_EDGE ( 'NONE', *, *, #2472, .F. ) ;
#3335 = ORIENTED_EDGE ( 'NONE', *, *, #3937, .T. ) ;
#3336 = DIRECTION ( 'NONE',  ( 0.0000000000000000000, 0.0000000000000000000, 1.000000000000000000 ) ) ;
#3337 = DIRECTION ( 'NONE',  ( 0.0000000000000000000, 0.0000000000000000000, -1.000000000000000000 ) ) ;
#3338 = CARTESIAN_POINT ( 'NONE',  ( -0.005732531189691705831, -0.1650000000000000078, -0.08425000000000165690 ) ) ;
#3339 = DIRECTION ( 'NONE',  ( 1.000000000000000000, -6.123233995736766036E-17, -2.137915722948479303E-31 ) ) ;
#3340 = ORIENTED_EDGE ( 'NONE', *, *, #3329, .T. ) ;
#3341 = LINE ( 'NONE', #4831, #4186 ) ;
#3342 = EDGE_CURVE ( 'NONE', #4434, #2958, #3181, .T. ) ;
#3343 = LINE ( 'NONE', #4660, #287 ) ;
#3344 = CARTESIAN_POINT ( 'NONE',  ( 0.5379674688103074365, 0.0000000000000000000, -0.05000000000000019013 ) ) ;
#3345 = CARTESIAN_POINT ( 'NONE',  ( 0.5759359376206146797, 0.0000000000000000000, -9.478001694819074349E-34 ) ) ;
#3346 = CARTESIAN_POINT ( 'NONE',  ( 0.1773881722737656597, -2.346524916246069321E-15, 0.3851881722737665603 ) ) ;
#3347 = VERTEX_POINT ( 'NONE', #406 ) ;
#3348 = CARTESIAN_POINT ( 'NONE',  ( 0.7759349376206153837, 0.0000000000000000000, -0.09999999999999974187 ) ) ;
#3349 = VERTEX_POINT ( 'NONE', #2276 ) ;
#3350 = EDGE_CURVE ( 'NONE', #5826, #3784, #2241, .T. ) ;
#3351 = ADVANCED_FACE ( 'NONE', ( #4120 ), #912, .T. ) ;
#3352 = ORIENTED_EDGE ( 'NONE', *, *, #481, .T. ) ;
#3353 = ORIENTED_EDGE ( 'NONE', *, *, #909, .T. ) ;
#3354 = EDGE_CURVE ( 'NONE', #3742, #2084, #3668, .T. ) ;
#3355 = CARTESIAN_POINT ( 'NONE',  ( 0.3962719448011142731, -0.1650000000000000078, -0.08975999999999990930 ) ) ;
#3356 = EDGE_CURVE ( 'NONE', #1027, #1348, #469, .T. ) ;
#3357 = DIRECTION ( 'NONE',  ( -0.0000000000000000000, 1.000000000000000000, -0.0000000000000000000 ) ) ;
#3358 = CARTESIAN_POINT ( 'NONE',  ( 0.0000000000000000000, -0.1650000000000000078, 0.0000000000000000000 ) ) ;
#3359 = ORIENTED_EDGE ( 'NONE', *, *, #4633, .F. ) ;
#3360 =( REPRESENTATION_RELATIONSHIP ('NONE','NONE', #5618, #2351 ) REPRESENTATION_RELATIONSHIP_WITH_TRANSFORMATION ( #4010 )SHAPE_REPRESENTATION_RELATIONSHIP( ) );
#3361 = ORIENTED_EDGE ( 'NONE', *, *, #1139, .T. ) ;
#3362 = DIRECTION ( 'NONE',  ( 0.3420201433256639389, 0.0000000000000000000, -0.9396926207859100932 ) ) ;
#3363 = DIRECTION ( 'NONE',  ( 1.715124499442882891E-15, 3.307784318971030633E-15, -1.000000000000000000 ) ) ;
#3364 = EDGE_CURVE ( 'NONE', #5249, #1027, #3525, .T. ) ;
#3365 = CARTESIAN_POINT ( 'NONE',  ( 0.5942664688103074244, -0.2760000000000000231, -0.08424999999999957523 ) ) ;
#3366 = DIRECTION ( 'NONE',  ( 0.3420201433256694346, -2.017650748832918720E-16, 0.9396926207859080948 ) ) ;
#3367 = ORIENTED_EDGE ( 'NONE', *, *, #1539, .F. ) ;
#3368 = DIRECTION ( 'NONE',  ( 0.0000000000000000000, 0.0000000000000000000, 1.000000000000000000 ) ) ;
#3369 = EDGE_LOOP ( 'NONE', ( #2618, #4077, #4001, #4441 ) ) ;
#3370 = PLANE ( 'NONE',  #2793 ) ;
#3371 = DIRECTION ( 'NONE',  ( 0.0000000000000000000, -1.000000000000000000, 0.0000000000000000000 ) ) ;
#3372 = CARTESIAN_POINT ( 'NONE',  ( 0.7759349376206153837, -0.1650000000000000078, -0.09999999999999974187 ) ) ;
#3373 = DIRECTION ( 'NONE',  ( -1.000000000000000000, 3.430248998885770514E-15, -1.897116662266944614E-15 ) ) ;
#3374 = EDGE_LOOP ( 'NONE', ( #5762, #3733, #1090, #2504, #3239 ) ) ;
#3375 = AXIS2_PLACEMENT_3D ( 'NONE', #775, #2624, #2171 ) ;
#3376 = DIRECTION ( 'NONE',  ( 0.0000000000000000000, 0.0000000000000000000, 1.000000000000000000 ) ) ;
#3377 = AXIS2_PLACEMENT_3D ( 'NONE', #1672, #263, #3948 ) ;
#3378 = CARTESIAN_POINT ( 'NONE',  ( 0.7759349376206153837, -0.1650000000000000078, -0.09999999999999974187 ) ) ;
#3379 = COLOUR_RGB ( '',1.000000000000000000, 0.8588235294117646523, 0.5568627450980392357 ) ;
#3380 = CARTESIAN_POINT ( 'NONE',  ( 0.6942664688103074022, 0.0000000000000000000, -0.08424999999999957523 ) ) ;
#3381 = ORIENTED_EDGE ( 'NONE', *, *, #3842, .T. ) ;
#3382 = VERTEX_POINT ( 'NONE', #2396 ) ;
#3383 = VECTOR ( 'NONE', #1230, 39.37007874015748854 ) ;
#3384 = EDGE_CURVE ( 'NONE', #3459, #5152, #671, .T. ) ;
#3385 = ORIENTED_EDGE ( 'NONE', *, *, #5888, .T. ) ;
#3386 = LINE ( 'NONE', #91, #4754 ) ;
#3387 = AXIS2_PLACEMENT_3D ( 'NONE', #5121, #4694, #572 ) ;
#3388 = LINE ( 'NONE', #2024, #3016 ) ;
#3389 = CARTESIAN_POINT ( 'NONE',  ( -0.005732531189691705831, -0.1650000000000000078, -0.08425000000000165690 ) ) ;
#3390 = ORIENTED_EDGE ( 'NONE', *, *, #1326, .F. ) ;
#3391 = ORIENTED_EDGE ( 'NONE', *, *, #5304, .F. ) ;
#3392 = DIRECTION ( 'NONE',  ( 4.639687489239577477E-17, 0.0000000000000000000, 1.000000000000000000 ) ) ;
#3393 = EDGE_CURVE ( 'NONE', #3051, #3580, #1029, .T. ) ;
#3394 = CIRCLE ( 'NONE', #3298, 0.02089999999999871128 ) ;
#3395 = LINE ( 'NONE', #3854, #631 ) ;
#3396 = CARTESIAN_POINT ( 'NONE',  ( 0.03796746881030733239, 0.0000000000000000000, -0.08155000000000069138 ) ) ;
#3397 = FACE_OUTER_BOUND ( 'NONE', #5390, .T. ) ;
#3398 = ORIENTED_EDGE ( 'NONE', *, *, #1066, .T. ) ;
#3399 = AXIS2_PLACEMENT_3D ( 'NONE', #4032, #321, #1785 ) ;
#3400 = CARTESIAN_POINT ( 'NONE',  ( 0.4999990000000001378, 0.0000000000000000000, -0.09999999999999989453 ) ) ;
#3401 = EDGE_LOOP ( 'NONE', ( #3083, #3541, #1448, #114 ) ) ;
#3402 = EDGE_CURVE ( 'NONE', #4491, #1115, #1005, .T. ) ;
#3403 = AXIS2_PLACEMENT_3D ( 'NONE', #2116, #1664, #5346 ) ;
#3404 = CARTESIAN_POINT ( 'NONE',  ( 0.1942664688103074300, -0.2760000000000000231, -0.08424999999999957523 ) ) ;
#3405 = CARTESIAN_POINT ( 'NONE',  ( 0.1379674688103073310, -0.03399999999999996775, -0.05000000000000019013 ) ) ;
#3406 = DIRECTION ( 'NONE',  ( 1.000000000000000000, 0.0000000000000000000, -2.753879025871234324E-16 ) ) ;
#3407 = VERTEX_POINT ( 'NONE', #2850 ) ;
#3408 = VECTOR ( 'NONE', #491, 39.37007874015748143 ) ;
#3409 = ITEM_DEFINED_TRANSFORMATION ( 'NONE', 'NONE', #4714,  #585 ) ;
#3410 = EDGE_CURVE ( 'NONE', #3633, #3976, #587, .T. ) ;
#3411 = LINE ( 'NONE', #4722, #1761 ) ;
#3412 = VECTOR ( 'NONE', #4757, 39.37007874015748143 ) ;
#3413 = DIRECTION ( 'NONE',  ( -0.0000000000000000000, 1.000000000000000000, -0.0000000000000000000 ) ) ;
#3414 = DIRECTION ( 'NONE',  ( 0.3420201433256639389, 0.0000000000000000000, -0.9396926207859100932 ) ) ;
#3415 = VECTOR ( 'NONE', #5457, 39.37007874015748143 ) ;
#3416 = EDGE_CURVE ( 'NONE', #5393, #2491, #3882, .T. ) ;
#3417 = VECTOR ( 'NONE', #852, 39.37007874015748143 ) ;
#3418 = EDGE_LOOP ( 'NONE', ( #1598, #153, #1454, #3893 ) ) ;
#3419 = DIRECTION ( 'NONE',  ( -1.000000000000000000, 3.430248998885772487E-15, -2.239219666938031849E-15 ) ) ;
#3420 = VECTOR ( 'NONE', #5461, 39.37007874015748143 ) ;
#3421 = DIRECTION ( 'NONE',  ( 1.000000000000000000, -6.123233995736766036E-17, -2.137915722948479303E-31 ) ) ;
#3422 = DIRECTION ( 'NONE',  ( 0.0000000000000000000, 0.0000000000000000000, 1.000000000000000000 ) ) ;
#3423 = EDGE_CURVE ( 'NONE', #1108, #4195, #5728, .T. ) ;
#3424 = VERTEX_POINT ( 'NONE', #1451 ) ;
#3425 = ORIENTED_EDGE ( 'NONE', *, *, #3881, .F. ) ;
#3426 = CARTESIAN_POINT ( 'NONE',  ( 0.7574669688103072840, -0.03899999999999999994, 0.04599999999999995759 ) ) ;
#3427 = AXIS2_PLACEMENT_3D ( 'NONE', #4867, #378, #2153 ) ;
#3428 = PLANE ( 'NONE',  #1285 ) ;
#3429 = LINE ( 'NONE', #5315, #5122 ) ;
#3430 = LINE ( 'NONE', #1124, #2510 ) ;
#3431 = EDGE_CURVE ( 'NONE', #3902, #1166, #1122, .T. ) ;
#3432 = AXIS2_PLACEMENT_3D ( 'NONE', #2911, #132, #5223 ) ;
#3433 = VERTEX_POINT ( 'NONE', #4238 ) ;
#3434 = CARTESIAN_POINT ( 'NONE',  ( 0.03796746881030733239, -0.03399999999999996775, -0.05000000000000019013 ) ) ;
#3435 = ORIENTED_EDGE ( 'NONE', *, *, #4124, .F. ) ;
#3436 = ORIENTED_EDGE ( 'NONE', *, *, #5507, .T. ) ;
#3437 = CARTESIAN_POINT ( 'NONE',  ( 0.4759359376206147019, -0.2760000000000000231, -0.09999999999999989453 ) ) ;
#3438 = CYLINDRICAL_SURFACE ( 'NONE', #3777, 0.03740000000000053004 ) ;
#3439 = PRODUCT_DEFINITION_SHAPE ( 'NONE', 'NONE',  #5954 ) ;
#3440 = ADVANCED_FACE ( 'NONE', ( #4796 ), #3428, .F. ) ;
#3441 = ORIENTED_EDGE ( 'NONE', *, *, #5557, .F. ) ;
#3442 = APPLICATION_PROTOCOL_DEFINITION ( 'draft international standard', 'automotive_design', 1998, #5697 ) ;
#3443 = FACE_OUTER_BOUND ( 'NONE', #1992, .T. ) ;
#3444 = CARTESIAN_POINT ( 'NONE',  ( 0.5816684688103074263, 0.0000000000000000000, -0.01574999999999998623 ) ) ;
#3445 = ADVANCED_FACE ( 'NONE', ( #5135 ), #5670, .F. ) ;
#3446 = ORIENTED_EDGE ( 'NONE', *, *, #5690, .F. ) ;
#3447 = ORIENTED_EDGE ( 'NONE', *, *, #325, .F. ) ;
#3448 = CARTESIAN_POINT ( 'NONE',  ( 0.6759359376206146575, 0.0000000000000000000, -0.09999999999999989453 ) ) ;
#3449 = LINE ( 'NONE', #1656, #383 ) ;
#3450 = ORIENTED_EDGE ( 'NONE', *, *, #1527, .T. ) ;
#3451 = ORIENTED_EDGE ( 'NONE', *, *, #3559, .T. ) ;
#3452 = SURFACE_SIDE_STYLE ('',( #1601 ) ) ;
#3453 = FACE_OUTER_BOUND ( 'NONE', #2191, .T. ) ;
#3454 = CARTESIAN_POINT ( 'NONE',  ( -0.003727055198885883408, -0.1650000000000000078, -0.01024000000000000084 ) ) ;
#3455 = CARTESIAN_POINT ( 'NONE',  ( 0.5942664688103074244, -0.2760000000000000231, -0.08424999999999957523 ) ) ;
#3456 = ORIENTED_EDGE ( 'NONE', *, *, #3056, .T. ) ;
#3457 = DIRECTION ( 'NONE',  ( 0.0000000000000000000, 0.0000000000000000000, -1.000000000000000000 ) ) ;
#3458 = ORIENTED_EDGE ( 'NONE', *, *, #5871, .F. ) ;
#3459 = VERTEX_POINT ( 'NONE', #560 ) ;
#3460 = EDGE_CURVE ( 'NONE', #4099, #4817, #5165, .T. ) ;
#3461 = FILL_AREA_STYLE ('',( #353 ) ) ;
#3462 = DIRECTION ( 'NONE',  ( 0.0000000000000000000, 0.0000000000000000000, 1.000000000000000000 ) ) ;
#3463 = CARTESIAN_POINT ( 'NONE',  ( 0.5379674688103074365, 0.0000000000000000000, -0.05000000000000019013 ) ) ;
#3464 = EDGE_LOOP ( 'NONE', ( #3296, #956, #3792, #3317 ) ) ;
#3465 =( LENGTH_UNIT ( ) NAMED_UNIT ( * ) SI_UNIT ( $, .METRE. ) );
#3466 = EDGE_CURVE ( 'NONE', #4195, #1108, #4569, .T. ) ;
#3467 = EDGE_CURVE ( 'NONE', #3851, #3167, #2879, .T. ) ;
#3468 = CARTESIAN_POINT ( 'NONE',  ( -0.01203253118969267385, -0.1531900000000000206, -0.08975999999999990930 ) ) ;
#3469 = FACE_OUTER_BOUND ( 'NONE', #949, .T. ) ;
#3470 = CARTESIAN_POINT ( 'NONE',  ( 0.2816684688103074374, -0.2760000000000000231, -0.01574999999999998623 ) ) ;
#3471 = ORIENTED_EDGE ( 'NONE', *, *, #2438, .F. ) ;
#3472 = VECTOR ( 'NONE', #5536, 39.37007874015748143 ) ;
#3473 = ADVANCED_FACE ( 'NONE', ( #1972 ), #1508, .T. ) ;
#3474 = AXIS2_PLACEMENT_3D ( 'NONE', #3683, #923, #2772 ) ;
#3475 = ORIENTED_EDGE ( 'NONE', *, *, #5637, .F. ) ;
#3476 = DIRECTION ( 'NONE',  ( 0.0000000000000000000, 0.0000000000000000000, 1.000000000000000000 ) ) ;
#3477 = CARTESIAN_POINT ( 'NONE',  ( 0.1942664688103074300, 0.0000000000000000000, -0.08424999999999957523 ) ) ;
#3478 = ORIENTED_EDGE ( 'NONE', *, *, #3728, .F. ) ;
#3479 = AXIS2_PLACEMENT_3D ( 'NONE', #5920, #5013, #3252 ) ;
#3480 = ORIENTED_EDGE ( 'NONE', *, *, #296, .F. ) ;
#3481 = ADVANCED_FACE ( 'NONE', ( #2002 ), #1059, .T. ) ;
#3482 = VECTOR ( 'NONE', #5845, 39.37007874015748854 ) ;
#3483 = CARTESIAN_POINT ( 'NONE',  ( 0.6695174688103078253, -0.03399999999999996775, -0.05000000000000019013 ) ) ;
#3484 = CARTESIAN_POINT ( 'NONE',  ( 0.1478881722737678261, -5.660648316176549258E-16, 0.2014182992926947802 ) ) ;
#3485 = DIRECTION ( 'NONE',  ( 1.000000000000000000, -0.0000000000000000000, 0.0000000000000000000 ) ) ;
#3486 = ORIENTED_EDGE ( 'NONE', *, *, #3214, .F. ) ;
#3487 = DIRECTION ( 'NONE',  ( -0.3420201433256720991, 0.0000000000000000000, 0.9396926207859070956 ) ) ;
#3488 = ORIENTED_EDGE ( 'NONE', *, *, #3138, .T. ) ;
#3489 = EDGE_LOOP ( 'NONE', ( #1845, #5070 ) ) ;
#3490 = CLOSED_SHELL ( 'NONE', ( #2325, #5298, #2680, #5420, #182, #3930, #3473, #4014, #3575, #2282, #4670, #286, #3169, #1906, #2694, #1010, #2246, #2675, #2073, #758, #257, #863, #4474, #397, #1146, #1569, #2265, #4312, #2893 ) ) ;
#3491 =( LENGTH_UNIT ( ) NAMED_UNIT ( * ) SI_UNIT ( $, .METRE. ) );
#3492 = VECTOR ( 'NONE', #1517, 39.37007874015748143 ) ;
#3493 = CARTESIAN_POINT ( 'NONE',  ( 0.2379674688103073643, -0.1531900000000000206, -0.01844999999999967846 ) ) ;
#3494 = DIRECTION ( 'NONE',  ( -0.0000000000000000000, 1.000000000000000000, -0.0000000000000000000 ) ) ;
#3495 = EDGE_LOOP ( 'NONE', ( #3309, #4108, #3246, #5683 ) ) ;
#3496 = EDGE_CURVE ( 'NONE', #456, #4034, #3395, .T. ) ;
#3497 = CIRCLE ( 'NONE', #2820, 0.03599999999999819317 ) ;
#3498 = DIRECTION ( 'NONE',  ( 0.0000000000000000000, 0.0000000000000000000, 1.000000000000000000 ) ) ;
#3499 = CARTESIAN_POINT ( 'NONE',  ( 0.7759349376206142734, -0.1650000000000000078, 0.0000000000000000000 ) ) ;
#3500 = VECTOR ( 'NONE', #4113, 39.37007874015748143 ) ;
#3501 = CARTESIAN_POINT ( 'NONE',  ( 0.5379674688103074365, -0.1531900000000000206, -0.05000000000000019013 ) ) ;
#3502 = EDGE_CURVE ( 'NONE', #3104, #4321, #646, .T. ) ;
#3503 = EDGE_CURVE ( 'NONE', #518, #5839, #2031, .T. ) ;
#3504 = ORIENTED_EDGE ( 'NONE', *, *, #3416, .T. ) ;
#3505 = AXIS2_PLACEMENT_3D ( 'NONE', #3501, #5331, #2131 ) ;
#3506 = PLANE ( 'NONE',  #3321 ) ;
#3507 = VERTEX_POINT ( 'NONE', #699 ) ;
#3508 = CARTESIAN_POINT ( 'NONE',  ( 0.1773881722737660482, 0.03049999999999784134, 0.1920881722737669550 ) ) ;
#3509 = FACE_OUTER_BOUND ( 'NONE', #2521, .T. ) ;
#3510 = EDGE_CURVE ( 'NONE', #3962, #3278, #4944, .T. ) ;
#3511 = VERTEX_POINT ( 'NONE', #278 ) ;
#3512 = AXIS2_PLACEMENT_3D ( 'NONE', #4575, #418, #4040 ) ;
#3513 = ORIENTED_EDGE ( 'NONE', *, *, #89, .F. ) ;
#3514 = FILL_AREA_STYLE_COLOUR ( '', #98 ) ;
#3515 = AXIS2_PLACEMENT_3D ( 'NONE', #5833, #1763, #663 ) ;
#3516 = AXIS2_PLACEMENT_3D ( 'NONE', #5242, #5270, #601 ) ;
#3517 = DIRECTION ( 'NONE',  ( 1.000000000000000000, 0.0000000000000000000, -1.355298456929802892E-15 ) ) ;
#3518 = LINE ( 'NONE', #4945, #2440 ) ;
#3519 = CARTESIAN_POINT ( 'NONE',  ( 0.03796746881030733239, 0.0000000000000000000, -0.05000000000000019013 ) ) ;
#3520 = ORIENTED_EDGE ( 'NONE', *, *, #2427, .T. ) ;
#3521 = DIRECTION ( 'NONE',  ( -1.000000000000000000, 3.430248998885771698E-15, -3.267760757971808176E-15 ) ) ;
#3522 = ORIENTED_EDGE ( 'NONE', *, *, #4183, .T. ) ;
#3523 = AXIS2_PLACEMENT_3D ( 'NONE', #629, #1039, #4364 ) ;
#3524 = VECTOR ( 'NONE', #5056, 39.37007874015748143 ) ;
#3525 = CIRCLE ( 'NONE', #3236, 0.02949999999999814229 ) ;
#3526 = DIRECTION ( 'NONE',  ( 1.000000000000000000, -0.0000000000000000000, 0.0000000000000000000 ) ) ;
#3527 = DIRECTION ( 'NONE',  ( 1.000000000000000000, -0.0000000000000000000, -0.0000000000000000000 ) ) ;
#3528 = EDGE_CURVE ( 'NONE', #2479, #5760, #5734, .T. ) ;
#3529 = VERTEX_POINT ( 'NONE', #3938 ) ;
#3530 = CONTEXT_DEPENDENT_SHAPE_REPRESENTATION ( #3360, #1594 ) ;
#3531 = DIRECTION ( 'NONE',  ( 0.0000000000000000000, 1.224646799147353207E-16, -1.000000000000000000 ) ) ;
#3532 = DIRECTION ( 'NONE',  ( 1.000000000000000000, 0.0000000000000000000, 0.0000000000000000000 ) ) ;
#3533 = LINE ( 'NONE', #5412, #3126 ) ;
#3534 = CARTESIAN_POINT ( 'NONE',  ( 0.08166846881030738470, 0.0000000000000000000, -0.01574999999999998623 ) ) ;
#3535 = ORIENTED_EDGE ( 'NONE', *, *, #5871, .T. ) ;
#3536 = LINE ( 'NONE', #4903, #4467 ) ;
#3537 = ORIENTED_EDGE ( 'NONE', *, *, #405, .F. ) ;
#3538 = EDGE_CURVE ( 'NONE', #4132, #4824, #4351, .T. ) ;
#3539 = DIRECTION ( 'NONE',  ( -0.0000000000000000000, 1.000000000000000000, -0.0000000000000000000 ) ) ;
#3540 = ORIENTED_EDGE ( 'NONE', *, *, #3205, .F. ) ;
#3541 = ORIENTED_EDGE ( 'NONE', *, *, #5069, .F. ) ;
#3542 = EDGE_CURVE ( 'NONE', #3809, #4184, #4826, .T. ) ;
#3543 = CARTESIAN_POINT ( 'NONE',  ( 0.4942664688103074466, -0.1531900000000000206, -0.01574999999999996542 ) ) ;
#3544 = DIRECTION ( 'NONE',  ( -0.0000000000000000000, 1.000000000000000000, -0.0000000000000000000 ) ) ;
#3545 = CARTESIAN_POINT ( 'NONE',  ( 0.2816684688103074374, -0.2760000000000000231, -0.08424999999999954747 ) ) ;
#3546 = ORIENTED_EDGE ( 'NONE', *, *, #4858, .T. ) ;
#3547 = CARTESIAN_POINT ( 'NONE',  ( 0.3999990000000001600, -0.1650000000000000078, 0.0000000000000000000 ) ) ;
#3548 = ORIENTED_EDGE ( 'NONE', *, *, #4847, .T. ) ;
#3549 = EDGE_CURVE ( 'NONE', #3297, #2582, #1975, .T. ) ;
#3550 = LINE ( 'NONE', #5827, #5535 ) ;
#3551 = CARTESIAN_POINT ( 'NONE',  ( 0.3254599987801168326, -0.1650000000000000078, -0.2047942227203294052 ) ) ;
#3552 = DIRECTION ( 'NONE',  ( 0.7071067811865476838, 0.0000000000000000000, 0.7071067811865473507 ) ) ;
#3553 = VERTEX_POINT ( 'NONE', #2547 ) ;
#3554 = DIRECTION ( 'NONE',  ( -0.0000000000000000000, 1.000000000000000000, -0.0000000000000000000 ) ) ;
#3555 = DIRECTION ( 'NONE',  ( -0.0000000000000000000, 1.000000000000000000, -0.0000000000000000000 ) ) ;
#3556 = LINE ( 'NONE', #2705, #5337 ) ;
#3557 = CARTESIAN_POINT ( 'NONE',  ( -0.005732531189691705831, -0.1650000000000000078, -0.08425000000000165690 ) ) ;
#3558 = ORIENTED_EDGE ( 'NONE', *, *, #3618, .F. ) ;
#3559 = EDGE_CURVE ( 'NONE', #4315, #1802, #312, .T. ) ;
#3560 = DIRECTION ( 'NONE',  ( -0.9396926207859072067, 0.0000000000000000000, -0.3420201433256721546 ) ) ;
#3561 = ORIENTED_EDGE ( 'NONE', *, *, #3528, .T. ) ;
#3562 = AXIS2_PLACEMENT_3D ( 'NONE', #4187, #54, #3803 ) ;
#3563 = CARTESIAN_POINT ( 'NONE',  ( 0.05746696881030734921, -0.03899999999999999994, -2.111326675243292448E-17 ) ) ;
#3564 = ORIENTED_EDGE ( 'NONE', *, *, #1302, .F. ) ;
#3565 = EDGE_LOOP ( 'NONE', ( #3535, #2577, #4216, #4553 ) ) ;
#3566 = PRODUCT_DEFINITION ( 'UNKNOWN', '', #4252, #220 ) ;
#3567 = VECTOR ( 'NONE', #3605, 39.37007874015748143 ) ;
#3568 = LINE ( 'NONE', #1711, #4657 ) ;
#3569 = AXIS2_PLACEMENT_3D ( 'NONE', #15, #1849, #3708 ) ;
#3570 = LINE ( 'NONE', #4437, #880 ) ;
#3571 = CARTESIAN_POINT ( 'NONE',  ( 0.3999990000000001600, 0.0000000000000000000, 0.0000000000000000000 ) ) ;
#3572 = ORIENTED_EDGE ( 'NONE', *, *, #4344, .F. ) ;
#3573 = LINE ( 'NONE', #4917, #5134 ) ;
#3574 = ORIENTED_EDGE ( 'NONE', *, *, #3293, .F. ) ;
#3575 = ADVANCED_FACE ( 'NONE', ( #3453 ), #5283, .T. ) ;
#3576 = AXIS2_PLACEMENT_3D ( 'NONE', #3146, #2364, #4114 ) ;
#3577 = CARTESIAN_POINT ( 'NONE',  ( 0.1468881722737675199, -4.391545738403566818E-16, 0.1640881722737653758 ) ) ;
#3578 = CARTESIAN_POINT ( 'NONE',  ( 0.1999990000000001211, -0.2760000000000000231, 0.0000000000000000000 ) ) ;
#3579 = DIRECTION ( 'NONE',  ( -0.0000000000000000000, -1.000000000000000000, -2.147139079527372365E-16 ) ) ;
#3580 = VERTEX_POINT ( 'NONE', #251 ) ;
#3581 = EDGE_CURVE ( 'NONE', #2139, #2953, #3568, .T. ) ;
#3582 = AXIS2_PLACEMENT_3D ( 'NONE', #3677, #5471, #5858 ) ;
#3583 = FACE_OUTER_BOUND ( 'NONE', #3244, .T. ) ;
#3584 = DIRECTION ( 'NONE',  ( 0.0000000000000000000, 0.0000000000000000000, 1.000000000000000000 ) ) ;
#3585 = CARTESIAN_POINT ( 'NONE',  ( 0.2379674688103073643, 9.184870279381501883E-17, -0.05000000000000019013 ) ) ;
#3586 = CARTESIAN_POINT ( 'NONE',  ( 0.7759349376206142734, 0.0000000000000000000, 0.0000000000000000000 ) ) ;
#3587 = DIRECTION ( 'NONE',  ( -1.000000000000000000, 3.430248998885772487E-15, -1.229766724368511581E-15 ) ) ;
#3588 = ORIENTED_EDGE ( 'NONE', *, *, #3664, .F. ) ;
#3589 = ADVANCED_FACE ( 'NONE', ( #2090, #1629 ), #5314, .F. ) ;
#3590 = VECTOR ( 'NONE', #4214, 39.37007874015748854 ) ;
#3591 = DIRECTION ( 'NONE',  ( 1.715124499442882891E-15, 3.307784318971030633E-15, -1.000000000000000000 ) ) ;
#3592 = VECTOR ( 'NONE', #694, 39.37007874015748854 ) ;
#3593 = ORIENTED_EDGE ( 'NONE', *, *, #5480, .T. ) ;
#3594 = DIRECTION ( 'NONE',  ( -1.000000000000000000, 3.430248998885770120E-15, -1.157562709179845500E-15 ) ) ;
#3595 = EDGE_LOOP ( 'NONE', ( #4174, #3860, #4248, #5010, #1035, #4968 ) ) ;
#3596 = EDGE_CURVE ( 'NONE', #1166, #4766, #4410, .T. ) ;
#3597 = VERTEX_POINT ( 'NONE', #3966 ) ;
#3598 = AXIS2_PLACEMENT_3D ( 'NONE', #3725, #5063, #955 ) ;
#3599 = CARTESIAN_POINT ( 'NONE',  ( 0.7224669688103072529, -0.03899999999999999994, 0.04999999999999998196 ) ) ;
#3600 = PLANE ( 'NONE',  #4925 ) ;
#3601 = LINE ( 'NONE', #1631, #4 ) ;
#3602 = ORIENTED_EDGE ( 'NONE', *, *, #5407, .F. ) ;
#3603 = CARTESIAN_POINT ( 'NONE',  ( -0.005732531189692643449, -0.1650000000000000078, -0.08424999999999989442 ) ) ;
#3604 = ORIENTED_EDGE ( 'NONE', *, *, #77, .F. ) ;
#3605 = DIRECTION ( 'NONE',  ( -0.0000000000000000000, 1.000000000000000000, -0.0000000000000000000 ) ) ;
#3606 = VECTOR ( 'NONE', #3299, 39.37007874015748143 ) ;
#3607 = AXIS2_PLACEMENT_3D ( 'NONE', #1799, #3263, #3292 ) ;
#3608 = ADVANCED_FACE ( 'NONE', ( #5787 ), #1662, .F. ) ;
#3609 = LINE ( 'NONE', #1883, #2843 ) ;
#3610 = CARTESIAN_POINT ( 'NONE',  ( 0.6816684688103075151, 0.0000000000000000000, -0.01574999999999998623 ) ) ;
#3611 = DIRECTION ( 'NONE',  ( -0.0000000000000000000, 1.000000000000000000, -0.0000000000000000000 ) ) ;
#3612 = VECTOR ( 'NONE', #110, 39.37007874015748143 ) ;
#3613 = VECTOR ( 'NONE', #4361, 39.37007874015748143 ) ;
#3614 = ORIENTED_EDGE ( 'NONE', *, *, #3503, .T. ) ;
#3615 = VECTOR ( 'NONE', #813, 39.37007874015748854 ) ;
#3616 = SPHERICAL_SURFACE ( 'NONE', #90, 0.02089999999999976946 ) ;
#3617 = CARTESIAN_POINT ( 'NONE',  ( 0.09999900000000011557, -0.1650000000000000078, 0.0000000000000000000 ) ) ;
#3618 = EDGE_CURVE ( 'NONE', #4615, #456, #5344, .T. ) ;
#3619 = DIRECTION ( 'NONE',  ( -0.3420201433256720991, 0.0000000000000000000, 0.9396926207859070956 ) ) ;
#3620 = CARTESIAN_POINT ( 'NONE',  ( -0.01203253118969267385, -0.1531900000000000206, -0.08975999999999990930 ) ) ;
#3621 = DIRECTION ( 'NONE',  ( 0.3420201433256720991, 2.017650748832916747E-16, -0.9396926207859070956 ) ) ;
#3622 = LINE ( 'NONE', #2254, #1182 ) ;
#3623 = ORIENTED_EDGE ( 'NONE', *, *, #762, .T. ) ;
#3624 = DIRECTION ( 'NONE',  ( -0.0000000000000000000, 1.000000000000000000, -0.0000000000000000000 ) ) ;
#3625 = ADVANCED_FACE ( 'NONE', ( #346 ), #1257, .F. ) ;
#3626 = ORIENTED_EDGE ( 'NONE', *, *, #3094, .F. ) ;
#3627 = PLANE ( 'NONE',  #416 ) ;
#3628 = VERTEX_POINT ( 'NONE', #5367 ) ;
#3629 = ORIENTED_EDGE ( 'NONE', *, *, #5182, .T. ) ;
#3630 = DIRECTION ( 'NONE',  ( 0.0000000000000000000, 0.0000000000000000000, 1.000000000000000000 ) ) ;
#3631 = CARTESIAN_POINT ( 'NONE',  ( 0.3379674688103073699, -0.03399999999999996775, -0.08740000000000071323 ) ) ;
#3632 = PLANE ( 'NONE',  #3674 ) ;
#3633 = VERTEX_POINT ( 'NONE', #3113 ) ;
#3634 = CARTESIAN_POINT ( 'NONE',  ( -0.005732531189691705831, -0.1650000000000000078, -0.08425000000000165690 ) ) ;
#3635 = ORIENTED_EDGE ( 'NONE', *, *, #2015, .T. ) ;
#3636 = LINE ( 'NONE', #45, #1147 ) ;
#3637 = CARTESIAN_POINT ( 'NONE',  ( 0.09345996962859288992, -0.1650000000000000078, -0.04814688223971973213 ) ) ;
#3638 = CARTESIAN_POINT ( 'NONE',  ( 0.6796629928195003778, -0.1650000000000000078, -0.08975999999999993706 ) ) ;
#3639 = CARTESIAN_POINT ( 'NONE',  ( 0.4379674688103074032, 0.0000000000000000000, -0.05000000000000019013 ) ) ;
#3640 = ORIENTED_EDGE ( 'NONE', *, *, #5904, .F. ) ;
#3641 = ADVANCED_FACE ( 'NONE', ( #1228 ), #3078, .F. ) ;
#3642 = DIRECTION ( 'NONE',  ( 0.0000000000000000000, -1.000000000000000000, 0.0000000000000000000 ) ) ;
#3643 = LINE ( 'NONE', #539, #3524 ) ;
#3644 = DIRECTION ( 'NONE',  ( -0.0000000000000000000, 1.000000000000000000, -0.0000000000000000000 ) ) ;
#3645 = DIRECTION ( 'NONE',  ( 0.3420201433256662704, 0.0000000000000000000, 0.9396926207859092051 ) ) ;
#3646 = CARTESIAN_POINT ( 'NONE',  ( 0.2379674688103073643, 9.184870279381501883E-17, -0.05000000000000019013 ) ) ;
#3647 = ORIENTED_EDGE ( 'NONE', *, *, #3423, .T. ) ;
#3648 = PLANE ( 'NONE',  #2317 ) ;
#3649 = ADVANCED_FACE ( 'NONE', ( #4468 ), #2231, .F. ) ;
#3650 = CARTESIAN_POINT ( 'NONE',  ( 0.2962719448011142398, -0.2760000000000000231, -0.01024000000000000084 ) ) ;
#3651 = VERTEX_POINT ( 'NONE', #5486 ) ;
#3652 = CARTESIAN_POINT ( 'NONE',  ( 0.7574669688103072840, -0.03899999999999999994, -2.111326675243292448E-17 ) ) ;
#3653 = DIMENSIONAL_EXPONENTS ( 1.000000000000000000, 0.0000000000000000000, 0.0000000000000000000, 0.0000000000000000000, 0.0000000000000000000, 0.0000000000000000000, 0.0000000000000000000 ) ;
#3654 = ORIENTED_EDGE ( 'NONE', *, *, #3538, .T. ) ;
#3655 = EDGE_LOOP ( 'NONE', ( #247, #3361, #2399, #4080 ) ) ;
#3656 = EDGE_CURVE ( 'NONE', #3529, #1984, #2660, .T. ) ;
#3657 = FACE_OUTER_BOUND ( 'NONE', #750, .T. ) ;
#3658 = DIRECTION ( 'NONE',  ( 0.0000000000000000000, 0.0000000000000000000, 1.000000000000000000 ) ) ;
#3659 = CARTESIAN_POINT ( 'NONE',  ( 0.0000000000000000000, -0.1650000000000000078, 0.0000000000000000000 ) ) ;
#3660 = ORIENTED_EDGE ( 'NONE', *, *, #4900, .F. ) ;
#3661 = DIRECTION ( 'NONE',  ( -0.0000000000000000000, 1.000000000000000000, -0.0000000000000000000 ) ) ;
#3662 = ORIENTED_EDGE ( 'NONE', *, *, #2588, .F. ) ;
#3663 = CARTESIAN_POINT ( 'NONE',  ( 0.01846696881030734927, -0.03899999999999999994, -1.633714423575824830E-17 ) ) ;
#3664 = EDGE_CURVE ( 'NONE', #4315, #2977, #489, .T. ) ;
#3665 = VECTOR ( 'NONE', #2057, 39.37007874015748143 ) ;
#3666 = VECTOR ( 'NONE', #3277, 39.37007874015748143 ) ;
#3667 = ORIENTED_EDGE ( 'NONE', *, *, #2166, .T. ) ;
#3668 = LINE ( 'NONE', #5496, #147 ) ;
#3669 = CIRCLE ( 'NONE', #4516, 0.03740000000000053004 ) ;
#3670 = FACE_OUTER_BOUND ( 'NONE', #2348, .T. ) ;
#3671 = DIRECTION ( 'NONE',  ( -0.0000000000000000000, 1.000000000000000000, -0.0000000000000000000 ) ) ;
#3672 = ORIENTED_EDGE ( 'NONE', *, *, #3881, .T. ) ;
#3673 = EDGE_CURVE ( 'NONE', #2084, #2873, #4082, .T. ) ;
#3674 = AXIS2_PLACEMENT_3D ( 'NONE', #3208, #4552, #1806 ) ;
#3675 = PRODUCT_DEFINITION_FORMATION_WITH_SPECIFIED_SOURCE ( 'ANY', '', #5872, .NOT_KNOWN. ) ;
#3676 = DIRECTION ( 'NONE',  ( 0.3420201433256662704, 0.0000000000000000000, 0.9396926207859092051 ) ) ;
#3677 = CARTESIAN_POINT ( 'NONE',  ( 0.03796746881030733239, -0.1531900000000000206, -0.05000000000000019013 ) ) ;
#3678 = DIRECTION ( 'NONE',  ( -1.000000000000000000, 3.430248998885772881E-15, -2.134256245050199144E-15 ) ) ;
#3679 = EDGE_CURVE ( 'NONE', #5024, #4142, #2156, .T. ) ;
#3680 = CARTESIAN_POINT ( 'NONE',  ( 0.2759359376206146353, 0.0000000000000000000, -9.478001694819074349E-34 ) ) ;
#3681 = CARTESIAN_POINT ( 'NONE',  ( 0.6759359376206146575, -0.1650000000000000078, -9.478001694819074349E-34 ) ) ;
#3682 = VERTEX_POINT ( 'NONE', #929 ) ;
#3683 = CARTESIAN_POINT ( 'NONE',  ( 0.0000000000000000000, 0.0000000000000000000, 0.0000000000000000000 ) ) ;
#3684 = DIRECTION ( 'NONE',  ( 0.0000000000000000000, 1.000000000000000000, 0.0000000000000000000 ) ) ;
#3685 = ORIENTED_EDGE ( 'NONE', *, *, #1797, .T. ) ;
#3686 = ADVANCED_FACE ( 'NONE', ( #4139 ), #3, .F. ) ;
#3687 = ADVANCED_FACE ( 'NONE', ( #1836 ), #1351, .F. ) ;
#3688 = AXIS2_PLACEMENT_3D ( 'NONE', #3499, #685, #2585 ) ;
#3689 = LINE ( 'NONE', #3237, #986 ) ;
#3690 = ORIENTED_EDGE ( 'NONE', *, *, #3431, .T. ) ;
#3691 = ORIENTED_EDGE ( 'NONE', *, *, #5772, .F. ) ;
#3692 = VECTOR ( 'NONE', #4181, 39.37007874015748143 ) ;
#3693 = CARTESIAN_POINT ( 'NONE',  ( 0.3379674688103073699, 0.0000000000000000000, -0.05000000000000019013 ) ) ;
#3694 = ADVANCED_FACE ( 'NONE', ( #1776 ), #5909, .F. ) ;
#3695 = CARTESIAN_POINT ( 'NONE',  ( 0.3962719448011142731, -0.1531900000000000206, -0.08975999999999990930 ) ) ;
#3696 = DIRECTION ( 'NONE',  ( -0.0000000000000000000, 1.000000000000000000, -0.0000000000000000000 ) ) ;
#3697 = VERTEX_POINT ( 'NONE', #1874 ) ;
#3698 = AXIS2_PLACEMENT_3D ( 'NONE', #279, #5458, #753 ) ;
#3699 = CARTESIAN_POINT ( 'NONE',  ( 0.1468881722737674922, -5.317725347715503173E-16, 0.1920881722737668162 ) ) ;
#3700 = VERTEX_POINT ( 'NONE', #1742 ) ;
#3701 = LINE ( 'NONE', #377, #1627 ) ;
#3702 = AXIS2_PLACEMENT_3D ( 'NONE', #5479, #1380, #1738 ) ;
#3703 = ORIENTED_EDGE ( 'NONE', *, *, #5219, .F. ) ;
#3704 = CARTESIAN_POINT ( 'NONE',  ( 0.1773881722737657984, -1.006866972962309254E-15, 0.3040881722737646120 ) ) ;
#3705 = EDGE_CURVE ( 'NONE', #5424, #1046, #1291, .T. ) ;
#3706 = ORIENTED_EDGE ( 'NONE', *, *, #4362, .T. ) ;
#3707 = SPHERICAL_SURFACE ( 'NONE', #4637, 0.01250000000000048121 ) ;
#3708 = DIRECTION ( 'NONE',  ( -1.000000000000000000, 3.430248998885772092E-15, -2.276539994720264511E-15 ) ) ;
#3709 = ORIENTED_EDGE ( 'NONE', *, *, #1527, .F. ) ;
#3710 = VECTOR ( 'NONE', #1387, 39.37007874015748143 ) ;
#3711 = VECTOR ( 'NONE', #2519, 39.37007874015748143 ) ;
#3712 = FACE_OUTER_BOUND ( 'NONE', #3004, .T. ) ;
#3713 = VECTOR ( 'NONE', #2055, 39.37007874015748143 ) ;
#3714 = DIRECTION ( 'NONE',  ( 1.000000000000000000, -0.0000000000000000000, -0.0000000000000000000 ) ) ;
#3715 = LINE ( 'NONE', #5655, #3492 ) ;
#3716 = DIRECTION ( 'NONE',  ( 0.0000000000000000000, 0.0000000000000000000, 1.000000000000000000 ) ) ;
#3717 = ORIENTED_EDGE ( 'NONE', *, *, #3775, .T. ) ;
#3718 = CARTESIAN_POINT ( 'NONE',  ( 0.6379674688103074143, 0.0000000000000000000, -0.05000000000000019013 ) ) ;
#3719 = ORIENTED_EDGE ( 'NONE', *, *, #946, .T. ) ;
#3720 = DIRECTION ( 'NONE',  ( -1.387778780781445676E-17, 1.715124499442919967E-15, -1.000000000000000222 ) ) ;
#3721 = CIRCLE ( 'NONE', #2841, 0.03155000000000051513 ) ;
#3722 = CARTESIAN_POINT ( 'NONE',  ( 0.1773881722737665756, 5.312527353592203413E-16, -0.1609118277262354679 ) ) ;
#3723 = ORIENTED_EDGE ( 'NONE', *, *, #5092, .F. ) ;
#3724 = VECTOR ( 'NONE', #4979, 39.37007874015748143 ) ;
#3725 = CARTESIAN_POINT ( 'NONE',  ( 0.1816684688103074041, -0.2760000000000000231, -0.01574999999999998623 ) ) ;
#3726 = ORIENTED_EDGE ( 'NONE', *, *, #2466, .T. ) ;
#3727 = VERTEX_POINT ( 'NONE', #4112 ) ;
#3728 = EDGE_CURVE ( 'NONE', #4258, #2884, #3241, .T. ) ;
#3729 = EDGE_CURVE ( 'NONE', #2147, #52, #398, .T. ) ;
#3730 = CARTESIAN_POINT ( 'NONE',  ( 0.1390000000000000124, -1.378416871502057176E-16, 0.03838817227376622315 ) ) ;
#3731 = DIRECTION ( 'NONE',  ( 1.000000000000000000, 0.0000000000000000000, -2.753879025871234324E-16 ) ) ;
#3732 = LINE ( 'NONE', #4522, #4155 ) ;
#3733 = ORIENTED_EDGE ( 'NONE', *, *, #2228, .T. ) ;
#3734 = CARTESIAN_POINT ( 'NONE',  ( 0.1478881722737678261, -5.660648316176549258E-16, 0.2014182992926947247 ) ) ;
#3735 = EDGE_LOOP ( 'NONE', ( #2264, #4899, #1566, #2038 ) ) ;
#3736 = PLANE ( 'NONE',  #4331 ) ;
#3737 = EDGE_CURVE ( 'NONE', #113, #1905, #5810, .T. ) ;
#3738 = ADVANCED_FACE ( 'NONE', ( #3268 ), #1804, .F. ) ;
#3739 = LINE ( 'NONE', #843, #2745 ) ;
#3740 = LINE ( 'NONE', #5049, #4737 ) ;
#3741 = LINE ( 'NONE', #5532, #3666 ) ;
#3742 = VERTEX_POINT ( 'NONE', #3206 ) ;
#3743 = EDGE_CURVE ( 'NONE', #5663, #1505, #2750, .T. ) ;
#3744 = PLANE ( 'NONE',  #2019 ) ;
#3745 = LINE ( 'NONE', #3189, #2072 ) ;
#3746 = FACE_OUTER_BOUND ( 'NONE', #747, .T. ) ;
#3747 = DIRECTION ( 'NONE',  ( 0.3420201433256639389, 0.0000000000000000000, -0.9396926207859100932 ) ) ;
#3748 = ORIENTED_EDGE ( 'NONE', *, *, #5271, .T. ) ;
#3749 = VERTEX_POINT ( 'NONE', #2716 ) ;
#3750 = DIRECTION ( 'NONE',  ( 3.307784318971019195E-15, -1.000000000000000000, -1.715124499442920756E-15 ) ) ;
#3751 = EDGE_CURVE ( 'NONE', #1514, #896, #5139, .T. ) ;
#3752 = PLANE ( 'NONE',  #5621 ) ;
#3753 = ORIENTED_EDGE ( 'NONE', *, *, #1081, .T. ) ;
#3754 = DIRECTION ( 'NONE',  ( -0.0000000000000000000, 1.000000000000000000, -0.0000000000000000000 ) ) ;
#3755 = ORIENTED_EDGE ( 'NONE', *, *, #1811, .T. ) ;
#3756 = ORIENTED_EDGE ( 'NONE', *, *, #5069, .T. ) ;
#3757 = CARTESIAN_POINT ( 'NONE',  ( 0.05746696881030735615, -0.03899999999999999994, 0.04599999999999995759 ) ) ;
#3758 = DIRECTION ( 'NONE',  ( 1.000000000000000000, 0.0000000000000000000, -0.0000000000000000000 ) ) ;
#3759 = CARTESIAN_POINT ( 'NONE',  ( 0.3816684688103073597, 0.0000000000000000000, -0.08424999999999954747 ) ) ;
#3760 = ADVANCED_FACE ( 'NONE', ( #3657 ), #5036, .F. ) ;
#3761 = ORIENTED_EDGE ( 'NONE', *, *, #4858, .F. ) ;
#3762 = ORIENTED_EDGE ( 'NONE', *, *, #3310, .F. ) ;
#3763 = CARTESIAN_POINT ( 'NONE',  ( 0.6999990000000000379, 0.0000000000000000000, -0.09999999999999989453 ) ) ;
#3764 = DIRECTION ( 'NONE',  ( 0.0000000000000000000, -0.0000000000000000000, 1.000000000000000000 ) ) ;
#3765 = CARTESIAN_POINT ( 'NONE',  ( 0.1942664688103074300, 0.0000000000000000000, -0.08424999999999957523 ) ) ;
#3766 = CARTESIAN_POINT ( 'NONE',  ( 0.7759349376206153837, -0.1650000000000000078, -0.09999999999999974187 ) ) ;
#3767 = EDGE_CURVE ( 'NONE', #276, #5817, #1561, .T. ) ;
#3768 = ORIENTED_EDGE ( 'NONE', *, *, #4251, .T. ) ;
#3769 = AXIS2_PLACEMENT_3D ( 'NONE', #2733, #1852, #2701 ) ;
#3770 = CARTESIAN_POINT ( 'NONE',  ( 0.3942664688103074133, 0.0000000000000000000, -0.01574999999999998623 ) ) ;
#3771 = STYLED_ITEM ( 'NONE', ( #890 ), #5711 ) ;
#3772 = CARTESIAN_POINT ( 'NONE',  ( 0.6816684688103075151, 0.0000000000000000000, -0.01574999999999998623 ) ) ;
#3773 = LINE ( 'NONE', #506, #115 ) ;
#3774 = CARTESIAN_POINT ( 'NONE',  ( 0.2999990000000001267, -0.2760000000000000231, 0.0000000000000000000 ) ) ;
#3775 = EDGE_CURVE ( 'NONE', #806, #2722, #2417, .T. ) ;
#3776 = VERTEX_POINT ( 'NONE', #2450 ) ;
#3777 = AXIS2_PLACEMENT_3D ( 'NONE', #5268, #1131, #4806 ) ;
#3778 = ORIENTED_EDGE ( 'NONE', *, *, #71, .F. ) ;
#3779 = VECTOR ( 'NONE', #3485, 39.37007874015748143 ) ;
#3780 = CARTESIAN_POINT ( 'NONE',  ( 0.01250000000000048121, -7.363184045423209410E-16, 0.0000000000000000000 ) ) ;
#3781 = CARTESIAN_POINT ( 'NONE',  ( 0.1379674688103073310, -0.03399999999999996775, -0.08155000000000069138 ) ) ;
#3782 = EDGE_CURVE ( 'NONE', #5933, #1438, #1901, .T. ) ;
#3783 = CARTESIAN_POINT ( 'NONE',  ( 0.7759349376206153837, -0.1650000000000000078, -0.09999999999999974187 ) ) ;
#3784 = VERTEX_POINT ( 'NONE', #4643 ) ;
#3785 = VERTEX_POINT ( 'NONE', #154 ) ;
#3786 = AXIS2_PLACEMENT_3D ( 'NONE', #5775, #2984, #743 ) ;
#3787 = CARTESIAN_POINT ( 'NONE',  ( -0.01203253118969267385, -0.1650000000000000078, -0.08975999999999990930 ) ) ;
#3788 = EDGE_CURVE ( 'NONE', #1431, #666, #4261, .T. ) ;
#3789 = CARTESIAN_POINT ( 'NONE',  ( 0.4796629928195004777, -0.2760000000000000231, -0.08975999999999990930 ) ) ;
#3790 = DIRECTION ( 'NONE',  ( 1.000000000000000000, 0.0000000000000000000, -1.355298456929802892E-15 ) ) ;
#3791 = EDGE_LOOP ( 'NONE', ( #4696, #5370, #1686, #1586 ) ) ;
#3792 = ORIENTED_EDGE ( 'NONE', *, *, #5456, .T. ) ;
#3793 = LINE ( 'NONE', #3879, #3869 ) ;
#3794 = VECTOR ( 'NONE', #3828, 39.37007874015748143 ) ;
#3795 = CARTESIAN_POINT ( 'NONE',  ( 0.4379674688103074032, 9.184870279381501883E-17, -0.05000000000000019013 ) ) ;
#3796 = AXIS2_PLACEMENT_3D ( 'NONE', #1562, #3421, #5251 ) ;
#3797 = DIRECTION ( 'NONE',  ( 0.0000000000000000000, -1.000000000000000000, 0.0000000000000000000 ) ) ;
#3798 = CARTESIAN_POINT ( 'NONE',  ( 0.3379674688103073699, 0.0000000000000000000, -0.08155000000000069138 ) ) ;
#3799 = EDGE_LOOP ( 'NONE', ( #2183, #3326 ) ) ;
#3800 = EDGE_LOOP ( 'NONE', ( #2932, #4603, #1178, #4639 ) ) ;
#3801 = VECTOR ( 'NONE', #4844, 39.37007874015748143 ) ;
#3802 = EDGE_CURVE ( 'NONE', #5086, #318, #4230, .T. ) ;
#3803 = DIRECTION ( 'NONE',  ( 1.000000000000000000, 0.0000000000000000000, -0.0000000000000000000 ) ) ;
#3804 = CARTESIAN_POINT ( 'NONE',  ( 0.6379674688103074143, -0.1531900000000000206, -0.05000000000000019013 ) ) ;
#3805 = DIRECTION ( 'NONE',  ( 0.0000000000000000000, -0.0000000000000000000, -1.000000000000000000 ) ) ;
#3806 = FACE_OUTER_BOUND ( 'NONE', #1781, .T. ) ;
#3807 = AXIS2_PLACEMENT_3D ( 'NONE', #2315, #3103, #2286 ) ;
#3808 = ORIENTED_EDGE ( 'NONE', *, *, #367, .T. ) ;
#3809 = VERTEX_POINT ( 'NONE', #123 ) ;
#3810 = SURFACE_SIDE_STYLE ('',( #2350 ) ) ;
#3811 = AXIS2_PLACEMENT_3D ( 'NONE', #3483, #4436, #1174 ) ;
#3812 = EDGE_CURVE ( 'NONE', #4456, #1746, #3386, .T. ) ;
#3813 = AXIS2_PLACEMENT_3D ( 'NONE', #5747, #1075, #1554 ) ;
#3814 = CARTESIAN_POINT ( 'NONE',  ( 0.6379674688103074143, -0.03399999999999996775, -0.01844999999999967846 ) ) ;
#3815 = ORIENTED_EDGE ( 'NONE', *, *, #1217, .T. ) ;
#3816 = AXIS2_PLACEMENT_3D ( 'NONE', #3346, #3009, #4780 ) ;
#3817 = EDGE_LOOP ( 'NONE', ( #5091, #569 ) ) ;
#3818 = EDGE_CURVE ( 'NONE', #1027, #5249, #327, .T. ) ;
#3819 = VECTOR ( 'NONE', #2821, 39.37007874015748143 ) ;
#3820 = ORIENTED_EDGE ( 'NONE', *, *, #1581, .F. ) ;
#3821 = DIRECTION ( 'NONE',  ( -0.0000000000000000000, 1.000000000000000000, -0.0000000000000000000 ) ) ;
#3822 = CARTESIAN_POINT ( 'NONE',  ( 0.7184669688103072493, -0.03899999999999999994, -1.633714423575824830E-17 ) ) ;
#3823 = DIRECTION ( 'NONE',  ( -0.0000000000000000000, 1.000000000000000000, -0.0000000000000000000 ) ) ;
#3824 = VERTEX_POINT ( 'NONE', #5693 ) ;
#3825 = ORIENTED_EDGE ( 'NONE', *, *, #4465, .T. ) ;
#3826 = CARTESIAN_POINT ( 'NONE',  ( 0.2816684688103074374, 0.0000000000000000000, -0.01574999999999998623 ) ) ;
#3827 = DIRECTION ( 'NONE',  ( -0.0000000000000000000, 1.000000000000000000, 0.0000000000000000000 ) ) ;
#3828 = DIRECTION ( 'NONE',  ( -0.0000000000000000000, 1.000000000000000000, -0.0000000000000000000 ) ) ;
#3829 = DIRECTION ( 'NONE',  ( 1.000000000000000000, -0.0000000000000000000, -0.0000000000000000000 ) ) ;
#3830 = ORIENTED_EDGE ( 'NONE', *, *, #3946, .T. ) ;
#3831 = CARTESIAN_POINT ( 'NONE',  ( 0.1488555544682191312, -0.1650000000000000078, -0.1405154617516753413 ) ) ;
#3832 = ORIENTED_EDGE ( 'NONE', *, *, #551, .T. ) ;
#3833 = PLANE ( 'NONE',  #951 ) ;
#3834 = CARTESIAN_POINT ( 'NONE',  ( 0.1816684688103074041, -0.1531900000000000206, -0.01574999999999998623 ) ) ;
#3835 = CARTESIAN_POINT ( 'NONE',  ( 0.3942664688103074133, -0.1531900000000000206, -0.08424999999999957523 ) ) ;
#3836 = CARTESIAN_POINT ( 'NONE',  ( 0.4379674688103074032, -0.03399999999999996775, -0.05000000000000019013 ) ) ;
#3837 = ORIENTED_EDGE ( 'NONE', *, *, #3184, .F. ) ;
#3838 = EDGE_CURVE ( 'NONE', #4292, #3185, #4938, .T. ) ;
#3839 = DIRECTION ( 'NONE',  ( 1.000000000000000000, -0.0000000000000000000, -0.0000000000000000000 ) ) ;
#3840 = ORIENTED_EDGE ( 'NONE', *, *, #4743, .F. ) ;
#3841 = DIRECTION ( 'NONE',  ( -0.0000000000000000000, 1.000000000000000000, -0.0000000000000000000 ) ) ;
#3842 = EDGE_CURVE ( 'NONE', #276, #1787, #5664, .T. ) ;
#3843 = VERTEX_POINT ( 'NONE', #1531 ) ;
#3844 = ORIENTED_EDGE ( 'NONE', *, *, #112, .F. ) ;
#3845 = ORIENTED_EDGE ( 'NONE', *, *, #4816, .T. ) ;
#3846 = CARTESIAN_POINT ( 'NONE',  ( 0.1773881722737660205, -5.437771683063675530E-16, 0.1640881722737654591 ) ) ;
#3847 = CARTESIAN_POINT ( 'NONE',  ( 0.6379674688103074143, -0.1531900000000000206, -0.08155000000000069138 ) ) ;
#3848 = DIRECTION ( 'NONE',  ( -0.0000000000000000000, 1.000000000000000000, -0.0000000000000000000 ) ) ;
#3849 = EDGE_CURVE ( 'NONE', #1904, #5074, #1928, .T. ) ;
#3850 = VERTEX_POINT ( 'NONE', #4674 ) ;
#3851 = VERTEX_POINT ( 'NONE', #552 ) ;
#3852 = LINE ( 'NONE', #2089, #2411 ) ;
#3853 = UNCERTAINTY_MEASURE_WITH_UNIT (LENGTH_MEASURE( 1.000000000000000082E-05 ), #1670, 'distance_accuracy_value', 'NONE');
#3854 = CARTESIAN_POINT ( 'NONE',  ( -0.01203253118969267385, -0.1531900000000000206, -0.01024000000000000084 ) ) ;
#3855 = LINE ( 'NONE', #3484, #4356 ) ;
#3856 = FACE_OUTER_BOUND ( 'NONE', #981, .T. ) ;
#3857 = ADVANCED_FACE ( 'NONE', ( #994 ), #2844, .F. ) ;
#3858 = EDGE_LOOP ( 'NONE', ( #4905, #4047, #1260, #3436 ) ) ;
#3859 = CARTESIAN_POINT ( 'NONE',  ( 0.4942664688103074466, -0.2760000000000000231, -0.01574999999999998623 ) ) ;
#3860 = ORIENTED_EDGE ( 'NONE', *, *, #5771, .T. ) ;
#3861 = DIRECTION ( 'NONE',  ( -0.3420201433256639389, -2.017650748832923650E-16, 0.9396926207859100932 ) ) ;
#3862 = DIRECTION ( 'NONE',  ( -1.000000000000000000, 0.0000000000000000000, -0.0000000000000000000 ) ) ;
#3863 = DIRECTION ( 'NONE',  ( 0.0000000000000000000, 0.0000000000000000000, 1.000000000000000000 ) ) ;
#3864 = ORIENTED_EDGE ( 'NONE', *, *, #4633, .T. ) ;
#3865 = VECTOR ( 'NONE', #5363, 39.37007874015748854 ) ;
#3866 = FACE_BOUND ( 'NONE', #4566, .T. ) ;
#3867 = CIRCLE ( 'NONE', #4338, 0.02089999999999871128 ) ;
#3868 = CARTESIAN_POINT ( 'NONE',  ( 0.7379674688103073921, -0.1531900000000000206, -0.08155000000000069138 ) ) ;
#3869 = VECTOR ( 'NONE', #4650, 39.37007874015748854 ) ;
#3870 = DIRECTION ( 'NONE',  ( 0.0000000000000000000, -1.000000000000000000, 0.0000000000000000000 ) ) ;
#3871 = VECTOR ( 'NONE', #4765, 39.37007874015748854 ) ;
#3872 = EDGE_CURVE ( 'NONE', #3054, #158, #4698, .T. ) ;
#3873 = ORIENTED_EDGE ( 'NONE', *, *, #311, .T. ) ;
#3874 = DIRECTION ( 'NONE',  ( -0.0000000000000000000, 1.000000000000000000, -0.0000000000000000000 ) ) ;
#3875 = DIRECTION ( 'NONE',  ( 0.3420201433256720991, 2.017650748832916747E-16, -0.9396926207859070956 ) ) ;
#3876 = FACE_OUTER_BOUND ( 'NONE', #1967, .T. ) ;
#3877 = ORIENTED_EDGE ( 'NONE', *, *, #1872, .F. ) ;
#3878 = ORIENTED_EDGE ( 'NONE', *, *, #3151, .T. ) ;
#3879 = CARTESIAN_POINT ( 'NONE',  ( 0.1816684688103074041, 0.0000000000000000000, -0.08424999999999954747 ) ) ;
#3880 = VECTOR ( 'NONE', #1405, 39.37007874015748143 ) ;
#3881 = EDGE_CURVE ( 'NONE', #575, #4587, #1474, .T. ) ;
#3882 = LINE ( 'NONE', #5703, #2651 ) ;
#3883 = FACE_OUTER_BOUND ( 'NONE', #2463, .T. ) ;
#3884 = DIRECTION ( 'NONE',  ( 0.9396926207859100932, 0.0000000000000000000, 0.3420201433256639389 ) ) ;
#3885 = ORIENTED_EDGE ( 'NONE', *, *, #4783, .F. ) ;
#3886 = AXIS2_PLACEMENT_3D ( 'NONE', #3338, #1006, #3276 ) ;
#3887 = DIRECTION ( 'NONE',  ( 0.0000000000000000000, 0.0000000000000000000, 1.000000000000000000 ) ) ;
#3888 = ORIENTED_EDGE ( 'NONE', *, *, #1953, .F. ) ;
#3889 = EDGE_CURVE ( 'NONE', #4591, #2914, #5235, .T. ) ;
#3890 = VECTOR ( 'NONE', #2990, 39.37007874015748143 ) ;
#3891 = LINE ( 'NONE', #2098, #2224 ) ;
#3892 = FACE_BOUND ( 'NONE', #5830, .T. ) ;
#3893 = ORIENTED_EDGE ( 'NONE', *, *, #2420, .T. ) ;
#3894 = VECTOR ( 'NONE', #988, 39.37007874015748143 ) ;
#3895 = ITEM_DEFINED_TRANSFORMATION ( 'NONE', 'NONE', #5485,  #585 ) ;
#3896 = LINE ( 'NONE', #4255, #4659 ) ;
#3897 = LINE ( 'NONE', #5804, #1645 ) ;
#3898 = CARTESIAN_POINT ( 'NONE',  ( 0.5379674688103074365, 0.0000000000000000000, -0.08155000000000069138 ) ) ;
#3899 = VERTEX_POINT ( 'NONE', #1501 ) ;
#3900 = AXIS2_PLACEMENT_3D ( 'NONE', #5184, #1050, #4317 ) ;
#3901 = AXIS2_PLACEMENT_3D ( 'NONE', #2678, #3105, #1249 ) ;
#3902 = VERTEX_POINT ( 'NONE', #3355 ) ;
#3903 = VECTOR ( 'NONE', #1406, 39.37007874015748854 ) ;
#3904 = CARTESIAN_POINT ( 'NONE',  ( 0.02246696881030735629, 0.0000000000000000000, 0.04999999999999998196 ) ) ;
#3905 = DIRECTION ( 'NONE',  ( 0.3420201433256664370, 0.0000000000000000000, 0.9396926207859092051 ) ) ;
#3906 = ORIENTED_EDGE ( 'NONE', *, *, #4704, .F. ) ;
#3907 = ORIENTED_EDGE ( 'NONE', *, *, #1205, .T. ) ;
#3908 = DIRECTION ( 'NONE',  ( 1.715124499442882891E-15, 3.307784318971030633E-15, -1.000000000000000000 ) ) ;
#3909 = VECTOR ( 'NONE', #4180, 39.37007874015748143 ) ;
#3910 = DIRECTION ( 'NONE',  ( 0.0000000000000000000, 0.0000000000000000000, 1.000000000000000000 ) ) ;
#3911 = LINE ( 'NONE', #1509, #2918 ) ;
#3912 = CARTESIAN_POINT ( 'NONE',  ( 0.6942664688103074022, -0.1531900000000000206, -0.01574999999999996542 ) ) ;
#3913 = AXIS2_PLACEMENT_3D ( 'NONE', #3090, #3039, #5850 ) ;
#3914 = EDGE_LOOP ( 'NONE', ( #165, #5302, #2274, #5505, #453, #906 ) ) ;
#3915 = DIRECTION ( 'NONE',  ( -1.000000000000000000, 0.0000000000000000000, -0.0000000000000000000 ) ) ;
#3916 = ORIENTED_EDGE ( 'NONE', *, *, #1274, .T. ) ;
#3917 = ADVANCED_FACE ( 'NONE', ( #1084 ), #2937, .T. ) ;
#3918 = ORIENTED_EDGE ( 'NONE', *, *, #661, .T. ) ;
#3919 = EDGE_CURVE ( 'NONE', #637, #1055, #179, .T. ) ;
#3920 =( NAMED_UNIT ( * ) PLANE_ANGLE_UNIT ( ) SI_UNIT ( $, .RADIAN. ) );
#3921 = CARTESIAN_POINT ( 'NONE',  ( 0.1942664688103074300, -0.1531900000000000206, -0.01574999999999996542 ) ) ;
#3922 = DIRECTION ( 'NONE',  ( 1.000000000000000000, -3.430248998885771698E-15, 1.715124499442871452E-15 ) ) ;
#3923 = PRODUCT_DEFINITION_SHAPE ( 'NONE', 'NONE',  #545 ) ;
#3924 = EDGE_LOOP ( 'NONE', ( #3352, #315, #656, #472, #2595, #2316 ) ) ;
#3925 = EDGE_CURVE ( 'NONE', #2974, #5779, #5445, .T. ) ;
#3926 = DIRECTION ( 'NONE',  ( 3.307784318971019195E-15, -1.000000000000000000, -1.715124499442920756E-15 ) ) ;
#3927 = DIRECTION ( 'NONE',  ( 0.0000000000000000000, 0.0000000000000000000, 1.000000000000000000 ) ) ;
#3928 = DIRECTION ( 'NONE',  ( -0.3420201433256720991, 0.0000000000000000000, 0.9396926207859070956 ) ) ;
#3929 = PLANE ( 'NONE',  #3018 ) ;
#3930 = ADVANCED_FACE ( 'NONE', ( #1245 ), #3320, .T. ) ;
#3931 = ORIENTED_EDGE ( 'NONE', *, *, #5330, .F. ) ;
#3932 = CARTESIAN_POINT ( 'NONE',  ( 0.0000000000000000000, 0.0000000000000000000, 0.0000000000000000000 ) ) ;
#3933 = CARTESIAN_POINT ( 'NONE',  ( -0.01203253118969267385, -0.1531900000000000206, -0.01024000000000000084 ) ) ;
#3934 = ORIENTED_EDGE ( 'NONE', *, *, #5190, .F. ) ;
#3935 = ORIENTED_EDGE ( 'NONE', *, *, #1511, .T. ) ;
#3936 = CARTESIAN_POINT ( 'NONE',  ( 0.5379674688103074365, -0.03399999999999996775, -0.01259999999999966529 ) ) ;
#3937 = EDGE_CURVE ( 'NONE', #1065, #937, #2965, .T. ) ;
#3938 = CARTESIAN_POINT ( 'NONE',  ( 0.09426646881030741054, 0.0000000000000000000, -0.01574999999999998623 ) ) ;
#3939 = LINE ( 'NONE', #3396, #3794 ) ;
#3940 = DIRECTION ( 'NONE',  ( 0.0000000000000000000, -1.000000000000000000, 0.0000000000000000000 ) ) ;
#3941 = EDGE_LOOP ( 'NONE', ( #4646, #3163, #2299, #5887 ) ) ;
#3942 = FACE_OUTER_BOUND ( 'NONE', #1625, .T. ) ;
#3943 = ORIENTED_EDGE ( 'NONE', *, *, #517, .T. ) ;
#3944 = ORIENTED_EDGE ( 'NONE', *, *, #2001, .F. ) ;
#3945 = DIRECTION ( 'NONE',  ( 1.715124499442882891E-15, 3.307784318971030633E-15, -1.000000000000000000 ) ) ;
#3946 = EDGE_CURVE ( 'NONE', #5933, #1049, #138, .T. ) ;
#3947 = CARTESIAN_POINT ( 'NONE',  ( 0.4379674688103074032, 0.0000000000000000000, -0.05000000000000019013 ) ) ;
#3948 = DIRECTION ( 'NONE',  ( -1.000000000000000000, 0.0000000000000000000, -1.980403796674357815E-16 ) ) ;
#3949 = ORIENTED_EDGE ( 'NONE', *, *, #3233, .T. ) ;
#3950 = EDGE_CURVE ( 'NONE', #1181, #5574, #3070, .T. ) ;
#3951 = CARTESIAN_POINT ( 'NONE',  ( 0.4379674688103074032, -0.03399999999999996775, -0.08740000000000071323 ) ) ;
#3952 = EDGE_CURVE ( 'NONE', #3075, #1250, #2186, .T. ) ;
#3953 = CARTESIAN_POINT ( 'NONE',  ( 0.7759349376206153837, -0.1650000000000000078, -0.09999999999999974187 ) ) ;
#3954 = CARTESIAN_POINT ( 'NONE',  ( 0.7816674688103073532, -0.1650000000000000078, -0.08424999999999951972 ) ) ;
#3955 = EDGE_LOOP ( 'NONE', ( #4799, #394 ) ) ;
#3956 = VECTOR ( 'NONE', #4556, 39.37007874015748143 ) ;
#3957 = ORIENTED_EDGE ( 'NONE', *, *, #4167, .T. ) ;
#3958 = PLANE ( 'NONE',  #4739 ) ;
#3959 = CARTESIAN_POINT ( 'NONE',  ( 0.6999990000000000379, -0.1650000000000000078, -0.09999999999999989453 ) ) ;
#3960 = VERTEX_POINT ( 'NONE', #415 ) ;
#3961 = VECTOR ( 'NONE', #534, 39.37007874015748143 ) ;
#3962 = VERTEX_POINT ( 'NONE', #4039 ) ;
#3963 = LINE ( 'NONE', #5060, #4933 ) ;
#3964 = EDGE_CURVE ( 'NONE', #5779, #5047, #3159, .T. ) ;
#3965 = AXIS2_PLACEMENT_3D ( 'NONE', #4708, #590, #162 ) ;
#3966 = CARTESIAN_POINT ( 'NONE',  ( 0.1942664688103074300, -0.1531900000000000206, -0.08424999999999957523 ) ) ;
#3967 = CARTESIAN_POINT ( 'NONE',  ( 0.2816684688103074374, -0.2760000000000000231, -0.08424999999999954747 ) ) ;
#3968 = DIRECTION ( 'NONE',  ( -0.9396926207859093161, 0.0000000000000000000, 0.3420201433256663259 ) ) ;
#3969 = ORIENTED_EDGE ( 'NONE', *, *, #4465, .F. ) ;
#3970 = DIRECTION ( 'NONE',  ( 0.0000000000000000000, 1.000000000000000000, 0.0000000000000000000 ) ) ;
#3971 = ORIENTED_EDGE ( 'NONE', *, *, #1522, .T. ) ;
#3972 = CARTESIAN_POINT ( 'NONE',  ( 0.6816684688103075151, 0.0000000000000000000, -0.08424999999999954747 ) ) ;
#3973 = VECTOR ( 'NONE', #3257, 39.37007874015748143 ) ;
#3974 = CARTESIAN_POINT ( 'NONE',  ( 0.0000000000000000000, -0.1650000000000000078, 0.0000000000000000000 ) ) ;
#3975 = LINE ( 'NONE', #1268, #1927 ) ;
#3976 = VERTEX_POINT ( 'NONE', #850 ) ;
#3977 = EDGE_CURVE ( 'NONE', #3850, #1939, #3556, .T. ) ;
#3978 = VECTOR ( 'NONE', #5224, 39.37007874015748143 ) ;
#3979 = EDGE_CURVE ( 'NONE', #3651, #2553, #799, .T. ) ;
#3980 = DIRECTION ( 'NONE',  ( 0.0000000000000000000, 1.000000000000000000, 0.0000000000000000000 ) ) ;
#3981 = DIRECTION ( 'NONE',  ( -1.000000000000000000, 0.0000000000000000000, -0.0000000000000000000 ) ) ;
#3982 = LINE ( 'NONE', #1730, #1868 ) ;
#3983 = VECTOR ( 'NONE', #3357, 39.37007874015748143 ) ;
#3984 = FACE_OUTER_BOUND ( 'NONE', #4397, .T. ) ;
#3985 = ORIENTED_EDGE ( 'NONE', *, *, #794, .T. ) ;
#3986 = ADVANCED_FACE ( 'NONE', ( #4788 ), #5805, .T. ) ;
#3987 = CIRCLE ( 'NONE', #513, 0.03740000000000053698 ) ;
#3988 = FACE_OUTER_BOUND ( 'NONE', #2193, .T. ) ;
#3989 = EDGE_LOOP ( 'NONE', ( #697, #4169, #5490, #2642 ) ) ;
#3990 = ADVANCED_BREP_SHAPE_REPRESENTATION ( '', ( #3197, #585 ), #2 ) ;
#3991 = PLANE ( 'NONE',  #5576 ) ;
#3992 = ORIENTED_EDGE ( 'NONE', *, *, #4124, .T. ) ;
#3993 = VECTOR ( 'NONE', #5170, 39.37007874015748143 ) ;
#3994 = ORIENTED_EDGE ( 'NONE', *, *, #1839, .T. ) ;
#3995 = EDGE_CURVE ( 'NONE', #52, #1994, #3533, .T. ) ;
#3996 = VECTOR ( 'NONE', #4493, 39.37007874015748143 ) ;
#3997 = VECTOR ( 'NONE', #1652, 39.37007874015748143 ) ;
#3998 = CARTESIAN_POINT ( 'NONE',  ( 0.5379674688103074365, 0.0000000000000000000, -0.01844999999999967846 ) ) ;
#3999 = DIRECTION ( 'NONE',  ( 0.3420201433256272461, -2.017650748832952000E-16, 0.9396926207859235269 ) ) ;
#4000 = PLANE ( 'NONE',  #2806 ) ;
#4001 = ORIENTED_EDGE ( 'NONE', *, *, #2685, .F. ) ;
#4002 = CYLINDRICAL_SURFACE ( 'NONE', #4368, 0.03599999999999819317 ) ;
#4003 = ORIENTED_EDGE ( 'NONE', *, *, #2666, .F. ) ;
#4004 = AXIS2_PLACEMENT_3D ( 'NONE', #738, #3945, #5765 ) ;
#4005 = DIRECTION ( 'NONE',  ( -0.3420201433256662704, 0.0000000000000000000, -0.9396926207859092051 ) ) ;
#4006 = AXIS2_PLACEMENT_3D ( 'NONE', #5843, #4859, #3910 ) ;
#4007 = LINE ( 'NONE', #2696, #5025 ) ;
#4008 = DIRECTION ( 'NONE',  ( -1.000000000000000000, 3.430248998885771698E-15, -3.267760757971808176E-15 ) ) ;
#4009 = EDGE_LOOP ( 'NONE', ( #4678, #2679, #636, #4544 ) ) ;
#4010 = ITEM_DEFINED_TRANSFORMATION ( 'NONE', 'NONE', #4625,  #585 ) ;
#4011 = LINE ( 'NONE', #824, #4377 ) ;
#4012 = DIRECTION ( 'NONE',  ( -0.3420201433256639389, -2.017650748832923650E-16, 0.9396926207859100932 ) ) ;
#4013 = DIRECTION ( 'NONE',  ( -1.000000000000000000, -2.910014281297124994E-31, 1.355298456929802892E-15 ) ) ;
#4014 = ADVANCED_FACE ( 'NONE', ( #2505 ), #5525, .T. ) ;
#4015 = FACE_OUTER_BOUND ( 'NONE', #3924, .T. ) ;
#4016 = VERTEX_POINT ( 'NONE', #768 ) ;
#4017 = CARTESIAN_POINT ( 'NONE',  ( 0.5962719448011143397, -0.2760000000000000231, -0.08975999999999990930 ) ) ;
#4018 = ORIENTED_EDGE ( 'NONE', *, *, #517, .F. ) ;
#4019 = EDGE_CURVE ( 'NONE', #634, #2110, #335, .T. ) ;
#4020 = CARTESIAN_POINT ( 'NONE',  ( 0.1379674688103073310, 0.0000000000000000000, -0.05000000000000019013 ) ) ;
#4021 = ORIENTED_EDGE ( 'NONE', *, *, #3108, .T. ) ;
#4022 = ORIENTED_EDGE ( 'NONE', *, *, #3950, .T. ) ;
#4023 = DIRECTION ( 'NONE',  ( -0.0000000000000000000, 1.000000000000000000, -0.0000000000000000000 ) ) ;
#4024 = EDGE_CURVE ( 'NONE', #2901, #4099, #5859, .T. ) ;
#4025 = LINE ( 'NONE', #3115, #1661 ) ;
#4026 = DIRECTION ( 'NONE',  ( 0.0000000000000000000, -0.0000000000000000000, -1.000000000000000000 ) ) ;
#4027 = ORIENTED_EDGE ( 'NONE', *, *, #2062, .T. ) ;
#4028 = CARTESIAN_POINT ( 'NONE',  ( -0.01203253118969264436, -0.1650000000000000078, -0.08424999999999989442 ) ) ;
#4029 = ORIENTED_EDGE ( 'NONE', *, *, #362, .T. ) ;
#4030 = PLANE ( 'NONE',  #3330 ) ;
#4031 = EDGE_CURVE ( 'NONE', #5102, #3025, #3982, .T. ) ;
#4032 = CARTESIAN_POINT ( 'NONE',  ( 0.01250000000000048121, 0.0000000000000000000, 0.0000000000000000000 ) ) ;
#4033 = CARTESIAN_POINT ( 'NONE',  ( 0.7759349376206153837, -0.1650000000000000078, -0.09999999999999974187 ) ) ;
#4034 = VERTEX_POINT ( 'NONE', #5358 ) ;
#4035 = FACE_OUTER_BOUND ( 'NONE', #1000, .T. ) ;
#4036 = CARTESIAN_POINT ( 'NONE',  ( 0.7379674688103073921, 9.184870279381501883E-17, -0.08740000000000071323 ) ) ;
#4037 = EDGE_CURVE ( 'NONE', #2977, #529, #1220, .T. ) ;
#4038 = CARTESIAN_POINT ( 'NONE',  ( 0.6816684688103075151, -0.2760000000000000231, -0.01574999999999998623 ) ) ;
#4039 = CARTESIAN_POINT ( 'NONE',  ( -0.003727055198885885143, -0.1650000000000000078, -0.01024000000000000084 ) ) ;
#4040 = DIRECTION ( 'NONE',  ( 1.000000000000000000, 0.0000000000000000000, -0.0000000000000000000 ) ) ;
#4041 = ORIENTED_EDGE ( 'NONE', *, *, #3364, .T. ) ;
#4042 = DIRECTION ( 'NONE',  ( 0.0000000000000000000, -0.0000000000000000000, -1.000000000000000000 ) ) ;
#4043 = ORIENTED_EDGE ( 'NONE', *, *, #2732, .F. ) ;
#4044 = CIRCLE ( 'NONE', #2596, 0.03155000000000051513 ) ;
#4045 = CARTESIAN_POINT ( 'NONE',  ( 0.4816684688103073930, -0.1531900000000000206, -0.01574999999999998623 ) ) ;
#4046 = ORIENTED_EDGE ( 'NONE', *, *, #4235, .F. ) ;
#4047 = ORIENTED_EDGE ( 'NONE', *, *, #4888, .T. ) ;
#4048 = EDGE_CURVE ( 'NONE', #3785, #3289, #4959, .T. ) ;
#4049 = DIRECTION ( 'NONE',  ( -0.0000000000000000000, 1.000000000000000000, -0.0000000000000000000 ) ) ;
#4050 = AXIS2_PLACEMENT_3D ( 'NONE', #2852, #4683, #2516 ) ;
#4051 = DIRECTION ( 'NONE',  ( -1.000000000000000000, 3.430248998885772881E-15, -2.134256245050199144E-15 ) ) ;
#4052 = FACE_OUTER_BOUND ( 'NONE', #2007, .T. ) ;
#4053 = ORIENTED_EDGE ( 'NONE', *, *, #454, .F. ) ;
#4054 = AXIS2_PLACEMENT_3D ( 'NONE', #5746, #2981, #4282 ) ;
#4055 = DIRECTION ( 'NONE',  ( 0.0000000000000000000, 3.369016658928398207E-15, -1.000000000000000000 ) ) ;
#4056 = ORIENTED_EDGE ( 'NONE', *, *, #2093, .F. ) ;
#4057 = CARTESIAN_POINT ( 'NONE',  ( 0.6942664688103074022, -0.2760000000000000231, -0.01574999999999998623 ) ) ;
#4058 = VECTOR ( 'NONE', #2662, 39.37007874015748143 ) ;
#4059 = FACE_OUTER_BOUND ( 'NONE', #1795, .T. ) ;
#4060 = CYLINDRICAL_SURFACE ( 'NONE', #2136, 0.02089999999999871128 ) ;
#4061 = DIRECTION ( 'NONE',  ( -1.000000000000000000, 0.0000000000000000000, -1.980403796674357815E-16 ) ) ;
#4062 = PRODUCT_DEFINITION_SHAPE ( 'NONE', 'NONE',  #5959 ) ;
#4063 = ORIENTED_EDGE ( 'NONE', *, *, #4037, .F. ) ;
#4064 = VECTOR ( 'NONE', #5301, 39.37007874015748854 ) ;
#4065 = CONTEXT_DEPENDENT_SHAPE_REPRESENTATION ( #999, #4062 ) ;
#4066 = VECTOR ( 'NONE', #4663, 39.37007874015748143 ) ;
#4067 = CARTESIAN_POINT ( 'NONE',  ( 0.6816684688103075151, 0.0000000000000000000, -0.01574999999999998623 ) ) ;
#4068 = FACE_OUTER_BOUND ( 'NONE', #5197, .T. ) ;
#4069 = CARTESIAN_POINT ( 'NONE',  ( 0.0000000000000000000, 0.0000000000000000000, 0.0000000000000000000 ) ) ;
#4070 = DIRECTION ( 'NONE',  ( -1.000000000000000000, 3.430248998885772092E-15, -1.897116662266944614E-15 ) ) ;
#4071 = LINE ( 'NONE', #5895, #788 ) ;
#4072 = DIRECTION ( 'NONE',  ( -0.0000000000000000000, 1.000000000000000000, -0.0000000000000000000 ) ) ;
#4073 = ORIENTED_EDGE ( 'NONE', *, *, #3467, .T. ) ;
#4074 = CIRCLE ( 'NONE', #4540, 0.03740000000000053698 ) ;
#4075 = LINE ( 'NONE', #2589, #4943 ) ;
#4076 = AXIS2_PLACEMENT_3D ( 'NONE', #1630, #3031, #5192 ) ;
#4077 = ORIENTED_EDGE ( 'NONE', *, *, #5085, .F. ) ;
#4078 = DIRECTION ( 'NONE',  ( -1.855874995695831977E-16, 0.0000000000000000000, -1.000000000000000000 ) ) ;
#4079 = EDGE_LOOP ( 'NONE', ( #1524, #500, #5636, #3073 ) ) ;
#4080 = ORIENTED_EDGE ( 'NONE', *, *, #780, .F. ) ;
#4081 = CIRCLE ( 'NONE', #1467, 0.02999999999999940561 ) ;
#4082 = LINE ( 'NONE', #4584, #1381 ) ;
#4083 = VECTOR ( 'NONE', #3272, 39.37007874015748143 ) ;
#4084 = DIRECTION ( 'NONE',  ( -1.000000000000000000, 3.430248998885771698E-15, -1.715124499442871452E-15 ) ) ;
#4085 = FACE_BOUND ( 'NONE', #1225, .T. ) ;
#4086 = EDGE_LOOP ( 'NONE', ( #1083, #3691, #495, #5912, #2297, #2367 ) ) ;
#4087 = LINE ( 'NONE', #2366, #2247 ) ;
#4088 = ORIENTED_EDGE ( 'NONE', *, *, #2878, .F. ) ;
#4089 = CARTESIAN_POINT ( 'NONE',  ( -0.01203253118969267385, -0.1531900000000000206, -0.01024000000000000084 ) ) ;
#4090 = VECTOR ( 'NONE', #2164, 39.37007874015748143 ) ;
#4091 = VECTOR ( 'NONE', #3050, 39.37007874015748143 ) ;
#4092 =( REPRESENTATION_RELATIONSHIP ('NONE','NONE', #5618, #2351 ) REPRESENTATION_RELATIONSHIP_WITH_TRANSFORMATION ( #2045 )SHAPE_REPRESENTATION_RELATIONSHIP( ) );
#4093 = DIRECTION ( 'NONE',  ( 1.000000000000000000, 0.0000000000000000000, 0.0000000000000000000 ) ) ;
#4094 = LINE ( 'NONE', #3551, #2046 ) ;
#4095 = DIRECTION ( 'NONE',  ( 1.715124499442882891E-15, 3.307784318971030633E-15, -1.000000000000000000 ) ) ;
#4096 = EDGE_CURVE ( 'NONE', #3507, #1998, #2071, .T. ) ;
#4097 = VECTOR ( 'NONE', #1679, 39.37007874015748143 ) ;
#4098 = VECTOR ( 'NONE', #2162, 39.37007874015748854 ) ;
#4099 = VERTEX_POINT ( 'NONE', #5893 ) ;
#4100 = VECTOR ( 'NONE', #1752, 39.37007874015748143 ) ;
#4101 = PLANE ( 'NONE',  #2692 ) ;
#4102 = CARTESIAN_POINT ( 'NONE',  ( 0.05746696881030735615, -0.03899999999999999994, 0.04599999999999995759 ) ) ;
#4103 = DIRECTION ( 'NONE',  ( 0.3420201433256720991, 2.017650748832916747E-16, -0.9396926207859070956 ) ) ;
#4104 = LINE ( 'NONE', #5928, #4930 ) ;
#4105 = CARTESIAN_POINT ( 'NONE',  ( 0.4816684688103073930, 0.0000000000000000000, -0.08424999999999954747 ) ) ;
#4106 = VERTEX_POINT ( 'NONE', #2767 ) ;
#4107 = DIRECTION ( 'NONE',  ( -0.3420201433256720991, 0.0000000000000000000, 0.9396926207859070956 ) ) ;
#4108 = ORIENTED_EDGE ( 'NONE', *, *, #325, .T. ) ;
#4109 = ADVANCED_FACE ( 'NONE', ( #3315 ), #2859, .F. ) ;
#4110 = VERTEX_POINT ( 'NONE', #3286 ) ;
#4111 = VERTEX_POINT ( 'NONE', #541 ) ;
#4112 = CARTESIAN_POINT ( 'NONE',  ( 0.4796629928195006443, -0.1531900000000000206, -0.01024000000000000084 ) ) ;
#4113 = DIRECTION ( 'NONE',  ( -0.0000000000000000000, 1.000000000000000000, -0.0000000000000000000 ) ) ;
#4114 = DIRECTION ( 'NONE',  ( 0.0000000000000000000, 0.0000000000000000000, 1.000000000000000000 ) ) ;
#4115 = ORIENTED_EDGE ( 'NONE', *, *, #2996, .F. ) ;
#4116 = DIRECTION ( 'NONE',  ( -0.0000000000000000000, 1.000000000000000000, -0.0000000000000000000 ) ) ;
#4117 = ORIENTED_EDGE ( 'NONE', *, *, #2863, .T. ) ;
#4118 = LINE ( 'NONE', #3213, #3956 ) ;
#4119 = ORIENTED_EDGE ( 'NONE', *, *, #535, .T. ) ;
#4120 = FACE_OUTER_BOUND ( 'NONE', #4358, .T. ) ;
#4121 = DIRECTION ( 'NONE',  ( 4.639687489239577477E-17, 0.0000000000000000000, 1.000000000000000000 ) ) ;
#4122 = CARTESIAN_POINT ( 'NONE',  ( 0.2073881722737654920, -4.147735798664973508E-16, 0.1160881722737654859 ) ) ;
#4123 = VERTEX_POINT ( 'NONE', #1821 ) ;
#4124 = EDGE_CURVE ( 'NONE', #5362, #3824, #5021, .T. ) ;
#4125 = EDGE_CURVE ( 'NONE', #1049, #1080, #5146, .T. ) ;
#4126 = LINE ( 'NONE', #4067, #1048 ) ;
#4127 = DIRECTION ( 'NONE',  ( -1.000000000000000000, 0.0000000000000000000, -0.0000000000000000000 ) ) ;
#4128 = CARTESIAN_POINT ( 'NONE',  ( 0.2379674688103073643, 0.0000000000000000000, -0.08740000000000071323 ) ) ;
#4129 = CARTESIAN_POINT ( 'NONE',  ( 0.4379674688103074032, 0.0000000000000000000, -0.01259999999999966182 ) ) ;
#4130 = LINE ( 'NONE', #3229, #5322 ) ;
#4131 = DIRECTION ( 'NONE',  ( 0.0000000000000000000, 0.0000000000000000000, 1.000000000000000000 ) ) ;
#4132 = VERTEX_POINT ( 'NONE', #1916 ) ;
#4133 = EDGE_CURVE ( 'NONE', #2126, #2323, #2378, .T. ) ;
#4134 = FACE_OUTER_BOUND ( 'NONE', #5072, .T. ) ;
#4135 = ORIENTED_EDGE ( 'NONE', *, *, #1386, .T. ) ;
#4136 = CARTESIAN_POINT ( 'NONE',  ( 0.1708710300999851384, -0.1650000000000000078, -0.01997156042515337709 ) ) ;
#4137 = ORIENTED_EDGE ( 'NONE', *, *, #3812, .F. ) ;
#4138 = ORIENTED_EDGE ( 'NONE', *, *, #4803, .T. ) ;
#4139 = FACE_OUTER_BOUND ( 'NONE', #5612, .T. ) ;
#4140 = CARTESIAN_POINT ( 'NONE',  ( 0.1773881722737657429, -1.016790325919227706E-15, 0.3070881722737662800 ) ) ;
#4141 = CARTESIAN_POINT ( 'NONE',  ( 0.2759359376206146353, -0.1650000000000000078, -0.09999999999999989453 ) ) ;
#4142 = VERTEX_POINT ( 'NONE', #4689 ) ;
#4143 = CARTESIAN_POINT ( 'NONE',  ( 0.4379674688103074032, -0.1531900000000000206, -0.08155000000000069138 ) ) ;
#4144 = VERTEX_POINT ( 'NONE', #2345 ) ;
#4145 = DIRECTION ( 'NONE',  ( 0.0000000000000000000, 1.000000000000000000, 0.0000000000000000000 ) ) ;
#4146 = AXIS2_PLACEMENT_3D ( 'NONE', #3022, #2655, #2138 ) ;
#4147 = ADVANCED_FACE ( 'NONE', ( #5115 ), #3228, .F. ) ;
#4148 = VECTOR ( 'NONE', #1485, 39.37007874015748143 ) ;
#4149 = ORIENTED_EDGE ( 'NONE', *, *, #4183, .F. ) ;
#4150 = LINE ( 'NONE', #4620, #4100 ) ;
#4151 = VECTOR ( 'NONE', #3392, 39.37007874015748143 ) ;
#4152 = FACE_OUTER_BOUND ( 'NONE', #1294, .T. ) ;
#4153 = LINE ( 'NONE', #4530, #487 ) ;
#4154 = EDGE_LOOP ( 'NONE', ( #2710, #4320, #5776, #1432 ) ) ;
#4155 = VECTOR ( 'NONE', #3174, 39.37007874015748143 ) ;
#4156 = FACE_OUTER_BOUND ( 'NONE', #611, .T. ) ;
#4157 = LINE ( 'NONE', #5143, #2258 ) ;
#4158 = LINE ( 'NONE', #5538, #4825 ) ;
#4159 = DIRECTION ( 'NONE',  ( -0.9396926207859093161, 0.0000000000000000000, 0.3420201433256663259 ) ) ;
#4160 = DIRECTION ( 'NONE',  ( 1.000000000000000000, -0.0000000000000000000, -0.0000000000000000000 ) ) ;
#4161 = ORIENTED_EDGE ( 'NONE', *, *, #4193, .T. ) ;
#4162 = VECTOR ( 'NONE', #4219, 39.37007874015748143 ) ;
#4163 = LINE ( 'NONE', #5598, #2157 ) ;
#4164 = ORIENTED_EDGE ( 'NONE', *, *, #3214, .T. ) ;
#4165 = AXIS2_PLACEMENT_3D ( 'NONE', #5828, #1267, #2638 ) ;
#4166 = CARTESIAN_POINT ( 'NONE',  ( 0.1999990000000001211, -0.2760000000000000231, -0.09999999999999989453 ) ) ;
#4167 = EDGE_CURVE ( 'NONE', #2812, #5204, #81, .T. ) ;
#4168 = ORIENTED_EDGE ( 'NONE', *, *, #952, .F. ) ;
#4169 = ORIENTED_EDGE ( 'NONE', *, *, #5097, .T. ) ;
#4170 = AXIS2_PLACEMENT_3D ( 'NONE', #3059, #5844, #4051 ) ;
#4171 = DIRECTION ( 'NONE',  ( -0.0000000000000000000, 1.000000000000000000, -0.0000000000000000000 ) ) ;
#4172 = CARTESIAN_POINT ( 'NONE',  ( 0.7224669688103072529, 0.0000000000000000000, 0.04999999999999998196 ) ) ;
#4173 = LINE ( 'NONE', #5430, #5205 ) ;
#4174 = ORIENTED_EDGE ( 'NONE', *, *, #3849, .T. ) ;
#4175 = VECTOR ( 'NONE', #2591, 39.37007874015748143 ) ;
#4176 = CARTESIAN_POINT ( 'NONE',  ( 0.1773881722737656597, -1.275128281230865970E-15, 0.3851881722737665603 ) ) ;
#4177 = ORIENTED_EDGE ( 'NONE', *, *, #3354, .T. ) ;
#4178 = DIRECTION ( 'NONE',  ( -1.000000000000000000, 0.0000000000000000000, -0.0000000000000000000 ) ) ;
#4179 = VECTOR ( 'NONE', #3870, 39.37007874015748143 ) ;
#4180 = DIRECTION ( 'NONE',  ( 1.000000000000000000, 0.0000000000000000000, 0.0000000000000000000 ) ) ;
#4181 = DIRECTION ( 'NONE',  ( -0.3420201433256639389, -2.017650748832923650E-16, 0.9396926207859100932 ) ) ;
#4182 = FACE_OUTER_BOUND ( 'NONE', #3655, .T. ) ;
#4183 = EDGE_CURVE ( 'NONE', #2958, #434, #1430, .T. ) ;
#4184 = VERTEX_POINT ( 'NONE', #4601 ) ;
#4185 = VECTOR ( 'NONE', #3874, 39.37007874015748143 ) ;
#4186 = VECTOR ( 'NONE', #4304, 39.37007874015748143 ) ;
#4187 = CARTESIAN_POINT ( 'NONE',  ( -0.01203253118969267385, -0.1650000000000000078, -0.01024000000000000084 ) ) ;
#4188 = VECTOR ( 'NONE', #4837, 39.37007874015748143 ) ;
#4189 = DIRECTION ( 'NONE',  ( 0.0000000000000000000, 0.0000000000000000000, -1.000000000000000000 ) ) ;
#4190 = AXIS2_PLACEMENT_3D ( 'NONE', #391, #3560, #4107 ) ;
#4191 = FACE_OUTER_BOUND ( 'NONE', #145, .T. ) ;
#4192 = DIRECTION ( 'NONE',  ( -1.000000000000000000, -0.0000000000000000000, -0.0000000000000000000 ) ) ;
#4193 = EDGE_CURVE ( 'NONE', #4547, #1714, #1101, .T. ) ;
#4194 = ORIENTED_EDGE ( 'NONE', *, *, #3919, .F. ) ;
#4195 = VERTEX_POINT ( 'NONE', #2311 ) ;
#4196 = VECTOR ( 'NONE', #2584, 39.37007874015748143 ) ;
#4197 = EDGE_CURVE ( 'NONE', #3749, #2052, #447, .T. ) ;
#4198 = CARTESIAN_POINT ( 'NONE',  ( 0.7379674688103073921, -0.03399999999999996775, -0.05000000000000019013 ) ) ;
#4199 = ORIENTED_EDGE ( 'NONE', *, *, #4031, .F. ) ;
#4200 = COLOUR_RGB ( '',0.4941176470588235503, 0.4941176470588235503, 0.4941176470588235503 ) ;
#4201 = CARTESIAN_POINT ( 'NONE',  ( 0.05746696881030735615, 0.0000000000000000000, 0.04599999999999995759 ) ) ;
#4202 = ORIENTED_EDGE ( 'NONE', *, *, #5854, .F. ) ;
#4203 = ORIENTED_EDGE ( 'NONE', *, *, #1578, .T. ) ;
#4204 = ADVANCED_FACE ( 'NONE', ( #2829 ), #5472, .F. ) ;
#4205 = DIRECTION ( 'NONE',  ( -0.0000000000000000000, 1.000000000000000000, -0.0000000000000000000 ) ) ;
#4206 = DIRECTION ( 'NONE',  ( 1.000000000000000000, 0.0000000000000000000, -1.355298456929802892E-15 ) ) ;
#4207 = DIRECTION ( 'NONE',  ( 1.000000000000000000, 0.0000000000000000000, 0.0000000000000000000 ) ) ;
#4208 = ORIENTED_EDGE ( 'NONE', *, *, #3581, .T. ) ;
#4209 = CARTESIAN_POINT ( 'NONE',  ( 0.6942664688103074022, -0.1531900000000000206, -0.01574999999999998623 ) ) ;
#4210 = EDGE_LOOP ( 'NONE', ( #3063, #82, #4342, #2777, #3994, #2097 ) ) ;
#4211 = DIRECTION ( 'NONE',  ( -0.3420201433256919166, -2.017650748832901217E-16, 0.9396926207858998792 ) ) ;
#4212 = EDGE_CURVE ( 'NONE', #4685, #2270, #2737, .T. ) ;
#4213 = CARTESIAN_POINT ( 'NONE',  ( 0.1379674688103073310, 9.184870279381501883E-17, -0.05000000000000019013 ) ) ;
#4214 = DIRECTION ( 'NONE',  ( 0.3420201433256720991, 2.017650748832916747E-16, -0.9396926207859070956 ) ) ;
#4215 = DIRECTION ( 'NONE',  ( 0.7071067811865474617, -0.0000000000000000000, -0.7071067811865474617 ) ) ;
#4216 = ORIENTED_EDGE ( 'NONE', *, *, #466, .F. ) ;
#4217 = FACE_OUTER_BOUND ( 'NONE', #5900, .T. ) ;
#4218 = LINE ( 'NONE', #5591, #4851 ) ;
#4219 = DIRECTION ( 'NONE',  ( 0.0000000000000000000, -1.000000000000000000, 0.0000000000000000000 ) ) ;
#4220 = CARTESIAN_POINT ( 'NONE',  ( 0.4816684688103073930, 0.0000000000000000000, -0.01574999999999998623 ) ) ;
#4221 = ORIENTED_EDGE ( 'NONE', *, *, #4024, .F. ) ;
#4222 = ORIENTED_EDGE ( 'NONE', *, *, #5816, .T. ) ;
#4223 = CARTESIAN_POINT ( 'NONE',  ( 0.3379674688103073699, 0.1300881722737651791, 0.1273881722737667532 ) ) ;
#4224 = EDGE_CURVE ( 'NONE', #4591, #1108, #5594, .T. ) ;
#4225 = PLANE ( 'NONE',  #1383 ) ;
#4226 = DIRECTION ( 'NONE',  ( -1.000000000000000000, 0.0000000000000000000, -1.980403796674357815E-16 ) ) ;
#4227 = CARTESIAN_POINT ( 'NONE',  ( 0.4942664688103074466, -0.1531900000000000206, -0.08424999999999957523 ) ) ;
#4228 = ORIENTED_EDGE ( 'NONE', *, *, #1764, .T. ) ;
#4229 = ORIENTED_EDGE ( 'NONE', *, *, #1196, .T. ) ;
#4230 = LINE ( 'NONE', #639, #4558 ) ;
#4231 = CARTESIAN_POINT ( 'NONE',  ( 0.1759359376206146575, 0.0000000000000000000, -9.478001694819074349E-34 ) ) ;
#4232 = FACE_OUTER_BOUND ( 'NONE', #3140, .T. ) ;
#4233 = ORIENTED_EDGE ( 'NONE', *, *, #3282, .T. ) ;
#4234 = ORIENTED_EDGE ( 'NONE', *, *, #2666, .T. ) ;
#4235 = EDGE_CURVE ( 'NONE', #2896, #4123, #2257, .T. ) ;
#4236 = DIRECTION ( 'NONE',  ( 4.639687489239577477E-17, 0.0000000000000000000, 1.000000000000000000 ) ) ;
#4237 = EDGE_CURVE ( 'NONE', #1065, #5372, #23, .T. ) ;
#4238 = CARTESIAN_POINT ( 'NONE',  ( 0.3942664688103074133, 0.0000000000000000000, -0.01574999999999998623 ) ) ;
#4239 = DIRECTION ( 'NONE',  ( -0.0000000000000000000, 1.000000000000000000, -0.0000000000000000000 ) ) ;
#4240 = CARTESIAN_POINT ( 'NONE',  ( 0.1379674688103073310, -0.03399999999999996775, -0.01259999999999966529 ) ) ;
#4241 = VERTEX_POINT ( 'NONE', #1372 ) ;
#4242 = VECTOR ( 'NONE', #943, 39.37007874015748143 ) ;
#4243 = DIRECTION ( 'NONE',  ( 1.355298456929802892E-15, 0.0000000000000000000, 1.000000000000000000 ) ) ;
#4244 = VECTOR ( 'NONE', #1358, 39.37007874015748143 ) ;
#4245 = DIRECTION ( 'NONE',  ( 1.000000000000000000, -0.0000000000000000000, -0.0000000000000000000 ) ) ;
#4246 = CARTESIAN_POINT ( 'NONE',  ( 0.2073881722737659916, 4.320192057900912446E-16, -0.1609118277262353847 ) ) ;
#4247 = DIRECTION ( 'NONE',  ( -0.0000000000000000000, 1.000000000000000000, -0.0000000000000000000 ) ) ;
#4248 = ORIENTED_EDGE ( 'NONE', *, *, #4582, .T. ) ;
#4249 = AXIS2_PLACEMENT_3D ( 'NONE', #1613, #2581, #4008 ) ;
#4250 = ORIENTED_EDGE ( 'NONE', *, *, #4900, .T. ) ;
#4251 = EDGE_CURVE ( 'NONE', #63, #3700, #5058, .T. ) ;
#4252 = PRODUCT_DEFINITION_FORMATION_WITH_SPECIFIED_SOURCE ( 'ANY', '', #5014, .NOT_KNOWN. ) ;
#4253 =( NAMED_UNIT ( * ) PLANE_ANGLE_UNIT ( ) SI_UNIT ( $, .RADIAN. ) );
#4254 = AXIS2_PLACEMENT_3D ( 'NONE', #3060, #4861, #4884 ) ;
#4255 = CARTESIAN_POINT ( 'NONE',  ( 0.4379674688103074032, 0.0000000000000000000, -0.08155000000000069138 ) ) ;
#4256 = FACE_OUTER_BOUND ( 'NONE', #4492, .T. ) ;
#4257 = ORIENTED_EDGE ( 'NONE', *, *, #737, .T. ) ;
#4258 = VERTEX_POINT ( 'NONE', #948 ) ;
#4259 = VECTOR ( 'NONE', #360, 39.37007874015748143 ) ;
#4260 = ORIENTED_EDGE ( 'NONE', *, *, #4420, .F. ) ;
#4261 = LINE ( 'NONE', #3787, #1186 ) ;
#4262 = DIRECTION ( 'NONE',  ( -0.0000000000000000000, 1.000000000000000000, -0.0000000000000000000 ) ) ;
#4263 = CARTESIAN_POINT ( 'NONE',  ( 0.1379674688103073310, -0.03399999999999996775, -0.05000000000000019013 ) ) ;
#4264 = ORIENTED_EDGE ( 'NONE', *, *, #201, .T. ) ;
#4265 = ORIENTED_EDGE ( 'NONE', *, *, #657, .T. ) ;
#4266 = CARTESIAN_POINT ( 'NONE',  ( 0.1942664688103074300, -0.2760000000000000231, -0.08424999999999957523 ) ) ;
#4267 = ADVANCED_FACE ( 'NONE', ( #4629 ), #1891, .F. ) ;
#4268 = DIRECTION ( 'NONE',  ( -0.3420201433256662704, 2.017650748832921185E-16, -0.9396926207859092051 ) ) ;
#4269 = VECTOR ( 'NONE', #5368, 39.37007874015748143 ) ;
#4270 = PLANE ( 'NONE',  #603 ) ;
#4271 = DIRECTION ( 'NONE',  ( 0.3420201433256639389, 0.0000000000000000000, -0.9396926207859100932 ) ) ;
#4272 = ORIENTED_EDGE ( 'NONE', *, *, #4037, .T. ) ;
#4273 = DIRECTION ( 'NONE',  ( 0.0000000000000000000, 0.0000000000000000000, -1.000000000000000000 ) ) ;
#4274 = ORIENTED_EDGE ( 'NONE', *, *, #103, .F. ) ;
#4275 = AXIS2_PLACEMENT_3D ( 'NONE', #4852, #1337, #3194 ) ;
#4276 = DIRECTION ( 'NONE',  ( -0.9396926207859093161, 0.0000000000000000000, 0.3420201433256663259 ) ) ;
#4277 = SURFACE_STYLE_USAGE ( .BOTH. , #5082 ) ;
#4278 = EDGE_CURVE ( 'NONE', #5294, #2854, #711, .T. ) ;
#4279 = DIRECTION ( 'NONE',  ( -1.000000000000000000, 3.430248998885771698E-15, -1.633880378985904088E-15 ) ) ;
#4280 = LINE ( 'NONE', #2495, #4427 ) ;
#4281 = ORIENTED_EDGE ( 'NONE', *, *, #3812, .T. ) ;
#4282 = DIRECTION ( 'NONE',  ( -1.387778780781445676E-17, 1.715124499442919967E-15, -1.000000000000000222 ) ) ;
#4283 = VECTOR ( 'NONE', #3144, 39.37007874015748143 ) ;
#4284 = AXIS2_PLACEMENT_3D ( 'NONE', #3013, #2959, #5722 ) ;
#4285 = EDGE_CURVE ( 'NONE', #4365, #1407, #1580, .T. ) ;
#4286 = CARTESIAN_POINT ( 'NONE',  ( 0.7879674688103074365, -0.1531900000000000206, -0.08424999999999950584 ) ) ;
#4287 = CARTESIAN_POINT ( 'NONE',  ( 0.3999990000000001600, -0.2760000000000000231, 0.0000000000000000000 ) ) ;
#4288 = VECTOR ( 'NONE', #1677, 39.37007874015748143 ) ;
#4289 = ORIENTED_EDGE ( 'NONE', *, *, #5808, .F. ) ;
#4290 = EDGE_CURVE ( 'NONE', #4491, #5600, #2559, .T. ) ;
#4291 = AXIS2_PLACEMENT_3D ( 'NONE', #1784, #5530, #2335 ) ;
#4292 = VERTEX_POINT ( 'NONE', #5293 ) ;
#4293 = DIRECTION ( 'NONE',  ( -0.3420201433256720991, 0.0000000000000000000, 0.9396926207859070956 ) ) ;
#4294 = CARTESIAN_POINT ( 'NONE',  ( 0.4379674688103074032, -0.03399999999999996775, -0.01844999999999967846 ) ) ;
#4295 = CARTESIAN_POINT ( 'NONE',  ( 0.1478881722737676319, -9.056746274951853230E-16, 0.3040881722737645565 ) ) ;
#4296 = EDGE_LOOP ( 'NONE', ( #2101, #4462, #4135, #550 ) ) ;
#4297 = ORIENTED_EDGE ( 'NONE', *, *, #3030, .F. ) ;
#4298 = DIRECTION ( 'NONE',  ( 0.9396926207859100932, 0.0000000000000000000, 0.3420201433256639389 ) ) ;
#4299 = EDGE_CURVE ( 'NONE', #264, #4547, #428, .T. ) ;
#4300 = DIRECTION ( 'NONE',  ( 0.0000000000000000000, 0.0000000000000000000, 1.000000000000000000 ) ) ;
#4301 = DIRECTION ( 'NONE',  ( -0.0000000000000000000, 1.000000000000000000, 0.0000000000000000000 ) ) ;
#4302 = CARTESIAN_POINT ( 'NONE',  ( 0.5796629928195004000, -0.1650000000000000078, -0.08975999999999993706 ) ) ;
#4303 = VERTEX_POINT ( 'NONE', #4396 ) ;
#4304 = DIRECTION ( 'NONE',  ( -0.0000000000000000000, 1.000000000000000000, -0.0000000000000000000 ) ) ;
#4305 = ORIENTED_EDGE ( 'NONE', *, *, #24, .T. ) ;
#4306 = EDGE_CURVE ( 'NONE', #4718, #2011, #1280, .T. ) ;
#4307 = DIRECTION ( 'NONE',  ( 0.0000000000000000000, 0.0000000000000000000, 1.000000000000000000 ) ) ;
#4308 = CARTESIAN_POINT ( 'NONE',  ( 0.3379674688103073699, 9.184870279381501883E-17, -0.05000000000000019013 ) ) ;
#4309 = CARTESIAN_POINT ( 'NONE',  ( -0.01203253118969267385, -0.1650000000000000078, -0.01024000000000000084 ) ) ;
#4310 = ORIENTED_EDGE ( 'NONE', *, *, #2508, .F. ) ;
#4311 = DIRECTION ( 'NONE',  ( 1.000000000000000000, 0.0000000000000000000, 0.0000000000000000000 ) ) ;
#4312 = ADVANCED_FACE ( 'NONE', ( #3892, #655 ), #2889, .F. ) ;
#4313 = CARTESIAN_POINT ( 'NONE',  ( -0.01203253118969267385, -0.1650000000000000078, -0.08975999999999990930 ) ) ;
#4314 = CARTESIAN_POINT ( 'NONE',  ( 0.3796629928195006110, -0.2760000000000000231, -0.01024000000000000084 ) ) ;
#4315 = VERTEX_POINT ( 'NONE', #5203 ) ;
#4316 = ORIENTED_EDGE ( 'NONE', *, *, #2908, .F. ) ;
#4317 = DIRECTION ( 'NONE',  ( -1.000000000000000000, 0.0000000000000000000, -1.980403796674357815E-16 ) ) ;
#4318 = DIRECTION ( 'NONE',  ( 0.3420201433256662704, -0.0000000000000000000, 0.9396926207859092051 ) ) ;
#4319 = LINE ( 'NONE', #5160, #3871 ) ;
#4320 = ORIENTED_EDGE ( 'NONE', *, *, #1912, .F. ) ;
#4321 = VERTEX_POINT ( 'NONE', #1551 ) ;
#4322 = CARTESIAN_POINT ( 'NONE',  ( 0.7184669688103072493, 0.0000000000000000000, 0.04599999999999997841 ) ) ;
#4323 = CARTESIAN_POINT ( 'NONE',  ( -0.01203253118969264436, 0.0000000000000000000, -0.01574999999999999664 ) ) ;
#4324 = DIRECTION ( 'NONE',  ( 0.0000000000000000000, -0.0000000000000000000, -1.000000000000000000 ) ) ;
#4325 = CARTESIAN_POINT ( 'NONE',  ( -0.005732531189691705831, -0.1650000000000000078, -0.08425000000000165690 ) ) ;
#4326 = ORIENTED_EDGE ( 'NONE', *, *, #4024, .T. ) ;
#4327 = CARTESIAN_POINT ( 'NONE',  ( -0.01203253118969267385, -0.1531900000000000206, -0.01024000000000000084 ) ) ;
#4328 = ORIENTED_EDGE ( 'NONE', *, *, #1107, .T. ) ;
#4329 = ADVANCED_FACE ( 'NONE', ( #1983 ), #2469, .T. ) ;
#4330 = LINE ( 'NONE', #595, #1676 ) ;
#4331 = AXIS2_PLACEMENT_3D ( 'NONE', #2203, #4616, #3248 ) ;
#4332 = DIRECTION ( 'NONE',  ( -0.0000000000000000000, 1.000000000000000000, -0.0000000000000000000 ) ) ;
#4333 = DIRECTION ( 'NONE',  ( 0.0000000000000000000, 1.000000000000000000, 0.0000000000000000000 ) ) ;
#4334 = ORIENTED_EDGE ( 'NONE', *, *, #3673, .F. ) ;
#4335 = CONTEXT_DEPENDENT_SHAPE_REPRESENTATION ( #357, #4341 ) ;
#4336 = AXIS2_PLACEMENT_3D ( 'NONE', #1907, #5613, #5699 ) ;
#4337 = CARTESIAN_POINT ( 'NONE',  ( 0.7695174688103079141, -0.03399999999999996775, -0.05000000000000019013 ) ) ;
#4338 = AXIS2_PLACEMENT_3D ( 'NONE', #1910, #4095, #1425 ) ;
#4339 = CARTESIAN_POINT ( 'NONE',  ( 0.7759349376206153837, 0.0000000000000000000, -0.09999999999999974187 ) ) ;
#4340 = LINE ( 'NONE', #241, #1175 ) ;
#4341 = PRODUCT_DEFINITION_SHAPE ( 'NONE', 'NONE',  #5953 ) ;
#4342 = ORIENTED_EDGE ( 'NONE', *, *, #352, .T. ) ;
#4343 = CARTESIAN_POINT ( 'NONE',  ( 0.2379674688103073643, -0.03399999999999996775, -0.05000000000000019013 ) ) ;
#4344 = EDGE_CURVE ( 'NONE', #5600, #696, #144, .T. ) ;
#4345 = VECTOR ( 'NONE', #4896, 39.37007874015748143 ) ;
#4346 = DIRECTION ( 'NONE',  ( -1.000000000000000000, -0.0000000000000000000, 1.224646799147353207E-16 ) ) ;
#4347 = DIRECTION ( 'NONE',  ( 0.0000000000000000000, 0.0000000000000000000, 1.000000000000000000 ) ) ;
#4348 = VERTEX_POINT ( 'NONE', #5682 ) ;
#4349 = ORIENTED_EDGE ( 'NONE', *, *, #509, .F. ) ;
#4350 = VECTOR ( 'NONE', #168, 39.37007874015748143 ) ;
#4351 = LINE ( 'NONE', #2998, #1008 ) ;
#4352 = ADVANCED_FACE ( 'NONE', ( #3806 ), #5627, .F. ) ;
#4353 = CYLINDRICAL_SURFACE ( 'NONE', #4076, 0.03740000000000053004 ) ;
#4354 = CARTESIAN_POINT ( 'NONE',  ( 0.1773881722737656041, -2.414377852607453890E-15, 0.4060881722737663124 ) ) ;
#4355 = ORIENTED_EDGE ( 'NONE', *, *, #2924, .F. ) ;
#4356 = VECTOR ( 'NONE', #4827, 39.37007874015748854 ) ;
#4357 = LINE ( 'NONE', #2068, #2059 ) ;
#4358 = EDGE_LOOP ( 'NONE', ( #1592, #4712, #630, #1709 ) ) ;
#4359 = ORIENTED_EDGE ( 'NONE', *, *, #1112, .T. ) ;
#4360 = VECTOR ( 'NONE', #4262, 39.37007874015748143 ) ;
#4361 = DIRECTION ( 'NONE',  ( -1.000000000000000000, -2.910014281297124994E-31, 1.355298456929802892E-15 ) ) ;
#4362 = EDGE_CURVE ( 'NONE', #4348, #4702, #5720, .T. ) ;
#4363 = LINE ( 'NONE', #3437, #1549 ) ;
#4364 = DIRECTION ( 'NONE',  ( 0.0000000000000000000, 0.0000000000000000000, 1.000000000000000000 ) ) ;
#4365 = VERTEX_POINT ( 'NONE', #5175 ) ;
#4366 = AXIS2_PLACEMENT_3D ( 'NONE', #3783, #5123, #4724 ) ;
#4367 = CARTESIAN_POINT ( 'NONE',  ( 0.4379674688103074032, 0.1300881722737651791, 0.1273881722737669475 ) ) ;
#4368 = AXIS2_PLACEMENT_3D ( 'NONE', #5319, #2689, #785 ) ;
#4369 = DIRECTION ( 'NONE',  ( 0.7071067811865474617, -0.0000000000000000000, -0.7071067811865474617 ) ) ;
#4370 = CARTESIAN_POINT ( 'NONE',  ( 0.1796629928195006276, -0.2760000000000000231, -0.01024000000000000084 ) ) ;
#4371 = ORIENTED_EDGE ( 'NONE', *, *, #4490, .F. ) ;
#4372 = AXIS2_PLACEMENT_3D ( 'NONE', #38, #4049, #2779 ) ;
#4373 = VECTOR ( 'NONE', #2743, 39.37007874015748143 ) ;
#4374 = ADVANCED_FACE ( 'NONE', ( #4750 ), #2010, .T. ) ;
#4375 = EDGE_LOOP ( 'NONE', ( #3626, #5529, #2178, #5088 ) ) ;
#4376 = VECTOR ( 'NONE', #5084, 39.37007874015748143 ) ;
#4377 = VECTOR ( 'NONE', #384, 39.37007874015748143 ) ;
#4378 = CARTESIAN_POINT ( 'NONE',  ( 0.7574669688103072840, -0.03899999999999999994, 0.04599999999999995759 ) ) ;
#4379 = LINE ( 'NONE', #3933, #5195 ) ;
#4380 = ORIENTED_EDGE ( 'NONE', *, *, #3064, .F. ) ;
#4381 = EDGE_LOOP ( 'NONE', ( #5521, #607, #5468, #5028, #5549, #5310 ) ) ;
#4382 = CARTESIAN_POINT ( 'NONE',  ( 0.6999990000000000379, 0.0000000000000000000, 0.0000000000000000000 ) ) ;
#4383 = EDGE_CURVE ( 'NONE', #1860, #4870, #5234, .T. ) ;
#4384 = PRODUCT_DEFINITION_CONTEXT ( 'detailed design', #2432, 'design' ) ;
#4385 = DIRECTION ( 'NONE',  ( 0.3420201433256919166, 0.0000000000000000000, -0.9396926207858999902 ) ) ;
#4386 = CARTESIAN_POINT ( 'NONE',  ( 0.1962719448011143175, -0.2760000000000000231, -0.08975999999999990930 ) ) ;
#4387 = FACE_OUTER_BOUND ( 'NONE', #4781, .T. ) ;
#4388 = ORIENTED_EDGE ( 'NONE', *, *, #4866, .F. ) ;
#4389 = DIRECTION ( 'NONE',  ( 0.0000000000000000000, -0.0000000000000000000, -1.000000000000000000 ) ) ;
#4390 = ORIENTED_EDGE ( 'NONE', *, *, #3679, .T. ) ;
#4391 = ORIENTED_EDGE ( 'NONE', *, *, #2319, .F. ) ;
#4392 = EDGE_CURVE ( 'NONE', #1614, #529, #4280, .T. ) ;
#4393 = ADVANCED_FACE ( 'NONE', ( #199 ), #3438, .F. ) ;
#4394 = SURFACE_STYLE_USAGE ( .BOTH. , #1213 ) ;
#4395 = CYLINDRICAL_SURFACE ( 'NONE', #2622, 0.03740000000000053004 ) ;
#4396 = CARTESIAN_POINT ( 'NONE',  ( 0.1379674688103073310, 9.184870279381501883E-17, -0.08740000000000071323 ) ) ;
#4397 = EDGE_LOOP ( 'NONE', ( #3537, #4910, #5460, #3944 ) ) ;
#4398 =( REPRESENTATION_RELATIONSHIP ('NONE','NONE', #5618, #2351 ) REPRESENTATION_RELATIONSHIP_WITH_TRANSFORMATION ( #3895 )SHAPE_REPRESENTATION_RELATIONSHIP( ) );
#4399 = APPLICATION_PROTOCOL_DEFINITION ( 'draft international standard', 'automotive_design', 1998, #5087 ) ;
#4400 = DIRECTION ( 'NONE',  ( 0.0000000000000000000, 0.0000000000000000000, 1.000000000000000000 ) ) ;
#4401 = CARTESIAN_POINT ( 'NONE',  ( 0.7574669688103072840, 0.0000000000000000000, 0.04599999999999995759 ) ) ;
#4402 = VERTEX_POINT ( 'NONE', #2076 ) ;
#4403 = EDGE_CURVE ( 'NONE', #4448, #59, #5484, .T. ) ;
#4404 = ORIENTED_EDGE ( 'NONE', *, *, #249, .T. ) ;
#4405 = CARTESIAN_POINT ( 'NONE',  ( 0.05346696881030734566, -0.03899999999999999994, 0.04999999999999996808 ) ) ;
#4406 = DIRECTION ( 'NONE',  ( 0.0000000000000000000, 1.000000000000000000, 0.0000000000000000000 ) ) ;
#4407 = ORIENTED_EDGE ( 'NONE', *, *, #1772, .F. ) ;
#4408 = ORIENTED_EDGE ( 'NONE', *, *, #2451, .F. ) ;
#4409 = LINE ( 'NONE', #5756, #1827 ) ;
#4410 = LINE ( 'NONE', #5821, #5902 ) ;
#4411 = CARTESIAN_POINT ( 'NONE',  ( 0.1379674688103073310, -0.1531900000000000206, -0.08155000000000069138 ) ) ;
#4412 = CARTESIAN_POINT ( 'NONE',  ( 0.1942664688103074300, -0.2760000000000000231, -0.01574999999999998623 ) ) ;
#4413 = EDGE_CURVE ( 'NONE', #3580, #816, #5386, .T. ) ;
#4414 = ORIENTED_EDGE ( 'NONE', *, *, #1887, .T. ) ;
#4415 = CARTESIAN_POINT ( 'NONE',  ( 0.3942664688103074133, -0.2760000000000000231, -0.01574999999999998623 ) ) ;
#4416 = ORIENTED_EDGE ( 'NONE', *, *, #3952, .T. ) ;
#4417 = DIRECTION ( 'NONE',  ( 0.0000000000000000000, 0.0000000000000000000, 1.000000000000000000 ) ) ;
#4418 = CARTESIAN_POINT ( 'NONE',  ( 0.1773881722737657152, 0.02089999999999742064, 0.3851881722737666158 ) ) ;
#4419 = ADVANCED_FACE ( 'NONE', ( #4981 ), #5798, .T. ) ;
#4420 = EDGE_CURVE ( 'NONE', #2358, #163, #1637, .T. ) ;
#4421 = ORIENTED_EDGE ( 'NONE', *, *, #3782, .T. ) ;
#4422 = CARTESIAN_POINT ( 'NONE',  ( 0.4816684688103073930, 0.0000000000000000000, -0.08424999999999954747 ) ) ;
#4423 = CARTESIAN_POINT ( 'NONE',  ( 0.5379674688103074365, 0.0000000000000000000, -0.05000000000000019013 ) ) ;
#4424 = EDGE_CURVE ( 'NONE', #4709, #5867, #3154, .T. ) ;
#4425 = DIRECTION ( 'NONE',  ( -1.000000000000000000, 3.430248998885772092E-15, -1.707404996040198285E-15 ) ) ;
#4426 = EDGE_LOOP ( 'NONE', ( #3864, #290, #1732, #5255 ) ) ;
#4427 = VECTOR ( 'NONE', #4333, 39.37007874015748143 ) ;
#4428 = CARTESIAN_POINT ( 'NONE',  ( 0.6816684688103075151, -0.1531900000000000206, -0.08424999999999954747 ) ) ;
#4429 = VECTOR ( 'NONE', #4236, 39.37007874015748143 ) ;
#4430 = ORIENTED_EDGE ( 'NONE', *, *, #4595, .F. ) ;
#4431 = CARTESIAN_POINT ( 'NONE',  ( 0.4796629928195004222, -0.1650000000000000078, -0.08975999999999993706 ) ) ;
#4432 = LINE ( 'NONE', #306, #3865 ) ;
#4433 = ORIENTED_EDGE ( 'NONE', *, *, #941, .F. ) ;
#4434 = VERTEX_POINT ( 'NONE', #2099 ) ;
#4435 = DIRECTION ( 'NONE',  ( 0.0000000000000000000, -0.0000000000000000000, -1.000000000000000000 ) ) ;
#4436 = DIRECTION ( 'NONE',  ( 0.0000000000000000000, -1.000000000000000000, 0.0000000000000000000 ) ) ;
#4437 = CARTESIAN_POINT ( 'NONE',  ( 0.1379674688103073310, 0.0000000000000000000, -0.01844999999999967846 ) ) ;
#4438 = CARTESIAN_POINT ( 'NONE',  ( 0.1962719448011142065, -0.1650000000000000078, -0.01024000000000000084 ) ) ;
#4439 = VERTEX_POINT ( 'NONE', #5405 ) ;
#4440 = CARTESIAN_POINT ( 'NONE',  ( 0.09999900000000011557, -0.1650000000000000078, -0.09999999999999989453 ) ) ;
#4441 = ORIENTED_EDGE ( 'NONE', *, *, #3240, .T. ) ;
#4442 = AXIS2_PLACEMENT_3D ( 'NONE', #1701, #3555, #5444 ) ;
#4443 = EDGE_CURVE ( 'NONE', #3289, #3902, #5439, .T. ) ;
#4444 = CARTESIAN_POINT ( 'NONE',  ( 0.07144449399682789581, -0.1650000000000000078, -0.1123401399371075499 ) ) ;
#4445 = AXIS2_PLACEMENT_3D ( 'NONE', #3585, #386, #2736 ) ;
#4446 = DIRECTION ( 'NONE',  ( -0.9396926207859072067, 0.0000000000000000000, -0.3420201433256721546 ) ) ;
#4447 = PLANE ( 'NONE',  #5002 ) ;
#4448 = VERTEX_POINT ( 'NONE', #4418 ) ;
#4449 = VECTOR ( 'NONE', #2949, 39.37007874015748143 ) ;
#4450 = EDGE_CURVE ( 'NONE', #2582, #2260, #3975, .T. ) ;
#4451 = DIRECTION ( 'NONE',  ( -0.0000000000000000000, 1.000000000000000000, -0.0000000000000000000 ) ) ;
#4452 = SPHERICAL_SURFACE ( 'NONE', #209, 0.02089999999999976946 ) ;
#4453 = CARTESIAN_POINT ( 'NONE',  ( 0.1773881722737659650, -6.672571770847787583E-16, 0.2014182992926948079 ) ) ;
#4454 = VECTOR ( 'NONE', #5910, 39.37007874015748143 ) ;
#4455 = CARTESIAN_POINT ( 'NONE',  ( 0.1773881722737661593, -2.460765795989775511E-16, 0.07408817227376626735 ) ) ;
#4456 = VERTEX_POINT ( 'NONE', #1300 ) ;
#4457 = ADVANCED_FACE ( 'NONE', ( #845 ), #2697, .T. ) ;
#4458 = AXIS2_PLACEMENT_3D ( 'NONE', #3052, #5339, #4435 ) ;
#4459 = CARTESIAN_POINT ( 'NONE',  ( 0.09999900000000011557, -0.2760000000000000231, -0.09999999999999989453 ) ) ;
#4460 = ORIENTED_EDGE ( 'NONE', *, *, #1283, .T. ) ;
#4461 = VECTOR ( 'NONE', #5607, 39.37007874015748143 ) ;
#4462 = ORIENTED_EDGE ( 'NONE', *, *, #5266, .T. ) ;
#4463 = AXIS2_PLACEMENT_3D ( 'NONE', #2739, #4538, #5415 ) ;
#4464 = EDGE_LOOP ( 'NONE', ( #4697, #5341, #2511, #2321 ) ) ;
#4465 = EDGE_CURVE ( 'NONE', #937, #4184, #5768, .T. ) ;
#4466 = VECTOR ( 'NONE', #2799, 39.37007874015748143 ) ;
#4467 = VECTOR ( 'NONE', #1282, 39.37007874015748143 ) ;
#4468 = FACE_OUTER_BOUND ( 'NONE', #342, .T. ) ;
#4469 = CARTESIAN_POINT ( 'NONE',  ( 0.4379674688103074032, 9.184870279381501883E-17, -0.01259999999999965661 ) ) ;
#4470 = DIRECTION ( 'NONE',  ( 0.0000000000000000000, -1.000000000000000000, 0.0000000000000000000 ) ) ;
#4471 = ORIENTED_EDGE ( 'NONE', *, *, #1073, .T. ) ;
#4472 = DIRECTION ( 'NONE',  ( -0.0000000000000000000, 1.000000000000000000, -0.0000000000000000000 ) ) ;
#4473 = ORIENTED_EDGE ( 'NONE', *, *, #4224, .F. ) ;
#4474 = ADVANCED_FACE ( 'NONE', ( #289 ), #5864, .T. ) ;
#4475 = AXIS2_PLACEMENT_3D ( 'NONE', #1361, #5946, #1813 ) ;
#4476 = CARTESIAN_POINT ( 'NONE',  ( 0.3379674688103073699, 0.0000000000000000000, -0.05000000000000019013 ) ) ;
#4477 = CARTESIAN_POINT ( 'NONE',  ( 0.2051561214661936361, -1.108640712827925016E-15, 0.3070881722737663355 ) ) ;
#4478 = ORIENTED_EDGE ( 'NONE', *, *, #3977, .F. ) ;
#4479 = EDGE_CURVE ( 'NONE', #1151, #42, #3093, .T. ) ;
#4480 = DIRECTION ( 'NONE',  ( 0.3420201433256720991, 2.017650748832916747E-16, -0.9396926207859070956 ) ) ;
#4481 = CARTESIAN_POINT ( 'NONE',  ( 0.7759349376206153837, -0.1650000000000000078, -0.09999999999999974187 ) ) ;
#4482 = LINE ( 'NONE', #4128, #872 ) ;
#4483 = DIRECTION ( 'NONE',  ( -1.000000000000000000, 3.430248998885770120E-15, -1.157562709179845500E-15 ) ) ;
#4484 = FACE_OUTER_BOUND ( 'NONE', #2170, .T. ) ;
#4485 = EDGE_CURVE ( 'NONE', #5320, #5877, #2125, .T. ) ;
#4486 = ORIENTED_EDGE ( 'NONE', *, *, #1832, .T. ) ;
#4487 = CARTESIAN_POINT ( 'NONE',  ( 0.4379674688103074032, -0.1531900000000000206, -0.01844999999999967846 ) ) ;
#4488 = ORIENTED_EDGE ( 'NONE', *, *, #5366, .T. ) ;
#4489 = CARTESIAN_POINT ( 'NONE',  ( 0.6816684688103075151, -0.1531900000000000206, -0.08424999999999954747 ) ) ;
#4490 = EDGE_CURVE ( 'NONE', #2682, #5362, #1185, .T. ) ;
#4491 = VERTEX_POINT ( 'NONE', #821 ) ;
#4492 = EDGE_LOOP ( 'NONE', ( #1384, #3141, #3614, #1478 ) ) ;
#4493 = DIRECTION ( 'NONE',  ( 0.0000000000000000000, 1.000000000000000000, 0.0000000000000000000 ) ) ;
#4494 = LINE ( 'NONE', #347, #4269 ) ;
#4495 = DIRECTION ( 'NONE',  ( -0.0000000000000000000, 1.000000000000000000, -0.0000000000000000000 ) ) ;
#4496 = ORIENTED_EDGE ( 'NONE', *, *, #473, .T. ) ;
#4497 = CARTESIAN_POINT ( 'NONE',  ( 0.1390000000000000124, -1.378416871502057176E-16, 0.03838817227376622315 ) ) ;
#4498 = EDGE_LOOP ( 'NONE', ( #4560, #643, #1498, #2174 ) ) ;
#4499 = DIRECTION ( 'NONE',  ( 0.3420201433256662704, -0.0000000000000000000, 0.9396926207859092051 ) ) ;
#4500 = DIRECTION ( 'NONE',  ( -0.0000000000000000000, 1.000000000000000000, -0.0000000000000000000 ) ) ;
#4501 = DIRECTION ( 'NONE',  ( 0.5000000000000959233, 1.210733090982709756E-15, -0.8660254037843831965 ) ) ;
#4502 = ORIENTED_EDGE ( 'NONE', *, *, #4751, .T. ) ;
#4503 = PLANE ( 'NONE',  #759 ) ;
#4504 = CARTESIAN_POINT ( 'NONE',  ( 0.3796629928195006110, -0.1531900000000000206, -0.01024000000000000084 ) ) ;
#4505 = DIRECTION ( 'NONE',  ( 0.0000000000000000000, 0.0000000000000000000, 1.000000000000000000 ) ) ;
#4506 = DIRECTION ( 'NONE',  ( 1.715124499442882891E-15, 3.307784318971030633E-15, -1.000000000000000000 ) ) ;
#4507 = CARTESIAN_POINT ( 'NONE',  ( -0.005732531189691705831, -0.1650000000000000078, -0.08425000000000165690 ) ) ;
#4508 = ORIENTED_EDGE ( 'NONE', *, *, #599, .T. ) ;
#4509 = ADVANCED_FACE ( 'NONE', ( #2610 ), #4447, .F. ) ;
#4510 = CARTESIAN_POINT ( 'NONE',  ( 0.7759349376206153837, 0.0000000000000000000, -0.09999999999999974187 ) ) ;
#4511 = ORIENTED_EDGE ( 'NONE', *, *, #1169, .T. ) ;
#4512 = CIRCLE ( 'NONE', #1921, 0.03740000000000053004 ) ;
#4513 = CARTESIAN_POINT ( 'NONE',  ( 0.1773881722737659650, -6.672571770847787583E-16, 0.2014182992926948079 ) ) ;
#4514 = ORIENTED_EDGE ( 'NONE', *, *, #3782, .F. ) ;
#4515 = EDGE_LOOP ( 'NONE', ( #2550, #5149, #792, #4473 ) ) ;
#4516 = AXIS2_PLACEMENT_3D ( 'NONE', #2368, #2029, #3336 ) ;
#4517 = EDGE_CURVE ( 'NONE', #5130, #5138, #2669, .T. ) ;
#4518 = EDGE_CURVE ( 'NONE', #3185, #4292, #2211, .T. ) ;
#4519 = DIRECTION ( 'NONE',  ( 0.0000000000000000000, 0.0000000000000000000, -1.000000000000000000 ) ) ;
#4520 = VECTOR ( 'NONE', #3527, 39.37007874015748143 ) ;
#4521 = CARTESIAN_POINT ( 'NONE',  ( 0.09426646881030739666, -0.1531900000000000206, -0.08424999999999957523 ) ) ;
#4522 = CARTESIAN_POINT ( 'NONE',  ( -0.005732531189692642581, -0.1650000000000000078, -0.01574999999999999664 ) ) ;
#4523 = ORIENTED_EDGE ( 'NONE', *, *, #1254, .F. ) ;
#4524 = ORIENTED_EDGE ( 'NONE', *, *, #5727, .T. ) ;
#4525 = DIRECTION ( 'NONE',  ( 1.000000000000000000, -0.0000000000000000000, -0.0000000000000000000 ) ) ;
#4526 = AXIS2_PLACEMENT_3D ( 'NONE', #1208, #2177, #5876 ) ;
#4527 = EDGE_CURVE ( 'NONE', #4746, #1027, #2639, .T. ) ;
#4528 = DIRECTION ( 'NONE',  ( -0.0000000000000000000, 1.000000000000000000, -0.0000000000000000000 ) ) ;
#4529 = CARTESIAN_POINT ( 'NONE',  ( -0.01203253118969267385, -0.1531900000000000206, -0.01024000000000000084 ) ) ;
#4530 = CARTESIAN_POINT ( 'NONE',  ( 0.6816684688103075151, -0.2760000000000000231, -0.01574999999999998623 ) ) ;
#4531 = VERTEX_POINT ( 'NONE', #355 ) ;
#4532 = CIRCLE ( 'NONE', #5210, 0.03740000000000053698 ) ;
#4533 = ADVANCED_FACE ( 'NONE', ( #409 ), #4594, .F. ) ;
#4534 = LINE ( 'NONE', #1403, #1718 ) ;
#4535 = DIRECTION ( 'NONE',  ( 1.000000000000000000, -3.267760757971648827E-15, 1.715124499442871847E-15 ) ) ;
#4536 = CARTESIAN_POINT ( 'NONE',  ( 0.08166846881030741245, -0.1531900000000000206, -0.08424999999999954747 ) ) ;
#4537 = DIRECTION ( 'NONE',  ( -0.0000000000000000000, 1.000000000000000000, -0.0000000000000000000 ) ) ;
#4538 = DIRECTION ( 'NONE',  ( -0.0000000000000000000, 1.000000000000000000, -0.0000000000000000000 ) ) ;
#4539 = VERTEX_POINT ( 'NONE', #2373 ) ;
#4540 = AXIS2_PLACEMENT_3D ( 'NONE', #1149, #5672, #2999 ) ;
#4541 =( LENGTH_UNIT ( ) NAMED_UNIT ( * ) SI_UNIT ( $, .METRE. ) );
#4542 = CARTESIAN_POINT ( 'NONE',  ( -0.005732531189691705831, -0.1650000000000000078, -0.08425000000000165690 ) ) ;
#4543 = VECTOR ( 'NONE', #609, 39.37007874015748143 ) ;
#4544 = ORIENTED_EDGE ( 'NONE', *, *, #3198, .F. ) ;
#4545 = DIRECTION ( 'NONE',  ( -1.000000000000000000, 3.430248998885770514E-15, -2.239219666938031849E-15 ) ) ;
#4546 = VERTEX_POINT ( 'NONE', #5498 ) ;
#4547 = VERTEX_POINT ( 'NONE', #4563 ) ;
#4548 = VECTOR ( 'NONE', #1044, 39.37007874015748143 ) ;
#4549 = DIRECTION ( 'NONE',  ( -0.0000000000000000000, 1.000000000000000000, -0.0000000000000000000 ) ) ;
#4550 = VECTOR ( 'NONE', #5541, 39.37007874015748143 ) ;
#4551 = LINE ( 'NONE', #4585, #1851 ) ;
#4552 = DIRECTION ( 'NONE',  ( 1.355298456929802892E-15, 0.0000000000000000000, 1.000000000000000000 ) ) ;
#4553 = ORIENTED_EDGE ( 'NONE', *, *, #1002, .F. ) ;
#4554 = CARTESIAN_POINT ( 'NONE',  ( 0.3962719448011141621, -0.1650000000000000078, -0.01024000000000000084 ) ) ;
#4555 = ORIENTED_EDGE ( 'NONE', *, *, #77, .T. ) ;
#4556 = DIRECTION ( 'NONE',  ( -1.000000000000000000, -2.910014281297124994E-31, 1.355298456929802892E-15 ) ) ;
#4557 = EDGE_CURVE ( 'NONE', #3347, #69, #99, .T. ) ;
#4558 = VECTOR ( 'NONE', #65, 39.37007874015748854 ) ;
#4559 = CIRCLE ( 'NONE', #523, 0.03740000000000053004 ) ;
#4560 = ORIENTED_EDGE ( 'NONE', *, *, #1265, .T. ) ;
#4561 = CARTESIAN_POINT ( 'NONE',  ( 0.7759349376206153837, 0.0000000000000000000, -0.09999999999999974187 ) ) ;
#4562 = PLANE ( 'NONE',  #4165 ) ;
#4563 = CARTESIAN_POINT ( 'NONE',  ( 0.01250000000000048121, 0.0000000000000000000, 0.01249999999999974569 ) ) ;
#4564 = AXIS2_PLACEMENT_3D ( 'NONE', #1460, #4159, #3645 ) ;
#4565 = AXIS2_PLACEMENT_3D ( 'NONE', #1853, #4189, #4127 ) ;
#4566 = EDGE_LOOP ( 'NONE', ( #3486, #2194 ) ) ;
#4567 = EDGE_CURVE ( 'NONE', #3424, #1120, #1885, .T. ) ;
#4568 = EDGE_CURVE ( 'NONE', #479, #1736, #5586, .T. ) ;
#4569 = CIRCLE ( 'NONE', #910, 0.03740000000000053698 ) ;
#4570 = CARTESIAN_POINT ( 'NONE',  ( 0.2816684688103074374, 0.0000000000000000000, -0.08424999999999954747 ) ) ;
#4571 = LINE ( 'NONE', #5113, #2945 ) ;
#4572 = FACE_BOUND ( 'NONE', #1900, .T. ) ;
#4573 = CARTESIAN_POINT ( 'NONE',  ( 0.5379674688103074365, 0.0000000000000000000, -0.08740000000000071323 ) ) ;
#4574 = DIRECTION ( 'NONE',  ( -0.3420201433256694346, -0.0000000000000000000, -0.9396926207859080948 ) ) ;
#4575 = CARTESIAN_POINT ( 'NONE',  ( -0.01203253118969267385, -0.1650000000000000078, -0.01024000000000000084 ) ) ;
#4576 = ORIENTED_EDGE ( 'NONE', *, *, #2621, .T. ) ;
#4577 = LENGTH_MEASURE_WITH_UNIT ( LENGTH_MEASURE( 0.02539999999999999897 ), #4632 );
#4578 = CYLINDRICAL_SURFACE ( 'NONE', #337, 0.02949999999999814229 ) ;
#4579 = ORIENTED_EDGE ( 'NONE', *, *, #152, .F. ) ;
#4580 = CARTESIAN_POINT ( 'NONE',  ( 0.2796629928195004666, -0.1650000000000000078, -0.08975999999999992318 ) ) ;
#4581 = ORIENTED_EDGE ( 'NONE', *, *, #1058, .T. ) ;
#4582 = EDGE_CURVE ( 'NONE', #3061, #734, #4153, .T. ) ;
#4583 = ORIENTED_EDGE ( 'NONE', *, *, #124, .T. ) ;
#4584 = CARTESIAN_POINT ( 'NONE',  ( 0.06055333231227025964, -0.1650000000000000078, -0.1083760812673483370 ) ) ;
#4585 = CARTESIAN_POINT ( 'NONE',  ( 0.2078881722737650484, 4.303653136306087474E-16, -0.1609118277262353847 ) ) ;
#4586 = FACE_OUTER_BOUND ( 'NONE', #4839, .T. ) ;
#4587 = VERTEX_POINT ( 'NONE', #4622 ) ;
#4588 = DIRECTION ( 'NONE',  ( -0.0000000000000000000, 1.000000000000000000, -0.0000000000000000000 ) ) ;
#4589 = ORIENTED_EDGE ( 'NONE', *, *, #1196, .F. ) ;
#4590 = FACE_OUTER_BOUND ( 'NONE', #5533, .T. ) ;
#4591 = VERTEX_POINT ( 'NONE', #5561 ) ;
#4592 = LINE ( 'NONE', #1327, #3724 ) ;
#4593 = DIRECTION ( 'NONE',  ( -0.0000000000000000000, 1.000000000000000000, 0.0000000000000000000 ) ) ;
#4594 = CYLINDRICAL_SURFACE ( 'NONE', #1155, 0.03155000000000051513 ) ;
#4595 = EDGE_CURVE ( 'NONE', #2011, #5102, #3867, .T. ) ;
#4596 = EDGE_LOOP ( 'NONE', ( #401, #4407, #2446, #4003 ) ) ;
#4597 = LINE ( 'NONE', #3131, #3472 ) ;
#4598 = DIRECTION ( 'NONE',  ( -0.0000000000000000000, 1.000000000000000000, -0.0000000000000000000 ) ) ;
#4599 = ADVANCED_FACE ( 'NONE', ( #4182 ), #1400, .T. ) ;
#4600 = DIRECTION ( 'NONE',  ( 0.0000000000000000000, -1.000000000000000000, 0.0000000000000000000 ) ) ;
#4601 = CARTESIAN_POINT ( 'NONE',  ( 0.08166846881030741245, 0.0000000000000000000, -0.08424999999999954747 ) ) ;
#4602 = FACE_OUTER_BOUND ( 'NONE', #4009, .T. ) ;
#4603 = ORIENTED_EDGE ( 'NONE', *, *, #4278, .T. ) ;
#4604 = DIRECTION ( 'NONE',  ( -1.000000000000000000, 3.430248998885776431E-15, -2.048885995248241491E-15 ) ) ;
#4605 = EDGE_CURVE ( 'NONE', #5554, #806, #50, .T. ) ;
#4606 = ORIENTED_EDGE ( 'NONE', *, *, #5637, .T. ) ;
#4607 = DIRECTION ( 'NONE',  ( 1.000000000000000000, 0.0000000000000000000, -1.855874995695831977E-16 ) ) ;
#4608 = ORIENTED_EDGE ( 'NONE', *, *, #5304, .T. ) ;
#4609 = VERTEX_POINT ( 'NONE', #442 ) ;
#4610 = DIRECTION ( 'NONE',  ( -6.123233995736766036E-17, -1.000000000000000000, -3.369016658928398207E-15 ) ) ;
#4611 = DIRECTION ( 'NONE',  ( -0.0000000000000000000, 1.000000000000000000, -0.0000000000000000000 ) ) ;
#4612 = LINE ( 'NONE', #2718, #2703 ) ;
#4613 = ORIENTED_EDGE ( 'NONE', *, *, #3549, .T. ) ;
#4614 = DIRECTION ( 'NONE',  ( 0.0000000000000000000, 0.0000000000000000000, 1.000000000000000000 ) ) ;
#4615 = VERTEX_POINT ( 'NONE', #1365 ) ;
#4616 = DIRECTION ( 'NONE',  ( 0.0000000000000000000, 0.0000000000000000000, 1.000000000000000000 ) ) ;
#4617 = VECTOR ( 'NONE', #4480, 39.37007874015748854 ) ;
#4618 = VECTOR ( 'NONE', #761, 39.37007874015748143 ) ;
#4619 = ORIENTED_EDGE ( 'NONE', *, *, #3729, .F. ) ;
#4620 = CARTESIAN_POINT ( 'NONE',  ( 0.6999990000000000379, -0.2760000000000000231, 0.0000000000000000000 ) ) ;
#4621 = FACE_BOUND ( 'NONE', #2665, .T. ) ;
#4622 = CARTESIAN_POINT ( 'NONE',  ( -0.003727055198885885143, -0.1531900000000000206, -0.08975999999999990930 ) ) ;
#4623 = ORIENTED_EDGE ( 'NONE', *, *, #1745, .T. ) ;
#4624 = PRODUCT_RELATED_PRODUCT_CATEGORY ( 'part', '', ( #5872 ) ) ;
#4625 = AXIS2_PLACEMENT_3D ( 'NONE', #1494, #3926, #2528 ) ;
#4626 = CARTESIAN_POINT ( 'NONE',  ( 0.5942664688103074244, -0.1531900000000000206, -0.08424999999999957523 ) ) ;
#4627 = CARTESIAN_POINT ( 'NONE',  ( 0.5999990000000001711, 0.0000000000000000000, 0.0000000000000000000 ) ) ;
#4628 = CARTESIAN_POINT ( 'NONE',  ( 0.4962719448011141954, -0.1531900000000000206, -0.01024000000000000084 ) ) ;
#4629 = FACE_OUTER_BOUND ( 'NONE', #1608, .T. ) ;
#4630 = EDGE_LOOP ( 'NONE', ( #2590, #4355, #1506, #704, #1949, #2287 ) ) ;
#4631 = VERTEX_POINT ( 'NONE', #5467 ) ;
#4632 =( LENGTH_UNIT ( ) NAMED_UNIT ( * ) SI_UNIT ( $, .METRE. ) );
#4633 = EDGE_CURVE ( 'NONE', #4546, #264, #2027, .T. ) ;
#4634 = VECTOR ( 'NONE', #1136, 39.37007874015748143 ) ;
#4635 = DIRECTION ( 'NONE',  ( -0.3420201433256662704, 2.017650748832921185E-16, -0.9396926207859092051 ) ) ;
#4636 = ORIENTED_EDGE ( 'NONE', *, *, #857, .F. ) ;
#4637 = AXIS2_PLACEMENT_3D ( 'NONE', #3251, #5077, #939 ) ;
#4638 = CARTESIAN_POINT ( 'NONE',  ( 0.7796619928195004379, -0.1650000000000000078, -0.01024000000000000084 ) ) ;
#4639 = ORIENTED_EDGE ( 'NONE', *, *, #2724, .F. ) ;
#4640 = ORIENTED_EDGE ( 'NONE', *, *, #4403, .T. ) ;
#4641 = EDGE_CURVE ( 'NONE', #614, #1151, #3288, .T. ) ;
#4642 = AXIS2_PLACEMENT_3D ( 'NONE', #2295, #1930, #3758 ) ;
#4643 = CARTESIAN_POINT ( 'NONE',  ( 0.07966299281950059430, -0.1650000000000000078, -0.01024000000000000084 ) ) ;
#4644 = DIRECTION ( 'NONE',  ( 0.0000000000000000000, -0.0000000000000000000, -1.000000000000000000 ) ) ;
#4645 = FACE_BOUND ( 'NONE', #12, .T. ) ;
#4646 = ORIENTED_EDGE ( 'NONE', *, *, #1274, .F. ) ;
#4647 = VECTOR ( 'NONE', #4160, 39.37007874015748143 ) ;
#4648 = LINE ( 'NONE', #2236, #4083 ) ;
#4649 = VERTEX_POINT ( 'NONE', #5050 ) ;
#4650 = DIRECTION ( 'NONE',  ( 0.3420201433256662704, -0.0000000000000000000, 0.9396926207859092051 ) ) ;
#4651 = EDGE_CURVE ( 'NONE', #5942, #3511, #972, .T. ) ;
#4652 = CIRCLE ( 'NONE', #5898, 0.03155000000000051513 ) ;
#4653 = FACE_OUTER_BOUND ( 'NONE', #3735, .T. ) ;
#4654 = CARTESIAN_POINT ( 'NONE',  ( 0.5942664688103074244, -0.1531900000000000206, -0.08424999999999954747 ) ) ;
#4655 = DIRECTION ( 'NONE',  ( -1.000000000000000000, 0.0000000000000000000, -2.710166660381208974E-15 ) ) ;
#4656 = VERTEX_POINT ( 'NONE', #4122 ) ;
#4657 = VECTOR ( 'NONE', #729, 39.37007874015748143 ) ;
#4658 = EDGE_CURVE ( 'NONE', #3682, #1787, #2760, .T. ) ;
#4659 = VECTOR ( 'NONE', #1042, 39.37007874015748143 ) ;
#4660 = CARTESIAN_POINT ( 'NONE',  ( 0.3816684688103073597, 0.0000000000000000000, -0.01574999999999998623 ) ) ;
#4661 = AXIS2_PLACEMENT_3D ( 'NONE', #233, #2437, #3406 ) ;
#4662 = VECTOR ( 'NONE', #1790, 39.37007874015748143 ) ;
#4663 = DIRECTION ( 'NONE',  ( 1.000000000000000000, -0.0000000000000000000, -0.0000000000000000000 ) ) ;
#4664 = DIRECTION ( 'NONE',  ( 1.715124499442882891E-15, 3.307784318971030633E-15, -1.000000000000000000 ) ) ;
#4665 = ORIENTED_EDGE ( 'NONE', *, *, #2608, .F. ) ;
#4666 = ORIENTED_EDGE ( 'NONE', *, *, #3496, .F. ) ;
#4667 = VECTOR ( 'NONE', #3827, 39.37007874015748143 ) ;
#4668 = CARTESIAN_POINT ( 'NONE',  ( 0.6816684688103075151, -0.1531900000000000206, -0.08424999999999953360 ) ) ;
#4669 = VERTEX_POINT ( 'NONE', #471 ) ;
#4670 = ADVANCED_FACE ( 'NONE', ( #499 ), #5078, .T. ) ;
#4671 = DIRECTION ( 'NONE',  ( 0.0000000000000000000, 1.000000000000000000, 0.0000000000000000000 ) ) ;
#4672 = EDGE_LOOP ( 'NONE', ( #1009, #2069, #1132, #942 ) ) ;
#4673 = ORIENTED_EDGE ( 'NONE', *, *, #4479, .T. ) ;
#4674 = CARTESIAN_POINT ( 'NONE',  ( 0.2796629928195006332, -0.1531900000000000206, -0.01024000000000000084 ) ) ;
#4675 = CARTESIAN_POINT ( 'NONE',  ( -0.01203253118969267385, -0.1650000000000000078, -0.08975999999999990930 ) ) ;
#4676 = DIRECTION ( 'NONE',  ( 0.0000000000000000000, -0.0000000000000000000, -1.000000000000000000 ) ) ;
#4677 = ORIENTED_EDGE ( 'NONE', *, *, #4978, .F. ) ;
#4678 = ORIENTED_EDGE ( 'NONE', *, *, #4251, .F. ) ;
#4679 = CARTESIAN_POINT ( 'NONE',  ( 0.2942664688103074355, -0.1531900000000000206, -0.01574999999999996542 ) ) ;
#4680 = CARTESIAN_POINT ( 'NONE',  ( 0.7759349376206153837, -0.1650000000000000078, -0.09999999999999974187 ) ) ;
#4681 = EDGE_CURVE ( 'NONE', #2147, #1904, #3741, .T. ) ;
#4682 = DIRECTION ( 'NONE',  ( -1.000000000000000000, -0.0000000000000000000, -0.0000000000000000000 ) ) ;
#4683 = DIRECTION ( 'NONE',  ( 0.9396926207859080948, 0.0000000000000000000, -0.3420201433256694346 ) ) ;
#4684 = ORIENTED_EDGE ( 'NONE', *, *, #5034, .T. ) ;
#4685 = VERTEX_POINT ( 'NONE', #5108 ) ;
#4686 = LINE ( 'NONE', #2401, #2308 ) ;
#4687 = CARTESIAN_POINT ( 'NONE',  ( 0.7574669688103072840, 0.0000000000000000000, 0.04599999999999995759 ) ) ;
#4688 = LINE ( 'NONE', #1459, #4728 ) ;
#4689 = CARTESIAN_POINT ( 'NONE',  ( 0.3379674688103073699, 9.184870279381501883E-17, -0.08740000000000071323 ) ) ;
#4690 = ORIENTED_EDGE ( 'NONE', *, *, #2768, .T. ) ;
#4691 = EDGE_LOOP ( 'NONE', ( #5477, #4138, #2391, #254 ) ) ;
#4692 =( NAMED_UNIT ( * ) PLANE_ANGLE_UNIT ( ) SI_UNIT ( $, .RADIAN. ) );
#4693 = CARTESIAN_POINT ( 'NONE',  ( 0.05346696881030734566, -0.03899999999999999994, 0.04999999999999996808 ) ) ;
#4694 = DIRECTION ( 'NONE',  ( -0.0000000000000000000, 1.000000000000000000, -0.0000000000000000000 ) ) ;
#4695 = DIRECTION ( 'NONE',  ( -0.0000000000000000000, 1.000000000000000000, -0.0000000000000000000 ) ) ;
#4696 = ORIENTED_EDGE ( 'NONE', *, *, #5800, .F. ) ;
#4697 = ORIENTED_EDGE ( 'NONE', *, *, #1336, .F. ) ;
#4698 = LINE ( 'NONE', #3331, #4461 ) ;
#4699 = LINE ( 'NONE', #180, #5126 ) ;
#4700 = CARTESIAN_POINT ( 'NONE',  ( -0.01203253118969267385, -0.1650000000000000078, -0.01024000000000000084 ) ) ;
#4701 = EDGE_LOOP ( 'NONE', ( #5674, #5452, #5095, #574 ) ) ;
#4702 = VERTEX_POINT ( 'NONE', #940 ) ;
#4703 = PLANE ( 'NONE',  #293 ) ;
#4704 = EDGE_CURVE ( 'NONE', #4791, #3628, #2824, .T. ) ;
#4705 = ADVANCED_FACE ( 'NONE', ( #3856 ), #1605, .T. ) ;
#4706 = CARTESIAN_POINT ( 'NONE',  ( 0.3942664688103074133, -0.1531900000000000206, -0.01574999999999996542 ) ) ;
#4707 = CARTESIAN_POINT ( 'NONE',  ( 0.6379674688103074143, 9.184870279381501883E-17, -0.01259999999999965661 ) ) ;
#4708 = CARTESIAN_POINT ( 'NONE',  ( 0.1773881722737659650, -6.672571770847787583E-16, 0.2014182992926948079 ) ) ;
#4709 = VERTEX_POINT ( 'NONE', #2950 ) ;
#4710 = VECTOR ( 'NONE', #5524, 39.37007874015748143 ) ;
#4711 = PLANE ( 'NONE',  #2934 ) ;
#4712 = ORIENTED_EDGE ( 'NONE', *, *, #5111, .T. ) ;
#4713 = FACE_OUTER_BOUND ( 'NONE', #4596, .T. ) ;
#4714 = AXIS2_PLACEMENT_3D ( 'NONE', #1894, #28, #3720 ) ;
#4715 = DIRECTION ( 'NONE',  ( -0.0000000000000000000, 1.000000000000000000, -0.0000000000000000000 ) ) ;
#4716 = LINE ( 'NONE', #4246, #1455 ) ;
#4717 = CARTESIAN_POINT ( 'NONE',  ( 0.1773881722737661870, 0.02999999999999901704, 0.1160881722737655414 ) ) ;
#4718 = VERTEX_POINT ( 'NONE', #4354 ) ;
#4719 = VECTOR ( 'NONE', #914, 39.37007874015748143 ) ;
#4720 = ITEM_DEFINED_TRANSFORMATION ( 'NONE', 'NONE', #3474,  #585 ) ;
#4721 = ADVANCED_FACE ( 'NONE', ( #5736 ), #673, .T. ) ;
#4722 = CARTESIAN_POINT ( 'NONE',  ( 0.08256880794403585744, -0.1650000000000000078, -0.05211094090947995111 ) ) ;
#4723 = ORIENTED_EDGE ( 'NONE', *, *, #3596, .T. ) ;
#4724 = DIRECTION ( 'NONE',  ( -1.000000000000000000, 0.0000000000000000000, -1.980403796674357815E-16 ) ) ;
#4725 = AXIS2_PLACEMENT_3D ( 'NONE', #2130, #5243, #3981 ) ;
#4726 = ORIENTED_EDGE ( 'NONE', *, *, #3175, .F. ) ;
#4727 = EDGE_CURVE ( 'NONE', #1151, #614, #678, .T. ) ;
#4728 = VECTOR ( 'NONE', #2403, 39.37007874015748143 ) ;
#4729 = ORIENTED_EDGE ( 'NONE', *, *, #5599, .F. ) ;
#4730 = DIRECTION ( 'NONE',  ( -0.3420201433256639389, -2.017650748832923650E-16, 0.9396926207859100932 ) ) ;
#4731 = CARTESIAN_POINT ( 'NONE',  ( 0.4816684688103073930, -0.1531900000000000206, -0.01574999999999996542 ) ) ;
#4732 = PLANE ( 'NONE',  #5684 ) ;
#4733 = ADVANCED_FACE ( 'NONE', ( #4771 ), #620, .F. ) ;
#4734 = ORIENTED_EDGE ( 'NONE', *, *, #5671, .F. ) ;
#4735 = ORIENTED_EDGE ( 'NONE', *, *, #2281, .F. ) ;
#4736 = CARTESIAN_POINT ( 'NONE',  ( 0.3379674688103073699, -0.1531900000000000206, -0.05000000000000019013 ) ) ;
#4737 = VECTOR ( 'NONE', #4593, 39.37007874015748143 ) ;
#4738 = CARTESIAN_POINT ( 'NONE',  ( 0.1773881722737665756, 5.312527353592203413E-16, -0.1609118277262354679 ) ) ;
#4739 = AXIS2_PLACEMENT_3D ( 'NONE', #920, #5503, #2567 ) ;
#4740 = LINE ( 'NONE', #3967, #1942 ) ;
#4741 = CARTESIAN_POINT ( 'NONE',  ( -1.600692183787654153E-17, -0.1650000000000000078, -0.09999999999999989453 ) ) ;
#4742 = EDGE_CURVE ( 'NONE', #2084, #318, #1974, .T. ) ;
#4743 = EDGE_CURVE ( 'NONE', #2406, #3382, #2066, .T. ) ;
#4744 = EDGE_LOOP ( 'NONE', ( #5440, #5707, #3001, #898 ) ) ;
#4745 = LINE ( 'NONE', #2952, #4550 ) ;
#4746 = VERTEX_POINT ( 'NONE', #5167 ) ;
#4747 = AXIS2_PLACEMENT_3D ( 'NONE', #3202, #1801, #5511 ) ;
#4748 = DIRECTION ( 'NONE',  ( -0.0000000000000000000, 1.000000000000000000, -0.0000000000000000000 ) ) ;
#4749 = LINE ( 'NONE', #3974, #1251 ) ;
#4750 = FACE_OUTER_BOUND ( 'NONE', #1339, .T. ) ;
#4751 = EDGE_CURVE ( 'NONE', #4144, #4791, #291, .T. ) ;
#4752 = VECTOR ( 'NONE', #1064, 39.37007874015748143 ) ;
#4753 = ORIENTED_EDGE ( 'NONE', *, *, #1705, .F. ) ;
#4754 = VECTOR ( 'NONE', #4730, 39.37007874015748143 ) ;
#4755 = DIRECTION ( 'NONE',  ( 0.3420201433256694346, 0.0000000000000000000, 0.9396926207859080948 ) ) ;
#4756 = DIRECTION ( 'NONE',  ( 1.000000000000000000, 0.0000000000000000000, -1.355298456929802892E-15 ) ) ;
#4757 = DIRECTION ( 'NONE',  ( -0.0000000000000000000, 1.000000000000000000, -0.0000000000000000000 ) ) ;
#4758 = ORIENTED_EDGE ( 'NONE', *, *, #3020, .F. ) ;
#4759 = AXIS2_PLACEMENT_3D ( 'NONE', #5802, #2185, #1218 ) ;
#4760 = ORIENTED_EDGE ( 'NONE', *, *, #352, .F. ) ;
#4761 = CIRCLE ( 'NONE', #5150, 0.03155000000000051513 ) ;
#4762 = EDGE_LOOP ( 'NONE', ( #2212, #3323, #3520, #3171 ) ) ;
#4763 = DIRECTION ( 'NONE',  ( -0.3420201433256272461, -0.0000000000000000000, -0.9396926207859235269 ) ) ;
#4764 = CARTESIAN_POINT ( 'NONE',  ( 0.6379674688103074143, 0.0000000000000000000, -0.05000000000000019013 ) ) ;
#4765 = DIRECTION ( 'NONE',  ( -0.3420201433256662704, 0.0000000000000000000, -0.9396926207859092051 ) ) ;
#4766 = VERTEX_POINT ( 'NONE', #5706 ) ;
#4767 = ORIENTED_EDGE ( 'NONE', *, *, #2017, .T. ) ;
#4768 = DIRECTION ( 'NONE',  ( -0.9396926207859072067, 0.0000000000000000000, -0.3420201433256721546 ) ) ;
#4769 = DIRECTION ( 'NONE',  ( 0.3420201433256639389, 0.0000000000000000000, -0.9396926207859100932 ) ) ;
#4770 = LINE ( 'NONE', #3454, #4449 ) ;
#4771 = FACE_OUTER_BOUND ( 'NONE', #1397, .T. ) ;
#4772 = ORIENTED_EDGE ( 'NONE', *, *, #5749, .F. ) ;
#4773 = CARTESIAN_POINT ( 'NONE',  ( 0.5962719448011142287, -0.1650000000000000078, -0.01024000000000000084 ) ) ;
#4774 = ORIENTED_EDGE ( 'NONE', *, *, #4822, .F. ) ;
#4775 = APPLICATION_CONTEXT ( 'automotive_design' ) ;
#4776 = ADVANCED_FACE ( 'NONE', ( #1032 ), #5260, .F. ) ;
#4777 = ADVANCED_FACE ( 'NONE', ( #5617 ), #562, .F. ) ;
#4778 = CYLINDRICAL_SURFACE ( 'NONE', #142, 0.03740000000000053004 ) ;
#4779 = CYLINDRICAL_SURFACE ( 'NONE', #2715, 0.03155000000000051513 ) ;
#4780 = DIRECTION ( 'NONE',  ( 3.267760757971642910E-15, 1.000000000000000000, 0.0000000000000000000 ) ) ;
#4781 = EDGE_LOOP ( 'NONE', ( #2800, #1125, #2708, #443, #570, #4310 ) ) ;
#4782 = CONTEXT_DEPENDENT_SHAPE_REPRESENTATION ( #4808, #3439 ) ;
#4783 = EDGE_CURVE ( 'NONE', #2428, #2722, #3430, .T. ) ;
#4784 = CARTESIAN_POINT ( 'NONE',  ( 0.2942664688103074355, -0.2760000000000000231, -0.01574999999999998623 ) ) ;
#4785 = LINE ( 'NONE', #4339, #4634 ) ;
#4786 = CARTESIAN_POINT ( 'NONE',  ( 0.1898881722737659483, -2.283799334924821630E-16, 0.03838817227376631336 ) ) ;
#4787 = VERTEX_POINT ( 'NONE', #4302 ) ;
#4788 = FACE_OUTER_BOUND ( 'NONE', #2111, .T. ) ;
#4789 = DIRECTION ( 'NONE',  ( -0.3420201433256662704, 0.0000000000000000000, -0.9396926207859092051 ) ) ;
#4790 = LINE ( 'NONE', #641, #3190 ) ;
#4791 = VERTEX_POINT ( 'NONE', #4240 ) ;
#4792 = EDGE_LOOP ( 'NONE', ( #5117, #4879, #4115, #2962 ) ) ;
#4793 =( NAMED_UNIT ( * ) PLANE_ANGLE_UNIT ( ) SI_UNIT ( $, .RADIAN. ) );
#4794 = EDGE_CURVE ( 'NONE', #113, #1514, #1440, .T. ) ;
#4795 = PRODUCT_DEFINITION_CONTEXT ( 'detailed design', #4775, 'design' ) ;
#4796 = FACE_OUTER_BOUND ( 'NONE', #27, .T. ) ;
#4797 = LINE ( 'NONE', #3365, #407 ) ;
#4798 = LINE ( 'NONE', #1543, #4148 ) ;
#4799 = ORIENTED_EDGE ( 'NONE', *, *, #5785, .F. ) ;
#4800 = LINE ( 'NONE', #2915, #3221 ) ;
#4801 = ORIENTED_EDGE ( 'NONE', *, *, #3402, .F. ) ;
#4802 = EDGE_LOOP ( 'NONE', ( #3235, #1202, #3147, #965 ) ) ;
#4803 = EDGE_CURVE ( 'NONE', #3297, #5936, #5193, .T. ) ;
#4804 = AXIS2_PLACEMENT_3D ( 'NONE', #5609, #2905, #2454 ) ;
#4805 = DIRECTION ( 'NONE',  ( -0.0000000000000000000, 1.000000000000000000, -0.0000000000000000000 ) ) ;
#4806 = DIRECTION ( 'NONE',  ( 0.0000000000000000000, 0.0000000000000000000, 1.000000000000000000 ) ) ;
#4807 = ORIENTED_EDGE ( 'NONE', *, *, #1047, .T. ) ;
#4808 =( REPRESENTATION_RELATIONSHIP ('NONE','NONE', #5618, #2351 ) REPRESENTATION_RELATIONSHIP_WITH_TRANSFORMATION ( #3409 )SHAPE_REPRESENTATION_RELATIONSHIP( ) );
#4809 = CONTEXT_DEPENDENT_SHAPE_REPRESENTATION ( #5387, #200 ) ;
#4810 = VECTOR ( 'NONE', #871, 39.37007874015748854 ) ;
#4811 = DIRECTION ( 'NONE',  ( -0.3420201433256694346, 0.0000000000000000000, -0.9396926207859080948 ) ) ;
#4812 = AXIS2_PLACEMENT_3D ( 'NONE', #102, #3339, #1938 ) ;
#4813 = PLANE ( 'NONE',  #1734 ) ;
#4814 = CARTESIAN_POINT ( 'NONE',  ( 0.1773881722737659650, -6.363951292375611391E-16, 0.1920881722737668995 ) ) ;
#4815 = LINE ( 'NONE', #4370, #3801 ) ;
#4816 = EDGE_CURVE ( 'NONE', #4817, #3104, #4798, .T. ) ;
#4817 = VERTEX_POINT ( 'NONE', #2881 ) ;
#4818 = VECTOR ( 'NONE', #580, 39.37007874015748143 ) ;
#4819 = ORIENTED_EDGE ( 'NONE', *, *, #1129, .F. ) ;
#4820 = CARTESIAN_POINT ( 'NONE',  ( 0.2068881722737641038, -7.535405209695267354E-16, 0.2014182992926948357 ) ) ;
#4821 = PLANE ( 'NONE',  #4146 ) ;
#4822 = EDGE_CURVE ( 'NONE', #1348, #2413, #3079, .T. ) ;
#4823 = ORIENTED_EDGE ( 'NONE', *, *, #2128, .T. ) ;
#4824 = VERTEX_POINT ( 'NONE', #1062 ) ;
#4825 = VECTOR ( 'NONE', #947, 39.37007874015748143 ) ;
#4826 = LINE ( 'NONE', #2175, #3041 ) ;
#4827 = DIRECTION ( 'NONE',  ( -0.2588190451025604299, 4.082888071843713795E-15, -0.9659258262890575431 ) ) ;
#4828 = DIRECTION ( 'NONE',  ( -1.000000000000000000, 0.0000000000000000000, 0.0000000000000000000 ) ) ;
#4829 = ORIENTED_EDGE ( 'NONE', *, *, #1344, .T. ) ;
#4830 = AXIS2_PLACEMENT_3D ( 'NONE', #2573, #1123, #252 ) ;
#4831 = CARTESIAN_POINT ( 'NONE',  ( 0.5759359376206146797, -0.2760000000000000231, -0.09999999999999989453 ) ) ;
#4832 = ORIENTED_EDGE ( 'NONE', *, *, #259, .T. ) ;
#4833 = VERTEX_POINT ( 'NONE', #2004 ) ;
#4834 = VECTOR ( 'NONE', #3875, 39.37007874015748854 ) ;
#4835 = DIRECTION ( 'NONE',  ( 0.0000000000000000000, 0.0000000000000000000, 1.000000000000000000 ) ) ;
#4836 = LINE ( 'NONE', #1069, #4350 ) ;
#4837 = DIRECTION ( 'NONE',  ( -0.0000000000000000000, 1.000000000000000000, -0.0000000000000000000 ) ) ;
#4838 = ADVANCED_FACE ( 'NONE', ( #3397 ), #5225, .T. ) ;
#4839 = EDGE_LOOP ( 'NONE', ( #3253, #1624, #5914, #4229 ) ) ;
#4840 = PRODUCT_CONTEXT ( 'NONE', #2314, 'mechanical' ) ;
#4841 = LINE ( 'NONE', #684, #5423 ) ;
#4842 = VECTOR ( 'NONE', #1859, 39.37007874015748143 ) ;
#4843 = DIRECTION ( 'NONE',  ( -0.0000000000000000000, 0.0000000000000000000, 1.000000000000000000 ) ) ;
#4844 = DIRECTION ( 'NONE',  ( 0.0000000000000000000, 1.000000000000000000, 0.0000000000000000000 ) ) ;
#4845 = ORIENTED_EDGE ( 'NONE', *, *, #5712, .F. ) ;
#4846 = VECTOR ( 'NONE', #3245, 39.37007874015748143 ) ;
#4847 = EDGE_CURVE ( 'NONE', #456, #4241, #3601, .T. ) ;
#4848 = VERTEX_POINT ( 'NONE', #3571 ) ;
#4849 = VECTOR ( 'NONE', #3134, 39.37007874015748143 ) ;
#4850 = EDGE_CURVE ( 'NONE', #1575, #3785, #2117, .T. ) ;
#4851 = VECTOR ( 'NONE', #4598, 39.37007874015748143 ) ;
#4852 = CARTESIAN_POINT ( 'NONE',  ( 0.1773881722737657429, -1.016790325919227706E-15, 0.3070881722737662800 ) ) ;
#4853 = DIRECTION ( 'NONE',  ( 1.715124499442882891E-15, 3.307784318971030633E-15, -1.000000000000000000 ) ) ;
#4854 = VERTEX_POINT ( 'NONE', #314 ) ;
#4855 = ORIENTED_EDGE ( 'NONE', *, *, #3121, .T. ) ;
#4856 = CARTESIAN_POINT ( 'NONE',  ( 0.09627194480111424257, -0.1650000000000000078, -0.08975999999999990930 ) ) ;
#4857 = VECTOR ( 'NONE', #4769, 39.37007874015748143 ) ;
#4858 = EDGE_CURVE ( 'NONE', #2489, #3776, #703, .T. ) ;
#4859 = DIRECTION ( 'NONE',  ( -0.0000000000000000000, -1.000000000000000000, -2.147139079527372365E-16 ) ) ;
#4860 = CARTESIAN_POINT ( 'NONE',  ( 0.5695174688103079585, -0.03399999999999996775, -0.05000000000000019013 ) ) ;
#4861 = DIRECTION ( 'NONE',  ( 1.715124499442882891E-15, 3.307784318971030633E-15, -1.000000000000000000 ) ) ;
#4862 = VERTEX_POINT ( 'NONE', #4946 ) ;
#4863 = CARTESIAN_POINT ( 'NONE',  ( -0.01203253118969267385, -0.1650000000000000078, -0.01024000000000000084 ) ) ;
#4864 = ORIENTED_EDGE ( 'NONE', *, *, #2658, .F. ) ;
#4865 = ORIENTED_EDGE ( 'NONE', *, *, #5771, .F. ) ;
#4866 = EDGE_CURVE ( 'NONE', #2489, #4817, #5789, .T. ) ;
#4867 = CARTESIAN_POINT ( 'NONE',  ( 0.0000000000000000000, 0.0000000000000000000, 0.0000000000000000000 ) ) ;
#4868 = CARTESIAN_POINT ( 'NONE',  ( 0.6759359376206146575, 0.0000000000000000000, -9.478001694819074349E-34 ) ) ;
#4869 = DIRECTION ( 'NONE',  ( 0.0000000000000000000, 0.0000000000000000000, 1.000000000000000000 ) ) ;
#4870 = VERTEX_POINT ( 'NONE', #4438 ) ;
#4871 = DIMENSIONAL_EXPONENTS ( 1.000000000000000000, 0.0000000000000000000, 0.0000000000000000000, 0.0000000000000000000, 0.0000000000000000000, 0.0000000000000000000, 0.0000000000000000000 ) ;
#4872 = LINE ( 'NONE', #2646, #5625 ) ;
#4873 = CARTESIAN_POINT ( 'NONE',  ( 0.2759359376206146353, -0.1650000000000000078, -9.478001694819074349E-34 ) ) ;
#4874 = ORIENTED_EDGE ( 'NONE', *, *, #4193, .F. ) ;
#4875 = CARTESIAN_POINT ( 'NONE',  ( -0.01203253118969267385, -0.1650000000000000078, -0.01024000000000000084 ) ) ;
#4876 = ORIENTED_EDGE ( 'NONE', *, *, #3818, .F. ) ;
#4877 = CARTESIAN_POINT ( 'NONE',  ( 0.7816674688103073532, -0.1531900000000000206, -0.08424999999999951972 ) ) ;
#4878 = CARTESIAN_POINT ( 'NONE',  ( 0.7574669688103072840, -0.03899999999999999994, -2.111326675243292448E-17 ) ) ;
#4879 = ORIENTED_EDGE ( 'NONE', *, *, #3350, .F. ) ;
#4880 = ORIENTED_EDGE ( 'NONE', *, *, #833, .F. ) ;
#4881 = ADVANCED_FACE ( 'NONE', ( #2601 ), #3081, .F. ) ;
#4882 = DIRECTION ( 'NONE',  ( 0.3420201433256694346, -2.017650748832918720E-16, 0.9396926207859080948 ) ) ;
#4883 = CARTESIAN_POINT ( 'NONE',  ( 0.2999990000000001267, -0.1650000000000000078, -0.09999999999999989453 ) ) ;
#4884 = DIRECTION ( 'NONE',  ( -1.000000000000000000, 3.430248998885772092E-15, -1.707404996040198285E-15 ) ) ;
#4885 = VERTEX_POINT ( 'NONE', #5316 ) ;
#4886 = CARTESIAN_POINT ( 'NONE',  ( 0.1773881722737659650, -6.672571770847787583E-16, 0.2014182992926948079 ) ) ;
#4887 = EDGE_LOOP ( 'NONE', ( #244, #5755, #5187, #4947 ) ) ;
#4888 = EDGE_CURVE ( 'NONE', #1707, #3459, #815, .T. ) ;
#4889 =( NAMED_UNIT ( * ) SI_UNIT ( $, .STERADIAN. ) SOLID_ANGLE_UNIT ( ) );
#4890 = LINE ( 'NONE', #3578, #3204 ) ;
#4891 = DIRECTION ( 'NONE',  ( -0.0000000000000000000, 1.000000000000000000, -0.0000000000000000000 ) ) ;
#4892 = EDGE_LOOP ( 'NONE', ( #194, #3480 ) ) ;
#4893 = ADVANCED_FACE ( 'NONE', ( #4052 ), #1150, .F. ) ;
#4894 = CONTEXT_DEPENDENT_SHAPE_REPRESENTATION ( #467, #4962 ) ;
#4895 = DIRECTION ( 'NONE',  ( -0.0000000000000000000, 1.000000000000000000, -0.0000000000000000000 ) ) ;
#4896 = DIRECTION ( 'NONE',  ( 0.0000000000000000000, -1.000000000000000000, 0.0000000000000000000 ) ) ;
#4897 = CARTESIAN_POINT ( 'NONE',  ( 0.7574669688103072840, 0.0000000000000000000, -2.111326675243292448E-17 ) ) ;
#4898 = CYLINDRICAL_SURFACE ( 'NONE', #5611, 0.02999999999999940561 ) ;
#4899 = ORIENTED_EDGE ( 'NONE', *, *, #1960, .T. ) ;
#4900 = EDGE_CURVE ( 'NONE', #4456, #2385, #782, .T. ) ;
#4901 = VECTOR ( 'NONE', #2342, 39.37007874015748143 ) ;
#4902 = AXIS2_PLACEMENT_3D ( 'NONE', #2209, #1723, #5852 ) ;
#4903 = CARTESIAN_POINT ( 'NONE',  ( 0.1478881722737684368, 6.324450808263441738E-16, -0.1609118277262354957 ) ) ;
#4904 = CIRCLE ( 'NONE', #954, 0.03155000000000051513 ) ;
#4905 = ORIENTED_EDGE ( 'NONE', *, *, #657, .F. ) ;
#4906 = CARTESIAN_POINT ( 'NONE',  ( 0.4379674688103074032, -0.1531900000000000206, -0.05000000000000019013 ) ) ;
#4907 = ORIENTED_EDGE ( 'NONE', *, *, #2702, .T. ) ;
#4908 = EDGE_CURVE ( 'NONE', #3273, #4106, #2092, .T. ) ;
#4909 = CIRCLE ( 'NONE', #2997, 0.03740000000000053698 ) ;
#4910 = ORIENTED_EDGE ( 'NONE', *, *, #4935, .T. ) ;
#4911 = AXIS2_PLACEMENT_3D ( 'NONE', #4367, #2561, #5239 ) ;
#4912 = ADVANCED_FACE ( 'NONE', ( #4387 ), #253, .F. ) ;
#4913 = CARTESIAN_POINT ( 'NONE',  ( 0.5379674688103074365, 0.0000000000000000000, -0.05000000000000019013 ) ) ;
#4914 = DIRECTION ( 'NONE',  ( 0.0000000000000000000, 0.0000000000000000000, 1.000000000000000000 ) ) ;
#4915 = DIRECTION ( 'NONE',  ( 0.0000000000000000000, 0.0000000000000000000, 1.000000000000000000 ) ) ;
#4916 = EDGE_LOOP ( 'NONE', ( #2137, #4918, #5062, #5188 ) ) ;
#4917 = CARTESIAN_POINT ( 'NONE',  ( 0.1816684688103074041, -0.2760000000000000231, -0.08424999999999954747 ) ) ;
#4918 = ORIENTED_EDGE ( 'NONE', *, *, #481, .F. ) ;
#4919 = CIRCLE ( 'NONE', #501, 0.03155000000000051513 ) ;
#4920 = ADVANCED_FACE ( 'NONE', ( #5823 ), #4000, .T. ) ;
#4921 = CIRCLE ( 'NONE', #118, 0.03740000000000053004 ) ;
#4922 = DIRECTION ( 'NONE',  ( 0.3420201433256694346, -2.017650748832918720E-16, 0.9396926207859080948 ) ) ;
#4923 = DIRECTION ( 'NONE',  ( 1.715124499442882891E-15, 3.307784318971030633E-15, -1.000000000000000000 ) ) ;
#4924 = ORIENTED_EDGE ( 'NONE', *, *, #271, .T. ) ;
#4925 = AXIS2_PLACEMENT_3D ( 'NONE', #2661, #5429, #4084 ) ;
#4926 = FACE_OUTER_BOUND ( 'NONE', #1774, .T. ) ;
#4927 = EDGE_CURVE ( 'NONE', #4144, #4303, #280, .T. ) ;
#4928 = FACE_OUTER_BOUND ( 'NONE', #258, .T. ) ;
#4929 = DIRECTION ( 'NONE',  ( 1.000000000000000000, 0.0000000000000000000, 0.0000000000000000000 ) ) ;
#4930 = VECTOR ( 'NONE', #1793, 39.37007874015748143 ) ;
#4931 = DIRECTION ( 'NONE',  ( 1.000000000000000000, -0.0000000000000000000, -0.0000000000000000000 ) ) ;
#4932 = ORIENTED_EDGE ( 'NONE', *, *, #1318, .T. ) ;
#4933 = VECTOR ( 'NONE', #1338, 39.37007874015748143 ) ;
#4934 = CARTESIAN_POINT ( 'NONE',  ( 0.1816684688103074041, -0.1531900000000000206, -0.01574999999999998623 ) ) ;
#4935 = EDGE_CURVE ( 'NONE', #4656, #2496, #297, .T. ) ;
#4936 = ORIENTED_EDGE ( 'NONE', *, *, #3410, .F. ) ;
#4937 = DIRECTION ( 'NONE',  ( 0.3420201433256694346, -2.017650748832918720E-16, 0.9396926207859080948 ) ) ;
#4938 = CIRCLE ( 'NONE', #1092, 0.03049999999999848665 ) ;
#4939 = EDGE_LOOP ( 'NONE', ( #4221, #4433, #2744, #1414, #982, #4982 ) ) ;
#4940 = CIRCLE ( 'NONE', #1377, 0.03740000000000053004 ) ;
#4941 = ORIENTED_EDGE ( 'NONE', *, *, #1302, .T. ) ;
#4942 = AXIS2_PLACEMENT_3D ( 'NONE', #4309, #5715, #680 ) ;
#4943 = VECTOR ( 'NONE', #746, 39.37007874015748143 ) ;
#4944 = LINE ( 'NONE', #3029, #3615 ) ;
#4945 = CARTESIAN_POINT ( 'NONE',  ( 0.7759349376206153837, -0.1650000000000000078, -0.09999999999999974187 ) ) ;
#4946 = CARTESIAN_POINT ( 'NONE',  ( 0.2078881722737644377, -6.909735705005763343E-16, 0.1920881722737669550 ) ) ;
#4947 = ORIENTED_EDGE ( 'NONE', *, *, #2376, .F. ) ;
#4948 = LINE ( 'NONE', #2148, #5417 ) ;
#4949 = ORIENTED_EDGE ( 'NONE', *, *, #3751, .F. ) ;
#4950 = CIRCLE ( 'NONE', #340, 0.03155000000000051513 ) ;
#4951 = DIRECTION ( 'NONE',  ( 1.000000000000000000, 0.0000000000000000000, -0.0000000000000000000 ) ) ;
#4952 = VECTOR ( 'NONE', #4528, 39.37007874015748143 ) ;
#4953 = CARTESIAN_POINT ( 'NONE',  ( 0.7879674688103074365, -0.1650000000000000078, -0.01574999999999984746 ) ) ;
#4954 = DIRECTION ( 'NONE',  ( 0.0000000000000000000, 0.0000000000000000000, 1.000000000000000000 ) ) ;
#4955 = EDGE_LOOP ( 'NONE', ( #3640, #1436, #4677, #1040 ) ) ;
#4956 = CARTESIAN_POINT ( 'NONE',  ( 0.4999990000000001378, -0.1650000000000000078, -0.09999999999999989453 ) ) ;
#4957 = DIRECTION ( 'NONE',  ( -0.0000000000000000000, 1.000000000000000000, -0.0000000000000000000 ) ) ;
#4958 = FACE_OUTER_BOUND ( 'NONE', #1171, .T. ) ;
#4959 = LINE ( 'NONE', #826, #531 ) ;
#4960 = CARTESIAN_POINT ( 'NONE',  ( 0.1773881722737655764, -0.02090000000000104621, 0.3851881722737664493 ) ) ;
#4961 = ORIENTED_EDGE ( 'NONE', *, *, #4299, .F. ) ;
#4962 = PRODUCT_DEFINITION_SHAPE ( 'NONE', 'NONE',  #5957 ) ;
#4963 = EDGE_CURVE ( 'NONE', #5740, #5644, #2574, .T. ) ;
#4964 = EDGE_CURVE ( 'NONE', #158, #3111, #1691, .T. ) ;
#4965 = CARTESIAN_POINT ( 'NONE',  ( -0.01203253118969267385, -0.1531900000000000206, -0.08424999999999989442 ) ) ;
#4966 = ORIENTED_EDGE ( 'NONE', *, *, #1212, .T. ) ;
#4967 = PLANE ( 'NONE',  #1264 ) ;
#4968 = ORIENTED_EDGE ( 'NONE', *, *, #112, .T. ) ;
#4969 = VERTEX_POINT ( 'NONE', #1713 ) ;
#4970 = EDGE_CURVE ( 'NONE', #3697, #2654, #1259, .T. ) ;
#4971 = CARTESIAN_POINT ( 'NONE',  ( 0.5942664688103074244, -0.2760000000000000231, -0.01574999999999998623 ) ) ;
#4972 = CARTESIAN_POINT ( 'NONE',  ( 0.7759349376206153837, -0.1531900000000000206, -0.09999999999999974187 ) ) ;
#4973 = FACE_BOUND ( 'NONE', #5692, .T. ) ;
#4974 = EDGE_LOOP ( 'NONE', ( #5945, #2566, #83, #5569 ) ) ;
#4975 = DIRECTION ( 'NONE',  ( 1.715124499442882891E-15, 3.307784318971030633E-15, -1.000000000000000000 ) ) ;
#4976 = VERTEX_POINT ( 'NONE', #432 ) ;
#4977 = LINE ( 'NONE', #5103, #4710 ) ;
#4978 = EDGE_CURVE ( 'NONE', #1989, #5554, #1293, .T. ) ;
#4979 = DIRECTION ( 'NONE',  ( -1.000000000000000000, 0.0000000000000000000, 0.0000000000000000000 ) ) ;
#4980 = LINE ( 'NONE', #354, #1653 ) ;
#4981 = FACE_OUTER_BOUND ( 'NONE', #2405, .T. ) ;
#4982 = ORIENTED_EDGE ( 'NONE', *, *, #5111, .F. ) ;
#4983 = CARTESIAN_POINT ( 'NONE',  ( 0.1796629928195004888, -0.1650000000000000078, -0.08975999999999990930 ) ) ;
#4984 = CARTESIAN_POINT ( 'NONE',  ( 0.7796619928195007709, -0.1650000000000000078, -0.08975999999999990930 ) ) ;
#4985 = DIRECTION ( 'NONE',  ( 1.000000000000000000, -0.0000000000000000000, 0.0000000000000000000 ) ) ;
#4986 = DIRECTION ( 'NONE',  ( -1.000000000000000000, 3.430248998885772487E-15, -1.229766724368511581E-15 ) ) ;
#4987 = EDGE_CURVE ( 'NONE', #1558, #5818, #2815, .T. ) ;
#4988 = DIRECTION ( 'NONE',  ( -0.0000000000000000000, 1.000000000000000000, -0.0000000000000000000 ) ) ;
#4989 = CARTESIAN_POINT ( 'NONE',  ( 0.2379674688103073643, 9.184870279381501883E-17, -0.08740000000000071323 ) ) ;
#4990 = ORIENTED_EDGE ( 'NONE', *, *, #535, .F. ) ;
#4991 = DIRECTION ( 'NONE',  ( 0.0000000000000000000, 0.0000000000000000000, 1.000000000000000000 ) ) ;
#4992 = PLANE ( 'NONE',  #2352 ) ;
#4993 = ORIENTED_EDGE ( 'NONE', *, *, #1283, .F. ) ;
#4994 = ADVANCED_FACE ( 'NONE', ( #4973, #2269, #4645, #400, #1417, #4085, #1778, #525, #931 ), #903, .F. ) ;
#4995 = AXIS2_PLACEMENT_3D ( 'NONE', #1750, #2300, #465 ) ;
#4996 = DIRECTION ( 'NONE',  ( 1.715124499442882891E-15, 3.307784318971030633E-15, -1.000000000000000000 ) ) ;
#4997 = ORIENTED_EDGE ( 'NONE', *, *, #5816, .F. ) ;
#4998 = ORIENTED_EDGE ( 'NONE', *, *, #3467, .F. ) ;
#4999 = VECTOR ( 'NONE', #2909, 39.37007874015748143 ) ;
#5000 = DIRECTION ( 'NONE',  ( 0.0000000000000000000, 3.369016658928398207E-15, -1.000000000000000000 ) ) ;
#5001 = EDGE_CURVE ( 'NONE', #2374, #2474, #5305, .T. ) ;
#5002 = AXIS2_PLACEMENT_3D ( 'NONE', #322, #2155, #5829 ) ;
#5003 = CARTESIAN_POINT ( 'NONE',  ( 0.2796629928195005221, -0.1531900000000000206, -0.08975999999999990930 ) ) ;
#5004 = LINE ( 'NONE', #867, #4818 ) ;
#5005 = ORIENTED_EDGE ( 'NONE', *, *, #3129, .F. ) ;
#5006 = LINE ( 'NONE', #2784, #1472 ) ;
#5007 = ORIENTED_EDGE ( 'NONE', *, *, #5749, .T. ) ;
#5008 = CARTESIAN_POINT ( 'NONE',  ( 0.6816684688103075151, -0.1531900000000000206, -0.01574999999999996542 ) ) ;
#5009 = VECTOR ( 'NONE', #3696, 39.37007874015748143 ) ;
#5010 = ORIENTED_EDGE ( 'NONE', *, *, #5413, .T. ) ;
#5011 = DIRECTION ( 'NONE',  ( 2.710166660381209369E-15, 0.0000000000000000000, -1.000000000000000000 ) ) ;
#5012 = LINE ( 'NONE', #877, #2433 ) ;
#5013 = DIRECTION ( 'NONE',  ( -1.000000000000000000, -0.0000000000000000000, -0.0000000000000000000 ) ) ;
#5014 = PRODUCT ( '0970_default', '0970_default', '', ( #4840 ) ) ;
#5015 = ORIENTED_EDGE ( 'NONE', *, *, #3542, .T. ) ;
#5016 = AXIS2_PLACEMENT_3D ( 'NONE', #1854, #2888, #2436 ) ;
#5017 = CARTESIAN_POINT ( 'NONE',  ( -0.003727055198885884709, -0.1650000000000000078, -0.08975999999999990930 ) ) ;
#5018 = DIRECTION ( 'NONE',  ( 1.715124499442882891E-15, 3.307784318971030633E-15, -1.000000000000000000 ) ) ;
#5019 = ADVANCED_FACE ( 'NONE', ( #4586 ), #3632, .F. ) ;
#5020 = LINE ( 'NONE', #849, #4259 ) ;
#5021 = LINE ( 'NONE', #568, #2838 ) ;
#5022 = LINE ( 'NONE', #2253, #1089 ) ;
#5023 = LINE ( 'NONE', #4105, #1863 ) ;
#5024 = VERTEX_POINT ( 'NONE', #2233 ) ;
#5025 = VECTOR ( 'NONE', #4922, 39.37007874015748143 ) ;
#5026 = DIRECTION ( 'NONE',  ( 1.000000000000000000, -0.0000000000000000000, 0.0000000000000000000 ) ) ;
#5027 = VECTOR ( 'NONE', #3999, 39.37007874015748854 ) ;
#5028 = ORIENTED_EDGE ( 'NONE', *, *, #5345, .T. ) ;
#5029 = CARTESIAN_POINT ( 'NONE',  ( 0.7796619928195004379, -0.1650000000000000078, -0.01024000000000000084 ) ) ;
#5030 = DIMENSIONAL_EXPONENTS ( 1.000000000000000000, 0.0000000000000000000, 0.0000000000000000000, 0.0000000000000000000, 0.0000000000000000000, 0.0000000000000000000, 0.0000000000000000000 ) ;
#5031 = ORIENTED_EDGE ( 'NONE', *, *, #1205, .F. ) ;
#5032 = ORIENTED_EDGE ( 'NONE', *, *, #2885, .T. ) ;
#5033 = VECTOR ( 'NONE', #1315, 39.37007874015748143 ) ;
#5034 = EDGE_CURVE ( 'NONE', #4321, #1632, #4612, .T. ) ;
#5035 = EDGE_CURVE ( 'NONE', #2272, #4111, #5939, .T. ) ;
#5036 = PLANE ( 'NONE',  #423 ) ;
#5037 = AXIS2_PLACEMENT_3D ( 'NONE', #5650, #4273, #1545 ) ;
#5038 = DIRECTION ( 'NONE',  ( -0.0000000000000000000, 1.000000000000000000, 0.0000000000000000000 ) ) ;
#5039 = CARTESIAN_POINT ( 'NONE',  ( -0.005732531189691705831, 0.0000000000000000000, -0.08425000000000165690 ) ) ;
#5040 = ORIENTED_EDGE ( 'NONE', *, *, #2955, .F. ) ;
#5041 = CARTESIAN_POINT ( 'NONE',  ( 0.6816684688103075151, 0.0000000000000000000, -0.08424999999999954747 ) ) ;
#5042 = ORIENTED_EDGE ( 'NONE', *, *, #2334, .F. ) ;
#5043 = LINE ( 'NONE', #4057, #3567 ) ;
#5044 = AXIS2_PLACEMENT_3D ( 'NONE', #3730, #4610, #5000 ) ;
#5045 = AXIS2_PLACEMENT_3D ( 'NONE', #1952, #3927, #5299 ) ;
#5046 = UNCERTAINTY_MEASURE_WITH_UNIT (LENGTH_MEASURE( 1.000000000000000082E-05 ), #2862, 'distance_accuracy_value', 'NONE');
#5047 = VERTEX_POINT ( 'NONE', #838 ) ;
#5048 = LINE ( 'NONE', #4561, #345 ) ;
#5049 = CARTESIAN_POINT ( 'NONE',  ( 0.2962719448011142953, -0.2760000000000000231, -0.08975999999999990930 ) ) ;
#5050 = CARTESIAN_POINT ( 'NONE',  ( 0.2759359376206146353, 0.0000000000000000000, -0.09999999999999989453 ) ) ;
#5051 = VECTOR ( 'NONE', #3861, 39.37007874015748143 ) ;
#5052 = ORIENTED_EDGE ( 'NONE', *, *, #3743, .F. ) ;
#5053 = EDGE_CURVE ( 'NONE', #1413, #2831, #461, .T. ) ;
#5054 = MECHANICAL_DESIGN_GEOMETRIC_PRESENTATION_REPRESENTATION (  '', ( #5248 ), #2168 ) ;
#5055 = DIRECTION ( 'NONE',  ( -0.0000000000000000000, 1.000000000000000000, -0.0000000000000000000 ) ) ;
#5056 = DIRECTION ( 'NONE',  ( 0.3420201433256639389, 0.0000000000000000000, -0.9396926207859100932 ) ) ;
#5057 = FACE_OUTER_BOUND ( 'NONE', #5061, .T. ) ;
#5058 = LINE ( 'NONE', #919, #715 ) ;
#5059 = DIRECTION ( 'NONE',  ( -1.715124499442882891E-15, -3.369016658928398207E-15, 1.000000000000000000 ) ) ;
#5060 = CARTESIAN_POINT ( 'NONE',  ( -0.01203253118969264436, 0.0000000000000000000, -0.08424999999999989442 ) ) ;
#5061 = EDGE_LOOP ( 'NONE', ( #2477, #681 ) ) ;
#5062 = ORIENTED_EDGE ( 'NONE', *, *, #1599, .F. ) ;
#5063 = DIRECTION ( 'NONE',  ( 0.0000000000000000000, 0.0000000000000000000, -1.000000000000000000 ) ) ;
#5064 = ORIENTED_EDGE ( 'NONE', *, *, #427, .T. ) ;
#5065 = VERTEX_POINT ( 'NONE', #4141 ) ;
#5066 = CARTESIAN_POINT ( 'NONE',  ( 0.08166846881030738470, 0.0000000000000000000, -0.01574999999999998623 ) ) ;
#5067 = LINE ( 'NONE', #2268, #3106 ) ;
#5068 = CARTESIAN_POINT ( 'NONE',  ( 0.2816684688103074374, 0.0000000000000000000, -0.01574999999999998623 ) ) ;
#5069 = EDGE_CURVE ( 'NONE', #228, #4034, #5911, .T. ) ;
#5070 = ORIENTED_EDGE ( 'NONE', *, *, #5944, .T. ) ;
#5071 = CARTESIAN_POINT ( 'NONE',  ( 0.7759349376206153837, -0.1650000000000000078, -0.09999999999999974187 ) ) ;
#5072 = EDGE_LOOP ( 'NONE', ( #4202, #5610, #638, #1226 ) ) ;
#5073 = CARTESIAN_POINT ( 'NONE',  ( 0.1898881722737663091, 4.899054313720832670E-16, -0.1609118277262354124 ) ) ;
#5074 = VERTEX_POINT ( 'NONE', #6 ) ;
#5075 = CARTESIAN_POINT ( 'NONE',  ( -1.600692183787654153E-17, 0.0000000000000000000, -0.09999999999999989453 ) ) ;
#5076 = ORIENTED_EDGE ( 'NONE', *, *, #1352, .T. ) ;
#5077 = DIRECTION ( 'NONE',  ( -0.0000000000000000000, 0.0000000000000000000, -1.000000000000000000 ) ) ;
#5078 = CYLINDRICAL_SURFACE ( 'NONE', #3569, 0.02999999999999940561 ) ;
#5079 = EDGE_CURVE ( 'NONE', #2385, #4787, #2782, .T. ) ;
#5080 = ORIENTED_EDGE ( 'NONE', *, *, #1002, .T. ) ;
#5081 = CARTESIAN_POINT ( 'NONE',  ( 0.5816684688103074263, -0.2760000000000000231, -0.08424999999999954747 ) ) ;
#5082 = SURFACE_SIDE_STYLE ('',( #3256 ) ) ;
#5083 = LINE ( 'NONE', #2344, #3973 ) ;
#5084 = DIRECTION ( 'NONE',  ( -0.0000000000000000000, 1.000000000000000000, -0.0000000000000000000 ) ) ;
#5085 = EDGE_CURVE ( 'NONE', #4132, #381, #1838, .T. ) ;
#5086 = VERTEX_POINT ( 'NONE', #2329 ) ;
#5087 = APPLICATION_CONTEXT ( 'automotive_design' ) ;
#5088 = ORIENTED_EDGE ( 'NONE', *, *, #2863, .F. ) ;
#5089 = FILL_AREA_STYLE ('',( #3262 ) ) ;
#5090 = CARTESIAN_POINT ( 'NONE',  ( 0.7879674688103074365, -0.1650000000000000078, -0.08424999999999950584 ) ) ;
#5091 = ORIENTED_EDGE ( 'NONE', *, *, #4641, .F. ) ;
#5092 = EDGE_CURVE ( 'NONE', #1115, #696, #5099, .T. ) ;
#5093 = DIRECTION ( 'NONE',  ( 0.0000000000000000000, -0.0000000000000000000, -1.000000000000000000 ) ) ;
#5094 = ORIENTED_EDGE ( 'NONE', *, *, #5794, .F. ) ;
#5095 = ORIENTED_EDGE ( 'NONE', *, *, #558, .T. ) ;
#5096 = DIRECTION ( 'NONE',  ( 0.0000000000000000000, 0.0000000000000000000, 1.000000000000000000 ) ) ;
#5097 = EDGE_CURVE ( 'NONE', #163, #5677, #4173, .T. ) ;
#5098 = PLANE ( 'NONE',  #511 ) ;
#5099 = LINE ( 'NONE', #5553, #5009 ) ;
#5100 = ORIENTED_EDGE ( 'NONE', *, *, #4125, .T. ) ;
#5101 = CARTESIAN_POINT ( 'NONE',  ( 0.01846696881030735274, -0.03899999999999999994, 0.04599999999999997841 ) ) ;
#5102 = VERTEX_POINT ( 'NONE', #41 ) ;
#5103 = CARTESIAN_POINT ( 'NONE',  ( 0.3796629928195004444, -0.2760000000000000231, -0.08975999999999990930 ) ) ;
#5104 = VECTOR ( 'NONE', #5645, 39.37007874015748143 ) ;
#5105 = VECTOR ( 'NONE', #3366, 39.37007874015748143 ) ;
#5106 = DIRECTION ( 'NONE',  ( 0.0000000000000000000, 0.0000000000000000000, 1.000000000000000000 ) ) ;
#5107 = DIRECTION ( 'NONE',  ( 1.000000000000000000, 0.0000000000000000000, -1.855874995695831977E-16 ) ) ;
#5108 = CARTESIAN_POINT ( 'NONE',  ( 0.1759359376206146575, -0.1650000000000000078, -0.09999999999999989453 ) ) ;
#5109 = VERTEX_POINT ( 'NONE', #5459 ) ;
#5110 = VECTOR ( 'NONE', #754, 39.37007874015748143 ) ;
#5111 = EDGE_CURVE ( 'NONE', #4099, #4321, #3732, .T. ) ;
#5112 = DIRECTION ( 'NONE',  ( -0.3420201433256694346, -0.0000000000000000000, -0.9396926207859080948 ) ) ;
#5113 = CARTESIAN_POINT ( 'NONE',  ( -0.01203253118969267385, -0.1650000000000000078, -0.01024000000000000084 ) ) ;
#5114 = LINE ( 'NONE', #979, #4066 ) ;
#5115 = FACE_OUTER_BOUND ( 'NONE', #1324, .T. ) ;
#5116 = ORIENTED_EDGE ( 'NONE', *, *, #3664, .T. ) ;
#5117 = ORIENTED_EDGE ( 'NONE', *, *, #2478, .T. ) ;
#5118 = VECTOR ( 'NONE', #567, 39.37007874015748854 ) ;
#5119 = EDGE_CURVE ( 'NONE', #1060, #2812, #5004, .T. ) ;
#5120 = SPHERICAL_SURFACE ( 'NONE', #2452, 0.01250000000000048121 ) ;
#5121 = CARTESIAN_POINT ( 'NONE',  ( 0.7379674688103073921, 9.184870279381501883E-17, -0.05000000000000019013 ) ) ;
#5122 = VECTOR ( 'NONE', #4301, 39.37007874015748143 ) ;
#5123 = DIRECTION ( 'NONE',  ( 1.980403796674357815E-16, 0.0000000000000000000, -1.000000000000000000 ) ) ;
#5124 = ORIENTED_EDGE ( 'NONE', *, *, #1587, .T. ) ;
#5125 = ORIENTED_EDGE ( 'NONE', *, *, #3581, .F. ) ;
#5126 = VECTOR ( 'NONE', #4789, 39.37007874015748854 ) ;
#5127 = DIRECTION ( 'NONE',  ( 0.0000000000000000000, 1.000000000000000000, 0.0000000000000000000 ) ) ;
#5128 = CARTESIAN_POINT ( 'NONE',  ( 0.1816684688103074041, 0.0000000000000000000, -0.01574999999999998623 ) ) ;
#5129 = LINE ( 'NONE', #1052, #1642 ) ;
#5130 = VERTEX_POINT ( 'NONE', #610 ) ;
#5131 = AXIS2_PLACEMENT_3D ( 'NONE', #5806, #1591, #5273 ) ;
#5132 = ORIENTED_EDGE ( 'NONE', *, *, #907, .T. ) ;
#5133 = DIRECTION ( 'NONE',  ( 0.9396926207859080948, 0.0000000000000000000, -0.3420201433256694346 ) ) ;
#5134 = VECTOR ( 'NONE', #4472, 39.37007874015748143 ) ;
#5135 = FACE_OUTER_BOUND ( 'NONE', #3401, .T. ) ;
#5136 = LINE ( 'NONE', #14, #5403 ) ;
#5137 = CARTESIAN_POINT ( 'NONE',  ( 0.5903666652479633292, -0.1650000000000000078, -0.3012123641733104318 ) ) ;
#5138 = VERTEX_POINT ( 'NONE', #3333 ) ;
#5139 = CIRCLE ( 'NONE', #2150, 0.02588817227376647920 ) ;
#5140 = VECTOR ( 'NONE', #933, 39.37007874015748143 ) ;
#5141 = DIRECTION ( 'NONE',  ( 0.0000000000000000000, 0.0000000000000000000, 1.000000000000000000 ) ) ;
#5142 = VECTOR ( 'NONE', #1585, 39.37007874015748143 ) ;
#5143 = CARTESIAN_POINT ( 'NONE',  ( 0.3816684688103073597, -0.2760000000000000231, -0.08424999999999954747 ) ) ;
#5144 = CIRCLE ( 'NONE', #807, 0.02776794919242787929 ) ;
#5145 = DIRECTION ( 'NONE',  ( 0.0000000000000000000, 1.000000000000000000, 0.0000000000000000000 ) ) ;
#5146 = LINE ( 'NONE', #4573, #4466 ) ;
#5147 = ORIENTED_EDGE ( 'NONE', *, *, #4392, .F. ) ;
#5148 = ADVANCED_FACE ( 'NONE', ( #5579 ), #5642, .F. ) ;
#5149 = ORIENTED_EDGE ( 'NONE', *, *, #2652, .T. ) ;
#5150 = AXIS2_PLACEMENT_3D ( 'NONE', #1846, #440, #48 ) ;
#5151 = CARTESIAN_POINT ( 'NONE',  ( 0.5816684688103074263, -0.1531900000000000206, -0.08424999999999954747 ) ) ;
#5152 = VERTEX_POINT ( 'NONE', #126 ) ;
#5153 = LINE ( 'NONE', #4287, #5704 ) ;
#5154 = EDGE_CURVE ( 'NONE', #3424, #1802, #1533, .T. ) ;
#5155 = EDGE_CURVE ( 'NONE', #4976, #4491, #4319, .T. ) ;
#5156 = ORIENTED_EDGE ( 'NONE', *, *, #4133, .F. ) ;
#5157 = EDGE_LOOP ( 'NONE', ( #4907, #4264 ) ) ;
#5158 = CARTESIAN_POINT ( 'NONE',  ( -1.682190300906526741E-17, -0.1531900000000000206, -0.09999999999999989453 ) ) ;
#5159 = LINE ( 'NONE', #2845, #3500 ) ;
#5160 = CARTESIAN_POINT ( 'NONE',  ( 0.3363511604646750586, -0.1650000000000000078, -0.2087582813900878409 ) ) ;
#5161 = ADVANCED_FACE ( 'NONE', ( #3876 ), #2482, .F. ) ;
#5162 = ORIENTED_EDGE ( 'NONE', *, *, #794, .F. ) ;
#5163 = ORIENTED_EDGE ( 'NONE', *, *, #4978, .T. ) ;
#5164 = CARTESIAN_POINT ( 'NONE',  ( 0.2816684688103074374, -0.2760000000000000231, -0.01574999999999998623 ) ) ;
#5165 = LINE ( 'NONE', #5258, #2369 ) ;
#5166 = FACE_BOUND ( 'NONE', #3955, .T. ) ;
#5167 = CARTESIAN_POINT ( 'NONE',  ( 0.2051561214661936361, -1.106543661599937082E-15, 0.3070881722737663355 ) ) ;
#5168 = EDGE_CURVE ( 'NONE', #1015, #3633, #5216, .T. ) ;
#5169 = ORIENTED_EDGE ( 'NONE', *, *, #960, .F. ) ;
#5170 = DIRECTION ( 'NONE',  ( 1.000000000000000000, -0.0000000000000000000, -0.0000000000000000000 ) ) ;
#5171 = EDGE_LOOP ( 'NONE', ( #4349, #3934 ) ) ;
#5172 = PLANE ( 'NONE',  #1434 ) ;
#5173 = LINE ( 'NONE', #2493, #900 ) ;
#5174 = DIRECTION ( 'NONE',  ( 0.0000000000000000000, -1.000000000000000000, 0.0000000000000000000 ) ) ;
#5175 = CARTESIAN_POINT ( 'NONE',  ( 0.4379674688103074032, -0.03399999999999996775, -0.08155000000000069138 ) ) ;
#5176 = EDGE_CURVE ( 'NONE', #158, #1526, #4790, .T. ) ;
#5177 = ORIENTED_EDGE ( 'NONE', *, *, #5119, .T. ) ;
#5178 = CARTESIAN_POINT ( 'NONE',  ( 0.7379674688103073921, 0.0000000000000000000, -0.01259999999999966182 ) ) ;
#5179 = VERTEX_POINT ( 'NONE', #2419 ) ;
#5180 = PLANE ( 'NONE',  #793 ) ;
#5181 = ORIENTED_EDGE ( 'NONE', *, *, #2427, .F. ) ;
#5182 = EDGE_CURVE ( 'NONE', #2974, #2726, #5666, .T. ) ;
#5183 = ORIENTED_EDGE ( 'NONE', *, *, #1066, .F. ) ;
#5184 = CARTESIAN_POINT ( 'NONE',  ( 0.7759349376206153837, -0.1650000000000000078, -0.09999999999999974187 ) ) ;
#5185 = CARTESIAN_POINT ( 'NONE',  ( 0.3942664688103074133, -0.1531900000000000206, -0.08424999999999954747 ) ) ;
#5186 = DIRECTION ( 'NONE',  ( 1.000000000000000000, 0.0000000000000000000, -0.0000000000000000000 ) ) ;
#5187 = ORIENTED_EDGE ( 'NONE', *, *, #1895, .F. ) ;
#5188 = ORIENTED_EDGE ( 'NONE', *, *, #4383, .F. ) ;
#5189 = LINE ( 'NONE', #1056, #4999 ) ;
#5190 = EDGE_CURVE ( 'NONE', #42, #2088, #302, .T. ) ;
#5191 = DIRECTION ( 'NONE',  ( -1.000000000000000000, 3.430248998885770120E-15, -1.157562709179845500E-15 ) ) ;
#5192 = DIRECTION ( 'NONE',  ( 0.0000000000000000000, 0.0000000000000000000, 1.000000000000000000 ) ) ;
#5193 = LINE ( 'NONE', #3798, #2599 ) ;
#5194 = ORIENTED_EDGE ( 'NONE', *, *, #3020, .T. ) ;
#5195 = VECTOR ( 'NONE', #2592, 39.37007874015748143 ) ;
#5196 = LINE ( 'NONE', #227, #4752 ) ;
#5197 = EDGE_LOOP ( 'NONE', ( #2762, #5431, #2578, #1479, #2774, #1222 ) ) ;
#5198 = AXIS2_PLACEMENT_3D ( 'NONE', #380, #3579, #4869 ) ;
#5199 = DIRECTION ( 'NONE',  ( 0.0000000000000000000, -0.0000000000000000000, 1.000000000000000000 ) ) ;
#5200 = AXIS2_PLACEMENT_3D ( 'NONE', #2061, #1172, #4991 ) ;
#5201 = CARTESIAN_POINT ( 'NONE',  ( 0.2073881722737655753, -4.147735798664973015E-16, 0.07408817227376632286 ) ) ;
#5202 = FACE_OUTER_BOUND ( 'NONE', #1314, .T. ) ;
#5203 = CARTESIAN_POINT ( 'NONE',  ( 0.7759349376206142734, -0.1650000000000000078, 0.0000000000000000000 ) ) ;
#5204 = VERTEX_POINT ( 'NONE', #1086 ) ;
#5205 = VECTOR ( 'NONE', #5520, 39.37007874015748143 ) ;
#5206 = DIRECTION ( 'NONE',  ( 0.0000000000000000000, -1.000000000000000000, 0.0000000000000000000 ) ) ;
#5207 = DIRECTION ( 'NONE',  ( 1.980403796674357815E-16, 0.0000000000000000000, -1.000000000000000000 ) ) ;
#5208 = LINE ( 'NONE', #1078, #701 ) ;
#5209 = ORIENTED_EDGE ( 'NONE', *, *, #3247, .F. ) ;
#5210 = AXIS2_PLACEMENT_3D ( 'NONE', #2014, #3014, #2080 ) ;
#5211 = ORIENTED_EDGE ( 'NONE', *, *, #4413, .F. ) ;
#5212 = VECTOR ( 'NONE', #3153, 39.37007874015748143 ) ;
#5213 = ORIENTED_EDGE ( 'NONE', *, *, #1370, .F. ) ;
#5214 = CARTESIAN_POINT ( 'NONE',  ( 0.7759349376206153837, 0.0000000000000000000, -0.09999999999999974187 ) ) ;
#5215 = LINE ( 'NONE', #640, #1367 ) ;
#5216 = LINE ( 'NONE', #3759, #5588 ) ;
#5217 = ORIENTED_EDGE ( 'NONE', *, *, #2621, .F. ) ;
#5218 = EDGE_LOOP ( 'NONE', ( #2560, #5732, #5861, #1020 ) ) ;
#5219 = EDGE_CURVE ( 'NONE', #1438, #1080, #4909, .T. ) ;
#5220 = CARTESIAN_POINT ( 'NONE',  ( 0.01846696881030734927, 0.0000000000000000000, -1.633714423575824830E-17 ) ) ;
#5221 = VECTOR ( 'NONE', #5233, 39.37007874015748143 ) ;
#5222 = ADVANCED_FACE ( 'NONE', ( #1503 ), #4732, .T. ) ;
#5223 = DIRECTION ( 'NONE',  ( 0.0000000000000000000, 0.0000000000000000000, 1.000000000000000000 ) ) ;
#5224 = DIRECTION ( 'NONE',  ( 1.000000000000000000, -0.0000000000000000000, -0.0000000000000000000 ) ) ;
#5225 = PLANE ( 'NONE',  #2606 ) ;
#5226 = ORIENTED_EDGE ( 'NONE', *, *, #4133, .T. ) ;
#5227 = DIRECTION ( 'NONE',  ( 1.000000000000000000, -0.0000000000000000000, 0.0000000000000000000 ) ) ;
#5228 = ORIENTED_EDGE ( 'NONE', *, *, #617, .F. ) ;
#5229 = ADVANCED_FACE ( 'NONE', ( #181 ), #1446, .T. ) ;
#5230 = EDGE_CURVE ( 'NONE', #1577, #1, #5129, .T. ) ;
#5231 = VECTOR ( 'NONE', #2192, 39.37007874015748143 ) ;
#5232 = LINE ( 'NONE', #3834, #1873 ) ;
#5233 = DIRECTION ( 'NONE',  ( 0.3420201433256694346, -2.017650748832918720E-16, 0.9396926207859080948 ) ) ;
#5234 = LINE ( 'NONE', #1106, #5300 ) ;
#5235 = CIRCLE ( 'NONE', #2636, 0.03740000000000053004 ) ;
#5236 = AXIS2_PLACEMENT_3D ( 'NONE', #478, #1766, #1247 ) ;
#5237 = ORIENTED_EDGE ( 'NONE', *, *, #5904, .T. ) ;
#5238 = ADVANCED_FACE ( 'NONE', ( #1563, #2967 ), #2507, .F. ) ;
#5239 = DIRECTION ( 'NONE',  ( -1.387778780781445676E-17, 1.715124499442919967E-15, -1.000000000000000222 ) ) ;
#5240 = AXIS2_PLACEMENT_3D ( 'NONE', #2404, #4192, #3716 ) ;
#5241 = VECTOR ( 'NONE', #1706, 39.37007874015748143 ) ;
#5242 = CARTESIAN_POINT ( 'NONE',  ( 0.2379674688103073643, -0.03399999999999996775, -0.05000000000000019013 ) ) ;
#5243 = DIRECTION ( 'NONE',  ( 0.0000000000000000000, 0.0000000000000000000, -1.000000000000000000 ) ) ;
#5244 = CARTESIAN_POINT ( 'NONE',  ( 0.09999900000000011557, 0.0000000000000000000, 0.0000000000000000000 ) ) ;
#5245 = EDGE_LOOP ( 'NONE', ( #1390, #3335, #3825, #4305 ) ) ;
#5246 = ADVANCED_FACE ( 'NONE', ( #4232 ), #93, .F. ) ;
#5247 = CIRCLE ( 'NONE', #238, 0.03155000000000051513 ) ;
#5248 = STYLED_ITEM ( 'NONE', ( #260 ), #3197 ) ;
#5249 = VERTEX_POINT ( 'NONE', #4295 ) ;
#5250 = CARTESIAN_POINT ( 'NONE',  ( 0.01846696881030735274, -0.03899999999999999994, 0.04599999999999997841 ) ) ;
#5251 = DIRECTION ( 'NONE',  ( 0.0000000000000000000, 1.000000000000000000, 0.0000000000000000000 ) ) ;
#5252 = DIRECTION ( 'NONE',  ( 1.000000000000000000, -0.0000000000000000000, -0.0000000000000000000 ) ) ;
#5253 = EDGE_LOOP ( 'NONE', ( #178, #662, #216, #1520 ) ) ;
#5254 = EDGE_CURVE ( 'NONE', #2914, #4591, #4512, .T. ) ;
#5255 = ORIENTED_EDGE ( 'NONE', *, *, #700, .T. ) ;
#5256 = CARTESIAN_POINT ( 'NONE',  ( 0.05746696881030734921, -0.03899999999999999994, -2.111326675243292448E-17 ) ) ;
#5257 = ADVANCED_FACE ( 'NONE', ( #246 ), #4821, .F. ) ;
#5258 = CARTESIAN_POINT ( 'NONE',  ( -0.01203253118969264436, -0.1531900000000000206, -0.01574999999999999664 ) ) ;
#5259 = DIRECTION ( 'NONE',  ( -0.5000000000000929257, 4.579749749911749701E-15, -0.8660254037843848618 ) ) ;
#5260 = PLANE ( 'NONE',  #5678 ) ;
#5261 = ORIENTED_EDGE ( 'NONE', *, *, #2334, .T. ) ;
#5262 = PLANE ( 'NONE',  #2731 ) ;
#5263 = VERTEX_POINT ( 'NONE', #3053 ) ;
#5264 = EDGE_LOOP ( 'NONE', ( #1641, #5209, #4801, #2173 ) ) ;
#5265 =( LENGTH_UNIT ( ) NAMED_UNIT ( * ) SI_UNIT ( $, .METRE. ) );
#5266 = EDGE_CURVE ( 'NONE', #479, #2518, #5731, .T. ) ;
#5267 = DIRECTION ( 'NONE',  ( -0.0000000000000000000, 1.000000000000000000, -0.0000000000000000000 ) ) ;
#5268 = CARTESIAN_POINT ( 'NONE',  ( 0.03796746881030733239, 0.0000000000000000000, -0.05000000000000019013 ) ) ;
#5269 = ORIENTED_EDGE ( 'NONE', *, *, #5854, .T. ) ;
#5270 = DIRECTION ( 'NONE',  ( -0.0000000000000000000, 1.000000000000000000, -0.0000000000000000000 ) ) ;
#5271 = EDGE_CURVE ( 'NONE', #5817, #1803, #1708, .T. ) ;
#5272 = LINE ( 'NONE', #3444, #1650 ) ;
#5273 = DIRECTION ( 'NONE',  ( 0.0000000000000000000, 0.0000000000000000000, 1.000000000000000000 ) ) ;
#5274 = ORIENTED_EDGE ( 'NONE', *, *, #1593, .T. ) ;
#5275 = EDGE_CURVE ( 'NONE', #2861, #2602, #3279, .T. ) ;
#5276 = ORIENTED_EDGE ( 'NONE', *, *, #1811, .F. ) ;
#5277 = CARTESIAN_POINT ( 'NONE',  ( 0.2942664688103074355, -0.1531900000000000206, -0.08424999999999957523 ) ) ;
#5278 = CARTESIAN_POINT ( 'NONE',  ( 0.6962719448011143175, -0.1531900000000000206, -0.08975999999999990930 ) ) ;
#5279 = ORIENTED_EDGE ( 'NONE', *, *, #516, .F. ) ;
#5280 = ORIENTED_EDGE ( 'NONE', *, *, #4479, .F. ) ;
#5281 = SURFACE_STYLE_USAGE ( .BOTH. , #3452 ) ;
#5282 = EDGE_CURVE ( 'NONE', #5047, #1250, #5781, .T. ) ;
#5283 = CYLINDRICAL_SURFACE ( 'NONE', #1272, 0.03049999999999848665 ) ;
#5284 = LINE ( 'NONE', #1542, #976 ) ;
#5285 = DIRECTION ( 'NONE',  ( 0.0000000000000000000, 0.0000000000000000000, 1.000000000000000000 ) ) ;
#5286 = ORIENTED_EDGE ( 'NONE', *, *, #433, .T. ) ;
#5287 = FACE_OUTER_BOUND ( 'NONE', #870, .T. ) ;
#5288 = ORIENTED_EDGE ( 'NONE', *, *, #5557, .T. ) ;
#5289 = ORIENTED_EDGE ( 'NONE', *, *, #1456, .T. ) ;
#5290 = CARTESIAN_POINT ( 'NONE',  ( 0.0000000000000000000, -0.1650000000000000078, 0.0000000000000000000 ) ) ;
#5291 = AXIS2_PLACEMENT_3D ( 'NONE', #215, #997, #2846 ) ;
#5292 = DIRECTION ( 'NONE',  ( 1.000000000000000000, 0.0000000000000000000, 0.0000000000000000000 ) ) ;
#5293 = CARTESIAN_POINT ( 'NONE',  ( 0.2078881722737645210, -6.909735705005762357E-16, 0.1640881722737655146 ) ) ;
#5294 = VERTEX_POINT ( 'NONE', #1597 ) ;
#5295 = APPLICATION_PROTOCOL_DEFINITION ( 'draft international standard', 'automotive_design', 1998, #2855 ) ;
#5296 = ADVANCED_FACE ( 'NONE', ( #5391 ), #3991, .T. ) ;
#5297 = VECTOR ( 'NONE', #2756, 39.37007874015748143 ) ;
#5298 = ADVANCED_FACE ( 'NONE', ( #3109 ), #1623, .T. ) ;
#5299 = DIRECTION ( 'NONE',  ( 1.000000000000000000, 0.0000000000000000000, -0.0000000000000000000 ) ) ;
#5300 = VECTOR ( 'NONE', #2957, 39.37007874015748143 ) ;
#5301 = DIRECTION ( 'NONE',  ( -0.3420201433256720991, 0.0000000000000000000, 0.9396926207859070956 ) ) ;
#5302 = ORIENTED_EDGE ( 'NONE', *, *, #769, .T. ) ;
#5303 = PRODUCT_DEFINITION_SHAPE ( 'NONE', 'NONE',  #3566 ) ;
#5304 = EDGE_CURVE ( 'NONE', #5663, #2683, #3449, .T. ) ;
#5305 = CIRCLE ( 'NONE', #3576, 0.03155000000000051513 ) ;
#5306 = ORIENTED_EDGE ( 'NONE', *, *, #2062, .F. ) ;
#5307 = CARTESIAN_POINT ( 'NONE',  ( 0.4759359376206147019, -0.2760000000000000231, -9.478001694819074349E-34 ) ) ;
#5308 = LINE ( 'NONE', #341, #5675 ) ;
#5309 = ORIENTED_EDGE ( 'NONE', *, *, #899, .F. ) ;
#5310 = ORIENTED_EDGE ( 'NONE', *, *, #3175, .T. ) ;
#5311 = DIRECTION ( 'NONE',  ( 0.0000000000000000000, -2.147139079527372365E-16, 1.000000000000000000 ) ) ;
#5312 = EDGE_CURVE ( 'NONE', #2474, #2374, #4044, .T. ) ;
#5313 = AXIS2_PLACEMENT_3D ( 'NONE', #825, #1820, #446 ) ;
#5314 = PLANE ( 'NONE',  #3811 ) ;
#5315 = CARTESIAN_POINT ( 'NONE',  ( 0.4962719448011143064, -0.2760000000000000231, -0.08975999999999990930 ) ) ;
#5316 = CARTESIAN_POINT ( 'NONE',  ( 0.7796619928195004379, -0.1531900000000000206, -0.01024000000000000084 ) ) ;
#5317 = ORIENTED_EDGE ( 'NONE', *, *, #3342, .T. ) ;
#5318 = VECTOR ( 'NONE', #1909, 39.37007874015748143 ) ;
#5319 = CARTESIAN_POINT ( 'NONE',  ( 0.1773881722737665756, 5.312527353592203413E-16, -0.1609118277262354679 ) ) ;
#5320 = VERTEX_POINT ( 'NONE', #5278 ) ;
#5321 = VERTEX_POINT ( 'NONE', #2991 ) ;
#5322 = VECTOR ( 'NONE', #5473, 39.37007874015748854 ) ;
#5323 = LINE ( 'NONE', #2124, #5597 ) ;
#5324 = CARTESIAN_POINT ( 'NONE',  ( -0.01203253118969267385, -0.1531900000000000206, -0.08975999999999990930 ) ) ;
#5325 = ORIENTED_EDGE ( 'NONE', *, *, #2877, .F. ) ;
#5326 = VECTOR ( 'NONE', #5724, 39.37007874015748854 ) ;
#5327 = CARTESIAN_POINT ( 'NONE',  ( 0.4796629928195006443, -0.2760000000000000231, -0.01024000000000000084 ) ) ;
#5328 = AXIS2_PLACEMENT_3D ( 'NONE', #2707, #827, #2649 ) ;
#5329 = CARTESIAN_POINT ( 'NONE',  ( 0.5962719448011142287, -0.2760000000000000231, -0.01024000000000000084 ) ) ;
#5330 = EDGE_CURVE ( 'NONE', #3960, #2847, #4379, .T. ) ;
#5331 = DIRECTION ( 'NONE',  ( -0.0000000000000000000, -1.000000000000000000, -2.147139079527372365E-16 ) ) ;
#5332 = ORIENTED_EDGE ( 'NONE', *, *, #975, .F. ) ;
#5333 = VECTOR ( 'NONE', #5127, 39.37007874015748143 ) ;
#5334 = AXIS2_PLACEMENT_3D ( 'NONE', #4337, #5206, #206 ) ;
#5335 = LINE ( 'NONE', #4875, #4091 ) ;
#5336 = ORIENTED_EDGE ( 'NONE', *, *, #3319, .F. ) ;
#5337 = VECTOR ( 'NONE', #4103, 39.37007874015748854 ) ;
#5338 = EDGE_CURVE ( 'NONE', #1407, #4365, #847, .T. ) ;
#5339 = DIRECTION ( 'NONE',  ( 0.0000000000000000000, -1.000000000000000000, 0.0000000000000000000 ) ) ;
#5340 = CYLINDRICAL_SURFACE ( 'NONE', #2987, 0.03740000000000053004 ) ;
#5341 = ORIENTED_EDGE ( 'NONE', *, *, #944, .F. ) ;
#5342 = VERTEX_POINT ( 'NONE', #3477 ) ;
#5343 = CIRCLE ( 'NONE', #1681, 0.03740000000000053698 ) ;
#5344 = LINE ( 'NONE', #3543, #2734 ) ;
#5345 = EDGE_CURVE ( 'NONE', #666, #1877, #5308, .T. ) ;
#5346 = DIRECTION ( 'NONE',  ( 0.0000000000000000000, 0.0000000000000000000, 1.000000000000000000 ) ) ;
#5347 = DIRECTION ( 'NONE',  ( -0.3420201433256656043, 0.0000000000000000000, 0.9396926207859094271 ) ) ;
#5348 = EDGE_LOOP ( 'NONE', ( #1892, #2058, #691, #4832 ) ) ;
#5349 = PLANE ( 'NONE',  #329 ) ;
#5350 = VERTEX_POINT ( 'NONE', #3959 ) ;
#5351 =( NAMED_UNIT ( * ) PLANE_ANGLE_UNIT ( ) SI_UNIT ( $, .RADIAN. ) );
#5352 = DIRECTION ( 'NONE',  ( -0.0000000000000000000, 1.000000000000000000, -0.0000000000000000000 ) ) ;
#5353 = CARTESIAN_POINT ( 'NONE',  ( 0.1379674688103073310, 0.0000000000000000000, -0.08155000000000069138 ) ) ;
#5354 = ORIENTED_EDGE ( 'NONE', *, *, #3247, .T. ) ;
#5355 = DIRECTION ( 'NONE',  ( -1.000000000000000000, -2.910014281297124994E-31, 1.355298456929802892E-15 ) ) ;
#5356 = ADVANCED_FACE ( 'NONE', ( #3509 ), #5340, .F. ) ;
#5357 = FACE_OUTER_BOUND ( 'NONE', #4762, .T. ) ;
#5358 = CARTESIAN_POINT ( 'NONE',  ( 0.5796629928195006221, -0.1531900000000000206, -0.01024000000000000084 ) ) ;
#5359 = FACE_OUTER_BOUND ( 'NONE', #5709, .T. ) ;
#5360 = ORIENTED_EDGE ( 'NONE', *, *, #571, .F. ) ;
#5361 = CARTESIAN_POINT ( 'NONE',  ( 0.5999990000000001711, -0.2760000000000000231, 0.0000000000000000000 ) ) ;
#5362 = VERTEX_POINT ( 'NONE', #1200 ) ;
#5363 = DIRECTION ( 'NONE',  ( -0.3420201433256662704, 2.017650748832921185E-16, -0.9396926207859092051 ) ) ;
#5364 = ORIENTED_EDGE ( 'NONE', *, *, #692, .F. ) ;
#5365 = EDGE_LOOP ( 'NONE', ( #4088, #1355, #4161, #468 ) ) ;
#5366 = EDGE_CURVE ( 'NONE', #2149, #1140, #4432, .T. ) ;
#5367 = CARTESIAN_POINT ( 'NONE',  ( 0.1379674688103073310, 9.184870279381501883E-17, -0.01259999999999965661 ) ) ;
#5368 = DIRECTION ( 'NONE',  ( 0.0000000000000000000, 1.000000000000000000, 0.0000000000000000000 ) ) ;
#5369 = CARTESIAN_POINT ( 'NONE',  ( 0.2700644139404901889, -0.1650000000000000078, 0.01613187872893475164 ) ) ;
#5370 = ORIENTED_EDGE ( 'NONE', *, *, #1578, .F. ) ;
#5371 = DIRECTION ( 'NONE',  ( -0.0000000000000000000, 1.000000000000000000, -0.0000000000000000000 ) ) ;
#5372 = VERTEX_POINT ( 'NONE', #3074 ) ;
#5373 = EDGE_CURVE ( 'NONE', #2496, #4656, #2018, .T. ) ;
#5374 = FACE_OUTER_BOUND ( 'NONE', #556, .T. ) ;
#5375 = DIRECTION ( 'NONE',  ( -0.0000000000000000000, 1.000000000000000000, -0.0000000000000000000 ) ) ;
#5376 = CARTESIAN_POINT ( 'NONE',  ( 0.1773881722737660205, -5.437771683063675530E-16, 0.1640881722737654591 ) ) ;
#5377 = ORIENTED_EDGE ( 'NONE', *, *, #612, .F. ) ;
#5378 = VECTOR ( 'NONE', #413, 39.37007874015748143 ) ;
#5379 = CARTESIAN_POINT ( 'NONE',  ( 0.7379674688103073921, -0.03399999999999996775, -0.05000000000000019013 ) ) ;
#5380 = PLANE ( 'NONE',  #5313 ) ;
#5381 = CARTESIAN_POINT ( 'NONE',  ( 0.7574669688103072840, -0.03899999999999999994, -2.111326675243292448E-17 ) ) ;
#5382 = CARTESIAN_POINT ( 'NONE',  ( 0.2816684688103074374, -0.1531900000000000206, -0.01574999999999998623 ) ) ;
#5383 = ORIENTED_EDGE ( 'NONE', *, *, #3030, .T. ) ;
#5384 = AXIS2_PLACEMENT_3D ( 'NONE', #2539, #695, #2086 ) ;
#5385 = ADVANCED_FACE ( 'NONE', ( #1303 ), #1817, .F. ) ;
#5386 = CIRCLE ( 'NONE', #856, 0.03740000000000053698 ) ;
#5387 =( REPRESENTATION_RELATIONSHIP ('NONE','NONE', #5618, #1717 ) REPRESENTATION_RELATIONSHIP_WITH_TRANSFORMATION ( #4720 )SHAPE_REPRESENTATION_RELATIONSHIP( ) );
#5388 = DIRECTION ( 'NONE',  ( -0.0000000000000000000, 1.000000000000000000, 0.0000000000000000000 ) ) ;
#5389 = AXIS2_PLACEMENT_3D ( 'NONE', #5164, #2423, #2944 ) ;
#5390 = EDGE_LOOP ( 'NONE', ( #426, #3845, #4408, #3761 ) ) ;
#5391 = FACE_OUTER_BOUND ( 'NONE', #4939, .T. ) ;
#5392 = ORIENTED_EDGE ( 'NONE', *, *, #1396, .F. ) ;
#5393 = VERTEX_POINT ( 'NONE', #4570 ) ;
#5394 = DIRECTION ( 'NONE',  ( -0.0000000000000000000, 1.000000000000000000, -0.0000000000000000000 ) ) ;
#5395 = DIRECTION ( 'NONE',  ( 2.753879025871234324E-16, -0.0000000000000000000, 1.000000000000000000 ) ) ;
#5396 = DIRECTION ( 'NONE',  ( 0.0000000000000000000, 1.000000000000000000, 0.0000000000000000000 ) ) ;
#5397 = EDGE_CURVE ( 'NONE', #2392, #3697, #4597, .T. ) ;
#5398 = ORIENTED_EDGE ( 'NONE', *, *, #4557, .T. ) ;
#5399 = CARTESIAN_POINT ( 'NONE',  ( 0.4759359376206147019, 0.0000000000000000000, -9.478001694819074349E-34 ) ) ;
#5400 = ORIENTED_EDGE ( 'NONE', *, *, #3350, .T. ) ;
#5401 = AXIS2_PLACEMENT_3D ( 'NONE', #718, #3413, #207 ) ;
#5402 = CARTESIAN_POINT ( 'NONE',  ( 0.1695174688103078531, -0.03399999999999996775, -0.05000000000000019013 ) ) ;
#5403 = VECTOR ( 'NONE', #3797, 39.37007874015748143 ) ;
#5404 = DIRECTION ( 'NONE',  ( -0.0000000000000000000, 1.000000000000000000, -0.0000000000000000000 ) ) ;
#5405 = CARTESIAN_POINT ( 'NONE',  ( 0.2379674688103073643, 9.184870279381501883E-17, -0.01259999999999965661 ) ) ;
#5406 = ADVANCED_FACE ( 'NONE', ( #444 ), #382, .T. ) ;
#5407 = EDGE_CURVE ( 'NONE', #5321, #5204, #4534, .T. ) ;
#5408 = VERTEX_POINT ( 'NONE', #4983 ) ;
#5409 = DIRECTION ( 'NONE',  ( 0.7071067811865475727, -0.0000000000000000000, 0.7071067811865475727 ) ) ;
#5410 = DIRECTION ( 'NONE',  ( -0.9396926207859093161, 0.0000000000000000000, 0.3420201433256663259 ) ) ;
#5411 = CARTESIAN_POINT ( 'NONE',  ( 0.07966299281950052491, -0.1531900000000000206, -0.08975999999999990930 ) ) ;
#5412 = CARTESIAN_POINT ( 'NONE',  ( 0.0000000000000000000, -0.1650000000000000078, 0.0000000000000000000 ) ) ;
#5413 = EDGE_CURVE ( 'NONE', #734, #508, #4126, .T. ) ;
#5414 = VECTOR ( 'NONE', #2105, 39.37007874015748143 ) ;
#5415 = DIRECTION ( 'NONE',  ( 0.0000000000000000000, 0.0000000000000000000, 1.000000000000000000 ) ) ;
#5416 = EDGE_LOOP ( 'NONE', ( #366, #5639 ) ) ;
#5417 = VECTOR ( 'NONE', #5371, 39.37007874015748143 ) ;
#5418 = CARTESIAN_POINT ( 'NONE',  ( 0.2068881722737641038, -7.648368144944181595E-16, 0.2014182992926948357 ) ) ;
#5419 = ORIENTED_EDGE ( 'NONE', *, *, #5507, .F. ) ;
#5420 = ADVANCED_FACE ( 'NONE', ( #3583 ), #3616, .T. ) ;
#5421 = DIRECTION ( 'NONE',  ( 1.715124499442882891E-15, 3.307784318971030633E-15, -1.000000000000000000 ) ) ;
#5422 = EDGE_LOOP ( 'NONE', ( #5717, #2026, #1216, #4636 ) ) ;
#5423 = VECTOR ( 'NONE', #1161, 39.37007874015748143 ) ;
#5424 = VERTEX_POINT ( 'NONE', #4956 ) ;
#5425 = AXIS2_PLACEMENT_3D ( 'NONE', #2674, #4506, #4070 ) ;
#5426 = VECTOR ( 'NONE', #3283, 39.37007874015748143 ) ;
#5427 = CARTESIAN_POINT ( 'NONE',  ( 0.5816684688103074263, -0.2760000000000000231, -0.01574999999999998623 ) ) ;
#5428 = ADVANCED_FACE ( 'NONE', ( #4035 ), #823, .F. ) ;
#5429 = DIRECTION ( 'NONE',  ( 1.715124499442882891E-15, 3.307784318971031027E-15, -1.000000000000000000 ) ) ;
#5430 = CARTESIAN_POINT ( 'NONE',  ( 0.7379674688103073921, 0.0000000000000000000, -0.08155000000000069138 ) ) ;
#5431 = ORIENTED_EDGE ( 'NONE', *, *, #1705, .T. ) ;
#5432 = CARTESIAN_POINT ( 'NONE',  ( 0.4759359376206147019, 0.0000000000000000000, -0.09999999999999989453 ) ) ;
#5433 = ORIENTED_EDGE ( 'NONE', *, *, #5266, .F. ) ;
#5434 = DIRECTION ( 'NONE',  ( 0.0000000000000000000, 1.000000000000000000, 0.0000000000000000000 ) ) ;
#5435 = VECTOR ( 'NONE', #1206, 39.37007874015748143 ) ;
#5436 = PRODUCT_RELATED_PRODUCT_CATEGORY ( 'part', '', ( #2659 ) ) ;
#5437 = DIRECTION ( 'NONE',  ( -0.0000000000000000000, 1.000000000000000000, -0.0000000000000000000 ) ) ;
#5438 = CARTESIAN_POINT ( 'NONE',  ( 0.3379674688103073699, 0.0000000000000000000, -0.05000000000000019013 ) ) ;
#5439 = LINE ( 'NONE', #1754, #4618 ) ;
#5440 = ORIENTED_EDGE ( 'NONE', *, *, #3737, .F. ) ;
#5441 = ADVANCED_FACE ( 'NONE', ( #3712 ), #4503, .T. ) ;
#5442 = LINE ( 'NONE', #916, #5378 ) ;
#5443 = FACE_BOUND ( 'NONE', #1401, .T. ) ;
#5444 = DIRECTION ( 'NONE',  ( 0.0000000000000000000, 0.0000000000000000000, 1.000000000000000000 ) ) ;
#5445 = LINE ( 'NONE', #2217, #1570 ) ;
#5446 = LINE ( 'NONE', #1307, #1751 ) ;
#5447 = CARTESIAN_POINT ( 'NONE',  ( 0.7879674688103074365, 0.0000000000000000000, -0.01574999999999984746 ) ) ;
#5448 = ORIENTED_EDGE ( 'NONE', *, *, #2196, .F. ) ;
#5449 = EDGE_CURVE ( 'NONE', #4824, #2126, #5890, .T. ) ;
#5450 = ADVANCED_FACE ( 'NONE', ( #2214 ), #1758, .T. ) ;
#5451 = LINE ( 'NONE', #1313, #3997 ) ;
#5452 = ORIENTED_EDGE ( 'NONE', *, *, #1160, .T. ) ;
#5453 = DIRECTION ( 'NONE',  ( -0.3420201433256694346, 0.0000000000000000000, -0.9396926207859080948 ) ) ;
#5454 = ORIENTED_EDGE ( 'NONE', *, *, #2100, .T. ) ;
#5455 = ORIENTED_EDGE ( 'NONE', *, *, #4964, .F. ) ;
#5456 = EDGE_CURVE ( 'NONE', #4615, #4824, #5442, .T. ) ;
#5457 = DIRECTION ( 'NONE',  ( 0.3420201433256694346, 0.0000000000000000000, 0.9396926207859080948 ) ) ;
#5458 = DIRECTION ( 'NONE',  ( 0.9396926207859100932, 0.0000000000000000000, 0.3420201433256639389 ) ) ;
#5459 = CARTESIAN_POINT ( 'NONE',  ( 0.1648881722737664257, -2.031984671129062578E-16, 0.07408817227376623960 ) ) ;
#5460 = ORIENTED_EDGE ( 'NONE', *, *, #2376, .T. ) ;
#5461 = DIRECTION ( 'NONE',  ( 1.000000000000000000, -0.0000000000000000000, -0.0000000000000000000 ) ) ;
#5462 = ORIENTED_EDGE ( 'NONE', *, *, #5271, .F. ) ;
#5463 = LINE ( 'NONE', #2723, #5766 ) ;
#5464 = EDGE_CURVE ( 'NONE', #2968, #2479, #2645, .T. ) ;
#5465 = DIRECTION ( 'NONE',  ( 0.3420201433256720991, 0.0000000000000000000, -0.9396926207859070956 ) ) ;
#5466 = DIRECTION ( 'NONE',  ( 0.3420201433256694346, 0.0000000000000000000, 0.9396926207859080948 ) ) ;
#5467 = CARTESIAN_POINT ( 'NONE',  ( 0.4816684688103073930, -0.1531900000000000206, -0.01574999999999998623 ) ) ;
#5468 = ORIENTED_EDGE ( 'NONE', *, *, #1539, .T. ) ;
#5469 = DIRECTION ( 'NONE',  ( 1.000000000000000000, -3.267760757971648827E-15, 1.715124499442871847E-15 ) ) ;
#5470 = DIRECTION ( 'NONE',  ( 0.0000000000000000000, 0.0000000000000000000, 1.000000000000000000 ) ) ;
#5471 = DIRECTION ( 'NONE',  ( -0.0000000000000000000, -1.000000000000000000, -2.147139079527372365E-16 ) ) ;
#5472 = PLANE ( 'NONE',  #3325 ) ;
#5473 = DIRECTION ( 'NONE',  ( 0.3420201433256720991, 0.0000000000000000000, -0.9396926207859070956 ) ) ;
#5474 = CARTESIAN_POINT ( 'NONE',  ( 0.1379674688103073310, -0.03399999999999996775, -0.01844999999999967846 ) ) ;
#5475 = ADVANCED_FACE ( 'NONE', ( #4156 ), #4101, .T. ) ;
#5476 = ORIENTED_EDGE ( 'NONE', *, *, #3842, .F. ) ;
#5477 = ORIENTED_EDGE ( 'NONE', *, *, #5785, .T. ) ;
#5478 = VECTOR ( 'NONE', #1726, 39.37007874015748143 ) ;
#5479 = CARTESIAN_POINT ( 'NONE',  ( 0.2816684688103074374, -0.2760000000000000231, -0.08424999999999954747 ) ) ;
#5480 = EDGE_CURVE ( 'NONE', #4587, #63, #3187, .T. ) ;
#5481 = ADVANCED_FACE ( 'NONE', ( #882 ), #3744, .F. ) ;
#5482 = ORIENTED_EDGE ( 'NONE', *, *, #5737, .T. ) ;
#5483 = ORIENTED_EDGE ( 'NONE', *, *, #881, .T. ) ;
#5484 = CIRCLE ( 'NONE', #4249, 0.02089999999999871128 ) ;
#5485 = AXIS2_PLACEMENT_3D ( 'NONE', #4223, #1985, #5718 ) ;
#5486 = CARTESIAN_POINT ( 'NONE',  ( 0.5962719448011143397, -0.1531900000000000206, -0.08975999999999990930 ) ) ;
#5487 = AXIS2_PLACEMENT_3D ( 'NONE', #648, #189, #1510 ) ;
#5488 = DIRECTION ( 'NONE',  ( 1.715124499442882891E-15, 3.307784318971030633E-15, -1.000000000000000000 ) ) ;
#5489 = DIRECTION ( 'NONE',  ( 0.0000000000000000000, 1.000000000000000000, 0.0000000000000000000 ) ) ;
#5490 = ORIENTED_EDGE ( 'NONE', *, *, #2910, .T. ) ;
#5491 = DIRECTION ( 'NONE',  ( 1.715124499442882891E-15, 3.307784318971030633E-15, -1.000000000000000000 ) ) ;
#5492 = ORIENTED_EDGE ( 'NONE', *, *, #4383, .T. ) ;
#5493 = CARTESIAN_POINT ( 'NONE',  ( 0.08166846881030741245, -0.1531900000000000206, -0.08424999999999953360 ) ) ;
#5494 = VECTOR ( 'NONE', #5252, 39.37007874015748143 ) ;
#5495 = ORIENTED_EDGE ( 'NONE', *, *, #4935, .F. ) ;
#5496 = CARTESIAN_POINT ( 'NONE',  ( 0.09627194480111420094, -0.2760000000000000231, -0.01024000000000000084 ) ) ;
#5497 = LINE ( 'NONE', #1399, #1256 ) ;
#5498 = CARTESIAN_POINT ( 'NONE',  ( 0.01250000000000048121, 1.530808498934160386E-18, -0.01249999999999974569 ) ) ;
#5499 = VERTEX_POINT ( 'NONE', #2375 ) ;
#5500 = AXIS2_PLACEMENT_3D ( 'NONE', #2766, #5174, #3805 ) ;
#5501 = CYLINDRICAL_SURFACE ( 'NONE', #3007, 0.01249999999999974569 ) ;
#5502 = CARTESIAN_POINT ( 'NONE',  ( 0.09426646881030739666, -0.2760000000000000231, -0.08424999999999957523 ) ) ;
#5503 = DIRECTION ( 'NONE',  ( 0.0000000000000000000, -1.000000000000000000, 0.0000000000000000000 ) ) ;
#5504 = FACE_OUTER_BOUND ( 'NONE', #4375, .T. ) ;
#5505 = ORIENTED_EDGE ( 'NONE', *, *, #2395, .T. ) ;
#5506 = VECTOR ( 'NONE', #2460, 39.37007874015748143 ) ;
#5507 = EDGE_CURVE ( 'NONE', #3433, #3899, #3343, .T. ) ;
#5508 = CARTESIAN_POINT ( 'NONE',  ( 0.4999990000000001378, -0.2760000000000000231, 0.0000000000000000000 ) ) ;
#5509 = AXIS2_PLACEMENT_3D ( 'NONE', #3207, #4611, #2389 ) ;
#5510 = ORIENTED_EDGE ( 'NONE', *, *, #2501, .T. ) ;
#5511 = DIRECTION ( 'NONE',  ( 0.3420201433256639389, 0.0000000000000000000, -0.9396926207859100932 ) ) ;
#5512 = VERTEX_POINT ( 'NONE', #4626 ) ;
#5513 = ORIENTED_EDGE ( 'NONE', *, *, #3743, .T. ) ;
#5514 = AXIS2_PLACEMENT_3D ( 'NONE', #2384, #86, #5634 ) ;
#5515 = ADVANCED_FACE ( 'NONE', ( #4217 ), #5172, .T. ) ;
#5516 = AXIS2_PLACEMENT_3D ( 'NONE', #4913, #779, #2629 ) ;
#5517 = CARTESIAN_POINT ( 'NONE',  ( 0.7379674688103073921, 0.0000000000000000000, -0.05000000000000019013 ) ) ;
#5518 = AXIS2_PLACEMENT_3D ( 'NONE', #1667, #756, #3118 ) ;
#5519 = CARTESIAN_POINT ( 'NONE',  ( 0.2379674688103073643, -0.03399999999999996775, -0.05000000000000019013 ) ) ;
#5520 = DIRECTION ( 'NONE',  ( -0.0000000000000000000, 1.000000000000000000, -0.0000000000000000000 ) ) ;
#5521 = ORIENTED_EDGE ( 'NONE', *, *, #1386, .F. ) ;
#5522 = DIRECTION ( 'NONE',  ( 1.715124499442882891E-15, 3.307784318971030239E-15, -1.000000000000000000 ) ) ;
#5523 = EDGE_LOOP ( 'NONE', ( #1879, #4855, #3260, #3992 ) ) ;
#5524 = DIRECTION ( 'NONE',  ( 0.0000000000000000000, -1.000000000000000000, 0.0000000000000000000 ) ) ;
#5525 = CONICAL_SURFACE ( 'NONE', #3037, 0.02949999999999814229, 0.2617993877991922624 ) ;
#5526 = VECTOR ( 'NONE', #2190, 39.37007874015748143 ) ;
#5527 = UNCERTAINTY_MEASURE_WITH_UNIT (LENGTH_MEASURE( 1.000000000000000082E-05 ), #1433, 'distance_accuracy_value', 'NONE');
#5528 = ADVANCED_FACE ( 'NONE', ( #2886 ), #3370, .F. ) ;
#5529 = ORIENTED_EDGE ( 'NONE', *, *, #3705, .F. ) ;
#5530 = DIRECTION ( 'NONE',  ( -0.0000000000000000000, 1.000000000000000000, -0.0000000000000000000 ) ) ;
#5531 = CARTESIAN_POINT ( 'NONE',  ( -0.01203253118969267385, -0.1531900000000000206, -0.08975999999999990930 ) ) ;
#5532 = CARTESIAN_POINT ( 'NONE',  ( -0.01203253118969267385, -0.1650000000000000078, -0.01024000000000000084 ) ) ;
#5533 = EDGE_LOOP ( 'NONE', ( #3756, #5483, #4208, #2890, #4734, #1683 ) ) ;
#5534 = ADVANCED_FACE ( 'NONE', ( #106 ), #1067, .F. ) ;
#5535 = VECTOR ( 'NONE', #1695, 39.37007874015748143 ) ;
#5536 = DIRECTION ( 'NONE',  ( 0.7071067811865476838, 0.0000000000000000000, 0.7071067811865473507 ) ) ;
#5537 = FILL_AREA_STYLE ('',( #21 ) ) ;
#5538 = CARTESIAN_POINT ( 'NONE',  ( 0.07593593762061463803, -0.2760000000000000231, -0.09999999999999989453 ) ) ;
#5539 = CARTESIAN_POINT ( 'NONE',  ( -0.01203253118969267385, -0.1531900000000000206, -0.08975999999999990930 ) ) ;
#5540 = ORIENTED_EDGE ( 'NONE', *, *, #2100, .F. ) ;
#5541 = DIRECTION ( 'NONE',  ( 1.715124499442882891E-15, 3.307784318971030239E-15, -1.000000000000000000 ) ) ;
#5542 = VERTEX_POINT ( 'NONE', #1913 ) ;
#5543 = CARTESIAN_POINT ( 'NONE',  ( 0.2379674688103073643, 0.1300881722737651791, 0.1273881722737665589 ) ) ;
#5544 = EDGE_CURVE ( 'NONE', #76, #3051, #2892, .T. ) ;
#5545 = DIRECTION ( 'NONE',  ( 1.715124499442882891E-15, 3.307784318971030633E-15, -1.000000000000000000 ) ) ;
#5546 = ORIENTED_EDGE ( 'NONE', *, *, #5550, .T. ) ;
#5547 = CARTESIAN_POINT ( 'NONE',  ( 0.0000000000000000000, 0.0000000000000000000, 0.0000000000000000000 ) ) ;
#5548 = ORIENTED_EDGE ( 'NONE', *, *, #2794, .F. ) ;
#5549 = ORIENTED_EDGE ( 'NONE', *, *, #652, .T. ) ;
#5550 = EDGE_CURVE ( 'NONE', #1514, #4547, #141, .T. ) ;
#5551 = CARTESIAN_POINT ( 'NONE',  ( 0.4357776965678328285, -0.1650000000000000078, 0.07644658102782632414 ) ) ;
#5552 = LINE ( 'NONE', #5578, #606 ) ;
#5553 = CARTESIAN_POINT ( 'NONE',  ( 0.2999990000000001267, -0.2760000000000000231, -0.09999999999999989453 ) ) ;
#5554 = VERTEX_POINT ( 'NONE', #3280 ) ;
#5555 = CARTESIAN_POINT ( 'NONE',  ( 0.09426646881030741054, -0.2760000000000000231, -0.01574999999999998623 ) ) ;
#5556 = ORIENTED_EDGE ( 'NONE', *, *, #5397, .T. ) ;
#5557 = EDGE_CURVE ( 'NONE', #2840, #5644, #1980, .T. ) ;
#5558 = CARTESIAN_POINT ( 'NONE',  ( 0.5942664688103074244, -0.1531900000000000206, -0.01574999999999998623 ) ) ;
#5559 = CARTESIAN_POINT ( 'NONE',  ( 0.2591732522559343499, -0.1650000000000000078, 0.01216782005917320213 ) ) ;
#5560 = LINE ( 'NONE', #4654, #3692 ) ;
#5561 = CARTESIAN_POINT ( 'NONE',  ( 0.4379674688103074032, -0.03399999999999996775, -0.01259999999999966529 ) ) ;
#5562 = ORIENTED_EDGE ( 'NONE', *, *, #3233, .F. ) ;
#5563 = EDGE_CURVE ( 'NONE', #4848, #3433, #503, .T. ) ;
#5564 = CARTESIAN_POINT ( 'NONE',  ( 0.0000000000000000000, 0.0000000000000000000, 0.01249999999999974569 ) ) ;
#5565 = DIRECTION ( 'NONE',  ( 1.000000000000000000, 0.0000000000000000000, 0.0000000000000000000 ) ) ;
#5566 = CARTESIAN_POINT ( 'NONE',  ( 0.09426646881030741054, -0.2760000000000000231, -0.01574999999999998623 ) ) ;
#5567 = DIRECTION ( 'NONE',  ( 0.9396926207859100932, 0.0000000000000000000, 0.3420201433256639389 ) ) ;
#5568 = ORIENTED_EDGE ( 'NONE', *, *, #4224, .T. ) ;
#5569 = ORIENTED_EDGE ( 'NONE', *, *, #3431, .F. ) ;
#5570 = DIRECTION ( 'NONE',  ( -1.387778780781445676E-17, 1.715124499442919967E-15, -1.000000000000000222 ) ) ;
#5571 = CARTESIAN_POINT ( 'NONE',  ( 0.07966299281950059430, -0.1531900000000000206, -0.01024000000000000084 ) ) ;
#5572 = ORIENTED_EDGE ( 'NONE', *, *, #1599, .T. ) ;
#5573 = LINE ( 'NONE', #2866, #4179 ) ;
#5574 = VERTEX_POINT ( 'NONE', #538 ) ;
#5575 = EDGE_LOOP ( 'NONE', ( #3685, #1609, #1739, #3873 ) ) ;
#5576 = AXIS2_PLACEMENT_3D ( 'NONE', #1252, #724, #3905 ) ;
#5577 = CARTESIAN_POINT ( 'NONE',  ( 0.05746696881030734921, -0.03899999999999999994, -2.111326675243292448E-17 ) ) ;
#5578 = CARTESIAN_POINT ( 'NONE',  ( 0.6942664688103074022, -0.1531900000000000206, -0.08424999999999954747 ) ) ;
#5579 = FACE_OUTER_BOUND ( 'NONE', #5523, .T. ) ;
#5580 = EDGE_LOOP ( 'NONE', ( #5763, #2688 ) ) ;
#5581 = ORIENTED_EDGE ( 'NONE', *, *, #2508, .T. ) ;
#5582 = FACE_OUTER_BOUND ( 'NONE', #5604, .T. ) ;
#5583 = VECTOR ( 'NONE', #4501, 39.37007874015748854 ) ;
#5584 = DIRECTION ( 'NONE',  ( -1.000000000000000000, 0.0000000000000000000, -0.0000000000000000000 ) ) ;
#5585 = PLANE ( 'NONE',  #3886 ) ;
#5586 = LINE ( 'NONE', #1786, #2895 ) ;
#5587 = ORIENTED_EDGE ( 'NONE', *, *, #2134, .T. ) ;
#5588 = VECTOR ( 'NONE', #3301, 39.37007874015748143 ) ;
#5589 = CARTESIAN_POINT ( 'NONE',  ( 0.6816684688103075151, -0.2760000000000000231, -0.08424999999999954747 ) ) ;
#5590 = ADVANCED_FACE ( 'NONE', ( #4713 ), #594, .F. ) ;
#5591 = CARTESIAN_POINT ( 'NONE',  ( 0.6759359376206146575, -0.2760000000000000231, -9.478001694819074349E-34 ) ) ;
#5592 = ADVANCED_FACE ( 'NONE', ( #1489 ), #3833, .F. ) ;
#5593 = CARTESIAN_POINT ( 'NONE',  ( 0.1773881722737657429, -1.016790325919227706E-15, 0.3070881722737662800 ) ) ;
#5594 = LINE ( 'NONE', #4129, #4376 ) ;
#5595 = ORIENTED_EDGE ( 'NONE', *, *, #1465, .T. ) ;
#5596 = ORIENTED_EDGE ( 'NONE', *, *, #1856, .T. ) ;
#5597 = VECTOR ( 'NONE', #2921, 39.37007874015748854 ) ;
#5598 = CARTESIAN_POINT ( 'NONE',  ( -0.01203253118969264436, -0.1531900000000000206, -0.08424999999999989442 ) ) ;
#5599 = EDGE_CURVE ( 'NONE', #5826, #3136, #4686, .T. ) ;
#5600 = VERTEX_POINT ( 'NONE', #5622 ) ;
#5601 = VECTOR ( 'NONE', #161, 39.37007874015748143 ) ;
#5602 = CARTESIAN_POINT ( 'NONE',  ( 0.1759359376206146575, -0.2760000000000000231, -9.478001694819074349E-34 ) ) ;
#5603 = EDGE_LOOP ( 'NONE', ( #519, #4613, #1654, #4767 ) ) ;
#5604 = EDGE_LOOP ( 'NONE', ( #1079, #777, #5492, #1512, #4257, #5288 ) ) ;
#5605 = VECTOR ( 'NONE', #5665, 39.37007874015748143 ) ;
#5606 = ADVANCED_FACE ( 'NONE', ( #1515 ), #3736, .T. ) ;
#5607 = DIRECTION ( 'NONE',  ( 1.000000000000000000, 0.0000000000000000000, 0.0000000000000000000 ) ) ;
#5608 = CARTESIAN_POINT ( 'NONE',  ( 0.7574669688103072840, 0.0000000000000000000, 0.0000000000000000000 ) ) ;
#5609 = CARTESIAN_POINT ( 'NONE',  ( 0.1816684688103074041, -0.2760000000000000231, -0.08424999999999954747 ) ) ;
#5610 = ORIENTED_EDGE ( 'NONE', *, *, #5652, .F. ) ;
#5611 = AXIS2_PLACEMENT_3D ( 'NONE', #332, #5834, #2165 ) ;
#5612 = EDGE_LOOP ( 'NONE', ( #1088, #3200, #861, #1127 ) ) ;
#5613 = DIRECTION ( 'NONE',  ( -0.0000000000000000000, 1.000000000000000000, -0.0000000000000000000 ) ) ;
#5614 = VECTOR ( 'NONE', #1780, 39.37007874015748143 ) ;
#5615 = DIRECTION ( 'NONE',  ( 1.715124499442882891E-15, 3.307784318971030633E-15, -1.000000000000000000 ) ) ;
#5616 = DIRECTION ( 'NONE',  ( 1.715124499442882891E-15, 3.307784318971030239E-15, -1.000000000000000000 ) ) ;
#5617 = FACE_OUTER_BOUND ( 'NONE', #3858, .T. ) ;
#5618 = SHAPE_REPRESENTATION ( 'mill-max-829-22-008-20-002101', ( #2033, #3474, #854, #4714, #2119, #5485, #4911, #4625, #3089, #4054 ), #959 ) ;
#5619 = ORIENTED_EDGE ( 'NONE', *, *, #881, .F. ) ;
#5620 = AXIS2_PLACEMENT_3D ( 'NONE', #752, #5394, #2598 ) ;
#5621 = AXIS2_PLACEMENT_3D ( 'NONE', #2320, #546, #2864 ) ;
#5622 = CARTESIAN_POINT ( 'NONE',  ( 0.3759359376206146686, 0.0000000000000000000, -0.09999999999999989453 ) ) ;
#5623 = AXIS2_PLACEMENT_3D ( 'NONE', #3836, #5656, #1518 ) ;
#5624 = DIRECTION ( 'NONE',  ( -0.0000000000000000000, -1.000000000000000000, -2.147139079527372365E-16 ) ) ;
#5625 = VECTOR ( 'NONE', #5355, 39.37007874015748143 ) ;
#5626 = DIRECTION ( 'NONE',  ( 0.3420201433256694346, 0.0000000000000000000, 0.9396926207859080948 ) ) ;
#5627 = PLANE ( 'NONE',  #4942 ) ;
#5628 = ORIENTED_EDGE ( 'NONE', *, *, #599, .F. ) ;
#5629 = APPLICATION_PROTOCOL_DEFINITION ( 'draft international standard', 'automotive_design', 1998, #2432 ) ;
#5630 = EDGE_CURVE ( 'NONE', #1860, #3850, #1843, .T. ) ;
#5631 = VECTOR ( 'NONE', #4023, 39.37007874015748143 ) ;
#5632 = DIRECTION ( 'NONE',  ( 0.0000000000000000000, 0.0000000000000000000, 1.000000000000000000 ) ) ;
#5633 = ORIENTED_EDGE ( 'NONE', *, *, #4651, .F. ) ;
#5634 = DIRECTION ( 'NONE',  ( 2.731847993664318833E-15, 1.000000000000000000, 3.414809992080398541E-15 ) ) ;
#5635 = EDGE_LOOP ( 'NONE', ( #4371, #527, #1756, #4117, #5587, #2005 ) ) ;
#5636 = ORIENTED_EDGE ( 'NONE', *, *, #1719, .T. ) ;
#5637 = EDGE_CURVE ( 'NONE', #3061, #2406, #3701, .T. ) ;
#5638 = ADVANCED_FACE ( 'NONE', ( #1422 ), #5915, .F. ) ;
#5639 = ORIENTED_EDGE ( 'NONE', *, *, #5925, .F. ) ;
#5640 = DIRECTION ( 'NONE',  ( 0.0000000000000000000, 0.0000000000000000000, 1.000000000000000000 ) ) ;
#5641 = LINE ( 'NONE', #5752, #2235 ) ;
#5642 = PLANE ( 'NONE',  #962 ) ;
#5643 = ORIENTED_EDGE ( 'NONE', *, *, #5035, .T. ) ;
#5644 = VERTEX_POINT ( 'NONE', #1880 ) ;
#5645 = DIRECTION ( 'NONE',  ( 0.3420201433256694346, -2.017650748832918720E-16, 0.9396926207859080948 ) ) ;
#5646 = CARTESIAN_POINT ( 'NONE',  ( 0.6379674688103074143, 0.0000000000000000000, -0.08740000000000071323 ) ) ;
#5647 = CARTESIAN_POINT ( 'NONE',  ( -0.01203253118969267385, -0.1650000000000000078, -0.01024000000000000084 ) ) ;
#5648 = DIRECTION ( 'NONE',  ( -0.0000000000000000000, 1.000000000000000000, -0.0000000000000000000 ) ) ;
#5649 = EDGE_LOOP ( 'NONE', ( #3690, #1487, #2107, #772, #1198, #356 ) ) ;
#5650 = CARTESIAN_POINT ( 'NONE',  ( -0.01203253118969267385, -0.1650000000000000078, -0.08975999999999990930 ) ) ;
#5651 = ORIENTED_EDGE ( 'NONE', *, *, #1700, .T. ) ;
#5652 = EDGE_CURVE ( 'NONE', #744, #3511, #3636, .T. ) ;
#5653 = DIRECTION ( 'NONE',  ( -1.000000000000000000, 0.0000000000000000000, -0.0000000000000000000 ) ) ;
#5654 = LINE ( 'NONE', #2402, #1971 ) ;
#5655 = CARTESIAN_POINT ( 'NONE',  ( 0.7379674688103073921, 0.0000000000000000000, -0.01844999999999967846 ) ) ;
#5656 = DIRECTION ( 'NONE',  ( -0.0000000000000000000, 1.000000000000000000, -0.0000000000000000000 ) ) ;
#5657 = ORIENTED_EDGE ( 'NONE', *, *, #4306, .F. ) ;
#5658 = CARTESIAN_POINT ( 'NONE',  ( 0.0000000000000000000, 0.0000000000000000000, 0.0000000000000000000 ) ) ;
#5659 = DIRECTION ( 'NONE',  ( -0.0000000000000000000, 1.000000000000000000, -0.0000000000000000000 ) ) ;
#5660 = FACE_OUTER_BOUND ( 'NONE', #786, .T. ) ;
#5661 = CARTESIAN_POINT ( 'NONE',  ( 0.08166846881030741245, -0.2760000000000000231, -0.08424999999999954747 ) ) ;
#5662 = ORIENTED_EDGE ( 'NONE', *, *, #3040, .T. ) ;
#5663 = VERTEX_POINT ( 'NONE', #5558 ) ;
#5664 = LINE ( 'NONE', #3757, #3606 ) ;
#5665 = DIRECTION ( 'NONE',  ( 1.000000000000000000, 0.0000000000000000000, 0.0000000000000000000 ) ) ;
#5666 = LINE ( 'NONE', #1118, #2903 ) ;
#5667 = ORIENTED_EDGE ( 'NONE', *, *, #3872, .T. ) ;
#5668 = ORIENTED_EDGE ( 'NONE', *, *, #334, .F. ) ;
#5669 = CARTESIAN_POINT ( 'NONE',  ( 0.1942664688103074300, -0.2760000000000000231, -0.01574999999999998623 ) ) ;
#5670 = PLANE ( 'NONE',  #2261 ) ;
#5671 = EDGE_CURVE ( 'NONE', #4669, #381, #5463, .T. ) ;
#5672 = DIRECTION ( 'NONE',  ( -0.0000000000000000000, 1.000000000000000000, -0.0000000000000000000 ) ) ;
#5673 = CARTESIAN_POINT ( 'NONE',  ( 0.3816684688103073597, -0.2760000000000000231, -0.01574999999999998623 ) ) ;
#5674 = ORIENTED_EDGE ( 'NONE', *, *, #5053, .F. ) ;
#5675 = VECTOR ( 'NONE', #2109, 39.37007874015748854 ) ;
#5676 = DIRECTION ( 'NONE',  ( -0.3420201433256694346, 0.0000000000000000000, -0.9396926207859080948 ) ) ;
#5677 = VERTEX_POINT ( 'NONE', #842 ) ;
#5678 = AXIS2_PLACEMENT_3D ( 'NONE', #3455, #3884, #4271 ) ;
#5679 = PRESENTATION_LAYER_ASSIGNMENT (  '', '', ( #1538 ) ) ;
#5680 = CARTESIAN_POINT ( 'NONE',  ( 0.07593593762061463803, 0.0000000000000000000, -9.478001694819074349E-34 ) ) ;
#5681 = CARTESIAN_POINT ( 'NONE',  ( 0.7816674688103073532, 0.0000000000000000000, -0.01574999999999984746 ) ) ;
#5682 = CARTESIAN_POINT ( 'NONE',  ( 0.1413881722737678204, -4.202882043464860307E-16, 0.1640881722737653758 ) ) ;
#5683 = ORIENTED_EDGE ( 'NONE', *, *, #4987, .T. ) ;
#5684 = AXIS2_PLACEMENT_3D ( 'NONE', #3389, #2872, #4676 ) ;
#5685 = AXIS2_PLACEMENT_3D ( 'NONE', #987, #149, #2865 ) ;
#5686 = LINE ( 'NONE', #3468, #425 ) ;
#5687 = CARTESIAN_POINT ( 'NONE',  ( 0.01250000000000048121, -7.363184045423209410E-16, 0.0000000000000000000 ) ) ;
#5688 = LINE ( 'NONE', #1557, #3112 ) ;
#5689 = EDGE_LOOP ( 'NONE', ( #4772, #5824, #370, #1957, #1552, #4576 ) ) ;
#5690 = EDGE_CURVE ( 'NONE', #1680, #5809, #1782, .T. ) ;
#5691 = AXIS2_PLACEMENT_3D ( 'NONE', #3065, #760, #1722 ) ;
#5692 = EDGE_LOOP ( 'NONE', ( #3762, #3778 ) ) ;
#5693 = CARTESIAN_POINT ( 'NONE',  ( 0.5942664688103074244, 0.0000000000000000000, -0.08424999999999957523 ) ) ;
#5694 = DIRECTION ( 'NONE',  ( -1.000000000000000000, -0.0000000000000000000, -0.0000000000000000000 ) ) ;
#5695 = CARTESIAN_POINT ( 'NONE',  ( 0.7379674688103073921, 0.0000000000000000000, -0.05000000000000019013 ) ) ;
#5696 = ORIENTED_EDGE ( 'NONE', *, *, #2583, .T. ) ;
#5697 = APPLICATION_CONTEXT ( 'automotive_design' ) ;
#5698 = ORIENTED_EDGE ( 'NONE', *, *, #787, .T. ) ;
#5699 = DIRECTION ( 'NONE',  ( 0.0000000000000000000, 0.0000000000000000000, 1.000000000000000000 ) ) ;
#5700 = AXIS2_PLACEMENT_3D ( 'NONE', #1712, #5395, #1258 ) ;
#5701 = EDGE_CURVE ( 'NONE', #3597, #5321, #4118, .T. ) ;
#5702 = UNCERTAINTY_MEASURE_WITH_UNIT (LENGTH_MEASURE( 1.000000000000000082E-05 ), #2467, 'distance_accuracy_value', 'NONE');
#5703 = CARTESIAN_POINT ( 'NONE',  ( 0.2816684688103074374, 0.0000000000000000000, -0.08424999999999954747 ) ) ;
#5704 = VECTOR ( 'NONE', #3841, 39.37007874015748143 ) ;
#5705 = CARTESIAN_POINT ( 'NONE',  ( -0.01203253118969267385, -0.1531900000000000206, -0.01024000000000000084 ) ) ;
#5706 = CARTESIAN_POINT ( 'NONE',  ( 0.4796629928195004777, -0.1531900000000000206, -0.08975999999999990930 ) ) ;
#5707 = ORIENTED_EDGE ( 'NONE', *, *, #4794, .T. ) ;
#5708 = FACE_OUTER_BOUND ( 'NONE', #4792, .T. ) ;
#5709 = EDGE_LOOP ( 'NONE', ( #1606, #1850, #2082, #623 ) ) ;
#5710 = ORIENTED_EDGE ( 'NONE', *, *, #5863, .F. ) ;
#5711 = ADVANCED_BREP_SHAPE_REPRESENTATION ( '', ( #3049, #585 ), #2803 ) ;
#5712 = EDGE_CURVE ( 'NONE', #5644, #5760, #1810, .T. ) ;
#5713 = DIRECTION ( 'NONE',  ( 1.000000000000000000, -0.0000000000000000000, 0.0000000000000000000 ) ) ;
#5714 = CARTESIAN_POINT ( 'NONE',  ( 0.6379674688103074143, -0.03399999999999996775, -0.05000000000000019013 ) ) ;
#5715 = DIRECTION ( 'NONE',  ( 0.0000000000000000000, -0.0000000000000000000, 1.000000000000000000 ) ) ;
#5716 = AXIS2_PLACEMENT_3D ( 'NONE', #2480, #2902, #1963 ) ;
#5717 = ORIENTED_EDGE ( 'NONE', *, *, #1164, .T. ) ;
#5718 = DIRECTION ( 'NONE',  ( -1.387778780781445676E-17, 1.715124499442919967E-15, -1.000000000000000222 ) ) ;
#5719 = EDGE_CURVE ( 'NONE', #3167, #4976, #4977, .T. ) ;
#5720 = CIRCLE ( 'NONE', #1768, 0.03599999999999819317 ) ;
#5721 = VECTOR ( 'NONE', #4635, 39.37007874015748854 ) ;
#5722 = DIRECTION ( 'NONE',  ( 1.000000000000000000, 0.0000000000000000000, -0.0000000000000000000 ) ) ;
#5723 = CARTESIAN_POINT ( 'NONE',  ( 0.4379674688103074032, 0.0000000000000000000, -0.01844999999999967846 ) ) ;
#5724 = DIRECTION ( 'NONE',  ( 0.3420201433256662704, -0.0000000000000000000, 0.9396926207859092051 ) ) ;
#5725 = ORIENTED_EDGE ( 'NONE', *, *, #2597, .F. ) ;
#5726 = CIRCLE ( 'NONE', #1191, 0.02089999999999976946 ) ;
#5727 = EDGE_CURVE ( 'NONE', #937, #261, #968, .T. ) ;
#5728 = CIRCLE ( 'NONE', #3432, 0.03740000000000053698 ) ;
#5729 = ORIENTED_EDGE ( 'NONE', *, *, #294, .F. ) ;
#5730 = CYLINDRICAL_SURFACE ( 'NONE', #1463, 0.03155000000000051513 ) ;
#5731 = LINE ( 'NONE', #4489, #2204 ) ;
#5732 = ORIENTED_EDGE ( 'NONE', *, *, #1745, .F. ) ;
#5733 = ORIENTED_EDGE ( 'NONE', *, *, #1617, .F. ) ;
#5734 = LINE ( 'NONE', #2064, #5435 ) ;
#5735 = LINE ( 'NONE', #5705, #3978 ) ;
#5736 = FACE_OUTER_BOUND ( 'NONE', #1600, .T. ) ;
#5737 = EDGE_CURVE ( 'NONE', #1263, #1905, #2819, .T. ) ;
#5738 = ORIENTED_EDGE ( 'NONE', *, *, #5168, .T. ) ;
#5739 = DIRECTION ( 'NONE',  ( -0.0000000000000000000, 1.000000000000000000, -0.0000000000000000000 ) ) ;
#5740 = VERTEX_POINT ( 'NONE', #2691 ) ;
#5741 = ORIENTED_EDGE ( 'NONE', *, *, #5727, .F. ) ;
#5742 = CARTESIAN_POINT ( 'NONE',  ( 0.1773881722737660205, -5.437771683063675530E-16, 0.1640881722737654591 ) ) ;
#5743 = DIRECTION ( 'NONE',  ( -1.000000000000000000, 0.0000000000000000000, -1.980403796674357815E-16 ) ) ;
#5744 = ADVANCED_FACE ( 'NONE', ( #935 ), #496, .F. ) ;
#5745 = ORIENTED_EDGE ( 'NONE', *, *, #4197, .F. ) ;
#5746 = CARTESIAN_POINT ( 'NONE',  ( 0.7379674688103073921, 0.1300881722737651791, 0.1273881722737675581 ) ) ;
#5747 = CARTESIAN_POINT ( 'NONE',  ( 0.01846696881030734927, -0.03899999999999999994, -1.633714423575824830E-17 ) ) ;
#5748 = CYLINDRICAL_SURFACE ( 'NONE', #3786, 0.02089999999999871128 ) ;
#5749 = EDGE_CURVE ( 'NONE', #2406, #3843, #5043, .T. ) ;
#5750 = ORIENTED_EDGE ( 'NONE', *, *, #3005, .T. ) ;
#5751 = ORIENTED_EDGE ( 'NONE', *, *, #4704, .T. ) ;
#5752 = CARTESIAN_POINT ( 'NONE',  ( 0.5816684688103074263, 0.0000000000000000000, -0.01574999999999998623 ) ) ;
#5753 = DIRECTION ( 'NONE',  ( 0.0000000000000000000, 0.0000000000000000000, 1.000000000000000000 ) ) ;
#5754 = VERTEX_POINT ( 'NONE', #1297 ) ;
#5755 = ORIENTED_EDGE ( 'NONE', *, *, #405, .T. ) ;
#5756 = CARTESIAN_POINT ( 'NONE',  ( 0.2816684688103074374, -0.2760000000000000231, -0.01574999999999998623 ) ) ;
#5757 = DIRECTION ( 'NONE',  ( -1.000000000000000000, 3.430248998885772487E-15, -2.239219666938031849E-15 ) ) ;
#5758 = DIRECTION ( 'NONE',  ( 0.7071067811865474617, -0.0000000000000000000, -0.7071067811865474617 ) ) ;
#5759 = CARTESIAN_POINT ( 'NONE',  ( -0.01203253118969264436, -0.1650000000000000078, -0.08424999999999989442 ) ) ;
#5760 = VERTEX_POINT ( 'NONE', #404 ) ;
#5761 = FACE_OUTER_BOUND ( 'NONE', #2379, .T. ) ;
#5762 = ORIENTED_EDGE ( 'NONE', *, *, #1856, .F. ) ;
#5763 = ORIENTED_EDGE ( 'NONE', *, *, #4557, .F. ) ;
#5764 = EDGE_CURVE ( 'NONE', #4669, #228, #908, .T. ) ;
#5765 = DIRECTION ( 'NONE',  ( -1.000000000000000000, 3.430248998885770514E-15, -2.239219666938031849E-15 ) ) ;
#5766 = VECTOR ( 'NONE', #3150, 39.37007874015748143 ) ;
#5767 = FACE_OUTER_BOUND ( 'NONE', #333, .T. ) ;
#5768 = LINE ( 'NONE', #3125, #1535 ) ;
#5769 = ORIENTED_EDGE ( 'NONE', *, *, #1465, .F. ) ;
#5770 = AXIS2_PLACEMENT_3D ( 'NONE', #1796, #3908, #5931 ) ;
#5771 = EDGE_CURVE ( 'NONE', #5074, #3061, #3179, .T. ) ;
#5772 = EDGE_CURVE ( 'NONE', #5817, #1816, #5943, .T. ) ;
#5773 = FACE_OUTER_BOUND ( 'NONE', #1968, .T. ) ;
#5774 = VECTOR ( 'NONE', #4655, 39.37007874015748143 ) ;
#5775 = CARTESIAN_POINT ( 'NONE',  ( 0.1773881722737665756, 5.312527353592203413E-16, -0.1609118277262354679 ) ) ;
#5776 = ORIENTED_EDGE ( 'NONE', *, *, #3964, .T. ) ;
#5777 = AXIS2_PLACEMENT_3D ( 'NONE', #5695, #3848, #2390 ) ;
#5778 = ADVANCED_FACE ( 'NONE', ( #4590 ), #185, .F. ) ;
#5779 = VERTEX_POINT ( 'NONE', #3426 ) ;
#5780 = CARTESIAN_POINT ( 'NONE',  ( -0.01203253118969267385, -0.1650000000000000078, -0.08975999999999990930 ) ) ;
#5781 = LINE ( 'NONE', #4878, #483 ) ;
#5782 = ORIENTED_EDGE ( 'NONE', *, *, #4681, .T. ) ;
#5783 = ORIENTED_EDGE ( 'NONE', *, *, #787, .F. ) ;
#5784 =( NAMED_UNIT ( * ) SI_UNIT ( $, .STERADIAN. ) SOLID_ANGLE_UNIT ( ) );
#5785 = EDGE_CURVE ( 'NONE', #2582, #3297, #4904, .T. ) ;
#5786 = CIRCLE ( 'NONE', #3582, 0.03155000000000051513 ) ;
#5787 = FACE_OUTER_BOUND ( 'NONE', #688, .T. ) ;
#5788 = DIRECTION ( 'NONE',  ( 1.000000000000000000, 0.0000000000000000000, 0.0000000000000000000 ) ) ;
#5789 = LINE ( 'NONE', #1665, #2900 ) ;
#5790 = VERTEX_POINT ( 'NONE', #2457 ) ;
#5791 = CIRCLE ( 'NONE', #3399, 0.01249999999999974569 ) ;
#5792 = FACE_OUTER_BOUND ( 'NONE', #1534, .T. ) ;
#5793 = ORIENTED_EDGE ( 'NONE', *, *, #466, .T. ) ;
#5794 = EDGE_CURVE ( 'NONE', #1049, #5933, #3669, .T. ) ;
#5795 = VECTOR ( 'NONE', #5038, 39.37007874015748143 ) ;
#5796 = SURFACE_STYLE_FILL_AREA ( #3461 ) ;
#5797 = CARTESIAN_POINT ( 'NONE',  ( 0.1962719448011143175, -0.1531900000000000206, -0.08975999999999990930 ) ) ;
#5798 = PLANE ( 'NONE',  #4902 ) ;
#5799 = ORIENTED_EDGE ( 'NONE', *, *, #5794, .T. ) ;
#5800 = EDGE_CURVE ( 'NONE', #5837, #5130, #557, .T. ) ;
#5801 = VECTOR ( 'NONE', #515, 39.37007874015748854 ) ;
#5802 = CARTESIAN_POINT ( 'NONE',  ( 0.1773881722737661870, 0.01249999999999949936, 0.07408817227376630898 ) ) ;
#5803 = CIRCLE ( 'NONE', #4463, 0.03155000000000051513 ) ;
#5804 = CARTESIAN_POINT ( 'NONE',  ( 0.6232733025642848146, -0.1650000000000000078, 0.1446894006662437226 ) ) ;
#5805 = PLANE ( 'NONE',  #46 ) ;
#5806 = CARTESIAN_POINT ( 'NONE',  ( 0.1379674688103073310, 0.0000000000000000000, -0.05000000000000019013 ) ) ;
#5807 = EDGE_CURVE ( 'NONE', #5542, #34, #3793, .T. ) ;
#5808 = EDGE_CURVE ( 'NONE', #1787, #1803, #2485, .T. ) ;
#5809 = VERTEX_POINT ( 'NONE', #4322 ) ;
#5810 = CIRCLE ( 'NONE', #5044, 0.05088817227376596364 ) ;
#5811 = AXIS2_PLACEMENT_3D ( 'NONE', #2135, #5836, #3166 ) ;
#5812 = CARTESIAN_POINT ( 'NONE',  ( 0.7879674688103074365, -0.1650000000000000078, -0.01574999999999984746 ) ) ;
#5813 = EDGE_LOOP ( 'NONE', ( #2220, #2868, #5562, #1231 ) ) ;
#5814 = AXIS2_PLACEMENT_3D ( 'NONE', #2039, #1720, #1183 ) ;
#5815 = DIRECTION ( 'NONE',  ( -1.000000000000000000, 3.430248998885779192E-15, -2.731847993664322383E-15 ) ) ;
#5816 = EDGE_CURVE ( 'NONE', #3628, #4303, #2030, .T. ) ;
#5817 = VERTEX_POINT ( 'NONE', #5256 ) ;
#5818 = VERTEX_POINT ( 'NONE', #3826 ) ;
#5819 = CARTESIAN_POINT ( 'NONE',  ( 0.3379674688103073699, -0.03399999999999996775, -0.08155000000000069138 ) ) ;
#5820 = AXIS2_PLACEMENT_3D ( 'NONE', #4738, #3363, #5191 ) ;
#5821 = CARTESIAN_POINT ( 'NONE',  ( -0.01203253118969267385, -0.1531900000000000206, -0.08975999999999990930 ) ) ;
#5822 = LINE ( 'NONE', #3173, #5889 ) ;
#5823 = FACE_OUTER_BOUND ( 'NONE', #2237, .T. ) ;
#5824 = ORIENTED_EDGE ( 'NONE', *, *, #4743, .T. ) ;
#5825 = DIRECTION ( 'NONE',  ( -1.000000000000000000, 3.430248998885770120E-15, -1.157562709179845500E-15 ) ) ;
#5826 = VERTEX_POINT ( 'NONE', #2000 ) ;
#5827 = CARTESIAN_POINT ( 'NONE',  ( 0.6123821408797314181, -0.1650000000000000078, 0.1407253419964795138 ) ) ;
#5828 = CARTESIAN_POINT ( 'NONE',  ( 0.6816684688103075151, -0.2760000000000000231, -0.01574999999999998623 ) ) ;
#5829 = DIRECTION ( 'NONE',  ( -1.000000000000000000, 0.0000000000000000000, -0.0000000000000000000 ) ) ;
#5830 = EDGE_LOOP ( 'NONE', ( #424, #5495 ) ) ;
#5831 = LINE ( 'NONE', #5327, #1769 ) ;
#5832 = CARTESIAN_POINT ( 'NONE',  ( 0.3379674688103073699, -0.03399999999999996775, -0.01259999999999966529 ) ) ;
#5833 = CARTESIAN_POINT ( 'NONE',  ( 0.5379674688103074365, -0.03399999999999996775, -0.05000000000000019013 ) ) ;
#5834 = DIRECTION ( 'NONE',  ( 1.715124499442882891E-15, 3.307784318971030633E-15, -1.000000000000000000 ) ) ;
#5835 = EDGE_LOOP ( 'NONE', ( #2625, #1360 ) ) ;
#5836 = DIRECTION ( 'NONE',  ( -0.0000000000000000000, 1.000000000000000000, -0.0000000000000000000 ) ) ;
#5837 = VERTEX_POINT ( 'NONE', #1091 ) ;
#5838 = DIRECTION ( 'NONE',  ( 0.0000000000000000000, 0.0000000000000000000, 1.000000000000000000 ) ) ;
#5839 = VERTEX_POINT ( 'NONE', #1480 ) ;
#5840 = ORIENTED_EDGE ( 'NONE', *, *, #1504, .F. ) ;
#5841 = EDGE_CURVE ( 'NONE', #1614, #4885, #1121, .T. ) ;
#5842 = ADVANCED_FACE ( 'NONE', ( #584 ), #70, .F. ) ;
#5843 = CARTESIAN_POINT ( 'NONE',  ( 0.3379674688103073699, -0.1531900000000000206, -0.05000000000000019013 ) ) ;
#5844 = DIRECTION ( 'NONE',  ( 1.715124499442882891E-15, 3.307784318971030633E-15, -1.000000000000000000 ) ) ;
#5845 = DIRECTION ( 'NONE',  ( 0.3420201433256720991, 0.0000000000000000000, -0.9396926207859070956 ) ) ;
#5846 = VERTEX_POINT ( 'NONE', #3763 ) ;
#5847 = FACE_OUTER_BOUND ( 'NONE', #217, .T. ) ;
#5848 = ORIENTED_EDGE ( 'NONE', *, *, #385, .F. ) ;
#5849 = ADVANCED_FACE ( 'NONE', ( #5582 ), #1449, .F. ) ;
#5850 = DIRECTION ( 'NONE',  ( 0.0000000000000000000, 0.0000000000000000000, 1.000000000000000000 ) ) ;
#5851 = CARTESIAN_POINT ( 'NONE',  ( 0.7184669688103072493, -0.03899999999999999994, -1.633714423575824830E-17 ) ) ;
#5852 = DIRECTION ( 'NONE',  ( 0.0000000000000000000, -0.0000000000000000000, -1.000000000000000000 ) ) ;
#5853 = ORIENTED_EDGE ( 'NONE', *, *, #4927, .F. ) ;
#5854 = EDGE_CURVE ( 'NONE', #3511, #5809, #615, .T. ) ;
#5855 = DIRECTION ( 'NONE',  ( 0.0000000000000000000, 0.0000000000000000000, 1.000000000000000000 ) ) ;
#5856 = AXIS2_PLACEMENT_3D ( 'NONE', #1428, #977, #5141 ) ;
#5857 = CARTESIAN_POINT ( 'NONE',  ( 0.03796746881030733239, -0.03399999999999996775, -0.08740000000000071323 ) ) ;
#5858 = DIRECTION ( 'NONE',  ( 0.0000000000000000000, 0.0000000000000000000, 1.000000000000000000 ) ) ;
#5859 = LINE ( 'NONE', #2616, #3713 ) ;
#5860 = CARTESIAN_POINT ( 'NONE',  ( 0.2999990000000001267, 0.0000000000000000000, 0.0000000000000000000 ) ) ;
#5861 = ORIENTED_EDGE ( 'NONE', *, *, #2517, .F. ) ;
#5862 = VECTOR ( 'NONE', #1393, 39.37007874015748854 ) ;
#5863 = EDGE_CURVE ( 'NONE', #2994, #3960, #2849, .T. ) ;
#5864 = TOROIDAL_SURFACE ( 'NONE', #1725, 0.03838817227376622315, 0.01249999999999974569 ) ;
#5865 = CARTESIAN_POINT ( 'NONE',  ( 0.1773881722737661593, -2.460765795989775511E-16, 0.07408817227376626735 ) ) ;
#5866 = DIRECTION ( 'NONE',  ( -1.000000000000000000, -0.0000000000000000000, -0.0000000000000000000 ) ) ;
#5867 = VERTEX_POINT ( 'NONE', #2393 ) ;
#5868 = FACE_OUTER_BOUND ( 'NONE', #4154, .T. ) ;
#5869 = ORIENTED_EDGE ( 'NONE', *, *, #936, .T. ) ;
#5870 = ORIENTED_EDGE ( 'NONE', *, *, #3015, .T. ) ;
#5871 = EDGE_CURVE ( 'NONE', #543, #1694, #97, .T. ) ;
#5872 = PRODUCT ( 'mill-max-829-22-008-20-002101', 'mill-max-829-22-008-20-002101', '', ( #3011 ) ) ;
#5873 = AXIS2_PLACEMENT_3D ( 'NONE', #2410, #1923, #1866 ) ;
#5874 = DIRECTION ( 'NONE',  ( -0.0000000000000000000, 1.000000000000000000, -0.0000000000000000000 ) ) ;
#5875 = LINE ( 'NONE', #1229, #4454 ) ;
#5876 = DIRECTION ( 'NONE',  ( 0.0000000000000000000, -0.0000000000000000000, 1.000000000000000000 ) ) ;
#5877 = VERTEX_POINT ( 'NONE', #2875 ) ;
#5878 = CARTESIAN_POINT ( 'NONE',  ( 0.6999990000000000379, -0.2760000000000000231, -0.09999999999999989453 ) ) ;
#5879 = ORIENTED_EDGE ( 'NONE', *, *, #1689, .T. ) ;
#5880 = DIRECTION ( 'NONE',  ( 1.000000000000000000, -0.0000000000000000000, 0.0000000000000000000 ) ) ;
#5881 = ADVANCED_FACE ( 'NONE', ( #1507 ), #4703, .F. ) ;
#5882 = VECTOR ( 'NONE', #4985, 39.37007874015748143 ) ;
#5883 = CYLINDRICAL_SURFACE ( 'NONE', #3427, 0.01249999999999974569 ) ;
#5884 = VECTOR ( 'NONE', #5259, 39.37007874015748854 ) ;
#5885 = CARTESIAN_POINT ( 'NONE',  ( 0.1773881722737665756, 5.312527353592203413E-16, -0.1609118277262354679 ) ) ;
#5886 = CARTESIAN_POINT ( 'NONE',  ( 0.6379674688103074143, 9.184870279381501883E-17, -0.05000000000000019013 ) ) ;
#5887 = ORIENTED_EDGE ( 'NONE', *, *, #828, .F. ) ;
#5888 = EDGE_CURVE ( 'NONE', #5065, #4649, #5189, .T. ) ;
#5889 = VECTOR ( 'NONE', #1320, 39.37007874015748143 ) ;
#5890 = LINE ( 'NONE', #2307, #5478 ) ;
#5891 = PLANE ( 'NONE',  #2161 ) ;
#5892 = LINE ( 'NONE', #1305, #1835 ) ;
#5893 = CARTESIAN_POINT ( 'NONE',  ( -0.005732531189692642581, -0.1531900000000000206, -0.01574999999999999664 ) ) ;
#5894 = VECTOR ( 'NONE', #4695, 39.37007874015748143 ) ;
#5895 = CARTESIAN_POINT ( 'NONE',  ( 0.01846696881030734927, -0.03899999999999999994, -1.633714423575824830E-17 ) ) ;
#5896 = CYLINDRICAL_SURFACE ( 'NONE', #616, 0.03155000000000051513 ) ;
#5897 = ORIENTED_EDGE ( 'NONE', *, *, #5764, .F. ) ;
#5898 = AXIS2_PLACEMENT_3D ( 'NONE', #3434, #2037, #3887 ) ;
#5899 = DIRECTION ( 'NONE',  ( 0.7071067811865476838, 0.0000000000000000000, 0.7071067811865473507 ) ) ;
#5900 = EDGE_LOOP ( 'NONE', ( #3334, #3446, #5581, #651 ) ) ;
#5901 = CARTESIAN_POINT ( 'NONE',  ( 0.3816684688103073597, -0.1531900000000000206, -0.01574999999999998623 ) ) ;
#5902 = VECTOR ( 'NONE', #2572, 39.37007874015748143 ) ;
#5903 = ORIENTED_EDGE ( 'NONE', *, *, #2394, .F. ) ;
#5904 = EDGE_CURVE ( 'NONE', #1, #4609, #3852, .T. ) ;
#5905 = VECTOR ( 'NONE', #858, 39.37007874015748854 ) ;
#5906 = ORIENTED_EDGE ( 'NONE', *, *, #2579, .T. ) ;
#5907 = AXIS2_PLACEMENT_3D ( 'NONE', #3192, #5567, #3747 ) ;
#5908 = COLOUR_RGB ( '',1.000000000000000000, 0.8588235294117646523, 0.5568627450980392357 ) ;
#5909 = CYLINDRICAL_SURFACE ( 'NONE', #1759, 0.03155000000000051513 ) ;
#5910 = DIRECTION ( 'NONE',  ( -1.000000000000000000, 0.0000000000000000000, -1.980403796674357815E-16 ) ) ;
#5911 = LINE ( 'NONE', #3243, #1444 ) ;
#5912 = ORIENTED_EDGE ( 'NONE', *, *, #1018, .F. ) ;
#5913 = LINE ( 'NONE', #5041, #5614 ) ;
#5914 = ORIENTED_EDGE ( 'NONE', *, *, #2319, .T. ) ;
#5915 = CYLINDRICAL_SURFACE ( 'NONE', #4995, 0.03155000000000051513 ) ;
#5916 = VECTOR ( 'NONE', #13, 39.37007874015748143 ) ;
#5917 = EDGE_CURVE ( 'NONE', #2052, #1055, #1659, .T. ) ;
#5918 = PLANE ( 'NONE',  #812 ) ;
#5919 = FACE_OUTER_BOUND ( 'NONE', #137, .T. ) ;
#5920 = CARTESIAN_POINT ( 'NONE',  ( 0.01250000000000048121, 0.0000000000000000000, 0.0000000000000000000 ) ) ;
#5921 = EDGE_CURVE ( 'NONE', #1939, #5818, #4409, .T. ) ;
#5922 = ORIENTED_EDGE ( 'NONE', *, *, #140, .T. ) ;
#5923 = DIRECTION ( 'NONE',  ( -0.9396926207859093161, 0.0000000000000000000, 0.3420201433256663259 ) ) ;
#5924 = LINE ( 'NONE', #3225, #4662 ) ;
#5925 = EDGE_CURVE ( 'NONE', #3553, #2874, #2503, .T. ) ;
#5926 = DIRECTION ( 'NONE',  ( -0.9396926207859072067, 0.0000000000000000000, -0.3420201433256721546 ) ) ;
#5927 = DIRECTION ( 'NONE',  ( 0.7071067811865476838, 0.0000000000000000000, 0.7071067811865473507 ) ) ;
#5928 = CARTESIAN_POINT ( 'NONE',  ( -0.01203253118969267385, -0.1650000000000000078, -0.01024000000000000084 ) ) ;
#5929 = LINE ( 'NONE', #2219, #4842 ) ;
#5930 = VERTEX_POINT ( 'NONE', #2141 ) ;
#5931 = DIRECTION ( 'NONE',  ( -1.000000000000000000, 3.430248998885772092E-15, -1.897116662266944614E-15 ) ) ;
#5932 = CARTESIAN_POINT ( 'NONE',  ( 0.4379674688103074032, 0.0000000000000000000, -0.08740000000000071323 ) ) ;
#5933 = VERTEX_POINT ( 'NONE', #3936 ) ;
#5934 = FACE_OUTER_BOUND ( 'NONE', #4802, .T. ) ;
#5935 = ORIENTED_EDGE ( 'NONE', *, *, #3937, .F. ) ;
#5936 = VERTEX_POINT ( 'NONE', #5819 ) ;
#5937 = CARTESIAN_POINT ( 'NONE',  ( 0.5020644430920145895, -0.1650000000000000078, -0.2690729836889834692 ) ) ;
#5938 = CARTESIAN_POINT ( 'NONE',  ( 0.1898881722737658928, -2.283799334924820151E-16, 0.07408817227376629511 ) ) ;
#5939 = LINE ( 'NONE', #3659, #682 ) ;
#5940 = EDGE_LOOP ( 'NONE', ( #1248, #1724, #2698, #2713 ) ) ;
#5941 = CARTESIAN_POINT ( 'NONE',  ( 0.7379674688103073921, -0.1531900000000000206, -0.01844999999999967846 ) ) ;
#5942 = VERTEX_POINT ( 'NONE', #4382 ) ;
#5943 = LINE ( 'NONE', #3663, #5297 ) ;
#5944 = EDGE_CURVE ( 'NONE', #1998, #3507, #2603, .T. ) ;
#5945 = ORIENTED_EDGE ( 'NONE', *, *, #1567, .T. ) ;
#5946 = DIRECTION ( 'NONE',  ( 0.0000000000000000000, 0.0000000000000000000, 1.000000000000000000 ) ) ;
#5947 = FACE_OUTER_BOUND ( 'NONE', #3989, .T. ) ;
#5948 = CARTESIAN_POINT ( 'NONE',  ( 0.05746696881030735615, 0.0000000000000000000, 0.04599999999999995759 ) ) ;
#5949 = ORIENTED_EDGE ( 'NONE', *, *, #669, .T. ) ;
#5950 = LINE ( 'NONE', #1819, #1583 ) ;
#5951 = ORIENTED_EDGE ( 'NONE', *, *, #4742, .T. ) ;
#5952 = NEXT_ASSEMBLY_USAGE_OCCURRENCE ( 'NAUO1', ' ', ' ', #545, #1418, $ ) ;
#5953 = NEXT_ASSEMBLY_USAGE_OCCURRENCE ( 'NAUO2', ' ', ' ', #545, #3566, $ ) ;
#5954 = NEXT_ASSEMBLY_USAGE_OCCURRENCE ( 'NAUO3', ' ', ' ', #545, #3566, $ ) ;
#5955 = NEXT_ASSEMBLY_USAGE_OCCURRENCE ( 'NAUO4', ' ', ' ', #545, #3566, $ ) ;
#5956 = NEXT_ASSEMBLY_USAGE_OCCURRENCE ( 'NAUO5', ' ', ' ', #545, #3566, $ ) ;
#5957 = NEXT_ASSEMBLY_USAGE_OCCURRENCE ( 'NAUO6', ' ', ' ', #545, #3566, $ ) ;
#5958 = NEXT_ASSEMBLY_USAGE_OCCURRENCE ( 'NAUO7', ' ', ' ', #545, #3566, $ ) ;
#5959 = NEXT_ASSEMBLY_USAGE_OCCURRENCE ( 'NAUO8', ' ', ' ', #545, #3566, $ ) ;
#5960 = NEXT_ASSEMBLY_USAGE_OCCURRENCE ( 'NAUO9', ' ', ' ', #545, #3566, $ ) ;
ENDSEC;
END-ISO-10303-21;
