ISO-10303-21;
HEADER;
FILE_DESCRIPTION (( 'STEP AP214' ),
    '1' );
FILE_NAME ('STX-3500-3NTR_rA7.STEP',
    '2018-02-27T00:53:24',
    ( '' ),
    ( '' ),
    'SwSTEP 2.0',
    'SolidWorks 2014',
    '' );
FILE_SCHEMA (( 'AUTOMOTIVE_DESIGN' ));
ENDSEC;

DATA;
#1 = CARTESIAN_POINT ( 'NONE',  ( 3.550000000000002900, 3.469446951953614200E-015, -3.000000000000000900 ) ) ;
#2 = PRODUCT_DEFINITION ( 'UNKNOWN', '', #114, #1036 ) ;
#3 = PRESENTATION_STYLE_ASSIGNMENT (( #316 ) ) ;
#4 = AXIS2_PLACEMENT_3D ( 'NONE', #1517, #1510, #623 ) ;
#5 = DIRECTION ( 'NONE',  ( -1.000000000000000000, -0.0000000000000000000, -0.0000000000000000000 ) ) ;
#6 = CARTESIAN_POINT ( 'NONE',  ( 2.050000000000002500, -0.01000000000000000000, -4.300000000000002500 ) ) ;
#7 = ADVANCED_FACE ( 'NONE', ( #1220 ), #1118, .F. ) ;
#8 = DIRECTION ( 'NONE',  ( 0.0000000000000000000, 0.0000000000000000000, 1.000000000000000000 ) ) ;
#9 = PRESENTATION_STYLE_ASSIGNMENT (( #683 ) ) ;
#10 = CARTESIAN_POINT ( 'NONE',  ( 12.50000000000000000, 0.2000000000000000100, -2.424999999999999800 ) ) ;
#11 = DIRECTION ( 'NONE',  ( -0.0000000000000000000, 0.0000000000000000000, 1.000000000000000000 ) ) ;
#12 = VECTOR ( 'NONE', #1845, 1000.000000000000100 ) ;
#13 = AXIS2_PLACEMENT_3D ( 'NONE', #561, #1610, #703 ) ;
#14 = VECTOR ( 'NONE', #108, 1000.000000000000000 ) ;
#15 = ADVANCED_FACE ( 'NONE', ( #381 ), #526, .T. ) ;
#16 = EDGE_CURVE ( 'NONE', #431, #1810, #814, .T. ) ;
#17 = LINE ( 'NONE', #1445, #1945 ) ;
#18 = ORIENTED_EDGE ( 'NONE', *, *, #1124, .T. ) ;
#19 = ORIENTED_EDGE ( 'NONE', *, *, #268, .T. ) ;
#20 = DIRECTION ( 'NONE',  ( 1.000000000000000000, 0.0000000000000000000, 0.0000000000000000000 ) ) ;
#21 = SURFACE_STYLE_USAGE ( .BOTH. , #914 ) ;
#22 = ORIENTED_EDGE ( 'NONE', *, *, #1057, .F. ) ;
#23 = MECHANICAL_DESIGN_GEOMETRIC_PRESENTATION_REPRESENTATION (  '', ( #1784 ), #133 ) ;
#24 = ORIENTED_EDGE ( 'NONE', *, *, #1800, .F. ) ;
#25 =( LENGTH_UNIT ( ) NAMED_UNIT ( * ) SI_UNIT ( .MILLI., .METRE. ) );
#26 = FILL_AREA_STYLE ('',( #1687 ) ) ;
#27 = CARTESIAN_POINT ( 'NONE',  ( 0.0000000000000000000, 3.793732670585586200E-015, 3.000000000000000900 ) ) ;
#28 = SURFACE_STYLE_FILL_AREA ( #961 ) ;
#29 =( NAMED_UNIT ( * ) PLANE_ANGLE_UNIT ( ) SI_UNIT ( $, .RADIAN. ) );
#30 =( GEOMETRIC_REPRESENTATION_CONTEXT ( 3 ) GLOBAL_UNCERTAINTY_ASSIGNED_CONTEXT ( ( #1000 ) ) GLOBAL_UNIT_ASSIGNED_CONTEXT ( ( #107, #1151, #259 ) ) REPRESENTATION_CONTEXT ( 'NONE', 'WORKASPACE' ) );
#31 = EDGE_CURVE ( 'NONE', #909, #215, #1198, .T. ) ;
#32 = SURFACE_STYLE_USAGE ( .BOTH. , #166 ) ;
#33 = CARTESIAN_POINT ( 'NONE',  ( 9.700000000000001100, 0.2000000000000000100, 4.500000000000000900 ) ) ;
#34 = CARTESIAN_POINT ( 'NONE',  ( 11.00000000000000200, -1.000000000000000000, -0.7500000000000003300 ) ) ;
#35 = SURFACE_STYLE_FILL_AREA ( #851 ) ;
#36 = UNCERTAINTY_MEASURE_WITH_UNIT (LENGTH_MEASURE( 1.000000000000000100E-005 ), #1680, 'distance_accuracy_value', 'NONE');
#37 = CARTESIAN_POINT ( 'NONE',  ( 14.50000000000000000, 5.000000000000003600, 3.000000000000000000 ) ) ;
#38 = LINE ( 'NONE', #1206, #838 ) ;
#39 = FILL_AREA_STYLE_COLOUR ( '', #145 ) ;
#40 =( NAMED_UNIT ( * ) SI_UNIT ( $, .STERADIAN. ) SOLID_ANGLE_UNIT ( ) );
#41 = CARTESIAN_POINT ( 'NONE',  ( 4.000000000000001800, -1.000000000000000000, 0.0000000000000000000 ) ) ;
#42 = PRESENTATION_STYLE_ASSIGNMENT (( #717 ) ) ;
#43 = PRESENTATION_LAYER_ASSIGNMENT (  '', '', ( #1798 ) ) ;
#44 = EDGE_CURVE ( 'NONE', #1949, #1027, #1853, .T. ) ;
#45 = ORIENTED_EDGE ( 'NONE', *, *, #588, .T. ) ;
#46 = ORIENTED_EDGE ( 'NONE', *, *, #622, .F. ) ;
#47 =( NAMED_UNIT ( * ) PLANE_ANGLE_UNIT ( ) SI_UNIT ( $, .RADIAN. ) );
#48 = VERTEX_POINT ( 'NONE', #1770 ) ;
#49 = SURFACE_SIDE_STYLE ('',( #1693 ) ) ;
#50 = CARTESIAN_POINT ( 'NONE',  ( 14.50000000000000000, 3.793732670585586200E-015, 3.000000000000000900 ) ) ;
#51 = SURFACE_STYLE_FILL_AREA ( #489 ) ;
#52 =( NAMED_UNIT ( * ) PLANE_ANGLE_UNIT ( ) SI_UNIT ( $, .RADIAN. ) );
#53 =( LENGTH_UNIT ( ) NAMED_UNIT ( * ) SI_UNIT ( .MILLI., .METRE. ) );
#54 = DIRECTION ( 'NONE',  ( 0.0000000000000000000, 0.0000000000000000000, 1.000000000000000000 ) ) ;
#55 = LINE ( 'NONE', #1660, #409 ) ;
#56 = SURFACE_SIDE_STYLE ('',( #1544 ) ) ;
#57 = ADVANCED_FACE ( 'NONE', ( #646 ), #1248, .T. ) ;
#58 = AXIS2_PLACEMENT_3D ( 'NONE', #1772, #858, #1931 ) ;
#59 = FILL_AREA_STYLE_COLOUR ( '', #291 ) ;
#60 = EDGE_CURVE ( 'NONE', #609, #1634, #507, .T. ) ;
#61 = CARTESIAN_POINT ( 'NONE',  ( 10.70000000000000100, 0.2000000000000000100, 2.424999999999999800 ) ) ;
#62 = UNCERTAINTY_MEASURE_WITH_UNIT (LENGTH_MEASURE( 1.000000000000000100E-005 ), #864, 'distance_accuracy_value', 'NONE');
#63 = DIRECTION ( 'NONE',  ( 0.0000000000000000000, 0.0000000000000000000, -1.000000000000000000 ) ) ;
#64 = UNCERTAINTY_MEASURE_WITH_UNIT (LENGTH_MEASURE( 1.000000000000000100E-005 ), #788, 'distance_accuracy_value', 'NONE');
#65 = MECHANICAL_DESIGN_GEOMETRIC_PRESENTATION_REPRESENTATION (  '', ( #1814 ), #163 ) ;
#66 = CARTESIAN_POINT ( 'NONE',  ( 14.50000000000000000, 3.793732670585586200E-015, 3.000000000000000900 ) ) ;
#67 = COLOUR_RGB ( '',0.7529411764705882200, 0.7529411764705882200, 0.7529411764705882200 ) ;
#68 = SURFACE_SIDE_STYLE ('',( #255 ) ) ;
#69 = DIRECTION ( 'NONE',  ( 0.0000000000000000000, -1.000000000000000000, 0.0000000000000000000 ) ) ;
#70 = VECTOR ( 'NONE', #1762, 1000.000000000000000 ) ;
#71 = DIRECTION ( 'NONE',  ( 0.0000000000000000000, 0.0000000000000000000, -1.000000000000000000 ) ) ;
#72 = VECTOR ( 'NONE', #1439, 1000.000000000000000 ) ;
#73 = ORIENTED_EDGE ( 'NONE', *, *, #998, .F. ) ;
#74 = DIRECTION ( 'NONE',  ( -1.000000000000000000, 0.0000000000000000000, 0.0000000000000000000 ) ) ;
#75 = VERTEX_POINT ( 'NONE', #1362 ) ;
#76 = ORIENTED_EDGE ( 'NONE', *, *, #827, .T. ) ;
#77 = FILL_AREA_STYLE ('',( #1884 ) ) ;
#78 = EDGE_LOOP ( 'NONE', ( #1575, #658, #828, #165 ) ) ;
#79 = PRESENTATION_LAYER_ASSIGNMENT (  '', '', ( #1944 ) ) ;
#80 = ORIENTED_EDGE ( 'NONE', *, *, #1491, .T. ) ;
#81 = CARTESIAN_POINT ( 'NONE',  ( 10.70000000000000100, 0.2000000000000000100, 2.424999999999999800 ) ) ;
#82 = PRESENTATION_STYLE_ASSIGNMENT (( #618 ) ) ;
#83 = VECTOR ( 'NONE', #1308, 1000.000000000000000 ) ;
#84 =( NAMED_UNIT ( * ) PLANE_ANGLE_UNIT ( ) SI_UNIT ( $, .RADIAN. ) );
#85 = CYLINDRICAL_SURFACE ( 'NONE', #1324, 1.800000000000000000 ) ;
#86 = DIRECTION ( 'NONE',  ( 0.0000000000000000000, 1.000000000000000000, -1.224646799147353200E-016 ) ) ;
#87 = DIRECTION ( 'NONE',  ( 0.0000000000000000000, 0.0000000000000000000, -1.000000000000000000 ) ) ;
#88 = STYLED_ITEM ( 'NONE', ( #1805 ), #1764 ) ;
#89 = PRESENTATION_STYLE_ASSIGNMENT (( #1708 ) ) ;
#90 = EDGE_CURVE ( 'NONE', #48, #164, #1658, .T. ) ;
#91 = DIRECTION ( 'NONE',  ( 0.0000000000000000000, 0.0000000000000000000, 1.000000000000000000 ) ) ;
#92 = FILL_AREA_STYLE_COLOUR ( '', #1312 ) ;
#93 = STYLED_ITEM ( 'NONE', ( #709 ), #750 ) ;
#94 = FACE_OUTER_BOUND ( 'NONE', #1430, .T. ) ;
#95 = CARTESIAN_POINT ( 'NONE',  ( 10.70000000000000100, -0.01000000000000000000, 4.500000000000000900 ) ) ;
#96 = ORIENTED_EDGE ( 'NONE', *, *, #1294, .F. ) ;
#97 = CARTESIAN_POINT ( 'NONE',  ( 2.050000000000002500, 0.2899999999999999800, -4.300000000000002500 ) ) ;
#98 = ORIENTED_EDGE ( 'NONE', *, *, #1164, .T. ) ;
#99 = STYLED_ITEM ( 'NONE', ( #89 ), #1349 ) ;
#100 = EDGE_CURVE ( 'NONE', #431, #284, #856, .T. ) ;
#101 = VERTEX_POINT ( 'NONE', #1 ) ;
#102 = CARTESIAN_POINT ( 'NONE',  ( 10.70000000000000100, 3.793732670585586200E-015, 3.000000000000000900 ) ) ;
#103 = CARTESIAN_POINT ( 'NONE',  ( 4.000000000000001800, -0.8499999999999950900, -0.7500000000000002200 ) ) ;
#104 = LINE ( 'NONE', #1850, #1656 ) ;
#105 = UNCERTAINTY_MEASURE_WITH_UNIT (LENGTH_MEASURE( 1.000000000000000100E-005 ), #219, 'distance_accuracy_value', 'NONE');
#106 = FILL_AREA_STYLE_COLOUR ( '', #725 ) ;
#107 =( LENGTH_UNIT ( ) NAMED_UNIT ( * ) SI_UNIT ( .MILLI., .METRE. ) );
#108 = DIRECTION ( 'NONE',  ( -1.000000000000000000, -0.0000000000000000000, -0.0000000000000000000 ) ) ;
#109 = VECTOR ( 'NONE', #602, 1000.000000000000000 ) ;
#110 = CARTESIAN_POINT ( 'NONE',  ( 10.70000000000000100, -0.01000000000000000000, 2.424999999999999800 ) ) ;
#111 = AXIS2_PLACEMENT_3D ( 'NONE', #193, #1232, #341 ) ;
#112 = VECTOR ( 'NONE', #472, 1000.000000000000000 ) ;
#113 =( LENGTH_UNIT ( ) NAMED_UNIT ( * ) SI_UNIT ( .MILLI., .METRE. ) );
#114 = PRODUCT_DEFINITION_FORMATION_WITH_SPECIFIED_SOURCE ( 'ANY', '', #153, .NOT_KNOWN. ) ;
#115 = DIRECTION ( 'NONE',  ( 0.0000000000000000000, 0.0000000000000000000, 1.000000000000000000 ) ) ;
#116 = AXIS2_PLACEMENT_3D ( 'NONE', #179, #167, #159 ) ;
#117 = CIRCLE ( 'NONE', #686, 0.7500000000000003300 ) ;
#118 = VECTOR ( 'NONE', #543, 1000.000000000000000 ) ;
#119 = DIRECTION ( 'NONE',  ( 0.0000000000000000000, 0.0000000000000000000, 1.000000000000000000 ) ) ;
#120 = ORIENTED_EDGE ( 'NONE', *, *, #235, .T. ) ;
#121 = ORIENTED_EDGE ( 'NONE', *, *, #1057, .T. ) ;
#122 = ORIENTED_EDGE ( 'NONE', *, *, #1356, .F. ) ;
#123 = ORIENTED_EDGE ( 'NONE', *, *, #598, .T. ) ;
#124 = UNCERTAINTY_MEASURE_WITH_UNIT (LENGTH_MEASURE( 1.000000000000000100E-005 ), #972, 'distance_accuracy_value', 'NONE');
#125 = STYLED_ITEM ( 'NONE', ( #762 ), #1659 ) ;
#126 = CARTESIAN_POINT ( 'NONE',  ( 3.550000000000002000, 0.2899999999999999800, -2.100000000000000100 ) ) ;
#127 = EDGE_CURVE ( 'NONE', #605, #423, #1037, .T. ) ;
#128 = UNCERTAINTY_MEASURE_WITH_UNIT (LENGTH_MEASURE( 1.000000000000000100E-005 ), #839, 'distance_accuracy_value', 'NONE');
#129 =( NAMED_UNIT ( * ) SI_UNIT ( $, .STERADIAN. ) SOLID_ANGLE_UNIT ( ) );
#130 = COLOUR_RGB ( '',0.2509803921568627400, 0.2509803921568627400, 0.2509803921568627400 ) ;
#131 = ORIENTED_EDGE ( 'NONE', *, *, #827, .F. ) ;
#132 = VECTOR ( 'NONE', #1461, 1000.000000000000000 ) ;
#133 =( GEOMETRIC_REPRESENTATION_CONTEXT ( 3 ) GLOBAL_UNCERTAINTY_ASSIGNED_CONTEXT ( ( #1650 ) ) GLOBAL_UNIT_ASSIGNED_CONTEXT ( ( #1668, #754, #1818 ) ) REPRESENTATION_CONTEXT ( 'NONE', 'WORKASPACE' ) );
#134 = EDGE_CURVE ( 'NONE', #912, #1404, #55, .T. ) ;
#135 = COLOUR_RGB ( '',0.2509803921568627400, 0.2509803921568627400, 0.2509803921568627400 ) ;
#136 = CARTESIAN_POINT ( 'NONE',  ( 11.00000000000000200, -1.000000000000000000, 0.5999999999999947600 ) ) ;
#137 = SURFACE_STYLE_FILL_AREA ( #1323 ) ;
#138 = EDGE_LOOP ( 'NONE', ( #1175, #1132, #1005, #1873 ) ) ;
#139 = ORIENTED_EDGE ( 'NONE', *, *, #1178, .F. ) ;
#140 = VERTEX_POINT ( 'NONE', #629 ) ;
#141 = DIRECTION ( 'NONE',  ( -1.000000000000000000, -0.0000000000000000000, -0.0000000000000000000 ) ) ;
#142 = ORIENTED_EDGE ( 'NONE', *, *, #157, .F. ) ;
#143 = EDGE_LOOP ( 'NONE', ( #820, #122, #1871, #1501 ) ) ;
#144 = VERTEX_POINT ( 'NONE', #1677 ) ;
#145 = COLOUR_RGB ( '',0.2509803921568627400, 0.2509803921568627400, 0.2509803921568627400 ) ;
#146 = MECHANICAL_DESIGN_GEOMETRIC_PRESENTATION_REPRESENTATION (  '', ( #1798 ), #250 ) ;
#147 = SURFACE_STYLE_FILL_AREA ( #328 ) ;
#148 = EDGE_CURVE ( 'NONE', #609, #1099, #1197, .T. ) ;
#149 = DIRECTION ( 'NONE',  ( 0.0000000000000000000, 0.0000000000000000000, 1.000000000000000000 ) ) ;
#150 = ADVANCED_FACE ( 'NONE', ( #807 ), #1199, .T. ) ;
#151 = STYLED_ITEM ( 'NONE', ( #903 ), #910 ) ;
#152 = CARTESIAN_POINT ( 'NONE',  ( 4.000000000000001800, -1.000000000000000000, 0.5999999999999946500 ) ) ;
#153 = PRODUCT ( 'STX-3500-3NTR_rA7', 'STX-3500-3NTR_rA7', '', ( #237 ) ) ;
#154 = COLOUR_RGB ( '',0.7529411764705882200, 0.7529411764705882200, 0.7529411764705882200 ) ;
#155 = STYLED_ITEM ( 'NONE', ( #1750 ), #1508 ) ;
#156 = ADVANCED_FACE ( 'NONE', ( #1821 ), #85, .F. ) ;
#157 = EDGE_CURVE ( 'NONE', #1634, #1295, #1686, .T. ) ;
#158 = FACE_OUTER_BOUND ( 'NONE', #473, .T. ) ;
#159 = DIRECTION ( 'NONE',  ( 0.0000000000000000000, 0.0000000000000000000, 1.000000000000000000 ) ) ;
#160 = CARTESIAN_POINT ( 'NONE',  ( 11.00000000000000200, -1.000000000000000000, 0.0000000000000000000 ) ) ;
#161 = DIRECTION ( 'NONE',  ( 0.0000000000000000000, 0.0000000000000000000, 1.000000000000000000 ) ) ;
#162 = LINE ( 'NONE', #1925, #14 ) ;
#163 =( GEOMETRIC_REPRESENTATION_CONTEXT ( 3 ) GLOBAL_UNCERTAINTY_ASSIGNED_CONTEXT ( ( #1317 ) ) GLOBAL_UNIT_ASSIGNED_CONTEXT ( ( #369, #363, #220 ) ) REPRESENTATION_CONTEXT ( 'NONE', 'WORKASPACE' ) );
#164 = VERTEX_POINT ( 'NONE', #649 ) ;
#165 = ORIENTED_EDGE ( 'NONE', *, *, #723, .F. ) ;
#166 = SURFACE_SIDE_STYLE ('',( #147 ) ) ;
#167 = DIRECTION ( 'NONE',  ( -0.0000000000000000000, 1.000000000000000000, -0.0000000000000000000 ) ) ;
#168 = ORIENTED_EDGE ( 'NONE', *, *, #1400, .F. ) ;
#169 = CARTESIAN_POINT ( 'NONE',  ( 4.000000000000001800, -0.8499999999999950900, 0.7500000000000002200 ) ) ;
#170 = DIRECTION ( 'NONE',  ( -0.0000000000000000000, 0.0000000000000000000, 1.000000000000000000 ) ) ;
#171 = CARTESIAN_POINT ( 'NONE',  ( 0.0000000000000000000, 3.793732670585586200E-015, 3.000000000000000900 ) ) ;
#172 = ADVANCED_FACE ( 'NONE', ( #1643 ), #1849, .T. ) ;
#173 = STYLED_ITEM ( 'NONE', ( #1664 ), #1068 ) ;
#174 = FILL_AREA_STYLE_COLOUR ( '', #617 ) ;
#175 = MECHANICAL_DESIGN_GEOMETRIC_PRESENTATION_REPRESENTATION (  '', ( #1944 ), #280 ) ;
#176 = CARTESIAN_POINT ( 'NONE',  ( 4.000000000000001800, -1.000000000000000000, 0.0000000000000000000 ) ) ;
#177 =( NAMED_UNIT ( * ) PLANE_ANGLE_UNIT ( ) SI_UNIT ( $, .RADIAN. ) );
#178 = FILL_AREA_STYLE_COLOUR ( '', #1616 ) ;
#179 = CARTESIAN_POINT ( 'NONE',  ( 11.00000000000000200, -1.000000000000000000, 0.0000000000000000000 ) ) ;
#180 = COLOUR_RGB ( '',0.7529411764705882200, 0.7529411764705882200, 0.7529411764705882200 ) ;
#181 = SURFACE_STYLE_USAGE ( .BOTH. , #1073 ) ;
#182 = FACE_OUTER_BOUND ( 'NONE', #307, .T. ) ;
#183 = DIRECTION ( 'NONE',  ( 0.0000000000000000000, 0.0000000000000000000, 1.000000000000000000 ) ) ;
#184 = SURFACE_STYLE_FILL_AREA ( #898 ) ;
#185 = FACE_OUTER_BOUND ( 'NONE', #1190, .T. ) ;
#186 = PRESENTATION_LAYER_ASSIGNMENT (  '', '', ( #88 ) ) ;
#187 = EDGE_CURVE ( 'NONE', #329, #218, #338, .T. ) ;
#188 = FACE_OUTER_BOUND ( 'NONE', #1751, .T. ) ;
#189 = VERTEX_POINT ( 'NONE', #210 ) ;
#190 = CARTESIAN_POINT ( 'NONE',  ( 4.000000000000001800, -1.000000000000000000, 0.0000000000000000000 ) ) ;
#191 = ORIENTED_EDGE ( 'NONE', *, *, #1020, .F. ) ;
#192 = AXIS2_PLACEMENT_3D ( 'NONE', #1387, #1084, #1243 ) ;
#193 = CARTESIAN_POINT ( 'NONE',  ( 11.00000000000000200, 3.686287386450715100E-015, 0.0000000000000000000 ) ) ;
#194 =( NAMED_UNIT ( * ) SI_UNIT ( $, .STERADIAN. ) SOLID_ANGLE_UNIT ( ) );
#195 = EDGE_LOOP ( 'NONE', ( #1679, #1338, #1215, #123 ) ) ;
#196 = VERTEX_POINT ( 'NONE', #1870 ) ;
#197 = DIRECTION ( 'NONE',  ( 8.659560562354953800E-017, 0.7071067811865460200, -0.7071067811865490200 ) ) ;
#198 = PLANE ( 'NONE',  #691 ) ;
#199 = DIRECTION ( 'NONE',  ( 0.0000000000000000000, 0.0000000000000000000, 1.000000000000000000 ) ) ;
#200 = PRODUCT_DEFINITION_SHAPE ( 'NONE', 'NONE',  #2 ) ;
#201 = DIRECTION ( 'NONE',  ( 0.0000000000000000000, -1.000000000000000000, 0.0000000000000000000 ) ) ;
#202 =( NAMED_UNIT ( * ) PLANE_ANGLE_UNIT ( ) SI_UNIT ( $, .RADIAN. ) );
#203 = AXIS2_PLACEMENT_3D ( 'NONE', #190, #494, #199 ) ;
#204 = FACE_OUTER_BOUND ( 'NONE', #682, .T. ) ;
#205 = EDGE_CURVE ( 'NONE', #1406, #1843, #1081, .T. ) ;
#206 = DIRECTION ( 'NONE',  ( 0.0000000000000000000, 0.0000000000000000000, 1.000000000000000000 ) ) ;
#207 =( LENGTH_UNIT ( ) NAMED_UNIT ( * ) SI_UNIT ( .MILLI., .METRE. ) );
#208 =( NAMED_UNIT ( * ) SI_UNIT ( $, .STERADIAN. ) SOLID_ANGLE_UNIT ( ) );
#209 = AXIS2_PLACEMENT_3D ( 'NONE', #333, #1374, #488 ) ;
#210 = CARTESIAN_POINT ( 'NONE',  ( 12.50000000000000000, 3.794707603699265500E-015, -2.424999999999999800 ) ) ;
#211 =( LENGTH_UNIT ( ) NAMED_UNIT ( * ) SI_UNIT ( .MILLI., .METRE. ) );
#212 = PRODUCT_RELATED_PRODUCT_CATEGORY ( 'part', '', ( #153 ) ) ;
#213 = CARTESIAN_POINT ( 'NONE',  ( 12.50000000000000000, 0.2000000000000000100, -4.500000000000001800 ) ) ;
#214 = PRESENTATION_LAYER_ASSIGNMENT (  '', '', ( #1877 ) ) ;
#215 = VERTEX_POINT ( 'NONE', #360 ) ;
#216 = ORIENTED_EDGE ( 'NONE', *, *, #835, .F. ) ;
#217 = SURFACE_SIDE_STYLE ('',( #924 ) ) ;
#218 = VERTEX_POINT ( 'NONE', #1852 ) ;
#219 =( LENGTH_UNIT ( ) NAMED_UNIT ( * ) SI_UNIT ( .MILLI., .METRE. ) );
#220 =( NAMED_UNIT ( * ) SI_UNIT ( $, .STERADIAN. ) SOLID_ANGLE_UNIT ( ) );
#221 = EDGE_LOOP ( 'NONE', ( #524, #76, #522, #379, #497, #630, #1121, #744, #303, #707, #1838, #1678 ) ) ;
#222 = FILL_AREA_STYLE ('',( #1717 ) ) ;
#223 = PRESENTATION_LAYER_ASSIGNMENT (  '', '', ( #125 ) ) ;
#224 = EDGE_CURVE ( 'NONE', #572, #1796, #293, .T. ) ;
#225 = SURFACE_STYLE_USAGE ( .BOTH. , #1116 ) ;
#226 = VECTOR ( 'NONE', #1381, 1000.000000000000000 ) ;
#227 = AXIS2_PLACEMENT_3D ( 'NONE', #160, #1352, #8 ) ;
#228 = LINE ( 'NONE', #1752, #974 ) ;
#229 = CARTESIAN_POINT ( 'NONE',  ( 12.50000000000000000, 5.000000000000003600, -3.000000000000000000 ) ) ;
#230 = FACE_BOUND ( 'NONE', #553, .T. ) ;
#231 = FILL_AREA_STYLE ('',( #1898 ) ) ;
#232 = STYLED_ITEM ( 'NONE', ( #1858 ), #1212 ) ;
#233 = VERTEX_POINT ( 'NONE', #1716 ) ;
#234 = DIRECTION ( 'NONE',  ( 0.0000000000000000000, 0.0000000000000000000, -1.000000000000000000 ) ) ;
#235 = EDGE_CURVE ( 'NONE', #1577, #1125, #1440, .T. ) ;
#236 = ORIENTED_EDGE ( 'NONE', *, *, #1400, .T. ) ;
#237 = PRODUCT_CONTEXT ( 'NONE', #1426, 'mechanical' ) ;
#238 = ORIENTED_EDGE ( 'NONE', *, *, #1903, .F. ) ;
#239 = EDGE_LOOP ( 'NONE', ( #873, #908, #662, #1072 ) ) ;
#240 = ORIENTED_EDGE ( 'NONE', *, *, #1890, .T. ) ;
#241 = DIRECTION ( 'NONE',  ( 1.000000000000000000, 0.0000000000000000000, -0.0000000000000000000 ) ) ;
#242 = PLANE ( 'NONE',  #1554 ) ;
#243 = DIRECTION ( 'NONE',  ( 0.8660254037844407100, 0.0000000000000000000, -0.4999999999999963900 ) ) ;
#244 = FILL_AREA_STYLE_COLOUR ( '', #180 ) ;
#245 = VECTOR ( 'NONE', #1444, 1000.000000000000000 ) ;
#246 = UNCERTAINTY_MEASURE_WITH_UNIT (LENGTH_MEASURE( 1.000000000000000100E-005 ), #1437, 'distance_accuracy_value', 'NONE');
#247 = COLOUR_RGB ( '',0.2509803921568627400, 0.2509803921568627400, 0.2509803921568627400 ) ;
#248 =( NAMED_UNIT ( * ) SI_UNIT ( $, .STERADIAN. ) SOLID_ANGLE_UNIT ( ) );
#249 = DIRECTION ( 'NONE',  ( 0.0000000000000000000, 0.0000000000000000000, 1.000000000000000000 ) ) ;
#250 =( GEOMETRIC_REPRESENTATION_CONTEXT ( 3 ) GLOBAL_UNCERTAINTY_ASSIGNED_CONTEXT ( ( #816 ) ) GLOBAL_UNIT_ASSIGNED_CONTEXT ( ( #1669, #755, #1819 ) ) REPRESENTATION_CONTEXT ( 'NONE', 'WORKASPACE' ) );
#251 = DIRECTION ( 'NONE',  ( 0.0000000000000000000, -1.000000000000000000, 0.0000000000000000000 ) ) ;
#252 = STYLED_ITEM ( 'NONE', ( #772 ), #7 ) ;
#253 = DIRECTION ( 'NONE',  ( -1.000000000000000000, -0.0000000000000000000, -0.0000000000000000000 ) ) ;
#254 = FILL_AREA_STYLE ('',( #1135 ) ) ;
#255 = SURFACE_STYLE_FILL_AREA ( #1872 ) ;
#256 = AXIS2_PLACEMENT_3D ( 'NONE', #1748, #832, #1908 ) ;
#257 = CARTESIAN_POINT ( 'NONE',  ( 14.50000000000000000, 3.793732670585586200E-015, 3.000000000000000900 ) ) ;
#258 = FILL_AREA_STYLE ('',( #106 ) ) ;
#259 =( NAMED_UNIT ( * ) SI_UNIT ( $, .STERADIAN. ) SOLID_ANGLE_UNIT ( ) );
#260 = COLOUR_RGB ( '',0.7529411764705882200, 0.7529411764705882200, 0.7529411764705882200 ) ;
#261 = CARTESIAN_POINT ( 'NONE',  ( 4.000000000000001800, 3.686287386450715100E-015, -0.7500000000000002200 ) ) ;
#262 = DIRECTION ( 'NONE',  ( 0.0000000000000000000, 0.0000000000000000000, 1.000000000000000000 ) ) ;
#263 = ORIENTED_EDGE ( 'NONE', *, *, #1070, .T. ) ;
#264 = ORIENTED_EDGE ( 'NONE', *, *, #962, .T. ) ;
#265 = PRESENTATION_LAYER_ASSIGNMENT (  '', '', ( #155 ) ) ;
#266 = CARTESIAN_POINT ( 'NONE',  ( -0.001000000000001000100, 2.500000000000004000, 0.0000000000000000000 ) ) ;
#267 =( NAMED_UNIT ( * ) SI_UNIT ( $, .STERADIAN. ) SOLID_ANGLE_UNIT ( ) );
#268 = EDGE_CURVE ( 'NONE', #498, #847, #1487, .T. ) ;
#269 = VERTEX_POINT ( 'NONE', #994 ) ;
#270 = VECTOR ( 'NONE', #5, 1000.000000000000000 ) ;
#271 = ORIENTED_EDGE ( 'NONE', *, *, #134, .T. ) ;
#272 = UNCERTAINTY_MEASURE_WITH_UNIT (LENGTH_MEASURE( 1.000000000000000100E-005 ), #1943, 'distance_accuracy_value', 'NONE');
#273 = CARTESIAN_POINT ( 'NONE',  ( 16.65000000000000200, 2.500000000000004400, -2.500000000000000400 ) ) ;
#274 = CONICAL_SURFACE ( 'NONE', #973, 1.800000000000000000, 0.5235987755982948200 ) ;
#275 = UNCERTAINTY_MEASURE_WITH_UNIT (LENGTH_MEASURE( 1.000000000000000100E-005 ), #411, 'distance_accuracy_value', 'NONE');
#276 = PLANE ( 'NONE',  #1952 ) ;
#277 = AXIS2_PLACEMENT_3D ( 'NONE', #520, #1566, #672 ) ;
#278 = DIRECTION ( 'NONE',  ( -0.0000000000000000000, 0.0000000000000000000, 1.000000000000000000 ) ) ;
#279 = FACE_OUTER_BOUND ( 'NONE', #1531, .T. ) ;
#280 =( GEOMETRIC_REPRESENTATION_CONTEXT ( 3 ) GLOBAL_UNCERTAINTY_ASSIGNED_CONTEXT ( ( #275 ) ) GLOBAL_UNIT_ASSIGNED_CONTEXT ( ( #411, #395, #248 ) ) REPRESENTATION_CONTEXT ( 'NONE', 'WORKASPACE' ) );
#281 = VECTOR ( 'NONE', #534, 1000.000000000000000 ) ;
#282 = CARTESIAN_POINT ( 'NONE',  ( 4.000000000000001800, -1.000000000000000000, 0.0000000000000000000 ) ) ;
#283 = ORIENTED_EDGE ( 'NONE', *, *, #1720, .F. ) ;
#284 = VERTEX_POINT ( 'NONE', #1304 ) ;
#285 = ORIENTED_EDGE ( 'NONE', *, *, #1307, .T. ) ;
#286 = MECHANICAL_DESIGN_GEOMETRIC_PRESENTATION_REPRESENTATION (  '', ( #88 ), #385 ) ;
#287 = ORIENTED_EDGE ( 'NONE', *, *, #780, .F. ) ;
#288 = EDGE_CURVE ( 'NONE', #1843, #1700, #645, .T. ) ;
#289 = SURFACE_SIDE_STYLE ('',( #1451 ) ) ;
#290 = COLOUR_RGB ( '',0.2509803921568627400, 0.2509803921568627400, 0.2509803921568627400 ) ;
#291 = COLOUR_RGB ( '',0.7529411764705882200, 0.7529411764705882200, 0.7529411764705882200 ) ;
#292 = MECHANICAL_DESIGN_GEOMETRIC_PRESENTATION_REPRESENTATION (  '', ( #93 ), #388 ) ;
#293 = LINE ( 'NONE', #1861, #1035 ) ;
#294 = DIRECTION ( 'NONE',  ( -1.000000000000000000, -0.0000000000000000000, -0.0000000000000000000 ) ) ;
#295 = PRESENTATION_STYLE_ASSIGNMENT (( #950 ) ) ;
#296 = MECHANICAL_DESIGN_GEOMETRIC_PRESENTATION_REPRESENTATION (  '', ( #99 ), #396 ) ;
#297 = EDGE_CURVE ( 'NONE', #378, #983, #1386, .T. ) ;
#298 = PRESENTATION_STYLE_ASSIGNMENT (( #225 ) ) ;
#299 = SURFACE_SIDE_STYLE ('',( #654 ) ) ;
#300 = SURFACE_STYLE_FILL_AREA ( #231 ) ;
#301 = LINE ( 'NONE', #584, #1045 ) ;
#302 = SURFACE_STYLE_FILL_AREA ( #1639 ) ;
#303 = ORIENTED_EDGE ( 'NONE', *, *, #541, .F. ) ;
#304 = ORIENTED_EDGE ( 'NONE', *, *, #1705, .T. ) ;
#305 = CARTESIAN_POINT ( 'NONE',  ( 0.0000000000000000000, 5.000000000000003600, 3.000000000000000000 ) ) ;
#306 = ADVANCED_FACE ( 'NONE', ( #204 ), #1771, .F. ) ;
#307 = EDGE_LOOP ( 'NONE', ( #1150, #1528, #191, #844, #521, #1240, #1482, #356, #573, #1755, #236, #1809, #633, #911, #668, #1673, #131 ) ) ;
#308 = AXIS2_PLACEMENT_3D ( 'NONE', #1540, #643, #1701 ) ;
#309 = FACE_OUTER_BOUND ( 'NONE', #221, .T. ) ;
#310 = DIRECTION ( 'NONE',  ( -1.000000000000000000, 0.0000000000000000000, 0.0000000000000000000 ) ) ;
#311 = VECTOR ( 'NONE', #931, 1000.000000000000000 ) ;
#312 = ORIENTED_EDGE ( 'NONE', *, *, #187, .T. ) ;
#313 = MECHANICAL_DESIGN_GEOMETRIC_PRESENTATION_REPRESENTATION (  '', ( #1877 ), #415 ) ;
#314 = CARTESIAN_POINT ( 'NONE',  ( 9.700000000000001100, 5.000000000000003600, 3.000000000000000000 ) ) ;
#315 = ADVANCED_FACE ( 'NONE', ( #855 ), #274, .F. ) ;
#316 = SURFACE_STYLE_USAGE ( .BOTH. , #451 ) ;
#317 = VECTOR ( 'NONE', #919, 1000.000000000000000 ) ;
#318 = VECTOR ( 'NONE', #1280, 1000.000000000000000 ) ;
#319 = MECHANICAL_DESIGN_GEOMETRIC_PRESENTATION_REPRESENTATION (  '', ( #125 ), #424 ) ;
#320 = EDGE_CURVE ( 'NONE', #378, #1406, #669, .T. ) ;
#321 = FACE_OUTER_BOUND ( 'NONE', #1460, .T. ) ;
#322 = ADVANCED_FACE ( 'NONE', ( #1883 ), #1276, .T. ) ;
#323 = STYLED_ITEM ( 'NONE', ( #82 ), #607 ) ;
#324 =( LENGTH_UNIT ( ) NAMED_UNIT ( * ) SI_UNIT ( .MILLI., .METRE. ) );
#325 = FACE_OUTER_BOUND ( 'NONE', #78, .T. ) ;
#326 = ORIENTED_EDGE ( 'NONE', *, *, #1837, .T. ) ;
#327 = ORIENTED_EDGE ( 'NONE', *, *, #1340, .T. ) ;
#328 = FILL_AREA_STYLE ('',( #477 ) ) ;
#329 = VERTEX_POINT ( 'NONE', #401 ) ;
#330 = EDGE_LOOP ( 'NONE', ( #375, #549, #1500, #1336 ) ) ;
#331 =( NAMED_UNIT ( * ) PLANE_ANGLE_UNIT ( ) SI_UNIT ( $, .RADIAN. ) );
#332 = CARTESIAN_POINT ( 'NONE',  ( 10.70000000000000100, 3.793732670585586200E-015, 2.424999999999999800 ) ) ;
#333 = CARTESIAN_POINT ( 'NONE',  ( 9.700000000000001100, 0.2000000000000000100, 4.500000000000000900 ) ) ;
#334 = CARTESIAN_POINT ( 'NONE',  ( 14.50000000000000000, 2.500000000000004000, 0.0000000000000000000 ) ) ;
#335 = PRESENTATION_STYLE_ASSIGNMENT (( #181 ) ) ;
#336 = AXIS2_PLACEMENT_3D ( 'NONE', #406, #1455, #565 ) ;
#337 = EDGE_CURVE ( 'NONE', #1729, #635, #530, .T. ) ;
#338 = LINE ( 'NONE', #1699, #690 ) ;
#339 = CARTESIAN_POINT ( 'NONE',  ( 9.700000000000001100, 0.2000000000000000100, 3.000000000000000900 ) ) ;
#340 = FILL_AREA_STYLE_COLOUR ( '', #1786 ) ;
#341 = DIRECTION ( 'NONE',  ( 0.0000000000000000000, 0.0000000000000000000, 1.000000000000000000 ) ) ;
#342 = SURFACE_STYLE_USAGE ( .BOTH. , #346 ) ;
#343 = VECTOR ( 'NONE', #352, 1000.000000000000000 ) ;
#344 = CARTESIAN_POINT ( 'NONE',  ( -0.001000000000001000100, 2.500000000000004000, 0.0000000000000000000 ) ) ;
#345 = DIRECTION ( 'NONE',  ( 0.0000000000000000000, 0.0000000000000000000, 1.000000000000000000 ) ) ;
#346 = SURFACE_SIDE_STYLE ('',( #51 ) ) ;
#347 = FACE_OUTER_BOUND ( 'NONE', #1354, .T. ) ;
#348 = CIRCLE ( 'NONE', #1494, 0.3500000000000000300 ) ;
#349 = CIRCLE ( 'NONE', #1835, 0.5999999999999946500 ) ;
#350 = PRESENTATION_LAYER_ASSIGNMENT (  '', '', ( #252 ) ) ;
#351 = UNCERTAINTY_MEASURE_WITH_UNIT (LENGTH_MEASURE( 1.000000000000000100E-005 ), #901, 'distance_accuracy_value', 'NONE');
#352 = DIRECTION ( 'NONE',  ( -0.0000000000000000000, -0.0000000000000000000, 1.000000000000000000 ) ) ;
#353 = ORIENTED_EDGE ( 'NONE', *, *, #1782, .T. ) ;
#354 =( NAMED_UNIT ( * ) SI_UNIT ( $, .STERADIAN. ) SOLID_ANGLE_UNIT ( ) );
#355 = ORIENTED_EDGE ( 'NONE', *, *, #386, .F. ) ;
#356 = ORIENTED_EDGE ( 'NONE', *, *, #1652, .F. ) ;
#357 = DIRECTION ( 'NONE',  ( 0.0000000000000000000, -1.734723475976807600E-016, 1.000000000000000000 ) ) ;
#358 = CARTESIAN_POINT ( 'NONE',  ( 3.550000000000002000, 0.2899999999999999800, -2.100000000000000100 ) ) ;
#359 = LINE ( 'NONE', #1253, #1468 ) ;
#360 = CARTESIAN_POINT ( 'NONE',  ( 11.70000000000000300, 3.469446951953614200E-015, -3.000000000000000900 ) ) ;
#361 =( NAMED_UNIT ( * ) SI_UNIT ( $, .STERADIAN. ) SOLID_ANGLE_UNIT ( ) );
#362 = MECHANICAL_DESIGN_GEOMETRIC_PRESENTATION_REPRESENTATION (  '', ( #155 ), #455 ) ;
#363 =( NAMED_UNIT ( * ) PLANE_ANGLE_UNIT ( ) SI_UNIT ( $, .RADIAN. ) );
#364 = EDGE_CURVE ( 'NONE', #1405, #269, #1738, .T. ) ;
#365 = CARTESIAN_POINT ( 'NONE',  ( 4.000000000000001800, -1.000000000000000000, 0.5999999999999946500 ) ) ;
#366 =( LENGTH_UNIT ( ) NAMED_UNIT ( * ) SI_UNIT ( .MILLI., .METRE. ) );
#367 = AXIS2_PLACEMENT_3D ( 'NONE', #1863, #946, #806 ) ;
#368 =( NAMED_UNIT ( * ) SI_UNIT ( $, .STERADIAN. ) SOLID_ANGLE_UNIT ( ) );
#369 =( LENGTH_UNIT ( ) NAMED_UNIT ( * ) SI_UNIT ( .MILLI., .METRE. ) );
#370 = LINE ( 'NONE', #152, #1521 ) ;
#371 = PRESENTATION_LAYER_ASSIGNMENT (  '', '', ( #173 ) ) ;
#372 = SURFACE_STYLE_USAGE ( .BOTH. , #1273 ) ;
#373 =( NAMED_UNIT ( * ) PLANE_ANGLE_UNIT ( ) SI_UNIT ( $, .RADIAN. ) );
#374 = SURFACE_STYLE_FILL_AREA ( #258 ) ;
#375 = ORIENTED_EDGE ( 'NONE', *, *, #897, .F. ) ;
#376 = ORIENTED_EDGE ( 'NONE', *, *, #1368, .F. ) ;
#377 = SURFACE_SIDE_STYLE ('',( #966 ) ) ;
#378 = VERTEX_POINT ( 'NONE', #1448 ) ;
#379 = ORIENTED_EDGE ( 'NONE', *, *, #90, .F. ) ;
#380 = ORIENTED_EDGE ( 'NONE', *, *, #1340, .F. ) ;
#381 = FACE_OUTER_BOUND ( 'NONE', #586, .T. ) ;
#382 = FILL_AREA_STYLE_COLOUR ( '', #1638 ) ;
#383 = SURFACE_STYLE_USAGE ( .BOTH. , #1284 ) ;
#384 = CARTESIAN_POINT ( 'NONE',  ( 3.550000000000002900, 5.000000000000003600, -3.000000000000000000 ) ) ;
#385 =( GEOMETRIC_REPRESENTATION_CONTEXT ( 3 ) GLOBAL_UNCERTAINTY_ASSIGNED_CONTEXT ( ( #1885 ) ) GLOBAL_UNIT_ASSIGNED_CONTEXT ( ( #436, #1486, #592 ) ) REPRESENTATION_CONTEXT ( 'NONE', 'WORKASPACE' ) );
#386 = EDGE_CURVE ( 'NONE', #498, #1729, #1327, .T. ) ;
#387 = SURFACE_STYLE_USAGE ( .BOTH. , #1289 ) ;
#388 =( GEOMETRIC_REPRESENTATION_CONTEXT ( 3 ) GLOBAL_UNCERTAINTY_ASSIGNED_CONTEXT ( ( #1147 ) ) GLOBAL_UNIT_ASSIGNED_CONTEXT ( ( #949, #52, #1098 ) ) REPRESENTATION_CONTEXT ( 'NONE', 'WORKASPACE' ) );
#389 = CARTESIAN_POINT ( 'NONE',  ( 3.550000000000002000, 0.2899999999999999800, -4.300000000000002500 ) ) ;
#390 = CARTESIAN_POINT ( 'NONE',  ( 0.0000000000000000000, 2.500000000000004000, 0.0000000000000000000 ) ) ;
#391 = DIRECTION ( 'NONE',  ( -1.000000000000000000, 0.0000000000000000000, 0.0000000000000000000 ) ) ;
#392 = FACE_OUTER_BOUND ( 'NONE', #428, .T. ) ;
#393 = VECTOR ( 'NONE', #954, 1000.000000000000100 ) ;
#394 = LINE ( 'NONE', #1114, #1546 ) ;
#395 =( NAMED_UNIT ( * ) PLANE_ANGLE_UNIT ( ) SI_UNIT ( $, .RADIAN. ) );
#396 =( GEOMETRIC_REPRESENTATION_CONTEXT ( 3 ) GLOBAL_UNCERTAINTY_ASSIGNED_CONTEXT ( ( #1102 ) ) GLOBAL_UNIT_ASSIGNED_CONTEXT ( ( #793, #1860, #943 ) ) REPRESENTATION_CONTEXT ( 'NONE', 'WORKASPACE' ) );
#397 = CARTESIAN_POINT ( 'NONE',  ( 12.50000000000000000, 3.793732670585586200E-015, 3.000000000000000900 ) ) ;
#398 = EDGE_CURVE ( 'NONE', #1404, #889, #880, .T. ) ;
#399 = DIRECTION ( 'NONE',  ( 0.0000000000000000000, 0.0000000000000000000, 1.000000000000000000 ) ) ;
#400 = ORIENTED_EDGE ( 'NONE', *, *, #1083, .T. ) ;
#401 = CARTESIAN_POINT ( 'NONE',  ( 2.050000000000001600, 3.469446951953614200E-015, -3.000000000000000900 ) ) ;
#402 = VERTEX_POINT ( 'NONE', #1155 ) ;
#403 = ORIENTED_EDGE ( 'NONE', *, *, #320, .T. ) ;
#404 = CARTESIAN_POINT ( 'NONE',  ( 11.00000000000000200, -1.000000000000000000, 0.0000000000000000000 ) ) ;
#405 = SURFACE_STYLE_USAGE ( .BOTH. , #1306 ) ;
#406 = CARTESIAN_POINT ( 'NONE',  ( 14.50000000000000000, 5.000000000000003600, 3.000000000000000000 ) ) ;
#407 = SURFACE_SIDE_STYLE ('',( #1171 ) ) ;
#408 = STYLED_ITEM ( 'NONE', ( #1286 ), #1038 ) ;
#409 = VECTOR ( 'NONE', #1522, 1000.000000000000000 ) ;
#410 = UNCERTAINTY_MEASURE_WITH_UNIT (LENGTH_MEASURE( 1.000000000000000100E-005 ), #1453, 'distance_accuracy_value', 'NONE');
#411 =( LENGTH_UNIT ( ) NAMED_UNIT ( * ) SI_UNIT ( .MILLI., .METRE. ) );
#412 = CARTESIAN_POINT ( 'NONE',  ( 17.00000000000000000, 2.500000000000004000, 0.0000000000000000000 ) ) ;
#413 = CARTESIAN_POINT ( 'NONE',  ( 9.700000000000001100, 0.2000000000000000100, 4.500000000000000900 ) ) ;
#414 = FILL_AREA_STYLE ('',( #992 ) ) ;
#415 =( GEOMETRIC_REPRESENTATION_CONTEXT ( 3 ) GLOBAL_UNCERTAINTY_ASSIGNED_CONTEXT ( ( #351 ) ) GLOBAL_UNIT_ASSIGNED_CONTEXT ( ( #901, #781, #775 ) ) REPRESENTATION_CONTEXT ( 'NONE', 'WORKASPACE' ) );
#416 = APPLICATION_PROTOCOL_DEFINITION ( 'draft international standard', 'automotive_design', 1998, #1316 ) ;
#417 = DIRECTION ( 'NONE',  ( 0.0000000000000000000, 0.0000000000000000000, -1.000000000000000000 ) ) ;
#418 = SURFACE_STYLE_FILL_AREA ( #535 ) ;
#419 = PLANE ( 'NONE',  #1260 ) ;
#420 = PRESENTATION_STYLE_ASSIGNMENT (( #571 ) ) ;
#421 = LINE ( 'NONE', #550, #1574 ) ;
#422 = VERTEX_POINT ( 'NONE', #993 ) ;
#423 = VERTEX_POINT ( 'NONE', #103 ) ;
#424 =( GEOMETRIC_REPRESENTATION_CONTEXT ( 3 ) GLOBAL_UNCERTAINTY_ASSIGNED_CONTEXT ( ( #957 ) ) GLOBAL_UNIT_ASSIGNED_CONTEXT ( ( #566, #1619, #708 ) ) REPRESENTATION_CONTEXT ( 'NONE', 'WORKASPACE' ) );
#425 = CARTESIAN_POINT ( 'NONE',  ( 17.00000000000000000, 2.500000000000004000, 0.0000000000000000000 ) ) ;
#426 = EDGE_CURVE ( 'NONE', #196, #1297, #829, .T. ) ;
#427 = ORIENTED_EDGE ( 'NONE', *, *, #531, .F. ) ;
#428 = EDGE_LOOP ( 'NONE', ( #304, #872 ) ) ;
#429 = DIRECTION ( 'NONE',  ( 0.0000000000000000000, -1.000000000000000000, 0.0000000000000000000 ) ) ;
#430 = PRESENTATION_LAYER_ASSIGNMENT (  '', '', ( #323 ) ) ;
#431 = VERTEX_POINT ( 'NONE', #1912 ) ;
#432 = VECTOR ( 'NONE', #253, 1000.000000000000000 ) ;
#433 = DIRECTION ( 'NONE',  ( 0.0000000000000000000, 0.0000000000000000000, -1.000000000000000000 ) ) ;
#434 = PRESENTATION_LAYER_ASSIGNMENT (  '', '', ( #232 ) ) ;
#435 = EDGE_CURVE ( 'NONE', #728, #1552, #483, .T. ) ;
#436 =( LENGTH_UNIT ( ) NAMED_UNIT ( * ) SI_UNIT ( .MILLI., .METRE. ) );
#437 = VECTOR ( 'NONE', #698, 1000.000000000000000 ) ;
#438 = LINE ( 'NONE', #1727, #1918 ) ;
#439 = CARTESIAN_POINT ( 'NONE',  ( 16.65000000000000200, 2.500000000000004000, -2.150000000000000400 ) ) ;
#440 = FACE_OUTER_BOUND ( 'NONE', #1926, .T. ) ;
#441 = ORIENTED_EDGE ( 'NONE', *, *, #127, .F. ) ;
#442 = ORIENTED_EDGE ( 'NONE', *, *, #1095, .T. ) ;
#443 = EDGE_LOOP ( 'NONE', ( #1123, #121, #380, #1553 ) ) ;
#444 = STYLED_ITEM ( 'NONE', ( #298 ), #1965 ) ;
#445 = UNCERTAINTY_MEASURE_WITH_UNIT (LENGTH_MEASURE( 1.000000000000000100E-005 ), #211, 'distance_accuracy_value', 'NONE');
#446 = MECHANICAL_DESIGN_GEOMETRIC_PRESENTATION_REPRESENTATION (  '', ( #252 ), #562 ) ;
#447 =( LENGTH_UNIT ( ) NAMED_UNIT ( * ) SI_UNIT ( .MILLI., .METRE. ) );
#448 = PRESENTATION_STYLE_ASSIGNMENT (( #1859 ) ) ;
#449 = PRESENTATION_STYLE_ASSIGNMENT (( #342 ) ) ;
#450 = ADVANCED_FACE ( 'NONE', ( #1585 ), #1110, .T. ) ;
#451 = SURFACE_SIDE_STYLE ('',( #1563 ) ) ;
#452 = VECTOR ( 'NONE', #1504, 1000.000000000000000 ) ;
#453 = FILL_AREA_STYLE ('',( #1047 ) ) ;
#454 = UNCERTAINTY_MEASURE_WITH_UNIT (LENGTH_MEASURE( 1.000000000000000100E-005 ), #113, 'distance_accuracy_value', 'NONE');
#455 =( GEOMETRIC_REPRESENTATION_CONTEXT ( 3 ) GLOBAL_UNCERTAINTY_ASSIGNED_CONTEXT ( ( #62 ) ) GLOBAL_UNIT_ASSIGNED_CONTEXT ( ( #864, #1937, #1009 ) ) REPRESENTATION_CONTEXT ( 'NONE', 'WORKASPACE' ) );
#456 = EDGE_CURVE ( 'NONE', #1655, #681, #1847, .T. ) ;
#457 = SURFACE_STYLE_USAGE ( .BOTH. , #745 ) ;
#458 = LINE ( 'NONE', #967, #1256 ) ;
#459 = FILL_AREA_STYLE ('',( #902 ) ) ;
#460 = DIRECTION ( 'NONE',  ( 0.0000000000000000000, 0.0000000000000000000, -1.000000000000000000 ) ) ;
#461 = ADVANCED_FACE ( 'NONE', ( #688 ), #1565, .F. ) ;
#462 = AXIS2_PLACEMENT_3D ( 'NONE', #50, #1557, #1399 ) ;
#463 = CIRCLE ( 'NONE', #13, 0.7500000000000003300 ) ;
#464 = CARTESIAN_POINT ( 'NONE',  ( 16.39378221735088900, 2.500000000000004000, 0.0000000000000000000 ) ) ;
#465 = FILL_AREA_STYLE ('',( #1203 ) ) ;
#466 = LINE ( 'NONE', #809, #1265 ) ;
#467 = UNCERTAINTY_MEASURE_WITH_UNIT (LENGTH_MEASURE( 1.000000000000000100E-005 ), #1274, 'distance_accuracy_value', 'NONE');
#468 = ORIENTED_EDGE ( 'NONE', *, *, #492, .T. ) ;
#469 = VERTEX_POINT ( 'NONE', #1874 ) ;
#470 = FILL_AREA_STYLE ('',( #1059 ) ) ;
#471 = CARTESIAN_POINT ( 'NONE',  ( 11.00000000000000200, -1.000000000000000000, -0.5999999999999947600 ) ) ;
#472 = DIRECTION ( 'NONE',  ( 0.0000000000000000000, 0.0000000000000000000, -1.000000000000000000 ) ) ;
#473 = EDGE_LOOP ( 'NONE', ( #142, #1813, #798, #684, #1839, #238 ) ) ;
#474 = ORIENTED_EDGE ( 'NONE', *, *, #930, .T. ) ;
#475 = MECHANICAL_DESIGN_GEOMETRIC_PRESENTATION_REPRESENTATION (  '', ( #173 ), #577 ) ;
#476 = EDGE_LOOP ( 'NONE', ( #1152, #1435, #240, #1325 ) ) ;
#477 = FILL_AREA_STYLE_COLOUR ( '', #895 ) ;
#478 = ADVANCED_FACE ( 'NONE', ( #1302 ), #1509, .F. ) ;
#479 = ORIENTED_EDGE ( 'NONE', *, *, #1307, .F. ) ;
#480 = STYLED_ITEM ( 'NONE', ( #449 ), #315 ) ;
#481 = DIRECTION ( 'NONE',  ( 0.0000000000000000000, 1.000000000000000000, -1.734723475976807600E-016 ) ) ;
#482 = DIRECTION ( 'NONE',  ( 1.000000000000000000, 0.0000000000000000000, 0.0000000000000000000 ) ) ;
#483 = LINE ( 'NONE', #110, #1642 ) ;
#484 = FILL_AREA_STYLE ('',( #1529 ) ) ;
#485 = SURFACE_STYLE_FILL_AREA ( #805 ) ;
#486 = CARTESIAN_POINT ( 'NONE',  ( 11.00000000000000200, -1.000000000000000000, 0.0000000000000000000 ) ) ;
#487 = FACE_OUTER_BOUND ( 'NONE', #195, .T. ) ;
#488 = DIRECTION ( 'NONE',  ( 0.0000000000000000000, 0.0000000000000000000, -1.000000000000000000 ) ) ;
#489 = FILL_AREA_STYLE ('',( #178 ) ) ;
#490 = CARTESIAN_POINT ( 'NONE',  ( 4.000000000000001800, -1.000000000000000000, -0.5999999999999946500 ) ) ;
#491 = AXIS2_PLACEMENT_3D ( 'NONE', #1034, #141, #1186 ) ;
#492 = EDGE_CURVE ( 'NONE', #1897, #572, #1935, .T. ) ;
#493 = DIRECTION ( 'NONE',  ( 0.0000000000000000000, 0.0000000000000000000, 1.000000000000000000 ) ) ;
#494 = DIRECTION ( 'NONE',  ( -0.0000000000000000000, 1.000000000000000000, -0.0000000000000000000 ) ) ;
#495 = VECTOR ( 'NONE', #1313, 1000.000000000000000 ) ;
#496 = DIRECTION ( 'NONE',  ( 1.000000000000000000, 0.0000000000000000000, 0.0000000000000000000 ) ) ;
#497 = ORIENTED_EDGE ( 'NONE', *, *, #1491, .F. ) ;
#498 = VERTEX_POINT ( 'NONE', #1488 ) ;
#499 = CARTESIAN_POINT ( 'NONE',  ( 16.65000000000000200, 2.500000000000004000, 0.0000000000000000000 ) ) ;
#500 = ORIENTED_EDGE ( 'NONE', *, *, #1890, .F. ) ;
#501 = FILL_AREA_STYLE_COLOUR ( '', #1279 ) ;
#502 = PLANE ( 'NONE',  #1628 ) ;
#503 = VECTOR ( 'NONE', #1230, 1000.000000000000000 ) ;
#504 = EDGE_CURVE ( 'NONE', #1378, #423, #1559, .T. ) ;
#505 = CARTESIAN_POINT ( 'NONE',  ( 12.50000000000000000, -0.01000000000000000000, -4.500000000000001800 ) ) ;
#506 = DIRECTION ( 'NONE',  ( 0.0000000000000000000, 0.0000000000000000000, -1.000000000000000000 ) ) ;
#507 = LINE ( 'NONE', #1848, #109 ) ;
#508 = CARTESIAN_POINT ( 'NONE',  ( 14.50000000000000000, 3.793732670585586200E-015, 3.000000000000000900 ) ) ;
#509 = SURFACE_STYLE_FILL_AREA ( #1824 ) ;
#510 = PLANE ( 'NONE',  #1391 ) ;
#511 = DIRECTION ( 'NONE',  ( 1.000000000000000000, 0.0000000000000000000, -0.0000000000000000000 ) ) ;
#512 = PRESENTATION_LAYER_ASSIGNMENT (  '', '', ( #408 ) ) ;
#513 = CARTESIAN_POINT ( 'NONE',  ( 10.70000000000000100, 3.793732670585586200E-015, 3.000000000000000900 ) ) ;
#514 = CARTESIAN_POINT ( 'NONE',  ( 4.000000000000001800, -1.000000000000000000, 0.0000000000000000000 ) ) ;
#515 = FILL_AREA_STYLE ('',( #59 ) ) ;
#516 = FACE_OUTER_BOUND ( 'NONE', #1609, .T. ) ;
#517 = CYLINDRICAL_SURFACE ( 'NONE', #1888, 2.500000000000000400 ) ;
#518 =( NAMED_UNIT ( * ) SI_UNIT ( $, .STERADIAN. ) SOLID_ANGLE_UNIT ( ) );
#519 = ORIENTED_EDGE ( 'NONE', *, *, #1471, .F. ) ;
#520 = CARTESIAN_POINT ( 'NONE',  ( 0.0000000000000000000, 3.793732670585586200E-015, 3.000000000000000900 ) ) ;
#521 = ORIENTED_EDGE ( 'NONE', *, *, #31, .F. ) ;
#522 = ORIENTED_EDGE ( 'NONE', *, *, #689, .T. ) ;
#523 = DIRECTION ( 'NONE',  ( 1.000000000000000000, -0.0000000000000000000, -0.0000000000000000000 ) ) ;
#524 = ORIENTED_EDGE ( 'NONE', *, *, #187, .F. ) ;
#525 = SURFACE_STYLE_FILL_AREA ( #1928 ) ;
#526 = PLANE ( 'NONE',  #1458 ) ;
#527 = DIRECTION ( 'NONE',  ( -1.000000000000000000, -0.0000000000000000000, -0.0000000000000000000 ) ) ;
#528 = EDGE_LOOP ( 'NONE', ( #705, #727, #80, #1927, #1025 ) ) ;
#529 =( NAMED_UNIT ( * ) PLANE_ANGLE_UNIT ( ) SI_UNIT ( $, .RADIAN. ) );
#530 = LINE ( 'NONE', #34, #915 ) ;
#531 = EDGE_CURVE ( 'NONE', #402, #1125, #1156, .T. ) ;
#532 = CARTESIAN_POINT ( 'NONE',  ( 4.000000000000001800, -0.8499999999999950900, 0.0000000000000000000 ) ) ;
#533 = MECHANICAL_DESIGN_GEOMETRIC_PRESENTATION_REPRESENTATION (  '', ( #323 ), #627 ) ;
#534 = DIRECTION ( 'NONE',  ( -1.000000000000000000, 0.0000000000000000000, 0.0000000000000000000 ) ) ;
#535 = FILL_AREA_STYLE ('',( #818 ) ) ;
#536 = FILL_AREA_STYLE_COLOUR ( '', #247 ) ;
#537 = VECTOR ( 'NONE', #1712, 1000.000000000000000 ) ;
#538 =( NAMED_UNIT ( * ) PLANE_ANGLE_UNIT ( ) SI_UNIT ( $, .RADIAN. ) );
#539 = MECHANICAL_DESIGN_GEOMETRIC_PRESENTATION_REPRESENTATION (  '', ( #232 ), #636 ) ;
#540 = DIRECTION ( 'NONE',  ( 0.0000000000000000000, -1.000000000000000000, -1.734723475976807600E-016 ) ) ;
#541 = EDGE_CURVE ( 'NONE', #215, #1337, #710, .T. ) ;
#542 = PRESENTATION_STYLE_ASSIGNMENT (( #1257 ) ) ;
#543 = DIRECTION ( 'NONE',  ( -0.0000000000000000000, -0.0000000000000000000, 1.000000000000000000 ) ) ;
#544 = FILL_AREA_STYLE_COLOUR ( '', #1684 ) ;
#545 = EDGE_LOOP ( 'NONE', ( #263, #1774, #1096, #18, #1653, #1551 ) ) ;
#546 =( NAMED_UNIT ( * ) PLANE_ANGLE_UNIT ( ) SI_UNIT ( $, .RADIAN. ) );
#547 = ORIENTED_EDGE ( 'NONE', *, *, #1953, .T. ) ;
#548 = CARTESIAN_POINT ( 'NONE',  ( 17.00000000000000000, 2.500000000000004400, -2.500000000000000400 ) ) ;
#549 = ORIENTED_EDGE ( 'NONE', *, *, #734, .F. ) ;
#550 = CARTESIAN_POINT ( 'NONE',  ( 9.700000000000001100, 0.2000000000000000100, 4.500000000000000900 ) ) ;
#551 = DIRECTION ( 'NONE',  ( 0.0000000000000000000, 0.0000000000000000000, -1.000000000000000000 ) ) ;
#552 = ORIENTED_EDGE ( 'NONE', *, *, #1368, .T. ) ;
#553 = EDGE_LOOP ( 'NONE', ( #24, #1875 ) ) ;
#554 = CARTESIAN_POINT ( 'NONE',  ( 2.050000000000002500, -0.01000000000000000000, -4.300000000000002500 ) ) ;
#555 = DIRECTION ( 'NONE',  ( 0.0000000000000000000, 0.0000000000000000000, -1.000000000000000000 ) ) ;
#556 = LINE ( 'NONE', #1692, #941 ) ;
#557 = SURFACE_STYLE_USAGE ( .BOTH. , #563 ) ;
#558 = CARTESIAN_POINT ( 'NONE',  ( 4.000000000000001800, 3.686287386450715100E-015, 0.0000000000000000000 ) ) ;
#559 = PLANE ( 'NONE',  #336 ) ;
#560 = AXIS2_PLACEMENT_3D ( 'NONE', #10, #1060, #170 ) ;
#561 = CARTESIAN_POINT ( 'NONE',  ( 11.00000000000000200, -0.8499999999999950900, 0.0000000000000000000 ) ) ;
#562 =( GEOMETRIC_REPRESENTATION_CONTEXT ( 3 ) GLOBAL_UNCERTAINTY_ASSIGNED_CONTEXT ( ( #1393 ) ) GLOBAL_UNIT_ASSIGNED_CONTEXT ( ( #1128, #1420, #1414 ) ) REPRESENTATION_CONTEXT ( 'NONE', 'WORKASPACE' ) );
#563 = SURFACE_SIDE_STYLE ('',( #1797 ) ) ;
#564 =( NAMED_UNIT ( * ) PLANE_ANGLE_UNIT ( ) SI_UNIT ( $, .RADIAN. ) );
#565 = DIRECTION ( 'NONE',  ( 0.0000000000000000000, 1.000000000000000000, -1.734723475976807600E-016 ) ) ;
#566 =( LENGTH_UNIT ( ) NAMED_UNIT ( * ) SI_UNIT ( .MILLI., .METRE. ) );
#567 = FACE_OUTER_BOUND ( 'NONE', #1377, .T. ) ;
#568 = PRESENTATION_LAYER_ASSIGNMENT (  '', '', ( #664 ) ) ;
#569 = DIRECTION ( 'NONE',  ( 0.0000000000000000000, 0.0000000000000000000, -1.000000000000000000 ) ) ;
#570 = EDGE_CURVE ( 'NONE', #422, #1382, #359, .T. ) ;
#571 = SURFACE_STYLE_USAGE ( .BOTH. , #1467 ) ;
#572 = VERTEX_POINT ( 'NONE', #1627 ) ;
#573 = ORIENTED_EDGE ( 'NONE', *, *, #297, .F. ) ;
#574 = EDGE_LOOP ( 'NONE', ( #963, #1753, #355, #875 ) ) ;
#575 = STYLED_ITEM ( 'NONE', ( #1033 ), #461 ) ;
#576 = FILL_AREA_STYLE ('',( #1158 ) ) ;
#577 =( GEOMETRIC_REPRESENTATION_CONTEXT ( 3 ) GLOBAL_UNCERTAINTY_ASSIGNED_CONTEXT ( ( #1713 ) ) GLOBAL_UNIT_ASSIGNED_CONTEXT ( ( #1416, #529, #1576 ) ) REPRESENTATION_CONTEXT ( 'NONE', 'WORKASPACE' ) );
#578 = CARTESIAN_POINT ( 'NONE',  ( 12.50000000000000000, 0.2000000000000000100, -4.500000000000001800 ) ) ;
#579 = DIRECTION ( 'NONE',  ( -1.000000000000000000, -0.0000000000000000000, -0.0000000000000000000 ) ) ;
#580 = AXIS2_PLACEMENT_3D ( 'NONE', #97, #644, #1541 ) ;
#581 = FACE_OUTER_BOUND ( 'NONE', #138, .T. ) ;
#582 = VECTOR ( 'NONE', #496, 1000.000000000000000 ) ;
#583 = PRESENTATION_STYLE_ASSIGNMENT (( #613 ) ) ;
#584 = CARTESIAN_POINT ( 'NONE',  ( 2.050000000000002500, -0.01000000000000000000, -4.300000000000002500 ) ) ;
#585 = SURFACE_STYLE_FILL_AREA ( #1624 ) ;
#586 = EDGE_LOOP ( 'NONE', ( #712, #442 ) ) ;
#587 = AXIS2_PLACEMENT_3D ( 'NONE', #439, #1492, #595 ) ;
#588 = EDGE_CURVE ( 'NONE', #1524, #1406, #667, .T. ) ;
#589 = CARTESIAN_POINT ( 'NONE',  ( 11.70000000000000300, 5.000000000000003600, -3.000000000000000000 ) ) ;
#590 = ORIENTED_EDGE ( 'NONE', *, *, #1933, .F. ) ;
#591 = ORIENTED_EDGE ( 'NONE', *, *, #734, .T. ) ;
#592 =( NAMED_UNIT ( * ) SI_UNIT ( $, .STERADIAN. ) SOLID_ANGLE_UNIT ( ) );
#593 = AXIS2_PLACEMENT_3D ( 'NONE', #1879, #955, #63 ) ;
#594 = UNCERTAINTY_MEASURE_WITH_UNIT (LENGTH_MEASURE( 1.000000000000000100E-005 ), #921, 'distance_accuracy_value', 'NONE');
#595 = DIRECTION ( 'NONE',  ( 0.0000000000000000000, 0.0000000000000000000, -1.000000000000000000 ) ) ;
#596 = VECTOR ( 'NONE', #1310, 1000.000000000000000 ) ;
#597 = STYLED_ITEM ( 'NONE', ( #295 ), #1359 ) ;
#598 = EDGE_CURVE ( 'NONE', #1099, #726, #1054, .T. ) ;
#599 =( NAMED_UNIT ( * ) SI_UNIT ( $, .STERADIAN. ) SOLID_ANGLE_UNIT ( ) );
#600 = ADVANCED_FACE ( 'NONE', ( #1816 ), #1641, .T. ) ;
#601 = PRESENTATION_STYLE_ASSIGNMENT (( #1109 ) ) ;
#602 = DIRECTION ( 'NONE',  ( 0.0000000000000000000, -1.000000000000000000, 1.734723475976807600E-016 ) ) ;
#603 = SURFACE_STYLE_USAGE ( .BOTH. , #1506 ) ;
#604 = MECHANICAL_DESIGN_GEOMETRIC_PRESENTATION_REPRESENTATION (  '', ( #408 ), #711 ) ;
#605 = VERTEX_POINT ( 'NONE', #169 ) ;
#606 = ORIENTED_EDGE ( 'NONE', *, *, #44, .F. ) ;
#607 = ADVANCED_FACE ( 'NONE', ( #876 ), #1535, .T. ) ;
#608 = DIRECTION ( 'NONE',  ( 1.000000000000000000, 0.0000000000000000000, 0.0000000000000000000 ) ) ;
#609 = VERTEX_POINT ( 'NONE', #1205 ) ;
#610 = STYLED_ITEM ( 'NONE', ( #1412 ), #156 ) ;
#611 = UNCERTAINTY_MEASURE_WITH_UNIT (LENGTH_MEASURE( 1.000000000000000100E-005 ), #1625, 'distance_accuracy_value', 'NONE');
#612 = SURFACE_STYLE_USAGE ( .BOTH. , #1511 ) ;
#613 = SURFACE_STYLE_USAGE ( .BOTH. , #1512 ) ;
#614 = UNCERTAINTY_MEASURE_WITH_UNIT (LENGTH_MEASURE( 1.000000000000000100E-005 ), #25, 'distance_accuracy_value', 'NONE');
#615 = EDGE_LOOP ( 'NONE', ( #519, #1174 ) ) ;
#616 = CARTESIAN_POINT ( 'NONE',  ( 10.70000000000000100, 0.2000000000000000100, 2.424999999999999800 ) ) ;
#617 = COLOUR_RGB ( '',0.2509803921568627400, 0.2509803921568627400, 0.2509803921568627400 ) ;
#618 = SURFACE_STYLE_USAGE ( .BOTH. , #1519 ) ;
#619 = DIRECTION ( 'NONE',  ( 0.0000000000000000000, 0.0000000000000000000, 1.000000000000000000 ) ) ;
#620 = STYLED_ITEM ( 'NONE', ( #420 ), #1671 ) ;
#621 = LINE ( 'NONE', #776, #226 ) ;
#622 = EDGE_CURVE ( 'NONE', #196, #704, #732, .T. ) ;
#623 = DIRECTION ( 'NONE',  ( 0.0000000000000000000, 0.0000000000000000000, -1.000000000000000000 ) ) ;
#624 = SURFACE_STYLE_FILL_AREA ( #1595 ) ;
#625 = CARTESIAN_POINT ( 'NONE',  ( 11.00000000000000200, 3.686287386450715100E-015, -0.7500000000000003300 ) ) ;
#626 = CIRCLE ( 'NONE', #308, 1.800000000000000000 ) ;
#627 =( GEOMETRIC_REPRESENTATION_CONTEXT ( 3 ) GLOBAL_UNCERTAINTY_ASSIGNED_CONTEXT ( ( #36 ) ) GLOBAL_UNIT_ASSIGNED_CONTEXT ( ( #1680, #760, #1823 ) ) REPRESENTATION_CONTEXT ( 'NONE', 'WORKASPACE' ) );
#628 = SURFACE_STYLE_USAGE ( .BOTH. , #1733 ) ;
#629 = CARTESIAN_POINT ( 'NONE',  ( 0.0000000000000000000, 2.500000000000004000, -1.800000000000000000 ) ) ;
#630 = ORIENTED_EDGE ( 'NONE', *, *, #1652, .T. ) ;
#631 = DIRECTION ( 'NONE',  ( 0.0000000000000000000, -1.000000000000000000, 1.734723475976807100E-016 ) ) ;
#632 = DIRECTION ( 'NONE',  ( 0.0000000000000000000, 0.0000000000000000000, -1.000000000000000000 ) ) ;
#633 = ORIENTED_EDGE ( 'NONE', *, *, #865, .F. ) ;
#634 =( NAMED_UNIT ( * ) SI_UNIT ( $, .STERADIAN. ) SOLID_ANGLE_UNIT ( ) );
#635 = VERTEX_POINT ( 'NONE', #625 ) ;
#636 =( GEOMETRIC_REPRESENTATION_CONTEXT ( 3 ) GLOBAL_UNCERTAINTY_ASSIGNED_CONTEXT ( ( #454 ) ) GLOBAL_UNIT_ASSIGNED_CONTEXT ( ( #113, #1159, #267 ) ) REPRESENTATION_CONTEXT ( 'NONE', 'WORKASPACE' ) );
#637 = EDGE_CURVE ( 'NONE', #909, #189, #1905, .T. ) ;
#638 = EDGE_LOOP ( 'NONE', ( #1654, #1966, #1480, #1030, #1635 ) ) ;
#639 = ORIENTED_EDGE ( 'NONE', *, *, #1791, .F. ) ;
#640 =( LENGTH_UNIT ( ) NAMED_UNIT ( * ) SI_UNIT ( .MILLI., .METRE. ) );
#641 = CARTESIAN_POINT ( 'NONE',  ( 14.50000000000000000, 2.500000000000004000, 0.0000000000000000000 ) ) ;
#642 = FILL_AREA_STYLE ('',( #340 ) ) ;
#643 = DIRECTION ( 'NONE',  ( 1.000000000000000000, 0.0000000000000000000, 0.0000000000000000000 ) ) ;
#644 = DIRECTION ( 'NONE',  ( 1.000000000000000000, 0.0000000000000000000, -0.0000000000000000000 ) ) ;
#645 = CIRCLE ( 'NONE', #1822, 2.500000000000000400 ) ;
#646 = FACE_OUTER_BOUND ( 'NONE', #768, .T. ) ;
#647 = DIRECTION ( 'NONE',  ( 0.0000000000000000000, 0.0000000000000000000, -1.000000000000000000 ) ) ;
#648 = SURFACE_SIDE_STYLE ('',( #1647 ) ) ;
#649 = CARTESIAN_POINT ( 'NONE',  ( 0.0000000000000000000, 5.000000000000003600, -3.000000000000000000 ) ) ;
#650 = FILL_AREA_STYLE_COLOUR ( '', #135 ) ;
#651 = COLOUR_RGB ( '',0.7529411764705882200, 0.7529411764705882200, 0.7529411764705882200 ) ;
#652 = PRESENTATION_LAYER_ASSIGNMENT (  '', '', ( #444 ) ) ;
#653 = CARTESIAN_POINT ( 'NONE',  ( 3.550000000000002000, -0.01000000000000000000, -2.100000000000000100 ) ) ;
#654 = SURFACE_STYLE_FILL_AREA ( #1191 ) ;
#655 = CARTESIAN_POINT ( 'NONE',  ( 14.50000000000000000, 3.793732670585586200E-015, 3.000000000000000900 ) ) ;
#656 = DIRECTION ( 'NONE',  ( 0.0000000000000000000, -0.0000000000000000000, 1.000000000000000000 ) ) ;
#657 = SURFACE_STYLE_USAGE ( .BOTH. , #953 ) ;
#658 = ORIENTED_EDGE ( 'NONE', *, *, #1124, .F. ) ;
#659 = ADVANCED_FACE ( 'NONE', ( #1131 ), #1706, .T. ) ;
#660 = ORIENTED_EDGE ( 'NONE', *, *, #288, .T. ) ;
#661 = CARTESIAN_POINT ( 'NONE',  ( 14.50000000000000000, 5.000000000000003600, 3.000000000000000000 ) ) ;
#662 = ORIENTED_EDGE ( 'NONE', *, *, #1808, .T. ) ;
#663 = DIRECTION ( 'NONE',  ( 0.0000000000000000000, -0.0000000000000000000, -1.000000000000000000 ) ) ;
#664 = STYLED_ITEM ( 'NONE', ( #42 ), #1516 ) ;
#665 = EDGE_CURVE ( 'NONE', #1810, #1297, #556, .T. ) ;
#666 = DIRECTION ( 'NONE',  ( 0.0000000000000000000, -1.000000000000000000, 0.0000000000000000000 ) ) ;
#667 = LINE ( 'NONE', #548, #270 ) ;
#668 = ORIENTED_EDGE ( 'NONE', *, *, #426, .T. ) ;
#669 = CIRCLE ( 'NONE', #1071, 2.500000000000000400 ) ;
#670 = CARTESIAN_POINT ( 'NONE',  ( 12.50000000000000000, 0.2000000000000000100, -4.500000000000001800 ) ) ;
#671 = PRESENTATION_LAYER_ASSIGNMENT (  '', '', ( #575 ) ) ;
#672 = DIRECTION ( 'NONE',  ( 0.0000000000000000000, 0.0000000000000000000, -1.000000000000000000 ) ) ;
#673 = LINE ( 'NONE', #926, #1062 ) ;
#674 =( NAMED_UNIT ( * ) SI_UNIT ( $, .STERADIAN. ) SOLID_ANGLE_UNIT ( ) );
#675 = DIRECTION ( 'NONE',  ( 0.0000000000000000000, 0.0000000000000000000, 1.000000000000000000 ) ) ;
#676 = LINE ( 'NONE', #1122, #281 ) ;
#677 = CARTESIAN_POINT ( 'NONE',  ( 0.0000000000000000000, 0.0000000000000000000, 0.0000000000000000000 ) ) ;
#678 = PRESENTATION_LAYER_ASSIGNMENT (  '', '', ( #480 ) ) ;
#679 =( NAMED_UNIT ( * ) PLANE_ANGLE_UNIT ( ) SI_UNIT ( $, .RADIAN. ) );
#680 = DIRECTION ( 'NONE',  ( 0.0000000000000000000, 0.0000000000000000000, -1.000000000000000000 ) ) ;
#681 = VERTEX_POINT ( 'NONE', #925 ) ;
#682 = EDGE_LOOP ( 'NONE', ( #1097, #1951, #312, #216, #327, #1051 ) ) ;
#683 = SURFACE_STYLE_USAGE ( .BOTH. , #1586 ) ;
#684 = ORIENTED_EDGE ( 'NONE', *, *, #1584, .T. ) ;
#685 = VECTOR ( 'NONE', #770, 1000.000000000000000 ) ;
#686 = AXIS2_PLACEMENT_3D ( 'NONE', #1962, #1039, #149 ) ;
#687 = CARTESIAN_POINT ( 'NONE',  ( 14.50000000000000000, 0.2900000000000003100, -3.000000000000000900 ) ) ;
#688 = FACE_OUTER_BOUND ( 'NONE', #443, .T. ) ;
#689 = EDGE_CURVE ( 'NONE', #469, #164, #894, .T. ) ;
#690 = VECTOR ( 'NONE', #1710, 1000.000000000000000 ) ;
#691 = AXIS2_PLACEMENT_3D ( 'NONE', #1249, #357, #1401 ) ;
#692 = SURFACE_SIDE_STYLE ('',( #624 ) ) ;
#693 = COLOUR_RGB ( '',0.7529411764705882200, 0.7529411764705882200, 0.7529411764705882200 ) ;
#694 = FILL_AREA_STYLE ('',( #848 ) ) ;
#695 = VECTOR ( 'NONE', #523, 1000.000000000000000 ) ;
#696 = AXIS2_PLACEMENT_3D ( 'NONE', #1091, #206, #1244 ) ;
#697 = DIRECTION ( 'NONE',  ( 0.0000000000000000000, 0.0000000000000000000, 1.000000000000000000 ) ) ;
#698 = DIRECTION ( 'NONE',  ( -1.000000000000000000, 0.0000000000000000000, 0.0000000000000000000 ) ) ;
#699 = EDGE_CURVE ( 'NONE', #1700, #378, #1299, .T. ) ;
#700 = VECTOR ( 'NONE', #1119, 1000.000000000000000 ) ;
#701 = UNCERTAINTY_MEASURE_WITH_UNIT (LENGTH_MEASURE( 1.000000000000000100E-005 ), #951, 'distance_accuracy_value', 'NONE');
#702 = VECTOR ( 'NONE', #724, 1000.000000000000000 ) ;
#703 = DIRECTION ( 'NONE',  ( 0.0000000000000000000, 0.0000000000000000000, -1.000000000000000000 ) ) ;
#704 = VERTEX_POINT ( 'NONE', #339 ) ;
#705 = ORIENTED_EDGE ( 'NONE', *, *, #320, .F. ) ;
#706 = FILL_AREA_STYLE_COLOUR ( '', #651 ) ;
#707 = ORIENTED_EDGE ( 'NONE', *, *, #1281, .T. ) ;
#708 =( NAMED_UNIT ( * ) SI_UNIT ( $, .STERADIAN. ) SOLID_ANGLE_UNIT ( ) );
#709 = PRESENTATION_STYLE_ASSIGNMENT (( #1867 ) ) ;
#710 = LINE ( 'NONE', #589, #311 ) ;
#711 =( GEOMETRIC_REPRESENTATION_CONTEXT ( 3 ) GLOBAL_UNCERTAINTY_ASSIGNED_CONTEXT ( ( #1857 ) ) GLOBAL_UNIT_ASSIGNED_CONTEXT ( ( #207, #1246, #354 ) ) REPRESENTATION_CONTEXT ( 'NONE', 'WORKASPACE' ) );
#712 = ORIENTED_EDGE ( 'NONE', *, *, #1294, .T. ) ;
#713 = SURFACE_SIDE_STYLE ('',( #585 ) ) ;
#714 = SURFACE_STYLE_FILL_AREA ( #1375 ) ;
#715 =( NAMED_UNIT ( * ) PLANE_ANGLE_UNIT ( ) SI_UNIT ( $, .RADIAN. ) );
#716 = AXIS2_PLACEMENT_3D ( 'NONE', #655, #1725, #1237 ) ;
#717 = SURFACE_STYLE_USAGE ( .BOTH. , #1629 ) ;
#718 = LINE ( 'NONE', #1831, #317 ) ;
#719 = LINE ( 'NONE', #1133, #1419 ) ;
#720 = CYLINDRICAL_SURFACE ( 'NONE', #1384, 2.500000000000000400 ) ;
#721 = AXIS2_PLACEMENT_3D ( 'NONE', #1934, #1004, #115 ) ;
#722 = SURFACE_SIDE_STYLE ('',( #302 ) ) ;
#723 = EDGE_CURVE ( 'NONE', #1796, #1382, #104, .T. ) ;
#724 = DIRECTION ( 'NONE',  ( 0.0000000000000000000, 0.0000000000000000000, -1.000000000000000000 ) ) ;
#725 = COLOUR_RGB ( '',0.7529411764705882200, 0.7529411764705882200, 0.7529411764705882200 ) ;
#726 = VERTEX_POINT ( 'NONE', #33 ) ;
#727 = ORIENTED_EDGE ( 'NONE', *, *, #297, .T. ) ;
#728 = VERTEX_POINT ( 'NONE', #934 ) ;
#729 = STYLED_ITEM ( 'NONE', ( #335 ), #659 ) ;
#730 = EDGE_LOOP ( 'NONE', ( #1775, #1266, #376, #1505 ) ) ;
#731 = DIRECTION ( 'NONE',  ( 0.0000000000000000000, 0.0000000000000000000, 1.000000000000000000 ) ) ;
#732 = LINE ( 'NONE', #314, #1485 ) ;
#733 = ORIENTED_EDGE ( 'NONE', *, *, #1691, .F. ) ;
#734 = EDGE_CURVE ( 'NONE', #1524, #1218, #849, .T. ) ;
#735 = VECTOR ( 'NONE', #666, 1000.000000000000000 ) ;
#736 = VECTOR ( 'NONE', #527, 1000.000000000000000 ) ;
#737 = LINE ( 'NONE', #1646, #1865 ) ;
#738 = ADVANCED_FACE ( 'NONE', ( #1242 ), #1878, .T. ) ;
#739 = MECHANICAL_DESIGN_GEOMETRIC_PRESENTATION_REPRESENTATION (  '', ( #444 ), #852 ) ;
#740 = STYLED_ITEM ( 'NONE', ( #878 ), #15 ) ;
#741 = ORIENTED_EDGE ( 'NONE', *, *, #1808, .F. ) ;
#742 = VERTEX_POINT ( 'NONE', #505 ) ;
#743 = DIRECTION ( 'NONE',  ( 0.0000000000000000000, 0.0000000000000000000, 1.000000000000000000 ) ) ;
#744 = ORIENTED_EDGE ( 'NONE', *, *, #1691, .T. ) ;
#745 = SURFACE_SIDE_STYLE ('',( #1799 ) ) ;
#746 = VECTOR ( 'NONE', #1262, 1000.000000000000000 ) ;
#747 = UNCERTAINTY_MEASURE_WITH_UNIT (LENGTH_MEASURE( 1.000000000000000100E-005 ), #53, 'distance_accuracy_value', 'NONE');
#748 = DIRECTION ( 'NONE',  ( -1.000000000000000000, 0.0000000000000000000, 0.0000000000000000000 ) ) ;
#749 =( NAMED_UNIT ( * ) PLANE_ANGLE_UNIT ( ) SI_UNIT ( $, .RADIAN. ) );
#750 = ADVANCED_FACE ( 'NONE', ( #309 ), #198, .F. ) ;
#751 = COLOUR_RGB ( '',0.2509803921568627400, 0.2509803921568627400, 0.2509803921568627400 ) ;
#752 = AXIS2_PLACEMENT_3D ( 'NONE', #266, #850, #1163 ) ;
#753 = EDGE_CURVE ( 'NONE', #1076, #1674, #1334, .T. ) ;
#754 =( NAMED_UNIT ( * ) PLANE_ANGLE_UNIT ( ) SI_UNIT ( $, .RADIAN. ) );
#755 =( NAMED_UNIT ( * ) PLANE_ANGLE_UNIT ( ) SI_UNIT ( $, .RADIAN. ) );
#756 = MECHANICAL_DESIGN_GEOMETRIC_PRESENTATION_REPRESENTATION (  '', ( #575 ), #867 ) ;
#757 = DIRECTION ( 'NONE',  ( 1.000000000000000000, 0.0000000000000000000, -0.0000000000000000000 ) ) ;
#758 = ADVANCED_FACE ( 'NONE', ( #185 ), #510, .F. ) ;
#759 = PRESENTATION_STYLE_ASSIGNMENT (( #1833 ) ) ;
#760 =( NAMED_UNIT ( * ) PLANE_ANGLE_UNIT ( ) SI_UNIT ( $, .RADIAN. ) );
#761 = DIRECTION ( 'NONE',  ( -1.000000000000000000, -0.0000000000000000000, -0.0000000000000000000 ) ) ;
#762 = PRESENTATION_STYLE_ASSIGNMENT (( #1457 ) ) ;
#763 = AXIS2_PLACEMENT_3D ( 'NONE', #1902, #978, #87 ) ;
#764 = LINE ( 'NONE', #1923, #1120 ) ;
#765 = ORIENTED_EDGE ( 'NONE', *, *, #1479, .F. ) ;
#766 = ORIENTED_EDGE ( 'NONE', *, *, #1720, .T. ) ;
#767 = ORIENTED_EDGE ( 'NONE', *, *, #90, .T. ) ;
#768 = EDGE_LOOP ( 'NONE', ( #1267, #1341, #474, #1779 ) ) ;
#769 = MECHANICAL_DESIGN_GEOMETRIC_PRESENTATION_REPRESENTATION (  '', ( #480 ), #883 ) ;
#770 = DIRECTION ( 'NONE',  ( 1.000000000000000000, 0.0000000000000000000, 0.0000000000000000000 ) ) ;
#771 = CARTESIAN_POINT ( 'NONE',  ( 14.50000000000000000, 3.793732670585586200E-015, -3.000000000000000900 ) ) ;
#772 = PRESENTATION_STYLE_ASSIGNMENT (( #1157 ) ) ;
#773 = SURFACE_SIDE_STYLE ('',( #1569 ) ) ;
#774 = EDGE_LOOP ( 'NONE', ( #1351, #891, #1357, #639 ) ) ;
#775 =( NAMED_UNIT ( * ) SI_UNIT ( $, .STERADIAN. ) SOLID_ANGLE_UNIT ( ) );
#776 = CARTESIAN_POINT ( 'NONE',  ( 2.050000000000002500, 0.2899999999999999800, -4.300000000000002500 ) ) ;
#777 = CARTESIAN_POINT ( 'NONE',  ( 11.00000000000000200, -1.000000000000000000, 0.5999999999999947600 ) ) ;
#778 =( NAMED_UNIT ( * ) PLANE_ANGLE_UNIT ( ) SI_UNIT ( $, .RADIAN. ) );
#779 = STYLED_ITEM ( 'NONE', ( #1258 ), #1804 ) ;
#780 = EDGE_CURVE ( 'NONE', #48, #1843, #1187, .T. ) ;
#781 =( NAMED_UNIT ( * ) PLANE_ANGLE_UNIT ( ) SI_UNIT ( $, .RADIAN. ) );
#782 = FACE_OUTER_BOUND ( 'NONE', #913, .T. ) ;
#783 = DIRECTION ( 'NONE',  ( 0.0000000000000000000, 0.0000000000000000000, -1.000000000000000000 ) ) ;
#784 = SURFACE_STYLE_USAGE ( .BOTH. , #1698 ) ;
#785 = SURFACE_STYLE_USAGE ( .BOTH. , #795 ) ;
#786 = STYLED_ITEM ( 'NONE', ( #542 ), #758 ) ;
#787 = CARTESIAN_POINT ( 'NONE',  ( 9.700000000000001100, -0.01000000000000000000, 4.500000000000000900 ) ) ;
#788 =( LENGTH_UNIT ( ) NAMED_UNIT ( * ) SI_UNIT ( .MILLI., .METRE. ) );
#789 = LINE ( 'NONE', #471, #393 ) ;
#790 = FACE_OUTER_BOUND ( 'NONE', #1463, .T. ) ;
#791 = VECTOR ( 'NONE', #1268, 1000.000000000000000 ) ;
#792 = SURFACE_SIDE_STYLE ('',( #1343 ) ) ;
#793 =( LENGTH_UNIT ( ) NAMED_UNIT ( * ) SI_UNIT ( .MILLI., .METRE. ) );
#794 = UNCERTAINTY_MEASURE_WITH_UNIT (LENGTH_MEASURE( 1.000000000000000100E-005 ), #366, 'distance_accuracy_value', 'NONE');
#795 = SURFACE_SIDE_STYLE ('',( #485 ) ) ;
#796 = ORIENTED_EDGE ( 'NONE', *, *, #1032, .T. ) ;
#797 = PLANE ( 'NONE',  #1008 ) ;
#798 = ORIENTED_EDGE ( 'NONE', *, *, #148, .T. ) ;
#799 = PRESENTATION_LAYER_ASSIGNMENT (  '', '', ( #597 ) ) ;
#800 = EDGE_CURVE ( 'NONE', #284, #378, #394, .T. ) ;
#801 = ORIENTED_EDGE ( 'NONE', *, *, #1137, .T. ) ;
#802 = VECTOR ( 'NONE', #1907, 1000.000000000000000 ) ;
#803 = SURFACE_SIDE_STYLE ('',( #1104 ) ) ;
#804 = FILL_AREA_STYLE ('',( #1236 ) ) ;
#805 = FILL_AREA_STYLE ('',( #501 ) ) ;
#806 = DIRECTION ( 'NONE',  ( 0.0000000000000000000, 0.0000000000000000000, 1.000000000000000000 ) ) ;
#807 = FACE_OUTER_BOUND ( 'NONE', #638, .T. ) ;
#808 = FILL_AREA_STYLE_COLOUR ( '', #1747 ) ;
#809 = CARTESIAN_POINT ( 'NONE',  ( 3.550000000000002000, -0.01000000000000000000, -2.100000000000000100 ) ) ;
#810 =( NAMED_UNIT ( * ) SI_UNIT ( $, .STERADIAN. ) SOLID_ANGLE_UNIT ( ) );
#811 = PLANE ( 'NONE',  #277 ) ;
#812 = CARTESIAN_POINT ( 'NONE',  ( 11.70000000000000300, 0.2000000000000000100, -2.424999999999999800 ) ) ;
#813 = PRESENTATION_LAYER_ASSIGNMENT (  '', '', ( #610 ) ) ;
#814 = LINE ( 'NONE', #1277, #791 ) ;
#815 = DIRECTION ( 'NONE',  ( 1.000000000000000000, 0.0000000000000000000, -0.0000000000000000000 ) ) ;
#816 = UNCERTAINTY_MEASURE_WITH_UNIT (LENGTH_MEASURE( 1.000000000000000100E-005 ), #1669, 'distance_accuracy_value', 'NONE');
#817 = VECTOR ( 'NONE', #399, 1000.000000000000000 ) ;
#818 = FILL_AREA_STYLE_COLOUR ( '', #154 ) ;
#819 = VECTOR ( 'NONE', #1914, 1000.000000000000000 ) ;
#820 = ORIENTED_EDGE ( 'NONE', *, *, #665, .F. ) ;
#821 = ORIENTED_EDGE ( 'NONE', *, *, #1618, .T. ) ;
#822 = CARTESIAN_POINT ( 'NONE',  ( 11.00000000000000200, 3.686287386450715100E-015, 0.7500000000000003300 ) ) ;
#823 = ORIENTED_EDGE ( 'NONE', *, *, #1184, .T. ) ;
#824 = ORIENTED_EDGE ( 'NONE', *, *, #598, .F. ) ;
#825 = DIRECTION ( 'NONE',  ( 1.000000000000000000, 0.0000000000000000000, -0.0000000000000000000 ) ) ;
#826 = PRESENTATION_LAYER_ASSIGNMENT (  '', '', ( #620 ) ) ;
#827 = EDGE_CURVE ( 'NONE', #329, #469, #1961, .T. ) ;
#828 = ORIENTED_EDGE ( 'NONE', *, *, #570, .T. ) ;
#829 = LINE ( 'NONE', #1139, #432 ) ;
#830 = AXIS2_PLACEMENT_3D ( 'NONE', #1358, #20, #1065 ) ;
#831 =( NAMED_UNIT ( * ) PLANE_ANGLE_UNIT ( ) SI_UNIT ( $, .RADIAN. ) );
#832 = DIRECTION ( 'NONE',  ( 0.0000000000000000000, -1.000000000000000000, -0.0000000000000000000 ) ) ;
#833 = STYLED_ITEM ( 'NONE', ( #861 ), #1252 ) ;
#834 = PRESENTATION_STYLE_ASSIGNMENT (( #997 ) ) ;
#835 = EDGE_CURVE ( 'NONE', #269, #218, #1145, .T. ) ;
#836 = CARTESIAN_POINT ( 'NONE',  ( 16.65000000000000200, 2.500000000000004000, 0.0000000000000000000 ) ) ;
#837 = DIRECTION ( 'NONE',  ( 0.0000000000000000000, 0.0000000000000000000, -1.000000000000000000 ) ) ;
#838 = VECTOR ( 'NONE', #460, 1000.000000000000000 ) ;
#839 =( LENGTH_UNIT ( ) NAMED_UNIT ( * ) SI_UNIT ( .MILLI., .METRE. ) );
#840 = CARTESIAN_POINT ( 'NONE',  ( 10.70000000000000100, 0.2000000000000000100, 2.424999999999999800 ) ) ;
#841 = CARTESIAN_POINT ( 'NONE',  ( 12.50000000000000000, 0.2000000000000000100, -4.500000000000001800 ) ) ;
#842 = COLOUR_RGB ( '',0.7529411764705882200, 0.7529411764705882200, 0.7529411764705882200 ) ;
#843 =( LENGTH_UNIT ( ) NAMED_UNIT ( * ) SI_UNIT ( .MILLI., .METRE. ) );
#844 = ORIENTED_EDGE ( 'NONE', *, *, #1281, .F. ) ;
#845 = DIRECTION ( 'NONE',  ( 0.0000000000000000000, 1.000000000000000000, 0.0000000000000000000 ) ) ;
#846 = COLOUR_RGB ( '',0.7529411764705882200, 0.7529411764705882200, 0.7529411764705882200 ) ;
#847 = VERTEX_POINT ( 'NONE', #822 ) ;
#848 = FILL_AREA_STYLE_COLOUR ( '', #990 ) ;
#849 = CIRCLE ( 'NONE', #1228, 2.500000000000000400 ) ;
#850 = DIRECTION ( 'NONE',  ( 1.000000000000000000, -0.0000000000000000000, -0.0000000000000000000 ) ) ;
#851 = FILL_AREA_STYLE ('',( #1290 ) ) ;
#852 =( GEOMETRIC_REPRESENTATION_CONTEXT ( 3 ) GLOBAL_UNCERTAINTY_ASSIGNED_CONTEXT ( ( #467 ) ) GLOBAL_UNIT_ASSIGNED_CONTEXT ( ( #1274, #373, #1418 ) ) REPRESENTATION_CONTEXT ( 'NONE', 'WORKASPACE' ) );
#853 = AXIS2_PLACEMENT_3D ( 'NONE', #81, #981, #241 ) ;
#854 = CARTESIAN_POINT ( 'NONE',  ( 11.00000000000000200, -0.8499999999999950900, 0.0000000000000000000 ) ) ;
#855 = FACE_OUTER_BOUND ( 'NONE', #1696, .T. ) ;
#856 = LINE ( 'NONE', #37, #1620 ) ;
#857 = DIRECTION ( 'NONE',  ( 0.0000000000000000000, -1.000000000000000000, 0.0000000000000000000 ) ) ;
#858 = DIRECTION ( 'NONE',  ( 0.0000000000000000000, 1.000000000000000000, -0.0000000000000000000 ) ) ;
#859 = PLANE ( 'NONE',  #928 ) ;
#860 = PLANE ( 'NONE',  #1329 ) ;
#861 = PRESENTATION_STYLE_ASSIGNMENT (( #21 ) ) ;
#862 = SURFACE_STYLE_FILL_AREA ( #222 ) ;
#863 = MECHANICAL_DESIGN_GEOMETRIC_PRESENTATION_REPRESENTATION (  '', ( #664 ), #960 ) ;
#864 =( LENGTH_UNIT ( ) NAMED_UNIT ( * ) SI_UNIT ( .MILLI., .METRE. ) );
#865 = EDGE_CURVE ( 'NONE', #1949, #1295, #1089, .T. ) ;
#866 = VECTOR ( 'NONE', #391, 1000.000000000000000 ) ;
#867 =( GEOMETRIC_REPRESENTATION_CONTEXT ( 3 ) GLOBAL_UNCERTAINTY_ASSIGNED_CONTEXT ( ( #614 ) ) GLOBAL_UNIT_ASSIGNED_CONTEXT ( ( #25, #1836, #1828 ) ) REPRESENTATION_CONTEXT ( 'NONE', 'WORKASPACE' ) );
#868 = LINE ( 'NONE', #841, #819 ) ;
#869 = ORIENTED_EDGE ( 'NONE', *, *, #426, .F. ) ;
#870 = ORIENTED_EDGE ( 'NONE', *, *, #224, .T. ) ;
#871 =( NAMED_UNIT ( * ) PLANE_ANGLE_UNIT ( ) SI_UNIT ( $, .RADIAN. ) );
#872 = ORIENTED_EDGE ( 'NONE', *, *, #1599, .T. ) ;
#873 = ORIENTED_EDGE ( 'NONE', *, *, #504, .F. ) ;
#874 = SURFACE_STYLE_USAGE ( .BOTH. , #1783 ) ;
#875 = ORIENTED_EDGE ( 'NONE', *, *, #918, .F. ) ;
#876 = FACE_OUTER_BOUND ( 'NONE', #774, .T. ) ;
#877 = AXIS2_PLACEMENT_3D ( 'NONE', #1740, #825, #1895 ) ;
#878 = PRESENTATION_STYLE_ASSIGNMENT (( #1602 ) ) ;
#879 =( LENGTH_UNIT ( ) NAMED_UNIT ( * ) SI_UNIT ( .MILLI., .METRE. ) );
#880 = LINE ( 'NONE', #1611, #83 ) ;
#881 = DIRECTION ( 'NONE',  ( -1.000000000000000000, 0.0000000000000000000, 0.0000000000000000000 ) ) ;
#882 = VECTOR ( 'NONE', #506, 1000.000000000000000 ) ;
#883 =( GEOMETRIC_REPRESENTATION_CONTEXT ( 3 ) GLOBAL_UNCERTAINTY_ASSIGNED_CONTEXT ( ( #1886 ) ) GLOBAL_UNIT_ASSIGNED_CONTEXT ( ( #324, #202, #194 ) ) REPRESENTATION_CONTEXT ( 'NONE', 'WORKASPACE' ) );
#884 = COLOUR_RGB ( '',0.7529411764705882200, 0.7529411764705882200, 0.7529411764705882200 ) ;
#885 = PRESENTATION_LAYER_ASSIGNMENT (  '', '', ( #779 ) ) ;
#886 = VECTOR ( 'NONE', #881, 1000.000000000000000 ) ;
#887 = EDGE_CURVE ( 'NONE', #423, #605, #1497, .T. ) ;
#888 = CARTESIAN_POINT ( 'NONE',  ( 11.70000000000000300, -0.01000000000000000000, -4.500000000000001800 ) ) ;
#889 = VERTEX_POINT ( 'NONE', #1572 ) ;
#890 = PRESENTATION_LAYER_ASSIGNMENT (  '', '', ( #786 ) ) ;
#891 = ORIENTED_EDGE ( 'NONE', *, *, #897, .T. ) ;
#892 = ORIENTED_EDGE ( 'NONE', *, *, #16, .F. ) ;
#893 = CARTESIAN_POINT ( 'NONE',  ( 17.00000000000000000, 2.500000000000004000, 0.0000000000000000000 ) ) ;
#894 = LINE ( 'NONE', #1840, #503 ) ;
#895 = COLOUR_RGB ( '',0.2509803921568627400, 0.2509803921568627400, 0.2509803921568627400 ) ;
#896 = MECHANICAL_DESIGN_GEOMETRIC_PRESENTATION_REPRESENTATION (  '', ( #597 ), #995 ) ;
#897 = EDGE_CURVE ( 'NONE', #1218, #1674, #348, .T. ) ;
#898 = FILL_AREA_STYLE ('',( #1200 ) ) ;
#899 = LINE ( 'NONE', #397, #1309 ) ;
#900 = ADVANCED_FACE ( 'NONE', ( #790 ), #969, .T. ) ;
#901 =( LENGTH_UNIT ( ) NAMED_UNIT ( * ) SI_UNIT ( .MILLI., .METRE. ) );
#902 = FILL_AREA_STYLE_COLOUR ( '', #1409 ) ;
#903 = PRESENTATION_STYLE_ASSIGNMENT (( #387 ) ) ;
#904 = CIRCLE ( 'NONE', #491, 1.800000000000000000 ) ;
#905 = STYLED_ITEM ( 'NONE', ( #1957 ), #1049 ) ;
#906 = LINE ( 'NONE', #1590, #118 ) ;
#907 = MECHANICAL_DESIGN_GEOMETRIC_PRESENTATION_REPRESENTATION (  '', ( #610 ), #1013 ) ;
#908 = ORIENTED_EDGE ( 'NONE', *, *, #1705, .F. ) ;
#909 = VERTEX_POINT ( 'NONE', #1422 ) ;
#910 = ADVANCED_FACE ( 'NONE', ( #158 ), #242, .T. ) ;
#911 = ORIENTED_EDGE ( 'NONE', *, *, #1645, .T. ) ;
#912 = VERTEX_POINT ( 'NONE', #1756 ) ;
#913 = EDGE_LOOP ( 'NONE', ( #479, #1896, #168, #1272, #1841, #1050, #869, #1321 ) ) ;
#914 = SURFACE_SIDE_STYLE ('',( #509 ) ) ;
#915 = VECTOR ( 'NONE', #1621, 1000.000000000000000 ) ;
#916 = MECHANICAL_DESIGN_GEOMETRIC_PRESENTATION_REPRESENTATION (  '', ( #620 ), #1018 ) ;
#917 = ADVANCED_FACE ( 'NONE', ( #567 ), #1688, .F. ) ;
#918 = EDGE_CURVE ( 'NONE', #1793, #498, #1021, .T. ) ;
#919 = DIRECTION ( 'NONE',  ( 0.0000000000000000000, -1.000000000000000000, 0.0000000000000000000 ) ) ;
#920 = PRESENTATION_LAYER_ASSIGNMENT (  '', '', ( #729 ) ) ;
#921 =( LENGTH_UNIT ( ) NAMED_UNIT ( * ) SI_UNIT ( .MILLI., .METRE. ) );
#922 = SURFACE_STYLE_USAGE ( .BOTH. , #927 ) ;
#923 = LINE ( 'NONE', #787, #537 ) ;
#924 = SURFACE_STYLE_FILL_AREA ( #1107 ) ;
#925 = CARTESIAN_POINT ( 'NONE',  ( 4.000000000000001800, 3.686287386450715100E-015, 0.7500000000000002200 ) ) ;
#926 = CARTESIAN_POINT ( 'NONE',  ( 17.00000000000000000, 2.500000000000004000, 2.500000000000000400 ) ) ;
#927 = SURFACE_SIDE_STYLE ('',( #714 ) ) ;
#928 = AXIS2_PLACEMENT_3D ( 'NONE', #413, #1466, #11 ) ;
#929 = ORIENTED_EDGE ( 'NONE', *, *, #962, .F. ) ;
#930 = EDGE_CURVE ( 'NONE', #635, #847, #1829, .T. ) ;
#931 = DIRECTION ( 'NONE',  ( 0.0000000000000000000, 1.000000000000000000, 1.734723475976807600E-016 ) ) ;
#932 = ORIENTED_EDGE ( 'NONE', *, *, #1618, .F. ) ;
#933 = ORIENTED_EDGE ( 'NONE', *, *, #504, .T. ) ;
#934 = CARTESIAN_POINT ( 'NONE',  ( 10.70000000000000100, -0.01000000000000000000, 2.424999999999999800 ) ) ;
#935 = ORIENTED_EDGE ( 'NONE', *, *, #1782, .F. ) ;
#936 =( NAMED_UNIT ( * ) PLANE_ANGLE_UNIT ( ) SI_UNIT ( $, .RADIAN. ) );
#937 = EDGE_LOOP ( 'NONE', ( #606, #1241, #1728, #1964 ) ) ;
#938 = UNCERTAINTY_MEASURE_WITH_UNIT (LENGTH_MEASURE( 1.000000000000000100E-005 ), #1226, 'distance_accuracy_value', 'NONE');
#939 = CARTESIAN_POINT ( 'NONE',  ( 3.550000000000002000, 0.2899999999999999800, -4.300000000000002500 ) ) ;
#940 = CARTESIAN_POINT ( 'NONE',  ( 4.000000000000001800, -1.000000000000000000, 0.0000000000000000000 ) ) ;
#941 = VECTOR ( 'NONE', #631, 1000.000000000000000 ) ;
#942 =( LENGTH_UNIT ( ) NAMED_UNIT ( * ) SI_UNIT ( .MILLI., .METRE. ) );
#943 =( NAMED_UNIT ( * ) SI_UNIT ( $, .STERADIAN. ) SOLID_ANGLE_UNIT ( ) );
#944 =( NAMED_UNIT ( * ) PLANE_ANGLE_UNIT ( ) SI_UNIT ( $, .RADIAN. ) );
#945 = FILL_AREA_STYLE ('',( #650 ) ) ;
#946 = DIRECTION ( 'NONE',  ( 0.0000000000000000000, -1.000000000000000000, -0.0000000000000000000 ) ) ;
#947 = AXIS2_PLACEMENT_3D ( 'NONE', #1891, #968, #1579 ) ;
#948 = PRESENTATION_LAYER_ASSIGNMENT (  '', '', ( #740 ) ) ;
#949 =( LENGTH_UNIT ( ) NAMED_UNIT ( * ) SI_UNIT ( .MILLI., .METRE. ) );
#950 = SURFACE_STYLE_USAGE ( .BOTH. , #1868 ) ;
#951 =( LENGTH_UNIT ( ) NAMED_UNIT ( * ) SI_UNIT ( .MILLI., .METRE. ) );
#952 = FILL_AREA_STYLE ('',( #1550 ) ) ;
#953 = SURFACE_SIDE_STYLE ('',( #28 ) ) ;
#954 = DIRECTION ( 'NONE',  ( 8.659560562354953800E-017, 0.7071067811865460200, -0.7071067811865490200 ) ) ;
#955 = DIRECTION ( 'NONE',  ( 1.000000000000000000, 0.0000000000000000000, 0.0000000000000000000 ) ) ;
#956 = CARTESIAN_POINT ( 'NONE',  ( 16.39378221735088900, 2.500000000000004000, -1.800000000000000000 ) ) ;
#957 = UNCERTAINTY_MEASURE_WITH_UNIT (LENGTH_MEASURE( 1.000000000000000100E-005 ), #566, 'distance_accuracy_value', 'NONE');
#958 = ORIENTED_EDGE ( 'NONE', *, *, #541, .T. ) ;
#959 = ORIENTED_EDGE ( 'NONE', *, *, #1020, .T. ) ;
#960 =( GEOMETRIC_REPRESENTATION_CONTEXT ( 3 ) GLOBAL_UNCERTAINTY_ASSIGNED_CONTEXT ( ( #1665 ) ) GLOBAL_UNIT_ASSIGNED_CONTEXT ( ( #1781, #871, #1941 ) ) REPRESENTATION_CONTEXT ( 'NONE', 'WORKASPACE' ) );
#961 = FILL_AREA_STYLE ('',( #544 ) ) ;
#962 = EDGE_CURVE ( 'NONE', #1125, #402, #626, .T. ) ;
#963 = ORIENTED_EDGE ( 'NONE', *, *, #1095, .F. ) ;
#964 = DIRECTION ( 'NONE',  ( 0.0000000000000000000, -1.000000000000000000, 0.0000000000000000000 ) ) ;
#965 = DIRECTION ( 'NONE',  ( -0.0000000000000000000, -0.0000000000000000000, 1.000000000000000000 ) ) ;
#966 = SURFACE_STYLE_FILL_AREA ( #254 ) ;
#967 = CARTESIAN_POINT ( 'NONE',  ( 3.550000000000002000, -0.01000000000000000000, -4.300000000000002500 ) ) ;
#968 = DIRECTION ( 'NONE',  ( 0.0000000000000000000, 1.000000000000000000, 0.0000000000000000000 ) ) ;
#969 = PLANE ( 'NONE',  #256 ) ;
#970 = AXIS2_PLACEMENT_3D ( 'NONE', #390, #1441, #551 ) ;
#971 = CARTESIAN_POINT ( 'NONE',  ( 10.70000000000000100, 0.2000000000000000100, 4.500000000000000900 ) ) ;
#972 =( LENGTH_UNIT ( ) NAMED_UNIT ( * ) SI_UNIT ( .MILLI., .METRE. ) );
#973 = AXIS2_PLACEMENT_3D ( 'NONE', #1854, #1702, #1233 ) ;
#974 = VECTOR ( 'NONE', #1589, 1000.000000000000000 ) ;
#975 = LINE ( 'NONE', #1383, #582 ) ;
#976 = CARTESIAN_POINT ( 'NONE',  ( 16.65000000000000200, 2.500000000000004400, 2.150000000000000400 ) ) ;
#977 = FACE_OUTER_BOUND ( 'NONE', #545, .T. ) ;
#978 = DIRECTION ( 'NONE',  ( 0.0000000000000000000, -1.000000000000000000, 0.0000000000000000000 ) ) ;
#979 = CIRCLE ( 'NONE', #1930, 2.150000000000000400 ) ;
#980 = EDGE_LOOP ( 'NONE', ( #929, #1127, #1947, #1636 ) ) ;
#981 = DIRECTION ( 'NONE',  ( 0.0000000000000000000, 0.0000000000000000000, 1.000000000000000000 ) ) ;
#982 = FILL_AREA_STYLE ('',( #92 ) ) ;
#983 = VERTEX_POINT ( 'NONE', #1694 ) ;
#984 = VERTEX_POINT ( 'NONE', #1079 ) ;
#985 = PLANE ( 'NONE',  #1690 ) ;
#986 = MECHANICAL_DESIGN_GEOMETRIC_PRESENTATION_REPRESENTATION (  '', ( #779 ), #1082 ) ;
#987 = DIRECTION ( 'NONE',  ( 0.0000000000000000000, 0.0000000000000000000, -1.000000000000000000 ) ) ;
#988 = EDGE_CURVE ( 'NONE', #233, #912, #975, .T. ) ;
#989 = MECHANICAL_DESIGN_GEOMETRIC_PRESENTATION_REPRESENTATION (  '', ( #786 ), #1087 ) ;
#990 = COLOUR_RGB ( '',0.7529411764705882200, 0.7529411764705882200, 0.7529411764705882200 ) ;
#991 =( NAMED_UNIT ( * ) SI_UNIT ( $, .STERADIAN. ) SOLID_ANGLE_UNIT ( ) );
#992 = FILL_AREA_STYLE_COLOUR ( '', #1023 ) ;
#993 = CARTESIAN_POINT ( 'NONE',  ( 12.50000000000000000, -0.01000000000000000000, -2.424999999999999800 ) ) ;
#994 = CARTESIAN_POINT ( 'NONE',  ( 2.050000000000002500, 0.2899999999999999800, -4.300000000000002500 ) ) ;
#995 =( GEOMETRIC_REPRESENTATION_CONTEXT ( 3 ) GLOBAL_UNCERTAINTY_ASSIGNED_CONTEXT ( ( #747 ) ) GLOBAL_UNIT_ASSIGNED_CONTEXT ( ( #53, #1100, #208 ) ) REPRESENTATION_CONTEXT ( 'NONE', 'WORKASPACE' ) );
#996 = PLANE ( 'NONE',  #58 ) ;
#997 = SURFACE_STYLE_USAGE ( .BOTH. , #1924 ) ;
#998 = EDGE_CURVE ( 'NONE', #1405, #889, #1370, .T. ) ;
#999 = FILL_AREA_STYLE_COLOUR ( '', #1208 ) ;
#1000 = UNCERTAINTY_MEASURE_WITH_UNIT (LENGTH_MEASURE( 1.000000000000000100E-005 ), #107, 'distance_accuracy_value', 'NONE');
#1001 = FACE_BOUND ( 'NONE', #1606, .T. ) ;
#1002 = CARTESIAN_POINT ( 'NONE',  ( 11.70000000000000300, 3.793732670585586200E-015, 3.000000000000000900 ) ) ;
#1003 = SURFACE_STYLE_USAGE ( .BOTH. , #1932 ) ;
#1004 = DIRECTION ( 'NONE',  ( 0.0000000000000000000, 1.000000000000000000, -0.0000000000000000000 ) ) ;
#1005 = ORIENTED_EDGE ( 'NONE', *, *, #570, .F. ) ;
#1006 = ORIENTED_EDGE ( 'NONE', *, *, #1761, .F. ) ;
#1007 = ORIENTED_EDGE ( 'NONE', *, *, #364, .T. ) ;
#1008 = AXIS2_PLACEMENT_3D ( 'NONE', #508, #1556, #656 ) ;
#1009 =( NAMED_UNIT ( * ) SI_UNIT ( $, .STERADIAN. ) SOLID_ANGLE_UNIT ( ) );
#1010 = DIRECTION ( 'NONE',  ( 0.0000000000000000000, 1.000000000000000000, -0.0000000000000000000 ) ) ;
#1011 = PRESENTATION_STYLE_ASSIGNMENT (( #612 ) ) ;
#1012 = ORIENTED_EDGE ( 'NONE', *, *, #44, .T. ) ;
#1013 =( GEOMETRIC_REPRESENTATION_CONTEXT ( 3 ) GLOBAL_UNCERTAINTY_ASSIGNED_CONTEXT ( ( #1612 ) ) GLOBAL_UNIT_ASSIGNED_CONTEXT ( ( #1396, #1389, #1250 ) ) REPRESENTATION_CONTEXT ( 'NONE', 'WORKASPACE' ) );
#1014 = SURFACE_STYLE_FILL_AREA ( #1555 ) ;
#1015 =( NAMED_UNIT ( * ) PLANE_ANGLE_UNIT ( ) SI_UNIT ( $, .RADIAN. ) );
#1016 = SURFACE_STYLE_FILL_AREA ( #642 ) ;
#1017 = LINE ( 'NONE', #1285, #1788 ) ;
#1018 =( GEOMETRIC_REPRESENTATION_CONTEXT ( 3 ) GLOBAL_UNCERTAINTY_ASSIGNED_CONTEXT ( ( #611 ) ) GLOBAL_UNIT_ASSIGNED_CONTEXT ( ( #1625, #715, #1778 ) ) REPRESENTATION_CONTEXT ( 'NONE', 'WORKASPACE' ) );
#1019 =( NAMED_UNIT ( * ) SI_UNIT ( $, .STERADIAN. ) SOLID_ANGLE_UNIT ( ) );
#1020 = EDGE_CURVE ( 'NONE', #101, #912, #1789, .T. ) ;
#1021 = LINE ( 'NONE', #777, #12 ) ;
#1022 = CARTESIAN_POINT ( 'NONE',  ( 3.550000000000002000, 0.2899999999999999800, -2.100000000000000100 ) ) ;
#1023 = COLOUR_RGB ( '',0.7529411764705882200, 0.7529411764705882200, 0.7529411764705882200 ) ;
#1024 = MECHANICAL_DESIGN_GEOMETRIC_PRESENTATION_REPRESENTATION (  '', ( #729 ), #1130 ) ;
#1025 = ORIENTED_EDGE ( 'NONE', *, *, #205, .F. ) ;
#1026 = EDGE_LOOP ( 'NONE', ( #1834, #933, #441, #741 ) ) ;
#1027 = VERTEX_POINT ( 'NONE', #1392 ) ;
#1028 =( NAMED_UNIT ( * ) PLANE_ANGLE_UNIT ( ) SI_UNIT ( $, .RADIAN. ) );
#1029 = EDGE_LOOP ( 'NONE', ( #1704, #766, #1007, #1320 ) ) ;
#1030 = ORIENTED_EDGE ( 'NONE', *, *, #800, .T. ) ;
#1031 = PRESENTATION_LAYER_ASSIGNMENT (  '', '', ( #833 ) ) ;
#1032 = EDGE_CURVE ( 'NONE', #1963, #1027, #923, .T. ) ;
#1033 = PRESENTATION_STYLE_ASSIGNMENT (( #628 ) ) ;
#1034 = CARTESIAN_POINT ( 'NONE',  ( 0.0000000000000000000, 2.500000000000004000, 0.0000000000000000000 ) ) ;
#1035 = VECTOR ( 'NONE', #857, 1000.000000000000000 ) ;
#1036 = PRODUCT_DEFINITION_CONTEXT ( 'detailed design', #1316, 'design' ) ;
#1037 = CIRCLE ( 'NONE', #4, 0.7500000000000002200 ) ;
#1038 = ADVANCED_FACE ( 'NONE', ( #230, #1332, #182 ), #797, .F. ) ;
#1039 = DIRECTION ( 'NONE',  ( 0.0000000000000000000, -1.000000000000000000, -0.0000000000000000000 ) ) ;
#1040 = SURFACE_STYLE_FILL_AREA ( #1767 ) ;
#1041 = UNCERTAINTY_MEASURE_WITH_UNIT (LENGTH_MEASURE( 1.000000000000000100E-005 ), #640, 'distance_accuracy_value', 'NONE');
#1042 = PRESENTATION_LAYER_ASSIGNMENT (  '', '', ( #151 ) ) ;
#1043 = SURFACE_STYLE_FILL_AREA ( #77 ) ;
#1044 =( GEOMETRIC_REPRESENTATION_CONTEXT ( 3 ) GLOBAL_UNCERTAINTY_ASSIGNED_CONTEXT ( ( #124 ) ) GLOBAL_UNIT_ASSIGNED_CONTEXT ( ( #972, #84, #1126 ) ) REPRESENTATION_CONTEXT ( 'NONE', 'WORKASPACE' ) );
#1045 = VECTOR ( 'NONE', #731, 1000.000000000000000 ) ;
#1046 = MECHANICAL_DESIGN_GEOMETRIC_PRESENTATION_REPRESENTATION (  '', ( #740 ), #1154 ) ;
#1047 = FILL_AREA_STYLE_COLOUR ( '', #1942 ) ;
#1048 = COLOUR_RGB ( '',0.2509803921568627400, 0.2509803921568627400, 0.2509803921568627400 ) ;
#1049 = ADVANCED_FACE ( 'NONE', ( #392 ), #502, .T. ) ;
#1050 = ORIENTED_EDGE ( 'NONE', *, *, #665, .T. ) ;
#1051 = ORIENTED_EDGE ( 'NONE', *, *, #1761, .T. ) ;
#1052 = ORIENTED_EDGE ( 'NONE', *, *, #1442, .F. ) ;
#1053 = DIRECTION ( 'NONE',  ( 0.0000000000000000000, 1.000000000000000000, -0.0000000000000000000 ) ) ;
#1054 = LINE ( 'NONE', #1811, #1881 ) ;
#1055 = COLOUR_RGB ( '',0.2509803921568627400, 0.2509803921568627400, 0.2509803921568627400 ) ;
#1056 = ADVANCED_FACE ( 'NONE', ( #1001, #1397 ), #811, .F. ) ;
#1057 = EDGE_CURVE ( 'NONE', #889, #1578, #458, .T. ) ;
#1058 =( NAMED_UNIT ( * ) SI_UNIT ( $, .STERADIAN. ) SOLID_ANGLE_UNIT ( ) );
#1059 = FILL_AREA_STYLE_COLOUR ( '', #130 ) ;
#1060 = DIRECTION ( 'NONE',  ( -1.000000000000000000, 0.0000000000000000000, -0.0000000000000000000 ) ) ;
#1061 = STYLED_ITEM ( 'NONE', ( #1709 ), #478 ) ;
#1062 = VECTOR ( 'NONE', #1227, 1000.000000000000000 ) ;
#1063 =( NAMED_UNIT ( * ) PLANE_ANGLE_UNIT ( ) SI_UNIT ( $, .RADIAN. ) );
#1064 = LINE ( 'NONE', #384, #1827 ) ;
#1065 = DIRECTION ( 'NONE',  ( 0.0000000000000000000, 0.0000000000000000000, -1.000000000000000000 ) ) ;
#1066 = SHAPE_DEFINITION_REPRESENTATION ( #200, #1737 ) ;
#1067 =( LENGTH_UNIT ( ) NAMED_UNIT ( * ) SI_UNIT ( .MILLI., .METRE. ) );
#1068 = ADVANCED_FACE ( 'NONE', ( #1626 ), #1887, .F. ) ;
#1069 = STYLED_ITEM ( 'NONE', ( #1741 ), #1194 ) ;
#1070 = EDGE_CURVE ( 'NONE', #1683, #1899, #1476, .T. ) ;
#1071 = AXIS2_PLACEMENT_3D ( 'NONE', #334, #1689, #1530 ) ;
#1072 = ORIENTED_EDGE ( 'NONE', *, *, #887, .F. ) ;
#1073 = SURFACE_SIDE_STYLE ('',( #1077 ) ) ;
#1074 = ORIENTED_EDGE ( 'NONE', *, *, #456, .T. ) ;
#1075 =( NAMED_UNIT ( * ) SI_UNIT ( $, .STERADIAN. ) SOLID_ANGLE_UNIT ( ) );
#1076 = VERTEX_POINT ( 'NONE', #1115 ) ;
#1077 = SURFACE_STYLE_FILL_AREA ( #26 ) ;
#1078 = CARTESIAN_POINT ( 'NONE',  ( 11.70000000000000300, 0.1999999999999996500, -3.000000000000000900 ) ) ;
#1079 = CARTESIAN_POINT ( 'NONE',  ( 11.00000000000000200, -1.000000000000000000, -0.5999999999999947600 ) ) ;
#1080 = DIRECTION ( 'NONE',  ( 1.000000000000000000, 0.0000000000000000000, -0.0000000000000000000 ) ) ;
#1081 = CIRCLE ( 'NONE', #1736, 2.500000000000000400 ) ;
#1082 =( GEOMETRIC_REPRESENTATION_CONTEXT ( 3 ) GLOBAL_UNCERTAINTY_ASSIGNED_CONTEXT ( ( #1514 ) ) GLOBAL_UNIT_ASSIGNED_CONTEXT ( ( #447, #1499, #599 ) ) REPRESENTATION_CONTEXT ( 'NONE', 'WORKASPACE' ) );
#1083 = EDGE_CURVE ( 'NONE', #742, #1796, #676, .T. ) ;
#1084 = DIRECTION ( 'NONE',  ( -0.0000000000000000000, 1.000000000000000000, -0.0000000000000000000 ) ) ;
#1085 = FACE_OUTER_BOUND ( 'NONE', #730, .T. ) ;
#1086 = DIRECTION ( 'NONE',  ( 0.0000000000000000000, 1.000000000000000000, 0.0000000000000000000 ) ) ;
#1087 =( GEOMETRIC_REPRESENTATION_CONTEXT ( 3 ) GLOBAL_UNCERTAINTY_ASSIGNED_CONTEXT ( ( #794 ) ) GLOBAL_UNIT_ASSIGNED_CONTEXT ( ( #366, #1408, #518 ) ) REPRESENTATION_CONTEXT ( 'NONE', 'WORKASPACE' ) );
#1088 = LINE ( 'NONE', #1570, #1862 ) ;
#1089 = LINE ( 'NONE', #1269, #700 ) ;
#1090 =( NAMED_UNIT ( * ) SI_UNIT ( $, .STERADIAN. ) SOLID_ANGLE_UNIT ( ) );
#1091 = CARTESIAN_POINT ( 'NONE',  ( 10.70000000000000100, 0.2000000000000000100, 4.500000000000000900 ) ) ;
#1092 = LINE ( 'NONE', #1022, #702 ) ;
#1093 = DIRECTION ( 'NONE',  ( 0.0000000000000000000, 0.0000000000000000000, -1.000000000000000000 ) ) ;
#1094 = SURFACE_STYLE_USAGE ( .BOTH. , #49 ) ;
#1095 = EDGE_CURVE ( 'NONE', #984, #1793, #1892, .T. ) ;
#1096 = ORIENTED_EDGE ( 'NONE', *, *, #1263, .T. ) ;
#1097 = ORIENTED_EDGE ( 'NONE', *, *, #1917, .F. ) ;
#1098 =( NAMED_UNIT ( * ) SI_UNIT ( $, .STERADIAN. ) SOLID_ANGLE_UNIT ( ) );
#1099 = VERTEX_POINT ( 'NONE', #971 ) ;
#1100 =( NAMED_UNIT ( * ) PLANE_ANGLE_UNIT ( ) SI_UNIT ( $, .RADIAN. ) );
#1101 = DIRECTION ( 'NONE',  ( 1.000000000000000000, -0.0000000000000000000, -0.0000000000000000000 ) ) ;
#1102 = UNCERTAINTY_MEASURE_WITH_UNIT (LENGTH_MEASURE( 1.000000000000000100E-005 ), #793, 'distance_accuracy_value', 'NONE');
#1103 = SURFACE_STYLE_USAGE ( .BOTH. , #56 ) ;
#1104 = SURFACE_STYLE_FILL_AREA ( #1714 ) ;
#1105 = CARTESIAN_POINT ( 'NONE',  ( 4.000000000000001800, -1.000000000000000000, 0.7500000000000002200 ) ) ;
#1106 = VECTOR ( 'NONE', #197, 1000.000000000000100 ) ;
#1107 = FILL_AREA_STYLE ('',( #808 ) ) ;
#1108 = PRESENTATION_LAYER_ASSIGNMENT (  '', '', ( #905 ) ) ;
#1109 = SURFACE_STYLE_USAGE ( .BOTH. , #68 ) ;
#1110 = PLANE ( 'NONE',  #462 ) ;
#1111 = CARTESIAN_POINT ( 'NONE',  ( 9.700000000000001100, -0.01000000000000000000, 4.500000000000000900 ) ) ;
#1112 = PRESENTATION_LAYER_ASSIGNMENT (  '', '', ( #1204 ) ) ;
#1113 = CIRCLE ( 'NONE', #1339, 0.5999999999999947600 ) ;
#1114 = CARTESIAN_POINT ( 'NONE',  ( 14.50000000000000000, 3.793732670585586200E-015, 3.000000000000000900 ) ) ;
#1115 = CARTESIAN_POINT ( 'NONE',  ( 17.00000000000000000, 2.500000000000004000, -2.150000000000000400 ) ) ;
#1116 = SURFACE_SIDE_STYLE ('',( #1043 ) ) ;
#1117 = SURFACE_STYLE_FILL_AREA ( #453 ) ;
#1118 = PLANE ( 'NONE',  #853 ) ;
#1119 = DIRECTION ( 'NONE',  ( 1.000000000000000000, 0.0000000000000000000, 0.0000000000000000000 ) ) ;
#1120 = VECTOR ( 'NONE', #1766, 1000.000000000000000 ) ;
#1121 = ORIENTED_EDGE ( 'NONE', *, *, #1070, .F. ) ;
#1122 = CARTESIAN_POINT ( 'NONE',  ( 12.50000000000000000, -0.01000000000000000000, -4.500000000000001800 ) ) ;
#1123 = ORIENTED_EDGE ( 'NONE', *, *, #998, .T. ) ;
#1124 = EDGE_CURVE ( 'NONE', #422, #742, #719, .T. ) ;
#1125 = VERTEX_POINT ( 'NONE', #1742 ) ;
#1126 =( NAMED_UNIT ( * ) SI_UNIT ( $, .STERADIAN. ) SOLID_ANGLE_UNIT ( ) );
#1127 = ORIENTED_EDGE ( 'NONE', *, *, #1479, .T. ) ;
#1128 =( LENGTH_UNIT ( ) NAMED_UNIT ( * ) SI_UNIT ( .MILLI., .METRE. ) );
#1129 = DIRECTION ( 'NONE',  ( 0.0000000000000000000, 0.0000000000000000000, 1.000000000000000000 ) ) ;
#1130 =( GEOMETRIC_REPRESENTATION_CONTEXT ( 3 ) GLOBAL_UNCERTAINTY_ASSIGNED_CONTEXT ( ( #938 ) ) GLOBAL_UNIT_ASSIGNED_CONTEXT ( ( #1226, #331, #1372 ) ) REPRESENTATION_CONTEXT ( 'NONE', 'WORKASPACE' ) );
#1131 = FACE_OUTER_BOUND ( 'NONE', #476, .T. ) ;
#1132 = ORIENTED_EDGE ( 'NONE', *, *, #1933, .T. ) ;
#1133 = CARTESIAN_POINT ( 'NONE',  ( 12.50000000000000000, -0.01000000000000000000, -2.424999999999999800 ) ) ;
#1134 = DIRECTION ( 'NONE',  ( 1.000000000000000000, 0.0000000000000000000, 0.0000000000000000000 ) ) ;
#1135 = FILL_AREA_STYLE_COLOUR ( '', #846 ) ;
#1136 = MECHANICAL_DESIGN_GEOMETRIC_PRESENTATION_REPRESENTATION (  '', ( #833 ), #1234 ) ;
#1137 = EDGE_CURVE ( 'NONE', #144, #101, #1064, .T. ) ;
#1138 = CARTESIAN_POINT ( 'NONE',  ( 0.0000000000000000000, 2.500000000000004400, 1.800000000000000000 ) ) ;
#1139 = CARTESIAN_POINT ( 'NONE',  ( 14.50000000000000000, 3.793732670585586200E-015, 3.000000000000000900 ) ) ;
#1140 = COLOUR_RGB ( '',0.2509803921568627400, 0.2509803921568627400, 0.2509803921568627400 ) ;
#1141 = DIRECTION ( 'NONE',  ( -0.0000000000000000000, 1.000000000000000000, -0.0000000000000000000 ) ) ;
#1142 = VECTOR ( 'NONE', #69, 1000.000000000000000 ) ;
#1143 = DIRECTION ( 'NONE',  ( 0.8660254037844407100, 6.123233995736722900E-017, 0.4999999999999963900 ) ) ;
#1144 = CARTESIAN_POINT ( 'NONE',  ( 12.50000000000000000, 0.2000000000000000100, -2.424999999999999800 ) ) ;
#1145 = LINE ( 'NONE', #1561, #1919 ) ;
#1146 = CARTESIAN_POINT ( 'NONE',  ( 4.000000000000001800, -1.000000000000000000, 0.0000000000000000000 ) ) ;
#1147 = UNCERTAINTY_MEASURE_WITH_UNIT (LENGTH_MEASURE( 1.000000000000000100E-005 ), #949, 'distance_accuracy_value', 'NONE');
#1148 = MECHANICAL_DESIGN_GEOMETRIC_PRESENTATION_REPRESENTATION (  '', ( #151 ), #1245 ) ;
#1149 = ORIENTED_EDGE ( 'NONE', *, *, #235, .F. ) ;
#1150 = ORIENTED_EDGE ( 'NONE', *, *, #1743, .F. ) ;
#1151 =( NAMED_UNIT ( * ) PLANE_ANGLE_UNIT ( ) SI_UNIT ( $, .RADIAN. ) );
#1152 = ORIENTED_EDGE ( 'NONE', *, *, #1164, .F. ) ;
#1153 = PLANE ( 'NONE',  #721 ) ;
#1154 =( GEOMETRIC_REPRESENTATION_CONTEXT ( 3 ) GLOBAL_UNCERTAINTY_ASSIGNED_CONTEXT ( ( #128 ) ) GLOBAL_UNIT_ASSIGNED_CONTEXT ( ( #839, #679, #674 ) ) REPRESENTATION_CONTEXT ( 'NONE', 'WORKASPACE' ) );
#1155 = CARTESIAN_POINT ( 'NONE',  ( 16.39378221735088900, 2.500000000000004000, -1.800000000000000000 ) ) ;
#1156 = CIRCLE ( 'NONE', #1681, 1.800000000000000000 ) ;
#1157 = SURFACE_STYLE_USAGE ( .BOTH. , #377 ) ;
#1158 = FILL_AREA_STYLE_COLOUR ( '', #842 ) ;
#1159 =( NAMED_UNIT ( * ) PLANE_ANGLE_UNIT ( ) SI_UNIT ( $, .RADIAN. ) );
#1160 = CARTESIAN_POINT ( 'NONE',  ( 17.00000000000000000, 2.500000000000004400, 2.150000000000000400 ) ) ;
#1161 = VECTOR ( 'NONE', #1213, 1000.000000000000000 ) ;
#1162 = STYLED_ITEM ( 'NONE', ( #1454 ), #1527 ) ;
#1163 = DIRECTION ( 'NONE',  ( 0.0000000000000000000, 0.0000000000000000000, -1.000000000000000000 ) ) ;
#1164 = EDGE_CURVE ( 'NONE', #423, #1655, #1017, .T. ) ;
#1165 = CARTESIAN_POINT ( 'NONE',  ( 11.70000000000000300, 0.2000000000000000100, -4.500000000000001800 ) ) ;
#1166 = UNCERTAINTY_MEASURE_WITH_UNIT (LENGTH_MEASURE( 1.000000000000000100E-005 ), #1662, 'distance_accuracy_value', 'NONE');
#1167 = COLOUR_RGB ( '',0.7529411764705882200, 0.7529411764705882200, 0.7529411764705882200 ) ;
#1168 = UNCERTAINTY_MEASURE_WITH_UNIT (LENGTH_MEASURE( 1.000000000000000100E-005 ), #1447, 'distance_accuracy_value', 'NONE');
#1169 = AXIS2_PLACEMENT_3D ( 'NONE', #1369, #1223, #757 ) ;
#1170 = DIRECTION ( 'NONE',  ( -1.000000000000000000, 0.0000000000000000000, -0.0000000000000000000 ) ) ;
#1171 = SURFACE_STYLE_FILL_AREA ( #1598 ) ;
#1172 = CIRCLE ( 'NONE', #1193, 0.7500000000000002200 ) ;
#1173 = ORIENTED_EDGE ( 'NONE', *, *, #1676, .T. ) ;
#1174 = ORIENTED_EDGE ( 'NONE', *, *, #456, .F. ) ;
#1175 = ORIENTED_EDGE ( 'NONE', *, *, #637, .F. ) ;
#1176 = EDGE_LOOP ( 'NONE', ( #590, #1319, #958, #1189, #870, #1350 ) ) ;
#1177 = PRESENTATION_LAYER_ASSIGNMENT (  '', '', ( #1069 ) ) ;
#1178 = EDGE_CURVE ( 'NONE', #728, #1027, #228, .T. ) ;
#1179 = ORIENTED_EDGE ( 'NONE', *, *, #1184, .F. ) ;
#1180 = STYLED_ITEM ( 'NONE', ( #1469 ), #322 ) ;
#1181 = FILL_AREA_STYLE ('',( #1954 ) ) ;
#1182 = COLOUR_RGB ( '',0.2509803921568627400, 0.2509803921568627400, 0.2509803921568627400 ) ;
#1183 = PRESENTATION_LAYER_ASSIGNMENT (  '', '', ( #1291 ) ) ;
#1184 = EDGE_CURVE ( 'NONE', #140, #1577, #1367, .T. ) ;
#1185 = VECTOR ( 'NONE', #1255, 1000.000000000000000 ) ;
#1186 = DIRECTION ( 'NONE',  ( 0.0000000000000000000, 0.0000000000000000000, -1.000000000000000000 ) ) ;
#1187 = LINE ( 'NONE', #661, #1596 ) ;
#1188 = CYLINDRICAL_SURFACE ( 'NONE', #752, 1.800000000000000000 ) ;
#1189 = ORIENTED_EDGE ( 'NONE', *, *, #1676, .F. ) ;
#1190 = EDGE_LOOP ( 'NONE', ( #1478, #400, #1210, #1410 ) ) ;
#1191 = FILL_AREA_STYLE ('',( #1956 ) ) ;
#1192 = ORIENTED_EDGE ( 'NONE', *, *, #127, .T. ) ;
#1193 = AXIS2_PLACEMENT_3D ( 'NONE', #558, #1607, #697 ) ;
#1194 = ADVANCED_FACE ( 'NONE', ( #581 ), #985, .T. ) ;
#1195 = EDGE_CURVE ( 'NONE', #1552, #1963, #1591, .T. ) ;
#1196 = DIRECTION ( 'NONE',  ( 0.0000000000000000000, 0.7071067811865460200, 0.7071067811865490200 ) ) ;
#1197 = LINE ( 'NONE', #616, #1161 ) ;
#1198 = LINE ( 'NONE', #1002, #802 ) ;
#1199 = PLANE ( 'NONE',  #716 ) ;
#1200 = FILL_AREA_STYLE_COLOUR ( '', #1746 ) ;
#1201 = ADVANCED_FACE ( 'NONE', ( #782 ), #559, .F. ) ;
#1202 = MECHANICAL_DESIGN_GEOMETRIC_PRESENTATION_REPRESENTATION (  '', ( #905 ), #1318 ) ;
#1203 = FILL_AREA_STYLE_COLOUR ( '', #751 ) ;
#1204 = STYLED_ITEM ( 'NONE', ( #1225 ), #172 ) ;
#1205 = CARTESIAN_POINT ( 'NONE',  ( 10.70000000000000100, 0.1999999999999996500, 3.000000000000000900 ) ) ;
#1206 = CARTESIAN_POINT ( 'NONE',  ( 12.50000000000000000, 0.2000000000000000100, -2.424999999999999800 ) ) ;
#1207 = CARTESIAN_POINT ( 'NONE',  ( 16.65000000000000200, 2.500000000000004000, 2.500000000000000400 ) ) ;
#1208 = COLOUR_RGB ( '',0.7529411764705882200, 0.7529411764705882200, 0.7529411764705882200 ) ;
#1209 = VECTOR ( 'NONE', #243, 1000.000000000000200 ) ;
#1210 = ORIENTED_EDGE ( 'NONE', *, *, #224, .F. ) ;
#1211 = ORIENTED_EDGE ( 'NONE', *, *, #398, .F. ) ;
#1212 = ADVANCED_FACE ( 'NONE', ( #1446 ), #859, .T. ) ;
#1213 = DIRECTION ( 'NONE',  ( 0.0000000000000000000, 0.0000000000000000000, 1.000000000000000000 ) ) ;
#1214 = ORIENTED_EDGE ( 'NONE', *, *, #1330, .T. ) ;
#1215 = ORIENTED_EDGE ( 'NONE', *, *, #1584, .F. ) ;
#1216 = CARTESIAN_POINT ( 'NONE',  ( 14.50000000000000000, 3.793732670585586200E-015, -2.424999999999999400 ) ) ;
#1217 =( NAMED_UNIT ( * ) SI_UNIT ( $, .STERADIAN. ) SOLID_ANGLE_UNIT ( ) );
#1218 = VERTEX_POINT ( 'NONE', #1207 ) ;
#1219 = DIRECTION ( 'NONE',  ( 0.0000000000000000000, 1.000000000000000000, 0.0000000000000000000 ) ) ;
#1220 = FACE_OUTER_BOUND ( 'NONE', #937, .T. ) ;
#1221 = STYLED_ITEM ( 'NONE', ( #1649 ), #1685 ) ;
#1222 = PRESENTATION_STYLE_ASSIGNMENT (( #657 ) ) ;
#1223 = DIRECTION ( 'NONE',  ( 0.0000000000000000000, 0.0000000000000000000, 1.000000000000000000 ) ) ;
#1224 = EDGE_CURVE ( 'NONE', #1297, #469, #1719, .T. ) ;
#1225 = PRESENTATION_STYLE_ASSIGNMENT (( #785 ) ) ;
#1226 =( LENGTH_UNIT ( ) NAMED_UNIT ( * ) SI_UNIT ( .MILLI., .METRE. ) );
#1227 = DIRECTION ( 'NONE',  ( -1.000000000000000000, -0.0000000000000000000, -0.0000000000000000000 ) ) ;
#1228 = AXIS2_PLACEMENT_3D ( 'NONE', #499, #1547, #647 ) ;
#1229 = CYLINDRICAL_SURFACE ( 'NONE', #203, 0.7500000000000002200 ) ;
#1230 = DIRECTION ( 'NONE',  ( -0.0000000000000000000, 1.000000000000000000, 1.734723475976807100E-016 ) ) ;
#1231 = FILL_AREA_STYLE_COLOUR ( '', #884 ) ;
#1232 = DIRECTION ( 'NONE',  ( 0.0000000000000000000, -1.000000000000000000, -0.0000000000000000000 ) ) ;
#1233 = DIRECTION ( 'NONE',  ( 0.0000000000000000000, 0.0000000000000000000, -1.000000000000000000 ) ) ;
#1234 =( GEOMETRIC_REPRESENTATION_CONTEXT ( 3 ) GLOBAL_UNCERTAINTY_ASSIGNED_CONTEXT ( ( #1806 ) ) GLOBAL_UNIT_ASSIGNED_CONTEXT ( ( #1067, #177, #1217 ) ) REPRESENTATION_CONTEXT ( 'NONE', 'WORKASPACE' ) );
#1235 = EDGE_CURVE ( 'NONE', #1899, #189, #899, .T. ) ;
#1236 = FILL_AREA_STYLE_COLOUR ( '', #693 ) ;
#1237 = DIRECTION ( 'NONE',  ( 0.0000000000000000000, 0.0000000000000000000, -1.000000000000000000 ) ) ;
#1238 = ORIENTED_EDGE ( 'NONE', *, *, #918, .T. ) ;
#1239 = CARTESIAN_POINT ( 'NONE',  ( 3.550000000000002900, 3.793732670585586200E-015, 3.000000000000000900 ) ) ;
#1240 = ORIENTED_EDGE ( 'NONE', *, *, #637, .T. ) ;
#1241 = ORIENTED_EDGE ( 'NONE', *, *, #865, .T. ) ;
#1242 = FACE_OUTER_BOUND ( 'NONE', #1270, .T. ) ;
#1243 = DIRECTION ( 'NONE',  ( 0.0000000000000000000, 0.0000000000000000000, 1.000000000000000000 ) ) ;
#1244 = DIRECTION ( 'NONE',  ( 1.000000000000000000, 0.0000000000000000000, -0.0000000000000000000 ) ) ;
#1245 =( GEOMETRIC_REPRESENTATION_CONTEXT ( 3 ) GLOBAL_UNCERTAINTY_ASSIGNED_CONTEXT ( ( #246 ) ) GLOBAL_UNIT_ASSIGNED_CONTEXT ( ( #1437, #546, #1592 ) ) REPRESENTATION_CONTEXT ( 'NONE', 'WORKASPACE' ) );
#1246 =( NAMED_UNIT ( * ) PLANE_ANGLE_UNIT ( ) SI_UNIT ( $, .RADIAN. ) );
#1247 = STYLED_ITEM ( 'NONE', ( #9 ), #1737 ) ;
#1248 = CYLINDRICAL_SURFACE ( 'NONE', #116, 0.7500000000000003300 ) ;
#1249 = CARTESIAN_POINT ( 'NONE',  ( 14.50000000000000000, 5.000000000000003600, -3.000000000000000000 ) ) ;
#1250 =( NAMED_UNIT ( * ) SI_UNIT ( $, .STERADIAN. ) SOLID_ANGLE_UNIT ( ) );
#1251 =( NAMED_UNIT ( * ) PLANE_ANGLE_UNIT ( ) SI_UNIT ( $, .RADIAN. ) );
#1252 = ADVANCED_FACE ( 'NONE', ( #1254 ), #1939, .T. ) ;
#1253 = CARTESIAN_POINT ( 'NONE',  ( 12.50000000000000000, -0.01000000000000000000, -2.424999999999999800 ) ) ;
#1254 = FACE_OUTER_BOUND ( 'NONE', #330, .T. ) ;
#1255 = DIRECTION ( 'NONE',  ( -0.0000000000000000000, 1.000000000000000000, -0.0000000000000000000 ) ) ;
#1256 = VECTOR ( 'NONE', #74, 1000.000000000000000 ) ;
#1257 = SURFACE_STYLE_USAGE ( .BOTH. , #217 ) ;
#1258 = PRESENTATION_STYLE_ASSIGNMENT (( #1344 ) ) ;
#1259 =( NAMED_UNIT ( * ) PLANE_ANGLE_UNIT ( ) SI_UNIT ( $, .RADIAN. ) );
#1260 = AXIS2_PLACEMENT_3D ( 'NONE', #126, #1170, #278 ) ;
#1261 = LINE ( 'NONE', #687, #866 ) ;
#1262 = DIRECTION ( 'NONE',  ( -1.000000000000000000, 0.0000000000000000000, 0.0000000000000000000 ) ) ;
#1263 = EDGE_CURVE ( 'NONE', #189, #422, #718, .T. ) ;
#1264 = CARTESIAN_POINT ( 'NONE',  ( 9.700000000000001100, 3.793732670585586200E-015, 2.424999999999999800 ) ) ;
#1265 = VECTOR ( 'NONE', #1880, 1000.000000000000000 ) ;
#1266 = ORIENTED_EDGE ( 'NONE', *, *, #1917, .T. ) ;
#1267 = ORIENTED_EDGE ( 'NONE', *, *, #386, .T. ) ;
#1268 = DIRECTION ( 'NONE',  ( -1.000000000000000000, -0.0000000000000000000, -0.0000000000000000000 ) ) ;
#1269 = CARTESIAN_POINT ( 'NONE',  ( 14.50000000000000000, 3.793732670585586200E-015, 2.424999999999999800 ) ) ;
#1270 = EDGE_LOOP ( 'NONE', ( #1637, #821, #19, #1794 ) ) ;
#1271 = PRESENTATION_LAYER_ASSIGNMENT (  '', '', ( #1061 ) ) ;
#1272 = ORIENTED_EDGE ( 'NONE', *, *, #100, .F. ) ;
#1273 = SURFACE_SIDE_STYLE ('',( #862 ) ) ;
#1274 =( LENGTH_UNIT ( ) NAMED_UNIT ( * ) SI_UNIT ( .MILLI., .METRE. ) );
#1275 = CLOSED_SHELL ( 'NONE', ( #600, #172, #1345, #57, #478, #607, #1508, #1804, #1038, #750, #150, #1201, #1685, #450, #1056, #1527, #156, #1252, #315, #738, #15, #659, #1049, #322, #1965, #7, #910, #1212, #917, #1349, #900, #1194, #1068, #1826, #1659, #758, #1496, #1359, #306, #1516, #1671, #461, #1815 ) ) ;
#1276 = CONICAL_SURFACE ( 'NONE', #1622, 0.5999999999999946500, 0.7853981633974505000 ) ;
#1277 = CARTESIAN_POINT ( 'NONE',  ( 14.50000000000000000, 5.000000000000003600, 3.000000000000000000 ) ) ;
#1278 = MECHANICAL_DESIGN_GEOMETRIC_PRESENTATION_REPRESENTATION (  '', ( #1069 ), #1366 ) ;
#1279 = COLOUR_RGB ( '',0.2509803921568627400, 0.2509803921568627400, 0.2509803921568627400 ) ;
#1280 = DIRECTION ( 'NONE',  ( 0.0000000000000000000, -1.000000000000000000, -1.734723475976807600E-016 ) ) ;
#1281 = EDGE_CURVE ( 'NONE', #215, #101, #1515, .T. ) ;
#1282 = APPLICATION_PROTOCOL_DEFINITION ( 'draft international standard', 'automotive_design', 1998, #1426 ) ;
#1283 = PRESENTATION_LAYER_ASSIGNMENT (  '', '', ( #1180 ) ) ;
#1284 = SURFACE_SIDE_STYLE ('',( #300 ) ) ;
#1285 = CARTESIAN_POINT ( 'NONE',  ( 4.000000000000001800, -1.000000000000000000, -0.7500000000000002200 ) ) ;
#1286 = PRESENTATION_STYLE_ASSIGNMENT (( #1094 ) ) ;
#1287 = COLOUR_RGB ( '',0.2509803921568627400, 0.2509803921568627400, 0.2509803921568627400 ) ;
#1288 = FILL_AREA_STYLE ('',( #536 ) ) ;
#1289 = SURFACE_SIDE_STYLE ('',( #1722 ) ) ;
#1290 = FILL_AREA_STYLE_COLOUR ( '', #1182 ) ;
#1291 = STYLED_ITEM ( 'NONE', ( #1894 ), #1815 ) ;
#1292 = CARTESIAN_POINT ( 'NONE',  ( 10.70000000000000100, 0.2000000000000000100, 4.500000000000000900 ) ) ;
#1293 = UNCERTAINTY_MEASURE_WITH_UNIT (LENGTH_MEASURE( 1.000000000000000100E-005 ), #1429, 'distance_accuracy_value', 'NONE');
#1294 = EDGE_CURVE ( 'NONE', #1793, #984, #1113, .T. ) ;
#1295 = VERTEX_POINT ( 'NONE', #332 ) ;
#1296 = ORIENTED_EDGE ( 'NONE', *, *, #1534, .T. ) ;
#1297 = VERTEX_POINT ( 'NONE', #27 ) ;
#1298 = AXIS2_PLACEMENT_3D ( 'NONE', #532, #1582, #680 ) ;
#1299 = CIRCLE ( 'NONE', #1333, 2.500000000000000400 ) ;
#1300 = DIRECTION ( 'NONE',  ( 1.000000000000000000, 0.0000000000000000000, -0.0000000000000000000 ) ) ;
#1301 = DIRECTION ( 'NONE',  ( 0.0000000000000000000, 0.0000000000000000000, -1.000000000000000000 ) ) ;
#1302 = FACE_OUTER_BOUND ( 'NONE', #980, .T. ) ;
#1303 = DIRECTION ( 'NONE',  ( 0.0000000000000000000, -1.000000000000000000, 0.0000000000000000000 ) ) ;
#1304 = CARTESIAN_POINT ( 'NONE',  ( 14.50000000000000000, 3.793732670585586200E-015, 3.000000000000000900 ) ) ;
#1305 = AXIS2_PLACEMENT_3D ( 'NONE', #358, #1402, #511 ) ;
#1306 = SURFACE_SIDE_STYLE ('',( #374 ) ) ;
#1307 = EDGE_CURVE ( 'NONE', #609, #704, #1889, .T. ) ;
#1308 = DIRECTION ( 'NONE',  ( 0.0000000000000000000, 0.0000000000000000000, -1.000000000000000000 ) ) ;
#1309 = VECTOR ( 'NONE', #619, 1000.000000000000000 ) ;
#1310 = DIRECTION ( 'NONE',  ( 0.0000000000000000000, 0.0000000000000000000, -1.000000000000000000 ) ) ;
#1311 = FILL_AREA_STYLE_COLOUR ( '', #1376 ) ;
#1312 = COLOUR_RGB ( '',0.7529411764705882200, 0.7529411764705882200, 0.7529411764705882200 ) ;
#1313 = DIRECTION ( 'NONE',  ( 0.0000000000000000000, 0.0000000000000000000, 1.000000000000000000 ) ) ;
#1314 = UNCERTAINTY_MEASURE_WITH_UNIT (LENGTH_MEASURE( 1.000000000000000100E-005 ), #879, 'distance_accuracy_value', 'NONE');
#1315 = CIRCLE ( 'NONE', #1780, 2.500000000000000400 ) ;
#1316 = APPLICATION_CONTEXT ( 'automotive_design' ) ;
#1317 = UNCERTAINTY_MEASURE_WITH_UNIT (LENGTH_MEASURE( 1.000000000000000100E-005 ), #369, 'distance_accuracy_value', 'NONE');
#1318 =( GEOMETRIC_REPRESENTATION_CONTEXT ( 3 ) GLOBAL_UNCERTAINTY_ASSIGNED_CONTEXT ( ( #445 ) ) GLOBAL_UNIT_ASSIGNED_CONTEXT ( ( #211, #1251, #361 ) ) REPRESENTATION_CONTEXT ( 'NONE', 'WORKASPACE' ) );
#1319 = ORIENTED_EDGE ( 'NONE', *, *, #31, .T. ) ;
#1320 = ORIENTED_EDGE ( 'NONE', *, *, #835, .T. ) ;
#1321 = ORIENTED_EDGE ( 'NONE', *, *, #622, .T. ) ;
#1322 = ORIENTED_EDGE ( 'NONE', *, *, #588, .F. ) ;
#1323 = FILL_AREA_STYLE ('',( #1472 ) ) ;
#1324 = AXIS2_PLACEMENT_3D ( 'NONE', #344, #1101, #1093 ) ;
#1325 = ORIENTED_EDGE ( 'NONE', *, *, #1471, .T. ) ;
#1326 = FILL_AREA_STYLE_COLOUR ( '', #1048 ) ;
#1327 = CIRCLE ( 'NONE', #1723, 0.7500000000000003300 ) ;
#1328 = CARTESIAN_POINT ( 'NONE',  ( 14.50000000000000000, 5.000000000000003600, 3.000000000000000000 ) ) ;
#1329 = AXIS2_PLACEMENT_3D ( 'NONE', #1938, #1010, #119 ) ;
#1330 = EDGE_CURVE ( 'NONE', #1218, #1700, #673, .T. ) ;
#1331 = DIRECTION ( 'NONE',  ( 0.0000000000000000000, -1.000000000000000000, 0.0000000000000000000 ) ) ;
#1332 = FACE_BOUND ( 'NONE', #615, .T. ) ;
#1333 = AXIS2_PLACEMENT_3D ( 'NONE', #641, #1697, #783 ) ;
#1334 = CIRCLE ( 'NONE', #593, 2.150000000000000400 ) ;
#1335 = SURFACE_STYLE_USAGE ( .BOTH. , #289 ) ;
#1336 = ORIENTED_EDGE ( 'NONE', *, *, #1503, .F. ) ;
#1337 = VERTEX_POINT ( 'NONE', #1078 ) ;
#1338 = ORIENTED_EDGE ( 'NONE', *, *, #1195, .F. ) ;
#1339 = AXIS2_PLACEMENT_3D ( 'NONE', #486, #1537, #632 ) ;
#1340 = EDGE_CURVE ( 'NONE', #269, #1578, #621, .T. ) ;
#1341 = ORIENTED_EDGE ( 'NONE', *, *, #337, .T. ) ;
#1342 = ORIENTED_EDGE ( 'NONE', *, *, #699, .T. ) ;
#1343 = SURFACE_STYLE_FILL_AREA ( #1707 ) ;
#1344 = SURFACE_STYLE_USAGE ( .BOTH. , #299 ) ;
#1345 = ADVANCED_FACE ( 'NONE', ( #279 ), #1229, .T. ) ;
#1346 = UNCERTAINTY_MEASURE_WITH_UNIT (LENGTH_MEASURE( 1.000000000000000100E-005 ), #843, 'distance_accuracy_value', 'NONE');
#1347 = PRESENTATION_LAYER_ASSIGNMENT (  '', '', ( #1247 ) ) ;
#1348 = STYLED_ITEM ( 'NONE', ( #1390 ), #57 ) ;
#1349 = ADVANCED_FACE ( 'NONE', ( #487 ), #1388, .T. ) ;
#1350 = ORIENTED_EDGE ( 'NONE', *, *, #723, .T. ) ;
#1351 = ORIENTED_EDGE ( 'NONE', *, *, #1534, .F. ) ;
#1352 = DIRECTION ( 'NONE',  ( 0.0000000000000000000, 1.000000000000000000, 0.0000000000000000000 ) ) ;
#1353 = PLANE ( 'NONE',  #560 ) ;
#1354 = EDGE_LOOP ( 'NONE', ( #1481, #96, #1238, #932 ) ) ;
#1355 = PRESENTATION_LAYER_ASSIGNMENT (  '', '', ( #1162 ) ) ;
#1356 = EDGE_CURVE ( 'NONE', #164, #1810, #1913, .T. ) ;
#1357 = ORIENTED_EDGE ( 'NONE', *, *, #753, .F. ) ;
#1358 = CARTESIAN_POINT ( 'NONE',  ( 16.65000000000000200, 2.500000000000004000, 0.0000000000000000000 ) ) ;
#1359 = ADVANCED_FACE ( 'NONE', ( #1085 ), #1715, .T. ) ;
#1360 = MECHANICAL_DESIGN_GEOMETRIC_PRESENTATION_REPRESENTATION (  '', ( #1061 ), #1475 ) ;
#1361 = UNCERTAINTY_MEASURE_WITH_UNIT (LENGTH_MEASURE( 1.000000000000000100E-005 ), #1745, 'distance_accuracy_value', 'NONE');
#1362 = CARTESIAN_POINT ( 'NONE',  ( 2.050000000000002500, -0.01000000000000000000, -2.100000000000000100 ) ) ;
#1363 = DIRECTION ( 'NONE',  ( -0.0000000000000000000, 1.000000000000000000, -0.0000000000000000000 ) ) ;
#1364 = CARTESIAN_POINT ( 'NONE',  ( 16.65000000000000200, 2.500000000000004000, 0.0000000000000000000 ) ) ;
#1365 = DIRECTION ( 'NONE',  ( -0.0000000000000000000, 0.0000000000000000000, -1.000000000000000000 ) ) ;
#1366 =( GEOMETRIC_REPRESENTATION_CONTEXT ( 3 ) GLOBAL_UNCERTAINTY_ASSIGNED_CONTEXT ( ( #1346 ) ) GLOBAL_UNIT_ASSIGNED_CONTEXT ( ( #843, #1915, #991 ) ) REPRESENTATION_CONTEXT ( 'NONE', 'WORKASPACE' ) );
#1367 = CIRCLE ( 'NONE', #970, 1.800000000000000000 ) ;
#1368 = EDGE_CURVE ( 'NONE', #1404, #75, #466, .T. ) ;
#1369 = CARTESIAN_POINT ( 'NONE',  ( 3.550000000000002000, 0.2899999999999999800, -4.300000000000002500 ) ) ;
#1370 = LINE ( 'NONE', #939, #1421 ) ;
#1371 = MECHANICAL_DESIGN_GEOMETRIC_PRESENTATION_REPRESENTATION (  '', ( #1180 ), #1484 ) ;
#1372 =( NAMED_UNIT ( * ) SI_UNIT ( $, .STERADIAN. ) SOLID_ANGLE_UNIT ( ) );
#1373 = CARTESIAN_POINT ( 'NONE',  ( 14.50000000000000000, 0.1999999999999996500, 3.000000000000000900 ) ) ;
#1374 = DIRECTION ( 'NONE',  ( 0.0000000000000000000, -1.000000000000000000, -0.0000000000000000000 ) ) ;
#1375 = FILL_AREA_STYLE ('',( #1846 ) ) ;
#1376 = COLOUR_RGB ( '',0.2509803921568627400, 0.2509803921568627400, 0.2509803921568627400 ) ;
#1377 = EDGE_LOOP ( 'NONE', ( #1900, #285, #1950, #824 ) ) ;
#1378 = VERTEX_POINT ( 'NONE', #1724 ) ;
#1379 = ORIENTED_EDGE ( 'NONE', *, *, #1953, .F. ) ;
#1380 = ORIENTED_EDGE ( 'NONE', *, *, #1330, .F. ) ;
#1381 = DIRECTION ( 'NONE',  ( 0.0000000000000000000, -1.000000000000000000, 0.0000000000000000000 ) ) ;
#1382 = VERTEX_POINT ( 'NONE', #1562 ) ;
#1383 = CARTESIAN_POINT ( 'NONE',  ( 14.50000000000000000, 3.793732670585586200E-015, -2.100000000000000100 ) ) ;
#1384 = AXIS2_PLACEMENT_3D ( 'NONE', #893, #294, #743 ) ;
#1385 = EDGE_CURVE ( 'NONE', #402, #1076, #1632, .T. ) ;
#1386 = LINE ( 'NONE', #257, #596 ) ;
#1387 = CARTESIAN_POINT ( 'NONE',  ( 11.00000000000000200, -1.000000000000000000, 0.0000000000000000000 ) ) ;
#1388 = PLANE ( 'NONE',  #696 ) ;
#1389 =( NAMED_UNIT ( * ) PLANE_ANGLE_UNIT ( ) SI_UNIT ( $, .RADIAN. ) );
#1390 = PRESENTATION_STYLE_ASSIGNMENT (( #457 ) ) ;
#1391 = AXIS2_PLACEMENT_3D ( 'NONE', #670, #1730, #815 ) ;
#1392 = CARTESIAN_POINT ( 'NONE',  ( 9.700000000000001100, -0.01000000000000000000, 2.424999999999999800 ) ) ;
#1393 = UNCERTAINTY_MEASURE_WITH_UNIT (LENGTH_MEASURE( 1.000000000000000100E-005 ), #1128, 'distance_accuracy_value', 'NONE');
#1394 = FILL_AREA_STYLE_COLOUR ( '', #1507 ) ;
#1395 = CARTESIAN_POINT ( 'NONE',  ( 0.0000000000000000000, 5.000000000000003600, 3.000000000000000000 ) ) ;
#1396 =( LENGTH_UNIT ( ) NAMED_UNIT ( * ) SI_UNIT ( .MILLI., .METRE. ) );
#1397 = FACE_OUTER_BOUND ( 'NONE', #143, .T. ) ;
#1398 = STYLED_ITEM ( 'NONE', ( #1523 ), #1496 ) ;
#1399 = DIRECTION ( 'NONE',  ( 0.0000000000000000000, 0.0000000000000000000, -1.000000000000000000 ) ) ;
#1400 = EDGE_CURVE ( 'NONE', #284, #1634, #1672, .T. ) ;
#1401 = DIRECTION ( 'NONE',  ( 0.0000000000000000000, -1.000000000000000000, -1.734723475976807600E-016 ) ) ;
#1402 = DIRECTION ( 'NONE',  ( 0.0000000000000000000, 0.0000000000000000000, 1.000000000000000000 ) ) ;
#1403 = SURFACE_STYLE_USAGE ( .BOTH. , #1549 ) ;
#1404 = VERTEX_POINT ( 'NONE', #653 ) ;
#1405 = VERTEX_POINT ( 'NONE', #389 ) ;
#1406 = VERTEX_POINT ( 'NONE', #1594 ) ;
#1407 = CARTESIAN_POINT ( 'NONE',  ( 12.50000000000000000, 3.469446951953614200E-015, -3.000000000000000900 ) ) ;
#1408 =( NAMED_UNIT ( * ) PLANE_ANGLE_UNIT ( ) SI_UNIT ( $, .RADIAN. ) );
#1409 = COLOUR_RGB ( '',0.2509803921568627400, 0.2509803921568627400, 0.2509803921568627400 ) ;
#1410 = ORIENTED_EDGE ( 'NONE', *, *, #492, .F. ) ;
#1411 = CARTESIAN_POINT ( 'NONE',  ( -0.001000000000001000100, 2.500000000000004000, -1.800000000000000000 ) ) ;
#1412 = PRESENTATION_STYLE_ASSIGNMENT (( #1403 ) ) ;
#1413 = MECHANICAL_DESIGN_GEOMETRIC_PRESENTATION_REPRESENTATION (  '', ( #1204 ), #1518 ) ;
#1414 =( NAMED_UNIT ( * ) SI_UNIT ( $, .STERADIAN. ) SOLID_ANGLE_UNIT ( ) );
#1415 = CARTESIAN_POINT ( 'NONE',  ( 14.50000000000000000, 3.793732670585586200E-015, -3.000000000000000900 ) ) ;
#1416 =( LENGTH_UNIT ( ) NAMED_UNIT ( * ) SI_UNIT ( .MILLI., .METRE. ) );
#1417 = PRESENTATION_STYLE_ASSIGNMENT (( #784 ) ) ;
#1418 =( NAMED_UNIT ( * ) SI_UNIT ( $, .STERADIAN. ) SOLID_ANGLE_UNIT ( ) );
#1419 = VECTOR ( 'NONE', #234, 1000.000000000000000 ) ;
#1420 =( NAMED_UNIT ( * ) PLANE_ANGLE_UNIT ( ) SI_UNIT ( $, .RADIAN. ) );
#1421 = VECTOR ( 'NONE', #201, 1000.000000000000000 ) ;
#1422 = CARTESIAN_POINT ( 'NONE',  ( 11.70000000000000300, 3.794707603699265500E-015, -2.424999999999999800 ) ) ;
#1423 = PRESENTATION_LAYER_ASSIGNMENT (  '', '', ( #1221 ) ) ;
#1424 = SURFACE_STYLE_FILL_AREA ( #414 ) ;
#1425 = EDGE_CURVE ( 'NONE', #1897, #742, #868, .T. ) ;
#1426 = APPLICATION_CONTEXT ( 'automotive_design' ) ;
#1427 = ORIENTED_EDGE ( 'NONE', *, *, #753, .T. ) ;
#1428 = DIRECTION ( 'NONE',  ( 0.0000000000000000000, -1.000000000000000000, 0.0000000000000000000 ) ) ;
#1429 =( LENGTH_UNIT ( ) NAMED_UNIT ( * ) SI_UNIT ( .MILLI., .METRE. ) );
#1430 = EDGE_LOOP ( 'NONE', ( #1603, #892, #1946, #287, #767 ) ) ;
#1431 = AXIS2_PLACEMENT_3D ( 'NONE', #176, #1363, #1536 ) ;
#1432 = EDGE_LOOP ( 'NONE', ( #733, #326, #468, #1173 ) ) ;
#1433 = DIRECTION ( 'NONE',  ( -0.0000000000000000000, 1.000000000000000000, -0.0000000000000000000 ) ) ;
#1434 = ORIENTED_EDGE ( 'NONE', *, *, #1032, .F. ) ;
#1435 = ORIENTED_EDGE ( 'NONE', *, *, #887, .T. ) ;
#1436 = SURFACE_STYLE_FILL_AREA ( #515 ) ;
#1437 =( LENGTH_UNIT ( ) NAMED_UNIT ( * ) SI_UNIT ( .MILLI., .METRE. ) );
#1438 = AXIS2_PLACEMENT_3D ( 'NONE', #1364, #482, #1526 ) ;
#1439 = DIRECTION ( 'NONE',  ( -1.000000000000000000, -0.0000000000000000000, -0.0000000000000000000 ) ) ;
#1440 = LINE ( 'NONE', #1929, #245 ) ;
#1441 = DIRECTION ( 'NONE',  ( -1.000000000000000000, -0.0000000000000000000, -0.0000000000000000000 ) ) ;
#1442 = EDGE_CURVE ( 'NONE', #726, #1963, #421, .T. ) ;
#1443 = VECTOR ( 'NONE', #1428, 1000.000000000000000 ) ;
#1444 = DIRECTION ( 'NONE',  ( 1.000000000000000000, -0.0000000000000000000, -0.0000000000000000000 ) ) ;
#1445 = CARTESIAN_POINT ( 'NONE',  ( 16.39378221735088900, 2.500000000000004400, 1.800000000000000000 ) ) ;
#1446 = FACE_OUTER_BOUND ( 'NONE', #1777, .T. ) ;
#1447 =( LENGTH_UNIT ( ) NAMED_UNIT ( * ) SI_UNIT ( .MILLI., .METRE. ) );
#1448 = CARTESIAN_POINT ( 'NONE',  ( 14.50000000000000000, 3.903127820947816000E-015, 0.0000000000000000000 ) ) ;
#1449 = COLOUR_RGB ( '',0.2509803921568627400, 0.2509803921568627400, 0.2509803921568627400 ) ;
#1450 = PRESENTATION_STYLE_ASSIGNMENT (( #383 ) ) ;
#1451 = SURFACE_STYLE_FILL_AREA ( #1181 ) ;
#1452 = STYLED_ITEM ( 'NONE', ( #759 ), #917 ) ;
#1453 =( LENGTH_UNIT ( ) NAMED_UNIT ( * ) SI_UNIT ( .MILLI., .METRE. ) );
#1454 = PRESENTATION_STYLE_ASSIGNMENT (( #1785 ) ) ;
#1455 = DIRECTION ( 'NONE',  ( 0.0000000000000000000, -1.734723475976807600E-016, -1.000000000000000000 ) ) ;
#1456 = MECHANICAL_DESIGN_GEOMETRIC_PRESENTATION_REPRESENTATION (  '', ( #1247 ), #1558 ) ;
#1457 = SURFACE_STYLE_USAGE ( .BOTH. , #407 ) ;
#1458 = AXIS2_PLACEMENT_3D ( 'NONE', #404, #1303, #1587 ) ;
#1459 = UNCERTAINTY_MEASURE_WITH_UNIT (LENGTH_MEASURE( 1.000000000000000100E-005 ), #1851, 'distance_accuracy_value', 'NONE');
#1460 = EDGE_LOOP ( 'NONE', ( #22, #1211, #552, #1006 ) ) ;
#1461 = DIRECTION ( 'NONE',  ( -1.000000000000000000, 0.0000000000000000000, 0.0000000000000000000 ) ) ;
#1462 = ORIENTED_EDGE ( 'NONE', *, *, #531, .T. ) ;
#1463 = EDGE_LOOP ( 'NONE', ( #1735, #796, #139, #1533 ) ) ;
#1464 = DIRECTION ( 'NONE',  ( 1.000000000000000000, 0.0000000000000000000, 0.0000000000000000000 ) ) ;
#1465 = DIRECTION ( 'NONE',  ( 1.000000000000000000, 0.0000000000000000000, 0.0000000000000000000 ) ) ;
#1466 = DIRECTION ( 'NONE',  ( -1.000000000000000000, 0.0000000000000000000, -0.0000000000000000000 ) ) ;
#1467 = SURFACE_SIDE_STYLE ('',( #1424 ) ) ;
#1468 = VECTOR ( 'NONE', #310, 1000.000000000000000 ) ;
#1469 = PRESENTATION_STYLE_ASSIGNMENT (( #922 ) ) ;
#1470 = MECHANICAL_DESIGN_GEOMETRIC_PRESENTATION_REPRESENTATION (  '', ( #1162 ), #1567 ) ;
#1471 = EDGE_CURVE ( 'NONE', #681, #1655, #1172, .T. ) ;
#1472 = FILL_AREA_STYLE_COLOUR ( '', #1287 ) ;
#1473 = DIRECTION ( 'NONE',  ( 1.000000000000000000, 0.0000000000000000000, 0.0000000000000000000 ) ) ;
#1474 = VECTOR ( 'NONE', #761, 1000.000000000000000 ) ;
#1475 =( GEOMETRIC_REPRESENTATION_CONTEXT ( 3 ) GLOBAL_UNCERTAINTY_ASSIGNED_CONTEXT ( ( #1168 ) ) GLOBAL_UNIT_ASSIGNED_CONTEXT ( ( #1447, #1028, #1911 ) ) REPRESENTATION_CONTEXT ( 'NONE', 'WORKASPACE' ) );
#1476 = LINE ( 'NONE', #229, #318 ) ;
#1477 = DIRECTION ( 'NONE',  ( 0.0000000000000000000, -0.0000000000000000000, -1.000000000000000000 ) ) ;
#1478 = ORIENTED_EDGE ( 'NONE', *, *, #1425, .T. ) ;
#1479 = EDGE_CURVE ( 'NONE', #1125, #1674, #17, .T. ) ;
#1480 = ORIENTED_EDGE ( 'NONE', *, *, #100, .T. ) ;
#1481 = ORIENTED_EDGE ( 'NONE', *, *, #1856, .F. ) ;
#1482 = ORIENTED_EDGE ( 'NONE', *, *, #1235, .F. ) ;
#1483 = CARTESIAN_POINT ( 'NONE',  ( 11.00000000000000200, -0.8499999999999950900, -0.7500000000000003300 ) ) ;
#1484 =( GEOMETRIC_REPRESENTATION_CONTEXT ( 3 ) GLOBAL_UNCERTAINTY_ASSIGNED_CONTEXT ( ( #64 ) ) GLOBAL_UNIT_ASSIGNED_CONTEXT ( ( #788, #778, #634 ) ) REPRESENTATION_CONTEXT ( 'NONE', 'WORKASPACE' ) );
#1485 = VECTOR ( 'NONE', #481, 1000.000000000000000 ) ;
#1486 =( NAMED_UNIT ( * ) PLANE_ANGLE_UNIT ( ) SI_UNIT ( $, .RADIAN. ) );
#1487 = LINE ( 'NONE', #1605, #1909 ) ;
#1488 = CARTESIAN_POINT ( 'NONE',  ( 11.00000000000000200, -0.8499999999999950900, 0.7500000000000003300 ) ) ;
#1489 = MECHANICAL_DESIGN_GEOMETRIC_PRESENTATION_REPRESENTATION (  '', ( #1291 ), #1597 ) ;
#1490 = SURFACE_STYLE_FILL_AREA ( #804 ) ;
#1491 = EDGE_CURVE ( 'NONE', #983, #48, #764, .T. ) ;
#1492 = DIRECTION ( 'NONE',  ( 0.0000000000000000000, -1.000000000000000000, 0.0000000000000000000 ) ) ;
#1493 = UNCERTAINTY_MEASURE_WITH_UNIT (LENGTH_MEASURE( 1.000000000000000100E-005 ), #942, 'distance_accuracy_value', 'NONE');
#1494 = AXIS2_PLACEMENT_3D ( 'NONE', #976, #86, #1129 ) ;
#1495 = LINE ( 'NONE', #1411, #695 ) ;
#1496 = ADVANCED_FACE ( 'NONE', ( #325 ), #996, .F. ) ;
#1497 = CIRCLE ( 'NONE', #1298, 0.7500000000000002200 ) ;
#1498 = CIRCLE ( 'NONE', #587, 0.3500000000000000300 ) ;
#1499 =( NAMED_UNIT ( * ) PLANE_ANGLE_UNIT ( ) SI_UNIT ( $, .RADIAN. ) );
#1500 = ORIENTED_EDGE ( 'NONE', *, *, #1791, .T. ) ;
#1501 = ORIENTED_EDGE ( 'NONE', *, *, #1224, .F. ) ;
#1502 = PRESENTATION_LAYER_ASSIGNMENT (  '', '', ( #1398 ) ) ;
#1503 = EDGE_CURVE ( 'NONE', #1674, #1076, #979, .T. ) ;
#1504 = DIRECTION ( 'NONE',  ( -1.000000000000000000, -0.0000000000000000000, -0.0000000000000000000 ) ) ;
#1505 = ORIENTED_EDGE ( 'NONE', *, *, #134, .F. ) ;
#1506 = SURFACE_SIDE_STYLE ('',( #1117 ) ) ;
#1507 = COLOUR_RGB ( '',0.2509803921568627400, 0.2509803921568627400, 0.2509803921568627400 ) ;
#1508 = ADVANCED_FACE ( 'NONE', ( #188 ), #1188, .F. ) ;
#1509 = CONICAL_SURFACE ( 'NONE', #1573, 1.800000000000000000, 0.5235987755982948200 ) ;
#1510 = DIRECTION ( 'NONE',  ( 0.0000000000000000000, 1.000000000000000000, 0.0000000000000000000 ) ) ;
#1511 = SURFACE_SIDE_STYLE ('',( #1967 ) ) ;
#1512 = SURFACE_SIDE_STYLE ('',( #184 ) ) ;
#1513 = STYLED_ITEM ( 'NONE', ( #601 ), #1056 ) ;
#1514 = UNCERTAINTY_MEASURE_WITH_UNIT (LENGTH_MEASURE( 1.000000000000000100E-005 ), #447, 'distance_accuracy_value', 'NONE');
#1515 = LINE ( 'NONE', #771, #1474 ) ;
#1516 = ADVANCED_FACE ( 'NONE', ( #440 ), #419, .F. ) ;
#1517 = CARTESIAN_POINT ( 'NONE',  ( 4.000000000000001800, -0.8499999999999950900, 0.0000000000000000000 ) ) ;
#1518 =( GEOMETRIC_REPRESENTATION_CONTEXT ( 3 ) GLOBAL_UNCERTAINTY_ASSIGNED_CONTEXT ( ( #701 ) ) GLOBAL_UNIT_ASSIGNED_CONTEXT ( ( #951, #944, #810 ) ) REPRESENTATION_CONTEXT ( 'NONE', 'WORKASPACE' ) );
#1519 = SURFACE_SIDE_STYLE ('',( #1682 ) ) ;
#1520 = FILL_AREA_STYLE_COLOUR ( '', #1663 ) ;
#1521 = VECTOR ( 'NONE', #1196, 1000.000000000000100 ) ;
#1522 = DIRECTION ( 'NONE',  ( 0.0000000000000000000, -1.000000000000000000, 0.0000000000000000000 ) ) ;
#1523 = PRESENTATION_STYLE_ASSIGNMENT (( #405 ) ) ;
#1524 = VERTEX_POINT ( 'NONE', #273 ) ;
#1525 = ORIENTED_EDGE ( 'NONE', *, *, #398, .T. ) ;
#1526 = DIRECTION ( 'NONE',  ( 0.0000000000000000000, 0.0000000000000000000, -1.000000000000000000 ) ) ;
#1527 = ADVANCED_FACE ( 'NONE', ( #1866 ), #517, .T. ) ;
#1528 = ORIENTED_EDGE ( 'NONE', *, *, #988, .T. ) ;
#1529 = FILL_AREA_STYLE_COLOUR ( '', #1167 ) ;
#1530 = DIRECTION ( 'NONE',  ( 0.0000000000000000000, 0.0000000000000000000, -1.000000000000000000 ) ) ;
#1531 = EDGE_LOOP ( 'NONE', ( #1192, #98, #1074, #500 ) ) ;
#1532 = MECHANICAL_DESIGN_GEOMETRIC_PRESENTATION_REPRESENTATION (  '', ( #1221 ), #1644 ) ;
#1533 = ORIENTED_EDGE ( 'NONE', *, *, #435, .T. ) ;
#1534 = EDGE_CURVE ( 'NONE', #1218, #1524, #1315, .T. ) ;
#1535 = TOROIDAL_SURFACE ( 'NONE', #830, 2.150000000000000400, 0.3499999999999999800 ) ;
#1536 = DIRECTION ( 'NONE',  ( 0.0000000000000000000, 0.0000000000000000000, 1.000000000000000000 ) ) ;
#1537 = DIRECTION ( 'NONE',  ( 0.0000000000000000000, -1.000000000000000000, 0.0000000000000000000 ) ) ;
#1538 = STYLED_ITEM ( 'NONE', ( #448 ), #738 ) ;
#1539 = CARTESIAN_POINT ( 'NONE',  ( 14.50000000000000000, 5.000000000000003600, -3.000000000000000000 ) ) ;
#1540 = CARTESIAN_POINT ( 'NONE',  ( 16.39378221735088900, 2.500000000000004000, 0.0000000000000000000 ) ) ;
#1541 = DIRECTION ( 'NONE',  ( -0.0000000000000000000, 0.0000000000000000000, -1.000000000000000000 ) ) ;
#1542 = STYLED_ITEM ( 'NONE', ( #1417 ), #1345 ) ;
#1543 = EDGE_CURVE ( 'NONE', #1843, #431, #906, .T. ) ;
#1544 = SURFACE_STYLE_FILL_AREA ( #952 ) ;
#1545 = LINE ( 'NONE', #812, #1142 ) ;
#1546 = VECTOR ( 'NONE', #71, 1000.000000000000000 ) ;
#1547 = DIRECTION ( 'NONE',  ( -1.000000000000000000, -0.0000000000000000000, -0.0000000000000000000 ) ) ;
#1548 = FILL_AREA_STYLE ('',( #1231 ) ) ;
#1549 = SURFACE_SIDE_STYLE ('',( #1014 ) ) ;
#1550 = FILL_AREA_STYLE_COLOUR ( '', #1140 ) ;
#1551 = ORIENTED_EDGE ( 'NONE', *, *, #1837, .F. ) ;
#1552 = VERTEX_POINT ( 'NONE', #95 ) ;
#1553 = ORIENTED_EDGE ( 'NONE', *, *, #364, .F. ) ;
#1554 = AXIS2_PLACEMENT_3D ( 'NONE', #840, #1080, #1365 ) ;
#1555 = FILL_AREA_STYLE ('',( #174 ) ) ;
#1556 = DIRECTION ( 'NONE',  ( -0.0000000000000000000, 1.000000000000000000, 0.0000000000000000000 ) ) ;
#1557 = DIRECTION ( 'NONE',  ( 1.000000000000000000, 0.0000000000000000000, 0.0000000000000000000 ) ) ;
#1558 =( GEOMETRIC_REPRESENTATION_CONTEXT ( 3 ) GLOBAL_UNCERTAINTY_ASSIGNED_CONTEXT ( ( #1361 ) ) GLOBAL_UNIT_ASSIGNED_CONTEXT ( ( #1745, #831, #1904 ) ) REPRESENTATION_CONTEXT ( 'NONE', 'WORKASPACE' ) );
#1559 = LINE ( 'NONE', #490, #1106 ) ;
#1560 = PRESENTATION_LAYER_ASSIGNMENT (  '', '', ( #1348 ) ) ;
#1561 = CARTESIAN_POINT ( 'NONE',  ( 2.050000000000002500, 0.2899999999999999800, -4.300000000000002500 ) ) ;
#1562 = CARTESIAN_POINT ( 'NONE',  ( 11.70000000000000300, -0.01000000000000000000, -2.424999999999999800 ) ) ;
#1563 = SURFACE_STYLE_FILL_AREA ( #465 ) ;
#1564 = DIRECTION ( 'NONE',  ( 0.0000000000000000000, -1.000000000000000000, 0.0000000000000000000 ) ) ;
#1565 = PLANE ( 'NONE',  #1169 ) ;
#1566 = DIRECTION ( 'NONE',  ( 1.000000000000000000, 0.0000000000000000000, 0.0000000000000000000 ) ) ;
#1567 =( GEOMETRIC_REPRESENTATION_CONTEXT ( 3 ) GLOBAL_UNCERTAINTY_ASSIGNED_CONTEXT ( ( #1314 ) ) GLOBAL_UNIT_ASSIGNED_CONTEXT ( ( #879, #1948, #1019 ) ) REPRESENTATION_CONTEXT ( 'NONE', 'WORKASPACE' ) );
#1568 = EDGE_CURVE ( 'NONE', #144, #218, #1261, .T. ) ;
#1569 = SURFACE_STYLE_FILL_AREA ( #484 ) ;
#1570 = CARTESIAN_POINT ( 'NONE',  ( 9.700000000000001100, 0.2000000000000000100, 4.500000000000000900 ) ) ;
#1571 = FACE_OUTER_BOUND ( 'NONE', #1432, .T. ) ;
#1572 = CARTESIAN_POINT ( 'NONE',  ( 3.550000000000002000, -0.01000000000000000000, -4.300000000000002500 ) ) ;
#1573 = AXIS2_PLACEMENT_3D ( 'NONE', #464, #1473, #417 ) ;
#1574 = VECTOR ( 'NONE', #1759, 1000.000000000000000 ) ;
#1575 = ORIENTED_EDGE ( 'NONE', *, *, #1083, .F. ) ;
#1576 =( NAMED_UNIT ( * ) SI_UNIT ( $, .STERADIAN. ) SOLID_ANGLE_UNIT ( ) );
#1577 = VERTEX_POINT ( 'NONE', #1138 ) ;
#1578 = VERTEX_POINT ( 'NONE', #554 ) ;
#1579 = DIRECTION ( 'NONE',  ( 0.0000000000000000000, 0.0000000000000000000, 1.000000000000000000 ) ) ;
#1580 = ORIENTED_EDGE ( 'NONE', *, *, #1645, .F. ) ;
#1581 = CARTESIAN_POINT ( 'NONE',  ( 9.700000000000001100, 0.2000000000000000100, 2.424999999999999800 ) ) ;
#1582 = DIRECTION ( 'NONE',  ( 0.0000000000000000000, 1.000000000000000000, 0.0000000000000000000 ) ) ;
#1583 = STYLED_ITEM ( 'NONE', ( #834 ), #1201 ) ;
#1584 = EDGE_CURVE ( 'NONE', #1099, #1552, #1670, .T. ) ;
#1585 = FACE_OUTER_BOUND ( 'NONE', #528, .T. ) ;
#1586 = SURFACE_SIDE_STYLE ('',( #418 ) ) ;
#1587 = DIRECTION ( 'NONE',  ( 0.0000000000000000000, -0.0000000000000000000, -1.000000000000000000 ) ) ;
#1588 =( NAMED_UNIT ( * ) SI_UNIT ( $, .STERADIAN. ) SOLID_ANGLE_UNIT ( ) );
#1589 = DIRECTION ( 'NONE',  ( -1.000000000000000000, 0.0000000000000000000, 0.0000000000000000000 ) ) ;
#1590 = CARTESIAN_POINT ( 'NONE',  ( 14.50000000000000000, 5.000000000000003600, 3.000000000000000000 ) ) ;
#1591 = LINE ( 'NONE', #1608, #437 ) ;
#1592 =( NAMED_UNIT ( * ) SI_UNIT ( $, .STERADIAN. ) SOLID_ANGLE_UNIT ( ) );
#1593 = LINE ( 'NONE', #1105, #1185 ) ;
#1594 = CARTESIAN_POINT ( 'NONE',  ( 14.50000000000000000, 2.500000000000004400, -2.500000000000000400 ) ) ;
#1595 = FILL_AREA_STYLE ('',( #244 ) ) ;
#1596 = VECTOR ( 'NONE', #965, 1000.000000000000000 ) ;
#1597 =( GEOMETRIC_REPRESENTATION_CONTEXT ( 3 ) GLOBAL_UNCERTAINTY_ASSIGNED_CONTEXT ( ( #1166 ) ) GLOBAL_UNIT_ASSIGNED_CONTEXT ( ( #1662, #749, #1812 ) ) REPRESENTATION_CONTEXT ( 'NONE', 'WORKASPACE' ) );
#1598 = FILL_AREA_STYLE ('',( #999 ) ) ;
#1599 = EDGE_CURVE ( 'NONE', #1378, #1906, #1726, .T. ) ;
#1600 = CARTESIAN_POINT ( 'NONE',  ( 3.550000000000002000, 0.2899999999999999800, -4.300000000000002500 ) ) ;
#1601 = SURFACE_STYLE_FILL_AREA ( #576 ) ;
#1602 = SURFACE_STYLE_USAGE ( .BOTH. , #1739 ) ;
#1603 = ORIENTED_EDGE ( 'NONE', *, *, #1356, .T. ) ;
#1604 = STYLED_ITEM ( 'NONE', ( #1450 ), #900 ) ;
#1605 = CARTESIAN_POINT ( 'NONE',  ( 11.00000000000000200, -1.000000000000000000, 0.7500000000000003300 ) ) ;
#1606 = EDGE_LOOP ( 'NONE', ( #1179, #935 ) ) ;
#1607 = DIRECTION ( 'NONE',  ( 0.0000000000000000000, -1.000000000000000000, -0.0000000000000000000 ) ) ;
#1608 = CARTESIAN_POINT ( 'NONE',  ( 10.70000000000000100, -0.01000000000000000000, 4.500000000000000900 ) ) ;
#1609 = EDGE_LOOP ( 'NONE', ( #1296, #45, #1731, #660, #1380 ) ) ;
#1610 = DIRECTION ( 'NONE',  ( 0.0000000000000000000, 1.000000000000000000, 0.0000000000000000000 ) ) ;
#1611 = CARTESIAN_POINT ( 'NONE',  ( 3.550000000000002000, -0.01000000000000000000, -2.100000000000000100 ) ) ;
#1612 = UNCERTAINTY_MEASURE_WITH_UNIT (LENGTH_MEASURE( 1.000000000000000100E-005 ), #1396, 'distance_accuracy_value', 'NONE');
#1613 = CARTESIAN_POINT ( 'NONE',  ( 14.50000000000000000, 2.500000000000004000, 0.0000000000000000000 ) ) ;
#1614 = MECHANICAL_DESIGN_GEOMETRIC_PRESENTATION_REPRESENTATION (  '', ( #1398 ), #1718 ) ;
#1615 =( NAMED_UNIT ( * ) SI_UNIT ( $, .STERADIAN. ) SOLID_ANGLE_UNIT ( ) );
#1616 = COLOUR_RGB ( '',0.2509803921568627400, 0.2509803921568627400, 0.2509803921568627400 ) ;
#1617 = DIRECTION ( 'NONE',  ( 0.0000000000000000000, 0.0000000000000000000, 1.000000000000000000 ) ) ;
#1618 = EDGE_CURVE ( 'NONE', #1729, #498, #463, .T. ) ;
#1619 =( NAMED_UNIT ( * ) PLANE_ANGLE_UNIT ( ) SI_UNIT ( $, .RADIAN. ) );
#1620 = VECTOR ( 'NONE', #1830, 1000.000000000000000 ) ;
#1621 = DIRECTION ( 'NONE',  ( -0.0000000000000000000, 1.000000000000000000, -0.0000000000000000000 ) ) ;
#1622 = AXIS2_PLACEMENT_3D ( 'NONE', #940, #1219, #183 ) ;
#1623 = DIRECTION ( 'NONE',  ( 0.0000000000000000000, 0.0000000000000000000, -1.000000000000000000 ) ) ;
#1624 = FILL_AREA_STYLE ('',( #1311 ) ) ;
#1625 =( LENGTH_UNIT ( ) NAMED_UNIT ( * ) SI_UNIT ( .MILLI., .METRE. ) );
#1626 = FACE_OUTER_BOUND ( 'NONE', #1176, .T. ) ;
#1627 = CARTESIAN_POINT ( 'NONE',  ( 11.70000000000000300, 0.2000000000000000100, -4.500000000000001800 ) ) ;
#1628 = AXIS2_PLACEMENT_3D ( 'NONE', #514, #1564, #663 ) ;
#1629 = SURFACE_SIDE_STYLE ('',( #1601 ) ) ;
#1630 = LINE ( 'NONE', #1768, #817 ) ;
#1631 = CARTESIAN_POINT ( 'NONE',  ( 12.50000000000000000, 0.2000000000000000100, -3.000000000000000900 ) ) ;
#1632 = LINE ( 'NONE', #956, #1209 ) ;
#1633 = AXIS2_PLACEMENT_3D ( 'NONE', #41, #1086, #54 ) ;
#1634 = VERTEX_POINT ( 'NONE', #102 ) ;
#1635 = ORIENTED_EDGE ( 'NONE', *, *, #699, .F. ) ;
#1636 = ORIENTED_EDGE ( 'NONE', *, *, #1385, .F. ) ;
#1637 = ORIENTED_EDGE ( 'NONE', *, *, #337, .F. ) ;
#1638 = COLOUR_RGB ( '',0.2509803921568627400, 0.2509803921568627400, 0.2509803921568627400 ) ;
#1639 = FILL_AREA_STYLE ('',( #1326 ) ) ;
#1640 = CARTESIAN_POINT ( 'NONE',  ( 14.50000000000000000, 2.500000000000004000, 2.500000000000000400 ) ) ;
#1641 = CONICAL_SURFACE ( 'NONE', #227, 0.5999999999999947600, 0.7853981633974505000 ) ;
#1642 = VECTOR ( 'NONE', #262, 1000.000000000000000 ) ;
#1643 = FACE_OUTER_BOUND ( 'NONE', #1026, .T. ) ;
#1644 =( GEOMETRIC_REPRESENTATION_CONTEXT ( 3 ) GLOBAL_UNCERTAINTY_ASSIGNED_CONTEXT ( ( #272 ) ) GLOBAL_UNIT_ASSIGNED_CONTEXT ( ( #1943, #1015, #129 ) ) REPRESENTATION_CONTEXT ( 'NONE', 'WORKASPACE' ) );
#1645 = EDGE_CURVE ( 'NONE', #1949, #196, #1630, .T. ) ;
#1646 = CARTESIAN_POINT ( 'NONE',  ( 2.050000000000001600, 3.793732670585586200E-015, 3.000000000000000900 ) ) ;
#1647 = SURFACE_STYLE_FILL_AREA ( #1548 ) ;
#1648 = PRESENTATION_LAYER_ASSIGNMENT (  '', '', ( #1538 ) ) ;
#1649 = PRESENTATION_STYLE_ASSIGNMENT (( #874 ) ) ;
#1650 = UNCERTAINTY_MEASURE_WITH_UNIT (LENGTH_MEASURE( 1.000000000000000100E-005 ), #1668, 'distance_accuracy_value', 'NONE');
#1651 = PRESENTATION_LAYER_ASSIGNMENT (  '', '', ( #1542 ) ) ;
#1652 = EDGE_CURVE ( 'NONE', #983, #1899, #162, .T. ) ;
#1653 = ORIENTED_EDGE ( 'NONE', *, *, #1425, .F. ) ;
#1654 = ORIENTED_EDGE ( 'NONE', *, *, #288, .F. ) ;
#1655 = VERTEX_POINT ( 'NONE', #261 ) ;
#1656 = VECTOR ( 'NONE', #493, 1000.000000000000000 ) ;
#1657 = PRESENTATION_LAYER_ASSIGNMENT (  '', '', ( #1452 ) ) ;
#1658 = LINE ( 'NONE', #1539, #452 ) ;
#1659 = ADVANCED_FACE ( 'NONE', ( #1571 ), #1153, .T. ) ;
#1660 = CARTESIAN_POINT ( 'NONE',  ( 3.550000000000002000, 0.2899999999999999800, -2.100000000000000100 ) ) ;
#1661 = MECHANICAL_DESIGN_GEOMETRIC_PRESENTATION_REPRESENTATION (  '', ( #1348 ), #1773 ) ;
#1662 =( LENGTH_UNIT ( ) NAMED_UNIT ( * ) SI_UNIT ( .MILLI., .METRE. ) );
#1663 = COLOUR_RGB ( '',0.2509803921568627400, 0.2509803921568627400, 0.2509803921568627400 ) ;
#1664 = PRESENTATION_STYLE_ASSIGNMENT (( #372 ) ) ;
#1665 = UNCERTAINTY_MEASURE_WITH_UNIT (LENGTH_MEASURE( 1.000000000000000100E-005 ), #1781, 'distance_accuracy_value', 'NONE');
#1666 = CONICAL_SURFACE ( 'NONE', #947, 0.5999999999999947600, 0.7853981633974505000 ) ;
#1667 = COLOUR_RGB ( '',0.2509803921568627400, 0.2509803921568627400, 0.2509803921568627400 ) ;
#1668 =( LENGTH_UNIT ( ) NAMED_UNIT ( * ) SI_UNIT ( .MILLI., .METRE. ) );
#1669 =( LENGTH_UNIT ( ) NAMED_UNIT ( * ) SI_UNIT ( .MILLI., .METRE. ) );
#1670 = LINE ( 'NONE', #1292, #70 ) ;
#1671 = ADVANCED_FACE ( 'NONE', ( #1832 ), #860, .T. ) ;
#1672 = LINE ( 'NONE', #66, #72 ) ;
#1673 = ORIENTED_EDGE ( 'NONE', *, *, #1224, .T. ) ;
#1674 = VERTEX_POINT ( 'NONE', #1160 ) ;
#1675 = AXIS2_PLACEMENT_3D ( 'NONE', #1146, #251, #1301 ) ;
#1676 = EDGE_CURVE ( 'NONE', #572, #1337, #1695, .T. ) ;
#1677 = CARTESIAN_POINT ( 'NONE',  ( 3.550000000000002000, 0.2899999999999999800, -3.000000000000000900 ) ) ;
#1678 = ORIENTED_EDGE ( 'NONE', *, *, #1568, .T. ) ;
#1679 = ORIENTED_EDGE ( 'NONE', *, *, #1442, .T. ) ;
#1680 =( LENGTH_UNIT ( ) NAMED_UNIT ( * ) SI_UNIT ( .MILLI., .METRE. ) );
#1681 = AXIS2_PLACEMENT_3D ( 'NONE', #1807, #608, #555 ) ;
#1682 = SURFACE_STYLE_FILL_AREA ( #470 ) ;
#1683 = VERTEX_POINT ( 'NONE', #1631 ) ;
#1684 = COLOUR_RGB ( '',0.2509803921568627400, 0.2509803921568627400, 0.2509803921568627400 ) ;
#1685 = ADVANCED_FACE ( 'NONE', ( #94 ), #276, .F. ) ;
#1686 = LINE ( 'NONE', #513, #882 ) ;
#1687 = FILL_AREA_STYLE_COLOUR ( '', #290 ) ;
#1688 = PLANE ( 'NONE',  #209 ) ;
#1689 = DIRECTION ( 'NONE',  ( 1.000000000000000000, 0.0000000000000000000, 0.0000000000000000000 ) ) ;
#1690 = AXIS2_PLACEMENT_3D ( 'NONE', #1144, #249, #1300 ) ;
#1691 = EDGE_CURVE ( 'NONE', #1683, #1337, #1920, .T. ) ;
#1692 = CARTESIAN_POINT ( 'NONE',  ( 0.0000000000000000000, 5.000000000000003600, 3.000000000000000000 ) ) ;
#1693 = SURFACE_STYLE_FILL_AREA ( #945 ) ;
#1694 = CARTESIAN_POINT ( 'NONE',  ( 14.50000000000000000, 3.793732670585586200E-015, -3.000000000000000900 ) ) ;
#1695 = LINE ( 'NONE', #1165, #495 ) ;
#1696 = EDGE_LOOP ( 'NONE', ( #765, #427, #1703, #1427 ) ) ;
#1697 = DIRECTION ( 'NONE',  ( 1.000000000000000000, 0.0000000000000000000, 0.0000000000000000000 ) ) ;
#1698 = SURFACE_SIDE_STYLE ('',( #1016 ) ) ;
#1699 = CARTESIAN_POINT ( 'NONE',  ( 2.050000000000001600, 5.000000000000003600, -3.000000000000000000 ) ) ;
#1700 = VERTEX_POINT ( 'NONE', #1640 ) ;
#1701 = DIRECTION ( 'NONE',  ( 0.0000000000000000000, 0.0000000000000000000, -1.000000000000000000 ) ) ;
#1702 = DIRECTION ( 'NONE',  ( 1.000000000000000000, 0.0000000000000000000, 0.0000000000000000000 ) ) ;
#1703 = ORIENTED_EDGE ( 'NONE', *, *, #1385, .T. ) ;
#1704 = ORIENTED_EDGE ( 'NONE', *, *, #1568, .F. ) ;
#1705 = EDGE_CURVE ( 'NONE', #1906, #1378, #349, .T. ) ;
#1706 = CYLINDRICAL_SURFACE ( 'NONE', #1431, 0.7500000000000002200 ) ;
#1707 = FILL_AREA_STYLE ('',( #39 ) ) ;
#1708 = SURFACE_STYLE_USAGE ( .BOTH. , #648 ) ;
#1709 = PRESENTATION_STYLE_ASSIGNMENT (( #32 ) ) ;
#1710 = DIRECTION ( 'NONE',  ( 0.0000000000000000000, 1.000000000000000000, 1.734723475976807600E-016 ) ) ;
#1711 = PRESENTATION_LAYER_ASSIGNMENT (  '', '', ( #1604 ) ) ;
#1712 = DIRECTION ( 'NONE',  ( 0.0000000000000000000, 0.0000000000000000000, -1.000000000000000000 ) ) ;
#1713 = UNCERTAINTY_MEASURE_WITH_UNIT (LENGTH_MEASURE( 1.000000000000000100E-005 ), #1416, 'distance_accuracy_value', 'NONE');
#1714 = FILL_AREA_STYLE ('',( #1394 ) ) ;
#1715 = PLANE ( 'NONE',  #1305 ) ;
#1716 = CARTESIAN_POINT ( 'NONE',  ( 2.050000000000002500, 3.794707603699265500E-015, -2.100000000000000100 ) ) ;
#1717 = FILL_AREA_STYLE_COLOUR ( '', #67 ) ;
#1718 =( GEOMETRIC_REPRESENTATION_CONTEXT ( 3 ) GLOBAL_UNCERTAINTY_ASSIGNED_CONTEXT ( ( #410 ) ) GLOBAL_UNIT_ASSIGNED_CONTEXT ( ( #1453, #564, #1615 ) ) REPRESENTATION_CONTEXT ( 'NONE', 'WORKASPACE' ) );
#1719 = LINE ( 'NONE', #171, #112 ) ;
#1720 = EDGE_CURVE ( 'NONE', #144, #1405, #1092, .T. ) ;
#1721 = CARTESIAN_POINT ( 'NONE',  ( 14.50000000000000000, 5.000000000000004400, 0.0000000000000000000 ) ) ;
#1722 = SURFACE_STYLE_FILL_AREA ( #982 ) ;
#1723 = AXIS2_PLACEMENT_3D ( 'NONE', #854, #845, #837 ) ;
#1724 = CARTESIAN_POINT ( 'NONE',  ( 4.000000000000001800, -1.000000000000000000, -0.5999999999999946500 ) ) ;
#1725 = DIRECTION ( 'NONE',  ( 1.000000000000000000, 0.0000000000000000000, 0.0000000000000000000 ) ) ;
#1726 = CIRCLE ( 'NONE', #1675, 0.5999999999999946500 ) ;
#1727 = CARTESIAN_POINT ( 'NONE',  ( 2.050000000000002500, 0.2899999999999999800, -2.100000000000000100 ) ) ;
#1728 = ORIENTED_EDGE ( 'NONE', *, *, #1903, .T. ) ;
#1729 = VERTEX_POINT ( 'NONE', #1483 ) ;
#1730 = DIRECTION ( 'NONE',  ( 0.0000000000000000000, 0.0000000000000000000, 1.000000000000000000 ) ) ;
#1731 = ORIENTED_EDGE ( 'NONE', *, *, #205, .T. ) ;
#1732 = PRESENTATION_LAYER_ASSIGNMENT (  '', '', ( #1513 ) ) ;
#1733 = SURFACE_SIDE_STYLE ('',( #1436 ) ) ;
#1734 = DIRECTION ( 'NONE',  ( 0.0000000000000000000, 0.0000000000000000000, -1.000000000000000000 ) ) ;
#1735 = ORIENTED_EDGE ( 'NONE', *, *, #1195, .T. ) ;
#1736 = AXIS2_PLACEMENT_3D ( 'NONE', #1613, #1464, #1922 ) ;
#1737 = ADVANCED_BREP_SHAPE_REPRESENTATION ( 'STX-3500-3NTR_rA7', ( #1764, #1876 ), #1044 ) ;
#1738 = LINE ( 'NONE', #1600, #132 ) ;
#1739 = SURFACE_SIDE_STYLE ('',( #525 ) ) ;
#1740 = CARTESIAN_POINT ( 'NONE',  ( 11.70000000000000300, 0.2000000000000000100, -4.500000000000001800 ) ) ;
#1741 = PRESENTATION_STYLE_ASSIGNMENT (( #1760 ) ) ;
#1742 = CARTESIAN_POINT ( 'NONE',  ( 16.39378221735088900, 2.500000000000004400, 1.800000000000000000 ) ) ;
#1743 = EDGE_CURVE ( 'NONE', #233, #329, #737, .T. ) ;
#1744 = VECTOR ( 'NONE', #345, 1000.000000000000000 ) ;
#1745 =( LENGTH_UNIT ( ) NAMED_UNIT ( * ) SI_UNIT ( .MILLI., .METRE. ) );
#1746 = COLOUR_RGB ( '',0.7529411764705882200, 0.7529411764705882200, 0.7529411764705882200 ) ;
#1747 = COLOUR_RGB ( '',0.7529411764705882200, 0.7529411764705882200, 0.7529411764705882200 ) ;
#1748 = CARTESIAN_POINT ( 'NONE',  ( 9.700000000000001100, -0.01000000000000000000, 4.500000000000000900 ) ) ;
#1749 = MECHANICAL_DESIGN_GEOMETRIC_PRESENTATION_REPRESENTATION (  '', ( #1538 ), #1844 ) ;
#1750 = PRESENTATION_STYLE_ASSIGNMENT (( #1776 ) ) ;
#1751 = EDGE_LOOP ( 'NONE', ( #823, #120, #264, #1379 ) ) ;
#1752 = CARTESIAN_POINT ( 'NONE',  ( 10.70000000000000100, -0.01000000000000000000, 2.424999999999999800 ) ) ;
#1753 = ORIENTED_EDGE ( 'NONE', *, *, #1856, .T. ) ;
#1754 = EDGE_LOOP ( 'NONE', ( #1149, #353, #547, #1462 ) ) ;
#1755 = ORIENTED_EDGE ( 'NONE', *, *, #800, .F. ) ;
#1756 = CARTESIAN_POINT ( 'NONE',  ( 3.550000000000002000, 3.794707603699265500E-015, -2.100000000000000100 ) ) ;
#1757 = DIRECTION ( 'NONE',  ( 1.000000000000000000, 0.0000000000000000000, 0.0000000000000000000 ) ) ;
#1758 = MECHANICAL_DESIGN_GEOMETRIC_PRESENTATION_REPRESENTATION (  '', ( #1542 ), #1855 ) ;
#1759 = DIRECTION ( 'NONE',  ( 0.0000000000000000000, -1.000000000000000000, 0.0000000000000000000 ) ) ;
#1760 = SURFACE_STYLE_USAGE ( .BOTH. , #692 ) ;
#1761 = EDGE_CURVE ( 'NONE', #1578, #75, #301, .T. ) ;
#1762 = DIRECTION ( 'NONE',  ( 0.0000000000000000000, -1.000000000000000000, 0.0000000000000000000 ) ) ;
#1763 = PRESENTATION_STYLE_ASSIGNMENT (( #557 ) ) ;
#1764 = MANIFOLD_SOLID_BREP ( 'Contact 2 Extrude', #1275 ) ;
#1765 = CARTESIAN_POINT ( 'NONE',  ( 14.50000000000000000, 2.500000000000004000, 0.0000000000000000000 ) ) ;
#1766 = DIRECTION ( 'NONE',  ( -0.0000000000000000000, 1.000000000000000000, 1.734723475976807100E-016 ) ) ;
#1767 = FILL_AREA_STYLE ('',( #706 ) ) ;
#1768 = CARTESIAN_POINT ( 'NONE',  ( 9.700000000000001100, 3.793732670585586200E-015, 3.000000000000000900 ) ) ;
#1769 = MECHANICAL_DESIGN_GEOMETRIC_PRESENTATION_REPRESENTATION (  '', ( #1452 ), #1869 ) ;
#1770 = CARTESIAN_POINT ( 'NONE',  ( 14.50000000000000000, 5.000000000000003600, -3.000000000000000000 ) ) ;
#1771 = PLANE ( 'NONE',  #580 ) ;
#1772 = CARTESIAN_POINT ( 'NONE',  ( 11.70000000000000300, -0.01000000000000000000, -4.500000000000001800 ) ) ;
#1773 =( GEOMETRIC_REPRESENTATION_CONTEXT ( 3 ) GLOBAL_UNCERTAINTY_ASSIGNED_CONTEXT ( ( #1041 ) ) GLOBAL_UNIT_ASSIGNED_CONTEXT ( ( #640, #1063, #1058 ) ) REPRESENTATION_CONTEXT ( 'NONE', 'WORKASPACE' ) );
#1774 = ORIENTED_EDGE ( 'NONE', *, *, #1235, .T. ) ;
#1775 = ORIENTED_EDGE ( 'NONE', *, *, #988, .F. ) ;
#1776 = SURFACE_STYLE_USAGE ( .BOTH. , #713 ) ;
#1777 = EDGE_LOOP ( 'NONE', ( #1580, #1012, #1434, #1052, #1817, #46 ) ) ;
#1778 =( NAMED_UNIT ( * ) SI_UNIT ( $, .STERADIAN. ) SOLID_ANGLE_UNIT ( ) );
#1779 = ORIENTED_EDGE ( 'NONE', *, *, #268, .F. ) ;
#1780 = AXIS2_PLACEMENT_3D ( 'NONE', #836, #1910, #987 ) ;
#1781 =( LENGTH_UNIT ( ) NAMED_UNIT ( * ) SI_UNIT ( .MILLI., .METRE. ) );
#1782 = EDGE_CURVE ( 'NONE', #1577, #140, #904, .T. ) ;
#1783 = SURFACE_SIDE_STYLE ('',( #137 ) ) ;
#1784 = STYLED_ITEM ( 'NONE', ( #1011 ), #600 ) ;
#1785 = SURFACE_STYLE_USAGE ( .BOTH. , #722 ) ;
#1786 = COLOUR_RGB ( '',0.2509803921568627400, 0.2509803921568627400, 0.2509803921568627400 ) ;
#1787 = CARTESIAN_POINT ( 'NONE',  ( 14.50000000000000000, 0.1999999999999996500, -3.000000000000000900 ) ) ;
#1788 = VECTOR ( 'NONE', #1433, 1000.000000000000000 ) ;
#1789 = LINE ( 'NONE', #1239, #1744 ) ;
#1790 = PRESENTATION_LAYER_ASSIGNMENT (  '', '', ( #1583 ) ) ;
#1791 = EDGE_CURVE ( 'NONE', #1524, #1076, #1498, .T. ) ;
#1792 = DIRECTION ( 'NONE',  ( 0.0000000000000000000, 0.0000000000000000000, -1.000000000000000000 ) ) ;
#1793 = VERTEX_POINT ( 'NONE', #136 ) ;
#1794 = ORIENTED_EDGE ( 'NONE', *, *, #1800, .T. ) ;
#1795 = EDGE_LOOP ( 'NONE', ( #1322, #591, #1214, #1342, #403 ) ) ;
#1796 = VERTEX_POINT ( 'NONE', #888 ) ;
#1797 = SURFACE_STYLE_FILL_AREA ( #694 ) ;
#1798 = STYLED_ITEM ( 'NONE', ( #583 ), #1826 ) ;
#1799 = SURFACE_STYLE_FILL_AREA ( #1288 ) ;
#1800 = EDGE_CURVE ( 'NONE', #847, #635, #117, .T. ) ;
#1801 = MECHANICAL_DESIGN_GEOMETRIC_PRESENTATION_REPRESENTATION (  '', ( #1604 ), #1921 ) ;
#1802 = COLOUR_RGB ( '',0.2509803921568627400, 0.2509803921568627400, 0.2509803921568627400 ) ;
#1803 = PLANE ( 'NONE',  #1916 ) ;
#1804 = ADVANCED_FACE ( 'NONE', ( #516 ), #720, .T. ) ;
#1805 = PRESENTATION_STYLE_ASSIGNMENT (( #1335 ) ) ;
#1806 = UNCERTAINTY_MEASURE_WITH_UNIT (LENGTH_MEASURE( 1.000000000000000100E-005 ), #1067, 'distance_accuracy_value', 'NONE');
#1807 = CARTESIAN_POINT ( 'NONE',  ( 16.39378221735088900, 2.500000000000004000, 0.0000000000000000000 ) ) ;
#1808 = EDGE_CURVE ( 'NONE', #1906, #605, #370, .T. ) ;
#1809 = ORIENTED_EDGE ( 'NONE', *, *, #157, .T. ) ;
#1810 = VERTEX_POINT ( 'NONE', #305 ) ;
#1811 = CARTESIAN_POINT ( 'NONE',  ( 10.70000000000000100, 0.2000000000000000100, 4.500000000000000900 ) ) ;
#1812 =( NAMED_UNIT ( * ) SI_UNIT ( $, .STERADIAN. ) SOLID_ANGLE_UNIT ( ) );
#1813 = ORIENTED_EDGE ( 'NONE', *, *, #60, .F. ) ;
#1814 = STYLED_ITEM ( 'NONE', ( #1222 ), #450 ) ;
#1815 = ADVANCED_FACE ( 'NONE', ( #321 ), #1803, .F. ) ;
#1816 = FACE_OUTER_BOUND ( 'NONE', #574, .T. ) ;
#1817 = ORIENTED_EDGE ( 'NONE', *, *, #1960, .T. ) ;
#1818 =( NAMED_UNIT ( * ) SI_UNIT ( $, .STERADIAN. ) SOLID_ANGLE_UNIT ( ) );
#1819 =( NAMED_UNIT ( * ) SI_UNIT ( $, .STERADIAN. ) SOLID_ANGLE_UNIT ( ) );
#1820 = MECHANICAL_DESIGN_GEOMETRIC_PRESENTATION_REPRESENTATION (  '', ( #1513 ), #1940 ) ;
#1821 = FACE_OUTER_BOUND ( 'NONE', #1754, .T. ) ;
#1822 = AXIS2_PLACEMENT_3D ( 'NONE', #1765, #1757, #1623 ) ;
#1823 =( NAMED_UNIT ( * ) SI_UNIT ( $, .STERADIAN. ) SOLID_ANGLE_UNIT ( ) );
#1824 = FILL_AREA_STYLE ('',( #1520 ) ) ;
#1825 = VECTOR ( 'NONE', #1842, 1000.000000000000000 ) ;
#1826 = ADVANCED_FACE ( 'NONE', ( #977 ), #1353, .F. ) ;
#1827 = VECTOR ( 'NONE', #540, 1000.000000000000000 ) ;
#1828 =( NAMED_UNIT ( * ) SI_UNIT ( $, .STERADIAN. ) SOLID_ANGLE_UNIT ( ) );
#1829 = CIRCLE ( 'NONE', #111, 0.7500000000000003300 ) ;
#1830 = DIRECTION ( 'NONE',  ( 0.0000000000000000000, -1.000000000000000000, 1.734723475976807100E-016 ) ) ;
#1831 = CARTESIAN_POINT ( 'NONE',  ( 12.50000000000000000, 0.2000000000000000100, -2.424999999999999800 ) ) ;
#1832 = FACE_OUTER_BOUND ( 'NONE', #1029, .T. ) ;
#1833 = SURFACE_STYLE_USAGE ( .BOTH. , #773 ) ;
#1834 = ORIENTED_EDGE ( 'NONE', *, *, #1599, .F. ) ;
#1835 = AXIS2_PLACEMENT_3D ( 'NONE', #282, #1331, #433 ) ;
#1836 =( NAMED_UNIT ( * ) PLANE_ANGLE_UNIT ( ) SI_UNIT ( $, .RADIAN. ) );
#1837 = EDGE_CURVE ( 'NONE', #1683, #1897, #38, .T. ) ;
#1838 = ORIENTED_EDGE ( 'NONE', *, *, #1137, .F. ) ;
#1839 = ORIENTED_EDGE ( 'NONE', *, *, #435, .F. ) ;
#1840 = CARTESIAN_POINT ( 'NONE',  ( 0.0000000000000000000, 5.000000000000003600, -3.000000000000000000 ) ) ;
#1841 = ORIENTED_EDGE ( 'NONE', *, *, #16, .T. ) ;
#1842 = DIRECTION ( 'NONE',  ( -1.000000000000000000, 0.0000000000000000000, 0.0000000000000000000 ) ) ;
#1843 = VERTEX_POINT ( 'NONE', #1721 ) ;
#1844 =( GEOMETRIC_REPRESENTATION_CONTEXT ( 3 ) GLOBAL_UNCERTAINTY_ASSIGNED_CONTEXT ( ( #1493 ) ) GLOBAL_UNIT_ASSIGNED_CONTEXT ( ( #942, #47, #1090 ) ) REPRESENTATION_CONTEXT ( 'NONE', 'WORKASPACE' ) );
#1845 = DIRECTION ( 'NONE',  ( 0.0000000000000000000, 0.7071067811865460200, 0.7071067811865490200 ) ) ;
#1846 = FILL_AREA_STYLE_COLOUR ( '', #1055 ) ;
#1847 = CIRCLE ( 'NONE', #367, 0.7500000000000002200 ) ;
#1848 = CARTESIAN_POINT ( 'NONE',  ( 10.70000000000000100, 5.000000000000003600, 3.000000000000000000 ) ) ;
#1849 = CONICAL_SURFACE ( 'NONE', #1633, 0.5999999999999946500, 0.7853981633974505000 ) ;
#1850 = CARTESIAN_POINT ( 'NONE',  ( 11.70000000000000300, -0.01000000000000000000, -4.500000000000001800 ) ) ;
#1851 =( LENGTH_UNIT ( ) NAMED_UNIT ( * ) SI_UNIT ( .MILLI., .METRE. ) );
#1852 = CARTESIAN_POINT ( 'NONE',  ( 2.050000000000001600, 0.2900000000000003100, -3.000000000000000900 ) ) ;
#1853 = LINE ( 'NONE', #1581, #1443 ) ;
#1854 = CARTESIAN_POINT ( 'NONE',  ( 16.39378221735088900, 2.500000000000004000, 0.0000000000000000000 ) ) ;
#1855 =( GEOMETRIC_REPRESENTATION_CONTEXT ( 3 ) GLOBAL_UNCERTAINTY_ASSIGNED_CONTEXT ( ( #1459 ) ) GLOBAL_UNIT_ASSIGNED_CONTEXT ( ( #1851, #936, #40 ) ) REPRESENTATION_CONTEXT ( 'NONE', 'WORKASPACE' ) );
#1856 = EDGE_CURVE ( 'NONE', #984, #1729, #789, .T. ) ;
#1857 = UNCERTAINTY_MEASURE_WITH_UNIT (LENGTH_MEASURE( 1.000000000000000100E-005 ), #207, 'distance_accuracy_value', 'NONE');
#1858 = PRESENTATION_STYLE_ASSIGNMENT (( #1003 ) ) ;
#1859 = SURFACE_STYLE_USAGE ( .BOTH. , #792 ) ;
#1860 =( NAMED_UNIT ( * ) PLANE_ANGLE_UNIT ( ) SI_UNIT ( $, .RADIAN. ) );
#1861 = CARTESIAN_POINT ( 'NONE',  ( 11.70000000000000300, 0.2000000000000000100, -4.500000000000001800 ) ) ;
#1862 = VECTOR ( 'NONE', #1734, 1000.000000000000000 ) ;
#1863 = CARTESIAN_POINT ( 'NONE',  ( 4.000000000000001800, 3.686287386450715100E-015, 0.0000000000000000000 ) ) ;
#1864 = COLOUR_RGB ( '',0.7529411764705882200, 0.7529411764705882200, 0.7529411764705882200 ) ;
#1865 = VECTOR ( 'NONE', #1792, 1000.000000000000000 ) ;
#1866 = FACE_OUTER_BOUND ( 'NONE', #1795, .T. ) ;
#1867 = SURFACE_STYLE_USAGE ( .BOTH. , #803 ) ;
#1868 = SURFACE_SIDE_STYLE ('',( #1490 ) ) ;
#1869 =( GEOMETRIC_REPRESENTATION_CONTEXT ( 3 ) GLOBAL_UNCERTAINTY_ASSIGNED_CONTEXT ( ( #594 ) ) GLOBAL_UNIT_ASSIGNED_CONTEXT ( ( #921, #29, #1075 ) ) REPRESENTATION_CONTEXT ( 'NONE', 'WORKASPACE' ) );
#1870 = CARTESIAN_POINT ( 'NONE',  ( 9.700000000000002800, 3.793732670585586200E-015, 3.000000000000000900 ) ) ;
#1871 = ORIENTED_EDGE ( 'NONE', *, *, #689, .F. ) ;
#1872 = FILL_AREA_STYLE ('',( #1882 ) ) ;
#1873 = ORIENTED_EDGE ( 'NONE', *, *, #1263, .F. ) ;
#1874 = CARTESIAN_POINT ( 'NONE',  ( 0.0000000000000000000, 3.793732670585586200E-015, -3.000000000000000900 ) ) ;
#1875 = ORIENTED_EDGE ( 'NONE', *, *, #930, .F. ) ;
#1876 = AXIS2_PLACEMENT_3D ( 'NONE', #677, #91, #1134 ) ;
#1877 = STYLED_ITEM ( 'NONE', ( #3 ), #150 ) ;
#1878 = CYLINDRICAL_SURFACE ( 'NONE', #192, 0.7500000000000003300 ) ;
#1879 = CARTESIAN_POINT ( 'NONE',  ( 17.00000000000000000, 2.500000000000004000, 0.0000000000000000000 ) ) ;
#1880 = DIRECTION ( 'NONE',  ( -1.000000000000000000, 0.0000000000000000000, 0.0000000000000000000 ) ) ;
#1881 = VECTOR ( 'NONE', #748, 1000.000000000000000 ) ;
#1882 = FILL_AREA_STYLE_COLOUR ( '', #1802 ) ;
#1883 = FACE_OUTER_BOUND ( 'NONE', #239, .T. ) ;
#1884 = FILL_AREA_STYLE_COLOUR ( '', #1449 ) ;
#1885 = UNCERTAINTY_MEASURE_WITH_UNIT (LENGTH_MEASURE( 1.000000000000000100E-005 ), #436, 'distance_accuracy_value', 'NONE');
#1886 = UNCERTAINTY_MEASURE_WITH_UNIT (LENGTH_MEASURE( 1.000000000000000100E-005 ), #324, 'distance_accuracy_value', 'NONE');
#1887 = PLANE ( 'NONE',  #877 ) ;
#1888 = AXIS2_PLACEMENT_3D ( 'NONE', #425, #579, #1617 ) ;
#1889 = LINE ( 'NONE', #1373, #1825 ) ;
#1890 = EDGE_CURVE ( 'NONE', #605, #681, #1593, .T. ) ;
#1891 = CARTESIAN_POINT ( 'NONE',  ( 11.00000000000000200, -1.000000000000000000, 0.0000000000000000000 ) ) ;
#1892 = CIRCLE ( 'NONE', #763, 0.5999999999999947600 ) ;
#1893 = PRESENTATION_LAYER_ASSIGNMENT (  '', '', ( #1784 ) ) ;
#1894 = PRESENTATION_STYLE_ASSIGNMENT (( #603 ) ) ;
#1895 = DIRECTION ( 'NONE',  ( -0.0000000000000000000, 0.0000000000000000000, -1.000000000000000000 ) ) ;
#1896 = ORIENTED_EDGE ( 'NONE', *, *, #60, .T. ) ;
#1897 = VERTEX_POINT ( 'NONE', #213 ) ;
#1898 = FILL_AREA_STYLE_COLOUR ( '', #1864 ) ;
#1899 = VERTEX_POINT ( 'NONE', #1407 ) ;
#1900 = ORIENTED_EDGE ( 'NONE', *, *, #148, .F. ) ;
#1901 = MECHANICAL_DESIGN_GEOMETRIC_PRESENTATION_REPRESENTATION (  '', ( #1583 ), #30 ) ;
#1902 = CARTESIAN_POINT ( 'NONE',  ( 11.00000000000000200, -1.000000000000000000, 0.0000000000000000000 ) ) ;
#1903 = EDGE_CURVE ( 'NONE', #1295, #728, #1958, .T. ) ;
#1904 =( NAMED_UNIT ( * ) SI_UNIT ( $, .STERADIAN. ) SOLID_ANGLE_UNIT ( ) );
#1905 = LINE ( 'NONE', #1216, #685 ) ;
#1906 = VERTEX_POINT ( 'NONE', #365 ) ;
#1907 = DIRECTION ( 'NONE',  ( 0.0000000000000000000, 0.0000000000000000000, -1.000000000000000000 ) ) ;
#1908 = DIRECTION ( 'NONE',  ( 0.0000000000000000000, 0.0000000000000000000, -1.000000000000000000 ) ) ;
#1909 = VECTOR ( 'NONE', #1141, 1000.000000000000000 ) ;
#1910 = DIRECTION ( 'NONE',  ( -1.000000000000000000, -0.0000000000000000000, -0.0000000000000000000 ) ) ;
#1911 =( NAMED_UNIT ( * ) SI_UNIT ( $, .STERADIAN. ) SOLID_ANGLE_UNIT ( ) );
#1912 = CARTESIAN_POINT ( 'NONE',  ( 14.50000000000000000, 5.000000000000003600, 3.000000000000000000 ) ) ;
#1913 = LINE ( 'NONE', #1395, #343 ) ;
#1914 = DIRECTION ( 'NONE',  ( 0.0000000000000000000, -1.000000000000000000, 0.0000000000000000000 ) ) ;
#1915 =( NAMED_UNIT ( * ) PLANE_ANGLE_UNIT ( ) SI_UNIT ( $, .RADIAN. ) );
#1916 = AXIS2_PLACEMENT_3D ( 'NONE', #6, #1053, #161 ) ;
#1917 = EDGE_CURVE ( 'NONE', #233, #75, #438, .T. ) ;
#1918 = VECTOR ( 'NONE', #964, 1000.000000000000000 ) ;
#1919 = VECTOR ( 'NONE', #675, 1000.000000000000000 ) ;
#1920 = LINE ( 'NONE', #1787, #886 ) ;
#1921 =( GEOMETRIC_REPRESENTATION_CONTEXT ( 3 ) GLOBAL_UNCERTAINTY_ASSIGNED_CONTEXT ( ( #1293 ) ) GLOBAL_UNIT_ASSIGNED_CONTEXT ( ( #1429, #538, #1588 ) ) REPRESENTATION_CONTEXT ( 'NONE', 'WORKASPACE' ) );
#1922 = DIRECTION ( 'NONE',  ( 0.0000000000000000000, 0.0000000000000000000, -1.000000000000000000 ) ) ;
#1923 = CARTESIAN_POINT ( 'NONE',  ( 14.50000000000000000, 5.000000000000003600, -3.000000000000000000 ) ) ;
#1924 = SURFACE_SIDE_STYLE ('',( #35 ) ) ;
#1925 = CARTESIAN_POINT ( 'NONE',  ( 14.50000000000000000, 3.793732670585586200E-015, -3.000000000000000900 ) ) ;
#1926 = EDGE_LOOP ( 'NONE', ( #801, #959, #271, #1525, #73, #283 ) ) ;
#1927 = ORIENTED_EDGE ( 'NONE', *, *, #780, .T. ) ;
#1928 = FILL_AREA_STYLE ('',( #382 ) ) ;
#1929 = CARTESIAN_POINT ( 'NONE',  ( -0.001000000000001000100, 2.500000000000004400, 1.800000000000000000 ) ) ;
#1930 = AXIS2_PLACEMENT_3D ( 'NONE', #412, #1465, #569 ) ;
#1931 = DIRECTION ( 'NONE',  ( 0.0000000000000000000, 0.0000000000000000000, 1.000000000000000000 ) ) ;
#1932 = SURFACE_SIDE_STYLE ('',( #1040 ) ) ;
#1933 = EDGE_CURVE ( 'NONE', #909, #1382, #1545, .T. ) ;
#1934 = CARTESIAN_POINT ( 'NONE',  ( 11.70000000000000300, 0.2000000000000000100, -4.500000000000001800 ) ) ;
#1935 = LINE ( 'NONE', #578, #746 ) ;
#1936 = PRESENTATION_LAYER_ASSIGNMENT (  '', '', ( #1814 ) ) ;
#1937 =( NAMED_UNIT ( * ) PLANE_ANGLE_UNIT ( ) SI_UNIT ( $, .RADIAN. ) );
#1938 = CARTESIAN_POINT ( 'NONE',  ( 2.050000000000002500, 0.2899999999999999800, -4.300000000000002500 ) ) ;
#1939 = TOROIDAL_SURFACE ( 'NONE', #1438, 2.150000000000000400, 0.3499999999999999800 ) ;
#1940 =( GEOMETRIC_REPRESENTATION_CONTEXT ( 3 ) GLOBAL_UNCERTAINTY_ASSIGNED_CONTEXT ( ( #105 ) ) GLOBAL_UNIT_ASSIGNED_CONTEXT ( ( #219, #1259, #368 ) ) REPRESENTATION_CONTEXT ( 'NONE', 'WORKASPACE' ) );
#1941 =( NAMED_UNIT ( * ) SI_UNIT ( $, .STERADIAN. ) SOLID_ANGLE_UNIT ( ) );
#1942 = COLOUR_RGB ( '',0.7529411764705882200, 0.7529411764705882200, 0.7529411764705882200 ) ;
#1943 =( LENGTH_UNIT ( ) NAMED_UNIT ( * ) SI_UNIT ( .MILLI., .METRE. ) );
#1944 = STYLED_ITEM ( 'NONE', ( #1763 ), #306 ) ;
#1945 = VECTOR ( 'NONE', #1143, 1000.000000000000200 ) ;
#1946 = ORIENTED_EDGE ( 'NONE', *, *, #1543, .F. ) ;
#1947 = ORIENTED_EDGE ( 'NONE', *, *, #1503, .T. ) ;
#1948 =( NAMED_UNIT ( * ) PLANE_ANGLE_UNIT ( ) SI_UNIT ( $, .RADIAN. ) );
#1949 = VERTEX_POINT ( 'NONE', #1264 ) ;
#1950 = ORIENTED_EDGE ( 'NONE', *, *, #1960, .F. ) ;
#1951 = ORIENTED_EDGE ( 'NONE', *, *, #1743, .T. ) ;
#1952 = AXIS2_PLACEMENT_3D ( 'NONE', #1328, #429, #1477 ) ;
#1953 = EDGE_CURVE ( 'NONE', #140, #402, #1495, .T. ) ;
#1954 = FILL_AREA_STYLE_COLOUR ( '', #260 ) ;
#1955 = PRESENTATION_LAYER_ASSIGNMENT (  '', '', ( #93 ) ) ;
#1956 = FILL_AREA_STYLE_COLOUR ( '', #1667 ) ;
#1957 = PRESENTATION_STYLE_ASSIGNMENT (( #1103 ) ) ;
#1958 = LINE ( 'NONE', #61, #735 ) ;
#1959 = PRESENTATION_LAYER_ASSIGNMENT (  '', '', ( #99 ) ) ;
#1960 = EDGE_CURVE ( 'NONE', #726, #704, #1088, .T. ) ;
#1961 = LINE ( 'NONE', #1415, #736 ) ;
#1962 = CARTESIAN_POINT ( 'NONE',  ( 11.00000000000000200, 3.686287386450715100E-015, 0.0000000000000000000 ) ) ;
#1963 = VERTEX_POINT ( 'NONE', #1111 ) ;
#1964 = ORIENTED_EDGE ( 'NONE', *, *, #1178, .T. ) ;
#1965 = ADVANCED_FACE ( 'NONE', ( #347 ), #1666, .T. ) ;
#1966 = ORIENTED_EDGE ( 'NONE', *, *, #1543, .T. ) ;
#1967 = SURFACE_STYLE_FILL_AREA ( #459 ) ;
ENDSEC;
END-ISO-10303-21;
